抓取时间,bond_id,bond_nm,bond_py,price,increase_rt,stock_id,stock_nm,stock_py,sprice,sincrease_rt,pb,convert_price,convert_value,convert_begin,premium_rt,dblow,sw_cd,sw_name,market_cd,btype,list_dt,t_flag,owned,hold,bond_value,rating_cd,option_value,put_convert_price,force_redeem_price,convert_amt_ratio,fund_rt,maturity_dt,year_left,curr_iss_amt,volume,svolume,turnover_rt,ytm_rt,put_ytm_rt,noted,last_time,qstatus,sqflag,pb_flag,adj_cnt,adj_scnt,convert_price_valid,convert_price_tips,convert_cd_tip,ref_yield_info,adjusted,orig_iss_amt,price_tips,redeem_dt,real_force_redeem_price,option_tip,after_next_put_dt,icons,is_min_price,blocked,putting,force_redeem_price_tip,notes,volatility_rate,debt_rate
2026-05-18 11:30:54,118018,瑞科转债,rkzz,156.865,2.12,688323,瑞华泰,rht,33.13,3.56,7.11,21.0,157.76,0,-0.57,156.3,220505,基础化工,shkc,C,2022-09-14,[],0,0,buy,A,,14.7,27.3,6.5,buy,2028-08-18,2.255,3.918,84137.41,56087.03,135.89,-13.67,,0,14:59:58,00,Y,N,1,1,Y,转股价下修1次，成功下修1次,2023-02-24 开始转股,计算使用2.3年期 评级为A 债参考YTM：6.8292,N,4.3,全价：156.865 最后更新：14:59:58,,,,0,{'M': ''},0,0,N,,,buy,buy
2026-05-18 11:30:54,123236,家联转债,jlzz,161.99,3.43,301193,家联科技,jlkj,24.96,4.0,3.98,15.33,162.82,0,-0.51,161.48,360311,轻工制造,szcy,C,2024-01-18,[],0,0,buy,AA-,,10.731,19.929,2.3,buy,2029-12-22,,1.011,65305.51,30227.47,391.08,,,0,15:34:48,00,Y,N,1,1,Y,转股价下修1次，成功下修1次,2024-06-28 开始转股,强赎登记日2026-05-22，赎回价格100.344元，如不考虑强赎纯债价值为109.07元，计算使用3.6年期 评级为AA- 债参考YTM：2.5189,N,7.5,全价：161.990 最后更新：15:34:48,2026-05-22,100.344,如不考虑强赎期权价值为93.92元,0,"{'R': '最后交易日：2026年5月22日\r\n最后转股日：2026年5月27日\r\n赎回价：100.344元/张', 'M': ''}",0,0,N,,,buy,buy
2026-05-18 11:30:54,118004,Z博瑞转,brzz,175.848,-1.72,688166,博瑞医药,bryy,61.37,-1.6,10.42,34.74,176.66,0,-0.46,175.39,370101,医药生物,shkc,C,2022-01-27,[],0,0,buy,AA-,,24.318,45.162,0.1,buy,2028-01-04,,0.173,20725.24,47408.73,673.78,,,0,14:59:59,00,Y,N,0,0,Y,,2022-07-11 开始转股,强赎登记日2026-05-18，赎回价格100.945元，如不考虑强赎纯债价值为113.81元，计算使用1.7年期 评级为AA- 债参考YTM：2.0050,N,4.65,全价：175.848 最后更新：14:59:59,2026-05-18,100.945,如不考虑强赎期权价值为92.01元,1,"{'R': '最后交易日 2026年5月18日\r\n最后转股日 2026年5月21日\r\n赎回价 100.9452元/张', 'M': ''}",0,0,N,,,buy,buy
2026-05-18 11:30:54,111010,立昂转债,lazz,148.656,-2.94,605358,立昂微,law,50.15,-2.83,4.67,33.59,149.3,0,-0.43,148.23,270103,电子,shmb,C,2022-12-07,[],0,0,buy,AA,,23.513,43.667,9.0,buy,2028-11-14,2.496,30.729,59728.96,210973.39,12.87,-9.83,,0,14:59:59,00,Y,N,1,1,Y,转股价下修1次，成功下修1次,2023-05-18 开始转股,计算使用2.5年期 评级为AA 债参考YTM：1.7653,N,33.9,全价：148.656 最后更新：14:59:59,,,,0,{'M': ''},0,0,N,,,buy,buy
2026-05-18 11:30:54,123121,帝尔转债,dezz,193.247,-2.35,300776,帝尔激光,dejg,142.7,-2.96,9.58,73.56,193.99,0,-0.38,192.87,630505,电力设备,szcy,C,2021-08-27,[],0,0,buy,AA-,,51.492,95.628,2.4,buy,2027-08-05,,5.833,228795.45,270639.19,194.63,,,0,15:34:21,00,Y,N,0,0,Y,,2022-02-11 开始转股,强赎登记日2026-05-28，赎回价格102.068元，如不考虑强赎纯债价值为114.84元，计算使用1.3年期 评级为AA- 债参考YTM：1.9374,N,8.4,全价：193.247 最后更新：15:34:21,2026-05-28,102.068,如不考虑强赎期权价值为101.47元,1,"{'R': '最后交易日 2026年5月28日\r\n最后转股日 2026年6月2日\r\n赎回价 102.068元/张', 'M': ''}",0,0,N,,,buy,buy
2026-05-18 11:30:54,111005,富春转债,fczz,146.971,-5.92,605189,富春染织,fcrz,17.67,-6.11,1.72,11.98,147.5,0,-0.36,146.61,350104,纺织服饰,shmb,C,2022-07-25,[],0,0,buy,AA-,,8.386,15.574,5.8,buy,2028-06-23,,2.235,41012.59,36853.84,123.46,,,0,14:59:58,00,Y,N,1,1,Y,转股价下修1次，成功下修1次,2022-12-29 开始转股,强赎登记日2026-05-25，赎回价格101.397元，如不考虑强赎纯债价值为106.92元，计算使用2.2年期 评级为AA- 债参考YTM：2.1062,N,5.7,全价：146.971 最后更新：14:59:58,2026-05-25,101.397,如不考虑强赎期权价值为62.98元,0,{'R': '最后交易日 2026年5月25日\r\n最后转股日 2026年5月28日\r\n赎回价 101.3973元/张'},0,0,N,,,buy,buy
2026-05-18 11:30:54,111013,新港转债,xgzz,126.594,-2.93,605162,新中港,xzg,11.01,-2.82,3.42,8.67,126.99,0,-0.31,126.28,410104,公用事业,shmb,C,2023-05-05,[],0,0,buy,AA-,,6.069,11.271,5.0,buy,2029-03-08,,2.282,19018.35,15058.35,65.73,,,0,14:59:58,00,Y,N,0,0,Y,,2023-09-14 开始转股,强赎登记日2026-05-27，赎回价格100.353元，如不考虑强赎纯债价值为111.29元，计算使用2.9年期 评级为AA- 债参考YTM：2.3619,N,3.691,全价：126.594 最后更新：14:59:58,2026-05-27,100.353,如不考虑强赎期权价值为53.61元,0,{'R': '最后交易日 2026年5月27日\r\n最后转股日 2026年6月1日\r\n赎回价 100.3534元/张'},0,0,N,,,buy,buy
2026-05-18 11:30:54,127024,盈峰转债,yfzz,170.297,-2.13,000967,盈峰环境,yfhj,13.1,-0.98,2.48,7.67,170.8,0,-0.29,170.01,760201,环保,szmb,C,2020-12-02,[],0,0,buy,AA+,,5.369,9.971,1.2,buy,2026-11-04,,5.285,73302.38,230089.17,81.27,,,0,15:34:06,00,Y,N,0,0,Y,,2021-05-10 开始转股,强赎登记日2026-05-25，赎回价格101.129元，如不考虑强赎纯债价值为109.26元，计算使用0.5年期 评级为AA+ 债参考YTM：1.4603,N,14.762,全价：170.297 最后更新：15:34:06,2026-05-25,101.129,如不考虑强赎期权价值为72.39元,1,"{'R': '最后交易日 2026年5月25日\r\n最后转股日 2026年5月28日\r\n赎回价 101.129元/张', 'M': ''}",0,0,N,,,buy,buy
2026-05-18 11:30:54,127041,弘亚转债,hyzz,124.95,-2.4,002833,弘亚数控,hysk,21.3,-1.43,2.96,17.0,125.29,0,-0.27,124.68,640209,机械设备,szmb,C,2021-08-10,[],0,0,buy,AA-,,11.9,22.1,8.9,buy,2026-07-12,0.151,5.541,12376.69,21692.22,17.63,-51.91,,0,15:34:15,00,Y,N,1,1,Y,转股价下修1次，成功下修1次,2022-01-17 开始转股,计算使用0.2年期 评级为AA- 债参考YTM：1.6854,N,6.0,全价：124.950 最后更新：15:34:15,,,,1,[],0,0,N,,,buy,buy
2026-05-18 11:30:54,123126,瑞丰转债,rfzz,165.38,5.02,300243,瑞丰高材,rfgc,19.3,5.23,4.33,11.64,165.81,0,-0.26,165.12,220501,基础化工,szcy,C,2021-10-18,[],0,0,buy,A,,8.148,15.132,2.8,buy,2027-09-10,,1.171,104735.33,52114.51,539.23,,,0,15:34:18,00,Y,N,1,1,Y,转股价下修1次，成功下修1次,2022-03-16 开始转股,强赎登记日2026-05-26，赎回价格102.532元，如不考虑强赎纯债价值为113.72元，计算使用1.4年期 评级为A 债参考YTM：6.6414,N,3.4,全价：165.380 最后更新：15:34:18,2026-05-26,102.532,如不考虑强赎期权价值为75.19元,1,{'R': '最后交易日 2026年5月26日\r\n最后转股日 2026年5月29日\r\n赎回价 102.532元/张'},0,0,N,,,buy,buy
2026-05-18 11:30:54,123243,严牌转债,ypzz,259.998,-6.33,301081,严牌股份,ypgf,18.95,-6.65,3.86,7.27,260.66,0,-0.25,259.75,760201,环保,szcy,C,2024-07-26,[],0,0,buy,A+,,5.089,9.451,7.0,buy,2030-07-10,4.148,2.909,103334.19,33098.89,136.24,-17.47,,0,15:34:48,00,Y,N,0,0,Y,,2025-01-16 开始转股,计算使用4.2年期 评级为A+ 债参考YTM：4.9680,N,4.679,全价：259.998 最后更新：15:34:48,,,,0,{'M': ''},0,0,N,,,buy,buy
2026-05-18 11:30:54,118033,华特转债,htzz,217.386,-4.36,688268,华特气体,htqt,179.95,-5.88,10.58,82.75,217.46,0,-0.04,217.35,270601,电子,shkc,C,2023-04-14,[],0,0,buy,AA-,,57.925,107.575,1.8,buy,2029-03-21,2.844,3.975,270933.38,182132.45,310.09,-19.45,,0,15:00:00,00,Y,N,0,0,Y,,2023-09-27 开始转股,已公告要强赎，如不考虑强赎纯债价值为111.01元，计算使用2.9年期 评级为AA- 债参考YTM：2.3619,N,6.46,全价：217.386 最后更新：15:00:00,,,如不考虑强赎期权价值为143.28元,0,"{'O': '', 'M': ''}",0,0,N,,,buy,buy
2026-05-18 11:30:54,118041,星球转债,xqzz,158.212,-3.4,688633,星球石墨,xqsm,36.41,-5.67,2.91,23.14,157.35,0,0.55,158.76,640203,机械设备,shkc,C,2023-08-22,[],0,0,buy,A+,,16.198,30.082,9.7,buy,2029-07-31,3.206,5.244,38912.74,33750.62,46.68,-8.62,,0,15:00:00,00,Y,N,0,0,Y,,2024-02-05 开始转股,计算使用3.3年期 评级为A+ 债参考YTM：4.8275,N,6.2,全价：158.212 最后更新：15:00:00,,,,0,{'M': ''},0,0,N,,,buy,buy
2026-05-18 11:30:54,123198,金埔转债,jpzz,141.26,-0.16,301098,金埔园林,jpyl,10.6,1.05,1.84,7.55,140.4,0,0.61,141.87,620307,建筑装饰,szcy,C,2023-07-07,[],0,0,buy,A,,5.285,9.815,20.3,buy,2029-06-08,3.06,3.238,8485.06,12462.6,18.52,-5.29,,0,15:33:54,00,Y,N,1,1,Y,转股价下修1次，成功下修1次,2023-12-14 开始转股,计算使用3.1年期 评级为A 债参考YTM：7.1294,N,5.2,全价：141.260 最后更新：15:33:54,,,,0,{'M': ''},0,0,N,,,buy,buy
2026-05-18 11:30:54,123054,思特转债,stzz,156.81,5.95,300608,思特奇,stq,15.38,6.07,3.95,9.88,155.67,0,0.73,157.54,710401,计算机,szcy,C,2020-07-06,[],0,0,buy,AA-,,6.916,12.844,2.0,buy,2026-06-10,,0.897,156982.63,109231.11,1054.96,,,0,15:34:06,00,Y,N,0,0,Y,,2020-12-16 开始转股,强赎登记日2026-05-25，赎回价格102.900元，如不考虑强赎纯债价值为114.88元，计算使用0.1年期 评级为AA- 债参考YTM：1.6673,N,2.71,全价：156.810 最后更新：15:34:06,2026-05-25,102.900,如不考虑强赎期权价值为55.78元,1,{'R': '最后交易日 2026年5月25日\r\n最后转股日 2026年5月28日\r\n赎回价 102.90元/张'},0,0,N,,,buy,buy
2026-05-18 11:30:54,127026,超声转债,cszz,136.295,-1.24,000823,超声电子,csdz,16.26,-0.12,1.78,12.02,135.28,0,0.75,137.05,270202,电子,szmb,C,2021-01-14,[],0,0,buy,AA,,8.414,15.626,8.0,buy,2026-12-08,0.559,6.995,11008.2,40950.99,11.43,-37.33,,0,15:34:09,00,Y,N,0,0,Y,,2021-06-15 开始转股,计算使用0.6年期 评级为AA 债参考YTM：1.4937,N,7.0,全价：136.295 最后更新：15:34:09,,,,1,{'M': ''},0,0,N,,,buy,buy
2026-05-18 11:30:54,127090,兴瑞转债,xrzz,143.0,2.1,002937,兴瑞科技,xrkj,36.01,6.57,6.84,25.5,141.22,0,1.26,144.26,280206,汽车,szmb,C,2023-08-15,[],0,0,buy,AA-,,17.85,33.15,4.3,buy,2029-07-24,3.186,4.616,20679.91,49889.08,31.91,-5.89,,0,15:34:27,00,Y,N,0,0,N,2026-05-18 起暂停转股：权益分派,2024-01-29 开始转股;2026-05-18 起暂停转股：权益分派,计算使用3.2年期 评级为AA- 债参考YTM：2.4538,N,4.62,全价：143.000 最后更新：15:34:27,,,,0,{'M': ''},0,0,N,,,buy,buy
2026-05-18 11:30:54,118016,京源转债,jyzz,173.783,-1.2,688096,京源环保,jyhb,11.82,-1.25,3.3,6.91,171.06,0,1.59,175.37,760102,环保,shkc,C,2022-08-25,[],0,0,buy,A,,4.837,8.983,6.0,buy,2028-08-05,2.219,1.675,20674.42,15542.0,69.64,-15.86,,0,14:59:59,00,Y,N,0,0,Y,,2023-02-13 开始转股,计算使用2.3年期 评级为A 债参考YTM：6.8292,N,3.325,全价：173.783 最后更新：14:59:59,,,,0,{'M': ''},0,0,N,,,buy,buy
2026-05-18 11:30:54,123061,航新转债,hxzz,130.95,-1.31,300424,航新科技,hxkj,19.06,-0.99,6.36,14.82,128.61,0,1.82,132.77,650201,国防军工,szcy,C,2020-08-18,[],0,0,buy,BBB,,10.374,19.266,3.6,buy,2026-07-22,0.178,1.674,4449.85,18693.83,20.22,-56.41,,0,15:34:06,00,Y,N,0,0,Y,,2021-01-28 开始转股,计算使用0.2年期 评级为BBB 债参考YTM：14.7226,N,2.5,全价：130.950 最后更新：15:34:06,,,,1,[],0,0,N,,,buy,buy
2026-05-18 11:30:54,113597,佳力转债,jlzz,131.932,-2.91,603912,佳力图,jlt,11.24,-2.85,3.45,8.68,129.49,0,1.88,133.81,640105,机械设备,shmb,C,2020-08-21,[],0,0,buy,AA-,,6.076,11.284,4.9,buy,2026-07-30,0.2,2.97,17462.82,33267.22,44.03,-53.52,,0,14:59:58,00,Y,N,1,1,Y,转股价下修1次，成功下修1次,2021-02-05 开始转股,计算使用0.2年期 评级为AA- 债参考YTM：1.6854,N,3.0,全价：131.932 最后更新：14:59:58,,,,1,[],0,0,N,,,buy,buy
2026-05-18 11:30:54,123207,冠中转债,gzzz,219.244,1.83,300948,冠中生态,gzst,22.46,1.95,3.71,10.44,215.13,0,1.91,221.15,620307,建筑装饰,szcy,C,2023-08-09,[],0,0,buy,A-,,7.308,13.572,5.4,buy,2029-07-21,3.178,1.83,16193.2,8273.33,40.52,-17.57,,0,15:34:39,00,Y,N,1,1,Y,转股价下修1次，成功下修1次,2024-01-29 开始转股,计算使用3.2年期 评级为A- 债参考YTM：9.5058,N,4.0,全价：219.244 最后更新：15:34:39,,,,0,"{'G': '本次（2026年1月29日至2026年2月26日）不提前赎回，自2026年5月26日后首个交易日重新计算', 'M': ''}",0,0,N,,,buy,buy
2026-05-18 11:30:54,111023,利柏转债,lbzz,161.932,0.07,605167,利柏特,lbt,19.27,-1.33,4.18,12.14,158.73,0,2.02,163.95,620402,建筑装饰,shmb,C,2025-07-22,[],0,0,buy,AA,,8.498,15.782,8.7,buy,2031-07-03,5.129,7.496,16499.0,10430.4,13.57,-6.7,,0,14:59:59,00,Y,N,0,0,Y,,2026-01-09 开始转股,计算使用5.2年期 评级为AA 债参考YTM：2.1569,N,7.5,全价：161.932 最后更新：14:59:59,,,,0,[],0,0,N,,,buy,buy
2026-05-18 11:30:54,128137,洁美转债,jmzz,201.9,0.9,002859,洁美科技,jmkj,52.35,1.63,7.1,26.46,197.85,0,2.05,203.95,270401,电子,szmb,C,2020-12-01,[],0,0,buy,AA-,,18.522,34.398,2.8,buy,2026-11-04,0.466,5.909,45772.95,68896.91,38.12,-96.17,,0,15:33:54,00,Y,N,0,0,N,2026-05-18 起暂停转股：权益分派,2021-05-10 开始转股;2026-05-18 起暂停转股：权益分派,计算使用0.5年期 评级为AA- 债参考YTM：1.7403,N,6.0,全价：201.900 最后更新：15:33:54,,,,1,{'M': ''},0,0,N,,,buy,buy
2026-05-18 11:30:54,118057,甬矽转债,yxzz,170.992,-4.92,688362,甬矽电子,yxdz,47.5,-5.57,7.38,28.36,167.49,0,2.09,173.08,270107,电子,shkc,C,2025-07-16,[],0,0,buy,A+,,19.852,36.868,6.0,buy,2031-06-26,5.11,11.641,62845.72,174079.36,30.52,-7.13,,0,14:59:59,00,Y,N,0,0,Y,,2026-01-05 开始转股,计算使用5.2年期 评级为A+ 债参考YTM：5.1674,N,11.65,全价：170.992 最后更新：14:59:59,,,,0,{'M': ''},0,0,N,,,buy,buy
2026-05-18 11:30:54,113644,艾迪转债,adzz,142.889,1.38,603638,艾迪精密,adjm,26.06,-0.27,5.69,18.65,139.73,0,2.26,145.15,640602,机械设备,shmb,C,2022-05-12,[],0,0,buy,AA-,,13.055,24.245,4.6,buy,2028-04-15,1.912,9.999,22933.16,25593.52,16.05,-10.02,,0,14:59:57,00,Y,N,1,1,Y,转股价下修1次，成功下修1次,2022-11-18 开始转股,计算使用2.0年期 评级为AA- 债参考YTM：2.0557,N,10.0,全价：142.889 最后更新：14:59:57,,,,1,{'M': ''},0,0,N,,,buy,buy
2026-05-18 11:30:54,128121,宏川转债,hczz,119.5,-3.16,002930,宏川智慧,hczh,14.78,-2.44,3.21,12.65,116.84,0,2.28,121.78,420806,交通运输,szmb,C,2020-08-07,[],0,0,buy,AA-,,8.855,16.445,10.1,buy,2026-07-17,0.164,6.466,14854.23,23937.94,18.76,-59.55,,0,15:34:42,00,Y,N,2,2,Y,转股价下修2次，成功下修2次,2021-01-25 开始转股,计算使用0.2年期 评级为AA- 债参考YTM：1.6854,N,6.7,全价：119.500 最后更新：15:34:42,,,,0,{'M': ''},0,0,N,,,buy,buy
2026-05-18 11:30:54,127066,科利转债,klzz,139.888,5.08,002850,科达利,kdl,203.1,4.41,4.04,148.7,136.58,0,2.42,142.31,630701,电力设备,szmb,C,2022-08-03,[],0,0,buy,AA,,104.09,193.31,3.8,buy,2028-07-08,2.143,15.332,65138.55,157505.38,30.73,-9.55,,0,15:34:24,00,Y,N,0,0,Y,,2023-01-16 开始转股,如不考虑强赎纯债价值为109.31元，计算使用2.2年期 评级为AA 债参考YTM：1.7228,N,15.344,全价：139.888 最后更新：15:34:24,,,,0,"{'B': '', 'M': ''}",0,0,N,,,buy,buy
2026-05-18 11:30:54,110077,洪城转债,hczz,218.543,-0.19,600461,洪城环境,hchj,10.3,-0.19,1.28,4.88,211.07,0,3.54,222.08,760102,环保,shmb,C,2020-12-17,[],0,0,buy,AA+,,3.416,6.344,5.1,buy,2026-11-20,0.51,6.685,4083.0,9279.54,2.78,-98.0,,0,14:59:55,00,Y,N,0,0,Y,,2021-05-26 开始转股,计算使用0.6年期 评级为AA+ 债参考YTM：1.4637,N,18.0,全价：218.543 最后更新：14:59:55,,,,1,"{'G': '本次（2025年6月22日至2025年7月11日）不提前赎回，以2026年7月12日为首个交易日重新计算', 'M': ''}",0,0,N,,,buy,buy
2026-05-18 11:30:54,123188,水羊转债,syzz,195.425,-1.3,300740,水羊股份,sygf,25.47,-1.47,4.39,13.54,188.11,0,3.89,199.32,770202,美容护理,szcy,C,2023-04-25,[],0,0,buy,A+,,9.478,17.602,7.0,buy,2029-04-04,2.882,6.422,7127.3,28205.83,5.68,-15.98,,0,15:34:36,00,Y,N,0,0,Y,,2023-10-11 开始转股,计算使用2.9年期 评级为A+ 债参考YTM：4.7108,N,6.95,全价：195.425 最后更新：15:34:36,,,,0,"{'G': '本次（2026年3月2日至2026年3月20日）不提前赎回，自2026年6月20日后首个交易日重新计算', 'M': ''}",0,0,N,,,buy,buy
2026-05-18 11:30:54,127047,帝欧转债,dozz,169.99,1.27,002798,帝欧水华,dosh,8.31,0.36,2.61,5.1,162.94,0,4.33,174.32,360306,轻工制造,szmb,C,2021-11-26,[],0,0,buy,A-,,3.57,6.63,10.8,buy,2027-10-25,1.438,4.655,11411.2,14710.4,14.42,-23.08,,0,15:34:15,00,Y,N,1,1,Y,转股价下修1次，成功下修1次,2022-04-29 开始转股,计算使用1.5年期 评级为A- 债参考YTM：9.0093,N,15.0,全价：169.990 最后更新：15:34:15,,,,1,{'G': '本次（2026年4月15日至2026年5月8日）不提前赎回，以2026年8月8日后首个交易日起重新计算'},0,0,N,,,buy,buy
2026-05-18 11:30:54,110074,精达转债,jdzz,452.919,-1.27,600577,精达股份,jdgf,14.15,0.57,4.85,3.26,434.05,0,4.35,457.27,630805,电力设备,shmb,C,2020-09-21,[],0,0,buy,AA,,2.282,4.238,0.9,buy,2026-08-19,0.255,2.637,33467.2,93159.46,27.73,-298.58,,0,14:59:58,00,Y,N,0,0,Y,,2021-02-25 开始转股,计算使用0.3年期 评级为AA 债参考YTM：1.4899,N,7.87,全价：452.919 最后更新：14:59:58,,,,1,"{'G': '本次（2025年12月19日至2026年1月12日）不提前赎回，以2026年6月13日为首个交易日重新计算', 'M': ''}",0,0,N,,,buy,buy
2026-05-18 11:30:54,123251,华医转债,hyzz,346.0,8.81,301235,华康洁净,hkjj,73.7,12.5,4.17,22.43,328.58,0,5.3,351.3,370502,医药生物,szcy,C,2025-01-09,[],0,0,buy,A+,,15.701,29.159,13.1,buy,2030-12-23,4.603,7.012,200654.21,78560.89,82.23,-20.83,,0,15:34:51,00,Y,N,0,0,Y,,2025-06-27 开始转股,计算使用4.7年期 评级为A+ 债参考YTM：5.0395,N,7.5,全价：346.000 最后更新：15:34:51,,,,0,"{'G': '本次（2025年11月20日至2025年12月15日）不提前赎回，自2026年6月15日后首个交易日重新计算', 'M': ''}",0,0,N,,,buy,buy
2026-05-18 11:30:54,127079,华亚转债,hyzz,208.229,2.0,003043,华亚智能,hyzn,60.72,1.56,4.38,30.73,197.59,0,5.38,213.61,270108,电子,szmb,C,2023-01-16,[],0,0,buy,A+,,21.511,39.949,6.1,buy,2028-12-16,2.584,3.106,20708.08,35124.44,31.99,-19.73,,0,15:33:57,00,Y,N,2,2,Y,转股价下修2次，成功下修2次,2023-06-26 开始转股,计算使用2.6年期 评级为A+ 债参考YTM：4.5923,N,3.4,全价：208.229 最后更新：15:33:57,,,,0,{'G': '本次（2026年1月28日至2026年2月25日）不提前赎回，以2026年5月26日作为首个交易日重新计算'},0,0,N,,,buy,buy
2026-05-18 11:30:54,127096,泰坦转债,ttzz,335.0,-0.18,003036,泰坦股份,ttgf,42.06,-1.84,6.05,13.27,316.96,0,5.69,340.69,640206,机械设备,szmb,C,2023-11-15,[],0,0,buy,A,,9.289,17.251,3.2,buy,2029-10-25,3.441,2.916,108087.95,53112.87,108.45,-26.14,,0,15:34:30,00,Y,N,0,0,Y,,2024-05-06 开始转股,计算使用3.5年期 评级为A 债参考YTM：7.2111,N,2.955,全价：335.000 最后更新：15:34:30,,,,0,{'G': '本次（2026年2月9日至2026年3月11日）不提前赎回，以2026年6月11日后首个交易日起重新计算'},0,0,N,,,buy,buy
2026-05-18 11:30:54,123091,长海转债,chzz,138.139,-2.03,300196,长海股份,chgf,19.56,-0.96,1.63,14.99,130.49,0,5.86,144.0,610202,建筑材料,szcy,C,2021-01-15,[],0,0,buy,AA,,10.493,19.487,11.4,buy,2026-12-23,0.6,5.497,21096.27,27522.55,27.32,-32.89,,0,15:34:12,00,Y,N,0,0,Y,,2021-06-29 开始转股,计算使用0.6年期 评级为AA 债参考YTM：1.4937,N,5.5,全价：138.139 最后更新：15:34:12,,,,1,[],0,0,N,,,buy,buy
2026-05-18 11:30:54,123118,惠城转债,hczz,494.1,1.35,300779,惠城环保,hchb,67.99,0.06,6.36,14.59,466.0,0,6.03,500.13,760103,环保,szcy,C,2021-07-26,[],0,0,buy,A+,,10.213,18.967,0.6,buy,2027-07-07,1.137,0.656,41067.91,36252.64,125.58,-72.2,,0,15:34:18,00,Y,N,0,0,Y,,2022-01-13 开始转股,计算使用1.2年期 评级为A+ 债参考YTM：4.2490,N,3.2,全价：494.100 最后更新：15:34:18,,,,1,{'M': ''},0,0,N,,,buy,buy
2026-05-18 11:30:54,123245,集智转债,jzzz,374.601,0.81,300553,集智股份,jzgf,63.72,0.16,8.32,18.11,351.85,0,6.47,381.07,640107,机械设备,szcy,C,2024-08-28,[],0,0,buy,A,,12.677,23.543,2.8,buy,2030-08-14,4.244,1.538,33254.28,33583.1,58.26,-23.77,,0,15:34:09,00,Y,N,0,0,Y,,2025-02-20 开始转股,计算使用4.3年期 评级为A 债参考YTM：7.3335,N,2.546,全价：374.601 最后更新：15:34:09,,,,0,{'G': '本次（2026年1月30日至2026年2月27日）不提前赎回，自2026年6月1日后首个交易日重新计算'},0,0,N,,,buy,buy
2026-05-18 11:30:54,113062,常银转债,cyzz,130.201,-0.33,601128,常熟银行,csyh,7.19,0.28,0.73,5.89,122.07,0,6.66,136.86,480501,银行,shmb,C,2022-10-17,[],0,0,buy,AAA,,,7.657,25.2,buy,2028-09-15,2.332,59.994,16296.83,26051.6,2.09,-7.33,,0,14:59:55,00,Y,N,0,0,Y,,2023-03-21 开始转股,计算使用2.4年期 评级为AAA 债参考YTM：1.6528,N,60.0,全价：130.201 最后更新：14:59:55,,,,0,{'M': ''},0,0,N,,,buy,buy
2026-05-18 11:30:54,123160,泰福转债,tfzz,169.7,2.1,300992,泰福泵业,tfby,31.38,2.85,3.32,19.77,158.73,0,6.91,176.61,640106,机械设备,szcy,C,2022-10-25,[],0,0,buy,A,,13.839,25.701,9.5,buy,2028-09-28,2.367,2.315,39225.16,12329.75,98.9,-14.1,,0,15:34:18,00,Y,N,1,1,Y,转股价下修1次，成功下修1次,2023-04-11 开始转股,计算使用2.4年期 评级为A 债参考YTM：6.8648,N,3.349,全价：169.700 最后更新：15:34:18,,,,0,{'M': ''},0,0,N,,,buy,buy
2026-05-18 11:30:54,123187,超达转债,cdzz,268.6,1.7,301186,超达装备,cdzb,77.4,0.45,3.88,30.98,249.84,0,7.51,276.11,280205,汽车,szcy,C,2023-04-25,[],0,0,buy,A,,21.686,40.274,3.8,buy,2029-04-04,2.882,2.242,17038.01,12566.32,28.57,-24.91,,0,15:34:33,00,Y,N,0,0,Y,,2023-10-11 开始转股,计算使用2.9年期 评级为A 债参考YTM：7.0608,N,4.69,全价：268.600 最后更新：15:34:33,,,,0,"{'G': '本次（2026年4月10日至2026年4月30日）不提前赎回，以2026年7月31日之后的首个交易日重新起算', 'M': ''}",0,0,N,,,buy,buy
2026-05-18 11:30:54,123059,银信转债,yxzz,130.89,1.11,300231,银信科技,yxkj,11.12,2.49,2.95,9.15,121.53,0,7.7,138.59,710301,计算机,szcy,C,2020-08-12,[],0,0,buy,AA-,,6.405,11.895,3.2,buy,2026-07-15,0.159,1.569,3412.55,13574.82,16.63,-63.05,,0,15:34:06,00,Y,N,0,0,Y,,2021-01-21 开始转股,计算使用0.2年期 评级为AA- 债参考YTM：1.6854,N,3.914,全价：130.890 最后更新：15:34:06,,,,1,[],0,0,N,,,buy,buy
2026-05-18 11:30:54,113588,润达转债,rdzz,113.793,-1.05,603108,润达医疗,rdyl,13.7,3.55,2.22,12.97,105.63,0,7.73,121.52,370402,医药生物,shmb,C,2020-07-13,[],0,0,buy,AA,,9.079,16.861,2.8,buy,2026-06-17,0.082,2.327,18684.65,27620.98,69.51,-52.98,,0,15:00:00,00,Y,N,0,0,Y,,2020-12-23 开始转股,计算使用0.1年期 评级为AA 债参考YTM：1.4675,N,5.5,全价：113.793 最后更新：15:00:00,,,,1,"{'R': '到期\n最后交易日：2026-06-11\n最后转股日：2026-06-16\n债券到期日：2026-06-17\n到期赎回价：109.000元/张', 'M': ''}",0,0,N,,,buy,buy
2026-05-18 11:30:54,118011,银微转债,ywzz,146.611,-0.03,688689,银河微电,yhwd,42.56,-1.78,3.91,31.3,135.97,0,7.82,154.43,270102,电子,shkc,C,2022-08-02,[],0,0,buy,A+,,21.91,40.69,9.1,buy,2028-07-04,2.132,4.997,11715.45,24566.67,15.98,-9.46,,0,14:59:29,00,Y,N,0,0,Y,,2023-01-09 开始转股,计算使用2.2年期 评级为A+ 债参考YTM：4.4469,N,5.0,全价：146.611 最后更新：14:59:29,,,,0,{'M': ''},0,0,N,,,buy,buy
2026-05-18 11:30:54,127084,柳工转2,lgz2,137.099,0.95,000528,柳工,lg,9.28,-2.42,0.99,7.3,127.12,0,7.85,144.95,640601,机械设备,szmb,C,2023-04-20,[],0,0,buy,AAA,,5.11,9.49,13.1,buy,2029-03-27,2.86,24.809,20744.36,34833.95,6.11,-5.82,,0,15:34:24,00,Y,N,0,0,Y,,2023-10-09 开始转股,计算使用2.9年期 评级为AAA 债参考YTM：1.6895,N,30.0,全价：137.099 最后更新：15:34:24,,,,0,{'M': ''},0,0,N,,,buy,buy
2026-05-18 11:30:54,123253,永贵转债,ygzz,146.55,-2.1,300351,永贵电器,ygdq,24.75,-3.21,3.89,18.23,135.77,0,7.94,154.49,640501,机械设备,szcy,C,2025-03-28,[],0,0,buy,AA-,,12.761,23.699,15.0,buy,2031-03-13,4.822,9.798,13556.61,54948.53,9.27,-4.53,,0,15:34:51,00,Y,N,0,0,Y,,2025-09-19 开始转股,计算使用4.9年期 评级为AA- 债参考YTM：2.7159,N,9.8,全价：146.550 最后更新：15:34:51,,,,0,{'M': ''},0,0,N,,,buy,buy
2026-05-18 11:30:54,113046,金田转债,jtzz,140.705,0.45,601609,金田股份,jtgf,13.38,2.92,2.25,10.32,129.65,0,8.53,149.24,240302,有色金属,shmb,C,2021-04-12,[],0,0,buy,AA+,,7.224,13.416,6.5,buy,2027-03-22,0.844,14.992,30399.13,163127.87,14.33,-25.86,,0,14:59:57,00,Y,N,0,0,Y,,2021-09-27 开始转股,计算使用0.9年期 评级为AA+ 债参考YTM：1.5050,N,15.0,全价：140.705 最后更新：14:59:57,,,,1,{'M': ''},0,0,N,,,buy,buy
2026-05-18 11:30:54,127078,优彩转债,yczz,159.555,2.12,002998,优彩资源,yczy,9.49,1.5,1.85,6.48,146.45,0,8.95,168.51,220401,基础化工,szmb,C,2023-01-09,[],0,0,buy,A+,,4.536,8.424,16.2,buy,2028-12-14,2.578,4.159,10697.34,10542.68,16.17,-10.86,,0,15:33:54,00,Y,N,0,0,N,2026-05-11 至 2026-05-19 期间暂停转股：权益分派,2023-06-20 开始转股;2026-05-11 至 2026-05-19 期间暂停转股：权益分派,计算使用2.6年期 评级为A+ 债参考YTM：4.5923,N,6.0,全价：159.555 最后更新：15:33:54,,,,0,{'G': '本次（2026年1月21日至2026年2月24日）不提前赎回，自2026年5月24日后首个交易日重新计算'},0,0,N,,,buy,buy
2026-05-18 11:30:54,113042,上银转债,syzz,117.838,-0.8,601229,上海银行,shyh,9.26,-2.42,0.5,8.57,108.05,0,9.06,126.9,480401,银行,shmb,C,2021-02-10,[],0,0,buy,AAA,,,11.141,15.2,buy,2027-01-25,0.69,199.776,84708.82,44243.83,3.6,-7.18,,0,14:59:58,00,Y,Y,0,0,Y,,2021-07-29 开始转股,计算使用0.7年期 评级为AAA 债参考YTM：1.4404,N,200.0,全价：117.838 最后更新：14:59:58,,,,0,{'M': ''},0,0,N,,,buy,buy
2026-05-18 11:30:54,128136,立讯转债,lxzz,142.778,-0.63,002475,立讯精密,lxjm,72.9,-1.49,5.98,55.97,130.25,0,9.62,152.4,270504,电子,szmb,C,2020-12-02,[],0,0,buy,AA+,,39.179,72.761,0.6,buy,2026-11-03,0.463,29.982,27692.56,1495319.77,6.45,-52.92,,0,15:34:33,00,Y,N,0,0,Y,,2021-05-10 开始转股,计算使用0.5年期 评级为AA+ 债参考YTM：1.4603,N,30.0,全价：142.778 最后更新：15:34:33,,,,1,{'M': ''},0,0,N,,,buy,buy
2026-05-18 11:30:54,127053,豪美转债,hmzz,201.128,1.84,002988,豪美新材,hmxc,31.6,0.89,2.89,17.23,183.4,0,9.67,210.8,240301,有色金属,szmb,C,2022-03-04,[],0,0,buy,AA-,,12.061,22.399,3.3,buy,2028-01-24,1.688,2.575,26345.52,18464.84,50.99,-26.42,,0,15:34:03,00,Y,N,1,1,Y,转股价下修1次，成功下修1次,2022-07-28 开始转股,计算使用1.7年期 评级为AA- 债参考YTM：2.0050,N,8.24,全价：201.128 最后更新：15:34:03,,,,1,[],0,0,N,,,buy,buy
2026-05-18 11:30:54,113051,节能转债,jnzz,164.645,4.65,601016,节能风电,jnfd,4.99,-0.8,1.81,3.33,149.85,0,9.87,174.52,410107,公用事业,shmb,C,2021-07-22,[],0,0,buy,AA+,,2.331,4.329,8.8,buy,2027-06-21,1.093,26.52,98972.06,209477.19,22.96,-30.13,,0,15:00:00,00,Y,N,1,0,Y,转股价下修1次，成功下修0次,2021-12-27 开始转股,计算使用1.1年期 评级为AA+ 债参考YTM：1.5555,N,30.0,全价：164.645 最后更新：15:00:00,,,,1,{'M': ''},0,0,N,,,buy,buy
2026-05-18 11:30:54,123241,欧通转债,otzz,1066.58,3.55,300870,欧陆通,olt,421.0,3.58,17.37,43.43,969.38,0,10.03,1076.61,630306,电力设备,szcy,C,2024-07-26,[],0,0,buy,AA-,,30.401,56.459,0.6,buy,2030-07-05,4.134,2.605,156863.04,187141.67,56.67,-41.88,,0,15:34:45,00,Y,N,0,0,Y,,2025-01-13 开始转股,计算使用4.2年期 评级为AA- 债参考YTM：2.6074,N,6.445,全价：1066.580 最后更新：15:34:45,,,,0,"{'G': '本次（2026年4月14日至2026年5月7日）不提前赎回，自2026年8月7日后首个交易日重新计算', 'M': ''}",0,0,N,,,buy,buy
2026-05-18 11:30:54,128128,齐翔转2,qxz2,119.299,-0.32,002408,齐翔腾达,qxtd,5.81,0.0,1.5,5.37,108.19,0,10.26,129.56,750303,石油石化,szmb,C,2020-09-15,[],0,0,buy,AA,,3.759,6.981,4.2,buy,2026-08-20,0.258,6.792,5323.3,14095.48,6.55,-30.59,,0,15:34:48,00,Y,N,0,0,Y,,2021-02-26 开始转股,计算使用0.3年期 评级为AA 债参考YTM：1.4899,N,29.9,全价：119.299 最后更新：15:34:48,,,,1,{'M': ''},0,0,N,,,buy,buy
2026-05-18 11:30:54,123183,海顺转债,hszz,143.945,0.74,300501,海顺新材,hsxc,15.12,3.49,2.71,11.63,130.01,0,10.72,154.67,360206,轻工制造,szcy,C,2023-04-20,[],0,0,buy,AA-,,8.141,15.119,29.3,buy,2029-03-23,2.849,6.329,10575.93,17606.21,11.66,-6.7,,0,15:34:24,00,Y,N,2,0,Y,转股价下修2次，成功下修0次,2023-10-09 开始转股,计算使用2.9年期 评级为AA- 债参考YTM：2.3619,N,6.33,全价：143.945 最后更新：15:34:24,,,,0,[],0,0,N,,,buy,buy
2026-05-18 11:30:54,113056,重银转债,cyzz,127.789,0.09,601963,重庆银行,cqyh,10.95,2.15,0.6,9.5,115.26,0,10.87,138.66,480401,银行,shmb,C,2022-04-14,[],0,0,buy,AAA,,,12.35,51.9,buy,2028-03-23,1.849,115.631,22902.09,22582.12,1.55,-6.74,,0,14:59:55,00,Y,N,0,0,Y,,2022-09-30 开始转股,计算使用1.9年期 评级为AAA 债参考YTM：1.6056,N,130.0,全价：127.789 最后更新：14:59:55,,,,0,[],0,0,N,,,buy,buy
2026-05-18 11:30:54,123131,奥飞转债,afzz,307.1,-0.94,300738,奥飞数据,afsj,27.83,1.72,7.04,10.06,276.64,0,11.01,318.11,730104,通信,szcy,C,2021-12-22,[],0,0,buy,A+,,7.042,13.078,1.2,buy,2027-12-03,1.545,3.161,94647.81,299091.43,95.33,-46.7,,0,15:34:21,00,Y,N,0,0,Y,,2022-06-09 开始转股,计算使用1.6年期 评级为A+ 债参考YTM：4.3261,N,6.35,全价：307.100 最后更新：15:34:21,,,,1,"{'G': '本次（2025年10月31日至2025年11月20日）不提前赎回，以2026年5月20日后的首个交易日重新计算', 'M': ''}",0,0,N,,,buy,buy
2026-05-18 11:30:54,113631,皖天转债,wtzz,139.951,-0.07,603689,皖天然气,wtrq,8.57,1.18,1.18,6.81,125.84,0,11.21,151.16,410301,公用事业,shmb,C,2021-12-10,[],0,0,buy,AA+,,4.767,8.853,13.3,buy,2027-11-08,1.477,5.958,4225.42,4753.42,5.05,-14.24,,0,14:59:26,00,Y,N,0,0,Y,,2022-05-12 开始转股,计算使用1.5年期 评级为AA+ 债参考YTM：1.6131,N,9.3,全价：139.951 最后更新：14:59:26,,,,1,[],0,0,N,,,buy,buy
2026-05-18 11:30:54,127055,精装转债,jzzz,209.598,6.09,002989,中天精装,ztjz,34.66,6.88,4.87,18.5,187.35,0,11.87,221.47,620201,建筑装饰,szmb,C,2022-03-24,[],0,0,buy,AA-,,12.95,24.05,3.3,buy,2028-02-22,1.767,2.081,173553.01,77836.8,393.16,-28.34,,0,15:34:42,00,Y,N,0,0,Y,,2022-08-29 开始转股,计算使用1.8年期 评级为AA- 债参考YTM：2.0203,N,5.77,全价：209.598 最后更新：15:34:42,,,,1,{'G': '本次（2026年2月24日至2026年3月16日）不提前赎回，自2027年3月16日后首个交易日重新计算'},0,0,N,,,buy,buy
2026-05-18 11:30:54,113686,泰瑞转债,trzz,158.369,2.08,603289,泰瑞机器,trjq,11.51,3.88,2.25,8.15,141.23,0,12.14,170.51,640209,机械设备,shmb,C,2024-07-24,[],0,0,buy,AA-,,5.705,10.595,10.0,buy,2030-07-02,4.126,3.363,22791.15,15533.78,42.87,-6.63,,0,14:59:57,00,Y,N,0,0,Y,,2025-01-08 开始转股,计算使用4.2年期 评级为AA- 债参考YTM：2.6074,N,3.378,全价：158.369 最后更新：14:59:57,,,,0,[],0,0,N,,,buy,buy
2026-05-18 11:30:54,113039,嘉泽转债,jzzz,219.632,-4.29,601619,嘉泽新能,jzxn,5.69,-2.07,2.07,2.91,195.53,0,12.32,231.95,410107,公用事业,shmb,C,2020-09-17,[],0,0,buy,AA,,2.037,3.783,2.1,buy,2026-08-24,0.269,2.865,36422.53,28062.19,56.78,-189.3,,0,14:59:59,00,Y,N,0,0,Y,,2021-03-01 开始转股,计算使用0.3年期 评级为AA 债参考YTM：1.4899,N,13.0,全价：219.632 最后更新：14:59:59,,,,1,"{'G': '本次（2026年3月26日至2026年4月16日）不提前赎回，至到期日（2026年8月23日）均不行使赎回权利', 'M': ''}",0,0,N,,,buy,buy
2026-05-18 11:30:54,123247,万凯转债,wkzz,294.089,1.76,301216,万凯新材,wkxc,29.39,1.94,2.6,11.3,260.09,0,13.07,307.16,220501,基础化工,szcy,C,2024-09-05,[],0,0,buy,AA,,7.91,14.69,12.2,buy,2030-08-16,4.249,19.643,37881.78,36946.72,6.5,-20.15,,0,15:34:12,00,Y,N,0,0,Y,,2025-02-24 开始转股,计算使用4.3年期 评级为AA 债参考YTM：2.0575,N,27.0,全价：294.089 最后更新：15:34:12,,,,0,"{'G': '本次（2026年2月24日至2026年3月16日）不提前赎回，自2026年6月16日后首个交易日重新计算', 'M': ''}",0,0,N,,,buy,buy
2026-05-18 11:30:54,113048,晶科转债,jkzz,165.919,-4.48,601778,晶科科技,jkkj,6.6,-5.17,1.54,4.5,146.67,0,13.13,179.05,410106,公用事业,shmb,C,2021-05-31,[],0,0,buy,AA,,3.15,5.85,6.3,buy,2027-04-23,0.932,15.456,61594.41,289500.1,23.39,-34.99,,0,15:00:00,00,Y,N,2,2,Y,转股价下修2次，成功下修2次,2021-10-29 开始转股,计算使用1.0年期 评级为AA 债参考YTM：1.5635,N,30.0,全价：165.919 最后更新：15:00:00,,,,1,"{'G': '本次（2026年3月25日至2026年5月6日）不提前赎回，以2026年8月7日为首个交易日重新计算', 'M': ''}",0,0,N,,,buy,buy
2026-05-18 11:30:54,127110,广核转债,ghzz,147.965,2.4,003816,中国广核,zggh,4.8,0.42,1.93,3.67,130.79,0,13.13,161.1,410108,公用事业,szmb,C,2025-07-25,[],0,0,buy,AAA,,2.569,4.771,2.6,buy,2031-07-09,5.145,48.993,77048.98,62244.38,10.77,-5.65,,0,15:34:36,00,Y,N,0,0,Y,,2026-01-15 开始转股,计算使用5.2年期 评级为AAA 债参考YTM：1.8342,N,49.0,全价：147.965 最后更新：15:34:36,,,,0,{'M': ''},0,0,N,,,buy,buy
2026-05-18 11:30:54,123076,强力转债,qlzz,138.4,-0.16,300429,强力新材,qlxc,15.51,1.37,4.67,12.7,122.13,0,13.33,151.73,270601,电子,szcy,C,2020-12-04,[],0,0,buy,AA-,,8.89,16.51,8.5,buy,2026-11-19,0.507,5.334,12120.27,68809.25,16.43,-36.41,,0,15:34:09,00,Y,N,1,1,Y,转股价下修1次，成功下修1次,2021-05-25 开始转股,计算使用0.6年期 评级为AA- 债参考YTM：1.7535,N,8.5,全价：138.400 最后更新：15:34:09,,,,1,{'M': ''},0,0,N,,,buy,buy
2026-05-18 11:30:54,123213,天源转债,tyzz,212.297,-3.06,301127,武汉天源,whty,13.37,-0.59,2.61,7.14,187.26,0,13.37,225.67,760102,环保,szcy,C,2023-08-16,[],0,0,buy,AA-,,4.998,9.282,3.7,buy,2029-07-28,3.197,3.26,15017.73,10693.37,21.23,-17.41,,0,15:34:45,00,Y,N,0,0,Y,,2024-02-05 开始转股,计算使用3.2年期 评级为AA- 债参考YTM：2.4538,N,10.0,全价：212.297 最后更新：15:34:45,,,,0,"{'G': '本次（2026年3月13日至2026年4月2日）不提前赎回，自2026年10月2日后首个交易日重新计算', 'M': ''}",0,0,N,,,buy,buy
2026-05-18 11:30:54,111000,起帆转债,qfzz,240.971,-0.47,605222,起帆电缆,qfdl,36.78,-3.06,3.14,17.35,211.99,0,13.67,254.64,630805,电力设备,shmb,C,2021-06-17,[],0,0,buy,AA-,,12.145,22.555,6.6,buy,2027-05-24,1.016,9.992,58104.48,55796.23,23.92,-51.3,,0,15:00:00,00,Y,N,1,1,Y,转股价下修1次，成功下修1次,2021-11-29 开始转股,计算使用1.1年期 评级为AA- 债参考YTM：1.8865,N,10.0,全价：240.971 最后更新：15:00:00,,,,1,{'G': '本次（2026年3月13日至2026年4月20日）不提前赎回，以2026年10月21日为首个交易日重新起算'},0,0,N,,,buy,buy
2026-05-18 11:30:54,127040,国泰转债,gtzz,133.298,-0.59,002091,江苏国泰,jsgt,8.96,-0.33,0.88,7.65,117.12,0,13.81,147.11,450201,商贸零售,szmb,C,2021-08-10,[],0,0,buy,AA+,,5.355,9.945,27.8,buy,2027-07-07,1.137,39.863,6332.7,19463.8,1.19,-15.91,,0,15:34:30,00,Y,N,0,0,Y,,2022-01-13 开始转股,计算使用1.2年期 评级为AA+ 债参考YTM：1.5738,N,45.574,全价：133.298 最后更新：15:34:30,,,,1,{'M': ''},0,0,N,,,buy,buy
2026-05-18 11:30:54,127034,绿茵转债,lyzz,140.1,0.07,002887,绿茵生态,lyst,14.15,-1.39,1.76,11.51,122.94,0,13.96,154.06,760104,环保,szmb,C,2021-05-28,[],0,0,buy,AA-,,8.057,14.963,13.9,buy,2027-04-30,0.951,4.279,9262.99,9786.17,15.49,-20.41,,0,15:34:00,00,Y,N,0,0,Y,,2021-11-11 开始转股,计算使用1.0年期 评级为AA- 债参考YTM：1.8535,N,7.12,全价：140.100 最后更新：15:34:00,,,,1,[],0,0,N,,,buy,buy
2026-05-18 11:30:54,113646,永吉转债,yjzz,159.787,-0.7,603058,永吉股份,yjgf,11.27,0.27,3.9,8.05,140.0,0,14.13,173.92,360205,轻工制造,shmb,C,2022-05-17,[],0,0,buy,AA-,,5.635,10.465,2.9,buy,2028-04-14,1.91,1.372,8228.52,11728.62,36.95,-17.87,,0,14:59:51,00,Y,N,0,0,Y,,2022-10-20 开始转股,计算使用2.0年期 评级为AA- 债参考YTM：2.0557,N,1.459,全价：159.787 最后更新：14:59:51,,,,1,[],0,0,N,,,buy,buy
2026-05-18 11:30:54,123225,翔丰转债,xfzz,157.7,6.63,300890,翔丰华,xfh,37.9,0.08,1.99,27.44,138.12,0,14.18,171.88,630702,电力设备,szcy,C,2023-10-26,[],0,0,buy,AA-,,19.208,35.672,13.5,buy,2029-10-10,3.4,5.585,92207.89,32446.07,103.53,-7.29,,0,15:34:45,00,Y,N,1,1,Y,转股价下修1次，成功下修1次,2024-04-16 开始转股,计算使用3.4年期 评级为AA- 债参考YTM：2.4916,N,8.0,全价：157.700 最后更新：15:34:45,,,,0,"{'G': '本次（2026年4月22日至2026年5月15日）不提前赎回，自2026年8月15日后首个交易日重新计算', 'M': ''}",0,0,N,,,buy,buy
2026-05-18 11:30:54,113605,大参转债,dszz,117.117,-3.23,603233,大参林,dsl,17.79,-5.42,2.57,17.35,102.54,0,14.22,131.34,370403,医药生物,shmb,C,2020-11-13,[],0,0,buy,AA,,12.145,22.555,6.9,buy,2026-10-22,0.43,14.045,23369.23,36496.32,14.15,-14.22,,0,14:59:53,00,Y,N,1,1,Y,转股价下修1次，成功下修1次,2021-04-28 开始转股,计算使用0.5年期 评级为AA 债参考YTM：1.4903,N,14.05,全价：117.117 最后更新：14:59:53,,,,1,{'M': ''},0,0,N,,,buy,buy
2026-05-18 11:30:54,113058,友发转债,yfzz,136.327,-0.26,601686,友发集团,yfjt,5.34,0.0,1.14,4.48,119.2,0,14.37,150.7,230403,钢铁,shmb,C,2022-04-26,[],0,0,buy,AA,,3.136,5.824,23.7,buy,2028-03-30,1.869,18.638,10389.39,2415.7,4.08,-9.3,,0,14:59:29,00,Y,N,2,2,Y,转股价下修2次，成功下修2次,2022-10-10 开始转股,计算使用1.9年期 评级为AA 债参考YTM：1.6835,N,20.0,全价：136.327 最后更新：14:59:29,,,,1,{'G': '本次（2026年1月27日至2026年2月24日）不提前赎回，自2026年5月24日后首个交易日重新计算'},0,0,N,,,buy,buy
2026-05-18 11:30:54,110084,贵燃转债,grzz,142.185,4.74,600903,贵州燃气,gzrq,8.81,9.99,3.14,7.11,123.91,0,14.75,156.94,410301,公用事业,shmb,C,2022-01-18,[],0,0,buy,AA,,4.977,9.243,9.0,buy,2027-12-27,1.611,9.151,60794.49,78575.18,47.09,-13.98,,0,14:59:59,00,Y,N,1,1,Y,转股价下修1次，成功下修1次,2022-07-01 开始转股,计算使用1.7年期 评级为AA 债参考YTM：1.6628,N,10.0,全价：142.185 最后更新：14:59:59,,,,1,{'M': ''},0,0,N,,,buy,buy
2026-05-18 11:30:54,128125,华阳转债,hyzz,114.928,-0.05,002949,华阳国际,hygj,14.27,0.49,1.77,14.39,99.17,0,15.89,130.82,620601,建筑装饰,szmb,C,2020-08-21,[],0,0,buy,AA-,,10.073,18.707,20.7,buy,2026-07-30,0.2,4.496,3489.36,3729.12,6.75,-8.5,,0,15:34:45,00,Y,N,2,2,Y,转股价下修2次，成功下修2次,2021-02-05 开始转股,计算使用0.2年期 评级为AA- 债参考YTM：1.6854,N,4.5,全价：114.928 最后更新：15:34:45,,,,1,[],0,0,N,,,buy,buy
2026-05-18 11:30:54,127103,东南转债,dnzz,168.214,0.13,002135,东南网架,dnwj,8.09,-0.61,1.42,5.6,144.46,0,16.44,184.65,620401,建筑装饰,szmb,C,2024-01-24,[],0,0,buy,AA,,3.92,7.28,23.7,buy,2030-01-03,3.633,19.999,16820.14,29731.01,5.04,-10.71,,0,15:34:06,00,Y,N,0,0,Y,,2024-07-09 开始转股,计算使用3.7年期 评级为AA 债参考YTM：1.9585,N,20.0,全价：168.214 最后更新：15:34:06,,,,0,"{'G': '本次（2026年3月17日至2026年4月28日）不提前赎回，自2026年7月28日后首个交易日重新计算', 'M': ''}",0,0,N,,,buy,buy
2026-05-18 11:30:54,113681,镇洋转债,zyzz,140.439,-0.39,603213,镇洋发展,zyfz,13.48,-0.88,3.02,11.2,120.36,0,16.69,157.13,220202,基础化工,shmb,C,2024-01-17,[],0,0,buy,AA-,,7.84,14.56,9.7,buy,2029-12-29,3.619,5.797,3387.22,3547.35,4.14,-4.48,,0,14:59:22,00,Y,N,0,0,N,2026-05-15 至 2026-05-22 期间暂停转股：权益分派,2024-07-05 开始转股;2026-05-15 至 2026-05-22 期间暂停转股：权益分派,计算使用3.7年期 评级为AA- 债参考YTM：2.5311,N,6.6,全价：140.439 最后更新：14:59:22,,,,0,[],0,0,N,,,buy,buy
2026-05-18 11:30:54,118050,航宇转债,hyzz,340.395,-0.46,688239,航宇科技,hykj,72.6,1.52,6.73,24.96,290.87,0,17.03,357.43,650201,国防军工,shkc,C,2024-09-10,[],0,0,buy,AA-,,17.472,32.448,4.8,buy,2030-08-21,4.263,6.667,38584.38,38877.75,16.7,-22.02,,0,15:00:00,00,Y,N,0,0,Y,,2025-02-27 开始转股,计算使用4.3年期 评级为AA- 债参考YTM：2.6236,N,6.67,全价：340.395 最后更新：15:00:00,,,,0,"{'G': '本次（2026年1月30日至2026年2月27日）不提前赎回，自2026年5月28日为首个交易日重新计算', 'M': ''}",0,0,N,,,buy,buy
2026-05-18 11:30:54,113615,金诚转债,jczz,629.989,-0.12,603979,金诚信,jcx,63.2,0.4,3.39,11.78,536.5,0,17.43,647.42,240302,有色金属,shmb,C,2021-01-14,[],0,0,buy,AA,,8.246,15.314,1.3,buy,2026-12-23,0.6,4.958,54740.25,59521.4,17.74,-137.66,,0,14:59:58,00,Y,N,0,0,Y,,2021-06-29 开始转股,计算使用0.6年期 评级为AA 债参考YTM：1.4937,N,10.0,全价：629.989 最后更新：14:59:58,,,,1,"{'G': '本次（2025年10月10日至2025年10月30日）不提前赎回，至2026年12月22日到期均不提前赎回', 'M': ''}",0,0,N,,,buy,buy
2026-05-18 11:30:54,118044,赛特转债,stzz,207.182,4.11,688398,赛特新材,stxc,33.33,4.91,4.88,18.9,176.35,0,17.48,224.66,220309,基础化工,shkc,C,2023-10-12,[],0,0,buy,A+,,13.23,24.57,7.9,buy,2029-09-11,3.321,4.42,33220.53,11562.44,36.07,-15.99,,0,14:59:59,00,Y,N,1,1,Y,转股价下修1次，成功下修1次,2024-03-15 开始转股,计算使用3.4年期 评级为A+ 债参考YTM：4.8456,N,4.42,全价：207.182 最后更新：14:59:59,,,,0,"{'G': '本次（2026年3月10日至2026年4月20日）不提前赎回，以2026年10月21日起算', 'M': ''}",0,0,N,,,buy,buy
2026-05-18 11:30:54,127095,广泰转债,gtzz,146.6,-0.49,002111,威海广泰,whgt,11.25,-1.23,1.88,9.07,124.04,0,18.19,164.79,650201,国防军工,szmb,C,2023-11-10,[],0,0,buy,AA-,,6.349,11.791,12.6,buy,2029-10-18,3.422,6.927,7000.1,11681.91,6.85,-5.95,,0,15:34:30,00,Y,N,0,0,Y,,2024-04-24 开始转股,计算使用3.5年期 评级为AA- 债参考YTM：2.5061,N,7.0,全价：146.600 最后更新：15:34:30,,,,0,[],0,0,N,,,buy,buy
2026-05-18 11:30:54,123149,通裕转债,tyzz,138.147,-0.24,300185,通裕重工,tyzg,3.16,-0.63,1.76,2.71,116.61,0,18.47,156.62,630602,电力设备,szcy,C,2022-07-15,[],0,0,buy,AA,,1.897,3.523,9.1,buy,2028-06-20,2.093,11.069,11102.54,36433.78,7.27,-8.43,,0,15:34:30,00,Y,N,0,0,Y,,2022-12-26 开始转股,计算使用2.1年期 评级为AA 债参考YTM：1.7091,N,14.847,全价：138.147 最后更新：15:34:30,,,,0,{'M': ''},0,0,N,,,buy,buy
2026-05-18 11:30:54,118025,奕瑞转债,yrzz,149.787,-0.13,688301,奕瑞科技,yrkj,144.83,2.5,4.73,114.97,125.97,0,18.91,168.7,370502,医药生物,shkc,C,2022-11-18,[],0,0,buy,AA,,80.479,149.461,4.6,buy,2028-10-24,2.438,14.217,28900.56,184026.67,13.54,-10.99,,0,14:59:54,00,Y,N,1,1,Y,转股价下修1次，成功下修1次,2023-04-28 开始转股,计算使用2.5年期 评级为AA 债参考YTM：1.7653,N,14.35,全价：149.787 最后更新：14:59:54,,,,0,{'M': ''},0,0,N,,,buy,buy
2026-05-18 11:30:54,123222,博俊转债,bjzz,158.54,-2.09,300926,博俊科技,bjkj,22.14,-1.69,2.62,16.68,132.73,0,19.44,177.98,280205,汽车,szcy,C,2023-09-28,[],0,0,buy,A+,,11.676,21.684,3.7,buy,2029-09-08,3.312,2.439,6914.98,9966.46,17.87,-8.38,,0,15:34:03,00,Y,N,0,0,N,2026-05-13 至 2026-05-19 期间暂停转股：权益分派,2024-03-14 开始转股;2026-05-13 至 2026-05-19 期间暂停转股：权益分派,计算使用3.4年期 评级为A+ 债参考YTM：4.8456,N,5.0,全价：158.540 最后更新：15:34:03,,,,0,"{'G': '本次（2025年11月24日至2025年12月12日）不提前赎回，自2026年6月12日后首个交易日重新计算', 'M': ''}",0,0,N,,,buy,buy
2026-05-18 11:30:54,118034,晶能转债,jnzz,127.14,-0.26,688223,晶科能源,jkny,6.73,-1.46,2.68,6.35,105.98,0,19.96,147.1,630502,电力设备,shkc,C,2023-05-19,[],0,0,buy,AA+,,4.445,7.62,12.0,buy,2029-04-20,2.926,83.22,30399.01,123254.45,2.86,-4.51,,0,14:59:46,00,Y,N,1,1,Y,转股价下修1次，成功下修1次,2023-10-26 开始转股,计算使用3.0年期 评级为AA+ 债参考YTM：1.7773,N,100.0,全价：127.140 最后更新：14:59:46,,,,0,{'M': ''},0,0,N,120%,,buy,buy
2026-05-18 11:30:54,118031,天23转债,t23zz,128.092,-0.46,688599,天合光能,thgn,17.08,-1.1,1.93,16.0,106.75,0,19.99,148.08,630502,电力设备,shkc,C,2023-03-15,[],0,0,buy,AA,,11.2,20.8,14.6,buy,2029-02-13,2.745,58.512,19003.87,76883.87,2.53,-2.9,,0,14:59:53,00,Y,N,2,2,Y,转股价下修2次，成功下修2次,2023-08-17 开始转股,计算使用2.8年期 评级为AA 债参考YTM：1.8087,N,88.648,全价：128.092 最后更新：14:59:53,,,,0,{'M': ''},0,0,N,,,buy,buy
2026-05-18 11:30:54,123092,天壕转债,thzz,135.11,1.6,300332,天壕能源,thny,5.58,3.14,1.23,4.98,112.05,0,20.58,155.69,410301,公用事业,szcy,C,2021-01-15,[],0,0,buy,A+,,3.486,6.474,7.4,buy,2026-12-24,0.603,3.417,9619.94,17710.27,20.88,-24.81,,0,15:34:12,00,Y,N,0,0,Y,,2021-06-30 开始转股,计算使用0.7年期 评级为A+ 债参考YTM：4.1045,N,4.23,全价：135.110 最后更新：15:34:12,,,,1,{'M': ''},0,0,N,,,buy,buy
2026-05-18 11:30:54,123176,精测转2,jcz2,333.698,1.4,300567,精测电子,jcdz,178.88,2.22,11.31,64.71,276.43,0,20.72,354.42,640107,机械设备,szcy,C,2023-03-22,[],0,0,buy,AA-,,45.297,84.123,3.1,buy,2029-03-02,2.792,12.753,90798.1,275135.93,21.21,-31.98,,0,15:34:24,00,Y,N,0,0,Y,,2023-09-08 开始转股,计算使用2.8年期 评级为AA- 债参考YTM：2.3246,N,12.76,全价：333.698 最后更新：15:34:24,,,,0,"{'G': '本次（2025年12月23日至2026年1月14日）不提前赎回，自2026年7月14日后首个交易日重新计算', 'M': ''}",0,0,N,,,buy,buy
2026-05-18 11:30:54,113677,华懋转债,hmzz,399.96,1.52,603306,华懋科技,hmkj,111.52,3.57,10.57,33.74,330.53,0,21.01,420.97,280202,汽车,shmb,C,2023-10-12,[],0,0,buy,AA-,,23.618,43.862,2.9,buy,2029-09-14,3.329,10.489,71784.98,197779.22,17.1,-31.39,,0,14:59:59,00,Y,N,0,0,Y,,2024-03-20 开始转股,计算使用3.4年期 评级为AA- 债参考YTM：2.4916,N,10.5,全价：399.960 最后更新：14:59:59,,,,0,"{'G': '本次（2026年3月6日至2026年3月26日）不提前赎回，自2026年6月26日之后的首个交易日重新起算', 'M': ''}",0,0,N,,,buy,buy
2026-05-18 11:30:54,123215,铭利转债,mlzz,143.08,-0.62,301268,铭利达,mld,22.64,-0.7,5.74,19.2,117.92,0,21.34,164.42,640108,机械设备,szcy,C,2023-08-23,[],0,0,buy,AA-,,13.44,24.96,10.4,buy,2029-08-03,3.214,8.555,6830.58,6875.63,5.56,-4.81,,0,15:34:00,00,Y,N,1,1,Y,转股价下修1次，成功下修1次,2024-02-19 开始转股,计算使用3.3年期 评级为AA- 债参考YTM：2.4745,N,10.0,全价：143.080 最后更新：15:34:00,,,,0,{'M': ''},0,0,N,,,buy,buy
2026-05-18 11:30:54,118051,皓元转债,hyzz,215.57,1.81,688131,皓元医药,hyyy,71.86,1.33,4.75,40.47,177.56,0,21.4,236.97,370603,医药生物,shkc,C,2024-12-19,[],0,0,buy,AA-,,28.329,52.611,5.4,buy,2030-11-28,4.534,8.218,15985.19,31703.15,9.0,-12.77,,0,14:59:59,00,Y,N,0,0,Y,,2025-06-04 开始转股,计算使用4.6年期 评级为AA- 债参考YTM：2.6701,N,8.223,全价：215.570 最后更新：14:59:59,,,,0,"{'G': '本次（2025年10月30日至2025年11月19日）不提前赎回，以2026年5月20日为首个交易日重新计算', 'M': ''}",0,0,N,,,buy,buy
2026-05-18 11:30:54,113043,财通转债,ctzz,123.818,-2.84,601108,财通证券,ctzq,8.18,-0.73,0.98,8.03,101.87,0,21.55,145.37,490101,非银金融,shmb,C,2020-12-28,[],0,0,buy,AAA,,,10.439,10.0,buy,2026-12-10,0.564,37.992,23616.19,30639.44,4.98,-25.62,,0,14:59:59,00,Y,Y,1,1,Y,转股价下修1次，成功下修1次,2021-06-16 开始转股,计算使用0.6年期 评级为AAA 债参考YTM：1.4337,N,38.0,全价：123.818 最后更新：14:59:59,,,,0,{'M': ''},0,0,N,,,buy,buy
2026-05-18 11:30:54,113691,和邦转债,hbzz,165.526,1.51,603077,和邦生物,hbsw,2.72,0.74,1.33,2.0,136.0,0,21.71,187.24,220802,基础化工,shmb,C,2024-11-19,[],0,0,buy,AA,,1.4,2.6,19.1,buy,2030-10-28,4.449,45.991,14029.22,41289.81,1.86,-8.03,,0,14:59:47,00,Y,N,0,0,Y,,2025-05-06 开始转股,计算使用4.5年期 评级为AA 债参考YTM：2.0798,N,46.0,全价：165.526 最后更新：14:59:47,,,,0,"{'G': '本次（2026年1月22日至2026年3月10日）不提前赎回，以2027年3月10日之后的首个交易日重新起算', 'M': ''}",0,0,N,,,buy,buy
2026-05-18 11:30:54,127037,银轮转债,ylzz,614.432,1.91,002126,银轮股份,ylgf,52.4,6.07,5.87,10.39,504.33,0,21.83,636.26,280203,汽车,szmb,C,2021-07-09,[],0,0,buy,AA,,7.273,13.507,1.2,buy,2027-06-07,1.055,5.055,44238.37,156595.58,14.27,-80.36,,0,15:34:03,00,Y,N,0,0,N,2026-05-13 至 2026-05-21 期间暂停转股：权益分派,2021-12-13 开始转股;2026-05-13 至 2026-05-21 期间暂停转股：权益分派,计算使用1.1年期 评级为AA 债参考YTM：1.5855,N,7.0,全价：614.432 最后更新：15:34:03,,,,1,"{'G': '本次（2025年5月1日至2025年5月26日）不提前赎回，2026年5月26日后首个交易日重新计算', 'M': ''}",0,0,N,,,buy,buy
2026-05-18 11:30:54,111018,华康转债,hkzz,138.851,0.57,605077,华康股份,hkgf,18.51,2.27,1.72,16.26,113.84,0,21.97,160.82,220315,基础化工,shmb,C,2024-01-15,[],0,0,buy,AA-,,11.382,21.138,23.5,buy,2029-12-25,3.608,13.022,12337.53,38274.6,6.8,-4.19,,0,14:59:29,00,Y,N,0,0,Y,,2024-07-01 开始转股,计算使用3.7年期 评级为AA- 债参考YTM：2.5311,N,13.03,全价：138.851 最后更新：14:59:29,,,,0,[],0,0,N,,,buy,buy
2026-05-18 11:30:54,123158,宙邦转债,zbzz,188.8,3.14,300037,新宙邦,xzb,62.67,-0.76,4.2,40.49,154.78,0,21.98,210.78,630702,电力设备,szcy,C,2022-10-21,[],0,0,buy,AA,,28.343,52.637,5.3,buy,2028-09-26,2.362,18.046,38823.5,120777.57,11.49,-19.73,,0,15:34:30,00,Y,N,0,0,Y,,2023-03-30 开始转股,计算使用2.4年期 评级为AA 债参考YTM：1.7510,N,19.7,全价：188.800 最后更新：15:34:30,,,,0,"{'G': '本次（2025年12月25日至2026年1月22日）不提前赎回，自2026年7月22日后首个交易日重新计算', 'M': ''}",0,0,N,,,buy,buy
2026-05-18 11:30:54,113054,绿动转债,ldzz,137.391,2.5,601330,绿色动力,lsdl,10.0,6.95,1.69,8.89,112.49,0,22.14,159.53,760103,环保,shmb,C,2022-03-23,[],0,0,buy,AA+,,6.223,11.557,23.9,buy,2028-02-25,1.775,23.598,24276.19,75903.98,7.5,-11.52,,0,14:59:57,00,Y,N,0,0,Y,,2022-09-05 开始转股,计算使用1.8年期 评级为AA+ 债参考YTM：1.6427,N,23.6,全价：137.391 最后更新：14:59:57,,,,1,[],0,0,N,,,buy,buy
2026-05-18 11:30:54,113632,鹤21转债,h21zz,132.759,-0.84,603733,仙鹤股份,xhgf,20.64,-1.99,1.63,18.99,108.69,0,22.15,154.91,360103,轻工制造,shmb,C,2021-12-09,[],0,0,buy,AA,,13.293,24.687,13.8,buy,2027-11-17,1.501,20.166,7843.84,5865.83,2.91,-9.87,,0,14:59:29,00,Y,N,2,2,Y,转股价下修2次，成功下修2次,2022-05-23 开始转股,计算使用1.6年期 评级为AA 债参考YTM：1.6532,N,20.5,全价：132.759 最后更新：14:59:29,,,,1,{'M': ''},0,0,N,,,buy,buy
2026-05-18 11:30:54,113667,春23转债,c23zz,240.548,-2.76,603890,春秋电子,cqdz,19.94,-0.6,2.64,10.15,196.45,0,22.45,263.0,270504,电子,shmb,C,2023-04-11,[],0,0,buy,AA-,,7.105,13.195,6.4,buy,2029-03-17,2.833,5.699,33738.62,54832.1,24.09,-22.38,,0,15:00:00,00,Y,N,0,0,Y,,2023-09-25 开始转股,计算使用2.9年期 评级为AA- 债参考YTM：2.3619,N,5.7,全价：240.548 最后更新：15:00:00,,,,0,"{'G': '本次（2026年3月27日至2026年4月17日）不提前赎回，自2026年7月17日之后的首个交易日重新起算', 'M': ''}",0,0,N,,,buy,buy
2026-05-18 11:30:54,113673,岱美转债,dmzz,183.355,0.43,603730,岱美股份,dmgf,10.98,-2.49,4.7,7.37,148.98,0,23.07,206.43,280202,汽车,shmb,C,2023-08-10,[],0,0,buy,AA,,5.159,9.581,3.8,buy,2029-07-18,3.17,9.079,20446.21,33011.79,12.45,-13.62,,0,14:59:55,00,Y,N,1,1,Y,转股价下修1次，成功下修1次,2024-01-24 开始转股,计算使用3.2年期 评级为AA 债参考YTM：1.8682,N,9.079,全价：183.355 最后更新：14:59:55,,,,0,{'M': ''},0,0,N,,,buy,buy
2026-05-18 11:30:54,127067,恒逸转2,hyz2,174.777,-0.41,000703,恒逸石化,hysh,14.71,-0.88,2.07,10.37,141.85,0,23.21,197.99,750301,石油石化,szmb,C,2022-08-18,[],0,0,buy,AA+,,7.259,13.481,5.4,buy,2028-07-21,2.178,29.994,20374.9,67383.3,3.89,-18.68,,0,15:34:06,00,Y,N,0,0,Y,,2023-01-30 开始转股,计算使用2.2年期 评级为AA+ 债参考YTM：1.6907,N,30.0,全价：174.777 最后更新：15:34:06,,,,0,"{'G': '本次（至2026年4月27日）不提前赎回，从2026年7月28日开始计算', 'M': ''}",0,0,N,,,buy,buy
2026-05-18 11:30:54,111001,山玻转债,sbzz,159.877,-0.91,605006,山东玻纤,sdbx,14.5,-1.02,3.35,11.18,129.7,0,23.27,183.15,610202,建筑材料,shmb,C,2021-12-06,[],0,0,buy,AA-,,7.826,14.534,6.9,buy,2027-11-08,1.477,5.994,43717.37,61861.79,45.47,-19.31,,0,14:59:57,00,Y,N,0,0,Y,,2022-05-12 开始转股,计算使用1.5年期 评级为AA- 债参考YTM：1.9743,N,6.0,全价：159.877 最后更新：14:59:57,,,,0,[],0,0,N,,,buy,buy
2026-05-18 11:30:54,113680,丽岛转债,ldzz,150.152,-0.02,603937,丽岛新材,ldxc,15.71,-1.07,2.08,12.91,121.69,0,23.39,173.54,240301,有色金属,shmb,C,2023-12-05,[],0,0,buy,A+,,9.037,16.783,9.1,buy,2029-11-15,3.499,2.998,10357.95,15028.04,22.86,-6.27,,0,14:59:54,00,Y,N,0,0,Y,,2024-05-21 开始转股,计算使用3.5年期 评级为A+ 债参考YTM：4.8611,N,3.0,全价：150.152 最后更新：14:59:54,,,,0,[],0,0,N,,,buy,buy
2026-05-18 11:30:54,111015,东亚转债,dyzz,136.082,-0.26,605177,东亚药业,dyyy,22.36,-2.06,1.45,20.28,110.26,0,23.42,159.5,370101,医药生物,shmb,C,2023-08-02,[],0,0,buy,A+,,14.196,26.364,26.2,buy,2029-07-06,3.137,6.662,5138.03,10645.08,5.67,-4.19,,0,14:59:31,00,Y,N,1,1,Y,转股价下修1次，成功下修1次,2024-01-12 开始转股,计算使用3.2年期 评级为A+ 债参考YTM：4.8058,N,6.9,全价：136.082 最后更新：14:59:31,,,,0,[],0,0,N,,,buy,buy
2026-05-18 11:30:54,123155,中陆转债,zlzz,146.5,2.96,301040,中环海陆,zhhl,37.5,15.03,4.84,31.76,118.07,0,24.08,170.58,630602,电力设备,szcy,C,2022-08-31,[],0,0,buy,A+,,22.232,41.288,10.2,buy,2028-08-12,2.238,3.6,22901.65,46259.84,43.42,-8.96,,0,15:34:33,00,Y,N,0,0,Y,,2023-02-20 开始转股,计算使用2.3年期 评级为A+ 债参考YTM：4.4792,N,3.6,全价：146.500 最后更新：15:34:33,,,,0,{'M': ''},0,0,N,,,buy,buy
2026-05-18 11:30:54,123216,科顺转债,kszz,138.081,-0.77,300737,科顺股份,ksgf,7.42,-4.38,2.04,6.67,111.24,0,24.12,162.2,610304,建筑材料,szcy,C,2023-08-23,[],0,0,buy,AA,,4.669,8.671,33.4,buy,2029-08-04,3.216,21.978,10845.26,26054.17,3.56,-4.53,,0,15:34:36,00,Y,N,2,1,Y,转股价下修2次，成功下修1次,2024-02-19 开始转股,计算使用3.3年期 评级为AA 债参考YTM：1.8851,N,21.98,全价：138.081 最后更新：15:34:36,,,,0,{'M': ''},0,0,N,,,buy,buy
2026-05-18 11:30:54,110087,天业转债,tyzz,134.439,-0.98,600075,新疆天业,xjty,6.06,-3.96,1.13,5.6,108.21,0,24.23,158.67,220202,基础化工,shmb,C,2022-07-19,[],0,0,buy,AA+,,3.92,7.28,29.0,buy,2028-06-23,2.101,29.975,8736.62,13890.37,2.15,-8.77,,0,14:59:53,00,Y,N,1,1,Y,转股价下修1次，成功下修1次,2022-12-29 开始转股,计算使用2.2年期 评级为AA+ 债参考YTM：1.6907,N,30.0,全价：134.439 最后更新：14:59:53,,,,0,{'M': ''},0,0,N,,,buy,buy
2026-05-18 11:30:54,127109,电化转债,dhzz,175.4,-2.4,002125,湘潭电化,xtdh,14.25,-0.77,2.61,10.1,141.09,0,24.32,199.72,630702,电力设备,szmb,C,2025-07-04,[],0,0,buy,AA,,7.07,13.13,5.4,buy,2031-06-16,5.082,4.867,12493.19,25210.2,14.48,-8.14,,0,15:34:27,00,Y,N,0,0,Y,,2025-12-22 开始转股,计算使用5.1年期 评级为AA 债参考YTM：2.1438,N,4.87,全价：175.400 最后更新：15:34:27,,,,0,"{'G': '本次（2026年4月14日至2026年5月7日）不提前赎回，自2026年8月7日后首个交易日重新计算', 'M': ''}",0,0,N,,,buy,buy
2026-05-18 11:30:54,110092,三房转债,sfzz,66.284,-5.38,600370,*ST三房,sfx,1.61,-4.73,1.25,3.02,53.31,0,24.33,90.61,220401,基础化工,shmb,C,2023-02-07,[],0,0,buy,A+,,2.114,3.926,32.7,buy,2029-01-06,2.641,21.185,35494.58,574.56,24.89,23.01,,0,15:00:00,00,Y,N,0,0,Y,,2023-07-12 开始转股,计算使用2.7年期 评级为A+ 债参考YTM：4.6324,N,25.0,全价：66.284 最后更新：15:00:00,,,,0,[],0,0,N,,,buy,buy
2026-05-18 11:30:54,118060,瑞可转债,rkzz,244.016,11.09,688800,瑞可达,rkd,144.77,9.9,11.8,73.85,196.03,2,24.48,268.5,270401,电子,shkc,C,2025-12-12,[],0,0,buy,AA-,,51.695,96.005,3.4,buy,2031-11-14,5.496,10.0,257001.86,268866.04,106.68,-12.83,,0,15:00:00,00,Y,N,0,0,Y,,未到转股期；2026-05-20 开始转股,计算使用5.5年期 评级为AA- 债参考YTM：3.0860,N,10.0,全价：244.016 最后更新：15:00:00,,,,0,{'M': ''},0,0,N,,,buy,buy
2026-05-18 11:30:54,113661,福22转债,f22zz,137.33,-0.99,603806,福斯特,fst,16.26,-4.69,2.55,14.74,110.31,0,24.49,161.82,630504,电力设备,shmb,C,2022-12-22,[],0,0,buy,AA,,10.318,19.162,7.1,buy,2028-11-22,2.518,30.297,16702.43,120405.82,3.98,-7.48,,0,14:59:29,00,Y,N,1,1,Y,转股价下修1次，成功下修1次,2023-05-29 开始转股,计算使用2.6年期 评级为AA 债参考YTM：1.7798,N,30.3,全价：137.330 最后更新：14:59:29,,,,0,{'M': ''},0,0,N,,,buy,buy
2026-05-18 11:30:54,127027,能化转债,nhzz,119.499,1.14,000552,甘肃能化,gsnh,2.81,1.44,0.9,2.93,95.9,0,24.6,144.1,740101,煤炭,szmb,C,2021-01-22,[],0,0,buy,AAA,,2.051,3.809,18.6,buy,2026-12-10,0.564,19.464,6088.75,24273.74,2.63,-14.15,,0,15:34:24,00,Y,N,0,0,Y,,2021-06-16 开始转股,计算使用0.6年期 评级为AAA 债参考YTM：1.4337,N,28.0,全价：119.499 最后更新：15:34:24,,,,1,{'M': ''},0,0,N,,,buy,buy
2026-05-18 11:30:54,123209,聚隆转债,jlzz,201.0,-1.57,300644,南京聚隆,njjl,28.65,-1.48,2.83,17.77,161.23,0,24.67,225.67,220503,基础化工,szcy,C,2023-08-17,[],0,0,buy,A+,,12.439,23.101,6.6,buy,2029-07-26,3.192,1.673,5319.06,7410.01,15.7,-15.66,,0,15:34:42,00,Y,N,0,0,Y,,2024-02-01 开始转股,计算使用3.2年期 评级为A+ 债参考YTM：4.8058,N,2.185,全价：201.000 最后更新：15:34:42,,,,0,{'G': '本次（2026年1月26日至2026年2月13日）不提前赎回，自2026年8月13日后首个交易日重新计算'},0,0,N,,,buy,buy
2026-05-18 11:30:54,113678,中贝转债,zbzz,194.496,2.16,603220,中贝通信,zbtx,32.03,2.83,4.36,20.54,155.94,0,24.73,219.23,730103,通信,shmb,C,2023-11-21,[],0,0,buy,A+,,14.378,26.702,3.7,buy,2029-10-19,3.425,5.108,61612.81,203347.0,62.18,-13.31,,0,15:00:00,00,Y,N,2,1,Y,转股价下修2次，成功下修1次,2024-04-25 开始转股,计算使用3.5年期 评级为A+ 债参考YTM：4.8611,N,5.17,全价：194.496 最后更新：15:00:00,,,,0,"{'G': '本次（2026年3月16日至2026年4月27日）不提前赎回，以2026年7月28日起算', 'M': ''}",0,0,N,,,buy,buy
2026-05-18 11:30:54,118030,睿创转债,rczz,429.005,-0.63,688002,睿创微纳,rcwn,134.1,-0.42,8.55,39.12,342.79,0,25.15,454.16,650501,国防军工,shkc,C,2023-02-10,[],0,0,buy,AA,,27.384,50.856,2.0,buy,2028-12-30,2.622,12.622,36947.19,125841.98,6.71,-40.19,,0,14:59:58,00,Y,N,0,0,Y,,2023-07-06 开始转股,计算使用2.7年期 评级为AA 债参考YTM：1.7943,N,15.647,全价：429.005 最后更新：14:59:58,,,,0,"{'G': '本次（2026年3月18日至2026年4月8日）不提前赎回，以2027年4月9日为首个交易日重新计算', 'M': ''}",0,0,N,,,buy,buy
2026-05-18 11:30:54,123235,亿田转债,ytzz,200.399,-1.76,300911,亿田智能,ytzn,34.12,-2.51,5.48,21.31,160.11,0,25.16,225.56,330401,家用电器,szcy,C,2024-01-12,[],0,0,buy,AA-,,14.917,27.703,7.4,buy,2029-12-21,3.597,4.353,43363.23,42432.84,48.76,-13.6,,0,15:34:48,00,Y,N,0,0,Y,,2024-06-27 开始转股,计算使用3.6年期 评级为AA- 债参考YTM：2.5189,N,5.202,全价：200.399 最后更新：15:34:48,,,,0,"{'G': '本次（2026年1月28日至2026年2月25日）不提前赎回，自2026年5月25日后首个交易日重新起算', 'M': ''}",0,0,N,,,buy,buy
2026-05-18 11:30:54,113697,应流转债,ylzz,300.396,1.56,603308,应流股份,ylgf,73.01,-0.99,9.57,30.47,239.61,0,25.37,325.77,640108,机械设备,shmb,C,2025-10-22,[],0,0,buy,AA+,,21.329,39.611,3.0,buy,2031-09-19,5.343,14.997,59798.32,134052.12,13.21,-16.95,,0,15:00:00,00,Y,N,0,0,Y,,2026-03-25 开始转股,计算使用5.4年期 评级为AA+ 债参考YTM：1.9386,N,15.0,全价：300.396 最后更新：15:00:00,,,,0,"{'G': '本次（2026年3月25日至2026年4月15日）不提前赎回，2026年7月15日之后的首个交易日重新起算', 'M': ''}",0,0,N,,,buy,buy
2026-05-18 11:30:54,113649,丰山转债,fszz,143.306,0.92,603810,丰山集团,fsjt,15.68,3.29,1.59,13.73,114.2,0,25.48,168.79,220803,基础化工,shmb,C,2022-07-21,[],0,0,buy,AA-,,9.611,17.849,17.7,buy,2028-06-27,2.112,4.577,9070.98,5753.67,13.8,-8.77,,0,14:59:57,00,Y,N,0,0,Y,,2023-01-03 开始转股,计算使用2.2年期 评级为AA- 债参考YTM：2.1062,N,5.0,全价：143.306 最后更新：14:59:57,,,,0,[],0,0,N,,,buy,buy
2026-05-18 11:30:54,113624,正川转债,zczz,134.125,-0.26,603976,正川股份,zcgf,21.39,-0.37,2.67,20.07,106.58,0,25.85,159.98,370503,医药生物,shmb,C,2021-06-01,[],0,0,buy,A+,,14.049,26.091,12.5,buy,2027-04-28,0.945,4.048,4327.41,4174.7,7.95,-15.13,,0,14:59:11,00,Y,N,1,1,Y,转股价下修1次，成功下修1次,2021-11-08 开始转股,计算使用1.0年期 评级为A+ 债参考YTM：4.1935,N,4.05,全价：134.125 最后更新：14:59:11,,,,1,[],0,0,N,,,buy,buy
2026-05-18 11:30:54,113695,华辰转债,hczz,150.001,0.05,603097,江苏华辰,jshc,27.85,0.87,4.04,23.48,118.61,0,26.46,176.46,630801,电力设备,shmb,C,2025-07-10,[],0,0,buy,A+,,16.436,30.524,10.3,buy,2031-06-20,5.093,4.597,6989.3,5810.4,10.11,-4.53,,0,14:59:55,00,Y,N,0,0,Y,,2025-12-26 开始转股,计算使用5.1年期 评级为A+ 债参考YTM：5.1114,N,4.6,全价：150.001 最后更新：14:59:55,,,,0,[],0,0,N,,,buy,buy
2026-05-18 11:30:54,123259,锦浪转02,jlz02,182.0,2.75,300763,锦浪科技,jlkj,104.11,7.77,4.55,72.55,143.5,0,26.83,208.83,630503,电力设备,szcy,C,2025-11-06,[],0,0,buy,AA,,50.785,94.315,5.0,buy,2031-10-17,5.419,16.764,48054.53,254560.95,15.72,-8.32,,0,15:33:54,00,Y,N,1,1,Y,转股价下修1次，成功下修1次,2026-04-23 开始转股,计算使用5.5年期 评级为AA 债参考YTM：2.1995,N,16.766,全价：182.000 最后更新：15:33:54,,,,0,{'M': ''},0,0,N,,,buy,buy
2026-05-18 11:30:54,118039,煜邦转债,ybzz,152.049,-3.02,688597,煜邦电力,ybdl,8.74,0.69,3.42,7.3,119.73,0,27.0,179.05,630804,电力设备,shkc,C,2023-08-15,[],0,0,buy,A,,5.11,9.49,14.0,buy,2029-07-20,3.175,4.104,10231.26,4343.86,16.29,-7.89,,0,14:59:57,00,Y,N,0,0,Y,,2024-01-26 开始转股,计算使用3.2年期 评级为A 债参考YTM：7.1558,N,4.108,全价：152.049 最后更新：14:59:57,,,,0,"{'G': '本次（2026年1月16日至2026年2月11日）不提前赎回，以2026年8月12日为首个交易日重新计算', 'M': ''}",0,0,N,,,buy,buy
2026-05-18 11:30:54,127030,盛虹转债,shzz,121.161,-2.29,000301,东方盛虹,dfsh,12.56,-3.53,2.33,13.21,95.08,0,27.43,148.59,750301,石油石化,szmb,C,2021-04-21,[],0,0,buy,AA+,,9.247,17.173,6.0,buy,2027-03-22,0.844,49.974,19551.15,40520.41,3.21,-12.87,,0,15:34:27,00,Y,N,0,0,Y,,2021-09-27 开始转股,计算使用0.9年期 评级为AA+ 债参考YTM：1.5050,N,50.0,全价：121.161 最后更新：15:34:27,,,,1,{'M': ''},0,0,N,,,buy,buy
2026-05-18 11:30:54,111004,明新转债,mxzz,139.898,-1.29,605068,明新旭腾,mxxt,26.79,-2.26,2.57,24.41,109.75,0,27.47,167.37,280202,汽车,shmb,C,2022-04-25,[],0,0,buy,AA-,,17.087,31.733,15.5,buy,2028-03-30,1.869,6.715,10655.01,9610.74,11.31,-9.02,,0,14:59:50,00,Y,N,0,0,Y,,2022-10-10 开始转股,计算使用1.9年期 评级为AA- 债参考YTM：2.0369,N,6.73,全价：139.898 最后更新：14:59:50,,,,1,[],0,0,N,,,buy,buy
2026-05-18 11:30:54,128127,文科转债,wkzz,114.34,0.29,002775,文科股份,wkgf,3.96,0.76,45.0,4.42,89.59,0,27.62,141.96,620307,建筑装饰,szmb,C,2020-09-11,[],0,0,buy,A-,,3.094,5.746,35.5,buy,2026-08-20,0.258,8.036,4349.76,5742.72,4.74,2.27,,0,15:34:33,00,Y,N,2,1,Y,转股价下修2次，成功下修1次,2021-03-01 开始转股,计算使用0.3年期 评级为A- 债参考YTM：8.7458,N,9.5,全价：114.340 最后更新：15:34:33,,,,1,[],0,0,N,,,buy,buy
2026-05-18 11:30:54,128142,新乳转债,xrzz,125.8,-1.41,002946,新乳业,xry,17.59,-1.57,3.86,17.88,98.38,0,27.87,153.67,340702,食品饮料,szmb,C,2021-01-19,[],0,0,buy,AA,,12.516,23.244,4.8,buy,2026-12-18,0.586,7.179,6726.71,9467.85,7.39,-21.52,,0,15:34:21,00,Y,N,0,0,Y,,2021-06-24 开始转股,计算使用0.6年期 评级为AA 债参考YTM：1.4937,N,7.18,全价：125.800 最后更新：15:34:21,,,,1,{'M': ''},0,0,N,,,buy,buy
2026-05-18 11:30:54,118013,道通转债,dtzz,238.302,3.67,688208,道通科技,dtkj,39.96,4.06,6.62,21.48,186.03,0,28.1,266.4,710103,计算机,shkc,C,2022-07-28,[],0,0,buy,AA,,15.036,27.924,4.8,buy,2028-07-08,2.143,12.796,46450.45,100017.01,15.05,-28.27,,0,14:59:59,00,Y,N,0,0,Y,,2023-01-16 开始转股,计算使用2.2年期 评级为AA 债参考YTM：1.7228,N,12.8,全价：238.302 最后更新：14:59:59,,,,0,"{'G': '本次（2026年1月5日至2026年1月23日）不提前赎回，以2026年7月24日为首个交易日重新计算', 'M': ''}",0,0,N,,,buy,buy
2026-05-18 11:30:54,123211,阳谷转债,ygzz,181.308,-0.85,300121,阳谷华泰,yght,13.01,-0.91,1.58,9.2,141.41,0,28.21,209.52,220604,基础化工,szcy,C,2023-08-14,[],0,0,buy,AA-,,6.44,11.96,5.5,buy,2029-07-27,3.195,3.07,9672.61,22429.85,17.3,-12.46,,0,15:33:57,00,Y,N,0,0,Y,,2024-02-02 开始转股,计算使用3.2年期 评级为AA- 债参考YTM：2.4538,N,6.5,全价：181.308 最后更新：15:33:57,,,,0,{'G': '本次（2025年12月15日至2026年1月6日）不提前赎回，2026年7月6日后首个交易日重新计算'},0,0,N,,,buy,buy
2026-05-18 11:30:54,123255,鼎龙转债,dlzz,327.2,4.38,300054,鼎龙股份,dlgf,72.65,4.26,12.58,28.48,255.09,0,28.27,355.47,270601,电子,szcy,C,2025-04-23,[],0,0,buy,AA,,19.936,37.024,1.7,buy,2031-04-02,4.877,9.096,92228.91,308349.75,31.16,-19.6,,0,15:33:57,00,Y,N,0,0,Y,,2025-10-09 开始转股,计算使用4.9年期 评级为AA 债参考YTM：2.1203,N,9.1,全价：327.200 最后更新：15:33:57,,,,0,"{'G': '本次（2026年4月8日至2026年4月28日）不提前赎回，自2026年10月28日后首个交易日重新计算', 'M': ''}",0,0,N,,,buy,buy
2026-05-18 11:30:54,128108,蓝帆转债,lfzz,107.399,-0.13,002382,蓝帆医疗,lfyl,6.65,-1.77,0.94,7.95,83.65,0,28.39,135.79,370503,医药生物,szmb,C,2020-06-19,[],0,0,buy,AA-,,5.565,10.335,22.9,buy,2026-05-28,0.027,15.197,11625.41,18500.76,7.12,22.66,,0,15:34:39,00,Y,N,8,8,Y,转股价下修8次，成功下修8次,2020-12-03 开始转股,计算使用0.1年期 评级为AA- 债参考YTM：1.6673,N,31.44,全价：107.399 最后更新：15:34:39,,,,1,"{'R': '到期\n最后交易日：2026-05-22\n最后转股日：2026-05-27\n债券到期日：2026-05-28\n到期赎回价：108.000元/张', 'M': ''}",0,0,N,,,buy,buy
2026-05-18 11:30:54,118053,正帆转债,zfzz,164.525,1.95,688596,正帆科技,zfkj,49.1,2.29,3.86,38.45,127.7,0,28.84,193.37,640209,机械设备,shkc,C,2025-04-03,[],0,0,buy,AA,,26.915,49.985,7.2,buy,2031-03-18,4.836,10.409,123778.52,200819.59,71.4,-7.09,,0,15:00:00,00,Y,N,0,0,Y,,2025-09-24 开始转股,计算使用4.9年期 评级为AA 债参考YTM：2.1203,N,10.41,全价：164.525 最后更新：15:00:00,,,,0,{'M': ''},0,0,N,,,buy,buy
2026-05-18 11:30:54,127082,亚科转债,ykzz,138.689,-1.24,002540,亚太科技,ytkj,5.69,-0.35,1.26,5.29,107.56,0,28.94,167.63,240301,有色金属,szmb,C,2023-04-27,[],0,0,buy,AA,,3.703,6.877,23.7,buy,2029-03-09,2.811,11.585,16420.86,4770.38,10.19,-6.45,,0,15:34:27,00,Y,N,0,0,Y,,2023-09-15 开始转股,计算使用2.9年期 评级为AA 债参考YTM：1.8231,N,11.59,全价：138.689 最后更新：15:34:27,,,,0,{'G': '本次（2025年11月6日至2025年12月4日）不提前赎回，以2026年6月4日后的首个交易日重新计算'},0,0,N,,,buy,buy
2026-05-18 11:30:54,127088,赫达转债,hdzz,192.461,-0.28,002810,山东赫达,sdhd,25.0,1.46,3.79,16.76,149.17,0,29.03,221.49,220309,基础化工,szmb,C,2023-07-19,[],0,0,buy,AA-,,11.732,21.788,7.4,buy,2029-07-03,3.129,5.996,24315.53,30527.98,20.78,-14.38,,0,15:34:12,00,Y,N,0,0,Y,,2024-01-08 开始转股,计算使用3.2年期 评级为AA- 债参考YTM：2.4538,N,6.0,全价：192.461 最后更新：15:34:12,,,,0,"{'G': '本次（2026年3月30日至2026年4月20日）不提前赎回，自2026年10月21日起重新计算', 'M': ''}",0,0,N,,,buy,buy
2026-05-18 11:30:54,110097,天润转债,trzz,143.458,-0.24,600419,天润乳业,trry,9.12,-0.87,1.16,8.21,111.08,0,29.14,172.6,340702,食品饮料,shmb,C,2024-11-15,[],0,0,buy,AA,,5.747,10.673,34.4,buy,2030-10-24,4.438,9.89,4333.34,4339.73,3.06,-4.99,,0,14:59:36,00,Y,N,0,0,Y,,2025-04-30 开始转股,计算使用4.5年期 评级为AA 债参考YTM：2.0798,N,9.9,全价：143.458 最后更新：14:59:36,,,,0,[],0,0,N,,,buy,buy
2026-05-18 11:30:54,110075,南航转债,nhzz,109.475,-0.76,600029,南方航空,nfhk,5.23,-2.61,2.56,6.17,84.77,0,29.15,138.63,421001,交通运输,shmb,C,2020-11-03,[],0,0,buy,AAA,,4.319,8.021,8.4,buy,2026-10-15,0.411,58.959,22577.52,70562.88,3.5,-6.66,,0,14:59:59,00,Y,N,0,0,Y,,2021-04-21 开始转股,计算使用0.5年期 评级为AAA 债参考YTM：1.4303,N,160.0,全价：109.475 最后更新：14:59:59,,,,1,{'M': ''},0,0,N,,,buy,buy
2026-05-18 11:30:54,123064,万孚转债,wfzz,111.3,-0.89,300482,万孚生物,wfsw,18.17,-2.21,1.54,21.1,86.11,0,29.25,140.55,370504,医药生物,szcy,C,2020-09-23,[],0,0,buy,AA,,14.77,27.43,7.6,buy,2026-09-01,0.29,5.976,5768.99,9231.02,8.63,-4.02,,0,15:34:09,00,Y,N,3,3,Y,转股价下修3次，成功下修3次,2021-03-08 开始转股,计算使用0.3年期 评级为AA 债参考YTM：1.4899,N,6.0,全价：111.300 最后更新：15:34:09,,,,1,{'M': ''},0,0,N,,,buy,buy
2026-05-18 11:30:54,127108,太能转债,tnzz,138.109,-0.45,000591,太阳能,tyn,5.92,-1.5,0.96,5.55,106.67,0,29.48,167.59,410106,公用事业,szmb,C,2025-04-16,[],0,0,buy,AA+,,3.885,7.215,12.8,buy,2031-03-28,4.863,29.498,11281.43,103820.79,2.76,-3.43,,0,15:34:33,00,Y,N,0,0,Y,,2025-10-09 开始转股,计算使用4.9年期 评级为AA+ 债参考YTM：1.8958,N,29.5,全价：138.109 最后更新：15:34:33,,,,0,{'M': ''},0,0,N,,,buy,buy
2026-05-18 11:30:54,113640,苏利转债,slzz,135.651,-0.3,603585,苏利股份,slgf,18.0,-0.99,1.29,17.2,104.65,0,29.62,165.27,220803,基础化工,shmb,C,2022-03-10,[],0,0,buy,AA-,,12.04,22.36,21.3,buy,2028-02-16,1.751,7.39,9025.83,6438.95,8.97,-8.19,,0,14:59:45,00,Y,N,1,1,Y,转股价下修1次，成功下修1次,2022-08-22 开始转股,计算使用1.8年期 评级为AA- 债参考YTM：2.0203,N,9.572,全价：135.651 最后更新：14:59:45,,,,1,[],0,0,N,,,buy,buy
2026-05-18 11:30:54,123107,温氏转债,wszz,117.2,-0.51,300498,温氏股份,wsgf,14.72,-2.39,2.43,16.29,90.36,0,29.7,146.9,110702,农林牧渔,szcy,C,2021-04-21,[],0,0,buy,AAA,,11.403,21.177,8.8,buy,2027-03-29,0.863,77.064,40671.17,111259.07,4.5,-9.1,,0,15:34:12,00,Y,N,0,0,N,2026-05-18 至 2026-05-22 期间暂停转股：回售,2021-10-08 开始转股;2026-05-18 至 2026-05-22 期间暂停转股：回售,计算使用0.9年期 评级为AAA 债参考YTM：1.4750,N,92.97,全价：117.200 最后更新：15:34:12,,,,1,{'M': ''},0,0,Y,,,buy,buy
2026-05-18 11:30:54,127061,美锦转债,mjzz,100.5,1.31,000723,美锦能源,mjny,4.07,0.99,1.41,5.26,77.38,0,29.88,130.38,740201,煤炭,szmb,C,2022-05-30,[],0,0,buy,A+,,3.682,6.838,15.6,buy,2028-04-20,1.926,27.89,12478.8,21780.91,4.47,10.02,,0,15:34:45,00,Y,N,1,1,Y,转股价下修1次，成功下修1次,2022-10-26 开始转股,计算使用2.0年期 评级为A+ 债参考YTM：4.3957,N,35.9,全价：100.500 最后更新：15:34:45,,,,1,{'M': ''},0,0,N,,,buy,buy
2026-05-18 11:30:54,123071,天能转债,tnzz,117.91,-0.04,300569,天能重工,tnzg,6.08,1.33,1.16,6.7,90.75,0,29.93,147.84,630602,电力设备,szcy,C,2020-11-25,[],0,0,buy,AA-,,4.69,8.71,11.2,buy,2026-10-21,0.427,6.937,4167.44,12006.6,5.09,-5.81,,0,15:34:06,00,Y,N,2,2,Y,转股价下修2次，成功下修2次,2021-04-27 开始转股,计算使用0.5年期 评级为AA- 债参考YTM：1.7403,N,7.0,全价：117.910 最后更新：15:34:06,,,,1,{'M': ''},0,0,N,,,buy,buy
2026-05-18 11:30:54,118027,宏图转债,htzz,76.211,-0.83,688066,*ST航图,htht,14.39,8.77,-3.29,24.55,58.62,0,30.02,106.23,710301,计算机,shkc,C,2022-12-22,[],0,0,buy,BB+,,17.185,31.915,26.8,buy,2028-11-28,2.534,10.087,24397.19,15438.29,31.14,19.7,,0,14:59:59,00,Y,N,2,2,Y,转股价下修2次，成功下修2次,2023-06-02 开始转股,,N,10.088,全价：76.211 最后更新：14:59:59,,,,0,[],0,0,N,,,buy,buy
2026-05-18 11:30:54,123257,安克转债,akzz,161.12,1.27,300866,安克创新,akcx,136.4,1.41,6.55,110.56,123.37,0,30.6,191.72,270503,电子,szcy,C,2025-07-04,[],0,0,buy,AA+,,77.392,143.728,2.6,buy,2031-06-16,5.082,11.047,13150.74,82329.11,7.46,-6.92,,0,15:34:51,00,Y,N,0,0,Y,,2025-12-22 开始转股,计算使用5.1年期 评级为AA+ 债参考YTM：1.9084,N,11.048,全价：161.120 最后更新：15:34:51,,,,0,{'M': ''},0,0,N,,,buy,buy
2026-05-18 11:30:54,111012,福新转债,fxzz,408.119,-0.99,605488,福莱新材,flxc,35.02,0.0,4.63,11.22,312.12,0,30.76,438.88,220505,基础化工,shmb,C,2023-02-07,[],0,0,buy,A+,,7.854,14.586,1.1,buy,2029-01-04,2.636,1.017,28731.54,26470.02,68.68,-37.73,,0,15:00:00,00,Y,N,0,0,Y,,2023-07-10 开始转股,计算使用2.7年期 评级为A+ 债参考YTM：4.6324,N,4.29,全价：408.119 最后更新：15:00:00,,,,0,{'G': '本次（2026年2月27日至2026年3月19日）不提前赎回，自2026年6月19日之后的首个交易日重新起算'},0,0,N,,,buy,buy
2026-05-18 11:30:54,123080,海波转债,hbzz,140.1,1.45,300517,海波重科,hbzk,12.17,4.28,2.28,11.38,106.94,0,31.01,171.11,620401,建筑装饰,szcy,C,2020-12-22,[],0,0,buy,A+,,7.966,14.794,9.7,buy,2026-12-02,0.543,1.486,2928.27,8028.34,14.14,-26.58,,0,15:34:06,00,Y,N,0,0,Y,,2021-06-08 开始转股,计算使用0.6年期 评级为A+ 债参考YTM：4.0858,N,2.45,全价：140.100 最后更新：15:34:06,,,,1,[],0,0,N,,,buy,buy
2026-05-18 11:30:54,118056,路维转债,lwzz,269.681,-0.12,688401,路维光电,lwgd,67.3,-3.86,7.52,32.7,205.81,0,31.03,300.71,270103,电子,shkc,C,2025-07-10,[],0,0,buy,AA-,,22.89,42.51,4.7,buy,2031-06-11,5.069,6.145,38941.1,70418.58,23.4,-15.51,,0,14:59:59,00,Y,N,0,0,Y,,2025-12-17 开始转股,计算使用5.1年期 评级为AA- 债参考YTM：2.7622,N,6.15,全价：269.681 最后更新：14:59:59,,,,0,"{'G': '本次（2026年4月9日至2026年4月29日）不提前赎回，以2026年7月30日为首个交易日重新计算', 'M': ''}",0,0,N,,,buy,buy
2026-05-18 11:30:54,111002,特纸转债,tzzz,140.025,-0.89,605007,五洲特纸,wztz,14.58,-2.54,1.85,13.65,106.81,0,31.09,171.12,360103,轻工制造,shmb,C,2021-12-30,[],0,0,buy,AA,,9.555,17.745,11.3,buy,2027-12-08,1.559,6.619,5049.33,7933.85,5.44,-12.59,,0,14:59:24,00,Y,N,1,1,Y,转股价下修1次，成功下修1次,2022-06-14 开始转股,计算使用1.6年期 评级为AA 债参考YTM：1.6532,N,6.7,全价：140.025 最后更新：14:59:24,,,,1,[],0,0,N,,,buy,buy
2026-05-18 11:30:54,110095,双良转债,slzz,138.98,-2.29,600481,双良节能,sljn,6.55,-3.11,3.05,6.18,105.99,0,31.13,170.11,630501,电力设备,shmb,C,2023-09-08,[],0,0,buy,AA-,,4.326,8.034,10.4,buy,2029-08-08,3.227,14.006,25967.1,105499.86,13.2,-6.0,,0,14:59:59,00,Y,N,2,2,Y,转股价下修2次，成功下修2次,2024-02-19 开始转股,计算使用3.3年期 评级为AA- 债参考YTM：2.4745,N,26.0,全价：138.980 最后更新：14:59:59,,,,0,{'M': ''},0,0,N,,,buy,buy
2026-05-18 11:30:54,123150,九强转债,jqzz,137.657,-0.63,300406,九强生物,jqsw,12.91,-1.15,1.95,12.3,104.96,0,31.15,168.81,370504,医药生物,szcy,C,2022-07-20,[],0,0,buy,AA-,,8.61,15.99,20.5,buy,2028-06-30,2.121,11.21,4397.42,5174.5,2.84,-8.77,,0,15:34:30,00,Y,N,1,1,Y,转股价下修1次，成功下修1次,2023-01-06 开始转股,计算使用2.2年期 评级为AA- 债参考YTM：2.1062,N,11.39,全价：137.657 最后更新：15:34:30,,,,0,{'M': ''},0,0,N,,,buy,buy
2026-05-18 11:30:54,127070,大中转债,dzzz,502.6,1.13,001203,大中矿业,dzky,41.21,-2.74,8.45,10.76,382.99,0,31.23,533.83,230301,钢铁,szmb,C,2022-10-11,[],0,0,buy,AA,,7.532,13.988,1.7,buy,2028-08-17,2.252,9.343,83865.94,135400.24,17.86,-48.43,,0,15:34:51,00,Y,N,0,0,Y,,2023-02-23 开始转股,计算使用2.3年期 评级为AA 债参考YTM：1.7368,N,15.2,全价：502.600 最后更新：15:34:51,,,,0,"{'G': '本次（2026年2月24日至2026年3月16日）不提前赎回，以2026年9月16日后的首个交易日重新计算', 'M': ''}",0,0,N,,,buy,buy
2026-05-18 11:30:54,118012,微芯转债,wxzz,151.344,-2.73,688321,微芯生物,wxsw,29.03,-3.87,4.98,25.34,114.56,0,32.11,183.45,370102,医药生物,shkc,C,2022-07-28,[],0,0,buy,A+,,17.738,32.942,4.2,buy,2028-07-05,2.134,4.996,15834.88,47910.48,20.83,-10.79,,0,15:00:00,00,Y,N,0,0,Y,,2023-01-11 开始转股,计算使用2.2年期 评级为A+ 债参考YTM：4.4469,N,5.0,全价：151.344 最后更新：15:00:00,,,,0,{'M': ''},0,0,N,,,buy,buy
2026-05-18 11:30:54,123112,万讯转债,wxzz,136.277,-0.14,300112,万讯自控,wxzk,8.52,1.07,2.51,8.3,102.65,0,32.76,169.04,640107,机械设备,szcy,C,2021-04-23,[],0,0,buy,AA-,,5.81,10.79,11.2,buy,2027-04-08,0.89,2.265,2704.81,6123.85,8.76,-15.11,,0,15:34:15,00,Y,N,0,0,Y,,2021-10-14 开始转股,计算使用0.9年期 评级为AA- 债参考YTM：1.8111,N,2.457,全价：136.277 最后更新：15:34:15,,,,1,[],0,0,N,,,buy,buy
2026-05-18 11:30:54,118058,微导转债,wdzz,339.767,-1.7,688147,微导纳米,wdnm,85.9,-6.12,13.16,33.57,255.88,0,32.78,372.55,630505,电力设备,shkc,C,2025-08-27,[],0,0,buy,AA,,23.499,43.641,3.0,buy,2031-08-06,5.222,11.7,79914.98,136320.51,19.57,-19.06,,0,14:59:58,00,Y,N,0,0,Y,,2026-02-12 开始转股,计算使用5.3年期 评级为AA 债参考YTM：2.1706,N,11.7,全价：339.767 最后更新：14:59:58,,,,0,"{'G': '本次（2026年2月12日至2026年3月12日）不提前赎回，以2026年9月13日为首个交易日重新计算', 'M': ''}",0,0,N,,,buy,buy
2026-05-18 11:30:54,123088,威唐转债,wtzz,132.788,-0.1,300707,威唐工业,wtgy,14.91,-0.4,2.27,14.96,99.67,0,33.23,166.02,280205,汽车,szcy,C,2021-01-06,[],0,0,buy,A+,,10.472,19.448,13.8,buy,2026-12-15,0.578,3.004,2846.87,6338.49,7.12,-23.29,,0,15:34:12,00,Y,N,1,1,Y,转股价下修1次，成功下修1次,2021-06-21 开始转股,计算使用0.6年期 评级为A+ 债参考YTM：4.0858,N,3.014,全价：132.788 最后更新：15:34:12,,,,1,[],0,0,N,,,buy,buy
2026-05-18 11:30:54,118062,天准转债,tzzz,248.909,3.1,688003,天准科技,tzkj,103.9,7.72,10.05,55.73,186.44,31,33.51,282.42,640704,机械设备,shkc,C,2025-12-31,[],0,0,buy,AA-,,39.011,66.876,4.3,buy,2031-12-11,5.57,8.72,147913.08,150628.03,66.72,-12.97,,0,15:00:00,00,Y,N,0,0,Y,,未到转股期；2026-06-18 开始转股,计算使用5.6年期 评级为AA- 债参考YTM：3.1886,N,8.72,全价：248.909 最后更新：15:00:00,,,,0,{'M': ''},0,0,N,120%,,buy,buy
2026-05-18 11:30:54,111022,锡振转债,xzzz,160.902,2.33,605319,无锡振华,wxzh,27.26,4.01,3.32,22.64,120.41,0,33.63,194.53,280205,汽车,shmb,C,2025-07-14,[],0,0,buy,AA-,,15.848,29.432,5.5,buy,2031-06-18,5.088,5.197,8343.4,28193.71,9.99,-6.04,,0,14:59:49,00,Y,N,0,0,Y,,2025-12-24 开始转股,计算使用5.1年期 评级为AA- 债参考YTM：2.7622,N,5.2,全价：160.902 最后更新：14:59:49,,,,0,[],0,0,N,,,buy,buy
2026-05-18 11:30:54,123237,佳禾转债,jhzz,145.0,0.04,300793,佳禾智能,jhzn,14.57,0.34,1.96,13.46,108.25,0,33.95,178.95,270504,电子,szcy,C,2024-01-24,[],0,0,buy,A+,,9.422,17.498,8.0,buy,2030-01-04,3.636,4.315,4548.93,8293.62,7.27,-5.76,,0,15:34:42,00,Y,N,1,1,Y,转股价下修1次，成功下修1次,2024-07-10 开始转股,计算使用3.7年期 评级为A+ 债参考YTM：4.8881,N,10.04,全价：145.000 最后更新：15:34:42,,,,0,[],0,0,N,,,buy,buy
2026-05-18 11:30:54,111020,合顺转债,hszz,145.48,-0.28,605166,聚合顺,jhs,11.5,-0.86,1.8,10.59,108.59,0,33.97,179.45,220406,基础化工,shmb,C,2024-08-15,[],0,0,buy,AA-,,7.413,13.767,9.3,buy,2030-07-22,4.181,3.38,4874.35,7846.94,9.89,-4.64,,0,14:59:54,00,Y,N,0,0,Y,,2025-01-27 开始转股,计算使用4.2年期 评级为AA- 债参考YTM：2.6074,N,3.38,全价：145.480 最后更新：14:59:54,,,,0,[],0,0,N,,,buy,buy
2026-05-18 11:30:54,110099,福能转债,fnzz,147.74,1.37,600483,福能股份,fngf,10.85,2.36,1.07,9.84,110.26,0,33.99,181.73,410110,公用事业,shmb,C,2025-10-30,[],0,0,buy,AA+,,6.888,12.792,12.6,buy,2031-10-13,5.408,38.02,11265.6,41382.47,2.01,-5.32,,0,15:00:00,00,Y,N,0,0,Y,,2026-04-17 开始转股,计算使用5.5年期 评级为AA+ 债参考YTM：1.9508,N,38.02,全价：147.740 最后更新：15:00:00,,,,0,{'M': ''},0,0,N,,,buy,buy
2026-05-18 11:30:54,127064,杭氧转债,hyzz,149.635,-0.24,002430,杭氧股份,hygf,29.0,-3.24,2.79,25.97,111.67,0,34.0,183.64,220309,基础化工,szmb,C,2022-07-05,[],0,0,buy,AA+,,18.179,33.761,4.0,buy,2028-05-19,2.006,11.364,10383.71,50111.39,6.09,-13.99,,0,15:34:21,00,Y,N,1,1,Y,转股价下修1次，成功下修1次,2022-11-25 开始转股,计算使用2.1年期 评级为AA+ 债参考YTM：1.6785,N,11.37,全价：149.635 最后更新：15:34:21,,,,1,{'M': ''},0,0,N,,,buy,buy
2026-05-18 11:30:54,123142,申昊转债,shzz,134.042,1.26,300853,申昊科技,shkj,33.67,2.78,7.77,33.71,99.88,0,34.2,168.24,630803,电力设备,szcy,C,2022-04-11,[],0,0,buy,A-,,23.597,43.823,16.6,buy,2028-03-18,1.836,5.494,6738.25,32449.72,9.17,-9.26,,0,15:34:27,00,Y,N,0,0,Y,,2022-09-26 开始转股,计算使用1.9年期 评级为A- 债参考YTM：9.0765,N,5.5,全价：134.042 最后更新：15:34:27,,,,1,[],0,0,N,,,buy,buy
2026-05-18 11:30:54,127105,龙星转债,lxzz,136.294,-0.91,002442,龙星科技,lxkj,5.89,-3.44,1.61,5.8,101.55,0,34.21,170.5,220603,基础化工,szmb,C,2024-03-06,[],0,0,buy,AA-,,4.06,7.54,26.0,buy,2030-01-31,3.71,7.54,7043.62,9635.42,6.84,-3.58,,0,15:34:30,00,Y,N,0,0,Y,,2024-08-07 开始转股,计算使用3.8年期 评级为AA- 债参考YTM：2.5436,N,7.54,全价：136.294 最后更新：15:34:30,,,,0,[],0,0,N,,,buy,buy
2026-05-18 11:30:54,110098,南药转债,nyzz,136.663,-0.41,600713,南京医药,njyy,5.19,-0.76,0.92,5.12,101.37,0,34.82,171.48,370402,医药生物,shmb,C,2025-01-20,[],0,0,buy,AA+,,3.584,6.656,16.2,buy,2030-12-25,4.608,10.814,5117.54,5796.74,3.46,-4.24,,0,14:59:01,00,Y,N,0,0,Y,,2025-07-01 开始转股,计算使用4.7年期 评级为AA+ 债参考YTM：1.8846,N,10.815,全价：136.663 最后更新：14:59:01,,,,0,[],0,0,N,,,buy,buy
2026-05-18 11:30:54,123178,花园转债,hyzz,136.23,0.06,300401,花园生物,hysw,13.55,0.89,2.08,13.45,100.74,0,35.22,171.45,370101,医药生物,szcy,C,2023-03-23,[],0,0,buy,AA-,,9.415,17.485,16.2,buy,2029-03-06,2.803,11.731,5903.69,13445.12,3.69,-4.93,,0,15:34:27,00,Y,N,1,1,Y,转股价下修1次，成功下修1次,2023-09-11 开始转股,计算使用2.9年期 评级为AA- 债参考YTM：2.3619,N,12.0,全价：136.230 最后更新：15:34:27,,,,0,{'M': ''},0,0,N,,,buy,buy
2026-05-18 11:30:54,113688,国检转债,gjzz,148.144,6.77,603060,国检集团,gjjt,7.13,10.03,2.75,6.52,109.36,0,35.47,183.61,460802,社会服务,shmb,C,2024-11-12,[],0,0,buy,AA+,,4.564,8.476,14.0,buy,2030-10-17,4.419,7.998,82497.46,12337.87,70.14,-5.41,,0,14:59:59,00,Y,N,0,0,Y,,2025-04-23 开始转股,计算使用4.5年期 评级为AA+ 债参考YTM：1.8735,N,8.0,全价：148.144 最后更新：14:59:59,,,,0,[],0,0,N,,,buy,buy
2026-05-18 11:30:54,127045,牧原转债,myzz,125.4,-1.53,002714,牧原股份,mygf,40.43,-4.87,2.67,43.74,92.43,0,35.67,161.07,110702,农林牧渔,szmb,C,2021-09-10,[],0,0,buy,AA+,,30.618,56.862,6.2,buy,2027-08-16,1.247,95.43,19706.83,304224.92,1.64,-11.07,,0,15:34:09,00,Y,Y,0,0,N,2026-05-18 起暂停转股：权益分派,2022-02-21 开始转股;2026-05-18 起暂停转股：权益分派,计算使用1.3年期 评级为AA+ 债参考YTM：1.5890,N,95.5,全价：125.400 最后更新：15:34:09,,,,1,{'M': ''},0,0,N,,,buy,buy
2026-05-18 11:30:54,113659,莱克转债,lkzz,135.504,-0.83,603355,莱克电气,lkdq,31.65,-2.5,3.16,31.72,99.78,0,35.8,171.3,330302,家用电器,shmb,C,2022-11-15,[],0,0,buy,AA,,22.204,41.236,6.6,buy,2028-10-14,2.411,11.998,9459.06,7910.29,5.81,-7.28,,0,14:59:50,00,Y,N,0,0,Y,,2023-04-20 开始转股,计算使用2.5年期 评级为AA 债参考YTM：1.7653,N,12.0,全价：135.504 最后更新：14:59:50,,,,0,"{'M': '', 'EX': '莱克电气投资集团有限公司竞价减持10.04% 2026年05月13日公告'}",0,0,N,,,buy,buy
2026-05-18 11:30:54,118040,宏微转债,hwzz,150.103,-1.0,688711,宏微科技,hwkj,31.45,-2.99,6.17,28.51,110.31,0,36.07,186.17,270102,电子,shkc,C,2023-08-14,[],0,0,buy,A,,19.957,37.063,6.4,buy,2029-07-25,3.189,4.297,5722.5,45791.21,8.84,-6.86,,0,14:59:25,00,Y,N,1,1,Y,转股价下修1次，成功下修1次,2024-01-31 开始转股,计算使用3.2年期 评级为A 债参考YTM：7.1558,N,4.3,全价：150.103 最后更新：14:59:25,,,,0,{'M': ''},0,0,N,,,buy,buy
2026-05-18 11:30:54,123104,卫宁转债,wnzz,128.806,-0.38,300253,卫宁健康,wnjk,8.93,0.45,3.51,9.44,94.6,0,36.16,164.97,710401,计算机,szcy,C,2021-03-31,[],0,0,buy,AA,,6.608,12.272,5.9,buy,2027-03-16,0.827,9.699,6198.68,50419.96,4.94,-8.29,,0,15:34:09,00,Y,N,1,1,Y,转股价下修1次，成功下修1次,2021-09-22 开始转股,计算使用0.9年期 评级为AA 债参考YTM：1.5350,N,9.703,全价：128.806 最后更新：15:34:09,,,,1,{'M': ''},0,0,N,,,buy,buy
2026-05-18 11:30:54,113584,家悦转债,jyzz,109.828,0.0,603708,家家悦,jjy,10.01,-0.5,2.56,12.45,80.4,0,36.6,146.43,450302,商贸零售,shmb,C,2020-06-24,[],0,0,buy,AA,,8.715,16.185,10.1,buy,2026-06-05,0.049,6.447,3231.34,5175.08,4.56,3.36,,0,14:58:26,00,Y,N,1,1,Y,转股价下修1次，成功下修1次,2020-12-14 开始转股,计算使用0.1年期 评级为AA 债参考YTM：1.4675,N,6.45,全价：109.828 最后更新：14:58:26,,,,1,"{'R': '到期\n最后交易日：2026-06-01\n最后转股日：2026-06-04\n债券到期日：2026-06-05\n到期赎回价：110.000元/张', 'M': ''}",0,0,N,,,buy,buy
2026-05-18 11:30:54,128138,侨银转债,qyzz,131.9,0.13,002973,侨银股份,qygf,14.12,1.44,2.21,14.64,96.45,0,36.76,168.66,760103,环保,szmb,C,2020-12-24,[],0,0,buy,A+,,10.248,19.032,9.4,buy,2026-11-17,0.501,4.199,6664.0,14162.42,12.01,-2.89,,0,15:34:36,00,Y,N,2,2,Y,转股价下修2次，成功下修2次,2021-05-24 开始转股,计算使用0.6年期 评级为A+ 债参考YTM：4.0858,N,4.2,全价：131.900 最后更新：15:34:36,,,,1,[],0,0,N,,,buy,buy
2026-05-18 11:30:54,111017,蓝天转债,ltzz,129.51,-0.3,605368,蓝天燃气,ltrq,7.54,-0.26,1.6,7.98,94.49,0,37.07,166.58,410301,公用事业,shmb,C,2023-09-08,[],0,0,buy,AA,,5.586,10.374,12.5,buy,2029-08-15,3.247,6.715,3847.52,3047.42,4.42,-3.85,,0,14:59:02,00,Y,N,0,0,Y,,2024-02-21 开始转股,计算使用3.3年期 评级为AA 债参考YTM：1.8851,N,8.7,全价：129.510 最后更新：14:59:02,,,,0,[],0,0,N,,,buy,buy
2026-05-18 11:30:54,118064,联瑞转债,lrzz,262.025,1.33,688300,联瑞新材,lrxc,121.19,-0.91,15.99,63.55,190.7,57,37.4,299.43,220901,基础化工,shkc,C,2026-01-28,[],0,0,buy,AA,,44.485,82.615,2.4,buy,2032-01-07,5.644,6.95,26391.06,109311.84,14.54,-13.9,,0,14:59:59,00,Y,N,0,0,Y,,未到转股期；2026-07-14 开始转股,计算使用5.7年期 评级为AA 债参考YTM：2.2294,N,6.95,全价：262.025 最后更新：14:59:59,,,,0,{'M': ''},0,0,N,,,buy,buy
2026-05-18 11:30:54,127092,运机转债,yjzz,310.905,-3.66,001288,运机集团,yjjt,26.89,-5.32,2.59,11.89,226.16,0,37.47,348.38,640203,机械设备,szmb,C,2023-10-20,[],0,0,buy,AA-,,8.323,15.457,12.9,buy,2029-09-21,3.348,5.25,17264.76,17834.8,10.46,-25.0,,0,15:34:18,00,Y,N,0,0,Y,,2024-03-27 开始转股,计算使用3.4年期 评级为AA- 债参考YTM：2.4916,N,7.3,全价：310.905 最后更新：15:34:18,,,,0,{'G': '本次（2025年12月8日至2025年12月26日）不提前赎回，以2026年12月26日后的首个交易日起重新计算'},0,0,N,,,buy,buy
2026-05-18 11:30:54,123199,山河转债,shzz,139.1,-0.5,300452,山河药辅,shyf,13.45,-0.74,2.99,13.3,101.13,0,37.55,176.65,370101,医药生物,szcy,C,2023-07-07,[],0,0,buy,A+,,9.31,17.29,12.0,buy,2029-06-12,3.071,3.197,2834.22,5280.29,6.36,-6.83,,0,15:34:33,00,Y,N,1,1,Y,转股价下修1次，成功下修1次,2023-12-18 开始转股,计算使用3.1年期 评级为A+ 债参考YTM：4.7794,N,3.2,全价：139.100 最后更新：15:34:33,,,,0,[],0,0,N,,,buy,buy
2026-05-18 11:30:54,113052,兴业转债,xyzz,116.503,-0.52,601166,兴业银行,xyyh,17.45,-1.25,0.41,20.63,84.59,0,37.73,154.23,480301,银行,shmb,C,2022-01-14,[],0,0,buy,AAA,,,26.819,11.2,buy,2027-12-27,1.611,413.5,59277.13,155757.66,1.23,-2.83,,0,14:59:53,00,Y,Y,0,0,Y,,2022-06-30 开始转股,计算使用1.7年期 评级为AAA 债参考YTM：1.5901,N,500.0,全价：116.503 最后更新：14:59:53,,,,0,{'M': ''},0,0,N,,,buy,buy
2026-05-18 11:30:54,123258,胜蓝转02,slz2,246.767,2.22,300843,胜蓝股份,slgf,97.55,2.7,9.69,54.46,179.12,0,37.76,284.53,270504,电子,szcy,C,2025-09-10,[],0,0,buy,AA-,,38.122,70.798,2.9,buy,2031-08-28,5.282,4.499,83429.06,59034.9,75.55,-13.23,,0,15:34:51,00,Y,N,0,0,Y,,2026-03-03 开始转股,计算使用5.3年期 评级为AA- 债参考YTM：2.8953,N,4.5,全价：246.767 最后更新：15:34:51,,,,0,[],0,0,N,,,buy,buy
2026-05-18 11:30:54,123252,银邦转债,ybzz,150.6,0.39,300337,银邦股份,ybgf,13.62,0.52,6.24,12.51,108.87,0,38.33,188.93,240301,有色金属,szcy,C,2025-01-24,[],0,0,buy,AA-,,8.757,16.263,8.1,buy,2031-01-06,4.641,7.846,14952.47,29120.18,12.59,-5.27,,0,15:33:54,00,Y,N,0,0,Y,,2025-07-14 开始转股,计算使用4.7年期 评级为AA- 债参考YTM：2.6853,N,7.85,全价：150.600 最后更新：15:33:54,,,,0,{'M': ''},0,0,N,,,buy,buy
2026-05-18 11:30:54,118035,国力转债,glzz,145.089,0.82,688103,国力电子,gldz,65.21,0.85,5.4,62.54,104.27,0,39.15,184.24,270401,电子,shkc,C,2023-07-06,[],0,0,buy,A+,,43.778,81.302,7.7,buy,2029-06-12,3.071,4.8,9579.83,14113.5,13.73,-6.3,,0,14:59:26,00,Y,N,0,0,Y,,2023-12-18 开始转股,计算使用3.1年期 评级为A+ 债参考YTM：4.7794,N,4.8,全价：145.089 最后更新：14:59:26,,,,0,{'M': ''},0,0,N,,,buy,buy
2026-05-18 11:30:54,110093,神马转债,smzz,120.391,-0.78,600810,神马股份,smgf,6.99,-1.83,0.82,8.08,86.51,0,39.16,159.55,220406,基础化工,shmb,C,2023-04-20,[],0,0,buy,AAA,,5.656,10.504,29.4,buy,2029-03-16,2.83,22.199,12254.37,10766.44,4.57,-3.18,,0,14:59:29,00,Y,N,0,0,Y,,2023-09-22 开始转股,计算使用2.9年期 评级为AAA 债参考YTM：1.6895,N,30.0,全价：120.391 最后更新：14:59:29,,,,0,{'M': ''},0,0,N,,,buy,buy
2026-05-18 11:30:54,118007,山石转债,sszz,144.74,1.48,688030,山石网科,sswk,17.12,3.63,4.42,16.5,103.76,0,39.5,184.24,710402,计算机,shkc,C,2022-04-21,[],0,0,buy,A,,11.55,21.45,8.7,buy,2028-03-22,1.847,2.671,3379.0,6403.84,8.82,-11.22,,0,14:59:50,00,Y,N,1,1,Y,转股价下修1次，成功下修1次,2022-09-28 开始转股,计算使用1.9年期 评级为A 债参考YTM：6.7265,N,2.674,全价：144.740 最后更新：14:59:50,,,,1,{'M': ''},0,0,N,,,buy,buy
2026-05-18 11:30:54,127089,晶澳转债,jazz,122.75,-1.56,002459,晶澳科技,jakj,10.26,-1.06,1.6,11.66,87.99,0,39.5,162.25,630502,电力设备,szmb,C,2023-08-04,[],0,0,buy,AA+,,8.162,15.158,26.4,buy,2029-07-18,3.17,89.588,26361.96,47451.99,2.38,-2.93,,0,15:34:15,00,Y,N,2,1,Y,转股价下修2次，成功下修1次,2024-01-24 开始转股,计算使用3.2年期 评级为AA+ 债参考YTM：1.7964,N,89.603,全价：122.750 最后更新：15:34:15,,,,0,{'M': ''},0,0,N,,,buy,buy
2026-05-18 11:30:54,123171,共同转债,gtzz,138.7,-0.02,300966,共同药业,gtyy,26.95,-0.55,3.75,27.12,99.37,0,39.57,178.27,370101,医药生物,szcy,C,2022-12-16,[],0,0,buy,A,,18.984,35.256,18.4,buy,2028-11-28,2.534,3.799,3929.72,9179.22,7.43,-5.89,,0,15:34:21,00,Y,N,0,0,Y,,2023-06-02 开始转股,计算使用2.6年期 评级为A 债参考YTM：6.9423,N,3.8,全价：138.700 最后更新：15:34:21,,,,0,{'M': ''},0,0,N,,,buy,buy
2026-05-18 11:30:54,110090,爱迪转债,adzz,138.47,-1.43,600933,爱柯迪,akd,17.36,-1.59,1.8,17.55,98.92,0,39.99,178.46,280203,汽车,shmb,C,2022-10-28,[],0,0,buy,AA,,12.285,22.815,9.3,buy,2028-09-23,2.353,15.696,8037.42,29394.02,3.67,-8.47,,0,14:59:06,00,Y,N,0,0,Y,,2023-03-29 开始转股,计算使用2.4年期 评级为AA 债参考YTM：1.7510,N,15.7,全价：138.470 最后更新：14:59:06,,,,0,{'M': ''},0,0,N,,,buy,buy
2026-05-18 11:30:54,128134,鸿路转债,hlzz,113.071,-0.69,002541,鸿路钢构,hlgg,17.65,-4.13,1.2,21.99,80.26,0,40.87,153.94,620401,建筑装饰,szmb,C,2020-11-02,[],0,0,buy,AA,,15.393,28.587,18.0,buy,2026-10-09,0.395,15.726,6341.17,18432.77,3.56,-6.93,,0,15:34:42,00,Y,N,1,1,Y,转股价下修1次，成功下修1次,2021-04-15 开始转股,计算使用0.4年期 评级为AA 债参考YTM：1.4902,N,18.8,全价：113.071 最后更新：15:34:42,,,,0,{'M': ''},0,0,N,,,buy,buy
2026-05-18 11:30:54,113698,凯众转债,kzzz,163.394,-1.84,603037,凯众股份,kzgf,14.73,-3.98,3.83,12.74,115.62,0,41.32,204.71,280203,汽车,shmb,C,2025-09-10,[],0,0,buy,AA-,,8.918,16.562,7.9,buy,2031-08-15,5.247,3.079,13686.43,22914.19,27.13,-6.76,,0,14:59:53,00,Y,N,0,0,Y,,2026-02-24 开始转股,计算使用5.3年期 评级为AA- 债参考YTM：2.8953,N,3.08,全价：163.394 最后更新：14:59:53,,,,0,[],0,0,N,,,buy,buy
2026-05-18 11:30:54,127099,盛航转债,shzz,135.975,0.36,001205,盛航股份,shgf,14.89,0.61,1.27,15.48,96.19,0,41.36,177.34,421101,交通运输,szmb,C,2023-12-28,[],0,0,buy,AA-,,10.836,20.124,18.3,buy,2029-12-06,3.556,4.541,3865.64,4959.81,6.27,-3.59,,0,15:34:03,00,Y,N,1,1,N,"转股价下修1次，成功下修1次
2026-05-14 起暂停转股：权益分派
转股价15.480生效日期2025-06-06",2024-06-12 开始转股;2026-05-14 起暂停转股：权益分派,计算使用3.6年期 评级为AA- 债参考YTM：2.5189,N,7.4,全价：135.975 最后更新：15:34:03,,,,0,[],0,0,N,,,buy,buy
2026-05-18 11:30:54,123224,宇邦转债,ybzz,144.428,-0.64,301266,宇邦新材,ybxc,37.6,-1.16,2.21,36.82,102.12,0,41.43,185.86,630504,电力设备,szcy,C,2023-10-18,[],0,0,buy,A+,,25.774,47.866,7.3,buy,2029-09-19,3.343,2.848,5829.78,8130.63,14.14,-5.57,,0,15:34:42,00,Y,N,1,1,N,"转股价下修1次，成功下修1次
2026-05-13 至 2026-05-21 期间暂停转股：权益分派
转股价36.820生效日期2025-11-21",2024-03-25 开始转股;2026-05-13 至 2026-05-21 期间暂停转股：权益分派,计算使用3.4年期 评级为A+ 债参考YTM：4.8456,N,5.0,全价：144.428 最后更新：15:34:42,,,,0,"{'G': '本次（2026年1月30日至2026年3月11日）不提前赎回，自2026年6月11日后首个交易日重新计算', 'M': ''}",0,0,N,,,buy,buy
2026-05-18 11:30:54,111003,聚合转债,jhzz,143.482,0.23,605166,聚合顺,jhs,11.5,-0.86,1.8,11.37,101.14,0,41.86,185.34,220406,基础化工,shmb,C,2022-04-19,[],0,0,buy,AA-,,7.959,14.781,5.6,buy,2028-03-07,1.806,2.035,2450.94,7846.94,8.39,-10.6,,0,14:58:41,00,Y,N,1,1,Y,转股价下修1次，成功下修1次,2022-09-13 开始转股,计算使用1.9年期 评级为AA- 债参考YTM：2.0369,N,2.04,全价：143.482 最后更新：14:58:41,,,,1,[],0,0,N,,,buy,buy
2026-05-18 11:30:54,118036,力合转债,lhzz,144.202,0.81,688589,力合微,lhw,24.32,0.83,3.39,23.93,101.63,0,41.89,186.09,270104,电子,shkc,C,2023-07-20,[],0,0,buy,AA-,,16.751,31.109,10.8,buy,2029-06-28,3.115,3.8,7039.25,8514.5,12.84,-6.02,,0,14:59:54,00,Y,N,1,1,Y,转股价下修1次，成功下修1次,2024-01-04 开始转股,计算使用3.2年期 评级为AA- 债参考YTM：2.4538,N,3.8,全价：144.202 最后更新：14:59:54,,,,0,{'M': ''},0,0,N,,,buy,buy
2026-05-18 11:30:54,113658,密卫转债,mwzz,134.443,-1.0,603713,密尔克卫,mekw,52.63,-3.54,1.68,55.72,94.45,0,42.34,176.78,420806,交通运输,shmb,C,2022-10-25,[],0,0,buy,AA-,,39.004,72.436,10.5,buy,2027-09-16,1.332,8.719,5703.48,11015.01,4.84,-12.07,,0,14:58:48,00,Y,N,1,1,Y,转股价下修1次，成功下修1次,2023-03-22 开始转股,计算使用1.4年期 评级为AA- 债参考YTM：1.9571,N,8.724,全价：134.443 最后更新：14:58:48,,,,1,{'M': ''},0,0,N,,,buy,buy
2026-05-18 11:30:54,123119,康泰转2,ktz2,126.669,-1.04,300601,康泰生物,ktsw,13.99,-1.82,1.62,15.73,88.94,0,42.42,169.09,370303,医药生物,szcy,C,2021-08-05,[],0,0,buy,AA,,11.011,20.449,15.9,buy,2027-07-15,1.159,19.99,8613.99,22675.66,3.39,-8.96,,0,15:34:21,00,Y,N,5,5,Y,转股价下修5次，成功下修5次,2022-01-21 开始转股,计算使用1.2年期 评级为AA 债参考YTM：1.6038,N,20.0,全价：126.669 最后更新：15:34:21,,,,1,{'M': ''},0,0,N,,,buy,buy
2026-05-18 11:30:54,113070,渝水转债,yszz,128.812,-0.11,601158,重庆水务,cqsw,4.34,0.0,1.19,4.82,90.04,0,43.06,171.87,760102,环保,shmb,C,2025-02-13,[],0,0,buy,AAA,,3.374,6.266,9.1,buy,2031-01-09,4.649,18.998,4441.89,6173.88,1.81,-3.13,,0,14:59:41,00,Y,N,0,0,Y,,2025-07-15 开始转股,计算使用4.7年期 评级为AAA 债参考YTM：1.8046,N,19.0,全价：128.812 最后更新：14:59:41,,,,0,{'M': ''},0,0,N,,,buy,buy
2026-05-18 11:30:54,127049,希望转2,xwz2,111.8,-1.06,000876,新希望,xxw,8.24,-1.55,1.7,10.59,77.81,0,43.68,155.48,110702,农林牧渔,szmb,C,2021-11-29,[],0,0,buy,AAA,,7.413,13.767,22.0,buy,2027-11-02,1.46,81.434,22314.35,18013.01,2.44,-1.99,,0,15:34:36,00,Y,N,1,1,Y,转股价下修1次，成功下修1次,2022-05-09 开始转股,计算使用1.5年期 评级为AAA 债参考YTM：1.5756,N,81.5,全价：111.800 最后更新：15:34:36,,,,1,{'M': ''},0,0,N,,,buy,buy
2026-05-18 11:30:54,127054,双箭转债,sjzz,131.098,-0.41,002381,双箭股份,sjgf,6.44,-0.31,1.22,7.06,91.22,0,43.72,174.82,220602,基础化工,szmb,C,2022-03-15,[],0,0,buy,AA,,4.942,9.178,24.9,buy,2028-02-11,1.737,5.136,4885.85,3550.16,7.27,-7.9,,0,15:34:18,00,Y,N,0,0,Y,,2022-08-17 开始转股,计算使用1.8年期 评级为AA 债参考YTM：1.6727,N,5.136,全价：131.098 最后更新：15:34:18,,,,1,[],0,0,N,,,buy,buy
2026-05-18 11:30:54,113066,平煤转债,pmzz,144.767,1.13,601666,平煤股份,pmgf,7.55,2.17,0.74,7.52,100.4,0,44.19,188.96,740102,煤炭,shmb,C,2023-04-10,[],0,0,buy,AAA,,5.264,9.776,7.7,buy,2029-03-16,2.83,14.274,6433.91,27914.53,3.12,-9.42,,0,14:59:56,00,Y,N,1,1,Y,转股价下修1次，成功下修1次,2023-09-22 开始转股,计算使用2.9年期 评级为AAA 债参考YTM：1.6895,N,29.0,全价：144.767 最后更新：14:59:56,,,,0,{'M': ''},0,0,N,,,buy,buy
2026-05-18 11:30:54,118037,上声转债,sszz,138.426,0.87,688533,上声电子,ssdz,27.79,1.02,2.53,28.99,95.86,0,44.4,182.83,280206,汽车,shkc,C,2023-08-01,[],0,0,buy,A+,,20.293,37.687,10.2,buy,2029-07-06,3.137,4.679,3474.99,3794.2,5.38,-5.71,,0,14:59:59,00,Y,N,2,1,Y,转股价下修2次，成功下修1次,2024-01-12 开始转股,计算使用3.2年期 评级为A+ 债参考YTM：4.8058,N,5.2,全价：138.426 最后更新：14:59:59,,,,0,{'M': ''},0,0,N,,,buy,buy
2026-05-18 11:30:54,113053,隆22转债,l22zz,125.288,-2.61,601012,隆基绿能,ljln,15.14,-2.95,2.25,17.5,86.51,0,44.82,170.11,630502,电力设备,shmb,C,2022-02-17,[],0,0,buy,AAA,,12.25,22.75,6.1,buy,2028-01-05,1.636,69.951,18605.67,236462.35,2.09,-8.45,,0,14:59:52,00,Y,N,1,1,Y,转股价下修1次，成功下修1次,2022-07-11 开始转股,计算使用1.7年期 评级为AAA 债参考YTM：1.5901,N,70.0,全价：125.288 最后更新：14:59:52,,,,1,{'M': ''},0,0,N,,,buy,buy
2026-05-18 11:30:54,127018,本钢转债,bgzz,118.393,0.03,000761,本钢板材,bgbc,2.68,0.75,1.6,3.29,81.46,0,45.34,163.73,230402,钢铁,szmb,C,2020-08-04,[],0,0,buy,AAA,,2.303,4.277,56.7,buy,2026-06-29,0.115,56.309,23548.11,4451.83,3.53,4.45,,0,15:34:03,00,Y,N,1,1,Y,转股价下修1次，成功下修1次,2021-01-04 开始转股,计算使用0.2年期 评级为AAA 债参考YTM：1.4276,N,68.0,全价：118.393 最后更新：15:34:03,,,,1,{'M': ''},0,0,N,,,buy,buy
2026-05-18 11:30:54,113671,武进转债,wjzz,143.551,-0.52,603878,武进不锈,wjbx,7.83,0.64,1.68,7.93,98.74,0,45.38,188.93,230403,钢铁,shmb,C,2023-08-03,[],0,0,buy,AA,,5.551,10.309,7.0,buy,2029-07-10,3.148,3.093,6253.78,9041.9,14.05,-7.13,,0,14:59:47,00,Y,N,0,0,Y,,2024-01-15 开始转股,计算使用3.2年期 评级为AA 债参考YTM：1.8682,N,3.1,全价：143.551 最后更新：14:59:47,,,,0,[],0,0,N,,,buy,buy
2026-05-18 11:30:54,127072,博实转债,bszz,140.574,-0.9,002698,博实股份,bsgf,14.48,-1.5,3.48,15.06,96.15,0,46.2,186.77,640701,机械设备,szmb,C,2022-11-03,[],0,0,buy,AA,,10.542,19.578,3.7,buy,2028-09-22,2.351,4.498,5227.93,22358.42,8.24,-8.23,,0,15:34:24,00,Y,N,0,0,Y,,2023-03-28 开始转股,计算使用2.4年期 评级为AA 债参考YTM：1.7510,N,4.5,全价：140.574 最后更新：15:34:24,,,,0,{'M': ''},0,0,N,,,buy,buy
2026-05-18 11:30:54,123172,漱玉转债,syzz,133.3,-0.28,301017,漱玉平民,sypm,13.6,1.34,2.57,14.95,90.97,0,46.53,179.83,370403,医药生物,szcy,C,2023-01-06,[],0,0,buy,AA-,,10.465,19.435,22.6,buy,2028-12-15,2.581,7.96,7787.06,11809.65,7.29,-5.17,,0,15:34:39,00,Y,N,1,1,Y,转股价下修1次，成功下修1次,2023-06-21 开始转股,计算使用2.6年期 评级为AA- 债参考YTM：2.2473,N,8.0,全价：133.300 最后更新：15:34:39,,,,0,{'M': ''},0,0,N,,,buy,buy
2026-05-18 11:30:54,123114,三角转债,sjzz,136.58,-0.95,300775,三角防务,sjfw,29.24,-1.42,2.65,31.39,93.15,0,46.62,183.2,650201,国防军工,szcy,C,2021-06-11,[],0,0,buy,AA-,,21.973,40.807,5.8,buy,2027-05-25,1.019,8.999,7380.18,47808.33,5.97,-14.01,,0,15:34:15,00,Y,N,0,0,Y,,2021-11-30 开始转股,计算使用1.1年期 评级为AA- 债参考YTM：1.8865,N,9.044,全价：136.580 最后更新：15:34:15,,,,1,{'M': ''},0,0,N,,,buy,buy
2026-05-18 11:30:54,123173,恒锋转债,hfzz,136.988,0.73,300605,恒锋信息,hfxx,12.84,4.99,4.61,13.77,93.25,0,46.91,183.9,710401,计算机,szcy,C,2023-02-08,[],0,0,buy,A-,,9.639,17.901,14.4,buy,2028-12-30,2.622,2.331,4186.39,8421.47,13.18,-5.24,,0,15:34:42,00,Y,N,0,0,Y,,2023-07-06 开始转股,计算使用2.7年期 评级为A- 债参考YTM：9.3324,N,2.424,全价：136.988 最后更新：15:34:42,,,,0,[],0,0,N,,,buy,buy
2026-05-18 11:30:54,113694,清源转债,qyzz,136.927,-0.89,603628,清源股份,qygf,11.97,-1.16,2.46,12.86,93.08,0,47.11,184.04,630504,电力设备,shmb,C,2025-04-25,[],0,0,buy,A+,,9.002,16.718,15.3,buy,2031-04-08,4.893,5.0,4130.29,7038.02,5.99,-2.92,,0,14:59:04,00,Y,N,0,0,Y,,2025-10-14 开始转股,计算使用4.9年期 评级为A+ 债参考YTM：5.0671,N,5.0,全价：136.927 最后更新：14:59:04,,,,0,{'M': ''},0,0,N,,,buy,buy
2026-05-18 11:30:54,123124,晶瑞转2,jrz2,144.346,0.24,300655,晶瑞电材,jrdc,16.37,0.61,6.58,16.69,98.08,0,47.17,191.52,270601,电子,szcy,C,2021-09-07,[],0,0,buy,A+,,11.683,21.697,3.0,buy,2027-08-16,1.247,5.225,14730.52,128213.56,19.4,-20.51,,1,15:34:24,00,Y,N,0,0,Y,,2022-02-21 开始转股,计算使用1.3年期 评级为A+ 债参考YTM：4.2715,N,5.23,全价：144.346 最后更新：15:34:24,,,,1,{'M': ''},0,0,N,,23年6月前不下修,buy,buy
2026-05-18 11:30:54,113067,燃23转债,r23zz,131.794,0.49,601139,深圳燃气,szrq,6.6,1.07,1.14,7.4,89.19,0,47.77,179.56,410301,公用事业,shmb,C,2023-08-18,[],0,0,buy,AAA,,5.18,9.62,15.8,buy,2029-07-27,3.195,29.999,5384.34,21226.16,1.36,-5.38,,0,14:59:06,00,Y,N,0,0,Y,,2024-02-02 开始转股,计算使用3.2年期 评级为AAA 债参考YTM：1.7126,N,30.0,全价：131.794 最后更新：14:59:06,,,,0,{'M': ''},0,0,N,,,buy,buy
2026-05-18 11:30:54,128129,青农转债,qnzz,107.613,0.01,002958,青农商行,qnsh,2.91,-1.02,0.37,4.0,72.75,0,47.92,155.53,480501,银行,szmb,C,2020-09-18,[],0,0,buy,AAA,,,5.2,31.6,buy,2026-08-25,0.271,49.997,9457.48,12321.32,1.76,1.34,,0,15:34:39,00,Y,N,1,1,Y,转股价下修1次，成功下修1次,2021-03-01 开始转股,计算使用0.3年期 评级为AAA 债参考YTM：1.4300,N,50.0,全价：107.613 最后更新：15:34:39,,,,0,{'M': ''},0,0,N,,,buy,buy
2026-05-18 11:30:54,123195,蓝晓转02,lxz02,150.511,-2.26,300487,蓝晓科技,lxkj,60.0,-0.79,6.64,59.38,101.04,0,48.96,199.47,220504,基础化工,szcy,C,2023-05-08,[],0,0,buy,A+,,41.566,77.194,3.0,buy,2029-04-17,2.918,5.458,5252.72,22108.3,6.33,-7.79,,0,15:34:36,00,Y,N,0,0,Y,,2023-10-23 开始转股,计算使用3.0年期 评级为A+ 债参考YTM：4.7473,N,5.461,全价：150.511 最后更新：15:34:36,,,,0,{'M': ''},0,0,N,,,buy,buy
2026-05-18 11:30:54,127104,姚记转债,yjzz,147.746,0.26,002605,姚记科技,yjkj,19.89,-0.6,2.1,20.06,99.15,0,49.01,196.76,720401,传媒,szmb,C,2024-02-26,[],0,0,buy,A+,,14.042,26.078,8.7,buy,2030-01-24,3.69,5.823,2219.52,8357.52,2.58,-5.54,,0,15:34:24,00,Y,N,0,0,Y,,2024-07-31 开始转股,计算使用3.7年期 评级为A+ 债参考YTM：4.8881,N,5.831,全价：147.746 最后更新：15:34:24,,,,0,[],0,0,N,,,buy,buy
2026-05-18 11:30:54,118059,颀中转债,qzzz,163.307,1.94,688352,颀中科技,qzkj,14.93,2.54,3.04,13.75,108.58,0,50.4,213.71,270107,电子,shkc,C,2025-11-21,[],0,0,buy,AA+,,9.625,17.875,15.6,buy,2031-11-03,5.466,8.499,14773.89,46717.05,10.64,-6.68,,0,15:00:00,00,Y,N,0,0,Y,,2026-05-07 开始转股,计算使用5.5年期 评级为AA+ 债参考YTM：1.9508,N,8.5,全价：163.307 最后更新：15:00:00,,,,0,{'M': ''},0,0,N,,,buy,buy
2026-05-18 11:30:54,123133,佩蒂转债,pdzz,132.896,-0.04,300673,佩蒂股份,pdgf,15.52,-1.15,2.04,17.58,88.28,0,50.54,183.44,110404,农林牧渔,szcy,C,2022-01-21,[],0,0,buy,AA-,,12.306,22.854,28.9,buy,2027-12-22,1.597,7.198,5408.49,4080.18,5.65,-7.76,,0,15:34:21,00,Y,N,1,1,Y,转股价下修1次，成功下修1次,2022-06-28 开始转股,计算使用1.6年期 评级为AA- 债参考YTM：1.9900,N,7.2,全价：132.896 最后更新：15:34:21,,,,1,[],0,0,N,,,buy,buy
2026-05-18 11:30:54,113692,保隆转债,blzz,134.078,-0.58,603197,保隆科技,blkj,35.03,-0.65,2.29,39.36,89.0,0,50.65,184.73,280205,汽车,shmb,C,2024-11-27,[],0,0,buy,AA,,27.552,51.168,18.8,buy,2030-10-31,4.458,13.897,4387.63,12542.43,2.34,-3.74,,0,14:59:12,00,Y,N,0,0,Y,,2025-05-06 开始转股,计算使用4.5年期 评级为AA 债参考YTM：2.0798,N,13.9,全价：134.078 最后更新：14:59:12,,,,0,{'M': ''},0,0,N,,,buy,buy
2026-05-18 11:30:54,113674,华设转债,hszz,135.201,0.04,603018,华设集团,hsjt,7.57,-0.39,0.95,8.45,89.59,0,50.92,186.12,620601,建筑装饰,shmb,C,2023-08-15,[],0,0,buy,AA,,5.915,10.985,7.7,buy,2029-07-21,3.178,3.999,4296.8,7693.71,7.92,-4.72,,0,14:59:08,00,Y,N,0,0,Y,,2024-01-29 开始转股,计算使用3.2年期 评级为AA 债参考YTM：1.8682,N,4.0,全价：135.201 最后更新：14:59:08,,,,0,{'M': ''},0,0,N,,,buy,buy
2026-05-18 11:30:54,113665,汇通转债,htzz,134.51,-0.62,603176,汇通集团,htjt,5.6,0.36,2.36,6.29,89.03,0,51.08,185.59,620306,建筑装饰,shmb,C,2023-01-11,[],0,0,buy,AA-,,4.403,8.177,13.9,buy,2028-12-15,2.581,3.596,4967.42,2752.91,10.28,-4.87,,0,14:59:27,00,Y,N,1,1,Y,转股价下修1次，成功下修1次,2023-06-21 开始转股,计算使用2.6年期 评级为AA- 债参考YTM：2.2473,N,3.6,全价：134.510 最后更新：14:59:27,,,,0,[],0,0,N,,,buy,buy
2026-05-18 11:30:54,127046,百润转债,brzz,130.11,-0.02,002568,百润股份,brgf,17.75,0.28,3.57,20.63,86.04,0,51.22,181.33,340602,食品饮料,szmb,C,2021-11-03,[],0,0,buy,AA,,14.441,26.819,8.3,buy,2027-09-29,1.367,11.274,5080.85,17461.49,3.45,-10.63,,0,15:34:33,00,Y,N,1,1,Y,转股价下修1次，成功下修1次,2022-04-12 开始转股,计算使用1.4年期 评级为AA 债参考YTM：1.6319,N,11.28,全价：130.110 最后更新：15:34:33,,,,0,{'M': ''},0,0,N,,,buy,buy
2026-05-18 11:30:54,123269,金杨转债,jyzz,167.5,3.73,301210,金杨精密,jygf,44.04,3.55,2.68,39.8,110.65,161,51.37,218.87,630701,电力设备,szcy,C,2026-05-11,[],0,0,buy,AA-,,27.86,51.74,51.2,buy,2032-04-19,5.926,9.8,32458.14,22365.89,19.78,-6.4,,0,15:34:00,00,Y,N,0,0,Y,,未到转股期；2026-10-26 开始转股,计算使用6.0年期 评级为AA- 债参考YTM：3.5135,N,9.8,全价：167.500 最后更新：15:34:00,,,,0,{'M': ''},0,0,N,,,buy,buy
2026-05-18 11:30:54,118052,浩瀚转债,hhzz,153.403,3.69,688292,浩瀚深度,hhsd,24.55,5.91,3.86,24.26,101.2,0,51.59,204.99,710103,计算机,shkc,C,2025-04-07,[],0,0,buy,A+,,16.982,31.538,9.1,buy,2031-03-13,4.822,3.539,12326.3,13349.74,22.82,-5.09,,0,14:59:56,00,Y,N,0,0,Y,,2025-09-19 开始转股,计算使用4.9年期 评级为A+ 债参考YTM：5.0671,N,3.54,全价：153.403 最后更新：14:59:56,,,,0,{'M': ''},0,0,N,,,buy,buy
2026-05-18 11:30:54,123194,百洋转债,byzz,134.193,0.19,301015,百洋医药,byyy,22.44,-1.75,4.56,25.36,88.49,0,51.65,185.84,370402,医药生物,szcy,C,2023-05-05,[],0,0,buy,AA-,,17.752,32.968,7.2,buy,2029-04-14,2.91,8.459,5039.38,11341.24,4.44,-4.81,,0,15:34:27,00,Y,N,0,0,Y,,2023-10-20 开始转股,计算使用3.0年期 评级为AA- 债参考YTM：2.3973,N,8.6,全价：134.193 最后更新：15:34:27,,,,0,{'M': ''},0,0,N,,,buy,buy
2026-05-18 11:30:54,110086,精工转债,jgzz,127.8,-1.36,600496,精工钢构,jggg,4.03,-1.71,0.84,4.79,84.13,0,51.9,179.7,620401,建筑装饰,shmb,C,2022-05-23,[],0,0,buy,AA,,3.353,6.227,24.9,buy,2028-04-22,1.932,19.999,9066.27,14968.23,3.52,-5.88,,0,14:59:52,00,Y,N,0,0,Y,,2022-10-28 开始转股,计算使用2.0年期 评级为AA 债参考YTM：1.6957,N,20.0,全价：127.800 最后更新：14:59:52,,,,1,{'M': ''},0,0,N,,,buy,buy
2026-05-18 11:30:54,127031,洋丰转债,yfzz,128.742,-0.97,000902,新洋丰,xyf,14.46,-3.21,1.47,17.09,84.61,0,52.16,180.9,220805,基础化工,szmb,C,2021-04-23,[],0,0,buy,AA,,11.963,22.217,6.1,buy,2027-03-25,0.852,9.999,4502.05,28112.99,3.48,-15.31,,0,15:34:12,00,Y,N,1,1,Y,转股价下修1次，成功下修1次,2021-10-08 开始转股,计算使用0.9年期 评级为AA 债参考YTM：1.5350,N,10.0,全价：128.742 最后更新：15:34:12,,,,1,{'M': ''},0,0,N,,,buy,buy
2026-05-18 11:30:54,123065,宝莱转债,blzz,123.217,0.79,300246,宝莱特,blt,19.19,0.73,4.49,23.8,80.63,0,52.82,176.04,370502,医药生物,szcy,C,2020-09-24,[],0,0,buy,AA-,,16.66,30.94,5.4,buy,2026-09-04,0.299,2.18,2538.85,17239.13,9.47,-22.54,,0,15:34:12,00,Y,N,1,1,Y,转股价下修1次，成功下修1次,2021-03-11 开始转股,计算使用0.3年期 评级为AA- 债参考YTM：1.6973,N,2.19,全价：123.217 最后更新：15:34:12,,,,0,[],0,0,N,,,buy,buy
2026-05-18 11:30:54,113037,紫银转债,zyzz,109.625,0.0,601860,紫金银行,zjyh,2.58,-0.39,0.46,3.6,71.67,0,52.97,162.6,480501,银行,shmb,C,2020-08-17,[],0,0,buy,AA+,,,4.68,49.1,buy,2026-07-23,0.181,44.995,6633.89,6643.71,1.34,1.92,,0,14:59:55,00,Y,N,1,1,Y,转股价下修1次，成功下修1次,2021-01-29 开始转股,计算使用0.2年期 评级为AA+ 债参考YTM：1.4587,N,45.0,全价：109.625 最后更新：14:59:55,,,,0,{'M': ''},0,0,N,,,buy,buy
2026-05-18 11:30:54,127113,长高转债,cgzz,160.655,2.2,002452,长高电新,cgdx,11.56,7.04,2.56,11.01,105.0,119,53.01,213.67,630801,电力设备,szmb,C,2026-03-30,[],0,0,buy,AA-,,7.707,14.313,12.7,buy,2032-03-08,5.811,7.586,16696.06,68151.55,13.66,-5.84,,0,15:34:12,00,Y,N,0,0,Y,,未到转股期；2026-09-14 开始转股,计算使用5.9年期 评级为AA- 债参考YTM：3.4566,N,7.59,全价：160.655 最后更新：15:34:12,,,,0,{'M': ''},0,0,N,,,buy,buy
2026-05-18 11:30:54,123189,晓鸣转债,xmzz,133.011,-0.55,300967,晓鸣股份,xmgf,16.78,-2.04,4.01,19.34,86.76,0,53.3,186.31,110703,农林牧渔,szcy,C,2023-04-25,[],0,0,buy,A,,13.538,25.142,15.7,buy,2029-04-06,2.888,3.287,2891.21,7878.32,6.6,-4.34,,0,15:34:30,00,Y,N,0,0,N,2026-05-15 至 2026-05-26 期间暂停转股：权益分派,2023-10-12 开始转股;2026-05-15 至 2026-05-26 期间暂停转股：权益分派,计算使用2.9年期 评级为A 债参考YTM：7.0608,N,3.29,全价：133.011 最后更新：15:34:30,,,,0,{'M': ''},0,0,N,,,buy,buy
2026-05-18 11:30:54,127069,小熊转债,xxzz,133.68,-0.47,002959,小熊电器,xxdq,38.89,-0.51,1.93,45.0,86.42,0,54.68,188.36,330301,家用电器,szmb,C,2022-09-07,[],0,0,buy,AA-,,31.5,58.5,8.6,buy,2028-08-12,2.238,5.041,3360.82,4471.25,4.98,-5.14,,0,15:34:18,00,Y,N,1,1,Y,转股价下修1次，成功下修1次,2023-02-20 开始转股,计算使用2.3年期 评级为AA- 债参考YTM：2.1377,N,5.36,全价：133.680 最后更新：15:34:18,,,,0,{'M': ''},0,0,N,,,buy,buy
2026-05-18 11:30:54,127059,永东转2,ydz2,131.698,-0.22,002753,永东股份,ydgf,6.93,-0.14,1.11,8.16,84.93,0,55.07,186.77,220603,基础化工,szmb,C,2022-05-16,[],0,0,buy,AA-,,5.712,10.608,22.5,buy,2028-04-08,1.893,3.791,2791.73,4696.45,5.6,-6.12,,0,15:34:12,00,Y,N,0,0,Y,,2022-10-14 开始转股,计算使用1.9年期 评级为AA- 债参考YTM：2.0369,N,3.8,全价：131.698 最后更新：15:34:12,,,,1,[],0,0,N,,,buy,buy
2026-05-18 11:30:54,111024,澳弘转债,ahzz,173.957,1.53,605058,澳弘电子,ahdz,38.13,1.73,2.96,34.04,112.02,30,55.3,229.26,270202,电子,shmb,C,2026-01-16,[],0,0,buy,AA-,,23.828,44.252,10.6,buy,2031-12-10,5.567,5.8,10061.32,11976.52,10.0,-7.14,,0,15:00:00,00,Y,N,0,0,Y,,未到转股期；2026-06-17 开始转股,计算使用5.6年期 评级为AA- 债参考YTM：3.1886,N,5.8,全价：173.957 最后更新：15:00:00,,,,0,[],0,0,N,,,buy,buy
2026-05-18 11:30:54,127080,声迅转债,sxzz,220.2,6.96,003004,*ST声迅,sxgf,41.03,4.99,4.79,28.94,141.78,0,55.32,275.52,710102,计算机,szmb,C,2023-02-10,[],0,0,buy,A,,20.258,37.622,9.9,buy,2028-12-30,2.622,2.793,177928.85,9035.74,292.0,-21.24,,0,15:34:21,00,Y,N,0,0,Y,,2023-07-07 开始转股,计算使用2.7年期 评级为A 债参考YTM：6.9824,N,2.8,全价：220.200 最后更新：15:34:21,,,,0,[],0,0,N,,,buy,buy
2026-05-18 11:30:54,127044,蒙娜转债,mnzz,132.07,-4.3,002918,蒙娜丽莎,mnls,16.77,-9.98,2.09,19.84,84.53,0,56.25,188.32,360306,轻工制造,szmb,C,2021-09-16,[],0,0,buy,AA-,,13.888,25.792,9.4,buy,2027-08-16,1.247,3.369,63790.74,34444.51,144.3,-11.39,,0,15:34:06,00,Y,N,1,1,Y,转股价下修1次，成功下修1次,2022-02-21 开始转股,计算使用1.3年期 评级为AA- 债参考YTM：1.9374,N,11.689,全价：132.070 最后更新：15:34:06,,,,0,[],0,0,N,,,buy,buy
2026-05-18 11:30:54,110073,国投转债,gtzz,106.816,0.11,600061,国投资本,gtzb,6.43,-1.08,0.72,9.42,68.26,0,56.49,163.31,490101,非银金融,shmb,C,2020-08-20,[],0,0,buy,AAA,,,12.246,19.5,buy,2026-07-24,0.184,79.991,16414.82,27725.46,1.92,0.95,,0,14:59:32,00,Y,N,0,0,Y,,2021-02-01 开始转股,计算使用0.2年期 评级为AAA 债参考YTM：1.4276,N,80.0,全价：106.816 最后更新：14:59:32,,,,0,{'M': ''},0,0,N,,,buy,buy
2026-05-18 11:30:54,113696,伯25转债,b25zz,138.353,0.15,603596,伯特利,btl,31.08,-2.42,3.38,35.16,88.4,0,56.52,194.87,280203,汽车,shmb,C,2025-07-28,[],0,0,buy,AA,,24.612,45.708,10.0,buy,2031-07-01,5.123,28.019,9631.23,58007.49,2.47,-3.84,,0,14:59:55,00,Y,N,0,0,Y,,2026-01-07 开始转股,计算使用5.2年期 评级为AA 债参考YTM：2.1569,N,28.02,全价：138.353 最后更新：14:59:55,,,,0,{'M': ''},0,0,N,,,buy,buy
2026-05-18 11:30:54,127102,浙建转债,zjzz,128.064,-0.34,002761,浙江建投,zjjt,8.35,-1.76,1.04,10.22,81.7,0,56.74,184.8,620101,建筑装饰,szmb,C,2024-01-16,[],0,0,buy,AA+,,7.154,13.286,11.0,buy,2029-12-25,3.608,9.951,4281.2,8443.52,3.35,-3.73,,0,15:34:27,00,Y,N,0,0,Y,,2024-07-01 开始转股,计算使用3.7年期 评级为AA+ 债参考YTM：1.8265,N,10.0,全价：128.064 最后更新：15:34:27,,,,0,{'M': ''},0,0,N,,,buy,buy
2026-05-18 11:30:54,127050,麒麟转债,qlzz,127.311,-0.03,002984,森麒麟,sql,15.71,0.38,1.18,19.36,81.15,0,56.89,184.2,280204,汽车,szmb,C,2021-12-06,[],0,0,buy,AA,,13.552,25.168,18.6,buy,2027-11-11,1.485,20.86,5587.5,18048.46,2.1,-8.48,,0,15:34:39,00,Y,N,1,1,Y,转股价下修1次，成功下修1次,2022-05-17 开始转股,计算使用1.5年期 评级为AA 债参考YTM：1.6431,N,21.989,全价：127.311 最后更新：15:34:39,,,,1,{'M': ''},0,0,N,,,buy,buy
2026-05-18 11:30:54,118042,奥维转债,awzz,146.443,-1.28,688516,奥特维,atw,78.5,-2.7,6.46,84.42,92.99,0,57.49,203.93,630505,电力设备,shkc,C,2023-09-01,[],0,0,buy,AA-,,59.094,109.746,4.6,buy,2029-08-10,3.233,11.399,11294.71,124814.25,6.68,-6.26,,0,14:59:54,00,Y,N,0,0,Y,,2024-02-19 开始转股,计算使用3.3年期 评级为AA- 债参考YTM：2.4745,N,11.4,全价：146.443 最后更新：14:59:54,,,,0,{'M': ''},0,0,N,,,buy,buy
2026-05-18 11:30:54,118061,茂莱转债,mlzz,234.731,-0.66,688502,茂莱光学,mlgx,539.75,-3.27,22.66,364.43,148.11,9,58.49,293.22,270303,电子,shkc,C,2025-12-10,[],0,0,buy,A+,,255.101,473.759,2.0,buy,2031-11-20,5.512,5.625,18812.96,88606.14,14.13,-11.89,,0,15:00:00,00,Y,N,0,0,Y,,未到转股期；2026-05-27 开始转股,计算使用5.6年期 评级为A+ 债参考YTM：5.5377,N,5.625,全价：234.731 最后更新：15:00:00,,,,0,{'M': ''},0,0,N,,,buy,buy
2026-05-18 11:30:54,113656,嘉诚转债,jczz,128.521,-0.2,603535,嘉诚国际,jcgj,8.37,0.0,1.65,10.35,80.87,0,58.92,187.44,420805,交通运输,shmb,C,2022-10-12,[],0,0,buy,AA-,,7.245,13.455,18.7,buy,2028-09-01,2.293,7.998,5019.28,6891.12,4.87,-3.55,,0,14:59:41,00,Y,N,0,0,Y,,2023-03-07 开始转股,计算使用2.3年期 评级为AA- 债参考YTM：2.1377,N,8.0,全价：128.521 最后更新：14:59:41,,,,0,[],0,0,N,,,buy,buy
2026-05-18 11:30:54,113643,风语转债,fyzz,136.735,0.34,603466,风语筑,fyz,10.15,1.6,2.85,11.82,85.87,0,59.23,195.97,720706,传媒,shmb,C,2022-04-22,[],0,0,buy,AA-,,8.274,15.366,8.3,buy,2028-03-25,1.855,4.994,6163.55,25916.28,8.99,-8.14,,0,14:59:18,00,Y,N,1,1,Y,转股价下修1次，成功下修1次,2022-10-10 开始转股,计算使用1.9年期 评级为AA- 债参考YTM：2.0369,N,5.0,全价：136.735 最后更新：14:59:18,,,,1,{'M': ''},0,0,N,,,buy,buy
2026-05-18 11:30:54,123220,易瑞转债,yrzz,135.176,0.19,300942,易瑞生物,yrsw,7.51,0.81,3.4,8.87,84.67,0,59.66,194.84,370504,医药生物,szcy,C,2023-09-06,[],0,0,buy,A+,,6.209,11.531,9.6,buy,2029-08-18,3.255,2.907,1737.5,3496.7,4.43,-3.93,,0,15:34:39,00,Y,N,1,1,Y,转股价下修1次，成功下修1次,2024-02-26 开始转股,计算使用3.3年期 评级为A+ 债参考YTM：4.8275,N,3.28,全价：135.176 最后更新：15:34:39,,,,0,{'M': ''},0,0,N,,,buy,buy
2026-05-18 11:30:54,123261,普联转债,plzz,155.55,0.35,300996,普联软件,plrj,12.62,2.19,3.77,12.97,97.3,24,59.86,215.41,710401,计算机,szcy,C,2025-12-22,[],0,0,buy,A+,,9.079,16.861,5.8,buy,2031-12-05,5.553,2.429,2174.89,10766.35,5.76,-4.79,,0,15:33:57,00,Y,N,0,0,Y,,未到转股期；2026-06-11 开始转股,计算使用5.6年期 评级为A+ 债参考YTM：5.5377,N,2.43,全价：155.550 最后更新：15:33:57,,,,0,{'M': ''},0,0,N,,,buy,buy
2026-05-18 11:30:54,111021,奥锐转债,arzz,136.364,-1.21,605116,奥锐特,art,21.22,-1.35,3.17,24.94,85.08,0,60.27,196.63,370101,医药生物,shmb,C,2024-08-15,[],0,0,buy,AA-,,17.458,32.422,9.4,buy,2030-07-26,4.192,8.121,7715.87,5028.71,6.91,-3.12,,0,14:59:10,00,Y,N,0,0,Y,,2025-02-05 开始转股,计算使用4.2年期 评级为AA- 债参考YTM：2.6074,N,8.121,全价：136.364 最后更新：14:59:10,,,,0,[],0,0,N,,,buy,buy
2026-05-18 11:30:54,113655,欧22转债,o22zz,129.287,-1.13,603833,欧派家居,opjj,42.45,-6.68,1.37,52.77,80.44,0,60.72,190.01,360308,轻工制造,shmb,C,2022-09-01,[],0,0,buy,AA,,36.939,68.601,7.7,buy,2028-08-05,2.219,19.999,8228.95,20630.51,3.17,-5.13,,0,14:59:37,00,Y,N,1,1,Y,转股价下修1次，成功下修1次,2023-02-13 开始转股,计算使用2.3年期 评级为AA 债参考YTM：1.7368,N,20.0,全价：129.287 最后更新：14:59:37,,,,0,{'M': ''},0,0,N,,,buy,buy
2026-05-18 11:30:54,123144,裕兴转债,yxzz,126.9,0.0,300305,裕兴股份,yxgf,6.71,0.3,1.25,8.5,78.94,0,60.75,187.65,220505,基础化工,szcy,C,2022-04-27,[],0,0,buy,A+,,5.95,11.05,27.8,buy,2028-04-11,1.901,5.997,2235.58,4662.2,2.94,-4.22,,0,15:34:27,00,Y,N,1,1,Y,转股价下修1次，成功下修1次,2022-10-17 开始转股,计算使用2.0年期 评级为A+ 债参考YTM：4.3957,N,6.0,全价：126.900 最后更新：15:34:27,,,,1,[],0,0,N,,,buy,buy
2026-05-18 11:30:54,113702,斯达转债,sdzz,188.882,0.39,603290,斯达半导,sdbd,123.6,-1.08,4.25,105.3,117.38,157,60.92,249.8,270102,电子,shmb,C,2026-05-11,[],0,0,buy,AA+,,73.71,136.89,5.1,buy,2032-04-15,5.915,15.0,70334.26,160574.48,24.89,-8.6,,0,15:00:00,00,Y,N,0,0,Y,,未到转股期；2026-10-22 开始转股,计算使用6.0年期 评级为AA+ 债参考YTM：2.0135,N,15.0,全价：188.882 最后更新：15:00:00,,,,0,{'M': ''},0,0,N,,,buy,buy
2026-05-18 11:30:54,113589,天创转债,tczz,201.119,2.11,603608,天创时尚,tcss,15.35,8.48,5.83,12.29,124.9,0,61.03,262.15,350205,纺织服饰,shmb,C,2020-07-16,[],0,0,buy,A-,,8.603,15.977,1.0,buy,2026-06-24,0.101,0.663,126242.3,88356.6,921.35,-459.49,,0,15:00:00,00,Y,N,0,0,Y,,2021-01-04 开始转股,计算使用0.2年期 评级为A- 债参考YTM：8.7354,N,6.0,全价：201.119 最后更新：15:00:00,,,,0,[],0,0,N,,,buy,buy
2026-05-18 11:30:54,110100,龙建转债,ljzz,133.993,-2.21,600853,龙建股份,ljgf,3.85,-6.78,0.94,4.63,83.15,71,61.14,195.13,620306,建筑装饰,shmb,C,2026-02-12,[],0,0,buy,AA,,3.241,6.019,25.6,buy,2032-01-21,5.682,10.0,5011.06,19484.05,3.71,-2.91,,0,14:59:37,00,Y,N,0,0,Y,,未到转股期；2026-07-28 开始转股,计算使用5.7年期 评级为AA 债参考YTM：2.2294,N,10.0,全价：133.993 最后更新：14:59:37,,,,0,[],0,0,N,,,buy,buy
2026-05-18 11:30:54,127111,金威转债,jwzz,134.198,-0.13,002626,金达威,jdw,16.22,-1.76,2.21,19.59,82.8,0,62.08,196.28,340407,食品饮料,szmb,C,2025-09-08,[],0,0,buy,AA,,13.713,25.467,13.1,buy,2031-08-20,5.26,12.924,4852.83,13387.41,2.8,-3.17,,0,15:34:09,00,Y,N,0,0,Y,,2026-02-26 开始转股,计算使用5.3年期 评级为AA 债参考YTM：2.1706,N,12.924,全价：134.198 最后更新：15:34:09,,,,0,{'M': ''},0,0,N,,,buy,buy
2026-05-18 11:30:54,113699,金25转债,j25zz,161.679,-1.26,603979,金诚信,jcx,63.2,0.4,3.39,63.46,99.59,0,62.34,224.02,240302,有色金属,shmb,C,2025-10-27,[],0,0,buy,AA,,44.422,82.498,5.1,buy,2031-09-26,5.362,19.999,15413.15,59521.4,4.79,-6.15,,0,14:59:49,00,Y,N,0,0,Y,,2026-04-10 开始转股,计算使用5.4年期 评级为AA 债参考YTM：2.1849,N,20.0,全价：161.679 最后更新：14:59:49,,,,0,{'M': ''},0,0,N,,,buy,buy
2026-05-18 11:30:54,110081,闻泰转债,wtzz,88.237,-0.57,600745,*ST闻泰,wtkj,17.73,-4.98,0.9,32.66,54.29,0,62.54,150.78,270102,电子,shmb,C,2021-08-20,[],0,0,buy,A,,22.862,42.458,39.0,buy,2027-07-28,1.195,85.962,30169.09,5453.93,3.97,20.47,,0,14:59:58,00,Y,N,2,2,Y,转股价下修2次，成功下修2次,2022-02-07 开始转股,计算使用1.2年期 评级为A 债参考YTM：6.5990,N,86.0,全价：88.237 最后更新：14:59:58,,,,1,[],0,0,N,,,buy,buy
2026-05-18 11:30:54,123266,博士转债,bszz,153.0,2.96,300622,博士眼镜,bsyj,28.52,4.2,6.86,30.43,93.72,129,63.25,216.25,450401,商贸零售,szcy,C,2026-04-07,[],0,0,buy,AA,,21.301,39.559,8.3,buy,2032-03-17,5.836,3.75,11720.35,50210.76,20.59,-4.75,,0,15:34:03,00,Y,N,0,0,Y,,未到转股期；2026-09-24 开始转股,计算使用5.9年期 评级为AA 债参考YTM：2.2591,N,3.75,全价：153.000 最后更新：15:34:03,,,,0,[],0,0,N,,,buy,buy
2026-05-18 11:30:54,123192,科思转债,kszz,133.338,-0.39,300856,科思股份,ksgf,14.2,-0.56,2.4,17.39,81.66,0,63.29,196.63,770201,美容护理,szcy,C,2023-05-11,[],0,0,buy,AA-,,12.173,22.607,11.0,buy,2029-04-13,2.907,7.187,2057.77,9011.36,2.14,-4.04,,0,15:34:33,00,Y,N,0,0,Y,,2023-10-19 开始转股,计算使用3.0年期 评级为AA- 债参考YTM：2.3973,N,7.249,全价：133.338 最后更新：15:34:33,,,,0,{'M': ''},0,0,N,,,buy,buy
2026-05-18 11:30:54,127038,国微转债,gwzz,131.803,-0.24,002049,紫光国微,zggw,78.33,1.37,4.72,97.3,80.5,0,63.72,195.52,270104,电子,szmb,C,2021-07-14,[],0,0,buy,AA+,,68.11,126.49,2.2,buy,2027-06-10,1.063,14.915,7573.18,213528.11,3.82,-14.57,,0,15:34:12,00,Y,N,0,0,Y,,2021-12-17 开始转股,计算使用1.1年期 评级为AA+ 债参考YTM：1.5555,N,15.0,全价：131.803 最后更新：15:34:12,,,,0,{'M': ''},0,0,N,,,buy,buy
2026-05-18 11:30:54,127112,尚太转债,stzz,150.3,-1.22,001301,尚太科技,stkj,77.33,-3.28,2.8,84.71,91.29,65,64.64,214.94,630702,电力设备,szmb,C,2026-02-05,[],0,0,buy,AA+,,59.297,110.123,12.1,buy,2032-01-15,5.666,17.34,7991.97,41434.06,3.04,-5.2,,0,15:34:36,00,Y,N,0,0,Y,,未到转股期；2026-07-22 开始转股,计算使用5.7年期 评级为AA+ 债参考YTM：1.9765,N,17.34,全价：150.300 最后更新：15:34:36,,,,0,[],0,0,N,,,buy,buy
2026-05-18 11:30:54,123268,本川转债,bczz,189.449,8.13,300964,本川智能,bczn,87.25,6.43,6.53,75.88,114.98,158,64.76,254.21,270202,电子,szcy,C,2026-05-07,[],0,0,buy,AA-,,53.116,98.644,9.6,buy,2032-04-16,5.918,4.69,228284.39,68718.3,252.43,-7.67,,0,15:33:57,00,Y,N,0,0,Y,,未到转股期；2026-10-23 开始转股,计算使用6.0年期 评级为AA- 债参考YTM：3.5135,N,4.69,全价：189.449 最后更新：15:33:57,,,,0,{'M': ''},0,0,N,,,buy,buy
2026-05-18 11:30:54,118063,金05转债,j05zz,179.428,2.61,688676,金盘科技,jpkj,96.3,4.03,8.26,88.6,108.69,44,65.08,244.51,630801,电力设备,shkc,C,2026-01-14,[],0,0,buy,AA+,,62.02,115.18,3.8,buy,2031-12-24,5.606,16.71,21585.0,222323.8,7.18,-8.22,,0,14:59:57,00,Y,N,0,0,Y,,未到转股期；2026-07-01 开始转股,计算使用5.7年期 评级为AA+ 债参考YTM：1.9765,N,16.71,全价：179.428 最后更新：14:59:57,,,,0,{'M': ''},0,0,N,,,buy,buy
2026-05-18 11:30:54,123214,东宝转债,dbzz,133.291,-0.38,300239,东宝生物,dbsw,5.33,-0.37,1.82,6.63,80.39,0,65.8,199.09,370304,医药生物,szcy,C,2023-08-18,[],0,0,buy,A+,,4.641,8.619,14.5,buy,2029-07-31,3.206,4.549,1564.51,3662.77,2.58,-3.94,,0,15:34:39,00,Y,N,0,0,N,2026-05-18 起暂停转股：权益分派,2024-02-05 开始转股;2026-05-18 起暂停转股：权益分派,计算使用3.3年期 评级为A+ 债参考YTM：4.8275,N,4.55,全价：133.291 最后更新：15:34:39,,,,0,[],0,0,N,,,buy,buy
2026-05-18 11:30:54,123263,鼎捷转债,djzz,157.9,0.73,300378,鼎捷数智,djsz,41.36,4.71,4.77,43.54,94.99,32,66.22,224.12,710402,计算机,szcy,C,2025-12-31,[],0,0,buy,AA,,,56.602,7.4,buy,2031-12-15,5.581,8.277,17584.91,62284.72,13.43,-5.8,,0,15:33:54,00,Y,N,0,0,Y,,未到转股期；2026-06-19 开始转股,计算使用5.6年期 评级为AA 债参考YTM：2.2144,N,8.28,全价：157.900 最后更新：15:33:54,,,,0,{'M': ''},0,0,N,,,buy,buy
2026-05-18 11:30:54,123138,丝路转债,slzz,137.7,2.05,300556,丝路视觉,slsj,21.96,8.55,6.28,26.53,82.77,0,66.36,204.06,710401,计算机,szcy,C,2022-03-22,[],0,0,buy,A,,18.571,34.489,10.0,buy,2028-03-02,1.792,2.393,17416.43,32870.78,52.75,-8.58,,0,15:34:24,00,Y,N,0,0,Y,,2022-09-08 开始转股,计算使用1.8年期 评级为A 债参考YTM：6.7090,N,2.4,全价：137.700 最后更新：15:34:24,,,,1,[],0,0,N,,,buy,buy
2026-05-18 11:30:54,123165,回天转债,htzz,132.91,-0.97,300041,回天新材,htxc,12.12,-2.26,2.15,15.2,79.74,0,66.69,199.6,220316,基础化工,szcy,C,2022-11-15,[],0,0,buy,AA-,,10.64,19.76,12.9,buy,2028-10-27,2.447,8.497,4099.79,34969.55,3.61,-4.66,,0,15:34:36,00,Y,N,0,0,Y,,2023-05-04 开始转股,计算使用2.5年期 评级为AA- 债参考YTM：2.2091,N,8.5,全价：132.910 最后更新：15:34:36,,,,0,{'M': ''},0,0,N,,,buy,buy
2026-05-18 11:30:54,118065,艾为转债,awzz,153.004,1.52,688798,艾为电子,awdz,72.85,-0.21,3.94,79.83,91.26,71,67.66,220.66,270105,电子,shkc,C,2026-02-26,[],0,0,buy,AA+,,55.881,103.779,19.2,buy,2032-01-22,5.685,19.01,9707.02,28210.54,3.35,-5.34,,0,14:59:58,00,Y,N,0,0,Y,,未到转股期；2026-07-28 开始转股,计算使用5.7年期 评级为AA+ 债参考YTM：1.9765,N,19.01,全价：153.004 最后更新：14:59:58,,,,0,{'M': ''},0,0,N,,,buy,buy
2026-05-18 11:30:54,123223,九典转02,jdz02,136.58,-0.12,300705,九典制药,jdzy,12.07,-1.95,2.24,14.95,80.74,0,69.17,205.75,370102,医药生物,szcy,C,2023-10-13,[],0,0,buy,A+,,10.465,19.435,4.6,buy,2029-09-15,3.332,2.053,703.18,5652.18,2.51,-4.39,,0,15:34:06,00,Y,N,0,0,Y,,2024-03-21 开始转股,计算使用3.4年期 评级为A+ 债参考YTM：4.8456,N,3.6,全价：136.580 最后更新：15:34:06,,,,0,[],0,0,N,,,buy,buy
2026-05-18 11:30:54,123229,艾录转债,alzz,135.141,-0.11,301062,上海艾录,shal,7.97,0.0,2.53,10.0,79.7,0,69.56,204.7,360205,轻工制造,szcy,C,2023-11-20,[],0,0,buy,A+,,7.0,13.0,7.1,buy,2029-10-23,3.436,1.779,917.1,5788.8,3.81,-3.4,,0,15:34:45,00,Y,N,0,0,Y,,2024-04-29 开始转股,计算使用3.5年期 评级为A+ 债参考YTM：4.8611,N,5.0,全价：135.141 最后更新：15:34:45,,,,0,{'M': ''},0,0,N,,,buy,buy
2026-05-18 11:30:54,127093,章鼓转债,zgzz,136.33,-0.07,002598,ST章鼓,sdzg,8.11,-0.12,1.92,10.15,79.9,0,70.62,206.95,640106,机械设备,szmb,C,2023-11-03,[],0,0,buy,A,,7.105,13.195,10.4,buy,2029-10-17,3.419,2.425,1035.6,3078.32,3.14,-4.2,,0,15:34:21,00,Y,N,1,0,Y,转股价下修1次，成功下修0次,2024-04-23 开始转股,计算使用3.5年期 评级为A 债参考YTM：7.2111,Y,2.43,全价：136.330 最后更新：15:34:21,,,"按下调到底估算
股东大会：2026-05-20
预估转股价：8.14
预估转股价值：99.63
期权价值：29.46
理论价值：123.06
理论偏离度：9.73%",0,[],0,0,N,,,buy,buy
2026-05-18 11:30:54,123265,耐普转02,npz02,147.0,-1.15,300818,耐普矿机,npkj,33.11,-4.53,2.94,38.44,86.13,65,70.66,217.66,640103,机械设备,szcy,C,2026-01-30,[],0,0,buy,A+,,26.908,49.972,12.4,buy,2032-01-15,5.666,4.5,6182.3,17899.79,9.31,-3.73,,0,15:34:00,00,Y,N,0,0,Y,,未到转股期；2026-07-22 开始转股,计算使用5.7年期 评级为A+ 债参考YTM：5.6378,N,4.5,全价：147.000 最后更新：15:34:00,,,,0,[],0,0,N,,,buy,buy
2026-05-18 11:30:54,118020,芳源转债,fyzz,124.419,-0.34,688148,芳源股份,fygf,10.19,-0.68,9.48,14.0,72.79,0,70.94,195.36,630702,电力设备,shkc,C,2022-11-07,[],0,0,buy,BBB,,9.8,18.2,12.3,buy,2028-09-23,2.353,6.417,2310.76,16753.4,2.88,0.56,,0,14:59:52,00,Y,N,1,1,Y,转股价下修1次，成功下修1次,2023-03-29 开始转股,计算使用2.4年期 评级为BBB 债参考YTM：15.4767,N,6.42,全价：124.419 最后更新：14:59:52,,,,0,{'M': ''},0,0,N,,,buy,buy
2026-05-18 11:30:54,118067,上26转债,s26zz,146.062,0.25,688533,上声电子,ssdz,27.79,1.02,2.53,32.6,85.25,129,71.34,217.4,280206,汽车,shkc,C,2026-04-14,[],0,0,buy,A+,,22.82,42.38,7.1,buy,2032-03-17,5.836,3.25,1452.88,3794.2,3.05,-3.65,,0,14:59:57,00,Y,N,0,0,Y,,未到转股期；2026-09-24 开始转股,计算使用5.9年期 评级为A+ 债参考YTM：5.8065,N,3.25,全价：146.062 最后更新：14:59:57,,,,0,{'M': ''},0,0,N,,,buy,buy
2026-05-18 11:30:54,123168,惠云转债,hyzz,132.034,-0.08,300891,惠云钛业,hyty,8.26,-0.6,2.59,10.74,76.91,0,71.68,203.71,220206,基础化工,szcy,C,2022-12-14,[],0,0,buy,AA-,,7.518,13.962,17.8,buy,2028-11-23,2.521,4.899,2150.92,5092.87,3.32,-4.21,,0,15:34:39,00,Y,N,0,0,Y,,2023-05-29 开始转股,计算使用2.6年期 评级为AA- 债参考YTM：2.2473,N,4.9,全价：132.034 最后更新：15:34:39,,,,0,{'M': ''},0,0,N,,,buy,buy
2026-05-18 11:30:54,118066,统联转债,tlzz,151.248,1.49,688210,统联精密,tljm,49.49,3.97,6.13,56.2,88.06,111,71.75,223.0,270504,电子,shkc,C,2026-03-20,[],0,0,buy,AA-,,39.34,73.06,7.2,buy,2032-03-02,5.795,5.76,9419.94,33698.16,10.86,-4.86,,0,14:59:58,00,Y,N,0,0,Y,,未到转股期；2026-09-06 开始转股,计算使用5.8年期 评级为AA- 债参考YTM：3.3796,N,5.76,全价：151.248 最后更新：14:59:58,,,,0,{'M': ''},0,0,N,,,buy,buy
2026-05-18 11:30:54,123109,昌红转债,chzz,135.404,2.4,300151,昌红科技,chkj,20.85,6.76,6.71,26.64,78.27,0,73.01,208.41,640209,机械设备,szcy,C,2021-04-19,[],0,0,buy,AA-,,18.648,34.632,6.0,buy,2027-04-01,0.871,4.595,16173.42,76458.39,25.93,-17.35,,0,15:34:15,00,Y,N,0,0,Y,,2021-10-08 开始转股,计算使用0.9年期 评级为AA- 债参考YTM：1.8111,N,4.6,全价：135.404 最后更新：15:34:15,,,,1,{'M': ''},0,0,N,,,buy,buy
2026-05-18 11:30:54,128119,龙大转债,ldzz,75.053,-9.09,002726,ST龙大,ldms,1.82,-5.21,3.26,4.2,43.33,0,73.2,148.25,340401,食品饮料,szmb,C,2020-08-07,[],0,0,buy,BB-,,2.94,5.46,48.2,buy,2026-07-13,0.153,9.459,14388.16,3480.0,19.54,346.97,,0,15:34:18,00,Y,N,2,1,Y,转股价下修2次，成功下修1次,2021-01-18 开始转股,,Y,9.5,全价：75.053 最后更新：15:34:18,,,"按下调到底估算
股东大会：2026-05-22
预估转股价：2.95
预估转股价值：61.69
期权价值：0.00
理论价值：110.11
理论偏离度：-46.71%",1,[],1,0,N,,,buy,buy
2026-05-18 11:30:54,113679,芯能转债,xnzz,133.525,-0.44,603105,芯能科技,xnkj,9.7,-2.81,2.13,12.75,76.08,0,75.51,209.04,410106,公用事业,shmb,C,2023-11-24,[],0,0,buy,AA-,,8.925,16.575,18.1,buy,2029-10-26,3.444,8.798,3145.05,16554.39,2.67,-3.23,,0,14:59:42,00,Y,N,0,0,Y,,2024-05-06 开始转股,计算使用3.5年期 评级为AA- 债参考YTM：2.5061,N,8.8,全价：133.525 最后更新：14:59:42,,,,0,{'M': ''},0,0,N,,,buy,buy
2026-05-18 11:30:54,123262,神宇转债,syzz,144.6,0.42,300563,神宇股份,sygf,31.94,1.01,4.9,38.82,82.28,30,75.75,220.35,730205,通信,szcy,C,2025-12-30,[],0,0,buy,AA-,,27.174,50.466,12.0,buy,2031-12-10,5.567,5.0,2513.71,11562.59,3.47,-4.28,,0,15:34:18,00,Y,N,0,0,Y,,未到转股期；2026-06-17 开始转股,计算使用5.6年期 评级为AA- 债参考YTM：3.1886,N,5.0,全价：144.600 最后更新：15:34:18,,,,0,{'M': ''},0,0,N,,,buy,buy
2026-05-18 11:30:54,127083,山路转债,slzz,122.63,-0.47,000498,山东路桥,sdlq,5.31,-0.75,0.31,7.61,69.78,0,75.75,198.38,620306,建筑装饰,szmb,C,2023-04-26,[],0,0,buy,AAA,,5.327,9.893,62.8,buy,2029-03-24,2.852,48.359,4501.39,4172.03,0.76,-3.39,,0,15:34:09,00,Y,N,0,0,Y,,2023-10-09 开始转股,计算使用2.9年期 评级为AAA 债参考YTM：1.6895,N,48.36,全价：122.630 最后更新：15:34:09,,,,0,{'M': ''},0,0,N,,,buy,buy
2026-05-18 11:30:54,111009,盛泰转债,stzz,129.879,-0.27,605138,盛泰集团,stjt,7.8,-1.39,1.68,10.56,73.86,0,75.84,205.72,350209,纺织服饰,shmb,C,2022-12-01,[],0,0,buy,AA,,7.392,13.728,16.2,buy,2028-11-07,2.477,7.011,3856.71,5712.36,4.23,-5.46,,0,14:59:01,00,Y,N,0,0,Y,,2023-05-11 开始转股,计算使用2.5年期 评级为AA 债参考YTM：1.7653,N,7.012,全价：129.879 最后更新：14:59:01,,,,0,[],0,0,N,,,buy,buy
2026-05-18 11:30:54,123196,正元转02,zyz02,129.884,-0.01,300645,正元智慧,zyzh,16.05,3.08,2.05,21.93,73.19,0,77.47,207.35,710103,计算机,szcy,C,2023-05-19,[],0,0,buy,A+,,15.351,28.509,15.7,buy,2029-04-18,2.921,3.501,2659.87,7593.1,5.85,-3.19,,0,15:34:30,00,Y,N,2,1,Y,转股价下修2次，成功下修1次,2023-10-24 开始转股,计算使用3.0年期 评级为A+ 债参考YTM：4.7473,N,3.507,全价：129.884 最后更新：15:34:30,,,,0,[],0,0,N,,,buy,buy
2026-05-18 11:30:54,123193,海能转债,hnzz,130.607,0.19,300787,海能实业,hnsy,10.8,0.47,1.99,14.7,73.47,0,77.77,208.38,270504,电子,szcy,C,2023-05-09,[],0,0,buy,AA-,,10.29,19.11,28.3,buy,2029-04-13,2.907,5.997,3696.51,3453.1,4.72,-3.34,,0,15:34:51,00,Y,N,0,0,Y,,2023-10-19 开始转股,计算使用3.0年期 评级为AA- 债参考YTM：2.3973,N,6.0,全价：130.607 最后更新：15:34:51,,,,0,[],0,0,N,,,buy,buy
2026-05-18 11:30:54,123264,双乐转债,slzz,138.53,0.93,301036,双乐股份,slgf,28.59,1.67,1.68,36.7,77.9,49,77.83,216.36,220305,基础化工,szcy,C,2026-01-16,[],0,0,buy,AA-,,25.69,47.71,39.7,buy,2031-12-25,5.608,8.0,4657.3,6441.12,4.21,-3.5,,0,15:33:57,00,Y,N,0,0,Y,,未到转股期；2026-07-06 开始转股,计算使用5.7年期 评级为AA- 债参考YTM：3.2884,N,8.0,全价：138.530 最后更新：15:33:57,,,,0,{'M': ''},0,0,N,,,buy,buy
2026-05-18 11:30:54,113652,伟22转债,w22zz,130.875,-0.41,603568,伟明环保,wmhb,20.06,-2.05,2.22,27.27,73.56,0,77.91,208.79,760103,环保,shmb,C,2022-08-12,[],0,0,buy,AA,,19.089,35.451,4.3,buy,2028-07-22,2.181,14.766,7155.29,11913.28,3.69,-6.52,,0,14:59:15,00,Y,N,2,1,Y,转股价下修2次，成功下修1次,2023-01-30 开始转股,计算使用2.2年期 评级为AA 债参考YTM：1.7228,Y,14.77,全价：130.875 最后更新：14:59:15,,,"按下调到底估算
股东大会：2026-06-04
预估转股价：21.42
预估转股价值：93.65
期权价值：15.10
理论价值：124.34
理论偏离度：4.99%",0,{'M': ''},0,0,N,,,buy,buy
2026-05-18 11:30:54,113625,江山转债,jszz,125.908,-0.66,603208,江山欧派,jsop,14.04,0.36,2.36,19.84,70.77,0,77.92,203.83,360308,轻工制造,shmb,C,2021-07-01,[],0,0,buy,AA-,,13.888,25.792,23.6,buy,2027-06-11,1.066,5.825,2699.0,3027.03,3.68,-4.12,,0,14:59:56,00,Y,N,1,1,N,"转股价下修1次，成功下修1次
2026-05-14 至 2026-05-20 期间暂停转股：回售
转股价19.840生效日期2025-06-13",2021-12-20 开始转股;2026-05-14 至 2026-05-20 期间暂停转股：回售,计算使用1.1年期 评级为AA- 债参考YTM：1.8865,N,5.83,全价：125.908 最后更新：14:59:56,,,,0,[],0,0,Y,,,buy,buy
2026-05-18 11:30:54,123175,百畅转债,bczz,119.831,0.24,300614,百川畅银,bccy,13.65,2.94,2.47,20.4,66.91,0,79.09,198.92,760103,环保,szcy,C,2023-03-17,[],0,0,buy,A,,14.28,26.52,19.2,buy,2029-02-22,2.77,4.199,2378.59,4404.35,4.74,-1.1,,0,15:34:42,00,Y,N,2,2,Y,转股价下修2次，成功下修2次,2023-08-28 开始转股,计算使用2.8年期 评级为A 债参考YTM：7.0222,N,4.2,全价：119.831 最后更新：15:34:42,,,,0,{'M': ''},0,0,N,,,buy,buy
2026-05-18 11:30:54,118024,冠宇转债,gyzz,126.051,0.23,688772,珠海冠宇,zhgy,16.04,6.01,2.39,22.89,70.07,0,79.88,205.93,630701,电力设备,shkc,C,2022-11-17,[],0,0,buy,AA,,16.023,27.468,17.0,buy,2028-10-24,2.438,30.889,12653.43,91211.35,3.24,-3.65,,0,14:59:56,00,Y,N,0,0,Y,,2023-04-28 开始转股,计算使用2.5年期 评级为AA 债参考YTM：1.7653,N,30.89,全价：126.051 最后更新：14:59:56,,,,0,{'M': ''},0,0,N,120%,,buy,buy
2026-05-18 11:30:54,113693,志邦转债,zbzz,128.087,-1.16,603801,志邦家居,zbjj,8.2,-3.64,1.11,11.52,71.18,0,79.95,208.04,360308,轻工制造,shmb,C,2025-04-08,[],0,0,buy,AA,,8.064,14.976,18.8,buy,2031-03-18,4.836,6.7,4906.46,3814.36,5.68,-2.36,,0,14:59:02,00,Y,N,0,0,Y,,2025-09-24 开始转股,计算使用4.9年期 评级为AA 债参考YTM：2.1203,N,6.7,全价：128.087 最后更新：14:59:02,,,,0,[],0,0,N,,,buy,buy
2026-05-18 11:30:54,113648,巨星转债,jxzz,125.375,-0.92,603477,巨星农牧,jxnm,17.28,-4.16,3.28,24.86,69.51,0,80.37,205.75,110702,农林牧渔,shmb,C,2022-05-17,[],0,0,buy,AA-,,17.402,32.318,10.2,buy,2028-04-25,1.94,8.997,4008.32,33065.88,3.54,-5.6,,0,14:59:03,00,Y,N,0,0,Y,,2022-10-31 开始转股,计算使用2.0年期 评级为AA- 债参考YTM：2.0557,N,10.0,全价：125.375 最后更新：14:59:03,,,,1,{'M': ''},0,0,N,,,buy,buy
2026-05-18 11:30:54,113610,灵康转债,lkzz,121.771,0.95,603669,灵康药业,lkyy,4.36,-0.23,4.98,6.5,67.08,0,81.54,203.31,370102,医药生物,shmb,C,2020-12-22,[],0,0,buy,A-,,4.55,8.45,8.1,buy,2026-12-01,0.54,2.53,1301.49,3118.12,4.24,-10.36,,0,14:58:45,00,Y,N,2,2,Y,转股价下修2次，成功下修2次,2021-06-07 开始转股,计算使用0.6年期 评级为A- 债参考YTM：8.7858,N,5.25,全价：121.771 最后更新：14:58:45,,,,1,[],0,0,N,,,buy,buy
2026-05-18 11:30:54,113627,太平转债,tpzz,119.329,-0.59,603877,太平鸟,tpn,13.68,-1.58,1.39,20.88,65.52,0,82.13,201.46,350209,纺织服饰,shmb,C,2021-08-06,[],0,0,buy,AA,,14.616,27.144,12.5,buy,2027-07-15,1.159,7.997,2392.76,2618.31,2.5,-5.55,,0,14:59:45,00,Y,N,1,1,Y,转股价下修1次，成功下修1次,2022-01-21 开始转股,计算使用1.2年期 评级为AA 债参考YTM：1.6038,N,8.0,全价：119.329 最后更新：14:59:45,,,,0,{'M': ''},0,0,N,,,buy,buy
2026-05-18 11:30:54,123260,卓镁转债,zmzz,155.75,-0.36,301398,星源卓镁,xyzm,44.67,-2.49,4.48,52.3,85.41,0,82.35,238.1,280202,汽车,szcy,C,2025-11-24,[],0,0,buy,A+,,36.61,67.99,27.1,buy,2031-11-07,5.477,4.5,3015.83,6263.85,4.29,-4.88,,0,15:33:54,00,Y,N,0,0,Y,,2026-05-13 开始转股,计算使用5.5年期 评级为A+ 债参考YTM：5.4348,N,4.5,全价：155.750 最后更新：15:33:54,,,,0,{'M': ''},1,0,N,,,buy,buy
2026-05-18 11:30:54,113616,韦尔转债,wezz,115.235,-1.22,603501,豪威集团,hwjt,99.79,-1.58,3.8,159.12,62.71,0,83.75,198.99,270104,电子,shmb,C,2021-01-22,[],0,0,buy,AA+,,111.384,206.856,2.0,buy,2026-12-28,0.614,24.324,6775.55,285089.27,2.4,-7.4,,0,14:59:58,00,Y,N,0,0,Y,,2021-07-05 开始转股,计算使用0.7年期 评级为AA+ 债参考YTM：1.4704,N,24.4,全价：115.235 最后更新：14:59:58,,,,0,{'M': ''},0,0,N,,,buy,buy
2026-05-18 11:30:54,113636,甬金转债,yjzz,129.134,-0.09,603995,甬金股份,yjgf,18.71,-3.8,1.13,26.74,69.97,0,84.56,213.69,230501,钢铁,shmb,C,2021-12-31,[],0,0,buy,AA-,,18.718,34.762,14.6,buy,2027-12-13,1.573,9.995,2571.5,11813.51,1.99,-5.9,,0,14:57:41,00,Y,N,1,1,Y,转股价下修1次，成功下修1次,2022-06-17 开始转股,计算使用1.6年期 评级为AA- 债参考YTM：1.9900,N,10.0,全价：129.134 最后更新：14:57:41,,,,1,{'M': ''},0,0,N,,,buy,buy
2026-05-18 11:30:54,123157,科蓝转债,klzz,128.122,-1.35,300663,科蓝软件,klrj,9.13,1.44,11.63,13.2,69.17,0,85.24,213.36,710401,计算机,szcy,C,2022-09-20,[],0,0,buy,A,,9.24,17.16,5.6,buy,2028-08-30,2.288,2.34,3725.29,22412.89,12.39,-3.31,,0,15:34:36,00,Y,N,1,1,Y,转股价下修1次，成功下修1次,2023-03-06 开始转股,计算使用2.3年期 评级为A 债参考YTM：6.8292,N,4.946,全价：128.122 最后更新：15:34:36,,,,0,{'M': ''},0,0,N,,,buy,buy
2026-05-18 11:30:54,113682,益丰转债,yfzz,129.128,-0.65,603939,益丰药房,yfyf,22.13,-3.91,2.21,31.84,69.5,0,85.79,214.92,370403,医药生物,shmb,C,2024-03-27,[],0,0,buy,AA,,22.288,41.392,6.7,buy,2030-03-04,3.797,17.968,13843.93,89804.72,5.97,-3.22,,0,14:59:03,00,Y,N,0,0,Y,,2024-09-09 开始转股,计算使用3.8年期 评级为AA 债参考YTM：1.9772,N,17.97,全价：129.128 最后更新：14:59:03,,,,0,{'M': ''},0,0,N,,,buy,buy
2026-05-18 11:30:54,127060,湘佳转债,xjzz,123.09,-0.29,002982,湘佳股份,xjgf,13.9,-1.42,1.62,21.13,65.78,0,87.11,210.2,110703,农林牧渔,szmb,C,2022-06-10,[],0,0,buy,A+,,14.791,27.469,35.4,buy,2028-04-19,1.923,6.399,1931.63,6704.82,2.45,-5.0,,0,15:34:21,00,Y,N,0,0,Y,,2022-10-25 开始转股,计算使用2.0年期 评级为A+ 债参考YTM：4.3957,N,6.4,全价：123.090 最后更新：15:34:21,,,,1,[],0,0,N,,,buy,buy
2026-05-18 11:30:54,113647,禾丰转债,hfzz,122.21,-0.24,603609,禾丰股份,hfgf,6.59,-0.75,0.9,10.09,65.31,0,87.12,209.33,110402,农林牧渔,shmb,C,2022-05-18,[],0,0,buy,AA,,7.063,13.117,24.5,buy,2028-04-22,1.932,14.669,2784.37,2287.92,1.55,-3.66,,0,14:59:29,00,Y,N,0,0,Y,,2022-10-28 开始转股,计算使用2.0年期 评级为AA 债参考YTM：1.6957,N,15.0,全价：122.210 最后更新：14:59:29,,,,1,{'M': ''},0,0,N,,,buy,buy
2026-05-18 11:30:54,123122,富瀚转债,fhzz,129.52,-0.28,300613,富瀚微,fhw,63.3,0.29,4.9,91.69,69.04,0,87.61,217.13,270104,电子,szcy,C,2021-08-24,[],0,0,buy,A+,,64.183,119.197,4.2,buy,2027-08-06,1.219,5.801,4649.2,119874.62,6.17,-8.12,,0,15:34:15,00,Y,N,0,0,Y,,2022-02-14 开始转股,计算使用1.3年期 评级为A+ 债参考YTM：4.2715,N,5.812,全价：129.520 最后更新：15:34:15,,,,0,{'M': ''},0,0,N,,,buy,buy
2026-05-18 11:30:54,113701,祥和转债,xhzz,142.784,-0.11,603500,祥和实业,xhsy,10.12,-0.49,3.06,13.59,74.47,114,91.74,234.52,640501,机械设备,shmb,C,2026-03-26,[],0,0,buy,A+,,9.513,17.667,11.9,buy,2032-03-02,5.795,4.0,1216.61,7305.7,2.13,-3.15,,0,14:59:10,00,Y,N,0,0,Y,,未到转股期；2026-09-09 开始转股,计算使用5.8年期 评级为A+ 债参考YTM：5.7293,N,4.0,全价：142.784 最后更新：14:59:10,,,,0,[],0,0,N,,,buy,buy
2026-05-18 11:30:54,127056,中特转债,ztzz,126.915,0.12,000708,中信特钢,zxtg,14.62,-0.61,1.64,22.23,65.77,0,92.98,219.9,230501,钢铁,szmb,C,2022-04-15,[],0,0,buy,AAA,,15.561,28.899,6.8,buy,2028-02-25,1.775,49.996,6723.17,25359.96,1.06,-8.96,,0,15:34:18,00,Y,N,0,0,N,2026-05-13 至 2026-05-20 期间暂停转股：权益分派,2022-09-05 开始转股;2026-05-13 至 2026-05-20 期间暂停转股：权益分派,计算使用1.8年期 评级为AAA 债参考YTM：1.5974,N,50.0,全价：126.915 最后更新：15:34:18,,,,1,{'M': ''},0,0,N,,,buy,buy
2026-05-18 11:30:54,113700,海天转债,htzz,136.017,-0.04,603759,海天股份,htgf,8.8,0.69,1.39,12.52,70.29,85,93.52,229.54,760102,环保,shmb,C,2026-03-12,[],0,0,buy,AA,,8.764,16.276,19.7,buy,2032-02-04,5.721,8.01,1819.17,3395.76,1.67,-3.15,,0,14:59:33,00,Y,N,0,0,Y,,未到转股期；2026-08-11 开始转股,计算使用5.8年期 评级为AA 债参考YTM：2.2443,N,8.01,全价：136.017 最后更新：14:59:33,,,,0,[],0,0,N,,,buy,buy
2026-05-18 11:30:54,123267,珂玛转债,kmzz,247.0,9.04,301611,珂玛科技,kmkj,124.3,-0.72,29.61,97.57,127.4,157,93.88,340.88,270103,电子,szcy,C,2026-05-13,[],0,0,buy,AA,,68.299,126.841,4.1,buy,2032-04-15,5.915,7.5,280613.44,235306.55,149.7,-12.42,,0,15:34:21,00,Y,N,0,0,Y,,未到转股期；2026-10-22 开始转股,计算使用6.0年期 评级为AA 债参考YTM：2.2735,N,7.5,全价：247.000 最后更新：15:34:21,,,,0,{'M': ''},0,0,N,,,buy,buy
2026-05-18 11:30:54,113650,博22转债,b22zz,130.797,0.3,603916,苏博特,sbt,15.54,3.53,1.52,23.15,67.13,0,94.85,225.65,220309,基础化工,shmb,C,2022-07-28,[],0,0,buy,AA-,,16.205,30.095,12.2,buy,2028-07-01,2.123,7.996,8279.07,38171.06,7.9,-4.64,,0,14:59:53,00,Y,N,0,0,Y,,2023-01-09 开始转股,计算使用2.2年期 评级为AA- 债参考YTM：2.1062,N,8.0,全价：130.797 最后更新：14:59:53,,,,0,{'M': ''},0,0,N,,,buy,buy
2026-05-18 11:30:54,127085,韵达转债,ydzz,124.1,-0.2,002120,韵达股份,ydgf,7.46,-0.53,1.0,11.73,63.6,0,95.13,219.23,420804,交通运输,szmb,C,2023-05-23,[],0,0,buy,AA+,,8.211,15.249,11.7,buy,2029-04-11,2.901,24.499,4013.45,27049.92,1.32,-3.74,,0,15:34:00,00,Y,N,0,0,Y,,2023-10-17 开始转股,计算使用3.0年期 评级为AA+ 债参考YTM：1.7773,N,24.5,全价：124.100 最后更新：15:34:00,,,,0,{'M': ''},0,0,N,,,buy,buy
2026-05-18 11:30:54,118022,锂科转债,lkzz,124.997,-0.44,688779,五矿新能,wkxn,9.92,0.61,2.61,15.53,63.88,0,95.69,220.69,630702,电力设备,shkc,C,2022-11-07,[],0,0,buy,AA,,10.871,20.189,17.0,buy,2028-10-11,2.403,32.497,5869.18,25366.16,1.44,-4.08,,0,14:59:03,00,Y,N,0,0,Y,,2023-04-17 开始转股,计算使用2.5年期 评级为AA 债参考YTM：1.7653,N,32.5,全价：124.997 最后更新：14:59:03,,,,0,{'M': ''},0,0,N,,,buy,buy
2026-05-18 11:30:54,118015,芯海转债,xhzz,132.58,-0.56,688595,芯海科技,xhkj,36.95,0.19,7.47,55.22,66.91,0,98.13,230.71,270104,电子,shkc,C,2022-08-18,[],0,0,buy,A+,,38.654,71.786,7.7,buy,2028-07-21,2.178,4.1,2508.99,15001.44,4.59,-4.88,,0,14:59:50,00,Y,N,0,0,Y,,2023-01-30 开始转股,计算使用2.2年期 评级为A+ 债参考YTM：4.4469,N,4.1,全价：132.580 最后更新：14:59:50,,,,0,{'M': ''},0,0,N,,,buy,buy
2026-05-18 11:30:54,123180,浙矿转债,zkzz,135.747,-0.62,300837,浙矿股份,zkgf,32.63,0.46,2.24,47.89,68.14,0,99.23,234.98,640203,机械设备,szcy,C,2023-03-28,[],0,0,buy,AA-,,33.523,62.257,13.0,buy,2029-03-09,2.811,3.197,5102.45,5179.21,11.71,-4.79,,0,15:34:48,00,Y,N,0,0,Y,,2023-09-15 开始转股,计算使用2.9年期 评级为AA- 债参考YTM：2.3619,N,3.2,全价：135.747 最后更新：15:34:48,,,,0,[],0,0,N,,,buy,buy
2026-05-18 11:30:54,127068,顺博转债,sbzz,125.968,-0.37,002996,顺博合金,sbhj,7.07,-0.28,1.38,11.27,62.73,0,100.8,226.77,240301,有色金属,szmb,C,2022-09-07,[],0,0,buy,AA-,,7.889,14.651,25.6,buy,2028-08-12,2.238,8.3,2658.37,7993.62,2.54,-5.38,,0,15:34:48,00,Y,N,1,1,Y,转股价下修1次，成功下修1次,2023-02-20 开始转股,计算使用2.3年期 评级为AA- 债参考YTM：2.1377,N,8.3,全价：125.968 最后更新：15:34:48,,,,0,[],0,0,N,,,buy,buy
2026-05-18 11:30:54,127017,万青转债,wqzz,112.879,0.01,000789,万年青,wnq,4.78,0.21,0.58,8.53,56.04,0,101.43,214.31,610101,建筑材料,szmb,C,2020-07-02,[],0,0,buy,AA+,,5.971,11.089,26.2,buy,2026-06-03,0.044,9.995,1233.82,1622.45,1.09,2.61,,0,15:34:00,00,Y,N,1,1,Y,转股价下修1次，成功下修1次,2020-12-09 开始转股,计算使用0.1年期 评级为AA+ 债参考YTM：1.4449,N,10.0,全价：112.879 最后更新：15:34:00,,,,0,"{'R': '到期\n最后交易日：2026-05-28\n最后转股日：2026-06-02\n债券到期日：2026-06-03\n到期赎回价：113.000元/张', 'M': ''}",0,0,N,,,buy,buy
2026-05-18 11:30:54,127062,垒知转债,lzzz,129.039,-0.48,002398,垒知集团,lzjt,4.82,0.63,0.91,7.59,63.51,0,103.2,232.24,610303,建筑材料,szmb,C,2022-05-20,[],0,0,buy,AA-,,5.313,9.867,13.5,buy,2028-04-21,1.929,3.958,1760.72,6037.18,3.44,-5.0,,0,15:34:15,00,Y,N,0,0,Y,,2022-10-27 开始转股,计算使用2.0年期 评级为AA- 债参考YTM：2.0557,N,3.963,全价：129.039 最后更新：15:34:15,,,,1,[],0,0,N,,,buy,buy
2026-05-18 11:30:54,123113,仙乐转债,xlzz,117.5,-0.37,300791,仙乐健康,xljk,17.58,0.0,1.84,31.79,55.3,0,112.48,229.98,340407,食品饮料,szcy,C,2021-05-14,[],0,0,buy,AA-,,22.253,41.327,22.6,buy,2027-04-19,0.921,10.248,4400.04,2949.51,3.63,-4.16,,0,15:34:18,00,Y,N,0,0,Y,,2021-10-25 开始转股,计算使用1.0年期 评级为AA- 债参考YTM：1.8535,N,10.249,全价：117.500 最后更新：15:34:18,,,,1,[],0,0,N,,,buy,buy
2026-05-18 11:30:54,113634,珀莱转债,plzz,125.929,-0.26,603605,珀莱雅,bly,56.17,0.09,3.47,95.46,58.84,0,114.01,239.94,770202,美容护理,shmb,C,2022-01-04,[],0,0,buy,AA,,66.822,124.098,3.4,buy,2027-12-08,1.559,7.507,1786.95,22208.36,1.89,-4.77,,0,14:59:26,00,Y,N,0,0,Y,,2022-06-14 开始转股,计算使用1.6年期 评级为AA 债参考YTM：1.6532,N,7.517,全价：125.929 最后更新：14:59:26,,,,1,{'M': ''},0,0,N,,,buy,buy
2026-05-18 11:30:54,113666,爱玛转债,amzz,124.862,-0.37,603529,爱玛科技,amkj,21.78,-1.0,1.85,37.49,58.1,0,114.93,239.79,280401,汽车,shmb,C,2023-03-20,[],0,0,buy,AA,,26.243,48.737,10.8,buy,2029-02-23,2.773,19.994,5065.76,13102.4,2.03,-3.5,,0,14:59:02,00,Y,N,0,0,Y,,2023-09-01 开始转股,计算使用2.8年期 评级为AA 债参考YTM：1.8087,N,20.0,全价：124.862 最后更新：14:59:02,,,,0,{'M': ''},0,0,N,,,buy,buy
2026-05-18 11:30:54,111014,李子转债,lzzz,125.291,-0.52,605337,李子园,lzy,10.25,-0.68,2.35,18.37,55.8,0,124.55,249.84,340701,食品饮料,shmb,C,2023-07-13,[],0,0,buy,AA,,12.859,23.881,15.0,buy,2029-06-20,3.093,5.999,2799.11,3432.62,3.72,-2.43,,0,14:58:09,00,Y,N,0,0,Y,,2023-12-28 开始转股,计算使用3.1年期 评级为AA 债参考YTM：1.8522,N,6.0,全价：125.291 最后更新：14:58:09,,,,0,[],0,0,N,,,buy,buy
2026-05-18 11:30:54,123090,三诺转债,snzz,114.329,-0.2,300298,三诺生物,snsw,16.7,-0.77,3.02,34.46,48.46,0,135.91,250.24,370502,医药生物,szcy,C,2021-01-12,[],0,0,buy,AA,,24.122,44.798,6.6,buy,2026-12-21,0.595,4.984,1648.97,7535.59,2.89,-3.43,,0,15:34:15,00,Y,N,0,0,Y,,2021-06-25 开始转股,计算使用0.6年期 评级为AA 债参考YTM：1.4937,N,5.0,全价：114.329 最后更新：15:34:15,,,,0,{'M': ''},0,0,N,,,buy,buy
2026-05-18 11:30:54,113049,长汽转债,cqzz,112.049,-0.34,601633,长城汽车,ccqc,18.44,-3.4,1.78,39.16,47.09,0,137.95,250.0,280502,汽车,shmb,C,2021-07-08,[],0,0,buy,AAA,,27.412,50.908,3.1,buy,2027-06-10,1.063,34.95,7221.17,46629.4,1.84,-3.03,,0,14:59:39,00,Y,N,0,0,Y,,2021-12-17 开始转股,计算使用1.1年期 评级为AAA 债参考YTM：1.5251,N,35.0,全价：112.049 最后更新：14:59:39,,,,1,{'M': ''},0,0,N,,,buy,buy
2026-05-18 11:30:54,127098,欧晶转债,ojzz,126.921,-0.24,001269,欧晶科技,ojkj,22.3,-0.89,5.63,42.0,53.1,0,139.04,265.96,630504,电力设备,szmb,C,2023-12-15,[],0,0,buy,AA-,,29.4,54.6,10.9,buy,2029-11-24,3.523,4.693,2875.51,4202.32,4.81,-2.54,,0,15:34:33,00,Y,N,1,1,Y,转股价下修1次，成功下修1次,2024-05-30 开始转股,计算使用3.6年期 评级为AA- 债参考YTM：2.5189,N,4.7,全价：126.921 最后更新：15:34:33,,,,0,[],0,0,N,,,buy,buy
2026-05-18 11:30:54,113638,台21转债,t21zz,126.201,-0.75,603055,台华新材,thxc,8.41,-4.0,1.37,16.19,51.95,0,142.95,269.15,350106,纺织服饰,shmb,C,2022-01-21,[],0,0,buy,AA,,11.333,21.047,8.0,buy,2027-12-29,1.616,5.997,2117.21,13092.15,2.79,-6.27,,0,14:59:19,00,Y,N,0,0,Y,,2022-07-05 开始转股,计算使用1.7年期 评级为AA 债参考YTM：1.6628,N,6.0,全价：126.201 最后更新：14:59:19,,,,0,{'M': ''},0,0,N,,,buy,buy
2026-05-18 11:30:54,123117,健帆转债,jfzz,120.1,-0.85,300529,健帆生物,jfsw,18.97,-1.35,4.1,38.65,49.08,0,144.7,264.8,370503,医药生物,szcy,C,2021-07-12,[],0,0,buy,AA,,27.055,50.245,10.3,buy,2027-06-23,1.099,9.998,3809.24,10073.75,3.16,-6.41,,0,15:34:18,00,Y,N,2,2,Y,转股价下修2次，成功下修2次,2021-12-29 开始转股,计算使用1.1年期 评级为AA 债参考YTM：1.5855,N,10.0,全价：120.100 最后更新：15:34:18,,,,0,{'M': ''},0,0,N,,,buy,buy
2026-05-18 11:30:54,113670,金23转债,j23zz,125.219,-0.12,603180,金牌家居,jpjj,18.62,0.38,1.05,37.64,49.47,0,153.13,278.35,360308,轻工制造,shmb,C,2023-05-16,[],0,0,buy,AA,,26.348,48.932,26.8,buy,2029-04-17,2.918,7.7,2507.72,1839.25,2.6,-1.96,,0,14:59:01,00,Y,N,0,0,Y,,2023-10-23 开始转股,计算使用3.0年期 评级为AA 债参考YTM：1.8373,N,7.7,全价：125.219 最后更新：14:59:01,,,,0,[],0,0,N,,,buy,buy
2026-05-18 11:30:54,110076,华海转债,hhzz,124.494,-0.64,600521,华海药业,hhyy,16.18,-2.06,2.46,33.06,48.94,0,154.37,278.86,370102,医药生物,shmb,C,2020-11-25,[],0,0,buy,AA,,23.142,42.978,7.6,buy,2026-11-02,0.46,18.424,4007.61,32981.29,1.74,-25.29,,0,14:59:41,00,Y,N,1,0,Y,转股价下修1次，成功下修0次,2021-05-06 开始转股,计算使用0.5年期 评级为AA 债参考YTM：1.4903,Y,18.426,全价：124.494 最后更新：14:59:41,,,"按下调到底估算
股东大会：2026-05-21
预估转股价：16.51
预估转股价值：98.00
期权价值：11.77
理论价值：121.02
理论偏离度：2.79%",1,{'M': ''},0,0,N,,,buy,buy
2026-05-18 11:30:54,123250,嘉益转债,jyzz,128.15,-0.26,301004,嘉益股份,jygf,39.2,-4.74,3.08,79.66,49.21,0,160.42,288.57,360311,轻工制造,szcy,C,2024-11-26,[],0,0,buy,A+,,55.762,103.558,7.4,buy,2030-11-07,4.477,3.955,1307.45,4123.38,2.57,-1.73,,0,15:34:48,00,Y,N,0,0,Y,,2025-05-13 开始转股,计算使用4.5年期 评级为A+ 债参考YTM：5.0123,N,3.979,全价：128.150 最后更新：15:34:48,,,,0,{'M': ''},0,0,N,,,buy,buy
2026-05-18 11:30:54,110085,通22转债,t22zz,122.548,-0.35,600438,通威股份,twgf,16.07,-1.11,1.99,34.6,46.45,0,163.86,286.41,630501,电力设备,shmb,C,2022-03-18,[],0,0,buy,AAA,,24.22,44.98,16.6,buy,2028-02-24,1.773,119.831,12857.06,70578.63,0.87,-5.58,,0,14:59:53,00,Y,N,0,0,Y,,2022-09-02 开始转股,计算使用1.8年期 评级为AAA 债参考YTM：1.5974,N,120.0,全价：122.548 最后更新：14:59:53,,,,0,{'M': ''},0,0,N,,,buy,buy
2026-05-18 11:30:54,118032,建龙转债,jlzz,126.733,-0.39,688357,建龙微纳,jlwn,34.13,0.12,1.83,71.71,47.59,0,166.28,293.01,220309,基础化工,shkc,C,2023-04-07,[],0,0,buy,AA-,,50.197,93.223,20.5,buy,2029-03-08,2.808,6.999,1932.13,3001.29,2.17,-2.4,,0,14:59:01,00,Y,N,0,0,Y,,2023-09-14 开始转股,计算使用2.9年期 评级为AA- 债参考YTM：2.3619,N,7.0,全价：126.733 最后更新：14:59:01,,,,0,{'M': ''},0,0,N,,,buy,buy
2026-05-18 11:30:54,123151,康医转债,kyzz,122.48,-0.09,300869,康泰医学,ktyx,12.28,-0.49,2.86,27.55,44.57,0,174.78,297.26,370502,医药生物,szcy,C,2022-07-20,[],0,0,buy,A+,,19.285,35.815,21.6,buy,2028-07-01,2.123,6.998,1873.0,4186.68,2.19,-1.26,,0,15:34:27,00,Y,N,0,0,Y,,2023-01-09 开始转股,计算使用2.2年期 评级为A+ 债参考YTM：4.4469,N,7.0,全价：122.480 最后更新：15:34:27,,,,0,{'M': ''},0,0,N,,,buy,buy
2026-05-18 11:30:54,113660,寿22转债,s22zz,126.084,-0.04,603896,寿仙谷,sxg,16.32,-0.37,1.41,36.84,44.3,0,184.62,310.7,370201,医药生物,shmb,C,2022-12-12,[],0,0,buy,AA-,,25.788,47.892,12.3,buy,2028-11-17,2.504,3.977,1556.18,3050.28,3.1,-3.5,,0,14:59:30,00,Y,N,0,0,Y,,2023-05-23 开始转股,计算使用2.6年期 评级为AA- 债参考YTM：2.2473,N,3.98,全价：126.084 最后更新：14:59:30,,,,0,[],0,0,N,,,buy,buy
2026-05-18 11:30:54,118005,天奈转债,tnzz,127.587,-0.1,688116,天奈科技,tnkj,42.76,4.01,4.08,99.09,43.15,0,195.66,323.25,630702,电力设备,shkc,C,2022-03-01,[],0,0,buy,AA-,,69.363,128.817,5.3,buy,2028-01-27,1.696,8.299,2474.23,56386.86,2.33,-7.57,,0,14:59:02,00,Y,N,0,0,Y,,2022-08-09 开始转股,计算使用1.7年期 评级为AA- 债参考YTM：2.0050,N,8.3,全价：127.587 最后更新：14:59:02,,,,0,{'M': ''},0,0,N,,,buy,buy
2026-05-18 11:30:54,128135,洽洽转债,qqzz,114.43,-0.03,002557,洽洽食品,qqsp,21.56,1.22,1.97,55.93,38.55,0,196.85,311.28,340801,食品饮料,szmb,C,2020-11-18,[],0,0,buy,AA,,39.151,72.709,12.3,buy,2026-10-20,0.425,13.398,1917.5,22371.66,1.25,1.18,,0,15:34:51,00,Y,N,0,0,Y,,2021-04-26 开始转股,计算使用0.5年期 评级为AA 债参考YTM：1.4903,N,13.4,全价：114.430 最后更新：15:34:51,,,,1,{'M': ''},0,0,N,,,buy,buy
2026-05-18 11:30:54,113633,科沃转债,kwzz,123.444,0.24,603486,科沃斯,kws,68.12,4.56,4.2,173.8,39.19,0,214.95,338.39,330302,家用电器,shmb,C,2021-12-29,[],0,0,buy,AA,,121.66,225.94,2.7,buy,2027-11-30,1.537,10.396,2327.82,106705.23,1.82,-6.32,,0,14:58:43,00,Y,N,0,0,Y,,2022-06-06 开始转股,计算使用1.6年期 评级为AA 债参考YTM：1.6532,N,10.4,全价：123.444 最后更新：14:58:43,,,,0,{'M': ''},0,0,N,,,buy,buy
2026-05-18 11:30:54,123072,乐歌转债,lgzz,124.515,-0.39,300729,乐歌股份,lggf,12.43,-1.97,1.15,32.91,37.77,0,229.67,354.19,360311,轻工制造,szcy,C,2020-11-10,[],0,0,buy,A+,,23.037,42.783,3.5,buy,2026-10-21,0.427,1.418,605.66,5453.1,3.43,-8.54,,0,15:34:09,00,Y,N,0,0,Y,,2021-04-27 开始转股,计算使用0.5年期 评级为A+ 债参考YTM：4.0703,N,1.42,全价：124.515 最后更新：15:34:09,,,,0,[],0,0,N,,,buy,buy
2026-05-18 11:30:54,127025,冀东转债,jdzz,105.04,0.05,000401,金隅冀东,jyjd,4.06,-1.22,0.41,13.01,31.21,0,236.59,341.63,610101,建筑材料,szmb,C,2020-12-02,[],0,0,buy,AAA,,9.107,16.913,16.6,buy,2026-11-05,0.469,17.764,3287.59,4559.57,1.76,1.96,,0,15:34:06,00,Y,Y,0,0,Y,,2021-05-11 开始转股,计算使用0.5年期 评级为AAA 债参考YTM：1.4303,N,28.2,全价：105.040 最后更新：15:34:06,,,,0,{'M': ''},0,0,N,,,buy,buy
2026-05-18 11:30:54,118010,洁特转债,jtzz,123.421,0.57,688026,洁特生物,jtsw,16.14,3.4,1.9,47.95,33.66,0,266.67,390.09,370503,医药生物,shkc,C,2022-08-02,[],0,0,buy,A+,,33.565,62.335,19.4,buy,2028-06-28,2.115,4.399,1492.04,3345.38,2.75,-4.05,,0,14:59:01,00,Y,N,0,0,Y,,2023-01-04 开始转股,计算使用2.2年期 评级为A+ 债参考YTM：4.4469,N,4.4,全价：123.421 最后更新：14:59:01,,,,0,{'M': ''},0,0,N,,,buy,buy
2026-05-18 11:30:54,128124,科华转债,khzz,105.728,-0.03,002022,科华生物,khsw,5.91,2.78,1.18,20.64,28.63,0,269.24,374.97,370504,医药生物,szmb,C,2020-08-20,[],0,0,buy,A+,,14.448,26.832,7.4,buy,2026-07-28,0.195,2.245,1536.39,7208.54,6.47,1.34,,0,15:34:30,00,Y,N,0,0,Y,,2021-02-03 开始转股,计算使用0.2年期 评级为A+ 债参考YTM：4.0354,N,7.38,全价：105.728 最后更新：15:34:30,,,,0,[],0,0,N,,,buy,buy
2026-05-18 11:30:54,113059,福莱转债,flzz,123.895,-0.11,601865,福莱特,flt,12.66,-0.31,1.32,41.71,30.35,0,308.19,432.09,630504,电力设备,shmb,C,2022-06-13,[],0,0,buy,AA,,29.197,54.223,16.6,buy,2028-05-20,2.008,39.999,3437.31,21883.84,0.69,-3.59,,0,14:59:09,00,Y,N,1,0,Y,转股价下修1次，成功下修0次,2022-11-28 开始转股,计算使用2.1年期 评级为AA 债参考YTM：1.7091,N,40.0,全价：123.895 最后更新：14:59:09,,,,0,{'M': ''},0,0,N,,,buy,buy
2026-05-18 11:30:54,123154,火星转债,hxzz,126.389,-0.01,300894,火星人,hxr,10.17,-0.78,3.93,33.03,30.79,0,310.48,436.87,330401,家用电器,szcy,C,2022-08-23,[],0,0,buy,AA-,,23.121,42.939,17.7,buy,2028-08-05,2.219,5.289,2519.33,3873.22,3.77,-2.92,,0,15:34:33,00,Y,N,0,0,Y,,2023-02-13 开始转股,计算使用2.3年期 评级为AA- 债参考YTM：2.1377,N,5.29,全价：126.389 最后更新：15:34:33,,,,0,{'M': ''},0,0,N,,,buy,buy
2026-05-18 11:30:54,123179,立高转债,lgzz,123.135,0.35,300973,立高食品,lgsp,28.13,-0.04,1.74,95.13,29.57,0,316.42,439.56,340802,食品饮料,szcy,C,2023-03-27,[],0,0,buy,AA-,,66.591,123.669,28.5,buy,2029-03-07,2.806,9.499,2166.8,6088.91,1.85,-1.29,,0,15:34:45,00,Y,N,0,0,Y,,2023-09-13 开始转股,计算使用2.9年期 评级为AA- 债参考YTM：2.3619,N,9.5,全价：123.135 最后更新：15:34:45,,,,0,{'M': ''},0,0,N,,,buy,buy
