抓取时间,bond_id,bond_nm,bond_py,price,increase_rt,stock_id,stock_nm,stock_py,sprice,sincrease_rt,pb,convert_price,convert_value,convert_begin,premium_rt,dblow,sw_cd,sw_name,market_cd,btype,list_dt,t_flag,owned,hold,bond_value,rating_cd,option_value,put_convert_price,force_redeem_price,convert_amt_ratio,fund_rt,maturity_dt,year_left,curr_iss_amt,volume,svolume,turnover_rt,ytm_rt,put_ytm_rt,noted,last_time,qstatus,sqflag,pb_flag,adj_cnt,adj_scnt,convert_price_valid,convert_price_tips,convert_cd_tip,ref_yield_info,adjusted,orig_iss_amt,price_tips,redeem_dt,real_force_redeem_price,option_tip,after_next_put_dt,icons,is_min_price,blocked,putting,force_redeem_price_tip,notes,volatility_rate,debt_rate
2026-07-28 10:05:20,127067,恒逸转2,hyz2,147.579,-3.23,000703,恒逸石化,hysh,15.3,-3.23,2.16,10.32,148.26,0,-0.46,147.12,750301,石油石化,szmb,C,2022-08-18,[],0,0,buy,AA+,,7.224,13.416,4.9,buy,2028-07-21,1.984,28.751,58002.3,79467.8,13.64,-13.57,,0,15:34:48,00,Y,N,0,0,Y,,2023-01-30 开始转股,计算使用2.0年期 评级为AA+ 债参考YTM：1.6355,N,30.0,全价：147.579 最后更新：15:34:48,,,,1,{'M': ''},0,0,N,,,buy,buy
2026-07-28 10:05:20,123188,水羊转债,syzz,137.6,-4.74,300740,水羊股份,sygf,18.54,-4.43,3.41,13.44,137.95,0,-0.25,137.35,770202,美容护理,szcy,C,2023-04-25,[],0,0,buy,A+,,9.408,17.472,1.8,buy,2029-04-04,,1.353,131143.54,70305.27,671.23,,,0,15:34:06,00,Y,N,0,0,Y,,2023-10-11 开始转股,强赎登记日2026-07-29，赎回价格100.6020元，如不考虑强赎纯债价值为106.16元，计算使用2.7年期 评级为A+ 债参考YTM：4.5336,N,6.95,全价：137.600 最后更新：15:34:06,2026-07-29,100.6020,如不考虑强赎期权价值为64.61元,0,"{'R': '最后交易日 2026年7月29日\r\n最后转股日 2026年8月3日\r\n赎回价 100.602元/张', 'M': ''}",0,0,N,,,buy,buy
2026-07-28 10:05:20,110077,洪城转债,hczz,206.094,-0.39,600461,洪城环境,hchj,9.11,-0.11,1.14,4.41,206.58,0,-0.23,205.86,760102,环保,shmb,C,2020-12-17,[],0,0,buy,AA+,,3.087,5.733,5.1,buy,2026-11-20,0.315,6.034,11722.68,9180.18,9.49,-149.3,,0,14:59:56,00,Y,N,0,0,Y,,2021-05-26 开始转股,计算使用0.4年期 评级为AA+ 债参考YTM：1.5231,N,18.0,全价：206.094 最后更新：14:59:56,,,,1,{'M': ''},0,0,N,,,buy,buy
2026-07-28 10:05:20,113658,密卫转债,mwzz,114.223,-2.11,603713,密尔克卫,mekw,62.47,-2.38,2.01,54.72,114.16,0,0.05,114.27,420806,交通运输,shmb,C,2022-10-25,[],0,0,buy,AA-,,38.304,71.136,4.5,buy,2027-09-16,,4.7,10970.67,16994.25,20.24,,,0,14:59:57,00,Y,N,1,1,Y,转股价下修1次，成功下修1次,2023-03-22 开始转股,强赎登记日2026-08-06，赎回价格101.3562元，如不考虑强赎纯债价值为111.14元，计算使用1.2年期 评级为AA- 债参考YTM：1.8920,N,8.724,全价：114.223 最后更新：14:59:57,2026-08-06,101.3562,如不考虑强赎期权价值为28.41元,1,"{'R': '最后交易日 2026年8月6日\r\n最后转股日 2026年8月11日\r\n赎回价 101.3562元/张', 'M': ''}",0,0,N,,,buy,buy
2026-07-28 10:05:20,118074,特宝转债,tbzz,100.0,0.0,688278,特宝生物,tbsw,57.59,-5.01,6.48,58.56,98.34,190,1.68,101.68,370304,医药生物,shkc,C,,[],0,0,buy,AA+,,40.992,76.128,6.5,buy,2032-07-27,6.003,15.33,0.0,23554.9,0.0,1.85,,0,,00,Y,N,0,0,Y,,未到转股期；2027-02-03 开始转股,计算使用6.1年期 评级为AA+ 债参考YTM：1.9691,N,15.33,待上市,,,,0,{'M': ''},0,0,N,,,buy,buy
2026-07-28 10:05:20,123278,合金转债,hjzz,100.0,0.0,300697,电工合金,dghj,13.58,3.11,4.48,13.98,97.14,192,2.95,102.95,240302,有色金属,szcy,C,,[],0,0,buy,AA-,,9.786,18.174,12.1,buy,2032-07-29,6.003,5.45,0.0,16474.49,0.0,2.19,,0,,00,Y,N,0,0,Y,,未到转股期；2027-02-05 开始转股,计算使用6.1年期 评级为AA- 债参考YTM：3.4326,N,5.45,待上市,,,,0,[],0,0,N,,,buy,buy
2026-07-28 10:05:20,110103,申能转债,snzz,100.0,0.0,600642,申能股份,sngf,8.45,-2.09,0.97,8.74,96.68,188,3.43,103.43,410101,公用事业,shmb,C,,[],0,0,buy,AAA,,6.118,11.362,4.8,buy,2032-07-23,5.992,20.0,0.0,18174.66,0.0,1.66,,0,,00,Y,N,0,0,Y,,未到转股期；2027-02-01 开始转股,计算使用6.0年期 评级为AAA 债参考YTM：1.8173,N,20.0,待上市,,,,0,{'M': ''},0,0,N,,,buy,buy
2026-07-28 10:05:20,113039,嘉泽转债,jzzz,159.62,-1.18,601619,嘉泽新能,jzxn,4.46,-0.45,1.62,2.89,154.33,0,3.43,163.05,410107,公用事业,shmb,C,2020-09-17,[],0,0,buy,AA,,2.023,3.757,2.6,buy,2026-08-24,0.074,2.854,32712.69,19714.62,71.85,-437.02,,0,14:59:59,00,Y,N,0,0,Y,,2021-03-01 开始转股,计算使用0.1年期 评级为AA 债参考YTM：1.4888,N,13.0,全价：159.620 最后更新：14:59:59,,,,1,"{'R': '到期\n最后交易日：2026-08-18\n最后转股日：2026-08-21\n债券到期日：2026-08-24\n到期赎回价：108.000元/张', 'M': ''}",0,0,N,,,buy,buy
2026-07-28 10:05:20,123277,玉禾转债,yhzz,100.0,0.0,300815,玉禾田,yht,15.8,-2.77,1.34,16.35,96.64,191,3.48,103.48,760103,环保,szcy,C,,[],0,0,buy,AA,,11.445,21.255,24.2,buy,2032-07-28,6.003,15.0,0.0,23029.75,0.0,2.15,,0,,00,Y,N,0,0,Y,,未到转股期；2027-02-04 开始转股,计算使用6.1年期 评级为AA 债参考YTM：2.2183,N,15.0,待上市,,,,0,[],0,0,N,,,buy,buy
2026-07-28 10:05:20,113042,上银转债,syzz,118.006,0.63,601229,上海银行,shyh,9.37,2.29,0.51,8.35,112.22,0,5.16,123.17,480401,银行,shmb,C,2021-02-10,[],0,0,buy,AAA,,,10.855,15.0,buy,2027-01-25,0.496,199.775,41006.96,87250.91,1.74,-10.26,,0,14:59:57,00,Y,Y,0,0,Y,,2021-07-29 开始转股,计算使用0.5年期 评级为AAA 债参考YTM：1.4996,N,200.0,全价：118.006 最后更新：14:59:57,,,,0,{'M': ''},0,0,N,,,buy,buy
2026-07-28 10:05:20,113056,重银转债,cyzz,128.715,0.56,601963,重庆银行,cqyh,11.23,2.28,0.61,9.22,121.8,0,5.68,134.4,480401,银行,shmb,C,2022-04-14,[],0,0,buy,AAA,,,11.986,50.6,buy,2028-03-23,1.655,115.622,21354.85,15462.25,1.44,-7.93,,0,14:59:59,00,Y,N,0,0,Y,,2022-09-30 开始转股,计算使用1.7年期 评级为AAA 债参考YTM：1.5860,N,130.0,全价：128.715 最后更新：14:59:59,,,,0,{'M': ''},0,0,N,,,buy,buy
2026-07-28 10:05:20,113605,大参转债,dszz,118.395,-0.25,603233,大参林,dsl,18.84,1.24,2.73,16.86,111.74,0,5.95,124.35,370403,医药生物,shmb,C,2020-11-13,[],0,0,buy,AA,,11.802,21.918,6.5,buy,2026-10-22,0.236,14.045,5172.58,14765.52,3.12,-30.45,,0,14:59:40,00,Y,N,1,1,Y,转股价下修1次，成功下修1次,2021-04-28 开始转股,计算使用0.3年期 评级为AA 债参考YTM：1.5447,N,14.05,全价：118.395 最后更新：14:59:40,,,,1,{'M': ''},0,0,N,,,buy,buy
2026-07-28 10:05:20,118053,正帆转债,zfzz,135.296,-7.34,688596,正帆科技,zfkj,49.17,-9.86,3.82,38.57,127.48,0,6.13,141.43,640209,机械设备,shkc,C,2025-04-03,[],0,0,buy,AA,,26.999,50.141,7.3,buy,2031-03-18,4.641,10.406,213380.01,159596.12,147.67,-3.34,,0,15:00:00,00,Y,N,0,0,Y,,2025-09-24 开始转股,已公告要强赎，如不考虑强赎纯债价值为106.02元，计算使用4.7年期 评级为AA 债参考YTM：1.9492,N,10.41,全价：135.296 最后更新：15:00:00,,,如不考虑强赎期权价值为82.85元,0,"{'O': '', 'M': ''}",0,0,N,,,buy,buy
2026-07-28 10:05:20,127061,美锦转债,mjzz,107.399,-0.93,000723,美锦能源,mjny,3.51,-0.57,1.21,3.47,101.15,0,6.18,113.58,740201,煤炭,szmb,C,2022-05-30,[],0,0,buy,A,,2.429,4.511,18.1,buy,2028-04-20,1.732,27.89,5724.4,16341.02,1.91,6.97,,0,15:34:48,00,Y,N,2,2,Y,转股价下修2次，成功下修2次,2022-10-26 开始转股,计算使用1.8年期 评级为A 债参考YTM：6.6808,N,35.9,全价：107.399 最后更新：15:34:48,,,,1,{'M': ''},0,0,N,,,buy,buy
2026-07-28 10:05:20,113667,春23转债,c23zz,198.577,-6.72,603890,春秋电子,cqdz,18.59,-5.97,2.46,9.95,186.83,0,6.29,204.87,270504,电子,shmb,C,2023-04-11,[],0,0,buy,AA-,,6.965,12.935,6.9,buy,2029-03-17,2.638,5.696,51211.14,28729.81,44.49,-18.01,,0,14:59:59,00,Y,N,0,0,Y,,2023-09-25 开始转股,计算使用2.7年期 评级为AA- 债参考YTM：2.1873,N,5.7,全价：198.577 最后更新：14:59:59,,,,0,{'M': ''},0,0,N,,,buy,buy
2026-07-28 10:05:20,110102,江农转债,jnzz,100.0,0.0,600389,江山股份,jsgf,19.4,2.37,2.0,20.64,93.99,176,6.39,106.39,220803,基础化工,shmb,C,,[],0,0,buy,AA+,,14.448,26.832,14.2,buy,2032-07-13,5.964,11.85,0.0,31063.11,0.0,2.04,,0,,00,Y,N,0,0,Y,,未到转股期；2027-01-20 开始转股,计算使用6.0年期 评级为AA+ 债参考YTM：1.9573,N,11.85,待上市,,,,0,{'M': ''},0,0,N,,,buy,buy
2026-07-28 10:05:20,128134,鸿路转债,hlzz,121.225,-0.36,002541,鸿路钢构,hlgg,19.9,0.56,1.36,17.49,113.78,0,6.54,127.77,620401,建筑装饰,szmb,C,2020-11-02,[],0,0,buy,AA,,12.243,22.737,15.9,buy,2026-10-09,0.2,15.678,3990.93,14250.53,2.1,-46.93,,0,15:34:00,00,Y,N,2,2,Y,转股价下修2次，成功下修2次,2021-04-15 开始转股,计算使用0.2年期 评级为AA 债参考YTM：1.5169,N,18.8,全价：121.225 最后更新：15:34:00,,,,0,{'M': ''},0,0,N,,,buy,buy
2026-07-28 10:05:20,113062,常银转债,cyzz,130.0,0.3,601128,常熟银行,csyh,6.24,0.16,0.7,5.25,118.86,0,9.37,139.37,480501,银行,shmb,C,2022-10-17,[],0,0,buy,AAA,,,6.825,26.4,buy,2028-09-15,2.137,59.994,11770.6,24091.78,1.51,-7.91,,0,14:59:47,00,Y,N,0,0,Y,,2023-03-21 开始转股,计算使用2.2年期 评级为AAA 债参考YTM：1.6136,N,60.0,全价：130.000 最后更新：14:59:47,,,,0,{'M': ''},0,0,N,,,buy,buy
2026-07-28 10:05:20,113681,镇洋转债,zyzz,138.2,-0.41,603213,镇洋发展,zyfz,13.79,-0.43,3.11,10.95,125.94,0,9.74,147.94,220202,基础化工,shmb,C,2024-01-17,[],0,0,buy,AA-,,7.665,14.235,8.9,buy,2029-12-29,3.425,5.476,4430.45,2217.81,5.85,-4.28,,0,14:59:39,00,Y,N,0,0,Y,,2024-07-05 开始转股,计算使用3.5年期 评级为AA- 债参考YTM：2.3486,N,6.6,全价：138.200 最后更新：14:59:39,,,,0,[],0,0,N,,,buy,buy
2026-07-28 10:05:20,113697,应流转债,ylzz,156.977,-6.62,603308,应流股份,ylgf,43.0,-8.55,5.63,30.31,141.87,0,10.65,167.63,640108,机械设备,shmb,C,2025-10-22,[],0,0,buy,AA+,,21.217,39.403,5.1,buy,2031-09-19,5.148,14.994,39018.85,85104.93,16.35,-6.34,,0,15:00:00,00,Y,N,0,0,Y,,2026-03-25 开始转股,计算使用5.2年期 评级为AA+ 债参考YTM：1.8486,N,15.0,全价：156.977 最后更新：15:00:00,,,,0,{'M': ''},0,0,N,,,buy,buy
2026-07-28 10:05:20,110081,XD闻泰转,wtzz,101.987,-0.59,600745,*ST闻泰,wtkj,16.84,-1.35,0.88,18.36,91.72,0,11.19,113.18,270102,电子,shmb,C,2021-08-20,[],0,0,buy,BBB+,,12.852,23.868,32.4,buy,2027-07-28,1.0,72.068,21666.34,49248.41,2.94,5.91,,0,14:59:59,00,Y,N,3,3,Y,转股价下修3次，成功下修3次,2022-02-07 开始转股,计算使用1.0年期 评级为BBB+ 债参考YTM：11.9424,N,86.0,全价：101.987 最后更新：14:59:59,,,,1,[],0,0,N,,,buy,buy
2026-07-28 10:05:20,127115,炬申转债,jszz,100.0,0.0,001202,炬申股份,jsgf,12.29,-5.24,2.39,13.76,89.32,188,11.96,111.96,420802,交通运输,szmb,C,,[],0,0,buy,AA-,,9.632,17.888,26.5,buy,2032-07-23,5.992,3.8,0.0,8452.07,0.0,2.19,,0,,00,Y,N,0,0,Y,,未到转股期；2027-02-01 开始转股,计算使用6.0年期 评级为AA- 债参考YTM：3.3973,N,3.8,待上市,,,,0,[],0,0,N,,,buy,buy
2026-07-28 10:05:20,113707,科博转债,kbzz,100.0,0.0,603786,科博达,kbd,39.83,-0.38,2.79,45.56,87.42,167,14.39,114.39,280206,汽车,shmb,C,,[],0,0,buy,AA+,,31.892,59.228,9.3,buy,2032-07-02,5.934,14.91,0.0,5779.84,0.0,1.86,,0,,00,Y,N,0,0,Y,,未到转股期；2027-01-11 开始转股,计算使用6.0年期 评级为AA+ 债参考YTM：1.9573,N,14.91,待上市,,,,0,{'M': ''},0,0,N,,,buy,buy
2026-07-28 10:05:20,128127,文科转债,wkzz,114.821,-0.09,002775,文科股份,wkgf,3.88,-0.26,44.6,3.92,98.98,0,16.0,130.82,620307,建筑装饰,szmb,C,2020-09-11,[],0,0,buy,BBB+,,2.744,5.096,34.0,buy,2026-08-20,0.063,7.662,17108.05,22511.7,19.39,2.59,,0,15:33:57,00,Y,N,2,2,Y,转股价下修2次，成功下修2次,2021-03-01 开始转股,计算使用0.1年期 评级为BBB+ 债参考YTM：11.6994,N,9.5,全价：114.821 最后更新：15:33:57,,,,1,{'R': '到期\n最后交易日：2026-08-14\n最后转股日：2026-08-19\n债券到期日：2026-08-20\n到期赎回价：115.000元/张'},0,0,N,,,buy,buy
2026-07-28 10:05:20,113615,金诚转债,jczz,759.642,-0.72,603979,金诚信,jcx,71.45,-0.63,3.83,11.12,642.54,0,18.23,777.87,240302,有色金属,shmb,C,2021-01-14,[],0,0,buy,AA,,7.784,14.456,1.1,buy,2026-12-23,0.406,4.958,28532.66,49699.21,7.59,-211.71,,0,14:59:58,00,Y,N,0,0,Y,,2021-06-29 开始转股,计算使用0.5年期 评级为AA 债参考YTM：1.5696,N,10.0,全价：759.642 最后更新：14:59:58,,,,1,"{'G': '本次（2025年10月10日至2025年10月30日）不提前赎回，至2026年12月22日到期均不提前赎回', 'M': ''}",0,0,N,,,buy,buy
2026-07-28 10:05:20,113708,曙26转债,s26zz,100.0,0.0,603019,中科曙光,zksg,92.1,-4.8,5.97,108.89,84.58,177,18.23,118.23,710103,计算机,shmb,C,,[],0,0,buy,AAA,,76.223,141.557,5.9,buy,2032-07-14,5.967,80.0,0.0,544379.02,0.0,1.36,,0,,00,Y,N,0,0,Y,,未到转股期；2027-01-21 开始转股,计算使用6.0年期 评级为AAA 债参考YTM：1.8173,N,80.0,待上市,,,,0,{'M': ''},0,0,N,,,buy,buy
2026-07-28 10:05:20,128128,齐翔转2,qxz2,110.12,-0.16,002408,齐翔腾达,qxtd,4.94,0.61,1.28,5.37,91.99,0,19.71,129.83,750303,石油石化,szmb,C,2020-09-15,[],0,0,buy,AA,,3.759,6.981,5.0,buy,2026-08-20,0.063,6.788,6718.66,11893.09,8.99,-1.81,,0,15:34:00,00,Y,N,0,0,Y,,2021-02-26 开始转股,计算使用0.1年期 评级为AA 债参考YTM：1.4888,N,29.9,全价：110.120 最后更新：15:34:00,,,,1,"{'R': '到期\n最后交易日：2026-08-14\n最后转股日：2026-08-19\n债券到期日：2026-08-20\n到期赎回价：110.000元/张', 'M': ''}",0,0,N,,,buy,buy
2026-07-28 10:05:20,113058,友发转债,yfzz,135.898,-0.75,601686,友发集团,yfjt,5.05,0.0,1.09,4.48,112.72,0,20.56,156.46,230403,钢铁,shmb,C,2022-04-26,[],0,0,buy,AA,,3.136,5.824,24.9,buy,2028-03-30,1.674,18.638,4371.37,2212.48,1.72,-10.16,,0,14:59:26,00,Y,N,2,2,Y,转股价下修2次，成功下修2次,2022-10-10 开始转股,计算使用1.7年期 评级为AA 债参考YTM：1.6654,N,20.0,全价：135.898 最后更新：14:59:26,,,,1,[],0,0,N,,,buy,buy
2026-07-28 10:05:20,113631,皖天转债,wtzz,136.748,-0.54,603689,皖天然气,wtrq,7.37,0.14,1.02,6.51,113.21,0,20.79,157.54,410301,公用事业,shmb,C,2021-12-10,[],0,0,buy,AA+,,4.557,8.463,15.4,buy,2027-11-08,1.282,5.958,2762.32,1927.33,3.38,-14.7,,0,14:59:06,00,Y,N,0,0,Y,,2022-05-12 开始转股,计算使用1.3年期 评级为AA+ 债参考YTM：1.5824,N,9.3,全价：136.748 最后更新：14:59:06,,,,1,[],0,0,N,,,buy,buy
2026-07-28 10:05:20,127084,柳工转2,lgz2,148.488,-0.34,000528,柳工,lg,8.55,0.35,0.91,6.98,122.49,0,21.22,169.71,640601,机械设备,szmb,C,2023-04-20,[],0,0,buy,AAA,,4.886,9.074,14.3,buy,2029-03-27,2.666,24.809,14148.07,21919.59,3.84,-9.05,,0,15:34:45,00,Y,N,0,0,Y,,2023-10-09 开始转股,计算使用2.7年期 评级为AAA 债参考YTM：1.6209,N,30.0,全价：148.488 最后更新：15:34:45,,,,0,{'M': ''},0,0,N,,,buy,buy
2026-07-28 10:05:20,127080,声迅转债,sxzz,252.2,-1.41,003004,声迅股份,sxgf,59.85,0.42,6.98,28.94,206.81,0,21.95,274.15,710102,计算机,szmb,C,2023-02-10,[],0,0,buy,A,,20.258,37.622,6.8,buy,2028-12-30,2.427,2.793,88919.06,12629.53,123.39,-27.01,,0,15:34:45,00,Y,N,0,0,Y,,2023-07-07 开始转股,计算使用2.5年期 评级为A 债参考YTM：6.8288,N,2.8,全价：252.200 最后更新：15:34:45,,,,0,{'G': '本次（2026年5月8日至2026年5月29日）不提前赎回，以2026年8月31日重新计算'},0,0,N,,,buy,buy
2026-07-28 10:05:20,118073,赛斯转债,sszz,100.0,0.0,688480,赛恩斯,ses,72.09,0.97,5.7,88.16,81.77,181,22.29,122.29,760104,环保,shkc,C,,[],0,0,buy,AA,,61.712,114.608,8.0,buy,2032-07-16,5.973,5.519,0.0,11674.53,0.0,2.17,,0,,00,Y,N,0,0,Y,,未到转股期；2027-01-25 开始转股,计算使用6.0年期 评级为AA 债参考YTM：2.1973,N,5.519,待上市,,,,0,{'M': ''},0,0,N,,,buy,buy
2026-07-28 10:05:20,123207,冠中转债,gzzz,195.396,-3.51,300948,冠中生态,gzst,16.68,-3.36,2.82,10.44,159.77,0,22.3,217.7,620307,建筑装饰,szcy,C,2023-08-09,[],0,0,buy,A-,,7.308,13.572,5.6,buy,2029-07-21,2.984,1.455,15764.08,6085.38,54.38,-15.52,,0,15:34:00,00,Y,N,1,1,Y,转股价下修1次，成功下修1次,2024-01-29 开始转股,计算使用3.0年期 评级为A- 债参考YTM：9.3134,N,4.0,全价：195.396 最后更新：15:34:00,,,,0,"{'G': '本次（2026年5月27日至2026年6月16日）不提前赎回，自2026年9月16日后首个交易日重新计算', 'M': ''}",0,0,N,,,buy,buy
2026-07-28 10:05:20,123065,宝莱转债,blzz,120.9,-0.87,300246,宝莱特,blt,18.04,0.95,4.22,18.3,98.58,0,22.64,143.54,370502,医药生物,szcy,C,2020-09-24,[],0,0,buy,AA-,,12.81,23.79,5.7,buy,2026-09-04,0.104,2.18,3208.74,24742.29,12.09,-48.13,,0,15:34:33,00,Y,N,2,2,Y,转股价下修2次，成功下修2次,2021-03-11 开始转股,计算使用0.2年期 评级为AA- 债参考YTM：1.7169,N,2.19,全价：120.900 最后更新：15:34:33,,,,0,[],0,0,N,,,buy,buy
2026-07-28 10:05:20,128136,立讯转债,lxzz,132.545,-2.71,002475,立讯精密,lxjm,60.1,-4.44,5.23,55.67,107.96,0,22.78,155.33,270504,电子,szmb,C,2020-12-02,[],0,0,buy,AA+,,38.969,72.371,0.7,buy,2026-11-03,0.269,29.848,16059.64,620526.06,4.03,-69.67,,0,15:34:03,00,Y,N,0,0,Y,,2021-05-10 开始转股,计算使用0.3年期 评级为AA+ 债参考YTM：1.5140,N,30.0,全价：132.545 最后更新：15:34:03,,,,1,{'M': ''},0,0,N,,,buy,buy
2026-07-28 10:05:20,123213,天源转债,tyzz,241.49,-5.11,301127,武汉天源,whty,13.94,-8.53,2.73,7.1,196.34,0,23.0,264.49,760102,环保,szcy,C,2023-08-16,[],0,0,buy,AA-,,4.97,9.23,3.6,buy,2029-07-28,3.0,3.26,46701.34,63488.95,57.1,-22.03,,0,15:34:09,00,Y,N,0,0,Y,,2024-02-05 开始转股,计算使用3.0年期 评级为AA- 债参考YTM：2.2634,N,10.0,全价：241.490 最后更新：15:34:09,,,,0,"{'G': '本次（2026年3月13日至2026年4月2日）不提前赎回，自2026年10月2日后首个交易日重新计算', 'M': ''}",0,0,N,,,buy,buy
2026-07-28 10:05:20,123276,久吾转02,jwz02,100.0,0.0,300631,久吾高科,jwgk,19.27,-0.26,1.78,23.78,81.03,181,23.4,123.4,760201,环保,szcy,C,,[],0,0,buy,A+,,16.646,30.914,12.8,buy,2032-07-19,5.981,3.0,0.0,3928.64,0.0,2.98,,0,,00,Y,N,0,0,Y,,未到转股期；2027-01-25 开始转股,计算使用6.0年期 评级为A+ 债参考YTM：5.7473,N,3.0,待上市,,,,0,[],0,0,N,,,buy,buy
2026-07-28 10:05:20,127110,广核转债,ghzz,138.63,-0.15,003816,中国广核,zggh,4.02,-0.25,1.61,3.58,112.29,0,23.46,162.09,410108,公用事业,szmb,C,2025-07-25,[],0,0,buy,AAA,,2.506,4.654,3.1,buy,2031-07-09,4.951,48.992,9620.12,31649.23,1.42,-4.63,,0,15:34:06,00,Y,N,0,0,Y,,2026-01-15 开始转股,计算使用5.0年期 评级为AAA 债参考YTM：1.7418,N,49.0,全价：138.630 最后更新：15:34:06,,,,0,{'M': ''},0,0,N,,,buy,buy
2026-07-28 10:05:20,127040,国泰转债,gtzz,126.784,-0.15,002091,江苏国泰,jsgt,7.54,0.0,0.74,7.35,102.59,0,23.59,150.37,450201,商贸零售,szmb,C,2021-08-10,[],0,0,buy,AA+,,5.145,9.555,33.0,buy,2027-07-07,0.943,39.863,7799.09,6576.68,1.55,-15.77,,0,15:34:27,00,Y,N,0,0,Y,,2022-01-13 开始转股,计算使用1.0年期 评级为AA+ 债参考YTM：1.5624,N,45.574,全价：126.784 最后更新：15:34:27,,,,1,{'M': ''},0,0,N,,,buy,buy
2026-07-28 10:05:20,110076,华海转债,hhzz,120.211,-2.31,600521,华海药业,hhyy,16.04,-3.2,2.44,16.5,97.21,0,23.66,143.87,370102,医药生物,shmb,C,2020-11-25,[],0,0,buy,AA,,11.55,21.45,7.7,buy,2026-11-02,0.266,18.424,4345.18,49596.74,1.94,-31.96,,0,14:59:13,00,Y,N,1,1,Y,转股价下修1次，成功下修1次,2021-05-06 开始转股,计算使用0.3年期 评级为AA 债参考YTM：1.5447,N,18.426,全价：120.211 最后更新：14:59:13,,,,1,{'M': ''},0,0,N,,,buy,buy
2026-07-28 10:05:20,123243,严牌转债,ypzz,182.082,-3.79,301081,严牌股份,ypgf,10.62,-2.75,2.22,7.22,147.09,0,23.79,205.87,760201,环保,szcy,C,2024-07-26,[],0,0,buy,A+,,5.054,9.386,10.9,buy,2030-07-10,3.953,2.607,11906.06,3621.61,24.7,-10.48,,0,15:34:06,00,Y,N,0,0,Y,,2025-01-16 开始转股,计算使用4.0年期 评级为A+ 债参考YTM：4.7713,N,4.679,全价：182.082 最后更新：15:34:06,,,,0,"{'G': '本次（2026年5月6日至2026年5月26日）不提问赎回，以2026年8月26日后的首个交易日重新计算', 'M': ''}",0,0,N,,,buy,buy
2026-07-28 10:05:20,113051,节能转债,jnzz,131.199,-1.79,601016,节能风电,jnfd,3.51,-1.96,1.27,3.33,105.41,0,24.47,155.67,410107,公用事业,shmb,C,2021-07-22,[],0,0,buy,AAA,,2.331,4.329,12.5,buy,2027-06-21,0.899,26.519,13265.56,47129.38,3.78,-17.98,,0,14:59:58,00,Y,N,1,0,Y,转股价下修1次，成功下修0次,2021-12-27 开始转股,计算使用0.9年期 评级为AAA 债参考YTM：1.5265,N,30.0,全价：131.199 最后更新：14:59:58,,,,1,"{'G': '本次（2026年4月23日至2026年5月19日）不提前赎回，自2026年8月19日之后的首个交易日重新起算', 'M': ''}",0,0,N,,,buy,buy
2026-07-28 10:05:20,123187,超达转债,cdzz,174.579,-4.12,301186,超达装备,cdzb,30.53,-4.17,2.15,21.77,140.24,0,24.49,199.07,280205,汽车,szcy,C,2023-04-25,[],0,0,buy,A,,15.239,28.301,6.8,buy,2029-04-04,2.688,2.242,8351.77,6199.3,21.06,-13.5,,0,15:33:54,00,Y,N,0,0,Y,,2023-10-11 开始转股,计算使用2.7年期 评级为A 债参考YTM：6.8836,N,4.69,全价：174.579 最后更新：15:33:54,,,,0,"{'G': '本次（2026年4月10日至2026年4月30日）不提前赎回，以2026年7月31日之后的首个交易日重新起算', 'M': ''}",0,0,N,,,buy,buy
2026-07-28 10:05:20,127056,中特转债,ztzz,131.242,0.11,000708,中信特钢,zxtg,14.42,1.48,1.61,13.89,103.82,0,26.42,157.66,230501,钢铁,szmb,C,2022-04-15,[],0,0,buy,AAA,,9.723,18.057,6.9,buy,2028-02-25,1.581,49.996,14376.94,14364.02,2.19,-11.93,,0,15:34:36,00,Y,N,1,1,Y,转股价下修1次，成功下修1次,2022-09-05 开始转股,计算使用1.6年期 评级为AAA 债参考YTM：1.5783,N,50.0,全价：131.242 最后更新：15:34:36,,,,0,{'M': ''},0,0,N,,,buy,buy
2026-07-28 10:05:20,128142,新乳转债,xrzz,117.807,0.53,002946,新乳业,xry,16.24,6.01,3.57,17.5,92.8,0,26.95,144.76,340702,食品饮料,szmb,C,2021-01-19,[],0,0,buy,AA,,12.25,22.75,5.2,buy,2026-12-18,0.392,7.178,7510.36,14535.31,8.89,-17.04,,0,15:34:15,00,Y,N,0,0,Y,,2021-06-24 开始转股,计算使用0.4年期 评级为AA 债参考YTM：1.5581,N,7.18,全价：117.807 最后更新：15:34:15,,,,1,{'M': ''},0,0,N,,,buy,buy
2026-07-28 10:05:20,127092,运机转债,yjzz,274.737,-3.27,001288,运机集团,yjjt,25.75,-1.11,2.47,11.91,216.21,0,27.07,301.81,640203,机械设备,szmb,C,2023-10-20,[],0,0,buy,AA-,,8.337,15.483,13.4,buy,2029-09-21,3.153,5.25,14638.15,7401.0,10.04,-23.35,,0,15:34:51,00,Y,N,0,0,Y,,2024-03-27 开始转股,计算使用3.2年期 评级为AA- 债参考YTM：2.3045,N,7.3,全价：274.737 最后更新：15:34:51,,,,0,{'G': '本次（2025年12月8日至2025年12月26日）不提前赎回，以2026年12月26日后的首个交易日起重新计算'},0,0,N,,,buy,buy
2026-07-28 10:05:20,123247,万凯转债,wkzz,179.513,-1.53,301216,万凯新材,wkxc,15.74,-1.99,1.39,11.15,141.17,0,27.16,206.67,220501,基础化工,szcy,C,2024-09-05,[],0,0,buy,AA,,7.805,14.495,22.9,buy,2030-08-16,4.055,19.642,13285.43,14023.45,3.75,-10.63,,0,15:34:12,00,Y,N,0,0,Y,,2025-02-24 开始转股,计算使用4.1年期 评级为AA 债参考YTM：1.9144,N,27.0,全价：179.513 最后更新：15:34:12,,,,0,"{'G': '本次（2026年6月17日至2026年7月8日）不提前赎回，自2026年10月8日后首个交易日重新计算', 'M': ''}",0,0,N,,,buy,buy
2026-07-28 10:05:20,113052,兴业转债,xyzz,117.795,0.21,601166,兴业银行,xyyh,18.6,1.64,0.43,20.13,92.4,0,27.48,145.28,480301,银行,shmb,C,2022-01-14,[],0,0,buy,AAA,,,26.169,10.5,buy,2027-12-27,1.416,413.5,41088.2,248760.72,0.84,-3.98,,0,14:59:43,00,Y,Y,0,0,Y,,2022-06-30 开始转股,计算使用1.5年期 评级为AAA 债参考YTM：1.5703,N,500.0,全价：117.795 最后更新：14:59:43,,,,0,{'M': ''},0,0,N,,,buy,buy
2026-07-28 10:05:20,110099,福能转债,fnzz,146.913,-0.11,600483,福能股份,fngf,10.85,0.18,1.07,9.49,114.33,0,28.5,175.41,410110,公用事业,shmb,C,2025-10-30,[],0,0,buy,AA+,,6.643,12.337,12.6,buy,2031-10-13,5.214,38.019,13159.44,11569.71,2.37,-5.41,,0,14:59:09,00,Y,N,0,0,Y,,2026-04-17 开始转股,计算使用5.3年期 评级为AA+ 债参考YTM：1.8599,N,38.02,全价：146.913 最后更新：14:59:09,,,,0,"{'M': '', 'EX': '能源集团及其一致行动人竞价、大宗减持10.00% 2026年07月18日公告'}",0,0,N,,,buy,buy
2026-07-28 10:05:20,113043,财通转债,ctzz,128.557,-1.01,601108,财通证券,ctzq,7.97,-4.32,0.96,7.98,99.88,0,28.72,157.28,490101,非银金融,shmb,C,2020-12-28,[],0,0,buy,AAA,,,10.374,10.3,buy,2026-12-10,0.37,37.992,7818.3,57222.84,1.61,-47.8,,0,14:59:58,00,Y,Y,1,1,Y,转股价下修1次，成功下修1次,2021-06-16 开始转股,计算使用0.4年期 评级为AAA 债参考YTM：1.4931,N,38.0,全价：128.557 最后更新：14:59:58,,,,0,{'M': ''},0,0,N,,,buy,buy
2026-07-28 10:05:20,113691,和邦转债,hbzz,148.83,-1.94,603077,和邦生物,hbsw,2.3,-1.71,1.12,2.0,115.0,0,29.42,178.25,220802,基础化工,shmb,C,2024-11-19,[],0,0,buy,AA,,1.4,2.6,22.6,buy,2030-10-28,4.255,45.991,13560.34,30506.2,1.98,-6.03,,0,14:59:55,00,Y,N,0,0,Y,,2025-05-06 开始转股,计算使用4.3年期 评级为AA 债参考YTM：1.9323,N,46.0,全价：148.830 最后更新：14:59:55,,,,0,"{'G': '本次（2026年1月22日至2026年3月10日）不提前赎回，以2027年3月10日之后的首个交易日重新起算', 'M': ''}",0,0,N,,,buy,buy
2026-07-28 10:05:20,127096,泰坦转债,ttzz,474.0,-7.05,003036,泰坦股份,ttgf,48.18,-8.58,6.94,13.2,365.0,0,29.86,503.86,640206,机械设备,szmb,C,2023-11-15,[],0,0,buy,A,,9.24,17.16,2.8,buy,2029-10-25,3.247,2.875,81908.95,26482.36,58.52,-34.93,,0,15:33:54,00,Y,N,0,0,Y,,2024-05-06 开始转股,计算使用3.3年期 评级为A 债参考YTM：7.0240,N,2.955,全价：474.000 最后更新：15:33:54,,,,0,{'G': '本次（2026年6月12日至2026年7月3日）不提前赎回，以2026年10月3日后首个交易日起重新计算'},0,0,N,,,buy,buy
2026-07-28 10:05:20,123091,长海转债,chzz,140.5,-3.5,300196,长海股份,chgf,16.19,-4.99,1.35,14.99,108.01,0,30.09,170.59,610202,建筑材料,szcy,C,2021-01-15,[],0,0,buy,AA,,10.493,19.487,13.7,buy,2026-12-23,0.406,5.48,28851.56,31406.74,37.19,-52.14,,0,15:34:36,00,Y,N,0,0,Y,,2021-06-29 开始转股,计算使用0.5年期 评级为AA 债参考YTM：1.5696,N,5.5,全价：140.500 最后更新：15:34:36,,,,1,{'G': '本次（2026年4月14日至2026年5月26日）不提前赎回，自2026年8月26日后的首个交易日重新计算'},0,0,N,,,buy,buy
2026-07-28 10:05:20,110075,南航转债,nhzz,108.781,0.13,600029,南方航空,nfhk,5.14,-0.19,2.51,6.17,83.31,0,30.58,139.36,421001,交通运输,shmb,C,2020-11-03,[],0,0,buy,AAA,,4.319,8.021,8.5,buy,2026-10-15,0.216,58.959,8790.55,45215.68,1.37,-9.81,,0,14:59:47,00,Y,N,0,0,Y,,2021-04-21 开始转股,计算使用0.3年期 评级为AAA 债参考YTM：1.4840,N,160.0,全价：108.781 最后更新：14:59:47,,,,1,{'M': ''},0,0,N,,,buy,buy
2026-07-28 10:05:20,127027,能化转债,nhzz,113.2,-1.35,000552,甘肃能化,gsnh,2.54,-1.93,0.82,2.93,86.69,0,30.58,143.78,740101,煤炭,szmb,C,2021-01-22,[],0,0,buy,AAA,,2.051,3.809,20.6,buy,2026-12-10,0.37,19.463,4114.61,15455.56,1.86,-7.7,,0,15:34:27,00,Y,N,0,0,Y,,2021-06-16 开始转股,计算使用0.4年期 评级为AAA 债参考YTM：1.4931,N,28.0,全价：113.200 最后更新：15:34:27,,,,1,{'M': ''},0,0,N,,,buy,buy
2026-07-28 10:05:20,111002,特纸转债,tzzz,144.418,-0.98,605007,五洲特纸,wztz,14.84,-0.93,1.88,13.49,110.01,0,31.28,175.7,360103,轻工制造,shmb,C,2021-12-30,[],0,0,buy,AA,,9.443,17.537,9.4,buy,2027-12-08,1.364,6.619,5047.6,4461.52,5.26,-16.21,,0,14:59:17,00,Y,N,1,1,Y,转股价下修1次，成功下修1次,2022-06-14 开始转股,计算使用1.4年期 评级为AA 债参考YTM：1.6348,N,6.7,全价：144.418 最后更新：14:59:17,,,,1,[],0,0,N,,,buy,buy
2026-07-28 10:05:20,127078,优彩转债,yczz,150.925,-1.34,002998,优彩资源,yczy,7.24,-0.69,1.42,6.31,114.74,0,31.54,182.47,220401,基础化工,szmb,C,2023-01-09,[],0,0,buy,A+,,4.417,8.203,21.2,buy,2028-12-14,2.384,4.158,3938.39,7987.04,6.26,-9.59,,0,15:34:42,00,Y,N,0,0,N,2026-07-17 至 2026-07-31 期间暂停转股：权益分派,2023-06-20 开始转股;2026-07-17 至 2026-07-31 期间暂停转股：权益分派,计算使用2.4年期 评级为A+ 债参考YTM：4.4524,N,6.0,全价：150.925 最后更新：15:34:42,,,,0,[],0,0,N,,,buy,buy
2026-07-28 10:05:20,123107,温氏转债,wszz,115.383,-0.29,300498,温氏股份,wsgf,14.06,1.3,2.32,16.09,87.38,0,32.04,147.42,110702,农林牧渔,szcy,C,2021-04-21,[],0,0,buy,AAA,,11.263,20.917,9.2,buy,2027-03-29,0.669,77.063,14524.37,65523.7,1.63,-9.57,,0,15:34:39,00,Y,N,0,0,Y,,2021-10-08 开始转股,计算使用0.7年期 评级为AAA 债参考YTM：1.5141,N,92.97,全价：115.383 最后更新：15:34:39,,,,1,{'M': ''},0,0,N,,,buy,buy
2026-07-28 10:05:20,123245,集智转债,jzzz,297.587,-7.29,300553,集智股份,jzgf,40.35,-7.62,5.27,18.06,223.42,0,33.2,330.79,640107,机械设备,szcy,C,2024-08-28,[],0,0,buy,A,,12.642,23.478,4.5,buy,2030-08-14,4.049,1.537,30822.09,13703.53,66.01,-20.31,,0,15:34:24,00,Y,N,0,0,Y,,2025-02-20 开始转股,计算使用4.1年期 评级为A 债参考YTM：7.1354,N,2.546,全价：297.587 最后更新：15:34:24,,,,0,{'G': '本次（2026年6月2日至2026年6月23日）不提前赎回，自2026年9月23日后首个交易日重新计算'},0,0,N,,,buy,buy
2026-07-28 10:05:20,123092,天壕转债,thzz,121.4,-0.9,300332,天壕能源,thny,4.52,-0.88,0.97,4.97,90.95,0,33.49,154.89,410301,公用事业,szcy,C,2021-01-15,[],0,0,buy,A+,,3.479,6.461,9.3,buy,2026-12-24,0.408,3.416,6447.03,10364.84,15.54,-13.0,,0,15:34:36,00,Y,N,0,0,Y,,2021-06-30 开始转股,计算使用0.5年期 评级为A+ 债参考YTM：4.1396,N,4.23,全价：121.400 最后更新：15:34:36,,,,1,{'M': ''},0,0,N,,,buy,buy
2026-07-28 10:05:20,123149,通裕转债,tyzz,136.239,-0.73,300185,通裕重工,tyzg,2.76,0.73,1.53,2.71,101.85,0,33.77,170.01,630602,电力设备,szcy,C,2022-07-15,[],0,0,buy,AA,,1.897,3.523,10.4,buy,2028-06-20,1.899,11.069,3700.39,17894.59,2.45,-9.13,,0,15:34:48,00,Y,N,0,0,Y,,2022-12-26 开始转股,计算使用1.9年期 评级为AA 债参考YTM：1.6858,N,14.847,全价：136.239 最后更新：15:34:48,,,,1,{'M': ''},0,0,N,,,buy,buy
2026-07-28 10:05:20,113709,振26转债,z26zz,100.0,0.0,603067,振华股份,zhgf,30.12,-1.86,5.91,40.33,74.68,192,33.9,133.9,220203,基础化工,shmb,C,,[],0,0,buy,AA,,28.231,52.429,3.9,buy,2032-07-29,6.003,8.78,0.0,82323.47,0.0,2.15,,0,,00,Y,N,0,0,Y,,未到转股期；2027-02-05 开始转股,计算使用6.1年期 评级为AA 债参考YTM：2.2183,N,8.78,待上市,,,,0,{'M': ''},0,0,N,,,buy,buy
2026-07-28 10:05:20,123131,奥飞转债,afzz,287.0,-5.9,300738,奥飞数据,afsj,21.3,-0.88,5.39,10.05,211.94,0,35.42,322.42,730104,通信,szcy,C,2021-12-22,[],0,0,buy,A+,,7.035,13.065,1.5,buy,2027-12-03,1.351,3.159,90238.61,99219.86,97.8,-48.84,,0,15:34:48,00,Y,N,0,0,Y,,2022-06-09 开始转股,计算使用1.4年期 评级为A+ 债参考YTM：4.2585,N,6.35,全价：287.000 最后更新：15:34:48,,,,1,"{'G': '本次（2026年5月21日至2026年6月10日）不提前赎回，以2026年12月10日后的首个交易日重新计算', 'M': ''}",0,0,N,,,buy,buy
2026-07-28 10:05:20,111000,起帆转债,qfzz,142.829,-1.97,605222,起帆电缆,qfdl,18.2,-1.52,1.55,17.29,105.26,0,35.69,178.52,630805,电力设备,shmb,C,2021-06-17,[],0,0,buy,AA-,,12.103,22.477,13.3,buy,2027-05-24,0.822,9.991,10913.56,14494.26,7.53,-23.71,,0,15:00:00,00,Y,N,1,1,Y,转股价下修1次，成功下修1次,2021-11-29 开始转股,计算使用0.9年期 评级为AA- 债参考YTM：1.8462,N,10.0,全价：142.829 最后更新：15:00:00,,,,1,{'G': '本次（2026年3月13日至2026年4月20日）不提前赎回，以2026年10月21日为首个交易日重新起算'},0,0,N,,,buy,buy
2026-07-28 10:05:20,127103,东南转债,dnzz,141.874,-1.61,002135,东南网架,dnwj,5.84,0.17,1.03,5.59,104.47,0,35.8,177.67,620401,建筑装饰,szmb,C,2024-01-24,[],0,0,buy,AA,,3.913,7.267,33.6,buy,2030-01-03,3.438,19.999,7450.31,5979.38,2.61,-6.7,,0,15:34:00,00,Y,N,0,0,Y,,2024-07-09 开始转股,计算使用3.5年期 评级为AA 债参考YTM：1.8161,N,20.0,全价：141.874 最后更新：15:34:00,,,,0,"{'G': '本次（2026年3月17日至2026年4月28日）不提前赎回，自2026年7月28日后首个交易日重新计算', 'M': ''}",0,0,N,,,buy,buy
2026-07-28 10:05:20,123176,精测转2,jcz2,441.0,-10.65,300567,精测电子,jcdz,209.4,-9.72,13.24,64.51,324.6,0,35.86,476.86,640107,机械设备,szcy,C,2023-03-22,[],0,0,buy,AA-,,45.157,83.863,2.7,buy,2029-03-02,2.597,12.753,106272.1,205004.47,17.65,-40.71,,0,15:33:54,00,Y,N,0,0,Y,,2023-09-08 开始转股,计算使用2.6年期 评级为AA- 债参考YTM：2.1610,N,12.76,全价：441.000 最后更新：15:33:54,,,,0,{'M': ''},0,0,N,,,buy,buy
2026-07-28 10:05:20,127030,盛虹转债,shzz,118.936,-1.53,000301,东方盛虹,dfsh,11.54,-1.2,2.14,13.21,87.36,0,36.15,155.09,750301,石油石化,szmb,C,2021-04-21,[],0,0,buy,AA+,,9.247,17.173,6.6,buy,2027-03-22,0.649,49.974,5889.0,24153.59,0.99,-14.16,,0,15:34:30,00,Y,N,0,0,Y,,2021-09-27 开始转股,计算使用0.7年期 评级为AA+ 债参考YTM：1.5441,N,50.0,全价：118.936 最后更新：15:34:30,,,,1,{'M': ''},0,0,N,,,buy,buy
2026-07-28 10:05:20,123104,卫宁转债,wnzz,133.609,-0.59,300253,卫宁健康,wnjk,6.87,1.33,2.7,7.02,97.86,0,36.53,170.14,710401,计算机,szcy,C,2021-03-31,[],0,0,buy,AA,,4.914,9.126,7.6,buy,2027-03-16,0.633,9.699,3065.13,33279.99,2.36,-16.17,,0,15:34:36,00,Y,N,2,2,Y,转股价下修2次，成功下修2次,2021-09-22 开始转股,计算使用0.7年期 评级为AA 债参考YTM：1.5844,N,9.703,全价：133.609 最后更新：15:34:36,,,,1,{'M': ''},0,0,N,,,buy,buy
2026-07-28 10:05:20,118030,睿创转债,rczz,502.281,-6.04,688002,睿创微纳,rcwn,142.02,-7.64,9.13,38.64,367.55,0,36.66,538.94,650501,国防军工,shkc,C,2023-02-10,[],0,0,buy,AA,,27.048,50.232,1.9,buy,2028-12-30,2.427,12.622,51108.73,212083.4,7.93,-46.27,,0,15:00:00,00,Y,N,0,0,Y,,2023-07-06 开始转股,计算使用2.5年期 评级为AA 债参考YTM：1.7288,N,15.647,全价：502.281 最后更新：15:00:00,,,,0,"{'G': '本次（2026年3月18日至2026年4月8日）不提前赎回，以2027年4月9日为首个交易日重新计算', 'M': ''}",0,0,N,,,buy,buy
2026-07-28 10:05:20,110098,南药转债,nyzz,138.26,-0.52,600713,南京医药,njyy,5.0,0.2,0.89,4.95,101.01,0,36.88,175.14,370402,医药生物,shmb,C,2025-01-20,[],0,0,buy,AA+,,3.465,6.435,16.8,buy,2030-12-25,4.414,10.814,4188.81,3210.2,2.79,-4.68,,0,14:59:49,00,Y,N,0,0,Y,,2025-07-01 开始转股,计算使用4.5年期 评级为AA+ 债参考YTM：1.8050,N,10.815,全价：138.260 最后更新：14:59:49,,,,0,[],0,0,N,,,buy,buy
2026-07-28 10:05:20,127037,银轮转债,ylzz,521.7,-11.35,002126,银轮股份,ylgf,38.95,-7.22,4.37,10.27,379.26,0,37.56,559.26,280203,汽车,szmb,C,2021-07-09,[],0,0,buy,AA,,7.189,13.351,1.6,buy,2027-06-07,0.86,5.055,67293.26,90793.65,24.87,-91.73,,0,15:34:36,00,Y,N,0,0,Y,,2021-12-13 开始转股,计算使用0.9年期 评级为AA 债参考YTM：1.5966,N,7.0,全价：521.700 最后更新：15:34:36,,,,1,"{'G': '本次（2026年5月27日至2026年6月16日）不提前赎回，2027年5月16日后首个交易日重新计算', 'M': ''}",0,0,N,,,buy,buy
2026-07-28 10:05:20,127045,牧原转债,myzz,124.831,-0.18,002714,牧原股份,mygf,39.3,-0.08,2.6,43.32,90.72,0,37.6,162.43,110702,农林牧渔,szmb,C,2021-09-10,[],0,0,buy,AAA,,30.324,56.316,7.4,buy,2027-08-16,1.052,95.429,11592.72,160100.97,0.97,-12.62,,0,15:34:33,00,Y,Y,0,0,Y,,2022-02-21 开始转股,计算使用1.1年期 评级为AAA 债参考YTM：1.5390,N,95.5,全价：124.831 最后更新：15:34:33,,,,1,{'M': ''},0,0,N,,,buy,buy
2026-07-28 10:05:20,110092,三房转债,sfzz,75.298,0.13,600370,*ST三房,sfx,1.65,1.85,1.28,3.02,54.64,0,37.82,113.12,220401,基础化工,shmb,C,2023-02-07,[],0,0,buy,A-,,2.114,3.926,31.9,buy,2029-01-06,2.447,21.185,27527.22,4272.96,17.09,18.6,,0,15:00:00,00,Y,N,0,0,Y,,2023-07-12 开始转股,计算使用2.5年期 评级为A- 债参考YTM：9.1788,N,25.0,全价：75.298 最后更新：15:00:00,,,,0,[],0,0,N,,,buy,buy
2026-07-28 10:05:20,128129,青农转债,qnzz,107.858,0.0,002958,青农商行,qnsh,3.03,1.34,0.38,3.88,78.09,0,38.12,145.98,480501,银行,szmb,C,2020-09-18,[],0,0,buy,AAA,,,5.044,30.3,buy,2026-08-25,0.077,49.996,10804.52,23257.25,2.0,1.78,,0,15:34:00,00,Y,N,1,1,Y,转股价下修1次，成功下修1次,2021-03-01 开始转股,计算使用0.1年期 评级为AAA 债参考YTM：1.4288,N,50.0,全价：107.858 最后更新：15:34:00,,,,0,"{'R': '到期\n最后交易日：2026-08-19\n最后转股日：2026-08-24\n债券到期日：2026-08-25\n到期赎回价：108.000元/张', 'M': ''}",0,0,N,,,buy,buy
2026-07-28 10:05:20,127047,帝欧转债,dozz,139.705,-0.54,002798,帝欧水华,dosh,5.15,4.67,1.64,5.1,100.98,0,38.35,178.06,360306,轻工制造,szmb,C,2021-11-26,[],0,0,buy,BBB+,,3.57,6.63,17.5,buy,2027-10-25,1.244,4.654,3435.84,6231.72,5.28,-13.45,,0,15:34:36,00,Y,N,1,1,Y,转股价下修1次，成功下修1次,2022-04-29 开始转股,计算使用1.3年期 评级为BBB+ 债参考YTM：12.0224,N,15.0,全价：139.705 最后更新：15:34:36,,,,1,{'G': '本次（2026年4月15日至2026年5月8日）不提前赎回，以2026年8月8日后首个交易日起重新计算'},0,0,N,,,buy,buy
2026-07-28 10:05:20,113673,岱美转债,dmzz,180.356,-4.3,603730,岱美股份,dmgf,9.27,-4.63,3.97,7.12,130.2,0,38.53,218.89,280202,汽车,shmb,C,2023-08-10,[],0,0,buy,AA,,4.984,9.256,4.6,buy,2029-07-18,2.975,9.078,10595.05,14492.56,6.39,-14.14,,0,14:59:51,00,Y,N,1,1,Y,转股价下修1次，成功下修1次,2024-01-24 开始转股,计算使用3.0年期 评级为AA 债参考YTM：1.7534,N,9.079,全价：180.356 最后更新：14:59:51,,,,0,"{'G': '本次（2026年5月7日至2026年5月27日）不提前赎回，以2026年8月27日之后的首个交易日重新起算', 'M': ''}",0,0,N,,,buy,buy
2026-07-28 10:05:20,113046,金田转债,jtzz,130.879,-2.2,601609,金田股份,jtgf,9.6,-2.24,1.62,10.18,94.3,0,38.79,169.67,240302,有色金属,shmb,C,2021-04-12,[],0,0,buy,AA+,,7.126,13.234,9.0,buy,2027-03-22,0.649,14.992,6531.96,17494.47,3.3,-24.57,,0,14:59:58,00,Y,N,0,0,Y,,2021-09-27 开始转股,计算使用0.7年期 评级为AA+ 债参考YTM：1.5441,N,15.0,全价：130.879 最后更新：14:59:58,,,,1,{'M': ''},0,0,N,,,buy,buy
2026-07-28 10:05:20,123112,万讯转债,wxzz,138.0,0.08,300112,万讯自控,wxzk,6.38,2.08,1.86,6.43,99.22,0,39.08,177.08,640107,机械设备,szcy,C,2021-04-23,[],0,0,buy,AA-,,4.501,8.359,14.9,buy,2027-04-08,0.696,2.264,5452.05,8772.97,17.42,-20.91,,0,15:34:42,00,Y,N,1,1,Y,转股价下修1次，成功下修1次,2021-10-14 开始转股,计算使用0.7年期 评级为AA- 债参考YTM：1.8256,N,2.457,全价：138.000 最后更新：15:34:42,,,,1,[],0,0,N,,,buy,buy
2026-07-28 10:05:20,113646,永吉转债,yjzz,161.394,0.98,603058,永吉股份,yjgf,9.33,4.71,3.23,8.05,115.9,0,39.25,200.64,360205,轻工制造,shmb,C,2022-05-17,[],0,0,buy,AA-,,5.635,10.465,3.5,buy,2028-04-14,1.715,1.372,43560.23,8791.58,193.43,-20.17,,0,14:59:58,00,Y,N,0,0,Y,,2022-10-20 开始转股,计算使用1.8年期 评级为AA- 债参考YTM：1.9921,N,1.459,全价：161.394 最后更新：14:59:58,,,,1,[],0,0,N,,,buy,buy
2026-07-28 10:05:20,123241,欧通转债,otzz,834.3,-9.79,300870,欧陆通,olt,183.61,-13.6,10.61,30.8,596.14,0,39.95,874.25,630306,电力设备,szcy,C,2024-07-26,[],0,0,buy,AA-,,21.56,40.04,0.9,buy,2030-07-05,3.94,2.604,91328.0,140194.27,40.93,-39.76,,0,15:34:21,00,Y,N,0,0,Y,,2025-01-13 开始转股,计算使用4.0年期 评级为AA- 债参考YTM：2.4113,N,6.445,全价：834.300 最后更新：15:34:21,,,,0,"{'G': '本次（2026年4月14日至2026年5月7日）不提前赎回，自2026年8月7日后首个交易日重新计算', 'M': ''}",0,0,N,,,buy,buy
2026-07-28 10:05:20,123150,九强转债,jqzz,134.906,-1.53,300406,九强生物,jqsw,11.16,-0.89,1.68,11.6,96.21,0,40.22,175.13,370504,医药生物,szcy,C,2022-07-20,[],0,0,buy,AA-,,8.12,15.08,23.7,buy,2028-06-30,1.926,11.21,3573.01,2863.4,2.35,-9.18,,0,15:34:45,00,Y,N,1,1,Y,转股价下修1次，成功下修1次,2023-01-06 开始转股,计算使用2.0年期 评级为AA- 债参考YTM：2.0255,N,11.39,全价：134.906 最后更新：15:34:45,,,,1,{'M': ''},0,0,N,,,buy,buy
2026-07-28 10:05:20,118075,奥普转债,apzz,100.0,0.0,688686,奥普特,apt,106.74,-6.78,4.17,150.03,71.15,191,40.56,140.56,640704,机械设备,shkc,C,,[],0,0,buy,AA,,105.021,195.039,9.7,buy,2032-07-28,6.003,12.7,0.0,29317.74,0.0,2.15,,0,,00,Y,N,0,0,Y,,未到转股期；2027-02-04 开始转股,计算使用6.1年期 评级为AA 债参考YTM：2.2183,N,12.7,待上市,,,,0,{'M': ''},0,0,N,,,buy,buy
2026-07-28 10:05:20,118058,微导转债,wdzz,455.359,-8.1,688147,微导纳米,wdnm,107.49,-9.08,16.58,33.29,322.89,0,41.03,496.39,630505,电力设备,shkc,C,2025-08-27,[],0,0,buy,AA,,23.303,43.277,2.3,buy,2031-08-06,5.027,11.699,110040.58,120732.5,19.68,-24.31,,0,14:59:59,00,Y,N,0,0,Y,,2026-02-12 开始转股,计算使用5.1年期 评级为AA 债参考YTM：1.9712,N,11.7,全价：455.359 最后更新：14:59:59,,,,0,"{'G': '本次（2026年2月12日至2026年3月12日）不提前赎回，以2026年9月13日为首个交易日重新计算', 'M': ''}",0,0,N,,,buy,buy
2026-07-28 10:05:20,118016,京源转债,jyzz,160.284,-3.16,688096,京源环保,jyhb,7.81,-5.45,2.16,6.91,113.03,0,41.81,202.09,760102,环保,shkc,C,2022-08-25,[],0,0,buy,A,,4.837,8.983,9.2,buy,2028-08-05,2.025,1.675,16171.59,10673.59,59.38,-13.83,,0,14:59:59,00,Y,N,0,0,Y,,2023-02-13 开始转股,计算使用2.1年期 评级为A 债参考YTM：6.7334,N,3.325,全价：160.284 最后更新：14:59:59,,,,0,"{'G': '本次（2026年5月11日至2026年5月29日）不提前赎回，以2026年8月30日（若为非交易日则顺延）为首个交易日重新计算', 'M': ''}",0,0,N,,,buy,buy
2026-07-28 10:05:20,127095,广泰转债,gtzz,150.331,-0.98,002111,威海广泰,whgt,9.34,0.11,1.56,8.83,105.78,0,42.12,192.45,650201,国防军工,szmb,C,2023-11-10,[],0,0,buy,AA-,,6.181,11.479,15.2,buy,2029-10-18,3.227,6.927,1894.51,6138.63,1.82,-7.04,,0,15:34:00,00,Y,N,0,0,Y,,2024-04-24 开始转股,计算使用3.3年期 评级为AA- 债参考YTM：2.3210,N,7.0,全价：150.331 最后更新：15:34:00,,,,0,[],0,0,N,,,buy,buy
2026-07-28 10:05:20,123064,万孚转债,wfzz,110.085,-0.12,300482,万孚生物,wfsw,16.17,0.56,1.37,20.88,77.44,0,42.15,152.24,370504,医药生物,szcy,C,2020-09-23,[],0,0,buy,AA,,14.616,27.144,8.6,buy,2026-09-01,0.096,5.976,7581.35,8557.32,11.51,-0.81,,0,15:34:33,00,Y,N,3,3,Y,转股价下修3次，成功下修3次,2021-03-08 开始转股,计算使用0.1年期 评级为AA 债参考YTM：1.4888,N,6.0,全价：110.085 最后更新：15:34:33,,,,1,"{'R': '到期\n最后交易日：2026-08-26\n最后转股日：2026-08-31\n债券到期日：2026-09-01\n到期赎回价：110.000元/张', 'M': ''}",0,0,N,,,buy,buy
2026-07-28 10:05:20,118027,宏图转债,htzz,83.253,-3.97,688066,*ST航图,htht,7.67,4.64,-1.77,13.12,58.46,0,42.41,125.66,710301,计算机,shkc,C,2022-12-22,[],0,0,buy,B-,,9.184,17.056,46.5,buy,2028-11-28,2.34,9.475,15867.97,7631.47,19.55,16.92,,0,14:59:58,00,Y,N,3,3,Y,转股价下修3次，成功下修3次,2023-06-02 开始转股,,N,10.088,全价：83.253 最后更新：14:59:58,,,,0,[],0,0,N,,,buy,buy
2026-07-28 10:05:20,113695,华辰转债,hczz,148.777,-0.78,603097,江苏华辰,jshc,17.37,2.84,3.51,16.68,104.14,0,42.87,191.65,630801,电力设备,shmb,C,2025-07-10,[],0,0,buy,A+,,11.676,21.684,11.8,buy,2031-06-20,4.899,4.597,14129.44,17521.31,20.71,-4.57,,0,14:59:57,00,Y,N,0,0,Y,,2025-12-26 开始转股,计算使用4.9年期 评级为A+ 债参考YTM：4.8355,N,4.6,全价：148.777 最后更新：14:59:57,,,,0,[],0,0,N,,,buy,buy
2026-07-28 10:05:20,118056,路维转债,lwzz,261.029,-12.44,688401,路维光电,lwgd,64.35,-3.67,7.64,35.29,182.35,0,43.15,304.18,270103,电子,shkc,C,2025-07-10,[],0,0,buy,AA-,,24.703,45.877,4.9,buy,2031-06-11,4.874,6.145,93134.1,49628.88,53.44,-15.53,,0,15:00:00,00,Y,N,0,0,Y,,2025-12-17 开始转股,计算使用4.9年期 评级为AA- 债参考YTM：2.4844,N,6.15,全价：261.029 最后更新：15:00:00,,,,0,"{'G': '本次（2026年4月9日至2026年4月29日）不提前赎回，以2026年7月30日为首个交易日重新计算', 'M': ''}",0,0,N,,,buy,buy
2026-07-28 10:05:20,127050,麒麟转债,qlzz,134.754,-0.15,002984,森麒麟,sql,14.16,1.07,1.06,15.07,93.96,0,43.41,178.16,280204,汽车,szmb,C,2021-12-06,[],0,0,buy,AA,,10.549,19.591,20.6,buy,2027-11-11,1.29,20.86,5090.86,14815.27,1.81,-13.65,,0,15:34:30,00,Y,N,2,2,Y,转股价下修2次，成功下修2次,2022-05-17 开始转股,计算使用1.3年期 评级为AA 债参考YTM：1.6254,N,21.989,全价：134.754 最后更新：15:34:30,,,,1,{'M': ''},0,0,N,,,buy,buy
2026-07-28 10:05:20,123258,胜蓝转02,slz2,308.215,-5.6,300843,胜蓝股份,slgf,116.58,-8.92,11.58,54.36,214.46,0,43.72,351.94,270504,电子,szcy,C,2025-09-10,[],0,0,buy,AA-,,38.052,70.668,2.4,buy,2031-08-28,5.088,4.498,55482.4,108333.0,39.02,-17.44,,0,15:34:27,00,Y,N,0,0,Y,,2026-03-03 开始转股,计算使用5.1年期 评级为AA- 债参考YTM：2.5201,N,4.5,全价：308.215 最后更新：15:34:27,,,,0,"{'G': '本次（2026年4月22日至2026年5月19日）不提前赎回，自2026年8月19日后首个交易日重新计算', 'M': ''}",0,0,N,,,buy,buy
2026-07-28 10:05:20,110097,天润转债,trzz,141.639,1.76,600419,天润乳业,trry,8.03,4.29,1.02,8.19,98.05,0,44.46,186.1,340702,食品饮料,shmb,C,2024-11-15,[],0,0,buy,AA,,5.733,10.647,39.0,buy,2030-10-24,4.244,9.89,13418.09,7017.26,9.6,-4.92,,0,14:59:50,00,Y,N,0,0,Y,,2025-04-30 开始转股,计算使用4.3年期 评级为AA 债参考YTM：1.9323,N,9.9,全价：141.639 最后更新：14:59:50,,,,0,[],0,0,N,,,buy,buy
2026-07-28 10:05:20,118050,航宇转债,hyzz,236.967,-6.29,688239,航宇科技,hykj,40.69,-2.38,3.78,24.81,164.01,0,44.49,281.46,650201,国防军工,shkc,C,2024-09-10,[],0,0,buy,AA-,,17.367,32.253,8.5,buy,2030-08-21,4.069,6.597,22420.62,13939.35,14.07,-15.68,,0,14:59:56,00,Y,N,0,0,Y,,2025-02-27 开始转股,计算使用4.1年期 评级为AA- 债参考YTM：2.4248,N,6.67,全价：236.967 最后更新：14:59:56,,,,0,"{'G': '本次（2026年5月28日至2026年6月17日）不提前赎回，自2026年9月18日为首个交易日重新计算', 'M': ''}",0,0,N,,,buy,buy
2026-07-28 10:05:20,111012,福新转债,fxzz,306.427,-4.02,605488,福莱新材,flxc,23.4,-2.38,3.08,11.07,211.38,0,44.96,351.39,220505,基础化工,shmb,C,2023-02-07,[],0,0,buy,A+,,7.749,14.391,1.6,buy,2029-01-04,2.441,1.016,33130.67,8573.17,102.33,-32.5,,0,14:59:58,00,Y,N,0,0,Y,,2023-07-10 开始转股,计算使用2.5年期 评级为A+ 债参考YTM：4.4788,N,4.29,全价：306.427 最后更新：14:59:58,,,,0,{'G': '本次（2026年6月22日至2026年7月10日）不提前赎回，自2026年10月10日之后的首个交易日重新起算'},0,0,N,,,buy,buy
2026-07-28 10:05:20,118051,皓元转债,hyzz,253.627,-5.0,688131,皓元医药,hyyy,70.35,-4.75,4.67,40.22,174.91,0,45.0,298.63,370603,医药生物,shkc,C,2024-12-19,[],0,0,buy,AA-,,28.154,52.286,5.5,buy,2030-11-28,4.34,8.218,27673.57,24897.62,12.93,-16.53,,0,14:59:57,00,Y,N,0,0,Y,,2025-06-04 开始转股,计算使用4.4年期 评级为AA- 债参考YTM：2.4532,N,8.223,全价：253.627 最后更新：14:59:57,,,,0,"{'G': '本次（2026年5月20日至2026年6月9日）不提前赎回，以2026年10月12日为首个交易日重新计算', 'M': ''}",0,0,N,,,buy,buy
2026-07-28 10:05:20,127109,电化转债,dhzz,171.138,-1.7,002125,湘潭电化,xtdh,11.75,-1.09,2.15,9.99,117.62,0,45.5,216.64,630702,电力设备,szmb,C,2025-07-04,[],0,0,buy,AA,,6.993,12.987,6.6,buy,2031-06-16,4.888,4.866,7932.99,14785.68,9.45,-8.0,,0,15:34:03,00,Y,N,0,0,Y,,2025-12-22 开始转股,计算使用4.9年期 评级为AA 债参考YTM：1.9565,N,4.87,全价：171.138 最后更新：15:34:03,,,,0,"{'G': '本次（2026年4月14日至2026年5月7日）不提前赎回，自2026年8月7日后首个交易日重新计算', 'M': ''}",0,0,N,,,buy,buy
2026-07-28 10:05:20,127070,大中转债,dzzz,364.47,-0.5,001203,大中矿业,dzky,26.43,-1.86,5.42,10.56,250.28,0,45.62,410.09,230301,钢铁,szmb,C,2022-10-11,[],0,0,buy,AA,,7.392,13.728,2.7,buy,2028-08-17,2.058,9.342,57208.3,28402.96,17.0,-43.32,,0,15:34:45,00,Y,N,0,0,Y,,2023-02-23 开始转股,计算使用2.1年期 评级为AA 债参考YTM：1.7041,N,15.2,全价：364.470 最后更新：15:34:45,,,,0,"{'G': '本次（2026年2月24日至2026年3月16日）不提前赎回，以2026年9月16日后的首个交易日重新计算', 'M': ''}",0,0,N,,,buy,buy
2026-07-28 10:05:20,113070,渝水转债,yszz,128.7,-0.18,601158,重庆水务,cqsw,4.17,0.48,1.14,4.72,88.35,0,45.67,174.37,760102,环保,shmb,C,2025-02-13,[],0,0,buy,AAA,,3.304,6.136,9.5,buy,2031-01-09,4.455,18.998,4444.82,2194.06,1.82,-3.25,,0,14:59:49,00,Y,N,0,0,Y,,2025-07-15 开始转股,计算使用4.5年期 评级为AAA 债参考YTM：1.7112,N,19.0,全价：128.700 最后更新：14:59:49,,,,0,{'M': ''},0,0,N,,,buy,buy
2026-07-28 10:05:20,123157,科蓝转债,klzz,148.703,9.73,300663,科蓝软件,klrj,8.96,19.95,11.41,8.8,101.82,0,46.05,194.75,710401,计算机,szcy,C,2022-09-20,[],0,0,buy,A-,,6.16,11.44,5.7,buy,2028-08-30,2.093,2.34,409856.83,58980.26,1157.07,-10.38,,0,15:33:54,00,Y,N,2,2,Y,转股价下修2次，成功下修2次,2023-03-06 开始转股,计算使用2.1年期 评级为A- 债参考YTM：9.0834,N,4.946,全价：148.703 最后更新：15:33:54,,,,0,{'M': ''},0,0,N,,,buy,buy
2026-07-28 10:05:20,123209,聚隆转债,jlzz,165.185,-1.15,300644,南京聚隆,njjl,19.74,0.1,1.95,17.52,112.67,0,46.61,211.8,220503,基础化工,szcy,C,2023-08-17,[],0,0,buy,A+,,12.264,22.776,9.6,buy,2029-07-26,2.997,1.672,2716.69,3711.75,9.79,-11.03,,0,15:34:03,00,Y,N,0,0,Y,,2024-02-01 开始转股,计算使用3.0年期 评级为A+ 债参考YTM：4.6134,N,2.185,全价：165.185 最后更新：15:34:03,,,,0,{'G': '本次（2026年1月26日至2026年2月13日）不提前赎回，自2026年8月13日后首个交易日重新计算'},0,0,N,,,buy,buy
2026-07-28 10:05:20,113661,福22转债,f22zz,139.623,-1.59,603806,福斯特,fst,13.89,-1.49,2.18,14.59,95.2,0,46.66,186.28,630504,电力设备,shmb,C,2022-12-22,[],0,0,buy,AA,,10.213,18.967,8.4,buy,2028-11-22,2.323,30.297,13266.95,34371.88,3.12,-8.75,,0,14:59:49,00,Y,N,1,1,Y,转股价下修1次，成功下修1次,2023-05-29 开始转股,计算使用2.4年期 评级为AA 债参考YTM：1.7237,N,30.3,全价：139.623 最后更新：14:59:49,,,,0,{'M': ''},0,0,N,,,buy,buy
2026-07-28 10:05:20,113066,平煤转债,pmzz,150.801,-0.78,601666,平煤股份,pmgf,7.67,-1.54,0.76,7.46,102.82,0,46.67,197.47,740102,煤炭,shmb,C,2023-04-10,[],0,0,buy,AAA,,5.222,9.698,7.5,buy,2029-03-16,2.636,14.274,8051.39,21639.42,3.75,-11.49,,0,14:59:53,00,Y,N,1,1,Y,转股价下修1次，成功下修1次,2023-09-22 开始转股,计算使用2.7年期 评级为AAA 债参考YTM：1.6209,N,29.0,全价：150.801 最后更新：14:59:53,,,,0,{'M': ''},0,0,N,,,buy,buy
2026-07-28 10:05:20,127088,赫达转债,hdzz,171.726,-3.85,002810,山东赫达,sdhd,19.43,-1.97,2.95,16.61,116.98,0,46.8,218.53,220309,基础化工,szmb,C,2023-07-19,[],0,0,buy,AA-,,11.627,21.593,9.6,buy,2029-07-03,2.934,5.996,5388.85,12937.97,5.19,-12.03,,0,15:34:51,00,Y,N,0,0,Y,,2024-01-08 开始转股,计算使用3.0年期 评级为AA- 债参考YTM：2.2634,N,6.0,全价：171.726 最后更新：15:34:51,,,,0,"{'G': '本次（2026年3月30日至2026年4月20日）不提前赎回，自2026年10月21日起重新计算', 'M': ''}",0,0,N,,,buy,buy
2026-07-28 10:05:20,118044,赛特转债,stzz,151.425,-3.4,688398,赛特新材,stxc,19.44,-5.91,2.85,18.85,103.13,0,46.83,198.26,220309,基础化工,shkc,C,2023-10-12,[],0,0,buy,A+,,13.195,24.505,13.5,buy,2029-09-11,3.126,4.42,4463.56,3731.07,6.59,-7.99,,0,14:59:08,00,Y,N,1,1,Y,转股价下修1次，成功下修1次,2024-03-15 开始转股,计算使用3.2年期 评级为A+ 债参考YTM：4.6565,N,4.42,全价：151.425 最后更新：14:59:08,,,,0,"{'G': '本次（2026年3月10日至2026年4月20日）不提前赎回，以2026年10月21日起算', 'M': ''}",0,0,N,,,buy,buy
2026-07-28 10:05:20,123257,安克转债,akzz,159.789,-1.49,300866,安克创新,akcx,118.4,-0.69,6.18,108.86,108.76,0,46.91,206.7,270503,电子,szcy,C,2025-07-04,[],0,0,buy,AA+,,76.202,141.518,3.0,buy,2031-06-16,4.888,11.046,5045.73,38238.05,2.84,-7.06,,0,15:34:24,00,Y,N,0,0,Y,,2025-12-22 开始转股,计算使用4.9年期 评级为AA+ 债参考YTM：1.8260,N,11.048,全价：159.789 最后更新：15:34:24,,,,0,{'M': ''},0,0,N,,,buy,buy
2026-07-28 10:05:20,127053,豪美转债,hmzz,167.208,-2.5,002988,豪美新材,hmxc,19.6,-1.01,1.8,17.23,113.76,0,46.99,214.2,240301,有色金属,szmb,C,2022-03-04,[],0,0,buy,AA-,,12.061,22.399,5.3,buy,2028-01-24,1.493,2.575,5232.2,5591.77,12.06,-19.92,,0,15:34:39,00,Y,N,1,1,Y,转股价下修1次，成功下修1次,2022-07-28 开始转股,计算使用1.5年期 评级为AA- 债参考YTM：1.9410,N,8.24,全价：167.208 最后更新：15:34:39,,,,1,{'G': '本次（2026年4月30日至2026年5月25日）不提前赎回，以2026年11月25日后首个交易日起重新计算'},0,0,N,,,buy,buy
2026-07-28 10:05:20,123194,百洋转债,byzz,137.889,-1.15,301015,百洋医药,byyy,23.25,-0.9,4.72,24.79,93.79,0,47.02,184.91,370402,医药生物,szcy,C,2023-05-05,[],0,0,buy,AA-,,17.353,32.227,6.9,buy,2029-04-14,2.715,8.459,4668.76,10937.77,3.99,-6.12,,0,15:33:57,00,Y,N,0,0,Y,,2023-10-20 开始转股,计算使用2.8年期 评级为AA- 债参考YTM：2.2134,N,8.6,全价：137.889 最后更新：15:33:57,,,,0,{'M': ''},0,0,N,,,buy,buy
2026-07-28 10:05:20,123114,三角转债,sjzz,131.182,-0.75,300775,三角防务,sjfw,20.22,-0.3,1.83,22.69,89.11,0,47.21,178.39,650201,国防军工,szcy,C,2021-06-11,[],0,0,buy,AA-,,15.883,29.497,8.4,buy,2027-05-25,0.825,8.999,3451.33,17749.94,2.92,-15.01,,0,15:34:42,00,Y,N,1,1,Y,转股价下修1次，成功下修1次,2021-11-30 开始转股,计算使用0.9年期 评级为AA- 债参考YTM：1.8462,N,9.044,全价：131.182 最后更新：15:34:42,,,,1,{'M': ''},0,0,N,,,buy,buy
2026-07-28 10:05:20,127034,绿茵转债,lyzz,125.313,-1.69,002887,绿茵生态,lyst,9.52,-2.36,1.19,11.21,84.92,0,47.56,172.87,760104,环保,szmb,C,2021-05-28,[],0,0,buy,AA-,,7.847,14.573,20.7,buy,2027-04-30,0.756,4.279,3090.07,2934.45,5.72,-13.04,,0,15:34:24,00,Y,N,0,0,Y,,2021-11-11 开始转股,计算使用0.8年期 评级为AA- 债参考YTM：1.8314,N,7.12,全价：125.313 最后更新：15:34:24,,,,1,[],0,0,N,,,buy,buy
2026-07-28 10:05:20,127082,亚科转债,ykzz,138.801,-0.18,002540,亚太科技,ytkj,4.9,3.16,1.08,5.21,94.05,0,47.58,186.38,240301,有色金属,szmb,C,2023-04-27,[],0,0,buy,AA,,3.647,6.773,27.5,buy,2029-03-09,2.616,11.585,12701.64,7684.45,7.86,-6.95,,0,15:34:51,00,Y,N,0,0,Y,,2023-09-15 开始转股,计算使用2.7年期 评级为AA 债参考YTM：1.7382,N,11.59,全价：138.801 最后更新：15:34:51,,,,0,[],0,0,N,,,buy,buy
2026-07-28 10:05:20,123118,惠城转债,hczz,1106.0,1.94,300779,惠城环保,hchb,76.99,-3.11,10.13,10.33,745.31,0,48.4,1154.4,760103,环保,szcy,C,2021-07-26,[],0,0,buy,A+,,7.231,13.429,0.4,buy,2027-07-07,0.943,0.654,377500.79,153557.09,514.52,-95.35,,0,15:34:39,00,Y,N,0,0,Y,,2022-01-13 开始转股,计算使用1.0年期 评级为A+ 债参考YTM：4.2024,N,3.2,全价：1106.000 最后更新：15:34:39,,,,1,"{'G': '本次（2026年5月6日至2026年5月26日）不提前赎回，自2026年8月26日后首个交易日重新计算', 'M': ''}",0,0,N,,,buy,buy
2026-07-28 10:05:20,123178,花园转债,hyzz,137.737,-2.27,300401,花园生物,hysw,12.36,-5.58,1.9,13.34,92.65,0,48.66,186.4,370101,医药生物,szcy,C,2023-03-23,[],0,0,buy,AA-,,9.338,17.342,17.5,buy,2029-03-06,2.608,11.58,10752.97,36442.07,6.7,-5.7,,0,15:34:00,00,Y,N,1,1,Y,转股价下修1次，成功下修1次,2023-09-11 开始转股,计算使用2.7年期 评级为AA- 债参考YTM：2.1873,N,12.0,全价：137.737 最后更新：15:34:00,,,,0,{'M': ''},0,0,N,,,buy,buy
2026-07-28 10:05:20,113067,燃23转债,r23zz,130.208,-1.06,601139,深圳燃气,szrq,6.34,-1.71,1.09,7.24,87.57,0,48.69,178.9,410301,公用事业,shmb,C,2023-08-18,[],0,0,buy,AAA,,5.068,9.412,16.4,buy,2029-07-27,3.0,29.999,5399.08,16624.81,1.38,-5.54,,0,14:59:49,00,Y,N,0,0,Y,,2024-02-02 开始转股,计算使用3.0年期 评级为AAA 债参考YTM：1.6234,N,30.0,全价：130.208 最后更新：14:59:49,,,,0,{'M': ''},0,0,N,,,buy,buy
2026-07-28 10:05:20,123160,泰福转债,tfzz,153.985,-1.48,300992,泰福泵业,tfby,20.4,-0.63,2.16,19.7,103.55,0,48.7,202.69,640106,机械设备,szcy,C,2022-10-25,[],0,0,buy,A,,13.79,25.61,14.6,buy,2028-09-28,2.173,2.315,3085.52,2842.55,8.55,-11.33,,0,15:34:51,00,Y,N,1,1,Y,转股价下修1次，成功下修1次,2023-04-11 开始转股,计算使用2.2年期 评级为A 债参考YTM：6.7542,N,3.349,全价：153.985 最后更新：15:34:51,,,,0,"{'G': '本次（2026年5月6日至2026年5月26日）不提前赎回，自2026年8月31日后首个交易日重新计算', 'M': ''}",0,0,N,,,buy,buy
2026-07-28 10:05:20,118062,天准转债,tzzz,191.821,-6.16,688003,天准科技,tzkj,71.1,-6.69,6.89,55.13,128.97,0,48.74,240.56,640704,机械设备,shkc,C,2025-12-31,[],0,0,buy,AA-,,38.591,66.156,6.3,buy,2031-12-12,5.378,8.719,32964.57,28271.34,19.34,-9.07,,0,14:59:59,00,Y,N,0,0,Y,,2026-06-18 开始转股,计算使用5.4年期 评级为AA- 债参考YTM：2.7842,N,8.72,全价：191.821 最后更新：14:59:59,,,,0,"{'G': '本次（2026年6月18日至2026年7月9日）不提前赎回，以2026年10月10日为首个交易日重新计算', 'M': ''}",0,0,N,120%,,buy,buy
2026-07-28 10:05:20,118035,国力转债,glzz,154.491,-5.52,688103,国力电子,gldz,64.35,-11.84,5.33,62.31,103.27,0,49.59,204.08,270401,电子,shkc,C,2023-07-06,[],0,0,buy,A+,,43.617,81.003,7.8,buy,2029-06-12,2.877,4.799,15221.27,34974.03,20.19,-8.98,,0,14:59:57,00,Y,N,0,0,Y,,2023-12-18 开始转股,计算使用2.9年期 评级为A+ 债参考YTM：4.5878,N,4.8,全价：154.491 最后更新：14:59:57,,,,0,{'M': ''},0,0,N,,,buy,buy
2026-07-28 10:05:20,118013,道通转债,dtzz,182.029,-0.84,688208,道通科技,dtkj,26.13,-1.14,4.33,21.48,121.65,0,49.64,231.67,710103,计算机,shkc,C,2022-07-28,[],0,0,buy,AA,,15.036,27.924,7.3,buy,2028-07-08,1.948,12.796,8816.23,19533.84,3.82,-20.53,,0,14:59:53,00,Y,N,0,0,Y,,2023-01-16 开始转股,计算使用2.0年期 评级为AA 债参考YTM：1.6955,N,12.8,全价：182.029 最后更新：14:59:53,,,,1,{'M': ''},0,0,N,,,buy,buy
2026-07-28 10:05:20,123222,博俊转债,bjzz,152.051,-0.7,300926,博俊科技,bjkj,16.72,1.27,1.98,16.46,101.58,0,49.69,201.74,280205,汽车,szcy,C,2023-09-28,[],0,0,buy,A+,,11.522,21.398,4.9,buy,2029-09-08,3.118,2.438,1524.5,5989.25,4.1,-7.63,,0,15:34:03,00,Y,N,0,0,Y,,2024-03-14 开始转股,计算使用3.2年期 评级为A+ 债参考YTM：4.6565,N,5.0,全价：152.051 最后更新：15:34:03,,,,0,{'M': ''},0,0,N,,,buy,buy
2026-07-28 10:05:20,127046,百润转债,brzz,131.173,-0.5,002568,百润股份,brgf,17.81,0.62,3.58,20.33,87.61,0,49.73,180.9,340602,食品饮料,szmb,C,2021-11-03,[],0,0,buy,AA,,14.231,26.429,8.3,buy,2027-09-29,1.173,11.274,3656.9,20461.89,2.47,-12.92,,0,15:34:39,00,Y,N,1,1,Y,转股价下修1次，成功下修1次,2022-04-12 开始转股,计算使用1.2年期 评级为AA 债参考YTM：1.6167,N,11.28,全价：131.173 最后更新：15:34:39,,,,0,{'M': ''},0,0,N,,,buy,buy
2026-07-28 10:05:20,113677,华懋转债,hmzz,276.019,-9.98,603306,华懋科技,hmkj,61.51,-8.6,5.83,33.66,182.74,0,51.05,327.07,280202,汽车,shmb,C,2023-10-12,[],0,0,buy,AA-,,23.562,43.758,5.2,buy,2029-09-14,3.134,10.489,37068.45,76973.95,12.38,-24.47,,0,14:59:59,00,Y,N,0,0,Y,,2024-03-20 开始转股,计算使用3.2年期 评级为AA- 债参考YTM：2.3045,N,10.5,全价：276.019 最后更新：14:59:59,,,,0,"{'G': '本次（2026年6月29日至2026年7月17日）不提前赎回，自2026年10月17日之后的首个交易日重新起算', 'M': ''}",0,0,N,,,buy,buy
2026-07-28 10:05:20,123158,宙邦转债,zbzz,220.269,-0.79,300037,新宙邦,xzb,58.78,-5.83,3.95,40.49,145.17,0,51.73,272.0,630702,电力设备,szcy,C,2022-10-21,[],0,0,buy,AA,,28.343,52.637,5.6,buy,2028-09-26,2.167,18.046,31089.53,104838.37,8.01,-26.8,,0,15:34:51,00,Y,N,0,0,Y,,2023-03-30 开始转股,计算使用2.2年期 评级为AA 债参考YTM：1.7115,N,19.7,全价：220.269 最后更新：15:34:51,,,,0,{'M': ''},0,0,N,,,buy,buy
2026-07-28 10:05:20,113686,泰瑞转债,trzz,148.248,-0.43,603289,泰瑞机器,trjq,7.79,2.1,1.53,8.0,97.38,0,52.24,200.49,640209,机械设备,shmb,C,2024-07-24,[],0,0,buy,AA-,,5.6,10.4,14.7,buy,2030-07-02,3.932,3.363,3349.27,2268.28,6.69,-5.42,,0,14:59:58,00,Y,N,0,0,Y,,2025-01-08 开始转股,计算使用4.0年期 评级为AA- 债参考YTM：2.4113,N,3.378,全价：148.248 最后更新：14:59:58,,,,0,{'G': '本次（2026年5月6日至2026年5月26日）不提前赎回，自2026年8月26日之后的首个交易日重新起算'},0,0,N,,,buy,buy
2026-07-28 10:05:20,118064,联瑞转债,lrzz,287.372,-9.47,688300,联瑞新材,lrxc,118.76,-9.88,15.67,63.05,188.36,0,52.57,339.94,220901,基础化工,shkc,C,2026-01-28,[],0,0,buy,AA,,44.135,81.965,2.4,buy,2032-01-08,5.452,6.949,64133.08,103701.06,30.67,-15.81,,0,15:00:00,00,Y,N,0,0,Y,,2026-07-14 开始转股,计算使用5.5年期 评级为AA 债参考YTM：2.0577,N,6.95,全价：287.372 最后更新：15:00:00,,,,0,{'M': ''},0,0,N,,,buy,buy
2026-07-28 10:05:20,123199,山河转债,shzz,139.776,-1.02,300452,山河药辅,shyf,11.89,-0.25,2.64,13.0,91.46,0,52.82,192.6,370101,医药生物,szcy,C,2023-07-07,[],0,0,buy,A+,,9.1,16.9,13.5,buy,2029-06-12,2.877,3.197,1398.44,3076.03,3.11,-7.67,,0,15:34:06,00,Y,N,1,1,Y,转股价下修1次，成功下修1次,2023-12-18 开始转股,计算使用2.9年期 评级为A+ 债参考YTM：4.5878,N,3.2,全价：139.776 最后更新：15:34:06,,,,0,[],0,0,N,,,buy,buy
2026-07-28 10:05:20,128138,侨银转债,qyzz,130.38,-0.07,002973,侨银股份,qygf,9.04,-1.2,1.41,10.6,85.28,0,52.88,183.26,760103,环保,szmb,C,2020-12-24,[],0,0,buy,A+,,7.42,13.78,14.6,buy,2026-11-17,0.307,4.199,5477.27,4039.16,10.0,-0.96,,0,15:34:06,00,Y,N,3,3,Y,转股价下修3次，成功下修3次,2021-05-24 开始转股,计算使用0.4年期 评级为A+ 债参考YTM：4.1182,N,4.2,全价：130.380 最后更新：15:34:06,,,,1,{'EX': '深圳市优美利投资管理有限公司竞价减持11.97% 2026年07月23日公告'},0,0,N,,,buy,buy
2026-07-28 10:05:20,113704,春风转债,cfzz,190.516,1.3,603129,春风动力,cfdl,300.45,1.88,5.76,241.7,124.31,141,53.26,243.78,280402,汽车,shmb,C,2026-07-07,[],0,0,buy,AA+,,169.19,314.21,4.7,buy,2032-06-09,5.871,21.79,192264.53,81931.16,45.24,-8.7,,0,15:00:00,00,Y,N,0,0,Y,,未到转股期；2026-12-16 开始转股,计算使用5.9年期 评级为AA+ 债参考YTM：1.9442,N,21.79,全价：190.516 最后更新：15:00:00,,,,0,{'M': ''},0,0,N,,,buy,buy
2026-07-28 10:05:20,113610,灵康转债,lkzz,122.807,-1.33,603669,灵康药业,lkyy,5.2,-2.44,5.94,6.5,80.0,0,53.51,176.32,370102,医药生物,shmb,C,2020-12-22,[],0,0,buy,A-,,4.55,8.45,6.8,buy,2026-12-01,0.345,2.528,19306.74,26661.89,61.05,-18.56,,0,14:59:59,00,Y,N,2,2,Y,转股价下修2次，成功下修2次,2021-06-07 开始转股,计算使用0.4年期 评级为A- 债参考YTM：8.8182,N,5.25,全价：122.807 最后更新：14:59:59,,,,1,[],0,0,N,,,buy,buy
2026-07-28 10:05:20,110084,贵燃转债,grzz,129.643,-0.22,600903,贵州燃气,gzrq,5.99,0.34,2.16,7.1,84.37,0,53.67,183.31,410301,公用事业,shmb,C,2022-01-18,[],0,0,buy,AA,,4.97,9.23,11.7,buy,2027-12-27,1.416,8.157,4638.99,13809.36,4.39,-10.03,,0,14:59:50,00,Y,N,1,1,Y,转股价下修1次，成功下修1次,2022-07-01 开始转股,计算使用1.5年期 评级为AA 债参考YTM：1.6448,N,10.0,全价：129.643 最后更新：14:59:50,,,,1,{'M': ''},0,0,N,,,buy,buy
2026-07-28 10:05:20,123261,普联转债,plzz,153.398,0.0,300996,普联软件,plrj,12.93,0.0,3.87,12.97,99.69,0,53.87,207.27,710401,计算机,szcy,C,2025-12-22,[],0,0,buy,A+,,9.079,16.861,5.6,buy,2031-12-05,5.359,2.429,0.0,0.0,0.0,-4.71,,0,15:34:27,03,Y,N,0,0,N,2026-07-27 至 2026-07-28 期间暂停转股：筹划公司控制权变更,2026-06-11 开始转股;2026-07-27 至 2026-07-28 期间暂停转股：筹划公司控制权变更,计算使用5.4年期 评级为A+ 债参考YTM：5.1327,N,2.43,全价：153.398 最后更新：15:34:27,,,,0,{'M': ''},0,0,N,,,buy,buy
2026-07-28 10:05:20,118012,微芯转债,wxzz,165.241,-5.17,688321,微芯生物,wxsw,27.18,-5.16,4.66,25.34,107.26,0,54.05,219.29,370102,医药生物,shkc,C,2022-07-28,[],0,0,buy,A+,,17.738,32.942,4.5,buy,2028-07-05,1.94,4.996,10338.31,37306.52,12.28,-16.29,,0,14:59:54,00,Y,N,0,0,Y,,2023-01-11 开始转股,计算使用2.0年期 评级为A+ 债参考YTM：4.3655,N,5.0,全价：165.241 最后更新：14:59:54,,,,1,{'M': ''},0,0,N,,,buy,buy
2026-07-28 10:05:20,113054,绿动转债,ldzz,127.05,-0.82,601330,绿色动力,lsdl,7.14,0.0,1.2,8.67,82.35,0,54.28,181.33,760103,环保,shmb,C,2022-03-23,[],0,0,buy,AA+,,6.069,11.271,33.4,buy,2028-02-25,1.581,23.598,6082.42,5046.92,2.03,-8.39,,0,14:59:26,00,Y,N,0,0,Y,,2022-09-05 开始转股,计算使用1.6年期 评级为AA+ 债参考YTM：1.6050,N,23.6,全价：127.050 最后更新：14:59:26,,,,1,[],0,0,N,,,buy,buy
2026-07-28 10:05:20,123173,恒锋转债,hfzz,136.947,-0.1,300605,恒锋信息,hfxx,8.86,0.68,3.18,10.0,88.6,0,54.57,191.52,710401,计算机,szcy,C,2023-02-08,[],0,0,buy,BBB+,,7.0,13.0,20.8,buy,2028-12-30,2.427,2.33,1845.96,5367.7,5.77,-5.64,,0,15:33:57,00,Y,N,1,1,Y,转股价下修1次，成功下修1次,2023-07-06 开始转股,计算使用2.5年期 评级为BBB+ 债参考YTM：12.3426,N,2.424,全价：136.947 最后更新：15:33:57,,,,0,[],0,0,N,,,buy,buy
2026-07-28 10:05:20,127089,晶澳转债,jazz,125.12,-0.42,002459,晶澳科技,jakj,7.2,-0.28,1.12,8.9,80.9,0,54.66,179.78,630502,电力设备,szmb,C,2023-08-04,[],0,0,buy,AA+,,6.23,11.57,37.6,buy,2029-07-18,2.975,89.588,9068.08,17896.92,0.81,-3.92,,0,15:33:54,00,Y,N,3,2,Y,转股价下修3次，成功下修2次,2024-01-24 开始转股,计算使用3.0年期 评级为AA+ 债参考YTM：1.6834,N,89.603,全价：125.120 最后更新：15:33:54,,,,0,{'M': ''},0,0,N,,,buy,buy
2026-07-28 10:05:20,118031,天23转债,t23zz,125.944,-0.57,688599,天合光能,thgn,13.02,0.08,1.47,16.0,81.38,0,54.77,180.71,630502,电力设备,shkc,C,2023-03-15,[],0,0,buy,AA,,11.2,20.8,19.2,buy,2029-02-13,2.551,58.512,9282.72,28853.51,1.26,-2.46,,0,14:59:48,00,Y,N,2,2,Y,转股价下修2次，成功下修2次,2023-08-17 开始转股,计算使用2.6年期 评级为AA 债参考YTM：1.7336,N,88.648,全价：125.944 最后更新：14:59:48,,,,0,{'M': ''},0,0,N,,,buy,buy
2026-07-28 10:05:20,113048,晶科转债,jkzz,121.945,-1.8,601778,晶科科技,jkkj,3.52,-0.56,0.82,4.47,78.75,0,54.86,176.81,410106,公用事业,shmb,C,2021-05-31,[],0,0,buy,AA,,3.129,5.811,11.8,buy,2027-04-23,0.737,15.453,6701.09,37337.05,3.54,-11.11,,0,14:59:44,00,Y,N,2,2,Y,转股价下修2次，成功下修2次,2021-10-29 开始转股,计算使用0.8年期 评级为AA 债参考YTM：1.5907,N,30.0,全价：121.945 最后更新：14:59:44,,,,1,"{'G': '本次（2026年3月25日至2026年5月6日）不提前赎回，以2026年8月7日为首个交易日重新计算', 'M': ''}",0,0,N,,,buy,buy
2026-07-28 10:05:20,110087,天业转债,tyzz,126.272,-0.5,600075,新疆天业,xjty,4.52,0.44,0.84,5.6,80.71,0,56.44,182.71,220202,基础化工,shmb,C,2022-07-19,[],0,0,buy,AA+,,3.92,7.28,38.8,buy,2028-06-23,1.907,29.975,5229.46,7379.46,1.38,-7.14,,0,14:59:45,00,Y,N,1,1,Y,转股价下修1次，成功下修1次,2022-12-29 开始转股,计算使用2.0年期 评级为AA+ 债参考YTM：1.6355,N,30.0,全价：126.272 最后更新：14:59:45,,,,1,{'M': ''},0,0,N,,,buy,buy
2026-07-28 10:05:20,127055,精装转债,jzzz,172.202,-6.15,002989,中天精装,ztjz,20.36,-8.37,2.86,18.5,110.05,0,56.47,228.67,620201,建筑装饰,szmb,C,2022-03-24,[],0,0,buy,AA-,,12.95,24.05,5.2,buy,2028-02-22,1.573,2.081,11871.26,17754.77,32.19,-22.01,,0,15:34:42,00,Y,N,0,0,Y,,2022-08-29 开始转股,计算使用1.6年期 评级为AA- 债参考YTM：1.9580,N,5.77,全价：172.202 最后更新：15:34:42,,,,1,{'G': '本次（2026年2月24日至2026年3月16日）不提前赎回，自2027年3月16日后首个交易日重新计算'},0,0,N,,,buy,buy
2026-07-28 10:05:20,123225,翔丰转债,xfzz,141.598,-1.41,300890,翔丰华,xfh,24.69,-0.76,1.3,27.34,90.31,0,56.8,198.4,630702,电力设备,szcy,C,2023-10-26,[],0,0,buy,AA-,,19.138,35.542,20.7,buy,2029-10-10,3.206,5.585,3653.69,10823.46,4.6,-4.51,,0,15:34:18,00,Y,N,1,1,Y,转股价下修1次，成功下修1次,2024-04-16 开始转股,计算使用3.3年期 评级为AA- 债参考YTM：2.3210,N,8.0,全价：141.598 最后更新：15:34:18,,,,0,"{'G': '本次（2026年4月22日至2026年5月15日）不提前赎回，自2026年8月15日后首个交易日重新计算', 'M': ''}",0,0,N,,,buy,buy
2026-07-28 10:05:20,118007,山石转债,sszz,134.979,-0.86,688030,山石网科,sswk,14.2,-0.7,3.67,16.5,86.06,0,56.84,191.82,710402,计算机,shkc,C,2022-04-21,[],0,0,buy,A-,,11.55,21.45,10.4,buy,2028-03-22,1.652,2.671,3569.11,3302.17,9.86,-8.64,,0,14:59:49,00,Y,N,1,1,Y,转股价下修1次，成功下修1次,2022-09-28 开始转股,计算使用1.7年期 评级为A- 债参考YTM：9.0126,N,2.674,全价：134.979 最后更新：14:59:49,,,,1,{'M': ''},0,0,N,,,buy,buy
2026-07-28 10:05:20,127060,湘佳转债,xjzz,129.0,0.01,002982,湘佳股份,xjgf,11.35,0.71,1.32,13.8,82.25,0,56.85,185.85,110703,农林牧渔,szmb,C,2022-06-10,[],0,0,buy,A+,,9.66,17.94,43.3,buy,2028-04-19,1.729,6.399,3222.03,2584.43,3.91,-8.1,,0,15:34:45,00,Y,N,1,1,Y,转股价下修1次，成功下修1次,2022-10-25 开始转股,计算使用1.8年期 评级为A+ 债参考YTM：4.3308,N,6.4,全价：129.000 最后更新：15:34:45,,,,0,[],0,0,N,,,buy,buy
2026-07-28 10:05:20,127031,洋丰转债,yfzz,125.272,-0.5,000902,新洋丰,xyf,13.45,0.9,1.36,16.89,79.63,0,57.31,182.58,220805,基础化工,szmb,C,2021-04-23,[],0,0,buy,AA,,11.823,21.957,6.5,buy,2027-03-25,0.658,9.999,2057.4,12625.85,1.64,-16.18,,0,15:34:42,00,Y,N,1,1,Y,转股价下修1次，成功下修1次,2021-10-08 开始转股,计算使用0.7年期 评级为AA 债参考YTM：1.5844,N,10.0,全价：125.272 最后更新：15:34:42,,,,1,{'M': ''},0,0,N,,,buy,buy
2026-07-28 10:05:20,123172,漱玉转债,syzz,131.4,-0.7,301017,漱玉平民,sypm,12.39,-0.8,2.34,14.91,83.1,0,58.13,189.53,370403,医药生物,szcy,C,2023-01-06,[],0,0,buy,AA-,,10.437,19.383,24.8,buy,2028-12-15,2.386,7.96,3823.93,5364.44,3.64,-5.01,,0,15:34:51,00,Y,N,1,1,Y,转股价下修1次，成功下修1次,2023-06-21 开始转股,计算使用2.4年期 评级为AA- 债参考YTM：2.1098,N,8.0,全价：131.400 最后更新：15:34:51,,,,0,{'M': ''},0,0,N,,,buy,buy
2026-07-28 10:05:20,123211,阳谷转债,ygzz,155.265,-1.9,300121,阳谷华泰,yght,9.01,-1.31,1.09,9.2,97.94,0,58.54,213.81,220604,基础化工,szcy,C,2023-08-14,[],0,0,buy,AA-,,6.44,11.96,7.9,buy,2029-07-27,3.0,3.07,4817.16,9117.29,10.04,-8.73,,0,15:34:06,00,Y,N,0,0,Y,,2024-02-02 开始转股,计算使用3.0年期 评级为AA- 债参考YTM：2.2634,N,6.5,全价：155.265 最后更新：15:34:06,,,,0,[],0,0,N,,,buy,buy
2026-07-28 10:05:20,123171,共同转债,gtzz,131.581,-1.6,300966,共同药业,gtyy,22.45,-4.06,3.12,27.08,82.9,0,58.72,190.3,370101,医药生物,szcy,C,2022-12-16,[],0,0,buy,A-,,18.956,35.204,22.1,buy,2028-11-28,2.34,3.799,2873.05,5878.28,5.72,-4.19,,0,15:33:57,00,Y,N,0,0,Y,,2023-06-02 开始转股,计算使用2.4年期 评级为A- 债参考YTM：9.1524,N,3.8,全价：131.581 最后更新：15:33:57,,,,0,{'M': ''},0,0,N,,,buy,buy
2026-07-28 10:05:20,110093,神马转债,smzz,124.358,-0.36,600810,神马股份,smgf,6.33,-1.09,0.74,8.08,78.34,0,58.74,183.1,220406,基础化工,shmb,C,2023-04-20,[],0,0,buy,AAA,,5.656,10.504,32.4,buy,2029-03-16,2.636,22.199,6976.63,6183.11,2.52,-4.62,,0,14:59:51,00,Y,N,0,0,Y,,2023-09-22 开始转股,计算使用2.7年期 评级为AAA 债参考YTM：1.6209,N,30.0,全价：124.358 最后更新：14:59:51,,,,0,{'M': ''},0,0,N,,,buy,buy
2026-07-28 10:05:20,111017,蓝天转债,ltzz,131.981,0.63,605368,蓝天燃气,ltrq,6.63,0.15,1.41,7.98,83.08,0,58.85,190.83,410301,公用事业,shmb,C,2023-09-08,[],0,0,buy,AA,,5.586,10.374,14.2,buy,2029-08-15,3.052,6.715,5933.68,2013.36,6.69,-4.71,,0,14:59:43,00,Y,N,1,1,Y,转股价下修1次，成功下修1次,2024-02-21 开始转股,计算使用3.1年期 评级为AA 债参考YTM：1.7609,N,8.7,全价：131.981 最后更新：14:59:43,,,,0,[],0,0,N,,,buy,buy
2026-07-28 10:05:20,111022,锡振转债,xzzz,158.805,-1.61,605319,无锡振华,wxzh,22.35,-0.62,2.72,22.39,99.82,0,59.09,217.9,280205,汽车,shmb,C,2025-07-14,[],0,0,buy,AA-,,15.673,29.107,6.7,buy,2031-06-18,4.893,5.197,7237.57,5283.14,8.74,-6.04,,0,14:59:56,00,Y,N,0,0,Y,,2025-12-24 开始转股,计算使用4.9年期 评级为AA- 债参考YTM：2.4844,N,5.2,全价：158.805 最后更新：14:59:56,,,,0,[],0,0,N,,,buy,buy
2026-07-28 10:05:20,123088,威唐转债,wtzz,117.428,-0.37,300707,威唐工业,wtgy,11.03,0.09,1.66,14.95,73.78,0,59.16,176.59,280205,汽车,szcy,C,2021-01-06,[],0,0,buy,A+,,10.465,19.435,19.0,buy,2026-12-15,0.384,3.004,1789.56,2913.01,5.06,-5.43,,0,15:34:33,00,Y,N,1,1,Y,转股价下修1次，成功下修1次,2021-06-21 开始转股,计算使用0.4年期 评级为A+ 债参考YTM：4.1182,N,3.014,全价：117.428 最后更新：15:34:33,,,,1,[],0,0,N,,,buy,buy
2026-07-28 10:05:20,127064,杭氧转债,hyzz,140.659,-2.18,002430,杭氧股份,hygf,22.68,-3.08,2.18,25.67,88.35,0,59.2,199.86,220309,基础化工,szmb,C,2022-07-05,[],0,0,buy,AA+,,17.969,33.371,5.1,buy,2028-05-19,1.811,11.364,4696.64,32129.6,2.92,-12.9,,0,15:34:42,00,Y,N,1,1,Y,转股价下修1次，成功下修1次,2022-11-25 开始转股,计算使用1.9年期 评级为AA+ 债参考YTM：1.6280,N,11.37,全价：140.659 最后更新：15:34:42,,,,1,{'M': ''},0,0,N,,,buy,buy
2026-07-28 10:05:20,123183,海顺转债,hszz,130.501,-0.99,300501,海顺新材,hsxc,9.5,-2.46,1.71,11.63,81.69,0,59.76,190.26,360206,轻工制造,szcy,C,2023-04-20,[],0,0,buy,AA-,,8.141,15.119,24.0,buy,2029-03-23,2.655,6.329,4313.81,3002.9,5.2,-3.63,,0,15:34:03,00,Y,N,2,0,Y,转股价下修2次，成功下修0次,2023-10-09 开始转股,计算使用2.7年期 评级为AA- 债参考YTM：2.1873,N,6.33,全价：130.501 最后更新：15:34:03,,,,0,[],0,0,N,,,buy,buy
2026-07-28 10:05:20,127108,太能转债,tnzz,127.725,-0.83,000591,太阳能,tyn,4.42,-0.9,0.72,5.54,79.78,0,60.09,187.82,410106,公用事业,szmb,C,2025-04-16,[],0,0,buy,AA+,,3.878,7.202,17.1,buy,2031-03-28,4.669,29.498,4806.15,16011.75,1.27,-1.91,,0,15:34:03,00,Y,N,0,0,Y,,2025-10-09 开始转股,计算使用4.7年期 评级为AA+ 债参考YTM：1.8154,N,29.5,全价：127.725 最后更新：15:34:03,,,,0,{'M': ''},0,0,N,,,buy,buy
2026-07-28 10:05:20,127105,龙星转债,lxzz,129.78,-0.67,002442,龙星科技,lxkj,4.68,0.0,1.28,5.8,80.69,0,60.84,190.62,220603,基础化工,szmb,C,2024-03-06,[],0,0,buy,AA-,,4.06,7.54,32.8,buy,2030-01-31,3.515,7.534,3708.94,4580.08,3.79,-2.41,,0,15:33:54,00,Y,N,0,0,Y,,2024-08-07 开始转股,计算使用3.6年期 评级为AA- 债参考YTM：2.3608,N,7.54,全价：129.780 最后更新：15:33:54,,,,0,[],0,0,N,,,buy,buy
2026-07-28 10:05:20,113652,伟22转债,w22zz,130.262,-0.43,603568,伟明环保,wmhb,15.4,-0.13,2.05,19.02,80.97,0,60.88,191.14,760103,环保,shmb,C,2022-08-12,[],0,0,buy,AA,,13.314,24.726,4.7,buy,2028-07-22,1.986,14.766,4132.22,11311.21,2.15,-7.47,,0,14:59:49,00,Y,N,2,2,Y,转股价下修2次，成功下修2次,2023-01-30 开始转股,计算使用2.0年期 评级为AA 债参考YTM：1.6955,N,14.77,全价：130.262 最后更新：14:59:49,,,,1,{'M': ''},0,0,N,,,buy,buy
2026-07-28 10:05:20,127099,盛航转债,shzz,132.875,-0.47,001205,盛航股份,shgf,12.66,0.8,1.08,15.33,82.58,0,60.9,193.78,421101,交通运输,szmb,C,2023-12-28,[],0,0,buy,AA-,,10.731,19.929,21.5,buy,2029-12-06,3.362,4.541,1867.32,2826.98,3.09,-3.12,,0,15:33:54,00,Y,N,1,1,Y,转股价下修1次，成功下修1次,2024-06-12 开始转股,计算使用3.4年期 评级为AA- 债参考YTM：2.3355,N,7.4,全价：132.875 最后更新：15:33:54,,,,0,[],0,0,N,,,buy,buy
2026-07-28 10:05:20,113678,中贝转债,zbzz,143.966,-1.24,603220,中贝通信,zbtx,18.31,-1.03,2.49,20.47,89.45,0,60.95,204.92,730103,通信,shmb,C,2023-11-21,[],0,0,buy,A+,,14.329,26.611,6.4,buy,2029-10-19,3.23,5.106,5788.8,19211.08,7.87,-5.49,,0,14:59:58,00,Y,N,2,1,Y,转股价下修2次，成功下修1次,2024-04-25 开始转股,计算使用3.3年期 评级为A+ 债参考YTM：4.6740,N,5.17,全价：143.966 最后更新：14:59:58,,,,0,{'M': ''},0,0,N,,,buy,buy
2026-07-28 10:05:20,123071,天能转债,tnzz,115.462,0.0,300569,天能重工,tnzg,4.79,1.05,0.91,6.68,71.71,0,61.02,176.48,630602,电力设备,szcy,C,2020-11-25,[],0,0,buy,AA-,,4.676,8.684,14.2,buy,2026-10-21,0.233,6.937,2946.09,6343.72,3.68,-1.74,,0,15:34:36,00,Y,N,2,2,Y,转股价下修2次，成功下修2次,2021-04-27 开始转股,计算使用0.3年期 评级为AA- 债参考YTM：1.7483,N,7.0,全价：115.462 最后更新：15:34:36,,,,1,{'M': ''},0,0,N,,,buy,buy
2026-07-28 10:05:20,127114,宜化转债,yhzz,146.618,-0.6,000422,湖北宜化,hbyh,12.75,-1.85,1.98,14.08,90.55,160,61.91,208.53,220801,基础化工,szmb,C,2026-07-14,[],0,0,buy,AA+,,9.856,18.304,24.5,buy,2032-06-25,5.915,33.0,16136.31,24253.76,3.33,-4.25,,0,15:34:06,00,Y,Y,0,0,Y,,未到转股期；2027-01-04 开始转股,计算使用6.0年期 评级为AA+ 债参考YTM：1.9573,N,33.0,全价：146.618 最后更新：15:34:06,,,,0,{'M': ''},0,0,N,,,buy,buy
2026-07-28 10:05:20,123119,康泰转2,ktz2,124.53,-0.55,300601,康泰生物,ktsw,12.06,-0.33,1.39,15.69,76.86,0,62.01,186.54,370303,医药生物,szcy,C,2021-08-05,[],0,0,buy,AA,,10.983,20.397,18.4,buy,2027-07-15,0.964,19.99,4397.0,12474.78,1.76,-10.46,,0,15:34:45,00,Y,N,5,5,Y,转股价下修5次，成功下修5次,2022-01-21 开始转股,计算使用1.0年期 评级为AA 债参考YTM：1.6024,N,20.0,全价：124.530 最后更新：15:34:45,,,,1,{'M': ''},0,0,N,,,buy,buy
2026-07-28 10:05:20,127072,博实转债,bszz,141.284,-1.34,002698,博实股份,bsgf,12.88,0.0,3.1,14.81,86.97,0,62.45,203.73,640701,机械设备,szmb,C,2022-11-03,[],0,0,buy,AA,,10.367,19.253,4.1,buy,2028-09-22,2.156,4.498,2901.4,13197.01,4.55,-9.16,,0,15:34:48,00,Y,N,0,0,Y,,2023-03-28 开始转股,计算使用2.2年期 评级为AA 债参考YTM：1.7115,N,4.5,全价：141.284 最后更新：15:34:48,,,,0,{'M': ''},0,0,N,,,buy,buy
2026-07-28 10:05:20,123076,强力转债,qlzz,120.225,-0.45,300429,强力新材,qlxc,9.38,-2.39,2.91,12.7,73.86,0,62.78,183.01,270601,电子,szcy,C,2020-12-04,[],0,0,buy,AA-,,8.89,16.51,8.7,buy,2026-11-19,0.312,3.393,10216.36,39712.94,24.82,-19.41,,0,15:34:33,00,Y,N,1,1,Y,转股价下修1次，成功下修1次,2021-05-25 开始转股,计算使用0.4年期 评级为AA- 债参考YTM：1.7818,N,8.5,全价：120.225 最后更新：15:34:33,,,,1,{'M': ''},0,0,N,,,buy,buy
2026-07-28 10:05:20,113659,莱克转债,lkzz,131.664,-0.36,603355,莱克电气,lkdq,25.6,0.79,2.56,31.72,80.71,0,63.14,194.8,330302,家用电器,shmb,C,2022-11-15,[],0,0,buy,AA,,22.204,41.236,8.2,buy,2028-10-14,2.216,11.998,5426.56,4707.62,3.45,-6.68,,0,14:59:40,00,Y,N,0,0,Y,,2023-04-20 开始转股,计算使用2.3年期 评级为AA 债参考YTM：1.7180,N,12.0,全价：131.664 最后更新：14:59:40,,,,0,{'M': ''},0,0,N,,,buy,buy
2026-07-28 10:05:20,127104,姚记转债,yjzz,141.574,-0.83,002605,姚记科技,yjkj,16.92,0.18,1.79,19.58,86.42,0,63.83,205.4,720401,传媒,szmb,C,2024-02-26,[],0,0,buy,A+,,13.706,25.454,10.2,buy,2030-01-24,3.496,5.822,2207.84,7934.27,2.67,-4.67,,0,15:33:57,00,Y,N,0,0,Y,,2024-07-31 开始转股,计算使用3.5年期 评级为A+ 债参考YTM：4.7036,N,5.831,全价：141.574 最后更新：15:33:57,,,,0,[],0,0,N,,,buy,buy
2026-07-28 10:05:20,113649,丰山转债,fszz,130.869,-0.3,603810,丰山集团,fsjt,10.77,2.09,1.09,13.61,79.13,0,65.38,196.25,220803,基础化工,shmb,C,2022-07-21,[],0,0,buy,AA-,,9.527,17.693,25.7,buy,2028-06-27,1.918,4.577,2788.74,2483.27,4.64,-5.73,,0,14:59:49,00,Y,N,0,0,Y,,2023-01-03 开始转股,计算使用2.0年期 评级为AA- 债参考YTM：2.0255,N,5.0,全价：130.869 最后更新：14:59:49,,,,1,[],0,0,N,,,buy,buy
2026-07-28 10:05:20,123080,海波转债,hbzz,125.76,-0.22,300517,海波重科,hbzk,8.55,-0.47,1.6,11.28,75.8,0,65.91,191.67,620401,建筑装饰,szcy,C,2020-12-22,[],0,0,buy,A+,,7.896,14.664,13.8,buy,2026-12-02,0.348,1.485,1872.04,2450.72,9.99,-13.27,,0,15:34:33,00,Y,N,0,0,Y,,2021-06-08 开始转股,计算使用0.4年期 评级为A+ 债参考YTM：4.1182,N,2.45,全价：125.760 最后更新：15:34:33,,,,1,[],0,0,N,,,buy,buy
2026-07-28 10:05:20,123255,鼎龙转债,dlzz,417.0,-5.44,300054,鼎龙股份,dlgf,71.31,-3.86,12.41,28.38,251.27,0,65.96,482.96,270601,电子,szcy,C,2025-04-23,[],0,0,buy,AA,,19.866,36.894,1.7,buy,2031-04-02,4.682,9.096,186462.09,363500.16,46.39,-24.39,,0,15:34:21,00,Y,N,0,0,Y,,2025-10-09 开始转股,计算使用4.7年期 评级为AA 债参考YTM：1.9492,N,9.1,全价：417.000 最后更新：15:34:21,,,,0,"{'G': '本次（2026年4月8日至2026年4月28日）不提前赎回，自2026年10月28日后首个交易日重新计算', 'M': ''}",0,0,N,,,buy,buy
2026-07-28 10:05:20,118039,煜邦转债,ybzz,133.507,-1.42,688597,煜邦电力,ybdl,5.83,-1.35,2.28,7.3,79.86,0,67.17,200.68,630804,电力设备,shkc,C,2023-08-15,[],0,0,buy,A,,5.11,9.49,20.9,buy,2029-07-20,2.981,4.104,2345.01,2411.23,4.25,-4.46,,0,14:59:58,00,Y,N,0,0,Y,,2024-01-26 开始转股,计算使用3.0年期 评级为A 债参考YTM：6.9634,N,4.108,全价：133.507 最后更新：14:59:58,,,,0,"{'G': '本次（2026年1月16日至2026年2月11日）不提前赎回，以2026年8月12日为首个交易日重新计算', 'M': ''}",0,0,N,,,buy,buy
2026-07-28 10:05:20,113640,苏利转债,slzz,132.0,-0.5,603585,苏利股份,slgf,9.5,0.32,0.96,12.04,78.9,0,67.29,199.29,220803,基础化工,shmb,C,2022-03-10,[],0,0,buy,AA-,,8.428,15.652,28.7,buy,2028-02-16,1.556,7.39,4507.45,2128.2,4.62,-7.55,,0,14:59:49,00,Y,N,2,1,Y,转股价下修2次，成功下修1次,2022-08-22 开始转股,计算使用1.6年期 评级为AA- 债参考YTM：1.9580,Y,9.572,全价：132.000 最后更新：14:59:49,,,"按下调到底估算
股东大会：2026-07-31
预估转股价：12.04
预估转股价值：78.90
期权价值：12.26
理论价值：125.83
理论偏离度：4.67%",1,[],0,0,N,,,buy,buy
2026-07-28 10:05:20,127093,章鼓转债,zgzz,129.201,0.2,002598,ST章鼓,sdzg,6.39,2.08,1.51,8.3,76.99,0,67.82,197.02,640106,机械设备,szmb,C,2023-11-03,[],0,0,buy,A,,5.81,10.79,13.2,buy,2029-10-17,3.225,2.425,681.51,1675.08,2.17,-2.81,,0,15:33:57,00,Y,N,1,1,Y,转股价下修1次，成功下修1次,2024-04-23 开始转股,计算使用3.3年期 评级为A 债参考YTM：7.0240,N,2.43,全价：129.201 最后更新：15:33:57,,,,0,[],0,0,N,,,buy,buy
2026-07-28 10:05:20,113688,国检转债,gjzz,137.017,-0.58,603060,国检集团,gjjt,5.26,0.57,2.03,6.45,81.55,0,68.02,205.04,460802,社会服务,shmb,C,2024-11-12,[],0,0,buy,AA+,,4.515,8.385,18.9,buy,2030-10-17,4.225,7.997,2347.69,2566.57,2.14,-3.87,,0,14:59:56,00,Y,N,0,0,Y,,2025-04-23 开始转股,计算使用4.3年期 评级为AA+ 债参考YTM：1.7935,N,8.0,全价：137.017 最后更新：14:59:56,,,,0,[],0,0,N,,,buy,buy
2026-07-28 10:05:20,123133,佩蒂转债,pdzz,130.283,-0.2,300673,佩蒂股份,pdgf,11.62,1.93,1.53,15.0,77.47,0,68.18,198.46,110404,农林牧渔,szcy,C,2022-01-21,[],0,0,buy,AA-,,10.5,19.5,38.6,buy,2027-12-22,1.403,7.198,2709.16,2155.64,2.89,-7.48,,0,15:34:45,00,Y,N,2,2,Y,转股价下修2次，成功下修2次,2022-06-28 开始转股,计算使用1.5年期 评级为AA- 债参考YTM：1.9410,N,7.2,全价：130.283 最后更新：15:34:45,,,,1,[],0,0,N,,,buy,buy
2026-07-28 10:05:20,113643,风语转债,fyzz,137.629,-0.84,603466,风语筑,fyz,9.64,-0.41,2.71,11.8,81.7,0,68.47,206.1,720706,传媒,shmb,C,2022-04-22,[],0,0,buy,AA-,,8.26,15.34,8.7,buy,2028-03-25,1.66,4.992,6194.42,40390.15,8.95,-9.42,,0,14:59:58,00,Y,N,1,1,Y,转股价下修1次，成功下修1次,2022-10-10 开始转股,计算使用1.7年期 评级为AA- 债参考YTM：1.9751,N,5.0,全价：137.629 最后更新：14:59:58,,,,1,{'M': ''},0,0,N,,,buy,buy
2026-07-28 10:05:20,127113,长高转债,cgzz,163.576,-1.76,002452,长高电气,cgdq,10.59,-2.75,2.34,10.92,96.98,48,68.67,232.25,630801,电力设备,szmb,C,2026-03-30,[],0,0,buy,AA-,,7.644,14.196,13.8,buy,2032-03-08,5.616,7.586,4105.85,14310.77,3.3,-6.34,,0,15:33:57,00,Y,N,0,0,Y,,未到转股期；2026-09-14 开始转股,计算使用5.7年期 评级为AA- 债参考YTM：3.1486,N,7.59,全价：163.576 最后更新：15:33:57,,,,0,{'M': ''},0,0,N,,,buy,buy
2026-07-28 10:05:20,113699,金25转债,j25zz,191.948,-1.33,603979,金诚信,jcx,71.45,-0.63,3.83,62.8,113.77,0,68.71,260.66,240302,有色金属,shmb,C,2025-10-27,[],0,0,buy,AA,,43.96,81.64,4.5,buy,2031-09-26,5.167,19.998,14917.11,49699.21,3.88,-9.46,,0,15:00:00,00,Y,N,0,0,Y,,2026-04-10 开始转股,计算使用5.2年期 评级为AA 债参考YTM：1.9865,N,20.0,全价：191.948 最后更新：15:00:00,,,,0,{'M': ''},0,0,N,,,buy,buy
2026-07-28 10:05:20,111015,东亚转债,dyzz,125.062,-0.63,605177,东亚药业,dyyy,14.99,0.94,0.97,20.28,73.92,0,69.2,194.26,370101,医药生物,shmb,C,2023-08-02,[],0,0,buy,A+,,14.196,26.364,39.1,buy,2029-07-06,2.943,6.662,2535.25,2811.15,3.03,-1.84,,0,14:59:34,00,Y,N,1,1,Y,转股价下修1次，成功下修1次,2024-01-12 开始转股,计算使用3.0年期 评级为A+ 债参考YTM：4.6134,N,6.9,全价：125.062 最后更新：14:59:34,,,,0,[],0,0,N,,,buy,buy
2026-07-28 10:05:20,123237,佳禾转债,jhzz,135.386,0.43,300793,佳禾智能,jhzn,10.77,2.67,1.45,13.46,80.02,0,69.2,204.59,270504,电子,szcy,C,2024-01-24,[],0,0,buy,A+,,9.422,17.498,10.8,buy,2030-01-04,3.441,4.314,4475.38,9967.3,7.66,-4.16,,0,15:34:21,00,Y,N,1,1,Y,转股价下修1次，成功下修1次,2024-07-10 开始转股,计算使用3.5年期 评级为A+ 债参考YTM：4.7036,N,10.04,全价：135.386 最后更新：15:34:21,,,,0,[],0,0,N,,,buy,buy
2026-07-28 10:05:20,123235,亿田转债,ytzz,146.667,-3.51,300911,亿田智能,ytzn,18.34,-5.61,2.95,21.31,86.06,0,70.42,217.09,330401,家用电器,szcy,C,2024-01-12,[],0,0,buy,A+,,14.917,27.703,13.9,buy,2029-12-21,3.403,4.353,15750.53,20175.12,24.46,-5.95,,0,15:34:09,00,Y,N,0,0,Y,,2024-06-27 开始转股,计算使用3.5年期 评级为A+ 债参考YTM：4.7036,N,5.202,全价：146.667 最后更新：15:34:09,,,,0,{'M': ''},0,0,N,,,buy,buy
2026-07-28 10:05:20,118060,瑞可转债,rkzz,175.328,-6.86,688800,瑞可达,rkd,53.82,-10.81,6.15,52.53,102.46,0,71.13,246.46,270401,电子,shkc,C,2025-12-12,[],0,0,buy,AA-,,36.771,68.289,6.4,buy,2031-11-14,5.301,9.999,14061.13,62182.76,7.81,-7.63,,0,14:59:56,00,Y,N,0,0,Y,,2026-05-20 开始转股,计算使用5.4年期 评级为AA- 债参考YTM：2.7842,N,10.0,全价：175.328 最后更新：14:59:56,,,,0,"{'G': '本次（2026年5月20日至2026年6月9日）不提前赎回，以2026年12月10日为首个交易日重新计算', 'M': ''}",0,0,N,,,buy,buy
2026-07-28 10:05:20,113053,隆22转债,l22zz,124.327,-0.83,601012,隆基绿能,ljln,12.68,0.32,1.89,17.5,72.46,0,71.59,195.92,630502,电力设备,shmb,C,2022-02-17,[],0,0,buy,AAA,,12.25,22.75,7.3,buy,2028-01-05,1.441,69.951,17439.4,97495.96,2.0,-9.06,,0,14:59:57,00,Y,N,1,1,Y,转股价下修1次，成功下修1次,2022-07-11 开始转股,计算使用1.5年期 评级为AAA 债参考YTM：1.5703,N,70.0,全价：124.327 最后更新：14:59:57,,,,1,{'M': ''},0,0,N,,,buy,buy
2026-07-28 10:05:20,127054,双箭转债,sjzz,125.014,-0.66,002381,双箭股份,sjgf,5.06,1.2,0.96,6.96,72.7,0,71.96,196.97,220602,基础化工,szmb,C,2022-03-15,[],0,0,buy,AA,,4.872,9.048,31.5,buy,2028-02-11,1.543,5.136,1644.28,2113.58,2.55,-5.98,,0,15:34:33,00,Y,N,0,0,Y,,2022-08-17 开始转股,计算使用1.6年期 评级为AA 债参考YTM：1.6550,N,5.136,全价：125.014 最后更新：15:34:33,,,,1,[],0,0,N,,,buy,buy
2026-07-28 10:05:20,123195,蓝晓转02,lxz02,175.856,-2.22,300487,蓝晓科技,lxkj,60.34,-5.02,6.68,59.21,101.91,0,72.56,248.42,220504,基础化工,szcy,C,2023-05-08,[],0,0,buy,A+,,41.447,76.973,2.9,buy,2029-04-17,2.723,5.458,12003.58,48134.17,12.57,-13.5,,0,15:33:57,00,Y,N,0,0,Y,,2023-10-23 开始转股,计算使用2.8年期 评级为A+ 债参考YTM：4.5611,N,5.461,全价：175.856 最后更新：15:33:57,,,,0,{'M': ''},0,0,N,,,buy,buy
2026-07-28 10:05:20,113636,甬金转债,yjzz,129.109,-0.51,603995,甬金股份,yjgf,19.55,-0.31,1.18,26.22,74.56,0,73.16,202.27,230501,钢铁,shmb,C,2021-12-31,[],0,0,buy,AA-,,18.354,34.086,14.1,buy,2027-12-13,1.378,9.995,3581.66,5346.85,2.77,-6.71,,0,14:59:49,00,Y,N,1,1,Y,转股价下修1次，成功下修1次,2022-06-17 开始转股,计算使用1.4年期 评级为AA- 债参考YTM：1.9243,N,10.0,全价：129.109 最后更新：14:59:49,,,,1,{'M': ''},0,0,N,,,buy,buy
2026-07-28 10:05:20,127069,小熊转债,xxzz,131.765,0.01,002959,小熊电器,xxdq,33.23,1.28,1.65,43.71,76.02,0,73.32,205.09,330301,家用电器,szmb,C,2022-09-07,[],0,0,buy,AA-,,30.597,56.823,10.9,buy,2028-08-12,2.044,5.041,1980.71,2933.68,2.97,-4.94,,0,15:34:42,00,Y,N,1,1,Y,转股价下修1次，成功下修1次,2023-02-20 开始转股,计算使用2.1年期 评级为AA- 债参考YTM：2.0432,N,5.36,全价：131.765 最后更新：15:34:42,,,,0,{'M': ''},0,0,N,,,buy,buy
2026-07-28 10:05:20,110101,宝钛转债,btzz,150.147,-0.56,600456,宝钛股份,btgf,26.81,-1.03,1.77,30.98,86.54,155,73.5,223.65,240504,有色金属,shmb,C,2026-07-16,[],0,0,buy,AAA,,21.686,40.274,27.3,buy,2032-06-23,5.91,35.0,18233.15,10183.29,3.47,-5.25,,0,14:59:58,00,Y,N,0,0,Y,,未到转股期；2026-12-30 开始转股,计算使用6.0年期 评级为AAA 债参考YTM：1.8173,N,35.0,全价：150.147 最后更新：14:59:58,,,,0,{'M': ''},0,0,N,,,buy,buy
2026-07-28 10:05:20,113680,丽岛转债,ldzz,134.248,-0.2,603937,丽岛新材,ldxc,9.98,1.42,1.32,12.91,77.3,0,73.66,207.91,240301,有色金属,shmb,C,2023-12-05,[],0,0,buy,A+,,9.037,16.783,14.4,buy,2029-11-15,3.304,2.998,3304.72,5029.52,8.21,-3.34,,0,14:59:49,00,Y,N,0,0,Y,,2024-05-21 开始转股,计算使用3.4年期 评级为A+ 债参考YTM：4.6895,N,3.0,全价：134.248 最后更新：14:59:49,,,,0,[],0,0,N,,,buy,buy
2026-07-28 10:05:20,118061,茂莱转债,mlzz,187.463,-5.97,688502,茂莱光学,mlgx,392.0,2.68,16.46,364.15,107.65,0,74.14,261.6,270303,电子,shkc,C,2025-12-10,[],0,0,buy,A+,,254.905,473.395,2.7,buy,2031-11-21,5.321,5.622,368635.49,194132.44,310.49,-8.47,,0,15:00:00,00,Y,N,0,0,Y,,2026-05-27 开始转股,计算使用5.4年期 评级为A+ 债参考YTM：5.1327,N,5.625,全价：187.463 最后更新：15:00:00,,,,0,"{'G': '本次（2026年5月28日至2026年7月3日）不提前赎回，以2026年10月4日首个交易日重新计算', 'M': ''}",0,0,N,,,buy,buy
2026-07-28 10:05:20,123216,科顺转债,kszz,126.844,0.09,300737,科顺股份,ksgf,4.81,0.42,1.32,6.61,72.77,0,74.31,201.15,610304,建筑材料,szcy,C,2023-08-23,[],0,0,buy,AA-,,4.627,8.593,51.5,buy,2029-08-04,3.022,21.959,5861.51,11126.35,2.1,-2.05,,0,15:34:15,00,Y,N,2,1,Y,转股价下修2次，成功下修1次,2024-02-19 开始转股,计算使用3.1年期 评级为AA- 债参考YTM：2.2854,N,21.98,全价：126.844 最后更新：15:34:15,,,,0,{'M': ''},0,0,N,,,buy,buy
2026-07-28 10:05:20,127112,尚太转债,stzz,152.1,-4.16,001301,尚太科技,stkj,52.3,-4.6,2.65,60.02,87.14,0,74.55,226.65,630702,电力设备,szmb,C,2026-02-05,[],0,0,buy,AA+,,42.014,78.026,12.7,buy,2032-01-16,5.474,17.34,8072.87,40387.53,3.01,-5.59,,0,15:34:09,00,Y,N,0,0,Y,,2026-07-22 开始转股,计算使用5.5年期 评级为AA+ 债参考YTM：1.8864,N,17.34,全价：152.100 最后更新：15:34:09,,,,0,{'M': ''},0,0,N,,,buy,buy
2026-07-28 10:05:20,111020,合顺转债,hszz,136.002,0.77,605166,聚合顺,jhs,8.15,2.0,1.28,10.53,77.4,0,75.72,211.72,220406,基础化工,shmb,C,2024-08-15,[],0,0,buy,AA-,,7.371,13.689,13.2,buy,2030-07-22,3.986,3.38,4848.41,2901.27,10.53,-3.28,,0,14:59:49,00,Y,N,0,0,Y,,2025-01-27 开始转股,计算使用4.0年期 评级为AA- 债参考YTM：2.4113,N,3.38,全价：136.002 最后更新：14:59:49,,,,0,[],0,0,N,,,buy,buy
2026-07-28 10:05:20,111021,奥锐转债,arzz,135.706,-1.09,605116,奥锐特,art,18.99,-0.63,2.84,24.6,77.2,0,75.8,211.51,370101,医药生物,shmb,C,2024-08-15,[],0,0,buy,AA-,,17.22,31.98,10.5,buy,2030-07-26,3.997,8.121,4554.42,3085.9,4.12,-3.22,,0,14:59:49,00,Y,N,0,0,Y,,2025-02-05 开始转股,计算使用4.0年期 评级为AA- 债参考YTM：2.4113,N,8.121,全价：135.706 最后更新：14:59:49,,,,0,[],0,0,N,,,buy,buy
2026-07-28 10:05:20,123189,晓鸣转债,xmzz,133.706,0.09,300967,晓鸣股份,xmgf,14.48,2.48,3.46,19.09,75.85,0,76.27,209.98,110703,农林牧渔,szcy,C,2023-04-25,[],0,0,buy,A,,13.363,24.817,18.2,buy,2029-04-06,2.693,3.286,2953.45,5941.24,6.7,-4.84,,0,15:34:09,00,Y,N,1,0,Y,转股价下修1次，成功下修0次,2023-10-12 开始转股,计算使用2.7年期 评级为A 债参考YTM：6.8836,Y,3.29,全价：133.706 最后更新：15:34:09,,,"按下调到底估算
股东大会：2026-07-30
预估转股价：15.26
预估转股价值：94.89
期权价值：30.85
理论价值：129.27
理论偏离度：3.32%",0,{'M': ''},0,0,N,,,buy,buy
2026-07-28 10:05:20,127059,永东转2,ydz2,130.0,-0.27,002753,永东股份,ydgf,5.97,1.02,0.96,8.11,73.61,0,76.6,206.6,220603,基础化工,szmb,C,2022-05-16,[],0,0,buy,AA-,,5.677,10.543,21.5,buy,2028-04-08,1.699,3.79,2918.12,1606.28,5.92,-6.08,,0,15:34:45,00,Y,N,0,0,Y,,2022-10-14 开始转股,计算使用1.7年期 评级为AA- 债参考YTM：1.9751,N,3.8,全价：130.000 最后更新：15:34:45,,,,1,[],0,0,N,,,buy,buy
2026-07-28 10:05:20,110090,爱迪转债,adzz,132.133,-0.36,600933,爱柯迪,akd,12.78,-0.47,1.33,17.15,74.52,0,77.31,209.44,280203,汽车,shmb,C,2022-10-28,[],0,0,buy,AA,,12.005,22.295,12.5,buy,2028-09-23,2.159,15.695,4203.83,14075.99,2.03,-7.18,,0,14:59:56,00,Y,N,0,0,Y,,2023-03-29 开始转股,计算使用2.2年期 评级为AA 债参考YTM：1.7115,N,15.7,全价：132.133 最后更新：14:59:56,,,,0,{'M': ''},0,0,N,,,buy,buy
2026-07-28 10:05:20,123124,晶瑞转2,jrz2,139.102,2.23,300655,晶瑞电材,jrdc,12.43,1.55,5.24,15.88,78.28,0,77.71,216.81,270601,电子,szcy,C,2021-09-07,[],0,0,buy,A+,,11.116,20.644,3.7,buy,2027-08-16,1.052,5.224,56591.92,137495.69,77.32,-21.09,,1,15:34:42,00,Y,N,0,0,Y,,2022-02-21 开始转股,计算使用1.1年期 评级为A+ 债参考YTM：4.2136,N,5.23,全价：139.102 最后更新：15:34:42,,,,1,{'M': ''},0,0,N,,23年6月前不下修,buy,buy
2026-07-28 10:05:20,113674,华设转债,hszz,131.25,-0.09,603018,华设集团,hsjt,5.13,0.79,0.77,6.95,73.81,0,77.81,209.06,620601,建筑装饰,shmb,C,2023-08-15,[],0,0,buy,AA,,4.865,9.035,9.5,buy,2029-07-21,2.984,3.999,2922.84,3676.51,5.56,-4.31,,0,14:59:49,00,Y,N,0,0,Y,,2024-01-29 开始转股,计算使用3.0年期 评级为AA 债参考YTM：1.7534,N,4.0,全价：131.250 最后更新：14:59:49,,,,0,{'M': ''},0,0,N,,,buy,buy
2026-07-28 10:05:20,127102,浙建转债,zjzz,123.3,-0.44,002761,浙江建投,zjjt,7.05,0.43,0.88,10.17,69.32,0,77.87,201.17,620101,建筑装饰,szmb,C,2024-01-16,[],0,0,buy,AA+,,7.119,13.221,13.0,buy,2029-12-25,3.414,9.951,2932.34,5774.64,2.39,-2.85,,0,15:34:51,00,Y,N,0,0,Y,,2024-07-01 开始转股,计算使用3.5年期 评级为AA+ 债参考YTM：1.7223,N,10.0,全价：123.300 最后更新：15:34:51,,,,0,{'M': ''},0,0,N,,,buy,buy
2026-07-28 10:05:20,110086,精工转债,jgzz,126.011,-0.67,600496,精工钢构,jggg,3.23,0.62,0.68,4.57,70.68,0,78.29,204.3,620401,建筑装饰,shmb,C,2022-05-23,[],0,0,buy,AA,,3.199,5.941,31.1,buy,2028-04-22,1.737,19.999,3582.3,4982.4,1.42,-5.76,,0,14:59:48,00,Y,N,0,0,Y,,2022-10-28 开始转股,计算使用1.8年期 评级为AA 债参考YTM：1.6758,N,20.0,全价：126.011 最后更新：14:59:48,,,,1,{'M': ''},0,0,N,,,buy,buy
2026-07-28 10:05:20,113694,清源转债,qyzz,126.497,-0.28,603628,清源股份,qygf,9.09,0.66,1.87,12.85,70.74,0,78.82,205.32,630504,电力设备,shmb,C,2025-04-25,[],0,0,buy,A+,,8.995,16.705,20.2,buy,2031-04-08,4.699,4.999,1265.43,2004.8,2.0,-1.37,,0,14:58:26,00,Y,N,0,0,Y,,2025-10-14 开始转股,计算使用4.7年期 评级为A+ 债参考YTM：4.8262,N,5.0,全价：126.497 最后更新：14:58:26,,,,0,{'M': ''},0,0,N,,,buy,buy
2026-07-28 10:05:20,113692,保隆转债,blzz,129.618,-0.4,603197,保隆科技,blkj,28.3,1.07,1.85,39.16,72.27,0,79.36,208.98,280205,汽车,shmb,C,2024-11-27,[],0,0,buy,AA,,27.412,50.908,23.3,buy,2030-10-31,4.263,13.897,5944.35,9429.43,3.3,-3.13,,0,14:59:49,00,Y,N,0,0,Y,,2025-05-06 开始转股,计算使用4.3年期 评级为AA 债参考YTM：1.9323,N,13.9,全价：129.618 最后更新：14:59:49,,,,0,{'M': ''},0,0,N,,,buy,buy
2026-07-28 10:05:20,127049,希望转2,xwz2,116.257,-0.48,000876,新希望,xxw,6.86,0.44,1.41,10.59,64.78,0,79.47,195.73,110402,农林牧渔,szmb,C,2021-11-29,[],0,0,buy,AAA,,7.413,13.767,26.4,buy,2027-11-02,1.266,81.434,7084.33,12215.49,0.75,-5.31,,0,15:34:39,00,Y,N,1,1,Y,转股价下修1次，成功下修1次,2022-05-09 开始转股,计算使用1.3年期 评级为AAA 债参考YTM：1.5541,N,81.5,全价：116.257 最后更新：15:34:39,,,,1,{'M': ''},0,0,N,,,buy,buy
2026-07-28 10:05:20,118037,上声转债,sszz,128.38,-0.74,688533,上声电子,ssdz,20.38,0.2,1.85,28.64,71.16,0,80.41,208.79,280206,汽车,shkc,C,2023-08-01,[],0,0,buy,A+,,20.048,37.232,13.9,buy,2029-07-06,2.943,4.679,1961.91,1292.77,3.25,-3.85,,0,14:59:49,00,Y,N,2,1,Y,转股价下修2次，成功下修1次,2024-01-12 开始转股,计算使用3.0年期 评级为A+ 债参考YTM：4.6134,N,5.2,全价：128.380 最后更新：14:59:49,,,,0,{'M': ''},0,0,N,,,buy,buy
2026-07-28 10:05:20,118034,晶能转债,jnzz,118.24,-0.43,688223,晶科能源,jkny,4.14,-0.48,1.65,6.35,65.2,0,81.36,199.6,630502,电力设备,shkc,C,2023-05-19,[],0,0,buy,AA+,,4.445,7.62,19.6,buy,2029-04-20,2.732,83.22,9957.53,30795.6,1.01,-2.23,,0,14:58:53,00,Y,N,1,1,Y,转股价下修1次，成功下修1次,2023-10-26 开始转股,计算使用2.8年期 评级为AA+ 债参考YTM：1.6746,N,100.0,全价：118.240 最后更新：14:58:53,,,,0,{'M': ''},0,0,N,120%,,buy,buy
2026-07-28 10:05:20,123214,东宝转债,dbzz,128.263,-0.21,300239,东宝生物,dbsw,4.67,-0.21,1.59,6.62,70.54,0,81.82,210.08,370304,医药生物,szcy,C,2023-08-18,[],0,0,buy,A+,,4.634,8.606,16.5,buy,2029-07-31,3.011,4.549,1663.64,2853.89,2.84,-2.94,,0,15:34:00,00,Y,N,0,0,Y,,2024-02-05 开始转股,计算使用3.1年期 评级为A+ 债参考YTM：4.6364,N,4.55,全价：128.263 最后更新：15:34:00,,,,0,[],0,0,N,,,buy,buy
2026-07-28 10:05:20,113682,益丰转债,yfzz,130.668,-0.1,603939,益丰药房,yfyf,22.47,1.49,2.25,31.44,71.47,0,82.83,213.5,370403,医药生物,shmb,C,2024-03-27,[],0,0,buy,AA,,22.008,40.872,6.6,buy,2030-03-04,3.603,17.968,3377.2,17542.41,1.44,-3.71,,0,14:59:49,00,Y,N,0,0,Y,,2024-09-09 开始转股,计算使用3.7年期 评级为AA 债参考YTM：1.8512,N,17.97,全价：130.668 最后更新：14:59:49,,,,0,{'M': ''},0,0,N,,,buy,buy
2026-07-28 10:05:20,123253,永贵转债,ygzz,136.1,-1.66,300351,永贵电器,ygdq,13.5,-0.88,2.12,18.19,74.22,0,83.38,219.48,640501,机械设备,szcy,C,2025-03-28,[],0,0,buy,AA-,,12.733,23.647,27.6,buy,2031-03-13,4.627,9.798,6125.48,15469.87,4.57,-3.16,,0,15:34:09,00,Y,N,0,0,Y,,2025-09-19 开始转股,计算使用4.7年期 评级为AA- 债参考YTM：2.4719,N,9.8,全价：136.100 最后更新：15:34:09,,,,0,{'M': ''},0,0,N,,,buy,buy
2026-07-28 10:05:20,118059,颀中转债,qzzz,181.656,-7.72,688352,颀中科技,qzkj,13.52,-4.72,2.76,13.7,98.69,0,84.07,265.73,270107,电子,shkc,C,2025-11-21,[],0,0,buy,AA+,,9.59,17.81,17.2,buy,2031-11-03,5.271,8.499,30264.82,36668.37,18.91,-8.81,,0,14:59:59,00,Y,N,0,0,Y,,2026-05-07 开始转股,计算使用5.3年期 评级为AA+ 债参考YTM：1.8599,N,8.5,全价：181.656 最后更新：14:59:59,,,,0,"{'G': '本次（2026年5月26日至2026年6月17日）不提前赎回，以2026年12月18日为首个交易日重新计算', 'M': ''}",0,0,N,,,buy,buy
2026-07-28 10:05:20,127111,金威转债,jwzz,128.8,-0.15,002626,金达威,jdw,13.41,-0.37,1.82,19.19,69.88,0,84.32,213.12,340407,食品饮料,szmb,C,2025-09-08,[],0,0,buy,AA,,13.433,24.947,15.8,buy,2031-08-20,5.066,12.924,2945.05,3969.62,1.78,-2.5,,0,15:33:54,00,Y,N,0,0,Y,,2026-02-26 开始转股,计算使用5.1年期 评级为AA 债参考YTM：1.9712,N,12.924,全价：128.800 最后更新：15:33:54,,,,0,{'M': ''},0,0,N,,,buy,buy
2026-07-28 10:05:20,113627,太平转债,tpzz,118.951,0.39,603877,太平鸟,tpn,13.27,5.07,1.35,20.58,64.48,0,84.48,203.43,350209,纺织服饰,shmb,C,2021-08-06,[],0,0,buy,AA,,14.406,26.754,12.8,buy,2027-07-15,0.964,7.997,4965.71,5005.32,5.2,-7.83,,0,14:59:56,00,Y,N,1,1,Y,转股价下修1次，成功下修1次,2022-01-21 开始转股,计算使用1.0年期 评级为AA 债参考YTM：1.6024,N,8.0,全价：118.951 最后更新：14:59:56,,,,1,{'M': ''},0,0,N,,,buy,buy
2026-07-28 10:05:20,123155,中陆转债,zlzz,130.288,0.25,301040,中环海陆,zhhl,22.42,1.77,2.89,31.76,70.59,0,84.56,214.85,630602,电力设备,szcy,C,2022-08-31,[],0,0,buy,A+,,22.232,41.288,17.0,buy,2028-08-12,2.044,3.6,4238.37,6344.56,9.01,-4.33,,0,15:34:48,00,Y,N,0,0,Y,,2023-02-20 开始转股,计算使用2.1年期 评级为A+ 债参考YTM：4.3834,N,3.6,全价：130.288 最后更新：15:34:48,,,,0,{'M': ''},0,0,N,,,buy,buy
2026-07-28 10:05:20,113705,豪26转债,h26zz,147.79,-0.89,603809,豪能股份,hngf,8.6,0.82,2.1,10.74,80.07,147,84.57,232.36,280203,汽车,shmb,C,2026-07-10,[],0,0,buy,AA-,,6.444,13.962,22.7,buy,2032-06-14,5.885,18.0,15871.0,8084.92,5.89,-4.41,,0,14:59:58,00,Y,N,0,0,Y,,未到转股期；2026-12-22 开始转股,计算使用5.9年期 评级为AA- 债参考YTM：3.3406,N,18.0,全价：147.790 最后更新：14:59:58,,,,0,{'M': ''},0,0,N,,,buy,buy
2026-07-28 10:05:20,111004,明新转债,mxzz,129.226,1.47,605068,明新旭腾,mxxt,17.02,10.02,1.64,24.37,69.84,0,85.03,214.26,280202,汽车,shmb,C,2022-04-25,[],0,0,buy,AA-,,17.059,31.681,24.3,buy,2028-03-30,1.674,6.715,15485.93,8234.54,17.87,-5.6,,0,14:59:59,00,Y,N,0,0,Y,,2022-10-10 开始转股,计算使用1.7年期 评级为AA- 债参考YTM：1.9751,N,6.73,全价：129.226 最后更新：14:59:59,,,,1,[],0,0,N,,,buy,buy
2026-07-28 10:05:20,123223,九典转02,jdz02,134.06,-0.29,300705,九典制药,jdzy,10.53,0.1,1.96,14.55,72.37,0,85.24,219.3,370102,医药生物,szcy,C,2023-10-13,[],0,0,buy,A+,,10.185,18.915,5.3,buy,2029-09-15,3.137,2.053,1181.1,4607.84,4.28,-4.08,,0,15:34:15,00,Y,N,0,0,Y,,2024-03-21 开始转股,计算使用3.2年期 评级为A+ 债参考YTM：4.6565,N,3.6,全价：134.060 最后更新：15:34:15,,,,0,[],0,0,N,,,buy,buy
2026-07-28 10:05:20,110100,龙建转债,ljzz,126.18,-0.49,600853,龙建股份,ljgf,3.12,0.32,0.76,4.59,67.97,0,85.63,211.81,620306,建筑装饰,shmb,C,2026-02-12,[],0,0,buy,AA,,3.213,5.967,31.6,buy,2032-01-22,5.49,10.0,4119.38,2039.67,3.25,-1.93,,0,14:58:56,00,Y,N,0,0,Y,,2026-07-28 开始转股,计算使用5.5年期 评级为AA 债参考YTM：2.0577,N,10.0,全价：126.180 最后更新：14:58:56,,,,0,[],0,0,N,,,buy,buy
2026-07-28 10:05:20,127083,山路转债,slzz,122.995,-0.42,000498,山东路桥,sdlq,4.9,-1.41,0.28,7.42,66.04,0,86.25,209.25,620306,建筑装饰,szmb,C,2023-04-26,[],0,0,buy,AAA,,5.194,9.646,68.1,buy,2029-03-24,2.658,48.359,3899.71,8597.08,0.65,-3.75,,0,15:34:48,00,Y,N,0,0,Y,,2023-10-09 开始转股,计算使用2.7年期 评级为AAA 债参考YTM：1.6209,N,48.36,全价：122.995 最后更新：15:34:48,,,,0,{'M': ''},0,0,N,,,buy,buy
2026-07-28 10:05:20,123252,银邦转债,ybzz,135.2,-1.22,300337,银邦股份,ybgf,9.03,-0.88,4.14,12.5,72.24,0,87.15,222.35,240301,有色金属,szcy,C,2025-01-24,[],0,0,buy,AA-,,8.75,16.25,12.2,buy,2031-01-06,4.447,7.846,4855.32,12634.4,4.56,-3.14,,0,15:34:18,00,Y,N,0,0,Y,,2025-07-14 开始转股,计算使用4.5年期 评级为AA- 债参考YTM：2.4600,N,7.85,全价：135.200 最后更新：15:34:18,,,,0,{'M': ''},0,0,N,,,buy,buy
2026-07-28 10:05:20,113698,凯众转债,kzzz,138.93,0.17,603037,凯众股份,kzgf,9.27,0.65,2.41,12.55,73.87,0,88.09,227.02,280203,汽车,shmb,C,2025-09-10,[],0,0,buy,AA-,,8.785,16.315,12.5,buy,2031-08-15,5.052,3.079,2683.22,3379.47,6.28,-3.94,,0,14:59:51,00,Y,N,0,0,Y,,2026-02-24 开始转股,计算使用5.1年期 评级为AA- 债参考YTM：2.5201,N,3.08,全价：138.930 最后更新：14:59:51,,,,0,[],0,0,N,,,buy,buy
2026-07-28 10:05:20,113696,伯25转债,b25zz,132.198,0.08,603596,伯特利,btl,24.62,1.15,2.68,35.16,70.02,0,88.79,220.99,280203,汽车,shmb,C,2025-07-28,[],0,0,buy,AA,,24.612,45.708,12.7,buy,2031-07-01,4.929,28.017,6034.95,30738.62,1.63,-3.1,,0,14:59:43,00,Y,N,0,0,Y,,2026-01-07 开始转股,计算使用5.0年期 评级为AA 债参考YTM：1.9618,N,28.02,全价：132.198 最后更新：14:59:43,,,,0,{'M': ''},0,0,N,,,buy,buy
2026-07-28 10:05:20,113706,金帝转债,jdzz,146.738,-1.51,603270,金帝股份,jdgf,23.77,-0.21,2.27,30.62,77.63,147,89.02,235.76,640108,机械设备,shmb,C,2026-07-10,[],0,0,buy,AA,,21.434,39.806,57.7,buy,2032-06-14,5.885,9.7,12880.8,8152.65,8.97,-3.58,,0,14:59:59,00,Y,N,0,0,Y,,未到转股期；2026-12-22 开始转股,计算使用5.9年期 评级为AA 债参考YTM：2.1722,N,9.7,全价：146.738 最后更新：14:59:59,,,,0,{'M': ''},0,0,N,,,buy,buy
2026-07-28 10:05:20,113665,汇通转债,htzz,124.315,-0.12,603176,汇通集团,htjt,4.13,0.98,1.74,6.28,65.76,0,89.03,213.35,620306,建筑装饰,shmb,C,2023-01-11,[],0,0,buy,A+,,4.396,8.164,18.9,buy,2028-12-15,2.386,3.596,2716.9,1686.98,6.09,-2.03,,0,14:59:29,00,Y,N,1,1,Y,转股价下修1次，成功下修1次,2023-06-21 开始转股,计算使用2.4年期 评级为A+ 债参考YTM：4.4524,N,3.6,全价：124.315 最后更新：14:59:29,,,,0,[],0,0,N,,,buy,buy
2026-07-28 10:05:20,123259,锦浪转02,jlz02,158.344,-2.14,300763,锦浪科技,jlkj,60.56,-5.06,2.65,72.35,83.7,0,89.17,247.51,630503,电力设备,szcy,C,2025-11-06,[],0,0,buy,AA,,50.645,94.055,8.6,buy,2031-10-17,5.225,16.763,9112.64,72883.88,3.44,-6.12,,0,15:34:12,00,Y,N,1,1,Y,转股价下修1次，成功下修1次,2026-04-23 开始转股,计算使用5.3年期 评级为AA 债参考YTM：2.0067,N,16.766,全价：158.344 最后更新：15:34:12,,,,0,"{'G': '本次（2026年4月23日至2026年5月20日）不提前赎回，以2027年5月21日为首个交易日重新计算', 'M': ''}",0,0,N,,,buy,buy
2026-07-28 10:05:20,110095,双良转债,slzz,120.199,-0.41,600481,双良节能,sljn,3.91,-0.76,1.82,6.18,63.27,0,89.98,210.18,630501,电力设备,shmb,C,2023-09-08,[],0,0,buy,AA-,,4.326,8.034,17.4,buy,2029-08-08,3.033,14.006,4638.85,14160.8,2.74,-1.68,,0,14:59:48,00,Y,N,2,2,Y,转股价下修2次，成功下修2次,2024-02-19 开始转股,计算使用3.1年期 评级为AA- 债参考YTM：2.2854,N,26.0,全价：120.199 最后更新：14:59:48,,,,0,{'M': ''},0,0,N,,,buy,buy
2026-07-28 10:05:20,111003,聚合转债,jhzz,137.179,0.78,605166,聚合顺,jhs,8.15,2.0,1.28,11.31,72.06,0,90.37,227.55,220406,基础化工,shmb,C,2022-04-19,[],0,0,buy,AA-,,7.917,14.703,7.9,buy,2028-03-07,1.611,2.035,8210.03,2901.27,29.3,-9.29,,0,14:59:55,00,Y,N,2,1,Y,转股价下修2次，成功下修1次,2022-09-13 开始转股,计算使用1.7年期 评级为AA- 债参考YTM：1.9751,Y,2.04,全价：137.179 最后更新：14:59:55,,,"按下调到底估算
股东大会：2026-08-12
预估转股价：8.61
预估转股价值：94.66
期权价值：18.20
理论价值：132.11
理论偏离度：3.70%",1,[],0,0,N,,,buy,buy
2026-07-28 10:05:20,123269,金杨转债,jyzz,148.51,-2.62,301210,金杨精密,jygf,21.8,-1.58,1.87,28.24,77.2,90,92.38,240.89,630701,电力设备,szcy,C,2026-05-11,[],0,0,buy,AA-,,19.768,36.712,73.9,buy,2032-04-19,5.732,9.8,6840.97,7434.88,4.67,-4.6,,0,15:34:15,00,Y,N,0,0,Y,,未到转股期；2026-10-26 开始转股,计算使用5.8年期 评级为AA- 债参考YTM：3.2551,N,9.8,全价：148.510 最后更新：15:34:15,,,,0,{'M': ''},0,0,N,,,buy,buy
2026-07-28 10:05:20,118036,力合转债,lhzz,131.87,-1.13,688589,力合微,lhw,16.25,-2.46,2.26,23.83,68.19,0,93.38,225.25,270104,电子,shkc,C,2023-07-20,[],0,0,buy,AA-,,16.681,30.979,16.1,buy,2029-06-28,2.921,3.8,2279.8,4260.94,4.52,-3.65,,0,14:59:57,00,Y,N,1,1,Y,转股价下修1次，成功下修1次,2024-01-04 开始转股,计算使用3.0年期 评级为AA- 债参考YTM：2.2634,N,3.8,全价：131.870 最后更新：14:59:57,,,,0,{'M': ''},0,0,N,,,buy,buy
2026-07-28 10:05:20,111018,华康转债,hkzz,126.189,0.22,605077,华康股份,hkgf,10.4,1.27,0.97,15.96,65.16,0,93.65,219.84,220315,基础化工,shmb,C,2024-01-15,[],0,0,buy,AA-,,11.172,20.748,41.8,buy,2029-12-25,3.414,13.022,3283.49,3719.52,2.0,-1.66,,0,14:59:47,00,Y,N,0,0,Y,,2024-07-01 开始转股,计算使用3.5年期 评级为AA- 债参考YTM：2.3486,N,13.03,全价：126.189 最后更新：14:59:47,,,,0,[],0,0,N,,,buy,buy
2026-07-28 10:05:20,123224,宇邦转债,ybzz,131.449,-0.42,301266,宇邦新材,ybxc,19.06,-0.52,1.46,28.17,67.66,0,94.28,225.73,630504,电力设备,szcy,C,2023-10-18,[],0,0,buy,A+,,19.719,36.621,11.0,buy,2029-09-19,3.148,2.848,1807.32,4121.24,4.82,-2.99,,0,15:34:03,00,Y,N,1,1,Y,转股价下修1次，成功下修1次,2024-03-25 开始转股,计算使用3.2年期 评级为A+ 债参考YTM：4.6565,N,5.0,全价：131.449 最后更新：15:34:03,,,,0,{'M': ''},0,0,N,,,buy,buy
2026-07-28 10:05:20,123272,中汽转债,zqzz,166.0,1.08,301215,中汽股份,zqgf,5.08,0.2,2.27,5.99,84.81,142,95.74,261.74,280303,汽车,szcy,C,2026-06-30,[],0,0,buy,AA+,,4.193,7.787,15.5,buy,2032-06-10,5.874,10.39,61936.9,4246.2,35.54,-6.49,,0,15:34:33,00,Y,N,0,0,Y,,未到转股期；2026-12-17 开始转股,计算使用5.9年期 评级为AA+ 债参考YTM：1.9442,N,10.39,全价：166.000 最后更新：15:34:33,,,,0,{'M': ''},0,0,N,,,buy,buy
2026-07-28 10:05:20,123220,易瑞转债,yrzz,129.65,-0.95,300942,易瑞生物,yrsw,5.86,-0.85,2.66,8.85,66.22,0,95.8,225.45,370504,医药生物,szcy,C,2023-09-06,[],0,0,buy,A+,,6.195,11.505,12.2,buy,2029-08-18,3.06,2.907,1835.51,2632.85,4.84,-2.84,,0,15:34:18,00,Y,N,1,1,Y,转股价下修1次，成功下修1次,2024-02-26 开始转股,计算使用3.1年期 评级为A+ 债参考YTM：4.6364,N,3.28,全价：129.650 最后更新：15:34:18,,,,0,{'M': ''},0,0,N,,,buy,buy
2026-07-28 10:05:20,123215,铭利转债,mlzz,125.9,-0.24,301268,铭利达,mld,12.33,0.08,3.13,19.19,64.25,0,95.95,221.85,640108,机械设备,szcy,C,2023-08-23,[],0,0,buy,A+,,13.433,24.947,19.1,buy,2029-08-03,3.019,8.555,2139.31,4094.03,1.99,-0.92,,0,15:34:12,00,Y,N,1,1,Y,转股价下修1次，成功下修1次,2024-02-19 开始转股,计算使用3.1年期 评级为A+ 债参考YTM：4.6364,N,10.0,全价：125.900 最后更新：15:34:12,,,,0,{'M': ''},0,0,N,,,buy,buy
2026-07-28 10:05:20,127038,国微转债,gwzz,129.15,-0.72,002049,紫光国微,zggw,63.82,-3.3,3.82,97.01,65.79,0,96.32,225.47,270104,电子,szmb,C,2021-07-14,[],0,0,buy,AA+,,67.907,126.113,2.8,buy,2027-06-10,0.869,14.915,7204.76,124470.17,3.72,-17.13,,0,15:34:30,00,Y,N,0,0,Y,,2021-12-17 开始转股,计算使用0.9年期 评级为AA+ 债参考YTM：1.5566,N,15.0,全价：129.150 最后更新：15:34:30,,,,1,{'M': ''},0,0,N,,,buy,buy
2026-07-28 10:05:20,123268,本川转债,bczz,178.0,-6.89,300964,本川智能,bczn,48.88,-5.73,5.12,54.13,90.3,87,97.12,275.12,270202,电子,szcy,C,2026-05-07,[],0,0,buy,AA-,,37.891,70.369,11.1,buy,2032-04-16,5.723,4.69,19357.61,18556.31,22.73,-6.91,,0,15:34:21,00,Y,N,0,0,Y,,未到转股期；2026-10-23 开始转股,计算使用5.8年期 评级为AA- 债参考YTM：3.2551,N,4.69,全价：178.000 最后更新：15:34:21,,,,0,{'M': ''},0,0,N,,,buy,buy
2026-07-28 10:05:20,118024,冠宇转债,gyzz,127.899,-0.18,688772,珠海冠宇,zhgy,14.52,-0.14,2.18,22.51,64.51,0,98.28,226.18,630701,电力设备,shkc,C,2022-11-17,[],0,0,buy,AA,,15.757,27.012,18.7,buy,2028-10-24,2.244,30.889,7197.94,31375.35,1.82,-4.6,,0,14:59:55,00,Y,N,0,0,Y,,2023-04-28 开始转股,计算使用2.3年期 评级为AA 债参考YTM：1.7180,N,30.89,全价：127.899 最后更新：14:59:55,,,,0,{'M': ''},0,0,N,120%,,buy,buy
2026-07-28 10:05:20,113616,韦尔转债,wezz,114.484,-0.34,603501,豪威集团,hwjt,91.8,-3.68,3.49,159.02,57.73,0,98.31,212.79,270104,电子,shmb,C,2021-01-22,[],0,0,buy,AA+,,111.314,206.726,2.2,buy,2026-12-28,0.419,24.324,5595.04,185077.62,2.0,-9.34,,0,14:59:40,00,Y,N,0,0,Y,,2021-07-05 开始转股,计算使用0.5年期 评级为AA+ 债参考YTM：1.5296,N,24.4,全价：114.484 最后更新：14:59:40,,,,0,{'M': ''},0,0,N,,,buy,buy
2026-07-28 10:05:20,123165,回天转债,htzz,132.337,-1.07,300041,回天新材,htxc,10.03,-1.57,1.78,15.05,66.65,0,98.57,230.91,220316,基础化工,szcy,C,2022-11-15,[],0,0,buy,AA-,,10.535,19.565,15.6,buy,2028-10-27,2.252,8.497,3241.38,19235.35,2.87,-4.88,,0,15:34:51,00,Y,N,0,0,Y,,2023-05-04 开始转股,计算使用2.3年期 评级为AA- 债参考YTM：2.0858,N,8.5,全价：132.337 最后更新：15:34:51,,,,0,{'M': ''},0,0,N,,,buy,buy
2026-07-28 10:05:20,113655,欧22转债,o22zz,123.816,-0.06,603833,欧派家居,opjj,32.12,2.46,1.03,51.54,62.32,0,98.68,222.5,360308,轻工制造,shmb,C,2022-09-01,[],0,0,buy,AA,,36.078,67.002,10.2,buy,2028-08-05,2.025,19.999,4897.06,13295.02,1.98,-3.53,,0,14:58:42,00,Y,N,1,1,Y,转股价下修1次，成功下修1次,2023-02-13 开始转股,计算使用2.1年期 评级为AA 债参考YTM：1.7041,N,20.0,全价：123.816 最后更新：14:58:42,,,,0,{'M': ''},0,0,N,,,buy,buy
2026-07-28 10:05:20,113647,禾丰转债,hfzz,121.272,-1.08,603609,禾丰股份,hfgf,6.1,-0.97,0.83,10.09,60.46,0,100.6,221.87,110402,农林牧渔,shmb,C,2022-05-18,[],0,0,buy,AA,,7.063,13.117,26.6,buy,2028-04-22,1.737,14.669,4236.86,1677.74,2.38,-3.63,,0,14:58:41,00,Y,N,0,0,Y,,2022-10-28 开始转股,计算使用1.8年期 评级为AA 债参考YTM：1.6758,N,15.0,全价：121.272 最后更新：14:58:41,,,,0,{'M': ''},0,0,N,,,buy,buy
2026-07-28 10:05:20,123122,富瀚转债,fhzz,127.093,-1.4,300613,富瀚微,fhw,57.86,-3.24,4.48,91.5,63.24,0,100.99,228.08,270104,电子,szcy,C,2021-08-24,[],0,0,buy,A+,,64.05,118.95,4.6,buy,2027-08-06,1.025,5.801,3799.57,63542.32,5.13,-7.9,,0,15:34:42,00,Y,N,0,0,Y,,2022-02-14 开始转股,计算使用1.1年期 评级为A+ 债参考YTM：4.2136,N,5.812,全价：127.093 最后更新：15:34:42,,,,0,{'M': ''},0,0,N,,,buy,buy
2026-07-28 10:05:20,113634,珀莱转债,plzz,128.494,0.02,603605,珀莱雅,bly,60.26,2.59,3.73,94.27,63.92,0,101.01,229.5,770202,美容护理,shmb,C,2022-01-04,[],0,0,buy,AA,,65.989,122.551,3.1,buy,2027-12-08,1.364,7.507,3668.92,33262.38,3.81,-6.84,,0,14:59:17,00,Y,N,0,0,Y,,2022-06-14 开始转股,计算使用1.4年期 评级为AA 债参考YTM：1.6348,N,7.517,全价：128.494 最后更新：14:59:17,,,,1,{'M': ''},0,0,N,,,buy,buy
2026-07-28 10:05:20,123142,申昊转债,shzz,125.408,-1.73,300853,申昊科技,shkj,20.9,-3.6,4.82,33.71,62.0,0,102.27,227.68,630803,电力设备,szcy,C,2022-04-11,[],0,0,buy,BBB+,,23.597,43.823,23.8,buy,2028-03-18,1.641,5.494,3445.86,8755.95,4.97,-6.55,,0,15:34:45,00,Y,N,0,0,Y,,2022-09-26 开始转股,计算使用1.7年期 评级为BBB+ 债参考YTM：12.1327,N,5.5,全价：125.408 最后更新：15:34:45,,,,1,[],0,0,N,,,buy,buy
2026-07-28 10:05:20,118052,浩瀚转债,hhzz,133.303,-0.35,688292,浩瀚深度,hhsd,15.77,1.81,2.48,24.2,65.17,0,104.56,237.86,710103,计算机,shkc,C,2025-04-07,[],0,0,buy,A+,,16.94,31.46,14.2,buy,2031-03-13,4.627,3.539,2649.78,4402.39,5.59,-2.34,,0,14:59:49,00,Y,N,0,0,Y,,2025-09-19 开始转股,计算使用4.7年期 评级为A+ 债参考YTM：4.8262,N,3.54,全价：133.303 最后更新：14:59:49,,,,0,{'M': ''},0,0,N,,,buy,buy
2026-07-28 10:05:20,118063,金05转债,j05zz,155.798,-2.85,688676,金盘科技,jpkj,67.15,-7.02,5.76,88.6,75.79,0,105.57,261.37,630801,电力设备,shkc,C,2026-01-14,[],0,0,buy,AA+,,62.02,115.18,5.4,buy,2031-12-25,5.414,16.708,7808.69,82195.19,3.0,-6.06,,0,14:59:58,00,Y,N,0,0,Y,,2026-07-01 开始转股,计算使用5.5年期 评级为AA+ 债参考YTM：1.8864,N,16.71,全价：155.798 最后更新：14:59:58,,,,0,{'M': ''},0,0,N,,,buy,buy
2026-07-28 10:05:20,118071,华峰转债,hfzz,218.342,-7.77,688200,华峰测控,hfck,355.9,-7.7,17.04,336.12,105.89,154,106.21,324.55,270108,电子,shkc,C,2026-07-17,[],0,0,buy,AA,,235.284,436.956,1.0,buy,2032-06-22,5.907,7.49,138810.56,217820.75,80.76,-10.58,,0,15:00:00,00,Y,N,0,0,Y,,未到转股期；2026-12-29 开始转股,计算使用6.0年期 评级为AA 债参考YTM：2.1973,N,7.49,全价：218.342 最后更新：15:00:00,,,,0,{'M': ''},0,0,N,,,buy,buy
2026-07-28 10:05:20,127068,顺博转债,sbzz,126.588,-0.09,002996,顺博合金,sbhj,6.07,0.33,1.18,10.0,60.7,0,108.55,235.14,240301,有色金属,szmb,C,2022-09-07,[],0,0,buy,AA-,,7.0,13.0,29.8,buy,2028-08-12,2.044,8.3,1620.58,3597.12,1.54,-6.12,,0,15:34:51,00,Y,N,2,2,Y,转股价下修2次，成功下修2次,2023-02-20 开始转股,计算使用2.1年期 评级为AA- 债参考YTM：2.0432,N,8.3,全价：126.588 最后更新：15:34:51,,,,0,[],0,0,N,,,buy,buy
2026-07-28 10:05:20,113648,巨星转债,jxzz,124.729,-0.41,603477,巨星农牧,jxnm,14.84,0.13,2.82,24.84,59.74,0,108.78,233.51,110702,农林牧渔,shmb,C,2022-05-17,[],0,0,buy,AA-,,17.388,32.292,11.9,buy,2028-04-25,1.745,8.997,1677.49,10921.51,1.49,-5.93,,0,14:59:10,00,Y,N,0,0,Y,,2022-10-31 开始转股,计算使用1.8年期 评级为AA- 债参考YTM：1.9921,N,10.0,全价：124.729 最后更新：14:59:10,,,,0,{'M': ''},0,0,N,,,buy,buy
2026-07-28 10:05:20,123192,科思转债,kszz,127.586,-0.25,300856,科思股份,ksgf,10.57,0.48,1.78,17.32,61.03,0,109.06,236.65,770201,美容护理,szcy,C,2023-05-11,[],0,0,buy,AA-,,12.124,22.516,14.8,buy,2029-04-13,2.712,7.187,1587.74,2952.48,1.73,-2.73,,0,15:34:12,00,Y,N,0,0,Y,,2023-10-19 开始转股,计算使用2.8年期 评级为AA- 债参考YTM：2.2134,N,7.249,全价：127.586 最后更新：15:34:12,,,,0,{'M': ''},0,0,N,,,buy,buy
2026-07-28 10:05:20,123271,通合转债,thzz,155.993,-3.41,300491,通合科技,thkj,24.69,-5.15,3.63,33.18,74.41,133,109.63,265.62,630306,电力设备,szcy,C,2026-06-17,[],0,0,buy,AA,,23.226,43.134,13.4,buy,2032-06-01,5.849,5.219,6798.32,32984.76,8.21,-4.61,,0,15:34:21,00,Y,N,0,0,Y,,未到转股期；2026-12-08 开始转股,计算使用5.9年期 评级为AA 债参考YTM：2.1722,N,5.22,全价：155.993 最后更新：15:34:21,,,,0,[],0,0,N,,,buy,buy
2026-07-28 10:05:20,111024,澳弘转债,ahzz,146.079,-0.59,605058,澳弘电子,ahdz,23.36,-2.67,1.81,33.54,69.65,0,109.74,255.82,270202,电子,shmb,C,2026-01-16,[],0,0,buy,AA-,,23.478,43.602,17.4,buy,2031-12-11,5.375,5.799,2207.9,4508.34,2.6,-4.3,,0,14:59:23,00,Y,N,0,0,Y,,2026-06-17 开始转股,计算使用5.4年期 评级为AA- 债参考YTM：2.7842,N,5.8,全价：146.079 最后更新：14:59:23,,,,0,[],0,0,N,,,buy,buy
2026-07-28 10:05:20,123144,裕兴转债,yxzz,123.4,-0.49,300305,裕兴股份,yxgf,4.95,0.81,0.93,8.5,58.24,0,111.9,235.3,220505,基础化工,szcy,C,2022-04-27,[],0,0,buy,A,,5.95,11.05,37.7,buy,2028-04-11,1.707,5.997,2497.72,2821.05,3.37,-3.11,,0,15:34:48,00,Y,N,1,1,Y,转股价下修1次，成功下修1次,2022-10-17 开始转股,计算使用1.8年期 评级为A 债参考YTM：6.6808,N,6.0,全价：123.400 最后更新：15:34:48,,,,1,[],0,0,N,,,buy,buy
2026-07-28 10:05:20,127085,韵达转债,ydzz,124.3,-0.71,002120,韵达股份,ydgf,6.76,0.6,0.91,11.53,58.63,0,112.01,236.31,420804,交通运输,szmb,C,2023-05-23,[],0,0,buy,AA+,,8.071,14.989,12.9,buy,2029-04-11,2.707,24.499,3852.98,22556.19,1.26,-4.06,,0,15:34:48,00,Y,N,0,0,Y,,2023-10-17 开始转股,计算使用2.8年期 评级为AA+ 债参考YTM：1.6746,N,24.5,全价：124.300 最后更新：15:34:48,,,,0,{'M': ''},0,0,N,,,buy,buy
2026-07-28 10:05:20,118070,南芯转债,nxzz,162.582,-2.01,688484,南芯科技,nxkj,33.6,-5.25,3.44,43.84,76.64,150,112.13,274.71,270105,电子,shkc,C,2026-07-10,[],0,0,buy,AA+,,30.688,56.992,11.0,buy,2032-06-17,5.893,15.869,20664.93,26138.65,7.91,-6.13,,0,15:00:00,00,Y,N,0,0,Y,,未到转股期；2026-12-25 开始转股,计算使用5.9年期 评级为AA+ 债参考YTM：1.9442,N,15.869,全价：162.582 最后更新：15:00:00,,,,0,{'M': ''},0,0,N,,,buy,buy
2026-07-28 10:05:20,123265,耐普转02,npz02,141.052,-1.14,300818,耐普矿机,npkj,19.58,0.2,2.26,29.5,66.37,0,112.51,253.56,640103,机械设备,szcy,C,2026-01-30,[],0,0,buy,A+,,20.65,38.35,16.2,buy,2032-01-16,5.474,4.499,3895.5,12626.47,6.08,-3.12,,0,15:34:30,00,Y,N,0,0,Y,,2026-07-22 开始转股,计算使用5.5年期 评级为A+ 债参考YTM：5.2539,N,4.5,全价：141.052 最后更新：15:34:30,,,,0,[],0,0,N,,,buy,buy
2026-07-28 10:05:20,123168,惠云转债,hyzz,128.326,-1.1,300891,惠云钛业,hyty,6.48,0.31,2.04,10.74,60.34,0,112.69,241.02,220206,基础化工,szcy,C,2022-12-14,[],0,0,buy,AA-,,7.518,13.962,22.7,buy,2028-11-23,2.326,4.899,2783.21,5697.63,4.43,-3.36,,0,15:33:54,00,Y,N,0,0,Y,,2023-05-29 开始转股,计算使用2.4年期 评级为AA- 债参考YTM：2.1098,N,4.9,全价：128.326 最后更新：15:33:54,,,,0,{'M': ''},0,0,N,,,buy,buy
2026-07-28 10:05:20,113656,嘉诚转债,jczz,122.748,-0.48,603535,嘉诚国际,jcgj,5.97,0.67,1.18,10.35,57.68,0,112.8,235.55,420805,交通运输,shmb,C,2022-10-12,[],0,0,buy,A+,,7.245,13.455,26.2,buy,2028-09-01,2.099,7.998,2364.17,2580.75,2.41,-1.7,,0,14:59:52,00,Y,N,0,0,Y,,2023-03-07 开始转股,计算使用2.1年期 评级为A+ 债参考YTM：4.3834,N,8.0,全价：122.748 最后更新：14:59:52,,,,0,[],0,0,N,,,buy,buy
2026-07-28 10:05:20,118065,艾为转债,awzz,142.151,-1.54,688798,艾为电子,awdz,52.8,-4.4,2.86,79.4,66.5,0,113.76,255.91,270105,电子,shkc,C,2026-02-26,[],0,0,buy,AA+,,55.58,103.22,26.5,buy,2032-01-22,5.49,19.01,3937.89,15299.04,1.45,-4.23,,0,15:00:00,00,Y,N,0,0,Y,,2026-07-28 开始转股,计算使用5.5年期 评级为AA+ 债参考YTM：1.8864,N,19.01,全价：142.151 最后更新：15:00:00,,,,0,{'M': ''},0,0,N,,,buy,buy
2026-07-28 10:05:20,118067,上26转债,s26zz,135.181,-0.44,688533,上声电子,ssdz,20.38,0.2,1.85,32.25,63.19,58,113.91,249.09,280206,汽车,shkc,C,2026-04-14,[],0,0,buy,A+,,22.575,41.925,9.7,buy,2032-03-17,5.641,3.25,1977.17,1292.77,4.49,-2.43,,0,14:59:49,00,Y,N,0,0,Y,,未到转股期；2026-09-24 开始转股,计算使用5.7年期 评级为A+ 债参考YTM：5.4980,N,3.25,全价：135.181 最后更新：14:59:49,,,,0,{'M': ''},0,0,N,,,buy,buy
2026-07-28 10:05:20,113666,爱玛转债,amzz,124.455,0.33,603529,爱玛科技,amkj,21.32,1.52,1.8,37.06,57.53,0,116.34,240.8,280401,汽车,shmb,C,2023-03-20,[],0,0,buy,AA,,25.942,48.178,11.1,buy,2029-02-23,2.578,19.994,4743.24,10413.79,1.91,-3.64,,0,14:59:40,00,Y,N,0,0,Y,,2023-09-01 开始转股,计算使用2.6年期 评级为AA 债参考YTM：1.7336,N,20.0,全价：124.455 最后更新：14:59:40,,,,0,{'M': ''},0,0,N,,,buy,buy
2026-07-28 10:05:20,123266,博士转债,bszz,140.101,-0.25,300622,博士眼镜,bsyj,13.92,0.29,4.69,21.54,64.62,58,116.79,256.89,450401,商贸零售,szcy,C,2026-04-07,[],0,0,buy,AA,,15.078,28.002,12.2,buy,2032-03-17,5.641,3.75,3781.27,9974.52,7.17,-3.4,,0,15:34:18,00,Y,N,0,0,Y,,未到转股期；2026-09-24 开始转股,计算使用5.7年期 评级为AA 债参考YTM：2.1156,N,3.75,全价：140.101 最后更新：15:34:18,,,,0,[],0,0,N,,,buy,buy
2026-07-28 10:05:20,113702,斯达转债,sdzz,168.716,-3.58,603290,斯达半导,sdbd,81.4,-4.1,2.8,104.79,77.68,86,117.2,285.92,270102,电子,shmb,C,2026-05-11,[],0,0,buy,AA+,,73.353,136.227,7.7,buy,2032-04-15,5.721,15.0,20163.28,43038.06,7.9,-7.05,,0,14:59:59,00,Y,N,0,0,Y,,未到转股期；2026-10-22 开始转股,计算使用5.8年期 评级为AA+ 债参考YTM：1.9301,N,15.0,全价：168.716 最后更新：14:59:59,,,,0,{'M': ''},0,0,N,,,buy,buy
2026-07-28 10:05:20,113671,武进转债,wjzz,128.722,-0.37,603878,武进不锈,wjbx,4.62,0.43,0.99,7.88,58.63,0,119.55,248.27,230403,钢铁,shmb,C,2023-08-03,[],0,0,buy,AA,,5.516,10.244,11.9,buy,2029-07-10,2.953,3.093,1983.13,5838.76,5.0,-4.29,,0,14:59:36,00,Y,N,0,0,Y,,2024-01-15 开始转股,计算使用3.0年期 评级为AA 债参考YTM：1.7534,N,3.1,全价：128.722 最后更新：14:59:36,,,,0,[],0,0,N,,,buy,buy
2026-07-28 10:05:20,123263,鼎捷转债,djzz,139.5,-0.07,300378,鼎捷数智,djsz,27.54,-0.04,3.18,43.42,63.43,0,119.94,259.44,710402,计算机,szcy,C,2025-12-31,[],0,0,buy,AA,,,56.446,11.1,buy,2031-12-15,5.386,8.275,5855.89,16213.79,5.07,-3.8,,0,15:34:12,00,Y,N,0,0,Y,,2026-06-22 开始转股,计算使用5.4年期 评级为AA 债参考YTM：2.0308,N,8.28,全价：139.500 最后更新：15:34:12,,,,0,{'M': ''},0,0,N,,,buy,buy
2026-07-28 10:05:20,123229,艾录转债,alzz,129.25,-0.03,301062,上海艾录,shal,5.81,1.75,1.84,9.95,58.39,0,121.35,250.6,360205,轻工制造,szcy,C,2023-11-20,[],0,0,buy,A,,6.965,12.935,11.1,buy,2029-10-23,3.241,1.779,963.54,4415.12,4.18,-2.24,,0,15:34:06,00,Y,N,0,0,Y,,2024-04-29 开始转股,计算使用3.3年期 评级为A 债参考YTM：7.0240,N,5.0,全价：129.250 最后更新：15:34:06,,,,0,{'M': ''},0,0,N,,,buy,buy
2026-07-28 10:05:20,113703,翔26转债,x26zz,144.488,0.11,603112,华翔股份,hxgf,14.21,-2.0,1.7,21.94,64.77,139,123.09,267.58,330601,家用电器,shmb,C,2026-07-07,[],0,0,buy,AA-,,15.358,28.522,17.1,buy,2032-06-07,5.866,13.01,9417.67,11269.02,5.01,-3.76,,0,14:59:57,00,Y,N,0,0,Y,,未到转股期；2026-12-14 开始转股,计算使用5.9年期 评级为AA- 债参考YTM：3.3406,N,13.01,全价：144.488 最后更新：14:59:57,,,,0,[],0,0,N,,,buy,buy
2026-07-28 10:05:20,123113,仙乐转债,xlzz,116.499,-0.32,300791,仙乐健康,xljk,16.15,0.75,1.69,31.66,51.01,0,128.38,244.88,340407,食品饮料,szcy,C,2021-05-14,[],0,0,buy,AA-,,22.162,41.158,24.7,buy,2027-04-19,0.726,10.248,1244.83,1282.97,1.04,-4.14,,0,15:34:39,00,Y,N,0,0,Y,,2021-10-25 开始转股,计算使用0.8年期 评级为AA- 债参考YTM：1.8314,N,10.249,全价：116.499 最后更新：15:34:39,,,,1,[],0,0,N,,,buy,buy
2026-07-28 10:05:20,113679,芯能转债,xnzz,127.231,-0.37,603105,芯能科技,xnkj,6.98,0.0,1.53,12.55,55.62,0,128.76,255.99,410106,公用事业,shmb,C,2023-11-24,[],0,0,buy,AA-,,8.785,16.315,25.2,buy,2029-10-26,3.249,8.799,1674.89,4380.12,1.49,-1.95,,0,14:59:17,00,Y,N,0,0,Y,,2024-05-06 开始转股,计算使用3.3年期 评级为AA- 债参考YTM：2.3210,N,8.8,全价：127.231 最后更新：14:59:17,,,,0,{'M': ''},0,0,N,,,buy,buy
2026-07-28 10:05:20,113625,江山转债,jszz,116.065,-0.02,603208,江山欧派,jsop,10.02,2.77,1.68,19.84,50.5,0,129.81,245.88,360308,轻工制造,shmb,C,2021-07-01,[],0,0,buy,A,,13.888,25.792,33.1,buy,2027-06-11,0.871,5.825,2101.93,2385.85,3.11,1.92,,0,14:59:41,00,Y,N,1,1,Y,转股价下修1次，成功下修1次,2021-12-20 开始转股,计算使用0.9年期 评级为A 债参考YTM：6.5436,N,5.83,全价：116.065 最后更新：14:59:41,,,,1,[],0,0,N,,,buy,buy
2026-07-28 10:05:20,113701,祥和转债,xhzz,143.219,-0.11,603500,祥和实业,xhsy,8.24,-0.48,2.49,13.37,61.63,43,132.38,275.6,640501,机械设备,shmb,C,2026-03-26,[],0,0,buy,A+,,9.359,17.381,14.6,buy,2032-03-02,5.6,4.0,5203.42,5002.15,9.08,-3.32,,0,14:59:51,00,Y,N,0,0,Y,,未到转股期；2026-09-09 开始转股,计算使用5.6年期 评级为A+ 债参考YTM：5.3784,N,4.0,全价：143.219 最后更新：14:59:51,,,,0,[],0,0,N,,,buy,buy
2026-07-28 10:05:20,123260,卓镁转债,zmzz,142.299,-1.8,301398,星源卓镁,xyzm,31.93,-4.34,3.2,52.15,61.23,0,132.41,274.71,280202,汽车,szcy,C,2025-11-24,[],0,0,buy,A+,,36.505,67.795,12.9,buy,2031-11-07,5.282,4.499,2898.64,4467.39,4.51,-3.4,,0,15:34:24,00,Y,N,0,0,Y,,2026-05-13 开始转股,计算使用5.3年期 评级为A+ 债参考YTM：5.0228,N,4.5,全价：142.299 最后更新：15:34:24,,,,0,{'M': ''},0,0,N,,,buy,buy
2026-07-28 10:05:20,123138,丝路转债,slzz,127.495,0.0,300556,丝路视觉,slsj,14.49,0.28,4.15,26.53,54.62,0,133.43,260.93,710401,计算机,szcy,C,2022-03-22,[],0,0,buy,A-,,18.571,34.489,15.2,buy,2028-03-02,1.597,2.393,829.22,6414.05,2.71,-5.06,,0,15:34:45,00,Y,N,0,0,Y,,2022-09-08 开始转股,计算使用1.6年期 评级为A- 债参考YTM：8.9942,N,2.4,全价：127.495 最后更新：15:34:45,,,,1,[],0,0,N,,,buy,buy
2026-07-28 10:05:20,123193,海能转债,hnzz,126.6,-0.2,300787,海能实业,hnsy,7.8,0.39,1.44,14.5,53.79,0,135.35,261.95,270504,电子,szcy,C,2023-05-09,[],0,0,buy,AA-,,10.15,18.85,39.1,buy,2029-04-13,2.712,5.997,2147.34,2612.6,2.83,-2.45,,0,15:34:03,00,Y,N,0,0,Y,,2023-10-19 开始转股,计算使用2.8年期 评级为AA- 债参考YTM：2.2134,N,6.0,全价：126.600 最后更新：15:34:03,,,,0,[],0,0,N,,,buy,buy
2026-07-28 10:05:20,123196,正元转02,zyz02,125.385,0.15,300645,正元智慧,zyzh,11.63,1.75,1.49,21.91,53.08,0,136.22,261.61,710103,计算机,szcy,C,2023-05-19,[],0,0,buy,A+,,15.337,28.483,21.6,buy,2029-04-18,2.726,3.501,1384.84,3944.24,3.15,-2.14,,0,15:34:00,00,Y,N,2,1,Y,转股价下修2次，成功下修1次,2023-10-24 开始转股,计算使用2.8年期 评级为A+ 债参考YTM：4.5611,N,3.507,全价：125.385 最后更新：15:34:00,,,,0,[],0,0,N,,,buy,buy
2026-07-28 10:05:20,113700,海天转债,htzz,132.112,-0.29,603759,海天股份,htgf,6.92,0.73,1.09,12.41,55.76,14,136.92,269.03,760102,环保,shmb,C,2026-03-12,[],0,0,buy,AA,,8.687,16.133,25.1,buy,2032-02-04,5.526,8.01,1438.51,1629.24,1.36,-2.74,,0,14:59:50,00,Y,N,0,0,Y,,未到转股期；2026-08-11 开始转股,计算使用5.6年期 评级为AA 债参考YTM：2.0863,N,8.01,全价：132.112 最后更新：14:59:50,,,,0,[],0,0,N,,,buy,buy
2026-07-28 10:05:20,118068,迪威转债,dwzz,139.685,0.23,688377,迪威尔,dwe,19.1,-0.05,2.33,32.49,58.79,135,137.61,277.3,640203,机械设备,shkc,C,2026-06-30,[],0,0,buy,AA-,,22.743,42.237,20.4,buy,2032-06-03,5.855,9.08,12061.59,11876.38,9.5,-3.49,,0,14:59:59,00,Y,N,0,0,Y,,未到转股期；2026-12-10 开始转股,计算使用5.9年期 评级为AA- 债参考YTM：3.3406,N,9.08,全价：139.685 最后更新：14:59:59,,,,0,{'M': ''},0,0,N,,,buy,buy
2026-07-28 10:05:20,123275,肇民转债,zmzz,161.496,-1.53,301000,肇民科技,zmkj,22.89,-1.04,4.23,33.8,67.72,171,138.47,299.97,280205,汽车,szcy,C,2026-07-24,[],0,0,buy,AA-,,23.66,43.94,11.2,buy,2032-07-08,5.951,5.9,85180.09,8986.77,87.56,-5.79,,0,15:34:33,00,Y,N,0,0,Y,,未到转股期；2027-01-15 开始转股,计算使用6.0年期 评级为AA- 债参考YTM：3.3973,N,5.9,全价：161.496 最后更新：15:34:33,,,,0,{'M': ''},0,0,N,,,buy,buy
2026-07-28 10:05:20,123262,神宇转债,syzz,134.5,-0.06,300563,神宇股份,sygf,21.71,0.18,3.33,38.62,56.21,0,139.26,273.76,730205,通信,szcy,C,2025-12-30,[],0,0,buy,AA-,,27.034,50.206,17.6,buy,2031-12-11,5.375,4.999,1927.78,5441.34,2.87,-3.12,,0,15:34:15,00,Y,N,0,0,Y,,2026-06-17 开始转股,计算使用5.4年期 评级为AA- 债参考YTM：2.7842,N,5.0,全价：134.500 最后更新：15:34:15,,,,0,{'M': ''},0,0,N,,,buy,buy
2026-07-28 10:05:20,123264,双乐转债,slzz,126.94,0.83,301036,双乐股份,slgf,19.3,2.33,1.13,36.4,53.02,0,139.41,266.35,220305,基础化工,szcy,C,2026-01-16,[],0,0,buy,AA-,,25.48,47.32,59.5,buy,2031-12-26,5.416,8.0,8805.62,4064.58,8.62,-2.04,,0,15:34:30,00,Y,N,0,0,Y,,2026-07-06 开始转股,计算使用5.5年期 评级为AA- 债参考YTM：2.9052,N,8.0,全价：126.940 最后更新：15:34:30,,,,0,{'M': ''},0,0,N,,,buy,buy
2026-07-28 10:05:20,123109,昌红转债,chzz,125.399,-1.21,300151,昌红科技,chkj,13.8,-5.61,4.44,26.64,51.8,0,142.07,267.47,640209,机械设备,szcy,C,2021-04-19,[],0,0,buy,AA-,,18.648,34.632,9.0,buy,2027-04-01,0.677,4.595,3748.23,20127.43,6.49,-12.3,,0,15:34:39,00,Y,N,0,0,Y,,2021-10-08 开始转股,计算使用0.7年期 评级为AA- 债参考YTM：1.8256,N,4.6,全价：125.399 最后更新：15:34:39,,,,1,{'M': ''},0,0,N,,,buy,buy
2026-07-28 10:05:20,113638,台21转债,t21zz,126.585,-0.16,603055,台华新材,thxc,8.3,0.73,1.35,16.01,51.84,0,144.17,270.76,350106,纺织服饰,shmb,C,2022-01-21,[],0,0,buy,AA,,11.207,20.813,8.1,buy,2027-12-29,1.422,5.997,1326.62,3667.92,1.75,-7.3,,0,14:59:40,00,Y,N,0,0,Y,,2022-07-05 开始转股,计算使用1.5年期 评级为AA 债参考YTM：1.6448,N,6.0,全价：126.585 最后更新：14:59:40,,,,0,{'M': ''},0,0,N,,,buy,buy
2026-07-28 10:05:20,111009,盛泰转债,stzz,125.352,-0.98,605138,盛泰集团,stjt,5.35,0.94,1.15,10.51,50.9,0,146.25,271.6,350209,纺织服饰,shmb,C,2022-12-01,[],0,0,buy,AA,,7.357,13.663,23.6,buy,2028-11-07,2.282,7.011,1508.89,2687.13,1.71,-4.42,,0,14:58:41,00,Y,N,0,0,Y,,2023-05-11 开始转股,计算使用2.3年期 评级为AA 债参考YTM：1.7180,N,7.012,全价：125.352 最后更新：14:58:41,,,,0,[],0,0,N,,,buy,buy
2026-07-28 10:05:20,127062,垒知转债,lzzz,124.858,-0.51,002398,垒知集团,lzjt,3.81,1.33,0.71,7.56,50.4,0,147.75,272.61,610303,建筑材料,szmb,C,2022-05-20,[],0,0,buy,AA-,,5.292,9.828,17.3,buy,2028-04-21,1.734,3.957,1590.69,3548.19,3.22,-3.72,,0,15:34:39,00,Y,N,0,0,Y,,2022-10-27 开始转股,计算使用1.8年期 评级为AA- 债参考YTM：1.9921,N,3.963,全价：124.858 最后更新：15:34:39,,,,0,[],0,0,N,,,buy,buy
2026-07-28 10:05:20,123090,三诺转债,snzz,114.136,-0.33,300298,三诺生物,snsw,15.56,0.52,2.8,34.52,45.08,0,153.21,267.35,370502,医药生物,szcy,C,2021-01-12,[],0,0,buy,AA,,24.164,44.876,7.1,buy,2026-12-21,0.4,4.984,1443.0,7974.66,2.54,-4.68,,0,15:34:36,00,Y,N,0,0,Y,,2021-06-25 开始转股,计算使用0.4年期 评级为AA 债参考YTM：1.5581,N,5.0,全价：114.136 最后更新：15:34:36,,,,0,{'M': ''},0,0,N,,,buy,buy
2026-07-28 10:05:20,113693,志邦转债,zbzz,123.033,0.0,603801,志邦家居,zbjj,5.39,1.13,0.73,11.13,48.43,0,154.06,277.09,360308,轻工制造,shmb,C,2025-04-08,[],0,0,buy,AA,,7.791,14.469,28.6,buy,2031-03-18,4.641,6.7,2029.94,2005.24,2.46,-1.6,,0,14:59:50,00,Y,N,0,0,Y,,2025-09-24 开始转股,计算使用4.7年期 评级为AA 债参考YTM：1.9492,N,6.7,全价：123.033 最后更新：14:59:50,,,,0,[],0,0,N,,,buy,buy
2026-07-28 10:05:20,123117,健帆转债,jfzz,117.36,0.0,300529,健帆生物,jfsw,17.56,1.5,3.79,38.15,46.03,0,154.97,272.33,370503,医药生物,szcy,C,2021-07-12,[],0,0,buy,AA,,26.705,49.595,11.1,buy,2027-06-23,0.904,9.998,3626.05,12418.61,3.09,-6.96,,0,15:34:42,00,Y,N,2,2,Y,转股价下修2次，成功下修2次,2021-12-29 开始转股,计算使用1.0年期 评级为AA 债参考YTM：1.6024,N,10.0,全价：117.360 最后更新：15:34:42,,,,1,{'M': ''},0,0,N,,,buy,buy
2026-07-28 10:05:20,123175,百畅转债,bczz,113.7,-0.14,300614,百川畅银,bccy,9.06,0.44,1.64,20.4,44.41,0,156.01,269.71,760103,环保,szcy,C,2023-03-17,[],0,0,buy,BBB+,,14.28,26.52,28.9,buy,2029-02-22,2.575,4.199,1466.29,2709.4,3.07,0.9,,0,15:34:00,00,Y,N,2,2,Y,转股价下修2次，成功下修2次,2023-08-28 开始转股,计算使用2.6年期 评级为BBB+ 债参考YTM：12.3666,N,4.2,全价：113.700 最后更新：15:34:00,,,,0,{'M': ''},0,0,N,,,buy,buy
2026-07-28 10:05:20,111014,李子转债,lzzz,125.458,0.29,605337,李子园,lzy,8.86,3.99,2.03,18.14,48.84,0,156.86,282.32,340701,食品饮料,shmb,C,2023-07-13,[],0,0,buy,AA,,12.698,23.582,17.4,buy,2029-06-20,2.899,5.999,1424.29,4037.5,1.89,-2.91,,0,14:59:10,00,Y,N,0,0,Y,,2023-12-28 开始转股,计算使用2.9年期 评级为AA 债参考YTM：1.7479,N,6.0,全价：125.458 最后更新：14:59:10,,,,0,[],0,0,N,,,buy,buy
2026-07-28 10:05:20,118069,爱科转债,akzz,180.359,2.73,688092,爱科科技,akkj,19.91,-3.26,2.47,28.53,69.79,142,158.45,338.81,640209,机械设备,shkc,C,2026-07-09,[],0,0,buy,AA-,,19.971,37.089,16.2,buy,2032-06-10,5.874,2.67,115950.3,1382.87,240.43,-7.12,,0,15:00:00,00,Y,N,0,0,Y,,未到转股期；2026-12-17 开始转股,计算使用5.9年期 评级为AA- 债参考YTM：3.3406,N,2.67,全价：180.359 最后更新：15:00:00,,,,0,{'M': ''},0,0,N,,,buy,buy
2026-07-28 10:05:20,118022,锂科转债,lkzz,122.275,-0.39,688779,五矿新能,wkxn,7.25,0.0,1.91,15.49,46.8,0,161.25,283.53,630702,电力设备,shkc,C,2022-11-07,[],0,0,buy,AA,,10.843,20.137,23.2,buy,2028-10-11,2.208,32.497,3359.4,16925.88,0.84,-3.46,,0,14:59:58,00,Y,N,0,0,Y,,2023-04-17 开始转股,计算使用2.3年期 评级为AA 债参考YTM：1.7180,N,32.5,全价：122.275 最后更新：14:59:58,,,,0,{'M': ''},0,0,N,,,buy,buy
2026-07-28 10:05:20,113049,长汽转债,cqzz,110.63,-0.2,601633,长城汽车,ccqc,16.43,1.73,1.59,38.83,42.31,0,161.46,272.09,280502,汽车,shmb,C,2021-07-08,[],0,0,buy,AAA,,27.181,50.479,3.4,buy,2027-06-10,0.869,34.95,6166.31,26488.25,1.59,-3.79,,0,14:58:45,00,Y,N,0,0,Y,,2021-12-17 开始转股,计算使用0.9年期 评级为AAA 债参考YTM：1.5265,N,35.0,全价：110.630 最后更新：14:58:45,,,,1,{'M': ''},0,0,Y,,,buy,buy
2026-07-28 10:05:20,127044,蒙娜转债,mnzz,122.432,-1.22,002918,蒙娜丽莎,mnls,9.21,-1.29,1.15,19.76,46.61,0,162.68,285.11,360306,轻工制造,szmb,C,2021-09-16,[],0,0,buy,AA-,,13.832,25.688,17.1,buy,2027-08-16,1.052,3.368,3474.1,16709.01,8.43,-6.81,,0,15:34:36,00,Y,N,1,1,Y,转股价下修1次，成功下修1次,2022-02-21 开始转股,计算使用1.1年期 评级为AA- 债参考YTM：1.8768,N,11.689,全价：122.432 最后更新：15:34:36,,,,0,[],0,0,N,,,buy,buy
2026-07-28 10:05:20,123274,维科转债,wkzz,166.0,0.4,301499,维科精密,wkjm,22.26,-3.05,2.36,35.62,62.49,160,165.63,331.63,280206,汽车,szcy,C,2026-07-10,[],0,0,buy,A+,,24.934,46.306,20.5,buy,2032-06-25,5.915,6.3,39362.75,4052.87,37.31,-5.69,,0,15:34:39,00,Y,N,0,0,Y,,未到转股期；2027-01-04 开始转股,计算使用6.0年期 评级为A+ 债参考YTM：5.7473,N,6.3,全价：166.000 最后更新：15:34:39,,,,0,{'M': ''},0,0,N,,,buy,buy
2026-07-28 10:05:20,118066,统联转债,tlzz,130.001,0.01,688210,统联精密,tljm,27.01,-1.28,3.36,56.2,48.06,40,170.49,300.49,270504,电子,shkc,C,2026-03-20,[],0,0,buy,AA-,,39.34,73.06,13.1,buy,2032-03-02,5.6,5.76,3251.57,11267.77,4.32,-2.39,,0,14:59:52,00,Y,N,0,0,Y,,未到转股期；2026-09-06 开始转股,计算使用5.6年期 评级为AA- 债参考YTM：3.0293,N,5.76,全价：130.001 最后更新：14:59:52,,,,0,{'M': ''},0,0,N,,,buy,buy
2026-07-28 10:05:20,118015,芯海转债,xhzz,127.963,-1.17,688595,芯海科技,xhkj,25.99,-5.59,5.26,55.22,47.07,0,171.88,299.84,270104,电子,shkc,C,2022-08-18,[],0,0,buy,A+,,38.654,71.786,10.9,buy,2028-07-21,1.984,4.1,1663.63,10392.27,3.15,-4.3,,0,14:59:56,00,Y,N,0,0,Y,,2023-01-30 开始转股,计算使用2.0年期 评级为A+ 债参考YTM：4.3655,N,4.1,全价：127.963 最后更新：14:59:56,,,,1,{'M': ''},0,0,N,,,buy,buy
2026-07-28 10:05:20,118020,芳源转债,fyzz,124.392,0.92,688148,芳源股份,fygf,6.38,-0.93,5.94,14.0,45.57,0,172.96,297.35,630702,电力设备,shkc,C,2022-11-07,[],0,0,buy,BBB,,9.8,18.2,19.7,buy,2028-09-23,2.159,6.417,8964.89,8341.38,11.22,0.62,,0,14:59:57,00,Y,N,2,1,Y,转股价下修2次，成功下修1次,2023-03-29 开始转股,计算使用2.2年期 评级为BBB 债参考YTM：15.3663,Y,6.42,全价：124.392 最后更新：14:59:57,,,"按下调到底估算
股东大会：2026-08-12
预估转股价：7.57
预估转股价值：84.28
期权价值：29.93
理论价值：123.53
理论偏离度：0.69%",0,{'M': ''},0,0,N,,,buy,buy
2026-07-28 10:05:20,123250,嘉益转债,jyzz,127.797,-0.58,301004,嘉益股份,jygf,35.75,3.35,2.81,79.66,44.88,0,184.76,312.56,360311,轻工制造,szcy,C,2024-11-26,[],0,0,buy,A+,,55.762,103.558,8.1,buy,2030-11-07,4.282,3.955,1051.26,3018.27,2.08,-1.74,,0,15:34:09,00,Y,N,0,0,Y,,2025-05-13 开始转股,计算使用4.3年期 评级为A+ 债参考YTM：4.8053,N,3.979,全价：127.797 最后更新：15:34:09,,,,0,{'M': ''},0,0,N,,,buy,buy
2026-07-28 10:05:20,118042,奥维转债,awzz,128.236,-0.57,688516,奥特维,atw,37.2,-3.95,3.06,83.69,44.45,0,188.5,316.74,630505,电力设备,shkc,C,2023-09-01,[],0,0,buy,AA-,,58.583,108.797,9.7,buy,2029-08-10,3.038,11.399,3250.08,26330.04,2.23,-2.4,,0,14:59:11,00,Y,N,0,0,Y,,2024-02-19 开始转股,计算使用3.1年期 评级为AA- 债参考YTM：2.2854,N,11.4,全价：128.236 最后更新：14:59:11,,,,0,{'M': ''},0,0,N,,,buy,buy
2026-07-28 10:05:20,123180,浙矿转债,zkzz,128.599,-0.8,300837,浙矿股份,zkgf,20.6,0.49,1.41,47.59,43.29,0,197.09,325.69,640203,机械设备,szcy,C,2023-03-28,[],0,0,buy,AA-,,33.313,61.867,20.5,buy,2029-03-09,2.616,3.197,2003.88,3564.26,4.87,-3.13,,0,15:33:57,00,Y,N,0,0,Y,,2023-09-15 开始转股,计算使用2.7年期 评级为AA- 债参考YTM：2.1873,N,3.2,全价：128.599 最后更新：15:33:57,,,,0,[],0,0,N,,,buy,buy
2026-07-28 10:05:20,127098,欧晶转债,ojzz,124.16,-0.4,001269,欧晶科技,ojkj,17.44,-0.06,4.4,42.0,41.52,0,199.01,323.17,630504,电力设备,szmb,C,2023-12-15,[],0,0,buy,A+,,29.4,54.6,14.0,buy,2029-11-24,3.329,4.693,1159.31,3426.45,1.99,-2.04,,0,15:33:57,00,Y,N,1,1,Y,转股价下修1次，成功下修1次,2024-05-30 开始转股,计算使用3.4年期 评级为A+ 债参考YTM：4.6895,N,4.7,全价：124.160 最后更新：15:33:57,,,,0,[],0,0,N,,,buy,buy
2026-07-28 10:05:20,111025,圣泉转债,sqzz,153.535,-2.01,605589,圣泉集团,sqjt,36.1,-7.91,2.8,70.8,50.99,157,201.12,354.66,220504,基础化工,shmb,C,2026-07-21,[],0,0,buy,AA+,,49.56,92.04,8.2,buy,2032-06-24,5.912,25.0,47466.43,148284.45,12.33,-5.32,,0,14:59:59,00,Y,N,1,0,Y,转股价下修1次，成功下修0次,未到转股期；2027-01-01 开始转股,计算使用6.0年期 评级为AA+ 债参考YTM：1.9573,Y,25.0,全价：153.535 最后更新：14:59:59,,,"按下调到底估算
股东大会：2026-08-07
预估转股价：49.66
预估转股价值：72.69
期权价值：34.14
理论价值：133.69
理论偏离度：12.93%",0,{'M': ''},0,0,N,,,buy,buy
2026-07-28 10:05:20,113650,博22转债,b22zz,125.061,-0.65,603916,苏博特,sbt,9.48,-0.42,0.91,23.27,40.74,0,206.98,332.04,220309,基础化工,shmb,C,2022-07-28,[],0,0,buy,AA-,,16.289,30.251,20.1,buy,2028-07-01,1.929,7.996,2227.62,5354.01,2.22,-3.43,,0,14:59:11,00,Y,N,0,0,Y,,2023-01-09 开始转股,计算使用2.0年期 评级为AA- 债参考YTM：2.0255,N,8.0,全价：125.061 最后更新：14:59:11,,,,1,{'M': ''},0,0,N,,,buy,buy
2026-07-28 10:05:20,123151,康医转债,kyzz,119.842,-0.02,300869,康泰医学,ktyx,10.67,0.28,2.49,27.55,38.73,0,209.43,329.27,370502,医药生物,szcy,C,2022-07-20,[],0,0,buy,A+,,19.285,35.815,24.9,buy,2028-07-01,1.929,6.998,1186.67,3453.39,1.42,-1.03,,0,15:34:48,00,Y,N,0,0,Y,,2023-01-09 开始转股,计算使用2.0年期 评级为A+ 债参考YTM：4.3655,N,7.0,全价：119.842 最后更新：15:34:48,,,,1,{'M': ''},0,0,N,,,buy,buy
2026-07-28 10:05:20,113660,寿22转债,s22zz,125.01,-0.63,603896,寿仙谷,sxg,14.47,-1.09,1.25,36.84,39.28,0,218.27,343.28,370201,医药生物,shmb,C,2022-12-12,[],0,0,buy,AA-,,25.788,47.892,13.9,buy,2028-11-17,2.31,3.977,1175.9,3698.74,2.36,-3.43,,0,14:59:10,00,Y,N,0,0,Y,,2023-05-23 开始转股,计算使用2.4年期 评级为AA- 债参考YTM：2.1098,N,3.98,全价：125.010 最后更新：14:59:10,,,,0,[],0,0,N,,,buy,buy
2026-07-28 10:05:20,128135,洽洽转债,qqzz,114.611,-0.01,002557,洽洽食品,qqsp,19.77,4.0,1.81,54.95,35.98,0,218.56,333.17,340801,食品饮料,szmb,C,2020-11-18,[],0,0,buy,AA,,38.465,71.435,13.5,buy,2026-10-20,0.23,13.398,7171.35,17558.54,4.67,1.49,,0,15:34:03,00,Y,N,0,0,Y,,2021-04-26 开始转股,计算使用0.3年期 评级为AA 债参考YTM：1.5447,N,13.4,全价：114.611 最后更新：15:34:03,,,,1,{'M': ''},0,0,N,,,buy,buy
2026-07-28 10:05:20,113670,金23转债,j23zz,123.862,-0.2,603180,金牌家居,jpjj,14.05,0.79,0.79,37.54,37.43,0,230.95,354.81,360308,轻工制造,shmb,C,2023-05-16,[],0,0,buy,AA,,26.278,48.802,35.5,buy,2029-04-17,2.723,7.7,1990.06,869.78,2.09,-1.7,,0,14:59:10,00,Y,N,0,0,Y,,2023-10-23 开始转股,计算使用2.8年期 评级为AA 债参考YTM：1.7429,N,7.7,全价：123.862 最后更新：14:59:10,,,,0,[],0,0,N,,,buy,buy
2026-07-28 10:05:20,123267,珂玛转债,kmzz,326.61,-3.37,301611,珂玛科技,kmkj,93.01,-7.08,22.16,97.47,95.42,86,242.27,568.88,270103,电子,szcy,C,2026-05-13,[],0,0,buy,AA,,68.229,126.711,5.5,buy,2032-04-15,5.721,7.5,124306.03,136341.52,48.72,-17.0,,0,15:34:27,00,Y,N,0,0,Y,,未到转股期；2026-10-22 开始转股,计算使用5.8年期 评级为AA 债参考YTM：2.1446,N,7.5,全价：326.610 最后更新：15:34:27,,,,0,{'M': ''},0,0,N,,,buy,buy
2026-07-28 10:05:20,118072,鼎通转债,dtzz,170.761,-6.92,688668,鼎通科技,dtkj,202.02,-12.73,13.68,423.54,47.7,155,258.0,428.76,730204,通信,shkc,C,2026-07-17,[],0,0,buy,A+,,296.478,550.602,3.3,buy,2032-06-23,5.91,9.3,42885.4,133768.25,26.57,-6.16,,0,14:59:59,00,Y,N,1,0,Y,转股价下修1次，成功下修0次,未到转股期；2026-12-30 开始转股,计算使用6.0年期 评级为A+ 债参考YTM：5.7473,Y,9.3,全价：170.761 最后更新：14:59:59,,,"按下调到底估算
股东大会：2026-08-06
预估转股价：291.47
预估转股价值：69.31
期权价值：48.21
理论价值：133.38
理论偏离度：21.89%",0,{'M': ''},0,0,N,,,buy,buy
2026-07-28 10:05:20,110085,通22转债,t22zz,116.305,-0.25,600438,通威股份,twgf,11.19,0.18,1.38,34.6,32.34,0,259.62,375.93,630501,电力设备,shmb,C,2022-03-18,[],0,0,buy,AAA,,24.22,44.98,23.8,buy,2028-02-24,1.578,119.831,7665.74,37284.31,0.55,-3.06,,0,14:59:50,00,Y,N,0,0,Y,,2022-09-02 开始转股,计算使用1.6年期 评级为AAA 债参考YTM：1.5783,N,120.0,全价：116.305 最后更新：14:59:50,,,,0,{'M': ''},0,0,N,,,buy,buy
2026-07-28 10:05:20,118032,建龙转债,jlzz,124.637,-0.03,688357,建龙微纳,jlwn,24.59,2.67,1.32,71.41,34.44,0,261.95,386.59,220309,基础化工,shkc,C,2023-04-07,[],0,0,buy,AA-,,49.987,92.833,28.4,buy,2029-03-08,2.614,6.999,1223.31,2226.75,1.4,-1.95,,0,14:59:10,00,Y,N,0,0,Y,,2023-09-14 开始转股,计算使用2.7年期 评级为AA- 债参考YTM：2.1873,N,7.0,全价：124.637 最后更新：14:59:10,,,,0,{'M': ''},0,0,Y,,,buy,buy
2026-07-28 10:05:20,113633,科沃转债,kwzz,121.52,0.37,603486,科沃斯,kws,58.07,5.68,3.58,172.97,33.57,0,261.97,383.49,330302,家用电器,shmb,C,2021-12-29,[],0,0,buy,AA,,121.079,224.861,3.1,buy,2027-11-30,1.343,10.396,4355.51,59652.06,3.44,-6.1,,0,14:59:40,00,Y,N,0,0,Y,,2022-06-06 开始转股,计算使用1.4年期 评级为AA 债参考YTM：1.6348,N,10.4,全价：121.520 最后更新：14:59:40,,,,0,{'M': ''},0,0,N,,,buy,buy
2026-07-28 10:05:20,127025,冀东转债,jdzz,105.611,0.0,000401,金隅冀东,jyjd,3.59,0.28,0.36,12.92,27.79,0,280.08,385.69,610101,建筑材料,szmb,C,2020-12-02,[],0,0,buy,AAA,,9.044,16.796,18.8,buy,2026-11-05,0.274,17.764,6013.45,1702.85,3.21,1.36,,0,15:34:24,00,Y,Y,0,0,Y,,2021-05-11 开始转股,计算使用0.3年期 评级为AAA 债参考YTM：1.4840,N,28.2,全价：105.611 最后更新：15:34:24,,,,0,{'M': ''},0,0,N,,,buy,buy
2026-07-28 10:05:20,118005,天奈转债,tnzz,124.588,-0.73,688116,天奈科技,tnkj,32.0,-1.42,3.05,99.01,32.32,0,285.48,410.07,630702,电力设备,shkc,C,2022-03-01,[],0,0,buy,AA-,,69.307,128.713,7.1,buy,2028-01-27,1.501,8.299,2262.73,14783.37,2.18,-7.04,,0,14:59:10,00,Y,N,0,0,Y,,2022-08-09 开始转股,计算使用1.6年期 评级为AA- 债参考YTM：1.9580,N,8.3,全价：124.588 最后更新：14:59:10,,,,0,{'M': ''},0,0,N,,,buy,buy
2026-07-28 10:05:20,123072,乐歌转债,lgzz,120.318,-0.03,300729,乐歌股份,lggf,9.83,0.92,0.91,32.61,30.14,0,299.14,419.46,360311,轻工制造,szcy,C,2020-11-10,[],0,0,buy,A+,,22.827,42.393,4.4,buy,2026-10-21,0.233,1.418,1208.92,1452.97,7.08,-1.15,,0,15:34:39,00,Y,N,0,0,Y,,2021-04-27 开始转股,计算使用0.3年期 评级为A+ 债参考YTM：4.0961,N,1.42,全价：120.318 最后更新：15:34:39,,,,0,[],0,0,N,,,buy,buy
2026-07-28 10:05:20,123273,三江转债,sjzz,295.148,1.46,301059,金三江,jsj,10.63,1.05,3.75,14.43,73.67,149,300.66,595.81,220309,基础化工,szcy,C,2026-07-03,[],0,0,buy,A+,,10.101,18.759,13.2,buy,2032-06-16,5.89,2.9,240971.84,2583.61,279.95,-14.46,,0,15:34:36,00,Y,N,0,0,Y,,未到转股期；2026-12-24 开始转股,计算使用5.9年期 评级为A+ 债参考YTM：5.6905,N,2.9,全价：295.148 最后更新：15:34:36,,,,0,{'M': ''},0,0,N,,,buy,buy
2026-07-28 10:05:20,123154,火星转债,hxzz,128.1,0.01,300894,火星人,hxr,9.57,-0.1,3.69,33.03,28.97,0,342.13,470.23,330401,家用电器,szcy,C,2022-08-23,[],0,0,buy,A+,,23.121,42.939,18.8,buy,2028-08-05,2.025,5.289,1772.27,6024.48,2.62,-3.86,,0,15:34:51,00,Y,N,1,0,Y,转股价下修1次，成功下修0次,2023-02-13 开始转股,计算使用2.1年期 评级为A+ 债参考YTM：4.3834,Y,5.29,全价：128.100 最后更新：15:34:51,,,"按下调到底估算
股东大会：2026-08-06
预估转股价：11.08
预估转股价值：86.37
期权价值：18.97
理论价值：127.83
理论偏离度：0.21%",0,{'M': ''},0,0,N,,,buy,buy
2026-07-28 10:05:20,123270,盛德转债,sdzz,285.001,-1.04,300881,盛德鑫泰,sdxt,31.41,-2.76,2.79,53.68,58.51,132,387.07,672.07,230501,钢铁,szcy,C,2026-06-12,[],0,0,buy,A+,,37.576,69.784,22.5,buy,2032-05-31,5.847,4.05,96139.55,3690.99,81.86,-14.17,,0,15:34:18,00,Y,N,0,0,Y,,未到转股期；2026-12-07 开始转股,计算使用5.9年期 评级为A+ 债参考YTM：5.6905,N,4.05,全价：285.001 最后更新：15:34:18,,,,0,{'M': ''},0,0,N,,,buy,buy
2026-07-28 10:05:20,118010,洁特转债,jtzz,123.965,-1.21,688026,洁特生物,jtsw,12.11,-1.14,1.43,47.95,25.26,0,390.84,514.81,370503,医药生物,shkc,C,2022-08-02,[],0,0,buy,A+,,33.565,62.335,25.9,buy,2028-06-28,1.921,4.399,1131.79,2599.25,2.07,-5.29,,0,14:59:33,00,Y,N,0,0,N,2026-07-23 至 2026-07-30 期间暂停转股：权益分派,2023-01-04 开始转股;2026-07-23 至 2026-07-30 期间暂停转股：权益分派,计算使用2.0年期 评级为A+ 债参考YTM：4.3655,N,4.4,全价：123.965 最后更新：14:59:33,,,,1,{'M': ''},0,0,N,,,buy,buy
2026-07-28 10:05:20,123179,立高转债,lgzz,124.19,0.06,300973,立高食品,lgsp,23.69,3.31,1.47,94.64,25.03,0,396.13,520.32,340802,食品饮料,szcy,C,2023-03-27,[],0,0,buy,AA-,,66.248,123.032,33.8,buy,2029-03-07,2.611,9.499,1503.82,7887.17,1.27,-1.72,,0,15:33:54,00,Y,N,0,0,Y,,2023-09-13 开始转股,计算使用2.7年期 评级为AA- 债参考YTM：2.1873,N,9.5,全价：124.190 最后更新：15:33:54,,,,0,{'M': ''},0,0,N,,,buy,buy
2026-07-28 10:05:20,113059,福莱转债,flzz,119.834,0.06,601865,福莱特,flt,9.52,0.0,0.99,41.56,22.91,0,423.14,542.97,630504,电力设备,shmb,C,2022-06-13,[],0,0,buy,AA,,29.092,54.028,22.1,buy,2028-05-20,1.814,39.999,3596.6,11439.45,0.75,-2.84,,0,14:59:50,00,Y,N,1,0,Y,转股价下修1次，成功下修0次,2022-11-28 开始转股,计算使用1.9年期 评级为AA 债参考YTM：1.6858,N,40.0,全价：119.834 最后更新：14:59:50,,,,0,{'M': ''},0,0,N,,,buy,buy
