抓取时间,bond_id,bond_nm,bond_py,price,increase_rt,stock_id,stock_nm,stock_py,sprice,sincrease_rt,pb,convert_price,convert_value,convert_begin,premium_rt,dblow,sw_cd,sw_name,market_cd,btype,list_dt,t_flag,owned,hold,bond_value,rating_cd,option_value,put_convert_price,force_redeem_price,convert_amt_ratio,fund_rt,maturity_dt,year_left,curr_iss_amt,volume,svolume,turnover_rt,ytm_rt,put_ytm_rt,noted,last_time,qstatus,sqflag,pb_flag,adj_cnt,adj_scnt,convert_price_valid,convert_price_tips,convert_cd_tip,ref_yield_info,adjusted,orig_iss_amt,price_tips,redeem_dt,real_force_redeem_price,option_tip,after_next_put_dt,icons,is_min_price,blocked,putting,force_redeem_price_tip,notes,volatility_rate,debt_rate
2026-05-21 10:52:12,118018,瑞科转债,rkzz,185.341,7.83,688323,瑞华泰,rht,39.16,4.93,8.4,21.0,186.48,0,-0.61,184.73,220505,基础化工,shkc,C,2022-09-14,[],0,0,buy,A,,14.7,27.3,4.8,buy,2028-08-18,2.247,3.458,551268.45,146958.22,839.33,-19.98,,0,15:00:00,00,Y,N,1,1,Y,转股价下修1次，成功下修1次,2023-02-24 开始转股,计算使用2.3年期 评级为A 债参考YTM：6.8112,N,4.3,全价：185.341 最后更新：15:00:00,,,,0,{'M': ''},0,0,N,,,buy,buy
2026-05-21 10:52:12,127024,盈峰转债,yfzz,156.2,-8.34,000967,盈峰环境,yfhj,12.05,-7.87,2.28,7.67,157.11,0,-0.58,155.62,760201,环保,szmb,C,2020-12-02,[],0,0,buy,AA+,,5.369,9.971,1.2,buy,2026-11-04,,4.644,52857.35,225545.58,69.82,,,0,15:34:42,00,Y,N,0,0,Y,,2021-05-10 开始转股,强赎登记日2026-05-25，赎回价格101.129元，如不考虑强赎纯债价值为109.28元，计算使用0.5年期 评级为AA+ 债参考YTM：1.4464,N,14.762,全价：156.200 最后更新：15:34:42,2026-05-25,101.129,如不考虑强赎期权价值为59.22元,1,"{'R': '最后交易日 2026年5月25日\r\n最后转股日 2026年5月28日\r\n赎回价 101.129元/张', 'M': ''}",0,0,N,,,buy,buy
2026-05-21 10:52:12,111005,富春转债,fczz,139.753,-5.58,605189,富春染织,fcrz,16.82,-5.13,1.64,11.98,140.4,0,-0.46,139.29,350104,纺织服饰,shmb,C,2022-07-25,[],0,0,buy,AA-,,8.386,15.574,4.2,buy,2028-06-23,,1.584,36296.06,23049.05,157.78,,,0,14:59:59,00,Y,N,1,1,Y,转股价下修1次，成功下修1次,2022-12-29 开始转股,强赎登记日2026-05-25，赎回价格101.397元，如不考虑强赎纯债价值为107.04元，计算使用2.1年期 评级为AA- 债参考YTM：2.0604,N,5.7,全价：139.753 最后更新：14:59:59,2026-05-25,101.397,如不考虑强赎期权价值为57.28元,0,{'R': '最后交易日 2026年5月25日\r\n最后转股日 2026年5月28日\r\n赎回价 101.3973元/张'},0,0,N,,,buy,buy
2026-05-21 10:52:12,111013,新港转债,xgzz,120.046,-4.7,605162,新中港,xzg,10.45,-4.13,3.26,8.67,120.53,0,-0.4,119.65,410104,公用事业,shmb,C,2023-05-05,[],0,0,buy,AA-,,6.069,11.271,4.4,buy,2029-03-08,,1.929,15501.06,14579.96,64.49,,,0,14:59:56,00,Y,N,0,0,Y,,2023-09-14 开始转股,强赎登记日2026-05-27，赎回价格100.353元，如不考虑强赎纯债价值为111.48元，计算使用2.8年期 评级为AA- 债参考YTM：2.3068,N,3.691,全价：120.046 最后更新：14:59:56,2026-05-27,100.353,如不考虑强赎期权价值为48.69元,0,{'R': '最后交易日 2026年5月27日\r\n最后转股日 2026年6月1日\r\n赎回价 100.3534元/张'},0,0,N,,,buy,buy
2026-05-21 10:52:12,127066,科利转债,klzz,138.85,-0.52,002850,科达利,kdl,207.0,-0.4,4.11,148.7,139.21,0,-0.26,138.59,630701,电力设备,szmb,C,2022-08-03,[],0,0,buy,AA,,104.09,193.31,3.4,buy,2028-07-08,,13.952,76245.23,141862.15,38.39,,,0,15:33:57,00,Y,N,0,0,Y,,2023-01-16 开始转股,强赎登记日2026-06-09，赎回价格101.405元，如不考虑强赎纯债价值为109.37元，计算使用2.2年期 评级为AA 债参考YTM：1.7047,N,15.344,全价：138.850 最后更新：15:33:57,2026-06-09,101.405,如不考虑强赎期权价值为57.41元,0,"{'R': '最后交易日 2026年6月9日\r\n最后转股日 2026年6月12日\r\n赎回价 101.405元/张', 'M': ''}",0,0,N,,,buy,buy
2026-05-21 10:52:12,123126,瑞丰转债,rfzz,149.19,-6.45,300243,瑞丰高材,rfgc,17.39,-6.51,3.9,11.64,149.4,0,-0.14,149.05,220501,基础化工,szcy,C,2021-10-18,[],0,0,buy,A,,8.148,15.132,2.6,buy,2027-09-10,,0.969,32107.33,41001.11,211.55,,,0,15:34:15,00,Y,N,1,1,Y,转股价下修1次，成功下修1次,2022-03-16 开始转股,强赎登记日2026-05-26，赎回价格102.532元，如不考虑强赎纯债价值为113.80元，计算使用1.4年期 评级为A 债参考YTM：6.6245,N,3.4,全价：149.190 最后更新：15:34:15,2026-05-26,102.532,如不考虑强赎期权价值为61.01元,1,{'R': '最后交易日 2026年5月26日\r\n最后转股日 2026年5月29日\r\n赎回价 102.532元/张'},0,0,N,,,buy,buy
2026-05-21 10:52:12,123207,冠中转债,gzzz,249.815,9.54,300948,冠中生态,gzst,26.1,10.13,4.32,10.44,250.0,0,-0.07,249.75,620307,建筑装饰,szcy,C,2023-08-09,[],0,0,buy,A-,,7.308,13.572,4.6,buy,2029-07-21,3.17,1.83,335628.54,44519.56,724.01,-20.99,,0,15:34:48,00,Y,N,1,1,Y,转股价下修1次，成功下修1次,2024-01-29 开始转股,计算使用3.2年期 评级为A- 债参考YTM：9.4881,N,4.0,全价：249.815 最后更新：15:34:48,,,,0,"{'G': '本次（2026年1月29日至2026年2月26日）不提前赎回，自2026年5月26日后首个交易日重新计算', 'M': ''}",0,0,N,,,buy,buy
2026-05-21 10:52:12,123236,家联转债,jlzz,159.379,-2.22,301193,家联科技,jlkj,24.45,-2.24,3.9,15.33,159.49,0,-0.07,159.31,360311,轻工制造,szcy,C,2024-01-18,[],0,0,buy,AA-,,10.731,19.929,1.3,buy,2029-12-22,,0.556,87729.08,35765.4,955.54,,,0,15:34:12,00,Y,N,1,1,Y,转股价下修1次，成功下修1次,2024-06-28 开始转股,强赎登记日2026-05-22，赎回价格100.344元，如不考虑强赎纯债价值为109.16元，计算使用3.6年期 评级为AA- 债参考YTM：2.5003,N,7.5,全价：159.379 最后更新：15:34:12,2026-05-22,100.344,如不考虑强赎期权价值为91.09元,0,"{'R': '最后交易日：2026年5月22日\r\n最后转股日：2026年5月27日\r\n赎回价：100.344元/张', 'M': ''}",0,0,N,,,buy,buy
2026-05-21 10:52:12,123243,严牌转债,ypzz,252.83,-5.13,301081,严牌股份,ypgf,18.39,-4.12,3.75,7.27,252.96,0,-0.05,252.78,760201,环保,szcy,C,2024-07-26,[],0,0,buy,A+,,5.089,9.451,7.0,buy,2030-07-10,4.14,2.833,98684.33,31764.12,132.48,-16.93,,0,15:34:15,00,Y,N,0,0,Y,,2025-01-16 开始转股,计算使用4.2年期 评级为A+ 债参考YTM：4.9487,N,4.679,全价：252.830 最后更新：15:34:15,,,,0,{'M': ''},0,0,N,,,buy,buy
2026-05-21 10:52:12,123121,帝尔转债,dezz,200.5,2.51,300776,帝尔激光,dejg,147.3,2.47,9.89,73.56,200.25,0,0.13,200.63,630505,电力设备,szcy,C,2021-08-27,[],0,0,buy,AA-,,51.492,95.628,1.7,buy,2027-08-05,,4.232,298979.52,340416.15,330.78,,,0,15:34:12,00,Y,N,0,0,Y,,2022-02-11 开始转股,强赎登记日2026-05-28，赎回价格102.068元，如不考虑强赎纯债价值为114.88元，计算使用1.3年期 评级为AA- 债参考YTM：1.9206,N,8.4,全价：200.500 最后更新：15:34:12,2026-05-28,102.068,如不考虑强赎期权价值为107.21元,1,"{'R': '最后交易日 2026年5月28日\r\n最后转股日 2026年6月2日\r\n赎回价 102.068元/张', 'M': ''}",0,0,N,,,buy,buy
2026-05-21 10:52:12,118041,星球转债,xqzz,147.733,-4.34,688633,星球石墨,xqsm,34.12,-5.67,2.73,23.14,147.45,0,0.19,147.92,640203,机械设备,shkc,C,2023-08-22,[],0,0,buy,A+,,16.198,30.082,8.9,buy,2029-07-31,3.197,4.575,48650.84,31819.16,69.65,-6.62,,0,14:59:58,00,Y,N,0,0,Y,,2024-02-05 开始转股,已公告要强赎，如不考虑强赎纯债价值为103.13元，计算使用3.2年期 评级为A+ 债参考YTM：4.7881,N,6.2,全价：147.733 最后更新：14:59:58,,,如不考虑强赎期权价值为66.26元,0,"{'O': '', 'M': ''}",0,0,N,,,buy,buy
2026-05-21 10:52:12,111010,立昂转债,lazz,153.996,-6.73,605358,立昂微,law,51.26,-8.1,4.78,33.59,152.61,0,0.91,154.91,270103,电子,shmb,C,2022-12-07,[],0,0,buy,AA,,23.513,43.667,7.9,buy,2028-11-14,2.488,28.018,117600.01,397150.71,25.92,-11.15,,0,15:00:00,00,Y,N,1,1,Y,转股价下修1次，成功下修1次,2023-05-18 开始转股,计算使用2.5年期 评级为AA 债参考YTM：1.7474,N,33.9,全价：153.996 最后更新：15:00:00,,,,0,{'M': ''},0,0,N,,,buy,buy
2026-05-21 10:52:12,113644,艾迪转债,adzz,137.376,-2.43,603638,艾迪精密,adjm,25.36,-2.01,5.53,18.65,135.98,0,1.03,138.41,640602,机械设备,shmb,C,2022-05-12,[],0,0,buy,AA-,,13.055,24.245,4.7,buy,2028-04-15,1.904,9.999,21782.34,27365.35,15.52,-8.17,,0,14:59:34,00,Y,N,1,1,Y,转股价下修1次，成功下修1次,2022-11-18 开始转股,计算使用2.0年期 评级为AA- 债参考YTM：2.0376,N,10.0,全价：137.376 最后更新：14:59:34,,,,1,{'M': ''},0,0,N,,,buy,buy
2026-05-21 10:52:12,123061,航新转债,hxzz,140.673,-0.34,300424,航新科技,hxkj,20.6,-1.86,6.88,14.82,139.0,0,1.2,141.87,650201,国防军工,szcy,C,2020-08-18,[],0,0,buy,BBB,,10.374,19.266,3.2,buy,2026-07-22,0.17,1.628,60409.32,63029.71,256.53,-96.45,,0,15:34:06,00,Y,N,0,0,Y,,2021-01-28 开始转股,计算使用0.2年期 评级为BBB 债参考YTM：14.7037,N,2.5,全价：140.673 最后更新：15:34:06,,,,1,[],0,0,N,,,buy,buy
2026-05-21 10:52:12,123198,金埔转债,jpzz,136.8,-1.06,301098,金埔园林,jpyl,10.2,-1.07,1.77,7.55,135.1,0,1.26,138.06,620307,建筑装饰,szcy,C,2023-07-07,[],0,0,buy,A,,5.285,9.815,21.1,buy,2029-06-08,3.052,3.238,9140.41,10893.61,20.37,-4.28,,0,15:34:33,00,Y,N,1,1,Y,转股价下修1次，成功下修1次,2023-12-14 开始转股,计算使用3.1年期 评级为A 债参考YTM：7.1117,N,5.2,全价：136.800 最后更新：15:34:33,,,,0,{'M': ''},0,0,N,,,buy,buy
2026-05-21 10:52:12,110074,精达转债,jdzz,441.684,-3.0,600577,精达股份,jdgf,14.19,-3.47,4.87,3.26,435.28,0,1.47,443.15,630805,电力设备,shmb,C,2020-09-21,[],0,0,buy,AA,,2.282,4.238,0.9,buy,2026-08-19,0.247,2.637,46490.1,157198.75,38.58,-306.16,,0,14:59:58,00,Y,N,0,0,Y,,2021-02-25 开始转股,计算使用0.3年期 评级为AA 债参考YTM：1.4664,N,7.87,全价：441.684 最后更新：14:59:58,,,,1,"{'G': '本次（2025年12月19日至2026年1月12日）不提前赎回，以2026年6月13日为首个交易日重新计算', 'M': ''}",0,0,N,,,buy,buy
2026-05-21 10:52:12,110084,贵燃转债,grzz,143.646,3.07,600903,贵州燃气,gzrq,9.99,1.63,3.56,7.11,140.51,0,2.23,145.88,410301,公用事业,shmb,C,2022-01-18,[],0,0,buy,AA,,4.977,9.243,8.0,buy,2027-12-27,1.603,9.143,108874.88,156980.33,85.16,-14.6,,0,14:59:59,00,Y,N,1,1,Y,转股价下修1次，成功下修1次,2022-07-01 开始转股,计算使用1.7年期 评级为AA 债参考YTM：1.6453,N,10.0,全价：143.646 最后更新：14:59:59,,,,1,{'M': ''},0,0,N,,,buy,buy
2026-05-21 10:52:12,123054,思特转债,stzz,159.834,-9.75,300608,思特奇,stq,15.41,-9.67,4.04,9.88,155.97,0,2.48,162.31,710401,计算机,szcy,C,2020-07-06,[],0,0,buy,AA-,,6.916,12.844,1.5,buy,2026-06-10,,0.699,53805.05,107741.52,448.25,,,0,15:34:06,00,Y,N,0,0,Y,,2020-12-16 开始转股,强赎登记日2026-05-25，赎回价格102.900元，如不考虑强赎纯债价值为114.90元，计算使用0.1年期 评级为AA- 债参考YTM：1.6567,N,2.71,全价：159.834 最后更新：15:34:06,2026-05-25,102.900,如不考虑强赎期权价值为56.07元,1,{'R': '最后交易日 2026年5月25日\r\n最后转股日 2026年5月28日\r\n赎回价 102.90元/张'},0,0,N,,,buy,buy
2026-05-21 10:52:12,127041,弘亚转债,hyzz,121.298,-1.78,002833,弘亚数控,hysk,20.1,-2.71,2.79,17.0,118.24,0,2.59,123.89,640209,机械设备,szmb,C,2021-08-10,[],0,0,buy,AA-,,11.9,22.1,9.5,buy,2026-07-12,0.143,5.533,8092.5,19734.05,11.93,-35.76,,0,15:34:42,00,Y,N,1,1,Y,转股价下修1次，成功下修1次,2022-01-17 开始转股,计算使用0.2年期 评级为AA- 债参考YTM：1.6654,N,6.0,全价：121.298 最后更新：15:34:42,,,,1,[],0,0,N,,,buy,buy
2026-05-21 10:52:12,118057,甬矽转债,yxzz,191.427,-1.9,688362,甬矽电子,yxdz,52.87,-3.56,8.22,28.36,186.43,0,2.68,194.11,270107,电子,shkc,C,2025-07-16,[],0,0,buy,A+,,19.852,36.868,5.4,buy,2031-06-26,5.101,11.636,174104.94,225058.18,74.68,-9.2,,0,15:00:00,00,Y,N,0,0,Y,,2026-01-05 开始转股,如不考虑强赎纯债价值为91.67元，计算使用5.2年期 评级为A+ 债参考YTM：5.1529,N,11.65,全价：191.427 最后更新：15:00:00,,,,0,"{'B': '', 'M': ''}",0,0,N,,,buy,buy
2026-05-21 10:52:12,123118,惠城转债,hczz,465.888,-4.08,300779,惠城环保,hchb,66.11,-3.42,6.23,14.59,453.12,0,2.82,468.71,760103,环保,szcy,C,2021-07-26,[],0,0,buy,A+,,10.213,18.967,0.6,buy,2027-07-07,1.129,0.656,22266.6,39137.01,70.12,-70.97,,0,15:34:27,00,Y,N,0,0,Y,,2022-01-13 开始转股,计算使用1.2年期 评级为A+ 债参考YTM：4.2321,N,3.2,全价：465.888 最后更新：15:34:27,,,,1,{'M': ''},0,0,N,,,buy,buy
2026-05-21 10:52:12,118016,京源转债,jyzz,184.755,2.51,688096,京源环保,jyhb,12.41,2.39,3.46,6.91,179.6,0,2.87,187.63,760102,环保,shkc,C,2022-08-25,[],0,0,buy,A,,4.837,8.983,5.7,buy,2028-08-05,2.211,1.675,120191.07,26441.64,376.72,-18.26,,0,15:00:00,00,Y,N,0,0,Y,,2023-02-13 开始转股,计算使用2.3年期 评级为A 债参考YTM：6.8112,N,3.325,全价：184.755 最后更新：15:00:00,,,,0,{'M': ''},0,0,N,,,buy,buy
2026-05-21 10:52:12,127026,超声转债,cszz,130.888,-1.66,000823,超声电子,csdz,15.23,-3.85,1.66,12.02,126.71,0,3.3,134.19,270202,电子,szmb,C,2021-01-14,[],0,0,buy,AA,,8.414,15.626,8.6,buy,2026-12-08,0.551,6.995,42977.72,69226.78,46.25,-31.92,,0,15:34:36,00,Y,N,0,0,Y,,2021-06-15 开始转股,计算使用0.6年期 评级为AA 债参考YTM：1.4707,N,7.0,全价：130.888 最后更新：15:34:36,,,,1,{'M': ''},0,0,N,,,buy,buy
2026-05-21 10:52:12,123188,水羊转债,syzz,194.478,-3.01,300740,水羊股份,sygf,25.48,-4.68,4.39,13.54,188.18,0,3.35,197.83,770202,美容护理,szcy,C,2023-04-25,[],0,0,buy,A+,,9.478,17.602,7.0,buy,2029-04-04,2.874,6.422,14585.43,34959.78,11.5,-15.88,,0,15:34:39,00,Y,N,0,0,Y,,2023-10-11 开始转股,计算使用2.9年期 评级为A+ 债参考YTM：4.6932,N,6.95,全价：194.478 最后更新：15:34:39,,,,0,"{'G': '本次（2026年3月2日至2026年3月20日）不提前赎回，自2026年6月20日后首个交易日重新计算', 'M': ''}",0,0,N,,,buy,buy
2026-05-21 10:52:12,127096,泰坦转债,ttzz,370.421,0.83,003036,泰坦股份,ttgf,47.41,3.11,6.82,13.27,357.27,0,3.68,374.1,640206,机械设备,szmb,C,2023-11-15,[],0,0,buy,A,,9.289,17.251,2.8,buy,2029-10-25,3.433,2.916,290183.79,84733.67,262.55,-28.35,,0,15:34:36,00,Y,N,0,0,Y,,2024-05-06 开始转股,计算使用3.5年期 评级为A 债参考YTM：7.1927,N,2.955,全价：370.421 最后更新：15:34:36,,,,0,{'G': '本次（2026年2月9日至2026年3月11日）不提前赎回，以2026年6月11日后首个交易日起重新计算'},0,0,N,,,buy,buy
2026-05-21 10:52:12,111023,利柏转债,lbzz,144.613,-9.03,605167,利柏特,lbt,16.92,-9.23,3.67,12.14,139.37,0,3.76,148.37,620402,建筑装饰,shmb,C,2025-07-22,[],0,0,buy,AA,,8.498,15.782,9.9,buy,2031-07-03,5.121,7.496,49483.26,27915.11,44.86,-4.6,,0,15:00:00,00,Y,N,0,0,Y,,2026-01-09 开始转股,计算使用5.2年期 评级为AA 债参考YTM：2.1457,N,7.5,全价：144.613 最后更新：15:00:00,,,,0,[],0,0,N,,,buy,buy
2026-05-21 10:52:12,128137,洁美转债,jmzz,214.25,-0.28,002859,洁美科技,jmkj,54.59,-2.95,7.41,26.46,206.31,0,3.85,218.1,270401,电子,szmb,C,2020-12-01,[],0,0,buy,AA-,,18.522,34.398,2.7,buy,2026-11-04,0.458,5.909,67243.42,77931.28,51.58,-104.94,,0,15:34:27,00,Y,N,0,0,N,2026-05-18 至 2026-05-27 期间暂停转股：权益分派,2021-05-10 开始转股;2026-05-18 至 2026-05-27 期间暂停转股：权益分派,计算使用0.5年期 评级为AA- 债参考YTM：1.7164,N,6.0,全价：214.250 最后更新：15:34:27,,,,1,{'M': ''},0,0,N,,,buy,buy
2026-05-21 10:52:12,110077,洪城转债,hczz,218.175,-0.71,600461,洪城环境,hchj,10.24,-2.66,1.28,4.88,209.84,0,3.97,222.15,760102,环保,shmb,C,2020-12-17,[],0,0,buy,AA+,,3.416,6.344,5.1,buy,2026-11-20,0.501,6.685,5801.76,8469.16,3.95,-99.44,,0,14:59:54,00,Y,N,0,0,Y,,2021-05-26 开始转股,计算使用0.6年期 评级为AA+ 债参考YTM：1.4507,N,18.0,全价：218.175 最后更新：14:59:54,,,,1,"{'G': '本次（2025年6月22日至2025年7月11日）不提前赎回，以2026年7月12日为首个交易日重新计算', 'M': ''}",0,0,N,,,buy,buy
2026-05-21 10:52:12,113588,润达转债,rdzz,117.47,-4.98,603108,润达医疗,rdyl,14.51,-6.14,2.35,12.97,111.87,0,5.0,122.47,370402,医药生物,shmb,C,2020-07-13,[],0,0,buy,AA,,9.079,16.861,2.7,buy,2026-06-17,0.074,2.326,22070.37,79929.91,78.57,-101.27,,0,14:59:56,00,Y,N,0,0,Y,,2020-12-23 开始转股,计算使用0.1年期 评级为AA 债参考YTM：1.4567,N,5.5,全价：117.470 最后更新：14:59:56,,,,1,"{'R': '到期\n最后交易日：2026-06-11\n最后转股日：2026-06-16\n债券到期日：2026-06-17\n到期赎回价：109.000元/张', 'M': ''}",0,0,N,,,buy,buy
2026-05-21 10:52:12,127047,帝欧转债,dozz,169.09,-1.24,002798,帝欧水华,dosh,8.19,-1.56,2.57,5.1,160.59,0,5.29,174.38,360306,轻工制造,szmb,C,2021-11-26,[],0,0,buy,A-,,3.57,6.63,11.0,buy,2027-10-25,1.43,4.655,14986.51,15066.94,18.51,-22.91,,0,15:34:18,00,Y,N,1,1,Y,转股价下修1次，成功下修1次,2022-04-29 开始转股,计算使用1.5年期 评级为A- 债参考YTM：8.9923,N,15.0,全价：169.090 最后更新：15:34:18,,,,1,{'G': '本次（2026年4月15日至2026年5月8日）不提前赎回，以2026年8月8日后首个交易日起重新计算'},0,0,N,,,buy,buy
2026-05-21 10:52:12,118033,华特转债,htzz,202.181,-8.78,688268,华特气体,htqt,158.72,-13.27,9.51,82.75,191.81,0,5.41,207.59,270601,电子,shkc,C,2023-04-14,[],0,0,buy,AA-,,57.925,107.575,1.9,buy,2029-03-21,2.836,3.762,151033.11,223551.18,190.87,-17.39,,0,15:00:00,00,Y,N,0,0,Y,,2023-09-27 开始转股,已公告要强赎，如不考虑强赎纯债价值为111.08元，计算使用2.9年期 评级为AA- 债参考YTM：2.3443,N,6.46,全价：202.181 最后更新：15:00:00,,,如不考虑强赎期权价值为120.49元,0,"{'O': '', 'M': ''}",0,0,N,,,buy,buy
2026-05-21 10:52:12,127034,绿茵转债,lyzz,140.999,-1.89,002887,绿茵生态,lyst,15.32,-1.54,1.91,11.51,133.1,0,5.93,146.93,760104,环保,szmb,C,2021-05-28,[],0,0,buy,AA-,,8.057,14.963,12.9,buy,2027-04-30,0.943,4.279,6056.31,16366.04,9.97,-21.13,,0,15:34:18,00,Y,N,0,0,Y,,2021-11-11 开始转股,计算使用1.0年期 评级为AA- 债参考YTM：1.8355,N,7.12,全价：140.999 最后更新：15:34:18,,,,1,[],0,0,N,,,buy,buy
2026-05-21 10:52:12,113056,重银转债,cyzz,128.379,0.41,601963,重庆银行,cqyh,11.47,3.71,0.63,9.5,120.74,0,6.33,134.71,480401,银行,shmb,C,2022-04-14,[],0,0,buy,AAA,,,12.35,49.6,buy,2028-03-23,1.841,115.631,21043.24,22680.75,1.42,-7.01,,0,14:58:44,00,Y,N,0,0,Y,,2022-09-30 开始转股,计算使用1.9年期 评级为AAA 债参考YTM：1.5871,N,130.0,全价：128.379 最后更新：14:58:44,,,,0,[],0,0,N,,,buy,buy
2026-05-21 10:52:12,128121,宏川转债,hczz,117.181,-4.71,002930,宏川智慧,hczh,13.93,-7.69,3.03,12.65,110.12,0,6.41,123.59,420806,交通运输,szmb,C,2020-08-07,[],0,0,buy,AA-,,8.855,16.445,10.7,buy,2026-07-17,0.156,6.466,11224.56,21731.15,14.5,-51.08,,0,15:34:18,00,Y,N,2,2,Y,转股价下修2次，成功下修2次,2021-01-25 开始转股,计算使用0.2年期 评级为AA- 债参考YTM：1.6654,N,6.7,全价：117.181 最后更新：15:34:18,,,,0,{'M': ''},0,0,N,,,buy,buy
2026-05-21 10:52:12,113062,常银转债,cyzz,130.276,-0.02,601128,常熟银行,csyh,7.16,-0.56,0.73,5.89,121.56,0,7.17,137.45,480501,银行,shmb,C,2022-10-17,[],0,0,buy,AAA,,,7.657,25.3,buy,2028-09-15,2.323,59.994,10415.6,28927.52,1.33,-7.37,,0,14:59:52,00,Y,N,0,0,Y,,2023-03-21 开始转股,计算使用2.4年期 评级为AAA 债参考YTM：1.6328,N,60.0,全价：130.276 最后更新：14:59:52,,,,0,{'M': ''},0,0,N,,,buy,buy
2026-05-21 10:52:12,113046,金田转债,jtzz,137.52,-4.12,601609,金田股份,jtgf,13.24,-8.06,2.23,10.32,128.3,0,7.19,144.71,240302,有色金属,shmb,C,2021-04-12,[],0,0,buy,AA+,,7.224,13.416,6.6,buy,2027-03-22,0.836,14.992,31068.29,179439.97,14.74,-23.95,,0,14:59:57,00,Y,N,0,0,Y,,2021-09-27 开始转股,计算使用0.9年期 评级为AA+ 债参考YTM：1.4913,N,15.0,全价：137.520 最后更新：14:59:57,,,,1,{'M': ''},0,0,N,,,buy,buy
2026-05-21 10:52:12,118025,奕瑞转债,yrzz,160.678,5.1,688301,奕瑞科技,yrkj,172.0,4.72,5.62,114.97,149.6,0,7.4,168.08,370502,医药生物,shkc,C,2022-11-18,[],0,0,buy,AA,,80.479,149.461,3.9,buy,2028-10-24,2.43,14.217,224491.34,294398.9,96.0,-13.6,,0,15:00:00,00,Y,N,1,1,Y,转股价下修1次，成功下修1次,2023-04-28 开始转股,计算使用2.5年期 评级为AA 债参考YTM：1.7474,N,14.35,全价：160.678 最后更新：15:00:00,,,,0,{'M': ''},0,0,N,,,buy,buy
2026-05-21 10:52:12,113597,佳力转债,jlzz,128.5,-3.52,603912,佳力图,jlt,10.37,-8.88,3.18,8.68,119.47,0,7.56,136.06,640105,机械设备,shmb,C,2020-08-21,[],0,0,buy,AA-,,6.076,11.284,5.3,buy,2026-07-30,0.192,2.97,15016.89,44840.34,38.8,-43.23,,0,14:59:56,00,Y,N,1,1,Y,转股价下修1次，成功下修1次,2021-02-05 开始转股,计算使用0.2年期 评级为AA- 债参考YTM：1.6654,N,3.0,全价：128.500 最后更新：14:59:56,,,,1,[],0,0,N,,,buy,buy
2026-05-21 10:52:12,123245,集智转债,jzzz,361.781,-2.64,300553,集智股份,jzgf,60.85,-2.83,7.95,18.11,336.0,0,7.67,369.45,640107,机械设备,szcy,C,2024-08-28,[],0,0,buy,A,,12.677,23.543,3.0,buy,2030-08-14,4.236,1.538,37888.27,36450.43,65.72,-23.17,,0,15:34:42,00,Y,N,0,0,Y,,2025-02-20 开始转股,计算使用4.3年期 评级为A 债参考YTM：7.3150,N,2.546,全价：361.781 最后更新：15:34:42,,,,0,{'G': '本次（2026年1月30日至2026年2月27日）不提前赎回，自2026年6月1日后首个交易日重新计算'},0,0,N,,,buy,buy
2026-05-21 10:52:12,123253,永贵转债,ygzz,141.6,-5.56,300351,永贵电器,ygdq,23.96,-4.2,3.77,18.23,131.43,0,7.74,149.34,640501,机械设备,szcy,C,2025-03-28,[],0,0,buy,AA-,,12.761,23.699,15.5,buy,2031-03-13,4.814,9.798,28506.8,48432.7,20.12,-3.84,,0,15:34:00,00,Y,N,0,0,Y,,2025-09-19 开始转股,计算使用4.9年期 评级为AA- 债参考YTM：2.7053,N,9.8,全价：141.600 最后更新：15:34:00,,,,0,{'M': ''},0,0,N,,,buy,buy
2026-05-21 10:52:12,127079,华亚转债,hyzz,218.2,-5.13,003043,华亚智能,hyzn,62.0,-5.78,4.48,30.73,201.76,0,8.15,226.35,270108,电子,szmb,C,2023-01-16,[],0,0,buy,A+,,21.511,39.949,6.0,buy,2028-12-16,2.575,3.106,22275.99,46301.35,31.82,-21.25,,0,15:34:00,00,Y,N,2,2,Y,转股价下修2次，成功下修2次,2023-06-26 开始转股,计算使用2.6年期 评级为A+ 债参考YTM：4.5745,N,3.4,全价：218.200 最后更新：15:34:00,,,,0,{'G': '本次（2026年1月28日至2026年2月25日）不提前赎回，以2026年5月26日作为首个交易日重新计算'},0,0,N,,,buy,buy
2026-05-21 10:52:12,128127,文科转债,wkzz,113.698,-0.21,002775,文科股份,wkgf,4.09,-1.45,46.48,3.92,104.34,0,8.97,122.67,620307,建筑装饰,szmb,C,2020-09-11,[],0,0,buy,A-,,2.744,5.096,34.4,buy,2026-08-20,0.249,8.036,7034.86,11810.9,7.68,4.64,,0,15:34:09,00,Y,N,2,2,Y,转股价下修2次，成功下修2次,2021-03-01 开始转股,计算使用0.3年期 评级为A- 债参考YTM：8.7195,N,9.5,全价：113.698 最后更新：15:34:09,,,,1,[],0,0,N,,,buy,buy
2026-05-21 10:52:12,127084,柳工转2,lgz2,135.74,-0.73,000528,柳工,lg,9.09,0.11,0.97,7.3,124.52,0,9.01,144.75,640601,机械设备,szmb,C,2023-04-20,[],0,0,buy,AAA,,5.11,9.49,13.4,buy,2029-03-27,2.852,24.809,22427.92,31080.35,6.62,-5.51,,0,15:33:57,00,Y,N,0,0,Y,,2023-10-09 开始转股,计算使用2.9年期 评级为AAA 债参考YTM：1.6630,N,30.0,全价：135.740 最后更新：15:33:57,,,,0,{'M': ''},0,0,N,,,buy,buy
2026-05-21 10:52:12,123187,超达转债,cdzz,252.989,-4.17,301186,超达装备,cdzb,71.62,-4.32,3.6,30.98,231.18,0,9.43,262.42,280205,汽车,szcy,C,2023-04-25,[],0,0,buy,A,,21.686,40.274,4.1,buy,2029-04-04,2.874,2.242,12705.35,12051.47,21.7,-23.37,,0,15:34:36,00,Y,N,0,0,Y,,2023-10-11 开始转股,计算使用2.9年期 评级为A 债参考YTM：7.0432,N,4.69,全价：252.989 最后更新：15:34:36,,,,0,"{'G': '本次（2026年4月10日至2026年4月30日）不提前赎回，以2026年7月31日之后的首个交易日重新起算', 'M': ''}",0,0,N,,,buy,buy
2026-05-21 10:52:12,127090,兴瑞转债,xrzz,144.0,-2.77,002937,兴瑞科技,xrkj,33.55,-6.73,6.37,25.5,131.57,0,9.45,153.45,280206,汽车,szmb,C,2023-08-15,[],0,0,buy,AA-,,17.85,33.15,4.6,buy,2029-07-24,3.178,4.616,50019.67,59741.81,72.29,-6.11,,0,15:34:42,00,Y,N,0,0,N,2026-05-18 至 2026-05-25 期间暂停转股：权益分派,2024-01-29 开始转股;2026-05-18 至 2026-05-25 期间暂停转股：权益分派,计算使用3.2年期 评级为AA- 债参考YTM：2.4361,N,4.62,全价：144.000 最后更新：15:34:42,,,,0,{'M': ''},0,0,N,,,buy,buy
2026-05-21 10:52:12,123160,泰福转债,tfzz,161.6,-4.24,300992,泰福泵业,tfby,29.09,-4.78,3.07,19.77,147.14,0,9.83,171.43,640106,机械设备,szcy,C,2022-10-25,[],0,0,buy,A,,13.839,25.701,10.3,buy,2028-09-28,2.359,2.315,10527.23,9442.88,27.49,-12.31,,0,15:34:24,00,Y,N,1,1,Y,转股价下修1次，成功下修1次,2023-04-11 开始转股,计算使用2.4年期 评级为A 债参考YTM：6.8468,N,3.349,全价：161.600 最后更新：15:34:24,,,,0,{'M': ''},0,0,N,,,buy,buy
2026-05-21 10:52:12,118011,银微转债,ywzz,142.473,-4.43,688689,银河微电,yhwd,40.5,-8.27,3.72,31.3,129.39,0,10.11,152.58,270102,电子,shkc,C,2022-08-02,[],0,0,buy,A+,,21.91,40.69,9.6,buy,2028-07-04,2.123,4.997,14452.16,25639.35,19.99,-8.24,,0,14:59:48,00,Y,N,0,0,Y,,2023-01-09 开始转股,计算使用2.2年期 评级为A+ 债参考YTM：4.4288,N,5.0,全价：142.473 最后更新：14:59:48,,,,0,{'M': ''},0,0,N,,,buy,buy
2026-05-21 10:52:12,127078,优彩转债,yczz,156.499,-3.69,002998,优彩资源,yczy,8.96,-4.07,1.75,6.31,142.0,0,10.21,166.71,220401,基础化工,szmb,C,2023-01-09,[],0,0,buy,A+,,4.417,8.203,17.2,buy,2028-12-14,2.57,4.159,5662.62,7985.81,8.51,-10.21,,0,15:33:54,00,Y,N,0,0,Y,,2023-06-20 开始转股,计算使用2.6年期 评级为A+ 债参考YTM：4.5745,N,6.0,全价：156.499 最后更新：15:33:54,,,,0,{'G': '本次（2026年1月21日至2026年2月24日）不提前赎回，自2026年5月24日后首个交易日重新计算'},0,0,N,,,buy,buy
2026-05-21 10:52:12,113042,上银转债,syzz,117.305,-0.52,601229,上海银行,shyh,9.09,0.11,0.49,8.57,106.07,0,10.59,127.9,480401,银行,shmb,C,2021-02-10,[],0,0,buy,AAA,,,11.141,15.5,buy,2027-01-25,0.682,199.776,36811.94,26382.08,1.57,-6.63,,0,14:59:57,00,Y,Y,0,0,Y,,2021-07-29 开始转股,计算使用0.7年期 评级为AAA 债参考YTM：1.4392,N,200.0,全价：117.305 最后更新：14:59:57,,,,0,{'M': ''},0,0,N,,,buy,buy
2026-05-21 10:52:12,123059,银信转债,yxzz,129.989,-2.12,300231,银信科技,yxkj,10.74,-5.79,2.85,9.15,117.38,0,10.74,140.73,710301,计算机,szcy,C,2020-08-12,[],0,0,buy,AA-,,6.405,11.895,3.3,buy,2026-07-15,0.151,1.569,3896.99,28527.06,18.79,-62.36,,0,15:34:06,00,Y,N,0,0,Y,,2021-01-21 开始转股,计算使用0.2年期 评级为AA- 债参考YTM：1.6654,N,3.914,全价：129.989 最后更新：15:34:06,,,,1,[],0,0,N,,,buy,buy
2026-05-21 10:52:12,123183,海顺转债,hszz,140.347,-0.03,300501,海顺新材,hsxc,14.59,-1.22,2.62,11.63,125.45,0,11.87,152.22,360206,轻工制造,szcy,C,2023-04-20,[],0,0,buy,AA-,,8.141,15.119,15.6,buy,2029-03-23,2.841,6.329,9658.18,16009.75,10.8,-5.87,,0,15:34:33,00,Y,N,2,0,Y,转股价下修2次，成功下修0次,2023-10-09 开始转股,计算使用2.9年期 评级为AA- 债参考YTM：2.3443,N,6.33,全价：140.347 最后更新：15:34:33,,,,0,[],0,0,N,,,buy,buy
2026-05-21 10:52:12,128128,齐翔转2,qxz2,114.746,-1.76,002408,齐翔腾达,qxtd,5.5,-3.0,1.42,5.37,102.42,0,12.03,126.78,750303,石油石化,szmb,C,2020-09-15,[],0,0,buy,AA,,3.759,6.981,4.5,buy,2026-08-20,0.249,6.792,4430.4,19628.13,5.64,-16.77,,0,15:34:21,00,Y,N,0,0,Y,,2021-02-26 开始转股,计算使用0.3年期 评级为AA 债参考YTM：1.4664,N,29.9,全价：114.746 最后更新：15:34:21,,,,1,{'M': ''},0,0,N,,,buy,buy
2026-05-21 10:52:12,127105,龙星转债,lxzz,143.0,-0.4,002442,龙星科技,lxkj,7.37,10.0,2.01,5.8,127.07,0,12.54,155.54,220603,基础化工,szmb,C,2024-03-06,[],0,0,buy,AA-,,4.06,7.54,20.8,buy,2030-01-31,3.701,7.54,59987.97,98816.35,55.13,-4.85,,0,15:34:48,00,Y,N,0,0,Y,,2024-08-07 开始转股,计算使用3.8年期 评级为AA- 债参考YTM：2.5243,N,7.54,全价：143.000 最后更新：15:34:48,,,,0,[],0,0,N,,,buy,buy
2026-05-21 10:52:12,113631,皖天转债,wtzz,139.976,-0.67,603689,皖天然气,wtrq,8.45,-1.05,1.16,6.81,124.08,0,12.81,152.79,410301,公用事业,shmb,C,2021-12-10,[],0,0,buy,AA+,,4.767,8.853,13.5,buy,2027-11-08,1.469,5.958,5033.28,5559.71,6.01,-14.33,,0,14:59:35,00,Y,N,0,0,N,2026-05-20 起暂停转股：权益分派,2022-05-12 开始转股;2026-05-20 起暂停转股：权益分派,计算使用1.5年期 评级为AA+ 债参考YTM：1.5911,N,9.3,全价：139.976 最后更新：14:59:35,,,,1,[],0,0,N,,,buy,buy
2026-05-21 10:52:12,113686,泰瑞转债,trzz,155.676,0.01,603289,泰瑞机器,trjq,11.17,-1.85,2.19,8.15,137.06,0,13.59,169.27,640209,机械设备,shmb,C,2024-07-24,[],0,0,buy,AA-,,5.705,10.595,10.3,buy,2030-07-02,4.118,3.363,22247.43,13798.98,41.4,-6.24,,0,14:59:56,00,Y,N,0,0,Y,,2025-01-08 开始转股,计算使用4.2年期 评级为AA- 债参考YTM：2.5881,N,3.378,全价：155.676 最后更新：14:59:56,,,,0,[],0,0,N,,,buy,buy
2026-05-21 10:52:12,127040,国泰转债,gtzz,133.731,-0.26,002091,江苏国泰,jsgt,8.98,0.67,0.89,7.65,117.39,0,13.92,147.65,450201,商贸零售,szmb,C,2021-08-10,[],0,0,buy,AA+,,5.355,9.945,27.8,buy,2027-07-07,1.129,39.863,8027.96,21782.56,1.5,-16.26,,0,15:34:15,00,Y,N,0,0,Y,,2022-01-13 开始转股,计算使用1.2年期 评级为AA+ 债参考YTM：1.5517,N,45.574,全价：133.731 最后更新：15:34:15,,,,1,{'M': ''},0,0,N,,,buy,buy
2026-05-21 10:52:12,113058,友发转债,yfzz,135.093,-1.08,601686,友发集团,yfjt,5.31,-1.48,1.14,4.48,118.53,0,13.98,149.07,230403,钢铁,shmb,C,2022-04-26,[],0,0,buy,AA,,3.136,5.824,23.8,buy,2028-03-30,1.86,18.638,15324.4,2348.79,6.05,-8.89,,0,14:59:01,00,Y,N,2,2,Y,转股价下修2次，成功下修2次,2022-10-10 开始转股,计算使用1.9年期 评级为AA 债参考YTM：1.6654,N,20.0,全价：135.093 最后更新：14:59:01,,,,1,{'G': '本次（2026年1月27日至2026年2月24日）不提前赎回，自2026年5月24日后首个交易日重新计算'},0,0,N,,,buy,buy
2026-05-21 10:52:12,127103,东南转债,dnzz,174.558,-2.75,002135,东南网架,dnwj,8.57,-4.88,1.51,5.6,153.04,0,14.06,188.62,620401,建筑装饰,szmb,C,2024-01-24,[],0,0,buy,AA,,3.92,7.28,22.4,buy,2030-01-03,3.625,19.999,14133.45,34585.02,3.97,-11.65,,0,15:34:42,00,Y,N,0,0,Y,,2024-07-09 开始转股,计算使用3.7年期 评级为AA 债参考YTM：1.9395,N,20.0,全价：174.558 最后更新：15:34:42,,,,0,"{'G': '本次（2026年3月17日至2026年4月28日）不提前赎回，自2026年7月28日后首个交易日重新计算', 'M': ''}",0,0,N,,,buy,buy
2026-05-21 10:52:12,127053,豪美转债,hmzz,215.9,2.08,002988,豪美新材,hmxc,32.61,-2.1,2.99,17.23,189.26,0,14.07,229.97,240301,有色金属,szmb,C,2022-03-04,[],0,0,buy,AA-,,12.061,22.399,3.2,buy,2028-01-24,1.68,2.575,37387.09,19611.22,66.01,-29.59,,0,15:34:24,00,Y,N,1,1,Y,转股价下修1次，成功下修1次,2022-07-28 开始转股,计算使用1.7年期 评级为AA- 债参考YTM：1.9874,N,8.24,全价：215.900 最后更新：15:34:24,,,,1,[],0,0,N,,,buy,buy
2026-05-21 10:52:12,123241,欧通转债,otzz,1031.0,-3.55,300870,欧陆通,olt,391.0,-6.01,16.13,43.43,900.3,0,14.52,1045.52,630306,电力设备,szcy,C,2024-07-26,[],0,0,buy,AA-,,30.401,56.459,0.6,buy,2030-07-05,4.126,2.605,96952.82,158766.76,34.91,-41.46,,0,15:34:39,00,Y,N,0,0,N,2026-05-19 起暂停转股：权益分派,2025-01-13 开始转股;2026-05-19 起暂停转股：权益分派,计算使用4.2年期 评级为AA- 债参考YTM：2.5881,N,6.445,全价：1031.000 最后更新：15:34:39,,,,0,"{'G': '本次（2026年4月14日至2026年5月7日）不提前赎回，自2026年8月7日后首个交易日重新计算', 'M': ''}",0,0,N,,,buy,buy
2026-05-21 10:52:12,110095,双良转债,slzz,144.669,0.23,600481,双良节能,sljn,7.8,6.56,3.63,6.18,126.21,0,14.62,159.29,630501,电力设备,shmb,C,2023-09-08,[],0,0,buy,AA-,,4.326,8.034,8.7,buy,2029-08-08,3.219,14.006,91829.64,283707.88,44.87,-7.2,,0,14:59:59,00,Y,N,2,2,Y,转股价下修2次，成功下修2次,2024-02-19 开始转股,计算使用3.3年期 评级为AA- 债参考YTM：2.4566,N,26.0,全价：144.669 最后更新：14:59:59,,,,0,{'M': ''},0,0,N,,,buy,buy
2026-05-21 10:52:12,123091,长海转债,chzz,142.7,-0.16,300196,长海股份,chgf,18.59,-3.83,1.55,14.99,124.02,0,15.07,157.77,610202,建筑材料,szcy,C,2021-01-15,[],0,0,buy,AA,,10.493,19.487,12.0,buy,2026-12-23,0.592,5.497,14531.32,48860.55,18.18,-37.72,,0,15:34:12,00,Y,N,0,0,Y,,2021-06-29 开始转股,计算使用0.6年期 评级为AA 债参考YTM：1.4707,N,5.5,全价：142.700 最后更新：15:34:12,,,,1,[],0,0,N,,,buy,buy
2026-05-21 10:52:12,123076,强力转债,qlzz,136.484,-3.27,300429,强力新材,qlxc,15.04,-7.73,4.52,12.7,118.43,0,15.25,151.73,270601,电子,szcy,C,2020-12-04,[],0,0,buy,AA-,,8.89,16.51,8.4,buy,2026-11-19,0.499,5.113,13120.58,94810.48,18.47,-34.7,,0,15:34:06,00,Y,N,1,1,Y,转股价下修1次，成功下修1次,2021-05-25 开始转股,计算使用0.5年期 评级为AA- 债参考YTM：1.7164,N,8.5,全价：136.484 最后更新：15:34:06,,,,1,{'M': ''},0,0,N,,,buy,buy
2026-05-21 10:52:12,113681,镇洋转债,zyzz,140.905,-0.63,603213,镇洋发展,zyfz,13.65,0.07,3.05,11.2,121.88,0,15.61,156.52,220202,基础化工,shmb,C,2024-01-17,[],0,0,buy,AA-,,7.84,14.56,9.6,buy,2029-12-29,3.611,5.797,4626.99,6336.93,5.63,-4.58,,0,14:59:30,00,Y,N,0,0,N,2026-05-15 至 2026-05-22 期间暂停转股：权益分派,2024-07-05 开始转股;2026-05-15 至 2026-05-22 期间暂停转股：权益分派,计算使用3.7年期 评级为AA- 债参考YTM：2.5121,N,6.6,全价：140.905 最后更新：14:59:30,,,,0,[],0,0,N,,,buy,buy
2026-05-21 10:52:12,113039,嘉泽转债,jzzz,213.692,-4.64,601619,嘉泽新能,jzxn,5.37,-2.54,1.95,2.91,184.54,0,15.8,229.49,410107,公用事业,shmb,C,2020-09-17,[],0,0,buy,AA,,2.037,3.783,2.2,buy,2026-08-24,0.26,2.865,31206.12,26150.58,49.19,-190.01,,0,14:59:58,00,Y,N,0,0,Y,,2021-03-01 开始转股,计算使用0.3年期 评级为AA 债参考YTM：1.4664,N,13.0,全价：213.692 最后更新：14:59:58,,,,1,"{'G': '本次（2026年3月26日至2026年4月16日）不提前赎回，至到期日（2026年8月23日）均不行使赎回权利', 'M': ''}",0,0,N,,,buy,buy
2026-05-21 10:52:12,123225,翔丰转债,xfzz,155.4,-2.87,300890,翔丰华,xfh,36.82,-3.16,1.93,27.44,134.18,0,15.81,171.21,630702,电力设备,szcy,C,2023-10-26,[],0,0,buy,AA-,,19.208,35.672,13.9,buy,2029-10-10,3.392,5.585,27506.86,48615.55,30.87,-6.9,,0,15:34:33,00,Y,N,1,1,Y,转股价下修1次，成功下修1次,2024-04-16 开始转股,计算使用3.4年期 评级为AA- 债参考YTM：2.4735,N,8.0,全价：155.400 最后更新：15:34:33,,,,0,"{'G': '本次（2026年4月22日至2026年5月15日）不提前赎回，自2026年8月15日后首个交易日重新计算', 'M': ''}",0,0,N,,,buy,buy
2026-05-21 10:52:12,128136,立讯转债,lxzz,140.835,-2.91,002475,立讯精密,lxjm,67.87,-3.14,5.56,55.97,121.26,0,16.14,156.98,270504,电子,szmb,C,2020-12-02,[],0,0,buy,AA+,,39.179,72.761,0.6,buy,2026-11-03,0.455,29.982,31423.55,1379688.44,7.29,-51.57,,0,15:34:24,00,Y,N,0,0,Y,,2021-05-10 开始转股,计算使用0.5年期 评级为AA+ 债参考YTM：1.4464,N,30.0,全价：140.835 最后更新：15:34:24,,,,1,{'M': ''},0,0,N,,,buy,buy
2026-05-21 10:52:12,113605,大参转债,dszz,116.709,-0.95,603233,大参林,dsl,17.41,-2.85,2.52,17.35,100.35,0,16.31,133.02,370403,医药生物,shmb,C,2020-11-13,[],0,0,buy,AA,,12.145,22.555,7.1,buy,2026-10-22,0.422,14.045,6111.35,10177.06,3.71,-13.71,,0,14:59:53,00,Y,N,1,1,Y,转股价下修1次，成功下修1次,2021-04-28 开始转股,计算使用0.5年期 评级为AA 债参考YTM：1.4664,N,14.05,全价：116.709 最后更新：14:59:53,,,,1,{'M': ''},0,0,N,,,buy,buy
2026-05-21 10:52:12,123251,华医转债,hyzz,363.804,-4.91,301235,华康洁净,hkjj,70.13,-7.28,3.97,22.43,312.66,0,16.36,380.16,370502,医药生物,szcy,C,2025-01-09,[],0,0,buy,A+,,15.701,29.159,13.7,buy,2030-12-23,4.595,7.012,64359.9,59165.41,24.32,-21.73,,0,15:33:57,00,Y,N,0,0,N,2026-05-21 起暂停转股：权益分派,2025-06-27 开始转股;2026-05-21 起暂停转股：权益分派,计算使用4.6年期 评级为A+ 债参考YTM：5.0112,N,7.5,全价：363.804 最后更新：15:33:57,,,,0,"{'G': '本次（2025年11月20日至2025年12月15日）不提前赎回，自2026年6月15日后首个交易日重新计算', 'M': ''}",0,0,N,,,buy,buy
2026-05-21 10:52:12,113646,永吉转债,yjzz,152.298,-2.36,603058,永吉股份,yjgf,10.5,-5.83,3.64,8.05,130.44,0,16.76,169.06,360205,轻工制造,shmb,C,2022-05-17,[],0,0,buy,AA-,,5.635,10.465,3.2,buy,2028-04-14,1.901,1.372,6438.73,12403.26,30.16,-15.82,,0,14:59:59,00,Y,N,0,0,Y,,2022-10-20 开始转股,计算使用2.0年期 评级为AA- 债参考YTM：2.0376,N,1.459,全价：152.298 最后更新：14:59:59,,,,1,[],0,0,N,,,buy,buy
2026-05-21 10:52:12,123247,万凯转债,wkzz,281.01,-6.95,301216,万凯新材,wkxc,27.18,-5.63,2.4,11.3,240.53,0,16.83,297.84,220501,基础化工,szcy,C,2024-09-05,[],0,0,buy,AA,,7.91,14.69,13.2,buy,2030-08-16,4.241,19.643,28199.16,35985.49,4.94,-19.31,,0,15:34:18,00,Y,N,0,0,Y,,2025-02-24 开始转股,计算使用4.3年期 评级为AA 债参考YTM：2.0389,N,27.0,全价：281.010 最后更新：15:34:18,,,,0,"{'G': '本次（2026年2月24日至2026年3月16日）不提前赎回，自2026年6月16日后首个交易日重新计算', 'M': ''}",0,0,N,,,buy,buy
2026-05-21 10:52:12,113615,金诚转债,jczz,630.832,0.3,603979,金诚信,jcx,63.5,0.71,3.4,11.78,539.05,0,17.03,647.86,240302,有色金属,shmb,C,2021-01-14,[],0,0,buy,AA,,8.246,15.314,1.3,buy,2026-12-23,0.592,4.958,43206.28,87693.14,13.54,-139.64,,0,14:59:58,00,Y,N,0,0,Y,,2021-06-29 开始转股,计算使用0.6年期 评级为AA 债参考YTM：1.4707,N,10.0,全价：630.832 最后更新：14:59:58,,,,1,"{'G': '本次（2025年10月10日至2025年10月30日）不提前赎回，至2026年12月22日到期均不提前赎回', 'M': ''}",0,0,N,,,buy,buy
2026-05-21 10:52:12,127037,银轮转债,ylzz,672.0,0.3,002126,银轮股份,ylgf,59.66,2.6,6.69,10.39,574.21,0,17.03,689.03,280203,汽车,szmb,C,2021-07-09,[],0,0,buy,AA,,7.273,13.507,1.1,buy,2027-06-07,1.047,5.055,94401.5,324321.44,26.89,-82.21,,0,15:34:51,00,Y,N,0,0,N,2026-05-13 至 2026-05-21 期间暂停转股：权益分派,2021-12-13 开始转股;2026-05-13 至 2026-05-21 期间暂停转股：权益分派,计算使用1.1年期 评级为AA 债参考YTM：1.5681,N,7.0,全价：672.000 最后更新：15:34:51,,,,1,"{'G': '本次（2025年5月1日至2025年5月26日）不提前赎回，2026年5月26日后首个交易日重新计算', 'M': ''}",0,0,N,,,buy,buy
2026-05-21 10:52:12,127110,广核转债,ghzz,140.4,-2.77,003816,中国广核,zggh,4.4,-3.93,1.76,3.67,119.89,0,17.11,157.51,410108,公用事业,szmb,C,2025-07-25,[],0,0,buy,AAA,,2.569,4.771,2.8,buy,2031-07-09,5.137,48.993,69265.34,90767.82,10.02,-4.68,,0,15:34:51,00,Y,N,0,0,Y,,2026-01-15 开始转股,计算使用5.2年期 评级为AAA 债参考YTM：1.8127,N,49.0,全价：140.400 最后更新：15:34:51,,,,0,"{'M': '', 'EX': '中国广核集团有限公司竞价、大宗减持13.16% 2026年05月18日公告'}",0,0,N,,,buy,buy
2026-05-21 10:52:12,113051,节能转债,jnzz,158.542,-2.44,601016,节能风电,jnfd,4.5,-3.64,1.63,3.33,135.14,0,17.32,175.86,410107,公用事业,shmb,C,2021-07-22,[],0,0,buy,AA+,,2.331,4.329,9.8,buy,2027-06-21,1.085,26.52,43575.82,159710.79,10.14,-27.83,,0,14:59:58,00,Y,N,1,0,Y,转股价下修1次，成功下修0次,2021-12-27 开始转股,计算使用1.1年期 评级为AA+ 债参考YTM：1.5349,N,30.0,全价：158.542 最后更新：14:59:58,,,,1,"{'G': '本次（2026年4月23日至2026年5月19日）不提前赎回，自2026年8月19日之后的首个交易日重新起算', 'M': ''}",0,0,N,,,buy,buy
2026-05-21 10:52:12,111000,起帆转债,qfzz,247.579,-2.48,605222,起帆电缆,qfdl,36.48,-0.16,3.11,17.35,210.26,0,17.75,265.33,630805,电力设备,shmb,C,2021-06-17,[],0,0,buy,AA-,,12.145,22.555,6.6,buy,2027-05-24,1.008,9.992,161876.83,77815.94,63.4,-52.88,,0,15:00:00,00,Y,N,1,1,Y,转股价下修1次，成功下修1次,2021-11-29 开始转股,计算使用1.1年期 评级为AA- 债参考YTM：1.8692,N,10.0,全价：247.579 最后更新：15:00:00,,,,1,{'G': '本次（2026年3月13日至2026年4月20日）不提前赎回，以2026年10月21日为首个交易日重新起算'},0,0,N,,,buy,buy
2026-05-21 10:52:12,123213,天源转债,tyzz,221.7,2.11,301127,武汉天源,whty,13.37,0.75,2.61,7.14,187.26,0,18.39,240.09,760102,环保,szcy,C,2023-08-16,[],0,0,buy,AA-,,4.998,9.282,3.7,buy,2029-07-28,3.189,3.26,33127.77,27894.17,44.99,-18.58,,0,15:34:03,00,Y,N,0,0,Y,,2024-02-05 开始转股,计算使用3.2年期 评级为AA- 债参考YTM：2.4361,N,10.0,全价：221.700 最后更新：15:34:03,,,,0,"{'G': '本次（2026年3月13日至2026年4月2日）不提前赎回，自2026年10月2日后首个交易日重新计算', 'M': ''}",0,0,N,,,buy,buy
2026-05-21 10:52:12,113048,晶科转债,jkzz,163.161,-4.09,601778,晶科科技,jkkj,6.11,-4.98,1.42,4.5,135.78,0,20.17,183.33,410106,公用事业,shmb,C,2021-05-31,[],0,0,buy,AA,,3.15,5.85,6.8,buy,2027-04-23,0.923,15.456,44004.47,183778.75,17.01,-34.06,,0,14:59:58,00,Y,N,2,2,Y,转股价下修2次，成功下修2次,2021-10-29 开始转股,计算使用1.0年期 评级为AA 债参考YTM：1.5455,N,30.0,全价：163.161 最后更新：14:59:58,,,,1,"{'G': '本次（2026年3月25日至2026年5月6日）不提前赎回，以2026年8月7日为首个交易日重新计算', 'M': ''}",0,0,N,,,buy,buy
2026-05-21 10:52:12,123216,科顺转债,kszz,136.599,-1.83,300737,科顺股份,ksgf,7.55,-5.98,2.07,6.67,113.19,0,20.68,157.28,610304,建筑材料,szcy,C,2023-08-23,[],0,0,buy,AA,,4.669,8.671,32.8,buy,2029-08-04,3.208,21.978,26111.46,55659.46,8.57,-4.22,,0,15:34:36,00,Y,N,2,1,Y,转股价下修2次，成功下修1次,2024-02-19 开始转股,计算使用3.3年期 评级为AA 债参考YTM：1.8672,N,21.98,全价：136.599 最后更新：15:34:36,,,,0,{'M': ''},0,0,N,,,buy,buy
2026-05-21 10:52:12,118044,赛特转债,stzz,210.012,-3.06,688398,赛特新材,stxc,32.76,-4.8,4.8,18.9,173.33,0,21.16,231.17,220309,基础化工,shkc,C,2023-10-12,[],0,0,buy,A+,,13.23,24.57,8.0,buy,2029-09-11,3.312,4.42,12478.46,12180.5,13.02,-16.38,,0,14:59:57,00,Y,N,1,1,Y,转股价下修1次，成功下修1次,2024-03-15 开始转股,计算使用3.4年期 评级为A+ 债参考YTM：4.8275,N,4.42,全价：210.012 最后更新：14:59:57,,,,0,"{'G': '本次（2026年3月10日至2026年4月20日）不提前赎回，以2026年10月21日起算', 'M': ''}",0,0,N,,,buy,buy
2026-05-21 10:52:12,113632,鹤21转债,h21zz,132.761,-1.26,603733,仙鹤股份,xhgf,20.74,-1.19,1.63,18.99,109.22,0,21.56,154.32,360103,轻工制造,shmb,C,2021-12-09,[],0,0,buy,AA,,13.293,24.687,13.7,buy,2027-11-17,1.493,20.166,7199.02,5482.03,2.67,-9.92,,0,14:59:38,00,Y,N,2,2,Y,转股价下修2次，成功下修2次,2022-05-23 开始转股,计算使用1.5年期 评级为AA 债参考YTM：1.6261,N,20.5,全价：132.761 最后更新：14:59:38,,,,1,{'M': ''},0,0,N,,,buy,buy
2026-05-21 10:52:12,111018,华康转债,hkzz,138.585,0.47,605077,华康股份,hkgf,18.5,3.29,1.72,16.26,113.78,0,21.8,160.39,220315,基础化工,shmb,C,2024-01-15,[],0,0,buy,AA-,,11.382,21.138,23.5,buy,2029-12-25,3.6,13.022,11788.57,45403.37,6.48,-4.15,,0,14:59:07,00,Y,N,0,0,Y,,2024-07-01 开始转股,计算使用3.6年期 评级为AA- 债参考YTM：2.5003,N,13.03,全价：138.585 最后更新：14:59:07,,,,0,[],0,0,N,,,buy,buy
2026-05-21 10:52:12,128125,华阳转债,hyzz,114.065,0.0,002949,华阳国际,hygj,13.42,-4.07,1.66,14.39,93.26,0,22.31,136.38,620601,建筑装饰,szmb,C,2020-08-21,[],0,0,buy,AA-,,10.073,18.707,22.1,buy,2026-07-30,0.192,4.496,5519.36,4095.09,10.76,-4.94,,0,15:33:57,00,Y,N,2,2,Y,转股价下修2次，成功下修2次,2021-02-05 开始转股,计算使用0.2年期 评级为AA- 债参考YTM：1.6654,N,4.5,全价：114.065 最后更新：15:33:57,,,,1,[],0,0,N,,,buy,buy
2026-05-21 10:52:12,123222,博俊转债,bjzz,158.921,-1.54,300926,博俊科技,bjkj,21.35,0.0,2.52,16.46,129.71,0,22.52,181.44,280205,汽车,szcy,C,2023-09-28,[],0,0,buy,A+,,11.522,21.398,3.8,buy,2029-09-08,3.304,2.439,7905.63,13288.55,20.22,-8.47,,0,15:34:45,00,Y,N,0,0,Y,,2024-03-14 开始转股,计算使用3.4年期 评级为A+ 债参考YTM：4.8275,N,5.0,全价：158.921 最后更新：15:34:45,,,,0,"{'G': '本次（2025年11月24日至2025年12月12日）不提前赎回，自2026年6月12日后首个交易日重新计算', 'M': ''}",0,0,N,,,buy,buy
2026-05-21 10:52:12,118031,天23转债,t23zz,126.26,-1.07,688599,天合光能,thgn,16.48,-3.85,1.86,16.0,103.0,0,22.58,148.84,630502,电力设备,shkc,C,2023-03-15,[],0,0,buy,AA,,11.2,20.8,15.2,buy,2029-02-13,2.737,58.512,14774.62,86549.84,1.98,-2.39,,0,15:00:00,00,Y,N,2,2,Y,转股价下修2次，成功下修2次,2023-08-17 开始转股,计算使用2.8年期 评级为AA 债参考YTM：1.7910,N,88.648,全价：126.260 最后更新：15:00:00,,,,0,{'M': ''},0,0,N,,,buy,buy
2026-05-21 10:52:12,113695,华辰转债,hczz,153.054,0.39,603097,江苏华辰,jshc,29.29,0.24,4.25,23.48,124.74,0,22.69,175.74,630801,电力设备,shmb,C,2025-07-10,[],0,0,buy,A+,,16.436,30.524,9.8,buy,2031-06-20,5.085,4.597,16535.53,23015.51,23.36,-4.92,,0,14:59:58,00,Y,N,0,0,Y,,2025-12-26 开始转股,计算使用5.1年期 评级为A+ 债参考YTM：5.1010,N,4.6,全价：153.054 最后更新：14:59:58,,,,0,[],0,0,N,,,buy,buy
2026-05-21 10:52:12,113673,岱美转债,dmzz,196.675,0.15,603730,岱美股份,dmgf,11.81,0.85,5.05,7.37,160.24,0,22.73,219.41,280202,汽车,shmb,C,2023-08-10,[],0,0,buy,AA,,5.159,9.581,3.6,buy,2029-07-18,3.162,9.079,33276.29,45352.3,18.23,-15.58,,0,14:59:58,00,Y,N,1,1,Y,转股价下修1次，成功下修1次,2024-01-24 开始转股,计算使用3.2年期 评级为AA 债参考YTM：1.8505,N,9.079,全价：196.675 最后更新：14:59:58,,,,0,{'M': ''},0,0,N,,,buy,buy
2026-05-21 10:52:12,127067,恒逸转2,hyz2,166.01,-7.0,000703,恒逸石化,hysh,14.02,-4.43,1.98,10.37,135.2,0,22.79,188.8,750301,石油石化,szmb,C,2022-08-18,[],0,0,buy,AA+,,7.259,13.481,5.6,buy,2028-07-21,2.17,29.994,37768.97,74610.25,7.45,-16.77,,0,15:34:00,00,Y,N,0,0,Y,,2023-01-30 开始转股,计算使用2.2年期 评级为AA+ 债参考YTM：1.6711,N,30.0,全价：166.010 最后更新：15:34:00,,,,0,"{'G': '本次（至2026年4月27日）不提前赎回，从2026年7月28日开始计算', 'M': ''}",0,0,N,,,buy,buy
2026-05-21 10:52:12,127095,广泰转债,gtzz,147.184,-0.87,002111,威海广泰,whgt,10.87,-2.69,1.82,9.07,119.85,0,22.81,169.99,650201,国防军工,szmb,C,2023-11-10,[],0,0,buy,AA-,,6.349,11.791,13.0,buy,2029-10-18,3.414,6.927,5723.64,11183.9,5.56,-6.07,,0,15:34:06,00,Y,N,0,0,Y,,2024-04-24 开始转股,计算使用3.5年期 评级为AA- 债参考YTM：2.4877,N,7.0,全价：147.184 最后更新：15:34:06,,,,0,[],0,0,N,,,buy,buy
2026-05-21 10:52:12,118051,皓元转债,hyzz,227.718,1.04,688131,皓元医药,hyyy,75.03,-0.48,4.96,40.47,185.4,0,22.83,250.55,370603,医药生物,shkc,C,2024-12-19,[],0,0,buy,AA-,,28.329,52.611,5.2,buy,2030-11-28,4.526,8.218,26741.34,68442.86,14.27,-13.85,,0,14:59:56,00,Y,N,0,0,Y,,2025-06-04 开始转股,计算使用4.6年期 评级为AA- 债参考YTM：2.6553,N,8.223,全价：227.718 最后更新：14:59:56,,,,0,{'M': ''},0,0,N,,,buy,buy
2026-05-21 10:52:12,123176,精测转2,jcz2,363.0,-2.38,300567,精测电子,jcdz,190.83,-3.9,12.06,64.71,294.9,0,23.09,386.09,640107,机械设备,szcy,C,2023-03-22,[],0,0,buy,AA-,,45.297,84.123,2.9,buy,2029-03-02,2.784,12.753,93712.49,342935.61,19.37,-34.1,,0,15:34:30,00,Y,N,0,0,N,2026-05-21 起暂停转股：权益分派,2023-09-08 开始转股;2026-05-21 起暂停转股：权益分派,计算使用2.8年期 评级为AA- 债参考YTM：2.3068,N,12.76,全价：363.000 最后更新：15:34:30,,,,0,"{'G': '本次（2025年12月23日至2026年1月14日）不提前赎回，自2026年7月14日后首个交易日重新计算', 'M': ''}",0,0,N,,,buy,buy
2026-05-21 10:52:12,113043,财通转债,ctzz,123.403,-0.47,601108,财通证券,ctzq,8.04,-1.71,0.97,8.03,100.13,0,23.25,146.65,490101,非银金融,shmb,C,2020-12-28,[],0,0,buy,AAA,,,10.439,10.2,buy,2026-12-10,0.556,37.992,15118.04,77374.73,3.17,-25.48,,0,14:59:45,00,Y,Y,1,1,Y,转股价下修1次，成功下修1次,2021-06-16 开始转股,计算使用0.6年期 评级为AAA 债参考YTM：1.4300,N,38.0,全价：123.403 最后更新：14:59:45,,,,0,{'M': ''},0,0,N,,,buy,buy
2026-05-21 10:52:12,113667,春23转债,c23zz,253.81,2.45,603890,春秋电子,cqdz,20.88,5.51,2.77,10.15,205.71,0,23.38,277.19,270504,电子,shmb,C,2023-04-11,[],0,0,buy,AA-,,7.105,13.195,6.1,buy,2029-03-17,2.825,5.699,223383.29,168176.84,151.45,-23.91,,0,15:00:00,00,Y,N,0,0,Y,,2023-09-25 开始转股,计算使用2.9年期 评级为AA- 债参考YTM：2.3443,N,5.7,全价：253.810 最后更新：15:00:00,,,,0,"{'G': '本次（2026年3月27日至2026年4月17日）不提前赎回，自2026年7月17日之后的首个交易日重新起算', 'M': ''}",0,0,N,,,buy,buy
2026-05-21 10:52:12,113624,正川转债,zczz,135.403,1.2,603976,正川股份,zcgf,22.0,3.82,2.75,20.07,109.62,0,23.52,158.92,370503,医药生物,shmb,C,2021-06-01,[],0,0,buy,A+,,14.049,26.091,12.2,buy,2027-04-28,0.937,4.048,8784.95,12156.26,15.94,-16.13,,0,14:59:56,00,Y,N,1,1,N,"转股价下修1次，成功下修1次
2026-05-21 起暂停转股：权益分派
转股价20.070生效日期2025-10-16",2021-11-08 开始转股;2026-05-21 起暂停转股：权益分派,计算使用1.0年期 评级为A+ 债参考YTM：4.1755,N,4.05,全价：135.403 最后更新：14:59:56,,,,1,[],0,0,N,,,buy,buy
2026-05-21 10:52:12,123131,奥飞转债,afzz,300.66,-4.13,300738,奥飞数据,afsj,24.47,-8.45,6.19,10.06,243.24,0,23.61,324.27,730104,通信,szcy,C,2021-12-22,[],0,0,buy,A+,,7.042,13.078,1.3,buy,2027-12-03,1.537,3.161,40507.11,278499.0,41.46,-46.14,,0,15:34:15,00,Y,N,0,0,Y,,2022-06-09 开始转股,计算使用1.6年期 评级为A+ 债参考YTM：4.3089,N,6.35,全价：300.660 最后更新：15:34:15,,,,1,{'M': ''},0,0,N,,,buy,buy
2026-05-21 10:52:12,123092,天壕转债,thzz,130.646,-2.87,300332,天壕能源,thny,5.22,-5.09,1.15,4.98,104.82,0,24.64,155.29,410301,公用事业,szcy,C,2021-01-15,[],0,0,buy,A+,,3.486,6.474,7.9,buy,2026-12-24,0.595,3.417,5865.87,21117.97,12.95,-20.24,,0,15:34:15,00,Y,N,0,0,Y,,2021-06-30 开始转股,计算使用0.6年期 评级为A+ 债参考YTM：4.0627,N,4.23,全价：130.646 最后更新：15:34:15,,,,1,{'M': ''},0,0,N,,,buy,buy
2026-05-21 10:52:12,111015,东亚转债,dyzz,137.1,0.16,605177,东亚药业,dyyy,22.29,0.04,1.44,20.28,109.91,0,24.74,161.84,370101,医药生物,shmb,C,2023-08-02,[],0,0,buy,A+,,14.196,26.364,26.3,buy,2029-07-06,3.129,6.662,9048.0,13384.22,9.83,-4.43,,0,14:59:32,00,Y,N,1,1,Y,转股价下修1次，成功下修1次,2024-01-12 开始转股,计算使用3.2年期 评级为A+ 债参考YTM：4.7881,N,6.9,全价：137.100 最后更新：14:59:32,,,,0,[],0,0,N,,,buy,buy
2026-05-21 10:52:12,113677,华懋转债,hmzz,399.235,-4.23,603306,华懋科技,hmkj,107.48,-5.05,10.19,33.74,318.55,0,25.33,424.57,280202,汽车,shmb,C,2023-10-12,[],0,0,buy,AA-,,23.618,43.862,3.0,buy,2029-09-14,3.321,10.489,52099.14,180736.25,12.06,-31.41,,0,15:00:00,00,Y,N,0,0,Y,,2024-03-20 开始转股,计算使用3.4年期 评级为AA- 债参考YTM：2.4735,N,10.5,全价：399.235 最后更新：15:00:00,,,,0,"{'G': '本次（2026年3月6日至2026年3月26日）不提前赎回，自2026年6月26日之后的首个交易日重新起算', 'M': ''}",0,0,N,,,buy,buy
2026-05-21 10:52:12,113697,应流转债,ylzz,294.979,-4.45,603308,应流股份,ylgf,71.67,-2.48,9.39,30.47,235.22,0,25.41,320.39,640108,机械设备,shmb,C,2025-10-22,[],0,0,buy,AA+,,21.329,39.611,3.1,buy,2031-09-19,5.334,14.997,52305.98,132165.53,11.32,-16.68,,0,15:00:00,00,Y,N,0,0,Y,,2026-03-25 开始转股,计算使用5.4年期 评级为AA+ 债参考YTM：1.9198,N,15.0,全价：294.979 最后更新：15:00:00,,,,0,"{'G': '本次（2026年3月25日至2026年4月15日）不提前赎回，2026年7月15日之后的首个交易日重新起算', 'M': ''}",0,0,N,,,buy,buy
2026-05-21 10:52:12,123158,宙邦转债,zbzz,206.315,-1.52,300037,新宙邦,xzb,66.53,-2.06,4.47,40.49,164.31,0,25.56,231.88,630702,电力设备,szcy,C,2022-10-21,[],0,0,buy,AA,,28.343,52.637,5.0,buy,2028-09-26,2.353,18.046,64332.99,296696.82,16.67,-22.8,,0,15:34:21,00,Y,N,0,0,Y,,2023-03-30 开始转股,计算使用2.4年期 评级为AA 债参考YTM：1.7330,N,19.7,全价：206.315 最后更新：15:34:21,,,,0,"{'G': '本次（2025年12月25日至2026年1月22日）不提前赎回，自2026年7月22日后首个交易日重新计算', 'M': ''}",0,0,N,,,buy,buy
2026-05-21 10:52:12,123149,通裕转债,tyzz,136.488,-1.41,300185,通裕重工,tyzg,2.94,-2.97,1.63,2.71,108.49,0,25.81,162.3,630602,电力设备,szcy,C,2022-07-15,[],0,0,buy,AA,,1.897,3.523,9.8,buy,2028-06-20,2.085,11.069,13582.95,38603.96,8.92,-7.93,,0,15:34:21,00,Y,N,0,0,Y,,2022-12-26 开始转股,计算使用2.1年期 评级为AA 债参考YTM：1.6910,N,14.847,全价：136.488 最后更新：15:34:21,,,,0,{'M': ''},0,0,N,,,buy,buy
2026-05-21 10:52:12,111012,福新转债,fxzz,432.471,0.55,605488,福莱新材,flxc,38.44,4.29,5.09,11.22,342.6,0,26.23,458.7,220505,基础化工,shmb,C,2023-02-07,[],0,0,buy,A+,,7.854,14.586,1.0,buy,2029-01-04,2.627,1.017,130544.33,101747.74,290.3,-39.19,,0,15:00:00,00,Y,N,0,0,Y,,2023-07-10 开始转股,计算使用2.7年期 评级为A+ 债参考YTM：4.6146,N,4.29,全价：432.471 最后更新：15:00:00,,,,0,{'G': '本次（2026年2月27日至2026年3月19日）不提前赎回，自2026年6月19日之后的首个交易日重新起算'},0,0,N,,,buy,buy
2026-05-21 10:52:12,127030,盛虹转债,shzz,119.7,-1.64,000301,东方盛虹,dfsh,12.52,-1.57,2.32,13.21,94.78,0,26.3,146.0,750301,石油石化,szmb,C,2021-04-21,[],0,0,buy,AA+,,9.247,17.173,6.0,buy,2027-03-22,0.836,49.974,11004.99,34948.65,1.82,-11.7,,0,15:34:39,00,Y,N,0,0,Y,,2021-09-27 开始转股,计算使用0.9年期 评级为AA+ 债参考YTM：1.4913,N,50.0,全价：119.700 最后更新：15:34:39,,,,1,{'M': ''},0,0,N,,,buy,buy
2026-05-21 10:52:12,111001,山玻转债,sbzz,161.886,0.5,605006,山东玻纤,sdbx,14.31,-0.42,3.31,11.18,128.0,0,26.48,188.37,610202,建筑材料,shmb,C,2021-12-06,[],0,0,buy,AA-,,7.826,14.534,7.0,buy,2027-11-08,1.469,5.994,155805.03,97252.87,155.27,-20.1,,0,15:00:00,00,Y,N,0,0,Y,,2022-05-12 开始转股,计算使用1.5年期 评级为AA- 债参考YTM：1.9573,N,6.0,全价：161.886 最后更新：15:00:00,,,,0,[],0,0,N,,,buy,buy
2026-05-21 10:52:12,123080,海波转债,hbzz,141.599,-1.53,300517,海波重科,hbzk,12.72,-4.29,2.38,11.38,111.78,0,26.68,168.28,620401,建筑装饰,szcy,C,2020-12-22,[],0,0,buy,A+,,7.966,14.794,9.3,buy,2026-12-02,0.534,1.486,4399.13,15344.69,20.68,-28.7,,0,15:34:12,00,Y,N,0,0,N,2026-05-21 起暂停转股：权益分派,2021-06-08 开始转股;2026-05-21 起暂停转股：权益分派,计算使用0.6年期 评级为A+ 债参考YTM：4.0627,N,2.45,全价：141.599 最后更新：15:34:12,,,,1,[],0,0,N,,,buy,buy
2026-05-21 10:52:12,118034,晶能转债,jnzz,125.937,-1.32,688223,晶科能源,jkny,6.31,-4.83,2.51,6.35,99.37,0,26.74,152.68,630502,电力设备,shkc,C,2023-05-19,[],0,0,buy,AA+,,4.445,7.62,12.8,buy,2029-04-20,2.918,83.22,26919.39,109082.85,2.55,-4.21,,0,14:59:58,00,Y,N,1,1,Y,转股价下修1次，成功下修1次,2023-10-26 开始转股,计算使用3.0年期 评级为AA+ 债参考YTM：1.7397,N,100.0,全价：125.937 最后更新：14:59:58,,,,0,{'M': ''},0,0,N,120%,,buy,buy
2026-05-21 10:52:12,113691,和邦转债,hbzz,161.826,-2.48,603077,和邦生物,hbsw,2.55,-4.14,1.24,2.0,127.5,0,26.92,188.75,220802,基础化工,shmb,C,2024-11-19,[],0,0,buy,AA,,1.4,2.6,20.4,buy,2030-10-28,4.441,45.991,16584.51,49601.47,2.2,-7.57,,0,15:00:00,00,Y,N,0,0,Y,,2025-05-06 开始转股,计算使用4.5年期 评级为AA 债参考YTM：2.0636,N,46.0,全价：161.826 最后更新：15:00:00,,,,0,"{'G': '本次（2026年1月22日至2026年3月10日）不提前赎回，以2027年3月10日之后的首个交易日重新起算', 'M': ''}",0,0,N,,,buy,buy
2026-05-21 10:52:12,113661,福22转债,f22zz,137.229,-1.31,603806,福斯特,fst,15.93,-4.15,2.5,14.74,108.07,0,26.98,164.21,630504,电力设备,shmb,C,2022-12-22,[],0,0,buy,AA,,10.318,19.162,7.3,buy,2028-11-22,2.51,30.297,18368.01,75515.8,4.37,-7.47,,0,14:59:45,00,Y,N,1,1,N,"转股价下修1次，成功下修1次
2026-05-20 至 2026-05-26 期间暂停转股：权益分派
转股价14.740生效日期2025-06-24",2023-05-29 开始转股;2026-05-20 至 2026-05-26 期间暂停转股：权益分派,计算使用2.6年期 评级为AA 债参考YTM：1.7619,N,30.3,全价：137.229 最后更新：14:59:45,,,,0,{'M': ''},0,0,N,,,buy,buy
2026-05-21 10:52:12,127055,精装转债,jzzz,212.498,-3.5,002989,中天精装,ztjz,30.91,-8.55,4.34,18.5,167.08,0,27.18,239.68,620201,建筑装饰,szmb,C,2022-03-24,[],0,0,buy,AA-,,12.95,24.05,3.7,buy,2028-02-22,1.759,2.081,38003.0,53272.55,82.83,-29.01,,0,15:34:24,00,Y,N,0,0,Y,,2022-08-29 开始转股,计算使用1.8年期 评级为AA- 债参考YTM：2.0025,N,5.77,全价：212.498 最后更新：15:34:24,,,,1,{'G': '本次（2026年2月24日至2026年3月16日）不提前赎回，自2027年3月16日后首个交易日重新计算'},0,0,N,,,buy,buy
2026-05-21 10:52:12,118050,航宇转债,hyzz,331.289,-2.16,688239,航宇科技,hykj,65.01,-7.81,6.03,24.96,260.46,0,27.2,358.49,650201,国防军工,shkc,C,2024-09-10,[],0,0,buy,AA-,,17.472,32.448,5.4,buy,2030-08-21,4.255,6.667,21549.24,58173.95,9.55,-21.55,,0,14:59:58,00,Y,N,0,0,Y,,2025-02-27 开始转股,计算使用4.3年期 评级为AA- 债参考YTM：2.6050,N,6.67,全价：331.289 最后更新：14:59:58,,,,0,"{'G': '本次（2026年1月30日至2026年2月27日）不提前赎回，自2026年5月28日为首个交易日重新计算', 'M': ''}",0,0,N,,,buy,buy
2026-05-21 10:52:12,127109,电化转债,dhzz,176.9,-0.13,002125,湘潭电化,xtdh,14.03,-1.41,2.57,10.1,138.91,0,27.35,204.25,630702,电力设备,szmb,C,2025-07-04,[],0,0,buy,AA,,7.07,13.13,5.5,buy,2031-06-16,5.074,4.867,47516.17,59918.84,53.12,-8.3,,0,15:34:12,00,Y,N,0,0,Y,,2025-12-22 开始转股,计算使用5.1年期 评级为AA 债参考YTM：2.1344,N,4.87,全价：176.900 最后更新：15:34:12,,,,0,"{'G': '本次（2026年4月14日至2026年5月7日）不提前赎回，自2026年8月7日后首个交易日重新计算', 'M': ''}",0,0,N,,,buy,buy
2026-05-21 10:52:12,123209,聚隆转债,jlzz,194.175,-3.01,300644,南京聚隆,njjl,27.08,-3.29,2.68,17.77,152.39,0,27.42,221.6,220503,基础化工,szcy,C,2023-08-17,[],0,0,buy,A+,,12.439,23.101,7.0,buy,2029-07-26,3.184,1.673,8648.55,8771.26,26.02,-14.76,,0,15:34:24,00,Y,N,0,0,Y,,2024-02-01 开始转股,计算使用3.2年期 评级为A+ 债参考YTM：4.7881,N,2.185,全价：194.175 最后更新：15:34:24,,,,0,{'G': '本次（2026年1月26日至2026年2月13日）不提前赎回，自2026年8月13日后首个交易日重新计算'},0,0,N,,,buy,buy
2026-05-21 10:52:12,123215,铭利转债,mlzz,140.006,-2.14,301268,铭利达,mld,20.99,-4.94,5.32,19.2,109.32,0,28.07,168.08,640108,机械设备,szcy,C,2023-08-23,[],0,0,buy,AA-,,13.44,24.96,11.3,buy,2029-08-03,3.206,8.555,6900.38,10149.34,5.66,-4.16,,0,15:34:51,00,Y,N,1,1,Y,转股价下修1次，成功下修1次,2024-02-19 开始转股,计算使用3.3年期 评级为AA- 债参考YTM：2.4566,N,10.0,全价：140.006 最后更新：15:34:51,,,,0,{'M': ''},0,0,N,,,buy,buy
2026-05-21 10:52:12,110075,南航转债,nhzz,111.5,1.28,600029,南方航空,nfhk,5.37,1.51,2.63,6.17,87.03,0,28.11,139.61,421001,交通运输,shmb,C,2020-11-03,[],0,0,buy,AAA,,4.319,8.021,8.1,buy,2026-10-15,0.403,58.959,11264.54,76045.22,1.72,-11.21,,0,14:59:51,00,Y,N,0,0,Y,,2021-04-21 开始转股,计算使用0.5年期 评级为AAA 债参考YTM：1.4264,N,160.0,全价：111.500 最后更新：14:59:51,,,,1,{'M': ''},0,0,N,,,buy,buy
2026-05-21 10:52:12,113678,中贝转债,zbzz,187.055,-4.3,603220,中贝通信,zbtx,29.92,-7.28,4.08,20.54,145.67,0,28.41,215.47,730103,通信,shmb,C,2023-11-21,[],0,0,buy,A+,,14.378,26.702,3.9,buy,2029-10-19,3.416,5.108,31125.1,160854.03,31.67,-12.33,,0,14:59:59,00,Y,N,2,1,Y,转股价下修2次，成功下修1次,2024-04-25 开始转股,计算使用3.5年期 评级为A+ 债参考YTM：4.8427,N,5.17,全价：187.055 最后更新：14:59:59,,,,0,"{'G': '本次（2026年3月16日至2026年4月27日）不提前赎回，以2026年7月28日起算', 'M': ''}",0,0,N,,,buy,buy
2026-05-21 10:52:12,127027,能化转债,nhzz,116.053,-1.5,000552,甘肃能化,gsnh,2.64,-2.94,0.85,2.93,90.1,0,28.8,144.85,740101,煤炭,szmb,C,2021-01-22,[],0,0,buy,AAA,,2.051,3.809,19.8,buy,2026-12-10,0.556,19.464,6452.39,17121.31,2.84,-9.43,,0,15:34:15,00,Y,N,0,0,Y,,2021-06-16 开始转股,计算使用0.6年期 评级为AAA 债参考YTM：1.4300,N,28.0,全价：116.053 最后更新：15:34:15,,,,1,{'M': ''},0,0,N,,,buy,buy
2026-05-21 10:52:12,127088,赫达转债,hdzz,199.459,-1.32,002810,山东赫达,sdhd,25.92,-1.37,3.93,16.76,154.65,0,28.97,228.43,220309,基础化工,szmb,C,2023-07-19,[],0,0,buy,AA-,,11.732,21.788,7.1,buy,2029-07-03,3.121,5.996,22275.72,28894.37,18.38,-15.41,,0,15:34:36,00,Y,N,0,0,Y,,2024-01-08 开始转股,计算使用3.2年期 评级为AA- 债参考YTM：2.4361,N,6.0,全价：199.459 最后更新：15:34:36,,,,0,"{'G': '本次（2026年3月30日至2026年4月20日）不提前赎回，自2026年10月21日起重新计算', 'M': ''}",0,0,N,,,buy,buy
2026-05-21 10:52:12,127108,太能转债,tnzz,136.3,-0.98,000591,太阳能,tyn,5.85,1.39,0.95,5.55,105.41,0,29.31,165.61,410106,公用事业,szmb,C,2025-04-16,[],0,0,buy,AA+,,3.885,7.215,12.9,buy,2031-03-28,4.855,29.498,33402.37,114016.7,8.22,-3.17,,0,15:34:09,00,Y,N,0,0,Y,,2025-10-09 开始转股,计算使用4.9年期 评级为AA+ 债参考YTM：1.8854,N,29.5,全价：136.300 最后更新：15:34:09,,,,0,{'M': ''},0,0,N,,,buy,buy
2026-05-21 10:52:12,128108,蓝帆转债,lfzz,107.299,-0.09,002382,蓝帆医疗,lfyl,6.59,-0.6,0.94,7.95,82.89,0,29.44,136.74,370503,医药生物,szmb,C,2020-06-19,[],0,0,buy,AA-,,5.565,10.335,23.1,buy,2026-05-28,0.019,15.193,24607.57,14815.74,15.1,39.84,,0,15:34:15,00,Y,N,8,8,Y,转股价下修8次，成功下修8次,2020-12-03 开始转股,计算使用0.1年期 评级为AA- 债参考YTM：1.6567,N,31.44,全价：107.299 最后更新：15:34:15,,,,1,"{'R': '到期\n最后交易日：2026-05-22\n最后转股日：2026-05-27\n债券到期日：2026-05-28\n到期赎回价：108.000元/张', 'M': ''}",0,0,N,,,buy,buy
2026-05-21 10:52:12,128142,新乳转债,xrzz,125.052,-0.46,002946,新乳业,xry,17.2,-1.71,3.78,17.88,96.2,0,30.0,155.05,340702,食品饮料,szmb,C,2021-01-19,[],0,0,buy,AA,,12.516,23.244,4.9,buy,2026-12-18,0.578,7.179,4760.98,6743.26,5.27,-20.92,,0,15:34:00,00,Y,N,0,0,Y,,2021-06-24 开始转股,计算使用0.6年期 评级为AA 债参考YTM：1.4707,N,7.18,全价：125.052 最后更新：15:34:00,,,,1,{'M': ''},0,0,N,,,buy,buy
2026-05-21 10:52:12,113680,丽岛转债,ldzz,149.926,-0.92,603937,丽岛新材,ldxc,14.86,-5.41,1.97,12.91,115.11,0,30.25,180.18,240301,有色金属,shmb,C,2023-12-05,[],0,0,buy,A+,,9.037,16.783,9.7,buy,2029-11-15,3.49,2.998,6279.53,17151.24,13.84,-6.24,,0,14:59:33,00,Y,N,0,0,Y,,2024-05-21 开始转股,计算使用3.5年期 评级为A+ 债参考YTM：4.8427,N,3.0,全价：149.926 最后更新：14:59:33,,,,0,[],0,0,N,,,buy,buy
2026-05-21 10:52:12,118039,煜邦转债,ybzz,148.031,-2.08,688597,煜邦电力,ybdl,8.28,-6.55,3.24,7.3,113.43,0,30.51,178.54,630804,电力设备,shkc,C,2023-08-15,[],0,0,buy,A,,5.11,9.49,14.7,buy,2029-07-20,3.167,4.104,6518.85,6525.78,10.57,-7.11,,0,14:59:59,00,Y,N,0,0,Y,,2024-01-26 开始转股,计算使用3.2年期 评级为A 债参考YTM：7.1381,N,4.108,全价：148.031 最后更新：14:59:59,,,,0,"{'G': '本次（2026年1月16日至2026年2月11日）不提前赎回，以2026年8月12日为首个交易日重新计算', 'M': ''}",0,0,N,,,buy,buy
2026-05-21 10:52:12,123142,申昊转债,shzz,136.0,-0.94,300853,申昊科技,shkj,35.07,-1.63,8.09,33.71,104.03,0,30.73,166.73,630803,电力设备,szcy,C,2022-04-11,[],0,0,buy,A-,,23.597,43.823,15.9,buy,2028-03-18,1.827,5.494,10232.61,39496.0,13.55,-10.02,,0,15:34:24,00,Y,N,0,0,Y,,2022-09-26 开始转股,计算使用1.9年期 评级为A- 债参考YTM：9.0585,N,5.5,全价：136.000 最后更新：15:34:24,,,,1,[],0,0,N,,,buy,buy
2026-05-21 10:52:12,127082,亚科转债,ykzz,137.432,-1.53,002540,亚太科技,ytkj,5.55,-2.97,1.22,5.29,104.92,0,30.99,168.42,240301,有色金属,szmb,C,2023-04-27,[],0,0,buy,AA,,3.703,6.877,24.3,buy,2029-03-09,2.803,11.585,8190.5,6296.36,5.07,-6.16,,0,15:34:03,00,Y,N,0,0,Y,,2023-09-15 开始转股,计算使用2.9年期 评级为AA 债参考YTM：1.8054,N,11.59,全价：137.432 最后更新：15:34:03,,,,0,{'G': '本次（2025年11月6日至2025年12月4日）不提前赎回，以2026年6月4日后的首个交易日重新计算'},0,0,N,,,buy,buy
2026-05-21 10:52:12,111004,明新转债,mxzz,138.375,-1.25,605068,明新旭腾,mxxt,25.68,-3.75,2.47,24.41,105.2,0,31.53,169.91,280202,汽车,shmb,C,2022-04-25,[],0,0,buy,AA-,,17.087,31.733,16.1,buy,2028-03-30,1.86,6.715,7558.36,7044.56,8.08,-8.52,,0,14:59:49,00,Y,N,0,0,Y,,2022-10-10 开始转股,计算使用1.9年期 评级为AA- 债参考YTM：2.0189,N,6.73,全价：138.375 最后更新：14:59:49,,,,1,[],0,0,N,,,buy,buy
2026-05-21 10:52:12,123064,万孚转债,wfzz,111.721,0.01,300482,万孚生物,wfsw,17.92,-1.05,1.52,21.1,84.93,0,31.55,143.27,370504,医药生物,szcy,C,2020-09-23,[],0,0,buy,AA,,14.77,27.43,7.8,buy,2026-09-01,0.282,5.976,2986.62,9037.37,4.47,-5.46,,0,15:34:09,00,Y,N,3,3,Y,转股价下修3次，成功下修3次,2021-03-08 开始转股,计算使用0.3年期 评级为AA 债参考YTM：1.4664,N,6.0,全价：111.721 最后更新：15:34:09,,,,1,{'M': ''},0,0,N,,,buy,buy
2026-05-21 10:52:12,118053,正帆转债,zfzz,155.391,-4.66,688596,正帆科技,zfkj,45.41,-9.56,3.57,38.45,118.1,0,31.57,186.96,640209,机械设备,shkc,C,2025-04-03,[],0,0,buy,AA,,26.915,49.985,7.8,buy,2031-03-18,4.827,10.409,32317.73,181590.7,19.49,-5.99,,0,15:00:00,00,Y,N,0,0,N,2026-05-19 至 2026-05-26 期间暂停转股：权益分派,2025-09-24 开始转股;2026-05-19 至 2026-05-26 期间暂停转股：权益分派,计算使用4.9年期 评级为AA 债参考YTM：2.1097,N,10.41,全价：155.391 最后更新：15:00:00,,,,0,{'M': ''},0,0,N,,,buy,buy
2026-05-21 10:52:12,118030,睿创转债,rczz,435.201,-2.73,688002,睿创微纳,rcwn,129.38,-4.19,8.25,39.12,330.73,0,31.59,466.79,650501,国防军工,shkc,C,2023-02-10,[],0,0,buy,AA,,27.384,50.856,2.1,buy,2028-12-30,2.614,12.622,50051.95,119466.7,8.86,-40.62,,0,14:59:58,00,Y,N,0,0,Y,,2023-07-06 开始转股,计算使用2.7年期 评级为AA 债参考YTM：1.7764,N,15.647,全价：435.201 最后更新：14:59:58,,,,0,"{'G': '本次（2026年3月18日至2026年4月8日）不提前赎回，以2027年4月9日为首个交易日重新计算', 'M': ''}",0,0,N,,,buy,buy
2026-05-21 10:52:12,118013,道通转债,dtzz,242.834,-3.67,688208,道通科技,dtkj,39.57,-1.71,6.55,21.48,184.22,0,31.82,274.65,710103,计算机,shkc,C,2022-07-28,[],0,0,buy,AA,,15.036,27.924,4.8,buy,2028-07-08,2.134,12.796,27091.82,91902.5,8.32,-29.0,,0,14:59:57,00,Y,N,0,0,Y,,2023-01-16 开始转股,计算使用2.2年期 评级为AA 债参考YTM：1.7047,N,12.8,全价：242.834 最后更新：14:59:57,,,,0,"{'G': '本次（2026年1月5日至2026年1月23日）不提前赎回，以2026年7月24日为首个交易日重新计算', 'M': ''}",0,0,N,,,buy,buy
2026-05-21 10:52:12,127061,美锦转债,mjzz,99.365,-0.88,000723,美锦能源,mjny,3.96,-1.74,1.37,5.26,75.29,0,31.98,131.35,740201,煤炭,szmb,C,2022-05-30,[],0,0,buy,A+,,3.682,6.838,16.0,buy,2028-04-20,1.918,27.89,7587.8,19551.08,2.71,10.72,,0,15:34:51,00,Y,N,1,1,Y,转股价下修1次，成功下修1次,2022-10-26 开始转股,计算使用2.0年期 评级为A+ 债参考YTM：4.3776,N,35.9,全价：99.365 最后更新：15:34:51,,,,1,{'M': ''},0,0,N,,,buy,buy
2026-05-21 10:52:12,113649,丰山转债,fszz,141.332,-1.24,603810,丰山集团,fsjt,14.7,-3.16,1.49,13.73,107.07,0,32.01,173.34,220803,基础化工,shmb,C,2022-07-21,[],0,0,buy,AA-,,9.611,17.849,18.8,buy,2028-06-27,2.104,4.577,5788.93,3838.29,8.85,-8.19,,0,14:59:21,00,Y,N,0,0,Y,,2023-01-03 开始转股,计算使用2.2年期 评级为AA- 债参考YTM：2.0881,N,5.0,全价：141.332 最后更新：14:59:21,,,,0,[],0,0,N,,,buy,buy
2026-05-21 10:52:12,118040,宏微转债,hwzz,151.254,-3.61,688711,宏微科技,hwkj,32.57,-8.87,6.39,28.51,114.24,0,32.4,183.65,270102,电子,shkc,C,2023-08-14,[],0,0,buy,A,,19.957,37.063,6.2,buy,2029-07-25,3.181,4.297,13646.58,60303.12,20.67,-7.1,,0,14:59:50,00,Y,N,1,1,Y,转股价下修1次，成功下修1次,2024-01-31 开始转股,计算使用3.2年期 评级为A 债参考YTM：7.1381,N,4.3,全价：151.254 最后更新：14:59:50,,,,0,{'M': ''},0,0,N,,,buy,buy
2026-05-21 10:52:12,123150,九强转债,jqzz,137.476,-0.85,300406,九强生物,jqsw,12.77,-0.47,1.92,12.3,103.82,0,32.42,169.9,370504,医药生物,szcy,C,2022-07-20,[],0,0,buy,AA-,,8.61,15.99,20.7,buy,2028-06-30,2.112,11.21,3130.13,5098.14,2.01,-8.74,,0,15:34:36,00,Y,N,1,1,N,"转股价下修1次，成功下修1次
2026-05-21 起暂停转股：权益分派
转股价12.300生效日期2026-04-28",2023-01-06 开始转股;2026-05-21 起暂停转股：权益分派,计算使用2.2年期 评级为AA- 债参考YTM：2.0881,N,11.39,全价：137.476 最后更新：15:34:36,,,,0,{'M': ''},0,0,N,,,buy,buy
2026-05-21 10:52:12,110097,天润转债,trzz,141.34,-1.27,600419,天润乳业,trry,8.76,-3.2,1.12,8.21,106.7,0,32.47,173.81,340702,食品饮料,shmb,C,2024-11-15,[],0,0,buy,AA,,5.747,10.673,35.8,buy,2030-10-24,4.43,9.89,3487.47,3921.11,2.48,-4.67,,0,14:59:52,00,Y,N,0,0,N,2026-05-19 至 2026-05-25 期间暂停转股：权益分派,2025-04-30 开始转股;2026-05-19 至 2026-05-25 期间暂停转股：权益分派,计算使用4.5年期 评级为AA 债参考YTM：2.0636,N,9.9,全价：141.340 最后更新：14:59:52,,,,0,[],0,0,N,,,buy,buy
2026-05-21 10:52:12,123235,亿田转债,ytzz,194.609,-4.17,300911,亿田智能,ytzn,31.29,-6.18,5.03,21.31,146.83,0,32.54,227.15,330401,家用电器,szcy,C,2024-01-12,[],0,0,buy,AA-,,14.917,27.703,8.1,buy,2029-12-21,3.589,4.353,18205.22,28386.78,20.96,-12.91,,0,15:34:51,00,Y,N,0,0,Y,,2024-06-27 开始转股,计算使用3.6年期 评级为AA- 债参考YTM：2.5003,N,5.202,全价：194.609 最后更新：15:34:51,,,,0,"{'G': '本次（2026年1月28日至2026年2月25日）不提前赎回，自2026年5月25日后首个交易日重新起算', 'M': ''}",0,0,N,,,buy,buy
2026-05-21 10:52:12,123259,锦浪转02,jlz02,198.115,1.61,300763,锦浪科技,jlkj,108.22,-3.83,4.73,72.55,149.17,0,32.82,230.94,630503,电力设备,szcy,C,2025-11-06,[],0,0,buy,AA,,50.785,94.315,4.8,buy,2031-10-17,5.411,16.764,90753.75,175953.41,26.69,-9.78,,0,15:34:36,00,Y,N,1,1,N,"转股价下修1次，成功下修1次
2026-05-20 起暂停转股：权益分派
转股价72.550生效日期2025-12-29",2026-04-23 开始转股;2026-05-20 起暂停转股：权益分派,计算使用5.5年期 评级为AA 债参考YTM：2.1756,N,16.766,全价：198.115 最后更新：15:34:36,,,,0,"{'G': '本次（2026年4月23日至2026年5月20日）不提前赎回，以2027年5月21日为首个交易日重新计算', 'M': ''}",0,0,N,,,buy,buy
2026-05-21 10:52:12,123107,温氏转债,wszz,116.5,0.0,300498,温氏股份,wsgf,14.28,-0.76,2.35,16.29,87.66,0,32.9,149.4,110702,农林牧渔,szcy,C,2021-04-21,[],0,0,buy,AAA,,11.403,21.177,9.1,buy,2027-03-29,0.855,77.064,15882.71,60081.93,1.77,-8.54,,0,15:34:18,00,Y,N,0,0,N,2026-05-18 至 2026-05-22 期间暂停转股：回售,2021-10-08 开始转股;2026-05-18 至 2026-05-22 期间暂停转股：回售,计算使用0.9年期 评级为AAA 债参考YTM：1.4663,N,92.97,全价：116.500 最后更新：15:34:18,,,,1,{'M': ''},0,0,Y,,,buy,buy
2026-05-21 10:52:12,127070,大中转债,dzzz,511.11,-0.95,001203,大中矿业,dzky,41.36,-1.43,8.48,10.76,384.39,0,32.97,544.08,230301,钢铁,szmb,C,2022-10-11,[],0,0,buy,AA,,7.532,13.988,1.7,buy,2028-08-17,2.244,9.343,101218.85,134281.54,20.81,-48.94,,0,15:34:03,00,Y,N,0,0,Y,,2023-02-23 开始转股,计算使用2.3年期 评级为AA 债参考YTM：1.7187,N,15.2,全价：511.110 最后更新：15:34:03,,,,0,"{'G': '本次（2026年2月24日至2026年3月16日）不提前赎回，以2026年9月16日后的首个交易日重新计算', 'M': ''}",0,0,N,,,buy,buy
2026-05-21 10:52:12,111002,特纸转债,tzzz,138.029,-1.41,605007,五洲特纸,wztz,14.13,-1.81,1.79,13.65,103.52,0,33.34,171.37,360103,轻工制造,shmb,C,2021-12-30,[],0,0,buy,AA,,9.555,17.745,11.7,buy,2027-12-08,1.551,6.619,9923.95,5752.9,10.78,-11.83,,0,14:59:58,00,Y,N,1,1,Y,转股价下修1次，成功下修1次,2022-06-14 开始转股,计算使用1.6年期 评级为AA 债参考YTM：1.6359,N,6.7,全价：138.029 最后更新：14:59:58,,,,1,[],0,0,N,,,buy,buy
2026-05-21 10:52:12,110087,天业转债,tyzz,130.917,-2.29,600075,新疆天业,xjty,5.49,-3.17,1.02,5.6,98.04,0,33.54,164.46,220202,基础化工,shmb,C,2022-07-19,[],0,0,buy,AA+,,3.92,7.28,32.0,buy,2028-06-23,2.093,29.975,14830.57,14713.19,3.74,-7.61,,0,14:59:49,00,Y,N,1,1,Y,转股价下修1次，成功下修1次,2022-12-29 开始转股,计算使用2.1年期 评级为AA+ 债参考YTM：1.6600,N,30.0,全价：130.917 最后更新：14:59:49,,,,0,{'M': ''},0,0,N,,,buy,buy
2026-05-21 10:52:12,118056,路维转债,lwzz,284.338,-0.44,688401,路维光电,lwgd,69.52,-6.47,7.77,32.7,212.6,0,33.74,318.08,270103,电子,shkc,C,2025-07-10,[],0,0,buy,AA-,,22.89,42.51,4.6,buy,2031-06-11,5.06,6.145,74566.0,84478.81,41.52,-16.42,,0,14:59:58,00,Y,N,0,0,Y,,2025-12-17 开始转股,计算使用5.1年期 评级为AA- 债参考YTM：2.7518,N,6.15,全价：284.338 最后更新：14:59:58,,,,0,"{'G': '本次（2026年4月9日至2026年4月29日）不提前赎回，以2026年7月30日为首个交易日重新计算', 'M': ''}",0,0,N,,,buy,buy
2026-05-21 10:52:12,123257,安克转债,akzz,157.205,-2.33,300866,安克创新,akcx,129.8,-3.44,6.23,110.56,117.4,0,33.9,191.11,270503,电子,szcy,C,2025-07-04,[],0,0,buy,AA+,,77.392,143.728,2.8,buy,2031-06-16,5.074,11.047,12192.18,65222.14,6.91,-6.47,,0,15:34:03,00,Y,N,0,0,Y,,2025-12-22 开始转股,计算使用5.1年期 评级为AA+ 债参考YTM：1.8989,N,11.048,全价：157.205 最后更新：15:34:03,,,,0,{'M': ''},0,0,N,,,buy,buy
2026-05-21 10:52:12,127092,运机转债,yjzz,297.042,-3.87,001288,运机集团,yjjt,26.26,-5.81,2.53,11.89,220.86,0,34.49,331.53,640203,机械设备,szmb,C,2023-10-20,[],0,0,buy,AA-,,8.323,15.457,13.2,buy,2029-09-21,3.34,5.25,20968.04,11993.66,13.16,-24.01,,0,15:34:03,00,Y,N,0,0,Y,,2024-03-27 开始转股,计算使用3.4年期 评级为AA- 债参考YTM：2.4735,N,7.3,全价：297.042 最后更新：15:34:03,,,,0,{'G': '本次（2025年12月8日至2025年12月26日）不提前赎回，以2026年12月26日后的首个交易日起重新计算'},0,0,N,,,buy,buy
2026-05-21 10:52:12,118012,微芯转债,wxzz,153.387,0.39,688321,微芯生物,wxsw,28.82,-0.69,4.94,25.34,113.73,0,34.87,188.26,370102,医药生物,shkc,C,2022-07-28,[],0,0,buy,A+,,17.738,32.942,4.3,buy,2028-07-05,2.126,4.996,11714.0,40456.29,15.14,-11.4,,0,14:59:58,00,Y,N,0,0,Y,,2023-01-11 开始转股,计算使用2.2年期 评级为A+ 债参考YTM：4.4288,N,5.0,全价：153.387 最后更新：14:59:58,,,,0,{'M': ''},0,0,N,,,buy,buy
2026-05-21 10:52:12,123255,鼎龙转债,dlzz,346.0,-3.34,300054,鼎龙股份,dlgf,72.98,-5.02,12.63,28.48,256.25,0,35.02,381.02,270601,电子,szcy,C,2025-04-23,[],0,0,buy,AA,,19.936,37.024,1.7,buy,2031-04-02,4.869,9.096,77962.78,399428.23,23.79,-20.55,,0,15:34:45,00,Y,N,0,0,Y,,2025-10-09 开始转股,计算使用4.9年期 评级为AA 债参考YTM：2.1097,N,9.1,全价：346.000 最后更新：15:34:45,,,,0,"{'G': '本次（2026年4月8日至2026年4月28日）不提前赎回，自2026年10月28日后首个交易日重新计算', 'M': ''}",0,0,N,,,buy,buy
2026-05-21 10:52:12,123211,阳谷转债,ygzz,178.637,-3.55,300121,阳谷华泰,yght,12.16,-6.17,1.48,9.2,132.17,0,35.15,213.79,220604,基础化工,szcy,C,2023-08-14,[],0,0,buy,AA-,,6.44,11.96,5.9,buy,2029-07-27,3.186,3.07,6407.1,27455.26,11.3,-12.07,,0,15:34:27,00,Y,N,0,0,Y,,2024-02-02 开始转股,计算使用3.2年期 评级为AA- 债参考YTM：2.4361,N,6.5,全价：178.637 最后更新：15:34:27,,,,0,{'G': '本次（2025年12月15日至2026年1月6日）不提前赎回，2026年7月6日后首个交易日重新计算'},0,0,N,,,buy,buy
2026-05-21 10:52:12,110099,福能转债,fnzz,145.081,-1.48,600483,福能股份,fngf,10.54,-1.95,1.04,9.84,107.11,0,35.45,180.53,410110,公用事业,shmb,C,2025-10-30,[],0,0,buy,AA+,,6.888,12.792,13.0,buy,2031-10-13,5.4,38.019,11904.74,39768.99,2.14,-5.0,,0,14:58:53,00,Y,N,0,0,Y,,2026-04-17 开始转股,计算使用5.4年期 评级为AA+ 债参考YTM：1.9198,N,38.02,全价：145.081 最后更新：14:58:53,,,,0,{'M': ''},0,0,N,,,buy,buy
2026-05-21 10:52:12,113054,绿动转债,ldzz,132.621,-1.68,601330,绿色动力,lsdl,8.69,-3.87,1.46,8.89,97.75,0,35.67,168.29,760103,环保,shmb,C,2022-03-23,[],0,0,buy,AA+,,6.223,11.557,27.5,buy,2028-02-25,1.767,23.598,13884.36,31742.32,4.4,-9.77,,0,14:59:57,00,Y,N,0,0,Y,,2022-09-05 开始转股,计算使用1.8年期 评级为AA+ 债参考YTM：1.6236,N,23.6,全价：132.621 最后更新：14:59:57,,,,1,[],0,0,N,,,buy,buy
2026-05-21 10:52:12,127045,牧原转债,myzz,122.51,-0.8,002714,牧原股份,mygf,39.49,-0.13,2.61,43.74,90.28,0,35.69,158.2,110702,农林牧渔,szmb,C,2021-09-10,[],0,0,buy,AA+,,30.618,56.862,6.4,buy,2027-08-16,1.238,95.43,15560.61,154383.41,1.32,-9.44,,0,15:34:45,00,Y,Y,0,0,N,2026-05-18 至 2026-05-26 期间暂停转股：权益分派,2022-02-21 开始转股;2026-05-18 至 2026-05-26 期间暂停转股：权益分派,计算使用1.3年期 评级为AA+ 债参考YTM：1.5663,N,95.5,全价：122.510 最后更新：15:34:45,,,,1,{'M': ''},0,0,N,,,buy,buy
2026-05-21 10:52:12,118060,瑞可转债,rkzz,243.806,-3.33,688800,瑞可达,rkd,132.61,-5.57,10.81,73.85,179.57,0,35.77,279.58,270401,电子,shkc,C,2025-12-12,[],0,0,buy,AA-,,51.695,96.005,3.7,buy,2031-11-14,5.488,9.999,58373.62,151431.24,22.87,-12.83,,0,15:00:00,00,Y,N,0,0,Y,,2026-05-20 开始转股,计算使用5.5年期 评级为AA- 债参考YTM：3.0492,N,10.0,全价：243.806 最后更新：15:00:00,,,,0,{'M': ''},0,0,N,,,buy,buy
2026-05-21 10:52:12,123237,佳禾转债,jhzz,145.931,-1.54,300793,佳禾智能,jhzn,14.45,-3.86,1.95,13.46,107.36,0,35.93,181.86,270504,电子,szcy,C,2024-01-24,[],0,0,buy,A+,,9.422,17.498,8.0,buy,2030-01-04,3.627,4.315,2603.2,16547.84,4.07,-5.94,,0,15:33:54,00,Y,N,1,1,Y,转股价下修1次，成功下修1次,2024-07-10 开始转股,计算使用3.7年期 评级为A+ 债参考YTM：4.8691,N,10.04,全价：145.931 最后更新：15:33:54,,,,0,[],0,0,N,,,buy,buy
2026-05-21 10:52:12,113688,国检转债,gjzz,144.54,0.04,603060,国检集团,gjjt,6.93,-0.29,2.67,6.52,106.29,0,35.99,180.53,460802,社会服务,shmb,C,2024-11-12,[],0,0,buy,AA+,,4.564,8.476,14.4,buy,2030-10-17,4.411,7.998,7036.81,18098.11,6.05,-4.88,,0,14:59:59,00,Y,N,0,0,Y,,2025-04-23 开始转股,计算使用4.5年期 评级为AA+ 债参考YTM：1.8598,N,8.0,全价：144.540 最后更新：14:59:59,,,,0,[],0,0,N,,,buy,buy
2026-05-21 10:52:12,118058,微导转债,wdzz,362.045,-3.35,688147,微导纳米,wdnm,89.09,-10.65,13.64,33.57,265.39,0,36.42,398.47,630505,电力设备,shkc,C,2025-08-27,[],0,0,buy,AA,,23.499,43.641,2.8,buy,2031-08-06,5.214,11.7,119055.39,164123.46,27.13,-20.08,,0,15:00:00,00,Y,N,0,0,Y,,2026-02-12 开始转股,计算使用5.3年期 评级为AA 债参考YTM：2.1562,N,11.7,全价：362.045 最后更新：15:00:00,,,,0,"{'G': '本次（2026年2月12日至2026年3月12日）不提前赎回，以2026年9月13日为首个交易日重新计算', 'M': ''}",0,0,N,,,buy,buy
2026-05-21 10:52:12,123112,万讯转债,wxzz,134.826,-1.35,300112,万讯自控,wxzk,8.11,-3.45,2.39,8.3,97.71,0,37.98,172.81,640107,机械设备,szcy,C,2021-04-23,[],0,0,buy,AA-,,5.81,10.79,11.8,buy,2027-04-08,0.882,2.265,3178.76,6149.27,10.28,-14.19,,0,15:34:21,00,Y,N,0,0,Y,,2021-10-14 开始转股,计算使用0.9年期 评级为AA- 债参考YTM：1.7924,N,2.457,全价：134.826 最后更新：15:34:21,,,,1,[],0,0,N,,,buy,buy
2026-05-21 10:52:12,118027,宏图转债,htzz,77.145,-0.74,688066,*ST航图,htht,13.7,-5.58,-3.13,24.55,55.8,0,38.24,115.39,710301,计算机,shkc,C,2022-12-22,[],0,0,buy,BB+,,17.185,31.915,28.2,buy,2028-11-28,2.526,10.087,9453.85,14505.46,12.01,19.18,,0,14:59:47,00,Y,N,2,2,Y,转股价下修2次，成功下修2次,2023-06-02 开始转股,,N,10.088,全价：77.145 最后更新：14:59:47,,,,0,[],0,0,N,,,buy,buy
2026-05-21 10:52:12,123071,天能转债,tnzz,116.58,-0.78,300569,天能重工,tnzg,5.64,-3.92,1.07,6.7,84.18,0,38.49,155.07,630602,电力设备,szcy,C,2020-11-25,[],0,0,buy,AA-,,4.69,8.71,12.1,buy,2026-10-21,0.419,6.937,4124.94,15787.49,5.08,-3.26,,0,15:34:06,00,Y,N,2,2,N,"转股价下修2次，成功下修2次
2026-05-20 起暂停转股：权益分派
转股价6.700生效日期2025-12-18",2021-04-27 开始转股;2026-05-20 起暂停转股：权益分派,计算使用0.5年期 评级为AA- 债参考YTM：1.7164,N,7.0,全价：116.580 最后更新：15:34:06,,,,1,{'M': ''},0,0,N,,,buy,buy
2026-05-21 10:52:12,127064,杭氧转债,hyzz,145.771,-2.17,002430,杭氧股份,hygf,27.32,-5.73,2.63,25.97,105.2,0,38.57,184.34,220309,基础化工,szmb,C,2022-07-05,[],0,0,buy,AA+,,18.179,33.761,4.3,buy,2028-05-19,1.997,11.364,8666.23,67518.1,5.17,-13.34,,0,15:33:54,00,Y,N,1,1,Y,转股价下修1次，成功下修1次,2022-11-25 开始转股,计算使用2.0年期 评级为AA+ 债参考YTM：1.6476,N,11.37,全价：145.771 最后更新：15:33:54,,,,1,{'M': ''},0,0,N,,,buy,buy
2026-05-21 10:52:12,110092,三房转债,sfzz,63.33,-4.61,600370,*ST三房,sfx,1.38,-4.83,1.07,3.02,45.7,0,38.59,101.92,220401,基础化工,shmb,C,2023-02-07,[],0,0,buy,A+,,2.114,3.926,38.2,buy,2029-01-06,2.633,21.185,49665.02,10918.03,35.97,25.3,,0,15:00:00,00,Y,N,0,0,Y,,2023-07-12 开始转股,计算使用2.7年期 评级为A+ 债参考YTM：4.6146,N,25.0,全价：63.330 最后更新：15:00:00,,,,0,[],0,0,N,,,buy,buy
2026-05-21 10:52:12,123088,威唐转债,wtzz,130.5,-1.36,300707,威唐工业,wtgy,14.05,-3.17,2.14,14.96,93.92,0,38.95,169.45,280205,汽车,szcy,C,2021-01-06,[],0,0,buy,A+,,10.472,19.448,14.7,buy,2026-12-15,0.57,3.004,3835.12,8234.25,9.67,-20.94,,0,15:34:12,00,Y,N,1,1,Y,转股价下修1次，成功下修1次,2021-06-21 开始转股,计算使用0.6年期 评级为A+ 债参考YTM：4.0627,N,3.014,全价：130.500 最后更新：15:34:12,,,,1,[],0,0,N,,,buy,buy
2026-05-21 10:52:12,111017,蓝天转债,ltzz,129.077,-0.5,605368,蓝天燃气,ltrq,7.41,-1.07,1.57,7.98,92.86,0,39.01,168.09,410301,公用事业,shmb,C,2023-09-08,[],0,0,buy,AA,,5.586,10.374,12.7,buy,2029-08-15,3.238,6.715,3489.07,3171.07,4.0,-3.76,,0,14:59:31,00,Y,N,0,0,Y,,2024-02-21 开始转股,计算使用3.3年期 评级为AA 债参考YTM：1.8672,N,8.7,全价：129.077 最后更新：14:59:31,,,,0,[],0,0,N,,,buy,buy
2026-05-21 10:52:12,113640,苏利转债,slzz,135.423,-1.5,603585,苏利股份,slgf,16.75,-4.78,1.21,17.2,97.38,0,39.06,174.48,220803,基础化工,shmb,C,2022-03-10,[],0,0,buy,AA-,,12.04,22.36,22.9,buy,2028-02-16,1.743,7.39,10860.57,8839.18,10.75,-8.14,,0,14:59:47,00,Y,N,1,1,Y,转股价下修1次，成功下修1次,2022-08-22 开始转股,计算使用1.8年期 评级为AA- 债参考YTM：2.0025,N,9.572,全价：135.423 最后更新：14:59:47,,,,1,[],0,0,N,,,buy,buy
2026-05-21 10:52:12,113052,兴业转债,xyzz,117.203,0.21,601166,兴业银行,xyyh,17.37,0.23,0.4,20.63,84.2,0,39.2,156.4,480301,银行,shmb,C,2022-01-14,[],0,0,buy,AAA,,,26.819,11.2,buy,2027-12-27,1.603,413.5,31053.98,136509.67,0.64,-3.21,,0,14:59:13,00,Y,Y,0,0,Y,,2022-06-30 开始转股,计算使用1.7年期 评级为AAA 债参考YTM：1.5679,N,500.0,全价：117.203 最后更新：14:59:13,,,,0,{'M': ''},0,0,N,,,buy,buy
2026-05-21 10:52:12,113584,家悦转债,jyzz,109.831,0.02,603708,家家悦,jjy,9.82,-2.48,2.51,12.45,78.88,0,39.25,149.08,450302,商贸零售,shmb,C,2020-06-24,[],0,0,buy,AA,,8.715,16.185,10.3,buy,2026-06-05,0.041,6.447,2725.13,3589.7,3.85,4.01,,0,14:59:56,00,Y,N,1,1,Y,转股价下修1次，成功下修1次,2020-12-14 开始转股,计算使用0.1年期 评级为AA 债参考YTM：1.4567,N,6.45,全价：109.831 最后更新：14:59:56,,,,1,"{'R': '到期\n最后交易日：2026-06-01\n最后转股日：2026-06-04\n债券到期日：2026-06-05\n到期赎回价：110.000元/张', 'M': ''}",0,0,N,,,buy,buy
2026-05-21 10:52:12,118035,国力转债,glzz,145.049,-1.41,688103,国力电子,gldz,65.12,-2.44,5.4,62.54,104.13,0,39.3,184.35,270401,电子,shkc,C,2023-07-06,[],0,0,buy,A+,,43.778,81.302,7.7,buy,2029-06-12,3.063,4.8,11695.64,28547.87,16.41,-6.31,,0,14:59:56,00,Y,N,0,0,Y,,2023-12-18 开始转股,计算使用3.1年期 评级为A+ 债参考YTM：4.7617,N,4.8,全价：145.049 最后更新：14:59:56,,,,0,{'M': ''},0,0,N,,,buy,buy
2026-05-21 10:52:12,110098,南药转债,nyzz,136.479,-1.04,600713,南京医药,njyy,5.0,-1.96,0.89,5.12,97.66,0,39.75,176.23,370402,医药生物,shmb,C,2025-01-20,[],0,0,buy,AA+,,3.584,6.656,16.8,buy,2030-12-25,4.6,10.814,3314.99,5863.52,2.23,-4.22,,0,14:59:55,00,Y,N,0,0,Y,,2025-07-01 开始转股,计算使用4.6年期 评级为AA+ 债参考YTM：1.8662,N,10.815,全价：136.479 最后更新：14:59:55,,,,0,[],0,0,N,,,buy,buy
2026-05-21 10:52:12,111022,锡振转债,xzzz,156.086,-1.34,605319,无锡振华,wxzh,25.28,-3.81,3.08,22.64,111.66,0,39.79,195.88,280205,汽车,shmb,C,2025-07-14,[],0,0,buy,AA-,,15.848,29.432,5.9,buy,2031-06-18,5.08,5.197,2658.65,15556.89,3.24,-5.47,,0,14:58:31,00,Y,N,0,0,Y,,2025-12-24 开始转股,计算使用5.1年期 评级为AA- 债参考YTM：2.7518,N,5.2,全价：156.086 最后更新：14:58:31,,,,0,[],0,0,N,,,buy,buy
2026-05-21 10:52:12,127080,声迅转债,sxzz,240.0,-4.24,003004,声迅股份,sxgf,49.64,9.99,5.79,28.94,171.53,0,39.92,279.92,710102,计算机,szmb,C,2023-02-10,[],0,0,buy,A,,20.258,37.622,8.2,buy,2028-12-30,2.614,2.793,449477.35,16093.8,623.22,-23.88,,0,15:34:09,00,Y,N,0,0,Y,,2023-07-07 开始转股,计算使用2.7年期 评级为A 债参考YTM：6.9646,N,2.8,全价：240.000 最后更新：15:34:09,,,,0,[],0,0,N,,,buy,buy
2026-05-21 10:52:12,118007,山石转债,sszz,144.847,-0.77,688030,山石网科,sswk,17.03,-3.89,4.4,16.5,103.21,0,40.34,185.19,710402,计算机,shkc,C,2022-04-21,[],0,0,buy,A,,11.55,21.45,8.7,buy,2028-03-22,1.838,2.671,2236.82,5767.9,5.76,-11.31,,0,14:59:57,00,Y,N,1,1,Y,转股价下修1次，成功下修1次,2022-09-28 开始转股,计算使用1.9年期 评级为A 债参考YTM：6.7085,N,2.674,全价：144.847 最后更新：14:59:57,,,,1,{'M': ''},0,0,N,,,buy,buy
2026-05-21 10:52:12,128134,鸿路转债,hlzz,113.379,-1.51,002541,鸿路钢构,hlgg,17.74,-3.22,1.21,21.99,80.67,0,40.54,153.92,620401,建筑装饰,szmb,C,2020-11-02,[],0,0,buy,AA,,15.393,28.587,17.9,buy,2026-10-09,0.386,15.726,7776.41,19441.74,4.31,-7.77,,0,15:34:12,00,Y,N,1,1,Y,转股价下修1次，成功下修1次,2021-04-15 开始转股,计算使用0.4年期 评级为AA 债参考YTM：1.4664,N,18.8,全价：113.379 最后更新：15:34:12,,,,0,{'M': ''},0,0,N,,,buy,buy
2026-05-21 10:52:12,113659,莱克转债,lkzz,133.831,-1.13,603355,莱克电气,lkdq,30.2,-3.05,3.02,31.72,95.21,0,40.57,174.4,330302,家用电器,shmb,C,2022-11-15,[],0,0,buy,AA,,22.204,41.236,6.9,buy,2028-10-14,2.403,11.998,9611.91,7630.51,5.92,-6.81,,0,14:59:33,00,Y,N,0,0,Y,,2023-04-20 开始转股,计算使用2.5年期 评级为AA 债参考YTM：1.7474,N,12.0,全价：133.831 最后更新：14:59:33,,,,0,"{'M': '', 'EX': '莱克电气投资集团有限公司竞价减持10.04% 2026年05月13日公告'}",0,0,N,,,buy,buy
2026-05-21 10:52:12,113698,凯众转债,kzzz,162.579,1.77,603037,凯众股份,kzgf,14.72,6.82,3.83,12.74,115.54,0,40.71,203.29,280203,汽车,shmb,C,2025-09-10,[],0,0,buy,AA-,,8.918,16.562,7.9,buy,2031-08-15,5.238,3.079,192825.99,39329.61,366.29,-6.68,,0,15:00:00,00,Y,N,0,0,Y,,2026-02-24 开始转股,计算使用5.3年期 评级为AA- 债参考YTM：2.8744,N,3.08,全价：162.579 最后更新：15:00:00,,,,0,[],0,0,N,,,buy,buy
2026-05-21 10:52:12,110090,爱迪转债,adzz,140.51,1.38,600933,爱柯迪,akd,17.5,3.98,1.82,17.55,99.72,0,40.91,181.42,280203,汽车,shmb,C,2022-10-28,[],0,0,buy,AA,,12.285,22.815,9.1,buy,2028-09-23,2.345,15.696,21638.58,68673.12,9.76,-9.08,,0,14:59:58,00,Y,N,0,0,Y,,2023-03-29 开始转股,计算使用2.4年期 评级为AA 债参考YTM：1.7330,N,15.7,全价：140.510 最后更新：14:59:58,,,,0,{'M': ''},0,0,N,,,buy,buy
2026-05-21 10:52:12,123104,卫宁转债,wnzz,129.0,-0.88,300253,卫宁健康,wnjk,8.63,-3.25,3.39,9.44,91.42,0,41.11,170.11,710401,计算机,szcy,C,2021-03-31,[],0,0,buy,AA,,6.608,12.272,6.1,buy,2027-03-16,0.819,9.699,5643.02,62281.33,4.49,-8.55,,0,15:34:09,00,Y,N,1,1,Y,转股价下修1次，成功下修1次,2021-09-22 开始转股,计算使用0.9年期 评级为AA 债参考YTM：1.5163,N,9.703,全价：129.000 最后更新：15:34:09,,,,1,{'M': ''},0,0,N,,,buy,buy
2026-05-21 10:52:12,123178,花园转债,hyzz,135.48,-1.41,300401,花园生物,hysw,12.89,-3.3,1.98,13.45,95.84,0,41.37,176.85,370101,医药生物,szcy,C,2023-03-23,[],0,0,buy,AA-,,9.415,17.485,17.0,buy,2029-03-06,2.795,11.731,7463.54,16452.23,4.64,-4.75,,0,15:34:30,00,Y,N,1,1,Y,转股价下修1次，成功下修1次,2023-09-11 开始转股,计算使用2.8年期 评级为AA- 债参考YTM：2.3068,N,12.0,全价：135.480 最后更新：15:34:30,,,,0,{'M': ''},0,0,N,,,buy,buy
2026-05-21 10:52:12,118062,天准转债,tzzz,242.807,-2.76,688003,天准科技,tzkj,95.48,-4.8,9.23,55.73,171.33,28,41.72,284.53,640704,机械设备,shkc,C,2025-12-31,[],0,0,buy,AA-,,39.011,66.876,4.7,buy,2031-12-11,5.562,8.72,40157.05,88803.98,18.36,-12.6,,0,14:59:59,00,Y,N,0,0,Y,,未到转股期；2026-06-18 开始转股,计算使用5.6年期 评级为AA- 债参考YTM：3.1441,N,8.72,全价：242.807 最后更新：14:59:59,,,,0,{'M': ''},0,0,N,120%,,buy,buy
2026-05-21 10:52:12,123171,共同转债,gtzz,139.15,-0.14,300966,共同药业,gtyy,26.61,-0.19,3.7,27.12,98.12,0,41.82,180.97,370101,医药生物,szcy,C,2022-12-16,[],0,0,buy,A,,18.984,35.256,18.6,buy,2028-11-28,2.526,3.799,8221.67,20632.43,15.31,-6.03,,0,15:34:48,00,Y,N,0,0,Y,,2023-06-02 开始转股,计算使用2.6年期 评级为A 债参考YTM：6.9245,N,3.8,全价：139.150 最后更新：15:34:48,,,,0,{'M': ''},0,0,N,,,buy,buy
2026-05-21 10:52:12,123155,中陆转债,zlzz,141.339,-1.08,301040,中环海陆,zhhl,31.6,-2.68,4.08,31.76,99.5,0,42.05,183.39,630602,电力设备,szcy,C,2022-08-31,[],0,0,buy,A+,,22.232,41.288,12.1,buy,2028-08-12,2.23,3.6,6757.15,19816.36,13.11,-7.48,,0,15:34:42,00,Y,N,0,0,Y,,2023-02-20 开始转股,计算使用2.3年期 评级为A+ 债参考YTM：4.4612,N,3.6,全价：141.339 最后更新：15:34:42,,,,0,{'M': ''},0,0,N,,,buy,buy
2026-05-21 10:52:12,111020,合顺转债,hszz,142.162,-2.24,605166,聚合顺,jhs,10.57,-6.79,1.65,10.59,99.81,0,42.43,184.59,220406,基础化工,shmb,C,2024-08-15,[],0,0,buy,AA-,,7.413,13.767,10.2,buy,2030-07-22,4.173,3.38,9021.49,14891.4,18.66,-4.11,,0,14:59:31,00,Y,N,0,0,Y,,2025-01-27 开始转股,计算使用4.2年期 评级为AA- 债参考YTM：2.5881,N,3.38,全价：142.162 最后更新：14:59:31,,,,0,[],0,0,N,,,buy,buy
2026-05-21 10:52:12,128138,侨银转债,qyzz,130.252,-0.19,002973,侨银股份,qygf,13.36,-1.76,2.09,14.64,91.26,0,42.73,172.98,760103,环保,szmb,C,2020-12-24,[],0,0,buy,A+,,10.248,19.032,9.9,buy,2026-11-17,0.493,4.199,6080.97,7846.44,11.11,-0.4,,0,15:34:03,00,Y,N,2,2,Y,转股价下修2次，成功下修2次,2021-05-24 开始转股,计算使用0.5年期 评级为A+ 债参考YTM：4.0464,N,4.2,全价：130.252 最后更新：15:34:03,,,,1,[],0,0,N,,,buy,buy
2026-05-21 10:52:12,123065,宝莱转债,blzz,126.6,-1.45,300246,宝莱特,blt,21.08,-2.27,4.93,23.8,88.57,0,42.94,169.54,370502,医药生物,szcy,C,2020-09-24,[],0,0,buy,AA-,,16.66,30.94,4.9,buy,2026-09-04,0.29,2.18,3726.5,30445.74,13.35,-31.85,,0,15:34:09,00,Y,N,1,1,Y,转股价下修1次，成功下修1次,2021-03-11 开始转股,计算使用0.3年期 评级为AA- 债参考YTM：1.6709,N,2.19,全价：126.600 最后更新：15:34:09,,,,0,[],0,0,N,,,buy,buy
2026-05-21 10:52:12,127099,盛航转债,shzz,136.76,-0.68,001205,盛航股份,shgf,14.81,-1.92,1.26,15.48,95.67,0,42.95,179.71,421101,交通运输,szmb,C,2023-12-28,[],0,0,buy,AA-,,10.836,20.124,18.4,buy,2029-12-06,3.548,4.541,2102.72,4559.71,3.36,-3.76,,0,15:34:12,00,Y,N,1,1,N,"转股价下修1次，成功下修1次
2026-05-14 至 2026-05-25 期间暂停转股：权益分派
转股价15.480生效日期2025-06-06",2024-06-12 开始转股;2026-05-14 至 2026-05-25 期间暂停转股：权益分派,计算使用3.6年期 评级为AA- 债参考YTM：2.5003,N,7.4,全价：136.760 最后更新：15:34:12,,,,0,[],0,0,N,,,buy,buy
2026-05-21 10:52:12,123258,胜蓝转02,slz2,245.596,-6.4,300843,胜蓝股份,slgf,93.5,-12.62,9.29,54.46,171.69,0,43.05,288.65,270504,电子,szcy,C,2025-09-10,[],0,0,buy,AA-,,38.122,70.798,3.0,buy,2031-08-28,5.274,4.499,65795.53,133985.19,57.52,-13.18,,0,15:33:54,00,Y,N,0,0,N,2026-05-21 起暂停转股：权益分派,2026-03-03 开始转股;2026-05-21 起暂停转股：权益分派,计算使用5.3年期 评级为AA- 债参考YTM：2.8744,N,4.5,全价：245.596 最后更新：15:33:54,,,,0,"{'G': '本次（2026年4月22日至2026年5月19日）不提前赎回，自2026年8月19日后首个交易日重新计算', 'EX': '胜蓝投资控股有限公司竞价、大宗减持29.92% 2026年05月19日公告\n潘民为竞价增持12.09% 2026年05月20日公告'}",0,0,N,,,buy,buy
2026-05-21 10:52:12,113589,天创转债,tczz,198.952,-4.92,603608,天创时尚,tcss,17.03,-1.67,6.46,12.29,138.57,0,43.58,242.53,350205,纺织服饰,shmb,C,2020-07-16,[],0,0,buy,A-,,8.603,15.977,0.9,buy,2026-06-24,0.093,0.662,47616.57,55402.08,353.21,-494.58,,0,15:00:00,00,Y,N,0,0,Y,,2021-01-04 开始转股,计算使用0.1年期 评级为A- 债参考YTM：8.7067,N,6.0,全价：198.952 最后更新：15:00:00,,,,0,{'R': '到期\n最后交易日：2026-06-17\n最后转股日：2026-06-23\n债券到期日：2026-06-24\n到期赎回价：110.000元/张'},0,0,N,,,buy,buy
2026-05-21 10:52:12,123199,山河转债,shzz,138.2,-1.33,300452,山河药辅,shyf,12.8,-3.61,2.85,13.3,96.24,0,43.6,181.8,370101,医药生物,szcy,C,2023-07-07,[],0,0,buy,A+,,9.31,17.29,12.6,buy,2029-06-12,3.063,3.197,2627.36,9605.65,5.89,-6.64,,0,15:34:00,00,Y,N,1,1,Y,转股价下修1次，成功下修1次,2023-12-18 开始转股,计算使用3.1年期 评级为A+ 债参考YTM：4.7617,N,3.2,全价：138.200 最后更新：15:34:00,,,,0,[],0,0,N,,,buy,buy
2026-05-21 10:52:12,127049,希望转2,xwz2,111.288,-0.46,000876,新希望,xxw,8.15,-0.85,1.68,10.59,76.96,0,44.61,155.9,110702,农林牧渔,szmb,C,2021-11-29,[],0,0,buy,AAA,,7.413,13.767,22.2,buy,2027-11-02,1.452,81.434,12253.39,15133.43,1.35,-1.69,,0,15:34:21,00,Y,N,1,1,Y,转股价下修1次，成功下修1次,2022-05-09 开始转股,计算使用1.5年期 评级为AAA 债参考YTM：1.5489,N,81.5,全价：111.288 最后更新：15:34:21,,,,1,{'M': ''},0,0,N,,,buy,buy
2026-05-21 10:52:12,110093,神马转债,smzz,121.253,-0.94,600810,神马股份,smgf,6.76,-2.45,0.79,8.08,83.66,0,44.93,166.18,220406,基础化工,shmb,C,2023-04-20,[],0,0,buy,AAA,,5.656,10.504,30.4,buy,2029-03-16,2.822,22.199,7910.73,9118.33,2.92,-3.44,,0,14:59:47,00,Y,N,0,0,Y,,2023-09-22 开始转股,计算使用2.9年期 评级为AAA 债参考YTM：1.6630,N,30.0,全价：121.253 最后更新：14:59:47,,,,0,{'M': ''},0,0,N,,,buy,buy
2026-05-21 10:52:12,123252,银邦转债,ybzz,150.6,-1.63,300337,银邦股份,ybgf,12.99,-4.84,5.95,12.51,103.84,0,45.04,195.64,240301,有色金属,szcy,C,2025-01-24,[],0,0,buy,AA-,,8.757,16.263,8.5,buy,2031-01-06,4.633,7.846,7973.16,40656.09,6.69,-5.28,,0,15:34:24,00,Y,N,0,0,Y,,2025-07-14 开始转股,计算使用4.7年期 评级为AA- 债参考YTM：2.6719,N,7.85,全价：150.600 最后更新：15:34:24,,,,0,{'M': ''},0,0,N,,,buy,buy
2026-05-21 10:52:12,113053,隆22转债,l22zz,122.776,-1.78,601012,隆基绿能,ljln,14.79,-3.65,2.2,17.5,84.51,0,45.27,168.05,630502,电力设备,shmb,C,2022-02-17,[],0,0,buy,AAA,,12.25,22.75,6.2,buy,2028-01-05,1.627,69.951,13101.9,230059.91,1.51,-7.34,,0,14:59:59,00,Y,N,1,1,Y,转股价下修1次，成功下修1次,2022-07-11 开始转股,计算使用1.7年期 评级为AAA 债参考YTM：1.5679,N,70.0,全价：122.776 最后更新：14:59:59,,,,1,{'M': ''},0,0,N,,,buy,buy
2026-05-21 10:52:12,113070,渝水转债,yszz,128.668,-0.78,601158,重庆水务,cqsw,4.26,-0.47,1.17,4.82,88.38,0,45.58,174.25,760102,环保,shmb,C,2025-02-13,[],0,0,buy,AAA,,3.374,6.266,9.3,buy,2031-01-09,4.641,18.998,5242.91,4435.01,2.14,-3.12,,0,14:59:48,00,Y,N,0,0,Y,,2025-07-15 开始转股,计算使用4.7年期 评级为AAA 债参考YTM：1.7848,N,19.0,全价：128.668 最后更新：14:59:48,,,,0,{'M': ''},0,0,N,,,buy,buy
2026-05-21 10:52:12,127093,章鼓转债,zgzz,133.804,-1.46,002598,ST章鼓,sdzg,7.7,-0.26,1.82,8.4,91.67,0,45.97,179.77,640106,机械设备,szmb,C,2023-11-03,[],0,0,buy,A,,5.88,10.92,11.0,buy,2029-10-17,3.411,2.425,2068.67,5737.67,6.32,-3.67,,0,15:34:45,00,Y,N,1,1,Y,转股价下修1次，成功下修1次,2024-04-23 开始转股,计算使用3.5年期 评级为A 债参考YTM：7.1927,N,2.43,全价：133.804 最后更新：15:34:45,,,,0,[],0,0,N,,,buy,buy
2026-05-21 10:52:12,113658,密卫转债,mwzz,134.34,-1.02,603713,密尔克卫,mekw,51.22,-2.48,1.64,55.72,91.92,0,46.14,180.48,420806,交通运输,shmb,C,2022-10-25,[],0,0,buy,AA-,,39.004,72.436,10.8,buy,2027-09-16,1.323,8.719,3460.56,8740.43,2.93,-12.09,,0,14:59:54,00,Y,N,1,1,N,"转股价下修1次，成功下修1次
2026-05-19 至 2026-05-26 期间暂停转股：权益分派
转股价55.720生效日期2025-06-05",2023-03-22 开始转股;2026-05-19 至 2026-05-26 期间暂停转股：权益分派,计算使用1.4年期 评级为AA- 债参考YTM：1.9403,N,8.724,全价：134.340 最后更新：14:59:54,,,,1,{'M': ''},0,0,N,,,buy,buy
2026-05-21 10:52:12,123124,晶瑞转2,jrz2,146.812,-1.77,300655,晶瑞电材,jrdc,16.76,-3.68,6.73,16.69,100.42,0,46.2,193.01,270601,电子,szcy,C,2021-09-07,[],0,0,buy,A+,,11.683,21.697,2.9,buy,2027-08-16,1.238,5.225,8136.83,209179.47,10.43,-21.72,,1,15:34:18,00,Y,N,0,0,Y,,2022-02-21 开始转股,计算使用1.3年期 评级为A+ 债参考YTM：4.2547,N,5.23,全价：146.812 最后更新：15:34:18,,,,1,{'M': ''},0,0,N,,23年6月前不下修,buy,buy
2026-05-21 10:52:12,123224,宇邦转债,ybzz,143.215,-2.51,301266,宇邦新材,ybxc,36.06,-6.73,2.12,36.82,97.94,0,46.23,189.45,630504,电力设备,szcy,C,2023-10-18,[],0,0,buy,A+,,25.774,47.866,7.6,buy,2029-09-19,3.334,2.848,4940.78,15075.72,11.95,-5.34,,0,15:34:30,00,Y,N,1,1,N,"转股价下修1次，成功下修1次
2026-05-13 至 2026-05-21 期间暂停转股：权益分派
转股价36.820生效日期2025-11-21",2024-03-25 开始转股;2026-05-13 至 2026-05-21 期间暂停转股：权益分派,计算使用3.4年期 评级为A+ 债参考YTM：4.8275,N,5.0,全价：143.215 最后更新：15:34:30,,,,0,"{'G': '本次（2026年1月30日至2026年3月11日）不提前赎回，自2026年6月11日后首个交易日重新计算', 'M': ''}",0,0,N,,,buy,buy
2026-05-21 10:52:12,118052,浩瀚转债,hhzz,151.906,-2.55,688292,浩瀚深度,hhsd,25.04,-5.86,3.94,24.26,103.22,0,47.17,199.08,710103,计算机,shkc,C,2025-04-07,[],0,0,buy,A+,,16.982,31.538,8.9,buy,2031-03-13,4.814,3.539,10314.45,19236.55,18.8,-4.9,,0,14:59:58,00,Y,N,0,0,Y,,2025-09-19 开始转股,计算使用4.9年期 评级为A+ 债参考YTM：5.0565,N,3.54,全价：151.906 最后更新：14:59:58,,,,0,{'M': ''},0,0,N,,,buy,buy
2026-05-21 10:52:12,118037,上声转债,sszz,137.334,-0.55,688533,上声电子,ssdz,27.02,-1.85,2.46,28.99,93.21,0,47.35,184.68,280206,汽车,shkc,C,2023-08-01,[],0,0,buy,A+,,20.293,37.687,10.5,buy,2029-07-06,3.129,4.679,2945.29,6355.34,4.54,-5.48,,0,15:00:00,00,Y,N,2,1,Y,转股价下修2次，成功下修1次,2024-01-12 开始转股,计算使用3.2年期 评级为A+ 债参考YTM：4.7881,N,5.2,全价：137.334 最后更新：15:00:00,,,,0,{'M': ''},0,0,N,,,buy,buy
2026-05-21 10:52:12,123119,康泰转2,ktz2,125.977,-0.95,300601,康泰生物,ktsw,13.44,-2.75,1.55,15.73,85.44,0,47.44,173.42,370303,医药生物,szcy,C,2021-08-05,[],0,0,buy,AA,,11.011,20.449,16.5,buy,2027-07-15,1.151,19.99,6688.86,17471.23,2.64,-8.58,,0,15:34:30,00,Y,N,5,5,Y,转股价下修5次，成功下修5次,2022-01-21 开始转股,计算使用1.2年期 评级为AA 债参考YTM：1.5868,N,20.0,全价：125.977 最后更新：15:34:30,,,,1,{'M': ''},0,0,N,,,buy,buy
2026-05-21 10:52:12,123172,漱玉转债,syzz,133.574,-0.96,301017,漱玉平民,sypm,13.53,-2.38,2.56,14.95,90.5,0,47.59,181.16,370403,医药生物,szcy,C,2023-01-06,[],0,0,buy,AA-,,10.465,19.435,22.7,buy,2028-12-15,2.573,7.96,7155.1,10475.8,6.69,-5.27,,0,15:34:51,00,Y,N,1,1,Y,转股价下修1次，成功下修1次,2023-06-21 开始转股,计算使用2.6年期 评级为AA- 债参考YTM：2.2294,N,8.0,全价：133.574 最后更新：15:34:51,,,,0,{'M': ''},0,0,N,,,buy,buy
2026-05-21 10:52:12,113066,平煤转债,pmzz,141.727,-2.58,601666,平煤股份,pmgf,7.22,-3.22,0.71,7.52,96.01,0,47.62,189.35,740102,煤炭,shmb,C,2023-04-10,[],0,0,buy,AAA,,5.264,9.776,8.0,buy,2029-03-16,2.822,14.274,5269.39,20619.02,2.58,-8.76,,0,14:59:38,00,Y,N,1,1,Y,转股价下修1次，成功下修1次,2023-09-22 开始转股,计算使用2.9年期 评级为AAA 债参考YTM：1.6630,N,29.0,全价：141.727 最后更新：14:59:38,,,,0,{'M': ''},0,0,N,,,buy,buy
2026-05-21 10:52:12,127089,晶澳转债,jazz,122.6,-0.97,002459,晶澳科技,jakj,9.67,-3.78,1.5,11.66,82.93,0,47.83,170.43,630502,电力设备,szmb,C,2023-08-04,[],0,0,buy,AA+,,8.162,15.158,28.0,buy,2029-07-18,3.162,89.588,14975.44,61470.21,1.36,-2.9,,0,15:34:39,00,Y,N,2,1,Y,转股价下修2次，成功下修1次,2024-01-24 开始转股,计算使用3.2年期 评级为AA+ 债参考YTM：1.7576,N,89.603,全价：122.600 最后更新：15:34:39,,,,0,{'M': ''},0,0,N,,,buy,buy
2026-05-21 10:52:12,118036,力合转债,lhzz,143.41,-1.89,688589,力合微,lhw,23.2,-6.3,3.23,23.93,96.95,0,47.92,191.33,270104,电子,shkc,C,2023-07-20,[],0,0,buy,AA-,,16.751,31.109,11.3,buy,2029-06-28,3.107,3.8,3017.49,16672.4,5.45,-5.86,,0,14:59:56,00,Y,N,1,1,Y,转股价下修1次，成功下修1次,2024-01-04 开始转股,计算使用3.2年期 评级为AA- 债参考YTM：2.4361,N,3.8,全价：143.410 最后更新：14:59:56,,,,0,{'M': ''},0,0,N,,,buy,buy
2026-05-21 10:52:12,123195,蓝晓转02,lxz02,150.8,-1.38,300487,蓝晓科技,lxkj,60.27,-2.84,6.67,59.38,101.5,0,48.57,199.37,220504,基础化工,szcy,C,2023-05-08,[],0,0,buy,A+,,41.566,77.194,2.9,buy,2029-04-17,2.91,5.458,5572.86,28510.94,6.67,-7.87,,0,15:34:39,00,Y,N,0,0,Y,,2023-10-23 开始转股,计算使用3.0年期 评级为A+ 债参考YTM：4.7297,N,5.461,全价：150.800 最后更新：15:34:39,,,,0,{'M': ''},0,0,N,,,buy,buy
2026-05-21 10:52:12,128129,青农转债,qnzz,107.674,0.02,002958,青农商行,qnsh,2.89,-0.34,0.36,4.0,72.25,0,49.03,156.7,480501,银行,szmb,C,2020-09-18,[],0,0,buy,AAA,,,5.2,31.8,buy,2026-08-25,0.263,49.997,15791.34,9542.02,2.93,1.16,,0,15:34:18,00,Y,N,1,1,Y,转股价下修1次，成功下修1次,2021-03-01 开始转股,计算使用0.3年期 评级为AAA 债参考YTM：1.4264,N,50.0,全价：107.674 最后更新：15:34:18,,,,0,{'M': ''},0,0,N,,,buy,buy
2026-05-21 10:52:12,127054,双箭转债,sjzz,129.75,-1.36,002381,双箭股份,sjgf,6.14,-3.61,1.17,7.06,86.97,0,49.19,178.94,220602,基础化工,szmb,C,2022-03-15,[],0,0,buy,AA,,4.942,9.178,26.1,buy,2028-02-11,1.729,5.136,4461.38,4544.69,6.63,-7.38,,0,15:34:48,00,Y,N,0,0,Y,,2022-08-17 开始转股,计算使用1.8年期 评级为AA 债参考YTM：1.6549,N,5.136,全价：129.750 最后更新：15:34:48,,,,1,[],0,0,N,,,buy,buy
2026-05-21 10:52:12,127046,百润转债,brzz,131.138,-0.73,002568,百润股份,brgf,18.13,-2.11,3.65,20.63,87.88,0,49.22,180.36,340602,食品饮料,szmb,C,2021-11-03,[],0,0,buy,AA,,14.441,26.819,8.2,buy,2027-09-29,1.359,11.274,8838.39,32945.23,5.92,-11.22,,0,15:34:48,00,Y,N,1,1,Y,转股价下修1次，成功下修1次,2022-04-12 开始转股,计算使用1.4年期 评级为AA 债参考YTM：1.6151,N,11.28,全价：131.138 最后更新：15:34:48,,,,0,{'M': ''},0,0,N,,,buy,buy
2026-05-21 10:52:12,113067,燃23转债,r23zz,131.279,-0.97,601139,深圳燃气,szrq,6.51,-2.98,1.12,7.4,87.97,0,49.23,180.51,410301,公用事业,shmb,C,2023-08-18,[],0,0,buy,AAA,,5.18,9.62,16.0,buy,2029-07-27,3.186,29.999,5768.28,21176.3,1.45,-5.28,,0,14:58:44,00,Y,N,0,0,Y,,2024-02-02 开始转股,计算使用3.2年期 评级为AAA 债参考YTM：1.6843,N,30.0,全价：131.279 最后更新：14:58:44,,,,0,{'M': ''},0,0,N,,,buy,buy
2026-05-21 10:52:12,113643,风语转债,fyzz,139.39,-0.43,603466,风语筑,fyz,10.98,1.86,3.09,11.82,92.89,0,50.05,189.44,720706,传媒,shmb,C,2022-04-22,[],0,0,buy,AA-,,8.274,15.366,7.6,buy,2028-03-25,1.847,4.994,6709.55,84819.99,9.6,-9.14,,0,14:59:31,00,Y,N,1,1,Y,转股价下修1次，成功下修1次,2022-10-10 开始转股,计算使用1.9年期 评级为AA- 债参考YTM：2.0189,N,5.0,全价：139.390 最后更新：14:59:31,,,,1,{'M': ''},0,0,N,,,buy,buy
2026-05-21 10:52:12,111003,聚合转债,jhzz,139.67,-2.14,605166,聚合顺,jhs,10.57,-6.79,1.65,11.37,92.96,0,50.24,189.91,220406,基础化工,shmb,C,2022-04-19,[],0,0,buy,AA-,,7.959,14.781,6.1,buy,2028-03-07,1.797,2.035,3246.32,14891.4,11.37,-9.28,,0,14:59:50,00,Y,N,1,1,Y,转股价下修1次，成功下修1次,2022-09-13 开始转股,计算使用1.8年期 评级为AA- 债参考YTM：2.0025,N,2.04,全价：139.670 最后更新：14:59:50,,,,1,[],0,0,N,,,buy,buy
2026-05-21 10:52:12,118064,联瑞转债,lrzz,277.126,-0.61,688300,联瑞新材,lrxc,117.07,-4.76,15.45,63.55,184.22,54,50.43,327.56,220901,基础化工,shkc,C,2026-01-28,[],0,0,buy,AA,,44.485,82.615,2.5,buy,2032-01-07,5.636,6.95,45793.12,123711.64,23.1,-14.77,,0,14:59:57,00,Y,N,0,0,Y,,未到转股期；2026-07-14 开始转股,计算使用5.7年期 评级为AA 债参考YTM：2.1937,N,6.95,全价：277.126 最后更新：14:59:57,,,,0,{'M': ''},0,0,N,,,buy,buy
2026-05-21 10:52:12,127112,尚太转债,stzz,159.378,1.33,001301,尚太科技,stkj,89.37,2.28,3.24,84.71,105.5,62,51.07,210.45,630702,电力设备,szmb,C,2026-02-05,[],0,0,buy,AA+,,59.297,110.123,10.4,buy,2032-01-15,5.658,17.34,33024.85,92808.09,11.81,-6.2,,0,15:34:06,00,Y,N,0,0,Y,,未到转股期；2026-07-22 开始转股,计算使用5.7年期 评级为AA+ 债参考YTM：1.9409,N,17.34,全价：159.378 最后更新：15:34:06,,,,0,[],0,0,N,,,buy,buy
2026-05-21 10:52:12,127072,博实转债,bszz,141.447,1.02,002698,博实股份,bsgf,14.1,2.55,3.39,15.06,93.63,0,51.08,192.53,640701,机械设备,szmb,C,2022-11-03,[],0,0,buy,AA,,10.542,19.578,3.8,buy,2028-09-22,2.343,4.498,7842.14,33362.19,12.24,-8.5,,0,15:34:06,00,Y,N,0,0,Y,,2023-03-28 开始转股,计算使用2.4年期 评级为AA 债参考YTM：1.7330,N,4.5,全价：141.447 最后更新：15:34:06,,,,0,{'M': ''},0,0,N,,,buy,buy
2026-05-21 10:52:12,123114,三角转债,sjzz,133.5,-2.25,300775,三角防务,sjfw,27.55,-5.49,2.5,31.39,87.77,0,52.11,185.61,650201,国防军工,szcy,C,2021-06-11,[],0,0,buy,AA-,,21.973,40.807,6.1,buy,2027-05-25,1.011,8.999,8181.72,64778.56,6.73,-12.12,,0,15:34:12,00,Y,N,0,0,Y,,2021-11-30 开始转股,计算使用1.1年期 评级为AA- 债参考YTM：1.8692,N,9.044,全价：133.500 最后更新：15:34:12,,,,1,{'M': ''},0,0,N,,,buy,buy
2026-05-21 10:52:12,123194,百洋转债,byzz,132.746,-0.86,301015,百洋医药,byyy,22.1,-1.65,4.49,25.36,87.15,0,52.33,185.08,370402,医药生物,szcy,C,2023-05-05,[],0,0,buy,AA-,,17.752,32.968,7.3,buy,2029-04-14,2.901,8.459,6390.15,14999.87,5.64,-4.47,,0,15:34:36,00,Y,N,0,0,N,2026-05-21 起暂停转股：权益分派,2023-10-20 开始转股;2026-05-21 起暂停转股：权益分派,计算使用3.0年期 评级为AA- 债参考YTM：2.3797,N,8.6,全价：132.746 最后更新：15:34:36,,,,0,{'M': ''},0,0,N,,,buy,buy
2026-05-21 10:52:12,113694,清源转债,qyzz,135.854,-1.66,603628,清源股份,qygf,11.46,-4.82,2.36,12.86,89.11,0,52.45,188.3,630504,电力设备,shmb,C,2025-04-25,[],0,0,buy,A+,,9.002,16.718,16.0,buy,2031-04-08,4.885,5.0,2490.86,10429.64,3.62,-2.77,,0,14:59:12,00,Y,N,0,0,Y,,2025-10-14 开始转股,计算使用4.9年期 评级为A+ 债参考YTM：5.0565,N,5.0,全价：135.854 最后更新：14:59:12,,,,0,{'M': ''},0,0,N,,,buy,buy
2026-05-21 10:52:12,127069,小熊转债,xxzz,134.596,-0.31,002959,小熊电器,xxdq,39.71,1.09,1.97,45.0,88.24,0,52.53,187.13,330301,家用电器,szmb,C,2022-09-07,[],0,0,buy,AA-,,31.5,58.5,8.4,buy,2028-08-12,2.23,5.041,1694.91,4990.92,2.49,-5.45,,0,15:34:30,00,Y,N,1,1,N,"转股价下修1次，成功下修1次
2026-05-20 至 2026-05-27 期间暂停转股：权益分派
转股价45.000生效日期2026-05-12",2023-02-20 开始转股;2026-05-20 至 2026-05-27 期间暂停转股：权益分派,计算使用2.3年期 评级为AA- 债参考YTM：2.1196,N,5.36,全价：134.596 最后更新：15:34:30,,,,0,{'M': ''},0,0,N,,,buy,buy
2026-05-21 10:52:12,113696,伯25转债,b25zz,142.859,2.49,603596,伯特利,btl,32.9,8.12,3.58,35.16,93.57,0,52.67,195.53,280203,汽车,shmb,C,2025-07-28,[],0,0,buy,AA,,24.612,45.708,9.5,buy,2031-07-01,5.115,28.019,31110.85,215797.17,7.76,-4.45,,0,15:00:00,00,Y,N,0,0,Y,,2026-01-07 开始转股,计算使用5.2年期 评级为AA 债参考YTM：2.1457,N,28.02,全价：142.859 最后更新：15:00:00,,,,0,{'M': ''},0,0,N,,,buy,buy
2026-05-21 10:52:12,113692,保隆转债,blzz,137.129,1.04,603197,保隆科技,blkj,35.28,2.92,2.31,39.36,89.63,0,52.99,190.12,280205,汽车,shmb,C,2024-11-27,[],0,0,buy,AA,,27.552,51.168,18.7,buy,2030-10-31,4.449,13.897,12224.71,31530.04,6.4,-4.23,,0,15:00:00,00,Y,N,0,0,Y,,2025-05-06 开始转股,计算使用4.5年期 评级为AA 债参考YTM：2.0636,N,13.9,全价：137.129 最后更新：15:00:00,,,,0,{'M': ''},0,0,N,,,buy,buy
2026-05-21 10:52:12,113037,紫银转债,zyzz,109.693,-0.01,601860,紫金银行,zjyh,2.58,0.0,0.46,3.6,71.67,0,53.06,162.75,480501,银行,shmb,C,2020-08-17,[],0,0,buy,AA+,,,4.68,49.1,buy,2026-07-23,0.173,44.995,7372.78,7260.53,1.49,1.65,,0,14:59:56,00,Y,N,1,1,Y,转股价下修1次，成功下修1次,2021-01-29 开始转股,计算使用0.2年期 评级为AA+ 债参考YTM：1.4461,N,45.0,全价：109.693 最后更新：14:59:56,,,,0,{'M': ''},0,0,N,,,buy,buy
2026-05-21 10:52:12,127031,洋丰转债,yfzz,126.999,-1.35,000902,新洋丰,xyf,14.16,-0.98,1.44,17.09,82.86,0,53.28,180.28,220805,基础化工,szmb,C,2021-04-23,[],0,0,buy,AA,,11.963,22.217,6.2,buy,2027-03-25,0.844,9.999,4147.67,15016.53,3.23,-14.04,,0,15:34:45,00,Y,N,1,1,N,"转股价下修1次，成功下修1次
2026-05-20 至 2026-05-27 期间暂停转股：权益分派
转股价17.090生效日期2025-05-20",2021-10-08 开始转股;2026-05-20 至 2026-05-27 期间暂停转股：权益分派,计算使用0.9年期 评级为AA 债参考YTM：1.5163,N,10.0,全价：126.999 最后更新：15:34:45,,,,1,{'M': ''},0,0,N,,,buy,buy
2026-05-21 10:52:12,110086,精工转债,jgzz,130.809,-0.25,600496,精工钢构,jggg,4.08,-3.09,0.85,4.79,85.18,0,53.57,184.38,620401,建筑装饰,shmb,C,2022-05-23,[],0,0,buy,AA,,3.353,6.227,24.6,buy,2028-04-22,1.923,19.999,9207.21,18105.46,3.5,-7.05,,0,14:59:54,00,Y,N,0,0,Y,,2022-10-28 开始转股,计算使用2.0年期 评级为AA 债参考YTM：1.6776,N,20.0,全价：130.809 最后更新：14:59:54,,,,1,{'M': ''},0,0,N,,,buy,buy
2026-05-21 10:52:12,127018,本钢转债,bgzz,118.455,0.03,000761,本钢板材,bgbc,2.53,-3.8,1.51,3.29,76.9,0,54.04,172.5,230402,钢铁,szmb,C,2020-08-04,[],0,0,buy,AAA,,2.303,4.277,60.0,buy,2026-06-29,0.107,56.309,12400.39,3891.83,1.86,4.31,,0,15:34:33,00,Y,N,1,1,Y,转股价下修1次，成功下修1次,2021-01-04 开始转股,计算使用0.2年期 评级为AAA 债参考YTM：1.4261,N,68.0,全价：118.455 最后更新：15:34:33,,,,1,{'M': ''},0,0,Y,,,buy,buy
2026-05-21 10:52:12,113671,武进转债,wjzz,140.155,-2.26,603878,武进不锈,wjbx,7.21,-3.99,1.55,7.93,90.92,0,54.15,194.31,230403,钢铁,shmb,C,2023-08-03,[],0,0,buy,AA,,5.551,10.309,7.6,buy,2029-07-10,3.14,3.093,4124.11,10200.94,9.39,-6.42,,0,14:59:56,00,Y,N,0,0,Y,,2024-01-15 开始转股,计算使用3.2年期 评级为AA 债参考YTM：1.8505,N,3.1,全价：140.155 最后更新：14:59:56,,,,0,[],0,0,N,,,buy,buy
2026-05-21 10:52:12,127104,姚记转债,yjzz,149.531,0.97,002605,姚记科技,yjkj,19.44,-1.42,2.05,20.06,96.91,0,54.3,203.83,720401,传媒,szmb,C,2024-02-26,[],0,0,buy,A+,,14.042,26.078,8.9,buy,2030-01-24,3.682,5.823,10337.46,12631.07,11.73,-5.87,,0,15:34:45,00,Y,N,0,0,Y,,2024-07-31 开始转股,计算使用3.7年期 评级为A+ 债参考YTM：4.8691,N,5.831,全价：149.531 最后更新：15:34:45,,,,0,[],0,0,N,,,buy,buy
2026-05-21 10:52:12,123173,恒锋转债,hfzz,135.49,-0.61,300605,恒锋信息,hfxx,12.04,-3.53,4.33,13.77,87.44,0,54.96,190.45,710401,计算机,szcy,C,2023-02-08,[],0,0,buy,A-,,9.639,17.901,15.3,buy,2028-12-30,2.614,2.331,2724.72,6743.95,8.52,-4.85,,0,15:34:27,00,Y,N,0,0,Y,,2023-07-06 开始转股,计算使用2.7年期 评级为A- 债参考YTM：9.3146,N,2.424,全价：135.490 最后更新：15:34:27,,,,0,[],0,0,N,,,buy,buy
2026-05-21 10:52:12,118059,颀中转债,qzzz,163.071,-3.27,688352,颀中科技,qzkj,14.4,-7.4,2.94,13.75,104.73,0,55.71,218.78,270107,电子,shkc,C,2025-11-21,[],0,0,buy,AA+,,9.625,17.875,16.1,buy,2031-11-03,5.458,8.499,16814.52,59208.97,11.9,-6.66,,0,14:59:58,00,Y,N,0,0,Y,,2026-05-07 开始转股,计算使用5.5年期 评级为AA+ 债参考YTM：1.9268,N,8.5,全价：163.071 最后更新：14:59:58,,,,0,{'M': ''},0,0,N,,,buy,buy
2026-05-21 10:52:12,123189,晓鸣转债,xmzz,132.04,-1.31,300967,晓鸣股份,xmgf,16.38,-2.85,3.91,19.34,84.7,0,55.9,187.94,110703,农林牧渔,szcy,C,2023-04-25,[],0,0,buy,A,,13.538,25.142,16.1,buy,2029-04-06,2.88,3.287,3783.69,8856.9,8.61,-4.1,,0,15:34:42,00,Y,N,0,0,N,2026-05-15 至 2026-05-25 期间暂停转股：权益分派,2023-10-12 开始转股;2026-05-15 至 2026-05-25 期间暂停转股：权益分派,计算使用2.9年期 评级为A 债参考YTM：7.0432,N,3.29,全价：132.040 最后更新：15:34:42,,,,0,{'M': ''},0,0,N,,,buy,buy
2026-05-21 10:52:12,110073,国投转债,gtzz,106.782,0.05,600061,国投资本,gtzb,6.45,0.16,0.72,9.42,68.47,0,55.95,162.73,490101,非银金融,shmb,C,2020-08-20,[],0,0,buy,AAA,,,12.246,19.4,buy,2026-07-24,0.175,79.991,22930.57,36574.28,2.68,1.18,,0,15:00:00,00,Y,N,0,0,Y,,2021-02-01 开始转股,计算使用0.2年期 评级为AAA 债参考YTM：1.4261,N,80.0,全价：106.782 最后更新：15:00:00,,,,0,{'M': ''},0,0,N,,,buy,buy
2026-05-21 10:52:12,113674,华设转债,hszz,134.748,-1.15,603018,华设集团,hsjt,7.3,-2.28,0.92,8.45,86.39,0,55.98,190.73,620601,建筑装饰,shmb,C,2023-08-15,[],0,0,buy,AA,,5.915,10.985,8.0,buy,2029-07-21,3.17,3.999,3078.9,5735.25,5.66,-4.63,,0,14:59:03,00,Y,N,0,0,Y,,2024-01-29 开始转股,计算使用3.2年期 评级为AA 债参考YTM：1.8505,N,4.0,全价：134.748 最后更新：14:59:03,,,,0,{'M': ''},0,0,N,,,buy,buy
2026-05-21 10:52:12,127059,永东转2,ydz2,131.318,-0.9,002753,永东股份,ydgf,6.87,0.15,1.1,8.16,84.19,0,55.98,187.3,220603,基础化工,szmb,C,2022-05-16,[],0,0,buy,AA-,,5.712,10.608,22.7,buy,2028-04-08,1.885,3.791,5350.0,8322.56,10.66,-6.0,,0,15:34:27,00,Y,N,0,0,Y,,2022-10-14 开始转股,计算使用1.9年期 评级为AA- 债参考YTM：2.0189,N,3.8,全价：131.318 最后更新：15:34:27,,,,1,[],0,0,N,,,buy,buy
2026-05-21 10:52:12,113665,汇通转债,htzz,133.983,-1.47,603176,汇通集团,htjt,5.39,-5.44,2.27,6.29,85.69,0,56.35,190.33,620306,建筑装饰,shmb,C,2023-01-11,[],0,0,buy,AA-,,4.403,8.177,14.4,buy,2028-12-15,2.573,3.596,4119.87,3793.38,8.51,-4.74,,0,14:59:22,00,Y,N,1,1,Y,转股价下修1次，成功下修1次,2023-06-21 开始转股,计算使用2.6年期 评级为AA- 债参考YTM：2.2294,N,3.6,全价：133.983 最后更新：14:59:22,,,,0,[],0,0,N,,,buy,buy
2026-05-21 10:52:12,123268,本川转债,bczz,184.212,-2.07,300964,本川智能,bczn,88.68,1.97,6.63,75.88,116.87,155,57.62,241.83,270202,电子,szcy,C,2026-05-07,[],0,0,buy,AA-,,53.116,98.644,9.4,buy,2032-04-16,5.91,4.69,95761.54,81746.98,106.43,-7.24,,0,15:34:09,00,Y,N,0,0,Y,,未到转股期；2026-10-23 开始转股,计算使用6.0年期 评级为AA- 债参考YTM：3.4619,N,4.69,全价：184.212 最后更新：15:34:09,,,,0,{'M': ''},0,0,N,,,buy,buy
2026-05-21 10:52:12,127113,长高转债,cgzz,161.5,-1.76,002452,长高电新,cgdx,11.28,-2.93,2.49,11.01,102.45,116,57.63,219.13,630801,电力设备,szmb,C,2026-03-30,[],0,0,buy,AA-,,7.707,14.313,13.1,buy,2032-03-08,5.803,7.586,7978.56,35116.07,6.42,-5.93,,0,15:33:57,00,Y,N,0,0,Y,,未到转股期；2026-09-14 开始转股,计算使用5.9年期 评级为AA- 债参考YTM：3.4013,N,7.59,全价：161.500 最后更新：15:33:57,,,,0,{'M': ''},0,0,N,,,buy,buy
2026-05-21 10:52:12,123269,金杨转债,jyzz,168.838,-1.84,301210,金杨精密,jygf,42.59,-1.59,2.59,39.8,107.01,158,57.78,226.62,630701,电力设备,szcy,C,2026-05-11,[],0,0,buy,AA-,,27.86,51.74,52.9,buy,2032-04-19,5.918,9.8,19413.65,18335.05,11.35,-6.53,,0,15:34:09,00,Y,N,0,0,Y,,未到转股期；2026-10-26 开始转股,计算使用6.0年期 评级为AA- 债参考YTM：3.4619,N,9.8,全价：168.838 最后更新：15:34:09,,,,0,{'M': ''},0,0,N,,,buy,buy
2026-05-21 10:52:12,123133,佩蒂转债,pdzz,132.01,-0.59,300673,佩蒂股份,pdgf,14.7,-1.8,1.93,17.58,83.62,0,57.87,189.88,110404,农林牧渔,szcy,C,2022-01-21,[],0,0,buy,AA-,,12.306,22.854,30.5,buy,2027-12-22,1.589,7.198,3257.72,5367.62,3.4,-7.4,,0,15:34:18,00,Y,N,1,1,Y,转股价下修1次，成功下修1次,2022-06-28 开始转股,计算使用1.6年期 评级为AA- 债参考YTM：1.9727,N,7.2,全价：132.010 最后更新：15:34:18,,,,1,[],0,0,N,,,buy,buy
2026-05-21 10:52:12,127050,麒麟转债,qlzz,128.95,-0.19,002984,森麒麟,sql,15.6,1.36,1.17,19.36,80.58,0,60.03,188.98,280204,汽车,szmb,C,2021-12-06,[],0,0,buy,AA,,13.552,25.168,18.7,buy,2027-11-11,1.477,20.86,4494.43,23125.13,1.66,-9.32,,0,15:34:51,00,Y,N,1,1,Y,转股价下修1次，成功下修1次,2022-05-17 开始转股,计算使用1.5年期 评级为AA 债参考YTM：1.6261,N,21.989,全价：128.950 最后更新：15:34:51,,,,1,{'M': ''},0,0,N,,,buy,buy
2026-05-21 10:52:12,123261,普联转债,plzz,157.765,-0.24,300996,普联软件,plrj,12.75,-3.26,3.81,12.97,98.3,21,60.49,218.26,710401,计算机,szcy,C,2025-12-22,[],0,0,buy,A+,,9.079,16.861,5.7,buy,2031-12-05,5.545,2.429,3247.97,18475.03,8.42,-5.04,,0,15:33:57,00,Y,N,0,0,Y,,未到转股期；2026-06-11 开始转股,计算使用5.6年期 评级为A+ 债参考YTM：5.4931,N,2.43,全价：157.765 最后更新：15:33:57,,,,0,{'M': ''},0,0,N,,,buy,buy
2026-05-21 10:52:12,111024,澳弘转债,ahzz,172.262,-2.1,605058,澳弘电子,ahdz,36.43,-4.78,2.83,34.04,107.02,27,60.96,233.22,270202,电子,shmb,C,2026-01-16,[],0,0,buy,AA-,,23.828,44.252,11.1,buy,2031-12-10,5.559,5.8,3300.88,15796.19,3.23,-6.99,,0,14:59:51,00,Y,N,0,0,Y,,未到转股期；2026-06-17 开始转股,计算使用5.6年期 评级为AA- 债参考YTM：3.1441,N,5.8,全价：172.262 最后更新：14:59:51,,,,0,[],0,0,N,,,buy,buy
2026-05-21 10:52:12,111021,奥锐转债,arzz,139.307,0.07,605116,奥锐特,art,21.5,1.56,3.21,24.94,86.21,0,61.6,200.91,370101,医药生物,shmb,C,2024-08-15,[],0,0,buy,AA-,,17.458,32.422,9.3,buy,2030-07-26,4.184,8.121,6226.88,10736.86,5.49,-3.63,,0,14:59:35,00,Y,N,0,0,Y,,2025-02-05 开始转股,计算使用4.2年期 评级为AA- 债参考YTM：2.5881,N,8.121,全价：139.307 最后更新：14:59:35,,,,0,[],0,0,N,,,buy,buy
2026-05-21 10:52:12,113702,斯达转债,sdzz,188.011,-2.06,603290,斯达半导,sdbd,122.23,-3.78,4.2,105.3,116.08,154,61.97,249.98,270102,电子,shmb,C,2026-05-11,[],0,0,buy,AA+,,73.71,136.89,5.1,buy,2032-04-15,5.907,15.0,72934.16,207023.75,24.94,-8.54,,0,14:59:59,00,Y,N,0,0,Y,,未到转股期；2026-10-22 开始转股,计算使用6.0年期 评级为AA+ 债参考YTM：1.9619,N,15.0,全价：188.011 最后更新：14:59:59,,,,0,{'M': ''},0,0,N,,,buy,buy
2026-05-21 10:52:12,127102,浙建转债,zjzz,127.219,-0.98,002761,浙江建投,zjjt,8.0,-2.2,1.0,10.22,78.28,0,62.52,189.74,620101,建筑装饰,szmb,C,2024-01-16,[],0,0,buy,AA+,,7.154,13.286,11.5,buy,2029-12-25,3.6,9.951,2432.59,10078.47,1.91,-3.56,,0,15:34:48,00,Y,N,0,0,Y,,2024-07-01 开始转股,计算使用3.6年期 评级为AA+ 债参考YTM：1.7909,N,10.0,全价：127.219 最后更新：15:34:48,,,,0,{'M': ''},0,0,N,,,buy,buy
2026-05-21 10:52:12,113699,金25转债,j25zz,163.278,-0.32,603979,金诚信,jcx,63.5,0.71,3.4,63.46,100.06,0,63.18,226.46,240302,有色金属,shmb,C,2025-10-27,[],0,0,buy,AA,,44.422,82.498,5.0,buy,2031-09-26,5.353,19.999,16445.51,87693.14,4.98,-6.33,,0,14:59:57,00,Y,N,0,0,Y,,2026-04-10 开始转股,计算使用5.4年期 评级为AA 债参考YTM：2.1661,N,20.0,全价：163.278 最后更新：14:59:57,,,,0,{'M': ''},0,0,N,,,buy,buy
2026-05-21 10:52:12,127111,金威转债,jwzz,133.798,-0.95,002626,金达威,jdw,15.91,-1.61,2.16,19.59,81.22,0,64.75,198.55,340407,食品饮料,szmb,C,2025-09-08,[],0,0,buy,AA,,13.713,25.467,13.3,buy,2031-08-20,5.252,12.924,5089.71,9916.06,2.91,-3.12,,0,15:33:54,00,Y,N,0,0,Y,,2026-02-26 开始转股,计算使用5.3年期 评级为AA 债参考YTM：2.1562,N,12.924,全价：133.798 最后更新：15:33:54,,,,0,{'M': ''},0,0,N,,,buy,buy
2026-05-21 10:52:12,110100,龙建转债,ljzz,134.505,-1.49,600853,龙建股份,ljgf,3.77,-5.04,0.92,4.63,81.43,68,65.19,199.7,620306,建筑装饰,shmb,C,2026-02-12,[],0,0,buy,AA,,3.241,6.019,26.2,buy,2032-01-21,5.674,10.0,4907.7,13503.8,3.62,-2.98,,0,14:59:58,00,Y,N,0,0,Y,,未到转股期；2026-07-28 开始转股,计算使用5.7年期 评级为AA 债参考YTM：2.1937,N,10.0,全价：134.505 最后更新：14:59:58,,,,0,[],0,0,N,,,buy,buy
2026-05-21 10:52:12,113656,嘉诚转债,jczz,128.14,-0.99,603535,嘉诚国际,jcgj,8.01,-4.53,1.58,10.35,77.39,0,65.57,193.71,420805,交通运输,shmb,C,2022-10-12,[],0,0,buy,AA-,,7.245,13.455,19.5,buy,2028-09-01,2.285,7.998,3522.79,5959.8,3.42,-3.43,,0,14:59:44,00,Y,N,0,0,Y,,2023-03-07 开始转股,计算使用2.3年期 评级为AA- 债参考YTM：2.1196,N,8.0,全价：128.140 最后更新：14:59:44,,,,0,[],0,0,N,,,buy,buy
2026-05-21 10:52:12,118042,奥维转债,awzz,150.076,-1.75,688516,奥特维,atw,76.46,-5.31,6.29,84.42,90.57,0,65.7,215.78,630505,电力设备,shkc,C,2023-09-01,[],0,0,buy,AA-,,59.094,109.746,4.7,buy,2029-08-10,3.225,11.399,6996.02,91218.58,4.02,-7.0,,0,14:59:50,00,Y,N,0,0,Y,,2024-02-19 开始转股,计算使用3.3年期 评级为AA- 债参考YTM：2.4566,N,11.4,全价：150.076 最后更新：14:59:50,,,,0,{'M': ''},0,0,N,,,buy,buy
2026-05-21 10:52:12,127038,国微转债,gwzz,132.937,-1.73,002049,紫光国微,zggw,77.89,-4.19,4.69,97.3,80.05,0,66.06,199.0,270104,电子,szmb,C,2021-07-14,[],0,0,buy,AA+,,68.11,126.49,2.3,buy,2027-06-10,1.055,14.915,8840.13,405572.37,4.39,-15.38,,0,15:33:54,00,Y,N,0,0,Y,,2021-12-17 开始转股,计算使用1.1年期 评级为AA+ 债参考YTM：1.5349,N,15.0,全价：132.937 最后更新：15:33:54,,,,0,{'M': ''},0,0,N,,,buy,buy
2026-05-21 10:52:12,123165,回天转债,htzz,134.365,-1.48,300041,回天新材,htxc,12.28,-3.08,2.18,15.2,80.79,0,66.31,200.68,220316,基础化工,szcy,C,2022-11-15,[],0,0,buy,AA-,,10.64,19.76,12.7,buy,2028-10-27,2.438,8.497,3378.89,46549.05,2.92,-5.11,,0,15:34:45,00,Y,N,0,0,Y,,2023-05-04 开始转股,计算使用2.5年期 评级为AA- 债参考YTM：2.1911,N,8.5,全价：134.365 最后更新：15:34:45,,,,0,{'M': ''},0,0,N,,,buy,buy
2026-05-21 10:52:12,123192,科思转债,kszz,132.762,-0.54,300856,科思股份,ksgf,13.8,-1.43,2.33,17.39,79.36,0,67.3,200.06,770201,美容护理,szcy,C,2023-05-11,[],0,0,buy,AA-,,12.173,22.607,11.3,buy,2029-04-13,2.899,7.187,2727.93,8566.19,2.84,-3.9,,0,15:34:30,00,Y,N,0,0,Y,,2023-10-19 开始转股,计算使用2.9年期 评级为AA- 债参考YTM：2.3443,N,7.249,全价：132.762 最后更新：15:34:30,,,,0,{'M': ''},0,0,N,,,buy,buy
2026-05-21 10:52:12,123220,易瑞转债,yrzz,134.0,-1.03,300942,易瑞生物,yrsw,7.1,-3.4,3.22,8.87,80.05,0,67.41,201.41,370504,医药生物,szcy,C,2023-09-06,[],0,0,buy,A+,,6.209,11.531,10.1,buy,2029-08-18,3.247,2.907,1250.18,3944.41,3.18,-3.68,,0,15:34:42,00,Y,N,1,1,Y,转股价下修1次，成功下修1次,2024-02-26 开始转股,计算使用3.3年期 评级为A+ 债参考YTM：4.8096,N,3.28,全价：134.000 最后更新：15:34:42,,,,0,{'M': ''},0,0,N,,,buy,buy
2026-05-21 10:52:12,118061,茂莱转债,mlzz,240.573,-2.64,688502,茂莱光学,mlgx,523.68,-10.5,21.98,364.43,143.7,6,67.42,307.99,270303,电子,shkc,C,2025-12-10,[],0,0,buy,A+,,255.101,473.759,2.0,buy,2031-11-21,5.507,5.625,51601.23,143063.23,36.62,-12.3,,0,14:59:58,00,Y,N,0,0,Y,,未到转股期；2026-05-27 开始转股,计算使用5.6年期 评级为A+ 债参考YTM：5.4931,N,5.625,全价：240.573 最后更新：14:59:58,,,,0,{'M': ''},0,0,N,,,buy,buy
2026-05-21 10:52:12,123263,鼎捷转债,djzz,156.0,-2.19,300378,鼎捷数智,djsz,40.17,-4.95,4.64,43.54,92.26,29,69.09,225.09,710402,计算机,szcy,C,2025-12-31,[],0,0,buy,AA,,,56.602,7.6,buy,2031-12-15,5.573,8.277,10480.11,57804.7,7.99,-5.6,,0,15:34:00,00,Y,N,0,0,Y,,未到转股期；2026-06-19 开始转股,计算使用5.6年期 评级为AA 债参考YTM：2.1847,N,8.28,全价：156.000 最后更新：15:34:00,,,,0,{'M': ''},0,0,N,,,buy,buy
2026-05-21 10:52:12,118063,金05转债,j05zz,181.268,-3.32,688676,金盘科技,jpkj,93.72,-8.3,8.04,88.6,105.78,41,71.37,252.64,630801,电力设备,shkc,C,2026-01-14,[],0,0,buy,AA+,,62.02,115.18,3.9,buy,2031-12-24,5.597,16.71,8549.37,190442.22,2.76,-8.4,,0,14:59:53,00,Y,N,0,0,Y,,未到转股期；2026-07-01 开始转股,计算使用5.6年期 评级为AA+ 债参考YTM：1.9338,N,16.71,全价：181.268 最后更新：14:59:53,,,,0,{'M': ''},0,0,N,,,buy,buy
2026-05-21 10:52:12,110081,闻泰转债,wtzz,88.37,-0.16,600745,*ST闻泰,wtkj,16.8,5.0,0.86,32.66,51.44,0,71.8,160.17,270102,电子,shmb,C,2021-08-20,[],0,0,buy,A,,22.862,42.458,41.1,buy,2027-07-28,1.186,85.962,70519.0,343729.98,9.22,20.48,,0,15:00:00,00,Y,N,2,2,Y,转股价下修2次，成功下修2次,2022-02-07 开始转股,计算使用1.2年期 评级为A 债参考YTM：6.5821,N,86.0,全价：88.370 最后更新：15:00:00,,,,1,[],0,0,N,,,buy,buy
2026-05-21 10:52:12,123144,裕兴转债,yxzz,128.048,-0.62,300305,裕兴股份,yxgf,6.33,-5.52,1.18,8.5,74.47,0,71.94,199.99,220505,基础化工,szcy,C,2022-04-27,[],0,0,buy,A+,,5.95,11.05,29.5,buy,2028-04-11,1.893,5.997,1425.07,6744.91,1.84,-4.7,,0,15:34:21,00,Y,N,1,1,Y,转股价下修1次，成功下修1次,2022-10-17 开始转股,计算使用1.9年期 评级为A+ 债参考YTM：4.3585,N,6.0,全价：128.048 最后更新：15:34:21,,,,1,[],0,0,N,,,buy,buy
2026-05-21 10:52:12,123214,东宝转债,dbzz,133.57,-0.44,300239,东宝生物,dbsw,5.15,-3.2,1.75,6.63,77.68,0,71.96,205.53,370304,医药生物,szcy,C,2023-08-18,[],0,0,buy,A+,,4.641,8.619,15.0,buy,2029-07-31,3.197,4.549,1008.05,4563.86,1.65,-4.01,,0,15:34:06,00,Y,N,0,0,N,2026-05-18 至 2026-05-26 期间暂停转股：权益分派,2024-02-05 开始转股;2026-05-18 至 2026-05-26 期间暂停转股：权益分派,计算使用3.2年期 评级为A+ 债参考YTM：4.7881,N,4.55,全价：133.570 最后更新：15:34:06,,,,0,[],0,0,N,,,buy,buy
2026-05-21 10:52:12,118065,艾为转债,awzz,153.008,-2.39,688798,艾为电子,awdz,70.82,-6.01,3.83,79.83,88.71,68,72.47,225.48,270105,电子,shkc,C,2026-02-26,[],0,0,buy,AA+,,55.881,103.779,19.8,buy,2032-01-22,5.677,19.01,7518.76,48616.93,2.54,-5.35,,0,14:59:59,00,Y,N,0,0,Y,,未到转股期；2026-07-28 开始转股,计算使用5.7年期 评级为AA+ 债参考YTM：1.9409,N,19.01,全价：153.008 最后更新：14:59:59,,,,0,{'M': ''},0,0,N,,,buy,buy
2026-05-21 10:52:12,123138,丝路转债,slzz,135.8,-1.24,300556,丝路视觉,slsj,20.87,-2.84,5.97,26.53,78.67,0,72.63,208.43,710401,计算机,szcy,C,2022-03-22,[],0,0,buy,A,,18.571,34.489,10.6,buy,2028-03-02,1.784,2.393,2893.51,16983.54,8.82,-7.89,,0,15:34:33,00,Y,N,0,0,Y,,2022-09-08 开始转股,计算使用1.8年期 评级为A 债参考YTM：6.6912,N,2.4,全价：135.800 最后更新：15:34:33,,,,1,[],0,0,N,,,buy,buy
2026-05-21 10:52:12,123260,卓镁转债,zmzz,155.019,-0.88,301398,星源卓镁,xyzm,46.62,2.35,4.68,52.3,89.14,0,73.91,228.93,280202,汽车,szcy,C,2025-11-24,[],0,0,buy,A+,,36.61,67.99,25.9,buy,2031-11-07,5.469,4.5,29260.21,14038.9,40.64,-4.81,,0,15:34:48,00,Y,N,0,0,Y,,2026-05-13 开始转股,计算使用5.5年期 评级为A+ 债参考YTM：5.3979,N,4.5,全价：155.019 最后更新：15:34:48,,,,0,{'M': ''},1,0,N,,,buy,buy
2026-05-21 10:52:12,118066,统联转债,tlzz,151.401,-1.14,688210,统联精密,tljm,48.9,-1.15,6.06,56.2,87.01,108,74.0,225.4,270504,电子,shkc,C,2026-03-20,[],0,0,buy,AA-,,39.34,73.06,7.3,buy,2032-03-02,5.786,5.76,16819.68,52519.63,18.7,-4.88,,0,14:59:57,00,Y,N,0,0,Y,,未到转股期；2026-09-06 开始转股,计算使用5.8年期 评级为AA- 债参考YTM：3.3249,N,5.76,全价：151.401 最后更新：14:59:57,,,,0,{'M': ''},0,0,N,,,buy,buy
2026-05-21 10:52:12,113655,欧22转债,o22zz,129.916,-0.74,603833,欧派家居,opjj,39.26,-4.64,1.26,52.77,74.4,0,74.62,204.54,360308,轻工制造,shmb,C,2022-09-01,[],0,0,buy,AA,,36.939,68.601,8.4,buy,2028-08-05,2.211,19.999,3508.78,20766.45,1.34,-5.36,,0,14:59:54,00,Y,N,1,1,Y,转股价下修1次，成功下修1次,2023-02-13 开始转股,计算使用2.3年期 评级为AA 债参考YTM：1.7187,N,20.0,全价：129.916 最后更新：14:59:54,,,,0,{'M': ''},0,0,N,,,buy,buy
2026-05-21 10:52:12,123223,九典转02,jdz02,136.799,-0.45,300705,九典制药,jdzy,11.68,-0.6,2.17,14.95,78.13,0,75.1,211.9,370102,医药生物,szcy,C,2023-10-13,[],0,0,buy,A+,,10.465,19.435,4.8,buy,2029-09-15,3.323,2.053,511.27,7165.85,1.81,-4.44,,0,15:34:48,00,Y,N,0,0,N,2026-05-20 起暂停转股：权益分派,2024-03-21 开始转股;2026-05-20 起暂停转股：权益分派,计算使用3.4年期 评级为A+ 债参考YTM：4.8275,N,3.6,全价：136.799 最后更新：15:34:48,,,,0,[],0,0,N,,,buy,buy
2026-05-21 10:52:12,118067,上26转债,s26zz,145.911,-0.68,688533,上声电子,ssdz,27.02,-1.85,2.46,32.6,82.88,126,76.04,221.95,280206,汽车,shkc,C,2026-04-14,[],0,0,buy,A+,,22.82,42.38,7.3,buy,2032-03-17,5.827,3.25,2502.71,6355.34,5.23,-3.64,,0,14:59:50,00,Y,N,0,0,Y,,未到转股期；2026-09-24 开始转股,计算使用5.9年期 评级为A+ 债参考YTM：5.7512,N,3.25,全价：145.911 最后更新：14:59:50,,,,0,{'M': ''},0,0,N,,,buy,buy
2026-05-21 10:52:12,127083,山路转债,slzz,122.604,-1.82,000498,山东路桥,sdlq,5.29,-0.75,0.31,7.61,69.51,0,76.37,198.97,620306,建筑装饰,szmb,C,2023-04-26,[],0,0,buy,AAA,,5.327,9.893,63.1,buy,2029-03-24,2.844,48.359,8698.12,3824.93,1.45,-3.4,,0,15:34:33,00,Y,N,0,0,Y,,2023-10-09 开始转股,计算使用2.9年期 评级为AAA 债参考YTM：1.6630,N,48.36,全价：122.604 最后更新：15:34:33,,,,0,{'M': ''},0,0,N,,,buy,buy
2026-05-21 10:52:12,123265,耐普转02,npz02,149.936,0.41,300818,耐普矿机,npkj,24.98,-3.55,2.89,29.5,84.68,62,77.07,227.01,640103,机械设备,szcy,C,2026-01-30,[],0,0,buy,A+,,20.65,38.35,12.7,buy,2032-01-15,5.658,4.5,8027.88,17703.54,11.83,-4.07,,0,15:34:06,00,Y,N,0,0,Y,,未到转股期；2026-07-22 开始转股,计算使用5.7年期 评级为A+ 债参考YTM：5.5869,N,4.5,全价：149.936 最后更新：15:34:06,,,,0,[],0,0,N,,,buy,buy
2026-05-21 10:52:12,123109,昌红转债,chzz,135.338,-0.27,300151,昌红科技,chkj,20.35,-4.59,6.55,26.64,76.39,0,77.17,212.51,640209,机械设备,szcy,C,2021-04-19,[],0,0,buy,AA-,,18.648,34.632,6.1,buy,2027-04-01,0.863,4.595,4413.15,63805.38,7.02,-17.47,,0,15:34:18,00,Y,N,0,0,Y,,2021-10-08 开始转股,计算使用0.9年期 评级为AA- 债参考YTM：1.7924,N,4.6,全价：135.338 最后更新：15:34:18,,,,1,{'M': ''},0,0,N,,,buy,buy
2026-05-21 10:52:12,113616,韦尔转债,wezz,115.116,0.01,603501,豪威集团,hwjt,102.66,1.34,3.91,159.12,64.52,0,78.43,193.55,270104,电子,shmb,C,2021-01-22,[],0,0,buy,AA+,,111.384,206.856,2.0,buy,2026-12-28,0.606,24.324,10282.04,676581.48,3.64,-7.34,,0,14:59:57,00,Y,N,0,0,Y,,2021-07-05 开始转股,计算使用0.7年期 评级为AA+ 债参考YTM：1.4594,N,24.4,全价：115.116 最后更新：14:59:57,,,,0,{'M': ''},0,0,N,,,buy,buy
2026-05-21 10:52:12,123229,艾录转债,alzz,134.77,-1.08,301062,上海艾录,shal,7.55,-5.51,2.4,10.0,75.5,0,78.5,213.27,360205,轻工制造,szcy,C,2023-11-20,[],0,0,buy,A+,,7.0,13.0,7.5,buy,2029-10-23,3.427,1.779,1148.55,8322.76,4.76,-3.33,,0,15:34:09,00,Y,N,0,0,Y,,2024-04-29 开始转股,计算使用3.5年期 评级为A+ 债参考YTM：4.8427,N,5.0,全价：134.770 最后更新：15:34:09,,,,0,{'M': ''},0,0,N,,,buy,buy
2026-05-21 10:52:12,113652,伟22转债,w22zz,130.709,-1.32,603568,伟明环保,wmhb,19.82,-1.83,2.2,27.27,72.68,0,79.84,210.55,760103,环保,shmb,C,2022-08-12,[],0,0,buy,AA,,19.089,35.451,4.4,buy,2028-07-22,2.173,14.766,6657.47,10203.98,3.42,-6.49,,0,14:59:41,00,Y,N,2,1,N,"转股价下修2次，成功下修1次
2026-05-19 至 2026-05-25 期间暂停转股：权益分派
转股价27.270生效日期2025-06-06",2023-01-30 开始转股;2026-05-19 至 2026-05-25 期间暂停转股：权益分派,计算使用2.2年期 评级为AA 债参考YTM：1.7047,Y,14.77,全价：130.709 最后更新：14:59:41,,,"按下调到底估算
股东大会：2026-06-04
预估转股价：20.93
预估转股价值：94.70
期权价值：15.67
理论价值：124.97
理论偏离度：4.39%",0,{'M': ''},0,0,N,,,buy,buy
2026-05-21 10:52:12,118024,冠宇转债,gyzz,126.045,-0.75,688772,珠海冠宇,zhgy,16.02,-4.47,2.39,22.89,69.99,0,80.1,206.15,630701,电力设备,shkc,C,2022-11-17,[],0,0,buy,AA,,16.023,27.468,17.0,buy,2028-10-24,2.43,30.889,6036.84,65857.68,1.54,-3.66,,0,14:59:54,00,Y,N,0,0,N,2026-05-21 起暂停转股：权益分派,2023-04-28 开始转股;2026-05-21 起暂停转股：权益分派,计算使用2.5年期 评级为AA 债参考YTM：1.7474,N,30.89,全价：126.045 最后更新：14:59:54,,,,0,{'M': ''},0,0,N,120%,,buy,buy
2026-05-21 10:52:12,123266,博士转债,bszz,150.352,-2.05,300622,博士眼镜,bsyj,25.36,-4.3,6.1,30.43,83.34,126,80.41,230.76,450401,商贸零售,szcy,C,2026-04-07,[],0,0,buy,AA,,21.301,39.559,9.4,buy,2032-03-17,5.827,3.75,4657.08,31451.44,8.14,-4.47,,0,15:34:30,00,Y,N,0,0,Y,,未到转股期；2026-09-24 开始转股,计算使用5.9年期 评级为AA 债参考YTM：2.2122,N,3.75,全价：150.352 最后更新：15:34:30,,,,0,[],0,0,N,,,buy,buy
2026-05-21 10:52:12,123168,惠云转债,hyzz,131.612,-1.05,300891,惠云钛业,hyty,7.81,-4.41,2.45,10.74,72.72,0,80.99,212.6,220206,基础化工,szcy,C,2022-12-14,[],0,0,buy,AA-,,7.518,13.962,18.8,buy,2028-11-23,2.512,4.899,2310.33,6115.58,3.56,-4.1,,0,15:34:24,00,Y,N,0,0,Y,,2023-05-29 开始转股,计算使用2.6年期 评级为AA- 债参考YTM：2.2294,N,4.9,全价：131.612 最后更新：15:34:24,,,,0,{'M': ''},0,0,N,,,buy,buy
2026-05-21 10:52:12,111009,盛泰转债,stzz,128.986,-0.83,605138,盛泰集团,stjt,7.52,-3.09,1.62,10.56,71.21,0,81.13,210.12,350209,纺织服饰,shmb,C,2022-12-01,[],0,0,buy,AA,,7.392,13.728,16.8,buy,2028-11-07,2.469,7.011,2256.56,4246.51,2.48,-5.21,,0,14:58:56,00,Y,N,0,0,Y,,2023-05-11 开始转股,计算使用2.5年期 评级为AA 债参考YTM：1.7474,N,7.012,全价：128.986 最后更新：14:58:56,,,,0,[],0,0,N,,,buy,buy
2026-05-21 10:52:12,118020,芳源转债,fyzz,124.784,-0.03,688148,芳源股份,fygf,9.6,-5.23,8.93,14.0,68.57,0,81.98,206.76,630702,电力设备,shkc,C,2022-11-07,[],0,0,buy,BBB,,9.8,18.2,13.1,buy,2028-09-23,2.345,6.417,2162.79,21408.76,2.7,0.43,,0,14:59:11,00,Y,N,1,1,Y,转股价下修1次，成功下修1次,2023-03-29 开始转股,计算使用2.4年期 评级为BBB 债参考YTM：15.4587,N,6.42,全价：124.784 最后更新：14:59:11,,,,0,{'M': ''},0,0,N,,,buy,buy
2026-05-21 10:52:12,113648,巨星转债,jxzz,124.774,-0.77,603477,巨星农牧,jxnm,16.89,-1.52,3.21,24.86,67.94,0,83.65,208.42,110702,农林牧渔,shmb,C,2022-05-17,[],0,0,buy,AA-,,17.402,32.318,10.4,buy,2028-04-25,1.932,8.997,4334.14,21019.71,3.83,-5.39,,0,14:59:57,00,Y,N,0,0,Y,,2022-10-31 开始转股,计算使用2.0年期 评级为AA- 债参考YTM：2.0376,N,10.0,全价：124.774 最后更新：14:59:57,,,,1,{'M': ''},0,0,N,,,buy,buy
2026-05-21 10:52:12,123193,海能转债,hnzz,131.219,-0.96,300787,海能实业,hnsy,10.5,-2.14,1.94,14.7,71.43,0,83.71,214.93,270504,电子,szcy,C,2023-05-09,[],0,0,buy,AA-,,10.29,19.11,29.1,buy,2029-04-13,2.899,5.997,1439.59,6597.35,1.81,-3.51,,0,15:34:33,00,Y,N,0,0,Y,,2023-10-19 开始转股,计算使用2.9年期 评级为AA- 债参考YTM：2.3443,N,6.0,全价：131.219 最后更新：15:34:33,,,,0,[],0,0,N,,,buy,buy
2026-05-21 10:52:12,113679,芯能转债,xnzz,132.813,-1.24,603105,芯能科技,xnkj,9.2,-4.17,2.02,12.75,72.16,0,84.06,216.87,410106,公用事业,shmb,C,2023-11-24,[],0,0,buy,AA-,,8.925,16.575,19.1,buy,2029-10-26,3.436,8.798,3848.89,14735.91,3.26,-3.09,,0,14:58:25,00,Y,N,0,0,Y,,2024-05-06 开始转股,计算使用3.5年期 评级为AA- 债参考YTM：2.4877,N,8.8,全价：132.813 最后更新：14:58:25,,,,0,{'M': ''},0,0,N,,,buy,buy
2026-05-21 10:52:12,113693,志邦转债,zbzz,126.491,-1.19,603801,志邦家居,zbjj,7.91,-2.71,1.07,11.52,68.66,0,84.22,210.71,360308,轻工制造,shmb,C,2025-04-08,[],0,0,buy,AA,,8.064,14.976,19.5,buy,2031-03-18,4.827,6.7,3745.58,2083.62,4.39,-2.11,,0,14:59:55,00,Y,N,0,0,Y,,2025-09-24 开始转股,计算使用4.9年期 评级为AA 债参考YTM：2.1097,N,6.7,全价：126.491 最后更新：14:59:55,,,,0,[],0,0,N,,,buy,buy
2026-05-21 10:52:12,113627,太平转债,tpzz,119.103,-0.23,603877,太平鸟,tpn,13.48,-0.88,1.37,20.88,64.56,0,84.49,203.59,350209,纺织服饰,shmb,C,2021-08-06,[],0,0,buy,AA,,14.616,27.144,12.6,buy,2027-07-15,1.151,7.997,2907.78,2224.13,3.05,-5.44,,0,14:59:15,00,Y,N,1,1,Y,转股价下修1次，成功下修1次,2022-01-21 开始转股,计算使用1.2年期 评级为AA 债参考YTM：1.5868,N,8.0,全价：119.103 最后更新：14:59:15,,,,0,{'M': ''},0,0,N,,,buy,buy
2026-05-21 10:52:12,113610,灵康转债,lkzz,121.73,-1.14,603669,灵康药业,lkyy,4.26,-2.29,4.87,6.5,65.54,0,85.74,207.47,370102,医药生物,shmb,C,2020-12-22,[],0,0,buy,A-,,4.55,8.45,8.3,buy,2026-12-01,0.532,2.53,2015.92,5414.82,6.47,-10.46,,0,14:59:24,00,Y,N,2,2,Y,转股价下修2次，成功下修2次,2021-06-07 开始转股,计算使用0.6年期 评级为A- 债参考YTM：8.7627,N,5.25,全价：121.730 最后更新：14:59:24,,,,1,[],0,0,N,,,buy,buy
2026-05-21 10:52:12,113625,江山转债,jszz,125.388,-0.61,603208,江山欧派,jsop,13.39,-2.9,2.25,19.84,67.49,0,85.79,211.18,360308,轻工制造,shmb,C,2021-07-01,[],0,0,buy,AA-,,13.888,25.792,24.7,buy,2027-06-11,1.058,5.825,2463.41,3145.17,3.36,-3.77,,0,14:59:34,00,Y,N,1,1,Y,转股价下修1次，成功下修1次,2021-12-20 开始转股,计算使用1.1年期 评级为AA- 债参考YTM：1.8692,N,5.83,全价：125.388 最后更新：14:59:34,,,,0,[],0,0,N,,,buy,buy
2026-05-21 10:52:12,127044,蒙娜转债,mnzz,132.0,-0.23,002918,蒙娜丽莎,mnls,14.01,-7.16,1.74,19.84,70.62,0,86.93,218.93,360306,轻工制造,szmb,C,2021-09-16,[],0,0,buy,AA-,,13.888,25.792,11.2,buy,2027-08-16,1.238,3.369,21377.51,78244.59,47.68,-11.42,,0,15:34:21,00,Y,N,1,1,Y,转股价下修1次，成功下修1次,2022-02-21 开始转股,计算使用1.3年期 评级为AA- 债参考YTM：1.9206,N,11.689,全价：132.000 最后更新：15:34:21,,,,0,[],0,0,N,,,buy,buy
2026-05-21 10:52:12,113636,甬金转债,yjzz,127.565,-1.64,603995,甬金股份,yjgf,18.2,-2.88,1.1,26.74,68.06,0,87.42,214.99,230501,钢铁,shmb,C,2021-12-31,[],0,0,buy,AA-,,18.718,34.762,15.0,buy,2027-12-13,1.564,9.995,3892.39,9009.58,3.02,-5.19,,0,14:59:58,00,Y,N,1,1,Y,转股价下修1次，成功下修1次,2022-06-17 开始转股,计算使用1.6年期 评级为AA- 债参考YTM：1.9727,N,10.0,全价：127.565 最后更新：14:59:58,,,,1,{'M': ''},0,0,N,,,buy,buy
2026-05-21 10:52:12,123196,正元转02,zyz02,128.732,-1.13,300645,正元智慧,zyzh,15.06,-4.02,1.93,21.93,68.67,0,87.46,216.19,710103,计算机,szcy,C,2023-05-19,[],0,0,buy,A+,,15.351,28.509,16.7,buy,2029-04-18,2.912,3.501,2118.16,6116.11,4.66,-2.9,,0,15:34:45,00,Y,N,2,1,Y,转股价下修2次，成功下修1次,2023-10-24 开始转股,计算使用3.0年期 评级为A+ 债参考YTM：4.7297,N,3.507,全价：128.732 最后更新：15:34:45,,,,0,[],0,0,N,,,buy,buy
2026-05-21 10:52:12,128119,龙大转债,ldzz,79.1,-3.4,002726,ST龙大,ldms,1.77,-4.84,3.17,4.2,42.14,0,87.69,166.79,340401,食品饮料,szmb,C,2020-08-07,[],0,0,buy,B,,2.94,5.46,49.6,buy,2026-07-13,0.145,9.459,11646.16,8043.49,15.2,312.57,,0,15:34:15,00,Y,N,2,1,Y,转股价下修2次，成功下修1次,2021-01-18 开始转股,计算使用0.2年期 评级为B 债参考YTM：32.7037,Y,9.5,全价：79.100 最后更新：15:34:15,,,"按下调到底估算
股东大会：2026-05-22
预估转股价：2.57
预估转股价值：68.87
期权价值：0.01
理论价值：110.38
理论偏离度：-39.54%",1,[],0,0,N,,,buy,buy
2026-05-21 10:52:12,123262,神宇转债,syzz,144.85,-1.26,300563,神宇股份,sygf,29.85,-5.42,4.58,38.82,76.89,27,88.38,233.23,730205,通信,szcy,C,2025-12-30,[],0,0,buy,AA-,,27.174,50.466,12.8,buy,2031-12-10,5.559,5.0,2457.3,15627.21,3.37,-4.31,,0,15:34:27,00,Y,N,0,0,Y,,未到转股期；2026-06-17 开始转股,计算使用5.6年期 评级为AA- 债参考YTM：3.1441,N,5.0,全价：144.850 最后更新：15:34:27,,,,0,{'M': ''},0,0,N,,,buy,buy
2026-05-21 10:52:12,113647,禾丰转债,hfzz,122.265,-0.35,603609,禾丰股份,hfgf,6.52,-1.06,0.9,10.09,64.62,0,89.21,211.48,110402,农林牧渔,shmb,C,2022-05-18,[],0,0,buy,AA,,7.063,13.117,24.8,buy,2028-04-22,1.923,14.669,3412.09,2050.68,1.9,-3.7,,0,14:58:44,00,Y,N,0,0,Y,,2022-10-28 开始转股,计算使用2.0年期 评级为AA 债参考YTM：1.6776,N,15.0,全价：122.265 最后更新：14:58:44,,,,1,{'M': ''},0,0,N,,,buy,buy
2026-05-21 10:52:12,123264,双乐转债,slzz,138.085,-0.42,301036,双乐股份,slgf,26.63,-5.27,1.57,36.7,72.56,46,90.3,228.39,220305,基础化工,szcy,C,2026-01-16,[],0,0,buy,AA-,,25.69,47.71,43.1,buy,2031-12-25,5.6,8.0,3009.88,6450.18,2.7,-3.45,,0,15:34:03,00,Y,N,0,0,Y,,未到转股期；2026-07-06 开始转股,计算使用5.6年期 评级为AA- 债参考YTM：3.1441,N,8.0,全价：138.085 最后更新：15:34:03,,,,0,{'M': ''},0,0,N,,,buy,buy
2026-05-21 10:52:12,123175,百畅转债,bczz,117.9,-1.52,300614,百川畅银,bccy,12.58,-4.55,2.28,20.4,61.67,0,91.19,209.09,760103,环保,szcy,C,2023-03-17,[],0,0,buy,A,,14.28,26.52,20.8,buy,2029-02-22,2.762,4.199,2245.28,4031.22,4.5,-0.5,,0,15:34:27,00,Y,N,2,2,Y,转股价下修2次，成功下修2次,2023-08-28 开始转股,计算使用2.8年期 评级为A 债参考YTM：7.0045,N,4.2,全价：117.900 最后更新：15:34:27,,,,0,{'M': ''},0,0,N,,,buy,buy
2026-05-21 10:52:12,113701,祥和转债,xhzz,142.288,-1.03,603500,祥和实业,xhsy,10.04,-4.11,3.03,13.59,73.88,111,92.6,234.89,640501,机械设备,shmb,C,2026-03-26,[],0,0,buy,A+,,9.513,17.667,12.0,buy,2032-03-02,5.786,4.0,1229.25,6687.13,2.14,-3.1,,0,14:59:50,00,Y,N,0,0,Y,,未到转股期；2026-09-09 开始转股,计算使用5.8年期 评级为A+ 债参考YTM：5.6746,N,4.0,全价：142.288 最后更新：14:59:50,,,,0,[],0,0,N,,,buy,buy
2026-05-21 10:52:12,127060,湘佳转债,xjzz,123.437,-0.38,002982,湘佳股份,xjgf,13.43,-1.9,1.57,21.13,63.56,0,94.21,217.65,110703,农林牧渔,szmb,C,2022-06-10,[],0,0,buy,A+,,14.791,27.469,36.6,buy,2028-04-19,1.915,6.399,1190.41,4961.54,1.5,-5.17,,0,15:34:27,00,Y,N,0,0,Y,,2022-10-25 开始转股,计算使用2.0年期 评级为A+ 债参考YTM：4.3776,N,6.4,全价：123.437 最后更新：15:34:27,,,,1,[],0,0,N,,,buy,buy
2026-05-21 10:52:12,113682,益丰转债,yfzz,129.974,-0.74,603939,益丰药房,yfyf,21.3,-2.38,2.13,31.84,66.9,0,94.29,224.26,370403,医药生物,shmb,C,2024-03-27,[],0,0,buy,AA,,22.288,41.392,7.0,buy,2030-03-04,3.789,17.968,5448.34,22429.01,2.32,-3.39,,0,14:59:16,00,Y,N,0,0,Y,,2024-09-09 开始转股,计算使用3.8年期 评级为AA 债参考YTM：1.9579,N,17.97,全价：129.974 最后更新：14:59:16,,,,0,{'M': ''},0,0,N,,,buy,buy
2026-05-21 10:52:12,127056,中特转债,ztzz,125.471,-0.66,000708,中信特钢,zxtg,14.05,-0.85,1.57,21.78,64.51,0,94.5,219.97,230501,钢铁,szmb,C,2022-04-15,[],0,0,buy,AAA,,15.246,28.314,7.1,buy,2028-02-25,1.767,49.996,7224.17,15551.31,1.15,-8.41,,0,15:33:57,00,Y,N,0,0,Y,,2022-09-05 开始转股,计算使用1.8年期 评级为AAA 债参考YTM：1.5773,N,50.0,全价：125.471 最后更新：15:33:57,,,,1,{'M': ''},0,0,N,,,buy,buy
2026-05-21 10:52:12,123122,富瀚转债,fhzz,129.235,-1.36,300613,富瀚微,fhw,60.72,-7.16,4.7,91.69,66.22,0,95.15,224.39,270104,电子,szcy,C,2021-08-24,[],0,0,buy,A+,,64.183,119.197,4.4,buy,2027-08-06,1.211,5.801,4519.18,158992.78,5.98,-8.01,,0,15:34:15,00,Y,N,0,0,Y,,2022-02-14 开始转股,计算使用1.3年期 评级为A+ 债参考YTM：4.2547,N,5.812,全价：129.235 最后更新：15:34:15,,,,0,{'M': ''},0,0,N,,,buy,buy
2026-05-21 10:52:12,123267,珂玛转债,kmzz,231.867,-3.39,301611,珂玛科技,kmkj,113.88,-8.6,27.13,97.57,116.72,154,98.66,330.53,270103,电子,szcy,C,2026-05-13,[],0,0,buy,AA,,68.299,126.841,4.5,buy,2032-04-15,5.907,7.5,99866.67,195427.65,55.13,-11.49,,0,15:34:06,00,Y,N,0,0,Y,,未到转股期；2026-10-22 开始转股,计算使用6.0年期 评级为AA 债参考YTM：2.2219,N,7.5,全价：231.867 最后更新：15:34:06,,,,0,{'M': ''},0,0,N,,,buy,buy
2026-05-21 10:52:12,123113,仙乐转债,xlzz,116.643,-0.4,300791,仙乐健康,xljk,18.59,0.76,1.94,31.79,58.48,0,99.47,216.11,340407,食品饮料,szcy,C,2021-05-14,[],0,0,buy,AA-,,22.253,41.327,21.4,buy,2027-04-19,0.912,10.248,3372.16,5097.1,2.81,-3.42,,0,15:34:21,00,Y,N,0,0,Y,,2021-10-25 开始转股,计算使用1.0年期 评级为AA- 债参考YTM：1.8355,N,10.249,全价：116.643 最后更新：15:34:21,,,,1,[],0,0,N,,,buy,buy
2026-05-21 10:52:12,113650,博22转债,b22zz,129.856,-2.34,603916,苏博特,sbt,15.04,-9.99,1.47,23.15,64.97,0,99.88,229.74,220309,基础化工,shmb,C,2022-07-28,[],0,0,buy,AA-,,16.205,30.095,12.6,buy,2028-07-01,2.115,7.996,5492.89,52642.24,5.23,-4.32,,0,14:59:48,00,Y,N,0,0,Y,,2023-01-09 开始转股,计算使用2.2年期 评级为AA- 债参考YTM：2.0881,N,8.0,全价：129.856 最后更新：14:59:48,,,,0,{'M': ''},0,0,N,,,buy,buy
2026-05-21 10:52:12,113700,海天转债,htzz,135.878,-1.0,603759,海天股份,htgf,8.47,-2.42,1.33,12.52,67.65,82,100.85,236.73,760102,环保,shmb,C,2026-03-12,[],0,0,buy,AA,,8.764,16.276,20.5,buy,2032-02-04,5.712,8.01,2711.57,3304.38,2.47,-3.13,,0,14:59:33,00,Y,N,0,0,Y,,未到转股期；2026-08-11 开始转股,计算使用5.8年期 评级为AA 债参考YTM：2.2028,N,8.01,全价：135.878 最后更新：14:59:33,,,,0,[],0,0,N,,,buy,buy
2026-05-21 10:52:12,123157,科蓝转债,klzz,126.19,-1.63,300663,科蓝软件,klrj,8.25,-6.14,10.51,13.2,62.5,0,101.9,228.09,710401,计算机,szcy,C,2022-09-20,[],0,0,buy,A,,9.24,17.16,6.2,buy,2028-08-30,2.28,2.34,2668.77,28359.21,8.95,-2.67,,0,15:34:18,00,Y,N,1,1,Y,转股价下修1次，成功下修1次,2023-03-06 开始转股,计算使用2.3年期 评级为A 债参考YTM：6.8112,N,4.946,全价：126.190 最后更新：15:34:18,,,,0,{'M': ''},0,0,N,,,buy,buy
2026-05-21 10:52:12,118022,锂科转债,lkzz,124.147,-1.27,688779,五矿新能,wkxn,9.51,-4.04,2.5,15.53,61.24,0,102.73,226.88,630702,电力设备,shkc,C,2022-11-07,[],0,0,buy,AA,,10.871,20.189,17.7,buy,2028-10-11,2.395,32.497,8622.87,41517.83,2.12,-3.82,,0,14:59:30,00,Y,N,0,0,Y,,2023-04-17 开始转股,计算使用2.4年期 评级为AA 债参考YTM：1.7330,N,32.5,全价：124.147 最后更新：14:59:30,,,,0,{'M': ''},0,0,N,,,buy,buy
2026-05-21 10:52:12,127085,韵达转债,ydzz,124.907,-0.54,002120,韵达股份,ydgf,7.22,-2.43,0.97,11.73,61.55,0,102.93,227.84,420804,交通运输,szmb,C,2023-05-23,[],0,0,buy,AA+,,8.211,15.249,12.1,buy,2029-04-11,2.893,24.499,2700.09,24367.0,0.88,-3.97,,0,15:34:00,00,Y,N,0,0,Y,,2023-10-17 开始转股,计算使用2.9年期 评级为AA+ 债参考YTM：1.7309,N,24.5,全价：124.907 最后更新：15:34:00,,,,0,{'M': ''},0,0,N,,,buy,buy
2026-05-21 10:52:12,127068,顺博转债,sbzz,128.106,-0.69,002996,顺博合金,sbhj,6.97,-3.6,1.36,11.27,61.85,0,107.14,235.25,240301,有色金属,szmb,C,2022-09-07,[],0,0,buy,AA-,,7.889,14.651,26.0,buy,2028-08-12,2.23,8.3,1262.08,8526.4,1.18,-6.12,,0,15:34:33,00,Y,N,1,1,Y,转股价下修1次，成功下修1次,2023-02-20 开始转股,计算使用2.3年期 评级为AA- 债参考YTM：2.1196,N,8.3,全价：128.106 最后更新：15:34:33,,,,0,[],0,0,N,,,buy,buy
2026-05-21 10:52:12,127062,垒知转债,lzzz,128.957,-0.73,002398,垒知集团,lzjt,4.71,-1.87,0.89,7.59,62.06,0,107.81,236.77,610303,建筑材料,szmb,C,2022-05-20,[],0,0,buy,AA-,,5.313,9.867,13.8,buy,2028-04-21,1.921,3.958,1241.98,7066.17,2.41,-4.99,,0,15:34:30,00,Y,N,0,0,Y,,2022-10-27 开始转股,计算使用2.0年期 评级为AA- 债参考YTM：2.0376,N,3.963,全价：128.957 最后更新：15:34:30,,,,1,[],0,0,N,,,buy,buy
2026-05-21 10:52:12,118015,芯海转债,xhzz,132.722,-0.99,688595,芯海科技,xhkj,35.2,-7.37,7.12,55.22,63.75,0,108.21,240.93,270104,电子,shkc,C,2022-08-18,[],0,0,buy,A+,,38.654,71.786,8.1,buy,2028-07-21,2.17,4.1,3513.61,24819.74,6.39,-4.95,,0,14:58:49,00,Y,N,0,0,Y,,2023-01-30 开始转股,计算使用2.2年期 评级为A+ 债参考YTM：4.4288,N,4.1,全价：132.722 最后更新：14:58:49,,,,0,{'M': ''},0,0,N,,,buy,buy
2026-05-21 10:52:12,123180,浙矿转债,zkzz,135.93,-1.67,300837,浙矿股份,zkgf,30.91,-5.99,2.12,47.89,64.54,0,110.6,246.53,640203,机械设备,szcy,C,2023-03-28,[],0,0,buy,AA-,,33.523,62.257,13.7,buy,2029-03-09,2.803,3.197,3905.83,8120.43,8.88,-4.85,,0,15:33:57,00,Y,N,0,0,Y,,2023-09-15 开始转股,计算使用2.9年期 评级为AA- 债参考YTM：2.3443,N,3.2,全价：135.930 最后更新：15:33:57,,,,0,[],0,0,N,,,buy,buy
2026-05-21 10:52:12,127017,万青转债,wqzz,112.927,0.02,000789,万年青,wnq,4.57,-1.3,0.55,8.53,53.58,0,110.78,223.71,610101,建筑材料,szmb,C,2020-07-02,[],0,0,buy,AA+,,5.971,11.089,27.4,buy,2026-06-03,0.036,9.995,1138.97,1622.67,1.01,1.97,,0,15:34:39,00,Y,N,1,1,Y,转股价下修1次，成功下修1次,2020-12-09 开始转股,计算使用0.1年期 评级为AA+ 债参考YTM：1.4367,N,10.0,全价：112.927 最后更新：15:34:39,,,,0,"{'R': '到期\n最后交易日：2026-05-28\n最后转股日：2026-06-02\n债券到期日：2026-06-03\n到期赎回价：113.000元/张', 'M': ''}",0,0,N,,,buy,buy
2026-05-21 10:52:12,113634,珀莱转债,plzz,125.55,-0.48,603605,珀莱雅,bly,55.37,-1.2,3.42,95.46,58.0,0,116.45,242.0,770202,美容护理,shmb,C,2022-01-04,[],0,0,buy,AA,,66.822,124.098,3.4,buy,2027-12-08,1.551,7.507,1956.77,21933.82,2.07,-4.6,,0,14:59:49,00,Y,N,0,0,Y,,2022-06-14 开始转股,计算使用1.6年期 评级为AA 债参考YTM：1.6359,N,7.517,全价：125.550 最后更新：14:59:49,,,,1,{'M': ''},0,0,N,,,buy,buy
2026-05-21 10:52:12,113666,爱玛转债,amzz,124.476,-0.68,603529,爱玛科技,amkj,21.06,-0.99,1.79,37.49,56.18,0,121.59,246.07,280401,汽车,shmb,C,2023-03-20,[],0,0,buy,AA,,26.243,48.737,11.2,buy,2029-02-23,2.764,19.994,5153.49,15066.49,2.06,-3.4,,0,14:58:44,00,Y,N,0,0,N,2026-05-21 起暂停转股：权益分派,2023-09-01 开始转股;2026-05-21 起暂停转股：权益分派,计算使用2.8年期 评级为AA 债参考YTM：1.7910,N,20.0,全价：124.476 最后更新：14:58:44,,,,0,{'M': ''},0,0,N,,,buy,buy
2026-05-21 10:52:12,127098,欧晶转债,ojzz,128.079,-0.64,001269,欧晶科技,ojkj,24.2,-1.18,6.11,42.0,57.62,0,122.29,250.37,630504,电力设备,szmb,C,2023-12-15,[],0,0,buy,AA-,,29.4,54.6,10.1,buy,2029-11-24,3.515,4.693,14946.4,41642.34,24.57,-2.8,,0,15:34:39,00,Y,N,1,1,Y,转股价下修1次，成功下修1次,2024-05-30 开始转股,计算使用3.6年期 评级为AA- 债参考YTM：2.5003,N,4.7,全价：128.079 最后更新：15:34:39,,,,0,[],0,0,N,,,buy,buy
2026-05-21 10:52:12,111014,李子转债,lzzz,125.21,-0.62,605337,李子园,lzy,9.99,-2.15,2.29,18.37,54.38,0,130.24,255.45,340701,食品饮料,shmb,C,2023-07-13,[],0,0,buy,AA,,12.859,23.881,15.4,buy,2029-06-20,3.085,5.999,1770.84,3114.18,2.35,-2.42,,0,14:58:45,00,Y,N,0,0,Y,,2023-12-28 开始转股,计算使用3.1年期 评级为AA 债参考YTM：1.8346,N,6.0,全价：125.210 最后更新：14:58:45,,,,0,[],0,0,Y,,,buy,buy
2026-05-21 10:52:12,113638,台21转债,t21zz,126.83,0.19,603055,台华新材,thxc,8.87,3.86,1.45,16.19,54.79,0,131.5,258.33,350106,纺织服饰,shmb,C,2022-01-21,[],0,0,buy,AA,,11.333,21.047,7.6,buy,2027-12-29,1.608,5.997,4217.51,22551.84,5.51,-6.59,,0,14:59:59,00,Y,N,0,0,Y,,2022-07-05 开始转股,计算使用1.7年期 评级为AA 债参考YTM：1.6453,N,6.0,全价：126.830 最后更新：14:59:59,,,,0,{'M': ''},0,0,N,,,buy,buy
2026-05-21 10:52:12,123090,三诺转债,snzz,113.971,-0.21,300298,三诺生物,snsw,16.49,-1.43,2.98,34.46,47.85,0,138.17,252.14,370502,医药生物,szcy,C,2021-01-12,[],0,0,buy,AA,,24.122,44.798,6.7,buy,2026-12-21,0.586,4.984,1478.39,11395.03,2.59,-2.95,,0,15:34:09,00,Y,N,0,0,Y,,2021-06-25 开始转股,计算使用0.6年期 评级为AA 债参考YTM：1.4707,N,5.0,全价：113.971 最后更新：15:34:09,,,,0,{'M': ''},0,0,N,,,buy,buy
2026-05-21 10:52:12,110076,华海转债,hhzz,126.283,-0.29,600521,华海药业,hhyy,17.02,2.22,2.59,33.06,51.48,0,145.29,271.57,370102,医药生物,shmb,C,2020-11-25,[],0,0,buy,AA,,23.142,42.978,7.2,buy,2026-11-02,0.452,18.424,6366.0,110187.37,2.72,-28.52,,0,14:59:13,00,Y,N,1,0,Y,转股价下修1次，成功下修0次,2021-05-06 开始转股,计算使用0.5年期 评级为AA 债参考YTM：1.4664,N,18.426,全价：126.283 最后更新：14:59:13,,,,1,{'M': ''},0,0,N,,,buy,buy
2026-05-21 10:52:12,113049,长汽转债,cqzz,111.792,0.05,601633,长城汽车,ccqc,17.83,-1.65,1.72,39.16,45.53,0,145.53,257.32,280502,汽车,shmb,C,2021-07-08,[],0,0,buy,AAA,,27.412,50.908,3.2,buy,2027-06-10,1.055,34.95,4057.84,42036.42,1.04,-2.84,,0,14:58:47,00,Y,N,0,0,Y,,2021-12-17 开始转股,计算使用1.1年期 评级为AAA 债参考YTM：1.5013,N,35.0,全价：111.792 最后更新：14:58:47,,,,1,{'M': ''},0,0,N,,,buy,buy
2026-05-21 10:52:12,123117,健帆转债,jfzz,119.027,-0.86,300529,健帆生物,jfsw,18.69,-1.01,4.03,38.65,48.36,0,146.14,265.17,370503,医药生物,szcy,C,2021-07-12,[],0,0,buy,AA,,27.055,50.245,10.4,buy,2027-06-23,1.09,9.998,2865.45,10143.64,2.39,-5.68,,0,15:34:24,00,Y,N,2,2,Y,转股价下修2次，成功下修2次,2021-12-29 开始转股,计算使用1.1年期 评级为AA 债参考YTM：1.5681,N,10.0,全价：119.027 最后更新：15:34:24,,,,0,{'M': ''},0,0,N,,,buy,buy
2026-05-21 10:52:12,123250,嘉益转债,jyzz,128.736,-0.22,301004,嘉益股份,jygf,40.71,-0.76,3.2,79.66,51.11,0,151.91,280.65,360311,轻工制造,szcy,C,2024-11-26,[],0,0,buy,A+,,55.762,103.558,7.1,buy,2030-11-07,4.469,3.955,947.0,2435.41,1.85,-1.83,,0,15:34:21,00,Y,N,0,0,Y,,2025-05-13 开始转股,计算使用4.5年期 评级为A+ 债参考YTM：4.9961,N,3.979,全价：128.736 最后更新：15:34:21,,,,0,{'M': ''},0,0,N,,,buy,buy
2026-05-21 10:52:12,113670,金23转债,j23zz,125.968,-0.47,603180,金牌家居,jpjj,18.44,-0.91,1.04,37.64,48.99,0,157.13,283.1,360308,轻工制造,shmb,C,2023-05-16,[],0,0,buy,AA,,26.348,48.932,27.1,buy,2029-04-17,2.91,7.7,2091.96,2625.34,2.16,-2.17,,0,14:59:48,00,Y,N,0,0,Y,,2023-10-23 开始转股,计算使用3.0年期 评级为AA 债参考YTM：1.8197,N,7.7,全价：125.968 最后更新：14:59:48,,,,0,[],0,0,N,,,buy,buy
2026-05-21 10:52:12,118032,建龙转债,jlzz,127.116,-0.78,688357,建龙微纳,jlwn,33.92,-4.42,1.82,71.71,47.3,0,168.73,295.85,220309,基础化工,shkc,C,2023-04-07,[],0,0,buy,AA-,,50.197,93.223,20.6,buy,2029-03-08,2.8,6.999,2703.51,7776.17,3.0,-2.52,,0,14:59:05,00,Y,N,0,0,Y,,2023-09-14 开始转股,计算使用2.8年期 评级为AA- 债参考YTM：2.3068,N,7.0,全价：127.116 最后更新：14:59:05,,,,0,{'M': ''},0,0,N,,,buy,buy
2026-05-21 10:52:12,110085,通22转债,t22zz,122.704,-1.06,600438,通威股份,twgf,15.59,-3.47,1.93,34.6,45.06,0,172.33,295.03,630501,电力设备,shmb,C,2022-03-18,[],0,0,buy,AAA,,24.22,44.98,17.1,buy,2028-02-24,1.764,119.831,9721.72,84709.2,0.66,-5.68,,0,14:58:45,00,Y,N,0,0,Y,,2022-09-02 开始转股,计算使用1.8年期 评级为AAA 债参考YTM：1.5773,N,120.0,全价：122.704 最后更新：14:58:45,,,,0,{'M': ''},0,0,N,,,buy,buy
2026-05-21 10:52:12,123151,康医转债,kyzz,122.17,-0.18,300869,康泰医学,ktyx,11.87,-1.98,2.77,27.55,43.09,0,183.55,305.72,370502,医药生物,szcy,C,2022-07-20,[],0,0,buy,A+,,19.285,35.815,22.4,buy,2028-07-01,2.115,6.998,2459.32,3895.54,2.87,-1.15,,0,15:34:27,00,Y,N,0,0,Y,,2023-01-09 开始转股,计算使用2.2年期 评级为A+ 债参考YTM：4.4288,N,7.0,全价：122.170 最后更新：15:34:27,,,,0,{'M': ''},0,0,N,,,buy,buy
2026-05-21 10:52:12,113660,寿22转债,s22zz,125.191,-1.25,603896,寿仙谷,sxg,15.84,-1.98,1.37,36.84,43.0,0,191.16,316.35,370201,医药生物,shmb,C,2022-12-12,[],0,0,buy,AA-,,25.788,47.892,12.7,buy,2028-11-17,2.496,3.977,1068.2,2531.21,2.13,-3.23,,0,14:59:49,00,Y,N,0,0,Y,,2023-05-23 开始转股,计算使用2.5年期 评级为AA- 债参考YTM：2.1911,N,3.98,全价：125.191 最后更新：14:59:49,,,,0,[],0,0,N,,,buy,buy
2026-05-21 10:52:12,118005,天奈转债,tnzz,126.198,-1.43,688116,天奈科技,tnkj,42.75,-2.82,4.08,99.09,43.14,0,192.51,318.71,630702,电力设备,shkc,C,2022-03-01,[],0,0,buy,AA-,,69.363,128.817,5.3,buy,2028-01-27,1.688,8.299,1617.72,57187.4,1.53,-7.0,,0,14:59:45,00,Y,N,0,0,Y,,2022-08-09 开始转股,计算使用1.7年期 评级为AA- 债参考YTM：1.9874,N,8.3,全价：126.198 最后更新：14:59:45,,,,0,{'M': ''},0,0,N,,,buy,buy
2026-05-21 10:52:12,128135,洽洽转债,qqzz,114.449,0.01,002557,洽洽食品,qqsp,21.51,-1.78,1.97,55.93,38.46,0,197.59,312.04,340801,食品饮料,szmb,C,2020-11-18,[],0,0,buy,AA,,39.151,72.709,12.3,buy,2026-10-20,0.416,13.398,2207.07,12185.52,1.44,1.16,,0,15:34:00,00,Y,N,0,0,Y,,2021-04-26 开始转股,计算使用0.5年期 评级为AA 债参考YTM：1.4664,N,13.4,全价：114.449 最后更新：15:34:00,,,,1,{'M': ''},0,0,N,,,buy,buy
2026-05-21 10:52:12,113633,科沃转债,kwzz,125.033,-0.51,603486,科沃斯,kws,68.48,-0.29,4.22,173.8,39.4,0,217.33,342.36,330302,家用电器,shmb,C,2021-12-29,[],0,0,buy,AA,,121.66,225.94,2.6,buy,2027-11-30,1.529,10.396,1781.61,100927.14,1.37,-7.14,,0,14:58:44,00,Y,N,0,0,Y,,2022-06-06 开始转股,计算使用1.6年期 评级为AA 债参考YTM：1.6359,N,10.4,全价：125.033 最后更新：14:58:44,,,,0,{'M': ''},0,0,N,,,buy,buy
2026-05-21 10:52:12,123072,乐歌转债,lgzz,123.851,-0.52,300729,乐歌股份,lggf,12.03,-1.72,1.11,32.91,36.55,0,238.81,362.66,360311,轻工制造,szcy,C,2020-11-10,[],0,0,buy,A+,,23.037,42.783,3.6,buy,2026-10-21,0.419,1.418,940.94,3649.8,5.34,-7.47,,0,15:34:09,00,Y,N,0,0,Y,,2021-04-27 开始转股,计算使用0.5年期 评级为A+ 债参考YTM：4.0464,N,1.42,全价：123.851 最后更新：15:34:09,,,,0,[],0,0,N,,,buy,buy
2026-05-21 10:52:12,127025,冀东转债,jdzz,105.091,-0.03,000401,金隅冀东,jyjd,3.96,-2.22,0.4,13.01,30.44,0,245.26,350.35,610101,建筑材料,szmb,C,2020-12-02,[],0,0,buy,AAA,,9.107,16.913,17.0,buy,2026-11-05,0.46,17.764,3764.91,3465.94,2.02,1.89,,0,15:34:12,00,Y,Y,0,0,Y,,2021-05-11 开始转股,计算使用0.5年期 评级为AAA 债参考YTM：1.4264,N,28.2,全价：105.091 最后更新：15:34:12,,,,0,{'M': ''},0,0,N,,,buy,buy
2026-05-21 10:52:12,118010,洁特转债,jtzz,123.526,-1.12,688026,洁特生物,jtsw,15.41,-3.45,1.81,47.95,32.14,0,284.37,407.9,370503,医药生物,shkc,C,2022-08-02,[],0,0,buy,A+,,33.565,62.335,20.3,buy,2028-06-28,2.107,4.399,1328.63,2764.58,2.42,-4.1,,0,14:59:22,00,Y,N,0,0,Y,,2023-01-04 开始转股,计算使用2.2年期 评级为A+ 债参考YTM：4.4288,N,4.4,全价：123.526 最后更新：14:59:22,,,,0,{'M': ''},0,0,N,,,buy,buy
2026-05-21 10:52:12,128124,科华转债,khzz,105.692,-0.07,002022,科华生物,khsw,5.59,-5.09,1.12,20.64,27.08,0,290.25,395.94,370504,医药生物,szmb,C,2020-08-20,[],0,0,buy,A+,,14.448,26.832,7.8,buy,2026-07-28,0.186,2.245,1798.35,6015.67,7.58,1.59,,0,15:33:54,00,Y,N,0,0,Y,,2021-02-03 开始转股,计算使用0.2年期 评级为A+ 债参考YTM：4.0154,N,7.38,全价：105.692 最后更新：15:33:54,,,,0,[],0,0,N,,,buy,buy
2026-05-21 10:52:12,123154,火星转债,hxzz,126.408,-0.23,300894,火星人,hxr,10.29,-1.15,3.97,33.03,31.15,0,305.76,432.17,330401,家用电器,szcy,C,2022-08-23,[],0,0,buy,AA-,,23.121,42.939,17.5,buy,2028-08-05,2.211,5.289,1061.5,5972.18,1.58,-2.94,,0,15:34:39,00,Y,N,0,0,Y,,2023-02-13 开始转股,计算使用2.3年期 评级为AA- 债参考YTM：2.1196,N,5.29,全价：126.408 最后更新：15:34:39,,,,0,{'M': ''},0,0,N,,,buy,buy
2026-05-21 10:52:12,113059,福莱转债,flzz,123.988,-0.86,601865,福莱特,flt,12.11,-3.66,1.26,41.71,29.03,0,327.05,451.04,630504,电力设备,shmb,C,2022-06-13,[],0,0,buy,AA,,29.197,54.223,17.4,buy,2028-05-20,2.0,39.999,5560.56,28675.42,1.12,-4.23,,0,14:58:51,00,Y,N,1,0,Y,转股价下修1次，成功下修0次,2022-11-28 开始转股,计算使用2.0年期 评级为AA 债参考YTM：1.6776,N,40.0,全价：123.988 最后更新：14:58:51,,,,1,{'M': ''},0,0,N,,,buy,buy
2026-05-21 10:52:12,123179,立高转债,lgzz,123.514,0.09,300973,立高食品,lgsp,27.44,-2.03,1.7,95.13,28.85,0,328.2,451.71,340802,食品饮料,szcy,C,2023-03-27,[],0,0,buy,AA-,,66.591,123.669,29.2,buy,2029-03-07,2.797,9.499,2439.26,5536.94,2.08,-1.41,,0,15:33:54,00,Y,N,0,0,Y,,2023-09-13 开始转股,计算使用2.8年期 评级为AA- 债参考YTM：2.3068,N,9.5,全价：123.514 最后更新：15:33:54,,,,0,{'M': ''},0,0,N,,,buy,buy
