抓取时间,bond_id,bond_nm,bond_py,price,increase_rt,stock_id,stock_nm,stock_py,sprice,sincrease_rt,pb,convert_price,convert_value,convert_dt,premium_rt,dblow,sw_cd,sw_name,market_cd,btype,list_dt,t_flag,owned,hold,bond_value,rating_cd,option_value,put_convert_price,force_redeem_price,convert_amt_ratio,fund_rt,maturity_dt,year_left,curr_iss_amt,volume,svolume,turnover_rt,ytm_rt,put_ytm_rt,noted,last_time,qstatus,sqflag,pb_flag,adj_cnt,adj_scnt,convert_price_valid,convert_price_tips,convert_cd_tip,ref_yield_info,adjusted,orig_iss_amt,price_tips,redeem_dt,real_force_redeem_price,option_tip,after_next_put_dt,icons,is_min_price,blocked,putting,force_redeem_price_tip,notes,volatility_rate,debt_rate
2026-05-11 10:46:51,123267,珂玛转债,kmzz,100.0,0.0,301611,珂玛科技,kmkj,112.88,8.96,26.89,97.57,115.69,164,-13.56,86.44,270103,电子,szcy,C,2026-05-13,[],0,0,buy,AA,,68.299,126.841,,buy,2032-04-15,5.934,7.5,0.0,267193.05,0.0,2.18,,0,,00,Y,N,0,0,Y,,未到转股期；2026-10-22 开始转股,计算使用6.0年期 评级为AA 债参考YTM：2.2964,N,7.5,待上市,,,,0,{'M': ''},0,0,N,,,buy,buy
2026-05-11 10:46:51,118033,华特转债,htzz,219.893,10.53,688268,华特气体,htqt,184.2,11.67,10.83,82.75,222.6,0,-1.22,218.67,270601,电子,shkc,C,2023-04-14,[],0,0,buy,AA-,,57.925,107.575,2.7,buy,2029-03-21,2.863,5.915,534467.97,215260.51,424.06,-19.66,,0,15:00:00,00,Y,N,0,0,Y,,2023-09-27 开始转股,计算使用2.9年期 评级为AA- 债参考YTM：2.4080,N,6.46,全价：219.893 最后更新：15:00:00,,,,0,{'M': ''},0,0,N,,,buy,buy
2026-05-11 10:46:51,123126,瑞丰转债,rfzz,153.03,-2.53,300243,瑞丰高材,rfgc,18.0,-1.48,3.86,11.64,154.64,0,-1.04,151.99,220501,基础化工,szcy,C,2021-10-18,[],0,0,buy,A,,8.148,15.132,8.6,buy,2027-09-10,,3.066,48512.04,35030.79,103.78,,,0,15:34:51,00,Y,N,1,1,Y,转股价下修1次，成功下修1次,2022-03-16 开始转股,强赎登记日2026-05-26，赎回价格102.532元，如不考虑强赎纯债价值为113.54元，计算使用1.4年期 评级为A 债参考YTM：6.6722,N,3.4,全价：153.030 最后更新：15:34:51,2026-05-26,102.532,如不考虑强赎期权价值为65.00元,1,{'R': '最后交易日 2026年5月26日\r\n最后转股日 2026年5月29日\r\n赎回价 102.532元/张'},0,0,N,,,buy,buy
2026-05-11 10:46:51,128141,旺能转债,wnzz,134.6,2.53,002034,旺能环境,wnhj,18.93,3.05,1.25,13.98,135.41,0,-0.6,134.0,760103,环保,szmb,C,2021-01-18,[],0,0,buy,AA,,9.786,18.174,2.9,buy,2026-12-17,,2.688,36588.13,46059.88,101.46,,,0,15:34:06,00,Y,N,0,0,Y,,2021-06-23 开始转股,强赎登记日2026-05-14，赎回价格100.844元，如不考虑强赎纯债价值为109.01元，计算使用0.7年期 评级为AA 债参考YTM：1.5186,N,14.0,全价：134.600 最后更新：15:34:06,2026-05-14,100.844,如不考虑强赎期权价值为36.73元,1,"{'R': '最后交易日 2026年5月14日\r\n最后转股日 2026年5月19日\r\n赎回价 100.844元/张', 'M': ''}",0,0,N,,,buy,buy
2026-05-11 10:46:51,123085,万顺转2,wsz2,187.5,-2.5,300057,万顺新材,wsxc,9.4,-2.49,1.79,4.99,188.38,0,-0.47,187.03,240301,有色金属,szcy,C,2020-12-28,[],0,0,buy,AA-,,3.493,6.487,1.3,buy,2026-12-11,,0.98,33245.7,93815.21,180.15,,,0,15:34:36,00,Y,N,2,2,Y,转股价下修2次，成功下修2次,2021-06-17 开始转股,强赎登记日2026-05-12，赎回价格100.870元，如不考虑强赎纯债价值为106.89元，计算使用0.6年期 评级为AA- 债参考YTM：1.7738,N,9.0,全价：187.500 最后更新：15:34:36,2026-05-12,100.870,如不考虑强赎期权价值为90.17元,1,"{'R': '最后交易日：2026年5月12日\r\n最后转股日：2026年5月15日\r\n赎回价：100.87元/张', 'M': ''}",0,0,N,,,buy,buy
2026-05-11 10:46:51,127024,盈峰转债,yfzz,192.55,-8.96,000967,盈峰环境,yfhj,14.83,-9.02,2.77,7.67,193.35,0,-0.41,192.14,760201,环保,szmb,C,2020-12-02,[],0,0,buy,AA+,,5.369,9.971,1.3,buy,2026-11-04,,6.168,186353.53,506386.87,154.12,,,0,15:34:33,00,Y,N,0,0,Y,,2021-05-10 开始转股,强赎登记日2026-05-25，赎回价格101.129元，如不考虑强赎纯债价值为109.21元，计算使用0.5年期 评级为AA+ 债参考YTM：1.4903,N,14.762,全价：192.550 最后更新：15:34:33,2026-05-25,101.129,如不考虑强赎期权价值为94.43元,1,"{'R': '最后交易日 2026年5月25日\r\n最后转股日 2026年5月28日\r\n赎回价 101.129元/张', 'M': ''}",0,0,N,,,buy,buy
2026-05-11 10:46:51,118003,华兴转债,hxzz,234.619,-3.43,688001,华兴源创,hxyc,61.65,-3.52,8.15,26.22,235.13,0,-0.22,234.4,640107,机械设备,shkc,C,2021-12-20,[],0,0,buy,AA,,18.354,34.086,0.8,buy,2027-11-29,,2.214,71656.79,115087.27,136.76,,,0,15:00:00,00,Y,N,2,2,Y,转股价下修2次，成功下修2次,2022-06-06 开始转股,强赎登记日2026-05-13，赎回价格100.843元，如不考虑强赎纯债价值为109.00元，计算使用1.6年期 评级为AA 债参考YTM：1.6650,N,8.0,全价：234.619 最后更新：15:00:00,2026-05-13,100.843,如不考虑强赎期权价值为141.74元,1,"{'R': '最后交易日 2026年5月13日\r\n最后转股日 2026年5月18日\r\n赎回价 100.8433元/张', 'M': ''}",0,0,N,,,buy,buy
2026-05-11 10:46:51,123054,思特转债,stzz,136.18,-2.17,300608,思特奇,stq,13.48,-2.25,3.46,9.88,136.44,0,-0.19,135.99,710401,计算机,szcy,C,2020-07-06,[],0,0,buy,AA-,,6.916,12.844,3.8,buy,2026-06-10,,1.497,11268.46,26838.6,54.76,,,0,15:34:30,00,Y,N,0,0,Y,,2020-12-16 开始转股,强赎登记日2026-05-25，赎回价格102.900元，如不考虑强赎纯债价值为114.84元，计算使用0.1年期 评级为AA- 债参考YTM：1.6899,N,2.71,全价：136.180 最后更新：15:34:30,2026-05-25,102.900,如不考虑强赎期权价值为36.62元,1,{'R': '最后交易日 2026年5月25日\r\n最后转股日 2026年5月28日\r\n赎回价 102.90元/张'},0,0,N,,,buy,buy
2026-05-11 10:46:51,118004,博瑞转债,brzz,186.435,-2.36,688166,博瑞医药,bryy,64.87,-2.66,10.85,34.74,186.73,0,-0.16,186.28,370101,医药生物,shkc,C,2022-01-27,[],0,0,buy,AA-,,24.318,45.162,0.8,buy,2028-01-04,,2.165,54687.26,96896.44,135.67,,,0,15:00:00,00,Y,N,0,0,Y,,2022-07-11 开始转股,强赎登记日2026-05-18，赎回价格100.945元，如不考虑强赎纯债价值为113.65元，计算使用1.7年期 评级为AA- 债参考YTM：2.0667,N,4.65,全价：186.435 最后更新：15:00:00,2026-05-18,100.945,如不考虑强赎期权价值为101.08元,1,"{'R': '最后交易日 2026年5月18日\r\n最后转股日 2026年5月21日\r\n赎回价 100.9452元/张', 'M': ''}",0,0,N,,,buy,buy
2026-05-11 10:46:51,123236,家联转债,jlzz,165.539,-1.76,301193,家联科技,jlkj,25.39,-1.86,3.99,15.33,165.62,0,-0.05,165.49,360311,轻工制造,szcy,C,2024-01-18,[],0,0,buy,AA-,,10.731,19.929,3.0,buy,2029-12-22,,1.339,30617.51,20977.35,136.43,,,0,15:34:27,00,Y,N,1,1,Y,转股价下修1次，成功下修1次,2024-06-28 开始转股,强赎登记日2026-05-22，赎回价格100.344元，如不考虑强赎纯债价值为108.82元，计算使用3.7年期 评级为AA- 债参考YTM：2.5712,N,7.5,全价：165.539 最后更新：15:34:27,2026-05-22,100.344,如不考虑强赎期权价值为96.09元,0,"{'R': '最后交易日：2026年5月22日\r\n最后转股日：2026年5月27日\r\n赎回价：100.344元/张', 'M': ''}",0,0,N,,,buy,buy
2026-05-11 10:46:51,127041,弘亚转债,hyzz,129.962,2.33,002833,弘亚数控,hysk,22.07,4.15,3.07,17.0,129.82,0,0.11,130.07,640209,机械设备,szmb,C,2021-08-10,[],0,0,buy,AA-,,11.9,22.1,9.4,buy,2026-07-12,0.17,5.999,13351.97,25262.05,17.18,-66.7,,0,15:34:33,00,Y,N,1,1,Y,转股价下修1次，成功下修1次,2022-01-17 开始转股,计算使用0.2年期 评级为AA- 债参考YTM：1.6908,N,6.0,全价：129.962 最后更新：15:34:33,,,,1,[],0,0,N,,,buy,buy
2026-05-11 10:46:51,111013,新港转债,xgzz,134.943,-0.43,605162,新中港,xzg,11.68,-0.76,3.63,8.67,134.72,0,0.17,135.11,410104,公用事业,shmb,C,2023-05-05,[],0,0,buy,AA-,,6.069,11.271,5.3,buy,2029-03-08,2.827,2.548,18803.43,15696.76,54.48,-4.51,,0,15:00:00,00,Y,N,0,0,Y,,2023-09-14 开始转股,已公告要强赎，如不考虑强赎纯债价值为111.10元，计算使用2.9年期 评级为AA- 债参考YTM：2.4080,N,3.691,全价：134.943 最后更新：15:00:00,,,如不考虑强赎期权价值为59.67元,0,{'O': ''},0,0,N,,,buy,buy
2026-05-11 10:46:51,123225,翔丰转债,xfzz,151.673,-1.69,300890,翔丰华,xfh,41.41,-1.24,2.17,27.44,150.91,0,0.5,152.17,630702,电力设备,szcy,C,2023-10-26,[],0,0,buy,AA-,,19.208,35.672,12.6,buy,2029-10-10,3.419,5.671,31813.67,75988.71,36.94,-6.17,,0,15:34:21,00,Y,N,1,1,Y,转股价下修1次，成功下修1次,2024-04-16 开始转股,计算使用3.5年期 评级为AA- 债参考YTM：2.5416,N,8.0,全价：151.673 最后更新：15:34:21,,,,0,{'M': ''},0,0,N,,,buy,buy
2026-05-11 10:46:51,111005,富春转债,fczz,167.918,10.3,605189,富春染织,fcrz,19.97,10.03,1.95,11.98,166.69,0,0.73,168.65,350104,纺织服饰,shmb,C,2022-07-25,[],0,0,buy,AA-,,8.386,15.574,8.3,buy,2028-06-23,2.121,3.486,272363.82,40789.22,470.13,-17.83,,0,15:00:00,00,Y,N,1,1,Y,转股价下修1次，成功下修1次,2022-12-29 开始转股,已公告要强赎，如不考虑强赎纯债价值为106.67元，计算使用2.2年期 评级为AA- 债参考YTM：2.2034,N,5.7,全价：167.918 最后更新：15:00:00,,,如不考虑强赎期权价值为78.91元,0,{'O': ''},0,0,N,,,buy,buy
2026-05-11 10:46:51,123243,严牌转债,ypzz,235.116,2.49,301081,严牌股份,ypgf,16.88,2.49,3.44,7.27,232.19,0,1.26,236.38,760201,环保,szcy,C,2024-07-26,[],0,0,buy,A+,,5.089,9.451,8.2,buy,2030-07-10,4.167,3.041,35127.37,13372.29,49.21,-15.35,,0,15:34:12,00,Y,N,0,0,Y,,2025-01-16 开始转股,计算使用4.2年期 评级为A+ 债参考YTM：5.0154,N,4.679,全价：235.116 最后更新：15:34:12,,,,0,{'M': ''},0,0,N,,,buy,buy
2026-05-11 10:46:51,118057,甬矽转债,yxzz,184.058,3.65,688362,甬矽电子,yxdz,51.29,5.99,7.97,28.36,180.85,0,1.77,185.83,270107,电子,shkc,C,2025-07-16,[],0,0,buy,A+,,19.852,36.868,5.5,buy,2031-06-26,5.129,11.648,94402.76,127949.11,43.96,-8.44,,0,14:59:59,00,Y,N,0,0,Y,,2026-01-05 开始转股,计算使用5.2年期 评级为A+ 债参考YTM：5.2319,N,11.65,全价：184.058 最后更新：14:59:59,,,,0,{'M': ''},0,0,N,,,buy,buy
2026-05-11 10:46:51,128121,宏川转债,hczz,130.802,-0.91,002930,宏川智慧,hczh,16.25,1.31,3.53,12.65,128.46,0,1.82,132.62,420806,交通运输,szmb,C,2020-08-07,[],0,0,buy,AA-,,8.855,16.445,9.2,buy,2026-07-17,0.184,6.476,43504.2,86628.37,51.92,-96.42,,0,15:34:06,00,Y,N,2,2,Y,转股价下修2次，成功下修2次,2021-01-25 开始转股,计算使用0.2年期 评级为AA- 债参考YTM：1.6908,N,6.7,全价：130.802 最后更新：15:34:06,,,,0,{'M': ''},0,0,N,,,buy,buy
2026-05-11 10:46:51,123207,冠中转债,gzzz,226.4,-0.7,300948,冠中生态,gzst,23.1,-2.49,3.82,10.44,221.26,0,2.32,228.72,620307,建筑装饰,szcy,C,2023-08-09,[],0,0,buy,A-,,7.308,13.572,5.2,buy,2029-07-21,3.197,1.83,16722.1,14782.9,40.29,-18.31,,0,15:34:09,00,Y,N,1,1,Y,转股价下修1次，成功下修1次,2024-01-29 开始转股,计算使用3.2年期 评级为A- 债参考YTM：9.5394,N,4.0,全价：226.400 最后更新：15:34:09,,,,0,"{'G': '本次（2026年1月29日至2026年2月26日）不提前赎回，自2026年5月26日后首个交易日重新计算', 'M': ''}",0,0,N,,,buy,buy
2026-05-11 10:46:51,111010,立昂转债,lazz,153.046,1.1,605358,立昂微,law,50.14,0.32,4.67,33.59,149.27,0,2.53,155.58,270103,电子,shmb,C,2022-12-07,[],0,0,buy,AA,,23.513,43.667,10.0,buy,2028-11-14,2.515,33.608,96767.03,388148.32,18.93,-10.82,,0,14:59:59,00,Y,N,1,1,Y,转股价下修1次，成功下修1次,2023-05-18 开始转股,计算使用2.6年期 评级为AA 债参考YTM：1.8078,N,33.9,全价：153.046 最后更新：14:59:59,,,,0,{'M': ''},0,0,N,,,buy,buy
2026-05-11 10:46:51,110092,三房转债,sfzz,70.424,-3.91,600370,*ST三房,sfx,2.07,-5.05,1.61,3.02,68.54,0,2.74,73.16,220401,基础化工,shmb,C,2023-02-07,[],0,0,buy,A+,,2.114,3.926,25.4,buy,2029-01-06,2.66,21.185,40871.05,331.45,26.96,20.0,,0,15:00:00,00,Y,N,0,0,Y,,2023-07-12 开始转股,计算使用2.7年期 评级为A+ 债参考YTM：4.6957,N,25.0,全价：70.424 最后更新：15:00:00,,,,0,[],0,0,N,,,buy,buy
2026-05-11 10:46:51,123061,航新转债,hxzz,137.801,1.65,300424,航新科技,hxkj,19.8,3.83,6.61,14.82,133.6,0,3.14,140.94,650201,国防军工,szcy,C,2020-08-18,[],0,0,buy,A-,,10.374,19.266,3.4,buy,2026-07-22,0.197,1.674,8213.76,45598.22,35.62,-73.88,,0,15:34:33,00,Y,N,0,0,Y,,2021-01-28 开始转股,计算使用0.2年期 评级为A- 债参考YTM：8.7408,N,2.5,全价：137.801 最后更新：15:34:33,,,,1,[],0,0,N,,,buy,buy
2026-05-11 10:46:51,127026,超声转债,cszz,148.099,0.75,000823,超声电子,csdz,17.52,-0.34,1.91,12.22,143.37,0,3.3,151.4,270202,电子,szmb,C,2021-01-14,[],0,0,buy,AA,,8.554,15.886,7.4,buy,2026-12-08,0.578,6.995,16433.67,73957.44,15.95,-47.06,,0,15:34:24,00,Y,N,0,0,Y,,2021-06-15 开始转股,计算使用0.6年期 评级为AA 债参考YTM：1.5167,N,7.0,全价：148.099 最后更新：15:34:24,,,,1,{'M': ''},0,0,N,,,buy,buy
2026-05-11 10:46:51,127084,柳工转2,lgz2,143.589,4.28,000528,柳工,lg,10.1,3.8,1.08,7.3,138.36,0,3.78,147.37,640601,机械设备,szmb,C,2023-04-20,[],0,0,buy,AAA,,5.11,9.49,12.1,buy,2029-03-27,2.88,24.809,75051.46,139801.05,21.0,-7.31,,0,15:33:57,00,Y,N,0,0,Y,,2023-10-09 开始转股,计算使用2.9年期 评级为AAA 债参考YTM：1.7198,N,30.0,全价：143.589 最后更新：15:33:57,,,,0,{'M': ''},0,0,N,,,buy,buy
2026-05-11 10:46:51,118041,星球转债,xqzz,174.684,10.09,688633,星球石墨,xqsm,38.89,6.78,3.11,23.14,168.06,0,3.94,178.62,640203,机械设备,shkc,C,2023-08-22,[],0,0,buy,A+,,16.198,30.082,11.1,buy,2029-07-31,3.225,6.198,121682.76,39866.44,113.9,-11.39,,0,15:00:00,00,Y,N,0,0,Y,,2024-02-05 开始转股,计算使用3.3年期 评级为A+ 债参考YTM：4.8606,N,6.2,全价：174.684 最后更新：15:00:00,,,,0,{'M': ''},0,0,N,,,buy,buy
2026-05-11 10:46:51,123121,帝尔转债,dezz,170.5,5.77,300776,帝尔激光,dejg,120.27,5.22,8.08,73.56,163.5,0,4.28,174.78,630505,电力设备,szcy,C,2021-08-27,[],0,0,buy,AA-,,51.492,95.628,4.1,buy,2027-08-05,1.236,8.291,103601.58,191158.09,73.64,-26.4,,0,15:34:36,00,Y,N,0,0,Y,,2022-02-11 开始转股,计算使用1.3年期 评级为AA- 债参考YTM：1.9601,N,8.4,全价：170.500 最后更新：15:34:36,,,,1,{'M': ''},0,0,N,,,buy,buy
2026-05-11 10:46:51,127066,科利转债,klzz,137.85,-4.51,002850,科达利,kdl,196.28,-4.72,3.9,148.7,132.0,0,4.43,142.28,630701,电力设备,szmb,C,2022-08-03,[],0,0,buy,AA,,104.09,193.31,3.9,buy,2028-07-08,2.162,15.34,40860.72,152797.44,19.12,-8.84,,0,15:34:48,00,Y,N,0,0,Y,,2023-01-16 开始转股,计算使用2.2年期 评级为AA 债参考YTM：1.7566,N,15.344,全价：137.850 最后更新：15:34:48,,,,0,{'M': ''},0,0,N,,,buy,buy
2026-05-11 10:46:51,111023,利柏转债,lbzz,170.344,0.98,605167,利柏特,lbt,19.79,2.27,4.29,12.14,163.02,0,4.5,174.84,620402,建筑装饰,shmb,C,2025-07-22,[],0,0,buy,AA,,8.498,15.782,8.4,buy,2031-07-03,5.148,7.496,24360.36,15887.3,18.95,-7.6,,0,15:00:00,00,Y,N,0,0,Y,,2026-01-09 开始转股,计算使用5.2年期 评级为AA 债参考YTM：2.1434,N,7.5,全价：170.344 最后更新：15:00:00,,,,0,[],0,0,N,,,buy,buy
2026-05-11 10:46:51,128137,洁美转债,jmzz,203.097,3.83,002859,洁美科技,jmkj,51.4,4.94,6.97,26.46,194.26,0,4.55,207.65,270401,电子,szmb,C,2020-12-01,[],0,0,buy,AA-,,18.522,34.398,2.8,buy,2026-11-04,0.485,5.909,35187.37,68907.36,29.29,-93.02,,0,15:34:15,00,Y,N,0,0,Y,,2021-05-10 开始转股,计算使用0.5年期 评级为AA- 债参考YTM：1.7603,N,6.0,全价：203.097 最后更新：15:34:15,,,,1,{'M': ''},0,0,N,,,buy,buy
2026-05-11 10:46:51,113597,佳力转债,jlzz,140.658,-0.9,603912,佳力图,jlt,11.51,-1.12,3.53,8.68,132.6,0,6.07,146.73,640105,机械设备,shmb,C,2020-08-21,[],0,0,buy,AA-,,6.076,11.284,4.8,buy,2026-07-30,0.219,2.97,12486.34,36914.89,29.83,-74.44,,0,14:59:56,00,Y,N,1,1,Y,转股价下修1次，成功下修1次,2021-02-05 开始转股,计算使用0.3年期 评级为AA- 债参考YTM：1.6963,N,3.0,全价：140.658 最后更新：14:59:56,,,,1,[],0,0,N,,,buy,buy
2026-05-11 10:46:51,123253,永贵转债,ygzz,158.45,7.21,300351,永贵电器,ygdq,27.2,8.76,4.28,18.23,149.21,0,6.2,164.65,640501,机械设备,szcy,C,2025-03-28,[],0,0,buy,AA-,,12.761,23.699,13.7,buy,2031-03-13,4.841,9.798,94423.88,93541.57,62.24,-6.06,,0,15:34:24,00,Y,N,0,0,Y,,2025-09-19 开始转股,计算使用4.9年期 评级为AA- 债参考YTM：2.7779,N,9.8,全价：158.450 最后更新：15:34:24,,,,0,{'M': ''},0,0,N,,,buy,buy
2026-05-11 10:46:51,123188,水羊转债,syzz,210.76,1.37,300740,水羊股份,sygf,26.81,0.64,4.62,13.54,198.01,0,6.44,217.2,770202,美容护理,szcy,C,2023-04-25,[],0,0,buy,A+,,9.478,17.602,6.6,buy,2029-04-04,2.901,6.422,18350.07,48653.59,13.58,-18.07,,0,15:34:03,00,Y,N,0,0,Y,,2023-10-11 开始转股,计算使用3.0年期 评级为A+ 债参考YTM：4.7871,N,6.95,全价：210.760 最后更新：15:34:03,,,,0,"{'G': '本次（2026年3月2日至2026年3月20日）不提前赎回，自2026年6月20日后首个交易日重新计算', 'M': ''}",0,0,N,,,buy,buy
2026-05-11 10:46:51,110077,洪城转债,hczz,224.987,0.77,600461,洪城环境,hchj,10.31,1.68,1.28,4.88,211.27,0,6.49,231.48,760102,环保,shmb,C,2020-12-17,[],0,0,buy,AA+,,3.416,6.344,5.0,buy,2026-11-20,0.529,6.685,5229.63,11312.28,3.48,-97.16,,0,14:59:41,00,Y,N,0,0,Y,,2021-05-26 开始转股,计算使用0.6年期 评级为AA+ 债参考YTM：1.4967,N,18.0,全价：224.987 最后更新：14:59:41,,,,1,"{'G': '本次（2025年6月22日至2025年7月11日）不提前赎回，以2026年7月12日为首个交易日重新计算', 'M': ''}",0,0,N,,,buy,buy
2026-05-11 10:46:51,110074,精达转债,jdzz,451.846,0.66,600577,XD精达股,jdgf,13.72,0.59,4.7,3.26,420.86,0,7.36,459.21,630805,电力设备,shmb,C,2020-09-21,[],0,0,buy,AA,,2.282,4.238,0.9,buy,2026-08-19,0.274,2.637,30565.57,89376.21,25.66,-277.33,,0,14:59:58,00,Y,N,0,0,Y,,2021-02-25 开始转股,计算使用0.3年期 评级为AA 债参考YTM：1.4831,N,7.87,全价：451.846 最后更新：14:59:58,,,,1,"{'G': '本次（2025年12月19日至2026年1月12日）不提前赎回，以2026年6月13日为首个交易日重新计算', 'M': ''}",0,0,N,,,buy,buy
2026-05-11 10:46:51,127096,泰坦转债,ttzz,345.0,-4.04,003036,泰坦股份,ttgf,42.64,1.74,6.14,13.27,321.33,0,7.37,352.37,640206,机械设备,szmb,C,2023-11-15,[],0,0,buy,A,,9.289,17.251,3.2,buy,2029-10-25,3.46,2.916,179555.17,93139.0,178.21,-26.65,,0,15:33:57,00,Y,N,0,0,Y,,2024-05-06 开始转股,计算使用3.5年期 评级为A 债参考YTM：7.2466,N,2.955,全价：345.000 最后更新：15:33:57,,,,0,{'G': '本次（2026年2月9日至2026年3月11日）不提前赎回，以2026年6月11日后首个交易日起重新计算'},0,0,N,,,buy,buy
2026-05-11 10:46:51,113644,艾迪转债,adzz,147.21,1.8,603638,艾迪精密,adjm,25.55,3.07,5.58,18.65,137.0,0,7.45,154.66,640602,机械设备,shmb,C,2022-05-12,[],0,0,buy,AA-,,13.055,24.245,4.7,buy,2028-04-15,1.932,9.999,13565.5,32386.75,9.24,-11.32,,0,14:59:47,00,Y,N,1,1,Y,转股价下修1次，成功下修1次,2022-11-18 开始转股,计算使用2.0年期 评级为AA- 债参考YTM：2.1467,N,10.0,全价：147.210 最后更新：14:59:47,,,,1,{'M': ''},0,0,N,,,buy,buy
2026-05-11 10:46:51,123198,金埔转债,jpzz,143.74,1.33,301098,金埔园林,jpyl,10.06,3.6,1.75,7.55,133.25,0,7.88,151.62,620307,建筑装饰,szcy,C,2023-07-07,[],0,0,buy,A,,5.285,9.815,21.6,buy,2029-06-08,3.08,3.259,5728.32,11947.23,12.3,-5.8,,0,15:34:12,00,Y,N,1,1,Y,转股价下修1次，成功下修1次,2023-12-14 开始转股,计算使用3.1年期 评级为A 债参考YTM：7.1651,N,5.2,全价：143.740 最后更新：15:34:12,,,,0,{'M': ''},0,0,N,,,buy,buy
2026-05-11 10:46:51,118016,京源转债,jyzz,170.381,3.86,688096,京源环保,jyhb,10.91,12.94,3.05,6.91,157.89,0,7.91,178.29,760102,环保,shkc,C,2022-08-25,[],0,0,buy,A,,4.837,8.983,6.5,buy,2028-08-05,2.238,1.675,128502.06,47101.05,448.51,-14.97,,0,14:59:59,00,Y,N,0,0,Y,,2023-02-13 开始转股,计算使用2.3年期 评级为A 债参考YTM：6.9238,N,3.325,全价：170.381 最后更新：14:59:59,,,,0,{'M': ''},0,0,N,,,buy,buy
2026-05-11 10:46:51,127078,优彩转债,yczz,168.795,0.0,002998,优彩资源,yczy,10.12,-0.69,1.98,6.48,156.17,0,8.08,176.88,220401,基础化工,szmb,C,2023-01-09,[],0,0,buy,A+,,4.536,8.424,15.2,buy,2028-12-14,2.597,4.159,7502.44,14304.62,10.75,-12.73,,0,15:34:36,00,Y,N,0,0,N,2026-05-11 起暂停转股：权益分派,2023-06-20 开始转股;2026-05-11 起暂停转股：权益分派,计算使用2.6年期 评级为A+ 债参考YTM：4.6650,N,6.0,全价：168.795 最后更新：15:34:36,,,,0,{'G': '本次（2026年1月21日至2026年2月24日）不提前赎回，自2026年5月24日后首个交易日重新计算'},0,0,N,,,buy,buy
2026-05-11 10:46:51,123118,惠城转债,hczz,521.283,-2.48,300779,惠城环保,hchb,70.29,-3.79,6.58,14.59,481.77,0,8.2,529.48,760103,环保,szcy,C,2021-07-26,[],0,0,buy,A+,,10.213,18.967,0.6,buy,2027-07-07,1.156,0.657,27074.72,51302.48,79.28,-72.89,,0,15:34:33,00,Y,N,0,0,Y,,2022-01-13 开始转股,计算使用1.2年期 评级为A+ 债参考YTM：4.2657,N,3.2,全价：521.283 最后更新：15:34:33,,,,1,{'M': ''},0,0,N,,,buy,buy
2026-05-11 10:46:51,113062,常银转债,cyzz,131.405,0.33,601128,常熟银行,csyh,7.15,0.28,0.72,5.89,121.39,0,8.25,139.66,480501,银行,shmb,C,2022-10-17,[],0,0,buy,AAA,,,7.657,25.3,buy,2028-09-15,2.351,59.994,12088.9,29926.97,1.53,-7.63,,0,14:59:54,00,Y,N,0,0,Y,,2023-03-21 开始转股,计算使用2.4年期 评级为AAA 债参考YTM：1.6772,N,60.0,全价：131.405 最后更新：14:59:54,,,,0,{'M': ''},0,0,N,,,buy,buy
2026-05-11 10:46:51,123059,银信转债,yxzz,134.153,-0.11,300231,银信科技,yxkj,11.33,0.35,3.01,9.15,123.83,0,8.34,142.49,710301,计算机,szcy,C,2020-08-12,[],0,0,buy,AA-,,6.405,11.895,3.1,buy,2026-07-15,0.178,1.569,3527.32,18853.21,16.74,-68.69,,0,15:34:30,00,Y,N,0,0,Y,,2021-01-21 开始转股,计算使用0.2年期 评级为AA- 债参考YTM：1.6908,N,3.914,全价：134.153 最后更新：15:34:30,,,,1,[],0,0,N,,,buy,buy
2026-05-11 10:46:51,127047,帝欧转债,dozz,180.9,7.17,002798,帝欧水华,dosh,8.48,0.47,2.66,5.1,166.28,0,8.8,189.7,360306,轻工制造,szmb,C,2021-11-26,[],0,0,buy,A-,,3.57,6.63,10.6,buy,2027-10-25,1.458,4.655,66043.11,34635.17,77.71,-26.07,,0,15:34:42,00,Y,N,1,1,Y,转股价下修1次，成功下修1次,2022-04-29 开始转股,计算使用1.5年期 评级为A- 债参考YTM：9.0497,N,15.0,全价：180.900 最后更新：15:34:42,,,,1,{'G': '本次（2026年4月15日至2026年5月8日）不提前赎回，以2026年8月8日后首个交易日起重新计算'},0,0,N,,,buy,buy
2026-05-11 10:46:51,113661,福22转债,f22zz,143.994,-0.31,603806,福斯特,fst,19.21,0.58,3.01,14.74,130.33,0,10.49,154.48,630504,电力设备,shmb,C,2022-12-22,[],0,0,buy,AA,,10.318,19.162,6.0,buy,2028-11-22,2.537,30.297,16213.78,112537.3,3.72,-9.16,,0,14:59:58,00,Y,N,1,1,Y,转股价下修1次，成功下修1次,2023-05-29 开始转股,计算使用2.6年期 评级为AA 债参考YTM：1.8078,N,30.3,全价：143.994 最后更新：14:59:58,,,,0,{'M': ''},0,0,N,,,buy,buy
2026-05-11 10:46:51,123187,超达转债,cdzz,271.99,0.44,301186,超达装备,cdzb,76.23,-0.51,3.83,30.98,246.06,0,10.54,282.53,280205,汽车,szcy,C,2023-04-25,[],0,0,buy,A,,21.686,40.274,3.8,buy,2029-04-04,2.901,2.242,38719.63,23471.21,62.72,-25.09,,0,15:33:57,00,Y,N,0,0,Y,,2023-10-11 开始转股,计算使用3.0年期 评级为A 债参考YTM：7.1371,N,4.69,全价：271.990 最后更新：15:33:57,,,,0,"{'G': '本次（2026年4月10日至2026年4月30日）不提前赎回，以2026年7月31日之后的首个交易日重新起算', 'M': ''}",0,0,N,,,buy,buy
2026-05-11 10:46:51,127103,东南转债,dnzz,185.497,0.31,002135,东南网架,dnwj,9.35,0.0,1.64,5.6,166.96,0,11.1,196.6,620401,建筑装饰,szmb,C,2024-01-24,[],0,0,buy,AA,,3.92,7.28,20.5,buy,2030-01-03,3.652,19.999,17454.09,36553.6,4.71,-13.05,,0,15:34:51,00,Y,N,0,0,Y,,2024-07-09 开始转股,计算使用3.7年期 评级为AA 债参考YTM：1.9556,N,20.0,全价：185.497 最后更新：15:34:51,,,,0,"{'G': '本次（2026年3月17日至2026年4月28日）不提前赎回，自2026年7月28日后首个交易日重新计算', 'M': ''}",0,0,N,,,buy,buy
2026-05-11 10:46:51,113048,晶科转债,jkzz,180.349,0.21,601778,晶科科技,jkkj,7.3,-1.22,1.7,4.5,162.22,0,11.17,191.52,410106,公用事业,shmb,C,2021-05-31,[],0,0,buy,AA,,3.15,5.85,5.7,buy,2027-04-23,0.951,15.456,123097.6,418960.66,43.42,-39.98,,0,14:59:59,00,Y,N,2,2,Y,转股价下修2次，成功下修2次,2021-10-29 开始转股,计算使用1.0年期 评级为AA 债参考YTM：1.5664,N,30.0,全价：180.349 最后更新：14:59:59,,,,1,"{'G': '本次（2026年3月25日至2026年5月6日）不提前赎回，以2026年8月7日为首个交易日重新计算', 'M': ''}",0,0,N,,,buy,buy
2026-05-11 10:46:51,123245,集智转债,jzzz,341.862,-1.41,300553,集智股份,jzgf,55.46,-0.84,7.24,18.11,306.24,0,11.63,353.49,640107,机械设备,szcy,C,2024-08-28,[],0,0,buy,A,,12.677,23.543,3.3,buy,2030-08-14,4.263,1.538,18187.03,35175.63,34.54,-22.0,,0,15:34:30,00,Y,N,0,0,Y,,2025-02-20 开始转股,计算使用4.3年期 评级为A 债参考YTM：7.3826,N,2.546,全价：341.862 最后更新：15:34:30,,,,0,{'G': '本次（2026年1月30日至2026年2月27日）不提前赎回，自2026年6月1日后首个交易日重新计算'},0,0,N,,,buy,buy
2026-05-11 10:46:51,113686,泰瑞转债,trzz,171.167,-2.06,603289,泰瑞机器,trjq,12.47,0.56,2.44,8.15,153.01,0,11.87,183.04,640209,机械设备,shmb,C,2024-07-24,[],0,0,buy,AA-,,5.705,10.595,9.2,buy,2030-07-02,4.145,3.364,20708.09,25641.22,35.46,-8.36,,0,15:00:00,00,Y,N,0,0,Y,,2025-01-08 开始转股,计算使用4.2年期 评级为AA- 债参考YTM：2.6549,N,3.378,全价：171.167 最后更新：15:00:00,,,,0,[],0,0,N,,,buy,buy
2026-05-11 10:46:51,127040,国泰转债,gtzz,139.322,-0.67,002091,江苏国泰,jsgt,9.52,-2.76,0.94,7.65,124.44,0,11.96,151.28,450201,商贸零售,szmb,C,2021-08-10,[],0,0,buy,AA+,,5.355,9.945,26.2,buy,2027-07-07,1.156,39.863,13835.61,87613.9,2.49,-18.87,,0,15:34:42,00,Y,N,0,0,Y,,2022-01-13 开始转股,计算使用1.2年期 评级为AA+ 债参考YTM：1.5803,N,45.574,全价：139.322 最后更新：15:34:42,,,,1,{'M': ''},0,0,N,,,buy,buy
2026-05-11 10:46:51,118018,瑞科转债,rkzz,147.17,-0.47,688323,瑞华泰,rht,27.52,-1.82,5.91,21.0,131.05,0,12.3,159.47,220505,基础化工,shkc,C,2022-09-14,[],0,0,buy,A,,14.7,27.3,8.7,buy,2028-08-18,2.274,4.299,17158.36,38135.93,27.04,-11.06,,0,14:59:57,00,Y,N,1,1,Y,转股价下修1次，成功下修1次,2023-02-24 开始转股,计算使用2.3年期 评级为A 债参考YTM：6.9238,N,4.3,全价：147.170 最后更新：14:59:57,,,,0,{'M': ''},0,0,N,,,buy,buy
2026-05-11 10:46:51,128136,立讯转债,lxzz,152.7,-1.06,002475,立讯精密,lxjm,76.06,6.69,6.24,55.97,135.89,0,12.37,165.07,270504,电子,szmb,C,2020-12-02,[],0,0,buy,AA+,,39.179,72.761,0.5,buy,2026-11-03,0.482,29.983,87673.11,2058369.59,18.65,-61.05,,0,15:34:06,00,Y,N,0,0,Y,,2021-05-10 开始转股,计算使用0.5年期 评级为AA+ 债参考YTM：1.4903,N,30.0,全价：152.700 最后更新：15:34:06,,,,1,{'M': ''},0,0,N,,,buy,buy
2026-05-11 10:46:51,113680,丽岛转债,ldzz,155.66,-3.09,603937,丽岛新材,ldxc,17.88,-5.3,2.37,12.91,138.5,0,12.39,168.05,240301,有色金属,shmb,C,2023-12-05,[],0,0,buy,A+,,9.037,16.783,8.0,buy,2029-11-15,3.518,2.998,26302.47,63193.22,56.02,-7.21,,0,15:00:00,00,Y,N,0,0,Y,,2024-05-21 开始转股,计算使用3.6年期 评级为A+ 债参考YTM：4.9126,N,3.0,全价：155.660 最后更新：15:00:00,,,,0,[],0,0,N,,,buy,buy
2026-05-11 10:46:51,113042,上银转债,syzz,121.202,-1.21,601229,上海银行,shyh,9.23,-0.11,0.5,8.57,107.7,0,12.54,133.74,480401,银行,shmb,C,2021-02-10,[],0,0,buy,AAA,,,11.141,15.2,buy,2027-01-25,0.71,199.776,83307.29,51476.14,3.44,-10.7,,0,14:59:58,00,Y,Y,0,0,Y,,2021-07-29 开始转股,计算使用0.8年期 评级为AAA 债参考YTM：1.4743,N,200.0,全价：121.202 最后更新：14:59:58,,,,0,{'M': ''},0,0,N,,,buy,buy
2026-05-11 10:46:51,123241,欧通转债,otzz,1008.06,-1.12,300870,欧陆通,olt,388.49,0.96,16.03,43.43,894.52,0,12.69,1020.75,630306,电力设备,szcy,C,2024-07-26,[],0,0,buy,AA-,,30.401,56.459,0.6,buy,2030-07-05,4.153,2.605,121197.47,162595.83,45.34,-40.93,,0,15:34:09,00,Y,N,0,0,Y,,2025-01-13 开始转股,计算使用4.2年期 评级为AA- 债参考YTM：2.6549,N,6.445,全价：1008.060 最后更新：15:34:09,,,,0,"{'G': '本次（2026年4月14日至2026年5月7日）不提前赎回，自2026年8月7日后首个交易日重新计算', 'M': ''}",0,0,N,,,buy,buy
2026-05-11 10:46:51,113051,节能转债,jnzz,173.657,6.46,601016,节能风电,jnfd,5.12,4.49,1.85,3.33,153.75,0,12.94,186.6,410107,公用事业,shmb,C,2021-07-22,[],0,0,buy,AA+,,2.331,4.329,8.6,buy,2027-06-21,1.112,26.52,91528.89,394393.26,20.35,-33.01,,0,15:00:00,00,Y,N,1,0,Y,转股价下修1次，成功下修0次,2021-12-27 开始转股,计算使用1.2年期 评级为AA+ 债参考YTM：1.5803,N,30.0,全价：173.657 最后更新：15:00:00,,,,1,{'M': ''},0,0,N,,,buy,buy
2026-05-11 10:46:51,128125,华阳转债,hyzz,116.77,-0.26,002949,华阳国际,hygj,14.85,1.37,1.84,14.39,103.2,0,13.15,129.92,620601,建筑装饰,szmb,C,2020-08-21,[],0,0,buy,AA-,,10.073,18.707,19.9,buy,2026-07-30,0.219,4.496,5883.75,6184.0,11.2,-14.92,,0,15:34:09,00,Y,N,2,2,Y,转股价下修2次，成功下修2次,2021-02-05 开始转股,计算使用0.3年期 评级为AA- 债参考YTM：1.6963,N,4.5,全价：116.770 最后更新：15:34:09,,,,1,[],0,0,N,,,buy,buy
2026-05-11 10:46:51,123160,泰福转债,tfzz,177.887,1.65,300992,泰福泵业,tfby,31.06,-0.19,3.28,19.77,157.11,0,13.23,191.12,640106,机械设备,szcy,C,2022-10-25,[],0,0,buy,A,,13.839,25.701,9.6,buy,2028-09-28,2.386,2.315,13874.15,9388.81,33.79,-15.7,,0,15:33:57,00,Y,N,1,1,Y,转股价下修1次，成功下修1次,2023-04-11 开始转股,计算使用2.4年期 评级为A 债参考YTM：6.9539,N,3.349,全价：177.887 最后更新：15:33:57,,,,0,{'M': ''},0,0,N,,,buy,buy
2026-05-11 10:46:51,113646,永吉转债,yjzz,174.137,0.37,603058,永吉股份,yjgf,12.32,2.16,4.27,8.05,153.04,0,13.78,187.92,360205,轻工制造,shmb,C,2022-05-17,[],0,0,buy,AA-,,5.635,10.465,2.7,buy,2028-04-14,1.929,1.372,11016.69,13455.82,45.79,-21.33,,0,14:59:58,00,Y,N,0,0,Y,,2022-10-20 开始转股,计算使用2.0年期 评级为AA- 债参考YTM：2.1467,N,1.459,全价：174.137 最后更新：14:59:58,,,,1,[],0,0,N,,,buy,buy
2026-05-11 10:46:51,118034,晶能转债,jnzz,132.293,1.52,688223,晶科能源,jkny,7.38,3.22,2.94,6.35,116.22,0,13.83,146.12,630502,电力设备,shkc,C,2023-05-19,[],0,0,buy,AA+,,4.445,7.62,11.0,buy,2029-04-20,2.945,83.22,53501.85,186123.05,4.88,-5.78,,0,14:59:55,00,Y,N,1,1,Y,转股价下修1次，成功下修1次,2023-10-26 开始转股,计算使用3.0年期 评级为AA+ 债参考YTM：1.7771,N,100.0,全价：132.293 最后更新：14:59:55,,,,0,{'M': ''},0,0,N,120%,,buy,buy
2026-05-11 10:46:51,123251,华医转债,hyzz,325.16,8.03,301235,华康洁净,hkjj,63.98,8.5,3.62,22.43,285.24,0,13.99,339.15,370502,医药生物,szcy,C,2025-01-09,[],0,0,buy,A+,,15.701,29.159,15.1,buy,2030-12-23,4.622,7.012,111591.48,62209.81,49.99,-19.67,,0,15:34:33,00,Y,N,0,0,Y,,2025-06-27 开始转股,计算使用4.7年期 评级为A+ 债参考YTM：5.0971,N,7.5,全价：325.160 最后更新：15:34:33,,,,0,"{'G': '本次（2025年11月20日至2025年12月15日）不提前赎回，自2026年6月15日后首个交易日重新计算', 'M': ''}",0,0,N,,,buy,buy
2026-05-11 10:46:51,111000,起帆转债,qfzz,269.308,5.62,605222,起帆电缆,qfdl,40.92,8.03,3.49,17.35,235.85,0,14.19,283.5,630805,电力设备,shmb,C,2021-06-17,[],0,0,buy,AA-,,12.145,22.555,5.9,buy,2027-05-24,1.036,9.992,376120.0,103695.95,138.0,-55.7,,0,14:59:59,00,Y,N,1,1,Y,转股价下修1次，成功下修1次,2021-11-29 开始转股,计算使用1.1年期 评级为AA- 债参考YTM：1.8997,N,10.0,全价：269.308 最后更新：14:59:59,,,,1,{'G': '本次（2026年3月13日至2026年4月20日）不提前赎回，以2026年10月21日为首个交易日重新起算'},0,0,N,,,buy,buy
2026-05-11 10:46:51,113605,大参转债,dszz,123.904,-0.29,603233,大参林,dsl,18.8,1.35,2.72,17.35,108.36,0,14.35,138.25,370403,医药生物,shmb,C,2020-11-13,[],0,0,buy,AA,,12.145,22.555,6.6,buy,2026-10-22,0.449,14.045,8717.75,12987.3,5.0,-25.13,,0,14:59:11,00,Y,N,1,1,Y,转股价下修1次，成功下修1次,2021-04-28 开始转股,计算使用0.5年期 评级为AA 债参考YTM：1.5103,N,14.05,全价：123.904 最后更新：14:59:11,,,,1,{'M': ''},0,0,N,,,buy,buy
2026-05-11 10:46:51,128128,齐翔转2,qxz2,127.767,1.24,002408,齐翔腾达,qxtd,5.99,0.17,1.55,5.37,111.55,0,14.54,142.31,750303,石油石化,szmb,C,2020-09-15,[],0,0,buy,AA,,3.759,6.981,4.1,buy,2026-08-20,0.277,6.792,6302.7,19742.78,7.27,-50.75,,0,15:34:12,00,Y,N,0,0,Y,,2021-02-26 开始转股,计算使用0.3年期 评级为AA 债参考YTM：1.4831,N,29.9,全价：127.767 最后更新：15:34:12,,,,1,{'M': ''},0,0,N,,,buy,buy
2026-05-11 10:46:51,113058,友发转债,yfzz,143.756,-0.26,601686,友发集团,yfjt,5.62,0.54,1.2,4.48,125.45,0,14.6,158.36,230403,钢铁,shmb,C,2022-04-26,[],0,0,buy,AA,,3.136,5.824,22.5,buy,2028-03-30,1.888,18.638,8659.95,5350.48,3.22,-11.75,,0,14:59:51,00,Y,N,2,2,Y,转股价下修2次，成功下修2次,2022-10-10 开始转股,计算使用1.9年期 评级为AA 债参考YTM：1.7109,N,20.0,全价：143.756 最后更新：14:59:51,,,,1,{'G': '本次（2026年1月27日至2026年2月24日）不提前赎回，自2026年5月24日后首个交易日重新计算'},0,0,N,,,buy,buy
2026-05-11 10:46:51,123183,海顺转债,hszz,145.8,-0.44,300501,海顺新材,hsxc,14.79,3.64,2.65,11.63,127.17,0,14.65,160.45,360206,轻工制造,szcy,C,2023-04-20,[],0,0,buy,AA-,,8.141,15.119,30.0,buy,2029-03-23,2.869,6.329,13960.97,19819.71,15.11,-7.07,,0,15:34:03,00,Y,N,2,0,Y,转股价下修2次，成功下修0次,2023-10-09 开始转股,计算使用2.9年期 评级为AA- 债参考YTM：2.4080,N,6.33,全价：145.800 最后更新：15:34:03,,,,0,[],0,0,N,,,buy,buy
2026-05-11 10:46:51,127053,豪美转债,hmzz,226.598,-1.91,002988,豪美新材,hmxc,33.87,-2.73,3.1,17.23,196.58,0,15.27,241.87,240301,有色金属,szmb,C,2022-03-04,[],0,0,buy,AA-,,12.061,22.399,3.0,buy,2028-01-24,1.707,2.58,12929.73,20571.59,21.75,-31.19,,0,15:34:51,00,Y,N,1,1,Y,转股价下修1次，成功下修1次,2022-07-28 开始转股,计算使用1.8年期 评级为AA- 债参考YTM：2.0927,N,8.24,全价：226.598 最后更新：15:34:51,,,,1,[],0,0,N,,,buy,buy
2026-05-11 10:46:51,123091,长海转债,chzz,162.802,1.12,300196,长海股份,chgf,21.64,-0.82,1.81,15.34,141.07,0,15.41,178.21,610202,建筑材料,szcy,C,2021-01-15,[],0,0,buy,AA,,10.738,19.942,10.3,buy,2026-12-23,0.619,5.497,17218.7,70657.24,19.35,-51.62,,0,15:34:36,00,Y,N,0,0,N,2026-05-07 至 2026-05-14 期间暂停转股：权益分派,2021-06-29 开始转股;2026-05-07 至 2026-05-14 期间暂停转股：权益分派,计算使用0.7年期 评级为AA 债参考YTM：1.5186,N,5.5,全价：162.802 最后更新：15:34:36,,,,1,[],0,0,N,,,buy,buy
2026-05-11 10:46:51,113631,皖天转债,wtzz,143.353,-0.14,603689,皖天然气,wtrq,8.41,0.12,1.16,6.81,123.5,0,16.08,159.43,410301,公用事业,shmb,C,2021-12-10,[],0,0,buy,AA+,,4.767,8.853,13.5,buy,2027-11-08,1.496,5.958,5432.27,3075.33,6.35,-15.45,,0,14:59:40,00,Y,N,0,0,Y,,2022-05-12 开始转股,计算使用1.5年期 评级为AA+ 债参考YTM：1.6222,N,9.3,全价：143.353 最后更新：14:59:40,,,,1,[],0,0,N,,,buy,buy
2026-05-11 10:46:51,127079,华亚转债,hyzz,223.1,0.95,003043,华亚智能,hyzn,59.03,2.77,4.26,30.73,192.09,0,16.14,239.24,270108,电子,szmb,C,2023-01-16,[],0,0,buy,A+,,21.511,39.949,6.3,buy,2028-12-16,2.603,3.106,13249.98,37012.58,19.01,-21.73,,0,15:34:00,00,Y,N,2,2,Y,转股价下修2次，成功下修2次,2023-06-26 开始转股,计算使用2.7年期 评级为A+ 债参考YTM：4.6957,N,3.4,全价：223.100 最后更新：15:34:00,,,,0,{'G': '本次（2026年1月28日至2026年2月25日）不提前赎回，以2026年5月26日作为首个交易日重新计算'},0,0,N,,,buy,buy
2026-05-11 10:46:51,127034,绿茵转债,lyzz,144.664,1.99,002887,绿茵生态,lyst,14.29,5.23,1.78,11.51,124.15,0,16.52,161.18,760104,环保,szmb,C,2021-05-28,[],0,0,buy,AA-,,8.057,14.963,13.8,buy,2027-04-30,0.97,4.279,10259.35,12669.91,16.71,-22.63,,0,15:34:30,00,Y,N,0,0,Y,,2021-11-11 开始转股,计算使用1.0年期 评级为AA- 债参考YTM：1.8664,N,7.12,全价：144.664 最后更新：15:34:30,,,,1,[],0,0,N,,,buy,buy
2026-05-11 10:46:51,113681,镇洋转债,zyzz,144.521,0.55,603213,镇洋发展,zyfz,13.89,0.43,3.11,11.2,124.02,0,16.53,161.05,220202,基础化工,shmb,C,2024-01-17,[],0,0,buy,AA-,,7.84,14.56,9.4,buy,2029-12-29,3.638,5.797,5775.66,3037.22,6.88,-5.22,,0,14:59:50,00,Y,N,0,0,Y,,2024-07-05 开始转股,计算使用3.7年期 评级为AA- 债参考YTM：2.5712,N,6.6,全价：144.521 最后更新：14:59:50,,,,0,[],0,0,N,,,buy,buy
2026-05-11 10:46:51,118031,天23转债,t23zz,130.949,-0.22,688599,天合光能,thgn,17.98,1.01,2.03,16.0,112.38,0,16.53,147.48,630502,电力设备,shkc,C,2023-03-15,[],0,0,buy,AA,,11.2,20.8,13.9,buy,2029-02-13,2.764,58.512,22522.64,93312.33,2.93,-3.66,,0,14:59:42,00,Y,N,2,2,Y,转股价下修2次，成功下修2次,2023-08-17 开始转股,计算使用2.8年期 评级为AA 债参考YTM：1.8320,N,88.648,全价：130.949 最后更新：14:59:42,,,,0,{'M': ''},0,0,N,,,buy,buy
2026-05-11 10:46:51,123076,强力转债,qlzz,141.288,1.05,300429,强力新材,qlxc,15.28,2.14,4.59,12.7,120.32,0,17.43,158.72,270601,电子,szcy,C,2020-12-04,[],0,0,buy,AA-,,8.89,16.51,9.0,buy,2026-11-19,0.526,5.501,7177.6,44586.18,9.27,-38.26,,0,15:34:33,00,Y,N,1,1,Y,转股价下修1次，成功下修1次,2021-05-25 开始转股,计算使用0.6年期 评级为AA- 债参考YTM：1.7738,N,8.5,全价：141.288 最后更新：15:34:33,,,,1,{'M': ''},0,0,N,,,buy,buy
2026-05-11 10:46:51,113056,重银转债,cyzz,127.905,-0.31,601963,重庆银行,cqyh,10.34,-0.77,0.56,9.5,108.84,0,17.51,145.42,480401,银行,shmb,C,2022-04-14,[],0,0,buy,AAA,,,12.35,55.0,buy,2028-03-23,1.869,115.631,11780.21,10847.94,0.8,-6.72,,0,14:59:55,00,Y,N,0,0,Y,,2022-09-30 开始转股,计算使用1.9年期 评级为AAA 债参考YTM：1.6275,N,130.0,全价：127.905 最后更新：14:59:55,,,,0,[],0,0,N,,,buy,buy
2026-05-11 10:46:51,118011,银微转债,ywzz,151.247,-0.57,688689,银河微电,yhwd,40.12,1.21,3.69,31.3,128.18,0,18.0,169.25,270102,电子,shkc,C,2022-08-02,[],0,0,buy,A+,,21.91,40.69,9.7,buy,2028-07-04,2.151,4.997,8454.21,17141.53,11.09,-10.71,,0,14:59:48,00,Y,N,0,0,Y,,2023-01-09 开始转股,计算使用2.2年期 评级为A+ 债参考YTM：4.5442,N,5.0,全价：151.247 最后更新：14:59:48,,,,0,{'M': ''},0,0,N,,,buy,buy
2026-05-11 10:46:51,123149,通裕转债,tyzz,142.99,0.46,300185,通裕重工,tyzg,3.28,-0.61,1.82,2.71,121.03,0,18.14,161.13,630602,电力设备,szcy,C,2022-07-15,[],0,0,buy,AA,,1.897,3.523,8.8,buy,2028-06-20,2.112,11.069,10607.15,46746.7,6.72,-9.87,,0,15:34:45,00,Y,N,0,0,Y,,2022-12-26 开始转股,计算使用2.2年期 评级为AA 债参考YTM：1.7566,N,14.847,全价：142.990 最后更新：15:34:45,,,,0,{'M': ''},0,0,N,,,buy,buy
2026-05-11 10:46:51,113588,润达转债,rdzz,125.495,-1.0,603108,润达医疗,rdyl,13.73,-1.51,2.23,12.97,105.86,0,18.55,144.05,370402,医药生物,shmb,C,2020-07-13,[],0,0,buy,AA,,9.079,16.861,2.8,buy,2026-06-17,0.101,2.337,6837.47,28615.38,23.22,-133.31,,0,15:00:00,00,Y,N,0,0,Y,,2020-12-23 开始转股,计算使用0.2年期 评级为AA 债参考YTM：1.4808,N,5.5,全价：125.495 最后更新：15:00:00,,,,1,{'M': ''},0,0,N,,,buy,buy
2026-05-11 10:46:51,127110,广核转债,ghzz,153.924,-0.87,003816,中国广核,zggh,4.76,1.71,1.91,3.67,129.7,0,18.68,172.6,410108,公用事业,szmb,C,2025-07-25,[],0,0,buy,AAA,,2.569,4.771,2.6,buy,2031-07-09,5.164,48.994,23692.87,60315.23,3.14,-6.36,,0,15:34:00,00,Y,N,0,0,Y,,2026-01-15 开始转股,计算使用5.2年期 评级为AAA 债参考YTM：1.8485,N,49.0,全价：153.924 最后更新：15:34:00,,,,0,"{'M': '', 'EX': '中国广核集团有限公司竞价、大宗减持10.59% 2026年05月05日公告'}",0,0,N,,,buy,buy
2026-05-11 10:46:51,127055,精装转债,jzzz,207.56,3.57,002989,中天精装,ztjz,32.26,1.83,4.53,18.5,174.38,0,19.03,226.59,620201,建筑装饰,szmb,C,2022-03-24,[],0,0,buy,AA-,,12.95,24.05,3.5,buy,2028-02-22,1.786,2.081,86359.72,45626.75,196.56,-27.68,,0,15:34:30,00,Y,N,0,0,Y,,2022-08-29 开始转股,计算使用1.8年期 评级为AA- 债参考YTM：2.0927,N,5.77,全价：207.560 最后更新：15:34:30,,,,1,{'G': '本次（2026年2月24日至2026年3月16日）不提前赎回，自2027年3月16日后首个交易日重新计算'},0,0,N,,,buy,buy
2026-05-11 10:46:51,118044,赛特转债,stzz,216.252,0.67,688398,赛特新材,stxc,34.19,-0.47,5.01,18.9,180.9,0,19.54,235.79,220309,基础化工,shkc,C,2023-10-12,[],0,0,buy,A+,,13.23,24.57,7.7,buy,2029-09-11,3.34,4.42,15555.39,11567.28,16.3,-16.99,,0,14:59:58,00,Y,N,1,1,Y,转股价下修1次，成功下修1次,2024-03-15 开始转股,计算使用3.4年期 评级为A+ 债参考YTM：4.8795,N,4.42,全价：216.252 最后更新：14:59:58,,,,0,"{'G': '本次（2026年3月10日至2026年4月20日）不提前赎回，以2026年10月21日起算', 'M': ''}",0,0,N,,,buy,buy
2026-05-11 10:46:51,123215,铭利转债,mlzz,149.1,0.68,301268,铭利达,mld,23.9,-0.08,6.06,19.2,124.48,0,19.78,168.88,640108,机械设备,szcy,C,2023-08-23,[],0,0,buy,AA-,,13.44,24.96,9.9,buy,2029-08-03,3.233,8.555,8663.59,16479.87,6.81,-6.01,,0,15:34:15,00,Y,N,1,1,Y,转股价下修1次，成功下修1次,2024-02-19 开始转股,计算使用3.3年期 评级为AA- 债参考YTM：2.5076,N,10.0,全价：149.100 最后更新：15:34:15,,,,0,{'M': ''},0,0,N,,,buy,buy
2026-05-11 10:46:51,113039,嘉泽转债,jzzz,246.992,-1.6,601619,嘉泽新能,jzxn,5.99,-1.32,2.18,2.91,205.84,0,19.99,266.98,410107,公用事业,shmb,C,2020-09-17,[],0,0,buy,AA,,2.037,3.783,2.0,buy,2026-08-24,0.288,2.865,31084.89,44096.62,43.69,-195.6,,0,14:59:58,00,Y,N,0,0,Y,,2021-03-01 开始转股,计算使用0.3年期 评级为AA 债参考YTM：1.4831,N,13.0,全价：246.992 最后更新：14:59:58,,,,1,"{'G': '本次（2026年3月26日至2026年4月16日）不提前赎回，至到期日（2026年8月23日）均不行使赎回权利', 'M': ''}",0,0,N,,,buy,buy
2026-05-11 10:46:51,113632,鹤21转债,h21zz,138.473,-0.23,603733,仙鹤股份,xhgf,21.84,-1.04,1.72,18.99,115.01,0,20.4,158.87,360103,轻工制造,shmb,C,2021-12-09,[],0,0,buy,AA,,13.293,24.687,13.0,buy,2027-11-17,1.521,20.167,8773.21,6968.14,3.14,-12.24,,0,14:59:44,00,Y,N,2,2,Y,转股价下修2次，成功下修2次,2022-05-23 开始转股,计算使用1.6年期 评级为AA 债参考YTM：1.6650,N,20.5,全价：138.473 最后更新：14:59:44,,,,1,{'M': ''},0,0,N,,,buy,buy
2026-05-11 10:46:51,128108,蓝帆转债,lfzz,107.714,0.01,002382,蓝帆医疗,lfyl,7.1,0.28,1.01,7.95,89.31,0,20.61,128.32,370503,医药生物,szmb,C,2020-06-19,[],0,0,buy,AA-,,5.565,10.335,21.5,buy,2026-05-28,0.047,15.198,5278.82,14620.98,3.23,6.06,,0,15:34:06,00,Y,N,8,8,Y,转股价下修8次，成功下修8次,2020-12-03 开始转股,计算使用0.1年期 评级为AA- 债参考YTM：1.6899,N,31.44,全价：107.714 最后更新：15:34:06,,,,1,"{'R': '到期\n最后交易日：2026-05-22\n最后转股日：2026-05-27\n债券到期日：2026-05-28\n到期赎回价：108.000元/张', 'M': ''}",0,0,N,,,buy,buy
2026-05-11 10:46:51,113043,财通转债,ctzz,129.977,0.76,601108,财通证券,ctzq,8.63,2.74,1.04,8.03,107.47,0,20.94,150.92,490101,非银金融,shmb,C,2020-12-28,[],0,0,buy,AAA,,,10.439,9.5,buy,2026-12-10,0.584,37.992,15224.26,77467.68,3.09,-31.76,,0,14:59:59,00,Y,Y,1,1,Y,转股价下修1次，成功下修1次,2021-06-16 开始转股,计算使用0.6年期 评级为AAA 债参考YTM：1.4667,N,38.0,全价：129.977 最后更新：14:59:59,,,,0,{'M': ''},0,0,N,,,buy,buy
2026-05-11 10:46:51,123131,奥飞转债,afzz,319.5,-1.05,300738,奥飞数据,afsj,26.51,-2.03,6.71,10.06,263.52,0,21.24,340.74,730104,通信,szcy,C,2021-12-22,[],0,0,buy,A+,,7.042,13.078,1.2,buy,2027-12-03,1.564,3.161,49889.34,253424.38,48.84,-47.64,,0,15:34:45,00,Y,N,0,0,Y,,2022-06-09 开始转股,计算使用1.6年期 评级为A+ 债参考YTM：4.3770,N,6.35,全价：319.500 最后更新：15:34:45,,,,1,"{'G': '本次（2025年10月31日至2025年11月20日）不提前赎回，以2026年5月20日后的首个交易日重新计算', 'M': ''}",0,0,N,,,buy,buy
2026-05-11 10:46:51,127090,兴瑞转债,xrzz,163.581,-3.48,002937,兴瑞科技,xrkj,34.2,-2.79,6.5,25.5,134.12,0,21.97,185.55,280206,汽车,szmb,C,2023-08-15,[],0,0,buy,AA-,,17.85,33.15,4.5,buy,2029-07-24,3.206,4.616,8585.54,42469.39,11.29,-9.79,,0,15:34:45,00,Y,N,0,0,Y,,2024-01-29 开始转股,计算使用3.3年期 评级为AA- 债参考YTM：2.5076,N,4.62,全价：163.581 最后更新：15:34:45,,,,0,{'M': ''},0,0,N,,,buy,buy
2026-05-11 10:46:51,123092,天壕转债,thzz,137.69,0.03,300332,天壕能源,thny,5.62,-0.71,1.24,4.98,112.85,0,22.01,159.7,410301,公用事业,szcy,C,2021-01-15,[],0,0,buy,A+,,3.486,6.474,7.3,buy,2026-12-24,0.622,3.417,4182.08,15845.09,8.9,-26.61,,0,15:34:39,00,Y,N,0,0,Y,,2021-06-30 开始转股,计算使用0.7年期 评级为A+ 债参考YTM：4.1223,N,4.23,全价：137.690 最后更新：15:34:39,,,,1,{'M': ''},0,0,N,,,buy,buy
2026-05-11 10:46:51,110087,天业转债,tyzz,136.196,0.21,600075,新疆天业,xjty,6.22,-4.16,1.16,5.6,111.07,0,22.62,158.82,220202,基础化工,shmb,C,2022-07-19,[],0,0,buy,AA+,,3.92,7.28,28.2,buy,2028-06-23,2.121,29.975,17486.63,23617.68,4.29,-9.26,,0,14:59:54,00,Y,N,1,1,Y,转股价下修1次，成功下修1次,2022-12-29 开始转股,计算使用2.2年期 评级为AA+ 债参考YTM：1.7111,N,30.0,全价：136.196 最后更新：14:59:54,,,,0,{'M': ''},0,0,N,,,buy,buy
2026-05-11 10:46:51,127095,广泰转债,gtzz,155.9,0.83,002111,威海广泰,whgt,11.53,-0.95,1.93,9.07,127.12,0,22.64,178.54,650201,国防军工,szmb,C,2023-11-10,[],0,0,buy,AA-,,6.349,11.791,12.3,buy,2029-10-18,3.441,6.927,7795.88,17999.59,7.26,-7.61,,0,15:34:00,00,Y,N,0,0,Y,,2024-04-24 开始转股,计算使用3.5年期 评级为AA- 债参考YTM：2.5416,N,7.0,全价：155.900 最后更新：15:34:00,,,,0,[],0,0,N,,,buy,buy
2026-05-11 10:46:51,127067,恒逸转2,hyz2,184.454,0.63,000703,恒逸石化,hysh,15.57,-0.32,2.19,10.37,150.15,0,22.85,207.3,750301,石油石化,szmb,C,2022-08-18,[],0,0,buy,AA+,,7.259,13.481,5.1,buy,2028-07-21,2.197,29.994,36681.71,116858.2,6.66,-20.54,,0,15:34:45,00,Y,N,0,0,Y,,2023-01-30 开始转股,计算使用2.2年期 评级为AA+ 债参考YTM：1.7111,N,30.0,全价：184.454 最后更新：15:34:45,,,,0,"{'G': '本次（至2026年4月27日）不提前赎回，从2026年7月28日开始计算', 'M': ''}",0,0,N,,,buy,buy
2026-05-11 10:46:51,123064,万孚转债,wfzz,118.403,1.97,300482,万孚生物,wfsw,20.32,6.22,1.72,21.1,96.3,0,22.95,141.35,370504,医药生物,szcy,C,2020-09-23,[],0,0,buy,AA,,14.77,27.43,6.8,buy,2026-09-01,0.31,5.977,15899.95,39830.78,22.63,-22.92,,0,15:34:33,00,Y,N,3,3,Y,转股价下修3次，成功下修3次,2021-03-08 开始转股,计算使用0.4年期 评级为AA 债参考YTM：1.4960,N,6.0,全价：118.403 最后更新：15:34:33,,,,1,{'M': ''},0,0,N,,,buy,buy
2026-05-11 10:46:51,111018,华康转债,hkzz,143.664,0.84,605077,华康股份,hkgf,18.95,1.61,1.76,16.26,116.54,0,23.27,166.93,220315,基础化工,shmb,C,2024-01-15,[],0,0,buy,AA-,,11.382,21.138,22.9,buy,2029-12-25,3.627,13.022,6201.63,39715.1,3.32,-5.08,,0,14:59:32,00,Y,N,0,0,Y,,2024-07-01 开始转股,计算使用3.7年期 评级为AA- 债参考YTM：2.5712,N,13.03,全价：143.664 最后更新：14:59:32,,,,0,[],0,0,N,,,buy,buy
2026-05-11 10:46:51,123213,天源转债,tyzz,241.07,-2.12,301127,武汉天源,whty,13.93,-4.46,2.72,7.14,195.1,0,23.56,264.63,760102,环保,szcy,C,2023-08-16,[],0,0,buy,AA-,,4.998,9.282,3.6,buy,2029-07-28,3.216,3.26,10110.49,28069.42,12.79,-20.56,,0,15:34:18,00,Y,N,0,0,Y,,2024-02-05 开始转股,计算使用3.3年期 评级为AA- 债参考YTM：2.5076,N,10.0,全价：241.070 最后更新：15:34:18,,,,0,"{'G': '本次（2026年3月13日至2026年4月2日）不提前赎回，自2026年10月2日后首个交易日重新计算', 'M': ''}",0,0,N,,,buy,buy
2026-05-11 10:46:51,123247,万凯转债,wkzz,323.999,-1.7,301216,万凯新材,wkxc,29.63,-2.44,2.62,11.3,262.21,0,23.56,347.56,220501,基础化工,szcy,C,2024-09-05,[],0,0,buy,AA,,7.91,14.69,12.1,buy,2030-08-16,4.269,19.643,18200.68,48286.1,2.85,-21.88,,0,15:34:12,00,Y,N,0,0,Y,,2025-02-24 开始转股,计算使用4.3年期 评级为AA 债参考YTM：2.0376,N,27.0,全价：323.999 最后更新：15:34:12,,,,0,"{'G': '本次（2026年2月24日至2026年3月16日）不提前赎回，自2026年6月16日后首个交易日重新计算', 'M': ''}",0,0,N,,,buy,buy
2026-05-11 10:46:51,113615,金诚转债,jczz,683.617,-2.41,603979,金诚信,jcx,65.0,-2.5,3.49,11.78,551.78,0,23.89,707.51,240302,有色金属,shmb,C,2021-01-14,[],0,0,buy,AA,,8.246,15.314,1.2,buy,2026-12-23,0.619,4.958,39005.86,69879.72,11.43,-135.65,,0,14:59:59,00,Y,N,0,0,Y,,2021-06-29 开始转股,计算使用0.7年期 评级为AA 债参考YTM：1.5186,N,10.0,全价：683.617 最后更新：14:59:59,,,,1,"{'G': '本次（2025年10月10日至2025年10月30日）不提前赎回，至2026年12月22日到期均不提前赎回', 'M': ''}",0,0,N,,,buy,buy
2026-05-11 10:46:51,127109,电化转债,dhzz,187.5,-1.0,002125,湘潭电化,xtdh,15.27,0.0,2.8,10.1,151.19,0,24.02,211.52,630702,电力设备,szmb,C,2025-07-04,[],0,0,buy,AA,,7.07,13.13,5.1,buy,2031-06-16,5.101,4.867,21762.53,36663.04,23.99,-9.32,,0,15:34:03,00,Y,N,0,0,Y,,2025-12-22 开始转股,计算使用5.2年期 评级为AA 债参考YTM：2.1434,N,4.87,全价：187.500 最后更新：15:34:03,,,,0,"{'G': '本次（2026年4月14日至2026年5月7日）不提前赎回，自2026年8月7日后首个交易日重新计算', 'M': ''}",0,0,N,,,buy,buy
2026-05-11 10:46:51,110075,南航转债,nhzz,113.662,-1.32,600029,南方航空,nfhk,5.65,-1.05,2.76,6.17,91.57,0,24.12,137.78,421001,交通运输,shmb,C,2020-11-03,[],0,0,buy,AAA,,4.319,8.021,7.7,buy,2026-10-15,0.43,58.959,14360.94,71746.6,2.13,-14.74,,0,14:59:25,00,Y,N,0,0,Y,,2021-04-21 开始转股,计算使用0.5年期 评级为AAA 债参考YTM：1.4603,N,160.0,全价：113.662 最后更新：14:59:25,,,,1,{'M': ''},0,0,N,,,buy,buy
2026-05-11 10:46:51,123222,博俊转债,bjzz,173.85,-1.7,300926,博俊科技,bjkj,23.27,-1.69,2.75,16.68,139.51,0,24.62,198.47,280205,汽车,szcy,C,2023-09-28,[],0,0,buy,A+,,11.676,21.684,3.5,buy,2029-09-08,3.332,2.439,6297.71,11924.09,14.71,-10.88,,0,15:33:57,00,Y,N,0,0,Y,,2024-03-14 开始转股,计算使用3.4年期 评级为A+ 债参考YTM：4.8795,N,5.0,全价：173.850 最后更新：15:33:57,,,,0,"{'G': '本次（2025年11月24日至2025年12月12日）不提前赎回，自2026年6月12日后首个交易日重新计算', 'M': ''}",0,0,N,,,buy,buy
2026-05-11 10:46:51,123216,科顺转债,kszz,143.11,1.2,300737,科顺股份,ksgf,7.64,3.52,2.1,6.67,114.54,0,24.94,168.05,610304,建筑材料,szcy,C,2023-08-23,[],0,0,buy,AA,,4.669,8.671,32.4,buy,2029-08-04,3.236,21.978,19129.75,23453.17,6.09,-5.58,,0,15:34:18,00,Y,N,2,1,Y,转股价下修2次，成功下修1次,2024-02-19 开始转股,计算使用3.3年期 评级为AA 债参考YTM：1.8980,N,21.98,全价：143.110 最后更新：15:34:18,,,,0,{'M': ''},0,0,N,,,buy,buy
2026-05-11 10:46:51,113691,和邦转债,hbzz,179.325,-0.25,603077,和邦生物,hbsw,2.87,-0.69,1.4,2.0,143.5,0,24.97,204.3,220802,基础化工,shmb,C,2024-11-19,[],0,0,buy,AA,,1.4,2.6,18.1,buy,2030-10-28,4.469,45.991,14500.7,64706.09,1.74,-9.66,,0,14:59:48,00,Y,N,0,0,Y,,2025-05-06 开始转股,计算使用4.5年期 评级为AA 债参考YTM：2.0603,N,46.0,全价：179.325 最后更新：14:59:48,,,,0,"{'G': '本次（2026年1月22日至2026年3月10日）不提前赎回，以2027年3月10日之后的首个交易日重新起算', 'M': ''}",0,0,N,,,buy,buy
2026-05-11 10:46:51,123235,亿田转债,ytzz,221.15,3.02,300911,亿田智能,ytzn,37.71,4.75,6.06,21.31,176.96,0,24.97,246.12,330401,家用电器,szcy,C,2024-01-12,[],0,0,buy,AA-,,14.917,27.703,6.7,buy,2029-12-21,3.616,4.353,114097.48,76112.77,116.56,-15.89,,0,15:34:03,00,Y,N,0,0,Y,,2024-06-27 开始转股,计算使用3.7年期 评级为AA- 债参考YTM：2.5712,N,5.202,全价：221.150 最后更新：15:34:03,,,,0,"{'G': '本次（2026年1月28日至2026年2月25日）不提前赎回，自2026年5月25日后首个交易日重新起算', 'M': ''}",0,0,N,,,buy,buy
2026-05-11 10:46:51,113640,苏利转债,slzz,137.89,-0.1,603585,苏利股份,slgf,18.97,0.42,1.36,17.2,110.29,0,25.02,162.91,220803,基础化工,shmb,C,2022-03-10,[],0,0,buy,AA-,,12.04,22.36,20.2,buy,2028-02-16,1.77,7.39,14608.68,10883.23,14.39,-8.96,,0,14:59:56,00,Y,N,1,1,Y,转股价下修1次，成功下修1次,2022-08-22 开始转股,计算使用1.8年期 评级为AA- 债参考YTM：2.0927,N,9.572,全价：137.890 最后更新：14:59:56,,,,1,[],0,0,N,,,buy,buy
2026-05-11 10:46:51,128127,文科转债,wkzz,113.125,-0.24,002775,文科股份,wkgf,3.98,-0.75,45.23,4.42,90.05,0,25.63,138.76,620307,建筑装饰,szmb,C,2020-09-11,[],0,0,buy,A-,,3.094,5.746,35.3,buy,2026-08-20,0.277,8.036,4671.37,4384.94,5.14,6.05,,0,15:34:09,00,Y,N,2,1,Y,转股价下修2次，成功下修1次,2021-03-01 开始转股,计算使用0.3年期 评级为A- 债参考YTM：8.7445,Y,9.5,全价：113.125 最后更新：15:34:09,,,"按下调到底估算
股东大会：2026-05-18
预估转股价：3.98
预估转股价值：100.00
期权价值：10.11
理论价值：122.47
理论偏离度：-8.26%",1,[],0,0,N,,,buy,buy
2026-05-11 10:46:51,113697,应流转债,ylzz,319.461,-3.07,603308,应流股份,ylgf,77.16,-2.03,10.11,30.47,253.23,0,26.15,345.61,640108,机械设备,shmb,C,2025-10-22,[],0,0,buy,AA+,,21.329,39.611,2.9,buy,2031-09-19,5.362,14.997,44189.33,169907.25,9.05,-17.85,,0,14:59:59,00,Y,N,0,0,Y,,2026-03-25 开始转股,计算使用5.4年期 评级为AA+ 债参考YTM：1.9323,N,15.0,全价：319.461 最后更新：14:59:59,,,,0,"{'G': '本次（2026年3月25日至2026年4月15日）不提前赎回，2026年7月15日之后的首个交易日重新起算', 'M': ''}",0,0,N,,,buy,buy
2026-05-11 10:46:51,111004,明新转债,mxzz,145.088,0.09,605068,明新旭腾,mxxt,27.99,1.27,2.69,24.41,114.67,0,26.53,171.62,280202,汽车,shmb,C,2022-04-25,[],0,0,buy,AA-,,17.087,31.733,14.8,buy,2028-03-30,1.888,6.715,9690.31,13858.64,9.92,-10.69,,0,14:59:11,00,Y,N,0,0,Y,,2022-10-10 开始转股,计算使用1.9年期 评级为AA- 债参考YTM：2.1192,N,6.73,全价：145.088 最后更新：14:59:11,,,,1,[],0,0,N,,,buy,buy
2026-05-11 10:46:51,110097,天润转债,trzz,149.51,-0.35,600419,天润乳业,trry,9.7,0.31,1.24,8.21,118.15,0,26.54,176.05,340702,食品饮料,shmb,C,2024-11-15,[],0,0,buy,AA,,5.747,10.673,32.3,buy,2030-10-24,4.458,9.89,4551.6,4542.12,3.07,-5.86,,0,14:59:56,00,Y,N,0,0,Y,,2025-04-30 开始转股,计算使用4.5年期 评级为AA 债参考YTM：2.0603,N,9.9,全价：149.510 最后更新：14:59:56,,,,0,[],0,0,N,,,buy,buy
2026-05-11 10:46:51,123209,聚隆转债,jlzz,210.501,0.14,300644,南京聚隆,njjl,29.56,-0.24,2.92,17.77,166.35,0,26.54,237.04,220503,基础化工,szcy,C,2023-08-17,[],0,0,buy,A+,,12.439,23.101,6.4,buy,2029-07-26,3.211,1.673,5583.28,7174.28,15.84,-16.8,,0,15:34:15,00,Y,N,0,0,Y,,2024-02-01 开始转股,计算使用3.3年期 评级为A+ 债参考YTM：4.8606,N,2.185,全价：210.501 最后更新：15:34:15,,,,0,{'G': '本次（2026年1月26日至2026年2月13日）不提前赎回，自2026年8月13日后首个交易日重新计算'},0,0,N,,,buy,buy
2026-05-11 10:46:51,110081,闻泰转债,wtzz,88.896,-1.19,600745,*ST闻泰,wtkj,22.9,-4.98,1.17,32.66,70.12,0,26.78,115.68,270102,电子,shmb,C,2021-08-20,[],0,0,buy,A,,22.862,42.458,30.2,buy,2027-07-28,1.214,85.962,55478.37,3489.04,7.23,19.36,,0,14:59:57,00,Y,N,2,2,Y,转股价下修2次，成功下修2次,2022-02-07 开始转股,计算使用1.3年期 评级为A 债参考YTM：6.6442,N,86.0,全价：88.896 最后更新：14:59:57,,,,1,[],0,0,N,,,buy,buy
2026-05-11 10:46:51,113046,金田转债,jtzz,140.302,3.79,601609,金田股份,jtgf,11.41,10.03,1.92,10.32,110.56,0,26.9,167.2,240302,有色金属,shmb,C,2021-04-12,[],0,0,buy,AA+,,7.224,13.416,7.6,buy,2027-03-22,0.863,14.992,39107.26,118880.04,18.73,-25.03,,0,14:59:59,00,Y,N,0,0,Y,,2021-09-27 开始转股,计算使用0.9年期 评级为AA+ 债参考YTM：1.5241,N,15.0,全价：140.302 最后更新：14:59:59,,,,1,{'M': ''},0,0,N,,,buy,buy
2026-05-11 10:46:51,113677,华懋转债,hmzz,403.769,1.34,603306,华懋科技,hmkj,107.15,-0.34,10.16,33.74,317.58,0,27.14,430.91,280202,汽车,shmb,C,2023-10-12,[],0,0,buy,AA-,,23.618,43.862,3.0,buy,2029-09-14,3.348,10.489,59688.26,187368.62,14.03,-31.43,,0,14:59:57,00,Y,N,0,0,Y,,2024-03-20 开始转股,计算使用3.4年期 评级为AA- 债参考YTM：2.5255,N,10.5,全价：403.769 最后更新：14:59:57,,,,0,"{'G': '本次（2026年3月6日至2026年3月26日）不提前赎回，自2026年6月26日之后的首个交易日重新起算', 'M': ''}",0,0,N,,,buy,buy
2026-05-11 10:46:51,113667,春23转债,c23zz,257.431,3.18,603890,春秋电子,cqdz,20.55,1.53,2.72,10.15,202.46,0,27.15,284.58,270504,电子,shmb,C,2023-04-11,[],0,0,buy,AA-,,7.105,13.195,6.2,buy,2029-03-17,2.852,5.699,86206.09,94510.8,58.43,-24.09,,0,14:59:59,00,Y,N,0,0,Y,,2023-09-25 开始转股,计算使用2.9年期 评级为AA- 债参考YTM：2.4080,N,5.7,全价：257.431 最后更新：14:59:59,,,,0,"{'G': '本次（2026年3月27日至2026年4月17日）不提前赎回，自2026年7月17日之后的首个交易日重新起算', 'M': ''}",0,0,N,,,buy,buy
2026-05-11 10:46:51,113624,正川转债,zczz,138.67,0.75,603976,正川股份,zcgf,21.87,1.53,2.73,20.07,108.97,0,27.26,165.93,370503,医药生物,shmb,C,2021-06-01,[],0,0,buy,A+,,14.049,26.091,12.2,buy,2027-04-28,0.964,4.048,6555.01,6377.39,11.69,-17.75,,0,14:59:48,00,Y,N,1,1,Y,转股价下修1次，成功下修1次,2021-11-08 开始转股,计算使用1.0年期 评级为A+ 债参考YTM：4.2064,N,4.05,全价：138.670 最后更新：14:59:48,,,,1,[],0,0,N,,,buy,buy
2026-05-11 10:46:51,118030,睿创转债,rczz,471.735,-1.17,688002,睿创微纳,rcwn,144.55,-1.84,9.21,39.12,369.5,0,27.67,499.41,650501,国防军工,shkc,C,2023-02-10,[],0,0,buy,AA,,27.384,50.856,1.9,buy,2028-12-30,2.641,12.622,34691.22,176757.84,5.76,-42.11,,0,14:59:59,00,Y,N,0,0,Y,,2023-07-06 开始转股,计算使用2.7年期 评级为AA 债参考YTM：1.8198,N,15.647,全价：471.735 最后更新：14:59:59,,,,0,"{'G': '本次（2026年3月18日至2026年4月8日）不提前赎回，以2027年4月9日为首个交易日重新计算', 'M': ''}",0,0,N,,,buy,buy
2026-05-11 10:46:51,113695,华辰转债,hczz,153.517,-0.16,603097,江苏华辰,jshc,28.2,0.53,4.09,23.48,120.1,0,27.82,181.34,630801,电力设备,shmb,C,2025-07-10,[],0,0,buy,A+,,16.436,30.524,10.2,buy,2031-06-20,5.112,4.597,8803.42,7286.38,12.44,-4.95,,0,14:59:57,00,Y,N,0,0,Y,,2025-12-26 开始转股,计算使用5.2年期 评级为A+ 债参考YTM：5.2319,N,4.6,全价：153.517 最后更新：14:59:57,,,,0,[],0,0,N,,,buy,buy
2026-05-11 10:46:51,127088,赫达转债,hdzz,212.005,-0.98,002810,山东赫达,sdhd,27.74,-2.43,4.21,16.76,165.51,0,28.09,240.1,220309,基础化工,szmb,C,2023-07-19,[],0,0,buy,AA-,,11.732,21.788,6.7,buy,2029-07-03,3.148,5.996,10798.64,28919.87,8.45,-16.94,,0,15:34:06,00,Y,N,0,0,Y,,2024-01-08 开始转股,计算使用3.2年期 评级为AA- 债参考YTM：2.4874,N,6.0,全价：212.005 最后更新：15:34:06,,,,0,"{'G': '本次（2026年3月30日至2026年4月20日）不提前赎回，自2026年10月21日起重新计算', 'M': ''}",0,0,N,,,buy,buy
2026-05-11 10:46:51,113649,丰山转债,fszz,146.433,-0.2,603810,丰山集团,fsjt,15.68,-0.25,1.59,13.73,114.2,0,28.22,174.65,220803,基础化工,shmb,C,2022-07-21,[],0,0,buy,AA-,,9.611,17.849,17.7,buy,2028-06-27,2.132,4.577,3499.92,4781.7,5.23,-9.63,,0,14:59:07,00,Y,N,0,0,Y,,2023-01-03 开始转股,计算使用2.2年期 评级为AA- 债参考YTM：2.2034,N,5.0,全价：146.433 最后更新：14:59:07,,,,0,[],0,0,N,,,buy,buy
2026-05-11 10:46:51,118051,皓元转债,hyzz,227.407,-0.5,688131,皓元医药,hyyy,71.48,-0.58,4.72,40.47,176.63,0,28.75,256.16,370603,医药生物,shkc,C,2024-12-19,[],0,0,buy,AA-,,28.329,52.611,5.4,buy,2030-11-28,4.553,8.218,15486.07,60553.39,8.34,-13.75,,0,14:59:56,00,Y,N,0,0,Y,,2025-06-04 开始转股,计算使用4.6年期 评级为AA- 债参考YTM：2.7253,N,8.223,全价：227.407 最后更新：14:59:56,,,,0,"{'G': '本次（2025年10月30日至2025年11月19日）不提前赎回，以2026年5月20日为首个交易日重新计算', 'M': ''}",0,0,N,,,buy,buy
2026-05-11 10:46:51,128142,新乳转债,xrzz,134.664,-0.62,002946,新乳业,xry,18.68,-0.64,4.1,17.88,104.47,0,28.9,163.56,340702,食品饮料,szmb,C,2021-01-19,[],0,0,buy,AA,,12.516,23.244,4.5,buy,2026-12-18,0.606,7.179,4354.61,9243.57,4.49,-30.39,,0,15:34:21,00,Y,N,0,0,Y,,2021-06-24 开始转股,计算使用0.7年期 评级为AA 债参考YTM：1.5186,N,7.18,全价：134.664 最后更新：15:34:21,,,,1,{'M': ''},0,0,N,,,buy,buy
2026-05-11 10:46:51,111002,特纸转债,tzzz,146.675,-0.96,605007,五洲特纸,wztz,15.52,-3.78,1.97,13.65,113.7,0,29.0,175.68,360103,轻工制造,shmb,C,2021-12-30,[],0,0,buy,AA,,9.555,17.745,10.6,buy,2027-12-08,1.578,6.619,6255.9,13371.31,6.44,-15.01,,0,14:59:41,00,Y,N,1,1,Y,转股价下修1次，成功下修1次,2022-06-14 开始转股,计算使用1.6年期 评级为AA 债参考YTM：1.6650,N,6.7,全价：146.675 最后更新：14:59:41,,,,1,[],0,0,N,,,buy,buy
2026-05-11 10:46:51,113673,岱美转债,dmzz,199.354,-0.36,603730,岱美股份,dmgf,11.37,-0.7,4.86,7.37,154.27,0,29.22,228.57,280202,汽车,shmb,C,2023-08-10,[],0,0,buy,AA,,5.159,9.581,3.7,buy,2029-07-18,3.189,9.079,18239.91,33832.22,10.14,-15.82,,0,14:59:58,00,Y,N,1,1,Y,转股价下修1次，成功下修1次,2024-01-24 开始转股,计算使用3.2年期 评级为AA 债参考YTM：1.8840,N,9.079,全价：199.354 最后更新：14:59:58,,,,0,{'M': ''},0,0,N,,,buy,buy
2026-05-11 10:46:51,111015,东亚转债,dyzz,136.888,0.77,605177,东亚药业,dyyy,21.48,1.85,1.39,20.28,105.92,0,29.24,166.13,370101,医药生物,shmb,C,2023-08-02,[],0,0,buy,A+,,14.196,26.364,27.3,buy,2029-07-06,3.156,6.662,6596.86,7481.28,7.25,-4.35,,0,14:59:45,00,Y,N,1,1,Y,转股价下修1次，成功下修1次,2024-01-12 开始转股,计算使用3.2年期 评级为A+ 债参考YTM：4.8394,N,6.9,全价：136.888 最后更新：14:59:45,,,,0,[],0,0,N,,,buy,buy
2026-05-11 10:46:51,128134,鸿路转债,hlzz,119.65,-1.87,002541,鸿路钢构,hlgg,20.34,0.59,1.39,21.99,92.5,0,29.36,149.01,620401,建筑装饰,szmb,C,2020-11-02,[],0,0,buy,AA,,15.393,28.587,15.6,buy,2026-10-09,0.414,15.726,12072.45,14715.42,6.37,-19.62,,0,15:34:12,00,Y,N,1,1,Y,转股价下修1次，成功下修1次,2021-04-15 开始转股,计算使用0.5年期 评级为AA 债参考YTM：1.5103,N,18.8,全价：119.650 最后更新：15:34:12,,,,0,{'M': ''},0,0,N,,,buy,buy
2026-05-11 10:46:51,127030,盛虹转债,shzz,126.866,-0.4,000301,东方盛虹,dfsh,12.94,0.7,2.4,13.21,97.96,0,29.51,156.38,750301,石油石化,szmb,C,2021-04-21,[],0,0,buy,AA+,,9.247,17.173,5.8,buy,2027-03-22,0.863,49.975,9569.39,31196.29,1.51,-17.23,,0,15:34:36,00,Y,N,0,0,Y,,2021-09-27 开始转股,计算使用0.9年期 评级为AA+ 债参考YTM：1.5241,N,50.0,全价：126.866 最后更新：15:34:36,,,,1,{'M': ''},0,0,N,,,buy,buy
2026-05-11 10:46:51,127061,美锦转债,mjzz,104.525,-0.64,000723,美锦能源,mjny,4.24,-1.62,1.46,5.26,80.61,0,29.67,134.2,740201,煤炭,szmb,C,2022-05-30,[],0,0,buy,A+,,3.682,6.838,15.0,buy,2028-04-20,1.945,27.89,27248.02,31914.81,9.26,7.69,,0,15:34:39,00,Y,N,1,1,Y,转股价下修1次，成功下修1次,2022-10-26 开始转股,计算使用2.0年期 评级为A+ 债参考YTM：4.4867,N,35.9,全价：104.525 最后更新：15:34:39,,,,1,{'M': ''},0,0,N,,,buy,buy
2026-05-11 10:46:51,127027,能化转债,nhzz,124.39,0.06,000552,甘肃能化,gsnh,2.81,0.72,0.9,2.93,95.9,0,29.7,154.09,740101,煤炭,szmb,C,2021-01-22,[],0,0,buy,AAA,,2.051,3.809,18.6,buy,2026-12-10,0.584,19.464,4745.83,24230.21,1.96,-19.92,,0,15:34:24,00,Y,N,0,0,Y,,2021-06-16 开始转股,计算使用0.6年期 评级为AAA 债参考YTM：1.4667,N,28.0,全价：124.390 最后更新：15:34:24,,,,1,{'M': ''},0,0,N,,,buy,buy
2026-05-11 10:46:51,123071,天能转债,tnzz,121.799,-0.2,300569,天能重工,tnzg,6.29,-0.47,1.2,6.7,93.88,0,29.74,151.54,630602,电力设备,szcy,C,2020-11-25,[],0,0,buy,AA-,,4.69,8.71,10.8,buy,2026-10-21,0.447,6.937,3303.15,23917.15,3.9,-12.58,,0,15:34:30,00,Y,N,2,2,Y,转股价下修2次，成功下修2次,2021-04-27 开始转股,计算使用0.5年期 评级为AA- 债参考YTM：1.7603,N,7.0,全价：121.799 最后更新：15:34:30,,,,1,{'M': ''},0,0,N,,,buy,buy
2026-05-11 10:46:51,118060,瑞可转债,rkzz,225.034,8.49,688800,瑞可达,rkd,127.73,5.56,10.41,73.85,172.96,9,30.11,255.14,270401,电子,shkc,C,2025-12-12,[],0,0,buy,AA-,,51.695,96.005,3.8,buy,2031-11-13,5.512,10.0,120962.38,211672.49,54.37,-11.48,,0,15:00:00,00,Y,N,0,0,Y,,未到转股期；2026-05-20 开始转股,计算使用5.6年期 评级为AA- 债参考YTM：3.2405,N,10.0,全价：225.034 最后更新：15:00:00,,,,0,{'M': ''},0,0,N,,,buy,buy
2026-05-11 10:46:51,113584,家悦转债,jyzz,109.82,0.01,603708,家家悦,jjy,10.5,-0.94,2.68,12.45,84.34,0,30.22,140.04,450302,商贸零售,shmb,C,2020-06-24,[],0,0,buy,AA,,8.715,16.185,9.6,buy,2026-06-05,0.069,6.447,3305.72,5303.42,4.67,2.49,,0,14:59:36,00,Y,N,1,1,Y,转股价下修1次，成功下修1次,2020-12-14 开始转股,计算使用0.1年期 评级为AA 债参考YTM：1.4799,N,6.45,全价：109.820 最后更新：14:59:36,,,,1,"{'R': '到期\n最后交易日：2026-06-01\n最后转股日：2026-06-04\n债券到期日：2026-06-05\n到期赎回价：110.000元/张', 'M': ''}",0,0,N,,,buy,buy
2026-05-11 10:46:51,127082,亚科转债,ykzz,147.291,-1.87,002540,亚太科技,ytkj,5.98,-1.64,1.32,5.29,113.04,0,30.3,177.59,240301,有色金属,szmb,C,2023-04-27,[],0,0,buy,AA,,3.703,6.877,22.6,buy,2029-03-09,2.83,11.585,10352.24,13103.4,6.02,-8.41,,0,15:34:39,00,Y,N,0,0,Y,,2023-09-15 开始转股,计算使用2.9年期 评级为AA 债参考YTM：1.8443,N,11.59,全价：147.291 最后更新：15:34:39,,,,0,{'G': '本次（2025年11月6日至2025年12月4日）不提前赎回，以2026年6月4日后的首个交易日重新计算'},0,0,N,,,buy,buy
2026-05-11 10:46:51,123107,温氏转债,wszz,128.811,0.12,300498,温氏股份,wsgf,16.08,0.12,2.65,16.29,98.71,0,30.49,159.3,110702,农林牧渔,szcy,C,2021-04-21,[],0,0,buy,AAA,,11.403,21.177,8.1,buy,2027-03-29,0.882,77.064,9282.16,82622.35,0.93,-18.31,,0,15:34:42,00,Y,N,0,0,Y,,2021-10-08 开始转股,计算使用0.9年期 评级为AAA 债参考YTM：1.4941,N,92.97,全价：128.811 最后更新：15:34:42,,,,1,{'M': ''},0,0,N,,,buy,buy
2026-05-11 10:46:51,123150,九强转债,jqzz,142.384,1.81,300406,九强生物,jqsw,13.42,2.6,2.02,12.3,109.11,0,30.5,172.88,370504,医药生物,szcy,C,2022-07-20,[],0,0,buy,AA-,,8.61,15.99,19.7,buy,2028-06-30,2.14,11.21,8044.96,13361.9,5.07,-10.15,,0,15:34:48,00,Y,N,1,1,Y,转股价下修1次，成功下修1次,2023-01-06 开始转股,计算使用2.2年期 评级为AA- 债参考YTM：2.2034,N,11.39,全价：142.384 最后更新：15:34:48,,,,0,{'M': ''},0,0,N,,,buy,buy
2026-05-11 10:46:51,113678,中贝转债,zbzz,198.485,-7.52,603220,中贝通信,zbtx,31.1,-3.15,4.24,20.54,151.41,0,31.09,229.58,730103,通信,shmb,C,2023-11-21,[],0,0,buy,A+,,14.378,26.702,3.8,buy,2029-10-19,3.444,5.108,72306.33,191625.35,68.91,-13.76,,0,15:00:00,00,Y,N,2,1,Y,转股价下修2次，成功下修1次,2024-04-25 开始转股,计算使用3.5年期 评级为A+ 债参考YTM：4.8966,N,5.17,全价：198.485 最后更新：15:00:00,,,,0,"{'G': '本次（2026年3月16日至2026年4月27日）不提前赎回，以2026年7月28日起算', 'M': ''}",0,0,N,,,buy,buy
2026-05-11 10:46:51,118050,航宇转债,hyzz,378.875,3.34,688239,航宇科技,hykj,72.04,0.64,6.68,24.96,288.62,0,31.27,410.15,650201,国防军工,shkc,C,2024-09-10,[],0,0,buy,AA-,,17.472,32.448,4.9,buy,2030-08-21,4.282,6.667,66177.49,69592.13,26.01,-23.88,,0,14:59:53,00,Y,N,0,0,Y,,2025-02-27 开始转股,计算使用4.3年期 评级为AA- 债参考YTM：2.6726,N,6.67,全价：378.875 最后更新：14:59:53,,,,0,"{'G': '本次（2026年1月30日至2026年2月27日）不提前赎回，自2026年5月28日为首个交易日重新计算', 'M': ''}",0,0,N,,,buy,buy
2026-05-11 10:46:51,123080,海波转债,hbzz,143.369,-0.73,300517,海波重科,hbzk,12.4,-2.36,2.32,11.38,108.96,0,31.58,174.95,620401,建筑装饰,szcy,C,2020-12-22,[],0,0,buy,A+,,7.966,14.794,9.5,buy,2026-12-02,0.562,1.486,2952.27,9766.68,13.88,-29.16,,0,15:34:36,00,Y,N,0,0,Y,,2021-06-08 开始转股,计算使用0.6年期 评级为A+ 债参考YTM：4.1076,N,2.45,全价：143.369 最后更新：15:34:36,,,,1,[],0,0,N,,,buy,buy
2026-05-11 10:46:51,127070,大中转债,dzzz,568.701,1.09,001203,大中矿业,dzky,46.4,-1.69,9.51,10.76,431.23,0,31.88,600.58,230301,钢铁,szmb,C,2022-10-11,[],0,0,buy,AA,,7.532,13.988,1.5,buy,2028-08-17,2.271,9.343,99750.1,212157.43,18.87,-50.9,,0,15:34:48,00,Y,N,0,0,Y,,2023-02-23 开始转股,计算使用2.3年期 评级为AA 债参考YTM：1.7702,N,15.2,全价：568.701 最后更新：15:34:48,,,,0,"{'G': '本次（2026年2月24日至2026年3月16日）不提前赎回，以2026年9月16日后的首个交易日重新计算', 'M': ''}",0,0,N,,,buy,buy
2026-05-11 10:46:51,118056,路维转债,lwzz,282.353,3.7,688401,路维光电,lwgd,69.99,4.23,7.82,32.7,214.04,0,31.92,314.27,270103,电子,shkc,C,2025-07-10,[],0,0,buy,AA-,,22.89,42.51,4.5,buy,2031-06-11,5.088,6.145,55037.63,59480.71,31.75,-16.22,,0,14:59:59,00,Y,N,0,0,Y,,2025-12-17 开始转股,计算使用5.1年期 评级为AA- 债参考YTM：2.8271,N,6.15,全价：282.353 最后更新：14:59:59,,,,0,"{'G': '本次（2026年4月9日至2026年4月29日）不提前赎回，以2026年7月30日为首个交易日重新计算', 'M': ''}",0,0,N,,,buy,buy
2026-05-11 10:46:51,123158,宙邦转债,zbzz,218.79,-1.45,300037,新宙邦,xzb,67.1,1.67,4.5,40.55,165.48,0,32.22,251.01,630702,电力设备,szcy,C,2022-10-21,[],0,0,buy,AA,,28.385,52.715,5.0,buy,2028-09-26,2.381,18.046,41459.38,176700.45,10.44,-24.48,,0,15:34:45,00,Y,N,0,0,Y,,2023-03-30 开始转股,计算使用2.4年期 评级为AA 债参考YTM：1.7831,N,19.7,全价：218.790 最后更新：15:34:45,,,,0,"{'G': '本次（2025年12月25日至2026年1月22日）不提前赎回，自2026年7月22日后首个交易日重新计算', 'M': ''}",0,0,N,,,buy,buy
2026-05-11 10:46:51,111012,福新转债,fxzz,431.399,-0.74,605488,福莱新材,flxc,36.5,-0.76,4.83,11.22,325.31,0,32.61,464.01,220505,基础化工,shmb,C,2023-02-07,[],0,0,buy,A+,,7.854,14.586,1.0,buy,2029-01-04,2.655,1.017,26369.73,35514.9,59.92,-38.82,,0,14:59:59,00,Y,N,0,0,Y,,2023-07-10 开始转股,计算使用2.7年期 评级为A+ 债参考YTM：4.6957,N,4.29,全价：431.399 最后更新：14:59:59,,,,0,{'G': '本次（2026年2月27日至2026年3月19日）不提前赎回，自2026年6月19日之后的首个交易日重新起算'},0,0,N,,,buy,buy
2026-05-11 10:46:51,127105,龙星转债,lxzz,141.902,-0.64,002442,龙星科技,lxkj,6.2,-2.67,1.69,5.8,106.9,0,32.75,174.65,220603,基础化工,szmb,C,2024-03-06,[],0,0,buy,AA-,,4.06,7.54,24.7,buy,2030-01-31,3.729,7.54,4843.28,10008.28,4.52,-4.62,,0,15:33:57,00,Y,N,0,0,Y,,2024-08-07 开始转股,计算使用3.8年期 评级为AA- 债参考YTM：2.5860,N,7.54,全价：141.902 最后更新：15:33:57,,,,0,[],0,0,N,,,buy,buy
2026-05-11 10:46:51,113659,莱克转债,lkzz,142.138,0.47,603355,莱克电气,lkdq,33.95,-0.88,3.39,31.72,107.03,0,32.8,174.94,330302,家用电器,shmb,C,2022-11-15,[],0,0,buy,AA,,22.204,41.236,6.2,buy,2028-10-14,2.43,11.998,11819.02,12798.9,6.93,-9.06,,0,14:59:21,00,Y,N,0,0,Y,,2023-04-20 开始转股,计算使用2.5年期 评级为AA 债参考YTM：1.7956,N,12.0,全价：142.138 最后更新：14:59:21,,,,0,{'M': ''},0,0,N,,,buy,buy
2026-05-11 10:46:51,123252,银邦转债,ybzz,161.85,0.12,300337,银邦股份,ybgf,15.22,-0.33,6.98,12.51,121.66,0,33.03,194.88,240301,有色金属,szcy,C,2025-01-24,[],0,0,buy,AA-,,8.757,16.263,7.2,buy,2031-01-06,4.66,7.846,8244.66,75679.1,6.47,-6.72,,0,15:34:36,00,Y,N,0,0,Y,,2025-07-14 开始转股,计算使用4.7年期 评级为AA- 债参考YTM：2.7428,N,7.85,全价：161.850 最后更新：15:34:36,,,,0,{'M': ''},0,0,N,,,buy,buy
2026-05-11 10:46:51,127045,牧原转债,myzz,134.8,1.09,002714,牧原股份,mygf,44.32,1.86,2.93,43.74,101.33,0,33.04,167.84,110702,农林牧渔,szmb,C,2021-09-10,[],0,0,buy,AA+,,30.618,56.862,5.7,buy,2027-08-16,1.266,95.43,11317.86,285589.11,0.88,-15.9,,0,15:34:48,00,Y,Y,0,0,Y,,2022-02-21 开始转股,计算使用1.3年期 评级为AA+ 债参考YTM：1.5952,N,95.5,全价：134.800 最后更新：15:34:48,,,,1,{'M': ''},0,0,N,,,buy,buy
2026-05-11 10:46:51,127064,杭氧转债,hyzz,158.729,3.2,002430,杭氧股份,hygf,30.96,3.68,2.98,25.97,119.21,0,33.15,191.88,220309,基础化工,szmb,C,2022-07-05,[],0,0,buy,AA+,,18.179,33.761,3.8,buy,2028-05-19,2.025,11.364,24576.3,113316.53,13.63,-16.38,,0,15:34:33,00,Y,N,1,1,Y,转股价下修1次，成功下修1次,2022-11-25 开始转股,计算使用2.1年期 评级为AA+ 债参考YTM：1.6997,N,11.37,全价：158.729 最后更新：15:34:33,,,,0,{'M': ''},0,0,N,,,buy,buy
2026-05-11 10:46:51,118039,煜邦转债,ybzz,159.743,2.16,688597,煜邦电力,ybdl,8.74,1.04,3.42,7.3,119.73,0,33.42,193.16,630804,电力设备,shkc,C,2023-08-15,[],0,0,buy,A,,5.11,9.49,14.0,buy,2029-07-20,3.195,4.104,6486.88,6842.26,10.0,-9.28,,0,14:59:58,00,Y,N,0,0,Y,,2024-01-26 开始转股,计算使用3.2年期 评级为A 债参考YTM：7.1894,N,4.108,全价：159.743 最后更新：14:59:58,,,,0,"{'G': '本次（2026年1月16日至2026年2月11日）不提前赎回，以2026年8月12日为首个交易日重新计算', 'M': ''}",0,0,N,,,buy,buy
2026-05-11 10:46:51,123211,阳谷转债,ygzz,182.35,2.46,300121,阳谷华泰,yght,12.68,3.76,1.54,9.28,136.64,0,33.45,215.8,220604,基础化工,szcy,C,2023-08-14,[],0,0,buy,AA-,,6.496,12.064,5.6,buy,2029-07-27,3.214,3.07,9485.87,21344.11,16.96,-12.55,,0,15:34:12,00,Y,N,0,0,N,2026-05-08 至 2026-05-15 期间暂停转股：权益分派,2024-02-02 开始转股;2026-05-08 至 2026-05-15 期间暂停转股：权益分派,计算使用3.3年期 评级为AA- 债参考YTM：2.5076,N,6.5,全价：182.350 最后更新：15:34:12,,,,0,{'G': '本次（2025年12月15日至2026年1月6日）不提前赎回，2026年7月6日后首个交易日重新计算'},0,0,N,,,buy,buy
2026-05-11 10:46:51,118012,微芯转债,wxzz,165.041,1.67,688321,微芯生物,wxsw,31.4,0.32,5.38,25.4,123.62,0,33.5,198.54,370102,医药生物,shkc,C,2022-07-28,[],0,0,buy,A+,,17.78,33.02,3.9,buy,2028-07-05,2.153,4.996,13253.15,70000.26,16.21,-14.29,,0,14:59:59,00,Y,N,0,0,N,2026-05-07 至 2026-05-13 期间暂停转股：权益分派,2023-01-11 开始转股;2026-05-07 至 2026-05-13 期间暂停转股：权益分派,计算使用2.2年期 评级为A+ 债参考YTM：4.5442,N,5.0,全价：165.041 最后更新：14:59:59,,,,0,{'M': ''},0,0,N,,,buy,buy
2026-05-11 10:46:51,123088,威唐转债,wtzz,138.13,0.65,300707,威唐工业,wtgy,15.47,-0.13,2.36,14.96,103.41,0,33.58,171.71,280205,汽车,szcy,C,2021-01-06,[],0,0,buy,A+,,10.472,19.448,13.3,buy,2026-12-15,0.597,3.004,3981.18,7106.55,9.65,-28.17,,0,15:34:39,00,Y,N,1,1,Y,转股价下修1次，成功下修1次,2021-06-21 开始转股,计算使用0.6年期 评级为A+ 债参考YTM：4.1076,N,3.014,全价：138.130 最后更新：15:34:39,,,,1,[],0,0,N,,,buy,buy
2026-05-11 10:46:51,123104,卫宁转债,wnzz,135.65,-0.31,300253,卫宁健康,wnjk,9.57,0.31,3.76,9.44,101.38,0,33.81,169.46,710401,计算机,szcy,C,2021-03-31,[],0,0,buy,AA,,6.608,12.272,5.5,buy,2027-03-16,0.847,9.699,10355.67,135259.31,7.89,-13.67,,0,15:34:42,00,Y,N,1,1,Y,转股价下修1次，成功下修1次,2021-09-22 开始转股,计算使用0.9年期 评级为AA 债参考YTM：1.5441,N,9.703,全价：135.650 最后更新：15:34:42,,,,1,{'M': ''},0,0,N,,,buy,buy
2026-05-11 10:46:51,123119,康泰转2,ktz2,132.462,1.2,300601,康泰生物,ktsw,15.57,7.16,1.8,15.73,98.98,0,33.82,166.28,370303,医药生物,szcy,C,2021-08-05,[],0,0,buy,AA,,11.011,20.449,14.3,buy,2027-07-15,1.178,19.99,29168.12,81316.64,11.03,-12.27,,0,15:34:42,00,Y,N,5,5,Y,转股价下修5次，成功下修5次,2022-01-21 开始转股,计算使用1.2年期 评级为AA 债参考YTM：1.6017,N,20.0,全价：132.462 最后更新：15:34:42,,,,1,{'M': ''},0,0,N,,,buy,buy
2026-05-11 10:46:51,110098,南药转债,nyzz,140.8,0.2,600713,南京医药,njyy,5.38,0.56,0.96,5.12,105.08,0,34.0,174.8,370402,医药生物,shmb,C,2025-01-20,[],0,0,buy,AA+,,3.584,6.656,15.6,buy,2030-12-25,4.627,10.814,4430.53,10239.15,2.91,-4.84,,0,14:58:41,00,Y,N,0,0,Y,,2025-07-01 开始转股,计算使用4.7年期 评级为AA+ 债参考YTM：1.8682,N,10.815,全价：140.800 最后更新：14:58:41,,,,0,[],0,0,N,,,buy,buy
2026-05-11 10:46:51,123142,申昊转债,shzz,138.84,0.95,300853,申昊科技,shkj,34.89,2.83,8.05,33.71,103.5,0,34.14,172.98,630803,电力设备,szcy,C,2022-04-11,[],0,0,buy,A-,,23.597,43.823,16.0,buy,2028-03-18,1.855,5.494,8061.96,27583.76,10.58,-10.89,,0,15:34:42,00,Y,N,0,0,Y,,2022-09-26 开始转股,计算使用1.9年期 评级为A- 债参考YTM：9.1589,N,5.5,全价：138.840 最后更新：15:34:42,,,,1,[],0,0,N,,,buy,buy
2026-05-11 10:46:51,123255,鼎龙转债,dlzz,320.15,2.19,300054,鼎龙股份,dlgf,67.97,5.89,11.77,28.48,238.66,0,34.15,354.3,270601,电子,szcy,C,2025-04-23,[],0,0,buy,AA,,19.936,37.024,1.8,buy,2031-04-02,4.896,9.096,57025.57,350225.19,19.68,-19.17,,0,15:34:27,00,Y,N,0,0,Y,,2025-10-09 开始转股,计算使用4.9年期 评级为AA 债参考YTM：2.1040,N,9.1,全价：320.150 最后更新：15:34:27,,,,0,"{'G': '本次（2026年4月8日至2026年4月28日）不提前赎回，自2026年10月28日后首个交易日重新计算', 'M': ''}",0,0,N,,,buy,buy
2026-05-11 10:46:51,127018,本钢转债,bgzz,118.42,0.02,000761,本钢板材,bgbc,2.9,-0.34,1.73,3.29,88.15,0,34.35,152.77,230402,钢铁,szmb,C,2020-08-04,[],0,0,buy,AAA,,2.303,4.277,52.4,buy,2026-06-29,0.134,56.309,31801.91,4886.63,4.77,3.65,,0,15:34:21,00,Y,N,1,1,Y,转股价下修1次，成功下修1次,2021-01-04 开始转股,计算使用0.2年期 评级为AAA 债参考YTM：1.4309,N,68.0,全价：118.420 最后更新：15:34:21,,,,1,{'M': ''},0,0,N,,,buy,buy
2026-05-11 10:46:51,123178,花园转债,hyzz,141.262,0.97,300401,花园生物,hysw,14.13,2.1,2.17,13.45,105.06,0,34.46,175.72,370101,医药生物,szcy,C,2023-03-23,[],0,0,buy,AA-,,9.415,17.485,15.5,buy,2029-03-06,2.822,11.731,7263.65,40078.51,4.4,-6.13,,0,15:33:57,00,Y,N,1,1,Y,转股价下修1次，成功下修1次,2023-09-11 开始转股,计算使用2.9年期 评级为AA- 债参考YTM：2.4080,N,12.0,全价：141.262 最后更新：15:33:57,,,,0,{'M': ''},0,0,N,,,buy,buy
2026-05-11 10:46:51,127037,银轮转债,ylzz,611.0,-2.02,002126,银轮股份,ylgf,47.2,-5.14,5.29,10.39,454.28,0,34.5,645.5,280203,汽车,szmb,C,2021-07-09,[],0,0,buy,AA,,7.273,13.507,1.3,buy,2027-06-07,1.074,5.055,28386.04,203421.6,9.1,-79.68,,0,15:34:42,00,Y,N,0,0,Y,,2021-12-13 开始转股,计算使用1.1年期 评级为AA 债参考YTM：1.5845,N,7.0,全价：611.000 最后更新：15:34:42,,,,1,"{'G': '本次（2025年5月1日至2025年5月26日）不提前赎回，2026年5月26日后首个交易日重新计算', 'M': ''}",0,0,N,,,buy,buy
2026-05-11 10:46:51,123112,万讯转债,wxzz,139.728,0.2,300112,万讯自控,wxzk,8.6,0.12,2.53,8.3,103.61,0,34.85,174.58,640107,机械设备,szcy,C,2021-04-23,[],0,0,buy,AA-,,5.81,10.79,11.1,buy,2027-04-08,0.91,2.265,2703.08,4763.49,8.55,-17.15,,0,15:34:45,00,Y,N,0,0,Y,,2021-10-14 开始转股,计算使用1.0年期 评级为AA- 债参考YTM：1.8664,N,2.457,全价：139.728 最后更新：15:34:45,,,,1,[],0,0,N,,,buy,buy
2026-05-11 10:46:51,127089,晶澳转债,jazz,127.941,0.11,002459,晶澳科技,jakj,11.02,0.73,1.71,11.66,94.51,0,35.37,163.31,630502,电力设备,szmb,C,2023-08-04,[],0,0,buy,AA+,,8.162,15.158,24.6,buy,2029-07-18,3.189,89.588,12169.38,69050.74,1.06,-4.19,,0,15:34:42,00,Y,N,2,1,Y,转股价下修2次，成功下修1次,2024-01-24 开始转股,计算使用3.2年期 评级为AA+ 债参考YTM：1.7924,N,89.603,全价：127.941 最后更新：15:34:42,,,,0,{'M': ''},0,0,N,,,buy,buy
2026-05-11 10:46:51,123176,精测转2,jcz2,326.463,4.13,300567,精测电子,jcdz,156.0,8.41,9.86,64.71,241.08,0,35.42,361.88,640107,机械设备,szcy,C,2023-03-22,[],0,0,buy,AA-,,45.297,84.123,3.6,buy,2029-03-02,2.811,12.753,103954.83,214386.99,24.86,-31.26,,0,15:34:48,00,Y,N,0,0,Y,,2023-09-08 开始转股,计算使用2.9年期 评级为AA- 债参考YTM：2.4080,N,12.76,全价：326.463 最后更新：15:34:48,,,,0,"{'G': '本次（2025年12月23日至2026年1月14日）不提前赎回，自2026年7月14日后首个交易日重新计算', 'M': ''}",0,0,N,,,buy,buy
2026-05-11 10:46:51,110095,双良转债,slzz,141.998,0.38,600481,双良节能,sljn,6.46,0.94,3.01,6.18,104.53,0,35.84,177.84,630501,电力设备,shmb,C,2023-09-08,[],0,0,buy,AA-,,4.326,8.034,10.5,buy,2029-08-08,3.247,14.006,17873.13,49698.27,8.97,-6.6,,0,14:59:58,00,Y,N,2,2,Y,转股价下修2次，成功下修2次,2024-02-19 开始转股,计算使用3.3年期 评级为AA- 债参考YTM：2.5076,N,26.0,全价：141.998 最后更新：14:59:58,,,,0,"{'G': '本次（2026年1月26日至2026年2月13日）不提前赎回，以2026年5月13日之后的首个交易日重新起算', 'M': ''}",0,0,N,,,buy,buy
2026-05-11 10:46:51,111020,合顺转债,hszz,149.766,0.26,605166,聚合顺,jhs,11.66,-0.85,1.83,10.59,110.1,0,36.02,185.79,220406,基础化工,shmb,C,2024-08-15,[],0,0,buy,AA-,,7.413,13.767,9.2,buy,2030-07-22,4.2,3.38,4449.52,9403.81,8.78,-5.28,,0,14:59:09,00,Y,N,0,0,Y,,2025-01-27 开始转股,计算使用4.2年期 评级为AA- 债参考YTM：2.6549,N,3.38,全价：149.766 最后更新：14:59:09,,,,0,[],0,0,N,,,buy,buy
2026-05-11 10:46:51,123259,锦浪转02,jlz02,193.0,3.26,300763,锦浪科技,jlkj,102.9,4.75,4.5,72.55,141.83,0,36.08,229.08,630503,电力设备,szcy,C,2025-11-06,[],0,0,buy,AA,,50.785,94.315,5.1,buy,2031-10-17,5.438,16.764,45141.21,191502.81,13.96,-9.29,,0,15:34:09,00,Y,N,1,1,Y,转股价下修1次，成功下修1次,2026-04-23 开始转股,计算使用5.5年期 评级为AA 债参考YTM：2.1979,N,16.766,全价：193.000 最后更新：15:34:09,,,,0,{'M': ''},0,0,N,,,buy,buy
2026-05-11 10:46:51,113054,绿动转债,ldzz,135.933,0.25,601330,绿色动力,lsdl,8.88,-0.11,1.5,8.89,99.89,0,36.09,172.02,760103,环保,shmb,C,2022-03-23,[],0,0,buy,AA+,,6.223,11.557,26.9,buy,2028-02-25,1.795,23.598,6935.8,27310.92,2.16,-10.87,,0,14:59:42,00,Y,N,0,0,Y,,2022-09-05 开始转股,计算使用1.8年期 评级为AA+ 债参考YTM：1.6601,N,23.6,全价：135.933 最后更新：14:59:42,,,,1,[],0,0,N,,,buy,buy
2026-05-11 10:46:51,123199,山河转债,shzz,145.112,0.53,300452,山河药辅,shyf,14.18,0.57,3.15,13.3,106.62,0,36.11,181.22,370101,医药生物,szcy,C,2023-07-07,[],0,0,buy,A+,,9.31,17.29,11.4,buy,2029-06-12,3.09,3.197,1980.22,7231.54,4.28,-8.08,,0,15:34:51,00,Y,N,1,1,Y,转股价下修1次，成功下修1次,2023-12-18 开始转股,计算使用3.1年期 评级为A+ 债参考YTM：4.8151,N,3.2,全价：145.112 最后更新：15:34:51,,,,0,[],0,0,N,,,buy,buy
2026-05-11 10:46:51,118013,道通转债,dtzz,230.66,6.12,688208,道通科技,dtkj,37.2,8.77,6.16,21.98,169.25,0,36.29,266.95,710103,计算机,shkc,C,2022-07-28,[],0,0,buy,AA,,15.386,28.574,5.1,buy,2028-07-08,2.162,12.796,75648.96,144520.67,25.62,-26.94,,0,15:00:00,00,Y,N,0,0,N,2026-05-07 至 2026-05-14 期间暂停转股：权益分派,2023-01-16 开始转股;2026-05-07 至 2026-05-14 期间暂停转股：权益分派,计算使用2.2年期 评级为AA 债参考YTM：1.7566,N,12.8,全价：230.660 最后更新：15:00:00,,,,0,"{'G': '本次（2026年1月5日至2026年1月23日）不提前赎回，以2026年7月24日为首个交易日重新计算', 'M': ''}",0,0,N,,,buy,buy
2026-05-11 10:46:51,123224,宇邦转债,ybzz,153.6,0.39,301266,宇邦新材,ybxc,41.47,0.17,2.44,36.82,112.63,0,36.38,189.98,630504,电力设备,szcy,C,2023-10-18,[],0,0,buy,A+,,25.774,47.866,6.6,buy,2029-09-19,3.362,2.848,6175.53,16532.62,14.1,-7.28,,0,15:34:09,00,Y,N,1,1,Y,转股价下修1次，成功下修1次,2024-03-25 开始转股,计算使用3.4年期 评级为A+ 债参考YTM：4.8795,N,5.0,全价：153.600 最后更新：15:34:09,,,,0,"{'G': '本次（2026年1月30日至2026年3月11日）不提前赎回，自2026年6月11日后首个交易日重新计算', 'M': ''}",0,0,N,,,buy,buy
2026-05-11 10:46:51,110093,神马转债,smzz,124.359,-0.96,600810,神马股份,smgf,7.36,-3.03,0.87,8.08,91.09,0,36.52,160.88,220406,基础化工,shmb,C,2023-04-20,[],0,0,buy,AAA,,5.656,10.504,27.9,buy,2029-03-16,2.849,22.199,14329.92,17331.26,5.18,-4.27,,0,14:59:57,00,Y,N,0,0,Y,,2023-09-22 开始转股,计算使用2.9年期 评级为AAA 债参考YTM：1.7198,N,30.0,全价：124.359 最后更新：14:59:57,,,,0,{'M': ''},0,0,N,,,buy,buy
2026-05-11 10:46:51,111022,锡振转债,xzzz,160.675,-2.21,605319,无锡振华,wxzh,26.63,-2.1,3.24,22.64,117.62,0,36.6,197.28,280205,汽车,shmb,C,2025-07-14,[],0,0,buy,AA-,,15.848,29.432,5.6,buy,2031-06-18,5.107,5.197,4419.14,16039.48,5.26,-5.99,,0,14:59:31,00,Y,N,0,0,Y,,2025-12-24 开始转股,计算使用5.2年期 评级为AA- 债参考YTM：2.8832,N,5.2,全价：160.675 最后更新：14:59:31,,,,0,[],0,0,N,,,buy,buy
2026-05-11 10:46:51,113688,国检转债,gjzz,145.2,-0.25,603060,国检集团,gjjt,6.92,-1.14,2.67,6.52,106.14,0,36.81,182.01,460802,社会服务,shmb,C,2024-11-12,[],0,0,buy,AA+,,4.564,8.476,14.4,buy,2030-10-17,4.438,7.998,4400.9,12612.34,3.79,-4.95,,0,14:59:58,00,Y,N,0,0,Y,,2025-04-23 开始转股,计算使用4.5年期 评级为AA+ 债参考YTM：1.8566,N,8.0,全价：145.200 最后更新：14:59:58,,,,0,[],0,0,N,,,buy,buy
2026-05-11 10:46:51,113658,密卫转债,mwzz,142.021,0.32,603713,密尔克卫,mekw,57.82,0.29,1.85,55.72,103.77,0,36.86,178.88,420806,交通运输,shmb,C,2022-10-25,[],0,0,buy,AA-,,39.004,72.436,9.5,buy,2027-09-16,1.351,8.719,2980.29,10480.43,2.41,-15.45,,0,14:58:42,00,Y,N,1,1,Y,转股价下修1次，成功下修1次,2023-03-22 开始转股,计算使用1.4年期 评级为AA- 债参考YTM：1.9879,N,8.724,全价：142.021 最后更新：14:58:42,,,,1,{'M': ''},0,0,N,,,buy,buy
2026-05-11 10:46:51,123171,共同转债,gtzz,144.573,1.2,300966,共同药业,gtyy,28.6,2.14,3.97,27.12,105.46,0,37.09,181.66,370101,医药生物,szcy,C,2022-12-16,[],0,0,buy,A,,18.984,35.256,17.3,buy,2028-11-28,2.553,3.799,7594.34,23998.18,13.82,-7.39,,0,15:34:00,00,Y,N,0,0,Y,,2023-06-02 开始转股,计算使用2.6年期 评级为A 债参考YTM：7.0150,N,3.8,全价：144.573 最后更新：15:34:00,,,,0,{'M': ''},0,0,N,,,buy,buy
2026-05-11 10:46:51,123237,佳禾转债,jhzz,150.319,0.17,300793,佳禾智能,jhzn,14.69,0.07,1.98,13.46,109.14,0,37.73,188.05,270504,电子,szcy,C,2024-01-24,[],0,0,buy,A+,,9.422,17.498,7.9,buy,2030-01-04,3.655,4.315,1577.64,8305.05,2.43,-6.67,,0,15:34:06,00,Y,N,1,1,Y,转股价下修1次，成功下修1次,2024-07-10 开始转股,计算使用3.7年期 评级为A+ 债参考YTM：4.9282,N,10.04,全价：150.319 最后更新：15:34:06,,,,0,[],0,0,N,,,buy,buy
2026-05-11 10:46:51,111017,蓝天转债,ltzz,132.536,0.07,605368,蓝天燃气,ltrq,7.67,-0.39,1.63,7.98,96.12,0,37.89,170.43,410301,公用事业,shmb,C,2023-09-08,[],0,0,buy,AA,,5.586,10.374,12.3,buy,2029-08-15,3.266,6.715,4905.58,3855.91,5.51,-4.52,,0,14:59:39,00,Y,N,0,0,Y,,2024-02-21 开始转股,计算使用3.3年期 评级为AA 债参考YTM：1.8980,N,8.7,全价：132.536 最后更新：14:59:39,,,,0,[],0,0,N,,,buy,buy
2026-05-11 10:46:51,113066,平煤转债,pmzz,150.923,1.46,601666,平煤股份,pmgf,8.22,1.48,0.81,7.52,109.31,0,38.07,188.99,740102,煤炭,shmb,C,2023-04-10,[],0,0,buy,AAA,,5.264,9.776,7.0,buy,2029-03-16,2.849,14.274,7251.16,27391.07,3.37,-10.69,,0,14:59:10,00,Y,N,1,1,Y,转股价下修1次，成功下修1次,2023-09-22 开始转股,计算使用2.9年期 评级为AAA 债参考YTM：1.7198,N,29.0,全价：150.923 最后更新：14:59:10,,,,0,{'M': ''},0,0,N,,,buy,buy
2026-05-11 10:46:51,113053,隆22转债,l22zz,131.908,0.0,601012,隆基绿能,ljln,16.61,1.53,2.47,17.5,94.91,0,38.98,170.89,630502,电力设备,shmb,C,2022-02-17,[],0,0,buy,AAA,,12.25,22.75,5.6,buy,2028-01-05,1.655,69.951,8526.82,300289.31,0.92,-11.19,,0,14:59:48,00,Y,N,1,1,Y,转股价下修1次，成功下修1次,2022-07-11 开始转股,计算使用1.7年期 评级为AAA 债参考YTM：1.6089,N,70.0,全价：131.908 最后更新：14:59:48,,,,1,{'M': ''},0,0,N,,,buy,buy
2026-05-11 10:46:51,118058,微导转债,wdzz,343.738,4.02,688147,微导纳米,wdnm,82.95,3.95,12.7,33.57,247.1,0,39.11,382.85,630505,电力设备,shkc,C,2025-08-27,[],0,0,buy,AA,,23.499,43.641,3.1,buy,2031-08-06,5.241,11.7,110708.98,99495.53,27.81,-19.18,,0,14:59:59,00,Y,N,0,0,Y,,2026-02-12 开始转股,计算使用5.3年期 评级为AA 债参考YTM：2.1603,N,11.7,全价：343.738 最后更新：14:59:59,,,,0,"{'G': '本次（2026年2月12日至2026年3月12日）不提前赎回，以2026年9月13日为首个交易日重新计算', 'M': ''}",0,0,N,,,buy,buy
2026-05-11 10:46:51,113052,兴业转债,xyzz,119.599,-0.38,601166,兴业银行,xyyh,17.73,0.0,0.41,20.63,85.94,0,39.16,158.76,480301,银行,shmb,C,2022-01-14,[],0,0,buy,AAA,,,26.819,11.0,buy,2027-12-27,1.63,413.5,42442.96,165364.94,0.86,-4.37,,0,14:59:58,00,Y,Y,0,0,Y,,2022-06-30 开始转股,计算使用1.7年期 评级为AAA 债参考YTM：1.6089,N,500.0,全价：119.599 最后更新：14:59:58,,,,0,{'M': ''},0,0,N,,,buy,buy
2026-05-11 10:46:51,127099,盛航转债,shzz,140.112,0.23,001205,盛航股份,shgf,15.53,-0.32,1.33,15.48,100.32,0,39.66,179.77,421101,交通运输,szmb,C,2023-12-28,[],0,0,buy,AA-,,10.836,20.124,17.6,buy,2029-12-06,3.575,4.541,4196.48,5917.04,6.61,-4.39,,0,15:33:57,00,Y,N,1,1,Y,转股价下修1次，成功下修1次,2024-06-12 开始转股,计算使用3.6年期 评级为AA- 债参考YTM：2.5566,N,7.4,全价：140.112 最后更新：15:33:57,,,,0,[],0,0,N,,,buy,buy
2026-05-11 10:46:51,123155,中陆转债,zlzz,145.0,1.47,301040,中环海陆,zhhl,32.93,4.14,4.25,31.76,103.68,0,39.85,184.85,630602,电力设备,szcy,C,2022-08-31,[],0,0,buy,A+,,22.232,41.288,11.6,buy,2028-08-12,2.258,3.6,6233.37,18184.1,11.96,-8.46,,0,15:34:48,00,Y,N,0,0,Y,,2023-02-20 开始转股,计算使用2.3年期 评级为A+ 债参考YTM：4.5738,N,3.6,全价：145.000 最后更新：15:34:48,,,,0,{'M': ''},0,0,N,,,buy,buy
2026-05-11 10:46:51,118040,宏微转债,hwzz,151.009,2.98,688711,宏微科技,hwkj,30.66,8.0,6.01,28.51,107.54,0,40.42,191.43,270102,电子,shkc,C,2023-08-14,[],0,0,buy,A,,19.957,37.063,6.6,buy,2029-07-25,3.208,4.297,15969.66,44035.76,24.71,-7.0,,0,14:59:57,00,Y,N,1,1,Y,转股价下修1次，成功下修1次,2024-01-31 开始转股,计算使用3.3年期 评级为A 债参考YTM：7.2106,N,4.3,全价：151.009 最后更新：14:59:57,,,,0,{'M': ''},0,0,N,,,buy,buy
2026-05-11 10:46:51,110090,爱迪转债,adzz,143.86,0.06,600933,爱柯迪,akd,17.97,0.56,1.86,17.55,102.39,0,40.5,184.36,280203,汽车,shmb,C,2022-10-28,[],0,0,buy,AA,,12.285,22.815,8.9,buy,2028-09-23,2.373,15.696,5965.73,33341.13,2.63,-9.89,,0,14:59:51,00,Y,N,0,0,Y,,2023-03-29 开始转股,计算使用2.4年期 评级为AA 债参考YTM：1.7831,N,15.7,全价：143.860 最后更新：14:59:51,,,,0,{'M': ''},0,0,N,,,buy,buy
2026-05-11 10:46:51,113070,渝水转债,yszz,131.304,0.65,601158,重庆水务,cqsw,4.5,0.9,1.23,4.82,93.36,0,40.64,171.94,760102,环保,shmb,C,2025-02-13,[],0,0,buy,AAA,,3.374,6.266,8.8,buy,2031-01-09,4.669,18.998,5188.57,5709.08,2.08,-3.52,,0,14:59:37,00,Y,N,0,0,Y,,2025-07-15 开始转股,计算使用4.7年期 评级为AAA 债参考YTM：1.8179,N,19.0,全价：131.304 最后更新：14:59:37,,,,0,{'M': ''},0,0,N,,,buy,buy
2026-05-11 10:46:51,127049,希望转2,xwz2,116.168,0.46,000876,新希望,xxw,8.72,0.0,1.8,10.59,82.34,0,41.08,157.25,110702,农林牧渔,szmb,C,2021-11-29,[],0,0,buy,AAA,,7.413,13.767,20.8,buy,2027-11-02,1.48,81.434,12742.19,29607.92,1.35,-4.5,,0,15:34:27,00,Y,N,1,1,Y,转股价下修1次，成功下修1次,2022-05-09 开始转股,计算使用1.5年期 评级为AAA 债参考YTM：1.5883,N,81.5,全价：116.168 最后更新：15:34:27,,,,1,{'M': ''},0,0,N,,,buy,buy
2026-05-11 10:46:51,123258,胜蓝转02,slz2,239.77,13.77,300843,胜蓝股份,slgf,92.5,10.25,9.19,54.46,169.85,0,41.17,280.94,270504,电子,szcy,C,2025-09-10,[],0,0,buy,AA-,,38.122,70.798,3.0,buy,2031-08-28,5.301,4.499,202556.16,94208.09,192.95,-12.71,,0,15:34:18,00,Y,N,0,0,Y,,2026-03-03 开始转股,计算使用5.4年期 评级为AA- 债参考YTM：3.0462,N,4.5,全价：239.770 最后更新：15:34:18,,,,0,[],0,0,N,,,buy,buy
2026-05-11 10:46:51,127092,运机转债,yjzz,332.2,-2.38,001288,运机集团,yjjt,28.43,-0.25,2.74,12.09,235.15,0,41.27,373.47,640203,机械设备,szmb,C,2023-10-20,[],0,0,buy,AA-,,8.463,15.717,12.2,buy,2029-09-21,3.367,5.25,17850.1,9158.74,10.21,-26.36,,0,15:34:09,00,Y,N,0,0,Y,,2024-03-27 开始转股,计算使用3.4年期 评级为AA- 债参考YTM：2.5255,N,7.3,全价：332.200 最后更新：15:34:09,,,,0,{'G': '本次（2025年12月8日至2025年12月26日）不提前赎回，以2026年12月26日后的首个交易日起重新计算'},0,0,N,,,buy,buy
2026-05-11 10:46:51,118007,山石转债,sszz,146.855,0.73,688030,山石网科,sswk,17.03,0.59,4.4,16.5,103.21,0,42.28,189.14,710402,计算机,shkc,C,2022-04-21,[],0,0,buy,A,,11.55,21.45,8.7,buy,2028-03-22,1.866,2.671,2577.0,5429.8,6.59,-11.81,,0,14:59:19,00,Y,N,1,1,Y,转股价下修1次，成功下修1次,2022-09-28 开始转股,计算使用1.9年期 评级为A 债参考YTM：6.8089,N,2.674,全价：146.855 最后更新：14:59:19,,,,1,{'M': ''},0,0,N,,,buy,buy
2026-05-11 10:46:51,113671,武进转债,wjzz,149.996,-0.89,603878,武进不锈,wjbx,8.35,-2.34,1.8,7.93,105.3,0,42.45,192.45,230403,钢铁,shmb,C,2023-08-03,[],0,0,buy,AA,,5.551,10.309,6.6,buy,2029-07-10,3.167,3.093,12128.94,32238.06,26.23,-8.39,,0,14:59:49,00,Y,N,0,0,Y,,2024-01-15 开始转股,计算使用3.2年期 评级为AA 债参考YTM：1.8840,N,3.1,全价：149.996 最后更新：14:59:49,,,,0,[],0,0,N,,,buy,buy
2026-05-11 10:46:51,123114,三角转债,sjzz,145.006,0.86,300775,三角防务,sjfw,31.95,2.21,2.89,31.39,101.78,0,42.46,187.47,650201,国防军工,szcy,C,2021-06-11,[],0,0,buy,AA-,,21.973,40.807,5.3,buy,2027-05-25,1.038,8.999,9442.99,86455.33,7.23,-18.69,,0,15:34:30,00,Y,N,0,0,Y,,2021-11-30 开始转股,计算使用1.1年期 评级为AA- 债参考YTM：1.8997,N,9.044,全价：145.006 最后更新：15:34:30,,,,1,{'M': ''},0,0,N,,,buy,buy
2026-05-11 10:46:51,111001,山玻转债,sbzz,208.885,16.19,605006,山东玻纤,sdbx,16.36,10.02,3.78,11.18,146.33,0,42.75,251.64,610202,建筑材料,shmb,C,2021-12-06,[],0,0,buy,AA-,,7.826,14.534,6.1,buy,2027-11-08,1.496,5.994,365679.72,28937.38,298.14,-32.43,,0,15:00:00,00,Y,N,0,0,Y,,2022-05-12 开始转股,计算使用1.5年期 评级为AA- 债参考YTM：2.0147,N,6.0,全价：208.885 最后更新：15:00:00,,,,0,[],0,0,N,,,buy,buy
2026-05-11 10:46:51,118027,宏图转债,htzz,84.092,2.26,688066,*ST航图,htht,14.45,14.14,-3.3,24.55,58.86,0,42.87,126.96,710301,计算机,shkc,C,2022-12-22,[],0,0,buy,BB+,,17.185,31.915,26.7,buy,2028-11-28,2.553,10.087,85537.46,34066.59,98.92,14.9,,0,15:00:00,00,Y,N,2,2,Y,转股价下修2次，成功下修2次,2023-06-02 开始转股,,N,10.088,全价：84.092 最后更新：15:00:00,,,,0,[],0,0,N,,,buy,buy
2026-05-11 10:46:51,128129,青农转债,qnzz,107.587,0.0,002958,青农商行,qnsh,3.01,-0.66,0.38,4.0,75.25,0,42.97,150.56,480501,银行,szmb,C,2020-09-18,[],0,0,buy,AAA,,,5.2,30.5,buy,2026-08-25,0.29,49.997,13283.73,15156.06,2.47,1.33,,0,15:34:18,00,Y,N,1,1,Y,转股价下修1次，成功下修1次,2021-03-01 开始转股,计算使用0.3年期 评级为AAA 债参考YTM：1.4331,N,50.0,全价：107.587 最后更新：15:34:18,,,,0,{'M': ''},0,0,N,,,buy,buy
2026-05-11 10:46:51,111003,聚合转债,jhzz,146.654,0.43,605166,聚合顺,jhs,11.66,-0.85,1.83,11.37,102.55,0,43.01,189.66,220406,基础化工,shmb,C,2022-04-19,[],0,0,buy,AA-,,7.959,14.781,5.5,buy,2028-03-07,1.825,2.035,3096.08,9403.81,10.36,-11.57,,0,14:58:08,00,Y,N,1,1,Y,转股价下修1次，成功下修1次,2022-09-13 开始转股,计算使用1.9年期 评级为AA- 债参考YTM：2.1192,N,2.04,全价：146.654 最后更新：14:58:08,,,,1,[],0,0,N,,,buy,buy
2026-05-11 10:46:51,123257,安克转债,akzz,167.0,1.26,300866,安克创新,akcx,129.1,8.03,6.2,110.58,116.75,0,43.04,210.04,270503,电子,szcy,C,2025-07-04,[],0,0,buy,AA+,,77.406,143.754,2.8,buy,2031-06-16,5.101,11.047,18271.63,135845.47,9.86,-7.56,,0,15:34:18,00,Y,N,0,0,Y,,2025-12-22 开始转股,计算使用5.2年期 评级为AA+ 债参考YTM：1.9036,N,11.048,全价：167.000 最后更新：15:34:18,,,,0,{'M': ''},0,0,N,,,buy,buy
2026-05-11 10:46:51,110099,福能转债,fnzz,148.37,0.45,600483,福能股份,fngf,10.19,0.69,1.01,9.84,103.56,0,43.27,191.64,410110,公用事业,shmb,C,2025-10-30,[],0,0,buy,AA+,,6.888,12.792,13.4,buy,2031-10-13,5.427,38.02,7423.51,37147.77,1.31,-5.38,,0,14:59:47,00,Y,N,0,0,Y,,2026-04-17 开始转股,计算使用5.5年期 评级为AA+ 债参考YTM：1.9492,N,38.02,全价：148.370 最后更新：14:59:47,,,,0,{'M': ''},0,0,N,,,buy,buy
2026-05-11 10:46:51,127054,双箭转债,sjzz,136.073,0.0,002381,双箭股份,sjgf,6.7,-0.45,1.27,7.06,94.9,0,43.38,179.45,220602,基础化工,szmb,C,2022-03-15,[],0,0,buy,AA,,4.942,9.178,23.9,buy,2028-02-11,1.756,5.136,3967.17,4184.97,5.69,-9.77,,0,15:34:45,00,Y,N,0,0,Y,,2022-08-17 开始转股,计算使用1.8年期 评级为AA 债参考YTM：1.6954,N,5.136,全价：136.073 最后更新：15:34:45,,,,1,[],0,0,N,,,buy,buy
2026-05-11 10:46:51,127108,太能转债,tnzz,137.534,0.71,000591,太阳能,tyn,5.32,0.57,0.87,5.55,95.86,0,43.48,181.01,410106,公用事业,szmb,C,2025-04-16,[],0,0,buy,AA+,,3.885,7.215,14.1,buy,2031-03-28,4.882,29.498,7418.45,43880.65,1.83,-3.33,,0,15:34:00,00,Y,N,0,0,Y,,2025-10-09 开始转股,计算使用4.9年期 评级为AA+ 债参考YTM：1.8798,N,29.5,全价：137.534 最后更新：15:34:00,,,,0,{'M': ''},0,0,N,,,buy,buy
2026-05-11 10:46:51,123173,恒锋转债,hfzz,140.2,0.12,300605,恒锋信息,hfxx,13.43,-1.54,4.83,13.77,97.53,0,43.75,183.95,710401,计算机,szcy,C,2023-02-08,[],0,0,buy,A-,,9.639,17.901,13.7,buy,2028-12-30,2.641,2.331,3434.8,7359.1,10.54,-6.04,,0,15:34:00,00,Y,N,0,0,Y,,2023-07-06 开始转股,计算使用2.7年期 评级为A- 债参考YTM：9.3957,N,2.424,全价：140.200 最后更新：15:34:00,,,,0,[],0,0,N,,,buy,buy
2026-05-11 10:46:51,110084,贵燃转债,grzz,130.006,0.38,600903,贵州燃气,gzrq,6.42,0.0,2.29,7.11,90.3,0,43.98,173.99,410301,公用事业,shmb,C,2022-01-18,[],0,0,buy,AA,,4.977,9.243,12.4,buy,2027-12-27,1.63,9.151,4666.87,6497.33,3.92,-8.92,,0,14:59:45,00,Y,N,1,1,Y,转股价下修1次，成功下修1次,2022-07-01 开始转股,计算使用1.7年期 评级为AA 债参考YTM：1.6802,N,10.0,全价：130.006 最后更新：14:59:45,,,,1,{'M': ''},0,0,N,,,buy,buy
2026-05-11 10:46:51,118036,力合转债,lhzz,146.998,0.96,688589,力合微,lhw,24.4,1.67,3.4,23.93,101.96,0,44.17,191.17,270104,电子,shkc,C,2023-07-20,[],0,0,buy,AA-,,16.751,31.109,10.7,buy,2029-06-28,3.134,3.8,4617.87,12017.6,8.28,-6.57,,0,14:59:36,00,Y,N,1,1,Y,转股价下修1次，成功下修1次,2024-01-04 开始转股,计算使用3.2年期 评级为AA- 债参考YTM：2.4874,N,3.8,全价：146.998 最后更新：14:59:36,,,,0,{'M': ''},0,0,N,,,buy,buy
2026-05-11 10:46:51,123172,漱玉转债,syzz,137.395,1.78,301017,漱玉平民,sypm,14.22,5.41,2.69,14.95,95.12,0,44.45,181.85,370403,医药生物,szcy,C,2023-01-06,[],0,0,buy,AA-,,10.465,19.435,21.6,buy,2028-12-15,2.6,7.96,9898.13,19349.7,9.09,-6.25,,0,15:34:03,00,Y,N,1,1,Y,转股价下修1次，成功下修1次,2023-06-21 开始转股,计算使用2.6年期 评级为AA- 债参考YTM：2.3199,N,8.0,全价：137.395 最后更新：15:34:03,,,,0,{'M': ''},0,0,N,,,buy,buy
2026-05-11 10:46:51,123194,百洋转债,byzz,139.2,-0.71,301015,百洋医药,byyy,24.35,-1.62,4.94,25.36,96.02,0,44.97,184.17,370402,医药生物,szcy,C,2023-05-05,[],0,0,buy,AA-,,17.752,32.968,6.6,buy,2029-04-14,2.929,8.459,5847.82,22380.58,4.96,-5.98,,0,15:34:06,00,Y,N,0,0,Y,,2023-10-20 开始转股,计算使用3.0年期 评级为AA- 债参考YTM：2.4371,N,8.6,全价：139.200 最后更新：15:34:06,,,,0,{'M': ''},0,0,N,,,buy,buy
2026-05-11 10:46:51,118035,国力转债,glzz,148.998,2.8,688103,国力电子,gldz,64.19,7.0,5.32,62.54,102.64,0,45.17,194.17,270401,电子,shkc,C,2023-07-06,[],0,0,buy,A+,,43.778,81.302,7.8,buy,2029-06-12,3.09,4.8,17479.27,27957.13,24.55,-7.08,,0,14:59:35,00,Y,N,0,0,Y,,2023-12-18 开始转股,计算使用3.1年期 评级为A+ 债参考YTM：4.8151,N,4.8,全价：148.998 最后更新：14:59:35,,,,0,{'M': ''},0,0,N,,,buy,buy
2026-05-11 10:46:51,113694,清源转债,qyzz,144.385,0.42,603628,清源股份,qygf,12.69,-1.17,2.61,12.86,98.68,0,46.32,190.71,630504,电力设备,shmb,C,2025-04-25,[],0,0,buy,A+,,9.002,16.718,14.5,buy,2031-04-08,4.912,5.0,4320.83,10512.6,5.99,-3.97,,0,14:59:36,00,Y,N,0,0,Y,,2025-10-14 开始转股,计算使用5.0年期 评级为A+ 债参考YTM：5.1455,N,5.0,全价：144.385 最后更新：14:59:36,,,,0,{'M': ''},0,0,N,,,buy,buy
2026-05-11 10:46:51,113655,欧22转债,o22zz,134.854,1.33,603833,欧派家居,opjj,48.5,2.86,1.56,52.77,91.91,0,46.73,181.58,360308,轻工制造,shmb,C,2022-09-01,[],0,0,buy,AA,,36.939,68.601,6.8,buy,2028-08-05,2.238,19.999,9301.01,22154.31,3.45,-6.88,,0,14:59:51,00,Y,N,1,1,Y,转股价下修1次，成功下修1次,2023-02-13 开始转股,计算使用2.3年期 评级为AA 债参考YTM：1.7702,N,20.0,全价：134.854 最后更新：14:59:51,,,,0,{'M': ''},0,0,N,,,buy,buy
2026-05-11 10:46:51,113067,燃23转债,r23zz,134.267,0.09,601139,深圳燃气,szrq,6.77,0.15,1.16,7.4,91.49,0,46.76,181.03,410301,公用事业,shmb,C,2023-08-18,[],0,0,buy,AAA,,5.18,9.62,15.4,buy,2029-07-27,3.214,29.999,3327.44,14962.66,0.82,-5.91,,0,14:59:00,00,Y,N,0,0,Y,,2024-02-02 开始转股,计算使用3.3年期 评级为AAA 债参考YTM：1.7496,N,30.0,全价：134.267 最后更新：14:59:00,,,,0,{'M': ''},0,0,N,,,buy,buy
2026-05-11 10:46:51,113698,凯众转债,kzzz,163.66,-0.44,603037,凯众股份,kzgf,14.2,-3.27,3.69,12.74,111.46,0,46.83,210.49,280203,汽车,shmb,C,2025-09-10,[],0,0,buy,AA-,,8.918,16.562,8.1,buy,2031-08-15,5.266,3.079,7095.54,12753.14,14.05,-6.77,,0,14:59:53,00,Y,N,0,0,Y,,2026-02-24 开始转股,计算使用5.3年期 评级为AA- 债参考YTM：2.9580,N,3.08,全价：163.660 最后更新：14:59:53,,,,0,[],0,0,N,,,buy,buy
2026-05-11 10:46:51,123269,金杨转债,jyzz,157.3,57.3,301210,金杨精密,jygf,42.55,-0.56,2.59,39.8,106.91,168,47.13,204.43,630701,电力设备,szcy,C,2026-05-11,[],0,0,buy,AA-,,27.86,51.74,53.0,buy,2032-04-19,5.945,9.8,11111.89,21401.42,7.48,-5.37,,0,15:34:21,00,Y,N,0,0,Y,,未到转股期；2026-10-26 开始转股,计算使用6.0年期 评级为AA- 债参考YTM：3.5464,N,9.8,全价：157.300 最后更新：15:34:21,,,,0,{'M': ''},1,0,N,,,buy,buy
2026-05-11 10:46:51,128138,侨银转债,qyzz,132.677,0.42,002973,侨银股份,qygf,13.17,4.61,2.06,14.64,89.96,0,47.49,180.17,760103,环保,szmb,C,2020-12-24,[],0,0,buy,A+,,10.248,19.032,10.0,buy,2026-11-17,0.521,4.199,3324.79,10591.37,5.98,-3.9,,0,15:34:18,00,Y,N,2,2,Y,转股价下修2次，成功下修2次,2021-05-24 开始转股,计算使用0.6年期 评级为A+ 债参考YTM：4.1076,N,4.2,全价：132.677 最后更新：15:34:18,,,,1,[],0,0,N,,,buy,buy
2026-05-11 10:46:51,113037,紫银转债,zyzz,109.635,-0.01,601860,紫金银行,zjyh,2.67,0.0,0.47,3.6,74.17,0,47.82,157.46,480501,银行,shmb,C,2020-08-17,[],0,0,buy,AA+,,,4.68,47.4,buy,2026-07-23,0.2,44.995,10643.72,8354.43,2.16,1.69,,0,14:59:56,00,Y,N,1,1,Y,转股价下修1次，成功下修1次,2021-01-29 开始转股,计算使用0.2年期 评级为AA+ 债参考YTM：1.4608,N,45.0,全价：109.635 最后更新：14:59:56,,,,0,{'M': ''},0,0,N,,,buy,buy
2026-05-11 10:46:51,118037,上声转债,sszz,140.9,0.23,688533,上声电子,ssdz,27.57,-0.11,2.51,28.99,95.1,0,48.16,189.06,280206,汽车,shkc,C,2023-08-01,[],0,0,buy,A+,,20.293,37.687,10.3,buy,2029-07-06,3.156,4.679,2306.77,4615.18,3.5,-6.21,,0,14:59:37,00,Y,N,2,1,Y,转股价下修2次，成功下修1次,2024-01-12 开始转股,计算使用3.2年期 评级为A+ 债参考YTM：4.8394,N,5.2,全价：140.900 最后更新：14:59:37,,,,0,{'M': ''},0,0,N,,,buy,buy
2026-05-11 10:46:51,123133,佩蒂转债,pdzz,135.954,-0.4,300673,佩蒂股份,pdgf,16.11,-1.89,2.12,17.58,91.64,0,48.36,184.31,110404,农林牧渔,szcy,C,2022-01-21,[],0,0,buy,AA-,,12.306,22.854,27.8,buy,2027-12-22,1.616,7.198,5015.08,6155.66,5.12,-8.97,,0,15:34:39,00,Y,N,1,1,Y,转股价下修1次，成功下修1次,2022-06-28 开始转股,计算使用1.7年期 评级为AA- 债参考YTM：2.0667,N,7.2,全价：135.954 最后更新：15:34:39,,,,1,[],0,0,N,,,buy,buy
2026-05-11 10:46:51,118025,奕瑞转债,yrzz,147.917,0.33,688301,奕瑞科技,yrkj,114.53,-1.35,3.74,114.97,99.62,0,48.49,196.41,370502,医药生物,shkc,C,2022-11-18,[],0,0,buy,AA,,80.479,149.461,5.9,buy,2028-10-24,2.458,14.217,6955.83,35894.95,3.31,-10.45,,0,14:59:51,00,Y,N,1,1,Y,转股价下修1次，成功下修1次,2023-04-28 开始转股,计算使用2.5年期 评级为AA 债参考YTM：1.7956,N,14.35,全价：147.917 最后更新：14:59:51,,,,0,{'M': ''},0,0,N,,,buy,buy
2026-05-11 10:46:51,127031,洋丰转债,yfzz,135.502,0.08,000902,新洋丰,xyf,15.59,-0.76,1.58,17.09,91.22,0,48.54,184.04,220805,基础化工,szmb,C,2021-04-23,[],0,0,buy,AA,,11.963,22.217,5.6,buy,2027-03-25,0.871,9.999,3348.0,22886.81,2.47,-19.97,,0,15:34:27,00,Y,N,1,1,Y,转股价下修1次，成功下修1次,2021-10-08 开始转股,计算使用0.9年期 评级为AA 债参考YTM：1.5441,N,10.0,全价：135.502 最后更新：15:34:27,,,,1,{'M': ''},0,0,N,,,buy,buy
2026-05-11 10:46:51,110073,国投转债,gtzz,106.705,-0.01,600061,国投资本,gtzb,6.75,1.05,0.75,9.42,71.66,0,48.91,155.62,490101,非银金融,shmb,C,2020-08-20,[],0,0,buy,AAA,,,12.246,18.5,buy,2026-07-24,0.203,79.991,30021.82,34381.7,3.52,1.38,,0,14:59:58,00,Y,N,0,0,Y,,2021-02-01 开始转股,计算使用0.3年期 评级为AAA 债参考YTM：1.4331,N,80.0,全价：106.705 最后更新：14:59:58,,,,0,{'M': ''},0,0,N,,,buy,buy
2026-05-11 10:46:51,113702,N斯达转,sdzz,157.3,57.3,603290,斯达半导,sdbd,111.15,4.6,3.82,105.3,105.56,164,49.02,206.32,270102,电子,shmb,C,2026-05-11,[],0,0,buy,AA+,,73.71,136.89,5.6,buy,2032-04-15,5.934,15.0,14674.13,136695.15,6.33,-5.69,,0,15:00:00,00,Y,N,0,0,Y,,未到转股期；2026-10-22 开始转股,计算使用6.0年期 评级为AA+ 债参考YTM：2.0364,N,15.0,全价：157.300 最后更新：15:00:00,,,,0,{'M': ''},1,0,N,,,buy,buy
2026-05-11 10:46:51,123065,宝莱转债,blzz,130.19,1.63,300246,宝莱特,blt,20.6,10.1,4.82,23.8,86.56,0,50.41,180.6,370502,医药生物,szcy,C,2020-09-24,[],0,0,buy,AA-,,16.66,30.94,5.0,buy,2026-09-04,0.318,2.18,6504.21,41073.98,23.04,-37.03,,0,15:34:30,00,Y,N,1,1,Y,转股价下修1次，成功下修1次,2021-03-11 开始转股,计算使用0.4年期 评级为AA- 债参考YTM：1.7278,N,2.19,全价：130.190 最后更新：15:34:30,,,,0,[],0,0,N,,,buy,buy
2026-05-11 10:46:51,127072,博实转债,bszz,148.934,1.28,002698,博实股份,bsgf,14.88,-0.67,3.58,15.06,98.81,0,50.74,199.67,640701,机械设备,szmb,C,2022-11-03,[],0,0,buy,AA,,10.542,19.578,3.6,buy,2028-09-22,2.37,4.498,10514.9,40256.43,15.65,-10.41,,0,15:34:51,00,Y,N,0,0,Y,,2023-03-28 开始转股,计算使用2.4年期 评级为AA 债参考YTM：1.7831,N,4.5,全价：148.934 最后更新：15:34:51,,,,0,{'M': ''},0,0,N,,,buy,buy
2026-05-11 10:46:51,127080,声迅转债,sxzz,210.017,-7.48,003004,*ST声迅,sxgf,40.25,5.01,4.7,28.94,139.08,0,51.0,261.02,710102,计算机,szmb,C,2023-02-10,[],0,0,buy,A,,20.258,37.622,10.1,buy,2028-12-30,2.641,2.793,143338.4,11466.98,246.57,-19.66,,0,15:34:51,00,Y,N,0,0,Y,,2023-07-07 开始转股,计算使用2.7年期 评级为A 债参考YTM：7.0457,N,2.8,全价：210.017 最后更新：15:34:51,,,,0,[],0,0,N,,,buy,buy
2026-05-11 10:46:51,110086,精工转债,jgzz,134.687,1.0,600496,精工钢构,jggg,4.27,1.43,0.89,4.79,89.14,0,51.09,185.78,620401,建筑装饰,shmb,C,2022-05-23,[],0,0,buy,AA,,3.353,6.227,23.5,buy,2028-04-22,1.951,19.999,10983.22,22976.27,4.07,-8.35,,0,14:59:19,00,Y,N,0,0,Y,,2022-10-28 开始转股,计算使用2.0年期 评级为AA 债参考YTM：1.7267,N,20.0,全价：134.687 最后更新：14:59:19,,,,1,{'M': ''},0,0,N,,,buy,buy
2026-05-11 10:46:51,113665,汇通转债,htzz,138.884,0.52,603176,汇通集团,htjt,5.76,0.17,2.43,6.29,91.57,0,51.66,190.54,620306,建筑装饰,shmb,C,2023-01-11,[],0,0,buy,AA-,,4.403,8.177,13.5,buy,2028-12-15,2.6,3.596,4438.29,3185.09,8.92,-6.02,,0,14:59:01,00,Y,N,1,1,Y,转股价下修1次，成功下修1次,2023-06-21 开始转股,计算使用2.6年期 评级为AA- 债参考YTM：2.3199,N,3.6,全价：138.884 最后更新：14:59:01,,,,0,[],0,0,N,,,buy,buy
2026-05-11 10:46:51,127046,百润转债,brzz,134.529,-0.11,002568,百润股份,brgf,18.3,-0.87,3.68,20.63,88.71,0,51.66,186.19,340602,食品饮料,szmb,C,2021-11-03,[],0,0,buy,AA,,14.441,26.819,8.1,buy,2027-09-29,1.386,11.274,5590.54,19204.69,3.69,-12.65,,0,15:34:39,00,Y,N,1,1,Y,转股价下修1次，成功下修1次,2022-04-12 开始转股,计算使用1.4年期 评级为AA 债参考YTM：1.6342,N,11.28,全价：134.529 最后更新：15:34:39,,,,0,{'M': ''},0,0,N,,,buy,buy
2026-05-11 10:46:51,118042,奥维转债,awzz,158.58,-1.31,688516,奥特维,atw,87.95,-0.74,7.24,84.42,104.18,0,52.22,210.8,630505,电力设备,shkc,C,2023-09-01,[],0,0,buy,AA-,,59.094,109.746,4.1,buy,2029-08-10,3.252,11.399,15423.47,152658.48,8.45,-8.53,,0,14:59:47,00,Y,N,0,0,Y,,2024-02-19 开始转股,计算使用3.3年期 评级为AA- 债参考YTM：2.5076,N,11.4,全价：158.580 最后更新：14:59:47,,,,0,{'M': ''},0,0,N,,,buy,buy
2026-05-11 10:46:51,127104,姚记转债,yjzz,157.6,-0.27,002605,姚记科技,yjkj,20.76,-1.24,2.19,20.06,103.49,0,52.29,209.89,720401,传媒,szmb,C,2024-02-26,[],0,0,buy,A+,,14.042,26.078,8.3,buy,2030-01-24,3.71,5.823,1525.75,15460.44,1.66,-7.17,,0,15:33:54,00,Y,N,0,0,Y,,2024-07-31 开始转股,计算使用3.8年期 评级为A+ 债参考YTM：4.9440,N,5.831,全价：157.600 最后更新：15:33:54,,,,0,[],0,0,N,,,buy,buy
2026-05-11 10:46:51,123189,晓鸣转债,xmzz,137.585,1.17,300967,晓鸣股份,xmgf,17.44,2.35,4.17,19.34,90.18,0,52.57,190.16,110703,农林牧渔,szcy,C,2023-04-25,[],0,0,buy,A,,13.538,25.142,15.1,buy,2029-04-06,2.907,3.287,4473.47,11409.02,9.91,-5.44,,0,15:34:00,00,Y,N,0,0,Y,,2023-10-12 开始转股,计算使用3.0年期 评级为A 债参考YTM：7.1371,N,3.29,全价：137.585 最后更新：15:34:00,,,,0,{'M': ''},0,0,N,,,buy,buy
2026-05-11 10:46:51,127059,永东转2,ydz2,136.034,0.14,002753,永东股份,ydgf,7.26,-1.63,1.16,8.16,88.97,0,52.9,188.93,220603,基础化工,szmb,C,2022-05-16,[],0,0,buy,AA-,,5.712,10.608,21.5,buy,2028-04-08,1.912,3.791,3256.04,7121.12,6.32,-7.65,,0,15:34:48,00,Y,N,0,0,Y,,2022-10-14 开始转股,计算使用2.0年期 评级为AA- 债参考YTM：2.1467,N,3.8,全价：136.034 最后更新：15:34:48,,,,1,[],0,0,N,,,buy,buy
2026-05-11 10:46:51,123220,易瑞转债,yrzz,139.485,0.31,300942,易瑞生物,yrsw,8.05,2.03,3.65,8.87,90.76,0,53.69,193.18,370504,医药生物,szcy,C,2023-09-06,[],0,0,buy,A+,,6.209,11.531,8.9,buy,2029-08-18,3.274,2.907,3217.76,5935.15,7.95,-4.84,,0,15:34:21,00,Y,N,1,1,Y,转股价下修1次，成功下修1次,2024-02-26 开始转股,计算使用3.3年期 评级为A+ 债参考YTM：4.8606,N,3.28,全价：139.485 最后更新：15:34:21,,,,0,{'M': ''},0,0,N,,,buy,buy
2026-05-11 10:46:51,113674,华设转债,hszz,138.162,0.12,603018,华设集团,hsjt,7.59,0.0,0.95,8.45,89.82,0,53.82,191.98,620601,建筑装饰,shmb,C,2023-08-15,[],0,0,buy,AA,,5.915,10.985,7.7,buy,2029-07-21,3.197,3.999,3103.14,4185.29,5.63,-5.35,,0,14:59:52,00,Y,N,0,0,Y,,2024-01-29 开始转股,计算使用3.2年期 评级为AA 债参考YTM：1.8840,N,4.0,全价：138.162 最后更新：14:59:52,,,,0,{'M': ''},0,0,N,,,buy,buy
2026-05-11 10:46:51,127102,浙建转债,zjzz,132.649,0.86,002761,浙江建投,zjjt,8.8,0.23,1.09,10.22,86.11,0,54.05,186.7,620101,建筑装饰,szmb,C,2024-01-16,[],0,0,buy,AA+,,7.154,13.286,10.5,buy,2029-12-25,3.627,9.951,3975.94,14147.44,3.02,-4.66,,0,15:34:48,00,Y,N,0,0,Y,,2024-07-01 开始转股,计算使用3.7年期 评级为AA+ 债参考YTM：1.8158,N,10.0,全价：132.649 最后更新：15:34:48,,,,0,{'M': ''},0,0,N,,,buy,buy
2026-05-11 10:46:51,123195,蓝晓转02,lxz02,164.249,-0.79,300487,蓝晓科技,lxkj,63.16,-2.21,6.99,59.38,106.37,0,54.42,218.67,220504,基础化工,szcy,C,2023-05-08,[],0,0,buy,A+,,41.566,77.194,2.8,buy,2029-04-17,2.937,5.458,1627.62,28688.96,1.81,-10.48,,0,15:34:06,00,Y,N,0,0,Y,,2023-10-23 开始转股,计算使用3.0年期 评级为A+ 债参考YTM：4.7871,N,5.461,全价：164.249 最后更新：15:34:06,,,,0,{'M': ''},0,0,N,,,buy,buy
2026-05-11 10:46:51,118052,浩瀚转债,hhzz,157.095,1.13,688292,浩瀚深度,hhsd,24.64,2.45,3.87,24.26,101.57,0,54.67,211.77,710103,计算机,shkc,C,2025-04-07,[],0,0,buy,A+,,16.982,31.538,9.1,buy,2031-03-13,4.841,3.539,10270.34,11347.9,18.27,-5.54,,0,14:59:56,00,Y,N,0,0,Y,,2025-09-19 开始转股,计算使用4.9年期 评级为A+ 债参考YTM：5.1290,N,3.54,全价：157.095 最后更新：14:59:56,,,,0,{'M': ''},0,0,N,,,buy,buy
2026-05-11 10:46:51,113692,保隆转债,blzz,138.25,0.19,603197,保隆科技,blkj,35.1,0.52,2.3,39.36,89.18,0,55.03,193.28,280205,汽车,shmb,C,2024-11-27,[],0,0,buy,AA,,27.552,51.168,18.8,buy,2030-10-31,4.477,13.897,3222.44,8494.96,1.68,-4.38,,0,14:59:56,00,Y,N,0,0,Y,,2025-05-06 开始转股,计算使用4.5年期 评级为AA 债参考YTM：2.0603,N,13.9,全价：138.250 最后更新：14:59:56,,,,0,{'M': ''},0,0,N,,,buy,buy
2026-05-11 10:46:51,127050,麒麟转债,qlzz,131.46,-0.29,002984,森麒麟,sql,16.36,-2.44,1.22,19.36,84.5,0,55.57,187.03,280204,汽车,szmb,C,2021-12-06,[],0,0,buy,AA,,13.552,25.168,17.9,buy,2027-11-11,1.504,20.86,4609.04,40528.56,1.68,-10.33,,0,15:34:36,00,Y,N,1,1,Y,转股价下修1次，成功下修1次,2022-05-17 开始转股,计算使用1.6年期 评级为AA 债参考YTM：1.6650,N,21.989,全价：131.460 最后更新：15:34:36,,,,1,{'M': ''},0,0,N,,,buy,buy
2026-05-11 10:46:51,123124,晶瑞转2,jrz2,148.005,1.74,300655,晶瑞电材,jrdc,15.84,3.39,6.36,16.69,94.91,0,55.95,203.96,270601,电子,szcy,C,2021-09-07,[],0,0,buy,A+,,11.683,21.697,3.1,buy,2027-08-16,1.266,5.225,5435.56,81568.52,7.04,-21.81,,1,15:34:48,00,Y,N,0,0,Y,,2022-02-21 开始转股,计算使用1.3年期 评级为A+ 债参考YTM：4.2942,N,5.23,全价：148.005 最后更新：15:34:48,,,,1,{'M': ''},0,0,N,,23年6月前不下修,buy,buy
2026-05-11 10:46:51,113696,伯25转债,b25zz,144.017,0.95,603596,DR伯特利,btl,32.39,-0.18,2.38,35.16,92.12,0,56.33,200.35,280203,汽车,shmb,C,2025-07-28,[],0,0,buy,AA,,24.612,45.708,9.6,buy,2031-07-01,5.143,28.019,17168.23,59468.94,4.27,-4.58,,0,14:59:57,00,Y,N,0,0,Y,,2026-01-07 开始转股,计算使用5.2年期 评级为AA 债参考YTM：2.1434,N,28.02,全价：144.017 最后更新：14:59:57,,,,0,{'M': ''},0,0,N,,,buy,buy
2026-05-11 10:46:51,111024,澳弘转债,ahzz,180.137,0.14,605058,澳弘电子,ahdz,39.02,1.22,3.03,34.04,114.63,37,57.15,237.29,270202,电子,shmb,C,2026-01-16,[],0,0,buy,AA-,,23.828,44.252,10.4,buy,2031-12-10,5.586,5.8,6560.46,17594.35,6.24,-7.7,,0,14:59:59,00,Y,N,0,0,Y,,未到转股期；2026-06-17 开始转股,计算使用5.6年期 评级为AA- 债参考YTM：3.2405,N,5.8,全价：180.137 最后更新：14:59:59,,,,0,[],0,0,N,,,buy,buy
2026-05-11 10:46:51,128119,龙大转债,ldzz,87.85,-0.52,002726,ST龙大,ldms,2.33,-4.9,4.18,4.2,55.48,0,58.36,146.21,340401,食品饮料,szmb,C,2020-08-07,[],0,0,buy,BB-,,2.94,5.46,37.6,buy,2026-07-13,0.173,9.459,5132.29,359.1,6.16,179.06,,0,15:34:03,00,Y,N,2,1,Y,转股价下修2次，成功下修1次,2021-01-18 开始转股,,Y,9.5,全价：87.850 最后更新：15:34:03,,,"按下调到底估算
股东大会：2026-05-22
预估转股价：3.32
预估转股价值：70.18
期权价值：0.02
理论价值：109.53
理论偏离度：-24.68%",1,[],0,0,N,,,buy,buy
2026-05-11 10:46:51,118064,联瑞转债,lrzz,240.796,2.13,688300,联瑞新材,lrxc,96.09,1.91,12.68,63.55,151.2,64,59.25,300.05,220901,基础化工,shkc,C,2026-01-28,[],0,0,buy,AA,,44.485,82.615,3.0,buy,2032-01-07,5.663,6.95,26293.39,66062.38,15.65,-12.55,,0,14:59:59,00,Y,N,0,0,Y,,未到转股期；2026-07-14 开始转股,计算使用5.7年期 评级为AA 债参考YTM：2.2381,N,6.95,全价：240.796 最后更新：14:59:59,,,,0,{'M': ''},0,0,N,,,buy,buy
2026-05-11 10:46:51,111021,奥锐转债,arzz,144.837,-1.3,605116,奥锐特,art,22.62,-1.09,3.38,24.94,90.7,0,59.69,204.53,370101,医药生物,shmb,C,2024-08-15,[],0,0,buy,AA-,,17.458,32.422,8.8,buy,2030-07-26,4.211,8.121,5096.19,9618.04,4.32,-4.5,,0,14:59:47,00,Y,N,0,0,Y,,2025-02-05 开始转股,计算使用4.3年期 评级为AA- 债参考YTM：2.6726,N,8.121,全价：144.837 最后更新：14:59:47,,,,0,[],0,0,N,,,buy,buy
2026-05-11 10:46:51,118061,茂莱转债,mlzz,236.649,-0.57,688502,茂莱光学,mlgx,539.82,-0.01,22.66,364.43,148.13,16,59.76,296.41,270303,电子,shkc,C,2025-12-10,[],0,0,buy,A+,,255.101,473.759,2.0,buy,2031-11-20,5.532,5.625,49363.85,145381.73,36.57,-11.98,,0,14:59:58,00,Y,N,0,0,Y,,未到转股期；2026-05-27 开始转股,计算使用5.6年期 评级为A+ 债参考YTM：5.5896,N,5.625,全价：236.649 最后更新：14:59:58,,,,0,{'M': ''},0,0,N,,,buy,buy
2026-05-11 10:46:51,118053,正帆转债,zfzz,146.724,-0.6,688596,正帆科技,zfkj,35.3,5.88,2.77,38.45,91.81,0,59.82,206.54,640209,机械设备,shkc,C,2025-04-03,[],0,0,buy,AA,,26.915,49.985,10.0,buy,2031-03-18,4.855,10.41,11476.06,56108.59,7.47,-4.82,,0,14:59:15,00,Y,N,0,0,Y,,2025-09-24 开始转股,计算使用4.9年期 评级为AA 债参考YTM：2.1040,N,10.41,全价：146.724 最后更新：14:59:15,,,,0,{'M': ''},0,0,N,,,buy,buy
2026-05-11 10:46:51,123223,九典转02,jdz02,140.698,0.68,300705,九典制药,jdzy,13.14,1.7,2.44,14.95,87.89,0,60.08,200.78,370102,医药生物,szcy,C,2023-10-13,[],0,0,buy,A+,,10.465,19.435,4.2,buy,2029-09-15,3.351,2.053,872.51,10260.75,3.03,-5.22,,0,15:34:24,00,Y,N,0,0,Y,,2024-03-21 开始转股,计算使用3.4年期 评级为A+ 债参考YTM：4.8795,N,3.6,全价：140.698 最后更新：15:34:24,,,,0,[],0,0,N,,,buy,buy
2026-05-11 10:46:51,123214,东宝转债,dbzz,135.805,0.3,300239,东宝生物,dbsw,5.61,0.36,1.91,6.63,84.62,0,60.5,196.31,370304,医药生物,szcy,C,2023-08-18,[],0,0,buy,A+,,4.641,8.619,13.7,buy,2029-07-31,3.225,4.549,2089.22,4816.89,3.38,-4.48,,0,15:33:54,00,Y,N,0,0,Y,,2024-02-05 开始转股,计算使用3.3年期 评级为A+ 债参考YTM：4.8606,N,4.55,全价：135.805 最后更新：15:33:54,,,,0,[],0,0,N,,,buy,buy
2026-05-11 10:46:51,127113,长高转债,cgzz,165.23,0.02,002452,长高电新,cgdx,11.3,-1.14,2.5,11.01,102.63,126,60.99,226.22,630801,电力设备,szmb,C,2026-03-30,[],0,0,buy,AA-,,7.707,14.313,13.0,buy,2032-03-08,5.83,7.586,6726.28,42696.8,5.35,-6.28,,0,15:34:03,00,Y,N,0,0,Y,,未到转股期；2026-09-14 开始转股,计算使用5.9年期 评级为AA- 债参考YTM：3.4941,N,7.59,全价：165.230 最后更新：15:34:03,,,,0,{'M': ''},0,0,N,,,buy,buy
2026-05-11 10:46:51,118062,天准转债,tzzz,223.407,-1.43,688003,天准科技,tzkj,77.32,-0.72,7.48,55.73,138.74,38,61.03,284.44,640704,机械设备,shkc,C,2025-12-31,[],0,0,buy,AA-,,39.011,66.876,5.8,buy,2031-12-11,5.589,8.72,25863.4,32391.4,13.07,-11.22,,0,15:00:00,00,Y,N,0,0,Y,,未到转股期；2026-06-18 开始转股,计算使用5.6年期 评级为AA- 债参考YTM：3.2405,N,8.72,全价：223.407 最后更新：15:00:00,,,,0,{'M': ''},0,0,N,120%,,buy,buy
2026-05-11 10:46:51,110100,龙建转债,ljzz,140.248,0.42,600853,龙建股份,ljgf,4.01,-0.99,0.98,4.63,86.61,78,61.93,202.18,620306,建筑装饰,shmb,C,2026-02-12,[],0,0,buy,AA,,3.241,6.019,24.6,buy,2032-01-21,5.701,10.0,3282.98,4980.46,2.34,-3.68,,0,14:59:48,00,Y,N,0,0,Y,,未到转股期；2026-07-28 开始转股,计算使用5.8年期 评级为AA 债参考YTM：2.2582,N,10.0,全价：140.248 最后更新：14:59:48,,,,0,[],0,0,N,,,buy,buy
2026-05-11 10:46:51,123261,普联转债,plzz,161.658,-0.82,300996,普联软件,plrj,12.93,-1.3,3.87,12.97,99.69,31,62.16,223.82,710401,计算机,szcy,C,2025-12-22,[],0,0,buy,A+,,9.079,16.861,5.6,buy,2031-12-05,5.573,2.429,2603.34,15640.72,6.62,-5.44,,0,15:34:30,00,Y,N,0,0,Y,,未到转股期；2026-06-11 开始转股,计算使用5.6年期 评级为A+ 债参考YTM：5.5896,N,2.43,全价：161.658 最后更新：15:34:30,,,,0,{'M': ''},0,0,N,,,buy,buy
2026-05-11 10:46:51,123144,裕兴转债,yxzz,130.179,0.6,300305,裕兴股份,yxgf,6.8,0.89,1.27,8.5,80.0,0,62.72,192.9,220505,基础化工,szcy,C,2022-04-27,[],0,0,buy,A+,,5.95,11.05,27.4,buy,2028-04-11,1.921,5.997,2023.65,4891.22,2.6,-5.46,,0,15:33:54,00,Y,N,1,1,Y,转股价下修1次，成功下修1次,2022-10-17 开始转股,计算使用2.0年期 评级为A+ 债参考YTM：4.4867,N,6.0,全价：130.179 最后更新：15:33:54,,,,1,[],0,0,N,,,buy,buy
2026-05-11 10:46:51,113643,风语转债,fyzz,139.095,0.22,603466,风语筑,fyz,10.07,-0.59,2.83,11.82,85.2,0,63.27,202.37,720706,传媒,shmb,C,2022-04-22,[],0,0,buy,AA-,,8.274,15.366,8.3,buy,2028-03-25,1.874,4.994,2741.87,27448.66,3.95,-8.9,,0,14:59:59,00,Y,N,1,1,Y,转股价下修1次，成功下修1次,2022-10-10 开始转股,计算使用1.9年期 评级为AA- 债参考YTM：2.1192,N,5.0,全价：139.095 最后更新：14:59:59,,,,1,{'M': ''},0,0,N,,,buy,buy
2026-05-11 10:46:51,127038,国微转债,gwzz,138.85,1.45,002049,紫光国微,zggw,81.94,5.92,4.94,97.3,84.21,0,64.88,203.73,270104,电子,szmb,C,2021-07-14,[],0,0,buy,AA+,,68.11,126.49,2.1,buy,2027-06-10,1.082,14.915,14852.81,481644.76,7.14,-18.41,,0,15:34:39,00,Y,N,0,0,Y,,2021-12-17 开始转股,计算使用1.1年期 评级为AA+ 债参考YTM：1.5641,N,15.0,全价：138.850 最后更新：15:34:39,,,,0,{'M': ''},0,0,N,,,buy,buy
2026-05-11 10:46:51,123229,艾录转债,alzz,139.333,1.38,301062,上海艾录,shal,8.41,7.0,2.67,10.0,84.1,0,65.68,205.01,360205,轻工制造,szcy,C,2023-11-20,[],0,0,buy,A+,,7.0,13.0,6.8,buy,2029-10-23,3.455,1.779,2330.84,16004.74,9.45,-4.25,,0,15:34:00,00,Y,N,0,0,Y,,2024-04-29 开始转股,计算使用3.5年期 评级为A+ 债参考YTM：4.8966,N,5.0,全价：139.333 最后更新：15:34:00,,,,0,{'M': ''},0,0,N,,,buy,buy
2026-05-11 10:46:51,123192,科思转债,kszz,136.711,0.99,300856,科思股份,ksgf,14.33,1.2,2.42,17.39,82.4,0,65.9,202.61,770201,美容护理,szcy,C,2023-05-11,[],0,0,buy,AA-,,12.173,22.607,10.9,buy,2029-04-13,2.926,7.187,2600.5,9248.53,2.66,-4.84,,0,15:34:03,00,Y,N,0,0,Y,,2023-10-19 开始转股,计算使用3.0年期 评级为AA- 债参考YTM：2.4371,N,7.249,全价：136.711 最后更新：15:34:03,,,,0,{'M': ''},0,0,N,,,buy,buy
2026-05-11 10:46:51,113699,金25转债,j25zz,170.408,-1.64,603979,金诚信,jcx,65.0,-2.5,3.49,63.46,102.43,0,66.37,236.78,240302,有色金属,shmb,C,2025-10-27,[],0,0,buy,AA,,44.422,82.498,4.9,buy,2031-09-26,5.381,19.999,10804.75,69879.72,3.14,-7.05,,0,14:59:58,00,Y,N,0,0,Y,,2026-04-10 开始转股,计算使用5.4年期 评级为AA 债参考YTM：2.1786,N,20.0,全价：170.408 最后更新：14:59:58,,,,0,{'M': ''},0,0,N,,,buy,buy
2026-05-11 10:46:51,127112,尚太转债,stzz,158.208,-1.57,001301,尚太科技,stkj,80.32,-2.35,2.91,84.71,94.82,72,66.86,225.07,630702,电力设备,szmb,C,2026-02-05,[],0,0,buy,AA+,,59.297,110.123,11.6,buy,2032-01-15,5.685,17.34,11642.18,48869.6,4.24,-6.05,,0,15:34:00,00,Y,N,0,0,Y,,未到转股期；2026-07-22 开始转股,计算使用5.7年期 评级为AA+ 债参考YTM：1.9852,N,17.34,全价：158.208 最后更新：15:34:00,,,,0,[],0,0,N,,,buy,buy
2026-05-11 10:46:51,118020,芳源转债,fyzz,128.533,-0.05,688148,芳源股份,fygf,10.78,0.09,10.03,14.0,77.0,0,66.93,195.46,630702,电力设备,shkc,C,2022-11-07,[],0,0,buy,BBB,,9.8,18.2,11.7,buy,2028-09-23,2.373,6.417,3194.67,37539.62,3.87,-0.86,,0,14:59:21,00,Y,N,1,1,Y,转股价下修1次，成功下修1次,2023-03-29 开始转股,计算使用2.4年期 评级为BBB 债参考YTM：15.5658,N,6.42,全价：128.533 最后更新：14:59:21,,,,0,{'M': ''},0,0,N,,,buy,buy
2026-05-11 10:46:51,127111,金威转债,jwzz,137.935,0.32,002626,金达威,jdw,16.11,0.06,2.19,19.59,82.24,0,67.73,205.67,340407,食品饮料,szmb,C,2025-09-08,[],0,0,buy,AA,,13.713,25.467,13.2,buy,2031-08-20,5.28,12.924,4090.76,11153.89,2.3,-3.67,,0,15:34:03,00,Y,N,0,0,Y,,2026-02-26 开始转股,计算使用5.3年期 评级为AA 债参考YTM：2.1603,N,12.924,全价：137.935 最后更新：15:34:03,,,,0,{'M': ''},0,0,N,,,buy,buy
2026-05-11 10:46:51,123168,惠云转债,hyzz,136.227,0.85,300891,惠云钛业,hyty,8.72,-0.11,2.74,10.74,81.19,0,67.78,204.01,220206,基础化工,szcy,C,2022-12-14,[],0,0,buy,AA-,,7.518,13.962,16.8,buy,2028-11-23,2.54,4.899,3665.44,7186.9,5.5,-5.37,,0,15:33:57,00,Y,N,0,0,Y,,2023-05-29 开始转股,计算使用2.6年期 评级为AA- 债参考YTM：2.3199,N,4.9,全价：136.227 最后更新：15:33:57,,,,0,{'M': ''},0,0,N,,,buy,buy
2026-05-11 10:46:51,123268,本川转债,bczz,163.101,-0.58,300964,本川智能,bczn,73.65,1.03,5.51,75.88,97.06,165,68.04,231.14,270202,电子,szcy,C,2026-05-07,[],0,0,buy,AA-,,53.116,98.644,11.4,buy,2032-04-16,5.937,4.69,34510.83,27204.7,44.8,-5.27,,0,15:34:30,00,Y,N,0,0,Y,,未到转股期；2026-10-23 开始转股,计算使用6.0年期 评级为AA- 债参考YTM：3.5464,N,4.69,全价：163.101 最后更新：15:34:30,,,,0,{'M': ''},0,0,N,,,buy,buy
2026-05-11 10:46:51,118059,颀中转债,qzzz,169.578,3.52,688352,颀中科技,qzkj,13.82,5.42,2.82,13.75,100.51,0,68.72,238.3,270107,电子,shkc,C,2025-11-21,[],0,0,buy,AA+,,9.625,17.875,16.8,buy,2031-11-03,5.485,8.499,26505.0,36945.18,18.25,-7.3,,0,15:00:00,00,Y,N,0,0,Y,,2026-05-07 开始转股,计算使用5.5年期 评级为AA+ 债参考YTM：1.9492,N,8.5,全价：169.578 最后更新：15:00:00,,,,0,{'M': ''},0,0,N,,,buy,buy
2026-05-11 10:46:51,118065,艾为转债,awzz,154.415,0.72,688798,艾为电子,awdz,72.73,2.45,3.93,79.83,91.11,78,69.49,223.91,270105,电子,shkc,C,2026-02-26,[],0,0,buy,AA+,,55.881,103.779,19.3,buy,2032-01-22,5.704,19.01,11138.87,33010.5,3.8,-5.47,,0,14:59:54,00,Y,N,0,0,Y,,未到转股期；2026-07-28 开始转股,计算使用5.8年期 评级为AA+ 债参考YTM：2.0032,N,19.01,全价：154.415 最后更新：14:59:54,,,,0,{'M': ''},0,0,N,,,buy,buy
2026-05-11 10:46:51,123263,鼎捷转债,djzz,169.526,0.9,300378,鼎捷数智,djsz,43.53,0.3,5.02,43.54,99.98,39,69.56,239.09,710402,计算机,szcy,C,2025-12-31,[],0,0,buy,AA,,,56.602,7.1,buy,2031-12-15,5.6,8.277,14195.67,70137.28,10.15,-6.98,,0,15:34:12,00,Y,N,0,0,Y,,未到转股期；2026-06-19 开始转股,计算使用5.6年期 评级为AA 债参考YTM：2.2179,N,8.28,全价：169.526 最后更新：15:34:12,,,,0,{'M': ''},0,0,N,,,buy,buy
2026-05-11 10:46:51,113648,巨星转债,jxzz,130.49,0.83,603477,巨星农牧,jxnm,19.12,2.47,3.63,24.86,76.91,0,69.66,200.15,110702,农林牧渔,shmb,C,2022-05-17,[],0,0,buy,AA-,,17.402,32.318,9.2,buy,2028-04-25,1.959,8.997,5472.45,52891.08,4.66,-7.48,,0,14:59:10,00,Y,N,0,0,Y,,2022-10-31 开始转股,计算使用2.0年期 评级为AA- 债参考YTM：2.1467,N,10.0,全价：130.490 最后更新：14:59:10,,,,1,{'M': ''},0,0,N,,,buy,buy
2026-05-11 10:46:51,113656,嘉诚转债,jczz,130.299,-0.19,603535,嘉诚国际,jcgj,7.89,-3.9,1.56,10.35,76.23,0,70.92,201.22,420805,交通运输,shmb,C,2022-10-12,[],0,0,buy,AA-,,7.245,13.455,19.8,buy,2028-09-01,2.312,7.998,5451.16,9489.61,5.22,-4.1,,0,14:59:30,00,Y,N,0,0,Y,,2023-03-07 开始转股,计算使用2.4年期 评级为AA- 债参考YTM：2.2614,N,8.0,全价：130.299 最后更新：14:59:30,,,,0,[],0,0,N,,,buy,buy
2026-05-11 10:46:51,127093,章鼓转债,zgzz,137.282,0.08,002598,ST章鼓,sdzg,8.1,-0.49,1.92,10.15,79.8,0,72.03,209.31,640106,机械设备,szmb,C,2023-11-03,[],0,0,buy,A,,7.105,13.195,10.4,buy,2029-10-17,3.438,2.425,1123.48,4680.02,3.38,-4.37,,0,15:33:54,00,Y,N,1,0,Y,转股价下修1次，成功下修0次,2024-04-23 开始转股,计算使用3.5年期 评级为A 债参考YTM：7.2466,Y,2.43,全价：137.282 最后更新：15:33:54,,,"按下调到底估算
股东大会：2026-05-20
预估转股价：8.12
预估转股价值：99.75
期权价值：30.22
理论价值：123.59
理论偏离度：9.97%",0,[],0,0,N,,,buy,buy
2026-05-11 10:46:51,123165,回天转债,htzz,134.703,0.64,300041,回天新材,htxc,11.84,1.46,2.1,15.2,77.9,0,72.93,207.63,220316,基础化工,szcy,C,2022-11-15,[],0,0,buy,AA-,,10.64,19.76,13.2,buy,2028-10-27,2.466,8.497,2499.31,22020.26,2.19,-5.15,,0,15:34:51,00,Y,N,0,0,Y,,2023-05-04 开始转股,计算使用2.5年期 评级为AA- 债参考YTM：2.2906,N,8.5,全价：134.703 最后更新：15:34:51,,,,0,{'M': ''},0,0,N,,,buy,buy
2026-05-11 10:46:51,127083,山路转债,slzz,125.962,-0.14,000498,山东路桥,sdlq,5.54,-0.54,0.32,7.61,72.8,0,73.03,198.99,620306,建筑装饰,szmb,C,2023-04-26,[],0,0,buy,AAA,,5.327,9.893,60.2,buy,2029-03-24,2.871,48.359,3446.69,5403.9,0.57,-4.28,,0,15:33:54,00,Y,N,0,0,Y,,2023-10-09 开始转股,计算使用2.9年期 评级为AAA 债参考YTM：1.7198,N,48.36,全价：125.962 最后更新：15:33:54,,,,0,{'M': ''},0,0,N,,,buy,buy
2026-05-11 10:46:51,118067,上26转债,s26zz,146.506,-0.18,688533,上声电子,ssdz,27.57,-0.11,2.51,32.6,84.57,136,73.24,219.75,280206,汽车,shkc,C,2026-04-14,[],0,0,buy,A+,,22.82,42.38,7.1,buy,2032-03-17,5.855,3.25,1428.4,4615.18,3.0,-3.69,,0,14:59:59,00,Y,N,0,0,Y,,未到转股期；2026-09-24 开始转股,计算使用5.9年期 评级为A+ 债参考YTM：5.8440,N,3.25,全价：146.506 最后更新：14:59:59,,,,0,{'M': ''},0,0,N,,,buy,buy
2026-05-11 10:46:51,113693,志邦转债,zbzz,132.332,1.02,603801,志邦家居,zbjj,8.77,1.98,1.19,11.52,76.13,0,73.83,206.16,360308,轻工制造,shmb,C,2025-04-08,[],0,0,buy,AA,,8.064,14.976,17.6,buy,2031-03-18,4.855,6.7,4591.31,3996.17,5.19,-3.02,,0,14:59:57,00,Y,N,0,0,Y,,2025-09-24 开始转股,计算使用4.9年期 评级为AA 债参考YTM：2.1040,N,6.7,全价：132.332 最后更新：14:59:57,,,,0,[],0,0,N,,,buy,buy
2026-05-11 10:46:51,123262,神宇转债,syzz,151.831,1.5,300563,神宇股份,sygf,33.81,0.0,5.19,38.82,87.09,37,74.33,226.16,730205,通信,szcy,C,2025-12-30,[],0,0,buy,AA-,,27.174,50.466,11.3,buy,2031-12-10,5.586,5.0,3640.73,15553.92,4.82,-5.1,,0,15:34:24,00,Y,N,0,0,Y,,未到转股期；2026-06-17 开始转股,计算使用5.6年期 评级为AA- 债参考YTM：3.2405,N,5.0,全价：151.831 最后更新：15:34:24,,,,0,{'M': ''},0,0,N,,,buy,buy
2026-05-11 10:46:51,123196,正元转02,zyz02,135.108,0.06,300645,正元智慧,zyzh,16.95,-0.88,2.17,21.93,77.29,0,74.8,209.91,710103,计算机,szcy,C,2023-05-19,[],0,0,buy,A+,,15.351,28.509,14.8,buy,2029-04-18,2.94,3.501,2236.7,7945.4,4.73,-4.48,,0,15:34:09,00,Y,N,2,1,Y,转股价下修2次，成功下修1次,2023-10-24 开始转股,计算使用3.0年期 评级为A+ 债参考YTM：4.7871,N,3.507,全价：135.108 最后更新：15:34:09,,,,0,[],0,0,N,,,buy,buy
2026-05-11 10:46:51,111009,盛泰转债,stzz,133.996,1.47,605138,盛泰集团,stjt,8.08,2.41,1.74,10.56,76.52,0,75.12,209.12,350209,纺织服饰,shmb,C,2022-12-01,[],0,0,buy,AA,,7.392,13.728,15.6,buy,2028-11-07,2.496,7.011,7527.72,8110.82,8.05,-6.61,,0,14:59:23,00,Y,N,0,0,Y,,2023-05-11 开始转股,计算使用2.5年期 评级为AA 债参考YTM：1.7956,N,7.012,全价：133.996 最后更新：14:59:23,,,,0,[],0,0,N,,,buy,buy
2026-05-11 10:46:51,113610,灵康转债,lkzz,126.404,0.53,603669,灵康药业,lkyy,4.68,3.31,5.35,6.5,72.0,0,75.56,201.96,370102,医药生物,shmb,C,2020-12-22,[],0,0,buy,A-,,4.55,8.45,7.6,buy,2026-12-01,0.559,2.53,1398.82,9155.06,4.38,-16.22,,0,14:59:50,00,Y,N,2,2,Y,转股价下修2次，成功下修2次,2021-06-07 开始转股,计算使用0.6年期 评级为A- 债参考YTM：8.8076,N,5.25,全价：126.404 最后更新：14:59:50,,,,1,[],0,0,N,,,buy,buy
2026-05-11 10:46:51,118063,金05转债,j05zz,175.797,-3.03,688676,金盘科技,jpkj,88.68,-2.77,7.61,88.6,100.09,51,75.64,251.44,630801,电力设备,shkc,C,2026-01-14,[],0,0,buy,AA+,,62.02,115.18,4.1,buy,2031-12-24,5.625,16.71,15059.6,174332.87,5.03,-7.85,,0,15:00:00,00,Y,N,0,0,Y,,未到转股期；2026-07-01 开始转股,计算使用5.7年期 评级为AA+ 债参考YTM：1.9852,N,16.71,全价：175.797 最后更新：15:00:00,,,,0,{'M': ''},0,0,N,,,buy,buy
2026-05-11 10:46:51,113652,伟22转债,w22zz,135.737,0.6,603568,伟明环保,wmhb,21.03,-1.17,2.33,27.27,77.12,0,76.01,211.75,760103,环保,shmb,C,2022-08-12,[],0,0,buy,AA,,19.089,35.451,4.1,buy,2028-07-22,2.2,14.766,5353.98,12044.77,2.67,-8.03,,0,14:59:28,00,Y,N,1,1,Y,转股价下修1次，成功下修1次,2023-01-30 开始转股,计算使用2.2年期 评级为AA 债参考YTM：1.7566,N,14.77,全价：135.737 最后更新：14:59:28,,,,0,{'M': ''},0,0,N,,,buy,buy
2026-05-11 10:46:51,127069,小熊转债,xxzz,136.749,0.0,002959,小熊电器,xxdq,40.56,-0.88,2.02,52.21,77.69,0,76.03,212.78,330301,家用电器,szmb,C,2022-09-07,[],0,0,buy,AA-,,36.547,67.873,8.3,buy,2028-08-12,2.258,5.041,2194.17,7853.31,3.19,-6.06,,0,15:34:51,00,Y,N,1,0,Y,转股价下修1次，成功下修0次,2023-02-20 开始转股,计算使用2.3年期 评级为AA- 债参考YTM：2.2323,N,5.36,全价：136.749 最后更新：15:34:51,,,,0,{'M': ''},0,0,N,,,buy,buy
2026-05-11 10:46:51,113679,芯能转债,xnzz,136.441,0.47,603105,芯能科技,xnkj,9.88,-1.69,2.17,12.75,77.49,0,76.08,212.52,410106,公用事业,shmb,C,2023-11-24,[],0,0,buy,AA-,,8.925,16.575,17.8,buy,2029-10-26,3.463,8.798,2117.09,23390.73,1.76,-3.83,,0,14:59:20,00,Y,N,0,0,Y,,2024-05-06 开始转股,计算使用3.5年期 评级为AA- 债参考YTM：2.5416,N,8.8,全价：136.441 最后更新：14:59:20,,,,0,{'M': ''},0,0,N,,,buy,buy
2026-05-11 10:46:51,123138,丝路转债,slzz,138.754,0.33,300556,丝路视觉,slsj,20.9,0.63,5.98,26.53,78.78,0,76.13,214.88,710401,计算机,szcy,C,2022-03-22,[],0,0,buy,A,,18.571,34.489,10.6,buy,2028-03-02,1.811,2.393,1264.88,12904.05,3.82,-8.88,,0,15:34:42,00,Y,N,0,0,Y,,2022-09-08 开始转股,计算使用1.9年期 评级为A 债参考YTM：6.8089,N,2.4,全价：138.754 最后更新：15:34:42,,,,1,[],0,0,N,,,buy,buy
2026-05-11 10:46:51,123193,海能转债,hnzz,133.847,0.07,300787,海能实业,hnsy,11.17,0.09,2.06,14.7,75.99,0,76.15,210.0,270504,电子,szcy,C,2023-05-09,[],0,0,buy,AA-,,10.29,19.11,27.3,buy,2029-04-13,2.926,5.997,2704.7,5413.47,3.37,-4.13,,0,15:34:06,00,Y,N,0,0,Y,,2023-10-19 开始转股,计算使用3.0年期 评级为AA- 债参考YTM：2.4371,N,6.0,全价：133.847 最后更新：15:34:06,,,,0,[],0,0,N,,,buy,buy
2026-05-11 10:46:51,113589,天创转债,tczz,204.584,-0.83,603608,天创时尚,tcss,14.22,3.95,5.4,12.29,115.7,0,76.82,281.4,350205,纺织服饰,shmb,C,2020-07-16,[],0,0,buy,A-,,8.603,15.977,1.1,buy,2026-06-24,0.121,0.663,48783.72,44165.34,351.57,-392.47,,0,15:00:00,00,Y,N,0,0,Y,,2021-01-04 开始转股,计算使用0.2年期 评级为A- 债参考YTM：8.7408,N,6.0,全价：204.584 最后更新：15:00:00,,,,0,[],0,0,N,,,buy,buy
2026-05-11 10:46:51,123265,耐普转02,npz02,151.77,-0.16,300818,耐普矿机,npkj,32.94,-1.61,2.93,38.44,85.69,72,77.11,228.88,640103,机械设备,szcy,C,2026-01-30,[],0,0,buy,A+,,26.908,49.972,12.5,buy,2032-01-15,5.685,4.5,8756.95,16472.5,12.84,-4.26,,0,15:34:27,00,Y,N,0,0,Y,,未到转股期；2026-07-22 开始转股,计算使用5.7年期 评级为A+ 债参考YTM：5.6850,N,4.5,全价：151.770 最后更新：15:34:27,,,,0,[],0,0,N,,,buy,buy
2026-05-11 10:46:51,118066,统联转债,tlzz,159.47,7.76,688210,统联精密,tljm,50.35,7.17,6.24,56.2,89.59,118,78.0,237.47,270504,电子,shkc,C,2026-03-20,[],0,0,buy,AA-,,39.34,73.06,7.1,buy,2032-03-02,5.814,5.76,94390.79,51017.46,101.78,-5.72,,0,15:00:00,00,Y,N,0,0,Y,,未到转股期；2026-09-06 开始转股,计算使用5.9年期 评级为AA- 债参考YTM：3.4941,N,5.76,全价：159.470 最后更新：15:00:00,,,,0,{'M': ''},0,0,N,,,buy,buy
2026-05-11 10:46:51,113625,江山转债,jszz,129.33,1.14,603208,江山欧派,jsop,14.4,3.15,2.42,19.84,72.58,0,78.19,207.52,360308,轻工制造,shmb,C,2021-07-01,[],0,0,buy,AA-,,13.888,25.792,23.0,buy,2027-06-11,1.085,5.825,6038.24,5927.85,8.06,-6.44,,0,14:59:53,00,Y,N,1,1,Y,转股价下修1次，成功下修1次,2021-12-20 开始转股,计算使用1.1年期 评级为AA- 债参考YTM：1.8997,N,5.83,全价：129.330 最后更新：14:59:53,,,,0,[],0,0,Y,,,buy,buy
2026-05-11 10:46:51,123266,博士转债,bszz,151.337,-0.5,300622,博士眼镜,bsyj,25.81,0.31,6.21,30.43,84.82,136,78.43,229.77,450401,商贸零售,szcy,C,2026-04-07,[],0,0,buy,AA,,21.301,39.559,9.2,buy,2032-03-17,5.855,3.75,2465.36,18452.93,4.34,-4.55,,0,15:34:18,00,Y,N,0,0,Y,,未到转股期；2026-09-24 开始转股,计算使用5.9年期 评级为AA 债参考YTM：2.2778,N,3.75,全价：151.337 最后更新：15:34:18,,,,0,[],0,0,N,,,buy,buy
2026-05-11 10:46:51,123264,双乐转债,slzz,141.86,0.69,301036,双乐股份,slgf,29.1,0.59,1.71,36.7,79.29,56,78.91,220.77,220305,基础化工,szcy,C,2026-01-16,[],0,0,buy,AA-,,25.69,47.71,39.0,buy,2031-12-25,5.627,8.0,2295.34,2964.69,2.02,-3.9,,0,15:34:15,00,Y,N,0,0,Y,,未到转股期；2026-07-06 开始转股,计算使用5.7年期 评级为AA- 债参考YTM：3.3356,N,8.0,全价：141.860 最后更新：15:34:15,,,,0,{'M': ''},0,0,N,,,buy,buy
2026-05-11 10:46:51,113636,甬金转债,yjzz,132.953,0.57,603995,甬金股份,yjgf,19.75,-0.85,1.2,26.74,73.86,0,80.01,212.96,230501,钢铁,shmb,C,2021-12-31,[],0,0,buy,AA-,,18.718,34.762,13.8,buy,2027-12-13,1.592,9.995,4375.81,8504.13,3.29,-7.56,,0,14:59:03,00,Y,N,1,1,Y,转股价下修1次，成功下修1次,2022-06-17 开始转股,计算使用1.6年期 评级为AA- 债参考YTM：2.0408,N,10.0,全价：132.953 最后更新：14:59:03,,,,1,{'M': ''},0,0,N,,,buy,buy
2026-05-11 10:46:51,123175,百畅转债,bczz,123.631,0.5,300614,百川畅银,bccy,13.94,0.14,2.52,20.4,68.33,0,80.92,204.55,760103,环保,szcy,C,2023-03-17,[],0,0,buy,A,,14.28,26.52,18.8,buy,2029-02-22,2.789,4.199,2566.68,5100.03,4.96,-2.21,,0,15:33:54,00,Y,N,2,2,Y,转股价下修2次，成功下修2次,2023-08-28 开始转股,计算使用2.8年期 评级为A 债参考YTM：7.0764,N,4.2,全价：123.631 最后更新：15:33:54,,,,0,{'M': ''},0,0,N,,,buy,buy
2026-05-11 10:46:51,113647,禾丰转债,hfzz,125.235,0.48,603609,禾丰股份,hfgf,6.97,0.29,0.96,10.09,69.08,0,81.29,206.53,110402,农林牧渔,shmb,C,2022-05-18,[],0,0,buy,AA,,7.063,13.117,23.2,buy,2028-04-22,1.951,14.669,4516.15,2408.39,2.46,-4.83,,0,14:59:29,00,Y,N,0,0,Y,,2022-10-28 开始转股,计算使用2.0年期 评级为AA 债参考YTM：1.7267,N,15.0,全价：125.235 最后更新：14:59:29,,,,1,{'M': ''},0,0,N,,,buy,buy
2026-05-11 10:46:51,118024,冠宇转债,gyzz,129.035,0.2,688772,珠海冠宇,zhgy,16.25,-1.81,2.42,22.89,70.99,0,81.76,210.8,630701,电力设备,shkc,C,2022-11-17,[],0,0,buy,AA,,16.023,27.468,16.8,buy,2028-10-24,2.458,30.889,8139.36,64884.33,2.04,-4.55,,0,14:59:50,00,Y,N,0,0,Y,,2023-04-28 开始转股,计算使用2.5年期 评级为AA 债参考YTM：1.7956,N,30.89,全价：129.035 最后更新：14:59:50,,,,0,{'M': ''},0,0,N,120%,,buy,buy
2026-05-11 10:46:51,123157,科蓝转债,klzz,134.471,-0.01,300663,科蓝软件,klrj,9.76,-3.17,12.43,13.2,73.94,0,81.87,216.34,710401,计算机,szcy,C,2022-09-20,[],0,0,buy,A,,9.24,17.16,5.2,buy,2028-08-30,2.307,2.34,3118.71,43569.98,9.91,-5.33,,0,15:33:54,00,Y,N,1,1,Y,转股价下修1次，成功下修1次,2023-03-06 开始转股,计算使用2.4年期 评级为A 债参考YTM：6.9539,N,4.946,全价：134.471 最后更新：15:33:54,,,,0,{'M': ''},0,0,N,,,buy,buy
2026-05-11 10:46:51,113627,太平转债,tpzz,124.014,0.49,603877,太平鸟,tpn,14.22,0.42,1.45,20.88,68.1,0,82.1,206.11,350209,纺织服饰,shmb,C,2021-08-06,[],0,0,buy,AA,,14.616,27.144,12.0,buy,2027-07-15,1.178,7.997,3788.23,3060.9,3.83,-8.55,,0,14:59:26,00,Y,N,1,1,Y,转股价下修1次，成功下修1次,2022-01-21 开始转股,计算使用1.2年期 评级为AA 债参考YTM：1.6017,N,8.0,全价：124.014 最后更新：14:59:26,,,,0,{'M': ''},0,0,N,,,buy,buy
2026-05-11 10:46:51,113682,益丰转债,yfzz,132.603,0.54,603939,益丰药房,yfyf,23.1,3.96,2.31,31.84,72.55,0,82.77,215.37,370403,医药生物,shmb,C,2024-03-27,[],0,0,buy,AA,,22.288,41.392,6.4,buy,2030-03-04,3.816,17.968,7528.83,68927.47,3.16,-3.88,,0,14:59:44,00,Y,N,0,0,Y,,2024-09-09 开始转股,计算使用3.9年期 评级为AA 债参考YTM：1.9846,N,17.97,全价：132.603 最后更新：14:59:44,,,,0,{'M': ''},0,0,N,,,buy,buy
2026-05-11 10:46:51,127060,湘佳转债,xjzz,126.343,0.57,002982,湘佳股份,xjgf,14.58,0.41,1.7,21.13,69.0,0,83.1,209.44,110703,农林牧渔,szmb,C,2022-06-10,[],0,0,buy,A+,,14.791,27.469,33.7,buy,2028-04-19,1.943,6.399,1223.74,6448.05,1.52,-6.23,,0,15:33:54,00,Y,N,0,0,Y,,2022-10-25 开始转股,计算使用2.0年期 评级为A+ 债参考YTM：4.4867,N,6.4,全价：126.343 最后更新：15:33:54,,,,1,[],0,0,N,,,buy,buy
2026-05-11 10:46:51,113616,韦尔转债,wezz,117.259,0.63,603501,豪威集团,hwjt,101.38,2.22,3.87,159.12,63.71,0,84.04,201.3,270104,电子,shmb,C,2021-01-22,[],0,0,buy,AA+,,111.384,206.856,2.0,buy,2026-12-28,0.633,24.324,6150.06,331192.36,2.16,-9.78,,0,14:59:51,00,Y,N,0,0,N,2026-05-08 至 2026-05-14 期间暂停转股：回售,2021-07-05 开始转股;2026-05-08 至 2026-05-14 期间暂停转股：回售,计算使用0.7年期 评级为AA+ 债参考YTM：1.4986,N,24.4,全价：117.259 最后更新：14:59:51,,,,0,{'M': ''},0,0,Y,,,buy,buy
2026-05-11 10:46:51,123260,卓镁转债,zmzz,169.0,0.73,301398,星源卓镁,xyzm,47.92,0.93,4.81,52.3,91.63,2,84.45,253.45,280202,汽车,szcy,C,2025-11-24,[],0,0,buy,A+,,36.61,67.99,25.2,buy,2031-11-07,5.496,4.5,5639.06,15233.52,7.36,-6.29,,0,15:34:21,00,Y,N,0,0,Y,,未到转股期；2026-05-13 开始转股,计算使用5.5年期 评级为A+ 债参考YTM：5.4910,N,4.5,全价：169.000 最后更新：15:34:21,,,,0,{'M': ''},0,0,N,,,buy,buy
2026-05-11 10:46:51,123109,昌红转债,chzz,135.235,1.15,300151,昌红科技,chkj,19.54,3.06,6.29,26.72,73.13,0,84.93,220.17,640209,机械设备,szcy,C,2021-04-19,[],0,0,buy,AA-,,18.704,34.736,6.4,buy,2027-04-01,0.89,4.595,4414.65,47786.01,7.12,-16.86,,0,15:34:45,00,Y,N,0,0,Y,,2021-10-08 开始转股,计算使用0.9年期 评级为AA- 债参考YTM：1.8250,N,4.6,全价：135.235 最后更新：15:34:45,,,,1,{'M': ''},0,0,N,,,buy,buy
2026-05-11 10:46:51,127056,中特转债,ztzz,130.375,0.06,000708,中信特钢,zxtg,15.64,0.32,1.75,22.23,70.36,0,85.31,215.69,230501,钢铁,szmb,C,2022-04-15,[],0,0,buy,AAA,,15.561,28.899,6.3,buy,2028-02-25,1.795,49.996,5053.44,29618.05,0.78,-10.24,,0,15:34:45,00,Y,N,0,0,Y,,2022-09-05 开始转股,计算使用1.8年期 评级为AAA 债参考YTM：1.6183,N,50.0,全价：130.375 最后更新：15:34:45,,,,1,{'M': ''},0,0,N,,,buy,buy
2026-05-11 10:46:51,113701,祥和转债,xhzz,143.089,-0.16,603500,祥和实业,xhsy,10.37,-1.24,3.13,13.59,76.31,121,87.52,230.61,640501,机械设备,shmb,C,2026-03-26,[],0,0,buy,A+,,9.513,17.667,11.6,buy,2032-03-02,5.814,4.0,1285.03,6573.56,2.25,-3.18,,0,14:59:51,00,Y,N,0,0,Y,,未到转股期；2026-09-09 开始转股,计算使用5.9年期 评级为A+ 债参考YTM：5.8440,N,4.0,全价：143.089 最后更新：14:59:51,,,,0,[],0,0,N,,,buy,buy
2026-05-11 10:46:51,127085,韵达转债,ydzz,128.141,0.13,002120,韵达股份,ydgf,7.91,0.25,1.06,11.73,67.43,0,90.02,218.16,420804,交通运输,szmb,C,2023-05-23,[],0,0,buy,AA+,,8.211,15.249,11.0,buy,2029-04-11,2.921,24.499,6164.02,35407.31,1.97,-4.78,,0,15:34:03,00,Y,N,0,0,Y,,2023-10-17 开始转股,计算使用3.0年期 评级为AA+ 债参考YTM：1.7771,N,24.5,全价：128.141 最后更新：15:34:03,,,,0,{'M': ''},0,0,N,,,buy,buy
2026-05-11 10:46:51,123180,浙矿转债,zkzz,139.901,-0.17,300837,浙矿股份,zkgf,35.24,-0.03,2.41,47.89,73.59,0,90.12,230.02,640203,机械设备,szcy,C,2023-03-28,[],0,0,buy,AA-,,33.523,62.257,12.0,buy,2029-03-09,2.83,3.197,3925.55,7407.8,8.77,-5.78,,0,15:34:06,00,Y,N,0,0,Y,,2023-09-15 开始转股,计算使用2.9年期 评级为AA- 债参考YTM：2.4080,N,3.2,全价：139.901 最后更新：15:34:06,,,,0,[],0,0,N,,,buy,buy
2026-05-11 10:46:51,113700,海天转债,htzz,139.894,0.56,603759,海天股份,htgf,9.21,-0.54,1.45,12.52,73.56,92,90.17,230.06,760102,环保,shmb,C,2026-03-12,[],0,0,buy,AA,,8.764,16.276,18.8,buy,2032-02-04,5.74,8.01,1633.67,4231.87,1.46,-3.61,,0,14:59:59,00,Y,N,0,0,Y,,未到转股期；2026-08-11 开始转股,计算使用5.8年期 评级为AA 债参考YTM：2.2582,N,8.01,全价：139.894 最后更新：14:59:59,,,,0,[],0,0,N,,,buy,buy
2026-05-11 10:46:51,118022,锂科转债,lkzz,128.106,-0.24,688779,五矿新能,wkxn,10.45,-1.97,2.75,15.53,67.29,0,90.38,218.49,630702,电力设备,shkc,C,2022-11-07,[],0,0,buy,AA,,10.871,20.189,16.1,buy,2028-10-11,2.422,32.497,6798.79,53495.71,1.63,-5.03,,0,14:59:59,00,Y,N,0,0,Y,,2023-04-17 开始转股,计算使用2.5年期 评级为AA 债参考YTM：1.7956,N,32.5,全价：128.106 最后更新：14:59:59,,,,0,{'M': ''},0,0,N,,,buy,buy
2026-05-11 10:46:51,127017,万青转债,wqzz,112.84,0.02,000789,万年青,wnq,4.99,1.01,0.6,8.53,58.5,0,92.89,205.73,610101,建筑材料,szmb,C,2020-07-02,[],0,0,buy,AA+,,5.971,11.089,25.1,buy,2026-06-03,0.063,9.995,1269.86,2289.49,1.13,2.35,,0,15:34:33,00,Y,N,1,1,Y,转股价下修1次，成功下修1次,2020-12-09 开始转股,计算使用0.1年期 评级为AA+ 债参考YTM：1.4599,N,10.0,全价：112.840 最后更新：15:34:33,,,,0,"{'R': '到期\n最后交易日：2026-05-28\n最后转股日：2026-06-02\n债券到期日：2026-06-03\n到期赎回价：113.000元/张', 'M': ''}",0,0,N,,,buy,buy
2026-05-11 10:46:51,127068,顺博转债,sbzz,130.5,0.46,002996,顺博合金,sbhj,7.53,-0.53,1.47,11.27,66.82,0,95.32,225.82,240301,有色金属,szmb,C,2022-09-07,[],0,0,buy,AA-,,7.889,14.651,26.5,buy,2028-08-12,2.258,8.3,1381.26,10832.76,1.28,-6.83,,0,15:33:57,00,Y,N,1,1,Y,转股价下修1次，成功下修1次,2023-02-20 开始转股,计算使用2.3年期 评级为AA- 债参考YTM：2.2323,N,8.3,全价：130.500 最后更新：15:33:57,,,,0,[],0,0,N,,,buy,buy
2026-05-11 10:46:51,127062,垒知转债,lzzz,132.151,0.45,002398,垒知集团,lzjt,5.1,-0.39,0.96,7.59,67.19,0,96.67,228.82,610303,建筑材料,szmb,C,2022-05-20,[],0,0,buy,AA-,,5.313,9.867,12.7,buy,2028-04-21,1.948,3.958,3157.13,7252.11,6.05,-6.12,,0,15:34:42,00,Y,N,0,0,Y,,2022-10-27 开始转股,计算使用2.0年期 评级为AA- 债参考YTM：2.1467,N,3.963,全价：132.151 最后更新：15:34:42,,,,1,[],0,0,N,,,buy,buy
2026-05-11 10:46:51,118015,芯海转债,xhzz,135.6,1.86,688595,芯海科技,xhkj,38.05,6.55,7.69,55.22,68.91,0,96.79,232.39,270104,电子,shkc,C,2022-08-18,[],0,0,buy,A+,,38.654,71.786,7.5,buy,2028-07-21,2.197,4.1,5447.08,29837.68,9.85,-5.83,,0,14:59:57,00,Y,N,0,0,Y,,2023-01-30 开始转股,计算使用2.2年期 评级为A+ 债参考YTM：4.5442,N,4.1,全价：135.600 最后更新：14:59:57,,,,0,{'M': ''},0,0,N,,,buy,buy
2026-05-11 10:46:51,123122,富瀚转债,fhzz,133.331,0.41,300613,富瀚微,fhw,62.1,-1.35,4.81,91.69,67.73,0,96.86,230.19,270104,电子,szcy,C,2021-08-24,[],0,0,buy,A+,,64.183,119.197,4.3,buy,2027-08-06,1.238,5.801,5879.92,147935.78,7.62,-10.16,,0,15:34:39,00,Y,N,0,0,Y,,2022-02-14 开始转股,计算使用1.3年期 评级为A+ 债参考YTM：4.2942,N,5.812,全价：133.331 最后更新：15:34:39,,,,0,{'M': ''},0,0,N,,,buy,buy
2026-05-11 10:46:51,123113,仙乐转债,xlzz,119.968,0.37,300791,仙乐健康,xljk,18.96,-1.04,1.98,31.79,59.64,0,101.15,221.12,340407,食品饮料,szcy,C,2021-05-14,[],0,0,buy,AA-,,22.253,41.327,21.1,buy,2027-04-19,0.94,10.248,2893.51,3947.21,2.36,-6.18,,0,15:34:48,00,Y,N,0,0,Y,,2021-10-25 开始转股,计算使用1.0年期 评级为AA- 债参考YTM：1.8664,N,10.249,全价：119.968 最后更新：15:34:48,,,,1,[],0,0,N,,,buy,buy
2026-05-11 10:46:51,113634,珀莱转债,plzz,129.199,0.21,603605,珀莱雅,bly,60.64,-1.27,3.75,95.46,63.52,0,103.39,232.59,770202,美容护理,shmb,C,2022-01-04,[],0,0,buy,AA,,66.822,124.098,3.1,buy,2027-12-08,1.578,7.507,1907.48,28846.29,1.97,-6.26,,0,14:59:58,00,Y,N,0,0,Y,,2022-06-14 开始转股,计算使用1.6年期 评级为AA 债参考YTM：1.6650,N,7.517,全价：129.199 最后更新：14:59:58,,,,1,{'M': ''},0,0,N,,,buy,buy
2026-05-11 10:46:51,113666,爱玛转债,amzz,128.674,0.25,603529,爱玛科技,amkj,23.39,0.17,1.99,37.49,62.39,0,106.24,234.91,280401,汽车,shmb,C,2023-03-20,[],0,0,buy,AA,,26.243,48.737,10.1,buy,2029-02-23,2.792,19.994,2933.26,20776.52,1.14,-4.53,,0,14:59:22,00,Y,N,0,0,Y,,2023-09-01 开始转股,计算使用2.8年期 评级为AA 债参考YTM：1.8320,N,20.0,全价：128.674 最后更新：14:59:22,,,,0,{'M': ''},0,0,N,,,buy,buy
2026-05-11 10:46:51,127044,蒙娜转债,mnzz,134.316,4.12,002918,蒙娜丽莎,mnls,12.73,10.03,1.58,19.84,64.16,0,109.33,243.65,360306,轻工制造,szmb,C,2021-09-16,[],0,0,buy,AA-,,13.888,25.792,12.4,buy,2027-08-16,1.266,3.371,35888.61,9768.98,79.16,-12.41,,0,15:34:45,00,Y,N,1,1,Y,转股价下修1次，成功下修1次,2022-02-21 开始转股,计算使用1.3年期 评级为AA- 债参考YTM：1.9601,N,11.689,全价：134.316 最后更新：15:34:45,,,,0,[],0,0,N,,,buy,buy
2026-05-11 10:46:51,111014,李子转债,lzzz,128.934,0.64,605337,李子园,lzy,10.8,0.09,2.48,18.37,58.79,0,119.31,248.24,340701,食品饮料,shmb,C,2023-07-13,[],0,0,buy,AA,,12.859,23.881,14.2,buy,2029-06-20,3.112,5.999,1464.7,3013.48,1.9,-3.33,,0,14:59:01,00,Y,N,0,0,Y,,2023-12-28 开始转股,计算使用3.2年期 评级为AA 债参考YTM：1.8840,N,6.0,全价：128.934 最后更新：14:59:01,,,,0,[],0,0,N,,,buy,buy
2026-05-11 10:46:51,113049,长汽转债,cqzz,114.74,0.0,601633,长城汽车,ccqc,19.8,0.0,1.91,39.16,50.56,0,126.93,241.67,280502,汽车,shmb,C,2021-07-08,[],0,0,buy,AAA,,27.412,50.908,2.8,buy,2027-06-10,1.082,34.95,4018.51,32253.23,1.0,-5.11,,0,14:59:52,00,Y,N,0,0,Y,,2021-12-17 开始转股,计算使用1.1年期 评级为AAA 债参考YTM：1.5340,N,35.0,全价：114.740 最后更新：14:59:52,,,,1,{'M': ''},0,0,N,,,buy,buy
2026-05-11 10:46:51,113650,博22转债,b22zz,132.042,0.35,603916,苏博特,sbt,13.36,6.12,1.3,23.15,57.71,0,128.8,260.84,220309,基础化工,shmb,C,2022-07-28,[],0,0,buy,AA-,,16.205,30.095,14.2,buy,2028-07-01,2.143,7.996,5962.51,36169.7,5.64,-5.02,,0,14:59:12,00,Y,N,0,0,Y,,2023-01-09 开始转股,计算使用2.2年期 评级为AA- 债参考YTM：2.2034,N,8.0,全价：132.042 最后更新：14:59:12,,,,0,{'M': ''},0,0,N,,,buy,buy
2026-05-11 10:46:51,113638,台21转债,t21zz,130.989,0.33,603055,台华新材,thxc,9.14,-0.44,1.49,16.19,56.46,0,132.03,263.02,350106,纺织服饰,shmb,C,2022-01-21,[],0,0,buy,AA,,11.333,21.047,7.4,buy,2027-12-29,1.636,5.997,2533.15,4285.65,3.23,-8.33,,0,14:59:59,00,Y,N,0,0,Y,,2022-07-05 开始转股,计算使用1.7年期 评级为AA 债参考YTM：1.6802,N,6.0,全价：130.989 最后更新：14:59:59,,,,0,{'M': ''},0,0,N,,,buy,buy
2026-05-11 10:46:51,123090,三诺转债,snzz,116.533,0.88,300298,三诺生物,snsw,17.25,1.23,3.12,34.46,50.06,0,132.8,249.33,370502,医药生物,szcy,C,2021-01-12,[],0,0,buy,AA,,24.122,44.798,6.4,buy,2026-12-21,0.614,4.984,2123.19,11496.07,3.67,-6.34,,0,15:34:36,00,Y,N,0,0,Y,,2021-06-25 开始转股,计算使用0.7年期 评级为AA 债参考YTM：1.5186,N,5.0,全价：116.533 最后更新：15:34:36,,,,0,{'M': ''},0,0,N,,,buy,buy
2026-05-11 10:46:51,123117,健帆转债,jfzz,123.36,-1.66,300529,健帆生物,jfsw,20.0,2.51,4.32,38.65,51.75,0,138.39,261.75,370503,医药生物,szcy,C,2021-07-12,[],0,0,buy,AA,,27.055,50.245,9.8,buy,2027-06-23,1.118,9.998,14131.07,22279.16,11.47,-8.56,,0,15:34:39,00,Y,N,2,2,Y,转股价下修2次，成功下修2次,2021-12-29 开始转股,计算使用1.2年期 评级为AA 债参考YTM：1.6017,N,10.0,全价：123.360 最后更新：15:34:39,,,,0,{'M': ''},0,0,N,,,buy,buy
2026-05-11 10:46:51,127098,欧晶转债,ojzz,129.106,0.0,001269,欧晶科技,ojkj,22.74,0.98,5.74,42.0,54.14,0,138.45,267.56,630504,电力设备,szmb,C,2023-12-15,[],0,0,buy,AA-,,29.4,54.6,10.7,buy,2029-11-24,3.543,4.693,2214.65,6641.33,3.65,-3.01,,0,15:33:54,00,Y,N,1,1,Y,转股价下修1次，成功下修1次,2024-05-30 开始转股,计算使用3.6年期 评级为AA- 债参考YTM：2.5566,N,4.7,全价：129.106 最后更新：15:33:54,,,,0,[],0,0,N,,,buy,buy
2026-05-11 10:46:51,123250,嘉益转债,jyzz,130.822,0.62,301004,嘉益股份,jygf,43.64,-0.64,3.43,79.66,54.78,0,138.8,269.62,360311,轻工制造,szcy,C,2024-11-26,[],0,0,buy,A+,,55.762,103.558,6.7,buy,2030-11-07,4.496,3.955,751.98,2651.51,1.46,-2.18,,0,15:34:15,00,Y,N,0,0,Y,,2025-05-13 开始转股,计算使用4.5年期 评级为A+ 债参考YTM：5.0653,N,3.979,全价：130.822 最后更新：15:34:15,,,,0,{'M': ''},0,0,N,,,buy,buy
2026-05-11 10:46:51,110076,华海转债,hhzz,129.203,1.06,600521,华海药业,hhyy,17.46,6.14,2.66,33.06,52.81,0,144.64,273.84,370102,医药生物,shmb,C,2020-11-25,[],0,0,buy,AA,,23.142,42.978,7.0,buy,2026-11-02,0.48,18.424,10954.35,121582.64,4.61,-31.0,,0,14:59:57,00,Y,N,1,0,Y,转股价下修1次，成功下修0次,2021-05-06 开始转股,计算使用0.5年期 评级为AA 债参考YTM：1.5103,Y,18.426,全价：129.203 最后更新：14:59:57,,,"按下调到底估算
股东大会：2026-05-21
预估转股价：17.10
预估转股价值：102.11
期权价值：14.28
理论价值：123.49
理论偏离度：4.42%",1,{'M': ''},0,0,N,,,buy,buy
2026-05-11 10:46:51,110085,通22转债,t22zz,123.4,0.59,600438,通威股份,twgf,17.22,0.0,2.13,34.6,49.77,0,147.95,271.35,630501,电力设备,shmb,C,2022-03-18,[],0,0,buy,AAA,,24.22,44.98,15.5,buy,2028-02-24,1.792,119.831,12067.71,109186.02,0.82,-5.89,,0,14:59:54,00,Y,N,0,0,Y,,2022-09-02 开始转股,计算使用1.8年期 评级为AAA 债参考YTM：1.6183,N,120.0,全价：123.400 最后更新：14:59:54,,,,0,{'M': ''},0,0,N,,,buy,buy
2026-05-11 10:46:51,123151,康医转债,kyzz,123.483,0.07,300869,康泰医学,ktyx,13.43,2.83,3.13,27.55,48.75,0,153.31,276.79,370502,医药生物,szcy,C,2022-07-20,[],0,0,buy,A+,,19.285,35.815,19.7,buy,2028-07-01,2.143,6.998,1258.95,10050.26,1.46,-1.64,,0,15:34:51,00,Y,N,0,0,Y,,2023-01-09 开始转股,计算使用2.2年期 评级为A+ 债参考YTM：4.5442,N,7.0,全价：123.483 最后更新：15:34:51,,,,0,{'M': ''},0,0,N,,,buy,buy
2026-05-11 10:46:51,113670,金23转债,j23zz,128.954,1.8,603180,金牌家居,jpjj,18.96,-0.47,1.07,37.64,50.37,0,156.0,284.95,360308,轻工制造,shmb,C,2023-05-16,[],0,0,buy,AA,,26.348,48.932,26.3,buy,2029-04-17,2.937,7.7,5852.05,2326.59,5.9,-2.94,,0,14:59:00,00,Y,N,0,0,Y,,2023-10-23 开始转股,计算使用3.0年期 评级为AA 债参考YTM：1.8571,N,7.7,全价：128.954 最后更新：14:59:00,,,,0,[],0,0,N,,,buy,buy
2026-05-11 10:46:51,118032,建龙转债,jlzz,130.099,0.33,688357,建龙微纳,jlwn,35.8,-0.97,1.92,71.71,49.92,0,160.6,290.7,220309,基础化工,shkc,C,2023-04-07,[],0,0,buy,AA-,,50.197,93.223,19.5,buy,2029-03-08,2.827,6.999,1671.74,4763.07,1.84,-3.3,,0,14:58:44,00,Y,N,0,0,Y,,2023-09-14 开始转股,计算使用2.9年期 评级为AA- 债参考YTM：2.4080,N,7.0,全价：130.099 最后更新：14:58:44,,,,0,{'M': ''},0,0,N,,,buy,buy
2026-05-11 10:46:51,113660,寿22转债,s22zz,128.551,-0.23,603896,寿仙谷,sxg,17.54,0.86,1.52,36.84,47.61,0,170.0,298.55,370201,医药生物,shmb,C,2022-12-12,[],0,0,buy,AA-,,25.788,47.892,11.4,buy,2028-11-17,2.523,3.977,1274.65,3744.53,2.49,-4.23,,0,14:58:59,00,Y,N,0,0,Y,,2023-05-23 开始转股,计算使用2.6年期 评级为AA- 债参考YTM：2.3199,N,3.98,全价：128.551 最后更新：14:58:59,,,,0,[],0,0,N,,,buy,buy
2026-05-11 10:46:51,128135,洽洽转债,qqzz,114.545,0.02,002557,洽洽食品,qqsp,22.7,-1.3,2.08,55.93,40.59,0,182.22,296.77,340801,食品饮料,szmb,C,2020-11-18,[],0,0,buy,AA,,39.151,72.709,11.7,buy,2026-10-20,0.444,13.398,2861.82,19862.45,1.87,0.9,,0,15:34:15,00,Y,N,0,0,Y,,2021-04-26 开始转股,计算使用0.5年期 评级为AA 债参考YTM：1.5103,N,13.4,全价：114.545 最后更新：15:34:15,,,,1,{'M': ''},0,0,N,,,buy,buy
2026-05-11 10:46:51,118005,天奈转债,tnzz,129.127,-0.12,688116,天奈科技,tnkj,42.07,-0.31,4.01,99.09,42.46,0,204.14,333.27,630702,电力设备,shkc,C,2022-03-01,[],0,0,buy,AA-,,69.363,128.817,5.4,buy,2028-01-27,1.715,8.299,1861.97,51717.04,1.74,-8.14,,0,14:58:55,00,Y,N,0,0,Y,,2022-08-09 开始转股,计算使用1.8年期 评级为AA- 债参考YTM：2.0927,N,8.3,全价：129.127 最后更新：14:58:55,,,,0,{'M': ''},0,0,N,,,buy,buy
2026-05-11 10:46:51,127025,冀东转债,jdzz,105.248,-0.13,000401,金隅冀东,jyjd,4.37,2.34,0.44,13.01,33.59,0,213.34,318.59,610101,建筑材料,szmb,C,2020-12-02,[],0,0,buy,AAA,,9.107,16.913,15.4,buy,2026-11-05,0.488,17.764,8207.05,9209.49,4.39,1.47,,0,15:34:39,00,Y,Y,0,0,Y,,2021-05-11 开始转股,计算使用0.5年期 评级为AAA 债参考YTM：1.4603,N,28.2,全价：105.248 最后更新：15:34:39,,,,0,{'M': ''},0,0,N,,,buy,buy
2026-05-11 10:46:51,123072,乐歌转债,lgzz,126.88,0.3,300729,乐歌股份,lggf,12.82,0.87,1.19,32.91,38.96,0,225.71,352.59,360311,轻工制造,szcy,C,2020-11-10,[],0,0,buy,A+,,23.037,42.783,3.4,buy,2026-10-21,0.447,1.418,1027.62,4156.35,5.73,-12.22,,0,15:34:33,00,Y,N,0,0,Y,,2021-04-27 开始转股,计算使用0.5年期 评级为A+ 债参考YTM：4.0903,N,1.42,全价：126.880 最后更新：15:34:33,,,,0,[],0,0,N,,,buy,buy
2026-05-11 10:46:51,113633,科沃转债,kwzz,125.003,0.17,603486,科沃斯,kws,66.14,-1.69,4.08,173.8,38.06,0,228.48,353.48,330302,家用电器,shmb,C,2021-12-29,[],0,0,buy,AA,,121.66,225.94,2.7,buy,2027-11-30,1.556,10.396,4358.0,60453.84,3.36,-7.0,,0,14:59:33,00,Y,N,0,0,Y,,2022-06-06 开始转股,计算使用1.6年期 评级为AA 债参考YTM：1.6650,N,10.4,全价：125.003 最后更新：14:59:33,,,,0,{'M': ''},0,0,N,,,buy,buy
2026-05-11 10:46:51,128124,科华转债,khzz,106.042,0.12,002022,科华生物,khsw,6.24,2.97,1.25,20.64,30.23,0,250.75,356.79,370504,医药生物,szmb,C,2020-08-20,[],0,0,buy,A+,,14.448,26.832,7.0,buy,2026-07-28,0.214,2.245,2059.65,7836.68,8.66,-0.19,,0,15:34:15,00,Y,N,0,0,Y,,2021-02-03 开始转股,计算使用0.3年期 评级为A+ 债参考YTM：4.0445,N,7.38,全价：106.042 最后更新：15:34:15,,,,0,[],0,0,N,,,buy,buy
2026-05-11 10:46:51,118010,洁特转债,jtzz,126.082,0.28,688026,洁特生物,jtsw,16.68,0.97,1.96,47.95,34.79,0,262.45,388.53,370503,医药生物,shkc,C,2022-08-02,[],0,0,buy,A+,,33.565,62.335,18.8,buy,2028-06-28,2.134,4.399,1754.34,3259.95,3.16,-4.98,,0,14:58:57,00,Y,N,0,0,Y,,2023-01-04 开始转股,计算使用2.2年期 评级为A+ 债参考YTM：4.5442,N,4.4,全价：126.082 最后更新：14:58:57,,,,0,{'M': ''},0,0,N,,,buy,buy
2026-05-11 10:46:51,113059,福莱转债,flzz,125.52,0.02,601865,福莱特,flt,13.85,0.14,1.44,41.71,33.21,0,278.01,403.53,630504,电力设备,shmb,C,2022-06-13,[],0,0,buy,AA,,29.197,54.223,15.2,buy,2028-05-20,2.027,39.999,3149.4,29700.72,0.63,-4.19,,0,14:59:15,00,Y,N,1,0,Y,转股价下修1次，成功下修0次,2022-11-28 开始转股,计算使用2.1年期 评级为AA 债参考YTM：1.7421,N,40.0,全价：125.520 最后更新：14:59:15,,,,0,{'M': ''},0,0,N,,,buy,buy
2026-05-11 10:46:51,123154,火星转债,hxzz,127.963,1.09,300894,火星人,hxr,10.71,1.04,4.13,33.03,32.43,0,294.64,422.6,330401,家用电器,szcy,C,2022-08-23,[],0,0,buy,AA-,,23.121,42.939,16.8,buy,2028-08-05,2.238,5.289,2164.93,3907.42,3.21,-3.44,,0,15:33:54,00,Y,N,0,0,Y,,2023-02-13 开始转股,计算使用2.3年期 评级为AA- 债参考YTM：2.2323,N,5.29,全价：127.963 最后更新：15:33:54,,,,0,{'M': ''},0,0,N,,,buy,buy
2026-05-11 10:46:51,123179,立高转债,lgzz,126.398,0.72,300973,立高食品,lgsp,29.76,-0.6,1.84,95.13,31.28,0,304.04,430.44,340802,食品饮料,szcy,C,2023-03-27,[],0,0,buy,AA-,,66.591,123.669,26.9,buy,2029-03-07,2.825,9.499,2112.36,6823.57,1.76,-2.21,,0,15:34:00,00,Y,N,0,0,Y,,2023-09-13 开始转股,计算使用2.9年期 评级为AA- 债参考YTM：2.4080,N,9.5,全价：126.398 最后更新：15:34:00,,,,0,{'M': ''},0,0,N,,,buy,buy
