抓取时间,bond_id,bond_nm,bond_py,price,increase_rt,stock_id,stock_nm,stock_py,sprice,sincrease_rt,pb,convert_price,convert_value,convert_begin,premium_rt,dblow,sw_cd,sw_name,market_cd,btype,list_dt,t_flag,owned,hold,bond_value,rating_cd,option_value,put_convert_price,force_redeem_price,convert_amt_ratio,fund_rt,maturity_dt,year_left,curr_iss_amt,volume,svolume,turnover_rt,ytm_rt,put_ytm_rt,noted,last_time,qstatus,sqflag,pb_flag,adj_cnt,adj_scnt,convert_price_valid,convert_price_tips,convert_cd_tip,ref_yield_info,adjusted,orig_iss_amt,price_tips,redeem_dt,real_force_redeem_price,option_tip,after_next_put_dt,icons,is_min_price,blocked,putting,force_redeem_price_tip,notes,volatility_rate,debt_rate
2026-07-07 10:37:43,118071,华峰转债,hfzz,100.0,0.0,688200,华峰测控,hfck,463.28,4.48,22.18,336.12,137.83,175,-27.45,72.55,270108,电子,shkc,C,,[],0,0,buy,AA,,235.284,436.956,0.8,buy,2032-06-22,5.964,7.49,0.0,329852.48,0.0,2.17,,0,,00,Y,N,0,0,Y,,未到转股期；2026-12-29 开始转股,计算使用6.0年期 评级为AA 债参考YTM：2.2083,N,7.49,待上市,,,,0,{'M': ''},0,0,N,,,buy,buy
2026-07-07 10:37:43,118070,南芯转债,nxzz,100.0,0.0,688484,南芯科技,nxkj,45.24,-1.76,4.63,43.84,103.19,171,-3.09,96.91,270105,电子,shkc,C,,[],0,0,buy,AA+,,30.688,56.992,8.2,buy,2032-06-17,5.951,15.869,0.0,50733.43,0.0,2.03,,0,,00,Y,N,0,0,Y,,未到转股期；2026-12-25 开始转股,计算使用6.0年期 评级为AA+ 债参考YTM：1.9483,N,15.869,待上市,,,,0,{'M': ''},0,0,N,,,buy,buy
2026-07-07 10:37:43,123275,肇民转债,zmzz,100.0,0.0,301000,肇民科技,zmkj,34.2,4.01,6.32,33.8,101.18,192,-1.17,98.83,280205,汽车,szcy,C,,[],0,0,buy,AA-,,23.66,43.94,7.5,buy,2032-07-08,6.003,5.9,0.0,54387.99,0.0,2.19,,0,,00,Y,N,0,0,Y,,未到转股期；2027-01-15 开始转股,计算使用6.1年期 评级为AA- 债参考YTM：3.4887,N,5.9,待上市,,,,0,{'M': ''},0,0,N,,,buy,buy
2026-07-07 10:37:43,128119,Z大转债,ldzz,73.999,-9.71,002726,ST龙大,ldms,1.46,-0.68,2.82,1.95,74.87,0,-1.17,72.83,340401,食品饮料,szmb,C,2020-08-07,[],0,0,buy,CCC,,1.365,2.535,41.0,buy,2026-07-13,0.016,6.969,141536.47,24467.61,251.77,3378.51,,0,15:34:12,00,Y,N,3,2,Y,转股价下修3次，成功下修2次,2021-01-18 开始转股,计算使用0.1年期 评级为CCC 债参考YTM：41.7432,N,9.5,全价：73.999 最后更新：15:34:12,,,,1,{'R': '到期\n最后交易日：2026-07-07\n最后转股日：2026-07-10\n债券到期日：2026-07-13\n到期赎回价：115.000元/张'},0,0,N,,,buy,buy
2026-07-07 10:37:43,110074,精达转债,jdzz,271.31,-5.23,600577,精达股份,jdgf,8.87,-5.34,3.05,3.26,272.09,0,-0.29,271.02,630805,电力设备,shmb,C,2020-09-21,[],0,0,buy,AA,,2.282,4.238,1.2,buy,2026-08-19,0.118,2.283,34944.69,61567.83,55.36,-510.16,,0,15:00:00,00,Y,N,0,0,Y,,2021-02-25 开始转股,已公告要强赎，如不考虑强赎纯债价值为111.80元，计算使用0.2年期 评级为AA 债参考YTM：1.5063,N,7.87,全价：271.310 最后更新：15:00:00,,,如不考虑强赎期权价值为172.29元,1,"{'O': '', 'M': ''}",0,0,N,,,buy,buy
2026-07-07 10:37:43,123251,华医转债,hyzz,275.231,-5.1,301235,华康洁净,hkjj,61.3,-5.11,3.47,22.24,275.63,0,-0.14,275.09,370502,医药生物,szcy,C,2025-01-09,[],0,0,buy,A+,,15.568,28.912,14.5,buy,2030-12-23,4.466,6.626,127484.1,49018.15,67.71,-17.22,,0,15:34:30,00,Y,N,0,0,Y,,2025-06-27 开始转股,如不考虑强赎纯债价值为97.08元，计算使用4.5年期 评级为A+ 债参考YTM：4.8922,N,7.5,全价：275.231 最后更新：15:34:30,,,,0,"{'B': '', 'M': ''}",0,0,N,,,buy,buy
2026-07-07 10:37:43,113624,正川转债,zczz,136.524,-1.46,603976,正川股份,zcgf,27.04,-0.99,3.4,19.78,136.7,0,-0.13,136.39,370503,医药生物,shmb,C,2021-06-01,[],0,0,buy,A+,,13.846,25.714,8.2,buy,2027-04-28,0.808,3.438,26996.23,19990.8,57.81,-19.57,,0,14:59:59,00,Y,N,1,1,Y,转股价下修1次，成功下修1次,2021-11-08 开始转股,计算使用0.9年期 评级为A+ 债参考YTM：4.1667,N,4.05,全价：136.524 最后更新：14:59:59,,,,1,[],0,0,N,,,buy,buy
2026-07-07 10:37:43,113658,密卫转债,mwzz,145.184,1.33,603713,密尔克卫,mekw,79.52,1.49,2.54,54.72,145.32,0,-0.09,145.09,420806,交通运输,shmb,C,2022-10-25,[],0,0,buy,AA-,,38.304,71.136,6.9,buy,2027-09-16,1.195,8.645,97170.89,65685.52,75.76,-18.83,,0,14:59:59,00,Y,N,1,1,Y,转股价下修1次，成功下修1次,2023-03-22 开始转股,计算使用1.2年期 评级为AA- 债参考YTM：1.8636,N,8.724,全价：145.184 最后更新：14:59:59,,,,1,{'M': ''},0,0,N,,,buy,buy
2026-07-07 10:37:43,123188,水羊转债,syzz,151.59,-1.74,300740,水羊股份,sygf,20.37,-1.36,3.51,13.44,151.56,0,0.02,151.61,770202,美容护理,szcy,C,2023-04-25,[],0,0,buy,A+,,9.408,17.472,7.7,buy,2029-04-04,2.745,5.745,178882.45,63681.61,197.89,-8.51,,0,15:34:27,00,Y,N,0,0,Y,,2023-10-11 开始转股,计算使用2.8年期 评级为A+ 债参考YTM：4.6069,N,6.95,全价：151.590 最后更新：15:34:27,,,,0,{'M': ''},0,0,N,,,buy,buy
2026-07-07 10:37:43,110081,闻泰转债,wtzz,97.859,0.99,600745,*ST闻泰,wtkj,17.92,2.11,0.94,18.36,97.6,0,0.26,98.12,270102,电子,shmb,C,2021-08-20,[],0,0,buy,BBB+,,12.852,23.868,33.3,buy,2027-07-28,1.058,77.062,70550.05,85408.83,9.37,11.74,,0,14:59:58,00,Y,N,3,3,Y,转股价下修3次，成功下修3次,2022-02-07 开始转股,计算使用1.1年期 评级为BBB+ 债参考YTM：11.9392,N,86.0,全价：97.859 最后更新：14:59:58,,,,1,[],0,0,N,,,buy,buy
2026-07-07 10:37:43,110077,洪城转债,hczz,207.552,1.45,600461,洪城环境,hchj,9.12,1.0,1.14,4.41,206.8,0,0.36,207.91,760102,环保,shmb,C,2020-12-17,[],0,0,buy,AA+,,3.087,5.733,5.7,buy,2026-11-20,0.373,6.67,16018.43,11402.36,11.6,-127.07,,0,14:59:54,00,Y,N,0,0,Y,,2021-05-26 开始转股,计算使用0.4年期 评级为AA+ 债参考YTM：1.4858,N,18.0,全价：207.552 最后更新：14:59:54,,,,1,"{'G': '本次（2025年6月22日至2025年7月11日）不提前赎回，以2026年7月12日为首个交易日重新计算', 'M': ''}",0,0,N,,,buy,buy
2026-07-07 10:37:43,113632,鹤21转债,h21zz,124.355,-2.94,603733,仙鹤股份,xhgf,22.65,-2.79,1.83,18.29,123.84,0,0.42,124.78,360103,轻工制造,shmb,C,2021-12-09,[],0,0,buy,AA,,12.803,23.777,7.5,buy,2027-11-17,1.364,12.755,26454.97,26192.08,16.41,-6.38,,0,15:00:00,00,Y,N,2,2,Y,转股价下修2次，成功下修2次,2022-05-23 开始转股,已公告要强赎，如不考虑强赎纯债价值为111.38元，计算使用1.4年期 评级为AA 债参考YTM：1.6110,N,20.5,全价：124.355 最后更新：15:00:00,,,如不考虑强赎期权价值为34.35元,1,"{'O': '', 'M': ''}",0,0,N,,,buy,buy
2026-07-07 10:37:43,118011,银微转债,ywzz,243.2,-5.65,688689,银河微电,yhwd,75.15,-6.93,7.06,31.05,242.03,0,0.48,243.68,270102,电子,shkc,C,2022-08-02,[],0,0,buy,A+,,21.735,40.365,2.7,buy,2028-07-04,1.995,2.728,335300.53,92768.33,507.97,-30.85,,0,15:00:00,00,Y,N,0,0,Y,,2023-01-09 开始转股,已公告要强赎，如不考虑强赎纯债价值为107.93元，计算使用2.0年期 评级为A+ 债参考YTM：4.3617,N,5.0,全价：243.200 最后更新：15:00:00,,,如不考虑强赎期权价值为155.19元,1,"{'O': '', 'M': ''}",0,0,N,,,buy,buy
2026-07-07 10:37:43,118040,宏微转债,hwzz,128.622,1.66,688711,宏微科技,hwkj,36.23,0.64,7.11,28.51,127.08,0,1.21,129.83,270102,电子,shkc,C,2023-08-14,[],0,0,buy,A,,19.957,37.063,5.6,buy,2029-07-25,3.052,4.287,86360.13,60993.07,155.56,-2.22,,0,15:00:00,00,Y,N,1,1,Y,转股价下修1次，成功下修1次,2024-01-31 开始转股,已公告要强赎，如不考虑强赎纯债价值为98.27元，计算使用3.1年期 评级为A 债参考YTM：7.0511,N,4.3,全价：128.622 最后更新：15:00:00,,,如不考虑强赎期权价值为71.03元,0,"{'O': '', 'M': ''}",0,0,N,,,buy,buy
2026-07-07 10:37:43,113706,金帝转债,jdzz,100.0,0.0,603270,金帝股份,jdgf,29.94,-4.1,2.86,30.62,97.78,168,2.27,102.27,640108,机械设备,shmb,C,,[],0,0,buy,AA,,21.434,39.806,45.8,buy,2032-06-14,5.943,9.7,0.0,24427.2,0.0,2.96,,0,,00,Y,N,0,0,Y,,未到转股期；2026-12-22 开始转股,计算使用6.0年期 评级为AA 债参考YTM：2.2083,N,9.7,待上市,,,,0,{'M': ''},0,0,N,,,buy,buy
2026-07-07 10:37:43,123178,花园转债,hyzz,139.0,-9.32,300401,花园生物,hysw,17.91,-12.42,2.76,13.34,134.26,0,3.53,142.53,370101,医药生物,szcy,C,2023-03-23,[],0,0,buy,AA-,,9.338,17.342,12.1,buy,2029-03-06,2.666,11.58,85173.44,127274.09,50.97,-5.9,,0,15:34:21,00,Y,N,1,1,Y,转股价下修1次，成功下修1次,2023-09-11 开始转股,计算使用2.7年期 评级为AA- 债参考YTM：2.2256,N,12.0,全价：139.000 最后更新：15:34:21,,,,0,{'M': ''},0,0,N,,,buy,buy
2026-07-07 10:37:43,118027,宏图转债,htzz,86.074,-4.19,688066,*ST航图,htht,10.89,-2.77,-2.51,13.12,83.0,0,3.7,89.77,710301,计算机,shkc,C,2022-12-22,[],0,0,buy,B-,,9.184,17.056,32.7,buy,2028-11-28,2.397,9.475,10268.29,8311.65,12.44,14.82,,0,14:59:58,00,Y,N,3,3,Y,转股价下修3次，成功下修3次,2023-06-02 开始转股,,N,10.088,全价：86.074 最后更新：14:59:58,,,,0,[],0,0,N,,,buy,buy
2026-07-07 10:37:43,123213,天源转债,tyzz,290.937,-2.69,301127,武汉天源,whty,19.93,-2.54,3.9,7.14,279.13,0,4.23,295.17,760102,环保,szcy,C,2023-08-16,[],0,0,buy,AA-,,4.998,9.282,2.5,buy,2029-07-28,3.06,3.26,15333.74,38930.05,15.98,-26.25,,0,15:34:36,00,Y,N,0,0,N,2026-07-02 至 2026-07-09 期间暂停转股：权益分派,2024-02-05 开始转股;2026-07-02 至 2026-07-09 期间暂停转股：权益分派,计算使用3.1年期 评级为AA- 债参考YTM：2.3501,N,10.0,全价：290.937 最后更新：15:34:36,,,,0,"{'G': '本次（2026年3月13日至2026年4月2日）不提前赎回，自2026年10月2日后首个交易日重新计算', 'M': ''}",0,0,N,,,buy,buy
2026-07-07 10:37:43,127041,Z亚转债,hyzz,114.912,-0.12,002833,弘亚数控,hysk,18.08,-3.32,2.54,16.4,110.24,0,4.23,119.14,640209,机械设备,szmb,C,2021-08-10,[],0,0,buy,AA-,,11.48,21.32,9.9,buy,2026-07-12,0.014,5.22,32490.98,19476.76,54.17,4.67,,0,15:34:48,00,Y,N,1,1,Y,转股价下修1次，成功下修1次,2022-01-17 开始转股,计算使用0.1年期 评级为AA- 债参考YTM：1.7123,N,6.0,全价：114.912 最后更新：15:34:48,,,,1,{'R': '到期\n最后交易日：2026-07-07\n最后转股日：2026-07-10\n债券到期日：2026-07-12\n到期赎回价：115.000元/张'},0,0,N,,,buy,buy
2026-07-07 10:37:43,127114,宜化转债,yhzz,100.0,0.0,000422,湖北宜化,hbyh,13.48,-4.33,2.09,14.08,95.74,181,4.45,104.45,220801,基础化工,szmb,C,,[],0,0,buy,AA+,,9.856,18.304,23.1,buy,2032-06-25,5.973,33.0,0.0,40807.07,0.0,2.2,,0,,00,Y,Y,0,0,Y,,未到转股期；2027-01-04 开始转股,计算使用6.0年期 评级为AA+ 债参考YTM：1.9483,N,33.0,待上市,,,,0,{'M': ''},0,0,N,,,buy,buy
2026-07-07 10:37:43,118053,正帆转债,zfzz,214.662,2.03,688596,正帆科技,zfkj,78.5,10.56,6.17,38.35,204.69,0,4.87,219.53,640209,机械设备,shkc,C,2025-04-03,[],0,0,buy,AA,,26.845,49.855,4.5,buy,2031-03-18,4.699,10.409,561240.27,313134.46,244.55,-12.45,,0,15:00:00,00,Y,N,0,0,Y,,2025-09-24 开始转股,计算使用4.7年期 评级为AA 债参考YTM：1.9983,N,10.41,全价：214.662 最后更新：15:00:00,,,,0,{'M': ''},0,0,N,,,buy,buy
2026-07-07 10:37:43,123245,集智转债,jzzz,432.898,1.62,300553,集智股份,jzgf,74.13,2.7,9.68,18.06,410.47,0,5.47,438.37,640107,机械设备,szcy,C,2024-08-28,[],0,0,buy,A,,12.642,23.478,2.4,buy,2030-08-14,4.107,1.537,166137.34,45652.81,246.8,-27.11,,0,15:34:51,00,Y,N,0,0,Y,,2025-02-20 开始转股,计算使用4.2年期 评级为A 债参考YTM：7.1952,N,2.546,全价：432.898 最后更新：15:34:51,,,,0,{'G': '本次（2026年6月2日至2026年6月23日）不提前赎回，自2026年9月23日后首个交易日重新计算'},0,0,N,,,buy,buy
2026-07-07 10:37:43,123207,冠中转债,gzzz,246.076,-0.53,300948,冠中生态,gzst,24.35,-0.37,4.12,10.44,233.24,0,5.5,251.58,620307,建筑装饰,szcy,C,2023-08-09,[],0,0,buy,A-,,7.308,13.572,3.9,buy,2029-07-21,3.041,1.455,26628.3,10108.19,74.9,-21.39,,0,15:34:18,00,Y,N,1,1,Y,转股价下修1次，成功下修1次,2024-01-29 开始转股,计算使用3.1年期 评级为A- 债参考YTM：9.4011,N,4.0,全价：246.076 最后更新：15:34:18,,,,0,"{'G': '本次（2026年5月27日至2026年6月16日）不提前赎回，自2026年9月16日后首个交易日重新计算', 'M': ''}",0,0,N,,,buy,buy
2026-07-07 10:37:43,113039,嘉泽转债,jzzz,152.659,-2.31,601619,嘉泽新能,jzxn,4.16,-4.37,1.51,2.89,143.95,0,6.05,158.71,410107,公用事业,shmb,C,2020-09-17,[],0,0,buy,AA,,2.023,3.757,2.8,buy,2026-08-24,0.132,2.865,10355.28,15962.9,23.52,-222.47,,0,14:59:58,00,Y,N,0,0,Y,,2021-03-01 开始转股,计算使用0.2年期 评级为AA 债参考YTM：1.5063,N,13.0,全价：152.659 最后更新：14:59:58,,,,1,"{'G': '本次（2026年3月26日至2026年4月16日）不提前赎回，至到期日（2026年8月23日）均不行使赎回权利', 'M': ''}",0,0,N,,,buy,buy
2026-07-07 10:37:43,113707,科博转债,kbzz,100.0,0.0,603786,科博达,kbd,42.75,-3.08,2.99,45.56,93.83,188,6.57,106.57,280206,汽车,shmb,C,,[],0,0,buy,AA+,,31.892,59.228,8.6,buy,2032-07-02,5.992,14.91,0.0,10307.35,0.0,1.84,,0,,00,Y,N,0,0,Y,,未到转股期；2027-01-11 开始转股,计算使用6.0年期 评级为AA+ 债参考YTM：1.9483,N,14.91,待上市,,,,0,{'M': ''},0,0,N,,,buy,buy
2026-07-07 10:37:43,127067,恒逸转2,hyz2,146.0,-3.63,000703,恒逸石化,hysh,14.1,-7.11,1.99,10.32,136.63,0,6.86,152.86,750301,石油石化,szmb,C,2022-08-18,[],0,0,buy,AA+,,7.224,13.416,5.6,buy,2028-07-21,2.041,29.944,25782.13,131257.92,5.87,-12.3,,0,15:33:54,00,Y,N,0,0,Y,,2023-01-30 开始转股,计算使用2.1年期 评级为AA+ 债参考YTM：1.6409,N,30.0,全价：146.000 最后更新：15:33:54,,,,0,"{'G': '本次（至2026年4月27日）不提前赎回，从2026年7月28日开始计算', 'M': ''}",0,0,N,,,buy,buy
2026-07-07 10:37:43,113042,上银转债,syzz,116.444,-0.48,601229,上海银行,shyh,8.96,-0.99,0.48,8.35,107.31,0,8.52,124.96,480401,银行,shmb,C,2021-02-10,[],0,0,buy,AAA,,,10.855,15.7,buy,2027-01-25,0.553,199.775,20595.73,40157.07,0.89,-6.9,,0,14:59:17,00,Y,Y,0,0,Y,,2021-07-29 开始转股,计算使用0.6年期 评级为AAA 债参考YTM：1.4804,N,200.0,全价：116.444 最后更新：14:59:17,,,,0,{'M': ''},0,0,N,,,buy,buy
2026-07-07 10:37:43,113681,镇洋转债,zyzz,137.518,-0.14,603213,镇洋发展,zyfz,13.86,-2.12,3.12,10.95,126.58,0,8.65,146.17,220202,基础化工,shmb,C,2024-01-17,[],0,0,buy,AA-,,7.665,14.235,8.9,buy,2029-12-29,3.482,5.477,9636.34,4382.24,12.8,-4.07,,0,14:59:30,00,Y,N,0,0,Y,,2024-07-05 开始转股,计算使用3.5年期 评级为AA- 债参考YTM：2.4105,N,6.6,全价：137.518 最后更新：14:59:30,,,,0,[],0,0,N,,,buy,buy
2026-07-07 10:37:43,123274,维科转债,wkzz,100.0,0.0,301499,维科精密,wkjm,32.39,-2.35,3.43,35.62,90.93,181,9.97,109.97,280206,汽车,szcy,C,,[],0,0,buy,A+,,24.934,46.306,56.3,buy,2032-06-25,5.973,6.3,0.0,25191.68,0.0,2.84,,0,,00,Y,N,0,0,Y,,未到转股期；2027-01-04 开始转股,计算使用6.0年期 评级为A+ 债参考YTM：5.7983,N,6.3,待上市,,,,0,{'M': ''},0,0,N,,,buy,buy
2026-07-07 10:37:43,123243,严牌转债,ypzz,220.558,-2.59,301081,严牌股份,ypgf,14.42,-2.3,3.02,7.22,199.72,0,10.43,230.99,760201,环保,szcy,C,2024-07-26,[],0,0,buy,A+,,5.054,9.386,8.1,buy,2030-07-10,4.011,2.607,14236.53,5215.7,24.22,-14.54,,0,15:33:54,00,Y,N,0,0,Y,,2025-01-16 开始转股,计算使用4.1年期 评级为A+ 债参考YTM：4.8302,N,4.679,全价：220.558 最后更新：15:33:54,,,,0,"{'G': '本次（2026年5月6日至2026年5月26日）不提问赎回，以2026年8月26日后的首个交易日重新计算', 'M': ''}",0,0,N,,,buy,buy
2026-07-07 10:37:43,127096,泰坦转债,ttzz,709.0,2.46,003036,泰坦股份,ttgf,84.64,3.98,12.2,13.2,641.21,0,10.57,719.57,640206,机械设备,szmb,C,2023-11-15,[],0,0,buy,A,,9.24,17.16,1.6,buy,2029-10-25,3.304,2.875,220987.78,52854.37,107.6,-42.03,,0,15:34:00,00,Y,N,0,0,Y,,2024-05-06 开始转股,计算使用3.4年期 评级为A 债参考YTM：7.1045,N,2.955,全价：709.000 最后更新：15:34:00,,,,0,{'G': '本次（2026年6月12日至2026年7月3日）不提前赎回，以2026年10月3日后首个交易日起重新计算'},0,0,N,,,buy,buy
2026-07-07 10:37:43,123176,精测转2,jcz2,465.0,3.13,300567,精测电子,jcdz,269.0,0.91,17.0,64.51,416.99,0,11.51,476.51,640107,机械设备,szcy,C,2023-03-22,[],0,0,buy,AA-,,45.157,83.863,2.1,buy,2029-03-02,2.655,12.753,161017.98,229327.09,27.29,-41.23,,0,15:34:30,00,Y,N,0,0,Y,,2023-09-08 开始转股,计算使用2.7年期 评级为AA- 债参考YTM：2.2256,N,12.76,全价：465.000 最后更新：15:34:30,,,,0,"{'G': '本次（2025年12月23日至2026年1月14日）不提前赎回，自2026年7月14日后首个交易日重新计算', 'M': ''}",0,0,N,,,buy,buy
2026-07-07 10:37:43,113062,常银转债,cyzz,128.781,-0.52,601128,常熟银行,csyh,6.04,-1.63,0.67,5.25,115.05,0,11.94,140.72,480501,银行,shmb,C,2022-10-17,[],0,0,buy,AAA,,,6.825,27.2,buy,2028-09-15,2.195,59.994,10116.82,24752.75,1.31,-7.3,,0,14:59:37,00,Y,N,0,0,Y,,2023-03-21 开始转股,计算使用2.2年期 评级为AAA 债参考YTM：1.6031,N,60.0,全价：128.781 最后更新：14:59:37,,,,0,{'M': ''},0,0,N,,,buy,buy
2026-07-07 10:37:43,123076,强力转债,qlzz,137.26,-2.24,300429,强力新材,qlxc,15.55,0.58,4.81,12.7,122.44,0,12.1,149.36,270601,电子,szcy,C,2020-12-04,[],0,0,buy,AA-,,8.89,16.51,5.2,buy,2026-11-19,0.37,3.401,13053.07,37853.45,27.76,-48.15,,0,15:33:57,00,Y,N,1,1,Y,转股价下修1次，成功下修1次,2021-05-25 开始转股,计算使用0.4年期 评级为AA- 债参考YTM：1.7359,N,8.5,全价：137.260 最后更新：15:33:57,,,,1,{'M': ''},0,0,N,,,buy,buy
2026-07-07 10:37:43,113605,大参转债,dszz,117.011,-0.38,603233,大参林,dsl,17.48,1.63,2.53,16.86,103.68,0,12.86,129.87,370403,医药生物,shmb,C,2020-11-13,[],0,0,buy,AA,,11.802,21.918,7.1,buy,2026-10-22,0.293,14.045,5831.41,15878.82,3.54,-20.63,,0,14:59:45,00,Y,N,1,1,Y,转股价下修1次，成功下修1次,2021-04-28 开始转股,计算使用0.3年期 评级为AA 债参考YTM：1.5066,N,14.05,全价：117.011 最后更新：14:59:45,,,,1,{'M': ''},0,0,N,,,buy,buy
2026-07-07 10:37:43,118035,国力转债,glzz,162.123,-2.27,688103,国力电子,gldz,88.95,4.33,7.37,62.31,142.75,0,13.57,175.69,270401,电子,shkc,C,2023-07-06,[],0,0,buy,A+,,43.617,81.003,5.7,buy,2029-06-12,2.934,4.8,163010.77,82178.75,201.84,-10.32,,0,15:00:00,00,Y,N,0,0,Y,,2023-12-18 开始转股,计算使用3.0年期 评级为A+ 债参考YTM：4.6732,N,4.8,全价：162.123 最后更新：15:00:00,,,,0,{'M': ''},0,0,N,,,buy,buy
2026-07-07 10:37:43,123187,超达转债,cdzz,202.78,-0.11,301186,超达装备,cdzb,38.41,1.16,2.7,21.77,176.44,0,14.93,217.71,280205,汽车,szcy,C,2023-04-25,[],0,0,buy,A,,15.239,28.301,5.4,buy,2029-04-04,2.745,2.242,10106.84,5624.2,22.19,-17.9,,0,15:34:15,00,Y,N,0,0,Y,,2023-10-11 开始转股,计算使用2.8年期 评级为A 债参考YTM：6.9569,N,4.69,全价：202.780 最后更新：15:34:15,,,,0,"{'G': '本次（2026年4月10日至2026年4月30日）不提前赎回，以2026年7月31日之后的首个交易日重新起算', 'M': ''}",0,0,N,,,buy,buy
2026-07-07 10:37:43,123247,万凯转债,wkzz,214.851,-4.21,301216,万凯新材,wkxc,21.04,-2.46,1.86,11.3,186.2,0,15.39,230.24,220501,基础化工,szcy,C,2024-09-05,[],0,0,buy,AA,,7.91,14.69,17.1,buy,2030-08-16,4.112,19.642,12990.71,24304.45,3.02,-14.38,,0,15:34:27,00,Y,N,0,0,N,2026-07-03 至 2026-07-09 期间暂停转股：权益分派,2025-02-24 开始转股;2026-07-03 至 2026-07-09 期间暂停转股：权益分派,计算使用4.2年期 评级为AA 债参考YTM：1.9411,N,27.0,全价：214.851 最后更新：15:34:27,,,,0,{'M': ''},0,0,N,,,buy,buy
2026-07-07 10:37:43,113056,重银转债,cyzz,125.765,-0.57,601963,XD重庆银,cqyh,10.02,0.6,0.55,9.22,108.68,0,15.72,141.49,480401,银行,shmb,C,2022-04-14,[],0,0,buy,AAA,,,11.986,56.7,buy,2028-03-23,1.712,115.622,12790.14,12958.39,0.88,-6.39,,0,14:59:50,00,Y,N,0,0,Y,,2022-09-30 开始转股,计算使用1.8年期 评级为AAA 债参考YTM：1.5750,N,130.0,全价：125.765 最后更新：14:59:50,,,,0,[],0,0,N,,,buy,buy
2026-07-07 10:37:43,110101,宝钛转债,btzz,100.0,0.0,600456,宝钛股份,btgf,26.63,-3.16,1.76,30.98,85.96,176,16.33,116.33,240504,有色金属,shmb,C,,[],0,0,buy,AAA,,21.686,40.274,27.5,buy,2032-06-23,5.967,35.0,0.0,14862.97,0.0,1.55,,0,,00,Y,N,0,0,Y,,未到转股期；2026-12-30 开始转股,计算使用6.0年期 评级为AAA 债参考YTM：1.8083,N,35.0,待上市,,,,0,{'M': ''},0,0,N,,,buy,buy
2026-07-07 10:37:43,127080,声迅转债,sxzz,323.0,12.35,003004,声迅股份,sxgf,79.95,10.0,9.33,28.94,276.26,0,16.92,339.92,710102,计算机,szmb,C,2023-02-10,[],0,0,buy,A,,20.258,37.622,5.1,buy,2028-12-30,2.485,2.793,462179.42,25992.52,515.18,-33.52,,0,15:34:42,00,Y,N,0,0,Y,,2023-07-07 开始转股,计算使用2.5年期 评级为A 债参考YTM：6.8521,N,2.8,全价：323.000 最后更新：15:34:42,,,,0,{'G': '本次（2026年5月8日至2026年5月29日）不提前赎回，以2026年8月31日重新计算'},0,0,N,,,buy,buy
2026-07-07 10:37:43,118058,微导转债,wdzz,504.732,3.89,688147,微导纳米,wdnm,142.2,5.26,21.93,33.29,427.16,0,18.16,522.89,630505,电力设备,shkc,C,2025-08-27,[],0,0,buy,AA,,23.303,43.277,1.8,buy,2031-08-06,5.085,11.699,247603.97,150008.44,42.24,-25.6,,0,15:00:00,00,Y,N,0,0,Y,,2026-02-12 开始转股,计算使用5.1年期 评级为AA 债参考YTM：2.0451,N,11.7,全价：504.732 最后更新：15:00:00,,,,0,"{'G': '本次（2026年2月12日至2026年3月12日）不提前赎回，以2026年9月13日为首个交易日重新计算', 'M': ''}",0,0,N,,,buy,buy
2026-07-07 10:37:43,113058,友发转债,yfzz,131.696,-0.88,601686,友发集团,yfjt,4.99,-0.99,1.08,4.48,111.38,0,18.24,149.94,230403,钢铁,shmb,C,2022-04-26,[],0,0,buy,AA,,3.136,5.824,25.2,buy,2028-03-30,1.732,18.638,6066.5,1919.18,2.46,-8.17,,0,14:59:55,00,Y,N,2,2,Y,转股价下修2次，成功下修2次,2022-10-10 开始转股,计算使用1.8年期 评级为AA 债参考YTM：1.6659,N,20.0,全价：131.696 最后更新：14:59:55,,,,1,[],0,0,N,,,buy,buy
2026-07-07 10:37:43,113705,豪26转债,h26zz,100.0,0.0,603809,豪能股份,hngf,9.05,-3.72,2.21,10.74,84.26,168,18.67,118.67,280203,汽车,shmb,C,,[],0,0,buy,AA-,,6.444,13.962,21.6,buy,2032-06-14,5.943,18.0,0.0,17739.06,0.0,2.21,,0,,00,Y,N,0,0,Y,,未到转股期；2026-12-22 开始转股,计算使用6.0年期 评级为AA- 债参考YTM：3.4483,N,18.0,待上市,,,,0,{'M': ''},0,0,N,,,buy,buy
2026-07-07 10:37:43,113043,财通转债,ctzz,128.05,-4.67,601108,财通证券,ctzq,8.6,-5.81,1.03,7.98,107.77,0,18.82,146.87,490101,非银金融,shmb,C,2020-12-28,[],0,0,buy,AAA,,,10.374,9.5,buy,2026-12-10,0.427,37.992,19950.19,77352.28,4.03,-40.55,,0,14:59:58,00,Y,Y,1,1,Y,转股价下修1次，成功下修1次,2021-06-16 开始转股,计算使用0.5年期 评级为AAA 债参考YTM：1.4663,N,38.0,全价：128.050 最后更新：14:59:58,,,,0,{'M': ''},0,0,N,,,buy,buy
2026-07-07 10:37:43,123091,长海转债,chzz,171.34,-4.81,300196,长海股份,chgf,21.6,-4.76,1.8,14.99,144.1,0,18.91,190.25,610202,建筑材料,szcy,C,2021-01-15,[],0,0,buy,AA,,10.493,19.487,10.3,buy,2026-12-23,0.463,5.482,42535.14,45179.0,44.07,-76.51,,0,15:34:03,00,Y,N,0,0,Y,,2021-06-29 开始转股,计算使用0.5年期 评级为AA 债参考YTM：1.5263,N,5.5,全价：171.340 最后更新：15:34:03,,,,1,{'G': '本次（2026年4月14日至2026年5月26日）不提前赎回，自2026年8月26日后的首个交易日重新计算'},0,0,N,,,buy,buy
2026-07-07 10:37:43,128134,鸿路转债,hlzz,121.121,-1.37,002541,鸿路钢构,hlgg,18.1,-3.26,1.23,17.77,101.86,0,18.91,140.03,620401,建筑装饰,szmb,C,2020-11-02,[],0,0,buy,AA,,12.439,23.101,17.5,buy,2026-10-09,0.258,15.726,5441.93,11326.81,2.85,-36.04,,0,15:34:39,00,Y,N,2,2,N,"转股价下修2次，成功下修2次
2026-07-01 至 2026-07-07 期间暂停转股：权益分派
转股价17.770生效日期2026-06-30",2021-04-15 开始转股;2026-07-01 至 2026-07-07 期间暂停转股：权益分派,计算使用0.3年期 评级为AA 债参考YTM：1.5066,N,18.8,全价：121.121 最后更新：15:34:39,,,,0,{'M': ''},0,0,N,,,buy,buy
2026-07-07 10:37:43,123241,欧通转债,otzz,1092.0,-1.36,300870,欧陆通,olt,280.72,-4.52,16.22,30.8,911.43,0,19.81,1111.81,630306,电力设备,szcy,C,2024-07-26,[],0,0,buy,AA-,,21.56,40.04,0.6,buy,2030-07-05,3.997,2.605,93485.71,123172.35,32.8,-43.29,,0,15:34:51,00,Y,N,0,0,Y,,2025-01-13 开始转股,计算使用4.0年期 评级为AA- 债参考YTM：2.4557,N,6.445,全价：1092.000 最后更新：15:34:51,,,,0,"{'G': '本次（2026年4月14日至2026年5月7日）不提前赎回，自2026年8月7日后首个交易日重新计算', 'M': ''}",0,0,N,,,buy,buy
2026-07-07 10:37:43,128136,立讯转债,lxzz,135.816,-1.87,002475,立讯精密,lxjm,63.28,0.64,5.21,55.86,113.28,0,19.89,155.71,270504,电子,szmb,C,2020-12-02,[],0,0,buy,AA+,,39.102,72.618,0.6,buy,2026-11-03,0.326,29.848,19504.76,871251.1,4.76,-63.35,,0,15:34:42,00,Y,N,0,0,N,2026-07-07 起暂停转股：权益分派,2021-05-10 开始转股;2026-07-07 起暂停转股：权益分派,计算使用0.4年期 评级为AA+ 债参考YTM：1.4858,N,30.0,全价：135.816 最后更新：15:34:42,,,,1,{'M': ''},0,0,N,,,buy,buy
2026-07-07 10:37:43,113631,皖天转债,wtzz,133.191,-1.1,603689,皖天然气,wtrq,7.21,-1.9,0.99,6.51,110.75,0,20.26,153.45,410301,公用事业,shmb,C,2021-12-10,[],0,0,buy,AA+,,4.557,8.463,15.8,buy,2027-11-08,1.34,5.958,4266.4,2351.08,5.37,-12.38,,0,14:59:47,00,Y,N,0,0,Y,,2022-05-12 开始转股,计算使用1.4年期 评级为AA+ 债参考YTM：1.5588,N,9.3,全价：133.191 最后更新：14:59:47,,,,1,[],0,0,N,,,buy,buy
2026-07-07 10:37:43,113667,春23转债,c23zz,271.071,-3.29,603890,春秋电子,cqdz,22.34,-5.14,2.96,9.95,224.52,0,20.73,291.8,270504,电子,shmb,C,2023-04-11,[],0,0,buy,AA-,,6.965,12.935,5.7,buy,2029-03-17,2.696,5.697,47687.66,55639.87,30.4,-26.74,,0,14:59:59,00,Y,N,0,0,Y,,2023-09-25 开始转股,计算使用2.7年期 评级为AA- 债参考YTM：2.2256,N,5.7,全价：271.071 最后更新：14:59:59,,,,0,"{'G': '本次（2026年3月27日至2026年4月17日）不提前赎回，自2026年7月17日之后的首个交易日重新起算', 'M': ''}",0,0,N,,,buy,buy
2026-07-07 10:37:43,128128,齐翔转2,qxz2,110.922,-0.68,002408,齐翔腾达,qxtd,4.93,-1.6,1.28,5.37,91.81,0,20.82,131.74,750303,石油石化,szmb,C,2020-09-15,[],0,0,buy,AA,,3.759,6.981,5.0,buy,2026-08-20,0.121,6.792,2573.24,13273.09,3.4,-7.06,,0,15:34:15,00,Y,N,0,0,Y,,2021-02-26 开始转股,计算使用0.2年期 评级为AA 债参考YTM：1.5063,N,29.9,全价：110.922 最后更新：15:34:15,,,,1,{'M': ''},0,0,N,,,buy,buy
2026-07-07 10:37:43,113673,岱美转债,dmzz,199.878,-5.38,603730,岱美股份,dmgf,11.77,-4.39,5.03,7.12,165.31,0,20.91,220.79,280202,汽车,shmb,C,2023-08-10,[],0,0,buy,AA,,4.984,9.256,3.6,buy,2029-07-18,3.033,9.078,38979.26,30569.69,20.76,-16.65,,0,14:59:59,00,Y,N,1,1,Y,转股价下修1次，成功下修1次,2024-01-24 开始转股,计算使用3.1年期 评级为AA 债参考YTM：1.7931,N,9.079,全价：199.878 最后更新：14:59:59,,,,0,"{'G': '本次（2026年5月7日至2026年5月27日）不提前赎回，以2026年8月27日之后的首个交易日重新起算', 'M': ''}",0,0,N,,,buy,buy
2026-07-07 10:37:43,113615,金诚转债,jczz,663.779,-3.58,603979,金诚信,jcx,64.3,-1.29,3.45,11.78,545.84,0,21.61,685.39,240302,有色金属,shmb,C,2021-01-14,[],0,0,buy,AA,,8.246,15.314,1.2,buy,2026-12-23,0.463,4.958,30583.39,51347.78,9.23,-180.59,,0,14:59:56,00,Y,N,0,0,N,2026-07-01 至 2026-07-08 期间暂停转股：权益分派,2021-06-29 开始转股;2026-07-01 至 2026-07-08 期间暂停转股：权益分派,计算使用0.5年期 评级为AA 债参考YTM：1.5263,N,10.0,全价：663.779 最后更新：14:59:56,,,,1,"{'G': '本次（2025年10月10日至2025年10月30日）不提前赎回，至2026年12月22日到期均不提前赎回', 'M': ''}",0,0,N,,,buy,buy
2026-07-07 10:37:43,127040,国泰转债,gtzz,125.125,0.41,002091,江苏国泰,jsgt,7.55,2.03,0.75,7.35,102.72,0,21.81,146.94,450201,商贸零售,szmb,C,2021-08-10,[],0,0,buy,AA+,,5.145,9.555,33.0,buy,2027-07-07,1.0,39.863,7536.65,12546.14,1.51,-13.72,,0,15:34:45,00,Y,N,0,0,Y,,2022-01-13 开始转股,计算使用1.0年期 评级为AA+ 债参考YTM：1.5330,N,45.574,全价：125.125 最后更新：15:34:45,,,,1,{'M': ''},0,0,N,,,buy,buy
2026-07-07 10:37:43,110076,华海转债,hhzz,119.107,0.02,600521,华海药业,hhyy,16.13,-3.99,2.45,16.5,97.76,0,21.84,140.95,370102,医药生物,shmb,C,2020-11-25,[],0,0,buy,AA,,11.55,21.45,7.6,buy,2026-11-02,0.323,18.424,17203.07,111804.82,7.87,-23.65,,0,14:59:59,00,Y,N,1,1,Y,转股价下修1次，成功下修1次,2021-05-06 开始转股,计算使用0.4年期 评级为AA 债参考YTM：1.5158,N,18.426,全价：119.107 最后更新：14:59:59,,,,1,{'M': ''},0,0,N,,,buy,buy
2026-07-07 10:37:43,127084,柳工转2,lgz2,142.734,-0.46,000528,柳工,lg,8.16,-1.33,0.87,6.98,116.91,0,22.09,164.82,640601,机械设备,szmb,C,2023-04-20,[],0,0,buy,AAA,,4.886,9.074,14.9,buy,2029-03-27,2.723,24.809,19398.37,38459.98,5.44,-7.51,,0,15:34:00,00,Y,N,0,0,Y,,2023-10-09 开始转股,计算使用2.8年期 评级为AAA 债参考YTM：1.6244,N,30.0,全价：142.734 最后更新：15:34:00,,,,0,{'M': ''},0,0,N,,,buy,buy
2026-07-07 10:37:43,118016,京源转债,jyzz,168.507,-3.82,688096,京源环保,jyhb,9.53,-3.25,2.66,6.91,137.92,0,22.18,190.69,760102,环保,shkc,C,2022-08-25,[],0,0,buy,A,,4.837,8.983,7.4,buy,2028-08-05,2.082,1.675,30399.25,15472.11,105.92,-15.56,,0,14:59:55,00,Y,N,0,0,Y,,2023-02-13 开始转股,计算使用2.1年期 评级为A 债参考YTM：6.7329,N,3.325,全价：168.507 最后更新：14:59:55,,,,0,"{'G': '本次（2026年5月11日至2026年5月29日）不提前赎回，以2026年8月30日（若为非交易日则顺延）为首个交易日重新计算', 'M': ''}",0,0,N,,,buy,buy
2026-07-07 10:37:43,111025,圣泉转债,sqzz,100.0,0.0,605589,圣泉集团,sqjt,57.7,0.0,4.48,70.8,81.5,178,22.7,122.7,220504,基础化工,shmb,C,,[],0,0,buy,AA+,,49.56,92.04,5.1,buy,2032-06-24,5.97,25.0,0.0,273874.21,0.0,1.86,,0,,00,Y,N,0,0,Y,,未到转股期；2027-01-01 开始转股,计算使用6.0年期 评级为AA+ 债参考YTM：1.9483,N,25.0,待上市,,,,0,{'M': ''},0,0,N,,,buy,buy
2026-07-07 10:37:43,123160,泰福转债,tfzz,169.134,1.05,300992,泰福泵业,tfby,27.0,1.05,2.85,19.77,136.57,0,23.84,192.97,640106,机械设备,szcy,C,2022-10-25,[],0,0,buy,A,,13.839,25.701,11.0,buy,2028-09-28,2.23,2.315,40856.54,12918.4,103.2,-14.78,,0,15:34:21,00,Y,N,1,1,N,"转股价下修1次，成功下修1次
2026-07-02 至 2026-07-09 期间暂停转股：权益分派
转股价19.770生效日期2025-06-27",2023-04-11 开始转股;2026-07-02 至 2026-07-09 期间暂停转股：权益分派,计算使用2.3年期 评级为A 债参考YTM：6.7871,N,3.349,全价：169.134 最后更新：15:34:21,,,,0,"{'G': '本次（2026年5月6日至2026年5月26日）不提前赎回，自2026年8月31日后首个交易日重新计算', 'M': ''}",0,0,N,,,buy,buy
2026-07-07 10:37:43,123171,共同转债,gtzz,137.85,1.29,300966,共同药业,gtyy,30.03,2.18,4.17,27.12,110.73,0,24.49,162.34,370101,医药生物,szcy,C,2022-12-16,[],0,0,buy,A-,,18.984,35.256,16.5,buy,2028-11-28,2.397,3.799,10671.01,23740.18,20.42,-5.98,,0,15:34:27,00,Y,N,0,0,N,2026-07-02 起暂停转股：权益分派,2023-06-02 开始转股;2026-07-02 起暂停转股：权益分派,计算使用2.4年期 评级为A- 债参考YTM：9.1686,N,3.8,全价：137.850 最后更新：15:34:27,,,,0,{'M': ''},0,0,N,,,buy,buy
2026-07-07 10:37:43,113046,金田转债,jtzz,134.001,-2.47,601609,金田股份,jtgf,10.95,-3.78,1.84,10.18,107.56,0,24.58,158.58,240302,有色金属,shmb,C,2021-04-12,[],0,0,buy,AA+,,7.126,13.234,7.9,buy,2027-03-22,0.707,14.992,9985.36,44918.35,4.94,-25.34,,0,14:59:41,00,Y,N,0,0,Y,,2021-09-27 开始转股,计算使用0.8年期 评级为AA+ 债参考YTM：1.5314,N,15.0,全价：134.001 最后更新：14:59:41,,,,1,{'M': ''},0,0,N,,,buy,buy
2026-07-07 10:37:43,113051,节能转债,jnzz,127.734,-3.32,601016,节能风电,jnfd,3.41,-5.28,1.24,3.33,102.4,0,24.74,152.47,410107,公用事业,shmb,C,2021-07-22,[],0,0,buy,AAA,,2.331,4.329,12.9,buy,2027-06-21,0.956,26.519,15188.27,55047.0,4.42,-14.52,,0,15:00:00,00,Y,N,1,0,Y,转股价下修1次，成功下修0次,2021-12-27 开始转股,计算使用1.0年期 评级为AAA 债参考YTM：1.5030,N,30.0,全价：127.734 最后更新：15:00:00,,,,1,"{'G': '本次（2026年4月23日至2026年5月19日）不提前赎回，自2026年8月19日之后的首个交易日重新起算', 'M': ''}",0,0,N,,,buy,buy
2026-07-07 10:37:43,113680,丽岛转债,ldzz,147.356,0.24,603937,丽岛新材,ldxc,15.23,4.39,2.02,12.91,117.97,0,24.91,172.27,240301,有色金属,shmb,C,2023-12-05,[],0,0,buy,A+,,9.037,16.783,9.4,buy,2029-11-15,3.362,2.998,28238.17,40040.72,63.64,-5.98,,0,14:59:56,00,Y,N,0,0,Y,,2024-05-21 开始转股,计算使用3.4年期 评级为A+ 债参考YTM：4.7545,N,3.0,全价：147.356 最后更新：14:59:56,,,,0,[],0,0,N,,,buy,buy
2026-07-07 10:37:43,123211,阳谷转债,ygzz,176.191,-0.73,300121,阳谷华泰,yght,12.97,0.7,1.58,9.2,140.98,0,24.98,201.17,220604,基础化工,szcy,C,2023-08-14,[],0,0,buy,AA-,,6.44,11.96,5.5,buy,2029-07-27,3.058,3.07,51698.49,63580.57,92.95,-12.15,,0,15:34:39,00,Y,N,0,0,Y,,2024-02-02 开始转股,计算使用3.1年期 评级为AA- 债参考YTM：2.3501,N,6.5,全价：176.191 最后更新：15:34:39,,,,0,[],0,0,N,,,buy,buy
2026-07-07 10:37:43,123118,惠城转债,hczz,738.0,3.0,300779,惠城环保,hchb,60.6,2.23,7.98,10.33,586.64,0,25.8,763.8,760103,环保,szcy,C,2021-07-26,[],0,0,buy,A+,,7.231,13.429,0.5,buy,2027-07-07,1.0,0.654,203104.06,78329.7,417.51,-84.65,,0,15:34:03,00,Y,N,0,0,Y,,2022-01-13 开始转股,计算使用1.0年期 评级为A+ 债参考YTM：4.1730,N,3.2,全价：738.000 最后更新：15:34:03,,,,1,"{'G': '本次（2026年5月6日至2026年5月26日）不提前赎回，自2026年8月26日后首个交易日重新计算', 'M': ''}",0,0,N,,,buy,buy
2026-07-07 10:37:43,127103,东南转债,dnzz,143.6,-2.3,002135,东南网架,dnwj,6.38,-4.63,1.12,5.59,114.13,0,25.82,169.42,620401,建筑装饰,szmb,C,2024-01-24,[],0,0,buy,AA,,3.913,7.267,30.7,buy,2030-01-03,3.496,19.999,5071.6,10803.42,1.76,-6.92,,0,15:34:03,00,Y,N,0,0,Y,,2024-07-09 开始转股,计算使用3.5年期 评级为AA 债参考YTM：1.8443,N,20.0,全价：143.600 最后更新：15:34:03,,,,0,"{'G': '本次（2026年3月17日至2026年4月28日）不提前赎回，自2026年7月28日后首个交易日重新计算', 'M': ''}",0,0,N,,,buy,buy
2026-07-07 10:37:43,118044,赛特转债,stzz,170.57,2.23,688398,赛特新材,stxc,25.55,3.44,3.74,18.85,135.54,0,25.84,196.41,220309,基础化工,shkc,C,2023-10-12,[],0,0,buy,A+,,13.195,24.505,10.3,buy,2029-09-11,3.184,4.42,19117.2,8477.17,25.13,-11.29,,0,14:59:59,00,Y,N,1,1,Y,转股价下修1次，成功下修1次,2024-03-15 开始转股,计算使用3.2年期 评级为A+ 债参考YTM：4.7233,N,4.42,全价：170.570 最后更新：14:59:59,,,,0,"{'G': '本次（2026年3月10日至2026年4月20日）不提前赎回，以2026年10月21日起算', 'M': ''}",0,0,N,,,buy,buy
2026-07-07 10:37:43,127055,精装转债,jzzz,205.292,-14.57,002989,中天精装,ztjz,30.17,-9.99,4.24,18.5,163.08,0,25.88,231.17,620201,建筑装饰,szmb,C,2022-03-24,[],0,0,buy,AA-,,12.95,24.05,3.5,buy,2028-02-22,1.63,2.081,91726.82,33222.21,206.95,-29.43,,0,15:34:51,00,Y,N,0,0,Y,,2022-08-29 开始转股,计算使用1.7年期 评级为AA- 债参考YTM：1.9616,N,5.77,全价：205.292 最后更新：15:34:51,,,,1,{'G': '本次（2026年2月24日至2026年3月16日）不提前赎回，自2027年3月16日后首个交易日重新计算'},0,0,N,,,buy,buy
2026-07-07 10:37:43,113677,华懋转债,hmzz,358.786,3.43,603306,华懋科技,hmkj,95.78,3.89,9.08,33.66,284.55,0,26.09,384.88,280202,汽车,shmb,C,2023-10-12,[],0,0,buy,AA-,,23.562,43.758,3.3,buy,2029-09-14,3.192,10.489,71971.58,103508.22,19.06,-30.14,,0,15:00:00,00,Y,N,0,0,Y,,2024-03-20 开始转股,计算使用3.2年期 评级为AA- 债参考YTM：2.3713,N,10.5,全价：358.786 最后更新：15:00:00,,,,0,{'M': ''},0,0,N,,,buy,buy
2026-07-07 10:37:43,110092,三房转债,sfzz,73.569,1.73,600370,*ST三房,sfx,1.76,1.73,1.37,3.02,58.28,0,26.24,99.81,220401,基础化工,shmb,C,2023-02-07,[],0,0,buy,A-,,2.114,3.926,29.9,buy,2029-01-06,2.504,21.185,70639.01,10674.41,45.86,19.25,,0,15:00:00,00,Y,N,0,0,Y,,2023-07-12 开始转股,计算使用2.6年期 评级为A- 债参考YTM：9.2368,N,25.0,全价：73.569 最后更新：15:00:00,,,,0,[],0,0,N,,,buy,buy
2026-07-07 10:37:43,127030,盛虹转债,shzz,119.0,-4.03,000301,东方盛虹,dfsh,12.43,-9.99,2.31,13.21,94.1,0,26.47,145.47,750301,石油石化,szmb,C,2021-04-21,[],0,0,buy,AA+,,9.247,17.173,6.1,buy,2027-03-22,0.707,49.974,26867.35,113387.19,4.49,-13.08,,0,15:34:21,00,Y,N,0,0,Y,,2021-09-27 开始转股,计算使用0.8年期 评级为AA+ 债参考YTM：1.5314,N,50.0,全价：119.000 最后更新：15:34:21,,,,1,{'M': ''},0,0,N,,,buy,buy
2026-07-07 10:37:43,111002,特纸转债,tzzz,144.4,0.39,605007,五洲特纸,wztz,15.4,2.19,1.95,13.49,114.16,0,26.49,170.89,360103,轻工制造,shmb,C,2021-12-30,[],0,0,buy,AA,,9.443,17.537,9.1,buy,2027-12-08,1.422,6.619,9394.93,11340.19,9.92,-15.6,,0,14:59:57,00,Y,N,1,1,Y,转股价下修1次，成功下修1次,2022-06-14 开始转股,计算使用1.5年期 评级为AA 债参考YTM：1.6241,N,6.7,全价：144.400 最后更新：14:59:57,,,,1,[],0,0,N,,,buy,buy
2026-07-07 10:37:43,123183,海顺转债,hszz,136.64,-0.99,300501,海顺新材,hsxc,12.56,-2.56,2.25,11.63,108.0,0,26.52,163.16,360206,轻工制造,szcy,C,2023-04-20,[],0,0,buy,AA-,,8.141,15.119,18.2,buy,2029-03-23,2.712,6.329,8035.48,6713.75,9.25,-5.2,,0,15:34:12,00,Y,N,2,0,Y,转股价下修2次，成功下修0次,2023-10-09 开始转股,计算使用2.8年期 评级为AA- 债参考YTM：2.2593,N,6.33,全价：136.640 最后更新：15:34:12,,,,0,[],0,0,N,,,buy,buy
2026-07-07 10:37:43,127092,运机转债,yjzz,255.5,-1.28,001288,运机集团,yjjt,23.94,-2.6,2.29,11.91,201.01,0,27.11,282.61,640203,机械设备,szmb,C,2023-10-20,[],0,0,buy,AA-,,8.337,15.483,14.4,buy,2029-09-21,3.211,5.25,10177.0,5393.05,7.56,-21.19,,0,15:33:54,00,Y,N,0,0,Y,,2024-03-27 开始转股,计算使用3.3年期 评级为AA- 债参考YTM：2.3878,N,7.3,全价：255.500 最后更新：15:33:54,,,,0,{'G': '本次（2025年12月8日至2025年12月26日）不提前赎回，以2026年12月26日后的首个交易日起重新计算'},0,0,N,,,buy,buy
2026-07-07 10:37:43,111012,福新转债,fxzz,361.302,-4.16,605488,福莱新材,flxc,31.45,-3.7,4.16,11.07,284.1,0,27.17,388.47,220505,基础化工,shmb,C,2023-02-07,[],0,0,buy,A+,,7.749,14.391,1.2,buy,2029-01-04,2.499,1.017,70610.93,35446.87,188.59,-36.28,,0,14:59:59,00,Y,N,0,0,Y,,2023-07-10 开始转股,计算使用2.5年期 评级为A+ 债参考YTM：4.5021,N,4.29,全价：361.302 最后更新：14:59:59,,,,0,[],0,0,N,,,buy,buy
2026-07-07 10:37:43,118030,睿创转债,rczz,496.354,-0.86,688002,睿创微纳,rcwn,151.38,1.07,9.74,38.94,388.75,0,27.68,524.03,650501,国防军工,shkc,C,2023-02-10,[],0,0,buy,AA,,27.258,50.622,1.8,buy,2028-12-30,2.485,12.622,39260.48,147590.73,6.21,-45.22,,0,14:59:57,00,Y,N,0,0,N,2026-06-30 至 2026-07-07 期间暂停转股：权益分派,2023-07-06 开始转股;2026-06-30 至 2026-07-07 期间暂停转股：权益分派,计算使用2.5年期 评级为AA 债参考YTM：1.7408,N,15.647,全价：496.354 最后更新：14:59:57,,,,0,"{'G': '本次（2026年3月18日至2026年4月8日）不提前赎回，以2027年4月9日为首个交易日重新计算', 'M': ''}",0,0,N,,,buy,buy
2026-07-07 10:37:43,127110,广核转债,ghzz,132.939,-0.61,003816,中国广核,zggh,3.82,-1.8,1.53,3.67,104.09,0,27.72,160.66,410108,公用事业,szmb,C,2025-07-25,[],0,0,buy,AAA,,2.569,4.771,3.3,buy,2031-07-09,5.008,48.993,14175.34,32443.34,2.18,-3.74,,0,15:34:30,00,Y,N,0,0,N,2026-06-30 至 2026-07-09 期间暂停转股：权益分派,2026-01-15 开始转股;2026-06-30 至 2026-07-09 期间暂停转股：权益分派,计算使用5.1年期 评级为AAA 债参考YTM：1.7580,N,49.0,全价：132.939 最后更新：15:34:30,,,,0,{'M': ''},0,0,N,,,buy,buy
2026-07-07 10:37:43,118072,鼎通转债,dtzz,100.0,0.0,688668,鼎通科技,dtkj,331.17,2.75,22.42,423.54,78.19,176,27.89,127.89,730204,通信,shkc,C,,[],0,0,buy,A+,,296.478,550.602,2.0,buy,2032-06-23,5.967,9.3,0.0,152278.01,0.0,2.84,,0,,00,Y,N,0,0,Y,,未到转股期；2026-12-30 开始转股,计算使用6.0年期 评级为A+ 债参考YTM：5.7983,N,9.3,待上市,,,,0,{'M': ''},0,0,N,,,buy,buy
2026-07-07 10:37:43,113691,和邦转债,hbzz,142.802,-3.03,603077,和邦生物,hbsw,2.23,-4.29,1.09,2.0,111.5,0,28.07,170.87,220802,基础化工,shmb,C,2024-11-19,[],0,0,buy,AA,,1.4,2.6,23.4,buy,2030-10-28,4.312,45.991,14214.77,34194.97,2.14,-5.03,,0,14:59:51,00,Y,N,0,0,Y,,2025-05-06 开始转股,计算使用4.4年期 评级为AA 债参考YTM：1.9646,N,46.0,全价：142.802 最后更新：14:59:51,,,,0,"{'G': '本次（2026年1月22日至2026年3月10日）不提前赎回，以2027年3月10日之后的首个交易日重新起算', 'M': ''}",0,0,N,,,buy,buy
2026-07-07 10:37:43,123124,晶瑞转2,jrz2,148.094,-0.48,300655,晶瑞电材,jrdc,18.36,0.49,7.74,15.88,115.62,0,28.09,176.18,270601,电子,szcy,C,2021-09-07,[],0,0,buy,A+,,11.116,20.644,2.5,buy,2027-08-16,1.11,5.224,12741.14,149673.48,16.41,-24.54,,1,15:34:09,00,Y,N,0,0,Y,,2022-02-21 开始转股,计算使用1.2年期 评级为A+ 债参考YTM：4.1985,N,5.23,全价：148.094 最后更新：15:34:09,,,,1,{'M': ''},0,0,N,,23年6月前不下修,buy,buy
2026-07-07 10:37:43,111000,起帆转债,qfzz,155.85,-7.19,605222,起帆电缆,qfdl,20.92,-7.84,1.78,17.29,121.0,0,28.81,184.66,630805,电力设备,shmb,C,2021-06-17,[],0,0,buy,AA-,,12.103,22.477,11.6,buy,2027-05-24,0.88,9.991,24873.03,38083.89,15.47,-29.8,,0,14:59:59,00,Y,N,1,1,Y,转股价下修1次，成功下修1次,2021-11-29 开始转股,计算使用0.9年期 评级为AA- 债参考YTM：1.8198,N,10.0,全价：155.850 最后更新：14:59:59,,,,1,{'G': '本次（2026年3月13日至2026年4月20日）不提前赎回，以2026年10月21日为首个交易日重新起算'},0,0,N,,,buy,buy
2026-07-07 10:37:43,123258,胜蓝转02,slz2,342.385,-3.34,300843,胜蓝股份,slgf,144.46,-3.92,14.35,54.36,265.75,0,28.84,371.23,270504,电子,szcy,C,2025-09-10,[],0,0,buy,AA-,,38.052,70.668,1.9,buy,2031-08-28,5.145,4.498,48988.29,86863.84,31.57,-18.95,,0,15:34:06,00,Y,N,0,0,Y,,2026-03-03 开始转股,计算使用5.2年期 评级为AA- 债参考YTM：2.7150,N,4.5,全价：342.385 最后更新：15:34:06,,,,0,{'G': '本次（2026年4月22日至2026年5月19日）不提前赎回，自2026年8月19日后首个交易日重新计算'},0,0,N,,,buy,buy
2026-07-07 10:37:43,118051,皓元转债,hyzz,277.879,-6.52,688131,皓元医药,hyyy,87.05,-5.66,5.78,40.37,215.63,0,28.87,306.75,370603,医药生物,shkc,C,2024-12-19,[],0,0,buy,AA-,,28.259,52.481,4.4,buy,2030-11-28,4.397,8.218,74956.93,70493.13,32.33,-18.07,,0,14:59:59,00,Y,N,0,0,N,2026-07-02 至 2026-07-10 期间暂停转股：权益分派,2025-06-04 开始转股;2026-07-02 至 2026-07-10 期间暂停转股：权益分派,计算使用4.4年期 评级为AA- 债参考YTM：2.5174,N,8.223,全价：277.879 最后更新：14:59:59,,,,0,"{'G': '本次（2026年5月20日至2026年6月9日）不提前赎回，以2026年10月12日为首个交易日重新计算', 'M': ''}",0,0,N,,,buy,buy
2026-07-07 10:37:43,113610,灵康转债,lkzz,120.52,-0.58,603669,灵康药业,lkyy,6.06,1.51,6.93,6.5,93.23,0,29.27,149.79,370102,医药生物,shmb,C,2020-12-22,[],0,0,buy,A-,,4.55,8.45,5.9,buy,2026-12-01,0.403,2.53,3031.09,24338.38,9.96,-11.45,,0,14:59:53,00,Y,N,2,2,Y,转股价下修2次，成功下修2次,2021-06-07 开始转股,计算使用0.5年期 评级为A- 债参考YTM：8.7963,N,5.25,全价：120.520 最后更新：14:59:53,,,,1,[],0,0,N,,,buy,buy
2026-07-07 10:37:43,127070,大中转债,dzzz,368.5,-2.77,001203,大中矿业,dzky,30.09,-1.34,6.17,10.56,284.94,0,29.32,397.82,230301,钢铁,szmb,C,2022-10-11,[],0,0,buy,AA,,7.392,13.728,2.4,buy,2028-08-17,2.115,9.342,86256.98,55853.07,24.9,-42.73,,0,15:34:39,00,Y,N,0,0,Y,,2023-02-23 开始转股,计算使用2.2年期 评级为AA 债参考YTM：1.7135,N,15.2,全价：368.500 最后更新：15:34:39,,,,0,"{'G': '本次（2026年2月24日至2026年3月16日）不提前赎回，以2026年9月16日后的首个交易日重新计算', 'M': ''}",0,0,N,,,buy,buy
2026-07-07 10:37:43,123209,聚隆转债,jlzz,179.35,-1.67,300644,南京聚隆,njjl,24.07,-3.37,2.38,17.52,137.39,0,30.54,209.89,220503,基础化工,szcy,C,2023-08-17,[],0,0,buy,A+,,12.264,22.776,7.9,buy,2029-07-26,3.055,1.672,6845.73,6852.18,22.63,-13.07,,0,15:34:36,00,Y,N,0,0,Y,,2024-02-01 开始转股,计算使用3.1年期 评级为A+ 债参考YTM：4.7011,N,2.185,全价：179.350 最后更新：15:34:36,,,,0,{'G': '本次（2026年1月26日至2026年2月13日）不提前赎回，自2026年8月13日后首个交易日重新计算'},0,0,N,,,buy,buy
2026-07-07 10:37:43,118069,爱科转债,akzz,100.0,0.0,688092,爱科科技,akkj,21.85,-5.41,2.71,28.53,76.59,163,30.57,130.57,640209,机械设备,shkc,C,2026-07-09,[],0,0,buy,AA-,,19.971,37.089,14.8,buy,2032-06-10,5.932,2.67,0.0,2509.45,0.0,2.8,,0,,00,Y,N,0,0,Y,,未到转股期；2026-12-17 开始转股,计算使用6.0年期 评级为AA- 债参考YTM：3.4483,N,2.67,待上市,,,,0,{'M': ''},0,0,N,,,buy,buy
2026-07-07 10:37:43,127078,优彩转债,yczz,144.998,-2.23,002998,优彩资源,yczy,7.0,-3.58,1.37,6.31,110.94,0,30.71,175.71,220401,基础化工,szmb,C,2023-01-09,[],0,0,buy,A+,,4.417,8.203,22.0,buy,2028-12-14,2.441,4.158,8915.66,15175.7,14.63,-7.84,,0,15:34:15,00,Y,N,0,0,Y,,2023-06-20 开始转股,计算使用2.5年期 评级为A+ 债参考YTM：4.5021,N,6.0,全价：144.998 最后更新：15:34:15,,,,0,[],0,0,N,,,buy,buy
2026-07-07 10:37:43,123158,宙邦转债,zbzz,276.81,-1.07,300037,新宙邦,xzb,85.04,-0.11,5.71,40.49,210.03,0,31.8,308.61,630702,电力设备,szcy,C,2022-10-21,[],0,0,buy,AA,,28.343,52.637,3.9,buy,2028-09-26,2.225,18.046,50749.67,175745.34,9.98,-33.49,,0,15:34:12,00,Y,N,0,0,Y,,2023-03-30 开始转股,计算使用2.3年期 评级为AA 债参考YTM：1.7231,N,19.7,全价：276.810 最后更新：15:34:12,,,,0,"{'G': '本次（2025年12月25日至2026年1月22日）不提前赎回，自2026年7月22日后首个交易日重新计算', 'M': ''}",0,0,N,,,buy,buy
2026-07-07 10:37:43,118050,航宇转债,hyzz,298.217,-4.69,688239,航宇科技,hykj,56.13,-4.54,5.21,24.81,226.24,0,31.81,330.03,650201,国防军工,shkc,C,2024-09-10,[],0,0,buy,AA-,,17.367,32.253,6.2,buy,2030-08-21,4.126,6.597,37688.95,36214.83,18.72,-20.12,,0,14:59:59,00,Y,N,0,0,Y,,2025-02-27 开始转股,计算使用4.2年期 评级为AA- 债参考YTM：2.4847,N,6.67,全价：298.217 最后更新：14:59:59,,,,0,"{'G': '本次（2026年5月28日至2026年6月17日）不提前赎回，自2026年9月18日为首个交易日重新计算', 'M': ''}",0,0,N,,,buy,buy
2026-07-07 10:37:43,118056,路维转债,lwzz,352.385,1.27,688401,路维光电,lwgd,86.08,2.66,9.62,32.3,266.5,0,32.23,384.62,270103,电子,shkc,C,2025-07-10,[],0,0,buy,AA-,,22.61,41.99,3.7,buy,2031-06-11,4.932,6.145,125528.0,72780.06,56.37,-20.4,,0,15:00:00,00,Y,N,0,0,Y,,2025-12-17 开始转股,计算使用5.0年期 评级为AA- 债参考YTM：2.6223,N,6.15,全价：352.385 最后更新：15:00:00,,,,0,"{'G': '本次（2026年4月9日至2026年4月29日）不提前赎回，以2026年7月30日为首个交易日重新计算', 'M': ''}",0,0,N,,,buy,buy
2026-07-07 10:37:43,123149,通裕转债,tyzz,134.148,-1.36,300185,通裕重工,tyzg,2.74,-1.79,1.52,2.71,101.11,0,32.68,166.83,630602,电力设备,szcy,C,2022-07-15,[],0,0,buy,AA,,1.897,3.523,10.5,buy,2028-06-20,1.956,11.069,7574.19,18278.36,5.08,-8.14,,0,15:34:15,00,Y,N,0,0,Y,,2022-12-26 开始转股,计算使用2.0年期 评级为AA 债参考YTM：1.6917,N,14.847,全价：134.148 最后更新：15:34:15,,,,1,{'M': ''},0,0,N,,,buy,buy
2026-07-07 10:37:43,127037,银轮转债,ylzz,691.7,-1.61,002126,银轮股份,ylgf,53.49,-3.1,6.0,10.27,520.84,0,32.81,724.51,280203,汽车,szmb,C,2021-07-09,[],0,0,buy,AA,,7.189,13.351,1.2,buy,2027-06-07,0.918,5.055,44018.65,192189.34,12.5,-91.63,,0,15:34:45,00,Y,N,0,0,Y,,2021-12-13 开始转股,计算使用1.0年期 评级为AA 债参考YTM：1.5730,N,7.0,全价：691.700 最后更新：15:34:45,,,,1,"{'G': '本次（2026年5月27日至2026年6月16日）不提前赎回，2027年5月16日后首个交易日重新计算', 'M': ''}",0,0,N,,,buy,buy
2026-07-07 10:37:43,118062,天准转债,tzzz,238.761,-5.56,688003,天准科技,tzkj,98.97,-5.29,9.59,55.13,179.52,0,33.0,271.76,640704,机械设备,shkc,C,2025-12-31,[],0,0,buy,AA-,,38.591,66.156,4.5,buy,2031-12-12,5.436,8.719,57664.02,68480.64,27.18,-12.61,,0,15:00:00,00,Y,N,0,0,Y,,2026-06-18 开始转股,计算使用5.5年期 评级为AA- 债参考YTM：2.9992,N,8.72,全价：238.761 最后更新：15:00:00,,,,0,"{'M': '', 'EX': '债券持有人青一投资、宁波准智等大宗减持13.27% 2026年07月03日公告\n债券持有人青一投资、宁波准智等大宗减持13.65% 2026年06月27日公告'}",0,0,N,120%,,buy,buy
2026-07-07 10:37:43,110098,南药转债,nyzz,133.84,-2.01,600713,南京医药,njyy,4.98,-3.68,0.89,4.95,100.61,0,33.03,166.87,370402,医药生物,shmb,C,2025-01-20,[],0,0,buy,AA+,,3.465,6.435,16.8,buy,2030-12-25,4.471,10.814,5824.54,6944.22,4.01,-3.91,,0,14:58:29,00,Y,N,0,0,Y,,2025-07-01 开始转股,计算使用4.5年期 评级为AA+ 债参考YTM：1.8110,N,10.815,全价：133.840 最后更新：14:58:29,,,,0,[],0,0,N,,,buy,buy
2026-07-07 10:37:43,123225,翔丰转债,xfzz,148.705,-1.0,300890,翔丰华,xfh,30.52,-2.83,1.6,27.34,111.63,0,33.21,181.92,630702,电力设备,szcy,C,2023-10-26,[],0,0,buy,AA-,,19.138,35.542,16.7,buy,2029-10-10,3.263,5.585,7298.18,16152.33,8.71,-5.88,,0,15:34:21,00,Y,N,1,1,Y,转股价下修1次，成功下修1次,2024-04-16 开始转股,计算使用3.3年期 评级为AA- 债参考YTM：2.3878,N,8.0,全价：148.705 最后更新：15:34:21,,,,0,"{'G': '本次（2026年4月22日至2026年5月15日）不提前赎回，自2026年8月15日后首个交易日重新计算', 'M': ''}",0,0,N,,,buy,buy
2026-07-07 10:37:43,127034,绿茵转债,lyzz,126.394,-0.87,002887,绿茵生态,lyst,10.59,-0.47,1.32,11.21,94.47,0,33.79,160.18,760104,环保,szmb,C,2021-05-28,[],0,0,buy,AA-,,7.847,14.573,18.6,buy,2027-04-30,0.814,4.279,2872.61,5155.36,5.31,-13.07,,0,15:34:27,00,Y,N,0,0,Y,,2021-11-11 开始转股,计算使用0.9年期 评级为AA- 债参考YTM：1.8198,N,7.12,全价：126.394 最后更新：15:34:27,,,,1,[],0,0,N,,,buy,buy
2026-07-07 10:37:43,110075,南航转债,nhzz,111.078,-1.0,600029,南方航空,nfhk,5.12,-2.1,2.5,6.17,82.98,0,33.86,144.94,421001,交通运输,shmb,C,2020-11-03,[],0,0,buy,AAA,,4.319,8.021,8.5,buy,2026-10-15,0.274,58.959,9675.77,59917.53,1.47,-15.2,,0,14:58:49,00,Y,N,0,0,Y,,2021-04-21 开始转股,计算使用0.3年期 评级为AAA 债参考YTM：1.4461,N,160.0,全价：111.078 最后更新：14:58:49,,,,1,{'M': ''},0,0,N,,,buy,buy
2026-07-07 10:37:43,123131,奥飞转债,afzz,256.583,-4.6,300738,奥飞数据,afsj,19.21,-2.98,4.86,10.05,191.14,0,34.24,290.82,730104,通信,szcy,C,2021-12-22,[],0,0,buy,A+,,7.035,13.065,1.7,buy,2027-12-03,1.408,3.159,19688.74,69621.21,23.79,-43.01,,0,15:34:09,00,Y,N,0,0,Y,,2022-06-09 开始转股,计算使用1.5年期 评级为A+ 债参考YTM：4.2553,N,6.35,全价：256.583 最后更新：15:34:09,,,,1,"{'G': '本次（2026年5月21日至2026年6月10日）不提前赎回，以2026年12月10日后的首个交易日重新计算', 'M': ''}",0,0,N,,,buy,buy
2026-07-07 10:37:43,123216,科顺转债,kszz,126.841,-1.78,300737,科顺股份,ksgf,6.24,-4.59,1.71,6.61,94.4,0,34.36,161.2,610304,建筑材料,szcy,C,2023-08-23,[],0,0,buy,AA-,,4.627,8.593,39.7,buy,2029-08-04,3.08,21.959,17735.79,19086.35,6.35,-2.01,,0,15:34:21,00,Y,N,2,1,Y,转股价下修2次，成功下修1次,2024-02-19 开始转股,计算使用3.1年期 评级为AA- 债参考YTM：2.3501,N,21.98,全价：126.841 最后更新：15:34:21,,,,0,{'M': ''},0,0,N,,,buy,buy
2026-07-07 10:37:43,123107,温氏转债,wszz,114.498,-0.92,300498,温氏股份,wsgf,13.65,-0.58,2.25,16.09,84.84,0,34.97,149.47,110702,农林牧渔,szcy,C,2021-04-21,[],0,0,buy,AAA,,11.263,20.917,9.5,buy,2027-03-29,0.726,77.063,19103.76,79756.9,2.17,-7.82,,0,15:34:06,00,Y,N,0,0,Y,,2021-10-08 开始转股,计算使用0.8年期 评级为AAA 债参考YTM：1.5014,N,92.97,全价：114.498 最后更新：15:34:06,,,,1,{'M': ''},0,0,N,,,buy,buy
2026-07-07 10:37:43,110099,福能转债,fnzz,142.942,-1.07,600483,福能股份,fngf,10.4,-1.89,1.03,9.84,105.69,0,35.25,178.19,410110,公用事业,shmb,C,2025-10-30,[],0,0,buy,AA+,,6.888,12.792,13.1,buy,2031-10-13,5.271,38.019,7152.81,24943.12,1.31,-4.85,,0,14:59:45,00,Y,N,0,0,Y,,2026-04-17 开始转股,计算使用5.3年期 评级为AA+ 债参考YTM：1.8897,N,38.02,全价：142.942 最后更新：14:59:45,,,,0,{'M': ''},0,0,N,,,buy,buy
2026-07-07 10:37:43,127047,帝欧转债,dozz,141.0,-1.29,002798,帝欧水华,dosh,5.3,-2.57,1.68,5.1,103.92,0,35.68,176.68,360306,轻工制造,szmb,C,2021-11-26,[],0,0,buy,BBB+,,3.57,6.63,17.0,buy,2027-10-25,1.301,4.654,8545.85,8219.44,12.82,-13.51,,0,15:34:30,00,Y,N,1,1,Y,转股价下修1次，成功下修1次,2022-04-29 开始转股,计算使用1.4年期 评级为BBB+ 债参考YTM：12.0259,N,15.0,全价：141.000 最后更新：15:34:30,,,,1,{'G': '本次（2026年4月15日至2026年5月8日）不提前赎回，以2026年8月8日后首个交易日起重新计算'},0,0,N,,,buy,buy
2026-07-07 10:37:43,123150,九强转债,jqzz,132.916,-1.32,300406,九强生物,jqsw,11.35,-3.24,1.71,11.6,97.85,0,35.84,168.76,370504,医药生物,szcy,C,2022-07-20,[],0,0,buy,AA-,,8.12,15.08,23.3,buy,2028-06-30,1.984,11.21,2987.17,4827.38,2.0,-8.24,,0,15:34:18,00,Y,N,1,1,Y,转股价下修1次，成功下修1次,2023-01-06 开始转股,计算使用2.0年期 评级为AA- 债参考YTM：2.0217,N,11.39,全价：132.916 最后更新：15:34:18,,,,1,{'M': ''},0,0,N,,,buy,buy
2026-07-07 10:37:43,113661,福22转债,f22zz,138.864,-0.38,603806,福斯特,fst,14.91,-0.8,2.34,14.59,102.19,0,35.88,174.74,630504,电力设备,shmb,C,2022-12-22,[],0,0,buy,AA,,10.213,18.967,7.8,buy,2028-11-22,2.381,30.297,13219.04,47081.67,3.14,-8.33,,0,14:59:54,00,Y,N,1,1,Y,转股价下修1次，成功下修1次,2023-05-29 开始转股,计算使用2.4年期 评级为AA 债参考YTM：1.7322,N,30.3,全价：138.864 最后更新：14:59:54,,,,0,{'M': ''},0,0,N,,,buy,buy
2026-07-07 10:37:43,127088,赫达转债,hdzz,198.6,-1.37,002810,山东赫达,sdhd,24.45,-0.65,3.71,16.76,145.88,0,36.14,234.74,220309,基础化工,szmb,C,2023-07-19,[],0,0,buy,AA-,,11.732,21.788,7.6,buy,2029-07-03,2.992,5.996,6474.59,21078.53,5.41,-16.05,,0,15:34:21,00,Y,N,0,0,N,2026-07-07 起暂停转股：权益分派,2024-01-08 开始转股;2026-07-07 起暂停转股：权益分派,计算使用3.0年期 评级为AA- 债参考YTM：2.3232,N,6.0,全价：198.600 最后更新：15:34:21,,,,0,"{'G': '本次（2026年3月30日至2026年4月20日）不提前赎回，自2026年10月21日起重新计算', 'M': ''}",0,0,N,,,buy,buy
2026-07-07 10:37:43,123092,天壕转债,thzz,117.914,0.0,300332,天壕能源,thny,4.3,0.0,0.93,4.97,86.52,0,36.29,154.2,410301,公用事业,szcy,C,2021-01-15,[],0,0,buy,A+,,3.479,6.461,9.8,buy,2026-12-24,0.466,3.417,0.0,0.0,0.0,-5.34,,0,15:34:03,03,Y,N,0,0,Y,,2021-06-30 开始转股,计算使用0.5年期 评级为A+ 债参考YTM：4.0963,N,4.23,全价：117.914 最后更新：15:34:03,,,,1,{'M': ''},0,0,N,,,buy,buy
2026-07-07 10:37:43,113052,兴业转债,xyzz,116.128,-0.63,601166,兴业银行,xyyh,17.07,-0.23,0.4,20.13,84.8,0,36.95,153.08,480301,银行,shmb,C,2022-01-14,[],0,0,buy,AAA,,,26.169,11.4,buy,2027-12-27,1.474,413.5,32909.05,129967.47,0.68,-2.88,,0,14:59:56,00,Y,Y,0,0,Y,,2022-06-30 开始转股,计算使用1.5年期 评级为AAA 债参考YTM：1.5408,N,500.0,全价：116.128 最后更新：14:59:56,,,,0,{'M': ''},0,0,N,,,buy,buy
2026-07-07 10:37:43,118012,微芯转债,wxzz,150.226,-3.49,688321,微芯生物,wxsw,27.54,-4.44,4.72,25.34,108.68,0,38.23,188.46,370102,医药生物,shkc,C,2022-07-28,[],0,0,buy,A+,,17.738,32.942,4.4,buy,2028-07-05,1.997,4.996,9053.69,35933.13,11.92,-11.7,,0,14:59:55,00,Y,N,0,0,Y,,2023-01-11 开始转股,计算使用2.0年期 评级为A+ 债参考YTM：4.3617,N,5.0,全价：150.226 最后更新：14:59:55,,,,1,{'M': ''},0,0,N,,,buy,buy
2026-07-07 10:37:43,127027,能化转债,nhzz,113.002,-0.83,000552,甘肃能化,gsnh,2.39,-4.02,0.77,2.93,81.57,0,38.53,151.53,740101,煤炭,szmb,C,2021-01-22,[],0,0,buy,AAA,,2.051,3.809,21.9,buy,2026-12-10,0.427,19.464,4741.12,12873.38,2.15,-6.26,,0,15:34:42,00,Y,N,0,0,Y,,2021-06-16 开始转股,计算使用0.5年期 评级为AAA 债参考YTM：1.4663,N,28.0,全价：113.002 最后更新：15:34:42,,,,1,{'M': ''},0,0,N,,,buy,buy
2026-07-07 10:37:43,128142,新乳转债,xrzz,115.301,-0.67,002946,新乳业,xry,14.55,-0.61,3.2,17.5,83.14,0,38.68,153.98,340702,食品饮料,szmb,C,2021-01-19,[],0,0,buy,AA,,12.25,22.75,5.8,buy,2026-12-18,0.449,7.178,2492.17,8489.2,3.01,-10.3,,0,15:34:12,00,Y,N,0,0,Y,,2021-06-24 开始转股,计算使用0.5年期 评级为AA 债参考YTM：1.5263,N,7.18,全价：115.301 最后更新：15:34:12,,,,1,{'M': ''},0,0,N,,,buy,buy
2026-07-07 10:37:43,128127,文科转债,wkzz,113.344,-0.3,002775,文科股份,wkgf,3.2,-9.6,36.78,3.92,81.63,0,38.85,152.19,620307,建筑装饰,szmb,C,2020-09-11,[],0,0,buy,BBB+,,2.744,5.096,41.3,buy,2026-08-20,0.121,7.681,3455.71,7444.14,3.96,12.4,,0,15:34:00,00,Y,N,2,2,Y,转股价下修2次，成功下修2次,2021-03-01 开始转股,计算使用0.2年期 评级为BBB+ 债参考YTM：11.7371,N,9.5,全价：113.344 最后更新：15:34:00,,,,1,[],0,0,N,,,buy,buy
2026-07-07 10:37:43,113697,应流转债,ylzz,258.687,-5.57,603308,应流股份,ylgf,56.71,-9.57,7.43,30.47,186.12,0,38.99,297.68,640108,机械设备,shmb,C,2025-10-22,[],0,0,buy,AA+,,21.329,39.611,3.9,buy,2031-09-19,5.206,14.995,52231.86,159422.06,13.06,-14.93,,0,14:59:57,00,Y,N,0,0,N,2026-07-03 至 2026-07-09 期间暂停转股：权益分派,2026-03-25 开始转股;2026-07-03 至 2026-07-09 期间暂停转股：权益分派,计算使用5.3年期 评级为AA+ 债参考YTM：1.8897,N,15.0,全价：258.687 最后更新：14:59:57,,,,0,"{'G': '本次（2026年3月25日至2026年4月15日）不提前赎回，2026年7月15日之后的首个交易日重新起算', 'M': ''}",0,0,N,,,buy,buy
2026-07-07 10:37:43,113695,华辰转债,hczz,146.724,-1.87,603097,江苏华辰,jshc,17.59,-4.3,3.56,16.68,105.46,0,39.13,185.85,630801,电力设备,shmb,C,2025-07-10,[],0,0,buy,A+,,11.676,21.684,11.6,buy,2031-06-20,4.956,4.597,3782.35,4623.89,5.55,-4.25,,0,14:59:57,00,Y,N,0,0,Y,,2025-12-26 开始转股,计算使用5.0年期 评级为A+ 债参考YTM：4.9723,N,4.6,全价：146.724 最后更新：14:59:57,,,,0,[],0,0,N,,,buy,buy
2026-07-07 10:37:43,127045,牧原转债,myzz,123.667,-0.49,002714,牧原股份,mygf,38.49,-0.49,2.55,43.32,88.85,0,39.19,162.86,110702,农林牧渔,szmb,C,2021-09-10,[],0,0,buy,AAA,,30.324,56.316,7.6,buy,2027-08-16,1.11,95.43,14368.87,321224.72,1.22,-11.25,,0,15:33:57,00,Y,Y,0,0,Y,,2022-02-21 开始转股,计算使用1.2年期 评级为AAA 债参考YTM：1.5109,N,95.5,全价：123.667 最后更新：15:33:57,,,,1,{'M': ''},0,0,N,,,buy,buy
2026-07-07 10:37:43,113048,晶科转债,jkzz,121.202,-2.54,601778,晶科科技,jkkj,3.89,-3.71,0.91,4.47,87.03,0,39.27,160.47,410106,公用事业,shmb,C,2021-05-31,[],0,0,buy,AA,,3.129,5.811,10.7,buy,2027-04-23,0.795,15.453,6403.58,40476.46,3.39,-9.59,,0,14:59:52,00,Y,N,2,2,Y,转股价下修2次，成功下修2次,2021-10-29 开始转股,计算使用0.8年期 评级为AA 债参考YTM：1.5651,N,30.0,全价：121.202 最后更新：14:59:52,,,,1,"{'G': '本次（2026年3月25日至2026年5月6日）不提前赎回，以2026年8月7日为首个交易日重新计算', 'M': ''}",0,0,N,,,buy,buy
2026-07-07 10:37:43,113066,平煤转债,pmzz,145.953,-3.28,601666,平煤股份,pmgf,7.81,-4.87,0.77,7.46,104.69,0,39.41,185.36,740102,煤炭,shmb,C,2023-04-10,[],0,0,buy,AAA,,5.222,9.698,7.4,buy,2029-03-16,2.693,14.274,9740.66,20948.0,4.64,-10.16,,0,14:59:49,00,Y,N,1,1,Y,转股价下修1次，成功下修1次,2023-09-22 开始转股,计算使用2.7年期 评级为AAA 债参考YTM：1.6209,N,29.0,全价：145.953 最后更新：14:59:49,,,,0,{'M': ''},0,0,N,,,buy,buy
2026-07-07 10:37:43,123064,万孚转债,wfzz,112.257,-0.66,300482,万孚生物,wfsw,16.77,-2.22,1.42,20.88,80.32,0,39.77,152.03,370504,医药生物,szcy,C,2020-09-23,[],0,0,buy,AA,,14.616,27.144,8.3,buy,2026-09-01,0.153,5.976,2288.38,14313.31,3.4,-13.11,,0,15:33:57,00,Y,N,3,3,Y,转股价下修3次，成功下修3次,2021-03-08 开始转股,计算使用0.2年期 评级为AA 债参考YTM：1.5063,N,6.0,全价：112.257 最后更新：15:33:57,,,,1,{'M': ''},0,0,N,,,buy,buy
2026-07-07 10:37:43,113646,永吉转债,yjzz,153.102,-0.13,603058,永吉股份,yjgf,8.81,0.57,3.05,8.05,109.44,0,39.89,192.99,360205,轻工制造,shmb,C,2022-05-17,[],0,0,buy,AA-,,5.635,10.465,3.8,buy,2028-04-14,1.773,1.372,4319.12,4469.18,20.48,-17.13,,0,14:59:51,00,Y,N,0,0,Y,,2022-10-20 开始转股,计算使用1.8年期 评级为AA- 债参考YTM：1.9822,N,1.459,全价：153.102 最后更新：14:59:51,,,,1,[],0,0,N,,,buy,buy
2026-07-07 10:37:43,123059,银信转债,yxzz,117.842,-0.02,300231,银信科技,yxkj,7.57,-2.95,2.01,9.0,84.11,0,40.1,157.94,710301,计算机,szcy,C,2020-08-12,[],0,0,buy,AA-,,6.3,11.7,4.7,buy,2026-07-15,0.022,1.565,3796.72,5218.16,20.59,6.98,,0,15:33:57,00,Y,N,0,0,Y,,2021-01-21 开始转股,计算使用0.1年期 评级为AA- 债参考YTM：1.7123,N,3.914,全价：117.842 最后更新：15:33:57,,,,1,{'R': '到期\n最后交易日：2026-07-09\n最后转股日：2026-07-14\n债券到期日：2026-07-15\n到期赎回价：118.000元/张'},0,0,N,,,buy,buy
2026-07-07 10:37:43,123222,博俊转债,bjzz,153.328,-2.53,300926,博俊科技,bjkj,17.98,-4.97,2.13,16.46,109.24,0,40.37,193.7,280205,汽车,szcy,C,2023-09-28,[],0,0,buy,A+,,11.522,21.398,4.6,buy,2029-09-08,3.175,2.438,4666.73,10620.72,12.4,-7.75,,0,15:34:39,00,Y,N,0,0,Y,,2024-03-14 开始转股,计算使用3.2年期 评级为A+ 债参考YTM：4.7233,N,5.0,全价：153.328 最后更新：15:34:39,,,,0,{'M': ''},0,0,N,,,buy,buy
2026-07-07 10:37:43,127053,豪美转债,hmzz,184.388,-3.24,002988,豪美新材,hmxc,22.55,-5.81,2.07,17.23,130.88,0,40.89,225.28,240301,有色金属,szmb,C,2022-03-04,[],0,0,buy,AA-,,12.061,22.399,4.6,buy,2028-01-24,1.551,2.575,16428.24,10675.74,34.19,-24.24,,0,15:34:33,00,Y,N,1,1,Y,转股价下修1次，成功下修1次,2022-07-28 开始转股,计算使用1.6年期 评级为AA- 债参考YTM：1.9408,N,8.24,全价：184.388 最后更新：15:34:33,,,,1,{'G': '本次（2026年4月30日至2026年5月25日）不提前赎回，以2026年11月25日后首个交易日起重新计算'},0,0,N,,,buy,buy
2026-07-07 10:37:43,127104,姚记转债,yjzz,146.656,2.33,002605,姚记科技,yjkj,20.35,6.6,2.15,19.58,103.93,0,41.11,187.77,720401,传媒,szmb,C,2024-02-26,[],0,0,buy,A+,,13.706,25.454,8.5,buy,2030-01-24,3.553,5.823,37291.15,50837.13,43.3,-5.55,,0,15:34:51,00,Y,N,0,0,Y,,2024-07-31 开始转股,计算使用3.6年期 评级为A+ 债参考YTM：4.7749,N,5.831,全价：146.656 最后更新：15:34:51,,,,0,[],0,0,N,,,buy,buy
2026-07-07 10:37:43,123165,回天转债,htzz,142.38,0.5,300041,回天新材,htxc,15.18,3.34,2.69,15.05,100.86,0,41.16,183.54,220316,基础化工,szcy,C,2022-11-15,[],0,0,buy,AA-,,10.535,19.565,10.3,buy,2028-10-27,2.31,8.497,12764.27,108196.72,10.54,-7.78,,0,15:34:24,00,Y,N,0,0,Y,,2023-05-04 开始转股,计算使用2.4年期 评级为AA- 债参考YTM：2.1260,N,8.5,全价：142.380 最后更新：15:34:24,,,,0,{'M': ''},0,0,N,,,buy,buy
2026-07-07 10:37:43,123114,三角转债,sjzz,131.522,-2.82,300775,三角防务,sjfw,21.12,-4.82,1.91,22.69,93.08,0,41.3,172.82,650201,国防军工,szcy,C,2021-06-11,[],0,0,buy,AA-,,15.883,29.497,8.0,buy,2027-05-25,0.882,8.999,7847.21,35381.8,6.57,-14.28,,0,15:34:06,00,Y,N,1,1,Y,转股价下修1次，成功下修1次,2021-11-30 开始转股,计算使用0.9年期 评级为AA- 债参考YTM：1.8198,N,9.044,全价：131.522 最后更新：15:34:06,,,,1,{'M': ''},0,0,N,,,buy,buy
2026-07-07 10:37:43,127095,广泰转债,gtzz,142.55,-1.2,002111,威海广泰,whgt,9.14,-1.72,1.53,9.07,100.77,0,41.46,184.01,650201,国防军工,szmb,C,2023-11-10,[],0,0,buy,AA-,,6.349,11.791,15.5,buy,2029-10-18,3.285,6.927,2156.07,5875.1,2.18,-5.37,,0,15:33:57,00,Y,N,0,0,Y,,2024-04-24 开始转股,计算使用3.3年期 评级为AA- 债参考YTM：2.3878,N,7.0,全价：142.550 最后更新：15:33:57,,,,0,[],0,0,N,,,buy,buy
2026-07-07 10:37:43,127089,晶澳转债,jazz,125.132,-0.73,002459,晶澳科技,jakj,7.86,-2.12,1.22,8.9,88.32,0,41.69,166.82,630502,电力设备,szmb,C,2023-08-04,[],0,0,buy,AA+,,6.23,11.57,34.5,buy,2029-07-18,3.033,89.588,17078.34,45818.71,1.52,-3.69,,0,15:34:24,00,Y,N,3,2,Y,转股价下修3次，成功下修2次,2024-01-24 开始转股,计算使用3.1年期 评级为AA+ 债参考YTM：1.6995,N,89.603,全价：125.132 最后更新：15:34:24,,,,0,{'M': ''},0,0,N,,,buy,buy
2026-07-07 10:37:43,127064,杭氧转债,hyzz,144.126,-1.36,002430,杭氧股份,hygf,26.07,-0.27,2.51,25.67,101.56,0,41.91,186.04,220309,基础化工,szmb,C,2022-07-05,[],0,0,buy,AA+,,17.969,33.371,4.5,buy,2028-05-19,1.869,11.364,11182.22,46856.53,6.8,-13.67,,0,15:34:12,00,Y,N,1,1,Y,转股价下修1次，成功下修1次,2022-11-25 开始转股,计算使用1.9年期 评级为AA+ 债参考YTM：1.6210,N,11.37,全价：144.126 最后更新：15:34:12,,,,1,{'M': ''},0,0,N,,,buy,buy
2026-07-07 10:37:43,110097,天润转债,trzz,135.261,-1.46,600419,天润乳业,trry,7.78,-3.11,0.99,8.19,94.99,0,42.39,177.65,340702,食品饮料,shmb,C,2024-11-15,[],0,0,buy,AA,,5.733,10.647,40.3,buy,2030-10-24,4.301,9.89,4810.76,3541.02,3.57,-3.81,,0,14:58:46,00,Y,N,0,0,Y,,2025-04-30 开始转股,计算使用4.4年期 评级为AA 债参考YTM：1.9646,N,9.9,全价：135.261 最后更新：14:58:46,,,,0,[],0,0,N,,,buy,buy
2026-07-07 10:37:43,110084,贵燃转债,grzz,127.786,-0.72,600903,贵州燃气,gzrq,6.36,-4.79,2.3,7.1,89.58,0,42.65,170.44,410301,公用事业,shmb,C,2022-01-18,[],0,0,buy,AA,,4.97,9.23,11.0,buy,2027-12-27,1.474,8.157,7621.04,15489.2,7.29,-8.76,,0,14:59:37,00,Y,N,1,1,Y,转股价下修1次，成功下修1次,2022-07-01 开始转股,计算使用1.5年期 评级为AA 债参考YTM：1.6241,N,10.0,全价：127.786 最后更新：14:59:37,,,,1,{'M': ''},0,0,N,,,buy,buy
2026-07-07 10:37:43,113643,风语转债,fyzz,141.591,-1.17,603466,风语筑,fyz,11.63,-2.27,3.27,11.8,98.56,0,43.66,185.25,720706,传媒,shmb,C,2022-04-22,[],0,0,buy,AA-,,8.26,15.34,7.2,buy,2028-03-25,1.718,4.992,13248.34,104550.05,18.6,-10.62,,0,14:59:59,00,Y,N,1,1,Y,转股价下修1次，成功下修1次,2022-10-10 开始转股,计算使用1.8年期 评级为AA- 债参考YTM：1.9822,N,5.0,全价：141.591 最后更新：14:59:59,,,,1,{'M': ''},0,0,N,,,buy,buy
2026-07-07 10:37:43,127109,电化转债,dhzz,178.5,-3.74,002125,湘潭电化,xtdh,12.41,-3.27,2.27,9.99,124.22,0,43.69,222.19,630702,电力设备,szmb,C,2025-07-04,[],0,0,buy,AA,,6.993,12.987,6.2,buy,2031-06-16,4.945,4.866,15454.99,30943.17,17.39,-8.7,,0,15:34:27,00,Y,N,0,0,Y,,2025-12-22 开始转股,计算使用5.0年期 评级为AA 债参考YTM：2.0323,N,4.87,全价：178.500 最后更新：15:34:27,,,,0,"{'G': '本次（2026年4月14日至2026年5月7日）不提前赎回，自2026年8月7日后首个交易日重新计算', 'M': ''}",0,0,N,,,buy,buy
2026-07-07 10:37:43,127082,亚科转债,ykzz,132.671,-0.48,002540,亚太科技,ytkj,4.81,-1.64,1.06,5.21,92.32,0,43.7,176.37,240301,有色金属,szmb,C,2023-04-27,[],0,0,buy,AA,,3.647,6.773,28.1,buy,2029-03-09,2.674,11.585,3868.44,4944.42,2.51,-5.19,,0,15:34:51,00,Y,N,0,0,Y,,2023-09-15 开始转股,计算使用2.7年期 评级为AA 债参考YTM：1.7574,N,11.59,全价：132.671 最后更新：15:34:51,,,,0,[],0,0,N,,,buy,buy
2026-07-07 10:37:43,118039,煜邦转债,ybzz,136.001,-0.57,688597,煜邦电力,ybdl,6.9,-1.0,2.7,7.3,94.52,0,43.89,179.89,630804,电力设备,shkc,C,2023-08-15,[],0,0,buy,A,,5.11,9.49,17.7,buy,2029-07-20,3.038,4.104,6323.97,7415.93,11.24,-4.73,,0,14:59:55,00,Y,N,0,0,Y,,2024-01-26 开始转股,计算使用3.1年期 评级为A 债参考YTM：7.0511,N,4.108,全价：136.001 最后更新：14:59:55,,,,0,"{'G': '本次（2026年1月16日至2026年2月11日）不提前赎回，以2026年8月12日为首个交易日重新计算', 'M': ''}",0,0,N,,,buy,buy
2026-07-07 10:37:43,113597,佳力转债,jlzz,117.775,-0.15,603912,佳力图,jlt,7.1,-8.74,2.18,8.68,81.8,0,43.98,161.76,640105,机械设备,shmb,C,2020-08-21,[],0,0,buy,AA-,,6.076,11.284,7.7,buy,2026-07-30,0.063,2.967,4703.95,18776.23,13.45,3.17,,0,14:59:34,00,Y,N,1,1,Y,转股价下修1次，成功下修1次,2021-02-05 开始转股,计算使用0.1年期 评级为AA- 债参考YTM：1.7123,N,3.0,全价：117.775 最后更新：14:59:34,,,,1,{'R': '到期\n最后交易日：2026-07-24\n最后转股日：2026-07-29\n债券到期日：2026-07-30\n到期赎回价：118.000元/张'},0,0,N,,,buy,buy
2026-07-07 10:37:43,118060,瑞可转债,rkzz,217.335,-2.7,688800,瑞可达,rkd,79.4,-5.19,9.05,52.6,150.95,0,43.98,261.32,270401,电子,shkc,C,2025-12-12,[],0,0,buy,AA-,,36.82,68.38,4.4,buy,2031-11-14,5.359,9.999,28265.48,77000.27,12.89,-11.22,,0,14:59:52,00,Y,N,0,0,Y,,2026-05-20 开始转股,计算使用5.4年期 评级为AA- 债参考YTM：2.8933,N,10.0,全价：217.335 最后更新：14:59:52,,,,0,"{'G': '本次（2026年5月20日至2026年6月9日）不提前赎回，以2026年12月10日为首个交易日重新计算', 'M': ''}",0,0,N,,,buy,buy
2026-07-07 10:37:43,113686,泰瑞转债,trzz,146.968,-0.7,603289,泰瑞机器,trjq,8.15,-0.85,1.6,8.0,101.88,0,44.26,191.23,640209,机械设备,shmb,C,2024-07-24,[],0,0,buy,AA-,,5.6,10.4,14.1,buy,2030-07-02,3.989,3.363,5968.1,3186.6,12.01,-5.14,,0,14:59:57,00,Y,N,0,0,Y,,2025-01-08 开始转股,计算使用4.0年期 评级为AA- 债参考YTM：2.4557,N,3.378,全价：146.968 最后更新：14:59:57,,,,0,{'G': '本次（2026年5月6日至2026年5月26日）不提前赎回，自2026年8月26日之后的首个交易日重新起算'},0,0,N,,,buy,buy
2026-07-07 10:37:43,127050,麒麟转债,qlzz,130.885,-0.95,002984,森麒麟,sql,13.67,-2.5,1.02,15.07,90.71,0,44.29,175.18,280204,汽车,szmb,C,2021-12-06,[],0,0,buy,AA,,10.549,19.591,21.4,buy,2027-11-11,1.348,20.86,6779.04,10024.72,2.48,-11.18,,0,15:34:03,00,Y,N,2,2,Y,转股价下修2次，成功下修2次,2022-05-17 开始转股,计算使用1.4年期 评级为AA 债参考YTM：1.6110,N,21.989,全价：130.885 最后更新：15:34:03,,,,1,{'M': ''},0,0,N,,,buy,buy
2026-07-07 10:37:43,118007,山石转债,sszz,132.738,-0.84,688030,山石网科,sswk,15.13,-2.89,3.91,16.5,91.7,0,44.76,177.5,710402,计算机,shkc,C,2022-04-21,[],0,0,buy,A-,,11.55,21.45,9.8,buy,2028-03-22,1.71,2.671,2572.34,3664.98,7.22,-7.45,,0,14:57:51,00,Y,N,1,1,Y,转股价下修1次，成功下修1次,2022-09-28 开始转股,计算使用1.8年期 评级为A- 债参考YTM：9.0209,N,2.674,全价：132.738 最后更新：14:57:51,,,,1,{'M': ''},0,0,N,,,buy,buy
2026-07-07 10:37:43,123172,漱玉转债,syzz,130.001,-1.39,301017,漱玉平民,sypm,13.34,-2.49,2.52,14.91,89.47,0,45.3,175.3,370403,医药生物,szcy,C,2023-01-06,[],0,0,buy,AA-,,10.437,19.383,23.1,buy,2028-12-15,2.444,7.96,3277.55,7644.65,3.16,-4.47,,0,15:34:27,00,Y,N,1,1,Y,转股价下修1次，成功下修1次,2023-06-21 开始转股,计算使用2.5年期 评级为AA- 债参考YTM：2.1583,N,8.0,全价：130.001 最后更新：15:34:27,,,,0,{'M': ''},0,0,N,,,buy,buy
2026-07-07 10:37:43,118064,联瑞转债,lrzz,435.941,-7.64,688300,联瑞新材,lrxc,189.01,-1.56,24.94,63.05,299.78,7,45.42,481.36,220901,基础化工,shkc,C,2026-01-28,[],0,0,buy,AA,,44.135,81.965,1.5,buy,2032-01-08,5.51,6.95,113194.41,148746.9,36.53,-21.84,,0,14:59:59,00,Y,N,0,0,Y,,未到转股期；2026-07-14 开始转股,计算使用5.6年期 评级为AA 债参考YTM：2.1322,N,6.95,全价：435.941 最后更新：14:59:59,,,,0,{'M': ''},0,0,N,,,buy,buy
2026-07-07 10:37:43,123195,蓝晓转02,lxz02,171.0,-3.23,300487,蓝晓科技,lxkj,69.55,-3.67,7.69,59.21,117.46,0,45.58,216.58,220504,基础化工,szcy,C,2023-05-08,[],0,0,buy,A+,,41.447,76.973,2.5,buy,2029-04-17,2.781,5.458,20630.21,74236.5,21.71,-12.35,,0,15:34:42,00,Y,N,0,0,Y,,2023-10-23 开始转股,计算使用2.8年期 评级为A+ 债参考YTM：4.6069,N,5.461,全价：171.000 最后更新：15:34:42,,,,0,{'M': ''},0,0,N,,,buy,buy
2026-07-07 10:37:43,123142,申昊转债,shzz,125.166,-1.65,300853,申昊科技,shkj,28.98,-3.85,6.69,33.71,85.97,0,45.6,170.77,630803,电力设备,szcy,C,2022-04-11,[],0,0,buy,BBB+,,23.597,43.823,19.3,buy,2028-03-18,1.699,5.494,5334.51,25427.88,7.72,-6.22,,0,15:34:12,00,Y,N,0,0,Y,,2022-09-26 开始转股,计算使用1.7年期 评级为BBB+ 债参考YTM：12.1192,N,5.5,全价：125.166 最后更新：15:34:12,,,,1,[],0,0,N,,,buy,buy
2026-07-07 10:37:43,118013,道通转债,dtzz,174.465,0.76,688208,道通科技,dtkj,25.65,-2.29,4.25,21.48,119.41,0,46.1,220.57,710103,计算机,shkc,C,2022-07-28,[],0,0,buy,AA,,15.036,27.924,7.4,buy,2028-07-08,2.006,12.796,11618.83,28524.44,5.21,-17.92,,0,14:59:55,00,Y,N,0,0,Y,,2023-01-16 开始转股,计算使用2.1年期 评级为AA 债参考YTM：1.7031,N,12.8,全价：174.465 最后更新：14:59:55,,,,1,"{'G': '本次（2026年1月5日至2026年1月23日）不提前赎回，以2026年7月24日为首个交易日重新计算', 'M': ''}",0,0,N,,,buy,buy
2026-07-07 10:37:43,113704,N春风转,cfzz,157.3,57.3,603129,春风动力,cfdl,259.96,-3.43,4.99,241.7,107.56,162,46.25,203.55,280402,汽车,shmb,C,2026-07-07,[],0,0,buy,AA+,,169.19,314.21,5.5,buy,2032-06-09,5.929,21.79,16946.6,33168.72,5.0,-5.59,,0,15:00:00,00,Y,N,0,0,Y,,未到转股期；2026-12-16 开始转股,计算使用6.0年期 评级为AA+ 债参考YTM：1.9483,N,21.79,全价：157.300 最后更新：15:00:00,,,,0,{'M': ''},1,0,N,,,buy,buy
2026-07-07 10:37:43,123255,鼎龙转债,dlzz,473.0,4.3,300054,鼎龙股份,dlgf,91.26,0.77,15.88,28.38,321.56,0,47.09,520.09,270601,电子,szcy,C,2025-04-23,[],0,0,buy,AA,,19.866,36.894,1.3,buy,2031-04-02,4.74,9.096,166773.85,334008.55,39.3,-26.14,,0,15:34:00,00,Y,N,0,0,Y,,2025-10-09 开始转股,计算使用4.8年期 评级为AA 债参考YTM：2.0095,N,9.1,全价：473.000 最后更新：15:34:00,,,,0,"{'G': '本次（2026年4月8日至2026年4月28日）不提前赎回，自2026年10月28日后首个交易日重新计算', 'M': ''}",0,0,N,,,buy,buy
2026-07-07 10:37:43,127105,龙星转债,lxzz,128.978,-1.22,002442,龙星科技,lxkj,5.08,-1.55,1.39,5.8,87.59,0,47.26,176.24,220603,基础化工,szmb,C,2024-03-06,[],0,0,buy,AA-,,4.06,7.54,30.2,buy,2030-01-31,3.573,7.54,6765.3,7871.31,6.93,-2.2,,0,15:34:06,00,Y,N,0,0,Y,,2024-08-07 开始转股,计算使用3.6年期 评级为AA- 债参考YTM：2.4189,N,7.54,全价：128.978 最后更新：15:34:06,,,,0,[],0,0,N,,,buy,buy
2026-07-07 10:37:43,127061,美锦转债,mjzz,94.37,-0.98,000723,美锦能源,mjny,3.37,-1.75,1.16,5.26,64.07,0,47.3,141.67,740201,煤炭,szmb,C,2022-05-30,[],0,0,buy,A,,3.682,6.838,18.8,buy,2028-04-20,1.789,27.89,5955.78,14354.88,2.26,14.86,,0,15:34:09,00,Y,N,2,1,Y,转股价下修2次，成功下修1次,2022-10-26 开始转股,计算使用1.8年期 评级为A 债参考YTM：6.6709,Y,35.9,全价：94.370 最后更新：15:34:09,,,"按下调到底估算
股东大会：2026-07-16
预估转股价：3.68
预估转股价值：91.58
期权价值：17.00
理论价值：124.52
理论偏离度：-31.95%",1,{'M': ''},0,0,N,,,buy,buy
2026-07-07 10:37:43,128121,宏川转债,hczz,107.839,0.02,002930,宏川智慧,hczh,9.26,-3.94,2.01,12.65,73.2,0,47.32,155.16,420806,交通运输,szmb,C,2020-08-07,[],0,0,buy,AA-,,8.855,16.445,16.1,buy,2026-07-17,0.027,6.465,6908.15,12822.63,9.91,6.04,,0,15:34:06,00,Y,N,2,2,Y,转股价下修2次，成功下修2次,2021-01-25 开始转股,计算使用0.1年期 评级为AA- 债参考YTM：1.7123,N,6.7,全价：107.839 最后更新：15:34:06,,,,0,"{'R': '到期\n最后交易日：2026-07-13\n最后转股日：2026-07-16\n债券到期日：2026-07-17\n到期赎回价：108.000元/张', 'M': ''}",0,0,N,,,buy,buy
2026-07-07 10:37:43,111022,锡振转债,xzzz,150.5,-1.31,605319,无锡振华,wxzh,22.8,-1.38,2.77,22.39,101.83,0,47.79,198.29,280205,汽车,shmb,C,2025-07-14,[],0,0,buy,AA-,,15.673,29.107,6.5,buy,2031-06-18,4.951,5.197,3314.33,6415.49,4.22,-4.93,,0,14:59:13,00,Y,N,0,0,Y,,2025-12-24 开始转股,计算使用5.0年期 评级为AA- 债参考YTM：2.6223,N,5.2,全价：150.500 最后更新：14:59:13,,,,0,[],0,0,N,,,buy,buy
2026-07-07 10:37:43,118059,颀中转债,qzzz,231.81,0.95,688352,颀中科技,qzkj,21.42,-2.46,4.37,13.7,156.35,0,48.26,280.07,270107,电子,shkc,C,2025-11-21,[],0,0,buy,AA+,,9.59,17.81,10.8,buy,2031-11-03,5.329,8.499,132449.21,75354.56,66.38,-12.84,,0,15:00:00,00,Y,N,0,0,Y,,2026-05-07 开始转股,计算使用5.4年期 评级为AA+ 债参考YTM：1.8982,N,8.5,全价：231.810 最后更新：15:00:00,,,,0,"{'G': '本次（2026年5月26日至2026年6月17日）不提前赎回，以2026年12月18日为首个交易日重新计算', 'M': ''}",0,0,N,,,buy,buy
2026-07-07 10:37:43,113070,渝水转债,yszz,126.505,-0.39,601158,重庆水务,cqsw,4.02,-1.71,1.1,4.72,85.17,0,48.53,175.04,760102,环保,shmb,C,2025-02-13,[],0,0,buy,AAA,,3.304,6.136,9.8,buy,2031-01-09,4.512,18.998,5341.27,2287.91,2.22,-2.84,,0,14:59:32,00,Y,N,0,0,Y,,2025-07-15 开始转股,计算使用4.6年期 评级为AAA 债参考YTM：1.7301,N,19.0,全价：126.505 最后更新：14:59:32,,,,0,{'M': ''},0,0,N,,,buy,buy
2026-07-07 10:37:43,123199,山河转债,shzz,137.706,-1.14,300452,山河药辅,shyf,12.05,-3.37,2.68,13.0,92.69,0,48.56,186.27,370101,医药生物,szcy,C,2023-07-07,[],0,0,buy,A+,,9.1,16.9,13.4,buy,2029-06-12,2.934,3.197,1614.43,5156.14,3.66,-7.05,,0,15:34:33,00,Y,N,1,1,Y,转股价下修1次，成功下修1次,2023-12-18 开始转股,计算使用3.0年期 评级为A+ 债参考YTM：4.6732,N,3.2,全价：137.706 最后更新：15:34:33,,,,0,[],0,0,N,,,buy,buy
2026-07-07 10:37:43,128129,青农转债,qnzz,107.744,0.01,002958,青农商行,qnsh,2.88,0.0,0.36,4.0,72.0,0,49.64,157.38,480501,银行,szmb,C,2020-09-18,[],0,0,buy,AAA,,,5.2,31.9,buy,2026-08-25,0.134,49.997,17060.08,14895.09,3.17,1.81,,0,15:34:36,00,Y,N,1,1,Y,转股价下修1次，成功下修1次,2021-03-01 开始转股,计算使用0.2年期 评级为AAA 债参考YTM：1.4466,N,50.0,全价：107.744 最后更新：15:34:36,,,,0,{'M': ''},0,0,N,,,buy,buy
2026-07-07 10:37:43,118061,茂莱转债,mlzz,219.382,-0.38,688502,茂莱光学,mlgx,533.8,-4.35,22.41,364.15,146.59,0,49.66,269.04,270303,电子,shkc,C,2025-12-10,[],0,0,buy,A+,,254.905,473.395,2.0,buy,2031-11-21,5.378,5.622,41103.53,69698.69,33.15,-11.05,,0,15:00:00,00,Y,N,0,0,Y,,2026-05-27 开始转股,计算使用5.4年期 评级为A+ 债参考YTM：5.2419,N,5.625,全价：219.382 最后更新：15:00:00,,,,0,"{'G': '本次（2026年5月28日至2026年7月3日）不提前赎回，以2026年10月4日首个交易日重新计算', 'M': ''}",0,0,N,,,buy,buy
2026-07-07 10:37:43,113636,甬金转债,yjzz,132.012,-0.52,603995,甬金股份,yjgf,23.09,-2.08,1.39,26.22,88.06,0,49.91,181.92,230501,钢铁,shmb,C,2021-12-31,[],0,0,buy,AA-,,18.354,34.086,11.9,buy,2027-12-13,1.436,9.995,4497.03,15891.38,3.4,-7.9,,0,14:58:51,00,Y,N,1,1,Y,转股价下修1次，成功下修1次,2022-06-17 开始转股,计算使用1.5年期 评级为AA- 债参考YTM：1.9203,N,10.0,全价：132.012 最后更新：14:58:51,,,,1,{'M': ''},0,0,N,,,buy,buy
2026-07-07 10:37:43,127099,盛航转债,shzz,131.925,-1.03,001205,盛航股份,shgf,13.49,-2.39,1.15,15.33,88.0,0,49.92,181.85,421101,交通运输,szmb,C,2023-12-28,[],0,0,buy,AA-,,10.731,19.929,20.2,buy,2029-12-06,3.419,4.541,1928.25,4710.92,3.21,-2.86,,0,15:34:48,00,Y,N,1,1,Y,转股价下修1次，成功下修1次,2024-06-12 开始转股,计算使用3.5年期 评级为AA- 债参考YTM：2.4105,N,7.4,全价：131.925 最后更新：15:34:48,,,,0,[],0,0,N,,,buy,buy
2026-07-07 10:37:43,118031,天23转债,t23zz,122.601,-0.4,688599,天合光能,thgn,13.06,-2.03,1.48,16.0,81.63,0,50.2,172.8,630502,电力设备,shkc,C,2023-03-15,[],0,0,buy,AA,,11.2,20.8,19.1,buy,2029-02-13,2.608,58.512,6490.64,34845.24,0.9,-1.38,,0,14:59:44,00,Y,N,2,2,Y,转股价下修2次，成功下修2次,2023-08-17 开始转股,计算使用2.7年期 评级为AA 债参考YTM：1.7574,N,88.648,全价：122.601 最后更新：14:59:44,,,,0,{'M': ''},0,0,N,,,buy,buy
2026-07-07 10:37:43,118036,力合转债,lhzz,137.892,-1.36,688589,力合微,lhw,21.85,-1.4,3.04,23.83,91.69,0,50.39,188.28,270104,电子,shkc,C,2023-07-20,[],0,0,buy,AA-,,16.681,30.979,12.0,buy,2029-06-28,2.978,3.8,5346.05,12754.36,10.14,-5.03,,0,14:59:10,00,Y,N,1,1,Y,转股价下修1次，成功下修1次,2024-01-04 开始转股,计算使用3.0年期 评级为AA- 债参考YTM：2.3232,N,3.8,全价：137.892 最后更新：14:59:10,,,,0,{'M': ''},0,0,N,,,buy,buy
2026-07-07 10:37:43,123065,宝莱转债,blzz,121.538,0.6,300246,宝莱特,blt,14.72,0.48,3.45,18.3,80.44,0,51.1,172.64,370502,医药生物,szcy,C,2020-09-24,[],0,0,buy,AA-,,12.81,23.79,7.0,buy,2026-09-04,0.162,2.18,3114.93,14562.65,11.76,-33.85,,0,15:34:00,00,Y,N,2,2,Y,转股价下修2次，成功下修2次,2021-03-11 开始转股,计算使用0.2年期 评级为AA- 债参考YTM：1.7063,N,2.19,全价：121.538 最后更新：15:34:00,,,,0,[],0,0,N,,,buy,buy
2026-07-07 10:37:43,110073,国投转债,gtzz,106.881,-0.01,600061,国投资本,gtzb,6.52,-2.1,0.73,9.27,70.33,0,51.96,158.84,490101,非银金融,shmb,C,2020-08-20,[],0,0,buy,AAA,,,12.051,19.2,buy,2026-07-24,0.047,79.99,9174.83,23023.07,1.07,2.54,,0,14:59:38,00,Y,N,0,0,Y,,2021-02-01 开始转股,计算使用0.1年期 评级为AAA 债参考YTM：1.4524,N,80.0,全价：106.881 最后更新：14:59:38,,,,0,"{'R': '到期\n最后交易日：2026-07-20\n最后转股日：2026-07-23\n债券到期日：2026-07-24\n到期赎回价：107.000元/张', 'M': ''}",0,0,N,,,buy,buy
2026-07-07 10:37:43,127113,长高转债,cgzz,182.12,-3.23,002452,长高电气,cgdq,13.03,-5.78,2.88,10.92,119.32,69,52.63,234.75,630801,电力设备,szmb,C,2026-03-30,[],0,0,buy,AA-,,7.644,14.196,11.2,buy,2032-03-08,5.674,7.586,20046.45,56205.99,14.29,-8.05,,0,15:34:30,00,Y,N,0,0,Y,,未到转股期；2026-09-14 开始转股,计算使用5.7年期 评级为AA- 债参考YTM：3.2134,N,7.59,全价：182.120 最后更新：15:34:30,,,,0,{'M': ''},0,0,N,,,buy,buy
2026-07-07 10:37:43,113054,绿动转债,ldzz,120.977,-1.59,601330,绿色动力,lsdl,7.04,-2.09,1.19,8.89,79.19,0,52.77,173.75,760103,环保,shmb,C,2022-03-23,[],0,0,buy,AA+,,6.223,11.557,33.9,buy,2028-02-25,1.638,23.598,7284.36,7562.34,2.54,-5.28,,0,14:58:16,00,Y,N,0,0,N,2026-06-30 至 2026-07-07 期间暂停转股：权益分派,2022-09-05 开始转股;2026-06-30 至 2026-07-07 期间暂停转股：权益分派,计算使用1.7年期 评级为AA+ 债参考YTM：1.5961,N,23.6,全价：120.977 最后更新：14:58:16,,,,1,[],0,0,N,,,buy,buy
2026-07-07 10:37:43,113678,中贝转债,zbzz,141.379,-2.72,603220,中贝通信,zbtx,19.0,-4.62,2.59,20.54,92.5,0,52.84,194.22,730103,通信,shmb,C,2023-11-21,[],0,0,buy,A+,,14.378,26.702,6.2,buy,2029-10-19,3.288,5.106,11087.06,31057.7,15.26,-4.86,,0,14:59:59,00,Y,N,2,1,Y,转股价下修2次，成功下修1次,2024-04-25 开始转股,计算使用3.3年期 评级为A+ 债参考YTM：4.7408,N,5.17,全价：141.379 最后更新：14:59:59,,,,0,"{'G': '本次（2026年3月16日至2026年4月27日）不提前赎回，以2026年7月28日起算', 'M': ''}",0,0,N,,,buy,buy
2026-07-07 10:37:43,123269,金杨转债,jyzz,168.857,-2.39,301210,金杨精密,jygf,31.1,-2.57,2.66,28.24,110.13,111,53.33,222.19,630701,电力设备,szcy,C,2026-05-11,[],0,0,buy,AA-,,19.768,36.712,51.8,buy,2032-04-19,5.789,9.8,8611.09,16940.5,5.12,-6.67,,0,15:34:39,00,Y,N,0,0,Y,,未到转股期；2026-10-26 开始转股,计算使用5.8年期 评级为AA- 债参考YTM：3.3094,N,9.8,全价：168.857 最后更新：15:34:39,,,,0,{'M': ''},0,0,N,,,buy,buy
2026-07-07 10:37:43,111015,东亚转债,dyzz,125.024,-1.02,605177,东亚药业,dyyy,16.51,-5.5,1.07,20.28,81.41,0,53.57,178.59,370101,医药生物,shmb,C,2023-08-02,[],0,0,buy,A+,,14.196,26.364,35.5,buy,2029-07-06,3.0,6.662,5811.45,4479.56,6.97,-1.8,,0,14:57:54,00,Y,N,1,1,Y,转股价下修1次，成功下修1次,2024-01-12 开始转股,计算使用3.0年期 评级为A+ 债参考YTM：4.6732,N,6.9,全价：125.024 最后更新：14:57:54,,,,0,[],0,0,N,,,buy,buy
2026-07-07 10:37:43,123109,昌红转债,chzz,133.498,-1.7,300151,昌红科技,chkj,23.08,-7.12,7.43,26.64,86.64,0,54.09,187.59,640209,机械设备,szcy,C,2021-04-19,[],0,0,buy,AA-,,18.648,34.632,5.4,buy,2027-04-01,0.734,4.595,6727.13,64174.75,10.88,-18.94,,0,15:34:00,00,Y,N,0,0,Y,,2021-10-08 开始转股,计算使用0.8年期 评级为AA- 债参考YTM：1.8066,N,4.6,全价：133.498 最后更新：15:34:00,,,,1,{'M': ''},0,0,N,,,buy,buy
2026-07-07 10:37:43,123080,海波转债,hbzz,125.146,-1.19,300517,海波重科,hbzk,9.13,-1.83,1.71,11.28,80.94,0,54.62,179.77,620401,建筑装饰,szcy,C,2020-12-22,[],0,0,buy,A+,,7.896,14.664,12.9,buy,2026-12-02,0.406,1.485,1688.16,3380.74,9.05,-10.21,,0,15:34:00,00,Y,N,0,0,Y,,2021-06-08 开始转股,计算使用0.5年期 评级为A+ 债参考YTM：4.0963,N,2.45,全价：125.146 最后更新：15:34:00,,,,1,[],0,0,N,,,buy,buy
2026-07-07 10:37:43,123257,安克转债,akzz,151.107,-1.3,300866,安克创新,akcx,106.23,-0.75,5.54,108.86,97.58,0,54.85,205.96,270503,电子,szcy,C,2025-07-04,[],0,0,buy,AA+,,76.202,141.518,3.4,buy,2031-06-16,4.945,11.046,7345.95,44345.74,4.39,-5.9,,0,15:34:03,00,Y,N,0,0,Y,,2025-12-22 开始转股,计算使用5.0年期 评级为AA+ 债参考YTM：1.8623,N,11.048,全价：151.107 最后更新：15:34:03,,,,0,{'M': ''},0,0,N,,,buy,buy
2026-07-07 10:37:43,113652,伟22转债,w22zz,130.858,-0.98,603568,伟明环保,wmhb,16.0,-1.66,2.13,19.0,84.21,0,55.39,186.25,760103,环保,shmb,C,2022-08-12,[],0,0,buy,AA,,13.3,24.7,4.5,buy,2028-07-22,2.044,14.766,5321.43,22081.25,2.75,-6.95,,0,14:59:31,00,Y,N,2,2,Y,转股价下修2次，成功下修2次,2023-01-30 开始转股,计算使用2.1年期 评级为AA 债参考YTM：1.7031,N,14.77,全价：130.858 最后更新：14:59:31,,,,0,{'M': ''},0,0,N,,,buy,buy
2026-07-07 10:37:43,123088,威唐转债,wtzz,116.905,-0.51,300707,威唐工业,wtgy,11.21,-2.52,1.71,14.9,75.24,0,55.39,172.3,280205,汽车,szcy,C,2021-01-06,[],0,0,buy,A+,,10.43,19.37,18.4,buy,2026-12-15,0.441,3.004,4001.91,4172.49,11.4,-3.72,,0,15:33:57,00,Y,N,1,1,Y,转股价下修1次，成功下修1次,2021-06-21 开始转股,计算使用0.5年期 评级为A+ 债参考YTM：4.0963,N,3.014,全价：116.905 最后更新：15:33:57,,,,1,[],0,0,N,,,buy,buy
2026-07-07 10:37:43,113067,燃23转债,r23zz,126.128,-1.08,601139,深圳燃气,szrq,5.87,-2.17,1.01,7.24,81.08,0,55.57,181.7,410301,公用事业,shmb,C,2023-08-18,[],0,0,buy,AAA,,5.068,9.412,17.8,buy,2029-07-27,3.058,29.999,6444.83,7992.96,1.7,-4.23,,0,14:58:37,00,Y,N,0,0,Y,,2024-02-02 开始转股,计算使用3.1年期 评级为AAA 债参考YTM：1.6384,N,30.0,全价：126.128 最后更新：14:58:37,,,,0,{'M': ''},0,0,N,,,buy,buy
2026-07-07 10:37:43,127046,百润转债,brzz,126.77,-0.42,002568,百润股份,brgf,16.52,-1.67,3.32,20.33,81.26,0,56.01,182.78,340602,食品饮料,szmb,C,2021-11-03,[],0,0,buy,AA,,14.231,26.429,9.0,buy,2027-09-29,1.23,11.274,4370.05,18380.54,3.06,-9.85,,0,15:34:00,00,Y,N,1,1,Y,转股价下修1次，成功下修1次,2022-04-12 开始转股,计算使用1.3年期 评级为AA 债参考YTM：1.5989,N,11.28,全价：126.770 最后更新：15:34:00,,,,0,{'M': ''},0,0,N,,,buy,buy
2026-07-07 10:37:43,118024,冠宇转债,gyzz,129.521,0.4,688772,珠海冠宇,zhgy,18.63,3.9,2.79,22.51,82.76,0,56.5,186.02,630701,电力设备,shkc,C,2022-11-17,[],0,0,buy,AA,,15.757,27.012,14.6,buy,2028-10-24,2.301,30.889,7923.98,76602.3,1.98,-5.02,,0,14:58:38,00,Y,N,0,0,Y,,2023-04-28 开始转股,计算使用2.4年期 评级为AA 债参考YTM：1.7322,N,30.89,全价：129.521 最后更新：14:58:38,,,,0,{'M': ''},0,0,N,120%,,buy,buy
2026-07-07 10:37:43,113037,紫银转债,zyzz,109.883,-0.02,601860,紫金银行,zjyh,2.49,-1.58,0.44,3.55,70.14,0,56.66,166.54,480501,银行,shmb,C,2020-08-17,[],0,0,buy,AA+,,,4.615,50.9,buy,2026-07-23,0.044,44.994,5873.08,8414.88,1.19,2.59,,0,14:59:22,00,Y,N,1,1,Y,转股价下修1次，成功下修1次,2021-01-29 开始转股,计算使用0.1年期 评级为AA+ 债参考YTM：1.4823,N,45.0,全价：109.883 最后更新：14:59:22,,,,0,"{'R': '到期\n最后交易日：2026-07-17\n最后转股日：2026-07-22\n债券到期日：2026-07-23\n到期赎回价：110.000元/张', 'M': ''}",0,0,N,,,buy,buy
2026-07-07 10:37:43,123189,晓鸣转债,xmzz,130.629,-0.58,300967,晓鸣股份,xmgf,15.89,-2.28,3.8,19.09,83.24,0,56.94,187.57,110703,农林牧渔,szcy,C,2023-04-25,[],0,0,buy,A,,13.363,24.817,16.6,buy,2029-04-06,2.751,3.286,3334.36,10473.27,7.74,-3.91,,0,15:34:36,00,Y,N,0,0,Y,,2023-10-12 开始转股,计算使用2.8年期 评级为A 债参考YTM：6.9569,N,3.29,全价：130.629 最后更新：15:34:36,,,,0,{'M': ''},0,0,N,,,buy,buy
2026-07-07 10:37:43,113688,国检转债,gjzz,134.827,-0.77,603060,国检集团,gjjt,5.53,-1.07,2.13,6.45,85.74,0,57.26,192.09,460802,社会服务,shmb,C,2024-11-12,[],0,0,buy,AA+,,4.515,8.385,18.0,buy,2030-10-17,4.282,7.997,4611.68,4442.76,4.25,-3.45,,0,14:59:45,00,Y,N,0,0,Y,,2025-04-23 开始转股,计算使用4.3年期 评级为AA+ 债参考YTM：1.7911,N,8.0,全价：134.827 最后更新：14:59:45,,,,0,[],0,0,N,,,buy,buy
2026-07-07 10:37:43,123194,百洋转债,byzz,131.751,-0.86,301015,百洋医药,byyy,20.75,-1.1,4.21,24.79,83.7,0,57.4,189.15,370402,医药生物,szcy,C,2023-05-05,[],0,0,buy,AA-,,17.353,32.227,7.8,buy,2029-04-14,2.773,8.459,4856.45,17263.53,4.32,-4.41,,0,15:34:30,00,Y,N,0,0,Y,,2023-10-20 开始转股,计算使用2.8年期 评级为AA- 债参考YTM：2.2593,N,8.6,全价：131.751 最后更新：15:34:30,,,,0,{'M': ''},0,0,N,,,buy,buy
2026-07-07 10:37:43,111017,蓝天转债,ltzz,124.913,-0.76,605368,蓝天燃气,ltrq,6.33,-2.47,1.34,7.98,79.32,0,57.47,182.38,410301,公用事业,shmb,C,2023-09-08,[],0,0,buy,AA,,5.586,10.374,14.8,buy,2029-08-15,3.11,6.715,3020.8,2122.7,3.61,-2.88,,0,14:59:28,00,Y,N,0,0,Y,,2024-02-21 开始转股,计算使用3.2年期 评级为AA 债参考YTM：1.8044,N,8.7,全价：124.913 最后更新：14:59:28,,,,0,[],0,0,N,,,buy,buy
2026-07-07 10:37:43,127038,国微转债,gwzz,133.432,0.25,002049,紫光国微,zggw,82.0,-1.44,4.94,96.99,84.55,0,57.82,191.25,270104,电子,szmb,C,2021-07-14,[],0,0,buy,AA+,,67.893,126.087,2.1,buy,2027-06-10,0.926,14.915,10086.78,292313.57,5.06,-19.02,,0,15:34:42,00,Y,N,0,0,Y,,2021-12-17 开始转股,计算使用1.0年期 评级为AA+ 债参考YTM：1.5330,N,15.0,全价：133.432 最后更新：15:34:42,,,,1,{'M': ''},0,0,N,,,buy,buy
2026-07-07 10:37:43,113649,丰山转债,fszz,130.409,-1.39,603810,丰山集团,fsjt,11.2,-4.44,1.14,13.61,82.29,0,58.47,188.88,220803,基础化工,shmb,C,2022-07-21,[],0,0,buy,AA-,,9.527,17.693,24.7,buy,2028-06-27,1.975,4.577,3641.95,2366.43,6.08,-5.4,,0,15:00:00,00,Y,N,0,0,Y,,2023-01-03 开始转股,计算使用2.0年期 评级为AA- 债参考YTM：2.0217,N,5.0,全价：130.409 最后更新：15:00:00,,,,1,[],0,0,N,,,buy,buy
2026-07-07 10:37:43,123252,银邦转债,ybzz,139.007,-1.67,300337,银邦股份,ybgf,10.96,-4.03,5.02,12.51,87.61,0,58.67,197.68,240301,有色金属,szcy,C,2025-01-24,[],0,0,buy,AA-,,8.757,16.263,10.1,buy,2031-01-06,4.504,7.846,6217.42,21012.24,5.68,-3.7,,0,15:34:33,00,Y,N,0,0,Y,,2025-07-14 开始转股,计算使用4.6年期 评级为AA- 债参考YTM：2.5524,N,7.85,全价：139.007 最后更新：15:34:33,,,,0,{'M': ''},0,0,N,,,buy,buy
2026-07-07 10:37:43,123235,亿田转债,ytzz,140.8,-2.46,300911,亿田智能,ytzn,18.9,-4.93,3.04,21.31,88.69,0,58.75,199.55,330401,家用电器,szcy,C,2024-01-12,[],0,0,buy,A+,,14.917,27.703,13.4,buy,2029-12-21,3.46,4.353,7496.99,9694.15,12.15,-4.72,,0,15:34:48,00,Y,N,0,0,Y,,2024-06-27 开始转股,计算使用3.5年期 评级为A+ 债参考YTM：4.7655,N,5.202,全价：140.800 最后更新：15:34:48,,,,0,{'M': ''},0,0,N,,,buy,buy
2026-07-07 10:37:43,128125,华阳转债,hyzz,112.679,0.02,002949,华阳国际,hygj,10.07,-3.64,1.25,14.19,70.97,0,58.78,171.46,620601,建筑装饰,szmb,C,2020-08-21,[],0,0,buy,AA-,,9.933,18.447,29.4,buy,2026-07-30,0.063,4.496,3677.65,2622.11,7.26,4.72,,0,15:34:33,00,Y,N,2,2,Y,转股价下修2次，成功下修2次,2021-02-05 开始转股,计算使用0.1年期 评级为AA- 债参考YTM：1.7123,N,4.5,全价：112.679 最后更新：15:34:33,,,,1,{'R': '到期\n最后交易日：2026-07-24\n最后转股日：2026-07-29\n债券到期日：2026-07-30\n到期赎回价：113.000元/张'},0,0,N,,,buy,buy
2026-07-07 10:37:43,110090,爱迪转债,adzz,136.099,-0.91,600933,爱柯迪,akd,14.64,-3.11,1.52,17.15,85.36,0,59.43,195.53,280203,汽车,shmb,C,2022-10-28,[],0,0,buy,AA,,12.005,22.295,10.9,buy,2028-09-23,2.216,15.695,2975.12,15717.06,1.39,-8.25,,0,14:58:52,00,Y,N,0,0,Y,,2023-03-29 开始转股,计算使用2.3年期 评级为AA 债参考YTM：1.7231,N,15.7,全价：136.099 最后更新：14:58:52,,,,0,{'M': ''},0,0,N,,,buy,buy
2026-07-07 10:37:43,127108,太能转债,tnzz,124.5,-1.29,000591,太阳能,tyn,4.33,-3.35,0.7,5.55,78.02,0,59.58,184.08,410106,公用事业,szmb,C,2025-04-16,[],0,0,buy,AA+,,3.885,7.215,17.5,buy,2031-03-28,4.726,29.498,6804.74,25061.95,1.85,-1.35,,0,15:33:54,00,Y,N,0,0,N,2026-06-25 至 2026-07-07 期间暂停转股：权益分派,2025-10-09 开始转股;2026-06-25 至 2026-07-07 期间暂停转股：权益分派,计算使用4.8年期 评级为AA+ 债参考YTM：1.8422,N,29.5,全价：124.500 最后更新：15:33:54,,,,0,{'M': ''},0,0,N,,,buy,buy
2026-07-07 10:37:43,111020,合顺转债,hszz,134.432,-1.65,605166,聚合顺,jhs,8.86,-4.11,1.39,10.53,84.14,0,59.77,194.2,220406,基础化工,shmb,C,2024-08-15,[],0,0,buy,AA-,,7.371,13.689,12.1,buy,2030-07-22,4.044,3.38,3913.4,6196.36,8.57,-2.88,,0,14:58:51,00,Y,N,0,0,Y,,2025-01-27 开始转股,计算使用4.1年期 评级为AA- 债参考YTM：2.4696,N,3.38,全价：134.432 最后更新：14:58:51,,,,0,[],0,0,N,,,buy,buy
2026-07-07 10:37:43,127093,章鼓转债,zgzz,127.557,-0.41,002598,ST章鼓,sdzg,6.7,-1.76,1.58,8.4,79.76,0,59.92,187.48,640106,机械设备,szmb,C,2023-11-03,[],0,0,buy,A,,5.88,10.92,12.6,buy,2029-10-17,3.282,2.425,734.35,3785.34,2.37,-2.37,,0,15:34:24,00,Y,N,1,1,Y,转股价下修1次，成功下修1次,2024-04-23 开始转股,计算使用3.3年期 评级为A 债参考YTM：7.0908,N,2.43,全价：127.557 最后更新：15:34:24,,,,0,[],0,0,N,,,buy,buy
2026-07-07 10:37:43,113640,苏利转债,slzz,127.866,-2.01,603585,苏利股份,slgf,13.73,-4.45,0.99,17.21,79.78,0,60.27,188.14,220803,基础化工,shmb,C,2022-03-10,[],0,0,buy,AA-,,12.047,22.373,27.8,buy,2028-02-16,1.614,7.39,4894.97,4716.43,5.15,-5.42,,0,15:00:00,00,Y,N,2,1,N,"转股价下修2次，成功下修1次
2026-06-30 至 2026-07-08 期间暂停转股：权益分派
转股价17.210生效日期2026-06-22",2022-08-22 开始转股;2026-06-30 至 2026-07-08 期间暂停转股：权益分派,计算使用1.7年期 评级为AA- 债参考YTM：1.9616,N,9.572,全价：127.866 最后更新：15:00:00,,,,1,[],0,0,N,,,buy,buy
2026-07-07 10:37:43,127049,希望转2,xwz2,112.5,-0.04,000876,新希望,xxw,7.42,1.78,1.53,10.59,70.07,0,60.56,173.06,110402,农林牧渔,szmb,C,2021-11-29,[],0,0,buy,AAA,,7.413,13.767,24.4,buy,2027-11-02,1.323,81.434,11868.92,65185.87,1.3,-2.67,,0,15:34:03,00,Y,N,1,1,Y,转股价下修1次，成功下修1次,2022-05-09 开始转股,计算使用1.4年期 评级为AAA 债参考YTM：1.5294,N,81.5,全价：112.500 最后更新：15:34:03,,,,1,{'M': ''},0,0,N,,,buy,buy
2026-07-07 10:37:43,113659,莱克转债,lkzz,127.321,-1.08,603355,莱克电气,lkdq,24.99,-4.8,2.5,31.72,78.78,0,61.61,188.93,330302,家用电器,shmb,C,2022-11-15,[],0,0,buy,AA,,22.204,41.236,8.4,buy,2028-10-14,2.274,11.998,9955.69,9674.22,6.49,-5.1,,0,14:59:51,00,Y,N,0,0,Y,,2023-04-20 开始转股,计算使用2.3年期 评级为AA 债参考YTM：1.7231,N,12.0,全价：127.321 最后更新：14:59:51,,,,0,{'M': ''},0,0,N,,,buy,buy
2026-07-07 10:37:43,110093,神马转债,smzz,119.248,-1.86,600810,神马股份,smgf,5.94,-3.41,0.7,8.08,73.52,0,62.21,181.46,220406,基础化工,shmb,C,2023-04-20,[],0,0,buy,AAA,,5.656,10.504,34.6,buy,2029-03-16,2.693,22.199,5892.34,6328.62,2.22,-3.0,,0,14:59:29,00,Y,N,0,0,Y,,2023-09-22 开始转股,计算使用2.7年期 评级为AAA 债参考YTM：1.6209,N,30.0,全价：119.248 最后更新：14:59:29,,,,0,{'M': ''},0,0,N,,,buy,buy
2026-07-07 10:37:43,127072,博实转债,bszz,137.475,-0.85,002698,博实股份,bsgf,12.75,-4.35,3.07,15.06,84.66,0,62.38,199.86,640701,机械设备,szmb,C,2022-11-03,[],0,0,buy,AA,,10.542,19.578,4.2,buy,2028-09-22,2.214,4.498,2675.19,23632.84,4.32,-7.78,,0,15:34:48,00,Y,N,0,0,Y,,2023-03-28 开始转股,计算使用2.3年期 评级为AA 债参考YTM：1.7231,N,4.5,全价：137.475 最后更新：15:34:48,,,,0,{'M': ''},0,0,N,,,buy,buy
2026-07-07 10:37:43,127054,双箭转债,sjzz,123.781,-1.03,002381,双箭股份,sjgf,5.3,-2.93,1.01,6.96,76.15,0,62.55,186.33,220602,基础化工,szmb,C,2022-03-15,[],0,0,buy,AA,,4.872,9.048,30.1,buy,2028-02-11,1.6,5.136,2104.5,1892.61,3.3,-5.18,,0,15:34:06,00,Y,N,0,0,Y,,2022-08-17 开始转股,计算使用1.6年期 评级为AA 债参考YTM：1.6379,N,5.136,全价：123.781 最后更新：15:34:06,,,,1,[],0,0,N,,,buy,buy
2026-07-07 10:37:43,123071,天能转债,tnzz,115.531,-0.03,300569,天能重工,tnzg,4.73,-3.47,0.9,6.68,70.81,0,63.16,178.69,630602,电力设备,szcy,C,2020-11-25,[],0,0,buy,AA-,,4.676,8.684,14.4,buy,2026-10-21,0.29,6.937,2432.24,6329.73,3.04,-1.6,,0,15:34:00,00,Y,N,2,2,Y,转股价下修2次，成功下修2次,2021-04-27 开始转股,计算使用0.3年期 评级为AA- 债参考YTM：1.7095,N,7.0,全价：115.531 最后更新：15:34:00,,,,1,{'M': ''},0,0,N,,,buy,buy
2026-07-07 10:37:43,110095,双良转债,slzz,117.501,-1.01,600481,双良节能,sljn,4.43,-7.71,2.06,6.18,71.68,0,63.92,181.42,630501,电力设备,shmb,C,2023-09-08,[],0,0,buy,AA-,,4.326,8.034,15.3,buy,2029-08-08,3.09,14.006,10713.29,38005.16,6.49,-0.91,,0,14:59:55,00,Y,N,2,2,Y,转股价下修2次，成功下修2次,2024-02-19 开始转股,计算使用3.1年期 评级为AA- 债参考YTM：2.3501,N,26.0,全价：117.501 最后更新：14:59:55,,,,0,{'M': ''},0,0,N,,,buy,buy
2026-07-07 10:37:43,123237,佳禾转债,jhzz,130.877,-1.12,300793,佳禾智能,jhzn,10.73,-2.19,1.45,13.46,79.72,0,64.18,195.06,270504,电子,szcy,C,2024-01-24,[],0,0,buy,A+,,9.422,17.498,10.8,buy,2030-01-04,3.499,4.314,1702.98,5919.6,3.0,-3.14,,0,15:34:24,00,Y,N,1,1,Y,转股价下修1次，成功下修1次,2024-07-10 开始转股,计算使用3.5年期 评级为A+ 债参考YTM：4.7655,N,10.04,全价：130.877 最后更新：15:34:24,,,,0,[],0,0,N,,,buy,buy
2026-07-07 10:37:43,127112,尚太转债,stzz,161.49,-0.15,001301,尚太科技,stkj,58.95,-0.05,2.99,60.02,98.22,15,64.42,225.91,630702,电力设备,szmb,C,2026-02-05,[],0,0,buy,AA+,,42.014,78.026,11.3,buy,2032-01-15,5.529,17.34,8727.72,31848.06,3.1,-6.57,,0,15:33:57,00,Y,N,0,0,Y,,未到转股期；2026-07-22 开始转股,计算使用5.6年期 评级为AA+ 债参考YTM：1.9149,N,17.34,全价：161.490 最后更新：15:33:57,,,,0,[],0,0,N,,,buy,buy
2026-07-07 10:37:43,123253,永贵转债,ygzz,136.898,-0.53,300351,永贵电器,ygdq,15.13,-4.9,2.38,18.19,83.18,0,64.59,201.49,640501,机械设备,szcy,C,2025-03-28,[],0,0,buy,AA-,,12.733,23.647,24.6,buy,2031-03-13,4.685,9.798,5734.18,36514.13,4.25,-3.24,,0,15:33:57,00,Y,N,0,0,Y,,2025-09-19 开始转股,计算使用4.7年期 评级为AA- 债参考YTM：2.5702,N,9.8,全价：136.898 最后更新：15:33:57,,,,0,{'M': ''},0,0,N,,,buy,buy
2026-07-07 10:37:43,123133,佩蒂转债,pdzz,130.449,-0.87,300673,佩蒂股份,pdgf,13.73,-2.83,1.8,17.33,79.23,0,64.65,195.1,110404,农林牧渔,szcy,C,2022-01-21,[],0,0,buy,AA-,,12.131,22.529,32.7,buy,2027-12-22,1.46,7.198,3959.65,4164.99,4.21,-7.27,,0,15:34:12,00,Y,N,2,1,Y,转股价下修2次，成功下修1次,2022-06-28 开始转股,计算使用1.5年期 评级为AA- 债参考YTM：1.9203,Y,7.2,全价：130.449 最后更新：15:34:12,,,"按下调到底估算
股东大会：2026-07-10
预估转股价：13.94
预估转股价值：98.49
期权价值：17.64
理论价值：131.48
理论偏离度：-0.79%",1,[],0,0,N,,,buy,buy
2026-07-07 10:37:43,110087,天业转债,tyzz,121.231,-2.05,600075,新疆天业,xjty,4.1,-7.24,0.76,5.6,73.21,0,65.58,186.81,220202,基础化工,shmb,C,2022-07-19,[],0,0,buy,AA+,,3.92,7.28,42.8,buy,2028-06-23,1.964,29.975,5729.05,15615.43,1.57,-4.96,,0,14:59:18,00,Y,N,1,1,Y,转股价下修1次，成功下修1次,2022-12-29 开始转股,计算使用2.0年期 评级为AA+ 债参考YTM：1.6317,N,30.0,全价：121.231 最后更新：14:59:18,,,,1,{'M': ''},0,0,N,,,buy,buy
2026-07-07 10:37:43,127031,洋丰转债,yfzz,119.7,-0.58,000902,新洋丰,xyf,12.13,-2.73,1.23,16.89,71.82,0,66.67,186.37,220805,基础化工,szmb,C,2021-04-23,[],0,0,buy,AA,,11.823,21.957,7.2,buy,2027-03-25,0.715,9.999,5011.41,13338.41,4.17,-9.03,,0,15:34:24,00,Y,N,1,1,Y,转股价下修1次，成功下修1次,2021-10-08 开始转股,计算使用0.8年期 评级为AA 债参考YTM：1.5651,N,10.0,全价：119.700 最后更新：15:34:24,,,,1,{'M': ''},0,0,N,,,buy,buy
2026-07-07 10:37:43,111021,奥锐转债,arzz,134.659,-2.06,605116,奥锐特,art,19.76,-6.13,2.95,24.6,80.33,0,67.64,202.3,370101,医药生物,shmb,C,2024-08-15,[],0,0,buy,AA-,,17.22,31.98,10.1,buy,2030-07-26,4.055,8.121,2738.03,9606.39,2.48,-2.92,,0,14:59:46,00,Y,N,0,0,Y,,2025-02-05 开始转股,计算使用4.1年期 评级为AA- 债参考YTM：2.4696,N,8.121,全价：134.659 最后更新：14:59:46,,,,0,[],0,0,N,,,buy,buy
2026-07-07 10:37:43,123261,普联转债,plzz,141.292,-1.63,300996,普联软件,plrj,10.93,-3.19,3.27,12.97,84.27,0,67.66,208.95,710401,计算机,szcy,C,2025-12-22,[],0,0,buy,A+,,9.079,16.861,6.7,buy,2031-12-05,5.416,2.429,2041.22,9304.95,5.89,-3.18,,0,15:33:54,00,Y,N,0,0,Y,,2026-06-11 开始转股,计算使用5.5年期 评级为A+ 债参考YTM：5.3480,N,2.43,全价：141.292 最后更新：15:33:54,,,,0,{'M': ''},0,0,N,,,buy,buy
2026-07-07 10:37:43,123122,富瀚转债,fhzz,129.955,-0.48,300613,富瀚微,fhw,70.9,-1.12,5.49,91.5,77.49,0,67.71,197.67,270104,电子,szcy,C,2021-08-24,[],0,0,buy,A+,,64.05,118.95,3.7,buy,2027-08-06,1.082,5.801,5013.86,63844.15,6.64,-9.41,,0,15:34:09,00,Y,N,0,0,Y,,2022-02-14 开始转股,计算使用1.1年期 评级为A+ 债参考YTM：4.1841,N,5.812,全价：129.955 最后更新：15:34:09,,,,0,{'M': ''},0,0,N,,,buy,buy
2026-07-07 10:37:43,113674,华设转债,hszz,129.256,-0.62,603018,华设集团,hsjt,5.34,-1.11,0.8,6.95,76.84,0,68.23,197.49,620601,建筑装饰,shmb,C,2023-08-15,[],0,0,buy,AA,,4.865,9.035,9.1,buy,2029-07-21,3.041,3.999,3059.59,4699.63,5.9,-3.49,,0,14:59:01,00,Y,N,0,0,Y,,2024-01-29 开始转股,计算使用3.1年期 评级为AA 债参考YTM：1.7931,N,4.0,全价：129.256 最后更新：14:59:01,,,,0,{'M': ''},0,0,N,,,buy,buy
2026-07-07 10:37:43,123214,东宝转债,dbzz,127.672,-0.53,300239,东宝生物,dbsw,5.02,-1.18,1.71,6.62,75.83,0,68.36,196.03,370304,医药生物,szcy,C,2023-08-18,[],0,0,buy,A+,,4.634,8.606,15.4,buy,2029-07-31,3.069,4.549,1548.85,5245.61,2.66,-2.73,,0,15:34:18,00,Y,N,0,0,Y,,2024-02-05 开始转股,计算使用3.1年期 评级为A+ 债参考YTM：4.7011,N,4.55,全价：127.672 最后更新：15:34:18,,,,0,[],0,0,N,,,buy,buy
2026-07-07 10:37:43,123119,康泰转2,ktz2,122.906,-0.39,300601,康泰生物,ktsw,11.45,-4.34,1.32,15.69,72.98,0,68.42,191.33,370303,医药生物,szcy,C,2021-08-05,[],0,0,buy,AA,,10.983,20.397,19.4,buy,2027-07-15,1.022,19.99,4153.6,18213.42,1.69,-7.38,,0,15:34:06,00,Y,N,5,5,Y,转股价下修5次，成功下修5次,2022-01-21 开始转股,计算使用1.1年期 评级为AA 债参考YTM：1.5795,N,20.0,全价：122.906 最后更新：15:34:06,,,,1,{'M': ''},0,0,N,,,buy,buy
2026-07-07 10:37:43,111003,聚合转债,jhzz,132.443,-1.81,605166,聚合顺,jhs,8.86,-4.11,1.39,11.31,78.34,0,69.07,201.51,220406,基础化工,shmb,C,2022-04-19,[],0,0,buy,AA-,,7.917,14.703,7.3,buy,2028-03-07,1.669,2.035,2952.19,6196.36,10.89,-7.02,,0,14:59:57,00,Y,N,1,1,Y,转股价下修1次，成功下修1次,2022-09-13 开始转股,计算使用1.7年期 评级为AA- 债参考YTM：1.9616,N,2.04,全价：132.443 最后更新：14:59:57,,,,1,[],0,0,N,,,buy,buy
2026-07-07 10:37:43,123259,锦浪转02,jlz02,166.82,-4.4,300763,锦浪科技,jlkj,71.34,-6.56,3.12,72.35,98.6,0,69.18,236.0,630503,电力设备,szcy,C,2025-11-06,[],0,0,buy,AA,,50.645,94.055,7.3,buy,2031-10-17,5.282,16.763,17554.63,116982.6,6.2,-6.99,,0,15:34:24,00,Y,N,1,1,Y,转股价下修1次，成功下修1次,2026-04-23 开始转股,计算使用5.3年期 评级为AA 债参考YTM：2.0764,N,16.766,全价：166.820 最后更新：15:34:24,,,,0,"{'G': '本次（2026年4月23日至2026年5月20日）不提前赎回，以2027年5月21日为首个交易日重新计算', 'M': ''}",0,0,N,,,buy,buy
2026-07-07 10:37:43,118037,上声转债,sszz,127.266,-1.93,688533,上声电子,ssdz,21.51,-3.54,1.96,28.64,75.11,0,69.45,196.72,280206,汽车,shkc,C,2023-08-01,[],0,0,buy,A+,,20.048,37.232,13.2,buy,2029-07-06,3.0,4.679,1274.9,2193.25,2.13,-3.49,,0,14:59:59,00,Y,N,2,1,Y,转股价下修2次，成功下修1次,2024-01-12 开始转股,计算使用3.0年期 评级为A+ 债参考YTM：4.6732,N,5.2,全价：127.266 最后更新：14:59:59,,,,0,{'M': ''},0,0,N,,,buy,buy
2026-07-07 10:37:43,118034,晶能转债,jnzz,117.489,-0.09,688223,晶科能源,jkny,4.37,-1.58,1.74,6.35,68.82,0,70.72,188.21,630502,电力设备,shkc,C,2023-05-19,[],0,0,buy,AA+,,4.445,7.62,18.5,buy,2029-04-20,2.789,83.22,9968.57,43580.07,1.02,-1.95,,0,14:59:06,00,Y,N,1,1,Y,转股价下修1次，成功下修1次,2023-10-26 开始转股,计算使用2.8年期 评级为AA+ 债参考YTM：1.6821,N,100.0,全价：117.489 最后更新：14:59:06,,,,0,{'M': ''},0,0,N,120%,,buy,buy
2026-07-07 10:37:43,123268,本川转债,bczz,237.58,0.16,300964,本川智能,bczn,75.3,-5.52,7.89,54.13,139.11,108,70.79,308.37,270202,电子,szcy,C,2026-05-07,[],0,0,buy,AA-,,37.891,70.369,7.2,buy,2032-04-16,5.781,4.69,31886.94,42564.8,28.85,-11.42,,0,15:34:36,00,Y,N,0,0,Y,,未到转股期；2026-10-23 开始转股,计算使用5.8年期 评级为AA- 债参考YTM：3.3094,N,4.69,全价：237.580 最后更新：15:34:36,,,,0,{'M': ''},0,0,N,,,buy,buy
2026-07-07 10:37:43,118065,艾为转债,awzz,150.466,-0.96,688798,艾为电子,awdz,69.55,-0.07,3.76,79.4,87.59,21,71.78,222.25,270105,电子,shkc,C,2026-02-26,[],0,0,buy,AA+,,55.58,103.22,20.1,buy,2032-01-22,5.548,19.01,5564.32,26904.14,1.93,-5.18,,0,14:59:45,00,Y,N,0,0,Y,,未到转股期；2026-07-28 开始转股,计算使用5.6年期 评级为AA+ 债参考YTM：1.9149,N,19.01,全价：150.466 最后更新：14:59:45,,,,0,{'M': ''},0,0,N,,,buy,buy
2026-07-07 10:37:43,113698,凯众转债,kzzz,139.107,-1.1,603037,凯众股份,kzgf,10.12,-2.69,2.63,12.55,80.64,0,72.51,211.62,280203,汽车,shmb,C,2025-09-10,[],0,0,buy,AA-,,8.785,16.315,11.4,buy,2031-08-15,5.11,3.079,2395.86,3455.22,5.57,-3.92,,0,15:00:00,00,Y,N,0,0,Y,,2026-02-24 开始转股,计算使用5.2年期 评级为AA- 债参考YTM：2.7150,N,3.08,全价：139.107 最后更新：15:00:00,,,,0,[],0,0,N,,,buy,buy
2026-07-07 10:37:43,113694,清源转债,qyzz,125.598,-0.72,603628,清源股份,qygf,9.33,-2.61,1.92,12.82,72.78,0,72.58,198.18,630504,电力设备,shmb,C,2025-04-25,[],0,0,buy,A+,,8.974,16.666,19.7,buy,2031-04-08,4.756,4.999,1605.66,2854.37,2.55,-1.2,,0,14:57:04,00,Y,N,0,0,Y,,2025-10-14 开始转股,计算使用4.8年期 评级为A+ 债参考YTM：4.9405,N,5.0,全价：125.598 最后更新：14:57:04,,,,0,{'M': ''},0,0,N,,,buy,buy
2026-07-07 10:37:43,113699,金25转债,j25zz,175.103,-0.73,603979,金诚信,jcx,64.3,-1.29,3.45,63.46,101.32,0,72.82,247.92,240302,有色金属,shmb,C,2025-10-27,[],0,0,buy,AA,,44.422,82.498,5.0,buy,2031-09-26,5.225,19.998,9842.23,51347.78,2.81,-7.74,,0,14:59:58,00,Y,N,0,0,N,2026-07-01 至 2026-07-08 期间暂停转股：权益分派,2026-04-10 开始转股;2026-07-01 至 2026-07-08 期间暂停转股：权益分派,计算使用5.3年期 评级为AA 债参考YTM：2.0764,N,20.0,全价：175.103 最后更新：14:59:58,,,,0,{'M': ''},0,0,N,,,buy,buy
2026-07-07 10:37:43,110086,精工转债,jgzz,121.164,-1.06,600496,精工钢构,jggg,3.2,-3.03,0.67,4.57,70.02,0,73.04,194.2,620401,建筑装饰,shmb,C,2022-05-23,[],0,0,buy,AA,,3.199,5.941,31.4,buy,2028-04-22,1.795,19.999,3188.47,7347.56,1.31,-3.47,,0,14:58:50,00,Y,N,0,0,Y,,2022-10-28 开始转股,计算使用1.8年期 评级为AA 债参考YTM：1.6659,N,20.0,全价：121.164 最后更新：14:58:50,,,,1,{'M': ''},0,0,N,,,buy,buy
2026-07-07 10:37:43,123224,宇邦转债,ybzz,130.258,-1.17,301266,宇邦新材,ybxc,21.2,-3.02,1.62,28.17,75.26,0,73.08,203.34,630504,电力设备,szcy,C,2023-10-18,[],0,0,buy,A+,,19.719,36.621,9.9,buy,2029-09-19,3.206,2.848,1845.73,6541.14,4.96,-2.66,,0,15:34:48,00,Y,N,1,1,Y,转股价下修1次，成功下修1次,2024-03-25 开始转股,计算使用3.3年期 评级为A+ 债参考YTM：4.7408,N,5.0,全价：130.258 最后更新：15:34:48,,,,0,{'M': ''},0,0,N,,,buy,buy
2026-07-07 10:37:43,123155,中陆转债,zlzz,128.543,-2.27,301040,中环海陆,zhhl,23.57,-6.28,3.04,31.76,74.21,0,73.21,201.75,630602,电力设备,szcy,C,2022-08-31,[],0,0,buy,A+,,22.232,41.288,16.2,buy,2028-08-12,2.101,3.6,3552.05,9714.25,7.63,-3.58,,0,15:34:15,00,Y,N,0,0,Y,,2023-02-20 开始转股,计算使用2.2年期 评级为A+ 债参考YTM：4.4083,N,3.6,全价：128.543 最后更新：15:34:15,,,,0,{'M': ''},0,0,N,,,buy,buy
2026-07-07 10:37:43,123157,科蓝转债,klzz,124.09,-1.22,300663,科蓝软件,klrj,6.3,-4.11,8.03,8.8,71.59,0,73.33,197.42,710401,计算机,szcy,C,2022-09-20,[],0,0,buy,A-,,6.16,11.44,8.1,buy,2028-08-30,2.151,2.34,1534.16,9179.15,5.26,-2.05,,0,15:34:18,00,Y,N,2,2,Y,转股价下修2次，成功下修2次,2023-03-06 开始转股,计算使用2.2年期 评级为A- 债参考YTM：9.1083,N,4.946,全价：124.090 最后更新：15:34:18,,,,0,{'M': ''},0,0,N,,,buy,buy
2026-07-07 10:37:43,127069,小熊转债,xxzz,128.558,-1.11,002959,小熊电器,xxdq,32.42,-2.79,1.61,43.71,74.17,0,73.33,201.89,330301,家用电器,szmb,C,2022-09-07,[],0,0,buy,AA-,,30.597,56.823,11.1,buy,2028-08-12,2.101,5.041,1464.13,2387.73,2.25,-3.66,,0,15:34:18,00,Y,N,1,1,Y,转股价下修1次，成功下修1次,2023-02-20 开始转股,计算使用2.2年期 评级为AA- 债参考YTM：2.0676,N,5.36,全价：128.558 最后更新：15:34:18,,,,0,{'M': ''},0,0,N,,,buy,buy
2026-07-07 10:37:43,127059,永东转2,ydz2,126.994,-0.99,002753,永东股份,ydgf,5.93,-1.17,0.95,8.11,73.12,0,73.68,200.67,220603,基础化工,szmb,C,2022-05-16,[],0,0,buy,AA-,,5.677,10.543,21.6,buy,2028-04-08,1.756,3.79,1420.78,2382.88,2.95,-4.61,,0,15:34:36,00,Y,N,0,0,Y,,2022-10-14 开始转股,计算使用1.8年期 评级为AA- 债参考YTM：1.9822,N,3.8,全价：126.994 最后更新：15:34:36,,,,1,[],0,0,N,,,buy,buy
2026-07-07 10:37:43,113692,保隆转债,blzz,127.371,-1.12,603197,保隆科技,blkj,28.57,-3.19,1.87,39.16,72.96,0,74.58,201.95,280205,汽车,shmb,C,2024-11-27,[],0,0,buy,AA,,27.412,50.908,23.0,buy,2030-10-31,4.321,13.897,2381.47,7000.67,1.34,-2.69,,0,14:58:49,00,Y,N,0,0,Y,,2025-05-06 开始转股,计算使用4.4年期 评级为AA 债参考YTM：1.9646,N,13.9,全价：127.371 最后更新：14:58:49,,,,0,{'M': ''},0,0,N,,,buy,buy
2026-07-07 10:37:43,113053,隆22转债,l22zz,122.051,-0.63,601012,隆基绿能,ljln,12.21,-1.13,1.82,17.5,69.77,0,74.93,196.98,630502,电力设备,shmb,C,2022-02-17,[],0,0,buy,AAA,,12.25,22.75,7.6,buy,2028-01-05,1.499,69.951,11312.57,105709.58,1.32,-7.58,,0,14:59:51,00,Y,N,1,1,Y,转股价下修1次，成功下修1次,2022-07-11 开始转股,计算使用1.5年期 评级为AAA 债参考YTM：1.5408,N,70.0,全价：122.051 最后更新：14:59:51,,,,1,{'M': ''},0,0,N,,,buy,buy
2026-07-07 10:37:43,127111,金威转债,jwzz,127.0,-0.35,002626,金达威,jdw,13.87,-2.6,1.89,19.19,72.28,0,75.71,202.71,340407,食品饮料,szmb,C,2025-09-08,[],0,0,buy,AA,,13.433,24.947,15.3,buy,2031-08-20,5.123,12.924,4205.41,4655.67,2.57,-2.2,,0,15:34:03,00,Y,N,0,0,Y,,2026-02-26 开始转股,计算使用5.2年期 评级为AA 债参考YTM：2.0599,N,12.924,全价：127.000 最后更新：15:34:03,,,,0,{'M': ''},0,0,N,,,buy,buy
2026-07-07 10:37:43,123215,铭利转债,mlzz,123.1,-2.16,301268,铭利达,mld,13.41,-4.62,3.4,19.2,69.84,0,76.25,199.35,640108,机械设备,szcy,C,2023-08-23,[],0,0,buy,A+,,13.44,24.96,17.6,buy,2029-08-03,3.077,8.555,4546.91,6414.6,4.28,-0.16,,0,15:34:45,00,Y,N,1,1,Y,转股价下修1次，成功下修1次,2024-02-19 开始转股,计算使用3.1年期 评级为A+ 债参考YTM：4.7011,N,10.0,全价：123.100 最后更新：15:34:45,,,,0,{'M': ''},0,0,N,,,buy,buy
2026-07-07 10:37:43,113665,汇通转债,htzz,119.478,-1.62,603176,汇通集团,htjt,4.25,-3.19,1.79,6.28,67.68,0,76.55,196.03,620306,建筑装饰,shmb,C,2023-01-11,[],0,0,buy,A+,,4.396,8.164,18.3,buy,2028-12-15,2.444,3.596,3017.62,1404.95,6.99,-0.34,,0,14:59:55,00,Y,N,1,1,Y,转股价下修1次，成功下修1次,2023-06-21 开始转股,计算使用2.5年期 评级为A+ 债参考YTM：4.5021,N,3.6,全价：119.478 最后更新：14:59:55,,,,0,[],0,0,N,,,buy,buy
2026-07-07 10:37:43,118015,芯海转债,xhzz,134.904,1.94,688595,芯海科技,xhkj,41.96,7.1,8.48,55.22,75.99,0,77.54,212.44,270104,电子,shkc,C,2022-08-18,[],0,0,buy,A+,,38.654,71.786,6.8,buy,2028-07-21,2.041,4.1,63000.92,54334.97,111.98,-6.03,,0,14:59:58,00,Y,N,0,0,Y,,2023-01-30 开始转股,计算使用2.1年期 评级为A+ 债参考YTM：4.3829,N,4.1,全价：134.904 最后更新：14:59:58,,,,0,{'M': ''},0,0,N,,,buy,buy
2026-07-07 10:37:43,113702,斯达转债,sdzz,218.003,0.65,603290,斯达半导,sdbd,128.45,1.37,4.42,104.79,122.58,107,77.85,295.85,270102,电子,shmb,C,2026-05-11,[],0,0,buy,AA+,,73.353,136.227,4.9,buy,2032-04-15,5.778,15.0,101856.62,143819.64,30.77,-11.05,,0,14:59:58,00,Y,N,0,0,Y,,未到转股期；2026-10-22 开始转股,计算使用5.8年期 评级为AA+ 债参考YTM：1.9314,N,15.0,全价：218.003 最后更新：14:59:58,,,,0,{'M': ''},0,0,N,,,buy,buy
2026-07-07 10:37:43,123112,万讯转债,wxzz,128.9,-0.62,300112,万讯自控,wxzk,6.03,-3.21,1.76,8.32,72.48,0,77.85,206.75,640107,机械设备,szcy,C,2021-04-23,[],0,0,buy,AA-,,5.824,10.816,15.8,buy,2027-04-08,0.753,2.265,1081.5,3523.48,3.71,-11.26,,0,15:34:03,00,Y,N,1,0,Y,转股价下修1次，成功下修0次,2021-10-14 开始转股,计算使用0.8年期 评级为AA- 债参考YTM：1.8066,Y,2.457,全价：128.900 最后更新：15:34:03,,,"按下调到底估算
股东大会：2026-07-10
预估转股价：6.52
预估转股价值：92.48
期权价值：7.26
理论价值：123.68
理论偏离度：4.05%",1,[],0,0,N,,,buy,buy
2026-07-07 10:37:43,127102,浙建转债,zjzz,119.518,-0.93,002761,浙江建投,zjjt,6.83,-1.87,0.85,10.22,66.83,0,78.84,198.36,620101,建筑装饰,szmb,C,2024-01-16,[],0,0,buy,AA+,,7.154,13.286,13.5,buy,2029-12-25,3.471,9.951,5759.99,5110.13,4.81,-1.91,,0,15:34:27,00,Y,N,0,0,Y,,2024-07-01 开始转股,计算使用3.5年期 评级为AA+ 债参考YTM：1.7280,N,10.0,全价：119.518 最后更新：15:34:27,,,,0,{'M': ''},0,0,N,,,buy,buy
2026-07-07 10:37:43,127083,山路转债,slzz,117.022,-1.16,000498,山东路桥,sdlq,4.83,-1.23,0.28,7.42,65.09,0,79.77,196.79,620306,建筑装饰,szmb,C,2023-04-26,[],0,0,buy,AAA,,5.194,9.646,69.1,buy,2029-03-24,2.715,48.359,4832.87,3231.55,0.85,-1.86,,0,15:33:57,00,Y,N,0,0,Y,,2023-10-09 开始转股,计算使用2.8年期 评级为AAA 债参考YTM：1.6244,N,48.36,全价：117.022 最后更新：15:33:57,,,,0,{'M': ''},0,0,N,,,buy,buy
2026-07-07 10:37:43,113696,伯25转债,b25zz,131.475,-1.71,603596,伯特利,btl,25.68,-3.82,2.79,35.16,73.04,0,80.01,211.49,280203,汽车,shmb,C,2025-07-28,[],0,0,buy,AA,,24.612,45.708,12.2,buy,2031-07-01,4.986,28.017,7669.94,62312.78,2.06,-2.96,,0,14:59:38,00,Y,N,0,0,Y,,2026-01-07 开始转股,计算使用5.0年期 评级为AA 债参考YTM：2.0323,N,28.02,全价：131.475 最后更新：14:59:38,,,,0,{'M': ''},0,0,N,,,buy,buy
2026-07-07 10:37:43,113616,韦尔转债,wezz,114.21,-0.13,603501,豪威集团,hwjt,99.46,2.54,3.78,159.02,62.55,0,82.6,196.81,270104,电子,shmb,C,2021-01-22,[],0,0,buy,AA+,,111.314,206.726,2.0,buy,2026-12-28,0.477,24.324,8519.15,347792.76,3.06,-7.73,,0,14:59:52,00,Y,N,0,0,Y,,2021-07-05 开始转股,计算使用0.5年期 评级为AA+ 债参考YTM：1.4963,N,24.4,全价：114.210 最后更新：14:59:52,,,,0,{'M': ''},0,0,N,,,buy,buy
2026-07-07 10:37:43,113648,巨星转债,jxzz,122.525,-0.6,603477,巨星农牧,jxnm,16.65,-0.48,3.16,24.84,67.03,0,82.79,205.32,110702,农林牧渔,shmb,C,2022-05-17,[],0,0,buy,AA-,,17.388,32.292,10.6,buy,2028-04-25,1.803,8.997,6048.33,64274.37,5.47,-4.8,,0,14:59:45,00,Y,N,0,0,Y,,2022-10-31 开始转股,计算使用1.9年期 评级为AA- 债参考YTM：2.0023,N,10.0,全价：122.525 最后更新：14:59:45,,,,0,{'M': ''},0,0,Y,,,buy,buy
2026-07-07 10:37:43,111018,华康转债,hkzz,122.711,-1.75,605077,华康股份,hkgf,10.69,-3.95,0.99,15.96,66.98,0,83.21,205.92,220315,基础化工,shmb,C,2024-01-15,[],0,0,buy,AA-,,11.172,20.748,40.7,buy,2029-12-25,3.471,13.022,3429.61,5939.0,2.14,-0.82,,0,14:59:21,00,Y,N,0,0,Y,,2024-07-01 开始转股,计算使用3.5年期 评级为AA- 债参考YTM：2.4105,N,13.03,全价：122.711 最后更新：14:59:21,,,,0,[],0,0,N,,,buy,buy
2026-07-07 10:37:43,123223,九典转02,jdz02,130.024,-1.49,300705,九典制药,jdzy,10.31,-4.27,1.92,14.55,70.86,0,83.5,213.52,370102,医药生物,szcy,C,2023-10-13,[],0,0,buy,A+,,10.185,18.915,5.4,buy,2029-09-15,3.195,2.053,1301.12,8656.46,4.86,-3.06,,0,15:34:42,00,Y,N,0,0,Y,,2024-03-21 开始转股,计算使用3.2年期 评级为A+ 债参考YTM：4.7233,N,3.6,全价：130.024 最后更新：15:34:42,,,,0,[],0,0,N,,,buy,buy
2026-07-07 10:37:43,123271,通合转债,thzz,176.78,-2.32,300491,通合科技,thkj,31.93,-2.98,4.7,33.18,96.23,154,83.7,260.48,630306,电力设备,szcy,C,2026-06-17,[],0,0,buy,AA,,23.226,43.134,10.4,buy,2032-06-01,5.907,5.219,10434.33,21760.91,11.15,-6.59,,0,15:33:57,00,Y,N,0,0,Y,,未到转股期；2026-12-08 开始转股,计算使用6.0年期 评级为AA 债参考YTM：2.2083,N,5.22,全价：176.780 最后更新：15:33:57,,,,0,[],0,0,N,,,buy,buy
2026-07-07 10:37:43,110100,龙建转债,ljzz,122.356,-0.9,600853,龙建股份,ljgf,3.08,-2.84,0.75,4.63,66.52,21,83.93,206.29,620306,建筑装饰,shmb,C,2026-02-12,[],0,0,buy,AA,,3.241,6.019,32.0,buy,2032-01-21,5.545,10.0,1428.82,2495.3,1.16,-1.36,,0,14:59:27,00,Y,N,0,0,Y,,未到转股期；2026-07-28 开始转股,计算使用5.6年期 评级为AA 债参考YTM：2.1322,N,10.0,全价：122.356 最后更新：14:59:27,,,,0,[],0,0,N,,,buy,buy
2026-07-07 10:37:43,123104,卫宁转债,wnzz,127.648,-1.51,300253,卫宁健康,wnjk,6.54,-4.11,2.57,9.44,69.28,0,84.25,211.9,710401,计算机,szcy,C,2021-03-31,[],0,0,buy,AA,,6.608,12.272,8.0,buy,2027-03-16,0.69,9.699,3296.58,23481.44,2.66,-8.71,,0,15:34:06,00,Y,N,2,1,Y,转股价下修2次，成功下修1次,2021-09-22 开始转股,计算使用0.7年期 评级为AA 债参考YTM：1.5528,Y,9.703,全价：127.648 最后更新：15:34:06,,,"按下调到底估算
股东大会：2026-07-08
预估转股价：7.01
预估转股价值：93.30
期权价值：13.70
理论价值：132.43
理论偏离度：-3.75%",1,{'M': ''},0,0,N,,,buy,buy
2026-07-07 10:37:43,118020,芳源转债,fyzz,115.12,-0.91,688148,芳源股份,fygf,8.72,-3.11,8.11,14.0,62.29,0,84.83,199.95,630702,电力设备,shkc,C,2022-11-07,[],0,0,buy,BBB,,9.8,18.2,14.4,buy,2028-09-23,2.216,6.417,2590.56,19921.53,3.48,4.3,,0,14:59:27,00,Y,N,1,1,Y,转股价下修1次，成功下修1次,2023-03-29 开始转股,计算使用2.3年期 评级为BBB 债参考YTM：15.4003,N,6.42,全价：115.120 最后更新：14:59:27,,,,0,{'M': ''},0,0,N,,,buy,buy
2026-07-07 10:37:43,111004,明新转债,mxzz,125.309,-0.99,605068,明新旭腾,mxxt,16.49,-6.78,1.59,24.37,67.67,0,85.19,210.5,280202,汽车,shmb,C,2022-04-25,[],0,0,buy,AA-,,17.059,31.681,25.1,buy,2028-03-30,1.732,6.715,5138.74,8712.74,6.07,-3.7,,0,14:59:57,00,Y,N,0,0,Y,,2022-10-10 开始转股,计算使用1.8年期 评级为AA- 债参考YTM：1.9822,N,6.73,全价：125.309 最后更新：14:59:57,,,,1,[],0,0,N,,,buy,buy
2026-07-07 10:37:43,118063,金05转债,j05zz,171.948,0.71,688676,金盘科技,jpkj,82.22,-0.63,7.05,88.6,92.8,0,85.29,257.24,630801,电力设备,shkc,C,2026-01-14,[],0,0,buy,AA+,,62.02,115.18,4.4,buy,2031-12-25,5.471,16.709,24117.9,172437.88,8.31,-7.69,,0,15:00:00,00,Y,N,0,0,Y,,2026-07-01 开始转股,计算使用5.5年期 评级为AA+ 债参考YTM：1.9066,N,16.71,全价：171.948 最后更新：15:00:00,,,,0,{'M': ''},0,0,N,,,buy,buy
2026-07-07 10:37:43,111024,澳弘转债,ahzz,166.453,-3.04,605058,澳弘电子,ahdz,29.99,-3.85,2.33,33.54,89.42,0,86.16,252.61,270202,电子,shmb,C,2026-01-16,[],0,0,buy,AA-,,23.478,43.602,13.5,buy,2031-12-11,5.433,5.799,3242.33,10318.09,3.31,-6.55,,0,14:59:16,00,Y,N,0,0,Y,,2026-06-17 开始转股,计算使用5.5年期 评级为AA- 债参考YTM：2.9992,N,5.8,全价：166.453 最后更新：14:59:16,,,,0,[],0,0,N,,,buy,buy
2026-07-07 10:37:43,123263,鼎捷转债,djzz,139.142,-2.31,300378,鼎捷数智,djsz,32.2,-6.56,3.72,43.42,74.16,0,87.63,226.77,710402,计算机,szcy,C,2025-12-31,[],0,0,buy,AA,,,56.446,9.5,buy,2031-12-15,5.444,8.275,5974.04,31386.91,5.17,-3.71,,0,15:34:12,00,Y,N,0,0,Y,,2026-06-22 开始转股,计算使用5.5年期 评级为AA 债参考YTM：2.1129,N,8.28,全价：139.142 最后更新：15:34:12,,,,0,{'M': ''},0,0,N,,,buy,buy
2026-07-07 10:37:43,118052,浩瀚转债,hhzz,134.199,-1.91,688292,浩瀚深度,hhsd,17.26,-4.43,2.71,24.2,71.32,0,88.16,222.36,710103,计算机,shkc,C,2025-04-07,[],0,0,buy,A+,,16.94,31.46,12.9,buy,2031-03-13,4.685,3.539,1762.56,5164.59,3.68,-2.45,,0,14:59:48,00,Y,N,0,0,Y,,2025-09-19 开始转股,计算使用4.7年期 评级为A+ 债参考YTM：4.9244,N,3.54,全价：134.199 最后更新：14:59:48,,,,0,{'M': ''},0,0,N,,,buy,buy
2026-07-07 10:37:43,123220,易瑞转债,yrzz,128.5,-0.87,300942,易瑞生物,yrsw,6.03,-4.13,2.73,8.85,68.14,0,88.59,217.09,370504,医药生物,szcy,C,2023-09-06,[],0,0,buy,A+,,6.195,11.505,11.9,buy,2029-08-18,3.118,2.907,1852.37,5683.83,4.95,-2.51,,0,15:34:42,00,Y,N,1,1,Y,转股价下修1次，成功下修1次,2024-02-26 开始转股,计算使用3.2年期 评级为A+ 债参考YTM：4.7233,N,3.28,全价：128.500 最后更新：15:34:42,,,,0,{'M': ''},0,0,N,,,buy,buy
2026-07-07 10:37:43,113647,禾丰转债,hfzz,118.245,-1.23,603609,禾丰股份,hfgf,6.29,-3.08,0.86,10.09,62.34,0,89.68,207.93,110402,农林牧渔,shmb,C,2022-05-18,[],0,0,buy,AA,,7.063,13.117,25.7,buy,2028-04-22,1.795,14.669,5426.27,2553.42,3.12,-2.13,,0,14:58:40,00,Y,N,0,0,Y,,2022-10-28 开始转股,计算使用1.8年期 评级为AA 债参考YTM：1.6659,N,15.0,全价：118.245 最后更新：14:58:40,,,,0,{'M': ''},0,0,N,,,buy,buy
2026-07-07 10:37:43,123144,裕兴转债,yxzz,119.7,-0.81,300305,裕兴股份,yxgf,5.34,-2.2,1.0,8.5,62.82,0,90.53,210.23,220505,基础化工,szcy,C,2022-04-27,[],0,0,buy,A,,5.95,11.05,34.9,buy,2028-04-11,1.764,5.997,3388.62,6144.31,4.7,-1.3,,0,15:34:15,00,Y,N,1,1,Y,转股价下修1次，成功下修1次,2022-10-17 开始转股,计算使用1.8年期 评级为A 债参考YTM：6.6709,N,6.0,全价：119.700 最后更新：15:34:15,,,,1,[],0,0,N,,,buy,buy
2026-07-07 10:37:43,123262,神宇转债,syzz,138.601,-1.7,300563,神宇股份,sygf,28.05,4.2,4.3,38.62,72.63,0,90.83,229.43,730205,通信,szcy,C,2025-12-30,[],0,0,buy,AA-,,27.034,50.206,13.7,buy,2031-12-11,5.433,4.999,9152.52,28704.57,12.97,-3.63,,0,15:34:27,00,Y,N,0,0,Y,,2026-06-17 开始转股,计算使用5.5年期 评级为AA- 债参考YTM：2.9992,N,5.0,全价：138.601 最后更新：15:34:27,,,,0,{'M': ''},0,0,N,,,buy,buy
2026-07-07 10:37:43,128138,侨银转债,qyzz,129.917,-0.1,002973,侨银股份,qygf,9.95,-3.21,1.56,14.64,67.96,0,91.15,221.07,760103,环保,szmb,C,2020-12-24,[],0,0,buy,A+,,10.248,19.032,13.3,buy,2026-11-17,0.364,4.199,2440.37,4751.89,4.47,0.18,,0,15:34:18,00,Y,N,3,2,Y,转股价下修3次，成功下修2次,2021-05-24 开始转股,计算使用0.4年期 评级为A+ 债参考YTM：4.0759,Y,4.2,全价：129.917 最后更新：15:34:18,,,"按下调到底估算
股东大会：2026-07-17
预估转股价：11.45
预估转股价值：86.90
期权价值：3.91
理论价值：132.03
理论偏离度：-1.63%",1,[],0,0,N,,,buy,buy
2026-07-07 10:37:43,113627,太平转债,tpzz,117.483,-0.37,603877,太平鸟,tpn,12.64,-1.79,1.29,20.58,61.42,0,91.28,208.76,350209,纺织服饰,shmb,C,2021-08-06,[],0,0,buy,AA,,14.406,26.754,13.5,buy,2027-07-15,1.022,7.997,4092.43,1575.62,4.36,-4.82,,0,14:59:03,00,Y,N,1,1,Y,转股价下修1次，成功下修1次,2022-01-21 开始转股,计算使用1.1年期 评级为AA 债参考YTM：1.5795,N,8.0,全价：117.483 最后更新：14:59:03,,,,0,{'M': ''},0,0,N,,,buy,buy
2026-07-07 10:37:43,123260,卓镁转债,zmzz,157.666,1.07,301398,星源卓镁,xyzm,42.96,2.29,4.31,52.15,82.38,0,91.39,249.06,280202,汽车,szcy,C,2025-11-24,[],0,0,buy,A+,,36.505,67.795,9.6,buy,2031-11-07,5.34,4.499,171483.46,21836.55,231.0,-5.23,,0,15:34:09,00,Y,N,0,0,Y,,2026-05-13 开始转股,计算使用5.4年期 评级为A+ 债参考YTM：5.2419,N,4.5,全价：157.666 最后更新：15:34:09,,,,0,{'M': ''},0,0,N,,,buy,buy
2026-07-07 10:37:43,113655,欧22转债,o22zz,119.63,-0.54,603833,欧派家居,opjj,32.05,-1.48,1.03,51.54,62.19,0,92.38,212.01,360308,轻工制造,shmb,C,2022-09-01,[],0,0,buy,AA,,36.078,67.002,10.2,buy,2028-08-05,2.082,19.999,4282.91,7832.78,1.79,-1.79,,0,14:58:10,00,Y,N,1,1,Y,转股价下修1次，成功下修1次,2023-02-13 开始转股,计算使用2.1年期 评级为AA 债参考YTM：1.7031,N,20.0,全价：119.630 最后更新：14:58:10,,,,0,{'M': ''},0,0,N,,,buy,buy
2026-07-07 10:37:43,113682,益丰转债,yfzz,125.358,-1.56,603939,益丰药房,yfyf,20.17,0.45,2.02,31.44,64.15,0,95.4,220.76,370403,医药生物,shmb,C,2024-03-27,[],0,0,buy,AA,,22.008,40.872,7.3,buy,2030-03-04,3.66,17.968,3967.48,21757.78,1.75,-2.54,,0,14:59:29,00,Y,N,0,0,Y,,2024-09-09 开始转股,计算使用3.7年期 评级为AA 债参考YTM：1.8733,N,17.97,全价：125.358 最后更新：14:59:29,,,,0,{'M': ''},0,0,N,,,buy,buy
2026-07-07 10:37:43,123272,中汽转债,zqzz,171.0,0.29,301215,中汽股份,zqgf,5.19,-2.99,2.31,5.99,86.64,163,97.36,268.36,280303,汽车,szcy,C,2026-06-30,[],0,0,buy,AA+,,4.193,7.787,15.1,buy,2032-06-10,5.932,10.39,148653.39,5143.27,83.86,-6.9,,0,15:34:39,00,Y,N,0,0,Y,,未到转股期；2026-12-17 开始转股,计算使用6.0年期 评级为AA+ 债参考YTM：1.9483,N,10.39,全价：171.000 最后更新：15:34:39,,,,0,{'M': ''},0,0,N,,,buy,buy
2026-07-07 10:37:43,123173,恒锋转债,hfzz,129.299,-0.6,300605,恒锋信息,hfxx,8.98,-3.23,3.23,13.77,65.21,0,98.27,227.57,710401,计算机,szcy,C,2023-02-08,[],0,0,buy,BBB+,,9.639,17.901,20.5,buy,2028-12-30,2.485,2.331,931.24,4460.13,3.08,-3.26,,0,15:34:15,00,Y,N,1,0,Y,转股价下修1次，成功下修0次,2023-07-06 开始转股,计算使用2.5年期 评级为BBB+ 债参考YTM：12.3658,Y,2.424,全价：129.299 最后更新：15:34:15,,,"按下调到底估算
股东大会：2026-07-09
预估转股价：9.88
预估转股价值：90.89
期权价值：23.96
理论价值：113.87
理论偏离度：11.93%",0,[],0,0,N,,,buy,buy
2026-07-07 10:37:43,113703,N翔26转,x26zz,144.634,44.63,603112,华翔股份,hxgf,16.0,-2.85,1.91,21.94,72.93,160,98.33,242.96,330601,家用电器,shmb,C,2026-07-07,[],0,0,buy,AA-,,15.358,28.522,15.2,buy,2032-06-07,5.923,13.01,23137.47,9340.21,11.95,-3.74,,0,15:00:00,00,Y,N,0,0,Y,,未到转股期；2026-12-14 开始转股,计算使用6.0年期 评级为AA- 债参考YTM：3.4483,N,13.01,全价：144.634 最后更新：15:00:00,,,,0,[],1,0,N,,,buy,buy
2026-07-07 10:37:43,118067,上26转债,s26zz,132.489,-1.03,688533,上声电子,ssdz,21.51,-3.54,1.96,32.25,66.7,79,98.64,231.13,280206,汽车,shkc,C,2026-04-14,[],0,0,buy,A+,,22.575,41.925,9.2,buy,2032-03-17,5.699,3.25,1153.6,2193.25,2.67,-2.06,,0,14:59:47,00,Y,N,0,0,Y,,未到转股期；2026-09-24 开始转股,计算使用5.7年期 评级为A+ 债参考YTM：5.5628,N,3.25,全价：132.489 最后更新：14:59:47,,,,0,{'M': ''},0,0,N,,,buy,buy
2026-07-07 10:37:43,113671,武进转债,wjzz,125.383,-1.31,603878,武进不锈,wjbx,4.93,-3.33,1.06,7.88,62.56,0,100.41,225.79,230403,钢铁,shmb,C,2023-08-03,[],0,0,buy,AA,,5.516,10.244,11.2,buy,2029-07-10,3.011,3.093,1724.21,7028.63,4.43,-3.1,,0,14:58:42,00,Y,N,0,0,Y,,2024-01-15 开始转股,计算使用3.1年期 评级为AA 债参考YTM：1.7931,N,3.1,全价：125.383 最后更新：14:58:42,,,,0,[],0,0,N,,,buy,buy
2026-07-07 10:37:43,113656,嘉诚转债,jczz,117.873,-0.42,603535,嘉诚国际,jcgj,6.05,-3.51,1.19,10.35,58.45,0,101.65,219.52,420805,交通运输,shmb,C,2022-10-12,[],0,0,buy,A+,,7.245,13.455,25.9,buy,2028-09-01,2.156,7.998,2896.94,2797.64,3.07,0.25,,0,14:59:35,00,Y,N,0,0,Y,,2023-03-07 开始转股,计算使用2.2年期 评级为A+ 债参考YTM：4.4083,N,8.0,全价：117.873 最后更新：14:59:35,,,,0,[],0,0,N,,,buy,buy
2026-07-07 10:37:43,123138,丝路转债,slzz,123.97,-0.25,300556,丝路视觉,slsj,16.3,-1.51,4.66,26.53,61.44,0,101.77,225.74,710401,计算机,szcy,C,2022-03-22,[],0,0,buy,A-,,18.571,34.489,13.5,buy,2028-03-02,1.655,2.393,1397.7,9654.31,4.7,-3.23,,0,15:34:12,00,Y,N,0,0,Y,,2022-09-08 开始转股,计算使用1.7年期 评级为A- 债参考YTM：8.9990,N,2.4,全价：123.970 最后更新：15:34:12,,,,1,[],0,0,N,,,buy,buy
2026-07-07 10:37:43,123193,海能转债,hnzz,124.121,-0.99,300787,海能实业,hnsy,8.87,-1.66,1.63,14.5,61.17,0,102.9,227.02,270504,电子,szcy,C,2023-05-09,[],0,0,buy,AA-,,10.15,18.85,34.4,buy,2029-04-13,2.77,5.997,1602.52,4023.23,2.14,-1.68,,0,15:34:30,00,Y,N,0,0,Y,,2023-10-19 开始转股,计算使用2.8年期 评级为AA- 债参考YTM：2.2593,N,6.0,全价：124.121 最后更新：15:34:30,,,,0,[],0,0,N,,,buy,buy
2026-07-07 10:37:43,123192,科思转债,kszz,124.9,-1.11,300856,科思股份,ksgf,10.62,-3.98,1.79,17.32,61.32,0,103.7,228.6,770201,美容护理,szcy,C,2023-05-11,[],0,0,buy,AA-,,12.124,22.516,14.7,buy,2029-04-13,2.77,7.187,3042.65,3607.81,3.39,-1.91,,0,15:34:39,00,Y,N,0,0,Y,,2023-10-19 开始转股,计算使用2.8年期 评级为AA- 债参考YTM：2.2593,N,7.249,全价：124.900 最后更新：15:34:39,,,,0,{'M': ''},0,0,N,,,buy,buy
2026-07-07 10:37:43,113634,珀莱转债,plzz,123.585,-0.95,603605,珀莱雅,bly,57.9,-1.63,3.58,95.46,60.65,0,103.76,227.35,770202,美容护理,shmb,C,2022-01-04,[],0,0,buy,AA,,66.822,124.098,3.3,buy,2027-12-08,1.422,7.507,2686.31,16221.1,2.88,-3.94,,0,14:59:29,00,Y,N,0,0,Y,,2022-06-14 开始转股,计算使用1.5年期 评级为AA 债参考YTM：1.6241,N,7.517,全价：123.585 最后更新：14:59:29,,,,1,{'M': ''},0,0,N,,,buy,buy
2026-07-07 10:37:43,118068,迪威转债,dwzz,143.869,-5.09,688377,迪威尔,dwe,22.9,-7.92,2.8,32.49,70.48,156,104.12,247.99,640203,机械设备,shkc,C,2026-06-30,[],0,0,buy,AA-,,22.743,42.237,17.0,buy,2032-06-03,5.912,9.08,37353.94,5148.94,27.69,-3.95,,0,14:59:59,00,Y,N,0,0,Y,,未到转股期；2026-12-10 开始转股,计算使用6.0年期 评级为AA- 债参考YTM：3.4483,N,9.08,全价：143.869 最后更新：14:59:59,,,,0,{'M': ''},1,0,N,,,buy,buy
2026-07-07 10:37:43,118066,统联转债,tlzz,132.236,-1.71,688210,统联精密,tljm,36.4,-3.19,4.53,56.2,64.77,61,104.17,236.41,270504,电子,shkc,C,2026-03-20,[],0,0,buy,AA-,,39.34,73.06,9.7,buy,2032-03-02,5.658,5.76,2982.7,11075.52,3.89,-2.67,,0,14:59:56,00,Y,N,0,0,Y,,未到转股期；2026-09-06 开始转股,计算使用5.7年期 评级为AA- 债参考YTM：3.2134,N,5.76,全价：132.236 最后更新：14:59:56,,,,0,{'M': ''},0,0,N,,,buy,buy
2026-07-07 10:37:43,127085,韵达转债,ydzz,123.101,-1.2,002120,韵达股份,ydgf,6.88,-0.86,0.92,11.53,59.67,0,106.3,229.4,420804,交通运输,szmb,C,2023-05-23,[],0,0,buy,AA+,,8.071,14.989,12.6,buy,2029-04-11,2.764,24.499,2371.72,20442.2,0.78,-3.64,,0,15:34:18,00,Y,N,0,0,Y,,2023-10-17 开始转股,计算使用2.8年期 评级为AA+ 债参考YTM：1.6821,N,24.5,全价：123.101 最后更新：15:34:18,,,,0,{'M': ''},0,0,N,,,buy,buy
2026-07-07 10:37:43,123265,耐普转02,npz02,130.5,-1.73,300818,耐普矿机,npkj,18.41,-4.86,2.13,29.5,62.41,15,109.11,239.61,640103,机械设备,szcy,C,2026-01-30,[],0,0,buy,A+,,20.65,38.35,17.2,buy,2032-01-15,5.529,4.5,1508.01,6974.1,2.55,-1.7,,0,15:34:15,00,Y,N,0,0,Y,,未到转股期；2026-07-22 开始转股,计算使用5.6年期 评级为A+ 债参考YTM：5.4570,N,4.5,全价：130.500 最后更新：15:34:15,,,,0,[],0,0,N,,,buy,buy
2026-07-07 10:37:43,123266,博士转债,bszz,135.873,-0.3,300622,博士眼镜,bsyj,13.99,-3.25,4.71,21.54,64.95,79,109.2,245.07,450401,商贸零售,szcy,C,2026-04-07,[],0,0,buy,AA,,15.078,28.002,12.1,buy,2032-03-17,5.699,3.75,949.59,5452.61,1.86,-2.84,,0,15:34:30,00,Y,N,0,0,Y,,未到转股期；2026-09-24 开始转股,计算使用5.7年期 评级为AA 债参考YTM：2.1518,N,3.75,全价：135.873 最后更新：15:34:30,,,,0,[],0,0,N,,,buy,buy
2026-07-07 10:37:43,127056,中特转债,ztzz,124.236,3.72,000708,中信特钢,zxtg,12.88,-4.59,1.44,21.78,59.14,0,110.08,234.32,230501,钢铁,szmb,C,2022-04-15,[],0,0,buy,AAA,,15.246,28.314,7.7,buy,2028-02-25,1.638,49.996,33622.2,25629.19,5.41,-8.49,,0,15:34:09,00,Y,N,1,0,Y,转股价下修1次，成功下修0次,2022-09-05 开始转股,计算使用1.7年期 评级为AAA 债参考YTM：1.5643,Y,50.0,全价：124.236 最后更新：15:34:09,,,"按下调到底估算
股东大会：2026-07-22
预估转股价：13.42
预估转股价值：95.98
期权价值：13.72
理论价值：118.65
理论偏离度：4.50%",0,{'M': ''},0,0,N,,,buy,buy
2026-07-07 10:37:43,123264,双乐转债,slzz,124.9,-0.77,301036,双乐股份,slgf,21.62,-3.09,1.27,36.4,59.4,0,110.28,235.18,220305,基础化工,szcy,C,2026-01-16,[],0,0,buy,AA-,,25.48,47.32,53.1,buy,2031-12-26,5.474,8.0,1026.91,2466.13,1.02,-1.72,,0,15:34:48,00,Y,N,0,0,Y,,2026-07-06 开始转股,计算使用5.5年期 评级为AA- 债参考YTM：2.9992,N,8.0,全价：124.900 最后更新：15:34:48,,,,0,{'M': ''},0,0,N,,,buy,buy
2026-07-07 10:37:43,123168,惠云转债,hyzz,124.464,-1.49,300891,惠云钛业,hyty,6.34,-5.51,1.99,10.74,59.03,0,110.84,235.3,220206,基础化工,szcy,C,2022-12-14,[],0,0,buy,AA-,,7.518,13.962,23.2,buy,2028-11-23,2.384,4.899,2453.32,6101.46,4.0,-2.01,,0,15:34:18,00,Y,N,0,0,Y,,2023-05-29 开始转股,计算使用2.4年期 评级为AA- 债参考YTM：2.1260,N,4.9,全价：124.464 最后更新：15:34:18,,,,0,{'M': ''},0,0,N,,,buy,buy
2026-07-07 10:37:43,113625,江山转债,jszz,115.135,-0.51,603208,江山欧派,jsop,10.72,-1.92,1.8,19.84,54.03,0,113.09,228.23,360308,轻工制造,shmb,C,2021-07-01,[],0,0,buy,A,,13.888,25.792,30.9,buy,2027-06-11,0.929,5.825,2080.5,1833.27,3.09,2.69,,0,14:57:04,00,Y,N,1,1,Y,转股价下修1次，成功下修1次,2021-12-20 开始转股,计算使用1.0年期 评级为A 债参考YTM：6.5230,N,5.83,全价：115.135 最后更新：14:57:04,,,,1,[],0,0,N,,,buy,buy
2026-07-07 10:37:43,118042,奥维转债,awzz,128.485,-0.4,688516,奥特维,atw,50.03,-0.97,4.11,83.69,59.78,0,114.93,243.42,630505,电力设备,shkc,C,2023-09-01,[],0,0,buy,AA-,,58.583,108.797,7.2,buy,2029-08-10,3.096,11.399,3002.61,44664.5,2.05,-2.42,,0,14:58:49,00,Y,N,0,0,Y,,2024-02-19 开始转股,计算使用3.1年期 评级为AA- 债参考YTM：2.3501,N,11.4,全价：128.485 最后更新：14:58:49,,,,0,{'M': ''},0,0,N,,,buy,buy
2026-07-07 10:37:43,123229,艾录转债,alzz,127.145,-0.89,301062,上海艾录,shal,5.88,-0.68,1.87,9.95,59.1,0,115.15,242.3,360205,轻工制造,szcy,C,2023-11-20,[],0,0,buy,A,,6.965,12.935,11.0,buy,2029-10-23,3.299,1.779,513.98,3894.55,2.27,-1.7,,0,15:34:45,00,Y,N,0,0,Y,,2024-04-29 开始转股,计算使用3.3年期 评级为A 债参考YTM：7.0908,N,5.0,全价：127.145 最后更新：15:34:45,,,,0,{'M': ''},0,0,N,,,buy,buy
2026-07-07 10:37:43,111009,盛泰转债,stzz,121.539,-0.91,605138,盛泰集团,stjt,5.92,-1.82,1.27,10.51,56.33,0,115.77,237.31,350209,纺织服饰,shmb,C,2022-12-01,[],0,0,buy,AA,,7.357,13.663,21.3,buy,2028-11-07,2.34,7.011,2293.42,3468.54,2.68,-3.01,,0,14:56:44,00,Y,N,0,0,Y,,2023-05-11 开始转股,计算使用2.4年期 评级为AA 债参考YTM：1.7322,N,7.012,全价：121.539 最后更新：14:56:44,,,,0,[],0,0,N,,,buy,buy
2026-07-07 10:37:43,113701,祥和转债,xhzz,164.377,-3.58,603500,祥和实业,xhsy,10.06,-4.1,3.04,13.37,75.24,64,118.46,282.84,640501,机械设备,shmb,C,2026-03-26,[],0,0,buy,A+,,9.359,17.381,12.0,buy,2032-03-02,5.658,4.0,20704.71,10501.61,30.87,-5.64,,0,14:59:56,00,Y,N,0,0,Y,,未到转股期；2026-09-09 开始转股,计算使用5.7年期 评级为A+ 债参考YTM：5.5628,N,4.0,全价：164.377 最后更新：14:59:56,,,,0,[],0,0,N,,,buy,buy
2026-07-07 10:37:43,127060,湘佳转债,xjzz,124.8,4.63,002982,湘佳股份,xjgf,12.0,-2.2,1.4,21.03,57.06,0,118.71,243.51,110703,农林牧渔,szmb,C,2022-06-10,[],0,0,buy,A+,,14.721,27.339,41.0,buy,2028-04-19,1.786,6.399,24364.52,5832.93,30.53,-6.11,,0,15:34:06,00,Y,N,1,0,Y,转股价下修1次，成功下修0次,2022-10-25 开始转股,计算使用1.8年期 评级为A+ 债参考YTM：4.3209,Y,6.4,全价：124.800 最后更新：15:34:06,,,"按下调到底估算
股东大会：2026-07-23
预估转股价：12.27
预估转股价值：97.80
期权价值：18.86
理论价值：122.40
理论偏离度：1.92%",0,[],0,0,N,,,buy,buy
2026-07-07 10:37:43,123175,百畅转债,bczz,101.998,-1.7,300614,百川畅银,bccy,9.51,-4.04,1.72,20.4,46.62,0,118.8,220.8,760103,环保,szcy,C,2023-03-17,[],0,0,buy,BBB+,,14.28,26.52,27.5,buy,2029-02-22,2.633,4.199,3010.59,2901.45,7.0,5.23,,0,15:34:09,00,Y,N,2,2,Y,转股价下修2次，成功下修2次,2023-08-28 开始转股,计算使用2.7年期 评级为BBB+ 债参考YTM：12.4289,N,4.2,全价：101.998 最后更新：15:34:09,,,,0,{'M': ''},0,0,N,,,buy,buy
2026-07-07 10:37:43,113700,海天转债,htzz,128.021,-0.45,603759,海天股份,htgf,7.25,-2.55,1.14,12.41,58.42,35,119.14,247.16,760102,环保,shmb,C,2026-03-12,[],0,0,buy,AA,,8.687,16.133,23.9,buy,2032-02-04,5.584,8.01,2019.13,3943.2,1.96,-2.16,,0,14:59:51,00,Y,N,0,0,Y,,未到转股期；2026-08-11 开始转股,计算使用5.6年期 评级为AA 债参考YTM：2.1322,N,8.01,全价：128.021 最后更新：14:59:51,,,,0,[],0,0,N,,,buy,buy
2026-07-07 10:37:43,118022,锂科转债,lkzz,120.5,-0.32,688779,五矿新能,wkxn,8.37,4.1,2.2,15.49,54.04,0,123.0,243.5,630702,电力设备,shkc,C,2022-11-07,[],0,0,buy,AA,,10.843,20.137,20.1,buy,2028-10-11,2.266,32.497,11215.9,54264.49,2.83,-2.74,,0,15:00:00,00,Y,N,0,0,Y,,2023-04-17 开始转股,计算使用2.3年期 评级为AA 债参考YTM：1.7231,N,32.5,全价：120.500 最后更新：15:00:00,,,,0,{'M': ''},0,0,N,,,buy,buy
2026-07-07 10:37:43,123267,珂玛转债,kmzz,338.116,-1.43,301611,珂玛科技,kmkj,146.61,0.49,34.92,97.47,150.42,107,124.79,462.91,270103,电子,szcy,C,2026-05-13,[],0,0,buy,AA,,68.229,126.711,3.5,buy,2032-04-15,5.778,7.5,124757.04,145218.75,49.22,-17.35,,0,15:34:33,00,Y,N,0,0,Y,,未到转股期；2026-10-22 开始转股,计算使用5.8年期 评级为AA 债参考YTM：2.1712,N,7.5,全价：338.116 最后更新：15:34:33,,,,0,{'M': ''},0,0,N,,,buy,buy
2026-07-07 10:37:43,113666,爱玛转债,amzz,120.777,-0.29,603529,爱玛科技,amkj,19.75,-1.5,1.68,36.95,53.45,0,125.96,246.74,280401,汽车,shmb,C,2023-03-20,[],0,0,buy,AA,,25.865,48.035,11.9,buy,2029-02-23,2.636,19.994,5059.49,6891.03,2.1,-2.44,,0,14:59:18,00,Y,N,0,0,Y,,2023-09-01 开始转股,计算使用2.7年期 评级为AA 债参考YTM：1.7574,N,20.0,全价：120.777 最后更新：14:59:18,,,,0,{'M': ''},0,0,N,,,buy,buy
2026-07-07 10:37:43,123196,正元转02,zyz02,121.725,-0.71,300645,正元智慧,zyzh,11.71,-2.74,1.5,21.91,53.45,0,127.75,249.48,710103,计算机,szcy,C,2023-05-19,[],0,0,buy,A+,,15.337,28.483,21.5,buy,2029-04-18,2.784,3.501,1322.03,3484.16,3.1,-1.04,,0,15:34:33,00,Y,N,2,1,Y,转股价下修2次，成功下修1次,2023-10-24 开始转股,计算使用2.8年期 评级为A+ 债参考YTM：4.6069,N,3.507,全价：121.725 最后更新：15:34:33,,,,0,[],0,0,N,,,buy,buy
2026-07-07 10:37:43,123113,仙乐转债,xlzz,114.841,-0.57,300791,仙乐健康,xljk,15.94,-3.74,1.66,31.66,50.35,0,128.1,242.94,340407,食品饮料,szcy,C,2021-05-14,[],0,0,buy,AA-,,22.162,41.158,25.0,buy,2027-04-19,0.784,10.248,3459.18,2199.89,2.94,-2.05,,0,15:34:09,00,Y,N,0,0,Y,,2021-10-25 开始转股,计算使用0.8年期 评级为AA- 债参考YTM：1.8066,N,10.249,全价：114.841 最后更新：15:34:09,,,,1,[],0,0,N,,,buy,buy
2026-07-07 10:37:43,113638,台21转债,t21zz,124.377,0.47,603055,台华新材,thxc,8.65,-1.82,1.41,16.01,54.03,0,130.21,254.59,350106,纺织服饰,shmb,C,2022-01-21,[],0,0,buy,AA,,11.207,20.813,7.8,buy,2027-12-29,1.48,5.997,2887.8,5916.17,3.88,-5.9,,0,14:59:06,00,Y,N,0,0,Y,,2022-07-05 开始转股,计算使用1.5年期 评级为AA 债参考YTM：1.6241,N,6.0,全价：124.377 最后更新：14:59:06,,,,0,{'M': ''},0,0,N,,,buy,buy
2026-07-07 10:37:43,113679,芯能转债,xnzz,122.9,0.19,603105,芯能科技,xnkj,6.66,-3.48,1.46,12.55,53.07,0,131.59,254.49,410106,公用事业,shmb,C,2023-11-24,[],0,0,buy,AA-,,8.785,16.315,26.4,buy,2029-10-26,3.307,8.799,2058.25,6012.94,1.91,-0.86,,0,14:59:53,00,Y,N,0,0,Y,,2024-05-06 开始转股,计算使用3.4年期 评级为AA- 债参考YTM：2.4005,N,8.8,全价：122.900 最后更新：14:59:53,,,,0,{'M': ''},0,0,N,,,buy,buy
2026-07-07 10:37:43,127098,欧晶转债,ojzz,120.888,0.69,001269,欧晶科技,ojkj,21.35,2.74,5.39,42.0,50.83,0,137.81,258.7,630504,电力设备,szmb,C,2023-12-15,[],0,0,buy,A+,,29.4,54.6,11.4,buy,2029-11-24,3.386,4.693,6326.97,15292.25,11.2,-1.21,,0,15:34:45,00,Y,N,1,1,Y,转股价下修1次，成功下修1次,2024-05-30 开始转股,计算使用3.4年期 评级为A+ 债参考YTM：4.7545,N,4.7,全价：120.888 最后更新：15:34:45,,,,0,[],0,0,N,,,buy,buy
2026-07-07 10:37:43,113650,博22转债,b22zz,123.94,-1.29,603916,苏博特,sbt,12.0,-7.76,1.17,23.03,52.11,0,137.86,261.8,220309,基础化工,shmb,C,2022-07-28,[],0,0,buy,AA-,,16.121,29.939,15.9,buy,2028-07-01,1.986,7.996,2979.93,20337.9,3.0,-2.89,,0,14:58:39,00,Y,N,0,0,Y,,2023-01-09 开始转股,计算使用2.0年期 评级为AA- 债参考YTM：2.0217,N,8.0,全价：123.940 最后更新：14:58:39,,,,1,{'M': ''},0,0,N,,,buy,buy
2026-07-07 10:37:43,127068,顺博转债,sbzz,131.761,0.05,002996,顺博合金,sbhj,6.13,-1.76,1.19,11.16,54.93,0,139.88,271.64,240301,有色金属,szmb,C,2022-09-07,[],0,0,buy,AA-,,7.812,14.508,29.5,buy,2028-08-12,2.101,8.3,2099.79,4241.84,1.93,-7.76,,0,15:34:15,00,Y,N,2,1,Y,转股价下修2次，成功下修1次,2023-02-20 开始转股,计算使用2.2年期 评级为AA- 债参考YTM：2.0676,Y,8.3,全价：131.761 最后更新：15:34:15,,,"按下调到底估算
股东大会：2026-07-08
预估转股价：6.20
预估转股价值：98.87
期权价值：19.82
理论价值：126.83
理论偏离度：3.74%",0,[],0,0,N,,,buy,buy
2026-07-07 10:37:43,113693,志邦转债,zbzz,119.141,-0.43,603801,志邦家居,zbjj,5.51,-2.99,0.75,11.13,49.51,0,140.66,259.8,360308,轻工制造,shmb,C,2025-04-08,[],0,0,buy,AA,,7.791,14.469,28.0,buy,2031-03-18,4.699,6.7,1232.95,2036.46,1.55,-0.89,,0,14:59:11,00,Y,N,0,0,Y,,2025-09-24 开始转股,计算使用4.7年期 评级为AA 债参考YTM：1.9983,N,6.7,全价：119.141 最后更新：14:59:11,,,,0,[],0,0,N,,,buy,buy
2026-07-07 10:37:43,127062,垒知转债,lzzz,121.237,-0.83,002398,垒知集团,lzjt,3.74,-2.86,0.71,7.51,49.8,0,143.45,264.69,610303,建筑材料,szmb,C,2022-05-20,[],0,0,buy,AA-,,5.257,9.763,17.6,buy,2028-04-21,1.792,3.957,1440.88,3336.21,3.0,-1.99,,0,15:34:12,00,Y,N,0,0,Y,,2022-10-27 开始转股,计算使用1.8年期 评级为AA- 债参考YTM：1.9822,N,3.963,全价：121.237 最后更新：15:34:12,,,,0,[],0,0,N,,,buy,buy
2026-07-07 10:37:43,127044,蒙娜转债,mnzz,119.303,-0.84,002918,蒙娜丽莎,mnls,9.57,-4.3,1.19,19.76,48.43,0,146.34,265.64,360306,轻工制造,szmb,C,2021-09-16,[],0,0,buy,AA-,,13.832,25.688,16.4,buy,2027-08-16,1.11,3.368,2404.88,8022.92,5.98,-4.22,,0,15:33:54,00,Y,N,1,1,Y,转股价下修1次，成功下修1次,2022-02-21 开始转股,计算使用1.2年期 评级为AA- 债参考YTM：1.8636,N,11.689,全价：119.303 最后更新：15:33:54,,,,0,[],0,0,N,,,buy,buy
2026-07-07 10:37:43,111014,李子转债,lzzz,119.759,-0.67,605337,李子园,lzy,8.49,-3.3,1.95,18.14,46.8,0,155.88,275.64,340701,食品饮料,shmb,C,2023-07-13,[],0,0,buy,AA,,12.698,23.582,18.1,buy,2029-06-20,2.956,5.999,1833.83,2472.82,2.54,-1.29,,0,14:59:10,00,Y,N,0,0,Y,,2023-12-28 开始转股,计算使用3.0年期 评级为AA 债参考YTM：1.7832,N,6.0,全价：119.759 最后更新：14:59:10,,,,0,[],0,0,N,,,buy,buy
2026-07-07 10:37:43,123180,浙矿转债,zkzz,125.705,-0.9,300837,浙矿股份,zkgf,23.21,-3.41,1.59,47.59,48.77,0,157.75,283.46,640203,机械设备,szcy,C,2023-03-28,[],0,0,buy,AA-,,33.313,61.867,18.2,buy,2029-03-09,2.674,3.197,1417.9,3333.97,3.52,-2.22,,0,15:34:24,00,Y,N,0,0,Y,,2023-09-15 开始转股,计算使用2.7年期 评级为AA- 债参考YTM：2.2256,N,3.2,全价：125.705 最后更新：15:34:24,,,,0,[],0,0,N,,,buy,buy
2026-07-07 10:37:43,123117,健帆转债,jfzz,114.203,-0.02,300529,健帆生物,jfsw,16.21,-2.76,3.5,38.15,42.49,0,168.78,282.98,370503,医药生物,szcy,C,2021-07-12,[],0,0,buy,AA,,26.705,49.595,12.0,buy,2027-06-23,0.962,9.998,1764.09,8463.9,1.55,-3.84,,0,15:34:06,00,Y,N,2,2,Y,转股价下修2次，成功下修2次,2021-12-29 开始转股,计算使用1.0年期 评级为AA 债参考YTM：1.5730,N,10.0,全价：114.203 最后更新：15:34:06,,,,1,{'M': ''},0,0,N,,,buy,buy
2026-07-07 10:37:43,123090,三诺转债,snzz,112.555,-0.13,300298,三诺生物,snsw,14.38,-3.68,2.58,34.52,41.66,0,170.19,282.75,370502,医药生物,szcy,C,2021-01-12,[],0,0,buy,AA,,24.164,44.876,7.7,buy,2026-12-21,0.458,4.984,1291.14,7996.63,2.3,-1.08,,0,15:34:00,00,Y,N,0,0,Y,,2021-06-25 开始转股,计算使用0.5年期 评级为AA 债参考YTM：1.5263,N,5.0,全价：112.555 最后更新：15:34:00,,,,0,{'M': ''},0,0,N,,,buy,buy
2026-07-07 10:37:43,113049,长汽转债,cqzz,108.186,0.03,601633,长城汽车,ccqc,15.51,-1.65,1.5,39.18,39.59,0,173.29,281.48,280502,汽车,shmb,C,2021-07-08,[],0,0,buy,AAA,,27.426,50.934,3.6,buy,2027-06-10,0.926,34.95,4502.6,22816.41,1.19,-1.19,,0,14:59:27,00,Y,N,0,0,N,2026-07-06 至 2026-07-10 期间暂停转股：权益分派,2021-12-17 开始转股;2026-07-06 至 2026-07-10 期间暂停转股：权益分派,计算使用1.0年期 评级为AAA 债参考YTM：1.5030,N,35.0,全价：108.186 最后更新：14:59:27,,,,1,{'M': ''},0,0,N,,,buy,buy
2026-07-07 10:37:43,123273,三江转债,sjzz,226.512,20.0,301059,金三江,jsj,11.89,-2.54,4.2,14.43,82.4,170,174.9,401.41,220309,基础化工,szcy,C,2026-07-03,[],0,0,buy,A+,,10.101,18.759,11.8,buy,2032-06-16,5.948,2.9,1304.19,4950.52,1.99,-10.39,,0,15:34:18,00,Y,N,0,0,Y,,未到转股期；2026-12-24 开始转股,计算使用6.0年期 评级为A+ 债参考YTM：5.7983,N,2.9,全价：226.512 最后更新：15:34:18,,,,0,{'M': ''},0,0,N,,,buy,buy
2026-07-07 10:37:43,123250,嘉益转债,jyzz,124.105,-0.72,301004,嘉益股份,jygf,32.24,-3.47,2.54,79.66,40.47,0,206.64,330.75,360311,轻工制造,szcy,C,2024-11-26,[],0,0,buy,A+,,55.762,103.558,9.0,buy,2030-11-07,4.34,3.955,981.72,2267.93,2.0,-1.04,,0,15:34:45,00,Y,N,0,0,Y,,2025-05-13 开始转股,计算使用4.4年期 评级为A+ 债参考YTM：4.8763,N,3.979,全价：124.105 最后更新：15:34:45,,,,0,{'M': ''},0,0,N,,,buy,buy
2026-07-07 10:37:43,123151,康医转债,kyzz,117.181,-0.27,300869,康泰医学,ktyx,10.37,-4.07,2.42,27.55,37.64,0,211.32,328.5,370502,医药生物,szcy,C,2022-07-20,[],0,0,buy,A+,,19.285,35.815,25.6,buy,2028-07-01,1.986,6.998,2583.15,3909.68,3.14,0.14,,0,15:34:21,00,Y,N,0,0,Y,,2023-01-09 开始转股,计算使用2.0年期 评级为A+ 债参考YTM：4.3617,N,7.0,全价：117.181 最后更新：15:34:21,,,,1,{'M': ''},0,0,N,,,buy,buy
2026-07-07 10:37:43,123154,火星转债,hxzz,119.4,-0.38,300894,火星人,hxr,12.61,0.64,4.87,33.03,38.18,0,212.75,332.15,330401,家用电器,szcy,C,2022-08-23,[],0,0,buy,A+,,23.121,42.939,14.3,buy,2028-08-05,2.082,5.289,2626.51,20254.73,4.15,-0.37,,0,15:34:24,00,Y,N,0,0,Y,,2023-02-13 开始转股,计算使用2.1年期 评级为A+ 债参考YTM：4.3829,N,5.29,全价：119.400 最后更新：15:34:24,,,,0,{'M': ''},0,0,N,,,buy,buy
2026-07-07 10:37:43,113670,金23转债,j23zz,122.427,-0.94,603180,金牌家居,jpjj,14.55,-1.95,0.82,37.54,38.76,0,215.87,338.3,360308,轻工制造,shmb,C,2023-05-16,[],0,0,buy,AA,,26.278,48.802,34.3,buy,2029-04-17,2.781,7.7,1964.61,1600.4,2.07,-1.25,,0,14:58:00,00,Y,N,0,0,Y,,2023-10-23 开始转股,计算使用2.8年期 评级为AA 债参考YTM：1.7657,N,7.7,全价：122.427 最后更新：14:58:00,,,,0,[],0,0,N,,,buy,buy
2026-07-07 10:37:43,128135,洽洽转债,qqzz,114.444,0.04,002557,洽洽食品,qqsp,19.89,-1.14,1.82,54.95,36.2,0,216.17,330.61,340801,食品饮料,szmb,C,2020-11-18,[],0,0,buy,AA,,38.465,71.435,13.4,buy,2026-10-20,0.288,13.398,2695.67,9791.88,1.76,1.71,,0,15:34:09,00,Y,N,0,0,Y,,2021-04-26 开始转股,计算使用0.3年期 评级为AA 债参考YTM：1.5066,N,13.4,全价：114.444 最后更新：15:34:09,,,,1,{'M': ''},0,0,N,,,buy,buy
2026-07-07 10:37:43,118005,天奈转债,tnzz,124.086,-0.39,688116,天奈科技,tnkj,37.37,-1.27,3.56,99.01,37.74,0,228.76,352.85,630702,电力设备,shkc,C,2022-03-01,[],0,0,buy,AA-,,69.307,128.713,6.1,buy,2028-01-27,1.559,8.299,1429.54,29950.77,1.38,-6.54,,0,14:59:50,00,Y,N,0,0,Y,,2022-08-09 开始转股,计算使用1.6年期 评级为AA- 债参考YTM：1.9408,N,8.3,全价：124.086 最后更新：14:59:50,,,,0,{'M': ''},0,0,N,,,buy,buy
2026-07-07 10:37:43,113660,寿22转债,s22zz,123.743,0.56,603896,寿仙谷,sxg,13.83,-3.49,1.2,36.84,37.54,0,229.62,353.36,370201,医药生物,shmb,C,2022-12-12,[],0,0,buy,AA-,,25.788,47.892,14.5,buy,2028-11-17,2.367,3.977,1044.42,1961.89,2.13,-2.93,,0,14:57:51,00,Y,N,0,0,Y,,2023-05-23 开始转股,计算使用2.4年期 评级为AA- 债参考YTM：2.1260,N,3.98,全价：123.743 最后更新：14:57:51,,,,0,[],0,0,N,,,buy,buy
2026-07-07 10:37:43,118032,建龙转债,jlzz,122.801,-0.5,688357,建龙微纳,jlwn,25.6,-4.48,1.38,71.41,35.85,0,242.55,365.35,220309,基础化工,shkc,C,2023-04-07,[],0,0,buy,AA-,,49.987,92.833,27.3,buy,2029-03-08,2.671,6.999,1700.14,4112.01,1.97,-1.35,,0,14:59:00,00,Y,N,0,0,Y,,2023-09-14 开始转股,计算使用2.7年期 评级为AA- 债参考YTM：2.2256,N,7.0,全价：122.801 最后更新：14:59:00,,,,0,{'M': ''},0,0,N,,,buy,buy
2026-07-07 10:37:43,110085,通22转债,t22zz,116.129,-0.91,600438,通威股份,twgf,11.45,-1.63,1.42,34.6,33.09,0,250.92,367.05,630501,电力设备,shmb,C,2022-03-18,[],0,0,buy,AAA,,24.22,44.98,23.2,buy,2028-02-24,1.636,119.831,7435.43,51552.73,0.53,-2.86,,0,14:59:52,00,Y,N,0,0,Y,,2022-09-02 开始转股,计算使用1.7年期 评级为AAA 债参考YTM：1.5643,N,120.0,全价：116.129 最后更新：14:59:52,,,,0,{'M': ''},0,0,N,,,buy,buy
2026-07-07 10:37:43,127025,冀东转债,jdzz,105.446,-0.02,000401,金隅冀东,jyjd,3.45,-2.54,0.35,12.91,26.72,0,294.58,400.03,610101,建筑材料,szmb,C,2020-12-02,[],0,0,buy,AAA,,9.037,16.783,19.6,buy,2026-11-05,0.332,17.764,4280.78,2252.52,2.29,1.6,,0,15:34:00,00,Y,Y,0,0,Y,,2021-05-11 开始转股,计算使用0.4年期 评级为AAA 债参考YTM：1.4553,N,28.2,全价：105.446 最后更新：15:34:00,,,,0,{'M': ''},0,0,N,,,buy,buy
2026-07-07 10:37:43,113633,科沃转债,kwzz,119.0,-0.22,603486,科沃斯,kws,51.89,-1.91,3.2,173.89,29.84,0,298.78,417.78,330302,家用电器,shmb,C,2021-12-29,[],0,0,buy,AA,,121.723,226.057,3.5,buy,2027-11-30,1.4,10.396,1805.7,30778.99,1.46,-4.42,,0,14:59:51,00,Y,N,0,0,N,2026-07-01 至 2026-07-07 期间暂停转股：权益分派,2022-06-06 开始转股;2026-07-01 至 2026-07-07 期间暂停转股：权益分派,计算使用1.4年期 评级为AA 债参考YTM：1.6110,N,10.4,全价：119.000 最后更新：14:59:51,,,,0,{'M': ''},0,0,N,,,buy,buy
2026-07-07 10:37:43,123072,乐歌转债,lgzz,121.152,-0.72,300729,乐歌股份,lggf,9.82,-2.48,0.91,32.61,30.11,0,302.32,423.47,360311,轻工制造,szcy,C,2020-11-10,[],0,0,buy,A+,,22.827,42.393,4.4,buy,2026-10-21,0.29,1.418,1059.09,2138.61,6.15,-3.31,,0,15:34:03,00,Y,N,0,0,Y,,2021-04-27 开始转股,计算使用0.3年期 评级为A+ 债参考YTM：4.0580,N,1.42,全价：121.152 最后更新：15:34:03,,,,0,[],0,0,N,,,buy,buy
2026-07-07 10:37:43,123270,盛德转债,sdzz,304.0,0.04,300881,盛德鑫泰,sdxt,39.6,2.33,3.52,53.68,73.77,153,312.09,616.09,230501,钢铁,szcy,C,2026-06-12,[],0,0,buy,A+,,37.576,69.784,17.8,buy,2032-05-31,5.904,4.05,333714.04,25548.19,266.8,-14.99,,0,15:34:36,00,Y,N,0,0,Y,,未到转股期；2026-12-07 开始转股,计算使用6.0年期 评级为A+ 债参考YTM：5.7983,N,4.05,全价：304.000 最后更新：15:34:36,,,,0,{'M': ''},0,0,N,,,buy,buy
2026-07-07 10:37:43,118010,洁特转债,jtzz,124.54,0.63,688026,洁特生物,jtsw,14.32,-5.48,1.69,47.95,29.86,0,317.02,441.56,370503,医药生物,shkc,C,2022-08-02,[],0,0,buy,A+,,33.565,62.335,21.9,buy,2028-06-28,1.978,4.399,1301.1,5599.08,2.39,-5.36,,0,14:59:53,00,Y,N,0,0,Y,,2023-01-04 开始转股,计算使用2.0年期 评级为A+ 债参考YTM：4.3617,N,4.4,全价：124.540 最后更新：14:59:53,,,,1,{'M': ''},0,0,N,,,buy,buy
2026-07-07 10:37:43,123179,立高转债,lgzz,121.146,-0.98,300973,立高食品,lgsp,25.08,-3.91,1.55,94.64,26.5,0,357.15,478.3,340802,食品饮料,szcy,C,2023-03-27,[],0,0,buy,AA-,,66.248,123.032,31.9,buy,2029-03-07,2.669,9.499,1029.82,5915.39,0.89,-0.74,,0,15:34:33,00,Y,N,0,0,Y,,2023-09-13 开始转股,计算使用2.7年期 评级为AA- 债参考YTM：2.2256,N,9.5,全价：121.146 最后更新：15:34:33,,,,0,{'M': ''},0,0,N,,,buy,buy
2026-07-07 10:37:43,128124,科华转债,khzz,105.668,-0.03,002022,科华生物,khsw,4.72,-3.67,0.94,20.64,22.87,0,362.07,467.74,370504,医药生物,szmb,C,2020-08-20,[],0,0,buy,A,,14.448,26.832,9.2,buy,2026-07-28,0.058,2.244,1361.77,2831.51,5.74,5.73,,0,15:34:33,00,Y,N,0,0,Y,,2021-02-03 开始转股,计算使用0.1年期 评级为A 债参考YTM：6.4123,N,7.38,全价：105.668 最后更新：15:34:33,,,,0,{'R': '到期\n最后交易日：2026-07-22\n最后转股日：2026-07-27\n债券到期日：2026-07-28\n到期赎回价：106.000元/张'},0,0,N,,,buy,buy
2026-07-07 10:37:43,113059,福莱转债,flzz,119.122,-1.39,601865,福莱特,flt,9.8,-1.71,1.02,41.56,23.58,0,405.17,524.29,630504,电力设备,shmb,C,2022-06-13,[],0,0,buy,AA,,29.092,54.028,21.5,buy,2028-05-20,1.871,39.999,7576.06,15375.99,1.58,-2.44,,0,14:59:56,00,Y,N,1,0,Y,转股价下修1次，成功下修0次,2022-11-28 开始转股,计算使用1.9年期 评级为AA 债参考YTM：1.6792,N,40.0,全价：119.122 最后更新：14:59:56,,,,0,{'M': ''},0,0,Y,,,buy,buy
