抓取时间,bond_id,bond_nm,bond_py,price,increase_rt,stock_id,stock_nm,stock_py,sprice,sincrease_rt,pb,convert_price,convert_value,convert_begin,premium_rt,dblow,sw_cd,sw_name,market_cd,btype,list_dt,t_flag,owned,hold,bond_value,rating_cd,option_value,put_convert_price,force_redeem_price,convert_amt_ratio,fund_rt,maturity_dt,year_left,curr_iss_amt,volume,svolume,turnover_rt,ytm_rt,put_ytm_rt,noted,last_time,qstatus,sqflag,pb_flag,adj_cnt,adj_scnt,convert_price_valid,convert_price_tips,convert_cd_tip,ref_yield_info,adjusted,orig_iss_amt,price_tips,redeem_dt,real_force_redeem_price,option_tip,after_next_put_dt,icons,is_min_price,blocked,putting,force_redeem_price_tip,notes,volatility_rate,debt_rate
2026-07-24 09:54:06,118074,特宝转债,tbzz,100.0,0.0,688278,特宝生物,tbsw,58.9,-0.3,6.62,58.56,100.58,194,-0.58,99.42,370304,医药生物,shkc,C,,[],0,0,buy,AA+,,40.992,76.128,6.4,buy,2032-07-27,6.003,15.33,0.0,26957.29,0.0,1.85,,0,,00,Y,N,0,0,Y,,未到转股期；2027-02-03 开始转股,计算使用6.1年期 评级为AA+ 债参考YTM：1.9708,N,15.33,待上市,,,,0,{'M': ''},0,0,N,,,buy,buy
2026-07-24 09:54:06,113624,正川转债,zczz,126.896,9.51,603976,正川股份,zcgf,25.2,10.0,3.47,19.78,127.4,0,-0.4,126.5,370503,医药生物,shmb,C,2021-06-01,[],0,0,buy,A+,,13.846,25.714,1.8,buy,2027-04-28,,0.755,296303.59,19023.49,3043.81,,,0,15:00:00,00,Y,N,1,1,Y,转股价下修1次，成功下修1次,2021-11-08 开始转股,强赎登记日2026-07-27，赎回价格100.7726元，如不考虑强赎纯债价值为111.47元，计算使用0.8年期 评级为A+ 债参考YTM：4.1802,N,4.05,全价：126.896 最后更新：15:00:00,2026-07-27,100.7726,如不考虑强赎期权价值为35.44元,1,{'R': '最后交易日 2026年7月27日\r\n最后转股日 2026年7月30日\r\n赎回价 100.7726元/张'},0,0,N,,,buy,buy
2026-07-24 09:54:06,123188,水羊转债,syzz,126.128,-0.61,300740,水羊股份,sygf,17.01,-0.53,3.13,13.44,126.56,0,-0.34,125.79,770202,美容护理,szcy,C,2023-04-25,[],0,0,buy,A+,,9.408,17.472,2.9,buy,2029-04-04,,1.965,83220.42,44443.33,333.03,,,0,15:34:09,00,Y,N,0,0,Y,,2023-10-11 开始转股,强赎登记日2026-07-29，赎回价格100.6020元，如不考虑强赎纯债价值为106.10元，计算使用2.7年期 评级为A+ 债参考YTM：4.5362,N,6.95,全价：126.128 最后更新：15:34:09,2026-07-29,100.6020,如不考虑强赎期权价值为54.57元,0,"{'R': '最后交易日 2026年7月29日\r\n最后转股日 2026年8月3日\r\n赎回价 100.602元/张', 'M': ''}",0,0,N,,,buy,buy
2026-07-24 09:54:06,127115,炬申转债,jszz,100.0,0.0,001202,炬申股份,jsgf,13.79,-9.99,2.68,13.76,100.22,192,-0.22,99.78,420802,交通运输,szmb,C,,[],0,0,buy,AA-,,9.632,17.888,23.6,buy,2032-07-23,6.003,3.8,0.0,1860.96,0.0,2.19,,0,,00,Y,N,0,0,Y,,未到转股期；2027-02-01 开始转股,计算使用6.1年期 评级为AA- 债参考YTM：3.4347,N,3.8,待上市,,,,0,[],0,0,N,,,buy,buy
2026-07-24 09:54:06,110074,精达转债,jdzz,217.52,-3.83,600577,精达股份,jdgf,7.1,-3.79,2.44,3.26,217.79,0,-0.12,217.4,630805,电力设备,shmb,C,2020-09-21,[],0,0,buy,AA,,2.282,4.238,0.6,buy,2026-08-19,,0.967,22592.58,47554.76,105.73,,,0,14:59:58,00,Y,N,0,0,Y,,2021-02-25 开始转股,强赎登记日2026-07-27，赎回价格101.8959元，如不考虑强赎纯债价值为111.88元，计算使用0.1年期 评级为AA 债参考YTM：1.4954,N,7.87,全价：217.520 最后更新：14:59:58,2026-07-27,101.8959,如不考虑强赎期权价值为117.91元,1,"{'R': '最后交易日 2026年7月27日\r\n最后转股日 2026年7月30日\r\n赎回价 101.8959元/张', 'M': ''}",0,0,N,,,buy,buy
2026-07-24 09:54:06,113658,密卫转债,mwzz,114.424,-1.12,603713,密尔克卫,mekw,62.64,-1.4,2.02,54.72,114.47,0,-0.04,114.38,420806,交通运输,shmb,C,2022-10-25,[],0,0,buy,AA-,,38.304,71.136,6.0,buy,2027-09-16,,6.08,16813.74,12006.21,24.16,,,0,14:59:56,00,Y,N,1,1,Y,转股价下修1次，成功下修1次,2023-03-22 开始转股,强赎登记日2026-08-06，赎回价格101.3562元，如不考虑强赎纯债价值为111.13元，计算使用1.2年期 评级为AA- 债参考YTM：1.8792,N,8.724,全价：114.424 最后更新：14:59:56,2026-08-06,101.3562,如不考虑强赎期权价值为28.70元,1,"{'R': '最后交易日 2026年8月6日\r\n最后转股日 2026年8月11日\r\n赎回价 101.3562元/张', 'M': ''}",0,0,N,,,buy,buy
2026-07-24 09:54:06,127067,恒逸转2,hyz2,145.9,-4.87,000703,恒逸石化,hysh,15.05,-4.87,2.12,10.32,145.83,0,0.05,145.95,750301,石油石化,szmb,C,2022-08-18,[],0,0,buy,AA+,,7.224,13.416,5.1,buy,2028-07-21,1.995,29.404,139390.07,173827.68,30.94,-13.0,,0,15:34:45,00,Y,N,0,0,Y,,2023-01-30 开始转股,计算使用2.0年期 评级为AA+ 债参考YTM：1.6330,N,30.0,全价：145.900 最后更新：15:34:45,,,,1,"{'G': '本次（至2026年4月27日）不提前赎回，从2026年7月28日开始计算', 'M': ''}",0,0,N,,,buy,buy
2026-07-24 09:54:06,110077,洪城转债,hczz,208.139,-1.83,600461,洪城环境,hchj,9.17,-1.71,1.14,4.41,207.94,0,0.1,208.24,760102,环保,shmb,C,2020-12-17,[],0,0,buy,AA+,,3.087,5.733,5.1,buy,2026-11-20,0.326,6.113,7317.63,8773.01,5.7,-145.84,,0,14:59:59,00,Y,N,0,0,Y,,2021-05-26 开始转股,计算使用0.4年期 评级为AA+ 债参考YTM：1.5179,N,18.0,全价：208.139 最后更新：14:59:59,,,,1,{'M': ''},0,0,N,,,buy,buy
2026-07-24 09:54:06,110103,申能转债,snzz,100.0,0.0,600642,申能股份,sngf,8.53,-5.43,0.98,8.74,97.6,192,2.46,102.46,410101,公用事业,shmb,C,,[],0,0,buy,AAA,,6.118,11.362,4.8,buy,2032-07-23,6.003,20.0,0.0,31224.55,0.0,1.65,,0,,00,Y,N,0,0,Y,,未到转股期；2027-02-01 开始转股,计算使用6.1年期 评级为AAA 债参考YTM：1.8275,N,20.0,待上市,,,,0,{'M': ''},0,0,N,,,buy,buy
2026-07-24 09:54:06,118053,正帆转债,zfzz,129.477,4.95,688596,正帆科技,zfkj,48.38,7.73,3.76,38.57,125.43,0,3.22,132.7,640209,机械设备,shkc,C,2025-04-03,[],0,0,buy,AA,,26.999,50.141,7.4,buy,2031-03-18,4.652,10.406,483085.54,189648.76,356.13,-2.4,,0,15:00:00,00,Y,N,0,0,Y,,2025-09-24 开始转股,已公告要强赎，如不考虑强赎纯债价值为105.94元，计算使用4.7年期 评级为AA 债参考YTM：1.9604,N,10.41,全价：129.477 最后更新：15:00:00,,,如不考虑强赎期权价值为80.22元,0,"{'O': '', 'M': ''}",0,0,N,,,buy,buy
2026-07-24 09:54:06,113039,嘉泽转债,jzzz,159.173,-3.72,601619,嘉泽新能,jzxn,4.44,-4.31,1.61,2.89,153.63,0,3.61,162.78,410107,公用事业,shmb,C,2020-09-17,[],0,0,buy,AA,,2.023,3.757,2.6,buy,2026-08-24,0.085,2.854,67929.69,28386.01,147.16,-378.67,,0,14:59:59,00,Y,N,0,0,Y,,2021-03-01 开始转股,计算使用0.1年期 评级为AA 债参考YTM：1.4954,N,13.0,全价：159.173 最后更新：14:59:59,,,,1,"{'R': '到期\n最后交易日：2026-08-18\n最后转股日：2026-08-21\n债券到期日：2026-08-24\n到期赎回价：108.000元/张', 'M': ''}",0,0,N,,,buy,buy
2026-07-24 09:54:06,128134,鸿路转债,hlzz,120.414,-1.45,002541,鸿路钢构,hlgg,19.79,-2.66,1.35,17.49,113.15,0,6.42,126.83,620401,建筑装饰,szmb,C,2020-11-02,[],0,0,buy,AA,,12.243,22.737,16.0,buy,2026-10-09,0.211,15.686,5614.55,16439.27,2.95,-41.54,,0,15:34:00,00,Y,N,2,2,Y,转股价下修2次，成功下修2次,2021-04-15 开始转股,计算使用0.3年期 评级为AA 债参考YTM：1.5480,N,18.8,全价：120.414 最后更新：15:34:00,,,,0,{'M': ''},0,0,N,,,buy,buy
2026-07-24 09:54:06,113042,上银转债,syzz,116.886,-0.1,601229,上海银行,shyh,9.14,0.22,0.49,8.35,109.46,0,6.78,123.67,480401,银行,shmb,C,2021-02-10,[],0,0,buy,AAA,,,10.855,15.4,buy,2027-01-25,0.507,199.775,23855.2,44740.18,1.02,-8.25,,0,14:59:58,00,Y,Y,0,0,Y,,2021-07-29 开始转股,计算使用0.6年期 评级为AAA 债参考YTM：1.4967,N,200.0,全价：116.886 最后更新：14:59:58,,,,0,{'M': ''},0,0,N,,,buy,buy
2026-07-24 09:54:06,127061,美锦转债,mjzz,107.7,-1.85,000723,美锦能源,mjny,3.49,-4.38,1.21,3.47,100.58,0,7.08,114.78,740201,煤炭,szmb,C,2022-05-30,[],0,0,buy,A,,2.429,4.511,18.2,buy,2028-04-20,1.743,27.89,9599.15,18966.93,3.17,6.75,,0,15:34:42,00,Y,N,2,2,Y,转股价下修2次，成功下修2次,2022-10-26 开始转股,计算使用1.8年期 评级为A 债参考YTM：6.6758,N,35.9,全价：107.700 最后更新：15:34:42,,,,1,{'M': ''},0,0,N,,,buy,buy
2026-07-24 09:54:06,113056,重银转债,cyzz,128.113,-0.45,601963,重庆银行,cqyh,10.92,-1.36,0.6,9.22,118.44,0,8.17,136.28,480401,银行,shmb,C,2022-04-14,[],0,0,buy,AAA,,,11.986,52.1,buy,2028-03-23,1.666,115.622,16827.37,15488.17,1.13,-7.61,,0,14:59:06,00,Y,N,0,0,Y,,2022-09-30 开始转股,计算使用1.7年期 评级为AAA 债参考YTM：1.5701,N,130.0,全价：128.113 最后更新：14:59:06,,,,0,{'M': ''},0,0,N,,,buy,buy
2026-07-24 09:54:06,113605,大参转债,dszz,118.859,-1.57,603233,大参林,dsl,18.4,-1.55,2.66,16.86,109.13,0,8.91,127.77,370403,医药生物,shmb,C,2020-11-13,[],0,0,buy,AA,,11.802,21.918,6.7,buy,2026-10-22,0.247,14.045,6639.68,8973.79,3.96,-30.57,,0,14:59:59,00,Y,N,1,1,Y,转股价下修1次，成功下修1次,2021-04-28 开始转股,计算使用0.3年期 评级为AA 债参考YTM：1.5480,N,14.05,全价：118.859 最后更新：14:59:59,,,,1,{'M': ''},0,0,N,,,buy,buy
2026-07-24 09:54:06,113062,常银转债,cyzz,129.329,-0.67,601128,常熟银行,csyh,6.23,-0.95,0.69,5.25,118.67,0,8.99,138.32,480501,银行,shmb,C,2022-10-17,[],0,0,buy,AAA,,,6.825,26.4,buy,2028-09-15,2.148,59.994,11538.5,23027.53,1.48,-7.64,,0,14:59:46,00,Y,N,0,0,Y,,2023-03-21 开始转股,计算使用2.2年期 评级为AAA 债参考YTM：1.6045,N,60.0,全价：129.329 最后更新：14:59:46,,,,0,{'M': ''},0,0,N,,,buy,buy
2026-07-24 09:54:06,113681,镇洋转债,zyzz,138.198,-0.36,603213,镇洋发展,zyfz,13.8,0.44,3.11,10.95,126.03,0,9.66,147.86,220202,基础化工,shmb,C,2024-01-17,[],0,0,buy,AA-,,7.665,14.235,8.9,buy,2029-12-29,3.436,5.476,3654.85,2529.2,4.83,-4.27,,0,14:59:58,00,Y,N,0,0,Y,,2024-07-05 开始转股,计算使用3.5年期 评级为AA- 债参考YTM：2.3484,N,6.6,全价：138.198 最后更新：14:59:58,,,,0,[],0,0,N,,,buy,buy
2026-07-24 09:54:06,113667,春23转债,c23zz,209.051,-3.73,603890,春秋电子,cqdz,18.89,-3.62,2.5,9.95,189.85,0,10.11,219.16,270504,电子,shmb,C,2023-04-11,[],0,0,buy,AA-,,6.965,12.935,6.7,buy,2029-03-17,2.649,5.696,44435.15,24897.62,36.87,-19.54,,0,15:00:00,00,Y,N,0,0,Y,,2023-09-25 开始转股,计算使用2.7年期 评级为AA- 债参考YTM：2.1898,N,5.7,全价：209.051 最后更新：15:00:00,,,,0,{'M': ''},0,0,N,,,buy,buy
2026-07-24 09:54:06,110102,江农转债,jnzz,100.0,0.0,600389,江山股份,jsgf,18.7,-3.31,1.93,20.64,90.6,180,10.37,110.37,220803,基础化工,shmb,C,,[],0,0,buy,AA+,,14.448,26.832,14.7,buy,2032-07-13,5.975,11.85,0.0,36027.59,0.0,2.04,,0,,00,Y,N,0,0,Y,,未到转股期；2027-01-20 开始转股,计算使用6.0年期 评级为AA+ 债参考YTM：1.9600,N,11.85,待上市,,,,0,{'M': ''},0,0,N,,,buy,buy
2026-07-24 09:54:06,113708,曙26转债,s26zz,100.0,0.0,603019,中科曙光,zksg,97.5,-0.33,6.33,108.89,89.54,181,11.68,111.68,710103,计算机,shmb,C,,[],0,0,buy,AAA,,76.223,141.557,5.6,buy,2032-07-14,5.978,80.0,0.0,664606.07,0.0,1.36,,0,,00,Y,N,0,0,Y,,未到转股期；2027-01-21 开始转股,计算使用6.0年期 评级为AAA 债参考YTM：1.8200,N,80.0,待上市,,,,0,{'M': ''},0,0,N,,,buy,buy
2026-07-24 09:54:06,123213,天源转债,tyzz,305.0,8.28,301127,武汉天源,whty,19.05,8.36,3.72,7.1,268.31,0,13.67,318.67,760102,环保,szcy,C,2023-08-16,[],0,0,buy,AA-,,4.97,9.23,2.6,buy,2029-07-28,3.014,3.26,151635.86,86225.14,156.02,-27.75,,0,15:34:15,00,Y,N,0,0,Y,,2024-02-05 开始转股,计算使用3.1年期 评级为AA- 债参考YTM：2.2903,N,10.0,全价：305.000 最后更新：15:34:15,,,,0,"{'G': '本次（2026年3月13日至2026年4月2日）不提前赎回，自2026年10月2日后首个交易日重新计算', 'M': ''}",0,0,N,,,buy,buy
2026-07-24 09:54:06,110081,闻泰转债,wtzz,104.458,-0.15,600745,*ST闻泰,wtkj,16.83,0.18,0.88,18.36,91.67,0,13.95,118.41,270102,电子,shmb,C,2021-08-20,[],0,0,buy,BBB+,,12.852,23.868,32.4,buy,2027-07-28,1.011,72.068,31130.51,70976.19,4.11,5.16,,0,14:59:58,00,Y,N,3,3,Y,转股价下修3次，成功下修3次,2022-02-07 开始转股,计算使用1.1年期 评级为BBB+ 债参考YTM：11.9565,N,86.0,全价：104.458 最后更新：14:59:58,,,,1,[],0,0,N,,,buy,buy
2026-07-24 09:54:06,113707,科博转债,kbzz,100.0,0.0,603786,科博达,kbd,39.92,-1.99,2.8,45.56,87.62,171,14.13,114.13,280206,汽车,shmb,C,,[],0,0,buy,AA+,,31.892,59.228,9.2,buy,2032-07-02,5.945,14.91,0.0,4652.62,0.0,1.85,,0,,00,Y,N,0,0,Y,,未到转股期；2027-01-11 开始转股,计算使用6.0年期 评级为AA+ 债参考YTM：1.9600,N,14.91,待上市,,,,0,{'M': ''},0,0,N,,,buy,buy
2026-07-24 09:54:06,113697,应流转债,ylzz,168.801,-0.66,603308,应流股份,ylgf,44.1,-2.67,5.78,30.31,145.5,0,16.02,184.82,640108,机械设备,shmb,C,2025-10-22,[],0,0,buy,AA+,,21.217,39.403,5.0,buy,2031-09-19,5.159,14.994,38459.81,68267.03,15.05,-7.65,,0,14:59:57,00,Y,N,0,0,Y,,2026-03-25 开始转股,计算使用5.2年期 评级为AA+ 债参考YTM：1.8671,N,15.0,全价：168.801 最后更新：14:59:57,,,,0,{'M': ''},0,0,N,,,buy,buy
2026-07-24 09:54:06,113615,金诚转债,jczz,734.794,-3.67,603979,金诚信,jcx,69.55,-6.38,3.73,11.12,625.45,0,17.48,752.27,240302,有色金属,shmb,C,2021-01-14,[],0,0,buy,AA,,7.784,14.456,1.1,buy,2026-12-23,0.416,4.958,42952.36,77100.06,11.75,-204.88,,0,14:59:58,00,Y,N,0,0,Y,,2021-06-29 开始转股,计算使用0.5年期 评级为AA 债参考YTM：1.5593,N,10.0,全价：734.794 最后更新：14:59:58,,,,1,"{'G': '本次（2025年10月10日至2025年10月30日）不提前赎回，至2026年12月22日到期均不提前赎回', 'M': ''}",0,0,N,,,buy,buy
2026-07-24 09:54:06,127080,声迅转债,sxzz,236.0,1.29,003004,声迅股份,sxgf,57.0,-1.06,6.65,28.94,196.96,0,19.82,255.82,710102,计算机,szmb,C,2023-02-10,[],0,0,buy,A,,20.258,37.622,7.1,buy,2028-12-30,2.438,2.793,47403.57,7730.05,73.24,-24.86,,0,15:34:45,00,Y,N,0,0,Y,,2023-07-07 开始转股,计算使用2.5年期 评级为A 债参考YTM：6.8300,N,2.8,全价：236.000 最后更新：15:34:45,,,,0,{'G': '本次（2026年5月8日至2026年5月29日）不提前赎回，以2026年8月31日重新计算'},0,0,N,,,buy,buy
2026-07-24 09:54:06,123187,超达转债,cdzz,183.097,-1.82,301186,超达装备,cdzb,32.86,-1.08,2.31,21.77,150.94,0,21.3,204.4,280205,汽车,szcy,C,2023-04-25,[],0,0,buy,A,,15.239,28.301,6.3,buy,2029-04-04,2.699,2.242,10241.79,5675.18,24.82,-14.98,,0,15:33:57,00,Y,N,0,0,Y,,2023-10-11 开始转股,计算使用2.7年期 评级为A 债参考YTM：6.8862,N,4.69,全价：183.097 最后更新：15:33:57,,,,0,"{'G': '本次（2026年4月10日至2026年4月30日）不提前赎回，以2026年7月31日之后的首个交易日重新起算', 'M': ''}",0,0,N,,,buy,buy
2026-07-24 09:54:06,113631,皖天转债,wtzz,137.18,-1.09,603689,皖天然气,wtrq,7.36,-1.87,1.01,6.51,113.06,0,21.34,158.52,410301,公用事业,shmb,C,2021-12-10,[],0,0,buy,AA+,,4.557,8.463,15.5,buy,2027-11-08,1.293,5.958,3752.5,1982.09,4.58,-14.79,,0,14:59:44,00,Y,N,0,0,Y,,2022-05-12 开始转股,计算使用1.3年期 评级为AA+ 债参考YTM：1.5697,N,9.3,全价：137.180 最后更新：14:59:44,,,,1,[],0,0,N,,,buy,buy
2026-07-24 09:54:06,113058,友发转债,yfzz,135.623,-1.06,601686,友发集团,yfjt,5.0,-2.53,1.08,4.48,111.61,0,21.52,157.14,230403,钢铁,shmb,C,2022-04-26,[],0,0,buy,AA,,3.136,5.824,25.2,buy,2028-03-30,1.685,18.638,5389.22,3789.66,2.12,-9.99,,0,14:59:57,00,Y,N,2,2,Y,转股价下修2次，成功下修2次,2022-10-10 开始转股,计算使用1.7年期 评级为AA 债参考YTM：1.6586,N,20.0,全价：135.623 最后更新：14:59:57,,,,1,[],0,0,N,,,buy,buy
2026-07-24 09:54:06,127110,广核转债,ghzz,138.68,-0.88,003816,中国广核,zggh,4.06,-2.4,1.63,3.58,113.41,0,22.28,160.96,410108,公用事业,szmb,C,2025-07-25,[],0,0,buy,AAA,,2.506,4.654,3.1,buy,2031-07-09,4.962,48.992,8191.7,42363.13,1.2,-4.63,,0,15:34:15,00,Y,N,0,0,Y,,2026-01-15 开始转股,计算使用5.0年期 评级为AAA 债参考YTM：1.7467,N,49.0,全价：138.680 最后更新：15:34:15,,,,0,{'M': ''},0,0,N,,,buy,buy
2026-07-24 09:54:06,127084,柳工转2,lgz2,149.399,-1.06,000528,柳工,lg,8.49,-2.41,0.91,6.98,121.63,0,22.83,172.23,640601,机械设备,szmb,C,2023-04-20,[],0,0,buy,AAA,,4.886,9.074,14.4,buy,2029-03-27,2.677,24.809,6528.15,24042.01,1.76,-9.23,,0,15:34:42,00,Y,N,0,0,Y,,2023-10-09 开始转股,计算使用2.7年期 评级为AAA 债参考YTM：1.6202,N,30.0,全价：149.399 最后更新：15:34:42,,,,0,{'M': ''},0,0,N,,,buy,buy
2026-07-24 09:54:06,123207,冠中转债,gzzz,199.0,-0.58,300948,冠中生态,gzst,16.89,-2.31,2.86,10.44,161.78,0,23.01,222.01,620307,建筑装饰,szcy,C,2023-08-09,[],0,0,buy,A-,,7.308,13.572,5.6,buy,2029-07-21,2.995,1.455,16740.73,5286.2,58.59,-15.99,,0,15:34:12,00,Y,N,1,1,Y,转股价下修1次，成功下修1次,2024-01-29 开始转股,计算使用3.0年期 评级为A- 债参考YTM：9.3179,N,4.0,全价：199.000 最后更新：15:34:12,,,,0,"{'G': '本次（2026年5月27日至2026年6月16日）不提前赎回，自2026年9月16日后首个交易日重新计算', 'M': ''}",0,0,N,,,buy,buy
2026-07-24 09:54:06,128136,立讯转债,lxzz,134.26,0.53,002475,立讯精密,lxjm,60.59,-0.98,5.27,55.67,108.84,0,23.36,157.62,270504,电子,szmb,C,2020-12-02,[],0,0,buy,AA+,,38.969,72.371,0.7,buy,2026-11-03,0.28,29.848,21183.09,461473.27,5.31,-70.69,,0,15:34:12,00,Y,N,0,0,Y,,2021-05-10 开始转股,计算使用0.3年期 评级为AA+ 债参考YTM：1.5138,N,30.0,全价：134.260 最后更新：15:34:12,,,,1,{'M': ''},0,0,N,,,buy,buy
2026-07-24 09:54:06,128128,齐翔转2,qxz2,110.3,-0.22,002408,齐翔腾达,qxtd,4.8,-3.61,1.24,5.37,89.39,0,23.4,133.7,750303,石油石化,szmb,C,2020-09-15,[],0,0,buy,AA,,3.759,6.981,5.1,buy,2026-08-20,0.074,6.79,3130.82,16726.61,4.18,-3.82,,0,15:34:06,00,Y,N,0,0,Y,,2021-02-26 开始转股,计算使用0.1年期 评级为AA 债参考YTM：1.4954,N,29.9,全价：110.300 最后更新：15:34:06,,,,1,"{'R': '到期\n最后交易日：2026-08-14\n最后转股日：2026-08-19\n债券到期日：2026-08-20\n到期赎回价：110.000元/张', 'M': ''}",0,0,N,,,buy,buy
2026-07-24 09:54:06,127040,国泰转债,gtzz,126.238,-0.5,002091,江苏国泰,jsgt,7.47,-1.58,0.74,7.35,101.63,0,24.21,150.45,450201,商贸零售,szmb,C,2021-08-10,[],0,0,buy,AA+,,5.145,9.555,33.3,buy,2027-07-07,0.953,39.863,5491.03,5591.25,1.09,-15.2,,0,15:34:33,00,Y,N,0,0,Y,,2022-01-13 开始转股,计算使用1.0年期 评级为AA+ 债参考YTM：1.5521,N,45.574,全价：126.238 最后更新：15:34:33,,,,1,{'M': ''},0,0,N,,,buy,buy
2026-07-24 09:54:06,113043,财通转债,ctzz,129.081,-0.87,601108,财通证券,ctzq,8.22,-4.08,0.99,7.98,103.01,0,25.31,154.39,490101,非银金融,shmb,C,2020-12-28,[],0,0,buy,AAA,,,10.374,10.0,buy,2026-12-10,0.381,37.992,13207.86,49497.91,2.68,-47.29,,0,14:59:45,00,Y,Y,1,1,Y,转股价下修1次，成功下修1次,2021-06-16 开始转股,计算使用0.4年期 评级为AAA 债参考YTM：1.4868,N,38.0,全价：129.081 最后更新：14:59:45,,,,0,{'M': ''},0,0,N,,,buy,buy
2026-07-24 09:54:06,110076,华海转债,hhzz,122.195,-1.16,600521,华海药业,hhyy,16.01,-4.36,2.43,16.5,97.03,0,25.93,148.13,370102,医药生物,shmb,C,2020-11-25,[],0,0,buy,AA,,11.55,21.45,7.7,buy,2026-11-02,0.277,18.424,6401.79,56511.71,2.83,-36.07,,0,14:59:46,00,Y,N,1,1,Y,转股价下修1次，成功下修1次,2021-05-06 开始转股,计算使用0.3年期 评级为AA 债参考YTM：1.5480,N,18.426,全价：122.195 最后更新：14:59:46,,,,1,{'M': ''},0,0,N,,,buy,buy
2026-07-24 09:54:06,113051,节能转债,jnzz,131.012,-2.89,601016,节能风电,jnfd,3.46,-7.98,1.25,3.33,103.9,0,26.09,157.1,410107,公用事业,shmb,C,2021-07-22,[],0,0,buy,AAA,,2.331,4.329,12.7,buy,2027-06-21,0.91,26.519,21879.1,90951.52,6.26,-17.63,,0,14:59:58,00,Y,N,1,0,Y,转股价下修1次，成功下修0次,2021-12-27 开始转股,计算使用1.0年期 评级为AAA 债参考YTM：1.5221,N,30.0,全价：131.012 最后更新：14:59:58,,,,1,"{'G': '本次（2026年4月23日至2026年5月19日）不提前赎回，自2026年8月19日之后的首个交易日重新起算', 'M': ''}",0,0,N,,,buy,buy
2026-07-24 09:54:06,127096,泰坦转债,ttzz,472.549,-0.46,003036,泰坦股份,ttgf,49.47,-3.96,7.13,13.2,374.77,0,26.09,498.64,640206,机械设备,szmb,C,2023-11-15,[],0,0,buy,A,,9.24,17.16,2.7,buy,2029-10-25,3.258,2.875,114785.45,28127.57,84.96,-34.77,,0,15:33:54,00,Y,N,0,0,Y,,2024-05-06 开始转股,计算使用3.3年期 评级为A 债参考YTM：7.0273,N,2.955,全价：472.549 最后更新：15:33:54,,,,0,{'G': '本次（2026年6月12日至2026年7月3日）不提前赎回，以2026年10月3日后首个交易日起重新计算'},0,0,N,,,buy,buy
2026-07-24 09:54:06,123243,严牌转债,ypzz,184.997,-2.78,301081,严牌股份,ypgf,10.56,-3.83,2.21,7.22,146.26,0,26.48,211.48,760201,环保,szcy,C,2024-07-26,[],0,0,buy,A+,,5.054,9.386,11.0,buy,2030-07-10,3.964,2.607,12316.58,3838.77,25.54,-10.82,,0,15:34:21,00,Y,N,0,0,Y,,2025-01-16 开始转股,计算使用4.0年期 评级为A+ 债参考YTM：4.7610,N,4.679,全价：184.997 最后更新：15:34:21,,,,0,"{'G': '本次（2026年5月6日至2026年5月26日）不提问赎回，以2026年8月26日后的首个交易日重新计算', 'M': ''}",0,0,N,,,buy,buy
2026-07-24 09:54:06,128127,文科转债,wkzz,114.53,-0.05,002775,文科股份,wkgf,3.54,0.28,40.69,3.92,90.31,0,26.82,141.35,620307,建筑装饰,szmb,C,2020-09-11,[],0,0,buy,BBB+,,2.744,5.096,37.2,buy,2026-08-20,0.074,7.662,6519.52,9804.02,7.43,5.76,,0,15:33:57,00,Y,N,2,2,Y,转股价下修2次，成功下修2次,2021-03-01 开始转股,计算使用0.1年期 评级为BBB+ 债参考YTM：11.7059,N,9.5,全价：114.530 最后更新：15:33:57,,,,1,{'R': '到期\n最后交易日：2026-08-14\n最后转股日：2026-08-19\n债券到期日：2026-08-20\n到期赎回价：115.000元/张'},0,0,N,,,buy,buy
2026-07-24 09:54:06,118073,赛斯转债,sszz,100.0,0.0,688480,赛恩斯,ses,69.5,-3.27,5.49,88.16,78.83,185,26.85,126.85,760104,环保,shkc,C,,[],0,0,buy,AA,,61.712,114.608,8.3,buy,2032-07-16,5.984,5.519,0.0,7850.48,0.0,2.16,,0,,00,Y,N,0,0,Y,,未到转股期；2027-01-25 开始转股,计算使用6.0年期 评级为AA 债参考YTM：2.2000,N,5.519,待上市,,,,0,{'M': ''},0,0,N,,,buy,buy
2026-07-24 09:54:06,127056,中特转债,ztzz,130.766,0.69,000708,中信特钢,zxtg,14.26,-0.49,1.6,13.89,102.66,0,27.37,158.14,230501,钢铁,szmb,C,2022-04-15,[],0,0,buy,AAA,,9.723,18.057,6.9,buy,2028-02-25,1.592,49.996,38818.9,16955.82,5.93,-11.64,,0,15:34:51,00,Y,N,1,1,Y,转股价下修1次，成功下修1次,2022-09-05 开始转股,计算使用1.6年期 评级为AAA 债参考YTM：1.5621,N,50.0,全价：130.766 最后更新：15:34:51,,,,0,{'M': ''},0,0,N,,,buy,buy
2026-07-24 09:54:06,123276,久吾转02,jwz02,100.0,0.0,300631,久吾高科,jwgk,18.6,-2.36,1.71,23.78,78.22,185,27.85,127.85,760201,环保,szcy,C,,[],0,0,buy,A+,,16.646,30.914,13.3,buy,2032-07-19,5.992,3.0,0.0,3767.66,0.0,2.98,,0,,00,Y,N,0,0,Y,,未到转股期；2027-01-25 开始转股,计算使用6.0年期 评级为A+ 债参考YTM：5.7500,N,3.0,待上市,,,,0,[],0,0,N,,,buy,buy
2026-07-24 09:54:06,123065,宝莱转债,blzz,122.549,-1.57,300246,宝莱特,blt,17.46,-0.8,4.09,18.3,95.41,0,28.44,150.99,370502,医药生物,szcy,C,2020-09-24,[],0,0,buy,AA-,,12.81,23.79,5.9,buy,2026-09-04,0.115,2.18,4165.55,28094.48,15.47,-54.85,,0,15:34:36,00,Y,N,2,2,Y,转股价下修2次，成功下修2次,2021-03-11 开始转股,计算使用0.2年期 评级为AA- 债参考YTM：1.7228,N,2.19,全价：122.549 最后更新：15:34:36,,,,0,[],0,0,N,,,buy,buy
2026-07-24 09:54:06,127092,运机转债,yjzz,270.527,-0.62,001288,运机集团,yjjt,25.0,-0.68,2.39,11.91,209.91,0,28.88,299.41,640203,机械设备,szmb,C,2023-10-20,[],0,0,buy,AA-,,8.337,15.483,13.8,buy,2029-09-21,3.164,5.25,15075.12,9211.64,10.67,-22.9,,0,15:33:54,00,Y,N,0,0,Y,,2024-03-27 开始转股,计算使用3.2年期 评级为AA- 债参考YTM：2.3089,N,7.3,全价：270.527 最后更新：15:33:54,,,,0,{'G': '本次（2025年12月8日至2025年12月26日）不提前赎回，以2026年12月26日后的首个交易日起重新计算'},0,0,N,,,buy,buy
2026-07-24 09:54:06,113691,和邦转债,hbzz,147.814,-2.16,603077,和邦生物,hbsw,2.29,-4.18,1.12,2.0,114.5,0,29.1,176.91,220802,基础化工,shmb,C,2024-11-19,[],0,0,buy,AA,,1.4,2.6,22.7,buy,2030-10-28,4.266,45.991,13079.87,40042.81,1.91,-5.86,,0,14:59:56,00,Y,N,0,0,Y,,2025-05-06 开始转股,计算使用4.3年期 评级为AA 债参考YTM：1.9252,N,46.0,全价：147.814 最后更新：14:59:56,,,,0,"{'G': '本次（2026年1月22日至2026年3月10日）不提前赎回，以2027年3月10日之后的首个交易日重新起算', 'M': ''}",0,0,N,,,buy,buy
2026-07-24 09:54:06,113052,兴业转债,xyzz,117.6,-0.06,601166,兴业银行,xyyh,18.33,0.38,0.43,20.13,91.06,0,29.15,146.75,480301,银行,shmb,C,2022-01-14,[],0,0,buy,AAA,,,26.169,10.7,buy,2027-12-27,1.427,413.5,43376.8,201010.99,0.89,-3.84,,0,14:59:44,00,Y,Y,0,0,Y,,2022-06-30 开始转股,计算使用1.5年期 评级为AAA 债参考YTM：1.5541,N,500.0,全价：117.600 最后更新：14:59:44,,,,0,{'M': ''},0,0,N,,,buy,buy
2026-07-24 09:54:06,110099,福能转债,fnzz,146.001,-1.48,600483,福能股份,fngf,10.69,-2.73,1.06,9.49,112.65,0,29.61,175.61,410110,公用事业,shmb,C,2025-10-30,[],0,0,buy,AA+,,6.643,12.337,12.8,buy,2031-10-13,5.225,38.019,9365.12,13716.46,1.67,-5.29,,0,14:59:54,00,Y,N,0,0,Y,,2026-04-17 开始转股,计算使用5.3年期 评级为AA+ 债参考YTM：1.8781,N,38.02,全价：146.001 最后更新：14:59:54,,,,0,"{'M': '', 'EX': '能源集团及其一致行动人竞价、大宗减持10.00% 2026年07月18日公告'}",0,0,N,,,buy,buy
2026-07-24 09:54:06,127027,能化转债,nhzz,113.855,-0.42,000552,甘肃能化,gsnh,2.55,-2.3,0.82,2.93,87.03,0,30.82,144.68,740101,煤炭,szmb,C,2021-01-22,[],0,0,buy,AAA,,2.051,3.809,20.5,buy,2026-12-10,0.381,19.463,2840.72,18338.18,1.28,-8.96,,0,15:34:27,00,Y,N,0,0,Y,,2021-06-16 开始转股,计算使用0.4年期 评级为AAA 债参考YTM：1.4868,N,28.0,全价：113.855 最后更新：15:34:27,,,,1,{'M': ''},0,0,N,,,buy,buy
2026-07-24 09:54:06,123091,长海转债,chzz,138.959,-0.86,300196,长海股份,chgf,15.86,-3.59,1.32,14.99,105.8,0,31.34,170.3,610202,建筑材料,szcy,C,2021-01-15,[],0,0,buy,AA,,10.493,19.487,14.0,buy,2026-12-23,0.416,5.481,34642.94,17488.53,45.45,-48.64,,0,15:34:42,00,Y,N,0,0,Y,,2021-06-29 开始转股,计算使用0.5年期 评级为AA 债参考YTM：1.5593,N,5.5,全价：138.959 最后更新：15:34:42,,,,1,{'G': '本次（2026年4月14日至2026年5月26日）不提前赎回，自2026年8月26日后的首个交易日重新计算'},0,0,N,,,buy,buy
2026-07-24 09:54:06,123247,万凯转债,wkzz,178.494,-3.52,301216,万凯新材,wkxc,15.07,-5.22,1.33,11.15,135.16,0,32.06,210.55,220501,基础化工,szcy,C,2024-09-05,[],0,0,buy,AA,,7.805,14.495,23.9,buy,2030-08-16,4.066,19.642,15359.36,16829.57,4.32,-10.48,,0,15:34:24,00,Y,N,0,0,Y,,2025-02-24 开始转股,计算使用4.1年期 评级为AA 债参考YTM：1.9036,N,27.0,全价：178.494 最后更新：15:34:24,,,,0,"{'G': '本次（2026年6月17日至2026年7月8日）不提前赎回，自2026年10月8日后首个交易日重新计算', 'M': ''}",0,0,N,,,buy,buy
2026-07-24 09:54:06,111002,特纸转债,tzzz,143.902,-0.57,605007,五洲特纸,wztz,14.68,0.75,1.86,13.49,108.82,0,32.24,176.14,360103,轻工制造,shmb,C,2021-12-30,[],0,0,buy,AA,,9.443,17.537,9.5,buy,2027-12-08,1.375,6.619,6940.05,4942.86,7.28,-15.87,,0,14:59:51,00,Y,N,1,1,Y,转股价下修1次，成功下修1次,2022-06-14 开始转股,计算使用1.4年期 评级为AA 债参考YTM：1.6230,N,6.7,全价：143.902 最后更新：14:59:51,,,,1,[],0,0,N,,,buy,buy
2026-07-24 09:54:06,110075,南航转债,nhzz,108.164,-0.58,600029,南方航空,nfhk,5.04,-2.7,2.47,6.17,81.69,0,32.42,140.58,421001,交通运输,shmb,C,2020-11-03,[],0,0,buy,AAA,,4.319,8.021,8.7,buy,2026-10-15,0.227,58.959,6840.02,36456.5,1.07,-6.85,,0,14:59:49,00,Y,N,0,0,Y,,2021-04-21 开始转股,计算使用0.3年期 评级为AAA 债参考YTM：1.4831,N,160.0,全价：108.164 最后更新：14:59:49,,,,1,{'M': ''},0,0,N,,,buy,buy
2026-07-24 09:54:06,123092,天壕转债,thzz,122.07,-1.99,300332,天壕能源,thny,4.58,-6.15,0.99,4.97,92.15,0,32.46,154.53,410301,公用事业,szcy,C,2021-01-15,[],0,0,buy,A+,,3.479,6.461,9.2,buy,2026-12-24,0.419,3.416,10103.77,17416.63,24.0,-13.91,,0,15:34:42,00,Y,N,0,0,Y,,2021-06-30 开始转股,计算使用0.5年期 评级为A+ 债参考YTM：4.1293,N,4.23,全价：122.070 最后更新：15:34:42,,,,1,{'M': ''},0,0,N,,,buy,buy
2026-07-24 09:54:06,128142,新乳转债,xrzz,117.0,-1.48,002946,新乳业,xry,15.43,-2.09,3.39,17.5,88.17,0,32.7,149.7,340702,食品饮料,szmb,C,2021-01-19,[],0,0,buy,AA,,12.25,22.75,5.5,buy,2026-12-18,0.403,7.178,3099.29,8093.1,3.68,-14.96,,0,15:34:15,00,Y,N,0,0,Y,,2021-06-24 开始转股,计算使用0.5年期 评级为AA 债参考YTM：1.5593,N,7.18,全价：117.000 最后更新：15:34:15,,,,1,{'M': ''},0,0,N,,,buy,buy
2026-07-24 09:54:06,113673,岱美转债,dmzz,179.949,-2.83,603730,岱美股份,dmgf,9.61,-4.95,4.11,7.12,134.97,0,33.32,213.27,280202,汽车,shmb,C,2023-08-10,[],0,0,buy,AA,,4.984,9.256,4.4,buy,2029-07-18,2.986,9.078,18434.83,18374.05,11.23,-14.02,,0,14:59:59,00,Y,N,1,1,Y,转股价下修1次，成功下修1次,2024-01-24 开始转股,计算使用3.0年期 评级为AA 债参考YTM：1.7579,N,9.079,全价：179.949 最后更新：14:59:59,,,,0,"{'G': '本次（2026年5月7日至2026年5月27日）不提前赎回，以2026年8月27日之后的首个交易日重新起算', 'M': ''}",0,0,N,,,buy,buy
2026-07-24 09:54:06,123245,集智转债,jzzz,308.283,-1.19,300553,集智股份,jzgf,41.58,-5.39,5.43,18.06,230.23,0,33.9,342.18,640107,机械设备,szcy,C,2024-08-28,[],0,0,buy,A,,12.642,23.478,4.3,buy,2030-08-14,4.06,1.537,36906.46,18214.33,77.86,-20.96,,0,15:34:12,00,Y,N,0,0,Y,,2025-02-20 开始转股,计算使用4.1年期 评级为A 债参考YTM：7.1246,N,2.546,全价：308.283 最后更新：15:34:12,,,,0,{'G': '本次（2026年6月2日至2026年6月23日）不提前赎回，自2026年9月23日后首个交易日重新计算'},0,0,N,,,buy,buy
2026-07-24 09:54:06,118030,睿创转债,rczz,520.729,-0.21,688002,睿创微纳,rcwn,150.1,-2.59,9.65,38.65,388.36,0,34.09,554.82,650501,国防军工,shkc,C,2023-02-10,[],0,0,buy,AA,,27.055,50.245,1.8,buy,2028-12-30,2.438,12.622,58068.36,185063.57,8.79,-46.91,,0,14:59:57,00,Y,N,0,0,Y,,2023-07-06 开始转股,计算使用2.5年期 评级为AA 债参考YTM：1.7300,N,15.647,全价：520.729 最后更新：14:59:57,,,,0,"{'G': '本次（2026年3月18日至2026年4月8日）不提前赎回，以2027年4月9日为首个交易日重新计算', 'M': ''}",0,0,N,,,buy,buy
2026-07-24 09:54:06,123107,温氏转债,wszz,114.665,-0.93,300498,温氏股份,wsgf,13.73,-2.14,2.26,16.09,85.33,0,34.37,149.04,110702,农林牧渔,szcy,C,2021-04-21,[],0,0,buy,AAA,,11.263,20.917,9.4,buy,2027-03-29,0.68,77.063,13226.03,45718.93,1.49,-8.55,,0,15:34:42,00,Y,N,0,0,Y,,2021-10-08 开始转股,计算使用0.7年期 评级为AAA 债参考YTM：1.5080,N,92.97,全价：114.665 最后更新：15:34:42,,,,1,{'M': ''},0,0,N,,,buy,buy
2026-07-24 09:54:06,127078,优彩转债,yczz,149.0,-1.14,002998,优彩资源,yczy,6.98,-3.19,1.37,6.31,110.62,0,34.7,183.7,220401,基础化工,szmb,C,2023-01-09,[],0,0,buy,A+,,4.417,8.203,22.0,buy,2028-12-14,2.395,4.158,3648.29,7692.98,5.9,-9.05,,0,15:34:51,00,Y,N,0,0,N,2026-07-17 至 2026-07-31 期间暂停转股：权益分派,2023-06-20 开始转股;2026-07-17 至 2026-07-31 期间暂停转股：权益分派,计算使用2.4年期 评级为A+ 债参考YTM：4.4529,N,6.0,全价：149.000 最后更新：15:34:51,,,,0,[],0,0,N,,,buy,buy
2026-07-24 09:54:06,118035,国力转债,glzz,157.015,0.46,688103,国力电子,gldz,72.6,-3.02,6.02,62.31,116.51,0,34.76,191.78,270401,电子,shkc,C,2023-07-06,[],0,0,buy,A+,,43.617,81.003,6.9,buy,2029-06-12,2.888,4.799,23274.25,24543.84,30.85,-9.47,,0,15:00:00,00,Y,N,0,0,Y,,2023-12-18 开始转股,计算使用2.9年期 评级为A+ 债参考YTM：4.5917,N,4.8,全价：157.015 最后更新：15:00:00,,,,0,{'M': ''},0,0,N,,,buy,buy
2026-07-24 09:54:06,123176,精测转2,jcz2,470.997,3.4,300567,精测电子,jcdz,224.61,4.66,14.2,64.51,348.18,0,35.27,506.27,640107,机械设备,szcy,C,2023-03-22,[],0,0,buy,AA-,,45.157,83.863,2.5,buy,2029-03-02,2.608,12.753,200957.08,223300.25,33.37,-42.07,,0,15:34:06,00,Y,N,0,0,Y,,2023-09-08 开始转股,计算使用2.7年期 评级为AA- 债参考YTM：2.1898,N,12.76,全价：470.997 最后更新：15:34:06,,,,0,{'M': ''},0,0,N,,,buy,buy
2026-07-24 09:54:06,123118,惠城转债,hczz,1016.803,11.91,300779,惠城环保,hchb,77.22,9.55,10.17,10.33,747.53,0,36.02,1052.82,760103,环保,szcy,C,2021-07-26,[],0,0,buy,A+,,7.231,13.429,0.4,buy,2027-07-07,0.953,0.654,483969.39,184852.87,756.13,-93.29,,0,15:34:42,00,Y,N,0,0,Y,,2022-01-13 开始转股,计算使用1.0年期 评级为A+ 债参考YTM：4.1921,N,3.2,全价：1016.803 最后更新：15:34:42,,,,1,"{'G': '本次（2026年5月6日至2026年5月26日）不提前赎回，自2026年8月26日后首个交易日重新计算', 'M': ''}",0,0,N,,,buy,buy
2026-07-24 09:54:06,123149,通裕转债,tyzz,135.89,-1.22,300185,通裕重工,tyzg,2.7,-2.53,1.5,2.71,99.63,0,36.39,172.28,630602,电力设备,szcy,C,2022-07-15,[],0,0,buy,AA,,1.897,3.523,10.7,buy,2028-06-20,1.91,11.069,4811.42,20217.75,3.19,-8.95,,0,15:33:54,00,Y,N,0,0,Y,,2022-12-26 开始转股,计算使用2.0年期 评级为AA 债参考YTM：1.6930,N,14.847,全价：135.890 最后更新：15:33:54,,,,1,{'M': ''},0,0,N,,,buy,buy
2026-07-24 09:54:06,127030,盛虹转债,shzz,119.955,-1.55,000301,东方盛虹,dfsh,11.6,-4.68,2.15,13.21,87.81,0,36.6,156.56,750301,石油石化,szmb,C,2021-04-21,[],0,0,buy,AA+,,9.247,17.173,6.5,buy,2027-03-22,0.66,49.974,5791.31,29222.32,0.96,-15.09,,0,15:34:39,00,Y,N,0,0,Y,,2021-09-27 开始转股,计算使用0.7年期 评级为AA+ 债参考YTM：1.5378,N,50.0,全价：119.955 最后更新：15:34:39,,,,1,{'M': ''},0,0,N,,,buy,buy
2026-07-24 09:54:06,123158,宙邦转债,zbzz,206.59,1.22,300037,新宙邦,xzb,60.6,-1.3,4.07,40.49,149.67,0,38.03,244.62,630702,电力设备,szcy,C,2022-10-21,[],0,0,buy,AA,,28.343,52.637,5.4,buy,2028-09-26,2.178,18.046,53704.72,123491.68,14.37,-24.46,,0,15:34:00,00,Y,N,0,0,Y,,2023-03-30 开始转股,计算使用2.2年期 评级为AA 债参考YTM：1.7106,N,19.7,全价：206.590 最后更新：15:34:00,,,,0,{'M': ''},0,0,N,,,buy,buy
2026-07-24 09:54:06,123131,奥飞转债,afzz,286.0,-6.51,300738,奥飞数据,afsj,20.8,-8.09,5.26,10.05,206.97,0,38.19,324.19,730104,通信,szcy,C,2021-12-22,[],0,0,buy,A+,,7.035,13.065,1.5,buy,2027-12-03,1.362,3.159,74725.63,159088.68,81.08,-48.43,,0,15:34:45,00,Y,N,0,0,Y,,2022-06-09 开始转股,计算使用1.4年期 评级为A+ 债参考YTM：4.2467,N,6.35,全价：286.000 最后更新：15:34:45,,,,1,"{'G': '本次（2026年5月21日至2026年6月10日）不提前赎回，以2026年12月10日后的首个交易日重新计算', 'M': ''}",0,0,N,,,buy,buy
2026-07-24 09:54:06,127045,牧原转债,myzz,123.5,-1.28,002714,牧原股份,mygf,38.68,-2.57,2.56,43.32,89.29,0,38.31,161.81,110702,农林牧渔,szmb,C,2021-09-10,[],0,0,buy,AAA,,30.324,56.316,7.5,buy,2027-08-16,1.063,95.429,10212.51,159132.57,0.86,-11.6,,0,15:34:45,00,Y,Y,0,0,Y,,2022-02-21 开始转股,计算使用1.1年期 评级为AAA 债参考YTM：1.5268,N,95.5,全价：123.500 最后更新：15:34:45,,,,1,{'M': ''},0,0,N,,,buy,buy
2026-07-24 09:54:06,111000,起帆转债,qfzz,141.607,-1.85,605222,起帆电缆,qfdl,17.7,-3.49,1.51,17.29,102.37,0,38.33,179.94,630805,电力设备,shmb,C,2021-06-17,[],0,0,buy,AA-,,12.103,22.477,13.7,buy,2027-05-24,0.833,9.991,9363.9,14724.35,6.58,-22.56,,0,14:59:53,00,Y,N,1,1,Y,转股价下修1次，成功下修1次,2021-11-29 开始转股,计算使用0.9年期 评级为AA- 债参考YTM：1.8401,N,10.0,全价：141.607 最后更新：14:59:53,,,,1,{'G': '本次（2026年3月13日至2026年4月20日）不提前赎回，以2026年10月21日为首个交易日重新起算'},0,0,N,,,buy,buy
2026-07-24 09:54:06,118058,微导转债,wdzz,490.918,1.94,688147,微导纳米,wdnm,117.97,2.12,18.2,33.29,354.37,0,38.53,529.45,630505,电力设备,shkc,C,2025-08-27,[],0,0,buy,AA,,23.303,43.277,2.1,buy,2031-08-06,5.038,11.699,187107.53,80784.04,32.88,-25.39,,0,15:00:00,00,Y,N,0,0,Y,,2026-02-12 开始转股,计算使用5.1年期 评级为AA 债参考YTM：1.9985,N,11.7,全价：490.918 最后更新：15:00:00,,,,0,"{'G': '本次（2026年2月12日至2026年3月12日）不提前赎回，以2026年9月13日为首个交易日重新计算', 'M': ''}",0,0,N,,,buy,buy
2026-07-24 09:54:06,110098,南药转债,nyzz,137.013,-0.83,600713,南京医药,njyy,4.89,-2.4,0.87,4.95,98.79,0,38.69,175.7,370402,医药生物,shmb,C,2025-01-20,[],0,0,buy,AA+,,3.465,6.435,17.1,buy,2030-12-25,4.425,10.814,4035.13,5082.95,2.71,-4.47,,0,14:59:09,00,Y,N,0,0,Y,,2025-07-01 开始转股,计算使用4.5年期 评级为AA+ 债参考YTM：1.7948,N,10.815,全价：137.013 最后更新：14:59:09,,,,0,[],0,0,N,,,buy,buy
2026-07-24 09:54:06,127103,东南转债,dnzz,141.3,-1.13,002135,东南网架,dnwj,5.67,-1.05,1.0,5.59,101.43,0,39.31,180.61,620401,建筑装饰,szmb,C,2024-01-24,[],0,0,buy,AA,,3.913,7.267,34.6,buy,2030-01-03,3.449,19.999,7064.36,6323.9,2.5,-6.57,,0,15:34:51,00,Y,N,0,0,Y,,2024-07-09 开始转股,计算使用3.5年期 评级为AA 债参考YTM：1.8159,N,20.0,全价：141.300 最后更新：15:34:51,,,,0,"{'G': '本次（2026年3月17日至2026年4月28日）不提前赎回，自2026年7月28日后首个交易日重新计算', 'M': ''}",0,0,N,,,buy,buy
2026-07-24 09:54:06,123241,欧通转债,otzz,919.8,-2.13,300870,欧陆通,olt,202.97,-4.8,11.73,30.8,658.99,0,39.58,959.38,630306,电力设备,szcy,C,2024-07-26,[],0,0,buy,AA-,,21.56,40.04,0.8,buy,2030-07-05,3.951,2.604,100052.67,94910.84,41.52,-41.16,,0,15:34:24,00,Y,N,0,0,Y,,2025-01-13 开始转股,计算使用4.0年期 评级为AA- 债参考YTM：2.4010,N,6.445,全价：919.800 最后更新：15:34:24,,,,0,"{'G': '本次（2026年4月14日至2026年5月7日）不提前赎回，自2026年8月7日后首个交易日重新计算', 'M': ''}",0,0,N,,,buy,buy
2026-07-24 09:54:06,127070,大中转债,dzzz,348.5,-1.89,001203,大中矿业,dzky,26.31,-3.84,5.39,10.56,249.15,0,39.88,388.38,230301,钢铁,szmb,C,2022-10-11,[],0,0,buy,AA,,7.392,13.728,2.7,buy,2028-08-17,2.069,9.342,59520.11,45973.21,18.39,-41.89,,0,15:34:48,00,Y,N,0,0,Y,,2023-02-23 开始转股,计算使用2.1年期 评级为AA 债参考YTM：1.7024,N,15.2,全价：348.500 最后更新：15:34:48,,,,0,"{'G': '本次（2026年2月24日至2026年3月16日）不提前赎回，以2026年9月16日后的首个交易日重新计算', 'M': ''}",0,0,N,,,buy,buy
2026-07-24 09:54:06,123150,九强转债,jqzz,134.34,-0.9,300406,九强生物,jqsw,11.08,-2.38,1.67,11.6,95.52,0,40.64,174.98,370504,医药生物,szcy,C,2022-07-20,[],0,0,buy,AA-,,8.12,15.08,23.8,buy,2028-06-30,1.937,11.21,2629.86,3239.69,1.74,-8.94,,0,15:33:54,00,Y,N,1,1,Y,转股价下修1次，成功下修1次,2023-01-06 开始转股,计算使用2.0年期 评级为AA- 债参考YTM：2.0230,N,11.39,全价：134.340 最后更新：15:33:54,,,,1,{'M': ''},0,0,N,,,buy,buy
2026-07-24 09:54:06,128129,青农转债,qnzz,107.848,0.0,002958,青农商行,qnsh,2.97,-0.34,0.37,3.88,76.55,0,40.89,148.74,480501,银行,szmb,C,2020-09-18,[],0,0,buy,AAA,,,5.044,30.9,buy,2026-08-25,0.088,49.996,10329.58,21098.55,1.92,1.66,,0,15:34:09,00,Y,N,1,1,Y,转股价下修1次，成功下修1次,2021-03-01 开始转股,计算使用0.1年期 评级为AAA 债参考YTM：1.4397,N,50.0,全价：107.848 最后更新：15:34:09,,,,0,"{'R': '到期\n最后交易日：2026-08-19\n最后转股日：2026-08-24\n债券到期日：2026-08-25\n到期赎回价：108.000元/张', 'M': ''}",0,0,N,,,buy,buy
2026-07-24 09:54:06,113046,金田转债,jtzz,132.623,-1.18,601609,金田股份,jtgf,9.48,-4.15,1.6,10.18,93.12,0,42.42,175.04,240302,有色金属,shmb,C,2021-04-12,[],0,0,buy,AA+,,7.126,13.234,9.1,buy,2027-03-22,0.66,14.992,7649.1,21933.71,3.86,-25.83,,0,14:59:54,00,Y,N,0,0,Y,,2021-09-27 开始转股,计算使用0.7年期 评级为AA+ 债参考YTM：1.5378,N,15.0,全价：132.623 最后更新：14:59:54,,,,1,{'M': ''},0,0,N,,,buy,buy
2026-07-24 09:54:06,123104,卫宁转债,wnzz,132.3,-1.56,300253,卫宁健康,wnjk,6.52,-5.23,2.56,7.02,92.88,0,42.45,174.75,710401,计算机,szcy,C,2021-03-31,[],0,0,buy,AA,,4.914,9.126,8.0,buy,2027-03-16,0.644,9.699,5321.35,36998.58,4.15,-14.5,,0,15:34:45,00,Y,N,2,2,Y,转股价下修2次，成功下修2次,2021-09-22 开始转股,计算使用0.7年期 评级为AA 债参考YTM：1.5782,N,9.703,全价：132.300 最后更新：15:34:45,,,,1,{'M': ''},0,0,N,,,buy,buy
2026-07-24 09:54:06,127095,广泰转债,gtzz,148.473,-0.89,002111,威海广泰,whgt,9.16,-1.19,1.53,8.83,103.74,0,43.12,191.59,650201,国防军工,szmb,C,2023-11-10,[],0,0,buy,AA-,,6.181,11.479,15.5,buy,2029-10-18,3.238,6.927,3026.2,6289.72,2.94,-6.65,,0,15:33:57,00,Y,N,0,0,Y,,2024-04-24 开始转股,计算使用3.3年期 评级为AA- 债参考YTM：2.3243,N,7.0,全价：148.473 最后更新：15:33:57,,,,0,[],0,0,N,,,buy,buy
2026-07-24 09:54:06,127037,银轮转债,ylzz,570.0,-2.4,002126,银轮股份,ylgf,40.9,-3.08,4.58,10.27,398.25,0,43.13,613.13,280203,汽车,szmb,C,2021-07-09,[],0,0,buy,AA,,7.189,13.351,1.5,buy,2027-06-07,0.871,5.055,29800.54,63336.42,10.27,-92.63,,0,15:34:33,00,Y,N,0,0,Y,,2021-12-13 开始转股,计算使用0.9年期 评级为AA 债参考YTM：1.5900,N,7.0,全价：570.000 最后更新：15:34:33,,,,1,"{'G': '本次（2026年5月27日至2026年6月16日）不提前赎回，2027年5月16日后首个交易日重新计算', 'M': ''}",0,0,N,,,buy,buy
2026-07-24 09:54:06,110092,三房转债,sfzz,75.881,-2.9,600370,*ST三房,sfx,1.59,-0.63,1.24,3.02,52.65,0,44.13,120.01,220401,基础化工,shmb,C,2023-02-07,[],0,0,buy,A-,,2.114,3.926,33.1,buy,2029-01-06,2.458,21.185,19979.3,3558.18,12.42,18.13,,0,15:00:00,00,Y,N,0,0,Y,,2023-07-12 开始转股,计算使用2.5年期 评级为A- 债参考YTM：9.1800,N,25.0,全价：75.881 最后更新：15:00:00,,,,0,[],0,0,N,,,buy,buy
2026-07-24 09:54:06,123112,万讯转债,wxzz,136.498,-1.42,300112,万讯自控,wxzk,6.07,-3.5,1.77,6.43,94.4,0,44.59,181.09,640107,机械设备,szcy,C,2021-04-23,[],0,0,buy,AA-,,4.501,8.359,15.7,buy,2027-04-08,0.707,2.264,2395.21,6683.91,7.73,-19.25,,0,15:34:39,00,Y,N,1,1,Y,转股价下修1次，成功下修1次,2021-10-14 开始转股,计算使用0.8年期 评级为AA- 债参考YTM：1.8284,N,2.457,全价：136.498 最后更新：15:34:39,,,,1,[],0,0,N,,,buy,buy
2026-07-24 09:54:06,113070,渝水转债,yszz,128.394,-0.62,601158,重庆水务,cqsw,4.17,-1.65,1.14,4.72,88.35,0,45.33,173.72,760102,环保,shmb,C,2025-02-13,[],0,0,buy,AAA,,3.304,6.136,9.5,buy,2031-01-09,4.466,18.998,3825.27,3587.03,1.56,-3.19,,0,14:59:02,00,Y,N,0,0,Y,,2025-07-15 开始转股,计算使用4.5年期 评级为AAA 债参考YTM：1.6973,N,19.0,全价：128.394 最后更新：14:59:02,,,,0,{'M': ''},0,0,N,,,buy,buy
2026-07-24 09:54:06,111012,福新转债,fxzz,303.351,0.03,605488,福莱新材,flxc,23.08,-2.12,3.05,11.07,208.49,0,45.5,348.85,220505,基础化工,shmb,C,2023-02-07,[],0,0,buy,A+,,7.749,14.391,1.6,buy,2029-01-04,2.452,1.016,15837.86,8760.96,51.67,-32.1,,0,14:59:59,00,Y,N,0,0,Y,,2023-07-10 开始转股,计算使用2.5年期 评级为A+ 债参考YTM：4.4800,N,4.29,全价：303.351 最后更新：14:59:59,,,,0,{'G': '本次（2026年6月22日至2026年7月10日）不提前赎回，自2026年10月10日之后的首个交易日重新起算'},0,0,N,,,buy,buy
2026-07-24 09:54:06,113066,平煤转债,pmzz,150.021,-2.02,601666,平煤股份,pmgf,7.69,-5.18,0.76,7.46,103.08,0,45.53,195.55,740102,煤炭,shmb,C,2023-04-10,[],0,0,buy,AAA,,5.222,9.698,7.5,buy,2029-03-16,2.647,14.274,7708.83,21879.3,3.59,-11.27,,0,14:59:59,00,Y,N,1,1,Y,转股价下修1次，成功下修1次,2023-09-22 开始转股,计算使用2.7年期 评级为AAA 债参考YTM：1.6202,N,29.0,全价：150.021 最后更新：14:59:59,,,,0,{'M': ''},0,0,N,,,buy,buy
2026-07-24 09:54:06,127050,麒麟转债,qlzz,133.436,-1.17,002984,森麒麟,sql,13.74,-2.76,1.03,15.07,91.18,0,46.35,179.79,280204,汽车,szmb,C,2021-12-06,[],0,0,buy,AA,,10.549,19.591,21.3,buy,2027-11-11,1.301,20.86,7790.38,11544.85,2.8,-12.88,,0,15:34:39,00,Y,N,2,2,Y,转股价下修2次，成功下修2次,2022-05-17 开始转股,计算使用1.4年期 评级为AA 债参考YTM：1.6230,N,21.989,全价：133.436 最后更新：15:34:39,,,,1,{'M': ''},0,0,N,,,buy,buy
2026-07-24 09:54:06,123064,万孚转债,wfzz,110.282,-0.41,300482,万孚生物,wfsw,15.69,-5.88,1.33,20.88,75.14,0,46.76,157.04,370504,医药生物,szcy,C,2020-09-23,[],0,0,buy,AA,,14.616,27.144,8.9,buy,2026-09-01,0.107,5.976,4009.06,16863.17,6.08,-2.39,,0,15:34:36,00,Y,N,3,3,Y,转股价下修3次，成功下修3次,2021-03-08 开始转股,计算使用0.2年期 评级为AA 债参考YTM：1.5237,N,6.0,全价：110.282 最后更新：15:34:36,,,,1,{'M': ''},0,0,N,,,buy,buy
2026-07-24 09:54:06,118062,天准转债,tzzz,197.68,-3.41,688003,天准科技,tzkj,74.19,0.22,7.19,55.13,134.57,0,46.89,244.57,640704,机械设备,shkc,C,2025-12-31,[],0,0,buy,AA-,,38.591,66.156,6.0,buy,2031-12-12,5.389,8.719,58729.91,33878.87,33.58,-9.57,,0,14:59:59,00,Y,N,0,0,Y,,2026-06-18 开始转股,计算使用5.4年期 评级为AA- 债参考YTM：2.8069,N,8.72,全价：197.680 最后更新：14:59:59,,,,0,"{'G': '本次（2026年6月18日至2026年7月9日）不提前赎回，以2026年10月10日为首个交易日重新计算', 'M': ''}",0,0,N,120%,,buy,buy
2026-07-24 09:54:06,127047,帝欧转债,dozz,137.492,-1.91,002798,帝欧水华,dosh,4.76,-4.42,1.51,5.1,93.33,0,47.31,184.8,360306,轻工制造,szmb,C,2021-11-26,[],0,0,buy,BBB+,,3.57,6.63,18.9,buy,2027-10-25,1.255,4.654,1885.52,3831.47,2.94,-12.22,,0,15:34:48,00,Y,N,1,1,Y,转股价下修1次，成功下修1次,2022-04-29 开始转股,计算使用1.3年期 评级为BBB+ 债参考YTM：12.0097,N,15.0,全价：137.492 最后更新：15:34:48,,,,1,{'G': '本次（2026年4月15日至2026年5月8日）不提前赎回，以2026年8月8日后首个交易日起重新计算'},0,0,N,,,buy,buy
2026-07-24 09:54:06,127109,电化转债,dhzz,170.36,-3.23,002125,湘潭电化,xtdh,11.54,-5.64,2.11,9.99,115.52,0,47.48,217.84,630702,电力设备,szmb,C,2025-07-04,[],0,0,buy,AA,,6.993,12.987,6.7,buy,2031-06-16,4.899,4.866,8035.53,24807.47,9.59,-7.9,,0,15:34:03,00,Y,N,0,0,Y,,2025-12-22 开始转股,计算使用4.9年期 评级为AA 债参考YTM：1.9775,N,4.87,全价：170.360 最后更新：15:34:03,,,,0,"{'G': '本次（2026年4月14日至2026年5月7日）不提前赎回，自2026年8月7日后首个交易日重新计算', 'M': ''}",0,0,N,,,buy,buy
2026-07-24 09:54:06,127034,绿茵转债,lyzz,125.965,-1.97,002887,绿茵生态,lyst,9.57,-3.33,1.19,11.21,85.37,0,47.55,173.52,760104,环保,szmb,C,2021-05-28,[],0,0,buy,AA-,,7.847,14.573,20.6,buy,2027-04-30,0.767,4.279,4137.08,2500.01,7.66,-13.47,,0,15:34:42,00,Y,N,0,0,Y,,2021-11-11 开始转股,计算使用0.8年期 评级为AA- 债参考YTM：1.8284,N,7.12,全价：125.965 最后更新：15:34:42,,,,1,[],0,0,N,,,buy,buy
2026-07-24 09:54:06,127088,赫达转债,hdzz,170.8,-1.66,002810,山东赫达,sdhd,19.17,-1.54,2.91,16.56,115.76,0,47.55,218.35,220309,基础化工,szmb,C,2023-07-19,[],0,0,buy,AA-,,11.592,21.528,9.7,buy,2029-07-03,2.945,5.996,4329.38,6890.43,4.22,-11.83,,0,15:34:09,00,Y,N,0,0,Y,,2024-01-08 开始转股,计算使用3.0年期 评级为AA- 债参考YTM：2.2679,N,6.0,全价：170.800 最后更新：15:34:09,,,,0,"{'G': '本次（2026年3月30日至2026年4月20日）不提前赎回，自2026年10月21日起重新计算', 'M': ''}",0,0,N,,,buy,buy
2026-07-24 09:54:06,118013,道通转债,dtzz,179.002,-2.11,688208,道通科技,dtkj,26.01,-4.93,4.31,21.48,121.09,0,47.83,226.83,710103,计算机,shkc,C,2022-07-28,[],0,0,buy,AA,,15.036,27.924,7.3,buy,2028-07-08,1.959,12.796,7528.66,28514.99,3.29,-19.73,,0,14:59:58,00,Y,N,0,0,Y,,2023-01-16 开始转股,计算使用2.0年期 评级为AA 债参考YTM：1.6930,N,12.8,全价：179.002 最后更新：14:59:58,,,,1,{'M': ''},0,0,N,,,buy,buy
2026-07-24 09:54:06,113646,永吉转债,yjzz,156.357,-0.48,603058,永吉股份,yjgf,8.51,-1.05,2.95,8.05,105.71,0,47.91,204.27,360205,轻工制造,shmb,C,2022-05-17,[],0,0,buy,AA-,,5.635,10.465,3.9,buy,2028-04-14,1.726,1.372,4372.05,2893.64,20.49,-18.56,,0,14:59:58,00,Y,N,0,0,Y,,2022-10-20 开始转股,计算使用1.8年期 评级为AA- 债参考YTM：1.9870,N,1.459,全价：156.357 最后更新：14:59:58,,,,1,[],0,0,N,,,buy,buy
2026-07-24 09:54:06,118016,京源转债,jyzz,154.466,-0.92,688096,京源环保,jyhb,7.2,0.14,1.99,6.91,104.2,0,48.24,202.71,760102,环保,shkc,C,2022-08-25,[],0,0,buy,A,,4.837,8.983,10.0,buy,2028-08-05,2.036,1.675,12296.3,5845.29,47.68,-12.14,,0,14:59:54,00,Y,N,0,0,Y,,2023-02-13 开始转股,计算使用2.1年期 评级为A 债参考YTM：6.7317,N,3.325,全价：154.466 最后更新：14:59:54,,,,0,"{'G': '本次（2026年5月11日至2026年5月29日）不提前赎回，以2026年8月30日（若为非交易日则顺延）为首个交易日重新计算', 'M': ''}",0,0,N,,,buy,buy
2026-07-24 09:54:06,113661,福22转债,f22zz,139.902,-0.71,603806,福斯特,fst,13.75,-4.38,2.15,14.59,94.24,0,48.45,188.35,630504,电力设备,shmb,C,2022-12-22,[],0,0,buy,AA,,10.213,18.967,8.4,buy,2028-11-22,2.334,30.297,9713.34,33399.68,2.29,-8.79,,0,14:58:35,00,Y,N,1,1,Y,转股价下修1次，成功下修1次,2023-05-29 开始转股,计算使用2.4年期 评级为AA 债参考YTM：1.7242,N,30.3,全价：139.902 最后更新：14:58:35,,,,0,{'M': ''},0,0,N,,,buy,buy
2026-07-24 09:54:06,113067,燃23转债,r23zz,131.93,-0.44,601139,深圳燃气,szrq,6.43,-1.08,1.11,7.24,88.81,0,48.55,180.48,410301,公用事业,shmb,C,2023-08-18,[],0,0,buy,AAA,,5.068,9.412,16.2,buy,2029-07-27,3.011,29.999,5580.23,17065.35,1.41,-5.74,,0,14:59:57,00,Y,N,0,0,Y,,2024-02-02 开始转股,计算使用3.1年期 评级为AAA 债参考YTM：1.6313,N,30.0,全价：131.930 最后更新：14:59:57,,,,0,{'M': ''},0,0,N,,,buy,buy
2026-07-24 09:54:06,123114,三角转债,sjzz,130.248,-1.45,300775,三角防务,sjfw,19.85,-2.41,1.8,22.69,87.48,0,48.88,179.13,650201,国防军工,szcy,C,2021-06-11,[],0,0,buy,AA-,,15.883,29.497,8.5,buy,2027-05-25,0.836,8.999,4611.17,29753.05,3.91,-14.06,,0,15:34:45,00,Y,N,1,1,Y,转股价下修1次，成功下修1次,2021-11-30 开始转股,计算使用0.9年期 评级为AA- 债参考YTM：1.8401,N,9.044,全价：130.248 最后更新：15:34:45,,,,1,{'M': ''},0,0,N,,,buy,buy
2026-07-24 09:54:06,123258,胜蓝转02,slz2,311.053,-0.59,300843,胜蓝股份,slgf,113.5,-1.92,11.27,54.36,208.79,0,48.98,360.03,270504,电子,szcy,C,2025-09-10,[],0,0,buy,AA-,,38.052,70.668,2.5,buy,2031-08-28,5.099,4.498,51436.42,71904.5,36.69,-17.56,,0,15:34:18,00,Y,N,0,0,Y,,2026-03-03 开始转股,计算使用5.1年期 评级为AA- 债参考YTM：2.5473,N,4.5,全价：311.053 最后更新：15:34:18,,,,0,"{'G': '本次（2026年4月22日至2026年5月19日）不提前赎回，自2026年8月19日后首个交易日重新计算', 'M': ''}",0,0,N,,,buy,buy
2026-07-24 09:54:06,118044,赛特转债,stzz,150.584,-0.71,688398,赛特新材,stxc,19.05,-2.01,2.79,18.85,101.06,0,49.0,199.58,220309,基础化工,shkc,C,2023-10-12,[],0,0,buy,A+,,13.195,24.505,13.8,buy,2029-09-11,3.137,4.42,4604.92,2303.21,6.95,-7.8,,0,14:59:58,00,Y,N,1,1,Y,转股价下修1次，成功下修1次,2024-03-15 开始转股,计算使用3.2年期 评级为A+ 债参考YTM：4.6609,N,4.42,全价：150.584 最后更新：14:59:58,,,,0,"{'G': '本次（2026年3月10日至2026年4月20日）不提前赎回，以2026年10月21日起算', 'M': ''}",0,0,N,,,buy,buy
2026-07-24 09:54:06,123209,聚隆转债,jlzz,162.292,-1.28,300644,南京聚隆,njjl,19.04,-2.21,1.88,17.52,108.68,0,49.34,211.63,220503,基础化工,szcy,C,2023-08-17,[],0,0,buy,A+,,12.264,22.776,10.0,buy,2029-07-26,3.008,1.672,3164.19,3356.78,11.68,-10.27,,0,15:34:06,00,Y,N,0,0,Y,,2024-02-01 开始转股,计算使用3.1年期 评级为A+ 债参考YTM：4.6413,N,2.185,全价：162.292 最后更新：15:34:06,,,,0,{'G': '本次（2026年1月26日至2026年2月13日）不提前赎回，自2026年8月13日后首个交易日重新计算'},0,0,N,,,buy,buy
2026-07-24 09:54:06,110097,天润转债,trzz,138.299,-0.75,600419,天润乳业,trry,7.58,-3.07,0.97,8.19,92.55,0,49.43,187.73,340702,食品饮料,shmb,C,2024-11-15,[],0,0,buy,AA,,5.733,10.647,41.4,buy,2030-10-24,4.255,9.89,6126.82,3857.5,4.46,-4.37,,0,14:59:45,00,Y,N,0,0,Y,,2025-04-30 开始转股,计算使用4.3年期 评级为AA 债参考YTM：1.9252,N,9.9,全价：138.299 最后更新：14:59:45,,,,0,[],0,0,N,,,buy,buy
2026-07-24 09:54:06,118050,航宇转债,hyzz,241.009,-3.3,688239,航宇科技,hykj,39.98,-3.78,3.71,24.81,161.15,0,49.56,290.57,650201,国防军工,shkc,C,2024-09-10,[],0,0,buy,AA-,,17.367,32.253,8.6,buy,2030-08-21,4.08,6.597,22193.82,17641.9,13.77,-16.0,,0,14:59:58,00,Y,N,0,0,Y,,2025-02-27 开始转股,计算使用4.1年期 评级为AA- 债参考YTM：2.4140,N,6.67,全价：241.009 最后更新：14:59:58,,,,0,"{'G': '本次（2026年5月28日至2026年6月17日）不提前赎回，自2026年9月18日为首个交易日重新计算', 'M': ''}",0,0,N,,,buy,buy
2026-07-24 09:54:06,123194,百洋转债,byzz,136.608,-1.95,301015,百洋医药,byyy,22.64,-4.55,4.6,24.79,91.33,0,49.58,186.19,370402,医药生物,szcy,C,2023-05-05,[],0,0,buy,AA-,,17.353,32.227,7.1,buy,2029-04-14,2.726,8.459,5185.38,13096.0,4.46,-5.76,,0,15:34:06,00,Y,N,0,0,Y,,2023-10-20 开始转股,计算使用2.8年期 评级为AA- 债参考YTM：2.2166,N,8.6,全价：136.608 最后更新：15:34:06,,,,0,{'M': ''},0,0,N,,,buy,buy
2026-07-24 09:54:06,118051,皓元转债,hyzz,253.673,-1.94,688131,皓元医药,hyyy,68.15,-2.57,4.53,40.22,169.44,0,49.71,303.38,370603,医药生物,shkc,C,2024-12-19,[],0,0,buy,AA-,,28.154,52.286,5.7,buy,2030-11-28,4.351,8.218,25271.0,25368.07,12.06,-16.5,,0,14:59:53,00,Y,N,0,0,Y,,2025-06-04 开始转股,计算使用4.4年期 评级为AA- 债参考YTM：2.4498,N,8.223,全价：253.673 最后更新：14:59:53,,,,0,"{'G': '本次（2026年5月20日至2026年6月9日）不提前赎回，以2026年10月12日为首个交易日重新计算', 'M': ''}",0,0,N,,,buy,buy
2026-07-24 09:54:06,123257,安克转债,akzz,157.462,-1.86,300866,安克创新,akcx,114.26,-2.34,5.96,108.86,104.96,0,50.02,207.48,270503,电子,szcy,C,2025-07-04,[],0,0,buy,AA+,,76.202,141.518,3.1,buy,2031-06-16,4.899,11.046,6349.29,40090.68,3.61,-6.76,,0,15:34:18,00,Y,N,0,0,Y,,2025-12-22 开始转股,计算使用4.9年期 评级为AA+ 债参考YTM：1.8369,N,11.048,全价：157.462 最后更新：15:34:18,,,,0,{'M': ''},0,0,N,,,buy,buy
2026-07-24 09:54:06,113597,Z佳力转,jlzz,117.94,0.02,603912,佳力图,jlt,6.82,-3.4,2.09,8.68,78.57,0,50.11,168.05,640105,机械设备,shmb,C,2020-08-21,[],0,0,buy,AA-,,6.076,11.284,8.0,buy,2026-07-30,0.016,2.954,8452.79,7300.32,24.26,3.71,,0,14:59:56,00,Y,N,1,1,Y,转股价下修1次，成功下修1次,2021-02-05 开始转股,计算使用0.1年期 评级为AA- 债参考YTM：1.6953,N,3.0,全价：117.940 最后更新：14:59:56,,,,1,{'R': '到期\n最后交易日：2026-07-24\n最后转股日：2026-07-29\n债券到期日：2026-07-30\n到期赎回价：118.000元/张'},0,0,N,,,buy,buy
2026-07-24 09:54:06,118064,联瑞转债,lrzz,295.225,-1.28,688300,联瑞新材,lrxc,123.5,-3.05,16.3,63.05,195.88,0,50.72,345.95,220901,基础化工,shkc,C,2026-01-28,[],0,0,buy,AA,,44.135,81.965,2.3,buy,2032-01-08,5.463,6.949,117230.63,86125.39,58.06,-16.2,,0,14:59:59,00,Y,N,0,0,Y,,2026-07-14 开始转股,计算使用5.5年期 评级为AA 债参考YTM：2.0787,N,6.95,全价：295.225 最后更新：14:59:59,,,,0,{'M': ''},0,0,N,,,buy,buy
2026-07-24 09:54:06,118012,微芯转债,wxzz,168.085,-2.4,688321,微芯生物,wxsw,28.2,-5.78,4.83,25.34,111.29,0,51.04,219.13,370102,医药生物,shkc,C,2022-07-28,[],0,0,buy,A+,,17.738,32.942,4.3,buy,2028-07-05,1.951,4.996,15071.68,44061.85,17.79,-16.94,,0,14:59:55,00,Y,N,0,0,Y,,2023-01-11 开始转股,计算使用2.0年期 评级为A+ 债参考YTM：4.3630,N,5.0,全价：168.085 最后更新：14:59:55,,,,1,{'M': ''},0,0,N,,,buy,buy
2026-07-24 09:54:06,127046,百润转债,brzz,130.983,-1.72,002568,百润股份,brgf,17.61,-4.03,3.54,20.33,86.62,0,51.21,182.19,340602,食品饮料,szmb,C,2021-11-03,[],0,0,buy,AA,,14.231,26.429,8.4,buy,2027-09-29,1.184,11.274,3366.54,22583.72,2.27,-12.7,,0,15:34:48,00,Y,N,1,1,Y,转股价下修1次，成功下修1次,2022-04-12 开始转股,计算使用1.2年期 评级为AA 债参考YTM：1.6039,N,11.28,全价：130.983 最后更新：15:34:48,,,,0,{'M': ''},0,0,N,,,buy,buy
2026-07-24 09:54:06,127053,豪美转债,hmzz,166.242,-2.37,002988,豪美新材,hmxc,18.94,-3.22,1.74,17.23,109.93,0,51.23,217.47,240301,有色金属,szmb,C,2022-03-04,[],0,0,buy,AA-,,12.061,22.399,5.4,buy,2028-01-24,1.504,2.575,6311.5,6470.73,14.7,-19.48,,0,15:34:33,00,Y,N,1,1,Y,转股价下修1次，成功下修1次,2022-07-28 开始转股,计算使用1.6年期 评级为AA- 债参考YTM：1.9493,N,8.24,全价：166.242 最后更新：15:34:33,,,,1,{'G': '本次（2026年4月30日至2026年5月25日）不提前赎回，以2026年11月25日后首个交易日起重新计算'},0,0,N,,,buy,buy
2026-07-24 09:54:06,123178,花园转债,hyzz,136.578,-0.57,300401,花园生物,hysw,12.04,-1.55,1.85,13.34,90.26,0,51.32,187.9,370101,医药生物,szcy,C,2023-03-23,[],0,0,buy,AA-,,9.338,17.342,17.9,buy,2029-03-06,2.619,11.58,10182.23,29313.74,6.44,-5.36,,0,15:33:57,00,Y,N,1,1,Y,转股价下修1次，成功下修1次,2023-09-11 开始转股,计算使用2.7年期 评级为AA- 债参考YTM：2.1898,N,12.0,全价：136.578 最后更新：15:33:57,,,,0,{'M': ''},0,0,N,,,buy,buy
2026-07-24 09:54:06,123160,泰福转债,tfzz,152.988,-1.41,300992,泰福泵业,tfby,19.89,-2.88,2.1,19.7,100.96,0,51.53,204.52,640106,机械设备,szcy,C,2022-10-25,[],0,0,buy,A,,13.79,25.61,14.9,buy,2028-09-28,2.184,2.315,2957.13,1964.8,8.36,-11.0,,0,15:34:00,00,Y,N,1,1,Y,转股价下修1次，成功下修1次,2023-04-11 开始转股,计算使用2.2年期 评级为A 债参考YTM：6.7532,N,3.349,全价：152.988 最后更新：15:34:00,,,,0,"{'G': '本次（2026年5月6日至2026年5月26日）不提前赎回，自2026年8月31日后首个交易日重新计算', 'M': ''}",0,0,N,,,buy,buy
2026-07-24 09:54:06,118056,路维转债,lwzz,285.961,1.96,688401,路维光电,lwgd,66.26,-0.02,7.86,35.29,187.76,0,52.3,338.26,270103,电子,shkc,C,2025-07-10,[],0,0,buy,AA-,,24.703,45.877,4.8,buy,2031-06-11,4.885,6.145,56118.84,34203.75,32.19,-17.07,,0,14:59:58,00,Y,N,0,0,Y,,2025-12-17 开始转股,计算使用4.9年期 评级为AA- 债参考YTM：2.5053,N,6.15,全价：285.961 最后更新：14:59:58,,,,0,"{'G': '本次（2026年4月9日至2026年4月29日）不提前赎回，以2026年7月30日为首个交易日重新计算', 'M': ''}",0,0,N,,,buy,buy
2026-07-24 09:54:06,113677,华懋转债,hmzz,305.437,0.15,603306,华懋科技,hmkj,67.26,-0.58,6.38,33.66,199.82,0,52.85,358.29,280202,汽车,shmb,C,2023-10-12,[],0,0,buy,AA-,,23.562,43.758,4.7,buy,2029-09-14,3.145,10.489,28979.87,66833.07,9.04,-26.82,,0,14:59:59,00,Y,N,0,0,Y,,2024-03-20 开始转股,计算使用3.2年期 评级为AA- 债参考YTM：2.3089,N,10.5,全价：305.437 最后更新：14:59:59,,,,0,"{'G': '本次（2026年6月29日至2026年7月17日）不提前赎回，自2026年10月17日之后的首个交易日重新起算', 'M': ''}",0,0,N,,,buy,buy
2026-07-24 09:54:06,128138,侨银转债,qyzz,130.439,-0.02,002973,侨银股份,qygf,9.01,-2.17,1.41,10.6,85.0,0,53.46,183.9,760103,环保,szmb,C,2020-12-24,[],0,0,buy,A+,,7.42,13.78,14.7,buy,2026-11-17,0.318,4.199,3750.0,3928.25,6.85,-1.07,,0,15:34:12,00,Y,N,3,3,Y,转股价下修3次，成功下修3次,2021-05-24 开始转股,计算使用0.4年期 评级为A+ 债参考YTM：4.1157,N,4.2,全价：130.439 最后更新：15:34:12,,,,1,{'EX': '深圳市优美利投资管理有限公司竞价减持11.97% 2026年07月23日公告'},0,0,N,,,buy,buy
2026-07-24 09:54:06,123261,普联转债,plzz,153.398,1.76,300996,普联软件,plrj,12.93,6.51,3.87,12.97,99.69,0,53.87,207.27,710401,计算机,szcy,C,2025-12-22,[],0,0,buy,A+,,9.079,16.861,5.6,buy,2031-12-05,5.37,2.429,16987.49,42407.85,45.93,-4.7,,0,15:34:24,00,Y,N,0,0,Y,,2026-06-11 开始转股,计算使用5.4年期 评级为A+ 债参考YTM：5.1555,N,2.43,全价：153.398 最后更新：15:34:24,,,,0,{'M': ''},0,0,N,,,buy,buy
2026-07-24 09:54:06,123222,博俊转债,bjzz,151.292,-0.84,300926,博俊科技,bjkj,16.14,-2.83,1.91,16.46,98.06,0,54.29,205.58,280205,汽车,szcy,C,2023-09-28,[],0,0,buy,A+,,11.522,21.398,5.1,buy,2029-09-08,3.129,2.438,1663.94,4296.44,4.52,-7.46,,0,15:34:09,00,Y,N,0,0,Y,,2024-03-14 开始转股,计算使用3.2年期 评级为A+ 债参考YTM：4.6609,N,5.0,全价：151.292 最后更新：15:34:09,,,,0,{'M': ''},0,0,N,,,buy,buy
2026-07-24 09:54:06,110084,贵燃转债,grzz,128.999,-0.99,600903,贵州燃气,gzrq,5.92,-3.43,2.14,7.1,83.38,0,54.71,183.71,410301,公用事业,shmb,C,2022-01-18,[],0,0,buy,AA,,4.97,9.23,11.8,buy,2027-12-27,1.427,8.157,5179.31,19016.18,4.92,-9.64,,0,14:59:53,00,Y,N,1,1,Y,转股价下修1次，成功下修1次,2022-07-01 开始转股,计算使用1.5年期 评级为AA 债参考YTM：1.6344,N,10.0,全价：128.999 最后更新：14:59:53,,,,1,{'M': ''},0,0,N,,,buy,buy
2026-07-24 09:54:06,113695,华辰转债,hczz,142.423,-0.49,603097,江苏华辰,jshc,15.35,-0.65,3.1,16.68,92.03,0,54.76,197.18,630801,电力设备,shmb,C,2025-07-10,[],0,0,buy,A+,,11.676,21.684,13.3,buy,2031-06-20,4.91,4.597,5100.8,5142.39,7.81,-3.7,,0,14:58:35,00,Y,N,0,0,Y,,2025-12-26 开始转股,计算使用5.0年期 评级为A+ 债参考YTM：4.8667,N,4.6,全价：142.423 最后更新：14:58:35,,,,0,[],0,0,N,,,buy,buy
2026-07-24 09:54:06,127082,亚科转债,ykzz,134.672,-2.33,002540,亚太科技,ytkj,4.53,-4.43,1.0,5.21,86.95,0,54.89,189.56,240301,有色金属,szmb,C,2023-04-27,[],0,0,buy,AA,,3.647,6.773,29.8,buy,2029-03-09,2.627,11.585,7201.49,5564.58,4.6,-5.83,,0,15:34:39,00,Y,N,0,0,Y,,2023-09-15 开始转股,计算使用2.7年期 评级为AA 债参考YTM：1.7407,N,11.59,全价：134.672 最后更新：15:34:39,,,,0,[],0,0,N,,,buy,buy
2026-07-24 09:54:06,127055,精装转债,jzzz,177.0,1.4,002989,中天精装,ztjz,20.99,-0.8,2.95,18.5,113.46,0,56.0,233.0,620201,建筑装饰,szmb,C,2022-03-24,[],0,0,buy,AA-,,12.95,24.05,5.0,buy,2028-02-22,1.584,2.081,23062.78,11626.71,63.0,-23.23,,0,15:34:42,00,Y,N,0,0,Y,,2022-08-29 开始转股,计算使用1.6年期 评级为AA- 债参考YTM：1.9493,N,5.77,全价：177.000 最后更新：15:34:42,,,,1,{'G': '本次（2026年2月24日至2026年3月16日）不提前赎回，自2027年3月16日后首个交易日重新计算'},0,0,N,,,buy,buy
2026-07-24 09:54:06,123199,山河转债,shzz,138.921,-1.77,300452,山河药辅,shyf,11.56,-4.38,2.57,13.0,88.92,0,56.23,195.15,370101,医药生物,szcy,C,2023-07-07,[],0,0,buy,A+,,9.1,16.9,13.9,buy,2029-06-12,2.888,3.197,1590.22,4547.15,3.57,-7.44,,0,15:34:06,00,Y,N,1,1,Y,转股价下修1次，成功下修1次,2023-12-18 开始转股,计算使用2.9年期 评级为A+ 债参考YTM：4.5917,N,3.2,全价：138.921 最后更新：15:34:06,,,,0,[],0,0,N,,,buy,buy
2026-07-24 09:54:06,123171,共同转债,gtzz,131.7,-0.93,300966,共同药业,gtyy,22.82,-0.78,3.17,27.08,84.27,0,56.29,187.99,370101,医药生物,szcy,C,2022-12-16,[],0,0,buy,A-,,18.956,35.204,21.7,buy,2028-11-28,2.351,3.799,2919.75,8474.51,5.83,-4.21,,0,15:34:51,00,Y,N,0,0,Y,,2023-06-02 开始转股,计算使用2.4年期 评级为A- 债参考YTM：9.1529,N,3.8,全价：131.700 最后更新：15:34:51,,,,0,{'M': ''},0,0,N,,,buy,buy
2026-07-24 09:54:06,127060,湘佳转债,xjzz,126.704,-0.62,002982,湘佳股份,xjgf,11.17,-3.46,1.3,13.8,80.94,0,56.54,183.24,110703,农林牧渔,szmb,C,2022-06-10,[],0,0,buy,A+,,9.66,17.94,44.0,buy,2028-04-19,1.74,6.399,6925.11,4018.83,8.56,-7.09,,0,15:34:51,00,Y,N,1,1,Y,转股价下修1次，成功下修1次,2022-10-25 开始转股,计算使用1.8年期 评级为A+ 债参考YTM：4.3258,N,6.4,全价：126.704 最后更新：15:34:51,,,,0,[],0,0,N,,,buy,buy
2026-07-24 09:54:06,127064,杭氧转债,hyzz,141.755,-0.77,002430,杭氧股份,hygf,23.16,-0.52,2.23,25.67,90.22,0,57.12,198.88,220309,基础化工,szmb,C,2022-07-05,[],0,0,buy,AA+,,17.969,33.371,5.0,buy,2028-05-19,1.822,11.364,6969.45,31825.8,4.31,-13.2,,0,15:33:54,00,Y,N,1,1,Y,转股价下修1次，成功下修1次,2022-11-25 开始转股,计算使用1.9年期 评级为AA+ 债参考YTM：1.6245,N,11.37,全价：141.755 最后更新：15:33:54,,,,1,{'M': ''},0,0,N,,,buy,buy
2026-07-24 09:54:06,111017,蓝天转债,ltzz,130.768,-0.68,605368,蓝天燃气,ltrq,6.64,-2.35,1.41,7.98,83.21,0,57.16,187.93,410301,公用事业,shmb,C,2023-09-08,[],0,0,buy,AA,,5.586,10.374,14.2,buy,2029-08-15,3.063,6.715,4374.89,2819.52,4.97,-4.39,,0,14:59:23,00,Y,N,1,0,Y,转股价下修1次，成功下修0次,2024-02-21 开始转股,计算使用3.1年期 评级为AA 债参考YTM：1.7657,Y,8.7,全价：130.768 最后更新：14:59:23,,,"按下调到底估算
股东大会：2026-07-27
预估转股价：6.72
预估转股价值：98.81
期权价值：19.59
理论价值：128.06
理论偏离度：2.07%",0,[],0,0,N,,,buy,buy
2026-07-24 09:54:06,113054,绿动转债,ldzz,126.66,-0.98,601330,绿色动力,lsdl,6.98,-3.86,1.18,8.67,80.51,0,57.33,183.99,760103,环保,shmb,C,2022-03-23,[],0,0,buy,AA+,,6.069,11.271,34.2,buy,2028-02-25,1.592,23.598,5836.59,9803.97,1.95,-8.15,,0,14:58:56,00,Y,N,0,0,Y,,2022-09-05 开始转股,计算使用1.6年期 评级为AA+ 债参考YTM：1.5963,N,23.6,全价：126.660 最后更新：14:58:56,,,,1,[],0,0,N,,,buy,buy
2026-07-24 09:54:06,127114,宜化转债,yhzz,143.823,-1.69,000422,湖北宜化,hbyh,12.86,-5.09,1.99,14.08,91.34,164,57.47,201.29,220801,基础化工,szmb,C,2026-07-14,[],0,0,buy,AA+,,9.856,18.304,24.3,buy,2032-06-25,5.926,33.0,30973.61,47265.62,6.41,-3.93,,0,15:33:54,00,Y,Y,0,0,Y,,未到转股期；2027-01-04 开始转股,计算使用6.0年期 评级为AA+ 债参考YTM：1.9600,N,33.0,全价：143.823 最后更新：15:33:54,,,,0,{'M': ''},0,0,N,,,buy,buy
2026-07-24 09:54:06,123183,海顺转债,hszz,130.202,-1.12,300501,海顺新材,hsxc,9.57,-1.44,1.72,11.63,82.29,0,58.23,188.43,360206,轻工制造,szcy,C,2023-04-20,[],0,0,buy,AA-,,8.141,15.119,23.9,buy,2029-03-23,2.666,6.329,4400.7,2530.06,5.33,-3.53,,0,15:34:03,00,Y,N,2,0,Y,转股价下修2次，成功下修0次,2023-10-09 开始转股,计算使用2.7年期 评级为AA- 债参考YTM：2.1898,N,6.33,全价：130.202 最后更新：15:34:03,,,,0,[],0,0,N,,,buy,buy
2026-07-24 09:54:06,113686,泰瑞转债,trzz,146.397,-1.67,603289,泰瑞机器,trjq,7.4,-3.52,1.45,8.0,92.5,0,58.27,204.67,640209,机械设备,shmb,C,2024-07-24,[],0,0,buy,AA-,,5.6,10.4,15.5,buy,2030-07-02,3.943,3.363,4466.36,2084.52,9.07,-5.1,,0,14:59:58,00,Y,N,0,0,Y,,2025-01-08 开始转股,计算使用4.0年期 评级为AA- 债参考YTM：2.4010,N,3.378,全价：146.397 最后更新：14:59:58,,,,0,{'G': '本次（2026年5月6日至2026年5月26日）不提前赎回，自2026年8月26日之后的首个交易日重新起算'},0,0,N,,,buy,buy
2026-07-24 09:54:06,110087,天业转债,tyzz,126.421,-0.37,600075,新疆天业,xjty,4.47,-1.97,0.83,5.6,79.82,0,58.38,184.8,220202,基础化工,shmb,C,2022-07-19,[],0,0,buy,AA+,,3.92,7.28,39.3,buy,2028-06-23,1.918,29.975,8210.54,9650.83,2.16,-7.15,,0,14:59:24,00,Y,N,1,1,Y,转股价下修1次，成功下修1次,2022-12-29 开始转股,计算使用2.0年期 评级为AA+ 债参考YTM：1.6330,N,30.0,全价：126.421 最后更新：14:59:24,,,,1,{'M': ''},0,0,N,,,buy,buy
2026-07-24 09:54:06,127089,晶澳转债,jazz,124.984,-0.59,002459,晶澳科技,jakj,7.02,-5.9,1.09,8.9,78.88,0,58.46,183.44,630502,电力设备,szmb,C,2023-08-04,[],0,0,buy,AA+,,6.23,11.57,38.6,buy,2029-07-18,2.986,89.588,8431.96,32407.59,0.75,-3.87,,0,15:34:51,00,Y,N,3,2,Y,转股价下修3次，成功下修2次,2024-01-24 开始转股,计算使用3.0年期 评级为AA+ 债参考YTM：1.6879,N,89.603,全价：124.984 最后更新：15:34:51,,,,0,{'M': ''},0,0,N,,,buy,buy
2026-07-24 09:54:06,118007,山石转债,sszz,135.308,-1.22,688030,山石网科,sswk,14.05,-2.16,3.63,16.5,85.15,0,58.9,194.21,710402,计算机,shkc,C,2022-04-21,[],0,0,buy,A-,,11.55,21.45,10.5,buy,2028-03-22,1.663,2.671,5062.12,4458.36,13.89,-8.72,,0,14:59:59,00,Y,N,1,1,Y,转股价下修1次，成功下修1次,2022-09-28 开始转股,计算使用1.7年期 评级为A- 债参考YTM：9.0057,N,2.674,全价：135.308 最后更新：14:59:59,,,,1,{'M': ''},0,0,N,,,buy,buy
2026-07-24 09:54:06,118031,天23转债,t23zz,126.467,-0.19,688599,天合光能,thgn,12.72,-4.79,1.44,16.0,79.5,0,59.08,185.55,630502,电力设备,shkc,C,2023-03-15,[],0,0,buy,AA,,11.2,20.8,19.6,buy,2029-02-13,2.562,58.512,10678.53,35599.93,1.45,-2.61,,0,14:59:56,00,Y,N,2,2,Y,转股价下修2次，成功下修2次,2023-08-17 开始转股,计算使用2.6年期 评级为AA 债参考YTM：1.7354,N,88.648,全价：126.467 最后更新：14:59:56,,,,0,{'M': ''},0,0,N,,,buy,buy
2026-07-24 09:54:06,113704,春风转债,cfzz,186.41,4.45,603129,春风动力,cfdl,282.95,5.26,5.43,241.7,117.07,145,59.23,245.64,280402,汽车,shmb,C,2026-07-07,[],0,0,buy,AA+,,169.19,314.21,5.0,buy,2032-06-09,5.882,21.79,136778.59,75240.0,33.64,-8.35,,0,15:00:00,00,Y,N,0,0,Y,,未到转股期；2026-12-16 开始转股,计算使用5.9年期 评级为AA+ 债参考YTM：1.9485,N,21.79,全价：186.410 最后更新：15:00:00,,,,0,{'M': ''},0,0,N,,,buy,buy
2026-07-24 09:54:06,113048,晶科转债,jkzz,121.713,-2.1,601778,晶科科技,jkkj,3.41,-6.83,0.79,4.47,76.29,0,59.55,181.26,410106,公用事业,shmb,C,2021-05-31,[],0,0,buy,AA,,3.129,5.811,12.2,buy,2027-04-23,0.748,15.453,8423.04,56864.01,4.46,-10.71,,0,14:59:59,00,Y,N,2,2,Y,转股价下修2次，成功下修2次,2021-10-29 开始转股,计算使用0.8年期 评级为AA 债参考YTM：1.5869,N,30.0,全价：121.713 最后更新：14:59:59,,,,1,"{'G': '本次（2026年3月25日至2026年5月6日）不提前赎回，以2026年8月7日为首个交易日重新计算', 'M': ''}",0,0,N,,,buy,buy
2026-07-24 09:54:06,113610,灵康转债,lkzz,122.259,-1.98,603669,灵康药业,lkyy,4.97,-6.05,5.68,6.5,76.46,0,59.9,182.16,370102,医药生物,shmb,C,2020-12-22,[],0,0,buy,A-,,4.55,8.45,7.1,buy,2026-12-01,0.356,2.528,6529.4,25813.38,21.01,-16.8,,0,14:59:56,00,Y,N,2,2,Y,转股价下修2次，成功下修2次,2021-06-07 开始转股,计算使用0.4年期 评级为A- 债参考YTM：8.8157,N,5.25,全价：122.259 最后更新：14:59:56,,,,1,[],0,0,N,,,buy,buy
2026-07-24 09:54:06,123225,翔丰转债,xfzz,140.308,-1.34,300890,翔丰华,xfh,23.95,-2.28,1.26,27.34,87.6,0,60.17,200.48,630702,电力设备,szcy,C,2023-10-26,[],0,0,buy,AA-,,19.138,35.542,21.3,buy,2029-10-10,3.216,5.585,3542.54,10362.51,4.5,-4.22,,0,15:34:12,00,Y,N,1,1,Y,转股价下修1次，成功下修1次,2024-04-16 开始转股,计算使用3.3年期 评级为AA- 债参考YTM：2.3243,N,8.0,全价：140.308 最后更新：15:34:12,,,,0,"{'G': '本次（2026年4月22日至2026年5月15日）不提前赎回，自2026年8月15日后首个交易日重新计算', 'M': ''}",0,0,N,,,buy,buy
2026-07-24 09:54:06,110093,神马转债,smzz,123.408,-1.25,600810,神马股份,smgf,6.22,-3.27,0.73,8.08,76.98,0,60.31,183.72,220406,基础化工,shmb,C,2023-04-20,[],0,0,buy,AAA,,5.656,10.504,33.0,buy,2029-03-16,2.647,22.199,6598.53,7318.07,2.4,-4.32,,0,14:59:57,00,Y,N,0,0,Y,,2023-09-22 开始转股,计算使用2.7年期 评级为AAA 债参考YTM：1.6202,N,30.0,全价：123.408 最后更新：14:59:57,,,,0,{'M': ''},0,0,N,,,buy,buy
2026-07-24 09:54:06,118027,宏图转债,htzz,87.033,-1.21,688066,*ST航图,htht,7.12,-4.69,-1.64,13.12,54.27,0,60.38,147.41,710301,计算机,shkc,C,2022-12-22,[],0,0,buy,B-,,9.184,17.056,50.0,buy,2028-11-28,2.351,9.475,3281.38,4020.78,3.96,14.59,,0,14:59:39,00,Y,N,3,3,Y,转股价下修3次，成功下修3次,2023-06-02 开始转股,,N,10.088,全价：87.033 最后更新：14:59:39,,,,0,[],0,0,N,,,buy,buy
2026-07-24 09:54:06,127108,太能转债,tnzz,127.38,-1.52,000591,太阳能,tyn,4.39,-4.15,0.71,5.54,79.24,0,60.75,188.13,410106,公用事业,szmb,C,2025-04-16,[],0,0,buy,AA+,,3.878,7.202,17.2,buy,2031-03-28,4.68,29.498,8921.88,25761.01,2.37,-1.85,,0,15:34:00,00,Y,N,0,0,Y,,2025-10-09 开始转股,计算使用4.7年期 评级为AA+ 债参考YTM：1.8159,N,29.5,全价：127.380 最后更新：15:34:00,,,,0,{'M': ''},0,0,N,,,buy,buy
2026-07-24 09:54:06,127031,洋丰转债,yfzz,125.995,-1.04,000902,新洋丰,xyf,13.23,-3.22,1.34,16.89,78.33,0,60.85,186.85,220805,基础化工,szmb,C,2021-04-23,[],0,0,buy,AA,,11.823,21.957,6.6,buy,2027-03-25,0.669,9.999,3172.78,12614.12,2.51,-16.68,,0,15:34:42,00,Y,N,1,1,Y,转股价下修1次，成功下修1次,2021-10-08 开始转股,计算使用0.7年期 评级为AA 债参考YTM：1.5782,N,10.0,全价：125.995 最后更新：15:34:42,,,,1,{'M': ''},0,0,N,,,buy,buy
2026-07-24 09:54:06,123173,恒锋转债,hfzz,135.87,-0.35,300605,恒锋信息,hfxx,8.42,-3.66,3.03,10.0,84.2,0,61.37,197.24,710401,计算机,szcy,C,2023-02-08,[],0,0,buy,BBB+,,7.0,13.0,21.9,buy,2028-12-30,2.438,2.33,1592.51,5145.49,5.05,-5.3,,0,15:33:54,00,Y,N,1,1,Y,转股价下修1次，成功下修1次,2023-07-06 开始转股,计算使用2.5年期 评级为BBB+ 债参考YTM：12.3437,N,2.424,全价：135.870 最后更新：15:33:54,,,,0,[],0,0,N,,,buy,buy
2026-07-24 09:54:06,123076,强力转债,qlzz,118.776,-0.69,300429,强力新材,qlxc,9.34,-2.2,2.89,12.7,73.54,0,61.5,180.28,270601,电子,szcy,C,2020-12-04,[],0,0,buy,AA-,,8.89,16.51,8.7,buy,2026-11-19,0.323,3.393,5311.52,18425.15,13.12,-15.17,,0,15:34:39,00,Y,N,1,1,Y,转股价下修1次，成功下修1次,2021-05-25 开始转股,计算使用0.4年期 评级为AA- 债参考YTM：1.7758,N,8.5,全价：118.776 最后更新：15:34:39,,,,1,{'M': ''},0,0,N,,,buy,buy
2026-07-24 09:54:06,123172,漱玉转债,syzz,130.448,-1.86,301017,漱玉平民,sypm,12.04,-4.82,2.28,14.91,80.75,0,61.54,191.99,370403,医药生物,szcy,C,2023-01-06,[],0,0,buy,AA-,,10.437,19.383,25.6,buy,2028-12-15,2.397,7.96,4330.16,6216.15,4.13,-4.69,,0,15:33:54,00,Y,N,1,1,Y,转股价下修1次，成功下修1次,2023-06-21 开始转股,计算使用2.4年期 评级为AA- 债参考YTM：2.1103,N,8.0,全价：130.448 最后更新：15:33:54,,,,0,{'M': ''},0,0,N,,,buy,buy
2026-07-24 09:54:06,123255,鼎龙转债,dlzz,420.6,1.23,300054,鼎龙股份,dlgf,73.79,1.89,12.84,28.38,260.01,0,61.76,482.36,270601,电子,szcy,C,2025-04-23,[],0,0,buy,AA,,19.866,36.894,1.7,buy,2031-04-02,4.693,9.096,196998.11,267150.81,51.08,-24.48,,0,15:34:18,00,Y,N,0,0,Y,,2025-10-09 开始转股,计算使用4.7年期 评级为AA 债参考YTM：1.9604,N,9.1,全价：420.600 最后更新：15:34:18,,,,0,"{'G': '本次（2026年4月8日至2026年4月28日）不提前赎回，自2026年10月28日后首个交易日重新计算', 'M': ''}",0,0,N,,,buy,buy
2026-07-24 09:54:06,123211,阳谷转债,ygzz,157.372,-1.81,300121,阳谷华泰,yght,8.94,-2.51,1.09,9.2,97.17,0,61.95,219.32,220604,基础化工,szcy,C,2023-08-14,[],0,0,buy,AA-,,6.44,11.96,8.0,buy,2029-07-27,3.011,3.07,4115.03,8420.64,8.48,-8.92,,0,15:34:09,00,Y,N,0,0,Y,,2024-02-02 开始转股,计算使用3.1年期 评级为AA- 债参考YTM：2.2903,N,6.5,全价：157.372 最后更新：15:34:09,,,,0,[],0,0,N,,,buy,buy
2026-07-24 09:54:06,123157,科蓝转债,klzz,133.9,-2.3,300663,科蓝软件,klrj,7.27,-7.97,9.26,8.8,82.61,0,62.08,195.98,710401,计算机,szcy,C,2022-09-20,[],0,0,buy,A-,,6.16,11.44,7.0,buy,2028-08-30,2.104,2.34,6228.38,41402.65,19.75,-5.65,,0,15:34:51,00,Y,N,2,2,Y,转股价下修2次，成功下修2次,2023-03-06 开始转股,计算使用2.2年期 评级为A- 债参考YTM：9.1032,N,4.946,全价：133.900 最后更新：15:34:51,,,,0,{'M': ''},0,0,N,,,buy,buy
2026-07-24 09:54:06,113678,中贝转债,zbzz,143.88,-1.65,603220,中贝通信,zbtx,18.16,-4.27,2.47,20.47,88.72,0,62.18,206.06,730103,通信,shmb,C,2023-11-21,[],0,0,buy,A+,,14.329,26.611,6.5,buy,2029-10-19,3.241,5.106,6339.87,25646.04,8.59,-5.45,,0,15:00:00,00,Y,N,2,1,Y,转股价下修2次，成功下修1次,2024-04-25 开始转股,计算使用3.3年期 评级为A+ 债参考YTM：4.6773,N,5.17,全价：143.880 最后更新：15:00:00,,,,0,"{'G': '本次（2026年3月16日至2026年4月27日）不提前赎回，以2026年7月28日起算', 'M': ''}",0,0,N,,,buy,buy
2026-07-24 09:54:06,118060,瑞可转债,rkzz,182.899,-1.96,688800,瑞可达,rkd,59.2,-3.24,6.77,52.53,112.7,0,62.29,245.19,270401,电子,shkc,C,2025-12-12,[],0,0,buy,AA-,,36.771,68.289,5.9,buy,2031-11-14,5.312,9.999,12330.29,49143.45,6.71,-8.36,,0,14:59:55,00,Y,N,0,0,Y,,2026-05-20 开始转股,计算使用5.4年期 评级为AA- 债参考YTM：2.8069,N,10.0,全价：182.899 最后更新：14:59:55,,,,0,"{'G': '本次（2026年5月20日至2026年6月9日）不提前赎回，以2026年12月10日为首个交易日重新计算', 'M': ''}",0,0,N,,,buy,buy
2026-07-24 09:54:06,111022,锡振转债,xzzz,154.045,0.05,605319,无锡振华,wxzh,21.0,2.39,2.56,22.39,93.79,0,64.24,218.29,280205,汽车,shmb,C,2025-07-14,[],0,0,buy,AA-,,15.673,29.107,7.1,buy,2031-06-18,4.904,5.197,2712.4,4272.59,3.39,-5.44,,0,14:59:35,00,Y,N,0,0,Y,,2025-12-24 开始转股,计算使用5.0年期 评级为AA- 债参考YTM：2.5167,N,5.2,全价：154.045 最后更新：14:59:35,,,,0,[],0,0,N,,,buy,buy
2026-07-24 09:54:06,127099,盛航转债,shzz,131.667,-0.69,001205,盛航股份,shgf,12.29,-1.29,1.05,15.33,80.17,0,64.24,195.91,421101,交通运输,szmb,C,2023-12-28,[],0,0,buy,AA-,,10.731,19.929,22.2,buy,2029-12-06,3.373,4.541,2685.44,2851.05,4.49,-2.84,,0,15:33:57,00,Y,N,1,1,Y,转股价下修1次，成功下修1次,2024-06-12 开始转股,计算使用3.4年期 评级为AA- 债参考YTM：2.3373,N,7.4,全价：131.667 最后更新：15:33:57,,,,0,[],0,0,N,,,buy,buy
2026-07-24 09:54:06,113652,伟22转债,w22zz,129.405,-0.78,603568,伟明环保,wmhb,14.94,-0.53,1.98,19.02,78.55,0,64.74,194.15,760103,环保,shmb,C,2022-08-12,[],0,0,buy,AA,,13.314,24.726,4.8,buy,2028-07-22,1.997,14.766,5664.29,14840.16,2.95,-7.12,,0,14:59:31,00,Y,N,2,2,Y,转股价下修2次，成功下修2次,2023-01-30 开始转股,计算使用2.0年期 评级为AA 债参考YTM：1.6930,N,14.77,全价：129.405 最后更新：14:59:31,,,,1,{'M': ''},0,0,N,,,buy,buy
2026-07-24 09:54:06,113659,莱克转债,lkzz,130.311,-0.71,603355,莱克电气,lkdq,25.07,0.16,2.5,31.72,79.04,0,64.88,195.19,330302,家用电器,shmb,C,2022-11-15,[],0,0,buy,AA,,22.204,41.236,8.3,buy,2028-10-14,2.227,11.998,6997.08,4583.01,4.47,-6.2,,0,14:59:32,00,Y,N,0,0,Y,,2023-04-20 开始转股,计算使用2.3年期 评级为AA 债参考YTM：1.7178,N,12.0,全价：130.311 最后更新：14:59:32,,,,0,{'M': ''},0,0,N,,,buy,buy
2026-07-24 09:54:06,127105,龙星转债,lxzz,128.752,-0.6,002442,龙星科技,lxkj,4.52,-1.09,1.23,5.8,77.93,0,65.21,193.96,220603,基础化工,szmb,C,2024-03-06,[],0,0,buy,AA-,,4.06,7.54,33.9,buy,2030-01-31,3.526,7.534,2852.43,5985.53,2.93,-2.18,,0,15:34:00,00,Y,N,0,0,Y,,2024-08-07 开始转股,计算使用3.6年期 评级为AA- 债参考YTM：2.3585,N,7.54,全价：128.752 最后更新：15:34:00,,,,0,[],0,0,N,,,buy,buy
2026-07-24 09:54:06,123088,威唐转债,wtzz,117.618,-0.47,300707,威唐工业,wtgy,10.64,-1.48,1.6,14.95,71.17,0,65.26,182.88,280205,汽车,szcy,C,2021-01-06,[],0,0,buy,A+,,10.465,19.435,19.7,buy,2026-12-15,0.395,3.004,2465.8,3826.47,6.96,-5.68,,0,15:34:36,00,Y,N,1,1,Y,转股价下修1次，成功下修1次,2021-06-21 开始转股,计算使用0.4年期 评级为A+ 债参考YTM：4.1157,N,3.014,全价：117.618 最后更新：15:34:36,,,,1,[],0,0,N,,,buy,buy
2026-07-24 09:54:06,123195,蓝晓转02,lxz02,173.329,1.85,300487,蓝晓科技,lxkj,61.6,-2.98,6.81,59.21,104.04,0,66.6,239.93,220504,基础化工,szcy,C,2023-05-08,[],0,0,buy,A+,,41.447,76.973,2.9,buy,2029-04-17,2.734,5.458,20345.15,62831.27,21.54,-12.99,,0,15:34:03,00,Y,N,0,0,Y,,2023-10-23 开始转股,计算使用2.8年期 评级为A+ 债参考YTM：4.5643,N,5.461,全价：173.329 最后更新：15:34:03,,,,0,{'M': ''},0,0,N,,,buy,buy
2026-07-24 09:54:06,127104,姚记转债,yjzz,141.499,-1.05,002605,姚记科技,yjkj,16.59,-3.04,1.75,19.58,84.73,0,67.0,208.5,720401,传媒,szmb,C,2024-02-26,[],0,0,buy,A+,,13.706,25.454,10.4,buy,2030-01-24,3.507,5.822,3865.31,14716.2,4.68,-4.64,,0,15:33:57,00,Y,N,0,0,Y,,2024-07-31 开始转股,计算使用3.6年期 评级为A+ 债参考YTM：4.7145,N,5.831,全价：141.499 最后更新：15:33:57,,,,0,[],0,0,N,,,buy,buy
2026-07-24 09:54:06,123119,康泰转2,ktz2,124.79,-0.84,300601,康泰生物,ktsw,11.72,-3.93,1.35,15.69,74.7,0,67.06,191.85,370303,医药生物,szcy,C,2021-08-05,[],0,0,buy,AA,,10.983,20.397,18.9,buy,2027-07-15,0.975,19.99,6129.52,14246.16,2.45,-10.54,,0,15:34:48,00,Y,N,5,5,Y,转股价下修5次，成功下修5次,2022-01-21 开始转股,计算使用1.0年期 评级为AA 债参考YTM：1.5921,N,20.0,全价：124.790 最后更新：15:34:48,,,,1,{'M': ''},0,0,N,,,buy,buy
2026-07-24 09:54:06,123080,海波转债,hbzz,125.476,-0.41,300517,海波重科,hbzk,8.47,1.07,1.59,11.28,75.09,0,67.1,192.58,620401,建筑装饰,szcy,C,2020-12-22,[],0,0,buy,A+,,7.896,14.664,13.9,buy,2026-12-02,0.359,1.485,2925.5,3910.2,15.69,-12.25,,0,15:34:39,00,Y,N,0,0,Y,,2021-06-08 开始转股,计算使用0.4年期 评级为A+ 债参考YTM：4.1157,N,2.45,全价：125.476 最后更新：15:34:39,,,,1,[],0,0,N,,,buy,buy
2026-07-24 09:54:06,123071,天能转债,tnzz,115.379,-0.35,300569,天能重工,tnzg,4.6,-5.15,0.88,6.68,68.86,0,67.55,182.93,630602,电力设备,szcy,C,2020-11-25,[],0,0,buy,AA-,,4.676,8.684,14.8,buy,2026-10-21,0.244,6.937,2694.56,8302.17,3.36,-1.36,,0,15:34:36,00,Y,N,2,2,Y,转股价下修2次，成功下修2次,2021-04-27 开始转股,计算使用0.3年期 评级为AA- 债参考YTM：1.7519,N,7.0,全价：115.379 最后更新：15:34:36,,,,1,{'M': ''},0,0,N,,,buy,buy
2026-07-24 09:54:06,113699,金25转债,j25zz,185.742,-2.53,603979,金诚信,jcx,69.55,-6.38,3.73,62.8,110.75,0,67.72,253.46,240302,有色金属,shmb,C,2025-10-27,[],0,0,buy,AA,,43.96,81.64,4.6,buy,2031-09-26,5.178,19.998,18931.53,77100.06,5.09,-8.86,,0,14:59:59,00,Y,N,0,0,Y,,2026-04-10 开始转股,计算使用5.2年期 评级为AA 债参考YTM：2.0143,N,20.0,全价：185.742 最后更新：14:59:59,,,,0,{'M': ''},0,0,N,,,buy,buy
2026-07-24 09:54:06,127072,博实转债,bszz,141.199,1.28,002698,博实股份,bsgf,12.4,2.06,2.98,14.81,83.73,0,68.64,209.84,640701,机械设备,szmb,C,2022-11-03,[],0,0,buy,AA,,10.367,19.253,4.3,buy,2028-09-22,2.167,4.498,7548.95,25189.26,11.94,-9.09,,0,15:34:03,00,Y,N,0,0,Y,,2023-03-28 开始转股,计算使用2.2年期 评级为AA 债参考YTM：1.7106,N,4.5,全价：141.199 最后更新：15:34:03,,,,0,{'M': ''},0,0,N,,,buy,buy
2026-07-24 09:54:06,127113,长高转债,cgzz,165.0,-2.28,002452,长高电气,cgdq,10.68,-4.73,2.36,10.92,97.8,52,68.71,233.71,630801,电力设备,szmb,C,2026-03-30,[],0,0,buy,AA-,,7.644,14.196,13.7,buy,2032-03-08,5.627,7.586,5022.36,19722.15,4.0,-6.47,,0,15:34:00,00,Y,N,0,0,Y,,未到转股期；2026-09-14 开始转股,计算使用5.7年期 评级为AA- 债参考YTM：3.1593,N,7.59,全价：165.000 最后更新：15:34:00,,,,0,{'M': ''},0,0,N,,,buy,buy
2026-07-24 09:54:06,118039,煜邦转债,ybzz,133.798,-1.32,688597,煜邦电力,ybdl,5.77,-3.99,2.26,7.3,79.04,0,69.28,203.08,630804,电力设备,shkc,C,2023-08-15,[],0,0,buy,A,,5.11,9.49,21.2,buy,2029-07-20,2.992,4.104,5652.83,2291.4,10.26,-4.51,,0,14:59:51,00,Y,N,0,0,Y,,2024-01-26 开始转股,计算使用3.0年期 评级为A 债参考YTM：6.9679,N,4.108,全价：133.798 最后更新：14:59:51,,,,0,"{'G': '本次（2026年1月16日至2026年2月11日）不提前赎回，以2026年8月12日为首个交易日重新计算', 'M': ''}",0,0,N,,,buy,buy
2026-07-24 09:54:06,127112,尚太转债,stzz,157.859,1.06,001301,尚太科技,stkj,55.7,0.91,2.82,60.02,92.8,0,70.1,227.96,630702,电力设备,szmb,C,2026-02-05,[],0,0,buy,AA+,,42.014,78.026,12.0,buy,2032-01-16,5.485,17.34,17608.56,39515.68,6.43,-6.23,,0,15:34:21,00,Y,N,0,0,Y,,2026-07-22 开始转股,计算使用5.5年期 评级为AA+ 债参考YTM：1.9012,N,17.34,全价：157.859 最后更新：15:34:21,,,,0,{'M': ''},0,0,N,,,buy,buy
2026-07-24 09:54:06,123235,亿田转债,ytzz,145.1,-3.03,300911,亿田智能,ytzn,18.13,-6.93,2.91,21.31,85.08,0,70.55,215.65,330401,家用电器,szcy,C,2024-01-12,[],0,0,buy,A+,,14.917,27.703,14.0,buy,2029-12-21,3.414,4.353,9797.6,11272.15,15.46,-5.63,,0,15:34:18,00,Y,N,0,0,Y,,2024-06-27 开始转股,计算使用3.5年期 评级为A+ 债参考YTM：4.7034,N,5.202,全价：145.100 最后更新：15:34:18,,,,0,{'M': ''},0,0,N,,,buy,buy
2026-07-24 09:54:06,110101,宝钛转债,btzz,147.527,-1.03,600456,宝钛股份,btgf,26.75,-4.05,1.77,30.98,86.35,159,70.86,218.39,240504,有色金属,shmb,C,2026-07-16,[],0,0,buy,AAA,,21.686,40.274,27.4,buy,2032-06-23,5.921,35.0,25476.32,14457.84,4.89,-4.96,,0,14:59:59,00,Y,N,0,0,Y,,未到转股期；2026-12-30 开始转股,计算使用6.0年期 评级为AAA 债参考YTM：1.8200,N,35.0,全价：147.527 最后更新：14:59:59,,,,0,{'M': ''},0,0,N,,,buy,buy
2026-07-24 09:54:06,113640,苏利转债,slzz,131.187,-1.09,603585,苏利股份,slgf,9.24,-3.85,0.93,12.04,76.74,0,70.94,202.13,220803,基础化工,shmb,C,2022-03-10,[],0,0,buy,AA-,,8.428,15.652,29.5,buy,2028-02-16,1.567,7.39,4730.14,2854.48,4.87,-7.13,,0,14:59:06,00,Y,N,2,1,Y,转股价下修2次，成功下修1次,2022-08-22 开始转股,计算使用1.6年期 评级为AA- 债参考YTM：1.9493,Y,9.572,全价：131.187 最后更新：14:59:06,,,"按下调到底估算
股东大会：2026-07-31
预估转股价：12.04
预估转股价值：76.74
期权价值：11.25
理论价值：124.81
理论偏离度：4.86%",1,[],0,0,N,,,buy,buy
2026-07-24 09:54:06,113643,风语转债,fyzz,138.272,-2.38,603466,风语筑,fyz,9.5,-9.52,2.67,11.8,80.51,0,71.75,210.02,720706,传媒,shmb,C,2022-04-22,[],0,0,buy,AA-,,8.26,15.34,8.8,buy,2028-03-25,1.671,4.992,9300.53,62571.3,13.43,-9.62,,0,15:00:00,00,Y,N,1,1,Y,转股价下修1次，成功下修1次,2022-10-10 开始转股,计算使用1.7年期 评级为AA- 债参考YTM：1.9682,N,5.0,全价：138.272 最后更新：15:00:00,,,,1,{'M': ''},0,0,N,,,buy,buy
2026-07-24 09:54:06,113649,丰山转债,fszz,130.007,-1.12,603810,丰山集团,fsjt,10.3,-3.29,1.05,13.61,75.68,0,71.79,201.8,220803,基础化工,shmb,C,2022-07-21,[],0,0,buy,AA-,,9.527,17.693,26.9,buy,2028-06-27,1.929,4.577,2357.18,2424.98,3.97,-5.37,,0,15:00:00,00,Y,N,0,0,Y,,2023-01-03 开始转股,计算使用2.0年期 评级为AA- 债参考YTM：2.0230,N,5.0,全价：130.007 最后更新：15:00:00,,,,1,[],0,0,N,,,buy,buy
2026-07-24 09:54:06,113688,国检转债,gjzz,137.453,-0.87,603060,国检集团,gjjt,5.15,-3.74,1.98,6.45,79.85,0,72.15,209.6,460802,社会服务,shmb,C,2024-11-12,[],0,0,buy,AA+,,4.515,8.385,19.3,buy,2030-10-17,4.236,7.997,2512.69,3681.4,2.28,-3.93,,0,14:59:59,00,Y,N,0,0,Y,,2025-04-23 开始转股,计算使用4.3年期 评级为AA+ 债参考YTM：1.7749,N,8.0,全价：137.453 最后更新：14:59:59,,,,0,[],0,0,N,,,buy,buy
2026-07-24 09:54:06,127093,章鼓转债,zgzz,128.109,-0.46,002598,ST章鼓,sdzg,6.13,-1.13,1.45,8.3,73.86,0,73.46,201.57,640106,机械设备,szmb,C,2023-11-03,[],0,0,buy,A,,5.81,10.79,13.8,buy,2029-10-17,3.236,2.425,334.28,1276.89,1.07,-2.54,,0,15:34:45,00,Y,N,1,1,Y,转股价下修1次，成功下修1次,2024-04-23 开始转股,计算使用3.3年期 评级为A 债参考YTM：7.0273,N,2.43,全价：128.109 最后更新：15:34:45,,,,0,[],0,0,N,,,buy,buy
2026-07-24 09:54:06,128125,Z阳转债,hyzz,112.947,0.02,002949,华阳国际,hygj,9.2,-2.75,1.14,14.19,64.83,0,74.21,187.16,620601,建筑装饰,szmb,C,2020-08-21,[],0,0,buy,AA-,,9.933,18.447,32.2,buy,2026-07-30,0.016,4.496,6486.16,2430.63,12.77,3.43,,0,15:34:03,00,Y,N,2,2,Y,转股价下修2次，成功下修2次,2021-02-05 开始转股,计算使用0.1年期 评级为AA- 债参考YTM：1.6953,N,4.5,全价：112.947 最后更新：15:34:03,,,,1,{'R': '到期\n最后交易日：2026-07-24\n最后转股日：2026-07-29\n债券到期日：2026-07-30\n到期赎回价：113.000元/张'},0,0,N,,,buy,buy
2026-07-24 09:54:06,113053,隆22转债,l22zz,124.1,-0.18,601012,隆基绿能,ljln,12.42,-2.97,1.85,17.5,70.97,0,74.86,198.96,630502,电力设备,shmb,C,2022-02-17,[],0,0,buy,AAA,,12.25,22.75,7.4,buy,2028-01-05,1.452,69.951,13981.14,130912.8,1.61,-8.88,,0,14:59:57,00,Y,N,1,1,Y,转股价下修1次，成功下修1次,2022-07-11 开始转股,计算使用1.5年期 评级为AAA 债参考YTM：1.5541,N,70.0,全价：124.100 最后更新：14:59:57,,,,1,{'M': ''},0,0,N,,,buy,buy
2026-07-24 09:54:06,123133,佩蒂转债,pdzz,129.1,-0.54,300673,佩蒂股份,pdgf,11.04,-3.66,1.45,15.0,73.6,0,75.41,204.51,110404,农林牧渔,szcy,C,2022-01-21,[],0,0,buy,AA-,,10.5,19.5,40.6,buy,2027-12-22,1.414,7.198,4607.5,2788.75,4.96,-6.81,,0,15:34:51,00,Y,N,2,2,Y,转股价下修2次，成功下修2次,2022-06-28 开始转股,计算使用1.5年期 评级为AA- 债参考YTM：1.9306,N,7.2,全价：129.100 最后更新：15:34:51,,,,1,[],0,0,N,,,buy,buy
2026-07-24 09:54:06,111015,东亚转债,dyzz,124.091,-1.04,605177,东亚药业,dyyy,14.32,-2.85,0.93,20.28,70.61,0,75.74,199.83,370101,医药生物,shmb,C,2023-08-02,[],0,0,buy,A+,,14.196,26.364,40.9,buy,2029-07-06,2.953,6.662,3412.6,2543.99,4.12,-1.57,,0,14:59:10,00,Y,N,1,1,Y,转股价下修1次，成功下修1次,2024-01-12 开始转股,计算使用3.0年期 评级为A+ 债参考YTM：4.6179,N,6.9,全价：124.091 最后更新：14:59:10,,,,0,[],0,0,N,,,buy,buy
2026-07-24 09:54:06,127054,双箭转债,sjzz,124.46,-0.9,002381,双箭股份,sjgf,4.91,-2.96,0.93,6.96,70.55,0,76.42,200.88,220602,基础化工,szmb,C,2022-03-15,[],0,0,buy,AA,,4.872,9.048,32.5,buy,2028-02-11,1.553,5.136,2707.44,1888.11,4.23,-5.67,,0,15:34:39,00,Y,N,0,0,Y,,2022-08-17 开始转股,计算使用1.6年期 评级为AA 债参考YTM：1.6464,N,5.136,全价：124.460 最后更新：15:34:39,,,,1,[],0,0,N,,,buy,buy
2026-07-24 09:54:06,113636,甬金转债,yjzz,127.941,-1.51,603995,甬金股份,yjgf,18.99,-3.31,1.14,26.22,72.43,0,76.65,204.59,230501,钢铁,shmb,C,2021-12-31,[],0,0,buy,AA-,,18.354,34.086,14.5,buy,2027-12-13,1.389,9.995,2912.95,8146.49,2.27,-6.03,,0,14:59:57,00,Y,N,1,1,Y,转股价下修1次，成功下修1次,2022-06-17 开始转股,计算使用1.4年期 评级为AA- 债参考YTM：1.9125,N,10.0,全价：127.941 最后更新：14:59:57,,,,1,{'M': ''},0,0,N,,,buy,buy
2026-07-24 09:54:06,110090,爱迪转债,adzz,131.471,-1.65,600933,爱柯迪,akd,12.75,-3.41,1.32,17.15,74.34,0,76.84,208.31,280203,汽车,shmb,C,2022-10-28,[],0,0,buy,AA,,12.005,22.295,12.5,buy,2028-09-23,2.17,15.695,3485.0,17093.29,1.68,-6.93,,0,14:59:46,00,Y,N,0,0,Y,,2023-03-29 开始转股,计算使用2.2年期 评级为AA 债参考YTM：1.7106,N,15.7,全价：131.471 最后更新：14:59:46,,,,0,{'M': ''},0,0,N,,,buy,buy
2026-07-24 09:54:06,123237,佳禾转债,jhzz,132.761,-1.07,300793,佳禾智能,jhzn,10.08,-1.66,1.36,13.46,74.89,0,77.28,210.04,270504,电子,szcy,C,2024-01-24,[],0,0,buy,A+,,9.422,17.498,11.5,buy,2030-01-04,3.452,4.314,1036.13,6211.75,1.8,-3.59,,0,15:34:21,00,Y,N,1,1,Y,转股价下修1次，成功下修1次,2024-07-10 开始转股,计算使用3.5年期 评级为A+ 债参考YTM：4.7034,N,10.04,全价：132.761 最后更新：15:34:21,,,,0,[],0,0,N,,,buy,buy
2026-07-24 09:54:06,123124,晶瑞转2,jrz2,134.647,0.4,300655,晶瑞电材,jrdc,12.01,1.52,5.07,15.88,75.63,0,78.03,212.68,270601,电子,szcy,C,2021-09-07,[],0,0,buy,A+,,11.116,20.644,3.9,buy,2027-08-16,1.063,5.224,8623.78,77894.85,12.29,-18.4,,1,15:34:48,00,Y,N,0,0,Y,,2022-02-21 开始转股,计算使用1.1年期 评级为A+ 债参考YTM：4.2015,N,5.23,全价：134.647 最后更新：15:34:48,,,,1,{'M': ''},0,0,N,,23年6月前不下修,buy,buy
2026-07-24 09:54:06,111021,奥锐转债,arzz,136.481,-1.25,605116,奥锐特,art,18.74,-1.88,2.8,24.6,76.18,0,79.16,215.64,370101,医药生物,shmb,C,2024-08-15,[],0,0,buy,AA-,,17.22,31.98,10.7,buy,2030-07-26,4.008,8.121,3080.76,4072.73,2.77,-3.28,,0,14:58:45,00,Y,N,0,0,Y,,2025-02-05 开始转股,计算使用4.1年期 评级为AA- 债参考YTM：2.4140,N,8.121,全价：136.481 最后更新：14:58:45,,,,0,[],0,0,N,,,buy,buy
2026-07-24 09:54:06,127069,小熊转债,xxzz,130.984,-1.15,002959,小熊电器,xxdq,31.94,-3.36,1.59,43.71,73.07,0,79.25,210.23,330301,家用电器,szmb,C,2022-09-07,[],0,0,buy,AA-,,30.597,56.823,11.3,buy,2028-08-12,2.055,5.041,1733.5,3009.32,2.62,-4.63,,0,15:34:36,00,Y,N,1,1,Y,转股价下修1次，成功下修1次,2023-02-20 开始转股,计算使用2.1年期 评级为AA- 债参考YTM：2.0415,N,5.36,全价：130.984 最后更新：15:34:36,,,,0,{'M': ''},0,0,N,,,buy,buy
2026-07-24 09:54:06,110086,精工转债,jgzz,125.416,-0.63,600496,精工钢构,jggg,3.18,-3.64,0.67,4.57,69.58,0,80.24,205.66,620401,建筑装饰,shmb,C,2022-05-23,[],0,0,buy,AA,,3.199,5.941,31.6,buy,2028-04-22,1.748,19.999,4071.15,7827.06,1.62,-5.46,,0,14:58:49,00,Y,N,0,0,Y,,2022-10-28 开始转股,计算使用1.8年期 评级为AA 债参考YTM：1.6707,N,20.0,全价：125.416 最后更新：14:58:49,,,,1,{'M': ''},0,0,N,,,buy,buy
2026-07-24 09:54:06,113680,丽岛转债,ldzz,132.122,-1.42,603937,丽岛新材,ldxc,9.44,-3.77,1.25,12.91,73.12,0,80.69,212.81,240301,有色金属,shmb,C,2023-12-05,[],0,0,buy,A+,,9.037,16.783,15.2,buy,2029-11-15,3.315,2.998,2893.21,4454.84,7.28,-2.85,,0,14:59:09,00,Y,N,0,0,Y,,2024-05-21 开始转股,计算使用3.4年期 评级为A+ 债参考YTM：4.6913,N,3.0,全价：132.122 最后更新：14:59:09,,,,0,[],0,0,N,,,buy,buy
2026-07-24 09:54:06,127059,永东转2,ydz2,129.554,-0.79,002753,永东股份,ydgf,5.8,-0.51,0.93,8.11,71.52,0,81.15,210.7,220603,基础化工,szmb,C,2022-05-16,[],0,0,buy,AA-,,5.677,10.543,22.1,buy,2028-04-08,1.71,3.79,2070.83,1777.79,4.21,-5.85,,0,15:33:54,00,Y,N,0,0,Y,,2022-10-14 开始转股,计算使用1.8年期 评级为AA- 债参考YTM：1.9870,N,3.8,全价：129.554 最后更新：15:33:54,,,,1,[],0,0,N,,,buy,buy
2026-07-24 09:54:06,118059,颀中转债,qzzz,188.999,1.27,688352,颀中科技,qzkj,14.28,-0.63,2.91,13.7,104.23,0,81.32,270.32,270107,电子,shkc,C,2025-11-21,[],0,0,buy,AA+,,9.59,17.81,16.2,buy,2031-11-03,5.282,8.499,38332.36,33715.4,24.17,-9.48,,0,14:59:59,00,Y,N,0,0,Y,,2026-05-07 开始转股,计算使用5.3年期 评级为AA+ 债参考YTM：1.8781,N,8.5,全价：188.999 最后更新：14:59:59,,,,0,"{'G': '本次（2026年5月26日至2026年6月17日）不提前赎回，以2026年12月18日为首个交易日重新计算', 'M': ''}",0,0,N,,,buy,buy
2026-07-24 09:54:06,113694,清源转债,qyzz,125.424,-0.83,603628,清源股份,qygf,8.88,-2.31,1.82,12.85,69.11,0,81.5,206.92,630504,电力设备,shmb,C,2025-04-25,[],0,0,buy,A+,,8.995,16.705,20.7,buy,2031-04-08,4.71,4.999,1705.64,2462.91,2.71,-1.18,,0,14:58:54,00,Y,N,0,0,Y,,2025-10-14 开始转股,计算使用4.8年期 评级为A+ 债参考YTM：4.8468,N,5.0,全价：125.424 最后更新：14:58:54,,,,0,{'M': ''},0,0,N,,,buy,buy
2026-07-24 09:54:06,127102,浙建转债,zjzz,122.444,-1.38,002761,浙江建投,zjjt,6.86,-2.7,0.85,10.17,67.45,0,81.52,203.96,620101,建筑装饰,szmb,C,2024-01-16,[],0,0,buy,AA+,,7.119,13.221,13.4,buy,2029-12-25,3.425,9.951,4113.3,5548.38,3.37,-2.64,,0,15:34:48,00,Y,N,0,0,Y,,2024-07-01 开始转股,计算使用3.5年期 评级为AA+ 债参考YTM：1.7184,N,10.0,全价：122.444 最后更新：15:34:48,,,,0,{'M': ''},0,0,N,,,buy,buy
2026-07-24 09:54:06,123216,科顺转债,kszz,125.092,-1.42,300737,科顺股份,ksgf,4.55,-5.8,1.25,6.61,68.84,0,81.73,206.82,610304,建筑材料,szcy,C,2023-08-23,[],0,0,buy,AA-,,4.627,8.593,54.4,buy,2029-08-04,3.033,21.959,9051.16,13617.84,3.29,-1.59,,0,15:34:12,00,Y,N,2,1,Y,转股价下修2次，成功下修1次,2024-02-19 开始转股,计算使用3.1年期 评级为AA- 债参考YTM：2.2903,N,21.98,全价：125.092 最后更新：15:34:12,,,,0,{'M': ''},0,0,N,,,buy,buy
2026-07-24 09:54:06,127049,希望转2,xwz2,115.44,-0.65,000876,新希望,xxw,6.72,-3.72,1.39,10.59,63.46,0,81.92,197.36,110402,农林牧渔,szmb,C,2021-11-29,[],0,0,buy,AAA,,7.413,13.767,26.9,buy,2027-11-02,1.277,81.434,14155.89,21922.77,1.51,-4.73,,0,15:34:36,00,Y,N,1,1,Y,转股价下修1次，成功下修1次,2022-05-09 开始转股,计算使用1.3年期 评级为AAA 债参考YTM：1.5392,N,81.5,全价：115.440 最后更新：15:34:36,,,,1,{'M': ''},0,0,N,,,buy,buy
2026-07-24 09:54:06,113674,华设转债,hszz,130.454,-0.48,603018,华设集团,hsjt,4.98,-3.11,0.75,6.95,71.66,0,82.06,212.51,620601,建筑装饰,shmb,C,2023-08-15,[],0,0,buy,AA,,4.865,9.035,9.8,buy,2029-07-21,2.995,3.999,3534.99,4389.5,6.77,-4.1,,0,14:59:32,00,Y,N,0,0,Y,,2024-01-29 开始转股,计算使用3.0年期 评级为AA 债参考YTM：1.7579,N,4.0,全价：130.454 最后更新：14:59:32,,,,0,{'M': ''},0,0,N,,,buy,buy
2026-07-24 09:54:06,123259,锦浪转02,jlz02,160.591,0.19,300763,锦浪科技,jlkj,63.69,2.41,2.78,72.35,88.03,0,82.43,243.02,630503,电力设备,szcy,C,2025-11-06,[],0,0,buy,AA,,50.645,94.055,8.2,buy,2031-10-17,5.236,16.763,28096.93,144037.28,10.33,-6.36,,0,15:34:21,00,Y,N,1,1,Y,转股价下修1次，成功下修1次,2026-04-23 开始转股,计算使用5.3年期 评级为AA 债参考YTM：2.0334,N,16.766,全价：160.591 最后更新：15:34:21,,,,0,"{'G': '本次（2026年4月23日至2026年5月20日）不提前赎回，以2027年5月21日为首个交易日重新计算', 'M': ''}",0,0,N,,,buy,buy
2026-07-24 09:54:06,111020,合顺转债,hszz,133.121,-1.38,605166,聚合顺,jhs,7.68,-2.54,1.2,10.53,72.93,0,82.52,215.64,220406,基础化工,shmb,C,2024-08-15,[],0,0,buy,AA-,,7.371,13.689,14.0,buy,2030-07-22,3.997,3.38,3644.99,3297.39,8.08,-2.75,,0,14:59:24,00,Y,N,0,0,Y,,2025-01-27 开始转股,计算使用4.0年期 评级为AA- 债参考YTM：2.4010,N,3.38,全价：133.121 最后更新：14:59:24,,,,0,[],0,0,N,,,buy,buy
2026-07-24 09:54:06,113692,保隆转债,blzz,129.616,-0.75,603197,保隆科技,blkj,27.75,-2.36,1.82,39.16,70.86,0,82.91,212.53,280205,汽车,shmb,C,2024-11-27,[],0,0,buy,AA,,27.412,50.908,23.7,buy,2030-10-31,4.274,13.897,3021.99,6604.38,1.68,-3.12,,0,14:57:48,00,Y,N,0,0,Y,,2025-05-06 开始转股,计算使用4.3年期 评级为AA 债参考YTM：1.9252,N,13.9,全价：129.616 最后更新：14:57:48,,,,0,{'M': ''},0,0,N,,,buy,buy
2026-07-24 09:54:06,123189,晓鸣转债,xmzz,132.798,-1.08,300967,晓鸣股份,xmgf,13.75,-5.17,3.29,19.09,72.03,0,84.37,217.17,110703,农林牧渔,szcy,C,2023-04-25,[],0,0,buy,A,,13.363,24.817,19.1,buy,2029-04-06,2.704,3.286,3298.51,5384.72,7.54,-4.57,,0,15:34:00,00,Y,N,1,0,Y,转股价下修1次，成功下修0次,2023-10-12 开始转股,计算使用2.8年期 评级为A 债参考YTM：6.9143,Y,3.29,全价：132.798 最后更新：15:34:00,,,"按下调到底估算
股东大会：2026-07-30
预估转股价：15.19
预估转股价值：90.52
期权价值：27.88
理论价值：126.16
理论偏离度：5.00%",0,{'M': ''},0,0,N,,,buy,buy
2026-07-24 09:54:06,118034,晶能转债,jnzz,117.67,-1.27,688223,晶科能源,jkny,4.05,-5.59,1.61,6.35,63.78,0,84.49,202.16,630502,电力设备,shkc,C,2023-05-19,[],0,0,buy,AA+,,4.445,7.62,20.0,buy,2029-04-20,2.743,83.22,9390.5,40562.52,0.95,-2.04,,0,14:59:42,00,Y,N,1,1,Y,转股价下修1次，成功下修1次,2023-10-26 开始转股,计算使用2.8年期 评级为AA+ 债参考YTM：1.6778,N,100.0,全价：117.670 最后更新：14:59:42,,,,0,{'M': ''},0,0,N,120%,,buy,buy
2026-07-24 09:54:06,118037,上声转债,sszz,128.518,-0.48,688533,上声电子,ssdz,19.91,-2.45,1.81,28.64,69.52,0,84.87,213.39,280206,汽车,shkc,C,2023-08-01,[],0,0,buy,A+,,20.048,37.232,14.2,buy,2029-07-06,2.953,4.679,1253.31,1031.49,2.08,-3.87,,0,14:59:18,00,Y,N,2,1,Y,转股价下修2次，成功下修1次,2024-01-12 开始转股,计算使用3.0年期 评级为A+ 债参考YTM：4.6179,N,5.2,全价：128.518 最后更新：14:59:18,,,,0,{'M': ''},0,0,N,,,buy,buy
2026-07-24 09:54:06,127083,山路转债,slzz,122.835,-0.78,000498,山东路桥,sdlq,4.93,-1.6,0.29,7.42,66.44,0,84.88,207.72,620306,建筑装饰,szmb,C,2023-04-26,[],0,0,buy,AAA,,5.194,9.646,67.7,buy,2029-03-24,2.669,48.359,4406.43,3787.17,0.74,-3.69,,0,15:34:48,00,Y,N,0,0,Y,,2023-10-09 开始转股,计算使用2.7年期 评级为AAA 债参考YTM：1.6202,N,48.36,全价：122.835 最后更新：15:34:48,,,,0,{'M': ''},0,0,N,,,buy,buy
2026-07-24 09:54:06,113705,豪26转债,h26zz,144.949,-0.76,603809,豪能股份,hngf,8.36,-2.56,2.04,10.74,77.84,151,86.21,231.16,280203,汽车,shmb,C,2026-07-10,[],0,0,buy,AA-,,6.444,13.962,23.4,buy,2032-06-14,5.896,18.0,11403.46,7141.42,4.35,-4.08,,0,14:59:57,00,Y,N,0,0,Y,,未到转股期；2026-12-22 开始转股,计算使用5.9年期 评级为AA- 债参考YTM：3.3448,N,18.0,全价：144.949 最后更新：14:59:57,,,,0,{'M': ''},0,0,N,,,buy,buy
2026-07-24 09:54:06,127111,金威转债,jwzz,128.4,-0.76,002626,金达威,jdw,13.22,-3.36,1.8,19.19,68.89,0,86.38,214.78,340407,食品饮料,szmb,C,2025-09-08,[],0,0,buy,AA,,13.433,24.947,16.0,buy,2031-08-20,5.077,12.924,2728.72,4170.67,1.65,-2.43,,0,15:34:18,00,Y,N,0,0,Y,,2026-02-26 开始转股,计算使用5.1年期 评级为AA 债参考YTM：1.9985,N,12.924,全价：128.400 最后更新：15:34:18,,,,0,{'M': ''},0,0,N,,,buy,buy
2026-07-24 09:54:06,123214,东宝转债,dbzz,127.388,-1.06,300239,东宝生物,dbsw,4.52,-2.8,1.54,6.62,68.28,0,86.57,213.96,370304,医药生物,szcy,C,2023-08-18,[],0,0,buy,A+,,4.634,8.606,17.1,buy,2029-07-31,3.022,4.549,965.16,3322.4,1.66,-2.7,,0,15:34:06,00,Y,N,0,0,Y,,2024-02-05 开始转股,计算使用3.1年期 评级为A+ 债参考YTM：4.6413,N,4.55,全价：127.388 最后更新：15:34:06,,,,0,[],0,0,N,,,buy,buy
2026-07-24 09:54:06,113682,益丰转债,yfzz,129.603,-0.56,603939,益丰药房,yfyf,21.78,-1.0,2.18,31.44,69.28,0,87.09,216.69,370403,医药生物,shmb,C,2024-03-27,[],0,0,buy,AA,,22.008,40.872,6.8,buy,2030-03-04,3.614,17.968,6047.96,14014.48,2.59,-3.48,,0,14:59:20,00,Y,N,0,0,Y,,2024-09-09 开始转股,计算使用3.7年期 评级为AA 债参考YTM：1.8468,N,17.97,全价：129.603 最后更新：14:59:20,,,,0,{'M': ''},0,0,N,,,buy,buy
2026-07-24 09:54:06,113616,韦尔转债,wezz,114.189,-0.39,603501,豪威集团,hwjt,96.9,0.25,3.68,159.02,60.94,0,87.39,201.58,270104,电子,shmb,C,2021-01-22,[],0,0,buy,AA+,,111.314,206.726,2.1,buy,2026-12-28,0.43,24.324,5798.82,203745.34,2.08,-8.53,,0,14:59:25,00,Y,N,0,0,Y,,2021-07-05 开始转股,计算使用0.5年期 评级为AA+ 债参考YTM：1.5193,N,24.4,全价：114.189 最后更新：14:59:25,,,,0,{'M': ''},0,0,N,,,buy,buy
2026-07-24 09:54:06,110100,龙建转债,ljzz,126.26,-0.73,600853,龙建股份,ljgf,3.06,-3.16,0.75,4.59,66.67,4,89.39,215.65,620306,建筑装饰,shmb,C,2026-02-12,[],0,0,buy,AA,,3.213,5.967,32.2,buy,2032-01-22,5.501,10.0,3853.72,2426.3,3.04,-1.94,,0,14:59:38,00,Y,N,0,0,Y,,未到转股期；2026-07-28 开始转股,计算使用5.6年期 评级为AA 债参考YTM：2.1034,N,10.0,全价：126.260 最后更新：14:59:38,,,,0,[],0,0,N,,,buy,buy
2026-07-24 09:54:06,123155,中陆转债,zlzz,128.82,-1.81,301040,中环海陆,zhhl,21.54,-5.77,2.78,31.76,67.82,0,89.94,218.76,630602,电力设备,szcy,C,2022-08-31,[],0,0,buy,A+,,22.232,41.288,17.7,buy,2028-08-12,2.055,3.6,3321.53,5242.95,7.13,-3.76,,0,15:34:51,00,Y,N,0,0,Y,,2023-02-20 开始转股,计算使用2.1年期 评级为A+ 债参考YTM：4.3817,N,3.6,全价：128.820 最后更新：15:34:51,,,,0,{'M': ''},0,0,N,,,buy,buy
2026-07-24 09:54:06,113696,伯25转债,b25zz,131.28,-0.69,603596,伯特利,btl,24.2,-0.58,2.63,35.16,68.83,0,90.74,222.02,280203,汽车,shmb,C,2025-07-28,[],0,0,buy,AA,,24.612,45.708,12.9,buy,2031-07-01,4.94,28.017,9002.3,44557.39,2.44,-2.96,,0,14:59:57,00,Y,N,0,0,Y,,2026-01-07 开始转股,计算使用5.0年期 评级为AA 债参考YTM：1.9867,N,28.02,全价：131.280 最后更新：14:59:57,,,,0,{'M': ''},0,0,N,,,buy,buy
2026-07-24 09:54:06,123223,九典转02,jdz02,133.189,-1.46,300705,九典制药,jdzy,10.15,-4.87,1.89,14.55,69.76,0,90.93,224.12,370102,医药生物,szcy,C,2023-10-13,[],0,0,buy,A+,,10.185,18.915,5.5,buy,2029-09-15,3.148,2.053,1554.17,7716.3,5.66,-3.86,,0,15:34:12,00,Y,N,0,0,Y,,2024-03-21 开始转股,计算使用3.2年期 评级为A+ 债参考YTM：4.6609,N,3.6,全价：133.189 最后更新：15:34:12,,,,0,[],0,0,N,,,buy,buy
2026-07-24 09:54:06,113698,凯众转债,kzzz,136.672,-0.4,603037,凯众股份,kzgf,8.97,-1.43,2.33,12.55,71.47,0,91.22,227.89,280203,汽车,shmb,C,2025-09-10,[],0,0,buy,AA-,,8.785,16.315,12.9,buy,2031-08-15,5.063,3.079,2003.16,2905.06,4.77,-3.62,,0,14:59:30,00,Y,N,0,0,Y,,2026-02-24 开始转股,计算使用5.1年期 评级为AA- 债参考YTM：2.5473,N,3.08,全价：136.672 最后更新：14:59:30,,,,0,[],0,0,N,,,buy,buy
2026-07-24 09:54:06,123253,永贵转债,ygzz,135.27,-1.52,300351,永贵电器,ygdq,12.85,-5.58,2.02,18.19,70.64,0,91.48,226.75,640501,机械设备,szcy,C,2025-03-28,[],0,0,buy,AA-,,12.733,23.647,28.9,buy,2031-03-13,4.638,9.798,4043.77,19615.11,3.05,-3.02,,0,15:34:15,00,Y,N,0,0,Y,,2025-09-19 开始转股,计算使用4.7年期 评级为AA- 债参考YTM：2.4831,N,9.8,全价：135.270 最后更新：15:34:15,,,,0,{'M': ''},0,0,N,,,buy,buy
2026-07-24 09:54:06,123252,银邦转债,ybzz,135.912,-1.32,300337,银邦股份,ybgf,8.84,-3.18,4.05,12.5,70.72,0,92.18,228.09,240301,有色金属,szcy,C,2025-01-24,[],0,0,buy,AA-,,8.75,16.25,12.5,buy,2031-01-06,4.458,7.846,2133.67,12750.28,1.99,-3.25,,0,15:34:15,00,Y,N,0,0,Y,,2025-07-14 开始转股,计算使用4.5年期 评级为AA- 债参考YTM：2.4610,N,7.85,全价：135.912 最后更新：15:34:15,,,,0,{'M': ''},0,0,N,,,buy,buy
2026-07-24 09:54:06,118036,力合转债,lhzz,132.275,-0.55,688589,力合微,lhw,16.4,-2.61,2.29,23.83,68.82,0,92.2,224.48,270104,电子,shkc,C,2023-07-20,[],0,0,buy,AA-,,16.681,30.979,15.9,buy,2029-06-28,2.932,3.8,2433.18,4363.2,4.83,-3.74,,0,14:59:59,00,Y,N,1,1,Y,转股价下修1次，成功下修1次,2024-01-04 开始转股,计算使用3.0年期 评级为AA- 债参考YTM：2.2679,N,3.8,全价：132.275 最后更新：14:59:59,,,,0,{'M': ''},0,0,N,,,buy,buy
2026-07-24 09:54:06,123272,中汽转债,zqzz,160.72,-3.3,301215,中汽股份,zqgf,5.0,-2.34,2.23,5.99,83.47,146,92.54,253.26,280303,汽车,szcy,C,2026-06-30,[],0,0,buy,AA+,,4.193,7.787,15.7,buy,2032-06-10,5.885,10.39,19856.83,4162.62,11.81,-5.96,,0,15:34:27,00,Y,N,0,0,Y,,未到转股期；2026-12-17 开始转股,计算使用5.9年期 评级为AA+ 债参考YTM：1.9485,N,10.39,全价：160.720 最后更新：15:34:27,,,,0,{'M': ''},0,0,N,,,buy,buy
2026-07-24 09:54:06,110095,双良转债,slzz,119.247,-1.59,600481,双良节能,sljn,3.82,-3.05,1.78,6.18,61.81,0,92.92,212.17,630501,电力设备,shmb,C,2023-09-08,[],0,0,buy,AA-,,4.326,8.034,17.8,buy,2029-08-08,3.044,14.006,3879.61,14428.5,2.31,-1.42,,0,14:59:59,00,Y,N,2,2,Y,转股价下修2次，成功下修2次,2024-02-19 开始转股,计算使用3.1年期 评级为AA- 债参考YTM：2.2903,N,26.0,全价：119.247 最后更新：14:59:59,,,,0,{'M': ''},0,0,N,,,buy,buy
2026-07-24 09:54:06,127038,国微转债,gwzz,129.36,-3.99,002049,紫光国微,zggw,64.5,-1.07,3.89,97.01,66.49,0,94.56,223.92,270104,电子,szmb,C,2021-07-14,[],0,0,buy,AA+,,67.907,126.113,2.7,buy,2027-06-10,0.88,14.915,17881.09,145914.22,9.2,-17.07,,0,15:34:30,00,Y,N,0,0,Y,,2021-12-17 开始转股,计算使用0.9年期 评级为AA+ 债参考YTM：1.5500,N,15.0,全价：129.360 最后更新：15:34:30,,,,1,{'M': ''},0,0,N,,,buy,buy
2026-07-24 09:54:06,113665,汇通转债,htzz,123.119,-0.76,603176,汇通集团,htjt,3.96,-2.46,1.67,6.28,63.06,0,95.25,218.37,620306,建筑装饰,shmb,C,2023-01-11,[],0,0,buy,A+,,4.396,8.164,19.7,buy,2028-12-15,2.397,3.596,2651.19,1667.53,5.98,-1.61,,0,14:59:38,00,Y,N,1,1,Y,转股价下修1次，成功下修1次,2023-06-21 开始转股,计算使用2.4年期 评级为A+ 债参考YTM：4.4529,N,3.6,全价：123.119 最后更新：14:59:38,,,,0,[],0,0,N,,,buy,buy
2026-07-24 09:54:06,111003,聚合转债,jhzz,132.8,-1.15,605166,聚合顺,jhs,7.68,-2.54,1.2,11.31,67.91,0,95.57,228.37,220406,基础化工,shmb,C,2022-04-19,[],0,0,buy,AA-,,7.917,14.703,8.4,buy,2028-03-07,1.622,2.035,2013.06,3297.39,7.43,-7.37,,0,14:59:43,00,Y,N,1,1,Y,转股价下修1次，成功下修1次,2022-09-13 开始转股,计算使用1.7年期 评级为AA- 债参考YTM：1.9682,N,2.04,全价：132.800 最后更新：14:59:43,,,,1,[],0,0,N,,,buy,buy
2026-07-24 09:54:06,113706,金帝转债,jdzz,144.236,-0.97,603270,金帝股份,jdgf,22.44,-4.63,2.14,30.62,73.29,151,96.81,241.05,640108,机械设备,shmb,C,2026-07-10,[],0,0,buy,AA,,21.434,39.806,61.1,buy,2032-06-14,5.896,9.7,8762.75,6384.32,6.26,-3.29,,0,14:59:57,00,Y,N,0,0,Y,,未到转股期；2026-12-22 开始转股,计算使用5.9年期 评级为AA 债参考YTM：2.1777,N,9.7,全价：144.236 最后更新：14:59:57,,,,0,{'M': ''},0,0,N,,,buy,buy
2026-07-24 09:54:06,123224,宇邦转债,ybzz,131.1,-1.28,301266,宇邦新材,ybxc,18.67,-3.76,1.43,28.17,66.28,0,97.81,228.91,630504,电力设备,szcy,C,2023-10-18,[],0,0,buy,A+,,19.719,36.621,11.2,buy,2029-09-19,3.159,2.848,982.32,4939.88,2.62,-2.9,,0,15:34:09,00,Y,N,1,1,Y,转股价下修1次，成功下修1次,2024-03-25 开始转股,计算使用3.2年期 评级为A+ 债参考YTM：4.6609,N,5.0,全价：131.100 最后更新：15:34:09,,,,0,{'M': ''},0,0,N,,,buy,buy
2026-07-24 09:54:06,118071,华峰转债,hfzz,216.583,0.83,688200,华峰测控,hfck,368.0,2.29,17.62,336.12,109.49,158,97.82,314.4,270108,电子,shkc,C,2026-07-17,[],0,0,buy,AA,,235.284,436.956,1.0,buy,2032-06-22,5.918,7.49,181197.12,215152.26,111.04,-10.43,,0,15:00:00,00,Y,N,0,0,Y,,未到转股期；2026-12-29 开始转股,计算使用6.0年期 评级为AA 债参考YTM：2.2000,N,7.49,全价：216.583 最后更新：15:00:00,,,,0,{'M': ''},0,0,N,,,buy,buy
2026-07-24 09:54:06,113627,太平转债,tpzz,117.133,-0.42,603877,太平鸟,tpn,12.17,-1.7,1.24,20.58,59.14,0,98.08,215.21,350209,纺织服饰,shmb,C,2021-08-06,[],0,0,buy,AA,,14.406,26.754,14.0,buy,2027-07-15,0.975,7.997,3471.1,1002.36,3.71,-6.26,,0,14:59:10,00,Y,N,1,1,Y,转股价下修1次，成功下修1次,2022-01-21 开始转股,计算使用1.0年期 评级为AA 债参考YTM：1.5921,N,8.0,全价：117.133 最后更新：14:59:10,,,,1,{'M': ''},0,0,N,,,buy,buy
2026-07-24 09:54:06,118061,茂莱转债,mlzz,194.907,1.39,688502,茂莱光学,mlgx,358.0,-2.18,15.03,364.15,98.31,0,98.26,293.17,270303,电子,shkc,C,2025-12-10,[],0,0,buy,A+,,254.905,473.395,3.0,buy,2031-11-21,5.332,5.622,49731.26,43608.0,45.79,-9.13,,0,14:59:58,00,Y,N,0,0,Y,,2026-05-27 开始转股,计算使用5.4年期 评级为A+ 债参考YTM：5.1555,N,5.625,全价：194.907 最后更新：14:59:58,,,,0,"{'G': '本次（2026年5月28日至2026年7月3日）不提前赎回，以2026年10月4日首个交易日重新计算', 'M': ''}",0,0,N,,,buy,buy
2026-07-24 09:54:06,113647,禾丰转债,hfzz,121.147,-0.17,603609,禾丰股份,hfgf,6.16,-1.75,0.84,10.09,61.05,0,98.44,219.59,110402,农林牧渔,shmb,C,2022-05-18,[],0,0,buy,AA,,7.063,13.117,26.3,buy,2028-04-22,1.748,14.669,3676.53,1347.41,2.07,-3.55,,0,14:58:42,00,Y,N,0,0,Y,,2022-10-28 开始转股,计算使用1.8年期 评级为AA 债参考YTM：1.6707,N,15.0,全价：121.147 最后更新：14:58:42,,,,0,{'M': ''},0,0,N,,,buy,buy
2026-07-24 09:54:06,111018,华康转债,hkzz,125.34,-0.39,605077,华康股份,hkgf,10.04,-3.0,0.93,15.96,62.91,0,99.25,224.59,220315,基础化工,shmb,C,2024-01-15,[],0,0,buy,AA-,,11.172,20.748,43.3,buy,2029-12-25,3.425,13.022,2726.25,3426.11,1.67,-1.46,,0,14:59:29,00,Y,N,0,0,Y,,2024-07-01 开始转股,计算使用3.5年期 评级为AA- 债参考YTM：2.3484,N,13.03,全价：125.340 最后更新：14:59:29,,,,0,[],0,0,N,,,buy,buy
2026-07-24 09:54:06,123122,富瀚转债,fhzz,127.646,0.4,300613,富瀚微,fhw,58.38,3.79,4.52,91.5,63.8,0,100.06,227.71,270104,电子,szcy,C,2021-08-24,[],0,0,buy,A+,,64.05,118.95,4.5,buy,2027-08-06,1.036,5.801,7089.21,99031.91,9.57,-8.21,,0,15:34:48,00,Y,N,0,0,Y,,2022-02-14 开始转股,计算使用1.1年期 评级为A+ 债参考YTM：4.2015,N,5.812,全价：127.646 最后更新：15:34:48,,,,0,{'M': ''},0,0,N,,,buy,buy
2026-07-24 09:54:06,123268,本川转债,bczz,182.9,0.51,300964,本川智能,bczn,49.3,-3.5,5.16,54.13,91.08,91,100.82,283.72,270202,电子,szcy,C,2026-05-07,[],0,0,buy,AA-,,37.891,70.369,11.0,buy,2032-04-16,5.734,4.69,22131.96,15208.32,25.96,-7.34,,0,15:34:30,00,Y,N,0,0,Y,,未到转股期；2026-10-23 开始转股,计算使用5.8年期 评级为AA- 债参考YTM：3.2620,N,4.69,全价：182.900 最后更新：15:34:30,,,,0,{'M': ''},0,0,N,,,buy,buy
2026-07-24 09:54:06,123165,回天转债,htzz,132.639,-1.09,300041,回天新材,htxc,9.94,-3.4,1.76,15.05,66.05,0,100.83,233.47,220316,基础化工,szcy,C,2022-11-15,[],0,0,buy,AA-,,10.535,19.565,15.7,buy,2028-10-27,2.263,8.497,3704.83,18414.85,3.28,-4.95,,0,15:34:03,00,Y,N,0,0,Y,,2023-05-04 开始转股,计算使用2.3年期 评级为AA- 债参考YTM：2.0856,N,8.5,全价：132.639 最后更新：15:34:03,,,,0,{'M': ''},0,0,N,,,buy,buy
2026-07-24 09:54:06,123269,金杨转债,jyzz,148.445,-1.09,301210,金杨精密,jygf,20.86,-3.6,1.78,28.24,73.87,94,100.96,249.41,630701,电力设备,szcy,C,2026-05-11,[],0,0,buy,AA-,,19.768,36.712,77.2,buy,2032-04-19,5.743,9.8,3845.42,7360.64,2.64,-4.59,,0,15:34:30,00,Y,N,0,0,Y,,未到转股期；2026-10-26 开始转股,计算使用5.8年期 评级为AA- 债参考YTM：3.2620,N,9.8,全价：148.445 最后更新：15:34:30,,,,0,{'M': ''},0,0,N,,,buy,buy
2026-07-24 09:54:06,123220,易瑞转债,yrzz,129.9,-1.36,300942,易瑞生物,yrsw,5.72,-2.72,2.59,8.85,64.63,0,100.98,230.88,370504,医药生物,szcy,C,2023-09-06,[],0,0,buy,A+,,6.195,11.505,12.5,buy,2029-08-18,3.071,2.907,1600.61,3585.04,4.22,-2.89,,0,15:34:15,00,Y,N,1,1,Y,转股价下修1次，成功下修1次,2024-02-26 开始转股,计算使用3.1年期 评级为A+ 债参考YTM：4.6413,N,3.28,全价：129.900 最后更新：15:34:15,,,,0,{'M': ''},0,0,N,,,buy,buy
2026-07-24 09:54:06,118070,南芯转债,nxzz,164.245,2.76,688484,南芯科技,nxkj,35.7,7.01,3.66,43.84,81.43,154,101.69,265.94,270105,电子,shkc,C,2026-07-10,[],0,0,buy,AA+,,30.688,56.992,10.4,buy,2032-06-17,5.904,15.869,107412.65,57359.27,40.87,-6.29,,0,14:59:59,00,Y,N,0,0,Y,,未到转股期；2026-12-25 开始转股,计算使用6.0年期 评级为AA+ 债参考YTM：1.9600,N,15.869,全价：164.245 最后更新：14:59:59,,,,0,{'M': ''},0,0,N,,,buy,buy
2026-07-24 09:54:06,123215,铭利转债,mlzz,125.117,-0.43,301268,铭利达,mld,11.9,-2.62,3.02,19.19,62.01,0,101.76,226.88,640108,机械设备,szcy,C,2023-08-23,[],0,0,buy,A+,,13.433,24.947,19.8,buy,2029-08-03,3.03,8.555,2772.64,3673.54,2.59,-0.71,,0,15:34:09,00,Y,N,1,1,Y,转股价下修1次，成功下修1次,2024-02-19 开始转股,计算使用3.1年期 评级为A+ 债参考YTM：4.6413,N,10.0,全价：125.117 最后更新：15:34:09,,,,0,{'M': ''},0,0,N,,,buy,buy
2026-07-24 09:54:06,123142,申昊转债,shzz,126.144,-0.67,300853,申昊科技,shkj,21.0,-3.0,4.85,33.71,62.3,0,102.49,228.63,630803,电力设备,szcy,C,2022-04-11,[],0,0,buy,BBB+,,23.597,43.823,26.6,buy,2028-03-18,1.652,5.494,2884.25,7598.38,4.15,-6.84,,0,15:34:45,00,Y,N,0,0,Y,,2022-09-26 开始转股,计算使用1.7年期 评级为BBB+ 债参考YTM：12.1259,N,5.5,全价：126.144 最后更新：15:34:45,,,,1,[],0,0,N,,,buy,buy
2026-07-24 09:54:06,118063,金05转债,j05zz,156.829,-2.42,688676,金盘科技,jpkj,68.21,-2.78,5.85,88.6,76.99,0,103.71,260.54,630801,电力设备,shkc,C,2026-01-14,[],0,0,buy,AA+,,62.02,115.18,5.3,buy,2031-12-25,5.425,16.708,14660.88,99838.85,5.57,-6.16,,0,14:59:58,00,Y,N,0,0,Y,,2026-07-01 开始转股,计算使用5.5年期 评级为AA+ 债参考YTM：1.9012,N,16.71,全价：156.829 最后更新：14:59:58,,,,0,{'M': ''},0,0,N,,,buy,buy
2026-07-24 09:54:06,113655,欧22转债,o22zz,123.302,-0.05,603833,欧派家居,opjj,30.99,-2.24,1.0,51.54,60.13,0,105.07,228.37,360308,轻工制造,shmb,C,2022-09-01,[],0,0,buy,AA,,36.078,67.002,10.6,buy,2028-08-05,2.036,19.999,4870.78,9750.79,1.98,-3.31,,0,14:58:40,00,Y,N,1,1,Y,转股价下修1次，成功下修1次,2023-02-13 开始转股,计算使用2.1年期 评级为AA 债参考YTM：1.7024,N,20.0,全价：123.302 最后更新：14:58:40,,,,0,{'M': ''},0,0,N,,,buy,buy
2026-07-24 09:54:06,111024,澳弘转债,ahzz,145.317,-1.06,605058,澳弘电子,ahdz,23.33,-1.64,1.81,33.54,69.56,0,108.91,254.23,270202,电子,shmb,C,2026-01-16,[],0,0,buy,AA-,,23.478,43.602,17.4,buy,2031-12-11,5.386,5.799,1948.19,3747.42,2.31,-4.19,,0,14:58:42,00,Y,N,0,0,Y,,2026-06-17 开始转股,计算使用5.4年期 评级为AA- 债参考YTM：2.8069,N,5.8,全价：145.317 最后更新：14:58:42,,,,0,[],0,0,N,,,buy,buy
2026-07-24 09:54:06,118024,冠宇转债,gyzz,126.931,-0.26,688772,珠海冠宇,zhgy,13.63,-4.15,2.04,22.51,60.55,0,109.63,236.56,630701,电力设备,shkc,C,2022-11-17,[],0,0,buy,AA,,15.757,27.012,19.9,buy,2028-10-24,2.255,30.889,7984.21,22768.5,2.04,-4.25,,0,14:59:05,00,Y,N,0,0,Y,,2023-04-28 开始转股,计算使用2.3年期 评级为AA 债参考YTM：1.7178,N,30.89,全价：126.931 最后更新：14:59:05,,,,0,{'M': ''},0,0,N,120%,,buy,buy
2026-07-24 09:54:06,118065,艾为转债,awzz,144.111,-0.35,688798,艾为电子,awdz,54.4,-4.48,2.94,79.4,68.51,4,110.34,254.45,270105,电子,shkc,C,2026-02-26,[],0,0,buy,AA+,,55.58,103.22,25.7,buy,2032-01-22,5.501,19.01,5884.48,19116.22,2.14,-4.47,,0,14:59:57,00,Y,N,0,0,Y,,未到转股期；2026-07-28 开始转股,计算使用5.6年期 评级为AA+ 债参考YTM：1.9130,N,19.01,全价：144.111 最后更新：14:59:57,,,,0,{'M': ''},0,0,N,,,buy,buy
2026-07-24 09:54:06,127068,顺博转债,sbzz,125.595,-0.98,002996,顺博合金,sbhj,5.92,-4.36,1.15,10.0,59.2,0,112.15,237.75,240301,有色金属,szmb,C,2022-09-07,[],0,0,buy,AA-,,7.0,13.0,30.6,buy,2028-08-12,2.055,8.3,2093.27,5665.1,2.01,-5.72,,0,15:34:00,00,Y,N,2,2,Y,转股价下修2次，成功下修2次,2023-02-20 开始转股,计算使用2.1年期 评级为AA- 债参考YTM：2.0415,N,8.3,全价：125.595 最后更新：15:34:00,,,,0,[],0,0,N,,,buy,buy
2026-07-24 09:54:06,123265,耐普转02,npz02,142.5,1.38,300818,耐普矿机,npkj,19.8,2.33,2.29,29.5,67.12,0,112.31,254.81,640103,机械设备,szcy,C,2026-01-30,[],0,0,buy,A+,,20.65,38.35,16.0,buy,2032-01-16,5.485,4.499,15683.83,15470.92,24.51,-3.3,,0,15:34:30,00,Y,N,0,0,Y,,2026-07-22 开始转股,计算使用5.5年期 评级为A+ 债参考YTM：5.2729,N,4.5,全价：142.500 最后更新：15:34:30,,,,0,[],0,0,N,,,buy,buy
2026-07-24 09:54:06,113648,巨星转债,jxzz,124.425,-1.21,603477,巨星农牧,jxnm,14.52,-3.39,2.76,24.84,58.45,0,112.86,237.29,110702,农林牧渔,shmb,C,2022-05-17,[],0,0,buy,AA-,,17.388,32.292,12.1,buy,2028-04-25,1.756,8.997,2924.73,13798.26,2.6,-5.77,,0,14:59:49,00,Y,N,0,0,Y,,2022-10-31 开始转股,计算使用1.8年期 评级为AA- 债参考YTM：1.9870,N,10.0,全价：124.425 最后更新：14:59:49,,,,0,{'M': ''},0,0,N,,,buy,buy
2026-07-24 09:54:06,113634,珀莱转债,plzz,127.07,-0.95,603605,珀莱雅,bly,56.25,-3.48,3.48,94.27,59.67,0,112.96,240.03,770202,美容护理,shmb,C,2022-01-04,[],0,0,buy,AA,,65.989,122.551,3.4,buy,2027-12-08,1.375,7.507,2682.13,18481.44,2.8,-6.02,,0,14:56:52,00,Y,N,0,0,Y,,2022-06-14 开始转股,计算使用1.4年期 评级为AA 债参考YTM：1.6230,N,7.517,全价：127.070 最后更新：14:56:52,,,,1,{'M': ''},0,0,N,,,buy,buy
2026-07-24 09:54:06,123192,科思转债,kszz,126.905,-1.01,300856,科思股份,ksgf,10.27,-4.2,1.73,17.32,59.3,0,114.02,240.93,770201,美容护理,szcy,C,2023-05-11,[],0,0,buy,AA-,,12.124,22.516,15.2,buy,2029-04-13,2.723,7.187,2359.83,2812.63,2.59,-2.53,,0,15:34:03,00,Y,N,0,0,Y,,2023-10-19 开始转股,计算使用2.8年期 评级为AA- 债参考YTM：2.2166,N,7.249,全价：126.905 最后更新：15:34:03,,,,0,{'M': ''},0,0,N,,,buy,buy
2026-07-24 09:54:06,113702,斯达转债,sdzz,171.331,0.86,603290,斯达半导,sdbd,83.78,-1.25,2.88,104.79,79.95,90,114.3,285.63,270102,电子,shmb,C,2026-05-11,[],0,0,buy,AA+,,73.353,136.227,7.5,buy,2032-04-15,5.732,15.0,35259.62,40815.8,13.74,-7.29,,0,14:59:59,00,Y,N,0,0,Y,,未到转股期；2026-10-22 开始转股,计算使用5.8年期 评级为AA+ 债参考YTM：1.9368,N,15.0,全价：171.331 最后更新：14:59:59,,,,0,{'M': ''},0,0,N,,,buy,buy
2026-07-24 09:54:06,118052,浩瀚转债,hhzz,131.887,-0.15,688292,浩瀚深度,hhsd,14.88,-2.75,2.34,24.2,61.49,0,114.49,246.38,710103,计算机,shkc,C,2025-04-07,[],0,0,buy,A+,,16.94,31.46,15.0,buy,2031-03-13,4.638,3.539,2128.24,3061.27,4.56,-2.1,,0,14:59:58,00,Y,N,0,0,Y,,2025-09-19 开始转股,计算使用4.7年期 评级为A+ 债参考YTM：4.8374,N,3.54,全价：131.887 最后更新：14:59:58,,,,0,{'M': ''},0,0,N,,,buy,buy
2026-07-24 09:54:06,113656,嘉诚转债,jczz,121.854,-0.65,603535,嘉诚国际,jcgj,5.79,-3.34,1.14,10.35,55.94,0,117.82,239.67,420805,交通运输,shmb,C,2022-10-12,[],0,0,buy,A+,,7.245,13.455,27.0,buy,2028-09-01,2.11,7.998,2300.5,2635.89,2.36,-1.34,,0,14:59:55,00,Y,N,0,0,Y,,2023-03-07 开始转股,计算使用2.2年期 评级为A+ 债参考YTM：4.4032,N,8.0,全价：121.854 最后更新：14:59:55,,,,0,[],0,0,N,,,buy,buy
2026-07-24 09:54:06,127085,韵达转债,ydzz,124.343,-0.4,002120,韵达股份,ydgf,6.58,-1.94,0.88,11.53,57.07,0,117.88,242.22,420804,交通运输,szmb,C,2023-05-23,[],0,0,buy,AA+,,8.071,14.989,13.2,buy,2029-04-11,2.718,24.499,2837.08,15384.53,0.93,-4.06,,0,15:34:06,00,Y,N,0,0,Y,,2023-10-17 开始转股,计算使用2.8年期 评级为AA+ 债参考YTM：1.6778,N,24.5,全价：124.343 最后更新：15:34:06,,,,0,{'M': ''},0,0,N,,,buy,buy
2026-07-24 09:54:06,111004,明新转债,mxzz,125.775,-0.25,605068,明新旭腾,mxxt,14.06,-0.99,1.35,24.37,57.69,0,118.0,243.78,280202,汽车,shmb,C,2022-04-25,[],0,0,buy,AA-,,17.059,31.681,29.4,buy,2028-03-30,1.685,6.715,2239.06,3355.1,2.65,-4.01,,0,14:59:48,00,Y,N,0,0,Y,,2022-10-10 开始转股,计算使用1.7年期 评级为AA- 债参考YTM：1.9682,N,6.73,全价：125.775 最后更新：14:59:48,,,,1,[],0,0,N,,,buy,buy
2026-07-24 09:54:06,118067,上26转债,s26zz,134.6,-1.75,688533,上声电子,ssdz,19.91,-2.45,1.81,32.25,61.74,62,118.02,252.62,280206,汽车,shkc,C,2026-04-14,[],0,0,buy,A+,,22.575,41.925,9.9,buy,2032-03-17,5.652,3.25,1820.09,1031.49,4.13,-2.35,,0,14:59:49,00,Y,N,0,0,Y,,未到转股期；2026-09-24 开始转股,计算使用5.7年期 评级为A+ 债参考YTM：5.5087,N,3.25,全价：134.600 最后更新：14:59:49,,,,0,{'M': ''},0,0,N,,,buy,buy
2026-07-24 09:54:06,123266,博士转债,bszz,139.163,-1.86,300622,博士眼镜,bsyj,13.65,-7.27,4.6,21.54,63.37,62,119.6,258.76,450401,商贸零售,szcy,C,2026-04-07,[],0,0,buy,AA,,15.078,28.002,12.4,buy,2032-03-17,5.652,3.75,4327.24,20909.08,8.25,-3.28,,0,15:34:33,00,Y,N,0,0,Y,,未到转股期；2026-09-24 开始转股,计算使用5.7年期 评级为AA 债参考YTM：2.1286,N,3.75,全价：139.163 最后更新：15:34:33,,,,0,[],0,0,N,,,buy,buy
2026-07-24 09:54:06,123168,惠云转债,hyzz,127.51,-0.3,300891,惠云钛业,hyty,6.22,1.3,1.95,10.74,57.91,0,120.17,247.68,220206,基础化工,szcy,C,2022-12-14,[],0,0,buy,AA-,,7.518,13.962,23.6,buy,2028-11-23,2.337,4.899,6750.94,11926.22,10.71,-3.08,,0,15:34:48,00,Y,N,0,0,Y,,2023-05-29 开始转股,计算使用2.4年期 评级为AA- 债参考YTM：2.1103,N,4.9,全价：127.510 最后更新：15:34:48,,,,0,{'M': ''},0,0,N,,,buy,buy
2026-07-24 09:54:06,123271,通合转债,thzz,158.333,0.13,300491,通合科技,thkj,23.86,0.68,3.51,33.18,71.91,137,120.18,278.51,630306,电力设备,szcy,C,2026-06-17,[],0,0,buy,AA,,23.226,43.134,13.9,buy,2032-06-01,5.86,5.219,10513.71,27696.59,12.68,-4.85,,0,15:34:33,00,Y,N,0,0,Y,,未到转股期；2026-12-08 开始转股,计算使用5.9年期 评级为AA 债参考YTM：2.1777,N,5.22,全价：158.333 最后更新：15:34:33,,,,0,[],0,0,N,,,buy,buy
2026-07-24 09:54:06,113666,爱玛转债,amzz,124.112,-0.38,603529,爱玛科技,amkj,20.86,-1.74,1.77,37.06,56.29,0,120.5,244.61,280401,汽车,shmb,C,2023-03-20,[],0,0,buy,AA,,25.942,48.178,11.3,buy,2029-02-23,2.589,19.994,2543.75,7340.01,1.02,-3.52,,0,14:58:31,00,Y,N,0,0,Y,,2023-09-01 开始转股,计算使用2.6年期 评级为AA 债参考YTM：1.7354,N,20.0,全价：124.112 最后更新：14:58:31,,,,0,{'M': ''},0,0,N,,,buy,buy
2026-07-24 09:54:06,123144,裕兴转债,yxzz,122.9,-1.02,300305,裕兴股份,yxgf,4.72,-1.67,0.88,8.5,55.53,0,121.32,244.22,220505,基础化工,szcy,C,2022-04-27,[],0,0,buy,A,,5.95,11.05,39.5,buy,2028-04-11,1.718,5.997,1882.52,3324.86,2.55,-2.86,,0,15:34:48,00,Y,N,1,1,Y,转股价下修1次，成功下修1次,2022-10-17 开始转股,计算使用1.8年期 评级为A 债参考YTM：6.6758,N,6.0,全价：122.900 最后更新：15:34:48,,,,1,[],0,0,N,,,buy,buy
2026-07-24 09:54:06,123263,鼎捷转债,djzz,138.886,-0.8,300378,鼎捷数智,djsz,26.41,-5.48,3.05,43.42,60.83,0,128.34,267.23,710402,计算机,szcy,C,2025-12-31,[],0,0,buy,AA,,,56.446,11.6,buy,2031-12-15,5.397,8.275,4337.18,21794.63,3.78,-3.71,,0,15:34:27,00,Y,N,0,0,Y,,2026-06-22 开始转股,计算使用5.4年期 评级为AA 债参考YTM：2.0551,N,8.28,全价：138.886 最后更新：15:34:27,,,,0,{'M': ''},0,0,N,,,buy,buy
2026-07-24 09:54:06,113671,武进转债,wjzz,127.889,-0.45,603878,武进不锈,wjbx,4.41,-3.5,0.95,7.88,55.96,0,128.52,256.41,230403,钢铁,shmb,C,2023-08-03,[],0,0,buy,AA,,5.516,10.244,12.5,buy,2029-07-10,2.964,3.093,2283.97,5278.26,5.76,-4.06,,0,14:59:59,00,Y,N,0,0,Y,,2024-01-15 开始转股,计算使用3.0年期 评级为AA 债参考YTM：1.7579,N,3.1,全价：127.889 最后更新：14:59:59,,,,0,[],0,0,N,,,buy,buy
2026-07-24 09:54:06,123260,卓镁转债,zmzz,141.002,-1.81,301398,星源卓镁,xyzm,32.04,-5.51,3.22,52.15,61.44,0,129.5,270.5,280202,汽车,szcy,C,2025-11-24,[],0,0,buy,A+,,36.505,67.795,12.9,buy,2031-11-07,5.293,4.499,4307.1,5384.89,6.74,-3.22,,0,15:34:21,00,Y,N,0,0,Y,,2026-05-13 开始转股,计算使用5.3年期 评级为A+ 债参考YTM：5.0485,N,4.5,全价：141.002 最后更新：15:34:21,,,,0,{'M': ''},0,0,N,,,buy,buy
2026-07-24 09:54:06,113703,翔26转债,x26zz,141.922,0.41,603112,华翔股份,hxgf,13.55,-2.38,1.62,21.94,61.76,143,129.8,271.72,330601,家用电器,shmb,C,2026-07-07,[],0,0,buy,AA-,,15.358,28.522,18.0,buy,2032-06-07,5.877,13.01,14922.4,4003.11,8.1,-3.45,,0,14:59:59,00,Y,N,0,0,Y,,未到转股期；2026-12-14 开始转股,计算使用5.9年期 评级为AA- 债参考YTM：3.3448,N,13.01,全价：141.922 最后更新：14:59:59,,,,0,[],0,0,N,,,buy,buy
2026-07-24 09:54:06,113679,芯能转债,xnzz,126.278,-1.5,603105,芯能科技,xnkj,6.87,-5.24,1.51,12.55,54.74,0,130.68,256.96,410106,公用事业,shmb,C,2023-11-24,[],0,0,buy,AA-,,8.785,16.315,25.6,buy,2029-10-26,3.26,8.799,2426.58,9524.31,2.17,-1.71,,0,14:58:42,00,Y,N,0,0,Y,,2024-05-06 开始转股,计算使用3.3年期 评级为AA- 债参考YTM：2.3243,N,8.8,全价：126.278 最后更新：14:58:42,,,,0,{'M': ''},0,0,N,,,buy,buy
2026-07-24 09:54:06,123229,艾录转债,alzz,128.3,-0.72,301062,上海艾录,shal,5.53,-3.83,1.76,9.95,55.58,0,130.85,259.15,360205,轻工制造,szcy,C,2023-11-20,[],0,0,buy,A,,6.965,12.935,11.7,buy,2029-10-23,3.252,1.779,956.17,4461.79,4.18,-2.01,,0,15:34:18,00,Y,N,0,0,Y,,2024-04-29 开始转股,计算使用3.3年期 评级为A 债参考YTM：7.0273,N,5.0,全价：128.300 最后更新：15:34:18,,,,0,{'M': ''},0,0,N,,,buy,buy
2026-07-24 09:54:06,118068,迪威转债,dwzz,136.428,-2.04,688377,迪威尔,dwe,19.09,-4.21,2.33,32.49,58.76,139,132.19,268.62,640203,机械设备,shkc,C,2026-06-30,[],0,0,buy,AA-,,22.743,42.237,20.4,buy,2032-06-03,5.866,9.08,57399.54,7246.26,44.49,-3.09,,0,15:00:00,00,Y,N,0,0,Y,,未到转股期；2026-12-10 开始转股,计算使用5.9年期 评级为AA- 债参考YTM：3.3448,N,9.08,全价：136.428 最后更新：15:00:00,,,,0,{'M': ''},0,0,N,,,buy,buy
2026-07-24 09:54:06,113701,祥和转债,xhzz,141.659,-0.38,603500,祥和实业,xhsy,8.08,-1.58,2.44,13.37,60.43,47,134.4,276.06,640501,机械设备,shmb,C,2026-03-26,[],0,0,buy,A+,,9.359,17.381,14.9,buy,2032-03-02,5.611,4.0,5933.45,4803.39,10.49,-3.12,,0,14:59:58,00,Y,N,0,0,Y,,未到转股期；2026-09-09 开始转股,计算使用5.7年期 评级为A+ 债参考YTM：5.5087,N,4.0,全价：141.659 最后更新：14:59:58,,,,0,[],0,0,N,,,buy,buy
2026-07-24 09:54:06,123113,仙乐转债,xlzz,115.922,-1.09,300791,仙乐健康,xljk,15.63,-4.46,1.63,31.66,49.37,0,134.81,250.73,340407,食品饮料,szcy,C,2021-05-14,[],0,0,buy,AA-,,22.162,41.158,25.5,buy,2027-04-19,0.737,10.248,2051.5,2289.23,1.72,-3.42,,0,15:34:45,00,Y,N,0,0,Y,,2021-10-25 开始转股,计算使用0.8年期 评级为AA- 债参考YTM：1.8284,N,10.249,全价：115.922 最后更新：15:34:45,,,,1,[],0,0,N,,,buy,buy
2026-07-24 09:54:06,123109,昌红转债,chzz,125.514,-0.91,300151,昌红科技,chkj,14.15,-1.6,4.55,26.64,53.12,0,136.3,261.81,640209,机械设备,szcy,C,2021-04-19,[],0,0,buy,AA-,,18.648,34.632,8.8,buy,2027-04-01,0.688,4.595,2852.92,19157.27,4.94,-12.23,,0,15:34:39,00,Y,N,0,0,Y,,2021-10-08 开始转股,计算使用0.7年期 评级为AA- 债参考YTM：1.8196,N,4.6,全价：125.514 最后更新：15:34:39,,,,1,{'M': ''},0,0,N,,,buy,buy
2026-07-24 09:54:06,123138,丝路转债,slzz,126.768,-0.54,300556,丝路视觉,slsj,14.02,-2.57,4.01,26.53,52.85,0,139.88,266.65,710401,计算机,szcy,C,2022-03-22,[],0,0,buy,A-,,18.571,34.489,15.7,buy,2028-03-02,1.608,2.393,568.09,6691.78,1.87,-4.68,,0,15:34:51,00,Y,N,0,0,Y,,2022-09-08 开始转股,计算使用1.7年期 评级为A- 债参考YTM：9.0057,N,2.4,全价：126.768 最后更新：15:34:51,,,,1,[],0,0,N,,,buy,buy
2026-07-24 09:54:06,123193,海能转债,hnzz,126.296,-0.42,300787,海能实业,hnsy,7.54,-2.33,1.39,14.5,52.0,0,142.88,269.18,270504,电子,szcy,C,2023-05-09,[],0,0,buy,AA-,,10.15,18.85,40.5,buy,2029-04-13,2.723,5.997,1929.04,2632.13,2.55,-2.35,,0,15:34:00,00,Y,N,0,0,Y,,2023-10-19 开始转股,计算使用2.8年期 评级为AA- 债参考YTM：2.2166,N,6.0,全价：126.296 最后更新：15:34:00,,,,0,[],0,0,N,,,buy,buy
2026-07-24 09:54:06,123275,肇民转债,zmzz,157.3,57.3,301000,肇民科技,zmkj,21.89,-8.29,4.05,33.8,64.76,175,142.88,300.18,280205,汽车,szcy,C,2026-07-24,[],0,0,buy,AA-,,23.66,43.94,11.7,buy,2032-07-08,5.962,5.9,10366.63,15531.25,11.65,-5.36,,0,15:34:30,00,Y,N,0,0,Y,,未到转股期；2027-01-15 开始转股,计算使用6.0年期 评级为AA- 债参考YTM：3.4000,N,5.9,全价：157.300 最后更新：15:34:30,,,,0,{'M': ''},1,0,N,,,buy,buy
2026-07-24 09:54:06,113625,江山转债,jszz,115.901,-0.08,603208,江山欧派,jsop,9.46,-2.17,1.59,19.84,47.68,0,143.07,258.97,360308,轻工制造,shmb,C,2021-07-01,[],0,0,buy,A,,13.888,25.792,35.0,buy,2027-06-11,0.882,5.825,1593.1,1059.71,2.36,2.06,,0,14:59:14,00,Y,N,1,1,Y,转股价下修1次，成功下修1次,2021-12-20 开始转股,计算使用0.9年期 评级为A 债参考YTM：6.5370,N,5.83,全价：115.901 最后更新：14:59:14,,,,1,[],0,0,N,,,buy,buy
2026-07-24 09:54:06,113700,海天转债,htzz,132.067,0.0,603759,海天股份,htgf,6.74,-2.18,1.06,12.41,54.31,18,143.17,275.24,760102,环保,shmb,C,2026-03-12,[],0,0,buy,AA,,8.687,16.133,25.7,buy,2032-02-04,5.537,8.01,1544.37,2094.68,1.46,-2.73,,0,14:59:46,00,Y,N,0,0,Y,,未到转股期；2026-08-11 开始转股,计算使用5.6年期 评级为AA 债参考YTM：2.1034,N,8.01,全价：132.067 最后更新：14:59:46,,,,0,[],0,0,N,,,buy,buy
2026-07-24 09:54:06,123196,正元转02,zyz02,124.044,-0.76,300645,正元智慧,zyzh,11.1,-2.97,1.42,21.91,50.66,0,144.85,268.89,710103,计算机,szcy,C,2023-05-19,[],0,0,buy,A+,,15.337,28.483,22.6,buy,2029-04-18,2.737,3.501,867.27,3558.77,1.99,-1.74,,0,15:34:03,00,Y,N,2,1,Y,转股价下修2次，成功下修1次,2023-10-24 开始转股,计算使用2.8年期 评级为A+ 债参考YTM：4.5643,N,3.507,全价：124.044 最后更新：15:34:03,,,,0,[],0,0,N,,,buy,buy
2026-07-24 09:54:06,123262,神宇转债,syzz,133.66,-1.04,300563,神宇股份,sygf,21.07,-3.35,3.23,38.62,54.56,0,144.99,278.65,730205,通信,szcy,C,2025-12-30,[],0,0,buy,AA-,,27.034,50.206,18.2,buy,2031-12-11,5.386,4.999,2508.02,4294.41,3.74,-3.0,,0,15:34:21,00,Y,N,0,0,Y,,2026-06-17 开始转股,计算使用5.4年期 评级为AA- 债参考YTM：2.8069,N,5.0,全价：133.660 最后更新：15:34:21,,,,0,{'M': ''},0,0,N,,,buy,buy
2026-07-24 09:54:06,113638,台21转债,t21zz,126.157,-0.38,603055,台华新材,thxc,8.24,-1.79,1.34,16.01,51.47,0,145.12,271.28,350106,纺织服饰,shmb,C,2022-01-21,[],0,0,buy,AA,,11.207,20.813,8.2,buy,2027-12-29,1.433,5.997,1888.81,3155.5,2.49,-7.03,,0,14:58:31,00,Y,N,0,0,Y,,2022-07-05 开始转股,计算使用1.5年期 评级为AA 债参考YTM：1.6344,N,6.0,全价：126.157 最后更新：14:58:31,,,,0,{'M': ''},0,0,N,,,buy,buy
2026-07-24 09:54:06,123274,维科转债,wkzz,154.492,1.77,301499,维科精密,wkjm,22.2,-0.63,2.35,35.62,62.33,164,147.88,302.37,280206,汽车,szcy,C,2026-07-10,[],0,0,buy,A+,,24.934,46.306,20.5,buy,2032-06-25,5.926,6.3,56166.6,4118.91,57.28,-4.52,,0,15:34:36,00,Y,N,0,0,Y,,未到转股期；2027-01-04 开始转股,计算使用6.0年期 评级为A+ 债参考YTM：5.7500,N,6.3,全价：154.492 最后更新：15:34:36,,,,0,{'M': ''},0,0,N,,,buy,buy
2026-07-24 09:54:06,123264,双乐转债,slzz,124.9,-1.15,301036,双乐股份,slgf,18.3,-2.45,1.08,36.4,50.28,0,148.43,273.33,220305,基础化工,szcy,C,2026-01-16,[],0,0,buy,AA-,,25.48,47.32,62.7,buy,2031-12-26,5.427,8.0,3109.59,2301.35,3.11,-1.74,,0,15:34:24,00,Y,N,0,0,Y,,2026-07-06 开始转股,计算使用5.5年期 评级为AA- 债参考YTM：2.9242,N,8.0,全价：124.900 最后更新：15:34:24,,,,0,{'M': ''},0,0,N,,,buy,buy
2026-07-24 09:54:06,111009,盛泰转债,stzz,124.896,-0.56,605138,盛泰集团,stjt,5.2,-1.52,1.12,10.51,49.48,0,152.43,277.33,350209,纺织服饰,shmb,C,2022-12-01,[],0,0,buy,AA,,7.357,13.663,24.3,buy,2028-11-07,2.293,7.011,984.87,2459.67,1.12,-4.24,,0,14:58:48,00,Y,N,0,0,Y,,2023-05-11 开始转股,计算使用2.3年期 评级为AA 债参考YTM：1.7178,N,7.012,全价：124.896 最后更新：14:58:48,,,,0,[],0,0,N,,,buy,buy
2026-07-24 09:54:06,118069,爱科转债,akzz,175.748,3.57,688092,爱科科技,akkj,19.54,-0.81,2.43,28.53,68.49,146,156.61,332.36,640209,机械设备,shkc,C,2026-07-09,[],0,0,buy,AA-,,19.971,37.089,16.5,buy,2032-06-10,5.885,2.67,209471.11,1497.5,441.82,-6.69,,0,15:00:00,00,Y,N,0,0,Y,,未到转股期；2026-12-17 开始转股,计算使用5.9年期 评级为AA- 债参考YTM：3.3448,N,2.67,全价：175.748 最后更新：15:00:00,,,,0,{'M': ''},0,0,N,,,buy,buy
2026-07-24 09:54:06,127062,垒知转债,lzzz,124.814,-1.02,002398,垒知集团,lzjt,3.66,-2.92,0.68,7.56,48.41,0,157.81,282.62,610303,建筑材料,szmb,C,2022-05-20,[],0,0,buy,AA-,,5.292,9.828,18.0,buy,2028-04-21,1.745,3.957,1310.29,3839.56,2.65,-3.68,,0,15:33:57,00,Y,N,0,0,Y,,2022-10-27 开始转股,计算使用1.8年期 评级为AA- 债参考YTM：1.9870,N,3.963,全价：124.814 最后更新：15:33:57,,,,0,[],0,0,N,,,buy,buy
2026-07-24 09:54:06,123175,百畅转债,bczz,113.19,-0.7,300614,百川畅银,bccy,8.82,-2.76,1.6,20.4,43.24,0,161.8,274.99,760103,环保,szcy,C,2023-03-17,[],0,0,buy,BBB+,,14.28,26.52,29.7,buy,2029-02-22,2.586,4.199,1324.61,2469.41,2.79,1.08,,0,15:33:54,00,Y,N,2,2,Y,转股价下修2次，成功下修2次,2023-08-28 开始转股,计算使用2.6年期 评级为BBB+ 债参考YTM：12.3685,N,4.2,全价：113.190 最后更新：15:33:54,,,,0,{'M': ''},0,0,N,,,buy,buy
2026-07-24 09:54:06,123090,三诺转债,snzz,113.949,-0.29,300298,三诺生物,snsw,15.02,-2.59,2.7,34.52,43.51,0,161.89,275.84,370502,医药生物,szcy,C,2021-01-12,[],0,0,buy,AA,,24.164,44.876,7.4,buy,2026-12-21,0.411,4.984,2011.74,9984.79,3.54,-4.16,,0,15:34:39,00,Y,N,0,0,Y,,2021-06-25 开始转股,计算使用0.5年期 评级为AA 债参考YTM：1.5593,N,5.0,全价：113.949 最后更新：15:34:39,,,,0,{'M': ''},0,0,N,,,buy,buy
2026-07-24 09:54:06,113693,志邦转债,zbzz,122.422,-0.44,603801,志邦家居,zbjj,5.18,-3.0,0.7,11.13,46.54,0,163.04,285.46,360308,轻工制造,shmb,C,2025-04-08,[],0,0,buy,AA,,7.791,14.469,29.8,buy,2031-03-18,4.652,6.7,2534.04,2281.78,3.09,-1.49,,0,14:58:41,00,Y,N,0,0,Y,,2025-09-24 开始转股,计算使用4.7年期 评级为AA 债参考YTM：1.9604,N,6.7,全价：122.422 最后更新：14:58:41,,,,0,[],0,0,N,,,buy,buy
2026-07-24 09:54:06,123117,健帆转债,jfzz,117.0,-0.43,300529,健帆生物,jfsw,16.8,-2.89,3.63,38.15,44.04,0,165.69,282.69,370503,医药生物,szcy,C,2021-07-12,[],0,0,buy,AA,,26.705,49.595,11.6,buy,2027-06-23,0.915,9.998,2247.66,10492.7,1.92,-6.56,,0,15:34:42,00,Y,N,2,2,Y,转股价下修2次，成功下修2次,2021-12-29 开始转股,计算使用1.0年期 评级为AA 债参考YTM：1.5921,N,10.0,全价：117.000 最后更新：15:34:42,,,,1,{'M': ''},0,0,N,,,buy,buy
2026-07-24 09:54:06,113049,长汽转债,cqzz,110.874,-0.2,601633,长城汽车,ccqc,16.12,-0.56,1.56,38.83,41.51,0,167.07,277.94,280502,汽车,shmb,C,2021-07-08,[],0,0,buy,AAA,,27.181,50.479,3.5,buy,2027-06-10,0.88,34.95,6664.85,17800.64,1.72,-3.99,,0,14:58:34,00,Y,N,0,0,Y,,2021-12-17 开始转股,计算使用0.9年期 评级为AAA 债参考YTM：1.5189,N,35.0,全价：110.874 最后更新：14:58:34,,,,1,{'M': ''},0,0,Y,,,buy,buy
2026-07-24 09:54:06,111014,李子转债,lzzz,124.122,-1.04,605337,李子园,lzy,8.42,-3.33,1.93,18.14,46.42,0,167.41,291.53,340701,食品饮料,shmb,C,2023-07-13,[],0,0,buy,AA,,12.698,23.582,18.3,buy,2029-06-20,2.91,5.999,1602.63,1955.45,2.15,-2.54,,0,14:59:01,00,Y,N,0,0,Y,,2023-12-28 开始转股,计算使用3.0年期 评级为AA 债参考YTM：1.7579,N,6.0,全价：124.122 最后更新：14:59:01,,,,0,[],0,0,N,,,buy,buy
2026-07-24 09:54:06,118022,锂科转债,lkzz,121.806,-0.76,688779,五矿新能,wkxn,7.01,-4.88,1.84,15.49,45.26,0,169.15,290.96,630702,电力设备,shkc,C,2022-11-07,[],0,0,buy,AA,,10.843,20.137,24.0,buy,2028-10-11,2.219,32.497,4364.86,32677.58,1.1,-3.27,,0,14:59:04,00,Y,N,0,0,Y,,2023-04-17 开始转股,计算使用2.3年期 评级为AA 债参考YTM：1.7178,N,32.5,全价：121.806 最后更新：14:59:04,,,,0,{'M': ''},0,0,N,,,buy,buy
2026-07-24 09:54:06,118015,芯海转债,xhzz,128.346,-0.35,688595,芯海科技,xhkj,26.15,-2.43,5.29,55.22,47.36,0,171.02,299.37,270104,电子,shkc,C,2022-08-18,[],0,0,buy,A+,,38.654,71.786,10.9,buy,2028-07-21,1.995,4.1,2172.97,9275.52,4.13,-4.42,,0,14:57:48,00,Y,N,0,0,Y,,2023-01-30 开始转股,计算使用2.0年期 评级为A+ 债参考YTM：4.3630,N,4.1,全价：128.346 最后更新：14:57:48,,,,1,{'M': ''},0,0,N,,,buy,buy
2026-07-24 09:54:06,118020,芳源转债,fyzz,121.251,-0.33,688148,芳源股份,fygf,6.13,-3.31,5.7,14.0,43.79,0,176.92,298.17,630702,电力设备,shkc,C,2022-11-07,[],0,0,buy,BBB,,9.8,18.2,20.5,buy,2028-09-23,2.17,6.417,1977.71,8927.39,2.55,1.85,,0,14:59:56,00,Y,N,1,1,Y,转股价下修1次，成功下修1次,2023-03-29 开始转股,计算使用2.2年期 评级为BBB 债参考YTM：15.3653,N,6.42,全价：121.251 最后更新：14:59:56,,,,0,{'M': ''},0,0,N,,,buy,buy
2026-07-24 09:54:06,127044,蒙娜转债,mnzz,120.58,-0.83,002918,蒙娜丽莎,mnls,8.48,-3.2,1.06,19.76,42.92,0,180.97,301.55,360306,轻工制造,szmb,C,2021-09-16,[],0,0,buy,AA-,,13.832,25.688,18.5,buy,2027-08-16,1.063,3.368,1726.79,5776.14,4.24,-5.37,,0,15:34:36,00,Y,N,1,1,Y,转股价下修1次，成功下修1次,2022-02-21 开始转股,计算使用1.1年期 评级为AA- 债参考YTM：1.8647,N,11.689,全价：120.580 最后更新：15:34:36,,,,0,[],0,0,N,,,buy,buy
2026-07-24 09:54:06,111025,圣泉转债,sqzz,149.763,-0.07,605589,圣泉集团,sqjt,37.64,-2.79,2.92,70.8,53.16,161,181.7,331.46,220504,基础化工,shmb,C,2026-07-21,[],0,0,buy,AA+,,49.56,92.04,7.9,buy,2032-06-24,5.923,25.0,73763.58,86501.06,19.67,-4.91,,0,15:00:00,00,Y,N,1,0,Y,转股价下修1次，成功下修0次,未到转股期；2027-01-01 开始转股,计算使用6.0年期 评级为AA+ 债参考YTM：1.9600,Y,25.0,全价：149.763 最后更新：15:00:00,,,"按下调到底估算
股东大会：2026-08-07
预估转股价：52.36
预估转股价值：71.89
期权价值：33.47
理论价值：132.98
理论偏离度：11.21%",0,{'M': ''},0,0,N,,,buy,buy
2026-07-24 09:54:06,118042,奥维转债,awzz,126.943,0.07,688516,奥特维,atw,37.36,-3.74,3.07,83.69,44.64,0,184.36,311.3,630505,电力设备,shkc,C,2023-09-01,[],0,0,buy,AA-,,58.583,108.797,9.7,buy,2029-08-10,3.049,11.399,2602.04,26481.5,1.8,-2.06,,0,14:57:57,00,Y,N,0,0,Y,,2024-02-19 开始转股,计算使用3.1年期 评级为AA- 债参考YTM：2.2903,N,11.4,全价：126.943 最后更新：14:57:57,,,,0,{'M': ''},0,0,N,,,buy,buy
2026-07-24 09:54:06,118066,统联转债,tlzz,128.4,-0.7,688210,统联精密,tljm,25.29,-3.03,3.15,56.2,45.0,44,185.33,313.73,270504,电子,shkc,C,2026-03-20,[],0,0,buy,AA-,,39.34,73.06,14.0,buy,2032-03-02,5.611,5.76,3288.7,9487.52,4.44,-2.17,,0,14:59:52,00,Y,N,0,0,Y,,未到转股期；2026-09-06 开始转股,计算使用5.7年期 评级为AA- 债参考YTM：3.1593,N,5.76,全价：128.400 最后更新：14:59:52,,,,0,{'M': ''},0,0,N,,,buy,buy
2026-07-24 09:54:06,127098,欧晶转债,ojzz,123.417,-0.47,001269,欧晶科技,ojkj,16.9,-2.26,4.27,42.0,40.24,0,206.72,330.14,630504,电力设备,szmb,C,2023-12-15,[],0,0,buy,A+,,29.4,54.6,14.4,buy,2029-11-24,3.34,4.693,1007.39,3501.71,1.74,-1.85,,0,15:34:12,00,Y,N,1,1,Y,转股价下修1次，成功下修1次,2024-05-30 开始转股,计算使用3.4年期 评级为A+ 债参考YTM：4.6913,N,4.7,全价：123.417 最后更新：15:34:12,,,,0,[],0,0,N,,,buy,buy
2026-07-24 09:54:06,123180,浙矿转债,zkzz,128.486,-0.88,300837,浙矿股份,zkgf,19.9,-3.02,1.36,47.59,41.82,0,207.27,335.76,640203,机械设备,szcy,C,2023-03-28,[],0,0,buy,AA-,,33.313,61.867,21.3,buy,2029-03-09,2.627,3.197,903.04,3572.42,2.2,-3.08,,0,15:34:00,00,Y,N,0,0,Y,,2023-09-15 开始转股,计算使用2.7年期 评级为AA- 债参考YTM：2.1898,N,3.2,全价：128.486 最后更新：15:34:00,,,,0,[],0,0,N,,,buy,buy
2026-07-24 09:54:06,123250,嘉益转债,jyzz,126.763,-0.46,301004,嘉益股份,jygf,32.57,-2.34,2.56,79.66,40.89,0,210.04,336.8,360311,轻工制造,szcy,C,2024-11-26,[],0,0,buy,A+,,55.762,103.558,8.9,buy,2030-11-07,4.293,3.955,650.48,1722.79,1.3,-1.55,,0,15:34:27,00,Y,N,0,0,Y,,2025-05-13 开始转股,计算使用4.3年期 评级为A+ 债参考YTM：4.7982,N,3.979,全价：126.763 最后更新：15:34:27,,,,0,{'M': ''},0,0,N,,,buy,buy
2026-07-24 09:54:06,113650,博22转债,b22zz,124.519,-1.03,603916,苏博特,sbt,9.16,-3.88,0.88,23.03,39.77,0,213.06,337.58,220309,基础化工,shmb,C,2022-07-28,[],0,0,buy,AA-,,16.121,29.939,20.8,buy,2028-07-01,1.94,7.996,2607.59,7132.44,2.62,-3.19,,0,14:59:16,00,Y,N,0,0,Y,,2023-01-09 开始转股,计算使用2.0年期 评级为AA- 债参考YTM：2.0230,N,8.0,全价：124.519 最后更新：14:59:16,,,,1,{'M': ''},0,0,N,,,buy,buy
2026-07-24 09:54:06,118072,鼎通转债,dtzz,167.381,3.54,688668,鼎通科技,dtkj,222.6,-2.8,15.07,423.54,52.56,159,218.48,385.86,730204,通信,shkc,C,2026-07-17,[],0,0,buy,A+,,296.478,550.602,3.0,buy,2032-06-23,5.921,9.3,83694.11,83545.02,54.26,-5.82,,0,15:00:00,00,Y,N,1,0,Y,转股价下修1次，成功下修0次,未到转股期；2026-12-30 开始转股,计算使用6.0年期 评级为A+ 债参考YTM：5.7500,Y,9.3,全价：167.381 最后更新：15:00:00,,,"按下调到底估算
股东大会：2026-08-06
预估转股价：306.91
预估转股价值：72.53
期权价值：50.90
理论价值：136.01
理论偏离度：18.74%",0,{'M': ''},0,0,N,,,buy,buy
2026-07-24 09:54:06,123151,康医转债,kyzz,119.349,-0.29,300869,康泰医学,ktyx,10.26,-3.39,2.39,27.55,37.24,0,220.47,339.82,370502,医药生物,szcy,C,2022-07-20,[],0,0,buy,A+,,19.285,35.815,25.9,buy,2028-07-01,1.94,6.998,2466.59,3276.77,2.95,-0.81,,0,15:33:57,00,Y,N,0,0,Y,,2023-01-09 开始转股,计算使用2.0年期 评级为A+ 债参考YTM：4.3630,N,7.0,全价：119.349 最后更新：15:33:57,,,,1,{'M': ''},0,0,N,,,buy,buy
2026-07-24 09:54:06,123267,珂玛转债,kmzz,317.382,2.01,301611,珂玛科技,kmkj,94.6,-0.58,22.54,97.47,97.06,90,227.01,544.39,270103,电子,szcy,C,2026-05-13,[],0,0,buy,AA,,68.229,126.711,5.4,buy,2032-04-15,5.732,7.5,126458.07,131399.15,53.42,-16.56,,0,15:34:27,00,Y,N,0,0,Y,,未到转股期；2026-10-22 开始转股,计算使用5.8年期 评级为AA 债参考YTM：2.1536,N,7.5,全价：317.382 最后更新：15:34:27,,,,0,{'M': ''},0,0,N,,,buy,buy
2026-07-24 09:54:06,113660,寿22转债,s22zz,124.761,-1.38,603896,寿仙谷,sxg,13.8,-3.83,1.2,36.84,37.46,0,233.06,357.82,370201,医药生物,shmb,C,2022-12-12,[],0,0,buy,AA-,,25.788,47.892,14.5,buy,2028-11-17,2.321,3.977,840.87,3205.93,1.69,-3.33,,0,14:59:10,00,Y,N,0,0,Y,,2023-05-23 开始转股,计算使用2.4年期 评级为AA- 债参考YTM：2.1103,N,3.98,全价：124.761 最后更新：14:59:10,,,,0,[],0,0,N,,,buy,buy
2026-07-24 09:54:06,128135,洽洽转债,qqzz,114.583,-0.03,002557,洽洽食品,qqsp,18.69,-2.2,1.71,54.95,34.01,0,236.88,351.46,340801,食品饮料,szmb,C,2020-11-18,[],0,0,buy,AA,,38.465,71.435,14.2,buy,2026-10-20,0.241,13.398,4638.3,10331.8,3.02,1.53,,0,15:34:09,00,Y,N,0,0,Y,,2021-04-26 开始转股,计算使用0.3年期 评级为AA 债参考YTM：1.5480,N,13.4,全价：114.583 最后更新：15:34:09,,,,1,{'M': ''},0,0,N,,,buy,buy
2026-07-24 09:54:06,113670,金23转债,j23zz,123.064,-0.71,603180,金牌家居,jpjj,13.56,-2.52,0.77,37.54,36.12,0,240.69,363.75,360308,轻工制造,shmb,C,2023-05-16,[],0,0,buy,AA,,26.278,48.802,36.8,buy,2029-04-17,2.734,7.7,1775.29,818.02,1.87,-1.46,,0,14:59:38,00,Y,N,0,0,Y,,2023-10-23 开始转股,计算使用2.8年期 评级为AA 债参考YTM：1.7461,N,7.7,全价：123.064 最后更新：14:59:38,,,,0,[],0,0,N,,,buy,buy
2026-07-24 09:54:06,110085,通22转债,t22zz,116.438,-0.12,600438,通威股份,twgf,11.14,-3.97,1.38,34.6,32.2,0,261.65,378.09,630501,电力设备,shmb,C,2022-03-18,[],0,0,buy,AAA,,24.22,44.98,23.9,buy,2028-02-24,1.589,119.831,9033.15,46634.71,0.65,-3.11,,0,14:59:09,00,Y,N,0,0,Y,,2022-09-02 开始转股,计算使用1.6年期 评级为AAA 债参考YTM：1.5621,N,120.0,全价：116.438 最后更新：14:59:09,,,,0,{'M': ''},0,0,N,,,buy,buy
2026-07-24 09:54:06,118032,建龙转债,jlzz,124.008,-0.73,688357,建龙微纳,jlwn,23.39,-1.52,1.26,71.41,32.76,0,278.6,402.61,220309,基础化工,shkc,C,2023-04-07,[],0,0,buy,AA-,,49.987,92.833,29.9,buy,2029-03-08,2.625,6.999,1216.87,1506.44,1.4,-1.75,,0,14:58:41,00,Y,N,0,0,Y,,2023-09-14 开始转股,计算使用2.7年期 评级为AA- 债参考YTM：2.1898,N,7.0,全价：124.008 最后更新：14:58:41,,,,0,{'M': ''},0,0,Y,,,buy,buy
2026-07-24 09:54:06,127025,冀东转债,jdzz,105.576,-0.03,000401,金隅冀东,jyjd,3.52,-3.3,0.35,12.92,27.25,0,287.51,393.09,610101,建筑材料,szmb,C,2020-12-02,[],0,0,buy,AAA,,9.044,16.796,19.2,buy,2026-11-05,0.285,17.764,6060.09,2781.61,3.23,1.42,,0,15:34:39,00,Y,Y,0,0,Y,,2021-05-11 开始转股,计算使用0.3年期 评级为AAA 债参考YTM：1.4831,N,28.2,全价：105.576 最后更新：15:34:39,,,,0,{'M': ''},0,0,N,,,buy,buy
2026-07-24 09:54:06,113633,科沃转债,kwzz,120.862,-0.68,603486,科沃斯,kws,53.3,-2.27,3.28,172.97,30.82,0,292.22,413.08,330302,家用电器,shmb,C,2021-12-29,[],0,0,buy,AA,,121.079,224.861,3.4,buy,2027-11-30,1.353,10.396,1257.68,15777.51,1.0,-5.67,,0,14:58:20,00,Y,N,0,0,Y,,2022-06-06 开始转股,计算使用1.4年期 评级为AA 债参考YTM：1.6230,N,10.4,全价：120.862 最后更新：14:58:20,,,,0,{'M': ''},0,0,N,,,buy,buy
2026-07-24 09:54:06,123273,三江转债,sjzz,277.0,1.08,301059,金三江,jsj,10.13,-1.17,3.57,14.43,70.2,153,294.58,571.58,220309,基础化工,szcy,C,2026-07-03,[],0,0,buy,A+,,10.101,18.759,13.9,buy,2032-06-16,5.901,2.9,234593.22,2457.21,285.09,-13.5,,0,15:34:36,00,Y,N,0,0,Y,,未到转股期；2026-12-24 开始转股,计算使用6.0年期 评级为A+ 债参考YTM：5.7500,N,2.9,全价：277.000 最后更新：15:34:36,,,,0,{'M': ''},0,0,N,,,buy,buy
2026-07-24 09:54:06,118005,天奈转债,tnzz,124.726,-0.52,688116,天奈科技,tnkj,31.1,-3.98,2.96,99.01,31.41,0,297.08,421.81,630702,电力设备,shkc,C,2022-03-01,[],0,0,buy,AA-,,69.307,128.713,7.3,buy,2028-01-27,1.512,8.299,2336.63,18608.36,2.26,-7.06,,0,14:56:43,00,Y,N,0,0,Y,,2022-08-09 开始转股,计算使用1.6年期 评级为AA- 债参考YTM：1.9493,N,8.3,全价：124.726 最后更新：14:56:43,,,,0,{'M': ''},0,0,N,,,buy,buy
2026-07-24 09:54:06,123072,乐歌转债,lgzz,120.28,-0.02,300729,乐歌股份,lggf,9.58,-3.04,0.89,32.61,29.38,0,309.43,429.71,360311,轻工制造,szcy,C,2020-11-10,[],0,0,buy,A+,,22.827,42.393,4.5,buy,2026-10-21,0.244,1.418,1143.57,1631.46,6.7,-0.97,,0,15:34:36,00,Y,N,0,0,Y,,2021-04-27 开始转股,计算使用0.3年期 评级为A+ 债参考YTM：4.1004,N,1.42,全价：120.280 最后更新：15:34:36,,,,0,[],0,0,N,,,buy,buy
2026-07-24 09:54:06,123154,火星转债,hxzz,127.2,-0.42,300894,火星人,hxr,8.86,-7.23,3.42,33.03,26.82,0,374.2,501.4,330401,家用电器,szcy,C,2022-08-23,[],0,0,buy,A+,,23.121,42.939,20.3,buy,2028-08-05,2.036,5.289,2852.98,7932.42,4.24,-3.49,,0,15:33:57,00,Y,N,1,0,N,"转股价下修1次，成功下修0次
2026-07-20 至 2026-07-24 期间暂停转股：回售
转股价33.030生效日期2025-11-04",2023-02-13 开始转股;2026-07-20 至 2026-07-24 期间暂停转股：回售,计算使用2.1年期 评级为A+ 债参考YTM：4.3817,Y,5.29,全价：127.200 最后更新：15:33:57,,,"按下调到底估算
股东大会：2026-08-06
预估转股价：11.34
预估转股价值：78.13
期权价值：14.02
理论价值：122.83
理论偏离度：3.44%",0,{'M': ''},0,0,Y,,,buy,buy
2026-07-24 09:54:06,123270,盛德转债,sdzz,283.0,-2.36,300881,盛德鑫泰,sdxt,31.65,-1.37,2.81,53.68,58.96,136,379.98,662.98,230501,钢铁,szcy,C,2026-06-12,[],0,0,buy,A+,,37.576,69.784,22.3,buy,2032-05-31,5.858,4.05,113647.69,5695.06,96.41,-14.04,,0,15:34:24,00,Y,N,0,0,Y,,未到转股期；2026-12-07 开始转股,计算使用5.9年期 评级为A+ 债参考YTM：5.6947,N,4.05,全价：283.000 最后更新：15:34:24,,,,0,{'M': ''},0,0,N,,,buy,buy
2026-07-24 09:54:06,118010,洁特转债,jtzz,124.568,-1.08,688026,洁特生物,jtsw,11.55,-3.27,1.36,47.95,24.09,0,417.15,541.72,370503,医药生物,shkc,C,2022-08-02,[],0,0,buy,A+,,33.565,62.335,27.1,buy,2028-06-28,1.932,4.399,646.82,1918.38,1.17,-5.5,,0,14:59:38,00,Y,N,0,0,N,2026-07-23 至 2026-07-30 期间暂停转股：权益分派,2023-01-04 开始转股;2026-07-23 至 2026-07-30 期间暂停转股：权益分派,计算使用2.0年期 评级为A+ 债参考YTM：4.3630,N,4.4,全价：124.568 最后更新：14:59:38,,,,1,{'M': ''},0,0,N,,,buy,buy
2026-07-24 09:54:06,113059,福莱转债,flzz,119.338,-0.67,601865,福莱特,flt,9.4,-3.79,0.98,41.56,22.62,0,427.63,546.97,630504,电力设备,shmb,C,2022-06-13,[],0,0,buy,AA,,29.092,54.028,22.4,buy,2028-05-20,1.825,39.999,4928.04,14460.48,1.03,-2.6,,0,14:59:10,00,Y,N,1,0,Y,转股价下修1次，成功下修0次,2022-11-28 开始转股,计算使用1.9年期 评级为AA 债参考YTM：1.6823,N,40.0,全价：119.338 最后更新：14:59:10,,,,0,{'M': ''},0,0,N,,,buy,buy
2026-07-24 09:54:06,123179,立高转债,lgzz,123.179,-0.68,300973,立高食品,lgsp,21.95,-4.19,1.36,94.64,23.19,0,431.1,554.28,340802,食品饮料,szcy,C,2023-03-27,[],0,0,buy,AA-,,66.248,123.032,36.5,buy,2029-03-07,2.622,9.499,1461.97,5773.85,1.25,-1.4,,0,15:33:57,00,Y,N,0,0,Y,,2023-09-13 开始转股,计算使用2.7年期 评级为AA- 债参考YTM：2.1898,N,9.5,全价：123.179 最后更新：15:33:57,,,,0,{'M': ''},0,0,N,,,buy,buy
