抓取时间,bond_id,bond_nm,bond_py,price,increase_rt,stock_id,stock_nm,stock_py,sprice,sincrease_rt,pb,convert_price,convert_value,convert_begin,premium_rt,dblow,sw_cd,sw_name,market_cd,btype,list_dt,t_flag,owned,hold,bond_value,rating_cd,option_value,put_convert_price,force_redeem_price,convert_amt_ratio,fund_rt,maturity_dt,year_left,curr_iss_amt,volume,svolume,turnover_rt,ytm_rt,put_ytm_rt,noted,last_time,qstatus,sqflag,pb_flag,adj_cnt,adj_scnt,convert_price_valid,convert_price_tips,convert_cd_tip,ref_yield_info,adjusted,orig_iss_amt,price_tips,redeem_dt,real_force_redeem_price,option_tip,after_next_put_dt,icons,is_min_price,blocked,putting,force_redeem_price_tip,notes,volatility_rate,debt_rate
2026-09-11 12:18:06,123112,Z讯转债,wxzz,137.11,-6.66,300112,万讯自控,wxzk,9.11,-2.04,2.75,6.43,141.68,0,-3.23,133.88,640107,机械设备,szcy,C,2021-04-23,[],0,0,buy,AA-,,4.501,8.359,4.5,buy,2027-04-08,,1.056,103873.35,39531.88,722.36,,,0,15:33:57,00,Y,N,1,1,Y,转股价下修1次，成功下修1次,2021-10-14 开始转股,强赎登记日2026-09-11，赎回价格101.3320元，如不考虑强赎纯债价值为116.85元，计算使用0.6年期 评级为AA- 债参考YTM：1.7247,N,2.457,全价：137.110 最后更新：15:33:57,2026-09-11,101.3320,如不考虑强赎期权价值为47.57元,1,{'R': '最后交易日 2026年9月11日\r\n最后转股日 2026年9月16日\r\n赎回价 101.332元/张'},0,0,N,,,buy,buy
2026-09-11 12:18:06,110077,洪城转债,hczz,203.606,0.31,600461,洪城环境,hchj,8.98,0.22,1.15,4.41,203.63,0,-0.01,203.6,760102,环保,shmb,C,2020-12-17,[],0,0,buy,AA+,,3.087,5.733,4.7,buy,2026-11-20,0.192,5.497,7563.88,13935.11,6.79,-243.25,,0,14:59:54,00,Y,N,0,0,Y,,2021-05-26 开始转股,计算使用0.2年期 评级为AA+ 债参考YTM：1.5200,N,18.0,全价：203.606 最后更新：14:59:54,,,,1,"{'G': '本次（2026年7月12日至2026年7月31日）不提前赎回，至到期日止均不行使提前赎回权利', 'M': ''}",0,0,N,,,buy,buy
2026-09-11 12:18:06,113042,上银转债,syzz,117.713,-0.52,601229,上海银行,shyh,9.72,-0.72,0.52,8.35,116.41,0,1.12,118.83,480401,银行,shmb,C,2021-02-10,[],0,0,buy,AAA,,,10.855,14.5,buy,2027-01-25,0.373,199.774,30981.92,42781.75,1.32,-13.03,,0,14:59:57,00,Y,Y,0,0,Y,,2021-07-29 开始转股,计算使用0.4年期 评级为AAA 债参考YTM：1.5000,N,200.0,全价：117.713 最后更新：14:59:57,,,,0,{'M': ''},0,0,N,,,buy,buy
2026-09-11 12:18:06,123258,胜蓝转02,slz2,241.5,2.79,300843,胜蓝股份,slgf,128.57,1.47,12.2,54.36,236.52,0,2.11,243.61,270504,电子,szcy,C,2025-09-10,[],0,0,buy,AA-,,38.052,70.668,2.2,buy,2031-08-28,,4.49,166197.08,77761.59,155.87,,,0,15:34:33,00,Y,N,0,0,Y,,2026-03-03 开始转股,强赎登记日2026-09-29，赎回价格100.0500元，如不考虑强赎纯债价值为104.96元，计算使用5.0年期 评级为AA- 债参考YTM：2.3551,N,4.5,全价：241.500 最后更新：15:34:33,2026-09-29,100.0500,如不考虑强赎期权价值为182.71元,0,"{'R': '最后交易日 2026年9月29日\r\n最后转股日 2026年10月9日\r\n赎回价 100.05元/张', 'M': ''}",0,0,N,,,buy,buy
2026-09-11 12:18:06,123243,严牌转债,ypzz,230.762,2.93,301081,严牌股份,ypgf,16.3,1.68,3.32,7.22,225.76,0,2.21,232.97,760201,环保,szcy,C,2024-07-26,[],0,0,buy,A+,,5.054,9.386,7.0,buy,2030-07-10,3.83,2.558,83359.7,10461.19,144.07,-16.22,,0,15:34:27,00,Y,N,0,0,Y,,2025-01-16 开始转股,计算使用3.9年期 评级为A+ 债参考YTM：4.6382,N,4.679,全价：230.762 最后更新：15:34:27,,,,0,{'M': ''},0,0,N,,,buy,buy
2026-09-11 12:18:06,113046,金田转债,jtzz,129.386,-0.86,601609,金田股份,jtgf,12.79,-3.47,2.14,10.18,125.64,0,2.98,132.37,240302,有色金属,shmb,C,2021-04-12,[],0,0,buy,AA+,,7.126,13.234,6.8,buy,2027-03-22,0.526,14.991,31246.24,52157.65,16.12,-28.49,,0,14:59:59,00,Y,N,0,0,Y,,2021-09-27 开始转股,计算使用0.6年期 评级为AA+ 债参考YTM：1.5267,N,15.0,全价：129.386 最后更新：14:59:59,,,,1,{'M': ''},0,0,N,,,buy,buy
2026-09-11 12:18:06,127047,帝欧转债,dozz,135.5,-0.79,002798,帝欧水华,dosh,6.68,-2.34,1.92,5.1,130.98,0,3.45,138.95,360306,轻工制造,szmb,C,2021-11-26,[],0,0,buy,BBB+,,3.57,6.63,13.5,buy,2027-10-25,1.121,4.654,5343.06,9545.55,8.48,-12.45,,0,15:34:45,00,Y,N,1,1,Y,转股价下修1次，成功下修1次,2022-04-29 开始转股,计算使用1.2年期 评级为BBB+ 债参考YTM：11.9508,N,15.0,全价：135.500 最后更新：15:34:45,,,,1,[],0,0,N,,,buy,buy
2026-09-11 12:18:06,127061,美锦转债,mjzz,112.482,-1.37,000723,美锦能源,mjny,3.76,-3.84,1.33,3.47,108.36,0,3.81,116.29,740201,煤炭,szmb,C,2022-05-30,[],0,0,buy,A,,2.429,4.511,16.8,buy,2028-04-20,1.608,27.742,9361.79,33572.58,2.99,4.44,,0,15:33:57,00,Y,N,2,2,Y,转股价下修2次，成功下修2次,2022-10-26 开始转股,计算使用1.7年期 评级为A 债参考YTM：6.6047,N,35.9,全价：112.482 最后更新：15:33:57,,,,1,{'M': ''},0,0,N,,,buy,buy
2026-09-11 12:18:06,123091,长海转债,chzz,132.238,4.32,300196,长海股份,chgf,18.79,8.36,1.59,14.79,127.05,0,4.09,136.33,610202,建筑材料,szcy,C,2021-01-15,[],0,0,buy,AA,,10.353,19.227,11.8,buy,2026-12-23,0.282,5.46,248614.79,81706.48,344.14,-57.46,,0,15:34:00,00,Y,N,0,0,Y,,2021-06-29 开始转股,计算使用0.3年期 评级为AA 债参考YTM：1.5300,N,5.5,全价：132.238 最后更新：15:34:00,,,,1,[],0,0,N,,,buy,buy
2026-09-11 12:18:06,113056,重银转债,cyzz,126.801,-0.37,601963,重庆银行,cqyh,11.23,-1.32,0.6,9.22,121.8,0,4.11,130.91,480401,银行,shmb,C,2022-04-14,[],0,0,buy,AAA,,,11.986,50.6,buy,2028-03-23,1.532,115.622,21539.23,11712.18,1.47,-7.63,,0,14:59:56,00,Y,N,0,0,Y,,2022-09-30 开始转股,计算使用1.6年期 评级为AAA 债参考YTM：1.5537,N,130.0,全价：126.801 最后更新：14:59:56,,,,0,{'M': ''},0,0,N,,,buy,buy
2026-09-11 12:18:06,123285,润禾转02,rhz02,100.0,0.0,300727,润禾材料,rhcl,29.68,-1.69,3.95,31.1,95.43,186,4.78,104.78,220316,基础化工,szcy,C,,[],0,0,buy,A+,,21.77,40.43,7.7,buy,2032-09-09,6.0,3.7,0.0,14273.26,0.0,2.82,,0,,00,Y,N,0,0,Y,,未到转股期；2027-03-16 开始转股,计算使用6.0年期 评级为A+ 债参考YTM：5.2641,N,3.7,待上市,,,,0,[],0,0,N,,,buy,buy
2026-09-11 12:18:06,113062,常银转债,cyzz,128.75,0.02,601128,常熟银行,csyh,6.41,-0.77,0.7,5.25,122.1,0,5.45,134.2,480501,银行,shmb,C,2022-10-17,[],0,0,buy,AAA,,,6.825,25.7,buy,2028-09-15,2.014,59.994,13632.63,34468.83,1.77,-7.93,,0,14:59:44,00,Y,N,0,0,Y,,2023-03-21 开始转股,计算使用2.1年期 评级为AAA 债参考YTM：1.5824,N,60.0,全价：128.750 最后更新：14:59:44,,,,0,{'M': ''},0,0,N,,,buy,buy
2026-09-11 12:18:06,128134,鸿路转债,hlzz,113.808,-1.36,002541,鸿路钢构,hlgg,18.7,-3.21,1.29,17.49,106.92,0,6.44,120.25,620401,建筑装饰,szmb,C,2020-11-02,[],0,0,buy,AA,,12.243,22.737,13.4,buy,2026-10-09,0.077,12.849,4101.66,13530.97,2.8,-45.22,,0,15:34:15,00,Y,N,2,2,Y,转股价下修2次，成功下修2次,2021-04-15 开始转股,计算使用0.1年期 评级为AA 债参考YTM：1.5300,N,18.8,全价：113.808 最后更新：15:34:15,,,,0,"{'R': '到期\n最后交易日：2026-09-28\n最后转股日：2026-10-08\n债券到期日：2026-10-09\n到期赎回价：110.000元/张', 'M': ''}",0,0,N,,,buy,buy
2026-09-11 12:18:06,113605,大参转债,dszz,111.985,-0.21,603233,大参林,dsl,17.7,-1.39,2.61,16.86,104.98,0,6.67,118.66,370403,医药生物,shmb,C,2020-11-13,[],0,0,buy,AA,,11.802,21.918,7.0,buy,2026-10-22,0.112,14.044,6697.19,13969.17,4.27,-16.17,,0,14:59:50,00,Y,N,1,1,Y,转股价下修1次，成功下修1次,2021-04-28 开始转股,计算使用0.2年期 评级为AA 债参考YTM：1.5300,N,14.05,全价：111.985 最后更新：14:59:50,,,,1,{'M': ''},0,0,N,,,buy,buy
2026-09-11 12:18:06,111000,起帆转债,qfzz,141.358,-0.08,605222,起帆电缆,qfdl,22.62,-1.82,1.9,17.29,130.83,0,8.05,149.41,630805,电力设备,shmb,C,2021-06-17,[],0,0,buy,AA-,,12.103,22.477,10.7,buy,2027-05-24,0.699,9.991,32367.35,28655.14,22.93,-26.69,,0,14:59:58,00,Y,N,1,1,Y,转股价下修1次，成功下修1次,2021-11-29 开始转股,计算使用0.7年期 评级为AA- 债参考YTM：1.7460,N,10.0,全价：141.358 最后更新：14:59:58,,,,1,{'G': '本次（2026年3月13日至2026年4月20日）不提前赎回，以2026年10月21日为首个交易日重新起算'},0,0,N,,,buy,buy
2026-09-11 12:18:06,128138,侨银转债,qyzz,130.96,0.38,002973,侨银股份,qygf,12.75,8.97,2.03,10.6,120.28,0,8.88,139.84,760103,环保,szmb,C,2020-12-24,[],0,0,buy,A+,,7.42,13.78,10.4,buy,2026-11-17,0.184,4.199,14378.56,22851.09,26.17,-4.05,,0,15:34:18,00,Y,N,3,3,Y,转股价下修3次，成功下修3次,2021-05-24 开始转股,计算使用0.2年期 评级为A+ 债参考YTM：4.0397,N,4.2,全价：130.960 最后更新：15:34:18,,,,1,[],0,0,N,,,buy,buy
2026-09-11 12:18:06,113615,金诚转债,jczz,734.434,-6.86,603979,金诚信,jcx,75.0,-6.41,3.78,11.12,674.46,0,8.89,743.32,240302,有色金属,shmb,C,2021-01-14,[],0,0,buy,AA,,7.784,14.456,1.1,buy,2026-12-23,0.282,4.958,88020.74,97173.36,24.04,-303.22,,0,15:00:00,00,Y,N,0,0,Y,,2021-06-29 开始转股,计算使用0.3年期 评级为AA 债参考YTM：1.5300,N,10.0,全价：734.434 最后更新：15:00:00,,,,1,"{'G': '本次（2025年10月10日至2025年10月30日）不提前赎回，至2026年12月22日到期均不提前赎回', 'M': ''}",0,0,N,,,buy,buy
2026-09-11 12:18:06,127080,声迅转债,sxzz,275.353,3.88,003004,声迅股份,sxgf,72.5,1.8,8.6,28.94,250.52,0,9.91,285.26,710102,计算机,szmb,C,2023-02-10,[],0,0,buy,A,,20.258,37.622,5.6,buy,2028-12-30,2.304,2.793,101199.1,15902.33,132.84,-30.96,,0,15:34:03,00,Y,N,0,0,Y,,2023-07-07 开始转股,计算使用2.4年期 评级为A 债参考YTM：6.7296,N,2.8,全价：275.353 最后更新：15:34:03,,,,0,[],0,0,N,,,buy,buy
2026-09-11 12:18:06,113066,平煤转债,pmzz,137.528,-0.42,601666,平煤股份,pmgf,9.29,-2.52,0.91,7.46,124.53,0,10.44,147.97,740102,煤炭,shmb,C,2023-04-10,[],0,0,buy,AAA,,5.222,9.698,6.2,buy,2029-03-16,2.512,14.274,14027.43,17481.71,7.17,-8.69,,0,14:59:52,00,Y,N,1,1,Y,转股价下修1次，成功下修1次,2023-09-22 开始转股,计算使用2.6年期 评级为AAA 债参考YTM：1.6059,N,29.0,全价：137.528 最后更新：14:59:52,,,,0,{'M': ''},0,0,N,,,buy,buy
2026-09-11 12:18:06,113681,镇洋转债,zyzz,137.183,-0.03,603213,镇洋发展,zyfz,13.6,-0.66,3.25,10.95,124.2,0,10.45,147.63,220202,基础化工,shmb,C,2024-01-17,[],0,0,buy,AA-,,7.665,14.235,9.1,buy,2029-12-29,3.301,5.476,3788.11,3502.76,5.07,-4.22,,0,14:59:53,00,Y,N,0,0,Y,,2024-07-05 开始转股,计算使用3.4年期 评级为AA- 债参考YTM：2.2453,N,6.6,全价：137.183 最后更新：14:59:53,,,,0,[],0,0,N,,,buy,buy
2026-09-11 12:18:06,123207,冠中转债,gzzz,199.721,-2.67,300948,冠中生态,gzst,18.76,-4.77,3.07,10.44,179.69,0,11.15,210.87,620307,建筑装饰,szcy,C,2023-08-09,[],0,0,buy,A-,,7.308,13.572,5.0,buy,2029-07-21,2.86,1.455,8125.53,6442.75,27.86,-16.79,,0,15:34:21,00,Y,N,1,1,Y,转股价下修1次，成功下修1次,2024-01-29 开始转股,计算使用2.9年期 评级为A- 债参考YTM：9.2101,N,4.0,全价：199.721 最后更新：15:34:21,,,,0,"{'G': '本次（2026年5月27日至2026年6月16日）不提前赎回，自2026年9月16日后首个交易日重新计算', 'M': ''}",0,0,N,,,buy,buy
2026-09-11 12:18:06,110081,闻泰转债,wtzz,103.769,-0.04,600745,*ST闻泰,wtkj,17.13,0.59,0.89,18.36,93.3,0,11.22,114.99,270102,电子,shmb,C,2021-08-20,[],0,0,buy,BBB+,,12.852,23.868,31.6,buy,2027-07-28,0.877,71.5,11189.74,44383.86,1.51,4.67,,0,14:59:59,00,Y,N,3,3,Y,转股价下修3次，成功下修3次,2022-02-07 开始转股,计算使用0.9年期 评级为BBB+ 债参考YTM：11.8544,N,86.0,全价：103.769 最后更新：14:59:59,,,,1,[],0,0,N,,,buy,buy
2026-09-11 12:18:06,113043,财通转债,ctzz,114.402,-1.82,601108,财通证券,ctzq,8.2,-4.32,0.97,7.98,102.76,0,11.33,125.73,490101,非银金融,shmb,C,2020-12-28,[],0,0,buy,AAA,,,10.374,10.0,buy,2026-12-10,0.247,37.992,9710.2,67588.42,2.23,-30.12,,0,14:59:57,00,Y,Y,1,1,Y,转股价下修1次，成功下修1次,2021-06-16 开始转股,计算使用0.3年期 评级为AAA 债参考YTM：1.5000,N,38.0,全价：114.402 最后更新：14:59:57,,,,0,{'M': ''},0,0,N,,,buy,buy
2026-09-11 12:18:06,113058,友发转债,yfzz,130.119,-0.57,601686,友发集团,yfjt,5.19,-1.7,1.08,4.48,115.85,0,12.32,142.44,230403,钢铁,shmb,C,2022-04-26,[],0,0,buy,AA,,3.136,5.824,24.3,buy,2028-03-30,1.551,18.638,5971.97,2638.58,2.47,-8.37,,0,14:58:15,00,Y,N,2,2,Y,转股价下修2次，成功下修2次,2022-10-10 开始转股,计算使用1.6年期 评级为AA 债参考YTM：1.6228,N,20.0,全价：130.119 最后更新：14:58:15,,,,1,[],0,0,N,,,buy,buy
2026-09-11 12:18:06,113631,皖天转债,wtzz,133.748,-0.54,603689,皖天然气,wtrq,7.73,-1.78,1.08,6.51,118.74,0,12.64,146.39,410301,公用事业,shmb,C,2021-12-10,[],0,0,buy,AA+,,4.557,8.463,14.7,buy,2027-11-08,1.159,5.958,4940.24,4028.76,6.22,-14.5,,0,14:58:52,00,Y,N,0,0,Y,,2022-05-12 开始转股,计算使用1.2年期 评级为AA+ 债参考YTM：1.5705,N,9.3,全价：133.748 最后更新：14:58:52,,,,1,[],0,0,N,,,buy,buy
2026-09-11 12:18:06,127110,广核转债,ghzz,136.331,-0.12,003816,中国广核,zggh,4.33,0.46,1.77,3.58,120.95,0,12.72,149.05,410108,公用事业,szmb,C,2025-07-25,[],0,0,buy,AAA,,2.506,4.654,2.9,buy,2031-07-09,4.827,48.992,12769.09,54362.51,1.91,-4.41,,0,15:34:03,00,Y,N,0,0,Y,,2026-01-15 开始转股,计算使用4.9年期 评级为AAA 债参考YTM：1.7128,N,49.0,全价：136.331 最后更新：15:34:03,,,,0,{'M': ''},0,0,N,,,buy,buy
2026-09-11 12:18:06,128136,立讯转债,lxzz,112.316,0.6,002475,立讯精密,lxjm,55.39,1.73,4.58,55.67,99.5,0,12.88,125.2,270504,电子,szmb,C,2020-12-02,[],0,0,buy,AA+,,38.969,72.371,0.7,buy,2026-11-03,0.145,29.816,19437.41,476809.63,5.83,-26.97,,0,15:34:09,00,Y,N,0,0,Y,,2021-05-10 开始转股,计算使用0.2年期 评级为AA+ 债参考YTM：1.5200,N,30.0,全价：112.316 最后更新：15:34:09,,,,1,{'M': ''},0,0,N,,,buy,buy
2026-09-11 12:18:06,123245,集智转债,jzzz,326.039,-2.18,300553,集智股份,jzgf,51.85,-4.78,6.8,18.06,287.1,0,13.56,339.6,640107,机械设备,szcy,C,2024-08-28,[],0,0,buy,A,,12.642,23.478,3.5,buy,2030-08-14,3.926,1.537,42485.21,30019.4,86.31,-22.76,,0,15:34:27,00,Y,N,0,0,Y,,2025-02-20 开始转股,计算使用4.0年期 评级为A 债参考YTM：6.9985,N,2.546,全价：326.039 最后更新：15:34:27,,,,0,{'G': '本次（2026年6月2日至2026年6月23日）不提前赎回，自2026年9月23日后首个交易日重新计算'},0,0,N,,,buy,buy
2026-09-11 12:18:06,118058,微导转债,wdzz,339.158,-0.97,688147,微导纳米,wdnm,98.83,-3.71,14.84,33.29,296.88,0,14.24,353.4,630505,电力设备,shkc,C,2025-08-27,[],0,0,buy,AA,,23.303,43.277,2.5,buy,2031-08-06,4.904,11.698,113399.65,98940.8,29.14,-20.16,,0,14:59:59,00,Y,N,0,0,Y,,2026-02-12 开始转股,计算使用5.0年期 评级为AA 债参考YTM：1.8451,N,11.7,全价：339.158 最后更新：14:59:59,,,,0,"{'G': '本次（2026年2月12日至2026年3月12日）不提前赎回，以2026年9月13日为首个交易日重新计算', 'M': ''}",0,0,N,,,buy,buy
2026-09-11 12:18:06,111015,东亚转债,dyzz,133.301,-0.08,605177,东亚药业,dyyy,23.57,-4.61,1.59,20.28,116.22,0,14.69,147.99,370101,医药生物,shmb,C,2023-08-02,[],0,0,buy,A+,,14.196,26.364,24.9,buy,2029-07-06,2.819,6.662,19818.71,30716.11,22.54,-4.15,,0,14:59:58,00,Y,N,1,1,Y,转股价下修1次，成功下修1次,2024-01-12 开始转股,计算使用2.9年期 评级为A+ 债参考YTM：4.5101,N,6.9,全价：133.301 最后更新：14:59:58,,,,0,[],0,0,N,,,buy,buy
2026-09-11 12:18:06,123213,天源转债,tyzz,271.606,-1.86,301127,武汉天源,whty,16.74,-4.4,3.23,7.1,235.78,0,15.2,286.81,760102,环保,szcy,C,2023-08-16,[],0,0,buy,AA-,,4.97,9.23,3.0,buy,2029-07-28,2.88,3.26,28128.09,32578.62,32.04,-25.98,,0,15:34:24,00,Y,N,0,0,Y,,2024-02-05 开始转股,计算使用2.9年期 评级为AA- 债参考YTM：2.1600,N,10.0,全价：271.606 最后更新：15:34:24,,,,0,"{'G': '本次（2026年3月13日至2026年4月2日）不提前赎回，自2026年10月2日后首个交易日重新计算', 'M': ''}",0,0,N,,,buy,buy
2026-09-11 12:18:06,113051,节能转债,jnzz,118.83,-0.02,601016,XD节能风,jnfd,3.41,-0.58,1.23,3.32,102.71,0,15.69,134.52,410107,公用事业,shmb,C,2021-07-22,[],0,0,buy,AAA,,2.324,4.316,12.9,buy,2027-06-21,0.775,26.519,7435.54,44766.28,2.37,-9.58,,0,14:59:45,00,Y,N,1,0,Y,转股价下修1次，成功下修0次,2021-12-27 开始转股,计算使用0.8年期 评级为AAA 债参考YTM：1.5295,N,30.0,全价：118.830 最后更新：14:59:45,,,,1,{'M': ''},0,0,N,,,buy,buy
2026-09-11 12:18:06,123092,天壕转债,thzz,117.501,-0.3,300332,天壕能源,thny,5.04,-3.26,1.09,4.97,101.41,0,15.87,133.37,410301,公用事业,szcy,C,2021-01-15,[],0,0,buy,A+,,3.479,6.461,8.3,buy,2026-12-24,0.285,3.416,5947.06,19922.61,14.8,-7.54,,0,15:33:54,00,Y,N,0,0,Y,,2021-06-30 开始转股,计算使用0.3年期 评级为A+ 债参考YTM：4.0400,N,4.23,全价：117.501 最后更新：15:33:54,,,,1,{'M': ''},0,0,N,,,buy,buy
2026-09-11 12:18:06,127030,盛虹转债,shzz,117.651,-0.59,000301,东方盛虹,dfsh,13.38,-2.76,2.28,13.21,101.29,0,16.16,133.81,750301,石油石化,szmb,C,2021-04-21,[],0,0,buy,AA+,,9.247,17.173,5.7,buy,2027-03-22,0.526,49.974,8676.64,46407.85,1.48,-15.6,,0,15:34:39,00,Y,N,0,0,Y,,2021-09-27 开始转股,计算使用0.6年期 评级为AA+ 债参考YTM：1.5267,N,50.0,全价：117.651 最后更新：15:34:39,,,,1,{'M': ''},0,0,N,,,buy,buy
2026-09-11 12:18:06,127040,国泰转债,gtzz,119.5,0.25,002091,江苏国泰,jsgt,7.54,-1.31,0.76,7.35,102.59,0,16.49,135.99,450201,商贸零售,szmb,C,2021-08-10,[],0,0,buy,AA+,,5.145,9.555,33.0,buy,2027-07-07,0.819,39.863,6451.05,8207.3,1.38,-11.79,,0,15:34:39,00,Y,N,0,0,Y,,2022-01-13 开始转股,计算使用0.9年期 评级为AA+ 债参考YTM：1.5553,N,45.574,全价：119.500 最后更新：15:34:39,,,,1,{'M': ''},0,0,N,,,buy,buy
2026-09-11 12:18:06,127078,优彩转债,yczz,151.5,-6.94,002998,优彩资源,yczy,7.89,-8.26,1.55,6.11,129.13,0,17.32,168.82,220401,基础化工,szmb,C,2023-01-09,[],0,0,buy,A+,,4.277,7.943,19.5,buy,2028-12-14,2.26,4.158,82894.1,39317.3,128.26,-10.25,,0,15:34:00,00,Y,N,0,0,Y,,2023-06-20 开始转股,计算使用2.3年期 评级为A+ 债参考YTM：4.3556,N,6.0,全价：151.500 最后更新：15:34:00,,,,0,{'G': '本次（2026年8月7日至2026年9月3日）不提前赎回，自2026年12月3日后首个交易日重新计算'},0,0,N,,,buy,buy
2026-09-11 12:18:06,123076,强力转债,qlzz,119.604,-0.2,300429,强力新材,qlxc,10.79,-0.92,3.05,10.6,101.79,0,17.5,137.1,270601,电子,szcy,C,2020-12-04,[],0,0,buy,AA-,,7.42,13.78,7.5,buy,2026-11-19,0.189,3.393,3823.21,16226.93,9.46,-29.64,,0,15:33:54,00,Y,N,2,2,Y,转股价下修2次，成功下修2次,2021-05-25 开始转股,计算使用0.2年期 评级为AA- 债参考YTM：1.6893,N,8.5,全价：119.604 最后更新：15:33:54,,,,1,{'M': ''},0,0,N,,,buy,buy
2026-09-11 12:18:06,127053,豪美转债,hmzz,209.058,0.7,002988,豪美新材,hmxc,30.53,-0.39,2.76,17.23,177.19,0,17.98,227.04,240301,有色金属,szmb,C,2022-03-04,[],0,0,buy,AA-,,12.061,22.399,3.4,buy,2028-01-24,1.37,2.575,30578.31,28340.74,58.17,-33.45,,0,15:34:45,00,Y,N,1,1,Y,转股价下修1次，成功下修1次,2022-07-28 开始转股,计算使用1.4年期 评级为AA- 债参考YTM：1.8756,N,8.24,全价：209.058 最后更新：15:34:45,,,,1,{'G': '本次（2026年4月30日至2026年5月25日）不提前赎回，以2026年11月25日后首个交易日起重新计算'},0,0,N,,,buy,buy
2026-09-11 12:18:06,123235,亿田转债,ytzz,153.82,-3.4,300911,亿田智能,ytzn,27.7,-4.12,4.53,21.31,129.99,0,18.34,172.16,330401,家用电器,szcy,C,2024-01-12,[],0,0,buy,A+,,14.917,27.703,9.2,buy,2029-12-21,3.28,4.352,46187.23,31395.76,67.43,-7.55,,0,15:34:24,00,Y,N,0,0,Y,,2024-06-27 开始转股,计算使用3.3年期 评级为A+ 债参考YTM：4.5869,N,5.202,全价：153.820 最后更新：15:34:24,,,,0,{'M': ''},0,0,N,,,buy,buy
2026-09-11 12:18:06,127070,大中转债,dzzz,267.403,-4.97,001203,大中矿业,dzky,23.83,-5.92,4.98,10.56,225.66,0,18.5,285.9,230301,钢铁,szmb,C,2022-10-11,[],0,0,buy,AA,,7.392,13.728,3.0,buy,2028-08-17,1.934,9.342,88849.39,47046.27,36.55,-35.93,,0,15:34:09,00,Y,N,0,0,Y,,2023-02-23 开始转股,计算使用2.0年期 评级为AA 债参考YTM：1.6476,N,15.2,全价：267.403 最后更新：15:34:09,,,,1,"{'G': '本次（2026年2月24日至2026年3月16日）不提前赎回，以2026年9月16日后的首个交易日重新计算', 'M': ''}",0,0,N,,,buy,buy
2026-09-11 12:18:06,123189,晓鸣转债,xmzz,137.749,-0.41,300967,晓鸣股份,xmgf,17.63,-2.7,4.33,15.18,116.14,0,18.61,156.36,110703,农林牧渔,szcy,C,2023-04-25,[],0,0,buy,A,,10.626,19.734,14.9,buy,2029-04-06,2.57,3.286,4599.33,10308.77,10.2,-6.18,,0,15:34:15,00,Y,N,1,1,Y,转股价下修1次，成功下修1次,2023-10-12 开始转股,计算使用2.6年期 评级为A 债参考YTM：6.7812,N,3.29,全价：137.749 最后更新：15:34:15,,,,0,{'M': ''},0,0,N,,,buy,buy
2026-09-11 12:18:06,110076,华海转债,hhzz,110.863,-0.11,600521,华海药业,hhyy,15.37,-1.09,2.35,16.5,93.15,0,19.01,129.87,370102,医药生物,shmb,C,2020-11-25,[],0,0,buy,AA,,11.55,21.45,8.0,buy,2026-11-02,0.143,18.424,6431.82,24164.27,3.15,-5.46,,0,14:59:00,00,Y,N,1,1,Y,转股价下修1次，成功下修1次,2021-05-06 开始转股,计算使用0.2年期 评级为AA 债参考YTM：1.5300,N,18.426,全价：110.863 最后更新：14:59:00,,,,1,{'M': ''},0,0,N,,,buy,buy
2026-09-11 12:18:06,123080,海波转债,hbzz,123.686,-0.33,300517,海波重科,hbzk,11.71,-4.17,2.26,11.28,103.81,0,19.14,142.83,620401,建筑装饰,szcy,C,2020-12-22,[],0,0,buy,A+,,7.896,14.664,10.0,buy,2026-12-02,0.225,1.485,2396.14,12587.74,13.02,-13.43,,0,15:33:54,00,Y,N,0,0,Y,,2021-06-08 开始转股,计算使用0.3年期 评级为A+ 债参考YTM：4.0400,N,2.45,全价：123.686 最后更新：15:33:54,,,,1,[],0,0,N,,,buy,buy
2026-09-11 12:18:06,110084,贵燃转债,grzz,133.33,-1.75,600903,贵州燃气,gzrq,7.14,-5.8,2.55,6.42,111.22,0,19.88,153.21,410301,公用事业,shmb,C,2022-01-18,[],0,0,buy,AA,,4.494,8.346,9.8,buy,2027-12-27,1.293,8.157,37911.34,84071.06,34.4,-12.87,,0,14:59:59,00,Y,N,2,2,Y,转股价下修2次，成功下修2次,2022-07-01 开始转股,计算使用1.3年期 评级为AA 债参考YTM：1.6036,N,10.0,全价：133.330 最后更新：14:59:59,,,,1,{'M': ''},0,0,N,,,buy,buy
2026-09-11 12:18:06,127084,柳工转2,lgz2,139.32,-0.24,000528,柳工,lg,8.1,-1.58,0.85,6.98,116.05,0,20.06,159.38,640601,机械设备,szmb,C,2023-04-20,[],0,0,buy,AAA,,4.886,9.074,15.0,buy,2029-03-27,2.543,24.809,6531.34,21892.64,1.89,-7.14,,0,15:34:12,00,Y,N,0,0,Y,,2023-10-09 开始转股,计算使用2.6年期 评级为AAA 债参考YTM：1.6059,N,30.0,全价：139.320 最后更新：15:34:12,,,,0,{'M': ''},0,0,N,,,buy,buy
2026-09-11 12:18:06,123160,泰福转债,tfzz,148.312,-0.11,300992,泰福泵业,tfby,24.29,-3.57,2.52,19.7,123.3,0,20.29,168.6,640106,机械设备,szcy,C,2022-10-25,[],0,0,buy,A,,13.79,25.61,12.2,buy,2028-09-28,2.049,2.315,5871.49,4400.86,17.25,-10.32,,0,15:34:03,00,Y,N,1,1,Y,转股价下修1次，成功下修1次,2023-04-11 开始转股,计算使用2.1年期 评级为A 债参考YTM：6.6641,N,3.349,全价：148.312 最后更新：15:34:03,,,,0,{'M': ''},0,0,N,,,buy,buy
2026-09-11 12:18:06,123247,万凯转债,wkzz,187.9,-1.88,301216,万凯新材,wkxc,17.29,-3.41,1.52,11.15,155.07,0,21.17,209.07,220501,基础化工,szcy,C,2024-09-05,[],0,0,buy,AA,,7.805,14.495,20.9,buy,2030-08-16,3.932,19.642,41174.04,50273.4,11.28,-12.06,,0,15:34:27,00,Y,N,0,0,Y,,2025-02-24 开始转股,计算使用4.0年期 评级为AA 债参考YTM：1.8085,N,27.0,全价：187.900 最后更新：15:34:27,,,,0,"{'G': '本次（2026年6月17日至2026年7月8日）不提前赎回，自2026年10月8日后首个交易日重新计算', 'M': ''}",0,0,N,,,buy,buy
2026-09-11 12:18:06,123187,超达转债,cdzz,188.0,-0.52,301186,超达装备,cdzb,33.46,-2.39,2.36,21.77,153.7,0,22.32,210.32,280205,汽车,szcy,C,2023-04-25,[],0,0,buy,A,,15.239,28.301,6.2,buy,2029-04-04,2.564,2.242,11298.28,4657.5,27.11,-16.59,,0,15:34:15,00,Y,N,0,0,Y,,2023-10-11 开始转股,计算使用2.6年期 评级为A 债参考YTM：6.7812,N,4.69,全价：188.000 最后更新：15:34:15,,,,0,"{'G': '本次（2026年8月3日至2026年8月21日）不提前赎回，以2027年2月21日之后的首个交易日重新起算', 'M': ''}",0,0,N,,,buy,buy
2026-09-11 12:18:06,113691,和邦转债,hbzz,145.136,-1.6,603077,和邦生物,hbsw,2.37,-3.66,1.09,2.0,118.5,0,22.48,167.62,220802,基础化工,shmb,C,2024-11-19,[],0,0,buy,AA,,1.4,2.6,22.0,buy,2030-10-28,4.132,45.99,13821.07,68083.75,2.08,-5.62,,0,14:59:56,00,Y,N,0,0,Y,,2025-05-06 开始转股,计算使用4.2年期 评级为AA 债参考YTM：1.8231,N,46.0,全价：145.136 最后更新：14:59:56,,,,0,"{'G': '本次（2026年1月22日至2026年3月10日）不提前赎回，以2027年3月10日之后的首个交易日重新起算', 'M': ''}",0,0,N,,,buy,buy
2026-09-11 12:18:06,123118,惠城转债,hczz,637.515,-1.92,300779,惠城环保,hchb,53.76,-2.54,7.22,10.33,520.43,0,22.5,660.02,760103,环保,szcy,C,2021-07-26,[],0,0,buy,A+,,7.231,13.429,0.5,buy,2027-07-07,0.819,0.654,58898.3,39268.41,143.64,-100.39,,0,15:34:03,00,Y,N,0,0,Y,,2022-01-13 开始转股,计算使用0.9年期 评级为A+ 债参考YTM：4.1343,N,3.2,全价：637.515 最后更新：15:34:03,,,,1,{'M': ''},0,0,N,,,buy,buy
2026-09-11 12:18:06,118050,航宇转债,hyzz,268.6,-0.29,688239,航宇科技,hykj,54.39,-2.18,4.66,24.81,219.23,0,22.52,291.12,650201,国防军工,shkc,C,2024-09-10,[],0,0,buy,AA-,,17.367,32.253,6.4,buy,2030-08-21,3.945,6.597,39906.38,40011.97,22.76,-18.82,,0,14:59:58,00,Y,N,0,0,Y,,2025-02-27 开始转股,计算使用4.0年期 评级为AA- 债参考YTM：2.2885,N,6.67,全价：268.600 最后更新：14:59:58,,,,0,"{'G': '本次（2026年5月28日至2026年6月17日）不提前赎回，自2026年9月18日为首个交易日重新计算', 'M': ''}",0,0,N,,,buy,buy
2026-09-11 12:18:06,113710,四方转债,sfzz,100.0,0.0,603339,四方科技,sfkj,12.09,0.33,1.34,14.87,81.31,179,22.99,122.99,640105,机械设备,shmb,C,,[],0,0,buy,AA,,10.409,19.331,27.4,buy,2032-09-02,5.981,10.234,0.0,11722.23,0.0,2.16,,0,,00,Y,N,0,0,Y,,未到转股期；2027-03-09 开始转股,计算使用6.0年期 评级为AA 债参考YTM：2.0241,N,10.234,待上市,,,,0,[],0,0,N,,,buy,buy
2026-09-11 12:18:06,118027,宏图转债,htzz,86.831,0.54,688066,*ST航图,htht,9.26,0.22,-1.78,13.12,70.58,0,23.03,109.86,710301,计算机,shkc,C,2022-12-22,[],0,0,buy,CC,,9.184,17.056,38.5,buy,2028-11-28,2.216,9.475,6474.29,6505.34,7.89,15.69,,0,14:59:56,00,Y,N,4,3,Y,转股价下修4次，成功下修3次,2023-06-02 开始转股,计算使用2.3年期 评级为CC 债参考YTM：56.5201,Y,10.088,全价：86.831 最后更新：14:59:56,,,"按下调到底估算
股东大会：2026-09-18
预估转股价：9.13
预估转股价值：101.42
期权价值：50.27
理论价值：95.74
理论偏离度：-10.26%",0,[],0,0,N,,,buy,buy
2026-09-11 12:18:06,110099,福能转债,fnzz,144.101,0.02,600483,福能股份,fngf,11.08,0.18,1.11,9.49,116.75,0,23.42,167.52,410110,公用事业,shmb,C,2025-10-30,[],0,0,buy,AA+,,6.643,12.337,12.3,buy,2031-10-13,5.09,38.019,6866.29,18497.36,1.26,-5.18,,0,14:59:49,00,Y,N,0,0,Y,,2026-04-17 开始转股,计算使用5.1年期 评级为AA+ 债参考YTM：1.7795,N,38.02,全价：144.101 最后更新：14:59:49,,,,0,{'M': ''},0,0,N,,,buy,buy
2026-09-11 12:18:06,127109,电化转债,dhzz,147.2,-0.17,002125,湘潭电化,xtdh,11.87,-2.78,2.13,9.99,118.82,0,23.89,171.09,630702,电力设备,szmb,C,2025-07-04,[],0,0,buy,AA,,6.993,12.987,6.5,buy,2031-06-16,4.764,4.866,5563.18,17271.0,7.8,-5.21,,0,15:34:09,00,Y,N,0,0,Y,,2025-12-22 开始转股,计算使用4.8年期 评级为AA 债参考YTM：1.8396,N,4.87,全价：147.200 最后更新：15:34:09,,,,0,{'M': ''},1,0,N,,,buy,buy
2026-09-11 12:18:06,123107,温氏转债,wszz,114.719,0.17,300498,温氏股份,wsgf,14.87,-0.07,2.76,16.09,92.42,0,24.13,138.85,110702,农林牧渔,szcy,C,2021-04-21,[],0,0,buy,AAA,,11.263,20.917,8.7,buy,2027-03-29,0.545,77.063,10017.62,54254.75,1.14,-10.74,,0,15:34:03,00,Y,N,0,0,Y,,2021-10-08 开始转股,计算使用0.6年期 评级为AAA 债参考YTM：1.5071,N,92.97,全价：114.719 最后更新：15:34:03,,,,1,{'M': ''},0,0,N,,,buy,buy
2026-09-11 12:18:06,127045,牧原转债,myzz,121.1,-1.01,002714,牧原股份,mygf,42.18,-0.09,3.04,43.32,97.37,0,24.37,145.47,110702,农林牧渔,szmb,C,2021-09-10,[],0,0,buy,AAA,,30.324,56.316,6.9,buy,2027-08-16,0.929,95.429,10157.24,130241.33,0.88,-12.54,,0,15:34:42,00,Y,Y,0,0,Y,,2022-02-21 开始转股,计算使用1.0年期 评级为AAA 债参考YTM：1.5295,N,95.5,全价：121.100 最后更新：15:34:42,,,,1,{'M': ''},0,0,N,,,buy,buy
2026-09-11 12:18:06,127027,能化转债,nhzz,110.301,-0.33,000552,甘肃能化,gsnh,2.59,-2.63,0.82,2.93,88.4,0,24.78,135.08,740101,煤炭,szmb,C,2021-01-22,[],0,0,buy,AAA,,2.051,3.809,20.2,buy,2026-12-10,0.247,19.463,4910.66,23639.27,2.29,-1.12,,0,15:33:57,00,Y,N,0,0,Y,,2021-06-16 开始转股,计算使用0.3年期 评级为AAA 债参考YTM：1.5000,N,28.0,全价：110.301 最后更新：15:33:57,,,,1,{'M': ''},0,0,N,,,buy,buy
2026-09-11 12:18:06,127103,东南转债,dnzz,135.376,-0.6,002135,东南网架,dnwj,6.06,-2.88,1.07,5.59,108.41,0,24.88,160.26,620401,建筑装饰,szmb,C,2024-01-24,[],0,0,buy,AA,,3.913,7.267,32.4,buy,2030-01-03,3.315,19.999,6470.5,6965.58,2.4,-5.59,,0,15:33:57,00,Y,N,0,0,Y,,2024-07-09 开始转股,计算使用3.4年期 评级为AA 债参考YTM：1.7483,N,20.0,全价：135.376 最后更新：15:33:57,,,,0,{'M': ''},0,0,N,,,buy,buy
2026-09-11 12:18:06,123257,安克转债,akzz,149.611,1.0,300866,安克创新,akcx,127.43,-1.46,6.47,106.72,119.41,0,25.3,174.91,270503,电子,szcy,C,2025-07-04,[],0,0,buy,AA+,,74.704,138.736,2.8,buy,2031-06-16,4.764,11.046,12014.28,34042.29,7.34,-5.93,,0,15:34:30,00,Y,N,0,0,Y,,2025-12-22 开始转股,计算使用4.8年期 评级为AA+ 债参考YTM：1.7713,N,11.048,全价：149.611 最后更新：15:34:30,,,,0,{'M': ''},0,0,N,,,buy,buy
2026-09-11 12:18:06,123149,通裕转债,tyzz,129.141,-0.16,300185,通裕重工,tyzg,2.79,-0.36,1.54,2.71,102.95,0,25.44,154.58,630602,电力设备,szcy,C,2022-07-15,[],0,0,buy,AA,,1.897,3.523,10.3,buy,2028-06-20,1.775,11.069,4554.84,24431.49,3.2,-6.94,,0,15:34:09,00,Y,N,0,0,Y,,2022-12-26 开始转股,计算使用1.8年期 评级为AA 债参考YTM：1.6348,N,14.847,全价：129.141 最后更新：15:34:09,,,,1,{'M': ''},0,0,N,,,buy,buy
2026-09-11 12:18:06,113052,兴业转债,xyzz,113.377,-0.32,601166,兴业银行,xyyh,18.13,-0.6,0.4,20.13,90.07,0,25.88,139.26,480301,银行,shmb,C,2022-01-14,[],0,0,buy,AAA,,,26.169,10.8,buy,2027-12-27,1.293,413.5,29992.6,136061.2,0.64,-1.44,,0,14:59:59,00,Y,Y,0,0,Y,,2022-06-30 开始转股,计算使用1.3年期 评级为AAA 债参考YTM：1.5368,N,500.0,全价：113.377 最后更新：14:59:59,,,,0,{'M': ''},0,0,N,,,buy,buy
2026-09-11 12:18:06,118062,天准转债,tzzz,174.814,0.46,688003,天准科技,tzkj,75.94,-2.6,7.31,55.13,137.75,0,26.91,201.72,640704,机械设备,shkc,C,2025-12-31,[],0,0,buy,AA-,,38.591,66.156,5.9,buy,2031-12-12,5.255,8.719,33152.29,32457.99,22.15,-7.64,,0,14:59:59,00,Y,N,0,0,Y,,2026-06-18 开始转股,计算使用5.3年期 评级为AA- 债参考YTM：2.4620,N,8.72,全价：174.814 最后更新：14:59:59,,,,0,"{'G': '本次（2026年6月18日至2026年7月9日）不提前赎回，以2026年10月10日为首个交易日重新计算', 'M': ''}",0,0,N,120%,,buy,buy
2026-09-11 12:18:06,111017,蓝天转债,ltzz,130.257,-0.55,605368,蓝天燃气,ltrq,6.87,-1.15,1.43,6.72,102.23,0,27.41,157.67,410301,公用事业,shmb,C,2023-09-08,[],0,0,buy,AA,,4.704,8.736,13.7,buy,2029-08-15,2.929,6.715,3030.15,2996.59,3.47,-4.72,,0,14:58:48,00,Y,N,1,1,Y,转股价下修1次，成功下修1次,2024-02-21 开始转股,计算使用3.0年期 评级为AA 债参考YTM：1.7146,N,8.7,全价：130.257 最后更新：14:58:48,,,,0,[],0,0,N,,,buy,buy
2026-09-11 12:18:06,127095,广泰转债,gtzz,142.916,-0.75,002111,威海广泰,whgt,9.9,-0.6,1.67,8.83,112.12,0,27.47,170.39,650201,国防军工,szmb,C,2023-11-10,[],0,0,buy,AA-,,6.181,11.479,14.3,buy,2029-10-18,3.104,6.927,7138.89,7907.99,7.25,-5.76,,0,15:34:09,00,Y,N,0,0,Y,,2024-04-24 开始转股,计算使用3.2年期 评级为AA- 债参考YTM：2.2224,N,7.0,全价：142.916 最后更新：15:34:09,,,,0,[],0,0,N,,,buy,buy
2026-09-11 12:18:06,113643,风语转债,fyzz,143.797,2.63,603466,风语筑,fyz,13.27,10.03,3.66,11.8,112.46,0,27.87,171.67,720706,传媒,shmb,C,2022-04-22,[],0,0,buy,AA-,,8.26,15.34,6.3,buy,2028-03-25,1.537,4.992,100973.73,109744.23,140.87,-12.7,,0,15:00:00,00,Y,N,1,1,Y,转股价下修1次，成功下修1次,2022-10-10 开始转股,计算使用1.6年期 评级为AA- 债参考YTM：1.8996,N,5.0,全价：143.797 最后更新：15:00:00,,,,1,{'M': ''},0,0,N,,,buy,buy
2026-09-11 12:18:06,110098,南药转债,nyzz,133.883,0.07,600713,南京医药,njyy,5.18,-1.89,0.93,4.95,104.65,0,27.94,161.82,370402,医药生物,shmb,C,2025-01-20,[],0,0,buy,AA+,,3.465,6.435,16.2,buy,2030-12-25,4.29,10.814,5272.42,5568.65,3.67,-4.08,,0,14:59:51,00,Y,N,0,0,N,2026-09-09 至 2026-09-16 期间暂停转股：权益分派,2025-07-01 开始转股;2026-09-09 至 2026-09-16 期间暂停转股：权益分派,计算使用4.3年期 评级为AA+ 债参考YTM：1.7634,N,10.815,全价：133.883 最后更新：14:59:51,,,,0,[],0,0,N,,,buy,buy
2026-09-11 12:18:06,123178,花园转债,hyzz,138.814,-0.85,300401,花园生物,hysw,14.45,-3.41,2.2,13.34,108.32,0,28.15,166.96,370101,医药生物,szcy,C,2023-03-23,[],0,0,buy,AA-,,9.338,17.342,15.0,buy,2029-03-06,2.485,11.58,8206.74,32061.5,5.14,-6.27,,0,15:34:12,00,Y,N,1,1,Y,转股价下修1次，成功下修1次,2023-09-11 开始转股,计算使用2.5年期 评级为AA- 债参考YTM：2.0537,N,12.0,全价：138.814 最后更新：15:34:12,,,,0,{'M': ''},0,0,N,,,buy,buy
2026-09-11 12:18:06,127056,中特转债,ztzz,124.443,-0.31,000708,中信特钢,zxtg,13.47,-0.22,1.53,13.89,96.98,0,28.32,152.76,230501,钢铁,szmb,C,2022-04-15,[],0,0,buy,AAA,,9.723,18.057,7.4,buy,2028-02-25,1.458,49.996,7124.67,30361.37,1.15,-9.6,,0,15:34:51,00,Y,N,1,1,Y,转股价下修1次，成功下修1次,2022-09-05 开始转股,计算使用1.5年期 评级为AAA 债参考YTM：1.5475,N,50.0,全价：124.443 最后更新：15:34:51,,,,0,{'M': ''},0,0,N,,,buy,buy
2026-09-11 12:18:06,113695,华辰转债,hczz,141.574,-0.47,603097,江苏华辰,jshc,18.4,-2.9,3.78,16.68,110.31,0,28.34,169.91,630801,电力设备,shmb,C,2025-07-10,[],0,0,buy,A+,,11.676,21.684,11.1,buy,2031-06-20,4.775,4.597,6186.75,2189.72,9.55,-3.68,,0,14:59:52,00,Y,N,0,0,Y,,2025-12-26 开始转股,计算使用4.8年期 评级为A+ 债参考YTM：4.6956,N,4.6,全价：141.574 最后更新：14:59:52,,,,0,[],0,0,N,,,buy,buy
2026-09-11 12:18:06,123114,三角转债,sjzz,126.43,0.03,300775,三角防务,sjfw,22.34,-0.8,2.03,22.69,98.46,0,28.41,154.84,650201,国防军工,szcy,C,2021-06-11,[],0,0,buy,AA-,,15.883,29.497,7.6,buy,2027-05-25,0.701,8.999,6494.07,32214.53,5.74,-12.94,,0,15:34:00,00,Y,N,1,1,Y,转股价下修1次，成功下修1次,2021-11-30 开始转股,计算使用0.8年期 评级为AA- 债参考YTM：1.7658,N,9.044,全价：126.430 最后更新：15:34:00,,,,1,{'M': ''},0,0,N,,,buy,buy
2026-09-11 12:18:06,111002,特纸转债,tzzz,134.055,-1.08,605007,五洲特纸,wztz,14.08,-2.76,1.76,13.49,104.37,0,28.44,162.5,360103,轻工制造,shmb,C,2021-12-30,[],0,0,buy,AA,,9.443,17.537,9.9,buy,2027-12-08,1.241,6.619,5425.51,4724.65,6.13,-12.53,,0,14:59:16,00,Y,N,1,1,Y,转股价下修1次，成功下修1次,2022-06-14 开始转股,计算使用1.3年期 评级为AA 债参考YTM：1.6036,N,6.7,全价：134.055 最后更新：14:59:16,,,,1,[],0,0,N,,,buy,buy
2026-09-11 12:18:06,113686,泰瑞转债,trzz,150.142,-0.55,603289,泰瑞机器,trjq,9.33,-2.3,1.88,8.0,116.63,0,28.74,178.88,640209,机械设备,shmb,C,2024-07-24,[],0,0,buy,AA-,,5.6,10.4,12.3,buy,2030-07-02,3.808,3.363,3320.26,3323.48,6.58,-5.92,,0,15:00:00,00,Y,N,0,0,Y,,2025-01-08 开始转股,计算使用3.9年期 评级为AA- 债参考YTM：2.2793,N,3.378,全价：150.142 最后更新：15:00:00,,,,0,[],0,0,N,,,buy,buy
2026-09-11 12:18:06,127037,银轮转债,ylzz,486.185,-1.44,002126,银轮股份,ylgf,38.77,-1.95,4.36,10.27,377.51,0,28.79,514.98,280203,汽车,szmb,C,2021-07-09,[],0,0,buy,AA,,7.189,13.351,1.6,buy,2027-06-07,0.737,5.055,30260.05,54160.86,12.46,-104.99,,0,15:34:42,00,Y,N,0,0,Y,,2021-12-13 开始转股,计算使用0.8年期 评级为AA 债参考YTM：1.5611,N,7.0,全价：486.185 最后更新：15:34:42,,,,1,"{'G': '本次（2026年5月27日至2026年6月16日）不提前赎回，2027年5月16日后首个交易日重新计算', 'M': ''}",0,0,N,,,buy,buy
2026-09-11 12:18:06,118016,京源转债,jyzz,145.613,-0.65,688096,京源环保,jyhb,7.78,-2.51,2.14,6.91,112.59,0,29.33,174.94,760102,环保,shkc,C,2022-08-25,[],0,0,buy,A,,4.837,8.983,9.2,buy,2028-08-05,1.901,1.675,2997.69,3924.93,12.36,-10.79,,0,14:59:54,00,Y,N,0,0,Y,,2023-02-13 开始转股,计算使用2.0年期 评级为A 债参考YTM：6.6476,N,3.325,全价：145.613 最后更新：14:59:54,,,,1,{'M': ''},0,0,N,,,buy,buy
2026-09-11 12:18:06,118064,联瑞转债,lrzz,366.975,-0.35,688300,联瑞新材,lrxc,178.69,-2.55,24.16,63.05,283.41,0,29.49,396.47,220901,基础化工,shkc,C,2026-01-28,[],0,0,buy,AA,,44.135,81.965,1.6,buy,2032-01-08,5.329,6.949,178787.84,276376.84,71.48,-19.93,,0,15:00:00,00,Y,N,0,0,Y,,2026-07-14 开始转股,计算使用5.4年期 评级为AA 债参考YTM：1.8962,N,6.95,全价：366.975 最后更新：15:00:00,,,,0,"{'G': '本次（2026年7月14日至2026年8月3日）不提前赎回，以2026年11月4日为首个交易日重新计算', 'M': '', 'EX': '债券持有人及其一致行动人大宗减持11.23% 2026年09月01日公告'}",0,0,N,,,buy,buy
2026-09-11 12:18:06,127092,运机转债,yjzz,313.2,-0.57,001288,运机集团,yjjt,28.67,-3.08,2.81,11.91,240.72,0,30.11,343.31,640203,机械设备,szmb,C,2023-10-20,[],0,0,buy,AA-,,8.337,15.483,12.1,buy,2029-09-21,3.03,5.249,19169.84,8039.58,11.81,-27.44,,0,15:34:51,00,Y,N,0,0,Y,,2024-03-27 开始转股,计算使用3.1年期 评级为AA- 债参考YTM：2.2058,N,7.3,全价：313.200 最后更新：15:34:51,,,,0,{'G': '本次（2025年12月8日至2025年12月26日）不提前赎回，以2026年12月26日后的首个交易日起重新计算'},0,0,N,,,buy,buy
2026-09-11 12:18:06,118051,皓元转债,hyzz,283.028,-3.81,688131,皓元医药,hyyy,87.28,-3.84,5.62,40.22,217.01,0,30.42,313.45,370603,医药生物,shkc,C,2024-12-19,[],0,0,buy,AA-,,28.154,52.286,4.4,buy,2030-11-28,4.216,8.218,39818.44,31771.01,17.25,-19.13,,0,14:59:52,00,Y,N,0,0,N,2026-09-11 起暂停转股：权益分派,2025-06-04 开始转股;2026-09-11 起暂停转股：权益分派,计算使用4.3年期 评级为AA- 债参考YTM：2.3139,N,8.223,全价：283.028 最后更新：14:59:52,,,,0,"{'G': '本次（2026年5月20日至2026年6月9日）不提前赎回，以2026年10月12日为首个交易日重新计算', 'M': ''}",0,0,N,,,buy,buy
2026-09-11 12:18:06,113673,岱美转债,dmzz,187.412,-1.81,603730,岱美股份,dmgf,10.23,-4.12,4.67,7.12,143.68,0,30.44,217.85,280202,汽车,shmb,C,2023-08-10,[],0,0,buy,AA,,4.984,9.256,4.1,buy,2029-07-18,2.852,9.078,12453.84,16314.78,7.31,-15.86,,0,14:59:57,00,Y,N,1,1,Y,转股价下修1次，成功下修1次,2024-01-24 开始转股,计算使用2.9年期 评级为AA 债参考YTM：1.7079,N,9.079,全价：187.412 最后更新：14:59:57,,,,0,{'M': ''},0,0,N,,,buy,buy
2026-09-11 12:18:06,113054,绿动转债,ldzz,126.136,0.43,601330,绿色动力,lsdl,8.36,1.7,1.42,8.67,96.42,0,30.81,156.95,760103,环保,shmb,C,2022-03-23,[],0,0,buy,AA+,,6.069,11.271,28.5,buy,2028-02-25,1.458,23.598,10628.71,19825.91,3.6,-8.61,,0,14:59:40,00,Y,N,0,0,Y,,2022-09-05 开始转股,计算使用1.5年期 评级为AA+ 债参考YTM：1.5880,N,23.6,全价：126.136 最后更新：14:59:40,,,,1,[],0,0,N,,,buy,buy
2026-09-11 12:18:06,110097,天润转债,trzz,140.753,-1.78,600419,天润乳业,trry,8.8,-2.22,1.11,8.19,107.45,0,31.0,171.75,340702,食品饮料,shmb,C,2024-11-15,[],0,0,buy,AA,,5.733,10.647,35.6,buy,2030-10-24,4.121,9.89,13621.94,5446.56,9.8,-4.92,,0,14:59:57,00,Y,N,0,0,Y,,2025-04-30 开始转股,计算使用4.2年期 评级为AA 债参考YTM：1.8231,N,9.9,全价：140.753 最后更新：14:59:57,,,,0,[],0,0,N,,,buy,buy
2026-09-11 12:18:06,113640,苏利转债,slzz,129.603,-0.92,603585,苏利股份,slgf,10.72,-4.46,1.03,10.84,98.89,0,31.05,160.65,220803,基础化工,shmb,C,2022-03-10,[],0,0,buy,AA-,,7.588,14.092,25.5,buy,2028-02-16,1.433,7.39,8260.55,7026.59,8.65,-6.98,,0,14:59:55,00,Y,N,2,2,Y,转股价下修2次，成功下修2次,2022-08-22 开始转股,计算使用1.5年期 评级为AA- 债参考YTM：1.8880,N,9.572,全价：129.603 最后更新：14:59:55,,,,1,[],0,0,N,,,buy,buy
2026-09-11 12:18:06,123104,卫宁转债,wnzz,124.6,0.03,300253,卫宁健康,wnjk,6.66,-2.49,2.67,7.02,94.87,0,31.34,155.94,710401,计算机,szcy,C,2021-03-31,[],0,0,buy,AA,,4.914,9.126,7.9,buy,2027-03-16,0.51,9.699,3178.74,23627.92,2.63,-7.29,,0,15:33:57,00,Y,N,2,2,Y,转股价下修2次，成功下修2次,2021-09-22 开始转股,计算使用0.6年期 评级为AA 债参考YTM：1.5367,N,9.703,全价：124.600 最后更新：15:33:57,,,,1,{'M': ''},0,0,N,,,buy,buy
2026-09-11 12:18:06,118034,晶能转债,jnzz,117.742,-0.05,688223,晶科能源,jkny,3.9,-1.76,1.66,4.36,89.45,0,31.63,149.37,630502,电力设备,shkc,C,2023-05-19,[],0,0,buy,AA+,,3.052,5.232,20.8,buy,2029-04-20,2.608,83.22,10052.25,33836.01,1.03,-2.17,,0,14:59:35,00,Y,N,2,2,Y,转股价下修2次，成功下修2次,2023-10-26 开始转股,计算使用2.7年期 评级为AA+ 债参考YTM：1.6575,N,100.0,全价：117.742 最后更新：14:59:35,,,,0,{'M': ''},0,0,N,120%,,buy,buy
2026-09-11 12:18:06,123150,九强转债,jqzz,129.35,-0.38,300406,九强生物,jqsw,11.25,-1.66,1.84,11.45,98.25,0,31.65,161.0,370504,医药生物,szcy,C,2022-07-20,[],0,0,buy,AA-,,8.015,14.885,23.5,buy,2028-06-30,1.803,11.21,2219.96,4318.37,1.54,-7.63,,0,15:34:00,00,Y,N,1,1,Y,转股价下修1次，成功下修1次,2023-01-06 开始转股,计算使用1.9年期 评级为AA- 债参考YTM：1.9344,N,11.39,全价：129.350 最后更新：15:34:00,,,,1,{'M': ''},0,0,N,,,buy,buy
2026-09-11 12:18:06,127096,泰坦转债,ttzz,510.5,0.12,003036,泰坦股份,ttgf,51.13,-2.59,7.37,13.2,387.35,0,31.79,542.29,640206,机械设备,szmb,C,2023-11-15,[],0,0,buy,A,,9.24,17.16,2.6,buy,2029-10-25,3.123,2.875,103826.5,34568.14,72.11,-37.55,,0,15:33:54,00,Y,N,0,0,Y,,2024-05-06 开始转股,计算使用3.2年期 评级为A 债参考YTM：6.9231,N,2.955,全价：510.500 最后更新：15:33:54,,,,0,{'G': '本次（2026年6月12日至2026年7月3日）不提前赎回，以2026年10月3日后首个交易日起重新计算'},0,0,N,,,buy,buy
2026-09-11 12:18:06,127088,赫达转债,hdzz,166.846,-0.77,002810,山东赫达,sdhd,20.89,-2.66,3.09,16.61,125.77,0,32.66,199.51,220309,基础化工,szmb,C,2023-07-19,[],0,0,buy,AA-,,11.627,21.593,8.9,buy,2029-07-03,2.811,5.996,5679.48,10511.86,5.72,-11.62,,0,15:34:48,00,Y,N,0,0,Y,,2024-01-08 开始转股,计算使用2.9年期 评级为AA- 债参考YTM：2.1600,N,6.0,全价：166.846 最后更新：15:34:48,,,,0,"{'G': '本次（2026年3月30日至2026年4月20日）不提前赎回，自2026年10月21日起重新计算', 'M': ''}",0,0,N,,,buy,buy
2026-09-11 12:18:06,118030,睿创转债,rczz,607.923,-1.22,688002,睿创微纳,rcwn,177.0,-3.51,10.17,38.66,457.84,0,32.78,640.7,270105,电子,shkc,C,2023-02-10,[],0,0,buy,AA,,27.062,50.258,1.5,buy,2028-12-30,2.304,12.622,79429.27,405269.28,10.56,-52.2,,0,15:00:00,00,Y,N,0,0,N,2026-09-10 至 2026-09-17 期间暂停转股：权益分派,2023-07-06 开始转股;2026-09-10 至 2026-09-17 期间暂停转股：权益分派,计算使用2.4年期 评级为AA 债参考YTM：1.6745,N,15.647,全价：607.923 最后更新：15:00:00,,,,0,"{'G': '本次（2026年3月18日至2026年4月8日）不提前赎回，以2027年4月9日为首个交易日重新计算', 'M': ''}",0,0,N,,,buy,buy
2026-09-11 12:18:06,127064,杭氧转债,hyzz,138.369,-0.15,002430,杭氧股份,hygf,26.75,-1.47,2.57,25.67,104.21,0,32.78,171.15,220309,基础化工,szmb,C,2022-07-05,[],0,0,buy,AA+,,17.969,33.371,4.3,buy,2028-05-19,1.688,11.364,6819.43,45507.29,4.38,-12.94,,0,15:34:03,00,Y,N,1,1,Y,转股价下修1次，成功下修1次,2022-11-25 开始转股,计算使用1.7年期 评级为AA+ 债参考YTM：1.5999,N,11.37,全价：138.369 最后更新：15:34:03,,,,1,{'M': ''},0,0,N,,,buy,buy
2026-09-11 12:18:06,110075,南航转债,nhzz,106.369,0.03,600029,南方航空,nfhk,4.93,-1.4,2.97,6.17,79.9,0,33.12,139.49,421001,交通运输,shmb,C,2020-11-03,[],0,0,buy,AAA,,4.319,8.021,8.9,buy,2026-10-15,0.093,58.958,10188.93,51194.4,1.62,1.36,,0,14:59:51,00,Y,N,0,0,Y,,2021-04-21 开始转股,计算使用0.1年期 评级为AAA 债参考YTM：1.5000,N,160.0,全价：106.369 最后更新：14:59:51,,,,1,"{'R': '到期\n最后交易日：2026-10-09\n最后转股日：2026-10-14\n债券到期日：2026-10-15\n到期赎回价：106.500元/张', 'M': ''}",0,0,N,,,buy,buy
2026-09-11 12:18:06,113661,福22转债,f22zz,132.319,0.1,603806,福斯特,fst,14.48,-1.56,2.25,14.59,99.25,0,33.32,165.64,630504,电力设备,shmb,C,2022-12-22,[],0,0,buy,AA,,10.213,18.967,8.0,buy,2028-11-22,2.2,30.297,14073.12,21735.13,3.52,-6.94,,0,14:59:55,00,Y,N,1,1,Y,转股价下修1次，成功下修1次,2023-05-29 开始转股,计算使用2.2年期 评级为AA 债参考YTM：1.6611,N,30.3,全价：132.319 最后更新：14:59:55,,,,0,{'M': ''},0,0,N,,,buy,buy
2026-09-11 12:18:06,127082,亚科转债,ykzz,132.736,-0.31,002540,亚太科技,ytkj,5.17,-1.34,1.15,5.22,99.04,0,34.02,166.76,240301,有色金属,szmb,C,2023-04-27,[],0,0,buy,AA,,3.654,6.786,26.1,buy,2029-03-09,2.493,11.585,5163.07,6077.94,3.37,-5.58,,0,15:33:54,00,Y,N,0,0,Y,,2023-09-15 开始转股,计算使用2.5年期 评级为AA 债参考YTM：1.6812,N,11.59,全价：132.736 最后更新：15:33:54,,,,0,[],0,0,N,,,buy,buy
2026-09-11 12:18:06,128142,新乳转债,xrzz,111.0,-0.33,002946,新乳业,xry,14.47,-1.5,3.43,17.5,82.69,0,34.24,145.24,340702,食品饮料,szmb,C,2021-01-19,[],0,0,buy,AA,,12.25,22.75,5.8,buy,2026-12-18,0.269,7.178,2299.79,7264.93,2.89,-3.39,,0,15:34:12,00,Y,N,0,0,Y,,2021-06-24 开始转股,计算使用0.3年期 评级为AA 债参考YTM：1.5300,N,7.18,全价：111.000 最后更新：15:34:12,,,,1,{'M': ''},0,0,N,,,buy,buy
2026-09-11 12:18:06,123131,奥飞转债,afzz,257.383,0.02,300738,奥飞数据,afsj,19.17,-1.39,5.07,10.05,190.75,0,34.93,292.31,730104,通信,szcy,C,2021-12-22,[],0,0,buy,A+,,7.035,13.065,1.7,buy,2027-12-03,1.227,3.159,26769.91,48218.49,33.52,-47.72,,0,15:34:00,00,Y,N,0,0,Y,,2022-06-09 开始转股,计算使用1.3年期 评级为A+ 债参考YTM：4.1976,N,6.35,全价：257.383 最后更新：15:34:00,,,,1,"{'G': '本次（2026年5月21日至2026年6月10日）不提前赎回，以2026年12月10日后的首个交易日重新计算', 'M': ''}",0,0,N,,,buy,buy
2026-09-11 12:18:06,123173,恒锋转债,hfzz,135.416,-0.53,300605,恒锋信息,hfxx,10.03,-3.09,3.81,10.0,100.3,0,35.01,170.43,710401,计算机,szcy,C,2023-02-08,[],0,0,buy,BBB+,,7.0,13.0,18.4,buy,2028-12-30,2.304,2.33,2309.65,5990.44,7.36,-5.47,,0,15:34:09,00,Y,N,1,1,Y,转股价下修1次，成功下修1次,2023-07-06 开始转股,计算使用2.4年期 评级为BBB+ 债参考YTM：12.2454,N,2.424,全价：135.416 最后更新：15:34:09,,,,0,[],0,0,N,,,buy,buy
2026-09-11 12:18:06,111012,福新转债,fxzz,339.079,-0.29,605488,福莱新材,flxc,27.85,-3.57,3.68,11.11,250.68,0,35.27,374.35,220505,基础化工,shmb,C,2023-02-07,[],0,0,buy,A+,,7.777,14.443,1.2,buy,2029-01-04,2.318,1.016,19634.37,15474.06,58.03,-36.78,,0,14:59:59,00,Y,N,0,0,Y,,2023-07-10 开始转股,计算使用2.4年期 评级为A+ 债参考YTM：4.3796,N,4.29,全价：339.079 最后更新：14:59:59,,,,0,{'G': '本次（2026年6月22日至2026年7月10日）不提前赎回，自2026年10月10日之后的首个交易日重新起算'},0,0,N,,,buy,buy
2026-09-11 12:18:06,127060,湘佳转债,xjzz,125.793,-1.04,002982,湘佳股份,xjgf,12.78,-3.4,1.53,13.8,92.61,0,35.83,161.62,110703,农林牧渔,szmb,C,2022-06-10,[],0,0,buy,A+,,9.66,17.94,38.5,buy,2028-04-19,1.606,6.399,3589.33,5302.45,4.46,-7.25,,0,15:34:51,00,Y,N,1,1,Y,转股价下修1次，成功下修1次,2022-10-25 开始转股,计算使用1.7年期 评级为A+ 债参考YTM：4.2547,N,6.4,全价：125.793 最后更新：15:34:51,,,,0,[],0,0,N,,,buy,buy
2026-09-11 12:18:06,123133,佩蒂转债,pdzz,127.426,-0.78,300673,佩蒂股份,pdgf,14.06,-3.17,1.92,15.0,93.73,0,35.95,163.38,110404,农林牧渔,szcy,C,2022-01-21,[],0,0,buy,AA-,,10.5,19.5,31.9,buy,2027-12-22,1.28,7.198,5397.78,5214.57,5.91,-6.55,,0,15:34:06,00,Y,N,2,2,Y,转股价下修2次，成功下修2次,2022-06-28 开始转股,计算使用1.3年期 评级为AA- 债参考YTM：1.8620,N,7.2,全价：127.426 最后更新：15:34:06,,,,1,[],0,0,N,,,buy,buy
2026-09-11 12:18:06,118036,力合转债,lhzz,138.917,-0.53,688589,力合微,lhw,18.86,-2.03,2.61,18.5,101.95,0,36.27,175.19,270104,电子,shkc,C,2023-07-20,[],0,0,buy,AA-,,12.95,24.05,13.9,buy,2029-06-28,2.797,3.8,3689.37,4303.19,7.04,-5.61,,0,14:59:50,00,Y,N,2,2,Y,转股价下修2次，成功下修2次,2024-01-04 开始转股,计算使用2.8年期 评级为AA- 债参考YTM：2.1340,N,3.8,全价：138.917 最后更新：14:59:50,,,,0,{'M': ''},0,0,N,,,buy,buy
2026-09-11 12:18:06,118044,XD赛特转,stzz,147.242,1.06,688398,赛特新材,stxc,20.27,-0.34,2.99,18.85,107.53,0,36.93,184.17,220309,基础化工,shkc,C,2023-10-12,[],0,0,buy,A+,,13.195,24.505,13.0,buy,2029-09-11,3.0,4.42,7251.38,2488.01,11.22,-7.61,,0,14:59:47,00,Y,N,1,1,Y,转股价下修1次，成功下修1次,2024-03-15 开始转股,计算使用3.0年期 评级为A+ 债参考YTM：4.5346,N,4.42,全价：147.242 最后更新：14:59:47,,,,0,"{'G': '本次（2026年3月10日至2026年4月20日）不提前赎回，以2026年10月21日起算', 'M': ''}",0,0,N,,,buy,buy
2026-09-11 12:18:06,127050,麒麟转债,qlzz,122.297,-0.28,002984,森麒麟,sql,13.4,-2.47,1.0,15.07,88.92,0,37.54,159.84,280204,汽车,szmb,C,2021-12-06,[],0,0,buy,AA,,10.549,19.591,21.8,buy,2027-11-11,1.167,20.86,9023.43,12248.43,3.55,-7.51,,0,15:34:51,00,Y,N,2,2,Y,转股价下修2次，成功下修2次,2022-05-17 开始转股,计算使用1.2年期 评级为AA 债参考YTM：1.5964,N,21.989,全价：122.297 最后更新：15:34:51,,,,1,{'M': ''},0,0,N,,,buy,buy
2026-09-11 12:18:06,113659,莱克转债,lkzz,131.48,1.61,603355,莱克电气,lkdq,30.18,2.06,2.9,31.72,95.15,0,38.19,169.67,330302,家用电器,shmb,C,2022-11-15,[],0,0,buy,AA,,22.204,41.236,6.9,buy,2028-10-14,2.093,11.998,12768.76,14264.13,8.18,-7.0,,0,14:59:53,00,Y,N,0,0,Y,,2023-04-20 开始转股,计算使用2.1年期 评级为AA 债参考YTM：1.6544,N,12.0,全价：131.480 最后更新：14:59:53,,,,0,{'M': ''},0,0,N,,,buy,buy
2026-09-11 12:18:06,123241,欧通转债,otzz,906.5,-1.36,300870,欧陆通,olt,201.45,-2.28,11.7,30.8,654.06,0,38.6,945.1,630306,电力设备,szcy,C,2024-07-26,[],0,0,buy,AA-,,21.56,40.04,0.8,buy,2030-07-05,3.816,2.604,112210.69,101677.89,48.45,-42.03,,0,15:34:21,00,Y,N,0,0,Y,,2025-01-13 开始转股,计算使用3.9年期 评级为AA- 债参考YTM：2.2793,N,6.445,全价：906.500 最后更新：15:34:21,,,,0,"{'G': '本次（2026年8月10日至2026年8月28日）不提前赎回，自2026年11月28日后首个交易日重新计算', 'M': ''}",0,0,N,,,buy,buy
2026-09-11 12:18:06,127031,洋丰转债,yfzz,118.215,0.1,000902,新洋丰,xyf,14.18,-1.53,1.41,16.79,84.46,0,39.97,158.19,220805,基础化工,szmb,C,2021-04-23,[],0,0,buy,AA,,11.753,21.827,6.2,buy,2027-03-25,0.534,9.999,3482.11,19906.26,2.96,-9.89,,0,15:34:42,00,Y,N,1,1,Y,转股价下修1次，成功下修1次,2021-10-08 开始转股,计算使用0.6年期 评级为AA 债参考YTM：1.5367,N,10.0,全价：118.215 最后更新：15:34:42,,,,1,{'M': ''},0,0,N,,,buy,buy
2026-09-11 12:18:06,123124,晶瑞转2,jrz2,133.652,-0.55,300655,晶瑞电材,jrdc,12.2,-2.01,5.08,12.79,95.39,0,40.12,173.77,270601,电子,szcy,C,2021-09-07,[],0,0,buy,A+,,8.953,16.627,3.8,buy,2027-08-16,0.929,5.224,3390.1,33549.38,4.89,-21.47,,1,15:34:03,00,Y,N,1,1,Y,转股价下修1次，成功下修1次,2022-02-21 开始转股,计算使用1.0年期 评级为A+ 债参考YTM：4.1495,N,5.23,全价：133.652 最后更新：15:34:03,,,,1,{'M': ''},0,0,N,,23年6月前不下修,buy,buy
2026-09-11 12:18:06,123194,百洋转债,byzz,132.324,-0.77,301015,百洋医药,byyy,23.39,-3.07,5.13,24.79,94.35,0,40.24,172.56,370402,医药生物,szcy,C,2023-05-05,[],0,0,buy,AA-,,17.353,32.227,6.9,buy,2029-04-14,2.592,8.459,6233.69,9817.34,5.58,-4.88,,0,15:34:15,00,Y,N,0,0,Y,,2023-10-20 开始转股,计算使用2.6年期 评级为AA- 债参考YTM：2.0803,N,8.6,全价：132.324 最后更新：15:34:15,,,,0,{'M': ''},0,0,N,,,buy,buy
2026-09-11 12:18:06,123158,宙邦转债,zbzz,248.2,3.34,300037,新宙邦,xzb,71.53,2.57,4.71,40.49,176.66,0,40.5,288.7,630702,电力设备,szcy,C,2022-10-21,[],0,0,buy,AA,,28.343,52.637,4.6,buy,2028-09-26,2.044,18.046,52313.23,137383.87,11.97,-32.31,,0,15:34:06,00,Y,N,0,0,Y,,2023-03-30 开始转股,计算使用2.1年期 评级为AA 债参考YTM：1.6544,N,19.7,全价：248.200 最后更新：15:34:06,,,,0,"{'G': '本次（2026年7月23日至2026年8月12日）不提前赎回，自2027年2月12日后首个交易日重新计算', 'M': ''}",0,0,N,,,buy,buy
2026-09-11 12:18:06,127099,盛航转债,shzz,131.939,-0.79,001205,盛航股份,shgf,14.37,-2.64,1.22,15.33,93.74,0,40.75,172.69,421101,交通运输,szmb,C,2023-12-28,[],0,0,buy,AA-,,10.731,19.929,19.0,buy,2029-12-06,3.238,4.541,3325.31,5371.03,5.55,-3.03,,0,15:34:00,00,Y,N,1,1,Y,转股价下修1次，成功下修1次,2024-06-12 开始转股,计算使用3.3年期 评级为AA- 债参考YTM：2.2353,N,7.4,全价：131.939 最后更新：15:34:00,,,,0,[],0,0,N,,,buy,buy
2026-09-11 12:18:06,123211,阳谷转债,ygzz,154.055,2.0,300121,阳谷华泰,yght,10.06,4.14,1.23,9.2,109.35,0,40.89,194.95,220604,基础化工,szcy,C,2023-08-14,[],0,0,buy,AA-,,6.44,11.96,7.1,buy,2029-07-27,2.877,3.07,78084.79,31225.09,163.13,-8.84,,0,15:34:18,00,Y,N,0,0,Y,,2024-02-02 开始转股,计算使用2.9年期 评级为AA- 债参考YTM：2.1600,N,6.5,全价：154.055 最后更新：15:34:18,,,,0,[],0,0,N,,,buy,buy
2026-09-11 12:18:06,123199,山河转债,shzz,136.585,-0.67,300452,山河药辅,shyf,12.6,-2.25,2.86,13.0,96.92,0,40.92,177.51,370101,医药生物,szcy,C,2023-07-07,[],0,0,buy,A+,,9.1,16.9,12.8,buy,2029-06-12,2.753,3.197,1511.01,4116.79,3.47,-7.22,,0,15:34:15,00,Y,N,1,1,Y,转股价下修1次，成功下修1次,2023-12-18 开始转股,计算使用2.8年期 评级为A+ 债参考YTM：4.4843,N,3.2,全价：136.585 最后更新：15:34:15,,,,0,[],0,0,N,,,buy,buy
2026-09-11 12:18:06,118035,国力转债,glzz,153.387,-1.63,688103,国力电子,gldz,67.82,-2.88,5.61,62.31,108.84,0,40.93,194.32,270401,电子,shkc,C,2023-07-06,[],0,0,buy,A+,,43.617,81.003,7.4,buy,2029-06-12,2.753,4.799,7827.11,13195.72,10.7,-9.13,,0,14:59:28,00,Y,N,0,0,Y,,2023-12-18 开始转股,计算使用2.8年期 评级为A+ 债参考YTM：4.4843,N,4.8,全价：153.387 最后更新：14:59:28,,,,0,{'M': ''},0,0,N,,,buy,buy
2026-09-11 12:18:06,123209,聚隆转债,jlzz,155.7,-0.19,300644,南京聚隆,njjl,19.35,-2.86,1.93,17.52,110.45,0,40.97,196.67,220503,基础化工,szcy,C,2023-08-17,[],0,0,buy,A+,,12.264,22.776,9.8,buy,2029-07-26,2.874,1.672,2500.37,4431.89,9.68,-9.61,,0,15:34:18,00,Y,N,0,0,Y,,2024-02-01 开始转股,计算使用2.9年期 评级为A+ 债参考YTM：4.5101,N,2.185,全价：155.700 最后更新：15:34:18,,,,0,[],0,0,N,,,buy,buy
2026-09-11 12:18:06,123144,裕兴转债,yxzz,126.291,0.25,300305,裕兴股份,yxgf,6.26,0.97,1.19,7.0,89.43,0,41.22,167.51,220505,基础化工,szcy,C,2022-04-27,[],0,0,buy,A,,4.9,9.1,29.8,buy,2028-04-11,1.584,5.997,3922.67,6657.61,5.21,-4.77,,0,15:33:57,00,Y,N,2,2,Y,转股价下修2次，成功下修2次,2022-10-17 开始转股,计算使用1.6年期 评级为A 债参考YTM：6.5908,N,6.0,全价：126.291 最后更新：15:33:57,,,,1,[],0,0,N,,,buy,buy
2026-09-11 12:18:06,110087,天业转债,tyzz,122.246,-0.75,600075,新疆天业,xjty,4.84,-2.42,0.89,5.6,86.43,0,41.44,163.69,220202,基础化工,shmb,C,2022-07-19,[],0,0,buy,AA+,,3.92,7.28,36.3,buy,2028-06-23,1.784,29.975,6347.97,14552.97,1.74,-5.9,,0,14:59:48,00,Y,N,1,1,Y,转股价下修1次，成功下修1次,2022-12-29 开始转股,计算使用1.8年期 评级为AA+ 债参考YTM：1.6058,N,30.0,全价：122.246 最后更新：14:59:48,,,,1,{'M': ''},0,0,N,,,buy,buy
2026-09-11 12:18:06,118013,道通转债,dtzz,168.107,-0.76,688208,道通科技,dtkj,25.53,-0.04,4.35,21.48,118.86,0,41.44,209.55,710103,计算机,shkc,C,2022-07-28,[],0,0,buy,AA,,15.036,27.924,7.5,buy,2028-07-08,1.825,12.796,10171.01,18747.13,4.75,-18.24,,0,14:59:39,00,Y,N,0,0,Y,,2023-01-16 开始转股,计算使用1.9年期 评级为AA 债参考YTM：1.6410,N,12.8,全价：168.107 最后更新：14:59:39,,,,1,{'M': ''},0,0,N,,,buy,buy
2026-09-11 12:18:06,123176,精测转2,jcz2,417.143,1.25,300567,精测电子,jcdz,189.8,-1.61,9.13,64.51,294.22,0,41.78,458.92,640107,机械设备,szcy,C,2023-03-22,[],0,0,buy,AA-,,45.157,83.863,3.0,buy,2029-03-02,2.474,12.753,92170.6,96869.8,17.73,-40.93,,0,15:34:09,00,Y,N,0,0,Y,,2023-09-08 开始转股,计算使用2.5年期 评级为AA- 债参考YTM：2.0537,N,12.76,全价：417.143 最后更新：15:34:09,,,,0,"{'G': '本次（2026年7月16日至2026年8月5日）不提前赎回，自2027年2月5日后首个交易日重新计算', 'M': ''}",0,0,N,,,buy,buy
2026-09-11 12:18:06,113067,燃23转债,r23zz,126.276,-0.46,601139,深圳燃气,szrq,6.44,-0.92,1.1,7.24,88.95,0,41.96,168.24,410301,公用事业,shmb,C,2023-08-18,[],0,0,buy,AAA,,5.068,9.412,16.2,buy,2029-07-27,2.877,29.999,7017.62,11700.43,1.86,-4.75,,0,14:59:45,00,Y,N,0,0,Y,,2024-02-02 开始转股,计算使用2.9年期 评级为AAA 债参考YTM：1.6199,N,30.0,全价：126.276 最后更新：14:59:45,,,,0,{'M': ''},0,0,N,,,buy,buy
2026-09-11 12:18:06,113677,华懋转债,hmzz,319.812,-0.82,603306,华懋科技,hmkj,75.66,-3.22,6.53,33.66,224.78,0,42.28,362.09,280202,汽车,shmb,C,2023-10-12,[],0,0,buy,AA-,,23.562,43.758,4.2,buy,2029-09-14,3.011,10.489,57068.96,84691.05,17.44,-28.95,,0,14:59:59,00,Y,N,0,0,Y,,2024-03-20 开始转股,计算使用3.1年期 评级为AA- 债参考YTM：2.2058,N,10.5,全价：319.812 最后更新：14:59:59,,,,0,"{'G': '本次（2026年6月29日至2026年7月17日）不提前赎回，自2026年10月17日之后的首个交易日重新起算', 'M': ''}",0,0,N,,,buy,buy
2026-09-11 12:18:06,113636,甬金转债,yjzz,128.454,-0.46,603995,甬金股份,yjgf,23.66,-1.58,1.42,26.22,90.24,0,42.35,170.8,230501,钢铁,shmb,C,2021-12-31,[],0,0,buy,AA-,,18.354,34.086,11.6,buy,2027-12-13,1.255,9.995,5218.98,8198.38,4.09,-6.97,,0,14:58:05,00,Y,N,1,1,Y,转股价下修1次，成功下修1次,2022-06-17 开始转股,计算使用1.3年期 评级为AA- 债参考YTM：1.8620,N,10.0,全价：128.454 最后更新：14:58:05,,,,1,{'M': ''},0,0,N,,,buy,buy
2026-09-11 12:18:06,113704,春风转债,cfzz,170.756,1.33,603129,春风动力,cfdl,289.5,0.8,5.54,241.7,119.78,96,42.56,213.32,280402,汽车,shmb,C,2026-07-07,[],0,0,buy,AA+,,169.19,314.21,4.9,buy,2032-06-09,5.748,21.79,16640.75,25278.35,4.54,-7.11,,0,14:59:59,00,Y,N,0,0,Y,,未到转股期；2026-12-16 开始转股,计算使用5.8年期 评级为AA+ 债参考YTM：1.8674,N,21.79,全价：170.756 最后更新：14:59:59,,,,0,{'M': ''},0,0,N,,,buy,buy
2026-09-11 12:18:06,118056,路维转债,lwzz,257.583,0.31,688401,路维光电,lwgd,63.7,-2.93,7.56,35.29,180.5,0,42.7,300.28,270103,电子,shkc,C,2025-07-10,[],0,0,buy,AA-,,24.703,45.877,5.0,buy,2031-06-11,4.751,6.144,42741.55,28563.92,27.33,-15.66,,0,14:59:59,00,Y,N,0,0,Y,,2025-12-17 开始转股,计算使用4.8年期 评级为AA- 债参考YTM：2.3430,N,6.15,全价：257.583 最后更新：14:59:59,,,,0,"{'G': '本次（2026年7月30日至2026年8月19日)不提前赎回，以2026年11月20日为首个交易日重新计算', 'M': ''}",0,0,N,,,buy,buy
2026-09-11 12:18:06,123222,博俊转债,bjzz,141.959,-1.12,300926,博俊科技,bjkj,16.37,-3.19,1.9,16.46,99.45,0,42.74,184.7,280205,汽车,szcy,C,2023-09-28,[],0,0,buy,A+,,11.522,21.398,5.0,buy,2029-09-08,2.995,2.438,3629.55,6868.78,10.52,-5.99,,0,15:34:27,00,Y,N,0,0,Y,,2024-03-14 开始转股,计算使用3.0年期 评级为A+ 债参考YTM：4.5346,N,5.0,全价：141.959 最后更新：15:34:27,,,,0,{'M': ''},0,0,N,,,buy,buy
2026-09-11 12:18:06,111022,锡振转债,xzzz,169.101,2.81,605319,无锡振华,wxzh,26.5,3.27,3.2,22.39,118.36,0,42.87,211.97,280205,汽车,shmb,C,2025-07-14,[],0,0,buy,AA-,,15.673,29.107,5.6,buy,2031-06-18,4.77,5.197,45733.68,17053.05,51.52,-7.44,,0,14:59:58,00,Y,N,0,0,Y,,2025-12-24 开始转股,计算使用4.8年期 评级为AA- 债参考YTM：2.3430,N,5.2,全价：169.101 最后更新：14:59:58,,,,0,[],0,0,N,,,buy,buy
2026-09-11 12:18:06,113070,渝水转债,yszz,124.538,-0.26,601158,重庆水务,cqsw,4.1,-1.2,1.15,4.72,86.86,0,43.37,167.91,760102,环保,shmb,C,2025-02-13,[],0,0,buy,AAA,,3.304,6.136,9.7,buy,2031-01-09,4.332,18.998,7558.84,3283.22,3.21,-2.6,,0,14:59:48,00,Y,N,0,0,Y,,2025-07-15 开始转股,计算使用4.4年期 评级为AAA 债参考YTM：1.7045,N,19.0,全价：124.538 最后更新：14:59:48,,,,0,{'M': ''},0,0,N,,,buy,buy
2026-09-11 12:18:06,123284,强达转债,qdzz,209.096,0.09,301628,强达电路,qddl,122.22,-2.43,7.73,84.04,145.43,167,43.78,252.88,270202,电子,szcy,C,2026-09-03,[],0,0,buy,AA-,,58.828,109.252,15.5,buy,2032-08-18,5.94,5.5,117975.22,58076.3,104.46,-9.84,,0,15:34:36,00,Y,N,0,0,Y,,未到转股期；2027-02-25 开始转股,计算使用6.0年期 评级为AA- 债参考YTM：2.9141,N,5.5,全价：209.096 最后更新：15:34:36,,,,0,{'M': ''},0,0,N,,,buy,buy
2026-09-11 12:18:06,127105,龙星转债,lxzz,130.534,-0.76,002442,龙星科技,lxkj,5.26,-2.77,1.41,5.8,90.69,0,43.93,174.46,220603,基础化工,szmb,C,2024-03-06,[],0,0,buy,AA-,,4.06,7.54,29.1,buy,2030-01-31,3.392,7.534,2961.42,7186.94,3.02,-2.67,,0,15:34:03,00,Y,N,0,0,Y,,2024-08-07 开始转股,计算使用3.4年期 评级为AA- 债参考YTM：2.2453,N,7.54,全价：130.534 最后更新：15:34:03,,,,0,[],0,0,N,,,buy,buy
2026-09-11 12:18:06,113646,永吉转债,yjzz,160.004,-0.68,603058,永吉股份,yjgf,8.93,-3.46,3.25,8.05,110.93,0,44.24,204.24,360205,轻工制造,shmb,C,2022-05-17,[],0,0,buy,AA-,,5.635,10.465,3.7,buy,2028-04-14,1.592,1.372,6035.93,8757.88,27.65,-21.14,,0,14:59:58,00,Y,N,0,0,Y,,2022-10-20 开始转股,计算使用1.6年期 评级为AA- 债参考YTM：1.8996,N,1.459,全价：160.004 最后更新：14:59:58,,,,1,[],0,0,N,,,buy,buy
2026-09-11 12:18:06,123255,鼎龙转债,dlzz,338.8,1.72,300054,鼎龙股份,dlgf,66.64,-1.01,11.28,28.38,234.81,0,44.28,383.08,270601,电子,szcy,C,2025-04-23,[],0,0,buy,AA,,19.866,36.894,1.8,buy,2031-04-02,4.559,9.095,47504.28,106939.99,15.72,-21.43,,0,15:34:33,00,Y,N,0,0,Y,,2025-10-09 开始转股,计算使用4.6年期 评级为AA 债参考YTM：1.8359,N,9.1,全价：338.800 最后更新：15:34:33,,,,0,"{'G': '本次（2026年4月8日至2026年4月28日）不提前赎回，自2026年10月28日后首个交易日重新计算', 'M': ''}",0,0,N,,,buy,buy
2026-09-11 12:18:06,118007,山石转债,sszz,136.372,-0.75,688030,山石网科,sswk,15.59,-3.17,3.95,16.5,94.49,0,44.33,180.7,710402,计算机,shkc,C,2022-04-21,[],0,0,buy,A-,,11.55,21.45,9.5,buy,2028-03-22,1.529,2.671,1702.22,5195.76,4.68,-9.93,,0,14:59:52,00,Y,N,1,1,Y,转股价下修1次，成功下修1次,2022-09-28 开始转股,计算使用1.6年期 评级为A- 债参考YTM：8.9408,N,2.674,全价：136.372 最后更新：14:59:52,,,,1,{'M': ''},0,0,N,,,buy,buy
2026-09-11 12:18:06,127055,精装转债,jzzz,177.326,-0.28,002989,中天精装,ztjz,22.73,-3.52,3.25,18.5,122.87,0,44.33,221.66,620201,建筑装饰,szmb,C,2022-03-24,[],0,0,buy,AA-,,12.95,24.05,4.6,buy,2028-02-22,1.449,2.081,6609.43,13446.42,18.01,-25.21,,0,15:34:48,00,Y,N,0,0,Y,,2022-08-29 开始转股,计算使用1.5年期 评级为AA- 债参考YTM：1.8880,N,5.77,全价：177.326 最后更新：15:34:48,,,,1,{'G': '本次（2026年2月24日至2026年3月16日）不提前赎回，自2027年3月16日后首个交易日重新计算'},0,0,N,,,buy,buy
2026-09-11 12:18:06,113048,晶科转债,jkzz,114.394,0.51,601778,晶科科技,jkkj,3.52,-1.12,0.79,4.47,78.75,0,45.27,159.66,410106,公用事业,shmb,C,2021-05-31,[],0,0,buy,AA,,3.129,5.811,11.8,buy,2027-04-23,0.614,15.453,5480.75,36834.22,3.12,-3.43,,0,14:59:50,00,Y,N,2,2,Y,转股价下修2次，成功下修2次,2021-10-29 开始转股,计算使用0.7年期 评级为AA 债参考YTM：1.5500,N,30.0,全价：114.394 最后更新：14:59:50,,,,1,{'M': ''},0,0,N,,,buy,buy
2026-09-11 12:18:06,127113,长高转债,cgzz,157.3,-0.32,002452,长高电气,cgdq,11.81,-1.42,2.33,10.92,108.15,3,45.45,202.75,630801,电力设备,szmb,C,2026-03-30,[],0,0,buy,AA-,,7.644,14.196,12.4,buy,2032-03-09,5.496,7.586,8164.6,17650.68,6.89,-5.8,,0,15:34:06,00,Y,N,0,0,Y,,未到转股期；2026-09-14 开始转股,计算使用5.5年期 评级为AA- 债参考YTM：2.5961,N,7.59,全价：157.300 最后更新：15:34:06,,,,0,{'M': ''},0,0,N,,,buy,buy
2026-09-11 12:18:06,127046,百润转债,brzz,122.885,-1.49,002568,百润股份,brgf,17.15,-3.6,3.48,20.33,84.36,0,45.67,168.56,340602,食品饮料,szmb,C,2021-11-03,[],0,0,buy,AA,,14.231,26.429,8.7,buy,2027-09-29,1.049,11.274,6734.17,16794.08,4.87,-8.76,,0,15:34:45,00,Y,N,1,1,Y,转股价下修1次，成功下修1次,2022-04-12 开始转股,计算使用1.1年期 评级为AA 债参考YTM：1.5883,N,11.28,全价：122.885 最后更新：15:34:45,,,,0,{'M': ''},0,0,N,,,buy,buy
2026-09-11 12:18:06,127034,绿茵转债,lyzz,118.1,-0.92,002887,绿茵生态,lyst,9.05,-3.93,1.17,11.21,80.73,0,46.29,164.39,760104,环保,szmb,C,2021-05-28,[],0,0,buy,AA-,,7.847,14.573,21.8,buy,2027-04-30,0.633,4.279,3804.87,3882.68,7.54,-6.85,,0,15:34:45,00,Y,N,0,0,Y,,2021-11-11 开始转股,计算使用0.7年期 评级为AA- 债参考YTM：1.7460,N,7.12,全价：118.100 最后更新：15:34:45,,,,1,[],0,0,N,,,buy,buy
2026-09-11 12:18:06,111003,聚合转债,jhzz,137.945,-0.73,605166,聚合顺,jhs,8.34,-2.91,1.3,8.85,94.24,0,46.38,184.33,220406,基础化工,shmb,C,2022-04-19,[],0,0,buy,AA-,,6.195,11.505,7.8,buy,2028-03-07,1.488,2.035,2576.91,4011.89,9.2,-10.37,,0,14:59:58,00,Y,N,2,2,Y,转股价下修2次，成功下修2次,2022-09-13 开始转股,计算使用1.5年期 评级为AA- 债参考YTM：1.8880,N,2.04,全价：137.945 最后更新：14:59:58,,,,1,[],0,0,N,,,buy,buy
2026-09-11 12:18:06,110103,申能转债,snzz,143.909,0.16,600642,申能股份,sngf,8.58,-0.58,1.02,8.74,98.17,143,46.59,190.5,410101,公用事业,shmb,C,2026-08-13,[],0,0,buy,AAA,,6.118,11.362,4.8,buy,2032-07-23,5.869,20.0,4619.26,16010.28,1.61,-4.5,,0,15:00:00,00,Y,N,0,0,Y,,未到转股期；2027-02-01 开始转股,计算使用5.9年期 评级为AAA 债参考YTM：1.7679,N,20.0,全价：143.909 最后更新：15:00:00,,,,0,{'M': ''},0,0,N,,,buy,buy
2026-09-11 12:18:06,123157,科蓝转债,klzz,133.0,-0.91,300663,科蓝软件,klrj,7.93,-4.46,11.51,8.8,90.11,0,47.59,180.59,710401,计算机,szcy,C,2022-09-20,[],0,0,buy,A-,,6.16,11.44,6.4,buy,2028-08-30,1.97,2.34,6119.53,18243.08,19.78,-6.25,,0,15:34:18,00,Y,N,2,2,Y,转股价下修2次，成功下修2次,2023-03-06 开始转股,计算使用2.0年期 评级为A- 债参考YTM：8.9976,N,4.946,全价：133.000 最后更新：15:34:18,,,,1,{'M': ''},0,0,N,,,buy,buy
2026-09-11 12:18:06,113649,丰山转债,fszz,128.186,-0.55,603810,丰山集团,fsjt,11.8,-2.96,1.21,13.61,86.7,0,47.85,176.04,220803,基础化工,shmb,C,2022-07-21,[],0,0,buy,AA-,,9.527,17.693,23.5,buy,2028-06-27,1.795,4.577,4188.22,3125.38,7.15,-5.01,,0,14:58:06,00,Y,N,0,0,Y,,2023-01-03 开始转股,计算使用1.8年期 评级为AA- 债参考YTM：1.9224,N,5.0,全价：128.186 最后更新：14:58:06,,,,1,[],0,0,N,,,buy,buy
2026-09-11 12:18:06,123171,共同转债,gtzz,125.626,0.1,300966,共同药业,gtyy,23.0,0.35,3.34,27.08,84.93,0,47.91,173.54,370101,医药生物,szcy,C,2022-12-16,[],0,0,buy,A-,,18.956,35.204,21.6,buy,2028-11-28,2.216,3.799,3471.76,4634.53,7.33,-2.36,,0,15:34:06,00,Y,N,0,0,Y,,2023-06-02 开始转股,计算使用2.3年期 评级为A- 债参考YTM：9.0556,N,3.8,全价：125.626 最后更新：15:34:06,,,,0,{'M': ''},0,0,N,,,buy,buy
2026-09-11 12:18:06,123088,威唐转债,wtzz,115.137,-0.05,300707,威唐工业,wtgy,11.65,-3.48,1.8,14.97,77.82,0,47.95,163.09,280205,汽车,szcy,C,2021-01-06,[],0,0,buy,A+,,10.479,19.461,18.0,buy,2026-12-15,0.26,3.004,2032.37,4947.01,5.88,-0.46,,0,15:33:54,00,Y,N,1,1,Y,转股价下修1次，成功下修1次,2021-06-21 开始转股,计算使用0.3年期 评级为A+ 债参考YTM：4.0400,N,3.014,全价：115.137 最后更新：15:33:54,,,,1,[],0,0,N,,,buy,buy
2026-09-11 12:18:06,127049,希望转2,xwz2,110.1,-0.27,000876,新希望,xxw,7.52,-1.18,1.78,10.13,74.24,0,48.31,158.41,110402,农林牧渔,szmb,C,2021-11-29,[],0,0,buy,AAA,,7.091,13.169,24.1,buy,2027-11-02,1.143,81.434,11828.45,41893.42,1.32,-1.21,,0,15:34:48,00,Y,N,1,1,Y,转股价下修1次，成功下修1次,2022-05-09 开始转股,计算使用1.2年期 评级为AAA 债参考YTM：1.5329,N,81.5,全价：110.100 最后更新：15:34:48,,,,1,{'M': ''},0,0,N,,,buy,buy
2026-09-11 12:18:06,123225,翔丰转债,xfzz,134.0,0.01,300890,翔丰华,xfh,24.7,-2.18,1.28,27.34,90.34,0,48.32,182.32,630702,电力设备,szcy,C,2023-10-26,[],0,0,buy,AA-,,19.138,35.542,20.7,buy,2029-10-10,3.082,5.585,2964.62,11460.83,4.0,-2.93,,0,15:34:24,00,Y,N,1,1,Y,转股价下修1次，成功下修1次,2024-04-16 开始转股,计算使用3.1年期 评级为AA- 债参考YTM：2.2058,N,8.0,全价：134.000 最后更新：15:34:24,,,,0,{'M': ''},0,0,N,,,buy,buy
2026-09-11 12:18:06,118059,颀中转债,qzzz,179.746,-0.75,688352,颀中科技,qzkj,16.59,-3.88,3.42,13.7,121.1,0,48.43,228.18,270107,电子,shkc,C,2025-11-21,[],0,0,buy,AA+,,9.59,17.81,14.0,buy,2031-11-03,5.148,8.498,36888.68,36671.58,24.41,-8.82,,0,14:59:58,00,Y,N,0,0,Y,,2026-05-07 开始转股,计算使用5.2年期 评级为AA+ 债参考YTM：1.7871,N,8.5,全价：179.746 最后更新：14:59:58,,,,0,"{'G': '本次（2026年5月26日至2026年6月17日）不提前赎回，以2026年12月18日为首个交易日重新计算', 'M': ''}",0,0,N,,,buy,buy
2026-09-11 12:18:06,110092,三房转债,sfzz,73.416,-0.68,600370,*ST三房,sfx,1.49,-0.67,1.16,3.02,49.34,0,48.8,122.22,220401,基础化工,shmb,C,2023-02-07,[],0,0,buy,A-,,2.114,3.926,35.3,buy,2029-01-06,2.323,21.185,1799.41,2214.33,1.16,21.05,,0,14:59:59,00,Y,N,0,0,Y,,2023-07-12 开始转股,计算使用2.4年期 评级为A- 债参考YTM：9.0796,N,25.0,全价：73.416 最后更新：14:59:59,,,,0,[],0,0,N,,,buy,buy
2026-09-11 12:18:06,118060,瑞可转债,rkzz,189.582,-0.57,688800,瑞可达,rkd,66.83,-3.56,7.65,52.53,127.22,0,49.02,238.6,270401,电子,shkc,C,2025-12-12,[],0,0,buy,AA-,,36.771,68.289,5.2,buy,2031-11-14,5.178,9.999,30773.14,80380.48,16.39,-9.2,,0,14:59:55,00,Y,N,0,0,Y,,2026-05-20 开始转股,计算使用5.2年期 评级为AA- 债参考YTM：2.4098,N,10.0,全价：189.582 最后更新：14:59:55,,,,0,"{'G': '本次（2026年5月20日至2026年6月9日）不提前赎回，以2026年12月10日为首个交易日重新计算', 'M': ''}",0,0,Y,,,buy,buy
2026-09-11 12:18:06,118039,煜邦转债,ybzz,127.379,-0.9,688597,煜邦电力,ybdl,6.2,-2.36,2.54,7.3,84.93,0,49.98,177.36,630804,电力设备,shkc,C,2023-08-15,[],0,0,buy,A,,5.11,9.49,19.7,buy,2029-07-20,2.858,4.104,2786.47,3610.09,5.34,-3.04,,0,14:59:49,00,Y,N,0,0,Y,,2024-01-26 开始转股,计算使用2.9年期 评级为A 债参考YTM：6.8601,N,4.108,全价：127.379 最后更新：14:59:49,,,,0,{'M': ''},0,0,N,,,buy,buy
2026-09-11 12:18:06,113680,丽岛转债,ldzz,133.108,-0.53,603937,丽岛新材,ldxc,11.45,-2.64,1.51,12.91,88.69,0,50.08,183.19,240301,有色金属,shmb,C,2023-12-05,[],0,0,buy,A+,,9.037,16.783,12.5,buy,2029-11-15,3.181,2.998,2322.09,3678.3,5.85,-3.21,,0,14:58:05,00,Y,N,0,0,Y,,2024-05-21 开始转股,计算使用3.2年期 评级为A+ 债参考YTM：4.5731,N,3.0,全价：133.108 最后更新：14:58:05,,,,0,[],0,0,N,,,buy,buy
2026-09-11 12:18:06,113665,汇通转债,htzz,125.529,-0.39,603176,汇通集团,htjt,5.26,-1.68,2.23,6.31,83.36,0,50.59,176.12,620306,建筑装饰,shmb,C,2023-01-11,[],0,0,buy,A+,,4.417,8.203,14.8,buy,2028-12-15,2.263,3.596,2482.3,2714.5,5.51,-2.56,,0,14:59:24,00,Y,N,1,1,Y,转股价下修1次，成功下修1次,2023-06-21 开始转股,计算使用2.3年期 评级为A+ 债参考YTM：4.3556,N,3.6,全价：125.529 最后更新：14:59:24,,,,0,[],0,0,N,,,buy,buy
2026-09-11 12:18:06,110093,神马转债,smzz,120.31,-0.67,600810,神马股份,smgf,6.43,-2.43,0.75,8.08,79.58,0,51.18,171.49,220406,基础化工,shmb,C,2023-04-20,[],0,0,buy,AAA,,5.656,10.504,31.9,buy,2029-03-16,2.512,22.197,2866.57,4434.41,1.07,-3.56,,0,14:59:58,00,Y,N,0,0,Y,,2023-09-22 开始转股,计算使用2.6年期 评级为AAA 债参考YTM：1.6059,N,30.0,全价：120.310 最后更新：14:59:58,,,,0,{'M': ''},0,0,N,,,buy,buy
2026-09-11 12:18:06,118012,微芯转债,wxzz,141.99,-1.0,688321,微芯生物,wxsw,23.68,-3.35,4.11,25.34,93.45,0,51.94,193.93,370102,医药生物,shkc,C,2022-07-28,[],0,0,buy,A+,,17.738,32.942,4.8,buy,2028-07-05,1.816,4.995,6084.79,20969.17,8.64,-10.02,,0,14:59:11,00,Y,N,0,0,Y,,2023-01-11 开始转股,计算使用1.9年期 评级为A+ 债参考YTM：4.2830,N,5.0,全价：141.990 最后更新：14:59:11,,,,1,{'M': ''},0,0,N,,,buy,buy
2026-09-11 12:18:06,113610,灵康转债,lkzz,120.126,-0.5,603669,灵康药业,lkyy,5.12,-3.21,5.69,6.5,78.77,0,52.5,172.63,370102,医药生物,shmb,C,2020-12-22,[],0,0,buy,A-,,4.55,8.45,6.9,buy,2026-12-01,0.222,2.528,1284.69,8945.42,4.25,-19.47,,0,14:59:29,00,Y,N,3,2,Y,转股价下修3次，成功下修2次,2021-06-07 开始转股,计算使用0.3年期 评级为A- 债参考YTM：8.7400,Y,5.25,全价：120.126 最后更新：14:59:29,,,"按下调到底估算
股东大会：2026-09-16
预估转股价：5.59
预估转股价值：91.59
期权价值：5.08
理论价值：117.96
理论偏离度：1.80%",1,[],0,0,N,,,buy,buy
2026-09-11 12:18:06,123268,本川转债,bczz,193.58,-0.4,300964,本川智能,bczn,68.7,1.55,6.51,54.13,126.92,42,52.53,246.11,270202,电子,szcy,C,2026-05-07,[],0,0,buy,AA-,,37.891,70.369,7.9,buy,2032-04-16,5.6,4.69,108837.01,86225.62,120.33,-8.45,,0,15:34:33,00,Y,N,0,0,Y,,未到转股期；2026-10-23 开始转股,计算使用5.6年期 评级为AA- 债参考YTM：2.6698,N,4.69,全价：193.580 最后更新：15:34:33,,,,0,{'M': ''},0,0,N,,,buy,buy
2026-09-11 12:18:06,123142,申昊转债,shzz,122.796,-0.52,300853,申昊科技,shkj,27.13,-0.84,6.54,33.71,80.48,0,52.58,175.38,630803,电力设备,szcy,C,2022-04-11,[],0,0,buy,BBB+,,23.597,43.823,13.9,buy,2028-03-18,1.518,5.494,1364.28,6473.23,2.03,-5.75,,0,15:34:06,00,Y,N,0,0,Y,,2022-09-26 开始转股,计算使用1.6年期 评级为BBB+ 债参考YTM：12.0516,N,5.5,全价：122.796 最后更新：15:34:06,,,,1,[],0,0,N,,,buy,buy
2026-09-11 12:18:06,123195,蓝晓转02,lxz02,169.503,-0.53,300487,蓝晓科技,lxkj,65.59,-1.56,7.07,59.21,110.78,0,53.02,222.52,220504,基础化工,szcy,C,2023-05-08,[],0,0,buy,A+,,41.447,76.973,2.7,buy,2029-04-17,2.6,5.455,15691.7,25691.14,17.16,-12.86,,0,15:34:18,00,Y,N,0,0,Y,,2023-10-23 开始转股,计算使用2.6年期 评级为A+ 债参考YTM：4.4312,N,5.461,全价：169.503 最后更新：15:34:18,,,,0,{'M': ''},0,0,N,,,buy,buy
2026-09-11 12:18:06,123172,漱玉转债,syzz,124.293,-1.17,301017,漱玉平民,sypm,12.07,-4.36,2.33,14.91,80.95,0,53.54,177.83,370403,医药生物,szcy,C,2023-01-06,[],0,0,buy,AA-,,10.437,19.383,25.5,buy,2028-12-15,2.263,7.96,4429.44,8475.12,4.47,-2.88,,0,15:34:12,00,Y,N,1,1,Y,转股价下修1次，成功下修1次,2023-06-21 开始转股,计算使用2.3年期 评级为AA- 债参考YTM：2.0041,N,8.0,全价：124.293 最后更新：15:34:12,,,,0,{'M': ''},0,0,N,,,buy,buy
2026-09-11 12:18:06,113694,清源转债,qyzz,125.411,-0.56,603628,清源股份,qygf,10.49,-1.69,2.14,12.85,81.63,0,53.63,179.04,630504,电力设备,shmb,C,2025-04-25,[],0,0,buy,A+,,8.995,16.705,17.5,buy,2031-04-08,4.575,4.999,3571.53,7460.55,5.71,-1.22,,0,14:59:40,00,Y,N,0,0,Y,,2025-10-14 开始转股,计算使用4.6年期 评级为A+ 债参考YTM：4.6879,N,5.0,全价：125.411 最后更新：14:59:40,,,,0,{'M': ''},0,0,N,,,buy,buy
2026-09-11 12:18:06,127059,永东转2,ydz2,127.709,-0.51,002753,永东股份,ydgf,6.74,-2.32,1.07,8.11,83.11,0,53.67,181.38,220603,基础化工,szmb,C,2022-05-16,[],0,0,buy,AA-,,5.677,10.543,19.0,buy,2028-04-08,1.575,3.79,3061.21,4093.75,6.34,-5.47,,0,15:33:54,00,Y,N,0,0,Y,,2022-10-14 开始转股,计算使用1.6年期 评级为AA- 债参考YTM：1.8996,N,3.8,全价：127.709 最后更新：15:33:54,,,,1,[],0,0,N,,,buy,buy
2026-09-11 12:18:06,127093,章鼓转债,zgzz,127.469,0.11,002598,ST章鼓,sdzg,6.88,-1.01,1.6,8.3,82.89,0,53.78,181.25,640106,机械设备,szmb,C,2023-11-03,[],0,0,buy,A,,5.81,10.79,12.3,buy,2029-10-17,3.101,2.425,340.65,1690.6,1.11,-2.49,,0,15:34:03,00,Y,N,1,1,Y,转股价下修1次，成功下修1次,2024-04-23 开始转股,计算使用3.2年期 评级为A 债参考YTM：6.9231,N,2.43,全价：127.469 最后更新：15:34:03,,,,0,[],0,0,N,,,buy,buy
2026-09-11 12:18:06,123071,天能转债,tnzz,114.781,0.02,300569,天能重工,tnzg,4.97,3.33,0.95,6.68,74.4,0,54.27,169.05,630602,电力设备,szcy,C,2020-11-25,[],0,0,buy,AA-,,4.676,8.684,13.7,buy,2026-10-21,0.11,6.936,5017.42,22206.17,6.3,1.79,,0,15:33:54,00,Y,N,2,2,Y,转股价下修2次，成功下修2次,2021-04-27 开始转股,计算使用0.2年期 评级为AA- 债参考YTM：1.6893,N,7.0,全价：114.781 最后更新：15:33:54,,,,1,"{'R': '到期\n最后交易日：2026-10-15\n最后转股日：2026-10-20\n', 'M': ''}",0,0,N,,,buy,buy
2026-09-11 12:18:06,123183,海顺转债,hszz,124.675,-0.44,300501,海顺新材,hsxc,9.38,-2.19,1.81,11.63,80.65,0,54.58,179.26,360206,轻工制造,szcy,C,2023-04-20,[],0,0,buy,AA-,,8.141,15.119,24.3,buy,2029-03-23,2.532,6.329,4524.67,3011.37,5.74,-2.02,,0,15:34:12,00,Y,N,2,0,Y,转股价下修2次，成功下修0次,2023-10-09 开始转股,计算使用2.6年期 评级为AA- 债参考YTM：2.0803,N,6.33,全价：124.675 最后更新：15:34:12,,,,0,[],0,0,N,,,buy,buy
2026-09-11 12:18:06,127054,双箭转债,sjzz,121.832,-0.67,002381,双箭股份,sjgf,5.46,-2.67,1.06,6.96,78.45,0,55.3,177.13,220602,基础化工,szmb,C,2022-03-15,[],0,0,buy,AA,,4.872,9.048,28.8,buy,2028-02-11,1.419,5.136,3459.24,2760.84,5.54,-4.75,,0,15:33:54,00,Y,N,0,0,Y,,2022-08-17 开始转股,计算使用1.5年期 评级为AA 债参考YTM：1.6167,N,5.136,全价：121.832 最后更新：15:33:54,,,,1,[],0,0,N,,,buy,buy
2026-09-11 12:18:06,111024,澳弘转债,ahzz,154.531,7.58,605058,澳弘电子,ahdz,33.31,10.01,2.65,33.54,99.31,0,55.6,210.13,270202,电子,shmb,C,2026-01-16,[],0,0,buy,AA-,,23.478,43.602,12.2,buy,2031-12-11,5.252,5.799,229517.03,31431.22,255.39,-5.43,,0,15:00:00,00,Y,N,0,0,Y,,2026-06-17 开始转股,计算使用5.3年期 评级为AA- 债参考YTM：2.4620,N,5.8,全价：154.531 最后更新：15:00:00,,,,0,[],0,0,N,,,buy,buy
2026-09-11 12:18:06,123280,三鑫转债,sxzz,146.1,-0.4,300453,三鑫医疗,sxyl,9.11,-0.22,3.19,9.72,93.72,152,55.88,201.98,370503,医药生物,szcy,C,2026-08-19,[],0,0,buy,AA-,,7.776,12.636,15.9,buy,2032-08-03,5.899,5.3,14991.22,4720.19,19.39,-4.21,,0,15:34:45,00,Y,N,0,0,Y,,未到转股期；2027-02-10 开始转股,计算使用5.9年期 评级为AA- 债参考YTM：2.8688,N,5.3,全价：146.100 最后更新：15:34:45,,,,0,[],1,0,N,,,buy,buy
2026-09-11 12:18:06,127108,太能转债,tnzz,123.008,-0.2,000591,太阳能,tyn,4.37,0.23,0.7,5.54,78.88,0,55.94,178.95,410106,公用事业,szmb,C,2025-04-16,[],0,0,buy,AA+,,3.878,7.202,17.3,buy,2031-03-28,4.545,29.498,6201.92,25133.37,1.72,-1.14,,0,15:34:00,00,Y,N,0,0,Y,,2025-10-09 开始转股,计算使用4.6年期 评级为AA+ 债参考YTM：1.7690,N,29.5,全价：123.008 最后更新：15:34:00,,,,0,{'M': ''},0,0,N,,,buy,buy
2026-09-11 12:18:06,123277,玉禾转债,yhzz,138.562,-0.81,300815,玉禾田,yht,14.51,-2.29,1.23,16.35,88.75,146,56.13,194.69,760103,环保,szcy,C,2026-08-14,[],0,0,buy,AA,,11.445,21.255,26.4,buy,2032-07-28,5.882,15.0,4985.53,6915.34,2.41,-3.37,,0,15:34:33,00,Y,N,0,0,Y,,未到转股期；2027-02-04 开始转股,计算使用5.9年期 评级为AA 债参考YTM：2.0050,N,15.0,全价：138.562 最后更新：15:34:33,,,,0,[],1,0,N,,,buy,buy
2026-09-11 12:18:06,123261,普联转债,plzz,154.401,-0.92,300996,普联软件,plrj,12.82,-2.06,3.95,12.97,98.84,0,56.21,210.61,710401,计算机,szcy,C,2025-12-22,[],0,0,buy,A+,,9.079,16.861,5.7,buy,2031-12-05,5.236,2.428,11249.85,18871.7,30.16,-4.94,,0,15:34:36,00,Y,N,0,0,Y,,2026-06-11 开始转股,计算使用5.3年期 评级为A+ 债参考YTM：4.8106,N,2.43,全价：154.401 最后更新：15:34:36,,,,0,{'M': ''},0,0,N,,,buy,buy
2026-09-11 12:18:06,113699,金25转债,j25zz,186.729,-1.49,603979,金诚信,jcx,75.0,-6.41,3.78,62.8,119.43,0,56.35,243.08,240302,有色金属,shmb,C,2025-10-27,[],0,0,buy,AA,,43.96,81.64,4.3,buy,2031-09-26,5.044,19.998,17869.52,97173.36,4.87,-9.18,,0,14:59:54,00,Y,N,0,0,Y,,2026-04-10 开始转股,计算使用5.1年期 评级为AA 债参考YTM：1.8514,N,20.0,全价：186.729 最后更新：14:59:54,,,,0,{'M': ''},0,0,N,,,buy,buy
2026-09-11 12:18:06,123155,中陆转债,zlzz,129.4,-0.27,301040,中环海陆,zhhl,26.26,-3.99,3.48,31.76,82.68,0,56.5,185.9,630602,电力设备,szcy,C,2022-08-31,[],0,0,buy,A+,,22.232,41.288,14.5,buy,2028-08-12,1.921,3.6,4027.73,8256.36,8.7,-4.96,,0,15:34:15,00,Y,N,0,0,Y,,2023-02-20 开始转股,计算使用2.0年期 评级为A+ 债参考YTM：4.2976,N,3.6,全价：129.400 最后更新：15:34:15,,,,1,{'M': ''},0,0,N,,,buy,buy
2026-09-11 12:18:06,113678,中贝转债,zbzz,137.039,-0.34,603220,中贝通信,zbtx,17.91,-2.18,2.47,20.47,87.49,0,56.63,193.67,730103,通信,shmb,C,2023-11-21,[],0,0,buy,A+,,14.329,26.611,5.3,buy,2029-10-19,3.107,5.106,4730.44,31707.68,6.77,-4.16,,0,14:59:27,00,Y,N,2,1,Y,转股价下修2次，成功下修1次,2024-04-25 开始转股,计算使用3.2年期 评级为A+ 债参考YTM：4.5731,N,5.17,全价：137.039 最后更新：14:59:27,,,,0,{'M': ''},0,0,N,,,buy,buy
2026-09-11 12:18:06,127114,宜化转债,yhzz,135.499,-1.1,000422,湖北宜化,hbyh,12.18,-4.09,1.72,14.08,86.51,115,56.64,192.14,220801,基础化工,szmb,C,2026-07-14,[],0,0,buy,AA+,,9.856,18.304,25.4,buy,2032-06-25,5.792,33.0,10990.85,41010.56,2.47,-3.02,,0,15:34:09,00,Y,Y,0,0,Y,,未到转股期；2027-01-04 开始转股,计算使用5.8年期 评级为AA+ 债参考YTM：1.8674,N,33.0,全价：135.499 最后更新：15:34:09,,,,0,{'M': ''},0,0,N,,,buy,buy
2026-09-11 12:18:06,127089,晶澳转债,jazz,117.38,-0.21,002459,晶澳科技,jakj,6.64,-2.78,1.11,8.9,74.61,0,57.33,174.71,630502,电力设备,szmb,C,2023-08-04,[],0,0,buy,AA+,,6.23,11.57,40.8,buy,2029-07-18,2.852,89.588,7110.35,24285.8,0.68,-1.88,,0,15:34:06,00,Y,N,3,2,Y,转股价下修3次，成功下修2次,2024-01-24 开始转股,计算使用2.9年期 评级为AA+ 债参考YTM：1.6689,N,89.603,全价：117.380 最后更新：15:34:06,,,,0,{'M': ''},0,0,N,,,buy,buy
2026-09-11 12:18:06,113688,国检转债,gjzz,133.702,0.0,603060,国检集团,gjjt,5.46,-1.97,2.15,6.45,84.65,0,57.94,191.64,460802,社会服务,shmb,C,2024-11-12,[],0,0,buy,AA+,,4.515,8.385,18.2,buy,2030-10-17,4.101,7.997,4938.35,3097.74,4.63,-3.4,,0,14:59:08,00,Y,N,0,0,Y,,2025-04-23 开始转股,计算使用4.2年期 评级为AA+ 债参考YTM：1.7599,N,8.0,全价：133.702 最后更新：14:59:08,,,,0,[],0,0,N,,,buy,buy
2026-09-11 12:18:06,123237,佳禾转债,jhzz,129.914,-0.46,300793,佳禾智能,jhzn,11.02,-1.78,1.48,13.46,81.87,0,58.68,188.59,270504,电子,szcy,C,2024-01-24,[],0,0,buy,A+,,9.422,17.498,10.5,buy,2030-01-04,3.318,4.314,2229.24,4922.55,3.99,-3.09,,0,15:34:24,00,Y,N,1,1,Y,转股价下修1次，成功下修1次,2024-07-10 开始转股,计算使用3.4年期 评级为A+ 债参考YTM：4.5979,N,10.04,全价：129.914 最后更新：15:34:24,,,,0,[],0,0,N,,,buy,buy
2026-09-11 12:18:06,123279,天脉转债,tmzz,173.027,-0.27,301626,苏州天脉,sztm,291.28,-1.34,20.96,267.33,108.96,150,58.8,231.83,270504,电子,szcy,C,2026-08-18,[],0,0,buy,AA,,187.131,347.529,5.1,buy,2032-08-02,5.896,7.86,19262.04,78771.07,14.28,-6.97,,0,15:34:36,00,Y,N,0,0,Y,,未到转股期；2027-02-08 开始转股,计算使用5.9年期 评级为AA 债参考YTM：2.0050,N,7.86,全价：173.027 最后更新：15:34:36,,,,0,{'M': ''},0,0,N,,,buy,buy
2026-09-11 12:18:06,123224,宇邦转债,ybzz,133.951,-1.05,301266,宇邦新材,ybxc,23.71,-4.47,1.81,28.17,84.17,0,59.15,193.1,630504,电力设备,szcy,C,2023-10-18,[],0,0,buy,A+,,19.719,36.621,8.9,buy,2029-09-19,3.025,2.848,4504.15,13596.88,11.83,-3.73,,0,15:34:27,00,Y,N,1,1,N,"转股价下修1次，成功下修1次
2026-09-11 起暂停转股：权益分派
转股价28.170生效日期2026-05-22",2024-03-25 开始转股;2026-09-11 起暂停转股：权益分派,计算使用3.1年期 评级为A+ 债参考YTM：4.5560,N,5.0,全价：133.951 最后更新：15:34:27,,,,0,{'M': ''},0,0,N,,,buy,buy
2026-09-11 12:18:06,123119,康泰转2,ktz2,119.7,-0.5,300601,康泰生物,ktsw,11.75,-3.05,1.36,15.69,74.89,0,59.84,179.54,370303,医药生物,szcy,C,2021-08-05,[],0,0,buy,AA,,10.983,20.397,18.9,buy,2027-07-15,0.841,19.99,4904.54,18008.83,2.06,-7.67,,0,15:33:57,00,Y,N,6,5,Y,转股价下修6次，成功下修5次,2022-01-21 开始转股,计算使用0.9年期 评级为AA 债参考YTM：1.5704,N,20.0,全价：119.700 最后更新：15:33:57,,,,1,{'M': ''},0,0,N,,,buy,buy
2026-09-11 12:18:06,111004,明新转债,mxzz,129.812,-0.67,605068,明新旭腾,mxxt,19.77,-2.8,1.94,24.37,81.12,0,60.02,189.83,280202,汽车,shmb,C,2022-04-25,[],0,0,buy,AA-,,17.059,31.681,20.9,buy,2028-03-30,1.551,6.715,6764.57,7069.99,7.79,-6.32,,0,14:59:15,00,Y,N,1,0,Y,转股价下修1次，成功下修0次,2022-10-10 开始转股,计算使用1.6年期 评级为AA- 债参考YTM：1.8996,Y,6.73,全价：129.812 最后更新：14:59:15,,,"按下调到底估算
股东大会：2026-09-14
预估转股价：20.15
预估转股价值：98.11
期权价值：28.16
理论价值：142.33
理论偏离度：-9.64%",1,[],0,0,N,,,buy,buy
2026-09-11 12:18:06,110100,龙建转债,ljzz,116.4,-0.51,600853,龙建股份,ljgf,3.33,-2.35,0.8,4.59,72.55,0,60.44,176.84,620306,建筑装饰,shmb,C,2026-02-12,[],0,0,buy,AA,,3.213,5.967,29.6,buy,2032-01-22,5.367,10.0,5493.04,3032.27,4.72,-0.48,,0,14:59:53,00,Y,N,0,0,Y,,2026-07-28 开始转股,计算使用5.4年期 评级为AA 债参考YTM：1.8962,N,10.0,全价：116.400 最后更新：14:59:53,,,,0,[],1,0,N,,,buy,buy
2026-09-11 12:18:06,127104,姚记转债,yjzz,137.944,-0.62,002605,姚记科技,yjkj,16.7,-1.71,1.82,19.58,85.29,0,61.73,199.67,720401,传媒,szmb,C,2024-02-26,[],0,0,buy,A+,,13.706,25.454,10.3,buy,2030-01-24,3.373,5.822,1878.42,6834.83,2.35,-4.09,,0,15:34:06,00,Y,N,0,0,N,2026-09-04 至 2026-09-11 期间暂停转股：权益分派,2024-07-31 开始转股;2026-09-04 至 2026-09-11 期间暂停转股：权益分派,计算使用3.4年期 评级为A+ 债参考YTM：4.5979,N,5.831,全价：137.944 最后更新：15:34:06,,,,0,[],0,0,N,,,buy,buy
2026-09-11 12:18:06,111018,华康转债,hkzz,124.371,-0.14,605077,华康股份,hkgf,12.25,-4.52,1.17,15.97,76.71,0,62.14,186.51,220315,基础化工,shmb,C,2024-01-15,[],0,0,buy,AA-,,11.179,20.761,35.5,buy,2029-12-25,3.29,13.022,8625.95,37203.22,5.34,-1.28,,0,14:59:53,00,Y,N,0,0,Y,,2024-07-01 开始转股,计算使用3.3年期 评级为AA- 债参考YTM：2.2353,N,13.03,全价：124.371 最后更新：14:59:53,,,,0,[],0,0,N,,,buy,buy
2026-09-11 12:18:06,127111,金威转债,jwzz,135.0,-0.51,002626,金达威,jdw,15.94,-3.39,2.31,19.19,83.06,0,62.53,197.53,340407,食品饮料,szmb,C,2025-09-08,[],0,0,buy,AA,,13.433,24.947,13.3,buy,2031-08-20,4.943,12.924,8251.9,7619.15,4.77,-3.51,,0,15:34:06,00,Y,N,0,0,Y,,2026-02-26 开始转股,计算使用5.0年期 评级为AA 债参考YTM：1.8451,N,12.924,全价：135.000 最后更新：15:34:06,,,,0,{'M': ''},0,0,N,,,buy,buy
2026-09-11 12:18:06,123272,中汽转债,zqzz,143.6,-0.07,301215,中汽股份,zqgf,5.25,-1.69,2.31,5.99,87.65,97,63.84,207.44,280303,汽车,szcy,C,2026-06-30,[],0,0,buy,AA+,,4.193,7.787,15.0,buy,2032-06-10,5.751,10.39,3635.79,4675.62,2.45,-4.21,,0,15:34:42,00,Y,N,0,0,Y,,未到转股期；2026-12-17 开始转股,计算使用5.8年期 评级为AA+ 债参考YTM：1.8674,N,10.39,全价：143.600 最后更新：15:34:42,,,,0,{'M': ''},1,0,N,,,buy,buy
2026-09-11 12:18:06,110102,江农转债,jnzz,148.802,-1.53,600389,江山股份,jsgf,18.74,-4.09,1.88,20.64,90.8,131,63.89,212.69,220803,基础化工,shmb,C,2026-08-05,[],0,0,buy,AA+,,14.448,26.832,14.7,buy,2032-07-13,5.841,11.85,7936.23,31691.34,4.51,-4.72,,0,14:59:59,00,Y,N,0,0,Y,,未到转股期；2027-01-20 开始转股,计算使用5.9年期 评级为AA+ 债参考YTM：1.8814,N,11.85,全价：148.802 最后更新：14:59:59,,,,0,{'M': ''},1,0,N,,,buy,buy
2026-09-11 12:18:06,123278,合金转债,hjzz,171.18,-2.74,300697,电工合金,dghj,14.54,-7.86,4.84,13.98,104.01,147,64.59,235.77,240302,有色金属,szcy,C,2026-08-18,[],0,0,buy,AA-,,9.786,18.174,11.3,buy,2032-07-29,5.885,5.45,29038.46,43531.51,31.61,-6.79,,0,15:34:48,00,Y,N,0,0,Y,,未到转股期；2027-02-05 开始转股,计算使用5.9年期 评级为AA- 债参考YTM：2.8688,N,5.45,全价：171.180 最后更新：15:34:48,,,,0,[],0,0,N,,,buy,buy
2026-09-11 12:18:06,123271,通合转债,thzz,159.5,-2.06,300491,通合科技,thkj,32.14,-7.16,4.72,33.18,96.87,88,64.66,224.16,630306,电力设备,szcy,C,2026-06-17,[],0,0,buy,AA,,23.226,43.134,10.3,buy,2032-06-01,5.726,5.219,5646.82,36868.78,6.79,-5.08,,0,15:34:36,00,Y,N,0,0,Y,,未到转股期；2026-12-08 开始转股,计算使用5.8年期 评级为AA 债参考YTM：1.9838,N,5.22,全价：159.500 最后更新：15:34:36,,,,0,[],0,0,N,,,buy,buy
2026-09-11 12:18:06,123281,中仑转债,zlzz,148.599,-1.02,301565,中仑新材,zlxc,18.3,-1.98,2.97,20.28,90.24,154,64.68,213.28,220505,基础化工,szcy,C,2026-08-24,[],0,0,buy,AA-,,14.196,26.364,45.6,buy,2032-08-05,5.904,10.68,7302.97,6767.68,4.65,-4.48,,0,15:34:48,00,Y,N,0,0,Y,,未到转股期；2027-02-12 开始转股,计算使用6.0年期 评级为AA- 债参考YTM：2.9141,N,10.68,全价：148.599 最后更新：15:34:48,,,,0,{'M': ''},1,0,N,,,buy,buy
2026-09-11 12:18:06,113696,伯25转债,b25zz,132.482,0.54,603596,伯特利,btl,28.24,-0.91,3.01,35.16,80.32,0,64.95,197.43,280203,汽车,shmb,C,2025-07-28,[],0,0,buy,AA,,24.612,45.708,11.1,buy,2031-07-01,4.806,28.017,10076.74,39239.94,2.73,-3.22,,0,14:58:56,00,Y,N,0,0,Y,,2026-01-07 开始转股,计算使用4.9年期 评级为AA 债参考YTM：1.8419,N,28.02,全价：132.482 最后更新：14:58:56,,,,0,{'M': ''},0,0,N,,,buy,buy
2026-09-11 12:18:06,111026,派克转债,pkzz,162.319,-1.2,605123,派克新材,pkxc,80.46,-1.28,2.06,81.8,98.36,154,65.02,227.34,650201,国防军工,shmb,C,2026-08-25,[],0,0,buy,AA,,57.26,106.34,16.2,buy,2032-08-05,5.904,15.8,9323.6,12307.65,3.63,-5.94,,0,14:59:57,00,Y,N,0,0,Y,,未到转股期；2027-02-12 开始转股,计算使用6.0年期 评级为AA 债参考YTM：2.0241,N,15.8,全价：162.319 最后更新：14:59:57,,,,0,{'M': ''},0,0,N,,,buy,buy
2026-09-11 12:18:06,113674,华设转债,hszz,126.663,-0.37,603018,华设集团,hsjt,5.32,-1.3,0.81,6.95,76.55,0,65.47,192.13,620601,建筑装饰,shmb,C,2023-08-15,[],0,0,buy,AA,,4.865,9.035,9.2,buy,2029-07-21,2.86,3.999,1140.26,4208.17,2.26,-3.28,,0,14:58:44,00,Y,N,0,0,Y,,2024-01-29 开始转股,计算使用2.9年期 评级为AA 债参考YTM：1.7079,N,4.0,全价：126.663 最后更新：14:58:44,,,,0,{'M': ''},0,0,N,,,buy,buy
2026-09-11 12:18:06,127115,炬申转债,jszz,171.105,-1.43,001202,炬申股份,jsgf,14.02,-2.3,2.66,13.56,103.39,143,65.49,236.6,420802,交通运输,szmb,C,2026-08-13,[],0,0,buy,AA-,,9.492,17.628,23.2,buy,2032-07-23,5.869,3.8,8441.9,2725.48,13.1,-6.8,,0,15:34:12,00,Y,N,0,0,Y,,未到转股期；2027-02-01 开始转股,计算使用5.9年期 评级为AA- 债参考YTM：2.8688,N,3.8,全价：171.105 最后更新：15:34:12,,,,0,[],0,0,N,,,buy,buy
2026-09-11 12:18:06,123269,金杨转债,jyzz,141.595,-0.29,301210,金杨精密,jygf,24.15,-2.58,1.91,28.24,85.52,45,65.58,207.18,630701,电力设备,szcy,C,2026-05-11,[],0,0,buy,AA-,,19.768,36.712,66.0,buy,2032-04-19,5.608,9.8,4668.9,6142.22,3.39,-3.88,,0,15:34:33,00,Y,N,0,0,Y,,未到转股期；2026-10-26 开始转股,计算使用5.7年期 评级为AA- 债参考YTM：2.7425,N,9.8,全价：141.595 最后更新：15:34:33,,,,0,{'M': ''},1,0,N,,,buy,buy
2026-09-11 12:18:06,111020,合顺转债,hszz,131.389,-0.38,605166,聚合顺,jhs,8.34,-2.91,1.3,10.53,79.2,0,65.89,197.28,220406,基础化工,shmb,C,2024-08-15,[],0,0,buy,AA-,,7.371,13.689,12.9,buy,2030-07-22,3.863,3.38,2275.21,4011.89,5.14,-2.51,,0,14:59:42,00,Y,N,0,0,Y,,2025-01-27 开始转股,计算使用3.9年期 评级为AA- 债参考YTM：2.2793,N,3.38,全价：131.389 最后更新：14:59:42,,,,0,[],0,0,N,,,buy,buy
2026-09-11 12:18:06,127102,浙建转债,zjzz,119.159,-0.54,002761,浙江建投,zjjt,7.28,-2.67,0.92,10.17,71.58,0,66.46,185.62,620101,建筑装饰,szmb,C,2024-01-16,[],0,0,buy,AA+,,7.119,13.221,12.6,buy,2029-12-25,3.29,9.951,4479.61,8561.35,3.78,-1.93,,0,15:34:03,00,Y,N,0,0,Y,,2024-07-01 开始转股,计算使用3.3年期 评级为AA+ 债参考YTM：1.6943,N,10.0,全价：119.159 最后更新：15:34:03,,,,0,{'M': ''},0,0,N,,,buy,buy
2026-09-11 12:18:06,113652,伟22转债,w22zz,120.67,-0.4,603568,伟明环保,wmhb,13.76,-1.78,1.92,19.02,72.35,0,66.8,187.47,760103,环保,shmb,C,2022-08-12,[],0,0,buy,AA,,13.314,24.726,5.2,buy,2028-07-22,1.863,14.766,6745.89,17634.58,3.81,-4.06,,0,14:59:15,00,Y,N,2,2,Y,转股价下修2次，成功下修2次,2023-01-30 开始转股,计算使用1.9年期 评级为AA 债参考YTM：1.6410,N,14.77,全价：120.670 最后更新：14:59:15,,,,1,{'M': ''},0,0,N,,,buy,buy
2026-09-11 12:18:06,111025,圣泉转债,sqzz,150.043,-0.84,605589,圣泉集团,sqjt,38.06,-1.19,2.98,42.38,89.81,112,67.07,217.11,220504,基础化工,shmb,C,2026-07-21,[],0,0,buy,AA+,,29.666,55.094,7.8,buy,2032-06-24,5.789,25.0,20503.99,82695.82,5.47,-5.05,,0,14:59:57,00,Y,N,1,1,Y,转股价下修1次，成功下修1次,未到转股期；2027-01-01 开始转股,计算使用5.8年期 评级为AA+ 债参考YTM：1.8674,N,25.0,全价：150.043 最后更新：14:59:57,,,,0,{'M': ''},0,0,N,,,buy,buy
2026-09-11 12:18:06,123122,富瀚转债,fhzz,122.393,-0.49,300613,富瀚微,fhw,66.99,-2.86,4.78,91.5,73.21,0,67.17,189.56,270104,电子,szcy,C,2021-08-24,[],0,0,buy,A+,,64.05,118.95,3.9,buy,2027-08-06,0.901,5.801,2829.17,63650.01,4.0,-6.72,,0,15:34:00,00,Y,N,0,0,Y,,2022-02-14 开始转股,计算使用1.0年期 评级为A+ 债参考YTM：4.1495,N,5.812,全价：122.393 最后更新：15:34:00,,,,1,{'M': ''},0,0,N,,,buy,buy
2026-09-11 12:18:06,118061,茂莱转债,mlzz,181.893,0.94,688502,茂莱光学,mlgx,395.35,-2.81,16.7,364.15,108.57,0,67.54,249.43,270303,电子,shkc,C,2025-12-10,[],0,0,buy,A+,,254.905,473.395,2.7,buy,2031-11-21,5.197,5.622,28897.4,60988.04,29.0,-8.12,,0,14:59:57,00,Y,N,0,0,Y,,2026-05-27 开始转股,计算使用5.2年期 评级为A+ 债参考YTM：4.7585,N,5.625,全价：181.893 最后更新：14:59:57,,,,0,"{'G': '本次（2026年5月28日至2026年7月3日）不提前赎回，以2026年10月4日首个交易日重新计算', 'M': ''}",0,0,N,,,buy,buy
2026-09-11 12:18:06,110095,双良转债,slzz,114.863,-0.17,600481,双良节能,sljn,4.22,-2.31,2.14,6.18,68.29,0,68.21,183.07,630501,电力设备,shmb,C,2023-09-08,[],0,0,buy,AA-,,4.326,8.034,16.1,buy,2029-08-08,2.91,14.006,4426.55,14843.0,2.76,-0.48,,0,14:59:53,00,Y,N,2,2,Y,转股价下修2次，成功下修2次,2024-02-19 开始转股,计算使用3.0年期 评级为AA- 债参考YTM：2.1846,N,26.0,全价：114.863 最后更新：14:59:53,,,,0,{'M': ''},0,0,N,,,buy,buy
2026-09-11 12:18:06,110101,宝钛转债,btzz,142.356,-1.21,600456,宝钛股份,btgf,26.21,-2.85,1.73,30.98,84.6,110,68.26,210.62,240504,有色金属,shmb,C,2026-07-16,[],0,0,buy,AAA,,21.686,40.274,27.9,buy,2032-06-23,5.786,35.0,11553.24,18441.55,2.34,-4.48,,0,14:59:57,00,Y,N,0,0,Y,,未到转股期；2026-12-30 开始转股,计算使用5.8年期 评级为AAA 债参考YTM：1.7613,N,35.0,全价：142.356 最后更新：14:59:57,,,,0,{'M': ''},0,0,N,,,buy,buy
2026-09-11 12:18:06,123253,永贵转债,ygzz,130.536,-0.08,300351,永贵电器,ygdq,14.09,-1.88,2.21,18.19,77.46,0,68.52,199.06,640501,机械设备,szcy,C,2025-03-28,[],0,0,buy,AA-,,12.733,23.647,26.4,buy,2031-03-13,4.504,9.797,4789.36,9979.8,3.75,-2.33,,0,15:34:30,00,Y,N,0,0,Y,,2025-09-19 开始转股,计算使用4.6年期 评级为AA- 债参考YTM：2.3320,N,9.8,全价：130.536 最后更新：15:34:30,,,,0,{'M': ''},0,0,N,,,buy,buy
2026-09-11 12:18:06,110090,爱迪转债,adzz,125.76,-0.11,600933,爱柯迪,akd,12.77,-1.69,1.35,17.15,74.46,0,68.89,194.65,280203,汽车,shmb,C,2022-10-28,[],0,0,buy,AA,,12.005,22.295,12.5,buy,2028-09-23,2.036,15.695,5302.13,8955.57,2.69,-5.3,,0,14:59:48,00,Y,N,0,0,Y,,2023-03-29 开始转股,计算使用2.1年期 评级为AA 债参考YTM：1.6544,N,15.7,全价：125.760 最后更新：14:59:48,,,,0,{'M': ''},0,0,N,,,buy,buy
2026-09-11 12:18:06,123214,东宝转债,dbzz,125.991,-0.68,300239,东宝生物,dbsw,4.93,-2.76,1.67,6.62,74.47,0,69.18,195.17,370304,医药生物,szcy,C,2023-08-18,[],0,0,buy,A+,,4.634,8.606,15.6,buy,2029-07-31,2.888,4.549,1659.35,4026.48,2.9,-2.72,,0,15:34:21,00,Y,N,0,0,Y,,2024-02-05 开始转股,计算使用2.9年期 评级为A+ 债参考YTM：4.5101,N,4.55,全价：125.991 最后更新：15:34:21,,,,0,[],0,0,N,,,buy,buy
2026-09-11 12:18:06,113705,豪26转债,h26zz,134.206,-0.32,603809,豪能股份,hngf,8.49,-1.51,2.0,10.74,79.05,102,69.77,203.98,280203,汽车,shmb,C,2026-07-10,[],0,0,buy,AA-,,6.444,13.962,23.0,buy,2032-06-14,5.762,18.0,4597.12,5207.72,1.91,-2.87,,0,14:57:25,00,Y,N,0,0,Y,,未到转股期；2026-12-22 开始转股,计算使用5.8年期 评级为AA- 债参考YTM：2.8102,N,18.0,全价：134.206 最后更新：14:57:25,,,,0,{'M': ''},0,0,N,,,buy,buy
2026-09-11 12:18:06,110086,精工转债,jgzz,120.065,-0.66,600496,精工钢构,jggg,3.23,-3.29,0.7,4.57,70.68,0,69.88,189.95,620401,建筑装饰,shmb,C,2022-05-23,[],0,0,buy,AA,,3.199,5.941,31.1,buy,2028-04-22,1.614,19.999,4051.62,14012.82,1.7,-3.3,,0,14:59:58,00,Y,N,0,0,Y,,2022-10-28 开始转股,计算使用1.7年期 评级为AA 债参考YTM：1.6287,N,20.0,全价：120.065 最后更新：14:59:58,,,,1,{'M': ''},0,0,N,,,buy,buy
2026-09-11 12:18:06,113698,凯众转债,kzzz,133.64,-0.28,603037,凯众股份,kzgf,9.79,-1.81,2.62,12.55,78.01,0,71.32,204.96,280203,汽车,shmb,C,2025-09-10,[],0,0,buy,AA-,,8.785,16.315,11.8,buy,2031-08-15,4.929,3.079,2465.4,3005.74,6.01,-3.3,,0,14:59:23,00,Y,N,0,0,Y,,2026-02-24 开始转股,计算使用5.0年期 评级为AA- 债参考YTM：2.3551,N,3.08,全价：133.640 最后更新：14:59:23,,,,0,[],0,0,N,,,buy,buy
2026-09-11 12:18:06,111021,奥锐转债,arzz,131.871,-0.17,605116,奥锐特,art,18.9,-1.56,2.87,24.6,76.83,0,71.64,203.51,370101,医药生物,shmb,C,2024-08-15,[],0,0,buy,AA-,,17.22,31.98,10.6,buy,2030-07-26,3.874,8.121,2438.7,3163.52,2.29,-2.6,,0,14:58:53,00,Y,N,0,0,Y,,2025-02-05 开始转股,计算使用3.9年期 评级为AA- 债参考YTM：2.2793,N,8.121,全价：131.871 最后更新：14:58:53,,,,0,[],0,0,N,,,buy,buy
2026-09-11 12:18:06,123216,科顺转债,kszz,120.3,0.08,300737,科顺股份,ksgf,4.61,-4.55,1.29,6.61,69.74,0,72.49,192.79,610304,建筑材料,szcy,C,2023-08-23,[],0,0,buy,AA-,,4.627,8.593,53.7,buy,2029-08-04,2.899,21.959,4552.62,12251.64,1.73,-0.59,,0,15:34:21,00,Y,N,2,1,Y,转股价下修2次，成功下修1次,2024-02-19 开始转股,计算使用2.9年期 评级为AA- 债参考YTM：2.1600,N,21.98,全价：120.300 最后更新：15:34:21,,,,0,{'M': ''},0,0,N,,,buy,buy
2026-09-11 12:18:06,127069,小熊转债,xxzz,124.798,-0.1,002959,小熊电器,xxdq,31.52,-1.65,1.66,43.71,72.11,0,73.06,197.86,330301,家用电器,szmb,C,2022-09-07,[],0,0,buy,AA-,,30.597,56.823,11.4,buy,2028-08-12,1.921,5.041,1843.69,1759.65,2.94,-3.13,,0,15:33:57,00,Y,N,1,1,Y,转股价下修1次，成功下修1次,2023-02-20 开始转股,计算使用2.0年期 评级为AA- 债参考YTM：1.9476,N,5.36,全价：124.798 最后更新：15:33:57,,,,1,{'M': ''},0,0,N,,,buy,buy
2026-09-11 12:18:06,123282,震裕转02,zyz02,142.0,-0.98,300953,震裕科技,zykj,85.98,-2.32,4.28,104.85,82.0,164,73.16,215.16,630701,电力设备,szcy,C,2026-09-02,[],0,0,buy,AA-,,73.395,136.305,12.5,buy,2032-08-16,5.934,18.8,18909.7,46344.81,7.11,-3.72,,0,15:34:51,00,Y,N,0,0,Y,,未到转股期；2027-02-22 开始转股,计算使用6.0年期 评级为AA- 债参考YTM：2.9141,N,18.8,全价：142.000 最后更新：15:34:51,,,,0,{'M': ''},1,0,N,,,buy,buy
2026-09-11 12:18:06,123252,银邦转债,ybzz,130.027,-0.6,300337,银邦股份,ybgf,9.38,-2.19,4.22,12.5,75.04,0,73.28,203.31,240301,有色金属,szcy,C,2025-01-24,[],0,0,buy,AA-,,8.75,16.25,11.8,buy,2031-01-06,4.323,7.846,2883.5,12834.92,2.83,-2.34,,0,15:34:30,00,Y,N,0,0,Y,,2025-07-14 开始转股,计算使用4.4年期 评级为AA- 债参考YTM：2.3205,N,7.85,全价：130.027 最后更新：15:34:30,,,,0,{'M': ''},0,0,N,,,buy,buy
2026-09-11 12:18:06,113706,金帝转债,jdzz,175.455,-2.22,603270,金帝股份,jdgf,30.87,-6.37,2.86,30.62,100.82,102,74.03,249.49,640108,机械设备,shmb,C,2026-07-10,[],0,0,buy,AA,,21.434,39.806,44.4,buy,2032-06-14,5.762,9.7,50810.59,37489.78,29.89,-6.63,,0,14:59:57,00,Y,N,0,0,Y,,未到转股期；2026-12-22 开始转股,计算使用5.8年期 评级为AA 债参考YTM：1.9838,N,9.7,全价：175.455 最后更新：14:59:57,,,,0,{'M': ''},0,0,N,,,buy,buy
2026-09-11 12:18:06,113647,禾丰转债,hfzz,116.615,-0.08,603609,禾丰股份,hfgf,6.76,-1.02,0.93,10.09,67.0,0,74.06,190.68,110402,农林牧渔,shmb,C,2022-05-18,[],0,0,buy,AA,,7.063,13.117,24.0,buy,2028-04-22,1.614,14.669,4801.86,3366.36,2.81,-1.52,,0,14:58:44,00,Y,N,0,0,Y,,2022-10-28 开始转股,计算使用1.7年期 评级为AA 债参考YTM：1.6287,N,15.0,全价：116.615 最后更新：14:58:44,,,,0,{'M': ''},0,0,N,,,buy,buy
2026-09-11 12:18:06,113682,益丰转债,yfzz,124.5,0.79,603939,益丰药房,yfyf,22.48,-0.84,2.25,31.44,71.5,0,74.12,198.62,370403,医药生物,shmb,C,2024-03-27,[],0,0,buy,AA,,22.008,40.872,6.6,buy,2030-03-04,3.48,17.968,6402.7,22248.26,2.89,-2.47,,0,14:59:47,00,Y,N,0,0,Y,,2024-09-09 开始转股,计算使用3.5年期 评级为AA 债参考YTM：1.7582,N,17.97,全价：124.500 最后更新：14:59:47,,,,0,{'M': ''},0,0,N,,,buy,buy
2026-09-11 12:18:06,127072,博实转债,bszz,132.209,-0.98,002698,博实股份,bsgf,11.22,-2.77,2.75,14.81,75.76,0,74.51,206.72,640701,机械设备,szmb,C,2022-11-03,[],0,0,buy,AA,,10.367,19.253,4.7,buy,2028-09-22,2.033,4.498,2946.49,13142.57,4.96,-6.64,,0,15:33:57,00,Y,N,0,0,Y,,2023-03-28 开始转股,计算使用2.1年期 评级为AA 债参考YTM：1.6544,N,4.5,全价：132.209 最后更新：15:33:57,,,,0,{'M': ''},0,0,N,,,buy,buy
2026-09-11 12:18:06,113692,保隆转债,blzz,126.91,-0.81,603197,保隆科技,blkj,28.45,-2.13,1.81,39.16,72.65,0,74.69,201.6,280205,汽车,shmb,C,2024-11-27,[],0,0,buy,AA,,27.412,50.908,23.1,buy,2030-10-31,4.14,13.897,5536.92,7818.81,3.15,-2.72,,0,14:58:54,00,Y,N,0,0,Y,,2025-05-06 开始转股,计算使用4.2年期 评级为AA 债参考YTM：1.8231,N,13.9,全价：126.910 最后更新：14:58:54,,,,0,{'M': ''},0,0,N,,,buy,buy
2026-09-11 12:18:06,127112,尚太转债,stzz,147.937,-0.81,001301,尚太科技,stkj,50.59,-5.16,2.56,60.02,84.29,0,75.51,223.45,630702,电力设备,szmb,C,2026-02-05,[],0,0,buy,AA+,,42.014,78.026,13.2,buy,2032-01-16,5.351,17.339,6435.28,22683.02,2.51,-5.22,,0,15:34:12,00,Y,N,0,0,Y,,2026-07-22 开始转股,计算使用5.4年期 评级为AA+ 债参考YTM：1.8094,N,17.34,全价：147.937 最后更新：15:34:12,,,,0,{'M': ''},0,0,N,,,buy,buy
2026-09-11 12:18:06,118074,特宝转债,tbzz,156.683,-2.72,688278,特宝生物,tbsw,52.05,-4.51,6.85,58.56,88.88,145,76.28,232.96,370304,医药生物,shkc,C,2026-08-13,[],0,0,buy,AA+,,40.992,76.128,7.2,buy,2032-07-27,5.88,15.33,11293.88,16129.47,4.71,-5.68,,0,14:59:57,00,Y,N,0,0,Y,,未到转股期；2027-02-03 开始转股,计算使用5.9年期 评级为AA+ 债参考YTM：1.8814,N,15.33,全价：156.683 最后更新：14:59:57,,,,0,{'M': ''},1,0,N,,,buy,buy
2026-09-11 12:18:06,123276,久吾转02,jwz02,156.499,-0.64,300631,久吾高科,jwgk,21.11,-2.22,1.94,23.78,88.77,136,76.29,232.79,760201,环保,szcy,C,2026-08-04,[],0,0,buy,A+,,16.646,30.914,11.7,buy,2032-07-19,5.858,3.0,8561.48,3943.75,18.21,-4.64,,0,15:34:42,00,Y,N,0,0,Y,,未到转股期；2027-01-25 开始转股,计算使用5.9年期 评级为A+ 债参考YTM：5.2187,N,3.0,全价：156.499 最后更新：15:34:42,,,,0,[],1,0,N,,,buy,buy
2026-09-11 12:18:06,118031,天23转债,t23zz,118.93,-0.18,688599,天合光能,thgn,10.75,-2.89,1.22,16.0,67.19,0,77.01,195.94,630502,电力设备,shkc,C,2023-03-15,[],0,0,buy,AA,,11.2,20.8,23.2,buy,2029-02-13,2.427,58.512,10454.27,44218.59,1.51,-0.22,,0,15:00:00,00,Y,N,2,2,Y,转股价下修2次，成功下修2次,2023-08-17 开始转股,计算使用2.5年期 评级为AA 债参考YTM：1.6812,N,88.648,全价：118.930 最后更新：15:00:00,,,,0,{'M': ''},0,0,N,,,buy,buy
2026-09-11 12:18:06,127083,山路转债,slzz,116.98,0.14,000498,山东路桥,sdlq,4.9,-1.61,0.27,7.42,66.04,0,77.14,194.12,620306,建筑装饰,szmb,C,2023-04-26,[],0,0,buy,AAA,,5.194,9.646,68.1,buy,2029-03-24,2.534,48.359,3698.48,6137.76,0.66,-1.98,,0,15:34:00,00,Y,N,0,0,Y,,2023-10-09 开始转股,计算使用2.6年期 评级为AAA 债参考YTM：1.6059,N,48.36,全价：116.980 最后更新：15:34:00,,,,0,{'M': ''},0,0,N,,,buy,buy
2026-09-11 12:18:06,113053,隆22转债,l22zz,114.771,-0.22,601012,隆基绿能,ljln,11.32,-3.25,1.76,17.5,64.69,0,77.43,192.2,630502,电力设备,shmb,C,2022-02-17,[],0,0,buy,AAA,,12.25,22.75,8.2,buy,2028-01-05,1.318,69.951,9930.8,96869.03,1.24,-4.16,,0,14:59:36,00,Y,N,1,1,Y,转股价下修1次，成功下修1次,2022-07-11 开始转股,计算使用1.4年期 评级为AAA 债参考YTM：1.5418,N,70.0,全价：114.771 最后更新：14:59:36,,,,1,{'M': ''},0,0,N,,,buy,buy
2026-09-11 12:18:06,123263,鼎捷转债,djzz,146.5,-0.34,300378,鼎捷数智,djsz,35.8,-2.74,3.88,43.42,82.45,0,77.68,224.18,710402,计算机,szcy,C,2025-12-31,[],0,0,buy,AA,,30.394,56.446,8.6,buy,2031-12-15,5.263,8.275,7622.68,34340.08,6.34,-4.79,,0,15:34:30,00,Y,N,0,0,Y,,2026-06-22 开始转股,计算使用5.3年期 评级为AA 债参考YTM：1.8779,N,8.28,全价：146.500 最后更新：15:34:30,,,,0,{'M': ''},0,0,N,,,buy,buy
2026-09-11 12:18:06,118052,浩瀚转债,hhzz,133.984,1.05,688292,浩瀚深度,hhsd,18.13,1.85,2.91,24.2,74.92,0,78.84,212.82,710103,计算机,shkc,C,2025-04-07,[],0,0,buy,A+,,16.94,31.46,12.3,buy,2031-03-13,4.504,3.539,11181.33,5606.62,23.59,-2.51,,0,14:59:57,00,Y,N,0,0,Y,,2025-09-19 开始转股,计算使用4.6年期 评级为A+ 债参考YTM：4.6879,N,3.54,全价：133.984 最后更新：14:59:57,,,,0,{'M': ''},0,0,N,,,buy,buy
2026-09-11 12:18:06,113703,翔26转债,x26zz,133.225,-0.58,603112,华翔股份,hxgf,16.33,-2.74,1.92,21.94,74.43,94,78.99,212.22,330601,家用电器,shmb,C,2026-07-07,[],0,0,buy,AA-,,15.358,28.522,14.9,buy,2032-06-07,5.743,13.01,3473.08,16338.15,2.01,-2.45,,0,14:59:59,00,Y,N,0,0,Y,,未到转股期；2026-12-14 开始转股,计算使用5.8年期 评级为AA- 债参考YTM：2.8102,N,13.01,全价：133.225 最后更新：14:59:59,,,,0,[],0,0,N,,,buy,buy
2026-09-11 12:18:06,123229,艾录转债,alzz,129.763,-0.02,301062,上海艾录,shal,7.21,-2.04,2.3,9.95,72.46,0,79.08,208.84,360205,轻工制造,szcy,C,2023-11-20,[],0,0,buy,A,,6.965,12.935,9.0,buy,2029-10-23,3.118,1.779,547.19,4779.02,2.37,-2.46,,0,15:34:21,00,Y,N,0,0,Y,,2024-04-29 开始转股,计算使用3.2年期 评级为A 债参考YTM：6.9231,N,5.0,全价：129.763 最后更新：15:34:21,,,,0,{'M': ''},0,0,N,,,buy,buy
2026-09-11 12:18:06,123262,神宇转债,syzz,130.0,2.43,300563,神宇股份,sygf,27.92,19.98,4.38,38.62,72.29,0,79.82,209.82,730205,通信,szcy,C,2025-12-30,[],0,0,buy,AA-,,27.034,50.206,13.7,buy,2031-12-11,5.252,4.999,154806.35,61189.47,233.66,-2.55,,0,15:34:39,00,Y,N,0,0,Y,,2026-06-17 开始转股,计算使用5.3年期 评级为AA- 债参考YTM：2.4620,N,5.0,全价：130.000 最后更新：15:34:39,,,,0,{'M': ''},0,0,N,,,buy,buy
2026-09-11 12:18:06,123220,易瑞转债,yrzz,127.388,-0.07,300942,易瑞生物,yrsw,6.26,-2.19,2.9,8.85,70.73,0,80.09,207.48,370504,医药生物,szcy,C,2023-09-06,[],0,0,buy,A+,,6.195,11.505,11.5,buy,2029-08-18,2.937,2.907,1246.27,2456.73,3.38,-2.53,,0,15:34:18,00,Y,N,1,1,Y,转股价下修1次，成功下修1次,2024-02-26 开始转股,计算使用3.0年期 评级为A+ 债参考YTM：4.5346,N,3.28,全价：127.388 最后更新：15:34:18,,,,0,{'M': ''},0,0,N,,,buy,buy
2026-09-11 12:18:06,118072,鼎通转债,dtzz,181.924,0.9,688668,鼎通科技,dtkj,247.32,-3.6,15.25,246.0,100.54,110,80.95,262.87,730204,通信,shkc,C,2026-07-17,[],0,0,buy,A+,,172.2,319.8,2.7,buy,2032-06-23,5.786,9.3,30756.86,125588.98,18.34,-7.32,,0,14:59:59,00,Y,N,1,1,Y,转股价下修1次，成功下修1次,未到转股期；2026-12-30 开始转股,计算使用5.8年期 评级为A+ 债参考YTM：5.1599,N,9.3,全价：181.924 最后更新：14:59:59,,,,0,{'M': ''},0,0,N,,,buy,buy
2026-09-11 12:18:06,123223,九典转02,jdz02,130.5,0.17,300705,九典制药,jdzy,10.48,-1.13,2.02,14.55,72.03,0,81.18,211.68,370102,医药生物,szcy,C,2023-10-13,[],0,0,buy,A+,,10.185,18.915,5.3,buy,2029-09-15,3.014,2.052,802.63,4545.6,3.01,-3.37,,0,15:34:21,00,Y,N,0,0,Y,,2024-03-21 开始转股,计算使用3.1年期 评级为A+ 债参考YTM：4.5560,N,3.6,全价：130.500 最后更新：15:34:21,,,,0,[],0,0,N,,,buy,buy
2026-09-11 12:18:06,113679,芯能转债,xnzz,124.711,0.08,603105,芯能科技,xnkj,8.61,2.74,1.96,12.55,68.61,0,81.78,206.49,410106,公用事业,shmb,C,2023-11-24,[],0,0,buy,AA-,,8.785,16.315,20.4,buy,2029-10-26,3.126,8.799,14813.5,63347.66,13.48,-1.39,,0,14:59:57,00,Y,N,0,0,Y,,2024-05-06 开始转股,计算使用3.2年期 评级为AA- 债参考YTM：2.2224,N,8.8,全价：124.711 最后更新：14:59:57,,,,0,{'M': ''},0,0,N,,,buy,buy
2026-09-11 12:18:06,113708,曙26转债,s26zz,138.831,-0.13,603019,中科曙光,zksg,82.25,-0.12,5.22,108.89,75.54,132,83.8,222.63,710103,计算机,shmb,C,2026-08-06,[],0,0,buy,AAA,,76.223,141.557,6.6,buy,2032-07-14,5.844,80.0,51829.95,176063.72,4.69,-4.2,,0,14:59:59,00,Y,N,0,0,Y,,未到转股期；2027-01-21 开始转股,计算使用5.9年期 评级为AAA 债参考YTM：1.7679,N,80.0,全价：138.831 最后更新：14:59:59,,,,0,{'M': ''},1,0,N,,,buy,buy
2026-09-11 12:18:06,123259,锦浪转02,jlz02,139.199,-0.49,300763,锦浪科技,jlkj,54.8,-3.59,2.31,72.41,75.68,0,83.93,223.13,630503,电力设备,szcy,C,2025-11-06,[],0,0,buy,AA,,50.687,94.133,9.5,buy,2031-10-17,5.101,16.763,10227.21,50547.7,4.42,-3.83,,0,15:34:36,00,Y,N,1,1,Y,转股价下修1次，成功下修1次,2026-04-23 开始转股,计算使用5.2年期 评级为AA 债参考YTM：1.8627,N,16.766,全价：139.199 最后更新：15:34:36,,,,0,"{'G': '本次（2026年4月23日至2026年5月20日）不提前赎回，以2027年5月21日为首个交易日重新计算', 'M': ''}",0,0,N,,,buy,buy
2026-09-11 12:18:06,123168,惠云转债,hyzz,125.628,-0.56,300891,惠云钛业,hyty,7.33,-2.53,2.27,10.74,68.25,0,84.07,209.7,220206,基础化工,szcy,C,2022-12-14,[],0,0,buy,AA-,,7.518,13.962,20.0,buy,2028-11-23,2.203,4.899,1783.51,4873.21,2.91,-2.6,,0,15:34:06,00,Y,N,0,0,Y,,2023-05-29 开始转股,计算使用2.3年期 评级为AA- 债参考YTM：2.0041,N,4.9,全价：125.628 最后更新：15:34:06,,,,0,{'M': ''},0,0,N,,,buy,buy
2026-09-11 12:18:06,123283,丰茂转债,fmzz,165.7,-3.54,301459,丰茂股份,fmgf,32.0,-0.53,2.61,35.59,89.91,166,84.29,249.99,220602,基础化工,szcy,C,2026-09-09,[],0,0,buy,AA-,,24.913,46.267,72.7,buy,2032-08-17,5.937,6.075,207204.89,3757.7,198.23,-6.21,,0,15:34:51,00,Y,N,0,0,Y,,未到转股期；2027-02-24 开始转股,计算使用6.0年期 评级为AA- 债参考YTM：2.9141,N,6.075,全价：165.700 最后更新：15:34:51,,,,0,{'M': ''},0,0,N,,,buy,buy
2026-09-11 12:18:06,113648,巨星转债,jxzz,115.85,-0.54,603477,巨星农牧,jxnm,15.61,-0.7,3.01,24.84,62.84,0,84.35,200.2,110702,农林牧渔,shmb,C,2022-05-17,[],0,0,buy,AA-,,17.388,32.292,11.3,buy,2028-04-25,1.622,8.997,3578.87,14849.57,3.44,-1.95,,0,14:58:25,00,Y,N,0,0,Y,,2022-10-31 开始转股,计算使用1.7年期 评级为AA- 债参考YTM：1.9109,N,10.0,全价：115.850 最后更新：14:58:25,,,,0,{'M': ''},0,0,N,,,buy,buy
2026-09-11 12:18:06,118020,芳源转债,fyzz,119.132,1.33,688148,芳源股份,fygf,5.8,-3.01,5.55,9.0,64.44,0,84.86,203.99,630702,电力设备,shkc,C,2022-11-07,[],0,0,buy,BBB,,6.3,11.7,21.7,buy,2028-09-23,2.036,6.417,4993.39,8351.49,6.58,2.9,,0,14:59:57,00,Y,N,3,2,Y,转股价下修3次，成功下修2次,2023-03-29 开始转股,计算使用2.1年期 评级为BBB 债参考YTM：15.2720,Y,6.42,全价：119.132 最后更新：14:59:57,,,"按下调到底估算
股东大会：2026-09-22
预估转股价：6.29
预估转股价值：92.21
期权价值：34.18
理论价值：129.59
理论偏离度：-8.78%",0,{'M': ''},0,0,N,,,buy,buy
2026-09-11 12:18:06,118071,华峰转债,hfzz,193.296,0.57,688200,华峰测控,hfck,349.11,-1.81,9.57,335.33,104.11,109,85.67,278.97,270108,电子,shkc,C,2026-07-17,[],0,0,buy,AA,,234.731,435.929,1.1,buy,2032-06-22,5.784,7.49,29029.78,119881.97,20.32,-8.88,,0,14:59:58,00,Y,N,0,0,Y,,未到转股期；2026-12-29 开始转股,计算使用5.8年期 评级为AA 债参考YTM：1.9838,N,7.49,全价：193.296 最后更新：14:59:58,,,,0,{'M': ''},0,0,N,,,buy,buy
2026-09-11 12:18:06,113709,振26转债,z26zz,164.412,0.38,603067,振华股份,zhgf,35.5,-1.28,6.2,40.33,88.02,147,86.78,251.19,220203,基础化工,shmb,C,2026-08-17,[],0,0,buy,AA,,28.231,52.429,3.3,buy,2032-07-29,5.885,8.78,27832.9,103462.92,19.74,-6.16,,0,15:00:00,00,Y,N,0,0,Y,,未到转股期；2027-02-05 开始转股,计算使用5.9年期 评级为AA 债参考YTM：2.0050,N,8.78,全价：164.412 最后更新：15:00:00,,,,0,{'M': ''},0,0,N,,,buy,buy
2026-09-11 12:18:06,118037,上声转债,sszz,125.138,0.13,688533,上声电子,ssdz,19.13,-2.15,1.77,28.64,66.8,0,87.35,212.49,280206,汽车,shkc,C,2023-08-01,[],0,0,buy,A+,,20.048,37.232,14.8,buy,2029-07-06,2.819,4.679,1035.14,1980.23,1.77,-3.12,,0,14:59:38,00,Y,N,2,1,Y,转股价下修2次，成功下修1次,2024-01-12 开始转股,计算使用2.9年期 评级为A+ 债参考YTM：4.5101,N,5.2,全价：125.138 最后更新：14:59:38,,,,0,{'M': ''},0,0,N,,,buy,buy
2026-09-11 12:18:06,123193,海能转债,hnzz,124.25,0.24,300787,海能实业,hnsy,9.61,-2.54,1.95,14.5,66.28,0,87.47,211.72,270504,电子,szcy,C,2023-05-09,[],0,0,buy,AA-,,10.15,18.85,31.8,buy,2029-04-13,2.589,5.997,2002.23,3697.24,2.7,-1.84,,0,15:34:15,00,Y,N,0,0,Y,,2023-10-19 开始转股,计算使用2.6年期 评级为AA- 债参考YTM：2.0803,N,6.0,全价：124.250 最后更新：15:34:15,,,,0,[],0,0,N,,,buy,buy
2026-09-11 12:18:06,113707,科博转债,kbzz,155.043,-2.33,603786,科博达,kbd,37.19,-2.16,2.65,45.56,81.63,122,89.94,244.98,280206,汽车,shmb,C,2026-07-31,[],0,0,buy,AA+,,31.892,59.228,9.9,buy,2032-07-02,5.811,14.91,5918.17,6134.04,2.56,-5.58,,0,14:59:46,00,Y,N,0,0,Y,,未到转股期；2027-01-11 开始转股,计算使用5.9年期 评级为AA+ 债参考YTM：1.8814,N,14.91,全价：155.043 最后更新：14:59:46,,,,0,{'M': ''},1,0,N,,,buy,buy
2026-09-11 12:18:06,113627,太平转债,tpzz,111.512,0.12,603877,太平鸟,tpn,12.09,-2.81,1.28,20.61,58.66,0,90.1,201.61,350209,纺织服饰,shmb,C,2021-08-06,[],0,0,buy,AA,,14.427,26.793,14.1,buy,2027-07-15,0.841,7.996,1947.59,1894.74,2.19,-1.62,,0,14:59:08,00,Y,N,1,1,Y,转股价下修1次，成功下修1次,2022-01-21 开始转股,计算使用0.9年期 评级为AA 债参考YTM：1.5704,N,8.0,全价：111.512 最后更新：14:59:08,,,,0,{'M': ''},0,0,N,,,buy,buy
2026-09-11 12:18:06,123165,回天转债,htzz,133.34,0.37,300041,回天新材,htxc,10.37,-1.43,1.83,15.05,68.9,0,93.52,226.86,220316,基础化工,szcy,C,2022-11-15,[],0,0,buy,AA-,,10.535,19.565,15.0,buy,2028-10-27,2.129,8.496,6158.73,14887.52,5.49,-5.5,,0,15:34:09,00,Y,N,1,0,Y,转股价下修1次，成功下修0次,2023-05-04 开始转股,计算使用2.2年期 评级为AA- 债参考YTM：1.9823,N,8.5,全价：133.340 最后更新：15:34:09,,,,0,{'M': ''},0,0,N,,,buy,buy
2026-09-11 12:18:06,113656,嘉诚转债,jczz,117.782,-0.24,603535,嘉诚国际,jcgj,6.25,-2.95,1.23,10.33,60.5,0,94.67,212.45,420805,交通运输,shmb,C,2022-10-12,[],0,0,buy,A+,,7.231,13.429,25.0,buy,2028-09-01,1.975,7.998,1701.25,2926.69,1.81,-0.34,,0,14:59:54,00,Y,N,0,0,Y,,2023-03-07 开始转股,计算使用2.0年期 评级为A+ 债参考YTM：4.2976,N,8.0,全价：117.782 最后更新：14:59:54,,,,1,[],0,0,N,,,buy,buy
2026-09-11 12:18:06,118065,艾为转债,awzz,132.75,-0.47,688798,艾为电子,awdz,54.06,-1.82,2.96,79.4,68.09,0,94.98,227.73,270105,电子,shkc,C,2026-02-26,[],0,0,buy,AA+,,55.58,103.22,25.9,buy,2032-01-22,5.367,19.01,8193.01,29793.79,3.26,-3.08,,0,14:59:54,00,Y,N,0,0,Y,,2026-07-28 开始转股,计算使用5.4年期 评级为AA+ 债参考YTM：1.8094,N,19.01,全价：132.750 最后更新：14:59:54,,,,0,"{'M': '', 'EX': '孙洪军大宗减持11.57% 2026年09月01日公告'}",1,0,N,,,buy,buy
2026-09-11 12:18:06,127038,国微转债,gwzz,119.0,1.22,002049,紫光国微,zggw,59.09,-2.33,3.48,97.01,60.91,0,95.37,214.37,270104,电子,szmb,C,2021-07-14,[],0,0,buy,AA+,,67.907,126.113,3.0,buy,2027-06-10,0.745,14.915,4372.04,89003.8,2.49,-10.19,,0,15:34:48,00,Y,N,0,0,Y,,2021-12-17 开始转股,计算使用0.8年期 评级为AA+ 债参考YTM：1.5504,N,15.0,全价：119.000 最后更新：15:34:48,,,,1,{'M': ''},0,0,N,,,buy,buy
2026-09-11 12:18:06,118063,金05转债,j05zz,140.002,-1.34,688676,金盘科技,jpkj,63.26,-2.83,5.49,88.6,71.4,0,96.08,236.08,630801,电力设备,shkc,C,2026-01-14,[],0,0,buy,AA+,,62.02,115.18,5.7,buy,2031-12-25,5.29,16.707,6315.0,62026.02,2.7,-4.26,,0,14:59:49,00,Y,N,0,0,Y,,2026-07-01 开始转股,计算使用5.3年期 评级为AA+ 债参考YTM：1.7972,N,16.71,全价：140.002 最后更新：14:59:49,,,,0,{'M': ''},1,0,N,,,buy,buy
2026-09-11 12:18:06,113701,祥和转债,xhzz,137.07,-0.69,603500,祥和实业,xhsy,9.32,-1.79,2.91,13.37,69.71,0,96.63,233.7,640501,机械设备,shmb,C,2026-03-26,[],0,0,buy,A+,,9.359,17.381,12.9,buy,2032-03-03,5.48,4.0,1843.92,4655.38,3.36,-2.6,,0,14:59:56,00,Y,N,0,0,Y,,2026-09-09 开始转股,计算使用5.5年期 评级为A+ 债参考YTM：4.9449,N,4.0,全价：137.070 最后更新：14:59:56,,,,0,[],1,0,N,,,buy,buy
2026-09-11 12:18:06,123275,肇民转债,zmzz,133.289,-0.57,301000,肇民科技,zmkj,22.85,-2.23,4.28,33.76,67.68,126,96.93,230.22,280205,汽车,szcy,C,2026-07-24,[],0,0,buy,AA-,,23.632,43.888,11.2,buy,2032-07-08,5.827,5.9,4155.17,5761.37,5.31,-2.72,,0,15:34:39,00,Y,N,0,0,Y,,未到转股期；2027-01-15 开始转股,计算使用5.9年期 评级为AA- 债参考YTM：2.8688,N,5.9,全价：133.289 最后更新：15:34:39,,,,0,{'M': ''},1,0,N,,,buy,buy
2026-09-11 12:18:06,118024,冠宇转债,gyzz,122.0,-0.41,688772,珠海冠宇,zhgy,13.92,-3.2,2.2,22.51,61.84,0,97.29,219.29,630701,电力设备,shkc,C,2022-11-17,[],0,0,buy,AA,,15.757,27.012,19.5,buy,2028-10-24,2.121,30.889,13397.74,38264.77,3.58,-2.68,,0,14:59:45,00,Y,N,0,0,Y,,2023-04-28 开始转股,计算使用2.2年期 评级为AA 债参考YTM：1.6611,N,30.89,全价：122.000 最后更新：14:59:45,,,,0,{'M': ''},0,0,N,120%,,buy,buy
2026-09-11 12:18:06,113671,武进转债,wjzz,124.463,-0.49,603878,武进不锈,wjbx,4.97,-3.5,1.09,7.88,63.07,0,97.34,221.8,230403,钢铁,shmb,C,2023-08-03,[],0,0,buy,AA,,5.516,10.244,11.1,buy,2029-07-10,2.83,3.093,1789.51,6077.32,4.65,-3.32,,0,14:59:02,00,Y,N,0,0,Y,,2024-01-15 开始转股,计算使用2.9年期 评级为AA 债参考YTM：1.7079,N,3.1,全价：124.463 最后更新：14:59:02,,,,0,[],0,0,N,,,buy,buy
2026-09-11 12:18:06,118070,南芯转债,nxzz,144.074,0.62,688484,南芯科技,nxkj,31.9,-0.96,3.41,43.71,72.98,105,97.41,241.48,270105,电子,shkc,C,2026-07-10,[],0,0,buy,AA+,,30.597,56.823,11.6,buy,2032-06-17,5.77,15.869,13679.99,38932.4,6.06,-4.25,,0,14:59:58,00,Y,N,0,0,Y,,未到转股期；2026-12-25 开始转股,计算使用5.8年期 评级为AA+ 债参考YTM：1.8674,N,15.869,全价：144.074 最后更新：14:59:58,,,,0,{'M': ''},0,0,N,,,buy,buy
2026-09-11 12:18:06,123154,火星转债,hxzz,121.11,-0.76,300894,火星人,hxr,9.8,-2.0,4.05,16.0,61.25,0,97.73,218.84,330401,家用电器,szcy,C,2022-08-23,[],0,0,buy,A+,,11.2,20.8,18.4,buy,2028-08-05,1.901,5.289,3422.62,5082.52,5.36,-1.82,,0,15:34:12,00,Y,N,1,1,Y,转股价下修1次，成功下修1次,2023-02-13 开始转股,计算使用2.0年期 评级为A+ 债参考YTM：4.2976,N,5.29,全价：121.110 最后更新：15:34:12,,,,1,{'M': ''},0,0,N,,,buy,buy
2026-09-11 12:18:06,113702,斯达转债,sdzz,156.11,-0.49,603290,斯达半导,sdbd,82.65,-0.99,2.87,104.79,78.87,41,97.93,254.04,270102,电子,shmb,C,2026-05-11,[],0,0,buy,AA+,,73.353,136.227,7.6,buy,2032-04-15,5.597,15.0,16640.55,31424.17,7.19,-5.9,,0,14:59:57,00,Y,N,0,0,Y,,未到转股期；2026-10-22 开始转股,计算使用5.6年期 评级为AA+ 债参考YTM：1.8376,N,15.0,全价：156.110 最后更新：14:59:57,,,,0,{'M': ''},1,0,N,,,buy,buy
2026-09-11 12:18:06,123215,铭利转债,mlzz,121.065,-0.31,301268,铭利达,mld,11.72,-3.62,3.16,19.19,61.07,0,98.23,219.3,640108,机械设备,szcy,C,2023-08-23,[],0,0,buy,A+,,13.433,24.947,20.1,buy,2029-08-03,2.896,8.555,1614.14,4085.63,1.56,0.13,,0,15:34:24,00,Y,N,1,1,Y,转股价下修1次，成功下修1次,2024-02-19 开始转股,计算使用2.9年期 评级为A+ 债参考YTM：4.5101,N,10.0,全价：121.065 最后更新：15:34:24,,,,0,{'M': ''},0,0,N,,,buy,buy
2026-09-11 12:18:06,118073,赛斯转债,sszz,148.671,-1.91,688480,赛恩斯,ses,66.1,-4.58,5.13,88.16,74.98,136,98.29,246.96,760104,环保,shkc,C,2026-08-12,[],0,0,buy,AA,,61.712,114.608,8.6,buy,2032-07-16,5.849,5.519,4531.95,7733.6,5.52,-4.55,,0,14:59:41,00,Y,N,0,0,Y,,未到转股期；2027-01-25 开始转股,计算使用5.9年期 评级为AA 债参考YTM：2.0050,N,5.519,全价：148.671 最后更新：14:59:41,,,,0,{'M': ''},1,0,N,,,buy,buy
2026-09-11 12:18:06,127068,顺博转债,sbzz,118.999,-0.08,002996,顺博合金,sbhj,5.99,-3.54,1.17,10.0,59.9,0,98.66,217.66,240301,有色金属,szmb,C,2022-09-07,[],0,0,buy,AA-,,7.0,13.0,30.2,buy,2028-08-12,1.921,8.3,2722.02,7465.74,2.77,-4.05,,0,15:34:00,00,Y,N,2,2,Y,转股价下修2次，成功下修2次,2023-02-20 开始转股,计算使用2.0年期 评级为AA- 债参考YTM：1.9476,N,8.3,全价：118.999 最后更新：15:34:00,,,,1,[],0,0,N,,,buy,buy
2026-09-11 12:18:06,113634,珀莱转债,plzz,121.667,-0.47,603605,珀莱雅,bly,57.21,-2.17,3.38,94.27,60.69,0,100.48,222.15,770202,美容护理,shmb,C,2022-01-04,[],0,0,buy,AA,,65.989,122.551,3.3,buy,2027-12-08,1.241,7.507,4568.61,25699.94,5.03,-3.28,,0,14:59:46,00,Y,N,0,0,N,2026-09-09 至 2026-09-15 期间暂停转股：回售,2022-06-14 开始转股;2026-09-09 至 2026-09-15 期间暂停转股：回售,计算使用1.3年期 评级为AA 债参考YTM：1.6036,N,7.517,全价：121.667 最后更新：14:59:46,,,,0,{'M': ''},0,0,Y,,,buy,buy
2026-09-11 12:18:06,127085,韵达转债,ydzz,118.285,0.44,002120,韵达股份,ydgf,6.77,-1.46,0.91,11.53,58.72,0,101.45,219.74,420804,交通运输,szmb,C,2023-05-23,[],0,0,buy,AA+,,8.071,14.989,12.9,buy,2029-04-11,2.584,24.499,6148.09,19361.8,2.13,-2.37,,0,15:34:15,00,Y,N,0,0,Y,,2023-10-17 开始转股,计算使用2.6年期 评级为AA+ 债参考YTM：1.6519,N,24.5,全价：118.285 最后更新：15:34:15,,,,0,{'M': ''},0,0,N,,,buy,buy
2026-09-11 12:18:06,118076,先锋转债,xfzz,185.44,2.31,688605,先锋精科,xfjk,79.13,-3.43,9.52,86.4,91.59,154,102.48,287.92,270108,电子,shkc,C,2026-08-26,[],0,0,buy,AA,,60.48,112.32,8.7,buy,2032-08-05,5.904,7.5,56955.37,37655.5,41.78,-8.05,,0,15:00:00,00,Y,N,0,0,Y,,未到转股期；2027-02-12 开始转股,计算使用6.0年期 评级为AA 债参考YTM：2.0241,N,7.5,全价：185.440 最后更新：15:00:00,,,,0,{'M': ''},0,0,N,,,buy,buy
2026-09-11 12:18:06,118069,爱科转债,akzz,152.059,-0.94,688092,爱科科技,akkj,21.38,-3.56,2.65,28.53,74.94,97,102.91,254.97,640209,机械设备,shkc,C,2026-07-09,[],0,0,buy,AA-,,19.971,37.089,15.1,buy,2032-06-10,5.751,2.67,2931.02,2129.8,7.24,-4.44,,0,14:59:55,00,Y,N,0,0,Y,,未到转股期；2026-12-17 开始转股,计算使用5.8年期 评级为AA- 债参考YTM：2.8102,N,2.67,全价：152.059 最后更新：14:59:55,,,,0,{'M': ''},1,0,N,,,buy,buy
2026-09-11 12:18:06,123274,维科转债,wkzz,136.5,-0.2,301499,维科精密,wkjm,23.87,-1.73,2.53,35.62,67.01,115,103.69,240.19,280206,汽车,szcy,C,2026-07-10,[],0,0,buy,A+,,24.934,46.306,19.1,buy,2032-06-25,5.792,6.3,2056.88,2901.3,2.4,-2.53,,0,15:34:30,00,Y,N,0,0,Y,,未到转股期；2027-01-04 开始转股,计算使用5.8年期 评级为A+ 债参考YTM：5.1599,N,6.3,全价：136.500 最后更新：15:34:30,,,,0,{'M': ''},1,0,N,,,buy,buy
2026-09-11 12:18:06,123260,卓镁转债,zmzz,141.439,1.54,301398,星源卓镁,xyzm,36.08,-2.67,3.87,52.15,69.19,0,104.44,245.88,280202,汽车,szcy,C,2025-11-24,[],0,0,buy,A+,,36.505,67.795,11.4,buy,2031-11-07,5.159,4.499,2047.57,4580.15,3.29,-3.36,,0,15:34:33,00,Y,N,0,0,Y,,2026-05-13 开始转股,计算使用5.2年期 评级为A+ 债参考YTM：4.7585,N,4.5,全价：141.439 最后更新：15:34:33,,,,0,{'M': ''},0,0,N,,,buy,buy
2026-09-11 12:18:06,113655,欧22转债,o22zz,117.9,-0.38,603833,欧派家居,opjj,29.54,-2.41,0.97,51.29,57.59,0,104.71,222.61,360308,轻工制造,shmb,C,2022-09-01,[],0,0,buy,AA,,35.903,66.677,11.2,buy,2028-08-05,1.901,19.999,3879.18,7738.62,1.65,-1.86,,0,14:59:27,00,Y,N,1,1,Y,转股价下修1次，成功下修1次,2023-02-13 开始转股,计算使用2.0年期 评级为AA 债参考YTM：1.6476,N,20.0,全价：117.900 最后更新：14:59:27,,,,0,{'M': ''},0,0,N,,,buy,buy
2026-09-11 12:18:06,123264,双乐转债,slzz,120.27,-0.44,301036,双乐股份,slgf,21.36,-2.91,1.27,36.4,58.68,0,104.95,225.22,220305,基础化工,szcy,C,2026-01-16,[],0,0,buy,AA-,,25.48,47.32,53.8,buy,2031-12-26,5.293,8.0,3093.32,3070.2,3.23,-1.07,,0,15:34:24,00,Y,N,0,0,Y,,2026-07-06 开始转股,计算使用5.3年期 评级为AA- 债参考YTM：2.4620,N,8.0,全价：120.270 最后更新：15:34:24,,,,0,{'M': ''},1,0,N,,,buy,buy
2026-09-11 12:18:06,123266,博士转债,bszz,137.542,-0.19,300622,博士眼镜,bsyj,14.29,-3.45,4.91,21.38,66.84,13,105.78,243.32,450401,商贸零售,szcy,C,2026-04-07,[],0,0,buy,AA,,14.966,27.794,11.9,buy,2032-03-17,5.518,3.75,1399.26,9627.17,2.72,-3.15,,0,15:34:27,00,Y,N,0,0,Y,,未到转股期；2026-09-24 开始转股,计算使用5.6年期 评级为AA 债参考YTM：1.9388,N,3.75,全价：137.542 最后更新：15:34:27,,,,0,[],0,0,N,,,buy,buy
2026-09-11 12:18:06,123196,正元转02,zyz02,124.21,-0.16,300645,正元智慧,zyzh,13.19,-2.94,1.69,21.91,60.2,0,106.33,230.54,710103,计算机,szcy,C,2023-05-19,[],0,0,buy,A+,,15.337,28.483,19.1,buy,2029-04-18,2.603,3.501,903.49,4635.86,2.08,-1.89,,0,15:34:12,00,Y,N,2,1,Y,转股价下修2次，成功下修1次,2023-10-24 开始转股,计算使用2.7年期 评级为A+ 债参考YTM：4.4579,N,3.507,全价：124.210 最后更新：15:34:12,,,,0,[],0,0,N,,,buy,buy
2026-09-11 12:18:06,123138,丝路转债,slzz,125.011,0.1,300556,丝路视觉,slsj,15.96,-1.78,4.68,26.53,60.16,0,107.8,232.81,710401,计算机,szcy,C,2022-03-22,[],0,0,buy,A-,,18.571,34.489,13.8,buy,2028-03-02,1.474,2.393,1343.02,9368.51,4.51,-4.18,,0,15:34:03,00,Y,N,0,0,Y,,2022-09-08 开始转股,计算使用1.5年期 评级为A- 债参考YTM：8.9267,N,2.4,全价：125.011 最后更新：15:34:03,,,,0,[],0,0,N,,,buy,buy
2026-09-11 12:18:06,113666,爱玛转债,amzz,119.379,-0.1,603529,爱玛科技,amkj,21.29,-2.65,1.82,37.06,57.45,0,107.81,227.19,280401,汽车,shmb,C,2023-03-20,[],0,0,buy,AA,,25.942,48.178,11.0,buy,2029-02-23,2.455,19.994,4672.93,9547.44,1.96,-2.15,,0,14:59:47,00,Y,N,0,0,Y,,2023-09-01 开始转股,计算使用2.5年期 评级为AA 债参考YTM：1.6812,N,20.0,全价：119.379 最后更新：14:59:47,,,,0,{'M': ''},0,0,N,,,buy,buy
2026-09-11 12:18:06,123113,仙乐转债,xlzz,114.2,0.01,300791,仙乐健康,xljk,17.38,-3.39,1.76,31.69,54.84,0,108.23,222.43,340407,食品饮料,szcy,C,2021-05-14,[],0,0,buy,AA-,,22.183,41.197,22.9,buy,2027-04-19,0.603,10.248,1814.19,3036.85,1.55,-1.74,,0,15:34:00,00,Y,N,0,0,Y,,2021-10-25 开始转股,计算使用0.7年期 评级为AA- 债参考YTM：1.7460,N,10.249,全价：114.200 最后更新：15:34:00,,,,0,[],0,0,N,,,buy,buy
2026-09-11 12:18:06,123192,科思转债,kszz,122.69,-0.1,300856,科思股份,ksgf,10.14,-2.59,1.76,17.32,58.55,0,109.57,232.26,770201,美容护理,szcy,C,2023-05-11,[],0,0,buy,AA-,,12.124,22.516,15.4,buy,2029-04-13,2.589,7.187,2546.05,4901.13,2.89,-1.36,,0,15:34:18,00,Y,N,0,0,Y,,2023-10-19 开始转股,计算使用2.6年期 评级为AA- 债参考YTM：2.0803,N,7.249,全价：122.690 最后更新：15:34:18,,,,0,{'M': ''},0,0,N,,,buy,buy
2026-09-11 12:18:06,111009,盛泰转债,stzz,119.681,-0.28,605138,盛泰集团,stjt,5.99,-3.39,1.32,10.51,56.99,0,109.99,229.67,350209,纺织服饰,shmb,C,2022-12-01,[],0,0,buy,AA,,7.357,13.663,21.1,buy,2028-11-07,2.159,7.011,3243.21,2115.77,3.88,-2.56,,0,14:58:49,00,Y,N,0,0,Y,,2023-05-11 开始转股,计算使用2.2年期 评级为AA 债参考YTM：1.6611,N,7.012,全价：119.681 最后更新：14:58:49,,,,0,[],0,0,N,,,buy,buy
2026-09-11 12:18:06,123109,昌红转债,chzz,127.7,2.49,300151,昌红科技,chkj,16.18,-1.16,5.36,26.64,60.74,0,110.26,237.96,640209,机械设备,szcy,C,2021-04-19,[],0,0,buy,AA-,,18.648,34.632,7.7,buy,2027-04-01,0.553,4.595,16819.84,20694.67,28.91,-18.06,,0,15:33:57,00,Y,N,1,0,N,"转股价下修1次，成功下修0次
2026-09-11 至 2026-09-17 期间暂停转股：回售
转股价26.640生效日期2026-05-15",2021-10-08 开始转股;2026-09-11 至 2026-09-17 期间暂停转股：回售,计算使用0.6年期 评级为AA- 债参考YTM：1.7247,Y,4.6,全价：127.700 最后更新：15:33:57,,,"按下调到底估算
股东大会：2026-09-28
预估转股价：16.32
预估转股价值：99.14
期权价值：17.81
理论价值：131.73
理论偏离度：-3.16%",0,{'M': ''},0,0,Y,,,buy,buy
2026-09-11 12:18:06,113638,台21转债,t21zz,121.505,0.9,603055,台华新材,thxc,9.18,-1.18,1.47,16.01,57.34,0,111.91,233.42,350106,纺织服饰,shmb,C,2022-01-21,[],0,0,buy,AA,,11.207,20.813,7.4,buy,2027-12-29,1.299,5.997,3063.33,5712.12,4.24,-4.99,,0,14:59:29,00,Y,N,0,0,Y,,2022-07-05 开始转股,计算使用1.3年期 评级为AA 债参考YTM：1.6036,N,6.0,全价：121.505 最后更新：14:59:29,,,,0,{'M': ''},0,0,N,,,buy,buy
2026-09-11 12:18:06,113625,江山转债,jszz,115.84,-0.22,603208,江山欧派,jsop,10.78,-3.84,1.91,19.84,54.34,0,113.2,229.04,360308,轻工制造,shmb,C,2021-07-01,[],0,0,buy,A,,13.888,25.792,30.7,buy,2027-06-11,0.748,5.825,1232.36,3059.93,1.83,2.5,,0,14:59:17,00,Y,N,1,1,N,"转股价下修1次，成功下修1次
2026-09-09 至 2026-09-15 期间暂停转股：回售
转股价19.840生效日期2025-06-13",2021-12-20 开始转股;2026-09-09 至 2026-09-15 期间暂停转股：回售,计算使用0.8年期 评级为A 债参考YTM：6.4676,N,5.83,全价：115.840 最后更新：14:59:17,,,,0,[],0,0,Y,,,buy,buy
2026-09-11 12:18:06,127044,蒙娜转债,mnzz,114.99,-0.18,002918,蒙娜丽莎,mnls,10.64,-5.34,1.31,19.76,53.85,0,113.55,228.54,360306,轻工制造,szmb,C,2021-09-16,[],0,0,buy,AA-,,13.832,25.688,14.8,buy,2027-08-16,0.929,3.368,2799.36,26045.02,7.25,-2.8,,0,15:33:54,00,Y,N,1,1,Y,转股价下修1次，成功下修1次,2022-02-21 开始转股,计算使用1.0年期 评级为AA- 债参考YTM：1.8095,N,11.689,全价：114.990 最后更新：15:33:54,,,,1,[],0,0,N,,,buy,buy
2026-09-11 12:18:06,118067,上26转债,s26zz,128.5,0.02,688533,上声电子,ssdz,19.13,-2.15,1.77,32.25,59.32,13,116.63,245.13,280206,汽车,shkc,C,2026-04-14,[],0,0,buy,A+,,22.575,41.925,10.3,buy,2032-03-17,5.518,3.25,1004.25,1980.23,2.41,-1.57,,0,14:59:33,00,Y,N,0,0,Y,,未到转股期；2026-09-24 开始转股,计算使用5.6年期 评级为A+ 债参考YTM：5.0189,N,3.25,全价：128.500 最后更新：14:59:33,,,,0,{'M': ''},0,0,N,,,buy,buy
2026-09-11 12:18:06,113700,海天转债,htzz,127.207,-0.69,603759,海天股份,htgf,7.24,-2.95,1.15,12.41,58.34,0,118.04,245.25,760102,环保,shmb,C,2026-03-12,[],0,0,buy,AA,,8.687,16.133,24.0,buy,2032-02-05,5.406,8.01,1319.1,3536.68,1.3,-2.11,,0,14:59:59,00,Y,N,0,0,Y,,2026-08-11 开始转股,计算使用5.5年期 评级为AA 债参考YTM：1.9168,N,8.01,全价：127.207 最后更新：14:59:59,,,,0,[],0,0,N,,,buy,buy
2026-09-11 12:18:06,113693,志邦转债,zbzz,119.747,-0.51,603801,志邦家居,zbjj,6.03,-3.83,0.88,11.13,54.18,0,121.03,240.78,360308,轻工制造,shmb,C,2025-04-08,[],0,0,buy,AA,,7.791,14.469,25.6,buy,2031-03-18,4.518,6.7,2239.42,6851.89,2.79,-1.04,,0,14:58:51,00,Y,N,0,0,Y,,2025-09-24 开始转股,计算使用4.6年期 评级为AA 债参考YTM：1.8359,N,6.7,全价：119.747 最后更新：14:58:51,,,,0,[],0,0,N,,,buy,buy
2026-09-11 12:18:06,127062,垒知转债,lzzz,122.498,0.42,002398,垒知集团,lzjt,4.17,-2.57,0.75,7.56,55.16,0,122.08,244.58,610303,建筑材料,szmb,C,2022-05-20,[],0,0,buy,AA-,,5.292,9.828,15.8,buy,2028-04-21,1.611,3.957,1183.7,4824.4,2.46,-2.84,,0,15:34:00,00,Y,N,0,0,Y,,2022-10-27 开始转股,计算使用1.7年期 评级为AA- 债参考YTM：1.9109,N,3.963,全价：122.498 最后更新：15:34:00,,,,0,[],0,0,N,,,buy,buy
2026-09-11 12:18:06,123265,耐普转02,npz02,130.603,-0.78,300818,耐普矿机,npkj,17.19,-3.48,2.01,29.42,58.43,0,123.52,254.12,640103,机械设备,szcy,C,2026-01-30,[],0,0,buy,A+,,20.594,38.246,18.4,buy,2032-01-16,5.351,4.499,1512.32,4591.63,2.58,-1.77,,0,15:34:36,00,Y,N,0,0,Y,,2026-07-22 开始转股,计算使用5.4年期 评级为A+ 债参考YTM：4.8741,N,4.5,全价：130.603 最后更新：15:34:36,,,,0,[],0,0,N,,,buy,buy
2026-09-11 12:18:06,113616,韦尔转债,wezz,109.508,-0.01,603501,豪威集团,hwjt,76.88,-2.6,2.96,159.02,48.35,0,126.51,236.02,270104,电子,shmb,C,2021-01-22,[],0,0,buy,AA+,,111.314,206.726,2.6,buy,2026-12-28,0.296,24.324,9902.61,147001.37,3.72,1.52,,0,14:59:43,00,Y,N,0,0,Y,,2021-07-05 开始转股,计算使用0.3年期 评级为AA+ 债参考YTM：1.5200,N,24.4,全价：109.508 最后更新：14:59:43,,,,0,{'M': ''},0,0,N,,,buy,buy
2026-09-11 12:18:06,123175,百畅转债,bczz,114.5,-0.52,300614,百川畅银,bccy,10.23,-3.67,1.92,20.4,50.15,0,128.33,242.83,760103,环保,szcy,C,2023-03-17,[],0,0,buy,BBB+,,14.28,26.52,25.6,buy,2029-02-22,2.452,4.199,2481.05,3854.98,5.17,0.65,,0,15:34:09,00,Y,N,3,2,Y,转股价下修3次，成功下修2次,2023-08-28 开始转股,计算使用2.5年期 评级为BBB+ 债参考YTM：12.2687,Y,4.2,全价：114.500 最后更新：15:34:09,,,"按下调到底估算
股东大会：2026-09-15
预估转股价：10.71
预估转股价值：95.52
期权价值：26.21
理论价值：114.39
理论偏离度：0.10%",0,{'M': ''},0,0,N,,,buy,buy
2026-09-11 12:18:06,118075,奥普转债,apzz,211.017,-3.79,688686,奥普特,apt,137.05,-2.58,5.25,149.83,91.47,146,130.69,341.71,640704,机械设备,shkc,C,2026-08-19,[],0,0,buy,AA,,104.881,194.779,7.6,buy,2032-07-28,5.882,12.7,119179.18,26229.56,43.56,-10.09,,0,14:59:59,00,Y,N,0,0,Y,,未到转股期；2027-02-04 开始转股,计算使用5.9年期 评级为AA 债参考YTM：2.0050,N,12.7,全价：211.017 最后更新：14:59:59,,,,0,{'M': ''},0,0,N,,,buy,buy
2026-09-11 12:18:06,123267,珂玛转债,kmzz,206.285,0.14,301611,珂玛科技,kmkj,85.79,-3.23,19.77,97.47,88.02,41,134.37,340.66,270103,电子,szcy,C,2026-05-13,[],0,0,buy,AA,,68.229,126.711,6.0,buy,2032-04-15,5.597,7.5,35404.04,45239.77,23.43,-10.22,,0,15:34:39,00,Y,N,0,0,Y,,未到转股期；2026-10-22 开始转股,计算使用5.6年期 评级为AA 债参考YTM：1.9388,N,7.5,全价：206.285 最后更新：15:34:39,,,,0,{'M': ''},0,0,N,,,buy,buy
2026-09-11 12:18:06,111014,李子转债,lzzz,120.086,-0.15,605337,李子园,lzy,9.03,-3.42,2.12,18.21,49.59,0,142.17,262.26,340701,食品饮料,shmb,C,2023-07-13,[],0,0,buy,AA,,12.747,23.673,17.1,buy,2029-06-20,2.775,5.999,1278.28,4255.86,1.78,-1.48,,0,14:58:51,00,Y,N,0,0,Y,,2023-12-28 开始转股,计算使用2.8年期 评级为AA 债参考YTM：1.7012,N,6.0,全价：120.086 最后更新：14:58:51,,,,0,[],0,0,Y,,,buy,buy
2026-09-11 12:18:06,118022,锂科转债,lkzz,117.752,0.71,688779,五矿新能,wkxn,7.44,-3.0,1.9,15.49,48.03,0,145.16,262.91,630702,电力设备,shkc,C,2022-11-07,[],0,0,buy,AA,,10.843,20.137,22.6,buy,2028-10-11,2.085,32.497,10797.49,13246.36,2.83,-1.87,,0,14:59:56,00,Y,N,0,0,Y,,2023-04-17 开始转股,计算使用2.1年期 评级为AA 债参考YTM：1.6544,N,32.5,全价：117.752 最后更新：14:59:56,,,,0,{'M': ''},0,0,N,,,buy,buy
2026-09-11 12:18:06,118015,芯海转债,xhzz,125.591,0.23,688595,芯海科技,xhkj,27.6,-2.82,5.53,55.22,49.98,0,151.27,276.86,270104,电子,shkc,C,2022-08-18,[],0,0,buy,A+,,38.654,71.786,10.3,buy,2028-07-21,1.86,4.1,843.56,5658.01,1.64,-3.6,,0,14:58:59,00,Y,N,0,0,N,2026-09-08 至 2026-09-14 期间暂停转股：回售,2023-01-30 开始转股;2026-09-08 至 2026-09-14 期间暂停转股：回售,计算使用1.9年期 评级为A+ 债参考YTM：4.2830,N,4.1,全价：125.591 最后更新：14:58:59,,,,0,{'M': ''},0,0,Y,,,buy,buy
2026-09-11 12:18:06,118068,迪威转债,dwzz,125.884,0.38,688377,迪威尔,dwe,16.26,-3.33,1.98,32.49,50.05,90,151.54,277.42,640203,机械设备,shkc,C,2026-06-30,[],0,0,buy,AA-,,22.743,42.237,23.9,buy,2032-06-03,5.732,9.08,3460.99,4778.8,3.04,-1.78,,0,14:59:52,00,Y,N,0,0,Y,,未到转股期；2026-12-10 开始转股,计算使用5.8年期 评级为AA- 债参考YTM：2.8102,N,9.08,全价：125.884 最后更新：14:59:52,,,,0,{'M': ''},0,0,N,,,buy,buy
2026-09-11 12:18:06,123090,三诺转债,snzz,111.52,-0.02,300298,三诺生物,snsw,15.18,-1.94,2.74,34.52,43.98,0,153.6,265.12,370502,医药生物,szcy,C,2021-01-12,[],0,0,buy,AA,,24.164,44.876,7.3,buy,2026-12-21,0.277,4.984,1710.69,4838.78,3.08,1.56,,0,15:33:57,00,Y,N,0,0,Y,,2021-06-25 开始转股,计算使用0.3年期 评级为AA 债参考YTM：1.5300,N,5.0,全价：111.520 最后更新：15:33:57,,,,0,{'M': ''},0,0,N,,,buy,buy
2026-09-11 12:18:06,118042,奥维转债,awzz,122.177,-0.07,688516,奥特维,atw,40.12,-2.62,3.33,83.69,47.94,0,154.86,277.04,630505,电力设备,shkc,C,2023-09-01,[],0,0,buy,AA-,,58.583,108.797,9.0,buy,2029-08-10,2.915,11.399,3277.76,28027.75,2.36,-1.06,,0,14:58:45,00,Y,N,0,0,Y,,2024-02-19 开始转股,计算使用3.0年期 评级为AA- 债参考YTM：2.1846,N,11.4,全价：122.177 最后更新：14:58:45,,,,0,{'M': ''},0,0,N,,,buy,buy
2026-09-11 12:18:06,118066,统联转债,tlzz,126.337,-0.45,688210,统联精密,tljm,26.6,-5.91,3.41,55.96,47.53,0,165.78,292.12,270504,电子,shkc,C,2026-03-20,[],0,0,buy,AA-,,39.172,72.748,13.3,buy,2032-03-02,5.477,5.76,2270.41,13860.62,3.12,-1.93,,0,14:58:50,00,Y,N,0,0,Y,,2026-09-07 开始转股,计算使用5.5年期 评级为AA- 债参考YTM：2.5961,N,5.76,全价：126.337 最后更新：14:58:50,,,,0,{'M': ''},0,0,N,,,buy,buy
2026-09-11 12:18:06,113650,博22转债,b22zz,120.088,-0.64,603916,苏博特,sbt,10.37,-4.07,1.0,23.27,44.56,0,169.47,289.56,220309,基础化工,shmb,C,2022-07-28,[],0,0,buy,AA-,,16.289,30.251,18.3,buy,2028-07-01,1.806,7.996,3012.53,8917.53,3.14,-1.45,,0,14:59:25,00,Y,N,0,0,Y,,2023-01-09 开始转股,计算使用1.9年期 评级为AA- 债参考YTM：1.9344,N,8.0,全价：120.088 最后更新：14:59:25,,,,0,{'M': ''},0,0,N,,,buy,buy
2026-09-11 12:18:06,127098,欧晶转债,ojzz,121.442,-0.25,001269,欧晶科技,ojkj,18.92,-2.87,5.0,42.0,45.05,0,169.59,291.03,630504,电力设备,szmb,C,2023-12-15,[],0,0,buy,A+,,29.4,54.6,12.9,buy,2029-11-24,3.206,4.693,914.53,3363.45,1.61,-1.42,,0,15:33:57,00,Y,N,1,1,Y,转股价下修1次，成功下修1次,2024-05-30 开始转股,计算使用3.3年期 评级为A+ 债参考YTM：4.5869,N,4.7,全价：121.442 最后更新：15:33:57,,,,0,[],0,0,N,,,buy,buy
2026-09-11 12:18:06,123117,健帆转债,jfzz,109.566,-0.09,300529,健帆生物,jfsw,14.97,-1.64,3.46,38.15,39.24,0,179.22,288.79,370503,医药生物,szcy,C,2021-07-12,[],0,0,buy,AA,,26.705,49.595,13.0,buy,2027-06-23,0.781,9.998,6684.45,5913.77,6.1,0.51,,0,15:34:06,00,Y,N,2,2,Y,转股价下修2次，成功下修2次,2021-12-29 开始转股,计算使用0.8年期 评级为AA 债参考YTM：1.5611,N,10.0,全价：109.566 最后更新：15:34:06,,,,0,{'M': ''},0,0,N,,,buy,buy
2026-09-11 12:18:06,118010,洁特转债,jtzz,123.721,-0.21,688026,洁特生物,jtsw,21.21,-2.35,2.49,47.88,44.3,0,179.29,303.01,370503,医药生物,shkc,C,2022-08-02,[],0,0,buy,A+,,33.516,62.244,14.8,buy,2028-06-28,1.797,4.399,1490.8,10767.97,2.75,-5.54,,0,14:58:10,00,Y,N,0,0,Y,,2023-01-04 开始转股,计算使用1.8年期 评级为A+ 债参考YTM：4.2688,N,4.4,全价：123.721 最后更新：14:58:10,,,,0,{'M': ''},0,0,N,,,buy,buy
2026-09-11 12:18:06,123180,浙矿转债,zkzz,128.188,-0.2,300837,浙矿股份,zkgf,21.77,-3.93,1.52,47.59,45.75,0,180.22,308.41,640203,机械设备,szcy,C,2023-03-28,[],0,0,buy,AA-,,33.313,61.867,19.4,buy,2029-03-09,2.493,3.196,1213.46,5005.33,2.97,-3.16,,0,15:34:09,00,Y,N,0,0,Y,,2023-09-15 开始转股,计算使用2.5年期 评级为AA- 债参考YTM：2.0537,N,3.2,全价：128.188 最后更新：15:34:09,,,,0,[],0,0,N,,,buy,buy
2026-09-11 12:18:06,113049,长汽转债,cqzz,106.5,-0.07,601633,长城汽车,ccqc,14.48,-0.62,1.42,38.74,37.38,0,184.93,291.43,280502,汽车,shmb,C,2021-07-08,[],0,0,buy,AAA,,27.118,50.362,3.9,buy,2027-06-10,0.745,34.95,7454.54,43425.24,2.0,0.63,,0,14:59:44,00,Y,N,0,0,Y,,2021-12-17 开始转股,计算使用0.8年期 评级为AAA 债参考YTM：1.5295,N,35.0,全价：106.500 最后更新：14:59:44,,,,1,{'M': ''},0,0,N,,,buy,buy
2026-09-11 12:18:06,113670,金23转债,j23zz,120.69,-0.24,603180,金牌家居,jpjj,15.31,-2.55,0.91,37.54,40.78,0,195.93,316.62,360308,轻工制造,shmb,C,2023-05-16,[],0,0,buy,AA,,26.278,48.802,32.6,buy,2029-04-17,2.6,7.7,1858.65,1454.72,2.01,-0.78,,0,14:57:53,00,Y,N,0,0,Y,,2023-10-23 开始转股,计算使用2.6年期 评级为AA 债参考YTM：1.6879,N,7.7,全价：120.690 最后更新：14:57:53,,,,0,[],0,0,N,,,buy,buy
2026-09-11 12:18:06,123250,嘉益转债,jyzz,122.087,-0.04,301004,嘉益股份,jygf,32.35,-2.44,2.42,79.66,40.61,0,200.63,322.72,360311,轻工制造,szcy,C,2024-11-26,[],0,0,buy,A+,,55.762,103.558,9.0,buy,2030-11-07,4.159,3.955,538.2,1216.03,1.12,-0.69,,0,15:34:30,00,Y,N,0,0,Y,,2025-05-13 开始转股,计算使用4.2年期 评级为A+ 债参考YTM：4.6671,N,3.979,全价：122.087 最后更新：15:34:30,,,,0,{'M': ''},0,0,N,,,buy,buy
2026-09-11 12:18:06,123151,康医转债,kyzz,118.32,0.07,300869,康泰医学,ktyx,10.64,-2.56,2.54,27.55,38.62,0,206.36,324.68,370502,医药生物,szcy,C,2022-07-20,[],0,0,buy,A+,,19.285,35.815,24.9,buy,2028-07-01,1.806,6.998,1343.2,2761.28,1.63,-0.39,,0,15:34:03,00,Y,N,0,0,Y,,2023-01-09 开始转股,计算使用1.9年期 评级为A+ 债参考YTM：4.2830,N,7.0,全价：118.320 最后更新：15:34:03,,,,0,{'M': ''},0,0,N,,,buy,buy
2026-09-11 12:18:06,113660,寿22转债,s22zz,121.1,-0.19,603896,寿仙谷,sxg,14.28,-2.92,1.24,36.84,38.76,0,212.42,333.52,370201,医药生物,shmb,C,2022-12-12,[],0,0,buy,AA-,,25.788,47.892,14.0,buy,2028-11-17,2.186,3.977,839.68,2210.02,1.75,-2.19,,0,14:56:43,00,Y,N,0,0,Y,,2023-05-23 开始转股,计算使用2.2年期 评级为AA- 债参考YTM：1.9823,N,3.98,全价：121.100 最后更新：14:56:43,,,,0,[],0,0,N,,,buy,buy
2026-09-11 12:18:06,128135,洽洽转债,qqzz,114.805,0.02,002557,洽洽食品,qqsp,18.21,-1.94,1.81,54.95,33.14,0,246.43,361.24,340801,食品饮料,szmb,C,2020-11-18,[],0,0,buy,AA,,38.465,71.435,14.6,buy,2026-10-20,0.107,13.398,2160.51,22196.45,1.41,1.63,,0,15:34:12,00,Y,N,0,0,Y,,2021-04-26 开始转股,计算使用0.2年期 评级为AA 债参考YTM：1.5300,N,13.4,全价：114.805 最后更新：15:34:12,,,,1,"{'R': '到期\n最后交易日：2026-10-14\n最后转股日：2026-10-19\n', 'M': ''}",0,0,N,,,buy,buy
2026-09-11 12:18:06,118032,建龙转债,jlzz,122.866,0.29,688357,建龙微纳,jlwn,24.96,-1.69,1.36,71.41,34.95,0,251.52,374.39,220309,基础化工,shkc,C,2023-04-07,[],0,0,buy,AA-,,49.987,92.833,28.0,buy,2029-03-08,2.49,6.999,877.43,1374.15,1.03,-1.47,,0,14:59:05,00,Y,N,0,0,Y,,2023-09-14 开始转股,计算使用2.5年期 评级为AA- 债参考YTM：2.0537,N,7.0,全价：122.866 最后更新：14:59:05,,,,0,{'M': ''},0,0,N,,,buy,buy
2026-09-11 12:18:06,110085,通22转债,t22zz,113.454,0.01,600438,通威股份,twgf,11.05,-3.91,1.47,34.6,31.94,0,255.25,368.7,630501,电力设备,shmb,C,2022-03-18,[],0,0,buy,AAA,,24.22,44.98,24.1,buy,2028-02-24,1.455,119.831,8192.52,43222.02,0.6,-1.64,,0,14:58:47,00,Y,N,0,0,Y,,2022-09-02 开始转股,计算使用1.5年期 评级为AAA 债参考YTM：1.5475,N,120.0,全价：113.454 最后更新：14:58:47,,,,0,{'M': ''},0,0,N,,,buy,buy
2026-09-11 12:18:06,123273,三江转债,sjzz,302.0,-5.74,301059,金三江,jsj,12.12,-1.7,4.19,14.43,83.99,104,259.56,561.56,220309,基础化工,szcy,C,2026-07-03,[],0,0,buy,A+,,10.101,18.759,11.6,buy,2032-06-16,5.767,2.9,91098.61,2301.67,102.13,-15.09,,0,15:34:45,00,Y,N,0,0,Y,,未到转股期；2026-12-24 开始转股,计算使用5.8年期 评级为A+ 债参考YTM：5.1599,N,2.9,全价：302.000 最后更新：15:34:45,,,,0,{'M': ''},0,0,N,,,buy,buy
2026-09-11 12:18:06,118005,天奈转债,tnzz,119.089,-0.15,688116,天奈科技,tnkj,31.97,-3.99,3.02,99.01,32.29,0,268.81,387.9,630702,电力设备,shkc,C,2022-03-01,[],0,0,buy,AA-,,69.307,128.713,7.1,buy,2028-01-27,1.378,8.299,1472.41,23994.5,1.5,-4.54,,0,14:59:46,00,Y,N,0,0,Y,,2022-08-09 开始转股,计算使用1.4年期 评级为AA- 债参考YTM：1.8756,N,8.3,全价：119.089 最后更新：14:59:46,,,,0,{'M': ''},0,0,N,,,buy,buy
2026-09-11 12:18:06,113633,科沃转债,kwzz,110.744,-0.16,603486,科沃斯,kws,51.46,3.15,2.93,172.97,29.75,0,272.24,382.98,330302,家用电器,shmb,C,2021-12-29,[],0,0,buy,AA,,121.079,224.861,3.5,buy,2027-11-30,1.219,10.396,4336.65,32094.49,3.77,0.79,,0,14:59:33,00,Y,N,0,0,Y,,2022-06-06 开始转股,计算使用1.3年期 评级为AA 债参考YTM：1.6036,N,10.4,全价：110.744 最后更新：14:59:33,,,,0,{'M': ''},0,0,N,,,buy,buy
2026-09-11 12:18:06,123072,乐歌转债,lgzz,119.731,0.01,300729,乐歌股份,lggf,10.26,-2.29,0.98,32.61,31.46,0,280.55,400.28,360311,轻工制造,szcy,C,2020-11-10,[],0,0,buy,A+,,22.827,42.393,4.2,buy,2026-10-21,0.11,1.418,785.93,2159.26,4.63,2.1,,0,15:33:54,00,Y,N,0,0,Y,,2021-04-27 开始转股,计算使用0.2年期 评级为A+ 债参考YTM：4.0397,N,1.42,全价：119.731 最后更新：15:33:54,,,,0,{'R': '到期\n最后交易日：2026-10-15\n最后转股日：2026-10-20\n'},0,0,N,,,buy,buy
2026-09-11 12:18:06,127025,冀东转债,jdzz,105.758,0.02,000401,金隅冀东,jyjd,3.56,-2.47,0.36,12.92,27.55,0,283.82,389.58,610101,建筑材料,szmb,C,2020-12-02,[],0,0,buy,AAA,,9.044,16.796,19.0,buy,2026-11-05,0.151,17.764,4301.56,4138.2,2.29,1.55,,0,15:33:54,00,Y,Y,0,0,Y,,2021-05-11 开始转股,计算使用0.2年期 评级为AAA 债参考YTM：1.5000,N,28.2,全价：105.758 最后更新：15:33:54,,,,0,{'M': ''},0,0,N,,,buy,buy
2026-09-11 12:18:06,123270,盛德转债,sdzz,215.937,-0.22,300881,盛德鑫泰,sdxt,29.31,-3.33,2.42,53.68,54.6,87,295.48,511.42,230501,钢铁,szcy,C,2026-06-12,[],0,0,buy,A+,,37.576,69.784,24.1,buy,2032-05-31,5.723,4.05,14520.05,3403.23,16.86,-10.16,,0,15:34:39,00,Y,N,0,0,Y,,未到转股期；2026-12-07 开始转股,计算使用5.8年期 评级为A+ 债参考YTM：5.1599,N,4.05,全价：215.937 最后更新：15:34:39,,,,0,{'M': ''},0,0,N,,,buy,buy
2026-09-11 12:18:06,123179,立高转债,lgzz,120.643,0.03,300973,立高食品,lgsp,25.28,-2.96,1.58,94.64,26.71,0,351.65,472.29,340802,食品饮料,szcy,C,2023-03-27,[],0,0,buy,AA-,,66.248,123.032,31.7,buy,2029-03-07,2.488,9.499,1282.32,5687.34,1.12,-0.63,,0,15:34:12,00,Y,N,0,0,Y,,2023-09-13 开始转股,计算使用2.5年期 评级为AA- 债参考YTM：2.0537,N,9.5,全价：120.643 最后更新：15:34:12,,,,0,{'M': ''},0,0,N,,,buy,buy
2026-09-11 12:18:06,113059,福莱转债,flzz,115.098,-0.28,601865,福莱特,flt,9.47,-2.27,1.02,41.56,22.79,0,405.12,520.22,630504,电力设备,shmb,C,2022-06-13,[],0,0,buy,AA,,29.092,54.028,22.2,buy,2028-05-20,1.69,39.996,4356.15,9631.02,0.95,-0.68,,0,14:59:50,00,Y,N,1,0,Y,转股价下修1次，成功下修0次,2022-11-28 开始转股,计算使用1.7年期 评级为AA 债参考YTM：1.6287,N,40.0,全价：115.098 最后更新：14:59:50,,,,0,{'M': ''},0,0,N,,,buy,buy
