抓取时间,bond_id,bond_nm,bond_py,price,increase_rt,stock_id,stock_nm,stock_py,sprice,sincrease_rt,pb,convert_price,convert_value,convert_begin,premium_rt,dblow,sw_cd,sw_name,market_cd,btype,list_dt,t_flag,owned,hold,bond_value,rating_cd,option_value,put_convert_price,force_redeem_price,convert_amt_ratio,fund_rt,maturity_dt,year_left,curr_iss_amt,volume,svolume,turnover_rt,ytm_rt,put_ytm_rt,noted,last_time,qstatus,sqflag,pb_flag,adj_cnt,adj_scnt,convert_price_valid,convert_price_tips,convert_cd_tip,ref_yield_info,adjusted,orig_iss_amt,price_tips,redeem_dt,real_force_redeem_price,option_tip,after_next_put_dt,icons,is_min_price,blocked,putting,force_redeem_price_tip,notes,volatility_rate,debt_rate
2026-08-24 08:10:34,123284,强达转债,qdzz,100.0,0.0,301628,强达电路,qddl,88.5,-2.43,5.58,84.04,105.31,185,-5.04,94.96,270202,电子,szcy,C,,[],0,0,buy,AA-,,58.828,109.252,21.4,buy,2032-08-18,5.989,5.5,0.0,14447.8,0.0,2.19,,0,,00,Y,N,0,0,Y,,未到转股期；2027-02-25 开始转股,计算使用6.0年期 评级为AA- 债参考YTM：3.1900,N,5.5,待上市,,,,0,{'M': ''},0,0,N,,,buy,buy
2026-08-24 08:10:34,113667,春23转债,c23zz,183.181,1.03,603890,春秋电子,cqdz,18.57,2.77,2.62,9.95,186.63,0,-1.85,181.33,270504,电子,shmb,C,2023-04-11,[],0,0,buy,AA-,,6.965,12.935,2.5,buy,2029-03-17,,2.201,93244.42,74881.23,240.57,,,0,15:00:00,00,Y,N,0,0,Y,,2023-09-25 开始转股,强赎登记日2026-08-25，赎回价格100.6860元，如不考虑强赎纯债价值为112.43元，计算使用2.6年期 评级为AA- 债参考YTM：2.1110,N,5.7,全价：183.181 最后更新：15:00:00,2026-08-25,100.6860,如不考虑强赎期权价值为110.56元,0,"{'R': '最后交易日 2026年8月25日\r\n最后转股日 2026年8月28日\r\n赎回价 100.686元/张', 'M': ''}",0,0,N,,,buy,buy
2026-08-24 08:10:34,113697,Z应流转,ylzz,140.011,-4.03,603308,应流股份,ylgf,42.6,-3.79,5.71,30.31,140.55,0,-0.38,139.63,640108,机械设备,shmb,C,2025-10-22,[],0,0,buy,AA+,,21.217,39.403,1.4,buy,2031-09-19,,4.251,57623.72,85267.47,96.75,,,0,14:59:58,00,Y,N,0,0,Y,,2026-03-25 开始转股,强赎登记日2026-08-24，赎回价格100.0940元，如不考虑强赎纯债价值为102.79元，计算使用5.1年期 评级为AA+ 债参考YTM：1.8194,N,15.0,全价：140.011 最后更新：14:59:58,2026-08-24,100.0940,如不考虑强赎期权价值为87.26元,0,"{'R': '最后交易日 2026年8月24日\r\n最后转股日 2026年8月27日\r\n赎回价 100.0940元/张', 'M': ''}",1,0,N,,,buy,buy
2026-08-24 08:10:34,127067,恒逸转2,hyz2,183.699,-9.51,000703,恒逸石化,hysh,19.02,-8.56,2.38,10.32,184.3,0,-0.33,183.37,750301,石油石化,szmb,C,2022-08-18,[],0,0,buy,AA+,,7.224,13.416,1.0,buy,2028-07-21,,7.543,117400.5,300641.75,82.4,,,0,15:34:21,00,Y,N,0,0,Y,,2023-01-30 开始转股,强赎登记日2026-09-03，赎回价格100.2500元，如不考虑强赎纯债价值为107.45元，计算使用2.0年期 评级为AA+ 债参考YTM：1.6388,N,30.0,全价：183.699 最后更新：15:34:21,2026-09-03,100.2500,如不考虑强赎期权价值为99.77元,1,"{'R': '最后交易日 2026年9月3日\r\n最后转股日 2026年9月8日\r\n赎回价 100.25元/张', 'M': ''}",0,0,N,,,buy,buy
2026-08-24 08:10:34,110077,洪城转债,hczz,202.78,-0.19,600461,洪城环境,hchj,8.91,0.91,1.11,4.41,202.04,0,0.37,203.15,760102,环保,shmb,C,2020-12-17,[],0,0,buy,AA+,,3.087,5.733,5.0,buy,2026-11-20,0.241,5.839,9722.32,8045.21,8.2,-191.92,,0,14:59:52,00,Y,N,0,0,Y,,2021-05-26 开始转股,计算使用0.3年期 评级为AA+ 债参考YTM：1.4716,N,18.0,全价：202.780 最后更新：14:59:52,,,,1,"{'G': '本次（2026年7月12日至2026年7月31日）不提前赎回，至到期日止均不行使提前赎回权利', 'M': ''}",0,0,N,,,buy,buy
2026-08-24 08:10:34,113042,上银转债,syzz,119.754,0.58,601229,上海银行,shyh,9.87,1.33,0.53,8.35,118.2,0,1.31,121.06,480401,银行,shmb,C,2021-02-10,[],0,0,buy,AAA,,,10.855,14.2,buy,2027-01-25,0.422,199.774,57836.67,71762.22,2.42,-15.35,,0,14:59:59,00,Y,Y,0,0,Y,,2021-07-29 开始转股,计算使用0.5年期 评级为AAA 债参考YTM：1.5133,N,200.0,全价：119.754 最后更新：14:59:59,,,,0,{'M': ''},0,0,N,,,buy,buy
2026-08-24 08:10:34,123112,万讯转债,wxzz,148.298,2.0,300112,万讯自控,wxzk,9.37,0.54,2.74,6.43,145.72,0,1.77,150.07,640107,机械设备,szcy,C,2021-04-23,[],0,0,buy,AA-,,4.501,8.359,9.2,buy,2027-04-08,0.622,2.083,127645.43,27890.93,406.35,-33.0,,0,15:34:12,00,Y,N,1,1,Y,转股价下修1次，成功下修1次,2021-10-14 开始转股,计算使用0.7年期 评级为AA- 债参考YTM：1.7944,N,2.457,全价：148.298 最后更新：15:34:12,,,,1,[],0,0,N,,,buy,buy
2026-08-24 08:10:34,127061,美锦转债,mjzz,114.484,3.49,000723,美锦能源,mjny,3.89,9.89,1.34,3.47,112.1,0,2.12,116.6,740201,煤炭,szmb,C,2022-05-30,[],0,0,buy,A,,2.429,4.511,16.3,buy,2028-04-20,1.658,27.858,68630.7,69797.07,21.64,3.19,,0,15:34:42,00,Y,N,2,2,Y,转股价下修2次，成功下修2次,2022-10-26 开始转股,计算使用1.7年期 评级为A 债参考YTM：6.6250,N,35.9,全价：114.484 最后更新：15:34:42,,,,1,{'M': ''},0,0,N,,,buy,buy
2026-08-24 08:10:34,128134,鸿路转债,hlzz,115.053,-1.66,002541,鸿路钢构,hlgg,19.52,-3.27,1.33,17.49,111.61,0,3.09,118.14,620401,建筑装饰,szmb,C,2020-11-02,[],0,0,buy,AA,,12.243,22.737,16.1,buy,2026-10-09,0.126,15.64,5180.26,14381.36,2.86,-35.62,,0,15:34:48,00,Y,N,2,2,Y,转股价下修2次，成功下修2次,2021-04-15 开始转股,计算使用0.2年期 评级为AA 债参考YTM：1.4742,N,18.8,全价：115.053 最后更新：15:34:48,,,,0,{'M': ''},0,0,N,,,buy,buy
2026-08-24 08:10:34,113046,金田转债,jtzz,138.061,-1.39,601609,金田股份,jtgf,13.38,1.13,2.23,10.18,131.43,0,5.04,143.1,240302,有色金属,shmb,C,2021-04-12,[],0,0,buy,AA+,,7.126,13.234,6.5,buy,2027-03-22,0.575,14.992,27260.27,127110.67,13.15,-35.33,,0,14:59:58,00,Y,N,0,0,Y,,2021-09-27 开始转股,计算使用0.6年期 评级为AA+ 债参考YTM：1.5341,N,15.0,全价：138.061 最后更新：14:59:58,,,,1,{'M': ''},0,0,N,,,buy,buy
2026-08-24 08:10:34,113056,重银转债,cyzz,128.503,0.53,601963,重庆银行,cqyh,11.21,1.08,0.61,9.22,121.58,0,5.69,134.19,480401,银行,shmb,C,2022-04-14,[],0,0,buy,AAA,,,11.986,50.7,buy,2028-03-23,1.581,115.622,19432.62,19559.36,1.31,-8.19,,0,14:59:43,00,Y,N,0,0,Y,,2022-09-30 开始转股,计算使用1.6年期 评级为AAA 债参考YTM：1.5659,N,130.0,全价：128.503 最后更新：14:59:43,,,,0,{'M': ''},0,0,N,,,buy,buy
2026-08-24 08:10:34,113615,金诚转债,jczz,709.42,-4.46,603979,金诚信,jcx,74.34,-1.01,3.99,11.12,668.53,0,6.12,715.54,240302,有色金属,shmb,C,2021-01-14,[],0,0,buy,AA,,7.784,14.456,1.1,buy,2026-12-23,0.332,4.958,43744.16,48159.79,12.13,-256.12,,0,14:59:58,00,Y,N,0,0,Y,,2021-06-29 开始转股,计算使用0.4年期 评级为AA 债参考YTM：1.5309,N,10.0,全价：709.420 最后更新：14:59:58,,,,1,"{'G': '本次（2025年10月10日至2025年10月30日）不提前赎回，至2026年12月22日到期均不提前赎回', 'M': ''}",0,0,N,,,buy,buy
2026-08-24 08:10:34,123243,严牌转债,ypzz,221.6,4.53,301081,严牌股份,ypgf,14.94,11.66,3.12,7.22,206.93,0,7.09,228.69,760201,环保,szcy,C,2024-07-26,[],0,0,buy,A+,,5.054,9.386,7.8,buy,2030-07-10,3.88,2.607,190369.97,19864.34,327.98,-15.14,,0,15:34:42,00,Y,N,0,0,Y,,2025-01-16 开始转股,计算使用3.9年期 评级为A+ 债参考YTM：4.6675,N,4.679,全价：221.600 最后更新：15:34:42,,,,0,"{'G': '本次（2026年5月6日至2026年5月26日）不提问赎回，以2026年8月26日后的首个交易日重新计算', 'M': ''}",0,0,N,,,buy,buy
2026-08-24 08:10:34,123282,震裕转02,zyz02,100.0,0.0,300953,震裕科技,zykj,97.66,-2.35,5.03,104.85,93.14,182,7.36,107.36,630701,电力设备,szcy,C,,[],0,0,buy,AA-,,73.395,136.305,11.0,buy,2032-08-16,5.984,18.8,0.0,45406.98,0.0,2.2,,0,,00,Y,N,0,0,Y,,未到转股期；2027-02-22 开始转股,计算使用6.0年期 评级为AA- 债参考YTM：3.1900,N,18.8,待上市,,,,0,{'M': ''},0,0,N,,,buy,buy
2026-08-24 08:10:34,113062,常银转债,cyzz,129.971,0.05,601128,常熟银行,csyh,6.31,1.12,0.7,5.25,120.19,0,8.14,138.11,480501,银行,shmb,C,2022-10-17,[],0,0,buy,AAA,,,6.825,26.1,buy,2028-09-15,2.063,59.994,7446.43,26722.98,0.95,-8.17,,0,14:59:53,00,Y,N,0,0,Y,,2023-03-21 开始转股,计算使用2.1年期 评级为AAA 债参考YTM：1.5835,N,60.0,全价：129.971 最后更新：14:59:53,,,,0,{'M': ''},0,0,N,,,buy,buy
2026-08-24 08:10:34,111026,派克转债,pkzz,100.0,0.0,605123,派克新材,pkxc,75.33,-1.48,1.96,81.8,92.09,172,8.59,108.59,650201,国防军工,shmb,C,2026-08-25,[],0,0,buy,AA,,57.26,106.34,17.3,buy,2032-08-05,5.953,15.8,0.0,10118.24,0.0,2.17,,0,,00,Y,N,0,0,Y,,未到转股期；2027-02-12 开始转股,计算使用6.0年期 评级为AA 债参考YTM：2.1400,N,15.8,待上市,,,,0,{'M': ''},0,0,N,,,buy,buy
2026-08-24 08:10:34,113605,大参转债,dszz,112.489,-1.39,603233,大参林,dsl,17.36,-1.7,2.51,16.86,102.97,0,9.25,121.74,370403,医药生物,shmb,C,2020-11-13,[],0,0,buy,AA,,11.802,21.918,7.1,buy,2026-10-22,0.162,14.044,10264.77,10593.5,6.47,-13.93,,0,14:59:55,00,Y,N,1,1,Y,转股价下修1次，成功下修1次,2021-04-28 开始转股,计算使用0.2年期 评级为AA 债参考YTM：1.4742,N,14.05,全价：112.489 最后更新：14:59:55,,,,1,{'M': ''},0,0,N,,,buy,buy
2026-08-24 08:10:34,113681,镇洋转债,zyzz,139.588,-0.29,603213,镇洋发展,zyfz,13.89,-0.57,3.13,10.95,126.85,0,10.04,149.63,220202,基础化工,shmb,C,2024-01-17,[],0,0,buy,AA-,,7.665,14.235,8.9,buy,2029-12-29,3.351,5.476,4357.07,2479.58,5.7,-4.66,,0,14:58:45,00,Y,N,0,0,Y,,2024-07-05 开始转股,计算使用3.4年期 评级为AA- 债参考YTM：2.2743,N,6.6,全价：139.588 最后更新：14:58:45,,,,0,[],0,0,N,,,buy,buy
2026-08-24 08:10:34,110081,闻泰转债,wtzz,103.633,0.38,600745,*ST闻泰,wtkj,17.2,3.18,0.9,18.36,93.68,0,10.62,114.25,270102,电子,shmb,C,2021-08-20,[],0,0,buy,BBB+,,12.852,23.868,31.7,buy,2027-07-28,0.926,72.068,22653.97,75037.34,3.02,4.56,,0,14:59:58,00,Y,N,3,3,Y,转股价下修3次，成功下修3次,2022-02-07 开始转股,计算使用1.0年期 评级为BBB+ 债参考YTM：11.9161,N,86.0,全价：103.633 最后更新：14:59:58,,,,1,[],0,0,N,,,buy,buy
2026-08-24 08:10:34,123283,丰茂转债,fmzz,100.0,0.0,301459,丰茂股份,fmgf,32.13,2.49,2.63,35.59,90.28,184,10.77,110.77,220602,基础化工,szcy,C,,[],0,0,buy,AA-,,24.913,46.267,72.4,buy,2032-08-17,5.986,6.075,0.0,6046.68,0.0,2.19,,0,,00,Y,N,0,0,Y,,未到转股期；2027-02-24 开始转股,计算使用6.0年期 评级为AA- 债参考YTM：3.1900,N,6.075,待上市,,,,0,{'M': ''},0,0,N,,,buy,buy
2026-08-24 08:10:34,127080,声迅转债,sxzz,266.334,-2.8,003004,声迅股份,sxgf,68.84,-3.08,8.03,28.94,237.87,0,11.97,278.3,710102,计算机,szmb,C,2023-02-10,[],0,0,buy,A,,20.258,37.622,5.9,buy,2028-12-30,2.353,2.793,25614.13,7204.1,33.79,-29.41,,0,15:34:48,00,Y,N,0,0,Y,,2023-07-07 开始转股,计算使用2.4年期 评级为A 债参考YTM：6.7521,N,2.8,全价：266.334 最后更新：15:34:48,,,,0,{'G': '本次（2026年5月8日至2026年5月29日）不提前赎回，以2026年8月31日重新计算'},0,0,N,,,buy,buy
2026-08-24 08:10:34,123207,冠中转债,gzzz,221.0,-1.12,300948,冠中生态,gzst,20.51,0.15,3.47,10.44,196.46,0,12.49,233.49,620307,建筑装饰,szcy,C,2023-08-09,[],0,0,buy,A-,,7.308,13.572,4.6,buy,2029-07-21,2.91,1.455,11728.57,8156.96,36.82,-19.42,,0,15:34:45,00,Y,N,1,1,Y,转股价下修1次，成功下修1次,2024-01-29 开始转股,计算使用3.0年期 评级为A- 债参考YTM：9.2639,N,4.0,全价：221.000 最后更新：15:34:45,,,,0,"{'G': '本次（2026年5月27日至2026年6月16日）不提前赎回，自2026年9月16日后首个交易日重新计算', 'M': ''}",0,0,N,,,buy,buy
2026-08-24 08:10:34,123247,万凯转债,wkzz,194.6,4.95,301216,万凯新材,wkxc,19.13,15.87,1.69,11.15,171.57,0,13.42,208.02,220501,基础化工,szcy,C,2024-09-05,[],0,0,buy,AA,,7.805,14.495,18.9,buy,2030-08-16,3.981,19.642,243311.26,95122.77,63.17,-12.7,,0,15:34:00,00,Y,N,0,0,Y,,2025-02-24 开始转股,计算使用4.0年期 评级为AA 债参考YTM：1.8176,N,27.0,全价：194.600 最后更新：15:34:00,,,,0,"{'G': '本次（2026年6月17日至2026年7月8日）不提前赎回，自2026年10月8日后首个交易日重新计算', 'M': ''}",0,0,N,,,buy,buy
2026-08-24 08:10:34,123213,天源转债,tyzz,300.0,0.72,301127,武汉天源,whty,18.52,-1.59,3.62,7.1,260.85,0,15.01,315.01,760102,环保,szcy,C,2023-08-16,[],0,0,buy,AA-,,4.97,9.23,2.7,buy,2029-07-28,2.929,3.26,59872.65,62303.31,62.94,-28.11,,0,15:33:54,00,Y,N,0,0,Y,,2024-02-05 开始转股,计算使用3.0年期 评级为AA- 债参考YTM：2.2139,N,10.0,全价：300.000 最后更新：15:33:54,,,,0,"{'G': '本次（2026年3月13日至2026年4月2日）不提前赎回，自2026年10月2日后首个交易日重新计算', 'M': ''}",0,0,N,,,buy,buy
2026-08-24 08:10:34,110076,华海转债,hhzz,113.023,-1.47,600521,华海药业,hhyy,16.2,-2.53,2.46,16.5,98.18,0,15.12,128.14,370102,医药生物,shmb,C,2020-11-25,[],0,0,buy,AA,,11.55,21.45,7.6,buy,2026-11-02,0.192,18.424,11394.52,59080.81,5.45,-13.95,,0,14:59:59,00,Y,N,1,1,Y,转股价下修1次，成功下修1次,2021-05-06 开始转股,计算使用0.2年期 评级为AA 债参考YTM：1.4742,N,18.426,全价：113.023 最后更新：14:59:59,,,,1,{'M': ''},0,0,N,,,buy,buy
2026-08-24 08:10:34,113043,财通转债,ctzz,120.886,-1.82,601108,财通证券,ctzq,8.38,-0.83,1.01,7.98,105.01,0,15.12,136.01,490101,非银金融,shmb,C,2020-12-28,[],0,0,buy,AAA,,,10.374,9.8,buy,2026-12-10,0.296,37.992,50736.41,38308.57,11.02,-42.0,,0,14:59:52,00,Y,Y,1,1,Y,转股价下修1次，成功下修1次,2021-06-16 开始转股,计算使用0.3年期 评级为AAA 债参考YTM：1.4516,N,38.0,全价：120.886 最后更新：14:59:52,,,,0,{'M': ''},0,0,N,,,buy,buy
2026-08-24 08:10:34,113058,友发转债,yfzz,133.706,-0.16,601686,友发集团,yfjt,5.2,0.97,1.12,4.48,116.07,0,15.19,148.9,230403,钢铁,shmb,C,2022-04-26,[],0,0,buy,AA,,3.136,5.824,24.2,buy,2028-03-30,1.6,18.638,6222.81,3267.69,2.49,-9.69,,0,14:59:47,00,Y,N,2,2,Y,转股价下修2次，成功下修2次,2022-10-10 开始转股,计算使用1.6年期 评级为AA 债参考YTM：1.6311,N,20.0,全价：133.706 最后更新：14:59:47,,,,1,[],0,0,N,,,buy,buy
2026-08-24 08:10:34,113066,平煤转债,pmzz,152.22,0.64,601666,平煤股份,pmgf,9.8,1.98,0.97,7.46,131.37,0,15.87,168.09,740102,煤炭,shmb,C,2023-04-10,[],0,0,buy,AAA,,5.222,9.698,5.9,buy,2029-03-16,2.562,14.274,16275.4,44121.35,7.48,-12.13,,0,14:59:35,00,Y,N,1,1,Y,转股价下修1次，成功下修1次,2023-09-22 开始转股,计算使用2.6年期 评级为AAA 债参考YTM：1.6128,N,29.0,全价：152.220 最后更新：14:59:35,,,,0,{'M': ''},0,0,N,,,buy,buy
2026-08-24 08:10:34,127040,国泰转债,gtzz,121.699,0.43,002091,江苏国泰,jsgt,7.7,0.0,0.76,7.35,104.76,0,16.17,137.87,450201,商贸零售,szmb,C,2021-08-10,[],0,0,buy,AA+,,5.145,9.555,32.3,buy,2027-07-07,0.869,39.863,4763.44,11784.28,0.99,-13.0,,0,15:34:03,00,Y,N,0,0,Y,,2022-01-13 开始转股,计算使用0.9年期 评级为AA+ 债参考YTM：1.5453,N,45.574,全价：121.699 最后更新：15:34:03,,,,1,{'M': ''},0,0,N,,,buy,buy
2026-08-24 08:10:34,127030,盛虹转债,shzz,117.835,-1.56,000301,东方盛虹,dfsh,13.34,-2.34,2.47,13.21,100.98,0,16.69,134.53,750301,石油石化,szmb,C,2021-04-21,[],0,0,buy,AA+,,9.247,17.173,5.7,buy,2027-03-22,0.575,49.974,9804.79,34463.72,1.66,-14.51,,0,15:34:06,00,Y,N,0,0,Y,,2021-09-27 开始转股,计算使用0.6年期 评级为AA+ 债参考YTM：1.5341,N,50.0,全价：117.835 最后更新：15:34:06,,,,1,{'M': ''},0,0,N,,,buy,buy
2026-08-24 08:10:34,127078,优彩转债,yczz,150.27,0.02,002998,优彩资源,yczy,7.85,0.64,1.54,6.11,128.48,0,16.96,167.23,220401,基础化工,szmb,C,2023-01-09,[],0,0,buy,A+,,4.277,7.943,19.6,buy,2028-12-14,2.31,4.158,3993.31,6035.24,6.39,-9.71,,0,15:34:12,00,Y,N,0,0,Y,,2023-06-20 开始转股,计算使用2.4年期 评级为A+ 债参考YTM：4.4021,N,6.0,全价：150.270 最后更新：15:34:12,,,,0,[],0,0,N,,,buy,buy
2026-08-24 08:10:34,113631,皖天转债,wtzz,136.487,-0.8,603689,皖天然气,wtrq,7.54,-0.66,1.04,6.51,115.82,0,17.84,154.33,410301,公用事业,shmb,C,2021-12-10,[],0,0,buy,AA+,,4.557,8.463,15.1,buy,2027-11-08,1.208,5.958,8082.05,2308.37,9.95,-15.4,,0,14:59:55,00,Y,N,0,0,Y,,2022-05-12 开始转股,计算使用1.3年期 评级为AA+ 债参考YTM：1.5815,N,9.3,全价：136.487 最后更新：14:59:55,,,,1,[],0,0,N,,,buy,buy
2026-08-24 08:10:34,123091,长海转债,chzz,129.968,-3.29,300196,长海股份,chgf,16.52,-6.4,1.38,14.99,110.21,0,17.93,147.9,610202,建筑材料,szcy,C,2021-01-15,[],0,0,buy,AA,,10.493,19.487,13.4,buy,2026-12-23,0.332,5.461,16656.43,28367.89,23.55,-44.39,,0,15:34:12,00,Y,N,0,0,Y,,2021-06-29 开始转股,计算使用0.4年期 评级为AA 债参考YTM：1.5309,N,5.5,全价：129.968 最后更新：15:34:12,,,,1,{'G': '本次（2026年4月14日至2026年5月26日）不提前赎回，自2026年8月26日后的首个交易日重新计算'},0,0,N,,,buy,buy
2026-08-24 08:10:34,128136,立讯转债,lxzz,114.2,-0.27,002475,立讯精密,lxjm,53.72,-1.7,4.68,55.67,96.5,0,18.35,132.55,270504,电子,szmb,C,2020-12-02,[],0,0,buy,AA+,,38.969,72.371,0.8,buy,2026-11-03,0.195,29.847,6719.86,489759.4,1.97,-28.31,,0,15:34:51,00,Y,N,0,0,Y,,2021-05-10 开始转股,计算使用0.2年期 评级为AA+ 债参考YTM：1.4578,N,30.0,全价：114.200 最后更新：15:34:51,,,,1,{'M': ''},0,0,N,,,buy,buy
2026-08-24 08:10:34,128138,侨银转债,qyzz,130.788,0.2,002973,侨银股份,qygf,11.59,8.01,1.84,10.6,109.34,0,19.62,150.41,760103,环保,szmb,C,2020-12-24,[],0,0,buy,A+,,7.42,13.78,11.4,buy,2026-11-17,0.233,4.199,7911.75,14876.39,14.43,-2.62,,0,15:33:54,00,Y,N,3,3,Y,转股价下修3次，成功下修3次,2021-05-24 开始转股,计算使用0.3年期 评级为A+ 债参考YTM：4.0438,N,4.2,全价：130.788 最后更新：15:33:54,,,,1,[],0,0,N,,,buy,buy
2026-08-24 08:10:34,123092,天壕转债,thzz,119.705,-0.52,300332,天壕能源,thny,4.96,-0.6,1.08,4.97,99.8,0,19.95,139.66,410301,公用事业,szcy,C,2021-01-15,[],0,0,buy,A+,,3.479,6.461,8.5,buy,2026-12-24,0.334,3.416,4218.04,17281.44,10.3,-11.86,,0,15:34:15,00,Y,N,0,0,Y,,2021-06-30 开始转股,计算使用0.4年期 评级为A+ 债参考YTM：4.0854,N,4.23,全价：119.705 最后更新：15:34:15,,,,1,{'M': ''},0,0,N,,,buy,buy
2026-08-24 08:10:34,113051,节能转债,jnzz,121.966,0.22,601016,节能风电,jnfd,3.37,0.3,1.22,3.33,101.2,0,20.52,142.49,410107,公用事业,shmb,C,2021-07-22,[],0,0,buy,AAA,,2.331,4.329,13.0,buy,2027-06-21,0.825,26.519,8286.1,22620.81,2.57,-11.9,,0,14:59:53,00,Y,N,1,0,Y,转股价下修1次，成功下修0次,2021-12-27 开始转股,计算使用0.9年期 评级为AAA 债参考YTM：1.5253,N,30.0,全价：121.966 最后更新：14:59:53,,,,1,{'M': ''},0,0,N,,,buy,buy
2026-08-24 08:10:34,118076,先锋转债,xfzz,100.0,0.0,688605,先锋精科,xfjk,71.5,-0.14,8.67,86.4,82.76,172,20.84,120.84,270108,电子,shkc,C,2026-08-26,[],0,0,buy,AA,,60.48,112.32,9.7,buy,2032-08-05,5.953,7.5,0.0,28080.74,0.0,2.17,,0,,00,Y,N,0,0,Y,,未到转股期；2027-02-12 开始转股,计算使用6.0年期 评级为AA 债参考YTM：2.1400,N,7.5,待上市,,,,0,{'M': ''},0,0,N,,,buy,buy
2026-08-24 08:10:34,111000,起帆转债,qfzz,136.11,-0.3,605222,起帆电缆,qfdl,19.31,-1.83,1.65,17.29,111.68,0,21.87,157.98,630805,电力设备,shmb,C,2021-06-17,[],0,0,buy,AA-,,12.103,22.477,12.5,buy,2027-05-24,0.748,9.991,10190.32,10805.95,7.53,-20.74,,0,14:59:54,00,Y,N,1,1,Y,转股价下修1次，成功下修1次,2021-11-29 开始转股,计算使用0.8年期 评级为AA- 债参考YTM：1.7974,N,10.0,全价：136.110 最后更新：14:59:54,,,,1,{'G': '本次（2026年3月13日至2026年4月20日）不提前赎回，以2026年10月21日为首个交易日重新起算'},0,0,N,,,buy,buy
2026-08-24 08:10:34,113691,和邦转债,hbzz,147.779,0.53,603077,和邦生物,hbsw,2.42,2.11,1.11,2.0,121.0,0,22.13,169.91,220802,基础化工,shmb,C,2024-11-19,[],0,0,buy,AA,,1.4,2.6,21.5,buy,2030-10-28,4.181,45.991,10383.01,38254.45,1.53,-5.97,,0,14:59:45,00,Y,N,0,0,Y,,2025-05-06 开始转股,计算使用4.2年期 评级为AA 债参考YTM：1.8336,N,46.0,全价：147.779 最后更新：14:59:45,,,,0,"{'G': '本次（2026年1月22日至2026年3月10日）不提前赎回，以2027年3月10日之后的首个交易日重新起算', 'M': ''}",0,0,N,,,buy,buy
2026-08-24 08:10:34,127103,东南转债,dnzz,139.483,2.22,002135,东南网架,dnwj,6.38,7.41,1.12,5.59,114.13,0,22.21,161.69,620401,建筑装饰,szmb,C,2024-01-24,[],0,0,buy,AA,,3.913,7.267,30.7,buy,2030-01-03,3.364,19.999,9236.96,11320.77,3.36,-6.36,,0,15:34:06,00,Y,N,0,0,Y,,2024-07-09 开始转股,计算使用3.4年期 评级为AA 债参考YTM：1.7558,N,20.0,全价：139.483 最后更新：15:34:06,,,,0,{'M': ''},0,0,N,,,buy,buy
2026-08-24 08:10:34,127084,柳工转2,lgz2,141.399,-0.29,000528,柳工,lg,8.05,0.0,0.86,6.98,115.33,0,22.6,164.0,640601,机械设备,szmb,C,2023-04-20,[],0,0,buy,AAA,,4.886,9.074,15.1,buy,2029-03-27,2.592,24.809,7913.97,17405.32,2.25,-7.55,,0,15:33:54,00,Y,N,0,0,Y,,2023-10-09 开始转股,计算使用2.6年期 评级为AAA 债参考YTM：1.6128,N,30.0,全价：141.399 最后更新：15:33:54,,,,0,{'M': ''},0,0,N,,,buy,buy
2026-08-24 08:10:34,113673,岱美转债,dmzz,183.064,2.13,603730,岱美股份,dmgf,10.58,5.59,4.53,7.12,148.6,0,23.2,206.26,280202,汽车,shmb,C,2023-08-10,[],0,0,buy,AA,,4.984,9.256,4.0,buy,2029-07-18,2.901,9.078,35196.41,35880.18,21.26,-14.92,,0,14:59:57,00,Y,N,1,1,Y,转股价下修1次，成功下修1次,2024-01-24 开始转股,计算使用3.0年期 评级为AA 债参考YTM：1.7239,N,9.079,全价：183.064 最后更新：14:59:57,,,,0,"{'G': '本次（2026年5月7日至2026年5月27日）不提前赎回，以2026年8月27日之后的首个交易日重新起算', 'M': ''}",0,0,N,,,buy,buy
2026-08-24 08:10:34,123187,超达转债,cdzz,190.7,3.19,301186,超达装备,cdzb,33.56,-2.5,2.36,21.77,154.16,0,23.7,214.4,280205,汽车,szcy,C,2023-04-25,[],0,0,buy,A,,15.239,28.301,6.2,buy,2029-04-04,2.614,2.242,72461.56,4175.48,168.09,-16.76,,0,15:34:42,00,Y,N,0,0,Y,,2023-10-11 开始转股,计算使用2.7年期 评级为A 债参考YTM：6.8339,N,4.69,全价：190.700 最后更新：15:34:42,,,,0,"{'G': '本次（2026年8月3日至2026年8月21日）不提前赎回，以2027年2月21日之后的首个交易日重新起算', 'M': ''}",0,0,N,,,buy,buy
2026-08-24 08:10:34,123241,欧通转债,otzz,819.0,-3.99,300870,欧陆通,olt,203.0,-3.65,11.73,30.8,659.09,0,24.26,843.26,630306,电力设备,szcy,C,2024-07-26,[],0,0,buy,AA-,,21.56,40.04,0.8,buy,2030-07-05,3.866,2.604,64356.36,119820.55,30.04,-40.06,,0,15:33:57,00,Y,N,0,0,Y,,2025-01-13 开始转股,计算使用3.9年期 评级为AA- 债参考YTM：2.3085,N,6.445,全价：819.000 最后更新：15:33:57,,,,0,{'M': ''},0,0,N,,,buy,buy
2026-08-24 08:10:34,127047,帝欧转债,dozz,135.273,-1.26,002798,帝欧水华,dosh,5.55,-3.48,1.76,5.1,108.82,0,24.3,159.57,360306,轻工制造,szmb,C,2021-11-26,[],0,0,buy,BBB+,,3.57,6.63,16.2,buy,2027-10-25,1.17,4.654,2605.53,4284.09,4.13,-11.82,,0,15:34:06,00,Y,N,1,1,Y,转股价下修1次，成功下修1次,2022-04-29 开始转股,计算使用1.2年期 评级为BBB+ 债参考YTM：11.9710,N,15.0,全价：135.273 最后更新：15:34:06,,,,1,[],0,0,N,,,buy,buy
2026-08-24 08:10:34,127027,能化转债,nhzz,111.32,-0.04,000552,甘肃能化,gsnh,2.62,1.16,0.84,2.93,89.42,0,24.49,135.81,740101,煤炭,szmb,C,2021-01-22,[],0,0,buy,AAA,,2.051,3.809,19.9,buy,2026-12-10,0.296,19.463,3325.82,22262.42,1.53,-4.04,,0,15:34:24,00,Y,N,0,0,Y,,2021-06-16 开始转股,计算使用0.3年期 评级为AAA 债参考YTM：1.4516,N,28.0,全价：111.320 最后更新：15:34:24,,,,1,{'M': ''},0,0,N,,,buy,buy
2026-08-24 08:10:34,127110,广核转债,ghzz,135.321,0.09,003816,中国广核,zggh,3.88,1.04,1.56,3.58,108.38,0,24.86,160.18,410108,公用事业,szmb,C,2025-07-25,[],0,0,buy,AAA,,2.506,4.654,3.2,buy,2031-07-09,4.877,48.992,6793.27,29870.48,1.02,-4.22,,0,15:34:12,00,Y,N,0,0,Y,,2026-01-15 开始转股,计算使用4.9年期 评级为AAA 债参考YTM：1.7208,N,49.0,全价：135.321 最后更新：15:34:12,,,,0,{'M': ''},0,0,N,,,buy,buy
2026-08-24 08:10:34,118027,宏图转债,htzz,76.045,-1.25,688066,*ST航图,htht,7.96,-5.69,-1.83,13.12,60.67,0,25.34,101.39,710301,计算机,shkc,C,2022-12-22,[],0,0,buy,CC,,9.184,17.056,44.8,buy,2028-11-28,2.266,9.475,2043.25,5285.05,2.83,22.47,,0,14:59:57,00,Y,N,3,3,Y,转股价下修3次，成功下修3次,2023-06-02 开始转股,计算使用2.3年期 评级为CC 债参考YTM：56.5465,N,10.088,全价：76.045 最后更新：14:59:57,,,,0,[],0,0,N,,,buy,buy
2026-08-24 08:10:34,128142,新乳转债,xrzz,113.268,-0.08,002946,新乳业,xry,15.81,1.48,3.47,17.5,90.34,0,25.38,138.65,340702,食品饮料,szmb,C,2021-01-19,[],0,0,buy,AA,,12.25,22.75,5.3,buy,2026-12-18,0.318,7.178,1990.63,9253.29,2.45,-9.16,,0,15:34:33,00,Y,N,0,0,Y,,2021-06-24 开始转股,计算使用0.4年期 评级为AA 债参考YTM：1.5309,N,7.18,全价：113.268 最后更新：15:34:33,,,,1,{'M': ''},0,0,N,,,buy,buy
2026-08-24 08:10:34,111002,特纸转债,tzzz,139.462,-0.29,605007,五洲特纸,wztz,14.82,-1.79,1.85,13.49,109.86,0,26.95,166.41,360103,轻工制造,shmb,C,2021-12-30,[],0,0,buy,AA,,9.443,17.537,9.4,buy,2027-12-08,1.29,6.619,4143.22,5536.51,4.48,-14.76,,0,14:58:39,00,Y,N,1,1,Y,转股价下修1次，成功下修1次,2022-06-14 开始转股,计算使用1.3年期 评级为AA 债参考YTM：1.6030,N,6.7,全价：139.462 最后更新：14:58:39,,,,1,[],0,0,N,,,buy,buy
2026-08-24 08:10:34,113052,兴业转债,xyzz,115.495,0.0,601166,兴业银行,xyyh,18.28,0.99,0.42,20.13,90.81,0,27.18,142.68,480301,银行,shmb,C,2022-01-14,[],0,0,buy,AAA,,,26.169,10.7,buy,2027-12-27,1.343,413.5,33060.2,210178.71,0.69,-2.76,,0,14:59:44,00,Y,Y,0,0,Y,,2022-06-30 开始转股,计算使用1.4年期 评级为AAA 债参考YTM：1.5595,N,500.0,全价：115.495 最后更新：14:59:44,,,,0,{'M': ''},0,0,N,,,buy,buy
2026-08-24 08:10:34,127109,电化转债,dhzz,169.482,1.72,002125,湘潭电化,xtdh,13.3,4.72,2.44,9.99,133.13,0,27.3,196.78,630702,电力设备,szmb,C,2025-07-04,[],0,0,buy,AA,,6.993,12.987,5.8,buy,2031-06-16,4.814,4.866,46148.54,64510.8,55.19,-7.93,,0,15:34:42,00,Y,N,0,0,Y,,2025-12-22 开始转股,计算使用4.9年期 评级为AA 债参考YTM：1.8675,N,4.87,全价：169.482 最后更新：15:34:42,,,,0,{'M': ''},0,0,N,,,buy,buy
2026-08-24 08:10:34,113695,华辰转债,hczz,147.851,-1.06,603097,江苏华辰,jshc,19.27,-1.78,3.9,16.68,115.53,0,27.98,175.83,630801,电力设备,shmb,C,2025-07-10,[],0,0,buy,A+,,11.676,21.684,10.6,buy,2031-06-20,4.825,4.597,7733.88,5794.82,11.43,-4.52,,0,14:59:55,00,Y,N,0,0,Y,,2025-12-26 开始转股,计算使用4.9年期 评级为A+ 债参考YTM：4.7455,N,4.6,全价：147.851 最后更新：14:59:55,,,,0,[],0,0,N,,,buy,buy
2026-08-24 08:10:34,127056,中特转债,ztzz,129.066,0.82,000708,中信特钢,zxtg,13.94,2.2,1.59,13.89,100.36,0,28.6,157.67,230501,钢铁,szmb,C,2022-04-15,[],0,0,buy,AAA,,9.723,18.057,7.1,buy,2028-02-25,1.507,49.996,8815.03,25371.04,1.37,-11.49,,0,15:34:09,00,Y,N,1,1,Y,转股价下修1次，成功下修1次,2022-09-05 开始转股,计算使用1.6年期 评级为AAA 债参考YTM：1.5659,N,50.0,全价：129.066 最后更新：15:34:09,,,,0,{'M': ''},0,0,N,,,buy,buy
2026-08-24 08:10:34,127070,大中转债,dzzz,339.5,0.29,001203,大中矿业,dzky,27.87,-1.73,5.82,10.56,263.92,0,28.64,368.14,230301,钢铁,szmb,C,2022-10-11,[],0,0,buy,AA,,7.392,13.728,2.6,buy,2028-08-17,1.984,9.342,73459.18,108772.99,23.06,-42.61,,0,15:34:03,00,Y,N,0,0,Y,,2023-02-23 开始转股,计算使用2.0年期 评级为AA 债参考YTM：1.6688,N,15.2,全价：339.500 最后更新：15:34:03,,,,1,"{'G': '本次（2026年2月24日至2026年3月16日）不提前赎回，以2026年9月16日后的首个交易日重新计算', 'M': ''}",0,0,N,,,buy,buy
2026-08-24 08:10:34,110099,福能转债,fnzz,146.856,2.2,600483,福能股份,fngf,10.83,5.45,1.07,9.49,114.12,0,28.69,175.55,410110,公用事业,shmb,C,2025-10-30,[],0,0,buy,AA+,,6.643,12.337,12.6,buy,2031-10-13,5.14,38.019,23758.11,39451.79,4.26,-5.48,,0,14:59:52,00,Y,N,0,0,Y,,2026-04-17 开始转股,计算使用5.2年期 评级为AA+ 债参考YTM：1.8282,N,38.02,全价：146.856 最后更新：14:59:52,,,,0,{'M': ''},0,0,N,,,buy,buy
2026-08-24 08:10:34,123245,集智转债,jzzz,293.015,0.86,300553,集智股份,jzgf,41.07,1.16,5.36,18.06,227.41,0,28.85,321.87,640107,机械设备,szcy,C,2024-08-28,[],0,0,buy,A,,12.642,23.478,4.4,buy,2030-08-14,3.975,1.537,31998.3,19739.74,72.72,-20.38,,0,15:34:45,00,Y,N,0,0,Y,,2025-02-20 开始转股,计算使用4.0年期 评级为A 债参考YTM：7.0276,N,2.546,全价：293.015 最后更新：15:34:45,,,,0,{'G': '本次（2026年6月2日至2026年6月23日）不提前赎回，自2026年9月23日后首个交易日重新计算'},0,0,N,,,buy,buy
2026-08-24 08:10:34,123160,泰福转债,tfzz,156.935,0.18,300992,泰福泵业,tfby,23.98,-0.79,2.53,19.7,121.73,0,28.92,185.86,640106,机械设备,szcy,C,2022-10-25,[],0,0,buy,A,,13.79,25.61,12.4,buy,2028-09-28,2.099,2.315,5223.56,3603.99,14.41,-12.52,,0,15:34:27,00,Y,N,1,1,Y,转股价下修1次，成功下修1次,2023-04-11 开始转股,计算使用2.1年期 评级为A 债参考YTM：6.6851,N,3.349,全价：156.935 最后更新：15:34:27,,,,0,"{'G': '本次（2026年5月6日至2026年5月26日）不提前赎回，自2026年8月31日后首个交易日重新计算', 'M': ''}",0,0,N,,,buy,buy
2026-08-24 08:10:34,118058,微导转债,wdzz,456.052,-1.46,688147,微导纳米,wdnm,117.3,-2.02,18.09,33.29,352.36,0,29.43,485.48,630505,电力设备,shkc,C,2025-08-27,[],0,0,buy,AA,,23.303,43.277,2.1,buy,2031-08-06,4.953,11.699,124569.28,172276.64,23.28,-24.66,,0,15:00:00,00,Y,N,0,0,Y,,2026-02-12 开始转股,计算使用5.0年期 评级为AA 债参考YTM：1.8727,N,11.7,全价：456.052 最后更新：15:00:00,,,,0,"{'G': '本次（2026年2月12日至2026年3月12日）不提前赎回，以2026年9月13日为首个交易日重新计算', 'M': ''}",0,0,N,,,buy,buy
2026-08-24 08:10:34,111015,东亚转债,dyzz,131.933,-0.38,605177,东亚药业,dyyy,20.64,-0.43,1.34,20.28,101.78,0,29.63,161.56,370101,医药生物,shmb,C,2023-08-02,[],0,0,buy,A+,,14.196,26.364,28.4,buy,2029-07-06,2.869,6.662,8513.62,16550.79,9.74,-3.73,,0,14:59:32,00,Y,N,1,1,Y,转股价下修1次，成功下修1次,2024-01-12 开始转股,计算使用2.9年期 评级为A+ 债参考YTM：4.5385,N,6.9,全价：131.933 最后更新：14:59:32,,,,0,[],0,0,N,,,buy,buy
2026-08-24 08:10:34,123189,晓鸣转债,xmzz,139.767,-0.71,300967,晓鸣股份,xmgf,16.36,-0.55,4.02,15.18,107.77,0,29.69,169.46,110703,农林牧渔,szcy,C,2023-04-25,[],0,0,buy,A,,10.626,19.734,16.1,buy,2029-04-06,2.619,3.286,5993.88,10310.74,13.1,-6.6,,0,15:34:33,00,Y,N,1,1,Y,转股价下修1次，成功下修1次,2023-10-12 开始转股,计算使用2.7年期 评级为A 债参考YTM：6.8339,N,3.29,全价：139.767 最后更新：15:34:33,,,,0,{'M': ''},0,0,N,,,buy,buy
2026-08-24 08:10:34,123104,卫宁转债,wnzz,128.799,-0.62,300253,卫宁健康,wnjk,6.97,-2.79,2.74,7.02,99.29,0,29.72,158.52,710401,计算机,szcy,C,2021-03-31,[],0,0,buy,AA,,4.914,9.126,7.5,buy,2027-03-16,0.559,9.699,3325.09,30941.75,2.67,-12.28,,0,15:34:18,00,Y,N,2,2,Y,转股价下修2次，成功下修2次,2021-09-22 开始转股,计算使用0.6年期 评级为AA 债参考YTM：1.5541,N,9.703,全价：128.799 最后更新：15:34:18,,,,1,{'M': ''},0,0,N,,,buy,buy
2026-08-24 08:10:34,118050,航宇转债,hyzz,242.208,-2.06,688239,航宇科技,hykj,46.3,-3.96,4.3,24.81,186.62,0,29.79,272.0,650201,国防军工,shkc,C,2024-09-10,[],0,0,buy,AA-,,17.367,32.253,7.5,buy,2030-08-21,3.995,6.597,24002.39,50480.86,14.96,-16.45,,0,15:00:00,00,Y,N,0,0,Y,,2025-02-27 开始转股,计算使用4.0年期 评级为AA- 债参考YTM：2.3176,N,6.67,全价：242.208 最后更新：15:00:00,,,,0,"{'G': '本次（2026年5月28日至2026年6月17日）不提前赎回，自2026年9月18日为首个交易日重新计算', 'M': ''}",0,0,N,,,buy,buy
2026-08-24 08:10:34,118051,皓元转债,hyzz,296.027,-1.01,688131,皓元医药,hyyy,91.66,-5.88,6.09,40.22,227.9,0,29.9,325.93,370603,医药生物,shkc,C,2024-12-19,[],0,0,buy,AA-,,28.154,52.286,4.2,buy,2030-11-28,4.266,8.218,26123.0,55900.78,10.77,-19.79,,0,15:00:00,00,Y,N,0,0,Y,,2025-06-04 开始转股,计算使用4.3年期 评级为AA- 债参考YTM：2.3459,N,8.223,全价：296.027 最后更新：15:00:00,,,,0,"{'G': '本次（2026年5月20日至2026年6月9日）不提前赎回，以2026年10月12日为首个交易日重新计算', 'M': ''}",0,0,Y,,,buy,buy
2026-08-24 08:10:34,118016,京源转债,jyzz,156.935,-1.82,688096,京源环保,jyhb,8.31,-5.57,2.3,6.91,120.26,0,30.5,187.44,760102,环保,shkc,C,2022-08-25,[],0,0,buy,A,,4.837,8.983,8.6,buy,2028-08-05,1.951,1.675,6760.45,6116.01,25.75,-13.94,,0,14:59:57,00,Y,N,0,0,Y,,2023-02-13 开始转股,计算使用2.0年期 评级为A 债参考YTM：6.6688,N,3.325,全价：156.935 最后更新：14:59:57,,,,1,"{'G': '本次（2026年5月11日至2026年5月29日）不提前赎回，以2026年8月30日（若为非交易日则顺延）为首个交易日重新计算', 'M': ''}",0,0,N,,,buy,buy
2026-08-24 08:10:34,110075,南航转债,nhzz,106.401,-0.1,600029,南方航空,nfhk,5.03,0.8,2.46,6.17,81.52,0,30.52,136.92,421001,交通运输,shmb,C,2020-11-03,[],0,0,buy,AAA,,4.319,8.021,8.7,buy,2026-10-15,0.143,58.959,28700.58,24405.75,4.57,0.67,,0,14:59:35,00,Y,N,0,0,Y,,2021-04-21 开始转股,计算使用0.2年期 评级为AAA 债参考YTM：1.4378,N,160.0,全价：106.401 最后更新：14:59:35,,,,1,{'M': ''},1,0,N,,,buy,buy
2026-08-24 08:10:34,127045,牧原转债,myzz,117.05,0.33,002714,牧原股份,mygf,38.83,-0.61,2.8,43.32,89.64,0,30.58,147.63,110702,农林牧渔,szmb,C,2021-09-10,[],0,0,buy,AAA,,30.324,56.316,7.5,buy,2027-08-16,0.978,95.429,14119.05,155647.2,1.27,-8.78,,0,15:34:09,00,Y,Y,0,0,Y,,2022-02-21 开始转股,计算使用1.0年期 评级为AAA 债参考YTM：1.5361,N,95.5,全价：117.050 最后更新：15:34:09,,,,1,{'M': ''},0,0,N,,,buy,buy
2026-08-24 08:10:34,110098,南药转债,nyzz,136.701,-0.4,600713,南京医药,njyy,5.16,-0.77,0.92,4.95,104.24,0,31.14,167.84,370402,医药生物,shmb,C,2025-01-20,[],0,0,buy,AA+,,3.465,6.435,16.2,buy,2030-12-25,4.34,10.814,3554.87,5311.29,2.4,-4.5,,0,14:59:24,00,Y,N,0,0,Y,,2025-07-01 开始转股,计算使用4.4年期 评级为AA+ 债参考YTM：1.7818,N,10.815,全价：136.701 最后更新：14:59:24,,,,0,[],0,0,N,,,buy,buy
2026-08-24 08:10:34,127092,运机转债,yjzz,287.66,2.19,001288,运机集团,yjjt,26.01,1.84,2.49,11.91,218.39,0,31.72,319.38,640203,机械设备,szmb,C,2023-10-20,[],0,0,buy,AA-,,8.337,15.483,13.3,buy,2029-09-21,3.08,5.249,32356.67,9285.31,21.81,-24.99,,0,15:34:06,00,Y,N,0,0,Y,,2024-03-27 开始转股,计算使用3.1年期 评级为AA- 债参考YTM：2.2349,N,7.3,全价：287.660 最后更新：15:34:06,,,,0,{'G': '本次（2025年12月8日至2025年12月26日）不提前赎回，以2026年12月26日后的首个交易日起重新计算'},0,0,N,,,buy,buy
2026-08-24 08:10:34,111017,蓝天转债,ltzz,132.283,0.15,605368,蓝天燃气,ltrq,6.73,0.6,1.43,6.72,100.15,0,32.09,164.37,410301,公用事业,shmb,C,2023-09-08,[],0,0,buy,AA,,4.704,8.736,14.0,buy,2029-08-15,2.978,6.715,2781.16,2156.31,3.14,-5.14,,0,14:58:51,00,Y,N,1,1,Y,转股价下修1次，成功下修1次,2024-02-21 开始转股,计算使用3.0年期 评级为AA 债参考YTM：1.7239,N,8.7,全价：132.283 最后更新：14:58:51,,,,0,[],0,0,N,,,buy,buy
2026-08-24 08:10:34,123107,温氏转债,wszz,112.22,-0.34,300498,温氏股份,wsgf,13.66,0.52,2.25,16.09,84.9,0,32.18,144.4,110702,农林牧渔,szcy,C,2021-04-21,[],0,0,buy,AAA,,11.263,20.917,9.5,buy,2027-03-29,0.595,77.063,10116.12,46127.0,1.17,-6.33,,0,15:34:21,00,Y,N,0,0,Y,,2021-10-08 开始转股,计算使用0.6年期 评级为AAA 债参考YTM：1.5141,N,92.97,全价：112.220 最后更新：15:34:21,,,,1,{'M': ''},0,0,N,,,buy,buy
2026-08-24 08:10:34,118035,国力转债,glzz,157.435,-1.02,688103,国力电子,gldz,74.13,-1.07,6.14,62.31,118.97,0,32.33,189.77,270401,电子,shkc,C,2023-07-06,[],0,0,buy,A+,,43.617,81.003,6.8,buy,2029-06-12,2.803,4.799,7646.91,17490.3,10.13,-9.83,,0,14:59:56,00,Y,N,0,0,Y,,2023-12-18 开始转股,计算使用2.9年期 评级为A+ 债参考YTM：4.5385,N,4.8,全价：157.435 最后更新：14:59:56,,,,0,{'M': ''},0,0,N,,,buy,buy
2026-08-24 08:10:34,113677,华懋转债,hmzz,287.132,-3.97,603306,华懋科技,hmkj,72.98,-1.72,6.92,33.66,216.82,0,32.43,319.56,280202,汽车,shmb,C,2023-10-12,[],0,0,buy,AA-,,23.562,43.758,4.4,buy,2029-09-14,3.06,10.489,50867.89,65689.08,16.71,-25.96,,0,14:59:57,00,Y,N,0,0,Y,,2024-03-20 开始转股,计算使用3.1年期 评级为AA- 债参考YTM：2.2349,N,10.5,全价：287.132 最后更新：14:59:57,,,,0,"{'G': '本次（2026年6月29日至2026年7月17日）不提前赎回，自2026年10月17日之后的首个交易日重新起算', 'M': ''}",0,0,N,,,buy,buy
2026-08-24 08:10:34,123178,花园转债,hyzz,140.373,-3.39,300401,花园生物,hysw,14.14,-8.42,2.16,13.34,106.0,0,32.43,172.8,370101,医药生物,szcy,C,2023-03-23,[],0,0,buy,AA-,,9.338,17.342,15.3,buy,2029-03-06,2.534,11.58,13724.42,54868.72,8.43,-6.57,,0,15:34:33,00,Y,N,1,1,Y,转股价下修1次，成功下修1次,2023-09-11 开始转股,计算使用2.6年期 评级为AA- 债参考YTM：2.1110,N,12.0,全价：140.373 最后更新：15:34:33,,,,0,{'M': ''},0,0,N,,,buy,buy
2026-08-24 08:10:34,113661,福22转债,f22zz,138.09,-0.62,603806,福斯特,fst,15.21,-1.55,2.37,14.59,104.25,0,32.46,170.55,630504,电力设备,shmb,C,2022-12-22,[],0,0,buy,AA,,10.213,18.967,7.6,buy,2028-11-22,2.249,30.297,9857.25,41135.03,2.36,-8.58,,0,14:59:42,00,Y,N,1,1,Y,转股价下修1次，成功下修1次,2023-05-29 开始转股,计算使用2.3年期 评级为AA 债参考YTM：1.6909,N,30.3,全价：138.090 最后更新：14:59:42,,,,0,{'M': ''},0,0,N,,,buy,buy
2026-08-24 08:10:34,123118,惠城转债,hczz,852.959,-2.58,300779,惠城环保,hchb,66.5,-2.49,8.75,10.33,643.76,0,32.5,885.46,760103,环保,szcy,C,2021-07-26,[],0,0,buy,A+,,7.231,13.429,0.4,buy,2027-07-07,0.869,0.654,61943.31,54727.17,111.27,-99.93,,0,15:34:15,00,Y,N,0,0,Y,,2022-01-13 开始转股,计算使用0.9年期 评级为A+ 债参考YTM：4.1617,N,3.2,全价：852.959 最后更新：15:34:15,,,,1,"{'G': '本次（2026年5月6日至2026年5月26日）不提前赎回，自2026年8月26日后首个交易日重新计算', 'M': ''}",0,0,N,,,buy,buy
2026-08-24 08:10:34,123149,通裕转债,tyzz,131.647,-0.04,300185,通裕重工,tyzg,2.69,0.75,1.5,2.71,99.26,0,32.63,164.28,630602,电力设备,szcy,C,2022-07-15,[],0,0,buy,AA,,1.897,3.523,10.7,buy,2028-06-20,1.825,11.069,4666.64,15706.29,3.2,-7.75,,0,15:34:18,00,Y,N,0,0,Y,,2022-12-26 开始转股,计算使用1.9年期 评级为AA 债参考YTM：1.6595,N,14.847,全价：131.647 最后更新：15:34:18,,,,1,{'M': ''},0,0,N,,,buy,buy
2026-08-24 08:10:34,123176,精测转2,jcz2,440.5,-2.65,300567,精测电子,jcdz,213.7,-1.56,13.51,64.51,331.27,0,32.97,473.47,640107,机械设备,szcy,C,2023-03-22,[],0,0,buy,AA-,,45.157,83.863,2.6,buy,2029-03-02,2.523,12.753,77591.9,123160.31,13.83,-41.6,,0,15:34:27,00,Y,N,0,0,Y,,2023-09-08 开始转股,计算使用2.6年期 评级为AA- 债参考YTM：2.1110,N,12.76,全价：440.500 最后更新：15:34:27,,,,0,"{'G': '本次（2026年7月16日至2026年8月5日）不提前赎回，自2027年2月5日后首个交易日重新计算', 'M': ''}",0,0,N,,,buy,buy
2026-08-24 08:10:34,123258,胜蓝转02,slz2,324.24,-4.52,300843,胜蓝股份,slgf,132.31,-5.15,13.14,54.36,243.4,0,33.22,357.46,270504,电子,szcy,C,2025-09-10,[],0,0,buy,AA-,,38.052,70.668,2.1,buy,2031-08-28,5.014,4.498,70665.14,144077.54,47.86,-18.51,,0,15:34:12,00,Y,N,0,0,Y,,2026-03-03 开始转股,计算使用5.1年期 评级为AA- 债参考YTM：2.4282,N,4.5,全价：324.240 最后更新：15:34:12,,,,0,{'M': ''},0,0,N,,,buy,buy
2026-08-24 08:10:34,127096,泰坦转债,ttzz,517.988,-1.99,003036,泰坦股份,ttgf,51.11,-3.78,7.37,13.2,387.2,0,33.78,551.77,640206,机械设备,szmb,C,2023-11-15,[],0,0,buy,A,,9.24,17.16,2.6,buy,2029-10-25,3.173,2.875,74004.2,31311.01,50.24,-37.38,,0,15:34:24,00,Y,N,0,0,Y,,2024-05-06 开始转股,计算使用3.2年期 评级为A 债参考YTM：6.9535,N,2.955,全价：517.988 最后更新：15:34:24,,,,0,{'G': '本次（2026年6月12日至2026年7月3日）不提前赎回，以2026年10月3日后首个交易日起重新计算'},0,0,N,,,buy,buy
2026-08-24 08:10:34,127088,赫达转债,hdzz,174.887,1.09,002810,山东赫达,sdhd,21.66,3.34,3.21,16.61,130.4,0,34.11,209.0,220309,基础化工,szmb,C,2023-07-19,[],0,0,buy,AA-,,11.627,21.593,8.6,buy,2029-07-03,2.86,5.996,6322.76,15348.66,6.07,-12.89,,0,15:33:57,00,Y,N,0,0,Y,,2024-01-08 开始转股,计算使用2.9年期 评级为AA- 债参考YTM：2.1896,N,6.0,全价：174.887 最后更新：15:33:57,,,,0,"{'G': '本次（2026年3月30日至2026年4月20日）不提前赎回，自2026年10月21日起重新计算', 'M': ''}",0,0,N,,,buy,buy
2026-08-24 08:10:34,118030,睿创转债,rczz,549.726,-1.0,688002,睿创微纳,rcwn,158.4,-1.25,9.1,38.66,409.73,0,34.17,583.9,270105,电子,shkc,C,2023-02-10,[],0,0,buy,AA,,27.062,50.258,1.7,buy,2028-12-30,2.353,12.622,25207.89,164123.85,3.63,-49.31,,0,14:59:58,00,Y,N,0,0,Y,,2023-07-06 开始转股,计算使用2.4年期 评级为AA 债参考YTM：1.6963,N,15.647,全价：549.726 最后更新：14:59:58,,,,0,"{'G': '本次（2026年3月18日至2026年4月8日）不提前赎回，以2027年4月9日为首个交易日重新计算', 'M': ''}",0,0,N,,,buy,buy
2026-08-24 08:10:34,123150,九强转债,jqzz,133.215,-0.7,300406,九强生物,jqsw,11.51,-1.62,1.73,11.6,99.22,0,34.26,167.48,370504,医药生物,szcy,C,2022-07-20,[],0,0,buy,AA-,,8.12,15.08,23.0,buy,2028-06-30,1.852,11.21,3499.22,7225.07,2.34,-8.91,,0,15:34:36,00,Y,N,1,1,Y,转股价下修1次，成功下修1次,2023-01-06 开始转股,计算使用1.9年期 评级为AA- 债参考YTM：1.9648,N,11.39,全价：133.215 最后更新：15:34:36,,,,1,{'M': ''},0,0,N,,,buy,buy
2026-08-24 08:10:34,127053,豪美转债,hmzz,185.5,-0.81,002988,豪美新材,hmxc,23.78,-1.37,2.18,17.23,138.02,0,34.41,219.91,240301,有色金属,szmb,C,2022-03-04,[],0,0,buy,AA-,,12.061,22.399,4.3,buy,2028-01-24,1.419,2.575,28660.88,27405.79,60.44,-26.5,,0,15:34:27,00,Y,N,1,1,Y,转股价下修1次，成功下修1次,2022-07-28 开始转股,计算使用1.5年期 评级为AA- 债参考YTM：1.9104,N,8.24,全价：185.500 最后更新：15:34:27,,,,1,{'G': '本次（2026年4月30日至2026年5月25日）不提前赎回，以2026年11月25日后首个交易日起重新计算'},0,0,N,,,buy,buy
2026-08-24 08:10:34,111012,福新转债,fxzz,358.282,0.19,605488,福莱新材,flxc,29.59,0.14,3.89,11.11,266.34,0,34.52,392.8,220505,基础化工,shmb,C,2023-02-07,[],0,0,buy,A+,,7.777,14.443,1.2,buy,2029-01-04,2.367,1.016,33967.74,16594.52,93.34,-37.65,,0,14:59:59,00,Y,N,0,0,Y,,2023-07-10 开始转股,计算使用2.4年期 评级为A+ 债参考YTM：4.4021,N,4.29,全价：358.282 最后更新：14:59:59,,,,0,{'G': '本次（2026年6月22日至2026年7月10日）不提前赎回，自2026年10月10日之后的首个交易日重新起算'},0,0,N,,,buy,buy
2026-08-24 08:10:34,118036,力合转债,lhzz,143.235,-0.16,688589,力合微,lhw,19.53,-1.86,2.7,18.5,105.57,0,35.68,178.92,270104,电子,shkc,C,2023-07-20,[],0,0,buy,AA-,,12.95,24.05,13.4,buy,2029-06-28,2.847,3.8,7805.96,15098.04,14.31,-6.54,,0,14:59:43,00,Y,N,2,2,Y,转股价下修2次，成功下修2次,2024-01-04 开始转股,计算使用2.9年期 评级为AA- 债参考YTM：2.1896,N,3.8,全价：143.235 最后更新：14:59:43,,,,0,{'M': ''},0,0,N,,,buy,buy
2026-08-24 08:10:34,127095,广泰转债,gtzz,145.104,0.16,002111,威海广泰,whgt,9.44,-0.63,1.58,8.83,106.91,0,35.73,180.83,650201,国防军工,szmb,C,2023-11-10,[],0,0,buy,AA-,,6.181,11.479,15.0,buy,2029-10-18,3.153,6.927,2061.66,5969.88,2.05,-6.14,,0,15:34:21,00,Y,N,0,0,Y,,2024-04-24 开始转股,计算使用3.2年期 评级为AA- 债参考YTM：2.2515,N,7.0,全价：145.104 最后更新：15:34:21,,,,0,[],0,0,N,,,buy,buy
2026-08-24 08:10:34,110097,天润转债,trzz,143.486,-0.5,600419,天润乳业,trry,8.64,-1.26,1.09,8.19,105.5,0,36.01,179.5,340702,食品饮料,shmb,C,2024-11-15,[],0,0,buy,AA,,5.733,10.647,36.3,buy,2030-10-24,4.17,9.89,2568.16,5673.15,1.8,-5.31,,0,14:58:27,00,Y,N,0,0,Y,,2025-04-30 开始转股,计算使用4.2年期 评级为AA 债参考YTM：1.8336,N,9.9,全价：143.486 最后更新：14:58:27,,,,0,[],0,0,N,,,buy,buy
2026-08-24 08:10:34,123173,恒锋转债,hfzz,136.451,-0.82,300605,恒锋信息,hfxx,10.02,-1.96,3.6,10.0,100.2,0,36.18,172.63,710401,计算机,szcy,C,2023-02-08,[],0,0,buy,BBB+,,7.0,13.0,18.4,buy,2028-12-30,2.353,2.33,2502.59,5309.72,7.89,-5.67,,0,15:34:24,00,Y,N,1,1,Y,转股价下修1次，成功下修1次,2023-07-06 开始转股,计算使用2.4年期 评级为BBB+ 债参考YTM：12.2680,N,2.424,全价：136.451 最后更新：15:34:24,,,,0,[],0,0,N,,,buy,buy
2026-08-24 08:10:34,123209,聚隆转债,jlzz,163.596,0.94,300644,南京聚隆,njjl,21.0,-1.32,2.08,17.52,119.86,0,36.49,200.09,220503,基础化工,szcy,C,2023-08-17,[],0,0,buy,A+,,12.264,22.776,9.0,buy,2029-07-26,2.923,1.672,1966.72,3406.62,7.24,-11.0,,0,15:34:51,00,Y,N,0,0,Y,,2024-02-01 开始转股,计算使用3.0年期 评级为A+ 债参考YTM：4.5639,N,2.185,全价：163.596 最后更新：15:34:51,,,,0,[],0,0,N,,,buy,buy
2026-08-24 08:10:34,123194,百洋转债,byzz,137.148,-2.04,301015,百洋医药,byyy,24.87,-3.83,5.05,24.79,100.32,0,36.71,173.86,370402,医药生物,szcy,C,2023-05-05,[],0,0,buy,AA-,,17.353,32.227,6.5,buy,2029-04-14,2.641,8.459,8344.98,19962.35,7.17,-6.09,,0,15:34:42,00,Y,N,0,0,Y,,2023-10-20 开始转股,计算使用2.7年期 评级为AA- 债参考YTM：2.1376,N,8.6,全价：137.148 最后更新：15:34:42,,,,0,{'M': ''},0,0,N,,,buy,buy
2026-08-24 08:10:34,127082,亚科转债,ykzz,134.922,-0.39,002540,亚太科技,ytkj,5.13,-0.19,1.13,5.22,98.28,0,37.29,172.21,240301,有色金属,szmb,C,2023-04-27,[],0,0,buy,AA,,3.654,6.786,26.3,buy,2029-03-09,2.543,11.585,4457.34,3374.7,2.85,-6.09,,0,15:34:15,00,Y,N,0,0,Y,,2023-09-15 开始转股,计算使用2.6年期 评级为AA 债参考YTM：1.7055,N,11.59,全价：134.922 最后更新：15:34:15,,,,0,[],0,0,N,,,buy,buy
2026-08-24 08:10:34,123131,奥飞转债,afzz,292.789,2.12,300738,奥飞数据,afsj,21.23,1.92,5.62,10.05,211.24,0,38.6,331.39,730104,通信,szcy,C,2021-12-22,[],0,0,buy,A+,,7.035,13.065,1.5,buy,2027-12-03,1.277,3.159,46105.63,84192.45,50.68,-51.58,,0,15:34:15,00,Y,N,0,0,Y,,2022-06-09 开始转股,计算使用1.3年期 评级为A+ 债参考YTM：4.2165,N,6.35,全价：292.789 最后更新：15:34:15,,,,1,"{'G': '本次（2026年5月21日至2026年6月10日）不提前赎回，以2026年12月10日后的首个交易日重新计算', 'M': ''}",0,0,N,,,buy,buy
2026-08-24 08:10:34,123080,海波转债,hbzz,125.257,-0.03,300517,海波重科,hbzk,10.18,0.89,1.91,11.28,90.25,0,38.79,164.05,620401,建筑装饰,szcy,C,2020-12-22,[],0,0,buy,A+,,7.896,14.664,11.6,buy,2026-12-02,0.274,1.485,1228.7,4104.88,6.61,-15.48,,0,15:34:09,00,Y,N,0,0,Y,,2021-06-08 开始转股,计算使用0.3年期 评级为A+ 债参考YTM：4.0438,N,2.45,全价：125.257 最后更新：15:34:09,,,,1,[],0,0,N,,,buy,buy
2026-08-24 08:10:34,113686,泰瑞转债,trzz,151.701,0.56,603289,泰瑞机器,trjq,8.74,1.04,1.71,8.0,109.25,0,38.86,190.56,640209,机械设备,shmb,C,2024-07-24,[],0,0,buy,AA-,,5.6,10.4,13.1,buy,2030-07-02,3.858,3.363,4452.49,2698.86,8.76,-6.1,,0,14:59:57,00,Y,N,0,0,Y,,2025-01-08 开始转股,计算使用3.9年期 评级为AA- 债参考YTM：2.3085,N,3.378,全价：151.701 最后更新：14:59:57,,,,0,{'G': '本次（2026年5月6日至2026年5月26日）不提前赎回，自2026年8月26日之后的首个交易日重新起算'},0,0,N,,,buy,buy
2026-08-24 08:10:34,110084,贵燃转债,grzz,131.102,-0.39,600903,贵州燃气,gzrq,6.06,-0.82,2.19,6.42,94.39,0,38.89,169.99,410301,公用事业,shmb,C,2022-01-18,[],0,0,buy,AA,,4.494,8.346,11.6,buy,2027-12-27,1.343,8.157,5741.51,16927.84,5.37,-11.31,,0,14:59:43,00,Y,N,2,2,Y,转股价下修2次，成功下修2次,2022-07-01 开始转股,计算使用1.4年期 评级为AA 债参考YTM：1.6123,N,10.0,全价：131.102 最后更新：14:59:43,,,,1,{'M': ''},0,0,N,,,buy,buy
2026-08-24 08:10:34,127050,麒麟转债,qlzz,130.196,-0.07,002984,森麒麟,sql,14.11,0.79,1.06,15.07,93.63,0,39.05,169.25,280204,汽车,szmb,C,2021-12-06,[],0,0,buy,AA,,10.549,19.591,20.7,buy,2027-11-11,1.216,20.86,4631.99,12928.82,1.7,-11.94,,0,15:34:00,00,Y,N,2,2,Y,转股价下修2次，成功下修2次,2022-05-17 开始转股,计算使用1.3年期 评级为AA 债参考YTM：1.6030,N,21.989,全价：130.196 最后更新：15:34:00,,,,1,{'M': ''},0,0,N,,,buy,buy
2026-08-24 08:10:34,123114,三角转债,sjzz,125.577,-0.75,300775,三角防务,sjfw,20.45,-1.92,1.85,22.69,90.13,0,39.33,164.91,650201,国防军工,szcy,C,2021-06-11,[],0,0,buy,AA-,,15.883,29.497,8.3,buy,2027-05-25,0.751,8.999,3091.42,16414.31,2.73,-11.26,,0,15:34:24,00,Y,N,1,1,Y,转股价下修1次，成功下修1次,2021-11-30 开始转股,计算使用0.8年期 评级为AA- 债参考YTM：1.7974,N,9.044,全价：125.577 最后更新：15:34:24,,,,1,{'M': ''},0,0,N,,,buy,buy
2026-08-24 08:10:34,118056,路维转债,lwzz,273.34,-0.67,688401,路维光电,lwgd,69.02,1.28,8.19,35.29,195.58,0,39.76,313.1,270103,电子,shkc,C,2025-07-10,[],0,0,buy,AA-,,24.703,45.877,4.6,buy,2031-06-11,4.8,6.145,34738.09,30361.61,20.84,-16.56,,0,14:59:54,00,Y,N,0,0,Y,,2025-12-17 开始转股,计算使用4.8年期 评级为AA- 债参考YTM：2.3863,N,6.15,全价：273.340 最后更新：14:59:54,,,,0,"{'G': '本次（2026年7月30日至2026年8月19日)不提前赎回，以2026年11月20日为首个交易日重新计算', 'M': ''}",0,0,N,,,buy,buy
2026-08-24 08:10:34,127037,银轮转债,ylzz,523.383,-1.77,002126,银轮股份,ylgf,38.4,-4.17,4.3,10.27,373.91,0,39.98,563.36,280203,汽车,szmb,C,2021-07-09,[],0,0,buy,AA,,7.189,13.351,1.6,buy,2027-06-07,0.786,5.055,14723.03,69973.59,5.57,-100.45,,0,15:34:00,00,Y,N,0,0,Y,,2021-12-13 开始转股,计算使用0.8年期 评级为AA 债参考YTM：1.5560,N,7.0,全价：523.383 最后更新：15:34:00,,,,1,"{'G': '本次（2026年5月27日至2026年6月16日）不提前赎回，2027年5月16日后首个交易日重新计算', 'M': ''}",0,0,N,,,buy,buy
2026-08-24 08:10:34,118044,赛特转债,stzz,147.268,-1.99,688398,赛特新材,stxc,19.83,-7.21,2.91,18.85,105.2,0,39.99,187.26,220309,基础化工,shkc,C,2023-10-12,[],0,0,buy,A+,,13.195,24.505,13.3,buy,2029-09-11,3.052,4.42,4606.75,3343.43,7.07,-7.33,,0,14:59:48,00,Y,N,1,1,Y,转股价下修1次，成功下修1次,2024-03-15 开始转股,计算使用3.1年期 评级为A+ 债参考YTM：4.5859,N,4.42,全价：147.268 最后更新：14:59:48,,,,0,"{'G': '本次（2026年3月10日至2026年4月20日）不提前赎回，以2026年10月21日起算', 'M': ''}",0,0,N,,,buy,buy
2026-08-24 08:10:34,113704,春风转债,cfzz,180.543,-0.03,603129,春风动力,cfdl,308.58,-0.14,5.91,241.7,127.67,114,41.41,221.95,280402,汽车,shmb,C,2026-07-07,[],0,0,buy,AA+,,169.19,314.21,4.6,buy,2032-06-09,5.797,21.79,13120.76,45296.67,3.34,-7.95,,0,14:59:47,00,Y,N,0,0,Y,,未到转股期；2026-12-16 开始转股,计算使用5.8年期 评级为AA+ 债参考YTM：1.9045,N,21.79,全价：180.543 最后更新：14:59:47,,,,0,{'M': ''},0,0,N,,,buy,buy
2026-08-24 08:10:34,113640,苏利转债,slzz,130.29,-0.77,603585,苏利股份,slgf,9.98,-0.5,0.96,10.84,92.07,0,41.52,171.81,220803,基础化工,shmb,C,2022-03-10,[],0,0,buy,AA-,,7.588,14.092,27.3,buy,2028-02-16,1.482,7.39,4517.07,3280.87,4.7,-7.09,,0,14:59:12,00,Y,N,2,2,Y,转股价下修2次，成功下修2次,2022-08-22 开始转股,计算使用1.5年期 评级为AA- 债参考YTM：1.9104,N,9.572,全价：130.290 最后更新：14:59:12,,,,1,[],0,0,N,,,buy,buy
2026-08-24 08:10:34,118007,山石转债,sszz,138.752,-0.01,688030,山石网科,sswk,16.16,-2.18,4.17,16.5,97.94,0,41.67,180.42,710402,计算机,shkc,C,2022-04-21,[],0,0,buy,A-,,11.55,21.45,9.2,buy,2028-03-22,1.578,2.671,1950.43,4840.37,5.26,-10.63,,0,14:58:43,00,Y,N,1,1,Y,转股价下修1次，成功下修1次,2022-09-28 开始转股,计算使用1.6年期 评级为A- 债参考YTM：8.9602,N,2.674,全价：138.752 最后更新：14:58:43,,,,1,{'M': ''},0,0,N,,,buy,buy
2026-08-24 08:10:34,113636,甬金转债,yjzz,134.079,-0.4,603995,甬金股份,yjgf,24.76,-2.02,1.49,26.22,94.43,0,41.99,176.07,230501,钢铁,shmb,C,2021-12-31,[],0,0,buy,AA-,,18.354,34.086,11.1,buy,2027-12-13,1.304,9.995,6412.13,14058.55,4.78,-9.77,,0,14:59:43,00,Y,N,1,1,Y,转股价下修1次，成功下修1次,2022-06-17 开始转股,计算使用1.4年期 评级为AA- 债参考YTM：1.8966,N,10.0,全价：134.079 最后更新：14:59:43,,,,1,{'M': ''},0,0,N,,,buy,buy
2026-08-24 08:10:34,123065,宝莱转债,blzz,114.988,-0.17,300246,宝莱特,blt,14.8,-1.79,3.46,18.3,80.87,0,42.18,157.17,370502,医药生物,szcy,C,2020-09-24,[],0,0,buy,AA-,,12.81,23.79,7.0,buy,2026-09-04,0.03,2.178,4758.48,19681.74,18.99,0.38,,0,15:34:09,00,Y,N,2,2,Y,转股价下修2次，成功下修2次,2021-03-11 开始转股,计算使用0.1年期 评级为AA- 债参考YTM：1.6607,N,2.19,全价：114.988 最后更新：15:34:09,,,,0,{'R': '到期\n最后交易日：2026-08-31\n最后转股日：2026-09-03\n债券到期日：2026-09-04\n到期赎回价：115.000元/张'},0,0,N,,,buy,buy
2026-08-24 08:10:34,123225,翔丰转债,xfzz,140.698,0.5,300890,翔丰华,xfh,26.99,0.78,1.42,27.34,98.72,0,42.52,183.22,630702,电力设备,szcy,C,2023-10-26,[],0,0,buy,AA-,,19.138,35.542,18.9,buy,2029-10-10,3.132,5.585,5846.09,17350.31,7.46,-4.42,,0,15:34:00,00,Y,N,1,1,Y,转股价下修1次，成功下修1次,2024-04-16 开始转股,计算使用3.2年期 评级为AA- 债参考YTM：2.2515,N,8.0,全价：140.698 最后更新：15:34:00,,,,0,{'M': ''},0,0,N,,,buy,buy
2026-08-24 08:10:34,127099,盛航转债,shzz,136.067,0.23,001205,盛航股份,shgf,14.6,0.9,1.24,15.33,95.24,0,42.87,178.94,421101,交通运输,szmb,C,2023-12-28,[],0,0,buy,AA-,,10.731,19.929,18.7,buy,2029-12-06,3.288,4.541,3909.06,4324.98,6.35,-3.9,,0,15:34:33,00,Y,N,1,1,Y,转股价下修1次，成功下修1次,2024-06-12 开始转股,计算使用3.3年期 评级为AA- 债参考YTM：2.2643,N,7.4,全价：136.067 最后更新：15:34:33,,,,0,[],0,0,N,,,buy,buy
2026-08-24 08:10:34,118062,天准转债,tzzz,214.617,-1.45,688003,天准科技,tzkj,82.74,-2.66,7.96,55.13,150.08,0,43.0,257.62,640704,机械设备,shkc,C,2025-12-31,[],0,0,buy,AA-,,38.591,66.156,5.4,buy,2031-12-12,5.304,8.719,52332.06,46976.15,28.06,-11.12,,0,15:00:00,00,Y,N,0,0,Y,,2026-06-18 开始转股,计算使用5.4年期 评级为AA- 债参考YTM：2.6561,N,8.72,全价：214.617 最后更新：15:00:00,,,,0,"{'G': '本次（2026年6月18日至2026年7月9日）不提前赎回，以2026年10月10日为首个交易日重新计算', 'M': ''}",0,0,N,120%,,buy,buy
2026-08-24 08:10:34,123222,博俊转债,bjzz,147.576,-0.33,300926,博俊科技,bjkj,16.98,-1.22,2.01,16.46,103.16,0,43.06,190.64,280205,汽车,szcy,C,2023-09-28,[],0,0,buy,A+,,11.522,21.398,4.8,buy,2029-09-08,3.044,2.438,2725.4,4667.35,7.57,-6.89,,0,15:34:51,00,Y,N,0,0,Y,,2024-03-14 开始转股,计算使用3.1年期 评级为A+ 债参考YTM：4.5859,N,5.0,全价：147.576 最后更新：15:34:51,,,,0,{'M': ''},0,0,N,,,buy,buy
2026-08-24 08:10:34,113048,晶科转债,jkzz,115.197,-0.2,601778,晶科科技,jkkj,3.59,-0.28,0.84,4.47,80.31,0,43.43,158.63,410106,公用事业,shmb,C,2021-05-31,[],0,0,buy,AA,,3.129,5.811,11.6,buy,2027-04-23,0.663,15.453,5748.84,39662.4,3.23,-4.2,,0,14:59:54,00,Y,N,2,2,Y,转股价下修2次，成功下修2次,2021-10-29 开始转股,计算使用0.7年期 评级为AA 债参考YTM：1.5544,N,30.0,全价：115.197 最后更新：14:59:54,,,,1,{'M': ''},0,0,N,,,buy,buy
2026-08-24 08:10:34,123064,万孚转债,wfzz,109.923,0.0,300482,万孚生物,wfsw,16.0,-8.05,1.36,20.88,76.63,0,43.45,153.37,370504,医药生物,szcy,C,2020-09-23,[],0,0,buy,AA,,14.616,27.144,8.7,buy,2026-09-01,0.022,5.972,6132.73,32455.62,9.34,3.2,,0,15:34:09,00,Y,N,3,3,Y,转股价下修3次，成功下修3次,2021-03-08 开始转股,计算使用0.1年期 评级为AA 债参考YTM：1.4607,N,6.0,全价：109.923 最后更新：15:34:09,,,,1,"{'R': '到期\n最后交易日：2026-08-26\n最后转股日：2026-08-31\n债券到期日：2026-09-01\n到期赎回价：110.000元/张', 'M': ''}",0,0,N,,,buy,buy
2026-08-24 08:10:34,123257,安克转债,akzz,155.223,-0.51,300866,安克创新,akcx,115.43,-2.59,6.08,106.72,108.16,0,43.51,198.73,270503,电子,szcy,C,2025-07-04,[],0,0,buy,AA+,,74.704,138.736,3.1,buy,2031-06-16,4.814,11.046,2990.15,25600.8,1.74,-6.59,,0,15:34:45,00,Y,N,0,0,Y,,2025-12-22 开始转股,计算使用4.9年期 评级为AA+ 债参考YTM：1.8073,N,11.048,全价：155.223 最后更新：15:34:45,,,,0,{'M': ''},0,0,N,,,buy,buy
2026-08-24 08:10:34,127055,精装转债,jzzz,186.0,-1.07,002989,中天精装,ztjz,23.93,-3.0,3.36,18.5,129.35,0,43.79,229.79,620201,建筑装饰,szmb,C,2022-03-24,[],0,0,buy,AA-,,12.95,24.05,4.4,buy,2028-02-22,1.499,2.081,12074.88,11349.29,31.4,-26.87,,0,15:34:39,00,Y,N,0,0,Y,,2022-08-29 开始转股,计算使用1.5年期 评级为AA- 债参考YTM：1.9104,N,5.77,全价：186.000 最后更新：15:34:39,,,,1,{'G': '本次（2026年2月24日至2026年3月16日）不提前赎回，自2027年3月16日后首个交易日重新计算'},0,0,N,,,buy,buy
2026-08-24 08:10:34,113610,灵康转债,lkzz,119.461,0.27,603669,灵康药业,lkyy,5.39,-1.64,5.99,6.5,82.92,0,44.06,163.52,370102,医药生物,shmb,C,2020-12-22,[],0,0,buy,A-,,4.55,8.45,6.6,buy,2026-12-01,0.271,2.528,2029.04,19728.66,6.74,-13.91,,0,14:59:28,00,Y,N,2,2,Y,转股价下修2次，成功下修2次,2021-06-07 开始转股,计算使用0.3年期 评级为A- 债参考YTM：8.7438,N,5.25,全价：119.461 最后更新：14:59:28,,,,1,[],0,0,N,,,buy,buy
2026-08-24 08:10:34,127060,湘佳转债,xjzz,129.467,0.28,002982,湘佳股份,xjgf,12.37,0.16,1.44,13.8,89.64,0,44.43,173.9,110703,农林牧渔,szmb,C,2022-06-10,[],0,0,buy,A+,,9.66,17.94,39.8,buy,2028-04-19,1.655,6.399,2915.56,4559.9,3.52,-8.65,,0,15:34:18,00,Y,N,1,1,Y,转股价下修1次，成功下修1次,2022-10-25 开始转股,计算使用1.7年期 评级为A+ 债参考YTM：4.2750,N,6.4,全价：129.467 最后更新：15:34:18,,,,0,[],0,0,N,,,buy,buy
2026-08-24 08:10:34,113646,永吉转债,yjzz,158.56,-0.75,603058,永吉股份,yjgf,8.82,-1.34,3.21,8.05,109.57,0,44.72,203.28,360205,轻工制造,shmb,C,2022-05-17,[],0,0,buy,AA-,,5.635,10.465,3.8,buy,2028-04-14,1.641,1.372,3371.64,5363.84,15.53,-20.12,,0,14:59:56,00,Y,N,0,0,Y,,2022-10-20 开始转股,计算使用1.7年期 评级为AA- 债参考YTM：1.9375,N,1.459,全价：158.560 最后更新：14:59:56,,,,1,[],0,0,N,,,buy,buy
2026-08-24 08:10:34,123199,山河转债,shzz,140.3,-0.28,300452,山河药辅,shyf,12.58,-1.49,2.8,13.0,96.77,0,44.98,185.28,370101,医药生物,szcy,C,2023-07-07,[],0,0,buy,A+,,9.1,16.9,12.8,buy,2029-06-12,2.803,3.197,3213.84,11518.02,7.17,-7.99,,0,15:34:36,00,Y,N,1,1,Y,转股价下修1次，成功下修1次,2023-12-18 开始转股,计算使用2.9年期 评级为A+ 债参考YTM：4.5385,N,3.2,全价：140.300 最后更新：15:34:36,,,,0,[],0,0,N,,,buy,buy
2026-08-24 08:10:34,123171,共同转债,gtzz,130.3,-1.17,300966,共同药业,gtyy,24.31,-3.42,3.38,27.08,89.77,0,45.15,175.45,370101,医药生物,szcy,C,2022-12-16,[],0,0,buy,A-,,18.956,35.204,20.4,buy,2028-11-28,2.266,3.799,2308.37,6406.24,4.65,-3.91,,0,15:34:30,00,Y,N,0,0,Y,,2023-06-02 开始转股,计算使用2.3年期 评级为A- 债参考YTM：9.0773,N,3.8,全价：130.300 最后更新：15:34:30,,,,0,{'M': ''},0,0,N,,,buy,buy
2026-08-24 08:10:34,113070,渝水转债,yszz,126.835,0.1,601158,重庆水务,cqsw,4.12,0.49,1.13,4.72,87.29,0,45.31,172.15,760102,环保,shmb,C,2025-02-13,[],0,0,buy,AAA,,3.304,6.136,9.6,buy,2031-01-09,4.381,18.998,3081.69,2624.73,1.28,-2.98,,0,14:58:45,00,Y,N,0,0,Y,,2025-07-15 开始转股,计算使用4.4年期 评级为AAA 债参考YTM：1.7155,N,19.0,全价：126.835 最后更新：14:58:45,,,,0,{'M': ''},0,0,N,,,buy,buy
2026-08-24 08:10:34,127046,百润转债,brzz,127.95,-0.51,002568,百润股份,brgf,17.9,-1.38,3.64,20.33,88.05,0,45.32,173.27,340602,食品饮料,szmb,C,2021-11-03,[],0,0,buy,AA,,14.231,26.429,8.3,buy,2027-09-29,1.099,11.274,3281.86,15369.32,2.27,-11.74,,0,15:34:12,00,Y,N,1,1,Y,转股价下修1次，成功下修1次,2022-04-12 开始转股,计算使用1.1年期 评级为AA 债参考YTM：1.5848,N,11.28,全价：127.950 最后更新：15:34:12,,,,0,{'M': ''},0,0,N,,,buy,buy
2026-08-24 08:10:34,123088,威唐转债,wtzz,116.53,0.11,300707,威唐工业,wtgy,12.0,-0.83,1.8,14.97,80.16,0,45.37,161.9,280205,汽车,szcy,C,2021-01-06,[],0,0,buy,A+,,10.479,19.461,17.4,buy,2026-12-15,0.31,3.004,1135.03,3538.53,3.25,-4.28,,0,15:34:12,00,Y,N,1,1,Y,转股价下修1次，成功下修1次,2021-06-21 开始转股,计算使用0.4年期 评级为A+ 债参考YTM：4.0854,N,3.014,全价：116.530 最后更新：15:34:12,,,,1,[],0,0,N,,,buy,buy
2026-08-24 08:10:34,123277,玉禾转债,yhzz,142.385,0.51,300815,玉禾田,yht,15.96,0.44,1.35,16.35,97.62,164,45.86,188.25,760103,环保,szcy,C,2026-08-14,[],0,0,buy,AA,,11.445,21.255,24.0,buy,2032-07-28,5.932,15.0,14774.37,8832.96,6.89,-3.79,,0,15:34:21,00,Y,N,0,0,Y,,未到转股期；2027-02-04 开始转股,计算使用6.0年期 评级为AA 债参考YTM：2.1400,N,15.0,全价：142.385 最后更新：15:34:21,,,,0,[],0,0,N,,,buy,buy
2026-08-24 08:10:34,110092,三房转债,sfzz,71.17,-2.55,600370,*ST三房,sfx,1.47,-2.0,1.14,3.02,48.68,0,46.21,117.38,220401,基础化工,shmb,C,2023-02-07,[],0,0,buy,A-,,2.114,3.926,35.8,buy,2029-01-06,2.373,21.185,6150.31,2218.7,4.06,22.19,,0,14:59:59,00,Y,N,0,0,Y,,2023-07-12 开始转股,计算使用2.4年期 评级为A- 债参考YTM：9.1021,N,25.0,全价：71.170 最后更新：14:59:59,,,,0,[],0,0,N,,,buy,buy
2026-08-24 08:10:34,111022,锡振转债,xzzz,159.9,0.7,605319,无锡振华,wxzh,24.41,1.16,2.95,22.39,109.02,0,46.67,206.57,280205,汽车,shmb,C,2025-07-14,[],0,0,buy,AA-,,15.673,29.107,6.1,buy,2031-06-18,4.819,5.197,5154.48,7484.13,6.23,-6.27,,0,14:59:53,00,Y,N,0,0,Y,,2025-12-24 开始转股,计算使用4.9年期 评级为AA- 债参考YTM：2.3943,N,5.2,全价：159.900 最后更新：14:59:53,,,,0,[],0,0,N,,,buy,buy
2026-08-24 08:10:34,123158,宙邦转债,zbzz,225.114,-4.41,300037,新宙邦,xzb,62.0,-2.13,4.08,40.49,153.12,0,47.01,272.12,630702,电力设备,szcy,C,2022-10-21,[],0,0,buy,AA,,28.343,52.637,5.3,buy,2028-09-26,2.093,18.046,24689.98,93060.89,5.99,-28.37,,0,15:34:24,00,Y,N,0,0,Y,,2023-03-30 开始转股,计算使用2.1年期 评级为AA 债参考YTM：1.6774,N,19.7,全价：225.114 最后更新：15:34:24,,,,0,"{'G': '本次（2026年7月23日至2026年8月12日）不提前赎回，自2027年2月12日后首个交易日重新计算', 'M': ''}",0,0,N,,,buy,buy
2026-08-24 08:10:34,118039,煜邦转债,ybzz,134.205,-0.66,688597,煜邦电力,ybdl,6.65,-1.48,2.61,7.3,91.1,0,47.32,181.53,630804,电力设备,shkc,C,2023-08-15,[],0,0,buy,A,,5.11,9.49,18.4,buy,2029-07-20,2.907,4.104,2955.58,2958.74,5.37,-4.74,,0,14:58:51,00,Y,N,0,0,Y,,2024-01-26 开始转股,计算使用3.0年期 评级为A 债参考YTM：6.9139,N,4.108,全价：134.205 最后更新：14:58:51,,,,0,{'M': ''},0,0,N,,,buy,buy
2026-08-24 08:10:34,118059,颀中转债,qzzz,194.458,-1.63,688352,颀中科技,qzkj,18.04,-2.59,3.72,13.7,131.68,0,47.68,242.14,270107,电子,shkc,C,2025-11-21,[],0,0,buy,AA+,,9.59,17.81,12.9,buy,2031-11-03,5.197,8.498,38459.75,40655.37,23.46,-10.13,,0,14:59:57,00,Y,N,0,0,Y,,2026-05-07 开始转股,计算使用5.2年期 评级为AA+ 债参考YTM：1.8282,N,8.5,全价：194.458 最后更新：14:59:57,,,,0,"{'G': '本次（2026年5月26日至2026年6月17日）不提前赎回，以2026年12月18日为首个交易日重新计算', 'M': ''}",0,0,N,,,buy,buy
2026-08-24 08:10:34,127031,洋丰转债,yfzz,120.225,0.04,000902,新洋丰,xyf,13.75,0.95,1.37,16.89,81.41,0,47.68,167.91,220805,基础化工,szmb,C,2021-04-23,[],0,0,buy,AA,,11.823,21.957,6.4,buy,2027-03-25,0.584,9.999,4036.25,29482.28,3.35,-11.78,,0,15:34:27,00,Y,N,1,1,N,"转股价下修1次，成功下修1次
2026-08-18 至 2026-08-25 期间暂停转股：权益分派
转股价16.890生效日期2026-05-28",2021-10-08 开始转股;2026-08-18 至 2026-08-25 期间暂停转股：权益分派,计算使用0.6年期 评级为AA 债参考YTM：1.5541,N,10.0,全价：120.225 最后更新：15:34:27,,,,1,{'M': ''},0,0,N,,,buy,buy
2026-08-24 08:10:34,113067,燃23转债,r23zz,128.505,0.37,601139,深圳燃气,szrq,6.29,0.16,1.08,7.24,86.88,0,47.91,176.42,410301,公用事业,shmb,C,2023-08-18,[],0,0,buy,AAA,,5.068,9.412,16.6,buy,2029-07-27,2.926,29.999,4312.02,8659.29,1.12,-5.24,,0,14:59:14,00,Y,N,0,0,Y,,2024-02-02 开始转股,计算使用3.0年期 评级为AAA 债参考YTM：1.6379,N,30.0,全价：128.505 最后更新：14:59:14,,,,0,{'M': ''},0,0,N,,,buy,buy
2026-08-24 08:10:34,123211,阳谷转债,ygzz,154.0,-0.29,300121,阳谷华泰,yght,9.57,-0.42,1.16,9.2,104.02,0,48.05,202.05,220604,基础化工,szcy,C,2023-08-14,[],0,0,buy,AA-,,6.44,11.96,7.5,buy,2029-07-27,2.926,3.07,2059.61,6270.02,4.37,-8.69,,0,15:34:39,00,Y,N,0,0,Y,,2024-02-02 开始转股,计算使用3.0年期 评级为AA- 债参考YTM：2.2139,N,6.5,全价：154.000 最后更新：15:34:39,,,,0,[],0,0,N,,,buy,buy
2026-08-24 08:10:34,127034,绿茵转债,lyzz,119.627,-1.78,002887,绿茵生态,lyst,9.05,-1.84,1.17,11.21,80.73,0,48.18,167.81,760104,环保,szmb,C,2021-05-28,[],0,0,buy,AA-,,7.847,14.573,21.8,buy,2027-04-30,0.682,4.279,6202.47,4420.49,12.1,-8.15,,0,15:34:33,00,Y,N,0,0,Y,,2021-11-11 开始转股,计算使用0.7年期 评级为AA- 债参考YTM：1.7944,N,7.12,全价：119.627 最后更新：15:34:33,,,,1,[],0,0,N,,,buy,buy
2026-08-24 08:10:34,113649,丰山转债,fszz,132.736,-0.3,603810,丰山集团,fsjt,12.16,-1.06,1.23,13.61,89.35,0,48.56,181.3,220803,基础化工,shmb,C,2022-07-21,[],0,0,buy,AA-,,9.527,17.693,22.8,buy,2028-06-27,1.844,4.577,2758.16,1643.07,4.54,-6.68,,0,14:59:53,00,Y,N,0,0,Y,,2023-01-03 开始转股,计算使用1.9年期 评级为AA- 债参考YTM：1.9648,N,5.0,全价：132.736 最后更新：14:59:53,,,,1,[],0,0,N,,,buy,buy
2026-08-24 08:10:34,113643,风语转债,fyzz,138.772,-0.88,603466,风语筑,fyz,11.02,-2.56,3.1,11.8,93.39,0,48.59,187.36,720706,传媒,shmb,C,2022-04-22,[],0,0,buy,AA-,,8.26,15.34,7.6,buy,2028-03-25,1.586,4.992,7291.23,38689.34,10.5,-10.32,,0,14:59:55,00,Y,N,1,1,Y,转股价下修1次，成功下修1次,2022-10-10 开始转股,计算使用1.6年期 评级为AA- 债参考YTM：1.9240,N,5.0,全价：138.772 最后更新：14:59:55,,,,1,{'M': ''},0,0,N,,,buy,buy
2026-08-24 08:10:34,123076,强力转债,qlzz,126.098,0.73,300429,强力新材,qlxc,10.75,1.51,3.33,12.7,84.65,0,48.97,175.07,270601,电子,szcy,C,2020-12-04,[],0,0,buy,AA-,,8.89,16.51,7.6,buy,2026-11-19,0.238,3.393,4113.45,26748.32,9.62,-44.09,,0,15:34:15,00,Y,N,2,1,Y,转股价下修2次，成功下修1次,2021-05-25 开始转股,计算使用0.3年期 评级为AA- 债参考YTM：1.6977,N,8.5,全价：126.098 最后更新：15:34:15,,,,1,{'M': ''},0,0,N,,,buy,buy
2026-08-24 08:10:34,123255,鼎龙转债,dlzz,387.0,-1.78,300054,鼎龙股份,dlgf,73.62,-0.3,12.83,28.38,259.41,0,49.19,436.19,270601,电子,szcy,C,2025-04-23,[],0,0,buy,AA,,19.866,36.894,1.7,buy,2031-04-02,4.608,9.095,77172.04,204465.73,21.94,-23.49,,0,15:34:09,00,Y,N,0,0,Y,,2025-10-09 开始转股,计算使用4.7年期 评级为AA 债参考YTM：1.8586,N,9.1,全价：387.000 最后更新：15:34:09,,,,0,"{'G': '本次（2026年4月8日至2026年4月28日）不提前赎回，自2026年10月28日后首个交易日重新计算', 'M': ''}",0,0,N,,,buy,buy
2026-08-24 08:10:34,118064,联瑞转债,lrzz,329.504,-5.29,688300,联瑞新材,lrxc,139.14,-4.25,18.81,63.05,220.68,0,49.31,378.81,220901,基础化工,shkc,C,2026-01-28,[],0,0,buy,AA,,44.135,81.965,2.1,buy,2032-01-08,5.378,6.949,93076.99,141410.44,40.33,-18.13,,0,14:59:59,00,Y,N,0,0,Y,,2026-07-14 开始转股,计算使用5.4年期 评级为AA 债参考YTM：1.9510,N,6.95,全价：329.504 最后更新：14:59:59,,,,0,"{'G': '本次（2026年7月14日至2026年8月3日）不提前赎回，以2026年11月4日为首个交易日重新计算', 'M': '', 'EX': '债券持有人及其一致行动人大宗减持11.51% 2026年08月18日公告'}",0,0,N,,,buy,buy
2026-08-24 08:10:34,110087,天业转债,tyzz,123.897,-0.08,600075,新疆天业,xjty,4.62,-0.22,0.86,5.6,82.5,0,50.18,174.08,220202,基础化工,shmb,C,2022-07-19,[],0,0,buy,AA+,,3.92,7.28,38.0,buy,2028-06-23,1.833,29.975,5300.54,12427.74,1.43,-6.44,,0,14:59:27,00,Y,N,1,1,Y,转股价下修1次，成功下修1次,2022-12-29 开始转股,计算使用1.9年期 评级为AA+ 债参考YTM：1.6306,N,30.0,全价：123.897 最后更新：14:59:27,,,,1,{'M': ''},0,0,N,,,buy,buy
2026-08-24 08:10:34,123157,科蓝转债,klzz,136.747,0.65,300663,科蓝软件,klrj,8.01,-1.72,10.2,8.8,91.02,0,50.23,186.98,710401,计算机,szcy,C,2022-09-20,[],0,0,buy,A-,,6.16,11.44,6.3,buy,2028-08-30,2.019,2.34,6915.04,14714.18,21.75,-6.88,,0,15:34:24,00,Y,N,2,2,Y,转股价下修2次，成功下修2次,2023-03-06 开始转股,计算使用2.1年期 评级为A- 债参考YTM：9.0351,N,4.946,全价：136.747 最后更新：15:34:24,,,,0,{'M': ''},0,0,N,,,buy,buy
2026-08-24 08:10:34,110103,申能转债,snzz,145.938,1.78,600642,申能股份,sngf,8.49,1.8,0.98,8.74,97.14,161,50.24,196.18,410101,公用事业,shmb,C,2026-08-13,[],0,0,buy,AAA,,6.118,11.362,4.8,buy,2032-07-23,5.918,20.0,28097.54,23733.0,9.63,-4.7,,0,14:59:57,00,Y,N,0,0,Y,,未到转股期；2027-02-01 开始转股,计算使用6.0年期 评级为AAA 债参考YTM：1.8000,N,20.0,全价：145.938 最后更新：14:59:57,,,,0,{'M': ''},0,0,N,,,buy,buy
2026-08-24 08:10:34,113659,莱克转债,lkzz,132.474,-0.4,603355,莱克电气,lkdq,27.95,-1.96,2.79,31.72,88.12,0,50.34,182.81,330302,家用电器,shmb,C,2022-11-15,[],0,0,buy,AA,,22.204,41.236,7.5,buy,2028-10-14,2.143,11.998,8781.11,8642.61,5.56,-7.18,,0,14:59:56,00,Y,N,0,0,Y,,2023-04-20 开始转股,计算使用2.2年期 评级为AA 债参考YTM：1.6847,N,12.0,全价：132.474 最后更新：14:59:56,,,,0,{'M': ''},0,0,N,,,buy,buy
2026-08-24 08:10:34,127112,尚太转债,stzz,159.861,0.06,001301,尚太科技,stkj,63.82,0.98,3.23,60.02,106.33,0,50.34,210.2,630702,电力设备,szmb,C,2026-02-05,[],0,0,buy,AA+,,42.014,78.026,10.4,buy,2032-01-16,5.4,17.339,7064.64,44475.53,2.55,-6.55,,0,15:34:45,00,Y,N,0,0,Y,,2026-07-22 开始转股,计算使用5.4年期 评级为AA+ 债参考YTM：1.8506,N,17.34,全价：159.861 最后更新：15:34:45,,,,0,{'M': ''},0,0,N,,,buy,buy
2026-08-24 08:10:34,118013,道通转债,dtzz,171.976,-1.51,688208,道通科技,dtkj,24.57,-1.96,4.07,21.48,114.39,0,50.35,222.33,710103,计算机,shkc,C,2022-07-28,[],0,0,buy,AA,,15.036,27.924,7.8,buy,2028-07-08,1.874,12.796,5116.28,16873.03,2.33,-18.81,,0,14:59:57,00,Y,N,0,0,Y,,2023-01-16 开始转股,计算使用1.9年期 评级为AA 债参考YTM：1.6595,N,12.8,全价：171.976 最后更新：14:59:57,,,,1,{'M': ''},0,0,N,,,buy,buy
2026-08-24 08:10:34,127089,晶澳转债,jazz,120.824,-0.72,002459,晶澳科技,jakj,7.15,-2.05,1.11,8.9,80.34,0,50.4,171.22,630502,电力设备,szmb,C,2023-08-04,[],0,0,buy,AA+,,6.23,11.57,37.9,buy,2029-07-18,2.901,89.588,13362.08,19859.46,1.24,-2.83,,0,15:34:18,00,Y,N,3,2,Y,转股价下修3次，成功下修2次,2024-01-24 开始转股,计算使用3.0年期 评级为AA+ 债参考YTM：1.6879,N,89.603,全价：120.824 最后更新：15:34:18,,,,0,{'M': ''},0,0,N,,,buy,buy
2026-08-24 08:10:34,123172,漱玉转债,syzz,128.758,-0.94,301017,漱玉平民,sypm,12.76,-3.33,2.41,14.91,85.58,0,50.45,179.21,370403,医药生物,szcy,C,2023-01-06,[],0,0,buy,AA-,,10.437,19.383,24.1,buy,2028-12-15,2.312,7.96,4353.94,7333.01,4.25,-4.32,,0,15:34:39,00,Y,N,1,1,Y,转股价下修1次，成功下修1次,2023-06-21 开始转股,计算使用2.4年期 评级为AA- 债参考YTM：2.0596,N,8.0,全价：128.758 最后更新：15:34:39,,,,0,{'M': ''},0,0,N,,,buy,buy
2026-08-24 08:10:34,123235,亿田转债,ytzz,155.0,-3.31,300911,亿田智能,ytzn,21.95,-10.0,3.53,21.31,103.0,0,50.48,205.48,330401,家用电器,szcy,C,2024-01-12,[],0,0,buy,A+,,14.917,27.703,11.6,buy,2029-12-21,3.329,4.352,19656.85,42813.29,29.11,-7.66,,0,15:34:36,00,Y,N,0,0,Y,,2024-06-27 开始转股,计算使用3.4年期 评级为A+ 债参考YTM：4.6283,N,5.202,全价：155.000 最后更新：15:34:36,,,,0,{'M': ''},0,0,N,,,buy,buy
2026-08-24 08:10:34,123261,普联转债,plzz,163.501,1.98,300996,普联软件,plrj,14.09,-1.95,4.21,12.97,108.64,0,50.5,214.0,710401,计算机,szcy,C,2025-12-22,[],0,0,buy,A+,,9.079,16.861,5.2,buy,2031-12-05,5.285,2.429,62767.36,35488.88,160.35,-5.93,,0,15:34:48,00,Y,N,0,0,Y,,2026-06-11 开始转股,计算使用5.3年期 评级为A+ 债参考YTM：4.9102,N,2.43,全价：163.501 最后更新：15:34:48,,,,0,{'M': ''},0,0,N,,,buy,buy
2026-08-24 08:10:34,113054,绿动转债,ldzz,121.9,-0.37,601330,绿色动力,lsdl,7.01,0.29,1.18,8.67,80.85,0,50.77,172.67,760103,环保,shmb,C,2022-03-23,[],0,0,buy,AA+,,6.069,11.271,34.0,buy,2028-02-25,1.507,23.598,6756.01,3596.12,2.35,-6.21,,0,14:59:57,00,Y,N,0,0,Y,,2022-09-05 开始转股,计算使用1.6年期 评级为AA+ 债参考YTM：1.6061,N,23.6,全价：121.900 最后更新：14:59:57,,,,1,[],0,0,N,,,buy,buy
2026-08-24 08:10:34,113680,丽岛转债,ldzz,136.939,-0.05,603937,丽岛新材,ldxc,11.71,0.52,1.55,12.91,90.71,0,50.97,187.91,240301,有色金属,shmb,C,2023-12-05,[],0,0,buy,A+,,9.037,16.783,12.3,buy,2029-11-15,3.23,2.998,3079.85,4574.17,7.52,-4.02,,0,14:59:39,00,Y,N,0,0,Y,,2024-05-21 开始转股,计算使用3.3年期 评级为A+ 债参考YTM：4.6173,N,3.0,全价：136.939 最后更新：14:59:39,,,,0,[],0,0,N,,,buy,buy
2026-08-24 08:10:34,123144,裕兴转债,yxzz,129.278,-0.24,300305,裕兴股份,yxgf,5.98,-1.97,1.12,7.0,85.43,0,51.33,180.61,220505,基础化工,szcy,C,2022-04-27,[],0,0,buy,A,,4.9,9.1,31.2,buy,2028-04-11,1.633,5.997,2554.28,4709.12,3.29,-6.0,,0,15:34:33,00,Y,N,2,2,Y,转股价下修2次，成功下修2次,2022-10-17 开始转股,计算使用1.7年期 评级为A 债参考YTM：6.6250,N,6.0,全价：129.278 最后更新：15:34:33,,,,1,[],0,0,N,,,buy,buy
2026-08-24 08:10:34,111003,聚合转债,jhzz,140.438,-0.52,605166,聚合顺,jhs,8.17,-2.16,1.27,8.85,92.32,0,52.13,192.57,220406,基础化工,shmb,C,2022-04-19,[],0,0,buy,AA-,,6.195,11.505,7.9,buy,2028-03-07,1.537,2.035,2794.22,3469.39,9.78,-11.11,,0,14:58:17,00,Y,N,2,2,Y,转股价下修2次，成功下修2次,2022-09-13 开始转股,计算使用1.6年期 评级为AA- 债参考YTM：1.9240,N,2.04,全价：140.438 最后更新：14:58:17,,,,1,[],0,0,N,,,buy,buy
2026-08-24 08:10:34,123133,佩蒂转债,pdzz,128.941,-0.2,300673,佩蒂股份,pdgf,12.68,-1.71,1.67,15.0,84.53,0,52.53,181.47,110404,农林牧渔,szcy,C,2022-01-21,[],0,0,buy,AA-,,10.5,19.5,35.4,buy,2027-12-22,1.329,7.198,3316.69,2238.76,3.58,-7.15,,0,15:34:18,00,Y,N,2,2,Y,转股价下修2次，成功下修2次,2022-06-28 开始转股,计算使用1.4年期 评级为AA- 债参考YTM：1.8966,N,7.2,全价：128.941 最后更新：15:34:18,,,,1,[],0,0,N,,,buy,buy
2026-08-24 08:10:34,123119,康泰转2,ktz2,123.256,-1.0,300601,康泰生物,ktsw,12.62,-3.15,1.46,15.69,80.43,0,53.24,176.5,370303,医药生物,szcy,C,2021-08-05,[],0,0,buy,AA,,10.983,20.397,17.6,buy,2027-07-15,0.89,19.99,17067.26,60695.09,6.92,-10.29,,0,15:34:18,00,Y,N,6,5,Y,转股价下修6次，成功下修5次,2022-01-21 开始转股,计算使用0.9年期 评级为AA 债参考YTM：1.5653,N,20.0,全价：123.256 最后更新：15:34:18,,,,1,{'M': ''},0,0,N,,,buy,buy
2026-08-24 08:10:34,123278,合金转债,hjzz,172.1,3.0,300697,电工合金,dghj,15.7,-3.21,5.18,13.98,112.3,165,53.25,225.35,240302,有色金属,szcy,C,2026-08-18,[],0,0,buy,AA-,,9.786,18.174,10.5,buy,2032-07-29,5.934,5.45,159350.1,31943.98,168.43,-6.82,,0,15:34:15,00,Y,N,0,0,Y,,未到转股期；2027-02-05 开始转股,计算使用6.0年期 评级为AA- 债参考YTM：3.1900,N,5.45,全价：172.100 最后更新：15:34:15,,,,0,[],0,0,N,,,buy,buy
2026-08-24 08:10:34,127064,杭氧转债,hyzz,136.68,0.12,002430,杭氧股份,hygf,22.86,-1.38,2.2,25.67,89.05,0,53.48,190.16,220309,基础化工,szmb,C,2022-07-05,[],0,0,buy,AA+,,17.969,33.371,5.1,buy,2028-05-19,1.737,11.364,6485.41,21088.55,4.19,-11.96,,0,15:34:36,00,Y,N,1,1,Y,转股价下修1次，成功下修1次,2022-11-25 开始转股,计算使用1.8年期 评级为AA+ 债参考YTM：1.6224,N,11.37,全价：136.680 最后更新：15:34:36,,,,1,{'M': ''},0,0,N,,,buy,buy
2026-08-24 08:10:34,118012,微芯转债,wxzz,157.269,-2.03,688321,微芯生物,wxsw,25.89,-7.37,4.5,25.34,102.17,0,53.93,211.2,370102,医药生物,shkc,C,2022-07-28,[],0,0,buy,A+,,17.738,32.942,4.7,buy,2028-07-05,1.866,4.995,13159.8,54077.66,16.74,-14.63,,0,14:59:58,00,Y,N,0,0,Y,,2023-01-11 开始转股,计算使用1.9年期 评级为A+ 债参考YTM：4.3044,N,5.0,全价：157.269 最后更新：14:59:58,,,,1,{'M': ''},0,0,N,,,buy,buy
2026-08-24 08:10:34,118031,天23转债,t23zz,122.181,-0.52,688599,天合光能,thgn,12.64,-2.02,1.43,16.0,79.0,0,54.66,176.84,630502,电力设备,shkc,C,2023-03-15,[],0,0,buy,AA,,11.2,20.8,19.8,buy,2029-02-13,2.477,58.512,7710.61,28950.24,1.08,-1.32,,0,14:59:43,00,Y,N,2,2,Y,转股价下修2次，成功下修2次,2023-08-17 开始转股,计算使用2.5年期 评级为AA 债参考YTM：1.7011,N,88.648,全价：122.181 最后更新：14:59:43,,,,0,{'M': ''},0,0,N,,,buy,buy
2026-08-24 08:10:34,118060,瑞可转债,rkzz,189.034,0.4,688800,瑞可达,rkd,64.2,1.01,7.34,52.53,122.22,0,54.67,243.7,270401,电子,shkc,C,2025-12-12,[],0,0,buy,AA-,,36.771,68.289,5.4,buy,2031-11-14,5.227,9.999,17313.35,102467.11,9.19,-9.07,,0,14:59:53,00,Y,N,0,0,Y,,2026-05-20 开始转股,计算使用5.3年期 评级为AA- 债参考YTM：2.5617,N,10.0,全价：189.034 最后更新：14:59:53,,,,0,"{'G': '本次（2026年5月20日至2026年6月9日）不提前赎回，以2026年12月10日为首个交易日重新计算', 'M': ''}",0,0,N,,,buy,buy
2026-08-24 08:10:34,123155,中陆转债,zlzz,133.339,0.49,301040,中环海陆,zhhl,27.28,-0.18,3.52,31.76,85.89,0,55.24,188.58,630602,电力设备,szcy,C,2022-08-31,[],0,0,buy,A+,,22.232,41.288,14.0,buy,2028-08-12,1.97,3.6,3695.26,3715.77,7.73,-6.29,,0,15:34:21,00,Y,N,0,0,Y,,2023-02-20 开始转股,计算使用2.0年期 评级为A+ 债参考YTM：4.3188,N,3.6,全价：133.339 最后更新：15:34:21,,,,1,{'M': ''},0,0,N,,,buy,buy
2026-08-24 08:10:34,123183,海顺转债,hszz,129.0,-1.45,300501,海顺新材,hsxc,9.65,-4.83,1.73,11.63,82.98,0,55.47,184.47,360206,轻工制造,szcy,C,2023-04-20,[],0,0,buy,AA-,,8.141,15.119,23.7,buy,2029-03-23,2.581,6.329,5389.76,5835.8,6.6,-3.29,,0,15:34:30,00,Y,N,2,0,Y,转股价下修2次，成功下修0次,2023-10-09 开始转股,计算使用2.6年期 评级为AA- 债参考YTM：2.1110,N,6.33,全价：129.000 最后更新：15:34:30,,,,0,[],0,0,N,,,buy,buy
2026-08-24 08:10:34,127105,龙星转债,lxzz,130.973,-0.3,002442,龙星科技,lxkj,4.88,-1.81,1.33,5.8,84.14,0,55.66,186.63,220603,基础化工,szmb,C,2024-03-06,[],0,0,buy,AA-,,4.06,7.54,31.4,buy,2030-01-31,3.441,7.534,2544.63,3988.14,2.58,-2.72,,0,15:34:27,00,Y,N,0,0,Y,,2024-08-07 开始转股,计算使用3.5年期 评级为AA- 债参考YTM：2.2822,N,7.54,全价：130.973 最后更新：15:34:27,,,,0,[],0,0,N,,,buy,buy
2026-08-24 08:10:34,123280,三鑫转债,sxzz,155.8,1.3,300453,三鑫医疗,sxyl,9.72,-1.72,3.32,9.72,100.0,170,55.8,211.6,370503,医药生物,szcy,C,2026-08-19,[],0,0,buy,AA-,,7.776,12.636,15.1,buy,2032-08-03,5.948,5.3,48278.6,12161.08,58.19,-5.21,,0,15:33:54,00,Y,N,0,0,Y,,未到转股期；2027-02-10 开始转股,计算使用6.0年期 评级为AA- 债参考YTM：3.1900,N,5.3,全价：155.800 最后更新：15:33:54,,,,0,[],0,0,N,,,buy,buy
2026-08-24 08:10:34,127059,永东转2,ydz2,131.114,0.0,002753,永东股份,ydgf,6.82,2.25,1.09,8.11,84.09,0,55.91,187.02,220603,基础化工,szmb,C,2022-05-16,[],0,0,buy,AA-,,5.677,10.543,18.8,buy,2028-04-08,1.625,3.79,2899.58,4030.35,5.84,-6.85,,0,15:34:15,00,Y,N,0,0,Y,,2022-10-14 开始转股,计算使用1.7年期 评级为AA- 债参考YTM：1.9375,N,3.8,全价：131.114 最后更新：15:34:15,,,,1,[],0,0,N,,,buy,buy
2026-08-24 08:10:34,118061,茂莱转债,mlzz,187.083,-1.44,688502,茂莱光学,mlgx,436.6,-2.51,18.33,364.15,119.9,0,56.04,243.12,270303,电子,shkc,C,2025-12-10,[],0,0,buy,A+,,254.905,473.395,2.4,buy,2031-11-21,5.247,5.622,35030.03,80124.67,33.07,-8.55,,0,15:00:00,00,Y,N,0,0,Y,,2026-05-27 开始转股,计算使用5.3年期 评级为A+ 债参考YTM：4.9102,N,5.625,全价：187.083 最后更新：15:00:00,,,,0,"{'G': '本次（2026年5月28日至2026年7月3日）不提前赎回，以2026年10月4日首个交易日重新计算', 'M': ''}",0,0,N,,,buy,buy
2026-08-24 08:10:34,123142,申昊转债,shzz,123.694,-0.49,300853,申昊科技,shkj,26.7,-2.91,6.16,33.71,79.21,0,56.17,179.86,630803,电力设备,szcy,C,2022-04-11,[],0,0,buy,BBB+,,23.597,43.823,18.7,buy,2028-03-18,1.567,5.494,1569.06,14473.09,2.31,-6.01,,0,15:34:30,00,Y,N,0,0,Y,,2022-09-26 开始转股,计算使用1.6年期 评级为BBB+ 债参考YTM：12.0710,N,5.5,全价：123.694 最后更新：15:34:30,,,,1,[],0,0,N,,,buy,buy
2026-08-24 08:10:34,127113,长高转债,cgzz,160.85,-0.01,002452,长高电气,cgdq,11.16,-0.53,2.47,10.92,102.2,21,57.39,218.24,630801,电力设备,szmb,C,2026-03-30,[],0,0,buy,AA-,,7.644,14.196,13.1,buy,2032-03-08,5.543,7.586,2776.44,9647.54,2.28,-6.14,,0,15:34:12,00,Y,N,0,0,Y,,未到转股期；2026-09-14 开始转股,计算使用5.6年期 评级为AA- 债参考YTM：2.8671,N,7.59,全价：160.850 最后更新：15:34:12,,,,0,{'M': ''},0,0,N,,,buy,buy
2026-08-24 08:10:34,110093,神马转债,smzz,122.878,-0.41,600810,神马股份,smgf,6.29,0.48,0.74,8.08,77.85,0,57.85,180.73,220406,基础化工,shmb,C,2023-04-20,[],0,0,buy,AAA,,5.656,10.504,32.7,buy,2029-03-16,2.562,22.199,3293.48,3359.65,1.21,-4.3,,0,14:59:01,00,Y,N,0,0,Y,,2023-09-22 开始转股,计算使用2.6年期 评级为AAA 债参考YTM：1.6128,N,30.0,全价：122.878 最后更新：14:59:01,,,,0,{'M': ''},0,0,N,,,buy,buy
2026-08-24 08:10:34,127054,双箭转债,sjzz,124.8,-0.08,002381,双箭股份,sjgf,5.47,-0.55,1.04,6.96,78.59,0,58.79,183.59,220602,基础化工,szmb,C,2022-03-15,[],0,0,buy,AA,,4.872,9.048,29.2,buy,2028-02-11,1.469,5.136,5019.41,2156.5,7.86,-6.16,,0,15:34:30,00,Y,N,0,0,Y,,2022-08-17 开始转股,计算使用1.5年期 评级为AA 债参考YTM：1.6217,N,5.136,全价：124.800 最后更新：15:34:30,,,,1,[],0,0,N,,,buy,buy
2026-08-24 08:10:34,113678,中贝转债,zbzz,140.717,-1.56,603220,中贝通信,zbtx,18.13,-1.84,2.47,20.47,88.57,0,58.88,199.6,730103,通信,shmb,C,2023-11-21,[],0,0,buy,A+,,14.329,26.611,5.3,buy,2029-10-19,3.156,5.106,7654.17,32775.02,10.61,-4.92,,0,14:59:56,00,Y,N,2,1,Y,转股价下修2次，成功下修1次,2024-04-25 开始转股,计算使用3.2年期 评级为A+ 债参考YTM：4.6035,N,5.17,全价：140.717 最后更新：14:59:56,,,,0,{'M': ''},0,0,N,,,buy,buy
2026-08-24 08:10:34,127114,宜化转债,yhzz,138.777,0.0,000422,湖北宜化,hbyh,12.28,0.24,1.73,14.08,87.22,133,59.12,197.9,220801,基础化工,szmb,C,2026-07-14,[],0,0,buy,AA+,,9.856,18.304,25.2,buy,2032-06-25,5.841,33.0,11243.99,19680.68,2.47,-3.39,,0,15:34:15,00,Y,Y,0,0,Y,,未到转股期；2027-01-04 开始转股,计算使用5.9年期 评级为AA+ 债参考YTM：1.9177,N,33.0,全价：138.777 最后更新：15:34:15,,,,0,{'M': ''},0,0,N,,,buy,buy
2026-08-24 08:10:34,113665,汇通转债,htzz,125.564,-0.03,603176,汇通集团,htjt,4.94,0.61,2.08,6.28,78.66,0,59.62,185.18,620306,建筑装饰,shmb,C,2023-01-11,[],0,0,buy,A+,,4.396,8.164,15.8,buy,2028-12-15,2.312,3.596,2755.0,1927.15,6.13,-2.52,,0,14:59:33,00,Y,N,1,1,Y,转股价下修1次，成功下修1次,2023-06-21 开始转股,计算使用2.4年期 评级为A+ 债参考YTM：4.4021,N,3.6,全价：125.564 最后更新：14:59:33,,,,0,[],0,0,N,,,buy,buy
2026-08-24 08:10:34,123281,中仑转债,zlzz,157.3,57.3,301565,中仑新材,zlxc,19.93,1.22,3.27,20.28,98.27,172,60.06,217.36,220505,基础化工,szcy,C,2026-08-24,[],0,0,buy,AA-,,14.196,26.364,41.9,buy,2032-08-05,5.953,10.68,6678.68,9984.92,4.15,-5.36,,0,15:33:57,00,Y,N,0,0,Y,,未到转股期；2027-02-12 开始转股,计算使用6.0年期 评级为AA- 债参考YTM：3.1900,N,10.68,全价：157.300 最后更新：15:33:57,,,,0,{'M': ''},1,0,N,,,buy,buy
2026-08-24 08:10:34,113688,国检转债,gjzz,135.069,-0.5,603060,国检集团,gjjt,5.4,-1.64,2.08,6.45,83.72,0,61.33,196.4,460802,社会服务,shmb,C,2024-11-12,[],0,0,buy,AA+,,4.515,8.385,18.4,buy,2030-10-17,4.151,7.997,2309.05,2419.39,2.14,-3.6,,0,14:59:31,00,Y,N,0,0,Y,,2025-04-23 开始转股,计算使用4.2年期 评级为AA+ 债参考YTM：1.7705,N,8.0,全价：135.069 最后更新：14:59:31,,,,0,[],0,0,N,,,buy,buy
2026-08-24 08:10:34,127108,太能转债,tnzz,123.924,-0.06,000591,太阳能,tyn,4.25,0.95,0.69,5.54,76.72,0,61.54,185.46,410106,公用事业,szmb,C,2025-04-16,[],0,0,buy,AA+,,3.878,7.202,17.8,buy,2031-03-28,4.595,29.498,6435.82,13404.37,1.76,-1.29,,0,15:34:09,00,Y,N,0,0,Y,,2025-10-09 开始转股,计算使用4.6年期 评级为AA+ 债参考YTM：1.7921,N,29.5,全价：123.924 最后更新：15:34:09,,,,0,{'M': ''},0,0,N,,,buy,buy
2026-08-24 08:10:34,127072,博实转债,bszz,135.01,-1.45,002698,博实股份,bsgf,12.37,-2.75,2.97,14.81,83.53,0,61.64,196.65,640701,机械设备,szmb,C,2022-11-03,[],0,0,buy,AA,,10.367,19.253,4.3,buy,2028-09-22,2.082,4.498,4694.61,14816.07,7.7,-7.44,,0,15:34:45,00,Y,N,0,0,Y,,2023-03-28 开始转股,计算使用2.1年期 评级为AA 债参考YTM：1.6774,N,4.5,全价：135.010 最后更新：15:34:45,,,,0,{'M': ''},0,0,N,,,buy,buy
2026-08-24 08:10:34,113699,金25转债,j25zz,192.533,-0.71,603979,金诚信,jcx,74.34,-1.01,3.99,62.8,118.38,0,62.65,255.18,240302,有色金属,shmb,C,2025-10-27,[],0,0,buy,AA,,43.96,81.64,4.3,buy,2031-09-26,5.093,19.998,21950.13,48159.79,5.65,-9.65,,0,14:59:57,00,Y,N,0,0,Y,,2026-04-10 开始转股,计算使用5.1年期 评级为AA 债参考YTM：1.8824,N,20.0,全价：192.533 最后更新：14:59:57,,,,0,{'M': ''},0,0,N,,,buy,buy
2026-08-24 08:10:34,127104,姚记转债,yjzz,143.41,-0.17,002605,姚记科技,yjkj,17.26,-1.26,1.82,19.58,88.15,0,62.69,206.1,720401,传媒,szmb,C,2024-02-26,[],0,0,buy,A+,,13.706,25.454,10.0,buy,2030-01-24,3.422,5.822,822.11,5696.8,0.99,-5.13,,0,15:34:36,00,Y,N,0,0,Y,,2024-07-31 开始转股,计算使用3.5年期 评级为A+ 债参考YTM：4.6372,N,5.831,全价：143.410 最后更新：15:34:36,,,,0,[],0,0,N,,,buy,buy
2026-08-24 08:10:34,127111,金威转债,jwzz,138.7,-1.09,002626,金达威,jdw,16.32,-1.86,2.22,19.19,85.04,0,63.09,201.79,340407,食品饮料,szmb,C,2025-09-08,[],0,0,buy,AA,,13.433,24.947,13.0,buy,2031-08-20,4.992,12.924,10504.66,12298.43,5.86,-4.0,,0,15:34:09,00,Y,N,0,0,Y,,2026-02-26 开始转股,计算使用5.0年期 评级为AA 债参考YTM：1.8727,N,12.924,全价：138.700 最后更新：15:34:09,,,,0,{'M': ''},0,0,N,,,buy,buy
2026-08-24 08:10:34,123195,蓝晓转02,lxz02,174.321,-2.01,300487,蓝晓科技,lxkj,63.24,-5.46,6.81,59.21,106.81,0,63.21,237.53,220504,基础化工,szcy,C,2023-05-08,[],0,0,buy,A+,,41.447,76.973,2.8,buy,2029-04-17,2.649,5.455,6932.3,41087.66,7.27,-13.57,,0,15:34:45,00,Y,N,0,0,Y,,2023-10-23 开始转股,计算使用2.7年期 评级为A+ 债参考YTM：4.4839,N,5.461,全价：174.321 最后更新：15:34:45,,,,0,{'M': ''},0,0,N,,,buy,buy
2026-08-24 08:10:34,127093,章鼓转债,zgzz,129.582,-0.28,002598,ST章鼓,sdzg,6.58,0.46,1.56,8.3,79.28,0,63.45,193.03,640106,机械设备,szmb,C,2023-11-03,[],0,0,buy,A,,5.81,10.79,12.9,buy,2029-10-17,3.151,2.425,480.52,827.36,1.53,-2.97,,0,15:34:39,00,Y,N,1,1,Y,转股价下修1次，成功下修1次,2024-04-23 开始转股,计算使用3.2年期 评级为A 债参考YTM：6.9535,N,2.43,全价：129.582 最后更新：15:34:39,,,,0,[],0,0,N,,,buy,buy
2026-08-24 08:10:34,113652,伟22转债,w22zz,126.56,-0.04,603568,伟明环保,wmhb,14.65,0.34,2.04,19.02,77.02,0,64.31,190.87,760103,环保,shmb,C,2022-08-12,[],0,0,buy,AA,,13.314,24.726,4.9,buy,2028-07-22,1.912,14.766,2623.4,9252.27,1.4,-6.34,,0,14:58:54,00,Y,N,2,2,Y,转股价下修2次，成功下修2次,2023-01-30 开始转股,计算使用2.0年期 评级为AA 债参考YTM：1.6688,N,14.77,全价：126.560 最后更新：14:58:54,,,,1,{'M': ''},0,0,N,,,buy,buy
2026-08-24 08:10:34,110090,爱迪转债,adzz,132.713,0.63,600933,爱柯迪,akd,13.84,0.8,1.44,17.15,80.7,0,64.45,197.16,280203,汽车,shmb,C,2022-10-28,[],0,0,buy,AA,,12.005,22.295,11.6,buy,2028-09-23,2.085,15.695,3212.64,9049.82,1.55,-7.63,,0,14:57:58,00,Y,N,0,0,Y,,2023-03-29 开始转股,计算使用2.1年期 评级为AA 债参考YTM：1.6774,N,15.7,全价：132.713 最后更新：14:57:58,,,,0,{'M': ''},0,0,N,,,buy,buy
2026-08-24 08:10:34,123224,宇邦转债,ybzz,134.5,-0.83,301266,宇邦新材,ybxc,22.83,-2.64,1.74,28.17,81.04,0,65.96,200.46,630504,电力设备,szcy,C,2023-10-18,[],0,0,buy,A+,,19.719,36.621,9.2,buy,2029-09-19,3.074,2.848,2707.91,9982.16,7.08,-3.8,,0,15:34:42,00,Y,N,1,1,Y,转股价下修1次，成功下修1次,2024-03-25 开始转股,计算使用3.1年期 评级为A+ 债参考YTM：4.5859,N,5.0,全价：134.500 最后更新：15:34:42,,,,0,{'M': ''},0,0,N,,,buy,buy
2026-08-24 08:10:34,123220,易瑞转债,yrzz,131.52,0.32,300942,易瑞生物,yrsw,6.98,3.87,3.16,8.85,78.87,0,66.76,198.28,370504,医药生物,szcy,C,2023-09-06,[],0,0,buy,A+,,6.195,11.505,10.3,buy,2029-08-18,2.986,2.907,54525.74,26861.87,140.35,-3.53,,0,15:34:39,00,Y,N,1,1,Y,转股价下修1次，成功下修1次,2024-02-26 开始转股,计算使用3.0年期 评级为A+ 债参考YTM：4.5639,N,3.28,全价：131.520 最后更新：15:34:39,,,,0,{'M': ''},0,0,N,,,buy,buy
2026-08-24 08:10:34,123237,佳禾转债,jhzz,133.945,-0.44,300793,佳禾智能,jhzn,10.81,-1.73,1.46,13.46,80.31,0,66.78,200.73,270504,电子,szcy,C,2024-01-24,[],0,0,buy,A+,,9.422,17.498,10.7,buy,2030-01-04,3.367,4.314,983.41,3562.77,1.7,-3.94,,0,15:34:03,00,Y,N,1,1,Y,转股价下修1次，成功下修1次,2024-07-10 开始转股,计算使用3.4年期 评级为A+ 债参考YTM：4.6283,N,10.04,全价：133.945 最后更新：15:34:03,,,,0,[],0,0,N,,,buy,buy
2026-08-24 08:10:34,110086,精工转债,jgzz,123.5,0.45,600496,精工钢构,jggg,3.37,0.9,0.71,4.57,73.74,0,67.48,190.98,620401,建筑装饰,shmb,C,2022-05-23,[],0,0,buy,AA,,3.199,5.941,29.8,buy,2028-04-22,1.663,19.999,2074.75,8424.0,0.84,-4.85,,0,14:59:56,00,Y,N,0,0,Y,,2022-10-28 开始转股,计算使用1.7年期 评级为AA 债参考YTM：1.6406,N,20.0,全价：123.500 最后更新：14:59:56,,,,1,{'M': ''},0,0,N,,,buy,buy
2026-08-24 08:10:34,113706,金帝转债,jdzz,152.06,0.65,603270,金帝股份,jdgf,27.77,-0.36,2.65,30.62,90.69,120,67.67,219.73,640108,机械设备,shmb,C,2026-07-10,[],0,0,buy,AA,,21.434,39.806,49.4,buy,2032-06-14,5.811,9.7,9224.56,8697.86,6.23,-4.22,,0,15:00:00,00,Y,N,0,0,Y,,未到转股期；2026-12-22 开始转股,计算使用5.9年期 评级为AA 债参考YTM：2.1130,N,9.7,全价：152.060 最后更新：15:00:00,,,,0,{'M': ''},0,0,N,,,buy,buy
2026-08-24 08:10:34,118074,特宝转债,tbzz,170.412,-1.56,688278,特宝生物,tbsw,59.47,-3.89,7.82,58.56,101.55,163,67.8,238.21,370304,医药生物,shkc,C,2026-08-13,[],0,0,buy,AA+,,40.992,76.128,6.3,buy,2032-07-27,5.929,15.33,16501.47,34667.87,6.31,-6.97,,0,14:59:57,00,Y,N,0,0,Y,,未到转股期；2027-02-03 开始转股,计算使用6.0年期 评级为AA+ 债参考YTM：1.9300,N,15.33,全价：170.412 最后更新：14:59:57,,,,0,{'M': ''},0,0,N,,,buy,buy
2026-08-24 08:10:34,123071,天能转债,tnzz,114.675,0.02,300569,天能重工,tnzg,4.56,-3.39,0.87,6.68,68.26,0,67.99,182.67,630602,电力设备,szcy,C,2020-11-25,[],0,0,buy,AA-,,4.676,8.684,14.9,buy,2026-10-21,0.159,6.937,3201.28,6582.08,4.02,1.81,,0,15:34:09,00,Y,N,2,2,Y,转股价下修2次，成功下修2次,2021-04-27 开始转股,计算使用0.2年期 评级为AA- 债参考YTM：1.6742,N,7.0,全价：114.675 最后更新：15:34:09,,,,1,{'M': ''},0,0,N,,,buy,buy
2026-08-24 08:10:34,127115,炬申转债,jszz,165.1,-0.54,001202,炬申股份,jsgf,13.48,-1.39,2.62,13.76,97.97,161,68.53,233.63,420802,交通运输,szmb,C,2026-08-13,[],0,0,buy,AA-,,9.632,17.888,24.1,buy,2032-07-23,5.918,3.8,8088.42,1969.47,12.87,-6.17,,0,15:34:18,00,Y,N,0,0,Y,,未到转股期；2027-02-01 开始转股,计算使用6.0年期 评级为AA- 债参考YTM：3.1900,N,3.8,全价：165.100 最后更新：15:34:18,,,,0,[],0,0,N,,,buy,buy
2026-08-24 08:10:34,118020,芳源转债,fyzz,118.164,0.28,688148,芳源股份,fygf,6.29,-0.32,6.02,9.0,69.89,0,69.07,187.23,630702,电力设备,shkc,C,2022-11-07,[],0,0,buy,BBB,,6.3,11.7,20.0,buy,2028-09-23,2.085,6.417,1751.04,10255.84,2.31,3.24,,0,14:59:16,00,Y,N,2,2,Y,转股价下修2次，成功下修2次,2023-03-29 开始转股,计算使用2.1年期 评级为BBB 债参考YTM：15.2930,N,6.42,全价：118.164 最后更新：14:59:16,,,,0,{'M': ''},0,0,N,,,buy,buy
2026-08-24 08:10:34,113692,保隆转债,blzz,131.369,0.07,603197,保隆科技,blkj,30.41,-0.88,1.99,39.16,77.66,0,69.17,200.54,280205,汽车,shmb,C,2024-11-27,[],0,0,buy,AA,,27.412,50.908,21.6,buy,2030-10-31,4.189,13.897,2678.69,7186.54,1.47,-3.5,,0,14:58:09,00,Y,N,0,0,Y,,2025-05-06 开始转股,计算使用4.2年期 评级为AA 债参考YTM：1.8336,N,13.9,全价：131.369 最后更新：14:58:09,,,,0,{'M': ''},0,0,N,,,buy,buy
2026-08-24 08:10:34,113694,清源转债,qyzz,126.188,0.36,603628,清源股份,qygf,9.55,0.1,1.96,12.85,74.32,0,69.79,195.98,630504,电力设备,shmb,C,2025-04-25,[],0,0,buy,A+,,8.995,16.705,19.2,buy,2031-04-08,4.625,4.999,1625.48,2722.12,2.58,-1.34,,0,14:59:22,00,Y,N,0,0,Y,,2025-10-14 开始转股,计算使用4.7年期 评级为A+ 债参考YTM：4.7326,N,5.0,全价：126.188 最后更新：14:59:22,,,,0,{'M': ''},0,0,N,,,buy,buy
2026-08-24 08:10:34,113682,益丰转债,yfzz,127.829,-0.55,603939,益丰药房,yfyf,23.65,-1.17,2.36,31.44,75.22,0,69.93,197.76,370403,医药生物,shmb,C,2024-03-27,[],0,0,buy,AA,,22.008,40.872,6.3,buy,2030-03-04,3.529,17.968,8487.29,25140.88,3.69,-3.18,,0,14:58:40,00,Y,N,0,0,Y,,2024-09-09 开始转股,计算使用3.6年期 评级为AA 债参考YTM：1.7764,N,17.97,全价：127.829 最后更新：14:58:40,,,,0,{'M': ''},0,0,N,,,buy,buy
2026-08-24 08:10:34,123122,富瀚转债,fhzz,127.1,-0.47,300613,富瀚微,fhw,68.4,-3.02,5.3,91.5,74.75,0,70.02,197.12,270104,电子,szcy,C,2021-08-24,[],0,0,buy,A+,,64.05,118.95,3.9,buy,2027-08-06,0.951,5.801,2577.28,57465.58,3.5,-10.04,,0,15:34:21,00,Y,N,0,0,Y,,2022-02-14 开始转股,计算使用1.0年期 评级为A+ 债参考YTM：4.1761,N,5.812,全价：127.100 最后更新：15:34:21,,,,1,{'M': ''},0,0,N,,,buy,buy
2026-08-24 08:10:34,110102,江农转债,jnzz,150.928,0.93,600389,江山股份,jsgf,18.28,-1.4,1.88,20.64,88.57,149,70.41,221.34,220803,基础化工,shmb,C,2026-08-05,[],0,0,buy,AA+,,14.448,26.832,15.1,buy,2032-07-13,5.89,11.85,8601.34,11356.6,4.83,-4.92,,0,14:59:59,00,Y,N,0,0,Y,,未到转股期；2027-01-20 开始转股,计算使用5.9年期 评级为AA+ 债参考YTM：1.9177,N,11.85,全价：150.928 最后更新：14:59:59,,,,0,{'M': ''},0,0,N,,,buy,buy
2026-08-24 08:10:34,110100,龙建转债,ljzz,121.6,-0.45,600853,龙建股份,ljgf,3.27,0.62,0.78,4.59,71.24,0,70.69,192.29,620306,建筑装饰,shmb,C,2026-02-12,[],0,0,buy,AA,,3.213,5.967,30.2,buy,2032-01-22,5.416,10.0,5548.7,3771.29,4.56,-1.28,,0,14:59:59,00,Y,N,0,0,Y,,2026-07-28 开始转股,计算使用5.5年期 评级为AA 债参考YTM：1.9824,N,10.0,全价：121.600 最后更新：14:59:59,,,,0,[],0,0,N,,,buy,buy
2026-08-24 08:10:34,113674,华设转债,hszz,127.834,-0.28,603018,华设集团,hsjt,5.2,-0.19,0.78,6.95,74.82,0,70.86,198.69,620601,建筑装饰,shmb,C,2023-08-15,[],0,0,buy,AA,,4.865,9.035,9.4,buy,2029-07-21,2.91,3.999,1398.25,2494.56,2.74,-3.54,,0,14:58:51,00,Y,N,0,0,Y,,2024-01-29 开始转股,计算使用3.0年期 评级为AA 债参考YTM：1.7239,N,4.0,全价：127.834 最后更新：14:58:51,,,,0,{'M': ''},0,0,N,,,buy,buy
2026-08-24 08:10:34,111020,合顺转债,hszz,132.648,-0.53,605166,聚合顺,jhs,8.17,-2.16,1.27,10.53,77.59,0,70.96,203.61,220406,基础化工,shmb,C,2024-08-15,[],0,0,buy,AA-,,7.371,13.689,13.1,buy,2030-07-22,3.912,3.38,1874.24,3469.39,4.17,-2.72,,0,14:59:05,00,Y,N,0,0,Y,,2025-01-27 开始转股,计算使用4.0年期 评级为AA- 债参考YTM：2.3176,N,3.38,全价：132.648 最后更新：14:59:05,,,,0,[],0,0,N,,,buy,buy
2026-08-24 08:10:34,123216,科顺转债,kszz,122.973,-0.02,300737,科顺股份,ksgf,4.75,-1.25,1.31,6.61,71.86,0,71.13,194.1,610304,建筑材料,szcy,C,2023-08-23,[],0,0,buy,AA-,,4.627,8.593,52.1,buy,2029-08-04,2.948,21.959,2271.76,9192.99,0.84,-1.33,,0,15:34:36,00,Y,N,2,1,Y,转股价下修2次，成功下修1次,2024-02-19 开始转股,计算使用3.0年期 评级为AA- 债参考YTM：2.2139,N,21.98,全价：122.973 最后更新：15:34:36,,,,0,{'M': ''},0,0,N,,,buy,buy
2026-08-24 08:10:34,113698,凯众转债,kzzz,136.93,-0.19,603037,凯众股份,kzgf,10.04,-1.47,2.61,12.55,80.0,0,71.16,208.09,280203,汽车,shmb,C,2025-09-10,[],0,0,buy,AA-,,8.785,16.315,11.5,buy,2031-08-15,4.978,3.079,2048.7,2227.76,4.87,-3.75,,0,14:59:47,00,Y,N,0,0,Y,,2026-02-24 开始转股,计算使用5.0年期 评级为AA- 债参考YTM：2.4027,N,3.08,全价：136.930 最后更新：14:59:47,,,,0,[],0,0,N,,,buy,buy
2026-08-24 08:10:34,113705,豪26转债,h26zz,140.25,-0.11,603809,豪能股份,hngf,8.79,-1.24,2.07,10.74,81.84,120,71.36,211.61,280203,汽车,shmb,C,2026-07-10,[],0,0,buy,AA-,,6.444,13.962,22.3,buy,2032-06-14,5.811,18.0,3041.65,6225.46,1.21,-3.59,,0,14:59:30,00,Y,N,0,0,Y,,未到转股期；2026-12-22 开始转股,计算使用5.9年期 评级为AA- 债参考YTM：3.1384,N,18.0,全价：140.250 最后更新：14:59:30,,,,0,{'M': ''},0,0,N,,,buy,buy
2026-08-24 08:10:34,123272,中汽转债,zqzz,153.105,-0.13,301215,中汽股份,zqgf,5.35,2.49,2.39,5.99,89.32,115,71.42,224.53,280303,汽车,szcy,C,2026-06-30,[],0,0,buy,AA+,,4.193,7.787,14.7,buy,2032-06-10,5.8,10.39,5297.31,13315.11,3.32,-5.24,,0,15:34:51,00,Y,N,0,0,Y,,未到转股期；2026-12-17 开始转股,计算使用5.8年期 评级为AA+ 债参考YTM：1.9045,N,10.39,全价：153.105 最后更新：15:34:51,,,,0,{'M': ''},0,0,N,,,buy,buy
2026-08-24 08:10:34,123214,东宝转债,dbzz,129.029,-1.13,300239,东宝生物,dbsw,4.98,-5.5,1.7,6.62,75.23,0,71.52,200.55,370304,医药生物,szcy,C,2023-08-18,[],0,0,buy,A+,,4.634,8.606,15.5,buy,2029-07-31,2.937,4.549,1511.87,8610.45,2.58,-3.47,,0,15:34:48,00,Y,N,0,0,Y,,2024-02-05 开始转股,计算使用3.0年期 评级为A+ 债参考YTM：4.5639,N,4.55,全价：129.029 最后更新：15:34:48,,,,0,[],0,0,N,,,buy,buy
2026-08-24 08:10:34,110095,双良转债,slzz,116.797,-0.47,600481,双良节能,sljn,4.19,-0.48,1.95,6.18,67.8,0,72.27,189.07,630501,电力设备,shmb,C,2023-09-08,[],0,0,buy,AA-,,4.326,8.034,16.2,buy,2029-08-08,2.959,14.006,4876.28,17268.05,2.99,-1.04,,0,14:59:23,00,Y,N,2,2,Y,转股价下修2次，成功下修2次,2024-02-19 开始转股,计算使用3.0年期 评级为AA- 债参考YTM：2.2139,N,26.0,全价：116.797 最后更新：14:59:23,,,,0,{'M': ''},0,0,N,,,buy,buy
2026-08-24 08:10:34,123269,金杨转债,jyzz,145.189,-0.08,301210,金杨精密,jygf,23.78,-1.16,1.88,28.24,84.21,63,72.42,217.61,630701,电力设备,szcy,C,2026-05-11,[],0,0,buy,AA-,,19.768,36.712,67.7,buy,2032-04-19,5.658,9.8,2213.1,7638.66,1.56,-4.28,,0,15:34:51,00,Y,N,0,0,Y,,未到转股期；2026-10-26 开始转股,计算使用5.7年期 评级为AA- 债参考YTM：2.9703,N,9.8,全价：145.189 最后更新：15:34:51,,,,0,{'M': ''},1,0,N,,,buy,buy
2026-08-24 08:10:34,127069,小熊转债,xxzz,128.37,-0.48,002959,小熊电器,xxdq,32.53,-1.69,1.71,43.71,74.42,0,72.49,200.86,330301,家用电器,szmb,C,2022-09-07,[],0,0,buy,AA-,,30.597,56.823,11.1,buy,2028-08-12,1.97,5.041,1337.92,1906.49,2.07,-4.44,,0,15:34:27,00,Y,N,1,1,Y,转股价下修1次，成功下修1次,2023-02-20 开始转股,计算使用2.0年期 评级为AA- 债参考YTM：1.9788,N,5.36,全价：128.370 最后更新：15:34:27,,,,1,{'M': ''},0,0,N,,,buy,buy
2026-08-24 08:10:34,111021,奥锐转债,arzz,136.606,-0.5,605116,奥锐特,art,19.48,-2.36,2.91,24.6,79.19,0,72.51,209.12,370101,医药生物,shmb,C,2024-08-15,[],0,0,buy,AA-,,17.22,31.98,10.3,buy,2030-07-26,3.923,8.121,3924.5,9658.9,3.55,-3.45,,0,14:59:21,00,Y,N,0,0,Y,,2025-02-05 开始转股,计算使用4.0年期 评级为AA- 债参考YTM：2.3176,N,8.121,全价：136.606 最后更新：14:59:21,,,,0,[],0,0,N,,,buy,buy
2026-08-24 08:10:34,123252,银邦转债,ybzz,135.4,0.2,300337,银邦股份,ybgf,9.76,0.41,4.47,12.5,78.08,0,73.41,208.81,240301,有色金属,szcy,C,2025-01-24,[],0,0,buy,AA-,,8.75,16.25,11.3,buy,2031-01-06,4.373,7.846,3146.9,12840.01,2.97,-3.23,,0,15:34:06,00,Y,N,0,0,Y,,2025-07-14 开始转股,计算使用4.4年期 评级为AA- 债参考YTM：2.3544,N,7.85,全价：135.400 最后更新：15:34:06,,,,0,{'M': ''},0,0,N,,,buy,buy
2026-08-24 08:10:34,123124,晶瑞转2,jrz2,138.896,-0.97,300655,晶瑞电材,jrdc,12.66,-1.09,5.34,15.88,79.72,0,74.22,213.12,270601,电子,szcy,C,2021-09-07,[],0,0,buy,A+,,11.116,20.644,3.7,buy,2027-08-16,0.978,5.224,4518.58,37302.49,6.24,-23.48,,1,15:34:27,00,Y,N,1,0,Y,转股价下修1次，成功下修0次,2022-02-21 开始转股,计算使用1.0年期 评级为A+ 债参考YTM：4.1761,N,5.23,全价：138.896 最后更新：15:34:27,,,,1,{'M': ''},0,0,N,,23年6月前不下修,buy,buy
2026-08-24 08:10:34,113053,隆22转债,l22zz,121.039,-0.41,601012,隆基绿能,ljln,12.15,-2.17,1.81,17.5,69.43,0,74.34,195.38,630502,电力设备,shmb,C,2022-02-17,[],0,0,buy,AAA,,12.25,22.75,7.6,buy,2028-01-05,1.367,69.951,3564.07,75320.55,0.42,-7.72,,0,14:59:35,00,Y,N,1,1,Y,转股价下修1次，成功下修1次,2022-07-11 开始转股,计算使用1.4年期 评级为AAA 债参考YTM：1.5595,N,70.0,全价：121.039 最后更新：14:59:35,,,,1,{'M': ''},0,0,N,,,buy,buy
2026-08-24 08:10:34,123271,通合转债,thzz,161.38,0.69,300491,通合科技,thkj,30.7,3.75,4.52,33.18,92.53,106,74.42,235.8,630306,电力设备,szcy,C,2026-06-17,[],0,0,buy,AA,,23.226,43.134,10.8,buy,2032-06-01,5.775,5.219,10106.92,38117.92,12.03,-5.23,,0,15:34:18,00,Y,N,0,0,Y,,未到转股期；2026-12-08 开始转股,计算使用5.8年期 评级为AA 债参考YTM：2.0824,N,5.22,全价：161.380 最后更新：15:34:18,,,,0,[],0,0,N,,,buy,buy
2026-08-24 08:10:34,127102,浙建转债,zjzz,121.027,-0.04,002761,浙江建投,zjjt,7.04,-0.71,0.89,10.17,69.22,0,74.84,195.87,620101,建筑装饰,szmb,C,2024-01-16,[],0,0,buy,AA+,,7.119,13.221,13.1,buy,2029-12-25,3.34,9.951,2385.6,4852.84,1.98,-2.36,,0,15:34:03,00,Y,N,0,0,Y,,2024-07-01 开始转股,计算使用3.4年期 评级为AA+ 债参考YTM：1.7128,N,10.0,全价：121.027 最后更新：15:34:03,,,,0,{'M': ''},0,0,N,,,buy,buy
2026-08-24 08:10:34,118072,鼎通转债,dtzz,176.516,-2.46,688668,鼎通科技,dtkj,248.0,-1.5,15.29,246.0,100.81,128,75.09,251.61,730204,通信,shkc,C,2026-07-17,[],0,0,buy,A+,,172.2,319.8,2.7,buy,2032-06-23,5.836,9.3,21125.32,112527.48,12.81,-6.77,,0,14:59:58,00,Y,N,1,1,Y,转股价下修1次，成功下修1次,未到转股期；2026-12-30 开始转股,计算使用5.9年期 评级为A+ 债参考YTM：5.4883,N,9.3,全价：176.516 最后更新：14:59:58,,,,0,{'M': ''},0,0,N,,,buy,buy
2026-08-24 08:10:34,118034,晶能转债,jnzz,119.901,0.05,688223,晶科能源,jkny,4.33,-1.37,1.72,6.35,68.19,0,75.84,195.74,630502,电力设备,shkc,C,2023-05-19,[],0,0,buy,AA+,,4.445,7.62,18.7,buy,2029-04-20,2.658,83.22,11495.37,28062.8,1.15,-2.81,,0,14:59:57,00,Y,N,2,1,Y,转股价下修2次，成功下修1次,2023-10-26 开始转股,计算使用2.7年期 评级为AA+ 债参考YTM：1.6753,Y,100.0,全价：119.901 最后更新：14:59:57,,,"按下调到底估算
股东大会：2026-09-03
预估转股价：4.43
预估转股价值：97.74
期权价值：35.85
理论价值：142.42
理论偏离度：-18.78%",0,{'M': ''},0,0,N,120%,,buy,buy
2026-08-24 08:10:34,127049,希望转2,xwz2,113.98,-0.88,000876,新希望,xxw,6.86,-0.58,1.41,10.59,64.78,0,75.95,189.93,110402,农林牧渔,szmb,C,2021-11-29,[],0,0,buy,AAA,,7.413,13.767,26.4,buy,2027-11-02,1.192,81.434,5442.41,17748.22,0.59,-4.03,,0,15:34:24,00,Y,N,1,1,Y,转股价下修1次，成功下修1次,2022-05-09 开始转股,计算使用1.2年期 评级为AAA 债参考YTM：1.5502,N,81.5,全价：113.980 最后更新：15:34:24,,,,1,{'M': ''},0,0,Y,,,buy,buy
2026-08-24 08:10:34,110101,宝钛转债,btzz,155.784,0.08,600456,宝钛股份,btgf,27.23,-0.44,1.8,30.98,87.9,128,77.24,233.02,240504,有色金属,shmb,C,2026-07-16,[],0,0,buy,AAA,,21.686,40.274,26.9,buy,2032-06-23,5.836,35.0,7279.99,14255.45,1.34,-5.92,,0,14:59:43,00,Y,N,0,0,Y,,未到转股期；2026-12-30 开始转股,计算使用5.9年期 评级为AAA 债参考YTM：1.7918,N,35.0,全价：155.784 最后更新：14:59:43,,,,0,{'M': ''},0,0,N,,,buy,buy
2026-08-24 08:10:34,127083,山路转债,slzz,118.982,0.48,000498,山东路桥,sdlq,4.98,1.22,0.29,7.42,67.12,0,77.28,196.26,620306,建筑装饰,szmb,C,2023-04-26,[],0,0,buy,AAA,,5.194,9.646,67.0,buy,2029-03-24,2.584,48.359,2092.91,4258.81,0.36,-2.6,,0,15:34:51,00,Y,N,0,0,Y,,2023-10-09 开始转股,计算使用2.6年期 评级为AAA 债参考YTM：1.6128,N,48.36,全价：118.982 最后更新：15:34:51,,,,0,{'M': ''},0,0,N,,,buy,buy
2026-08-24 08:10:34,123268,本川转债,bczz,181.851,-2.31,300964,本川智能,bczn,55.44,-2.6,5.81,54.13,102.42,60,77.55,259.4,270202,电子,szcy,C,2026-05-07,[],0,0,buy,AA-,,37.891,70.369,9.8,buy,2032-04-16,5.649,4.69,12347.6,18552.79,14.51,-7.35,,0,15:34:48,00,Y,N,0,0,Y,,未到转股期；2026-10-23 开始转股,计算使用5.7年期 评级为AA- 债参考YTM：2.9703,N,4.69,全价：181.851 最后更新：15:34:48,,,,0,{'M': ''},0,0,N,,,buy,buy
2026-08-24 08:10:34,118037,上声转债,sszz,128.057,-0.03,688533,上声电子,ssdz,20.64,-1.01,1.88,28.64,72.07,0,77.69,205.75,280206,汽车,shkc,C,2023-08-01,[],0,0,buy,A+,,20.048,37.232,13.7,buy,2029-07-06,2.869,4.679,968.29,1540.63,1.62,-3.86,,0,14:59:14,00,Y,N,2,1,Y,转股价下修2次，成功下修1次,2024-01-12 开始转股,计算使用2.9年期 评级为A+ 债参考YTM：4.5385,N,5.2,全价：128.057 最后更新：14:59:14,,,,0,{'M': ''},0,0,N,,,buy,buy
2026-08-24 08:10:34,123259,锦浪转02,jlz02,154.1,-0.55,300763,锦浪科技,jlkj,62.65,-0.81,2.73,72.41,86.52,0,78.11,232.21,630503,电力设备,szcy,C,2025-11-06,[],0,0,buy,AA,,50.687,94.133,8.3,buy,2031-10-17,5.151,16.763,4688.99,54056.38,1.81,-5.7,,0,15:34:39,00,Y,N,1,1,Y,转股价下修1次，成功下修1次,2026-04-23 开始转股,计算使用5.2年期 评级为AA 债参考YTM：1.8996,N,16.766,全价：154.100 最后更新：15:34:39,,,,0,"{'G': '本次（2026年4月23日至2026年5月20日）不提前赎回，以2027年5月21日为首个交易日重新计算', 'M': ''}",0,0,N,,,buy,buy
2026-08-24 08:10:34,123223,九典转02,jdz02,134.0,-1.54,300705,九典制药,jdzy,10.92,-5.62,2.03,14.55,75.05,0,78.54,212.54,370102,医药生物,szcy,C,2023-10-13,[],0,0,buy,A+,,10.185,18.915,5.1,buy,2029-09-15,3.063,2.052,3163.0,20004.29,11.46,-4.16,,0,15:33:54,00,Y,N,0,0,Y,,2024-03-21 开始转股,计算使用3.1年期 评级为A+ 债参考YTM：4.5859,N,3.6,全价：134.000 最后更新：15:33:54,,,,0,[],0,0,N,,,buy,buy
2026-08-24 08:10:34,123253,永贵转债,ygzz,133.6,-0.26,300351,永贵电器,ygdq,13.6,-1.88,2.14,18.19,74.77,0,78.69,212.29,640501,机械设备,szcy,C,2025-03-28,[],0,0,buy,AA-,,12.733,23.647,27.3,buy,2031-03-13,4.553,9.797,2026.3,9198.89,1.55,-2.81,,0,15:34:06,00,Y,N,0,0,Y,,2025-09-19 开始转股,计算使用4.6年期 评级为AA- 债参考YTM：2.3705,N,9.8,全价：133.600 最后更新：15:34:06,,,,0,{'M': ''},0,0,N,,,buy,buy
2026-08-24 08:10:34,123276,久吾转02,jwz02,160.98,-1.82,300631,久吾高科,jwgk,21.42,-1.06,1.97,23.78,90.08,154,78.72,239.7,760201,环保,szcy,C,2026-08-04,[],0,0,buy,A+,,16.646,30.914,11.5,buy,2032-07-19,5.907,3.0,8924.57,2734.54,18.35,-5.07,,0,15:34:03,00,Y,N,0,0,Y,,未到转股期；2027-01-25 开始转股,计算使用6.0年期 评级为A+ 债参考YTM：5.5400,N,3.0,全价：160.980 最后更新：15:34:03,,,,0,[],0,0,N,,,buy,buy
2026-08-24 08:10:34,113696,伯25转债,b25zz,131.828,0.12,603596,伯特利,btl,25.75,2.51,2.8,35.16,73.24,0,80.0,211.83,280203,汽车,shmb,C,2025-07-28,[],0,0,buy,AA,,24.612,45.708,12.1,buy,2031-07-01,4.855,28.017,5669.31,50931.14,1.54,-3.09,,0,14:59:28,00,Y,N,0,0,Y,,2026-01-07 开始转股,计算使用4.9年期 评级为AA 债参考YTM：1.8675,N,28.02,全价：131.828 最后更新：14:59:28,,,,0,{'M': ''},0,0,N,,,buy,buy
2026-08-24 08:10:34,123215,铭利转债,mlzz,123.636,0.03,301268,铭利达,mld,13.17,-0.23,3.34,19.19,68.63,0,80.15,203.79,640108,机械设备,szcy,C,2023-08-23,[],0,0,buy,A+,,13.433,24.947,17.9,buy,2029-08-03,2.945,8.555,2427.84,3317.84,2.3,-0.6,,0,15:33:57,00,Y,N,1,1,Y,转股价下修1次，成功下修1次,2024-02-19 开始转股,计算使用3.0年期 评级为A+ 债参考YTM：4.5639,N,10.0,全价：123.636 最后更新：15:33:57,,,,0,{'M': ''},0,0,N,,,buy,buy
2026-08-24 08:10:34,111025,圣泉转债,sqzz,159.828,-1.17,605589,圣泉集团,sqjt,37.52,-3.55,2.94,42.38,88.53,130,80.53,240.36,220504,基础化工,shmb,C,2026-07-21,[],0,0,buy,AA+,,29.666,55.094,7.9,buy,2032-06-24,5.838,25.0,19182.24,95532.45,4.85,-6.04,,0,14:59:59,00,Y,N,1,1,Y,转股价下修1次，成功下修1次,未到转股期；2027-01-01 开始转股,计算使用5.9年期 评级为AA+ 债参考YTM：1.9177,N,25.0,全价：159.828 最后更新：14:59:59,,,,0,{'M': ''},0,0,N,,,buy,buy
2026-08-24 08:10:34,123279,天脉转债,tmzz,170.999,-0.68,301626,苏州天脉,sztm,251.98,-1.53,18.04,267.33,94.26,168,81.42,252.42,270504,电子,szcy,C,2026-08-18,[],0,0,buy,AA,,187.131,347.529,5.9,buy,2032-08-02,5.945,7.86,24665.45,40625.45,18.31,-6.72,,0,15:34:18,00,Y,N,0,0,Y,,未到转股期；2027-02-08 开始转股,计算使用6.0年期 评级为AA 债参考YTM：2.1400,N,7.86,全价：170.999 最后更新：15:34:18,,,,0,{'M': ''},0,0,N,,,buy,buy
2026-08-24 08:10:34,111004,明新转债,mxzz,126.144,-0.6,605068,明新旭腾,mxxt,16.92,-1.57,1.63,24.37,69.43,0,81.69,207.83,280202,汽车,shmb,C,2022-04-25,[],0,0,buy,AA-,,17.059,31.681,24.5,buy,2028-03-30,1.6,6.715,3518.21,5634.73,4.15,-4.4,,0,14:59:55,00,Y,N,0,0,Y,,2022-10-10 开始转股,计算使用1.6年期 评级为AA- 债参考YTM：1.9240,N,6.73,全价：126.144 最后更新：14:59:55,,,,1,[],0,0,N,,,buy,buy
2026-08-24 08:10:34,118063,金05转债,j05zz,155.241,0.67,688676,金盘科技,jpkj,75.35,-0.86,6.54,88.6,85.05,0,82.54,237.78,630801,电力设备,shkc,C,2026-01-14,[],0,0,buy,AA+,,62.02,115.18,4.8,buy,2031-12-25,5.34,16.708,13604.34,147249.6,5.26,-6.08,,0,14:59:59,00,Y,N,0,0,Y,,2026-07-01 开始转股,计算使用5.4年期 评级为AA+ 债参考YTM：1.8506,N,16.71,全价：155.241 最后更新：14:59:59,,,,0,{'M': ''},0,0,N,,,buy,buy
2026-08-24 08:10:34,111024,澳弘转债,ahzz,144.74,-0.61,605058,澳弘电子,ahdz,26.5,-1.45,2.06,33.54,79.01,0,83.19,227.93,270202,电子,shmb,C,2026-01-16,[],0,0,buy,AA-,,23.478,43.602,15.3,buy,2031-12-11,5.301,5.799,2750.89,4323.65,3.28,-4.19,,0,14:58:14,00,Y,N,0,0,Y,,2026-06-17 开始转股,计算使用5.4年期 评级为AA- 债参考YTM：2.6561,N,5.8,全价：144.740 最后更新：14:58:14,,,,0,[],0,0,N,,,buy,buy
2026-08-24 08:10:34,123229,艾录转债,alzz,131.712,-0.35,301062,上海艾录,shal,7.14,-2.19,2.28,9.95,71.76,0,83.55,215.26,360205,轻工制造,szcy,C,2023-11-20,[],0,0,buy,A,,6.965,12.935,9.1,buy,2029-10-23,3.167,1.779,3378.78,12316.74,14.47,-2.89,,0,15:34:33,00,Y,N,0,0,Y,,2024-04-29 开始转股,计算使用3.2年期 评级为A 债参考YTM：6.9535,N,5.0,全价：131.712 最后更新：15:34:33,,,,0,{'M': ''},0,0,N,,,buy,buy
2026-08-24 08:10:34,111018,华康转债,hkzz,124.02,0.06,605077,华康股份,hkgf,10.78,0.0,1.03,15.96,67.54,0,83.61,207.63,220315,基础化工,shmb,C,2024-01-15,[],0,0,buy,AA-,,11.172,20.748,40.3,buy,2029-12-25,3.34,13.022,2660.78,3792.41,1.65,-1.18,,0,14:59:00,00,Y,N,0,0,Y,,2024-07-01 开始转股,计算使用3.4年期 评级为AA- 债参考YTM：2.2743,N,13.03,全价：124.020 最后更新：14:59:00,,,,0,[],0,0,N,,,buy,buy
2026-08-24 08:10:34,118071,华峰转债,hfzz,223.55,-0.37,688200,华峰测控,hfck,405.99,-1.58,19.46,335.79,120.91,127,84.9,308.45,270108,电子,shkc,C,2026-07-17,[],0,0,buy,AA,,235.053,436.527,0.9,buy,2032-06-22,5.833,7.49,55309.75,162409.72,32.98,-11.07,,0,15:00:00,00,Y,N,0,0,Y,,未到转股期；2026-12-29 开始转股,计算使用5.9年期 评级为AA 债参考YTM：2.1130,N,7.49,全价：223.550 最后更新：15:00:00,,,,0,{'M': ''},0,0,N,,,buy,buy
2026-08-24 08:10:34,123193,海能转债,hnzz,126.762,-0.46,300787,海能实业,hnsy,9.91,-1.29,1.83,14.5,68.35,0,85.47,212.23,270504,电子,szcy,C,2023-05-09,[],0,0,buy,AA-,,10.15,18.85,30.8,buy,2029-04-13,2.638,5.997,1645.42,5597.7,2.16,-2.56,,0,15:34:33,00,Y,N,0,0,Y,,2023-10-19 开始转股,计算使用2.7年期 评级为AA- 债参考YTM：2.1376,N,6.0,全价：126.762 最后更新：15:34:33,,,,0,[],0,0,N,,,buy,buy
2026-08-24 08:10:34,123165,回天转债,htzz,131.064,-0.56,300041,回天新材,htxc,10.6,-2.21,1.87,15.05,70.43,0,86.09,217.15,220316,基础化工,szcy,C,2022-11-15,[],0,0,buy,AA-,,10.535,19.565,14.7,buy,2028-10-27,2.178,8.496,1162.59,16982.68,1.04,-4.61,,0,15:34:27,00,Y,N,0,0,Y,,2023-05-04 开始转股,计算使用2.2年期 评级为AA- 债参考YTM：2.0140,N,8.5,全价：131.064 最后更新：15:34:27,,,,0,{'M': ''},0,0,N,,,buy,buy
2026-08-24 08:10:34,123154,火星转债,hxzz,126.64,0.03,300894,火星人,hxr,10.86,-2.6,4.18,16.0,67.88,0,86.58,213.22,330401,家用电器,szcy,C,2022-08-23,[],0,0,buy,A+,,11.2,20.8,16.6,buy,2028-08-05,1.951,5.289,3968.57,6333.79,5.94,-4.02,,0,15:34:21,00,Y,N,1,1,Y,转股价下修1次，成功下修1次,2023-02-13 开始转股,计算使用2.0年期 评级为A+ 债参考YTM：4.3188,N,5.29,全价：126.640 最后更新：15:34:21,,,,1,{'M': ''},0,0,N,,,buy,buy
2026-08-24 08:10:34,123168,惠云转债,hyzz,127.907,0.14,300891,惠云钛业,hyty,7.34,0.69,2.31,10.74,68.34,0,87.16,215.07,220206,基础化工,szcy,C,2022-12-14,[],0,0,buy,AA-,,7.518,13.962,20.0,buy,2028-11-23,2.252,4.899,1529.47,3942.12,2.45,-3.33,,0,15:34:27,00,Y,N,0,0,Y,,2023-05-29 开始转股,计算使用2.3年期 评级为AA- 债参考YTM：2.0358,N,4.9,全价：127.907 最后更新：15:34:27,,,,0,{'M': ''},0,0,N,,,buy,buy
2026-08-24 08:10:34,113703,翔26转债,x26zz,136.471,-1.27,603112,华翔股份,hxgf,15.96,-1.78,1.91,21.94,72.74,112,87.6,224.07,330601,家用电器,shmb,C,2026-07-07,[],0,0,buy,AA-,,15.358,28.522,15.2,buy,2032-06-07,5.792,13.01,5879.87,14405.41,3.31,-2.84,,0,14:59:58,00,Y,N,0,0,Y,,未到转股期；2026-12-14 开始转股,计算使用5.8年期 评级为AA- 债参考YTM：3.0629,N,13.01,全价：136.471 最后更新：14:59:58,,,,0,[],0,0,N,,,buy,buy
2026-08-24 08:10:34,113647,禾丰转债,hfzz,118.681,0.3,603609,禾丰股份,hfgf,6.32,0.96,0.86,10.09,62.64,0,89.48,208.16,110402,农林牧渔,shmb,C,2022-05-18,[],0,0,buy,AA,,7.063,13.117,25.7,buy,2028-04-22,1.663,14.669,2111.42,2162.13,1.21,-2.52,,0,14:58:45,00,Y,N,0,0,Y,,2022-10-28 开始转股,计算使用1.7年期 评级为AA 债参考YTM：1.6406,N,15.0,全价：118.681 最后更新：14:58:45,,,,0,{'M': ''},0,0,N,,,buy,buy
2026-08-24 08:10:34,113627,太平转债,tpzz,115.182,-0.23,603877,太平鸟,tpn,12.51,0.08,1.32,20.61,60.7,0,89.76,204.94,350209,纺织服饰,shmb,C,2021-08-06,[],0,0,buy,AA,,14.427,26.793,13.6,buy,2027-07-15,0.89,7.997,1250.23,1259.2,1.36,-5.07,,0,14:58:56,00,Y,N,1,1,Y,转股价下修1次，成功下修1次,2022-01-21 开始转股,计算使用0.9年期 评级为AA 债参考YTM：1.5653,N,8.0,全价：115.182 最后更新：14:58:56,,,,1,{'M': ''},0,0,N,,,buy,buy
2026-08-24 08:10:34,118070,南芯转债,nxzz,152.336,-0.93,688484,南芯科技,nxkj,34.85,-3.49,3.72,43.71,79.73,123,91.06,243.4,270105,电子,shkc,C,2026-07-10,[],0,0,buy,AA+,,30.597,56.823,10.6,buy,2032-06-17,5.819,15.869,9374.12,26203.53,3.89,-5.14,,0,14:59:55,00,Y,N,0,0,Y,,未到转股期；2026-12-25 开始转股,计算使用5.9年期 评级为AA+ 债参考YTM：1.9177,N,15.869,全价：152.336 最后更新：14:59:55,,,,0,{'M': ''},1,0,N,,,buy,buy
2026-08-24 08:10:34,118052,浩瀚转债,hhzz,134.404,0.04,688292,浩瀚深度,hhsd,17.0,-0.29,2.67,24.2,70.25,0,91.33,225.73,710103,计算机,shkc,C,2025-04-07,[],0,0,buy,A+,,16.94,31.46,13.1,buy,2031-03-13,4.553,3.539,1738.26,4283.67,3.66,-2.55,,0,14:59:43,00,Y,N,0,0,Y,,2025-09-19 开始转股,计算使用4.6年期 评级为A+ 债参考YTM：4.7264,N,3.54,全价：134.404 最后更新：14:59:43,,,,0,{'M': ''},0,0,N,,,buy,buy
2026-08-24 08:10:34,113702,斯达转债,sdzz,170.622,-0.43,603290,斯达半导,sdbd,92.99,-5.07,3.2,104.79,88.74,59,92.27,262.89,270102,电子,shmb,C,2026-05-11,[],0,0,buy,AA+,,73.353,136.227,6.7,buy,2032-04-15,5.647,15.0,42465.53,129341.71,16.49,-7.33,,0,14:59:59,00,Y,N,0,0,Y,,未到转股期；2026-10-22 开始转股,计算使用5.7年期 评级为AA+ 债参考YTM：1.8909,N,15.0,全价：170.622 最后更新：14:59:59,,,,0,{'M': ''},0,0,N,,,buy,buy
2026-08-24 08:10:34,127038,国微转债,gwzz,121.19,-0.71,002049,紫光国微,zggw,60.99,-2.65,3.59,97.01,62.87,0,92.76,213.95,270104,电子,szmb,C,2021-07-14,[],0,0,buy,AA+,,67.907,126.113,2.9,buy,2027-06-10,0.795,14.915,2566.79,103463.33,1.42,-11.66,,0,15:34:36,00,Y,N,0,0,Y,,2021-12-17 开始转股,计算使用0.8年期 评级为AA+ 债参考YTM：1.5360,N,15.0,全价：121.190 最后更新：15:34:36,,,,1,{'M': ''},0,0,N,,,buy,buy
2026-08-24 08:10:34,118024,冠宇转债,gyzz,123.781,-0.59,688772,珠海冠宇,zhgy,14.4,-2.96,2.16,22.51,63.97,0,93.49,217.27,630701,电力设备,shkc,C,2022-11-17,[],0,0,buy,AA,,15.757,27.012,18.8,buy,2028-10-24,2.17,30.889,3343.35,25859.71,0.87,-3.28,,0,14:59:58,00,Y,N,0,0,Y,,2023-04-28 开始转股,计算使用2.2年期 评级为AA 债参考YTM：1.6847,N,30.89,全价：123.781 最后更新：14:59:58,,,,0,{'M': ''},0,0,N,120%,,buy,buy
2026-08-24 08:10:34,113655,欧22转债,o22zz,120.849,-0.18,603833,欧派家居,opjj,31.81,-0.81,1.02,51.29,62.02,0,94.86,215.71,360308,轻工制造,shmb,C,2022-09-01,[],0,0,buy,AA,,35.903,66.677,10.4,buy,2028-08-05,1.951,19.999,3696.15,10086.24,1.53,-3.06,,0,14:59:06,00,Y,N,1,1,Y,转股价下修1次，成功下修1次,2023-02-13 开始转股,计算使用2.0年期 评级为AA 债参考YTM：1.6688,N,20.0,全价：120.849 最后更新：14:59:06,,,,0,{'M': ''},0,0,N,,,buy,buy
2026-08-24 08:10:34,118073,赛斯转债,sszz,172.057,0.01,688480,赛恩斯,ses,77.68,-2.75,6.14,88.16,88.11,154,95.27,267.33,760104,环保,shkc,C,2026-08-12,[],0,0,buy,AA,,61.712,114.608,7.5,buy,2032-07-16,5.899,5.519,11457.48,7312.48,12.1,-6.87,,0,14:59:54,00,Y,N,0,0,Y,,未到转股期；2027-01-25 开始转股,计算使用5.9年期 评级为AA 债参考YTM：2.1130,N,5.519,全价：172.057 最后更新：14:59:54,,,,0,{'M': ''},0,0,N,,,buy,buy
2026-08-24 08:10:34,127068,顺博转债,sbzz,123.609,0.17,002996,顺博合金,sbhj,6.3,0.64,1.23,10.0,63.0,0,96.2,219.81,240301,有色金属,szmb,C,2022-09-07,[],0,0,buy,AA-,,7.0,13.0,28.7,buy,2028-08-12,1.97,8.3,3125.4,3764.46,3.05,-5.81,,0,15:34:24,00,Y,N,2,2,Y,转股价下修2次，成功下修2次,2023-02-20 开始转股,计算使用2.0年期 评级为AA- 债参考YTM：1.9788,N,8.3,全价：123.609 最后更新：15:34:24,,,,1,[],0,0,N,,,buy,buy
2026-08-24 08:10:34,113708,曙26转债,s26zz,149.786,-0.49,603019,中科曙光,zksg,82.18,-2.29,5.33,108.89,75.47,150,98.47,248.26,710103,计算机,shmb,C,2026-08-06,[],0,0,buy,AAA,,76.223,141.557,6.7,buy,2032-07-14,5.893,80.0,37141.77,241522.98,3.1,-5.41,,0,14:59:59,00,Y,N,0,0,Y,,未到转股期；2027-01-21 开始转股,计算使用5.9年期 评级为AAA 债参考YTM：1.7918,N,80.0,全价：149.786 最后更新：14:59:59,,,,0,{'M': ''},0,0,N,,,buy,buy
2026-08-24 08:10:34,113709,振26转债,z26zz,161.214,-2.08,603067,振华股份,zhgf,32.64,-4.51,6.4,40.33,80.93,165,99.2,260.41,220203,基础化工,shmb,C,2026-08-17,[],0,0,buy,AA,,28.231,52.429,3.6,buy,2032-07-29,5.934,8.78,17945.56,72830.74,12.65,-5.8,,0,14:59:58,00,Y,N,0,0,Y,,未到转股期；2027-02-05 开始转股,计算使用6.0年期 评级为AA 债参考YTM：2.1400,N,8.78,全价：161.214 最后更新：14:59:58,,,,0,{'M': ''},0,0,N,,,buy,buy
2026-08-24 08:10:34,113693,志邦转债,zbzz,124.524,0.49,603801,志邦家居,zbjj,6.95,0.0,0.94,11.13,62.44,0,99.42,223.94,360308,轻工制造,shmb,C,2025-04-08,[],0,0,buy,AA,,7.791,14.469,22.2,buy,2031-03-18,4.567,6.7,10856.87,40230.51,13.0,-1.89,,0,14:59:53,00,Y,N,0,0,Y,,2025-09-24 开始转股,计算使用4.6年期 评级为AA 债参考YTM：1.8544,N,6.7,全价：124.524 最后更新：14:59:53,,,,0,[],0,0,N,,,buy,buy
2026-08-24 08:10:34,113707,科博转债,kbzz,172.63,-1.9,603786,科博达,kbd,39.44,-2.11,2.76,45.56,86.57,140,99.42,272.05,280206,汽车,shmb,C,2026-07-31,[],0,0,buy,AA+,,31.892,59.228,9.4,buy,2032-07-02,5.86,14.91,9712.07,7718.54,3.76,-7.27,,0,14:59:56,00,Y,N,0,0,Y,,未到转股期；2027-01-11 开始转股,计算使用5.9年期 评级为AA+ 债参考YTM：1.9177,N,14.91,全价：172.630 最后更新：14:59:56,,,,0,{'M': ''},0,0,N,,,buy,buy
2026-08-24 08:10:34,118075,奥普转债,apzz,158.93,-2.86,688686,奥普特,apt,119.23,-3.07,4.57,150.03,79.47,164,99.99,258.92,640704,机械设备,shkc,C,2026-08-19,[],0,0,buy,AA,,105.021,195.039,8.7,buy,2032-07-28,5.932,12.7,58833.88,29903.31,28.26,-5.57,,0,14:59:59,00,Y,N,0,0,Y,,未到转股期；2027-02-04 开始转股,计算使用6.0年期 评级为AA 债参考YTM：2.1400,N,12.7,全价：158.930 最后更新：14:59:59,,,,0,{'M': ''},0,0,N,,,buy,buy
2026-08-24 08:10:34,123192,科思转债,kszz,124.8,-0.12,300856,科思股份,ksgf,10.78,-1.37,1.82,17.32,62.24,0,100.51,225.31,770201,美容护理,szcy,C,2023-05-11,[],0,0,buy,AA-,,12.124,22.516,14.5,buy,2029-04-13,2.638,7.187,1379.53,4149.73,1.54,-1.98,,0,15:34:30,00,Y,N,0,0,Y,,2023-10-19 开始转股,计算使用2.7年期 评级为AA- 债参考YTM：2.1376,N,7.249,全价：124.800 最后更新：15:34:30,,,,0,{'M': ''},0,0,N,,,buy,buy
2026-08-24 08:10:34,123275,肇民转债,zmzz,140.9,0.71,301000,肇民科技,zmkj,23.73,-0.67,4.39,33.8,70.21,144,100.69,241.59,280205,汽车,szcy,C,2026-07-24,[],0,0,buy,AA-,,23.66,43.94,10.8,buy,2032-07-08,5.877,5.9,11215.56,6524.23,13.5,-3.62,,0,15:34:00,00,Y,N,0,0,Y,,未到转股期；2027-01-15 开始转股,计算使用5.9年期 评级为AA- 债参考YTM：3.1384,N,5.9,全价：140.900 最后更新：15:34:00,,,,0,{'M': ''},0,0,N,,,buy,buy
2026-08-24 08:10:34,113671,武进转债,wjzz,127.456,0.04,603878,武进不锈,wjbx,5.0,-0.79,1.08,7.88,63.45,0,100.87,228.33,230403,钢铁,shmb,C,2023-08-03,[],0,0,buy,AA,,5.516,10.244,11.0,buy,2029-07-10,2.88,3.093,2407.87,5361.0,6.11,-4.07,,0,14:58:45,00,Y,N,0,0,Y,,2024-01-15 开始转股,计算使用2.9年期 评级为AA 债参考YTM：1.7187,N,3.1,全价：127.456 最后更新：14:58:45,,,,0,[],0,0,N,,,buy,buy
2026-08-24 08:10:34,118069,爱科转债,akzz,159.995,-0.66,688092,爱科科技,akkj,22.58,-0.09,2.8,28.53,79.15,115,102.15,262.15,640209,机械设备,shkc,C,2026-07-09,[],0,0,buy,AA-,,19.971,37.089,14.3,buy,2032-06-10,5.8,2.67,2485.61,989.92,5.83,-5.25,,0,14:59:59,00,Y,N,0,0,Y,,未到转股期；2026-12-17 开始转股,计算使用5.8年期 评级为AA- 债参考YTM：3.0629,N,2.67,全价：159.995 最后更新：14:59:59,,,,0,{'M': ''},0,0,N,,,buy,buy
2026-08-24 08:10:34,113648,巨星转债,jxzz,116.519,-0.18,603477,巨星农牧,jxnm,14.23,-0.84,2.7,24.84,57.29,0,103.4,219.92,110702,农林牧渔,shmb,C,2022-05-17,[],0,0,buy,AA-,,17.388,32.292,12.4,buy,2028-04-25,1.671,8.997,2102.69,15275.91,2.01,-2.24,,0,14:59:36,00,Y,N,0,0,Y,,2022-10-31 开始转股,计算使用1.7年期 评级为AA- 债参考YTM：1.9375,N,10.0,全价：116.519 最后更新：14:59:36,,,,0,{'M': ''},0,0,N,,,buy,buy
2026-08-24 08:10:34,123264,双乐转债,slzz,123.687,0.11,301036,双乐股份,slgf,22.13,-0.9,1.3,36.4,60.8,0,103.44,227.13,220305,基础化工,szcy,C,2026-01-16,[],0,0,buy,AA-,,25.48,47.32,51.9,buy,2031-12-26,5.343,8.0,1771.15,1931.76,1.79,-1.58,,0,15:34:12,00,Y,N,0,0,Y,,2026-07-06 开始转股,计算使用5.4年期 评级为AA- 债参考YTM：2.6561,N,8.0,全价：123.687 最后更新：15:34:12,,,,0,{'M': ''},0,0,N,,,buy,buy
2026-08-24 08:10:34,113634,珀莱转债,plzz,122.551,-0.21,603605,珀莱雅,bly,56.56,-0.77,3.5,94.27,60.0,0,104.26,226.81,770202,美容护理,shmb,C,2022-01-04,[],0,0,buy,AA,,65.989,122.551,3.4,buy,2027-12-08,1.29,7.507,2727.08,17170.56,2.96,-3.71,,0,14:59:51,00,Y,N,0,0,Y,,2022-06-14 开始转股,计算使用1.3年期 评级为AA 债参考YTM：1.6030,N,7.517,全价：122.551 最后更新：14:59:51,,,,1,{'M': ''},0,0,N,,,buy,buy
2026-08-24 08:10:34,113679,芯能转债,xnzz,126.062,1.76,603105,芯能科技,xnkj,7.74,9.94,1.7,12.55,61.67,0,104.4,230.46,410106,公用事业,shmb,C,2023-11-24,[],0,0,buy,AA-,,8.785,16.315,22.7,buy,2029-10-26,3.175,8.799,21701.24,24926.48,19.48,-1.71,,0,14:59:59,00,Y,N,0,0,Y,,2024-05-06 开始转股,计算使用3.2年期 评级为AA- 债参考YTM：2.2515,N,8.8,全价：126.062 最后更新：14:59:59,,,,0,{'M': ''},0,0,N,,,buy,buy
2026-08-24 08:10:34,113656,嘉诚转债,jczz,120.486,-0.55,603535,嘉诚国际,jcgj,6.08,-3.95,1.2,10.33,58.86,0,104.71,225.2,420805,交通运输,shmb,C,2022-10-12,[],0,0,buy,A+,,7.231,13.429,25.7,buy,2028-09-01,2.025,7.998,1218.61,4210.97,1.26,-0.84,,0,14:58:50,00,Y,N,0,0,N,2026-08-10 起暂停转股：权益分派,2023-03-07 开始转股;2026-08-10 起暂停转股：权益分派,计算使用2.1年期 评级为A+ 债参考YTM：4.3351,N,8.0,全价：120.486 最后更新：14:58:50,,,,0,[],0,0,N,,,buy,buy
2026-08-24 08:10:34,123109,昌红转债,chzz,124.0,-0.64,300151,昌红科技,chkj,16.09,-4.68,5.33,26.64,60.4,0,105.31,229.31,640209,机械设备,szcy,C,2021-04-19,[],0,0,buy,AA-,,18.648,34.632,7.7,buy,2027-04-01,0.603,4.595,2501.97,27635.41,4.4,-12.1,,0,15:34:18,00,Y,N,0,0,Y,,2021-10-08 开始转股,计算使用0.7年期 评级为AA- 债参考YTM：1.7944,N,4.6,全价：124.000 最后更新：15:34:18,,,,1,{'M': ''},0,0,N,,,buy,buy
2026-08-24 08:10:34,123263,鼎捷转债,djzz,142.9,-0.35,300378,鼎捷数智,djsz,30.22,-3.91,3.49,43.42,69.6,0,105.32,248.22,710402,计算机,szcy,C,2025-12-31,[],0,0,buy,AA,,30.394,56.446,10.2,buy,2031-12-15,5.312,8.275,7114.92,23471.58,6.05,-4.29,,0,15:34:51,00,Y,N,0,0,Y,,2026-06-22 开始转股,计算使用5.4年期 评级为AA 债参考YTM：1.9510,N,8.28,全价：142.900 最后更新：15:34:51,,,,0,{'M': ''},0,0,N,,,buy,buy
2026-08-24 08:10:34,113625,江山转债,jszz,116.193,-0.07,603208,江山欧派,jsop,11.21,-1.67,1.99,19.84,56.5,0,105.64,221.83,360308,轻工制造,shmb,C,2021-07-01,[],0,0,buy,A,,13.888,25.792,29.5,buy,2027-06-11,0.797,5.825,1621.2,1457.38,2.39,1.96,,0,14:59:39,00,Y,N,1,1,Y,转股价下修1次，成功下修1次,2021-12-20 开始转股,计算使用0.8年期 评级为A 债参考YTM：6.4985,N,5.83,全价：116.193 最后更新：14:59:39,,,,1,[],0,0,N,,,buy,buy
2026-08-24 08:10:34,118067,上26转债,s26zz,131.649,-0.43,688533,上声电子,ssdz,20.64,-1.01,1.88,32.25,64.0,31,105.7,237.35,280206,汽车,shkc,C,2026-04-14,[],0,0,buy,A+,,22.575,41.925,9.5,buy,2032-03-17,5.567,3.25,880.2,1540.63,2.06,-1.99,,0,14:58:59,00,Y,N,0,0,Y,,未到转股期；2026-09-24 开始转股,计算使用5.6年期 评级为A+ 债参考YTM：5.2162,N,3.25,全价：131.649 最后更新：14:58:59,,,,0,{'M': ''},0,0,N,,,buy,buy
2026-08-24 08:10:34,113666,爱玛转债,amzz,121.866,0.3,603529,爱玛科技,amkj,21.8,2.49,1.85,37.06,58.82,0,107.17,229.04,280401,汽车,shmb,C,2023-03-20,[],0,0,buy,AA,,25.942,48.178,10.8,buy,2029-02-23,2.504,19.994,5941.04,20814.5,2.44,-2.92,,0,14:58:46,00,Y,N,0,0,Y,,2023-09-01 开始转股,计算使用2.6年期 评级为AA 债参考YTM：1.7055,N,20.0,全价：121.866 最后更新：14:58:46,,,,0,{'M': ''},0,0,N,,,buy,buy
2026-08-24 08:10:34,113701,祥和转债,xhzz,143.773,-1.3,603500,祥和实业,xhsy,9.24,-2.84,2.79,13.37,69.11,16,108.04,251.81,640501,机械设备,shmb,C,2026-03-26,[],0,0,buy,A+,,9.359,17.381,13.0,buy,2032-03-02,5.526,4.0,2539.48,4281.19,4.41,-3.43,,0,14:59:58,00,Y,N,0,0,Y,,未到转股期；2026-09-09 开始转股,计算使用5.6年期 评级为A+ 债参考YTM：5.2162,N,4.0,全价：143.773 最后更新：14:59:58,,,,0,[],0,0,N,,,buy,buy
2026-08-24 08:10:34,123266,博士转债,bszz,138.65,-0.39,300622,博士眼镜,bsyj,14.35,-2.58,4.84,21.54,66.62,31,108.12,246.77,450401,商贸零售,szcy,C,2026-04-07,[],0,0,buy,AA,,15.078,28.002,11.8,buy,2032-03-17,5.567,3.75,1882.39,10431.59,3.61,-3.26,,0,15:34:15,00,Y,N,0,0,Y,,未到转股期；2026-09-24 开始转股,计算使用5.6年期 评级为AA 债参考YTM：2.0157,N,3.75,全价：138.650 最后更新：15:34:15,,,,0,[],0,0,N,,,buy,buy
2026-08-24 08:10:34,123274,维科转债,wkzz,142.2,-0.42,301499,维科精密,wkjm,24.25,-1.58,2.57,35.62,68.08,133,108.87,251.07,280206,汽车,szcy,C,2026-07-10,[],0,0,buy,A+,,24.934,46.306,18.8,buy,2032-06-25,5.841,6.3,3023.3,2940.95,3.38,-3.2,,0,15:33:54,00,Y,N,0,0,Y,,未到转股期；2027-01-04 开始转股,计算使用5.9年期 评级为A+ 债参考YTM：5.4883,N,6.3,全价：142.200 最后更新：15:33:54,,,,0,{'M': ''},0,0,N,,,buy,buy
2026-08-24 08:10:34,118065,艾为转债,awzz,138.988,-0.99,688798,艾为电子,awdz,52.58,-2.72,2.88,79.4,66.22,0,109.88,248.87,270105,电子,shkc,C,2026-02-26,[],0,0,buy,AA+,,55.58,103.22,26.6,buy,2032-01-22,5.416,19.01,3333.11,12068.84,1.26,-3.89,,0,14:59:56,00,Y,N,0,0,Y,,2026-07-28 开始转股,计算使用5.5年期 评级为AA+ 债参考YTM：1.8635,N,19.01,全价：138.988 最后更新：14:59:56,,,,0,{'M': ''},1,0,N,,,buy,buy
2026-08-24 08:10:34,113616,韦尔转债,wezz,109.601,-0.1,603501,豪威集团,hwjt,82.5,-3.87,3.14,159.02,51.88,0,111.26,220.86,270104,电子,shmb,C,2021-01-22,[],0,0,buy,AA+,,111.314,206.726,2.4,buy,2026-12-28,0.345,24.324,3168.75,159820.78,1.19,1.06,,0,14:59:02,00,Y,N,0,0,Y,,2021-07-05 开始转股,计算使用0.4年期 评级为AA+ 债参考YTM：1.5094,N,24.4,全价：109.601 最后更新：14:59:02,,,,0,{'M': ''},0,0,N,,,buy,buy
2026-08-24 08:10:34,127085,韵达转债,ydzz,121.38,-0.1,002120,韵达股份,ydgf,6.62,0.3,0.89,11.53,57.42,0,111.41,232.79,420804,交通运输,szmb,C,2023-05-23,[],0,0,buy,AA+,,8.071,14.989,13.1,buy,2029-04-11,2.633,24.499,1666.86,15892.72,0.56,-3.29,,0,15:34:30,00,Y,N,0,0,Y,,2023-10-17 开始转股,计算使用2.7年期 评级为AA+ 债参考YTM：1.6753,N,24.5,全价：121.380 最后更新：15:34:30,,,,0,{'M': ''},0,0,N,,,buy,buy
2026-08-24 08:10:34,123138,丝路转债,slzz,127.133,-0.71,300556,丝路视觉,slsj,15.88,-1.49,4.54,26.53,59.86,0,112.4,239.53,710401,计算机,szcy,C,2022-03-22,[],0,0,buy,A-,,18.571,34.489,13.9,buy,2028-03-02,1.523,2.393,1260.43,4218.6,4.13,-5.12,,0,15:34:21,00,Y,N,0,0,Y,,2022-09-08 开始转股,计算使用1.6年期 评级为A- 债参考YTM：8.9602,N,2.4,全价：127.133 最后更新：15:34:21,,,,0,[],0,0,N,,,buy,buy
2026-08-24 08:10:34,123113,仙乐转债,xlzz,114.75,-0.02,300791,仙乐健康,xljk,16.98,2.66,1.77,31.69,53.58,0,114.16,228.91,340407,食品饮料,szcy,C,2021-05-14,[],0,0,buy,AA-,,22.183,41.197,23.4,buy,2027-04-19,0.652,10.248,2124.04,7836.78,1.8,-2.34,,0,15:34:12,00,Y,N,0,0,Y,,2021-10-25 开始转股,计算使用0.7年期 评级为AA- 债参考YTM：1.7944,N,10.249,全价：114.750 最后更新：15:34:12,,,,0,[],0,0,N,,,buy,buy
2026-08-24 08:10:34,123196,正元转02,zyz02,125.747,0.21,300645,正元智慧,zyzh,12.83,-1.08,1.64,21.91,58.56,0,114.74,240.49,710103,计算机,szcy,C,2023-05-19,[],0,0,buy,A+,,15.337,28.483,19.6,buy,2029-04-18,2.652,3.501,723.8,4662.12,1.65,-2.31,,0,15:34:48,00,Y,N,2,1,Y,转股价下修2次，成功下修1次,2023-10-24 开始转股,计算使用2.7年期 评级为A+ 债参考YTM：4.4839,N,3.507,全价：125.747 最后更新：15:34:48,,,,0,[],0,0,N,,,buy,buy
2026-08-24 08:10:34,123265,耐普转02,npz02,135.8,-0.29,300818,耐普矿机,npkj,18.57,-3.73,2.17,29.5,62.95,0,115.73,251.53,640103,机械设备,szcy,C,2026-01-30,[],0,0,buy,A+,,20.65,38.35,17.0,buy,2032-01-16,5.4,4.499,1529.87,5876.71,2.51,-2.47,,0,15:34:42,00,Y,N,0,0,Y,,2026-07-22 开始转股,计算使用5.4年期 评级为A+ 债参考YTM：5.0047,N,4.5,全价：135.800 最后更新：15:34:42,,,,0,[],0,0,N,,,buy,buy
2026-08-24 08:10:34,113700,海天转债,htzz,129.504,0.33,603759,海天股份,htgf,7.41,-0.4,1.17,12.41,59.71,0,116.89,246.39,760102,环保,shmb,C,2026-03-12,[],0,0,buy,AA,,8.687,16.133,23.4,buy,2032-02-05,5.455,8.01,2039.78,1560.61,1.97,-2.42,,0,14:59:23,00,Y,N,0,0,Y,,2026-08-11 开始转股,计算使用5.5年期 评级为AA 债参考YTM：1.9824,N,8.01,全价：129.504 最后更新：14:59:23,,,,0,[],0,0,N,,,buy,buy
2026-08-24 08:10:34,111009,盛泰转债,stzz,121.289,-1.01,605138,盛泰集团,stjt,5.77,-1.54,1.24,10.51,54.9,0,120.93,242.22,350209,纺织服饰,shmb,C,2022-12-01,[],0,0,buy,AA,,7.357,13.663,21.9,buy,2028-11-07,2.208,7.011,3234.97,2037.74,3.8,-3.1,,0,14:59:06,00,Y,N,0,0,Y,,2023-05-11 开始转股,计算使用2.3年期 评级为AA 债参考YTM：1.6909,N,7.012,全价：121.289 最后更新：14:59:06,,,,0,[],0,0,N,,,buy,buy
2026-08-24 08:10:34,123262,神宇转债,syzz,131.349,-0.26,300563,神宇股份,sygf,22.87,-1.68,3.51,38.62,59.22,0,121.81,253.16,730205,通信,szcy,C,2025-12-30,[],0,0,buy,AA-,,27.034,50.206,16.7,buy,2031-12-11,5.301,4.999,1354.46,5578.86,2.06,-2.72,,0,15:34:48,00,Y,N,0,0,Y,,2026-06-17 开始转股,计算使用5.4年期 评级为AA- 债参考YTM：2.6561,N,5.0,全价：131.349 最后更新：15:34:48,,,,0,{'M': ''},1,0,N,,,buy,buy
2026-08-24 08:10:34,123175,百畅转债,bczz,116.771,0.1,300614,百川畅银,bccy,10.58,-1.58,1.92,20.4,51.86,0,125.15,241.92,760103,环保,szcy,C,2023-03-17,[],0,0,buy,BBB+,,14.28,26.52,24.7,buy,2029-02-22,2.501,4.199,724.36,2270.86,1.48,-0.17,,0,15:34:30,00,Y,N,2,2,Y,转股价下修2次，成功下修2次,2023-08-28 开始转股,计算使用2.6年期 评级为BBB+ 债参考YTM：12.3166,N,4.2,全价：116.771 最后更新：15:34:30,,,,0,{'M': ''},0,0,N,,,buy,buy
2026-08-24 08:10:34,113638,台21转债,t21zz,123.881,0.29,603055,台华新材,thxc,8.8,1.03,1.43,16.01,54.97,0,125.38,249.26,350106,纺织服饰,shmb,C,2022-01-21,[],0,0,buy,AA,,11.207,20.813,7.7,buy,2027-12-29,1.348,5.997,1841.26,5026.62,2.48,-6.18,,0,14:59:15,00,Y,N,0,0,Y,,2022-07-05 开始转股,计算使用1.4年期 评级为AA 债参考YTM：1.6123,N,6.0,全价：123.881 最后更新：14:59:15,,,,0,{'M': ''},0,0,N,,,buy,buy
2026-08-24 08:10:34,127062,垒知转债,lzzz,123.901,-0.03,002398,垒知集团,lzjt,4.1,0.24,0.76,7.56,54.23,0,128.46,252.36,610303,建筑材料,szmb,C,2022-05-20,[],0,0,buy,AA-,,5.292,9.828,16.1,buy,2028-04-21,1.66,3.957,1316.37,4889.78,2.69,-3.43,,0,15:34:33,00,Y,N,0,0,Y,,2022-10-27 开始转股,计算使用1.7年期 评级为AA- 债参考YTM：1.9375,N,3.963,全价：123.901 最后更新：15:34:33,,,,0,[],0,0,N,,,buy,buy
2026-08-24 08:10:34,118022,锂科转债,lkzz,120.802,0.36,688779,五矿新能,wkxn,8.15,-0.12,2.08,15.49,52.62,0,129.6,250.4,630702,电力设备,shkc,C,2022-11-07,[],0,0,buy,AA,,10.843,20.137,20.7,buy,2028-10-11,2.134,32.497,2521.66,23699.07,0.64,-3.02,,0,14:59:13,00,Y,N,0,0,Y,,2023-04-17 开始转股,计算使用2.2年期 评级为AA 债参考YTM：1.6847,N,32.5,全价：120.802 最后更新：14:59:13,,,,0,{'M': ''},0,0,N,,,buy,buy
2026-08-24 08:10:34,123260,卓镁转债,zmzz,138.138,-1.06,301398,星源卓镁,xyzm,31.29,-0.38,3.14,52.15,60.0,0,130.23,268.37,280202,汽车,szcy,C,2025-11-24,[],0,0,buy,A+,,36.505,67.795,13.2,buy,2031-11-07,5.208,4.499,1879.77,3451.24,3.02,-2.88,,0,15:34:09,00,Y,N,0,0,Y,,2026-05-13 开始转股,计算使用5.3年期 评级为A+ 债参考YTM：4.9102,N,4.5,全价：138.138 最后更新：15:34:09,,,,0,{'M': ''},0,0,N,,,buy,buy
2026-08-24 08:10:34,118068,迪威转债,dwzz,133.832,-0.5,688377,迪威尔,dwe,18.86,-7.14,2.3,32.49,58.05,108,130.55,264.38,640203,机械设备,shkc,C,2026-06-30,[],0,0,buy,AA-,,22.743,42.237,20.6,buy,2032-06-03,5.781,9.08,2726.55,6170.55,2.25,-2.81,,0,14:59:53,00,Y,N,0,0,Y,,未到转股期；2026-12-10 开始转股,计算使用5.8年期 评级为AA- 债参考YTM：3.0629,N,9.08,全价：133.832 最后更新：14:59:53,,,,0,{'M': ''},0,0,N,,,buy,buy
2026-08-24 08:10:34,127044,蒙娜转债,mnzz,115.062,-0.59,002918,蒙娜丽莎,mnls,9.81,-3.16,1.22,19.76,49.65,0,131.77,246.83,360306,轻工制造,szmb,C,2021-09-16,[],0,0,buy,AA-,,13.832,25.688,16.0,buy,2027-08-16,0.978,3.368,2293.66,8687.6,5.91,-2.72,,0,15:34:21,00,Y,N,1,1,Y,转股价下修1次，成功下修1次,2022-02-21 开始转股,计算使用1.0年期 评级为AA- 债参考YTM：1.8361,N,11.689,全价：115.062 最后更新：15:34:21,,,,1,[],0,0,N,,,buy,buy
2026-08-24 08:10:34,118066,统联转债,tlzz,130.52,-0.38,688210,统联精密,tljm,31.11,0.39,3.87,56.2,55.36,13,135.78,266.3,270504,电子,shkc,C,2026-03-20,[],0,0,buy,AA-,,39.34,73.06,11.4,buy,2032-03-02,5.526,5.76,2518.53,17822.59,3.35,-2.5,,0,14:59:27,00,Y,N,0,0,Y,,未到转股期；2026-09-06 开始转股,计算使用5.6年期 评级为AA- 债参考YTM：2.8671,N,5.76,全价：130.520 最后更新：14:59:27,,,,0,{'M': ''},0,0,N,,,buy,buy
2026-08-24 08:10:34,123090,三诺转债,snzz,111.581,-0.01,300298,三诺生物,snsw,15.91,-0.87,2.88,34.52,46.09,0,142.1,253.68,370502,医药生物,szcy,C,2021-01-12,[],0,0,buy,AA,,24.164,44.876,7.0,buy,2026-12-21,0.326,4.984,2037.47,6954.8,3.66,1.15,,0,15:34:09,00,Y,N,0,0,Y,,2021-06-25 开始转股,计算使用0.4年期 评级为AA 债参考YTM：1.5309,N,5.0,全价：111.581 最后更新：15:34:09,,,,0,{'M': ''},0,0,N,,,buy,buy
2026-08-24 08:10:34,111014,李子转债,lzzz,123.214,-0.52,605337,李子园,lzy,9.15,-1.29,2.15,18.14,50.44,0,144.27,267.48,340701,食品饮料,shmb,C,2023-07-13,[],0,0,buy,AA,,12.698,23.582,16.9,buy,2029-06-20,2.825,5.999,1958.14,2578.72,2.64,-2.36,,0,14:59:53,00,Y,N,0,0,Y,,2023-12-28 开始转股,计算使用2.9年期 评级为AA 债参考YTM：1.7187,N,6.0,全价：123.214 最后更新：14:59:53,,,,0,[],0,0,N,,,buy,buy
2026-08-24 08:10:34,118042,奥维转债,awzz,125.908,0.27,688516,奥特维,atw,42.5,2.38,3.49,83.69,50.78,0,147.94,273.85,630505,电力设备,shkc,C,2023-09-01,[],0,0,buy,AA-,,58.583,108.797,8.5,buy,2029-08-10,2.964,11.399,1894.35,35382.35,1.32,-2.06,,0,14:59:52,00,Y,N,0,0,Y,,2024-02-19 开始转股,计算使用3.0年期 评级为AA- 债参考YTM：2.2139,N,11.4,全价：125.908 最后更新：14:59:52,,,,0,{'M': ''},0,0,N,,,buy,buy
2026-08-24 08:10:34,113650,博22转债,b22zz,123.946,-0.39,603916,苏博特,sbt,11.46,-2.39,1.11,23.27,49.25,0,151.68,275.63,220309,基础化工,shmb,C,2022-07-28,[],0,0,buy,AA-,,16.289,30.251,16.6,buy,2028-07-01,1.855,7.995,1336.13,9112.67,1.35,-3.09,,0,14:58:49,00,Y,N,0,0,N,2026-08-19 至 2026-08-25 期间暂停转股：回售,2023-01-09 开始转股;2026-08-19 至 2026-08-25 期间暂停转股：回售,计算使用1.9年期 评级为AA- 债参考YTM：1.9648,N,8.0,全价：123.946 最后更新：14:58:49,,,,0,{'M': ''},0,0,Y,,,buy,buy
2026-08-24 08:10:34,118015,芯海转债,xhzz,126.645,-0.37,688595,芯海科技,xhkj,27.15,-3.07,5.49,55.22,49.17,0,157.58,284.23,270104,电子,shkc,C,2022-08-18,[],0,0,buy,A+,,38.654,71.786,10.5,buy,2028-07-21,1.91,4.1,782.98,6192.09,1.51,-3.94,,0,14:58:02,00,Y,N,0,0,Y,,2023-01-30 开始转股,计算使用2.0年期 评级为A+ 债参考YTM：4.3188,N,4.1,全价：126.645 最后更新：14:58:02,,,,1,{'M': ''},0,0,N,,,buy,buy
2026-08-24 08:10:34,123180,浙矿转债,zkzz,127.967,-0.1,300837,浙矿股份,zkgf,22.76,-1.56,1.56,47.59,47.83,0,167.57,295.54,640203,机械设备,szcy,C,2023-03-28,[],0,0,buy,AA-,,33.313,61.867,18.6,buy,2029-03-09,2.543,3.196,629.39,2555.92,1.54,-3.03,,0,15:34:39,00,Y,N,0,0,Y,,2023-09-15 开始转股,计算使用2.6年期 评级为AA- 债参考YTM：2.1110,N,3.2,全价：127.967 最后更新：15:34:39,,,,0,[],0,0,N,,,buy,buy
2026-08-24 08:10:34,113049,长汽转债,cqzz,107.163,0.03,601633,长城汽车,ccqc,15.21,0.0,1.47,38.72,39.28,0,172.8,279.96,280502,汽车,shmb,C,2021-07-08,[],0,0,buy,AAA,,27.104,50.336,3.7,buy,2027-06-10,0.795,34.95,3259.33,16449.41,0.87,-0.19,,0,14:59:44,00,Y,N,0,0,N,2026-08-24 至 2026-08-24 期间暂停转股：回购注销,2021-12-17 开始转股;2026-08-24 至 2026-08-24 期间暂停转股：回购注销,计算使用0.8年期 评级为AAA 债参考YTM：1.5160,N,35.0,全价：107.163 最后更新：14:59:44,,,,1,{'M': ''},0,0,N,,,buy,buy
2026-08-24 08:10:34,127098,欧晶转债,ojzz,123.61,0.21,001269,欧晶科技,ojkj,18.96,-0.78,4.79,42.0,45.14,0,173.82,297.43,630504,电力设备,szmb,C,2023-12-15,[],0,0,buy,A+,,29.4,54.6,12.9,buy,2029-11-24,3.255,4.693,928.46,2971.62,1.6,-1.95,,0,15:34:00,00,Y,N,1,1,Y,转股价下修1次，成功下修1次,2024-05-30 开始转股,计算使用3.3年期 评级为A+ 债参考YTM：4.6173,N,4.7,全价：123.610 最后更新：15:34:00,,,,0,[],0,0,N,,,buy,buy
2026-08-24 08:10:34,123117,健帆转债,jfzz,113.158,-0.13,300529,健帆生物,jfsw,15.56,-1.27,3.59,38.15,40.79,0,177.44,290.6,370503,医药生物,szcy,C,2021-07-12,[],0,0,buy,AA,,26.705,49.595,12.5,buy,2027-06-23,0.83,9.998,2135.43,10292.75,1.89,-3.37,,0,15:34:15,00,Y,N,2,2,Y,转股价下修2次，成功下修2次,2021-12-29 开始转股,计算使用0.9年期 评级为AA 债参考YTM：1.5653,N,10.0,全价：113.158 最后更新：15:34:15,,,,0,{'M': ''},0,0,N,,,buy,buy
2026-08-24 08:10:34,123250,嘉益转债,jyzz,124.643,0.12,301004,嘉益股份,jygf,34.16,1.18,2.69,79.66,42.88,0,190.66,315.3,360311,轻工制造,szcy,C,2024-11-26,[],0,0,buy,A+,,55.762,103.558,8.5,buy,2030-11-07,4.208,3.955,765.18,1398.4,1.56,-1.18,,0,15:34:03,00,Y,N,0,0,Y,,2025-05-13 开始转股,计算使用4.3年期 评级为A+ 债参考YTM：4.7058,N,3.979,全价：124.643 最后更新：15:34:03,,,,0,{'M': ''},0,0,N,,,buy,buy
2026-08-24 08:10:34,123151,康医转债,kyzz,119.691,0.01,300869,康泰医学,ktyx,11.23,-2.52,2.62,27.55,40.76,0,193.63,313.32,370502,医药生物,szcy,C,2022-07-20,[],0,0,buy,A+,,19.285,35.815,23.6,buy,2028-07-01,1.855,6.998,1281.48,3557.32,1.53,-1.0,,0,15:34:24,00,Y,N,0,0,Y,,2023-01-09 开始转股,计算使用1.9年期 评级为A+ 债参考YTM：4.3044,N,7.0,全价：119.691 最后更新：15:34:24,,,,0,{'M': ''},0,0,N,,,buy,buy
2026-08-24 08:10:34,123267,珂玛转债,kmzz,313.552,1.55,301611,珂玛科技,kmkj,102.9,4.71,23.71,97.47,105.57,59,197.01,510.56,270103,电子,szcy,C,2026-05-13,[],0,0,buy,AA,,68.229,126.711,5.0,buy,2032-04-15,5.647,7.5,72177.5,185557.18,30.59,-16.6,,0,15:34:45,00,Y,N,0,0,Y,,未到转股期；2026-10-22 开始转股,计算使用5.7年期 评级为AA 债参考YTM：2.0495,N,7.5,全价：313.552 最后更新：15:34:45,,,,0,{'M': ''},0,0,N,,,buy,buy
2026-08-24 08:10:34,113670,金23转债,j23zz,122.766,-0.13,603180,金牌家居,jpjj,15.25,-0.85,0.86,37.54,40.62,0,202.21,324.98,360308,轻工制造,shmb,C,2023-05-16,[],0,0,buy,AA,,26.278,48.802,32.7,buy,2029-04-17,2.649,7.7,1404.65,1545.12,1.49,-1.41,,0,14:59:09,00,Y,N,0,0,Y,,2023-10-23 开始转股,计算使用2.7年期 评级为AA 债参考YTM：1.7098,N,7.7,全价：122.766 最后更新：14:59:09,,,,0,[],0,0,N,,,buy,buy
2026-08-24 08:10:34,113660,寿22转债,s22zz,123.613,-0.11,603896,寿仙谷,sxg,14.78,-1.4,1.28,36.84,40.12,0,208.11,331.72,370201,医药生物,shmb,C,2022-12-12,[],0,0,buy,AA-,,25.788,47.892,13.6,buy,2028-11-17,2.236,3.977,433.73,2387.1,0.88,-3.05,,0,14:58:35,00,Y,N,0,0,Y,,2023-05-23 开始转股,计算使用2.3年期 评级为AA- 债参考YTM：2.0358,N,3.98,全价：123.613 最后更新：14:58:35,,,,0,[],0,0,N,,,buy,buy
2026-08-24 08:10:34,110085,通22转债,t22zz,114.982,0.13,600438,通威股份,twgf,12.12,-2.49,1.5,34.6,35.03,0,228.25,343.23,630501,电力设备,shmb,C,2022-03-18,[],0,0,buy,AAA,,24.22,44.98,22.0,buy,2028-02-24,1.504,119.831,5287.88,50970.08,0.38,-2.46,,0,14:59:43,00,Y,N,0,0,Y,,2022-09-02 开始转股,计算使用1.6年期 评级为AAA 债参考YTM：1.5659,N,120.0,全价：114.982 最后更新：14:59:43,,,,0,{'M': ''},0,0,N,,,buy,buy
2026-08-24 08:10:34,118032,建龙转债,jlzz,124.191,-0.02,688357,建龙微纳,jlwn,26.56,-1.26,1.43,71.41,37.19,0,233.9,358.09,220309,基础化工,shkc,C,2023-04-07,[],0,0,buy,AA-,,49.987,92.833,26.3,buy,2029-03-08,2.54,6.999,799.64,1517.56,0.92,-1.86,,0,14:58:51,00,Y,N,0,0,Y,,2023-09-14 开始转股,计算使用2.6年期 评级为AA- 债参考YTM：2.1110,N,7.0,全价：124.191 最后更新：14:58:51,,,,0,{'M': ''},0,0,N,,,buy,buy
2026-08-24 08:10:34,128135,洽洽转债,qqzz,114.73,0.02,002557,洽洽食品,qqsp,18.65,0.54,1.71,54.95,33.94,0,238.04,352.77,340801,食品饮料,szmb,C,2020-11-18,[],0,0,buy,AA,,38.465,71.435,14.3,buy,2026-10-20,0.156,13.398,928.01,10027.76,0.6,1.53,,0,15:34:30,00,Y,N,0,0,Y,,2021-04-26 开始转股,计算使用0.2年期 评级为AA 债参考YTM：1.4742,N,13.4,全价：114.730 最后更新：15:34:30,,,,1,{'M': ''},0,0,N,,,buy,buy
2026-08-24 08:10:34,113633,科沃转债,kwzz,112.57,-0.03,603486,科沃斯,kws,55.05,-9.98,3.39,172.97,31.83,0,253.7,366.27,330302,家用电器,shmb,C,2021-12-29,[],0,0,buy,AA,,121.079,224.861,3.3,buy,2027-11-30,1.269,10.396,6514.46,56429.01,5.57,-0.55,,0,14:59:43,00,Y,N,0,0,Y,,2022-06-06 开始转股,计算使用1.3年期 评级为AA 债参考YTM：1.6030,N,10.4,全价：112.570 最后更新：14:59:43,,,,0,{'M': ''},0,0,N,,,buy,buy
2026-08-24 08:10:34,118005,天奈转债,tnzz,121.999,-0.06,688116,天奈科技,tnkj,31.67,-1.65,3.02,99.01,31.99,0,281.41,403.41,630702,电力设备,shkc,C,2022-03-01,[],0,0,buy,AA-,,69.307,128.713,7.1,buy,2028-01-27,1.427,8.299,708.38,17653.85,0.7,-6.01,,0,14:59:12,00,Y,N,0,0,Y,,2022-08-09 开始转股,计算使用1.5年期 评级为AA- 债参考YTM：1.9104,N,8.3,全价：121.999 最后更新：14:59:12,,,,0,{'M': ''},0,0,N,,,buy,buy
2026-08-24 08:10:34,118010,洁特转债,jtzz,123.853,-0.37,688026,洁特生物,jtsw,15.54,-5.65,1.83,47.88,32.46,0,281.6,405.45,370503,医药生物,shkc,C,2022-08-02,[],0,0,buy,A+,,33.516,62.244,20.2,buy,2028-06-28,1.847,4.399,587.31,8767.08,1.08,-5.45,,0,14:57:24,00,Y,N,0,0,Y,,2023-01-04 开始转股,计算使用1.9年期 评级为A+ 债参考YTM：4.3044,N,4.4,全价：123.853 最后更新：14:57:24,,,,0,{'M': ''},0,0,N,,,buy,buy
2026-08-24 08:10:34,123072,乐歌转债,lgzz,119.736,-0.01,300729,乐歌股份,lggf,10.15,0.5,0.94,32.61,31.13,0,284.69,404.43,360311,轻工制造,szcy,C,2020-11-10,[],0,0,buy,A+,,22.827,42.393,4.3,buy,2026-10-21,0.159,1.418,1209.47,1552.25,7.12,1.41,,0,15:34:12,00,Y,N,0,0,Y,,2021-04-27 开始转股,计算使用0.2年期 评级为A+ 债参考YTM：4.0242,N,1.42,全价：119.736 最后更新：15:34:12,,,,0,[],0,0,N,,,buy,buy
2026-08-24 08:10:34,127025,冀东转债,jdzz,105.673,-0.01,000401,金隅冀东,jyjd,3.53,0.28,0.35,12.92,27.32,0,286.77,392.44,610101,建筑材料,szmb,C,2020-12-02,[],0,0,buy,AAA,,9.044,16.796,19.1,buy,2026-11-05,0.2,17.764,1957.98,1848.55,1.04,1.57,,0,15:33:57,00,Y,Y,0,0,Y,,2021-05-11 开始转股,计算使用0.2年期 评级为AAA 债参考YTM：1.4378,N,28.2,全价：105.673 最后更新：15:33:57,,,,0,{'M': ''},0,0,N,,,buy,buy
2026-08-24 08:10:34,123270,盛德转债,sdzz,232.0,-4.13,300881,盛德鑫泰,sdxt,30.95,-6.33,2.75,53.68,57.66,105,302.38,534.38,230501,钢铁,szcy,C,2026-06-12,[],0,0,buy,A+,,37.576,69.784,22.8,buy,2032-05-31,5.773,4.05,33509.88,6191.67,35.23,-11.2,,0,15:33:54,00,Y,N,0,0,Y,,未到转股期；2026-12-07 开始转股,计算使用5.8年期 评级为A+ 债参考YTM：5.4126,N,4.05,全价：232.000 最后更新：15:33:54,,,,0,{'M': ''},0,0,N,,,buy,buy
2026-08-24 08:10:34,123273,三江转债,sjzz,335.0,-3.87,301059,金三江,jsj,11.3,0.0,3.99,14.43,78.31,122,327.79,662.79,220309,基础化工,szcy,C,2026-07-03,[],0,0,buy,A+,,10.101,18.759,12.4,buy,2032-06-16,5.816,2.9,90978.64,2336.73,92.9,-16.49,,0,15:33:57,00,Y,N,0,0,Y,,未到转股期；2026-12-24 开始转股,计算使用5.9年期 评级为A+ 债参考YTM：5.4883,N,2.9,全价：335.000 最后更新：15:33:57,,,,0,{'M': ''},0,0,N,,,buy,buy
2026-08-24 08:10:34,113059,福莱转债,flzz,118.633,0.03,601865,福莱特,flt,10.28,-2.65,1.07,41.56,24.74,0,379.61,498.24,630504,电力设备,shmb,C,2022-06-13,[],0,0,buy,AA,,29.092,54.028,20.5,buy,2028-05-20,1.74,39.999,2507.93,15912.12,0.53,-2.39,,0,14:59:12,00,Y,N,1,0,Y,转股价下修1次，成功下修0次,2022-11-28 开始转股,计算使用1.8年期 评级为AA 债参考YTM：1.6501,N,40.0,全价：118.633 最后更新：14:59:12,,,,0,{'M': ''},0,0,N,,,buy,buy
2026-08-24 08:10:34,123179,立高转债,lgzz,121.6,0.16,300973,立高食品,lgsp,23.96,-1.96,1.48,94.64,25.32,0,380.31,501.91,340802,食品饮料,szcy,C,2023-03-27,[],0,0,buy,AA-,,66.248,123.032,33.4,buy,2029-03-07,2.537,9.499,834.45,6293.94,0.72,-0.93,,0,15:34:36,00,Y,N,0,0,Y,,2023-09-13 开始转股,计算使用2.6年期 评级为AA- 债参考YTM：2.1110,N,9.5,全价：121.600 最后更新：15:34:36,,,,0,{'M': ''},0,0,N,,,buy,buy
