抓取时间,bond_id,bond_nm,bond_py,price,increase_rt,stock_id,stock_nm,stock_py,sprice,sincrease_rt,pb,convert_price,convert_value,convert_begin,premium_rt,dblow,sw_cd,sw_name,market_cd,btype,list_dt,t_flag,owned,hold,bond_value,rating_cd,option_value,put_convert_price,force_redeem_price,convert_amt_ratio,fund_rt,maturity_dt,year_left,curr_iss_amt,volume,svolume,turnover_rt,ytm_rt,put_ytm_rt,noted,last_time,qstatus,sqflag,pb_flag,adj_cnt,adj_scnt,convert_price_valid,convert_price_tips,convert_cd_tip,ref_yield_info,adjusted,orig_iss_amt,price_tips,redeem_dt,real_force_redeem_price,option_tip,after_next_put_dt,icons,is_min_price,blocked,putting,force_redeem_price_tip,notes,volatility_rate,debt_rate
2026-06-03 12:20:03,128137,洁美转债,jmzz,326.009,8.42,002859,洁美科技,jmkj,86.72,7.86,11.76,26.34,329.23,0,-0.98,325.03,270401,电子,szmb,C,2020-12-01,[],0,0,buy,AA-,,18.438,34.242,1.2,buy,2026-11-04,,4.168,543282.73,284157.03,410.55,,,0,15:34:27,00,Y,N,0,0,Y,,2021-05-10 开始转股,强赎登记日2026-06-16，赎回价格101.266元，如不考虑强赎纯债价值为111.19元，计算使用0.5年期 评级为AA- 债参考YTM：1.7248,N,6.0,全价：326.009 最后更新：15:34:27,2026-06-16,101.266,如不考虑强赎期权价值为229.96元,1,"{'R': '最后交易日 2026年6月16日\r\n最后转股日 2026年6月22日\r\n赎回价 101.266元/张', 'M': ''}",0,0,N,,,buy,buy
2026-06-03 12:20:03,118057,甬矽转债,yxzz,213.647,0.19,688362,甬矽电子,yxdz,60.98,1.46,9.48,28.36,215.02,0,-0.64,213.01,270107,电子,shkc,C,2025-07-16,[],0,0,buy,A+,,19.852,36.868,2.6,buy,2031-06-26,,6.726,298335.11,219169.73,201.31,,,0,15:00:00,00,Y,N,0,0,Y,,2026-01-05 开始转股,强赎登记日2026-06-10，赎回价格100.195元，如不考虑强赎纯债价值为92.61元，计算使用5.1年期 评级为A+ 债参考YTM：4.9755,N,11.65,全价：213.647 最后更新：15:00:00,2026-06-10,100.195,如不考虑强赎期权价值为153.06元,0,"{'R': '最后交易日 2026年6月10日\r\n最后转股日 2026年6月15日\r\n赎回价 100.1945元/张', 'M': ''}",0,0,N,,,buy,buy
2026-06-03 12:20:03,127026,超声转债,cszz,140.4,4.18,000823,超声电子,csdz,16.98,4.69,1.95,12.02,141.27,0,-0.61,139.79,270202,电子,szmb,C,2021-01-14,[],0,0,buy,AA,,8.414,15.626,2.3,buy,2026-12-08,,2.288,111964.1,171409.29,340.69,,,0,15:34:39,00,Y,N,0,0,Y,,2021-06-15 开始转股,强赎登记日2026-06-09，赎回价格101.040元，如不考虑强赎纯债价值为107.19元，计算使用0.6年期 评级为AA 债参考YTM：1.4805,N,7.0,全价：140.400 最后更新：15:34:39,2026-06-09,101.040,如不考虑强赎期权价值为45.61元,1,"{'R': '最后交易日 2026年6月9日\r\n最后转股日 2026年6月12日\r\n赎回价 101.04元/张', 'M': ''}",0,0,N,,,buy,buy
2026-06-03 12:20:03,123198,金埔转债,jpzz,122.43,0.26,301098,金埔园林,jpyl,9.28,0.22,1.68,7.55,122.91,0,-0.39,122.04,620307,建筑装饰,szcy,C,2023-07-07,[],0,0,buy,A,,5.285,9.815,10.9,buy,2029-06-08,,1.72,12331.59,10324.09,58.61,,,0,15:34:27,00,Y,N,1,1,Y,转股价下修1次，成功下修1次,2023-12-14 开始转股,强赎登记日2026-06-16，赎回价格100.062元，如不考虑强赎纯债价值为98.34元，计算使用3.1年期 评级为A 债参考YTM：7.0541,N,5.2,全价：122.430 最后更新：15:34:27,2026-06-16,100.062,如不考虑强赎期权价值为41.19元,0,"{'R': '最后交易日 2026年6月16日\r\n最后转股日 2026年6月22日\r\n赎回价 100.062元/张', 'M': ''}",0,0,N,,,buy,buy
2026-06-03 12:20:03,118033,华特转债,htzz,212.341,20.0,688268,华特气体,htqt,176.27,20.0,10.81,82.75,213.02,0,-0.32,212.02,270601,电子,shkc,C,2023-04-14,[],0,0,buy,AA-,,57.925,107.575,0.4,buy,2029-03-21,,0.908,418470.81,267519.95,2339.63,,,0,14:59:58,00,Y,N,0,0,Y,,2023-09-27 开始转股,强赎登记日2026-06-04，赎回价格100.333元，如不考虑强赎纯债价值为111.45元，计算使用2.8年期 评级为AA- 债参考YTM：2.2518,N,6.46,全价：212.341 最后更新：14:59:58,2026-06-04,100.333,如不考虑强赎期权价值为140.19元,0,"{'R': '最后交易日 2026年6月4日\r\n最后转股日 2026年6月9日\r\n赎回价 100.3329元/张', 'M': ''}",0,0,N,,,buy,buy
2026-06-03 12:20:03,111010,立昂转债,lazz,172.458,7.86,605358,立昂微,law,58.09,7.89,5.41,33.59,172.94,0,-0.28,172.18,270103,电子,shmb,C,2022-12-07,[],0,0,buy,AA,,23.513,43.667,4.4,buy,2028-11-14,2.452,18.394,412803.55,468213.36,127.59,-15.37,,0,15:00:00,00,Y,N,1,1,Y,转股价下修1次，成功下修1次,2023-05-18 开始转股,已公告要强赎，如不考虑强赎纯债价值为110.71元，计算使用2.5年期 评级为AA 债参考YTM：1.7037,N,33.9,全价：172.458 最后更新：15:00:00,,,如不考虑强赎期权价值为91.38元,0,"{'O': '', 'M': ''}",0,0,N,,,buy,buy
2026-06-03 12:20:03,123061,航新转债,hxzz,131.373,-2.9,300424,航新科技,hxkj,19.51,-1.86,6.51,14.82,131.65,0,-0.21,131.16,650201,国防军工,szcy,C,2020-08-18,[],0,0,buy,BBB,,10.374,19.266,3.1,buy,2026-07-22,,1.5,33530.65,29620.19,165.47,,,0,15:34:00,00,Y,N,0,0,Y,,2021-01-28 开始转股,强赎登记日2026-07-02，赎回价格102.885元，如不考虑强赎纯债价值为115.85元，计算使用0.2年期 评级为BBB 债参考YTM：14.6985,N,2.5,全价：131.373 最后更新：15:34:00,2026-07-02,102.885,如不考虑强赎期权价值为32.21元,1,{'R': '最后交易日 2026年7月2日\r\n最后转股日 2026年7月7日\r\n赎回价 102.885元/张'},0,0,N,,,buy,buy
2026-06-03 12:20:03,118018,瑞科转债,rkzz,145.59,1.27,688323,瑞华泰,rht,30.6,1.36,6.57,21.0,145.71,0,-0.09,145.5,220505,基础化工,shkc,C,2022-09-14,[],0,0,buy,A,,14.7,27.3,4.5,buy,2028-08-18,2.211,2.608,85636.41,41172.24,223.93,-10.92,,0,14:59:59,00,Y,N,1,1,Y,转股价下修1次，成功下修1次,2023-02-24 开始转股,已公告要强赎，如不考虑强赎纯债价值为98.35元，计算使用2.3年期 评级为A 债参考YTM：6.7602,N,4.3,全价：145.590 最后更新：14:59:59,,,如不考虑强赎期权价值为81.74元,0,"{'O': '', 'M': ''}",0,0,N,,,buy,buy
2026-06-03 12:20:03,123207,冠中转债,gzzz,265.4,-0.53,300948,冠中生态,gzst,27.73,0.04,4.67,10.44,265.61,0,-0.08,265.32,620307,建筑装饰,szcy,C,2023-08-09,[],0,0,buy,A-,,7.308,13.572,3.5,buy,2029-07-21,3.134,1.497,33689.15,17656.37,84.04,-22.74,,0,15:34:39,00,Y,N,1,1,Y,转股价下修1次，成功下修1次,2024-01-29 开始转股,计算使用3.2年期 评级为A- 债参考YTM：9.4286,N,4.0,全价：265.400 最后更新：15:34:39,,,,0,{'M': ''},0,0,N,,,buy,buy
2026-06-03 12:20:03,118041,星球转债,xqzz,125.946,-1.31,688633,星球石墨,xqsm,29.15,-1.65,2.58,23.14,125.97,0,-0.02,125.93,640203,机械设备,shkc,C,2023-08-22,[],0,0,buy,A+,,16.198,30.082,1.7,buy,2029-07-31,,0.817,8625.45,15071.44,83.17,,,0,14:59:59,00,Y,N,0,0,Y,,2024-02-05 开始转股,强赎登记日2026-06-04，赎回价格100.860元，如不考虑强赎纯债价值为103.48元，计算使用3.2年期 评级为A+ 债参考YTM：4.7286,N,6.2,全价：125.946 最后更新：14:59:59,2026-06-04,100.860,如不考虑强赎期权价值为49.38元,0,"{'R': '最后交易日 2026年6月4日\r\n最后转股日 2026年6月9日\r\n赎回价 100.8603元/张', 'M': ''}",0,0,N,,,buy,buy
2026-06-03 12:20:03,127090,兴瑞转债,xrzz,136.847,-0.26,002937,兴瑞科技,xrkj,34.6,-0.94,6.7,25.3,136.76,0,0.06,136.91,280206,汽车,szmb,C,2023-08-15,[],0,0,buy,AA-,,17.71,32.89,2.1,buy,2029-07-24,,2.223,18642.0,39475.97,61.27,,,0,15:34:06,00,Y,N,0,0,Y,,2024-01-29 开始转股,强赎登记日2026-06-10，赎回价格100.717元，如不考虑强赎纯债价值为110.05元，计算使用3.2年期 评级为AA- 债参考YTM：2.3766,N,4.62,全价：136.847 最后更新：15:34:06,2026-06-10,100.717,如不考虑强赎期权价值为56.37元,0,"{'R': '最后交易日 2026年6月10日\r\n最后转股日 2026年6月15日\r\n赎回价 100.717元/张', 'M': ''}",0,0,N,,,buy,buy
2026-06-03 12:20:03,127066,科利转债,klzz,117.5,-1.09,002850,科达利,kdl,171.66,-1.27,3.44,146.2,117.42,0,0.07,117.57,630701,电力设备,szmb,C,2022-08-03,[],0,0,buy,AA,,102.34,190.06,3.0,buy,2028-07-08,,10.287,16191.96,81806.07,13.31,,,0,15:34:21,00,Y,N,0,0,Y,,2023-01-16 开始转股,强赎登记日2026-06-09，赎回价格101.405元，如不考虑强赎纯债价值为109.56元，计算使用2.1年期 评级为AA 债参考YTM：1.6501,N,15.344,全价：117.500 最后更新：15:34:21,2026-06-09,101.405,如不考虑强赎期权价值为40.48元,0,"{'R': '最后交易日 2026年6月9日\r\n最后转股日 2026年6月12日\r\n赎回价 101.405元/张', 'M': ''}",0,0,N,,,buy,buy
2026-06-03 12:20:03,113644,艾迪转债,adzz,117.803,0.14,603638,艾迪精密,adjm,21.93,0.05,4.79,18.65,117.59,0,0.18,117.98,640602,机械设备,shmb,C,2022-05-12,[],0,0,buy,AA-,,13.055,24.245,3.5,buy,2028-04-15,1.869,6.477,23355.33,20015.6,30.33,-0.37,,0,14:59:58,00,Y,N,1,1,Y,转股价下修1次，成功下修1次,2022-11-18 开始转股,已公告要强赎，如不考虑强赎纯债价值为112.86元，计算使用1.9年期 评级为AA- 债参考YTM：1.9671,N,10.0,全价：117.803 最后更新：14:59:58,,,如不考虑强赎期权价值为30.38元,1,"{'O': '', 'M': ''}",0,0,N,,,buy,buy
2026-06-03 12:20:03,111023,利柏转债,lbzz,125.529,-2.35,605167,利柏特,lbt,15.12,-2.39,3.28,12.14,124.55,0,0.79,126.32,620402,建筑装饰,shmb,C,2025-07-22,[],0,0,buy,AA,,8.498,15.782,8.8,buy,2031-07-03,5.085,6.132,14897.54,8079.93,19.27,-1.9,,0,14:59:59,00,Y,N,0,0,N,2026-06-03 起暂停转股：权益分派,2026-01-09 开始转股;2026-06-03 起暂停转股：权益分派,已公告要强赎，如不考虑强赎纯债价值为103.19元，计算使用5.1年期 评级为AA 债参考YTM：2.0072,N,7.5,全价：125.529 最后更新：14:59:59,,,如不考虑强赎期权价值为63.97元,0,{'O': ''},0,0,N,,,buy,buy
2026-06-03 12:20:03,113056,重银转债,cyzz,128.866,0.33,601963,重庆银行,cqyh,12.01,1.61,0.66,9.5,126.42,0,1.93,130.8,480401,银行,shmb,C,2022-04-14,[],0,0,buy,AAA,,,12.35,47.3,buy,2028-03-23,1.806,115.631,20932.67,15745.9,1.41,-7.34,,0,14:59:35,00,Y,N,0,0,Y,,2022-09-30 开始转股,计算使用1.9年期 评级为AAA 债参考YTM：1.5309,N,130.0,全价：128.866 最后更新：14:59:35,,,,0,[],0,0,N,,,buy,buy
2026-06-03 12:20:03,123271,通合转债,thzz,100.0,0.0,300491,通合科技,thkj,32.44,-0.8,4.77,33.18,97.77,188,2.28,102.28,630306,电力设备,szcy,C,,[],0,0,buy,AA,,23.226,43.134,10.2,buy,2032-06-01,6.0,5.22,0.0,47001.48,0.0,2.93,,0,,00,Y,N,0,0,Y,,未到转股期；2026-12-08 开始转股,计算使用6.0年期 评级为AA 债参考YTM：2.1721,N,5.22,待上市,,,,0,[],0,0,N,,,buy,buy
2026-06-03 12:20:03,111001,山玻转债,sbzz,157.5,-4.64,605006,山东玻纤,sdbx,17.19,2.02,4.16,11.18,153.76,0,2.43,159.93,610202,建筑材料,shmb,C,2021-12-06,[],0,0,buy,AA-,,7.826,14.534,2.6,buy,2027-11-08,1.433,2.828,161406.69,123849.27,357.51,-19.0,,0,15:00:00,00,Y,N,0,0,Y,,2022-05-12 开始转股,已公告要强赎，如不考虑强赎纯债价值为113.76元，计算使用1.5年期 评级为AA- 债参考YTM：1.8806,N,6.0,全价：157.500 最后更新：15:00:00,,,如不考虑强赎期权价值为70.55元,0,"{'O': '', 'EX': '临沂矿业集团有限责任公司转股减持52.74% 2026年05月26日公告'}",0,0,N,,,buy,buy
2026-06-03 12:20:03,118068,迪威转债,dwzz,100.0,0.0,688377,迪威尔,dwe,31.69,5.7,3.87,32.49,97.54,190,2.52,102.52,640203,机械设备,shkc,C,,[],0,0,buy,AA-,,22.743,42.237,12.3,buy,2032-06-03,6.003,9.08,0.0,20563.02,0.0,2.19,,0,,00,Y,N,0,0,Y,,未到转股期；2026-12-10 开始转股,计算使用6.1年期 评级为AA- 债参考YTM：3.4553,N,9.08,待上市,,,,0,{'M': ''},0,0,N,,,buy,buy
2026-06-03 12:20:03,110084,贵燃转债,grzz,133.559,-1.92,600903,贵州燃气,gzrq,9.26,-3.84,3.3,7.11,130.24,0,2.55,136.11,410301,公用事业,shmb,C,2022-01-18,[],0,0,buy,AA,,4.977,9.243,7.6,buy,2027-12-27,1.567,8.157,23959.62,36975.97,21.92,-10.83,,0,14:59:57,00,Y,N,1,1,Y,转股价下修1次，成功下修1次,2022-07-01 开始转股,计算使用1.6年期 评级为AA 债参考YTM：1.5880,N,10.0,全价：133.559 最后更新：14:59:57,,,,1,{'M': ''},0,0,N,,,buy,buy
2026-06-03 12:20:03,123245,集智转债,jzzz,360.614,-0.86,300553,集智股份,jzgf,63.5,0.13,8.29,18.06,351.61,0,2.56,363.17,640107,机械设备,szcy,C,2024-08-28,[],0,0,buy,A,,12.642,23.478,2.8,buy,2030-08-14,4.2,1.538,26065.44,16163.82,46.26,-23.29,,0,15:34:51,00,Y,N,0,0,Y,,2025-02-20 开始转股,计算使用4.2年期 评级为A 债参考YTM：7.2064,N,2.546,全价：360.614 最后更新：15:34:51,,,,0,[],0,0,N,,,buy,buy
2026-06-03 12:20:03,110074,精达转债,jdzz,395.241,-2.78,600577,精达股份,jdgf,12.52,-0.79,4.29,3.26,384.05,0,2.91,398.15,630805,电力设备,shmb,C,2020-09-21,[],0,0,buy,AA,,2.282,4.238,1.0,buy,2026-08-19,0.211,2.584,41203.41,81746.25,39.69,-344.2,,0,14:59:59,00,Y,N,0,0,Y,,2021-02-25 开始转股,计算使用0.3年期 评级为AA 债参考YTM：1.4614,N,7.87,全价：395.241 最后更新：14:59:59,,,,1,"{'G': '本次（2025年12月19日至2026年1月12日）不提前赎回，以2026年6月13日为首个交易日重新计算', 'M': ''}",0,0,N,,,buy,buy
2026-06-03 12:20:03,127096,泰坦转债,ttzz,530.543,3.9,003036,泰坦股份,ttgf,68.05,0.37,9.79,13.2,515.53,0,2.91,533.45,640206,机械设备,szmb,C,2023-11-15,[],0,0,buy,A,,9.24,17.16,2.0,buy,2029-10-25,3.397,2.902,398415.03,93372.81,257.14,-35.85,,0,15:34:42,00,Y,N,0,0,Y,,2024-05-06 开始转股,计算使用3.4年期 评级为A 债参考YTM：7.1126,N,2.955,全价：530.543 最后更新：15:34:42,,,,0,{'G': '本次（2026年2月9日至2026年3月11日）不提前赎回，以2026年6月11日后首个交易日起重新计算'},0,0,N,,,buy,buy
2026-06-03 12:20:03,123188,水羊转债,syzz,186.001,-0.66,300740,水羊股份,sygf,24.45,-0.85,4.21,13.54,180.58,0,3.0,189.0,770202,美容护理,szcy,C,2023-04-25,[],0,0,buy,A+,,9.478,17.602,7.3,buy,2029-04-04,2.838,6.422,12836.63,22112.83,10.7,-14.71,,0,15:34:36,00,Y,N,0,0,Y,,2023-10-11 开始转股,计算使用2.9年期 评级为A+ 债参考YTM：4.6374,N,6.95,全价：186.001 最后更新：15:34:36,,,,0,"{'G': '本次（2026年3月2日至2026年3月20日）不提前赎回，自2026年6月20日后首个交易日重新计算', 'M': ''}",0,0,N,,,buy,buy
2026-06-03 12:20:03,118025,奕瑞转债,yrzz,163.282,-1.3,688301,奕瑞科技,yrkj,180.9,-0.87,5.91,114.97,157.35,0,3.77,167.05,370502,医药生物,shkc,C,2022-11-18,[],0,0,buy,AA,,80.479,149.461,3.7,buy,2028-10-24,2.395,14.217,59113.16,185359.7,24.73,-14.38,,0,14:59:57,00,Y,N,1,1,Y,转股价下修1次，成功下修1次,2023-04-28 开始转股,计算使用2.4年期 评级为AA 债参考YTM：1.6899,N,14.35,全价：163.282 最后更新：14:59:57,,,,0,{'M': ''},0,0,N,,,buy,buy
2026-06-03 12:20:03,113667,春23转债,c23zz,320.971,-8.48,603890,春秋电子,cqdz,31.33,4.36,4.15,10.15,308.67,0,3.99,324.96,270504,电子,shmb,C,2023-04-11,[],0,0,buy,AA-,,7.105,13.195,4.1,buy,2029-03-17,2.789,5.697,499331.95,493597.45,266.29,-30.36,,0,15:00:00,00,Y,N,0,0,Y,,2023-09-25 开始转股,计算使用2.8年期 评级为AA- 债参考YTM：2.2518,N,5.7,全价：320.971 最后更新：15:00:00,,,,0,"{'G': '本次（2026年3月27日至2026年4月17日）不提前赎回，自2026年7月17日之后的首个交易日重新起算', 'M': ''}",0,0,N,,,buy,buy
2026-06-03 12:20:03,110077,洪城转债,hczz,212.8,-2.07,600461,洪城环境,hchj,9.93,-1.1,1.24,4.88,203.48,0,4.58,217.38,760102,环保,shmb,C,2020-12-17,[],0,0,buy,AA+,,3.416,6.344,5.2,buy,2026-11-20,0.466,6.685,6793.78,10897.77,4.77,-104.34,,0,14:59:53,00,Y,N,0,0,Y,,2021-05-26 开始转股,计算使用0.5年期 评级为AA+ 债参考YTM：1.4548,N,18.0,全价：212.800 最后更新：14:59:53,,,,1,"{'G': '本次（2025年6月22日至2025年7月11日）不提前赎回，以2026年7月12日为首个交易日重新计算', 'M': ''}",0,0,N,,,buy,buy
2026-06-03 12:20:03,127079,华亚转债,hyzz,209.201,0.92,003043,华亚智能,hyzn,61.43,2.57,4.44,30.73,199.9,0,4.65,213.85,270108,电子,szmb,C,2023-01-16,[],0,0,buy,A+,,21.511,39.949,6.0,buy,2028-12-16,2.54,3.106,32062.3,32621.17,48.37,-20.19,,0,15:34:12,00,Y,N,2,2,N,"转股价下修2次，成功下修2次
2026-06-01 至 2026-06-08 期间暂停转股：权益分派
转股价30.730生效日期2025-11-18",2023-06-26 开始转股;2026-06-01 至 2026-06-08 期间暂停转股：权益分派,计算使用2.6年期 评级为A+ 债参考YTM：4.5212,N,3.4,全价：209.201 最后更新：15:34:12,,,,0,[],0,0,N,,,buy,buy
2026-06-03 12:20:03,113681,镇洋转债,zyzz,137.457,-0.85,603213,镇洋发展,zyfz,14.3,-1.99,3.2,10.95,130.59,0,5.26,142.72,220202,基础化工,shmb,C,2024-01-17,[],0,0,buy,AA-,,7.665,14.235,9.2,buy,2029-12-29,3.575,5.797,5744.57,12376.84,7.18,-3.95,,0,14:59:54,00,Y,N,0,0,Y,,2024-07-05 开始转股,计算使用3.6年期 评级为AA- 债参考YTM：2.4284,N,6.6,全价：137.457 最后更新：14:59:54,,,,0,[],0,0,N,,,buy,buy
2026-06-03 12:20:03,118016,京源转债,jyzz,194.988,0.57,688096,京源环保,jyhb,12.79,0.39,3.57,6.91,185.09,0,5.35,200.34,760102,环保,shkc,C,2022-08-25,[],0,0,buy,A,,4.837,8.983,5.5,buy,2028-08-05,2.175,1.675,41099.68,11557.81,124.7,-20.56,,0,14:59:58,00,Y,N,0,0,Y,,2023-02-13 开始转股,计算使用2.2年期 评级为A 债参考YTM：6.7283,N,3.325,全价：194.988 最后更新：14:59:58,,,,0,"{'G': '本次（2026年5月11日至2026年5月29日）不提前赎回，以2026年8月30日（若为非交易日则顺延）为首个交易日重新计算', 'M': ''}",0,0,N,,,buy,buy
2026-06-03 12:20:03,128136,立讯转债,lxzz,140.801,-0.85,002475,立讯精密,lxjm,74.8,1.08,6.14,55.97,133.64,0,5.36,146.16,270504,电子,szmb,C,2020-12-02,[],0,0,buy,AA+,,39.179,72.761,0.5,buy,2026-11-03,0.419,29.924,99033.09,2007382.26,23.03,-55.95,,0,15:34:24,00,Y,N,0,0,Y,,2021-05-10 开始转股,计算使用0.5年期 评级为AA+ 债参考YTM：1.4548,N,30.0,全价：140.801 最后更新：15:34:24,,,,1,{'M': ''},0,0,N,,,buy,buy
2026-06-03 12:20:03,113046,金田转债,jtzz,139.349,0.19,601609,金田股份,jtgf,13.58,7.78,2.29,10.32,131.59,0,5.9,145.25,240302,有色金属,shmb,C,2021-04-12,[],0,0,buy,AA+,,7.224,13.416,6.4,buy,2027-03-22,0.8,14.992,102832.57,153573.31,47.6,-26.33,,0,14:59:59,00,Y,N,0,0,N,2026-05-28 至 2026-06-05 期间暂停转股：权益分派,2021-09-27 开始转股;2026-05-28 至 2026-06-05 期间暂停转股：权益分派,计算使用0.8年期 评级为AA+ 债参考YTM：1.4721,N,15.0,全价：139.349 最后更新：14:59:59,,,,1,{'M': ''},0,0,N,,,buy,buy
2026-06-03 12:20:03,113632,鹤21转债,h21zz,142.258,1.26,603733,仙鹤股份,xhgf,25.42,3.46,2.0,18.99,133.86,0,6.27,148.53,360103,轻工制造,shmb,C,2021-12-09,[],0,0,buy,AA,,13.293,24.687,11.2,buy,2027-11-17,1.458,20.166,17480.37,32124.09,6.13,-14.36,,0,14:59:46,00,Y,N,2,2,Y,转股价下修2次，成功下修2次,2022-05-23 开始转股,计算使用1.5年期 评级为AA 债参考YTM：1.5756,N,20.5,全价：142.258 最后更新：14:59:46,,,,1,{'M': ''},0,0,N,,,buy,buy
2026-06-03 12:20:03,127041,弘亚转债,hyzz,117.201,-0.21,002833,弘亚数控,hysk,18.05,-0.33,2.51,16.4,110.06,0,6.49,123.69,640209,机械设备,szmb,C,2021-08-10,[],0,0,buy,AA-,,11.48,21.32,10.5,buy,2026-07-12,0.107,5.525,6145.27,13071.6,9.5,-17.14,,0,15:34:24,00,Y,N,1,1,Y,转股价下修1次，成功下修1次,2022-01-17 开始转股,计算使用0.2年期 评级为AA- 债参考YTM：1.6596,N,6.0,全价：117.201 最后更新：15:34:24,,,,1,{'R': '到期\n最后交易日：2026-07-07\n最后转股日：2026-07-10\n'},0,0,N,,,buy,buy
2026-06-03 12:20:03,123243,严牌转债,ypzz,276.5,-3.83,301081,严牌股份,ypgf,18.81,-2.34,3.93,7.27,258.74,0,6.87,283.37,760201,环保,szcy,C,2024-07-26,[],0,0,buy,A+,,5.089,9.451,6.2,buy,2030-07-10,4.104,2.607,48014.99,14370.28,65.71,-18.88,,0,15:34:48,00,Y,N,0,0,Y,,2025-01-16 开始转股,计算使用4.2年期 评级为A+ 债参考YTM：4.8564,N,4.679,全价：276.500 最后更新：15:34:48,,,,0,"{'G': '本次（2026年5月6日至2026年5月26日）不提问赎回，以2026年8月26日后的首个交易日重新计算', 'M': ''}",0,0,N,,,buy,buy
2026-06-03 12:20:03,113062,常银转债,cyzz,129.66,-0.26,601128,常熟银行,csyh,7.06,-1.67,0.72,5.89,119.86,0,8.17,137.83,480501,银行,shmb,C,2022-10-17,[],0,0,buy,AAA,,,7.657,25.6,buy,2028-09-15,2.288,59.994,9954.59,35372.24,1.28,-7.29,,0,14:59:52,00,Y,N,0,0,N,2026-06-02 至 2026-06-08 期间暂停转股：权益分派,2023-03-21 开始转股;2026-06-02 至 2026-06-08 期间暂停转股：权益分派,计算使用2.3年期 评级为AAA 债参考YTM：1.5599,N,60.0,全价：129.660 最后更新：14:59:52,,,,0,{'M': ''},0,0,N,,,buy,buy
2026-06-03 12:20:03,113042,上银转债,syzz,117.457,-0.95,601229,上海银行,shyh,9.26,-0.43,0.5,8.57,108.05,0,8.7,126.16,480401,银行,shmb,C,2021-02-10,[],0,0,buy,AAA,,,11.141,15.2,buy,2027-01-25,0.647,199.775,30589.12,33247.14,1.3,-7.19,,0,14:59:29,00,Y,Y,0,0,N,2026-06-01 至 2026-06-05 期间暂停转股：权益分派,2021-07-29 开始转股;2026-06-01 至 2026-06-05 期间暂停转股：权益分派,计算使用0.7年期 评级为AAA 债参考YTM：1.4359,N,200.0,全价：117.457 最后更新：14:59:29,,,,0,{'M': ''},0,0,N,,,buy,buy
2026-06-03 12:20:03,127078,优彩转债,yczz,141.764,-0.08,002998,优彩资源,yczy,8.14,-1.09,1.59,6.31,129.0,0,9.89,151.65,220401,基础化工,szmb,C,2023-01-09,[],0,0,buy,A+,,4.417,8.203,18.9,buy,2028-12-14,2.534,4.158,10542.3,4024.82,17.97,-6.71,,0,15:33:57,00,Y,N,0,0,Y,,2023-06-20 开始转股,计算使用2.6年期 评级为A+ 债参考YTM：4.5212,N,6.0,全价：141.764 最后更新：15:33:57,,,,0,[],0,0,N,,,buy,buy
2026-06-03 12:20:03,127110,广核转债,ghzz,138.39,-0.08,003816,中国广核,zggh,4.61,-1.07,1.85,3.67,125.61,0,10.17,148.56,410108,公用事业,szmb,C,2025-07-25,[],0,0,buy,AAA,,2.569,4.771,2.7,buy,2031-07-09,5.101,48.993,31056.38,71183.9,4.6,-4.43,,0,15:34:51,00,Y,N,0,0,Y,,2026-01-15 开始转股,计算使用5.2年期 评级为AAA 债参考YTM：1.7583,N,49.0,全价：138.390 最后更新：15:34:51,,,,0,"{'M': '', 'EX': '中国广核集团有限公司竞价、大宗减持10.30% 2026年05月26日公告'}",0,0,N,,,buy,buy
2026-06-03 12:20:03,113058,友发转债,yfzz,137.053,-2.08,601686,友发集团,yfjt,5.56,-6.24,1.19,4.48,124.11,0,10.43,147.48,230403,钢铁,shmb,C,2022-04-26,[],0,0,buy,AA,,3.136,5.824,22.8,buy,2028-03-30,1.825,18.638,24612.88,27470.66,9.59,-9.78,,0,14:59:57,00,Y,N,2,2,Y,转股价下修2次，成功下修2次,2022-10-10 开始转股,计算使用1.9年期 评级为AA 债参考YTM：1.6255,N,20.0,全价：137.053 最后更新：14:59:57,,,,1,[],0,0,N,,,buy,buy
2026-06-03 12:20:03,123091,长海转债,chzz,184.016,-2.74,300196,长海股份,chgf,24.97,-6.06,2.09,14.99,166.58,0,10.47,194.49,610202,建筑材料,szcy,C,2021-01-15,[],0,0,buy,AA,,10.493,19.487,8.9,buy,2026-12-23,0.556,5.482,61313.51,147303.25,60.17,-71.7,,0,15:34:03,00,Y,N,0,0,Y,,2021-06-29 开始转股,计算使用0.6年期 评级为AA 债参考YTM：1.4805,N,5.5,全价：184.016 最后更新：15:34:03,,,,1,{'G': '本次（2026年4月14日至2026年5月26日）不提前赎回，自2026年8月26日后的首个交易日重新计算'},0,0,N,,,buy,buy
2026-06-03 12:20:03,118011,银微转债,ywzz,139.858,-0.46,688689,银河微电,yhwd,39.61,2.54,3.64,31.3,126.55,0,10.52,150.38,270102,电子,shkc,C,2022-08-02,[],0,0,buy,A+,,21.91,40.69,9.8,buy,2028-07-04,2.088,4.997,29921.2,12660.46,42.69,-7.54,,0,15:00:00,00,Y,N,0,0,Y,,2023-01-09 开始转股,计算使用2.1年期 评级为A+ 债参考YTM：4.3506,N,5.0,全价：139.858 最后更新：15:00:00,,,,0,{'M': ''},0,0,N,,,buy,buy
2026-06-03 12:20:03,113589,天创转债,tczz,179.176,-1.85,603608,天创时尚,tcss,19.9,3.06,7.55,12.29,161.92,0,10.66,189.84,350205,纺织服饰,shmb,C,2020-07-16,[],0,0,buy,A-,,8.603,15.977,0.8,buy,2026-06-24,0.058,0.661,70642.45,65858.73,582.14,-704.52,,0,15:00:00,00,Y,N,0,0,Y,,2021-01-04 开始转股,计算使用0.1年期 评级为A- 债参考YTM：8.7037,N,6.0,全价：179.176 最后更新：15:00:00,,,,0,{'R': '到期\n最后交易日：2026-06-17\n最后转股日：2026-06-23\n债券到期日：2026-06-24\n到期赎回价：110.000元/张'},0,0,N,,,buy,buy
2026-06-03 12:20:03,118050,航宇转债,hyzz,255.179,-13.88,688239,航宇科技,hykj,57.12,-0.47,5.3,24.96,228.85,0,11.51,266.69,650201,国防军工,shkc,C,2024-09-10,[],0,0,buy,AA-,,17.472,32.448,6.1,buy,2030-08-21,4.219,6.667,162345.18,24280.26,92.76,-16.66,,0,15:00:00,00,Y,N,0,0,Y,,2025-02-27 开始转股,计算使用4.3年期 评级为AA- 债参考YTM：2.5091,N,6.67,全价：255.179 最后更新：15:00:00,,,,0,{'M': ''},0,0,N,,,buy,buy
2026-06-03 12:20:03,113051,节能转债,jnzz,163.997,-0.62,601016,节能风电,jnfd,4.87,-1.22,1.76,3.33,146.25,0,12.14,176.14,410107,公用事业,shmb,C,2021-07-22,[],0,0,buy,AA+,,2.331,4.329,9.0,buy,2027-06-21,1.049,26.52,89308.17,217926.89,20.35,-30.92,,0,14:59:59,00,Y,N,1,0,Y,转股价下修1次，成功下修0次,2021-12-27 开始转股,计算使用1.1年期 评级为AA+ 债参考YTM：1.4939,N,30.0,全价：163.997 最后更新：14:59:59,,,,1,"{'G': '本次（2026年4月23日至2026年5月19日）不提前赎回，自2026年8月19日之后的首个交易日重新起算', 'M': ''}",0,0,N,,,buy,buy
2026-06-03 12:20:03,123213,天源转债,tyzz,221.898,2.49,301127,武汉天源,whty,14.12,5.53,2.76,7.14,197.76,0,12.21,234.11,760102,环保,szcy,C,2023-08-16,[],0,0,buy,AA-,,4.998,9.282,3.5,buy,2029-07-28,3.153,3.26,17967.07,28288.46,24.99,-18.8,,0,15:34:33,00,Y,N,0,0,Y,,2024-02-05 开始转股,计算使用3.2年期 评级为AA- 债参考YTM：2.3766,N,10.0,全价：221.898 最后更新：15:34:33,,,,0,"{'G': '本次（2026年3月13日至2026年4月2日）不提前赎回，自2026年10月2日后首个交易日重新计算', 'M': ''}",0,0,N,,,buy,buy
2026-06-03 12:20:03,113588,润达转债,rdzz,109.391,-0.89,603108,润达医疗,rdyl,12.63,-4.17,2.05,12.97,97.38,0,12.34,121.73,370402,医药生物,shmb,C,2020-07-13,[],0,0,buy,AA,,9.079,16.861,3.0,buy,2026-06-17,0.038,2.318,7418.74,26685.85,29.24,-10.04,,0,14:59:59,00,Y,N,0,0,Y,,2020-12-23 开始转股,计算使用0.1年期 评级为AA 债参考YTM：1.4537,N,5.5,全价：109.391 最后更新：14:59:59,,,,1,"{'R': '到期\n最后交易日：2026-06-11\n最后转股日：2026-06-16\n债券到期日：2026-06-17\n到期赎回价：109.000元/张', 'M': ''}",0,0,N,,,buy,buy
2026-06-03 12:20:03,113631,皖天转债,wtzz,140.063,-0.8,603689,皖天然气,wtrq,8.1,-1.1,1.12,6.51,124.42,0,12.57,152.63,410301,公用事业,shmb,C,2021-12-10,[],0,0,buy,AA+,,4.557,8.463,14.1,buy,2027-11-08,1.433,5.958,4655.94,4636.16,5.57,-14.7,,0,14:59:54,00,Y,N,0,0,Y,,2022-05-12 开始转股,计算使用1.5年期 评级为AA+ 债参考YTM：1.5331,N,9.3,全价：140.063 最后更新：14:59:54,,,,1,[],0,0,N,,,buy,buy
2026-06-03 12:20:03,113039,嘉泽转债,jzzz,209.681,-2.93,601619,嘉泽新能,jzxn,5.42,-1.45,1.97,2.91,186.25,0,12.58,222.26,410107,公用事业,shmb,C,2020-09-17,[],0,0,buy,AA,,2.037,3.783,2.2,buy,2026-08-24,0.225,2.865,36652.25,25549.02,60.18,-215.81,,0,14:59:58,00,Y,N,0,0,Y,,2021-03-01 开始转股,计算使用0.3年期 评级为AA 债参考YTM：1.4614,N,13.0,全价：209.681 最后更新：14:59:58,,,,1,"{'G': '本次（2026年3月26日至2026年4月16日）不提前赎回，至到期日（2026年8月23日）均不行使赎回权利', 'M': ''}",0,0,N,,,buy,buy
2026-06-03 12:20:03,123241,欧通转债,otzz,991.0,-1.64,300870,欧陆通,olt,271.0,-0.22,15.66,30.8,879.87,0,12.63,1003.63,630306,电力设备,szcy,C,2024-07-26,[],0,0,buy,AA-,,21.56,40.04,0.6,buy,2030-07-05,4.09,2.605,160566.61,125364.61,60.51,-41.16,,0,15:34:45,00,Y,N,0,0,Y,,2025-01-13 开始转股,计算使用4.1年期 评级为AA- 债参考YTM：2.4822,N,6.445,全价：991.000 最后更新：15:34:45,,,,0,"{'G': '本次（2026年4月14日至2026年5月7日）不提前赎回，自2026年8月7日后首个交易日重新计算', 'M': ''}",0,0,N,,,buy,buy
2026-06-03 12:20:03,123270,盛德转债,sdzz,100.0,0.0,300881,盛德鑫泰,sdxt,47.57,-3.63,4.23,53.68,88.62,187,12.84,112.84,230501,钢铁,szcy,C,,[],0,0,buy,A+,,37.576,69.784,14.8,buy,2032-05-31,5.997,4.05,0.0,13927.05,0.0,2.83,,0,,00,Y,N,0,0,Y,,未到转股期；2026-12-07 开始转股,计算使用6.0年期 评级为A+ 债参考YTM：5.7621,N,4.05,待上市,,,,0,{'M': ''},0,0,N,,,buy,buy
2026-06-03 12:20:03,123187,超达转债,cdzz,236.689,-2.56,301186,超达装备,cdzb,64.3,-1.5,3.23,30.98,207.55,0,14.04,250.73,280205,汽车,szcy,C,2023-04-25,[],0,0,buy,A,,21.686,40.274,4.5,buy,2029-04-04,2.838,2.242,11402.07,7699.47,21.27,-21.8,,0,15:34:33,00,Y,N,0,0,Y,,2023-10-11 开始转股,计算使用2.9年期 评级为A 债参考YTM：6.9874,N,4.69,全价：236.689 最后更新：15:34:33,,,,0,"{'G': '本次（2026年4月10日至2026年4月30日）不提前赎回，以2026年7月31日之后的首个交易日重新起算', 'M': ''}",0,0,N,,,buy,buy
2026-06-03 12:20:03,123216,科顺转债,kszz,141.0,-0.18,300737,科顺股份,ksgf,8.15,7.38,2.24,6.61,123.3,0,14.36,155.36,610304,建筑材料,szcy,C,2023-08-23,[],0,0,buy,AA,,4.627,8.593,30.4,buy,2029-08-04,3.173,21.978,36684.47,73680.6,11.79,-5.24,,0,15:34:33,00,Y,N,2,1,Y,转股价下修2次，成功下修1次,2024-02-19 开始转股,计算使用3.2年期 评级为AA 债参考YTM：1.8010,N,21.98,全价：141.000 最后更新：15:34:33,,,,0,{'M': ''},0,0,N,,,buy,buy
2026-06-03 12:20:03,127084,柳工转2,lgz2,140.005,0.21,000528,柳工,lg,8.87,-1.22,0.95,7.3,121.51,0,15.22,155.23,640601,机械设备,szmb,C,2023-04-20,[],0,0,buy,AAA,,5.11,9.49,13.8,buy,2029-03-27,2.816,24.809,12399.1,20817.46,3.58,-6.62,,0,15:34:15,00,Y,N,0,0,N,2026-05-25 至 2026-06-03 期间暂停转股：权益分派,2023-10-09 开始转股;2026-05-25 至 2026-06-03 期间暂停转股：权益分派,计算使用2.9年期 评级为AAA 债参考YTM：1.6057,N,30.0,全价：140.005 最后更新：15:34:15,,,,0,{'M': ''},0,0,N,,,buy,buy
2026-06-03 12:20:03,127040,国泰转债,gtzz,130.458,-1.37,002091,江苏国泰,jsgt,8.66,-3.78,0.86,7.65,113.2,0,15.24,145.7,450201,商贸零售,szmb,C,2021-08-10,[],0,0,buy,AA+,,5.355,9.945,28.8,buy,2027-07-07,1.093,39.863,7561.43,24869.35,1.45,-14.81,,0,15:34:21,00,Y,N,0,0,N,2026-05-29 至 2026-06-05 期间暂停转股：权益分派,2022-01-13 开始转股;2026-05-29 至 2026-06-05 期间暂停转股：权益分派,计算使用1.1年期 评级为AA+ 债参考YTM：1.4939,N,45.574,全价：130.458 最后更新：15:34:21,,,,1,{'M': ''},0,0,N,,,buy,buy
2026-06-03 12:20:03,128127,文科转债,wkzz,114.55,-0.27,002775,文科股份,wkgf,3.88,-2.51,44.09,3.92,98.98,0,15.73,130.28,620307,建筑装饰,szmb,C,2020-09-11,[],0,0,buy,A-,,2.744,5.096,35.1,buy,2026-08-20,0.214,7.843,2635.27,4729.89,2.93,1.86,,0,15:34:36,00,Y,N,2,2,Y,转股价下修2次，成功下修2次,2021-03-01 开始转股,计算使用0.3年期 评级为A- 债参考YTM：8.7136,N,9.5,全价：114.550 最后更新：15:34:36,,,,1,[],0,0,N,,,buy,buy
2026-06-03 12:20:03,127034,绿茵转债,lyzz,137.054,0.84,002887,绿茵生态,lyst,13.61,0.89,1.7,11.51,118.25,0,15.91,152.96,760104,环保,szmb,C,2021-05-28,[],0,0,buy,AA-,,8.057,14.963,14.5,buy,2027-04-30,0.907,4.279,5662.72,6559.66,9.68,-19.41,,0,15:34:09,00,Y,N,0,0,N,2026-05-28 至 2026-06-03 期间暂停转股：权益分派,2021-11-11 开始转股;2026-05-28 至 2026-06-03 期间暂停转股：权益分派,计算使用1.0年期 评级为AA- 债参考YTM：1.7864,N,7.12,全价：137.054 最后更新：15:34:09,,,,1,[],0,0,N,,,buy,buy
2026-06-03 12:20:03,113048,晶科转债,jkzz,150.386,-0.78,601778,晶科科技,jkkj,5.79,-0.86,1.35,4.5,128.67,0,16.88,167.27,410106,公用事业,shmb,C,2021-05-31,[],0,0,buy,AA,,3.15,5.85,7.1,buy,2027-04-23,0.888,15.456,25693.55,119284.55,10.99,-28.85,,0,14:59:57,00,Y,N,2,2,Y,转股价下修2次，成功下修2次,2021-10-29 开始转股,计算使用0.9年期 评级为AA 债参考YTM：1.5042,N,30.0,全价：150.386 最后更新：14:59:57,,,,1,"{'G': '本次（2026年3月25日至2026年5月6日）不提前赎回，以2026年8月7日为首个交易日重新计算', 'M': ''}",0,0,N,,,buy,buy
2026-06-03 12:20:03,128128,齐翔转2,qxz2,113.647,-0.38,002408,齐翔腾达,qxtd,5.22,1.16,1.35,5.37,97.21,0,16.91,130.56,750303,石油石化,szmb,C,2020-09-15,[],0,0,buy,AA,,3.759,6.981,4.7,buy,2026-08-20,0.214,6.792,5609.05,11524.1,7.29,-15.21,,0,15:34:18,00,Y,N,0,0,Y,,2021-02-26 开始转股,计算使用0.3年期 评级为AA 债参考YTM：1.4614,N,29.9,全价：113.647 最后更新：15:34:18,,,,1,{'M': ''},0,0,N,,,buy,buy
2026-06-03 12:20:03,113615,金诚转债,jczz,740.799,-1.91,603979,金诚信,jcx,74.5,-2.42,3.99,11.78,632.43,0,17.14,757.94,240302,有色金属,shmb,C,2021-01-14,[],0,0,buy,AA,,8.246,15.314,1.1,buy,2026-12-23,0.556,4.958,46526.15,64189.92,12.38,-153.38,,0,14:59:58,00,Y,N,0,0,Y,,2021-06-29 开始转股,计算使用0.6年期 评级为AA 债参考YTM：1.4805,N,10.0,全价：740.799 最后更新：14:59:58,,,,1,"{'G': '本次（2025年10月10日至2025年10月30日）不提前赎回，至2026年12月22日到期均不提前赎回', 'M': ''}",0,0,N,,,buy,buy
2026-06-03 12:20:03,127061,美锦转债,mjzz,98.446,0.2,000723,美锦能源,mjny,4.42,0.91,1.53,5.26,84.03,0,17.16,115.61,740201,煤炭,szmb,C,2022-05-30,[],0,0,buy,A+,,3.682,6.838,14.4,buy,2028-04-20,1.882,27.89,9523.23,47057.37,3.46,11.5,,0,15:34:30,00,Y,N,1,1,Y,转股价下修1次，成功下修1次,2022-10-26 开始转股,计算使用1.9年期 评级为A+ 债参考YTM：4.3067,N,35.9,全价：98.446 最后更新：15:34:30,,,,1,{'M': ''},0,0,N,,,buy,buy
2026-06-03 12:20:03,113597,佳力转债,jlzz,121.798,-0.47,603912,佳力图,jlt,9.01,0.45,2.76,8.68,103.8,0,17.34,139.14,640105,机械设备,shmb,C,2020-08-21,[],0,0,buy,AA-,,6.076,11.284,6.1,buy,2026-07-30,0.156,2.969,5826.41,15400.45,16.02,-20.33,,0,14:59:47,00,Y,N,1,1,Y,转股价下修1次，成功下修1次,2021-02-05 开始转股,计算使用0.2年期 评级为AA- 债参考YTM：1.6596,N,3.0,全价：121.798 最后更新：14:59:47,,,,1,[],0,0,N,,,buy,buy
2026-06-03 12:20:03,123118,惠城转债,hczz,660.5,6.22,300779,惠城环保,hchb,81.85,3.95,7.71,14.59,561.0,0,17.74,678.24,760103,环保,szcy,C,2021-07-26,[],0,0,buy,A+,,10.213,18.967,0.5,buy,2027-07-07,1.093,0.656,182152.2,95148.13,427.63,-79.79,,0,15:34:06,00,Y,N,0,0,N,2026-06-03 起暂停转股：权益分派,2022-01-13 开始转股;2026-06-03 起暂停转股：权益分派,计算使用1.1年期 评级为A+ 债参考YTM：4.1391,N,3.2,全价：660.500 最后更新：15:34:06,,,,1,"{'G': '本次（2026年5月6日至2026年5月26日）不提前赎回，自2026年8月26日后首个交易日重新计算', 'M': ''}",0,0,N,,,buy,buy
2026-06-03 12:20:03,123247,万凯转债,wkzz,268.18,-1.11,301216,万凯新材,wkxc,25.6,1.99,2.26,11.3,226.55,0,18.38,286.56,220501,基础化工,szcy,C,2024-09-05,[],0,0,buy,AA,,7.91,14.69,14.0,buy,2030-08-16,4.206,19.643,29325.26,20741.41,5.5,-18.55,,0,15:34:45,00,Y,N,0,0,Y,,2025-02-24 开始转股,计算使用4.3年期 评级为AA 债参考YTM：1.9514,N,27.0,全价：268.180 最后更新：15:34:45,,,,0,"{'G': '本次（2026年2月24日至2026年3月16日）不提前赎回，自2026年6月16日后首个交易日重新计算', 'M': ''}",0,0,N,,,buy,buy
2026-06-03 12:20:03,113661,福22转债,f22zz,142.51,0.65,603806,福斯特,fst,17.55,1.86,2.75,14.59,120.29,0,18.47,160.98,630504,电力设备,shmb,C,2022-12-22,[],0,0,buy,AA,,10.213,18.967,6.6,buy,2028-11-22,2.474,30.297,15628.48,87952.38,3.62,-9.0,,0,14:59:32,00,Y,N,1,1,Y,转股价下修1次，成功下修1次,2023-05-29 开始转股,计算使用2.5年期 评级为AA 债参考YTM：1.7037,N,30.3,全价：142.510 最后更新：14:59:32,,,,0,{'M': ''},0,0,N,,,buy,buy
2026-06-03 12:20:03,123251,华医转债,hyzz,361.0,4.34,301235,华康洁净,hkjj,67.62,6.52,3.82,22.24,304.05,0,18.73,379.73,370502,医药生物,szcy,C,2025-01-09,[],0,0,buy,A+,,15.568,28.912,14.3,buy,2030-12-23,4.559,7.012,197846.43,42620.25,76.52,-21.75,,0,15:34:48,00,Y,N,0,0,Y,,2025-06-27 开始转股,计算使用4.6年期 评级为A+ 债参考YTM：4.9030,N,7.5,全价：361.000 最后更新：15:34:48,,,,0,"{'G': '本次（2025年11月20日至2025年12月15日）不提前赎回，自2026年6月15日后首个交易日重新计算', 'M': ''}",0,0,N,,,buy,buy
2026-06-03 12:20:03,111015,东亚转债,dyzz,137.463,0.49,605177,东亚药业,dyyy,23.38,3.45,1.51,20.28,115.29,0,19.24,156.7,370101,医药生物,shmb,C,2023-08-02,[],0,0,buy,A+,,14.196,26.364,25.1,buy,2029-07-06,3.093,6.662,8868.24,21064.53,9.69,-4.57,,0,14:59:47,00,Y,N,1,1,Y,转股价下修1次，成功下修1次,2024-01-12 开始转股,计算使用3.1年期 评级为A+ 债参考YTM：4.7041,N,6.9,全价：137.463 最后更新：14:59:47,,,,0,[],0,0,N,,,buy,buy
2026-06-03 12:20:03,123059,银信转债,yxzz,121.847,-0.44,300231,银信科技,yxkj,9.15,-1.19,2.43,9.0,101.67,0,19.85,141.7,710301,计算机,szcy,C,2020-08-12,[],0,0,buy,AA-,,6.3,11.7,3.9,buy,2026-07-15,0.115,1.569,2136.89,7032.39,11.15,-28.11,,0,15:34:03,00,Y,N,0,0,Y,,2021-01-21 开始转股,计算使用0.2年期 评级为AA- 债参考YTM：1.6596,N,3.914,全价：121.847 最后更新：15:34:03,,,,1,[],0,0,N,,,buy,buy
2026-06-03 12:20:03,123225,翔丰转债,xfzz,154.484,0.33,300890,翔丰华,xfh,35.26,0.23,1.85,27.44,128.5,0,20.22,174.7,630702,电力设备,szcy,C,2023-10-26,[],0,0,buy,AA-,,19.208,35.672,14.5,buy,2029-10-10,3.356,5.585,9044.75,24603.4,10.42,-6.8,,0,15:34:51,00,Y,N,1,1,N,"转股价下修1次，成功下修1次
2026-06-03 起暂停转股：权益分派
转股价27.440生效日期2024-12-09",2024-04-16 开始转股;2026-06-03 起暂停转股：权益分派,计算使用3.4年期 评级为AA- 债参考YTM：2.4086,N,8.0,全价：154.484 最后更新：15:34:51,,,,0,"{'G': '本次（2026年4月22日至2026年5月15日）不提前赎回，自2026年8月15日后首个交易日重新计算', 'M': ''}",0,0,N,,,buy,buy
2026-06-03 12:20:03,127027,能化转债,nhzz,119.328,0.82,000552,甘肃能化,gsnh,2.9,1.4,0.93,2.93,98.98,0,20.56,139.89,740101,煤炭,szmb,C,2021-01-22,[],0,0,buy,AAA,,2.051,3.809,18.0,buy,2026-12-10,0.521,19.464,6163.0,38333.99,2.66,-15.1,,0,15:34:06,00,Y,N,0,0,Y,,2021-06-16 开始转股,计算使用0.6年期 评级为AAA 债参考YTM：1.4291,N,28.0,全价：119.328 最后更新：15:34:06,,,,1,{'M': ''},0,0,N,,,buy,buy
2026-06-03 12:20:03,127067,恒逸转2,hyz2,157.1,2.01,000703,恒逸石化,hysh,13.5,2.58,1.9,10.37,130.18,0,20.68,177.78,750301,石油石化,szmb,C,2022-08-18,[],0,0,buy,AA+,,7.259,13.481,5.8,buy,2028-07-21,2.134,29.993,57966.67,66085.55,12.32,-14.82,,0,15:34:24,00,Y,N,0,0,Y,,2023-01-30 开始转股,计算使用2.2年期 评级为AA+ 债参考YTM：1.6061,N,30.0,全价：157.100 最后更新：15:34:24,,,,0,"{'G': '本次（至2026年4月27日）不提前赎回，从2026年7月28日开始计算', 'M': ''}",0,0,N,,,buy,buy
2026-06-03 12:20:03,123160,泰福转债,tfzz,165.761,0.52,300992,泰福泵业,tfby,27.14,-0.59,2.87,19.77,137.28,0,20.75,186.51,640106,机械设备,szcy,C,2022-10-25,[],0,0,buy,A,,13.839,25.701,11.0,buy,2028-09-28,2.323,2.315,6809.55,4090.24,17.76,-13.46,,0,15:34:18,00,Y,N,1,1,Y,转股价下修1次，成功下修1次,2023-04-11 开始转股,计算使用2.4年期 评级为A 债参考YTM：6.7951,N,3.349,全价：165.761 最后更新：15:34:18,,,,0,"{'G': '本次（2026年5月6日至2026年5月26日）不提前赎回，自2026年8月31日后首个交易日重新计算', 'M': ''}",0,0,N,,,buy,buy
2026-06-03 12:20:03,118051,皓元转债,hyzz,232.971,2.65,688131,皓元医药,hyyy,78.03,1.27,5.16,40.47,192.81,0,20.83,253.8,370603,医药生物,shkc,C,2024-12-19,[],0,0,buy,AA-,,28.329,52.611,5.0,buy,2030-11-28,4.49,8.218,32695.49,30972.48,17.08,-14.4,,0,14:59:57,00,Y,N,0,0,Y,,2025-06-04 开始转股,计算使用4.5年期 评级为AA- 债参考YTM：2.5346,N,8.223,全价：232.971 最后更新：14:59:57,,,,0,{'M': ''},0,0,Y,,,buy,buy
2026-06-03 12:20:03,127109,电化转债,dhzz,199.4,7.71,002125,湘潭电化,xtdh,16.65,9.97,3.05,10.1,164.85,0,20.96,220.36,630702,电力设备,szmb,C,2025-07-04,[],0,0,buy,AA,,7.07,13.13,4.6,buy,2031-06-16,5.038,4.867,158758.58,76717.3,163.54,-10.54,,0,15:34:30,00,Y,N,0,0,Y,,2025-12-22 开始转股,计算使用5.1年期 评级为AA 债参考YTM：2.0072,N,4.87,全价：199.400 最后更新：15:34:30,,,,0,"{'G': '本次（2026年4月14日至2026年5月7日）不提前赎回，自2026年8月7日后首个交易日重新计算', 'M': ''}",0,0,N,,,buy,buy
2026-06-03 12:20:03,127103,东南转债,dnzz,156.53,-0.37,002135,东南网架,dnwj,7.24,-1.63,1.27,5.6,129.29,0,21.07,177.6,620401,建筑装饰,szmb,C,2024-01-24,[],0,0,buy,AA,,3.92,7.28,26.5,buy,2030-01-03,3.589,19.999,12322.31,15410.96,3.89,-9.0,,0,15:34:09,00,Y,N,0,0,N,2026-05-27 至 2026-06-03 期间暂停转股：权益分派,2024-07-09 开始转股;2026-05-27 至 2026-06-03 期间暂停转股：权益分派,计算使用3.6年期 评级为AA 债参考YTM：1.8592,N,20.0,全价：156.530 最后更新：15:34:09,,,,0,"{'G': '本次（2026年3月17日至2026年4月28日）不提前赎回，自2026年7月28日后首个交易日重新计算', 'M': ''}",0,0,N,,,buy,buy
2026-06-03 12:20:03,111000,起帆转债,qfzz,201.044,1.78,605222,起帆电缆,qfdl,28.68,1.02,2.45,17.35,165.3,0,21.62,222.66,630805,电力设备,shmb,C,2021-06-17,[],0,0,buy,AA-,,12.145,22.555,8.4,buy,2027-05-24,0.973,9.992,38335.37,24170.79,18.95,-44.0,,0,14:59:58,00,Y,N,1,1,Y,转股价下修1次，成功下修1次,2021-11-29 开始转股,计算使用1.0年期 评级为AA- 债参考YTM：1.7864,N,10.0,全价：201.044 最后更新：14:59:58,,,,1,{'G': '本次（2026年3月13日至2026年4月20日）不提前赎回，以2026年10月21日为首个交易日重新起算'},0,0,N,,,buy,buy
2026-06-03 12:20:03,118039,煜邦转债,ybzz,155.955,1.77,688597,煜邦电力,ybdl,9.36,6.36,3.67,7.3,128.22,0,21.63,177.59,630804,电力设备,shkc,C,2023-08-15,[],0,0,buy,A,,5.11,9.49,13.0,buy,2029-07-20,3.132,4.104,50639.13,24211.54,78.77,-8.75,,0,14:59:58,00,Y,N,0,0,Y,,2024-01-26 开始转股,计算使用3.2年期 评级为A 债参考YTM：7.0786,N,4.108,全价：155.955 最后更新：14:59:58,,,,0,"{'G': '本次（2026年1月16日至2026年2月11日）不提前赎回，以2026年8月12日为首个交易日重新计算', 'M': ''}",0,0,N,,,buy,buy
2026-06-03 12:20:03,113673,岱美转债,dmzz,204.189,-0.37,603730,岱美股份,dmgf,12.37,-0.88,5.29,7.37,167.84,0,21.66,225.85,280202,汽车,shmb,C,2023-08-10,[],0,0,buy,AA,,5.159,9.581,3.4,buy,2029-07-18,3.126,9.079,19439.22,33290.74,10.32,-16.76,,0,14:59:51,00,Y,N,1,1,N,"转股价下修1次，成功下修1次
2026-06-01 至 2026-06-05 期间暂停转股：权益分派
转股价7.370生效日期2025-06-04",2024-01-24 开始转股;2026-06-01 至 2026-06-05 期间暂停转股：权益分派,计算使用3.2年期 评级为AA 债参考YTM：1.8010,N,9.079,全价：204.189 最后更新：14:59:51,,,,0,"{'G': '本次（2026年5月7日至2026年5月27日）不提前赎回，以2026年8月27日之后的首个交易日重新起算', 'M': ''}",0,0,N,,,buy,buy
2026-06-03 12:20:03,113624,正川转债,zczz,130.713,-0.31,603976,正川股份,zcgf,21.2,-0.8,2.65,19.78,107.18,0,21.96,152.67,370503,医药生物,shmb,C,2021-06-01,[],0,0,buy,A+,,13.846,25.714,12.6,buy,2027-04-28,0.901,4.048,3174.61,6732.0,6.0,-13.38,,0,14:59:56,00,Y,N,1,1,Y,转股价下修1次，成功下修1次,2021-11-08 开始转股,计算使用1.0年期 评级为A+ 债参考YTM：4.1264,N,4.05,全价：130.713 最后更新：14:59:56,,,,1,[],0,0,N,,,buy,buy
2026-06-03 12:20:03,127080,声迅转债,sxzz,271.88,-15.32,003004,声迅股份,sxgf,64.49,-9.99,7.53,28.94,222.84,0,22.01,293.89,710102,计算机,szmb,C,2023-02-10,[],0,0,buy,A,,20.258,37.622,6.3,buy,2028-12-30,2.578,2.793,123928.81,14302.37,157.17,-27.8,,0,15:34:00,00,Y,N,0,0,Y,,2023-07-07 开始转股,计算使用2.6年期 评级为A 债参考YTM：6.8712,N,2.8,全价：271.880 最后更新：15:34:00,,,,0,{'G': '本次（2026年5月8日至2026年5月29日）不提前赎回，以2026年8月31日重新计算'},0,0,N,,,buy,buy
2026-06-03 12:20:03,113605,大参转债,dszz,114.203,-0.57,603233,大参林,dsl,16.19,-2.88,2.34,17.35,93.31,0,22.39,136.59,370403,医药生物,shmb,C,2020-11-13,[],0,0,buy,AA,,12.145,22.555,7.6,buy,2026-10-22,0.386,14.045,3523.6,12539.32,2.2,-9.59,,0,14:59:50,00,Y,N,1,1,Y,转股价下修1次，成功下修1次,2021-04-28 开始转股,计算使用0.4年期 评级为AA 债参考YTM：1.4677,N,14.05,全价：114.203 最后更新：14:59:50,,,,1,{'M': ''},0,0,N,,,buy,buy
2026-06-03 12:20:03,123076,强力转债,qlzz,128.43,-1.11,300429,强力新材,qlxc,13.26,0.3,4.0,12.7,104.41,0,23.01,151.44,270601,电子,szcy,C,2020-12-04,[],0,0,buy,AA-,,8.89,16.51,8.9,buy,2026-11-19,0.463,4.812,6640.27,30412.12,10.65,-26.1,,0,15:34:12,00,Y,N,1,1,Y,转股价下修1次，成功下修1次,2021-05-25 开始转股,计算使用0.5年期 评级为AA- 债参考YTM：1.7248,N,8.5,全价：128.430 最后更新：15:34:12,,,,1,{'M': ''},0,0,N,,,buy,buy
2026-06-03 12:20:03,123183,海顺转债,hszz,139.3,-0.14,300501,海顺新材,hsxc,13.17,0.3,2.36,11.63,113.24,0,23.01,162.31,360206,轻工制造,szcy,C,2023-04-20,[],0,0,buy,AA-,,8.141,15.119,17.3,buy,2029-03-23,2.806,6.329,2994.16,5656.36,3.4,-5.69,,0,15:34:27,00,Y,N,2,0,Y,转股价下修2次，成功下修0次,2023-10-09 开始转股,计算使用2.9年期 评级为AA- 债参考YTM：2.2885,N,6.33,全价：139.300 最后更新：15:34:27,,,,0,[],0,0,N,,,buy,buy
2026-06-03 12:20:03,127047,帝欧转债,dozz,153.03,-1.39,002798,帝欧水华,dosh,6.29,-3.97,1.98,5.1,123.33,0,24.08,177.11,360306,轻工制造,szmb,C,2021-11-26,[],0,0,buy,A-,,3.57,6.63,14.3,buy,2027-10-25,1.395,4.654,6664.92,11006.0,9.38,-17.69,,0,15:34:45,00,Y,N,1,1,Y,转股价下修1次，成功下修1次,2022-04-29 开始转股,计算使用1.4年期 评级为A- 债参考YTM：8.8937,N,15.0,全价：153.030 最后更新：15:34:45,,,,1,{'G': '本次（2026年4月15日至2026年5月8日）不提前赎回，以2026年8月8日后首个交易日起重新计算'},0,0,N,,,buy,buy
2026-06-03 12:20:03,113677,华懋转债,hmzz,395.521,0.41,603306,华懋科技,hmkj,106.98,5.08,10.14,33.74,317.07,0,24.74,420.26,280202,汽车,shmb,C,2023-10-12,[],0,0,buy,AA-,,23.618,43.862,3.0,buy,2029-09-14,3.285,10.489,147194.24,243849.32,34.15,-31.5,,0,15:00:00,00,Y,N,0,0,Y,,2024-03-20 开始转股,计算使用3.3年期 评级为AA- 债参考YTM：2.3947,N,10.5,全价：395.521 最后更新：15:00:00,,,,0,"{'G': '本次（2026年3月6日至2026年3月26日）不提前赎回，自2026年6月26日之后的首个交易日重新起算', 'M': ''}",0,0,N,,,buy,buy
2026-06-03 12:20:03,127092,运机转债,yjzz,253.791,-4.63,001288,运机集团,yjjt,24.19,-1.55,2.33,11.89,203.45,0,24.74,278.53,640203,机械设备,szmb,C,2023-10-20,[],0,0,buy,AA-,,8.323,15.457,14.3,buy,2029-09-21,3.304,5.25,43829.43,10038.2,32.44,-20.49,,0,15:34:36,00,Y,N,0,0,Y,,2024-03-27 开始转股,计算使用3.4年期 评级为AA- 债参考YTM：2.4086,N,7.3,全价：253.791 最后更新：15:34:36,,,,0,{'G': '本次（2025年12月8日至2025年12月26日）不提前赎回，以2026年12月26日后的首个交易日起重新计算'},0,0,N,,,buy,buy
2026-06-03 12:20:03,113691,和邦转债,hbzz,154.173,-0.43,603077,和邦生物,hbsw,2.47,0.41,1.21,2.0,123.5,0,24.84,179.01,220802,基础化工,shmb,C,2024-11-19,[],0,0,buy,AA,,1.4,2.6,21.1,buy,2030-10-28,4.406,45.991,10001.67,32779.48,1.41,-6.59,,0,14:59:55,00,Y,N,0,0,Y,,2025-05-06 开始转股,计算使用4.5年期 评级为AA 债参考YTM：1.9659,N,46.0,全价：154.173 最后更新：14:59:55,,,,0,"{'G': '本次（2026年1月22日至2026年3月10日）不提前赎回，以2027年3月10日之后的首个交易日重新起算', 'M': ''}",0,0,N,,,buy,buy
2026-06-03 12:20:03,123092,天壕转债,thzz,125.956,-0.82,300332,天壕能源,thny,5.02,-0.99,1.1,4.98,100.8,0,24.95,150.91,410301,公用事业,szcy,C,2021-01-15,[],0,0,buy,A+,,3.486,6.474,8.2,buy,2026-12-24,0.559,3.417,2523.25,8889.9,5.85,-15.64,,0,15:34:03,00,Y,N,0,0,Y,,2021-06-30 开始转股,计算使用0.6年期 评级为A+ 债参考YTM：4.0725,N,4.23,全价：125.956 最后更新：15:34:03,,,,1,{'M': ''},0,0,N,,,buy,buy
2026-06-03 12:20:03,123142,申昊转债,shzz,137.632,-1.4,300853,申昊科技,shkj,37.0,-4.17,8.54,33.71,109.76,0,25.39,163.02,630803,电力设备,szcy,C,2022-04-11,[],0,0,buy,A-,,23.597,43.823,15.1,buy,2028-03-18,1.792,5.494,7166.08,31931.19,9.45,-10.82,,0,15:34:12,00,Y,N,0,0,Y,,2022-09-26 开始转股,计算使用1.8年期 评级为A- 债参考YTM：8.9845,N,5.5,全价：137.632 最后更新：15:34:12,,,,1,[],0,0,N,,,buy,buy
2026-06-03 12:20:03,128142,新乳转债,xrzz,122.973,-1.5,002946,新乳业,xry,17.53,-2.77,3.85,17.88,98.04,0,25.43,148.4,340702,食品饮料,szmb,C,2021-01-19,[],0,0,buy,AA,,12.516,23.244,4.8,buy,2026-12-18,0.543,7.179,5464.94,8877.11,6.17,-19.55,,0,15:34:42,00,Y,N,0,0,Y,,2021-06-24 开始转股,计算使用0.6年期 评级为AA 债参考YTM：1.4805,N,7.18,全价：122.973 最后更新：15:34:42,,,,1,{'M': ''},0,0,N,,,buy,buy
2026-06-03 12:20:03,110099,福能转债,fnzz,149.05,0.1,600483,福能股份,fngf,11.68,2.64,1.16,9.84,118.7,0,25.57,174.62,410110,公用事业,shmb,C,2025-10-30,[],0,0,buy,AA+,,6.888,12.792,11.7,buy,2031-10-13,5.364,38.019,6913.23,52296.88,1.22,-5.52,,0,14:59:51,00,Y,N,0,0,Y,,2026-04-17 开始转股,计算使用5.4年期 评级为AA+ 债参考YTM：1.8353,N,38.02,全价：149.050 最后更新：14:59:51,,,,0,{'M': ''},0,0,N,,,buy,buy
2026-06-03 12:20:03,127053,豪美转债,hmzz,207.142,-1.69,002988,豪美新材,hmxc,28.31,-0.53,2.59,17.23,164.31,0,26.07,233.21,240301,有色金属,szmb,C,2022-03-04,[],0,0,buy,AA-,,12.061,22.399,3.6,buy,2028-01-24,1.644,2.575,11825.77,9368.36,22.03,-28.33,,0,15:34:00,00,Y,N,1,1,Y,转股价下修1次，成功下修1次,2022-07-28 开始转股,计算使用1.7年期 评级为AA- 债参考YTM：1.9240,N,8.24,全价：207.142 最后更新：15:34:00,,,,1,{'G': '本次（2026年4月30日至2026年5月25日）不提前赎回，以2026年11月25日后首个交易日起重新计算'},0,0,N,,,buy,buy
2026-06-03 12:20:03,113054,绿动转债,ldzz,134.589,-0.21,601330,绿色动力,lsdl,9.49,-2.16,1.6,8.89,106.75,0,26.08,160.67,760103,环保,shmb,C,2022-03-23,[],0,0,buy,AA+,,6.223,11.557,25.1,buy,2028-02-25,1.732,23.598,9865.82,40350.71,3.1,-10.73,,0,14:59:32,00,Y,N,0,0,Y,,2022-09-05 开始转股,计算使用1.8年期 评级为AA+ 债参考YTM：1.5664,N,23.6,全价：134.589 最后更新：14:59:32,,,,1,[],0,0,N,,,buy,buy
2026-06-03 12:20:03,113043,财通转债,ctzz,123.929,0.13,601108,财通证券,ctzq,7.89,-0.13,0.95,8.03,98.26,0,26.13,150.06,490101,非银金融,shmb,C,2020-12-28,[],0,0,buy,AAA,,,10.439,10.4,buy,2026-12-10,0.521,37.992,3302.62,32644.23,0.7,-27.94,,0,14:59:59,00,Y,Y,1,1,Y,转股价下修1次，成功下修1次,2021-06-16 开始转股,计算使用0.6年期 评级为AAA 债参考YTM：1.4291,N,38.0,全价：123.929 最后更新：14:59:59,,,,0,{'M': ''},0,0,N,,,buy,buy
2026-06-03 12:20:03,118044,赛特转债,stzz,196.233,-1.9,688398,赛特新材,stxc,29.35,-0.17,4.3,18.9,155.29,0,26.36,222.59,220309,基础化工,shkc,C,2023-10-12,[],0,0,buy,A+,,13.23,24.57,9.0,buy,2029-09-11,3.277,4.42,12194.32,9054.82,13.67,-14.77,,0,14:59:45,00,Y,N,1,1,Y,转股价下修1次，成功下修1次,2024-03-15 开始转股,计算使用3.3年期 评级为A+ 债参考YTM：4.7477,N,4.42,全价：196.233 最后更新：14:59:45,,,,0,"{'G': '本次（2026年3月10日至2026年4月20日）不提前赎回，以2026年10月21日起算', 'M': ''}",0,0,N,,,buy,buy
2026-06-03 12:20:03,123131,奥飞转债,afzz,269.5,-3.44,300738,奥飞数据,afsj,21.25,-3.54,5.38,10.06,211.23,0,27.58,297.08,730104,通信,szcy,C,2021-12-22,[],0,0,buy,A+,,7.042,13.078,1.5,buy,2027-12-03,1.501,3.161,30987.47,148194.25,35.58,-42.88,,0,15:34:15,00,Y,N,0,0,Y,,2022-06-09 开始转股,计算使用1.6年期 评级为A+ 债参考YTM：4.2384,N,6.35,全价：269.500 最后更新：15:34:15,,,,1,{'M': ''},0,0,N,,,buy,buy
2026-06-03 12:20:03,127055,精装转债,jzzz,196.405,1.49,002989,中天精装,ztjz,28.44,4.37,4.0,18.5,153.73,0,27.76,224.17,620201,建筑装饰,szmb,C,2022-03-24,[],0,0,buy,AA-,,12.95,24.05,4.0,buy,2028-02-22,1.723,2.081,73649.22,30563.01,177.63,-26.19,,0,15:34:51,00,Y,N,0,0,Y,,2022-08-29 开始转股,计算使用1.8年期 评级为AA- 债参考YTM：1.9458,N,5.77,全价：196.405 最后更新：15:34:51,,,,1,{'G': '本次（2026年2月24日至2026年3月16日）不提前赎回，自2027年3月16日后首个交易日重新计算'},0,0,N,,,buy,buy
2026-06-03 12:20:03,123222,博俊转债,bjzz,156.95,0.92,300926,博俊科技,bjkj,20.21,-0.05,2.39,16.46,122.78,0,27.83,184.78,280205,汽车,szcy,C,2023-09-28,[],0,0,buy,A+,,11.522,21.398,4.0,buy,2029-09-08,3.269,2.439,5069.36,9606.69,13.25,-8.2,,0,15:34:42,00,Y,N,0,0,Y,,2024-03-14 开始转股,计算使用3.3年期 评级为A+ 债参考YTM：4.7477,N,5.0,全价：156.950 最后更新：15:34:42,,,,0,"{'G': '本次（2025年11月24日至2025年12月12日）不提前赎回，自2026年6月12日后首个交易日重新计算', 'M': ''}",0,0,N,,,buy,buy
2026-06-03 12:20:03,111012,福新转债,fxzz,391.125,-2.26,605488,福莱新材,flxc,34.23,-0.26,4.53,11.22,305.08,0,28.2,419.33,220505,基础化工,shmb,C,2023-02-07,[],0,0,buy,A+,,7.854,14.586,1.1,buy,2029-01-04,2.592,1.017,34223.26,21133.19,84.19,-37.2,,0,14:59:59,00,Y,N,0,0,Y,,2023-07-10 开始转股,计算使用2.6年期 评级为A+ 债参考YTM：4.5212,N,4.29,全价：391.125 最后更新：14:59:59,,,,0,{'G': '本次（2026年2月27日至2026年3月19日）不提前赎回，自2026年6月19日之后的首个交易日重新起算'},0,0,N,,,buy,buy
2026-06-03 12:20:03,113686,泰瑞转债,trzz,159.743,-0.67,603289,泰瑞机器,trjq,10.12,-1.17,1.98,8.15,124.17,0,28.65,188.39,640209,机械设备,shmb,C,2024-07-24,[],0,0,buy,AA-,,5.705,10.595,11.3,buy,2030-07-02,4.082,3.363,5833.62,8718.13,10.82,-6.9,,0,14:59:58,00,Y,N,0,0,N,2026-05-27 至 2026-06-03 期间暂停转股：权益分派,2025-01-08 开始转股;2026-05-27 至 2026-06-03 期间暂停转股：权益分派,计算使用4.1年期 评级为AA- 债参考YTM：2.4822,N,3.378,全价：159.743 最后更新：14:59:58,,,,0,{'G': '本次（2026年5月6日至2026年5月26日）不提前赎回，自2026年8月26日之后的首个交易日重新起算'},0,0,N,,,buy,buy
2026-06-03 12:20:03,113680,丽岛转债,ldzz,150.243,0.02,603937,丽岛新材,ldxc,14.96,-0.07,1.98,12.91,115.88,0,29.65,179.89,240301,有色金属,shmb,C,2023-12-05,[],0,0,buy,A+,,9.037,16.783,9.6,buy,2029-11-15,3.455,2.998,4962.28,12876.65,10.99,-6.36,,0,14:59:56,00,Y,N,0,0,Y,,2024-05-21 开始转股,计算使用3.5年期 评级为A+ 债参考YTM：4.7744,N,3.0,全价：150.243 最后更新：14:59:56,,,,0,[],0,0,N,,,buy,buy
2026-06-03 12:20:03,123209,聚隆转债,jlzz,178.723,-0.37,300644,南京聚隆,njjl,24.49,-0.97,2.42,17.77,137.82,0,29.68,208.4,220503,基础化工,szcy,C,2023-08-17,[],0,0,buy,A+,,12.439,23.101,7.7,buy,2029-07-26,3.148,1.672,5320.86,4609.73,17.71,-12.6,,0,15:34:30,00,Y,N,0,0,Y,,2024-02-01 开始转股,计算使用3.2年期 评级为A+ 债参考YTM：4.7286,N,2.185,全价：178.723 最后更新：15:34:30,,,,0,{'G': '本次（2026年1月26日至2026年2月13日）不提前赎回，自2026年8月13日后首个交易日重新计算'},0,0,N,,,buy,buy
2026-06-03 12:20:03,113695,华辰转债,hczz,149.762,0.3,603097,江苏华辰,jshc,27.11,-0.15,3.94,23.48,115.46,0,29.71,179.47,630801,电力设备,shmb,C,2025-07-10,[],0,0,buy,A+,,16.436,30.524,10.6,buy,2031-06-20,5.049,4.597,9767.76,8061.15,14.1,-4.54,,0,14:59:57,00,Y,N,0,0,Y,,2025-12-26 开始转股,计算使用5.1年期 评级为A+ 债参考YTM：4.9755,N,4.6,全价：149.762 最后更新：14:59:57,,,,0,[],0,0,N,,,buy,buy
2026-06-03 12:20:03,110076,华海转债,hhzz,120.312,-0.97,600521,华海药业,hhyy,15.35,-2.29,2.33,16.6,92.47,0,30.11,150.42,370102,医药生物,shmb,C,2020-11-25,[],0,0,buy,AA,,11.62,21.58,8.0,buy,2026-11-02,0.416,18.424,1745.0,22911.69,0.78,-20.58,,0,14:59:56,00,Y,N,1,1,Y,转股价下修1次，成功下修1次,2021-05-06 开始转股,计算使用0.5年期 评级为AA 债参考YTM：1.4748,N,18.426,全价：120.312 最后更新：14:59:56,,,,1,{'M': ''},0,0,N,,,buy,buy
2026-06-03 12:20:03,118040,宏微转债,hwzz,154.703,2.93,688711,宏微科技,hwkj,33.83,4.74,6.64,28.51,118.66,0,30.37,185.07,270102,电子,shkc,C,2023-08-14,[],0,0,buy,A,,19.957,37.063,6.0,buy,2029-07-25,3.145,4.297,19096.81,53601.65,28.82,-7.86,,0,14:59:52,00,Y,N,1,1,Y,转股价下修1次，成功下修1次,2024-01-31 开始转股,计算使用3.2年期 评级为A 债参考YTM：7.0786,N,4.3,全价：154.703 最后更新：14:59:52,,,,0,{'M': ''},0,0,N,,,buy,buy
2026-06-03 12:20:03,123176,精测转2,jcz2,381.734,-0.15,300567,精测电子,jcdz,188.5,0.8,11.92,64.51,292.2,0,30.64,412.37,640107,机械设备,szcy,C,2023-03-22,[],0,0,buy,AA-,,45.157,83.863,3.0,buy,2029-03-02,2.748,12.753,58793.15,175598.74,11.92,-35.66,,0,15:34:30,00,Y,N,0,0,Y,,2023-09-08 开始转股,计算使用2.8年期 评级为AA- 债参考YTM：2.2518,N,12.76,全价：381.734 最后更新：15:34:30,,,,0,"{'G': '本次（2025年12月23日至2026年1月14日）不提前赎回，自2026年7月14日后首个交易日重新计算', 'M': ''}",0,0,N,,,buy,buy
2026-06-03 12:20:03,127095,广泰转债,gtzz,145.437,-0.09,002111,威海广泰,whgt,10.08,-0.69,1.68,9.07,111.14,0,30.86,176.3,650201,国防军工,szmb,C,2023-11-10,[],0,0,buy,AA-,,6.349,11.791,14.1,buy,2029-10-18,3.378,6.927,3729.44,6426.97,3.69,-5.8,,0,15:34:39,00,Y,N,0,0,Y,,2024-04-24 开始转股,计算使用3.4年期 评级为AA- 债参考YTM：2.4086,N,7.0,全价：145.437 最后更新：15:34:39,,,,0,[],0,0,N,,,buy,buy
2026-06-03 12:20:03,113646,永吉转债,yjzz,156.338,0.33,603058,永吉股份,yjgf,9.61,-0.62,3.33,8.05,119.38,0,30.96,187.3,360205,轻工制造,shmb,C,2022-05-17,[],0,0,buy,AA-,,5.635,10.465,3.4,buy,2028-04-14,1.866,1.372,3225.47,4531.94,15.04,-17.28,,0,14:59:45,00,Y,N,0,0,Y,,2022-10-20 开始转股,计算使用1.9年期 评级为AA- 债参考YTM：1.9671,N,1.459,全价：156.338 最后更新：14:59:45,,,,1,[],0,0,N,,,buy,buy
2026-06-03 12:20:03,123149,通裕转债,tyzz,133.898,-0.2,300185,通裕重工,tyzg,2.77,-0.72,1.54,2.71,102.21,0,31.0,164.9,630602,电力设备,szcy,C,2022-07-15,[],0,0,buy,AA,,1.897,3.523,10.4,buy,2028-06-20,2.049,11.069,6195.57,22511.57,4.18,-7.18,,0,15:34:12,00,Y,N,0,0,Y,,2022-12-26 开始转股,计算使用2.1年期 评级为AA 债参考YTM：1.6501,N,14.847,全价：133.898 最后更新：15:34:12,,,,0,{'M': ''},0,0,N,,,buy,buy
2026-06-03 12:20:03,110075,南航转债,nhzz,110.443,-0.8,600029,南方航空,nfhk,5.2,-2.8,2.54,6.17,84.28,0,31.04,141.48,421001,交通运输,shmb,C,2020-11-03,[],0,0,buy,AAA,,4.319,8.021,8.4,buy,2026-10-15,0.367,58.959,6061.12,87040.06,0.93,-9.8,,0,14:59:46,00,Y,N,0,0,Y,,2021-04-21 开始转股,计算使用0.4年期 评级为AAA 债参考YTM：1.4227,N,160.0,全价：110.443 最后更新：14:59:46,,,,1,{'M': ''},0,0,N,,,buy,buy
2026-06-03 12:20:03,127070,大中转债,dzzz,456.037,-2.83,001203,大中矿业,dzky,37.44,-0.05,7.67,10.76,347.96,0,31.06,487.1,230301,钢铁,szmb,C,2022-10-11,[],0,0,buy,AA,,7.532,13.988,1.9,buy,2028-08-17,2.208,9.343,69656.84,80334.07,15.98,-46.8,,0,15:34:18,00,Y,N,0,0,Y,,2023-02-23 开始转股,计算使用2.3年期 评级为AA 债参考YTM：1.6763,N,15.2,全价：456.037 最后更新：15:34:18,,,,0,"{'G': '本次（2026年2月24日至2026年3月16日）不提前赎回，以2026年9月16日后的首个交易日重新计算', 'M': ''}",0,0,N,,,buy,buy
2026-06-03 12:20:03,113052,兴业转债,xyzz,117.579,-0.86,601166,兴业银行,xyyh,18.49,-0.64,0.43,20.63,89.63,0,31.19,148.77,480301,银行,shmb,C,2022-01-14,[],0,0,buy,AAA,,,26.819,10.6,buy,2027-12-27,1.567,413.5,25863.66,186774.58,0.53,-3.49,,0,14:59:59,00,Y,Y,0,0,Y,,2022-06-30 开始转股,计算使用1.6年期 评级为AAA 债参考YTM：1.5128,N,500.0,全价：117.579 最后更新：14:59:59,,,,0,{'M': ''},0,0,N,,,buy,buy
2026-06-03 12:20:03,127108,太能转债,tnzz,131.7,-0.67,000591,太阳能,tyn,5.56,-2.28,0.9,5.55,100.18,0,31.46,163.16,410106,公用事业,szmb,C,2025-04-16,[],0,0,buy,AA+,,3.885,7.215,13.6,buy,2031-03-28,4.819,29.498,23440.92,97510.71,6.01,-2.49,,0,15:34:30,00,Y,N,0,0,Y,,2025-10-09 开始转股,计算使用4.9年期 评级为AA+ 债参考YTM：1.7916,N,29.5,全价：131.700 最后更新：15:34:30,,,,0,"{'M': '', 'EX': '中国节能环保集团有限公司竞价、大宗减持12.64% 2026年05月29日公告'}",0,0,N,,,buy,buy
2026-06-03 12:20:03,127030,盛虹转债,shzz,118.56,-0.76,000301,东方盛虹,dfsh,11.88,-2.3,2.2,13.21,89.93,0,31.83,150.39,750301,石油石化,szmb,C,2021-04-21,[],0,0,buy,AA+,,9.247,17.173,6.4,buy,2027-03-22,0.8,49.974,5393.82,25161.48,0.91,-11.13,,0,15:34:12,00,Y,N,0,0,Y,,2021-09-27 开始转股,计算使用0.8年期 评级为AA+ 债参考YTM：1.4721,N,50.0,全价：118.560 最后更新：15:34:12,,,,1,{'M': ''},0,0,N,,,buy,buy
2026-06-03 12:20:03,110092,三房转债,sfzz,64.337,-0.68,600370,*ST三房,sfx,1.47,-3.92,1.14,3.02,48.68,0,32.18,96.52,220401,基础化工,shmb,C,2023-02-07,[],0,0,buy,A+,,2.114,3.926,35.8,buy,2029-01-06,2.597,21.185,48225.43,16266.22,35.31,24.92,,0,15:00:00,00,Y,N,0,0,Y,,2023-07-12 开始转股,计算使用2.6年期 评级为A+ 债参考YTM：4.5212,N,25.0,全价：64.337 最后更新：15:00:00,,,,0,[],0,0,N,,,buy,buy
2026-06-03 12:20:03,118007,山石转债,sszz,144.146,0.93,688030,山石网科,sswk,17.88,3.35,4.62,16.5,108.36,0,33.02,177.17,710402,计算机,shkc,C,2022-04-21,[],0,0,buy,A-,,11.55,21.45,8.3,buy,2028-03-22,1.803,2.671,8504.19,11211.45,22.06,-11.28,,0,14:59:54,00,Y,N,1,1,Y,转股价下修1次，成功下修1次,2022-09-28 开始转股,计算使用1.9年期 评级为A- 债参考YTM：9.0067,N,2.674,全价：144.146 最后更新：14:59:54,,,,1,{'M': ''},0,0,N,,,buy,buy
2026-06-03 12:20:03,118060,瑞可转债,rkzz,225.158,-5.07,688800,瑞可达,rkd,124.99,4.78,10.19,73.85,169.25,0,33.03,258.19,270401,电子,shkc,C,2025-12-12,[],0,0,buy,AA-,,51.695,96.005,3.9,buy,2031-11-14,5.452,9.999,124950.08,160291.49,52.77,-11.62,,0,15:00:00,00,Y,N,0,0,Y,,2026-05-20 开始转股,计算使用5.5年期 评级为AA- 债参考YTM：2.9600,N,10.0,全价：225.158 最后更新：15:00:00,,,,0,{'M': ''},0,0,N,,,buy,buy
2026-06-03 12:20:03,113697,应流转债,ylzz,278.919,-2.96,603308,应流股份,ylgf,63.87,2.39,8.37,30.47,209.62,0,33.06,311.98,640108,机械设备,shmb,C,2025-10-22,[],0,0,buy,AA+,,21.329,39.611,3.5,buy,2031-09-19,5.299,14.996,53501.39,143763.16,12.65,-15.9,,0,14:59:59,00,Y,N,0,0,Y,,2026-03-25 开始转股,计算使用5.3年期 评级为AA+ 债参考YTM：1.8237,N,15.0,全价：278.919 最后更新：14:59:59,,,,0,"{'G': '本次（2026年3月25日至2026年4月15日）不提前赎回，2026年7月15日之后的首个交易日重新起算', 'M': ''}",0,0,N,,,buy,buy
2026-06-03 12:20:03,118059,颀中转债,qzzz,222.405,2.96,688352,颀中科技,qzkj,22.96,-2.79,4.68,13.75,166.98,0,33.19,255.6,270107,电子,shkc,C,2025-11-21,[],0,0,buy,AA+,,9.625,17.875,10.1,buy,2031-11-03,5.422,8.499,116880.0,133632.29,62.44,-11.96,,0,15:00:00,00,Y,N,0,0,N,2026-05-28 至 2026-06-04 期间暂停转股：权益分派,2026-05-07 开始转股;2026-05-28 至 2026-06-04 期间暂停转股：权益分派,计算使用5.5年期 评级为AA+ 债参考YTM：1.8479,N,8.5,全价：222.405 最后更新：15:00:00,,,,0,{'M': ''},0,0,N,,,buy,buy
2026-06-03 12:20:03,128125,华阳转债,hyzz,112.9,-0.19,002949,华阳国际,hygj,12.01,-2.36,1.49,14.19,84.64,0,33.39,146.29,620601,建筑装饰,szmb,C,2020-08-21,[],0,0,buy,AA-,,9.933,18.447,24.6,buy,2026-07-30,0.156,4.496,6466.77,3899.45,12.73,0.58,,0,15:34:33,00,Y,N,2,2,Y,转股价下修2次，成功下修2次,2021-02-05 开始转股,计算使用0.2年期 评级为AA- 债参考YTM：1.6596,N,4.5,全价：112.900 最后更新：15:34:33,,,,1,[],0,0,N,,,buy,buy
2026-06-03 12:20:03,123158,宙邦转债,zbzz,234.106,0.35,300037,新宙邦,xzb,71.05,-0.98,4.77,40.49,175.48,0,33.41,267.52,630702,电力设备,szcy,C,2022-10-21,[],0,0,buy,AA,,28.343,52.637,4.6,buy,2028-09-26,2.318,18.046,45071.87,219504.0,10.65,-27.24,,0,15:34:21,00,Y,N,0,0,Y,,2023-03-30 开始转股,计算使用2.4年期 评级为AA 债参考YTM：1.6899,N,19.7,全价：234.106 最后更新：15:34:21,,,,0,"{'G': '本次（2025年12月25日至2026年1月22日）不提前赎回，自2026年7月22日后首个交易日重新计算', 'M': ''}",0,0,N,,,buy,buy
2026-06-03 12:20:03,118056,路维转债,lwzz,292.774,-4.74,688401,路维光电,lwgd,71.7,-6.49,8.01,32.7,219.27,0,33.52,326.29,270103,电子,shkc,C,2025-07-10,[],0,0,buy,AA-,,22.89,42.51,4.4,buy,2031-06-11,5.025,6.145,53256.0,94292.95,28.5,-17.02,,0,14:59:59,00,Y,N,0,0,N,2026-06-03 起暂停转股：权益分派,2025-12-17 开始转股;2026-06-03 起暂停转股：权益分派,计算使用5.1年期 评级为AA- 债参考YTM：2.6263,N,6.15,全价：292.774 最后更新：14:59:59,,,,0,"{'G': '本次（2026年4月9日至2026年4月29日）不提前赎回，以2026年7月30日为首个交易日重新计算', 'M': ''}",0,0,N,,,buy,buy
2026-06-03 12:20:03,127037,银轮转债,ylzz,635.475,-3.03,002126,银轮股份,ylgf,48.85,-2.67,5.48,10.27,475.66,0,33.6,669.08,280203,汽车,szmb,C,2021-07-09,[],0,0,buy,AA,,7.189,13.351,1.3,buy,2027-06-07,1.011,5.055,29620.16,115397.05,9.09,-82.31,,0,15:33:54,00,Y,N,0,0,Y,,2021-12-13 开始转股,计算使用1.1年期 评级为AA 债参考YTM：1.5276,N,7.0,全价：635.475 最后更新：15:33:54,,,,1,{'M': ''},0,0,N,,,buy,buy
2026-06-03 12:20:03,128134,鸿路转债,hlzz,116.901,0.47,002541,鸿路钢构,hlgg,19.14,0.9,1.3,21.99,87.04,0,34.31,151.21,620401,建筑装饰,szmb,C,2020-11-02,[],0,0,buy,AA,,15.393,28.587,16.6,buy,2026-10-09,0.351,15.726,5869.06,28524.72,3.19,-16.97,,0,15:34:21,00,Y,N,1,1,Y,转股价下修1次，成功下修1次,2021-04-15 开始转股,计算使用0.4年期 评级为AA 债参考YTM：1.4677,N,18.8,全价：116.901 最后更新：15:34:21,,,,0,{'M': ''},0,0,N,,,buy,buy
2026-06-03 12:20:03,123150,九强转债,jqzz,136.474,-0.47,300406,九强生物,jqsw,11.78,-1.83,1.78,11.6,101.55,0,34.39,170.86,370504,医药生物,szcy,C,2022-07-20,[],0,0,buy,AA-,,8.12,15.08,22.4,buy,2028-06-30,2.077,11.21,4199.41,5350.45,2.74,-8.56,,0,15:34:27,00,Y,N,1,1,Y,转股价下修1次，成功下修1次,2023-01-06 开始转股,计算使用2.1年期 评级为AA- 债参考YTM：2.0104,N,11.39,全价：136.474 最后更新：15:34:27,,,,0,{'M': ''},0,0,N,,,buy,buy
2026-06-03 12:20:03,113688,国检转债,gjzz,145.165,0.23,603060,国检集团,gjjt,7.04,1.29,2.71,6.52,107.98,0,34.44,179.61,460802,社会服务,shmb,C,2024-11-12,[],0,0,buy,AA+,,4.564,8.476,14.1,buy,2030-10-17,4.375,7.998,4191.39,13883.28,3.61,-5.02,,0,14:59:59,00,Y,N,0,0,Y,,2025-04-23 开始转股,计算使用4.4年期 评级为AA+ 债参考YTM：1.7640,N,8.0,全价：145.165 最后更新：14:59:59,,,,0,[],0,0,N,,,buy,buy
2026-06-03 12:20:03,127082,亚科转债,ykzz,138.939,-0.5,002540,亚太科技,ytkj,5.45,-2.33,1.2,5.29,103.03,0,34.86,173.8,240301,有色金属,szmb,C,2023-04-27,[],0,0,buy,AA,,3.703,6.877,24.8,buy,2029-03-09,2.767,11.585,6559.32,4741.7,4.07,-6.62,,0,15:34:24,00,Y,N,0,0,Y,,2023-09-15 开始转股,计算使用2.8年期 评级为AA 债参考YTM：1.7457,N,11.59,全价：138.939 最后更新：15:34:24,,,,0,{'G': '本次（2025年11月6日至2025年12月4日）不提前赎回，以2026年6月4日后的首个交易日重新计算'},0,0,N,,,buy,buy
2026-06-03 12:20:03,128121,宏川转债,hczz,108.56,-0.11,002930,宏川智慧,hczh,10.17,-2.68,2.21,12.65,80.4,0,35.03,143.59,420806,交通运输,szmb,C,2020-08-07,[],0,0,buy,AA-,,8.855,16.445,14.6,buy,2026-07-17,0.121,6.466,5129.24,18013.47,7.29,-4.38,,0,15:33:54,00,Y,N,2,2,Y,转股价下修2次，成功下修2次,2021-01-25 开始转股,计算使用0.2年期 评级为AA- 债参考YTM：1.6596,N,6.7,全价：108.560 最后更新：15:33:54,,,,0,{'M': ''},0,0,N,,,buy,buy
2026-06-03 12:20:03,123211,阳谷转债,ygzz,179.318,5.43,300121,阳谷华泰,yght,12.2,6.18,1.48,9.2,132.61,0,35.22,214.54,220604,基础化工,szcy,C,2023-08-14,[],0,0,buy,AA-,,6.44,11.96,5.9,buy,2029-07-27,3.151,3.07,29807.28,30434.32,54.7,-12.31,,0,15:34:48,00,Y,N,0,0,Y,,2024-02-02 开始转股,计算使用3.2年期 评级为AA- 债参考YTM：2.3766,N,6.5,全价：179.318 最后更新：15:34:48,,,,0,{'G': '本次（2025年12月15日至2026年1月6日）不提前赎回，2026年7月6日后首个交易日重新计算'},0,0,N,,,buy,buy
2026-06-03 12:20:03,111002,特纸转债,tzzz,138.901,-0.79,605007,XD五洲特,wztz,13.78,-0.36,1.75,13.49,102.15,0,35.98,174.88,360103,轻工制造,shmb,C,2021-12-30,[],0,0,buy,AA,,9.443,17.537,12.0,buy,2027-12-08,1.515,6.619,5420.31,5291.44,5.9,-12.46,,0,14:58:28,00,Y,N,1,1,Y,转股价下修1次，成功下修1次,2022-06-14 开始转股,计算使用1.6年期 评级为AA 债参考YTM：1.5880,N,6.7,全价：138.901 最后更新：14:58:28,,,,1,[],0,0,N,,,buy,buy
2026-06-03 12:20:03,118031,天23转债,t23zz,123.662,-0.66,688599,天合光能,thgn,14.48,-2.1,1.64,16.0,90.5,0,36.64,160.3,630502,电力设备,shkc,C,2023-03-15,[],0,0,buy,AA,,11.2,20.8,17.2,buy,2029-02-13,2.701,58.512,13218.01,52033.81,1.82,-1.65,,0,14:59:52,00,Y,N,2,2,Y,转股价下修2次，成功下修2次,2023-08-17 开始转股,计算使用2.8年期 评级为AA 债参考YTM：1.7457,N,88.648,全价：123.662 最后更新：14:59:52,,,,0,{'M': ''},0,0,N,,,buy,buy
2026-06-03 12:20:03,123080,海波转债,hbzz,135.305,-1.42,300517,海波重科,hbzk,11.16,-4.78,2.09,11.28,98.94,0,36.76,172.07,620401,建筑装饰,szcy,C,2020-12-22,[],0,0,buy,A+,,7.896,14.664,10.5,buy,2026-12-02,0.499,1.486,3629.51,6393.55,17.97,-22.81,,0,15:34:15,00,Y,N,0,0,Y,,2021-06-08 开始转股,计算使用0.5年期 评级为A+ 债参考YTM：4.0548,N,2.45,全价：135.305 最后更新：15:34:15,,,,1,[],0,0,N,,,buy,buy
2026-06-03 12:20:03,110097,天润转债,trzz,140.882,-0.29,600419,天润乳业,trry,8.43,-1.52,1.07,8.19,102.93,0,36.87,177.75,340702,食品饮料,shmb,C,2024-11-15,[],0,0,buy,AA,,5.733,10.647,37.2,buy,2030-10-24,4.395,9.89,3358.13,3821.46,2.4,-4.64,,0,14:59:08,00,Y,N,0,0,Y,,2025-04-30 开始转股,计算使用4.4年期 评级为AA 债参考YTM：1.9592,N,9.9,全价：140.882 最后更新：14:59:08,,,,0,[],0,0,N,,,buy,buy
2026-06-03 12:20:03,118058,微导转债,wdzz,358.371,2.17,688147,微导纳米,wdnm,87.32,3.58,13.47,33.43,261.2,0,37.2,395.57,630505,电力设备,shkc,C,2025-08-27,[],0,0,buy,AA,,23.401,43.459,2.9,buy,2031-08-06,5.178,11.7,124653.58,112385.85,29.59,-20.04,,0,14:59:59,00,Y,N,0,0,Y,,2026-02-12 开始转股,计算使用5.2年期 评级为AA 债参考YTM：2.0202,N,11.7,全价：358.371 最后更新：14:59:59,,,,0,"{'G': '本次（2026年2月12日至2026年3月12日）不提前赎回，以2026年9月13日为首个交易日重新计算', 'M': ''}",0,0,N,,,buy,buy
2026-06-03 12:20:03,111018,华康转债,hkzz,132.261,-4.03,605077,华康股份,hkgf,15.65,-10.01,1.45,16.26,96.25,0,37.42,169.68,220315,基础化工,shmb,C,2024-01-15,[],0,0,buy,AA-,,11.382,21.138,27.8,buy,2029-12-25,3.564,13.022,15056.24,31761.28,8.58,-2.9,,0,14:59:57,00,Y,N,0,0,Y,,2024-07-01 开始转股,计算使用3.6年期 评级为AA- 债参考YTM：2.4284,N,13.03,全价：132.261 最后更新：14:59:57,,,,0,[],0,0,N,,,buy,buy
2026-06-03 12:20:03,127088,赫达转债,hdzz,186.968,-2.88,002810,山东赫达,sdhd,22.75,-1.64,3.45,16.76,135.74,0,37.74,224.71,220309,基础化工,szmb,C,2023-07-19,[],0,0,buy,AA-,,11.732,21.788,8.2,buy,2029-07-03,3.085,5.996,7316.8,12213.41,6.48,-13.76,,0,15:34:18,00,Y,N,0,0,Y,,2024-01-08 开始转股,计算使用3.1年期 评级为AA- 债参考YTM：2.3531,N,6.0,全价：186.968 最后更新：15:34:18,,,,0,"{'G': '本次（2026年3月30日至2026年4月20日）不提前赎回，自2026年10月21日起重新计算', 'M': ''}",0,0,N,,,buy,buy
2026-06-03 12:20:03,123189,晓鸣转债,xmzz,139.26,-1.88,300967,晓鸣股份,xmgf,19.29,-5.99,4.61,19.09,101.05,0,37.82,177.08,110703,农林牧渔,szcy,C,2023-04-25,[],0,0,buy,A,,13.363,24.817,13.7,buy,2029-04-06,2.844,3.286,13072.52,32807.8,28.49,-5.96,,0,15:34:39,00,Y,N,0,0,Y,,2023-10-12 开始转股,计算使用2.9年期 评级为A 债参考YTM：6.9874,N,3.29,全价：139.260 最后更新：15:34:39,,,,0,{'M': ''},0,0,N,,,buy,buy
2026-06-03 12:20:03,123258,胜蓝转02,slz2,218.34,-0.5,300843,胜蓝股份,slgf,86.01,-0.89,8.54,54.36,158.22,0,38.0,256.34,270504,电子,szcy,C,2025-09-10,[],0,0,buy,AA-,,38.052,70.668,3.3,buy,2031-08-28,5.238,4.499,52137.04,54537.81,51.9,-11.27,,0,15:34:00,00,Y,N,0,0,Y,,2026-03-03 开始转股,计算使用5.3年期 评级为AA- 债参考YTM：2.7617,N,4.5,全价：218.340 最后更新：15:34:00,,,,0,"{'G': '本次（2026年4月22日至2026年5月19日）不提前赎回，自2026年8月19日后首个交易日重新计算', 'EX': '胜蓝投资控股有限公司竞价、大宗减持24.10% 2026年05月28日公告'}",0,0,N,,,buy,buy
2026-06-03 12:20:03,111022,锡振转债,xzzz,163.0,6.12,605319,无锡振华,wxzh,26.68,7.28,3.25,22.64,117.85,0,38.32,201.32,280205,汽车,shmb,C,2025-07-14,[],0,0,buy,AA-,,15.848,29.432,5.6,buy,2031-06-18,5.044,5.197,76866.44,27850.06,89.44,-6.33,,0,14:59:58,00,Y,N,0,0,N,2026-06-01 至 2026-06-09 期间暂停转股：权益分派,2025-12-24 开始转股;2026-06-01 至 2026-06-09 期间暂停转股：权益分派,计算使用5.1年期 评级为AA- 债参考YTM：2.6263,N,5.2,全价：163.000 最后更新：14:59:58,,,,0,[],0,0,N,,,buy,buy
2026-06-03 12:20:03,123064,万孚转债,wfzz,110.915,-0.75,300482,万孚生物,wfsw,16.72,-3.96,1.42,20.88,80.08,0,38.51,149.43,370504,医药生物,szcy,C,2020-09-23,[],0,0,buy,AA,,14.616,27.144,8.3,buy,2026-09-01,0.247,5.976,3541.62,12774.69,5.33,-3.35,,0,15:34:00,00,Y,N,3,3,Y,转股价下修3次，成功下修3次,2021-03-08 开始转股,计算使用0.3年期 评级为AA 债参考YTM：1.4614,N,6.0,全价：110.915 最后更新：15:34:00,,,,1,{'M': ''},0,0,N,,,buy,buy
2026-06-03 12:20:03,110081,闻泰转债,wtzz,91.831,-2.87,600745,*ST闻泰,wtkj,21.65,-5.0,1.1,32.66,66.29,0,38.53,130.36,270102,电子,shmb,C,2021-08-20,[],0,0,buy,BBB+,,22.862,42.458,31.9,buy,2027-07-28,1.151,85.957,48964.17,104359.26,6.18,17.13,,0,14:59:59,00,Y,N,3,2,Y,转股价下修3次，成功下修2次,2022-02-07 开始转股,计算使用1.2年期 评级为BBB+ 债参考YTM：11.9233,Y,86.0,全价：91.831 最后更新：14:59:59,,,"按下调到底估算
股东大会：2026-06-16
预估转股价：22.65
预估转股价值：95.58
期权价值：18.21
理论价值：114.88
理论偏离度：-25.10%",1,[],0,0,N,,,buy,buy
2026-06-03 12:20:03,113066,平煤转债,pmzz,154.389,1.19,601666,平煤股份,pmgf,8.38,0.84,0.83,7.52,111.44,0,38.54,192.93,740102,煤炭,shmb,C,2023-04-10,[],0,0,buy,AAA,,5.264,9.776,6.9,buy,2029-03-16,2.786,14.274,14156.54,36690.01,6.46,-11.65,,0,14:59:59,00,Y,N,1,1,Y,转股价下修1次，成功下修1次,2023-09-22 开始转股,计算使用2.8年期 评级为AAA 债参考YTM：1.5981,N,29.0,全价：154.389 最后更新：14:59:59,,,,0,{'M': ''},0,0,N,,,buy,buy
2026-06-03 12:20:03,113658,密卫转债,mwzz,143.693,1.13,603713,密尔克卫,mekw,56.72,0.78,1.81,54.72,103.66,0,38.63,182.32,420806,交通运输,shmb,C,2022-10-25,[],0,0,buy,AA-,,38.304,71.136,9.7,buy,2027-09-16,1.288,8.719,4731.95,28681.61,3.78,-16.92,,0,15:00:00,00,Y,N,1,1,Y,转股价下修1次，成功下修1次,2023-03-22 开始转股,计算使用1.3年期 评级为AA- 债参考YTM：1.8392,N,8.724,全价：143.693 最后更新：15:00:00,,,,1,{'M': ''},0,0,N,,,buy,buy
2026-06-03 12:20:03,127105,龙星转债,lxzz,133.798,-0.82,002442,龙星科技,lxkj,5.58,-0.89,1.52,5.8,96.21,0,39.07,172.87,220603,基础化工,szmb,C,2024-03-06,[],0,0,buy,AA-,,4.06,7.54,27.5,buy,2030-01-31,3.666,7.54,14834.2,19716.72,14.67,-3.13,,0,15:34:48,00,Y,N,0,0,Y,,2024-08-07 开始转股,计算使用3.7年期 评级为AA- 债参考YTM：2.4366,N,7.54,全价：133.798 最后更新：15:34:48,,,,0,[],0,0,N,,,buy,buy
2026-06-03 12:20:03,118030,睿创转债,rczz,433.897,-0.12,688002,睿创微纳,rcwn,121.91,-1.46,7.77,39.12,311.63,0,39.23,473.13,650501,国防军工,shkc,C,2023-02-10,[],0,0,buy,AA,,27.384,50.856,2.2,buy,2028-12-30,2.578,12.622,27323.1,168033.74,4.99,-40.98,,0,15:00:00,00,Y,N,0,0,Y,,2023-07-06 开始转股,计算使用2.6年期 评级为AA 债参考YTM：1.7176,N,15.647,全价：433.897 最后更新：15:00:00,,,,0,"{'G': '本次（2026年3月18日至2026年4月8日）不提前赎回，以2027年4月9日为首个交易日重新计算', 'M': ''}",0,0,N,,,buy,buy
2026-06-03 12:20:03,110098,南药转债,nyzz,137.408,0.21,600713,南京医药,njyy,5.05,-0.59,0.9,5.12,98.63,0,39.31,176.72,370402,医药生物,shmb,C,2025-01-20,[],0,0,buy,AA+,,3.584,6.656,16.6,buy,2030-12-25,4.564,10.814,2883.45,3827.63,1.94,-4.39,,0,14:59:50,00,Y,N,0,0,Y,,2025-07-01 开始转股,计算使用4.6年期 评级为AA+ 债参考YTM：1.7751,N,10.815,全价：137.408 最后更新：14:59:50,,,,0,[],0,0,N,,,buy,buy
2026-06-03 12:20:03,111020,合顺转债,hszz,144.817,2.27,605166,聚合顺,jhs,11.0,7.21,1.72,10.59,103.87,0,39.42,184.24,220406,基础化工,shmb,C,2024-08-15,[],0,0,buy,AA-,,7.413,13.767,9.8,buy,2030-07-22,4.137,3.38,6756.06,16453.62,13.89,-4.58,,0,14:59:57,00,Y,N,0,0,Y,,2025-01-27 开始转股,计算使用4.2年期 评级为AA- 债参考YTM：2.4958,N,3.38,全价：144.817 最后更新：14:59:57,,,,0,[],0,0,N,,,buy,buy
2026-06-03 12:20:03,118013,道通转债,dtzz,200.324,-4.2,688208,道通科技,dtkj,30.76,-0.36,5.09,21.48,143.2,0,39.89,240.21,710103,计算机,shkc,C,2022-07-28,[],0,0,buy,AA,,15.036,27.924,6.2,buy,2028-07-08,2.099,12.796,18929.36,63528.19,7.08,-22.54,,0,14:59:56,00,Y,N,0,0,Y,,2023-01-16 开始转股,计算使用2.1年期 评级为AA 债参考YTM：1.6501,N,12.8,全价：200.324 最后更新：14:59:56,,,,0,"{'G': '本次（2026年1月5日至2026年1月23日）不提前赎回，以2026年7月24日为首个交易日重新计算', 'M': ''}",0,0,N,,,buy,buy
2026-06-03 12:20:03,123172,漱玉转债,syzz,135.603,-0.14,301017,漱玉平民,sypm,14.38,-0.9,2.72,14.91,96.45,0,40.6,176.2,370403,医药生物,szcy,C,2023-01-06,[],0,0,buy,AA-,,10.437,19.383,21.4,buy,2028-12-15,2.537,7.96,4487.36,11203.41,4.15,-5.91,,0,15:34:21,00,Y,N,1,1,Y,转股价下修1次，成功下修1次,2023-06-21 开始转股,计算使用2.6年期 评级为AA- 债参考YTM：2.1761,N,8.0,全价：135.603 最后更新：15:34:21,,,,0,{'M': ''},0,0,N,,,buy,buy
2026-06-03 12:20:03,123259,锦浪转02,jlz02,213.0,-0.22,300763,锦浪科技,jlkj,109.48,-2.77,4.78,72.35,151.32,0,40.76,253.76,630503,电力设备,szcy,C,2025-11-06,[],0,0,buy,AA,,50.645,94.055,4.8,buy,2031-10-17,5.375,16.763,45636.45,238741.4,12.56,-11.06,,0,15:34:51,00,Y,N,1,1,Y,转股价下修1次，成功下修1次,2026-04-23 开始转股,计算使用5.4年期 评级为AA 债参考YTM：2.0536,N,16.766,全价：213.000 最后更新：15:34:51,,,,0,"{'G': '本次（2026年4月23日至2026年5月20日）不提前赎回，以2027年5月21日为首个交易日重新计算', 'M': ''}",0,0,N,,,buy,buy
2026-06-03 12:20:03,118034,晶能转债,jnzz,122.526,0.03,688223,晶科能源,jkny,5.52,-1.6,2.2,6.35,86.93,0,40.95,163.48,630502,电力设备,shkc,C,2023-05-19,[],0,0,buy,AA+,,4.445,7.62,14.7,buy,2029-04-20,2.882,83.22,12349.65,61943.8,1.21,-3.33,,0,14:59:31,00,Y,N,1,1,Y,转股价下修1次，成功下修1次,2023-10-26 开始转股,计算使用2.9年期 评级为AA+ 债参考YTM：1.6559,N,100.0,全价：122.526 最后更新：14:59:31,,,,0,{'M': ''},0,0,N,120%,,buy,buy
2026-06-03 12:20:03,118012,微芯转债,wxzz,147.915,0.19,688321,微芯生物,wxsw,26.59,-0.08,4.56,25.34,104.93,0,40.96,188.88,370102,医药生物,shkc,C,2022-07-28,[],0,0,buy,A+,,17.738,32.942,4.6,buy,2028-07-05,2.09,4.996,3768.63,18760.3,5.09,-10.0,,0,14:59:56,00,Y,N,0,0,Y,,2023-01-11 开始转股,计算使用2.1年期 评级为A+ 债参考YTM：4.3506,N,5.0,全价：147.915 最后更新：14:59:56,,,,0,{'M': ''},0,0,N,,,buy,buy
2026-06-03 12:20:03,123171,共同转债,gtzz,138.039,-0.07,300966,共同药业,gtyy,26.51,-0.56,3.68,27.12,97.75,0,41.22,179.26,370101,医药生物,szcy,C,2022-12-16,[],0,0,buy,A,,18.984,35.256,18.7,buy,2028-11-28,2.49,3.799,2340.2,7484.41,4.46,-5.81,,0,15:34:24,00,Y,N,0,0,Y,,2023-06-02 开始转股,计算使用2.5年期 评级为A 债参考YTM：6.8324,N,3.8,全价：138.039 最后更新：15:34:24,,,,0,{'M': ''},0,0,N,,,buy,buy
2026-06-03 12:20:03,127046,百润转债,brzz,131.85,-1.02,002568,百润股份,brgf,19.25,-3.17,3.87,20.63,93.31,0,41.3,173.15,340602,食品饮料,szmb,C,2021-11-03,[],0,0,buy,AA,,14.441,26.819,7.7,buy,2027-09-29,1.323,11.274,6383.6,52046.04,4.29,-11.87,,0,15:34:42,00,Y,N,1,1,N,"转股价下修1次，成功下修1次
2026-05-22 至 2026-06-04 期间暂停转股：权益分派
转股价20.630生效日期2026-03-19",2022-04-12 开始转股;2026-05-22 至 2026-06-04 期间暂停转股：权益分派,计算使用1.4年期 评级为AA 债参考YTM：1.5632,N,11.28,全价：131.850 最后更新：15:34:42,,,,0,{'M': ''},0,0,N,,,buy,buy
2026-06-03 12:20:03,123253,永贵转债,ygzz,141.2,-1.6,300351,永贵电器,ygdq,18.1,1.46,2.85,18.19,99.51,0,41.9,183.1,640501,机械设备,szcy,C,2025-03-28,[],0,0,buy,AA-,,12.733,23.647,20.6,buy,2031-03-13,4.778,9.798,8304.1,35992.73,5.94,-3.81,,0,15:34:51,00,Y,N,0,0,Y,,2025-09-19 开始转股,计算使用4.8年期 评级为AA- 债参考YTM：2.5720,N,9.8,全价：141.200 最后更新：15:34:51,,,,0,{'M': ''},0,0,N,,,buy,buy
2026-06-03 12:20:03,111017,蓝天转债,ltzz,128.066,0.05,605368,蓝天燃气,ltrq,7.15,0.0,1.52,7.98,89.6,0,42.93,171.0,410301,公用事业,shmb,C,2023-09-08,[],0,0,buy,AA,,5.586,10.374,13.1,buy,2029-08-15,3.203,6.715,3261.0,3186.32,3.79,-3.56,,0,14:59:44,00,Y,N,0,0,Y,,2024-02-21 开始转股,计算使用3.3年期 评级为AA 债参考YTM：1.8153,N,8.7,全价：128.066 最后更新：14:59:44,,,,0,[],0,0,N,,,buy,buy
2026-06-03 12:20:03,123107,温氏转债,wszz,115.053,-0.39,300498,温氏股份,wsgf,13.11,-0.83,2.16,16.29,80.48,0,42.96,158.01,110702,农林牧渔,szcy,C,2021-04-21,[],0,0,buy,AAA,,11.403,21.177,9.9,buy,2027-03-29,0.819,77.063,9645.79,57629.3,1.09,-7.48,,0,15:34:21,00,Y,N,0,0,Y,,2021-10-08 开始转股,计算使用0.9年期 评级为AAA 债参考YTM：1.4542,N,92.97,全价：115.053 最后更新：15:34:21,,,,1,{'M': ''},0,0,N,,,buy,buy
2026-06-03 12:20:03,127045,牧原转债,myzz,119.708,-0.18,002714,牧原股份,mygf,36.2,-1.52,2.39,43.32,83.56,0,43.25,162.96,110702,农林牧渔,szmb,C,2021-09-10,[],0,0,buy,AAA,,30.324,56.316,8.0,buy,2027-08-16,1.203,95.43,10673.19,194523.31,0.94,-7.93,,0,15:34:12,00,Y,Y,0,0,Y,,2022-02-21 开始转股,计算使用1.3年期 评级为AAA 债参考YTM：1.4934,N,95.5,全价：119.708 最后更新：15:34:12,,,,1,{'M': ''},0,0,N,,,buy,buy
2026-06-03 12:20:03,123255,鼎龙转债,dlzz,354.199,1.2,300054,鼎龙股份,dlgf,70.4,4.39,12.19,28.48,247.19,0,43.29,397.49,270601,电子,szcy,C,2025-04-23,[],0,0,buy,AA,,19.936,37.024,1.7,buy,2031-04-02,4.833,9.096,65981.47,302402.52,20.25,-21.08,,0,15:33:57,00,Y,N,0,0,Y,,2025-10-09 开始转股,计算使用4.9年期 评级为AA 债参考YTM：1.9901,N,9.1,全价：354.199 最后更新：15:33:57,,,,0,"{'G': '本次（2026年4月8日至2026年4月28日）不提前赎回，自2026年10月28日后首个交易日重新计算', 'M': ''}",0,0,N,,,buy,buy
2026-06-03 12:20:03,113649,丰山转债,fszz,137.235,-0.74,603810,丰山集团,fsjt,13.13,-2.52,1.33,13.73,95.63,0,43.51,180.75,220803,基础化工,shmb,C,2022-07-21,[],0,0,buy,AA-,,9.611,17.849,21.1,buy,2028-06-27,2.069,4.577,4442.0,2428.04,7.07,-6.99,,0,14:58:11,00,Y,N,0,0,N,2026-06-03 起暂停转股：权益分派,2023-01-03 开始转股;2026-06-03 起暂停转股：权益分派,计算使用2.1年期 评级为AA- 债参考YTM：2.0104,N,5.0,全价：137.235 最后更新：14:58:11,,,,0,[],0,0,N,,,buy,buy
2026-06-03 12:20:03,113678,中贝转债,zbzz,160.673,-0.89,603220,中贝通信,zbtx,22.98,1.32,3.13,20.54,111.88,0,43.61,204.28,730103,通信,shmb,C,2023-11-21,[],0,0,buy,A+,,14.378,26.702,5.1,buy,2029-10-19,3.381,5.108,22046.93,68717.28,26.49,-8.34,,0,14:59:58,00,Y,N,2,1,Y,转股价下修2次，成功下修1次,2024-04-25 开始转股,计算使用3.4年期 评级为A+ 债参考YTM：4.7626,N,5.17,全价：160.673 最后更新：14:59:58,,,,0,"{'G': '本次（2026年3月16日至2026年4月27日）不提前赎回，以2026年7月28日起算', 'M': ''}",0,0,N,,,buy,buy
2026-06-03 12:20:03,123237,佳禾转债,jhzz,143.302,-0.64,300793,佳禾智能,jhzn,13.39,-1.69,1.8,13.46,99.48,0,44.05,187.35,270504,电子,szcy,C,2024-01-24,[],0,0,buy,A+,,9.422,17.498,8.7,buy,2030-01-04,3.592,4.315,2341.28,9177.38,3.77,-5.52,,0,15:34:48,00,Y,N,1,1,Y,转股价下修1次，成功下修1次,2024-07-10 开始转股,计算使用3.6年期 评级为A+ 债参考YTM：4.7844,N,10.04,全价：143.302 最后更新：15:34:48,,,,0,[],0,0,N,,,buy,buy
2026-06-03 12:20:03,113070,渝水转债,yszz,128.794,-0.15,601158,重庆水务,cqsw,4.29,-0.23,1.18,4.82,89.0,0,44.71,173.5,760102,环保,shmb,C,2025-02-13,[],0,0,buy,AAA,,3.374,6.266,9.2,buy,2031-01-09,4.606,18.998,3944.67,3499.63,1.61,-3.16,,0,14:59:29,00,Y,N,0,0,N,2026-06-03 起暂停转股：权益分派,2025-07-15 开始转股;2026-06-03 起暂停转股：权益分派,计算使用4.7年期 评级为AAA 债参考YTM：1.7306,N,19.0,全价：128.794 最后更新：14:59:29,,,,0,{'M': ''},0,0,N,,,buy,buy
2026-06-03 12:20:03,110087,天业转债,tyzz,129.483,0.21,600075,新疆天业,xjty,4.99,-0.6,0.93,5.6,89.11,0,45.31,174.79,220202,基础化工,shmb,C,2022-07-19,[],0,0,buy,AA+,,3.92,7.28,35.2,buy,2028-06-23,2.058,29.975,3794.78,6417.84,0.98,-7.24,,0,14:59:00,00,Y,N,1,1,Y,转股价下修1次，成功下修1次,2022-12-29 开始转股,计算使用2.1年期 评级为AA+ 债参考YTM：1.5973,N,30.0,全价：129.483 最后更新：14:59:00,,,,0,{'M': ''},0,0,N,,,buy,buy
2026-06-03 12:20:03,118035,国力转债,glzz,144.025,0.02,688103,国力电子,gldz,61.89,-0.56,5.13,62.54,98.96,0,45.54,189.57,270401,电子,shkc,C,2023-07-06,[],0,0,buy,A+,,43.778,81.302,8.1,buy,2029-06-12,3.027,4.8,5892.37,12108.7,8.47,-6.16,,0,14:59:49,00,Y,N,0,0,Y,,2023-12-18 开始转股,计算使用3.1年期 评级为A+ 债参考YTM：4.7041,N,4.8,全价：144.025 最后更新：14:59:49,,,,0,{'M': ''},0,0,N,,,buy,buy
2026-06-03 12:20:03,113643,风语转债,fyzz,140.957,0.71,603466,风语筑,fyz,11.41,2.33,3.21,11.82,96.53,0,46.02,186.98,720706,传媒,shmb,C,2022-04-22,[],0,0,buy,AA-,,8.274,15.366,7.4,buy,2028-03-25,1.811,4.994,6564.59,69300.08,9.35,-9.87,,0,14:59:43,00,Y,N,1,1,N,"转股价下修1次，成功下修1次
2026-05-28 至 2026-06-03 期间暂停转股：权益分派
转股价11.820生效日期2025-05-27",2022-10-10 开始转股;2026-05-28 至 2026-06-03 期间暂停转股：权益分派,计算使用1.9年期 评级为AA- 债参考YTM：1.9671,N,5.0,全价：140.957 最后更新：14:59:43,,,,1,{'M': ''},0,0,N,,,buy,buy
2026-06-03 12:20:03,123257,安克转债,akzz,156.778,-0.24,300866,安克创新,akcx,116.66,-0.82,5.6,108.86,107.17,0,46.3,203.08,270503,电子,szcy,C,2025-07-04,[],0,0,buy,AA+,,76.202,141.518,3.1,buy,2031-06-16,5.038,11.047,7764.55,52286.3,4.46,-6.47,,0,15:34:30,00,Y,N,0,0,Y,,2025-12-22 开始转股,计算使用5.1年期 评级为AA+ 债参考YTM：1.8044,N,11.048,全价：156.778 最后更新：15:34:30,,,,0,{'M': ''},0,0,N,,,buy,buy
2026-06-03 12:20:03,123199,山河转债,shzz,137.77,-0.92,300452,山河药辅,shyf,12.52,-2.34,2.78,13.3,94.14,0,46.35,184.12,370101,医药生物,szcy,C,2023-07-07,[],0,0,buy,A+,,9.31,17.29,12.9,buy,2029-06-12,3.027,3.197,1765.78,3284.47,4.0,-6.62,,0,15:34:36,00,Y,N,1,1,N,"转股价下修1次，成功下修1次
2026-06-02 至 2026-06-09 期间暂停转股：权益分派
转股价13.300生效日期2025-06-23",2023-12-18 开始转股;2026-06-02 至 2026-06-09 期间暂停转股：权益分派,计算使用3.1年期 评级为A+ 债参考YTM：4.7041,N,3.2,全价：137.770 最后更新：15:34:36,,,,0,[],0,0,N,,,buy,buy
2026-06-03 12:20:03,113640,苏利转债,slzz,134.934,-0.01,603585,苏利股份,slgf,15.85,-1.37,1.14,17.2,92.15,0,46.43,181.36,220803,基础化工,shmb,C,2022-03-10,[],0,0,buy,AA-,,12.04,22.36,24.1,buy,2028-02-16,1.707,7.39,6239.65,4257.49,6.27,-8.1,,0,14:59:52,00,Y,N,1,1,Y,转股价下修1次，成功下修1次,2022-08-22 开始转股,计算使用1.8年期 评级为AA- 债参考YTM：1.9458,N,9.572,全价：134.934 最后更新：14:59:52,,,,1,[],0,0,N,,,buy,buy
2026-06-03 12:20:03,127099,盛航转债,shzz,135.092,-0.74,001205,盛航股份,shgf,14.14,-1.39,1.21,15.33,92.24,0,46.46,181.55,421101,交通运输,szmb,C,2023-12-28,[],0,0,buy,AA-,,10.731,19.929,19.3,buy,2029-12-06,3.512,4.541,2808.01,5177.65,4.58,-3.45,,0,15:34:24,00,Y,N,1,1,Y,转股价下修1次，成功下修1次,2024-06-12 开始转股,计算使用3.6年期 评级为AA- 债参考YTM：2.4284,N,7.4,全价：135.092 最后更新：15:34:24,,,,0,[],0,0,N,,,buy,buy
2026-06-03 12:20:03,123088,威唐转债,wtzz,124.087,-1.13,300707,威唐工业,wtgy,12.65,-2.32,1.93,14.96,84.56,0,46.75,170.84,280205,汽车,szcy,C,2021-01-06,[],0,0,buy,A+,,10.472,19.448,16.3,buy,2026-12-15,0.534,3.004,2198.38,5419.19,5.87,-13.78,,0,15:34:00,00,Y,N,1,1,N,"转股价下修1次，成功下修1次
2026-05-27 至 2026-06-03 期间暂停转股：权益分派
转股价14.960生效日期2025-11-07",2021-06-21 开始转股;2026-05-27 至 2026-06-03 期间暂停转股：权益分派,计算使用0.6年期 评级为A+ 债参考YTM：4.0725,N,3.014,全价：124.087 最后更新：15:34:00,,,,1,[],0,0,N,,,buy,buy
2026-06-03 12:20:03,127064,杭氧转债,hyzz,140.4,0.68,002430,杭氧股份,hygf,24.82,0.98,2.39,25.97,95.57,0,46.91,187.31,220309,基础化工,szmb,C,2022-07-05,[],0,0,buy,AA+,,18.179,33.761,4.7,buy,2028-05-19,1.962,11.364,8758.11,31302.11,5.47,-11.88,,0,15:33:54,00,Y,N,1,1,Y,转股价下修1次，成功下修1次,2022-11-25 开始转股,计算使用2.0年期 评级为AA+ 债参考YTM：1.5877,N,11.37,全价：140.400 最后更新：15:33:54,,,,1,{'M': ''},0,0,N,,,buy,buy
2026-06-03 12:20:03,113067,燃23转债,r23zz,131.054,0.02,601139,深圳燃气,szrq,6.6,-0.45,1.14,7.4,89.19,0,46.94,177.99,410301,公用事业,shmb,C,2023-08-18,[],0,0,buy,AAA,,5.18,9.62,15.8,buy,2029-07-27,3.151,29.999,4941.8,15142.32,1.26,-5.29,,0,14:59:51,00,Y,N,0,0,Y,,2024-02-02 开始转股,计算使用3.2年期 评级为AAA 债参考YTM：1.6282,N,30.0,全价：131.054 最后更新：14:59:51,,,,0,{'M': ''},0,0,N,,,buy,buy
2026-06-03 12:20:03,127112,尚太转债,stzz,168.996,-1.0,001301,尚太科技,stkj,97.42,1.83,3.53,84.71,115.0,49,46.95,215.95,630702,电力设备,szmb,C,2026-02-05,[],0,0,buy,AA+,,59.297,110.123,9.6,buy,2032-01-15,5.622,17.34,16457.38,57610.05,5.56,-7.22,,0,15:34:36,00,Y,N,0,0,Y,,未到转股期；2026-07-22 开始转股,计算使用5.7年期 评级为AA+ 债参考YTM：1.8742,N,17.34,全价：168.996 最后更新：15:34:36,,,,0,[],0,0,N,,,buy,buy
2026-06-03 12:20:03,111004,明新转债,mxzz,132.709,0.56,605068,明新旭腾,mxxt,22.04,-0.45,2.12,24.41,90.29,0,46.98,179.69,280202,汽车,shmb,C,2022-04-25,[],0,0,buy,AA-,,17.087,31.733,18.8,buy,2028-03-30,1.825,6.715,7833.96,6848.68,8.81,-6.53,,0,14:59:34,00,Y,N,0,0,Y,,2022-10-10 开始转股,计算使用1.9年期 评级为AA- 债参考YTM：1.9671,N,6.73,全价：132.709 最后更新：14:59:34,,,,1,[],0,0,N,,,buy,buy
2026-06-03 12:20:03,128129,青农转债,qnzz,107.657,0.04,002958,青农商行,qnsh,2.92,-0.34,0.37,4.0,73.0,0,47.48,155.14,480501,银行,szmb,C,2020-09-18,[],0,0,buy,AAA,,,5.2,31.5,buy,2026-08-25,0.227,49.997,13381.69,12394.1,2.49,1.42,,0,15:34:36,00,Y,N,1,1,Y,转股价下修1次，成功下修1次,2021-03-01 开始转股,计算使用0.3年期 评级为AAA 债参考YTM：1.4207,N,50.0,全价：107.657 最后更新：15:34:36,,,,0,{'M': ''},0,0,N,,,buy,buy
2026-06-03 12:20:03,118062,天准转债,tzzz,295.028,7.74,688003,天准科技,tzkj,111.31,13.8,10.77,55.73,199.73,15,47.71,342.74,640704,机械设备,shkc,C,2025-12-31,[],0,0,buy,AA-,,39.011,66.876,4.0,buy,2031-12-11,5.526,8.72,316794.01,112088.68,122.05,-15.73,,0,15:00:00,00,Y,N,0,0,Y,,未到转股期；2026-06-18 开始转股,计算使用5.6年期 评级为AA- 债参考YTM：3.0676,N,8.72,全价：295.028 最后更新：15:00:00,,,,0,{'M': ''},0,0,N,120%,,buy,buy
2026-06-03 12:20:03,123133,佩蒂转债,pdzz,134.1,0.36,300673,佩蒂股份,pdgf,15.72,2.34,2.06,17.33,90.71,0,47.83,181.93,110404,农林牧渔,szcy,C,2022-01-21,[],0,0,buy,AA-,,12.131,22.529,28.5,buy,2027-12-22,1.553,7.198,3470.55,6694.73,3.6,-8.51,,0,15:34:18,00,Y,N,1,1,Y,转股价下修1次，成功下修1次,2022-06-28 开始转股,计算使用1.6年期 评级为AA- 债参考YTM：1.9022,N,7.2,全价：134.100 最后更新：15:34:18,,,,1,[],0,0,N,,,buy,buy
2026-06-03 12:20:03,123071,天能转债,tnzz,117.193,0.21,300569,天能重工,tnzg,5.29,-0.75,1.01,6.68,79.19,0,47.99,165.18,630602,电力设备,szcy,C,2020-11-25,[],0,0,buy,AA-,,4.676,8.684,12.9,buy,2026-10-21,0.384,6.937,2756.95,7254.83,3.39,-4.91,,0,15:34:03,00,Y,N,2,2,Y,转股价下修2次，成功下修2次,2021-04-27 开始转股,计算使用0.4年期 评级为AA- 债参考YTM：1.6929,N,7.0,全价：117.193 最后更新：15:34:03,,,,1,{'M': ''},0,0,N,,,buy,buy
2026-06-03 12:20:03,111003,聚合转债,jhzz,143.223,2.62,605166,聚合顺,jhs,11.0,7.21,1.72,11.37,96.75,0,48.04,191.26,220406,基础化工,shmb,C,2022-04-19,[],0,0,buy,AA-,,7.959,14.781,5.9,buy,2028-03-07,1.762,2.035,5540.27,16453.62,19.09,-10.76,,0,14:59:57,00,Y,N,1,1,Y,转股价下修1次，成功下修1次,2022-09-13 开始转股,计算使用1.8年期 评级为AA- 债参考YTM：1.9458,N,2.04,全价：143.223 最后更新：14:59:57,,,,1,[],0,0,N,,,buy,buy
2026-06-03 12:20:03,123252,银邦转债,ybzz,146.06,-0.87,300337,银邦股份,ybgf,12.27,0.25,5.62,12.51,98.08,0,48.92,194.98,240301,有色金属,szcy,C,2025-01-24,[],0,0,buy,AA-,,8.757,16.263,9.0,buy,2031-01-06,4.597,7.846,5411.12,29493.71,4.69,-4.68,,0,15:33:54,00,Y,N,0,0,Y,,2025-07-14 开始转股,计算使用4.6年期 评级为AA- 债参考YTM：2.5471,N,7.85,全价：146.060 最后更新：15:33:54,,,,0,{'M': ''},0,0,N,,,buy,buy
2026-06-03 12:20:03,123235,亿田转债,ytzz,164.6,-4.91,300911,亿田智能,ytzn,23.5,-6.04,3.78,21.31,110.28,0,49.26,213.86,330401,家用电器,szcy,C,2024-01-12,[],0,0,buy,AA-,,14.917,27.703,10.8,buy,2029-12-21,3.553,4.353,22132.56,30930.06,30.03,-8.77,,0,15:33:54,00,Y,N,0,0,Y,,2024-06-27 开始转股,计算使用3.6年期 评级为AA- 债参考YTM：2.4284,N,5.202,全价：164.600 最后更新：15:33:54,,,,0,{'M': ''},0,0,N,,,buy,buy
2026-06-03 12:20:03,123144,裕兴转债,yxzz,131.08,0.45,300305,裕兴股份,yxgf,7.44,2.2,1.39,8.5,87.53,0,49.76,180.84,220505,基础化工,szcy,C,2022-04-27,[],0,0,buy,A,,5.95,11.05,25.1,buy,2028-04-11,1.858,5.997,7780.35,39997.44,9.89,-5.99,,0,15:34:15,00,Y,N,1,1,Y,转股价下修1次，成功下修1次,2022-10-17 开始转股,计算使用1.9年期 评级为A 债参考YTM：6.6567,N,6.0,全价：131.080 最后更新：15:34:15,,,,1,[],0,0,N,,,buy,buy
2026-06-03 12:20:03,118061,茂莱转债,mlzz,185.165,-12.64,688502,茂莱光学,mlgx,445.88,2.25,18.72,364.43,122.35,0,51.34,236.51,270303,电子,shkc,C,2025-12-10,[],0,0,buy,A+,,255.101,473.759,2.4,buy,2031-11-21,5.471,5.623,53864.38,84378.39,47.86,-8.03,,0,15:00:00,00,Y,N,0,0,Y,,2026-05-27 开始转股,计算使用5.5年期 评级为A+ 债参考YTM：5.3088,N,5.625,全价：185.165 最后更新：15:00:00,,,,0,"{'M': '', 'EX': '债券持有人及一致行动人大宗减持10.02% 2026年06月02日公告'}",0,0,N,,,buy,buy
2026-06-03 12:20:03,123178,花园转债,hyzz,133.413,0.21,300401,花园生物,hysw,11.76,-2.49,1.81,13.34,88.16,0,51.34,184.75,370101,医药生物,szcy,C,2023-03-23,[],0,0,buy,AA-,,9.338,17.342,18.6,buy,2029-03-06,2.759,11.731,4211.18,12597.32,2.7,-4.27,,0,15:34:21,00,Y,N,1,1,Y,转股价下修1次，成功下修1次,2023-09-11 开始转股,计算使用2.8年期 评级为AA- 债参考YTM：2.2518,N,12.0,全价：133.413 最后更新：15:34:21,,,,0,{'M': ''},0,0,N,,,buy,buy
2026-06-03 12:20:03,123215,铭利转债,mlzz,134.795,0.83,301268,铭利达,mld,17.1,3.32,4.34,19.2,89.06,0,51.35,186.15,640108,机械设备,szcy,C,2023-08-23,[],0,0,buy,AA-,,13.44,24.96,13.8,buy,2029-08-03,3.17,8.555,5258.59,13453.39,4.57,-3.03,,0,15:34:39,00,Y,N,1,1,Y,转股价下修1次，成功下修1次,2024-02-19 开始转股,计算使用3.2年期 评级为AA- 债参考YTM：2.3766,N,10.0,全价：134.795 最后更新：15:34:39,,,,0,{'M': ''},0,0,N,,,buy,buy
2026-06-03 12:20:03,123155,中陆转债,zlzz,137.498,-0.86,301040,中环海陆,zhhl,28.77,-2.51,3.71,31.76,90.59,0,51.79,189.29,630602,电力设备,szcy,C,2022-08-31,[],0,0,buy,A+,,22.232,41.288,13.3,buy,2028-08-12,2.195,3.6,3811.32,8310.35,7.67,-6.41,,0,15:34:15,00,Y,N,0,0,Y,,2023-02-20 开始转股,计算使用2.2年期 评级为A+ 债参考YTM：4.3783,N,3.6,全价：137.498 最后更新：15:34:15,,,,0,{'M': ''},0,0,N,,,buy,buy
2026-06-03 12:20:03,113037,紫银转债,zyzz,109.771,-0.01,601860,紫金银行,zjyh,2.6,-0.76,0.46,3.6,72.22,0,51.99,161.76,480501,银行,shmb,C,2020-08-17,[],0,0,buy,AA+,,,4.68,48.7,buy,2026-07-23,0.137,44.995,6430.85,9505.03,1.3,1.56,,0,14:58:48,00,Y,N,1,1,N,"转股价下修1次，成功下修1次
2026-06-01 至 2026-06-08 期间暂停转股：权益分派
转股价3.600生效日期2026-02-05",2021-01-29 开始转股;2026-06-01 至 2026-06-08 期间暂停转股：权益分派,计算使用0.2年期 评级为AA+ 债参考YTM：1.4396,N,45.0,全价：109.771 最后更新：14:58:48,,,,0,{'M': ''},0,0,N,,,buy,buy
2026-06-03 12:20:03,113699,金25转债,j25zz,178.731,-1.31,603979,金诚信,jcx,74.5,-2.42,3.99,63.46,117.4,0,52.25,230.98,240302,有色金属,shmb,C,2025-10-27,[],0,0,buy,AA,,44.422,82.498,4.3,buy,2031-09-26,5.318,19.999,19363.77,64189.92,5.36,-7.97,,0,14:59:57,00,Y,N,0,0,Y,,2026-04-10 开始转股,计算使用5.4年期 评级为AA 债参考YTM：2.0536,N,20.0,全价：178.731 最后更新：14:59:57,,,,0,{'M': ''},0,0,N,,,buy,buy
2026-06-03 12:20:03,123104,卫宁转债,wnzz,124.649,-0.83,300253,卫宁健康,wnjk,7.72,-2.53,3.04,9.44,81.78,0,52.42,177.07,710401,计算机,szcy,C,2021-03-31,[],0,0,buy,AA,,6.608,12.272,6.8,buy,2027-03-16,0.784,9.699,3736.68,38480.49,3.08,-4.78,,0,15:34:18,00,Y,N,1,1,Y,转股价下修1次，成功下修1次,2021-09-22 开始转股,计算使用0.8年期 评级为AA 债参考YTM：1.4928,N,9.703,全价：124.649 最后更新：15:34:18,,,,1,{'M': ''},0,0,N,,,buy,buy
2026-06-03 12:20:03,110086,精工转债,jgzz,130.494,-0.15,600496,精工钢构,jggg,4.1,-2.84,0.86,4.79,85.6,0,52.46,182.95,620401,建筑装饰,shmb,C,2022-05-23,[],0,0,buy,AA,,3.353,6.227,24.5,buy,2028-04-22,1.888,19.999,5019.09,16230.42,1.92,-7.06,,0,14:59:55,00,Y,N,0,0,Y,,2022-10-28 开始转股,计算使用1.9年期 评级为AA 债参考YTM：1.6255,N,20.0,全价：130.494 最后更新：14:59:55,,,,1,{'M': ''},0,0,N,,,buy,buy
2026-06-03 12:20:03,127093,章鼓转债,zgzz,131.4,-0.41,002598,ST章鼓,sdzg,7.23,-2.82,1.71,8.4,86.07,0,52.66,184.06,640106,机械设备,szmb,C,2023-11-03,[],0,0,buy,A,,5.88,10.92,11.7,buy,2029-10-17,3.375,2.425,764.77,3422.4,2.4,-3.18,,0,15:34:21,00,Y,N,1,1,Y,转股价下修1次，成功下修1次,2024-04-23 开始转股,计算使用3.4年期 评级为A 债参考YTM：7.1126,N,2.43,全价：131.400 最后更新：15:34:21,,,,0,[],0,0,N,,,buy,buy
2026-06-03 12:20:03,123109,昌红转债,chzz,141.819,0.65,300151,昌红科技,chkj,24.68,3.92,7.94,26.64,92.64,0,53.08,194.9,640209,机械设备,szcy,C,2021-04-19,[],0,0,buy,AA-,,18.648,34.632,5.0,buy,2027-04-01,0.827,4.595,6910.8,66947.33,10.58,-22.93,,0,15:34:06,00,Y,N,0,0,Y,,2021-10-08 开始转股,计算使用0.9年期 评级为AA- 债参考YTM：1.7702,N,4.6,全价：141.819 最后更新：15:34:06,,,,1,{'M': ''},0,0,N,,,buy,buy
2026-06-03 12:20:03,113698,凯众转债,kzzz,152.914,-1.21,603037,凯众股份,kzgf,12.72,0.55,3.3,12.75,99.77,0,53.27,206.18,280203,汽车,shmb,C,2025-09-10,[],0,0,buy,AA-,,8.925,16.575,9.1,buy,2031-08-15,5.203,3.079,6835.42,6166.82,14.44,-5.61,,0,14:59:48,00,Y,N,0,0,Y,,2026-02-24 开始转股,计算使用5.3年期 评级为AA- 债参考YTM：2.7617,N,3.08,全价：152.914 最后更新：14:59:48,,,,0,[],0,0,N,,,buy,buy
2026-06-03 12:20:03,127049,希望转2,xwz2,110.63,-1.05,000876,新希望,xxw,7.6,-2.56,1.57,10.59,71.77,0,54.15,164.78,110702,农林牧渔,szmb,C,2021-11-29,[],0,0,buy,AAA,,7.413,13.767,23.8,buy,2027-11-02,1.416,81.434,12415.02,20572.99,1.37,-1.32,,0,15:34:48,00,Y,N,1,1,Y,转股价下修1次，成功下修1次,2022-05-09 开始转股,计算使用1.5年期 评级为AAA 债参考YTM：1.5068,N,81.5,全价：110.630 最后更新：15:34:48,,,,1,{'M': ''},0,0,N,,,buy,buy
2026-06-03 12:20:03,127018,本钢转债,bgzz,118.704,-0.03,000761,本钢板材,bgbc,2.53,-0.78,1.51,3.29,76.9,0,54.36,173.06,230402,钢铁,szmb,C,2020-08-04,[],0,0,buy,AAA,,2.303,4.277,60.0,buy,2026-06-29,0.071,56.309,14597.41,3915.03,2.18,3.5,,0,15:34:06,00,Y,N,1,1,Y,转股价下修1次，成功下修1次,2021-01-04 开始转股,计算使用0.1年期 评级为AAA 债参考YTM：1.4138,N,68.0,全价：118.704 最后更新：15:34:06,,,,1,"{'R': '到期\n最后交易日：2026-06-23\n最后转股日：2026-06-26\n债券到期日：2026-06-29\n到期赎回价：119.000元/张', 'M': ''}",0,0,N,,,buy,buy
2026-06-03 12:20:03,118053,正帆转债,zfzz,153.444,0.11,688596,正帆科技,zfkj,38.11,-0.94,2.99,38.35,99.37,0,54.41,207.85,640209,机械设备,shkc,C,2025-04-03,[],0,0,buy,AA,,26.845,49.855,9.3,buy,2031-03-18,4.792,10.409,11006.93,52902.27,6.89,-5.78,,0,14:59:27,00,Y,N,0,0,Y,,2025-09-24 开始转股,计算使用4.8年期 评级为AA 债参考YTM：1.9836,N,10.41,全价：153.444 最后更新：14:59:27,,,,0,{'M': ''},0,0,N,,,buy,buy
2026-06-03 12:20:03,110090,爱迪转债,adzz,137.027,-0.7,600933,爱柯迪,akd,15.55,-0.38,1.61,17.55,88.6,0,54.65,191.68,280203,汽车,shmb,C,2022-10-28,[],0,0,buy,AA,,12.285,22.815,10.3,buy,2028-09-23,2.31,15.695,2710.51,20242.29,1.26,-8.2,,0,14:59:36,00,Y,N,0,0,Y,,2023-03-29 开始转股,计算使用2.4年期 评级为AA 债参考YTM：1.6899,N,15.7,全价：137.027 最后更新：14:59:36,,,,0,{'M': ''},0,0,N,,,buy,buy
2026-06-03 12:20:03,123112,万讯转债,wxzz,128.965,-0.39,300112,万讯自控,wxzk,6.92,-1.28,2.04,8.3,83.37,0,54.68,183.65,640107,机械设备,szcy,C,2021-04-23,[],0,0,buy,AA-,,5.81,10.79,13.8,buy,2027-04-08,0.847,2.265,2139.23,5227.09,7.31,-10.08,,0,15:34:03,00,Y,N,0,0,Y,,2021-10-14 开始转股,计算使用0.9年期 评级为AA- 债参考YTM：1.7702,N,2.457,全价：128.965 最后更新：15:34:03,,,,1,[],0,0,N,,,buy,buy
2026-06-03 12:20:03,127104,姚记转债,yjzz,145.653,-0.34,002605,姚记科技,yjkj,18.84,-2.38,1.99,20.06,93.92,0,55.08,200.73,720401,传媒,szmb,C,2024-02-26,[],0,0,buy,A+,,14.042,26.078,9.1,buy,2030-01-24,3.647,5.823,1028.94,11097.86,1.21,-5.23,,0,15:34:27,00,Y,N,0,0,N,2026-05-29 起暂停转股：权益分派,2024-07-31 开始转股;2026-05-29 起暂停转股：权益分派,计算使用3.7年期 评级为A+ 债参考YTM：4.7936,N,5.831,全价：145.653 最后更新：15:34:27,,,,0,[],0,0,N,,,buy,buy
2026-06-03 12:20:03,123165,回天转债,htzz,139.48,-0.13,300041,回天新材,htxc,13.66,-1.01,2.42,15.2,89.87,0,55.2,194.68,220316,基础化工,szcy,C,2022-11-15,[],0,0,buy,AA-,,10.64,19.76,11.4,buy,2028-10-27,2.403,8.497,5065.62,75345.9,4.25,-6.67,,0,15:34:21,00,Y,N,0,0,Y,,2023-05-04 开始转股,计算使用2.5年期 评级为AA- 债参考YTM：2.1387,N,8.5,全价：139.480 最后更新：15:34:21,,,,0,{'M': ''},0,0,N,,,buy,buy
2026-06-03 12:20:03,113053,隆22转债,l22zz,119.021,-1.1,601012,隆基绿能,ljln,13.42,-0.45,2.0,17.5,76.69,0,55.21,174.23,630502,电力设备,shmb,C,2022-02-17,[],0,0,buy,AAA,,12.25,22.75,6.9,buy,2028-01-05,1.592,69.951,20193.72,195760.69,2.41,-5.65,,0,14:59:59,00,Y,N,1,1,Y,转股价下修1次，成功下修1次,2022-07-11 开始转股,计算使用1.6年期 评级为AAA 债参考YTM：1.5128,N,70.0,全价：119.021 最后更新：14:59:59,,,,1,{'M': ''},0,0,N,,,buy,buy
2026-06-03 12:20:03,127054,双箭转债,sjzz,126.867,-0.78,002381,双箭股份,sjgf,5.77,-1.2,1.1,7.06,81.73,0,55.23,182.1,220602,基础化工,szmb,C,2022-03-15,[],0,0,buy,AA,,4.942,9.178,27.8,buy,2028-02-11,1.693,5.136,2116.41,3223.38,3.24,-6.28,,0,15:34:03,00,Y,N,0,0,Y,,2022-08-17 开始转股,计算使用1.7年期 评级为AA 债参考YTM：1.6006,N,5.136,全价：126.867 最后更新：15:34:03,,,,1,[],0,0,N,,,buy,buy
2026-06-03 12:20:03,128138,侨银转债,qyzz,129.6,-0.09,002973,侨银股份,qygf,12.21,-1.85,1.91,14.64,83.4,0,55.39,184.99,760103,环保,szmb,C,2020-12-24,[],0,0,buy,A+,,10.248,19.032,10.8,buy,2026-11-17,0.458,4.199,3079.23,7675.84,5.64,0.68,,0,15:34:39,00,Y,N,2,2,Y,转股价下修2次，成功下修2次,2021-05-24 开始转股,计算使用0.5年期 评级为A+ 债参考YTM：4.0548,N,4.2,全价：129.600 最后更新：15:34:39,,,,1,[],0,0,N,,,buy,buy
2026-06-03 12:20:03,118037,上声转债,sszz,133.984,-0.42,688533,上声电子,ssdz,24.95,-0.68,2.27,28.99,86.06,0,55.68,189.66,280206,汽车,shkc,C,2023-08-01,[],0,0,buy,A+,,20.293,37.687,11.4,buy,2029-07-06,3.093,4.679,2264.94,3687.39,3.6,-4.77,,0,14:59:58,00,Y,N,2,1,N,"转股价下修2次，成功下修1次
2026-05-28 至 2026-06-05 期间暂停转股：权益分派
转股价28.990生效日期2026-02-06",2024-01-12 开始转股;2026-05-28 至 2026-06-05 期间暂停转股：权益分派,计算使用3.1年期 评级为A+ 债参考YTM：4.7041,N,5.2,全价：133.984 最后更新：14:59:58,,,,0,{'M': ''},0,0,N,,,buy,buy
2026-06-03 12:20:03,123195,蓝晓转02,lxz02,146.977,-0.66,300487,蓝晓科技,lxkj,56.03,-1.46,6.2,59.38,94.36,0,55.76,202.74,220504,基础化工,szcy,C,2023-05-08,[],0,0,buy,A+,,41.566,77.194,3.2,buy,2029-04-17,2.874,5.458,4063.97,36147.19,5.04,-7.12,,0,15:34:33,00,Y,N,0,0,Y,,2023-10-23 开始转股,计算使用2.9年期 评级为A+ 债参考YTM：4.6374,N,5.461,全价：146.977 最后更新：15:34:33,,,,0,{'M': ''},0,0,N,,,buy,buy
2026-06-03 12:20:03,110073,国投转债,gtzz,106.856,0.05,600061,国投资本,gtzb,6.41,-0.77,0.72,9.42,68.05,0,57.03,163.89,490101,非银金融,shmb,C,2020-08-20,[],0,0,buy,AAA,,,12.246,19.5,buy,2026-07-24,0.14,79.991,7601.01,17806.51,0.89,0.98,,0,14:59:21,00,Y,N,0,0,Y,,2021-02-01 开始转股,计算使用0.2年期 评级为AAA 债参考YTM：1.4196,N,80.0,全价：106.856 最后更新：14:59:21,,,,0,{'M': ''},0,0,N,,,buy,buy
2026-06-03 12:20:03,127069,小熊转债,xxzz,133.737,0.07,002959,小熊电器,xxdq,37.1,-0.93,1.84,43.71,84.88,0,57.56,191.3,330301,家用电器,szmb,C,2022-09-07,[],0,0,buy,AA-,,30.597,56.823,9.0,buy,2028-08-12,2.195,5.041,1724.98,2668.69,2.56,-5.26,,0,15:34:33,00,Y,N,1,1,Y,转股价下修1次，成功下修1次,2023-02-20 开始转股,计算使用2.2年期 评级为AA- 债参考YTM：2.0376,N,5.36,全价：133.737 最后更新：15:34:33,,,,0,{'M': ''},0,0,N,,,buy,buy
2026-06-03 12:20:03,110095,双良转债,slzz,125.296,-0.75,600481,双良节能,sljn,4.91,-2.58,2.28,6.18,79.45,0,57.7,183.0,630501,电力设备,shmb,C,2023-09-08,[],0,0,buy,AA-,,4.326,8.034,13.8,buy,2029-08-08,3.184,14.006,10992.26,48007.51,6.24,-2.91,,0,14:59:58,00,Y,N,2,2,Y,转股价下修2次，成功下修2次,2024-02-19 开始转股,计算使用3.2年期 评级为AA- 债参考YTM：2.3766,N,26.0,全价：125.296 最后更新：14:59:58,,,,0,{'M': ''},0,0,N,,,buy,buy
2026-06-03 12:20:03,127031,洋丰转债,yfzz,120.097,-0.5,000902,新洋丰,xyf,12.85,-1.31,1.3,16.89,76.08,0,57.86,177.96,220805,基础化工,szmb,C,2021-04-23,[],0,0,buy,AA,,11.823,21.957,6.8,buy,2027-03-25,0.808,9.999,3557.47,14357.82,2.96,-8.37,,0,15:34:15,00,Y,N,1,1,Y,转股价下修1次，成功下修1次,2021-10-08 开始转股,计算使用0.9年期 评级为AA 债参考YTM：1.5042,N,10.0,全价：120.097 最后更新：15:34:15,,,,1,{'M': ''},0,0,N,,,buy,buy
2026-06-03 12:20:03,113696,伯25转债,b25zz,139.539,-1.32,603596,伯特利,btl,31.04,-2.79,3.38,35.16,88.28,0,58.06,197.6,280203,汽车,shmb,C,2025-07-28,[],0,0,buy,AA,,24.612,45.708,10.1,buy,2031-07-01,5.08,28.019,5147.08,70251.23,1.31,-4.03,,0,14:59:46,00,Y,N,0,0,Y,,2026-01-07 开始转股,计算使用5.1年期 评级为AA 债参考YTM：2.0072,N,28.02,全价：139.539 最后更新：14:59:46,,,,0,{'M': ''},0,0,N,,,buy,buy
2026-06-03 12:20:03,123224,宇邦转债,ybzz,138.049,-0.3,301266,宇邦新材,ybxc,24.6,-1.87,1.88,28.17,87.33,0,58.08,196.13,630504,电力设备,szcy,C,2023-10-18,[],0,0,buy,A+,,19.719,36.621,8.5,buy,2029-09-19,3.299,2.848,3365.64,9096.58,8.56,-4.31,,0,15:34:45,00,Y,N,1,1,Y,转股价下修1次，成功下修1次,2024-03-25 开始转股,计算使用3.3年期 评级为A+ 债参考YTM：4.7477,N,5.0,全价：138.049 最后更新：15:34:45,,,,0,"{'G': '本次（2026年1月30日至2026年3月11日）不提前赎回，自2026年6月11日后首个交易日重新计算', 'M': ''}",0,0,N,,,buy,buy
2026-06-03 12:20:03,113694,清源转债,qyzz,132.417,0.1,603628,清源股份,qygf,10.74,-0.56,2.21,12.86,83.52,0,58.56,190.98,630504,电力设备,shmb,C,2025-04-25,[],0,0,buy,A+,,9.002,16.718,17.1,buy,2031-04-08,4.849,5.0,1649.43,3898.67,2.49,-2.27,,0,14:59:33,00,Y,N,0,0,Y,,2025-10-14 开始转股,计算使用4.9年期 评级为A+ 债参考YTM：4.9358,N,5.0,全价：132.417 最后更新：14:59:33,,,,0,{'M': ''},0,0,N,,,buy,buy
2026-06-03 12:20:03,123194,百洋转债,byzz,131.91,-0.34,301015,百洋医药,byyy,20.61,-1.9,4.19,24.79,83.14,0,58.66,190.57,370402,医药生物,szcy,C,2023-05-05,[],0,0,buy,AA-,,17.353,32.227,7.8,buy,2029-04-14,2.866,8.459,4934.97,9279.77,4.42,-4.31,,0,15:34:30,00,Y,N,0,0,Y,,2023-10-20 开始转股,计算使用2.9年期 评级为AA- 债参考YTM：2.2885,N,8.6,全价：131.910 最后更新：15:34:30,,,,0,{'M': ''},0,0,N,,,buy,buy
2026-06-03 12:20:03,127113,长高转债,cgzz,163.999,-0.61,002452,长高电气,cgdq,11.26,-1.23,2.49,10.92,103.11,103,59.05,223.05,630801,电力设备,szmb,C,2026-03-30,[],0,0,buy,AA-,,7.644,14.196,13.0,buy,2032-03-08,5.767,7.586,3188.54,24882.88,2.56,-6.22,,0,15:34:33,00,Y,N,0,0,Y,,未到转股期；2026-09-14 开始转股,计算使用5.8年期 评级为AA- 债参考YTM：3.2691,N,7.59,全价：163.999 最后更新：15:34:33,,,,0,{'M': ''},0,0,N,,,buy,buy
2026-06-03 12:20:03,113674,华设转债,hszz,133.191,-0.12,603018,华设集团,hsjt,7.07,-1.39,0.89,8.45,83.67,0,59.19,192.38,620601,建筑装饰,shmb,C,2023-08-15,[],0,0,buy,AA,,5.915,10.985,8.3,buy,2029-07-21,3.134,3.999,2655.21,3044.63,4.98,-4.33,,0,14:59:01,00,Y,N,0,0,Y,,2024-01-29 开始转股,计算使用3.2年期 评级为AA 债参考YTM：1.8010,N,4.0,全价：133.191 最后更新：14:59:01,,,,0,{'M': ''},0,0,N,,,buy,buy
2026-06-03 12:20:03,113659,莱克转债,lkzz,129.846,-0.91,603355,莱克电气,lkdq,25.83,-1.45,2.58,31.72,81.43,0,59.45,189.3,330302,家用电器,shmb,C,2022-11-15,[],0,0,buy,AA,,22.204,41.236,8.1,buy,2028-10-14,2.367,11.998,3597.54,4396.75,2.3,-5.7,,0,14:59:44,00,Y,N,0,0,Y,,2023-04-20 开始转股,计算使用2.4年期 评级为AA 债参考YTM：1.6899,N,12.0,全价：129.846 最后更新：14:59:44,,,,0,{'M': ''},0,0,N,,,buy,buy
2026-06-03 12:20:03,118036,力合转债,lhzz,137.099,0.21,688589,力合微,lhw,20.57,-1.3,2.87,23.93,85.96,0,59.49,196.59,270104,电子,shkc,C,2023-07-20,[],0,0,buy,AA-,,16.751,31.109,12.7,buy,2029-06-28,3.071,3.8,3556.07,9469.88,6.79,-4.52,,0,14:59:57,00,Y,N,1,1,N,"转股价下修1次，成功下修1次
2026-06-03 起暂停转股：权益分派
转股价23.930生效日期2025-06-06",2024-01-04 开始转股;2026-06-03 起暂停转股：权益分派,计算使用3.1年期 评级为AA- 债参考YTM：2.3531,N,3.8,全价：137.099 最后更新：14:59:57,,,,0,{'M': ''},0,0,N,,,buy,buy
2026-06-03 12:20:03,123119,康泰转2,ktz2,122.536,-0.34,300601,康泰生物,ktsw,12.07,-2.9,1.4,15.73,76.73,0,59.69,182.23,370303,医药生物,szcy,C,2021-08-05,[],0,0,buy,AA,,11.011,20.449,18.4,buy,2027-07-15,1.115,19.99,3196.91,14524.58,1.3,-6.52,,0,15:34:09,00,Y,N,5,5,Y,转股价下修5次，成功下修5次,2022-01-21 开始转股,计算使用1.2年期 评级为AA 债参考YTM：1.5391,N,20.0,全价：122.536 最后更新：15:34:09,,,,1,{'M': ''},0,0,N,,,buy,buy
2026-06-03 12:20:03,123124,晶瑞转2,jrz2,139.441,-0.28,300655,晶瑞电材,jrdc,14.56,0.41,5.85,16.69,87.24,0,59.84,199.28,270601,电子,szcy,C,2021-09-07,[],0,0,buy,A+,,11.683,21.697,3.4,buy,2027-08-16,1.203,5.225,4692.65,62181.08,6.4,-18.85,,1,15:34:12,00,Y,N,0,0,Y,,2022-02-21 开始转股,计算使用1.3年期 评级为A+ 债参考YTM：4.1733,N,5.23,全价：139.441 最后更新：15:34:12,,,,1,{'M': ''},0,0,N,,23年6月前不下修,buy,buy
2026-06-03 12:20:03,127089,晶澳转债,jazz,119.045,-0.8,002459,晶澳科技,jakj,8.68,-0.91,1.35,11.66,74.44,0,59.92,178.97,630502,电力设备,szmb,C,2023-08-04,[],0,0,buy,AA+,,8.162,15.158,31.2,buy,2029-07-18,3.126,89.588,8627.82,35291.09,0.8,-2.0,,0,15:34:27,00,Y,N,2,1,Y,转股价下修2次，成功下修1次,2024-01-24 开始转股,计算使用3.2年期 评级为AA+ 债参考YTM：1.6783,N,89.603,全价：119.045 最后更新：15:34:27,,,,0,{'M': ''},0,0,N,,,buy,buy
2026-06-03 12:20:03,127059,永东转2,ydz2,130.819,0.09,002753,永东股份,ydgf,6.6,-0.3,1.06,8.16,80.88,0,61.74,192.56,220603,基础化工,szmb,C,2022-05-16,[],0,0,buy,AA-,,5.712,10.608,23.6,buy,2028-04-08,1.849,3.79,1951.91,3100.82,3.94,-5.92,,0,15:34:27,00,Y,N,0,0,N,2026-05-29 至 2026-06-05 期间暂停转股：权益分派,2022-10-14 开始转股;2026-05-29 至 2026-06-05 期间暂停转股：权益分派,计算使用1.9年期 评级为AA- 债参考YTM：1.9671,N,3.8,全价：130.819 最后更新：15:34:27,,,,1,[],0,0,N,,,buy,buy
2026-06-03 12:20:03,111024,澳弘转债,ahzz,181.405,-2.45,605058,澳弘电子,ahdz,38.17,-3.76,2.96,34.04,112.13,14,61.78,243.19,270202,电子,shmb,C,2026-01-16,[],0,0,buy,AA-,,23.828,44.252,10.6,buy,2031-12-10,5.523,5.8,7513.23,27390.15,7.04,-7.9,,0,14:59:51,00,Y,N,0,0,Y,,未到转股期；2026-06-17 开始转股,计算使用5.6年期 评级为AA- 债参考YTM：3.0676,N,5.8,全价：181.405 最后更新：14:59:51,,,,0,[],0,0,N,,,buy,buy
2026-06-03 12:20:03,118027,宏图转债,htzz,94.097,-2.32,688066,*ST航图,htht,14.27,0.42,-3.26,24.55,58.13,0,61.88,155.98,710301,计算机,shkc,C,2022-12-22,[],0,0,buy,BB+,,17.185,31.915,27.1,buy,2028-11-28,2.49,10.087,31359.8,15069.06,32.74,10.11,,0,15:00:00,00,Y,N,2,2,Y,转股价下修2次，成功下修2次,2023-06-02 开始转股,,N,10.088,全价：94.097 最后更新：15:00:00,,,,0,[],0,0,N,,,buy,buy
2026-06-03 12:20:03,123114,三角转债,sjzz,124.21,0.09,300775,三角防务,sjfw,24.02,-0.58,2.18,31.39,76.52,0,62.32,186.53,650201,国防军工,szcy,C,2021-06-11,[],0,0,buy,AA-,,21.973,40.807,7.0,buy,2027-05-25,0.975,8.999,5704.42,29973.39,5.1,-7.62,,0,15:34:06,00,Y,N,0,0,Y,,2021-11-30 开始转股,计算使用1.0年期 评级为AA- 债参考YTM：1.7864,N,9.044,全价：124.210 最后更新：15:34:06,,,,1,{'M': ''},0,0,N,,,buy,buy
2026-06-03 12:20:03,113665,汇通转债,htzz,130.187,-0.84,603176,汇通集团,htjt,5.03,-2.14,2.12,6.29,79.97,0,62.8,192.99,620306,建筑装饰,shmb,C,2023-01-11,[],0,0,buy,AA-,,4.403,8.177,15.5,buy,2028-12-15,2.537,3.596,2574.42,2367.23,5.49,-3.7,,0,14:58:27,00,Y,N,1,1,Y,转股价下修1次，成功下修1次,2023-06-21 开始转股,计算使用2.6年期 评级为AA- 债参考YTM：2.1761,N,3.6,全价：130.187 最后更新：14:58:27,,,,0,[],0,0,N,,,buy,buy
2026-06-03 12:20:03,113671,武进转债,wjzz,137.448,0.0,603878,武进不锈,wjbx,6.62,-0.9,1.42,7.93,83.48,0,64.65,202.1,230403,钢铁,shmb,C,2023-08-03,[],0,0,buy,AA,,5.551,10.309,8.3,buy,2029-07-10,3.104,3.093,2120.13,6089.32,4.99,-5.89,,0,14:59:31,00,Y,N,0,0,N,2026-06-03 起暂停转股：权益分派,2024-01-15 开始转股;2026-06-03 起暂停转股：权益分派,计算使用3.2年期 评级为AA 债参考YTM：1.8010,N,3.1,全价：137.448 最后更新：14:59:31,,,,0,[],0,0,N,,,buy,buy
2026-06-03 12:20:03,110093,神马转债,smzz,119.128,0.44,600810,神马股份,smgf,5.83,0.87,0.69,8.08,72.15,0,65.1,184.23,220406,基础化工,shmb,C,2023-04-20,[],0,0,buy,AAA,,5.656,10.504,35.2,buy,2029-03-16,2.786,22.199,4632.36,7194.38,1.76,-2.86,,0,14:58:46,00,Y,N,0,0,Y,,2023-09-22 开始转股,计算使用2.8年期 评级为AAA 债参考YTM：1.5981,N,30.0,全价：119.128 最后更新：14:58:46,,,,0,{'M': ''},0,0,N,,,buy,buy
2026-06-03 12:20:03,123268,本川转债,bczz,230.0,-3.14,300964,本川智能,bczn,105.0,-5.96,7.85,75.88,138.38,142,66.21,296.21,270202,电子,szcy,C,2026-05-07,[],0,0,buy,AA-,,53.116,98.644,8.0,buy,2032-04-16,5.874,4.69,94675.66,104553.64,84.31,-10.75,,0,15:34:06,00,Y,N,0,0,Y,,未到转股期；2026-10-23 开始转股,计算使用5.9年期 评级为AA- 债参考YTM：3.3510,N,4.69,全价：230.000 最后更新：15:34:06,,,,0,{'M': ''},0,0,N,,,buy,buy
2026-06-03 12:20:03,127072,博实转债,bszz,136.364,-0.42,002698,博实股份,bsgf,12.35,-1.52,2.97,15.06,82.01,0,66.29,202.65,640701,机械设备,szmb,C,2022-11-03,[],0,0,buy,AA,,10.542,19.578,4.3,buy,2028-09-22,2.307,4.498,1973.79,11164.44,3.21,-7.14,,0,15:34:21,00,Y,N,0,0,Y,,2023-03-28 开始转股,计算使用2.4年期 评级为AA 债参考YTM：1.6899,N,4.5,全价：136.364 最后更新：15:34:21,,,,0,{'M': ''},0,0,N,,,buy,buy
2026-06-03 12:20:03,123173,恒锋转债,hfzz,132.148,-0.33,300605,恒锋信息,hfxx,10.86,-1.54,3.9,13.77,78.87,0,67.56,199.71,710401,计算机,szcy,C,2023-02-08,[],0,0,buy,A-,,9.639,17.901,17.0,buy,2028-12-30,2.578,2.331,1650.14,5920.92,5.35,-3.97,,0,15:34:27,00,Y,N,0,0,Y,,2023-07-06 开始转股,计算使用2.6年期 评级为A- 债参考YTM：9.2212,N,2.424,全价：132.148 最后更新：15:34:27,,,,0,[],0,0,N,,,buy,buy
2026-06-03 12:20:03,127102,浙建转债,zjzz,126.05,-0.36,002761,浙江建投,zjjt,7.62,-3.54,0.95,10.22,74.56,0,69.06,195.11,620101,建筑装饰,szmb,C,2024-01-16,[],0,0,buy,AA+,,7.154,13.286,12.1,buy,2029-12-25,3.564,9.951,3477.99,8928.36,2.77,-3.34,,0,15:34:45,00,Y,N,0,0,Y,,2024-07-01 开始转股,计算使用3.6年期 评级为AA+ 债参考YTM：1.7081,N,10.0,全价：126.050 最后更新：15:34:45,,,,0,{'M': ''},0,0,N,,,buy,buy
2026-06-03 12:20:03,118052,浩瀚转债,hhzz,152.891,0.74,688292,浩瀚深度,hhsd,21.85,-2.5,3.43,24.26,90.07,0,69.75,222.64,710103,计算机,shkc,C,2025-04-07,[],0,0,buy,A+,,16.982,31.538,10.2,buy,2031-03-13,4.778,3.539,3372.71,9263.16,6.24,-5.07,,0,14:59:49,00,Y,N,0,0,N,2026-06-02 至 2026-06-08 期间暂停转股：权益分派,2025-09-19 开始转股;2026-06-02 至 2026-06-08 期间暂停转股：权益分派,计算使用4.8年期 评级为A+ 债参考YTM：4.9247,N,3.54,全价：152.891 最后更新：14:59:49,,,,0,{'M': ''},0,0,N,,,buy,buy
2026-06-03 12:20:03,113692,保隆转债,blzz,132.166,-0.18,603197,保隆科技,blkj,30.49,-1.74,2.0,39.35,77.48,0,70.57,202.74,280205,汽车,shmb,C,2024-11-27,[],0,0,buy,AA,,27.545,51.155,21.6,buy,2030-10-31,4.414,13.897,4947.89,10202.91,2.69,-3.45,,0,14:59:53,00,Y,N,0,0,Y,,2025-05-06 开始转股,计算使用4.5年期 评级为AA 债参考YTM：1.9659,N,13.9,全价：132.166 最后更新：14:59:53,,,,0,{'M': ''},0,0,N,,,buy,buy
2026-06-03 12:20:03,118064,联瑞转债,lrzz,447.747,-4.41,688300,联瑞新材,lrxc,166.77,-9.13,22.01,63.55,262.42,41,70.62,518.37,220901,基础化工,shkc,C,2026-01-28,[],0,0,buy,AA,,44.485,82.615,1.7,buy,2032-01-07,5.6,6.95,85157.47,272280.11,26.93,-21.9,,0,14:59:59,00,Y,N,0,0,Y,,未到转股期；2026-07-14 开始转股,计算使用5.6年期 评级为AA 债参考YTM：2.0931,N,6.95,全价：447.747 最后更新：14:59:59,,,,0,{'M': ''},0,0,N,,,buy,buy
2026-06-03 12:20:03,123261,普联转债,plzz,156.078,-0.89,300996,普联软件,plrj,11.86,-3.34,3.55,12.97,91.44,8,70.69,226.77,710401,计算机,szcy,C,2025-12-22,[],0,0,buy,A+,,9.079,16.861,6.1,buy,2031-12-05,5.51,2.429,2505.06,11407.94,6.58,-4.89,,0,15:33:54,00,Y,N,0,0,Y,,未到转股期；2026-06-11 开始转股,计算使用5.6年期 评级为A+ 债参考YTM：5.4166,N,2.43,全价：156.078 最后更新：15:33:54,,,,0,{'M': ''},0,0,N,,,buy,buy
2026-06-03 12:20:03,127050,麒麟转债,qlzz,130.394,-0.18,002984,森麒麟,sql,14.73,-1.34,1.1,19.36,76.09,0,71.38,201.77,280204,汽车,szmb,C,2021-12-06,[],0,0,buy,AA,,13.552,25.168,19.8,buy,2027-11-11,1.441,20.86,3292.32,17620.88,1.21,-10.25,,0,15:34:15,00,Y,N,2,1,Y,转股价下修2次，成功下修1次,2022-05-17 开始转股,计算使用1.5年期 评级为AA 债参考YTM：1.5756,Y,21.989,全价：130.394 最后更新：15:34:15,,,"按下调到底估算
股东大会：2026-06-15
预估转股价：15.78
预估转股价值：93.35
期权价值：9.83
理论价值：119.17
理论偏离度：8.61%",1,{'M': ''},0,0,N,,,buy,buy
2026-06-03 12:20:03,127038,国微转债,gwzz,135.944,-0.41,002049,紫光国微,zggw,77.09,1.18,4.65,97.3,79.23,0,71.58,207.52,270104,电子,szmb,C,2021-07-14,[],0,0,buy,AA+,,68.11,126.49,2.3,buy,2027-06-10,1.019,14.915,9365.41,297390.92,4.56,-17.73,,0,15:34:12,00,Y,N,0,0,Y,,2021-12-17 开始转股,计算使用1.1年期 评级为AA+ 债参考YTM：1.4939,N,15.0,全价：135.944 最后更新：15:34:12,,,,0,{'M': ''},0,0,N,,,buy,buy
2026-06-03 12:20:03,110100,龙建转债,ljzz,132.888,-0.28,600853,龙建股份,ljgf,3.57,-1.38,0.87,4.63,77.11,55,72.34,205.23,620306,建筑装饰,shmb,C,2026-02-12,[],0,0,buy,AA,,3.241,6.019,27.6,buy,2032-01-21,5.638,10.0,1251.33,1961.45,0.94,-2.79,,0,14:59:56,00,Y,N,0,0,Y,,未到转股期；2026-07-28 开始转股,计算使用5.7年期 评级为AA 债参考YTM：2.1137,N,10.0,全价：132.888 最后更新：14:59:56,,,,0,[],0,0,N,,,buy,buy
2026-06-03 12:20:03,123065,宝莱转债,blzz,121.591,-1.69,300246,宝莱特,blt,16.75,-4.94,3.92,23.8,70.38,0,72.77,194.36,370502,医药生物,szcy,C,2020-09-24,[],0,0,buy,AA-,,16.66,30.94,6.2,buy,2026-09-04,0.255,2.18,7302.56,23257.38,26.9,-21.5,,0,15:34:06,00,Y,N,2,1,Y,转股价下修2次，成功下修1次,2021-03-11 开始转股,计算使用0.3年期 评级为AA- 债参考YTM：1.6650,Y,2.19,全价：121.591 最后更新：15:34:06,,,"按下调到底估算
股东大会：2026-06-18
预估转股价：18.74
预估转股价值：89.38
期权价值：7.14
理论价值：121.66
理论偏离度：-0.06%",0,[],0,0,N,,,buy,buy
2026-06-03 12:20:03,127111,金威转债,jwzz,130.756,-0.34,002626,金达威,jdw,14.77,-2.06,2.01,19.59,75.4,0,73.43,204.19,340407,食品饮料,szmb,C,2025-09-08,[],0,0,buy,AA,,13.713,25.467,14.3,buy,2031-08-20,5.216,12.924,3060.18,5769.13,1.81,-2.71,,0,15:34:33,00,Y,N,0,0,N,2026-06-01 起暂停转股：权益分派,2026-02-26 开始转股;2026-06-01 起暂停转股：权益分派,计算使用5.3年期 评级为AA 债参考YTM：2.0358,N,12.924,全价：130.756 最后更新：15:34:33,,,,0,{'M': ''},0,0,N,,,buy,buy
2026-06-03 12:20:03,123269,金杨转债,jyzz,167.3,1.39,301210,金杨精密,jygf,27.3,-1.3,1.66,28.32,96.4,145,73.55,240.85,630701,电力设备,szcy,C,2026-05-11,[],0,0,buy,AA-,,19.824,36.816,59.0,buy,2032-04-19,5.882,9.8,9541.36,8766.11,5.82,-6.42,,0,15:34:09,00,Y,N,0,0,Y,,未到转股期；2026-10-26 开始转股,计算使用5.9年期 评级为AA- 债参考YTM：3.3510,N,9.8,全价：167.300 最后更新：15:34:09,,,,0,{'M': ''},0,0,N,,,buy,buy
2026-06-03 12:20:03,123223,九典转02,jdz02,137.498,-0.8,300705,九典制药,jdzy,11.52,-4.24,2.14,14.55,79.18,0,73.66,211.16,370102,医药生物,szcy,C,2023-10-13,[],0,0,buy,A+,,10.185,18.915,4.8,buy,2029-09-15,3.288,2.053,1196.63,8507.36,4.24,-4.64,,0,15:34:39,00,Y,N,0,0,Y,,2024-03-21 开始转股,计算使用3.3年期 评级为A+ 债参考YTM：4.7477,N,3.6,全价：137.498 最后更新：15:34:39,,,,0,[],0,0,N,,,buy,buy
2026-06-03 12:20:03,118065,艾为转债,awzz,160.85,0.01,688798,艾为电子,awdz,73.1,-0.07,3.95,79.4,92.07,55,74.71,235.56,270105,电子,shkc,C,2026-02-26,[],0,0,buy,AA+,,55.58,103.22,19.2,buy,2032-01-22,5.641,19.01,8293.22,41525.31,2.7,-6.22,,0,14:59:46,00,Y,N,0,0,Y,,未到转股期；2026-07-28 开始转股,计算使用5.7年期 评级为AA+ 债参考YTM：1.8742,N,19.01,全价：160.850 最后更新：14:59:46,,,,0,{'M': ''},0,0,N,,,buy,buy
2026-06-03 12:20:03,118063,金05转债,j05zz,189.781,0.22,688676,金盘科技,jpkj,95.99,-0.27,8.23,88.6,108.34,28,75.17,264.95,630801,电力设备,shkc,C,2026-01-14,[],0,0,buy,AA+,,62.02,115.18,3.8,buy,2031-12-24,5.562,16.71,21021.85,198473.77,6.59,-9.21,,0,14:59:59,00,Y,N,0,0,Y,,未到转股期；2026-07-01 开始转股,计算使用5.6年期 评级为AA+ 债参考YTM：1.8609,N,16.71,全价：189.781 最后更新：14:59:59,,,,0,{'M': ''},0,0,N,,,buy,buy
2026-06-03 12:20:03,111021,奥锐转债,arzz,135.253,0.16,605116,奥锐特,art,19.2,-1.34,2.87,24.94,76.99,0,75.69,210.94,370101,医药生物,shmb,C,2024-08-15,[],0,0,buy,AA-,,17.458,32.422,10.4,buy,2030-07-26,4.148,8.121,2830.45,4997.99,2.58,-2.96,,0,14:58:01,00,Y,N,0,0,Y,,2025-02-05 开始转股,计算使用4.2年期 评级为AA- 债参考YTM：2.4958,N,8.121,全价：135.253 最后更新：14:58:01,,,,0,[],0,0,N,,,buy,buy
2026-06-03 12:20:03,113636,甬金转债,yjzz,128.78,-0.82,603995,甬金股份,yjgf,19.58,-3.12,1.19,26.74,73.22,0,75.87,204.65,230501,钢铁,shmb,C,2021-12-31,[],0,0,buy,AA-,,18.718,34.762,14.0,buy,2027-12-13,1.529,9.995,3114.12,18581.02,2.41,-5.9,,0,14:58:46,00,Y,N,1,1,N,"转股价下修1次，成功下修1次
2026-05-29 至 2026-06-04 期间暂停转股：权益分派
转股价26.740生效日期2025-09-23",2022-06-17 开始转股;2026-05-29 至 2026-06-04 期间暂停转股：权益分派,计算使用1.6年期 评级为AA- 债参考YTM：1.9022,N,10.0,全价：128.780 最后更新：14:58:46,,,,1,{'M': ''},0,0,N,,,buy,buy
2026-06-03 12:20:03,123214,东宝转债,dbzz,133.32,0.04,300239,东宝生物,dbsw,5.0,-3.1,1.7,6.62,75.53,0,76.52,209.84,370304,医药生物,szcy,C,2023-08-18,[],0,0,buy,A+,,4.634,8.606,15.4,buy,2029-07-31,3.162,4.549,1130.4,10437.45,1.87,-4.0,,0,15:34:36,00,Y,N,0,0,Y,,2024-02-05 开始转股,计算使用3.2年期 评级为A+ 债参考YTM：4.7286,N,4.55,全价：133.320 最后更新：15:34:36,,,,0,[],0,0,N,,,buy,buy
2026-06-03 12:20:03,118066,统联转债,tlzz,149.285,-1.05,688210,统联精密,tljm,47.5,-1.9,5.91,56.2,84.52,95,76.63,225.92,270504,电子,shkc,C,2026-03-20,[],0,0,buy,AA-,,39.34,73.06,7.5,buy,2032-03-02,5.751,5.76,3466.28,20587.81,4.0,-4.68,,0,14:59:55,00,Y,N,0,0,Y,,未到转股期；2026-09-06 开始转股,计算使用5.8年期 评级为AA- 债参考YTM：3.2691,N,5.76,全价：149.285 最后更新：14:59:55,,,,0,{'M': ''},0,0,N,,,buy,buy
2026-06-03 12:20:03,123263,鼎捷转债,djzz,154.89,-0.54,300378,鼎捷数智,djsz,37.97,-2.06,4.38,43.54,87.21,16,77.61,232.5,710402,计算机,szcy,C,2025-12-31,[],0,0,buy,AA,,,56.602,8.1,buy,2031-12-15,5.537,8.277,17412.84,54495.35,13.56,-5.52,,0,15:33:57,00,Y,N,0,0,Y,,未到转股期；2026-06-19 开始转股,计算使用5.6年期 评级为AA 债参考YTM：2.0931,N,8.28,全价：154.890 最后更新：15:33:57,,,,0,{'M': ''},0,0,N,,,buy,buy
2026-06-03 12:20:03,123220,易瑞转债,yrzz,131.9,-0.21,300942,易瑞生物,yrsw,6.57,-1.94,2.98,8.85,74.24,0,77.67,209.57,370504,医药生物,szcy,C,2023-09-06,[],0,0,buy,A+,,6.195,11.505,10.9,buy,2029-08-18,3.211,2.907,1388.42,3243.51,3.62,-3.24,,0,15:34:36,00,Y,N,1,1,Y,转股价下修1次，成功下修1次,2024-02-26 开始转股,计算使用3.3年期 评级为A+ 债参考YTM：4.7477,N,3.28,全价：131.900 最后更新：15:34:36,,,,0,{'M': ''},0,0,N,,,buy,buy
2026-06-03 12:20:03,127083,山路转债,slzz,122.674,-0.13,000498,山东路桥,sdlq,5.23,-1.51,0.3,7.61,68.73,0,78.5,201.17,620306,建筑装饰,szmb,C,2023-04-26,[],0,0,buy,AAA,,5.327,9.893,63.8,buy,2029-03-24,2.808,48.359,1346.47,3662.77,0.23,-3.46,,0,15:34:27,00,Y,N,0,0,Y,,2023-10-09 开始转股,计算使用2.9年期 评级为AAA 债参考YTM：1.6057,N,48.36,全价：122.674 最后更新：15:34:27,,,,0,{'M': ''},0,0,N,,,buy,buy
2026-06-03 12:20:03,113616,韦尔转债,wezz,113.458,1.36,603501,豪威集团,hwjt,100.91,8.92,3.85,159.12,63.42,0,78.91,192.37,270104,电子,shmb,C,2021-01-22,[],0,0,buy,AA+,,111.384,206.856,2.0,buy,2026-12-28,0.57,24.324,16040.38,599610.39,5.82,-5.35,,0,14:59:54,00,Y,N,0,0,N,2026-05-28 至 2026-06-03 期间暂停转股：权益分派,2021-07-05 开始转股;2026-05-28 至 2026-06-03 期间暂停转股：权益分派,计算使用0.6年期 评级为AA+ 债参考YTM：1.4605,N,24.4,全价：113.458 最后更新：14:59:54,,,,0,{'M': ''},0,0,N,,,buy,buy
2026-06-03 12:20:03,113610,灵康转债,lkzz,117.405,0.13,603669,灵康药业,lkyy,4.26,0.95,4.87,6.5,65.54,0,79.14,196.55,370102,医药生物,shmb,C,2020-12-22,[],0,0,buy,A-,,4.55,8.45,8.3,buy,2026-12-01,0.496,2.53,1065.58,4386.31,3.59,-4.15,,0,14:58:44,00,Y,N,2,2,Y,转股价下修2次，成功下修2次,2021-06-07 开始转股,计算使用0.5年期 评级为A- 债参考YTM：8.7548,N,5.25,全价：117.405 最后更新：14:58:44,,,,1,[],0,0,N,,,buy,buy
2026-06-03 12:20:03,113702,斯达转债,sdzz,201.071,-1.15,603290,斯达半导,sdbd,117.96,0.9,4.06,105.3,112.02,141,79.49,280.56,270102,电子,shmb,C,2026-05-11,[],0,0,buy,AA+,,73.71,136.89,5.3,buy,2032-04-15,5.871,15.0,104600.16,128584.36,33.33,-9.64,,0,14:59:59,00,Y,N,0,0,Y,,未到转股期；2026-10-22 开始转股,计算使用5.9年期 评级为AA+ 债参考YTM：1.9001,N,15.0,全价：201.071 最后更新：14:59:59,,,,0,{'M': ''},0,0,N,,,buy,buy
2026-06-03 12:20:03,123262,神宇转债,syzz,145.0,0.24,300563,神宇股份,sygf,31.18,3.38,4.78,38.62,80.74,14,79.6,224.6,730205,通信,szcy,C,2025-12-30,[],0,0,buy,AA-,,27.034,50.206,12.3,buy,2031-12-11,5.526,5.0,48810.99,44035.35,65.03,-4.36,,0,15:34:03,00,Y,N,0,0,Y,,未到转股期；2026-06-17 开始转股,计算使用5.6年期 评级为AA- 债参考YTM：3.0676,N,5.0,全价：145.000 最后更新：15:34:03,,,,0,{'M': ''},0,0,N,,,buy,buy
2026-06-03 12:20:03,123265,耐普转02,npz02,150.799,0.2,300818,耐普矿机,npkj,24.49,-0.49,2.83,29.5,83.02,49,81.65,232.45,640103,机械设备,szcy,C,2026-01-30,[],0,0,buy,A+,,20.65,38.35,12.9,buy,2032-01-15,5.622,4.5,5261.81,14796.11,7.72,-4.2,,0,15:34:36,00,Y,N,0,0,Y,,未到转股期；2026-07-22 开始转股,计算使用5.7年期 评级为A+ 债参考YTM：5.5220,N,4.5,全价：150.799 最后更新：15:34:36,,,,0,[],0,0,N,,,buy,buy
2026-06-03 12:20:03,118024,冠宇转债,gyzz,126.95,0.34,688772,珠海冠宇,zhgy,15.7,0.0,2.34,22.59,69.5,0,82.66,209.61,630701,电力设备,shkc,C,2022-11-17,[],0,0,buy,AA,,15.813,27.108,17.4,buy,2028-10-24,2.395,30.889,6064.26,49336.34,1.55,-4.01,,0,14:59:43,00,Y,N,0,0,Y,,2023-04-28 开始转股,计算使用2.4年期 评级为AA 债参考YTM：1.6899,N,30.89,全价：126.950 最后更新：14:59:43,,,,0,{'M': ''},0,0,N,120%,,buy,buy
2026-06-03 12:20:03,123192,科思转债,kszz,128.67,-0.83,300856,科思股份,ksgf,12.23,-3.4,2.06,17.39,70.33,0,82.96,211.63,770201,美容护理,szcy,C,2023-05-11,[],0,0,buy,AA-,,12.173,22.607,12.8,buy,2029-04-13,2.863,7.187,2565.73,7507.84,2.77,-2.88,,0,15:34:42,00,Y,N,0,0,Y,,2023-10-19 开始转股,计算使用2.9年期 评级为AA- 债参考YTM：2.2885,N,7.249,全价：128.670 最后更新：15:34:42,,,,0,{'M': ''},0,0,N,,,buy,buy
2026-06-03 12:20:03,113655,欧22转债,o22zz,128.387,-0.39,603833,欧派家居,opjj,36.89,-3.18,1.19,52.77,69.91,0,83.65,212.04,360308,轻工制造,shmb,C,2022-09-01,[],0,0,buy,AA,,36.939,68.601,8.9,buy,2028-08-05,2.175,19.999,3372.66,26407.46,1.32,-4.92,,0,14:58:07,00,Y,N,1,1,Y,转股价下修1次，成功下修1次,2023-02-13 开始转股,计算使用2.2年期 评级为AA 债参考YTM：1.6630,N,20.0,全价：128.387 最后更新：14:58:07,,,,0,{'M': ''},0,0,N,,,buy,buy
2026-06-03 12:20:03,113679,芯能转债,xnzz,129.888,-0.24,603105,芯能科技,xnkj,8.82,0.23,1.94,12.55,70.28,0,84.82,214.71,410106,公用事业,shmb,C,2023-11-24,[],0,0,buy,AA-,,8.785,16.315,19.9,buy,2029-10-26,3.4,8.798,2386.23,8996.33,2.09,-2.47,,0,14:59:44,00,Y,N,0,0,Y,,2024-05-06 开始转股,计算使用3.4年期 评级为AA- 债参考YTM：2.4086,N,8.8,全价：129.888 最后更新：14:59:44,,,,0,{'M': ''},0,0,N,,,buy,buy
2026-06-03 12:20:03,113656,嘉诚转债,jczz,125.697,0.25,603535,嘉诚国际,jcgj,7.03,-1.4,1.39,10.35,67.92,0,85.06,210.76,420805,交通运输,shmb,C,2022-10-12,[],0,0,buy,AA-,,7.245,13.455,22.3,buy,2028-09-01,2.249,7.998,2693.12,2168.43,2.69,-2.64,,0,14:58:46,00,Y,N,0,0,Y,,2023-03-07 开始转股,计算使用2.3年期 评级为AA- 债参考YTM：2.0686,N,8.0,全价：125.697 最后更新：14:58:46,,,,0,[],0,0,N,,,buy,buy
2026-06-03 12:20:03,113627,太平转债,tpzz,117.277,-0.03,603877,太平鸟,tpn,13.22,-1.56,1.35,20.88,63.31,0,85.23,202.51,350209,纺织服饰,shmb,C,2021-08-06,[],0,0,buy,AA,,14.616,27.144,12.9,buy,2027-07-15,1.115,7.997,3978.04,3970.9,4.24,-4.27,,0,14:58:57,00,Y,N,1,1,N,"转股价下修1次，成功下修1次
2026-05-29 至 2026-06-04 期间暂停转股：权益分派
转股价20.880生效日期2025-06-13",2022-01-21 开始转股;2026-05-29 至 2026-06-04 期间暂停转股：权益分派,计算使用1.2年期 评级为AA 债参考YTM：1.5391,N,8.0,全价：117.277 最后更新：14:58:57,,,,0,{'M': ''},0,0,N,,,buy,buy
2026-06-03 12:20:03,118067,上26转债,s26zz,143.443,0.62,688533,上声电子,ssdz,24.95,-0.68,2.27,32.6,76.53,113,87.42,230.86,280206,汽车,shkc,C,2026-04-14,[],0,0,buy,A+,,22.82,42.38,7.9,buy,2032-03-17,5.792,3.25,1219.72,3687.39,2.62,-3.38,,0,14:59:47,00,Y,N,0,0,N,2026-05-28 至 2026-06-05 期间暂停转股：权益分派,未到转股期；2026-09-24 开始转股;2026-05-28 至 2026-06-05 期间暂停转股：权益分派,计算使用5.8年期 评级为A+ 债参考YTM：5.6188,N,3.25,全价：143.443 最后更新：14:59:47,,,,0,{'M': ''},0,0,N,,,buy,buy
2026-06-03 12:20:03,123138,丝路转债,slzz,132.31,-0.47,300556,丝路视觉,slsj,18.57,-1.9,5.31,26.53,70.0,0,89.02,221.33,710401,计算机,szcy,C,2022-03-22,[],0,0,buy,A,,18.571,34.489,11.9,buy,2028-03-02,1.748,2.393,1009.66,10081.81,3.18,-6.65,,0,15:34:09,00,Y,N,0,0,Y,,2022-09-08 开始转股,计算使用1.8年期 评级为A 债参考YTM：6.6345,N,2.4,全价：132.310 最后更新：15:34:09,,,,1,[],0,0,N,,,buy,buy
2026-06-03 12:20:03,123266,博士转债,bszz,144.931,-0.44,300622,博士眼镜,bsyj,16.47,-2.54,5.55,21.54,76.46,113,89.55,234.48,450401,商贸零售,szcy,C,2026-04-07,[],0,0,buy,AA,,15.078,28.002,10.3,buy,2032-03-17,5.792,3.75,1250.93,11916.04,2.3,-3.88,,0,15:34:00,00,Y,N,0,0,Y,,未到转股期；2026-09-24 开始转股,计算使用5.8年期 评级为AA 债参考YTM：2.1341,N,3.75,全价：144.931 最后更新：15:34:00,,,,0,[],0,0,N,,,buy,buy
2026-06-03 12:20:03,113634,珀莱转债,plzz,128.372,-0.02,603605,珀莱雅,bly,64.3,-0.89,3.98,95.46,67.36,0,90.58,218.95,770202,美容护理,shmb,C,2022-01-04,[],0,0,buy,AA,,66.822,124.098,2.9,buy,2027-12-08,1.515,7.507,4359.29,47682.0,4.52,-6.11,,0,14:58:40,00,Y,N,0,0,Y,,2022-06-14 开始转股,计算使用1.6年期 评级为AA 债参考YTM：1.5880,N,7.517,全价：128.372 最后更新：14:58:40,,,,1,{'M': ''},0,0,N,,,buy,buy
2026-06-03 12:20:03,118015,芯海转债,xhzz,136.764,1.82,688595,芯海科技,xhkj,39.47,6.76,7.98,55.22,71.48,0,91.34,228.1,270104,电子,shkc,C,2022-08-18,[],0,0,buy,A+,,38.654,71.786,7.2,buy,2028-07-21,2.134,4.1,11840.35,59536.84,21.12,-6.38,,0,14:59:47,00,Y,N,0,0,Y,,2023-01-30 开始转股,计算使用2.2年期 评级为A+ 债参考YTM：4.3783,N,4.1,全价：136.764 最后更新：14:59:47,,,,0,{'M': ''},0,0,N,,,buy,buy
2026-06-03 12:20:03,127098,欧晶转债,ojzz,130.2,0.84,001269,欧晶科技,ojkj,28.55,6.02,7.21,42.0,67.98,0,91.54,221.74,630504,电力设备,szmb,C,2023-12-15,[],0,0,buy,AA-,,29.4,54.6,8.5,buy,2029-11-24,3.48,4.693,8691.03,45918.9,14.28,-3.3,,0,15:34:30,00,Y,N,1,1,Y,转股价下修1次，成功下修1次,2024-05-30 开始转股,计算使用3.5年期 评级为AA- 债参考YTM：2.4194,N,4.7,全价：130.200 最后更新：15:34:30,,,,0,[],0,0,N,,,buy,buy
2026-06-03 12:20:03,113647,禾丰转债,hfzz,120.235,-0.43,603609,禾丰股份,hfgf,6.32,-1.56,0.87,10.09,62.64,0,91.96,212.2,110402,农林牧渔,shmb,C,2022-05-18,[],0,0,buy,AA,,7.063,13.117,25.6,buy,2028-04-22,1.888,14.669,2140.2,2037.66,1.22,-2.9,,0,14:59:29,00,Y,N,0,0,Y,,2022-10-28 开始转股,计算使用1.9年期 评级为AA 债参考YTM：1.6255,N,15.0,全价：120.235 最后更新：14:59:29,,,,1,{'M': ''},0,0,N,,,buy,buy
2026-06-03 12:20:03,113625,江山转债,jszz,121.182,-0.55,603208,江山欧派,jsop,12.47,-3.26,2.09,19.84,62.85,0,92.8,213.98,360308,轻工制造,shmb,C,2021-07-01,[],0,0,buy,AA-,,13.888,25.792,26.6,buy,2027-06-11,1.022,5.825,2644.1,3276.02,3.75,-0.56,,0,14:59:53,00,Y,N,1,1,Y,转股价下修1次，成功下修1次,2021-12-20 开始转股,计算使用1.1年期 评级为AA- 债参考YTM：1.8023,N,5.83,全价：121.182 最后更新：14:59:53,,,,0,[],0,0,N,,,buy,buy
2026-06-03 12:20:03,111009,盛泰转债,stzz,127.6,-0.38,605138,盛泰集团,stjt,6.95,-2.8,1.49,10.56,65.81,0,93.88,221.48,350209,纺织服饰,shmb,C,2022-12-01,[],0,0,buy,AA,,7.392,13.728,18.2,buy,2028-11-07,2.433,7.011,1188.61,2895.41,1.32,-4.85,,0,14:59:50,00,Y,N,0,0,Y,,2023-05-11 开始转股,计算使用2.5年期 评级为AA 债参考YTM：1.7037,N,7.012,全价：127.600 最后更新：14:59:50,,,,0,[],0,0,N,,,buy,buy
2026-06-03 12:20:03,123122,富瀚转债,fhzz,126.546,0.16,300613,富瀚微,fhw,59.66,2.19,4.62,91.5,65.2,0,94.08,220.63,270104,电子,szcy,C,2021-08-24,[],0,0,buy,A+,,64.05,118.95,4.4,buy,2027-08-06,1.175,5.801,3955.72,58618.83,5.37,-6.56,,0,15:34:12,00,Y,N,0,0,Y,,2022-02-14 开始转股,计算使用1.2年期 评级为A+ 债参考YTM：4.1549,N,5.812,全价：126.546 最后更新：15:34:12,,,,0,{'M': ''},0,0,N,,,buy,buy
2026-06-03 12:20:03,113648,巨星转债,jxzz,122.255,0.19,603477,巨星农牧,jxnm,15.62,1.03,2.96,24.86,62.83,0,94.57,216.83,110702,农林牧渔,shmb,C,2022-05-17,[],0,0,buy,AA-,,17.402,32.318,11.3,buy,2028-04-25,1.896,8.997,2345.28,17895.08,2.14,-4.46,,0,14:59:31,00,Y,N,0,0,Y,,2022-10-31 开始转股,计算使用1.9年期 评级为AA- 债参考YTM：1.9671,N,10.0,全价：122.255 最后更新：14:59:31,,,,1,{'M': ''},0,0,N,,,buy,buy
2026-06-03 12:20:03,123168,惠云转债,hyzz,128.387,-0.01,300891,惠云钛业,hyty,7.08,-0.7,2.22,10.74,65.92,0,94.76,223.15,220206,基础化工,szcy,C,2022-12-14,[],0,0,buy,AA-,,7.518,13.962,20.7,buy,2028-11-23,2.477,4.899,1810.91,4008.97,2.88,-3.18,,0,15:34:24,00,Y,N,0,0,Y,,2023-05-29 开始转股,计算使用2.5年期 评级为AA- 债参考YTM：2.1387,N,4.9,全价：128.387 最后更新：15:34:24,,,,0,{'M': ''},0,0,N,,,buy,buy
2026-06-03 12:20:03,113701,祥和转债,xhzz,145.822,-0.48,603500,祥和实业,xhsy,10.11,-2.13,3.05,13.59,74.39,98,96.02,241.84,640501,机械设备,shmb,C,2026-03-26,[],0,0,buy,A+,,9.513,17.667,11.9,buy,2032-03-02,5.751,4.0,1709.9,9939.47,2.93,-3.54,,0,14:59:03,00,Y,N,0,0,Y,,未到转股期；2026-09-09 开始转股,计算使用5.8年期 评级为A+ 债参考YTM：5.6188,N,4.0,全价：145.822 最后更新：14:59:03,,,,0,[],0,0,N,,,buy,buy
2026-06-03 12:20:03,113652,伟22转债,w22zz,130.266,0.04,603568,伟明环保,wmhb,14.77,-1.2,1.97,22.23,66.44,0,96.06,226.33,760103,环保,shmb,C,2022-08-12,[],0,0,buy,AA,,15.561,28.899,4.9,buy,2028-07-22,2.137,14.766,2613.29,13519.34,1.36,-6.45,,0,14:59:48,00,Y,N,2,1,Y,转股价下修2次，成功下修1次,2023-01-30 开始转股,计算使用2.2年期 评级为AA 债参考YTM：1.6630,Y,14.77,全价：130.266 最后更新：14:59:48,,,"按下调到底估算
股东大会：2026-06-04
预估转股价：20.39
预估转股价值：72.44
期权价值：5.51
理论价值：114.97
理论偏离度：11.74%",0,{'M': ''},0,0,N,,,buy,buy
2026-06-03 12:20:03,123193,海能转债,hnzz,130.045,-0.01,300787,海能实业,hnsy,9.61,-1.74,1.77,14.5,66.28,0,96.22,226.27,270504,电子,szcy,C,2023-05-09,[],0,0,buy,AA-,,10.15,18.85,31.8,buy,2029-04-13,2.863,5.997,2779.63,5522.32,3.56,-3.24,,0,15:34:45,00,Y,N,0,0,Y,,2023-10-19 开始转股,计算使用2.9年期 评级为AA- 债参考YTM：2.2885,N,6.0,全价：130.045 最后更新：15:34:45,,,,0,[],0,0,N,,,buy,buy
2026-06-03 12:20:03,127056,中特转债,ztzz,124.792,-0.32,000708,中信特钢,zxtg,13.7,-1.72,1.53,21.78,62.9,0,98.39,223.18,230501,钢铁,szmb,C,2022-04-15,[],0,0,buy,AAA,,15.246,28.314,7.2,buy,2028-02-25,1.732,49.996,3931.85,24376.14,0.63,-8.28,,0,15:34:15,00,Y,N,0,0,Y,,2022-09-05 开始转股,计算使用1.8年期 评级为AAA 债参考YTM：1.5247,N,50.0,全价：124.792 最后更新：15:34:15,,,,1,{'M': ''},0,0,N,,,buy,buy
2026-06-03 12:20:03,127060,湘佳转债,xjzz,121.159,-0.25,002982,湘佳股份,xjgf,12.84,-1.15,1.5,21.03,61.06,0,98.44,219.6,110703,农林牧渔,szmb,C,2022-06-10,[],0,0,buy,A+,,14.721,27.339,38.3,buy,2028-04-19,1.88,6.399,1066.67,6915.26,1.38,-4.31,,0,15:34:06,00,Y,N,0,0,Y,,2022-10-25 开始转股,计算使用1.9年期 评级为A+ 债参考YTM：4.3067,N,6.4,全价：121.159 最后更新：15:34:06,,,,1,[],0,0,N,,,buy,buy
2026-06-03 12:20:03,123229,艾录转债,alzz,133.003,-0.15,301062,上海艾录,shal,6.66,-1.62,2.11,10.0,66.6,0,99.7,232.7,360205,轻工制造,szcy,C,2023-11-20,[],0,0,buy,A+,,7.0,13.0,9.7,buy,2029-10-23,3.392,1.779,867.49,3823.89,3.67,-2.98,,0,15:34:42,00,Y,N,0,0,Y,,2024-04-29 开始转股,计算使用3.4年期 评级为A+ 债参考YTM：4.7626,N,5.0,全价：133.003 最后更新：15:34:42,,,,0,{'M': ''},0,0,N,,,buy,buy
2026-06-03 12:20:03,127044,蒙娜转债,mnzz,128.521,1.11,002918,蒙娜丽莎,mnls,12.75,2.41,1.59,19.84,64.26,0,99.99,228.51,360306,轻工制造,szmb,C,2021-09-16,[],0,0,buy,AA-,,13.888,25.792,12.3,buy,2027-08-16,1.203,3.368,9495.7,31641.7,21.96,-9.74,,0,15:33:57,00,Y,N,1,1,Y,转股价下修1次，成功下修1次,2022-02-21 开始转股,计算使用1.3年期 评级为AA- 债参考YTM：1.8392,N,11.689,全价：128.521 最后更新：15:33:57,,,,0,[],0,0,N,,,buy,buy
2026-06-03 12:20:03,128119,龙大转债,ldzz,80.7,-0.98,002726,ST龙大,ldms,1.69,-4.52,3.03,4.2,40.24,0,100.56,181.26,340401,食品饮料,szmb,C,2020-08-07,[],0,0,buy,B,,2.94,5.46,51.9,buy,2026-07-13,0.11,9.459,17164.46,8712.18,22.36,387.8,,0,15:34:15,00,Y,N,2,1,Y,转股价下修2次，成功下修1次,2021-01-18 开始转股,计算使用0.2年期 评级为B 债参考YTM：32.6985,N,9.5,全价：80.700 最后更新：15:34:15,,,,1,[],0,0,N,,,buy,buy
2026-06-03 12:20:03,113693,志邦转债,zbzz,123.878,-0.64,603801,志邦家居,zbjj,7.11,-4.44,0.97,11.52,61.72,0,100.71,224.59,360308,轻工制造,shmb,C,2025-04-08,[],0,0,buy,AA,,8.064,14.976,21.7,buy,2031-03-18,4.792,6.7,1567.45,3973.36,1.89,-1.69,,0,14:59:01,00,Y,N,0,0,Y,,2025-09-24 开始转股,计算使用4.8年期 评级为AA 债参考YTM：1.9836,N,6.7,全价：123.878 最后更新：14:59:01,,,,0,[],0,0,N,,,buy,buy
2026-06-03 12:20:03,118042,奥维转债,awzz,139.518,-1.58,688516,奥特维,atw,58.44,-0.1,4.81,84.42,69.23,0,101.54,241.06,630505,电力设备,shkc,C,2023-09-01,[],0,0,buy,AA-,,59.094,109.746,6.2,buy,2029-08-10,3.189,11.399,8471.19,64106.39,5.29,-4.88,,0,14:59:52,00,Y,N,0,0,Y,,2024-02-19 开始转股,计算使用3.2年期 评级为AA- 债参考YTM：2.3766,N,11.4,全价：139.518 最后更新：14:59:52,,,,0,{'M': ''},0,0,N,,,buy,buy
2026-06-03 12:20:03,123113,仙乐转债,xlzz,115.386,-0.4,300791,仙乐健康,xljk,18.14,1.4,1.89,31.79,57.06,0,102.21,217.6,340407,食品饮料,szcy,C,2021-05-14,[],0,0,buy,AA-,,22.253,41.327,21.9,buy,2027-04-19,0.877,10.248,3309.55,4145.03,2.79,-2.36,,0,15:34:09,00,Y,N,0,0,N,2026-05-28 至 2026-06-04 期间暂停转股：权益分派,2021-10-25 开始转股;2026-05-28 至 2026-06-04 期间暂停转股：权益分派,计算使用0.9年期 评级为AA- 债参考YTM：1.7702,N,10.249,全价：115.386 最后更新：15:34:09,,,,1,[],0,0,N,,,buy,buy
2026-06-03 12:20:03,123196,正元转02,zyz02,128.2,-0.1,300645,正元智慧,zyzh,13.88,-1.56,1.78,21.91,63.35,0,102.37,230.57,710103,计算机,szcy,C,2023-05-19,[],0,0,buy,A+,,15.337,28.483,18.1,buy,2029-04-18,2.877,3.501,1777.55,4781.93,3.96,-2.8,,0,15:34:24,00,Y,N,2,1,Y,转股价下修2次，成功下修1次,2023-10-24 开始转股,计算使用2.9年期 评级为A+ 债参考YTM：4.6374,N,3.507,全价：128.200 最后更新：15:34:24,,,,0,[],0,0,N,,,buy,buy
2026-06-03 12:20:03,113682,益丰转债,yfzz,128.949,0.03,603939,益丰药房,yfyf,20.11,-2.0,2.01,31.84,63.16,0,104.16,233.11,370403,医药生物,shmb,C,2024-03-27,[],0,0,buy,AA,,22.288,41.392,7.4,buy,2030-03-04,3.753,17.968,2098.21,22762.41,0.91,-3.22,,0,14:58:37,00,Y,N,0,0,Y,,2024-09-09 开始转股,计算使用3.8年期 评级为AA 债参考YTM：1.8887,N,17.97,全价：128.949 最后更新：14:58:37,,,,0,{'M': ''},0,0,N,,,buy,buy
2026-06-03 12:20:03,123175,百畅转债,bczz,116.976,0.05,300614,百川畅银,bccy,11.63,-2.1,2.11,20.4,57.01,0,105.19,222.17,760103,环保,szcy,C,2023-03-17,[],0,0,buy,A,,14.28,26.52,22.5,buy,2029-02-22,2.726,4.199,2863.47,3279.66,5.85,-0.22,,0,15:34:27,00,Y,N,2,2,Y,转股价下修2次，成功下修2次,2023-08-28 开始转股,计算使用2.8年期 评级为A 债参考YTM：6.9495,N,4.2,全价：116.976 最后更新：15:34:27,,,,0,{'M': ''},0,0,N,,,buy,buy
2026-06-03 12:20:03,113700,海天转债,htzz,133.431,-0.66,603759,海天股份,htgf,8.1,-1.58,1.28,12.52,64.7,69,106.24,239.67,760102,环保,shmb,C,2026-03-12,[],0,0,buy,AA,,8.764,16.276,21.4,buy,2032-02-04,5.677,8.01,1586.34,2531.36,1.48,-2.84,,0,14:59:33,00,Y,N,0,0,Y,,未到转股期；2026-08-11 开始转股,计算使用5.7年期 评级为AA 债参考YTM：2.1137,N,8.01,全价：133.431 最后更新：14:59:33,,,,0,[],0,0,N,,,buy,buy
2026-06-03 12:20:03,123264,双乐转债,slzz,133.88,0.13,301036,双乐股份,slgf,23.56,-1.46,1.38,36.4,64.73,33,106.84,240.72,220305,基础化工,szcy,C,2026-01-16,[],0,0,buy,AA-,,25.48,47.32,48.7,buy,2031-12-25,5.564,8.0,1916.11,2241.34,1.79,-2.93,,0,15:34:33,00,Y,N,0,0,Y,,未到转股期；2026-07-06 开始转股,计算使用5.6年期 评级为AA- 债参考YTM：3.0676,N,8.0,全价：133.880 最后更新：15:34:33,,,,0,{'M': ''},0,0,N,,,buy,buy
2026-06-03 12:20:03,123260,卓镁转债,zmzz,151.0,2.04,301398,星源卓镁,xyzm,38.1,-2.76,3.82,52.3,72.85,0,107.28,258.28,280202,汽车,szcy,C,2025-11-24,[],0,0,buy,A+,,36.61,67.99,31.7,buy,2031-11-07,5.433,4.499,3878.84,6212.18,5.74,-4.37,,0,15:34:00,00,Y,N,0,0,Y,,2026-05-13 开始转股,计算使用5.5年期 评级为A+ 债参考YTM：5.3088,N,4.5,全价：151.000 最后更新：15:34:00,,,,0,{'M': ''},0,0,N,,,buy,buy
2026-06-03 12:20:03,118020,芳源转债,fyzz,121.777,-0.64,688148,芳源股份,fygf,8.19,-1.56,7.62,14.0,58.5,0,108.17,229.95,630702,电力设备,shkc,C,2022-11-07,[],0,0,buy,BBB,,9.8,18.2,15.4,buy,2028-09-23,2.31,6.417,1056.07,12289.44,1.35,1.54,,0,14:59:31,00,Y,N,1,1,Y,转股价下修1次，成功下修1次,2023-03-29 开始转股,计算使用2.4年期 评级为BBB 债参考YTM：15.4070,N,6.42,全价：121.777 最后更新：14:59:31,,,,0,{'M': ''},0,0,N,,,buy,buy
2026-06-03 12:20:03,127068,顺博转债,sbzz,127.23,-0.94,002996,顺博合金,sbhj,6.87,-1.43,1.34,11.27,60.96,0,108.72,235.95,240301,有色金属,szmb,C,2022-09-07,[],0,0,buy,AA-,,7.889,14.651,26.4,buy,2028-08-12,2.195,8.3,1804.0,5342.0,1.7,-5.92,,0,15:34:09,00,Y,N,1,1,N,"转股价下修1次，成功下修1次
2026-05-27 至 2026-06-03 期间暂停转股：权益分派
转股价11.270生效日期2025-05-29",2023-02-20 开始转股;2026-05-27 至 2026-06-03 期间暂停转股：权益分派,计算使用2.2年期 评级为AA- 债参考YTM：2.0376,N,8.3,全价：127.230 最后更新：15:34:09,,,,0,[],0,0,N,,,buy,buy
2026-06-03 12:20:03,127085,韵达转债,ydzz,123.299,-0.53,002120,韵达股份,ydgf,6.76,-1.6,0.91,11.73,57.63,0,113.95,237.25,420804,交通运输,szmb,C,2023-05-23,[],0,0,buy,AA+,,8.211,15.249,12.9,buy,2029-04-11,2.858,24.499,2307.55,20394.76,0.76,-3.57,,0,15:34:03,00,Y,N,0,0,Y,,2023-10-17 开始转股,计算使用2.9年期 评级为AA+ 债参考YTM：1.6559,N,24.5,全价：123.299 最后更新：15:34:03,,,,0,{'M': ''},0,0,N,,,buy,buy
2026-06-03 12:20:03,123157,科蓝转债,klzz,128.111,-0.26,300663,科蓝软件,klrj,7.85,-1.13,10.0,13.2,59.47,0,115.42,243.53,710401,计算机,szcy,C,2022-09-20,[],0,0,buy,A,,9.24,17.16,6.5,buy,2028-08-30,2.244,2.34,2015.85,11846.61,6.71,-3.38,,0,15:34:18,00,Y,N,2,1,Y,转股价下修2次，成功下修1次,2023-03-06 开始转股,计算使用2.3年期 评级为A 债参考YTM：6.7602,Y,4.946,全价：128.111 最后更新：15:34:18,,,"按下调到底估算
股东大会：2026-06-12
预估转股价：9.06
预估转股价值：86.64
期权价值：18.81
理论价值：121.73
理论偏离度：4.98%",0,{'M': ''},0,0,N,,,buy,buy
2026-06-03 12:20:03,113666,爱玛转债,amzz,124.276,-0.4,603529,爱玛科技,amkj,21.19,-3.29,1.8,36.95,57.35,0,116.71,240.99,280401,汽车,shmb,C,2023-03-20,[],0,0,buy,AA,,25.865,48.035,11.1,buy,2029-02-23,2.729,19.994,2568.75,18186.25,1.03,-3.39,,0,14:59:10,00,Y,N,0,0,Y,,2023-09-01 开始转股,计算使用2.8年期 评级为AA 债参考YTM：1.7457,N,20.0,全价：124.276 最后更新：14:59:10,,,,0,{'M': ''},0,0,N,,,buy,buy
2026-06-03 12:20:03,127062,垒知转债,lzzz,126.906,-0.4,002398,垒知集团,lzjt,4.44,-1.11,0.84,7.59,58.5,0,116.94,243.85,610303,建筑材料,szmb,C,2022-05-20,[],0,0,buy,AA-,,5.313,9.867,14.6,buy,2028-04-21,1.885,3.958,1165.9,4438.61,2.32,-4.26,,0,15:34:18,00,Y,N,0,0,N,2026-06-01 至 2026-06-09 期间暂停转股：权益分派,2022-10-27 开始转股;2026-06-01 至 2026-06-09 期间暂停转股：权益分派,计算使用1.9年期 评级为AA- 债参考YTM：1.9671,N,3.963,全价：126.906 最后更新：15:34:18,,,,1,[],0,0,N,,,buy,buy
2026-06-03 12:20:03,118022,锂科转债,lkzz,121.163,-0.45,688779,五矿新能,wkxn,8.58,-0.69,2.26,15.53,55.25,0,119.31,240.47,630702,电力设备,shkc,C,2022-11-07,[],0,0,buy,AA,,10.871,20.189,19.6,buy,2028-10-11,2.359,32.497,2701.97,20250.25,0.68,-2.86,,0,14:59:31,00,Y,N,0,0,Y,,2023-04-17 开始转股,计算使用2.4年期 评级为AA 债参考YTM：1.6899,N,32.5,全价：121.163 最后更新：14:59:31,,,,0,{'M': ''},0,0,N,,,buy,buy
2026-06-03 12:20:03,113650,博22转债,b22zz,129.526,0.22,603916,XD苏博特,sbt,13.43,-0.22,1.31,23.03,58.32,0,122.11,251.64,220309,基础化工,shmb,C,2022-07-28,[],0,0,buy,AA-,,16.121,29.939,14.2,buy,2028-07-01,2.08,7.996,2015.14,10151.22,1.94,-4.28,,0,14:59:23,00,Y,N,0,0,Y,,2023-01-09 开始转股,计算使用2.1年期 评级为AA- 债参考YTM：2.0104,N,8.0,全价：129.526 最后更新：14:59:23,,,,0,{'M': ''},0,0,N,,,buy,buy
2026-06-03 12:20:03,123180,浙矿转债,zkzz,134.65,0.13,300837,浙矿股份,zkgf,28.48,-1.42,1.95,47.59,59.85,0,125.0,259.65,640203,机械设备,szcy,C,2023-03-28,[],0,0,buy,AA-,,33.313,61.867,14.8,buy,2029-03-09,2.767,3.197,1553.31,5066.62,3.61,-4.58,,0,15:34:30,00,Y,N,0,0,Y,,2023-09-15 开始转股,计算使用2.8年期 评级为AA- 债参考YTM：2.2518,N,3.2,全价：134.650 最后更新：15:34:30,,,,0,[],0,0,N,,,buy,buy
2026-06-03 12:20:03,113638,台21转债,t21zz,123.331,-0.09,603055,台华新材,thxc,8.54,-0.35,1.39,16.19,52.75,0,133.81,257.14,350106,纺织服饰,shmb,C,2022-01-21,[],0,0,buy,AA,,11.333,21.047,7.9,buy,2027-12-29,1.573,5.997,1371.61,3338.57,1.86,-5.04,,0,14:59:52,00,Y,N,0,0,N,2026-05-27 至 2026-06-03 期间暂停转股：权益分派,2022-07-05 开始转股;2026-05-27 至 2026-06-03 期间暂停转股：权益分派,计算使用1.6年期 评级为AA 债参考YTM：1.5880,N,6.0,全价：123.331 最后更新：14:59:52,,,,0,{'M': ''},0,0,N,,,buy,buy
2026-06-03 12:20:03,111014,李子转债,lzzz,124.665,-0.49,605337,李子园,lzy,9.68,-1.73,2.22,18.37,52.7,0,136.58,261.25,340701,食品饮料,shmb,C,2023-07-13,[],0,0,buy,AA,,12.859,23.881,15.9,buy,2029-06-20,3.049,5.999,1782.04,3395.64,2.38,-2.3,,0,14:58:42,00,Y,N,0,0,Y,,2023-12-28 开始转股,计算使用3.1年期 评级为AA 债参考YTM：1.7869,N,6.0,全价：124.665 最后更新：14:58:42,,,,0,[],0,0,N,,,buy,buy
2026-06-03 12:20:03,123267,珂玛转债,kmzz,237.5,5.37,301611,珂玛科技,kmkj,97.8,9.56,23.3,97.47,100.34,141,136.7,374.2,270103,电子,szcy,C,2026-05-13,[],0,0,buy,AA,,68.229,126.711,5.2,buy,2032-04-15,5.871,7.5,201753.75,178591.51,112.32,-11.92,,0,15:34:03,00,Y,N,0,0,Y,,未到转股期；2026-10-22 开始转股,计算使用5.9年期 评级为AA 债参考YTM：2.1538,N,7.5,全价：237.500 最后更新：15:34:03,,,,0,{'M': ''},0,0,N,,,buy,buy
2026-06-03 12:20:03,123117,健帆转债,jfzz,117.842,0.17,300529,健帆生物,jfsw,17.73,-2.21,3.83,38.15,46.47,0,153.56,271.4,370503,医药生物,szcy,C,2021-07-12,[],0,0,buy,AA,,26.705,49.595,11.0,buy,2027-06-23,1.055,9.998,1941.23,9577.68,1.65,-4.95,,0,15:34:06,00,Y,N,2,2,Y,转股价下修2次，成功下修2次,2021-12-29 开始转股,计算使用1.1年期 评级为AA 债参考YTM：1.5276,N,10.0,全价：117.842 最后更新：15:34:06,,,,0,{'M': ''},0,0,N,,,buy,buy
2026-06-03 12:20:03,123090,三诺转债,snzz,112.895,-0.21,300298,三诺生物,snsw,15.1,-2.64,2.73,34.46,43.82,0,157.64,270.54,370502,医药生物,szcy,C,2021-01-12,[],0,0,buy,AA,,24.122,44.798,7.3,buy,2026-12-21,0.551,4.984,1611.5,6939.1,2.86,-1.44,,0,15:34:00,00,Y,N,0,0,Y,,2021-06-25 开始转股,计算使用0.6年期 评级为AA 债参考YTM：1.4805,N,5.0,全价：112.895 最后更新：15:34:00,,,,0,{'M': ''},0,0,N,,,buy,buy
2026-06-03 12:20:03,113049,长汽转债,cqzz,112.174,0.45,601633,长城汽车,ccqc,16.99,-0.29,1.64,39.16,43.39,0,158.55,270.72,280502,汽车,shmb,C,2021-07-08,[],0,0,buy,AAA,,27.412,50.908,3.3,buy,2027-06-10,1.019,34.95,5463.74,49397.66,1.4,-3.27,,0,14:59:21,00,Y,N,0,0,Y,,2021-12-17 开始转股,计算使用1.1年期 评级为AAA 债参考YTM：1.4766,N,35.0,全价：112.174 最后更新：14:59:21,,,,1,{'M': ''},0,0,N,,,buy,buy
2026-06-03 12:20:03,123250,嘉益转债,jyzz,127.79,-0.01,301004,嘉益股份,jygf,37.05,-2.91,2.92,79.66,46.51,0,174.76,302.55,360311,轻工制造,szcy,C,2024-11-26,[],0,0,buy,A+,,55.762,103.558,7.8,buy,2030-11-07,4.433,3.955,677.83,2359.6,1.34,-1.68,,0,15:33:57,00,Y,N,0,0,Y,,2025-05-13 开始转股,计算使用4.5年期 评级为A+ 债参考YTM：4.8921,N,3.979,全价：127.790 最后更新：15:33:57,,,,0,{'M': ''},0,0,N,,,buy,buy
2026-06-03 12:20:03,113670,金23转债,j23zz,125.029,-0.47,603180,金牌家居,jpjj,16.9,-2.26,0.95,37.64,44.9,0,178.47,303.5,360308,轻工制造,shmb,C,2023-05-16,[],0,0,buy,AA,,26.348,48.932,29.5,buy,2029-04-17,2.874,7.7,1481.79,3472.03,1.54,-1.94,,0,14:58:19,00,Y,N,0,0,Y,,2023-10-23 开始转股,计算使用2.9年期 评级为AA 债参考YTM：1.7595,N,7.7,全价：125.029 最后更新：14:58:19,,,,0,[],0,0,N,,,buy,buy
2026-06-03 12:20:03,123151,康医转债,kyzz,119.3,-0.36,300869,康泰医学,ktyx,11.38,-1.13,2.65,27.55,41.31,0,188.82,308.12,370502,医药生物,szcy,C,2022-07-20,[],0,0,buy,A+,,19.285,35.815,23.3,buy,2028-07-01,2.08,6.998,1884.03,3523.07,2.25,0.0,,0,15:34:15,00,Y,N,0,0,Y,,2023-01-09 开始转股,计算使用2.1年期 评级为A+ 债参考YTM：4.3506,N,7.0,全价：119.300 最后更新：15:34:15,,,,0,{'M': ''},0,0,N,,,buy,buy
2026-06-03 12:20:03,110085,通22转债,t22zz,117.727,0.11,600438,通威股份,twgf,13.98,-0.92,1.73,34.6,40.41,0,191.37,309.1,630501,电力设备,shmb,C,2022-03-18,[],0,0,buy,AAA,,24.22,44.98,19.0,buy,2028-02-24,1.729,119.831,4159.16,54073.98,0.29,-3.48,,0,14:58:57,00,Y,N,0,0,Y,,2022-09-02 开始转股,计算使用1.8年期 评级为AAA 债参考YTM：1.5247,N,120.0,全价：117.727 最后更新：14:58:57,,,,0,{'M': ''},0,0,N,,,buy,buy
2026-06-03 12:20:03,113660,寿22转债,s22zz,125.603,-0.1,603896,寿仙谷,sxg,15.72,0.77,1.36,36.84,42.67,0,194.35,319.95,370201,医药生物,shmb,C,2022-12-12,[],0,0,buy,AA-,,25.788,47.892,12.8,buy,2028-11-17,2.46,3.977,818.13,3630.17,1.64,-3.41,,0,14:58:13,00,Y,N,0,0,Y,,2023-05-23 开始转股,计算使用2.5年期 评级为AA- 债参考YTM：2.1387,N,3.98,全价：125.603 最后更新：14:58:13,,,,0,[],0,0,N,,,buy,buy
2026-06-03 12:20:03,128135,洽洽转债,qqzz,114.384,-0.01,002557,洽洽食品,qqsp,21.7,-3.56,1.98,55.93,38.8,0,194.82,309.2,340801,食品饮料,szmb,C,2020-11-18,[],0,0,buy,AA,,39.151,72.709,12.2,buy,2026-10-20,0.381,13.398,2563.64,22739.86,1.67,1.42,,0,15:34:39,00,Y,N,0,0,N,2026-06-02 起暂停转股：权益分派,2021-04-26 开始转股;2026-06-02 起暂停转股：权益分派,计算使用0.4年期 评级为AA 债参考YTM：1.4677,N,13.4,全价：114.384 最后更新：15:34:39,,,,1,{'M': ''},0,0,N,,,buy,buy
2026-06-03 12:20:03,118005,天奈转债,tnzz,124.898,-0.11,688116,天奈科技,tnkj,39.7,-6.54,3.78,99.09,40.07,0,211.74,336.64,630702,电力设备,shkc,C,2022-03-01,[],0,0,buy,AA-,,69.363,128.817,5.7,buy,2028-01-27,1.652,8.299,2203.01,79293.87,2.12,-6.56,,0,14:59:59,00,Y,N,0,0,Y,,2022-08-09 开始转股,计算使用1.7年期 评级为AA- 债参考YTM：1.9240,N,8.3,全价：124.898 最后更新：14:59:59,,,,0,{'M': ''},0,0,N,,,buy,buy
2026-06-03 12:20:03,118032,建龙转债,jlzz,126.39,0.9,688357,建龙微纳,jlwn,28.97,0.24,1.56,71.71,40.4,0,212.86,339.25,220309,基础化工,shkc,C,2023-04-07,[],0,0,buy,AA-,,50.197,93.223,24.1,buy,2029-03-08,2.764,6.999,1760.96,4448.54,2.0,-2.34,,0,14:58:10,00,Y,N,0,0,Y,,2023-09-14 开始转股,计算使用2.8年期 评级为AA- 债参考YTM：2.2518,N,7.0,全价：126.390 最后更新：14:58:10,,,,0,{'M': ''},0,0,N,,,buy,buy
2026-06-03 12:20:03,127025,冀东转债,jdzz,105.338,0.02,000401,金隅冀东,jyjd,4.0,-1.48,0.4,12.91,30.98,0,239.98,345.32,610101,建筑材料,szmb,C,2020-12-02,[],0,0,buy,AAA,,9.037,16.783,16.9,buy,2026-11-05,0.425,17.764,2986.73,3409.8,1.6,1.49,,0,15:34:09,00,Y,Y,0,0,Y,,2021-05-11 开始转股,计算使用0.5年期 评级为AAA 债参考YTM：1.4248,N,28.2,全价：105.338 最后更新：15:34:09,,,,0,{'M': ''},0,0,N,,,buy,buy
2026-06-03 12:20:03,123072,乐歌转债,lgzz,122.504,-0.28,300729,乐歌股份,lggf,11.08,-1.25,1.03,32.61,33.98,0,260.55,383.05,360311,轻工制造,szcy,C,2020-11-10,[],0,0,buy,A+,,22.827,42.393,3.9,buy,2026-10-21,0.384,1.418,1032.45,2320.16,5.94,-5.37,,0,15:34:09,00,Y,N,0,0,Y,,2021-04-27 开始转股,计算使用0.4年期 评级为A+ 债参考YTM：4.0328,N,1.42,全价：122.504 最后更新：15:34:09,,,,0,[],0,0,N,,,buy,buy
2026-06-03 12:20:03,113633,科沃转债,kwzz,121.542,0.18,603486,科沃斯,kws,57.6,-1.37,3.55,173.8,33.14,0,266.74,388.28,330302,家用电器,shmb,C,2021-12-29,[],0,0,buy,AA,,121.66,225.94,3.1,buy,2027-11-30,1.493,10.396,1599.12,29884.83,1.27,-5.51,,0,14:59:31,00,Y,N,0,0,Y,,2022-06-06 开始转股,计算使用1.5年期 评级为AA 债参考YTM：1.5756,N,10.4,全价：121.542 最后更新：14:59:31,,,,0,{'M': ''},0,0,N,,,buy,buy
2026-06-03 12:20:03,128124,科华转债,khzz,105.655,0.01,002022,科华生物,khsw,5.34,-2.91,1.07,20.64,25.87,0,308.37,414.03,370504,医药生物,szmb,C,2020-08-20,[],0,0,buy,A+,,14.448,26.832,8.2,buy,2026-07-28,0.151,2.245,1471.9,4127.91,6.21,2.21,,0,15:34:39,00,Y,N,0,0,Y,,2021-02-03 开始转股,计算使用0.2年期 评级为A+ 债参考YTM：4.0096,N,7.38,全价：105.655 最后更新：15:34:39,,,,0,[],0,0,N,,,buy,buy
2026-06-03 12:20:03,123179,立高转债,lgzz,122.097,0.08,300973,立高食品,lgsp,27.0,-2.14,1.67,95.13,28.38,0,330.19,452.29,340802,食品饮料,szcy,C,2023-03-27,[],0,0,buy,AA-,,66.591,123.669,29.7,buy,2029-03-07,2.762,9.499,1026.57,5782.1,0.89,-1.0,,0,15:34:24,00,Y,N,0,0,Y,,2023-09-13 开始转股,计算使用2.8年期 评级为AA- 债参考YTM：2.2518,N,9.5,全价：122.097 最后更新：15:34:24,,,,0,{'M': ''},0,0,N,,,buy,buy
2026-06-03 12:20:03,118010,洁特转债,jtzz,122.747,-0.14,688026,洁特生物,jtsw,13.46,-3.3,1.58,47.95,28.07,0,337.27,460.02,370503,医药生物,shkc,C,2022-08-02,[],0,0,buy,A+,,33.565,62.335,23.3,buy,2028-06-28,2.071,4.399,629.74,2267.38,1.17,-3.87,,0,14:59:31,00,Y,N,0,0,Y,,2023-01-04 开始转股,计算使用2.1年期 评级为A+ 债参考YTM：4.3506,N,4.4,全价：122.747 最后更新：14:59:31,,,,0,{'M': ''},0,0,N,,,buy,buy
2026-06-03 12:20:03,113059,福莱转债,flzz,120.934,-0.12,601865,福莱特,flt,11.33,-1.99,1.18,41.71,27.16,0,345.2,466.13,630504,电力设备,shmb,C,2022-06-13,[],0,0,buy,AA,,29.197,54.223,18.6,buy,2028-05-20,1.964,39.999,1962.78,17100.16,0.41,-3.08,,0,14:58:28,00,Y,N,1,0,Y,转股价下修1次，成功下修0次,2022-11-28 开始转股,计算使用2.0年期 评级为AA 债参考YTM：1.6377,N,40.0,全价：120.934 最后更新：14:58:28,,,,1,{'M': ''},0,0,N,,,buy,buy
2026-06-03 12:20:03,123154,火星转债,hxzz,123.79,-0.35,300894,火星人,hxr,8.83,-3.39,3.41,33.03,26.73,0,363.06,486.85,330401,家用电器,szcy,C,2022-08-23,[],0,0,buy,AA-,,23.121,42.939,20.4,buy,2028-08-05,2.175,5.289,723.15,4396.32,1.1,-2.03,,0,15:34:18,00,Y,N,0,0,Y,,2023-02-13 开始转股,计算使用2.2年期 评级为AA- 债参考YTM：2.0376,N,5.29,全价：123.790 最后更新：15:34:18,,,,0,{'M': ''},0,0,N,,,buy,buy
