抓取时间,bond_id,bond_nm,bond_py,price,increase_rt,stock_id,stock_nm,stock_py,sprice,sincrease_rt,pb,convert_price,convert_value,convert_begin,premium_rt,dblow,sw_cd,sw_name,market_cd,btype,list_dt,t_flag,owned,hold,bond_value,rating_cd,option_value,put_convert_price,force_redeem_price,convert_amt_ratio,fund_rt,maturity_dt,year_left,curr_iss_amt,volume,svolume,turnover_rt,ytm_rt,put_ytm_rt,noted,last_time,qstatus,sqflag,pb_flag,adj_cnt,adj_scnt,convert_price_valid,convert_price_tips,convert_cd_tip,ref_yield_info,adjusted,orig_iss_amt,price_tips,redeem_dt,real_force_redeem_price,option_tip,after_next_put_dt,icons,is_min_price,blocked,putting,force_redeem_price_tip,notes,volatility_rate,debt_rate
2026-08-28 19:31:32,123284,强达转债,qdzz,100.0,0.0,301628,强达电路,qddl,90.85,-1.86,5.74,84.04,108.1,180,-7.5,92.5,270202,电子,szcy,C,,[],0,0,buy,AA-,,58.828,109.252,20.8,buy,2032-08-18,5.978,5.5,0.0,11203.81,0.0,2.2,,0,,00,Y,N,0,0,Y,,未到转股期；2027-02-25 开始转股,计算使用6.0年期 评级为AA- 债参考YTM：3.1171,N,5.5,待上市,,,,0,{'M': ''},0,0,N,,,buy,buy
2026-08-28 19:31:32,127067,恒逸转2,hyz2,189.031,1.43,000703,恒逸石化,hysh,19.49,1.51,2.44,10.32,188.86,0,0.09,189.12,750301,石油石化,szmb,C,2022-08-18,[],0,0,buy,AA+,,7.224,13.416,0.6,buy,2028-07-21,,4.445,117191.93,182131.25,140.14,,,0,15:34:42,00,Y,N,0,0,Y,,2023-01-30 开始转股,强赎登记日2026-09-03，赎回价格100.2500元，如不考虑强赎纯债价值为107.47元，计算使用1.9年期 评级为AA+ 债参考YTM：1.6351,N,30.0,全价：189.031 最后更新：15:34:42,2026-09-03,100.2500,如不考虑强赎期权价值为104.19元,1,"{'R': '最后交易日 2026年9月3日\r\n最后转股日 2026年9月8日\r\n赎回价 100.25元/张', 'M': ''}",0,0,N,,,buy,buy
2026-08-28 19:31:32,123112,万讯转债,wxzz,160.292,-5.38,300112,万讯自控,wxzk,10.26,-4.11,3.02,6.43,159.57,0,0.46,160.75,640107,机械设备,szcy,C,2021-04-23,[],0,0,buy,AA-,,4.501,8.359,8.3,buy,2027-04-08,,2.051,67315.6,24417.69,200.17,,,0,15:34:27,00,Y,N,1,1,Y,转股价下修1次，成功下修1次,2021-10-14 开始转股,强赎登记日2026-09-11，赎回价格101.3320元，如不考虑强赎纯债价值为116.72元，计算使用0.7年期 评级为AA- 债参考YTM：1.7972,N,2.457,全价：160.292 最后更新：15:34:27,2026-09-11,101.3320,如不考虑强赎期权价值为62.75元,1,{'R': '最后交易日 2026年9月11日\r\n最后转股日 2026年9月16日\r\n赎回价 101.332元/张'},0,0,N,,,buy,buy
2026-08-28 19:31:32,110077,洪城转债,hczz,205.124,0.43,600461,洪城环境,hchj,9.0,0.56,1.16,4.41,204.08,0,0.51,205.63,760102,环保,shmb,C,2020-12-17,[],0,0,buy,AA+,,3.087,5.733,5.0,buy,2026-11-20,0.23,5.837,6060.5,9862.73,5.06,-203.93,,0,14:59:58,00,Y,N,0,0,Y,,2021-05-26 开始转股,计算使用0.3年期 评级为AA+ 债参考YTM：1.4930,N,18.0,全价：205.124 最后更新：14:59:58,,,,1,"{'G': '本次（2026年7月12日至2026年7月31日）不提前赎回，至到期日止均不行使提前赎回权利', 'M': ''}",0,0,N,,,buy,buy
2026-08-28 19:31:32,110081,闻泰转债,wtzz,109.318,2.24,600745,*ST闻泰,wtkj,19.79,3.56,1.03,18.36,107.79,0,1.42,110.74,270102,电子,shmb,C,2021-08-20,[],0,0,buy,BBB+,,12.852,23.868,27.6,buy,2027-07-28,0.915,72.051,73094.08,137727.03,9.33,-1.32,,0,15:00:00,00,Y,N,3,3,Y,转股价下修3次，成功下修3次,2022-02-07 开始转股,计算使用1.0年期 评级为BBB+ 债参考YTM：11.9364,N,86.0,全价：109.318 最后更新：15:00:00,,,,1,[],0,0,N,,,buy,buy
2026-08-28 19:31:32,128134,鸿路转债,hlzz,117.29,0.07,002541,鸿路钢构,hlgg,20.22,1.81,1.36,17.49,115.61,0,1.45,118.74,620401,建筑装饰,szmb,C,2020-11-02,[],0,0,buy,AA,,12.243,22.737,15.6,buy,2026-10-09,0.115,15.64,8676.09,24261.58,4.72,-55.35,,0,15:34:39,00,Y,N,2,2,Y,转股价下修2次，成功下修2次,2021-04-15 开始转股,计算使用0.2年期 评级为AA 债参考YTM：1.5044,N,18.8,全价：117.290 最后更新：15:34:39,,,,0,"{'R': '到期\n最后交易日：2026-09-28\n最后转股日：2026-10-08\n', 'M': ''}",0,0,N,,,buy,buy
2026-08-28 19:31:32,127061,美锦转债,mjzz,115.788,0.7,000723,美锦能源,mjny,3.95,1.28,1.4,3.47,113.83,0,1.72,117.51,740201,煤炭,szmb,C,2022-05-30,[],0,0,buy,A,,2.429,4.511,16.0,buy,2028-04-20,1.647,27.856,13452.55,46156.01,4.17,2.49,,0,15:33:57,00,Y,N,2,2,Y,转股价下修2次，成功下修2次,2022-10-26 开始转股,计算使用1.7年期 评级为A 债参考YTM：6.6387,N,35.9,全价：115.788 最后更新：15:33:57,,,,1,{'M': ''},0,0,N,,,buy,buy
2026-08-28 19:31:32,113042,上银转债,syzz,116.821,-1.43,601229,上海银行,shyh,9.3,-2.62,0.5,8.35,111.38,0,4.89,121.71,480401,银行,shmb,C,2021-02-10,[],0,0,buy,AAA,,,10.855,15.1,buy,2027-01-25,0.411,199.774,50758.77,131431.51,2.17,-10.04,,0,15:00:00,00,Y,Y,0,0,Y,,2021-07-29 开始转股,计算使用0.5年期 评级为AAA 债参考YTM：1.5042,N,200.0,全价：116.821 最后更新：15:00:00,,,,0,{'M': ''},0,0,N,,,buy,buy
2026-08-28 19:31:32,113066,平煤转债,pmzz,138.816,-0.27,601666,平煤股份,pmgf,9.87,-0.4,0.97,7.46,132.31,0,4.92,143.74,740102,煤炭,shmb,C,2023-04-10,[],0,0,buy,AAA,,5.222,9.698,5.9,buy,2029-03-16,2.551,14.274,31869.29,23944.69,15.97,-8.91,,0,14:59:59,00,Y,N,1,1,Y,转股价下修1次，成功下修1次,2023-09-22 开始转股,计算使用2.6年期 评级为AAA 债参考YTM：1.6200,N,29.0,全价：138.816 最后更新：14:59:59,,,,0,{'M': ''},0,0,N,,,buy,buy
2026-08-28 19:31:32,113615,金诚转债,jczz,778.052,2.0,603979,金诚信,jcx,81.72,1.71,4.11,11.12,734.89,0,5.87,783.92,240302,有色金属,shmb,C,2021-01-14,[],0,0,buy,AA,,7.784,14.456,1.0,buy,2026-12-23,0.321,4.958,50271.74,70321.87,13.17,-269.37,,0,14:59:58,00,Y,N,0,0,Y,,2021-06-29 开始转股,计算使用0.4年期 评级为AA 债参考YTM：1.5299,N,10.0,全价：778.052 最后更新：14:59:58,,,,1,"{'G': '本次（2025年10月10日至2025年10月30日）不提前赎回，至2026年12月22日到期均不提前赎回', 'M': ''}",0,0,N,,,buy,buy
2026-08-28 19:31:32,113605,大参转债,dszz,114.184,0.32,603233,大参林,dsl,18.15,2.43,2.67,16.86,107.65,0,6.07,120.25,370403,医药生物,shmb,C,2020-11-13,[],0,0,buy,AA,,11.802,21.918,6.8,buy,2026-10-22,0.151,14.044,4029.87,15727.01,2.51,-24.78,,0,14:59:51,00,Y,N,1,1,Y,转股价下修1次，成功下修1次,2021-04-28 开始转股,计算使用0.2年期 评级为AA 债参考YTM：1.5044,N,14.05,全价：114.184 最后更新：14:59:51,,,,1,{'M': ''},0,0,N,,,buy,buy
2026-08-28 19:31:32,123243,严牌转债,ypzz,209.366,-2.89,301081,严牌股份,ypgf,14.17,0.5,2.89,7.22,196.26,0,6.68,216.05,760201,环保,szcy,C,2024-07-26,[],0,0,buy,A+,,5.054,9.386,8.2,buy,2030-07-10,3.869,2.607,33789.93,7921.82,60.52,-13.91,,0,15:34:00,00,Y,N,0,0,Y,,2025-01-16 开始转股,计算使用3.9年期 评级为A+ 债参考YTM：4.6615,N,4.679,全价：209.366 最后更新：15:34:00,,,,0,{'M': ''},0,0,N,,,buy,buy
2026-08-28 19:31:32,113046,金田转债,jtzz,136.088,-0.76,601609,金田股份,jtgf,12.98,-2.77,2.17,10.18,127.51,0,6.73,142.82,240302,有色金属,shmb,C,2021-04-12,[],0,0,buy,AA+,,7.126,13.234,6.7,buy,2027-03-22,0.564,14.992,14187.16,59756.87,6.95,-33.97,,0,14:59:53,00,Y,N,0,0,Y,,2021-09-27 开始转股,计算使用0.6年期 评级为AA+ 债参考YTM：1.5329,N,15.0,全价：136.088 最后更新：14:59:53,,,,1,{'M': ''},0,0,N,,,buy,buy
2026-08-28 19:31:32,113056,重银转债,cyzz,127.558,-0.36,601963,重庆银行,cqyh,11.01,0.09,0.59,9.22,119.41,0,6.82,134.38,480401,银行,shmb,C,2022-04-14,[],0,0,buy,AAA,,,11.986,51.6,buy,2028-03-23,1.57,115.622,12560.27,9491.22,0.85,-7.81,,0,14:59:50,00,Y,N,0,0,Y,,2022-09-30 开始转股,计算使用1.6年期 评级为AAA 债参考YTM：1.5625,N,130.0,全价：127.558 最后更新：14:59:50,,,,0,{'M': ''},0,0,N,,,buy,buy
2026-08-28 19:31:32,123207,冠中转债,gzzz,223.368,0.12,300948,冠中生态,gzst,21.44,2.88,3.51,10.44,205.36,0,8.77,232.14,620307,建筑装饰,szcy,C,2023-08-09,[],0,0,buy,A-,,7.308,13.572,4.4,buy,2029-07-21,2.899,1.455,29817.73,11037.42,91.82,-19.78,,0,15:34:51,00,Y,N,1,1,Y,转股价下修1次，成功下修1次,2024-01-29 开始转股,计算使用2.9年期 评级为A- 债参考YTM：9.2393,N,4.0,全价：223.368 最后更新：15:34:51,,,,0,"{'G': '本次（2026年5月27日至2026年6月16日）不提前赎回，自2026年9月16日后首个交易日重新计算', 'M': ''}",0,0,N,,,buy,buy
2026-08-28 19:31:32,113043,财通转债,ctzz,119.821,-0.32,601108,财通证券,ctzq,8.78,-0.57,1.06,7.98,110.03,0,8.9,128.72,490101,非银金融,shmb,C,2020-12-28,[],0,0,buy,AAA,,,10.374,9.3,buy,2026-12-10,0.285,37.992,7900.94,45839.0,1.73,-40.87,,0,14:59:50,00,Y,Y,1,1,Y,转股价下修1次，成功下修1次,2021-06-16 开始转股,计算使用0.3年期 评级为AAA 债参考YTM：1.4727,N,38.0,全价：119.821 最后更新：14:59:50,,,,0,{'M': ''},0,0,N,,,buy,buy
2026-08-28 19:31:32,113681,镇洋转债,zyzz,139.852,-0.02,603213,镇洋发展,zyfz,14.0,0.29,3.15,10.95,127.85,0,9.38,149.23,220202,基础化工,shmb,C,2024-01-17,[],0,0,buy,AA-,,7.665,14.235,8.8,buy,2029-12-29,3.34,5.476,3742.11,2359.37,4.88,-4.73,,0,14:59:32,00,Y,N,0,0,Y,,2024-07-05 开始转股,计算使用3.4年期 评级为AA- 债参考YTM：2.2727,N,6.6,全价：139.852 最后更新：14:59:32,,,,0,[],0,0,N,,,buy,buy
2026-08-28 19:31:32,113062,常银转债,cyzz,128.56,-0.4,601128,常熟银行,csyh,6.15,-1.28,0.67,5.25,117.14,0,9.75,138.31,480501,银行,shmb,C,2022-10-17,[],0,0,buy,AAA,,,6.825,26.7,buy,2028-09-15,2.052,59.994,14906.47,30530.38,1.93,-7.72,,0,14:59:48,00,Y,N,0,0,Y,,2023-03-21 开始转股,计算使用2.1年期 评级为AAA 债参考YTM：1.5985,N,60.0,全价：128.560 最后更新：14:59:48,,,,0,{'M': ''},0,0,N,,,buy,buy
2026-08-28 19:31:32,128138,侨银转债,qyzz,131.0,0.08,002973,侨银股份,qygf,12.57,1.62,2.0,10.6,118.59,0,10.47,141.47,760103,环保,szmb,C,2020-12-24,[],0,0,buy,A+,,7.42,13.78,10.5,buy,2026-11-17,0.222,4.199,5342.01,12544.92,9.71,-3.48,,0,15:34:45,00,Y,N,3,3,Y,转股价下修3次，成功下修3次,2021-05-24 开始转股,计算使用0.3年期 评级为A+ 债参考YTM：4.0672,N,4.2,全价：131.000 最后更新：15:34:45,,,,1,[],0,0,N,,,buy,buy
2026-08-28 19:31:32,127080,声迅转债,sxzz,270.7,-1.04,003004,声迅股份,sxgf,70.01,-0.7,8.3,28.94,241.91,0,11.9,282.6,710102,计算机,szmb,C,2023-02-10,[],0,0,buy,A,,20.258,37.622,5.8,buy,2028-12-30,2.343,2.793,17107.02,6370.57,22.34,-30.02,,0,15:34:45,00,Y,N,0,0,Y,,2023-07-07 开始转股,计算使用2.4年期 评级为A 债参考YTM：6.7525,N,2.8,全价：270.700 最后更新：15:34:45,,,,0,{'G': '本次（2026年5月8日至2026年5月29日）不提前赎回，以2026年8月31日重新计算'},0,0,N,,,buy,buy
2026-08-28 19:31:32,123213,天源转债,tyzz,310.88,-1.99,301127,武汉天源,whty,19.72,1.23,3.86,7.1,277.75,0,11.93,322.81,760102,环保,szcy,C,2023-08-16,[],0,0,buy,AA-,,4.97,9.23,2.5,buy,2029-07-28,2.918,3.26,59562.44,70635.88,57.64,-29.08,,0,15:33:54,00,Y,N,0,0,Y,,2024-02-05 开始转股,计算使用3.0年期 评级为AA- 债参考YTM：2.2146,N,10.0,全价：310.880 最后更新：15:33:54,,,,0,"{'G': '本次（2026年3月13日至2026年4月2日）不提前赎回，自2026年10月2日后首个交易日重新计算', 'M': ''}",0,0,N,,,buy,buy
2026-08-28 19:31:32,127030,盛虹转债,shzz,120.223,0.27,000301,东方盛虹,dfsh,14.1,3.45,2.62,13.21,106.74,0,12.63,132.85,750301,石油石化,szmb,C,2021-04-21,[],0,0,buy,AA+,,9.247,17.173,5.4,buy,2027-03-22,0.564,49.974,27360.29,67898.94,4.55,-18.01,,0,15:34:33,00,Y,N,0,0,Y,,2021-09-27 开始转股,计算使用0.6年期 评级为AA+ 债参考YTM：1.5329,N,50.0,全价：120.223 最后更新：15:34:33,,,,1,{'M': ''},0,0,N,,,buy,buy
2026-08-28 19:31:32,123283,丰茂转债,fmzz,100.0,0.0,301459,丰茂股份,fmgf,31.56,-0.44,2.58,35.59,88.68,179,12.77,112.77,220602,基础化工,szcy,C,,[],0,0,buy,AA-,,24.913,46.267,73.8,buy,2032-08-17,5.975,6.075,0.0,2557.46,0.0,2.2,,0,,00,Y,N,0,0,Y,,未到转股期；2027-02-24 开始转股,计算使用6.0年期 评级为AA- 债参考YTM：3.1171,N,6.075,待上市,,,,0,{'M': ''},0,0,N,,,buy,buy
2026-08-28 19:31:32,123282,震裕转02,zyz02,100.0,0.0,300953,震裕科技,zykj,92.6,-2.01,4.61,104.85,88.32,177,13.23,113.23,630701,电力设备,szcy,C,,[],0,0,buy,AA-,,73.395,136.305,11.6,buy,2032-08-16,5.973,18.8,0.0,36029.8,0.0,2.2,,0,,00,Y,N,0,0,Y,,未到转股期；2027-02-22 开始转股,计算使用6.0年期 评级为AA- 债参考YTM：3.1171,N,18.8,待上市,,,,0,{'M': ''},0,0,N,,,buy,buy
2026-08-28 19:31:32,110076,华海转债,hhzz,113.726,-0.38,600521,华海药业,hhyy,16.46,-1.08,2.52,16.5,99.76,0,14.0,127.73,370102,医药生物,shmb,C,2020-11-25,[],0,0,buy,AA,,11.55,21.45,7.5,buy,2026-11-02,0.181,18.424,4657.51,36043.47,2.23,-18.12,,0,14:59:44,00,Y,N,1,1,Y,转股价下修1次，成功下修1次,2021-05-06 开始转股,计算使用0.2年期 评级为AA 债参考YTM：1.5044,N,18.426,全价：113.726 最后更新：14:59:44,,,,1,{'M': ''},0,0,N,,,buy,buy
2026-08-28 19:31:32,113058,友发转债,yfzz,134.362,0.15,601686,友发集团,yfjt,5.24,0.38,1.09,4.48,116.96,0,14.87,149.23,230403,钢铁,shmb,C,2022-04-26,[],0,0,buy,AA,,3.136,5.824,24.0,buy,2028-03-30,1.589,18.638,4997.19,1847.79,1.99,-10.03,,0,14:59:59,00,Y,N,2,2,Y,转股价下修2次，成功下修2次,2022-10-10 开始转股,计算使用1.6年期 评级为AA 债参考YTM：1.6493,N,20.0,全价：134.362 最后更新：14:59:59,,,,1,[],0,0,N,,,buy,buy
2026-08-28 19:31:32,123091,长海转债,chzz,131.2,0.88,300196,长海股份,chgf,17.11,0.29,1.45,14.99,114.14,0,14.94,146.14,610202,建筑材料,szcy,C,2021-01-15,[],0,0,buy,AA,,10.493,19.487,12.9,buy,2026-12-23,0.321,5.461,24112.79,20054.17,33.5,-48.45,,0,15:34:33,00,Y,N,0,0,Y,,2021-06-29 开始转股,计算使用0.4年期 评级为AA 债参考YTM：1.5299,N,5.5,全价：131.200 最后更新：15:34:33,,,,1,[],0,0,N,,,buy,buy
2026-08-28 19:31:32,127040,国泰转债,gtzz,123.12,0.07,002091,江苏国泰,jsgt,7.87,0.38,0.79,7.35,107.08,0,14.99,138.11,450201,商贸零售,szmb,C,2021-08-10,[],0,0,buy,AA+,,5.145,9.555,31.6,buy,2027-07-07,0.858,39.863,3252.88,7821.2,0.66,-14.37,,0,15:34:15,00,Y,N,0,0,Y,,2022-01-13 开始转股,计算使用0.9年期 评级为AA+ 债参考YTM：1.5538,N,45.574,全价：123.120 最后更新：15:34:15,,,,1,{'M': ''},0,0,N,,,buy,buy
2026-08-28 19:31:32,123076,强力转债,qlzz,127.5,0.24,300429,强力新材,qlxc,11.67,2.73,3.62,10.6,110.09,0,15.81,143.31,270601,电子,szcy,C,2020-12-04,[],0,0,buy,AA-,,7.42,13.78,7.0,buy,2026-11-19,0.227,3.393,5866.36,32782.1,13.44,-50.61,,0,15:34:30,00,Y,N,2,2,Y,转股价下修2次，成功下修2次,2021-05-25 开始转股,计算使用0.3年期 评级为AA- 债参考YTM：1.7197,N,8.5,全价：127.500 最后更新：15:34:30,,,,1,{'M': ''},0,0,N,,,buy,buy
2026-08-28 19:31:32,113631,皖天转债,wtzz,138.091,0.58,603689,皖天然气,wtrq,7.74,1.84,1.08,6.51,118.89,0,16.15,154.24,410301,公用事业,shmb,C,2021-12-10,[],0,0,buy,AA+,,4.557,8.463,14.7,buy,2027-11-08,1.197,5.958,5123.92,4074.72,6.23,-16.36,,0,14:59:19,00,Y,N,0,0,Y,,2022-05-12 开始转股,计算使用1.2年期 评级为AA+ 债参考YTM：1.5862,N,9.3,全价：138.091 最后更新：14:59:19,,,,1,[],0,0,N,,,buy,buy
2026-08-28 19:31:32,128136,立讯转债,lxzz,118.349,-0.51,002475,立讯精密,lxjm,56.6,-1.01,4.68,55.67,101.67,0,16.4,134.75,270504,电子,szmb,C,2020-12-02,[],0,0,buy,AA+,,38.969,72.371,0.7,buy,2026-11-03,0.184,29.817,9941.38,624283.94,2.8,-48.37,,0,15:34:42,00,Y,N,0,0,Y,,2021-05-10 开始转股,计算使用0.2年期 评级为AA+ 债参考YTM：1.4875,N,30.0,全价：118.349 最后更新：15:34:42,,,,1,{'M': ''},0,0,N,,,buy,buy
2026-08-28 19:31:32,127110,广核转债,ghzz,138.83,-0.41,003816,中国广核,zggh,4.24,1.44,1.73,3.58,118.44,0,17.22,156.05,410108,公用事业,szmb,C,2025-07-25,[],0,0,buy,AAA,,2.506,4.654,2.9,buy,2031-07-09,4.866,48.992,9183.3,57713.99,1.35,-4.74,,0,15:34:15,00,Y,N,0,0,Y,,2026-01-15 开始转股,计算使用4.9年期 评级为AAA 债参考YTM：1.7369,N,49.0,全价：138.830 最后更新：15:34:15,,,,0,{'M': ''},0,0,N,,,buy,buy
2026-08-28 19:31:32,127109,电化转债,dhzz,153.09,-13.51,002125,湘潭电化,xtdh,13.03,-1.14,2.34,9.99,130.43,0,17.37,170.46,630702,电力设备,szmb,C,2025-07-04,[],0,0,buy,AA,,6.993,12.987,5.9,buy,2031-06-16,4.803,4.866,52698.37,26339.69,67.0,-5.95,,0,15:34:33,00,Y,N,0,0,Y,,2025-12-22 开始转股,计算使用4.9年期 评级为AA 债参考YTM：1.8623,N,4.87,全价：153.090 最后更新：15:34:33,,,,0,{'M': ''},0,0,N,,,buy,buy
2026-08-28 19:31:32,127078,优彩转债,yczz,156.0,1.76,002998,优彩资源,yczy,8.09,0.62,1.59,6.11,132.41,0,17.82,173.82,220401,基础化工,szmb,C,2023-01-09,[],0,0,buy,A+,,4.277,7.943,19.0,buy,2028-12-14,2.299,4.158,7725.28,6677.98,11.95,-11.24,,0,15:34:45,00,Y,N,0,0,Y,,2023-06-20 开始转股,计算使用2.3年期 评级为A+ 债参考YTM：4.3779,N,6.0,全价：156.000 最后更新：15:34:45,,,,0,[],0,0,N,,,buy,buy
2026-08-28 19:31:32,127103,东南转债,dnzz,141.2,-0.51,002135,东南网架,dnwj,6.69,-0.59,1.18,5.59,119.68,0,17.98,159.18,620401,建筑装饰,szmb,C,2024-01-24,[],0,0,buy,AA,,3.913,7.267,29.3,buy,2030-01-03,3.353,19.999,8888.41,12825.83,3.13,-6.73,,0,15:34:39,00,Y,N,0,0,Y,,2024-07-09 开始转股,计算使用3.4年期 评级为AA 债参考YTM：1.7542,N,20.0,全价：141.200 最后更新：15:34:39,,,,0,{'M': ''},0,0,N,,,buy,buy
2026-08-28 19:31:32,111000,起帆转债,qfzz,138.052,-0.96,605222,起帆电缆,qfdl,20.2,-1.08,1.7,17.29,116.83,0,18.16,156.21,630805,电力设备,shmb,C,2021-06-17,[],0,0,buy,AA-,,12.103,22.477,12.0,buy,2027-05-24,0.737,9.991,9842.4,9784.57,7.05,-22.66,,0,14:59:59,00,Y,N,1,1,Y,转股价下修1次，成功下修1次,2021-11-29 开始转股,计算使用0.8年期 评级为AA- 债参考YTM：1.8035,N,10.0,全价：138.052 最后更新：14:59:59,,,,1,{'G': '本次（2026年3月13日至2026年4月20日）不提前赎回，以2026年10月21日为首个交易日重新起算'},0,0,N,,,buy,buy
2026-08-28 19:31:32,123092,天壕转债,thzz,119.175,-0.31,300332,天壕能源,thny,5.01,-0.2,1.09,4.97,100.81,0,18.22,137.4,410301,公用事业,szcy,C,2021-01-15,[],0,0,buy,A+,,3.479,6.461,8.4,buy,2026-12-24,0.323,3.416,1447.9,8622.53,3.55,-10.93,,0,15:34:36,00,Y,N,0,0,Y,,2021-06-30 开始转股,计算使用0.4年期 评级为A+ 债参考YTM：4.0900,N,4.23,全价：119.175 最后更新：15:34:36,,,,1,{'M': ''},0,0,N,,,buy,buy
2026-08-28 19:31:32,127027,能化转债,nhzz,111.62,0.33,000552,甘肃能化,gsnh,2.73,3.02,0.86,2.93,93.17,0,19.8,131.42,740101,煤炭,szmb,C,2021-01-22,[],0,0,buy,AAA,,2.051,3.809,19.1,buy,2026-12-10,0.285,19.463,4595.09,29562.71,2.12,-5.14,,0,15:34:39,00,Y,N,0,0,Y,,2021-06-16 开始转股,计算使用0.3年期 评级为AAA 债参考YTM：1.4727,N,28.0,全价：111.620 最后更新：15:34:39,,,,1,{'M': ''},0,0,N,,,buy,buy
2026-08-28 19:31:32,127047,帝欧转债,dozz,138.81,-0.49,002798,帝欧水华,dosh,5.89,0.17,1.69,5.1,115.49,0,20.19,159.0,360306,轻工制造,szmb,C,2021-11-26,[],0,0,buy,BBB+,,3.57,6.63,15.3,buy,2027-10-25,1.159,4.654,1687.27,3815.34,2.6,-13.89,,0,15:34:15,00,Y,N,1,1,Y,转股价下修1次，成功下修1次,2022-04-29 开始转股,计算使用1.2年期 评级为BBB+ 债参考YTM：11.9984,N,15.0,全价：138.810 最后更新：15:34:15,,,,1,[],0,0,N,,,buy,buy
2026-08-28 19:31:32,123247,万凯转债,wkzz,206.0,5.23,301216,万凯新材,wkxc,19.01,6.8,1.68,11.15,170.49,0,20.83,226.83,220501,基础化工,szcy,C,2024-09-05,[],0,0,buy,AA,,7.805,14.495,19.0,buy,2030-08-16,3.97,19.642,101487.47,93822.75,25.25,-13.99,,0,15:34:15,00,Y,N,0,0,Y,,2025-02-24 开始转股,计算使用4.0年期 评级为AA 债参考YTM：1.8109,N,27.0,全价：206.000 最后更新：15:34:15,,,,0,"{'G': '本次（2026年6月17日至2026年7月8日）不提前赎回，自2026年10月8日后首个交易日重新计算', 'M': ''}",0,0,N,,,buy,buy
2026-08-28 19:31:32,113051,节能转债,jnzz,123.041,-1.08,601016,节能风电,jnfd,3.39,-0.59,1.22,3.33,101.8,0,20.86,143.9,410107,公用事业,shmb,C,2021-07-22,[],0,0,buy,AAA,,2.331,4.329,13.0,buy,2027-06-21,0.814,26.519,5445.45,25859.72,1.66,-13.03,,0,14:59:47,00,Y,N,1,0,Y,转股价下修1次，成功下修0次,2021-12-27 开始转股,计算使用0.9年期 评级为AAA 债参考YTM：1.5240,N,30.0,全价：123.041 最后更新：14:59:47,,,,1,{'M': ''},0,0,N,,,buy,buy
2026-08-28 19:31:32,123241,欧通转债,otzz,845.0,-1.86,300870,欧陆通,olt,214.5,-2.61,12.46,30.8,696.43,0,21.33,866.33,630306,电力设备,szcy,C,2024-07-26,[],0,0,buy,AA-,,21.56,40.04,0.8,buy,2030-07-05,3.855,2.604,78814.05,106061.19,35.42,-40.63,,0,15:34:09,00,Y,N,0,0,Y,,2025-01-13 开始转股,如不考虑强赎纯债价值为105.55元，计算使用3.9年期 评级为AA- 债参考YTM：2.3025,N,6.445,全价：845.000 最后更新：15:34:09,,,,0,"{'B': '', 'M': ''}",0,0,N,,,buy,buy
2026-08-28 19:31:32,123189,晓鸣转债,xmzz,142.447,0.25,300967,晓鸣股份,xmgf,17.66,1.2,4.34,15.18,116.34,0,22.44,164.89,110703,农林牧渔,szcy,C,2023-04-25,[],0,0,buy,A,,10.626,19.734,14.9,buy,2029-04-06,2.608,3.286,4188.98,9515.8,8.94,-7.32,,0,15:34:48,00,Y,N,1,1,Y,转股价下修1次，成功下修1次,2023-10-12 开始转股,计算使用2.7年期 评级为A 债参考YTM：6.8346,N,3.29,全价：142.447 最后更新：15:34:48,,,,0,{'M': ''},0,0,N,,,buy,buy
2026-08-28 19:31:32,123187,超达转债,cdzz,212.9,7.36,301186,超达装备,cdzb,37.4,8.09,2.63,21.77,171.8,0,23.93,236.83,280205,汽车,szcy,C,2023-04-25,[],0,0,buy,A,,15.239,28.301,5.6,buy,2029-04-04,2.603,2.242,140138.11,12800.19,292.12,-20.32,,0,15:34:39,00,Y,N,0,0,Y,,2023-10-11 开始转股,计算使用2.7年期 评级为A 债参考YTM：6.8346,N,4.69,全价：212.900 最后更新：15:34:39,,,,0,"{'G': '本次（2026年8月3日至2026年8月21日）不提前赎回，以2027年2月21日之后的首个交易日重新起算', 'M': ''}",0,0,N,,,buy,buy
2026-08-28 19:31:32,127070,大中转债,dzzz,331.991,0.0,001203,大中矿业,dzky,28.28,2.54,5.91,10.56,267.8,0,23.97,355.96,230301,钢铁,szmb,C,2022-10-11,[],0,0,buy,AA,,7.392,13.728,2.5,buy,2028-08-17,1.973,9.342,64621.96,54113.72,20.8,-42.13,,0,15:34:42,00,Y,N,0,0,Y,,2023-02-23 开始转股,计算使用2.0年期 评级为AA 债参考YTM：1.6723,N,15.2,全价：331.991 最后更新：15:34:42,,,,1,"{'G': '本次（2026年2月24日至2026年3月16日）不提前赎回，以2026年9月16日后的首个交易日重新计算', 'M': ''}",0,0,N,,,buy,buy
2026-08-28 19:31:32,113691,和邦转债,hbzz,151.344,-0.02,603077,和邦生物,hbsw,2.44,1.67,1.12,2.0,122.0,0,24.05,175.39,220802,基础化工,shmb,C,2024-11-19,[],0,0,buy,AA,,1.4,2.6,21.3,buy,2030-10-28,4.17,45.991,11313.84,64999.3,1.62,-6.53,,0,14:59:48,00,Y,N,0,0,Y,,2025-05-06 开始转股,计算使用4.2年期 评级为AA 债参考YTM：1.8260,N,46.0,全价：151.344 最后更新：14:59:48,,,,0,"{'G': '本次（2026年1月22日至2026年3月10日）不提前赎回，以2027年3月10日之后的首个交易日重新起算', 'M': ''}",0,0,N,,,buy,buy
2026-08-28 19:31:32,127045,牧原转债,myzz,120.301,0.08,002714,牧原股份,mygf,41.68,2.16,3.0,43.32,96.21,0,25.03,145.33,110702,农林牧渔,szmb,C,2021-09-10,[],0,0,buy,AAA,,30.324,56.316,7.0,buy,2027-08-16,0.967,95.429,7412.58,217893.64,0.65,-11.43,,0,15:34:18,00,Y,Y,0,0,Y,,2022-02-21 开始转股,计算使用1.0年期 评级为AAA 债参考YTM：1.5264,N,95.5,全价：120.301 最后更新：15:34:18,,,,1,{'M': ''},0,0,N,,,buy,buy
2026-08-28 19:31:32,127084,柳工转2,lgz2,141.019,-0.27,000528,柳工,lg,7.87,-1.01,0.83,6.98,112.75,0,25.07,166.09,640601,机械设备,szmb,C,2023-04-20,[],0,0,buy,AAA,,4.886,9.074,15.5,buy,2029-03-27,2.581,24.809,3871.59,21969.94,1.11,-7.48,,0,15:34:33,00,Y,N,0,0,Y,,2023-10-09 开始转股,计算使用2.6年期 评级为AAA 债参考YTM：1.6200,N,30.0,全价：141.019 最后更新：15:34:33,,,,0,{'M': ''},0,0,N,,,buy,buy
2026-08-28 19:31:32,111002,特纸转债,tzzz,141.041,0.44,605007,五洲特纸,wztz,15.1,1.75,1.89,13.49,111.94,0,26.0,167.04,360103,轻工制造,shmb,C,2021-12-30,[],0,0,buy,AA,,9.443,17.537,9.2,buy,2027-12-08,1.28,6.619,8156.26,8798.2,8.68,-15.64,,0,14:59:28,00,Y,N,1,1,Y,转股价下修1次，成功下修1次,2022-06-14 开始转股,计算使用1.3年期 评级为AA 债参考YTM：1.6304,N,6.7,全价：141.041 最后更新：14:59:28,,,,1,[],0,0,N,,,buy,buy
2026-08-28 19:31:32,123245,集智转债,jzzz,298.18,-4.24,300553,集智股份,jzgf,42.62,-4.48,5.59,18.06,235.99,0,26.35,324.53,640107,机械设备,szcy,C,2024-08-28,[],0,0,buy,A,,12.642,23.478,4.2,buy,2030-08-14,3.964,1.537,32110.97,22618.98,68.62,-20.78,,0,15:34:45,00,Y,N,0,0,Y,,2025-02-20 开始转股,计算使用4.0年期 评级为A 债参考YTM：7.0209,N,2.546,全价：298.180 最后更新：15:34:45,,,,0,{'G': '本次（2026年6月2日至2026年6月23日）不提前赎回，自2026年9月23日后首个交易日重新计算'},0,0,N,,,buy,buy
2026-08-28 19:31:32,123160,泰福转债,tfzz,161.5,0.06,300992,泰福泵业,tfby,25.15,1.58,2.61,19.7,127.67,0,26.5,188.0,640106,机械设备,szcy,C,2022-10-25,[],0,0,buy,A,,13.79,25.61,11.8,buy,2028-09-28,2.088,2.315,3862.94,4902.5,10.26,-13.8,,0,15:34:33,00,Y,N,1,1,Y,转股价下修1次，成功下修1次,2023-04-11 开始转股,计算使用2.1年期 评级为A 债参考YTM：6.6871,N,3.349,全价：161.500 最后更新：15:34:33,,,,0,"{'G': '本次（2026年5月6日至2026年5月26日）不提前赎回，自2026年8月31日后首个交易日重新计算', 'M': ''}",0,0,N,,,buy,buy
2026-08-28 19:31:32,111015,东亚转债,dyzz,133.861,1.71,605177,东亚药业,dyyy,21.45,6.88,1.39,20.28,105.77,0,26.56,160.42,370101,医药生物,shmb,C,2023-08-02,[],0,0,buy,A+,,14.196,26.364,27.3,buy,2029-07-06,2.858,6.662,11424.61,12411.84,12.87,-4.24,,0,14:59:46,00,Y,N,1,1,Y,转股价下修1次，成功下修1次,2024-01-12 开始转股,计算使用2.9年期 评级为A+ 债参考YTM：4.5393,N,6.9,全价：133.861 最后更新：14:59:46,,,,0,[],0,0,N,,,buy,buy
2026-08-28 19:31:32,113673,岱美转债,dmzz,192.351,-0.97,603730,岱美股份,dmgf,10.82,-0.46,4.63,7.12,151.97,0,26.57,218.92,280202,汽车,shmb,C,2023-08-10,[],0,0,buy,AA,,4.984,9.256,3.9,buy,2029-07-18,2.89,9.078,16075.96,19830.43,9.13,-16.43,,0,14:59:56,00,Y,N,1,1,Y,转股价下修1次，成功下修1次,2024-01-24 开始转股,计算使用2.9年期 评级为AA 债参考YTM：1.7196,N,9.079,全价：192.351 最后更新：14:59:56,,,,0,{'M': ''},0,0,N,,,buy,buy
2026-08-28 19:31:32,118016,京源转债,jyzz,158.8,-0.85,688096,京源环保,jyhb,8.64,-0.8,2.39,6.91,125.04,0,27.0,185.8,760102,环保,shkc,C,2022-08-25,[],0,0,buy,A,,4.837,8.983,8.3,buy,2028-08-05,1.94,1.675,4868.57,5183.78,18.13,-14.54,,0,14:59:57,00,Y,N,0,0,Y,,2023-02-13 开始转股,计算使用2.0年期 评级为A 债参考YTM：6.6723,N,3.325,全价：158.800 最后更新：14:59:57,,,,1,"{'G': '本次（2026年5月11日至2026年5月29日）不提前赎回，以2026年8月30日（若为非交易日则顺延）为首个交易日重新计算', 'M': ''}",0,0,N,,,buy,buy
2026-08-28 19:31:32,128142,新乳转债,xrzz,112.229,-0.31,002946,新乳业,xry,15.35,0.13,3.64,17.5,87.71,0,27.95,140.18,340702,食品饮料,szmb,C,2021-01-19,[],0,0,buy,AA,,12.25,22.75,5.5,buy,2026-12-18,0.307,7.178,2206.13,9959.5,2.74,-6.53,,0,15:34:27,00,Y,N,0,0,Y,,2021-06-24 开始转股,计算使用0.4年期 评级为AA 债参考YTM：1.5299,N,7.18,全价：112.229 最后更新：15:34:27,,,,1,{'M': ''},0,0,N,,,buy,buy
2026-08-28 19:31:32,123178,花园转债,hyzz,142.474,-1.13,300401,花园生物,hysw,14.8,-2.63,2.26,13.34,110.95,0,28.42,170.89,370101,医药生物,szcy,C,2023-03-23,[],0,0,buy,AA-,,9.338,17.342,14.6,buy,2029-03-06,2.523,11.58,7876.62,30953.85,4.77,-7.16,,0,15:33:54,00,Y,N,1,1,Y,转股价下修1次，成功下修1次,2023-09-11 开始转股,计算使用2.6年期 评级为AA- 债参考YTM：2.1115,N,12.0,全价：142.474 最后更新：15:33:54,,,,0,{'M': ''},0,0,N,,,buy,buy
2026-08-28 19:31:32,110099,福能转债,fnzz,145.774,-0.62,600483,福能股份,fngf,10.77,-0.28,1.08,9.49,113.49,0,28.45,174.22,410110,公用事业,shmb,C,2025-10-30,[],0,0,buy,AA+,,6.643,12.337,12.7,buy,2031-10-13,5.129,38.019,6717.19,10741.62,1.21,-5.35,,0,14:59:45,00,Y,N,0,0,Y,,2026-04-17 开始转股,计算使用5.2年期 评级为AA+ 债参考YTM：1.8216,N,38.02,全价：145.774 最后更新：14:59:45,,,,0,"{'M': '', 'EX': '能源集团及其一致行动人竞价减持10.04% 2026年08月25日公告'}",0,0,N,,,buy,buy
2026-08-28 19:31:32,127056,中特转债,ztzz,129.153,-0.38,000708,中信特钢,zxtg,13.96,0.07,1.59,13.89,100.5,0,28.51,157.66,230501,钢铁,szmb,C,2022-04-15,[],0,0,buy,AAA,,9.723,18.057,7.1,buy,2028-02-25,1.496,49.996,4240.99,12989.06,0.65,-11.61,,0,15:34:36,00,Y,N,1,1,Y,转股价下修1次，成功下修1次,2022-09-05 开始转股,计算使用1.5年期 评级为AAA 债参考YTM：1.5549,N,50.0,全价：129.153 最后更新：15:34:36,,,,0,{'M': ''},0,0,N,,,buy,buy
2026-08-28 19:31:32,123107,温氏转债,wszz,114.23,0.18,300498,温氏股份,wsgf,14.29,0.78,2.66,16.09,88.81,0,28.62,142.85,110702,农林牧渔,szcy,C,2021-04-21,[],0,0,buy,AAA,,11.263,20.917,9.1,buy,2027-03-29,0.584,77.063,10119.26,73743.28,1.15,-9.35,,0,15:34:24,00,Y,N,0,0,Y,,2021-10-08 开始转股,计算使用0.6年期 评级为AAA 债参考YTM：1.5137,N,92.97,全价：114.230 最后更新：15:34:24,,,,1,{'M': ''},0,0,N,,,buy,buy
2026-08-28 19:31:32,110098,南药转债,nyzz,137.949,-0.35,600713,南京医药,njyy,5.29,0.19,0.94,4.95,106.87,0,29.08,167.03,370402,医药生物,shmb,C,2025-01-20,[],0,0,buy,AA+,,3.465,6.435,15.8,buy,2030-12-25,4.329,10.814,2789.02,4958.79,1.86,-4.72,,0,14:58:28,00,Y,N,0,0,Y,,2025-07-01 开始转股,计算使用4.4年期 评级为AA+ 债参考YTM：1.7824,N,10.815,全价：137.949 最后更新：14:58:28,,,,0,[],0,0,N,,,buy,buy
2026-08-28 19:31:32,118027,宏图转债,htzz,80.342,0.21,688066,*ST航图,htht,8.14,0.62,-1.57,13.12,62.04,0,29.49,109.83,710301,计算机,shkc,C,2022-12-22,[],0,0,buy,CC,,9.184,17.056,43.8,buy,2028-11-28,2.255,9.475,10657.25,5918.93,13.84,19.56,,0,15:00:00,00,Y,N,3,3,Y,转股价下修3次，成功下修3次,2023-06-02 开始转股,计算使用2.3年期 评级为CC 债参考YTM：56.5497,N,10.088,全价：80.342 最后更新：15:00:00,,,,0,[],0,0,N,,,buy,buy
2026-08-28 19:31:32,127092,运机转债,yjzz,310.125,4.82,001288,运机集团,yjjt,28.46,10.01,2.79,11.91,238.96,0,29.78,339.91,640203,机械设备,szmb,C,2023-10-20,[],0,0,buy,AA-,,8.337,15.483,12.1,buy,2029-09-21,3.069,5.249,164073.86,47158.24,99.27,-26.9,,0,15:34:21,00,Y,N,0,0,Y,,2024-03-27 开始转股,计算使用3.1年期 评级为AA- 债参考YTM：2.2352,N,7.3,全价：310.125 最后更新：15:34:21,,,,0,{'G': '本次（2025年12月8日至2025年12月26日）不提前赎回，以2026年12月26日后的首个交易日起重新计算'},0,0,N,,,buy,buy
2026-08-28 19:31:32,110075,南航转债,nhzz,106.485,0.01,600029,南方航空,nfhk,5.06,0.6,2.47,6.17,82.01,0,29.84,136.33,421001,交通运输,shmb,C,2020-11-03,[],0,0,buy,AAA,,4.319,8.021,8.6,buy,2026-10-15,0.132,58.959,10149.96,29100.88,1.62,0.11,,0,14:59:47,00,Y,N,0,0,Y,,2021-04-21 开始转股,计算使用0.2年期 评级为AAA 债参考YTM：1.4672,N,160.0,全价：106.485 最后更新：14:59:47,,,,1,{'M': ''},0,0,N,,,buy,buy
2026-08-28 19:31:32,118050,航宇转债,hyzz,254.563,-1.55,688239,航宇科技,hykj,48.6,-1.4,4.17,24.81,195.89,0,29.95,284.51,650201,国防军工,shkc,C,2024-09-10,[],0,0,buy,AA-,,17.367,32.253,7.1,buy,2030-08-21,3.984,6.597,28579.87,28457.88,16.84,-17.54,,0,14:59:57,00,Y,N,0,0,Y,,2025-02-27 开始转股,计算使用4.0年期 评级为AA- 债参考YTM：2.3109,N,6.67,全价：254.563 最后更新：14:59:57,,,,0,"{'G': '本次（2026年5月28日至2026年6月17日）不提前赎回，自2026年9月18日为首个交易日重新计算', 'M': ''}",0,0,N,,,buy,buy
2026-08-28 19:31:32,113695,华辰转债,hczz,147.718,-0.98,603097,江苏华辰,jshc,18.91,-1.56,3.88,16.68,113.37,0,30.3,178.02,630801,电力设备,shmb,C,2025-07-10,[],0,0,buy,A+,,11.676,21.684,10.8,buy,2031-06-20,4.814,4.597,3256.55,2861.81,4.77,-4.51,,0,14:59:54,00,Y,N,0,0,Y,,2025-12-26 开始转股,计算使用4.9年期 评级为A+ 债参考YTM：4.7403,N,4.6,全价：147.718 最后更新：14:59:54,,,,0,[],0,0,N,,,buy,buy
2026-08-28 19:31:32,118058,微导转债,wdzz,469.84,-1.52,688147,微导纳米,wdnm,120.02,-1.54,18.51,33.29,360.53,0,30.32,500.16,630505,电力设备,shkc,C,2025-08-27,[],0,0,buy,AA,,23.303,43.277,2.1,buy,2031-08-06,4.943,11.699,102333.24,110857.87,18.29,-25.16,,0,15:00:00,00,Y,N,0,0,Y,,2026-02-12 开始转股,计算使用5.0年期 评级为AA 债参考YTM：1.8677,N,11.7,全价：469.840 最后更新：15:00:00,,,,0,"{'G': '本次（2026年2月12日至2026年3月12日）不提前赎回，以2026年9月13日为首个交易日重新计算', 'M': ''}",0,0,N,,,buy,buy
2026-08-28 19:31:32,123114,三角转债,sjzz,128.836,0.77,300775,三角防务,sjfw,22.39,4.33,2.03,22.69,98.68,0,30.56,159.4,650201,国防军工,szcy,C,2021-06-11,[],0,0,buy,AA-,,15.883,29.497,7.6,buy,2027-05-25,0.74,8.999,10987.07,57357.44,9.43,-14.57,,0,15:34:36,00,Y,N,1,1,Y,转股价下修1次，成功下修1次,2021-11-30 开始转股,计算使用0.8年期 评级为AA- 债参考YTM：1.8035,N,9.044,全价：128.836 最后更新：15:34:36,,,,1,{'M': ''},0,0,N,,,buy,buy
2026-08-28 19:31:32,123104,卫宁转债,wnzz,127.85,0.38,300253,卫宁健康,wnjk,6.87,0.73,2.76,7.02,97.86,0,30.64,158.49,710401,计算机,szcy,C,2021-03-31,[],0,0,buy,AA,,4.914,9.126,7.6,buy,2027-03-16,0.548,9.699,4855.6,39499.66,3.9,-11.26,,0,15:34:39,00,Y,N,2,2,Y,转股价下修2次，成功下修2次,2021-09-22 开始转股,计算使用0.6年期 评级为AA 债参考YTM：1.5529,N,9.703,全价：127.850 最后更新：15:34:39,,,,1,{'M': ''},0,0,N,,,buy,buy
2026-08-28 19:31:32,123149,通裕转债,tyzz,132.889,-0.21,300185,通裕重工,tyzg,2.74,0.74,1.52,2.71,101.11,0,31.43,164.32,630602,电力设备,szcy,C,2022-07-15,[],0,0,buy,AA,,1.897,3.523,10.5,buy,2028-06-20,1.814,11.069,3144.24,14969.08,2.13,-8.27,,0,15:34:42,00,Y,N,0,0,Y,,2022-12-26 开始转股,计算使用1.9年期 评级为AA 债参考YTM：1.6654,N,14.847,全价：132.889 最后更新：15:34:42,,,,1,{'M': ''},0,0,N,,,buy,buy
2026-08-28 19:31:32,111017,蓝天转债,ltzz,133.782,0.3,605368,蓝天燃气,ltrq,6.82,1.19,1.45,6.72,101.49,0,31.82,165.6,410301,公用事业,shmb,C,2023-09-08,[],0,0,buy,AA,,4.704,8.736,13.8,buy,2029-08-15,2.967,6.715,2208.1,4272.18,2.45,-5.53,,0,14:59:41,00,Y,N,1,1,Y,转股价下修1次，成功下修1次,2024-02-21 开始转股,计算使用3.0年期 评级为AA 债参考YTM：1.7246,N,8.7,全价：133.782 最后更新：14:59:41,,,,0,[],0,0,N,,,buy,buy
2026-08-28 19:31:32,123118,惠城转债,hczz,824.0,-4.93,300779,惠城环保,hchb,64.36,-6.08,8.64,10.33,623.04,0,32.25,856.25,760103,环保,szcy,C,2021-07-26,[],0,0,buy,A+,,7.231,13.429,0.4,buy,2027-07-07,0.858,0.654,57828.13,62791.67,104.18,-100.66,,0,15:34:45,00,Y,N,0,0,Y,,2022-01-13 开始转股,计算使用0.9年期 评级为A+ 债参考YTM：4.1758,N,3.2,全价：824.000 最后更新：15:34:45,,,,1,{'M': ''},0,0,N,,,buy,buy
2026-08-28 19:31:32,113052,兴业转债,xyzz,114.547,-0.72,601166,兴业银行,xyyh,17.43,-3.22,0.4,20.13,86.59,0,32.29,146.84,480301,银行,shmb,C,2022-01-14,[],0,0,buy,AAA,,,26.169,11.2,buy,2027-12-27,1.332,413.5,33869.71,421426.05,0.71,-2.17,,0,15:00:00,00,Y,Y,0,0,Y,,2022-06-30 开始转股,计算使用1.4年期 评级为AAA 债参考YTM：1.5476,N,500.0,全价：114.547 最后更新：15:00:00,,,,0,{'M': ''},0,0,N,,,buy,buy
2026-08-28 19:31:32,118064,联瑞转债,lrzz,400.41,-6.12,688300,联瑞新材,lrxc,189.9,1.97,25.67,63.05,301.19,0,32.94,433.35,220901,基础化工,shkc,C,2026-01-28,[],0,0,buy,AA,,44.135,81.965,1.5,buy,2032-01-08,5.367,6.949,344006.39,505649.4,118.05,-21.11,,0,15:00:00,00,Y,N,0,0,Y,,2026-07-14 开始转股,计算使用5.4年期 评级为AA 债参考YTM：1.9346,N,6.95,全价：400.410 最后更新：15:00:00,,,,0,"{'G': '本次（2026年7月14日至2026年8月3日）不提前赎回，以2026年11月4日为首个交易日重新计算', 'M': ''}",0,0,N,,,buy,buy
2026-08-28 19:31:32,127096,泰坦转债,ttzz,545.8,1.87,003036,泰坦股份,ttgf,54.19,0.43,7.81,13.2,410.53,0,32.95,578.75,640206,机械设备,szmb,C,2023-11-15,[],0,0,buy,A,,9.24,17.16,2.4,buy,2029-10-25,3.162,2.875,184500.47,48661.23,116.33,-38.52,,0,15:34:51,00,Y,N,0,0,Y,,2024-05-06 开始转股,计算使用3.2年期 评级为A 债参考YTM：6.9532,N,2.955,全价：545.800 最后更新：15:34:51,,,,0,{'G': '本次（2026年6月12日至2026年7月3日）不提前赎回，以2026年10月3日后首个交易日起重新计算'},0,0,N,,,buy,buy
2026-08-28 19:31:32,123150,九强转债,jqzz,134.511,-0.47,300406,九强生物,jqsw,11.73,-0.34,1.92,11.6,101.12,0,33.02,167.53,370504,医药生物,szcy,C,2022-07-20,[],0,0,buy,AA-,,8.12,15.08,22.5,buy,2028-06-30,1.841,11.21,1377.51,4452.46,0.91,-9.45,,0,15:34:45,00,Y,N,1,1,N,"转股价下修1次，成功下修1次
2026-08-26 至 2026-09-02 期间暂停转股：权益分派
转股价11.600生效日期2026-05-29",2023-01-06 开始转股;2026-08-26 至 2026-09-02 期间暂停转股：权益分派,计算使用1.9年期 评级为AA- 债参考YTM：1.9707,N,11.39,全价：134.511 最后更新：15:34:45,,,,1,{'M': ''},0,0,N,,,buy,buy
2026-08-28 19:31:32,113661,福22转债,f22zz,139.022,-0.6,603806,福斯特,fst,15.23,-0.72,2.37,14.59,104.39,0,33.18,172.2,630504,电力设备,shmb,C,2022-12-22,[],0,0,buy,AA,,10.213,18.967,7.6,buy,2028-11-22,2.238,30.297,5747.75,31242.52,1.36,-8.9,,0,14:59:52,00,Y,N,1,1,Y,转股价下修1次，成功下修1次,2023-05-29 开始转股,计算使用2.3年期 评级为AA 债参考YTM：1.6915,N,30.3,全价：139.022 最后更新：14:59:52,,,,0,{'M': ''},0,0,N,,,buy,buy
2026-08-28 19:31:32,110097,天润转债,trzz,145.668,0.29,600419,天润乳业,trry,8.92,2.41,1.13,8.19,108.91,0,33.75,179.42,340702,食品饮料,shmb,C,2024-11-15,[],0,0,buy,AA,,5.733,10.647,35.1,buy,2030-10-24,4.159,9.89,3942.19,6731.69,2.74,-5.67,,0,14:59:54,00,Y,N,0,0,Y,,2025-04-30 开始转股,计算使用4.2年期 评级为AA 债参考YTM：1.8260,N,9.9,全价：145.668 最后更新：14:59:54,,,,0,[],0,0,N,,,buy,buy
2026-08-28 19:31:32,127095,广泰转债,gtzz,147.828,0.87,002111,威海广泰,whgt,9.75,3.61,1.65,8.83,110.42,0,33.88,181.71,650201,国防军工,szmb,C,2023-11-10,[],0,0,buy,AA-,,6.181,11.479,14.5,buy,2029-10-18,3.143,6.927,3760.18,15208.49,3.66,-6.72,,0,15:34:24,00,Y,N,0,0,Y,,2024-04-24 开始转股,计算使用3.2年期 评级为AA- 债参考YTM：2.2512,N,7.0,全价：147.828 最后更新：15:34:24,,,,0,[],0,0,N,,,buy,buy
2026-08-28 19:31:32,127053,豪美转债,hmzz,190.708,-0.93,002988,豪美新材,hmxc,24.52,0.33,2.25,17.23,142.31,0,34.01,224.72,240301,有色金属,szmb,C,2022-03-04,[],0,0,buy,AA-,,12.061,22.399,4.2,buy,2028-01-24,1.408,2.575,15902.04,19513.02,32.16,-28.12,,0,15:34:36,00,Y,N,1,1,Y,转股价下修1次，成功下修1次,2022-07-28 开始转股,计算使用1.5年期 评级为AA- 债参考YTM：1.9326,N,8.24,全价：190.708 最后更新：15:34:36,,,,1,{'G': '本次（2026年4月30日至2026年5月25日）不提前赎回，以2026年11月25日后首个交易日起重新计算'},0,0,N,,,buy,buy
2026-08-28 19:31:32,110084,贵燃转债,grzz,132.837,0.41,600903,贵州燃气,gzrq,6.36,2.42,2.27,6.42,99.07,0,34.09,166.93,410301,公用事业,shmb,C,2022-01-18,[],0,0,buy,AA,,4.494,8.346,11.0,buy,2027-12-27,1.332,8.157,5716.25,20482.67,5.27,-12.28,,0,14:59:54,00,Y,N,2,2,Y,转股价下修2次，成功下修2次,2022-07-01 开始转股,计算使用1.4年期 评级为AA 债参考YTM：1.6377,N,10.0,全价：132.837 最后更新：14:59:54,,,,1,{'M': ''},0,0,N,,,buy,buy
2026-08-28 19:31:32,118051,皓元转债,hyzz,312.181,-0.74,688131,皓元医药,hyyy,93.58,-2.79,6.02,40.22,232.67,0,34.17,346.35,370603,医药生物,shkc,C,2024-12-19,[],0,0,buy,AA-,,28.154,52.286,4.1,buy,2030-11-28,4.255,8.218,20714.02,32304.97,8.04,-20.84,,0,14:59:58,00,Y,N,0,0,Y,,2025-06-04 开始转股,计算使用4.3年期 评级为AA- 债参考YTM：2.3383,N,8.223,全价：312.181 最后更新：14:59:58,,,,0,"{'G': '本次（2026年5月20日至2026年6月9日）不提前赎回，以2026年10月12日为首个交易日重新计算', 'M': ''}",0,0,Y,,,buy,buy
2026-08-28 19:31:32,118030,睿创转债,rczz,564.858,-1.67,688002,睿创微纳,rcwn,161.7,0.0,9.29,38.66,418.26,0,35.05,599.91,270105,电子,shkc,C,2023-02-10,[],0,0,buy,AA,,27.062,50.258,1.7,buy,2028-12-30,2.343,12.622,30564.21,114033.68,4.23,-50.06,,0,14:59:57,00,Y,N,0,0,Y,,2023-07-06 开始转股,计算使用2.4年期 评级为AA 债参考YTM：1.6966,N,15.647,全价：564.858 最后更新：14:59:57,,,,0,"{'G': '本次（2026年3月18日至2026年4月8日）不提前赎回，以2027年4月9日为首个交易日重新计算', 'M': ''}",0,0,N,,,buy,buy
2026-08-28 19:31:32,123173,恒锋转债,hfzz,138.27,-0.03,300605,恒锋信息,hfxx,10.19,-0.39,3.87,10.0,101.9,0,35.69,173.96,710401,计算机,szcy,C,2023-02-08,[],0,0,buy,BBB+,,7.0,13.0,18.1,buy,2028-12-30,2.343,2.33,2961.18,6997.5,9.14,-6.24,,0,15:34:48,00,Y,N,1,1,Y,转股价下修1次，成功下修1次,2023-07-06 开始转股,计算使用2.4年期 评级为BBB+ 债参考YTM：12.2683,N,2.424,全价：138.270 最后更新：15:34:48,,,,0,[],0,0,N,,,buy,buy
2026-08-28 19:31:32,127037,银轮转债,ylzz,542.244,-2.17,002126,银轮股份,ylgf,40.92,-3.26,4.6,10.27,398.44,0,36.09,578.33,280203,汽车,szmb,C,2021-07-09,[],0,0,buy,AA,,7.189,13.351,1.5,buy,2027-06-07,0.775,5.055,14067.51,55575.61,5.07,-102.82,,0,15:34:45,00,Y,N,0,0,Y,,2021-12-13 开始转股,计算使用0.8年期 评级为AA 债参考YTM：1.5628,N,7.0,全价：542.244 最后更新：15:34:45,,,,1,"{'G': '本次（2026年5月27日至2026年6月16日）不提前赎回，2027年5月16日后首个交易日重新计算', 'M': ''}",0,0,N,,,buy,buy
2026-08-28 19:31:32,118035,国力转债,glzz,163.576,-1.34,688103,国力电子,gldz,74.84,-3.08,6.19,62.31,120.11,0,36.19,199.77,270401,电子,shkc,C,2023-07-06,[],0,0,buy,A+,,43.617,81.003,6.7,buy,2029-06-12,2.792,4.799,10938.07,17397.36,13.75,-11.11,,0,14:59:58,00,Y,N,0,0,Y,,2023-12-18 开始转股,计算使用2.8年期 评级为A+ 债参考YTM：4.5124,N,4.8,全价：163.576 最后更新：14:59:58,,,,0,{'M': ''},0,0,N,,,buy,buy
2026-08-28 19:31:32,123124,晶瑞转2,jrz2,140.9,-1.41,300655,晶瑞电材,jrdc,13.21,0.53,5.5,12.79,103.28,0,36.42,177.32,270601,电子,szcy,C,2021-09-07,[],0,0,buy,A+,,8.953,16.627,3.5,buy,2027-08-16,0.967,5.224,5582.11,57064.57,7.49,-24.88,,1,15:34:24,00,Y,N,1,1,Y,转股价下修1次，成功下修1次,2022-02-21 开始转股,计算使用1.0年期 评级为A+ 债参考YTM：4.1964,N,5.23,全价：140.900 最后更新：15:34:24,,,,1,{'M': ''},0,0,N,,23年6月前不下修,buy,buy
2026-08-28 19:31:32,123080,海波转债,hbzz,125.644,0.0,300517,海波重科,hbzk,10.37,0.19,2.0,11.28,91.93,0,36.67,162.31,620401,建筑装饰,szcy,C,2020-12-22,[],0,0,buy,A+,,7.896,14.664,11.3,buy,2026-12-02,0.263,1.485,1106.7,3559.45,5.92,-17.26,,0,15:34:30,00,Y,N,0,0,Y,,2021-06-08 开始转股,计算使用0.3年期 评级为A+ 债参考YTM：4.0672,N,2.45,全价：125.644 最后更新：15:34:30,,,,1,[],0,0,N,,,buy,buy
2026-08-28 19:31:32,123131,奥飞转债,afzz,280.22,-1.53,300738,奥飞数据,afsj,20.57,-1.39,5.45,10.05,204.68,0,36.91,317.13,730104,通信,szcy,C,2021-12-22,[],0,0,buy,A+,,7.035,13.065,1.6,buy,2027-12-03,1.266,3.159,38629.52,92392.74,42.66,-50.17,,0,15:34:36,00,Y,N,0,0,Y,,2022-06-09 开始转股,计算使用1.3年期 评级为A+ 债参考YTM：4.2439,N,6.35,全价：280.220 最后更新：15:34:36,,,,1,"{'G': '本次（2026年5月21日至2026年6月10日）不提前赎回，以2026年12月10日后的首个交易日重新计算', 'M': ''}",0,0,N,,,buy,buy
2026-08-28 19:31:32,123194,百洋转债,byzz,138.986,1.01,301015,百洋医药,byyy,25.15,2.24,5.11,24.79,101.45,0,37.0,175.99,370402,医药生物,szcy,C,2023-05-05,[],0,0,buy,AA-,,17.353,32.227,6.4,buy,2029-04-14,2.63,8.459,9430.7,27198.72,7.99,-6.6,,0,15:33:54,00,Y,N,0,0,Y,,2023-10-20 开始转股,计算使用2.7年期 评级为AA- 债参考YTM：2.1382,N,8.6,全价：138.986 最后更新：15:33:54,,,,0,{'M': ''},0,0,N,,,buy,buy
2026-08-28 19:31:32,113640,苏利转债,slzz,133.762,0.83,603585,苏利股份,slgf,10.57,2.62,1.01,10.84,97.51,0,37.18,170.94,220803,基础化工,shmb,C,2022-03-10,[],0,0,buy,AA-,,7.588,14.092,25.8,buy,2028-02-16,1.471,7.39,4334.05,5364.16,4.38,-8.81,,0,14:59:06,00,Y,N,2,2,Y,转股价下修2次，成功下修2次,2022-08-22 开始转股,计算使用1.5年期 评级为AA- 债参考YTM：1.9326,N,9.572,全价：133.762 最后更新：14:59:06,,,,1,[],0,0,N,,,buy,buy
2026-08-28 19:31:32,113677,华懋转债,hmzz,314.843,-3.08,603306,华懋科技,hmkj,77.06,-0.53,6.65,33.66,228.94,0,37.52,352.36,280202,汽车,shmb,C,2023-10-12,[],0,0,buy,AA-,,23.562,43.758,4.1,buy,2029-09-14,3.049,10.489,71276.62,103508.51,20.99,-28.27,,0,14:59:58,00,Y,N,0,0,Y,,2024-03-20 开始转股,计算使用3.1年期 评级为AA- 债参考YTM：2.2352,N,10.5,全价：314.843 最后更新：14:59:58,,,,0,"{'G': '本次（2026年6月29日至2026年7月17日）不提前赎回，自2026年10月17日之后的首个交易日重新起算', 'M': ''}",0,0,N,,,buy,buy
2026-08-28 19:31:32,123257,安克转债,akzz,159.952,-0.82,300866,安克创新,akcx,124.1,-1.66,6.53,106.72,116.29,0,37.55,197.5,270503,电子,szcy,C,2025-07-04,[],0,0,buy,AA+,,74.704,138.736,2.9,buy,2031-06-16,4.803,11.046,4886.33,56340.14,2.75,-7.2,,0,15:34:15,00,Y,N,0,0,Y,,2025-12-22 开始转股,计算使用4.9年期 评级为AA+ 债参考YTM：1.8032,N,11.048,全价：159.952 最后更新：15:34:15,,,,0,{'M': ''},0,0,N,,,buy,buy
2026-08-28 19:31:32,113686,泰瑞转债,trzz,154.182,0.14,603289,泰瑞机器,trjq,8.96,1.13,1.76,8.0,112.0,0,37.66,191.84,640209,机械设备,shmb,C,2024-07-24,[],0,0,buy,AA-,,5.6,10.4,12.8,buy,2030-07-02,3.847,3.363,6103.4,3468.61,11.68,-6.52,,0,14:59:49,00,Y,N,0,0,Y,,2025-01-08 开始转股,计算使用3.9年期 评级为AA- 债参考YTM：2.3025,N,3.378,全价：154.182 最后更新：14:59:49,,,,0,[],0,0,N,,,buy,buy
2026-08-28 19:31:32,118036,力合转债,lhzz,144.157,-0.7,688589,力合微,lhw,19.37,-0.72,2.68,18.5,104.7,0,37.68,181.84,270104,电子,shkc,C,2023-07-20,[],0,0,buy,AA-,,12.95,24.05,13.5,buy,2029-06-28,2.836,3.8,4198.18,5699.52,7.62,-6.78,,0,14:59:39,00,Y,N,2,2,Y,转股价下修2次，成功下修2次,2024-01-04 开始转股,计算使用2.9年期 评级为AA- 债参考YTM：2.1904,N,3.8,全价：144.157 最后更新：14:59:39,,,,0,{'M': ''},0,0,N,,,buy,buy
2026-08-28 19:31:32,127082,亚科转债,ykzz,136.36,0.06,002540,亚太科技,ytkj,5.17,0.98,1.15,5.22,99.04,0,37.68,174.04,240301,有色金属,szmb,C,2023-04-27,[],0,0,buy,AA,,3.654,6.786,26.1,buy,2029-03-09,2.532,11.585,4135.61,4226.48,2.62,-6.52,,0,15:34:48,00,Y,N,0,0,Y,,2023-09-15 开始转股,计算使用2.6年期 评级为AA 债参考YTM：1.7060,N,11.59,全价：136.360 最后更新：15:34:48,,,,0,[],0,0,N,,,buy,buy
2026-08-28 19:31:32,111012,福新转债,fxzz,360.91,-1.09,605488,福莱新材,flxc,29.1,-1.36,3.84,11.11,261.93,0,37.79,398.7,220505,基础化工,shmb,C,2023-02-07,[],0,0,buy,A+,,7.777,14.443,1.3,buy,2029-01-04,2.356,1.016,15483.78,12459.57,41.86,-37.98,,0,14:59:59,00,Y,N,0,0,Y,,2023-07-10 开始转股,计算使用2.4年期 评级为A+ 债参考YTM：4.4025,N,4.29,全价：360.910 最后更新：14:59:59,,,,0,{'G': '本次（2026年6月22日至2026年7月10日）不提前赎回，自2026年10月10日之后的首个交易日重新起算'},0,0,N,,,buy,buy
2026-08-28 19:31:32,118007,山石转债,sszz,142.109,0.19,688030,山石网科,sswk,17.01,0.35,4.31,16.5,103.09,0,37.85,179.96,710402,计算机,shkc,C,2022-04-21,[],0,0,buy,A-,,11.55,21.45,8.7,buy,2028-03-22,1.567,2.671,9265.61,9932.64,23.93,-12.07,,0,14:59:58,00,Y,N,1,1,Y,转股价下修1次，成功下修1次,2022-09-28 开始转股,计算使用1.6年期 评级为A- 债参考YTM：8.9783,N,2.674,全价：142.109 最后更新：14:59:58,,,,1,{'M': ''},0,0,N,,,buy,buy
2026-08-28 19:31:32,127088,赫达转债,hdzz,180.0,-0.55,002810,山东赫达,sdhd,21.63,0.6,3.2,16.61,130.22,0,38.22,218.22,220309,基础化工,szmb,C,2023-07-19,[],0,0,buy,AA-,,11.627,21.593,8.6,buy,2029-07-03,2.849,5.996,2336.37,7339.84,2.16,-13.83,,0,15:34:06,00,Y,N,0,0,Y,,2024-01-08 开始转股,计算使用2.9年期 评级为AA- 债参考YTM：2.1904,N,6.0,全价：180.000 最后更新：15:34:06,,,,0,"{'G': '本次（2026年3月30日至2026年4月20日）不提前赎回，自2026年10月21日起重新计算', 'M': ''}",0,0,N,,,buy,buy
2026-08-28 19:31:32,127050,麒麟转债,qlzz,130.047,-0.27,002984,森麒麟,sql,14.17,0.28,1.06,15.07,94.03,0,38.31,168.36,280204,汽车,szmb,C,2021-12-06,[],0,0,buy,AA,,10.549,19.591,20.6,buy,2027-11-11,1.206,20.86,2738.24,9981.35,1.01,-11.95,,0,15:34:51,00,Y,N,2,2,Y,转股价下修2次，成功下修2次,2022-05-17 开始转股,计算使用1.3年期 评级为AA 债参考YTM：1.6304,N,21.989,全价：130.047 最后更新：15:34:51,,,,1,{'M': ''},0,0,N,,,buy,buy
2026-08-28 19:31:32,110092,三房转债,sfzz,74.426,1.22,600370,*ST三房,sfx,1.62,3.18,1.26,3.02,53.64,0,38.74,113.17,220401,基础化工,shmb,C,2023-02-07,[],0,0,buy,A-,,2.114,3.926,32.5,buy,2029-01-06,2.362,21.185,11751.48,6064.58,7.43,19.95,,0,14:59:57,00,Y,N,0,0,Y,,2023-07-12 开始转股,计算使用2.4年期 评级为A- 债参考YTM：9.1025,N,25.0,全价：74.426 最后更新：14:59:57,,,,0,[],0,0,N,,,buy,buy
2026-08-28 19:31:32,113646,永吉转债,yjzz,162.528,0.12,603058,永吉股份,yjgf,9.38,1.19,3.42,8.05,116.52,0,39.48,202.01,360205,轻工制造,shmb,C,2022-05-17,[],0,0,buy,AA-,,5.635,10.465,3.5,buy,2028-04-14,1.63,1.372,3297.56,4884.44,14.76,-21.45,,0,14:59:52,00,Y,N,0,0,Y,,2022-10-20 开始转股,计算使用1.7年期 评级为AA- 债参考YTM：1.9512,N,1.459,全价：162.528 最后更新：14:59:52,,,,1,[],0,0,N,,,buy,buy
2026-08-28 19:31:32,113048,晶科转债,jkzz,115.788,-0.48,601778,晶科科技,jkkj,3.71,-0.54,0.83,4.47,83.0,0,39.51,155.3,410106,公用事业,shmb,C,2021-05-31,[],0,0,buy,AA,,3.129,5.811,11.2,buy,2027-04-23,0.652,15.453,4057.28,26510.44,2.26,-5.04,,0,14:59:49,00,Y,N,2,2,Y,转股价下修2次，成功下修2次,2021-10-29 开始转股,计算使用0.7年期 评级为AA 债参考YTM：1.5562,N,30.0,全价：115.788 最后更新：14:59:49,,,,1,{'M': ''},0,0,N,,,buy,buy
2026-08-28 19:31:32,123176,精测转2,jcz2,467.0,-2.3,300567,精测电子,jcdz,215.6,-2.8,10.37,64.51,334.21,0,39.73,506.73,640107,机械设备,szcy,C,2023-03-22,[],0,0,buy,AA-,,45.157,83.863,2.6,buy,2029-03-02,2.512,12.753,77104.55,116941.59,12.67,-43.09,,0,15:34:48,00,Y,N,0,0,Y,,2023-09-08 开始转股,计算使用2.6年期 评级为AA- 债参考YTM：2.1115,N,12.76,全价：467.000 最后更新：15:34:48,,,,0,"{'G': '本次（2026年7月16日至2026年8月5日）不提前赎回，自2027年2月5日后首个交易日重新计算', 'M': ''}",0,0,N,,,buy,buy
2026-08-28 19:31:32,118044,赛特转债,stzz,150.331,-0.23,688398,赛特新材,stxc,20.25,-0.49,2.99,18.85,107.43,0,39.94,190.27,220309,基础化工,shkc,C,2023-10-12,[],0,0,buy,A+,,13.195,24.505,13.0,buy,2029-09-11,3.041,4.42,3191.9,2740.22,4.77,-7.99,,0,14:59:39,00,Y,N,1,1,Y,转股价下修1次，成功下修1次,2024-03-15 开始转股,计算使用3.1年期 评级为A+ 债参考YTM：4.5862,N,4.42,全价：150.331 最后更新：14:59:39,,,,0,"{'G': '本次（2026年3月10日至2026年4月20日）不提前赎回，以2026年10月21日起算', 'M': ''}",0,0,N,,,buy,buy
2026-08-28 19:31:32,123222,博俊转债,bjzz,150.639,0.46,300926,博俊科技,bjkj,17.63,2.62,2.05,16.46,107.11,0,40.64,191.28,280205,汽车,szcy,C,2023-09-28,[],0,0,buy,A+,,11.522,21.398,4.6,buy,2029-09-08,3.033,2.438,3746.81,9162.93,10.13,-7.55,,0,15:34:06,00,Y,N,0,0,Y,,2024-03-14 开始转股,计算使用3.1年期 评级为A+ 债参考YTM：4.5862,N,5.0,全价：150.639 最后更新：15:34:06,,,,0,{'M': ''},0,0,N,,,buy,buy
2026-08-28 19:31:32,123065,宝莱转债,blzz,114.95,0.0,300246,宝莱特,blt,14.95,-1.84,3.59,18.3,81.69,0,40.71,155.66,370502,医药生物,szcy,C,2020-09-24,[],0,0,buy,AA-,,12.81,23.79,6.9,buy,2026-09-04,0.019,2.174,11130.22,18209.38,44.54,2.65,,0,15:34:24,00,Y,N,2,2,Y,转股价下修2次，成功下修2次,2021-03-11 开始转股,计算使用0.1年期 评级为AA- 债参考YTM：1.6919,N,2.19,全价：114.950 最后更新：15:34:24,,,,0,{'R': '到期\n最后交易日：2026-08-31\n最后转股日：2026-09-03\n债券到期日：2026-09-04\n到期赎回价：115.000元/张'},0,0,N,,,buy,buy
2026-08-28 19:31:32,113636,甬金转债,yjzz,135.301,-0.42,603995,甬金股份,yjgf,25.18,0.32,1.51,26.22,96.03,0,40.89,176.19,230501,钢铁,shmb,C,2021-12-31,[],0,0,buy,AA-,,18.354,34.086,10.9,buy,2027-12-13,1.293,9.995,3693.62,13626.18,2.73,-10.49,,0,14:59:59,00,Y,N,1,1,Y,转股价下修1次，成功下修1次,2022-06-17 开始转股,计算使用1.3年期 评级为AA- 债参考YTM：1.9098,N,10.0,全价：135.301 最后更新：14:59:59,,,,1,{'M': ''},0,0,N,,,buy,buy
2026-08-28 19:31:32,127060,湘佳转债,xjzz,129.841,-0.18,002982,湘佳股份,xjgf,12.68,0.96,1.52,13.8,91.88,0,41.31,171.15,110703,农林牧渔,szmb,C,2022-06-10,[],0,0,buy,A+,,9.66,17.94,38.8,buy,2028-04-19,1.644,6.399,1672.91,3710.1,2.01,-8.87,,0,15:34:27,00,Y,N,1,1,Y,转股价下修1次，成功下修1次,2022-10-25 开始转股,计算使用1.7年期 评级为A+ 债参考YTM：4.2887,N,6.4,全价：129.841 最后更新：15:34:27,,,,0,[],0,0,N,,,buy,buy
2026-08-28 19:31:32,111022,锡振转债,xzzz,166.258,-0.99,605319,无锡振华,wxzh,26.33,-0.23,3.18,22.39,117.6,0,41.38,207.64,280205,汽车,shmb,C,2025-07-14,[],0,0,buy,AA-,,15.673,29.107,5.7,buy,2031-06-18,4.808,5.197,2855.22,6645.95,3.29,-7.05,,0,14:59:46,00,Y,N,0,0,Y,,2025-12-24 开始转股,计算使用4.9年期 评级为AA- 债参考YTM：2.3891,N,5.2,全价：166.258 最后更新：14:59:46,,,,0,[],0,0,N,,,buy,buy
2026-08-28 19:31:32,127031,洋丰转债,yfzz,123.048,-0.46,000902,新洋丰,xyf,14.59,1.39,1.45,16.79,86.9,0,41.6,164.65,220805,基础化工,szmb,C,2021-04-23,[],0,0,buy,AA,,11.753,21.827,6.0,buy,2027-03-25,0.573,9.999,3021.52,37017.85,2.45,-15.76,,0,15:34:42,00,Y,N,1,1,Y,转股价下修1次，成功下修1次,2021-10-08 开始转股,计算使用0.6年期 评级为AA 债参考YTM：1.5529,N,10.0,全价：123.048 最后更新：15:34:42,,,,1,{'M': ''},0,0,N,,,buy,buy
2026-08-28 19:31:32,123088,威唐转债,wtzz,116.08,-0.21,300707,威唐工业,wtgy,12.25,0.0,1.84,14.97,81.83,0,41.85,157.93,280205,汽车,szcy,C,2021-01-06,[],0,0,buy,A+,,10.479,19.461,17.1,buy,2026-12-15,0.299,3.004,1298.3,2488.58,3.72,-3.14,,0,15:34:24,00,Y,N,1,1,Y,转股价下修1次，成功下修1次,2021-06-21 开始转股,计算使用0.3年期 评级为A+ 债参考YTM：4.0672,N,3.014,全价：116.080 最后更新：15:34:24,,,,1,[],0,0,N,,,buy,buy
2026-08-28 19:31:32,127064,杭氧转债,hyzz,144.399,1.76,002430,杭氧股份,hygf,26.11,5.92,2.51,25.67,101.71,0,41.97,186.37,220309,基础化工,szmb,C,2022-07-05,[],0,0,buy,AA+,,17.969,33.371,4.5,buy,2028-05-19,1.726,11.364,22305.87,118441.29,13.61,-14.82,,0,15:34:18,00,Y,N,1,1,Y,转股价下修1次，成功下修1次,2022-11-25 开始转股,计算使用1.8年期 评级为AA+ 债参考YTM：1.6283,N,11.37,全价：144.399 最后更新：15:34:18,,,,1,{'M': ''},0,0,N,,,buy,buy
2026-08-28 19:31:32,113610,灵康转债,lkzz,120.133,-0.17,603669,灵康药业,lkyy,5.49,-1.26,6.1,6.5,84.46,0,42.23,162.36,370102,医药生物,shmb,C,2020-12-22,[],0,0,buy,A-,,4.55,8.45,6.5,buy,2026-12-01,0.26,2.528,1208.41,10205.89,3.98,-16.59,,0,14:59:53,00,Y,N,2,2,Y,转股价下修2次，成功下修2次,2021-06-07 开始转股,计算使用0.3年期 评级为A- 债参考YTM：8.7672,N,5.25,全价：120.133 最后更新：14:59:53,,,,1,[],0,0,N,,,buy,buy
2026-08-28 19:31:32,123225,翔丰转债,xfzz,141.726,-0.82,300890,翔丰华,xfh,27.23,-1.73,1.41,27.34,99.6,0,42.3,184.03,630702,电力设备,szcy,C,2023-10-26,[],0,0,buy,AA-,,19.138,35.542,18.8,buy,2029-10-10,3.121,5.585,2755.76,17149.62,3.46,-4.66,,0,15:34:42,00,Y,N,1,1,Y,转股价下修1次，成功下修1次,2024-04-16 开始转股,计算使用3.2年期 评级为AA- 债参考YTM：2.2512,N,8.0,全价：141.726 最后更新：15:34:42,,,,0,{'M': ''},0,0,N,,,buy,buy
2026-08-28 19:31:32,123209,聚隆转债,jlzz,168.973,1.86,300644,南京聚隆,njjl,20.8,1.96,2.08,17.52,118.72,0,42.33,211.3,220503,基础化工,szcy,C,2023-08-17,[],0,0,buy,A+,,12.264,22.776,9.1,buy,2029-07-26,2.912,1.672,15167.51,5128.17,53.36,-12.03,,0,15:34:03,00,Y,N,0,0,Y,,2024-02-01 开始转股,计算使用3.0年期 评级为A+ 债参考YTM：4.5646,N,2.185,全价：168.973 最后更新：15:34:03,,,,0,[],0,0,N,,,buy,buy
2026-08-28 19:31:32,123199,山河转债,shzz,141.742,-0.52,300452,山河药辅,shyf,12.93,-0.08,2.93,13.0,99.46,0,42.51,184.25,370101,医药生物,szcy,C,2023-07-07,[],0,0,buy,A+,,9.1,16.9,12.4,buy,2029-06-12,2.792,3.197,2210.64,6084.04,4.86,-8.37,,0,15:34:00,00,Y,N,1,1,Y,转股价下修1次，成功下修1次,2023-12-18 开始转股,计算使用2.8年期 评级为A+ 债参考YTM：4.5124,N,3.2,全价：141.742 最后更新：15:34:00,,,,0,[],0,0,N,,,buy,buy
2026-08-28 19:31:32,127055,精装转债,jzzz,186.0,0.0,002989,中天精装,ztjz,24.08,1.6,3.38,18.5,130.16,0,42.9,228.9,620201,建筑装饰,szmb,C,2022-03-24,[],0,0,buy,AA-,,12.95,24.05,4.4,buy,2028-02-22,1.488,2.081,19666.33,16750.83,49.99,-27.04,,0,15:34:24,00,Y,N,0,0,Y,,2022-08-29 开始转股,计算使用1.5年期 评级为AA- 债参考YTM：1.9326,N,5.77,全价：186.000 最后更新：15:34:24,,,,1,{'G': '本次（2026年2月24日至2026年3月16日）不提前赎回，自2027年3月16日后首个交易日重新计算'},0,0,N,,,buy,buy
2026-08-28 19:31:32,123258,胜蓝转02,slz2,354.919,-0.72,300843,胜蓝股份,slgf,134.5,-2.17,12.76,54.36,247.43,0,43.45,398.37,270504,电子,szcy,C,2025-09-10,[],0,0,buy,AA-,,38.052,70.668,2.1,buy,2031-08-28,5.0,4.498,68009.19,78723.04,42.29,-20.03,,0,15:34:21,00,Y,N,0,0,Y,,2026-03-03 开始转股,计算使用5.0年期 评级为AA- 债参考YTM：2.3977,N,4.5,全价：354.919 最后更新：15:34:21,,,,0,{'M': ''},0,0,N,,,buy,buy
2026-08-28 19:31:32,113070,渝水转债,yszz,126.594,-0.37,601158,重庆水务,cqsw,4.16,0.73,1.14,4.72,88.14,0,43.64,170.23,760102,环保,shmb,C,2025-02-13,[],0,0,buy,AAA,,3.304,6.136,9.5,buy,2031-01-09,4.37,18.998,5718.64,2604.57,2.37,-2.94,,0,14:58:49,00,Y,N,0,0,Y,,2025-07-15 开始转股,计算使用4.4年期 评级为AAA 债参考YTM：1.7330,N,19.0,全价：126.594 最后更新：14:58:49,,,,0,{'M': ''},0,0,N,,,buy,buy
2026-08-28 19:31:32,110087,天业转债,tyzz,125.901,0.16,600075,新疆天业,xjty,4.9,4.48,0.9,5.6,87.5,0,43.89,169.79,220202,基础化工,shmb,C,2022-07-19,[],0,0,buy,AA+,,3.92,7.28,35.8,buy,2028-06-23,1.822,29.975,7188.77,12557.88,1.9,-7.31,,0,14:58:45,00,Y,N,1,1,Y,转股价下修1次，成功下修1次,2022-12-29 开始转股,计算使用1.9年期 评级为AA+ 债参考YTM：1.6351,N,30.0,全价：125.901 最后更新：14:58:45,,,,1,{'M': ''},0,0,N,,,buy,buy
2026-08-28 19:31:32,127034,绿茵转债,lyzz,122.2,-0.41,002887,绿茵生态,lyst,9.51,-2.06,1.23,11.21,84.84,0,44.04,166.24,760104,环保,szmb,C,2021-05-28,[],0,0,buy,AA-,,7.847,14.573,20.7,buy,2027-04-30,0.671,4.279,3241.52,3532.9,6.17,-11.26,,0,15:34:27,00,Y,N,0,0,Y,,2021-11-11 开始转股,计算使用0.7年期 评级为AA- 债参考YTM：1.7972,N,7.12,全价：122.200 最后更新：15:34:27,,,,1,[],0,0,N,,,buy,buy
2026-08-28 19:31:32,113704,春风转债,cfzz,178.048,-1.57,603129,春风动力,cfdl,297.99,-2.02,5.7,241.7,123.29,109,44.41,222.46,280402,汽车,shmb,C,2026-07-07,[],0,0,buy,AA+,,169.19,314.21,4.8,buy,2032-06-09,5.786,21.79,11144.07,41592.81,2.85,-7.74,,0,15:00:00,00,Y,N,0,0,Y,,未到转股期；2026-12-16 开始转股,计算使用5.8年期 评级为AA+ 债参考YTM：1.8932,N,21.79,全价：178.048 最后更新：15:00:00,,,,0,{'M': ''},0,0,N,,,buy,buy
2026-08-28 19:31:32,123171,共同转债,gtzz,131.829,-0.29,300966,共同药业,gtyy,24.68,-0.68,3.58,27.08,91.14,0,44.65,176.48,370101,医药生物,szcy,C,2022-12-16,[],0,0,buy,A-,,18.956,35.204,20.1,buy,2028-11-28,2.255,3.799,1600.7,4891.05,3.19,-4.43,,0,15:34:45,00,Y,N,0,0,Y,,2023-06-02 开始转股,计算使用2.3年期 评级为A- 债参考YTM：9.0779,N,3.8,全价：131.829 最后更新：15:34:45,,,,0,{'M': ''},0,0,N,,,buy,buy
2026-08-28 19:31:32,123172,漱玉转债,syzz,131.154,0.01,301017,漱玉平民,sypm,13.49,0.75,2.6,14.91,90.48,0,44.96,176.11,370403,医药生物,szcy,C,2023-01-06,[],0,0,buy,AA-,,10.437,19.383,22.8,buy,2028-12-15,2.301,7.96,3466.77,11474.85,3.31,-5.11,,0,15:34:36,00,Y,N,1,1,Y,转股价下修1次，成功下修1次,2023-06-21 开始转股,计算使用2.4年期 评级为AA- 债参考YTM：2.0599,N,8.0,全价：131.154 最后更新：15:34:36,,,,0,{'M': ''},0,0,N,,,buy,buy
2026-08-28 19:31:32,127099,盛航转债,shzz,136.401,0.14,001205,盛航股份,shgf,14.41,0.07,1.23,15.33,94.0,0,45.11,181.51,421101,交通运输,szmb,C,2023-12-28,[],0,0,buy,AA-,,10.731,19.929,18.9,buy,2029-12-06,3.277,4.541,2151.54,3401.66,3.47,-3.99,,0,15:34:36,00,Y,N,1,1,Y,转股价下修1次，成功下修1次,2024-06-12 开始转股,计算使用3.3年期 评级为AA- 债参考YTM：2.2635,N,7.4,全价：136.401 最后更新：15:34:36,,,,0,[],0,0,N,,,buy,buy
2026-08-28 19:31:32,123158,宙邦转债,zbzz,235.7,-0.56,300037,新宙邦,xzb,65.41,0.03,4.31,40.49,161.55,0,45.9,281.6,630702,电力设备,szcy,C,2022-10-21,[],0,0,buy,AA,,28.343,52.637,5.0,buy,2028-09-26,2.082,18.046,29457.4,104812.79,6.77,-30.08,,0,15:34:48,00,Y,N,0,0,Y,,2023-03-30 开始转股,计算使用2.1年期 评级为AA 债参考YTM：1.6795,N,19.7,全价：235.700 最后更新：15:34:48,,,,0,"{'G': '本次（2026年7月23日至2026年8月12日）不提前赎回，自2027年2月12日后首个交易日重新计算', 'M': ''}",0,0,N,,,buy,buy
2026-08-28 19:31:32,123211,阳谷转债,ygzz,156.27,-0.84,300121,阳谷华泰,yght,9.85,-0.2,1.2,9.2,107.07,0,45.96,202.23,220604,基础化工,szcy,C,2023-08-14,[],0,0,buy,AA-,,6.44,11.96,7.3,buy,2029-07-27,2.915,3.07,2742.15,6953.81,5.69,-9.18,,0,15:34:00,00,Y,N,0,0,Y,,2024-02-02 开始转股,计算使用3.0年期 评级为AA- 债参考YTM：2.2146,N,6.5,全价：156.270 最后更新：15:34:00,,,,0,[],0,0,N,,,buy,buy
2026-08-28 19:31:32,123157,科蓝转债,klzz,141.5,0.65,300663,科蓝软件,klrj,8.51,-1.16,10.84,8.8,96.71,0,46.32,187.82,710401,计算机,szcy,C,2022-09-20,[],0,0,buy,A-,,6.16,11.44,6.0,buy,2028-08-30,2.008,2.34,48371.45,48321.39,143.6,-8.52,,0,15:34:30,00,Y,N,2,2,Y,转股价下修2次，成功下修2次,2023-03-06 开始转股,计算使用2.1年期 评级为A- 债参考YTM：9.0371,N,4.946,全价：141.500 最后更新：15:34:30,,,,1,{'M': ''},0,0,N,,,buy,buy
2026-08-28 19:31:32,113067,燃23转债,r23zz,129.123,-0.26,601139,深圳燃气,szrq,6.38,0.47,1.09,7.24,88.12,0,46.53,175.65,410301,公用事业,shmb,C,2023-08-18,[],0,0,buy,AAA,,5.068,9.412,16.3,buy,2029-07-27,2.915,29.999,2548.98,10135.27,0.66,-5.42,,0,14:58:57,00,Y,N,0,0,Y,,2024-02-02 开始转股,计算使用3.0年期 评级为AAA 债参考YTM：1.6346,N,30.0,全价：129.123 最后更新：14:58:57,,,,0,{'M': ''},0,0,N,,,buy,buy
2026-08-28 19:31:32,123144,裕兴转债,yxzz,130.906,-0.22,300305,裕兴股份,yxgf,6.25,1.96,1.17,7.0,89.29,0,46.61,177.52,220505,基础化工,szcy,C,2022-04-27,[],0,0,buy,A,,4.9,9.1,29.8,buy,2028-04-11,1.622,5.997,1972.86,6617.48,2.5,-6.77,,0,15:34:39,00,Y,N,2,2,Y,转股价下修2次，成功下修2次,2022-10-17 开始转股,计算使用1.7年期 评级为A 债参考YTM：6.6387,N,6.0,全价：130.906 最后更新：15:34:39,,,,1,[],0,0,N,,,buy,buy
2026-08-28 19:31:32,118013,道通转债,dtzz,178.031,0.15,688208,道通科技,dtkj,26.04,1.05,4.44,21.48,121.23,0,46.86,224.89,710103,计算机,shkc,C,2022-07-28,[],0,0,buy,AA,,15.036,27.924,7.3,buy,2028-07-08,1.863,12.796,10019.82,26722.8,4.4,-20.41,,0,14:59:48,00,Y,N,0,0,Y,,2023-01-16 开始转股,计算使用1.9年期 评级为AA 债参考YTM：1.6654,N,12.8,全价：178.031 最后更新：14:59:48,,,,1,{'M': ''},0,0,N,,,buy,buy
2026-08-28 19:31:32,123133,佩蒂转债,pdzz,131.987,1.37,300673,佩蒂股份,pdgf,13.48,5.23,1.84,15.0,89.87,0,46.87,178.86,110404,农林牧渔,szcy,C,2022-01-21,[],0,0,buy,AA-,,10.5,19.5,33.3,buy,2027-12-22,1.318,7.198,5143.0,7012.26,5.43,-8.86,,0,15:34:39,00,Y,N,2,2,Y,转股价下修2次，成功下修2次,2022-06-28 开始转股,计算使用1.4年期 评级为AA- 债参考YTM：1.9221,N,7.2,全价：131.987 最后更新：15:34:39,,,,1,[],0,0,N,,,buy,buy
2026-08-28 19:31:32,113649,丰山转债,fszz,134.435,-0.38,603810,丰山集团,fsjt,12.45,-0.24,1.27,13.61,91.48,0,46.96,181.4,220803,基础化工,shmb,C,2022-07-21,[],0,0,buy,AA-,,9.527,17.693,22.2,buy,2028-06-27,1.833,4.577,2732.35,3044.83,4.44,-7.37,,0,14:59:04,00,Y,N,0,0,Y,,2023-01-03 开始转股,计算使用1.9年期 评级为AA- 债参考YTM：1.9707,N,5.0,全价：134.435 最后更新：14:59:04,,,,1,[],0,0,N,,,buy,buy
2026-08-28 19:31:32,123235,亿田转债,ytzz,153.56,-0.67,300911,亿田智能,ytzn,22.19,0.23,3.57,21.31,104.13,0,47.47,201.03,330401,家用电器,szcy,C,2024-01-12,[],0,0,buy,A+,,14.917,27.703,11.4,buy,2029-12-21,3.318,4.352,16741.56,20277.69,24.69,-7.42,,0,15:34:12,00,Y,N,0,0,Y,,2024-06-27 开始转股,计算使用3.4年期 评级为A+ 债参考YTM：4.6267,N,5.202,全价：153.560 最后更新：15:34:12,,,,0,{'M': ''},0,0,N,,,buy,buy
2026-08-28 19:31:32,127105,龙星转债,lxzz,133.7,0.14,002442,龙星科技,lxkj,5.25,0.57,1.41,5.8,90.52,0,47.71,181.41,220603,基础化工,szmb,C,2024-03-06,[],0,0,buy,AA-,,4.06,7.54,29.2,buy,2030-01-31,3.43,7.534,3396.1,12173.99,3.36,-3.33,,0,15:34:12,00,Y,N,0,0,Y,,2024-08-07 开始转股,计算使用3.5年期 评级为AA- 债参考YTM：2.2797,N,7.54,全价：133.700 最后更新：15:34:12,,,,0,[],0,0,N,,,buy,buy
2026-08-28 19:31:32,127046,百润转债,brzz,128.828,0.06,002568,百润股份,brgf,17.71,1.26,3.6,20.33,87.11,0,47.89,176.72,340602,食品饮料,szmb,C,2021-11-03,[],0,0,buy,AA,,14.231,26.429,8.4,buy,2027-09-29,1.088,11.274,2762.93,11926.58,1.9,-12.41,,0,15:34:48,00,Y,N,1,1,Y,转股价下修1次，成功下修1次,2022-04-12 开始转股,计算使用1.1年期 评级为AA 债参考YTM：1.6101,N,11.28,全价：128.828 最后更新：15:34:48,,,,0,{'M': ''},0,0,N,,,buy,buy
2026-08-28 19:31:32,118056,路维转债,lwzz,285.898,-2.03,688401,路维光电,lwgd,68.08,-1.5,8.08,35.29,192.92,0,48.2,334.1,270103,电子,shkc,C,2025-07-10,[],0,0,buy,AA-,,24.703,45.877,4.7,buy,2031-06-11,4.789,6.145,38327.05,36176.94,21.34,-17.38,,0,14:59:58,00,Y,N,0,0,Y,,2025-12-17 开始转股,计算使用4.8年期 评级为AA- 债参考YTM：2.3806,N,6.15,全价：285.898 最后更新：14:59:58,,,,0,"{'G': '本次（2026年7月30日至2026年8月19日)不提前赎回，以2026年11月20日为首个交易日重新计算', 'M': ''}",0,0,N,,,buy,buy
2026-08-28 19:31:32,113643,风语转债,fyzz,140.607,-0.28,603466,风语筑,fyz,11.15,0.54,3.08,11.8,94.49,0,48.8,189.41,720706,传媒,shmb,C,2022-04-22,[],0,0,buy,AA-,,8.26,15.34,7.5,buy,2028-03-25,1.575,4.992,10745.9,85030.88,15.16,-11.14,,0,15:00:00,00,Y,N,1,1,Y,转股价下修1次，成功下修1次,2022-10-10 开始转股,计算使用1.6年期 评级为AA- 债参考YTM：1.9421,N,5.0,全价：140.607 最后更新：15:00:00,,,,1,{'M': ''},0,0,N,,,buy,buy
2026-08-28 19:31:32,113659,莱克转债,lkzz,131.779,-1.97,603355,莱克电气,lkdq,27.99,-3.52,2.69,31.72,88.24,0,49.34,181.12,330302,家用电器,shmb,C,2022-11-15,[],0,0,buy,AA,,22.204,41.236,7.5,buy,2028-10-14,2.132,11.998,9050.2,7485.27,5.68,-6.98,,0,14:58:26,00,Y,N,0,0,Y,,2023-04-20 开始转股,计算使用2.2年期 评级为AA 债参考YTM：1.6858,N,12.0,全价：131.779 最后更新：14:58:26,,,,0,{'M': ''},0,0,N,,,buy,buy
2026-08-28 19:31:32,127089,晶澳转债,jazz,122.83,-0.06,002459,晶澳科技,jakj,7.3,1.67,1.22,8.9,82.02,0,49.75,172.58,630502,电力设备,szmb,C,2023-08-04,[],0,0,buy,AA+,,6.23,11.57,37.1,buy,2029-07-18,2.89,89.588,7307.93,22124.17,0.66,-3.4,,0,15:33:57,00,Y,N,3,2,Y,转股价下修3次，成功下修2次,2024-01-24 开始转股,计算使用2.9年期 评级为AA+ 债参考YTM：1.6896,N,89.603,全价：122.830 最后更新：15:33:57,,,,0,{'M': ''},0,0,N,,,buy,buy
2026-08-28 19:31:32,111003,聚合转债,jhzz,143.328,-0.27,605166,聚合顺,jhs,8.46,0.95,1.32,8.85,95.59,0,49.94,193.27,220406,基础化工,shmb,C,2022-04-19,[],0,0,buy,AA-,,6.195,11.505,7.6,buy,2028-03-07,1.526,2.035,1372.89,4029.62,4.69,-12.38,,0,14:58:47,00,Y,N,2,2,Y,转股价下修2次，成功下修2次,2022-09-13 开始转股,计算使用1.6年期 评级为AA- 债参考YTM：1.9421,N,2.04,全价：143.328 最后更新：14:58:47,,,,1,[],0,0,N,,,buy,buy
2026-08-28 19:31:32,113054,绿动转债,ldzz,122.917,-0.01,601330,绿色动力,lsdl,7.1,0.42,1.2,8.67,81.89,0,50.1,173.02,760103,环保,shmb,C,2022-03-23,[],0,0,buy,AA+,,6.069,11.271,33.6,buy,2028-02-25,1.496,23.598,4099.44,5408.31,1.41,-6.78,,0,14:59:29,00,Y,N,0,0,Y,,2022-09-05 开始转股,计算使用1.5年期 评级为AA+ 债参考YTM：1.6089,N,23.6,全价：122.917 最后更新：14:59:29,,,,1,[],0,0,N,,,buy,buy
2026-08-28 19:31:32,123119,康泰转2,ktz2,124.502,-0.39,300601,康泰生物,ktsw,13.0,-4.06,1.51,15.69,82.86,0,50.26,174.76,370303,医药生物,szcy,C,2021-08-05,[],0,0,buy,AA,,10.983,20.397,17.1,buy,2027-07-15,0.88,19.99,5819.39,45440.15,2.33,-11.45,,0,15:34:30,00,Y,N,6,5,Y,转股价下修6次，成功下修5次,2022-01-21 开始转股,计算使用0.9年期 评级为AA 债参考YTM：1.5788,N,20.0,全价：124.502 最后更新：15:34:30,,,,1,{'M': ''},0,0,N,,,buy,buy
2026-08-28 19:31:32,118039,煜邦转债,ybzz,134.194,-0.51,688597,煜邦电力,ybdl,6.51,-1.36,2.66,7.3,89.18,0,50.48,184.67,630804,电力设备,shkc,C,2023-08-15,[],0,0,buy,A,,5.11,9.49,18.8,buy,2029-07-20,2.896,4.104,2672.87,4755.49,4.83,-4.76,,0,14:59:52,00,Y,N,0,0,Y,,2024-01-26 开始转股,计算使用2.9年期 评级为A 债参考YTM：6.8893,N,4.108,全价：134.194 最后更新：14:59:52,,,,0,{'M': ''},0,0,N,,,buy,buy
2026-08-28 19:31:32,123277,玉禾转债,yhzz,146.999,-0.54,300815,玉禾田,yht,15.88,-0.87,1.35,16.35,97.13,159,51.35,198.35,760103,环保,szcy,C,2026-08-14,[],0,0,buy,AA,,11.445,21.255,24.1,buy,2032-07-28,5.921,15.0,8948.15,7695.42,4.02,-4.32,,0,15:34:24,00,Y,N,0,0,Y,,未到转股期；2027-02-04 开始转股,计算使用6.0年期 评级为AA 债参考YTM：2.0971,N,15.0,全价：146.999 最后更新：15:34:24,,,,0,[],0,0,N,,,buy,buy
2026-08-28 19:31:32,118062,天准转债,tzzz,222.366,-3.59,688003,天准科技,tzkj,80.99,-4.78,7.79,55.13,146.91,0,51.36,273.73,640704,机械设备,shkc,C,2025-12-31,[],0,0,buy,AA-,,38.591,66.156,5.5,buy,2031-12-12,5.293,8.719,48454.49,44803.82,24.56,-11.74,,0,14:59:59,00,Y,N,0,0,Y,,2026-06-18 开始转股,计算使用5.3年期 评级为AA- 债参考YTM：2.5421,N,8.72,全价：222.366 最后更新：14:59:59,,,,0,"{'G': '本次（2026年6月18日至2026年7月9日）不提前赎回，以2026年10月10日为首个交易日重新计算', 'M': ''}",0,0,N,120%,,buy,buy
2026-08-28 19:31:32,113665,汇通转债,htzz,130.666,0.49,603176,汇通集团,htjt,5.42,3.04,2.32,6.28,86.31,0,51.4,182.07,620306,建筑装饰,shmb,C,2023-01-11,[],0,0,buy,A+,,4.396,8.164,14.4,buy,2028-12-15,2.301,3.596,2831.43,4036.57,6.01,-4.24,,0,14:59:14,00,Y,N,1,1,Y,转股价下修1次，成功下修1次,2023-06-21 开始转股,计算使用2.4年期 评级为A+ 债参考YTM：4.4025,N,3.6,全价：130.666 最后更新：14:59:14,,,,0,[],0,0,N,,,buy,buy
2026-08-28 19:31:32,123183,海顺转债,hszz,130.6,-0.09,300501,海顺新材,hsxc,10.03,-0.4,1.94,11.63,86.24,0,51.43,182.03,360206,轻工制造,szcy,C,2023-04-20,[],0,0,buy,AA-,,8.141,15.119,22.8,buy,2029-03-23,2.57,6.329,2771.12,3146.18,3.34,-3.78,,0,15:33:54,00,Y,N,2,0,Y,转股价下修2次，成功下修0次,2023-10-09 开始转股,计算使用2.6年期 评级为AA- 债参考YTM：2.1115,N,6.33,全价：130.600 最后更新：15:33:54,,,,0,[],0,0,N,,,buy,buy
2026-08-28 19:31:32,113680,丽岛转债,ldzz,138.054,-0.23,603937,丽岛新材,ldxc,11.75,0.51,1.55,12.91,91.02,0,51.68,189.73,240301,有色金属,shmb,C,2023-12-05,[],0,0,buy,A+,,9.037,16.783,12.2,buy,2029-11-15,3.219,2.998,1943.69,5519.5,4.67,-4.28,,0,14:59:51,00,Y,N,0,0,Y,,2024-05-21 开始转股,计算使用3.3年期 评级为A+ 债参考YTM：4.6165,N,3.0,全价：138.054 最后更新：14:59:51,,,,0,[],0,0,N,,,buy,buy
2026-08-28 19:31:32,110093,神马转债,smzz,125.72,0.21,600810,神马股份,smgf,6.66,1.37,0.78,8.08,82.43,0,52.53,178.25,220406,基础化工,shmb,C,2023-04-20,[],0,0,buy,AAA,,5.656,10.504,30.8,buy,2029-03-16,2.551,22.197,3137.11,12082.73,1.12,-5.18,,0,14:59:41,00,Y,N,0,0,Y,,2023-09-22 开始转股,计算使用2.6年期 评级为AAA 债参考YTM：1.6200,N,30.0,全价：125.720 最后更新：14:59:41,,,,0,{'M': ''},0,0,N,,,buy,buy
2026-08-28 19:31:32,118059,颀中转债,qzzz,202.33,-2.2,688352,颀中科技,qzkj,18.08,-2.06,3.72,13.7,131.97,0,53.31,255.64,270107,电子,shkc,C,2025-11-21,[],0,0,buy,AA+,,9.59,17.81,12.8,buy,2031-11-03,5.186,8.498,41375.57,42354.87,23.65,-10.84,,0,14:59:57,00,Y,N,0,0,Y,,2026-05-07 开始转股,计算使用5.2年期 评级为AA+ 债参考YTM：1.8216,N,8.5,全价：202.330 最后更新：14:59:57,,,,0,"{'G': '本次（2026年5月26日至2026年6月17日）不提前赎回，以2026年12月18日为首个交易日重新计算', 'M': ''}",0,0,N,,,buy,buy
2026-08-28 19:31:32,118012,微芯转债,wxzz,156.726,-1.3,688321,微芯生物,wxsw,25.83,-1.37,4.49,25.34,101.93,0,53.75,210.48,370102,医药生物,shkc,C,2022-07-28,[],0,0,buy,A+,,17.738,32.942,4.7,buy,2028-07-05,1.855,4.995,7568.71,21285.07,9.57,-14.55,,0,14:59:59,00,Y,N,0,0,Y,,2023-01-11 开始转股,计算使用1.9年期 评级为A+ 债参考YTM：4.3103,N,5.0,全价：156.726 最后更新：14:59:59,,,,1,{'M': ''},0,0,N,,,buy,buy
2026-08-28 19:31:32,110103,申能转债,snzz,149.501,0.34,600642,申能股份,sngf,8.48,0.71,0.98,8.74,97.03,156,54.08,203.58,410101,公用事业,shmb,C,2026-08-13,[],0,0,buy,AAA,,6.118,11.362,4.8,buy,2032-07-23,5.907,20.0,9231.64,25270.14,3.09,-5.1,,0,15:00:00,00,Y,N,0,0,Y,,未到转股期；2027-02-01 开始转股,计算使用6.0年期 评级为AAA 债参考YTM：1.7871,N,20.0,全价：149.501 最后更新：15:00:00,,,,0,{'M': ''},0,0,N,,,buy,buy
2026-08-28 19:31:32,127114,宜化转债,yhzz,143.729,1.94,000422,湖北宜化,hbyh,13.13,4.46,1.85,14.08,93.25,128,54.13,197.86,220801,基础化工,szmb,C,2026-07-14,[],0,0,buy,AA+,,9.856,18.304,23.6,buy,2032-06-25,5.83,33.0,10829.32,64216.16,2.3,-3.98,,0,15:34:36,00,Y,Y,0,0,Y,,未到转股期；2027-01-04 开始转股,计算使用5.9年期 评级为AA+ 债参考YTM：1.9056,N,33.0,全价：143.729 最后更新：15:34:36,,,,0,{'M': ''},0,0,N,,,buy,buy
2026-08-28 19:31:32,123261,普联转债,plzz,165.1,1.98,300996,普联软件,plrj,13.88,-1.21,4.28,12.97,107.02,0,54.28,219.38,710401,计算机,szcy,C,2025-12-22,[],0,0,buy,A+,,9.079,16.861,5.3,buy,2031-12-05,5.274,2.428,230173.56,100378.14,552.17,-6.12,,0,15:34:03,00,Y,N,0,0,Y,,2026-06-11 开始转股,计算使用5.3年期 评级为A+ 债参考YTM：4.8906,N,2.43,全价：165.100 最后更新：15:34:03,,,,0,{'M': ''},0,0,N,,,buy,buy
2026-08-28 19:31:32,123255,鼎龙转债,dlzz,397.0,-2.94,300054,鼎龙股份,dlgf,72.5,-3.33,12.27,28.38,255.46,0,55.4,452.4,270601,电子,szcy,C,2025-04-23,[],0,0,buy,AA,,19.866,36.894,1.7,buy,2031-04-02,4.597,9.095,48381.11,177872.1,13.14,-23.97,,0,15:34:18,00,Y,N,0,0,Y,,2025-10-09 开始转股,计算使用4.6年期 评级为AA 债参考YTM：1.8478,N,9.1,全价：397.000 最后更新：15:34:18,,,,0,"{'G': '本次（2026年4月8日至2026年4月28日）不提前赎回，自2026年10月28日后首个交易日重新计算', 'M': ''}",0,0,N,,,buy,buy
2026-08-28 19:31:32,118031,天23转债,t23zz,122.721,-0.35,688599,天合光能,thgn,12.62,0.64,1.43,16.0,78.88,0,55.59,178.31,630502,电力设备,shkc,C,2023-03-15,[],0,0,buy,AA,,11.2,20.8,19.8,buy,2029-02-13,2.466,58.512,5498.4,25577.45,0.76,-1.5,,0,14:59:48,00,Y,N,2,2,Y,转股价下修2次，成功下修2次,2023-08-17 开始转股,计算使用2.5年期 评级为AA 债参考YTM：1.7014,N,88.648,全价：122.721 最后更新：14:59:48,,,,0,{'M': ''},0,0,N,,,buy,buy
2026-08-28 19:31:32,113699,金25转债,j25zz,202.848,-0.18,603979,金诚信,jcx,81.72,1.71,4.11,62.8,130.13,0,55.88,258.73,240302,有色金属,shmb,C,2025-10-27,[],0,0,buy,AA,,43.96,81.64,3.9,buy,2031-09-26,5.082,19.998,20940.26,70321.87,5.16,-10.6,,0,14:59:59,00,Y,N,0,0,Y,,2026-04-10 开始转股,计算使用5.1年期 评级为AA 债参考YTM：1.8767,N,20.0,全价：202.848 最后更新：14:59:59,,,,0,{'M': ''},0,0,N,,,buy,buy
2026-08-28 19:31:32,127113,长高转债,cgzz,164.568,-0.12,002452,长高电气,cgdq,11.5,1.41,2.27,10.92,105.31,16,56.27,220.84,630801,电力设备,szmb,C,2026-03-30,[],0,0,buy,AA-,,7.644,14.196,12.7,buy,2032-03-08,5.532,7.586,2032.34,21823.42,1.63,-6.54,,0,15:34:18,00,Y,N,0,0,Y,,未到转股期；2026-09-14 开始转股,计算使用5.6年期 评级为AA- 债参考YTM：2.8179,N,7.59,全价：164.568 最后更新：15:34:18,,,,0,{'M': ''},0,0,N,,,buy,buy
2026-08-28 19:31:32,123142,申昊转债,shzz,125.398,-0.32,300853,申昊科技,shkj,27.02,0.6,6.52,33.71,80.15,0,56.45,181.85,630803,电力设备,szcy,C,2022-04-11,[],0,0,buy,BBB+,,23.597,43.823,18.4,buy,2028-03-18,1.556,5.494,1637.0,9188.53,2.37,-6.89,,0,15:34:36,00,Y,N,0,0,Y,,2022-09-26 开始转股,计算使用1.6年期 评级为BBB+ 债参考YTM：12.0891,N,5.5,全价：125.398 最后更新：15:34:36,,,,1,[],0,0,N,,,buy,buy
2026-08-28 19:31:32,118060,瑞可转债,rkzz,193.107,-3.13,688800,瑞可达,rkd,64.78,-5.36,7.41,52.53,123.32,0,56.59,249.7,270401,电子,shkc,C,2025-12-12,[],0,0,buy,AA-,,36.771,68.289,5.4,buy,2031-11-14,5.216,9.999,23289.03,76685.46,11.78,-9.46,,0,14:59:59,00,Y,N,0,0,Y,,2026-05-20 开始转股,计算使用5.3年期 评级为AA- 债参考YTM：2.5421,N,10.0,全价：193.107 最后更新：14:59:59,,,,0,"{'G': '本次（2026年5月20日至2026年6月9日）不提前赎回，以2026年12月10日为首个交易日重新计算', 'M': ''}",0,0,N,,,buy,buy
2026-08-28 19:31:32,127093,章鼓转债,zgzz,129.95,-0.57,002598,ST章鼓,sdzg,6.88,0.29,1.6,8.3,82.89,0,56.77,186.72,640106,机械设备,szmb,C,2023-11-03,[],0,0,buy,A,,5.81,10.79,12.3,buy,2029-10-17,3.14,2.425,3065.61,1886.25,9.7,-3.07,,0,15:34:48,00,Y,N,1,1,Y,转股价下修1次，成功下修1次,2024-04-23 开始转股,计算使用3.2年期 评级为A 债参考YTM：6.9532,N,2.43,全价：129.950 最后更新：15:34:48,,,,0,[],0,0,N,,,buy,buy
2026-08-28 19:31:32,127054,双箭转债,sjzz,126.2,-0.18,002381,双箭股份,sjgf,5.6,0.9,1.08,6.96,80.46,0,56.85,183.05,220602,基础化工,szmb,C,2022-03-15,[],0,0,buy,AA,,4.872,9.048,28.5,buy,2028-02-11,1.458,5.136,2095.19,2634.36,3.22,-6.93,,0,15:33:54,00,Y,N,0,0,Y,,2022-08-17 开始转股,计算使用1.5年期 评级为AA 债参考YTM：1.6439,N,5.136,全价：126.200 最后更新：15:33:54,,,,1,[],0,0,N,,,buy,buy
2026-08-28 19:31:32,113678,中贝转债,zbzz,142.14,-1.28,603220,中贝通信,zbtx,18.53,-2.01,2.55,20.47,90.52,0,57.02,199.16,730103,通信,shmb,C,2023-11-21,[],0,0,buy,A+,,14.329,26.611,5.1,buy,2029-10-19,3.145,5.106,7083.18,36200.89,9.68,-5.24,,0,14:59:56,00,Y,N,2,1,Y,转股价下修2次，成功下修1次,2024-04-25 开始转股,计算使用3.2年期 评级为A+ 债参考YTM：4.6032,N,5.17,全价：142.140 最后更新：14:59:56,,,,0,{'M': ''},0,0,N,,,buy,buy
2026-08-28 19:31:32,123224,宇邦转债,ybzz,139.5,1.7,301266,宇邦新材,ybxc,24.97,7.35,1.91,28.17,88.64,0,57.38,196.88,630504,电力设备,szcy,C,2023-10-18,[],0,0,buy,A+,,19.719,36.621,8.4,buy,2029-09-19,3.063,2.848,3816.13,15779.63,9.63,-4.98,,0,15:34:06,00,Y,N,1,1,Y,转股价下修1次，成功下修1次,2024-03-25 开始转股,计算使用3.1年期 评级为A+ 债参考YTM：4.5862,N,5.0,全价：139.500 最后更新：15:34:06,,,,0,{'M': ''},0,0,N,,,buy,buy
2026-08-28 19:31:32,113688,国检转债,gjzz,137.12,-0.17,603060,国检集团,gjjt,5.58,1.45,2.2,6.45,86.51,0,58.5,195.62,460802,社会服务,shmb,C,2024-11-12,[],0,0,buy,AA+,,4.515,8.385,17.8,buy,2030-10-17,4.14,7.997,1499.65,3470.49,1.36,-3.97,,0,14:59:14,00,Y,N,0,0,Y,,2025-04-23 开始转股,计算使用4.2年期 评级为AA+ 债参考YTM：1.7728,N,8.0,全价：137.120 最后更新：14:59:14,,,,0,[],0,0,N,,,buy,buy
2026-08-28 19:31:32,123155,中陆转债,zlzz,133.69,-0.88,301040,中环海陆,zhhl,26.68,-1.88,3.54,31.76,84.01,0,59.15,192.84,630602,电力设备,szcy,C,2022-08-31,[],0,0,buy,A+,,22.232,41.288,14.3,buy,2028-08-12,1.959,3.6,3357.43,4092.15,6.91,-6.45,,0,15:34:27,00,Y,N,0,0,Y,,2023-02-20 开始转股,计算使用2.0年期 评级为A+ 债参考YTM：4.3223,N,3.6,全价：133.690 最后更新：15:34:27,,,,1,{'M': ''},0,0,N,,,buy,buy
2026-08-28 19:31:32,127059,永东转2,ydz2,131.73,0.1,002753,永东股份,ydgf,6.7,0.9,1.07,8.11,82.61,0,59.45,191.18,220603,基础化工,szmb,C,2022-05-16,[],0,0,buy,AA-,,5.677,10.543,19.1,buy,2028-04-08,1.614,3.79,1945.18,3291.22,3.9,-7.17,,0,15:34:39,00,Y,N,0,0,Y,,2022-10-14 开始转股,计算使用1.7年期 评级为AA- 债参考YTM：1.9512,N,3.8,全价：131.730 最后更新：15:34:39,,,,1,[],0,0,N,,,buy,buy
2026-08-28 19:31:32,127111,金威转债,jwzz,141.409,-0.68,002626,金达威,jdw,16.96,0.3,2.46,19.19,88.38,0,60.0,201.41,340407,食品饮料,szmb,C,2025-09-08,[],0,0,buy,AA,,13.433,24.947,12.5,buy,2031-08-20,4.981,12.924,4675.86,6125.87,2.56,-4.38,,0,15:34:42,00,Y,N,0,0,Y,,2026-02-26 开始转股,计算使用5.0年期 评级为AA 债参考YTM：1.8677,N,12.924,全价：141.409 最后更新：15:34:42,,,,0,{'M': ''},0,0,N,,,buy,buy
2026-08-28 19:31:32,118061,茂莱转债,mlzz,194.015,-1.73,688502,茂莱光学,mlgx,441.01,-2.83,18.51,364.15,121.11,0,60.2,254.22,270303,电子,shkc,C,2025-12-10,[],0,0,buy,A+,,254.905,473.395,2.4,buy,2031-11-21,5.236,5.622,25032.19,68655.24,22.79,-9.21,,0,14:59:58,00,Y,N,0,0,Y,,2026-05-27 开始转股,计算使用5.3年期 评级为A+ 债参考YTM：4.8906,N,5.625,全价：194.015 最后更新：14:59:58,,,,0,"{'G': '本次（2026年5月28日至2026年7月3日）不提前赎回，以2026年10月4日首个交易日重新计算', 'M': ''}",0,0,N,,,buy,buy
2026-08-28 19:31:32,127108,太能转债,tnzz,125.444,0.17,000591,太阳能,tyn,4.33,0.23,0.7,5.54,78.16,0,60.5,185.94,410106,公用事业,szmb,C,2025-04-16,[],0,0,buy,AA+,,3.878,7.202,17.5,buy,2031-03-28,4.584,29.498,3551.71,12982.14,0.96,-1.56,,0,15:34:30,00,Y,N,0,0,Y,,2025-10-09 开始转股,计算使用4.6年期 评级为AA+ 债参考YTM：1.7909,N,29.5,全价：125.444 最后更新：15:34:30,,,,0,{'M': ''},0,0,N,,,buy,buy
2026-08-28 19:31:32,123281,中仑转债,zlzz,163.19,4.31,301565,中仑新材,zlxc,20.55,0.69,3.34,20.28,101.33,167,61.05,224.24,220505,基础化工,szcy,C,2026-08-24,[],0,0,buy,AA-,,14.196,26.364,40.6,buy,2032-08-05,5.943,10.68,81517.56,8325.51,46.71,-5.96,,0,15:34:12,00,Y,N,0,0,Y,,未到转股期；2027-02-12 开始转股,计算使用6.0年期 评级为AA- 债参考YTM：3.1171,N,10.68,全价：163.190 最后更新：15:34:12,,,,0,{'M': ''},0,0,N,,,buy,buy
2026-08-28 19:31:32,123122,富瀚转债,fhzz,130.546,2.04,300613,富瀚微,fhw,73.85,4.49,5.26,91.5,80.71,0,61.75,192.3,270104,电子,szcy,C,2021-08-24,[],0,0,buy,A+,,64.05,118.95,3.6,buy,2027-08-06,0.94,5.801,19720.39,154966.13,26.01,-12.71,,0,15:34:33,00,Y,N,0,0,Y,,2022-02-14 开始转股,计算使用1.0年期 评级为A+ 债参考YTM：4.1964,N,5.812,全价：130.546 最后更新：15:34:33,,,,1,{'M': ''},0,0,N,,,buy,buy
2026-08-28 19:31:32,127112,尚太转债,stzz,158.79,-1.8,001301,尚太科技,stkj,58.85,-2.81,2.98,60.02,98.05,0,61.95,220.74,630702,电力设备,szmb,C,2026-02-05,[],0,0,buy,AA+,,42.014,78.026,11.3,buy,2032-01-16,5.389,17.339,4096.26,30184.23,1.47,-6.44,,0,15:34:45,00,Y,N,0,0,Y,,2026-07-22 开始转股,计算使用5.4年期 评级为AA+ 债参考YTM：1.8425,N,17.34,全价：158.790 最后更新：15:34:45,,,,0,{'M': ''},0,0,N,,,buy,buy
2026-08-28 19:31:32,123071,天能转债,tnzz,114.753,0.03,300569,天能重工,tnzg,4.73,0.42,0.9,6.68,70.81,0,62.06,176.81,630602,电力设备,szcy,C,2020-11-25,[],0,0,buy,AA-,,4.676,8.684,14.4,buy,2026-10-21,0.148,6.937,3993.14,4234.99,5.02,1.48,,0,15:34:27,00,Y,N,2,2,Y,转股价下修2次，成功下修2次,2021-04-27 开始转股,计算使用0.2年期 评级为AA- 债参考YTM：1.7044,N,7.0,全价：114.753 最后更新：15:34:27,,,,1,{'M': ''},0,0,N,,,buy,buy
2026-08-28 19:31:32,123237,佳禾转债,jhzz,137.45,0.26,300793,佳禾智能,jhzn,11.37,0.35,1.53,13.46,84.47,0,62.72,200.17,270504,电子,szcy,C,2024-01-24,[],0,0,buy,A+,,9.422,17.498,10.2,buy,2030-01-04,3.356,4.314,1362.74,5515.18,2.29,-4.7,,0,15:34:12,00,Y,N,1,1,Y,转股价下修1次，成功下修1次,2024-07-10 开始转股,计算使用3.4年期 评级为A+ 债参考YTM：4.6267,N,10.04,全价：137.450 最后更新：15:34:12,,,,0,[],0,0,N,,,buy,buy
2026-08-28 19:31:32,113652,伟22转债,w22zz,127.45,-0.88,603568,伟明环保,wmhb,14.86,-1.2,2.07,19.02,78.13,0,63.13,190.58,760103,环保,shmb,C,2022-08-12,[],0,0,buy,AA,,13.314,24.726,4.9,buy,2028-07-22,1.901,14.766,1775.67,7097.86,0.94,-6.72,,0,14:59:12,00,Y,N,2,2,Y,转股价下修2次，成功下修2次,2023-01-30 开始转股,计算使用2.0年期 评级为AA 债参考YTM：1.6723,N,14.77,全价：127.450 最后更新：14:59:12,,,,1,{'M': ''},0,0,N,,,buy,buy
2026-08-28 19:31:32,123280,三鑫转债,sxzz,162.3,0.15,300453,三鑫医疗,sxyl,9.65,-0.62,3.37,9.72,99.28,165,63.48,225.78,370503,医药生物,szcy,C,2026-08-19,[],0,0,buy,AA-,,7.776,12.636,15.2,buy,2032-08-03,5.937,5.3,16948.57,8997.84,19.55,-5.88,,0,15:34:09,00,Y,N,0,0,Y,,未到转股期；2027-02-10 开始转股,计算使用6.0年期 评级为AA- 债参考YTM：3.1171,N,5.3,全价：162.300 最后更新：15:34:09,,,,0,[],0,0,N,,,buy,buy
2026-08-28 19:31:32,123195,蓝晓转02,lxz02,175.0,-0.17,300487,蓝晓科技,lxkj,63.19,-0.49,6.81,59.21,106.72,0,63.98,238.98,220504,基础化工,szcy,C,2023-05-08,[],0,0,buy,A+,,41.447,76.973,2.8,buy,2029-04-17,2.638,5.455,6514.23,24058.41,6.76,-13.75,,0,15:33:57,00,Y,N,0,0,Y,,2023-10-23 开始转股,计算使用2.7年期 评级为A+ 债参考YTM：4.4846,N,5.461,全价：175.000 最后更新：15:33:57,,,,0,{'M': ''},0,0,N,,,buy,buy
2026-08-28 19:31:32,127104,姚记转债,yjzz,144.01,-0.12,002605,姚记科技,yjkj,17.16,-1.15,1.87,19.58,87.64,0,64.32,208.33,720401,传媒,szmb,C,2024-02-26,[],0,0,buy,A+,,13.706,25.454,10.0,buy,2030-01-24,3.411,5.822,1307.59,14071.95,1.56,-5.27,,0,15:34:09,00,Y,N,0,0,Y,,2024-07-31 开始转股,计算使用3.5年期 评级为A+ 债参考YTM：4.6347,N,5.831,全价：144.010 最后更新：15:34:09,,,,0,[],0,0,N,,,buy,buy
2026-08-28 19:31:32,127072,博实转债,bszz,136.139,-0.95,002698,博实股份,bsgf,12.26,0.0,3.01,14.81,82.78,0,64.46,200.6,640701,机械设备,szmb,C,2022-11-03,[],0,0,buy,AA,,10.367,19.253,4.3,buy,2028-09-22,2.071,4.498,3484.36,12522.71,5.65,-7.86,,0,15:34:30,00,Y,N,0,0,Y,,2023-03-28 开始转股,计算使用2.1年期 评级为AA 债参考YTM：1.6795,N,4.5,全价：136.139 最后更新：15:34:30,,,,0,{'M': ''},0,0,N,,,buy,buy
2026-08-28 19:31:32,110095,双良转债,slzz,118.057,-0.35,600481,双良节能,sljn,4.39,1.15,2.22,6.18,71.04,0,66.19,184.25,630501,电力设备,shmb,C,2023-09-08,[],0,0,buy,AA-,,4.326,8.034,15.5,buy,2029-08-08,2.948,14.006,4000.98,16862.61,2.41,-1.41,,0,14:59:40,00,Y,N,2,2,Y,转股价下修2次，成功下修2次,2024-02-19 开始转股,计算使用3.0年期 评级为AA- 债参考YTM：2.2146,N,26.0,全价：118.057 最后更新：14:59:40,,,,0,{'M': ''},0,0,N,,,buy,buy
2026-08-28 19:31:32,113694,清源转债,qyzz,128.647,0.02,603628,清源股份,qygf,9.94,3.43,2.04,12.85,77.35,0,66.31,194.96,630504,电力设备,shmb,C,2025-04-25,[],0,0,buy,A+,,8.995,16.705,18.5,buy,2031-04-08,4.614,4.999,3632.61,7422.81,5.63,-1.76,,0,14:59:57,00,Y,N,0,0,Y,,2025-10-14 开始转股,计算使用4.7年期 评级为A+ 债参考YTM：4.7265,N,5.0,全价：128.647 最后更新：14:59:57,,,,0,{'M': ''},0,0,N,,,buy,buy
2026-08-28 19:31:32,123216,科顺转债,kszz,124.422,-0.29,300737,科顺股份,ksgf,4.93,1.23,1.38,6.61,74.58,0,66.82,191.24,610304,建筑材料,szcy,C,2023-08-23,[],0,0,buy,AA-,,4.627,8.593,50.2,buy,2029-08-04,2.937,21.959,2637.76,10704.42,0.96,-1.73,,0,15:34:06,00,Y,N,2,1,Y,转股价下修2次，成功下修1次,2024-02-19 开始转股,计算使用3.0年期 评级为AA- 债参考YTM：2.2146,N,21.98,全价：124.422 最后更新：15:34:06,,,,0,{'M': ''},0,0,N,,,buy,buy
2026-08-28 19:31:32,110100,龙建转债,ljzz,122.775,-0.05,600853,龙建股份,ljgf,3.37,0.9,0.81,4.59,73.42,0,67.22,190.0,620306,建筑装饰,shmb,C,2026-02-12,[],0,0,buy,AA,,3.213,5.967,29.3,buy,2032-01-22,5.406,10.0,5205.6,2892.71,4.23,-1.46,,0,14:59:56,00,Y,N,0,0,Y,,2026-07-28 开始转股,计算使用5.5年期 评级为AA 债参考YTM：1.9608,N,10.0,全价：122.775 最后更新：14:59:56,,,,0,{'EX': '黑龙江省建设投资集团有限公司大宗减持12.90% 2026年08月25日公告'},0,0,N,,,buy,buy
2026-08-28 19:31:32,111020,合顺转债,hszz,134.75,0.07,605166,聚合顺,jhs,8.46,0.95,1.32,10.53,80.34,0,67.72,202.47,220406,基础化工,shmb,C,2024-08-15,[],0,0,buy,AA-,,7.371,13.689,12.7,buy,2030-07-22,3.901,3.38,1214.93,4029.62,2.66,-3.12,,0,14:59:33,00,Y,N,0,0,Y,,2025-01-27 开始转股,计算使用4.0年期 评级为AA- 债参考YTM：2.3109,N,3.38,全价：134.750 最后更新：14:59:33,,,,0,[],0,0,N,,,buy,buy
2026-08-28 19:31:32,111021,奥锐转债,arzz,138.513,-0.79,605116,奥锐特,art,20.27,-1.27,3.03,24.6,82.4,0,68.1,206.61,370101,医药生物,shmb,C,2024-08-15,[],0,0,buy,AA-,,17.22,31.98,9.9,buy,2030-07-26,3.912,8.121,2009.28,4935.05,1.78,-3.8,,0,14:59:30,00,Y,N,0,0,Y,,2025-02-05 开始转股,计算使用4.0年期 评级为AA- 债参考YTM：2.3109,N,8.121,全价：138.513 最后更新：14:59:30,,,,0,[],0,0,N,,,buy,buy
2026-08-28 19:31:32,127049,希望转2,xwz2,114.019,0.8,000876,新希望,xxw,7.17,1.41,1.48,10.59,67.71,0,68.4,182.42,110402,农林牧渔,szmb,C,2021-11-29,[],0,0,buy,AAA,,7.413,13.767,25.2,buy,2027-11-02,1.181,81.434,9591.58,29389.63,1.04,-4.1,,0,15:34:21,00,Y,N,1,1,N,"转股价下修1次，成功下修1次
2026-08-26 至 2026-09-01 期间暂停转股：回售
转股价10.590生效日期2025-07-25",2022-05-09 开始转股;2026-08-26 至 2026-09-01 期间暂停转股：回售,计算使用1.2年期 评级为AAA 债参考YTM：1.5350,N,81.5,全价：114.019 最后更新：15:34:21,,,,1,{'M': ''},0,0,Y,,,buy,buy
2026-08-28 19:31:32,113674,华设转债,hszz,129.67,0.19,603018,华设集团,hsjt,5.34,1.14,0.8,6.95,76.84,0,68.77,198.44,620601,建筑装饰,shmb,C,2023-08-15,[],0,0,buy,AA,,4.865,9.035,9.1,buy,2029-07-21,2.899,3.999,2136.34,3406.69,4.12,-4.03,,0,14:59:01,00,Y,N,0,0,Y,,2024-01-29 开始转股,计算使用2.9年期 评级为AA 债参考YTM：1.7196,N,4.0,全价：129.670 最后更新：14:59:01,,,,0,{'M': ''},0,0,N,,,buy,buy
2026-08-28 19:31:32,123214,东宝转债,dbzz,131.959,-0.08,300239,东宝生物,dbsw,5.17,0.0,1.75,6.62,78.1,0,68.97,200.93,370304,医药生物,szcy,C,2023-08-18,[],0,0,buy,A+,,4.634,8.606,14.9,buy,2029-07-31,2.926,4.549,592.01,3054.55,0.99,-4.23,,0,15:34:03,00,Y,N,0,0,Y,,2024-02-05 开始转股,计算使用3.0年期 评级为A+ 债参考YTM：4.5646,N,4.55,全价：131.959 最后更新：15:34:03,,,,0,[],0,0,N,,,buy,buy
2026-08-28 19:31:32,118020,芳源转债,fyzz,119.8,0.17,688148,芳源股份,fygf,6.38,1.11,6.11,9.0,70.89,0,69.0,188.8,630702,电力设备,shkc,C,2022-11-07,[],0,0,buy,BBB,,6.3,11.7,19.7,buy,2028-09-23,2.074,6.417,3137.45,9208.73,4.07,2.55,,0,14:59:55,00,Y,N,2,2,Y,转股价下修2次，成功下修2次,2023-03-29 开始转股,计算使用2.1年期 评级为BBB 债参考YTM：15.2933,N,6.42,全价：119.800 最后更新：14:59:55,,,,0,{'M': ''},0,0,N,,,buy,buy
2026-08-28 19:31:32,127102,浙建转债,zjzz,122.821,0.51,002761,浙江建投,zjjt,7.39,2.64,0.93,10.17,72.67,0,69.02,191.84,620101,建筑装饰,szmb,C,2024-01-16,[],0,0,buy,AA+,,7.119,13.221,12.4,buy,2029-12-25,3.329,9.951,4096.82,12798.21,3.35,-2.81,,0,15:34:00,00,Y,N,0,0,Y,,2024-07-01 开始转股,计算使用3.4年期 评级为AA+ 债参考YTM：1.7191,N,10.0,全价：122.821 最后更新：15:34:00,,,,0,{'M': ''},0,0,N,,,buy,buy
2026-08-28 19:31:32,110086,精工转债,jgzz,124.281,-0.5,600496,精工钢构,jggg,3.36,0.3,0.72,4.57,73.52,0,69.04,193.32,620401,建筑装饰,shmb,C,2022-05-23,[],0,0,buy,AA,,3.199,5.941,29.9,buy,2028-04-22,1.652,19.999,2002.07,6463.97,0.8,-5.25,,0,14:58:43,00,Y,N,0,0,Y,,2022-10-28 开始转股,计算使用1.7年期 评级为AA 债参考YTM：1.6543,N,20.0,全价：124.281 最后更新：14:58:43,,,,1,{'M': ''},0,0,N,,,buy,buy
2026-08-28 19:31:32,110090,爱迪转债,adzz,132.872,-1.17,600933,爱柯迪,akd,13.42,-3.31,1.42,17.15,78.25,0,69.8,202.67,280203,汽车,shmb,C,2022-10-28,[],0,0,buy,AA,,12.005,22.295,11.9,buy,2028-09-23,2.074,15.695,3731.58,17890.64,1.78,-7.73,,0,14:59:53,00,Y,N,0,0,Y,,2023-03-29 开始转股,计算使用2.1年期 评级为AA 债参考YTM：1.6795,N,15.7,全价：132.872 最后更新：14:59:53,,,,0,{'M': ''},0,0,N,,,buy,buy
2026-08-28 19:31:32,113698,凯众转债,kzzz,139.262,0.23,603037,凯众股份,kzgf,10.29,0.59,2.76,12.55,81.99,0,69.85,209.11,280203,汽车,shmb,C,2025-09-10,[],0,0,buy,AA-,,8.785,16.315,11.2,buy,2031-08-15,4.967,3.079,2952.14,2581.52,6.89,-4.08,,0,14:58:51,00,Y,N,0,0,Y,,2026-02-24 开始转股,计算使用5.0年期 评级为AA- 债参考YTM：2.3977,N,3.08,全价：139.262 最后更新：14:58:51,,,,0,[],0,0,N,,,buy,buy
2026-08-28 19:31:32,113053,隆22转债,l22zz,120.778,-0.24,601012,隆基绿能,ljln,12.43,2.3,1.85,17.5,71.03,0,70.04,190.82,630502,电力设备,shmb,C,2022-02-17,[],0,0,buy,AAA,,12.25,22.75,7.4,buy,2028-01-05,1.356,69.951,5016.48,107608.15,0.59,-7.63,,0,14:59:42,00,Y,N,1,1,Y,转股价下修1次，成功下修1次,2022-07-11 开始转股,计算使用1.4年期 评级为AAA 债参考YTM：1.5476,N,70.0,全价：120.778 最后更新：14:59:42,,,,1,{'M': ''},0,0,N,,,buy,buy
2026-08-28 19:31:32,113696,伯25转债,b25zz,135.471,1.42,603596,伯特利,btl,28.0,8.11,2.98,35.16,79.64,0,70.11,205.58,280203,汽车,shmb,C,2025-07-28,[],0,0,buy,AA,,24.612,45.708,11.1,buy,2031-07-01,4.844,28.017,19545.4,126001.93,5.12,-3.65,,0,14:59:55,00,Y,N,0,0,Y,,2026-01-07 开始转股,计算使用4.9年期 评级为AA 债参考YTM：1.8623,N,28.02,全价：135.471 最后更新：14:59:55,,,,0,{'M': ''},0,0,N,,,buy,buy
2026-08-28 19:31:32,123278,合金转债,hjzz,187.477,1.62,300697,电工合金,dghj,15.4,-1.72,5.13,13.98,110.16,160,70.19,257.67,240302,有色金属,szcy,C,2026-08-18,[],0,0,buy,AA-,,9.786,18.174,10.7,buy,2032-07-29,5.923,5.45,75986.38,31122.56,74.05,-8.18,,0,15:34:33,00,Y,N,0,0,Y,,未到转股期；2027-02-05 开始转股,计算使用6.0年期 评级为AA- 债参考YTM：3.1171,N,5.45,全价：187.477 最后更新：15:34:33,,,,0,[],0,0,N,,,buy,buy
2026-08-28 19:31:32,113705,豪26转债,h26zz,142.652,-1.33,603809,豪能股份,hngf,8.96,-0.22,2.11,10.74,83.43,115,70.99,213.64,280203,汽车,shmb,C,2026-07-10,[],0,0,buy,AA-,,6.444,13.962,21.8,buy,2032-06-14,5.8,18.0,3411.28,3998.58,1.32,-3.88,,0,14:59:51,00,Y,N,0,0,Y,,未到转股期；2026-12-22 开始转股,计算使用5.8年期 评级为AA- 债参考YTM：2.9968,N,18.0,全价：142.652 最后更新：14:59:51,,,,0,{'M': ''},0,0,N,,,buy,buy
2026-08-28 19:31:32,123154,火星转债,hxzz,128.708,0.82,300894,火星人,hxr,12.02,2.04,4.63,16.0,75.13,0,71.33,200.04,330401,家用电器,szcy,C,2022-08-23,[],0,0,buy,A+,,11.2,20.8,15.0,buy,2028-08-05,1.94,5.289,6107.06,14320.1,8.97,-4.85,,0,15:34:42,00,Y,N,1,1,Y,转股价下修1次，成功下修1次,2023-02-13 开始转股,计算使用2.0年期 评级为A+ 债参考YTM：4.3223,N,5.29,全价：128.708 最后更新：15:34:42,,,,1,{'M': ''},0,0,N,,,buy,buy
2026-08-28 19:31:32,113692,保隆转债,blzz,131.239,-0.85,603197,保隆科技,blkj,29.96,-1.54,1.9,39.16,76.51,0,71.54,202.78,280205,汽车,shmb,C,2024-11-27,[],0,0,buy,AA,,27.412,50.908,22.0,buy,2030-10-31,4.178,13.897,2975.83,12559.12,1.62,-3.48,,0,14:58:39,00,Y,N,0,0,Y,,2025-05-06 开始转股,计算使用4.2年期 评级为AA 债参考YTM：1.8260,N,13.9,全价：131.239 最后更新：14:58:39,,,,0,{'M': ''},0,0,N,,,buy,buy
2026-08-28 19:31:32,113706,金帝转债,jdzz,154.648,-1.46,603270,金帝股份,jdgf,27.5,-1.96,2.62,30.62,89.81,115,72.19,226.84,640108,机械设备,shmb,C,2026-07-10,[],0,0,buy,AA,,21.434,39.806,49.9,buy,2032-06-14,5.8,9.7,5748.5,10749.95,3.79,-4.51,,0,14:59:53,00,Y,N,0,0,Y,,未到转股期；2026-12-22 开始转股,计算使用5.8年期 评级为AA 债参考YTM：2.0457,N,9.7,全价：154.648 最后更新：14:59:53,,,,0,{'M': ''},0,0,N,,,buy,buy
2026-08-28 19:31:32,127069,小熊转债,xxzz,129.969,-0.11,002959,小熊电器,xxdq,32.95,0.67,1.73,43.71,75.38,0,72.41,202.38,330301,家用电器,szmb,C,2022-09-07,[],0,0,buy,AA-,,30.597,56.823,10.9,buy,2028-08-12,1.959,5.041,1244.61,1560.95,1.9,-5.08,,0,15:34:03,00,Y,N,1,1,Y,转股价下修1次，成功下修1次,2023-02-20 开始转股,计算使用2.0年期 评级为AA- 债参考YTM：1.9823,N,5.36,全价：129.969 最后更新：15:34:03,,,,1,{'M': ''},0,0,N,,,buy,buy
2026-08-28 19:31:32,123252,银邦转债,ybzz,136.128,-0.72,300337,银邦股份,ybgf,9.83,-1.4,4.42,12.5,78.64,0,73.1,209.23,240301,有色金属,szcy,C,2025-01-24,[],0,0,buy,AA-,,8.75,16.25,11.2,buy,2031-01-06,4.362,7.846,4034.17,19159.07,3.76,-3.35,,0,15:34:12,00,Y,N,0,0,Y,,2025-07-14 开始转股,计算使用4.4年期 评级为AA- 债参考YTM：2.3470,N,7.85,全价：136.128 最后更新：15:34:12,,,,0,{'M': ''},0,0,N,,,buy,buy
2026-08-28 19:31:32,123253,永贵转债,ygzz,134.3,-0.39,300351,永贵电器,ygdq,14.09,-1.19,2.21,18.19,77.46,0,73.38,207.68,640501,机械设备,szcy,C,2025-03-28,[],0,0,buy,AA-,,12.733,23.647,26.4,buy,2031-03-13,4.543,9.797,2725.41,8742.52,2.06,-2.93,,0,15:34:15,00,Y,N,0,0,Y,,2025-09-19 开始转股,计算使用4.6年期 评级为AA- 债参考YTM：2.3639,N,9.8,全价：134.300 最后更新：15:34:15,,,,0,{'M': ''},0,0,N,,,buy,buy
2026-08-28 19:31:32,123269,金杨转债,jyzz,147.666,-1.02,301210,金杨精密,jygf,24.05,-0.7,1.91,28.24,85.16,58,73.39,221.06,630701,电力设备,szcy,C,2026-05-11,[],0,0,buy,AA-,,19.768,36.712,66.3,buy,2032-04-19,5.647,9.8,2139.43,6457.47,1.46,-4.58,,0,15:33:57,00,Y,N,0,0,Y,,未到转股期；2026-10-26 开始转股,计算使用5.7年期 评级为AA- 债参考YTM：2.9118,N,9.8,全价：147.666 最后更新：15:33:57,,,,0,{'M': ''},0,0,N,,,buy,buy
2026-08-28 19:31:32,123223,九典转02,jdz02,135.198,-0.53,300705,九典制药,jdzy,11.33,-1.13,2.18,14.55,77.87,0,73.62,208.82,370102,医药生物,szcy,C,2023-10-13,[],0,0,buy,A+,,10.185,18.915,4.9,buy,2029-09-15,3.052,2.052,1485.51,8986.8,5.35,-4.46,,0,15:34:09,00,Y,N,0,0,Y,,2024-03-21 开始转股,计算使用3.1年期 评级为A+ 债参考YTM：4.5862,N,3.6,全价：135.198 最后更新：15:34:09,,,,0,[],0,0,N,,,buy,buy
2026-08-28 19:31:32,110102,江农转债,jnzz,162.143,0.34,600389,江山股份,jsgf,19.25,2.34,1.93,20.64,93.27,144,73.85,235.99,220803,基础化工,shmb,C,2026-08-05,[],0,0,buy,AA+,,14.448,26.832,14.3,buy,2032-07-13,5.88,11.85,16468.54,26035.97,8.49,-6.09,,0,14:59:59,00,Y,N,0,0,Y,,未到转股期；2027-01-20 开始转股,计算使用5.9年期 评级为AA+ 债参考YTM：1.9056,N,11.85,全价：162.143 最后更新：14:59:59,,,,0,{'M': ''},0,0,N,,,buy,buy
2026-08-28 19:31:32,123272,中汽转债,zqzz,157.102,0.25,301215,中汽股份,zqgf,5.41,0.19,2.38,5.99,90.32,110,73.94,231.04,280303,汽车,szcy,C,2026-06-30,[],0,0,buy,AA+,,4.193,7.787,14.5,buy,2032-06-10,5.789,10.39,4904.73,3838.84,2.98,-5.68,,0,15:34:27,00,Y,N,0,0,Y,,未到转股期；2026-12-17 开始转股,计算使用5.8年期 评级为AA+ 债参考YTM：1.8932,N,10.39,全价：157.102 最后更新：15:34:27,,,,0,{'M': ''},0,0,N,,,buy,buy
2026-08-28 19:31:32,123271,通合转债,thzz,166.35,-3.0,300491,通合科技,thkj,31.7,-1.64,4.65,33.18,95.54,101,74.12,240.47,630306,电力设备,szcy,C,2026-06-17,[],0,0,buy,AA,,23.226,43.134,10.4,buy,2032-06-01,5.764,5.219,17311.3,66765.93,19.19,-5.75,,0,15:34:00,00,Y,N,0,0,Y,,未到转股期；2026-12-08 开始转股,计算使用5.8年期 评级为AA 债参考YTM：2.0457,N,5.22,全价：166.350 最后更新：15:34:00,,,,0,[],0,0,N,,,buy,buy
2026-08-28 19:31:32,123220,易瑞转债,yrzz,131.49,-1.14,300942,易瑞生物,yrsw,6.65,-2.64,3.08,8.85,75.14,0,74.99,206.48,370504,医药生物,szcy,C,2023-09-06,[],0,0,buy,A+,,6.195,11.505,10.8,buy,2029-08-18,2.975,2.907,2428.09,7562.33,6.31,-3.54,,0,15:34:03,00,Y,N,1,1,Y,转股价下修1次，成功下修1次,2024-02-26 开始转股,计算使用3.0年期 评级为A+ 债参考YTM：4.5646,N,3.28,全价：131.490 最后更新：15:34:03,,,,0,{'M': ''},0,0,N,,,buy,buy
2026-08-28 19:31:32,123263,鼎捷转债,djzz,151.5,4.34,300378,鼎捷数智,djsz,37.45,19.99,4.05,43.42,86.25,0,75.65,227.15,710402,计算机,szcy,C,2025-12-31,[],0,0,buy,AA,,30.394,56.446,8.2,buy,2031-12-15,5.301,8.275,225538.73,51832.76,170.9,-5.36,,0,15:34:48,00,Y,N,0,0,Y,,2026-06-22 开始转股,计算使用5.4年期 评级为AA 债参考YTM：1.9346,N,8.28,全价：151.500 最后更新：15:34:48,,,,0,{'M': ''},0,0,N,,,buy,buy
2026-08-28 19:31:32,113682,益丰转债,yfzz,127.919,-0.61,603939,益丰药房,yfyf,22.88,-0.48,2.29,31.44,72.77,0,75.78,203.7,370403,医药生物,shmb,C,2024-03-27,[],0,0,buy,AA,,22.008,40.872,6.5,buy,2030-03-04,3.518,17.968,2912.12,33067.13,1.26,-3.21,,0,14:59:57,00,Y,N,0,0,Y,,2024-09-09 开始转股,计算使用3.6年期 评级为AA 债参考YTM：1.7731,N,17.97,全价：127.919 最后更新：14:59:57,,,,0,{'M': ''},0,0,N,,,buy,buy
2026-08-28 19:31:32,127115,炬申转债,jszz,184.228,3.86,001202,炬申股份,jsgf,14.36,3.83,2.72,13.76,104.36,156,76.53,260.76,420802,交通运输,szmb,C,2026-08-13,[],0,0,buy,AA-,,9.632,17.888,22.7,buy,2032-07-23,5.907,3.8,97129.38,7315.13,136.8,-7.93,,0,15:33:54,00,Y,N,0,0,Y,,未到转股期；2027-02-01 开始转股,计算使用6.0年期 评级为AA- 债参考YTM：3.1171,N,3.8,全价：184.228 最后更新：15:33:54,,,,0,[],0,0,N,,,buy,buy
2026-08-28 19:31:32,110101,宝钛转债,btzz,156.004,-0.64,600456,宝钛股份,btgf,27.32,-0.22,1.8,30.98,88.19,123,76.9,232.9,240504,有色金属,shmb,C,2026-07-16,[],0,0,buy,AAA,,21.686,40.274,26.8,buy,2032-06-23,5.825,35.0,5575.19,13397.19,1.01,-5.96,,0,15:00:00,00,Y,N,0,0,Y,,未到转股期；2026-12-30 开始转股,计算使用5.9年期 评级为AAA 债参考YTM：1.7818,N,35.0,全价：156.004 最后更新：15:00:00,,,,0,{'M': ''},0,0,N,,,buy,buy
2026-08-28 19:31:32,118037,上声转债,sszz,130.287,-0.42,688533,上声电子,ssdz,20.98,0.19,1.94,28.64,73.25,0,77.86,208.15,280206,汽车,shkc,C,2023-08-01,[],0,0,buy,A+,,20.048,37.232,13.5,buy,2029-07-06,2.858,4.679,717.66,2951.19,1.18,-4.46,,0,14:58:35,00,Y,N,2,1,Y,转股价下修2次，成功下修1次,2024-01-12 开始转股,计算使用2.9年期 评级为A+ 债参考YTM：4.5393,N,5.2,全价：130.287 最后更新：14:58:35,,,,0,{'M': ''},0,0,N,,,buy,buy
2026-08-28 19:31:32,123268,本川转债,bczz,189.949,-1.48,300964,本川智能,bczn,57.8,-2.78,5.47,54.13,106.78,55,77.89,267.84,270202,电子,szcy,C,2026-05-07,[],0,0,buy,AA-,,37.891,70.369,9.4,buy,2032-04-16,5.638,4.69,19144.48,24705.87,21.09,-8.08,,0,15:33:54,00,Y,N,0,0,Y,,未到转股期；2026-10-23 开始转股,计算使用5.7年期 评级为AA- 债参考YTM：2.9118,N,4.69,全价：189.949 最后更新：15:33:54,,,,0,{'M': ''},0,0,N,,,buy,buy
2026-08-28 19:31:32,123229,艾录转债,alzz,133.016,0.32,301062,上海艾录,shal,7.43,4.8,2.37,9.95,74.67,0,78.13,211.15,360205,轻工制造,szcy,C,2023-11-20,[],0,0,buy,A,,6.965,12.935,8.7,buy,2029-10-23,3.156,1.779,1045.97,7622.48,4.42,-3.21,,0,15:34:09,00,Y,N,0,0,Y,,2024-04-29 开始转股,计算使用3.2年期 评级为A 债参考YTM：6.9532,N,5.0,全价：133.016 最后更新：15:34:09,,,,0,{'M': ''},0,0,N,,,buy,buy
2026-08-28 19:31:32,111025,圣泉转债,sqzz,168.156,-0.66,605589,圣泉集团,sqjt,39.96,-0.4,3.13,42.38,94.29,125,78.34,246.5,220504,基础化工,shmb,C,2026-07-21,[],0,0,buy,AA+,,29.666,55.094,7.4,buy,2032-06-24,5.827,25.0,26066.23,139287.97,6.14,-6.87,,0,14:59:54,00,Y,N,1,1,Y,转股价下修1次，成功下修1次,未到转股期；2027-01-01 开始转股,计算使用5.9年期 评级为AA+ 债参考YTM：1.9056,N,25.0,全价：168.156 最后更新：14:59:54,,,,0,{'M': ''},0,0,N,,,buy,buy
2026-08-28 19:31:32,127083,山路转债,slzz,119.595,-0.17,000498,山东路桥,sdlq,4.97,0.61,0.27,7.42,66.98,0,78.55,198.15,620306,建筑装饰,szmb,C,2023-04-26,[],0,0,buy,AAA,,5.194,9.646,67.1,buy,2029-03-24,2.573,48.359,3853.14,4330.22,0.67,-2.8,,0,15:34:51,00,Y,N,0,0,Y,,2023-10-09 开始转股,计算使用2.6年期 评级为AAA 债参考YTM：1.6200,N,48.36,全价：119.595 最后更新：15:34:51,,,,0,{'M': ''},0,0,N,,,buy,buy
2026-08-28 19:31:32,123259,锦浪转02,jlz02,155.155,0.2,300763,锦浪科技,jlkj,62.55,1.3,2.72,72.41,86.38,0,79.61,234.77,630503,电力设备,szcy,C,2025-11-06,[],0,0,buy,AA,,50.687,94.133,8.3,buy,2031-10-17,5.14,16.763,8660.86,77458.94,3.3,-5.84,,0,15:34:21,00,Y,N,1,1,Y,转股价下修1次，成功下修1次,2026-04-23 开始转股,计算使用5.2年期 评级为AA 债参考YTM：1.8915,N,16.766,全价：155.155 最后更新：15:34:21,,,,0,"{'G': '本次（2026年4月23日至2026年5月20日）不提前赎回，以2027年5月21日为首个交易日重新计算', 'M': ''}",0,0,N,,,buy,buy
2026-08-28 19:31:32,111026,派克转债,pkzz,168.2,4.89,605123,派克新材,pkxc,76.6,-0.1,1.99,81.8,93.64,167,79.62,247.82,650201,国防军工,shmb,C,2026-08-25,[],0,0,buy,AA,,57.26,106.34,17.0,buy,2032-08-05,5.943,15.8,82777.19,9278.15,31.54,-6.47,,0,14:59:59,00,Y,N,0,0,Y,,未到转股期；2027-02-12 开始转股,计算使用6.0年期 评级为AA 债参考YTM：2.0971,N,15.8,全价：168.200 最后更新：14:59:59,,,,0,{'M': ''},0,0,N,,,buy,buy
2026-08-28 19:31:32,118065,艾为转债,awzz,141.955,0.49,688798,艾为电子,awdz,62.51,0.94,3.43,79.4,78.73,0,80.31,222.27,270105,电子,shkc,C,2026-02-26,[],0,0,buy,AA+,,55.58,103.22,22.4,buy,2032-01-22,5.406,19.01,29858.22,48370.15,10.97,-4.27,,0,15:00:00,00,Y,N,0,0,Y,,2026-07-28 开始转股,计算使用5.5年期 评级为AA+ 债参考YTM：1.8546,N,19.01,全价：141.955 最后更新：15:00:00,,,,0,{'M': ''},0,0,N,,,buy,buy
2026-08-28 19:31:32,127038,国微转债,gwzz,116.732,-0.95,002049,紫光国微,zggw,62.78,-0.74,3.69,97.01,64.72,0,80.38,197.11,270104,电子,szmb,C,2021-07-14,[],0,0,buy,AA+,,67.907,126.113,2.8,buy,2027-06-10,0.784,14.915,4914.21,80430.55,2.81,-7.39,,0,15:34:30,00,Y,N,0,0,Y,,2021-12-17 开始转股,计算使用0.8年期 评级为AA+ 债参考YTM：1.5421,N,15.0,全价：116.732 最后更新：15:34:30,,,,1,{'M': ''},0,0,N,,,buy,buy
2026-08-28 19:31:32,118072,鼎通转债,dtzz,189.96,-3.8,688668,鼎通科技,dtkj,258.65,-3.85,15.94,246.0,105.14,123,80.67,270.63,730204,通信,shkc,C,2026-07-17,[],0,0,buy,A+,,172.2,319.8,2.6,buy,2032-06-23,5.825,9.3,37824.53,115350.14,20.91,-7.96,,0,14:59:59,00,Y,N,1,1,Y,转股价下修1次，成功下修1次,未到转股期；2026-12-30 开始转股,计算使用5.9年期 评级为A+ 债参考YTM：5.4171,N,9.3,全价：189.960 最后更新：14:59:59,,,,0,{'M': ''},0,0,N,,,buy,buy
2026-08-28 19:31:32,118034,晶能转债,jnzz,119.579,0.02,688223,晶科能源,jkny,4.2,0.96,1.79,6.35,66.14,0,80.79,200.37,630502,电力设备,shkc,C,2023-05-19,[],0,0,buy,AA+,,4.445,7.62,19.3,buy,2029-04-20,2.647,83.22,13044.0,35786.71,1.31,-2.72,,0,14:59:56,00,Y,N,2,1,Y,转股价下修2次，成功下修1次,2023-10-26 开始转股,计算使用2.7年期 评级为AA+ 债参考YTM：1.6804,Y,100.0,全价：119.579 最后更新：14:59:56,,,"按下调到底估算
股东大会：2026-09-03
预估转股价：4.43
预估转股价值：94.81
期权价值：33.83
理论价值：140.41
理论偏离度：-17.42%",0,{'M': ''},0,0,N,120%,,buy,buy
2026-08-28 19:31:32,111024,澳弘转债,ahzz,147.374,-0.7,605058,澳弘电子,ahdz,27.32,-1.01,2.17,33.54,81.46,0,80.93,228.3,270202,电子,shmb,C,2026-01-16,[],0,0,buy,AA-,,23.478,43.602,14.9,buy,2031-12-11,5.29,5.799,2591.06,7482.71,3.02,-4.53,,0,14:59:58,00,Y,N,0,0,Y,,2026-06-17 开始转股,计算使用5.3年期 评级为AA- 债参考YTM：2.5421,N,5.8,全价：147.374 最后更新：14:59:58,,,,0,[],0,0,N,,,buy,buy
2026-08-28 19:31:32,111018,华康转债,hkzz,126.396,0.49,605077,华康股份,hkgf,11.15,1.18,1.06,15.97,69.82,0,81.04,207.44,220315,基础化工,shmb,C,2024-01-15,[],0,0,buy,AA-,,11.179,20.761,39.0,buy,2029-12-25,3.329,13.022,2723.23,4421.18,1.65,-1.75,,0,14:58:42,00,Y,N,0,0,Y,,2024-07-01 开始转股,计算使用3.4年期 评级为AA- 债参考YTM：2.2727,N,13.03,全价：126.396 最后更新：14:58:42,,,,0,[],0,0,N,,,buy,buy
2026-08-28 19:31:32,123168,惠云转债,hyzz,129.797,-0.06,300891,惠云钛业,hyty,7.69,1.72,2.38,10.74,71.6,0,81.28,211.08,220206,基础化工,szcy,C,2022-12-14,[],0,0,buy,AA-,,7.518,13.962,19.1,buy,2028-11-23,2.241,4.899,1369.37,5164.01,2.15,-3.99,,0,15:34:45,00,Y,N,0,0,Y,,2023-05-29 开始转股,计算使用2.3年期 评级为AA- 债参考YTM：2.0364,N,4.9,全价：129.797 最后更新：15:34:45,,,,0,{'M': ''},0,0,N,,,buy,buy
2026-08-28 19:31:32,118024,冠宇转债,gyzz,125.903,0.21,688772,珠海冠宇,zhgy,15.63,3.99,2.47,22.51,69.44,0,81.32,207.22,630701,电力设备,shkc,C,2022-11-17,[],0,0,buy,AA,,15.757,27.012,17.4,buy,2028-10-24,2.159,30.889,9105.07,65754.56,2.33,-4.07,,0,14:59:58,00,Y,N,0,0,Y,,2023-04-28 开始转股,计算使用2.2年期 评级为AA 债参考YTM：1.6858,N,30.89,全价：125.903 最后更新：14:59:58,,,,0,{'M': ''},0,0,N,120%,,buy,buy
2026-08-28 19:31:32,111004,明新转债,mxzz,132.576,1.57,605068,明新旭腾,mxxt,17.71,1.66,1.74,24.37,72.67,0,82.43,215.01,280202,汽车,shmb,C,2022-04-25,[],0,0,buy,AA-,,17.059,31.681,23.4,buy,2028-03-30,1.589,6.715,11905.67,6173.54,13.34,-7.42,,0,14:59:57,00,Y,N,1,0,Y,转股价下修1次，成功下修0次,2022-10-10 开始转股,计算使用1.6年期 评级为AA- 债参考YTM：1.9421,Y,6.73,全价：132.576 最后更新：14:59:57,,,"按下调到底估算
股东大会：2026-09-14
预估转股价：19.77
预估转股价值：89.58
期权价值：22.42
理论价值：136.44
理论偏离度：-2.91%",1,[],0,0,N,,,buy,buy
2026-08-28 19:31:32,113647,禾丰转债,hfzz,119.606,-0.04,603609,禾丰股份,hfgf,6.53,1.08,0.89,10.09,64.72,0,84.81,204.42,110402,农林牧渔,shmb,C,2022-05-18,[],0,0,buy,AA,,7.063,13.117,24.8,buy,2028-04-22,1.652,14.669,2117.86,1768.25,1.21,-3.0,,0,14:59:09,00,Y,N,0,0,Y,,2022-10-28 开始转股,计算使用1.7年期 评级为AA 债参考YTM：1.6543,N,15.0,全价：119.606 最后更新：14:59:09,,,,0,{'M': ''},0,0,N,,,buy,buy
2026-08-28 19:31:32,123215,铭利转债,mlzz,124.255,-0.62,301268,铭利达,mld,12.89,-3.88,3.48,19.19,67.17,0,84.98,209.24,640108,机械设备,szcy,C,2023-08-23,[],0,0,buy,A+,,13.433,24.947,18.3,buy,2029-08-03,2.934,8.555,3327.38,7250.31,3.12,-0.77,,0,15:33:57,00,Y,N,1,1,Y,转股价下修1次，成功下修1次,2024-02-19 开始转股,计算使用3.0年期 评级为A+ 债参考YTM：4.5646,N,10.0,全价：124.255 最后更新：15:33:57,,,,0,{'M': ''},0,0,N,,,buy,buy
2026-08-28 19:31:32,123279,天脉转债,tmzz,180.0,-1.1,301626,苏州天脉,sztm,258.84,-2.94,18.62,267.33,96.82,163,85.9,265.9,270504,电子,szcy,C,2026-08-18,[],0,0,buy,AA,,187.131,347.529,5.8,buy,2032-08-02,5.934,7.86,21914.19,41412.23,15.28,-7.55,,0,15:34:09,00,Y,N,0,0,Y,,未到转股期；2027-02-08 开始转股,计算使用6.0年期 评级为AA 债参考YTM：2.0971,N,7.86,全价：180.000 最后更新：15:34:09,,,,0,{'M': ''},0,0,N,,,buy,buy
2026-08-28 19:31:32,118074,特宝转债,tbzz,185.819,1.54,688278,特宝生物,tbsw,58.4,-1.1,7.68,58.56,99.73,158,86.33,272.15,370304,医药生物,shkc,C,2026-08-13,[],0,0,buy,AA+,,40.992,76.128,6.4,buy,2032-07-27,5.918,15.33,37306.85,13305.79,13.08,-8.35,,0,15:00:00,00,Y,N,0,0,Y,,未到转股期；2027-02-03 开始转股,计算使用6.0年期 评级为AA+ 债参考YTM：1.9171,N,15.33,全价：185.819 最后更新：15:00:00,,,,0,{'M': ''},0,0,N,,,buy,buy
2026-08-28 19:31:32,123165,回天转债,htzz,135.489,0.18,300041,回天新材,htxc,10.91,-0.46,1.93,15.05,72.49,0,86.9,222.39,220316,基础化工,szcy,C,2022-11-15,[],0,0,buy,AA-,,10.535,19.565,14.3,buy,2028-10-27,2.167,8.496,2262.71,18843.23,1.97,-6.11,,0,15:34:42,00,Y,N,1,0,Y,转股价下修1次，成功下修0次,2023-05-04 开始转股,计算使用2.2年期 评级为AA- 债参考YTM：2.0152,Y,8.5,全价：135.489 最后更新：15:34:42,,,"按下调到底估算
股东大会：2026-09-11
预估转股价：10.97
预估转股价值：99.45
期权价值：29.64
理论价值：143.23
理论偏离度：-5.71%",0,{'M': ''},0,0,N,,,buy,buy
2026-08-28 19:31:32,113703,翔26转债,x26zz,138.849,0.41,603112,华翔股份,hxgf,16.29,2.52,1.92,21.94,74.25,107,87.01,225.86,330601,家用电器,shmb,C,2026-07-07,[],0,0,buy,AA-,,15.358,28.522,14.9,buy,2032-06-07,5.781,13.01,6648.83,25785.66,3.67,-3.14,,0,14:59:56,00,Y,N,0,0,Y,,未到转股期；2026-12-14 开始转股,计算使用5.8年期 评级为AA- 债参考YTM：2.9968,N,13.01,全价：138.849 最后更新：14:59:56,,,,0,[],0,0,N,,,buy,buy
2026-08-28 19:31:32,123193,海能转债,hnzz,127.772,-0.48,300787,海能实业,hnsy,9.88,-1.3,2.01,14.5,68.14,0,87.52,215.29,270504,电子,szcy,C,2023-05-09,[],0,0,buy,AA-,,10.15,18.85,30.9,buy,2029-04-13,2.627,5.997,1513.92,3540.76,1.97,-2.87,,0,15:33:57,00,Y,N,0,0,Y,,2023-10-19 开始转股,计算使用2.7年期 评级为AA- 债参考YTM：2.1382,N,6.0,全价：127.772 最后更新：15:33:57,,,,0,[],0,0,N,,,buy,buy
2026-08-28 19:31:32,123276,久吾转02,jwz02,172.302,2.6,300631,久吾高科,jwgk,21.8,0.0,2.0,23.78,91.67,149,87.95,260.25,760201,环保,szcy,C,2026-08-04,[],0,0,buy,A+,,16.646,30.914,11.3,buy,2032-07-19,5.896,3.0,44320.42,2222.21,85.75,-6.18,,0,15:34:06,00,Y,N,0,0,Y,,未到转股期；2027-01-25 开始转股,计算使用5.9年期 评级为A+ 债参考YTM：5.4171,N,3.0,全价：172.302 最后更新：15:34:06,,,,0,[],0,0,N,,,buy,buy
2026-08-28 19:31:32,118052,浩瀚转债,hhzz,139.792,1.42,688292,浩瀚深度,hhsd,17.95,2.87,2.88,24.2,74.17,0,88.47,228.26,710103,计算机,shkc,C,2025-04-07,[],0,0,buy,A+,,16.94,31.46,12.5,buy,2031-03-13,4.543,3.539,3110.07,7242.4,6.31,-3.41,,0,14:59:58,00,Y,N,0,0,Y,,2025-09-19 开始转股,计算使用4.6年期 评级为A+ 债参考YTM：4.7198,N,3.54,全价：139.792 最后更新：14:59:58,,,,0,{'M': ''},0,0,N,,,buy,buy
2026-08-28 19:31:32,113627,太平转债,tpzz,115.636,-0.39,603877,太平鸟,tpn,12.6,0.8,1.33,20.61,61.14,0,89.15,204.79,350209,纺织服饰,shmb,C,2021-08-06,[],0,0,buy,AA,,14.427,26.793,13.5,buy,2027-07-15,0.88,7.997,1245.59,1945.46,1.35,-5.56,,0,14:58:31,00,Y,N,1,1,Y,转股价下修1次，成功下修1次,2022-01-21 开始转股,计算使用0.9年期 评级为AA 债参考YTM：1.5788,N,8.0,全价：115.636 最后更新：14:58:31,,,,0,{'M': ''},0,0,Y,,,buy,buy
2026-08-28 19:31:32,113655,欧22转债,o22zz,121.965,0.24,603833,欧派家居,opjj,32.8,0.68,1.05,51.29,63.95,0,90.72,212.69,360308,轻工制造,shmb,C,2022-09-01,[],0,0,buy,AA,,35.903,66.677,10.1,buy,2028-08-05,1.94,19.999,3074.23,11160.4,1.26,-3.54,,0,14:59:18,00,Y,N,1,1,Y,转股价下修1次，成功下修1次,2023-02-13 开始转股,计算使用2.0年期 评级为AA 债参考YTM：1.6723,N,20.0,全价：121.965 最后更新：14:59:18,,,,0,{'M': ''},0,0,N,,,buy,buy
2026-08-28 19:31:32,113708,曙26转债,s26zz,150.502,-1.63,603019,中科曙光,zksg,85.82,-0.83,5.45,108.89,78.81,145,90.96,241.46,710103,计算机,shmb,C,2026-08-06,[],0,0,buy,AAA,,76.223,141.557,6.4,buy,2032-07-14,5.882,80.0,30910.15,228601.69,2.54,-5.49,,0,14:59:59,00,Y,N,0,0,Y,,未到转股期；2027-01-21 开始转股,计算使用5.9年期 评级为AAA 债参考YTM：1.7818,N,80.0,全价：150.502 最后更新：14:59:59,,,,0,{'M': ''},0,0,N,,,buy,buy
2026-08-28 19:31:32,118071,华峰转债,hfzz,222.318,-5.31,688200,华峰测控,hfck,389.03,-2.74,18.65,335.79,115.86,122,91.89,314.21,270108,电子,shkc,C,2026-07-17,[],0,0,buy,AA,,235.053,436.527,1.0,buy,2032-06-22,5.822,7.49,48491.05,115182.07,28.14,-11.0,,0,15:00:00,00,Y,N,0,0,Y,,未到转股期；2026-12-29 开始转股,计算使用5.9年期 评级为AA 债参考YTM：2.0726,N,7.49,全价：222.318 最后更新：15:00:00,,,,0,{'M': ''},0,0,N,,,buy,buy
2026-08-28 19:31:32,113634,珀莱转债,plzz,125.401,-0.29,603605,珀莱雅,bly,61.35,-1.59,3.62,94.27,65.08,0,92.69,218.09,770202,美容护理,shmb,C,2022-01-04,[],0,0,buy,AA,,65.989,122.551,3.1,buy,2027-12-08,1.28,7.507,2464.95,39271.27,2.61,-5.48,,0,14:59:29,00,Y,N,0,0,Y,,2022-06-14 开始转股,计算使用1.3年期 评级为AA 债参考YTM：1.6304,N,7.517,全价：125.401 最后更新：14:59:29,,,,1,{'M': ''},0,0,N,,,buy,buy
2026-08-28 19:31:32,118070,南芯转债,nxzz,161.887,-0.11,688484,南芯科技,nxkj,36.45,-3.11,3.89,43.71,83.39,118,94.13,256.02,270105,电子,shkc,C,2026-07-10,[],0,0,buy,AA+,,30.597,56.823,10.1,buy,2032-06-17,5.808,15.869,12865.88,29554.29,4.99,-6.15,,0,14:59:56,00,Y,N,0,0,Y,,未到转股期；2026-12-25 开始转股,计算使用5.9年期 评级为AA+ 债参考YTM：1.9056,N,15.869,全价：161.887 最后更新：14:59:56,,,,0,{'M': ''},0,0,N,,,buy,buy
2026-08-28 19:31:32,113648,巨星转债,jxzz,119.045,-0.33,603477,巨星农牧,jxnm,15.2,0.4,2.93,24.84,61.19,0,94.54,213.59,110702,农林牧渔,shmb,C,2022-05-17,[],0,0,buy,AA-,,17.388,32.292,11.6,buy,2028-04-25,1.66,8.997,2282.36,14656.29,2.13,-3.53,,0,14:59:17,00,Y,N,0,0,Y,,2022-10-31 开始转股,计算使用1.7年期 评级为AA- 债参考YTM：1.9512,N,10.0,全价：119.045 最后更新：14:59:17,,,,0,{'M': ''},0,0,N,,,buy,buy
2026-08-28 19:31:32,113656,嘉诚转债,jczz,122.218,-0.41,603535,嘉诚国际,jcgj,6.45,3.04,1.27,10.33,62.44,0,95.74,217.96,420805,交通运输,shmb,C,2022-10-12,[],0,0,buy,A+,,7.231,13.429,24.3,buy,2028-09-01,2.014,7.998,3735.45,2780.75,3.81,-1.56,,0,14:59:39,00,Y,N,0,0,N,2026-08-10 起暂停转股：权益分派,2023-03-07 开始转股;2026-08-10 起暂停转股：权益分派,计算使用2.1年期 评级为A+ 债参考YTM：4.3371,N,8.0,全价：122.218 最后更新：14:59:39,,,,0,[],0,0,N,,,buy,buy
2026-08-28 19:31:32,127068,顺博转债,sbzz,125.289,-0.16,002996,顺博合金,sbhj,6.35,1.76,1.24,10.0,63.5,0,97.31,222.6,240301,有色金属,szmb,C,2022-09-07,[],0,0,buy,AA-,,7.0,13.0,28.5,buy,2028-08-12,1.959,8.3,1433.35,6722.72,1.38,-6.49,,0,15:34:00,00,Y,N,2,2,Y,转股价下修2次，成功下修2次,2023-02-20 开始转股,计算使用2.0年期 评级为AA- 债参考YTM：1.9823,N,8.3,全价：125.289 最后更新：15:34:00,,,,1,[],0,0,N,,,buy,buy
2026-08-28 19:31:32,113671,武进转债,wjzz,129.968,0.26,603878,武进不锈,wjbx,5.15,1.38,1.13,7.88,65.36,0,98.86,228.83,230403,钢铁,shmb,C,2023-08-03,[],0,0,buy,AA,,5.516,10.244,10.7,buy,2029-07-10,2.869,3.093,1826.38,5354.46,4.53,-4.74,,0,14:59:01,00,Y,N,0,0,Y,,2024-01-15 开始转股,计算使用2.9年期 评级为AA 债参考YTM：1.7196,N,3.1,全价：129.968 最后更新：14:59:01,,,,0,[],0,0,N,,,buy,buy
2026-08-28 19:31:32,113702,斯达转债,sdzz,173.556,-1.67,603290,斯达半导,sdbd,91.07,-2.34,3.16,104.79,86.91,54,99.7,273.26,270102,电子,shmb,C,2026-05-11,[],0,0,buy,AA+,,73.353,136.227,6.9,buy,2032-04-15,5.636,15.0,19285.97,63956.87,7.32,-7.63,,0,14:59:59,00,Y,N,0,0,Y,,未到转股期；2026-10-22 开始转股,计算使用5.7年期 评级为AA+ 债参考YTM：1.8804,N,15.0,全价：173.556 最后更新：14:59:59,,,,0,{'M': ''},0,0,N,,,buy,buy
2026-08-28 19:31:32,123264,双乐转债,slzz,124.175,-0.06,301036,双乐股份,slgf,22.56,1.48,1.34,36.4,61.98,0,100.35,224.53,220305,基础化工,szcy,C,2026-01-16,[],0,0,buy,AA-,,25.48,47.32,50.9,buy,2031-12-26,5.332,8.0,2907.8,1769.91,2.92,-1.66,,0,15:34:06,00,Y,N,0,0,Y,,2026-07-06 开始转股,计算使用5.4年期 评级为AA- 债参考YTM：2.6272,N,8.0,全价：124.175 最后更新：15:34:06,,,,0,{'M': ''},0,0,N,,,buy,buy
2026-08-28 19:31:32,123192,科思转债,kszz,125.776,-0.51,300856,科思股份,ksgf,10.82,-0.92,1.88,17.32,62.47,0,101.33,227.11,770201,美容护理,szcy,C,2023-05-11,[],0,0,buy,AA-,,12.124,22.516,14.4,buy,2029-04-13,2.627,7.187,1081.35,4724.19,1.19,-2.28,,0,15:34:51,00,Y,N,0,0,Y,,2023-10-19 开始转股,计算使用2.7年期 评级为AA- 债参考YTM：2.1382,N,7.249,全价：125.776 最后更新：15:34:51,,,,0,{'M': ''},0,0,N,,,buy,buy
2026-08-28 19:31:32,113625,江山转债,jszz,116.741,-0.02,603208,江山欧派,jsop,11.46,1.33,2.03,19.84,57.76,0,102.11,218.85,360308,轻工制造,shmb,C,2021-07-01,[],0,0,buy,A,,13.888,25.792,28.9,buy,2027-06-11,0.786,5.825,1015.99,1606.35,1.49,1.38,,0,14:58:46,00,Y,N,1,1,Y,转股价下修1次，成功下修1次,2021-12-20 开始转股,计算使用0.8年期 评级为A 债参考YTM：6.5061,N,5.83,全价：116.741 最后更新：14:58:46,,,,1,[],0,0,N,,,buy,buy
2026-08-28 19:31:32,118063,金05转债,j05zz,151.212,-0.42,688676,金盘科技,jpkj,66.11,-0.99,5.74,88.6,74.62,0,102.65,253.86,630801,电力设备,shkc,C,2026-01-14,[],0,0,buy,AA+,,62.02,115.18,5.5,buy,2031-12-25,5.329,16.707,12037.59,122873.98,4.74,-5.62,,0,15:00:00,00,Y,N,0,0,Y,,2026-07-01 开始转股,计算使用5.4年期 评级为AA+ 债参考YTM：1.8425,N,16.71,全价：151.212 最后更新：15:00:00,,,,0,{'M': ''},0,0,N,,,buy,buy
2026-08-28 19:31:32,123275,肇民转债,zmzz,145.3,1.02,301000,肇民科技,zmkj,24.16,-0.98,4.52,33.8,71.48,139,103.28,248.58,280205,汽车,szcy,C,2026-07-24,[],0,0,buy,AA-,,23.66,43.94,10.6,buy,2032-07-08,5.866,5.9,8213.05,7539.99,9.56,-4.14,,0,15:34:30,00,Y,N,0,0,Y,,未到转股期；2027-01-15 开始转股,计算使用5.9年期 评级为AA- 债参考YTM：3.0672,N,5.9,全价：145.300 最后更新：15:34:30,,,,0,{'M': ''},0,0,N,,,buy,buy
2026-08-28 19:31:32,113707,科博转债,kbzz,173.15,-0.25,603786,科博达,kbd,38.63,-3.16,2.75,45.56,84.79,135,104.21,277.36,280206,汽车,shmb,C,2026-07-31,[],0,0,buy,AA+,,31.892,59.228,9.6,buy,2032-07-02,5.849,14.91,19560.69,15478.64,7.42,-7.33,,0,14:59:55,00,Y,N,0,0,Y,,未到转股期；2027-01-11 开始转股,计算使用5.9年期 评级为AA+ 债参考YTM：1.9056,N,14.91,全价：173.150 最后更新：14:59:55,,,,0,{'M': ''},0,0,N,,,buy,buy
2026-08-28 19:31:32,123266,博士转债,bszz,140.608,-0.14,300622,博士眼镜,bsyj,14.83,0.07,5.1,21.54,68.85,26,104.23,244.84,450401,商贸零售,szcy,C,2026-04-07,[],0,0,buy,AA,,15.078,28.002,11.5,buy,2032-03-17,5.556,3.75,3269.79,10434.24,6.18,-3.51,,0,15:34:27,00,Y,N,0,0,Y,,未到转股期；2026-09-24 开始转股,计算使用5.6年期 评级为AA 债参考YTM：1.9888,N,3.75,全价：140.608 最后更新：15:34:27,,,,0,[],0,0,N,,,buy,buy
2026-08-28 19:31:32,113701,祥和转债,xhzz,146.922,-0.85,603500,祥和实业,xhsy,9.61,-0.72,3.0,13.37,71.88,11,104.41,251.33,640501,机械设备,shmb,C,2026-03-26,[],0,0,buy,A+,,9.359,17.381,12.5,buy,2032-03-02,5.515,4.0,4004.95,7539.31,6.74,-3.82,,0,14:59:57,00,Y,N,0,0,Y,,未到转股期；2026-09-09 开始转股,计算使用5.6年期 评级为A+ 债参考YTM：5.1670,N,4.0,全价：146.922 最后更新：14:59:57,,,,0,[],0,0,N,,,buy,buy
2026-08-28 19:31:32,123109,昌红转债,chzz,123.64,-1.0,300151,昌红科技,chkj,16.07,-2.78,5.32,26.64,60.32,0,104.96,228.6,640209,机械设备,szcy,C,2021-04-19,[],0,0,buy,AA-,,18.648,34.632,7.8,buy,2027-04-01,0.592,4.595,1266.42,16192.57,2.22,-11.86,,0,15:34:33,00,Y,N,0,0,Y,,2021-10-08 开始转股,计算使用0.6年期 评级为AA- 债参考YTM：1.7944,N,4.6,全价：123.640 最后更新：15:34:33,,,,0,{'M': ''},0,0,Y,,,buy,buy
2026-08-28 19:31:32,118067,上26转债,s26zz,133.706,-0.69,688533,上声电子,ssdz,20.98,0.19,1.94,32.25,65.05,26,105.53,239.24,280206,汽车,shkc,C,2026-04-14,[],0,0,buy,A+,,22.575,41.925,9.4,buy,2032-03-17,5.556,3.25,670.9,2951.19,1.54,-2.27,,0,14:58:58,00,Y,N,0,0,Y,,未到转股期；2026-09-24 开始转股,计算使用5.6年期 评级为A+ 债参考YTM：5.1670,N,3.25,全价：133.706 最后更新：14:58:58,,,,0,{'M': ''},0,0,N,,,buy,buy
2026-08-28 19:31:32,113709,振26转债,z26zz,178.523,1.22,603067,振华股份,zhgf,34.87,-2.24,6.09,40.33,86.46,160,106.48,285.0,220203,基础化工,shmb,C,2026-08-17,[],0,0,buy,AA,,28.231,52.429,3.3,buy,2032-07-29,5.923,8.78,59159.48,78125.99,37.2,-7.43,,0,14:59:59,00,Y,N,0,0,Y,,未到转股期；2027-02-05 开始转股,计算使用6.0年期 评级为AA 债参考YTM：2.0971,N,8.78,全价：178.523 最后更新：14:59:59,,,,0,{'M': ''},0,0,N,,,buy,buy
2026-08-28 19:31:32,127044,蒙娜转债,mnzz,118.5,1.63,002918,蒙娜丽莎,mnls,11.33,10.0,1.4,19.76,57.34,0,106.67,225.17,360306,轻工制造,szmb,C,2021-09-16,[],0,0,buy,AA-,,13.832,25.688,13.9,buy,2027-08-16,0.967,3.368,12148.75,25721.17,30.39,-5.67,,0,15:34:33,00,Y,N,1,1,Y,转股价下修1次，成功下修1次,2022-02-21 开始转股,计算使用1.0年期 评级为AA- 债参考YTM：1.8564,N,11.689,全价：118.500 最后更新：15:34:33,,,,1,[],0,0,N,,,buy,buy
2026-08-28 19:31:32,113679,芯能转债,xnzz,126.118,-0.35,603105,芯能科技,xnkj,7.62,-3.3,1.73,12.55,60.72,0,107.71,233.83,410106,公用事业,shmb,C,2023-11-24,[],0,0,buy,AA-,,8.785,16.315,23.1,buy,2029-10-26,3.164,8.799,4082.25,17359.02,3.67,-1.73,,0,14:58:51,00,Y,N,0,0,Y,,2024-05-06 开始转股,计算使用3.2年期 评级为AA- 债参考YTM：2.2512,N,8.8,全价：126.118 最后更新：14:58:51,,,,0,{'M': ''},0,0,N,,,buy,buy
2026-08-28 19:31:32,127085,韵达转债,ydzz,121.925,0.02,002120,韵达股份,ydgf,6.75,0.9,0.91,11.53,58.54,0,108.27,230.2,420804,交通运输,szmb,C,2023-05-23,[],0,0,buy,AA+,,8.071,14.989,12.9,buy,2029-04-11,2.622,24.499,1185.21,21441.06,0.4,-3.48,,0,15:33:54,00,Y,N,0,0,Y,,2023-10-17 开始转股,计算使用2.7年期 评级为AA+ 债参考YTM：1.6804,N,24.5,全价：121.925 最后更新：15:33:54,,,,0,{'M': ''},0,0,N,,,buy,buy
2026-08-28 19:31:32,123113,仙乐转债,xlzz,115.39,-0.04,300791,仙乐健康,xljk,17.54,0.98,1.83,31.69,55.35,0,108.48,223.87,340407,食品饮料,szcy,C,2021-05-14,[],0,0,buy,AA-,,22.183,41.197,22.7,buy,2027-04-19,0.641,10.248,969.01,2946.11,0.82,-3.23,,0,15:34:30,00,Y,N,0,0,Y,,2021-10-25 开始转股,计算使用0.7年期 评级为AA- 债参考YTM：1.7972,N,10.249,全价：115.390 最后更新：15:34:30,,,,0,[],0,0,N,,,buy,buy
2026-08-28 19:31:32,123262,神宇转债,syzz,133.22,-0.52,300563,神宇股份,sygf,24.62,-1.76,3.86,38.62,63.75,0,108.97,242.19,730205,通信,szcy,C,2025-12-30,[],0,0,buy,AA-,,27.034,50.206,15.6,buy,2031-12-11,5.29,4.999,2243.72,8904.85,3.36,-2.99,,0,15:34:24,00,Y,N,0,0,Y,,2026-06-17 开始转股,计算使用5.3年期 评级为AA- 债参考YTM：2.5421,N,5.0,全价：133.220 最后更新：15:34:24,,,,0,{'M': ''},0,0,N,,,buy,buy
2026-08-28 19:31:32,123196,正元转02,zyz02,128.55,0.9,300645,正元智慧,zyzh,13.46,1.51,1.73,21.91,61.43,0,109.25,237.8,710103,计算机,szcy,C,2023-05-19,[],0,0,buy,A+,,15.337,28.483,18.7,buy,2029-04-18,2.641,3.501,1791.89,5152.74,3.99,-3.15,,0,15:34:00,00,Y,N,2,1,Y,转股价下修2次，成功下修1次,2023-10-24 开始转股,计算使用2.7年期 评级为A+ 债参考YTM：4.4846,N,3.507,全价：128.550 最后更新：15:34:00,,,,0,[],0,0,N,,,buy,buy
2026-08-28 19:31:32,123138,丝路转债,slzz,128.869,0.07,300556,丝路视觉,slsj,16.32,0.8,4.67,26.53,61.52,0,109.49,238.36,710401,计算机,szcy,C,2022-03-22,[],0,0,buy,A-,,18.571,34.489,13.5,buy,2028-03-02,1.512,2.393,814.53,5599.44,2.64,-6.01,,0,15:34:33,00,Y,N,0,0,Y,,2022-09-08 开始转股,计算使用1.6年期 评级为A- 债参考YTM：8.9783,N,2.4,全价：128.869 最后更新：15:34:33,,,,0,[],0,0,N,,,buy,buy
2026-08-28 19:31:32,123274,维科转债,wkzz,145.988,0.89,301499,维科精密,wkjm,24.82,-1.04,2.63,35.62,69.68,128,109.51,255.5,280206,汽车,szcy,C,2026-07-10,[],0,0,buy,A+,,24.934,46.306,18.4,buy,2032-06-25,5.83,6.3,4503.84,2600.56,4.89,-3.65,,0,15:34:30,00,Y,N,0,0,Y,,未到转股期；2027-01-04 开始转股,计算使用5.9年期 评级为A+ 债参考YTM：5.4171,N,6.3,全价：145.988 最后更新：15:34:30,,,,0,{'M': ''},0,0,N,,,buy,buy
2026-08-28 19:31:32,118069,爱科转债,akzz,169.497,4.01,688092,爱科科技,akkj,22.97,-0.69,2.85,28.53,80.51,110,110.52,280.02,640209,机械设备,shkc,C,2026-07-09,[],0,0,buy,AA-,,19.971,37.089,14.1,buy,2032-06-10,5.789,2.67,31993.8,1305.33,70.84,-6.21,,0,15:00:00,00,Y,N,0,0,Y,,未到转股期；2026-12-17 开始转股,计算使用5.8年期 评级为AA- 债参考YTM：2.9968,N,2.67,全价：169.497 最后更新：15:00:00,,,,0,{'M': ''},0,0,N,,,buy,buy
2026-08-28 19:31:32,118073,赛斯转债,sszz,176.962,1.17,688480,赛恩斯,ses,73.9,-1.73,5.74,88.16,83.83,149,111.11,288.07,760104,环保,shkc,C,2026-08-12,[],0,0,buy,AA,,61.712,114.608,7.8,buy,2032-07-16,5.888,5.519,17723.08,5053.3,17.95,-7.33,,0,14:59:56,00,Y,N,0,0,Y,,未到转股期；2027-01-25 开始转股,计算使用5.9年期 评级为AA 债参考YTM：2.0726,N,5.519,全价：176.962 最后更新：14:59:56,,,,0,{'M': ''},0,0,N,,,buy,buy
2026-08-28 19:31:32,113666,爱玛转债,amzz,122.55,-0.15,603529,爱玛科技,amkj,21.46,-0.09,1.83,37.06,57.91,0,111.64,234.19,280401,汽车,shmb,C,2023-03-20,[],0,0,buy,AA,,25.942,48.178,11.0,buy,2029-02-23,2.493,19.994,2607.06,12612.42,1.06,-3.15,,0,14:58:43,00,Y,N,0,0,Y,,2023-09-01 开始转股,计算使用2.5年期 评级为AA 债参考YTM：1.7014,N,20.0,全价：122.550 最后更新：14:58:43,,,,0,{'M': ''},0,0,N,,,buy,buy
2026-08-28 19:31:32,111009,盛泰转债,stzz,125.06,0.54,605138,盛泰集团,stjt,6.21,5.61,1.37,10.51,59.09,0,111.66,236.72,350209,纺织服饰,shmb,C,2022-12-01,[],0,0,buy,AA,,7.357,13.663,20.3,buy,2028-11-07,2.197,7.011,1702.83,4717.08,1.95,-4.48,,0,14:59:54,00,Y,N,0,0,Y,,2023-05-11 开始转股,计算使用2.2年期 评级为AA 债参考YTM：1.6858,N,7.012,全价：125.060 最后更新：14:59:54,,,,0,[],0,0,N,,,buy,buy
2026-08-28 19:31:32,113693,志邦转债,zbzz,124.06,-0.06,603801,志邦家居,zbjj,6.52,1.87,0.96,11.13,58.58,0,111.78,235.84,360308,轻工制造,shmb,C,2025-04-08,[],0,0,buy,AA,,7.791,14.469,23.7,buy,2031-03-18,4.556,6.7,2438.75,16898.05,2.93,-1.81,,0,14:59:41,00,Y,N,0,0,Y,,2025-09-24 开始转股,计算使用4.6年期 评级为AA 债参考YTM：1.8478,N,6.7,全价：124.060 最后更新：14:59:41,,,,0,[],0,0,N,,,buy,buy
2026-08-28 19:31:32,113700,海天转债,htzz,130.971,-0.49,603759,海天股份,htgf,7.65,-0.65,1.21,12.41,61.64,0,112.46,243.43,760102,环保,shmb,C,2026-03-12,[],0,0,buy,AA,,8.687,16.133,22.7,buy,2032-02-05,5.444,8.01,1385.83,6254.52,1.32,-2.63,,0,14:59:00,00,Y,N,0,0,Y,,2026-08-11 开始转股,计算使用5.5年期 评级为AA 债参考YTM：1.9608,N,8.01,全价：130.971 最后更新：14:59:00,,,,0,[],0,0,N,,,buy,buy
2026-08-28 19:31:32,113616,韦尔转债,wezz,109.581,-0.07,603501,豪威集团,hwjt,82.0,-3.0,3.15,159.02,51.57,0,112.51,222.09,270104,电子,shmb,C,2021-01-22,[],0,0,buy,AA+,,111.314,206.726,2.5,buy,2026-12-28,0.334,24.324,6235.32,164292.42,2.34,1.14,,0,14:59:49,00,Y,N,0,0,Y,,2021-07-05 开始转股,计算使用0.4年期 评级为AA+ 债参考YTM：1.5079,N,24.4,全价：109.581 最后更新：14:59:49,,,,0,{'M': ''},0,0,N,,,buy,buy
2026-08-28 19:31:32,123265,耐普转02,npz02,139.3,0.43,300818,耐普矿机,npkj,19.28,0.73,2.25,29.5,65.36,0,113.14,252.44,640103,机械设备,szcy,C,2026-01-30,[],0,0,buy,A+,,20.65,38.35,16.4,buy,2032-01-16,5.389,4.499,1902.08,5212.68,3.03,-2.94,,0,15:34:21,00,Y,N,0,0,Y,,2026-07-22 开始转股,计算使用5.4年期 评级为A+ 债参考YTM：4.9758,N,4.5,全价：139.300 最后更新：15:34:21,,,,0,[],0,0,N,,,buy,buy
2026-08-28 19:31:32,118075,奥普转债,apzz,194.689,-2.29,688686,奥普特,apt,136.0,-0.77,5.21,150.03,90.65,159,114.77,309.46,640704,机械设备,shkc,C,2026-08-19,[],0,0,buy,AA,,105.021,195.039,7.6,buy,2032-07-28,5.921,12.7,160525.4,30160.25,62.32,-8.79,,0,15:00:00,00,Y,N,0,0,Y,,未到转股期；2027-02-04 开始转股,计算使用6.0年期 评级为AA 债参考YTM：2.0971,N,12.7,全价：194.689 最后更新：15:00:00,,,,0,{'M': ''},0,0,N,,,buy,buy
2026-08-28 19:31:32,113638,台21转债,t21zz,127.414,-0.36,603055,台华新材,thxc,9.49,2.04,1.52,16.01,59.28,0,114.95,242.36,350106,纺织服饰,shmb,C,2022-01-21,[],0,0,buy,AA,,11.207,20.813,7.1,buy,2027-12-29,1.337,5.997,1735.58,20486.44,2.27,-8.21,,0,14:59:21,00,Y,N,0,0,Y,,2022-07-05 开始转股,计算使用1.4年期 评级为AA 债参考YTM：1.6377,N,6.0,全价：127.414 最后更新：14:59:21,,,,0,{'M': ''},0,0,N,,,buy,buy
2026-08-28 19:31:32,123260,卓镁转债,zmzz,143.571,0.4,301398,星源卓镁,xyzm,33.4,4.8,3.35,52.15,64.05,0,124.17,267.74,280202,汽车,szcy,C,2025-11-24,[],0,0,buy,A+,,36.505,67.795,12.3,buy,2031-11-07,5.197,4.499,4348.84,10643.18,6.68,-3.62,,0,15:34:18,00,Y,N,0,0,Y,,2026-05-13 开始转股,计算使用5.2年期 评级为A+ 债参考YTM：4.8203,N,4.5,全价：143.571 最后更新：15:34:18,,,,0,{'M': ''},0,0,N,,,buy,buy
2026-08-28 19:31:32,127062,垒知转债,lzzz,126.2,0.0,002398,垒知集团,lzjt,4.23,0.48,0.76,7.56,55.95,0,125.55,251.75,610303,建筑材料,szmb,C,2022-05-20,[],0,0,buy,AA-,,5.292,9.828,15.6,buy,2028-04-21,1.649,3.957,1364.84,3912.24,2.73,-4.54,,0,15:34:39,00,Y,N,0,0,Y,,2022-10-27 开始转股,计算使用1.7年期 评级为AA- 债参考YTM：1.9512,N,3.963,全价：126.200 最后更新：15:34:39,,,,0,[],0,0,N,,,buy,buy
2026-08-28 19:31:32,123175,百畅转债,bczz,119.86,-0.08,300614,百川畅银,bccy,10.75,-0.28,1.95,20.4,52.7,0,127.46,247.32,760103,环保,szcy,C,2023-03-17,[],0,0,buy,BBB+,,14.28,26.52,24.3,buy,2029-02-22,2.49,4.199,2117.18,1991.24,4.2,-1.23,,0,15:34:51,00,Y,N,3,2,Y,转股价下修3次，成功下修2次,2023-08-28 开始转股,计算使用2.5年期 评级为BBB+ 债参考YTM：12.2927,Y,4.2,全价：119.860 最后更新：15:34:51,,,"按下调到底估算
股东大会：2026-09-15
预估转股价：10.81
预估转股价值：99.44
期权价值：29.31
理论价值：117.05
理论偏离度：2.34%",0,{'M': ''},0,0,N,,,buy,buy
2026-08-28 19:31:32,118068,迪威转债,dwzz,134.057,0.04,688377,迪威尔,dwe,18.87,-1.46,2.3,32.49,58.08,103,130.82,264.88,640203,机械设备,shkc,C,2026-06-30,[],0,0,buy,AA-,,22.743,42.237,20.6,buy,2032-06-03,5.77,9.08,4559.65,4616.96,3.74,-2.85,,0,14:59:59,00,Y,N,0,0,Y,,未到转股期；2026-12-10 开始转股,计算使用5.8年期 评级为AA- 债参考YTM：2.9968,N,9.08,全价：134.057 最后更新：14:59:59,,,,0,{'M': ''},0,0,N,,,buy,buy
2026-08-28 19:31:32,118022,锂科转债,lkzz,120.875,-0.82,688779,五矿新能,wkxn,8.07,-1.1,2.06,15.49,52.1,0,132.01,252.89,630702,电力设备,shkc,C,2022-11-07,[],0,0,buy,AA,,10.843,20.137,20.9,buy,2028-10-11,2.123,32.497,2051.09,13239.81,0.52,-3.07,,0,14:59:52,00,Y,N,0,0,Y,,2023-04-17 开始转股,计算使用2.2年期 评级为AA 债参考YTM：1.6858,N,32.5,全价：120.875 最后更新：14:59:52,,,,0,{'M': ''},0,0,N,,,buy,buy
2026-08-28 19:31:32,118042,奥维转债,awzz,127.567,-0.28,688516,奥特维,atw,45.8,0.55,3.8,83.69,54.73,0,133.1,260.67,630505,电力设备,shkc,C,2023-09-01,[],0,0,buy,AA-,,58.583,108.797,7.9,buy,2029-08-10,2.953,11.399,4690.23,49496.05,3.2,-2.5,,0,14:59:43,00,Y,N,0,0,Y,,2024-02-19 开始转股,计算使用3.0年期 评级为AA- 债参考YTM：2.2146,N,11.4,全价：127.567 最后更新：14:59:43,,,,0,{'M': ''},0,0,N,,,buy,buy
2026-08-28 19:31:32,118076,先锋转债,xfzz,195.871,10.5,688605,先锋精科,xfjk,71.52,-1.56,8.67,86.4,82.78,167,136.62,332.49,270108,电子,shkc,C,2026-08-26,[],0,0,buy,AA,,60.48,112.32,9.7,buy,2032-08-05,5.943,7.5,398640.4,23917.34,277.4,-8.85,,0,15:00:00,00,Y,N,0,0,Y,,未到转股期；2027-02-12 开始转股,计算使用6.0年期 评级为AA 债参考YTM：2.0971,N,7.5,全价：195.871 最后更新：15:00:00,,,,0,{'M': ''},0,0,N,,,buy,buy
2026-08-28 19:31:32,118066,统联转债,tlzz,132.297,0.22,688210,统联精密,tljm,31.2,0.16,4.0,56.2,55.52,8,138.3,270.6,270504,电子,shkc,C,2026-03-20,[],0,0,buy,AA-,,39.34,73.06,11.3,buy,2032-03-02,5.515,5.76,4469.56,29329.34,5.81,-2.74,,0,14:59:35,00,Y,N,0,0,Y,,未到转股期；2026-09-06 开始转股,计算使用5.6年期 评级为AA- 债参考YTM：2.8179,N,5.76,全价：132.297 最后更新：14:59:35,,,,0,{'M': ''},0,0,N,,,buy,buy
2026-08-28 19:31:32,123090,三诺转债,snzz,111.587,0.0,300298,三诺生物,snsw,16.08,-0.31,2.91,34.52,46.58,0,139.55,251.14,370502,医药生物,szcy,C,2021-01-12,[],0,0,buy,AA,,24.164,44.876,6.9,buy,2026-12-21,0.315,4.984,1544.11,3868.93,2.78,1.18,,0,15:34:27,00,Y,N,0,0,Y,,2021-06-25 开始转股,计算使用0.4年期 评级为AA 债参考YTM：1.5299,N,5.0,全价：111.587 最后更新：15:34:27,,,,0,{'M': ''},0,0,N,,,buy,buy
2026-08-28 19:31:32,111014,李子转债,lzzz,124.531,0.52,605337,李子园,lzy,9.46,2.38,2.22,18.21,51.95,0,139.72,264.25,340701,食品饮料,shmb,C,2023-07-13,[],0,0,buy,AA,,12.747,23.673,16.4,buy,2029-06-20,2.814,5.999,1937.49,3269.73,2.6,-2.74,,0,14:59:00,00,Y,N,0,0,Y,,2023-12-28 开始转股,计算使用2.9年期 评级为AA 债参考YTM：1.7196,N,6.0,全价：124.531 最后更新：14:59:00,,,,0,[],0,0,N,,,buy,buy
2026-08-28 19:31:32,113650,博22转债,b22zz,124.795,0.15,603916,苏博特,sbt,11.87,3.22,1.15,23.27,51.01,0,144.65,269.45,220309,基础化工,shmb,C,2022-07-28,[],0,0,buy,AA-,,16.289,30.251,16.0,buy,2028-07-01,1.844,7.996,3429.31,17093.46,3.43,-3.47,,0,14:58:42,00,Y,N,0,0,Y,,2023-01-09 开始转股,计算使用1.9年期 评级为AA- 债参考YTM：1.9707,N,8.0,全价：124.795 最后更新：14:58:42,,,,0,{'M': ''},0,0,N,,,buy,buy
2026-08-28 19:31:32,118015,芯海转债,xhzz,129.101,0.34,688595,芯海科技,xhkj,28.81,0.49,5.77,55.22,52.17,0,147.45,276.55,270104,电子,shkc,C,2022-08-18,[],0,0,buy,A+,,38.654,71.786,9.9,buy,2028-07-21,1.899,4.1,1454.46,14024.05,2.74,-4.94,,0,14:59:44,00,Y,N,0,0,Y,,2023-01-30 开始转股,计算使用1.9年期 评级为A+ 债参考YTM：4.3103,N,4.1,全价：129.101 最后更新：14:59:44,,,,1,{'M': ''},0,0,N,,,buy,buy
2026-08-28 19:31:32,123180,浙矿转债,zkzz,129.883,-0.17,300837,浙矿股份,zkgf,23.3,1.66,1.63,47.59,48.96,0,165.28,295.16,640203,机械设备,szcy,C,2023-03-28,[],0,0,buy,AA-,,33.313,61.867,18.1,buy,2029-03-09,2.532,3.196,1144.42,3449.1,2.75,-3.62,,0,15:34:51,00,Y,N,0,0,Y,,2023-09-15 开始转股,计算使用2.6年期 评级为AA- 债参考YTM：2.1115,N,3.2,全价：129.883 最后更新：15:34:51,,,,0,[],0,0,N,,,buy,buy
2026-08-28 19:31:32,113049,长汽转债,cqzz,107.041,0.05,601633,长城汽车,ccqc,15.32,0.2,1.5,38.74,39.55,0,170.68,277.72,280502,汽车,shmb,C,2021-07-08,[],0,0,buy,AAA,,27.118,50.362,3.7,buy,2027-06-10,0.784,34.95,5211.71,12282.4,1.39,-0.05,,0,14:58:58,00,Y,N,0,0,Y,,2021-12-17 开始转股,计算使用0.8年期 评级为AAA 债参考YTM：1.5206,N,35.0,全价：107.041 最后更新：14:58:58,,,,1,{'M': ''},0,0,N,,,buy,buy
2026-08-28 19:31:32,127098,欧晶转债,ojzz,125.737,0.01,001269,欧晶科技,ojkj,19.5,2.36,4.92,42.0,46.43,0,170.82,296.56,630504,电力设备,szmb,C,2023-12-15,[],0,0,buy,A+,,29.4,54.6,12.5,buy,2029-11-24,3.244,4.693,699.86,4554.14,1.18,-2.48,,0,15:34:27,00,Y,N,1,1,Y,转股价下修1次，成功下修1次,2024-05-30 开始转股,计算使用3.3年期 评级为A+ 债参考YTM：4.6165,N,4.7,全价：125.737 最后更新：15:34:27,,,,0,[],0,0,N,,,buy,buy
2026-08-28 19:31:32,123117,健帆转债,jfzz,112.91,-0.78,300529,健帆生物,jfsw,15.9,0.0,3.67,38.15,41.68,0,170.91,283.82,370503,医药生物,szcy,C,2021-07-12,[],0,0,buy,AA,,26.705,49.595,12.3,buy,2027-06-23,0.819,9.998,3474.09,6989.07,3.06,-3.16,,0,15:34:42,00,Y,N,2,2,Y,转股价下修2次，成功下修2次,2021-12-29 开始转股,计算使用0.9年期 评级为AA 债参考YTM：1.5788,N,10.0,全价：112.910 最后更新：15:34:42,,,,0,{'M': ''},0,0,N,,,buy,buy
2026-08-28 19:31:32,123250,嘉益转债,jyzz,126.149,-0.39,301004,嘉益股份,jygf,34.6,-1.7,2.72,79.66,43.44,0,190.43,316.58,360311,轻工制造,szcy,C,2024-11-26,[],0,0,buy,A+,,55.762,103.558,8.4,buy,2030-11-07,4.197,3.955,618.86,1739.46,1.24,-1.47,,0,15:34:18,00,Y,N,0,0,Y,,2025-05-13 开始转股,计算使用4.2年期 评级为A+ 债参考YTM：4.6900,N,3.979,全价：126.149 最后更新：15:34:18,,,,0,{'M': ''},0,0,N,,,buy,buy
2026-08-28 19:31:32,123151,康医转债,kyzz,120.45,-0.17,300869,康泰医学,ktyx,11.25,-3.02,2.69,27.55,40.84,0,194.97,315.42,370502,医药生物,szcy,C,2022-07-20,[],0,0,buy,A+,,19.285,35.815,23.6,buy,2028-07-01,1.844,6.998,1109.39,5864.39,1.32,-1.35,,0,15:34:39,00,Y,N,0,0,Y,,2023-01-09 开始转股,计算使用1.9年期 评级为A+ 债参考YTM：4.3103,N,7.0,全价：120.450 最后更新：15:34:39,,,,0,{'M': ''},0,0,N,,,buy,buy
2026-08-28 19:31:32,113670,金23转债,j23zz,123.986,-0.3,603180,金牌家居,jpjj,15.5,0.98,0.92,37.54,41.29,0,200.29,324.28,360308,轻工制造,shmb,C,2023-05-16,[],0,0,buy,AA,,26.278,48.802,32.2,buy,2029-04-17,2.638,7.7,793.82,1485.38,0.83,-1.79,,0,14:59:01,00,Y,N,0,0,Y,,2023-10-23 开始转股,计算使用2.7年期 评级为AA 债参考YTM：1.7104,N,7.7,全价：123.986 最后更新：14:59:01,,,,0,[],0,0,N,,,buy,buy
2026-08-28 19:31:32,123267,珂玛转债,kmzz,311.683,-1.89,301611,珂玛科技,kmkj,98.45,-4.45,22.68,97.47,101.01,54,208.58,520.26,270103,电子,szcy,C,2026-05-13,[],0,0,buy,AA,,68.229,126.711,5.2,buy,2032-04-15,5.636,7.5,22213.65,83749.35,9.4,-16.54,,0,15:34:51,00,Y,N,0,0,Y,,未到转股期；2026-10-22 开始转股,计算使用5.7年期 评级为AA 债参考YTM：2.0174,N,7.5,全价：311.683 最后更新：15:34:51,,,,0,{'M': ''},0,0,N,,,buy,buy
2026-08-28 19:31:32,113660,寿22转债,s22zz,125.856,-0.02,603896,寿仙谷,sxg,14.85,0.95,1.29,36.84,40.31,0,212.22,338.08,370201,医药生物,shmb,C,2022-12-12,[],0,0,buy,AA-,,25.788,47.892,13.5,buy,2028-11-17,2.225,3.977,458.3,2248.82,0.92,-3.86,,0,14:59:13,00,Y,N,0,0,Y,,2023-05-23 开始转股,计算使用2.3年期 评级为AA- 债参考YTM：2.0364,N,3.98,全价：125.856 最后更新：14:59:13,,,,0,[],0,0,N,,,buy,buy
2026-08-28 19:31:32,110085,通22转债,t22zz,114.502,-0.42,600438,通威股份,twgf,11.96,0.5,1.6,34.6,34.57,0,231.25,345.75,630501,电力设备,shmb,C,2022-03-18,[],0,0,buy,AAA,,24.22,44.98,22.3,buy,2028-02-24,1.493,119.831,5516.66,40170.37,0.4,-2.2,,0,14:59:56,00,Y,N,0,0,Y,,2022-09-02 开始转股,计算使用1.5年期 评级为AAA 债参考YTM：1.5549,N,120.0,全价：114.502 最后更新：14:59:56,,,,0,{'M': ''},0,0,N,,,buy,buy
2026-08-28 19:31:32,128135,洽洽转债,qqzz,114.748,0.0,002557,洽洽食品,qqsp,18.78,1.51,1.87,54.95,34.18,0,235.75,350.5,340801,食品饮料,szmb,C,2020-11-18,[],0,0,buy,AA,,38.465,71.435,14.2,buy,2026-10-20,0.145,13.398,1636.26,12859.25,1.06,1.54,,0,15:34:24,00,Y,N,0,0,Y,,2021-04-26 开始转股,计算使用0.2年期 评级为AA 债参考YTM：1.5044,N,13.4,全价：114.748 最后更新：15:34:24,,,,1,{'M': ''},0,0,N,,,buy,buy
2026-08-28 19:31:32,118032,建龙转债,jlzz,125.6,-0.15,688357,建龙微纳,jlwn,26.57,0.91,1.44,71.41,37.21,0,237.56,363.16,220309,基础化工,shkc,C,2023-04-07,[],0,0,buy,AA-,,49.987,92.833,26.3,buy,2029-03-08,2.529,6.999,490.57,2302.95,0.56,-2.32,,0,14:58:28,00,Y,N,0,0,Y,,2023-09-14 开始转股,计算使用2.6年期 评级为AA- 债参考YTM：2.1115,N,7.0,全价：125.600 最后更新：14:58:28,,,,0,{'M': ''},0,0,N,,,buy,buy
2026-08-28 19:31:32,118010,洁特转债,jtzz,125.998,0.65,688026,洁特生物,jtsw,16.51,5.5,1.94,47.88,34.48,0,265.4,391.4,370503,医药生物,shkc,C,2022-08-02,[],0,0,buy,A+,,33.516,62.244,19.0,buy,2028-06-28,1.836,4.399,1399.62,9796.51,2.52,-6.37,,0,14:58:35,00,Y,N,0,0,Y,,2023-01-04 开始转股,计算使用1.9年期 评级为A+ 债参考YTM：4.3103,N,4.4,全价：125.998 最后更新：14:58:35,,,,0,{'M': ''},0,0,N,,,buy,buy
2026-08-28 19:31:32,118005,天奈转债,tnzz,123.741,0.22,688116,天奈科技,tnkj,33.51,-0.21,3.16,99.01,33.85,0,265.61,389.35,630702,电力设备,shkc,C,2022-03-01,[],0,0,buy,AA-,,69.307,128.713,6.8,buy,2028-01-27,1.416,8.299,1573.8,18370.79,1.53,-7.0,,0,14:58:55,00,Y,N,0,0,Y,,2022-08-09 开始转股,计算使用1.5年期 评级为AA- 债参考YTM：1.9326,N,8.3,全价：123.741 最后更新：14:58:55,,,,0,{'M': ''},0,0,N,,,buy,buy
2026-08-28 19:31:32,113633,科沃转债,kwzz,113.209,-0.24,603486,科沃斯,kws,53.02,-0.02,3.02,172.97,30.65,0,269.33,382.54,330302,家用电器,shmb,C,2021-12-29,[],0,0,buy,AA,,121.079,224.861,3.4,buy,2027-11-30,1.258,10.396,1703.7,20796.9,1.44,-1.01,,0,15:00:00,00,Y,N,0,0,Y,,2022-06-06 开始转股,计算使用1.3年期 评级为AA 债参考YTM：1.6304,N,10.4,全价：113.209 最后更新：15:00:00,,,,0,{'M': ''},0,0,N,,,buy,buy
2026-08-28 19:31:32,127025,冀东转债,jdzz,105.735,0.01,000401,金隅冀东,jyjd,3.66,1.1,0.37,12.92,28.33,0,273.25,378.99,610101,建筑材料,szmb,C,2020-12-02,[],0,0,buy,AAA,,9.044,16.796,18.4,buy,2026-11-05,0.189,17.764,3345.76,3659.52,1.78,1.35,,0,15:34:36,00,Y,Y,0,0,Y,,2021-05-11 开始转股,计算使用0.2年期 评级为AAA 债参考YTM：1.4672,N,28.2,全价：105.735 最后更新：15:34:36,,,,0,{'M': ''},0,0,N,,,buy,buy
2026-08-28 19:31:32,123072,乐歌转债,lgzz,119.73,0.0,300729,乐歌股份,lggf,10.42,1.36,0.96,32.61,31.95,0,274.7,394.43,360311,轻工制造,szcy,C,2020-11-10,[],0,0,buy,A+,,22.827,42.393,4.1,buy,2026-10-21,0.148,1.418,1203.68,2131.91,7.09,1.55,,0,15:34:27,00,Y,N,0,0,Y,,2021-04-27 开始转股,计算使用0.2年期 评级为A+ 债参考YTM：4.0544,N,1.42,全价：119.730 最后更新：15:34:27,,,,0,[],0,0,N,,,buy,buy
2026-08-28 19:31:32,123270,盛德转债,sdzz,228.15,-2.5,300881,盛德鑫泰,sdxt,31.8,0.98,2.63,53.68,59.24,100,285.13,513.28,230501,钢铁,szcy,C,2026-06-12,[],0,0,buy,A+,,37.576,69.784,22.2,buy,2032-05-31,5.762,4.05,18476.62,3877.01,19.68,-10.96,,0,15:34:24,00,Y,N,0,0,Y,,未到转股期；2026-12-07 开始转股,计算使用5.8年期 评级为A+ 债参考YTM：5.3465,N,4.05,全价：228.150 最后更新：15:34:24,,,,0,{'M': ''},0,0,N,,,buy,buy
2026-08-28 19:31:32,123273,三江转债,sjzz,350.0,-2.23,301059,金三江,jsj,12.08,2.03,4.18,14.43,83.71,117,318.09,668.09,220309,基础化工,szcy,C,2026-07-03,[],0,0,buy,A+,,10.101,18.759,11.6,buy,2032-06-16,5.806,2.9,73196.49,5355.3,71.11,-17.15,,0,15:34:03,00,Y,N,0,0,Y,,未到转股期；2026-12-24 开始转股,计算使用5.9年期 评级为A+ 债参考YTM：5.4171,N,2.9,全价：350.000 最后更新：15:34:03,,,,0,{'M': ''},0,0,N,,,buy,buy
2026-08-28 19:31:32,123179,立高转债,lgzz,123.69,0.25,300973,立高食品,lgsp,25.91,3.43,1.62,94.64,27.38,0,351.8,475.49,340802,食品饮料,szcy,C,2023-03-27,[],0,0,buy,AA-,,66.248,123.032,30.9,buy,2029-03-07,2.526,9.499,1412.12,11091.31,1.2,-1.61,,0,15:33:57,00,Y,N,0,0,Y,,2023-09-13 开始转股,计算使用2.6年期 评级为AA- 债参考YTM：2.1115,N,9.5,全价：123.690 最后更新：15:33:57,,,,0,{'M': ''},0,0,N,,,buy,buy
2026-08-28 19:31:32,113059,福莱转债,flzz,119.069,0.0,601865,福莱特,flt,10.14,2.01,1.1,41.56,24.4,0,388.02,507.09,630504,电力设备,shmb,C,2022-06-13,[],0,0,buy,AA,,29.092,54.028,20.8,buy,2028-05-20,1.729,39.999,3003.35,16502.68,0.63,-2.61,,0,14:59:56,00,Y,N,1,0,Y,转股价下修1次，成功下修0次,2022-11-28 开始转股,计算使用1.8年期 评级为AA 债参考YTM：1.6596,N,40.0,全价：119.069 最后更新：14:59:56,,,,0,{'M': ''},0,0,N,,,buy,buy
