抓取时间,bond_id,bond_nm,bond_py,price,increase_rt,stock_id,stock_nm,stock_py,sprice,sincrease_rt,pb,convert_price,convert_value,convert_begin,premium_rt,dblow,sw_cd,sw_name,market_cd,btype,list_dt,t_flag,owned,hold,bond_value,rating_cd,option_value,put_convert_price,force_redeem_price,convert_amt_ratio,fund_rt,maturity_dt,year_left,curr_iss_amt,volume,svolume,turnover_rt,ytm_rt,put_ytm_rt,noted,last_time,qstatus,sqflag,pb_flag,adj_cnt,adj_scnt,convert_price_valid,convert_price_tips,convert_cd_tip,ref_yield_info,adjusted,orig_iss_amt,price_tips,redeem_dt,real_force_redeem_price,option_tip,after_next_put_dt,icons,is_min_price,blocked,putting,force_redeem_price_tip,notes,volatility_rate,debt_rate
2026-10-05 16:17:48,127117,奥士转债,aszz,100.0,0.0,002913,奥士康,ask,92.3,1.34,6.66,83.96,109.93,175,-9.04,90.96,270202,电子,szmb,C,,[],0,0,buy,AA,,58.772,109.148,3.5,buy,2032-09-22,5.984,10.0,0.0,144420.94,0.0,2.16,,0,,00,Y,N,0,0,Y,,未到转股期；2027-03-30 开始转股,计算使用6.0年期 评级为AA 债参考YTM：1.9691,N,10.0,待上市,,,,0,{'M': ''},0,0,N,,,buy,buy
2026-10-05 16:17:48,113046,金田转债,jtzz,114.731,3.19,601609,金田股份,jtgf,11.72,3.53,1.96,10.18,115.13,0,-0.34,114.39,240302,有色金属,shmb,C,2021-04-12,[],0,0,buy,AA+,,7.126,13.234,6.0,buy,2027-03-22,0.474,12.072,72881.72,54954.23,52.47,-8.7,,0,14:59:58,00,Y,N,0,0,Y,,2021-09-27 开始转股,已公告要强赎，如不考虑强赎纯债价值为109.23元，计算使用0.5年期 评级为AA+ 债参考YTM：1.5024,N,15.0,全价：114.731 最后更新：14:59:58,,,如不考虑强赎期权价值为23.96元,1,"{'O': '', 'M': ''}",0,0,N,,,buy,buy
2026-10-05 16:17:48,110077,洪城转债,hczz,199.778,0.72,600461,洪城环境,hchj,8.81,0.92,1.16,4.41,199.77,0,0.0,199.78,760102,环保,shmb,C,2020-12-17,[],0,0,buy,AA+,,3.087,5.733,4.2,buy,2026-11-20,0.14,4.907,4336.83,6325.43,4.43,-328.02,,0,14:59:50,00,Y,N,0,0,Y,,2021-05-26 开始转股,计算使用0.2年期 评级为AA+ 债参考YTM：1.4654,N,18.0,全价：199.778 最后更新：14:59:50,,,,1,"{'G': '本次（2026年7月12日至2026年7月31日）不提前赎回，至到期日止均不行使提前赎回权利', 'M': ''}",0,0,N,,,buy,buy
2026-10-05 16:17:48,118027,宏图转债,htzz,101.547,2.2,688066,*ST航图,htht,8.8,3.53,-1.96,8.68,101.38,0,0.16,101.71,710301,计算机,shkc,C,2022-12-22,[],0,0,buy,CC,,6.076,11.284,22.0,buy,2028-11-28,2.164,5.924,113234.26,8370.75,185.66,7.8,,0,15:00:00,00,Y,N,4,4,Y,转股价下修4次，成功下修4次,2023-06-02 开始转股,计算使用2.2年期 评级为CC 债参考YTM：58.2058,N,10.088,全价：101.547 最后更新：15:00:00,,,,0,[],0,0,N,,,buy,buy
2026-10-05 16:17:48,123287,满坤转债,mkzz,100.0,0.0,301132,满坤科技,mkkj,66.62,-6.72,5.48,66.97,99.48,185,0.53,100.53,270202,电子,szcy,C,,[],0,0,buy,AA-,,46.879,87.061,12.0,buy,2032-09-27,5.997,7.6,0.0,81186.11,0.0,2.19,,0,,00,Y,N,0,0,Y,,未到转股期；2027-04-09 开始转股,计算使用6.0年期 评级为AA- 债参考YTM：2.7091,N,7.6,待上市,,,,0,{'M': ''},0,0,N,,,buy,buy
2026-10-05 16:17:48,113042,上银转债,syzz,117.472,0.95,601229,上海银行,shyh,9.75,2.09,0.52,8.35,116.77,0,0.6,118.07,480401,银行,shmb,C,2021-02-10,[],0,0,buy,AAA,,,10.855,13.8,buy,2027-01-25,0.321,192.16,30526.23,55991.84,1.36,-14.53,,0,14:59:57,00,Y,Y,0,0,Y,,2021-07-29 开始转股,计算使用0.4年期 评级为AAA 债参考YTM：1.4678,N,200.0,全价：117.472 最后更新：14:59:57,,,,0,{'M': ''},0,0,N,,,buy,buy
2026-10-05 16:17:48,127047,帝欧转债,dozz,130.999,0.15,002798,帝欧水华,dosh,6.58,-0.15,1.89,5.1,129.02,0,1.53,132.53,360306,轻工制造,szmb,C,2021-11-26,[],0,0,buy,BBB+,,3.57,6.63,13.6,buy,2027-10-25,1.069,4.643,5036.6,5239.01,8.29,-10.18,,0,15:34:45,00,Y,N,1,1,Y,转股价下修1次，成功下修1次,2022-04-29 开始转股,计算使用1.1年期 评级为BBB+ 债参考YTM：11.8769,N,15.0,全价：130.999 最后更新：15:34:45,,,,1,[],0,0,N,,,buy,buy
2026-10-05 16:17:48,123243,严牌转债,ypzz,251.0,-5.75,301081,严牌股份,ypgf,17.67,-5.91,3.61,7.22,244.74,0,2.56,253.56,760201,环保,szcy,C,2024-07-26,[],0,0,buy,A+,,5.054,9.386,6.4,buy,2030-07-10,3.778,2.558,74633.66,21206.74,113.92,-18.29,,0,15:34:36,00,Y,N,0,0,Y,,2025-01-16 开始转股,计算使用3.8年期 评级为A+ 债参考YTM：4.5653,N,4.679,全价：251.000 最后更新：15:34:36,,,,0,"{'G': '本次（2026年8月27日至2026年9月16日）不提前赎回，以2026年12月16日后的首个交易日重新计算', 'M': ''}",0,0,N,,,buy,buy
2026-10-05 16:17:48,113605,大参转债,dszz,110.897,0.4,603233,大参林,dsl,18.2,2.08,2.68,16.86,107.95,0,2.73,113.63,370403,医药生物,shmb,C,2020-11-13,[],0,0,buy,AA,,11.802,21.918,6.8,buy,2026-10-22,0.06,14.041,10714.27,10758.88,6.88,-14.07,,0,14:59:57,00,Y,N,1,1,Y,转股价下修1次，成功下修1次,2021-04-28 开始转股,计算使用0.1年期 评级为AA 债参考YTM：1.4751,N,14.05,全价：110.897 最后更新：14:59:57,,,,1,"{'R': '到期\n最后交易日：2026-10-16\n最后转股日：2026-10-21\n债券到期日：2026-10-22\n到期赎回价：110.000元/张', 'M': ''}",0,0,N,,,buy,buy
2026-10-05 16:17:48,111000,起帆转债,qfzz,131.663,0.17,605222,起帆电缆,qfdl,22.11,1.47,1.86,17.29,127.88,0,2.96,134.62,630805,电力设备,shmb,C,2021-06-17,[],0,0,buy,AA-,,12.103,22.477,10.9,buy,2027-05-24,0.647,9.991,15087.07,8840.9,11.38,-19.57,,0,14:59:59,00,Y,N,1,1,Y,转股价下修1次，成功下修1次,2021-11-29 开始转股,计算使用0.7年期 评级为AA- 债参考YTM：1.6952,N,10.0,全价：131.663 最后更新：14:59:59,,,,1,{'G': '本次（2026年3月13日至2026年4月20日）不提前赎回，以2026年10月21日为首个交易日重新起算'},0,0,N,,,buy,buy
2026-10-05 16:17:48,113056,重银转债,cyzz,125.331,1.05,601963,重庆银行,cqyh,11.2,2.1,0.6,9.22,121.48,0,3.17,128.5,480401,银行,shmb,C,2022-04-14,[],0,0,buy,AAA,,,11.986,50.8,buy,2028-03-23,1.48,115.622,22293.57,11130.08,1.54,-7.15,,0,14:59:58,00,Y,N,0,0,Y,,2022-09-30 开始转股,计算使用1.5年期 评级为AAA 债参考YTM：1.5239,N,130.0,全价：125.331 最后更新：14:59:58,,,,0,{'M': ''},0,0,N,,,buy,buy
2026-10-05 16:17:48,118058,微导转债,wdzz,319.526,-6.75,688147,微导纳米,wdnm,101.41,-5.22,15.22,33.29,304.63,0,4.89,324.42,630505,电力设备,shkc,C,2025-08-27,[],0,0,buy,AA,,23.303,43.277,2.5,buy,2031-08-06,4.852,11.697,93876.97,69704.33,24.05,-19.36,,0,15:00:00,00,Y,N,0,0,Y,,2026-02-12 开始转股,计算使用4.9年期 评级为AA 债参考YTM：1.8030,N,11.7,全价：319.526 最后更新：15:00:00,,,,0,{'M': ''},0,0,N,,,buy,buy
2026-10-05 16:17:48,113610,灵康转债,lkzz,121.211,1.24,603669,灵康药业,lkyy,6.33,5.32,7.03,5.5,115.09,0,5.32,126.53,370102,医药生物,shmb,C,2020-12-22,[],0,0,buy,A-,,3.85,7.15,5.6,buy,2026-12-01,0.17,2.528,4728.44,22232.68,15.47,-30.67,,0,14:59:54,00,Y,N,3,3,Y,转股价下修3次，成功下修3次,2021-06-07 开始转股,计算使用0.2年期 评级为A- 债参考YTM：8.6623,N,5.25,全价：121.211 最后更新：14:59:54,,,,1,[],0,0,N,,,buy,buy
2026-10-05 16:17:48,113062,常银转债,cyzz,126.797,0.57,601128,常熟银行,csyh,6.26,1.62,0.68,5.25,119.24,0,6.34,133.14,480501,银行,shmb,C,2022-10-17,[],0,0,buy,AAA,,,6.825,26.3,buy,2028-09-15,1.962,59.994,9588.22,29014.21,1.26,-7.78,,0,14:59:56,00,Y,N,0,0,Y,,2023-03-21 开始转股,计算使用2.0年期 评级为AAA 债参考YTM：1.5737,N,60.0,全价：126.797 最后更新：14:59:56,,,,0,{'M': ''},0,0,N,,,buy,buy
2026-10-05 16:17:48,113686,泰瑞转债,trzz,147.116,-4.13,603289,泰瑞机器,trjq,11.04,-2.82,2.22,8.0,138.0,0,6.61,153.73,640209,机械设备,shmb,C,2024-07-24,[],0,0,buy,AA-,,5.6,10.4,10.4,buy,2030-07-02,3.756,3.363,9503.57,10213.24,18.9,-5.48,,0,14:59:59,00,Y,N,0,0,Y,,2025-01-08 开始转股,计算使用3.8年期 评级为AA- 债参考YTM：2.2077,N,3.378,全价：147.116 最后更新：14:59:59,,,,0,[],0,0,N,,,buy,buy
2026-10-05 16:17:48,127061,美锦转债,mjzz,107.999,0.62,000723,美锦能源,mjny,3.51,1.15,1.24,3.47,101.15,0,6.77,114.77,740201,煤炭,szmb,C,2022-05-30,[],0,0,buy,A,,2.429,4.511,18.0,buy,2028-04-20,1.556,27.74,3674.62,9399.63,1.23,7.41,,0,15:34:45,00,Y,N,2,2,Y,转股价下修2次，成功下修2次,2022-10-26 开始转股,计算使用1.6年期 评级为A 债参考YTM：6.5583,N,35.9,全价：107.999 最后更新：15:34:45,,,,1,{'M': ''},0,0,N,,,buy,buy
2026-10-05 16:17:48,123207,冠中转债,gzzz,181.958,-1.11,300948,冠中生态,gzst,17.77,-0.5,2.91,10.44,170.21,0,6.9,188.86,620307,建筑装饰,szcy,C,2023-08-09,[],0,0,buy,A-,,7.308,13.572,5.3,buy,2029-07-21,2.808,1.455,7544.22,3896.43,28.16,-14.24,,0,15:34:21,00,Y,N,1,1,Y,转股价下修1次，成功下修1次,2024-01-29 开始转股,计算使用2.9年期 评级为A- 债参考YTM：9.1509,N,4.0,全价：181.958 最后更新：15:34:21,,,,0,{'M': ''},0,0,N,,,buy,buy
2026-10-05 16:17:48,113043,财通转债,ctzz,109.336,0.06,601108,财通证券,ctzq,8.15,-0.24,0.96,7.98,102.13,0,7.06,116.4,490101,非银金融,shmb,C,2020-12-28,[],0,0,buy,AAA,,,10.374,10.0,buy,2026-12-10,0.195,37.992,11819.73,19428.99,2.85,-15.91,,0,14:59:56,00,Y,Y,1,1,Y,转股价下修1次，成功下修1次,2021-06-16 开始转股,计算使用0.2年期 评级为AAA 债参考YTM：1.4454,N,38.0,全价：109.336 最后更新：14:59:56,,,,0,{'M': ''},0,0,N,,,buy,buy
2026-10-05 16:17:48,123091,长海转债,chzz,124.2,-2.39,300196,长海股份,chgf,17.14,-2.67,1.45,14.79,115.89,0,7.17,131.37,610202,建筑材料,szcy,C,2021-01-15,[],0,0,buy,AA,,10.353,19.227,12.9,buy,2026-12-23,0.23,5.459,15098.7,16131.1,22.03,-46.74,,0,15:33:54,00,Y,N,0,0,Y,,2021-06-29 开始转股,计算使用0.3年期 评级为AA 债参考YTM：1.4781,N,5.5,全价：124.200 最后更新：15:33:54,,,,1,[],0,0,N,,,buy,buy
2026-10-05 16:17:48,113681,镇洋转债,zyzz,136.479,0.39,603213,镇洋发展,zyfz,13.87,0.87,3.32,10.95,126.67,0,7.75,144.23,220202,基础化工,shmb,C,2024-01-17,[],0,0,buy,AA-,,7.665,14.235,8.9,buy,2029-12-29,3.249,5.476,2971.5,2344.87,3.98,-4.13,,0,14:59:20,00,Y,N,0,0,Y,,2024-07-05 开始转股,计算使用3.3年期 评级为AA- 债参考YTM：2.1659,N,6.6,全价：136.479 最后更新：14:59:20,,,,0,[],0,0,N,,,buy,buy
2026-10-05 16:17:48,113615,金诚转债,jczz,701.844,1.07,603979,金诚信,jcx,72.28,-0.1,3.64,11.12,650.0,0,7.98,709.82,240302,有色金属,shmb,C,2021-01-14,[],0,0,buy,AA,,7.784,14.456,1.1,buy,2026-12-23,0.23,4.958,20276.21,20548.04,5.84,-369.58,,0,14:59:59,00,Y,N,0,0,Y,,2021-06-29 开始转股,计算使用0.3年期 评级为AA 债参考YTM：1.4781,N,10.0,全价：701.844 最后更新：14:59:59,,,,1,"{'G': '本次（2025年10月10日至2025年10月30日）不提前赎回，至2026年12月22日到期均不提前赎回', 'M': ''}",0,0,N,,,buy,buy
2026-10-05 16:17:48,113631,皖天转债,wtzz,131.1,0.86,603689,皖天然气,wtrq,7.72,0.65,1.08,6.51,118.59,0,10.55,141.65,410301,公用事业,shmb,C,2021-12-10,[],0,0,buy,AA+,,4.557,8.463,14.7,buy,2027-11-08,1.107,5.958,3534.88,2442.98,4.53,-13.57,,0,14:59:30,00,Y,N,0,0,Y,,2022-05-12 开始转股,计算使用1.2年期 评级为AA+ 债参考YTM：1.5186,N,9.3,全价：131.100 最后更新：14:59:30,,,,1,[],0,0,N,,,buy,buy
2026-10-05 16:17:48,127116,瑞鹄转02,rhz02,100.0,0.0,002997,瑞鹄模具,rhmj,26.39,2.68,2.08,29.18,90.44,168,10.57,110.57,280205,汽车,szmb,C,,[],0,0,buy,AA,,20.426,37.934,12.4,buy,2032-09-16,5.967,6.86,0.0,6530.71,0.0,1.86,,0,,00,Y,N,0,0,Y,,未到转股期；2027-03-23 开始转股,计算使用6.0年期 评级为AA 债参考YTM：1.9691,N,6.86,待上市,,,,0,{'M': ''},0,0,N,,,buy,buy
2026-10-05 16:17:48,123286,国科转债,gkzz,100.0,0.0,301571,国科天成,gktc,67.1,-1.84,5.68,74.5,90.07,175,11.03,111.03,650501,国防军工,szcy,C,,[],0,0,buy,AA-,,52.15,96.85,10.6,buy,2032-09-22,5.984,8.49,0.0,21807.44,0.0,2.2,,0,,00,Y,N,0,0,Y,,未到转股期；2027-03-30 开始转股,计算使用6.0年期 评级为AA- 债参考YTM：2.7091,N,8.49,待上市,,,,0,{'M': ''},0,0,N,,,buy,buy
2026-10-05 16:17:48,111015,东亚转债,dyzz,133.001,-0.1,605177,东亚药业,dyyy,24.26,-2.26,1.63,20.28,119.63,0,11.18,144.18,370101,医药生物,shmb,C,2023-08-02,[],0,0,buy,A+,,14.196,26.364,24.2,buy,2029-07-06,2.767,6.662,6380.36,13765.24,7.21,-4.15,,0,14:59:54,00,Y,N,1,1,Y,转股价下修1次，成功下修1次,2024-01-12 开始转股,计算使用2.8年期 评级为A+ 债参考YTM：4.4306,N,6.9,全价：133.001 最后更新：14:59:54,,,,0,[],0,0,N,,,buy,buy
2026-10-05 16:17:48,110076,华海转债,hhzz,110.591,-0.38,600521,华海药业,hhyy,16.34,2.19,2.5,16.5,99.03,0,11.67,122.26,370102,医药生物,shmb,C,2020-11-25,[],0,0,buy,AA,,11.55,21.45,7.5,buy,2026-11-02,0.09,18.424,6428.3,34648.93,3.15,-5.91,,0,14:59:45,00,Y,N,1,1,Y,转股价下修1次，成功下修1次,2021-05-06 开始转股,计算使用0.1年期 评级为AA 债参考YTM：1.4751,N,18.426,全价：110.591 最后更新：14:59:45,,,,1,"{'R': '到期\n最后交易日：2026-10-27\n最后转股日：2026-10-30\n债券到期日：2026-11-02\n到期赎回价：110.000元/张', 'M': ''}",0,0,N,,,buy,buy
2026-10-05 16:17:48,127040,国泰转债,gtzz,115.712,1.63,002091,江苏国泰,jsgt,7.57,1.47,0.76,7.35,102.99,0,12.35,128.06,450201,商贸零售,szmb,C,2021-08-10,[],0,0,buy,AA+,,5.145,9.555,32.9,buy,2027-07-07,0.767,39.862,8299.04,6415.52,1.8,-8.72,,0,15:33:54,00,Y,N,0,0,Y,,2022-01-13 开始转股,计算使用0.8年期 评级为AA+ 债参考YTM：1.5104,N,45.574,全价：115.712 最后更新：15:33:54,,,,1,{'M': ''},0,0,N,,,buy,buy
2026-10-05 16:17:48,123245,集智转债,jzzz,353.454,-4.73,300553,集智股份,jzgf,56.35,-5.37,7.4,18.06,312.02,0,13.28,366.73,640107,机械设备,szcy,C,2024-08-28,[],0,0,buy,A,,12.642,23.478,3.2,buy,2030-08-14,3.874,1.537,37470.45,22090.27,67.49,-24.64,,0,15:34:24,00,Y,N,0,0,Y,,2025-02-20 开始转股,计算使用3.9年期 评级为A 债参考YTM：6.9249,N,2.546,全价：353.454 最后更新：15:34:24,,,,0,[],0,0,N,,,buy,buy
2026-10-05 16:17:48,110081,闻泰转债,wtzz,101.389,0.32,600745,*ST闻泰,wtkj,16.43,-0.48,0.86,18.36,89.49,0,13.3,114.69,270102,电子,shmb,C,2021-08-20,[],0,0,buy,BBB-,,12.852,23.868,33.0,buy,2027-07-28,0.825,71.5,5884.31,21367.17,0.81,7.93,,0,14:59:59,00,Y,N,3,3,Y,转股价下修3次，成功下修3次,2022-02-07 开始转股,计算使用0.9年期 评级为BB 债参考YTM：23.8729,N,86.0,全价：101.389 最后更新：14:59:59,,,,1,[],0,0,N,,,buy,buy
2026-10-05 16:17:48,113058,友发转债,yfzz,126.808,0.72,601686,友发集团,yfjt,5.0,0.6,1.04,4.48,111.61,0,13.62,140.43,230403,钢铁,shmb,C,2022-04-26,[],0,0,buy,AA,,3.136,5.824,25.2,buy,2028-03-30,1.499,18.638,5226.73,2028.41,2.21,-7.05,,0,14:59:06,00,Y,N,2,2,Y,转股价下修2次，成功下修2次,2022-10-10 开始转股,计算使用1.5年期 评级为AA 债参考YTM：1.5665,N,20.0,全价：126.808 最后更新：14:59:06,,,,1,[],0,0,N,,,buy,buy
2026-10-05 16:17:48,113711,常青转债,cqzz,100.0,0.0,603125,常青科技,cqkj,20.94,0.82,3.3,24.01,87.21,185,14.66,114.66,220309,基础化工,shmb,C,,[],0,0,buy,AA-,,16.807,31.213,9.4,buy,2032-09-27,5.997,8.0,0.0,7887.44,0.0,2.19,,0,,00,Y,N,0,0,Y,,未到转股期；2027-04-09 开始转股,计算使用6.0年期 评级为AA- 债参考YTM：2.7091,N,8.0,待上市,,,,0,{'M': ''},0,0,N,,,buy,buy
2026-10-05 16:17:48,118077,莱特转债,ltzz,100.0,0.0,688150,莱特光电,ltgd,39.09,-0.94,7.27,44.82,87.22,188,14.66,114.66,270601,电子,shkc,C,,[],0,0,buy,AA,,31.374,58.266,3.3,buy,2032-09-28,6.0,5.25,0.0,16785.75,0.0,2.16,,0,,00,Y,N,0,0,Y,,未到转股期；2027-04-12 开始转股,计算使用6.0年期 评级为AA 债参考YTM：1.9691,N,5.25,待上市,,,,0,{'M': ''},0,0,N,,,buy,buy
2026-10-05 16:17:48,127030,盛虹转债,shzz,112.41,0.82,000301,东方盛虹,dfsh,12.89,0.7,2.2,13.21,97.58,0,15.2,127.61,750301,石油石化,szmb,C,2021-04-21,[],0,0,buy,AA+,,9.247,17.173,5.9,buy,2027-03-22,0.474,49.974,4197.42,20036.12,0.75,-8.28,,0,15:34:30,00,Y,N,0,0,Y,,2021-09-27 开始转股,计算使用0.5年期 评级为AA+ 债参考YTM：1.5024,N,50.0,全价：112.410 最后更新：15:34:30,,,,1,{'M': ''},0,0,N,,,buy,buy
2026-10-05 16:17:48,127080,声迅转债,sxzz,239.72,-1.43,003004,声迅股份,sxgf,60.22,-1.68,7.14,28.94,208.09,0,15.2,254.92,710102,计算机,szmb,C,2023-02-10,[],0,0,buy,A,,20.258,37.622,6.7,buy,2028-12-30,2.252,2.793,44970.08,10711.54,65.91,-27.16,,0,15:34:48,00,Y,N,0,0,Y,,2023-07-07 开始转股,计算使用2.3年期 评级为A 债参考YTM：6.6791,N,2.8,全价：239.720 最后更新：15:34:48,,,,0,{'G': '本次（2026年8月31日至2026年9月18日）不提前赎回，自2026年12月21日重新计算'},0,0,Y,,,buy,buy
2026-10-05 16:17:48,127110,广核转债,ghzz,136.532,0.59,003816,中国广核,zggh,4.23,0.48,1.73,3.58,118.16,0,15.55,152.08,410108,公用事业,szmb,C,2025-07-25,[],0,0,buy,AAA,,2.506,4.654,2.9,buy,2031-07-09,4.775,48.992,10807.55,30305.51,1.62,-4.49,,0,15:34:12,00,Y,N,0,0,Y,,2026-01-15 开始转股,计算使用4.8年期 评级为AAA 债参考YTM：1.6556,N,49.0,全价：136.532 最后更新：15:34:12,,,,0,{'M': ''},0,0,N,,,buy,buy
2026-10-05 16:17:48,127092,运机转债,yjzz,305.326,-2.81,001288,运机集团,yjjt,31.32,-2.61,3.07,11.91,262.97,0,16.11,321.44,640203,机械设备,szmb,C,2023-10-20,[],0,0,buy,AA-,,8.337,15.483,11.0,buy,2029-09-21,2.978,5.249,19274.38,13981.17,11.78,-27.3,,0,15:33:57,00,Y,N,0,0,Y,,2024-03-27 开始转股,计算使用3.0年期 评级为AA- 债参考YTM：2.1209,N,7.3,全价：305.326 最后更新：15:33:57,,,,0,{'G': '本次（2025年12月8日至2025年12月26日）不提前赎回，以2026年12月26日后的首个交易日起重新计算'},0,0,N,,,buy,buy
2026-10-05 16:17:48,127070,大中转债,dzzz,245.0,1.33,001203,大中矿业,dzky,22.28,3.05,4.65,10.56,210.99,0,16.12,261.12,230301,钢铁,szmb,C,2022-10-11,[],0,0,buy,AA,,7.392,13.728,3.2,buy,2028-08-17,1.882,9.342,95031.3,29039.06,41.26,-33.69,,0,15:34:00,00,Y,N,0,0,Y,,2023-02-23 开始转股,计算使用1.9年期 评级为AA 债参考YTM：1.6137,N,15.2,全价：245.000 最后更新：15:34:00,,,,1,{'M': ''},0,0,N,,,buy,buy
2026-10-05 16:17:48,113066,平煤转债,pmzz,137.5,0.38,601666,平煤股份,pmgf,8.82,1.03,0.86,7.46,118.23,0,16.3,153.8,740102,煤炭,shmb,C,2023-04-10,[],0,0,buy,AAA,,5.222,9.698,6.6,buy,2029-03-16,2.46,14.274,5555.95,15270.48,2.83,-8.86,,0,14:59:55,00,Y,N,1,1,Y,转股价下修1次，成功下修1次,2023-09-22 开始转股,计算使用2.5年期 评级为AAA 债参考YTM：1.5937,N,29.0,全价：137.500 最后更新：14:59:55,,,,0,{'M': ''},0,0,N,,,buy,buy
2026-10-05 16:17:48,111024,澳弘转债,ahzz,186.681,-13.31,605058,澳弘电子,ahdz,53.64,-10.0,4.26,33.54,159.93,0,16.73,203.41,270202,电子,shmb,C,2026-01-16,[],0,0,buy,AA-,,23.478,43.602,7.6,buy,2031-12-11,5.2,5.798,217719.97,73131.42,188.65,-8.89,,0,15:00:00,00,Y,N,0,0,Y,,2026-06-17 开始转股,计算使用5.2年期 评级为AA- 债参考YTM：2.3380,N,5.8,全价：186.681 最后更新：15:00:00,,,,0,[],0,0,N,,,buy,buy
2026-10-05 16:17:48,127053,豪美转债,hmzz,210.373,-0.91,002988,豪美新材,hmxc,30.94,-0.45,2.79,17.23,179.57,0,17.15,227.52,240301,有色金属,szmb,C,2022-03-04,[],0,0,buy,AA-,,12.061,22.399,3.3,buy,2028-01-24,1.318,2.575,62548.43,19637.88,112.66,-34.84,,0,15:34:12,00,Y,N,1,1,Y,转股价下修1次，成功下修1次,2022-07-28 开始转股,计算使用1.4年期 评级为AA- 债参考YTM：1.8389,N,8.24,全价：210.373 最后更新：15:34:12,,,,1,{'G': '本次（2026年4月30日至2026年5月25日）不提前赎回，以2026年11月25日后首个交易日起重新计算'},0,0,N,,,buy,buy
2026-10-05 16:17:48,123288,隆新转债,lxzz,100.0,0.0,301149,隆华新材,lhxc,7.81,-1.26,1.98,9.16,85.26,188,17.29,117.29,220309,基础化工,szcy,C,,[],0,0,buy,AA,,6.412,11.908,36.1,buy,2032-09-28,6.0,9.6,0.0,16134.7,0.0,2.16,,0,,00,Y,N,0,0,Y,,未到转股期；2027-04-12 开始转股,计算使用6.0年期 评级为AA 债参考YTM：1.9691,N,9.6,待上市,,,,0,{'M': ''},0,0,N,,,buy,buy
2026-10-05 16:17:48,123213,天源转债,tyzz,248.0,-5.34,301127,武汉天源,whty,15.0,-3.04,2.89,7.1,211.27,0,17.39,265.39,760102,环保,szcy,C,2023-08-16,[],0,0,buy,AA-,,4.97,9.23,3.3,buy,2029-07-28,2.827,3.259,19351.95,15612.8,23.45,-23.96,,0,15:34:09,00,Y,N,0,0,Y,,2024-02-05 开始转股,计算使用2.9年期 评级为AA- 债参考YTM：2.1008,N,10.0,全价：248.000 最后更新：15:34:09,,,,0,"{'G': '本次（2026年3月13日至2026年4月2日）不提前赎回，自2026年10月2日后首个交易日重新计算', 'M': ''}",0,0,N,,,buy,buy
2026-10-05 16:17:48,113051,节能转债,jnzz,115.902,0.36,601016,节能风电,jnfd,3.26,0.0,1.17,3.32,98.19,0,18.04,133.94,410107,公用事业,shmb,C,2021-07-22,[],0,0,buy,AAA,,2.324,4.316,13.5,buy,2027-06-21,0.723,26.519,4958.02,16013.73,1.62,-7.04,,0,14:59:56,00,Y,N,1,0,Y,转股价下修1次，成功下修0次,2021-12-27 开始转股,计算使用0.8年期 评级为AAA 债参考YTM：1.4906,N,30.0,全价：115.902 最后更新：14:59:56,,,,1,{'M': ''},0,0,N,,,buy,buy
2026-10-05 16:17:48,127078,优彩转债,yczz,153.613,-1.02,002998,优彩资源,yczy,7.95,-0.5,1.56,6.11,130.12,0,18.06,171.67,220401,基础化工,szmb,C,2023-01-09,[],0,0,buy,A+,,4.277,7.943,19.3,buy,2028-12-14,2.208,4.158,3616.44,6984.23,5.62,-11.05,,0,15:34:03,00,Y,N,0,0,Y,,2023-06-20 开始转股,计算使用2.3年期 评级为A+ 债参考YTM：4.3291,N,6.0,全价：153.613 最后更新：15:34:03,,,,0,{'G': '本次（2026年8月7日至2026年9月3日）不提前赎回，自2026年12月3日后首个交易日重新计算'},0,0,N,,,buy,buy
2026-10-05 16:17:48,123160,泰福转债,tfzz,161.0,-0.87,300992,泰福泵业,tfby,26.86,-3.0,2.79,19.7,136.35,0,18.08,179.08,640106,机械设备,szcy,C,2022-10-25,[],0,0,buy,A,,13.79,25.61,11.1,buy,2028-09-28,1.997,2.314,14903.21,6230.03,40.02,-14.74,,0,15:33:57,00,Y,N,1,1,Y,转股价下修1次，成功下修1次,2023-04-11 开始转股,计算使用2.0年期 评级为A 债参考YTM：6.6237,N,3.349,全价：161.000 最后更新：15:33:57,,,,1,"{'G': '本次（2026年9月1日至2026年9月28日）不提前赎回，自2026年12月31日后首个交易日重新计算', 'M': ''}",0,0,N,,,buy,buy
2026-10-05 16:17:48,123107,温氏转债,wszz,111.496,0.4,300498,温氏股份,wsgf,15.12,0.27,2.81,16.09,93.97,0,18.65,130.15,110702,农林牧渔,szcy,C,2021-04-21,[],0,0,buy,AAA,,11.263,20.917,8.6,buy,2027-03-29,0.493,77.063,4858.85,32653.72,0.57,-6.36,,0,15:34:03,00,Y,N,0,0,Y,,2021-10-08 开始转股,计算使用0.5年期 评级为AAA 债参考YTM：1.4824,N,92.97,全价：111.496 最后更新：15:34:03,,,,1,{'M': ''},0,0,N,,,buy,buy
2026-10-05 16:17:48,118035,国力转债,glzz,145.146,-0.49,688103,国力电子,gldz,75.98,-4.63,6.28,62.31,121.94,0,19.03,164.18,270401,电子,shkc,C,2023-07-06,[],0,0,buy,A+,,43.617,81.003,6.6,buy,2029-06-12,2.701,4.799,11069.56,12115.31,15.91,-7.4,,0,15:00:00,00,Y,N,0,0,Y,,2023-12-18 开始转股,计算使用2.8年期 评级为A+ 债参考YTM：4.4306,N,4.8,全价：145.146 最后更新：15:00:00,,,,0,{'M': ''},0,0,N,,,buy,buy
2026-10-05 16:17:48,118062,天准转债,tzzz,155.298,-2.69,688003,天准科技,tzkj,71.9,-3.44,6.92,55.13,130.42,0,19.08,174.38,640704,机械设备,shkc,C,2025-12-31,[],0,0,buy,AA-,,38.591,66.156,6.2,buy,2031-12-12,5.203,8.719,20475.78,19155.61,14.92,-5.57,,0,15:00:00,00,Y,N,0,0,Y,,2026-06-18 开始转股,计算使用5.3年期 评级为AA- 债参考YTM：2.3751,N,8.72,全价：155.298 最后更新：15:00:00,,,,0,"{'G': '本次（2026年6月18日至2026年7月9日）不提前赎回，以2026年10月10日为首个交易日重新计算', 'M': ''}",0,0,N,120%,,buy,buy
2026-10-05 16:17:48,123076,强力转债,qlzz,119.78,-0.19,300429,强力新材,qlxc,10.66,-2.74,3.01,10.6,100.57,0,19.11,138.89,270601,电子,szcy,C,2020-12-04,[],0,0,buy,AA-,,7.42,13.78,6.7,buy,2026-11-19,0.137,3.003,1611.44,13594.3,4.47,-42.18,,0,15:33:54,00,Y,N,2,2,Y,转股价下修2次，成功下修2次,2021-05-25 开始转股,计算使用0.2年期 评级为AA- 债参考YTM：1.6123,N,8.5,全价：119.780 最后更新：15:33:54,,,,1,{'M': ''},0,0,N,,,buy,buy
2026-10-05 16:17:48,128138,侨银转债,qyzz,130.484,-0.11,002973,侨银股份,qygf,11.59,-4.92,1.84,10.6,109.34,0,19.34,149.82,760103,环保,szmb,C,2020-12-24,[],0,0,buy,A+,,7.42,13.78,11.4,buy,2026-11-17,0.132,4.199,3347.43,12093.94,6.11,-2.88,,0,15:34:18,00,Y,N,3,3,Y,转股价下修3次，成功下修3次,2021-05-24 开始转股,计算使用0.2年期 评级为A+ 债参考YTM：3.9623,N,4.2,全价：130.484 最后更新：15:34:18,,,,1,[],0,0,N,,,buy,buy
2026-10-05 16:17:48,123092,天壕转债,thzz,115.491,0.22,300332,天壕能源,thny,4.8,0.21,1.04,4.97,96.58,0,19.58,135.07,410301,公用事业,szcy,C,2021-01-15,[],0,0,buy,A+,,3.479,6.461,8.8,buy,2026-12-24,0.233,3.416,1557.05,4104.23,3.95,-1.85,,0,15:33:54,00,Y,N,0,0,Y,,2021-06-30 开始转股,计算使用0.3年期 评级为A+ 债参考YTM：3.9701,N,4.23,全价：115.491 最后更新：15:33:54,,,,1,{'M': ''},0,0,N,,,buy,buy
2026-10-05 16:17:48,118007,山石转债,sszz,141.983,-0.29,688030,山石网科,sswk,19.59,1.08,4.96,16.5,118.73,0,19.59,161.57,710402,计算机,shkc,C,2022-04-21,[],0,0,buy,A-,,11.55,21.45,7.6,buy,2028-03-22,1.477,2.671,6718.95,11446.61,17.56,-12.72,,0,14:59:56,00,Y,N,1,1,Y,转股价下修1次，成功下修1次,2022-09-28 开始转股,计算使用1.5年期 评级为A- 债参考YTM：8.8922,N,2.674,全价：141.983 最后更新：14:59:56,,,,1,{'M': ''},0,0,N,,,buy,buy
2026-10-05 16:17:48,123247,万凯转债,wkzz,179.079,0.72,301216,万凯新材,wkxc,16.69,2.14,1.47,11.15,149.69,0,19.64,198.72,220501,基础化工,szcy,C,2024-09-05,[],0,0,buy,AA,,7.805,14.495,21.6,buy,2030-08-16,3.88,19.642,18502.5,19514.23,5.19,-11.1,,0,15:34:18,00,Y,N,0,0,Y,,2025-02-24 开始转股,计算使用3.9年期 评级为AA 债参考YTM：1.7581,N,27.0,全价：179.079 最后更新：15:34:18,,,,0,"{'G': '本次（2026年6月17日至2026年7月8日）不提前赎回，自2026年10月8日后首个交易日重新计算', 'M': ''}",0,0,N,,,buy,buy
2026-10-05 16:17:48,118051,皓元转债,hyzz,298.094,1.47,688131,皓元医药,hyyy,99.47,1.92,6.4,40.13,247.87,0,20.26,318.35,370603,医药生物,shkc,C,2024-12-19,[],0,0,buy,AA-,,28.091,52.169,3.9,buy,2030-11-28,4.164,8.218,108786.37,56055.92,43.54,-20.36,,0,14:59:59,00,Y,N,0,0,Y,,2025-06-04 开始转股,计算使用4.2年期 评级为AA- 债参考YTM：2.2442,N,8.223,全价：298.094 最后更新：14:59:59,,,,0,"{'G': '本次（2026年5月20日至2026年6月9日）不提前赎回，以2026年10月12日为首个交易日重新计算', 'M': ''}",0,0,N,,,buy,buy
2026-10-05 16:17:48,127045,牧原转债,myzz,117.965,0.9,002714,牧原股份,mygf,42.45,0.38,3.06,43.32,97.99,0,20.38,138.35,110702,农林牧渔,szmb,C,2021-09-10,[],0,0,buy,AAA,,30.324,56.316,6.9,buy,2027-08-16,0.877,95.429,7355.97,98144.77,0.65,-10.6,,0,15:34:42,00,Y,Y,0,0,Y,,2022-02-21 开始转股,计算使用0.9年期 评级为AAA 债参考YTM：1.4913,N,95.5,全价：117.965 最后更新：15:34:42,,,,1,{'M': ''},0,0,N,,,buy,buy
2026-10-05 16:17:48,123080,海波转债,hbzz,122.122,-0.15,300517,海波重科,hbzk,11.44,0.26,2.21,11.28,101.42,0,20.41,142.53,620401,建筑装饰,szcy,C,2020-12-22,[],0,0,buy,A+,,7.896,14.664,10.3,buy,2026-12-02,0.173,1.485,1630.36,3728.55,8.97,-10.23,,0,15:33:57,00,Y,N,0,0,Y,,2021-06-08 开始转股,计算使用0.2年期 评级为A+ 债参考YTM：3.9623,N,2.45,全价：122.122 最后更新：15:33:57,,,,1,[],0,0,N,,,buy,buy
2026-10-05 16:17:48,123178,花园转债,hyzz,139.557,0.49,300401,花园生物,hysw,15.41,0.52,2.35,13.34,115.52,0,20.81,160.37,370101,医药生物,szcy,C,2023-03-23,[],0,0,buy,AA-,,9.338,17.342,14.0,buy,2029-03-06,2.433,11.58,4952.31,23010.55,3.06,-6.61,,0,15:34:18,00,Y,N,1,1,Y,转股价下修1次，成功下修1次,2023-09-11 开始转股,计算使用2.5年期 评级为AA- 债参考YTM：2.0179,N,12.0,全价：139.557 最后更新：15:34:18,,,,0,{'M': ''},0,0,N,,,buy,buy
2026-10-05 16:17:48,123235,亿田转债,ytzz,181.6,-1.02,300911,亿田智能,ytzn,32.01,-2.41,5.23,21.31,150.21,0,20.9,202.5,330401,家用电器,szcy,C,2024-01-12,[],0,0,buy,A+,,14.917,27.703,7.9,buy,2029-12-21,3.227,4.352,109410.44,26168.55,135.83,-12.38,,0,15:34:15,00,Y,N,0,0,Y,,2024-06-27 开始转股,计算使用3.3年期 评级为A+ 债参考YTM：4.5174,N,5.202,全价：181.600 最后更新：15:34:15,,,,0,"{'G': '本次（2026年9月1日至2026年9月23日）不提前赎回，自2026年12月23日后首个交易日重新起算', 'M': ''}",0,0,N,,,buy,buy
2026-10-05 16:17:48,118030,睿创转债,rczz,552.065,-5.18,688002,睿创微纳,rcwn,173.42,-1.78,9.96,38.16,454.46,0,21.48,573.55,270105,电子,shkc,C,2023-02-10,[],0,0,buy,AA,,26.712,49.608,1.6,buy,2028-12-30,2.252,12.622,69597.08,101487.13,9.83,-50.94,,0,14:59:59,00,Y,N,0,0,Y,,2023-07-06 开始转股,计算使用2.3年期 评级为AA 债参考YTM：1.6475,N,15.647,全价：552.065 最后更新：14:59:59,,,,0,"{'G': '本次（2026年3月18日至2026年4月8日）不提前赎回，以2027年4月9日为首个交易日重新计算', 'M': ''}",0,0,N,,,buy,buy
2026-10-05 16:17:48,128136,立讯转债,lxzz,108.3,-0.09,002475,立讯精密,lxjm,49.43,-1.92,4.09,55.67,88.79,0,21.97,130.27,270504,电子,szmb,C,2020-12-02,[],0,0,buy,AA+,,38.969,72.371,0.8,buy,2026-11-03,0.093,29.804,6404.86,316072.56,1.99,-3.06,,0,15:34:00,00,Y,N,0,0,Y,,2021-05-10 开始转股,计算使用0.1年期 评级为AA+ 债参考YTM：1.4651,N,30.0,全价：108.300 最后更新：15:34:00,,,,1,"{'R': '到期\n最后交易日：2026-10-28\n最后转股日：2026-11-02\n债券到期日：2026-11-03\n到期赎回价：108.000元/张', 'M': ''}",0,0,N,,,buy,buy
2026-10-05 16:17:48,113691,和邦转债,hbzz,134.238,-0.4,603077,和邦生物,hbsw,2.19,0.46,1.0,2.0,109.5,0,22.59,156.83,220802,基础化工,shmb,C,2024-11-19,[],0,0,buy,AA,,1.4,2.6,23.8,buy,2030-10-28,4.08,45.99,9017.11,14929.56,1.46,-3.84,,0,14:59:21,00,Y,N,0,0,Y,,2025-05-06 开始转股,计算使用4.1年期 评级为AA 债参考YTM：1.7725,N,46.0,全价：134.238 最后更新：14:59:21,,,,0,"{'G': '本次（2026年1月22日至2026年3月10日）不提前赎回，以2027年3月10日之后的首个交易日重新起算', 'M': ''}",0,0,N,,,buy,buy
2026-10-05 16:17:48,127109,电化转债,dhzz,146.81,-0.26,002125,湘潭电化,xtdh,11.92,0.08,2.14,9.99,119.32,0,23.04,169.85,630702,电力设备,szmb,C,2025-07-04,[],0,0,buy,AA,,6.993,12.987,6.5,buy,2031-06-16,4.712,4.866,3686.53,8824.54,5.14,-5.22,,0,15:34:09,00,Y,N,0,0,Y,,2025-12-22 开始转股,计算使用4.8年期 评级为AA 债参考YTM：1.7996,N,4.87,全价：146.810 最后更新：15:34:09,,,,0,{'M': ''},0,0,N,,,buy,buy
2026-10-05 16:17:48,123104,卫宁转债,wnzz,122.98,0.4,300253,卫宁健康,wnjk,6.98,0.29,2.8,7.02,99.43,0,23.68,146.66,710401,计算机,szcy,C,2021-03-31,[],0,0,buy,AA,,4.914,9.126,7.5,buy,2027-03-16,0.458,9.699,3159.05,21028.12,2.65,-5.33,,0,15:33:57,00,Y,N,2,2,Y,转股价下修2次，成功下修2次,2021-09-22 开始转股,计算使用0.5年期 评级为AA 债参考YTM：1.5124,N,9.703,全价：122.980 最后更新：15:33:57,,,,1,{'M': ''},0,0,N,,,buy,buy
2026-10-05 16:17:48,110084,贵燃转债,grzz,129.182,0.8,600903,贵州燃气,gzrq,6.68,2.61,2.39,6.42,104.05,0,24.15,153.33,410301,公用事业,shmb,C,2022-01-18,[],0,0,buy,AA,,4.494,8.346,10.5,buy,2027-12-27,1.241,8.157,6148.48,24397.42,5.83,-11.12,,0,14:59:45,00,Y,N,2,2,Y,转股价下修2次，成功下修2次,2022-07-01 开始转股,计算使用1.3年期 评级为AA 债参考YTM：1.5462,N,10.0,全价：129.182 最后更新：14:59:45,,,,1,{'M': ''},0,0,N,,,buy,buy
2026-10-05 16:17:48,127103,东南转债,dnzz,131.701,0.15,002135,东南网架,dnwj,5.93,-0.17,1.04,5.59,106.08,0,24.15,155.85,620401,建筑装饰,szmb,C,2024-01-24,[],0,0,buy,AA,,3.913,7.267,33.1,buy,2030-01-03,3.263,19.999,5603.47,3647.61,2.13,-4.87,,0,15:33:54,00,Y,N,0,0,Y,,2024-07-09 开始转股,计算使用3.3年期 评级为AA 债参考YTM：1.7122,N,20.0,全价：131.701 最后更新：15:33:54,,,,0,{'M': ''},0,0,N,,,buy,buy
2026-10-05 16:17:48,123257,安克转债,akzz,146.1,-0.44,300866,安克创新,akcx,124.63,0.65,6.34,105.96,117.62,0,24.21,170.31,270503,电子,szcy,C,2025-07-04,[],0,0,buy,AA+,,74.172,137.748,2.9,buy,2031-06-16,4.712,11.046,3888.06,35785.98,2.4,-5.51,,0,15:34:30,00,Y,N,0,0,Y,,2025-12-22 开始转股,计算使用4.8年期 评级为AA+ 债参考YTM：1.7320,N,11.048,全价：146.100 最后更新：15:34:30,,,,0,{'M': ''},0,0,N,,,buy,buy
2026-10-05 16:17:48,127037,银轮转债,ylzz,410.6,-0.23,002126,银轮股份,ylgf,33.95,-0.73,3.82,10.27,330.57,0,24.21,434.81,280203,汽车,szmb,C,2021-07-09,[],0,0,buy,AA,,7.189,13.351,1.9,buy,2027-06-07,0.685,5.055,24329.43,42744.87,11.65,-106.89,,0,15:34:39,00,Y,N,0,0,Y,,2021-12-13 开始转股,计算使用0.7年期 评级为AA 债参考YTM：1.5284,N,7.0,全价：410.600 最后更新：15:34:39,,,,1,"{'G': '本次（2026年5月27日至2026年6月16日）不提前赎回，2027年5月16日后首个交易日重新计算', 'M': ''}",0,0,N,,,buy,buy
2026-10-05 16:17:48,123149,通裕转债,tyzz,128.355,0.11,300185,通裕重工,tyzg,2.8,-0.71,1.55,2.71,103.32,0,24.23,152.59,630602,电力设备,szcy,C,2022-07-15,[],0,0,buy,AA,,1.897,3.523,10.3,buy,2028-06-20,1.723,11.069,4933.31,20994.83,3.47,-6.82,,0,15:34:06,00,Y,N,0,0,Y,,2022-12-26 开始转股,计算使用1.8年期 评级为AA 债参考YTM：1.6024,N,14.847,全价：128.355 最后更新：15:34:06,,,,1,{'M': ''},0,0,N,,,buy,buy
2026-10-05 16:17:48,110099,福能转债,fnzz,144.598,0.77,600483,福能股份,fngf,11.02,1.75,1.1,9.49,116.12,0,24.52,169.12,410110,公用事业,shmb,C,2025-10-30,[],0,0,buy,AA+,,6.643,12.337,12.4,buy,2031-10-13,5.038,38.019,11184.06,10457.3,2.03,-5.29,,0,14:59:45,00,Y,N,0,0,Y,,2026-04-17 开始转股,计算使用5.1年期 评级为AA+ 债参考YTM：1.7414,N,38.02,全价：144.598 最后更新：14:59:45,,,,0,{'M': ''},0,0,N,,,buy,buy
2026-10-05 16:17:48,127084,柳工转2,lgz2,134.5,1.59,000528,柳工,lg,7.52,2.17,0.79,6.98,107.74,0,24.84,159.34,640601,机械设备,szmb,C,2023-04-20,[],0,0,buy,AAA,,4.886,9.074,16.2,buy,2029-03-27,2.49,24.809,4689.09,16135.77,1.41,-5.94,,0,15:34:51,00,Y,N,0,0,Y,,2023-10-09 开始转股,计算使用2.5年期 评级为AAA 债参考YTM：1.5937,N,30.0,全价：134.500 最后更新：15:34:51,,,,0,{'M': ''},0,0,N,,,buy,buy
2026-10-05 16:17:48,111002,特纸转债,tzzz,133.523,0.53,605007,五洲特纸,wztz,14.38,1.27,1.8,13.49,106.6,0,25.26,158.78,360103,轻工制造,shmb,C,2021-12-30,[],0,0,buy,AA,,9.443,17.537,9.7,buy,2027-12-08,1.189,6.619,2577.71,3702.57,2.9,-12.75,,0,14:58:41,00,Y,N,1,1,Y,转股价下修1次，成功下修1次,2022-06-14 开始转股,计算使用1.2年期 评级为AA 债参考YTM：1.5387,N,6.7,全价：133.523 最后更新：14:58:41,,,,1,[],0,0,N,,,buy,buy
2026-10-05 16:17:48,123118,惠城转债,hczz,610.0,-3.42,300779,惠城环保,hchb,50.04,-1.26,6.72,10.33,484.41,0,25.93,635.93,760103,环保,szcy,C,2021-07-26,[],0,0,buy,A+,,7.231,13.429,0.6,buy,2027-07-07,0.767,0.654,42797.0,17568.75,104.35,-106.16,,0,15:34:03,00,Y,N,0,0,Y,,2022-01-13 开始转股,计算使用0.8年期 评级为A+ 债参考YTM：4.0595,N,3.2,全价：610.000 最后更新：15:34:03,,,,1,"{'G': '本次（2026年8月27日至2026年9月16日）不提前赎回，自2026年12月16日后首个交易日重新计算', 'M': ''}",0,0,N,,,buy,buy
2026-10-05 16:17:48,113052,兴业转债,xyzz,113.184,0.77,601166,兴业银行,xyyh,18.05,1.46,0.4,20.13,89.67,0,26.23,139.41,480301,银行,shmb,C,2022-01-14,[],0,0,buy,AAA,,,26.169,10.8,buy,2027-12-27,1.241,413.5,31095.62,122949.46,0.67,-1.37,,0,14:59:58,00,Y,Y,0,0,Y,,2022-06-30 开始转股,计算使用1.3年期 评级为AAA 债参考YTM：1.5056,N,500.0,全价：113.184 最后更新：14:59:58,,,,0,{'M': ''},0,0,N,,,buy,buy
2026-10-05 16:17:48,127056,中特转债,ztzz,121.0,1.78,000708,中信特钢,zxtg,13.11,2.42,1.49,13.69,95.76,0,26.35,147.35,230501,钢铁,szmb,C,2022-04-15,[],0,0,buy,AAA,,9.583,17.797,7.6,buy,2028-02-25,1.406,49.996,6537.4,16824.58,1.09,-8.11,,0,15:33:54,00,Y,N,1,1,Y,转股价下修1次，成功下修1次,2022-09-05 开始转股,计算使用1.5年期 评级为AAA 债参考YTM：1.5239,N,50.0,全价：121.000 最后更新：15:33:54,,,,0,{'M': ''},0,0,N,,,buy,buy
2026-10-05 16:17:48,123150,九强转债,jqzz,131.8,1.11,300406,九强生物,jqsw,11.94,1.44,1.95,11.45,104.28,0,26.39,158.19,370504,医药生物,szcy,C,2022-07-20,[],0,0,buy,AA-,,8.015,14.885,22.1,buy,2028-06-30,1.751,11.21,3802.76,6180.84,2.58,-8.85,,0,15:34:09,00,Y,N,1,1,Y,转股价下修1次，成功下修1次,2023-01-06 开始转股,计算使用1.8年期 评级为AA- 债参考YTM：1.8940,N,11.39,全价：131.800 最后更新：15:34:09,,,,1,{'M': ''},0,0,N,,,buy,buy
2026-10-05 16:17:48,113695,华辰转债,hczz,141.525,0.62,603097,江苏华辰,jshc,18.67,2.08,3.83,16.68,111.93,0,26.44,167.97,630801,电力设备,shmb,C,2025-07-10,[],0,0,buy,A+,,11.676,21.684,11.0,buy,2031-06-20,4.723,4.597,3535.64,3176.85,5.44,-3.71,,0,14:59:54,00,Y,N,0,0,Y,,2025-12-26 开始转股,计算使用4.8年期 评级为A+ 债参考YTM：4.6363,N,4.6,全价：141.525 最后更新：14:59:54,,,,0,[],0,0,N,,,buy,buy
2026-10-05 16:17:48,110097,天润转债,trzz,138.773,1.24,600419,天润乳业,trry,8.94,1.94,1.13,8.19,109.16,0,27.13,165.9,340702,食品饮料,shmb,C,2024-11-15,[],0,0,buy,AA,,5.733,10.647,35.1,buy,2030-10-24,4.069,9.889,4634.21,4912.96,3.39,-4.65,,0,14:59:29,00,Y,N,0,0,Y,,2025-04-30 开始转股,计算使用4.1年期 评级为AA 债参考YTM：1.7725,N,9.9,全价：138.773 最后更新：14:59:29,,,,0,[],0,0,N,,,buy,buy
2026-10-05 16:17:48,123187,超达转债,cdzz,192.69,-1.13,301186,超达装备,cdzb,32.9,-0.24,2.32,21.77,151.13,0,27.5,220.19,280205,汽车,szcy,C,2023-04-25,[],0,0,buy,A,,15.239,28.301,6.3,buy,2029-04-04,2.512,2.242,8690.28,8421.49,19.92,-17.73,,0,15:34:12,00,Y,N,0,0,Y,,2023-10-11 开始转股,计算使用2.6年期 评级为A 债参考YTM：6.7396,N,4.69,全价：192.690 最后更新：15:34:12,,,,0,"{'G': '本次（2026年8月3日至2026年8月21日）不提前赎回，以2027年2月21日之后的首个交易日重新起算', 'M': ''}",0,0,N,,,buy,buy
2026-10-05 16:17:48,110098,南药转债,nyzz,131.237,0.55,600713,南京医药,njyy,5.0,1.21,0.9,4.86,102.88,0,27.56,158.8,370402,医药生物,shmb,C,2025-01-20,[],0,0,buy,AA+,,3.402,6.318,16.8,buy,2030-12-25,4.238,10.814,1953.04,3391.75,1.38,-3.67,,0,14:58:29,00,Y,N,0,0,Y,,2025-07-01 开始转股,计算使用4.3年期 评级为AA+ 债参考YTM：1.7214,N,10.815,全价：131.237 最后更新：14:58:29,,,,0,[],0,0,N,,,buy,buy
2026-10-05 16:17:48,118050,航宇转债,hyzz,266.613,-1.24,688239,航宇科技,hykj,51.85,-2.17,4.44,24.81,208.99,0,27.57,294.18,650201,国防军工,shkc,C,2024-09-10,[],0,0,buy,AA-,,17.367,32.253,6.7,buy,2030-08-21,3.893,6.597,24886.26,20819.7,13.87,-18.9,,0,14:59:49,00,Y,N,0,0,Y,,2025-02-27 开始转股,计算使用3.9年期 评级为AA- 债参考YTM：2.2160,N,6.67,全价：266.613 最后更新：14:59:49,,,,0,{'M': ''},0,0,N,,,buy,buy
2026-10-05 16:17:48,127046,百润转债,brzz,122.374,-0.13,002568,百润股份,brgf,19.49,3.07,3.96,20.33,95.87,0,27.65,150.02,340602,食品饮料,szmb,C,2021-11-03,[],0,0,buy,AA,,14.231,26.429,7.7,buy,2027-09-29,0.997,11.274,9311.65,24910.26,6.72,-10.17,,0,15:34:36,00,Y,N,1,1,Y,转股价下修1次，成功下修1次,2022-04-12 开始转股,计算使用1.0年期 评级为AA 债参考YTM：1.5317,N,11.28,全价：122.374 最后更新：15:34:36,,,,1,{'M': ''},0,0,N,,,buy,buy
2026-10-05 16:17:48,111017,蓝天转债,ltzz,127.138,0.83,605368,蓝天燃气,ltrq,6.68,0.75,1.39,6.72,99.41,0,27.9,155.04,410301,公用事业,shmb,C,2023-09-08,[],0,0,buy,AA,,4.704,8.736,14.1,buy,2029-08-15,2.877,6.715,2986.53,1033.68,3.49,-3.99,,0,14:59:34,00,Y,N,1,1,Y,转股价下修1次，成功下修1次,2024-02-21 开始转股,计算使用2.9年期 评级为AA 债参考YTM：1.6844,N,8.7,全价：127.138 最后更新：14:59:34,,,,0,[],0,0,N,,,buy,buy
2026-10-05 16:17:48,127096,泰坦转债,ttzz,428.553,-5.52,003036,泰坦股份,ttgf,44.23,-4.8,6.37,13.2,335.08,0,27.9,456.45,640206,机械设备,szmb,C,2023-11-15,[],0,0,buy,A,,9.24,17.16,3.0,buy,2029-10-25,3.071,2.874,63971.52,45155.64,50.1,-34.38,,0,15:34:03,00,Y,N,0,0,Y,,2024-05-06 开始转股,计算使用3.1年期 评级为A 债参考YTM：6.8390,N,2.955,全价：428.553 最后更新：15:34:03,,,,0,{'G': '本次（2026年6月12日至2026年7月3日）不提前赎回，以2026年10月3日后首个交易日起重新计算'},0,0,N,,,buy,buy
2026-10-05 16:17:48,123189,晓鸣转债,xmzz,133.385,-0.37,300967,晓鸣股份,xmgf,15.8,-0.88,3.88,15.18,104.08,0,28.15,161.54,110703,农林牧渔,szcy,C,2023-04-25,[],0,0,buy,A,,10.626,19.734,16.7,buy,2029-04-06,2.518,3.286,1590.28,2828.33,3.62,-5.08,,0,15:34:21,00,Y,N,1,1,Y,转股价下修1次，成功下修1次,2023-10-12 开始转股,计算使用2.6年期 评级为A 债参考YTM：6.7396,N,3.29,全价：133.385 最后更新：15:34:21,,,,0,{'M': ''},0,0,N,,,buy,buy
2026-10-05 16:17:48,123133,佩蒂转债,pdzz,127.878,0.04,300673,佩蒂股份,pdgf,14.95,0.47,2.04,15.0,99.67,0,28.31,156.19,110404,农林牧渔,szcy,C,2022-01-21,[],0,0,buy,AA-,,10.5,19.5,30.0,buy,2027-12-22,1.227,7.198,3732.9,3925.09,4.06,-7.09,,0,15:34:03,00,Y,N,2,2,Y,转股价下修2次，成功下修2次,2022-06-28 开始转股,计算使用1.3年期 评级为AA- 债参考YTM：1.8229,N,7.2,全价：127.878 最后更新：15:34:03,,,,1,[],0,0,N,,,buy,buy
2026-10-05 16:17:48,127027,能化转债,nhzz,109.926,0.01,000552,甘肃能化,gsnh,2.5,1.63,0.79,2.93,85.32,0,28.83,138.76,740101,煤炭,szmb,C,2021-01-22,[],0,0,buy,AAA,,2.051,3.809,20.9,buy,2026-12-10,0.195,19.463,5904.9,12332.29,2.76,0.35,,0,15:34:39,00,Y,N,0,0,Y,,2021-06-16 开始转股,计算使用0.2年期 评级为AAA 债参考YTM：1.4454,N,28.0,全价：109.926 最后更新：15:34:39,,,,1,{'M': ''},0,0,N,,,buy,buy
2026-10-05 16:17:48,118036,力合转债,lhzz,140.705,-0.77,688589,力合微,lhw,20.13,-2.38,2.78,18.5,108.81,0,29.31,170.02,270104,电子,shkc,C,2023-07-20,[],0,0,buy,AA-,,12.95,24.05,13.0,buy,2029-06-28,2.745,3.8,2444.02,4274.67,4.56,-6.16,,0,14:59:52,00,Y,N,2,2,Y,转股价下修2次，成功下修2次,2024-01-04 开始转股,计算使用2.8年期 评级为AA- 债参考YTM：2.0803,N,3.8,全价：140.705 最后更新：14:59:52,,,,0,{'M': ''},0,0,N,,,buy,buy
2026-10-05 16:17:48,127088,赫达转债,hdzz,159.734,-0.77,002810,山东赫达,sdhd,20.2,0.65,2.99,16.41,123.1,0,29.76,189.49,220309,基础化工,szmb,C,2023-07-19,[],0,0,buy,AA-,,11.487,21.333,9.2,buy,2029-07-03,2.759,5.996,1706.62,5121.78,1.77,-10.41,,0,15:34:03,00,Y,N,0,0,Y,,2024-01-08 开始转股,计算使用2.8年期 评级为AA- 债参考YTM：2.0803,N,6.0,全价：159.734 最后更新：15:34:03,,,,0,"{'G': '本次（2026年3月30日至2026年4月20日）不提前赎回，自2026年10月21日起重新计算', 'M': ''}",0,0,N,,,buy,buy
2026-10-05 16:17:48,118016,京源转债,jyzz,147.764,2.12,688096,京源环保,jyhb,7.84,6.81,2.16,6.91,113.46,0,30.24,178.0,760102,环保,shkc,C,2022-08-25,[],0,0,buy,A,,4.837,8.983,9.1,buy,2028-08-05,1.849,1.675,40525.76,12248.27,163.43,-11.79,,0,14:59:59,00,Y,N,0,0,Y,,2023-02-13 开始转股,计算使用1.9年期 评级为A 债参考YTM：6.6068,N,3.325,全价：147.764 最后更新：14:59:59,,,,1,{'M': ''},0,0,N,,,buy,buy
2026-10-05 16:17:48,123131,奥飞转债,afzz,240.0,-5.23,300738,奥飞数据,afsj,18.5,-1.02,4.9,10.05,184.08,0,30.38,270.38,730104,通信,szcy,C,2021-12-22,[],0,0,buy,A+,,7.035,13.065,1.7,buy,2027-12-03,1.175,3.159,14604.89,27110.46,18.64,-46.07,,0,15:34:06,00,Y,N,0,0,Y,,2022-06-09 开始转股,计算使用1.2年期 评级为A+ 债参考YTM：4.1407,N,6.35,全价：240.000 最后更新：15:34:06,,,,1,"{'G': '本次（2026年5月21日至2026年6月10日）不提前赎回，以2026年12月10日后的首个交易日重新计算', 'M': ''}",0,0,N,,,buy,buy
2026-10-05 16:17:48,123173,恒锋转债,hfzz,137.05,-0.25,300605,恒锋信息,hfxx,10.51,-1.13,3.99,10.0,105.1,0,30.4,167.45,710401,计算机,szcy,C,2023-02-08,[],0,0,buy,BBB+,,7.0,13.0,17.5,buy,2028-12-30,2.252,2.33,1270.41,5462.08,3.98,-6.11,,0,15:34:03,00,Y,N,1,1,Y,转股价下修1次，成功下修1次,2023-07-06 开始转股,计算使用2.3年期 评级为BBB+ 债参考YTM：12.1953,N,2.424,全价：137.050 最后更新：15:34:03,,,,0,[],0,0,N,,,buy,buy
2026-10-05 16:17:48,123225,翔丰转债,xfzz,138.0,2.06,300890,翔丰华,xfh,28.88,6.29,1.5,27.34,105.63,0,30.64,168.64,630702,电力设备,szcy,C,2023-10-26,[],0,0,buy,AA-,,19.138,35.542,17.7,buy,2029-10-10,3.03,5.585,23169.74,53763.81,30.14,-3.94,,0,15:34:18,00,Y,N,1,1,Y,转股价下修1次，成功下修1次,2024-04-16 开始转股,计算使用3.1年期 评级为AA- 债参考YTM：2.1388,N,8.0,全价：138.000 最后更新：15:34:18,,,,0,{'M': ''},0,0,N,,,buy,buy
2026-10-05 16:17:48,123241,欧通转债,otzz,743.587,-9.63,300870,欧陆通,olt,175.3,-3.36,10.18,30.8,569.16,0,30.65,774.24,630306,电力设备,szcy,C,2024-07-26,[],0,0,buy,AA-,,21.56,40.04,1.0,buy,2030-07-05,3.764,2.604,74411.69,57460.83,36.63,-39.34,,0,15:34:21,00,Y,N,0,0,Y,,2025-01-13 开始转股,计算使用3.8年期 评级为AA- 债参考YTM：2.2077,N,6.445,全价：743.587 最后更新：15:34:21,,,,0,"{'G': '本次（2026年8月10日至2026年8月28日）不提前赎回，自2026年11月28日后首个交易日重新计算', 'M': ''}",0,0,N,,,buy,buy
2026-10-05 16:17:48,128142,新乳转债,xrzz,110.73,0.7,002946,新乳业,xry,14.82,4.0,3.51,17.5,84.69,0,30.75,141.48,340702,食品饮料,szmb,C,2021-01-19,[],0,0,buy,AA,,12.25,22.75,5.7,buy,2026-12-18,0.216,7.178,3251.31,9943.03,4.1,-3.09,,0,15:34:18,00,Y,N,0,0,Y,,2021-06-24 开始转股,计算使用0.3年期 评级为AA 债参考YTM：1.4781,N,7.18,全价：110.730 最后更新：15:34:18,,,,1,{'M': ''},0,0,N,,,buy,buy
2026-10-05 16:17:48,113054,绿动转债,ldzz,122.77,-0.43,601330,绿色动力,lsdl,8.14,-1.45,1.38,8.67,93.89,0,30.76,153.53,760103,环保,shmb,C,2022-03-23,[],0,0,buy,AA+,,6.069,11.271,29.3,buy,2028-02-25,1.406,23.598,4939.8,6648.12,1.7,-7.13,,0,14:58:55,00,Y,N,0,0,Y,,2022-09-05 开始转股,计算使用1.5年期 评级为AA+ 债参考YTM：1.5434,N,23.6,全价：122.770 最后更新：14:58:55,,,,1,[],0,0,N,,,buy,buy
2026-10-05 16:17:48,111004,明新转债,mxzz,132.026,0.33,605068,明新旭腾,mxxt,20.32,0.99,1.99,20.15,100.84,0,30.92,162.95,280202,汽车,shmb,C,2022-04-25,[],0,0,buy,AA-,,14.105,26.195,20.4,buy,2028-03-30,1.499,6.715,3961.37,6124.97,4.46,-7.6,,0,14:59:58,00,Y,N,1,1,Y,转股价下修1次，成功下修1次,2022-10-10 开始转股,计算使用1.5年期 评级为AA- 债参考YTM：1.8534,N,6.73,全价：132.026 最后更新：14:59:58,,,,1,[],0,0,N,,,buy,buy
2026-10-05 16:17:48,118034,晶能转债,jnzz,115.694,0.55,688223,晶科能源,jkny,3.83,2.41,1.63,4.34,88.25,0,31.1,146.79,630502,电力设备,shkc,C,2023-05-19,[],0,0,buy,AA+,,3.038,5.208,21.2,buy,2029-04-20,2.556,83.22,6135.87,29869.11,0.64,-1.53,,0,14:59:52,00,Y,N,2,2,Y,转股价下修2次，成功下修2次,2023-10-26 开始转股,计算使用2.6年期 评级为AA+ 债参考YTM：1.6203,N,100.0,全价：115.694 最后更新：14:59:52,,,,0,{'M': ''},0,0,N,120%,,buy,buy
2026-10-05 16:17:48,113640,苏利转债,slzz,127.666,0.29,603585,苏利股份,slgf,10.53,-0.28,1.01,10.84,97.14,0,31.42,159.09,220803,基础化工,shmb,C,2022-03-10,[],0,0,buy,AA-,,7.588,14.092,25.9,buy,2028-02-16,1.381,7.39,5158.18,2644.96,5.46,-6.21,,0,14:58:34,00,Y,N,2,2,Y,转股价下修2次，成功下修2次,2022-08-22 开始转股,计算使用1.4年期 评级为AA- 债参考YTM：1.8389,N,9.572,全价：127.666 最后更新：14:58:34,,,,1,[],0,0,N,,,buy,buy
2026-10-05 16:17:48,127095,广泰转债,gtzz,137.162,0.1,002111,威海广泰,whgt,9.05,0.0,1.53,8.68,104.26,0,31.55,168.71,650201,国防军工,szmb,C,2023-11-10,[],0,0,buy,AA-,,6.076,11.284,15.7,buy,2029-10-18,3.052,6.927,2368.53,4443.49,2.49,-4.56,,0,15:34:00,00,Y,N,0,0,Y,,2024-04-24 开始转股,计算使用3.1年期 评级为AA- 债参考YTM：2.1388,N,7.0,全价：137.162 最后更新：15:34:00,,,,0,[],0,0,N,,,buy,buy
2026-10-05 16:17:48,118064,联瑞转债,lrzz,301.881,-7.68,688300,联瑞新材,lrxc,144.3,-2.95,19.51,63.05,228.87,0,31.9,333.78,220901,基础化工,shkc,C,2026-01-28,[],0,0,buy,AA,,44.135,81.965,2.0,buy,2032-01-08,5.277,6.947,92581.42,90827.35,42.91,-17.08,,0,15:00:00,00,Y,N,0,0,Y,,2026-07-14 开始转股,计算使用5.3年期 评级为AA 债参考YTM：1.8377,N,6.95,全价：301.881 最后更新：15:00:00,,,,0,"{'G': '本次（2026年7月14日至2026年8月3日）不提前赎回，以2026年11月4日为首个交易日重新计算', 'M': ''}",0,0,N,,,buy,buy
2026-10-05 16:17:48,123194,百洋转债,byzz,136.99,1.48,301015,百洋医药,byyy,25.68,2.56,5.64,24.79,103.59,0,32.24,169.23,370402,医药生物,szcy,C,2023-05-05,[],0,0,buy,AA-,,17.353,32.227,6.3,buy,2029-04-14,2.54,8.459,9803.44,16583.51,8.47,-6.28,,0,15:34:06,00,Y,N,0,0,Y,,2023-10-20 开始转股,计算使用2.6年期 评级为AA- 债参考YTM：2.0386,N,8.6,全价：136.990 最后更新：15:34:06,,,,0,{'M': ''},0,0,N,,,buy,buy
2026-10-05 16:17:48,123172,漱玉转债,syzz,131.7,2.39,301017,漱玉平民,sypm,14.84,5.7,2.86,14.91,99.53,0,32.32,164.02,370403,医药生物,szcy,C,2023-01-06,[],0,0,buy,AA-,,10.437,19.383,20.7,buy,2028-12-15,2.211,7.96,22573.49,28373.6,21.59,-5.5,,0,15:34:00,00,Y,N,1,1,Y,转股价下修1次，成功下修1次,2023-06-21 开始转股,计算使用2.3年期 评级为AA- 债参考YTM：1.9777,N,8.0,全价：131.700 最后更新：15:34:00,,,,0,{'M': ''},0,0,N,,,buy,buy
2026-10-05 16:17:48,113636,甬金转债,yjzz,129.383,0.56,603995,甬金股份,yjgf,25.62,1.39,1.54,26.22,97.71,0,32.41,161.79,230501,钢铁,shmb,C,2021-12-31,[],0,0,buy,AA-,,18.354,34.086,10.7,buy,2027-12-13,1.203,9.995,3139.57,7443.22,2.42,-7.83,,0,14:59:31,00,Y,N,1,1,N,"转股价下修1次，成功下修1次
2026-09-30 起暂停转股：权益分派
转股价26.220生效日期2026-07-03",2022-06-17 开始转股;2026-09-30 起暂停转股：权益分派,计算使用1.3年期 评级为AA- 债参考YTM：1.8229,N,10.0,全价：129.383 最后更新：14:59:31,,,,1,{'M': ''},0,0,N,,,buy,buy
2026-10-05 16:17:48,127034,绿茵转债,lyzz,120.779,0.23,002887,绿茵生态,lyst,8.73,-1.24,1.13,9.58,91.13,0,32.54,153.32,760104,环保,szmb,C,2021-05-28,[],0,0,buy,AA-,,6.706,12.454,22.6,buy,2027-04-30,0.581,4.279,5364.58,8599.32,10.4,-11.14,,0,15:34:51,00,Y,N,1,1,Y,转股价下修1次，成功下修1次,2021-11-11 开始转股,计算使用0.6年期 评级为AA- 债参考YTM：1.6876,N,7.12,全价：120.779 最后更新：15:34:51,,,,1,[],0,0,N,,,buy,buy
2026-10-05 16:17:48,113677,华懋转债,hmzz,282.638,-3.46,603306,华懋科技,hmkj,71.36,-0.71,6.16,33.66,212.0,0,33.32,315.96,280202,汽车,shmb,C,2023-10-12,[],0,0,buy,AA-,,23.562,43.758,4.5,buy,2029-09-14,2.959,10.489,42546.39,43232.76,13.88,-26.42,,0,14:59:58,00,Y,N,0,0,Y,,2024-03-20 开始转股,计算使用3.0年期 评级为AA- 债参考YTM：2.1209,N,10.5,全价：282.638 最后更新：14:59:58,,,,0,"{'G': '本次（2026年6月29日至2026年7月17日）不提前赎回，自2026年10月17日之后的首个交易日重新起算', 'M': ''}",0,0,N,,,buy,buy
2026-10-05 16:17:48,127060,湘佳转债,xjzz,123.561,0.4,002982,湘佳股份,xjgf,12.78,0.79,1.53,13.8,92.61,0,33.42,156.98,110703,农林牧渔,szmb,C,2022-06-10,[],0,0,buy,A+,,9.66,17.94,38.5,buy,2028-04-19,1.553,6.399,2533.07,2633.5,3.2,-6.4,,0,15:34:45,00,Y,N,1,1,Y,转股价下修1次，成功下修1次,2022-10-25 开始转股,计算使用1.6年期 评级为A+ 债参考YTM：4.2083,N,6.4,全价：123.561 最后更新：15:34:45,,,,0,[],0,0,N,,,buy,buy
2026-10-05 16:17:48,110075,南航转债,nhzz,106.433,0.01,600029,南方航空,nfhk,4.92,1.65,2.96,6.17,79.74,0,33.47,139.9,421001,交通运输,shmb,C,2020-11-03,[],0,0,buy,AAA,,4.319,8.021,8.9,buy,2026-10-15,0.041,58.957,9785.7,26865.48,1.56,1.64,,0,14:59:05,00,Y,N,0,0,Y,,2021-04-21 开始转股,计算使用0.1年期 评级为AAA 债参考YTM：1.4451,N,160.0,全价：106.433 最后更新：14:59:05,,,,1,"{'R': '到期\n最后交易日：2026-10-09\n最后转股日：2026-10-14\n债券到期日：2026-10-15\n到期赎回价：106.500元/张', 'M': ''}",0,0,N,,,buy,buy
2026-10-05 16:17:48,123209,聚隆转债,jlzz,157.344,-0.52,300644,南京聚隆,njjl,20.64,-1.39,2.07,17.51,117.88,0,33.48,190.82,220503,基础化工,szcy,C,2023-08-17,[],0,0,buy,A+,,12.257,22.763,9.2,buy,2029-07-26,2.822,1.672,2229.16,2901.38,8.43,-10.12,,0,15:34:24,00,Y,N,0,0,Y,,2024-02-01 开始转股,计算使用2.9年期 评级为A+ 债参考YTM：4.4509,N,2.185,全价：157.344 最后更新：15:34:24,,,,0,[],0,0,N,,,buy,buy
2026-10-05 16:17:48,118044,赛特转债,stzz,157.644,-1.97,688398,赛特新材,stxc,22.13,-2.98,3.26,18.85,117.4,0,34.28,191.92,220309,基础化工,shkc,C,2023-10-12,[],0,0,buy,A+,,13.195,24.505,11.9,buy,2029-09-11,2.951,4.42,6853.11,2994.04,9.62,-9.88,,0,14:59:58,00,Y,N,1,1,Y,转股价下修1次，成功下修1次,2024-03-15 开始转股,计算使用3.0年期 评级为A+ 债参考YTM：4.4709,N,4.42,全价：157.644 最后更新：14:59:58,,,,0,"{'G': '本次（2026年3月10日至2026年4月20日）不提前赎回，以2026年10月21日起算', 'M': ''}",0,0,N,,,buy,buy
2026-10-05 16:17:48,127082,亚科转债,ykzz,129.194,0.27,002540,亚太科技,ytkj,4.99,0.4,1.11,5.22,95.59,0,35.15,164.34,240301,有色金属,szmb,C,2023-04-27,[],0,0,buy,AA,,3.654,6.786,27.1,buy,2029-03-09,2.441,11.585,2411.22,2152.12,1.61,-4.63,,0,15:34:06,00,Y,N,0,0,N,2026-09-24 至 2026-10-09 期间暂停转股：权益分派,2023-09-15 开始转股;2026-09-24 至 2026-10-09 期间暂停转股：权益分派,计算使用2.5年期 评级为AA 债参考YTM：1.6604,N,11.59,全价：129.194 最后更新：15:34:06,,,,0,[],0,0,N,,,buy,buy
2026-10-05 16:17:48,123124,晶瑞转2,jrz2,130.201,-1.67,300655,晶瑞电材,jrdc,12.32,-2.61,5.13,12.79,96.33,0,35.17,165.37,270601,电子,szcy,C,2021-09-07,[],0,0,buy,A+,,8.953,16.627,3.8,buy,2027-08-16,0.877,5.224,3875.24,31442.81,5.66,-20.33,,1,15:34:03,00,Y,N,1,1,Y,转股价下修1次，成功下修1次,2022-02-21 开始转股,计算使用0.9年期 评级为A+ 债参考YTM：4.0805,N,5.23,全价：130.201 最后更新：15:34:03,,,,1,{'M': ''},0,0,N,,23年6月前不下修,buy,buy
2026-10-05 16:17:48,123142,申昊转债,shzz,124.716,1.31,300853,申昊科技,shkj,31.09,4.5,7.5,33.71,92.23,0,35.23,159.95,630803,电力设备,szcy,C,2022-04-11,[],0,0,buy,BBB+,,23.597,43.823,12.1,buy,2028-03-18,1.466,5.494,4298.29,22816.67,6.28,-6.96,,0,15:34:09,00,Y,N,0,0,Y,,2022-09-26 开始转股,计算使用1.5年期 评级为BBB+ 债参考YTM：11.9934,N,5.5,全价：124.716 最后更新：15:34:09,,,,1,[],0,0,N,,,buy,buy
2026-10-05 16:17:48,123199,山河转债,shzz,138.282,0.43,300452,山河药辅,shyf,13.26,0.99,3.01,13.0,102.0,0,35.57,173.85,370101,医药生物,szcy,C,2023-07-07,[],0,0,buy,A+,,9.1,16.9,12.1,buy,2029-06-12,2.701,3.197,1114.31,4672.82,2.52,-7.78,,0,15:34:21,00,Y,N,1,1,Y,转股价下修1次，成功下修1次,2023-12-18 开始转股,计算使用2.8年期 评级为A+ 债参考YTM：4.4306,N,3.2,全价：138.282 最后更新：15:34:21,,,,0,[],0,0,N,,,buy,buy
2026-10-05 16:17:48,123171,共同转债,gtzz,128.676,1.02,300966,共同药业,gtyy,25.7,2.72,3.73,27.08,94.9,0,35.59,164.27,370101,医药生物,szcy,C,2022-12-16,[],0,0,buy,A-,,18.956,35.204,19.3,buy,2028-11-28,2.164,3.799,2852.74,5678.2,5.84,-3.52,,0,15:34:15,00,Y,N,0,0,Y,,2023-06-02 开始转股,计算使用2.2年期 评级为A- 债参考YTM：9.0099,N,3.8,全价：128.676 最后更新：15:34:15,,,,0,{'M': ''},0,0,N,,,buy,buy
2026-10-05 16:17:48,113661,福22转债,f22zz,128.892,0.57,603806,福斯特,fst,13.86,0.73,2.16,14.59,95.0,0,35.68,164.57,630504,电力设备,shmb,C,2022-12-22,[],0,0,buy,AA,,10.213,18.967,8.4,buy,2028-11-22,2.148,30.297,7205.72,15581.35,1.85,-5.94,,0,14:58:06,00,Y,N,1,1,N,"转股价下修1次，成功下修1次
2026-09-28 至 2026-10-13 期间暂停转股：权益分派
转股价14.590生效日期2026-05-27",2023-05-29 开始转股;2026-09-28 至 2026-10-13 期间暂停转股：权益分派,计算使用2.2年期 评级为AA 债参考YTM：1.6403,N,30.3,全价：128.892 最后更新：14:58:06,,,,0,{'M': ''},0,0,N,,,buy,buy
2026-10-05 16:17:48,123183,海顺转债,hszz,129.051,-0.65,300501,海顺新材,hsxc,11.05,1.38,2.13,11.63,95.01,0,35.82,164.87,360206,轻工制造,szcy,C,2023-04-20,[],0,0,buy,AA-,,8.141,15.119,20.7,buy,2029-03-23,2.48,6.329,11438.13,20840.58,13.91,-3.44,,0,15:34:12,00,Y,N,2,0,Y,转股价下修2次，成功下修0次,2023-10-09 开始转股,计算使用2.5年期 评级为AA- 债参考YTM：2.0179,N,6.33,全价：129.051 最后更新：15:34:12,,,,0,[],0,0,N,,,buy,buy
2026-10-05 16:17:48,113659,莱克转债,lkzz,129.806,-0.1,603355,莱克电气,lkdq,30.31,-0.36,2.92,31.72,95.56,0,35.84,165.65,330302,家用电器,shmb,C,2022-11-15,[],0,0,buy,AA,,22.204,41.236,6.9,buy,2028-10-14,2.041,11.998,6803.96,6581.68,4.38,-6.58,,0,14:58:36,00,Y,N,0,0,Y,,2023-04-20 开始转股,计算使用2.1年期 评级为AA 债参考YTM：1.6324,N,12.0,全价：129.806 最后更新：14:58:36,,,,0,{'M': ''},0,0,N,,,buy,buy
2026-10-05 16:17:48,123255,鼎龙转债,dlzz,323.235,-2.17,300054,鼎龙股份,dlgf,67.45,-1.36,11.42,28.38,237.67,0,36.0,359.24,270601,电子,szcy,C,2025-04-23,[],0,0,buy,AA,,19.866,36.894,1.8,buy,2031-04-02,4.507,9.095,37509.48,90096.41,12.45,-20.82,,0,15:34:27,00,Y,N,0,0,Y,,2025-10-09 开始转股,计算使用4.6年期 评级为AA 债参考YTM：1.7936,N,9.1,全价：323.235 最后更新：15:34:27,,,,0,"{'G': '本次（2026年4月8日至2026年4月28日）不提前赎回，自2026年10月28日后首个交易日重新计算', 'M': ''}",0,0,N,,,buy,buy
2026-10-05 16:17:48,111012,福新转债,fxzz,361.501,-1.7,605488,福莱新材,flxc,29.42,-1.87,3.89,11.11,264.81,0,36.52,398.02,220505,基础化工,shmb,C,2023-02-07,[],0,0,buy,A+,,7.777,14.443,1.2,buy,2029-01-04,2.266,1.016,70857.72,22602.72,186.84,-39.21,,0,14:59:59,00,Y,N,0,0,Y,,2023-07-10 开始转股,计算使用2.3年期 评级为A+ 债参考YTM：4.3291,N,4.29,全价：361.501 最后更新：14:59:59,,,,0,{'G': '本次（2026年6月22日至2026年7月10日）不提前赎回，自2026年10月10日之后的首个交易日重新起算'},0,0,N,,,buy,buy
2026-10-05 16:17:48,123176,精测转2,jcz2,390.0,-6.85,300567,精测电子,jcdz,184.03,-6.63,8.85,64.51,285.27,0,36.71,426.71,640107,机械设备,szcy,C,2023-03-22,[],0,0,buy,AA-,,45.157,83.863,3.1,buy,2029-03-02,2.422,12.753,51531.53,90678.76,9.98,-39.94,,0,15:34:06,00,Y,N,0,0,Y,,2023-09-08 开始转股,计算使用2.5年期 评级为AA- 债参考YTM：2.0179,N,12.76,全价：390.000 最后更新：15:34:06,,,,0,"{'G': '本次（2026年7月16日至2026年8月5日）不提前赎回，自2027年2月5日后首个交易日重新计算', 'M': ''}",0,0,N,,,buy,buy
2026-10-05 16:17:48,127064,杭氧转债,hyzz,134.642,0.37,002430,杭氧股份,hygf,25.04,4.25,2.41,25.47,98.31,0,36.95,171.59,220309,基础化工,szmb,C,2022-07-05,[],0,0,buy,AA+,,17.829,33.111,4.6,buy,2028-05-19,1.636,11.364,7042.93,37187.14,4.58,-11.85,,0,15:34:48,00,Y,N,1,1,Y,转股价下修1次，成功下修1次,2022-11-25 开始转股,计算使用1.7年期 评级为AA+ 债参考YTM：1.5644,N,11.37,全价：134.642 最后更新：15:34:48,,,,1,{'M': ''},0,0,N,,,buy,buy
2026-10-05 16:17:48,123119,康泰转2,ktz2,118.633,0.87,300601,康泰生物,ktsw,13.58,6.18,1.57,15.69,86.55,0,37.07,155.7,370303,医药生物,szcy,C,2021-08-05,[],0,0,buy,AA,,10.983,20.397,16.3,buy,2027-07-15,0.789,19.99,9055.39,46971.43,3.82,-7.11,,0,15:33:57,00,Y,N,6,5,Y,转股价下修6次，成功下修5次,2022-01-21 开始转股,计算使用0.8年期 评级为AA 债参考YTM：1.5307,N,20.0,全价：118.633 最后更新：15:33:57,,,,1,{'M': ''},0,0,N,,,buy,buy
2026-10-05 16:17:48,123109,昌红转债,chzz,130.0,-2.26,300151,昌红科技,chkj,19.82,-2.84,6.57,20.93,94.7,0,37.28,167.28,640209,机械设备,szcy,C,2021-04-19,[],0,0,buy,AA-,,14.651,27.209,6.3,buy,2027-04-01,0.501,4.595,9763.14,28960.77,16.04,-23.14,,0,15:33:57,00,Y,N,1,1,Y,转股价下修1次，成功下修1次,2021-10-08 开始转股,计算使用0.6年期 评级为AA- 债参考YTM：1.6876,N,4.6,全价：130.000 最后更新：15:33:57,,,,0,{'M': ''},0,0,N,,,buy,buy
2026-10-05 16:17:48,123114,三角转债,sjzz,120.122,0.19,300775,三角防务,sjfw,19.85,-0.65,1.8,22.69,87.48,0,37.31,157.43,650201,国防军工,szcy,C,2021-06-11,[],0,0,buy,AA-,,15.883,29.497,8.5,buy,2027-05-25,0.649,8.999,2470.9,15765.08,2.28,-6.59,,0,15:34:06,00,Y,N,1,1,Y,转股价下修1次，成功下修1次,2021-11-30 开始转股,计算使用0.7年期 评级为AA- 债参考YTM：1.6952,N,9.044,全价：120.122 最后更新：15:34:06,,,,1,{'M': ''},0,0,N,,,buy,buy
2026-10-05 16:17:48,118013,道通转债,dtzz,162.792,0.06,688208,XD道通科,dtkj,24.85,-0.16,4.24,20.99,118.39,0,37.51,200.3,710103,计算机,shkc,C,2022-07-28,[],0,0,buy,AA,,14.693,27.287,7.7,buy,2028-07-08,1.773,12.796,4243.63,7291.4,2.03,-17.23,,0,14:59:22,00,Y,N,0,0,Y,,2023-01-16 开始转股,计算使用1.8年期 评级为AA 债参考YTM：1.6024,N,12.8,全价：162.792 最后更新：14:59:22,,,,1,{'M': ''},0,0,N,,,buy,buy
2026-10-05 16:17:48,127050,麒麟转债,qlzz,118.863,0.88,002984,森麒麟,sql,13.02,1.4,0.98,15.07,86.4,0,37.58,156.44,280204,汽车,szmb,C,2021-12-06,[],0,0,buy,AA,,10.549,19.591,22.4,buy,2027-11-11,1.115,20.86,3402.51,6014.56,1.37,-5.43,,0,15:34:09,00,Y,N,2,2,Y,转股价下修2次，成功下修2次,2022-05-17 开始转股,计算使用1.2年期 评级为AA 债参考YTM：1.5387,N,21.989,全价：118.863 最后更新：15:34:09,,,,1,{'M': ''},0,0,N,,,buy,buy
2026-10-05 16:17:48,113643,风语转债,fyzz,139.024,-0.35,603466,风语筑,fyz,11.88,0.85,3.28,11.8,100.68,0,38.09,177.11,720706,传媒,shmb,C,2022-04-22,[],0,0,buy,AA-,,8.26,15.34,7.1,buy,2028-03-25,1.485,4.992,6880.75,37635.85,9.89,-11.1,,0,14:59:54,00,Y,N,1,1,Y,转股价下修1次，成功下修1次,2022-10-10 开始转股,计算使用1.5年期 评级为AA- 债参考YTM：1.8534,N,5.0,全价：139.024 最后更新：14:59:54,,,,1,{'M': ''},0,0,N,,,buy,buy
2026-10-05 16:17:48,118020,芳源转债,fyzz,116.789,0.09,688148,芳源股份,fygf,5.92,0.51,5.67,7.0,84.57,0,38.1,154.89,630702,电力设备,shkc,C,2022-11-07,[],0,0,buy,BBB,,4.9,9.1,21.2,buy,2028-09-23,1.984,6.417,3646.88,6222.68,4.87,2.86,,0,14:59:57,00,Y,N,3,3,Y,转股价下修3次，成功下修3次,2023-03-29 开始转股,计算使用2.0年期 评级为BBB 债参考YTM：15.2237,N,6.42,全价：116.789 最后更新：14:59:57,,,,1,{'M': ''},0,0,N,,,buy,buy
2026-10-05 16:17:48,123144,裕兴转债,yxzz,125.788,-0.55,300305,裕兴股份,yxgf,6.32,-3.07,1.2,7.0,90.29,0,39.32,165.11,220505,基础化工,szcy,C,2022-04-27,[],0,0,buy,A,,4.9,9.1,29.5,buy,2028-04-11,1.532,5.997,3951.29,11414.89,5.24,-4.68,,0,15:34:03,00,Y,N,2,2,Y,转股价下修2次，成功下修2次,2022-10-17 开始转股,计算使用1.6年期 评级为A 债参考YTM：6.5583,N,6.0,全价：125.788 最后更新：15:34:03,,,,1,[],0,0,N,,,buy,buy
2026-10-05 16:17:48,123222,博俊转债,bjzz,139.05,1.24,300926,博俊科技,bjkj,16.39,3.6,1.91,16.46,99.58,0,39.64,178.69,280205,汽车,szcy,C,2023-09-28,[],0,0,buy,A+,,11.522,21.398,5.0,buy,2029-09-08,2.943,2.438,4621.91,6555.69,13.6,-5.42,,0,15:34:15,00,Y,N,0,0,Y,,2024-03-14 开始转股,计算使用3.0年期 评级为A+ 债参考YTM：4.4709,N,5.0,全价：139.050 最后更新：15:34:15,,,,0,{'M': ''},0,0,N,,,buy,buy
2026-10-05 16:17:48,127099,盛航转债,shzz,131.801,-0.01,001205,盛航股份,shgf,14.44,0.21,1.23,15.33,94.19,0,39.92,171.72,421101,交通运输,szmb,C,2023-12-28,[],0,0,buy,AA-,,10.731,19.929,18.9,buy,2029-12-06,3.186,4.541,1500.96,3600.38,2.51,-3.04,,0,15:34:09,00,Y,N,1,1,Y,转股价下修1次，成功下修1次,2024-06-12 开始转股,计算使用3.2年期 评级为AA- 债参考YTM：2.1537,N,7.4,全价：131.801 最后更新：15:34:09,,,,0,[],0,0,N,,,buy,buy
2026-10-05 16:17:48,127105,龙星转债,lxzz,129.532,0.41,002442,龙星科技,lxkj,5.35,0.56,1.43,5.8,92.24,0,40.43,169.96,220603,基础化工,szmb,C,2024-03-06,[],0,0,buy,AA-,,4.06,7.54,28.6,buy,2030-01-31,3.34,7.533,3003.99,8620.34,3.08,-2.48,,0,15:34:06,00,Y,N,0,0,Y,,2024-08-07 开始转股,计算使用3.4年期 评级为AA- 债参考YTM：2.1761,N,7.54,全价：129.532 最后更新：15:34:06,,,,0,[],0,0,N,,,buy,buy
2026-10-05 16:17:48,127055,精装转债,jzzz,171.7,-4.84,002989,中天精装,ztjz,22.61,-4.19,3.24,18.5,122.22,0,40.49,212.19,620201,建筑装饰,szmb,C,2022-03-24,[],0,0,buy,AA-,,12.95,24.05,4.7,buy,2028-02-22,1.397,2.081,15204.35,17609.64,41.45,-24.27,,0,15:34:39,00,Y,N,0,0,Y,,2022-08-29 开始转股,计算使用1.4年期 评级为AA- 债参考YTM：1.8389,N,5.77,全价：171.700 最后更新：15:34:39,,,,1,{'G': '本次（2026年2月24日至2026年3月16日）不提前赎回，自2027年3月16日后首个交易日重新计算'},0,0,N,,,buy,buy
2026-10-05 16:17:48,113680,丽岛转债,ldzz,135.541,-1.32,603937,丽岛新材,ldxc,12.44,-3.34,1.64,12.91,96.36,0,40.66,176.2,240301,有色金属,shmb,C,2023-12-05,[],0,0,buy,A+,,9.037,16.783,11.5,buy,2029-11-15,3.129,2.998,4735.86,12450.76,11.57,-3.83,,0,14:59:35,00,Y,N,0,0,Y,,2024-05-21 开始转股,计算使用3.2年期 评级为A+ 债参考YTM：4.5044,N,3.0,全价：135.541 最后更新：14:59:35,,,,0,[],0,0,N,,,buy,buy
2026-10-05 16:17:48,118056,路维转债,lwzz,255.236,-4.11,688401,路维光电,lwgd,64.0,-2.56,7.6,35.29,181.35,0,40.74,295.98,270103,电子,shkc,C,2025-07-10,[],0,0,buy,AA-,,24.703,45.877,5.0,buy,2031-06-11,4.699,6.144,26503.81,19117.29,16.52,-15.66,,0,14:59:58,00,Y,N,0,0,Y,,2025-12-17 开始转股,计算使用4.7年期 评级为AA- 债参考YTM：2.2776,N,6.15,全价：255.236 最后更新：14:59:58,,,,0,"{'G': '本次（2026年7月30日至2026年8月19日)不提前赎回，以2026年11月20日为首个交易日重新计算', 'M': ''}",0,0,N,,,buy,buy
2026-10-05 16:17:48,113673,岱美转债,dmzz,194.749,1.82,603730,岱美股份,dmgf,9.85,2.28,4.5,7.12,138.34,0,40.77,235.52,280202,汽车,shmb,C,2023-08-10,[],0,0,buy,AA,,4.984,9.256,4.3,buy,2029-07-18,2.8,9.078,81610.96,24364.46,45.34,-17.29,,0,14:59:59,00,Y,N,1,1,Y,转股价下修1次，成功下修1次,2024-01-24 开始转股,计算使用2.8年期 评级为AA 债参考YTM：1.6782,N,9.079,全价：194.749 最后更新：14:59:59,,,,0,"{'G': '本次（2026年8月28日至2026年9月17日）不提前赎回，以2027年3月17日之后的首个交易日重新起算', 'M': ''}",0,0,N,,,buy,buy
2026-10-05 16:17:48,127031,洋丰转债,yfzz,113.2,0.47,000902,新洋丰,xyf,13.5,1.05,1.34,16.79,80.41,0,40.79,153.99,220805,基础化工,szmb,C,2021-04-23,[],0,0,buy,AA,,11.753,21.827,6.5,buy,2027-03-25,0.482,9.999,4569.28,4972.37,4.03,-2.21,,0,15:34:33,00,Y,N,1,1,Y,转股价下修1次，成功下修1次,2021-10-08 开始转股,计算使用0.5年期 评级为AA 债参考YTM：1.5124,N,10.0,全价：113.200 最后更新：15:34:33,,,,1,{'M': ''},0,0,N,,,buy,buy
2026-10-05 16:17:48,110103,申能转债,snzz,141.972,0.26,600642,申能股份,sngf,8.78,0.23,1.05,8.74,100.46,118,41.33,183.3,410101,公用事业,shmb,C,2026-08-13,[],0,0,buy,AAA,,6.118,11.362,4.7,buy,2032-07-23,5.816,20.0,3541.47,22094.41,1.25,-4.32,,0,14:59:46,00,Y,N,0,0,Y,,未到转股期；2027-02-01 开始转股,计算使用5.9年期 评级为AAA 债参考YTM：1.7213,N,20.0,全价：141.972 最后更新：14:59:46,,,,0,{'M': ''},0,0,N,,,buy,buy
2026-10-05 16:17:48,123175,百畅转债,bczz,113.015,-0.71,300614,百川畅银,bccy,10.39,-1.33,1.95,13.0,79.92,0,41.4,154.42,760103,环保,szcy,C,2023-03-17,[],0,0,buy,BBB+,,9.1,16.9,25.2,buy,2029-02-22,2.4,4.199,2560.97,1912.26,5.38,1.23,,0,15:34:15,00,Y,N,3,3,Y,转股价下修3次，成功下修3次,2023-08-28 开始转股,计算使用2.4年期 评级为BBB+ 债参考YTM：12.2148,N,4.2,全价：113.015 最后更新：15:34:15,,,,0,{'M': ''},0,0,N,,,buy,buy
2026-10-05 16:17:48,113649,丰山转债,fszz,127.69,-0.13,603810,丰山集团,fsjt,12.23,-0.16,1.25,13.55,90.26,0,41.47,169.16,220803,基础化工,shmb,C,2022-07-21,[],0,0,buy,AA-,,9.485,17.615,22.6,buy,2028-06-27,1.743,4.577,2869.12,2067.62,4.9,-4.95,,0,14:59:53,00,Y,N,0,0,Y,,2023-01-03 开始转股,计算使用1.8年期 评级为AA- 债参考YTM：1.8940,N,5.0,全价：127.690 最后更新：14:59:53,,,,1,[],0,0,N,,,buy,buy
2026-10-05 16:17:48,127113,长高转债,cgzz,147.68,-0.6,002452,长高电气,cgdq,11.37,0.18,2.24,10.92,104.12,0,41.84,189.52,630801,电力设备,szmb,C,2026-03-30,[],0,0,buy,AA-,,7.644,14.196,12.9,buy,2032-03-09,5.444,7.585,4298.66,9341.21,3.8,-4.75,,0,15:34:03,00,Y,N,0,0,Y,,2026-09-14 开始转股,计算使用5.5年期 评级为AA- 债参考YTM：2.4697,N,7.59,全价：147.680 最后更新：15:34:03,,,,0,{'M': ''},0,0,N,,,buy,buy
2026-10-05 16:17:48,123211,阳谷转债,ygzz,146.695,0.07,300121,阳谷华泰,yght,9.51,1.17,1.17,9.2,103.37,0,41.91,188.61,220604,基础化工,szcy,C,2023-08-14,[],0,0,buy,AA-,,6.44,11.96,7.5,buy,2029-07-27,2.825,3.07,2669.75,5697.27,5.91,-7.39,,0,15:34:21,00,Y,N,0,0,Y,,2024-02-02 开始转股,计算使用2.9年期 评级为AA- 债参考YTM：2.1008,N,6.5,全价：146.695 最后更新：15:34:21,,,,0,[],0,0,N,,,buy,buy
2026-10-05 16:17:48,123088,威唐转债,wtzz,114.86,-0.03,300707,威唐工业,wtgy,12.09,-0.98,1.87,14.97,80.76,0,42.22,157.08,280205,汽车,szcy,C,2021-01-06,[],0,0,buy,A+,,10.479,19.461,17.3,buy,2026-12-15,0.208,3.004,1741.1,2213.57,5.04,0.59,,0,15:33:57,00,Y,N,1,1,Y,转股价下修1次，成功下修1次,2021-06-21 开始转股,计算使用0.3年期 评级为A+ 债参考YTM：3.9701,N,3.014,全价：114.860 最后更新：15:33:57,,,,1,[],0,0,N,,,buy,buy
2026-10-05 16:17:48,123122,富瀚转债,fhzz,125.945,-0.73,300613,富瀚微,fhw,80.8,-2.08,5.76,91.5,88.31,0,42.62,168.57,270104,电子,szcy,C,2021-08-24,[],0,0,buy,A+,,64.05,118.95,3.3,buy,2027-08-06,0.849,5.801,3338.03,75245.93,4.55,-10.27,,0,15:34:00,00,Y,N,0,0,Y,,2022-02-14 开始转股,计算使用0.9年期 评级为A+ 债参考YTM：4.0805,N,5.812,全价：125.945 最后更新：15:34:00,,,,1,{'M': ''},0,0,N,,,buy,buy
2026-10-05 16:17:48,113067,燃23转债,r23zz,123.174,0.6,601139,深圳燃气,szrq,6.25,1.13,1.07,7.24,86.33,0,42.68,165.85,410301,公用事业,shmb,C,2023-08-18,[],0,0,buy,AAA,,5.068,9.412,16.7,buy,2029-07-27,2.825,29.999,3733.06,7137.4,1.01,-3.98,,0,14:59:06,00,Y,N,0,0,Y,,2024-02-02 开始转股,计算使用2.9年期 评级为AAA 债参考YTM：1.5987,N,30.0,全价：123.174 最后更新：14:59:06,,,,0,{'M': ''},0,0,N,,,buy,buy
2026-10-05 16:17:48,111003,聚合转债,jhzz,136.138,-0.32,605166,聚合顺,jhs,8.42,-0.36,1.31,8.85,95.14,0,43.09,179.23,220406,基础化工,shmb,C,2022-04-19,[],0,0,buy,AA-,,6.195,11.505,7.7,buy,2028-03-07,1.436,2.035,1462.25,2656.84,5.27,-9.9,,0,14:59:51,00,Y,N,2,2,Y,转股价下修2次，成功下修2次,2022-09-13 开始转股,计算使用1.5年期 评级为AA- 债参考YTM：1.8534,N,2.04,全价：136.138 最后更新：14:59:51,,,,1,[],0,0,N,,,buy,buy
2026-10-05 16:17:48,113704,春风转债,cfzz,170.508,-1.99,603129,春风动力,cfdl,287.06,1.08,5.49,241.7,118.77,71,43.57,214.08,280402,汽车,shmb,C,2026-07-07,[],0,0,buy,AA+,,169.19,314.21,4.9,buy,2032-06-09,5.696,21.79,7524.94,28153.64,2.0,-7.15,,0,14:59:52,00,Y,N,0,0,Y,,未到转股期；2026-12-16 开始转股,计算使用5.7年期 评级为AA+ 债参考YTM：1.8103,N,21.79,全价：170.508 最后更新：14:59:52,,,,0,{'M': ''},0,0,N,,,buy,buy
2026-10-05 16:17:48,123158,宙邦转债,zbzz,236.0,-1.94,300037,新宙邦,xzb,66.52,0.89,4.38,40.49,164.29,0,43.65,279.65,630702,电力设备,szcy,C,2022-10-21,[],0,0,buy,AA,,28.343,52.637,5.0,buy,2028-09-26,1.992,18.046,25800.9,55078.54,5.99,-31.49,,0,15:34:12,00,Y,N,0,0,Y,,2023-03-30 开始转股,计算使用2.0年期 评级为AA 债参考YTM：1.6237,N,19.7,全价：236.000 最后更新：15:34:12,,,,1,"{'G': '本次（2026年7月23日至2026年8月12日）不提前赎回，自2027年2月12日后首个交易日重新计算', 'M': ''}",0,0,N,,,buy,buy
2026-10-05 16:17:48,113070,渝水转债,yszz,122.57,0.76,601158,重庆水务,cqsw,4.02,0.5,1.13,4.72,85.17,0,43.91,166.48,760102,环保,shmb,C,2025-02-13,[],0,0,buy,AAA,,3.304,6.136,9.8,buy,2031-01-09,4.28,18.998,4266.61,2114.05,1.84,-2.26,,0,14:58:16,00,Y,N,0,0,Y,,2025-07-15 开始转股,计算使用4.3年期 评级为AAA 债参考YTM：1.6523,N,19.0,全价：122.570 最后更新：14:58:16,,,,0,{'M': ''},0,0,N,,,buy,buy
2026-10-05 16:17:48,113646,永吉转债,yjzz,152.681,-1.19,603058,永吉股份,yjgf,8.51,-1.85,3.1,8.05,105.71,0,44.43,197.11,360205,轻工制造,shmb,C,2022-05-17,[],0,0,buy,AA-,,5.635,10.465,3.9,buy,2028-04-14,1.54,1.372,2596.31,4459.54,12.29,-19.33,,0,14:59:59,00,Y,N,0,0,Y,,2022-10-20 开始转股,计算使用1.6年期 评级为AA- 债参考YTM：1.8671,N,1.459,全价：152.681 最后更新：14:59:59,,,,1,[],0,0,N,,,buy,buy
2026-10-05 16:17:48,118012,微芯转债,wxzz,143.913,0.48,688321,微芯生物,wxsw,25.22,1.2,4.38,25.34,99.53,0,44.6,188.51,370102,医药生物,shkc,C,2022-07-28,[],0,0,buy,A+,,17.738,32.942,4.5,buy,2028-07-05,1.764,4.995,13695.58,20503.79,18.85,-10.99,,0,15:00:00,00,Y,N,0,0,Y,,2023-01-11 开始转股,计算使用1.8年期 评级为A+ 债参考YTM：4.2404,N,5.0,全价：143.913 最后更新：15:00:00,,,,1,{'M': ''},0,0,N,,,buy,buy
2026-10-05 16:17:48,123071,天能转债,tnzz,114.91,0.05,300569,天能重工,tnzg,5.29,-1.31,1.01,6.68,79.19,0,45.1,160.01,630602,电力设备,szcy,C,2020-11-25,[],0,0,buy,AA-,,4.676,8.684,12.9,buy,2026-10-21,0.058,6.934,1777.12,24452.88,2.23,1.43,,0,15:33:54,00,Y,N,2,2,Y,转股价下修2次，成功下修2次,2021-04-27 开始转股,计算使用0.1年期 评级为AA- 债参考YTM：1.6060,N,7.0,全价：114.910 最后更新：15:33:54,,,,1,"{'R': '到期\n最后交易日：2026-10-15\n最后转股日：2026-10-20\n债券到期日：2026-10-21\n到期赎回价：115.000元/张', 'M': ''}",0,0,N,,,buy,buy
2026-10-05 16:17:48,123165,回天转债,htzz,130.5,-0.33,300041,回天新材,htxc,10.55,-0.85,1.86,11.8,89.41,0,45.96,176.46,220316,基础化工,szcy,C,2022-11-15,[],0,0,buy,AA-,,8.26,15.34,14.8,buy,2028-10-27,2.077,8.496,2382.84,11267.7,2.14,-4.63,,0,15:34:12,00,Y,N,1,1,Y,转股价下修1次，成功下修1次,2023-05-04 开始转股,计算使用2.1年期 评级为AA- 债参考YTM：1.9405,N,8.5,全价：130.500 最后更新：15:34:12,,,,0,{'M': ''},0,0,N,,,buy,buy
2026-10-05 16:17:48,110087,天业转债,tyzz,120.0,1.59,600075,新疆天业,xjty,4.59,1.55,0.85,5.6,81.96,0,46.41,166.41,220202,基础化工,shmb,C,2022-07-19,[],0,0,buy,AA+,,3.92,7.28,38.2,buy,2028-06-23,1.732,29.975,7151.64,5092.04,2.0,-5.05,,0,14:59:56,00,Y,N,1,1,Y,转股价下修1次，成功下修1次,2022-12-29 开始转股,计算使用1.8年期 评级为AA+ 债参考YTM：1.5749,N,30.0,全价：120.000 最后更新：14:59:56,,,,1,{'M': ''},0,0,N,,,buy,buy
2026-10-05 16:17:48,123269,金杨转债,jyzz,152.3,-0.61,301210,金杨精密,jygf,29.18,-3.19,2.31,28.24,103.33,20,47.39,199.69,630701,电力设备,szcy,C,2026-05-11,[],0,0,buy,AA-,,19.768,36.712,54.7,buy,2032-04-19,5.556,9.8,3576.27,7310.16,2.39,-5.18,,0,15:34:30,00,Y,N,0,0,Y,,未到转股期；2026-10-26 开始转股,计算使用5.6年期 评级为AA- 债参考YTM：2.5223,N,9.8,全价：152.300 最后更新：15:34:30,,,,0,{'M': ''},0,0,N,,,buy,buy
2026-10-05 16:17:48,127054,双箭转债,sjzz,120.569,0.14,002381,双箭股份,sjgf,5.64,-0.18,1.09,6.96,81.03,0,48.79,169.36,220602,基础化工,szmb,C,2022-03-15,[],0,0,buy,AA,,4.872,9.048,27.9,buy,2028-02-11,1.367,5.136,2200.65,1596.25,3.55,-4.19,,0,15:34:42,00,Y,N,0,0,Y,,2022-08-17 开始转股,计算使用1.4年期 评级为AA 债参考YTM：1.5556,N,5.136,全价：120.569 最后更新：15:34:42,,,,1,[],0,0,N,,,buy,buy
2026-10-05 16:17:48,113048,晶科转债,jkzz,113.002,0.24,601778,晶科科技,jkkj,3.39,0.3,0.76,4.47,75.84,0,49.0,162.0,410106,公用事业,shmb,C,2021-05-31,[],0,0,buy,AA,,3.129,5.811,12.2,buy,2027-04-23,0.562,15.453,2066.65,16749.79,1.18,-1.59,,0,14:59:53,00,Y,N,2,2,Y,转股价下修2次，成功下修2次,2021-10-29 开始转股,计算使用0.6年期 评级为AA 债参考YTM：1.5233,N,30.0,全价：113.002 最后更新：14:59:53,,,,1,{'M': ''},0,0,N,,,buy,buy
2026-10-05 16:17:48,113665,汇通转债,htzz,124.13,-0.27,603176,汇通集团,htjt,5.24,-0.76,2.22,6.31,83.04,0,49.48,173.61,620306,建筑装饰,shmb,C,2023-01-11,[],0,0,buy,A+,,4.417,8.203,14.9,buy,2028-12-15,2.211,3.596,1816.02,1258.63,4.06,-2.12,,0,14:59:51,00,Y,N,1,1,Y,转股价下修1次，成功下修1次,2023-06-21 开始转股,计算使用2.3年期 评级为A+ 债参考YTM：4.3291,N,3.6,全价：124.130 最后更新：14:59:51,,,,0,[],0,0,N,,,buy,buy
2026-10-05 16:17:48,110093,神马转债,smzz,116.752,0.57,600810,神马股份,smgf,6.3,1.29,0.73,8.08,77.97,0,49.74,166.49,220406,基础化工,shmb,C,2023-04-20,[],0,0,buy,AAA,,5.656,10.504,32.7,buy,2029-03-16,2.46,22.197,3051.56,3478.98,1.18,-2.43,,0,14:59:27,00,Y,N,0,0,Y,,2023-09-22 开始转股,计算使用2.5年期 评级为AAA 债参考YTM：1.5937,N,30.0,全价：116.752 最后更新：14:59:27,,,,0,{'M': ''},0,0,N,,,buy,buy
2026-10-05 16:17:48,123277,玉禾转债,yhzz,138.653,-0.03,300815,玉禾田,yht,14.94,-0.73,1.27,16.15,92.51,121,49.88,188.53,760103,环保,szcy,C,2026-08-14,[],0,0,buy,AA,,11.305,20.995,25.6,buy,2032-07-28,5.83,15.0,2082.77,3911.13,1.0,-3.41,,0,15:34:33,00,Y,N,0,0,Y,,未到转股期；2027-02-04 开始转股,计算使用5.9年期 评级为AA 债参考YTM：1.9518,N,15.0,全价：138.653 最后更新：15:34:33,,,,0,[],0,0,N,,,buy,buy
2026-10-05 16:17:48,123268,本川转债,bczz,191.5,-4.68,300964,本川智能,bczn,68.98,-7.17,6.53,54.13,127.43,17,50.27,241.77,270202,电子,szcy,C,2026-05-07,[],0,0,buy,AA-,,37.891,70.369,7.9,buy,2032-04-16,5.548,4.69,17908.91,41460.17,19.53,-8.35,,0,15:34:27,00,Y,N,0,0,Y,,未到转股期；2026-10-23 开始转股,计算使用5.6年期 评级为AA- 债参考YTM：2.5223,N,4.69,全价：191.500 最后更新：15:34:27,,,,0,{'M': ''},0,0,N,,,buy,buy
2026-10-05 16:17:48,127115,炬申转债,jszz,165.103,-1.47,001202,炬申股份,jsgf,14.88,-0.93,2.82,13.56,109.74,118,50.46,215.56,420802,交通运输,szmb,C,2026-08-13,[],0,0,buy,AA-,,9.492,17.628,21.9,buy,2032-07-23,5.816,3.8,2219.83,1420.3,3.5,-6.28,,0,15:34:12,00,Y,N,0,0,Y,,未到转股期；2027-02-01 开始转股,计算使用5.9年期 评级为AA- 债参考YTM：2.6709,N,3.8,全价：165.103 最后更新：15:34:12,,,,0,[],0,0,N,,,buy,buy
2026-10-05 16:17:48,118039,煜邦转债,ybzz,127.876,-0.17,688597,煜邦电力,ybdl,6.2,-1.74,2.54,7.3,84.93,0,50.56,178.44,630804,电力设备,shkc,C,2023-08-15,[],0,0,buy,A,,5.11,9.49,19.7,buy,2029-07-20,2.806,4.104,1405.7,2075.48,2.67,-3.23,,0,14:59:42,00,Y,N,0,0,Y,,2024-01-26 开始转股,计算使用2.9年期 评级为A 债参考YTM：6.8009,N,4.108,全价：127.876 最后更新：14:59:42,,,,0,{'M': ''},0,0,N,,,buy,buy
2026-10-05 16:17:48,127089,晶澳转债,jazz,114.195,0.5,002459,晶澳科技,jakj,6.74,2.12,1.13,8.9,75.73,0,50.79,164.99,630502,电力设备,szmb,C,2023-08-04,[],0,0,buy,AA+,,6.23,11.57,40.2,buy,2029-07-18,2.8,89.588,4300.71,23559.56,0.42,-0.93,,0,15:33:57,00,Y,N,3,2,Y,转股价下修3次，成功下修2次,2024-01-24 开始转股,计算使用2.8年期 评级为AA+ 债参考YTM：1.6249,N,89.603,全价：114.195 最后更新：15:33:57,,,,0,{'M': ''},0,0,N,,,buy,buy
2026-10-05 16:17:48,127059,永东转2,ydz2,125.611,0.32,002753,永东股份,ydgf,6.74,0.9,1.07,8.11,83.11,0,51.14,176.75,220603,基础化工,szmb,C,2022-05-16,[],0,0,buy,AA-,,5.677,10.543,19.0,buy,2028-04-08,1.523,3.79,2170.29,3644.61,4.56,-4.61,,0,15:34:42,00,Y,N,0,0,Y,,2022-10-14 开始转股,计算使用1.6年期 评级为AA- 债参考YTM：1.8671,N,3.8,全价：125.611 最后更新：15:34:42,,,,1,[],0,0,N,,,buy,buy
2026-10-05 16:17:48,118052,浩瀚转债,hhzz,138.1,-1.06,688292,浩瀚深度,hhsd,22.05,-2.86,3.54,24.2,91.12,0,51.57,189.67,710103,计算机,shkc,C,2025-04-07,[],0,0,buy,A+,,16.94,31.46,10.1,buy,2031-03-13,4.452,3.539,6773.61,14039.9,13.77,-3.21,,0,14:59:57,00,Y,N,0,0,Y,,2025-09-19 开始转股,计算使用4.5年期 评级为A+ 债参考YTM：4.6229,N,3.54,全价：138.100 最后更新：14:59:57,,,,0,{'M': ''},0,0,N,,,buy,buy
2026-10-05 16:17:48,118059,颀中转债,qzzz,190.415,-4.87,688352,颀中科技,qzkj,17.18,-5.76,3.54,13.7,125.4,0,51.84,242.26,270107,电子,shkc,C,2025-11-21,[],0,0,buy,AA+,,9.59,17.81,13.5,buy,2031-11-03,5.096,8.498,24682.56,28250.84,14.92,-9.94,,0,14:59:58,00,Y,N,0,0,Y,,2026-05-07 开始转股,计算使用5.1年期 评级为AA+ 债参考YTM：1.7414,N,8.5,全价：190.415 最后更新：14:59:58,,,,0,"{'G': '本次（2026年5月26日至2026年6月17日）不提前赎回，以2026年12月18日为首个交易日重新计算', 'M': ''}",0,0,N,,,buy,buy
2026-10-05 16:17:48,123195,蓝晓转02,lxz02,172.6,2.35,300487,蓝晓科技,lxkj,67.03,0.12,7.22,59.09,113.44,0,52.15,224.75,220504,基础化工,szcy,C,2023-05-08,[],0,0,buy,A+,,41.363,76.817,2.6,buy,2029-04-17,2.548,5.455,17235.19,13692.5,18.32,-13.74,,0,15:34:18,00,Y,N,0,0,Y,,2023-10-23 开始转股,计算使用2.6年期 评级为A+ 债参考YTM：4.3896,N,5.461,全价：172.600 最后更新：15:34:18,,,,0,{'M': ''},0,0,N,,,buy,buy
2026-10-05 16:17:48,113688,国检转债,gjzz,130.928,0.17,603060,国检集团,gjjt,5.53,0.0,2.18,6.45,85.74,0,52.71,183.64,460802,社会服务,shmb,C,2024-11-12,[],0,0,buy,AA+,,4.515,8.385,18.0,buy,2030-10-17,4.049,7.997,2807.99,4342.24,2.68,-2.93,,0,14:59:38,00,Y,N,0,0,Y,,2025-04-23 开始转股,计算使用4.1年期 评级为AA+ 债参考YTM：1.7123,N,8.0,全价：130.928 最后更新：14:59:38,,,,0,[],0,0,N,,,buy,buy
2026-10-05 16:17:48,127083,山路转债,slzz,120.992,0.47,000498,山东路桥,sdlq,5.87,4.63,0.32,7.42,79.11,0,52.94,173.93,620306,建筑装饰,szmb,C,2023-04-26,[],0,0,buy,AAA,,5.194,9.646,56.8,buy,2029-03-24,2.482,48.359,11245.83,29983.37,1.91,-3.37,,0,15:33:54,00,Y,N,0,0,Y,,2023-10-09 开始转股,计算使用2.5年期 评级为AAA 债参考YTM：1.5937,N,48.36,全价：120.992 最后更新：15:33:54,,,,0,{'M': ''},0,0,N,,,buy,buy
2026-10-05 16:17:48,123224,宇邦转债,ybzz,134.625,0.0,301266,宇邦新材,ybxc,24.71,-0.2,1.88,28.09,87.97,0,53.04,187.67,630504,电力设备,szcy,C,2023-10-18,[],0,0,buy,A+,,19.663,36.517,8.5,buy,2029-09-19,2.973,2.848,1505.93,5603.49,3.92,-4.11,,0,15:34:33,00,Y,N,1,1,Y,转股价下修1次，成功下修1次,2024-03-25 开始转股,计算使用3.0年期 评级为A+ 债参考YTM：4.4709,N,5.0,全价：134.625 最后更新：15:34:33,,,,0,{'M': ''},0,0,N,,,buy,buy
2026-10-05 16:17:48,123237,佳禾转债,jhzz,132.835,0.16,300793,佳禾智能,jhzn,11.63,-1.86,1.57,13.46,86.4,0,53.74,186.58,270504,电子,szcy,C,2024-01-24,[],0,0,buy,A+,,9.422,17.498,10.0,buy,2030-01-04,3.266,4.314,1180.9,5037.88,2.06,-3.81,,0,15:34:30,00,Y,N,1,1,Y,转股价下修1次，成功下修1次,2024-07-10 开始转股,计算使用3.3年期 评级为A+ 债参考YTM：4.5174,N,10.04,全价：132.835 最后更新：15:34:30,,,,0,[],0,0,N,,,buy,buy
2026-10-05 16:17:48,123280,三鑫转债,sxzz,145.05,-0.17,300453,三鑫医疗,sxyl,9.05,0.22,3.16,9.62,94.08,127,54.19,199.24,370503,医药生物,szcy,C,2026-08-19,[],0,0,buy,AA-,,7.696,12.506,16.1,buy,2032-08-03,5.847,5.3,2221.38,4267.64,2.88,-4.13,,0,15:34:00,00,Y,N,0,0,Y,,未到转股期；2027-02-10 开始转股,计算使用5.9年期 评级为AA- 债参考YTM：2.6709,N,5.3,全价：145.050 最后更新：15:34:00,,,,0,[],1,0,N,,,buy,buy
2026-10-05 16:17:48,123271,通合转债,thzz,163.881,-0.36,300491,通合科技,thkj,35.16,-1.21,5.16,33.18,105.97,63,54.65,218.53,630306,电力设备,szcy,C,2026-06-17,[],0,0,buy,AA,,23.226,43.134,9.4,buy,2032-06-01,5.674,5.219,5479.0,25936.62,6.39,-5.59,,0,15:34:30,00,Y,N,0,0,Y,,未到转股期；2026-12-08 开始转股,计算使用5.7年期 评级为AA 债参考YTM：1.9128,N,5.22,全价：163.881 最后更新：15:34:30,,,,0,[],0,0,N,,,buy,buy
2026-10-05 16:17:48,111022,锡振转债,xzzz,155.096,-0.07,605319,XD无锡振,wxzh,22.22,0.54,2.69,22.19,100.14,0,54.89,209.99,280205,汽车,shmb,C,2025-07-14,[],0,0,buy,AA-,,15.533,28.847,6.7,buy,2031-06-18,4.718,5.197,2493.13,5421.68,3.08,-5.79,,0,14:59:56,00,Y,N,0,0,Y,,2025-12-24 开始转股,计算使用4.8年期 评级为AA- 债参考YTM：2.2836,N,5.2,全价：155.096 最后更新：14:59:56,,,,0,[],0,0,N,,,buy,buy
2026-10-05 16:17:48,127069,小熊转债,xxzz,126.0,0.36,002959,小熊电器,xxdq,35.52,-0.08,1.87,43.71,81.26,0,55.05,181.05,330301,家用电器,szmb,C,2022-09-07,[],0,0,buy,AA-,,30.597,56.823,10.2,buy,2028-08-12,1.869,5.041,19126.92,20078.42,29.84,-3.72,,0,15:33:51,00,Y,N,1,1,Y,转股价下修1次，成功下修1次,2023-02-20 开始转股,计算使用1.9年期 评级为AA- 债参考YTM：1.9083,N,5.36,全价：126.000 最后更新：15:33:51,,,,1,{'M': ''},0,0,N,,,buy,buy
2026-10-05 16:17:48,113694,清源转债,qyzz,123.507,-0.18,603628,清源股份,qygf,10.2,-1.16,2.08,12.85,79.38,0,55.59,179.1,630504,电力设备,shmb,C,2025-04-25,[],0,0,buy,A+,,8.995,16.705,18.0,buy,2031-04-08,4.523,4.999,1827.71,3928.58,2.96,-0.89,,0,14:58:14,00,Y,N,0,0,Y,,2025-10-14 开始转股,计算使用4.6年期 评级为A+ 债参考YTM：4.6275,N,5.0,全价：123.507 最后更新：14:58:14,,,,0,{'M': ''},0,0,N,,,buy,buy
2026-10-05 16:17:48,123155,中陆转债,zlzz,127.06,-0.06,301040,中环海陆,zhhl,25.93,-1.41,3.44,31.76,81.64,0,55.63,182.69,630602,电力设备,szcy,C,2022-08-31,[],0,0,buy,A+,,22.232,41.288,14.7,buy,2028-08-12,1.869,3.6,2733.46,3897.17,5.95,-4.15,,0,15:34:09,00,Y,N,0,0,Y,,2023-02-20 开始转股,计算使用1.9年期 评级为A+ 债参考YTM：4.2568,N,3.6,全价：127.060 最后更新：15:34:09,,,,1,{'M': ''},0,0,N,,,buy,buy
2026-10-05 16:17:48,127093,章鼓转债,zgzz,127.847,0.05,002598,ST章鼓,sdzg,6.81,-0.15,1.59,8.3,82.05,0,55.82,183.67,640106,机械设备,szmb,C,2023-11-03,[],0,0,buy,A,,5.81,10.79,12.4,buy,2029-10-17,3.049,2.425,124.75,865.89,0.4,-2.63,,0,15:34:00,00,Y,N,1,1,Y,转股价下修1次，成功下修1次,2024-04-23 开始转股,计算使用3.1年期 评级为A 债参考YTM：6.8390,N,2.43,全价：127.847 最后更新：15:34:00,,,,0,[],0,0,N,,,buy,buy
2026-10-05 16:17:48,123214,东宝转债,dbzz,128.8,0.95,300239,东宝生物,dbsw,5.46,0.74,1.85,6.62,82.48,0,56.16,184.96,370304,医药生物,szcy,C,2023-08-18,[],0,0,buy,A+,,4.634,8.606,14.1,buy,2029-07-31,2.836,4.549,1261.56,4874.58,2.16,-3.53,,0,15:34:24,00,Y,N,0,0,Y,,2024-02-05 开始转股,计算使用2.9年期 评级为A+ 债参考YTM：4.4509,N,4.55,全价：128.800 最后更新：15:34:24,,,,0,[],0,0,N,,,buy,buy
2026-10-05 16:17:48,123193,海能转债,hnzz,127.921,-0.07,300787,海能实业,hnsy,11.87,0.0,2.41,14.5,81.86,0,56.26,184.18,270504,电子,szcy,C,2023-05-09,[],0,0,buy,AA-,,10.15,18.85,25.7,buy,2029-04-13,2.537,5.997,3286.92,12857.23,4.26,-3.02,,0,15:34:15,00,Y,N,0,0,Y,,2023-10-19 开始转股,计算使用2.6年期 评级为AA- 债参考YTM：2.0386,N,6.0,全价：127.921 最后更新：15:34:15,,,,0,[],0,0,N,,,buy,buy
2026-10-05 16:17:48,123157,科蓝转债,klzz,130.425,0.33,300663,科蓝软件,klrj,7.33,-1.61,10.64,8.8,83.3,0,56.58,187.01,710401,计算机,szcy,C,2022-09-20,[],0,0,buy,A-,,6.16,11.44,6.8,buy,2028-08-30,1.918,2.34,2164.96,7462.55,7.1,-5.44,,0,15:34:09,00,Y,N,2,2,Y,转股价下修2次，成功下修2次,2023-03-06 开始转股,计算使用2.0年期 评级为A- 债参考YTM：8.9737,N,4.946,全价：130.425 最后更新：15:34:09,,,,1,{'M': ''},0,0,N,,,buy,buy
2026-10-05 16:17:48,118060,瑞可转债,rkzz,168.028,-3.43,688800,瑞可达,rkd,56.18,-2.31,6.43,52.53,106.95,0,57.11,225.14,270401,电子,shkc,C,2025-12-12,[],0,0,buy,AA-,,36.771,68.289,6.2,buy,2031-11-14,5.126,9.999,13616.84,36242.56,7.96,-7.11,,0,14:59:46,00,Y,N,0,0,Y,,2026-05-20 开始转股,计算使用5.2年期 评级为AA- 债参考YTM：2.3380,N,10.0,全价：168.028 最后更新：14:59:46,,,,0,"{'G': '本次（2026年5月20日至2026年6月9日）不提前赎回，以2026年12月10日为首个交易日重新计算', 'M': ''}",0,0,N,,,buy,buy
2026-10-05 16:17:48,123281,中仑转债,zlzz,149.0,-0.86,301565,中仑新材,zlxc,19.22,-0.83,3.12,20.28,94.77,129,57.22,206.22,220505,基础化工,szcy,C,2026-08-24,[],0,0,buy,AA-,,14.196,26.364,43.4,buy,2032-08-05,5.852,10.68,3001.11,4476.85,1.87,-4.57,,0,15:34:03,00,Y,N,0,0,Y,,未到转股期；2027-02-12 开始转股,计算使用5.9年期 评级为AA- 债参考YTM：2.6709,N,10.68,全价：149.000 最后更新：15:34:03,,,,0,{'M': ''},0,0,N,,,buy,buy
2026-10-05 16:17:48,113699,金25转债,j25zz,182.192,0.24,603979,金诚信,jcx,72.28,-0.1,3.64,62.8,115.1,0,58.3,240.49,240302,有色金属,shmb,C,2025-10-27,[],0,0,buy,AA,,43.96,81.64,4.4,buy,2031-09-26,4.992,19.998,7870.58,20548.04,2.15,-8.83,,0,15:00:00,00,Y,N,0,0,Y,,2026-04-10 开始转股,计算使用5.0年期 评级为AA 债参考YTM：1.8068,N,20.0,全价：182.192 最后更新：15:00:00,,,,0,{'M': ''},0,0,N,,,buy,buy
2026-10-05 16:17:48,123278,合金转债,hjzz,160.284,-1.22,300697,电工合金,dghj,14.14,-0.35,4.71,13.98,101.14,122,58.47,218.75,240302,有色金属,szcy,C,2026-08-18,[],0,0,buy,AA-,,9.786,18.174,11.6,buy,2032-07-29,5.833,5.45,6526.3,6094.59,7.41,-5.78,,0,15:34:45,00,Y,N,0,0,Y,,未到转股期；2027-02-05 开始转股,计算使用5.9年期 评级为AA- 债参考YTM：2.6709,N,5.45,全价：160.284 最后更新：15:34:45,,,,0,[],0,0,N,,,buy,buy
2026-10-05 16:17:48,127102,浙建转债,zjzz,119.68,1.25,002761,浙江建投,zjjt,7.68,3.92,0.97,10.17,75.52,0,58.48,178.16,620101,建筑装饰,szmb,C,2024-01-16,[],0,0,buy,AA+,,7.119,13.221,12.0,buy,2029-12-25,3.238,9.951,6824.01,20147.01,5.75,-2.09,,0,15:34:51,00,Y,N,0,0,Y,,2024-07-01 开始转股,计算使用3.3年期 评级为AA+ 债参考YTM：1.6478,N,10.0,全价：119.680 最后更新：15:34:51,,,,0,{'M': ''},0,0,N,,,buy,buy
2026-10-05 16:17:48,127049,希望转2,xwz2,108.33,0.49,000876,新希望,xxw,6.92,0.44,1.64,10.13,68.31,0,58.58,166.91,110402,农林牧渔,szmb,C,2021-11-29,[],0,0,buy,AAA,,7.091,13.169,26.2,buy,2027-11-02,1.09,81.434,11751.06,13061.03,1.33,0.23,,0,15:33:57,00,Y,N,1,1,Y,转股价下修1次，成功下修1次,2022-05-09 开始转股,计算使用1.1年期 评级为AAA 债参考YTM：1.4939,N,81.5,全价：108.330 最后更新：15:33:57,,,,1,{'M': ''},0,0,N,,,buy,buy
2026-10-05 16:17:48,127104,姚记转债,yjzz,134.884,0.14,002605,姚记科技,yjkj,16.47,0.24,1.8,19.38,84.99,0,58.72,193.6,720401,传媒,szmb,C,2024-02-26,[],0,0,buy,A+,,13.566,25.194,10.4,buy,2030-01-24,3.321,5.822,1894.5,3479.54,2.41,-3.49,,0,15:34:15,00,Y,N,0,0,Y,,2024-07-31 开始转股,计算使用3.4年期 评级为A+ 债参考YTM：4.5286,N,5.831,全价：134.884 最后更新：15:34:15,,,,0,[],0,0,N,,,buy,buy
2026-10-05 16:17:48,127111,金威转债,jwzz,133.56,0.71,002626,金达威,jdw,16.13,1.07,2.34,19.19,84.05,0,58.9,192.46,340407,食品饮料,szmb,C,2025-09-08,[],0,0,buy,AA,,13.433,24.947,13.1,buy,2031-08-20,4.89,12.924,4218.43,3842.46,2.44,-3.33,,0,15:34:15,00,Y,N,0,0,Y,,2026-02-26 开始转股,计算使用4.9年期 评级为AA 债参考YTM：1.8030,N,12.924,全价：133.560 最后更新：15:34:15,,,,0,{'M': ''},0,0,N,,,buy,buy
2026-10-05 16:17:48,123272,中汽转债,zqzz,140.787,0.06,301215,中汽股份,zqgf,5.28,0.0,2.32,5.99,88.15,72,59.72,200.51,280303,汽车,szcy,C,2026-06-30,[],0,0,buy,AA+,,4.193,7.787,14.9,buy,2032-06-10,5.699,10.39,2242.57,3503.51,1.53,-3.91,,0,15:34:42,00,Y,N,0,0,Y,,未到转股期；2026-12-17 开始转股,计算使用5.7年期 评级为AA+ 债参考YTM：1.8103,N,10.39,全价：140.787 最后更新：15:34:42,,,,0,{'M': ''},0,0,N,,,buy,buy
2026-10-05 16:17:48,127114,宜化转债,yhzz,131.0,0.54,000422,湖北宜化,hbyh,11.52,0.35,1.62,14.09,81.76,90,60.22,191.22,220801,基础化工,szmb,C,2026-07-14,[],0,0,buy,AA+,,9.863,18.317,26.8,buy,2032-06-25,5.74,33.0,3630.7,7309.78,0.84,-2.47,,0,15:34:15,00,Y,Y,0,0,Y,,未到转股期；2027-01-04 开始转股,计算使用5.8年期 评级为AA+ 债参考YTM：1.8241,N,33.0,全价：131.000 最后更新：15:34:15,,,,0,{'M': ''},0,0,N,,,buy,buy
2026-10-05 16:17:48,118061,茂莱转债,mlzz,177.932,-1.72,688502,茂莱光学,mlgx,404.0,-2.55,17.07,364.15,110.94,0,60.38,238.31,270303,电子,shkc,C,2025-12-10,[],0,0,buy,A+,,254.905,473.395,2.6,buy,2031-11-21,5.145,5.621,9323.53,33064.11,9.25,-7.8,,0,14:59:59,00,Y,N,0,0,Y,,2026-05-27 开始转股,计算使用5.2年期 评级为A+ 债参考YTM：4.6867,N,5.625,全价：177.932 最后更新：14:59:59,,,,0,{'M': ''},0,0,N,,,buy,buy
2026-10-05 16:17:48,123284,强达转债,qdzz,211.358,-4.02,301628,强达电路,qddl,110.3,-5.32,6.97,84.04,131.25,142,61.04,272.4,270202,电子,szcy,C,2026-09-03,[],0,0,buy,AA-,,58.828,109.252,17.2,buy,2032-08-18,5.888,5.5,39615.47,34383.46,33.22,-10.09,,0,15:34:36,00,Y,N,0,0,Y,,未到转股期；2027-02-25 开始转股,计算使用5.9年期 评级为AA- 债参考YTM：2.6709,N,5.5,全价：211.358 最后更新：15:34:36,,,,0,{'M': ''},0,0,N,,,buy,buy
2026-10-05 16:17:48,110100,龙建转债,ljzz,116.509,0.51,600853,龙建股份,ljgf,3.32,0.91,0.8,4.59,72.33,0,61.08,177.59,620306,建筑装饰,shmb,C,2026-02-12,[],0,0,buy,AA,,3.213,5.967,29.7,buy,2032-01-22,5.315,10.0,2707.39,3520.94,2.33,-0.5,,0,14:58:51,00,Y,N,0,0,Y,,2026-07-28 开始转股,计算使用5.4年期 评级为AA 债参考YTM：1.8543,N,10.0,全价：116.509 最后更新：14:58:51,,,,0,{'EX': '黑龙江省建设投资集团有限公司大宗减持11.70% 2026年09月28日公告'},0,0,N,,,buy,buy
2026-10-05 16:17:48,127108,太能转债,tnzz,121.335,0.28,000591,太阳能,tyn,4.17,0.48,0.67,5.54,75.27,0,61.2,182.54,410106,公用事业,szmb,C,2025-04-16,[],0,0,buy,AA+,,3.878,7.202,18.1,buy,2031-03-28,4.493,29.498,2813.02,10150.67,0.78,-0.84,,0,15:34:09,00,Y,N,0,0,Y,,2025-10-09 开始转股,计算使用4.5年期 评级为AA+ 债参考YTM：1.7267,N,29.5,全价：121.335 最后更新：15:34:09,,,,0,{'M': ''},0,0,N,,,buy,buy
2026-10-05 16:17:48,110090,爱迪转债,adzz,124.882,0.56,600933,爱柯迪,akd,13.27,-0.23,1.41,17.15,77.38,0,61.4,186.28,280203,汽车,shmb,C,2022-10-28,[],0,0,buy,AA,,12.005,22.295,12.2,buy,2028-09-23,1.984,15.695,5718.54,11849.66,2.92,-5.6,,0,14:56:55,00,Y,N,0,0,Y,,2023-03-29 开始转股,计算使用2.0年期 评级为AA 债参考YTM：1.6237,N,15.7,全价：124.882 最后更新：14:56:55,,,,1,{'M': ''},0,0,N,,,buy,buy
2026-10-05 16:17:48,110102,江农转债,jnzz,139.928,0.45,600389,江山股份,jsgf,17.89,2.35,1.79,20.64,86.68,106,61.44,201.37,220803,基础化工,shmb,C,2026-08-05,[],0,0,buy,AA+,,14.448,26.832,15.4,buy,2032-07-13,5.789,11.85,5897.06,11378.74,3.54,-3.73,,0,14:59:59,00,Y,N,0,0,Y,,未到转股期；2027-01-20 开始转股,计算使用5.8年期 评级为AA+ 债参考YTM：1.8241,N,11.85,全价：139.928 最后更新：14:59:59,,,,0,{'M': ''},0,0,N,,,buy,buy
2026-10-05 16:17:48,113698,凯众转债,kzzz,133.361,-0.13,603037,凯众股份,kzgf,10.36,-0.77,2.77,12.55,82.55,0,61.55,194.91,280203,汽车,shmb,C,2025-09-10,[],0,0,buy,AA-,,8.785,16.315,11.2,buy,2031-08-15,4.877,3.079,2700.76,9792.66,6.55,-3.29,,0,14:59:57,00,Y,N,0,0,Y,,2026-02-24 开始转股,计算使用4.9年期 评级为AA- 债参考YTM：2.2900,N,3.08,全价：133.361 最后更新：14:59:57,,,,0,[],0,0,N,,,buy,buy
2026-10-05 16:17:48,110092,三房转债,sfzz,73.449,-2.87,600370,*ST三房,sfx,1.37,-5.52,1.07,3.02,45.36,0,61.91,135.36,220401,基础化工,shmb,C,2023-02-07,[],0,0,buy,A-,,2.114,3.926,38.4,buy,2029-01-06,2.271,21.185,5205.36,5301.72,3.32,21.57,,0,14:59:58,00,Y,N,0,0,Y,,2023-07-12 开始转股,计算使用2.3年期 评级为A- 债参考YTM：9.0291,N,25.0,全价：73.449 最后更新：14:59:58,,,,0,[],0,0,N,,,buy,buy
2026-10-05 16:17:48,123276,久吾转02,jwz02,150.153,-1.3,300631,久吾高科,jwgk,21.99,2.61,2.02,23.78,92.47,111,62.38,212.53,760201,环保,szcy,C,2026-08-04,[],0,0,buy,A+,,16.646,30.914,11.2,buy,2032-07-19,5.806,3.0,5447.44,5056.95,12.03,-3.99,,0,15:34:42,00,Y,N,0,0,Y,,未到转股期；2027-01-25 开始转股,计算使用5.9年期 评级为A+ 债参考YTM：5.0208,N,3.0,全价：150.153 最后更新：15:34:42,,,,0,[],1,0,N,,,buy,buy
2026-10-05 16:17:48,110086,精工转债,jgzz,120.677,0.39,600496,精工钢构,jggg,3.39,2.11,0.73,4.57,74.18,0,62.68,183.36,620401,建筑装饰,shmb,C,2022-05-23,[],0,0,buy,AA,,3.199,5.941,29.6,buy,2028-04-22,1.562,19.999,39775.38,10797.12,15.96,-3.73,,0,14:59:59,00,Y,N,0,0,Y,,2022-10-28 开始转股,计算使用1.6年期 评级为AA 债参考YTM：1.5783,N,20.0,全价：120.677 最后更新：14:59:59,,,,1,{'M': ''},0,0,N,,,buy,buy
2026-10-05 16:17:48,111020,合顺转债,hszz,130.371,0.25,605166,聚合顺,jhs,8.42,-0.36,1.31,10.53,79.96,0,63.04,193.41,220406,基础化工,shmb,C,2024-08-15,[],0,0,buy,AA-,,7.371,13.689,12.8,buy,2030-07-22,3.811,3.38,1263.35,2656.84,2.86,-2.34,,0,14:59:01,00,Y,N,0,0,Y,,2025-01-27 开始转股,计算使用3.9年期 评级为AA- 债参考YTM：2.2160,N,3.38,全价：130.371 最后更新：14:59:01,,,,0,[],0,0,N,,,buy,buy
2026-10-05 16:17:48,111021,奥锐转债,arzz,133.124,1.38,605116,奥锐特,art,20.07,4.1,3.05,24.6,81.59,0,63.17,196.29,370101,医药生物,shmb,C,2024-08-15,[],0,0,buy,AA-,,17.22,31.98,10.0,buy,2030-07-26,3.822,8.121,4503.24,7475.13,4.17,-2.88,,0,14:59:57,00,Y,N,0,0,Y,,2025-02-05 开始转股,计算使用3.9年期 评级为AA- 债参考YTM：2.2160,N,8.121,全价：133.124 最后更新：14:59:57,,,,0,[],0,0,N,,,buy,buy
2026-10-05 16:17:48,123261,普联转债,plzz,151.21,-1.8,300996,普联软件,plrj,11.99,-1.72,3.69,12.97,92.44,0,63.57,214.78,710401,计算机,szcy,C,2025-12-22,[],0,0,buy,A+,,9.079,16.861,6.1,buy,2031-12-05,5.184,2.428,7614.26,10417.85,20.58,-4.6,,0,15:34:33,00,Y,N,0,0,Y,,2026-06-11 开始转股,计算使用5.2年期 评级为A+ 债参考YTM：4.6867,N,2.43,全价：151.210 最后更新：15:34:33,,,,0,{'M': ''},0,0,N,,,buy,buy
2026-10-05 16:17:48,113696,伯25转债,b25zz,131.137,1.24,603596,伯特利,btl,28.14,1.15,3.0,35.16,80.03,0,63.85,194.99,280203,汽车,shmb,C,2025-07-28,[],0,0,buy,AA,,24.612,45.708,11.1,buy,2031-07-01,4.753,28.017,8031.82,25934.2,2.19,-3.05,,0,14:58:13,00,Y,N,0,0,Y,,2026-01-07 开始转股,计算使用4.8年期 评级为AA 债参考YTM：1.7996,N,28.02,全价：131.137 最后更新：14:58:13,,,,0,{'M': ''},0,0,N,,,buy,buy
2026-10-05 16:17:48,113678,中贝转债,zbzz,134.307,-0.13,603220,中贝通信,zbtx,16.71,-2.11,2.3,20.47,81.63,0,64.53,198.84,730103,通信,shmb,C,2023-11-21,[],0,0,buy,A+,,14.329,26.611,5.7,buy,2029-10-19,3.055,5.106,2107.91,20732.71,3.07,-3.58,,0,14:59:52,00,Y,N,2,1,Y,转股价下修2次，成功下修1次,2024-04-25 开始转股,计算使用3.1年期 评级为A+ 债参考YTM：4.4890,N,5.17,全价：134.307 最后更新：14:59:52,,,,0,{'M': ''},0,0,N,,,buy,buy
2026-10-05 16:17:48,113674,华设转债,hszz,124.775,0.15,603018,华设集团,hsjt,5.2,0.0,0.79,6.91,75.25,0,65.81,190.59,620601,建筑装饰,shmb,C,2023-08-15,[],0,0,buy,AA,,4.837,8.983,9.4,buy,2029-07-21,2.808,3.999,2873.28,2457.48,5.76,-2.82,,0,14:59:31,00,Y,N,0,0,Y,,2024-01-29 开始转股,计算使用2.9年期 评级为AA 债参考YTM：1.6844,N,4.0,全价：124.775 最后更新：14:59:31,,,,0,{'M': ''},0,0,N,,,buy,buy
2026-10-05 16:17:48,123285,润禾转02,rhz02,171.15,8.8,300727,润禾材料,rhcl,32.09,-4.29,4.27,31.1,103.18,161,65.87,237.02,220316,基础化工,szcy,C,2026-09-29,[],0,0,buy,A+,,21.77,40.43,7.1,buy,2032-09-09,5.948,3.7,181600.39,13465.71,273.63,-6.15,,0,15:34:48,00,Y,N,0,0,Y,,未到转股期；2027-03-16 开始转股,计算使用6.0年期 评级为A+ 债参考YTM：5.0591,N,3.7,全价：171.150 最后更新：15:34:48,,,,0,[],0,0,N,,,buy,buy
2026-10-05 16:17:48,113682,益丰转债,yfzz,124.7,0.2,603939,XD益丰药,yfyf,23.31,2.64,2.33,31.14,74.86,0,66.59,191.29,370403,医药生物,shmb,C,2024-03-27,[],0,0,buy,AA,,21.798,40.482,6.4,buy,2030-03-04,3.427,17.968,9665.44,35038.95,4.29,-2.56,,0,14:59:50,00,Y,N,0,0,Y,,2024-09-09 开始转股,计算使用3.5年期 评级为AA 债参考YTM：1.7273,N,17.97,全价：124.700 最后更新：14:59:50,,,,0,{'M': ''},0,0,N,,,buy,buy
2026-10-05 16:17:48,113705,豪26转债,h26zz,132.045,-0.34,603809,豪能股份,hngf,8.47,-0.24,2.0,10.74,78.86,77,67.43,199.48,280203,汽车,shmb,C,2026-07-10,[],0,0,buy,AA-,,6.444,13.962,23.1,buy,2032-06-14,5.71,18.0,2434.39,4141.66,1.02,-2.62,,0,14:59:54,00,Y,N,0,0,Y,,未到转股期；2026-12-22 开始转股,计算使用5.8年期 评级为AA- 债参考YTM：2.6254,N,18.0,全价：132.045 最后更新：14:59:54,,,,0,{'M': ''},0,0,N,,,buy,buy
2026-10-05 16:17:48,113706,金帝转债,jdzz,170.458,-2.38,603270,金帝股份,jdgf,31.15,-2.26,2.88,30.62,101.73,77,67.56,238.02,640108,机械设备,shmb,C,2026-07-10,[],0,0,buy,AA,,21.434,39.806,30.0,buy,2032-06-14,5.71,9.7,17153.42,14900.03,10.21,-6.21,,0,14:59:59,00,Y,N,0,0,Y,,未到转股期；2026-12-22 开始转股,计算使用5.8年期 评级为AA 债参考YTM：1.9328,N,9.7,全价：170.458 最后更新：14:59:59,,,,0,{'M': ''},0,0,N,,,buy,buy
2026-10-05 16:17:48,113692,保隆转债,blzz,126.047,0.12,603197,保隆科技,blkj,29.1,0.55,1.85,38.78,75.04,0,67.98,194.03,280205,汽车,shmb,C,2024-11-27,[],0,0,buy,AA,,27.146,50.414,22.6,buy,2030-10-31,4.088,13.897,3884.94,4857.88,2.21,-2.59,,0,14:59:13,00,Y,N,0,0,Y,,2025-05-06 开始转股,计算使用4.1年期 评级为AA 债参考YTM：1.7725,N,13.9,全价：126.047 最后更新：14:59:13,,,,0,{'M': ''},0,0,N,,,buy,buy
2026-10-05 16:17:48,123279,天脉转债,tmzz,179.9,-5.22,301626,苏州天脉,sztm,285.35,-3.43,20.53,267.33,106.74,125,68.54,248.44,270504,电子,szcy,C,2026-08-18,[],0,0,buy,AA,,187.131,347.529,5.2,buy,2032-08-02,5.844,7.86,34497.39,53545.9,24.19,-7.65,,0,15:33:57,00,Y,N,0,0,Y,,未到转股期；2027-02-08 开始转股,计算使用5.9年期 评级为AA 债参考YTM：1.9518,N,7.86,全价：179.900 最后更新：15:33:57,,,,0,{'M': ''},0,0,N,,,buy,buy
2026-10-05 16:17:48,111025,圣泉转债,sqzz,142.015,-1.3,605589,圣泉集团,sqjt,35.67,-1.14,2.8,42.38,84.17,87,68.73,210.75,220504,基础化工,shmb,C,2026-07-21,[],0,0,buy,AA+,,29.666,55.094,8.3,buy,2032-06-24,5.737,25.0,16640.69,56675.3,4.64,-4.17,,0,14:59:58,00,Y,N,1,1,Y,转股价下修1次，成功下修1次,未到转股期；2027-01-01 开始转股,计算使用5.8年期 评级为AA+ 债参考YTM：1.8241,N,25.0,全价：142.015 最后更新：14:59:58,,,,0,{'M': ''},1,0,N,,,buy,buy
2026-10-05 16:17:48,110101,宝钛转债,btzz,134.267,-0.93,600456,宝钛股份,btgf,24.63,0.2,1.63,30.98,79.5,85,68.88,203.15,240504,有色金属,shmb,C,2026-07-16,[],0,0,buy,AAA,,21.686,40.274,29.7,buy,2032-06-23,5.734,35.0,3181.56,4072.47,0.67,-3.53,,0,14:59:57,00,Y,N,0,0,Y,,未到转股期；2026-12-30 开始转股,计算使用5.8年期 评级为AAA 债参考YTM：1.7126,N,35.0,全价：134.267 最后更新：14:59:57,,,,0,{'M': ''},1,0,N,,,buy,buy
2026-10-05 16:17:48,113710,四方转债,sfzz,139.546,-0.45,603339,四方科技,sfkj,12.2,0.25,1.35,14.87,82.04,154,70.09,209.64,640105,机械设备,shmb,C,2026-09-23,[],0,0,buy,AA,,10.409,19.331,27.1,buy,2032-09-02,5.929,10.234,22696.35,4519.57,15.91,-3.46,,0,14:59:59,00,Y,N,0,0,Y,,未到转股期；2027-03-09 开始转股,计算使用6.0年期 评级为AA 债参考YTM：1.9691,N,10.234,全价：139.546 最后更新：14:59:59,,,,0,[],0,0,N,,,buy,buy
2026-10-05 16:17:48,123282,震裕转02,zyz02,150.599,1.0,300953,震裕科技,zykj,92.15,-0.91,4.62,104.25,88.39,139,70.37,220.97,630701,电力设备,szcy,C,2026-09-02,[],0,0,buy,AA-,,72.975,135.525,11.6,buy,2032-08-16,5.882,18.8,14890.55,53063.0,5.26,-4.72,,0,15:34:45,00,Y,N,0,0,Y,,未到转股期；2027-02-22 开始转股,计算使用5.9年期 评级为AA- 债参考YTM：2.6709,N,18.8,全价：150.599 最后更新：15:34:45,,,,0,{'M': ''},0,0,N,,,buy,buy
2026-10-05 16:17:48,118031,天23转债,t23zz,117.095,0.54,688599,天合光能,thgn,10.99,1.76,1.25,16.0,68.69,0,70.47,187.57,630502,电力设备,shkc,C,2023-03-15,[],0,0,buy,AA,,11.2,20.8,22.7,buy,2029-02-13,2.375,58.512,6606.66,28600.28,0.97,0.44,,0,14:59:16,00,Y,N,2,2,Y,转股价下修2次，成功下修2次,2023-08-17 开始转股,计算使用2.4年期 评级为AA 债参考YTM：1.6541,N,88.648,全价：117.095 最后更新：14:59:16,,,,0,{'M': ''},0,0,N,,,buy,buy
2026-10-05 16:17:48,123216,科顺转债,kszz,124.6,1.99,300737,科顺股份,ksgf,4.83,4.77,1.35,6.61,73.07,0,70.52,195.12,610304,建筑材料,szcy,C,2023-08-23,[],0,0,buy,AA-,,4.627,8.593,51.2,buy,2029-08-04,2.847,21.959,9880.85,20833.43,3.63,-1.83,,0,15:34:27,00,Y,N,2,1,Y,转股价下修2次，成功下修1次,2024-02-19 开始转股,计算使用2.9年期 评级为AA- 债参考YTM：2.1008,N,21.98,全价：124.600 最后更新：15:34:27,,,,0,{'M': ''},0,0,N,,,buy,buy
2026-10-05 16:17:48,111018,华康转债,hkzz,123.133,0.54,605077,华康股份,hkgf,11.53,1.95,1.1,15.97,72.2,0,70.55,193.68,220315,基础化工,shmb,C,2024-01-15,[],0,0,buy,AA-,,11.179,20.761,37.7,buy,2029-12-25,3.238,13.022,2780.33,7901.31,1.73,-0.99,,0,14:58:55,00,Y,N,0,0,Y,,2024-07-01 开始转股,计算使用3.3年期 评级为AA- 债参考YTM：2.1659,N,13.03,全价：123.133 最后更新：14:58:55,,,,0,[],0,0,N,,,buy,buy
2026-10-05 16:17:48,113652,伟22转债,w22zz,120.353,0.94,603568,伟明环保,wmhb,13.42,1.51,1.87,19.02,70.56,0,70.57,190.92,760103,环保,shmb,C,2022-08-12,[],0,0,buy,AA,,13.314,24.726,5.4,buy,2028-07-22,1.811,14.766,2167.06,5092.77,1.22,-4.03,,0,14:59:03,00,Y,N,2,2,Y,转股价下修2次，成功下修2次,2023-01-30 开始转股,计算使用1.9年期 评级为AA 债参考YTM：1.6137,N,14.77,全价：120.353 最后更新：14:59:03,,,,1,{'M': ''},0,0,N,,,buy,buy
2026-10-05 16:17:48,111026,派克转债,pkzz,160.484,-1.58,605123,派克新材,pkxc,76.4,-1.37,1.95,81.3,93.97,129,70.78,231.26,650201,国防军工,shmb,C,2026-08-25,[],0,0,buy,AA,,56.91,105.69,17.1,buy,2032-08-05,5.852,15.8,6236.16,5344.56,2.46,-5.8,,0,14:59:58,00,Y,N,0,0,Y,,未到转股期；2027-02-12 开始转股,计算使用5.9年期 评级为AA 债参考YTM：1.9518,N,15.8,全价：160.484 最后更新：14:59:58,,,,0,{'M': ''},0,0,N,,,buy,buy
2026-10-05 16:17:48,127112,尚太转债,stzz,135.6,1.75,001301,尚太科技,stkj,47.34,2.71,2.4,60.02,78.87,0,71.92,207.52,630702,电力设备,szmb,C,2026-02-05,[],0,0,buy,AA+,,42.014,78.026,14.1,buy,2032-01-16,5.299,17.339,11807.14,20338.26,5.02,-3.68,,0,15:34:12,00,Y,N,0,0,Y,,2026-07-22 开始转股,计算使用5.3年期 评级为AA+ 债参考YTM：1.7586,N,17.34,全价：135.600 最后更新：15:34:12,,,,0,{'M': ''},0,0,N,,,buy,buy
2026-10-05 16:17:48,127072,博实转债,bszz,129.287,1.15,002698,博实股份,bsgf,11.1,0.73,2.72,14.81,74.95,0,72.5,201.79,640701,机械设备,szmb,C,2022-11-03,[],0,0,buy,AA,,10.367,19.253,4.8,buy,2028-09-22,1.981,4.498,3013.82,4089.65,5.19,-6.29,,0,15:34:00,00,Y,N,0,0,Y,,2023-03-28 开始转股,计算使用2.0年期 评级为AA 债参考YTM：1.6237,N,4.5,全价：129.287 最后更新：15:34:00,,,,1,{'M': ''},0,0,N,,,buy,buy
2026-10-05 16:17:48,123263,鼎捷转债,djzz,149.611,0.21,300378,鼎捷数智,djsz,37.64,-1.7,4.08,43.42,86.69,0,72.59,222.2,710402,计算机,szcy,C,2025-12-31,[],0,0,buy,AA,,30.394,56.446,8.2,buy,2031-12-15,5.211,8.275,7707.35,40349.81,6.21,-5.22,,0,15:34:48,00,Y,N,0,0,Y,,2026-06-22 开始转股,计算使用5.3年期 评级为AA 债参考YTM：1.8377,N,8.28,全价：149.611 最后更新：15:34:48,,,,0,{'M': ''},0,0,N,,,buy,buy
2026-10-05 16:17:48,110095,双良转债,slzz,112.561,0.97,600481,双良节能,sljn,4.03,3.07,2.04,6.18,65.21,0,72.61,185.17,630501,电力设备,shmb,C,2023-09-08,[],0,0,buy,AA-,,4.326,8.034,16.8,buy,2029-08-08,2.858,14.006,4140.43,16331.78,2.63,0.23,,0,14:59:57,00,Y,N,2,2,Y,转股价下修2次，成功下修2次,2024-02-19 开始转股,计算使用2.9年期 评级为AA- 债参考YTM：2.1008,N,26.0,全价：112.561 最后更新：14:59:57,,,,0,{'M': ''},0,0,N,,,buy,buy
2026-10-05 16:17:48,123253,永贵转债,ygzz,127.504,-0.31,300351,永贵电器,ygdq,13.41,-1.18,2.1,18.19,73.72,0,72.95,200.45,640501,机械设备,szcy,C,2025-03-28,[],0,0,buy,AA-,,12.733,23.647,27.7,buy,2031-03-13,4.452,9.797,1560.47,5644.24,1.24,-1.83,,0,15:34:24,00,Y,N,0,0,Y,,2025-09-19 开始转股,计算使用4.5年期 评级为AA- 债参考YTM：2.2654,N,9.8,全价：127.504 最后更新：15:34:24,,,,0,{'M': ''},0,0,N,,,buy,buy
2026-10-05 16:17:48,123223,九典转02,jdz02,131.6,0.76,300705,九典制药,jdzy,11.07,3.75,2.13,14.55,76.08,0,72.97,204.57,370102,医药生物,szcy,C,2023-10-13,[],0,0,buy,A+,,10.185,18.915,5.0,buy,2029-09-15,2.962,2.052,1507.15,11152.2,5.59,-3.96,,0,15:34:30,00,Y,N,0,0,Y,,2024-03-21 开始转股,计算使用3.0年期 评级为A+ 债参考YTM：4.4709,N,3.6,全价：131.600 最后更新：15:34:30,,,,0,[],0,0,N,,,buy,buy
2026-10-05 16:17:48,123220,易瑞转债,yrzz,130.101,0.47,300942,易瑞生物,yrsw,6.65,1.06,3.08,8.85,75.14,0,73.14,203.24,370504,医药生物,szcy,C,2023-09-06,[],0,0,buy,A+,,6.195,11.505,10.8,buy,2029-08-18,2.885,2.905,2485.75,3248.62,6.57,-3.29,,0,15:34:24,00,Y,N,2,1,Y,转股价下修2次，成功下修1次,2024-02-26 开始转股,计算使用2.9年期 评级为A+ 债参考YTM：4.4509,Y,3.28,全价：130.101 最后更新：15:34:24,,,"按下调到底估算
股东大会：2026-10-14
预估转股价：6.65
预估转股价值：100.00
期权价值：26.31
理论价值：130.84
理论偏离度：-0.57%",0,{'M': ''},0,0,N,,,buy,buy
2026-10-05 16:17:48,113709,振26转债,z26zz,175.526,-0.2,603067,振华股份,zhgf,40.25,2.03,7.03,40.33,99.8,122,75.87,251.4,220203,基础化工,shmb,C,2026-08-17,[],0,0,buy,AA,,28.231,52.429,2.9,buy,2032-07-29,5.833,8.78,108160.06,120973.5,67.4,-7.27,,0,15:00:00,00,Y,N,0,0,Y,,未到转股期；2027-02-05 开始转股,计算使用5.9年期 评级为AA 债参考YTM：1.9518,N,8.78,全价：175.526 最后更新：15:00:00,,,,0,{'M': ''},0,0,N,,,buy,buy
2026-10-05 16:17:48,118074,特宝转债,tbzz,159.907,2.84,688278,特宝生物,tbsw,52.89,3.3,6.96,58.56,90.32,120,77.05,236.96,370304,医药生物,shkc,C,2026-08-13,[],0,0,buy,AA+,,40.992,76.128,7.1,buy,2032-07-27,5.827,15.33,201437.54,16171.37,79.41,-6.06,,0,15:00:00,00,Y,N,0,0,Y,,未到转股期；2027-02-03 开始转股,计算使用5.9年期 评级为AA+ 债参考YTM：1.8372,N,15.33,全价：159.907 最后更新：15:00:00,,,,0,{'M': ''},0,0,N,,,buy,buy
2026-10-05 16:17:48,123252,银邦转债,ybzz,126.549,0.04,300337,银邦股份,ybgf,8.91,-0.67,4.0,12.5,71.28,0,77.54,204.09,240301,有色金属,szcy,C,2025-01-24,[],0,0,buy,AA-,,8.75,16.25,12.4,buy,2031-01-06,4.271,7.846,2771.99,6105.42,2.79,-1.73,,0,15:34:21,00,Y,N,0,0,Y,,2025-07-14 开始转股,计算使用4.3年期 评级为AA- 债参考YTM：2.2519,N,7.85,全价：126.549 最后更新：15:34:21,,,,0,{'M': ''},0,0,N,,,buy,buy
2026-10-05 16:17:48,123168,惠云转债,hyzz,127.183,-0.87,300891,惠云钛业,hyty,7.69,-0.13,2.38,10.74,71.6,0,77.63,204.81,220206,基础化工,szcy,C,2022-12-14,[],0,0,buy,AA-,,7.518,13.962,19.1,buy,2028-11-23,2.151,4.899,1730.46,4235.15,2.76,-3.23,,0,15:34:12,00,Y,N,0,0,Y,,2023-05-29 开始转股,计算使用2.2年期 评级为AA- 债参考YTM：1.9586,N,4.9,全价：127.183 最后更新：15:34:12,,,,0,{'M': ''},0,0,N,,,buy,buy
2026-10-05 16:17:48,113053,隆22转债,l22zz,113.979,0.18,601012,隆基绿能,ljln,11.21,2.94,1.75,17.5,64.06,0,77.93,191.91,630502,电力设备,shmb,C,2022-02-17,[],0,0,buy,AAA,,12.25,22.75,8.2,buy,2028-01-05,1.266,69.951,4215.48,97668.21,0.53,-3.8,,0,14:59:33,00,Y,N,1,1,Y,转股价下修1次，成功下修1次,2022-07-11 开始转股,计算使用1.3年期 评级为AAA 债参考YTM：1.5056,N,70.0,全价：113.979 最后更新：14:59:33,,,,1,{'M': ''},0,0,N,,,buy,buy
2026-10-05 16:17:48,113703,翔26转债,x26zz,134.602,-0.17,603112,华翔股份,hxgf,16.55,-0.72,1.95,21.94,75.43,69,78.44,213.04,330601,家用电器,shmb,C,2026-07-07,[],0,0,buy,AA-,,15.358,28.522,14.7,buy,2032-06-07,5.69,13.01,1830.2,8043.31,1.04,-2.65,,0,14:59:42,00,Y,N,0,0,Y,,未到转股期；2026-12-14 开始转股,计算使用5.7年期 评级为AA- 债参考YTM：2.5750,N,13.01,全价：134.602 最后更新：14:59:42,,,,0,[],0,0,N,,,buy,buy
2026-10-05 16:17:48,118037,上声转债,sszz,124.629,0.32,688533,上声电子,ssdz,19.91,-0.15,1.84,28.64,69.52,0,79.28,203.91,280206,汽车,shkc,C,2023-08-01,[],0,0,buy,A+,,20.048,37.232,14.2,buy,2029-07-06,2.767,4.679,1145.78,909.86,1.96,-3.04,,0,14:58:26,00,Y,N,2,1,Y,转股价下修2次，成功下修1次,2024-01-12 开始转股,计算使用2.8年期 评级为A+ 债参考YTM：4.4306,N,5.2,全价：124.629 最后更新：14:58:26,,,,0,{'M': ''},0,0,N,,,buy,buy
2026-10-05 16:17:48,113707,科博转债,kbzz,147.001,-1.33,603786,科博达,kbd,36.75,-1.13,2.62,45.56,80.66,97,82.24,229.24,280206,汽车,shmb,C,2026-07-31,[],0,0,buy,AA+,,31.892,59.228,10.0,buy,2032-07-02,5.759,14.91,8961.48,5181.75,3.99,-4.75,,0,14:59:58,00,Y,N,0,0,Y,,未到转股期；2027-01-11 开始转股,计算使用5.8年期 评级为AA+ 债参考YTM：1.8241,N,14.91,全价：147.001 最后更新：14:59:58,,,,0,{'M': ''},1,0,N,,,buy,buy
2026-10-05 16:17:48,113647,禾丰转债,hfzz,115.92,0.29,603609,禾丰股份,hfgf,6.34,1.28,0.87,10.09,62.83,0,84.48,200.4,110402,农林牧渔,shmb,C,2022-05-18,[],0,0,buy,AA,,7.063,13.117,25.6,buy,2028-04-22,1.562,14.669,1904.25,1470.56,1.12,-1.19,,0,14:59:06,00,Y,N,0,0,Y,,2022-10-28 开始转股,计算使用1.6年期 评级为AA 债参考YTM：1.5783,N,15.0,全价：115.920 最后更新：14:59:06,,,,0,{'M': ''},0,0,N,,,buy,buy
2026-10-05 16:17:48,113679,芯能转债,xnzz,124.979,-0.32,603105,芯能科技,xnkj,8.5,-3.74,1.93,12.55,67.73,0,84.53,209.51,410106,公用事业,shmb,C,2023-11-24,[],0,0,buy,AA-,,8.785,16.315,20.7,buy,2029-10-26,3.074,8.799,1409.18,19110.25,1.28,-1.48,,0,14:58:42,00,Y,N,0,0,Y,,2024-05-06 开始转股,计算使用3.1年期 评级为AA- 债参考YTM：2.1388,N,8.8,全价：124.979 最后更新：14:58:42,,,,0,{'M': ''},0,0,N,,,buy,buy
2026-10-05 16:17:48,127038,国微转债,gwzz,111.33,-1.05,002049,紫光国微,zggw,57.88,-0.91,3.41,97.01,59.66,0,86.6,197.93,270104,电子,szmb,C,2021-07-14,[],0,0,buy,AA+,,67.907,126.113,3.1,buy,2027-06-10,0.693,14.915,7415.45,47501.45,4.45,-1.73,,0,15:34:06,00,Y,N,0,0,Y,,2021-12-17 开始转股,计算使用0.7年期 评级为AA+ 债参考YTM：1.5091,N,15.0,全价：111.330 最后更新：15:34:06,,,,0,{'M': ''},0,0,Y,,,buy,buy
2026-10-05 16:17:48,118071,华峰转债,hfzz,208.775,-4.12,688200,华峰测控,hfck,374.0,-6.26,10.26,335.33,111.53,84,87.19,295.97,270108,电子,shkc,C,2026-07-17,[],0,0,buy,AA,,234.731,435.929,1.0,buy,2032-06-22,5.732,7.49,34027.59,198948.61,21.25,-10.18,,0,14:59:59,00,Y,N,0,0,Y,,未到转股期；2026-12-29 开始转股,计算使用5.8年期 评级为AA 债参考YTM：1.9328,N,7.49,全价：208.775 最后更新：14:59:59,,,,0,{'M': ''},0,0,N,,,buy,buy
2026-10-05 16:17:48,123229,艾录转债,alzz,129.897,-0.21,301062,上海艾录,shal,6.87,-0.87,2.19,9.95,69.05,0,88.13,218.03,360205,轻工制造,szcy,C,2023-11-20,[],0,0,buy,A,,6.965,12.935,9.4,buy,2029-10-23,3.066,1.779,728.83,2896.89,3.15,-2.54,,0,15:34:12,00,Y,N,0,0,Y,,2024-04-29 开始转股,计算使用3.1年期 评级为A 债参考YTM：6.8390,N,5.0,全价：129.897 最后更新：15:34:12,,,,0,{'M': ''},0,0,N,,,buy,buy
2026-10-05 16:17:48,118024,冠宇转债,gyzz,120.445,0.41,688772,珠海冠宇,zhgy,14.34,1.2,2.27,22.51,63.71,0,89.07,209.52,630701,电力设备,shkc,C,2022-11-17,[],0,0,buy,AA,,15.757,27.012,18.9,buy,2028-10-24,2.069,30.889,4939.9,29216.51,1.33,-2.13,,0,14:59:52,00,Y,N,0,0,Y,,2023-04-28 开始转股,计算使用2.1年期 评级为AA 债参考YTM：1.6324,N,30.89,全价：120.445 最后更新：14:59:52,,,,0,{'M': ''},0,0,N,120%,,buy,buy
2026-10-05 16:17:48,113708,曙26转债,s26zz,138.164,-0.02,603019,中科曙光,zksg,79.52,-1.09,5.05,108.89,73.03,107,89.19,227.35,710103,计算机,shmb,C,2026-08-06,[],0,0,buy,AAA,,76.223,141.557,6.9,buy,2032-07-14,5.792,80.0,12291.68,105744.26,1.11,-4.16,,0,14:59:56,00,Y,N,0,0,Y,,未到转股期；2027-01-21 开始转股,计算使用5.8年期 评级为AAA 债参考YTM：1.7126,N,80.0,全价：138.164 最后更新：14:59:56,,,,0,{'M': ''},0,0,N,,,buy,buy
2026-10-05 16:17:48,118065,艾为转债,awzz,128.416,-0.58,688798,艾为电子,awdz,53.78,-1.63,2.95,79.4,67.73,0,89.59,218.01,270105,电子,shkc,C,2026-02-26,[],0,0,buy,AA+,,55.58,103.22,26.0,buy,2032-01-22,5.315,19.01,6197.02,9291.39,2.53,-2.5,,0,14:59:54,00,Y,N,0,0,Y,,2026-07-28 开始转股,计算使用5.4年期 评级为AA+ 债参考YTM：1.7700,N,19.01,全价：128.416 最后更新：14:59:54,,,,0,{'M': ''},1,0,N,,,buy,buy
2026-10-05 16:17:48,113627,太平转债,tpzz,109.995,0.35,603877,太平鸟,tpn,11.91,1.36,1.26,20.61,57.79,0,90.34,200.34,350209,纺织服饰,shmb,C,2021-08-06,[],0,0,buy,AA,,14.427,26.793,14.3,buy,2027-07-15,0.789,7.996,1761.07,1760.98,2.0,0.01,,0,14:59:00,00,Y,N,1,1,Y,转股价下修1次，成功下修1次,2022-01-21 开始转股,计算使用0.8年期 评级为AA 债参考YTM：1.5307,N,8.0,全价：109.995 最后更新：14:59:00,,,,0,{'M': ''},0,0,N,,,buy,buy
2026-10-05 16:17:48,123274,维科转债,wkzz,136.1,-1.11,301499,维科精密,wkjm,25.46,-1.05,2.7,35.62,71.48,90,90.41,226.51,280206,汽车,szcy,C,2026-07-10,[],0,0,buy,A+,,24.934,46.306,17.9,buy,2032-06-25,5.74,6.3,2060.66,3377.72,2.38,-2.51,,0,15:34:39,00,Y,N,0,0,Y,,未到转股期；2027-01-04 开始转股,计算使用5.8年期 评级为A+ 债参考YTM：4.9750,N,6.3,全价：136.100 最后更新：15:34:39,,,,0,{'M': ''},1,0,N,,,buy,buy
2026-10-05 16:17:48,118073,赛斯转债,sszz,144.192,-0.91,688480,赛恩斯,ses,65.5,0.08,5.18,86.9,75.37,111,91.3,235.49,760104,环保,shkc,C,2026-08-12,[],0,0,buy,AA,,60.83,112.97,8.7,buy,2032-07-16,5.797,5.519,3139.71,3257.2,3.92,-4.09,,0,14:59:50,00,Y,N,0,0,Y,,未到转股期；2027-01-25 开始转股,计算使用5.8年期 评级为AA 债参考YTM：1.9328,N,5.519,全价：144.192 最后更新：14:59:50,,,,0,{'M': ''},1,0,N,,,buy,buy
2026-10-05 16:17:48,113701,祥和转债,xhzz,143.869,-1.31,603500,祥和实业,xhsy,10.05,-3.74,3.14,13.37,75.17,0,91.4,235.27,640501,机械设备,shmb,C,2026-03-26,[],0,0,buy,A+,,9.359,17.381,12.0,buy,2032-03-03,5.427,4.0,37901.74,21913.7,64.81,-3.5,,0,14:59:59,00,Y,N,0,0,Y,,2026-09-09 开始转股,计算使用5.5年期 评级为A+ 债参考YTM：4.8185,N,4.0,全价：143.869 最后更新：14:59:59,,,,0,[],0,0,N,,,buy,buy
2026-10-05 16:17:48,118076,先锋转债,xfzz,177.388,-2.99,688605,先锋精科,xfjk,79.91,-4.33,9.62,86.4,92.49,129,91.79,269.18,270108,电子,shkc,C,2026-08-26,[],0,0,buy,AA,,60.48,112.32,8.7,buy,2032-08-05,5.852,7.5,12571.5,30998.87,9.34,-7.42,,0,14:59:58,00,Y,N,0,0,Y,,未到转股期；2027-02-12 开始转股,计算使用5.9年期 评级为AA 债参考YTM：1.9518,N,7.5,全价：177.388 最后更新：14:59:58,,,,0,{'M': ''},0,0,N,,,buy,buy
2026-10-05 16:17:48,118072,鼎通转债,dtzz,161.486,-3.21,688668,XD鼎通科,dtkj,206.41,-1.8,12.72,245.7,84.01,85,92.22,253.71,730204,通信,shkc,C,2026-07-17,[],0,0,buy,A+,,171.99,319.41,3.2,buy,2032-06-23,5.734,9.3,11918.57,68314.96,7.73,-5.41,,0,15:00:00,00,Y,N,1,1,Y,转股价下修1次，成功下修1次,未到转股期；2026-12-30 开始转股,计算使用5.8年期 评级为A+ 债参考YTM：4.9750,N,9.3,全价：161.486 最后更新：15:00:00,,,,0,{'M': ''},0,0,N,,,buy,buy
2026-10-05 16:17:48,123154,火星转债,hxzz,120.959,-0.03,300894,火星人,hxr,10.01,0.6,4.14,16.0,62.56,0,93.34,214.3,330401,家用电器,szcy,C,2022-08-23,[],0,0,buy,A+,,11.2,20.8,18.0,buy,2028-08-05,1.849,5.289,1772.49,3794.91,2.77,-1.8,,0,15:33:54,00,Y,N,1,1,Y,转股价下修1次，成功下修1次,2023-02-13 开始转股,计算使用1.9年期 评级为A+ 债参考YTM：4.2568,N,5.29,全价：120.959 最后更新：15:33:54,,,,1,{'M': ''},0,0,N,,,buy,buy
2026-10-05 16:17:48,123275,肇民转债,zmzz,134.584,-0.29,301000,肇民科技,zmkj,23.49,-0.13,4.4,33.76,69.58,101,93.43,228.01,280205,汽车,szcy,C,2026-07-24,[],0,0,buy,AA-,,23.632,43.888,10.9,buy,2032-07-08,5.775,5.9,2109.33,5903.48,2.64,-2.91,,0,15:33:54,00,Y,N,0,0,Y,,未到转股期；2027-01-15 开始转股,计算使用5.8年期 评级为AA- 债参考YTM：2.6254,N,5.9,全价：134.584 最后更新：15:33:54,,,,0,{'M': ''},0,0,N,,,buy,buy
2026-10-05 16:17:48,113702,斯达转债,sdzz,150.158,-1.8,603290,斯达半导,sdbd,81.21,-2.63,2.82,104.79,77.5,16,93.76,243.92,270102,电子,shmb,C,2026-05-11,[],0,0,buy,AA+,,73.353,136.227,7.7,buy,2032-04-15,5.545,15.0,5564.72,22460.68,2.45,-5.28,,0,14:59:55,00,Y,N,0,0,Y,,未到转股期；2026-10-22 开始转股,计算使用5.6年期 评级为AA+ 债参考YTM：1.7964,N,15.0,全价：150.158 最后更新：14:59:55,,,,0,{'M': ''},1,0,N,,,buy,buy
2026-10-05 16:17:48,123113,仙乐转债,xlzz,112.583,0.16,300791,仙乐健康,xljk,18.41,4.07,1.86,31.69,58.09,0,93.79,206.37,340407,食品饮料,szcy,C,2021-05-14,[],0,0,buy,AA-,,22.183,41.197,21.6,buy,2027-04-19,0.551,10.248,5653.94,5305.23,4.89,0.67,,0,15:34:00,00,Y,N,0,0,Y,,2021-10-25 开始转股,计算使用0.6年期 评级为AA- 债参考YTM：1.6876,N,10.249,全价：112.583 最后更新：15:34:00,,,,0,[],0,0,N,,,buy,buy
2026-10-05 16:17:48,118069,爱科转债,akzz,153.345,-1.63,688092,爱科科技,akkj,22.5,0.22,2.79,28.49,78.98,72,94.17,247.52,640209,机械设备,shkc,C,2026-07-09,[],0,0,buy,AA-,,19.943,37.037,14.4,buy,2032-06-10,5.699,2.67,3195.77,1267.0,7.71,-4.62,,0,14:59:59,00,Y,N,0,0,Y,,未到转股期；2026-12-17 开始转股,计算使用5.7年期 评级为AA- 债参考YTM：2.5750,N,2.67,全价：153.345 最后更新：14:59:59,,,,0,{'M': ''},0,0,N,,,buy,buy
2026-10-05 16:17:48,123260,卓镁转债,zmzz,141.6,-0.21,301398,星源卓镁,xyzm,38.0,-1.2,4.07,52.15,72.87,0,94.33,235.93,280202,汽车,szcy,C,2025-11-24,[],0,0,buy,A+,,36.505,67.795,10.8,buy,2031-11-07,5.107,4.499,2450.02,3988.37,3.83,-3.42,,0,15:34:36,00,Y,N,0,0,Y,,2026-05-13 开始转股,计算使用5.2年期 评级为A+ 债参考YTM：4.6867,N,4.5,全价：141.600 最后更新：15:34:36,,,,0,{'M': ''},0,0,N,,,buy,buy
2026-10-05 16:17:48,118063,金05转债,j05zz,135.213,-0.55,688676,金盘科技,jpkj,61.53,-0.03,5.34,88.6,69.45,0,94.7,229.91,630801,电力设备,shkc,C,2026-01-14,[],0,0,buy,AA+,,62.02,115.18,5.9,buy,2031-12-25,5.238,16.707,2143.19,28031.05,0.95,-3.66,,0,14:59:56,00,Y,N,0,0,Y,,2026-07-01 开始转股,计算使用5.3年期 评级为AA+ 债参考YTM：1.7586,N,16.71,全价：135.213 最后更新：14:59:56,,,,0,{'M': ''},1,0,N,,,buy,buy
2026-10-05 16:17:48,123283,丰茂转债,fmzz,171.0,-9.04,301459,丰茂股份,fmgf,31.2,-1.45,2.55,35.59,87.67,141,95.06,266.06,220602,基础化工,szcy,C,2026-09-09,[],0,0,buy,AA-,,24.913,46.267,74.6,buy,2032-08-17,5.885,6.075,180174.79,1688.85,159.94,-6.77,,0,15:34:33,00,Y,N,0,0,Y,,未到转股期；2027-02-24 开始转股,计算使用5.9年期 评级为AA- 债参考YTM：2.6709,N,6.075,全价：171.000 最后更新：15:34:33,,,,0,{'M': ''},0,0,N,,,buy,buy
2026-10-05 16:17:48,127068,顺博转债,sbzz,116.111,0.44,002996,顺博合金,sbhj,5.95,0.51,1.16,10.0,59.5,0,95.14,211.25,240301,有色金属,szmb,C,2022-09-07,[],0,0,buy,AA-,,7.0,13.0,30.4,buy,2028-08-12,1.869,8.3,1158.06,1992.7,1.2,-2.88,,0,15:34:48,00,Y,N,2,2,N,"转股价下修2次，成功下修2次
2026-09-29 至 2026-10-12 期间暂停转股：回售
转股价10.000生效日期2026-07-09",2023-02-20 开始转股;2026-09-29 至 2026-10-12 期间暂停转股：回售,计算使用1.9年期 评级为AA- 债参考YTM：1.9083,N,8.3,全价：116.111 最后更新：15:34:48,,,,1,[],0,0,Y,,,buy,buy
2026-10-05 16:17:48,113655,欧22转债,o22zz,119.863,0.75,603833,欧派家居,opjj,31.49,4.06,1.03,51.29,61.4,0,95.23,215.09,360308,轻工制造,shmb,C,2022-09-01,[],0,0,buy,AA,,35.903,66.677,10.5,buy,2028-08-05,1.849,19.999,4700.12,22417.03,1.97,-2.8,,0,14:58:55,00,Y,N,1,1,Y,转股价下修1次，成功下修1次,2023-02-13 开始转股,计算使用1.9年期 评级为AA 债参考YTM：1.6137,N,20.0,全价：119.863 最后更新：14:58:55,,,,0,{'M': ''},0,0,N,,,buy,buy
2026-10-05 16:17:48,113648,巨星转债,jxzz,113.285,0.41,603477,巨星农牧,jxnm,14.38,0.56,2.77,24.84,57.89,0,95.69,208.98,110702,农林牧渔,shmb,C,2022-05-17,[],0,0,buy,AA-,,17.388,32.292,12.3,buy,2028-04-25,1.57,8.997,2389.59,11371.59,2.35,-0.59,,0,14:58:45,00,Y,N,0,0,Y,,2022-10-31 开始转股,计算使用1.6年期 评级为AA- 债参考YTM：1.8671,N,10.0,全价：113.285 最后更新：14:58:45,,,,0,{'M': ''},0,0,N,,,buy,buy
2026-10-05 16:17:48,113700,海天转债,htzz,126.638,0.51,603759,海天股份,htgf,8.01,0.5,1.27,12.41,64.55,0,96.2,222.84,760102,环保,shmb,C,2026-03-12,[],0,0,buy,AA,,8.687,16.133,21.7,buy,2032-02-05,5.353,8.01,1083.75,2926.13,1.07,-2.05,,0,14:59:02,00,Y,N,0,0,Y,,2026-08-11 开始转股,计算使用5.4年期 评级为AA 债参考YTM：1.8543,N,8.01,全价：126.638 最后更新：14:59:02,,,,0,{'EX': '控股股东及其一致行动人竞价、大宗减持16.53% 2026年09月29日公告'},0,0,N,,,buy,buy
2026-10-05 16:17:48,113656,嘉诚转债,jczz,116.417,0.09,603535,嘉诚国际,jcgj,6.12,-0.33,1.21,10.33,59.25,0,96.5,212.92,420805,交通运输,shmb,C,2022-10-12,[],0,0,buy,A+,,7.231,13.429,25.6,buy,2028-09-01,1.923,7.998,941.01,1274.24,1.01,0.26,,0,14:57:45,00,Y,N,0,0,Y,,2023-03-07 开始转股,计算使用2.0年期 评级为A+ 债参考YTM：4.2737,N,8.0,全价：116.417 最后更新：14:57:45,,,,1,[],0,0,N,,,buy,buy
2026-10-05 16:17:48,118070,南芯转债,nxzz,144.1,-0.98,688484,南芯科技,nxkj,32.03,-2.26,3.42,43.71,73.28,80,96.65,240.75,270105,电子,shkc,C,2026-07-10,[],0,0,buy,AA+,,30.597,56.823,11.5,buy,2032-06-17,5.718,15.869,3362.83,8546.89,1.46,-4.29,,0,14:59:52,00,Y,N,0,0,Y,,未到转股期；2026-12-25 开始转股,计算使用5.8年期 评级为AA+ 债参考YTM：1.8241,N,15.869,全价：144.100 最后更新：14:59:52,,,,0,{'M': ''},0,0,N,,,buy,buy
2026-10-05 16:17:48,123264,双乐转债,slzz,121.12,0.1,301036,双乐股份,slgf,22.4,-1.1,1.33,36.4,61.54,0,96.82,217.94,220305,基础化工,szcy,C,2026-01-16,[],0,0,buy,AA-,,25.48,47.32,51.3,buy,2031-12-26,5.241,8.0,3581.88,1744.47,3.7,-1.22,,0,15:34:39,00,Y,N,0,0,Y,,2026-07-06 开始转股,计算使用5.3年期 评级为AA- 债参考YTM：2.3751,N,8.0,全价：121.120 最后更新：15:34:39,,,,0,{'M': ''},0,0,N,,,buy,buy
2026-10-05 16:17:48,123215,铭利转债,mlzz,120.96,0.08,301268,铭利达,mld,11.78,0.34,3.18,19.19,61.39,0,97.05,218.01,640108,机械设备,szcy,C,2023-08-23,[],0,0,buy,A+,,13.433,24.947,20.0,buy,2029-08-03,2.844,8.555,1164.08,2803.43,1.12,0.16,,0,15:34:27,00,Y,N,1,1,Y,转股价下修1次，成功下修1次,2024-02-19 开始转股,计算使用2.9年期 评级为A+ 债参考YTM：4.4509,N,10.0,全价：120.960 最后更新：15:34:27,,,,0,{'M': ''},0,0,N,,,buy,buy
2026-10-05 16:17:48,113666,爱玛转债,amzz,119.702,0.75,603529,爱玛科技,amkj,22.23,1.97,1.9,36.68,60.61,0,97.51,217.21,280401,汽车,shmb,C,2023-03-20,[],0,0,buy,AA,,25.676,47.684,10.6,buy,2029-02-23,2.403,19.994,1898.26,23442.43,0.79,-2.3,,0,14:59:34,00,Y,N,0,0,Y,,2023-09-01 开始转股,计算使用2.5年期 评级为AA 债参考YTM：1.6604,N,20.0,全价：119.702 最后更新：14:59:34,,,,0,{'M': ''},0,0,N,,,buy,buy
2026-10-05 16:17:48,123196,正元转02,zyz02,125.567,0.45,300645,正元智慧,zyzh,13.9,-1.35,1.78,21.91,63.44,0,97.93,223.5,710103,计算机,szcy,C,2023-05-19,[],0,0,buy,A+,,15.337,28.483,18.1,buy,2029-04-18,2.551,3.501,1093.68,3509.26,2.49,-2.35,,0,15:34:18,00,Y,N,2,1,Y,转股价下修2次，成功下修1次,2023-10-24 开始转股,计算使用2.6年期 评级为A+ 债参考YTM：4.3896,N,3.507,全价：125.567 最后更新：15:34:18,,,,0,[],0,0,N,,,buy,buy
2026-10-05 16:17:48,123266,博士转债,bszz,135.003,-0.15,300622,博士眼镜,bsyj,14.58,-1.49,5.01,21.38,68.2,0,97.97,232.97,450401,商贸零售,szcy,C,2026-04-07,[],0,0,buy,AA,,14.966,27.794,11.6,buy,2032-03-18,5.469,3.75,1085.68,6118.02,2.14,-2.84,,0,15:34:51,00,Y,N,0,0,Y,,2026-09-24 开始转股,计算使用5.5年期 评级为AA 债参考YTM：1.8728,N,3.75,全价：135.003 最后更新：15:34:51,,,,0,[],0,0,N,,,buy,buy
2026-10-05 16:17:48,113671,武进转债,wjzz,123.418,-0.41,603878,武进不锈,wjbx,4.9,-0.41,1.08,7.88,62.18,0,98.48,221.9,230403,钢铁,shmb,C,2023-08-03,[],0,0,buy,AA,,5.516,10.244,11.2,buy,2029-07-10,2.778,3.093,1190.96,3309.68,3.11,-3.08,,0,14:59:53,00,Y,N,0,0,Y,,2024-01-15 开始转股,计算使用2.8年期 评级为AA 债参考YTM：1.6782,N,3.1,全价：123.418 最后更新：14:59:53,,,,0,[],0,0,N,,,buy,buy
2026-10-05 16:17:48,123259,锦浪转02,jlz02,145.4,0.01,300763,锦浪科技,jlkj,52.96,0.65,2.23,72.41,73.14,0,98.8,244.2,630503,电力设备,szcy,C,2025-11-06,[],0,0,buy,AA,,50.687,94.133,9.8,buy,2031-10-17,5.049,16.763,2701.08,30465.25,1.11,-4.71,,0,15:34:33,00,Y,N,2,1,Y,转股价下修2次，成功下修1次,2026-04-23 开始转股,计算使用5.1年期 评级为AA 债参考YTM：1.8132,Y,16.766,全价：145.400 最后更新：15:34:33,,,"按下调到底估算
股东大会：2026-10-09
预估转股价：55.77
预估转股价值：94.96
期权价值：47.67
理论价值：152.31
理论偏离度：-4.75%",0,"{'G': '本次（2026年4月23日至2026年5月20日）不提前赎回，以2027年5月21日为首个交易日重新计算', 'M': ''}",0,0,N,,,buy,buy
2026-10-05 16:17:48,113625,江山转债,jszz,115.568,0.18,603208,江山欧派,jsop,11.5,0.61,2.04,19.84,57.96,0,99.38,214.95,360308,轻工制造,shmb,C,2021-07-01,[],0,0,buy,A,,13.888,25.792,28.8,buy,2027-06-11,0.696,5.825,1528.9,2573.45,2.27,3.04,,0,14:59:56,00,Y,N,1,1,Y,转股价下修1次，成功下修1次,2021-12-20 开始转股,计算使用0.7年期 评级为A 债参考YTM：6.3899,N,5.83,全价：115.568 最后更新：14:59:56,,,,0,[],0,0,N,,,buy,buy
2026-10-05 16:17:48,127085,韵达转债,ydzz,119.502,1.27,002120,韵达股份,ydgf,6.82,0.29,0.92,11.53,59.15,0,102.03,221.53,420804,交通运输,szmb,C,2023-05-23,[],0,0,buy,AA+,,8.071,14.989,12.8,buy,2029-04-11,2.532,24.499,2156.01,10734.73,0.74,-2.82,,0,15:33:54,00,Y,N,0,0,Y,,2023-10-17 开始转股,计算使用2.6年期 评级为AA+ 债参考YTM：1.6203,N,24.5,全价：119.502 最后更新：15:33:54,,,,0,{'M': ''},0,0,N,,,buy,buy
2026-10-05 16:17:48,123262,神宇转债,syzz,127.535,0.38,300563,神宇股份,sygf,24.3,-0.65,3.81,38.62,62.92,0,102.69,230.23,730205,通信,szcy,C,2025-12-30,[],0,0,buy,AA-,,27.034,50.206,15.8,buy,2031-12-11,5.2,4.999,4469.11,14975.91,6.98,-2.21,,0,15:34:45,00,Y,N,0,0,Y,,2026-06-17 开始转股,计算使用5.2年期 评级为AA- 债参考YTM：2.3380,N,5.0,全价：127.535 最后更新：15:34:45,,,,0,{'M': ''},0,0,N,,,buy,buy
2026-10-05 16:17:48,113634,珀莱转债,plzzblzz,118.66,-0.01,603605,珀莱雅,bly,54.7,1.33,3.23,94.27,58.03,0,104.5,223.16,770202,美容护理,shmb,C,2022-01-04,[],0,0,buy,AA,,65.989,122.551,3.5,buy,2027-12-08,1.189,7.507,2948.84,19500.23,3.31,-1.34,,0,14:59:06,00,Y,N,0,0,Y,,2022-06-14 开始转股,计算使用1.2年期 评级为AA 债参考YTM：1.5387,N,7.517,全价：118.660 最后更新：14:59:06,,,,0,{'M': ''},0,0,N,,,buy,buy
2026-10-05 16:17:48,111009,盛泰转债,stzz,120.465,0.2,605138,盛泰集团,stjt,6.19,0.16,1.37,10.51,58.9,0,104.54,225.01,350209,纺织服饰,shmb,C,2022-12-01,[],0,0,buy,AA,,7.357,13.663,20.4,buy,2028-11-07,2.107,7.011,2663.03,1494.25,3.16,-2.93,,0,14:57:13,00,Y,N,0,0,Y,,2023-05-11 开始转股,计算使用2.2年期 评级为AA 债参考YTM：1.6403,N,7.012,全价：120.465 最后更新：14:57:13,,,,0,[],0,0,N,,,buy,buy
2026-10-05 16:17:48,123192,科思转债,kszz,122.968,0.3,300856,科思股份,ksgf,10.4,0.68,1.8,17.32,60.05,0,104.79,227.76,770201,美容护理,szcy,C,2023-05-11,[],0,0,buy,AA-,,12.124,22.516,15.0,buy,2029-04-13,2.537,7.187,2209.82,1802.57,2.5,-1.47,,0,15:34:15,00,Y,N,0,0,Y,,2023-10-19 开始转股,计算使用2.6年期 评级为AA- 债参考YTM：2.0386,N,7.249,全价：122.968 最后更新：15:34:15,,,,0,{'M': ''},0,0,N,,,buy,buy
2026-10-05 16:17:48,118067,上26转债,s26zz,127.03,-0.32,688533,上声电子,ssdz,19.91,-0.15,1.84,32.25,61.74,0,105.76,232.79,280206,汽车,shkc,C,2026-04-14,[],0,0,buy,A+,,22.575,41.925,9.9,buy,2032-03-18,5.469,3.25,1795.53,909.86,4.34,-1.38,,0,14:59:54,00,Y,N,0,0,Y,,2026-09-24 开始转股,计算使用5.5年期 评级为A+ 债参考YTM：4.8185,N,3.25,全价：127.030 最后更新：14:59:54,,,,0,{'M': ''},1,0,N,,,buy,buy
2026-10-05 16:17:48,118075,奥普转债,apzz,176.721,-3.91,688686,奥普特,apt,128.4,-2.09,4.92,149.83,85.7,121,106.22,282.94,640704,机械设备,shkc,C,2026-08-19,[],0,0,buy,AA,,104.881,194.779,8.1,buy,2032-07-28,5.83,12.7,25535.99,8258.63,11.02,-7.38,,0,14:59:58,00,Y,N,0,0,Y,,未到转股期；2027-02-04 开始转股,计算使用5.9年期 评级为AA 债参考YTM：1.9518,N,12.7,全价：176.721 最后更新：14:59:58,,,,0,{'M': ''},0,0,N,,,buy,buy
2026-10-05 16:17:48,123138,丝路转债,slzz,125.091,0.42,300556,丝路视觉,slsj,15.95,-1.36,4.68,26.53,60.12,0,108.07,233.16,710401,计算机,szcy,C,2022-03-22,[],0,0,buy,A-,,18.571,34.489,13.8,buy,2028-03-02,1.422,2.393,591.66,4331.6,1.98,-4.38,,0,15:34:00,00,Y,N,0,0,Y,,2022-09-08 开始转股,计算使用1.5年期 评级为A- 债参考YTM：8.8922,N,2.4,全价：125.091 最后更新：15:34:00,,,,0,[],0,0,N,,,buy,buy
2026-10-05 16:17:48,113638,台21转债,t21zz,119.88,0.52,603055,台华新材,thxc,9.17,1.44,1.47,16.01,57.28,0,109.3,229.18,350106,纺织服饰,shmb,C,2022-01-21,[],0,0,buy,AA,,11.207,20.813,7.4,buy,2027-12-29,1.247,5.997,1953.08,5523.61,2.71,-4.15,,0,14:57:40,00,Y,N,0,0,Y,,2022-07-05 开始转股,计算使用1.3年期 评级为AA 债参考YTM：1.5462,N,6.0,全价：119.880 最后更新：14:57:40,,,,0,{'M': ''},0,0,N,,,buy,buy
2026-10-05 16:17:48,127044,蒙娜转债,mnzz,113.1,0.14,002918,蒙娜丽莎,mnls,10.64,1.14,1.31,19.76,53.85,0,110.04,223.14,360306,轻工制造,szmb,C,2021-09-16,[],0,0,buy,AA-,,13.832,25.688,14.8,buy,2027-08-16,0.877,3.368,1940.35,11377.72,5.1,-1.11,,0,15:33:51,00,Y,N,1,1,Y,转股价下修1次，成功下修1次,2022-02-21 开始转股,计算使用0.9年期 评级为AA- 债参考YTM：1.7336,N,11.689,全价：113.100 最后更新：15:33:51,,,,1,[],0,0,Y,,,buy,buy
2026-10-05 16:17:48,113616,韦尔转债,wezz,109.56,0.0,603501,豪威集团,hwjt,82.21,2.3,3.16,159.02,51.7,0,111.92,221.48,270104,电子,shmb,C,2021-01-22,[],0,0,buy,AA+,,111.314,206.726,2.5,buy,2026-12-28,0.244,24.324,6595.34,105874.22,2.47,1.65,,0,14:59:41,00,Y,N,0,0,Y,,2021-07-05 开始转股,计算使用0.3年期 评级为AA+ 债参考YTM：1.4686,N,24.4,全价：109.560 最后更新：14:59:41,,,,0,{'M': ''},0,0,N,,,buy,buy
2026-10-05 16:17:48,123267,珂玛转债,kmzz,184.0,-5.69,301611,珂玛科技,kmkj,84.1,-4.52,19.38,97.47,86.28,16,113.25,297.25,270103,电子,szcy,C,2026-05-13,[],0,0,buy,AA,,68.229,126.711,6.1,buy,2032-04-15,5.545,7.5,14372.11,43712.49,10.11,-8.42,,0,15:34:27,00,Y,N,0,0,Y,,未到转股期；2026-10-22 开始转股,计算使用5.6年期 评级为AA 债参考YTM：1.8926,N,7.5,全价：184.000 最后更新：15:34:27,,,,0,{'M': ''},0,0,N,,,buy,buy
2026-10-05 16:17:48,113693,志邦转债,zbzz,120.739,0.09,603801,志邦家居,zbjj,6.29,1.13,0.92,11.13,56.51,0,113.64,234.38,360308,轻工制造,shmb,C,2025-04-08,[],0,0,buy,AA,,7.791,14.469,24.5,buy,2031-03-18,4.466,6.7,812.46,4809.44,1.0,-1.24,,0,14:59:34,00,Y,N,0,0,Y,,2025-09-24 开始转股,计算使用4.5年期 评级为AA 债参考YTM：1.7904,N,6.7,全价：120.739 最后更新：14:59:34,,,,0,[],0,0,N,,,buy,buy
2026-10-05 16:17:48,127062,垒知转债,lzzz,123.5,0.41,002398,垒知集团,lzjt,4.26,-0.23,0.77,7.56,56.35,0,119.17,242.67,610303,建筑材料,szmb,C,2022-05-20,[],0,0,buy,AA-,,5.292,9.828,15.5,buy,2028-04-21,1.559,3.957,1156.92,5156.12,2.37,-3.45,,0,15:33:57,00,Y,N,0,0,Y,,2022-10-27 开始转股,计算使用1.6年期 评级为AA- 债参考YTM：1.8671,N,3.963,全价：123.500 最后更新：15:33:57,,,,0,[],0,0,N,,,buy,buy
2026-10-05 16:17:48,118010,洁特转债,jtzz,126.759,0.6,688026,洁特生物,jtsw,27.61,12.51,3.24,47.88,57.67,0,119.82,246.58,370503,医药生物,shkc,C,2022-08-02,[],0,0,buy,A+,,33.516,62.244,11.4,buy,2028-06-28,1.745,4.399,8196.9,38058.66,14.63,-7.01,,0,14:59:58,00,Y,N,0,0,Y,,2023-01-04 开始转股,计算使用1.8年期 评级为A+ 债参考YTM：4.2404,N,4.4,全价：126.759 最后更新：14:59:58,,,,0,{'M': ''},0,0,N,,,buy,buy
2026-10-05 16:17:48,118015,芯海转债,xhzz,124.062,-0.36,688595,芯海科技,xhkj,29.82,-2.83,5.97,55.22,54.0,0,129.74,253.8,270104,电子,shkc,C,2022-08-18,[],0,0,buy,A+,,38.654,71.786,9.5,buy,2028-07-21,1.808,4.1,780.17,5524.44,1.53,-3.04,,0,14:58:56,00,Y,N,0,0,Y,,2023-01-30 开始转股,计算使用1.9年期 评级为A+ 债参考YTM：4.2568,N,4.1,全价：124.062 最后更新：14:58:56,,,,0,{'M': ''},0,0,N,,,buy,buy
2026-10-05 16:17:48,111014,李子转债,lzzz,119.787,0.19,605337,李子园,lzy,9.29,2.09,2.18,18.21,51.02,0,134.8,254.59,340701,食品饮料,shmb,C,2023-07-13,[],0,0,buy,AA,,12.747,23.673,16.7,buy,2029-06-20,2.723,5.999,3442.23,4290.72,4.79,-1.41,,0,14:59:58,00,Y,N,0,0,Y,,2023-12-28 开始转股,计算使用2.8年期 评级为AA 债参考YTM：1.6782,N,6.0,全价：119.787 最后更新：14:59:58,,,,0,[],0,0,N,,,buy,buy
2026-10-05 16:17:48,123090,三诺转债,snzz,111.606,0.0,300298,三诺生物,snsw,16.3,1.24,2.95,34.52,47.22,0,136.36,247.97,370502,医药生物,szcy,C,2021-01-12,[],0,0,buy,AA,,24.164,44.876,6.8,buy,2026-12-21,0.225,4.984,1887.14,5683.34,3.39,1.57,,0,15:34:00,00,Y,N,0,0,Y,,2021-06-25 开始转股,计算使用0.3年期 评级为AA 债参考YTM：1.4781,N,5.0,全价：111.606 最后更新：15:34:00,,,,0,{'M': ''},0,0,N,,,buy,buy
2026-10-05 16:17:48,118068,迪威转债,dwzz,123.894,-0.09,688377,迪威尔,dwe,16.74,-0.42,2.04,32.49,51.52,65,140.46,264.35,640203,机械设备,shkc,C,2026-06-30,[],0,0,buy,AA-,,22.743,42.237,23.2,buy,2032-06-03,5.68,9.08,1027.55,3327.18,0.91,-1.52,,0,14:59:50,00,Y,N,0,0,Y,,未到转股期；2026-12-10 开始转股,计算使用5.7年期 评级为AA- 债参考YTM：2.5750,N,9.08,全价：123.894 最后更新：14:59:50,,,,0,{'M': ''},0,0,N,,,buy,buy
2026-10-05 16:17:48,118022,锂科转债,lkzz,116.597,0.74,688779,五矿新能,wkxn,7.45,1.78,1.9,15.49,48.1,0,142.43,259.03,630702,电力设备,shkc,C,2022-11-07,[],0,0,buy,AA,,10.843,20.137,22.6,buy,2028-10-11,2.033,32.497,2902.89,13179.27,0.77,-1.43,,0,14:59:59,00,Y,N,0,0,Y,,2023-04-17 开始转股,计算使用2.1年期 评级为AA 债参考YTM：1.6324,N,32.5,全价：116.597 最后更新：14:59:59,,,,0,{'M': ''},0,0,N,,,buy,buy
2026-10-05 16:17:48,123265,耐普转02,npz02,129.894,0.2,300818,耐普矿机,npkj,15.7,-1.88,1.84,29.42,53.37,0,143.41,273.3,640103,机械设备,szcy,C,2026-01-30,[],0,0,buy,A+,,20.594,38.246,20.2,buy,2032-01-16,5.299,4.499,825.95,4087.32,1.41,-1.68,,0,15:34:24,00,Y,N,0,0,Y,,2026-07-22 开始转股,计算使用5.3年期 评级为A+ 债参考YTM：4.7236,N,4.5,全价：129.894 最后更新：15:34:24,,,,0,[],0,0,N,,,buy,buy
2026-10-05 16:17:48,118042,奥维转债,awzz,124.697,0.44,688516,奥特维,atw,41.93,-1.27,3.48,83.39,50.28,0,148.0,272.7,630505,电力设备,shkc,C,2023-09-01,[],0,0,buy,AA-,,58.373,108.407,8.6,buy,2029-08-10,2.863,11.399,934.93,18829.16,0.66,-1.79,,0,14:58:06,00,Y,N,0,0,Y,,2024-02-19 开始转股,计算使用2.9年期 评级为AA- 债参考YTM：2.1008,N,11.4,全价：124.697 最后更新：14:58:06,,,,0,{'M': ''},0,0,N,,,buy,buy
2026-10-05 16:17:48,118066,统联转债,tlzz,124.944,-0.15,688210,统联精密,tljm,27.19,-0.95,3.49,55.96,48.59,0,157.15,282.09,270504,电子,shkc,C,2026-03-20,[],0,0,buy,AA-,,39.172,72.748,13.0,buy,2032-03-02,5.425,5.76,1260.91,5277.43,1.75,-1.75,,0,14:58:01,00,Y,N,0,0,Y,,2026-09-07 开始转股,计算使用5.5年期 评级为AA- 债参考YTM：2.4697,N,5.76,全价：124.944 最后更新：14:58:01,,,,0,{'M': ''},1,0,N,,,buy,buy
2026-10-05 16:17:48,113650,博22转债,b22zz,119.7,0.58,603916,苏博特,sbt,10.47,0.38,1.01,23.27,44.99,0,166.04,285.74,220309,基础化工,shmb,C,2022-07-28,[],0,0,buy,AA-,,16.289,30.251,18.2,buy,2028-07-01,1.753,7.996,1471.07,4381.55,1.54,-1.31,,0,14:59:53,00,Y,N,0,0,Y,,2023-01-09 开始转股,计算使用1.8年期 评级为AA- 债参考YTM：1.8940,N,8.0,全价：119.700 最后更新：14:59:53,,,,0,{'M': ''},0,0,N,,,buy,buy
2026-10-05 16:17:48,127098,欧晶转债,ojzz,121.65,0.83,001269,欧晶科技,ojkj,19.13,0.53,5.06,42.0,45.55,0,167.08,288.73,630504,电力设备,szmb,C,2023-12-15,[],0,0,buy,A+,,29.4,54.6,12.7,buy,2029-11-24,3.153,4.693,1302.62,2806.09,2.28,-1.5,,0,15:34:06,00,Y,N,1,1,Y,转股价下修1次，成功下修1次,2024-05-30 开始转股,计算使用3.2年期 评级为A+ 债参考YTM：4.5044,N,4.7,全价：121.650 最后更新：15:34:06,,,,0,[],0,0,N,,,buy,buy
2026-10-05 16:17:48,123180,浙矿转债,zkzz,127.13,0.02,300837,浙矿股份,zkgf,22.33,-1.33,1.56,47.59,46.92,0,170.94,298.07,640203,机械设备,szcy,C,2023-03-28,[],0,0,buy,AA-,,33.313,61.867,18.9,buy,2029-03-09,2.441,3.196,1333.22,2221.58,3.27,-2.89,,0,15:34:18,00,Y,N,0,0,Y,,2023-09-15 开始转股,计算使用2.5年期 评级为AA- 债参考YTM：2.0179,N,3.2,全价：127.130 最后更新：15:34:18,,,,0,[],0,0,N,,,buy,buy
2026-10-05 16:17:48,123250,嘉益转债,jyzz,120.716,0.03,301004,嘉益股份,jygf,35.14,-3.7,2.63,78.88,44.55,0,170.98,291.7,360311,轻工制造,szcy,C,2024-11-26,[],0,0,buy,A+,,55.216,102.544,8.3,buy,2030-11-07,4.107,3.955,4301.97,8939.99,9.0,-0.42,,0,15:34:39,00,Y,N,0,0,Y,,2025-05-13 开始转股,计算使用4.2年期 评级为A+ 债参考YTM：4.6048,N,3.979,全价：120.716 最后更新：15:34:39,,,,0,{'M': ''},0,0,N,,,buy,buy
2026-10-05 16:17:48,123117,健帆转债,jfzz,109.468,0.02,300529,健帆生物,jfsw,15.27,2.28,3.53,38.15,40.03,0,173.49,282.96,370503,医药生物,szcy,C,2021-07-12,[],0,0,buy,AA,,26.705,49.595,12.8,buy,2027-06-23,0.729,9.998,2614.31,7116.17,2.39,0.67,,0,15:34:00,00,Y,N,2,2,Y,转股价下修2次，成功下修2次,2021-12-29 开始转股,计算使用0.8年期 评级为AA 债参考YTM：1.5307,N,10.0,全价：109.468 最后更新：15:34:00,,,,0,{'M': ''},0,0,N,,,buy,buy
2026-10-05 16:17:48,123151,康医转债,kyzz,118.169,0.04,300869,康泰医学,ktyx,11.35,0.09,2.71,27.55,41.2,0,186.83,305.0,370502,医药生物,szcy,C,2022-07-20,[],0,0,buy,A+,,19.285,35.815,23.4,buy,2028-07-01,1.753,6.998,992.29,5677.19,1.2,-0.33,,0,15:34:06,00,Y,N,0,0,Y,,2023-01-09 开始转股,计算使用1.8年期 评级为A+ 债参考YTM：4.2404,N,7.0,全价：118.169 最后更新：15:34:06,,,,0,{'M': ''},0,0,N,,,buy,buy
2026-10-05 16:17:48,113670,金23转债,j23zz,121.855,0.64,603180,金牌家居,jpjj,15.89,0.38,0.95,37.54,42.33,0,187.88,309.74,360308,轻工制造,shmb,C,2023-05-16,[],0,0,buy,AA,,26.278,48.802,31.4,buy,2029-04-17,2.548,7.7,1318.07,1650.42,1.41,-1.18,,0,14:59:57,00,Y,N,0,0,Y,,2023-10-23 开始转股,计算使用2.6年期 评级为AA 债参考YTM：1.6664,N,7.7,全价：121.855 最后更新：14:59:57,,,,0,[],0,0,N,,,buy,buy
2026-10-05 16:17:48,113049,长汽转债,cqzz,106.018,0.0,601633,长城汽车,ccqc,13.73,0.51,1.35,38.74,35.44,0,199.14,305.16,280502,汽车,shmb,C,2021-07-08,[],0,0,buy,AAA,,27.118,50.362,4.1,buy,2027-06-10,0.693,34.95,7296.17,19699.13,1.97,1.34,,0,14:59:16,00,Y,N,0,0,Y,,2021-12-17 开始转股,计算使用0.7年期 评级为AAA 债参考YTM：1.4889,N,35.0,全价：106.018 最后更新：14:59:16,,,,1,{'M': ''},0,0,N,,,buy,buy
2026-10-05 16:17:48,113660,寿22转债,s22zz,121.856,0.34,603896,寿仙谷,sxg,14.82,0.88,1.28,36.84,40.23,0,202.91,324.77,370201,医药生物,shmb,C,2022-12-12,[],0,0,buy,AA-,,25.788,47.892,13.5,buy,2028-11-17,2.134,3.977,1260.21,1677.42,2.6,-2.53,,0,14:59:18,00,Y,N,0,0,Y,,2023-05-23 开始转股,计算使用2.2年期 评级为AA- 债参考YTM：1.9586,N,3.98,全价：121.856 最后更新：14:59:18,,,,0,[],0,0,N,,,buy,buy
2026-10-05 16:17:48,118032,建龙转债,jlzz,121.419,0.12,688357,建龙微纳,jlwn,26.31,-2.12,1.43,71.41,36.84,0,229.55,350.97,220309,基础化工,shkc,C,2023-04-07,[],0,0,buy,AA-,,49.987,92.833,26.6,buy,2029-03-08,2.438,6.999,794.11,1796.06,0.94,-1.01,,0,14:59:32,00,Y,N,0,0,Y,,2023-09-14 开始转股,计算使用2.5年期 评级为AA- 债参考YTM：2.0179,N,7.0,全价：121.419 最后更新：14:59:32,,,,0,{'M': ''},0,0,N,,,buy,buy
2026-10-05 16:17:48,123273,三江转债,sjzz,297.5,-2.78,301059,金三江,jsj,12.85,-1.15,4.44,14.43,89.05,79,234.08,531.58,220309,基础化工,szcy,C,2026-07-03,[],0,0,buy,A+,,10.101,18.759,10.9,buy,2032-06-16,5.715,2.9,19720.36,2218.63,22.47,-14.99,,0,15:34:36,00,Y,N,0,0,Y,,未到转股期；2026-12-24 开始转股,计算使用5.8年期 评级为A+ 债参考YTM：4.9750,N,2.9,全价：297.500 最后更新：15:34:36,,,,0,{'M': ''},0,0,N,,,buy,buy
2026-10-05 16:17:48,110085,通22转债,t22zz,112.779,0.47,600438,通威股份,twgf,11.52,4.07,1.54,34.6,33.3,0,238.73,351.51,630501,电力设备,shmb,C,2022-03-18,[],0,0,buy,AAA,,24.22,44.98,23.1,buy,2028-02-24,1.403,119.831,4867.03,63631.3,0.36,-1.27,,0,14:59:52,00,Y,N,0,0,Y,,2022-09-02 开始转股,计算使用1.5年期 评级为AAA 债参考YTM：1.5239,N,120.0,全价：112.779 最后更新：14:59:52,,,,0,{'M': ''},0,0,N,,,buy,buy
2026-10-05 16:17:48,128135,洽洽转债,qqzz,114.906,0.02,002557,洽洽食品,qqsp,18.34,1.21,1.82,54.95,33.38,0,244.28,359.19,340801,食品饮料,szmb,C,2020-11-18,[],0,0,buy,AA,,38.465,71.435,14.5,buy,2026-10-20,0.055,13.398,1184.58,7760.48,0.77,1.57,,0,15:33:57,00,Y,N,0,0,Y,,2021-04-26 开始转股,计算使用0.1年期 评级为AA 债参考YTM：1.4751,N,13.4,全价：114.906 最后更新：15:33:57,,,,1,"{'R': '到期\n最后交易日：2026-10-14\n最后转股日：2026-10-19\n债券到期日：2026-10-20\n到期赎回价：115.000元/张', 'M': ''}",0,0,N,,,buy,buy
2026-10-05 16:17:48,123072,乐歌转债,lgzz,119.87,0.06,300729,乐歌股份,lggf,11.07,-0.72,1.06,32.61,33.95,0,253.11,372.98,360311,轻工制造,szcy,C,2020-11-10,[],0,0,buy,A+,,22.827,42.393,3.9,buy,2026-10-21,0.058,1.418,777.79,2908.84,4.58,1.98,,0,15:33:54,00,Y,N,0,0,Y,,2021-04-27 开始转股,计算使用0.1年期 评级为A+ 债参考YTM：3.9560,N,1.42,全价：119.870 最后更新：15:33:54,,,,0,{'R': '到期\n最后交易日：2026-10-15\n最后转股日：2026-10-20\n债券到期日：2026-10-21\n到期赎回价：120.000元/张'},0,0,N,,,buy,buy
2026-10-05 16:17:48,118005,天奈转债,tnzz,122.326,0.73,688116,天奈科技,tnkj,33.75,0.06,3.18,99.01,34.09,0,258.86,381.19,630702,电力设备,shkc,C,2022-03-01,[],0,0,buy,AA-,,69.307,128.713,6.7,buy,2028-01-27,1.326,8.299,1286.25,25077.28,1.27,-6.65,,0,14:59:59,00,Y,N,0,0,Y,,2022-08-09 开始转股,计算使用1.4年期 评级为AA- 债参考YTM：1.8389,N,8.3,全价：122.326 最后更新：14:59:59,,,,0,{'M': ''},0,0,N,,,buy,buy
2026-10-05 16:17:48,123270,盛德转债,sdzz,202.2,-8.38,300881,盛德鑫泰,sdxt,29.61,-1.3,2.44,53.68,55.16,62,266.57,468.77,230501,钢铁,szcy,C,2026-06-12,[],0,0,buy,A+,,37.576,69.784,23.8,buy,2032-05-31,5.671,4.05,26260.17,1637.13,30.84,-9.19,,0,15:34:27,00,Y,N,0,0,Y,,未到转股期；2026-12-07 开始转股,计算使用5.7年期 评级为A+ 债参考YTM：4.9243,N,4.05,全价：202.200 最后更新：15:34:27,,,,0,{'M': ''},0,0,N,,,buy,buy
2026-10-05 16:17:48,127025,冀东转债,jdzz,105.849,0.04,000401,金隅冀东,jyjd,3.66,1.95,0.37,12.92,28.33,0,273.65,379.5,610101,建筑材料,szmb,C,2020-12-02,[],0,0,buy,AAA,,9.044,16.796,18.4,buy,2026-11-05,0.099,17.764,1567.77,5000.96,0.83,1.49,,0,15:34:36,00,Y,Y,0,0,Y,,2021-05-11 开始转股,计算使用0.1年期 评级为AAA 债参考YTM：1.4451,N,28.2,全价：105.849 最后更新：15:34:36,,,,0,"{'R': '到期\n最后交易日：2026-10-30\n最后转股日：2026-11-04\n债券到期日：2026-11-05\n到期赎回价：106.000元/张', 'M': ''}",0,0,N,,,buy,buy
2026-10-05 16:17:48,113633,科沃转债,kwzz,111.341,0.13,603486,科沃斯,kws,49.89,1.36,2.84,172.97,28.84,0,286.02,397.36,330302,家用电器,shmb,C,2021-12-29,[],0,0,buy,AA,,121.079,224.861,3.6,buy,2027-11-30,1.167,10.396,1350.56,16131.41,1.17,0.36,,0,14:58:02,00,Y,N,0,0,Y,,2022-06-06 开始转股,计算使用1.2年期 评级为AA 债参考YTM：1.5387,N,10.4,全价：111.341 最后更新：14:58:02,,,,0,{'M': ''},0,0,N,,,buy,buy
2026-10-05 16:17:48,123179,立高转债,lgzz,120.85,0.11,300973,立高食品,lgsp,25.8,1.42,1.61,94.64,27.26,0,343.3,464.15,340802,食品饮料,szcy,C,2023-03-27,[],0,0,buy,AA-,,66.248,123.032,31.1,buy,2029-03-07,2.436,9.499,1842.3,5050.08,1.61,-0.71,,0,15:34:09,00,Y,N,0,0,Y,,2023-09-13 开始转股,计算使用2.5年期 评级为AA- 债参考YTM：2.0179,N,9.5,全价：120.850 最后更新：15:34:09,,,,0,{'M': ''},0,0,N,,,buy,buy
2026-10-05 16:17:48,113059,福莱转债,flzz,116.229,0.03,601865,福莱特,flt,9.22,1.32,1.0,41.56,22.19,0,423.91,540.14,630504,电力设备,shmb,C,2022-06-13,[],0,0,buy,AA,,29.092,54.028,22.8,buy,2028-05-20,1.638,39.996,2306.27,8805.22,0.5,-1.3,,0,14:58:09,00,Y,N,1,0,Y,转股价下修1次，成功下修0次,2022-11-28 开始转股,计算使用1.7年期 评级为AA 债参考YTM：1.5905,N,40.0,全价：116.229 最后更新：14:58:09,,,,0,{'M': ''},0,0,N,,,buy,buy
