抓取时间,bond_id,bond_nm,bond_py,price,increase_rt,stock_id,stock_nm,stock_py,sprice,sincrease_rt,pb,convert_price,convert_value,convert_begin,premium_rt,dblow,sw_cd,sw_name,market_cd,btype,list_dt,t_flag,owned,hold,bond_value,rating_cd,option_value,put_convert_price,force_redeem_price,convert_amt_ratio,fund_rt,maturity_dt,year_left,curr_iss_amt,volume,svolume,turnover_rt,ytm_rt,put_ytm_rt,noted,last_time,qstatus,sqflag,pb_flag,adj_cnt,adj_scnt,convert_price_valid,convert_price_tips,convert_cd_tip,ref_yield_info,adjusted,orig_iss_amt,price_tips,redeem_dt,real_force_redeem_price,option_tip,after_next_put_dt,icons,is_min_price,blocked,putting,force_redeem_price_tip,notes,volatility_rate,debt_rate
2026-06-04 10:47:32,118033,Z华特转,htzz,243.461,14.66,688268,华特气体,htqt,203.6,15.5,12.48,82.75,246.04,0,-1.05,242.41,270601,电子,shkc,C,2023-04-14,[],0,0,buy,AA-,,57.925,107.575,0.4,buy,2029-03-21,,0.908,349594.55,340551.04,1603.5,,,0,15:00:00,00,Y,N,0,0,Y,,2023-09-27 开始转股,强赎登记日2026-06-04，赎回价格100.333元，如不考虑强赎纯债价值为111.37元，计算使用2.8年期 评级为AA- 债参考YTM：2.2803,N,6.46,全价：243.461 最后更新：15:00:00,2026-06-04,100.333,如不考虑强赎期权价值为171.81元,0,"{'R': '最后交易日 2026年6月4日\r\n最后转股日 2026年6月9日\r\n赎回价 100.3329元/张', 'M': ''}",0,0,N,,,buy,buy
2026-06-04 10:47:32,128137,洁美转债,jmzz,355.573,9.07,002859,洁美科技,jmkj,94.39,8.84,12.8,26.34,358.35,0,-0.78,354.79,270401,电子,szmb,C,2020-12-01,[],0,0,buy,AA-,,18.438,34.242,0.9,buy,2026-11-04,,3.669,583972.69,296269.4,456.55,,,0,15:34:33,00,Y,N,0,0,Y,,2021-05-10 开始转股,强赎登记日2026-06-16，赎回价格101.266元，如不考虑强赎纯债价值为111.20元，计算使用0.5年期 评级为AA- 债参考YTM：1.7278,N,6.0,全价：355.573 最后更新：15:34:33,2026-06-16,101.266,如不考虑强赎期权价值为259.07元,1,"{'R': '最后交易日 2026年6月16日\r\n最后转股日 2026年6月22日\r\n赎回价 101.266元/张', 'M': ''}",0,0,N,,,buy,buy
2026-06-04 10:47:32,118057,甬矽转债,yxzz,221.272,3.57,688362,甬矽电子,yxdz,63.19,3.62,9.82,28.36,222.81,0,-0.69,220.58,270107,电子,shkc,C,2025-07-16,[],0,0,buy,A+,,19.852,36.868,2.5,buy,2031-06-26,,6.726,224074.2,212143.31,153.56,,,0,15:00:00,00,Y,N,0,0,Y,,2026-01-05 开始转股,强赎登记日2026-06-10，赎回价格100.195元，如不考虑强赎纯债价值为92.70元，计算使用5.1年期 评级为A+ 债参考YTM：4.9572,N,11.65,全价：221.272 最后更新：15:00:00,2026-06-10,100.195,如不考虑强赎期权价值为160.11元,0,"{'R': '最后交易日 2026年6月10日\r\n最后转股日 2026年6月15日\r\n赎回价 100.1945元/张', 'M': ''}",0,0,N,,,buy,buy
2026-06-04 10:47:32,118041,Z星球转,xqzz,122.364,-2.84,688633,星球石墨,xqsm,28.51,-2.2,2.52,23.14,123.21,0,-0.68,121.68,640203,机械设备,shkc,C,2023-08-22,[],0,0,buy,A+,,16.198,30.082,1.7,buy,2029-07-31,,0.817,12146.34,19071.6,119.42,,,0,14:59:58,00,Y,N,0,0,Y,,2024-02-05 开始转股,强赎登记日2026-06-04，赎回价格100.860元，如不考虑强赎纯债价值为103.41元，计算使用3.2年期 评级为A+ 债参考YTM：4.7555,N,6.2,全价：122.364 最后更新：14:59:58,2026-06-04,100.860,如不考虑强赎期权价值为47.25元,0,"{'R': '最后交易日 2026年6月4日\r\n最后转股日 2026年6月9日\r\n赎回价 100.8603元/张', 'M': ''}",0,0,N,,,buy,buy
2026-06-04 10:47:32,123198,金埔转债,jpzz,118.242,-3.42,301098,金埔园林,jpyl,8.97,-3.34,1.7,7.55,118.81,0,-0.48,117.76,620307,建筑装饰,szcy,C,2023-07-07,[],0,0,buy,A,,5.285,9.815,8.8,buy,2029-06-08,,1.387,8381.73,8556.39,50.72,,,0,15:34:30,00,Y,N,1,1,Y,转股价下修1次，成功下修1次,2023-12-14 开始转股,强赎登记日2026-06-16，赎回价格100.062元，如不考虑强赎纯债价值为98.28元，计算使用3.1年期 评级为A 债参考YTM：7.0825,N,5.2,全价：118.242 最后更新：15:34:30,2026-06-16,100.062,如不考虑强赎期权价值为38.05元,0,"{'R': '最后交易日 2026年6月16日\r\n最后转股日 2026年6月22日\r\n赎回价 100.062元/张', 'M': ''}",0,0,N,,,buy,buy
2026-06-04 10:47:32,127026,超声转债,cszz,144.45,2.88,000823,超声电子,csdz,17.41,2.53,2.0,12.02,144.84,0,-0.27,144.18,270202,电子,szmb,C,2021-01-14,[],0,0,buy,AA,,8.414,15.626,1.8,buy,2026-12-08,,1.847,50834.2,143475.65,194.46,,,0,15:34:39,00,Y,N,0,0,Y,,2021-06-15 开始转股,强赎登记日2026-06-09，赎回价格101.040元，如不考虑强赎纯债价值为107.19元，计算使用0.6年期 评级为AA 债参考YTM：1.4780,N,7.0,全价：144.450 最后更新：15:34:39,2026-06-09,101.040,如不考虑强赎期权价值为48.79元,1,"{'R': '最后交易日 2026年6月9日\r\n最后转股日 2026年6月12日\r\n赎回价 101.04元/张', 'M': ''}",0,0,N,,,buy,buy
2026-06-04 10:47:32,123061,航新转债,hxzz,126.523,-3.69,300424,航新科技,hxkj,18.8,-3.64,6.28,14.82,126.86,0,-0.26,126.26,650201,国防军工,szcy,C,2020-08-18,[],0,0,buy,BBB,,10.374,19.266,3.2,buy,2026-07-22,,1.476,15860.09,24000.74,83.98,,,0,15:34:45,00,Y,N,0,0,Y,,2021-01-28 开始转股,强赎登记日2026-07-02，赎回价格102.885元，如不考虑强赎纯债价值为115.89元，计算使用0.2年期 评级为BBB 债参考YTM：14.7002,N,2.5,全价：126.523 最后更新：15:34:45,2026-07-02,102.885,如不考虑强赎期权价值为27.62元,1,{'R': '最后交易日 2026年7月2日\r\n最后转股日 2026年7月7日\r\n赎回价 102.885元/张'},0,0,N,,,buy,buy
2026-06-04 10:47:32,111023,利柏转债,lbzz,121.745,-3.01,605167,利柏特,lbt,14.81,-2.05,3.21,12.14,121.99,0,-0.2,121.55,620402,建筑装饰,shmb,C,2025-07-22,[],0,0,buy,AA,,8.498,15.782,9.0,buy,2031-07-03,5.082,6.132,17912.21,8172.98,23.64,-1.3,,0,14:59:59,00,Y,N,0,0,N,2026-06-03 至 2026-06-09 期间暂停转股：权益分派,2026-01-09 开始转股;2026-06-03 至 2026-06-09 期间暂停转股：权益分派,已公告要强赎，如不考虑强赎纯债价值为103.29元，计算使用5.1年期 评级为AA 债参考YTM：1.9891,N,7.5,全价：121.745 最后更新：14:59:59,,,如不考虑强赎期权价值为61.89元,0,{'O': ''},1,0,N,,,buy,buy
2026-06-04 10:47:32,127090,兴瑞转债,xrzz,137.15,0.22,002937,兴瑞科技,xrkj,34.76,0.46,6.73,25.3,137.39,0,-0.18,136.97,280206,汽车,szmb,C,2023-08-15,[],0,0,buy,AA-,,17.71,32.89,2.0,buy,2029-07-24,,2.084,17137.42,28323.03,60.75,,,0,15:33:54,00,Y,N,0,0,Y,,2024-01-29 开始转股,强赎登记日2026-06-10，赎回价格100.717元，如不考虑强赎纯债价值为109.98元，计算使用3.2年期 评级为AA- 债参考YTM：2.4015,N,4.62,全价：137.150 最后更新：15:33:54,2026-06-10,100.717,如不考虑强赎期权价值为56.87元,0,"{'R': '最后交易日 2026年6月10日\r\n最后转股日 2026年6月15日\r\n赎回价 100.717元/张', 'M': ''}",0,0,N,,,buy,buy
2026-06-04 10:47:32,118018,瑞科转债,rkzz,145.534,-0.04,688323,瑞华泰,rht,30.61,0.03,6.57,21.0,145.76,0,-0.16,145.37,220505,基础化工,shkc,C,2022-09-14,[],0,0,buy,A,,14.7,27.3,4.5,buy,2028-08-18,2.208,2.608,72771.85,33669.21,190.51,-10.91,,0,14:59:59,00,Y,N,1,1,Y,转股价下修1次，成功下修1次,2023-02-24 开始转股,已公告要强赎，如不考虑强赎纯债价值为98.34元，计算使用2.3年期 评级为A 债参考YTM：6.7728,N,4.3,全价：145.534 最后更新：14:59:59,,,如不考虑强赎期权价值为81.74元,0,"{'O': '', 'M': ''}",0,0,N,,,buy,buy
2026-06-04 10:47:32,123207,冠中转债,gzzz,284.45,7.18,300948,冠中生态,gzst,29.73,7.21,5.0,10.44,284.77,0,-0.11,284.34,620307,建筑装饰,szcy,C,2023-08-09,[],0,0,buy,A-,,7.308,13.572,3.2,buy,2029-07-21,3.132,1.492,101541.86,31287.41,245.08,-24.47,,0,15:34:03,00,Y,N,1,1,Y,转股价下修1次，成功下修1次,2024-01-29 开始转股,计算使用3.2年期 评级为A- 债参考YTM：9.4555,N,4.0,全价：284.450 最后更新：15:34:03,,,,0,{'M': ''},0,0,N,,,buy,buy
2026-06-04 10:47:32,113644,艾迪转债,adzz,117.291,-0.43,603638,艾迪精密,adjm,21.88,-0.23,4.77,18.65,117.32,0,-0.02,117.27,640602,机械设备,shmb,C,2022-05-12,[],0,0,buy,AA-,,13.055,24.245,3.5,buy,2028-04-15,1.866,6.477,22869.88,17891.36,29.8,-0.14,,0,14:59:56,00,Y,N,1,1,Y,转股价下修1次，成功下修1次,2022-11-18 开始转股,已公告要强赎，如不考虑强赎纯债价值为112.85元，计算使用1.9年期 评级为AA- 债参考YTM：1.9740,N,10.0,全价：117.291 最后更新：14:59:56,,,如不考虑强赎期权价值为30.16元,1,"{'O': '', 'M': ''}",0,0,N,,,buy,buy
2026-06-04 10:47:32,127066,科利转债,klzz,117.6,0.09,002850,科达利,kdl,171.36,-0.17,3.43,146.2,117.21,0,0.33,117.93,630701,电力设备,szmb,C,2022-08-03,[],0,0,buy,AA,,102.34,190.06,2.9,buy,2028-07-08,,10.017,21201.46,84858.48,17.98,,,0,15:34:42,00,Y,N,0,0,Y,,2023-01-16 开始转股,强赎登记日2026-06-09，赎回价格101.405元，如不考虑强赎纯债价值为109.54元，计算使用2.1年期 评级为AA 债参考YTM：1.6582,N,15.344,全价：117.600 最后更新：15:34:42,2026-06-09,101.405,如不考虑强赎期权价值为40.30元,0,"{'R': '最后交易日 2026年6月9日\r\n最后转股日 2026年6月12日\r\n赎回价 101.405元/张', 'M': ''}",0,0,N,,,buy,buy
2026-06-04 10:47:32,111001,山玻转债,sbzz,165.506,5.08,605006,山东玻纤,sdbx,18.43,7.21,4.46,11.18,164.85,0,0.4,165.91,610202,建筑材料,shmb,C,2021-12-06,[],0,0,buy,AA-,,7.826,14.534,2.4,buy,2027-11-08,1.43,2.828,224965.04,136687.75,484.09,-21.81,,0,14:59:59,00,Y,N,0,0,Y,,2022-05-12 开始转股,已公告要强赎，如不考虑强赎纯债价值为113.75元，计算使用1.5年期 评级为AA- 债参考YTM：1.8894,N,6.0,全价：165.506 最后更新：14:59:59,,,如不考虑强赎期权价值为79.61元,0,"{'O': '', 'EX': '临沂矿业集团有限责任公司转股减持52.74% 2026年05月26日公告'}",0,0,N,,,buy,buy
2026-06-04 10:47:32,110074,精达转债,jdzz,373.911,-5.4,600577,精达股份,jdgf,12.09,-3.43,4.15,3.26,370.86,0,0.82,374.73,630805,电力设备,shmb,C,2020-09-21,[],0,0,buy,AA,,2.282,4.238,1.0,buy,2026-08-19,0.208,2.584,35475.04,106466.42,36.22,-340.86,,0,15:00:00,00,Y,N,0,0,Y,,2021-02-25 开始转股,计算使用0.3年期 评级为AA 债参考YTM：1.4628,N,7.87,全价：373.911 最后更新：15:00:00,,,,1,"{'G': '本次（2025年12月19日至2026年1月12日）不提前赎回，以2026年6月13日为首个交易日重新计算', 'M': ''}",0,0,N,,,buy,buy
2026-06-04 10:47:32,123245,集智转债,jzzz,393.187,9.03,300553,集智股份,jzgf,70.03,10.28,9.15,18.06,387.76,0,1.4,394.59,640107,机械设备,szcy,C,2024-08-28,[],0,0,buy,A,,12.642,23.478,2.6,buy,2030-08-14,4.197,1.538,150481.64,48998.59,255.81,-24.89,,0,15:34:27,00,Y,N,0,0,Y,,2025-02-20 开始转股,计算使用4.2年期 评级为A 债参考YTM：7.1967,N,2.546,全价：393.187 最后更新：15:34:27,,,,0,[],0,0,N,,,buy,buy
2026-06-04 10:47:32,111010,立昂转债,lazz,193.497,12.2,605358,立昂微,law,63.9,10.0,5.95,33.59,190.24,0,1.71,195.21,270103,电子,shmb,C,2022-12-07,[],0,0,buy,AA,,23.513,43.667,4.0,buy,2028-11-14,2.449,18.394,539421.96,595494.14,158.11,-19.32,,0,15:00:00,00,Y,N,1,1,Y,转股价下修1次，成功下修1次,2023-05-18 开始转股,已公告要强赎，如不考虑强赎纯债价值为110.67元，计算使用2.5年期 评级为AA 债参考YTM：1.7198,N,33.9,全价：193.497 最后更新：15:00:00,,,如不考虑强赎期权价值为106.90元,0,"{'O': '', 'M': ''}",0,0,N,,,buy,buy
2026-06-04 10:47:32,123188,水羊转债,syzz,177.193,-4.74,300740,水羊股份,sygf,23.48,-3.97,4.05,13.54,173.41,0,2.18,179.37,770202,美容护理,szcy,C,2023-04-25,[],0,0,buy,A+,,9.478,17.602,7.6,buy,2029-04-04,2.836,6.422,13314.44,27916.26,11.56,-13.23,,0,15:33:57,00,Y,N,0,0,Y,,2023-10-11 开始转股,计算使用2.9年期 评级为A+ 债参考YTM：4.6653,N,6.95,全价：177.193 最后更新：15:33:57,,,,0,"{'G': '本次（2026年3月2日至2026年3月20日）不提前赎回，自2026年6月20日后首个交易日重新计算', 'M': ''}",0,0,N,,,buy,buy
2026-06-04 10:47:32,118025,奕瑞转债,yrzz,166.302,1.85,688301,奕瑞科技,yrkj,185.73,2.67,6.07,114.97,161.55,0,2.94,169.24,370502,医药生物,shkc,C,2022-11-18,[],0,0,buy,AA,,80.479,149.461,3.6,buy,2028-10-24,2.392,14.217,48568.82,148425.51,20.79,-15.06,,0,14:59:57,00,Y,N,1,1,N,"转股价下修1次，成功下修1次
2026-06-04 起暂停转股：权益分派
转股价114.970生效日期2025-12-22",2023-04-28 开始转股;2026-06-04 起暂停转股：权益分派,计算使用2.4年期 评级为AA 债参考YTM：1.7035,N,14.35,全价：166.302 最后更新：14:59:57,,,,0,{'M': ''},0,0,N,,,buy,buy
2026-06-04 10:47:32,113056,重银转债,cyzz,129.306,0.34,601963,重庆银行,cqyh,11.89,-1.0,0.65,9.5,125.16,0,3.31,132.62,480401,银行,shmb,C,2022-04-14,[],0,0,buy,AAA,,,12.35,47.8,buy,2028-03-23,1.803,115.631,14238.55,15990.82,0.95,-7.53,,0,14:59:58,00,Y,N,0,0,Y,,2022-09-30 开始转股,计算使用1.9年期 评级为AAA 债参考YTM：1.5083,N,130.0,全价：129.306 最后更新：14:59:58,,,,0,[],0,0,N,,,buy,buy
2026-06-04 10:47:32,128136,立讯转债,lxzz,138.008,-1.98,002475,立讯精密,lxjm,74.59,-0.28,6.12,55.97,133.27,0,3.56,141.57,270504,电子,szmb,C,2020-12-02,[],0,0,buy,AA+,,39.179,72.761,0.5,buy,2026-11-03,0.416,29.924,52400.08,1082429.21,12.63,-52.56,,0,15:34:21,00,Y,N,0,0,Y,,2021-05-10 开始转股,计算使用0.5年期 评级为AA+ 债参考YTM：1.4578,N,30.0,全价：138.008 最后更新：15:34:21,,,,1,{'M': ''},0,0,N,,,buy,buy
2026-06-04 10:47:32,113632,鹤21转债,h21zz,142.6,0.24,603733,仙鹤股份,xhgf,26.0,2.28,2.05,18.99,136.91,0,4.15,146.75,360103,轻工制造,shmb,C,2021-12-09,[],0,0,buy,AA,,13.293,24.687,11.0,buy,2027-11-17,1.455,20.166,23823.88,35221.5,8.38,-14.53,,0,14:59:53,00,Y,N,2,2,Y,转股价下修2次，成功下修2次,2022-05-23 开始转股,计算使用1.5年期 评级为AA 债参考YTM：1.5844,N,20.5,全价：142.600 最后更新：14:59:53,,,,1,{'M': ''},0,0,N,,,buy,buy
2026-06-04 10:47:32,123271,通合转债,thzz,100.0,0.0,300491,通合科技,thkj,31.85,-1.82,4.69,33.18,95.99,187,4.18,104.18,630306,电力设备,szcy,C,,[],0,0,buy,AA,,23.226,43.134,10.4,buy,2032-06-01,5.997,5.22,0.0,42570.28,0.0,2.93,,0,,00,Y,N,0,0,Y,,未到转股期；2026-12-08 开始转股,计算使用6.0年期 评级为AA 债参考YTM：2.1550,N,5.22,待上市,,,,0,[],0,0,N,,,buy,buy
2026-06-04 10:47:32,110077,洪城转债,hczz,209.154,-1.71,600461,洪城环境,hchj,9.69,-2.42,1.21,4.88,198.57,0,5.33,214.48,760102,环保,shmb,C,2020-12-17,[],0,0,buy,AA+,,3.416,6.344,5.4,buy,2026-11-20,0.463,6.685,8374.35,9150.15,5.97,-102.99,,0,14:59:46,00,Y,N,0,0,Y,,2021-05-26 开始转股,计算使用0.5年期 评级为AA+ 债参考YTM：1.4578,N,18.0,全价：209.154 最后更新：14:59:46,,,,1,"{'G': '本次（2025年6月22日至2025年7月11日）不提前赎回，以2026年7月12日为首个交易日重新计算', 'M': ''}",0,0,N,,,buy,buy
2026-06-04 10:47:32,127041,弘亚转债,hyzz,117.558,0.3,002833,弘亚数控,hysk,18.28,1.27,2.54,16.4,111.46,0,5.47,123.03,640209,机械设备,szmb,C,2021-08-10,[],0,0,buy,AA-,,11.48,21.32,10.4,buy,2026-07-12,0.104,5.525,3435.1,12313.07,5.3,-20.37,,0,15:34:06,00,Y,N,1,1,Y,转股价下修1次，成功下修1次,2022-01-17 开始转股,计算使用0.2年期 评级为AA- 债参考YTM：1.6609,N,6.0,全价：117.558 最后更新：15:34:06,,,,1,{'R': '到期\n最后交易日：2026-07-07\n最后转股日：2026-07-10\n'},0,0,N,,,buy,buy
2026-06-04 10:47:32,118016,京源转债,jyzz,193.435,-0.8,688096,京源环保,jyhb,12.67,-0.94,3.54,6.91,183.36,0,5.5,198.94,760102,环保,shkc,C,2022-08-25,[],0,0,buy,A,,4.837,8.983,5.6,buy,2028-08-05,2.173,1.675,29399.11,9584.69,90.8,-20.29,,0,14:59:58,00,Y,N,0,0,Y,,2023-02-13 开始转股,计算使用2.2年期 评级为A 债参考YTM：6.7385,N,3.325,全价：193.435 最后更新：14:59:58,,,,0,"{'G': '本次（2026年5月11日至2026年5月29日）不提前赎回，以2026年8月30日（若为非交易日则顺延）为首个交易日重新计算', 'M': ''}",0,0,N,,,buy,buy
2026-06-04 10:47:32,127079,华亚转债,hyzz,232.62,11.19,003043,华亚智能,hyzn,67.57,10.0,4.88,30.73,219.88,0,5.79,238.41,270108,电子,szmb,C,2023-01-16,[],0,0,buy,A+,,21.511,39.949,5.5,buy,2028-12-16,2.537,3.106,119833.38,59675.75,170.1,-23.52,,0,15:34:21,00,Y,N,2,2,N,"转股价下修2次，成功下修2次
2026-06-01 至 2026-06-08 期间暂停转股：权益分派
转股价30.730生效日期2025-11-18",2023-06-26 开始转股;2026-06-01 至 2026-06-08 期间暂停转股：权益分派,计算使用2.6年期 评级为A+ 债参考YTM：4.5426,N,3.4,全价：232.620 最后更新：15:34:21,,,,0,[],0,0,N,,,buy,buy
2026-06-04 10:47:32,123243,严牌转债,ypzz,274.078,-0.88,301081,严牌股份,ypgf,18.83,0.11,3.94,7.27,259.01,0,5.82,279.9,760201,环保,szcy,C,2024-07-26,[],0,0,buy,A+,,5.089,9.451,6.2,buy,2030-07-10,4.101,2.607,36964.69,8741.23,51.52,-18.72,,0,15:34:42,00,Y,N,0,0,Y,,2025-01-16 开始转股,计算使用4.2年期 评级为A+ 债参考YTM：4.8467,N,4.679,全价：274.078 最后更新：15:34:42,,,,0,"{'G': '本次（2026年5月6日至2026年5月26日）不提问赎回，以2026年8月26日后的首个交易日重新计算', 'M': ''}",0,0,N,,,buy,buy
2026-06-04 10:47:32,110084,贵燃转债,grzz,131.707,-1.39,600903,贵州燃气,gzrq,8.79,-5.08,3.14,7.11,123.63,0,6.53,138.24,410301,公用事业,shmb,C,2022-01-18,[],0,0,buy,AA,,4.977,9.243,8.0,buy,2027-12-27,1.564,8.157,28853.15,43216.25,26.63,-10.04,,0,15:00:00,00,Y,N,1,1,Y,转股价下修1次，成功下修1次,2022-07-01 开始转股,计算使用1.6年期 评级为AA 债参考YTM：1.5964,N,10.0,全价：131.707 最后更新：15:00:00,,,,1,{'M': ''},0,0,N,,,buy,buy
2026-06-04 10:47:32,113703,翔26转债,x26zz,100.0,0.0,603112,华翔股份,hxgf,20.51,-6.52,2.45,21.94,93.48,193,6.97,106.97,330601,家用电器,shmb,C,,[],0,0,buy,AA-,,15.358,28.522,11.9,buy,2032-06-07,6.003,13.01,0.0,45364.3,0.0,2.48,,0,,00,Y,N,0,0,Y,,未到转股期；2026-12-14 开始转股,计算使用6.1年期 评级为AA- 债参考YTM：3.4404,N,13.01,待上市,,,,0,[],0,0,N,,,buy,buy
2026-06-04 10:47:32,113667,春23转债,c23zz,309.953,-3.43,603890,春秋电子,cqdz,29.36,-6.29,3.89,10.15,289.26,0,7.15,317.1,270504,电子,shmb,C,2023-04-11,[],0,0,buy,AA-,,7.105,13.195,4.3,buy,2029-03-17,2.786,5.697,270376.64,377142.11,153.62,-29.5,,0,15:00:00,00,Y,N,0,0,Y,,2023-09-25 开始转股,计算使用2.8年期 评级为AA- 债参考YTM：2.2803,N,5.7,全价：309.953 最后更新：15:00:00,,,,0,"{'G': '本次（2026年3月27日至2026年4月17日）不提前赎回，自2026年7月17日之后的首个交易日重新起算', 'M': ''}",0,0,N,,,buy,buy
2026-06-04 10:47:32,127096,泰坦转债,ttzz,608.0,14.6,003036,泰坦股份,ttgf,74.86,10.01,10.77,13.2,567.12,0,7.21,615.21,640206,机械设备,szmb,C,2023-11-15,[],0,0,buy,A,,9.24,17.16,1.8,buy,2029-10-25,3.395,2.902,512813.65,76734.92,303.65,-38.42,,0,15:34:03,00,Y,N,0,0,Y,,2024-05-06 开始转股,计算使用3.4年期 评级为A 债参考YTM：7.1339,N,2.955,全价：608.000 最后更新：15:34:03,,,,0,{'G': '本次（2026年2月9日至2026年3月11日）不提前赎回，以2026年6月11日后首个交易日起重新计算'},0,0,N,,,buy,buy
2026-06-04 10:47:32,123216,科顺转债,kszz,137.889,-2.21,300737,科顺股份,ksgf,8.49,4.17,2.33,6.61,128.44,0,7.36,145.25,610304,建筑材料,szcy,C,2023-08-23,[],0,0,buy,AA,,4.627,8.593,29.2,buy,2029-08-04,3.17,21.978,65846.47,108778.74,21.3,-4.56,,0,15:34:33,00,Y,N,2,1,Y,转股价下修2次，成功下修1次,2024-02-19 开始转股,计算使用3.2年期 评级为AA 债参考YTM：1.8301,N,21.98,全价：137.889 最后更新：15:34:33,,,,0,{'M': ''},0,0,N,,,buy,buy
2026-06-04 10:47:32,113681,镇洋转债,zyzz,136.193,-0.92,603213,镇洋发展,zyfz,13.88,-2.94,3.11,10.95,126.76,0,7.44,143.63,220202,基础化工,shmb,C,2024-01-17,[],0,0,buy,AA-,,7.665,14.235,9.4,buy,2029-12-29,3.573,5.797,8770.79,9019.55,11.09,-3.7,,0,14:59:49,00,Y,N,0,0,Y,,2024-07-05 开始转股,计算使用3.6年期 评级为AA- 债参考YTM：2.4410,N,6.6,全价：136.193 最后更新：14:59:49,,,,0,[],0,0,N,,,buy,buy
2026-06-04 10:47:32,118011,银微转债,ywzz,138.13,-1.24,688689,银河微电,yhwd,40.13,1.31,3.69,31.3,128.21,0,7.74,145.87,270102,电子,shkc,C,2022-08-02,[],0,0,buy,A+,,21.91,40.69,9.7,buy,2028-07-04,2.085,4.997,12970.31,9931.05,18.68,-6.99,,0,14:59:47,00,Y,N,0,0,Y,,2023-01-09 开始转股,计算使用2.1年期 评级为A+ 债参考YTM：4.3589,N,5.0,全价：138.130 最后更新：14:59:47,,,,0,{'M': ''},0,0,N,,,buy,buy
2026-06-04 10:47:32,123270,盛德转债,sdzz,100.0,0.0,300881,盛德鑫泰,sdxt,49.45,3.95,4.39,53.68,92.12,186,8.55,108.55,230501,钢铁,szcy,C,,[],0,0,buy,A+,,37.576,69.784,14.3,buy,2032-05-31,5.995,4.05,0.0,12635.49,0.0,2.83,,0,,00,Y,N,0,0,Y,,未到转股期；2026-12-07 开始转股,计算使用6.0年期 评级为A+ 债参考YTM：5.7450,N,4.05,待上市,,,,0,{'M': ''},0,0,N,,,buy,buy
2026-06-04 10:47:32,113062,常银转债,cyzz,129.343,-0.24,601128,常熟银行,csyh,6.98,-1.13,0.71,5.89,118.51,0,9.14,138.48,480501,银行,shmb,C,2022-10-17,[],0,0,buy,AAA,,,7.657,25.9,buy,2028-09-15,2.285,59.994,12491.58,43183.93,1.61,-7.2,,0,14:59:52,00,Y,N,0,0,N,2026-06-02 至 2026-06-08 期间暂停转股：权益分派,2023-03-21 开始转股;2026-06-02 至 2026-06-08 期间暂停转股：权益分派,计算使用2.3年期 评级为AAA 债参考YTM：1.5426,N,60.0,全价：129.343 最后更新：14:59:52,,,,0,{'M': ''},0,0,N,,,buy,buy
2026-06-04 10:47:32,113042,上银转债,syzz,117.807,0.3,601229,上海银行,shyh,9.23,-0.32,0.5,8.57,107.7,0,9.38,127.19,480401,银行,shmb,C,2021-02-10,[],0,0,buy,AAA,,,11.141,15.2,buy,2027-01-25,0.644,199.775,20139.53,38459.15,0.86,-7.66,,0,14:59:39,00,Y,Y,0,0,N,2026-06-01 至 2026-06-05 期间暂停转股：权益分派,2021-07-29 开始转股;2026-06-01 至 2026-06-05 期间暂停转股：权益分派,计算使用0.7年期 评级为AAA 债参考YTM：1.4229,N,200.0,全价：117.807 最后更新：14:59:39,,,,0,{'M': ''},0,0,N,,,buy,buy
2026-06-04 10:47:32,113046,金田转债,jtzz,139.351,0.0,601609,金田股份,jtgf,13.09,-3.61,2.2,10.32,126.84,0,9.86,149.21,240302,有色金属,shmb,C,2021-04-12,[],0,0,buy,AA+,,7.224,13.416,6.6,buy,2027-03-22,0.797,14.992,39639.98,170314.8,18.98,-26.42,,0,14:59:57,00,Y,N,0,0,N,2026-05-28 至 2026-06-05 期间暂停转股：权益分派,2021-09-27 开始转股;2026-05-28 至 2026-06-05 期间暂停转股：权益分派,计算使用0.8年期 评级为AA+ 债参考YTM：1.4601,N,15.0,全价：139.351 最后更新：14:59:57,,,,1,{'M': ''},0,0,N,,,buy,buy
2026-06-04 10:47:32,123091,长海转债,chzz,180.784,-1.76,300196,长海股份,chgf,24.62,-1.4,2.06,14.99,164.24,0,10.07,190.85,610202,建筑材料,szcy,C,2021-01-15,[],0,0,buy,AA,,10.493,19.487,9.0,buy,2026-12-23,0.553,5.482,69274.22,97277.25,68.56,-70.09,,0,15:33:54,00,Y,N,0,0,Y,,2021-06-29 开始转股,计算使用0.6年期 评级为AA 债参考YTM：1.4780,N,5.5,全价：180.784 最后更新：15:33:54,,,,1,{'G': '本次（2026年4月14日至2026年5月26日）不提前赎回，自2026年8月26日后的首个交易日重新计算'},0,0,N,,,buy,buy
2026-06-04 10:47:32,113051,节能转债,jnzz,165.349,0.82,601016,节能风电,jnfd,4.97,2.05,1.8,3.33,149.25,0,10.79,176.14,410107,公用事业,shmb,C,2021-07-22,[],0,0,buy,AA+,,2.331,4.329,8.8,buy,2027-06-21,1.047,26.52,117454.12,254558.23,26.28,-31.53,,0,14:59:59,00,Y,N,1,0,Y,转股价下修1次，成功下修0次,2021-12-27 开始转股,计算使用1.1年期 评级为AA+ 债参考YTM：1.4982,N,30.0,全价：165.349 最后更新：14:59:59,,,,1,"{'G': '本次（2026年4月23日至2026年5月19日）不提前赎回，自2026年8月19日之后的首个交易日重新起算', 'M': ''}",0,0,N,,,buy,buy
2026-06-04 10:47:32,118050,航宇转债,hyzz,254.51,-0.26,688239,航宇科技,hykj,57.2,0.14,5.3,24.96,229.17,0,11.06,265.57,650201,国防军工,shkc,C,2024-09-10,[],0,0,buy,AA-,,17.472,32.448,6.1,buy,2030-08-21,4.216,6.667,72269.03,19598.26,41.65,-16.61,,0,14:59:59,00,Y,N,0,0,Y,,2025-02-27 开始转股,计算使用4.3年期 评级为AA- 债参考YTM：2.4968,N,6.67,全价：254.510 最后更新：14:59:59,,,,0,{'M': ''},0,0,N,,,buy,buy
2026-06-04 10:47:32,127078,优彩转债,yczz,140.018,-1.23,002998,优彩资源,yczy,7.94,-2.46,1.55,6.31,125.83,0,11.27,151.29,220401,基础化工,szmb,C,2023-01-09,[],0,0,buy,A+,,4.417,8.203,19.4,buy,2028-12-14,2.532,4.158,4781.17,5416.1,8.19,-6.25,,0,15:34:48,00,Y,N,0,0,Y,,2023-06-20 开始转股,计算使用2.6年期 评级为A+ 债参考YTM：4.5426,N,6.0,全价：140.018 最后更新：15:34:48,,,,0,[],0,0,N,,,buy,buy
2026-06-04 10:47:32,123241,欧通转债,otzz,1005.15,1.43,300870,欧陆通,olt,275.0,1.48,15.89,30.8,892.86,0,12.58,1017.73,630306,电力设备,szcy,C,2024-07-26,[],0,0,buy,AA-,,21.56,40.04,0.6,buy,2030-07-05,4.088,2.605,112600.16,109391.11,43.04,-41.39,,0,15:34:24,00,Y,N,0,0,Y,,2025-01-13 开始转股,计算使用4.1年期 评级为AA- 债参考YTM：2.4746,N,6.445,全价：1005.150 最后更新：15:34:24,,,,0,"{'G': '本次（2026年4月14日至2026年5月7日）不提前赎回，自2026年8月7日后首个交易日重新计算', 'M': ''}",0,0,N,,,buy,buy
2026-06-04 10:47:32,127110,广核转债,ghzz,138.619,0.17,003816,中国广核,zggh,4.51,-2.17,1.81,3.67,122.89,0,12.8,151.42,410108,公用事业,szmb,C,2025-07-25,[],0,0,buy,AAA,,2.569,4.771,2.8,buy,2031-07-09,5.099,48.993,22877.93,46572.0,3.37,-4.47,,0,15:34:45,00,Y,N,0,0,Y,,2026-01-15 开始转股,计算使用5.1年期 评级为AAA 债参考YTM：1.7456,N,49.0,全价：138.619 最后更新：15:34:45,,,,0,"{'M': '', 'EX': '中国广核集团有限公司竞价、大宗减持10.30% 2026年05月26日公告'}",0,0,N,,,buy,buy
2026-06-04 10:47:32,118068,迪威转债,dwzz,100.0,0.0,688377,迪威尔,dwe,28.8,-9.12,3.52,32.49,88.64,189,12.81,112.81,640203,机械设备,shkc,C,,[],0,0,buy,AA-,,22.743,42.237,13.5,buy,2032-06-03,6.003,9.08,0.0,23541.92,0.0,2.19,,0,,00,Y,N,0,0,Y,,未到转股期；2026-12-10 开始转股,计算使用6.1年期 评级为AA- 债参考YTM：3.4404,N,9.08,待上市,,,,0,{'M': ''},0,0,N,,,buy,buy
2026-06-04 10:47:32,123213,天源转债,tyzz,218.27,-1.63,301127,武汉天源,whty,13.81,-2.2,2.7,7.14,193.42,0,12.85,231.12,760102,环保,szcy,C,2023-08-16,[],0,0,buy,AA-,,4.998,9.282,3.6,buy,2029-07-28,3.151,3.26,11153.05,17242.64,15.53,-18.38,,0,15:34:06,00,Y,N,0,0,Y,,2024-02-05 开始转股,计算使用3.2年期 评级为AA- 债参考YTM：2.4015,N,10.0,全价：218.270 最后更新：15:34:06,,,,0,"{'G': '本次（2026年3月13日至2026年4月2日）不提前赎回，自2026年10月2日后首个交易日重新计算', 'M': ''}",0,0,N,,,buy,buy
2026-06-04 10:47:32,113058,友发转债,yfzz,135.251,-1.31,601686,友发集团,yfjt,5.33,-4.14,1.14,4.48,118.97,0,13.68,148.93,230403,钢铁,shmb,C,2022-04-26,[],0,0,buy,AA,,3.136,5.824,23.7,buy,2028-03-30,1.822,18.638,15206.91,14240.25,6.02,-9.13,,0,14:59:53,00,Y,N,2,2,Y,转股价下修2次，成功下修2次,2022-10-10 开始转股,计算使用1.9年期 评级为AA 债参考YTM：1.6323,N,20.0,全价：135.251 最后更新：14:59:53,,,,1,[],0,0,N,,,buy,buy
2026-06-04 10:47:32,113589,天创转债,tczz,181.751,1.44,603608,天创时尚,tcss,19.65,-1.26,7.46,12.29,159.89,0,13.68,195.43,350205,纺织服饰,shmb,C,2020-07-16,[],0,0,buy,A-,,8.603,15.977,0.8,buy,2026-06-24,0.055,0.661,168887.81,94861.46,1350.62,-757.73,,0,15:00:00,00,Y,N,0,0,Y,,2021-01-04 开始转股,计算使用0.1年期 评级为A- 债参考YTM：8.7090,N,6.0,全价：181.751 最后更新：15:00:00,,,,0,{'R': '到期\n最后交易日：2026-06-17\n最后转股日：2026-06-23\n债券到期日：2026-06-24\n到期赎回价：110.000元/张'},0,0,N,,,buy,buy
2026-06-04 10:47:32,123187,超达转债,cdzz,227.908,-3.71,301186,超达装备,cdzb,62.09,-3.44,3.12,30.98,200.42,0,13.72,241.63,280205,汽车,szcy,C,2023-04-25,[],0,0,buy,A,,21.686,40.274,4.7,buy,2029-04-04,2.836,2.242,10447.04,12248.85,20.19,-20.75,,0,15:34:15,00,Y,N,0,0,Y,,2023-10-11 开始转股,计算使用2.9年期 评级为A 债参考YTM：7.0153,N,4.69,全价：227.908 最后更新：15:34:15,,,,0,"{'G': '本次（2026年4月10日至2026年4月30日）不提前赎回，以2026年7月31日之后的首个交易日重新起算', 'M': ''}",0,0,N,,,buy,buy
2026-06-04 10:47:32,113631,皖天转债,wtzz,138.656,-1.0,603689,皖天然气,wtrq,7.93,-2.1,1.09,6.51,121.81,0,13.83,152.49,410301,公用事业,shmb,C,2021-12-10,[],0,0,buy,AA+,,4.557,8.463,14.4,buy,2027-11-08,1.43,5.958,4860.98,3438.39,5.87,-14.11,,0,14:59:06,00,Y,N,0,0,Y,,2022-05-12 开始转股,计算使用1.5年期 评级为AA+ 债参考YTM：1.5381,N,9.3,全价：138.656 最后更新：14:59:06,,,,1,[],0,0,N,,,buy,buy
2026-06-04 10:47:32,113039,嘉泽转债,jzzz,206.088,-1.71,601619,嘉泽新能,jzxn,5.25,-3.14,1.91,2.91,180.41,0,14.23,220.32,410107,公用事业,shmb,C,2020-09-17,[],0,0,buy,AA,,2.037,3.783,2.2,buy,2026-08-24,0.222,2.865,17285.3,23896.39,29.08,-214.49,,0,14:59:58,00,Y,N,0,0,Y,,2021-03-01 开始转股,计算使用0.3年期 评级为AA 债参考YTM：1.4628,N,13.0,全价：206.088 最后更新：14:59:58,,,,1,"{'G': '本次（2026年3月26日至2026年4月16日）不提前赎回，至到期日（2026年8月23日）均不行使赎回权利', 'M': ''}",0,0,N,,,buy,buy
2026-06-04 10:47:32,127084,柳工转2,lgz2,138.7,-0.93,000528,柳工,lg,8.47,-0.94,0.9,6.98,121.35,0,14.3,153.0,640601,机械设备,szmb,C,2023-04-20,[],0,0,buy,AAA,,4.886,9.074,14.4,buy,2029-03-27,2.814,24.809,12879.6,23382.85,3.73,-6.31,,0,15:33:54,00,Y,N,0,0,Y,,2023-10-09 开始转股,计算使用2.9年期 评级为AAA 债参考YTM：1.6116,N,30.0,全价：138.700 最后更新：15:33:54,,,,0,{'M': ''},0,0,N,,,buy,buy
2026-06-04 10:47:32,123251,华医转债,hyzz,374.9,3.85,301235,华康洁净,hkjj,72.68,7.48,4.11,22.24,326.8,0,14.72,389.62,370502,医药生物,szcy,C,2025-01-09,[],0,0,buy,A+,,15.568,28.912,13.3,buy,2030-12-23,4.556,7.012,111360.84,47867.9,42.68,-22.41,,0,15:34:45,00,Y,N,0,0,Y,,2025-06-27 开始转股,计算使用4.6年期 评级为A+ 债参考YTM：4.8888,N,7.5,全价：374.900 最后更新：15:34:45,,,,0,"{'G': '本次（2025年11月20日至2025年12月15日）不提前赎回，自2026年6月15日后首个交易日重新计算', 'M': ''}",0,0,N,,,buy,buy
2026-06-04 10:47:32,127103,东南转债,dnzz,144.9,-7.43,002135,东南网架,dnwj,7.01,-3.04,1.23,5.59,125.4,0,15.55,160.45,620401,建筑装饰,szmb,C,2024-01-24,[],0,0,buy,AA,,3.913,7.267,27.3,buy,2030-01-03,3.586,19.999,43260.63,17015.87,14.73,-6.99,,0,15:34:24,00,Y,N,0,0,Y,,2024-07-09 开始转股,计算使用3.6年期 评级为AA 债参考YTM：1.8736,N,20.0,全价：144.900 最后更新：15:34:24,,,,0,"{'G': '本次（2026年3月17日至2026年4月28日）不提前赎回，自2026年7月28日后首个交易日重新计算', 'M': ''}",0,0,N,,,buy,buy
2026-06-04 10:47:32,113661,福22转债,f22zz,141.162,-0.95,603806,福斯特,fst,17.79,1.37,2.79,14.59,121.93,0,15.77,156.93,630504,电力设备,shmb,C,2022-12-22,[],0,0,buy,AA,,10.213,18.967,6.5,buy,2028-11-22,2.471,30.297,13125.41,83693.85,3.07,-8.65,,0,14:59:44,00,Y,N,1,1,Y,转股价下修1次，成功下修1次,2023-05-29 开始转股,计算使用2.5年期 评级为AA 债参考YTM：1.7198,N,30.3,全价：141.162 最后更新：14:59:44,,,,0,{'M': ''},0,0,N,,,buy,buy
2026-06-04 10:47:32,111000,起帆转债,qfzz,187.496,-6.74,605222,起帆电缆,qfdl,27.99,-2.41,2.39,17.35,161.33,0,16.22,203.72,630805,电力设备,shmb,C,2021-06-17,[],0,0,buy,AA-,,12.145,22.555,8.6,buy,2027-05-24,0.97,9.992,58648.23,17369.05,30.75,-39.87,,0,15:00:00,00,Y,N,1,1,Y,转股价下修1次，成功下修1次,2021-11-29 开始转股,计算使用1.0年期 评级为AA- 债参考YTM：1.7869,N,10.0,全价：187.496 最后更新：15:00:00,,,,1,{'G': '本次（2026年3月13日至2026年4月20日）不提前赎回，以2026年10月21日为首个交易日重新起算'},0,0,N,,,buy,buy
2026-06-04 10:47:32,127061,美锦转债,mjzz,98.771,0.33,000723,美锦能源,mjny,4.44,0.45,1.53,5.26,84.41,0,17.01,115.78,740201,煤炭,szmb,C,2022-05-30,[],0,0,buy,A+,,3.682,6.838,14.3,buy,2028-04-20,1.88,27.89,9828.91,47748.29,3.58,11.32,,0,15:34:18,00,Y,N,1,1,Y,转股价下修1次，成功下修1次,2022-10-26 开始转股,计算使用1.9年期 评级为A+ 债参考YTM：4.3136,N,35.9,全价：98.771 最后更新：15:34:18,,,,1,{'M': ''},0,0,N,,,buy,buy
2026-06-04 10:47:32,128127,文科转债,wkzz,114.439,-0.1,002775,文科股份,wkgf,3.82,-1.55,43.41,3.92,97.45,0,17.43,131.87,620307,建筑装饰,szmb,C,2020-09-11,[],0,0,buy,A-,,2.744,5.096,35.6,buy,2026-08-20,0.211,7.843,6709.47,11627.91,7.46,2.36,,0,15:34:48,00,Y,N,2,2,Y,转股价下修2次，成功下修2次,2021-03-01 开始转股,计算使用0.3年期 评级为A- 债参考YTM：8.7144,N,9.5,全价：114.439 最后更新：15:34:48,,,,1,[],0,0,N,,,buy,buy
2026-06-04 10:47:32,113615,金诚转债,jczz,719.692,-2.85,603979,金诚信,jcx,72.0,-3.36,3.86,11.78,611.21,0,17.75,737.44,240302,有色金属,shmb,C,2021-01-14,[],0,0,buy,AA,,8.246,15.314,1.1,buy,2026-12-23,0.553,4.958,29548.76,48040.93,8.22,-153.33,,0,14:59:58,00,Y,N,0,0,Y,,2021-06-29 开始转股,计算使用0.6年期 评级为AA 债参考YTM：1.4780,N,10.0,全价：719.692 最后更新：14:59:58,,,,1,"{'G': '本次（2025年10月10日至2025年10月30日）不提前赎回，至2026年12月22日到期均不提前赎回', 'M': ''}",0,0,N,,,buy,buy
2026-06-04 10:47:32,111015,东亚转债,dyzz,136.434,-0.75,605177,东亚药业,dyyy,23.47,0.38,1.52,20.28,115.73,0,17.89,154.32,370101,医药生物,shmb,C,2023-08-02,[],0,0,buy,A+,,14.196,26.364,25.0,buy,2029-07-06,3.09,6.662,9362.86,13664.82,10.29,-4.34,,0,14:59:47,00,Y,N,1,1,Y,转股价下修1次，成功下修1次,2024-01-12 开始转股,计算使用3.1年期 评级为A+ 债参考YTM：4.7325,N,6.9,全价：136.434 最后更新：14:59:47,,,,0,[],0,0,N,,,buy,buy
2026-06-04 10:47:32,123247,万凯转债,wkzz,254.88,-4.96,301216,万凯新材,wkxc,24.42,-4.61,2.16,11.3,216.11,0,17.94,272.82,220501,基础化工,szcy,C,2024-09-05,[],0,0,buy,AA,,7.91,14.69,14.7,buy,2030-08-16,4.203,19.643,29127.48,24690.09,5.74,-17.56,,0,15:34:18,00,Y,N,0,0,Y,,2025-02-24 开始转股,计算使用4.3年期 评级为AA 债参考YTM：1.9408,N,27.0,全价：254.880 最后更新：15:34:18,,,,0,"{'G': '本次（2026年2月24日至2026年3月16日）不提前赎回，自2026年6月16日后首个交易日重新计算', 'M': ''}",0,0,N,,,buy,buy
2026-06-04 10:47:32,127040,国泰转债,gtzz,127.65,-2.15,002091,江苏国泰,jsgt,8.28,-4.39,0.82,7.65,108.24,0,17.94,145.59,450201,商贸零售,szmb,C,2021-08-10,[],0,0,buy,AA+,,5.355,9.945,30.1,buy,2027-07-07,1.09,39.863,14146.66,18706.87,2.77,-13.1,,0,15:34:45,00,Y,N,0,0,N,2026-05-29 至 2026-06-05 期间暂停转股：权益分派,2022-01-13 开始转股;2026-05-29 至 2026-06-05 期间暂停转股：权益分派,计算使用1.1年期 评级为AA+ 债参考YTM：1.4982,N,45.574,全价：127.650 最后更新：15:34:45,,,,1,{'M': ''},0,0,N,,,buy,buy
2026-06-04 10:47:32,113597,佳力转债,jlzz,121.063,-0.6,603912,佳力图,jlt,8.9,-1.22,2.73,8.68,102.54,0,18.07,139.13,640105,机械设备,shmb,C,2020-08-21,[],0,0,buy,AA-,,6.076,11.284,6.2,buy,2026-07-30,0.153,2.969,3596.06,10342.78,9.99,-16.79,,0,14:59:59,00,Y,N,1,1,Y,转股价下修1次，成功下修1次,2021-02-05 开始转股,计算使用0.2年期 评级为AA- 债参考YTM：1.6609,N,3.0,全价：121.063 最后更新：14:59:59,,,,1,[],0,0,N,,,buy,buy
2026-06-04 10:47:32,128128,齐翔转2,qxz2,112.488,-1.02,002408,齐翔腾达,qxtd,5.1,-2.3,1.32,5.37,94.97,0,18.44,130.93,750303,石油石化,szmb,C,2020-09-15,[],0,0,buy,AA,,3.759,6.981,4.8,buy,2026-08-20,0.211,6.792,3643.76,12166.58,4.76,-10.62,,0,15:34:12,00,Y,N,0,0,Y,,2021-02-26 开始转股,计算使用0.3年期 评级为AA 债参考YTM：1.4628,N,29.9,全价：112.488 最后更新：15:34:12,,,,1,{'M': ''},0,0,N,,,buy,buy
2026-06-04 10:47:32,113588,润达转债,rdzz,108.958,-0.4,603108,润达医疗,rdyl,11.92,-5.62,1.93,12.97,91.9,0,18.56,127.52,370402,医药生物,shmb,C,2020-07-13,[],0,0,buy,AA,,9.079,16.861,3.2,buy,2026-06-17,0.036,2.318,4761.18,29534.95,18.83,1.17,,0,14:59:59,00,Y,N,0,0,Y,,2020-12-23 开始转股,计算使用0.1年期 评级为AA 债参考YTM：1.4590,N,5.5,全价：108.958 最后更新：14:59:59,,,,1,"{'R': '到期\n最后交易日：2026-06-11\n最后转股日：2026-06-16\n债券到期日：2026-06-17\n到期赎回价：109.000元/张', 'M': ''}",0,0,N,,,buy,buy
2026-06-04 10:47:32,127034,绿茵转债,lyzz,135.0,-1.5,002887,绿茵生态,lyst,12.75,-4.21,1.59,11.21,113.74,0,18.69,153.69,760104,环保,szmb,C,2021-05-28,[],0,0,buy,AA-,,7.847,14.573,15.4,buy,2027-04-30,0.904,4.279,4893.16,4385.61,8.46,-18.08,,0,15:34:03,00,Y,N,0,0,Y,,2021-11-11 开始转股,计算使用1.0年期 评级为AA- 债参考YTM：1.7869,N,7.12,全价：135.000 最后更新：15:34:03,,,,1,[],0,0,N,,,buy,buy
2026-06-04 10:47:32,127109,电化转债,dhzz,191.508,-3.96,002125,湘潭电化,xtdh,16.2,-2.7,2.97,10.1,160.4,0,19.4,210.91,630702,电力设备,szmb,C,2025-07-04,[],0,0,buy,AA,,7.07,13.13,4.8,buy,2031-06-16,5.036,4.867,46585.7,159425.81,49.38,-9.82,,0,15:34:42,00,Y,N,0,0,Y,,2025-12-22 开始转股,计算使用5.1年期 评级为AA 债参考YTM：1.9891,N,4.87,全价：191.508 最后更新：15:34:42,,,,0,"{'G': '本次（2026年4月14日至2026年5月7日）不提前赎回，自2026年8月7日后首个交易日重新计算', 'M': ''}",0,0,N,,,buy,buy
2026-06-04 10:47:32,113048,晶科转债,jkzz,148.683,-1.13,601778,晶科科技,jkkj,5.6,-3.28,1.31,4.5,124.44,0,19.48,168.16,410106,公用事业,shmb,C,2021-05-31,[],0,0,buy,AA,,3.15,5.85,7.4,buy,2027-04-23,0.885,15.456,29392.84,123630.05,12.79,-27.97,,0,14:59:58,00,Y,N,2,2,Y,转股价下修2次，成功下修2次,2021-10-29 开始转股,计算使用0.9年期 评级为AA 债参考YTM：1.4976,N,30.0,全价：148.683 最后更新：14:59:58,,,,1,"{'G': '本次（2026年3月25日至2026年5月6日）不提前赎回，以2026年8月7日为首个交易日重新计算', 'M': ''}",0,0,N,,,buy,buy
2026-06-04 10:47:32,118051,皓元转债,hyzz,226.123,-2.94,688131,皓元医药,hyyy,76.36,-2.14,5.05,40.47,188.68,0,19.84,245.96,370603,医药生物,shkc,C,2024-12-19,[],0,0,buy,AA-,,28.329,52.611,5.1,buy,2030-11-28,4.488,8.218,16829.1,32457.36,8.95,-13.83,,0,14:59:52,00,Y,N,0,0,Y,,2025-06-04 开始转股,计算使用4.5年期 评级为AA- 债参考YTM：2.5204,N,8.223,全价：226.123 最后更新：14:59:52,,,,0,{'M': ''},0,0,Y,,,buy,buy
2026-06-04 10:47:32,123076,强力转债,qlzz,129.3,0.68,300429,强力新材,qlxc,13.69,3.24,4.13,12.7,107.8,0,19.95,149.25,270601,电子,szcy,C,2020-12-04,[],0,0,buy,AA-,,8.89,16.51,8.6,buy,2026-11-19,0.46,4.812,12379.07,43538.6,19.82,-27.56,,0,15:34:51,00,Y,N,1,1,Y,转股价下修1次，成功下修1次,2021-05-25 开始转股,计算使用0.5年期 评级为AA- 债参考YTM：1.7278,N,8.5,全价：129.300 最后更新：15:34:51,,,,1,{'M': ''},0,0,N,,,buy,buy
2026-06-04 10:47:32,127067,恒逸转2,hyz2,152.0,-3.25,000703,恒逸石化,hysh,13.11,-2.89,1.85,10.37,126.42,0,20.23,172.23,750301,石油石化,szmb,C,2022-08-18,[],0,0,buy,AA+,,7.259,13.481,6.0,buy,2028-07-21,2.132,29.993,26071.94,57555.66,5.67,-13.48,,0,15:34:24,00,Y,N,0,0,Y,,2023-01-30 开始转股,计算使用2.2年期 评级为AA+ 债参考YTM：1.6037,N,30.0,全价：152.000 最后更新：15:34:24,,,,0,"{'G': '本次（至2026年4月27日）不提前赎回，从2026年7月28日开始计算', 'M': ''}",0,0,N,,,buy,buy
2026-06-04 10:47:32,118039,煜邦转债,ybzz,154.455,-0.96,688597,煜邦电力,ybdl,9.35,-0.11,3.66,7.3,128.08,0,20.59,175.05,630804,电力设备,shkc,C,2023-08-15,[],0,0,buy,A,,5.11,9.49,13.1,buy,2029-07-20,3.129,4.104,16775.41,13455.4,26.34,-8.47,,0,14:59:52,00,Y,N,0,0,Y,,2024-01-26 开始转股,计算使用3.2年期 评级为A 债参考YTM：7.1055,N,4.108,全价：154.455 最后更新：14:59:52,,,,0,"{'G': '本次（2026年1月16日至2026年2月11日）不提前赎回，以2026年8月12日为首个交易日重新计算', 'M': ''}",0,0,N,,,buy,buy
2026-06-04 10:47:32,113624,正川转债,zczz,130.179,-0.41,603976,正川股份,zcgf,21.35,0.71,2.66,19.78,107.94,0,20.61,150.79,370503,医药生物,shmb,C,2021-06-01,[],0,0,buy,A+,,13.846,25.714,12.5,buy,2027-04-28,0.899,4.048,3363.92,3692.15,6.39,-13.02,,0,14:59:03,00,Y,N,1,1,Y,转股价下修1次，成功下修1次,2021-11-08 开始转股,计算使用0.9年期 评级为A+ 债参考YTM：4.1105,N,4.05,全价：130.179 最后更新：14:59:03,,,,1,[],0,0,N,,,buy,buy
2026-06-04 10:47:32,113673,岱美转债,dmzz,203.518,-0.33,603730,岱美股份,dmgf,12.43,0.49,5.32,7.37,168.66,0,20.67,224.19,280202,汽车,shmb,C,2023-08-10,[],0,0,buy,AA,,5.159,9.581,3.4,buy,2029-07-18,3.123,9.079,17924.99,35301.2,9.68,-16.69,,0,14:59:55,00,Y,N,1,1,N,"转股价下修1次，成功下修1次
2026-06-01 至 2026-06-05 期间暂停转股：权益分派
转股价7.370生效日期2025-06-04",2024-01-24 开始转股;2026-06-01 至 2026-06-05 期间暂停转股：权益分派,计算使用3.2年期 评级为AA 债参考YTM：1.8301,N,9.079,全价：203.518 最后更新：14:59:55,,,,0,"{'G': '本次（2026年5月7日至2026年5月27日）不提前赎回，以2026年8月27日之后的首个交易日重新起算', 'M': ''}",0,0,N,,,buy,buy
2026-06-04 10:47:32,113677,华懋转债,hmzz,371.374,-6.11,603306,华懋科技,hmkj,103.63,-3.13,9.83,33.74,307.14,0,20.91,392.28,280202,汽车,shmb,C,2023-10-12,[],0,0,buy,AA-,,23.618,43.862,3.1,buy,2029-09-14,3.282,10.489,54631.85,143524.84,13.65,-30.18,,0,15:00:00,00,Y,N,0,0,Y,,2024-03-20 开始转股,计算使用3.3年期 评级为AA- 债参考YTM：2.4170,N,10.5,全价：371.374 最后更新：15:00:00,,,,0,"{'G': '本次（2026年3月6日至2026年3月26日）不提前赎回，自2026年6月26日之后的首个交易日重新起算', 'M': ''}",0,0,N,,,buy,buy
2026-06-04 10:47:32,127027,能化转债,nhzz,120.108,0.65,000552,甘肃能化,gsnh,2.9,0.0,0.93,2.93,98.98,0,21.35,141.46,740101,煤炭,szmb,C,2021-01-22,[],0,0,buy,AAA,,2.051,3.809,18.0,buy,2026-12-10,0.518,19.464,8010.53,34539.03,3.42,-16.34,,0,15:34:42,00,Y,N,0,0,Y,,2021-06-16 开始转股,计算使用0.6年期 评级为AAA 债参考YTM：1.4212,N,28.0,全价：120.108 最后更新：15:34:42,,,,1,{'M': ''},0,0,N,,,buy,buy
2026-06-04 10:47:32,123118,惠城转债,hczz,686.402,3.92,300779,惠城环保,hchb,82.47,0.76,7.77,14.59,565.25,0,21.43,707.83,760103,环保,szcy,C,2021-07-26,[],0,0,buy,A+,,10.213,18.967,0.5,buy,2027-07-07,1.09,0.656,180999.1,107358.76,397.04,-80.58,,0,15:34:03,00,Y,N,0,0,N,2026-06-03 至 2026-06-11 期间暂停转股：权益分派,2022-01-13 开始转股;2026-06-03 至 2026-06-11 期间暂停转股：权益分派,计算使用1.1年期 评级为A+ 债参考YTM：4.1435,N,3.2,全价：686.402 最后更新：15:34:03,,,,1,"{'G': '本次（2026年5月6日至2026年5月26日）不提前赎回，自2026年8月26日后首个交易日重新计算', 'M': ''}",0,0,N,,,buy,buy
2026-06-04 10:47:32,123059,银信转债,yxzz,120.653,-0.98,300231,银信科技,yxkj,8.94,-2.3,2.38,9.0,99.33,0,21.46,142.11,710301,计算机,szcy,C,2020-08-12,[],0,0,buy,AA-,,6.3,11.7,4.0,buy,2026-07-15,0.112,1.569,1813.28,8649.88,9.56,-20.06,,0,15:34:48,00,Y,N,0,0,Y,,2021-01-21 开始转股,计算使用0.2年期 评级为AA- 债参考YTM：1.6609,N,3.914,全价：120.653 最后更新：15:34:48,,,,1,[],0,0,N,,,buy,buy
2026-06-04 10:47:32,113691,和邦转债,hbzz,145.855,-5.4,603077,和邦生物,hbsw,2.4,-2.83,1.17,2.0,120.0,0,21.55,167.41,220802,基础化工,shmb,C,2024-11-19,[],0,0,buy,AA,,1.4,2.6,21.7,buy,2030-10-28,4.403,45.991,28168.88,35490.83,4.14,-5.39,,0,14:59:59,00,Y,N,0,0,Y,,2025-05-06 开始转股,计算使用4.5年期 评级为AA 债参考YTM：1.9530,N,46.0,全价：145.855 最后更新：14:59:59,,,,0,"{'G': '本次（2026年1月22日至2026年3月10日）不提前赎回，以2027年3月10日之后的首个交易日重新起算', 'M': ''}",0,0,N,,,buy,buy
2026-06-04 10:47:32,123160,泰福转债,tfzz,163.3,-1.48,300992,泰福泵业,tfby,26.56,-2.14,2.81,19.77,134.35,0,21.55,184.85,640106,机械设备,szcy,C,2022-10-25,[],0,0,buy,A,,13.839,25.701,11.2,buy,2028-09-28,2.321,2.315,5848.67,4709.14,15.48,-12.91,,0,15:34:12,00,Y,N,1,1,Y,转股价下修1次，成功下修1次,2023-04-11 开始转股,计算使用2.4年期 评级为A 债参考YTM：6.8106,N,3.349,全价：163.300 最后更新：15:34:12,,,,0,"{'G': '本次（2026年5月6日至2026年5月26日）不提前赎回，自2026年8月31日后首个交易日重新计算', 'M': ''}",0,0,N,,,buy,buy
2026-06-04 10:47:32,127092,运机转债,yjzz,247.901,-2.32,001288,运机集团,yjjt,24.18,-0.04,2.33,11.89,203.36,0,21.9,269.8,640203,机械设备,szmb,C,2023-10-20,[],0,0,buy,AA-,,8.323,15.457,14.3,buy,2029-09-21,3.301,5.25,22499.28,5901.78,16.99,-19.93,,0,15:34:00,00,Y,N,0,0,Y,,2024-03-27 开始转股,计算使用3.4年期 评级为AA- 债参考YTM：2.4280,N,7.3,全价：247.901 最后更新：15:34:00,,,,0,{'G': '本次（2025年12月8日至2025年12月26日）不提前赎回，以2026年12月26日后的首个交易日起重新计算'},0,0,N,,,buy,buy
2026-06-04 10:47:32,123225,翔丰转债,xfzz,152.048,-1.58,300890,翔丰华,xfh,34.2,-3.01,1.79,27.44,124.64,0,21.99,174.04,630702,电力设备,szcy,C,2023-10-26,[],0,0,buy,AA-,,19.208,35.672,14.9,buy,2029-10-10,3.353,5.585,8209.64,19785.48,9.65,-6.36,,0,15:34:12,00,Y,N,1,1,N,"转股价下修1次，成功下修1次
2026-06-03 起暂停转股：权益分派
转股价27.440生效日期2024-12-09",2024-04-16 开始转股;2026-06-03 起暂停转股：权益分派,计算使用3.4年期 评级为AA- 债参考YTM：2.4280,N,8.0,全价：152.048 最后更新：15:34:12,,,,0,"{'G': '本次（2026年4月22日至2026年5月15日）不提前赎回，自2026年8月15日后首个交易日重新计算', 'M': ''}",0,0,N,,,buy,buy
2026-06-04 10:47:32,127047,帝欧转债,dozz,149.33,-2.42,002798,帝欧水华,dosh,6.21,-1.27,1.95,5.1,121.77,0,22.64,171.97,360306,轻工制造,szmb,C,2021-11-26,[],0,0,buy,A-,,3.57,6.63,14.5,buy,2027-10-25,1.392,4.654,5226.7,7210.49,7.49,-16.25,,0,15:34:06,00,Y,N,1,1,Y,转股价下修1次，成功下修1次,2022-04-29 开始转股,计算使用1.4年期 评级为A- 债参考YTM：8.9026,N,15.0,全价：149.330 最后更新：15:34:06,,,,1,{'G': '本次（2026年4月15日至2026年5月8日）不提前赎回，以2026年8月8日后首个交易日起重新计算'},0,0,N,,,buy,buy
2026-06-04 10:47:32,113605,大参转债,dszz,113.708,-0.43,603233,大参林,dsl,16.08,-0.68,2.33,17.35,92.68,0,22.69,136.4,370403,医药生物,shmb,C,2020-11-13,[],0,0,buy,AA,,12.145,22.555,7.7,buy,2026-10-22,0.384,14.045,2458.79,6701.73,1.54,-8.56,,0,14:59:06,00,Y,N,1,1,Y,转股价下修1次，成功下修1次,2021-04-28 开始转股,计算使用0.4年期 评级为AA 债参考YTM：1.4718,N,14.05,全价：113.708 最后更新：14:59:06,,,,1,{'M': ''},0,0,N,,,buy,buy
2026-06-04 10:47:32,123142,申昊转债,shzz,137.737,0.08,300853,申昊科技,shkj,37.62,1.68,8.68,33.71,111.6,0,23.42,161.16,630803,电力设备,szcy,C,2022-04-11,[],0,0,buy,A-,,23.597,43.823,14.9,buy,2028-03-18,1.789,5.494,4939.57,26734.81,6.53,-10.87,,0,15:34:00,00,Y,N,0,0,Y,,2022-09-26 开始转股,计算使用1.8年期 评级为A- 债参考YTM：8.9916,N,5.5,全价：137.737 最后更新：15:34:00,,,,1,[],0,0,N,,,buy,buy
2026-06-04 10:47:32,127055,精装转债,jzzz,200.011,1.84,002989,中天精装,ztjz,29.9,5.13,4.2,18.5,161.62,0,23.75,223.76,620201,建筑装饰,szmb,C,2022-03-24,[],0,0,buy,AA-,,12.95,24.05,3.8,buy,2028-02-22,1.721,2.081,53946.24,29073.48,128.36,-27.01,,0,15:34:12,00,Y,N,0,0,Y,,2022-08-29 开始转股,计算使用1.8年期 评级为AA- 债参考YTM：1.9529,N,5.77,全价：200.011 最后更新：15:34:12,,,,1,{'G': '本次（2026年2月24日至2026年3月16日）不提前赎回，自2027年3月16日后首个交易日重新计算'},0,0,N,,,buy,buy
2026-06-04 10:47:32,127070,大中转债,dzzz,427.298,-6.3,001203,大中矿业,dzky,36.98,-1.23,7.58,10.76,343.68,0,24.33,451.63,230301,钢铁,szmb,C,2022-10-11,[],0,0,buy,AA,,7.532,13.988,1.9,buy,2028-08-17,2.206,9.343,138700.68,79705.74,34.43,-45.23,,0,15:34:48,00,Y,N,0,0,Y,,2023-02-23 开始转股,计算使用2.3年期 评级为AA 债参考YTM：1.6877,N,15.2,全价：427.298 最后更新：15:34:48,,,,0,"{'G': '本次（2026年2月24日至2026年3月16日）不提前赎回，以2026年9月16日后的首个交易日重新计算', 'M': ''}",0,0,N,,,buy,buy
2026-06-04 10:47:32,110099,福能转债,fnzz,151.218,1.45,600483,福能股份,fngf,11.92,2.05,1.18,9.84,121.14,0,24.83,176.05,410110,公用事业,shmb,C,2025-10-30,[],0,0,buy,AA+,,6.888,12.792,11.5,buy,2031-10-13,5.362,38.019,19167.06,68373.13,3.36,-5.78,,0,14:59:46,00,Y,N,0,0,Y,,2026-04-17 开始转股,计算使用5.4年期 评级为AA+ 债参考YTM：1.8253,N,38.02,全价：151.218 最后更新：14:59:46,,,,0,{'M': ''},0,0,N,,,buy,buy
2026-06-04 10:47:32,111012,福新转债,fxzz,384.405,-1.72,605488,福莱新材,flxc,34.51,0.82,4.57,11.22,307.58,0,24.98,409.39,220505,基础化工,shmb,C,2023-02-07,[],0,0,buy,A+,,7.854,14.586,1.1,buy,2029-01-04,2.589,1.017,34630.17,22256.98,86.6,-36.81,,0,14:59:58,00,Y,N,0,0,Y,,2023-07-10 开始转股,计算使用2.6年期 评级为A+ 债参考YTM：4.5426,N,4.29,全价：384.405 最后更新：14:59:58,,,,0,{'G': '本次（2026年2月27日至2026年3月19日）不提前赎回，自2026年6月19日之后的首个交易日重新起算'},0,0,N,,,buy,buy
2026-06-04 10:47:32,118044,赛特转债,stzz,188.414,-3.98,688398,赛特新材,stxc,28.49,-2.93,4.17,18.9,150.74,0,24.99,213.4,220309,基础化工,shkc,C,2023-10-12,[],0,0,buy,A+,,13.23,24.57,9.2,buy,2029-09-11,3.274,4.42,7350.24,4359.15,8.71,-13.7,,0,14:59:51,00,Y,N,1,1,Y,转股价下修1次，成功下修1次,2024-03-15 开始转股,计算使用3.3年期 评级为A+ 债参考YTM：4.7722,N,4.42,全价：188.414 最后更新：14:59:51,,,,0,"{'G': '本次（2026年3月10日至2026年4月20日）不提前赎回，以2026年10月21日起算', 'M': ''}",0,0,N,,,buy,buy
2026-06-04 10:47:32,123176,精测转2,jcz2,396.452,3.86,300567,精测电子,jcdz,203.8,8.12,12.88,64.51,315.92,0,25.49,421.94,640107,机械设备,szcy,C,2023-03-22,[],0,0,buy,AA-,,45.157,83.863,2.8,buy,2029-03-02,2.745,12.753,73421.92,249932.32,14.76,-36.57,,0,15:34:18,00,Y,N,0,0,Y,,2023-09-08 开始转股,计算使用2.8年期 评级为AA- 债参考YTM：2.2803,N,12.76,全价：396.452 最后更新：15:34:18,,,,0,"{'G': '本次（2025年12月23日至2026年1月14日）不提前赎回，自2026年7月14日后首个交易日重新计算', 'M': ''}",0,0,N,,,buy,buy
2026-06-04 10:47:32,123183,海顺转债,hszz,136.968,-1.67,300501,海顺新材,hsxc,12.6,-4.33,2.26,11.63,108.34,0,26.42,163.39,360206,轻工制造,szcy,C,2023-04-20,[],0,0,buy,AA-,,8.141,15.119,18.1,buy,2029-03-23,2.803,6.329,5504.34,6834.07,6.32,-5.11,,0,15:34:15,00,Y,N,2,0,Y,转股价下修2次，成功下修0次,2023-10-09 开始转股,计算使用2.9年期 评级为AA- 债参考YTM：2.3177,N,6.33,全价：136.968 最后更新：15:34:15,,,,0,[],0,0,N,,,buy,buy
2026-06-04 10:47:32,118040,宏微转债,hwzz,153.218,-0.96,688711,宏微科技,hwkj,34.47,1.89,6.76,28.51,120.91,0,26.73,179.95,270102,电子,shkc,C,2023-08-14,[],0,0,buy,A,,19.957,37.063,5.8,buy,2029-07-25,3.143,4.297,21900.72,56065.37,32.91,-7.58,,0,14:59:57,00,Y,N,1,1,Y,转股价下修1次，成功下修1次,2024-01-31 开始转股,计算使用3.2年期 评级为A 债参考YTM：7.1055,N,4.3,全价：153.218 最后更新：14:59:57,,,,0,{'M': ''},0,0,N,,,buy,buy
2026-06-04 10:47:32,128142,新乳转债,xrzz,120.346,-2.14,002946,新乳业,xry,16.96,-3.25,3.72,17.88,94.86,0,26.87,147.22,340702,食品饮料,szmb,C,2021-01-19,[],0,0,buy,AA,,12.516,23.244,5.0,buy,2026-12-18,0.54,7.179,3458.78,7709.72,3.98,-16.01,,0,15:34:36,00,Y,N,0,0,Y,,2021-06-24 开始转股,计算使用0.6年期 评级为AA 债参考YTM：1.4780,N,7.18,全价：120.346 最后更新：15:34:36,,,,1,{'M': ''},0,0,N,,,buy,buy
2026-06-04 10:47:32,123092,天壕转债,thzz,123.578,-1.89,300332,天壕能源,thny,4.83,-3.78,1.06,4.98,96.99,0,27.42,151.0,410301,公用事业,szcy,C,2021-01-15,[],0,0,buy,A+,,3.486,6.474,8.7,buy,2026-12-24,0.556,3.417,2245.18,10430.35,5.29,-12.54,,0,15:33:54,00,Y,N,0,0,Y,,2021-06-30 开始转股,计算使用0.6年期 评级为A+ 债参考YTM：4.0722,N,4.23,全价：123.578 最后更新：15:33:54,,,,1,{'M': ''},0,0,N,,,buy,buy
2026-06-04 10:47:32,113697,应流转债,ylzz,278.577,-0.12,603308,应流股份,ylgf,66.6,4.27,8.73,30.47,218.58,0,27.45,306.03,640108,机械设备,shmb,C,2025-10-22,[],0,0,buy,AA+,,21.329,39.611,3.3,buy,2031-09-19,5.296,14.996,60998.39,176957.03,14.44,-15.88,,0,15:00:00,00,Y,N,0,0,Y,,2026-03-25 开始转股,计算使用5.3年期 评级为AA+ 债参考YTM：1.8147,N,15.0,全价：278.577 最后更新：15:00:00,,,,0,"{'G': '本次（2026年3月25日至2026年4月15日）不提前赎回，2026年7月15日之后的首个交易日重新起算', 'M': ''}",0,0,N,,,buy,buy
2026-06-04 10:47:32,123131,奥飞转债,afzz,265.651,-1.43,300738,奥飞数据,afsj,20.9,-1.65,5.29,10.06,207.75,0,27.87,293.52,730104,通信,szcy,C,2021-12-22,[],0,0,buy,A+,,7.042,13.078,1.5,buy,2027-12-03,1.499,3.161,29678.23,110903.0,35.52,-42.38,,0,15:33:54,00,Y,N,0,0,Y,,2022-06-09 开始转股,计算使用1.5年期 评级为A+ 债参考YTM：4.2244,N,6.35,全价：265.651 最后更新：15:33:54,,,,1,{'M': ''},0,0,N,,,buy,buy
2026-06-04 10:47:32,123222,博俊转债,bjzz,155.135,-1.16,300926,博俊科技,bjkj,19.9,-1.53,2.35,16.46,120.9,0,28.32,183.46,280205,汽车,szcy,C,2023-09-28,[],0,0,buy,A+,,11.522,21.398,4.1,buy,2029-09-08,3.266,2.439,4868.75,7247.94,12.83,-7.87,,0,15:34:09,00,Y,N,0,0,Y,,2024-03-14 开始转股,计算使用3.3年期 评级为A+ 债参考YTM：4.7722,N,5.0,全价：155.135 最后更新：15:34:09,,,,0,"{'G': '本次（2025年11月24日至2025年12月12日）不提前赎回，自2026年6月12日后首个交易日重新计算', 'M': ''}",0,0,N,,,buy,buy
2026-06-04 10:47:32,113043,财通转债,ctzz,122.764,-0.94,601108,财通证券,ctzq,7.68,-2.66,0.92,8.03,95.64,0,28.36,151.12,490101,非银金融,shmb,C,2020-12-28,[],0,0,buy,AAA,,,10.439,10.7,buy,2026-12-10,0.518,37.992,8451.75,33403.71,1.81,-26.51,,0,14:59:58,00,Y,Y,1,1,Y,转股价下修1次，成功下修1次,2021-06-16 开始转股,计算使用0.6年期 评级为AAA 债参考YTM：1.4212,N,38.0,全价：122.764 最后更新：14:59:58,,,,0,{'M': ''},0,0,N,,,buy,buy
2026-06-04 10:47:32,127037,银轮转债,ylzz,636.021,0.09,002126,银轮股份,ylgf,50.77,3.93,5.69,10.27,494.35,0,28.66,664.68,280203,汽车,szmb,C,2021-07-09,[],0,0,buy,AA,,7.189,13.351,1.3,buy,2027-06-07,1.008,5.055,28759.18,155166.9,8.93,-82.41,,0,15:34:00,00,Y,N,0,0,Y,,2021-12-13 开始转股,计算使用1.1年期 评级为AA 债参考YTM：1.5320,N,7.0,全价：636.021 最后更新：15:34:00,,,,1,{'M': ''},0,0,N,,,buy,buy
2026-06-04 10:47:32,113646,永吉转债,yjzz,151.246,-3.26,603058,永吉股份,yjgf,9.44,-1.77,3.27,8.05,117.27,0,28.98,180.23,360205,轻工制造,shmb,C,2022-05-17,[],0,0,buy,AA-,,5.635,10.465,3.5,buy,2028-04-14,1.863,1.372,6617.34,4279.55,31.52,-15.81,,0,14:59:54,00,Y,N,0,0,Y,,2022-10-20 开始转股,计算使用1.9年期 评级为AA- 债参考YTM：1.9740,N,1.459,全价：151.246 最后更新：14:59:54,,,,1,[],0,0,N,,,buy,buy
2026-06-04 10:47:32,123158,宙邦转债,zbzz,249.554,6.6,300037,新宙邦,xzb,78.3,10.2,5.26,40.49,193.38,0,29.05,278.6,630702,电力设备,szcy,C,2022-10-21,[],0,0,buy,AA,,28.343,52.637,4.2,buy,2028-09-26,2.315,18.046,134554.75,394519.17,30.59,-29.28,,0,15:34:09,00,Y,N,0,0,Y,,2023-03-30 开始转股,计算使用2.4年期 评级为AA 债参考YTM：1.7035,N,19.7,全价：249.554 最后更新：15:34:09,,,,0,"{'G': '本次（2025年12月25日至2026年1月22日）不提前赎回，自2026年7月22日后首个交易日重新计算', 'M': ''}",0,0,N,,,buy,buy
2026-06-04 10:47:32,127053,豪美转债,hmzz,203.774,-1.63,002988,豪美新材,hmxc,27.18,-3.99,2.49,17.23,157.75,0,29.18,232.95,240301,有色金属,szmb,C,2022-03-04,[],0,0,buy,AA-,,12.061,22.399,3.8,buy,2028-01-24,1.641,2.575,6553.3,12173.1,12.58,-27.65,,0,15:34:48,00,Y,N,1,1,Y,转股价下修1次，成功下修1次,2022-07-28 开始转股,计算使用1.7年期 评级为AA- 债参考YTM：1.9317,N,8.24,全价：203.774 最后更新：15:34:48,,,,1,{'G': '本次（2026年4月30日至2026年5月25日）不提前赎回，以2026年11月25日后首个交易日起重新计算'},0,0,N,,,buy,buy
2026-06-04 10:47:32,118060,瑞可转债,rkzz,236.27,4.94,688800,瑞可达,rkd,135.0,8.01,11.01,73.85,182.8,0,29.25,265.52,270401,电子,shkc,C,2025-12-12,[],0,0,buy,AA-,,51.695,96.005,3.6,buy,2031-11-14,5.449,9.999,87809.69,197723.82,37.82,-12.41,,0,15:00:00,00,Y,N,0,0,Y,,2026-05-20 开始转股,计算使用5.5年期 评级为AA- 债参考YTM：2.9382,N,10.0,全价：236.270 最后更新：15:00:00,,,,0,{'M': ''},0,0,N,,,buy,buy
2026-06-04 10:47:32,123209,聚隆转债,jlzz,177.31,-0.79,300644,南京聚隆,njjl,24.36,-0.53,2.41,17.77,137.09,0,29.34,206.65,220503,基础化工,szcy,C,2023-08-17,[],0,0,buy,A+,,12.439,23.101,7.8,buy,2029-07-26,3.145,1.672,3878.6,4481.73,13.04,-12.39,,0,15:34:24,00,Y,N,0,0,Y,,2024-02-01 开始转股,计算使用3.2年期 评级为A+ 债参考YTM：4.7555,N,2.185,全价：177.310 最后更新：15:34:24,,,,0,{'G': '本次（2026年1月26日至2026年2月13日）不提前赎回，自2026年8月13日后首个交易日重新计算'},0,0,N,,,buy,buy
2026-06-04 10:47:32,123258,胜蓝转02,slz2,215.5,-1.3,300843,胜蓝股份,slgf,90.37,5.07,8.97,54.36,166.24,0,29.63,245.13,270504,电子,szcy,C,2025-09-10,[],0,0,buy,AA-,,38.052,70.668,3.1,buy,2031-08-28,5.236,4.498,91800.2,62636.12,91.61,-11.05,,0,15:34:24,00,Y,N,0,0,Y,,2026-03-03 开始转股,计算使用5.3年期 评级为AA- 债参考YTM：2.7411,N,4.5,全价：215.500 最后更新：15:34:24,,,,0,"{'G': '本次（2026年4月22日至2026年5月19日）不提前赎回，自2026年8月19日后首个交易日重新计算', 'EX': '胜蓝投资控股有限公司竞价、大宗减持24.10% 2026年05月28日公告'}",0,0,N,,,buy,buy
2026-06-04 10:47:32,118056,路维转债,lwzz,288.698,-1.39,688401,路维光电,lwgd,72.7,1.39,8.12,32.7,222.32,0,29.85,318.55,270103,电子,shkc,C,2025-07-10,[],0,0,buy,AA-,,22.89,42.51,4.4,buy,2031-06-11,5.022,6.145,45524.77,61248.62,25.34,-16.79,,0,15:00:00,00,Y,N,0,0,N,2026-06-03 至 2026-06-09 期间暂停转股：权益分派,2025-12-17 开始转股;2026-06-03 至 2026-06-09 期间暂停转股：权益分派,计算使用5.1年期 评级为AA- 债参考YTM：2.6080,N,6.15,全价：288.698 最后更新：15:00:00,,,,0,"{'G': '本次（2026年4月9日至2026年4月29日）不提前赎回，以2026年7月30日为首个交易日重新计算', 'M': ''}",0,0,N,,,buy,buy
2026-06-04 10:47:32,110075,南航转债,nhzz,109.806,-0.58,600029,南方航空,nfhk,5.21,0.19,2.55,6.17,84.44,0,30.04,139.85,421001,交通运输,shmb,C,2020-11-03,[],0,0,buy,AAA,,4.319,8.021,8.4,buy,2026-10-15,0.364,58.959,10611.0,40304.05,1.64,-8.33,,0,14:59:57,00,Y,N,0,0,Y,,2021-04-21 开始转股,计算使用0.4年期 评级为AAA 债参考YTM：1.4254,N,160.0,全价：109.806 最后更新：14:59:57,,,,1,{'M': ''},0,0,N,,,buy,buy
2026-06-04 10:47:32,113686,泰瑞转债,trzz,157.515,-1.39,603289,XD泰瑞机,trjq,9.68,-2.91,1.9,8.0,121.0,0,30.18,187.7,640209,机械设备,shmb,C,2024-07-24,[],0,0,buy,AA-,,5.6,10.4,11.8,buy,2030-07-02,4.08,3.363,11468.01,10037.36,21.38,-6.58,,0,14:59:57,00,Y,N,0,0,Y,,2025-01-08 开始转股,计算使用4.1年期 评级为AA- 债参考YTM：2.4746,N,3.378,全价：157.515 最后更新：14:59:57,,,,0,{'G': '本次（2026年5月6日至2026年5月26日）不提前赎回，自2026年8月26日之后的首个交易日重新起算'},0,0,N,,,buy,buy
2026-06-04 10:47:32,123211,阳谷转债,ygzz,175.91,-1.9,300121,阳谷华泰,yght,12.42,1.8,1.51,9.2,135.0,0,30.3,206.21,220604,基础化工,szcy,C,2023-08-14,[],0,0,buy,AA-,,6.44,11.96,5.8,buy,2029-07-27,3.148,3.07,16888.76,22180.16,30.65,-11.78,,0,15:34:27,00,Y,N,0,0,Y,,2024-02-02 开始转股,计算使用3.2年期 评级为AA- 债参考YTM：2.4015,N,6.5,全价：175.910 最后更新：15:34:27,,,,0,{'G': '本次（2025年12月15日至2026年1月6日）不提前赎回，2026年7月6日后首个交易日重新计算'},0,0,N,,,buy,buy
2026-06-04 10:47:32,127108,太能转债,tnzz,131.399,-0.23,000591,太阳能,tyn,5.59,0.54,0.91,5.55,100.72,0,30.46,161.86,410106,公用事业,szmb,C,2025-04-16,[],0,0,buy,AA+,,3.885,7.215,13.5,buy,2031-03-28,4.816,29.498,17322.57,69816.67,4.47,-2.44,,0,15:34:00,00,Y,N,0,0,Y,,2025-10-09 开始转股,计算使用4.9年期 评级为AA+ 债参考YTM：1.7848,N,29.5,全价：131.399 最后更新：15:34:00,,,,0,"{'M': '', 'EX': '中国节能环保集团有限公司竞价、大宗减持12.64% 2026年05月29日公告'}",0,0,N,,,buy,buy
2026-06-04 10:47:32,113066,平煤转债,pmzz,160.171,3.75,601666,平煤股份,pmgf,9.22,10.02,0.91,7.52,122.61,0,30.64,190.81,740102,煤炭,shmb,C,2023-04-10,[],0,0,buy,AAA,,5.264,9.776,6.3,buy,2029-03-16,2.784,14.274,74743.34,98180.51,32.79,-12.84,,0,15:00:00,00,Y,N,1,1,Y,转股价下修1次，成功下修1次,2023-09-22 开始转股,计算使用2.8年期 评级为AAA 债参考YTM：1.6005,N,29.0,全价：160.171 最后更新：15:00:00,,,,0,{'M': ''},0,0,N,,,buy,buy
2026-06-04 10:47:32,127095,广泰转债,gtzz,143.169,-1.56,002111,威海广泰,whgt,9.91,-1.69,1.66,9.07,109.26,0,31.03,174.2,650201,国防军工,szmb,C,2023-11-10,[],0,0,buy,AA-,,6.349,11.791,14.3,buy,2029-10-18,3.375,6.927,3825.77,5130.63,3.84,-5.36,,0,15:34:33,00,Y,N,0,0,Y,,2024-04-24 开始转股,计算使用3.4年期 评级为AA- 债参考YTM：2.4280,N,7.0,全价：143.169 最后更新：15:34:33,,,,0,[],0,0,N,,,buy,buy
2026-06-04 10:47:32,113695,华辰转债,hczz,147.191,-1.72,603097,江苏华辰,jshc,26.36,-2.77,3.83,23.48,112.27,0,31.11,178.3,630801,电力设备,shmb,C,2025-07-10,[],0,0,buy,A+,,16.436,30.524,10.9,buy,2031-06-20,5.047,4.597,6364.9,7695.75,9.36,-4.21,,0,14:59:59,00,Y,N,0,0,Y,,2025-12-26 开始转股,计算使用5.1年期 评级为A+ 债参考YTM：4.9572,N,4.6,全价：147.191 最后更新：14:59:59,,,,0,[],0,0,N,,,buy,buy
2026-06-04 10:47:32,113688,国检转债,gjzz,145.227,0.04,603060,国检集团,gjjt,7.21,2.41,2.78,6.52,110.58,0,31.33,176.56,460802,社会服务,shmb,C,2024-11-12,[],0,0,buy,AA+,,4.564,8.476,13.8,buy,2030-10-17,4.373,7.998,6759.72,18503.44,5.82,-5.03,,0,14:59:59,00,Y,N,0,0,Y,,2025-04-23 开始转股,计算使用4.4年期 评级为AA+ 债参考YTM：1.7575,N,8.0,全价：145.227 最后更新：14:59:59,,,,0,[],0,0,N,,,buy,buy
2026-06-04 10:47:32,128134,鸿路转债,hlzz,116.611,-0.25,002541,鸿路钢构,hlgg,19.5,1.88,1.33,21.99,88.68,0,31.5,148.11,620401,建筑装饰,szmb,C,2020-11-02,[],0,0,buy,AA,,15.393,28.587,16.3,buy,2026-10-09,0.348,15.726,4405.25,13501.54,2.4,-16.42,,0,15:34:51,00,Y,N,1,1,Y,转股价下修1次，成功下修1次,2021-04-15 开始转股,计算使用0.4年期 评级为AA 债参考YTM：1.4718,N,18.8,全价：116.611 最后更新：15:34:51,,,,0,{'M': ''},0,0,N,,,buy,buy
2026-06-04 10:47:32,113680,丽岛转债,ldzz,148.127,-1.41,603937,丽岛新材,ldxc,14.54,-2.81,1.93,12.91,112.63,0,31.52,179.65,240301,有色金属,shmb,C,2023-12-05,[],0,0,buy,A+,,9.037,16.783,9.9,buy,2029-11-15,3.452,2.998,4659.97,9015.87,10.51,-5.97,,0,14:59:52,00,Y,N,0,0,Y,,2024-05-21 开始转股,计算使用3.5年期 评级为A+ 债参考YTM：4.7921,N,3.0,全价：148.127 最后更新：14:59:52,,,,0,[],0,0,N,,,buy,buy
2026-06-04 10:47:32,110076,华海转债,hhzz,119.209,-0.92,600521,华海药业,hhyy,15.04,-2.02,2.29,16.6,90.6,0,31.57,150.78,370102,医药生物,shmb,C,2020-11-25,[],0,0,buy,AA,,11.62,21.58,8.2,buy,2026-11-02,0.414,18.424,3954.32,23364.02,1.8,-18.67,,0,14:58:38,00,Y,N,1,1,Y,转股价下修1次，成功下修1次,2021-05-06 开始转股,计算使用0.5年期 评级为AA 债参考YTM：1.4778,N,18.426,全价：119.209 最后更新：14:58:38,,,,1,{'M': ''},0,0,N,,,buy,buy
2026-06-04 10:47:32,118030,睿创转债,rczz,411.597,-5.14,688002,睿创微纳,rcwn,121.98,0.06,7.77,39.12,311.81,0,32.0,443.6,650501,国防军工,shkc,C,2023-02-10,[],0,0,buy,AA,,27.384,50.856,2.2,buy,2028-12-30,2.575,12.622,42308.93,120176.58,7.98,-39.78,,0,15:00:00,00,Y,N,0,0,Y,,2023-07-06 开始转股,计算使用2.6年期 评级为AA 债参考YTM：1.7363,N,15.647,全价：411.597 最后更新：15:00:00,,,,0,"{'G': '本次（2026年3月18日至2026年4月8日）不提前赎回，以2027年4月9日为首个交易日重新计算', 'M': ''}",0,0,N,,,buy,buy
2026-06-04 10:47:32,118058,微导转债,wdzz,354.843,-0.98,688147,微导纳米,wdnm,89.81,2.85,13.85,33.43,268.65,0,32.08,386.92,630505,电力设备,shkc,C,2025-08-27,[],0,0,buy,AA,,23.401,43.459,2.8,buy,2031-08-06,5.175,11.7,90651.67,92327.84,21.65,-19.9,,0,15:00:00,00,Y,N,0,0,Y,,2026-02-12 开始转股,计算使用5.2年期 评级为AA 债参考YTM：2.0014,N,11.7,全价：354.843 最后更新：15:00:00,,,,0,"{'G': '本次（2026年2月12日至2026年3月12日）不提前赎回，以2026年9月13日为首个交易日重新计算', 'M': ''}",0,0,N,,,buy,buy
2026-06-04 10:47:32,113054,绿动转债,ldzz,131.749,-2.11,601330,绿色动力,lsdl,8.86,-6.64,1.49,8.89,99.66,0,32.2,163.95,760103,环保,shmb,C,2022-03-23,[],0,0,buy,AA+,,6.223,11.557,26.9,buy,2028-02-25,1.729,23.598,7444.65,34991.72,2.38,-9.63,,0,14:59:46,00,Y,N,0,0,Y,,2022-09-05 开始转股,计算使用1.8年期 评级为AA+ 债参考YTM：1.5659,N,23.6,全价：131.749 最后更新：14:59:46,,,,1,[],0,0,N,,,buy,buy
2026-06-04 10:47:32,127030,盛虹转债,shzz,116.406,-1.82,000301,东方盛虹,dfsh,11.62,-2.19,2.16,13.21,87.96,0,32.33,148.74,750301,石油石化,szmb,C,2021-04-21,[],0,0,buy,AA+,,9.247,17.173,6.5,buy,2027-03-22,0.797,49.974,8846.98,22189.28,1.51,-9.06,,0,15:34:33,00,Y,N,0,0,Y,,2021-09-27 开始转股,计算使用0.8年期 评级为AA+ 债参考YTM：1.4601,N,50.0,全价：116.406 最后更新：15:34:33,,,,1,{'M': ''},0,0,N,,,buy,buy
2026-06-04 10:47:32,113052,兴业转债,xyzz,117.367,-0.18,601166,兴业银行,xyyh,18.29,-1.08,0.42,20.63,88.66,0,32.38,149.75,480301,银行,shmb,C,2022-01-14,[],0,0,buy,AAA,,,26.819,10.7,buy,2027-12-27,1.564,413.5,31938.82,141789.02,0.66,-3.38,,0,14:59:55,00,Y,Y,0,0,Y,,2022-06-30 开始转股,计算使用1.6年期 评级为AAA 债参考YTM：1.4982,N,500.0,全价：117.367 最后更新：14:59:55,,,,0,{'M': ''},0,0,N,,,buy,buy
2026-06-04 10:47:32,123149,通裕转债,tyzz,131.953,-1.45,300185,通裕重工,tyzg,2.7,-2.53,1.5,2.71,99.63,0,32.44,164.39,630602,电力设备,szcy,C,2022-07-15,[],0,0,buy,AA,,1.897,3.523,10.7,buy,2028-06-20,2.047,11.069,8664.21,26333.97,5.9,-6.51,,0,15:34:06,00,Y,N,0,0,Y,,2022-12-26 开始转股,计算使用2.1年期 评级为AA 债参考YTM：1.6582,N,14.847,全价：131.953 最后更新：15:34:06,,,,0,{'M': ''},0,0,N,,,buy,buy
2026-06-04 10:47:32,110092,三房转债,sfzz,62.028,-3.59,600370,*ST三房,sfx,1.4,-4.76,1.09,3.02,46.36,0,33.8,95.83,220401,基础化工,shmb,C,2023-02-07,[],0,0,buy,A+,,2.114,3.926,37.6,buy,2029-01-06,2.595,21.185,22930.1,11050.16,17.15,26.76,,0,14:59:59,00,Y,N,0,0,Y,,2023-07-12 开始转股,计算使用2.6年期 评级为A+ 债参考YTM：4.5426,N,25.0,全价：62.028 最后更新：14:59:59,,,,0,[],0,0,N,,,buy,buy
2026-06-04 10:47:32,118059,颀中转债,qzzz,210.022,-5.57,688352,颀中科技,qzkj,21.56,-6.1,4.4,13.75,156.8,0,33.94,243.96,270107,电子,shkc,C,2025-11-21,[],0,0,buy,AA+,,9.625,17.875,10.8,buy,2031-11-03,5.419,8.499,81545.96,121406.01,44.24,-11.02,,0,15:00:00,00,Y,N,0,0,N,2026-05-28 至 2026-06-04 期间暂停转股：权益分派,2026-05-07 开始转股;2026-05-28 至 2026-06-04 期间暂停转股：权益分派,计算使用5.5年期 评级为AA+ 债参考YTM：1.8366,N,8.5,全价：210.022 最后更新：15:00:00,,,,0,"{'M': '', 'EX': '合肥颀中科技控股有限公司大宗减持8.96% 2026年06月04日公告\n合肥芯屏产业投资基金（有限合伙）大宗减持2.81% 2026年06月04日公告'}",0,0,N,,,buy,buy
2026-06-04 10:47:32,111022,锡振转债,xzzz,162.109,-0.55,605319,无锡振华,wxzh,27.3,2.32,3.32,22.64,120.58,0,34.44,196.55,280205,汽车,shmb,C,2025-07-14,[],0,0,buy,AA-,,15.848,29.432,5.5,buy,2031-06-18,5.041,5.197,12970.4,20836.59,15.36,-6.23,,0,14:59:54,00,Y,N,0,0,N,2026-06-01 至 2026-06-09 期间暂停转股：权益分派,2025-12-24 开始转股;2026-06-01 至 2026-06-09 期间暂停转股：权益分派,计算使用5.1年期 评级为AA- 债参考YTM：2.6080,N,5.2,全价：162.109 最后更新：14:59:54,,,,0,[],0,0,N,,,buy,buy
2026-06-04 10:47:32,123150,九强转债,jqzz,135.585,-0.65,300406,九强生物,jqsw,11.69,-0.76,1.76,11.6,100.78,0,34.54,170.13,370504,医药生物,szcy,C,2022-07-20,[],0,0,buy,AA-,,8.12,15.08,22.6,buy,2028-06-30,2.074,11.21,3542.68,3415.76,2.33,-8.28,,0,15:34:09,00,Y,N,1,1,Y,转股价下修1次，成功下修1次,2023-01-06 开始转股,计算使用2.1年期 评级为AA- 债参考YTM：2.0188,N,11.39,全价：135.585 最后更新：15:34:09,,,,0,{'M': ''},0,0,N,,,buy,buy
2026-06-04 10:47:32,118013,道通转债,dtzz,186.91,-6.7,688208,道通科技,dtkj,29.75,-3.28,4.93,21.48,138.5,0,34.95,221.86,710103,计算机,shkc,C,2022-07-28,[],0,0,buy,AA,,15.036,27.924,6.4,buy,2028-07-08,2.096,12.796,22826.5,40721.29,9.33,-19.92,,0,14:59:58,00,Y,N,0,0,Y,,2023-01-16 开始转股,计算使用2.1年期 评级为AA 债参考YTM：1.6582,N,12.8,全价：186.910 最后更新：14:59:58,,,,0,"{'G': '本次（2026年1月5日至2026年1月23日）不提前赎回，以2026年7月24日为首个交易日重新计算', 'M': ''}",0,0,N,,,buy,buy
2026-06-04 10:47:32,128125,华阳转债,hyzz,112.939,0.03,002949,华阳国际,hygj,11.82,-1.58,1.46,14.19,83.3,0,35.58,148.52,620601,建筑装饰,szmb,C,2020-08-21,[],0,0,buy,AA-,,9.933,18.447,25.0,buy,2026-07-30,0.153,4.496,5699.23,2284.15,11.23,0.36,,0,15:34:12,00,Y,N,2,2,Y,转股价下修2次，成功下修2次,2021-02-05 开始转股,计算使用0.2年期 评级为AA- 债参考YTM：1.6609,N,4.5,全价：112.939 最后更新：15:34:12,,,,1,[],0,0,N,,,buy,buy
2026-06-04 10:47:32,127082,亚科转债,ykzz,136.069,-2.07,002540,亚太科技,ytkj,5.3,-2.75,1.17,5.29,100.19,0,35.81,171.88,240301,有色金属,szmb,C,2023-04-27,[],0,0,buy,AA,,3.703,6.877,25.5,buy,2029-03-09,2.764,11.585,8719.88,5973.4,5.51,-5.9,,0,15:33:54,00,Y,N,0,0,Y,,2023-09-15 开始转股,计算使用2.8年期 评级为AA 债参考YTM：1.7696,N,11.59,全价：136.069 最后更新：15:33:54,,,,0,{'G': '本次（2025年11月6日至2025年12月4日）不提前赎回，以2026年6月4日后的首个交易日重新计算'},0,0,N,,,buy,buy
2026-06-04 10:47:32,123080,海波转债,hbzz,133.8,-1.11,300517,海波重科,hbzk,11.11,-0.45,2.08,11.28,98.49,0,35.85,169.65,620401,建筑装饰,szcy,C,2020-12-22,[],0,0,buy,A+,,7.896,14.664,10.6,buy,2026-12-02,0.496,1.486,3084.85,5658.09,15.46,-20.91,,0,15:34:48,00,Y,N,0,0,Y,,2021-06-08 开始转股,计算使用0.5年期 评级为A+ 债参考YTM：4.0578,N,2.45,全价：133.800 最后更新：15:34:48,,,,1,[],0,0,N,,,buy,buy
2026-06-04 10:47:32,127088,赫达转债,hdzz,176.654,-5.52,002810,山东赫达,sdhd,21.77,-4.31,3.3,16.76,129.89,0,36.0,212.65,220309,基础化工,szmb,C,2023-07-19,[],0,0,buy,AA-,,11.732,21.788,8.5,buy,2029-07-03,3.082,5.996,19468.78,27973.47,18.33,-12.14,,0,15:34:51,00,Y,N,0,0,Y,,2024-01-08 开始转股,计算使用3.1年期 评级为AA- 债参考YTM：2.3802,N,6.0,全价：176.654 最后更新：15:34:51,,,,0,"{'G': '本次（2026年3月30日至2026年4月20日）不提前赎回，自2026年10月21日起重新计算', 'M': ''}",0,0,N,,,buy,buy
2026-06-04 10:47:32,118031,天23转债,t23zz,122.641,-0.83,688599,天合光能,thgn,14.42,-0.41,1.63,16.0,90.13,0,36.08,158.72,630502,电力设备,shkc,C,2023-03-15,[],0,0,buy,AA,,11.2,20.8,17.3,buy,2029-02-13,2.699,58.512,13045.75,47744.31,1.81,-1.35,,0,14:59:58,00,Y,N,2,2,Y,转股价下修2次，成功下修2次,2023-08-17 开始转股,计算使用2.7年期 评级为AA 债参考YTM：1.7530,N,88.648,全价：122.641 最后更新：14:59:58,,,,0,{'M': ''},0,0,N,,,buy,buy
2026-06-04 10:47:32,118007,山石转债,sszz,141.355,-1.94,688030,山石网科,sswk,17.11,-4.31,4.42,16.5,103.7,0,36.32,177.68,710402,计算机,shkc,C,2022-04-21,[],0,0,buy,A-,,11.55,21.45,8.7,buy,2028-03-22,1.8,2.671,5397.92,5677.51,14.27,-10.31,,0,14:59:06,00,Y,N,1,1,Y,转股价下修1次，成功下修1次,2022-09-28 开始转股,计算使用1.8年期 评级为A- 债参考YTM：8.9916,N,2.674,全价：141.355 最后更新：14:59:06,,,,1,{'M': ''},0,0,N,,,buy,buy
2026-06-04 10:47:32,127080,声迅转债,sxzz,289.554,6.5,003004,声迅股份,sxgf,61.4,-4.79,7.17,28.94,212.16,0,36.48,326.03,710102,计算机,szmb,C,2023-02-10,[],0,0,buy,A,,20.258,37.622,6.6,buy,2028-12-30,2.575,2.793,285385.74,48349.29,354.66,-29.59,,0,15:34:51,00,Y,N,0,0,Y,,2023-07-07 开始转股,计算使用2.6年期 评级为A 债参考YTM：6.8926,N,2.8,全价：289.554 最后更新：15:34:51,,,,0,{'G': '本次（2026年5月8日至2026年5月29日）不提前赎回，以2026年8月31日重新计算'},0,0,N,,,buy,buy
2026-06-04 10:47:32,111002,特纸转债,tzzz,136.577,-1.67,605007,五洲特纸,wztz,13.41,-2.69,1.7,13.49,99.41,0,37.39,173.97,360103,轻工制造,shmb,C,2021-12-30,[],0,0,buy,AA,,9.443,17.537,12.3,buy,2027-12-08,1.512,6.619,6507.79,6259.94,7.18,-11.49,,0,14:59:52,00,Y,N,1,1,Y,转股价下修1次，成功下修1次,2022-06-14 开始转股,计算使用1.6年期 评级为AA 债参考YTM：1.5964,N,6.7,全价：136.577 最后更新：14:59:52,,,,1,[],0,0,N,,,buy,buy
2026-06-04 10:47:32,110097,天润转债,trzz,139.268,-1.15,600419,天润乳业,trry,8.25,-2.14,1.05,8.19,100.73,0,38.26,177.53,340702,食品饮料,shmb,C,2024-11-15,[],0,0,buy,AA,,5.733,10.647,38.0,buy,2030-10-24,4.392,9.89,2632.9,4782.11,1.91,-4.39,,0,14:59:53,00,Y,N,0,0,Y,,2025-04-30 开始转股,计算使用4.4年期 评级为AA 债参考YTM：1.9473,N,9.9,全价：139.268 最后更新：14:59:53,,,,0,[],0,0,N,,,buy,buy
2026-06-04 10:47:32,118034,晶能转债,jnzz,120.852,-1.37,688223,晶科能源,jkny,5.55,0.54,2.21,6.35,87.4,0,38.27,159.12,630502,电力设备,shkc,C,2023-05-19,[],0,0,buy,AA+,,4.445,7.62,14.6,buy,2029-04-20,2.88,83.22,24034.48,60709.73,2.38,-2.86,,0,14:59:48,00,Y,N,1,1,Y,转股价下修1次，成功下修1次,2023-10-26 开始转股,计算使用2.9年期 评级为AA+ 债参考YTM：1.6633,N,100.0,全价：120.852 最后更新：14:59:48,,,,0,{'M': ''},0,0,N,120%,,buy,buy
2026-06-04 10:47:32,123189,晓鸣转债,xmzz,138.678,-0.42,300967,晓鸣股份,xmgf,19.07,-1.14,4.56,19.09,99.9,0,38.82,177.5,110703,农林牧渔,szcy,C,2023-04-25,[],0,0,buy,A,,13.363,24.817,13.8,buy,2029-04-06,2.841,3.286,25742.44,38000.92,55.75,-5.83,,0,15:34:00,00,Y,N,0,0,Y,,2023-10-12 开始转股,计算使用2.9年期 评级为A 债参考YTM：7.0153,N,3.29,全价：138.678 最后更新：15:34:00,,,,0,{'M': ''},0,0,N,,,buy,buy
2026-06-04 10:47:32,113678,中贝转债,zbzz,154.592,-3.78,603220,中贝通信,zbtx,22.87,-0.48,3.12,20.54,111.34,0,38.84,193.43,730103,通信,shmb,C,2023-11-21,[],0,0,buy,A+,,14.378,26.702,5.1,buy,2029-10-19,3.378,5.108,16541.03,47609.23,20.52,-7.27,,0,14:59:59,00,Y,N,2,1,Y,转股价下修2次，成功下修1次,2024-04-25 开始转股,计算使用3.4年期 评级为A+ 债参考YTM：4.7839,N,5.17,全价：154.592 最后更新：14:59:59,,,,0,"{'G': '本次（2026年3月16日至2026年4月27日）不提前赎回，以2026年7月28日起算', 'M': ''}",0,0,N,,,buy,buy
2026-06-04 10:47:32,127105,龙星转债,lxzz,132.086,-1.28,002442,龙星科技,lxkj,5.49,-1.61,1.5,5.8,94.66,0,39.54,171.63,220603,基础化工,szmb,C,2024-03-06,[],0,0,buy,AA-,,4.06,7.54,27.9,buy,2030-01-31,3.663,7.54,10012.6,14736.57,10.04,-2.79,,0,15:34:30,00,Y,N,0,0,Y,,2024-08-07 开始转股,计算使用3.7年期 评级为AA- 债参考YTM：2.4453,N,7.54,全价：132.086 最后更新：15:34:30,,,,0,[],0,0,N,,,buy,buy
2026-06-04 10:47:32,128121,宏川转债,hczz,108.053,-0.47,002930,宏川智慧,hczh,9.79,-3.74,2.13,12.65,77.39,0,39.62,147.67,420806,交通运输,szmb,C,2020-08-07,[],0,0,buy,AA-,,8.855,16.445,15.2,buy,2026-07-17,0.118,6.466,3966.46,15000.92,5.67,-0.43,,0,15:34:06,00,Y,N,2,2,Y,转股价下修2次，成功下修2次,2021-01-25 开始转股,计算使用0.2年期 评级为AA- 债参考YTM：1.6609,N,6.7,全价：108.053 最后更新：15:34:06,,,,0,{'M': ''},0,0,N,,,buy,buy
2026-06-04 10:47:32,110098,南药转债,nyzz,135.818,-1.16,600713,南京医药,njyy,4.97,-1.58,0.88,5.12,97.07,0,39.92,175.74,370402,医药生物,shmb,C,2025-01-20,[],0,0,buy,AA+,,3.584,6.656,16.9,buy,2030-12-25,4.562,10.814,4139.38,4054.92,2.81,-4.15,,0,14:58:21,00,Y,N,0,0,Y,,2025-07-01 开始转股,计算使用4.6年期 评级为AA+ 债参考YTM：1.7685,N,10.815,全价：135.818 最后更新：14:58:21,,,,0,[],0,0,N,,,buy,buy
2026-06-04 10:47:32,113658,密卫转债,mwzz,137.801,-4.1,603713,密尔克卫,mekw,53.07,-6.44,1.7,54.72,96.99,0,42.09,179.89,420806,交通运输,shmb,C,2022-10-25,[],0,0,buy,AA-,,38.304,71.136,10.4,buy,2027-09-16,1.285,8.719,8493.56,33385.03,7.01,-14.17,,0,14:59:54,00,Y,N,1,1,Y,转股价下修1次，成功下修1次,2023-03-22 开始转股,计算使用1.3年期 评级为AA- 债参考YTM：1.8475,N,8.724,全价：137.801 最后更新：14:59:54,,,,1,{'M': ''},0,0,N,,,buy,buy
2026-06-04 10:47:32,123172,漱玉转债,syzz,134.696,-0.67,301017,漱玉平民,sypm,14.13,-1.74,2.67,14.91,94.77,0,42.13,176.83,370403,医药生物,szcy,C,2023-01-06,[],0,0,buy,AA-,,10.437,19.383,21.8,buy,2028-12-15,2.534,7.96,7183.79,7757.16,6.7,-5.66,,0,15:34:15,00,Y,N,1,1,Y,转股价下修1次，成功下修1次,2023-06-21 开始转股,计算使用2.6年期 评级为AA- 债参考YTM：2.1999,N,8.0,全价：134.696 最后更新：15:34:15,,,,0,{'M': ''},0,0,N,,,buy,buy
2026-06-04 10:47:32,123255,鼎龙转债,dlzz,367.311,3.7,300054,鼎龙股份,dlgf,73.39,4.25,12.7,28.48,257.69,0,42.54,409.85,270601,电子,szcy,C,2025-04-23,[],0,0,buy,AA,,19.936,37.024,1.7,buy,2031-04-02,4.83,9.096,67432.24,281920.76,20.55,-21.69,,0,15:34:48,00,Y,N,0,0,Y,,2025-10-09 开始转股,计算使用4.9年期 评级为AA 债参考YTM：1.9742,N,9.1,全价：367.311 最后更新：15:34:48,,,,0,"{'G': '本次（2026年4月8日至2026年4月28日）不提前赎回，自2026年10月28日后首个交易日重新计算', 'M': ''}",0,0,N,,,buy,buy
2026-06-04 10:47:32,123155,中陆转债,zlzz,140.341,2.07,301040,中环海陆,zhhl,31.26,8.65,4.04,31.76,98.43,0,42.59,182.93,630602,电力设备,szcy,C,2022-08-31,[],0,0,buy,A+,,22.232,41.288,12.2,buy,2028-08-12,2.192,3.6,11309.58,17575.46,22.54,-7.31,,0,15:34:48,00,Y,N,0,0,Y,,2023-02-20 开始转股,计算使用2.2年期 评级为A+ 债参考YTM：4.3885,N,3.6,全价：140.341 最后更新：15:34:48,,,,0,{'M': ''},0,0,N,,,buy,buy
2026-06-04 10:47:32,123171,共同转债,gtzz,135.73,-1.67,300966,共同药业,gtyy,25.81,-2.64,3.59,27.12,95.17,0,42.62,178.35,370101,医药生物,szcy,C,2022-12-16,[],0,0,buy,A,,18.984,35.256,19.2,buy,2028-11-28,2.488,3.799,3367.04,5549.6,6.51,-5.16,,0,15:34:51,00,Y,N,0,0,Y,,2023-06-02 开始转股,计算使用2.5年期 评级为A 债参考YTM：6.8509,N,3.8,全价：135.730 最后更新：15:34:51,,,,0,{'M': ''},0,0,N,,,buy,buy
2026-06-04 10:47:32,118012,微芯转债,wxzz,145.193,-1.84,688321,微芯生物,wxsw,25.76,-3.12,4.42,25.34,101.66,0,42.83,188.02,370102,医药生物,shkc,C,2022-07-28,[],0,0,buy,A+,,17.738,32.942,4.8,buy,2028-07-05,2.088,4.996,3245.08,21285.8,4.45,-9.19,,0,14:59:51,00,Y,N,0,0,Y,,2023-01-11 开始转股,计算使用2.1年期 评级为A+ 债参考YTM：4.3589,N,5.0,全价：145.193 最后更新：14:59:51,,,,0,{'M': ''},0,0,N,,,buy,buy
2026-06-04 10:47:32,111017,蓝天转债,ltzz,126.775,-1.01,605368,蓝天燃气,ltrq,7.06,-1.26,1.5,7.98,88.47,0,43.3,170.08,410301,公用事业,shmb,C,2023-09-08,[],0,0,buy,AA,,5.586,10.374,13.3,buy,2029-08-15,3.2,6.715,4169.87,2701.2,4.88,-3.25,,0,14:59:50,00,Y,N,0,0,Y,,2024-02-21 开始转股,计算使用3.2年期 评级为AA 债参考YTM：1.8301,N,8.7,全价：126.775 最后更新：14:59:50,,,,0,[],0,0,N,,,buy,buy
2026-06-04 10:47:32,123064,万孚转债,wfzz,110.39,-0.47,300482,万孚生物,wfsw,16.07,-3.89,1.36,20.88,76.96,0,43.43,153.82,370504,医药生物,szcy,C,2020-09-23,[],0,0,buy,AA,,14.616,27.144,8.6,buy,2026-09-01,0.244,5.976,2772.28,10315.48,4.19,-1.45,,0,15:34:48,00,Y,N,3,3,Y,转股价下修3次，成功下修3次,2021-03-08 开始转股,计算使用0.3年期 评级为AA 债参考YTM：1.4628,N,6.0,全价：110.390 最后更新：15:34:48,,,,1,{'M': ''},0,0,N,,,buy,buy
2026-06-04 10:47:32,111020,合顺转债,hszz,140.5,-2.98,605166,聚合顺,jhs,10.35,-5.91,1.62,10.59,97.73,0,43.76,184.26,220406,基础化工,shmb,C,2024-08-15,[],0,0,buy,AA-,,7.413,13.767,10.4,buy,2030-07-22,4.134,3.38,5307.29,12908.69,11.05,-3.87,,0,14:59:58,00,Y,N,0,0,Y,,2025-01-27 开始转股,计算使用4.2年期 评级为AA- 债参考YTM：2.4855,N,3.38,全价：140.500 最后更新：14:59:58,,,,0,[],0,0,N,,,buy,buy
2026-06-04 10:47:32,127064,杭氧转债,hyzz,139.8,-0.43,002430,杭氧股份,hygf,25.22,1.61,2.43,25.97,97.11,0,43.96,183.76,220309,基础化工,szmb,C,2022-07-05,[],0,0,buy,AA+,,18.179,33.761,4.6,buy,2028-05-19,1.959,11.364,7267.39,39419.08,4.56,-11.7,,0,15:34:21,00,Y,N,1,1,Y,转股价下修1次，成功下修1次,2022-11-25 开始转股,计算使用2.0年期 评级为AA+ 债参考YTM：1.5849,N,11.37,全价：139.800 最后更新：15:34:21,,,,1,{'M': ''},0,0,N,,,buy,buy
2026-06-04 10:47:32,111004,明新转债,mxzz,131.997,-0.54,605068,明新旭腾,mxxt,22.35,1.41,2.15,24.41,91.56,0,44.16,176.16,280202,汽车,shmb,C,2022-04-25,[],0,0,buy,AA-,,17.087,31.733,18.5,buy,2028-03-30,1.822,6.715,7846.93,4472.45,8.88,-6.26,,0,14:59:33,00,Y,N,0,0,Y,,2022-10-10 开始转股,计算使用1.9年期 评级为AA- 债参考YTM：1.9740,N,6.73,全价：131.997 最后更新：14:59:33,,,,1,[],0,0,N,,,buy,buy
2026-06-04 10:47:32,118035,国力转债,glzz,142.825,-0.83,688103,国力电子,gldz,61.95,0.1,5.13,62.54,99.06,0,44.19,187.02,270401,电子,shkc,C,2023-07-06,[],0,0,buy,A+,,43.778,81.302,8.1,buy,2029-06-12,3.025,4.8,5053.13,11148.94,7.33,-5.9,,0,14:59:52,00,Y,N,0,0,Y,,2023-12-18 开始转股,计算使用3.1年期 评级为A+ 债参考YTM：4.7325,N,4.8,全价：142.825 最后更新：14:59:52,,,,0,{'M': ''},0,0,N,,,buy,buy
2026-06-04 10:47:32,110081,闻泰转债,wtzz,90.851,-1.07,600745,*ST闻泰,wtkj,20.57,-4.99,1.05,32.66,62.98,0,44.25,135.1,270102,电子,shmb,C,2021-08-20,[],0,0,buy,BBB+,,22.862,42.458,33.6,buy,2027-07-28,1.148,85.957,22138.34,12485.99,2.83,18.3,,0,14:59:58,00,Y,N,3,2,Y,转股价下修3次，成功下修2次,2022-02-07 开始转股,计算使用1.2年期 评级为BBB+ 债参考YTM：11.9302,Y,86.0,全价：90.851 最后更新：14:59:58,,,"按下调到底估算
股东大会：2026-06-16
预估转股价：20.57
预估转股价值：100.00
期权价值：20.90
理论价值：117.59
理论偏离度：-29.43%",1,[],0,0,N,,,buy,buy
2026-06-04 10:47:32,123259,锦浪转02,jlz02,211.38,-0.76,300763,锦浪科技,jlkj,105.9,-3.27,4.63,72.35,146.37,0,44.41,255.79,630503,电力设备,szcy,C,2025-11-06,[],0,0,buy,AA,,50.645,94.055,4.9,buy,2031-10-17,5.373,16.763,25521.23,170439.6,7.21,-10.94,,0,15:34:51,00,Y,N,1,1,Y,转股价下修1次，成功下修1次,2026-04-23 开始转股,计算使用5.4年期 评级为AA 债参考YTM：2.0346,N,16.766,全价：211.380 最后更新：15:34:51,,,,0,"{'G': '本次（2026年4月23日至2026年5月20日）不提前赎回，以2027年5月21日为首个交易日重新计算', 'M': ''}",0,0,N,,,buy,buy
2026-06-04 10:47:32,123237,佳禾转债,jhzz,140.23,-2.14,300793,佳禾智能,jhzn,13.02,-2.76,1.75,13.46,96.73,0,44.97,185.2,270504,电子,szcy,C,2024-01-24,[],0,0,buy,A+,,9.422,17.498,8.9,buy,2030-01-04,3.589,4.315,3342.62,9091.51,5.49,-4.94,,0,15:34:15,00,Y,N,1,1,Y,转股价下修1次，成功下修1次,2024-07-10 开始转股,计算使用3.6年期 评级为A+ 债参考YTM：4.7979,N,10.04,全价：140.230 最后更新：15:34:15,,,,0,[],0,0,N,,,buy,buy
2026-06-04 10:47:32,113649,丰山转债,fszz,135.515,-1.25,603810,丰山集团,fsjt,12.79,-2.59,1.3,13.73,93.15,0,45.47,180.99,220803,基础化工,shmb,C,2022-07-21,[],0,0,buy,AA-,,9.611,17.849,21.6,buy,2028-06-27,2.066,4.577,4169.98,2722.11,6.72,-6.42,,0,14:58:52,00,Y,N,0,0,N,2026-06-03 至 2026-06-09 期间暂停转股：权益分派,2023-01-03 开始转股;2026-06-03 至 2026-06-09 期间暂停转股：权益分派,计算使用2.1年期 评级为AA- 债参考YTM：2.0188,N,5.0,全价：135.515 最后更新：14:58:52,,,,0,[],0,0,N,,,buy,buy
2026-06-04 10:47:32,127045,牧原转债,myzz,118.0,-1.43,002714,牧原股份,mygf,35.13,-2.96,2.32,43.32,81.09,0,45.51,163.51,110702,农林牧渔,szmb,C,2021-09-10,[],0,0,buy,AAA,,30.324,56.316,8.3,buy,2027-08-16,1.2,95.43,12634.77,204094.23,1.12,-6.83,,0,15:34:09,00,Y,Y,0,0,Y,,2022-02-21 开始转股,计算使用1.2年期 评级为AAA 债参考YTM：1.4856,N,95.5,全价：118.000 最后更新：15:34:09,,,,1,{'M': ''},0,0,N,,,buy,buy
2026-06-04 10:47:32,123107,温氏转债,wszz,114.55,-0.44,300498,温氏股份,wsgf,12.82,-2.21,2.11,16.29,78.7,0,45.56,160.11,110702,农林牧渔,szcy,C,2021-04-21,[],0,0,buy,AAA,,11.403,21.177,10.1,buy,2027-03-29,0.816,77.063,12178.11,62389.29,1.38,-7.0,,0,15:33:57,00,Y,N,0,0,Y,,2021-10-08 开始转股,计算使用0.9年期 评级为AAA 债参考YTM：1.4516,N,92.97,全价：114.550 最后更新：15:33:57,,,,1,{'M': ''},0,0,N,,,buy,buy
2026-06-04 10:47:32,113070,渝水转债,yszz,128.072,-0.56,601158,重庆水务,cqsw,4.24,-1.17,1.16,4.82,87.97,0,45.59,173.66,760102,环保,shmb,C,2025-02-13,[],0,0,buy,AAA,,3.374,6.266,9.3,buy,2031-01-09,4.603,18.998,7658.31,4365.54,3.14,-3.04,,0,14:59:18,00,Y,N,0,0,N,2026-06-03 至 2026-06-11 期间暂停转股：权益分派,2025-07-15 开始转股;2026-06-03 至 2026-06-11 期间暂停转股：权益分派,计算使用4.7年期 评级为AAA 债参考YTM：1.7240,N,19.0,全价：128.072 最后更新：14:59:18,,,,0,{'M': ''},0,0,N,,,buy,buy
2026-06-04 10:47:32,123257,安克转债,akzz,154.88,-1.21,300866,安克创新,akcx,115.45,-1.04,5.54,108.86,106.05,0,46.04,200.92,270503,电子,szcy,C,2025-07-04,[],0,0,buy,AA+,,76.202,141.518,3.1,buy,2031-06-16,5.036,11.047,5893.0,37294.25,3.43,-6.24,,0,15:34:33,00,Y,N,0,0,Y,,2025-12-22 开始转股,计算使用5.1年期 评级为AA+ 债参考YTM：1.7969,N,11.048,全价：154.880 最后更新：15:34:33,,,,0,{'M': ''},0,0,N,,,buy,buy
2026-06-04 10:47:32,127046,百润转债,brzz,129.66,-1.66,002568,百润股份,brgf,18.3,-4.94,3.68,20.63,88.71,0,46.17,175.83,340602,食品饮料,szmb,C,2021-11-03,[],0,0,buy,AA,,14.441,26.819,8.1,buy,2027-09-29,1.321,11.274,6372.73,43036.15,4.34,-10.75,,0,15:34:42,00,Y,N,1,1,N,"转股价下修1次，成功下修1次
2026-05-22 至 2026-06-04 期间暂停转股：权益分派
转股价20.630生效日期2026-03-19",2022-04-12 开始转股;2026-05-22 至 2026-06-04 期间暂停转股：权益分派,计算使用1.4年期 评级为AA 债参考YTM：1.5721,N,11.28,全价：129.660 最后更新：15:34:42,,,,0,{'M': ''},0,0,N,,,buy,buy
2026-06-04 10:47:32,123144,裕兴转债,yxzz,132.399,1.01,300305,裕兴股份,yxgf,7.69,3.36,1.44,8.5,90.47,0,46.34,178.74,220505,基础化工,szcy,C,2022-04-27,[],0,0,buy,A,,5.95,11.05,24.3,buy,2028-04-11,1.855,5.997,10153.77,37360.45,12.84,-6.51,,0,15:34:03,00,Y,N,1,1,Y,转股价下修1次，成功下修1次,2022-10-17 开始转股,计算使用1.9年期 评级为A 债参考YTM：6.6636,N,6.0,全价：132.399 最后更新：15:34:03,,,,1,[],0,0,N,,,buy,buy
2026-06-04 10:47:32,118053,正帆转债,zfzz,152.464,-0.64,688596,正帆科技,zfkj,39.84,4.54,3.13,38.35,103.89,0,46.76,199.22,640209,机械设备,shkc,C,2025-04-03,[],0,0,buy,AA,,26.845,49.855,8.9,buy,2031-03-18,4.789,10.409,17233.69,66454.93,10.71,-5.65,,0,14:59:54,00,Y,N,0,0,Y,,2025-09-24 开始转股,计算使用4.8年期 评级为AA 债参考YTM：1.9686,N,10.41,全价：152.464 最后更新：14:59:54,,,,0,{'M': ''},0,0,N,,,buy,buy
2026-06-04 10:47:32,123253,永贵转债,ygzz,139.583,-1.15,300351,永贵电器,ygdq,17.3,-4.42,2.72,18.19,95.11,0,46.76,186.34,640501,机械设备,szcy,C,2025-03-28,[],0,0,buy,AA-,,12.733,23.647,21.5,buy,2031-03-13,4.775,9.798,5924.09,26714.91,4.33,-3.58,,0,15:34:30,00,Y,N,0,0,Y,,2025-09-19 开始转股,计算使用4.8年期 评级为AA- 债参考YTM：2.5567,N,9.8,全价：139.583 最后更新：15:34:30,,,,0,{'M': ''},0,0,N,,,buy,buy
2026-06-04 10:47:32,127099,盛航转债,shzz,134.323,-0.57,001205,盛航股份,shgf,14.01,-0.92,1.2,15.33,91.39,0,46.98,181.3,421101,交通运输,szmb,C,2023-12-28,[],0,0,buy,AA-,,10.731,19.929,19.5,buy,2029-12-06,3.51,4.541,2862.91,3218.21,4.69,-3.29,,0,15:34:36,00,Y,N,1,1,Y,转股价下修1次，成功下修1次,2024-06-12 开始转股,计算使用3.6年期 评级为AA- 债参考YTM：2.4410,N,7.4,全价：134.323 最后更新：15:34:36,,,,0,[],0,0,N,,,buy,buy
2026-06-04 10:47:32,123252,银邦转债,ybzz,144.649,-0.97,300337,银邦股份,ybgf,12.3,0.24,5.64,12.51,98.32,0,47.12,191.77,240301,有色金属,szcy,C,2025-01-24,[],0,0,buy,AA-,,8.757,16.263,9.0,buy,2031-01-06,4.595,7.846,8760.02,25772.55,7.68,-4.47,,0,15:34:21,00,Y,N,0,0,Y,,2025-07-14 开始转股,计算使用4.6年期 评级为AA- 债参考YTM：2.5325,N,7.85,全价：144.649 最后更新：15:34:21,,,,0,{'M': ''},0,0,N,,,buy,buy
2026-06-04 10:47:32,113640,苏利转债,slzz,132.849,-1.55,603585,苏利股份,slgf,15.46,-2.46,1.12,17.2,89.88,0,47.8,180.65,220803,基础化工,shmb,C,2022-03-10,[],0,0,buy,AA-,,12.04,22.36,24.7,buy,2028-02-16,1.704,7.39,4450.75,4754.3,4.52,-7.26,,0,14:59:06,00,Y,N,1,1,Y,转股价下修1次，成功下修1次,2022-08-22 开始转股,计算使用1.8年期 评级为AA- 债参考YTM：1.9529,N,9.572,全价：132.849 最后更新：14:59:06,,,,1,[],0,0,N,,,buy,buy
2026-06-04 10:47:32,123199,山河转债,shzz,136.387,-1.0,300452,山河药辅,shyf,12.25,-2.16,2.72,13.3,92.11,0,48.08,184.47,370101,医药生物,szcy,C,2023-07-07,[],0,0,buy,A+,,9.31,17.29,13.1,buy,2029-06-12,3.025,3.197,1776.3,3364.81,4.07,-6.31,,0,15:34:18,00,Y,N,1,1,N,"转股价下修1次，成功下修1次
2026-06-02 至 2026-06-09 期间暂停转股：权益分派
转股价13.300生效日期2025-06-23",2023-12-18 开始转股;2026-06-02 至 2026-06-09 期间暂停转股：权益分派,计算使用3.1年期 评级为A+ 债参考YTM：4.7325,N,3.2,全价：136.387 最后更新：15:34:18,,,,0,[],0,0,N,,,buy,buy
2026-06-04 10:47:32,123235,亿田转债,ytzz,165.333,0.45,300911,亿田智能,ytzn,23.77,1.15,3.82,21.31,111.54,0,48.22,213.55,330401,家用电器,szcy,C,2024-01-12,[],0,0,buy,AA-,,14.917,27.703,10.7,buy,2029-12-21,3.551,4.353,41911.34,24662.85,57.46,-8.89,,0,15:34:36,00,Y,N,0,0,Y,,2024-06-27 开始转股,计算使用3.6年期 评级为AA- 债参考YTM：2.4410,N,5.202,全价：165.333 最后更新：15:34:36,,,,0,{'M': ''},0,0,N,,,buy,buy
2026-06-04 10:47:32,113643,风语转债,fyzz,138.333,-1.86,603466,XD风语筑,fyz,11.0,-3.42,3.09,11.8,93.22,0,48.39,186.72,720706,传媒,shmb,C,2022-04-22,[],0,0,buy,AA-,,8.26,15.34,7.6,buy,2028-03-25,1.808,4.994,6372.07,48212.89,9.16,-8.94,,0,14:59:23,00,Y,N,1,1,Y,转股价下修1次，成功下修1次,2022-10-10 开始转股,计算使用1.9年期 评级为AA- 债参考YTM：1.9740,N,5.0,全价：138.333 最后更新：14:59:23,,,,1,{'M': ''},0,0,N,,,buy,buy
2026-06-04 10:47:32,128129,青农转债,qnzz,107.663,0.01,002958,青农商行,qnsh,2.9,-0.68,0.36,4.0,72.5,0,48.5,156.16,480501,银行,szmb,C,2020-09-18,[],0,0,buy,AAA,,,5.2,31.7,buy,2026-08-25,0.225,49.997,19504.04,9431.64,3.62,1.41,,0,15:34:15,00,Y,N,1,1,Y,转股价下修1次，成功下修1次,2021-03-01 开始转股,计算使用0.3年期 评级为AAA 债参考YTM：1.4218,N,50.0,全价：107.663 最后更新：15:34:15,,,,0,{'M': ''},0,0,N,,,buy,buy
2026-06-04 10:47:32,113067,燃23转债,r23zz,130.495,-0.43,601139,深圳燃气,szrq,6.5,-1.52,1.12,7.4,87.84,0,48.56,179.06,410301,公用事业,shmb,C,2023-08-18,[],0,0,buy,AAA,,5.18,9.62,16.0,buy,2029-07-27,3.148,29.999,4922.8,11243.54,1.26,-5.16,,0,14:59:06,00,Y,N,0,0,Y,,2024-02-02 开始转股,计算使用3.2年期 评级为AAA 债参考YTM：1.6389,N,30.0,全价：130.495 最后更新：14:59:06,,,,0,{'M': ''},0,0,N,,,buy,buy
2026-06-04 10:47:32,123088,威唐转债,wtzz,124.0,-0.07,300707,威唐工业,wtgy,12.41,-1.43,1.89,14.9,83.29,0,48.88,172.88,280205,汽车,szcy,C,2021-01-06,[],0,0,buy,A+,,10.43,19.37,16.6,buy,2026-12-15,0.532,3.004,2645.76,5087.79,7.14,-13.73,,0,15:34:51,00,Y,N,1,1,Y,转股价下修1次，成功下修1次,2021-06-21 开始转股,计算使用0.6年期 评级为A+ 债参考YTM：4.0722,N,3.014,全价：124.000 最后更新：15:34:51,,,,1,[],0,0,N,,,buy,buy
2026-06-04 10:47:32,123109,昌红转债,chzz,141.165,-0.46,300151,昌红科技,chkj,25.25,2.31,8.12,26.64,94.78,0,48.94,190.11,640209,机械设备,szcy,C,2021-04-19,[],0,0,buy,AA-,,18.648,34.632,4.9,buy,2027-04-01,0.825,4.595,7012.95,59758.73,10.75,-22.55,,0,15:33:57,00,Y,N,0,0,Y,,2021-10-08 开始转股,计算使用0.9年期 评级为AA- 债参考YTM：1.7631,N,4.6,全价：141.165 最后更新：15:33:57,,,,1,{'M': ''},0,0,N,,,buy,buy
2026-06-04 10:47:32,118061,茂莱转债,mlzz,188.977,2.06,688502,茂莱光学,mlgx,462.2,3.66,19.4,364.43,126.83,0,49.0,237.98,270303,电子,shkc,C,2025-12-10,[],0,0,buy,A+,,255.101,473.759,2.3,buy,2031-11-21,5.469,5.623,87688.56,82094.22,81.26,-8.38,,0,14:59:59,00,Y,N,0,0,Y,,2026-05-27 开始转股,计算使用5.5年期 评级为A+ 债参考YTM：5.2869,N,5.625,全价：188.977 最后更新：14:59:59,,,,0,"{'M': '', 'EX': '债券持有人及一致行动人大宗减持10.02% 2026年06月02日公告'}",0,0,N,,,buy,buy
2026-06-04 10:47:32,118062,天准转债,tzzz,289.288,-1.95,688003,天准科技,tzkj,107.9,-3.06,10.44,55.73,193.61,14,49.42,338.71,640704,机械设备,shkc,C,2025-12-31,[],0,0,buy,AA-,,39.011,66.876,4.2,buy,2031-12-11,5.523,8.72,104068.13,84523.99,40.85,-15.43,,0,14:59:59,00,Y,N,0,0,Y,,未到转股期；2026-06-18 开始转股,计算使用5.6年期 评级为AA- 债参考YTM：3.0456,N,8.72,全价：289.288 最后更新：14:59:59,,,,0,{'M': ''},0,0,N,120%,,buy,buy
2026-06-04 10:47:32,111018,华康转债,hkzz,129.817,-1.85,605077,华康股份,hkgf,14.12,-9.78,1.31,16.26,86.84,0,49.49,179.31,220315,基础化工,shmb,C,2024-01-15,[],0,0,buy,AA-,,11.382,21.138,30.8,buy,2029-12-25,3.562,13.022,11921.87,24419.8,6.99,-2.39,,0,14:59:28,00,Y,N,0,0,Y,,2024-07-01 开始转股,计算使用3.6年期 评级为AA- 债参考YTM：2.4410,N,13.03,全价：129.817 最后更新：14:59:28,,,,0,[],0,0,N,,,buy,buy
2026-06-04 10:47:32,123071,天能转债,tnzz,116.3,-0.76,300569,天能重工,tnzg,5.17,-2.27,0.99,6.68,77.4,0,50.27,166.57,630602,电力设备,szcy,C,2020-11-25,[],0,0,buy,AA-,,4.676,8.684,13.2,buy,2026-10-21,0.381,6.937,1683.51,9049.2,2.08,-2.96,,0,15:34:45,00,Y,N,2,2,Y,转股价下修2次，成功下修2次,2021-04-27 开始转股,计算使用0.4年期 评级为AA- 债参考YTM：1.6999,N,7.0,全价：116.300 最后更新：15:34:45,,,,1,{'M': ''},0,0,N,,,buy,buy
2026-06-04 10:47:32,128138,侨银转债,qyzz,129.738,0.11,002973,侨银股份,qygf,12.64,3.52,1.98,14.64,86.34,0,50.27,180.01,760103,环保,szmb,C,2020-12-24,[],0,0,buy,A+,,10.248,19.032,10.5,buy,2026-11-17,0.455,4.199,2698.58,6407.74,4.96,0.45,,0,15:34:06,00,Y,N,2,2,Y,转股价下修2次，成功下修2次,2021-05-24 开始转股,计算使用0.5年期 评级为A+ 债参考YTM：4.0578,N,4.2,全价：129.738 最后更新：15:34:06,,,,1,[],0,0,N,,,buy,buy
2026-06-04 10:47:32,110087,天业转债,tyzz,128.148,-1.03,600075,新疆天业,xjty,4.77,-4.41,0.89,5.6,85.18,0,50.45,178.6,220202,基础化工,shmb,C,2022-07-19,[],0,0,buy,AA+,,3.92,7.28,36.8,buy,2028-06-23,2.055,29.975,4865.12,10280.37,1.26,-6.77,,0,14:59:29,00,Y,N,1,1,Y,转股价下修1次，成功下修1次,2022-12-29 开始转股,计算使用2.1年期 评级为AA+ 债参考YTM：1.5945,N,30.0,全价：128.148 最后更新：14:59:29,,,,0,{'M': ''},0,0,N,,,buy,buy
2026-06-04 10:47:32,123224,宇邦转债,ybzz,139.902,1.34,301266,宇邦新材,ybxc,26.18,6.42,2.0,28.17,92.94,0,50.54,190.44,630504,电力设备,szcy,C,2023-10-18,[],0,0,buy,A+,,19.719,36.621,8.0,buy,2029-09-19,3.296,2.848,7457.44,17127.9,18.92,-4.71,,0,15:34:33,00,Y,N,1,1,Y,转股价下修1次，成功下修1次,2024-03-25 开始转股,计算使用3.3年期 评级为A+ 债参考YTM：4.7722,N,5.0,全价：139.902 最后更新：15:34:33,,,,0,"{'G': '本次（2026年1月30日至2026年3月11日）不提前赎回，自2026年6月11日后首个交易日重新计算', 'M': ''}",0,0,N,,,buy,buy
2026-06-04 10:47:32,110086,精工转债,jgzz,130.181,-0.24,600496,精工钢构,jggg,4.14,0.98,0.87,4.79,86.43,0,50.62,180.8,620401,建筑装饰,shmb,C,2022-05-23,[],0,0,buy,AA,,3.353,6.227,24.3,buy,2028-04-22,1.885,19.999,6078.43,12760.24,2.33,-6.95,,0,14:59:53,00,Y,N,0,0,Y,,2022-10-28 开始转股,计算使用1.9年期 评级为AA 债参考YTM：1.6323,N,20.0,全价：130.181 最后更新：14:59:53,,,,1,{'M': ''},0,0,N,,,buy,buy
2026-06-04 10:47:32,127112,尚太转债,stzz,162.402,-3.9,001301,尚太科技,stkj,91.15,-6.44,3.3,84.71,107.6,48,50.93,213.33,630702,电力设备,szmb,C,2026-02-05,[],0,0,buy,AA+,,59.297,110.123,10.3,buy,2032-01-15,5.619,17.34,15745.83,40974.54,5.54,-6.56,,0,15:34:06,00,Y,N,0,0,Y,,未到转股期；2026-07-22 开始转股,计算使用5.7年期 评级为AA+ 债参考YTM：1.8606,N,17.34,全价：162.402 最后更新：15:34:06,,,,0,[],0,0,N,,,buy,buy
2026-06-04 10:47:32,113698,凯众转债,kzzz,153.161,0.16,603037,凯众股份,kzgf,12.9,1.42,3.35,12.75,101.18,0,51.38,204.54,280203,汽车,shmb,C,2025-09-10,[],0,0,buy,AA-,,8.925,16.575,9.0,buy,2031-08-15,5.2,3.079,6597.52,6733.58,13.98,-5.64,,0,14:59:57,00,Y,N,0,0,Y,,2026-02-24 开始转股,计算使用5.2年期 评级为AA- 债参考YTM：2.6636,N,3.08,全价：153.161 最后更新：14:59:57,,,,0,[],0,0,N,,,buy,buy
2026-06-04 10:47:32,113699,金25转债,j25zz,172.551,-3.46,603979,金诚信,jcx,72.0,-3.36,3.86,63.46,113.46,0,52.08,224.63,240302,有色金属,shmb,C,2025-10-27,[],0,0,buy,AA,,44.422,82.498,4.5,buy,2031-09-26,5.315,19.999,17150.81,48040.93,4.93,-7.35,,0,14:59:57,00,Y,N,0,0,Y,,2026-04-10 开始转股,计算使用5.4年期 评级为AA 债参考YTM：2.0346,N,20.0,全价：172.551 最后更新：14:59:57,,,,0,{'M': ''},0,0,N,,,buy,buy
2026-06-04 10:47:32,123165,回天转债,htzz,138.734,-0.53,300041,回天新材,htxc,13.84,1.32,2.45,15.2,91.05,0,52.37,191.1,220316,基础化工,szcy,C,2022-11-15,[],0,0,buy,AA-,,10.64,19.76,11.3,buy,2028-10-27,2.4,8.497,6328.35,62758.09,5.35,-6.47,,0,15:34:12,00,Y,N,0,0,Y,,2023-05-04 开始转股,计算使用2.4年期 评级为AA- 债参考YTM：2.1197,N,8.5,全价：138.734 最后更新：15:34:12,,,,0,{'M': ''},0,0,N,,,buy,buy
2026-06-04 10:47:32,113037,紫银转债,zyzz,109.77,0.0,601860,紫金银行,zjyh,2.59,-0.38,0.46,3.6,71.94,0,52.58,162.35,480501,银行,shmb,C,2020-08-17,[],0,0,buy,AA+,,,4.68,48.9,buy,2026-07-23,0.134,44.995,4730.59,13050.78,0.96,1.59,,0,14:58:52,00,Y,N,1,1,N,"转股价下修1次，成功下修1次
2026-06-01 至 2026-06-08 期间暂停转股：权益分派
转股价3.600生效日期2026-02-05",2021-01-29 开始转股;2026-06-01 至 2026-06-08 期间暂停转股：权益分派,计算使用0.2年期 评级为AA+ 债参考YTM：1.4409,N,45.0,全价：109.770 最后更新：14:58:52,,,,0,{'M': ''},0,0,N,,,buy,buy
2026-06-04 10:47:32,123215,铭利转债,mlzz,132.398,-1.78,301268,铭利达,mld,16.54,-3.27,4.19,19.2,86.15,0,53.69,186.09,640108,机械设备,szcy,C,2023-08-23,[],0,0,buy,AA-,,13.44,24.96,14.3,buy,2029-08-03,3.167,8.555,7132.68,10525.77,6.26,-2.48,,0,15:34:21,00,Y,N,1,1,Y,转股价下修1次，成功下修1次,2024-02-19 开始转股,计算使用3.2年期 评级为AA- 债参考YTM：2.4015,N,10.0,全价：132.398 最后更新：15:34:21,,,,0,{'M': ''},0,0,N,,,buy,buy
2026-06-04 10:47:32,111003,聚合转债,jhzz,140.22,-2.1,605166,聚合顺,jhs,10.35,-5.91,1.62,11.37,91.03,0,54.04,194.26,220406,基础化工,shmb,C,2022-04-19,[],0,0,buy,AA-,,7.959,14.781,6.2,buy,2028-03-07,1.759,2.035,3349.44,12908.69,11.67,-9.68,,0,14:59:33,00,Y,N,1,1,Y,转股价下修1次，成功下修1次,2022-09-13 开始转股,计算使用1.8年期 评级为AA- 债参考YTM：1.9529,N,2.04,全价：140.220 最后更新：14:59:33,,,,1,[],0,0,N,,,buy,buy
2026-06-04 10:47:32,110090,爱迪转债,adzz,135.624,-1.02,600933,爱柯迪,akd,15.45,-0.64,1.6,17.55,88.03,0,54.06,189.68,280203,汽车,shmb,C,2022-10-28,[],0,0,buy,AA,,12.285,22.815,10.4,buy,2028-09-23,2.307,15.695,7571.83,15834.77,3.54,-7.8,,0,14:59:57,00,Y,N,0,0,Y,,2023-03-29 开始转股,计算使用2.4年期 评级为AA 债参考YTM：1.7035,N,15.7,全价：135.624 最后更新：14:59:57,,,,0,{'M': ''},0,0,N,,,buy,buy
2026-06-04 10:47:32,123112,万讯转债,wxzz,127.314,-1.28,300112,万讯自控,wxzk,6.84,-1.16,2.02,8.3,82.41,0,54.49,181.8,640107,机械设备,szcy,C,2021-04-23,[],0,0,buy,AA-,,5.81,10.79,13.9,buy,2027-04-08,0.844,2.265,2403.11,4587.72,8.28,-8.7,,0,15:34:45,00,Y,N,0,0,Y,,2021-10-14 开始转股,计算使用0.9年期 评级为AA- 债参考YTM：1.7631,N,2.457,全价：127.314 最后更新：15:34:45,,,,1,[],0,0,N,,,buy,buy
2026-06-04 10:47:32,110095,双良转债,slzz,124.682,-0.49,600481,双良节能,sljn,4.97,1.22,2.31,6.18,80.42,0,55.04,179.72,630501,电力设备,shmb,C,2023-09-08,[],0,0,buy,AA-,,4.326,8.034,13.7,buy,2029-08-08,3.181,14.006,16105.27,61544.47,9.18,-2.76,,0,14:59:59,00,Y,N,2,2,Y,转股价下修2次，成功下修2次,2024-02-19 开始转股,计算使用3.2年期 评级为AA- 债参考YTM：2.4015,N,26.0,全价：124.682 最后更新：14:59:59,,,,0,{'M': ''},0,0,N,,,buy,buy
2026-06-04 10:47:32,123178,花园转债,hyzz,132.502,-0.68,300401,花园生物,hysw,11.37,-3.32,1.75,13.34,85.23,0,55.46,187.96,370101,医药生物,szcy,C,2023-03-23,[],0,0,buy,AA-,,9.338,17.342,19.3,buy,2029-03-06,2.756,11.731,4673.46,12429.22,3.01,-4.03,,0,15:34:12,00,Y,N,1,1,Y,转股价下修1次，成功下修1次,2023-09-11 开始转股,计算使用2.8年期 评级为AA- 债参考YTM：2.2803,N,12.0,全价：132.502 最后更新：15:34:12,,,,0,{'M': ''},0,0,N,,,buy,buy
2026-06-04 10:47:32,118037,上声转债,sszz,132.711,-0.95,688533,上声电子,ssdz,24.71,-0.96,2.25,28.99,85.24,0,55.7,188.41,280206,汽车,shkc,C,2023-08-01,[],0,0,buy,A+,,20.293,37.687,11.5,buy,2029-07-06,3.09,4.679,2203.91,2150.85,3.53,-4.47,,0,14:59:58,00,Y,N,2,1,N,"转股价下修2次，成功下修1次
2026-05-28 至 2026-06-05 期间暂停转股：权益分派
转股价28.990生效日期2026-02-06",2024-01-12 开始转股;2026-05-28 至 2026-06-05 期间暂停转股：权益分派,计算使用3.1年期 评级为A+ 债参考YTM：4.7325,N,5.2,全价：132.711 最后更新：14:59:58,,,,0,{'M': ''},0,0,N,,,buy,buy
2026-06-04 10:47:32,127104,姚记转债,yjzz,144.249,-0.96,002605,姚记科技,yjkj,18.58,-1.38,1.96,20.06,92.62,0,55.74,199.99,720401,传媒,szmb,C,2024-02-26,[],0,0,buy,A+,,14.042,26.078,9.3,buy,2030-01-24,3.644,5.823,1275.04,8115.44,1.51,-4.98,,0,15:34:27,00,Y,N,0,0,N,2026-05-29 至 2026-06-09 期间暂停转股：权益分派,2024-07-31 开始转股;2026-05-29 至 2026-06-09 期间暂停转股：权益分派,计算使用3.7年期 评级为A+ 债参考YTM：4.8027,N,5.831,全价：144.249 最后更新：15:34:27,,,,0,[],0,0,N,,,buy,buy
2026-06-04 10:47:32,113696,伯25转债,b25zz,139.942,0.29,603596,伯特利,btl,31.51,1.51,3.43,35.16,89.62,0,56.15,196.09,280203,汽车,shmb,C,2025-07-28,[],0,0,buy,AA,,24.612,45.708,9.9,buy,2031-07-01,5.077,28.019,6413.28,62166.23,1.64,-4.09,,0,14:59:44,00,Y,N,0,0,Y,,2026-01-07 开始转股,计算使用5.1年期 评级为AA 债参考YTM：1.9891,N,28.02,全价：139.942 最后更新：14:59:44,,,,0,{'M': ''},0,0,N,,,buy,buy
2026-06-04 10:47:32,113053,隆22转债,l22zz,119.067,0.04,601012,隆基绿能,ljln,13.34,-0.6,1.99,17.5,76.23,0,56.2,175.27,630502,电力设备,shmb,C,2022-02-17,[],0,0,buy,AAA,,12.25,22.75,6.9,buy,2028-01-05,1.589,69.951,13387.59,141661.14,1.61,-5.69,,0,14:59:57,00,Y,N,1,1,Y,转股价下修1次，成功下修1次,2022-07-11 开始转股,计算使用1.6年期 评级为AAA 债参考YTM：1.4982,N,70.0,全价：119.067 最后更新：14:59:57,,,,1,{'M': ''},0,0,N,,,buy,buy
2026-06-04 10:47:32,123104,卫宁转债,wnzz,123.861,-0.63,300253,卫宁健康,wnjk,7.46,-3.37,2.93,9.44,79.03,0,56.74,180.6,710401,计算机,szcy,C,2021-03-31,[],0,0,buy,AA,,6.608,12.272,7.0,buy,2027-03-16,0.781,9.699,4381.49,40171.81,3.65,-4.01,,0,15:33:57,00,Y,N,1,1,Y,转股价下修1次，成功下修1次,2021-09-22 开始转股,计算使用0.8年期 评级为AA 债参考YTM：1.4808,N,9.703,全价：123.861 最后更新：15:33:57,,,,1,{'M': ''},0,0,N,,,buy,buy
2026-06-04 10:47:32,123124,晶瑞转2,jrz2,139.303,-0.1,300655,晶瑞电材,jrdc,14.83,1.85,5.96,16.69,88.86,0,56.77,196.07,270601,电子,szcy,C,2021-09-07,[],0,0,buy,A+,,11.683,21.697,3.3,buy,2027-08-16,1.2,5.225,4252.4,58242.71,5.82,-18.82,,1,15:34:00,00,Y,N,0,0,Y,,2022-02-21 开始转股,计算使用1.2年期 评级为A+ 债参考YTM：4.1618,N,5.23,全价：139.303 最后更新：15:34:00,,,,1,{'M': ''},0,0,N,,23年6月前不下修,buy,buy
2026-06-04 10:47:32,127093,章鼓转债,zgzz,130.082,-1.0,002598,ST章鼓,sdzg,6.97,-3.6,1.65,8.4,82.98,0,56.77,186.85,640106,机械设备,szmb,C,2023-11-03,[],0,0,buy,A,,5.88,10.92,12.1,buy,2029-10-17,3.373,2.425,716.44,5372.79,2.27,-2.89,,0,15:34:30,00,Y,N,1,1,Y,转股价下修1次，成功下修1次,2024-04-23 开始转股,计算使用3.4年期 评级为A 债参考YTM：7.1339,N,2.43,全价：130.082 最后更新：15:34:30,,,,0,[],0,0,N,,,buy,buy
2026-06-04 10:47:32,123194,百洋转债,byzz,131.406,-0.38,301015,百洋医药,byyy,20.73,0.58,4.21,24.79,83.62,0,57.14,188.55,370402,医药生物,szcy,C,2023-05-05,[],0,0,buy,AA-,,17.353,32.227,7.8,buy,2029-04-14,2.863,8.459,5425.67,8092.14,4.89,-4.18,,0,15:34:18,00,Y,N,0,0,Y,,2023-10-20 开始转股,计算使用2.9年期 评级为AA- 债参考YTM：2.3177,N,8.6,全价：131.406 最后更新：15:34:18,,,,0,{'M': ''},0,0,N,,,buy,buy
2026-06-04 10:47:32,127054,双箭转债,sjzz,125.812,-0.83,002381,双箭股份,sjgf,5.57,-1.76,1.06,6.96,80.03,0,57.21,183.02,220602,基础化工,szmb,C,2022-03-15,[],0,0,buy,AA,,4.872,9.048,28.8,buy,2028-02-11,1.69,5.136,4398.62,2517.69,6.79,-5.82,,0,15:34:09,00,Y,N,0,0,Y,,2022-08-17 开始转股,计算使用1.7年期 评级为AA 债参考YTM：1.6082,N,5.136,全价：125.812 最后更新：15:34:09,,,,1,[],0,0,N,,,buy,buy
2026-06-04 10:47:32,127113,长高转债,cgzz,159.498,-2.74,002452,长高电气,cgdq,11.07,-1.69,2.45,10.92,101.37,102,57.34,216.84,630801,电力设备,szmb,C,2026-03-30,[],0,0,buy,AA-,,7.644,14.196,13.2,buy,2032-03-08,5.764,7.586,7301.08,21755.53,6.0,-5.77,,0,15:34:00,00,Y,N,0,0,Y,,未到转股期；2026-09-14 开始转股,计算使用5.8年期 评级为AA- 债参考YTM：3.2484,N,7.59,全价：159.498 最后更新：15:34:00,,,,0,{'M': ''},0,0,N,,,buy,buy
2026-06-04 10:47:32,123195,蓝晓转02,lxz02,145.201,-1.21,300487,蓝晓科技,lxkj,54.77,-2.25,6.06,59.38,92.24,0,57.42,202.62,220504,基础化工,szcy,C,2023-05-08,[],0,0,buy,A+,,41.566,77.194,3.2,buy,2029-04-17,2.871,5.458,3950.75,20205.39,4.99,-6.73,,0,15:34:21,00,Y,N,0,0,Y,,2023-10-23 开始转股,计算使用2.9年期 评级为A+ 债参考YTM：4.6653,N,5.461,全价：145.201 最后更新：15:34:21,,,,0,{'M': ''},0,0,N,,,buy,buy
2026-06-04 10:47:32,127018,本钢转债,bgzz,118.7,0.0,000761,本钢板材,bgbc,2.46,-2.77,1.47,3.29,74.77,0,58.75,177.45,230402,钢铁,szmb,C,2020-08-04,[],0,0,buy,AAA,,2.303,4.277,61.7,buy,2026-06-29,0.069,56.309,15930.26,3888.44,2.38,3.69,,0,15:33:57,00,Y,N,1,1,Y,转股价下修1次，成功下修1次,2021-01-04 开始转股,计算使用0.1年期 评级为AAA 债参考YTM：1.4190,N,68.0,全价：118.700 最后更新：15:33:57,,,,1,"{'R': '到期\n最后交易日：2026-06-23\n最后转股日：2026-06-26\n债券到期日：2026-06-29\n到期赎回价：119.000元/张', 'M': ''}",0,0,N,,,buy,buy
2026-06-04 10:47:32,123268,本川转债,bczz,230.46,0.2,300964,本川智能,bczn,109.75,4.52,8.21,75.88,144.64,141,59.34,289.8,270202,电子,szcy,C,2026-05-07,[],0,0,buy,AA-,,53.116,98.644,7.6,buy,2032-04-16,5.871,4.69,111940.74,92480.98,101.1,-10.79,,0,15:34:36,00,Y,N,0,0,Y,,未到转股期；2026-10-23 开始转股,计算使用5.9年期 评级为AA- 债参考YTM：3.3317,N,4.69,全价：230.460 最后更新：15:34:36,,,,0,{'M': ''},0,0,N,,,buy,buy
2026-06-04 10:47:32,110073,国投转债,gtzz,106.813,-0.04,600061,国投资本,gtzb,6.3,-1.72,0.7,9.42,66.88,0,59.71,166.52,490101,非银金融,shmb,C,2020-08-20,[],0,0,buy,AAA,,,12.246,19.9,buy,2026-07-24,0.137,79.991,12265.29,19702.31,1.44,1.31,,0,14:59:55,00,Y,N,0,0,Y,,2021-02-01 开始转股,计算使用0.2年期 评级为AAA 债参考YTM：1.4209,N,80.0,全价：106.813 最后更新：14:59:55,,,,0,{'M': ''},0,0,N,,,buy,buy
2026-06-04 10:47:32,113694,清源转债,qyzz,130.863,-1.17,603628,清源股份,qygf,10.52,-2.05,2.16,12.86,81.8,0,59.97,190.83,630504,电力设备,shmb,C,2025-04-25,[],0,0,buy,A+,,9.002,16.718,17.5,buy,2031-04-08,4.847,5.0,2018.7,3652.98,3.07,-2.02,,0,14:58:56,00,Y,N,0,0,Y,,2025-10-14 开始转股,计算使用4.9年期 评级为A+ 债参考YTM：4.9199,N,5.0,全价：130.863 最后更新：14:58:56,,,,0,{'M': ''},0,0,N,,,buy,buy
2026-06-04 10:47:32,118036,力合转债,lhzz,134.411,-1.96,688589,力合微,lhw,20.1,-2.28,2.8,23.93,84.0,0,60.02,194.43,270104,电子,shkc,C,2023-07-20,[],0,0,buy,AA-,,16.751,31.109,13.0,buy,2029-06-28,3.069,3.8,5902.09,8998.77,11.5,-3.89,,0,14:59:47,00,Y,N,1,1,N,"转股价下修1次，成功下修1次
2026-06-03 至 2026-06-09 期间暂停转股：权益分派
转股价23.930生效日期2025-06-06",2024-01-04 开始转股;2026-06-03 至 2026-06-09 期间暂停转股：权益分派,计算使用3.1年期 评级为AA- 债参考YTM：2.3802,N,3.8,全价：134.411 最后更新：14:59:47,,,,0,{'M': ''},0,0,N,,,buy,buy
2026-06-04 10:47:32,113674,华设转债,hszz,131.496,-1.27,603018,华设集团,hsjt,6.94,-1.84,0.87,8.45,82.13,0,60.11,191.61,620601,建筑装饰,shmb,C,2023-08-15,[],0,0,buy,AA,,5.915,10.985,8.4,buy,2029-07-21,3.132,3.999,2641.77,2850.03,5.0,-3.93,,0,14:59:39,00,Y,N,0,0,Y,,2024-01-29 开始转股,计算使用3.2年期 评级为AA 债参考YTM：1.8301,N,4.0,全价：131.496 最后更新：14:59:39,,,,0,{'M': ''},0,0,N,,,buy,buy
2026-06-04 10:47:32,113659,莱克转债,lkzz,127.919,-1.48,603355,莱克电气,lkdq,25.33,-1.94,2.53,31.72,79.86,0,60.19,188.11,330302,家用电器,shmb,C,2022-11-15,[],0,0,buy,AA,,22.204,41.236,8.3,buy,2028-10-14,2.364,11.998,6401.12,4040.84,4.15,-5.09,,0,14:59:47,00,Y,N,0,0,Y,,2023-04-20 开始转股,计算使用2.4年期 评级为AA 债参考YTM：1.7035,N,12.0,全价：127.919 最后更新：14:59:47,,,,0,{'M': ''},0,0,N,,,buy,buy
2026-06-04 10:47:32,127069,小熊转债,xxzz,131.55,-1.64,002959,小熊电器,xxdq,35.87,-3.32,1.78,43.71,82.06,0,60.3,191.85,330301,家用电器,szmb,C,2022-09-07,[],0,0,buy,AA-,,30.597,56.823,9.3,buy,2028-08-12,2.192,5.041,1251.66,4001.89,1.88,-4.53,,0,15:34:18,00,Y,N,1,1,Y,转股价下修1次，成功下修1次,2023-02-20 开始转股,计算使用2.2年期 评级为AA- 债参考YTM：2.0484,N,5.36,全价：131.550 最后更新：15:34:18,,,,0,{'M': ''},0,0,N,,,buy,buy
2026-06-04 10:47:32,127049,希望转2,xwz2,110.893,0.24,000876,新希望,xxw,7.32,-3.68,1.51,10.59,69.12,0,60.43,171.32,110702,农林牧渔,szmb,C,2021-11-29,[],0,0,buy,AAA,,7.413,13.767,24.7,buy,2027-11-02,1.414,81.434,9351.39,22657.0,1.04,-1.49,,0,15:34:12,00,Y,N,1,1,Y,转股价下修1次，成功下修1次,2022-05-09 开始转股,计算使用1.5年期 评级为AAA 债参考YTM：1.4963,N,81.5,全价：110.893 最后更新：15:34:12,,,,1,{'M': ''},0,0,N,,,buy,buy
2026-06-04 10:47:32,123114,三角转债,sjzz,121.9,-1.86,300775,三角防务,sjfw,23.85,-0.71,2.16,31.39,75.98,0,60.44,182.34,650201,国防军工,szcy,C,2021-06-11,[],0,0,buy,AA-,,21.973,40.807,7.1,buy,2027-05-25,0.973,8.999,7251.47,27718.71,6.58,-5.84,,0,15:34:00,00,Y,N,0,0,Y,,2021-11-30 开始转股,计算使用1.0年期 评级为AA- 债参考YTM：1.7869,N,9.044,全价：121.900 最后更新：15:34:00,,,,1,{'M': ''},0,0,N,,,buy,buy
2026-06-04 10:47:32,127089,晶澳转债,jazz,118.622,-0.36,002459,晶澳科技,jakj,8.62,-0.69,1.34,11.66,73.93,0,60.46,179.08,630502,电力设备,szmb,C,2023-08-04,[],0,0,buy,AA+,,8.162,15.158,31.4,buy,2029-07-18,3.123,89.588,16903.72,37901.27,1.59,-1.89,,0,15:33:57,00,Y,N,2,1,Y,转股价下修2次，成功下修1次,2024-01-24 开始转股,计算使用3.2年期 评级为AA+ 债参考YTM：1.6875,N,89.603,全价：118.622 最后更新：15:33:57,,,,0,{'M': ''},0,0,N,,,buy,buy
2026-06-04 10:47:32,111024,澳弘转债,ahzz,179.788,-0.89,605058,澳弘电子,ahdz,38.1,-0.18,2.96,34.04,111.93,13,60.63,240.42,270202,电子,shmb,C,2026-01-16,[],0,0,buy,AA-,,23.828,44.252,10.7,buy,2031-12-10,5.521,5.8,9035.75,21052.89,8.63,-7.76,,0,14:59:52,00,Y,N,0,0,Y,,未到转股期；2026-06-17 开始转股,计算使用5.6年期 评级为AA- 债参考YTM：3.0456,N,5.8,全价：179.788 最后更新：14:59:52,,,,0,[],0,0,N,,,buy,buy
2026-06-04 10:47:32,127031,洋丰转债,yfzz,118.646,-1.21,000902,新洋丰,xyf,12.47,-2.96,1.26,16.89,73.83,0,60.7,179.35,220805,基础化工,szmb,C,2021-04-23,[],0,0,buy,AA,,11.823,21.957,7.0,buy,2027-03-25,0.806,9.999,2350.85,22888.6,1.98,-6.98,,0,15:34:33,00,Y,N,1,1,Y,转股价下修1次，成功下修1次,2021-10-08 开始转股,计算使用0.9年期 评级为AA 债参考YTM：1.4976,N,10.0,全价：118.646 最后更新：15:34:33,,,,1,{'M': ''},0,0,N,,,buy,buy
2026-06-04 10:47:32,118027,宏图转债,htzz,88.833,-5.59,688066,*ST航图,htht,13.5,-5.4,-3.08,24.55,54.99,0,61.54,150.37,710301,计算机,shkc,C,2022-12-22,[],0,0,buy,BB+,,17.185,31.915,28.6,buy,2028-11-28,2.488,10.087,21880.73,10562.62,24.05,12.76,,0,15:00:00,00,Y,N,3,2,Y,转股价下修3次，成功下修2次,2023-06-02 开始转股,,Y,10.088,全价：88.833 最后更新：15:00:00,,,"按下调到底估算
股东大会：2026-06-23
预估转股价：13.91
预估转股价值：97.05
期权价值：48.97
理论价值：118.87
理论偏离度：-33.81%",0,[],0,0,N,,,buy,buy
2026-06-04 10:47:32,123119,康泰转2,ktz2,122.1,-0.36,300601,康泰生物,ktsw,11.82,-2.07,1.37,15.73,75.14,0,62.49,184.59,370303,医药生物,szcy,C,2021-08-05,[],0,0,buy,AA,,11.011,20.449,18.8,buy,2027-07-15,1.112,19.99,4018.63,13377.35,1.65,-6.23,,0,15:34:03,00,Y,N,5,5,Y,转股价下修5次，成功下修5次,2022-01-21 开始转股,计算使用1.2年期 评级为AA 债参考YTM：1.5461,N,20.0,全价：122.100 最后更新：15:34:03,,,,1,{'M': ''},0,0,N,,,buy,buy
2026-06-04 10:47:32,127059,永东转2,ydz2,129.534,-0.98,002753,永东股份,ydgf,6.47,-1.97,1.04,8.16,79.29,0,63.37,192.9,220603,基础化工,szmb,C,2022-05-16,[],0,0,buy,AA-,,5.712,10.608,24.1,buy,2028-04-08,1.847,3.79,1878.45,2460.02,3.83,-5.42,,0,15:34:51,00,Y,N,0,0,N,2026-05-29 至 2026-06-05 期间暂停转股：权益分派,2022-10-14 开始转股;2026-05-29 至 2026-06-05 期间暂停转股：权益分派,计算使用1.9年期 评级为AA- 债参考YTM：1.9740,N,3.8,全价：129.534 最后更新：15:34:51,,,,1,[],0,0,N,,,buy,buy
2026-06-04 10:47:32,123133,佩蒂转债,pdzz,130.719,-2.52,300673,佩蒂股份,pdgf,13.86,-11.83,1.82,17.33,79.98,0,63.45,194.17,110404,农林牧渔,szcy,C,2022-01-21,[],0,0,buy,AA-,,12.131,22.529,32.4,buy,2027-12-22,1.551,7.198,7457.87,13516.15,7.87,-6.98,,0,15:34:03,00,Y,N,1,1,Y,转股价下修1次，成功下修1次,2022-06-28 开始转股,计算使用1.6年期 评级为AA- 债参考YTM：1.9105,N,7.2,全价：130.719 最后更新：15:34:03,,,,1,[],0,0,N,,,buy,buy
2026-06-04 10:47:32,113671,武进转债,wjzz,135.774,-1.22,603878,武进不锈,wjbx,6.53,-1.36,1.4,7.93,82.35,0,64.88,200.65,230403,钢铁,shmb,C,2023-08-03,[],0,0,buy,AA,,5.551,10.309,8.4,buy,2029-07-10,3.101,3.093,2043.33,5617.11,4.85,-5.52,,0,14:58:34,00,Y,N,0,0,N,2026-06-03 至 2026-06-10 期间暂停转股：权益分派,2024-01-15 开始转股;2026-06-03 至 2026-06-10 期间暂停转股：权益分派,计算使用3.2年期 评级为AA 债参考YTM：1.8301,N,3.1,全价：135.774 最后更新：14:58:34,,,,0,[],0,0,N,,,buy,buy
2026-06-04 10:47:32,113665,汇通转债,htzz,129.398,-0.61,603176,汇通集团,htjt,4.93,-1.99,2.08,6.29,78.38,0,65.09,194.49,620306,建筑装饰,shmb,C,2023-01-11,[],0,0,buy,AA-,,4.403,8.177,15.8,buy,2028-12-15,2.534,3.596,4114.36,2107.44,8.84,-3.47,,0,14:59:58,00,Y,N,1,1,Y,转股价下修1次，成功下修1次,2023-06-21 开始转股,计算使用2.6年期 评级为AA- 债参考YTM：2.1999,N,3.6,全价：129.398 最后更新：14:59:58,,,,0,[],0,0,N,,,buy,buy
2026-06-04 10:47:32,110093,神马转债,smzz,118.353,-0.65,600810,神马股份,smgf,5.74,-1.54,0.67,8.08,71.04,0,66.6,184.95,220406,基础化工,shmb,C,2023-04-20,[],0,0,buy,AAA,,5.656,10.504,35.8,buy,2029-03-16,2.784,22.199,7921.9,5938.12,3.01,-2.63,,0,14:58:46,00,Y,N,0,0,Y,,2023-09-22 开始转股,计算使用2.8年期 评级为AAA 债参考YTM：1.6005,N,30.0,全价：118.353 最后更新：14:58:46,,,,0,{'M': ''},0,0,N,,,buy,buy
2026-06-04 10:47:32,127072,博实转债,bszz,135.115,-0.92,002698,博实股份,bsgf,12.11,-1.94,2.91,15.06,80.41,0,68.03,203.15,640701,机械设备,szmb,C,2022-11-03,[],0,0,buy,AA,,10.542,19.578,4.4,buy,2028-09-22,2.304,4.498,1758.26,9006.93,2.88,-6.77,,0,15:34:45,00,Y,N,0,0,Y,,2023-03-28 开始转股,计算使用2.4年期 评级为AA 债参考YTM：1.7035,N,4.5,全价：135.115 最后更新：15:34:45,,,,0,{'M': ''},0,0,N,,,buy,buy
2026-06-04 10:47:32,118052,浩瀚转债,hhzz,150.347,-1.66,688292,浩瀚深度,hhsd,21.65,-0.92,3.4,24.26,89.24,0,68.47,218.82,710103,计算机,shkc,C,2025-04-07,[],0,0,buy,A+,,16.982,31.538,10.3,buy,2031-03-13,4.775,3.539,4738.43,7423.69,8.88,-4.73,,0,14:59:52,00,Y,N,0,0,N,2026-06-02 至 2026-06-08 期间暂停转股：权益分派,2025-09-19 开始转股;2026-06-02 至 2026-06-08 期间暂停转股：权益分派,计算使用4.8年期 评级为A+ 债参考YTM：4.9095,N,3.54,全价：150.347 最后更新：14:59:52,,,,0,{'M': ''},0,0,N,,,buy,buy
2026-06-04 10:47:32,123173,恒锋转债,hfzz,130.112,-1.54,300605,恒锋信息,hfxx,10.56,-2.76,3.79,13.77,76.69,0,69.66,199.77,710401,计算机,szcy,C,2023-02-08,[],0,0,buy,A-,,9.639,17.901,17.5,buy,2028-12-30,2.575,2.331,1357.67,5316.63,4.46,-3.38,,0,15:34:09,00,Y,N,0,0,Y,,2023-07-06 开始转股,计算使用2.6年期 评级为A- 债参考YTM：9.2426,N,2.424,全价：130.112 最后更新：15:34:09,,,,0,[],0,0,N,,,buy,buy
2026-06-04 10:47:32,127038,国微转债,gwzz,134.8,-0.84,002049,紫光国微,zggw,77.27,0.23,4.66,97.3,79.41,0,69.74,204.54,270104,电子,szmb,C,2021-07-14,[],0,0,buy,AA+,,68.11,126.49,2.3,buy,2027-06-10,1.016,14.915,4958.97,205818.4,2.45,-17.08,,0,15:34:03,00,Y,N,0,0,Y,,2021-12-17 开始转股,计算使用1.1年期 评级为AA+ 债参考YTM：1.4982,N,15.0,全价：134.800 最后更新：15:34:03,,,,0,{'M': ''},0,0,N,,,buy,buy
2026-06-04 10:47:32,127102,浙建转债,zjzz,125.323,-0.58,002761,浙江建投,zjjt,7.49,-1.71,0.93,10.22,73.29,0,71.0,196.32,620101,建筑装饰,szmb,C,2024-01-16,[],0,0,buy,AA+,,7.154,13.286,12.3,buy,2029-12-25,3.562,9.951,4563.55,7984.93,3.65,-3.18,,0,15:34:39,00,Y,N,0,0,Y,,2024-07-01 开始转股,计算使用3.6年期 评级为AA+ 债参考YTM：1.7116,N,10.0,全价：125.323 最后更新：15:34:39,,,,0,{'M': ''},0,0,N,,,buy,buy
2026-06-04 10:47:32,127111,金威转债,jwzz,130.24,-0.39,002626,金达威,jdw,14.84,0.47,2.02,19.59,75.75,0,71.93,202.17,340407,食品饮料,szmb,C,2025-09-08,[],0,0,buy,AA,,13.713,25.467,14.3,buy,2031-08-20,5.214,12.924,2451.35,5755.78,1.45,-2.64,,0,15:34:03,00,Y,N,0,0,N,2026-06-01 至 2026-06-09 期间暂停转股：权益分派,2026-02-26 开始转股;2026-06-01 至 2026-06-09 期间暂停转股：权益分派,计算使用5.3年期 评级为AA 债参考YTM：2.0168,N,12.924,全价：130.240 最后更新：15:34:03,,,,0,{'M': ''},1,0,N,,,buy,buy
2026-06-04 10:47:32,113692,保隆转债,blzz,131.977,-0.14,603197,保隆科技,blkj,30.1,-1.28,1.97,39.35,76.49,0,72.53,204.51,280205,汽车,shmb,C,2024-11-27,[],0,0,buy,AA,,27.545,51.155,21.9,buy,2030-10-31,4.411,13.897,5212.64,7634.8,2.83,-3.43,,0,14:58:38,00,Y,N,0,0,Y,,2025-05-06 开始转股,计算使用4.5年期 评级为AA 债参考YTM：1.9530,N,13.9,全价：131.977 最后更新：14:58:38,,,,0,{'M': ''},0,0,N,,,buy,buy
2026-06-04 10:47:32,123261,普联转债,plzz,152.376,-2.37,300996,普联软件,plrj,11.44,-3.54,3.42,12.97,88.2,7,72.75,225.13,710401,计算机,szcy,C,2025-12-22,[],0,0,buy,A+,,9.079,16.861,6.4,buy,2031-12-05,5.507,2.429,2256.56,8786.01,6.07,-4.47,,0,15:34:48,00,Y,N,0,0,Y,,未到转股期；2026-06-11 开始转股,计算使用5.6年期 评级为A+ 债参考YTM：5.3947,N,2.43,全价：152.376 最后更新：15:34:48,,,,0,{'M': ''},0,0,N,,,buy,buy
2026-06-04 10:47:32,118064,联瑞转债,lrzz,460.742,2.9,688300,联瑞新材,lrxc,168.8,1.22,22.28,63.55,265.62,40,73.46,534.2,220901,基础化工,shkc,C,2026-01-28,[],0,0,buy,AA,,44.485,82.615,1.7,buy,2032-01-07,5.597,6.95,134451.85,207228.58,42.38,-22.31,,0,14:59:58,00,Y,N,0,0,Y,,未到转股期；2026-07-14 开始转股,计算使用5.6年期 评级为AA 债参考YTM：2.0748,N,6.95,全价：460.742 最后更新：14:59:58,,,,0,{'M': ''},0,0,N,,,buy,buy
2026-06-04 10:47:32,123065,宝莱转债,blzz,122.603,0.83,300246,宝莱特,blt,16.8,0.3,3.93,23.8,70.59,0,73.69,196.29,370502,医药生物,szcy,C,2020-09-24,[],0,0,buy,AA-,,16.66,30.94,6.1,buy,2026-09-04,0.252,2.18,2685.6,16264.43,10.1,-24.88,,0,15:34:45,00,Y,N,2,1,Y,转股价下修2次，成功下修1次,2021-03-11 开始转股,计算使用0.3年期 评级为AA- 债参考YTM：1.6670,Y,2.19,全价：122.603 最后更新：15:34:45,,,"按下调到底估算
股东大会：2026-06-18
预估转股价：18.71
预估转股价值：89.79
期权价值：7.30
理论价值：121.82
理论偏离度：0.64%",0,[],0,0,N,,,buy,buy
2026-06-04 10:47:32,110100,龙建转债,ljzz,132.259,-0.47,600853,龙建股份,ljgf,3.52,-1.4,0.86,4.63,76.03,54,73.97,206.23,620306,建筑装饰,shmb,C,2026-02-12,[],0,0,buy,AA,,3.241,6.019,28.0,buy,2032-01-21,5.636,10.0,1637.32,2310.08,1.24,-2.71,,0,14:58:41,00,Y,N,0,0,Y,,未到转股期；2026-07-28 开始转股,计算使用5.7年期 评级为AA 债参考YTM：2.0958,N,10.0,全价：132.259 最后更新：14:58:41,,,,0,[],0,0,N,,,buy,buy
2026-06-04 10:47:32,127050,麒麟转债,qlzz,130.0,-0.3,002984,森麒麟,sql,14.44,-1.97,1.08,19.36,74.59,0,74.29,204.29,280204,汽车,szmb,C,2021-12-06,[],0,0,buy,AA,,13.552,25.168,20.2,buy,2027-11-11,1.438,20.86,3112.78,16819.81,1.15,-10.07,,0,15:34:15,00,Y,N,2,1,Y,转股价下修2次，成功下修1次,2022-05-17 开始转股,计算使用1.5年期 评级为AA 债参考YTM：1.5844,Y,21.989,全价：130.000 最后更新：15:34:15,,,"按下调到底估算
股东大会：2026-06-15
预估转股价：15.67
预估转股价值：92.15
期权价值：9.24
理论价值：118.57
理论偏离度：8.79%",1,{'M': ''},0,0,N,,,buy,buy
2026-06-04 10:47:32,123269,金杨转债,jyzz,163.19,-2.46,301210,金杨精密,jygf,26.42,-3.22,2.25,28.32,93.29,144,74.93,238.12,630701,电力设备,szcy,C,2026-05-11,[],0,0,buy,AA-,,19.824,36.816,61.0,buy,2032-04-19,5.88,9.8,6823.23,8165.78,4.25,-6.02,,0,15:34:27,00,Y,N,0,0,Y,,未到转股期；2026-10-26 开始转股,计算使用5.9年期 评级为AA- 债参考YTM：3.3317,N,9.8,全价：163.190 最后更新：15:34:27,,,,0,{'M': ''},0,0,N,,,buy,buy
2026-06-04 10:47:32,123223,九典转02,jdz02,135.82,-1.22,300705,九典制药,jdzy,11.28,-2.08,2.1,14.55,77.53,0,75.19,211.01,370102,医药生物,szcy,C,2023-10-13,[],0,0,buy,A+,,10.185,18.915,4.9,buy,2029-09-15,3.285,2.053,577.95,4811.96,2.07,-4.28,,0,15:34:39,00,Y,N,0,0,Y,,2024-03-21 开始转股,计算使用3.3年期 评级为A+ 债参考YTM：4.7722,N,3.6,全价：135.820 最后更新：15:34:39,,,,0,[],0,0,N,,,buy,buy
2026-06-04 10:47:32,111021,奥锐转债,arzz,133.674,-1.17,605116,奥锐特,art,18.9,-1.56,2.82,24.94,75.78,0,76.39,210.06,370101,医药生物,shmb,C,2024-08-15,[],0,0,buy,AA-,,17.458,32.422,10.6,buy,2030-07-26,4.145,8.121,1997.98,5398.35,1.84,-2.68,,0,14:59:13,00,Y,N,0,0,Y,,2025-02-05 开始转股,计算使用4.2年期 评级为AA- 债参考YTM：2.4855,N,8.121,全价：133.674 最后更新：14:59:13,,,,0,[],0,0,N,,,buy,buy
2026-06-04 10:47:32,123214,东宝转债,dbzz,131.278,-1.53,300239,东宝生物,dbsw,4.92,-1.6,1.68,6.62,74.32,0,76.64,207.92,370304,医药生物,szcy,C,2023-08-18,[],0,0,buy,A+,,4.634,8.606,15.7,buy,2029-07-31,3.159,4.549,959.63,5928.71,1.6,-3.52,,0,15:34:30,00,Y,N,0,0,Y,,2024-02-05 开始转股,计算使用3.2年期 评级为A+ 债参考YTM：4.7555,N,4.55,全价：131.278 最后更新：15:34:30,,,,0,[],0,0,N,,,buy,buy
2026-06-04 10:47:32,118066,统联转债,tlzz,146.837,-1.64,688210,统联精密,tljm,46.61,-1.87,5.8,56.2,82.94,94,77.05,223.89,270504,电子,shkc,C,2026-03-20,[],0,0,buy,AA-,,39.34,73.06,7.6,buy,2032-03-02,5.748,5.76,4744.11,17043.23,5.54,-4.4,,0,14:59:55,00,Y,N,0,0,Y,,未到转股期；2026-09-06 开始转股,计算使用5.8年期 评级为AA- 债参考YTM：3.2484,N,5.76,全价：146.837 最后更新：14:59:55,,,,0,{'M': ''},0,0,N,,,buy,buy
2026-06-04 10:47:32,118065,艾为转债,awzz,159.825,-0.64,688798,艾为电子,awdz,70.99,-2.89,3.84,79.4,89.41,54,78.76,238.59,270105,电子,shkc,C,2026-02-26,[],0,0,buy,AA+,,55.58,103.22,19.7,buy,2032-01-22,5.638,19.01,7480.53,32829.95,2.45,-6.12,,0,14:59:44,00,Y,N,0,0,Y,,未到转股期；2026-07-28 开始转股,计算使用5.7年期 评级为AA+ 债参考YTM：1.8606,N,19.01,全价：159.825 最后更新：14:59:44,,,,0,{'M': ''},0,0,N,,,buy,buy
2026-06-04 10:47:32,118063,金05转债,j05zz,191.429,0.87,688676,金盘科技,jpkj,94.69,-1.35,8.12,88.6,106.87,27,79.12,270.55,630801,电力设备,shkc,C,2026-01-14,[],0,0,buy,AA+,,62.02,115.18,3.8,buy,2031-12-24,5.559,16.71,12094.83,146809.62,3.79,-9.35,,0,14:59:56,00,Y,N,0,0,Y,,未到转股期；2026-07-01 开始转股,计算使用5.6年期 评级为AA+ 债参考YTM：1.8485,N,16.71,全价：191.429 最后更新：14:59:56,,,,0,{'M': ''},0,0,N,,,buy,buy
2026-06-04 10:47:32,113636,甬金转债,yjzz,126.947,-1.42,603995,甬金股份,yjgf,18.9,-3.47,1.15,26.74,70.68,0,79.61,206.56,230501,钢铁,shmb,C,2021-12-31,[],0,0,buy,AA-,,18.718,34.762,14.5,buy,2027-12-13,1.526,9.995,3707.03,15933.86,2.91,-5.01,,0,14:59:59,00,Y,N,1,1,N,"转股价下修1次，成功下修1次
2026-05-29 至 2026-06-04 期间暂停转股：权益分派
转股价26.740生效日期2025-09-23",2022-06-17 开始转股;2026-05-29 至 2026-06-04 期间暂停转股：权益分派,计算使用1.6年期 评级为AA- 债参考YTM：1.9105,N,10.0,全价：126.947 最后更新：14:59:59,,,,1,{'M': ''},0,0,N,,,buy,buy
2026-06-04 10:47:32,123220,易瑞转债,yrzz,130.808,-0.83,300942,易瑞生物,yrsw,6.43,-2.13,2.92,8.85,72.66,0,80.04,210.85,370504,医药生物,szcy,C,2023-09-06,[],0,0,buy,A+,,6.195,11.505,11.2,buy,2029-08-18,3.208,2.907,883.82,2919.05,2.32,-2.98,,0,15:34:36,00,Y,N,1,1,Y,转股价下修1次，成功下修1次,2024-02-26 开始转股,计算使用3.3年期 评级为A+ 债参考YTM：4.7722,N,3.28,全价：130.808 最后更新：15:34:36,,,,0,{'M': ''},0,0,N,,,buy,buy
2026-06-04 10:47:32,113702,斯达转债,sdzz,208.158,3.52,603290,斯达半导,sdbd,121.33,2.86,4.17,105.3,115.22,140,80.66,288.82,270102,电子,shmb,C,2026-05-11,[],0,0,buy,AA+,,73.71,136.89,5.2,buy,2032-04-15,5.869,15.0,88036.4,112970.69,28.39,-10.18,,0,15:00:00,00,Y,N,0,0,Y,,未到转股期；2026-10-22 开始转股,计算使用5.9年期 评级为AA+ 债参考YTM：1.8841,N,15.0,全价：208.158 最后更新：15:00:00,,,,0,{'M': ''},0,0,N,,,buy,buy
2026-06-04 10:47:32,123262,神宇转债,syzz,142.152,-1.96,300563,神宇股份,sygf,30.35,-2.66,4.65,38.62,78.59,13,80.89,223.04,730205,通信,szcy,C,2025-12-30,[],0,0,buy,AA-,,27.034,50.206,12.6,buy,2031-12-11,5.523,5.0,6377.76,28025.95,8.87,-4.01,,0,15:33:54,00,Y,N,0,0,Y,,未到转股期；2026-06-17 开始转股,计算使用5.6年期 评级为AA- 债参考YTM：3.0456,N,5.0,全价：142.152 最后更新：15:33:54,,,,0,{'M': ''},0,0,N,,,buy,buy
2026-06-04 10:47:32,127083,山路转债,slzz,122.232,-0.36,000498,山东路桥,sdlq,5.13,-1.91,0.3,7.61,67.41,0,81.32,203.55,620306,建筑装饰,szmb,C,2023-04-26,[],0,0,buy,AAA,,5.327,9.893,65.0,buy,2029-03-24,2.806,48.359,5147.68,3872.31,0.87,-3.34,,0,15:34:27,00,Y,N,0,0,Y,,2023-10-09 开始转股,计算使用2.9年期 评级为AAA 债参考YTM：1.6116,N,48.36,全价：122.232 最后更新：15:34:27,,,,0,{'M': ''},0,0,N,,,buy,buy
2026-06-04 10:47:32,113616,韦尔转债,wezz,112.95,-0.45,603501,XD豪威集,hwjt,98.86,-1.93,3.77,159.02,62.17,0,81.68,194.63,270104,电子,shmb,C,2021-01-22,[],0,0,buy,AA+,,111.314,206.726,2.0,buy,2026-12-28,0.567,24.324,10343.07,397776.72,3.76,-4.61,,0,14:59:56,00,Y,N,0,0,Y,,2021-07-05 开始转股,计算使用0.6年期 评级为AA+ 债参考YTM：1.4580,N,24.4,全价：112.950 最后更新：14:59:56,,,,0,{'M': ''},0,0,N,,,buy,buy
2026-06-04 10:47:32,123263,鼎捷转债,djzz,150.749,-2.67,300378,鼎捷数智,djsz,36.02,-4.83,4.16,43.42,82.96,15,81.72,232.47,710402,计算机,szcy,C,2025-12-31,[],0,0,buy,AA,,,56.446,8.5,buy,2031-12-15,5.534,8.277,12020.82,56151.48,9.61,-5.05,,0,15:34:51,00,Y,N,0,0,Y,,未到转股期；2026-06-19 开始转股,计算使用5.6年期 评级为AA 债参考YTM：2.0748,N,8.28,全价：150.749 最后更新：15:34:51,,,,0,{'M': ''},0,0,N,,,buy,buy
2026-06-04 10:47:32,113634,珀莱转债,plzz,128.567,0.15,603605,珀莱雅,bly,66.48,3.39,4.11,95.46,69.64,0,84.61,213.18,770202,美容护理,shmb,C,2022-01-04,[],0,0,buy,AA,,66.822,124.098,2.9,buy,2027-12-08,1.512,7.507,9474.27,66388.78,9.82,-6.22,,0,14:59:56,00,Y,N,0,0,Y,,2022-06-14 开始转股,计算使用1.6年期 评级为AA 债参考YTM：1.5964,N,7.517,全价：128.567 最后更新：14:59:56,,,,1,{'M': ''},0,0,N,,,buy,buy
2026-06-04 10:47:32,123265,耐普转02,npz02,147.55,-2.15,300818,耐普矿机,npkj,23.54,-3.88,2.72,29.5,79.8,48,84.91,232.46,640103,机械设备,szcy,C,2026-01-30,[],0,0,buy,A+,,20.65,38.35,13.5,buy,2032-01-15,5.619,4.5,2800.47,10456.28,4.19,-3.82,,0,15:33:54,00,Y,N,0,0,Y,,未到转股期；2026-07-22 开始转股,计算使用5.7年期 评级为A+ 债参考YTM：5.5004,N,4.5,全价：147.550 最后更新：15:33:54,,,,0,[],0,0,N,,,buy,buy
2026-06-04 10:47:32,113655,欧22转债,o22zz,126.001,-1.86,603833,欧派家居,opjj,35.95,-2.55,1.16,52.77,68.13,0,84.95,210.95,360308,轻工制造,shmb,C,2022-09-01,[],0,0,buy,AA,,36.939,68.601,9.1,buy,2028-08-05,2.173,19.999,6064.01,11912.7,2.39,-4.08,,0,14:59:52,00,Y,N,1,1,Y,转股价下修1次，成功下修1次,2023-02-13 开始转股,计算使用2.2年期 评级为AA 债参考YTM：1.6726,N,20.0,全价：126.001 最后更新：14:59:52,,,,0,{'M': ''},0,0,N,,,buy,buy
2026-06-04 10:47:32,113679,芯能转债,xnzz,127.785,-1.62,603105,芯能科技,xnkj,8.64,-2.04,1.9,12.55,68.85,0,85.61,213.4,410106,公用事业,shmb,C,2023-11-24,[],0,0,buy,AA-,,8.785,16.315,20.4,buy,2029-10-26,3.397,8.798,2417.68,7810.36,2.14,-1.99,,0,14:58:54,00,Y,N,0,0,Y,,2024-05-06 开始转股,计算使用3.4年期 评级为AA- 债参考YTM：2.4280,N,8.8,全价：127.785 最后更新：14:58:54,,,,0,{'M': ''},0,0,N,,,buy,buy
2026-06-04 10:47:32,113610,灵康转债,lkzz,116.606,-0.68,603669,灵康药业,lkyy,4.07,-4.46,4.65,6.5,62.62,0,86.23,202.84,370102,医药生物,shmb,C,2020-12-22,[],0,0,buy,A-,,4.55,8.45,8.7,buy,2026-12-01,0.493,2.53,1476.62,5477.54,5.0,-2.81,,0,14:59:29,00,Y,N,2,2,Y,转股价下修2次，成功下修2次,2021-06-07 开始转股,计算使用0.5年期 评级为A- 债参考YTM：8.7578,N,5.25,全价：116.606 最后更新：14:59:29,,,,1,[],0,0,N,,,buy,buy
2026-06-04 10:47:32,118024,冠宇转债,gyzz,125.658,-1.02,688772,珠海冠宇,zhgy,15.21,-3.12,2.27,22.59,67.33,0,86.63,212.29,630701,电力设备,shkc,C,2022-11-17,[],0,0,buy,AA,,15.813,27.108,17.9,buy,2028-10-24,2.392,30.889,6512.58,43526.72,1.67,-3.6,,0,14:59:30,00,Y,N,0,0,Y,,2023-04-28 开始转股,计算使用2.4年期 评级为AA 债参考YTM：1.7035,N,30.89,全价：125.658 最后更新：14:59:30,,,,0,{'M': ''},0,0,N,120%,,buy,buy
2026-06-04 10:47:32,118067,上26转债,s26zz,143.351,-0.06,688533,上声电子,ssdz,24.71,-0.96,2.25,32.6,75.8,112,89.12,232.47,280206,汽车,shkc,C,2026-04-14,[],0,0,buy,A+,,22.82,42.38,8.0,buy,2032-03-17,5.789,3.25,1181.21,2150.85,2.53,-3.37,,0,14:59:57,00,Y,N,0,0,N,2026-05-28 至 2026-06-05 期间暂停转股：权益分派,未到转股期；2026-09-24 开始转股;2026-05-28 至 2026-06-05 期间暂停转股：权益分派,计算使用5.8年期 评级为A+ 债参考YTM：5.5981,N,3.25,全价：143.351 最后更新：14:59:57,,,,0,{'M': ''},0,0,N,,,buy,buy
2026-06-04 10:47:32,113656,嘉诚转债,jczz,124.975,-0.57,603535,嘉诚国际,jcgj,6.83,-2.84,1.35,10.35,65.99,0,89.38,214.36,420805,交通运输,shmb,C,2022-10-12,[],0,0,buy,AA-,,7.245,13.455,22.9,buy,2028-09-01,2.247,7.998,4399.94,2962.6,4.4,-2.39,,0,14:58:44,00,Y,N,0,0,Y,,2023-03-07 开始转股,计算使用2.3年期 评级为AA- 债参考YTM：2.0823,N,8.0,全价：124.975 最后更新：14:58:44,,,,0,[],0,0,N,,,buy,buy
2026-06-04 10:47:32,113627,太平转债,tpzz,116.862,-0.35,603877,太平鸟,tpn,12.85,-2.8,1.31,20.88,61.54,0,89.89,206.75,350209,纺织服饰,shmb,C,2021-08-06,[],0,0,buy,AA,,14.616,27.144,13.3,buy,2027-07-15,1.112,7.997,6317.68,6458.8,6.71,-3.97,,0,14:59:50,00,Y,N,1,1,N,"转股价下修1次，成功下修1次
2026-05-29 至 2026-06-04 期间暂停转股：权益分派
转股价20.880生效日期2025-06-13",2022-01-21 开始转股;2026-05-29 至 2026-06-04 期间暂停转股：权益分派,计算使用1.2年期 评级为AA 债参考YTM：1.5461,N,8.0,全价：116.862 最后更新：14:59:50,,,,0,{'M': ''},0,0,N,,,buy,buy
2026-06-04 10:47:32,123192,科思转债,kszz,127.0,-1.3,300856,科思股份,ksgf,11.59,-5.23,1.96,17.39,66.65,0,90.55,217.55,770201,美容护理,szcy,C,2023-05-11,[],0,0,buy,AA-,,12.173,22.607,13.5,buy,2029-04-13,2.86,7.187,4037.22,7566.4,4.41,-2.43,,0,15:34:24,00,Y,N,0,0,Y,,2023-10-19 开始转股,计算使用2.9年期 评级为AA- 债参考YTM：2.3177,N,7.249,全价：127.000 最后更新：15:34:24,,,,0,{'M': ''},0,0,N,,,buy,buy
2026-06-04 10:47:32,123138,丝路转债,slzz,130.805,-1.14,300556,丝路视觉,slsj,17.99,-3.12,5.15,26.53,67.81,0,92.9,223.71,710401,计算机,szcy,C,2022-03-22,[],0,0,buy,A,,18.571,34.489,12.3,buy,2028-03-02,1.745,2.393,1010.54,8950.54,3.22,-6.04,,0,15:33:57,00,Y,N,0,0,Y,,2022-09-08 开始转股,计算使用1.8年期 评级为A 债参考YTM：6.6416,N,2.4,全价：130.805 最后更新：15:33:57,,,,1,[],0,0,N,,,buy,buy
2026-06-04 10:47:32,123266,博士转债,bszz,142.96,-1.36,300622,博士眼镜,bsyj,15.9,-3.46,5.36,21.54,73.82,112,93.67,236.63,450401,商贸零售,szcy,C,2026-04-07,[],0,0,buy,AA,,15.078,28.002,10.7,buy,2032-03-17,5.789,3.75,2298.89,11418.67,4.27,-3.65,,0,15:33:57,00,Y,N,0,0,Y,,未到转股期；2026-09-24 开始转股,计算使用5.8年期 评级为AA 债参考YTM：2.1166,N,3.75,全价：142.960 最后更新：15:33:57,,,,0,[],0,0,N,,,buy,buy
2026-06-04 10:47:32,118015,芯海转债,xhzz,134.133,-1.92,688595,芯海科技,xhkj,38.17,-3.29,7.72,55.22,69.12,0,94.05,228.18,270104,电子,shkc,C,2022-08-18,[],0,0,buy,A+,,38.654,71.786,7.5,buy,2028-07-21,2.132,4.1,4763.97,40179.09,8.6,-5.52,,0,14:59:56,00,Y,N,0,0,Y,,2023-01-30 开始转股,计算使用2.2年期 评级为A+ 债参考YTM：4.3885,N,4.1,全价：134.133 最后更新：14:59:56,,,,0,{'M': ''},0,0,N,,,buy,buy
2026-06-04 10:47:32,118042,奥维转债,awzz,134.693,-3.46,688516,奥特维,atw,58.58,0.24,4.82,84.42,69.39,0,94.11,228.8,630505,电力设备,shkc,C,2023-09-01,[],0,0,buy,AA-,,59.094,109.746,6.2,buy,2029-08-10,3.186,11.399,11081.39,67268.97,7.09,-3.81,,0,14:59:47,00,Y,N,0,0,Y,,2024-02-19 开始转股,计算使用3.2年期 评级为AA- 债参考YTM：2.4015,N,11.4,全价：134.693 最后更新：14:59:47,,,,0,{'M': ''},0,0,N,,,buy,buy
2026-06-04 10:47:32,123122,富瀚转债,fhzz,125.99,-0.44,300613,富瀚微,fhw,59.38,-0.47,4.6,91.5,64.9,0,94.14,220.13,270104,电子,szcy,C,2021-08-24,[],0,0,buy,A+,,64.05,118.95,4.4,buy,2027-08-06,1.173,5.801,3241.14,52066.37,4.42,-6.22,,0,15:34:06,00,Y,N,0,0,Y,,2022-02-14 开始转股,计算使用1.2年期 评级为A+ 债参考YTM：4.1618,N,5.812,全价：125.990 最后更新：15:34:06,,,,0,{'M': ''},0,0,N,,,buy,buy
2026-06-04 10:47:32,113647,禾丰转债,hfzz,119.663,-0.48,603609,禾丰股份,hfgf,6.17,-2.37,0.85,10.09,61.15,0,95.69,215.35,110402,农林牧渔,shmb,C,2022-05-18,[],0,0,buy,AA,,7.063,13.117,26.2,buy,2028-04-22,1.885,14.669,3219.51,1741.26,1.83,-2.66,,0,14:59:25,00,Y,N,0,0,Y,,2022-10-28 开始转股,计算使用1.9年期 评级为AA 债参考YTM：1.6323,N,15.0,全价：119.663 最后更新：14:59:25,,,,1,{'M': ''},0,0,N,,,buy,buy
2026-06-04 10:47:32,113625,江山转债,jszz,120.533,-0.54,603208,江山欧派,jsop,12.18,-2.33,2.05,19.84,61.39,0,96.34,216.87,360308,轻工制造,shmb,C,2021-07-01,[],0,0,buy,AA-,,13.888,25.792,27.2,buy,2027-06-11,1.019,5.825,3132.41,2114.74,4.46,-0.03,,0,14:58:12,00,Y,N,1,1,Y,转股价下修1次，成功下修1次,2021-12-20 开始转股,计算使用1.1年期 评级为AA- 债参考YTM：1.8067,N,5.83,全价：120.533 最后更新：14:58:12,,,,0,[],0,0,N,,,buy,buy
2026-06-04 10:47:32,127098,欧晶转债,ojzz,128.8,-1.08,001269,欧晶科技,ojkj,27.53,-3.57,6.95,42.0,65.55,0,96.5,225.3,630504,电力设备,szmb,C,2023-12-15,[],0,0,buy,AA-,,29.4,54.6,8.9,buy,2029-11-24,3.477,4.693,3856.42,28315.06,6.36,-3.0,,0,15:33:57,00,Y,N,1,1,Y,转股价下修1次，成功下修1次,2024-05-30 开始转股,计算使用3.5年期 评级为AA- 债参考YTM：2.4356,N,4.7,全价：128.800 最后更新：15:33:57,,,,0,[],0,0,N,,,buy,buy
2026-06-04 10:47:32,123168,惠云转债,hyzz,126.54,-1.44,300891,惠云钛业,hyty,6.89,-2.68,2.16,10.74,64.15,0,97.25,223.79,220206,基础化工,szcy,C,2022-12-14,[],0,0,buy,AA-,,7.518,13.962,21.3,buy,2028-11-23,2.474,4.899,2858.14,4212.04,4.59,-2.6,,0,15:34:15,00,Y,N,0,0,Y,,2023-05-29 开始转股,计算使用2.5年期 评级为AA- 债参考YTM：2.1592,N,4.9,全价：126.540 最后更新：15:34:15,,,,0,{'M': ''},0,0,N,,,buy,buy
2026-06-04 10:47:32,123193,海能转债,hnzz,128.6,-1.11,300787,海能实业,hnsy,9.4,-2.19,1.73,14.5,64.83,0,98.37,226.97,270504,电子,szcy,C,2023-05-09,[],0,0,buy,AA-,,10.15,18.85,32.5,buy,2029-04-13,2.86,5.997,1817.21,4610.79,2.35,-2.86,,0,15:34:27,00,Y,N,0,0,Y,,2023-10-19 开始转股,计算使用2.9年期 评级为AA- 债参考YTM：2.3177,N,6.0,全价：128.600 最后更新：15:34:27,,,,0,[],0,0,N,,,buy,buy
2026-06-04 10:47:32,127056,中特转债,ztzz,124.794,0.0,000708,中信特钢,zxtg,13.66,-0.29,1.53,21.78,62.72,0,98.98,223.77,230501,钢铁,szmb,C,2022-04-15,[],0,0,buy,AAA,,15.246,28.314,7.3,buy,2028-02-25,1.729,49.996,4178.84,20794.79,0.67,-8.3,,0,15:34:45,00,Y,N,0,0,Y,,2022-09-05 开始转股,计算使用1.8年期 评级为AAA 债参考YTM：1.5035,N,50.0,全价：124.794 最后更新：15:34:45,,,,1,{'M': ''},0,0,N,,,buy,buy
2026-06-04 10:47:32,113652,伟22转债,w22zz,129.45,-0.63,603568,伟明环保,wmhb,14.46,-2.1,1.92,22.23,65.05,0,99.01,228.46,760103,环保,shmb,C,2022-08-12,[],0,0,buy,AA,,15.561,28.899,5.0,buy,2028-07-22,2.134,14.766,3324.22,11845.05,1.73,-6.17,,0,14:59:53,00,Y,N,2,1,Y,转股价下修2次，成功下修1次,2023-01-30 开始转股,计算使用2.2年期 评级为AA 债参考YTM：1.6726,N,14.77,全价：129.450 最后更新：14:59:53,,,,0,{'M': ''},0,0,N,,,buy,buy
2026-06-04 10:47:32,113648,巨星转债,jxzz,119.695,-2.09,603477,巨星农牧,jxnm,14.95,-4.29,2.84,24.86,60.14,0,99.04,218.74,110702,农林牧渔,shmb,C,2022-05-17,[],0,0,buy,AA-,,17.402,32.318,11.8,buy,2028-04-25,1.893,8.997,6293.26,14240.75,5.8,-3.37,,0,14:59:43,00,Y,N,0,0,Y,,2022-10-31 开始转股,计算使用1.9年期 评级为AA- 债参考YTM：1.9740,N,10.0,全价：119.695 最后更新：14:59:43,,,,1,{'M': ''},0,0,N,,,buy,buy
2026-06-04 10:47:32,111009,盛泰转债,stzz,126.081,-1.19,605138,盛泰集团,stjt,6.65,-4.32,1.43,10.56,62.97,0,100.21,226.29,350209,纺织服饰,shmb,C,2022-12-01,[],0,0,buy,AA,,7.392,13.728,19.0,buy,2028-11-07,2.43,7.011,2399.21,3340.07,2.7,-4.38,,0,14:58:02,00,Y,N,0,0,Y,,2023-05-11 开始转股,计算使用2.5年期 评级为AA 债参考YTM：1.7198,N,7.012,全价：126.081 最后更新：14:58:02,,,,0,[],0,0,N,,,buy,buy
2026-06-04 10:47:32,123229,艾录转债,alzz,131.1,-1.43,301062,上海艾录,shal,6.54,-1.8,2.08,10.0,65.4,0,100.46,231.56,360205,轻工制造,szcy,C,2023-11-20,[],0,0,buy,A+,,7.0,13.0,9.9,buy,2029-10-23,3.389,1.779,1310.53,3696.31,5.6,-2.56,,0,15:34:24,00,Y,N,0,0,Y,,2024-04-29 开始转股,计算使用3.4年期 评级为A+ 债参考YTM：4.7839,N,5.0,全价：131.100 最后更新：15:34:24,,,,0,{'M': ''},0,0,N,,,buy,buy
2026-06-04 10:47:32,127060,湘佳转债,xjzz,120.095,-0.88,002982,湘佳股份,xjgf,12.58,-2.02,1.47,21.03,59.82,0,100.76,220.86,110703,农林牧渔,szmb,C,2022-06-10,[],0,0,buy,A+,,14.721,27.339,39.1,buy,2028-04-19,1.877,6.399,1928.81,10215.67,2.5,-3.86,,0,15:34:36,00,Y,N,0,0,Y,,2022-10-25 开始转股,计算使用1.9年期 评级为A+ 债参考YTM：4.3136,N,6.4,全价：120.095 最后更新：15:34:36,,,,1,[],0,0,N,,,buy,buy
2026-06-04 10:47:32,123260,卓镁转债,zmzz,148.109,-1.91,301398,星源卓镁,xyzm,38.34,0.63,3.85,52.3,73.31,0,102.04,250.15,280202,汽车,szcy,C,2025-11-24,[],0,0,buy,A+,,36.61,67.99,31.5,buy,2031-11-07,5.43,4.499,2512.04,7493.51,3.75,-4.02,,0,15:34:45,00,Y,N,0,0,Y,,2026-05-13 开始转股,计算使用5.5年期 评级为A+ 债参考YTM：5.2869,N,4.5,全价：148.109 最后更新：15:34:45,,,,0,{'M': ''},0,0,N,,,buy,buy
2026-06-04 10:47:32,127044,蒙娜转债,mnzz,127.188,-1.04,002918,蒙娜丽莎,mnls,12.42,-2.59,1.55,19.84,62.6,0,103.17,230.36,360306,轻工制造,szmb,C,2021-09-16,[],0,0,buy,AA-,,13.888,25.792,12.7,buy,2027-08-16,1.2,3.368,4459.95,20259.02,10.4,-8.96,,0,15:34:39,00,Y,N,1,1,Y,转股价下修1次，成功下修1次,2022-02-21 开始转股,计算使用1.2年期 评级为AA- 债参考YTM：1.8269,N,11.689,全价：127.188 最后更新：15:34:39,,,,0,[],0,0,N,,,buy,buy
2026-06-04 10:47:32,113693,志邦转债,zbzz,123.5,-0.31,603801,志邦家居,zbjj,6.95,-2.25,0.94,11.52,60.33,0,104.71,228.21,360308,轻工制造,shmb,C,2025-04-08,[],0,0,buy,AA,,8.064,14.976,22.2,buy,2031-03-18,4.789,6.7,1737.47,2930.34,2.1,-1.63,,0,14:59:36,00,Y,N,0,0,Y,,2025-09-24 开始转股,计算使用4.8年期 评级为AA 债参考YTM：1.9686,N,6.7,全价：123.500 最后更新：14:59:36,,,,0,[],0,0,N,,,buy,buy
2026-06-04 10:47:32,123196,正元转02,zyz02,126.49,-1.33,300645,正元智慧,zyzh,13.53,-2.52,1.73,21.91,61.75,0,104.83,231.32,710103,计算机,szcy,C,2023-05-19,[],0,0,buy,A+,,15.337,28.483,18.6,buy,2029-04-18,2.874,3.501,1462.0,4636.74,3.29,-2.34,,0,15:34:21,00,Y,N,2,1,Y,转股价下修2次，成功下修1次,2023-10-24 开始转股,计算使用2.9年期 评级为A+ 债参考YTM：4.6653,N,3.507,全价：126.490 最后更新：15:34:21,,,,0,[],0,0,N,,,buy,buy
2026-06-04 10:47:32,128119,龙大转债,ldzz,83.6,3.59,002726,ST龙大,ldms,1.69,0.0,3.03,4.2,40.24,0,107.76,191.36,340401,食品饮料,szmb,C,2020-08-07,[],0,0,buy,B,,2.94,5.46,51.9,buy,2026-07-13,0.107,9.459,19220.07,6091.49,24.74,351.68,,0,15:34:03,00,Y,N,2,1,Y,转股价下修2次，成功下修1次,2021-01-18 开始转股,计算使用0.2年期 评级为B 债参考YTM：32.7002,N,9.5,全价：83.600 最后更新：15:34:03,,,,1,[],0,0,N,,,buy,buy
2026-06-04 10:47:32,123264,双乐转债,slzz,132.719,-0.87,301036,双乐股份,slgf,23.22,-1.44,1.36,36.4,63.79,32,108.05,240.77,220305,基础化工,szcy,C,2026-01-16,[],0,0,buy,AA-,,25.48,47.32,49.4,buy,2031-12-25,5.562,8.0,1749.73,2358.47,1.64,-2.78,,0,15:34:27,00,Y,N,0,0,Y,,未到转股期；2026-07-06 开始转股,计算使用5.6年期 评级为AA- 债参考YTM：3.0456,N,8.0,全价：132.719 最后更新：15:34:27,,,,0,{'M': ''},0,0,N,,,buy,buy
2026-06-04 10:47:32,113682,益丰转债,yfzz,129.098,0.12,603939,益丰药房,yfyf,19.7,-2.04,1.97,31.84,61.87,0,108.65,237.75,370403,医药生物,shmb,C,2024-03-27,[],0,0,buy,AA,,22.288,41.392,7.5,buy,2030-03-04,3.751,17.968,3363.83,18103.32,1.45,-3.25,,0,14:58:42,00,Y,N,0,0,Y,,2024-09-09 开始转股,计算使用3.8年期 评级为AA 债参考YTM：1.8932,N,17.97,全价：129.098 最后更新：14:58:42,,,,0,{'M': ''},0,0,N,,,buy,buy
2026-06-04 10:47:32,113700,海天转债,htzz,132.322,-0.83,603759,海天股份,htgf,7.94,-1.98,1.25,12.52,63.42,68,108.65,240.97,760102,环保,shmb,C,2026-03-12,[],0,0,buy,AA,,8.764,16.276,21.8,buy,2032-02-04,5.674,8.01,1413.65,2924.28,1.33,-2.7,,0,14:59:54,00,Y,N,0,0,Y,,未到转股期；2026-08-11 开始转股,计算使用5.7年期 评级为AA 债参考YTM：2.0958,N,8.01,全价：132.322 最后更新：14:59:54,,,,0,[],0,0,N,,,buy,buy
2026-06-04 10:47:32,118020,芳源转债,fyzz,120.415,-1.12,688148,芳源股份,fygf,8.0,-2.32,7.44,14.0,57.14,0,110.73,231.15,630702,电力设备,shkc,C,2022-11-07,[],0,0,buy,BBB,,9.8,18.2,15.7,buy,2028-09-23,2.307,6.417,1784.31,9509.26,2.3,2.05,,0,14:59:38,00,Y,N,1,1,Y,转股价下修1次，成功下修1次,2023-03-29 开始转股,计算使用2.4年期 评级为BBB 债参考YTM：15.4216,N,6.42,全价：120.415 最后更新：14:59:38,,,,0,{'M': ''},0,0,N,,,buy,buy
2026-06-04 10:47:32,123175,百畅转债,bczz,116.3,-0.58,300614,百川畅银,bccy,11.22,-3.53,2.03,20.4,55.0,0,111.45,227.75,760103,环保,szcy,C,2023-03-17,[],0,0,buy,A,,14.28,26.52,23.3,buy,2029-02-22,2.723,4.199,1555.06,4060.22,3.18,0.0,,0,15:34:18,00,Y,N,2,2,Y,转股价下修2次，成功下修2次,2023-08-28 开始转股,计算使用2.8年期 评级为A 债参考YTM：6.9758,N,4.2,全价：116.300 最后更新：15:34:18,,,,0,{'M': ''},0,0,N,,,buy,buy
2026-06-04 10:47:32,123113,仙乐转债,xlzz,115.3,-0.07,300791,仙乐健康,xljk,17.22,-5.07,1.8,31.79,54.17,0,112.86,228.16,340407,食品饮料,szcy,C,2021-05-14,[],0,0,buy,AA-,,22.253,41.327,23.1,buy,2027-04-19,0.874,10.248,2452.26,4149.32,2.07,-2.28,,0,15:34:00,00,Y,N,0,0,N,2026-05-28 至 2026-06-04 期间暂停转股：权益分派,2021-10-25 开始转股;2026-05-28 至 2026-06-04 期间暂停转股：权益分派,计算使用0.9年期 评级为AA- 债参考YTM：1.7631,N,10.249,全价：115.300 最后更新：15:34:00,,,,1,[],0,0,N,,,buy,buy
2026-06-04 10:47:32,113701,祥和转债,xhzz,174.986,20.0,603500,祥和实业,xhsy,11.12,9.99,3.36,13.59,81.83,97,113.85,288.84,640501,机械设备,shmb,C,2026-03-26,[],0,0,buy,A+,,9.513,17.667,10.8,buy,2032-03-02,5.748,4.0,165460.42,14037.79,249.31,-6.59,,0,14:59:59,00,Y,N,0,0,Y,,未到转股期；2026-09-09 开始转股,计算使用5.8年期 评级为A+ 债参考YTM：5.5981,N,4.0,全价：174.986 最后更新：14:59:59,,,,0,[],0,0,N,,,buy,buy
2026-06-04 10:47:32,127068,顺博转债,sbzz,125.225,-1.58,002996,顺博合金,sbhj,6.53,-3.4,1.27,11.16,58.51,0,114.01,239.24,240301,有色金属,szmb,C,2022-09-07,[],0,0,buy,AA-,,7.812,14.508,27.7,buy,2028-08-12,2.192,8.3,1765.04,6998.3,1.69,-5.23,,0,15:34:15,00,Y,N,1,1,Y,转股价下修1次，成功下修1次,2023-02-20 开始转股,计算使用2.2年期 评级为AA- 债参考YTM：2.0484,N,8.3,全价：125.225 最后更新：15:34:15,,,,0,[],0,0,N,,,buy,buy
2026-06-04 10:47:32,113650,博22转债,b22zz,128.684,-0.65,603916,苏博特,sbt,13.68,1.86,1.34,23.03,59.4,0,116.64,245.32,220309,基础化工,shmb,C,2022-07-28,[],0,0,buy,AA-,,16.121,29.939,13.9,buy,2028-07-01,2.077,7.996,3753.34,20920.38,3.64,-3.97,,0,14:58:45,00,Y,N,0,0,Y,,2023-01-09 开始转股,计算使用2.1年期 评级为AA- 债参考YTM：2.0188,N,8.0,全价：128.684 最后更新：14:58:45,,,,0,{'M': ''},0,0,N,,,buy,buy
2026-06-04 10:47:32,127085,韵达转债,ydzz,123.5,0.16,002120,韵达股份,ydgf,6.67,-1.33,0.9,11.73,56.86,0,117.19,240.69,420804,交通运输,szmb,C,2023-05-23,[],0,0,buy,AA+,,8.211,15.249,13.0,buy,2029-04-11,2.855,24.499,3479.37,17117.09,1.15,-3.63,,0,15:33:57,00,Y,N,0,0,Y,,2023-10-17 开始转股,计算使用2.9年期 评级为AA+ 债参考YTM：1.6633,N,24.5,全价：123.500 最后更新：15:33:57,,,,0,{'M': ''},0,0,N,,,buy,buy
2026-06-04 10:47:32,127062,垒知转债,lzzz,126.106,-0.63,002398,垒知集团,lzjt,4.36,-1.8,0.82,7.59,57.44,0,119.53,245.64,610303,建筑材料,szmb,C,2022-05-20,[],0,0,buy,AA-,,5.313,9.867,14.9,buy,2028-04-21,1.882,3.958,1216.29,4335.89,2.43,-3.94,,0,15:34:39,00,Y,N,0,0,N,2026-06-01 至 2026-06-09 期间暂停转股：权益分派,2022-10-27 开始转股;2026-06-01 至 2026-06-09 期间暂停转股：权益分派,计算使用1.9年期 评级为AA- 债参考YTM：1.9740,N,3.963,全价：126.106 最后更新：15:34:39,,,,1,[],0,0,N,,,buy,buy
2026-06-04 10:47:32,118022,锂科转债,lkzz,119.911,-1.03,688779,五矿新能,wkxn,8.41,-1.98,2.21,15.53,54.15,0,121.43,241.34,630702,电力设备,shkc,C,2022-11-07,[],0,0,buy,AA,,10.871,20.189,20.0,buy,2028-10-11,2.356,32.497,5016.31,21700.75,1.28,-2.42,,0,14:59:49,00,Y,N,0,0,Y,,2023-04-17 开始转股,计算使用2.4年期 评级为AA 债参考YTM：1.7035,N,32.5,全价：119.911 最后更新：14:59:49,,,,0,{'M': ''},0,0,N,,,buy,buy
2026-06-04 10:47:32,113666,爱玛转债,amzz,124.453,0.14,603529,爱玛科技,amkj,20.73,-2.17,1.76,36.95,56.1,0,121.83,246.28,280401,汽车,shmb,C,2023-03-20,[],0,0,buy,AA,,25.865,48.035,11.4,buy,2029-02-23,2.726,19.994,1540.2,13220.23,0.62,-3.44,,0,14:59:06,00,Y,N,0,0,Y,,2023-09-01 开始转股,计算使用2.8年期 评级为AA 债参考YTM：1.7696,N,20.0,全价：124.453 最后更新：14:59:06,,,,0,{'M': ''},0,0,N,,,buy,buy
2026-06-04 10:47:32,123157,科蓝转债,klzz,127.011,-0.86,300663,科蓝软件,klrj,7.55,-3.82,9.62,13.2,57.2,0,122.06,249.07,710401,计算机,szcy,C,2022-09-20,[],0,0,buy,A,,9.24,17.16,6.7,buy,2028-08-30,2.241,2.34,1500.67,13343.91,5.04,-3.0,,0,15:34:09,00,Y,N,2,1,Y,转股价下修2次，成功下修1次,2023-03-06 开始转股,计算使用2.3年期 评级为A 债参考YTM：6.7728,Y,4.946,全价：127.011 最后更新：15:34:09,,,"按下调到底估算
股东大会：2026-06-12
预估转股价：8.93
预估转股价值：84.55
期权价值：17.63
理论价值：120.54
理论偏离度：5.09%",0,{'M': ''},0,0,N,,,buy,buy
2026-06-04 10:47:32,123180,浙矿转债,zkzz,133.748,-0.67,300837,浙矿股份,zkgf,27.94,-1.9,1.91,47.59,58.71,0,127.81,261.56,640203,机械设备,szcy,C,2023-03-28,[],0,0,buy,AA-,,33.313,61.867,15.1,buy,2029-03-09,2.764,3.197,3053.39,5113.23,7.11,-4.35,,0,15:33:54,00,Y,N,0,0,Y,,2023-09-15 开始转股,计算使用2.8年期 评级为AA- 债参考YTM：2.2803,N,3.2,全价：133.748 最后更新：15:33:54,,,,0,[],0,0,N,,,buy,buy
2026-06-04 10:47:32,123267,珂玛转债,kmzz,256.69,8.08,301611,珂玛科技,kmkj,107.99,10.42,25.72,97.47,110.79,140,131.68,388.37,270103,电子,szcy,C,2026-05-13,[],0,0,buy,AA,,68.229,126.711,4.7,buy,2032-04-15,5.869,7.5,300087.47,264545.53,156.94,-13.09,,0,15:34:00,00,Y,N,0,0,Y,,未到转股期；2026-10-22 开始转股,计算使用5.9年期 评级为AA 债参考YTM：2.1366,N,7.5,全价：256.690 最后更新：15:34:00,,,,0,{'M': ''},0,0,N,,,buy,buy
2026-06-04 10:47:32,111014,李子转债,lzzz,123.852,-0.65,605337,李子园,lzy,9.42,-2.69,2.16,18.37,51.28,0,141.52,265.37,340701,食品饮料,shmb,C,2023-07-13,[],0,0,buy,AA,,12.859,23.881,16.3,buy,2029-06-20,3.047,5.999,1795.46,3084.27,2.41,-2.09,,0,14:59:36,00,Y,N,0,0,Y,,2023-12-28 开始转股,计算使用3.1年期 评级为AA 债参考YTM：1.8167,N,6.0,全价：123.852 最后更新：14:59:36,,,,0,[],0,0,N,,,buy,buy
2026-06-04 10:47:32,113638,台21转债,t21zz,122.861,-0.38,603055,XD台华新,thxc,8.08,-3.35,1.32,16.01,50.47,0,143.44,266.3,350106,纺织服饰,shmb,C,2022-01-21,[],0,0,buy,AA,,11.207,20.813,8.4,buy,2027-12-29,1.57,5.997,2482.04,7343.09,3.37,-4.82,,0,14:59:43,00,Y,N,0,0,Y,,2022-07-05 开始转股,计算使用1.6年期 评级为AA 债参考YTM：1.5964,N,6.0,全价：122.861 最后更新：14:59:43,,,,0,{'M': ''},0,0,N,,,buy,buy
2026-06-04 10:47:32,123117,健帆转债,jfzz,117.291,-0.47,300529,健帆生物,jfsw,17.25,-2.71,3.72,38.15,45.22,0,159.4,276.69,370503,医药生物,szcy,C,2021-07-12,[],0,0,buy,AA,,26.705,49.595,11.3,buy,2027-06-23,1.052,9.998,1874.64,6486.06,1.6,-4.53,,0,15:34:48,00,Y,N,2,2,Y,转股价下修2次，成功下修2次,2021-12-29 开始转股,计算使用1.1年期 评级为AA 债参考YTM：1.5320,N,10.0,全价：117.291 最后更新：15:34:48,,,,0,{'M': ''},0,0,N,,,buy,buy
2026-06-04 10:47:32,123090,三诺转债,snzz,112.371,-0.46,300298,三诺生物,snsw,14.84,-1.72,2.68,34.46,43.06,0,160.94,273.31,370502,医药生物,szcy,C,2021-01-12,[],0,0,buy,AA,,24.122,44.798,7.4,buy,2026-12-21,0.548,4.984,1394.18,5027.09,2.48,-0.6,,0,15:33:54,00,Y,N,0,0,Y,,2021-06-25 开始转股,计算使用0.6年期 评级为AA 债参考YTM：1.4780,N,5.0,全价：112.371 最后更新：15:33:54,,,,0,{'M': ''},0,0,N,,,buy,buy
2026-06-04 10:47:32,113049,长汽转债,cqzz,111.16,-0.9,601633,长城汽车,ccqc,16.66,-1.94,1.61,39.16,42.54,0,161.29,272.45,280502,汽车,shmb,C,2021-07-08,[],0,0,buy,AAA,,27.412,50.908,3.4,buy,2027-06-10,1.016,34.95,3553.34,36989.11,0.91,-2.39,,0,14:59:42,00,Y,N,0,0,N,2026-06-04 至 2026-06-04 期间暂停转股：回购注销,2021-12-17 开始转股;2026-06-04 至 2026-06-04 期间暂停转股：回购注销,计算使用1.1年期 评级为AAA 债参考YTM：1.4779,N,35.0,全价：111.160 最后更新：14:59:42,,,,1,{'M': ''},0,0,N,,,buy,buy
2026-06-04 10:47:32,123250,嘉益转债,jyzz,125.643,-1.68,301004,嘉益股份,jygf,35.74,-3.54,2.81,79.66,44.87,0,180.04,305.68,360311,轻工制造,szcy,C,2024-11-26,[],0,0,buy,A+,,55.762,103.558,8.1,buy,2030-11-07,4.43,3.955,2935.36,2595.33,5.88,-1.3,,0,15:34:42,00,Y,N,0,0,Y,,2025-05-13 开始转股,计算使用4.5年期 评级为A+ 债参考YTM：4.8785,N,3.979,全价：125.643 最后更新：15:34:42,,,,0,{'M': ''},0,0,N,,,buy,buy
2026-06-04 10:47:32,113670,金23转债,j23zz,124.433,-0.48,603180,金牌家居,jpjj,16.09,-4.79,0.91,37.64,42.75,0,191.09,315.52,360308,轻工制造,shmb,C,2023-05-16,[],0,0,buy,AA,,26.348,48.932,31.0,buy,2029-04-17,2.871,7.7,2695.56,3687.4,2.81,-1.77,,0,14:58:31,00,Y,N,0,0,Y,,2023-10-23 开始转股,计算使用2.9年期 评级为AA 债参考YTM：1.7859,N,7.7,全价：124.433 最后更新：14:58:31,,,,0,[],0,0,N,,,buy,buy
2026-06-04 10:47:32,113660,寿22转债,s22zz,124.918,-0.55,603896,寿仙谷,sxg,15.8,0.51,1.37,36.84,42.89,0,191.26,316.18,370201,医药生物,shmb,C,2022-12-12,[],0,0,buy,AA-,,25.788,47.892,12.7,buy,2028-11-17,2.458,3.977,743.74,3799.96,1.49,-3.2,,0,14:59:27,00,Y,N,0,0,Y,,2023-05-23 开始转股,计算使用2.5年期 评级为AA- 债参考YTM：2.1592,N,3.98,全价：124.918 最后更新：14:59:27,,,,0,[],0,0,N,,,buy,buy
2026-06-04 10:47:32,123151,康医转债,kyzz,119.1,-0.17,300869,康泰医学,ktyx,11.19,-1.67,2.61,27.55,40.62,0,193.23,312.33,370502,医药生物,szcy,C,2022-07-20,[],0,0,buy,A+,,19.285,35.815,23.7,buy,2028-07-01,2.077,6.998,1864.1,3799.54,2.24,0.08,,0,15:34:12,00,Y,N,0,0,Y,,2023-01-09 开始转股,计算使用2.1年期 评级为A+ 债参考YTM：4.3589,N,7.0,全价：119.100 最后更新：15:34:12,,,,0,{'M': ''},0,0,N,,,buy,buy
2026-06-04 10:47:32,110085,通22转债,t22zz,117.81,0.07,600438,通威股份,twgf,13.89,-0.64,1.72,34.6,40.15,0,193.46,311.27,630501,电力设备,shmb,C,2022-03-18,[],0,0,buy,AAA,,24.22,44.98,19.2,buy,2028-02-24,1.726,119.831,8044.21,63126.01,0.57,-3.53,,0,14:59:55,00,Y,N,0,0,Y,,2022-09-02 开始转股,计算使用1.8年期 评级为AAA 债参考YTM：1.5035,N,120.0,全价：117.810 最后更新：14:59:55,,,,0,{'M': ''},0,0,N,,,buy,buy
2026-06-04 10:47:32,128135,洽洽转债,qqzz,114.357,-0.02,002557,洽洽食品,qqsp,21.16,-2.49,1.94,55.93,37.83,0,202.27,316.63,340801,食品饮料,szmb,C,2020-11-18,[],0,0,buy,AA,,39.151,72.709,12.5,buy,2026-10-20,0.378,13.398,1778.06,13839.05,1.16,1.5,,0,15:34:18,00,Y,N,0,0,N,2026-06-02 起暂停转股：权益分派,2021-04-26 开始转股;2026-06-02 起暂停转股：权益分派,计算使用0.4年期 评级为AA 债参考YTM：1.4718,N,13.4,全价：114.357 最后更新：15:34:18,,,,1,{'M': ''},0,0,N,,,buy,buy
2026-06-04 10:47:32,118032,建龙转债,jlzz,124.98,-1.12,688357,建龙微纳,jlwn,28.79,-0.62,1.55,71.71,40.15,0,211.3,336.28,220309,基础化工,shkc,C,2023-04-07,[],0,0,buy,AA-,,50.197,93.223,24.3,buy,2029-03-08,2.762,6.999,2233.54,2696.26,2.54,-1.94,,0,14:59:01,00,Y,N,0,0,Y,,2023-09-14 开始转股,计算使用2.8年期 评级为AA- 债参考YTM：2.2803,N,7.0,全价：124.980 最后更新：14:59:01,,,,0,{'M': ''},0,0,N,,,buy,buy
2026-06-04 10:47:32,118005,天奈转债,tnzz,124.502,-0.32,688116,天奈科技,tnkj,38.24,-3.68,3.65,99.09,38.59,0,222.62,347.12,630702,电力设备,shkc,C,2022-03-01,[],0,0,buy,AA-,,69.363,128.817,5.9,buy,2028-01-27,1.649,8.299,2167.66,47678.57,2.1,-6.39,,0,14:58:44,00,Y,N,0,0,Y,,2022-08-09 开始转股,计算使用1.7年期 评级为AA- 债参考YTM：1.9317,N,8.3,全价：124.502 最后更新：14:58:44,,,,0,{'M': ''},0,0,N,,,buy,buy
2026-06-04 10:47:32,127025,冀东转债,jdzz,105.365,0.03,000401,金隅冀东,jyjd,3.93,-1.75,0.39,12.91,30.44,0,246.12,351.49,610101,建筑材料,szmb,C,2020-12-02,[],0,0,buy,AAA,,9.037,16.783,17.2,buy,2026-11-05,0.422,17.764,2552.56,2956.3,1.36,1.44,,0,15:34:30,00,Y,Y,0,0,Y,,2021-05-11 开始转股,计算使用0.5年期 评级为AAA 债参考YTM：1.4278,N,28.2,全价：105.365 最后更新：15:34:30,,,,0,{'M': ''},0,0,N,,,buy,buy
2026-06-04 10:47:32,113633,科沃转债,kwzz,121.53,-0.01,603486,科沃斯,kws,56.72,-1.53,3.5,173.8,32.64,0,272.39,393.92,330302,家用电器,shmb,C,2021-12-29,[],0,0,buy,AA,,121.66,225.94,3.2,buy,2027-11-30,1.49,10.396,1695.33,29455.5,1.34,-5.51,,0,14:59:06,00,Y,N,0,0,Y,,2022-06-06 开始转股,计算使用1.5年期 评级为AA 债参考YTM：1.5844,N,10.4,全价：121.530 最后更新：14:59:06,,,,0,{'M': ''},0,0,N,,,buy,buy
2026-06-04 10:47:32,123072,乐歌转债,lgzz,122.093,-0.34,300729,乐歌股份,lggf,10.67,-3.7,0.99,32.61,32.72,0,273.14,395.23,360311,轻工制造,szcy,C,2020-11-10,[],0,0,buy,A+,,22.827,42.393,4.1,buy,2026-10-21,0.381,1.418,1094.23,5290.39,6.32,-4.53,,0,15:34:51,00,Y,N,0,0,Y,,2021-04-27 开始转股,计算使用0.4年期 评级为A+ 债参考YTM：4.0346,N,1.42,全价：122.093 最后更新：15:34:51,,,,0,[],0,0,N,,,buy,buy
2026-06-04 10:47:32,128124,科华转债,khzz,105.61,-0.04,002022,科华生物,khsw,5.21,-2.43,1.04,20.64,25.24,0,318.39,424.0,370504,医药生物,szmb,C,2020-08-20,[],0,0,buy,A+,,14.448,26.832,8.4,buy,2026-07-28,0.148,2.245,1338.27,2902.59,5.64,2.54,,0,15:34:09,00,Y,N,0,0,Y,,2021-02-03 开始转股,计算使用0.2年期 评级为A+ 债参考YTM：4.0109,N,7.38,全价：105.610 最后更新：15:34:09,,,,0,[],0,0,N,,,buy,buy
2026-06-04 10:47:32,123179,立高转债,lgzz,121.54,-0.46,300973,立高食品,lgsp,25.87,-4.19,1.6,95.13,27.19,0,346.93,468.47,340802,食品饮料,szcy,C,2023-03-27,[],0,0,buy,AA-,,66.591,123.669,31.0,buy,2029-03-07,2.759,9.499,1362.33,7359.51,1.18,-0.84,,0,15:34:21,00,Y,N,0,0,Y,,2023-09-13 开始转股,计算使用2.8年期 评级为AA- 债参考YTM：2.2803,N,9.5,全价：121.540 最后更新：15:34:21,,,,0,{'M': ''},0,0,N,,,buy,buy
2026-06-04 10:47:32,118010,洁特转债,jtzz,122.646,-0.08,688026,洁特生物,jtsw,13.15,-2.3,1.55,47.95,27.42,0,347.21,469.86,370503,医药生物,shkc,C,2022-08-02,[],0,0,buy,A+,,33.565,62.335,23.8,buy,2028-06-28,2.069,4.399,1039.23,1596.32,1.92,-3.84,,0,14:59:44,00,Y,N,0,0,Y,,2023-01-04 开始转股,计算使用2.1年期 评级为A+ 债参考YTM：4.3589,N,4.4,全价：122.646 最后更新：14:59:44,,,,0,{'M': ''},0,0,N,,,buy,buy
2026-06-04 10:47:32,113059,福莱转债,flzz,120.903,-0.03,601865,福莱特,flt,11.22,-0.97,1.17,41.71,26.9,0,349.45,470.35,630504,电力设备,shmb,C,2022-06-13,[],0,0,buy,AA,,29.197,54.223,18.8,buy,2028-05-20,1.962,39.999,4335.63,17667.71,0.9,-3.07,,0,14:59:01,00,Y,N,1,0,Y,转股价下修1次，成功下修0次,2022-11-28 开始转股,计算使用2.0年期 评级为AA 债参考YTM：1.6449,N,40.0,全价：120.903 最后更新：14:59:01,,,,1,{'M': ''},0,0,N,,,buy,buy
2026-06-04 10:47:32,123154,火星转债,hxzz,122.872,-0.74,300894,火星人,hxr,8.72,-1.25,3.37,33.03,26.4,0,365.42,488.29,330401,家用电器,szcy,C,2022-08-23,[],0,0,buy,AA-,,23.121,42.939,20.6,buy,2028-08-05,2.173,5.289,820.43,3449.45,1.26,-1.69,,0,15:34:06,00,Y,N,0,0,Y,,2023-02-13 开始转股,计算使用2.2年期 评级为AA- 债参考YTM：2.0484,N,5.29,全价：122.872 最后更新：15:34:06,,,,0,{'M': ''},0,0,N,,,buy,buy
