抓取时间,bond_id,bond_nm,bond_py,price,increase_rt,stock_id,stock_nm,stock_py,sprice,sincrease_rt,pb,convert_price,convert_value,convert_begin,premium_rt,dblow,sw_cd,sw_name,market_cd,btype,list_dt,t_flag,owned,hold,bond_value,rating_cd,option_value,put_convert_price,force_redeem_price,convert_amt_ratio,fund_rt,maturity_dt,year_left,curr_iss_amt,volume,svolume,turnover_rt,ytm_rt,put_ytm_rt,noted,last_time,qstatus,sqflag,pb_flag,adj_cnt,adj_scnt,convert_price_valid,convert_price_tips,convert_cd_tip,ref_yield_info,adjusted,orig_iss_amt,price_tips,redeem_dt,real_force_redeem_price,option_tip,after_next_put_dt,icons,is_min_price,blocked,putting,force_redeem_price_tip,notes,volatility_rate,debt_rate
2026-06-05 10:57:49,111023,利柏转债,lbzz,119.492,-1.85,605167,利柏特,lbt,14.62,-1.28,3.25,12.14,120.43,0,-0.78,118.71,620402,建筑装饰,shmb,C,2025-07-22,[],0,0,buy,AA,,8.498,15.782,9.1,buy,2031-07-03,5.08,6.132,14711.48,7371.03,19.98,-0.94,,0,14:59:58,00,Y,N,0,0,N,2026-06-03 至 2026-06-09 期间暂停转股：权益分派,2026-01-09 开始转股;2026-06-03 至 2026-06-09 期间暂停转股：权益分派,已公告要强赎，如不考虑强赎纯债价值为103.47元，计算使用5.1年期 评级为AA 债参考YTM：1.9548,N,7.5,全价：119.492 最后更新：14:59:58,,,如不考虑强赎期权价值为60.63元,0,{'O': ''},1,0,N,,,buy,buy
2026-06-05 10:57:49,118057,甬矽转债,yxzz,201.809,-8.8,688362,甬矽电子,yxdz,57.6,-8.85,8.95,28.36,203.1,0,-0.64,201.17,270107,电子,shkc,C,2025-07-16,[],0,0,buy,A+,,19.852,36.868,2.4,buy,2031-06-26,,5.965,125286.66,199118.39,99.97,,,0,15:00:00,00,Y,N,0,0,Y,,2026-01-05 开始转股,强赎登记日2026-06-10，赎回价格100.195元，如不考虑强赎纯债价值为92.86元，计算使用5.1年期 评级为A+ 债参考YTM：4.9232,N,11.65,全价：201.809 最后更新：15:00:00,2026-06-10,100.195,如不考虑强赎期权价值为142.36元,0,"{'R': '最后交易日 2026年6月10日\r\n最后转股日 2026年6月15日\r\n赎回价 100.1945元/张', 'M': ''}",0,0,N,,,buy,buy
2026-06-05 10:57:49,127066,科利转债,klzz,117.2,-0.34,002850,科达利,kdl,172.15,0.46,3.45,146.2,117.75,0,-0.47,116.73,630701,电力设备,szmb,C,2022-08-03,[],0,0,buy,AA,,102.34,190.06,2.7,buy,2028-07-08,,9.527,39780.51,118884.96,36.01,,,0,15:33:54,00,Y,N,0,0,Y,,2023-01-16 开始转股,强赎登记日2026-06-09，赎回价格101.405元，如不考虑强赎纯债价值为109.55元，计算使用2.1年期 评级为AA 债参考YTM：1.6562,N,15.344,全价：117.200 最后更新：15:33:54,2026-06-09,101.405,如不考虑强赎期权价值为40.67元,0,"{'R': '最后交易日 2026年6月9日\r\n最后转股日 2026年6月12日\r\n赎回价 101.405元/张', 'M': ''}",0,0,N,,,buy,buy
2026-06-05 10:57:49,123061,航新转债,hxzz,134.179,6.05,300424,航新科技,hxkj,19.93,6.01,6.65,14.82,134.48,0,-0.22,133.96,650201,国防军工,szcy,C,2020-08-18,[],0,0,buy,BBB,,10.374,19.266,2.8,buy,2026-07-22,,1.376,122254.02,46589.44,667.44,,,0,15:34:06,00,Y,N,0,0,Y,,2021-01-28 开始转股,强赎登记日2026-07-02，赎回价格102.885元，如不考虑强赎纯债价值为115.93元，计算使用0.2年期 评级为BBB 债参考YTM：14.6994,N,2.5,全价：134.179 最后更新：15:34:06,2026-07-02,102.885,如不考虑强赎期权价值为34.93元,1,{'R': '最后交易日 2026年7月2日\r\n最后转股日 2026年7月7日\r\n赎回价 102.885元/张'},0,0,N,,,buy,buy
2026-06-05 10:57:49,127026,超声转债,cszz,146.2,1.21,000823,超声电子,csdz,17.61,1.15,2.02,12.02,146.51,0,-0.21,145.99,270202,电子,szmb,C,2021-01-14,[],0,0,buy,AA,,8.414,15.626,1.6,buy,2026-12-08,,1.65,101991.43,175242.27,417.14,,,0,15:33:57,00,Y,N,0,0,Y,,2021-06-15 开始转股,强赎登记日2026-06-09，赎回价格101.040元，如不考虑强赎纯债价值为107.20元，计算使用0.6年期 评级为AA 债参考YTM：1.4638,N,7.0,全价：146.200 最后更新：15:33:57,2026-06-09,101.040,如不考虑强赎期权价值为50.27元,1,"{'R': '最后交易日 2026年6月9日\r\n最后转股日 2026年6月12日\r\n赎回价 101.04元/张', 'M': ''}",0,0,N,,,buy,buy
2026-06-05 10:57:49,110074,精达转债,jdzz,371.152,-0.74,600577,精达股份,jdgf,12.12,0.25,4.16,3.26,371.78,0,-0.17,370.98,630805,电力设备,shmb,C,2020-09-21,[],0,0,buy,AA,,2.282,4.238,1.0,buy,2026-08-19,0.206,2.582,62127.7,129649.96,65.52,-344.47,,0,15:00:00,00,Y,N,0,0,Y,,2021-02-25 开始转股,计算使用0.3年期 评级为AA 债参考YTM：1.4601,N,7.87,全价：371.152 最后更新：15:00:00,,,,1,"{'G': '本次（2025年12月19日至2026年1月12日）不提前赎回，以2026年6月13日为首个交易日重新计算', 'M': ''}",0,0,N,,,buy,buy
2026-06-05 10:57:49,113644,艾迪转债,adzz,123.991,5.71,603638,艾迪精密,adjm,23.16,5.85,5.05,18.65,124.18,0,-0.15,123.84,640602,机械设备,shmb,C,2022-05-12,[],0,0,buy,AA-,,13.055,24.245,3.2,buy,2028-04-15,1.863,6.197,125921.68,43672.3,163.98,-3.1,,0,15:00:00,00,Y,N,1,1,Y,转股价下修1次，成功下修1次,2022-11-18 开始转股,已公告要强赎，如不考虑强赎纯债价值为112.88元，计算使用1.9年期 评级为AA- 债参考YTM：1.9624,N,10.0,全价：123.991 最后更新：15:00:00,,,如不考虑强赎期权价值为35.41元,1,"{'O': '', 'M': ''}",0,0,N,,,buy,buy
2026-06-05 10:57:49,127090,兴瑞转债,xrzz,136.8,-0.26,002937,兴瑞科技,xrkj,34.66,-0.29,6.71,25.3,137.0,0,-0.14,136.66,280206,汽车,szmb,C,2023-08-15,[],0,0,buy,AA-,,17.71,32.89,1.8,buy,2029-07-24,,1.938,17592.03,30173.38,66.98,,,0,15:34:15,00,Y,N,0,0,Y,,2024-01-29 开始转股,强赎登记日2026-06-10，赎回价格100.717元，如不考虑强赎纯债价值为110.02元，计算使用3.2年期 评级为AA- 债参考YTM：2.3901,N,4.62,全价：136.800 最后更新：15:34:15,2026-06-10,100.717,如不考虑强赎期权价值为56.55元,0,"{'R': '最后交易日 2026年6月10日\r\n最后转股日 2026年6月15日\r\n赎回价 100.717元/张', 'M': ''}",0,0,N,,,buy,buy
2026-06-05 10:57:49,111010,立昂转债,lazz,198.704,2.69,605358,立昂微,law,66.77,4.49,6.22,33.59,198.78,0,-0.04,198.66,270103,电子,shmb,C,2022-12-07,[],0,0,buy,AA,,23.513,43.667,3.6,buy,2028-11-14,,17.326,380142.02,677054.85,111.23,,,0,15:00:00,00,Y,N,1,1,Y,转股价下修1次，成功下修1次,2023-05-18 开始转股,强赎登记日2026-06-12，赎回价格100.888元，如不考虑强赎纯债价值为110.69元，计算使用2.5年期 评级为AA 债参考YTM：1.7147,N,33.9,全价：198.704 最后更新：15:00:00,2026-06-12,100.888,如不考虑强赎期权价值为115.01元,0,"{'R': '最后交易日 2026年6月12日\r\n最后转股日 2026年6月17日\r\n赎回价 100.8877元/张', 'M': ''}",0,0,N,,,buy,buy
2026-06-05 10:57:49,118018,瑞科转债,rkzz,141.817,-2.55,688323,瑞华泰,rht,29.71,-2.94,6.38,21.0,141.48,0,0.24,142.06,220505,基础化工,shkc,C,2022-09-14,[],0,0,buy,A,,14.7,27.3,4.6,buy,2028-08-18,2.206,2.574,54410.17,33850.82,148.2,-9.86,,0,15:00:00,00,Y,N,1,1,Y,转股价下修1次，成功下修1次,2023-02-24 开始转股,已公告要强赎，如不考虑强赎纯债价值为98.38元，计算使用2.3年期 评级为A 债参考YTM：6.7601,N,4.3,全价：141.817 最后更新：15:00:00,,,如不考虑强赎期权价值为78.19元,0,"{'O': '', 'M': ''}",0,0,N,,,buy,buy
2026-06-05 10:57:49,127079,华亚转债,hyzz,225.6,-3.02,003043,华亚智能,hyzn,68.94,2.03,4.98,30.73,224.34,0,0.56,226.16,270108,电子,szmb,C,2023-01-16,[],0,0,buy,A+,,21.511,39.949,5.4,buy,2028-12-16,2.534,3.106,66071.87,69247.0,91.79,-22.6,,0,15:34:15,00,Y,N,2,2,N,"转股价下修2次，成功下修2次
2026-06-01 至 2026-06-08 期间暂停转股：权益分派
转股价30.730生效日期2025-11-18",2023-06-26 开始转股;2026-06-01 至 2026-06-08 期间暂停转股：权益分派,计算使用2.6年期 评级为A+ 债参考YTM：4.5306,N,3.4,全价：225.600 最后更新：15:34:15,,,,0,[],0,0,N,,,buy,buy
2026-06-05 10:57:49,123207,冠中转债,gzzz,296.2,4.13,300948,冠中生态,gzst,30.69,3.23,5.17,10.44,293.97,0,0.76,296.96,620307,建筑装饰,szcy,C,2023-08-09,[],0,0,buy,A-,,7.308,13.572,3.1,buy,2029-07-21,3.129,1.488,232409.11,44098.71,524.29,-25.47,,0,15:34:27,00,Y,N,1,1,Y,转股价下修1次，成功下修1次,2024-01-29 开始转股,计算使用3.2年期 评级为A- 债参考YTM：9.4441,N,4.0,全价：296.200 最后更新：15:34:27,,,,0,{'M': ''},0,0,N,,,buy,buy
2026-06-05 10:57:49,127096,泰坦转债,ttzz,631.0,3.78,003036,泰坦股份,ttgf,82.35,10.01,11.85,13.2,623.86,0,1.14,632.14,640206,机械设备,szmb,C,2023-11-15,[],0,0,buy,A,,9.24,17.16,1.6,buy,2029-10-25,3.392,2.902,543269.43,133971.86,291.15,-39.12,,0,15:34:06,00,Y,N,0,0,Y,,2024-05-06 开始转股,计算使用3.4年期 评级为A 债参考YTM：7.1225,N,2.955,全价：631.000 最后更新：15:34:06,,,,0,{'G': '本次（2026年2月9日至2026年3月11日）不提前赎回，以2026年6月11日后首个交易日起重新计算'},0,0,N,,,buy,buy
2026-06-05 10:57:49,123198,金埔转债,jpzz,113.9,-3.67,301098,金埔园林,jpyl,8.5,-5.24,1.61,7.55,112.58,0,1.17,115.07,620307,建筑装饰,szcy,C,2023-07-07,[],0,0,buy,A,,5.285,9.815,8.2,buy,2029-06-08,,1.227,8834.56,11738.92,62.55,,,0,15:34:42,00,Y,N,1,1,Y,转股价下修1次，成功下修1次,2023-12-14 开始转股,强赎登记日2026-06-16，赎回价格100.062元，如不考虑强赎纯债价值为98.33元，计算使用3.1年期 评级为A 债参考YTM：7.0711,N,5.2,全价：113.900 最后更新：15:34:42,2026-06-16,100.062,如不考虑强赎期权价值为33.58元,0,"{'R': '最后交易日 2026年6月16日\r\n最后转股日 2026年6月22日\r\n赎回价 100.062元/张', 'M': ''}",0,0,N,,,buy,buy
2026-06-05 10:57:49,128137,洁美转债,jmzz,332.457,-6.5,002859,洁美科技,jmkj,86.56,-8.3,11.74,26.34,328.63,0,1.17,333.63,270401,电子,szmb,C,2020-12-01,[],0,0,buy,AA-,,18.438,34.242,1.0,buy,2026-11-04,,3.512,309137.42,306468.14,258.29,,,0,15:34:27,00,Y,N,0,0,Y,,2021-05-10 开始转股,强赎登记日2026-06-16，赎回价格101.266元，如不考虑强赎纯债价值为111.21元，计算使用0.5年期 评级为AA- 债参考YTM：1.7109,N,6.0,全价：332.457 最后更新：15:34:27,2026-06-16,101.266,如不考虑强赎期权价值为229.34元,1,"{'R': '最后交易日 2026年6月16日\r\n最后转股日 2026年6月22日\r\n赎回价 101.266元/张', 'M': ''}",0,0,N,,,buy,buy
2026-06-05 10:57:49,113667,春23转债,c23zz,312.602,0.85,603890,春秋电子,cqdz,31.24,6.4,4.14,10.15,307.78,0,1.57,314.17,270504,电子,shmb,C,2023-04-11,[],0,0,buy,AA-,,7.105,13.195,4.1,buy,2029-03-17,2.784,5.697,537410.63,426548.32,297.83,-29.74,,0,15:00:00,00,Y,N,0,0,Y,,2023-09-25 开始转股,计算使用2.8年期 评级为AA- 债参考YTM：2.2689,N,5.7,全价：312.602 最后更新：15:00:00,,,,0,"{'G': '本次（2026年3月27日至2026年4月17日）不提前赎回，自2026年7月17日之后的首个交易日重新起算', 'M': ''}",0,0,N,,,buy,buy
2026-06-05 10:57:49,123188,水羊转债,syzz,173.493,-2.09,300740,水羊股份,sygf,23.05,-1.83,3.97,13.54,170.24,0,1.91,175.4,770202,美容护理,szcy,C,2023-04-25,[],0,0,buy,A+,,9.478,17.602,7.7,buy,2029-04-04,2.833,6.422,33679.51,40723.29,29.23,-12.59,,0,15:34:45,00,Y,N,0,0,Y,,2023-10-11 开始转股,计算使用2.9年期 评级为A+ 债参考YTM：4.6540,N,6.95,全价：173.493 最后更新：15:34:45,,,,0,"{'G': '本次（2026年3月2日至2026年3月20日）不提前赎回，自2026年6月20日后首个交易日重新计算', 'M': ''}",0,0,N,,,buy,buy
2026-06-05 10:57:49,111001,山玻转债,sbzz,167.91,1.45,605006,山东玻纤,sdbx,18.39,-0.22,4.45,11.18,164.49,0,2.08,169.99,610202,建筑材料,shmb,C,2021-12-06,[],0,0,buy,AA-,,7.826,14.534,2.4,buy,2027-11-08,1.427,2.826,248943.75,141437.35,515.08,-22.64,,0,15:00:00,00,Y,N,0,0,Y,,2022-05-12 开始转股,已公告要强赎，如不考虑强赎纯债价值为113.77元，计算使用1.5年期 评级为AA- 债参考YTM：1.8804,N,6.0,全价：167.910 最后更新：15:00:00,,,如不考虑强赎期权价值为79.11元,0,"{'O': '', 'EX': '临沂矿业集团有限责任公司转股减持52.74% 2026年05月26日公告'}",0,0,N,,,buy,buy
2026-06-05 10:57:49,113056,重银转债,cyzz,129.528,0.17,601963,重庆银行,cqyh,12.01,1.01,0.66,9.5,126.42,0,2.46,131.99,480401,银行,shmb,C,2022-04-14,[],0,0,buy,AAA,,,12.35,47.3,buy,2028-03-23,1.8,115.631,16625.17,11699.95,1.11,-7.63,,0,14:59:50,00,Y,N,0,0,Y,,2022-09-30 开始转股,计算使用1.8年期 评级为AAA 债参考YTM：1.4965,N,130.0,全价：129.528 最后更新：14:59:50,,,,0,[],0,0,N,,,buy,buy
2026-06-05 10:57:49,118025,奕瑞转债,yrzz,154.405,-7.15,688301,奕瑞科技,yrkj,173.25,-6.72,5.66,114.97,150.69,0,2.46,156.87,370502,医药生物,shkc,C,2022-11-18,[],0,0,buy,AA,,80.479,149.461,3.9,buy,2028-10-24,2.389,14.217,44657.09,187818.18,19.78,-12.35,,0,14:59:57,00,Y,N,1,1,N,"转股价下修1次，成功下修1次
2026-06-04 至 2026-06-11 期间暂停转股：权益分派
转股价114.970生效日期2025-12-22",2023-04-28 开始转股;2026-06-04 至 2026-06-11 期间暂停转股：权益分派,计算使用2.4年期 评级为AA 债参考YTM：1.6997,N,14.35,全价：154.405 最后更新：14:59:57,,,,0,{'M': ''},0,0,N,,,buy,buy
2026-06-05 10:57:49,123245,集智转债,jzzz,384.0,-2.34,300553,集智股份,jzgf,67.31,-3.88,8.79,18.06,372.7,0,3.03,387.03,640107,机械设备,szcy,C,2024-08-28,[],0,0,buy,A,,12.642,23.478,2.7,buy,2030-08-14,4.195,1.538,85669.32,59447.28,145.71,-24.47,,0,15:34:42,00,Y,N,0,0,Y,,2025-02-20 开始转股,计算使用4.2年期 评级为A 债参考YTM：7.1834,N,2.546,全价：384.000 最后更新：15:34:42,,,,0,[],0,0,N,,,buy,buy
2026-06-05 10:57:49,123271,通合转债,thzz,100.0,0.0,300491,通合科技,thkj,32.18,1.04,4.73,33.18,96.99,186,3.11,103.11,630306,电力设备,szcy,C,,[],0,0,buy,AA,,23.226,43.134,10.3,buy,2032-06-01,5.995,5.22,0.0,50521.97,0.0,2.94,,0,,00,Y,N,0,0,Y,,未到转股期；2026-12-08 开始转股,计算使用6.0年期 评级为AA 债参考YTM：2.1451,N,5.22,待上市,,,,0,[],0,0,N,,,buy,buy
2026-06-05 10:57:49,113632,鹤21转债,h21zz,142.591,-0.01,603733,仙鹤股份,xhgf,26.19,0.73,2.06,18.99,137.92,0,3.39,145.98,360103,轻工制造,shmb,C,2021-12-09,[],0,0,buy,AA,,13.293,24.687,10.9,buy,2027-11-17,1.452,20.166,24518.13,41322.38,8.5,-14.55,,0,14:59:43,00,Y,N,2,2,Y,转股价下修2次，成功下修2次,2022-05-23 开始转股,计算使用1.5年期 评级为AA 债参考YTM：1.5791,N,20.5,全价：142.591 最后更新：14:59:43,,,,1,{'M': ''},0,0,N,,,buy,buy
2026-06-05 10:57:49,113703,翔26转债,x26zz,100.0,0.0,603112,华翔股份,hxgf,21.1,2.88,2.52,21.94,96.17,192,3.98,103.98,330601,家用电器,shmb,C,,[],0,0,buy,AA-,,15.358,28.522,11.5,buy,2032-06-07,6.003,13.01,0.0,45811.52,0.0,2.49,,0,,00,Y,N,0,0,Y,,未到转股期；2026-12-14 开始转股,计算使用6.1年期 评级为AA- 债参考YTM：3.4304,N,13.01,待上市,,,,0,[],0,0,N,,,buy,buy
2026-06-05 10:57:49,123243,严牌转债,ypzz,260.234,-5.05,301081,严牌股份,ypgf,18.19,-3.4,3.8,7.27,250.21,0,4.01,264.24,760201,环保,szcy,C,2024-07-26,[],0,0,buy,A+,,5.089,9.451,6.4,buy,2030-07-10,4.099,2.607,58399.38,20913.17,85.4,-17.68,,0,15:34:12,00,Y,N,0,0,Y,,2025-01-16 开始转股,计算使用4.1年期 评级为A+ 债参考YTM：4.8235,N,4.679,全价：260.234 最后更新：15:34:12,,,,0,"{'G': '本次（2026年5月6日至2026年5月26日）不提问赎回，以2026年8月26日后的首个交易日重新计算', 'M': ''}",0,0,N,,,buy,buy
2026-06-05 10:57:49,127041,弘亚转债,hyzz,117.584,0.02,002833,弘亚数控,hysk,18.51,1.26,2.57,16.4,112.87,0,4.18,121.76,640209,机械设备,szmb,C,2021-08-10,[],0,0,buy,AA-,,11.48,21.32,10.3,buy,2026-07-12,0.101,5.525,4968.78,14732.46,7.63,-21.11,,0,15:34:12,00,Y,N,1,1,Y,转股价下修1次，成功下修1次,2022-01-17 开始转股,计算使用0.2年期 评级为AA- 债参考YTM：1.6600,N,6.0,全价：117.584 最后更新：15:34:12,,,,1,{'R': '到期\n最后交易日：2026-07-07\n最后转股日：2026-07-10\n'},0,0,N,,,buy,buy
2026-06-05 10:57:49,118016,京源转债,jyzz,194.211,0.4,688096,京源环保,jyhb,12.88,1.66,3.6,6.91,186.4,0,4.19,198.4,760102,环保,shkc,C,2022-08-25,[],0,0,buy,A,,4.837,8.983,5.5,buy,2028-08-05,2.17,1.675,39328.07,11919.58,120.45,-20.46,,0,15:00:00,00,Y,N,0,0,Y,,2023-02-13 开始转股,计算使用2.2年期 评级为A 债参考YTM：6.7258,N,3.325,全价：194.211 最后更新：15:00:00,,,,0,"{'G': '本次（2026年5月11日至2026年5月29日）不提前赎回，以2026年8月30日（若为非交易日则顺延）为首个交易日重新计算', 'M': ''}",0,0,N,,,buy,buy
2026-06-05 10:57:49,123216,科顺转债,kszz,140.776,2.09,300737,科顺股份,ksgf,8.89,4.71,2.44,6.61,134.49,0,4.67,145.45,610304,建筑材料,szcy,C,2023-08-23,[],0,0,buy,AA,,4.627,8.593,27.8,buy,2029-08-04,3.167,21.96,46048.76,89552.9,14.97,-5.2,,0,15:34:30,00,Y,N,2,1,Y,转股价下修2次，成功下修1次,2024-02-19 开始转股,计算使用3.2年期 评级为AA 债参考YTM：1.8176,N,21.98,全价：140.776 最后更新：15:34:30,,,,0,{'M': ''},0,0,N,,,buy,buy
2026-06-05 10:57:49,110077,洪城转债,hczz,207.018,-1.02,600461,洪城环境,hchj,9.64,-0.52,1.2,4.88,197.54,0,4.8,211.82,760102,环保,shmb,C,2020-12-17,[],0,0,buy,AA+,,3.416,6.344,5.4,buy,2026-11-20,0.46,6.685,3758.71,6694.29,2.7,-102.44,,0,15:00:00,00,Y,N,0,0,Y,,2021-05-26 开始转股,计算使用0.5年期 评级为AA+ 债参考YTM：1.4409,N,18.0,全价：207.018 最后更新：15:00:00,,,,1,"{'G': '本次（2025年6月22日至2025年7月11日）不提前赎回，以2026年7月12日为首个交易日重新计算', 'M': ''}",0,0,N,,,buy,buy
2026-06-05 10:57:49,118050,航宇转债,hyzz,240.313,-5.58,688239,航宇科技,hykj,57.0,-0.35,5.29,24.96,228.37,0,5.23,245.54,650201,国防军工,shkc,C,2024-09-10,[],0,0,buy,AA-,,17.472,32.448,6.1,buy,2030-08-21,4.214,6.667,111490.29,29308.26,68.43,-15.46,,0,15:00:00,00,Y,N,0,0,Y,,2025-02-27 开始转股,计算使用4.3年期 评级为AA- 债参考YTM：2.4818,N,6.67,全价：240.313 最后更新：15:00:00,,,,0,{'M': ''},0,0,N,,,buy,buy
2026-06-05 10:57:49,113681,镇洋转债,zyzz,137.171,0.72,603213,镇洋发展,zyfz,14.2,2.31,3.18,10.95,129.68,0,5.78,142.95,220202,基础化工,shmb,C,2024-01-17,[],0,0,buy,AA-,,7.665,14.235,9.2,buy,2029-12-29,3.57,5.797,7565.05,7138.71,9.52,-3.9,,0,14:59:28,00,Y,N,0,0,Y,,2024-07-05 开始转股,计算使用3.6年期 评级为AA- 债参考YTM：2.4295,N,6.6,全价：137.171 最后更新：14:59:28,,,,0,[],0,0,N,,,buy,buy
2026-06-05 10:57:49,118011,银微转债,ywzz,137.899,-0.17,688689,银河微电,yhwd,40.42,0.72,3.72,31.3,129.14,0,6.78,144.68,270102,电子,shkc,C,2022-08-02,[],0,0,buy,A+,,21.91,40.69,9.6,buy,2028-07-04,2.082,4.997,11404.94,9642.47,16.47,-6.92,,0,14:59:57,00,Y,N,0,0,Y,,2023-01-09 开始转股,计算使用2.1年期 评级为A+ 债参考YTM：4.3463,N,5.0,全价：137.899 最后更新：14:59:57,,,,0,{'M': ''},0,0,N,,,buy,buy
2026-06-05 10:57:49,123270,盛德转债,sdzz,100.0,0.0,300881,盛德鑫泰,sdxt,50.22,1.56,4.46,53.68,93.55,185,6.89,106.89,230501,钢铁,szcy,C,,[],0,0,buy,A+,,37.576,69.784,14.0,buy,2032-05-31,5.992,4.05,0.0,9465.92,0.0,2.83,,0,,00,Y,N,0,0,Y,,未到转股期；2026-12-07 开始转股,计算使用6.0年期 评级为A+ 债参考YTM：5.7351,N,4.05,待上市,,,,0,{'M': ''},0,0,N,,,buy,buy
2026-06-05 10:57:49,113589,天创转债,tczz,182.278,0.29,603608,天创时尚,tcss,20.69,5.29,7.85,12.29,168.35,0,8.27,190.55,350205,纺织服饰,shmb,C,2020-07-16,[],0,0,buy,A-,,8.603,15.977,0.8,buy,2026-06-24,0.052,0.661,110525.57,79775.86,904.26,-804.31,,0,15:00:00,00,Y,N,0,0,Y,,2021-01-04 开始转股,计算使用0.1年期 评级为A- 债参考YTM：8.7093,N,6.0,全价：182.278 最后更新：15:00:00,,,,0,{'R': '到期\n最后交易日：2026-06-17\n最后转股日：2026-06-23\n债券到期日：2026-06-24\n到期赎回价：110.000元/张'},0,0,N,,,buy,buy
2026-06-05 10:57:49,113062,常银转债,cyzz,129.796,0.35,601128,常熟银行,csyh,7.06,1.15,0.72,5.89,119.86,0,8.29,138.09,480501,银行,shmb,C,2022-10-17,[],0,0,buy,AAA,,,7.657,25.6,buy,2028-09-15,2.282,59.994,13826.68,22152.12,1.78,-7.35,,0,14:59:52,00,Y,N,0,0,N,2026-06-02 至 2026-06-08 期间暂停转股：权益分派,2023-03-21 开始转股;2026-06-02 至 2026-06-08 期间暂停转股：权益分派,计算使用2.3年期 评级为AAA 债参考YTM：1.5302,N,60.0,全价：129.796 最后更新：14:59:52,,,,0,{'M': ''},0,0,N,,,buy,buy
2026-06-05 10:57:49,110084,贵燃转债,grzz,132.11,0.31,600903,贵州燃气,gzrq,8.66,-1.48,3.09,7.11,121.8,0,8.46,140.57,410301,公用事业,shmb,C,2022-01-18,[],0,0,buy,AA,,4.977,9.243,8.1,buy,2027-12-27,1.562,8.157,19884.97,38629.21,18.44,-10.23,,0,14:59:59,00,Y,N,1,1,Y,转股价下修1次，成功下修1次,2022-07-01 开始转股,计算使用1.6年期 评级为AA 债参考YTM：1.5917,N,10.0,全价：132.110 最后更新：14:59:59,,,,1,{'M': ''},0,0,N,,,buy,buy
2026-06-05 10:57:49,113039,嘉泽转债,jzzz,189.077,-8.25,601619,嘉泽新能,jzxn,5.05,-3.81,1.83,2.91,173.54,0,8.95,198.03,410107,公用事业,shmb,C,2020-09-17,[],0,0,buy,AA,,2.037,3.783,2.3,buy,2026-08-24,0.219,2.865,29941.16,24782.62,53.3,-195.62,,0,14:59:59,00,Y,N,0,0,Y,,2021-03-01 开始转股,计算使用0.3年期 评级为AA 债参考YTM：1.4601,N,13.0,全价：189.077 最后更新：14:59:59,,,,1,"{'G': '本次（2026年3月26日至2026年4月16日）不提前赎回，至到期日（2026年8月23日）均不行使赎回权利', 'M': ''}",0,0,N,,,buy,buy
2026-06-05 10:57:49,113042,上银转债,syzz,118.865,0.9,601229,上海银行,shyh,9.32,0.98,0.5,8.57,108.75,0,9.3,128.17,480401,银行,shmb,C,2021-02-10,[],0,0,buy,AAA,,,11.141,15.1,buy,2027-01-25,0.641,199.775,24356.88,39120.12,1.03,-9.01,,0,14:59:25,00,Y,Y,0,0,N,2026-06-01 至 2026-06-05 期间暂停转股：权益分派,2021-07-29 开始转股;2026-06-01 至 2026-06-05 期间暂停转股：权益分派,计算使用0.7年期 评级为AAA 债参考YTM：1.4295,N,200.0,全价：118.865 最后更新：14:59:25,,,,0,{'M': ''},0,0,N,,,buy,buy
2026-06-05 10:57:49,128136,立讯转债,lxzz,134.402,-2.61,002475,立讯精密,lxjm,68.77,-7.8,5.64,55.97,122.87,0,9.39,143.79,270504,电子,szmb,C,2020-12-02,[],0,0,buy,AA+,,39.179,72.761,0.6,buy,2026-11-03,0.414,29.924,78090.82,1801742.84,19.45,-47.8,,0,15:34:51,00,Y,N,0,0,Y,,2021-05-10 开始转股,计算使用0.5年期 评级为AA+ 债参考YTM：1.4409,N,30.0,全价：134.402 最后更新：15:34:51,,,,1,{'M': ''},0,0,N,,,buy,buy
2026-06-05 10:57:49,123251,华医转债,hyzz,342.252,-8.71,301235,华康洁净,hkjj,69.4,-4.51,3.93,22.24,312.05,0,9.68,351.93,370502,医药生物,szcy,C,2025-01-09,[],0,0,buy,A+,,15.568,28.912,13.9,buy,2030-12-23,4.553,7.012,85961.09,40298.05,34.96,-20.84,,0,15:34:42,00,Y,N,0,0,Y,,2025-06-27 开始转股,计算使用4.6年期 评级为A+ 债参考YTM：4.8664,N,7.5,全价：342.252 最后更新：15:34:42,,,,0,"{'G': '本次（2025年11月20日至2025年12月15日）不提前赎回，自2026年6月15日后首个交易日重新计算', 'M': ''}",0,0,N,,,buy,buy
2026-06-05 10:57:49,127103,东南转债,dnzz,146.9,1.38,002135,东南网架,dnwj,7.45,6.28,1.31,5.59,133.27,0,10.22,157.12,620401,建筑装饰,szmb,C,2024-01-24,[],0,0,buy,AA,,3.913,7.267,25.7,buy,2030-01-03,3.584,19.999,51473.33,29288.8,17.37,-7.35,,0,15:34:30,00,Y,N,0,0,Y,,2024-07-09 开始转股,计算使用3.6年期 评级为AA 债参考YTM：1.8612,N,20.0,全价：146.900 最后更新：15:34:30,,,,0,"{'G': '本次（2026年3月17日至2026年4月28日）不提前赎回，自2026年7月28日后首个交易日重新计算', 'M': ''}",0,0,N,,,buy,buy
2026-06-05 10:57:49,123091,长海转债,chzz,176.999,-2.09,300196,长海股份,chgf,24.07,-2.23,2.01,14.99,160.57,0,10.23,187.23,610202,建筑材料,szcy,C,2021-01-15,[],0,0,buy,AA,,10.493,19.487,9.2,buy,2026-12-23,0.551,5.482,45815.11,90401.7,46.91,-68.06,,0,15:34:06,00,Y,N,0,0,Y,,2021-06-29 开始转股,计算使用0.6年期 评级为AA 债参考YTM：1.4638,N,5.5,全价：176.999 最后更新：15:34:06,,,,1,{'G': '本次（2026年4月14日至2026年5月26日）不提前赎回，自2026年8月26日后的首个交易日重新计算'},0,0,N,,,buy,buy
2026-06-05 10:57:49,118068,迪威转债,dwzz,100.0,0.0,688377,迪威尔,dwe,29.02,0.76,3.55,32.49,89.32,188,11.96,111.96,640203,机械设备,shkc,C,,[],0,0,buy,AA-,,22.743,42.237,13.4,buy,2032-06-03,6.0,9.08,0.0,14463.02,0.0,2.19,,0,,00,Y,N,0,0,Y,,未到转股期；2026-12-10 开始转股,计算使用6.0年期 评级为AA- 债参考YTM：3.3851,N,9.08,待上市,,,,0,{'M': ''},0,0,N,,,buy,buy
2026-06-05 10:57:49,127078,优彩转债,yczz,140.8,0.56,002998,优彩资源,yczy,7.93,-0.13,1.55,6.31,125.67,0,12.04,152.84,220401,基础化工,szmb,C,2023-01-09,[],0,0,buy,A+,,4.417,8.203,19.4,buy,2028-12-14,2.529,4.158,9532.76,4970.31,16.31,-6.47,,0,15:34:30,00,Y,N,0,0,Y,,2023-06-20 开始转股,计算使用2.6年期 评级为A+ 债参考YTM：4.5306,N,6.0,全价：140.800 最后更新：15:34:30,,,,0,[],0,0,N,,,buy,buy
2026-06-05 10:57:49,113051,节能转债,jnzz,156.101,-5.59,601016,节能风电,jnfd,4.63,-6.84,1.68,3.33,139.04,0,12.27,168.37,410107,公用事业,shmb,C,2021-07-22,[],0,0,buy,AA+,,2.331,4.329,9.5,buy,2027-06-21,1.044,26.52,50310.98,224127.68,11.79,-27.68,,0,15:00:00,00,Y,N,1,0,N,"转股价下修1次，成功下修0次
2026-06-05 起暂停转股：权益分派
转股价3.330生效日期2025-10-23",2021-12-27 开始转股;2026-06-05 起暂停转股：权益分派,计算使用1.1年期 评级为AA+ 债参考YTM：1.4911,N,30.0,全价：156.101 最后更新：15:00:00,,,,1,"{'G': '本次（2026年4月23日至2026年5月19日）不提前赎回，自2026年8月19日之后的首个交易日重新起算', 'M': ''}",0,0,N,,,buy,buy
2026-06-05 10:57:49,123241,欧通转债,otzz,975.1,-2.99,300870,欧陆通,olt,267.42,-2.76,15.45,30.8,868.25,0,12.31,987.41,630306,电力设备,szcy,C,2024-07-26,[],0,0,buy,AA-,,21.56,40.04,0.6,buy,2030-07-05,4.085,2.605,92834.39,95266.24,36.0,-40.97,,0,15:34:39,00,Y,N,0,0,Y,,2025-01-13 开始转股,计算使用4.1年期 评级为AA- 债参考YTM：2.4625,N,6.445,全价：975.100 最后更新：15:34:39,,,,0,"{'G': '本次（2026年4月14日至2026年5月7日）不提前赎回，自2026年8月7日后首个交易日重新计算', 'M': ''}",0,0,N,,,buy,buy
2026-06-05 10:57:49,128127,文科转债,wkzz,114.8,0.32,002775,文科股份,wkgf,4.0,4.71,45.46,3.92,102.04,0,12.5,127.3,620307,建筑装饰,szmb,C,2020-09-11,[],0,0,buy,A-,,2.744,5.096,33.9,buy,2026-08-20,0.208,7.829,8019.19,15723.85,8.91,0.85,,0,15:34:48,00,Y,N,2,2,Y,转股价下修2次，成功下修2次,2021-03-01 开始转股,计算使用0.3年期 评级为A- 债参考YTM：8.7122,N,9.5,全价：114.800 最后更新：15:34:48,,,,1,[],0,0,N,,,buy,buy
2026-06-05 10:57:49,113046,金田转债,jtzz,138.96,-0.28,601609,金田股份,jtgf,12.64,-3.44,2.13,10.32,122.48,0,13.45,152.41,240302,有色金属,shmb,C,2021-04-12,[],0,0,buy,AA+,,7.224,13.416,6.9,buy,2027-03-22,0.795,14.992,20604.18,96251.17,9.88,-26.23,,0,14:59:56,00,Y,N,0,0,N,2026-05-28 至 2026-06-05 期间暂停转股：权益分派,2021-09-27 开始转股;2026-05-28 至 2026-06-05 期间暂停转股：权益分派,计算使用0.8年期 评级为AA+ 债参考YTM：1.4550,N,15.0,全价：138.960 最后更新：14:59:56,,,,1,{'M': ''},0,0,N,,,buy,buy
2026-06-05 10:57:49,123213,天源转债,tyzz,214.5,-1.73,301127,武汉天源,whty,13.49,-2.32,2.64,7.14,188.94,0,13.53,228.03,760102,环保,szcy,C,2023-08-16,[],0,0,buy,AA-,,4.998,9.282,3.7,buy,2029-07-28,3.148,3.26,10034.14,17255.39,14.24,-17.93,,0,15:34:33,00,Y,N,0,0,Y,,2024-02-05 开始转股,计算使用3.2年期 评级为AA- 债参考YTM：2.3901,N,10.0,全价：214.500 最后更新：15:34:33,,,,0,"{'G': '本次（2026年3月13日至2026年4月2日）不提前赎回，自2026年10月2日后首个交易日重新计算', 'M': ''}",0,0,N,,,buy,buy
2026-06-05 10:57:49,123187,超达转债,cdzz,227.0,-0.4,301186,超达装备,cdzb,61.75,-0.55,3.1,30.98,199.32,0,13.89,240.89,280205,汽车,szcy,C,2023-04-25,[],0,0,buy,A,,21.686,40.274,4.7,buy,2029-04-04,2.833,2.242,9987.26,7452.89,19.63,-20.66,,0,15:34:42,00,Y,N,0,0,Y,,2023-10-11 开始转股,计算使用2.9年期 评级为A 债参考YTM：7.0040,N,4.69,全价：227.000 最后更新：15:34:42,,,,0,"{'G': '本次（2026年4月10日至2026年4月30日）不提前赎回，以2026年7月31日之后的首个交易日重新起算', 'M': ''}",0,0,N,,,buy,buy
2026-06-05 10:57:49,127084,柳工转2,lgz2,139.236,0.39,000528,柳工,lg,8.53,0.71,0.91,6.98,122.21,0,13.94,153.18,640601,机械设备,szmb,C,2023-04-20,[],0,0,buy,AAA,,4.886,9.074,14.3,buy,2029-03-27,2.811,24.809,12893.42,24438.09,3.72,-6.45,,0,15:34:00,00,Y,N,0,0,Y,,2023-10-09 开始转股,计算使用2.9年期 评级为AAA 债参考YTM：1.6023,N,30.0,全价：139.236 最后更新：15:34:00,,,,0,{'M': ''},0,0,N,,,buy,buy
2026-06-05 10:57:49,113631,皖天转债,wtzz,139.386,0.53,603689,皖天然气,wtrq,7.91,-0.25,1.09,6.51,121.51,0,14.72,154.11,410301,公用事业,shmb,C,2021-12-10,[],0,0,buy,AA+,,4.557,8.463,14.4,buy,2027-11-08,1.427,5.958,5394.9,2898.88,6.49,-14.46,,0,14:59:15,00,Y,N,0,0,Y,,2022-05-12 开始转股,计算使用1.5年期 评级为AA+ 债参考YTM：1.5291,N,9.3,全价：139.386 最后更新：14:59:15,,,,1,[],0,0,N,,,buy,buy
2026-06-05 10:57:49,123131,奥飞转债,afzz,234.0,-11.91,300738,奥飞数据,afsj,20.49,-1.96,5.19,10.06,203.68,0,14.89,248.89,730104,通信,szcy,C,2021-12-22,[],0,0,buy,A+,,7.042,13.078,1.6,buy,2027-12-03,1.496,3.16,128650.78,100859.35,168.18,-37.29,,0,15:34:21,00,Y,N,0,0,Y,,2022-06-09 开始转股,计算使用1.5年期 评级为A+ 债参考YTM：4.2154,N,6.35,全价：234.000 最后更新：15:34:21,,,,1,{'M': ''},0,0,N,,,buy,buy
2026-06-05 10:57:49,113058,友发转债,yfzz,135.498,0.18,601686,友发集团,yfjt,5.26,-1.31,1.13,4.48,117.41,0,15.41,150.91,230403,钢铁,shmb,C,2022-04-26,[],0,0,buy,AA,,3.136,5.824,24.0,buy,2028-03-30,1.819,18.638,10252.73,8588.2,4.04,-9.23,,0,14:59:47,00,Y,N,2,2,Y,转股价下修2次，成功下修2次,2022-10-10 开始转股,计算使用1.9年期 评级为AA 债参考YTM：1.6296,N,20.0,全价：135.498 最后更新：14:59:47,,,,1,[],0,0,N,,,buy,buy
2026-06-05 10:57:49,111000,起帆转债,qfzz,187.795,0.16,605222,起帆电缆,qfdl,28.05,0.21,2.39,17.35,161.67,0,16.16,203.96,630805,电力设备,shmb,C,2021-06-17,[],0,0,buy,AA-,,12.145,22.555,8.6,buy,2027-05-24,0.967,9.992,58210.23,22531.0,30.37,-40.08,,0,14:59:59,00,Y,N,1,1,Y,转股价下修1次，成功下修1次,2021-11-29 开始转股,计算使用1.0年期 评级为AA- 债参考YTM：1.7801,N,10.0,全价：187.795 最后更新：14:59:59,,,,1,{'G': '本次（2026年3月13日至2026年4月20日）不提前赎回，以2026年10月21日为首个交易日重新起算'},0,0,N,,,buy,buy
2026-06-05 10:57:49,113624,正川转债,zczz,132.319,1.64,603976,正川股份,zcgf,22.36,4.73,2.79,19.78,113.04,0,17.05,149.37,370503,医药生物,shmb,C,2021-06-01,[],0,0,buy,A+,,13.846,25.714,12.0,buy,2027-04-28,0.896,4.048,6708.86,11689.95,12.58,-14.65,,0,14:59:48,00,Y,N,1,1,Y,转股价下修1次，成功下修1次,2021-11-08 开始转股,计算使用0.9年期 评级为A+ 债参考YTM：4.1049,N,4.05,全价：132.319 最后更新：14:59:48,,,,1,[],0,0,N,,,buy,buy
2026-06-05 10:57:49,127067,恒逸转2,hyz2,150.74,-0.83,000703,恒逸石化,hysh,13.34,1.75,1.88,10.37,128.64,0,17.18,167.92,750301,石油石化,szmb,C,2022-08-18,[],0,0,buy,AA+,,7.259,13.481,5.9,buy,2028-07-21,2.129,29.993,29905.01,77444.01,6.59,-13.15,,0,15:34:09,00,Y,N,0,0,N,2026-06-05 起暂停转股：权益分派,2023-01-30 开始转股;2026-06-05 起暂停转股：权益分派,计算使用2.2年期 评级为AA+ 债参考YTM：1.5909,N,30.0,全价：150.740 最后更新：15:34:09,,,,0,"{'G': '本次（至2026年4月27日）不提前赎回，从2026年7月28日开始计算', 'M': ''}",0,0,N,,,buy,buy
2026-06-05 10:57:49,118039,煜邦转债,ybzz,155.971,0.98,688597,煜邦电力,ybdl,9.71,3.85,3.8,7.3,133.01,0,17.26,173.23,630804,电力设备,shkc,C,2023-08-15,[],0,0,buy,A,,5.11,9.49,12.6,buy,2029-07-20,3.126,4.104,23104.48,19412.83,35.99,-8.77,,0,14:59:54,00,Y,N,0,0,Y,,2024-01-26 开始转股,计算使用3.2年期 评级为A 债参考YTM：7.0941,N,4.108,全价：155.971 最后更新：14:59:54,,,,0,"{'G': '本次（2026年1月16日至2026年2月11日）不提前赎回，以2026年8月12日为首个交易日重新计算', 'M': ''}",0,0,N,,,buy,buy
2026-06-05 10:57:49,113615,金诚转债,jczz,712.601,-0.99,603979,金诚信,jcx,71.55,-0.63,3.84,11.78,607.39,0,17.32,729.92,240302,有色金属,shmb,C,2021-01-14,[],0,0,buy,AA,,8.246,15.314,1.1,buy,2026-12-23,0.551,4.958,31882.13,39576.75,9.0,-153.83,,0,14:59:58,00,Y,N,0,0,Y,,2021-06-29 开始转股,计算使用0.6年期 评级为AA 债参考YTM：1.4638,N,10.0,全价：712.601 最后更新：14:59:58,,,,1,"{'G': '本次（2025年10月10日至2025年10月30日）不提前赎回，至2026年12月22日到期均不提前赎回', 'M': ''}",0,0,N,,,buy,buy
2026-06-05 10:57:49,127110,广核转债,ghzz,138.455,-0.12,003816,中国广核,zggh,4.33,-3.99,1.74,3.67,117.98,0,17.35,155.81,410108,公用事业,szmb,C,2025-07-25,[],0,0,buy,AAA,,2.569,4.771,2.9,buy,2031-07-09,5.096,48.993,20521.05,64935.13,3.02,-4.45,,0,15:34:39,00,Y,N,0,0,Y,,2026-01-15 开始转股,计算使用5.1年期 评级为AAA 债参考YTM：1.7114,N,49.0,全价：138.455 最后更新：15:34:39,,,,0,"{'M': '', 'EX': '中国广核集团有限公司竞价、大宗减持10.30% 2026年05月26日公告'}",0,0,N,,,buy,buy
2026-06-05 10:57:49,113597,佳力转债,jlzz,121.353,0.24,603912,佳力图,jlt,8.97,0.79,2.75,8.68,103.34,0,17.43,138.78,640105,机械设备,shmb,C,2020-08-21,[],0,0,buy,AA-,,6.076,11.284,6.1,buy,2026-07-30,0.151,2.969,4690.44,13398.51,13.06,-18.68,,0,14:59:53,00,Y,N,1,1,Y,转股价下修1次，成功下修1次,2021-02-05 开始转股,计算使用0.2年期 评级为AA- 债参考YTM：1.6600,N,3.0,全价：121.353 最后更新：14:59:53,,,,1,[],0,0,N,,,buy,buy
2026-06-05 10:57:49,113646,永吉转债,yjzz,148.571,-1.77,603058,永吉股份,yjgf,10.18,7.84,3.53,8.05,126.46,0,17.48,166.05,360205,轻工制造,shmb,C,2022-05-17,[],0,0,buy,AA-,,5.635,10.465,3.3,buy,2028-04-14,1.86,1.372,13479.53,11616.24,65.33,-15.01,,0,14:59:59,00,Y,N,0,0,Y,,2022-10-20 开始转股,计算使用1.9年期 评级为AA- 债参考YTM：1.9624,N,1.459,全价：148.571 最后更新：14:59:59,,,,1,[],0,0,N,,,buy,buy
2026-06-05 10:57:49,127040,国泰转债,gtzz,127.807,0.12,002091,江苏国泰,jsgt,8.29,0.12,0.82,7.65,108.37,0,17.94,145.75,450201,商贸零售,szmb,C,2021-08-10,[],0,0,buy,AA+,,5.355,9.945,30.1,buy,2027-07-07,1.088,39.863,6210.83,9700.69,1.22,-13.24,,0,15:34:03,00,Y,N,0,0,N,2026-05-29 至 2026-06-05 期间暂停转股：权益分派,2022-01-13 开始转股;2026-05-29 至 2026-06-05 期间暂停转股：权益分派,计算使用1.1年期 评级为AA+ 债参考YTM：1.4911,N,45.574,全价：127.807 最后更新：15:34:03,,,,1,{'M': ''},0,0,N,,,buy,buy
2026-06-05 10:57:49,113048,晶科转债,jkzz,139.785,-5.98,601778,晶科科技,jkkj,5.33,-4.82,1.24,4.5,118.44,0,18.02,157.81,410106,公用事业,shmb,C,2021-05-31,[],0,0,buy,AA,,3.15,5.85,7.8,buy,2027-04-23,0.882,15.456,34534.79,125385.57,15.64,-22.6,,0,14:59:59,00,Y,N,2,2,Y,转股价下修2次，成功下修2次,2021-10-29 开始转股,计算使用0.9年期 评级为AA 债参考YTM：1.4920,N,30.0,全价：139.785 最后更新：14:59:59,,,,1,"{'G': '本次（2026年3月25日至2026年5月6日）不提前赎回，以2026年8月7日为首个交易日重新计算', 'M': ''}",0,0,N,,,buy,buy
2026-06-05 10:57:49,128128,齐翔转2,qxz2,112.826,0.3,002408,齐翔腾达,qxtd,5.13,0.59,1.33,5.37,95.53,0,18.1,130.93,750303,石油石化,szmb,C,2020-09-15,[],0,0,buy,AA,,3.759,6.981,4.8,buy,2026-08-20,0.208,6.792,4371.16,13143.95,5.71,-12.19,,0,15:34:33,00,Y,N,0,0,Y,,2021-02-26 开始转股,计算使用0.3年期 评级为AA 债参考YTM：1.4601,N,29.9,全价：112.826 最后更新：15:34:33,,,,1,{'M': ''},0,0,N,,,buy,buy
2026-06-05 10:57:49,123247,万凯转债,wkzz,259.1,1.66,301216,万凯新材,wkxc,24.74,1.31,2.19,11.3,218.94,0,18.34,277.44,220501,基础化工,szcy,C,2024-09-05,[],0,0,buy,AA,,7.91,14.69,14.5,buy,2030-08-16,4.2,19.643,26903.14,23080.14,5.28,-17.89,,0,15:34:48,00,Y,N,0,0,Y,,2025-02-24 开始转股,计算使用4.2年期 评级为AA 债参考YTM：1.9201,N,27.0,全价：259.100 最后更新：15:34:48,,,,0,"{'G': '本次（2026年2月24日至2026年3月16日）不提前赎回，自2026年6月16日后首个交易日重新计算', 'M': ''}",0,0,N,,,buy,buy
2026-06-05 10:57:49,127061,美锦转债,mjzz,98.1,-0.68,000723,美锦能源,mjny,4.35,-2.03,1.5,5.26,82.7,0,18.62,116.72,740201,煤炭,szmb,C,2022-05-30,[],0,0,buy,A+,,3.682,6.838,14.6,buy,2028-04-20,1.877,27.89,7649.02,36303.39,2.78,11.74,,0,15:34:42,00,Y,N,1,1,Y,转股价下修1次，成功下修1次,2022-10-26 开始转股,计算使用1.9年期 评级为A+ 债参考YTM：4.3020,N,35.9,全价：98.100 最后更新：15:34:42,,,,1,{'M': ''},0,0,N,,,buy,buy
2026-06-05 10:57:49,113661,福22转债,f22zz,140.573,-0.42,603806,福斯特,fst,17.24,-3.09,2.7,14.59,118.16,0,18.97,159.54,630504,电力设备,shmb,C,2022-12-22,[],0,0,buy,AA,,10.213,18.967,6.7,buy,2028-11-22,2.469,30.297,15647.42,85432.33,3.66,-8.51,,0,14:59:29,00,Y,N,1,1,Y,转股价下修1次，成功下修1次,2023-05-29 开始转股,计算使用2.5年期 评级为AA 债参考YTM：1.7147,N,30.3,全价：140.573 最后更新：14:59:29,,,,0,{'M': ''},0,0,N,,,buy,buy
2026-06-05 10:57:49,127109,电化转债,dhzz,200.5,4.7,002125,湘潭电化,xtdh,16.98,4.81,3.11,10.1,168.12,0,19.26,219.76,630702,电力设备,szmb,C,2025-07-04,[],0,0,buy,AA,,7.07,13.13,4.6,buy,2031-06-16,5.033,4.867,160731.16,150946.27,164.4,-10.65,,0,15:34:21,00,Y,N,0,0,Y,,2025-12-22 开始转股,计算使用5.1年期 评级为AA 债参考YTM：1.9548,N,4.87,全价：200.500 最后更新：15:34:21,,,,0,"{'G': '本次（2026年4月14日至2026年5月7日）不提前赎回，自2026年8月7日后首个交易日重新计算', 'M': ''}",0,0,N,,,buy,buy
2026-06-05 10:57:49,127034,绿茵转债,lyzz,132.773,-1.65,002887,绿茵生态,lyst,12.47,-2.2,1.56,11.21,111.24,0,19.36,152.13,760104,环保,szmb,C,2021-05-28,[],0,0,buy,AA-,,7.847,14.573,15.8,buy,2027-04-30,0.901,4.279,6613.71,6844.33,11.59,-16.57,,0,15:34:06,00,Y,N,0,0,Y,,2021-11-11 开始转股,计算使用1.0年期 评级为AA- 债参考YTM：1.7801,N,7.12,全价：132.773 最后更新：15:34:06,,,,1,[],0,0,N,,,buy,buy
2026-06-05 10:57:49,123076,强力转债,qlzz,130.47,0.9,300429,强力新材,qlxc,13.88,1.39,4.18,12.7,109.29,0,19.38,149.85,270601,电子,szcy,C,2020-12-04,[],0,0,buy,AA-,,8.89,16.51,8.5,buy,2026-11-19,0.458,4.812,13651.89,49686.73,21.81,-29.44,,0,15:34:03,00,Y,N,1,1,Y,转股价下修1次，成功下修1次,2021-05-25 开始转股,计算使用0.5年期 评级为AA- 债参考YTM：1.7109,N,8.5,全价：130.470 最后更新：15:34:03,,,,1,{'M': ''},0,0,N,,,buy,buy
2026-06-05 10:57:49,123142,申昊转债,shzz,138.55,0.59,300853,申昊科技,shkj,38.83,3.22,8.96,33.71,115.19,0,20.28,158.83,630803,电力设备,szcy,C,2022-04-11,[],0,0,buy,A-,,23.597,43.823,14.4,buy,2028-03-18,1.786,5.494,7655.94,28752.08,10.04,-11.19,,0,15:34:21,00,Y,N,0,0,Y,,2022-09-26 开始转股,计算使用1.8年期 评级为A- 债参考YTM：8.9806,N,5.5,全价：138.550 最后更新：15:34:21,,,,1,[],0,0,N,,,buy,buy
2026-06-05 10:57:49,118051,皓元转债,hyzz,223.008,-1.38,688131,皓元医药,hyyy,75.0,-1.78,4.96,40.47,185.32,0,20.34,243.35,370603,医药生物,shkc,C,2024-12-19,[],0,0,buy,AA-,,28.329,52.611,5.2,buy,2030-11-28,4.485,8.218,20875.76,37506.14,11.29,-13.57,,0,14:59:57,00,Y,N,0,0,N,2026-06-05 至 2026-06-11 期间暂停转股：回售,2025-06-04 开始转股;2026-06-05 至 2026-06-11 期间暂停转股：回售,计算使用4.5年期 评级为AA- 债参考YTM：2.5007,N,8.223,全价：223.008 最后更新：14:59:57,,,,0,{'M': ''},0,0,Y,,,buy,buy
2026-06-05 10:57:49,123160,泰福转债,tfzz,161.89,-0.86,300992,泰福泵业,tfby,26.56,0.0,2.81,19.77,134.35,0,20.5,182.39,640106,机械设备,szcy,C,2022-10-25,[],0,0,buy,A,,13.839,25.701,11.2,buy,2028-09-28,2.318,2.315,6998.56,4337.53,18.71,-12.59,,0,15:34:33,00,Y,N,1,1,Y,转股价下修1次，成功下修1次,2023-04-11 开始转股,计算使用2.4年期 评级为A 债参考YTM：6.7981,N,3.349,全价：161.890 最后更新：15:34:33,,,,0,"{'G': '本次（2026年5月6日至2026年5月26日）不提前赎回，自2026年8月31日后首个交易日重新计算', 'M': ''}",0,0,N,,,buy,buy
2026-06-05 10:57:49,113677,华懋转债,hmzz,353.552,-4.8,603306,华懋科技,hmkj,98.95,-4.52,9.38,33.74,293.27,0,20.55,374.1,280202,汽车,shmb,C,2023-10-12,[],0,0,buy,AA-,,23.618,43.862,3.2,buy,2029-09-14,3.28,10.489,61992.49,141408.78,16.33,-29.14,,0,14:59:59,00,Y,N,0,0,Y,,2024-03-20 开始转股,计算使用3.3年期 评级为AA- 债参考YTM：2.4056,N,10.5,全价：353.552 最后更新：14:59:59,,,,0,"{'G': '本次（2026年3月6日至2026年3月26日）不提前赎回，自2026年6月26日之后的首个交易日重新起算', 'M': ''}",0,0,N,,,buy,buy
2026-06-05 10:57:49,127027,能化转债,nhzz,119.251,-0.71,000552,甘肃能化,gsnh,2.89,-0.34,0.93,2.93,98.64,0,20.9,140.15,740101,煤炭,szmb,C,2021-01-22,[],0,0,buy,AAA,,2.051,3.809,18.1,buy,2026-12-10,0.515,19.464,9904.24,32214.39,4.25,-15.14,,0,15:34:00,00,Y,N,0,0,Y,,2021-06-16 开始转股,计算使用0.6年期 评级为AAA 债参考YTM：1.4247,N,28.0,全价：119.251 最后更新：15:34:00,,,,1,{'M': ''},0,0,N,,,buy,buy
2026-06-05 10:57:49,113588,润达转债,rdzz,108.982,0.02,603108,润达医疗,rdyl,11.68,-2.01,1.89,12.97,90.05,0,21.02,130.0,370402,医药生物,shmb,C,2020-07-13,[],0,0,buy,AA,,9.079,16.861,3.3,buy,2026-06-17,0.033,2.316,9408.78,22252.9,37.24,0.55,,0,14:59:57,00,Y,N,0,0,Y,,2020-12-23 开始转股,计算使用0.1年期 评级为AA 债参考YTM：1.4593,N,5.5,全价：108.982 最后更新：14:59:57,,,,1,"{'R': '到期\n最后交易日：2026-06-11\n最后转股日：2026-06-16\n债券到期日：2026-06-17\n到期赎回价：109.000元/张', 'M': ''}",0,0,N,,,buy,buy
2026-06-05 10:57:49,123225,翔丰转债,xfzz,152.575,0.35,300890,翔丰华,xfh,34.57,1.08,1.81,27.44,125.98,0,21.11,173.69,630702,电力设备,szcy,C,2023-10-26,[],0,0,buy,AA-,,19.208,35.672,14.8,buy,2029-10-10,3.351,5.585,11045.36,26014.63,12.97,-6.46,,0,15:34:03,00,Y,N,1,1,N,"转股价下修1次，成功下修1次
2026-06-03 至 2026-06-10 期间暂停转股：权益分派
转股价27.440生效日期2024-12-09",2024-04-16 开始转股;2026-06-03 至 2026-06-10 期间暂停转股：权益分派,计算使用3.4年期 评级为AA- 债参考YTM：2.4166,N,8.0,全价：152.575 最后更新：15:34:03,,,,0,"{'G': '本次（2026年4月22日至2026年5月15日）不提前赎回，自2026年8月15日后首个交易日重新计算', 'M': ''}",0,0,N,,,buy,buy
2026-06-05 10:57:49,127047,帝欧转债,dozz,148.599,-0.49,002798,帝欧水华,dosh,6.24,0.48,1.96,5.1,122.35,0,21.45,170.05,360306,轻工制造,szmb,C,2021-11-26,[],0,0,buy,A-,,3.57,6.63,14.4,buy,2027-10-25,1.389,4.654,3918.14,8132.71,5.64,-15.98,,0,15:34:06,00,Y,N,1,1,Y,转股价下修1次，成功下修1次,2022-04-29 开始转股,计算使用1.4年期 评级为A- 债参考YTM：8.8942,N,15.0,全价：148.599 最后更新：15:34:06,,,,1,{'G': '本次（2026年4月15日至2026年5月8日）不提前赎回，以2026年8月8日后首个交易日起重新计算'},0,0,N,,,buy,buy
2026-06-05 10:57:49,123059,银信转债,yxzz,120.6,-0.04,300231,银信科技,yxkj,8.93,-0.11,2.37,9.0,99.22,0,21.55,142.15,710301,计算机,szcy,C,2020-08-12,[],0,0,buy,AA-,,6.3,11.7,4.0,buy,2026-07-15,0.11,1.569,2471.1,8616.42,13.05,-20.19,,0,15:34:03,00,Y,N,0,0,Y,,2021-01-21 开始转股,计算使用0.2年期 评级为AA- 债参考YTM：1.6600,N,3.914,全价：120.600 最后更新：15:34:03,,,,1,[],0,0,N,,,buy,buy
2026-06-05 10:57:49,123118,惠城转债,hczz,670.115,-2.37,300779,惠城环保,hchb,80.35,-2.57,7.57,14.59,550.72,0,21.68,691.8,760103,环保,szcy,C,2021-07-26,[],0,0,buy,A+,,10.213,18.967,0.5,buy,2027-07-07,1.088,0.656,74804.31,58268.38,167.09,-80.22,,0,15:34:09,00,Y,N,0,0,N,2026-06-03 至 2026-06-11 期间暂停转股：权益分派,2022-01-13 开始转股;2026-06-03 至 2026-06-11 期间暂停转股：权益分派,计算使用1.1年期 评级为A+ 债参考YTM：4.1365,N,3.2,全价：670.115 最后更新：15:34:09,,,,1,"{'G': '本次（2026年5月6日至2026年5月26日）不提前赎回，自2026年8月26日后首个交易日重新计算', 'M': ''}",0,0,N,,,buy,buy
2026-06-05 10:57:49,111015,东亚转债,dyzz,136.332,-0.07,605177,东亚药业,dyyy,22.71,-3.24,1.47,20.28,111.98,0,21.74,158.07,370101,医药生物,shmb,C,2023-08-02,[],0,0,buy,A+,,14.196,26.364,25.8,buy,2029-07-06,3.088,6.662,7615.13,11969.53,8.4,-4.32,,0,14:59:45,00,Y,N,1,1,Y,转股价下修1次，成功下修1次,2024-01-12 开始转股,计算使用3.1年期 评级为A+ 债参考YTM：4.7211,N,6.9,全价：136.332 最后更新：14:59:45,,,,0,[],0,0,N,,,buy,buy
2026-06-05 10:57:49,113673,岱美转债,dmzz,206.274,1.35,603730,岱美股份,dmgf,12.48,0.4,5.34,7.37,169.34,0,21.81,228.08,280202,汽车,shmb,C,2023-08-10,[],0,0,buy,AA,,5.159,9.581,3.4,buy,2029-07-18,3.121,9.079,20437.78,29999.05,11.06,-17.07,,0,14:59:56,00,Y,N,1,1,N,"转股价下修1次，成功下修1次
2026-06-01 至 2026-06-05 期间暂停转股：权益分派
转股价7.370生效日期2025-06-04",2024-01-24 开始转股;2026-06-01 至 2026-06-05 期间暂停转股：权益分派,计算使用3.2年期 评级为AA 债参考YTM：1.8176,N,9.079,全价：206.274 最后更新：14:59:56,,,,0,"{'G': '本次（2026年5月7日至2026年5月27日）不提前赎回，以2026年8月27日之后的首个交易日重新起算', 'M': ''}",0,0,N,,,buy,buy
2026-06-05 10:57:49,127092,运机转债,yjzz,250.8,1.17,001288,运机集团,yjjt,24.48,1.24,2.36,11.89,205.89,0,21.81,272.61,640203,机械设备,szmb,C,2023-10-20,[],0,0,buy,AA-,,8.323,15.457,14.1,buy,2029-09-21,3.299,5.25,32242.44,12612.07,24.6,-20.23,,0,15:34:24,00,Y,N,0,0,Y,,2024-03-27 开始转股,计算使用3.3年期 评级为AA- 债参考YTM：2.4056,N,7.3,全价：250.800 最后更新：15:34:24,,,,0,{'G': '本次（2025年12月8日至2025年12月26日）不提前赎回，以2026年12月26日后的首个交易日起重新计算'},0,0,N,,,buy,buy
2026-06-05 10:57:49,113691,和邦转债,hbzz,145.66,-0.13,603077,和邦生物,hbsw,2.39,-0.42,1.17,2.0,119.5,0,21.89,167.55,220802,基础化工,shmb,C,2024-11-19,[],0,0,buy,AA,,1.4,2.6,21.8,buy,2030-10-28,4.4,45.991,18593.92,38358.32,2.74,-5.36,,0,14:59:55,00,Y,N,0,0,Y,,2025-05-06 开始转股,计算使用4.4年期 评级为AA 债参考YTM：1.9302,N,46.0,全价：145.660 最后更新：14:59:55,,,,0,"{'G': '本次（2026年1月22日至2026年3月10日）不提前赎回，以2027年3月10日之后的首个交易日重新起算', 'M': ''}",0,0,N,,,buy,buy
2026-06-05 10:57:49,111012,福新转债,fxzz,384.409,0.0,605488,福莱新材,flxc,34.98,1.36,4.63,11.22,311.77,0,23.3,407.71,220505,基础化工,shmb,C,2023-02-07,[],0,0,buy,A+,,7.854,14.586,1.1,buy,2029-01-04,2.586,1.017,62998.25,37986.04,160.75,-36.84,,0,14:59:59,00,Y,N,0,0,Y,,2023-07-10 开始转股,计算使用2.6年期 评级为A+ 债参考YTM：4.5306,N,4.29,全价：384.409 最后更新：14:59:59,,,,0,{'G': '本次（2026年2月27日至2026年3月19日）不提前赎回，自2026年6月19日之后的首个交易日重新起算'},0,0,N,,,buy,buy
2026-06-05 10:57:49,113605,大参转债,dszz,113.249,-0.4,603233,大参林,dsl,15.93,-0.93,2.31,17.35,91.82,0,23.34,136.59,370403,医药生物,shmb,C,2020-11-13,[],0,0,buy,AA,,12.145,22.555,7.7,buy,2026-10-22,0.381,14.045,3713.79,10121.62,2.33,-7.59,,0,14:59:09,00,Y,N,1,1,Y,转股价下修1次，成功下修1次,2021-04-28 开始转股,计算使用0.4年期 评级为AA 债参考YTM：1.4605,N,14.05,全价：113.249 最后更新：14:59:09,,,,1,{'M': ''},0,0,N,,,buy,buy
2026-06-05 10:57:49,127070,大中转债,dzzz,433.5,1.45,001203,大中矿业,dzky,37.73,2.03,7.73,10.76,350.65,0,23.63,457.13,230301,钢铁,szmb,C,2022-10-11,[],0,0,buy,AA,,7.532,13.988,1.9,buy,2028-08-17,2.203,9.342,130524.46,113868.33,32.17,-45.64,,0,15:34:12,00,Y,N,0,0,Y,,2023-02-23 开始转股,计算使用2.3年期 评级为AA 债参考YTM：1.6848,N,15.2,全价：433.500 最后更新：15:34:12,,,,0,"{'G': '本次（2026年2月24日至2026年3月16日）不提前赎回，以2026年9月16日后的首个交易日重新计算', 'M': ''}",0,0,N,,,buy,buy
2026-06-05 10:57:49,113697,应流转债,ylzz,262.441,-5.79,603308,应流股份,ylgf,64.34,-3.39,8.43,30.47,211.16,0,24.29,286.73,640108,机械设备,shmb,C,2025-10-22,[],0,0,buy,AA+,,21.329,39.611,3.4,buy,2031-09-19,5.293,14.996,44270.91,105484.93,10.84,-14.93,,0,15:00:00,00,Y,N,0,0,Y,,2026-03-25 开始转股,计算使用5.3年期 评级为AA+ 债参考YTM：1.7821,N,15.0,全价：262.441 最后更新：15:00:00,,,,0,"{'G': '本次（2026年3月25日至2026年4月15日）不提前赎回，2026年7月15日之后的首个交易日重新起算', 'M': ''}",0,0,N,,,buy,buy
2026-06-05 10:57:49,113066,平煤转债,pmzz,159.989,-0.11,601666,平煤股份,pmgf,9.67,4.88,0.95,7.52,128.59,0,24.42,184.41,740102,煤炭,shmb,C,2023-04-10,[],0,0,buy,AAA,,5.264,9.776,6.0,buy,2029-03-16,2.781,14.274,42495.5,128864.96,18.92,-12.81,,0,14:59:57,00,Y,N,1,1,Y,转股价下修1次，成功下修1次,2023-09-22 开始转股,计算使用2.8年期 评级为AAA 债参考YTM：1.5930,N,29.0,全价：159.989 最后更新：14:59:57,,,,0,{'M': ''},0,0,N,,,buy,buy
2026-06-05 10:57:49,127055,精装转债,jzzz,196.0,-2.01,002989,中天精装,ztjz,29.1,-2.68,4.09,18.5,157.3,0,24.6,220.6,620201,建筑装饰,szmb,C,2022-03-24,[],0,0,buy,AA-,,12.95,24.05,3.9,buy,2028-02-22,1.718,2.081,18886.85,20440.66,46.78,-26.17,,0,15:34:36,00,Y,N,0,0,Y,,2022-08-29 开始转股,计算使用1.8年期 评级为AA- 债参考YTM：1.9419,N,5.77,全价：196.000 最后更新：15:34:36,,,,1,{'G': '本次（2026年2月24日至2026年3月16日）不提前赎回，自2027年3月16日后首个交易日重新计算'},0,0,N,,,buy,buy
2026-06-05 10:57:49,123183,海顺转债,hszz,138.206,0.9,300501,海顺新材,hsxc,12.79,1.51,2.3,11.63,109.97,0,25.67,163.88,360206,轻工制造,szcy,C,2023-04-20,[],0,0,buy,AA-,,8.141,15.119,17.8,buy,2029-03-23,2.8,6.329,5452.73,9928.98,6.24,-5.43,,0,15:34:36,00,Y,N,2,0,Y,转股价下修2次，成功下修0次,2023-10-09 开始转股,计算使用2.8年期 评级为AA- 债参考YTM：2.2689,N,6.33,全价：138.206 最后更新：15:34:36,,,,0,[],0,0,N,,,buy,buy
2026-06-05 10:57:49,128142,新乳转债,xrzz,119.15,-0.99,002946,新乳业,xry,16.87,-0.53,3.7,17.88,94.35,0,26.28,145.43,340702,食品饮料,szmb,C,2021-01-19,[],0,0,buy,AA,,12.516,23.244,5.0,buy,2026-12-18,0.537,7.179,7990.3,7279.76,9.29,-14.38,,0,15:34:21,00,Y,N,0,0,Y,,2021-06-24 开始转股,计算使用0.6年期 评级为AA 债参考YTM：1.4638,N,7.18,全价：119.150 最后更新：15:34:21,,,,1,{'M': ''},0,0,N,,,buy,buy
2026-06-05 10:57:49,118044,赛特转债,stzz,188.077,-0.18,688398,赛特新材,stxc,28.06,-1.51,4.11,18.9,148.47,0,26.68,214.76,220309,基础化工,shkc,C,2023-10-12,[],0,0,buy,A+,,13.23,24.57,9.4,buy,2029-09-11,3.271,4.42,5052.02,4569.64,6.06,-13.66,,0,14:59:45,00,Y,N,1,1,Y,转股价下修1次，成功下修1次,2024-03-15 开始转股,计算使用3.3年期 评级为A+ 债参考YTM：4.7608,N,4.42,全价：188.077 最后更新：14:59:45,,,,0,"{'G': '本次（2026年3月10日至2026年4月20日）不提前赎回，以2026年10月21日起算', 'M': ''}",0,0,N,,,buy,buy
2026-06-05 10:57:49,123064,万孚转债,wfzz,112.718,2.11,300482,万孚生物,wfsw,18.49,15.06,1.57,20.88,88.55,0,27.29,140.01,370504,医药生物,szcy,C,2020-09-23,[],0,0,buy,AA,,14.616,27.144,7.5,buy,2026-09-01,0.241,5.976,130228.57,48301.66,190.11,-10.0,,0,15:34:03,00,Y,N,3,3,Y,转股价下修3次，成功下修3次,2021-03-08 开始转股,计算使用0.3年期 评级为AA 债参考YTM：1.4601,N,6.0,全价：112.718 最后更新：15:34:03,,,,1,{'M': ''},0,0,N,,,buy,buy
2026-06-05 10:57:49,123209,聚隆转债,jlzz,180.198,1.63,300644,南京聚隆,njjl,25.14,3.2,2.49,17.77,141.47,0,27.37,207.57,220503,基础化工,szcy,C,2023-08-17,[],0,0,buy,A+,,12.439,23.101,7.5,buy,2029-07-26,3.143,1.672,19307.65,9921.46,63.61,-12.86,,0,15:34:30,00,Y,N,0,0,Y,,2024-02-01 开始转股,计算使用3.2年期 评级为A+ 债参考YTM：4.7441,N,2.185,全价：180.198 最后更新：15:34:30,,,,0,{'G': '本次（2026年1月26日至2026年2月13日）不提前赎回，自2026年8月13日后首个交易日重新计算'},0,0,N,,,buy,buy
2026-06-05 10:57:49,110099,福能转债,fnzz,149.994,-0.81,600483,福能股份,fngf,11.58,-2.85,1.15,9.84,117.68,0,27.46,177.45,410110,公用事业,shmb,C,2025-10-30,[],0,0,buy,AA+,,6.888,12.792,11.8,buy,2031-10-13,5.359,38.019,16898.9,61341.13,2.97,-5.64,,0,14:59:37,00,Y,N,0,0,Y,,2026-04-17 开始转股,计算使用5.4年期 评级为AA+ 债参考YTM：1.7952,N,38.02,全价：149.994 最后更新：14:59:37,,,,0,{'M': ''},0,0,N,,,buy,buy
2026-06-05 10:57:49,123176,精测转2,jcz2,374.48,-5.54,300567,精测电子,jcdz,189.23,-7.15,11.96,64.51,293.33,0,27.66,402.14,640107,机械设备,szcy,C,2023-03-22,[],0,0,buy,AA-,,45.157,83.863,3.0,buy,2029-03-02,2.743,12.753,48154.1,185936.08,9.94,-35.26,,0,15:34:36,00,Y,N,0,0,Y,,2023-09-08 开始转股,计算使用2.8年期 评级为AA- 债参考YTM：2.2689,N,12.76,全价：374.480 最后更新：15:34:36,,,,0,"{'G': '本次（2025年12月23日至2026年1月14日）不提前赎回，自2026年7月14日后首个交易日重新计算', 'M': ''}",0,0,N,,,buy,buy
2026-06-05 10:57:49,123092,天壕转债,thzz,123.118,-0.37,300332,天壕能源,thny,4.79,-0.83,1.05,4.97,96.38,0,27.74,150.86,410301,公用事业,szcy,C,2021-01-15,[],0,0,buy,A+,,3.479,6.461,8.8,buy,2026-12-24,0.553,3.417,2448.84,10105.72,5.81,-11.97,,0,15:34:09,00,Y,N,0,0,Y,,2021-06-30 开始转股,计算使用0.6年期 评级为A+ 债参考YTM：4.0558,N,4.23,全价：123.118 最后更新：15:34:09,,,,1,{'M': ''},0,0,N,,,buy,buy
2026-06-05 10:57:49,123158,宙邦转债,zbzz,240.043,-3.81,300037,新宙邦,xzb,75.98,-2.96,5.11,40.49,187.65,0,27.92,267.96,630702,电力设备,szcy,C,2022-10-21,[],0,0,buy,AA,,28.343,52.637,4.3,buy,2028-09-26,2.312,18.046,85357.01,273944.37,18.87,-28.09,,0,15:34:18,00,Y,N,0,0,Y,,2023-03-30 开始转股,计算使用2.4年期 评级为AA 债参考YTM：1.6997,N,19.7,全价：240.043 最后更新：15:34:18,,,,0,"{'G': '本次（2025年12月25日至2026年1月22日）不提前赎回，自2026年7月22日后首个交易日重新计算', 'M': ''}",0,0,N,,,buy,buy
2026-06-05 10:57:49,123222,博俊转债,bjzz,155.379,0.16,300926,博俊科技,bjkj,19.96,0.3,2.36,16.46,121.26,0,28.13,183.51,280205,汽车,szcy,C,2023-09-28,[],0,0,buy,A+,,11.522,21.398,4.1,buy,2029-09-08,3.263,2.439,4381.25,7553.87,11.54,-7.93,,0,15:34:33,00,Y,N,0,0,Y,,2024-03-14 开始转股,计算使用3.3年期 评级为A+ 债参考YTM：4.7608,N,5.0,全价：155.379 最后更新：15:34:33,,,,0,"{'G': '本次（2025年11月24日至2025年12月12日）不提前赎回，自2026年6月12日后首个交易日重新计算', 'M': ''}",0,0,N,,,buy,buy
2026-06-05 10:57:49,113043,财通转债,ctzz,122.064,-0.57,601108,财通证券,ctzq,7.64,-0.52,0.92,8.03,95.14,0,28.3,150.36,490101,非银金融,shmb,C,2020-12-28,[],0,0,buy,AAA,,,10.439,10.7,buy,2026-12-10,0.515,37.992,5012.1,28771.22,1.07,-25.69,,0,14:59:59,00,Y,Y,1,1,Y,转股价下修1次，成功下修1次,2021-06-16 开始转股,计算使用0.6年期 评级为AAA 债参考YTM：1.4247,N,38.0,全价：122.064 最后更新：14:59:59,,,,0,{'M': ''},0,0,N,,,buy,buy
2026-06-05 10:57:49,118040,宏微转债,hwzz,152.213,-0.66,688711,宏微科技,hwkj,33.53,-2.73,6.58,28.51,117.61,0,29.42,181.63,270102,电子,shkc,C,2023-08-14,[],0,0,buy,A,,19.957,37.063,6.0,buy,2029-07-25,3.14,4.297,12859.32,47160.82,19.62,-7.39,,0,14:59:59,00,Y,N,1,1,Y,转股价下修1次，成功下修1次,2024-01-31 开始转股,计算使用3.2年期 评级为A 债参考YTM：7.0941,N,4.3,全价：152.213 最后更新：14:59:59,,,,0,{'M': ''},0,0,N,,,buy,buy
2026-06-05 10:57:49,123258,胜蓝转02,slz2,212.27,-1.5,300843,胜蓝股份,slgf,89.12,-1.38,8.85,54.36,163.94,0,29.48,241.75,270504,电子,szcy,C,2025-09-10,[],0,0,buy,AA-,,38.052,70.668,3.1,buy,2031-08-28,5.233,4.498,37074.47,54834.0,38.04,-10.79,,0,15:34:45,00,Y,N,0,0,Y,,2026-03-03 开始转股,计算使用5.3年期 评级为AA- 债参考YTM：2.7101,N,4.5,全价：212.270 最后更新：15:34:45,,,,0,"{'G': '本次（2026年4月22日至2026年5月19日）不提前赎回，自2026年8月19日后首个交易日重新计算', 'EX': '胜蓝投资控股有限公司竞价、大宗减持24.10% 2026年05月28日公告'}",0,0,N,,,buy,buy
2026-06-05 10:57:49,127037,银轮转债,ylzz,632.0,-0.63,002126,银轮股份,ylgf,50.06,-1.4,5.61,10.27,487.44,0,29.66,661.66,280203,汽车,szmb,C,2021-07-09,[],0,0,buy,AA,,7.189,13.351,1.3,buy,2027-06-07,1.006,5.055,29217.9,121306.77,9.22,-82.38,,0,15:34:09,00,Y,N,0,0,Y,,2021-12-13 开始转股,计算使用1.1年期 评级为AA 债参考YTM：1.5251,N,7.0,全价：632.000 最后更新：15:34:09,,,,1,{'M': ''},0,0,N,,,buy,buy
2026-06-05 10:57:49,127030,盛虹转债,shzz,116.64,0.2,000301,东方盛虹,dfsh,11.85,1.98,2.2,13.21,89.71,0,30.03,146.67,750301,石油石化,szmb,C,2021-04-21,[],0,0,buy,AA+,,9.247,17.173,6.4,buy,2027-03-22,0.795,49.974,9088.04,18555.78,1.55,-9.32,,0,15:34:00,00,Y,N,0,0,Y,,2021-09-27 开始转股,计算使用0.8年期 评级为AA+ 债参考YTM：1.4550,N,50.0,全价：116.640 最后更新：15:34:00,,,,1,{'M': ''},0,0,N,,,buy,buy
2026-06-05 10:57:49,110075,南航转债,nhzz,110.049,0.22,600029,南方航空,nfhk,5.22,0.19,2.55,6.17,84.6,0,30.08,140.13,421001,交通运输,shmb,C,2020-11-03,[],0,0,buy,AAA,,4.319,8.021,8.4,buy,2026-10-15,0.362,58.959,10832.52,46767.69,1.67,-8.99,,0,14:59:57,00,Y,N,0,0,Y,,2021-04-21 开始转股,计算使用0.4年期 评级为AAA 债参考YTM：1.4200,N,160.0,全价：110.049 最后更新：14:59:57,,,,1,{'M': ''},0,0,N,,,buy,buy
2026-06-05 10:57:49,127095,广泰转债,gtzz,143.761,0.41,002111,威海广泰,whgt,10.02,1.11,1.67,9.07,110.47,0,30.13,173.89,650201,国防军工,szmb,C,2023-11-10,[],0,0,buy,AA-,,6.349,11.791,14.1,buy,2029-10-18,3.373,6.927,3117.84,6681.11,3.13,-5.48,,0,15:33:57,00,Y,N,0,0,Y,,2024-04-24 开始转股,计算使用3.4年期 评级为AA- 债参考YTM：2.4166,N,7.0,全价：143.761 最后更新：15:33:57,,,,0,[],0,0,N,,,buy,buy
2026-06-05 10:57:49,113686,泰瑞转债,trzz,159.074,0.99,603289,泰瑞机器,trjq,9.75,0.72,1.91,8.0,121.88,0,30.52,189.59,640209,机械设备,shmb,C,2024-07-24,[],0,0,buy,AA-,,5.6,10.4,11.8,buy,2030-07-02,4.077,3.363,8935.35,10719.23,16.74,-6.81,,0,14:59:57,00,Y,N,0,0,Y,,2025-01-08 开始转股,计算使用4.1年期 评级为AA- 债参考YTM：2.4625,N,3.378,全价：159.074 最后更新：14:59:57,,,,0,{'G': '本次（2026年5月6日至2026年5月26日）不提前赎回，自2026年8月26日之后的首个交易日重新起算'},0,0,N,,,buy,buy
2026-06-05 10:57:49,118056,路维转债,lwzz,291.553,0.99,688401,路维光电,lwgd,73.02,0.44,8.16,32.7,223.3,0,30.56,322.11,270103,电子,shkc,C,2025-07-10,[],0,0,buy,AA-,,22.89,42.51,4.4,buy,2031-06-11,5.019,6.145,78917.55,58832.51,43.8,-16.96,,0,14:59:58,00,Y,N,0,0,N,2026-06-03 至 2026-06-09 期间暂停转股：权益分派,2025-12-17 开始转股;2026-06-03 至 2026-06-09 期间暂停转股：权益分派,计算使用5.1年期 评级为AA- 债参考YTM：2.5740,N,6.15,全价：291.553 最后更新：14:59:58,,,,0,"{'G': '本次（2026年4月9日至2026年4月29日）不提前赎回，以2026年7月30日为首个交易日重新计算', 'M': ''}",0,0,N,,,buy,buy
2026-06-05 10:57:49,127053,豪美转债,hmzz,201.36,-1.18,002988,豪美新材,hmxc,26.57,-2.24,2.43,17.23,154.21,0,30.58,231.94,240301,有色金属,szmb,C,2022-03-04,[],0,0,buy,AA-,,12.061,22.399,3.9,buy,2028-01-24,1.638,2.575,7416.51,10739.25,14.27,-27.15,,0,15:34:21,00,Y,N,1,1,Y,转股价下修1次，成功下修1次,2022-07-28 开始转股,计算使用1.7年期 评级为AA- 债参考YTM：1.9214,N,8.24,全价：201.360 最后更新：15:34:21,,,,1,{'G': '本次（2026年4月30日至2026年5月25日）不提前赎回，以2026年11月25日后首个交易日起重新计算'},0,0,N,,,buy,buy
2026-06-05 10:57:49,110076,华海转债,hhzz,118.13,-0.91,600521,华海药业,hhyy,15.0,-0.27,2.28,16.6,90.36,0,30.73,148.86,370102,医药生物,shmb,C,2020-11-25,[],0,0,buy,AA,,11.62,21.58,8.2,buy,2026-11-02,0.411,18.424,4447.47,18030.62,2.04,-16.75,,0,14:59:53,00,Y,N,1,1,Y,转股价下修1次，成功下修1次,2021-05-06 开始转股,计算使用0.5年期 评级为AA 债参考YTM：1.4609,N,18.426,全价：118.130 最后更新：14:59:53,,,,1,{'M': ''},0,0,N,,,buy,buy
2026-06-05 10:57:49,113052,兴业转债,xyzz,118.145,0.66,601166,兴业银行,xyyh,18.6,1.69,0.43,20.63,90.16,0,31.04,149.19,480301,银行,shmb,C,2022-01-14,[],0,0,buy,AAA,,,26.819,10.5,buy,2027-12-27,1.562,413.5,40960.41,217852.44,0.84,-3.8,,0,14:59:46,00,Y,Y,0,0,N,2026-06-05 起暂停转股：权益分派,2022-06-30 开始转股;2026-06-05 起暂停转股：权益分派,计算使用1.6年期 评级为AAA 债参考YTM：1.4925,N,500.0,全价：118.145 最后更新：14:59:46,,,,0,{'M': ''},0,0,N,,,buy,buy
2026-06-05 10:57:49,113688,国检转债,gjzz,145.237,0.01,603060,国检集团,gjjt,7.22,0.14,2.78,6.52,110.74,0,31.16,176.4,460802,社会服务,shmb,C,2024-11-12,[],0,0,buy,AA+,,4.564,8.476,13.8,buy,2030-10-17,4.37,7.998,6961.61,16126.69,5.99,-5.04,,0,14:59:56,00,Y,N,0,0,Y,,2025-04-23 开始转股,计算使用4.4年期 评级为AA+ 债参考YTM：1.7404,N,8.0,全价：145.237 最后更新：14:59:56,,,,0,[],0,0,N,,,buy,buy
2026-06-05 10:57:49,123211,阳谷转债,ygzz,189.2,7.55,300121,阳谷华泰,yght,13.21,6.36,1.6,9.2,143.59,0,31.77,220.97,220604,基础化工,szcy,C,2023-08-14,[],0,0,buy,AA-,,6.44,11.96,5.4,buy,2029-07-27,3.145,3.07,174043.72,51089.64,294.64,-13.84,,0,15:34:45,00,Y,N,0,0,Y,,2024-02-02 开始转股,计算使用3.2年期 评级为AA- 债参考YTM：2.3901,N,6.5,全价：189.200 最后更新：15:34:45,,,,0,{'G': '本次（2025年12月15日至2026年1月6日）不提前赎回，2026年7月6日后首个交易日重新计算'},0,0,N,,,buy,buy
2026-06-05 10:57:49,118030,睿创转债,rczz,407.82,-0.92,688002,睿创微纳,rcwn,120.8,-0.97,7.7,39.12,308.79,0,32.07,439.89,650501,国防军工,shkc,C,2023-02-10,[],0,0,buy,AA,,27.384,50.856,2.2,buy,2028-12-30,2.573,12.622,30144.61,116978.81,5.76,-39.6,,0,14:59:57,00,Y,N,0,0,Y,,2023-07-06 开始转股,计算使用2.6年期 评级为AA 债参考YTM：1.7300,N,15.647,全价：407.820 最后更新：14:59:57,,,,0,"{'G': '本次（2026年3月18日至2026年4月8日）不提前赎回，以2027年4月9日为首个交易日重新计算', 'M': ''}",0,0,N,,,buy,buy
2026-06-05 10:57:49,123150,九强转债,jqzz,136.335,0.55,300406,九强生物,jqsw,11.95,2.22,1.8,11.6,103.02,0,32.34,168.68,370504,医药生物,szcy,C,2022-07-20,[],0,0,buy,AA-,,8.12,15.08,22.1,buy,2028-06-30,2.071,11.21,3520.63,5078.3,2.3,-8.54,,0,15:34:30,00,Y,N,1,1,Y,转股价下修1次，成功下修1次,2023-01-06 开始转股,计算使用2.1年期 评级为AA- 债参考YTM：2.0062,N,11.39,全价：136.335 最后更新：15:34:30,,,,0,{'M': ''},0,0,N,,,buy,buy
2026-06-05 10:57:49,113695,华辰转债,hczz,146.784,-0.28,603097,江苏华辰,jshc,26.01,-1.33,3.78,23.48,110.78,0,32.51,179.29,630801,电力设备,shmb,C,2025-07-10,[],0,0,buy,A+,,16.436,30.524,11.0,buy,2031-06-20,5.044,4.597,7341.02,6459.82,10.89,-4.16,,0,14:59:55,00,Y,N,0,0,Y,,2025-12-26 开始转股,计算使用5.1年期 评级为A+ 债参考YTM：4.9232,N,4.6,全价：146.784 最后更新：14:59:55,,,,0,[],0,0,N,,,buy,buy
2026-06-05 10:57:49,113680,丽岛转债,ldzz,147.567,-0.38,603937,丽岛新材,ldxc,14.37,-1.17,1.9,12.91,111.31,0,32.57,180.14,240301,有色金属,shmb,C,2023-12-05,[],0,0,buy,A+,,9.037,16.783,10.0,buy,2029-11-15,3.449,2.998,4050.41,9787.97,9.16,-5.87,,0,14:59:47,00,Y,N,0,0,Y,,2024-05-21 开始转股,计算使用3.5年期 评级为A+ 债参考YTM：4.7806,N,3.0,全价：147.567 最后更新：14:59:47,,,,0,[],0,0,N,,,buy,buy
2026-06-05 10:57:49,123149,通裕转债,tyzz,132.213,0.2,300185,通裕重工,tyzg,2.69,-0.37,1.5,2.71,99.26,0,33.2,165.41,630602,电力设备,szcy,C,2022-07-15,[],0,0,buy,AA,,1.897,3.523,10.7,buy,2028-06-20,2.044,11.069,6242.51,20458.44,4.26,-6.61,,0,15:34:24,00,Y,N,0,0,Y,,2022-12-26 开始转股,计算使用2.1年期 评级为AA 债参考YTM：1.6562,N,14.847,全价：132.213 最后更新：15:34:24,,,,0,{'M': ''},0,0,N,,,buy,buy
2026-06-05 10:57:49,118058,微导转债,wdzz,339.214,-4.4,688147,微导纳米,wdnm,84.5,-5.91,13.03,33.43,252.77,0,34.2,373.41,630505,电力设备,shkc,C,2025-08-27,[],0,0,buy,AA,,23.401,43.459,3.0,buy,2031-08-06,5.173,11.7,61638.82,89187.13,15.13,-19.2,,0,14:59:59,00,Y,N,0,0,Y,,2026-02-12 开始转股,计算使用5.2年期 评级为AA 债参考YTM：1.9674,N,11.7,全价：339.214 最后更新：14:59:59,,,,0,"{'G': '本次（2026年2月12日至2026年3月12日）不提前赎回，以2026年9月13日为首个交易日重新计算', 'M': ''}",0,0,N,,,buy,buy
2026-06-05 10:57:49,127088,赫达转债,hdzz,175.9,-0.43,002810,山东赫达,sdhd,21.9,0.6,3.32,16.76,130.67,0,34.62,210.52,220309,基础化工,szmb,C,2023-07-19,[],0,0,buy,AA-,,11.732,21.788,8.5,buy,2029-07-03,3.08,5.996,7802.88,22070.38,7.36,-12.02,,0,15:34:18,00,Y,N,0,0,Y,,2024-01-08 开始转股,计算使用3.1年期 评级为AA- 债参考YTM：2.3688,N,6.0,全价：175.900 最后更新：15:34:18,,,,0,"{'G': '本次（2026年3月30日至2026年4月20日）不提前赎回，自2026年10月21日起重新计算', 'M': ''}",0,0,N,,,buy,buy
2026-06-05 10:57:49,128125,华阳转债,hyzz,113.169,0.2,002949,华阳国际,hygj,11.92,0.85,1.48,14.19,84.0,0,34.72,147.89,620601,建筑装饰,szmb,C,2020-08-21,[],0,0,buy,AA-,,9.933,18.447,24.8,buy,2026-07-30,0.151,4.496,4850.91,3312.23,9.54,-1.01,,0,15:34:15,00,Y,N,2,2,Y,转股价下修2次，成功下修2次,2021-02-05 开始转股,计算使用0.2年期 评级为AA- 债参考YTM：1.6600,N,4.5,全价：113.169 最后更新：15:34:15,,,,1,[],0,0,N,,,buy,buy
2026-06-05 10:57:49,127082,亚科转债,ykzz,136.452,0.28,002540,亚太科技,ytkj,5.34,0.75,1.18,5.29,100.95,0,35.17,171.62,240301,有色金属,szmb,C,2023-04-27,[],0,0,buy,AA,,3.703,6.877,25.3,buy,2029-03-09,2.762,11.585,6535.41,5887.98,4.13,-6.01,,0,15:34:33,00,Y,N,0,0,Y,,2023-09-15 开始转股,计算使用2.8年期 评级为AA 债参考YTM：1.7606,N,11.59,全价：136.452 最后更新：15:34:33,,,,0,[],0,0,N,,,buy,buy
2026-06-05 10:57:49,113678,中贝转债,zbzz,150.158,-2.87,603220,中贝通信,zbtx,22.77,-0.44,3.1,20.54,110.86,0,35.45,185.61,730103,通信,shmb,C,2023-11-21,[],0,0,buy,A+,,14.378,26.702,5.2,buy,2029-10-19,3.375,5.108,31603.38,64070.27,40.7,-6.46,,0,14:59:57,00,Y,N,2,1,Y,转股价下修2次，成功下修1次,2024-04-25 开始转股,计算使用3.4年期 评级为A+ 债参考YTM：4.7725,N,5.17,全价：150.158 最后更新：14:59:57,,,,0,"{'G': '本次（2026年3月16日至2026年4月27日）不提前赎回，以2026年7月28日起算', 'M': ''}",0,0,N,,,buy,buy
2026-06-05 10:57:49,127080,声迅转债,sxzz,292.0,0.84,003004,声迅股份,sxgf,62.29,1.45,7.27,28.94,215.24,0,35.66,327.66,710102,计算机,szmb,C,2023-02-10,[],0,0,buy,A,,20.258,37.622,6.5,buy,2028-12-30,2.573,2.793,198719.9,40526.42,238.15,-29.85,,0,15:34:48,00,Y,N,0,0,Y,,2023-07-07 开始转股,计算使用2.6年期 评级为A 债参考YTM：6.8806,N,2.8,全价：292.000 最后更新：15:34:48,,,,0,{'G': '本次（2026年5月8日至2026年5月29日）不提前赎回，以2026年8月31日重新计算'},0,0,N,,,buy,buy
2026-06-05 10:57:49,118013,道通转债,dtzz,184.373,-1.36,688208,道通科技,dtkj,29.1,-2.18,4.82,21.48,135.48,0,36.09,220.46,710103,计算机,shkc,C,2022-07-28,[],0,0,buy,AA,,15.036,27.924,6.6,buy,2028-07-08,2.093,12.796,16419.07,40222.93,6.96,-19.41,,0,14:59:32,00,Y,N,0,0,Y,,2023-01-16 开始转股,计算使用2.1年期 评级为AA 债参考YTM：1.6562,N,12.8,全价：184.373 最后更新：14:59:32,,,,0,"{'G': '本次（2026年1月5日至2026年1月23日）不提前赎回，以2026年7月24日为首个交易日重新计算', 'M': ''}",0,0,N,,,buy,buy
2026-06-05 10:57:49,123080,海波转债,hbzz,134.393,0.44,300517,海波重科,hbzk,11.1,-0.09,2.08,11.28,98.4,0,36.57,170.96,620401,建筑装饰,szcy,C,2020-12-22,[],0,0,buy,A+,,7.896,14.664,10.6,buy,2026-12-02,0.493,1.486,2243.63,5269.14,11.23,-21.84,,0,15:34:06,00,Y,N,0,0,Y,,2021-06-08 开始转股,计算使用0.5年期 评级为A+ 债参考YTM：4.0409,N,2.45,全价：134.393 最后更新：15:34:06,,,,1,[],0,0,N,,,buy,buy
2026-06-05 10:57:49,111022,锡振转债,xzzz,167.354,3.24,605319,无锡振华,wxzh,27.68,1.39,3.37,22.64,122.26,0,36.88,204.23,280205,汽车,shmb,C,2025-07-14,[],0,0,buy,AA-,,15.848,29.432,5.4,buy,2031-06-18,5.038,5.197,56730.0,23181.64,64.58,-6.84,,0,15:00:00,00,Y,N,0,0,N,2026-06-01 至 2026-06-09 期间暂停转股：权益分派,2025-12-24 开始转股;2026-06-01 至 2026-06-09 期间暂停转股：权益分派,计算使用5.1年期 评级为AA- 债参考YTM：2.5740,N,5.2,全价：167.354 最后更新：15:00:00,,,,0,[],0,0,N,,,buy,buy
2026-06-05 10:57:49,127108,太能转债,tnzz,129.9,-1.14,000591,太阳能,tyn,5.26,-5.9,0.86,5.55,94.78,0,37.06,166.96,410106,公用事业,szmb,C,2025-04-16,[],0,0,buy,AA+,,3.885,7.215,14.4,buy,2031-03-28,4.814,29.498,13027.28,86427.08,3.39,-2.2,,0,15:34:09,00,Y,N,0,0,Y,,2025-10-09 开始转股,计算使用4.9年期 评级为AA+ 债参考YTM：1.7542,N,29.5,全价：129.900 最后更新：15:34:09,,,,0,"{'M': '', 'EX': '中国节能环保集团有限公司竞价、大宗减持12.64% 2026年05月29日公告'}",0,0,N,,,buy,buy
2026-06-05 10:57:49,118060,瑞可转债,rkzz,234.143,-0.9,688800,瑞可达,rkd,126.11,-6.59,10.28,73.85,170.77,0,37.11,271.25,270401,电子,shkc,C,2025-12-12,[],0,0,buy,AA-,,51.695,96.005,3.9,buy,2031-11-14,5.447,9.999,59114.06,216259.15,24.79,-12.27,,0,14:59:59,00,Y,N,0,0,Y,,2026-05-20 开始转股,计算使用5.5年期 评级为AA- 债参考YTM：2.9143,N,10.0,全价：234.143 最后更新：14:59:59,,,,0,{'M': ''},0,0,N,,,buy,buy
2026-06-05 10:57:49,113054,绿动转债,ldzz,129.096,-2.01,601330,绿色动力,lsdl,8.36,-5.64,1.41,8.89,94.04,0,37.28,166.38,760103,环保,shmb,C,2022-03-23,[],0,0,buy,AA+,,6.223,11.557,28.5,buy,2028-02-25,1.726,23.598,10800.07,27003.23,3.51,-8.56,,0,14:59:31,00,Y,N,0,0,Y,,2022-09-05 开始转股,计算使用1.8年期 评级为AA+ 债参考YTM：1.5549,N,23.6,全价：129.096 最后更新：14:59:31,,,,1,[],0,0,N,,,buy,buy
2026-06-05 10:57:49,128134,鸿路转债,hlzz,115.517,-0.94,002541,鸿路钢构,hlgg,18.41,-5.59,1.25,21.99,83.72,0,37.98,153.5,620401,建筑装饰,szmb,C,2020-11-02,[],0,0,buy,AA,,15.393,28.587,17.2,buy,2026-10-09,0.345,15.726,3486.95,20912.72,1.9,-13.94,,0,15:34:36,00,Y,N,1,1,Y,转股价下修1次，成功下修1次,2021-04-15 开始转股,计算使用0.4年期 评级为AA 债参考YTM：1.4605,N,18.8,全价：115.517 最后更新：15:34:36,,,,0,{'M': ''},0,0,N,,,buy,buy
2026-06-05 10:57:49,128121,宏川转债,hczz,108.48,0.4,002930,宏川智慧,hczh,9.91,1.23,2.15,12.65,78.34,0,38.47,146.95,420806,交通运输,szmb,C,2020-08-07,[],0,0,buy,AA-,,8.855,16.445,15.0,buy,2026-07-17,0.115,6.466,4785.76,16181.56,6.81,-3.94,,0,15:34:12,00,Y,N,2,2,Y,转股价下修2次，成功下修2次,2021-01-25 开始转股,计算使用0.2年期 评级为AA- 债参考YTM：1.6600,N,6.7,全价：108.480 最后更新：15:34:12,,,,0,{'M': ''},0,0,N,,,buy,buy
2026-06-05 10:57:49,110097,天润转债,trzz,140.437,0.84,600419,天润乳业,trry,8.3,0.61,1.06,8.19,101.34,0,38.58,179.02,340702,食品饮料,shmb,C,2024-11-15,[],0,0,buy,AA,,5.733,10.647,37.8,buy,2030-10-24,4.389,9.89,4838.65,5623.32,3.47,-4.57,,0,14:59:17,00,Y,N,0,0,Y,,2025-04-30 开始转股,计算使用4.4年期 评级为AA 债参考YTM：1.9302,N,9.9,全价：140.437 最后更新：14:59:17,,,,0,[],0,0,N,,,buy,buy
2026-06-05 10:57:49,111002,特纸转债,tzzz,137.044,0.34,605007,五洲特纸,wztz,13.33,-0.6,1.69,13.49,98.81,0,38.69,175.73,360103,轻工制造,shmb,C,2021-12-30,[],0,0,buy,AA,,9.443,17.537,12.4,buy,2027-12-08,1.51,6.619,4877.75,5340.51,5.38,-11.71,,0,14:59:09,00,Y,N,1,1,Y,转股价下修1次，成功下修1次,2022-06-14 开始转股,计算使用1.6年期 评级为AA 债参考YTM：1.5917,N,6.7,全价：137.044 最后更新：14:59:09,,,,1,[],0,0,N,,,buy,buy
2026-06-05 10:57:49,118031,天23转债,t23zz,122.596,-0.04,688599,天合光能,thgn,14.14,-1.94,1.6,16.0,88.38,0,38.72,161.32,630502,电力设备,shkc,C,2023-03-15,[],0,0,buy,AA,,11.2,20.8,17.7,buy,2029-02-13,2.696,58.512,11561.73,57737.63,1.61,-1.33,,0,14:59:09,00,Y,N,2,2,Y,转股价下修2次，成功下修2次,2023-08-17 开始转股,计算使用2.7年期 评级为AA 债参考YTM：1.7453,N,88.648,全价：122.596 最后更新：14:59:09,,,,0,{'M': ''},0,0,N,,,buy,buy
2026-06-05 10:57:49,110081,闻泰转债,wtzz,91.07,0.24,600745,*ST闻泰,wtkj,21.39,3.99,1.09,32.66,65.49,0,39.05,130.12,270102,电子,shmb,C,2021-08-20,[],0,0,buy,BBB+,,22.862,42.458,32.3,buy,2027-07-28,1.145,85.957,54578.39,234496.09,6.93,18.09,,0,14:59:59,00,Y,N,3,2,Y,转股价下修3次，成功下修2次,2022-02-07 开始转股,计算使用1.2年期 评级为BBB+ 债参考YTM：11.9229,Y,86.0,全价：91.070 最后更新：14:59:59,,,"按下调到底估算
股东大会：2026-06-16
预估转股价：20.63
预估转股价值：103.68
期权价值：23.30
理论价值：120.03
理论偏离度：-31.80%",1,[],0,0,N,,,buy,buy
2026-06-05 10:57:49,110098,南药转债,nyzz,136.397,0.43,600713,南京医药,njyy,5.02,1.01,0.89,5.12,98.05,0,39.11,175.51,370402,医药生物,shmb,C,2025-01-20,[],0,0,buy,AA+,,3.584,6.656,16.7,buy,2030-12-25,4.559,10.814,2101.73,3404.12,1.42,-4.24,,0,14:59:32,00,Y,N,0,0,Y,,2025-07-01 开始转股,计算使用4.6年期 评级为AA+ 债参考YTM：1.7461,N,10.815,全价：136.397 最后更新：14:59:32,,,,0,[],0,0,N,,,buy,buy
2026-06-05 10:57:49,123171,共同转债,gtzz,136.574,0.62,300966,共同药业,gtyy,26.47,2.56,3.68,27.12,97.6,0,39.93,176.5,370101,医药生物,szcy,C,2022-12-16,[],0,0,buy,A,,18.984,35.256,18.7,buy,2028-11-28,2.485,3.799,3618.9,7174.81,6.95,-5.41,,0,15:34:33,00,Y,N,0,0,Y,,2023-06-02 开始转股,计算使用2.5年期 评级为A 债参考YTM：6.8386,N,3.8,全价：136.574 最后更新：15:34:33,,,,0,{'M': ''},0,0,N,,,buy,buy
2026-06-05 10:57:49,127105,龙星转债,lxzz,132.67,0.44,002442,龙星科技,lxkj,5.49,0.0,1.5,5.8,94.66,0,40.16,172.83,220603,基础化工,szmb,C,2024-03-06,[],0,0,buy,AA-,,4.06,7.54,27.9,buy,2030-01-31,3.66,7.54,11241.71,18025.57,11.26,-2.91,,0,15:34:36,00,Y,N,0,0,Y,,2024-08-07 开始转股,计算使用3.7年期 评级为AA- 债参考YTM：2.4338,N,7.54,全价：132.670 最后更新：15:34:36,,,,0,[],0,0,N,,,buy,buy
2026-06-05 10:57:49,110092,三房转债,sfzz,63.669,2.65,600370,*ST三房,sfx,1.37,-2.14,1.06,3.02,45.36,0,40.35,104.02,220401,基础化工,shmb,C,2023-02-07,[],0,0,buy,A+,,2.114,3.926,38.4,buy,2029-01-06,2.592,21.185,61639.68,9654.66,46.11,25.49,,0,14:59:59,00,Y,N,0,0,Y,,2023-07-12 开始转股,计算使用2.6年期 评级为A+ 债参考YTM：4.5306,N,25.0,全价：63.669 最后更新：14:59:59,,,,0,[],0,0,N,,,buy,buy
2026-06-05 10:57:49,118007,山石转债,sszz,139.539,-1.28,688030,山石网科,sswk,16.4,-4.15,4.24,16.5,99.39,0,40.39,179.93,710402,计算机,shkc,C,2022-04-21,[],0,0,buy,A-,,11.55,21.45,9.0,buy,2028-03-22,1.797,2.671,5258.88,9712.17,14.06,-9.67,,0,14:59:33,00,Y,N,1,1,Y,转股价下修1次，成功下修1次,2022-09-28 开始转股,计算使用1.8年期 评级为A- 债参考YTM：8.9806,N,2.674,全价：139.539 最后更新：14:59:33,,,,1,{'M': ''},0,0,N,,,buy,buy
2026-06-05 10:57:49,118034,晶能转债,jnzz,119.659,-0.99,688223,晶科能源,jkny,5.38,-3.06,2.14,6.35,84.72,0,41.23,160.89,630502,电力设备,shkc,C,2023-05-19,[],0,0,buy,AA+,,4.445,7.62,15.1,buy,2029-04-20,2.877,83.22,20013.39,71995.69,2.0,-2.53,,0,14:59:51,00,Y,N,1,1,Y,转股价下修1次，成功下修1次,2023-10-26 开始转股,计算使用2.9年期 评级为AA+ 债参考YTM：1.6519,N,100.0,全价：119.659 最后更新：14:59:51,,,,0,{'M': ''},0,0,N,120%,,buy,buy
2026-06-05 10:57:49,118059,颀中转债,qzzz,202.816,-3.43,688352,XD颀中科,qzkj,19.66,-8.6,4.01,13.7,143.5,0,41.33,244.15,270107,电子,shkc,C,2025-11-21,[],0,0,buy,AA+,,9.59,17.81,11.8,buy,2031-11-03,5.416,8.499,48955.52,107087.84,28.25,-10.44,,0,14:59:59,00,Y,N,0,0,Y,,2026-05-07 开始转股,计算使用5.5年期 评级为AA+ 债参考YTM：1.8097,N,8.5,全价：202.816 最后更新：14:59:59,,,,0,"{'M': '', 'EX': '合肥颀中科技控股有限公司大宗减持8.96% 2026年06月04日公告\n合肥芯屏产业投资基金（有限合伙）大宗减持2.81% 2026年06月04日公告'}",0,0,N,,,buy,buy
2026-06-05 10:57:49,123237,佳禾转债,jhzz,140.885,0.47,300793,佳禾智能,jhzn,13.3,2.15,1.79,13.46,98.81,0,42.58,183.47,270504,电子,szcy,C,2024-01-24,[],0,0,buy,A+,,9.422,17.498,8.7,buy,2030-01-04,3.586,4.315,3516.25,11338.28,5.78,-5.07,,0,15:34:36,00,Y,N,1,1,Y,转股价下修1次，成功下修1次,2024-07-10 开始转股,计算使用3.6年期 评级为A+ 债参考YTM：4.7864,N,10.04,全价：140.885 最后更新：15:34:36,,,,0,[],0,0,N,,,buy,buy
2026-06-05 10:57:49,128138,侨银转债,qyzz,129.886,0.11,002973,侨银股份,qygf,13.33,5.46,2.08,14.64,91.05,0,42.65,172.54,760103,环保,szmb,C,2020-12-24,[],0,0,buy,A+,,10.248,19.032,9.9,buy,2026-11-17,0.452,4.199,5807.9,12575.88,10.64,0.2,,0,15:34:18,00,Y,N,2,2,Y,转股价下修2次，成功下修2次,2021-05-24 开始转股,计算使用0.5年期 评级为A+ 债参考YTM：4.0409,N,4.2,全价：129.886 最后更新：15:34:18,,,,1,[],0,0,N,,,buy,buy
2026-06-05 10:57:49,123172,漱玉转债,syzz,134.501,-0.14,301017,漱玉平民,sypm,14.05,-0.57,2.66,14.91,94.23,0,42.73,177.23,370403,医药生物,szcy,C,2023-01-06,[],0,0,buy,AA-,,10.437,19.383,21.9,buy,2028-12-15,2.532,7.96,5478.96,11670.1,5.11,-5.61,,0,15:34:18,00,Y,N,1,1,Y,转股价下修1次，成功下修1次,2023-06-21 开始转股,计算使用2.6年期 评级为AA- 债参考YTM：2.1880,N,8.0,全价：134.501 最后更新：15:34:18,,,,0,{'M': ''},0,0,N,,,buy,buy
2026-06-05 10:57:49,118053,正帆转债,zfzz,152.469,0.0,688596,正帆科技,zfkj,40.9,2.66,3.21,38.35,106.65,0,42.96,195.43,640209,机械设备,shkc,C,2025-04-03,[],0,0,buy,AA,,26.845,49.855,8.7,buy,2031-03-18,4.786,10.409,40395.61,105106.73,24.88,-5.66,,0,14:59:57,00,Y,N,0,0,Y,,2025-09-24 开始转股,计算使用4.8年期 评级为AA 债参考YTM：1.9406,N,10.41,全价：152.469 最后更新：14:59:57,,,,0,{'M': ''},0,0,N,,,buy,buy
2026-06-05 10:57:49,113643,风语转债,fyzz,140.24,1.38,603466,风语筑,fyz,11.56,5.09,3.25,11.8,97.97,0,43.15,183.39,720706,传媒,shmb,C,2022-04-22,[],0,0,buy,AA-,,8.26,15.34,7.3,buy,2028-03-25,1.806,4.993,19612.04,80464.29,27.96,-9.65,,0,14:59:53,00,Y,N,1,1,Y,转股价下修1次，成功下修1次,2022-10-10 开始转股,计算使用1.9年期 评级为AA- 债参考YTM：1.9624,N,5.0,全价：140.240 最后更新：14:59:53,,,,1,{'M': ''},0,0,N,,,buy,buy
2026-06-05 10:57:49,113658,密卫转债,mwzz,137.501,-0.22,603713,密尔克卫,mekw,52.51,-1.06,1.68,54.72,95.96,0,43.29,180.79,420806,交通运输,shmb,C,2022-10-25,[],0,0,buy,AA-,,38.304,71.136,10.5,buy,2027-09-16,1.282,8.719,3955.33,16612.03,3.29,-14.05,,0,14:59:56,00,Y,N,1,1,Y,转股价下修1次，成功下修1次,2023-03-22 开始转股,计算使用1.3年期 评级为AA- 债参考YTM：1.8397,N,8.724,全价：137.501 最后更新：14:59:56,,,,1,{'M': ''},0,0,N,,,buy,buy
2026-06-05 10:57:49,123255,鼎龙转债,dlzz,350.93,-4.46,300054,鼎龙股份,dlgf,69.75,-4.96,12.07,28.48,244.91,0,43.29,394.22,270601,电子,szcy,C,2025-04-23,[],0,0,buy,AA,,19.936,37.024,1.8,buy,2031-04-02,4.827,9.096,43834.53,262729.74,13.56,-20.95,,0,15:34:51,00,Y,N,0,0,N,2026-06-05 起暂停转股：权益分派,2025-10-09 开始转股;2026-06-05 起暂停转股：权益分派,计算使用4.9年期 评级为AA 债参考YTM：1.9436,N,9.1,全价：350.930 最后更新：15:34:51,,,,0,"{'G': '本次（2026年4月8日至2026年4月28日）不提前赎回，自2026年10月28日后首个交易日重新计算', 'M': ''}",0,0,N,,,buy,buy
2026-06-05 10:57:49,111020,合顺转债,hszz,141.271,0.55,605166,聚合顺,jhs,10.4,0.48,1.63,10.59,98.21,0,43.85,185.12,220406,基础化工,shmb,C,2024-08-15,[],0,0,buy,AA-,,7.413,13.767,10.3,buy,2030-07-22,4.132,3.38,4934.97,11133.8,10.34,-4.0,,0,14:59:03,00,Y,N,0,0,Y,,2025-01-27 开始转股,计算使用4.2年期 评级为AA- 债参考YTM：2.4722,N,3.38,全价：141.271 最后更新：14:59:03,,,,0,[],0,0,N,,,buy,buy
2026-06-05 10:57:49,111017,蓝天转债,ltzz,127.737,0.76,605368,蓝天燃气,ltrq,7.08,0.28,1.5,7.98,88.72,0,43.97,171.71,410301,公用事业,shmb,C,2023-09-08,[],0,0,buy,AA,,5.586,10.374,13.3,buy,2029-08-15,3.197,6.715,4140.82,1901.36,4.83,-3.49,,0,14:59:36,00,Y,N,0,0,Y,,2024-02-21 开始转股,计算使用3.2年期 评级为AA 债参考YTM：1.8176,N,8.7,全价：127.737 最后更新：14:59:36,,,,0,[],0,0,N,,,buy,buy
2026-06-05 10:57:49,113649,丰山转债,fszz,135.534,0.01,603810,丰山集团,fsjt,12.92,1.02,1.31,13.73,94.1,0,44.03,179.56,220803,基础化工,shmb,C,2022-07-21,[],0,0,buy,AA-,,9.611,17.849,21.4,buy,2028-06-27,2.063,4.577,4437.91,3680.54,7.15,-6.43,,0,14:59:23,00,Y,N,0,0,N,2026-06-03 至 2026-06-09 期间暂停转股：权益分派,2023-01-03 开始转股;2026-06-03 至 2026-06-09 期间暂停转股：权益分派,计算使用2.1年期 评级为AA- 债参考YTM：2.0062,N,5.0,全价：135.534 最后更新：14:59:23,,,,0,[],0,0,N,,,buy,buy
2026-06-05 10:57:49,123088,威唐转债,wtzz,123.432,-0.46,300707,威唐工业,wtgy,12.76,2.82,1.95,14.9,85.64,0,44.13,167.56,280205,汽车,szcy,C,2021-01-06,[],0,0,buy,A+,,10.43,19.37,16.1,buy,2026-12-15,0.529,3.004,2954.55,7327.19,7.97,-12.99,,0,15:34:12,00,Y,N,1,1,Y,转股价下修1次，成功下修1次,2021-06-21 开始转股,计算使用0.6年期 评级为A+ 债参考YTM：4.0558,N,3.014,全价：123.432 最后更新：15:34:12,,,,1,[],0,0,N,,,buy,buy
2026-06-05 10:57:49,111004,明新转债,mxzz,131.769,-0.17,605068,明新旭腾,mxxt,22.31,-0.18,2.14,24.41,91.4,0,44.17,175.94,280202,汽车,shmb,C,2022-04-25,[],0,0,buy,AA-,,17.087,31.733,18.6,buy,2028-03-30,1.819,6.715,5211.52,5576.46,5.87,-6.18,,0,14:59:58,00,Y,N,0,0,Y,,2022-10-10 开始转股,计算使用1.9年期 评级为AA- 债参考YTM：1.9624,N,6.73,全价：131.769 最后更新：14:59:58,,,,1,[],0,0,N,,,buy,buy
2026-06-05 10:57:49,118012,微芯转债,wxzz,145.452,0.18,688321,微芯生物,wxsw,25.55,-0.82,4.38,25.34,100.83,0,44.26,189.71,370102,医药生物,shkc,C,2022-07-28,[],0,0,buy,A+,,17.738,32.942,4.8,buy,2028-07-05,2.085,4.996,4529.6,18321.46,6.21,-9.28,,0,14:59:40,00,Y,N,0,0,Y,,2023-01-11 开始转股,计算使用2.1年期 评级为A+ 债参考YTM：4.3463,N,5.0,全价：145.452 最后更新：14:59:40,,,,0,{'M': ''},0,0,N,,,buy,buy
2026-06-05 10:57:49,127046,百润转债,brzz,130.5,0.65,002568,百润股份,brgf,18.38,2.11,3.7,20.33,90.41,0,44.35,174.85,340602,食品饮料,szmb,C,2021-11-03,[],0,0,buy,AA,,14.231,26.429,8.0,buy,2027-09-29,1.318,11.274,10560.74,42812.03,7.14,-11.22,,0,15:34:33,00,Y,N,1,1,Y,转股价下修1次，成功下修1次,2022-04-12 开始转股,计算使用1.4年期 评级为AA 债参考YTM：1.5663,N,11.28,全价：130.500 最后更新：15:34:33,,,,0,{'M': ''},0,0,N,,,buy,buy
2026-06-05 10:57:49,123155,中陆转债,zlzz,139.478,-0.61,301040,中环海陆,zhhl,30.67,-1.89,3.96,31.76,96.57,0,44.43,183.91,630602,电力设备,szcy,C,2022-08-31,[],0,0,buy,A+,,22.232,41.288,12.4,buy,2028-08-12,2.189,3.6,6864.68,13181.08,13.63,-7.05,,0,15:34:30,00,Y,N,0,0,Y,,2023-02-20 开始转股,计算使用2.2年期 评级为A+ 债参考YTM：4.3758,N,3.6,全价：139.478 最后更新：15:34:30,,,,0,{'M': ''},0,0,N,,,buy,buy
2026-06-05 10:57:49,118035,国力转债,glzz,143.229,0.28,688103,国力电子,gldz,62.0,0.08,5.14,62.54,99.14,0,44.48,187.71,270401,电子,shkc,C,2023-07-06,[],0,0,buy,A+,,43.778,81.302,8.1,buy,2029-06-12,3.022,4.8,4347.67,14015.61,6.32,-5.99,,0,15:00:00,00,Y,N,0,0,Y,,2023-12-18 开始转股,计算使用3.1年期 评级为A+ 债参考YTM：4.7211,N,4.8,全价：143.229 最后更新：15:00:00,,,,0,{'M': ''},0,0,N,,,buy,buy
2026-06-05 10:57:49,127064,杭氧转债,hyzz,139.65,-0.11,002430,杭氧股份,hygf,25.0,-0.87,2.4,25.97,96.27,0,45.07,184.72,220309,基础化工,szmb,C,2022-07-05,[],0,0,buy,AA+,,18.179,33.761,4.6,buy,2028-05-19,1.956,11.364,7255.34,39288.48,4.56,-11.67,,0,15:34:45,00,Y,N,1,1,Y,转股价下修1次，成功下修1次,2022-11-25 开始转股,计算使用2.0年期 评级为AA+ 债参考YTM：1.5727,N,11.37,全价：139.650 最后更新：15:34:45,,,,1,{'M': ''},0,0,N,,,buy,buy
2026-06-05 10:57:49,123107,温氏转债,wszz,115.044,0.43,300498,温氏股份,wsgf,12.89,0.55,2.13,16.29,79.13,0,45.39,160.43,110702,农林牧渔,szcy,C,2021-04-21,[],0,0,buy,AAA,,11.403,21.177,10.0,buy,2027-03-29,0.814,77.063,10427.23,45731.36,1.18,-7.53,,0,15:34:12,00,Y,N,0,0,Y,,2021-10-08 开始转股,计算使用0.9年期 评级为AAA 债参考YTM：1.4468,N,92.97,全价：115.044 最后更新：15:34:12,,,,1,{'M': ''},0,0,N,,,buy,buy
2026-06-05 10:57:49,123189,晓鸣转债,xmzz,135.2,-2.51,300967,晓鸣股份,xmgf,17.75,-6.92,4.24,19.09,92.98,0,45.41,180.61,110703,农林牧渔,szcy,C,2023-04-25,[],0,0,buy,A,,13.363,24.817,14.8,buy,2029-04-06,2.838,3.286,10649.26,31486.99,23.75,-4.97,,0,15:34:21,00,Y,N,0,0,Y,,2023-10-12 开始转股,计算使用2.9年期 评级为A 债参考YTM：7.0040,N,3.29,全价：135.200 最后更新：15:34:21,,,,0,{'M': ''},0,0,N,,,buy,buy
2026-06-05 10:57:49,113070,渝水转债,yszz,128.645,0.45,601158,重庆水务,cqsw,4.25,0.24,1.17,4.82,88.17,0,45.9,174.55,760102,环保,shmb,C,2025-02-13,[],0,0,buy,AAA,,3.374,6.266,9.3,buy,2031-01-09,4.6,18.998,4503.89,3151.38,1.84,-3.14,,0,14:59:09,00,Y,N,0,0,N,2026-06-03 至 2026-06-11 期间暂停转股：权益分派,2025-07-15 开始转股;2026-06-03 至 2026-06-11 期间暂停转股：权益分派,计算使用4.6年期 评级为AAA 债参考YTM：1.6969,N,19.0,全价：128.645 最后更新：14:59:09,,,,0,{'M': ''},0,0,N,,,buy,buy
2026-06-05 10:57:49,123252,银邦转债,ybzz,144.977,0.23,300337,银邦股份,ybgf,12.43,1.06,5.7,12.51,99.36,0,45.91,190.89,240301,有色金属,szcy,C,2025-01-24,[],0,0,buy,AA-,,8.757,16.263,8.9,buy,2031-01-06,4.592,7.846,8748.93,38704.36,7.67,-4.52,,0,15:34:48,00,Y,N,0,0,Y,,2025-07-14 开始转股,计算使用4.6年期 评级为AA- 债参考YTM：2.5100,N,7.85,全价：144.977 最后更新：15:34:48,,,,0,{'M': ''},0,0,N,,,buy,buy
2026-06-05 10:57:49,127099,盛航转债,shzz,134.33,0.01,001205,盛航股份,shgf,14.11,0.71,1.2,15.33,92.04,0,45.94,180.27,421101,交通运输,szmb,C,2023-12-28,[],0,0,buy,AA-,,10.731,19.929,19.3,buy,2029-12-06,3.507,4.541,2964.1,3290.65,4.84,-3.3,,0,15:34:18,00,Y,N,1,1,Y,转股价下修1次，成功下修1次,2024-06-12 开始转股,计算使用3.6年期 评级为AA- 债参考YTM：2.4295,N,7.4,全价：134.330 最后更新：15:34:18,,,,0,[],0,0,N,,,buy,buy
2026-06-05 10:57:49,123199,山河转债,shzz,137.999,1.18,300452,山河药辅,shyf,12.5,2.04,2.78,13.3,93.99,0,46.83,184.83,370101,医药生物,szcy,C,2023-07-07,[],0,0,buy,A+,,9.31,17.29,12.9,buy,2029-06-12,3.022,3.197,1639.18,3080.93,3.72,-6.68,,0,15:34:48,00,Y,N,1,1,N,"转股价下修1次，成功下修1次
2026-06-02 至 2026-06-09 期间暂停转股：权益分派
转股价13.300生效日期2025-06-23",2023-12-18 开始转股;2026-06-02 至 2026-06-09 期间暂停转股：权益分派,计算使用3.1年期 评级为A+ 债参考YTM：4.7211,N,3.2,全价：137.999 最后更新：15:34:48,,,,0,[],0,0,N,,,buy,buy
2026-06-05 10:57:49,113640,苏利转债,slzz,132.893,0.03,603585,苏利股份,slgf,15.55,0.58,1.12,17.2,90.41,0,46.99,179.88,220803,基础化工,shmb,C,2022-03-10,[],0,0,buy,AA-,,12.04,22.36,24.6,buy,2028-02-16,1.701,7.39,3285.79,5303.56,3.34,-7.29,,0,14:58:44,00,Y,N,1,1,Y,转股价下修1次，成功下修1次,2022-08-22 开始转股,计算使用1.8年期 评级为AA- 债参考YTM：1.9419,N,9.572,全价：132.893 最后更新：14:58:44,,,,1,[],0,0,N,,,buy,buy
2026-06-05 10:57:49,123259,锦浪转02,jlz02,198.0,-6.33,300763,锦浪科技,jlkj,97.35,-8.07,4.25,72.35,134.55,0,47.15,245.15,630503,电力设备,szcy,C,2025-11-06,[],0,0,buy,AA,,50.645,94.055,5.4,buy,2031-10-17,5.37,16.763,27828.68,197975.78,8.21,-9.84,,0,15:33:54,00,Y,N,1,1,Y,转股价下修1次，成功下修1次,2026-04-23 开始转股,计算使用5.4年期 评级为AA 债参考YTM：2.0045,N,16.766,全价：198.000 最后更新：15:33:54,,,,0,"{'G': '本次（2026年4月23日至2026年5月20日）不提前赎回，以2027年5月21日为首个交易日重新计算', 'M': ''}",0,0,N,,,buy,buy
2026-06-05 10:57:49,128129,青农转债,qnzz,107.66,0.0,002958,青农商行,qnsh,2.92,0.69,0.37,4.0,73.0,0,47.48,155.14,480501,银行,szmb,C,2020-09-18,[],0,0,buy,AAA,,,5.2,31.5,buy,2026-08-25,0.222,49.997,15307.32,10784.26,2.84,1.44,,0,15:34:18,00,Y,N,1,1,Y,转股价下修1次，成功下修1次,2021-03-01 开始转股,计算使用0.3年期 评级为AAA 债参考YTM：1.4200,N,50.0,全价：107.660 最后更新：15:34:18,,,,0,{'M': ''},0,0,N,,,buy,buy
2026-06-05 10:57:49,123257,安克转债,akzz,152.0,-1.86,300866,安克创新,akcx,112.19,-2.82,5.39,108.86,103.06,0,47.49,199.49,270503,电子,szcy,C,2025-07-04,[],0,0,buy,AA+,,76.202,141.518,3.2,buy,2031-06-16,5.033,11.047,6915.95,65870.82,4.08,-5.89,,0,15:34:15,00,Y,N,0,0,Y,,2025-12-22 开始转股,计算使用5.1年期 评级为AA+ 债参考YTM：1.7627,N,11.048,全价：152.000 最后更新：15:34:15,,,,0,{'M': ''},0,0,N,,,buy,buy
2026-06-05 10:57:49,127045,牧原转债,myzz,119.444,1.22,002714,牧原股份,mygf,35.06,-0.2,2.32,43.32,80.93,0,47.58,167.02,110702,农林牧渔,szmb,C,2021-09-10,[],0,0,buy,AAA,,30.324,56.316,8.3,buy,2027-08-16,1.197,95.43,19249.13,137827.27,1.7,-7.8,,0,15:34:51,00,Y,Y,0,0,Y,,2022-02-21 开始转股,计算使用1.2年期 评级为AAA 债参考YTM：1.4778,N,95.5,全价：119.444 最后更新：15:34:51,,,,1,{'M': ''},0,0,N,,,buy,buy
2026-06-05 10:57:49,123144,裕兴转债,yxzz,131.39,-0.76,300305,裕兴股份,yxgf,7.55,-1.82,1.41,8.5,88.82,0,47.92,179.31,220505,基础化工,szcy,C,2022-04-27,[],0,0,buy,A,,5.95,11.05,24.7,buy,2028-04-11,1.852,5.997,12181.56,42582.56,15.29,-6.13,,0,15:34:27,00,Y,N,1,1,Y,转股价下修1次，成功下修1次,2022-10-17 开始转股,计算使用1.9年期 评级为A 债参考YTM：6.6520,N,6.0,全价：131.390 最后更新：15:34:27,,,,1,[],0,0,N,,,buy,buy
2026-06-05 10:57:49,123253,永贵转债,ygzz,139.1,-0.35,300351,永贵电器,ygdq,17.1,-1.16,2.69,18.19,94.01,0,47.97,187.07,640501,机械设备,szcy,C,2025-03-28,[],0,0,buy,AA-,,12.733,23.647,21.8,buy,2031-03-13,4.773,9.798,4780.71,23654.65,3.5,-3.51,,0,15:34:51,00,Y,N,0,0,Y,,2025-09-19 开始转股,计算使用4.8年期 评级为AA- 债参考YTM：2.5286,N,9.8,全价：139.100 最后更新：15:34:51,,,,0,{'M': ''},0,0,N,,,buy,buy
2026-06-05 10:57:49,110087,天业转债,tyzz,129.803,1.29,600075,新疆天业,xjty,4.91,2.94,0.91,5.6,87.68,0,48.04,177.84,220202,基础化工,shmb,C,2022-07-19,[],0,0,buy,AA+,,3.92,7.28,35.7,buy,2028-06-23,2.052,29.975,7248.97,9884.74,1.87,-7.37,,0,14:59:31,00,Y,N,1,1,Y,转股价下修1次，成功下修1次,2022-12-29 开始转股,计算使用2.1年期 评级为AA+ 债参考YTM：1.5819,N,30.0,全价：129.803 最后更新：14:59:31,,,,0,{'M': ''},0,0,N,,,buy,buy
2026-06-05 10:57:49,118062,天准转债,tzzz,281.887,-2.56,688003,XD天准科,tzkj,105.0,-2.23,10.16,55.23,190.11,13,48.27,330.16,640704,机械设备,shkc,C,2025-12-31,[],0,0,buy,AA-,,38.661,66.276,4.3,buy,2031-12-11,5.521,8.72,92887.75,76456.02,37.21,-15.04,,0,14:59:58,00,Y,N,0,0,Y,,未到转股期；2026-06-18 开始转股,计算使用5.6年期 评级为AA- 债参考YTM：3.0258,N,8.72,全价：281.887 最后更新：14:59:58,,,,0,{'M': ''},0,0,N,120%,,buy,buy
2026-06-05 10:57:49,113698,凯众转债,kzzz,151.313,-1.21,603037,凯众股份,kzgf,13.0,0.78,3.37,12.75,101.96,0,48.4,199.71,280203,汽车,shmb,C,2025-09-10,[],0,0,buy,AA-,,8.925,16.575,8.9,buy,2031-08-15,5.197,3.079,7416.15,7725.63,15.9,-5.42,,0,14:59:51,00,Y,N,0,0,N,2026-06-05 起暂停转股：权益分派,2026-02-24 开始转股;2026-06-05 起暂停转股：权益分派,计算使用5.2年期 评级为AA- 债参考YTM：2.6304,N,3.08,全价：151.313 最后更新：14:59:51,,,,0,[],0,0,N,,,buy,buy
2026-06-05 10:57:49,123215,铭利转债,mlzz,134.464,1.56,301268,铭利达,mld,17.37,5.02,4.4,19.2,90.47,0,48.63,183.09,640108,机械设备,szcy,C,2023-08-23,[],0,0,buy,AA-,,13.44,24.96,13.6,buy,2029-08-03,3.164,8.555,10235.23,14255.15,8.9,-2.96,,0,15:33:54,00,Y,N,1,1,Y,转股价下修1次，成功下修1次,2024-02-19 开始转股,计算使用3.2年期 评级为AA- 债参考YTM：2.3901,N,10.0,全价：134.464 最后更新：15:33:54,,,,0,{'M': ''},0,0,N,,,buy,buy
2026-06-05 10:57:49,123235,亿田转债,ytzz,168.2,1.73,300911,亿田智能,ytzn,24.08,1.3,3.87,21.31,113.0,0,48.85,217.05,330401,家用电器,szcy,C,2024-01-12,[],0,0,buy,AA-,,14.917,27.703,10.6,buy,2029-12-21,3.548,4.353,52051.34,21833.85,70.08,-9.34,,0,15:34:09,00,Y,N,0,0,Y,,2024-06-27 开始转股,计算使用3.6年期 评级为AA- 债参考YTM：2.4295,N,5.202,全价：168.200 最后更新：15:34:09,,,,0,{'M': ''},0,0,N,,,buy,buy
2026-06-05 10:57:49,118061,茂莱转债,mlzz,186.087,-1.53,688502,茂莱光学,mlgx,453.9,-1.8,19.05,364.43,124.55,0,49.41,235.5,270303,电子,shkc,C,2025-12-10,[],0,0,buy,A+,,255.101,473.759,2.3,buy,2031-11-21,5.466,5.623,34722.77,95567.08,32.95,-8.12,,0,15:00:00,00,Y,N,0,0,Y,,2026-05-27 开始转股,计算使用5.5年期 评级为A+ 债参考YTM：5.2630,N,5.625,全价：186.087 最后更新：15:00:00,,,,0,"{'M': '', 'EX': '债券持有人及一致行动人大宗减持10.02% 2026年06月02日公告'}",0,0,N,,,buy,buy
2026-06-05 10:57:49,113067,燃23转债,r23zz,129.891,-0.46,601139,深圳燃气,szrq,6.43,-1.08,1.11,7.4,86.89,0,49.49,179.38,410301,公用事业,shmb,C,2023-08-18,[],0,0,buy,AAA,,5.18,9.62,16.2,buy,2029-07-27,3.145,29.999,4053.01,15861.14,1.04,-5.02,,0,14:59:56,00,Y,N,0,0,Y,,2024-02-02 开始转股,计算使用3.2年期 评级为AAA 债参考YTM：1.6249,N,30.0,全价：129.891 最后更新：14:59:56,,,,0,{'M': ''},0,0,N,,,buy,buy
2026-06-05 10:57:49,113699,金25转债,j25zz,169.049,-2.03,603979,金诚信,jcx,71.55,-0.63,3.84,63.46,112.75,0,49.94,218.99,240302,有色金属,shmb,C,2025-10-27,[],0,0,buy,AA,,44.422,82.498,4.5,buy,2031-09-26,5.312,19.999,15277.49,39576.75,4.43,-6.99,,0,14:59:57,00,Y,N,0,0,Y,,2026-04-10 开始转股,计算使用5.4年期 评级为AA 债参考YTM：2.0045,N,20.0,全价：169.049 最后更新：14:59:57,,,,0,{'M': ''},0,0,N,,,buy,buy
2026-06-05 10:57:49,110086,精工转债,jgzz,130.026,-0.12,600496,精工钢构,jggg,4.14,0.0,0.87,4.79,86.43,0,50.44,180.47,620401,建筑装饰,shmb,C,2022-05-23,[],0,0,buy,AA,,3.353,6.227,24.3,buy,2028-04-22,1.882,19.999,5204.66,11615.38,2.0,-6.9,,0,14:59:56,00,Y,N,0,0,Y,,2022-10-28 开始转股,计算使用1.9年期 评级为AA 债参考YTM：1.6296,N,20.0,全价：130.026 最后更新：14:59:56,,,,1,{'M': ''},0,0,N,,,buy,buy
2026-06-05 10:57:49,123071,天能转债,tnzz,116.521,0.19,300569,天能重工,tnzg,5.16,-0.19,0.98,6.68,77.25,0,50.85,167.37,630602,电力设备,szcy,C,2020-11-25,[],0,0,buy,AA-,,4.676,8.684,13.2,buy,2026-10-21,0.378,6.937,1608.44,10464.84,1.99,-3.48,,0,15:34:09,00,Y,N,2,2,Y,转股价下修2次，成功下修2次,2021-04-27 开始转股,计算使用0.4年期 评级为AA- 债参考YTM：1.6857,N,7.0,全价：116.521 最后更新：15:34:09,,,,1,{'M': ''},0,0,N,,,buy,buy
2026-06-05 10:57:49,123112,万讯转债,wxzz,129.041,1.36,300112,万讯自控,wxzk,7.1,3.8,2.09,8.3,85.54,0,50.85,179.89,640107,机械设备,szcy,C,2021-04-23,[],0,0,buy,AA-,,5.81,10.79,13.4,buy,2027-04-08,0.841,2.265,3555.15,6643.87,12.18,-10.21,,0,15:34:09,00,Y,N,0,0,Y,,2021-10-14 开始转股,计算使用0.9年期 评级为AA- 债参考YTM：1.7580,N,2.457,全价：129.041 最后更新：15:34:09,,,,1,[],0,0,N,,,buy,buy
2026-06-05 10:57:49,113037,紫银转债,zyzz,109.785,0.01,601860,紫金银行,zjyh,2.61,0.77,0.46,3.6,72.5,0,51.43,161.22,480501,银行,shmb,C,2020-08-17,[],0,0,buy,AA+,,,4.68,48.5,buy,2026-07-23,0.132,44.995,7021.27,8242.08,1.42,1.52,,0,14:59:25,00,Y,N,1,1,N,"转股价下修1次，成功下修1次
2026-06-01 至 2026-06-08 期间暂停转股：权益分派
转股价3.600生效日期2026-02-05",2021-01-29 开始转股;2026-06-01 至 2026-06-08 期间暂停转股：权益分派,计算使用0.2年期 评级为AA+ 债参考YTM：1.4400,N,45.0,全价：109.785 最后更新：14:59:25,,,,0,{'M': ''},0,0,N,,,buy,buy
2026-06-05 10:57:49,123268,本川转债,bczz,227.38,-1.34,300964,本川智能,bczn,113.83,3.72,8.51,75.88,150.01,140,51.57,278.95,270202,电子,szcy,C,2026-05-07,[],0,0,buy,AA-,,53.116,98.644,7.3,buy,2032-04-16,5.869,4.69,109614.85,102570.02,101.19,-10.58,,0,15:33:54,00,Y,N,0,0,Y,,未到转股期；2026-10-23 开始转股,计算使用5.9年期 评级为AA- 债参考YTM：3.3211,N,4.69,全价：227.380 最后更新：15:33:54,,,,0,{'M': ''},0,0,N,,,buy,buy
2026-06-05 10:57:49,123224,宇邦转债,ybzz,139.325,-0.41,301266,宇邦新材,ybxc,25.88,-1.15,1.98,28.17,91.87,0,51.65,190.98,630504,电力设备,szcy,C,2023-10-18,[],0,0,buy,A+,,19.719,36.621,8.1,buy,2029-09-19,3.293,2.848,5317.99,16333.08,13.36,-4.59,,0,15:34:36,00,Y,N,1,1,Y,转股价下修1次，成功下修1次,2024-03-25 开始转股,计算使用3.3年期 评级为A+ 债参考YTM：4.7608,N,5.0,全价：139.325 最后更新：15:34:36,,,,0,"{'G': '本次（2026年1月30日至2026年3月11日）不提前赎回，自2026年6月11日后首个交易日重新计算', 'M': ''}",0,0,N,,,buy,buy
2026-06-05 10:57:49,127104,姚记转债,yjzz,145.467,0.84,002605,姚记科技,yjkj,19.2,3.34,2.03,20.06,95.71,0,51.98,197.45,720401,传媒,szmb,C,2024-02-26,[],0,0,buy,A+,,14.042,26.078,9.0,buy,2030-01-24,3.641,5.823,14578.48,17147.01,17.11,-5.2,,0,15:34:03,00,Y,N,0,0,N,2026-05-29 至 2026-06-09 期间暂停转股：权益分派,2024-07-31 开始转股;2026-05-29 至 2026-06-09 期间暂停转股：权益分派,计算使用3.7年期 评级为A+ 债参考YTM：4.7912,N,5.831,全价：145.467 最后更新：15:34:03,,,,0,[],0,0,N,,,buy,buy
2026-06-05 10:57:49,123109,昌红转债,chzz,138.58,-1.83,300151,昌红科技,chkj,24.29,-3.8,7.82,26.64,91.18,0,51.99,190.57,640209,机械设备,szcy,C,2021-04-19,[],0,0,buy,AA-,,18.648,34.632,5.1,buy,2027-04-01,0.822,4.595,3954.7,62602.47,6.17,-20.77,,0,15:34:06,00,Y,N,0,0,Y,,2021-10-08 开始转股,计算使用0.9年期 评级为AA- 债参考YTM：1.7580,N,4.6,全价：138.580 最后更新：15:34:06,,,,1,{'M': ''},0,0,N,,,buy,buy
2026-06-05 10:57:49,123124,晶瑞转2,jrz2,139.02,-0.2,300655,晶瑞电材,jrdc,14.48,2.62,5.82,15.88,91.18,0,52.46,191.48,270601,电子,szcy,C,2021-09-07,[],0,0,buy,A+,,11.116,20.644,3.2,buy,2027-08-16,1.197,5.224,9662.97,104637.53,13.22,-18.72,,1,15:34:18,00,Y,N,0,0,Y,,2022-02-21 开始转股,计算使用1.2年期 评级为A+ 债参考YTM：4.1545,N,5.23,全价：139.020 最后更新：15:34:18,,,,1,{'M': ''},0,0,N,,23年6月前不下修,buy,buy
2026-06-05 10:57:49,111003,聚合转债,jhzz,139.827,-0.28,605166,聚合顺,jhs,10.4,0.48,1.63,11.37,91.47,0,52.87,192.7,220406,基础化工,shmb,C,2022-04-19,[],0,0,buy,AA-,,7.959,14.781,6.2,buy,2028-03-07,1.756,2.035,2954.19,11133.8,10.36,-9.55,,0,14:59:15,00,Y,N,1,1,Y,转股价下修1次，成功下修1次,2022-09-13 开始转股,计算使用1.8年期 评级为AA- 债参考YTM：1.9419,N,2.04,全价：139.827 最后更新：14:59:15,,,,1,[],0,0,N,,,buy,buy
2026-06-05 10:57:49,127112,尚太转债,stzz,160.1,-1.42,001301,尚太科技,stkj,88.39,-3.03,3.2,84.71,104.34,47,53.43,213.53,630702,电力设备,szmb,C,2026-02-05,[],0,0,buy,AA+,,59.297,110.123,10.6,buy,2032-01-15,5.616,17.34,10201.77,41787.07,3.65,-6.32,,0,15:34:06,00,Y,N,0,0,Y,,未到转股期；2026-07-22 开始转股,计算使用5.7年期 评级为AA+ 债参考YTM：1.8410,N,17.34,全价：160.100 最后更新：15:34:06,,,,0,[],0,0,N,,,buy,buy
2026-06-05 10:57:49,127093,章鼓转债,zgzz,130.347,0.2,002598,ST章鼓,sdzg,7.12,2.15,1.68,8.4,84.76,0,53.78,184.13,640106,机械设备,szmb,C,2023-11-03,[],0,0,buy,A,,5.88,10.92,11.9,buy,2029-10-17,3.37,2.425,640.17,3296.18,2.02,-2.95,,0,15:34:03,00,Y,N,1,1,Y,转股价下修1次，成功下修1次,2024-04-23 开始转股,计算使用3.4年期 评级为A 债参考YTM：7.1225,N,2.43,全价：130.347 最后更新：15:34:03,,,,0,[],0,0,N,,,buy,buy
2026-06-05 10:57:49,111018,华康转债,hkzz,128.913,-0.7,605077,华康股份,hkgf,13.61,-3.61,1.26,16.26,83.7,0,54.01,182.92,220315,基础化工,shmb,C,2024-01-15,[],0,0,buy,AA-,,11.382,21.138,32.0,buy,2029-12-25,3.559,13.022,8367.63,20243.2,4.97,-2.19,,0,14:59:59,00,Y,N,0,0,Y,,2024-07-01 开始转股,计算使用3.6年期 评级为AA- 债参考YTM：2.4295,N,13.03,全价：128.913 最后更新：14:59:59,,,,0,[],0,0,N,,,buy,buy
2026-06-05 10:57:49,110090,爱迪转债,adzz,135.235,-0.29,600933,爱柯迪,akd,15.39,-0.39,1.6,17.55,87.69,0,54.22,189.46,280203,汽车,shmb,C,2022-10-28,[],0,0,buy,AA,,12.285,22.815,10.4,buy,2028-09-23,2.304,15.695,6723.92,33062.85,3.15,-7.69,,0,14:59:50,00,Y,N,0,0,Y,,2023-03-29 开始转股,计算使用2.4年期 评级为AA 债参考YTM：1.6997,N,15.7,全价：135.235 最后更新：14:59:50,,,,0,{'M': ''},0,0,N,,,buy,buy
2026-06-05 10:57:49,123165,回天转债,htzz,138.601,-0.1,300041,回天新材,htxc,13.62,-1.59,2.41,15.2,89.61,0,54.68,193.28,220316,基础化工,szcy,C,2022-11-15,[],0,0,buy,AA-,,10.64,19.76,11.5,buy,2028-10-27,2.397,8.497,4849.11,60949.71,4.13,-6.44,,0,15:34:27,00,Y,N,0,0,Y,,2023-05-04 开始转股,计算使用2.4年期 评级为AA- 债参考YTM：2.1071,N,8.5,全价：138.601 最后更新：15:34:27,,,,0,{'M': ''},0,0,N,,,buy,buy
2026-06-05 10:57:49,110095,双良转债,slzz,125.108,0.34,600481,双良节能,sljn,4.99,0.4,2.32,6.18,80.74,0,54.94,180.05,630501,电力设备,shmb,C,2023-09-08,[],0,0,buy,AA-,,4.326,8.034,13.6,buy,2029-08-08,3.178,14.006,18434.83,58008.07,10.62,-2.86,,0,14:59:55,00,Y,N,2,2,Y,转股价下修2次，成功下修2次,2024-02-19 开始转股,计算使用3.2年期 评级为AA- 债参考YTM：2.3901,N,26.0,全价：125.108 最后更新：14:59:55,,,,0,{'M': ''},0,0,N,,,buy,buy
2026-06-05 10:57:49,118037,上声转债,sszz,133.654,0.71,688533,上声电子,ssdz,24.99,1.13,2.27,28.99,86.2,0,55.05,188.7,280206,汽车,shkc,C,2023-08-01,[],0,0,buy,A+,,20.293,37.687,11.3,buy,2029-07-06,3.088,4.679,1945.61,3253.66,3.12,-4.7,,0,14:59:57,00,Y,N,2,1,N,"转股价下修2次，成功下修1次
2026-05-28 至 2026-06-05 期间暂停转股：权益分派
转股价28.990生效日期2026-02-06",2024-01-12 开始转股;2026-05-28 至 2026-06-05 期间暂停转股：权益分派,计算使用3.1年期 评级为A+ 债参考YTM：4.7211,N,5.2,全价：133.654 最后更新：14:59:57,,,,0,{'M': ''},0,0,N,,,buy,buy
2026-06-05 10:57:49,127113,长高转债,cgzz,160.188,0.43,002452,长高电气,cgdq,11.27,1.81,2.49,10.92,103.21,101,55.21,215.4,630801,电力设备,szmb,C,2026-03-30,[],0,0,buy,AA-,,7.644,14.196,13.0,buy,2032-03-08,5.762,7.586,7780.39,30440.7,6.42,-5.84,,0,15:34:45,00,Y,N,0,0,Y,,未到转股期；2026-09-14 开始转股,计算使用5.8年期 评级为AA- 债参考YTM：3.2356,N,7.59,全价：160.188 最后更新：15:34:45,,,,0,{'M': ''},0,0,N,,,buy,buy
2026-06-05 10:57:49,123194,百洋转债,byzz,132.0,0.45,301015,百洋医药,byyy,21.08,1.69,4.28,24.79,85.03,0,55.23,187.23,370402,医药生物,szcy,C,2023-05-05,[],0,0,buy,AA-,,17.353,32.227,7.6,buy,2029-04-14,2.86,8.459,4835.61,9577.72,4.32,-4.34,,0,15:34:27,00,Y,N,0,0,Y,,2023-10-20 开始转股,计算使用2.9年期 评级为AA- 债参考YTM：2.3065,N,8.6,全价：132.000 最后更新：15:34:27,,,,0,{'M': ''},0,0,N,,,buy,buy
2026-06-05 10:57:49,127054,双箭转债,sjzz,127.6,1.42,002381,双箭股份,sjgf,5.71,2.51,1.08,6.96,82.04,0,55.53,183.13,220602,基础化工,szmb,C,2022-03-15,[],0,0,buy,AA,,4.872,9.048,28.1,buy,2028-02-11,1.688,5.136,3375.97,2982.71,5.17,-6.63,,0,15:34:03,00,Y,N,0,0,Y,,2022-08-17 开始转股,计算使用1.7年期 评级为AA 债参考YTM：1.6043,N,5.136,全价：127.600 最后更新：15:34:03,,,,1,[],0,0,N,,,buy,buy
2026-06-05 10:57:49,123178,花园转债,hyzz,132.496,0.0,300401,花园生物,hysw,11.32,-0.44,1.74,13.34,84.86,0,56.14,188.64,370101,医药生物,szcy,C,2023-03-23,[],0,0,buy,AA-,,9.338,17.342,19.4,buy,2029-03-06,2.753,11.731,2739.29,8381.09,1.76,-4.04,,0,15:34:30,00,Y,N,1,1,Y,转股价下修1次，成功下修1次,2023-09-11 开始转股,计算使用2.8年期 评级为AA- 债参考YTM：2.2689,N,12.0,全价：132.496 最后更新：15:34:30,,,,0,{'M': ''},0,0,N,,,buy,buy
2026-06-05 10:57:49,123104,卫宁转债,wnzz,124.189,0.26,300253,卫宁健康,wnjk,7.5,0.54,2.95,9.44,79.45,0,56.31,180.5,710401,计算机,szcy,C,2021-03-31,[],0,0,buy,AA,,6.608,12.272,7.0,buy,2027-03-16,0.778,9.699,3201.44,33231.29,2.65,-4.35,,0,15:34:09,00,Y,N,1,1,Y,转股价下修1次，成功下修1次,2021-09-22 开始转股,计算使用0.8年期 评级为AA 债参考YTM：1.4757,N,9.703,全价：124.189 最后更新：15:34:09,,,,1,{'M': ''},0,0,N,,,buy,buy
2026-06-05 10:57:49,113696,伯25转债,b25zz,139.339,-0.43,603596,伯特利,btl,30.82,-2.19,3.35,35.16,87.66,0,58.96,198.3,280203,汽车,shmb,C,2025-07-28,[],0,0,buy,AA,,24.612,45.708,10.1,buy,2031-07-01,5.074,28.019,6070.19,72246.9,1.55,-4.01,,0,14:59:48,00,Y,N,0,0,Y,,2026-01-07 开始转股,计算使用5.1年期 评级为AA 债参考YTM：1.9548,N,28.02,全价：139.339 最后更新：14:59:48,,,,0,{'M': ''},0,0,N,,,buy,buy
2026-06-05 10:57:49,110073,国投转债,gtzz,106.824,0.01,600061,国投资本,gtzb,6.33,0.48,0.71,9.42,67.2,0,58.97,165.79,490101,非银金融,shmb,C,2020-08-20,[],0,0,buy,AAA,,,12.246,19.8,buy,2026-07-24,0.134,79.991,12184.18,16010.58,1.43,1.25,,0,14:59:09,00,Y,N,0,0,Y,,2021-02-01 开始转股,计算使用0.2年期 评级为AAA 债参考YTM：1.4200,N,80.0,全价：106.824 最后更新：14:59:09,,,,0,{'M': ''},0,0,N,,,buy,buy
2026-06-05 10:57:49,123195,蓝晓转02,lxz02,144.133,-0.74,300487,蓝晓科技,lxkj,53.76,-1.84,5.95,59.38,90.54,0,59.2,203.33,220504,基础化工,szcy,C,2023-05-08,[],0,0,buy,A+,,41.566,77.194,3.3,buy,2029-04-17,2.869,5.458,2982.05,29174.43,3.79,-6.49,,0,15:34:39,00,Y,N,0,0,Y,,2023-10-23 开始转股,计算使用2.9年期 评级为A+ 债参考YTM：4.6540,N,5.461,全价：144.133 最后更新：15:34:39,,,,0,{'M': ''},0,0,N,,,buy,buy
2026-06-05 10:57:49,113659,莱克转债,lkzz,128.689,0.6,603355,莱克电气,lkdq,25.58,0.99,2.56,31.72,80.64,0,59.58,188.27,330302,家用电器,shmb,C,2022-11-15,[],0,0,buy,AA,,22.204,41.236,8.2,buy,2028-10-14,2.362,11.998,6768.26,6847.63,4.37,-5.35,,0,14:59:09,00,Y,N,0,0,Y,,2023-04-20 开始转股,计算使用2.4年期 评级为AA 债参考YTM：1.6997,N,12.0,全价：128.689 最后更新：14:59:09,,,,0,{'M': ''},0,0,N,,,buy,buy
2026-06-05 10:57:49,113674,华设转债,hszz,131.768,0.21,603018,华设集团,hsjt,6.97,0.43,0.87,8.45,82.49,0,59.75,191.52,620601,建筑装饰,shmb,C,2023-08-15,[],0,0,buy,AA,,5.915,10.985,8.4,buy,2029-07-21,3.129,3.999,2031.53,2289.56,3.84,-4.0,,0,14:59:09,00,Y,N,0,0,Y,,2024-01-29 开始转股,计算使用3.2年期 评级为AA 债参考YTM：1.8176,N,4.0,全价：131.768 最后更新：14:59:09,,,,0,{'M': ''},0,0,N,,,buy,buy
2026-06-05 10:57:49,127018,本钢转债,bgzz,118.703,0.0,000761,本钢板材,bgbc,2.44,-0.81,1.46,3.29,74.16,0,60.05,178.75,230402,钢铁,szmb,C,2020-08-04,[],0,0,buy,AAA,,2.303,4.277,62.2,buy,2026-06-29,0.066,56.309,18727.33,3852.3,2.8,3.8,,0,15:34:27,00,Y,N,1,1,Y,转股价下修1次，成功下修1次,2021-01-04 开始转股,计算使用0.1年期 评级为AAA 债参考YTM：1.4200,N,68.0,全价：118.703 最后更新：15:34:27,,,,1,"{'R': '到期\n最后交易日：2026-06-23\n最后转股日：2026-06-26\n债券到期日：2026-06-29\n到期赎回价：119.000元/张', 'M': ''}",0,0,N,,,buy,buy
2026-06-05 10:57:49,123114,三角转债,sjzz,122.39,0.4,300775,三角防务,sjfw,23.96,0.46,2.17,31.39,76.33,0,60.34,182.73,650201,国防军工,szcy,C,2021-06-11,[],0,0,buy,AA-,,21.973,40.807,7.1,buy,2027-05-25,0.97,8.999,7916.22,37928.33,7.19,-6.24,,0,15:34:21,00,Y,N,0,0,Y,,2021-11-30 开始转股,计算使用1.0年期 评级为AA- 债参考YTM：1.7801,N,9.044,全价：122.390 最后更新：15:34:21,,,,1,{'M': ''},0,0,N,,,buy,buy
2026-06-05 10:57:49,113694,清源转债,qyzz,131.75,0.68,603628,清源股份,qygf,10.56,0.38,2.17,12.86,82.12,0,60.45,192.2,630504,电力设备,shmb,C,2025-04-25,[],0,0,buy,A+,,9.002,16.718,17.4,buy,2031-04-08,4.844,5.0,3617.38,4277.64,5.5,-2.16,,0,14:59:32,00,Y,N,0,0,Y,,2025-10-14 开始转股,计算使用4.9年期 评级为A+ 债参考YTM：4.8892,N,5.0,全价：131.750 最后更新：14:59:32,,,,0,{'M': ''},0,0,N,,,buy,buy
2026-06-05 10:57:49,123133,佩蒂转债,pdzz,131.099,0.29,300673,佩蒂股份,pdgf,14.12,1.88,1.85,17.33,81.48,0,60.9,192.0,110404,农林牧渔,szcy,C,2022-01-21,[],0,0,buy,AA-,,12.131,22.529,31.8,buy,2027-12-22,1.548,7.198,5109.27,7676.0,5.41,-7.17,,0,15:34:15,00,Y,N,1,1,Y,转股价下修1次，成功下修1次,2022-06-28 开始转股,计算使用1.6年期 评级为AA- 债参考YTM：1.9009,N,7.2,全价：131.099 最后更新：15:34:15,,,,1,[],0,0,N,,,buy,buy
2026-06-05 10:57:49,127049,希望转2,xwz2,111.287,0.36,000876,新希望,xxw,7.32,0.0,1.51,10.59,69.12,0,61.0,172.29,110702,农林牧渔,szmb,C,2021-11-29,[],0,0,buy,AAA,,7.413,13.767,24.7,buy,2027-11-02,1.411,81.434,9872.7,17297.62,1.09,-1.74,,0,15:34:15,00,Y,N,1,1,Y,转股价下修1次，成功下修1次,2022-05-09 开始转股,计算使用1.5年期 评级为AAA 债参考YTM：1.4904,N,81.5,全价：111.287 最后更新：15:34:15,,,,1,{'M': ''},0,0,N,,,buy,buy
2026-06-05 10:57:49,127069,小熊转债,xxzz,131.942,0.3,002959,小熊电器,xxdq,35.81,-0.17,1.78,43.71,81.93,0,61.05,192.99,330301,家用电器,szmb,C,2022-09-07,[],0,0,buy,AA-,,30.597,56.823,9.3,buy,2028-08-12,2.189,5.041,1551.84,2274.03,2.33,-4.67,,0,15:34:27,00,Y,N,1,1,Y,转股价下修1次，成功下修1次,2023-02-20 开始转股,计算使用2.2年期 评级为AA- 债参考YTM：2.0356,N,5.36,全价：131.942 最后更新：15:34:27,,,,0,{'M': ''},0,0,N,,,buy,buy
2026-06-05 10:57:49,123119,康泰转2,ktz2,122.221,0.1,300601,康泰生物,ktsw,11.92,0.85,1.38,15.73,75.78,0,61.29,183.51,370303,医药生物,szcy,C,2021-08-05,[],0,0,buy,AA,,11.011,20.449,18.6,buy,2027-07-15,1.11,19.99,3880.75,11382.1,1.58,-6.33,,0,15:34:12,00,Y,N,5,5,Y,转股价下修5次，成功下修5次,2022-01-21 开始转股,计算使用1.2年期 评级为AA 债参考YTM：1.5394,N,20.0,全价：122.221 最后更新：15:34:12,,,,1,{'M': ''},0,0,N,,,buy,buy
2026-06-05 10:57:49,118027,宏图转债,htzz,87.296,-1.73,688066,*ST航图,htht,13.28,-1.63,-3.03,24.55,54.09,0,61.38,148.68,710301,计算机,shkc,C,2022-12-22,[],0,0,buy,BB+,,17.185,31.915,29.1,buy,2028-11-28,2.485,10.087,18309.19,11023.76,20.47,13.59,,0,15:00:00,00,Y,N,3,2,Y,转股价下修3次，成功下修2次,2023-06-02 开始转股,,Y,10.088,全价：87.296 最后更新：15:00:00,,,"按下调到底估算
股东大会：2026-06-23
预估转股价：14.02
预估转股价值：94.72
期权价值：47.29
理论价值：117.25
理论偏离度：-34.31%",0,[],0,0,N,,,buy,buy
2026-06-05 10:57:49,113053,隆22转债,l22zz,121.164,1.76,601012,隆基绿能,ljln,13.13,-1.57,1.95,17.5,75.03,0,61.49,182.65,630502,电力设备,shmb,C,2022-02-17,[],0,0,buy,AAA,,12.25,22.75,7.0,buy,2028-01-05,1.586,69.951,27667.39,166600.29,3.28,-6.74,,0,14:59:54,00,Y,N,1,1,Y,转股价下修1次，成功下修1次,2022-07-11 开始转股,计算使用1.6年期 评级为AAA 债参考YTM：1.4925,N,70.0,全价：121.164 最后更新：14:59:54,,,,1,{'M': ''},0,0,N,,,buy,buy
2026-06-05 10:57:49,118036,力合转债,lhzz,134.895,0.36,688589,力合微,lhw,19.98,-0.6,2.78,23.93,83.49,0,61.56,196.46,270104,电子,shkc,C,2023-07-20,[],0,0,buy,AA-,,16.751,31.109,13.1,buy,2029-06-28,3.066,3.8,3756.59,8834.48,7.35,-4.01,,0,14:58:42,00,Y,N,1,1,N,"转股价下修1次，成功下修1次
2026-06-03 至 2026-06-09 期间暂停转股：权益分派
转股价23.930生效日期2025-06-06",2024-01-04 开始转股;2026-06-03 至 2026-06-09 期间暂停转股：权益分派,计算使用3.1年期 评级为AA- 债参考YTM：2.3688,N,3.8,全价：134.895 最后更新：14:58:42,,,,0,{'M': ''},0,0,N,,,buy,buy
2026-06-05 10:57:49,127059,永东转2,ydz2,130.007,0.37,002753,永东股份,ydgf,6.55,1.24,1.05,8.16,80.27,0,61.96,191.97,220603,基础化工,szmb,C,2022-05-16,[],0,0,buy,AA-,,5.712,10.608,23.8,buy,2028-04-08,1.844,3.79,2803.54,3867.56,5.68,-5.61,,0,15:34:06,00,Y,N,0,0,N,2026-05-29 至 2026-06-05 期间暂停转股：权益分派,2022-10-14 开始转股;2026-05-29 至 2026-06-05 期间暂停转股：权益分派,计算使用1.9年期 评级为AA- 债参考YTM：1.9624,N,3.8,全价：130.007 最后更新：15:34:06,,,,1,[],0,0,N,,,buy,buy
2026-06-05 10:57:49,118052,浩瀚转债,hhzz,145.168,-3.44,688292,浩瀚深度,hhsd,21.74,0.42,3.42,24.26,89.61,0,62.0,207.17,710103,计算机,shkc,C,2025-04-07,[],0,0,buy,A+,,16.982,31.538,10.3,buy,2031-03-13,4.773,3.539,7934.59,8092.03,15.25,-4.02,,0,14:59:57,00,Y,N,0,0,N,2026-06-02 至 2026-06-08 期间暂停转股：权益分派,2025-09-19 开始转股;2026-06-02 至 2026-06-08 期间暂停转股：权益分派,计算使用4.8年期 评级为A+ 债参考YTM：4.8814,N,3.54,全价：145.168 最后更新：14:59:57,,,,0,{'M': ''},0,0,N,,,buy,buy
2026-06-05 10:57:49,127031,洋丰转债,yfzz,119.014,0.31,000902,新洋丰,xyf,12.38,-0.72,1.26,16.89,73.3,0,62.37,181.38,220805,基础化工,szmb,C,2021-04-23,[],0,0,buy,AA,,11.823,21.957,7.1,buy,2027-03-25,0.803,9.999,4145.12,16586.78,3.47,-7.37,,0,15:34:03,00,Y,N,1,1,Y,转股价下修1次，成功下修1次,2021-10-08 开始转股,计算使用0.9年期 评级为AA 债参考YTM：1.4920,N,10.0,全价：119.014 最后更新：15:34:03,,,,1,{'M': ''},0,0,N,,,buy,buy
2026-06-05 10:57:49,113665,汇通转债,htzz,129.921,0.4,603176,汇通集团,htjt,5.01,1.62,2.11,6.29,79.65,0,63.11,193.03,620306,建筑装饰,shmb,C,2023-01-11,[],0,0,buy,AA-,,4.403,8.177,15.5,buy,2028-12-15,2.532,3.596,2572.38,1990.4,5.5,-3.63,,0,14:58:42,00,Y,N,1,1,N,"转股价下修1次，成功下修1次
2026-06-05 起暂停转股：权益分派
转股价6.290生效日期2025-10-14",2023-06-21 开始转股;2026-06-05 起暂停转股：权益分派,计算使用2.6年期 评级为AA- 债参考YTM：2.1880,N,3.6,全价：129.921 最后更新：14:58:42,,,,0,[],0,0,N,,,buy,buy
2026-06-05 10:57:49,111024,澳弘转债,ahzz,178.715,-0.6,605058,澳弘电子,ahdz,37.2,-2.36,2.89,34.04,109.28,12,63.53,242.25,270202,电子,shmb,C,2026-01-16,[],0,0,buy,AA-,,23.828,44.252,10.9,buy,2031-12-10,5.518,5.8,5831.5,22922.75,5.67,-7.66,,0,14:59:57,00,Y,N,0,0,Y,,未到转股期；2026-06-17 开始转股,计算使用5.6年期 评级为AA- 债参考YTM：3.0258,N,5.8,全价：178.715 最后更新：14:59:57,,,,0,[],0,0,N,,,buy,buy
2026-06-05 10:57:49,127072,博实转债,bszz,137.031,1.42,002698,博实股份,bsgf,12.47,2.97,3.0,15.06,82.8,0,65.49,202.52,640701,机械设备,szmb,C,2022-11-03,[],0,0,buy,AA,,10.542,19.578,4.3,buy,2028-09-22,2.301,4.498,3381.52,18278.48,5.5,-7.36,,0,15:34:12,00,Y,N,0,0,Y,,2023-03-28 开始转股,计算使用2.4年期 评级为AA 债参考YTM：1.6997,N,4.5,全价：137.031 最后更新：15:34:12,,,,0,{'M': ''},0,0,N,,,buy,buy
2026-06-05 10:57:49,127089,晶澳转债,jazz,119.847,1.03,002459,晶澳科技,jakj,8.44,-2.09,1.31,11.66,72.38,0,65.57,185.42,630502,电力设备,szmb,C,2023-08-04,[],0,0,buy,AA+,,8.162,15.158,32.1,buy,2029-07-18,3.121,89.588,16583.96,41858.35,1.55,-2.22,,0,15:34:21,00,Y,N,2,1,Y,转股价下修2次，成功下修1次,2024-01-24 开始转股,计算使用3.2年期 评级为AA+ 债参考YTM：1.6764,N,89.603,全价：119.847 最后更新：15:34:21,,,,0,{'M': ''},0,0,N,,,buy,buy
2026-06-05 10:57:49,110093,神马转债,smzz,119.457,0.93,600810,神马股份,smgf,5.82,1.39,0.68,8.08,72.03,0,65.84,185.3,220406,基础化工,shmb,C,2023-04-20,[],0,0,buy,AAA,,5.656,10.504,35.3,buy,2029-03-16,2.781,22.199,5617.88,7712.44,2.14,-2.96,,0,15:00:00,00,Y,N,0,0,Y,,2023-09-22 开始转股,计算使用2.8年期 评级为AAA 债参考YTM：1.5930,N,30.0,全价：119.457 最后更新：15:00:00,,,,0,{'M': ''},0,0,N,,,buy,buy
2026-06-05 10:57:49,113671,武进转债,wjzz,135.48,-0.22,603878,武进不锈,wjbx,6.46,-1.07,1.39,7.93,81.46,0,66.31,201.79,230403,钢铁,shmb,C,2023-08-03,[],0,0,buy,AA,,5.551,10.309,8.5,buy,2029-07-10,3.099,3.093,2553.8,6449.36,6.07,-5.45,,0,14:59:39,00,Y,N,0,0,N,2026-06-03 至 2026-06-10 期间暂停转股：权益分派,2024-01-15 开始转股;2026-06-03 至 2026-06-10 期间暂停转股：权益分派,计算使用3.1年期 评级为AA 债参考YTM：1.8048,N,3.1,全价：135.480 最后更新：14:59:39,,,,0,[],0,0,N,,,buy,buy
2026-06-05 10:57:49,123173,恒锋转债,hfzz,131.509,1.07,300605,恒锋信息,hfxx,10.8,2.27,3.88,13.77,78.43,0,67.67,199.18,710401,计算机,szcy,C,2023-02-08,[],0,0,buy,A-,,9.639,17.901,17.1,buy,2028-12-30,2.573,2.331,1731.6,7707.79,5.65,-3.79,,0,15:34:36,00,Y,N,0,0,Y,,2023-07-06 开始转股,计算使用2.6年期 评级为A- 债参考YTM：9.2306,N,2.424,全价：131.509 最后更新：15:34:36,,,,0,[],0,0,N,,,buy,buy
2026-06-05 10:57:49,110100,龙建转债,ljzz,132.678,0.32,600853,龙建股份,ljgf,3.63,3.12,0.88,4.63,78.4,53,69.23,201.91,620306,建筑装饰,shmb,C,2026-02-12,[],0,0,buy,AA,,3.241,6.019,27.2,buy,2032-01-21,5.633,10.0,2072.54,4015.52,1.56,-2.76,,0,14:59:58,00,Y,N,0,0,Y,,未到转股期；2026-07-28 开始转股,计算使用5.7年期 评级为AA 债参考YTM：2.0762,N,10.0,全价：132.678 最后更新：14:59:58,,,,0,[],0,0,N,,,buy,buy
2026-06-05 10:57:49,113692,保隆转债,blzz,131.19,-0.6,603197,保隆科技,blkj,30.35,0.83,1.99,39.35,77.13,0,70.09,201.28,280205,汽车,shmb,C,2024-11-27,[],0,0,buy,AA,,27.545,51.155,21.7,buy,2030-10-31,4.408,13.897,5965.54,10589.95,3.27,-3.29,,0,14:59:32,00,Y,N,0,0,Y,,2025-05-06 开始转股,计算使用4.5年期 评级为AA 债参考YTM：1.9334,N,13.9,全价：131.190 最后更新：14:59:32,,,,0,{'M': ''},0,0,N,,,buy,buy
2026-06-05 10:57:49,123269,金杨转债,jyzz,164.951,1.08,301210,金杨精密,jygf,27.45,3.9,2.34,28.32,96.93,143,70.18,235.13,630701,电力设备,szcy,C,2026-05-11,[],0,0,buy,AA-,,19.824,36.816,58.7,buy,2032-04-19,5.877,9.8,14801.26,14311.89,9.17,-6.2,,0,15:33:54,00,Y,N,0,0,Y,,未到转股期；2026-10-26 开始转股,计算使用5.9年期 评级为AA- 债参考YTM：3.3211,N,9.8,全价：164.951 最后更新：15:33:54,,,,0,{'M': ''},0,0,N,,,buy,buy
2026-06-05 10:57:49,118064,联瑞转债,lrzz,422.888,-8.22,688300,联瑞新材,lrxc,157.21,-6.87,20.75,63.55,247.38,39,70.95,493.84,220901,基础化工,shkc,C,2026-01-28,[],0,0,buy,AA,,44.485,82.615,1.8,buy,2032-01-07,5.595,6.95,62931.3,178821.96,21.12,-21.11,,0,15:00:00,00,Y,N,0,0,Y,,未到转股期；2026-07-14 开始转股,计算使用5.6年期 评级为AA 债参考YTM：2.0514,N,6.95,全价：422.888 最后更新：15:00:00,,,,0,{'M': ''},0,0,N,,,buy,buy
2026-06-05 10:57:49,127102,浙建转债,zjzz,124.984,-0.27,002761,浙江建投,zjjt,7.47,-0.27,0.93,10.22,73.09,0,71.0,195.98,620101,建筑装饰,szmb,C,2024-01-16,[],0,0,buy,AA+,,7.154,13.286,12.3,buy,2029-12-25,3.559,9.951,2535.06,6006.97,2.03,-3.11,,0,15:34:00,00,Y,N,0,0,Y,,2024-07-01 开始转股,计算使用3.6年期 评级为AA+ 债参考YTM：1.7003,N,10.0,全价：124.984 最后更新：15:34:00,,,,0,{'M': ''},0,0,N,,,buy,buy
2026-06-05 10:57:49,127038,国微转债,gwzz,132.653,-1.59,002049,紫光国微,zggw,75.14,-2.76,4.53,97.3,77.23,0,71.77,204.42,270104,电子,szmb,C,2021-07-14,[],0,0,buy,AA+,,68.11,126.49,2.3,buy,2027-06-10,1.014,14.915,6698.49,285602.57,3.36,-15.78,,0,15:34:30,00,Y,N,0,0,Y,,2021-12-17 开始转股,计算使用1.1年期 评级为AA+ 债参考YTM：1.4911,N,15.0,全价：132.653 最后更新：15:34:30,,,,0,{'M': ''},0,0,N,,,buy,buy
2026-06-05 10:57:49,127111,金威转债,jwzz,130.158,-0.06,002626,金达威,jdw,14.78,-0.4,2.01,19.59,75.45,0,72.52,202.68,340407,食品饮料,szmb,C,2025-09-08,[],0,0,buy,AA,,13.713,25.467,14.3,buy,2031-08-20,5.211,12.924,3593.25,4066.53,2.13,-2.63,,0,15:34:42,00,Y,N,0,0,N,2026-06-01 至 2026-06-09 期间暂停转股：权益分派,2026-02-26 开始转股;2026-06-01 至 2026-06-09 期间暂停转股：权益分派,计算使用5.3年期 评级为AA 债参考YTM：1.9843,N,12.924,全价：130.158 最后更新：15:34:42,,,,0,{'M': ''},1,0,N,,,buy,buy
2026-06-05 10:57:49,127050,麒麟转债,qlzz,130.2,0.15,002984,森麒麟,sql,14.61,1.18,1.09,19.36,75.47,0,72.53,202.73,280204,汽车,szmb,C,2021-12-06,[],0,0,buy,AA,,13.552,25.168,20.0,buy,2027-11-11,1.436,20.86,6684.62,17133.87,2.46,-10.19,,0,15:34:18,00,Y,N,2,1,Y,转股价下修2次，成功下修1次,2022-05-17 开始转股,计算使用1.5年期 评级为AA 债参考YTM：1.5791,Y,21.989,全价：130.200 最后更新：15:34:18,,,"按下调到底估算
股东大会：2026-06-15
预估转股价：15.56
预估转股价值：93.89
期权价值：10.13
理论价值：119.48
理论偏离度：8.23%",1,{'M': ''},0,0,N,,,buy,buy
2026-06-05 10:57:49,123261,普联转债,plzz,153.997,1.06,300996,普联软件,plrj,11.53,0.79,3.45,12.97,88.9,6,73.23,227.23,710401,计算机,szcy,C,2025-12-22,[],0,0,buy,A+,,9.079,16.861,6.3,buy,2031-12-05,5.504,2.429,4775.35,8571.41,12.76,-4.66,,0,15:34:18,00,Y,N,0,0,Y,,未到转股期；2026-06-11 开始转股,计算使用5.6年期 评级为A+ 债参考YTM：5.3748,N,2.43,全价：153.997 最后更新：15:34:18,,,,0,{'M': ''},0,0,N,,,buy,buy
2026-06-05 10:57:49,123065,宝莱转债,blzz,120.6,-1.63,300246,宝莱特,blt,16.56,-1.43,3.88,23.8,69.58,0,73.33,193.93,370502,医药生物,szcy,C,2020-09-24,[],0,0,buy,AA-,,16.66,30.94,6.2,buy,2026-09-04,0.249,2.18,1993.33,15112.2,7.53,-18.83,,0,15:34:06,00,Y,N,2,1,Y,转股价下修2次，成功下修1次,2021-03-11 开始转股,计算使用0.3年期 评级为AA- 债参考YTM：1.6637,Y,2.19,全价：120.600 最后更新：15:34:06,,,"按下调到底估算
股东大会：2026-06-18
预估转股价：18.65
预估转股价值：88.79
期权价值：6.82
理论价值：121.35
理论偏离度：-0.62%",0,[],0,0,N,,,buy,buy
2026-06-05 10:57:49,123223,九典转02,jdz02,135.506,-0.23,300705,九典制药,jdzy,11.29,0.09,2.1,14.55,77.6,0,74.63,210.14,370102,医药生物,szcy,C,2023-10-13,[],0,0,buy,A+,,10.185,18.915,4.9,buy,2029-09-15,3.282,2.053,1003.11,3803.36,3.59,-4.22,,0,15:34:00,00,Y,N,0,0,Y,,2024-03-21 开始转股,计算使用3.3年期 评级为A+ 债参考YTM：4.7608,N,3.6,全价：135.506 最后更新：15:34:00,,,,0,[],0,0,N,,,buy,buy
2026-06-05 10:57:49,111021,奥锐转债,arzz,133.898,0.17,605116,奥锐特,art,18.93,0.16,2.83,24.94,75.9,0,76.41,210.31,370101,医药生物,shmb,C,2024-08-15,[],0,0,buy,AA-,,17.458,32.422,10.6,buy,2030-07-26,4.143,8.121,1684.62,5243.32,1.55,-2.72,,0,14:58:44,00,Y,N,0,0,N,2026-06-05 起暂停转股：权益分派,2025-02-05 开始转股;2026-06-05 起暂停转股：权益分派,计算使用4.2年期 评级为AA- 债参考YTM：2.4722,N,8.121,全价：133.898 最后更新：14:58:44,,,,0,[],0,0,N,,,buy,buy
2026-06-05 10:57:49,123214,东宝转债,dbzz,132.448,0.89,300239,东宝生物,dbsw,4.97,1.02,1.69,6.62,75.08,0,76.42,208.87,370304,医药生物,szcy,C,2023-08-18,[],0,0,buy,A+,,4.634,8.606,15.5,buy,2029-07-31,3.156,4.549,1214.04,6494.99,2.02,-3.8,,0,15:34:51,00,Y,N,0,0,Y,,2024-02-05 开始转股,计算使用3.2年期 评级为A+ 债参考YTM：4.7441,N,4.55,全价：132.448 最后更新：15:34:51,,,,0,[],0,0,N,,,buy,buy
2026-06-05 10:57:49,123262,神宇转债,syzz,144.368,1.56,300563,神宇股份,sygf,31.39,3.43,4.81,38.62,81.28,12,77.62,221.99,730205,通信,szcy,C,2025-12-30,[],0,0,buy,AA-,,27.034,50.206,12.2,buy,2031-12-11,5.521,5.0,23726.34,32709.53,32.5,-4.29,,0,15:34:42,00,Y,N,0,0,Y,,未到转股期；2026-06-17 开始转股,计算使用5.6年期 评级为AA- 债参考YTM：3.0258,N,5.0,全价：144.368 最后更新：15:34:42,,,,0,{'M': ''},0,0,N,,,buy,buy
2026-06-05 10:57:49,118063,金05转债,j05zz,180.678,-5.62,688676,金盘科技,jpkj,89.92,-5.04,7.71,88.6,101.49,26,78.03,258.71,630801,电力设备,shkc,C,2026-01-14,[],0,0,buy,AA+,,62.02,115.18,4.0,buy,2031-12-24,5.556,16.71,18647.89,189555.73,6.0,-8.4,,0,15:00:00,00,Y,N,0,0,Y,,未到转股期；2026-07-01 开始转股,计算使用5.6年期 评级为AA+ 债参考YTM：1.8251,N,16.71,全价：180.678 最后更新：15:00:00,,,,0,{'M': ''},0,0,N,,,buy,buy
2026-06-05 10:57:49,113636,甬金转债,yjzz,128.275,1.05,603995,XD甬金股,yjgf,18.9,2.72,1.15,26.24,72.03,0,78.09,206.37,230501,钢铁,shmb,C,2021-12-31,[],0,0,buy,AA-,,18.368,34.112,14.5,buy,2027-12-13,1.523,9.995,3402.77,18574.64,2.66,-5.67,,0,14:59:25,00,Y,N,1,1,Y,转股价下修1次，成功下修1次,2022-06-17 开始转股,计算使用1.6年期 评级为AA- 债参考YTM：1.9009,N,10.0,全价：128.275 最后更新：14:59:25,,,,1,{'M': ''},0,0,N,,,buy,buy
2026-06-05 10:57:49,123220,易瑞转债,yrzz,131.175,0.28,300942,易瑞生物,yrsw,6.46,0.47,2.93,8.85,72.99,0,79.71,210.89,370504,医药生物,szcy,C,2023-09-06,[],0,0,buy,A+,,6.195,11.505,11.1,buy,2029-08-18,3.206,2.907,1129.4,3774.21,2.96,-3.07,,0,15:33:57,00,Y,N,1,1,Y,转股价下修1次，成功下修1次,2024-02-26 开始转股,计算使用3.3年期 评级为A+ 债参考YTM：4.7608,N,3.28,全价：131.175 最后更新：15:33:57,,,,0,{'M': ''},0,0,N,,,buy,buy
2026-06-05 10:57:49,123263,鼎捷转债,djzz,148.8,-1.29,300378,鼎捷数智,djsz,35.88,-0.39,4.14,43.42,82.64,14,80.07,228.87,710402,计算机,szcy,C,2025-12-31,[],0,0,buy,AA,,,56.446,8.6,buy,2031-12-15,5.532,8.277,16256.75,44228.03,13.15,-4.83,,0,15:34:21,00,Y,N,0,0,Y,,未到转股期；2026-06-19 开始转股,计算使用5.6年期 评级为AA 债参考YTM：2.0514,N,8.28,全价：148.800 最后更新：15:34:21,,,,0,{'M': ''},0,0,N,,,buy,buy
2026-06-05 10:57:49,118065,艾为转债,awzz,157.635,-1.37,688798,艾为电子,awdz,69.49,-2.11,3.76,79.4,87.52,53,80.12,237.76,270105,电子,shkc,C,2026-02-26,[],0,0,buy,AA+,,55.58,103.22,20.2,buy,2032-01-22,5.636,19.01,5813.35,35482.35,1.92,-5.89,,0,14:59:25,00,Y,N,0,0,Y,,未到转股期；2026-07-28 开始转股,计算使用5.7年期 评级为AA+ 债参考YTM：1.8410,N,19.01,全价：157.635 最后更新：14:59:25,,,,0,{'M': ''},0,0,N,,,buy,buy
2026-06-05 10:57:49,123265,耐普转02,npz02,142.998,-3.09,300818,耐普矿机,npkj,23.25,-1.23,2.69,29.5,78.81,47,81.44,224.44,640103,机械设备,szcy,C,2026-01-30,[],0,0,buy,A+,,20.65,38.35,13.6,buy,2032-01-15,5.616,4.5,8624.64,11809.76,13.29,-3.28,,0,15:33:57,00,Y,N,0,0,Y,,未到转股期；2026-07-22 开始转股,计算使用5.7年期 评级为A+ 债参考YTM：5.4844,N,4.5,全价：142.998 最后更新：15:33:57,,,,0,[],1,0,N,,,buy,buy
2026-06-05 10:57:49,127083,山路转债,slzz,123.141,0.74,000498,山东路桥,sdlq,5.16,0.58,0.3,7.61,67.81,0,81.61,204.75,620306,建筑装饰,szmb,C,2023-04-26,[],0,0,buy,AAA,,5.327,9.893,64.7,buy,2029-03-24,2.803,48.359,5310.67,3680.43,0.9,-3.6,,0,15:34:51,00,Y,N,0,0,Y,,2023-10-09 开始转股,计算使用2.9年期 评级为AAA 债参考YTM：1.6023,N,48.36,全价：123.141 最后更新：15:34:51,,,,0,{'M': ''},0,0,N,,,buy,buy
2026-06-05 10:57:49,118066,统联转债,tlzz,146.29,-0.37,688210,统联精密,tljm,45.2,-3.03,5.63,56.2,80.43,93,81.89,228.18,270504,电子,shkc,C,2026-03-20,[],0,0,buy,AA-,,39.34,73.06,7.8,buy,2032-03-02,5.745,5.76,6375.9,25160.9,7.57,-4.34,,0,14:59:48,00,Y,N,0,0,Y,,未到转股期；2026-09-06 开始转股,计算使用5.8年期 评级为AA- 债参考YTM：3.2356,N,5.76,全价：146.290 最后更新：14:59:48,,,,0,{'M': ''},0,0,N,,,buy,buy
2026-06-05 10:57:49,113702,斯达转债,sdzz,197.188,-5.27,603290,斯达半导,sdbd,113.18,-6.72,3.89,105.3,107.48,139,83.46,280.65,270102,电子,shmb,C,2026-05-11,[],0,0,buy,AA+,,73.71,136.89,5.5,buy,2032-04-15,5.866,15.0,36996.36,132599.24,12.32,-9.35,,0,14:59:59,00,Y,N,0,0,Y,,未到转股期；2026-10-22 开始转股,计算使用5.9年期 评级为AA+ 债参考YTM：1.8715,N,15.0,全价：197.188 最后更新：14:59:59,,,,0,{'M': ''},0,0,N,,,buy,buy
2026-06-05 10:57:49,113655,欧22转债,o22zz,126.097,0.08,603833,欧派家居,opjj,36.2,0.7,1.17,52.77,68.6,0,83.82,209.92,360308,轻工制造,shmb,C,2022-09-01,[],0,0,buy,AA,,36.939,68.601,9.1,buy,2028-08-05,2.17,19.999,3947.95,14091.62,1.56,-4.12,,0,14:59:10,00,Y,N,1,1,Y,转股价下修1次，成功下修1次,2023-02-13 开始转股,计算使用2.2年期 评级为AA 债参考YTM：1.6703,N,20.0,全价：126.097 最后更新：14:59:10,,,,0,{'M': ''},0,0,N,,,buy,buy
2026-06-05 10:57:49,118024,冠宇转债,gyzz,125.791,0.11,688772,珠海冠宇,zhgy,15.4,1.25,2.3,22.59,68.17,0,84.52,210.31,630701,电力设备,shkc,C,2022-11-17,[],0,0,buy,AA,,15.813,27.108,17.7,buy,2028-10-24,2.389,30.889,8541.86,86391.58,2.2,-3.64,,0,14:59:16,00,Y,N,0,0,Y,,2023-04-28 开始转股,计算使用2.4年期 评级为AA 债参考YTM：1.6997,N,30.89,全价：125.791 最后更新：14:59:16,,,,0,{'M': ''},0,0,N,120%,,buy,buy
2026-06-05 10:57:49,113634,珀莱转债,plzz,128.403,-0.13,603605,珀莱雅,bly,65.78,-1.05,4.07,95.46,68.91,0,86.34,214.74,770202,美容护理,shmb,C,2022-01-04,[],0,0,buy,AA,,66.822,124.098,2.9,buy,2027-12-08,1.51,7.507,8994.15,47352.67,9.34,-6.15,,0,14:59:56,00,Y,N,0,0,Y,,2022-06-14 开始转股,计算使用1.6年期 评级为AA 债参考YTM：1.5917,N,7.517,全价：128.403 最后更新：14:59:56,,,,1,{'M': ''},0,0,N,,,buy,buy
2026-06-05 10:57:49,113610,灵康转债,lkzz,117.019,0.35,603669,灵康药业,lkyy,4.07,0.0,4.65,6.5,62.62,0,86.89,203.91,370102,医药生物,shmb,C,2020-12-22,[],0,0,buy,A-,,4.55,8.45,8.7,buy,2026-12-01,0.49,2.53,1152.83,4218.85,3.9,-3.54,,0,14:59:48,00,Y,N,2,2,Y,转股价下修2次，成功下修2次,2021-06-07 开始转股,计算使用0.5年期 评级为A- 债参考YTM：8.7409,N,5.25,全价：117.019 最后更新：14:59:48,,,,1,[],0,0,N,,,buy,buy
2026-06-05 10:57:49,118015,芯海转债,xhzz,135.174,0.78,688595,芯海科技,xhkj,39.92,4.58,8.07,55.22,72.29,0,86.98,222.15,270104,电子,shkc,C,2022-08-18,[],0,0,buy,A+,,38.654,71.786,7.1,buy,2028-07-21,2.129,4.1,13238.48,57572.38,23.69,-5.87,,0,14:59:57,00,Y,N,0,0,Y,,2023-01-30 开始转股,计算使用2.2年期 评级为A+ 债参考YTM：4.3758,N,4.1,全价：135.174 最后更新：14:59:57,,,,0,{'M': ''},0,0,N,,,buy,buy
2026-06-05 10:57:49,113656,嘉诚转债,jczz,125.229,0.2,603535,嘉诚国际,jcgj,6.89,0.88,1.36,10.35,66.57,0,88.12,213.35,420805,交通运输,shmb,C,2022-10-12,[],0,0,buy,AA-,,7.245,13.455,22.7,buy,2028-09-01,2.244,7.998,3439.38,2406.38,3.43,-2.48,,0,14:58:43,00,Y,N,0,0,Y,,2023-03-07 开始转股,计算使用2.3年期 评级为AA- 债参考YTM：2.0696,N,8.0,全价：125.229 最后更新：14:58:43,,,,0,[],0,0,N,,,buy,buy
2026-06-05 10:57:49,118067,上26转债,s26zz,144.232,0.61,688533,上声电子,ssdz,24.99,1.13,2.27,32.6,76.66,111,88.15,232.38,280206,汽车,shkc,C,2026-04-14,[],0,0,buy,A+,,22.82,42.38,7.9,buy,2032-03-17,5.786,3.25,1970.28,3253.66,4.21,-3.47,,0,14:59:54,00,Y,N,0,0,N,2026-05-28 至 2026-06-05 期间暂停转股：权益分派,未到转股期；2026-09-24 开始转股;2026-05-28 至 2026-06-05 期间暂停转股：权益分派,计算使用5.8年期 评级为A+ 债参考YTM：5.5853,N,3.25,全价：144.232 最后更新：14:59:54,,,,0,{'M': ''},0,0,N,,,buy,buy
2026-06-05 10:57:49,113627,太平转债,tpzz,116.942,0.07,603877,XD太平鸟,tpn,12.78,1.83,1.3,20.58,62.1,0,88.32,205.26,350209,纺织服饰,shmb,C,2021-08-06,[],0,0,buy,AA,,14.406,26.754,13.3,buy,2027-07-15,1.11,7.997,6658.8,6612.09,7.09,-4.04,,0,14:59:54,00,Y,N,1,1,Y,转股价下修1次，成功下修1次,2022-01-21 开始转股,计算使用1.2年期 评级为AA 债参考YTM：1.5394,N,8.0,全价：116.942 最后更新：14:59:54,,,,0,{'M': ''},0,0,N,,,buy,buy
2026-06-05 10:57:49,113616,韦尔转债,wezz,113.244,0.26,603501,豪威集团,hwjt,95.39,-3.51,3.64,159.02,59.99,0,88.78,202.02,270104,电子,shmb,C,2021-01-22,[],0,0,buy,AA+,,111.314,206.726,2.1,buy,2026-12-28,0.564,24.324,7247.25,235462.25,2.64,-5.08,,0,14:59:57,00,Y,N,0,0,Y,,2021-07-05 开始转股,计算使用0.6年期 评级为AA+ 债参考YTM：1.4438,N,24.4,全价：113.244 最后更新：14:59:57,,,,0,{'M': ''},0,0,N,,,buy,buy
2026-06-05 10:57:49,123138,丝路转债,slzz,131.72,0.7,300556,丝路视觉,slsj,18.48,2.72,5.29,26.53,69.66,0,89.1,220.82,710401,计算机,szcy,C,2022-03-22,[],0,0,buy,A,,18.571,34.489,11.9,buy,2028-03-02,1.743,2.393,2086.25,12180.17,6.63,-6.43,,0,15:34:18,00,Y,N,0,0,Y,,2022-09-08 开始转股,计算使用1.8年期 评级为A 债参考YTM：6.6306,N,2.4,全价：131.720 最后更新：15:34:18,,,,1,[],0,0,N,,,buy,buy
2026-06-05 10:57:49,123192,科思转债,kszz,126.7,-0.24,300856,科思股份,ksgf,11.61,0.17,1.96,17.39,66.76,0,89.78,216.48,770201,美容护理,szcy,C,2023-05-11,[],0,0,buy,AA-,,12.173,22.607,13.5,buy,2029-04-13,2.858,7.187,2735.78,6397.57,3.0,-2.35,,0,15:34:39,00,Y,N,0,0,Y,,2023-10-19 开始转股,计算使用2.9年期 评级为AA- 债参考YTM：2.3065,N,7.249,全价：126.700 最后更新：15:34:39,,,,0,{'M': ''},0,0,N,,,buy,buy
2026-06-05 10:57:49,113679,芯能转债,xnzz,128.589,0.63,603105,芯能科技,xnkj,8.49,-1.74,1.86,12.55,67.65,0,90.08,218.67,410106,公用事业,shmb,C,2023-11-24,[],0,0,buy,AA-,,8.785,16.315,20.7,buy,2029-10-26,3.395,8.798,3203.02,8555.66,2.83,-2.18,,0,14:59:59,00,Y,N,0,0,Y,,2024-05-06 开始转股,计算使用3.4年期 评级为AA- 债参考YTM：2.4166,N,8.8,全价：128.589 最后更新：14:59:59,,,,0,{'M': ''},0,0,N,,,buy,buy
2026-06-05 10:57:49,123266,博士转债,bszz,143.899,0.66,300622,博士眼镜,bsyj,16.26,2.26,5.48,21.54,75.49,111,90.63,234.53,450401,商贸零售,szcy,C,2026-04-07,[],0,0,buy,AA,,15.078,28.002,10.4,buy,2032-03-17,5.786,3.75,2494.11,12186.65,4.63,-3.77,,0,15:34:48,00,Y,N,0,0,Y,,未到转股期；2026-09-24 开始转股,计算使用5.8年期 评级为AA 债参考YTM：2.1007,N,3.75,全价：143.899 最后更新：15:34:48,,,,0,[],0,0,N,,,buy,buy
2026-06-05 10:57:49,113652,伟22转债,w22zz,129.0,-0.35,603568,伟明环保,wmhb,14.99,3.67,2.0,22.23,67.43,0,91.31,220.31,760103,环保,shmb,C,2022-08-12,[],0,0,buy,AA,,15.561,28.899,4.8,buy,2028-07-22,2.132,14.766,11817.59,22227.07,6.21,-6.03,,0,14:59:31,00,Y,N,2,2,Y,转股价下修2次，成功下修2次,2023-01-30 开始转股,计算使用2.2年期 评级为AA 债参考YTM：1.6703,N,14.77,全价：129.000 最后更新：14:59:31,,,,0,{'M': ''},0,0,N,,,buy,buy
2026-06-05 10:57:49,113625,江山转债,jszz,120.855,0.27,603208,江山欧派,jsop,12.53,2.87,2.1,19.84,63.16,0,91.36,212.22,360308,轻工制造,shmb,C,2021-07-01,[],0,0,buy,AA-,,13.888,25.792,26.4,buy,2027-06-11,1.016,5.825,3384.96,4349.98,4.81,-0.3,,0,14:59:50,00,Y,N,1,1,Y,转股价下修1次，成功下修1次,2021-12-20 开始转股,计算使用1.1年期 评级为AA- 债参考YTM：1.7997,N,5.83,全价：120.855 最后更新：14:59:50,,,,0,[],0,0,N,,,buy,buy
2026-06-05 10:57:49,123122,富瀚转债,fhzz,125.844,-0.12,300613,富瀚微,fhw,59.89,0.86,4.64,91.5,65.45,0,92.26,218.1,270104,电子,szcy,C,2021-08-24,[],0,0,buy,A+,,64.05,118.95,4.4,buy,2027-08-06,1.17,5.801,3083.94,65898.07,4.22,-6.14,,0,15:34:15,00,Y,N,0,0,Y,,2022-02-14 开始转股,计算使用1.2年期 评级为A+ 债参考YTM：4.1545,N,5.812,全价：125.844 最后更新：15:34:15,,,,0,{'M': ''},0,0,N,,,buy,buy
2026-06-05 10:57:49,118042,奥维转债,awzz,133.011,-1.25,688516,奥特维,atw,58.34,-0.41,4.8,84.42,69.11,0,92.47,225.48,630505,电力设备,shkc,C,2023-09-01,[],0,0,buy,AA-,,59.094,109.746,6.2,buy,2029-08-10,3.184,11.399,24074.68,78151.64,15.82,-3.43,,0,14:59:44,00,Y,N,0,0,N,2026-06-05 起暂停转股：权益分派,2024-02-19 开始转股;2026-06-05 起暂停转股：权益分派,计算使用3.2年期 评级为AA- 债参考YTM：2.3901,N,11.4,全价：133.011 最后更新：14:59:44,,,,0,{'M': ''},0,0,N,,,buy,buy
2026-06-05 10:57:49,123260,卓镁转债,zmzz,147.1,-0.68,301398,星源卓镁,xyzm,39.68,3.5,3.98,52.3,75.87,0,93.88,240.98,280202,汽车,szcy,C,2025-11-24,[],0,0,buy,A+,,36.61,67.99,30.5,buy,2031-11-07,5.427,4.499,8261.15,7912.69,12.32,-3.9,,0,15:34:39,00,Y,N,0,0,Y,,2026-05-13 开始转股,计算使用5.5年期 评级为A+ 债参考YTM：5.2630,N,4.5,全价：147.100 最后更新：15:34:39,,,,0,{'M': ''},1,0,N,,,buy,buy
2026-06-05 10:57:49,113647,禾丰转债,hfzz,119.645,-0.02,603609,禾丰股份,hfgf,6.19,0.32,0.85,10.09,61.35,0,95.03,214.68,110402,农林牧渔,shmb,C,2022-05-18,[],0,0,buy,AA,,7.063,13.117,26.1,buy,2028-04-22,1.882,14.669,3439.53,1156.54,1.96,-2.65,,0,14:59:09,00,Y,N,0,0,Y,,2022-10-28 开始转股,计算使用1.9年期 评级为AA 债参考YTM：1.6296,N,15.0,全价：119.645 最后更新：14:59:09,,,,1,{'M': ''},0,0,N,,,buy,buy
2026-06-05 10:57:49,123168,惠云转债,hyzz,127.789,0.99,300891,惠云钛业,hyty,6.98,1.31,2.19,10.74,64.99,0,96.63,224.42,220206,基础化工,szcy,C,2022-12-14,[],0,0,buy,AA-,,7.518,13.962,21.0,buy,2028-11-23,2.471,4.899,2177.9,4400.42,3.49,-3.0,,0,15:34:15,00,Y,N,0,0,Y,,2023-05-29 开始转股,计算使用2.5年期 评级为AA- 债参考YTM：2.1469,N,4.9,全价：127.789 最后更新：15:34:15,,,,0,{'M': ''},0,0,N,,,buy,buy
2026-06-05 10:57:49,127098,欧晶转债,ojzz,127.859,-0.73,001269,欧晶科技,ojkj,27.2,-1.2,6.87,42.0,64.76,0,97.43,225.29,630504,电力设备,szmb,C,2023-12-15,[],0,0,buy,AA-,,29.4,54.6,9.0,buy,2029-11-24,3.474,4.693,4507.72,30693.6,7.47,-2.79,,0,15:34:27,00,Y,N,1,1,Y,转股价下修1次，成功下修1次,2024-05-30 开始转股,计算使用3.5年期 评级为AA- 债参考YTM：2.4241,N,4.7,全价：127.859 最后更新：15:34:27,,,,0,[],0,0,N,,,buy,buy
2026-06-05 10:57:49,123193,海能转债,hnzz,129.355,0.59,300787,海能实业,hnsy,9.48,0.85,1.75,14.5,65.38,0,97.85,227.21,270504,电子,szcy,C,2023-05-09,[],0,0,buy,AA-,,10.15,18.85,32.2,buy,2029-04-13,2.858,5.997,1440.98,4909.23,1.86,-3.06,,0,15:34:24,00,Y,N,0,0,Y,,2023-10-19 开始转股,计算使用2.9年期 评级为AA- 债参考YTM：2.3065,N,6.0,全价：129.355 最后更新：15:34:24,,,,0,[],0,0,N,,,buy,buy
2026-06-05 10:57:49,111009,盛泰转债,stzz,126.806,0.58,605138,盛泰集团,stjt,6.74,1.35,1.45,10.56,63.83,0,98.68,225.49,350209,纺织服饰,shmb,C,2022-12-01,[],0,0,buy,AA,,7.392,13.728,18.7,buy,2028-11-07,2.427,7.011,2339.75,2798.89,2.63,-4.61,,0,14:59:52,00,Y,N,0,0,Y,,2023-05-11 开始转股,计算使用2.5年期 评级为AA 债参考YTM：1.7147,N,7.012,全价：126.806 最后更新：14:59:52,,,,0,[],0,0,N,,,buy,buy
2026-06-05 10:57:49,123196,正元转02,zyz02,127.225,0.58,300645,正元智慧,zyzh,13.95,3.1,1.79,21.91,63.67,0,99.82,227.05,710103,计算机,szcy,C,2023-05-19,[],0,0,buy,A+,,15.337,28.483,18.0,buy,2029-04-18,2.871,3.501,1532.43,5764.23,3.45,-2.54,,0,15:34:24,00,Y,N,2,1,Y,转股价下修2次，成功下修1次,2023-10-24 开始转股,计算使用2.9年期 评级为A+ 债参考YTM：4.6540,N,3.507,全价：127.225 最后更新：15:34:24,,,,0,[],0,0,N,,,buy,buy
2026-06-05 10:57:49,123229,艾录转债,alzz,131.165,0.05,301062,上海艾录,shal,6.55,0.15,2.08,10.0,65.5,0,100.25,231.42,360205,轻工制造,szcy,C,2023-11-20,[],0,0,buy,A+,,7.0,13.0,9.9,buy,2029-10-23,3.386,1.779,812.1,4908.17,3.47,-2.58,,0,15:34:06,00,Y,N,0,0,N,2026-06-05 起暂停转股：权益分派,2024-04-29 开始转股;2026-06-05 起暂停转股：权益分派,计算使用3.4年期 评级为A+ 债参考YTM：4.7725,N,5.0,全价：131.165 最后更新：15:34:06,,,,0,{'M': ''},0,0,N,,,buy,buy
2026-06-05 10:57:49,123175,百畅转债,bczz,115.7,-0.52,300614,百川畅银,bccy,11.68,4.1,2.12,20.4,57.26,0,102.08,217.78,760103,环保,szcy,C,2023-03-17,[],0,0,buy,A,,14.28,26.52,22.4,buy,2029-02-22,2.721,4.199,3140.1,4178.6,6.43,0.19,,0,15:34:21,00,Y,N,2,2,Y,转股价下修2次，成功下修2次,2023-08-28 开始转股,计算使用2.8年期 评级为A 债参考YTM：6.9644,N,4.2,全价：115.700 最后更新：15:34:21,,,,0,{'M': ''},0,0,N,,,buy,buy
2026-06-05 10:57:49,127056,中特转债,ztzz,126.106,1.05,000708,中信特钢,zxtg,13.57,-0.66,1.52,21.78,62.31,0,102.4,228.51,230501,钢铁,szmb,C,2022-04-15,[],0,0,buy,AAA,,15.246,28.314,7.3,buy,2028-02-25,1.726,49.996,6649.95,14653.96,1.06,-8.87,,0,15:34:09,00,Y,N,0,0,Y,,2022-09-05 开始转股,计算使用1.8年期 评级为AAA 债参考YTM：1.4965,N,50.0,全价：126.106 最后更新：15:34:09,,,,1,{'M': ''},0,0,N,,,buy,buy
2026-06-05 10:57:49,123264,双乐转债,slzz,133.5,0.59,301036,双乐股份,slgf,23.9,2.93,1.4,36.4,65.66,31,103.32,236.82,220305,基础化工,szcy,C,2026-01-16,[],0,0,buy,AA-,,25.48,47.32,48.0,buy,2031-12-25,5.559,8.0,2169.39,3798.95,2.04,-2.88,,0,15:34:24,00,Y,N,0,0,Y,,未到转股期；2026-07-06 开始转股,计算使用5.6年期 评级为AA- 债参考YTM：3.0258,N,8.0,全价：133.500 最后更新：15:34:24,,,,0,{'M': ''},0,0,N,,,buy,buy
2026-06-05 10:57:49,113693,志邦转债,zbzz,123.803,0.25,603801,志邦家居,zbjj,7.01,0.86,0.95,11.52,60.85,0,103.45,227.25,360308,轻工制造,shmb,C,2025-04-08,[],0,0,buy,AA,,8.064,14.976,22.0,buy,2031-03-18,4.786,6.7,2518.8,2315.74,3.04,-1.68,,0,14:59:09,00,Y,N,0,0,Y,,2025-09-24 开始转股,计算使用4.8年期 评级为AA 债参考YTM：1.9406,N,6.7,全价：123.803 最后更新：14:59:09,,,,0,[],0,0,N,,,buy,buy
2026-06-05 10:57:49,127044,蒙娜转债,mnzz,126.82,-0.29,002918,蒙娜丽莎,mnls,12.3,-0.97,1.53,19.84,62.0,0,104.56,231.38,360306,轻工制造,szmb,C,2021-09-16,[],0,0,buy,AA-,,13.888,25.792,12.8,buy,2027-08-16,1.197,3.368,6454.52,20854.76,15.09,-8.76,,0,15:34:48,00,Y,N,1,1,Y,转股价下修1次，成功下修1次,2022-02-21 开始转股,计算使用1.2年期 评级为AA- 债参考YTM：1.8196,N,11.689,全价：126.820 最后更新：15:34:48,,,,0,[],0,0,N,,,buy,buy
2026-06-05 10:57:49,113648,巨星转债,jxzz,119.594,-0.08,603477,巨星农牧,jxnm,14.52,-2.88,2.76,24.86,58.41,0,104.76,224.35,110702,农林牧渔,shmb,C,2022-05-17,[],0,0,buy,AA-,,17.402,32.318,12.1,buy,2028-04-25,1.89,8.997,3027.93,15630.54,2.81,-3.34,,0,14:59:35,00,Y,N,0,0,Y,,2022-10-31 开始转股,计算使用1.9年期 评级为AA- 债参考YTM：1.9624,N,10.0,全价：119.594 最后更新：14:59:35,,,,1,{'M': ''},0,0,N,,,buy,buy
2026-06-05 10:57:49,127060,湘佳转债,xjzz,119.384,-0.59,002982,湘佳股份,xjgf,12.25,-2.62,1.43,21.03,58.25,0,104.95,224.33,110703,农林牧渔,szmb,C,2022-06-10,[],0,0,buy,A+,,14.721,27.339,40.2,buy,2028-04-19,1.874,6.399,1941.54,8896.22,2.54,-3.56,,0,15:34:39,00,Y,N,0,0,Y,,2022-10-25 开始转股,计算使用1.9年期 评级为A+ 债参考YTM：4.3020,N,6.4,全价：119.384 最后更新：15:34:39,,,,1,[],0,0,N,,,buy,buy
2026-06-05 10:57:49,128119,龙大转债,ldzz,81.636,-2.35,002726,ST龙大,ldms,1.67,-1.18,2.99,4.2,39.76,0,105.31,186.95,340401,食品饮料,szmb,C,2020-08-07,[],0,0,buy,B,,2.94,5.46,52.5,buy,2026-07-13,0.104,9.459,10516.53,5900.22,13.46,392.6,,0,15:34:09,00,Y,N,2,1,Y,转股价下修2次，成功下修1次,2021-01-18 开始转股,计算使用0.2年期 评级为B 债参考YTM：32.6994,N,9.5,全价：81.636 最后更新：15:34:09,,,,1,[],0,0,N,,,buy,buy
2026-06-05 10:57:49,118020,芳源转债,fyzz,120.255,-0.13,688148,芳源股份,fygf,8.17,2.12,7.6,14.0,58.36,0,106.07,226.33,630702,电力设备,shkc,C,2022-11-07,[],0,0,buy,BBB,,9.8,18.2,15.4,buy,2028-09-23,2.304,6.417,1847.6,16028.25,2.39,2.11,,0,14:58:51,00,Y,N,1,1,Y,转股价下修1次，成功下修1次,2023-03-29 开始转股,计算使用2.4年期 评级为BBB 债参考YTM：15.4090,N,6.42,全价：120.255 最后更新：14:58:51,,,,0,{'M': ''},0,0,N,,,buy,buy
2026-06-05 10:57:49,113682,益丰转债,yfzz,128.895,-0.16,603939,益丰药房,yfyf,19.9,1.02,1.99,31.84,62.5,0,106.23,235.13,370403,医药生物,shmb,C,2024-03-27,[],0,0,buy,AA,,22.288,41.392,7.4,buy,2030-03-04,3.748,17.968,6043.76,23355.29,2.61,-3.21,,0,14:59:17,00,Y,N,0,0,Y,,2024-09-09 开始转股,计算使用3.8年期 评级为AA 债参考YTM：1.8813,N,17.97,全价：128.895 最后更新：14:59:17,,,,0,{'M': ''},0,0,N,,,buy,buy
2026-06-05 10:57:49,113700,海天转债,htzz,132.652,0.25,603759,海天股份,htgf,7.88,-0.76,1.24,12.52,62.94,67,110.76,243.41,760102,环保,shmb,C,2026-03-12,[],0,0,buy,AA,,8.764,16.276,22.0,buy,2032-02-04,5.671,8.01,2020.08,2274.67,1.9,-2.74,,0,14:59:52,00,Y,N,0,0,Y,,未到转股期；2026-08-11 开始转股,计算使用5.7年期 评级为AA 债参考YTM：2.0762,N,8.01,全价：132.652 最后更新：14:59:52,,,,0,[],0,0,N,,,buy,buy
2026-06-05 10:57:49,123113,仙乐转债,xlzz,114.83,-0.41,300791,仙乐健康,xljk,16.93,-0.94,1.77,31.66,53.47,0,114.74,229.57,340407,食品饮料,szcy,C,2021-05-14,[],0,0,buy,AA-,,22.162,41.158,23.5,buy,2027-04-19,0.871,10.248,2250.29,3999.47,1.9,-1.83,,0,15:34:18,00,Y,N,0,0,Y,,2021-10-25 开始转股,计算使用0.9年期 评级为AA- 债参考YTM：1.7580,N,10.249,全价：114.830 最后更新：15:34:18,,,,1,[],0,0,N,,,buy,buy
2026-06-05 10:57:49,113666,爱玛转债,amzz,125.7,1.0,603529,爱玛科技,amkj,21.56,4.0,1.83,36.95,58.35,0,115.43,241.13,280401,汽车,shmb,C,2023-03-20,[],0,0,buy,AA,,25.865,48.035,10.9,buy,2029-02-23,2.723,19.994,4446.82,20472.34,1.77,-3.8,,0,14:59:25,00,Y,N,0,0,Y,,2023-09-01 开始转股,计算使用2.8年期 评级为AA 债参考YTM：1.7606,N,20.0,全价：125.700 最后更新：14:59:25,,,,0,{'M': ''},0,0,N,,,buy,buy
2026-06-05 10:57:49,127085,韵达转债,ydzz,124.144,0.52,002120,韵达股份,ydgf,6.74,1.05,0.9,11.73,57.46,0,116.05,240.19,420804,交通运输,szmb,C,2023-05-23,[],0,0,buy,AA+,,8.211,15.249,12.9,buy,2029-04-11,2.852,24.499,3302.84,19431.07,1.09,-3.82,,0,15:33:54,00,Y,N,0,0,Y,,2023-10-17 开始转股,计算使用2.9年期 评级为AA+ 债参考YTM：1.6519,N,24.5,全价：124.144 最后更新：15:33:54,,,,0,{'M': ''},0,0,N,,,buy,buy
2026-06-05 10:57:49,127068,顺博转债,sbzz,126.39,0.93,002996,顺博合金,sbhj,6.51,-0.31,1.27,11.16,58.33,0,116.67,243.06,240301,有色金属,szmb,C,2022-09-07,[],0,0,buy,AA-,,7.812,14.508,27.8,buy,2028-08-12,2.189,8.3,1657.08,5451.12,1.59,-5.65,,0,15:33:57,00,Y,N,1,1,Y,转股价下修1次，成功下修1次,2023-02-20 开始转股,计算使用2.2年期 评级为AA- 债参考YTM：2.0356,N,8.3,全价：126.390 最后更新：15:33:57,,,,0,[],0,0,N,,,buy,buy
2026-06-05 10:57:49,113701,祥和转债,xhzz,196.875,12.51,603500,祥和实业,xhsy,12.23,9.98,3.69,13.59,89.99,96,118.77,315.65,640501,机械设备,shmb,C,2026-03-26,[],0,0,buy,A+,,9.513,17.667,9.8,buy,2032-03-02,5.745,4.0,388712.08,6581.26,482.64,-8.51,,0,15:00:00,00,Y,N,0,0,Y,,未到转股期；2026-09-09 开始转股,计算使用5.8年期 评级为A+ 债参考YTM：5.5853,N,4.0,全价：196.875 最后更新：15:00:00,,,,0,[],0,0,N,,,buy,buy
2026-06-05 10:57:49,127062,垒知转债,lzzz,127.07,0.76,002398,垒知集团,lzjt,4.4,0.92,0.83,7.59,57.97,0,119.2,246.27,610303,建筑材料,szmb,C,2022-05-20,[],0,0,buy,AA-,,5.313,9.867,14.8,buy,2028-04-21,1.88,3.958,1890.21,6236.86,3.76,-4.34,,0,15:34:24,00,Y,N,0,0,Y,,2022-10-27 开始转股,计算使用1.9年期 评级为AA- 债参考YTM：1.9624,N,3.963,全价：127.070 最后更新：15:34:24,,,,0,[],0,0,Y,,,buy,buy
2026-06-05 10:57:49,123157,科蓝转债,klzz,127.776,0.6,300663,科蓝软件,klrj,7.67,1.59,9.77,13.2,58.11,0,119.9,247.68,710401,计算机,szcy,C,2022-09-20,[],0,0,buy,A,,9.24,17.16,6.6,buy,2028-08-30,2.238,2.34,1377.56,17707.53,4.61,-3.27,,0,15:34:12,00,Y,N,2,1,Y,转股价下修2次，成功下修1次,2023-03-06 开始转股,计算使用2.3年期 评级为A 债参考YTM：6.7601,Y,4.946,全价：127.776 最后更新：15:34:12,,,"按下调到底估算
股东大会：2026-06-12
预估转股价：8.74
预估转股价值：87.76
期权价值：19.49
理论价值：122.44
理论偏离度：4.18%",0,{'M': ''},0,0,N,,,buy,buy
2026-06-05 10:57:49,113650,博22转债,b22zz,129.407,0.56,603916,苏博特,sbt,13.38,-2.19,1.31,23.03,58.1,0,122.74,252.15,220309,基础化工,shmb,C,2022-07-28,[],0,0,buy,AA-,,16.121,29.939,14.2,buy,2028-07-01,2.074,7.996,4104.97,18640.91,3.97,-4.24,,0,14:59:57,00,Y,N,0,0,Y,,2023-01-09 开始转股,计算使用2.1年期 评级为AA- 债参考YTM：2.0062,N,8.0,全价：129.407 最后更新：14:59:57,,,,0,{'M': ''},0,0,N,,,buy,buy
2026-06-05 10:57:49,123180,浙矿转债,zkzz,133.002,-0.56,300837,浙矿股份,zkgf,28.1,0.57,1.93,47.59,59.05,0,125.25,258.25,640203,机械设备,szcy,C,2023-03-28,[],0,0,buy,AA-,,33.313,61.867,15.1,buy,2029-03-09,2.762,3.197,2093.48,5921.67,4.91,-4.16,,0,15:34:33,00,Y,N,0,0,Y,,2023-09-15 开始转股,计算使用2.8年期 评级为AA- 债参考YTM：2.2689,N,3.2,全价：133.002 最后更新：15:34:33,,,,0,[],0,0,N,,,buy,buy
2026-06-05 10:57:49,118022,锂科转债,lkzz,121.99,1.73,688779,五矿新能,wkxn,8.36,-0.59,2.2,15.53,53.83,0,126.62,248.61,630702,电力设备,shkc,C,2022-11-07,[],0,0,buy,AA,,10.871,20.189,20.1,buy,2028-10-11,2.353,32.497,7484.71,23302.43,1.9,-3.15,,0,14:59:39,00,Y,N,0,0,Y,,2023-04-17 开始转股,计算使用2.4年期 评级为AA 债参考YTM：1.6997,N,32.5,全价：121.990 最后更新：14:59:39,,,,0,{'M': ''},0,0,N,,,buy,buy
2026-06-05 10:57:49,123267,珂玛转债,kmzz,258.0,0.51,301611,珂玛科技,kmkj,108.01,0.02,25.73,97.47,110.81,139,132.82,390.82,270103,电子,szcy,C,2026-05-13,[],0,0,buy,AA,,68.229,126.711,4.7,buy,2032-04-15,5.866,7.5,168932.66,205987.76,85.28,-13.17,,0,15:34:51,00,Y,N,0,0,Y,,未到转股期；2026-10-22 开始转股,计算使用5.9年期 评级为AA 债参考YTM：2.1240,N,7.5,全价：258.000 最后更新：15:34:51,,,,0,{'M': ''},0,0,N,,,buy,buy
2026-06-05 10:57:49,111014,李子转债,lzzz,124.492,0.52,605337,李子园,lzy,9.48,0.64,2.18,18.37,51.61,0,141.24,265.73,340701,食品饮料,shmb,C,2023-07-13,[],0,0,buy,AA,,12.859,23.881,16.2,buy,2029-06-20,3.044,5.999,1549.02,2421.85,2.07,-2.26,,0,14:59:09,00,Y,N,0,0,Y,,2023-12-28 开始转股,计算使用3.1年期 评级为AA 债参考YTM：1.8048,N,6.0,全价：124.492 最后更新：14:59:09,,,,0,[],0,0,N,,,buy,buy
2026-06-05 10:57:49,113638,台21转债,t21zz,122.846,-0.01,603055,台华新材,thxc,8.12,0.5,1.32,16.01,50.72,0,142.21,265.06,350106,纺织服饰,shmb,C,2022-01-21,[],0,0,buy,AA,,11.207,20.813,8.3,buy,2027-12-29,1.567,5.997,3372.42,4026.52,4.56,-4.82,,0,14:59:50,00,Y,N,0,0,Y,,2022-07-05 开始转股,计算使用1.6年期 评级为AA 债参考YTM：1.5917,N,6.0,全价：122.846 最后更新：14:59:50,,,,0,{'M': ''},0,0,N,,,buy,buy
2026-06-05 10:57:49,113049,长汽转债,cqzz,110.837,-0.29,601633,长城汽车,ccqc,16.74,0.48,1.62,39.18,42.73,0,159.41,270.25,280502,汽车,shmb,C,2021-07-08,[],0,0,buy,AAA,,27.426,50.934,3.4,buy,2027-06-10,1.014,34.95,5685.06,36042.05,1.47,-2.11,,0,14:59:09,00,Y,N,0,0,Y,,2021-12-17 开始转股,计算使用1.1年期 评级为AAA 债参考YTM：1.4702,N,35.0,全价：110.837 最后更新：14:59:09,,,,1,{'M': ''},0,0,N,,,buy,buy
2026-06-05 10:57:49,123090,三诺转债,snzz,112.921,0.49,300298,三诺生物,snsw,14.96,0.81,2.7,34.46,43.41,0,160.11,273.03,370502,医药生物,szcy,C,2021-01-12,[],0,0,buy,AA,,24.122,44.798,7.4,buy,2026-12-21,0.545,4.984,2333.57,5585.78,4.14,-1.5,,0,15:34:15,00,Y,N,0,0,Y,,2021-06-25 开始转股,计算使用0.6年期 评级为AA 债参考YTM：1.4638,N,5.0,全价：112.921 最后更新：15:34:15,,,,0,{'M': ''},0,0,N,,,buy,buy
2026-06-05 10:57:49,123117,健帆转债,jfzz,117.802,0.44,300529,健帆生物,jfsw,17.22,-0.17,3.72,38.15,45.14,0,160.98,278.78,370503,医药生物,szcy,C,2021-07-12,[],0,0,buy,AA,,26.705,49.595,11.3,buy,2027-06-23,1.049,9.998,2372.08,9028.43,2.01,-4.95,,0,15:34:15,00,Y,N,2,2,Y,转股价下修2次，成功下修2次,2021-12-29 开始转股,计算使用1.1年期 评级为AA 债参考YTM：1.5251,N,10.0,全价：117.802 最后更新：15:34:15,,,,0,{'M': ''},0,0,N,,,buy,buy
2026-06-05 10:57:49,123250,嘉益转债,jyzz,125.719,0.06,301004,嘉益股份,jygf,38.04,6.44,2.99,79.66,47.75,0,163.27,288.99,360311,轻工制造,szcy,C,2024-11-26,[],0,0,buy,A+,,55.762,103.558,7.6,buy,2030-11-07,4.427,3.955,2855.35,6658.73,5.71,-1.31,,0,15:34:45,00,Y,N,0,0,Y,,2025-05-13 开始转股,计算使用4.5年期 评级为A+ 债参考YTM：4.8588,N,3.979,全价：125.719 最后更新：15:34:45,,,,0,{'M': ''},0,0,N,,,buy,buy
2026-06-05 10:57:49,113670,金23转债,j23zz,125.254,0.66,603180,金牌家居,jpjj,16.18,0.56,0.91,37.64,42.99,0,191.38,316.63,360308,轻工制造,shmb,C,2023-05-16,[],0,0,buy,AA,,26.348,48.932,30.9,buy,2029-04-17,2.869,7.7,1458.01,2129.5,1.52,-2.0,,0,14:59:09,00,Y,N,0,0,Y,,2023-10-23 开始转股,计算使用2.9年期 评级为AA 债参考YTM：1.7757,N,7.7,全价：125.254 最后更新：14:59:09,,,,0,[],0,0,N,,,buy,buy
2026-06-05 10:57:49,113660,寿22转债,s22zz,126.568,1.32,603896,寿仙谷,sxg,16.0,1.27,1.39,36.84,43.43,0,191.42,317.99,370201,医药生物,shmb,C,2022-12-12,[],0,0,buy,AA-,,25.788,47.892,12.5,buy,2028-11-17,2.455,3.977,1377.06,4730.5,2.75,-3.73,,0,14:59:24,00,Y,N,0,0,Y,,2023-05-23 开始转股,计算使用2.5年期 评级为AA- 债参考YTM：2.1469,N,3.98,全价：126.568 最后更新：14:59:24,,,,0,[],0,0,N,,,buy,buy
2026-06-05 10:57:49,123151,康医转债,kyzz,118.93,-0.14,300869,康泰医学,ktyx,11.23,0.36,2.62,27.55,40.76,0,191.77,310.7,370502,医药生物,szcy,C,2022-07-20,[],0,0,buy,A+,,19.285,35.815,23.6,buy,2028-07-01,2.074,6.998,1469.93,3388.81,1.76,0.15,,0,15:34:24,00,Y,N,0,0,Y,,2023-01-09 开始转股,计算使用2.1年期 评级为A+ 债参考YTM：4.3463,N,7.0,全价：118.930 最后更新：15:34:24,,,,0,{'M': ''},0,0,N,,,buy,buy
2026-06-05 10:57:49,110085,通22转债,t22zz,117.799,-0.01,600438,通威股份,twgf,13.6,-2.09,1.68,34.6,39.31,0,199.69,317.49,630501,电力设备,shmb,C,2022-03-18,[],0,0,buy,AAA,,24.22,44.98,19.6,buy,2028-02-24,1.723,119.831,8515.5,62921.18,0.6,-3.53,,0,14:59:09,00,Y,N,0,0,Y,,2022-09-02 开始转股,计算使用1.8年期 评级为AAA 债参考YTM：1.4965,N,120.0,全价：117.799 最后更新：14:59:09,,,,0,{'M': ''},0,0,N,,,buy,buy
2026-06-05 10:57:49,128135,洽洽转债,qqzz,114.4,0.04,002557,洽洽食品,qqsp,21.26,0.47,1.94,55.93,38.01,0,200.96,315.36,340801,食品饮料,szmb,C,2020-11-18,[],0,0,buy,AA,,39.151,72.709,12.5,buy,2026-10-20,0.375,13.398,2396.03,12093.29,1.56,1.41,,0,15:34:15,00,Y,N,0,0,N,2026-06-02 至 2026-06-12 期间暂停转股：权益分派,2021-04-26 开始转股;2026-06-02 至 2026-06-12 期间暂停转股：权益分派,计算使用0.4年期 评级为AA 债参考YTM：1.4605,N,13.4,全价：114.400 最后更新：15:34:15,,,,1,{'M': ''},0,0,N,,,buy,buy
2026-06-05 10:57:49,118032,建龙转债,jlzz,125.714,0.59,688357,建龙微纳,jlwn,28.72,-0.24,1.54,71.71,40.05,0,213.89,339.6,220309,基础化工,shkc,C,2023-04-07,[],0,0,buy,AA-,,50.197,93.223,24.4,buy,2029-03-08,2.759,6.999,1573.94,2857.55,1.79,-2.15,,0,14:59:02,00,Y,N,0,0,Y,,2023-09-14 开始转股,计算使用2.8年期 评级为AA- 债参考YTM：2.2689,N,7.0,全价：125.714 最后更新：14:59:02,,,,0,{'M': ''},0,0,N,,,buy,buy
2026-06-05 10:57:49,118005,天奈转债,tnzz,125.302,0.64,688116,天奈科技,tnkj,39.28,2.72,3.74,99.09,39.64,0,216.09,341.39,630702,电力设备,shkc,C,2022-03-01,[],0,0,buy,AA-,,69.363,128.817,5.8,buy,2028-01-27,1.647,8.299,2114.92,54955.65,2.03,-6.76,,0,14:58:43,00,Y,N,0,0,Y,,2022-08-09 开始转股,计算使用1.7年期 评级为AA- 债参考YTM：1.9214,N,8.3,全价：125.302 最后更新：14:58:43,,,,0,{'M': ''},0,0,N,,,buy,buy
2026-06-05 10:57:49,127025,冀东转债,jdzz,105.36,0.0,000401,金隅冀东,jyjd,3.95,0.51,0.4,12.91,30.6,0,244.35,349.71,610101,建筑材料,szmb,C,2020-12-02,[],0,0,buy,AAA,,9.037,16.783,17.1,buy,2026-11-05,0.419,17.764,4796.88,2322.12,2.56,1.46,,0,15:34:45,00,Y,Y,0,0,Y,,2021-05-11 开始转股,计算使用0.5年期 评级为AAA 债参考YTM：1.4209,N,28.2,全价：105.360 最后更新：15:34:45,,,,0,{'M': ''},0,0,N,,,buy,buy
2026-06-05 10:57:49,113633,科沃转债,kwzz,121.436,-0.08,603486,科沃斯,kws,58.92,3.88,3.63,173.8,33.9,0,258.21,379.65,330302,家用电器,shmb,C,2021-12-29,[],0,0,buy,AA,,121.66,225.94,3.1,buy,2027-11-30,1.488,10.396,2225.87,52570.67,1.76,-5.47,,0,14:59:09,00,Y,N,0,0,Y,,2022-06-06 开始转股,计算使用1.5年期 评级为AA 债参考YTM：1.5791,N,10.4,全价：121.436 最后更新：14:59:09,,,,0,{'M': ''},0,0,N,,,buy,buy
2026-06-05 10:57:49,123072,乐歌转债,lgzz,122.57,0.39,300729,乐歌股份,lggf,10.88,1.97,1.01,32.61,33.36,0,267.37,389.94,360311,轻工制造,szcy,C,2020-11-10,[],0,0,buy,A+,,22.827,42.393,4.0,buy,2026-10-21,0.378,1.418,1253.8,4497.75,7.22,-5.59,,0,15:34:03,00,Y,N,0,0,Y,,2021-04-27 开始转股,计算使用0.4年期 评级为A+ 债参考YTM：4.0256,N,1.42,全价：122.570 最后更新：15:34:03,,,,0,[],0,0,N,,,buy,buy
2026-06-05 10:57:49,128124,科华转债,khzz,105.65,0.04,002022,科华生物,khsw,5.27,1.15,1.05,20.64,25.53,0,313.78,419.43,370504,医药生物,szmb,C,2020-08-20,[],0,0,buy,A+,,14.448,26.832,8.3,buy,2026-07-28,0.145,2.245,1890.02,2738.45,7.97,2.33,,0,15:34:12,00,Y,N,0,0,Y,,2021-02-03 开始转股,计算使用0.2年期 评级为A+ 债参考YTM：4.0100,N,7.38,全价：105.650 最后更新：15:34:12,,,,0,[],0,0,N,,,buy,buy
2026-06-05 10:57:49,118010,洁特转债,jtzz,123.367,0.59,688026,洁特生物,jtsw,13.41,1.98,1.58,47.95,27.97,0,341.12,464.49,370503,医药生物,shkc,C,2022-08-02,[],0,0,buy,A+,,33.565,62.335,23.4,buy,2028-06-28,2.066,4.399,936.33,1900.3,1.72,-4.12,,0,14:59:00,00,Y,N,0,0,Y,,2023-01-04 开始转股,计算使用2.1年期 评级为A+ 债参考YTM：4.3463,N,4.4,全价：123.367 最后更新：14:59:00,,,,0,{'M': ''},0,0,N,,,buy,buy
2026-06-05 10:57:49,123179,立高转债,lgzz,122.643,0.91,300973,立高食品,lgsp,26.18,1.2,1.62,95.13,27.52,0,345.65,468.29,340802,食品饮料,szcy,C,2023-03-27,[],0,0,buy,AA-,,66.591,123.669,30.6,buy,2029-03-07,2.756,9.499,2337.54,6158.36,2.01,-1.17,,0,15:34:39,00,Y,N,0,0,Y,,2023-09-13 开始转股,计算使用2.8年期 评级为AA- 债参考YTM：2.2689,N,9.5,全价：122.643 最后更新：15:34:39,,,,0,{'M': ''},0,0,N,,,buy,buy
2026-06-05 10:57:49,113059,福莱转债,flzz,121.818,0.76,601865,福莱特,flt,11.13,-0.8,1.16,41.71,26.68,0,356.52,478.34,630504,电力设备,shmb,C,2022-06-13,[],0,0,buy,AA,,29.197,54.223,18.9,buy,2028-05-20,1.959,39.999,4054.85,18805.22,0.84,-3.45,,0,14:59:09,00,Y,N,1,0,Y,转股价下修1次，成功下修0次,2022-11-28 开始转股,计算使用2.0年期 评级为AA 债参考YTM：1.6427,N,40.0,全价：121.818 最后更新：14:59:09,,,,1,{'M': ''},0,0,N,,,buy,buy
2026-06-05 10:57:49,123154,火星转债,hxzz,123.598,0.59,300894,火星人,hxr,8.91,2.18,3.44,33.03,26.98,0,358.19,481.79,330401,家用电器,szcy,C,2022-08-23,[],0,0,buy,AA-,,23.121,42.939,20.2,buy,2028-08-05,2.17,5.289,1000.05,3777.5,1.53,-1.96,,0,15:34:27,00,Y,N,0,0,Y,,2023-02-13 开始转股,计算使用2.2年期 评级为AA- 债参考YTM：2.0356,N,5.29,全价：123.598 最后更新：15:34:27,,,,0,{'M': ''},0,0,N,,,buy,buy
