抓取时间,bond_id,bond_nm,bond_py,price,increase_rt,stock_id,stock_nm,stock_py,sprice,sincrease_rt,pb,convert_price,convert_value,convert_begin,premium_rt,dblow,sw_cd,sw_name,market_cd,btype,list_dt,t_flag,owned,hold,bond_value,rating_cd,option_value,put_convert_price,force_redeem_price,convert_amt_ratio,fund_rt,maturity_dt,year_left,curr_iss_amt,volume,svolume,turnover_rt,ytm_rt,put_ytm_rt,noted,last_time,qstatus,sqflag,pb_flag,adj_cnt,adj_scnt,convert_price_valid,convert_price_tips,convert_cd_tip,ref_yield_info,adjusted,orig_iss_amt,price_tips,redeem_dt,real_force_redeem_price,option_tip,after_next_put_dt,icons,is_min_price,blocked,putting,force_redeem_price_tip,notes,volatility_rate,debt_rate
2026-06-08 12:14:18,128137,洁美转债,jmzz,302.0,-9.16,002859,洁美科技,jmkj,80.3,-7.23,10.89,26.34,304.86,0,-0.94,301.06,270401,电子,szmb,C,2020-12-01,[],0,0,buy,AA-,,18.438,34.242,1.0,buy,2026-11-04,,3.398,256334.0,294411.36,241.3,,,0,15:34:30,00,Y,N,0,0,Y,,2021-05-10 开始转股,强赎登记日2026-06-16，赎回价格101.2660元，如不考虑强赎纯债价值为111.22元，计算使用0.5年期 评级为AA- 债参考YTM：1.7164,N,6.0,全价：302.000 最后更新：15:34:30,2026-06-16,101.2660,如不考虑强赎期权价值为205.57元,1,"{'R': '最后交易日 2026年6月16日\r\n最后转股日 2026年6月22日\r\n赎回价 101.266元/张', 'M': ''}",0,0,N,,,buy,buy
2026-06-08 12:14:18,118057,甬矽转债,yxzz,184.128,-8.76,688362,甬矽电子,yxdz,52.58,-8.72,8.17,28.36,185.4,0,-0.69,183.44,270107,电子,shkc,C,2025-07-16,[],0,0,buy,A+,,19.852,36.868,1.3,buy,2031-06-26,,2.979,110166.8,154906.07,196.68,,,0,15:00:00,00,Y,N,0,0,Y,,2026-01-05 开始转股,强赎登记日2026-06-10，赎回价格100.1945元，如不考虑强赎纯债价值为92.90元，计算使用5.1年期 评级为A+ 债参考YTM：4.9237,N,11.65,全价：184.128 最后更新：15:00:00,2026-06-10,100.1945,如不考虑强赎期权价值为127.18元,0,"{'R': '最后交易日 2026年6月10日\r\n最后转股日 2026年6月15日\r\n赎回价 100.1945元/张', 'M': ''}",0,0,N,,,buy,buy
2026-06-08 12:14:18,127066,科利转债,klzz,124.6,6.31,002850,科达利,kdl,183.18,6.41,3.67,146.2,125.29,0,-0.55,124.05,630701,电力设备,szmb,C,2022-08-03,[],0,0,buy,AA,,102.34,190.06,2.2,buy,2028-07-08,,8.131,177978.41,210306.08,176.25,,,0,15:34:09,00,Y,N,0,0,Y,,2023-01-16 开始转股,强赎登记日2026-06-09，赎回价格101.4050元，如不考虑强赎纯债价值为109.58元，计算使用2.1年期 评级为AA 债参考YTM：1.6498,N,15.344,全价：124.600 最后更新：15:34:09,2026-06-09,101.4050,如不考虑强赎期权价值为46.33元,0,"{'R': '最后交易日 2026年6月9日\r\n最后转股日 2026年6月12日\r\n赎回价 101.405元/张', 'M': ''}",0,0,N,,,buy,buy
2026-06-08 12:14:18,113644,艾迪转债,adzz,125.791,1.45,603638,艾迪精密,adjm,23.57,1.77,5.14,18.65,126.38,0,-0.47,125.32,640602,机械设备,shmb,C,2022-05-12,[],0,0,buy,AA-,,13.055,24.245,2.7,buy,2028-04-15,1.855,5.39,71596.87,55561.93,105.46,-3.87,,0,14:59:59,00,Y,N,1,1,N,"转股价下修1次，成功下修1次
2026-06-08 起暂停转股：权益分派
转股价18.650生效日期2025-12-08",2022-11-18 开始转股;2026-06-08 起暂停转股：权益分派,已公告要强赎，如不考虑强赎纯债价值为112.91元，计算使用1.9年期 评级为AA- 债参考YTM：1.9573,N,10.0,全价：125.791 最后更新：14:59:59,,,如不考虑强赎期权价值为37.40元,1,"{'O': '', 'M': ''}",0,0,N,,,buy,buy
2026-06-08 12:14:18,127026,超声转债,cszz,141.524,-3.2,000823,超声电子,csdz,17.09,-2.95,1.96,12.02,142.18,0,-0.46,141.06,270202,电子,szmb,C,2021-01-14,[],0,0,buy,AA,,8.414,15.626,1.2,buy,2026-12-08,,1.224,43549.35,115106.74,249.66,,,0,15:34:27,00,Y,N,0,0,Y,,2021-06-15 开始转股,强赎登记日2026-06-09，赎回价格101.0400元，如不考虑强赎纯债价值为107.21元，计算使用0.6年期 评级为AA 债参考YTM：1.4691,N,7.0,全价：141.524 最后更新：15:34:27,2026-06-09,101.0400,如不考虑强赎期权价值为46.34元,1,"{'R': '最后交易日 2026年6月9日\r\n最后转股日 2026年6月12日\r\n赎回价 101.04元/张', 'M': ''}",0,0,N,,,buy,buy
2026-06-08 12:14:18,118018,瑞科转债,rkzz,148.789,4.92,688323,瑞华泰,rht,31.36,5.55,6.73,21.0,149.33,0,-0.36,148.43,220505,基础化工,shkc,C,2022-09-14,[],0,0,buy,A,,14.7,27.3,4.2,buy,2028-08-18,2.197,2.462,245666.09,54448.67,680.45,-11.87,,0,15:00:00,00,Y,N,1,1,Y,转股价下修1次，成功下修1次,2023-02-24 开始转股,已公告要强赎，如不考虑强赎纯债价值为98.52元，计算使用2.2年期 评级为A 债参考YTM：6.7173,N,4.3,全价：148.789 最后更新：15:00:00,,,如不考虑强赎期权价值为84.71元,0,"{'O': '', 'M': ''}",0,0,N,,,buy,buy
2026-06-08 12:14:18,111023,利柏转债,lbzz,117.224,-1.9,605167,利柏特,lbt,14.28,-2.33,3.17,12.14,117.63,0,-0.34,116.88,620402,建筑装饰,shmb,C,2025-07-22,[],0,0,buy,AA,,8.498,15.782,9.3,buy,2031-07-03,5.071,6.132,18329.02,7609.7,25.54,-0.56,,0,14:59:58,00,Y,N,0,0,N,2026-06-03 至 2026-06-09 期间暂停转股：权益分派,2026-01-09 开始转股;2026-06-03 至 2026-06-09 期间暂停转股：权益分派,已公告要强赎，如不考虑强赎纯债价值为103.48元，计算使用5.1年期 评级为AA 债参考YTM：1.9554,N,7.5,全价：117.224 最后更新：14:59:58,,,如不考虑强赎期权价值为58.45元,0,{'O': ''},1,0,N,,,buy,buy
2026-06-08 12:14:18,110074,精达转债,jdzz,351.776,-5.22,600577,精达股份,jdgf,11.49,-5.2,3.94,3.26,352.45,0,-0.19,351.59,630805,电力设备,shmb,C,2020-09-21,[],0,0,buy,AA,,2.282,4.238,1.0,buy,2026-08-19,0.197,2.365,35199.83,81925.74,41.52,-350.45,,0,14:59:59,00,Y,N,0,0,Y,,2021-02-25 开始转股,计算使用0.2年期 评级为AA 债参考YTM：1.4646,N,7.87,全价：351.776 最后更新：14:59:59,,,,1,"{'G': '本次（2025年12月19日至2026年1月12日）不提前赎回，以2026年6月13日为首个交易日重新计算', 'M': ''}",0,0,N,,,buy,buy
2026-06-08 12:14:18,111010,立昂转债,lazz,192.375,-3.19,605358,立昂微,law,64.7,-3.1,6.03,33.59,192.62,0,-0.13,192.25,270103,电子,shmb,C,2022-12-07,[],0,0,buy,AA,,23.513,43.667,2.3,buy,2028-11-14,,10.658,320698.34,543983.1,151.63,,,0,15:00:00,00,Y,N,1,1,Y,转股价下修1次，成功下修1次,2023-05-18 开始转股,强赎登记日2026-06-12，赎回价格100.8877元，如不考虑强赎纯债价值为110.74元，计算使用2.5年期 评级为AA 债参考YTM：1.7008,N,33.9,全价：192.375 最后更新：15:00:00,2026-06-12,100.8877,如不考虑强赎期权价值为109.57元,0,"{'R': '最后交易日 2026年6月12日\r\n最后转股日 2026年6月17日\r\n赎回价 100.8877元/张', 'M': ''}",0,0,N,,,buy,buy
2026-06-08 12:14:18,127090,兴瑞转债,xrzz,133.623,-2.32,002937,兴瑞科技,xrkj,33.83,-2.39,6.55,25.3,133.72,0,-0.07,133.55,280206,汽车,szmb,C,2023-08-15,[],0,0,buy,AA-,,17.71,32.89,1.6,buy,2029-07-24,,1.651,25573.1,28692.7,114.5,,,0,15:34:03,00,Y,N,0,0,Y,,2024-01-29 开始转股,强赎登记日2026-06-10，赎回价格100.7170元，如不考虑强赎纯债价值为110.13元，计算使用3.2年期 评级为AA- 债参考YTM：2.3642,N,4.62,全价：133.623 最后更新：15:34:03,2026-06-10,100.7170,如不考虑强赎期权价值为53.91元,0,"{'R': '最后交易日 2026年6月10日\r\n最后转股日 2026年6月15日\r\n赎回价 100.717元/张', 'M': ''}",0,0,N,,,buy,buy
2026-06-08 12:14:18,123198,金埔转债,jpzz,108.049,-4.13,301098,金埔园林,jpyl,8.16,-4.0,1.61,7.55,108.08,0,-0.03,108.02,620307,建筑装饰,szcy,C,2023-07-07,[],0,0,buy,A,,5.285,9.815,8.5,buy,2029-06-08,,1.227,9094.09,9175.6,67.43,,,0,15:34:00,00,Y,N,1,1,Y,转股价下修1次，成功下修1次,2023-12-14 开始转股,强赎登记日2026-06-16，赎回价格100.0620元，如不考虑强赎纯债价值为97.33元，计算使用3.0年期 评级为A 债参考YTM：7.0147,N,5.2,全价：108.049 最后更新：15:34:00,2026-06-16,100.0620,如不考虑强赎期权价值为30.50元,0,"{'R': '最后交易日 2026年6月16日\r\n最后转股日 2026年6月22日\r\n赎回价 100.062元/张', 'M': ''}",0,0,N,,,buy,buy
2026-06-08 12:14:18,123207,冠中转债,gzzz,280.71,-5.23,300948,冠中生态,gzst,29.16,-4.99,4.91,10.44,279.31,0,0.5,281.21,620307,建筑装饰,szcy,C,2023-08-09,[],0,0,buy,A-,,7.308,13.572,3.2,buy,2029-07-21,3.121,1.457,121419.62,35980.8,287.2,-24.22,,0,15:34:03,00,Y,N,1,1,Y,转股价下修1次，成功下修1次,2024-01-29 开始转股,计算使用3.2年期 评级为A- 债参考YTM：9.4180,N,4.0,全价：280.710 最后更新：15:34:03,,,,0,{'M': ''},0,0,N,,,buy,buy
2026-06-08 12:14:18,123061,航新转债,hxzz,129.155,-3.74,300424,航新科技,hxkj,19.0,-4.67,6.34,14.82,128.21,0,0.74,129.9,650201,国防军工,szcy,C,2020-08-18,[],0,0,buy,BBB,,10.374,19.266,2.4,buy,2026-07-22,,1.154,42899.66,36326.59,279.78,,,0,15:34:42,00,Y,N,0,0,Y,,2021-01-28 开始转股,强赎登记日2026-07-02，赎回价格102.8850元，如不考虑强赎纯债价值为116.07元，计算使用0.2年期 评级为BBB 债参考YTM：14.7026,N,2.5,全价：129.155 最后更新：15:34:42,2026-07-02,102.8850,如不考虑强赎期权价值为28.82元,1,{'R': '最后交易日 2026年7月2日\r\n最后转股日 2026年7月7日\r\n赎回价 102.885元/张'},0,0,N,,,buy,buy
2026-06-08 12:14:18,113056,重银转债,cyzz,129.931,0.31,601963,重庆银行,cqyh,12.19,1.5,0.67,9.5,128.32,0,1.26,131.19,480401,银行,shmb,C,2022-04-14,[],0,0,buy,AAA,,,12.35,46.6,buy,2028-03-23,1.792,115.631,43963.77,18829.95,2.92,-7.83,,0,14:59:54,00,Y,N,0,0,Y,,2022-09-30 开始转股,计算使用1.8年期 评级为AAA 债参考YTM：1.4994,N,130.0,全价：129.931 最后更新：14:59:54,,,,0,[],0,0,N,,,buy,buy
2026-06-08 12:14:18,127096,泰坦转债,ttzz,571.716,-9.4,003036,泰坦股份,ttgf,74.5,-9.53,10.72,13.2,564.39,0,1.3,573.02,640206,机械设备,szmb,C,2023-11-15,[],0,0,buy,A,,9.24,17.16,1.8,buy,2029-10-25,3.384,2.891,241596.82,124300.53,142.62,-37.38,,0,15:34:06,00,Y,N,0,0,Y,,2024-05-06 开始转股,计算使用3.4年期 评级为A 债参考YTM：7.0962,N,2.955,全价：571.716 最后更新：15:34:06,,,,0,{'G': '本次（2026年2月9日至2026年3月11日）不提前赎回，以2026年6月11日后首个交易日起重新计算'},0,0,N,,,buy,buy
2026-06-08 12:14:18,113667,春23转债,c23zz,282.08,-9.76,603890,春秋电子,cqdz,28.12,-9.99,3.72,10.15,277.04,0,1.82,283.9,270504,电子,shmb,C,2023-04-11,[],0,0,buy,AA-,,7.105,13.195,4.5,buy,2029-03-17,2.775,5.697,161966.49,178736.12,98.63,-27.14,,0,15:00:00,00,Y,N,0,0,Y,,2023-09-25 开始转股,计算使用2.8年期 评级为AA- 债参考YTM：2.2447,N,5.7,全价：282.080 最后更新：15:00:00,,,,0,"{'G': '本次（2026年3月27日至2026年4月17日）不提前赎回，自2026年7月17日之后的首个交易日重新起算', 'M': ''}",0,0,N,,,buy,buy
2026-06-08 12:14:18,123188,水羊转债,syzz,174.05,0.32,300740,水羊股份,sygf,23.04,-0.04,3.97,13.54,170.16,0,2.28,176.33,770202,美容护理,szcy,C,2023-04-25,[],0,0,buy,A+,,9.478,17.602,7.7,buy,2029-04-04,2.825,6.422,35182.69,44031.72,30.98,-12.72,,0,15:34:18,00,Y,N,0,0,Y,,2023-10-11 开始转股,计算使用2.9年期 评级为A+ 债参考YTM：4.6286,N,6.95,全价：174.050 最后更新：15:34:18,,,,0,"{'G': '本次（2026年3月2日至2026年3月20日）不提前赎回，自2026年6月20日后首个交易日重新计算', 'M': ''}",0,0,N,,,buy,buy
2026-06-08 12:14:18,113704,春风转债,cfzz,100.0,0.0,603129,春风动力,cfdl,235.2,2.84,4.51,241.7,97.31,191,2.76,102.76,280402,汽车,shmb,C,,[],0,0,buy,AA+,,169.19,314.21,6.0,buy,2032-06-09,6.003,21.79,0.0,52914.33,0.0,1.98,,0,,00,Y,N,0,0,Y,,未到转股期；2026-12-16 开始转股,计算使用6.1年期 评级为AA+ 债参考YTM：1.8942,N,21.79,待上市,,,,0,{'M': ''},0,0,N,,,buy,buy
2026-06-08 12:14:18,127079,华亚转债,hyzz,224.0,-0.71,003043,华亚智能,hyzn,66.88,-2.99,4.83,30.73,217.64,0,2.92,226.92,270108,电子,szmb,C,2023-01-16,[],0,0,buy,A+,,21.511,39.949,5.5,buy,2028-12-16,2.526,3.106,37431.5,42390.29,53.77,-22.45,,0,15:33:57,00,Y,N,2,2,N,"转股价下修2次，成功下修2次
2026-06-01 至 2026-06-08 期间暂停转股：权益分派
转股价30.730生效日期2025-11-18",2023-06-26 开始转股;2026-06-01 至 2026-06-08 期间暂停转股：权益分派,计算使用2.6年期 评级为A+ 债参考YTM：4.5111,N,3.4,全价：224.000 最后更新：15:33:57,,,,0,[],0,0,N,,,buy,buy
2026-06-08 12:14:18,113632,鹤21转债,h21zz,141.128,-1.03,603733,仙鹤股份,xhgf,25.99,-0.76,2.05,18.99,136.86,0,3.12,144.25,360103,轻工制造,shmb,C,2021-12-09,[],0,0,buy,AA,,13.293,24.687,11.0,buy,2027-11-17,1.444,20.166,15304.46,29912.86,5.36,-14.01,,0,14:59:53,00,Y,N,2,2,Y,转股价下修2次，成功下修2次,2022-05-23 开始转股,计算使用1.5年期 评级为AA 债参考YTM：1.5751,N,20.5,全价：141.128 最后更新：14:59:53,,,,1,{'M': ''},0,0,N,,,buy,buy
2026-06-08 12:14:18,118025,奕瑞转债,yrzz,149.245,-3.34,688301,奕瑞科技,yrkj,165.28,-4.6,5.4,114.97,143.76,0,3.82,153.07,370502,医药生物,shkc,C,2022-11-18,[],0,0,buy,AA,,80.479,149.461,4.1,buy,2028-10-24,2.381,14.217,36703.71,122105.43,17.3,-11.11,,0,14:59:58,00,Y,N,1,1,N,"转股价下修1次，成功下修1次
2026-06-04 至 2026-06-11 期间暂停转股：权益分派
转股价114.970生效日期2025-12-22",2023-04-28 开始转股;2026-06-04 至 2026-06-11 期间暂停转股：权益分派,如不考虑强赎纯债价值为108.96元，计算使用2.4年期 评级为AA 债参考YTM：1.6880,N,14.35,全价：149.245 最后更新：14:59:58,,,,0,"{'B': '', 'M': ''}",0,0,N,,,buy,buy
2026-06-08 12:14:18,111001,山玻转债,sbzz,162.413,-3.27,605006,山东玻纤,sdbx,17.41,-5.33,4.22,11.18,155.73,0,4.3,166.71,610202,建筑材料,shmb,C,2021-12-06,[],0,0,buy,AA-,,7.826,14.534,2.6,buy,2027-11-08,1.419,2.825,117907.19,92892.47,254.06,-20.91,,0,14:59:59,00,Y,N,0,0,Y,,2022-05-12 开始转股,已公告要强赎，如不考虑强赎纯债价值为113.79元，计算使用1.5年期 评级为AA- 债参考YTM：1.8763,N,6.0,全价：162.413 最后更新：14:59:59,,,如不考虑强赎期权价值为71.49元,0,{'O': ''},0,0,N,,,buy,buy
2026-06-08 12:14:18,123245,集智转债,jzzz,371.102,-3.36,300553,集智股份,jzgf,64.07,-4.81,8.37,18.06,354.76,0,4.61,375.71,640107,机械设备,szcy,C,2024-08-28,[],0,0,buy,A,,12.642,23.478,2.8,buy,2030-08-14,4.186,1.538,46749.22,41805.91,80.68,-23.88,,0,15:34:39,00,Y,N,0,0,Y,,2025-02-20 开始转股,计算使用4.2年期 评级为A 债参考YTM：7.1614,N,2.546,全价：371.102 最后更新：15:34:39,,,,0,[],0,0,N,,,buy,buy
2026-06-08 12:14:18,118016,京源转债,jyzz,189.921,-2.21,688096,京源环保,jyhb,12.43,-3.49,3.47,6.91,179.88,0,5.58,195.5,760102,环保,shkc,C,2022-08-25,[],0,0,buy,A,,4.837,8.983,5.7,buy,2028-08-05,2.162,1.675,56835.01,19569.27,173.85,-19.69,,0,14:59:58,00,Y,N,0,0,Y,,2023-02-13 开始转股,计算使用2.2年期 评级为A 债参考YTM：6.7173,N,3.325,全价：189.921 最后更新：14:59:58,,,,0,"{'G': '本次（2026年5月11日至2026年5月29日）不提前赎回，以2026年8月30日（若为非交易日则顺延）为首个交易日重新计算', 'M': ''}",0,0,N,,,buy,buy
2026-06-08 12:14:18,110077,洪城转债,hczz,205.42,-0.77,600461,洪城环境,hchj,9.48,-1.66,1.18,4.88,194.26,0,5.74,211.16,760102,环保,shmb,C,2020-12-17,[],0,0,buy,AA+,,3.416,6.344,5.5,buy,2026-11-20,0.452,6.685,5562.94,10933.5,4.05,-103.39,,0,14:58:18,00,Y,N,0,0,Y,,2021-05-26 开始转股,计算使用0.5年期 评级为AA+ 债参考YTM：1.4464,N,18.0,全价：205.420 最后更新：14:58:18,,,,1,"{'G': '本次（2025年6月22日至2025年7月11日）不提前赎回，以2026年7月12日为首个交易日重新计算', 'M': ''}",0,0,N,,,buy,buy
2026-06-08 12:14:18,113681,镇洋转债,zyzz,136.9,-0.2,603213,镇洋发展,zyfz,14.16,-0.28,3.17,10.95,129.32,0,5.87,142.77,220202,基础化工,shmb,C,2024-01-17,[],0,0,buy,AA-,,7.665,14.235,9.3,buy,2029-12-29,3.562,5.797,8360.05,6988.24,10.55,-3.86,,0,14:59:29,00,Y,N,0,0,Y,,2024-07-05 开始转股,计算使用3.6年期 评级为AA- 债参考YTM：2.4033,N,6.6,全价：136.900 最后更新：14:59:29,,,,0,[],0,0,N,,,buy,buy
2026-06-08 12:14:18,123271,通合转债,thzz,100.0,0.0,300491,通合科技,thkj,31.21,-3.01,4.59,33.18,94.06,183,6.31,106.31,630306,电力设备,szcy,C,,[],0,0,buy,AA,,23.226,43.134,10.6,buy,2032-06-01,5.986,5.22,0.0,37727.88,0.0,2.94,,0,,00,Y,N,0,0,Y,,未到转股期；2026-12-08 开始转股,计算使用6.0年期 评级为AA 债参考YTM：2.1413,N,5.22,待上市,,,,0,[],0,0,N,,,buy,buy
2026-06-08 12:14:18,123243,严牌转债,ypzz,252.725,-2.89,301081,严牌股份,ypgf,17.13,-5.57,3.58,7.22,237.26,0,6.52,259.25,760201,环保,szcy,C,2024-07-26,[],0,0,buy,A+,,5.054,9.386,6.8,buy,2030-07-10,4.09,2.607,31130.22,12822.01,47.47,-17.11,,0,15:34:30,00,Y,N,0,0,Y,,2025-01-16 开始转股,计算使用4.1年期 评级为A+ 债参考YTM：4.7998,N,4.679,全价：252.725 最后更新：15:34:30,,,,0,"{'G': '本次（2026年5月6日至2026年5月26日）不提问赎回，以2026年8月26日后的首个交易日重新计算', 'M': ''}",0,0,N,,,buy,buy
2026-06-08 12:14:18,127041,弘亚转债,hyzz,116.735,-0.72,002833,弘亚数控,hysk,17.93,-3.13,2.49,16.4,109.33,0,6.77,123.51,640209,机械设备,szmb,C,2021-08-10,[],0,0,buy,AA-,,11.48,21.32,10.6,buy,2026-07-12,0.093,5.525,7119.79,14295.73,11.03,-15.5,,0,15:34:51,00,Y,N,1,1,Y,转股价下修1次，成功下修1次,2022-01-17 开始转股,计算使用0.1年期 评级为AA- 债参考YTM：1.6609,N,6.0,全价：116.735 最后更新：15:34:51,,,,1,{'R': '到期\n最后交易日：2026-07-07\n最后转股日：2026-07-10\n债券到期日：2026-07-12\n到期赎回价：115.000元/张'},0,0,N,,,buy,buy
2026-06-08 12:14:18,113589,天创转债,tczz,185.822,1.94,603608,天创时尚,tcss,21.35,3.19,8.1,12.29,173.72,0,6.97,192.79,350205,纺织服饰,shmb,C,2020-07-16,[],0,0,buy,A-,,8.603,15.977,0.7,buy,2026-06-24,0.044,0.66,184515.38,87058.07,1455.57,-992.79,,0,15:00:00,00,Y,N,0,0,Y,,2021-01-04 开始转股,计算使用0.1年期 评级为A- 债参考YTM：8.7109,N,6.0,全价：185.822 最后更新：15:00:00,,,,0,{'R': '到期\n最后交易日：2026-06-17\n最后转股日：2026-06-23\n债券到期日：2026-06-24\n到期赎回价：110.000元/张'},0,0,N,,,buy,buy
2026-06-08 12:14:18,113062,常银转债,cyzz,129.971,0.13,601128,常熟银行,csyh,7.04,-0.28,0.71,5.89,119.53,0,8.74,138.71,480501,银行,shmb,C,2022-10-17,[],0,0,buy,AAA,,,7.657,25.7,buy,2028-09-15,2.274,59.994,20738.8,23247.18,2.66,-7.43,,0,14:59:50,00,Y,N,0,0,N,2026-06-02 至 2026-06-08 期间暂停转股：权益分派,2023-03-21 开始转股;2026-06-02 至 2026-06-08 期间暂停转股：权益分派,计算使用2.3年期 评级为AAA 债参考YTM：1.5312,N,60.0,全价：129.971 最后更新：14:59:50,,,,0,{'M': ''},0,0,N,,,buy,buy
2026-06-08 12:14:18,113042,上银转债,syzz,119.348,0.41,601229,XD上海银,shyh,9.16,0.66,0.5,8.35,109.7,0,8.79,128.14,480401,银行,shmb,C,2021-02-10,[],0,0,buy,AAA,,,10.855,15.3,buy,2027-01-25,0.633,199.775,58407.62,46860.5,2.45,-9.73,,0,14:59:59,00,Y,Y,0,0,Y,,2021-07-29 开始转股,计算使用0.7年期 评级为AAA 债参考YTM：1.4345,N,200.0,全价：119.348 最后更新：14:59:59,,,,0,{'M': ''},0,0,N,,,buy,buy
2026-06-08 12:14:18,113039,嘉泽转债,jzzz,179.788,-4.91,601619,嘉泽新能,jzxn,4.79,-5.15,1.74,2.91,164.61,0,9.22,189.01,410107,公用事业,shmb,C,2020-09-17,[],0,0,buy,AA,,2.037,3.783,2.5,buy,2026-08-24,0.211,2.865,27083.14,24233.41,51.2,-189.24,,0,15:00:00,00,Y,N,0,0,Y,,2021-03-01 开始转股,计算使用0.3年期 评级为AA 债参考YTM：1.4654,N,13.0,全价：179.788 最后更新：15:00:00,,,,1,"{'G': '本次（2026年3月26日至2026年4月16日）不提前赎回，至到期日（2026年8月23日）均不行使赎回权利', 'M': ''}",0,0,N,,,buy,buy
2026-06-08 12:14:18,123131,奥飞转债,afzz,211.0,-9.83,300738,奥飞数据,afsj,19.34,-5.61,4.89,10.06,192.25,0,9.75,220.75,730104,通信,szcy,C,2021-12-22,[],0,0,buy,A+,,7.042,13.078,1.7,buy,2027-12-03,1.488,3.16,92980.77,103020.09,137.12,-32.9,,0,15:34:03,00,Y,N,0,0,Y,,2022-06-09 开始转股,计算使用1.5年期 评级为A+ 债参考YTM：4.2113,N,6.35,全价：211.000 最后更新：15:34:03,,,,1,{'M': ''},0,0,N,,,buy,buy
2026-06-08 12:14:18,118050,航宇转债,hyzz,231.123,-3.82,688239,航宇科技,hykj,52.54,-7.82,4.87,24.96,210.5,0,9.8,240.92,650201,国防军工,shkc,C,2024-09-10,[],0,0,buy,AA-,,17.472,32.448,6.6,buy,2030-08-21,4.206,6.597,79306.53,43322.56,52.9,-14.7,,0,14:59:59,00,Y,N,0,0,Y,,2025-02-27 开始转股,计算使用4.3年期 评级为AA- 债参考YTM：2.4618,N,6.67,全价：231.123 最后更新：14:59:59,,,,0,{'M': ''},0,0,N,,,buy,buy
2026-06-08 12:14:18,110084,贵燃转债,grzz,131.686,-0.32,600903,贵州燃气,gzrq,8.31,-4.04,2.97,7.11,116.88,0,12.67,144.36,410301,公用事业,shmb,C,2022-01-18,[],0,0,buy,AA,,4.977,9.243,8.4,buy,2027-12-27,1.553,8.157,19999.54,40708.11,18.65,-10.1,,0,14:59:58,00,Y,N,1,1,N,"转股价下修1次，成功下修1次
2026-06-08 起暂停转股：权益分派
转股价7.110生效日期2025-09-17",2022-07-01 开始转股;2026-06-08 起暂停转股：权益分派,计算使用1.6年期 评级为AA 债参考YTM：1.5875,N,10.0,全价：131.686 最后更新：14:59:58,,,,1,{'M': ''},0,0,N,,,buy,buy
2026-06-08 12:14:18,123251,华医转债,hyzz,327.836,-4.21,301235,华康洁净,hkjj,64.35,-7.28,3.64,22.24,289.34,0,13.3,341.14,370502,医药生物,szcy,C,2025-01-09,[],0,0,buy,A+,,15.568,28.912,15.0,buy,2030-12-23,4.545,7.012,68219.89,24118.12,29.52,-20.12,,0,15:34:36,00,Y,N,0,0,Y,,2025-06-27 开始转股,计算使用4.6年期 评级为A+ 债参考YTM：4.8542,N,7.5,全价：327.836 最后更新：15:34:36,,,,0,"{'G': '本次（2025年11月20日至2025年12月15日）不提前赎回，自2026年6月15日后首个交易日重新计算', 'M': ''}",0,0,N,,,buy,buy
2026-06-08 12:14:18,127084,柳工转2,lgz2,140.056,0.59,000528,柳工,lg,8.61,0.94,0.92,6.98,123.35,0,13.54,153.6,640601,机械设备,szmb,C,2023-04-20,[],0,0,buy,AAA,,4.886,9.074,14.2,buy,2029-03-27,2.803,24.809,19629.58,52206.98,5.65,-6.67,,0,15:34:00,00,Y,N,0,0,Y,,2023-10-09 开始转股,计算使用2.9年期 评级为AAA 债参考YTM：1.6044,N,30.0,全价：140.056 最后更新：15:34:00,,,,0,{'M': ''},0,0,N,,,buy,buy
2026-06-08 12:14:18,118068,迪威转债,dwzz,100.0,0.0,688377,迪威尔,dwe,28.6,-1.45,3.49,32.49,88.03,185,13.6,113.6,640203,机械设备,shkc,C,,[],0,0,buy,AA-,,22.743,42.237,13.6,buy,2032-06-03,5.992,9.08,0.0,5815.24,0.0,2.19,,0,,00,Y,N,0,0,Y,,未到转股期；2026-12-10 开始转股,计算使用6.0年期 评级为AA- 债参考YTM：3.3813,N,9.08,待上市,,,,0,{'M': ''},0,0,N,,,buy,buy
2026-06-08 12:14:18,123091,长海转债,chzz,168.2,-4.97,300196,长海股份,chgf,22.18,-7.85,1.85,14.99,147.97,0,13.68,181.88,610202,建筑材料,szcy,C,2021-01-15,[],0,0,buy,AA,,10.493,19.487,10.0,buy,2026-12-23,0.543,5.482,35848.2,69661.45,38.33,-63.01,,0,15:33:54,00,Y,N,0,0,Y,,2021-06-29 开始转股,计算使用0.6年期 评级为AA 债参考YTM：1.4691,N,5.5,全价：168.200 最后更新：15:33:54,,,,1,{'G': '本次（2026年4月14日至2026年5月26日）不提前赎回，自2026年8月26日后的首个交易日重新计算'},0,0,N,,,buy,buy
2026-06-08 12:14:18,113051,节能转债,jnzz,144.389,-7.5,601016,节能风电,jnfd,4.22,-8.86,1.53,3.33,126.73,0,13.94,158.33,410107,公用事业,shmb,C,2021-07-22,[],0,0,buy,AA+,,2.331,4.329,10.4,buy,2027-06-21,1.036,26.52,74203.67,141098.29,19.01,-22.16,,0,14:59:57,00,Y,N,1,0,N,"转股价下修1次，成功下修0次
2026-06-05 至 2026-06-11 期间暂停转股：权益分派
转股价3.330生效日期2025-10-23",2021-12-27 开始转股;2026-06-05 至 2026-06-11 期间暂停转股：权益分派,计算使用1.1年期 评级为AA+ 债参考YTM：1.4900,N,30.0,全价：144.389 最后更新：14:59:57,,,,1,"{'G': '本次（2026年4月23日至2026年5月19日）不提前赎回，自2026年8月19日之后的首个交易日重新起算', 'M': ''}",0,0,N,,,buy,buy
2026-06-08 12:14:18,128136,立讯转债,lxzz,135.08,0.5,002475,立讯精密,lxjm,66.14,-3.82,5.43,55.97,118.17,0,14.31,149.39,270504,电子,szmb,C,2020-12-02,[],0,0,buy,AA+,,39.179,72.761,0.6,buy,2026-11-03,0.406,29.849,55363.58,1254574.77,13.98,-49.78,,0,15:34:21,00,Y,N,0,0,Y,,2021-05-10 开始转股,计算使用0.5年期 评级为AA+ 债参考YTM：1.4464,N,30.0,全价：135.080 最后更新：15:34:21,,,,1,{'M': ''},0,0,N,,,buy,buy
2026-06-08 12:14:18,123241,欧通转债,otzz,961.701,-1.37,300870,欧陆通,olt,259.0,-3.15,14.96,30.8,840.91,0,14.36,976.06,630306,电力设备,szcy,C,2024-07-26,[],0,0,buy,AA-,,21.56,40.04,0.7,buy,2030-07-05,4.077,2.605,119836.92,120122.5,47.55,-40.83,,0,15:34:36,00,Y,N,0,0,Y,,2025-01-13 开始转股,计算使用4.1年期 评级为AA- 债参考YTM：2.4388,N,6.445,全价：961.701 最后更新：15:34:36,,,,0,"{'G': '本次（2026年4月14日至2026年5月7日）不提前赎回，自2026年8月7日后首个交易日重新计算', 'M': ''}",0,0,N,,,buy,buy
2026-06-08 12:14:18,118011,银微转债,ywzz,138.284,0.28,688689,银河微电,yhwd,37.8,-6.48,3.48,31.3,120.77,0,14.51,152.79,270102,电子,shkc,C,2022-08-02,[],0,0,buy,A+,,21.91,40.69,10.3,buy,2028-07-04,2.074,4.997,20188.8,14719.73,29.2,-7.08,,0,14:59:49,00,Y,N,0,0,Y,,2023-01-09 开始转股,计算使用2.1年期 评级为A+ 债参考YTM：4.3396,N,5.0,全价：138.284 最后更新：14:59:49,,,,0,{'M': ''},0,0,N,,,buy,buy
2026-06-08 12:14:18,113624,正川转债,zczz,132.564,0.19,603976,正川股份,zcgf,22.89,2.37,2.86,19.78,115.72,0,14.55,147.11,370503,医药生物,shmb,C,2021-06-01,[],0,0,buy,A+,,13.846,25.714,11.7,buy,2027-04-28,0.888,4.048,7721.39,13314.27,14.45,-14.97,,0,14:59:52,00,Y,N,1,1,Y,转股价下修1次，成功下修1次,2021-11-08 开始转股,计算使用0.9年期 评级为A+ 债参考YTM：4.1075,N,4.05,全价：132.564 最后更新：14:59:52,,,,1,[],0,0,N,,,buy,buy
2026-06-08 12:14:18,123213,天源转债,tyzz,210.6,-1.82,301127,武汉天源,whty,13.08,-3.04,2.56,7.14,183.19,0,14.96,225.56,760102,环保,szcy,C,2023-08-16,[],0,0,buy,AA-,,4.998,9.282,3.8,buy,2029-07-28,3.14,3.26,11988.35,18040.59,17.52,-17.49,,0,15:34:27,00,Y,N,0,0,Y,,2024-02-05 开始转股,计算使用3.2年期 评级为AA- 债参考YTM：2.3642,N,10.0,全价：210.600 最后更新：15:34:27,,,,0,"{'G': '本次（2026年3月13日至2026年4月2日）不提前赎回，自2026年10月2日后首个交易日重新计算', 'M': ''}",0,0,N,,,buy,buy
2026-06-08 12:14:18,113703,翔26转债,x26zz,100.0,0.0,603112,华翔股份,hxgf,18.99,-10.0,2.27,21.94,86.55,189,15.53,115.53,330601,家用电器,shmb,C,,[],0,0,buy,AA-,,15.358,28.522,12.8,buy,2032-06-07,6.003,13.01,0.0,40493.37,0.0,2.49,,0,,00,Y,N,0,0,Y,,未到转股期；2026-12-14 开始转股,计算使用6.1年期 评级为AA- 债参考YTM：3.4270,N,13.01,待上市,,,,0,[],0,0,N,,,buy,buy
2026-06-08 12:14:18,127103,东南转债,dnzz,145.76,-0.78,002135,东南网架,dnwj,7.02,-5.77,1.23,5.59,125.58,0,16.07,161.83,620401,建筑装饰,szmb,C,2024-01-24,[],0,0,buy,AA,,3.913,7.267,27.3,buy,2030-01-03,3.575,19.999,29384.41,22782.86,10.21,-7.16,,0,15:34:21,00,Y,N,0,0,Y,,2024-07-09 开始转股,计算使用3.6年期 评级为AA 债参考YTM：1.8339,N,20.0,全价：145.760 最后更新：15:34:21,,,,0,"{'G': '本次（2026年3月17日至2026年4月28日）不提前赎回，自2026年7月28日后首个交易日重新计算', 'M': ''}",0,0,N,,,buy,buy
2026-06-08 12:14:18,113631,皖天转债,wtzz,138.343,-0.75,603689,皖天然气,wtrq,7.75,-2.02,1.07,6.51,119.05,0,16.21,154.55,410301,公用事业,shmb,C,2021-12-10,[],0,0,buy,AA+,,4.557,8.463,14.7,buy,2027-11-08,1.419,5.958,5454.91,3806.16,6.62,-14.08,,0,14:58:42,00,Y,N,0,0,Y,,2022-05-12 开始转股,计算使用1.5年期 评级为AA+ 债参考YTM：1.5251,N,9.3,全价：138.343 最后更新：14:58:42,,,,1,[],0,0,N,,,buy,buy
2026-06-08 12:14:18,118039,煜邦转债,ybzz,151.286,-3.0,688597,煜邦电力,ybdl,9.49,-2.27,3.72,7.3,130.0,0,16.37,167.66,630804,电力设备,shkc,C,2023-08-15,[],0,0,buy,A,,5.11,9.49,12.9,buy,2029-07-20,3.118,4.104,17796.79,13687.39,28.62,-7.88,,0,14:59:54,00,Y,N,0,0,Y,,2024-01-26 开始转股,计算使用3.2年期 评级为A 债参考YTM：7.0680,N,4.108,全价：151.286 最后更新：14:59:54,,,,0,"{'G': '本次（2026年1月16日至2026年2月11日）不提前赎回，以2026年8月12日为首个交易日重新计算', 'M': ''}",0,0,N,,,buy,buy
2026-06-08 12:14:18,113673,岱美转债,dmzz,214.782,4.12,603730,XD岱美股,dmgf,13.09,7.03,5.6,7.12,183.85,0,16.83,231.61,280202,汽车,shmb,C,2023-08-10,[],0,0,buy,AA,,4.984,9.256,3.2,buy,2029-07-18,3.112,9.078,140424.94,71543.93,72.16,-18.19,,0,15:00:00,00,Y,N,1,1,Y,转股价下修1次，成功下修1次,2024-01-24 开始转股,计算使用3.2年期 评级为AA 债参考YTM：1.7891,N,9.079,全价：214.782 最后更新：15:00:00,,,,0,"{'G': '本次（2026年5月7日至2026年5月27日）不提前赎回，以2026年8月27日之后的首个交易日重新起算', 'M': ''}",0,0,N,,,buy,buy
2026-06-08 12:14:18,128127,文科转债,wkzz,114.201,-0.52,002775,文科股份,wkgf,3.82,-4.5,43.41,3.92,97.45,0,17.19,131.39,620307,建筑装饰,szmb,C,2020-09-11,[],0,0,buy,A-,,2.744,5.096,35.5,buy,2026-08-20,0.2,7.829,6845.2,12766.21,7.61,3.55,,0,15:34:15,00,Y,N,2,2,Y,转股价下修2次，成功下修2次,2021-03-01 开始转股,计算使用0.2年期 评级为A- 债参考YTM：8.7146,N,9.5,全价：114.201 最后更新：15:34:15,,,,1,[],0,0,N,,,buy,buy
2026-06-08 12:14:18,127078,优彩转债,yczz,139.681,-0.79,002998,优彩资源,yczy,7.51,-5.3,1.47,6.31,119.02,0,17.36,157.04,220401,基础化工,szmb,C,2023-01-09,[],0,0,buy,A+,,4.417,8.203,20.5,buy,2028-12-14,2.521,4.158,12678.06,8207.28,21.68,-6.19,,0,15:34:06,00,Y,N,0,0,Y,,2023-06-20 开始转股,计算使用2.6年期 评级为A+ 债参考YTM：4.5111,N,6.0,全价：139.681 最后更新：15:34:06,,,,0,[],0,0,N,,,buy,buy
2026-06-08 12:14:18,127110,广核转债,ghzz,136.867,-1.15,003816,中国广核,zggh,4.27,-1.39,1.71,3.67,116.35,0,17.64,154.51,410108,公用事业,szmb,C,2025-07-25,[],0,0,buy,AAA,,2.569,4.771,2.9,buy,2031-07-09,5.088,48.993,23700.84,50954.92,3.52,-4.24,,0,15:33:57,00,Y,N,0,0,Y,,2026-01-15 开始转股,计算使用5.1年期 评级为AAA 债参考YTM：1.7013,N,49.0,全价：136.867 最后更新：15:33:57,,,,0,{'M': ''},0,0,N,,,buy,buy
2026-06-08 12:14:18,123247,万凯转债,wkzz,254.944,-1.6,301216,万凯新材,wkxc,24.36,-1.54,2.15,11.3,215.58,0,18.26,273.2,220501,基础化工,szcy,C,2024-09-05,[],0,0,buy,AA,,7.91,14.69,14.7,buy,2030-08-16,4.192,19.643,24425.99,21736.42,4.9,-17.6,,0,15:34:39,00,Y,N,0,0,Y,,2025-02-24 开始转股,计算使用4.2年期 评级为AA 债参考YTM：1.8972,N,27.0,全价：254.944 最后更新：15:34:39,,,,0,"{'G': '本次（2026年2月24日至2026年3月16日）不提前赎回，自2026年6月16日后首个交易日重新计算', 'M': ''}",0,0,N,,,buy,buy
2026-06-08 12:14:18,113058,友发转债,yfzz,134.266,-0.91,601686,友发集团,yfjt,5.08,-3.42,1.09,4.48,113.39,0,18.41,152.68,230403,钢铁,shmb,C,2022-04-26,[],0,0,buy,AA,,3.136,5.824,24.8,buy,2028-03-30,1.811,18.638,11492.3,9589.41,4.58,-8.81,,0,14:59:48,00,Y,N,2,2,Y,转股价下修2次，成功下修2次,2022-10-10 开始转股,计算使用1.9年期 评级为AA 债参考YTM：1.6245,N,20.0,全价：134.266 最后更新：14:59:48,,,,1,[],0,0,N,,,buy,buy
2026-06-08 12:14:18,113046,金田转债,jtzz,136.05,-2.09,601609,XD金田股,jtgf,11.68,-6.56,1.97,10.18,114.74,0,18.58,154.63,240302,有色金属,shmb,C,2021-04-12,[],0,0,buy,AA+,,7.126,13.234,7.4,buy,2027-03-22,0.786,14.992,19442.67,73263.46,9.47,-24.35,,0,14:59:59,00,Y,N,0,0,Y,,2021-09-27 开始转股,计算使用0.8年期 评级为AA+ 债参考YTM：1.4595,N,15.0,全价：136.050 最后更新：14:59:59,,,,1,{'M': ''},0,0,N,,,buy,buy
2026-06-08 12:14:18,127040,国泰转债,gtzz,127.755,-0.04,002091,江苏国泰,jsgt,7.91,-1.0,0.78,7.35,107.62,0,18.71,146.47,450201,商贸零售,szmb,C,2021-08-10,[],0,0,buy,AA+,,5.145,9.555,31.5,buy,2027-07-07,1.08,39.863,7288.47,11805.82,1.43,-13.3,,0,15:34:48,00,Y,N,0,0,Y,,2022-01-13 开始转股,计算使用1.1年期 评级为AA+ 债参考YTM：1.4900,N,45.574,全价：127.755 最后更新：15:34:48,,,,1,{'M': ''},0,0,N,,,buy,buy
2026-06-08 12:14:18,111000,起帆转债,qfzz,178.362,-5.02,605222,起帆电缆,qfdl,25.98,-7.38,2.22,17.35,149.74,0,19.11,197.47,630805,电力设备,shmb,C,2021-06-17,[],0,0,buy,AA-,,12.145,22.555,9.3,buy,2027-05-24,0.959,9.992,29026.06,25498.45,16.01,-37.05,,0,15:00:00,00,Y,N,1,1,Y,转股价下修1次，成功下修1次,2021-11-29 开始转股,计算使用1.0年期 评级为AA- 债参考YTM：1.7806,N,10.0,全价：178.362 最后更新：15:00:00,,,,1,{'G': '本次（2026年3月13日至2026年4月20日）不提前赎回，以2026年10月21日为首个交易日重新起算'},0,0,N,,,buy,buy
2026-06-08 12:14:18,127034,绿茵转债,lyzz,133.896,0.85,002887,绿茵生态,lyst,12.54,0.56,1.56,11.21,111.86,0,19.69,153.59,760104,环保,szmb,C,2021-05-28,[],0,0,buy,AA-,,7.847,14.573,15.7,buy,2027-04-30,0.893,4.279,7000.79,5858.33,12.27,-17.53,,0,15:34:39,00,Y,N,0,0,Y,,2021-11-11 开始转股,计算使用0.9年期 评级为AA- 债参考YTM：1.7606,N,7.12,全价：133.896 最后更新：15:34:39,,,,1,[],0,0,N,,,buy,buy
2026-06-08 12:14:18,127067,恒逸转2,hyz2,150.187,-0.37,000703,恒逸石化,hysh,12.99,-2.62,1.83,10.37,125.27,0,19.9,170.09,750301,石油石化,szmb,C,2022-08-18,[],0,0,buy,AA+,,7.259,13.481,6.1,buy,2028-07-21,2.121,29.993,20831.62,61833.47,4.63,-13.05,,0,15:34:48,00,Y,N,0,0,N,2026-06-05 至 2026-06-12 期间暂停转股：权益分派,2023-01-30 开始转股;2026-06-05 至 2026-06-12 期间暂停转股：权益分派,计算使用2.2年期 评级为AA+ 债参考YTM：1.5853,N,30.0,全价：150.187 最后更新：15:34:48,,,,0,"{'G': '本次（至2026年4月27日）不提前赎回，从2026年7月28日开始计算', 'M': ''}",0,0,N,,,buy,buy
2026-06-08 12:14:18,123076,强力转债,qlzz,129.852,-0.47,300429,强力新材,qlxc,13.71,-1.22,4.13,12.7,107.95,0,20.29,150.14,270601,电子,szcy,C,2020-12-04,[],0,0,buy,AA-,,8.89,16.51,8.6,buy,2026-11-19,0.449,4.812,7961.9,40744.05,12.72,-29.06,,0,15:34:45,00,Y,N,1,1,Y,转股价下修1次，成功下修1次,2021-05-25 开始转股,计算使用0.5年期 评级为AA- 债参考YTM：1.7164,N,8.5,全价：129.852 最后更新：15:34:45,,,,1,{'M': ''},0,0,N,,,buy,buy
2026-06-08 12:14:18,128128,齐翔转2,qxz2,111.88,-0.84,002408,齐翔腾达,qxtd,4.98,-2.92,1.29,5.37,92.74,0,20.64,132.52,750303,石油石化,szmb,C,2020-09-15,[],0,0,buy,AA,,3.759,6.981,5.0,buy,2026-08-20,0.2,6.792,4359.64,16301.45,5.73,-8.52,,0,15:34:27,00,Y,N,0,0,Y,,2021-02-26 开始转股,计算使用0.2年期 评级为AA 债参考YTM：1.4646,N,29.9,全价：111.880 最后更新：15:34:27,,,,1,{'M': ''},0,0,N,,,buy,buy
2026-06-08 12:14:18,111012,福新转债,fxzz,396.051,3.03,605488,福莱新材,flxc,36.81,5.23,4.87,11.22,328.08,0,20.72,416.77,220505,基础化工,shmb,C,2023-02-07,[],0,0,buy,A+,,7.854,14.586,1.0,buy,2029-01-04,2.578,1.017,92479.17,55075.68,231.17,-37.66,,0,15:00:00,00,Y,N,0,0,N,2026-06-05 至 2026-06-11 期间暂停转股：权益分派,2023-07-10 开始转股;2026-06-05 至 2026-06-11 期间暂停转股：权益分派,计算使用2.6年期 评级为A+ 债参考YTM：4.5111,N,4.29,全价：396.051 最后更新：15:00:00,,,,0,{'G': '本次（2026年2月27日至2026年3月19日）不提前赎回，自2026年6月19日之后的首个交易日重新起算'},0,0,N,,,buy,buy
2026-06-08 12:14:18,127092,运机转债,yjzz,245.001,-2.31,001288,运机集团,yjjt,24.13,-1.43,2.32,11.89,202.94,0,20.72,265.72,640203,机械设备,szmb,C,2023-10-20,[],0,0,buy,AA-,,8.323,15.457,14.3,buy,2029-09-21,3.29,5.25,21515.48,8662.56,16.72,-19.7,,0,15:34:15,00,Y,N,0,0,Y,,2024-03-27 开始转股,计算使用3.3年期 评级为AA- 债参考YTM：2.3796,N,7.3,全价：245.001 最后更新：15:34:15,,,,0,{'G': '本次（2025年12月8日至2025年12月26日）不提前赎回，以2026年12月26日后的首个交易日起重新计算'},0,0,N,,,buy,buy
2026-06-08 12:14:18,113615,金诚转债,jczz,678.303,-4.81,603979,金诚信,jcx,66.14,-7.56,3.55,11.78,561.46,0,20.81,699.11,240302,有色金属,shmb,C,2021-01-14,[],0,0,buy,AA,,8.246,15.314,1.2,buy,2026-12-23,0.543,4.958,40679.81,62321.51,12.1,-154.69,,0,14:59:59,00,Y,N,0,0,Y,,2021-06-29 开始转股,计算使用0.6年期 评级为AA 债参考YTM：1.4691,N,10.0,全价：678.303 最后更新：14:59:59,,,,1,"{'G': '本次（2025年10月10日至2025年10月30日）不提前赎回，至2026年12月22日到期均不提前赎回', 'M': ''}",0,0,N,,,buy,buy
2026-06-08 12:14:18,127047,帝欧转债,dozz,154.053,3.67,002798,帝欧水华,dosh,6.5,4.17,2.04,5.1,127.45,0,20.87,174.92,360306,轻工制造,szmb,C,2021-11-26,[],0,0,buy,A-,,3.57,6.63,13.9,buy,2027-10-25,1.381,4.654,55970.67,30831.3,77.49,-18.25,,0,15:33:54,00,Y,N,1,1,Y,转股价下修1次，成功下修1次,2022-04-29 开始转股,计算使用1.4年期 评级为A- 债参考YTM：8.8906,N,15.0,全价：154.053 最后更新：15:33:54,,,,1,{'G': '本次（2026年4月15日至2026年5月8日）不提前赎回，以2026年8月8日后首个交易日起重新计算'},0,0,N,,,buy,buy
2026-06-08 12:14:18,127061,美锦转债,mjzz,96.968,-1.15,000723,美锦能源,mjny,4.22,-2.99,1.46,5.26,80.23,0,20.87,117.84,740201,煤炭,szmb,C,2022-05-30,[],0,0,buy,A+,,3.682,6.838,15.0,buy,2028-04-20,1.869,27.89,9183.1,41529.24,3.39,12.51,,0,15:34:00,00,Y,N,1,1,Y,转股价下修1次，成功下修1次,2022-10-26 开始转股,计算使用1.9年期 评级为A+ 债参考YTM：4.2969,N,35.9,全价：96.968 最后更新：15:34:00,,,,1,{'M': ''},0,0,N,,,buy,buy
2026-06-08 12:14:18,123187,超达转债,cdzz,225.143,-0.82,301186,超达装备,cdzb,57.47,-6.93,2.89,30.98,185.51,0,21.37,246.51,280205,汽车,szcy,C,2023-04-25,[],0,0,buy,A,,21.686,40.274,5.1,buy,2029-04-04,2.825,2.242,11978.19,11530.62,23.63,-20.48,,0,15:34:15,00,Y,N,0,0,Y,,2023-10-11 开始转股,计算使用2.9年期 评级为A 债参考YTM：6.9786,N,4.69,全价：225.143 最后更新：15:34:15,,,,0,"{'G': '本次（2026年4月10日至2026年4月30日）不提前赎回，以2026年7月31日之后的首个交易日重新起算', 'M': ''}",0,0,N,,,buy,buy
2026-06-08 12:14:18,123270,盛德转债,sdzz,100.0,0.0,300881,盛德鑫泰,sdxt,44.1,-12.19,3.92,53.68,82.15,182,21.72,121.72,230501,钢铁,szcy,C,,[],0,0,buy,A+,,37.576,69.784,16.0,buy,2032-05-31,5.984,4.05,0.0,14429.55,0.0,2.83,,0,,00,Y,N,0,0,Y,,未到转股期；2026-12-07 开始转股,计算使用6.0年期 评级为A+ 债参考YTM：5.7313,N,4.05,待上市,,,,0,{'M': ''},0,0,N,,,buy,buy
2026-06-08 12:14:18,123183,海顺转债,hszz,139.08,0.63,300501,海顺新材,hsxc,13.26,3.67,2.38,11.63,114.02,0,21.98,161.06,360206,轻工制造,szcy,C,2023-04-20,[],0,0,buy,AA-,,8.141,15.119,17.2,buy,2029-03-23,2.792,6.329,7303.44,10383.64,8.34,-5.66,,0,15:34:15,00,Y,N,2,0,Y,转股价下修2次，成功下修0次,2023-10-09 开始转股,计算使用2.8年期 评级为AA- 债参考YTM：2.2447,N,6.33,全价：139.080 最后更新：15:34:15,,,,0,[],0,0,N,,,buy,buy
2026-06-08 12:14:18,127027,能化转债,nhzz,117.387,-1.56,000552,甘肃能化,gsnh,2.8,-3.11,0.9,2.93,95.56,0,22.84,140.23,740101,煤炭,szmb,C,2021-01-22,[],0,0,buy,AAA,,2.051,3.809,18.7,buy,2026-12-10,0.507,19.464,5197.07,31216.67,2.27,-12.48,,0,15:34:45,00,Y,N,0,0,Y,,2021-06-16 开始转股,计算使用0.6年期 评级为AAA 债参考YTM：1.4301,N,28.0,全价：117.387 最后更新：15:34:45,,,,1,{'M': ''},0,0,N,,,buy,buy
2026-06-08 12:14:18,113066,平煤转债,pmzz,159.275,-0.45,601666,平煤股份,pmgf,9.75,0.83,0.96,7.52,129.65,0,22.85,182.13,740102,煤炭,shmb,C,2023-04-10,[],0,0,buy,AAA,,5.264,9.776,5.9,buy,2029-03-16,2.773,14.274,29137.28,98391.87,12.74,-12.71,,0,15:00:00,00,Y,N,1,1,Y,转股价下修1次，成功下修1次,2023-09-22 开始转股,计算使用2.8年期 评级为AAA 债参考YTM：1.5928,N,29.0,全价：159.275 最后更新：15:00:00,,,,0,{'M': ''},0,0,N,,,buy,buy
2026-06-08 12:14:18,113597,佳力转债,jlzz,120.381,-0.8,603912,佳力图,jlt,8.47,-5.57,2.6,8.68,97.58,0,23.37,143.75,640105,机械设备,shmb,C,2020-08-21,[],0,0,buy,AA-,,6.076,11.284,6.5,buy,2026-07-30,0.143,2.969,5085.62,15726.5,14.21,-14.16,,0,14:59:58,00,Y,N,1,1,Y,转股价下修1次，成功下修1次,2021-02-05 开始转股,计算使用0.2年期 评级为AA- 债参考YTM：1.6646,N,3.0,全价：120.381 最后更新：14:59:58,,,,1,[],0,0,N,,,buy,buy
2026-06-08 12:14:18,113605,大参转债,dszz,112.682,-0.5,603233,大参林,dsl,15.79,-0.88,2.28,17.35,91.01,0,23.81,136.49,370403,医药生物,shmb,C,2020-11-13,[],0,0,buy,AA,,12.145,22.555,7.8,buy,2026-10-22,0.373,14.045,3810.66,9597.88,2.41,-6.44,,0,14:59:30,00,Y,N,1,1,Y,转股价下修1次，成功下修1次,2021-04-28 开始转股,计算使用0.4年期 评级为AA 债参考YTM：1.4659,N,14.05,全价：112.682 最后更新：14:59:30,,,,1,{'M': ''},0,0,N,,,buy,buy
2026-06-08 12:14:18,118051,皓元转债,hyzz,217.055,-2.67,688131,皓元医药,hyyy,70.9,-5.47,4.69,40.47,175.19,0,23.9,240.96,370603,医药生物,shkc,C,2024-12-19,[],0,0,buy,AA-,,28.329,52.611,5.5,buy,2030-11-28,4.477,8.218,16415.33,40574.95,9.24,-13.06,,0,14:59:53,00,Y,N,0,0,N,2026-06-05 至 2026-06-11 期间暂停转股：回售,2025-06-04 开始转股;2026-06-05 至 2026-06-11 期间暂停转股：回售,计算使用4.5年期 评级为AA- 债参考YTM：2.4857,N,8.223,全价：217.055 最后更新：14:59:53,,,,0,{'M': ''},0,0,Y,,,buy,buy
2026-06-08 12:14:18,123160,泰福转债,tfzz,162.0,0.07,300992,泰福泵业,tfby,25.79,-2.9,2.73,19.77,130.45,0,24.19,186.19,640106,机械设备,szcy,C,2022-10-25,[],0,0,buy,A,,13.839,25.701,11.5,buy,2028-09-28,2.31,2.315,9207.05,4087.19,24.68,-12.66,,0,15:34:09,00,Y,N,1,1,Y,转股价下修1次，成功下修1次,2023-04-11 开始转股,计算使用2.4年期 评级为A 债参考YTM：6.7844,N,3.349,全价：162.000 最后更新：15:34:09,,,,0,"{'G': '本次（2026年5月6日至2026年5月26日）不提前赎回，自2026年8月31日后首个交易日重新计算', 'M': ''}",0,0,N,,,buy,buy
2026-06-08 12:14:18,113048,晶科转债,jkzz,138.961,-0.59,601778,晶科科技,jkkj,5.03,-5.63,1.17,4.5,111.78,0,24.32,163.28,410106,公用事业,shmb,C,2021-05-31,[],0,0,buy,AA,,3.15,5.85,8.2,buy,2027-04-23,0.874,15.456,24668.54,101944.28,11.53,-22.27,,0,14:59:58,00,Y,N,2,2,Y,转股价下修2次，成功下修2次,2021-10-29 开始转股,计算使用0.9年期 评级为AA 债参考YTM：1.4946,N,30.0,全价：138.961 最后更新：14:59:58,,,,1,"{'G': '本次（2026年3月25日至2026年5月6日）不提前赎回，以2026年8月7日为首个交易日重新计算', 'M': ''}",0,0,N,,,buy,buy
2026-06-08 12:14:18,113691,和邦转债,hbzz,142.506,-2.17,603077,和邦生物,hbsw,2.29,-4.18,1.12,2.0,114.5,0,24.46,166.97,220802,基础化工,shmb,C,2024-11-19,[],0,0,buy,AA,,1.4,2.6,22.7,buy,2030-10-28,4.392,45.991,25107.24,37371.11,3.83,-4.89,,0,14:59:45,00,Y,N,0,0,Y,,2025-05-06 开始转股,计算使用4.4年期 评级为AA 债参考YTM：1.9116,N,46.0,全价：142.506 最后更新：14:59:45,,,,0,"{'G': '本次（2026年1月22日至2026年3月10日）不提前赎回，以2027年3月10日之后的首个交易日重新起算', 'M': ''}",0,0,N,,,buy,buy
2026-06-08 12:14:18,127109,电化转债,dhzz,195.202,-2.64,002125,湘潭电化,xtdh,15.84,-6.71,2.9,10.1,156.83,0,24.47,219.67,630702,电力设备,szmb,C,2025-07-04,[],0,0,buy,AA,,7.07,13.13,4.9,buy,2031-06-16,5.025,4.867,30935.27,97157.68,32.36,-10.19,,0,15:34:12,00,Y,N,0,0,Y,,2025-12-22 开始转股,计算使用5.1年期 评级为AA 债参考YTM：1.9554,N,4.87,全价：195.202 最后更新：15:34:12,,,,0,"{'G': '本次（2026年4月14日至2026年5月7日）不提前赎回，自2026年8月7日后首个交易日重新计算', 'M': ''}",0,0,N,,,buy,buy
2026-06-08 12:14:18,113677,华懋转债,hmzz,338.324,-4.31,603306,华懋科技,hmkj,91.43,-7.6,8.67,33.74,270.98,0,24.85,363.17,280202,汽车,shmb,C,2023-10-12,[],0,0,buy,AA-,,23.618,43.862,3.5,buy,2029-09-14,3.271,10.489,59552.42,135344.83,16.87,-28.23,,0,15:00:00,00,Y,N,0,0,N,2026-06-08 起暂停转股：权益分派,2024-03-20 开始转股;2026-06-08 起暂停转股：权益分派,计算使用3.3年期 评级为AA- 债参考YTM：2.3796,N,10.5,全价：338.324 最后更新：15:00:00,,,,0,"{'G': '本次（2026年3月6日至2026年3月26日）不提前赎回，自2026年6月26日之后的首个交易日重新起算', 'M': ''}",0,0,N,,,buy,buy
2026-06-08 12:14:18,123225,翔丰转债,xfzz,149.988,-1.7,300890,翔丰华,xfh,32.93,-4.74,1.73,27.44,120.01,0,24.98,174.97,630702,电力设备,szcy,C,2023-10-26,[],0,0,buy,AA-,,19.208,35.672,15.5,buy,2029-10-10,3.343,5.585,10809.94,21257.63,12.86,-5.99,,0,15:34:33,00,Y,N,1,1,N,"转股价下修1次，成功下修1次
2026-06-03 至 2026-06-10 期间暂停转股：权益分派
转股价27.440生效日期2024-12-09",2024-04-16 开始转股;2026-06-03 至 2026-06-10 期间暂停转股：权益分派,计算使用3.4年期 评级为AA- 债参考YTM：2.3905,N,8.0,全价：149.988 最后更新：15:34:33,,,,0,"{'G': '本次（2026年4月22日至2026年5月15日）不提前赎回，自2026年8月15日后首个交易日重新计算', 'M': ''}",0,0,N,,,buy,buy
2026-06-08 12:14:18,110099,福能转债,fnzz,150.248,0.17,600483,福能股份,fngf,11.81,1.99,1.17,9.84,120.02,0,25.19,175.44,410110,公用事业,shmb,C,2025-10-30,[],0,0,buy,AA+,,6.888,12.792,11.6,buy,2031-10-13,5.351,38.019,16347.2,46087.68,2.86,-5.68,,0,14:59:52,00,Y,N,0,0,Y,,2026-04-17 开始转股,计算使用5.4年期 评级为AA+ 债参考YTM：1.7966,N,38.02,全价：150.248 最后更新：14:59:52,,,,0,{'M': ''},0,0,N,,,buy,buy
2026-06-08 12:14:18,123059,银信转债,yxzz,119.877,-0.6,300231,银信科技,yxkj,8.61,-3.58,2.29,9.0,95.67,0,25.31,145.19,710301,计算机,szcy,C,2020-08-12,[],0,0,buy,AA-,,6.3,11.7,4.1,buy,2026-07-15,0.101,1.569,2170.82,8893.67,11.53,-15.88,,0,15:34:45,00,Y,N,0,0,Y,,2021-01-21 开始转股,计算使用0.2年期 评级为AA- 债参考YTM：1.6646,N,3.914,全价：119.877 最后更新：15:34:45,,,,1,[],0,0,N,,,buy,buy
2026-06-08 12:14:18,123216,科顺转债,kszz,135.167,-3.98,300737,科顺股份,ksgf,7.11,-20.02,1.95,6.61,107.56,0,25.66,160.83,610304,建筑材料,szcy,C,2023-08-23,[],0,0,buy,AA,,4.627,8.593,34.8,buy,2029-08-04,3.159,21.96,46487.07,109907.85,15.51,-3.96,,0,15:34:33,00,Y,N,2,1,Y,转股价下修2次，成功下修1次,2024-02-19 开始转股,计算使用3.2年期 评级为AA 债参考YTM：1.7891,N,21.98,全价：135.167 最后更新：15:34:33,,,,0,{'M': ''},0,0,N,,,buy,buy
2026-06-08 12:14:18,113588,润达转债,rdzz,108.974,-0.01,603108,润达医疗,rdyl,11.23,-3.85,1.82,12.97,86.58,0,25.86,134.83,370402,医药生物,shmb,C,2020-07-13,[],0,0,buy,AA,,9.079,16.861,3.4,buy,2026-06-17,0.025,2.309,12609.87,19169.41,50.13,1.09,,0,14:59:56,00,Y,N,0,0,Y,,2020-12-23 开始转股,计算使用0.1年期 评级为AA 债参考YTM：1.4609,N,5.5,全价：108.974 最后更新：14:59:56,,,,1,"{'R': '到期\n最后交易日：2026-06-11\n最后转股日：2026-06-16\n债券到期日：2026-06-17\n到期赎回价：109.000元/张', 'M': ''}",0,0,N,,,buy,buy
2026-06-08 12:14:18,128142,新乳转债,xrzz,117.334,-1.52,002946,新乳业,xry,16.58,-1.72,3.64,17.88,92.73,0,26.53,143.86,340702,食品饮料,szmb,C,2021-01-19,[],0,0,buy,AA,,12.516,23.244,5.1,buy,2026-12-18,0.529,7.179,10121.41,7777.74,12.03,-11.88,,0,15:34:27,00,Y,N,0,0,Y,,2021-06-24 开始转股,计算使用0.6年期 评级为AA 债参考YTM：1.4691,N,7.18,全价：117.334 最后更新：15:34:27,,,,1,{'M': ''},0,0,N,,,buy,buy
2026-06-08 12:14:18,113661,福22转债,f22zz,139.021,-1.1,603806,福斯特,fst,16.01,-7.13,2.51,14.59,109.73,0,26.69,165.71,630504,电力设备,shmb,C,2022-12-22,[],0,0,buy,AA,,10.213,18.967,7.3,buy,2028-11-22,2.46,30.297,14021.04,90402.02,3.32,-8.11,,0,14:59:48,00,Y,N,1,1,Y,转股价下修1次，成功下修1次,2023-05-29 开始转股,计算使用2.5年期 评级为AA 债参考YTM：1.7008,N,30.3,全价：139.021 最后更新：14:59:48,,,,0,{'M': ''},0,0,N,,,buy,buy
2026-06-08 12:14:18,113646,永吉转债,yjzz,150.328,1.18,603058,永吉股份,yjgf,9.49,-6.78,3.29,8.05,117.89,0,27.52,177.85,360205,轻工制造,shmb,C,2022-05-17,[],0,0,buy,AA-,,5.635,10.465,3.5,buy,2028-04-14,1.852,1.372,12525.39,9406.75,60.63,-15.62,,0,14:59:59,00,Y,N,0,0,Y,,2022-10-20 开始转股,计算使用1.9年期 评级为AA- 债参考YTM：1.9573,N,1.459,全价：150.328 最后更新：14:59:59,,,,1,[],0,0,N,,,buy,buy
2026-06-08 12:14:18,123092,天壕转债,thzz,123.8,0.55,300332,天壕能源,thny,4.82,0.63,1.04,4.97,96.98,0,27.65,151.45,410301,公用事业,szcy,C,2021-01-15,[],0,0,buy,A+,,3.479,6.461,8.7,buy,2026-12-24,0.545,3.417,4454.83,11315.09,10.54,-13.1,,0,15:34:48,00,Y,N,0,0,Y,,2021-06-30 开始转股,计算使用0.6年期 评级为A+ 债参考YTM：4.0611,N,4.23,全价：123.800 最后更新：15:34:48,,,,1,{'M': ''},0,0,N,,,buy,buy
2026-06-08 12:14:18,123118,惠城转债,hczz,652.0,-2.7,300779,惠城环保,hchb,74.5,-7.28,7.02,14.59,510.62,0,27.69,679.69,760103,环保,szcy,C,2021-07-26,[],0,0,buy,A+,,10.213,18.967,0.5,buy,2027-07-07,1.08,0.656,44081.24,47440.14,103.95,-79.96,,0,15:34:51,00,Y,N,0,0,N,2026-06-03 至 2026-06-11 期间暂停转股：权益分派,2022-01-13 开始转股;2026-06-03 至 2026-06-11 期间暂停转股：权益分派,计算使用1.1年期 评级为A+ 债参考YTM：4.1354,N,3.2,全价：652.000 最后更新：15:34:51,,,,1,"{'G': '本次（2026年5月6日至2026年5月26日）不提前赎回，自2026年8月26日后首个交易日重新计算', 'M': ''}",0,0,N,,,buy,buy
2026-06-08 12:14:18,123142,申昊转债,shzz,133.899,-3.36,300853,申昊科技,shkj,35.09,-9.63,8.1,33.71,104.09,0,28.63,162.53,630803,电力设备,szcy,C,2022-04-11,[],0,0,buy,A-,,23.597,43.823,15.9,buy,2028-03-18,1.778,5.494,8828.0,37373.84,11.91,-9.49,,0,15:34:00,00,Y,N,0,0,Y,,2022-09-26 开始转股,计算使用1.8年期 评级为A- 债参考YTM：8.9759,N,5.5,全价：133.899 最后更新：15:34:00,,,,1,[],0,0,N,,,buy,buy
2026-06-08 12:14:18,118044,赛特转债,stzz,187.745,-0.18,688398,赛特新材,stxc,27.5,-2.0,4.03,18.9,145.5,0,29.03,216.78,220309,基础化工,shkc,C,2023-10-12,[],0,0,buy,A+,,13.23,24.57,9.6,buy,2029-09-11,3.263,4.42,11525.73,7013.39,13.82,-13.65,,0,14:59:49,00,Y,N,1,1,Y,转股价下修1次，成功下修1次,2024-03-15 开始转股,计算使用3.3年期 评级为A+ 债参考YTM：4.7346,N,4.42,全价：187.745 最后更新：14:59:49,,,,0,"{'G': '本次（2026年3月10日至2026年4月20日）不提前赎回，以2026年10月21日起算', 'M': ''}",0,0,N,,,buy,buy
2026-06-08 12:14:18,127070,大中转债,dzzz,443.3,2.26,001203,大中矿业,dzky,36.96,-2.04,7.57,10.76,343.49,0,29.06,472.36,230301,钢铁,szmb,C,2022-10-11,[],0,0,buy,AA,,7.532,13.988,1.9,buy,2028-08-17,2.195,9.342,84342.9,85341.61,20.58,-46.31,,0,15:34:48,00,Y,N,0,0,Y,,2023-02-23 开始转股,计算使用2.2年期 评级为AA 债参考YTM：1.6625,N,15.2,全价：443.300 最后更新：15:34:48,,,,0,"{'G': '本次（2026年2月24日至2026年3月16日）不提前赎回，以2026年9月16日后的首个交易日重新计算', 'M': ''}",0,0,N,,,buy,buy
2026-06-08 12:14:18,113697,应流转债,ylzz,256.364,-2.32,603308,应流股份,ylgf,60.45,-6.05,7.92,30.47,198.39,0,29.22,285.58,640108,机械设备,shmb,C,2025-10-22,[],0,0,buy,AA+,,21.329,39.611,3.7,buy,2031-09-19,5.285,14.996,47089.33,125446.77,12.37,-14.57,,0,14:59:59,00,Y,N,0,0,Y,,2026-03-25 开始转股,计算使用5.3年期 评级为AA+ 债参考YTM：1.7839,N,15.0,全价：256.364 最后更新：14:59:59,,,,0,"{'G': '本次（2026年3月25日至2026年4月15日）不提前赎回，2026年7月15日之后的首个交易日重新起算', 'M': ''}",0,0,N,,,buy,buy
2026-06-08 12:14:18,123158,宙邦转债,zbzz,235.0,-2.1,300037,新宙邦,xzb,73.26,-3.58,4.92,40.49,180.93,0,29.88,264.88,630702,电力设备,szcy,C,2022-10-21,[],0,0,buy,AA,,28.343,52.637,4.5,buy,2028-09-26,2.304,18.046,94945.6,326989.38,22.01,-27.5,,0,15:34:09,00,Y,N,0,0,Y,,2023-03-30 开始转股,计算使用2.4年期 评级为AA 债参考YTM：1.6880,N,19.7,全价：235.000 最后更新：15:34:09,,,,0,"{'G': '本次（2025年12月25日至2026年1月22日）不提前赎回，自2026年7月22日后首个交易日重新计算', 'M': ''}",0,0,N,,,buy,buy
2026-06-08 12:14:18,127055,精装转债,jzzz,195.158,-0.43,002989,中天精装,ztjz,27.77,-4.57,3.9,18.5,150.11,0,30.01,225.17,620201,建筑装饰,szmb,C,2022-03-24,[],0,0,buy,AA-,,12.95,24.05,4.1,buy,2028-02-22,1.71,2.081,17300.95,13434.18,43.23,-26.09,,0,15:34:03,00,Y,N,0,0,Y,,2022-08-29 开始转股,计算使用1.8年期 评级为AA- 债参考YTM：1.9372,N,5.77,全价：195.158 最后更新：15:34:03,,,,1,{'G': '本次（2026年2月24日至2026年3月16日）不提前赎回，自2027年3月16日后首个交易日重新计算'},0,0,N,,,buy,buy
2026-06-08 12:14:18,127080,声迅转债,sxzz,300.684,2.97,003004,声迅股份,sxgf,66.88,7.37,7.8,28.94,231.1,0,30.11,330.79,710102,计算机,szmb,C,2023-02-10,[],0,0,buy,A,,20.258,37.622,6.1,buy,2028-12-30,2.564,2.793,351751.57,47645.15,414.36,-30.73,,0,15:33:54,00,Y,N,0,0,Y,,2023-07-07 开始转股,计算使用2.6年期 评级为A 债参考YTM：6.8611,N,2.8,全价：300.684 最后更新：15:33:54,,,,0,{'G': '本次（2026年5月8日至2026年5月29日）不提前赎回，以2026年8月31日重新计算'},0,0,N,,,buy,buy
2026-06-08 12:14:18,123176,精测转2,jcz2,359.0,-4.13,300567,精测电子,jcdz,177.8,-6.04,11.24,64.51,275.62,0,30.25,389.25,640107,机械设备,szcy,C,2023-03-22,[],0,0,buy,AA-,,45.157,83.863,3.2,buy,2029-03-02,2.734,12.753,63190.01,137989.43,13.94,-34.33,,0,15:34:03,00,Y,N,0,0,Y,,2023-09-08 开始转股,计算使用2.8年期 评级为AA- 债参考YTM：2.2447,N,12.76,全价：359.000 最后更新：15:34:03,,,,0,"{'G': '本次（2025年12月23日至2026年1月14日）不提前赎回，自2026年7月14日后首个交易日重新计算', 'M': ''}",0,0,N,,,buy,buy
2026-06-08 12:14:18,113043,财通转债,ctzz,120.9,-0.95,601108,财通证券,ctzq,7.44,-2.62,0.9,8.03,92.65,0,30.49,151.39,490101,非银金融,shmb,C,2020-12-28,[],0,0,buy,AAA,,,10.439,11.0,buy,2026-12-10,0.507,37.992,9113.79,33561.58,1.98,-24.45,,0,14:59:58,00,Y,Y,1,1,Y,转股价下修1次，成功下修1次,2021-06-16 开始转股,计算使用0.6年期 评级为AAA 债参考YTM：1.4301,N,38.0,全价：120.900 最后更新：14:59:58,,,,0,{'M': ''},0,0,N,,,buy,buy
2026-06-08 12:14:18,110076,华海转债,hhzz,117.0,-0.96,600521,华海药业,hhyy,14.88,-0.8,2.26,16.6,89.64,0,30.52,147.52,370102,医药生物,shmb,C,2020-11-25,[],0,0,buy,AA,,11.62,21.58,8.3,buy,2026-11-02,0.403,18.424,4194.73,15818.52,1.94,-14.86,,0,14:59:32,00,Y,N,1,1,Y,转股价下修1次，成功下修1次,2021-05-06 开始转股,计算使用0.5年期 评级为AA 债参考YTM：1.4664,N,18.426,全价：117.000 最后更新：14:59:32,,,,1,{'M': ''},0,0,N,,,buy,buy
2026-06-08 12:14:18,113688,国检转债,gjzz,146.189,0.66,603060,国检集团,gjjt,7.3,1.11,2.81,6.52,111.96,0,30.57,176.76,460802,社会服务,shmb,C,2024-11-12,[],0,0,buy,AA+,,4.564,8.476,13.6,buy,2030-10-17,4.362,7.998,12232.13,23823.22,10.46,-5.19,,0,14:59:59,00,Y,N,0,0,Y,,2025-04-23 开始转股,计算使用4.4年期 评级为AA+ 债参考YTM：1.7173,N,8.0,全价：146.189 最后更新：14:59:59,,,,0,[],0,0,N,,,buy,buy
2026-06-08 12:14:18,127037,银轮转债,ylzz,611.17,-3.02,002126,银轮股份,ylgf,47.88,-4.35,5.37,10.27,466.21,0,31.09,642.26,280203,汽车,szmb,C,2021-07-09,[],0,0,buy,AA,,7.189,13.351,1.3,buy,2027-06-07,0.997,5.055,34621.84,84299.66,11.12,-82.22,,0,15:34:33,00,Y,N,0,0,Y,,2021-12-13 开始转股,计算使用1.0年期 评级为AA 债参考YTM：1.5106,N,7.0,全价：611.170 最后更新：15:34:33,,,,1,{'M': ''},0,0,N,,,buy,buy
2026-06-08 12:14:18,127053,豪美转债,hmzz,191.577,-4.86,002988,豪美新材,hmxc,25.17,-5.27,2.31,17.23,146.08,0,31.14,222.72,240301,有色金属,szmb,C,2022-03-04,[],0,0,buy,AA-,,12.061,22.399,4.1,buy,2028-01-24,1.63,2.575,12867.45,11542.1,25.73,-24.99,,0,15:34:45,00,Y,N,1,1,Y,转股价下修1次，成功下修1次,2022-07-28 开始转股,计算使用1.7年期 评级为AA- 债参考YTM：1.9169,N,8.24,全价：191.577 最后更新：15:34:45,,,,1,{'G': '本次（2026年4月30日至2026年5月25日）不提前赎回，以2026年11月25日后首个交易日起重新计算'},0,0,N,,,buy,buy
2026-06-08 12:14:18,123209,聚隆转债,jlzz,177.912,-1.27,300644,南京聚隆,njjl,24.1,-4.14,2.38,17.77,135.62,0,31.18,209.09,220503,基础化工,szcy,C,2023-08-17,[],0,0,buy,A+,,12.439,23.101,7.9,buy,2029-07-26,3.134,1.672,7390.96,6324.59,24.69,-12.53,,0,15:34:18,00,Y,N,0,0,Y,,2024-02-01 开始转股,计算使用3.2年期 评级为A+ 债参考YTM：4.7180,N,2.185,全价：177.912 最后更新：15:34:18,,,,0,{'G': '本次（2026年1月26日至2026年2月13日）不提前赎回，自2026年8月13日后首个交易日重新计算'},0,0,N,,,buy,buy
2026-06-08 12:14:18,118056,路维转债,lwzz,274.669,-5.79,688401,路维光电,lwgd,68.45,-6.26,7.65,32.7,209.33,0,31.22,305.89,270103,电子,shkc,C,2025-07-10,[],0,0,buy,AA-,,22.89,42.51,4.6,buy,2031-06-11,5.011,6.145,50503.43,49113.27,29.6,-15.99,,0,15:00:00,00,Y,N,0,0,N,2026-06-03 至 2026-06-09 期间暂停转股：权益分派,2025-12-17 开始转股;2026-06-03 至 2026-06-09 期间暂停转股：权益分派,计算使用5.1年期 评级为AA- 债参考YTM：2.5745,N,6.15,全价：274.669 最后更新：15:00:00,,,,0,"{'G': '本次（2026年4月9日至2026年4月29日）不提前赎回，以2026年7月30日为首个交易日重新计算', 'M': ''}",0,0,N,,,buy,buy
2026-06-08 12:14:18,111015,东亚转债,dyzz,132.546,-2.78,605177,东亚药业,dyyy,20.44,-10.0,1.32,20.28,100.79,0,31.51,164.06,370101,医药生物,shmb,C,2023-08-02,[],0,0,buy,A+,,14.196,26.364,28.7,buy,2029-07-06,3.08,6.662,12140.73,10759.32,13.6,-3.43,,0,14:59:52,00,Y,N,1,1,Y,转股价下修1次，成功下修1次,2024-01-12 开始转股,计算使用3.1年期 评级为A+ 债参考YTM：4.6952,N,6.9,全价：132.546 最后更新：14:59:52,,,,0,[],0,0,N,,,buy,buy
2026-06-08 12:14:18,123222,博俊转债,bjzz,153.921,-0.94,300926,博俊科技,bjkj,19.17,-3.96,2.27,16.46,116.46,0,32.16,186.08,280205,汽车,szcy,C,2023-09-28,[],0,0,buy,A+,,11.522,21.398,4.3,buy,2029-09-08,3.255,2.439,3419.86,8068.01,9.1,-7.67,,0,15:34:21,00,Y,N,0,0,Y,,2024-03-14 开始转股,计算使用3.3年期 评级为A+ 债参考YTM：4.7346,N,5.0,全价：153.921 最后更新：15:34:21,,,,0,"{'G': '本次（2025年11月24日至2025年12月12日）不提前赎回，自2026年6月12日后首个交易日重新计算', 'M': ''}",0,0,N,,,buy,buy
2026-06-08 12:14:18,113052,兴业转债,xyzz,118.785,0.54,601166,兴业银行,xyyh,18.54,-0.32,0.43,20.63,89.87,0,32.18,150.97,480301,银行,shmb,C,2022-01-14,[],0,0,buy,AAA,,,26.819,10.5,buy,2027-12-27,1.553,413.5,54768.17,157721.49,1.12,-4.16,,0,14:59:47,00,Y,Y,0,0,N,2026-06-05 至 2026-06-11 期间暂停转股：权益分派,2022-06-30 开始转股;2026-06-05 至 2026-06-11 期间暂停转股：权益分派,计算使用1.6年期 评级为AAA 债参考YTM：1.4933,N,500.0,全价：118.785 最后更新：14:59:47,,,,0,{'M': ''},0,0,N,,,buy,buy
2026-06-08 12:14:18,113686,泰瑞转债,trzz,158.096,-0.61,603289,泰瑞机器,trjq,9.55,-2.05,1.87,8.0,119.38,0,32.44,190.54,640209,机械设备,shmb,C,2024-07-24,[],0,0,buy,AA-,,5.6,10.4,12.0,buy,2030-07-02,4.069,3.363,9983.98,8499.97,18.65,-6.68,,0,14:59:48,00,Y,N,0,0,Y,,2025-01-08 开始转股,计算使用4.1年期 评级为AA- 债参考YTM：2.4388,N,3.378,全价：158.096 最后更新：14:59:48,,,,0,{'G': '本次（2026年5月6日至2026年5月26日）不提前赎回，自2026年8月26日之后的首个交易日重新起算'},0,0,N,,,buy,buy
2026-06-08 12:14:18,118030,睿创转债,rczz,396.245,-2.84,688002,睿创微纳,rcwn,116.98,-3.16,7.52,39.12,299.03,0,32.51,428.76,650501,国防军工,shkc,C,2023-02-10,[],0,0,buy,AA,,27.384,50.856,2.3,buy,2028-12-30,2.564,12.622,54914.4,123684.6,11.03,-39.01,,0,14:59:57,00,Y,N,0,0,N,2026-06-08 至 2026-06-08 期间暂停转股：股票激励计划,2023-07-06 开始转股;2026-06-08 至 2026-06-08 期间暂停转股：股票激励计划,计算使用2.6年期 评级为AA 债参考YTM：1.7135,N,15.647,全价：396.245 最后更新：14:59:57,,,,0,"{'G': '本次（2026年3月18日至2026年4月8日）不提前赎回，以2027年4月9日为首个交易日重新计算', 'M': ''}",0,0,N,,,buy,buy
2026-06-08 12:14:18,118058,微导转债,wdzz,328.832,-3.06,688147,微导纳米,wdnm,82.88,-1.92,12.78,33.43,247.92,0,32.64,361.47,630505,电力设备,shkc,C,2025-08-27,[],0,0,buy,AA,,23.401,43.459,3.0,buy,2031-08-06,5.164,11.7,82522.88,104234.32,21.38,-18.74,,0,14:59:57,00,Y,N,0,0,Y,,2026-02-12 开始转股,计算使用5.2年期 评级为AA 债参考YTM：1.9690,N,11.7,全价：328.832 最后更新：14:59:57,,,,0,"{'G': '本次（2026年2月12日至2026年3月12日）不提前赎回，以2026年9月13日为首个交易日重新计算', 'M': ''}",0,0,N,,,buy,buy
2026-06-08 12:14:18,123211,阳谷转债,ygzz,184.7,-2.38,300121,阳谷华泰,yght,12.8,-3.1,1.55,9.2,139.13,0,32.75,217.45,220604,基础化工,szcy,C,2023-08-14,[],0,0,buy,AA-,,6.44,11.96,5.6,buy,2029-07-27,3.137,3.07,33320.47,35221.25,57.18,-13.2,,0,15:34:24,00,Y,N,0,0,Y,,2024-02-02 开始转股,计算使用3.2年期 评级为AA- 债参考YTM：2.3642,N,6.5,全价：184.700 最后更新：15:34:24,,,,0,{'G': '本次（2025年12月15日至2026年1月6日）不提前赎回，2026年7月6日后首个交易日重新计算'},0,0,N,,,buy,buy
2026-06-08 12:14:18,123258,胜蓝转02,slz2,207.55,-2.22,300843,胜蓝股份,slgf,84.6,-5.07,8.4,54.36,155.63,0,33.36,240.91,270504,电子,szcy,C,2025-09-10,[],0,0,buy,AA-,,38.052,70.668,3.3,buy,2031-08-28,5.225,4.498,25727.37,51720.02,27.34,-10.42,,0,15:34:27,00,Y,N,0,0,Y,,2026-03-03 开始转股,计算使用5.3年期 评级为AA- 债参考YTM：2.7114,N,4.5,全价：207.550 最后更新：15:34:27,,,,0,{'G': '本次（2026年4月22日至2026年5月19日）不提前赎回，自2026年8月19日后首个交易日重新计算'},0,0,N,,,buy,buy
2026-06-08 12:14:18,127095,广泰转债,gtzz,141.626,-1.49,002111,威海广泰,whgt,9.59,-4.29,1.6,9.07,105.73,0,33.95,175.58,650201,国防军工,szmb,C,2023-11-10,[],0,0,buy,AA-,,6.349,11.791,14.8,buy,2029-10-18,3.364,6.927,3260.94,9417.09,3.32,-5.06,,0,15:34:03,00,Y,N,0,0,Y,,2024-04-24 开始转股,计算使用3.4年期 评级为AA- 债参考YTM：2.3905,N,7.0,全价：141.626 最后更新：15:34:03,,,,0,[],0,0,N,,,buy,buy
2026-06-08 12:14:18,127030,盛虹转债,shzz,116.175,-0.4,000301,东方盛虹,dfsh,11.43,-3.54,2.12,13.21,86.53,0,34.27,150.45,750301,石油石化,szmb,C,2021-04-21,[],0,0,buy,AA+,,9.247,17.173,6.6,buy,2027-03-22,0.786,49.974,9622.56,21049.11,1.65,-8.95,,0,15:34:30,00,Y,N,0,0,Y,,2021-09-27 开始转股,计算使用0.8年期 评级为AA+ 债参考YTM：1.4595,N,50.0,全价：116.175 最后更新：15:34:30,,,,1,{'M': ''},0,0,N,,,buy,buy
2026-06-08 12:14:18,110075,南航转债,nhzz,109.793,-0.23,600029,南方航空,nfhk,5.04,-3.45,2.47,6.17,81.69,0,34.41,144.2,421001,交通运输,shmb,C,2020-11-03,[],0,0,buy,AAA,,4.319,8.021,8.7,buy,2026-10-15,0.353,58.959,11199.12,77006.88,1.73,-8.55,,0,14:58:43,00,Y,N,0,0,Y,,2021-04-21 开始转股,计算使用0.4年期 评级为AAA 债参考YTM：1.4250,N,160.0,全价：109.793 最后更新：14:58:43,,,,1,{'M': ''},0,0,N,,,buy,buy
2026-06-08 12:14:18,123150,九强转债,jqzz,135.474,-0.63,300406,九强生物,jqsw,11.65,-2.51,1.76,11.6,100.43,0,34.89,170.36,370504,医药生物,szcy,C,2022-07-20,[],0,0,buy,AA-,,8.12,15.08,22.7,buy,2028-06-30,2.063,11.21,4333.55,6281.9,2.86,-8.28,,0,15:33:54,00,Y,N,1,1,Y,转股价下修1次，成功下修1次,2023-01-06 开始转股,计算使用2.1年期 评级为AA- 债参考YTM：1.9996,N,11.39,全价：135.474 最后更新：15:33:54,,,,0,{'M': ''},0,0,N,,,buy,buy
2026-06-08 12:14:18,111022,锡振转债,xzzz,168.026,0.4,605319,无锡振华,wxzh,28.2,1.88,3.43,22.64,124.56,0,34.9,202.93,280205,汽车,shmb,C,2025-07-14,[],0,0,buy,AA-,,15.848,29.432,5.3,buy,2031-06-18,5.03,5.197,14534.21,24845.02,16.67,-6.92,,0,14:59:59,00,Y,N,0,0,N,2026-06-01 至 2026-06-09 期间暂停转股：权益分派,2025-12-24 开始转股;2026-06-01 至 2026-06-09 期间暂停转股：权益分派,计算使用5.1年期 评级为AA- 债参考YTM：2.5745,N,5.2,全价：168.026 最后更新：14:59:59,,,,0,[],0,0,N,,,buy,buy
2026-06-08 12:14:18,118013,道通转债,dtzz,182.296,-1.13,688208,道通科技,dtkj,28.99,-0.38,4.8,21.48,134.96,0,35.07,217.37,710103,计算机,shkc,C,2022-07-28,[],0,0,buy,AA,,15.036,27.924,6.6,buy,2028-07-08,2.085,12.796,25958.45,45970.52,11.09,-19.04,,0,14:59:59,00,Y,N,0,0,Y,,2023-01-16 开始转股,计算使用2.1年期 评级为AA 债参考YTM：1.6498,N,12.8,全价：182.296 最后更新：14:59:59,,,,0,"{'G': '本次（2026年1月5日至2026年1月23日）不提前赎回，以2026年7月24日为首个交易日重新计算', 'M': ''}",0,0,N,,,buy,buy
2026-06-08 12:14:18,123064,万孚转债,wfzz,114.55,1.63,300482,万孚生物,wfsw,17.7,-4.27,1.5,20.88,84.77,0,35.13,149.68,370504,医药生物,szcy,C,2020-09-23,[],0,0,buy,AA,,14.616,27.144,7.9,buy,2026-09-01,0.233,5.976,27449.32,27012.85,40.35,-17.06,,0,15:34:45,00,Y,N,3,3,Y,转股价下修3次，成功下修3次,2021-03-08 开始转股,计算使用0.3年期 评级为AA 债参考YTM：1.4654,N,6.0,全价：114.550 最后更新：15:34:45,,,,1,{'M': ''},0,0,N,,,buy,buy
2026-06-08 12:14:18,113695,华辰转债,hczz,144.47,-1.58,603097,江苏华辰,jshc,25.1,-3.5,3.64,23.48,106.9,0,35.15,179.62,630801,电力设备,shmb,C,2025-07-10,[],0,0,buy,A+,,16.436,30.524,11.4,buy,2031-06-20,5.036,4.597,9176.7,6876.18,13.82,-3.86,,0,14:59:44,00,Y,N,0,0,Y,,2025-12-26 开始转股,计算使用5.1年期 评级为A+ 债参考YTM：4.9237,N,4.6,全价：144.470 最后更新：14:59:44,,,,0,[],0,0,N,,,buy,buy
2026-06-08 12:14:18,128134,鸿路转债,hlzz,115.717,0.17,002541,鸿路钢构,hlgg,18.61,1.09,1.27,21.99,84.63,0,36.73,152.45,620401,建筑装饰,szmb,C,2020-11-02,[],0,0,buy,AA,,15.393,28.587,17.0,buy,2026-10-09,0.337,15.726,3094.54,17365.5,1.7,-14.78,,0,15:34:21,00,Y,N,1,1,Y,转股价下修1次，成功下修1次,2021-04-15 开始转股,计算使用0.4年期 评级为AA 债参考YTM：1.4659,N,18.8,全价：115.717 最后更新：15:34:21,,,,0,{'M': ''},0,0,N,,,buy,buy
2026-06-08 12:14:18,127088,赫达转债,hdzz,172.252,-2.07,002810,山东赫达,sdhd,21.11,-3.61,3.2,16.76,125.96,0,36.76,209.01,220309,基础化工,szmb,C,2023-07-19,[],0,0,buy,AA-,,11.732,21.788,8.8,buy,2029-07-03,3.071,5.996,8271.32,18629.1,8.02,-11.44,,0,15:34:51,00,Y,N,0,0,Y,,2024-01-08 开始转股,计算使用3.1年期 评级为AA- 债参考YTM：2.3429,N,6.0,全价：172.252 最后更新：15:34:51,,,,0,"{'G': '本次（2026年3月30日至2026年4月20日）不提前赎回，自2026年10月21日起重新计算', 'M': ''}",0,0,N,,,buy,buy
2026-06-08 12:14:18,118062,天准转债,tzzz,273.351,-3.03,688003,天准科技,tzkj,110.38,5.12,10.68,55.23,199.86,10,36.77,310.12,640704,机械设备,shkc,C,2025-12-31,[],0,0,buy,AA-,,38.661,66.276,4.1,buy,2031-12-11,5.512,8.72,110969.32,106560.85,45.18,-14.58,,0,14:59:59,00,Y,N,0,0,Y,,未到转股期；2026-06-18 开始转股,计算使用5.6年期 评级为AA- 债参考YTM：3.0244,N,8.72,全价：273.351 最后更新：14:59:59,,,,0,{'M': ''},0,0,N,120%,,buy,buy
2026-06-08 12:14:18,113680,丽岛转债,ldzz,144.873,-1.83,603937,丽岛新材,ldxc,13.66,-4.94,1.81,12.91,105.81,0,36.92,181.79,240301,有色金属,shmb,C,2023-12-05,[],0,0,buy,A+,,9.037,16.783,10.5,buy,2029-11-15,3.441,2.998,5897.81,9468.0,13.57,-5.37,,0,14:59:52,00,Y,N,0,0,Y,,2024-05-21 开始转股,计算使用3.5年期 评级为A+ 债参考YTM：4.7543,N,3.0,全价：144.873 最后更新：14:59:52,,,,0,[],0,0,N,,,buy,buy
2026-06-08 12:14:18,123149,通裕转债,tyzz,130.587,-1.23,300185,通裕重工,tyzg,2.58,-4.09,1.43,2.71,95.2,0,37.17,167.76,630602,电力设备,szcy,C,2022-07-15,[],0,0,buy,AA,,1.897,3.523,11.2,buy,2028-06-20,2.036,11.069,11257.88,26648.83,7.78,-6.06,,0,15:34:03,00,Y,N,0,0,Y,,2022-12-26 开始转股,计算使用2.1年期 评级为AA 债参考YTM：1.6498,N,14.847,全价：130.587 最后更新：15:34:03,,,,0,{'M': ''},0,0,N,,,buy,buy
2026-06-08 12:14:18,113678,中贝转债,zbzz,147.382,-1.85,603220,中贝通信,zbtx,22.0,-3.38,3.0,20.54,107.11,0,37.6,184.98,730103,通信,shmb,C,2023-11-21,[],0,0,buy,A+,,14.378,26.702,5.3,buy,2029-10-19,3.367,5.108,15520.94,58098.71,20.62,-5.94,,0,14:59:59,00,Y,N,2,1,Y,转股价下修2次，成功下修1次,2024-04-25 开始转股,计算使用3.4年期 评级为A+ 债参考YTM：4.7462,N,5.17,全价：147.382 最后更新：14:59:59,,,,0,"{'G': '本次（2026年3月16日至2026年4月27日）不提前赎回，以2026年7月28日起算', 'M': ''}",0,0,N,,,buy,buy
2026-06-08 12:14:18,128125,华阳转债,hyzz,113.098,-0.06,002949,华阳国际,hygj,11.62,-2.52,1.44,14.19,81.89,0,38.11,151.21,620601,建筑装饰,szmb,C,2020-08-21,[],0,0,buy,AA-,,9.933,18.447,25.5,buy,2026-07-30,0.143,4.496,3601.0,3730.21,7.08,-0.62,,0,15:34:06,00,Y,N,2,2,Y,转股价下修2次，成功下修2次,2021-02-05 开始转股,计算使用0.2年期 评级为AA- 债参考YTM：1.6646,N,4.5,全价：113.098 最后更新：15:34:06,,,,1,[],0,0,N,,,buy,buy
2026-06-08 12:14:18,127082,亚科转债,ykzz,134.99,-1.07,002540,亚太科技,ytkj,5.16,-3.37,1.14,5.29,97.54,0,38.39,173.38,240301,有色金属,szmb,C,2023-04-27,[],0,0,buy,AA,,3.703,6.877,26.2,buy,2029-03-09,2.753,11.585,7142.98,5494.34,4.56,-5.65,,0,15:34:00,00,Y,N,0,0,Y,,2023-09-15 开始转股,计算使用2.8年期 评级为AA 债参考YTM：1.7391,N,11.59,全价：134.990 最后更新：15:34:00,,,,0,[],0,0,N,,,buy,buy
2026-06-08 12:14:18,113643,风语转债,fyzz,142.453,1.58,603466,风语筑,fyz,12.12,4.84,3.41,11.8,102.71,0,38.69,181.14,720706,传媒,shmb,C,2022-04-22,[],0,0,buy,AA-,,8.26,15.34,6.9,buy,2028-03-25,1.797,4.993,58174.38,114439.65,81.36,-10.48,,0,14:59:58,00,Y,N,1,1,Y,转股价下修1次，成功下修1次,2022-10-10 开始转股,计算使用1.8年期 评级为AA- 债参考YTM：1.9372,N,5.0,全价：142.453 最后更新：14:59:58,,,,1,{'M': ''},0,0,N,,,buy,buy
2026-06-08 12:14:18,123080,海波转债,hbzz,134.0,-0.29,300517,海波重科,hbzk,10.83,-2.43,2.03,11.28,96.01,0,39.57,173.57,620401,建筑装饰,szcy,C,2020-12-22,[],0,0,buy,A+,,7.896,14.664,10.9,buy,2026-12-02,0.485,1.486,2195.18,6398.48,11.03,-21.67,,0,15:34:48,00,Y,N,0,0,Y,,2021-06-08 开始转股,计算使用0.5年期 评级为A+ 债参考YTM：4.0464,N,2.45,全价：134.000 最后更新：15:34:48,,,,1,[],0,0,N,,,buy,buy
2026-06-08 12:14:18,113054,绿动转债,ldzz,127.601,-1.16,601330,绿色动力,lsdl,8.1,-3.11,1.37,8.89,91.11,0,40.05,167.65,760103,环保,shmb,C,2022-03-23,[],0,0,buy,AA+,,6.223,11.557,29.5,buy,2028-02-25,1.718,23.598,13671.5,20605.68,4.54,-7.97,,0,14:59:17,00,Y,N,0,0,Y,,2022-09-05 开始转股,计算使用1.8年期 评级为AA+ 债参考YTM：1.5501,N,23.6,全价：127.601 最后更新：14:59:17,,,,1,[],0,0,N,,,buy,buy
2026-06-08 12:14:18,110097,天润转债,trzz,138.519,-1.37,600419,天润乳业,trry,8.09,-2.53,1.03,8.19,98.78,0,40.23,178.75,340702,食品饮料,shmb,C,2024-11-15,[],0,0,buy,AA,,5.733,10.647,38.7,buy,2030-10-24,4.381,9.89,4004.34,4364.89,2.92,-4.28,,0,14:59:55,00,Y,N,0,0,Y,,2025-04-30 开始转股,计算使用4.4年期 评级为AA 债参考YTM：1.9116,N,9.9,全价：138.519 最后更新：14:59:55,,,,0,[],0,0,N,,,buy,buy
2026-06-08 12:14:18,110098,南药转债,nyzz,135.074,-0.97,600713,南京医药,njyy,4.92,-1.99,0.88,5.12,96.09,0,40.56,175.63,370402,医药生物,shmb,C,2025-01-20,[],0,0,buy,AA+,,3.584,6.656,17.0,buy,2030-12-25,4.551,10.814,6234.18,4102.34,4.27,-4.04,,0,14:59:47,00,Y,N,0,0,Y,,2025-07-01 开始转股,计算使用4.6年期 评级为AA+ 债参考YTM：1.7303,N,10.815,全价：135.074 最后更新：14:59:47,,,,0,[],0,0,N,,,buy,buy
2026-06-08 12:14:18,110081,闻泰转债,wtzz,90.136,-1.03,600745,*ST闻泰,wtkj,20.91,-2.24,1.07,32.66,64.02,0,40.79,130.93,270102,电子,shmb,C,2021-08-20,[],0,0,buy,BBB+,,22.862,42.458,33.0,buy,2027-07-28,1.137,85.957,29703.21,193244.1,3.83,19.34,,0,15:00:00,00,Y,N,3,2,Y,转股价下修3次，成功下修2次,2022-02-07 开始转股,计算使用1.2年期 评级为BBB+ 债参考YTM：11.9206,Y,86.0,全价：90.136 最后更新：15:00:00,,,"按下调到底估算
股东大会：2026-06-16
预估转股价：20.69
预估转股价值：101.06
期权价值：21.65
理论价值：118.47
理论偏离度：-31.43%",1,[],0,0,N,,,buy,buy
2026-06-08 12:14:18,127108,太能转债,tnzz,128.584,-1.01,000591,太阳能,tyn,5.06,-3.8,0.82,5.55,91.17,0,41.04,169.62,410106,公用事业,szmb,C,2025-04-16,[],0,0,buy,AA+,,3.885,7.215,14.9,buy,2031-03-28,4.806,29.498,14655.04,48145.54,3.86,-2.0,,0,15:33:54,00,Y,N,0,0,Y,,2025-10-09 开始转股,计算使用4.9年期 评级为AA+ 债参考YTM：1.7501,N,29.5,全价：128.584 最后更新：15:33:54,,,,0,"{'M': '', 'EX': '中国节能环保集团有限公司竞价、大宗减持12.64% 2026年05月29日公告'}",0,0,N,,,buy,buy
2026-06-08 12:14:18,118040,宏微转债,hwzz,147.28,-3.24,688711,宏微科技,hwkj,29.74,-11.3,5.83,28.51,104.31,0,41.19,188.47,270102,电子,shkc,C,2023-08-14,[],0,0,buy,A,,19.957,37.063,6.8,buy,2029-07-25,3.132,4.297,9896.1,44447.68,15.48,-6.4,,0,14:59:52,00,Y,N,1,1,Y,转股价下修1次，成功下修1次,2024-01-31 开始转股,计算使用3.2年期 评级为A 债参考YTM：7.0680,N,4.3,全价：147.280 最后更新：14:59:52,,,,0,{'M': ''},0,0,N,,,buy,buy
2026-06-08 12:14:18,118007,山石转债,sszz,138.737,-0.57,688030,山石网科,sswk,16.21,-1.16,4.19,16.5,98.24,0,41.22,179.96,710402,计算机,shkc,C,2022-04-21,[],0,0,buy,A-,,11.55,21.45,9.1,buy,2028-03-22,1.789,2.671,3106.1,4809.08,8.39,-9.42,,0,14:59:51,00,Y,N,1,1,Y,转股价下修1次，成功下修1次,2022-09-28 开始转股,计算使用1.8年期 评级为A- 债参考YTM：8.9759,N,2.674,全价：138.737 最后更新：14:59:51,,,,1,{'M': ''},0,0,N,,,buy,buy
2026-06-08 12:14:18,118060,瑞可转债,rkzz,221.608,-5.35,688800,瑞可达,rkd,115.65,-8.29,9.43,73.85,156.6,0,41.51,263.12,270401,电子,shkc,C,2025-12-12,[],0,0,buy,AA-,,51.695,96.005,4.2,buy,2031-11-14,5.438,9.999,34999.1,122013.24,15.58,-11.38,,0,14:59:59,00,Y,N,0,0,Y,,2026-05-20 开始转股,计算使用5.5年期 评级为AA- 债参考YTM：2.9140,N,10.0,全价：221.608 最后更新：14:59:59,,,,0,{'M': ''},0,0,N,,,buy,buy
2026-06-08 12:14:18,111002,特纸转债,tzzz,135.172,-1.37,605007,五洲特纸,wztz,12.86,-3.53,1.63,13.49,95.33,0,41.79,176.96,360103,轻工制造,shmb,C,2021-12-30,[],0,0,buy,AA,,9.443,17.537,12.8,buy,2027-12-08,1.501,6.619,6094.0,4838.5,6.8,-10.95,,0,14:59:50,00,Y,N,1,1,Y,转股价下修1次，成功下修1次,2022-06-14 开始转股,计算使用1.6年期 评级为AA 债参考YTM：1.5875,N,6.7,全价：135.172 最后更新：14:59:50,,,,1,[],0,0,N,,,buy,buy
2026-06-08 12:14:18,127046,百润转债,brzz,131.164,0.51,002568,百润股份,brgf,18.8,2.29,3.78,20.33,92.47,0,41.84,173.0,340602,食品饮料,szmb,C,2021-11-03,[],0,0,buy,AA,,14.231,26.429,7.9,buy,2027-09-29,1.31,11.274,7455.65,42256.8,5.05,-11.63,,0,15:33:57,00,Y,N,1,1,Y,转股价下修1次，成功下修1次,2022-04-12 开始转股,计算使用1.4年期 评级为AA 债参考YTM：1.5626,N,11.28,全价：131.164 最后更新：15:33:57,,,,0,{'M': ''},0,0,N,,,buy,buy
2026-06-08 12:14:18,128121,宏川转债,hczz,108.001,-0.44,002930,宏川智慧,hczh,9.51,-4.04,2.07,12.65,75.18,0,43.66,151.66,420806,交通运输,szmb,C,2020-08-07,[],0,0,buy,AA-,,8.855,16.445,15.7,buy,2026-07-17,0.107,6.466,5342.53,13045.94,7.64,-0.01,,0,15:34:24,00,Y,N,2,2,Y,转股价下修2次，成功下修2次,2021-01-25 开始转股,计算使用0.2年期 评级为AA- 债参考YTM：1.6646,N,6.7,全价：108.001 最后更新：15:34:24,,,,0,{'M': ''},0,0,N,,,buy,buy
2026-06-08 12:14:18,128138,侨银转债,qyzz,129.875,-0.01,002973,侨银股份,qygf,13.22,-0.83,2.07,14.64,90.3,0,43.83,173.71,760103,环保,szmb,C,2020-12-24,[],0,0,buy,A+,,10.248,19.032,10.0,buy,2026-11-17,0.444,4.199,4848.09,10250.69,8.89,0.22,,0,15:34:24,00,Y,N,2,2,Y,转股价下修2次，成功下修2次,2021-05-24 开始转股,计算使用0.5年期 评级为A+ 债参考YTM：4.0464,N,4.2,全价：129.875 最后更新：15:34:24,,,,1,[],0,0,N,,,buy,buy
2026-06-08 12:14:18,123189,晓鸣转债,xmzz,137.528,1.72,300967,晓鸣股份,xmgf,18.25,2.82,4.36,19.09,95.6,0,43.86,181.39,110703,农林牧渔,szcy,C,2023-04-25,[],0,0,buy,A,,13.363,24.817,14.4,buy,2029-04-06,2.83,3.286,58033.11,37201.99,126.93,-5.57,,0,15:34:18,00,Y,N,0,0,Y,,2023-10-12 开始转股,计算使用2.9年期 评级为A 债参考YTM：6.9786,N,3.29,全价：137.528 最后更新：15:34:18,,,,0,{'M': ''},0,0,N,,,buy,buy
2026-06-08 12:14:18,110092,三房转债,sfzz,62.916,-1.18,600370,*ST三房,sfx,1.32,-3.65,1.03,3.02,43.71,0,43.94,106.86,220401,基础化工,shmb,C,2023-02-07,[],0,0,buy,A+,,2.114,3.926,39.9,buy,2029-01-06,2.584,21.185,34894.65,7385.63,26.43,26.18,,0,14:59:59,00,Y,N,0,0,Y,,2023-07-12 开始转股,计算使用2.6年期 评级为A+ 债参考YTM：4.5111,N,25.0,全价：62.916 最后更新：14:59:59,,,,0,[],0,0,N,,,buy,buy
2026-06-08 12:14:18,118059,颀中转债,qzzz,196.819,-2.96,688352,颀中科技,qzkj,18.73,-4.73,3.82,13.7,136.72,0,43.96,240.78,270107,电子,shkc,C,2025-11-21,[],0,0,buy,AA+,,9.59,17.81,12.4,buy,2031-11-03,5.408,8.499,46538.3,60072.15,28.05,-9.95,,0,15:00:00,00,Y,N,0,0,Y,,2026-05-07 开始转股,计算使用5.5年期 评级为AA+ 债参考YTM：1.8104,N,8.5,全价：196.819 最后更新：15:00:00,,,,0,"{'M': '', 'EX': '合肥颀中科技控股有限公司大宗减持8.96% 2026年06月04日公告\n合肥芯屏产业投资基金（有限合伙）大宗减持2.81% 2026年06月04日公告'}",0,0,N,,,buy,buy
2026-06-08 12:14:18,123172,漱玉转债,syzz,133.3,-0.89,301017,漱玉平民,sypm,13.75,-2.14,2.6,14.91,92.22,0,44.55,177.85,370403,医药生物,szcy,C,2023-01-06,[],0,0,buy,AA-,,10.437,19.383,22.4,buy,2028-12-15,2.523,7.96,5172.28,8852.11,4.86,-5.29,,0,15:34:12,00,Y,N,1,1,Y,转股价下修1次，成功下修1次,2023-06-21 开始转股,计算使用2.6年期 评级为AA- 债参考YTM：2.1684,N,8.0,全价：133.300 最后更新：15:34:12,,,,0,{'M': ''},0,0,N,,,buy,buy
2026-06-08 12:14:18,123171,共同转债,gtzz,134.815,-1.29,300966,共同药业,gtyy,25.24,-4.65,3.51,27.12,93.07,0,44.86,179.68,370101,医药生物,szcy,C,2022-12-16,[],0,0,buy,A,,18.984,35.256,19.6,buy,2028-11-28,2.477,3.799,4532.27,8262.19,8.79,-4.92,,0,15:33:57,00,Y,N,0,0,Y,,2023-06-02 开始转股,计算使用2.5年期 评级为A 债参考YTM：6.8220,N,3.8,全价：134.815 最后更新：15:33:57,,,,0,{'M': ''},0,0,N,,,buy,buy
2026-06-08 12:14:18,111017,蓝天转债,ltzz,126.74,-0.78,605368,蓝天燃气,ltrq,6.95,-1.84,1.47,7.98,87.09,0,45.52,172.26,410301,公用事业,shmb,C,2023-09-08,[],0,0,buy,AA,,5.586,10.374,13.5,buy,2029-08-15,3.189,6.715,4003.08,2287.5,4.7,-3.26,,0,14:59:49,00,Y,N,0,0,Y,,2024-02-21 开始转股,计算使用3.2年期 评级为AA 债参考YTM：1.7891,N,8.7,全价：126.740 最后更新：14:59:49,,,,0,[],0,0,N,,,buy,buy
2026-06-08 12:14:18,113649,丰山转债,fszz,134.434,-0.81,603810,丰山集团,fsjt,12.65,-2.09,1.28,13.73,92.13,0,45.91,180.34,220803,基础化工,shmb,C,2022-07-21,[],0,0,buy,AA-,,9.611,17.849,21.9,buy,2028-06-27,2.055,4.577,5053.35,3788.43,8.2,-6.08,,0,14:58:52,00,Y,N,0,0,N,2026-06-03 至 2026-06-09 期间暂停转股：权益分派,2023-01-03 开始转股;2026-06-03 至 2026-06-09 期间暂停转股：权益分派,计算使用2.1年期 评级为AA- 债参考YTM：1.9996,N,5.0,全价：134.434 最后更新：14:58:52,,,,0,[],0,0,N,,,buy,buy
2026-06-08 12:14:18,127105,龙星转债,lxzz,130.281,-1.8,002442,龙星科技,lxkj,5.17,-5.83,1.41,5.8,89.14,0,46.16,176.44,220603,基础化工,szmb,C,2024-03-06,[],0,0,buy,AA-,,4.06,7.54,29.7,buy,2030-01-31,3.652,7.54,9061.37,16197.43,9.18,-2.42,,0,15:34:09,00,Y,N,0,0,Y,,2024-08-07 开始转股,计算使用3.7年期 评级为AA- 债参考YTM：2.4078,N,7.54,全价：130.281 最后更新：15:34:09,,,,0,[],0,0,N,,,buy,buy
2026-06-08 12:14:18,123235,亿田转债,ytzz,157.594,-6.31,300911,亿田智能,ytzn,22.97,-4.61,3.69,21.31,107.79,0,46.2,203.79,330401,家用电器,szcy,C,2024-01-12,[],0,0,buy,AA-,,14.917,27.703,11.1,buy,2029-12-21,3.54,4.353,41929.92,15125.42,60.8,-7.65,,0,15:34:24,00,Y,N,0,0,Y,,2024-06-27 开始转股,计算使用3.6年期 评级为AA- 债参考YTM：2.4033,N,5.202,全价：157.594 最后更新：15:34:24,,,,0,{'M': ''},0,0,N,,,buy,buy
2026-06-08 12:14:18,113070,渝水转债,yszz,128.493,-0.12,601158,重庆水务,cqsw,4.22,-0.71,1.16,4.82,87.55,0,46.76,175.25,760102,环保,shmb,C,2025-02-13,[],0,0,buy,AAA,,3.374,6.266,9.4,buy,2031-01-09,4.592,18.998,6768.74,3800.69,2.77,-3.12,,0,14:58:47,00,Y,N,0,0,N,2026-06-03 至 2026-06-11 期间暂停转股：权益分派,2025-07-15 开始转股;2026-06-03 至 2026-06-11 期间暂停转股：权益分派,计算使用4.6年期 评级为AAA 债参考YTM：1.6750,N,19.0,全价：128.493 最后更新：14:58:47,,,,0,{'M': ''},0,0,N,,,buy,buy
2026-06-08 12:14:18,123155,中陆转债,zlzz,138.588,-0.64,301040,中环海陆,zhhl,29.96,-2.31,3.87,31.76,94.33,0,46.91,185.5,630602,电力设备,szcy,C,2022-08-31,[],0,0,buy,A+,,22.232,41.288,12.7,buy,2028-08-12,2.181,3.6,5456.72,10111.85,10.92,-6.8,,0,15:34:06,00,Y,N,0,0,Y,,2023-02-20 开始转股,计算使用2.2年期 评级为A+ 债参考YTM：4.3673,N,3.6,全价：138.588 最后更新：15:34:06,,,,0,{'M': ''},0,0,N,,,buy,buy
2026-06-08 12:14:18,127099,盛航转债,shzz,134.197,-0.1,001205,盛航股份,shgf,13.97,-0.99,1.19,15.33,91.13,0,47.26,181.46,421101,交通运输,szmb,C,2023-12-28,[],0,0,buy,AA-,,10.731,19.929,19.5,buy,2029-12-06,3.499,4.541,3218.58,3898.31,5.29,-3.28,,0,15:34:18,00,Y,N,1,1,Y,转股价下修1次，成功下修1次,2024-06-12 开始转股,计算使用3.5年期 评级为AA- 债参考YTM：2.3980,N,7.4,全价：134.197 最后更新：15:34:18,,,,0,[],0,0,N,,,buy,buy
2026-06-08 12:14:18,123107,温氏转债,wszz,114.753,-0.25,300498,温氏股份,wsgf,12.69,-1.55,2.09,16.29,77.9,0,47.31,162.06,110702,农林牧渔,szcy,C,2021-04-21,[],0,0,buy,AAA,,11.403,21.177,10.2,buy,2027-03-29,0.806,77.063,10552.72,63110.71,1.19,-7.31,,0,15:33:57,00,Y,N,0,0,Y,,2021-10-08 开始转股,计算使用0.9年期 评级为AAA 债参考YTM：1.4494,N,92.97,全价：114.753 最后更新：15:33:57,,,,1,{'M': ''},0,0,N,,,buy,buy
2026-06-08 12:14:18,123237,佳禾转债,jhzz,138.385,-1.77,300793,佳禾智能,jhzn,12.62,-5.11,1.7,13.46,93.76,0,47.6,185.99,270504,电子,szcy,C,2024-01-24,[],0,0,buy,A+,,9.422,17.498,9.2,buy,2030-01-04,3.578,4.315,2945.74,10571.67,4.92,-4.59,,0,15:34:27,00,Y,N,1,1,Y,转股价下修1次，成功下修1次,2024-07-10 开始转股,计算使用3.6年期 评级为A+ 债参考YTM：4.7601,N,10.04,全价：138.385 最后更新：15:34:27,,,,0,[],0,0,N,,,buy,buy
2026-06-08 12:14:18,127093,章鼓转债,zgzz,131.65,1.0,002598,ST章鼓,sdzg,7.48,5.06,1.77,8.4,89.05,0,47.84,179.49,640106,机械设备,szmb,C,2023-11-03,[],0,0,buy,A,,5.88,10.92,11.3,buy,2029-10-17,3.362,2.425,12998.64,9866.88,40.33,-3.25,,0,15:34:15,00,Y,N,1,1,Y,转股价下修1次，成功下修1次,2024-04-23 开始转股,计算使用3.4年期 评级为A 债参考YTM：7.0962,N,2.43,全价：131.650 最后更新：15:34:15,,,,0,[],0,0,N,,,buy,buy
2026-06-08 12:14:18,118031,天23转债,t23zz,122.095,-0.41,688599,天合光能,thgn,13.21,-6.58,1.49,16.0,82.56,0,47.88,169.98,630502,电力设备,shkc,C,2023-03-15,[],0,0,buy,AA,,11.2,20.8,18.9,buy,2029-02-13,2.688,58.512,15760.03,70265.85,2.21,-1.19,,0,14:58:43,00,Y,N,2,2,Y,转股价下修2次，成功下修2次,2023-08-17 开始转股,计算使用2.7年期 评级为AA 债参考YTM：1.7263,N,88.648,全价：122.095 最后更新：14:58:43,,,,0,{'M': ''},0,0,N,,,buy,buy
2026-06-08 12:14:18,118034,晶能转债,jnzz,118.27,-1.16,688223,晶科能源,jkny,5.07,-5.76,2.02,6.35,79.84,0,48.13,166.4,630502,电力设备,shkc,C,2023-05-19,[],0,0,buy,AA+,,4.445,7.62,16.0,buy,2029-04-20,2.869,83.22,23622.66,73267.68,2.4,-2.13,,0,14:59:48,00,Y,N,1,1,Y,转股价下修1次，成功下修1次,2023-10-26 开始转股,计算使用2.9年期 评级为AA+ 债参考YTM：1.6551,N,100.0,全价：118.270 最后更新：14:59:48,,,,0,{'M': ''},0,0,N,120%,,buy,buy
2026-06-08 12:14:18,123088,威唐转债,wtzz,123.189,-0.2,300707,威唐工业,wtgy,12.39,-2.9,1.89,14.9,83.15,0,48.14,171.33,280205,汽车,szcy,C,2021-01-06,[],0,0,buy,A+,,10.43,19.37,16.6,buy,2026-12-15,0.521,3.004,3241.07,5749.95,8.77,-12.84,,0,15:34:45,00,Y,N,1,1,Y,转股价下修1次，成功下修1次,2021-06-21 开始转股,计算使用0.6年期 评级为A+ 债参考YTM：4.0611,N,3.014,全价：123.189 最后更新：15:34:45,,,,1,[],0,0,N,,,buy,buy
2026-06-08 12:14:18,118012,微芯转债,wxzz,142.139,-2.28,688321,微芯生物,wxsw,24.28,-4.97,4.16,25.34,95.82,0,48.34,190.48,370102,医药生物,shkc,C,2022-07-28,[],0,0,buy,A+,,17.738,32.942,5.0,buy,2028-07-05,2.077,4.996,5410.73,24845.23,7.58,-8.28,,0,14:59:57,00,Y,N,0,0,Y,,2023-01-11 开始转股,计算使用2.1年期 评级为A+ 债参考YTM：4.3396,N,5.0,全价：142.139 最后更新：14:59:57,,,,0,{'M': ''},0,0,N,,,buy,buy
2026-06-08 12:14:18,127064,杭氧转债,hyzz,138.0,-1.18,002430,杭氧股份,hygf,24.07,-3.72,2.32,25.97,92.68,0,48.89,186.89,220309,基础化工,szmb,C,2022-07-05,[],0,0,buy,AA+,,18.179,33.761,4.8,buy,2028-05-19,1.948,11.364,6221.14,38763.05,3.94,-11.17,,0,15:34:03,00,Y,N,1,1,Y,转股价下修1次，成功下修1次,2022-11-25 开始转股,计算使用2.0年期 评级为AA+ 债参考YTM：1.5671,N,11.37,全价：138.000 最后更新：15:34:03,,,,1,{'M': ''},0,0,N,,,buy,buy
2026-06-08 12:14:18,128129,青农转债,qnzz,107.688,0.03,002958,青农商行,qnsh,2.89,-1.03,0.36,4.0,72.25,0,49.05,156.74,480501,银行,szmb,C,2020-09-18,[],0,0,buy,AAA,,,5.2,31.8,buy,2026-08-25,0.214,49.997,18364.12,11808.35,3.41,1.37,,0,15:34:18,00,Y,N,1,1,Y,转股价下修1次，成功下修1次,2021-03-01 开始转股,计算使用0.3年期 评级为AAA 债参考YTM：1.4250,N,50.0,全价：107.688 最后更新：15:34:18,,,,0,{'M': ''},0,0,N,,,buy,buy
2026-06-08 12:14:18,123259,锦浪转02,jlz02,193.4,-2.32,300763,锦浪科技,jlkj,93.82,-3.63,4.1,72.35,129.68,0,49.14,242.54,630503,电力设备,szcy,C,2025-11-06,[],0,0,buy,AA,,50.645,94.055,5.6,buy,2031-10-17,5.362,16.763,45924.9,131670.43,14.37,-9.45,,0,15:34:30,00,Y,N,1,1,Y,转股价下修1次，成功下修1次,2026-04-23 开始转股,计算使用5.4年期 评级为AA 债参考YTM：2.0060,N,16.766,全价：193.400 最后更新：15:34:30,,,,0,"{'G': '本次（2026年4月23日至2026年5月20日）不提前赎回，以2027年5月21日为首个交易日重新计算', 'M': ''}",0,0,N,,,buy,buy
2026-06-08 12:14:18,123255,鼎龙转债,dlzz,340.271,-3.04,300054,鼎龙股份,dlgf,64.91,-6.94,11.24,28.48,227.91,0,49.3,389.57,270601,电子,szcy,C,2025-04-23,[],0,0,buy,AA,,19.936,37.024,1.9,buy,2031-04-02,4.819,9.096,57765.93,251960.55,18.99,-20.47,,0,15:34:09,00,Y,N,0,0,N,2026-06-05 起暂停转股：权益分派,2025-10-09 开始转股;2026-06-05 起暂停转股：权益分派,计算使用4.9年期 评级为AA 债参考YTM：1.9397,N,9.1,全价：340.271 最后更新：15:34:09,,,,0,"{'G': '本次（2026年4月8日至2026年4月28日）不提前赎回，自2026年10月28日后首个交易日重新计算', 'M': ''}",0,0,N,,,buy,buy
2026-06-08 12:14:18,110087,天业转债,tyzz,129.362,-0.34,600075,新疆天业,xjty,4.84,-1.43,0.9,5.6,86.43,0,49.68,179.04,220202,基础化工,shmb,C,2022-07-19,[],0,0,buy,AA+,,3.92,7.28,36.3,buy,2028-06-23,2.044,29.975,9033.63,12190.08,2.33,-7.24,,0,14:59:29,00,Y,N,1,1,Y,转股价下修1次，成功下修1次,2022-12-29 开始转股,计算使用2.1年期 评级为AA+ 债参考YTM：1.5760,N,30.0,全价：129.362 最后更新：14:59:29,,,,0,{'M': ''},0,0,N,,,buy,buy
2026-06-08 12:14:18,127045,牧原转债,myzz,118.073,-1.15,002714,牧原股份,mygf,34.15,-2.6,2.26,43.32,78.83,0,49.78,167.85,110702,农林牧渔,szmb,C,2021-09-10,[],0,0,buy,AAA,,30.324,56.316,8.5,buy,2027-08-16,1.189,95.43,13753.12,168487.51,1.22,-6.94,,0,15:34:51,00,Y,Y,0,0,Y,,2022-02-21 开始转股,计算使用1.2年期 评级为AAA 债参考YTM：1.4763,N,95.5,全价：118.073 最后更新：15:34:51,,,,1,{'M': ''},0,0,N,,,buy,buy
2026-06-08 12:14:18,118053,正帆转债,zfzz,148.514,-2.59,688596,正帆科技,zfkj,37.94,-7.24,2.98,38.35,98.93,0,50.12,198.63,640209,机械设备,shkc,C,2025-04-03,[],0,0,buy,AA,,26.845,49.855,9.3,buy,2031-03-18,4.778,10.409,19345.52,63390.71,12.4,-5.14,,0,14:59:53,00,Y,N,0,0,Y,,2025-09-24 开始转股,计算使用4.8年期 评级为AA 债参考YTM：1.9339,N,10.41,全价：148.514 最后更新：14:59:53,,,,0,{'M': ''},0,0,N,,,buy,buy
2026-06-08 12:14:18,123252,银邦转债,ybzz,142.568,-1.66,300337,银邦股份,ybgf,11.88,-4.42,5.45,12.51,94.96,0,50.13,192.7,240301,有色金属,szcy,C,2025-01-24,[],0,0,buy,AA-,,8.757,16.263,9.3,buy,2031-01-06,4.584,7.846,7421.99,35121.91,6.6,-4.18,,0,15:34:42,00,Y,N,0,0,Y,,2025-07-14 开始转股,计算使用4.6年期 评级为AA- 债参考YTM：2.4978,N,7.85,全价：142.568 最后更新：15:34:42,,,,0,{'M': ''},0,0,N,,,buy,buy
2026-06-08 12:14:18,113658,密卫转债,mwzz,135.79,-1.24,603713,密尔克卫,mekw,49.48,-5.77,1.58,54.72,90.42,0,50.17,185.96,420806,交通运输,shmb,C,2022-10-25,[],0,0,buy,AA-,,38.304,71.136,11.1,buy,2027-09-16,1.274,8.719,4286.15,21144.55,3.62,-13.28,,0,14:58:16,00,Y,N,1,1,Y,转股价下修1次，成功下修1次,2023-03-22 开始转股,计算使用1.3年期 评级为AA- 债参考YTM：1.8366,N,8.724,全价：135.790 最后更新：14:58:16,,,,1,{'M': ''},0,0,N,,,buy,buy
2026-06-08 12:14:18,113037,紫银转债,zyzz,109.788,0.0,601860,紫金银行,zjyh,2.63,0.77,0.46,3.6,73.06,0,50.28,160.07,480501,银行,shmb,C,2020-08-17,[],0,0,buy,AA+,,,4.68,48.2,buy,2026-07-23,0.123,44.995,7106.52,11277.33,1.44,1.6,,0,14:59:29,00,Y,N,1,1,N,"转股价下修1次，成功下修1次
2026-06-01 至 2026-06-08 期间暂停转股：权益分派
转股价3.600生效日期2026-02-05",2021-01-29 开始转股;2026-06-01 至 2026-06-08 期间暂停转股：权益分派,计算使用0.2年期 评级为AA+ 债参考YTM：1.4446,N,45.0,全价：109.788 最后更新：14:59:29,,,,0,{'M': ''},0,0,N,,,buy,buy
2026-06-08 12:14:18,118035,国力转债,glzz,139.099,-2.88,688103,国力电子,gldz,57.87,-6.66,4.8,62.54,92.53,0,50.32,189.42,270401,电子,shkc,C,2023-07-06,[],0,0,buy,A+,,43.778,81.302,8.7,buy,2029-06-12,3.014,4.8,6976.05,16253.11,10.37,-5.07,,0,14:59:50,00,Y,N,0,0,Y,,2023-12-18 开始转股,计算使用3.1年期 评级为A+ 债参考YTM：4.6952,N,4.8,全价：139.099 最后更新：14:59:50,,,,0,{'M': ''},0,0,N,,,buy,buy
2026-06-08 12:14:18,123257,安克转债,akzz,148.3,-2.43,300866,安克创新,akcx,107.28,-4.38,5.15,108.86,98.55,0,50.48,198.78,270503,电子,szcy,C,2025-07-04,[],0,0,buy,AA+,,76.202,141.518,3.3,buy,2031-06-16,5.025,11.047,13304.21,50234.85,8.05,-5.43,,0,15:34:24,00,Y,N,0,0,Y,,2025-12-22 开始转股,计算使用5.1年期 评级为AA+ 债参考YTM：1.7633,N,11.048,全价：148.300 最后更新：15:34:24,,,,0,{'M': ''},0,0,N,,,buy,buy
2026-06-08 12:14:18,123199,山河转债,shzz,137.026,-0.71,300452,山河药辅,shyf,12.11,-3.12,2.69,13.3,91.05,0,50.49,187.52,370101,医药生物,szcy,C,2023-07-07,[],0,0,buy,A+,,9.31,17.29,13.3,buy,2029-06-12,3.014,3.197,1351.72,3589.24,3.09,-6.48,,0,15:34:15,00,Y,N,1,1,N,"转股价下修1次，成功下修1次
2026-06-02 至 2026-06-09 期间暂停转股：权益分派
转股价13.300生效日期2025-06-23",2023-12-18 开始转股;2026-06-02 至 2026-06-09 期间暂停转股：权益分派,计算使用3.1年期 评级为A+ 债参考YTM：4.6952,N,3.2,全价：137.026 最后更新：15:34:15,,,,0,[],0,0,N,,,buy,buy
2026-06-08 12:14:18,111020,合顺转债,hszz,137.299,-2.81,605166,聚合顺,jhs,9.66,-7.12,1.51,10.59,91.22,0,50.52,187.82,220406,基础化工,shmb,C,2024-08-15,[],0,0,buy,AA-,,7.413,13.767,11.1,buy,2030-07-22,4.123,3.38,4986.27,14677.07,10.66,-3.33,,0,14:59:45,00,Y,N,0,0,Y,,2025-01-27 开始转股,计算使用4.2年期 评级为AA- 债参考YTM：2.4501,N,3.38,全价：137.299 最后更新：14:59:45,,,,0,[],0,0,N,,,buy,buy
2026-06-08 12:14:18,127112,尚太转债,stzz,158.6,-0.94,001301,尚太科技,stkj,88.66,0.31,3.21,84.71,104.66,44,51.53,210.13,630702,电力设备,szmb,C,2026-02-05,[],0,0,buy,AA+,,59.297,110.123,10.5,buy,2032-01-15,5.608,17.34,14519.51,57534.38,5.31,-6.17,,0,15:34:03,00,Y,N,0,0,Y,,未到转股期；2026-07-22 开始转股,计算使用5.7年期 评级为AA+ 债参考YTM：1.8395,N,17.34,全价：158.600 最后更新：15:34:03,,,,0,[],0,0,N,,,buy,buy
2026-06-08 12:14:18,113067,燃23转债,r23zz,128.627,-0.97,601139,深圳燃气,szrq,6.27,-2.49,1.08,7.4,84.73,0,51.81,180.44,410301,公用事业,shmb,C,2023-08-18,[],0,0,buy,AAA,,5.18,9.62,16.6,buy,2029-07-27,3.137,29.999,10979.51,18768.27,2.84,-4.73,,0,14:59:01,00,Y,N,0,0,Y,,2024-02-02 开始转股,计算使用3.2年期 评级为AAA 债参考YTM：1.6293,N,30.0,全价：128.627 最后更新：14:59:01,,,,0,{'M': ''},0,0,N,,,buy,buy
2026-06-08 12:14:18,113640,苏利转债,slzz,131.539,-1.02,603585,苏利股份,slgf,14.87,-4.37,1.07,17.2,86.45,0,52.15,183.69,220803,基础化工,shmb,C,2022-03-10,[],0,0,buy,AA-,,12.04,22.36,25.7,buy,2028-02-16,1.693,7.39,5221.57,5872.47,5.35,-6.76,,0,14:59:58,00,Y,N,1,1,Y,转股价下修1次，成功下修1次,2022-08-22 开始转股,计算使用1.7年期 评级为AA- 债参考YTM：1.9169,N,9.572,全价：131.539 最后更新：14:59:58,,,,1,[],0,0,N,,,buy,buy
2026-06-08 12:14:18,113698,凯众转债,kzzz,148.843,-1.63,603037,凯众股份,kzgf,12.47,-4.08,3.24,12.75,97.8,0,52.19,201.03,280203,汽车,shmb,C,2025-09-10,[],0,0,buy,AA-,,8.925,16.575,9.3,buy,2031-08-15,5.189,3.079,6488.28,6755.66,14.02,-5.12,,0,14:59:59,00,Y,N,0,0,N,2026-06-05 至 2026-06-11 期间暂停转股：权益分派,2026-02-24 开始转股;2026-06-05 至 2026-06-11 期间暂停转股：权益分派,计算使用5.2年期 评级为AA- 债参考YTM：2.6317,N,3.08,全价：148.843 最后更新：14:59:59,,,,0,[],0,0,N,,,buy,buy
2026-06-08 12:14:18,123112,万讯转债,wxzz,127.39,-1.28,300112,万讯自控,wxzk,6.93,-2.39,2.04,8.3,83.49,0,52.57,179.96,640107,机械设备,szcy,C,2021-04-23,[],0,0,buy,AA-,,5.81,10.79,13.8,buy,2027-04-08,0.833,2.265,3301.81,7196.19,11.4,-8.88,,0,15:33:54,00,Y,N,0,0,Y,,2021-10-14 开始转股,计算使用0.9年期 评级为AA- 债参考YTM：1.7606,N,2.457,全价：127.390 最后更新：15:33:54,,,,1,[],0,0,N,,,buy,buy
2026-06-08 12:14:18,127104,姚记转债,yjzz,143.67,-1.24,002605,姚记科技,yjkj,18.8,-2.08,1.98,20.06,93.72,0,53.3,196.97,720401,传媒,szmb,C,2024-02-26,[],0,0,buy,A+,,14.042,26.078,9.2,buy,2030-01-24,3.633,5.823,2848.42,11558.48,3.4,-4.88,,0,15:34:06,00,Y,N,0,0,N,2026-05-29 至 2026-06-09 期间暂停转股：权益分派,2024-07-31 开始转股;2026-05-29 至 2026-06-09 期间暂停转股：权益分派,计算使用3.7年期 评级为A+ 债参考YTM：4.7650,N,5.831,全价：143.670 最后更新：15:34:06,,,,0,[],0,0,N,,,buy,buy
2026-06-08 12:14:18,111004,明新转债,mxzz,128.875,-2.2,605068,明新旭腾,mxxt,20.45,-8.34,1.97,24.41,83.78,0,53.83,182.71,280202,汽车,shmb,C,2022-04-25,[],0,0,buy,AA-,,17.087,31.733,20.2,buy,2028-03-30,1.811,6.715,8901.18,6935.44,10.22,-5.04,,0,14:59:53,00,Y,N,0,0,Y,,2022-10-10 开始转股,计算使用1.9年期 评级为AA- 债参考YTM：1.9573,N,6.73,全价：128.875 最后更新：14:59:53,,,,1,[],0,0,N,,,buy,buy
2026-06-08 12:14:18,127113,长高转债,cgzz,157.001,-1.99,002452,长高电气,cgdq,11.14,-1.15,2.46,10.92,102.02,98,53.9,210.9,630801,电力设备,szmb,C,2026-03-30,[],0,0,buy,AA-,,7.644,14.196,13.1,buy,2032-03-08,5.753,7.586,11860.92,21503.11,10.02,-5.51,,0,15:34:21,00,Y,N,0,0,Y,,未到转股期；2026-09-14 开始转股,计算使用5.8年期 评级为AA- 债参考YTM：3.2322,N,7.59,全价：157.001 最后更新：15:34:21,,,,0,{'M': ''},0,0,N,,,buy,buy
2026-06-08 12:14:18,113652,伟22转债,w22zz,128.691,-0.24,603568,伟明环保,wmhb,15.87,5.87,2.11,19.0,83.53,0,54.07,182.76,760103,环保,shmb,C,2022-08-12,[],0,0,buy,AA,,13.3,24.7,4.5,buy,2028-07-22,2.123,14.766,15189.41,35465.75,7.97,-5.94,,0,14:59:51,00,Y,N,2,2,Y,转股价下修2次，成功下修2次,2023-01-30 开始转股,计算使用2.2年期 评级为AA 债参考YTM：1.6625,N,14.77,全价：128.691 最后更新：14:59:51,,,,0,{'M': ''},0,0,N,,,buy,buy
2026-06-08 12:14:18,123253,永贵转债,ygzz,137.553,-1.11,300351,永贵电器,ygdq,16.2,-5.26,2.55,18.19,89.06,0,54.45,192.0,640501,机械设备,szcy,C,2025-03-28,[],0,0,buy,AA-,,12.733,23.647,23.0,buy,2031-03-13,4.764,9.798,7966.21,19811.94,5.92,-3.29,,0,15:34:21,00,Y,N,0,0,Y,,2025-09-19 开始转股,计算使用4.8年期 评级为AA- 债参考YTM：2.5222,N,9.8,全价：137.553 最后更新：15:34:21,,,,0,{'M': ''},0,0,N,,,buy,buy
2026-06-08 12:14:18,110086,精工转债,jgzz,128.73,-1.0,600496,精工钢构,jggg,3.99,-3.62,0.84,4.79,83.3,0,54.54,183.27,620401,建筑装饰,shmb,C,2022-05-23,[],0,0,buy,AA,,3.353,6.227,25.2,buy,2028-04-22,1.874,19.999,6188.07,13243.36,2.4,-6.43,,0,14:59:58,00,Y,N,0,0,N,2026-06-08 起暂停转股：权益分派,2022-10-28 开始转股;2026-06-08 起暂停转股：权益分派,计算使用1.9年期 评级为AA 债参考YTM：1.6245,N,20.0,全价：128.730 最后更新：14:59:58,,,,1,{'M': ''},0,0,N,,,buy,buy
2026-06-08 12:14:18,123144,裕兴转债,yxzz,130.113,-0.97,300305,裕兴股份,yxgf,7.13,-5.56,1.33,8.5,83.88,0,55.11,185.22,220505,基础化工,szcy,C,2022-04-27,[],0,0,buy,A,,5.95,11.05,26.2,buy,2028-04-11,1.844,5.997,9448.3,28354.84,12.08,-5.66,,0,15:34:51,00,Y,N,1,1,Y,转股价下修1次，成功下修1次,2022-10-17 开始转股,计算使用1.9年期 评级为A 债参考YTM：6.6469,N,6.0,全价：130.113 最后更新：15:34:51,,,,1,[],0,0,N,,,buy,buy
2026-06-08 12:14:18,123224,宇邦转债,ybzz,138.5,-0.59,301266,宇邦新材,ybxc,25.11,-2.98,1.92,28.17,89.14,0,55.38,193.88,630504,电力设备,szcy,C,2023-10-18,[],0,0,buy,A+,,19.719,36.621,8.4,buy,2029-09-19,3.285,2.848,6905.73,12229.89,17.36,-4.43,,0,15:34:06,00,Y,N,1,1,Y,转股价下修1次，成功下修1次,2024-03-25 开始转股,计算使用3.3年期 评级为A+ 债参考YTM：4.7346,N,5.0,全价：138.500 最后更新：15:34:06,,,,0,"{'G': '本次（2026年1月30日至2026年3月11日）不提前赎回，自2026年6月11日后首个交易日重新计算', 'M': ''}",0,0,N,,,buy,buy
2026-06-08 12:14:18,123215,铭利转债,mlzz,131.683,-2.07,301268,铭利达,mld,16.25,-6.45,4.12,19.2,84.64,0,55.59,187.27,640108,机械设备,szcy,C,2023-08-23,[],0,0,buy,AA-,,13.44,24.96,14.5,buy,2029-08-03,3.156,8.555,6182.9,11010.56,5.47,-2.31,,0,15:34:30,00,Y,N,1,1,Y,转股价下修1次，成功下修1次,2024-02-19 开始转股,计算使用3.2年期 评级为AA- 债参考YTM：2.3642,N,10.0,全价：131.683 最后更新：15:34:30,,,,0,{'M': ''},0,0,N,,,buy,buy
2026-06-08 12:14:18,123071,天能转债,tnzz,115.766,-0.65,300569,天能重工,tnzg,4.95,-4.07,0.94,6.68,74.1,0,56.23,172.0,630602,电力设备,szcy,C,2020-11-25,[],0,0,buy,AA-,,4.676,8.684,13.7,buy,2026-10-21,0.37,6.937,3892.83,12279.81,4.85,-1.8,,0,15:34:42,00,Y,N,2,2,Y,转股价下修2次，成功下修2次,2021-04-27 开始转股,计算使用0.4年期 评级为AA- 债参考YTM：1.6911,N,7.0,全价：115.766 最后更新：15:34:42,,,,1,{'M': ''},0,0,N,,,buy,buy
2026-06-08 12:14:18,123269,金杨转债,jyzz,162.811,-1.3,301210,金杨精密,jygf,29.48,7.4,2.51,28.32,104.1,140,56.4,219.21,630701,电力设备,szcy,C,2026-05-11,[],0,0,buy,AA-,,19.824,36.816,54.6,buy,2032-04-19,5.869,9.8,45843.45,25567.61,28.05,-6.0,,0,15:34:42,00,Y,N,0,0,Y,,未到转股期；2026-10-26 开始转股,计算使用5.9年期 评级为AA- 债参考YTM：3.3172,N,9.8,全价：162.811 最后更新：15:34:42,,,,0,{'M': ''},0,0,N,,,buy,buy
2026-06-08 12:14:18,118061,茂莱转债,mlzz,184.166,-1.03,688502,茂莱光学,mlgx,428.5,-5.6,17.99,364.43,117.58,0,56.63,240.8,270303,电子,shkc,C,2025-12-10,[],0,0,buy,A+,,255.101,473.759,2.5,buy,2031-11-21,5.458,5.623,20778.63,68973.05,20.24,-7.96,,0,15:00:00,00,Y,N,0,0,Y,,2026-05-27 开始转股,计算使用5.5年期 评级为A+ 债参考YTM：5.2628,N,5.625,全价：184.166 最后更新：15:00:00,,,,0,"{'M': '', 'EX': '债券持有人及一致行动人大宗减持10.02% 2026年06月02日公告'}",0,0,N,,,buy,buy
2026-06-08 12:14:18,127054,双箭转债,sjzz,126.778,-0.64,002381,双箭股份,sjgf,5.63,-1.4,1.07,6.96,80.89,0,56.73,183.51,220602,基础化工,szmb,C,2022-03-15,[],0,0,buy,AA,,4.872,9.048,28.5,buy,2028-02-11,1.68,5.136,3139.97,3268.99,4.82,-6.29,,0,15:34:00,00,Y,N,0,0,Y,,2022-08-17 开始转股,计算使用1.7年期 评级为AA 债参考YTM：1.5998,N,5.136,全价：126.778 最后更新：15:34:00,,,,1,[],0,0,N,,,buy,buy
2026-06-08 12:14:18,127018,本钢转债,bgzz,118.704,0.0,000761,本钢板材,bgbc,2.48,1.64,1.48,3.29,75.38,0,57.47,176.17,230402,钢铁,szmb,C,2020-08-04,[],0,0,buy,AAA,,2.303,4.277,61.2,buy,2026-06-29,0.058,56.309,16171.63,6480.94,2.42,4.34,,0,15:34:33,00,Y,N,1,1,Y,转股价下修1次，成功下修1次,2021-01-04 开始转股,计算使用0.1年期 评级为AAA 债参考YTM：1.4213,N,68.0,全价：118.704 最后更新：15:34:33,,,,1,"{'R': '到期\n最后交易日：2026-06-23\n最后转股日：2026-06-26\n债券到期日：2026-06-29\n到期赎回价：119.000元/张', 'M': ''}",0,0,N,,,buy,buy
2026-06-08 12:14:18,110090,爱迪转债,adzz,135.581,0.26,600933,爱柯迪,akd,15.1,-1.88,1.57,17.55,86.04,0,57.58,193.16,280203,汽车,shmb,C,2022-10-28,[],0,0,buy,AA,,12.285,22.815,10.6,buy,2028-09-23,2.296,15.695,7418.16,22512.51,3.5,-7.82,,0,14:59:41,00,Y,N,0,0,N,2026-06-08 起暂停转股：权益分派,2023-03-29 开始转股;2026-06-08 起暂停转股：权益分派,计算使用2.3年期 评级为AA 债参考YTM：1.6752,N,15.7,全价：135.581 最后更新：14:59:41,,,,0,{'M': ''},0,0,N,,,buy,buy
2026-06-08 12:14:18,123124,晶瑞转2,jrz2,137.377,-1.18,300655,晶瑞电材,jrdc,13.8,-4.7,5.82,15.88,86.9,0,58.08,195.46,270601,电子,szcy,C,2021-09-07,[],0,0,buy,A+,,11.116,20.644,3.4,buy,2027-08-16,1.189,5.224,4837.61,65322.51,6.72,-18.02,,1,15:34:51,00,Y,N,0,0,Y,,2022-02-21 开始转股,计算使用1.2年期 评级为A+ 债参考YTM：4.1522,N,5.23,全价：137.377 最后更新：15:34:51,,,,1,{'M': ''},0,0,N,,23年6月前不下修,buy,buy
2026-06-08 12:14:18,110095,双良转债,slzz,122.821,-1.83,600481,双良节能,sljn,4.8,-3.81,2.23,6.18,77.67,0,58.13,180.95,630501,电力设备,shmb,C,2023-09-08,[],0,0,buy,AA-,,4.326,8.034,14.1,buy,2029-08-08,3.17,14.006,11716.79,39869.2,6.77,-2.29,,0,14:59:53,00,Y,N,2,2,Y,转股价下修2次，成功下修2次,2024-02-19 开始转股,计算使用3.2年期 评级为AA- 债参考YTM：2.3642,N,26.0,全价：122.821 最后更新：14:59:53,,,,0,{'M': ''},0,0,N,,,buy,buy
2026-06-08 12:14:18,113699,金25转债,j25zz,165.103,-2.33,603979,金诚信,jcx,66.14,-7.56,3.55,63.46,104.22,0,58.41,223.51,240302,有色金属,shmb,C,2025-10-27,[],0,0,buy,AA,,44.422,82.498,4.8,buy,2031-09-26,5.304,19.999,22419.34,62321.51,6.77,-6.58,,0,14:59:57,00,Y,N,0,0,Y,,2026-04-10 开始转股,计算使用5.4年期 评级为AA 债参考YTM：2.0060,N,20.0,全价：165.103 最后更新：14:59:57,,,,0,{'M': ''},0,0,N,,,buy,buy
2026-06-08 12:14:18,118037,上声转债,sszz,131.891,-1.32,688533,XD上声电,ssdz,23.73,-3.69,2.16,28.64,82.86,0,59.18,191.07,280206,汽车,shkc,C,2023-08-01,[],0,0,buy,A+,,20.048,37.232,12.0,buy,2029-07-06,3.08,4.679,2402.95,3020.33,3.89,-4.29,,0,14:58:57,00,Y,N,2,1,Y,转股价下修2次，成功下修1次,2024-01-12 开始转股,计算使用3.1年期 评级为A+ 债参考YTM：4.6952,N,5.2,全价：131.891 最后更新：14:58:57,,,,0,{'M': ''},0,0,N,,,buy,buy
2026-06-08 12:14:18,123194,百洋转债,byzz,130.929,-0.81,301015,百洋医药,byyy,20.35,-3.46,4.13,24.79,82.09,0,59.5,190.43,370402,医药生物,szcy,C,2023-05-05,[],0,0,buy,AA-,,17.353,32.227,7.9,buy,2029-04-14,2.852,8.459,4630.32,8042.05,4.17,-4.07,,0,15:34:12,00,Y,N,0,0,Y,,2023-10-20 开始转股,计算使用2.9年期 评级为AA- 债参考YTM：2.2809,N,8.6,全价：130.929 最后更新：15:34:12,,,,0,{'M': ''},0,0,N,,,buy,buy
2026-06-08 12:14:18,127072,博实转债,bszz,136.1,-0.68,002698,博实股份,bsgf,12.8,2.65,3.08,15.06,84.99,0,60.13,196.23,640701,机械设备,szmb,C,2022-11-03,[],0,0,buy,AA,,10.542,19.578,4.2,buy,2028-09-22,2.293,4.498,4650.55,20386.75,7.6,-7.1,,0,15:34:12,00,Y,N,0,0,Y,,2023-03-28 开始转股,计算使用2.3年期 评级为AA 债参考YTM：1.6752,N,4.5,全价：136.100 最后更新：15:34:12,,,,0,{'M': ''},0,0,N,,,buy,buy
2026-06-08 12:14:18,123104,卫宁转债,wnzz,123.196,-0.8,300253,卫宁健康,wnjk,7.24,-3.47,2.85,9.44,76.7,0,60.63,183.83,710401,计算机,szcy,C,2021-03-31,[],0,0,buy,AA,,6.608,12.272,7.2,buy,2027-03-16,0.77,9.699,3782.11,34308.25,3.16,-3.38,,0,15:34:51,00,Y,N,1,1,Y,转股价下修1次，成功下修1次,2021-09-22 开始转股,计算使用0.8年期 评级为AA 债参考YTM：1.4802,N,9.703,全价：123.196 最后更新：15:34:51,,,,1,{'M': ''},0,0,N,,,buy,buy
2026-06-08 12:14:18,123178,花园转债,hyzz,131.291,-0.91,300401,花园生物,hysw,10.88,-3.89,1.67,13.34,81.56,0,60.98,192.27,370101,医药生物,szcy,C,2023-03-23,[],0,0,buy,AA-,,9.338,17.342,20.2,buy,2029-03-06,2.745,11.731,7546.03,12091.52,4.88,-3.72,,0,15:34:06,00,Y,N,1,1,Y,转股价下修1次，成功下修1次,2023-09-11 开始转股,计算使用2.8年期 评级为AA- 债参考YTM：2.2447,N,12.0,全价：131.291 最后更新：15:34:06,,,,0,{'M': ''},0,0,N,,,buy,buy
2026-06-08 12:14:18,127059,永东转2,ydz2,129.766,-0.19,002753,永东股份,ydgf,6.53,0.46,1.05,8.11,80.52,0,61.16,190.93,220603,基础化工,szmb,C,2022-05-16,[],0,0,buy,AA-,,5.677,10.543,23.9,buy,2028-04-08,1.836,3.79,3499.62,4163.72,7.12,-5.54,,0,15:34:06,00,Y,N,0,0,Y,,2022-10-14 开始转股,计算使用1.9年期 评级为AA- 债参考YTM：1.9573,N,3.8,全价：129.766 最后更新：15:34:06,,,,1,[],0,0,N,,,buy,buy
2026-06-08 12:14:18,111003,聚合转债,jhzz,137.126,-1.93,605166,聚合顺,jhs,9.66,-7.12,1.51,11.37,84.96,0,61.4,198.53,220406,基础化工,shmb,C,2022-04-19,[],0,0,buy,AA-,,7.959,14.781,6.7,buy,2028-03-07,1.748,2.035,3518.56,14677.07,12.52,-8.57,,0,14:58:16,00,Y,N,1,1,Y,转股价下修1次，成功下修1次,2022-09-13 开始转股,计算使用1.8年期 评级为AA- 债参考YTM：1.9372,N,2.04,全价：137.126 最后更新：14:58:16,,,,1,[],0,0,N,,,buy,buy
2026-06-08 12:14:18,113665,汇通转债,htzz,130.334,0.32,603176,汇通集团,htjt,5.07,1.2,2.14,6.29,80.6,0,61.7,192.03,620306,建筑装饰,shmb,C,2023-01-11,[],0,0,buy,AA-,,4.403,8.177,15.4,buy,2028-12-15,2.523,3.596,7179.16,5690.96,15.34,-3.77,,0,14:59:57,00,Y,N,1,1,N,"转股价下修1次，成功下修1次
2026-06-05 至 2026-06-12 期间暂停转股：权益分派
转股价6.290生效日期2025-10-14",2023-06-21 开始转股;2026-06-05 至 2026-06-12 期间暂停转股：权益分派,计算使用2.6年期 评级为AA- 债参考YTM：2.1684,N,3.6,全价：130.334 最后更新：14:59:57,,,,0,[],0,0,N,,,buy,buy
2026-06-08 12:14:18,113674,华设转债,hszz,130.668,-0.83,603018,华设集团,hsjt,6.82,-2.15,0.86,8.45,80.71,0,61.9,192.57,620601,建筑装饰,shmb,C,2023-08-15,[],0,0,buy,AA,,5.915,10.985,8.6,buy,2029-07-21,3.121,3.999,2435.21,3693.04,4.66,-3.74,,0,14:59:33,00,Y,N,0,0,Y,,2024-01-29 开始转股,计算使用3.2年期 评级为AA 债参考YTM：1.7891,N,4.0,全价：130.668 最后更新：14:59:33,,,,0,{'M': ''},0,0,N,,,buy,buy
2026-06-08 12:14:18,123165,回天转债,htzz,136.698,-1.37,300041,回天新材,htxc,12.83,-5.8,2.27,15.2,84.41,0,61.95,198.65,220316,基础化工,szcy,C,2022-11-15,[],0,0,buy,AA-,,10.64,19.76,12.2,buy,2028-10-27,2.389,8.497,9397.72,48796.69,8.08,-5.91,,0,15:33:54,00,Y,N,0,0,Y,,2023-05-04 开始转股,计算使用2.4年期 评级为AA- 债参考YTM：2.0933,N,8.5,全价：136.698 最后更新：15:33:54,,,,0,{'M': ''},0,0,N,,,buy,buy
2026-06-08 12:14:18,113659,莱克转债,lkzz,127.646,-0.81,603355,莱克电气,lkdq,25.0,-2.27,2.5,31.72,78.82,0,61.96,189.61,330302,家用电器,shmb,C,2022-11-15,[],0,0,buy,AA,,22.204,41.236,8.4,buy,2028-10-14,2.353,11.998,4410.93,4360.36,2.87,-5.03,,0,14:58:38,00,Y,N,0,0,Y,,2023-04-20 开始转股,计算使用2.4年期 评级为AA 债参考YTM：1.6880,N,12.0,全价：127.646 最后更新：14:58:38,,,,0,{'M': ''},0,0,N,,,buy,buy
2026-06-08 12:14:18,111018,华康转债,hkzz,127.707,-0.94,605077,华康股份,hkgf,12.81,-5.88,1.19,16.26,78.78,0,62.1,189.81,220315,基础化工,shmb,C,2024-01-15,[],0,0,buy,AA-,,11.382,21.138,33.9,buy,2029-12-25,3.551,13.022,8522.29,16340.52,5.13,-1.93,,0,14:59:58,00,Y,N,0,0,N,2026-06-08 起暂停转股：权益分派,2024-07-01 开始转股;2026-06-08 起暂停转股：权益分派,计算使用3.6年期 评级为AA- 债参考YTM：2.4033,N,13.03,全价：127.707 最后更新：14:59:58,,,,0,[],0,0,N,,,buy,buy
2026-06-08 12:14:18,110073,国投转债,gtzz,106.827,0.0,600061,国投资本,gtzb,6.2,-2.05,0.69,9.42,65.82,0,62.31,169.14,490101,非银金融,shmb,C,2020-08-20,[],0,0,buy,AAA,,,12.246,20.2,buy,2026-07-24,0.126,79.991,12417.06,22604.38,1.45,1.31,,0,14:59:47,00,Y,N,0,0,Y,,2021-02-01 开始转股,计算使用0.2年期 评级为AAA 债参考YTM：1.4250,N,80.0,全价：106.827 最后更新：14:59:47,,,,0,{'M': ''},0,0,N,,,buy,buy
2026-06-08 12:14:18,110093,神马转债,smzz,119.524,0.06,600810,神马股份,smgf,5.95,2.23,0.7,8.08,73.64,0,62.31,181.83,220406,基础化工,shmb,C,2023-04-20,[],0,0,buy,AAA,,5.656,10.504,34.5,buy,2029-03-16,2.773,22.199,7891.22,18889.8,2.97,-2.99,,0,14:59:59,00,Y,N,0,0,Y,,2023-09-22 开始转股,计算使用2.8年期 评级为AAA 债参考YTM：1.5928,N,30.0,全价：119.524 最后更新：14:59:59,,,,0,{'M': ''},0,0,N,,,buy,buy
2026-06-08 12:14:18,123109,昌红转债,chzz,135.8,-2.01,300151,昌红科技,chkj,22.24,-8.44,7.16,26.64,83.48,0,62.67,198.47,640209,机械设备,szcy,C,2021-04-19,[],0,0,buy,AA-,,18.648,34.632,5.6,buy,2027-04-01,0.814,4.595,5829.74,70611.49,9.32,-18.89,,0,15:34:48,00,Y,N,0,0,Y,,2021-10-08 开始转股,计算使用0.9年期 评级为AA- 债参考YTM：1.7606,N,4.6,全价：135.800 最后更新：15:34:48,,,,1,{'M': ''},0,0,N,,,buy,buy
2026-06-08 12:14:18,127069,小熊转债,xxzz,130.799,-0.87,002959,小熊电器,xxdq,34.94,-2.43,1.74,43.71,79.94,0,63.63,194.43,330301,家用电器,szmb,C,2022-09-07,[],0,0,buy,AA-,,30.597,56.823,9.6,buy,2028-08-12,2.181,5.041,2178.0,3799.37,3.3,-4.3,,0,15:34:51,00,Y,N,1,1,Y,转股价下修1次，成功下修1次,2023-02-20 开始转股,计算使用2.2年期 评级为AA- 债参考YTM：2.0271,N,5.36,全价：130.799 最后更新：15:34:51,,,,0,{'M': ''},0,0,N,,,buy,buy
2026-06-08 12:14:18,118052,浩瀚转债,hhzz,143.441,-1.19,688292,浩瀚深度,hhsd,21.15,-2.71,3.32,24.26,87.18,0,64.53,207.97,710103,计算机,shkc,C,2025-04-07,[],0,0,buy,A+,,16.982,31.538,10.6,buy,2031-03-13,4.764,3.539,5930.71,7626.56,11.62,-3.79,,0,14:59:48,00,Y,N,0,0,N,2026-06-02 至 2026-06-08 期间暂停转股：权益分派,2025-09-19 开始转股;2026-06-02 至 2026-06-08 期间暂停转股：权益分派,计算使用4.8年期 评级为A+ 债参考YTM：4.8750,N,3.54,全价：143.441 最后更新：14:59:48,,,,0,{'M': ''},0,0,N,,,buy,buy
2026-06-08 12:14:18,118024,冠宇转债,gyzz,126.701,0.72,688772,珠海冠宇,zhgy,17.38,12.86,2.59,22.59,76.94,0,64.68,191.38,630701,电力设备,shkc,C,2022-11-17,[],0,0,buy,AA,,15.813,27.108,15.7,buy,2028-10-24,2.381,30.889,21620.07,187512.58,5.52,-3.95,,0,14:59:54,00,Y,N,0,0,Y,,2023-04-28 开始转股,计算使用2.4年期 评级为AA 债参考YTM：1.6880,N,30.89,全价：126.701 最后更新：14:59:54,,,,0,{'M': ''},0,0,N,120%,,buy,buy
2026-06-08 12:14:18,123268,本川转债,bczz,211.0,-7.2,300964,本川智能,bczn,96.99,-14.79,7.25,75.88,127.82,137,65.08,276.08,270202,电子,szcy,C,2026-05-07,[],0,0,buy,AA-,,53.116,98.644,8.6,buy,2032-04-16,5.86,4.69,53231.05,82017.92,52.9,-9.44,,0,15:34:21,00,Y,N,0,0,Y,,未到转股期；2026-10-23 开始转股,计算使用5.9年期 评级为AA- 债参考YTM：3.3172,N,4.69,全价：211.000 最后更新：15:34:21,,,,0,{'M': ''},0,0,N,,,buy,buy
2026-06-08 12:14:18,113694,清源转债,qyzz,129.824,-1.46,603628,清源股份,qygf,10.09,-4.45,2.07,12.86,78.46,0,65.46,195.28,630504,电力设备,shmb,C,2025-04-25,[],0,0,buy,A+,,9.002,16.718,18.2,buy,2031-04-08,4.836,5.0,2744.42,4616.8,4.22,-1.87,,0,14:59:03,00,Y,N,0,0,Y,,2025-10-14 开始转股,计算使用4.9年期 评级为A+ 债参考YTM：4.8855,N,5.0,全价：129.824 最后更新：14:59:03,,,,0,{'M': ''},0,0,N,,,buy,buy
2026-06-08 12:14:18,111024,澳弘转债,ahzz,176.492,-1.24,605058,澳弘电子,ahdz,36.28,-2.47,2.82,34.04,106.58,9,65.6,242.09,270202,电子,shmb,C,2026-01-16,[],0,0,buy,AA-,,23.828,44.252,11.2,buy,2031-12-10,5.51,5.8,8202.77,18026.75,7.95,-7.46,,0,14:59:58,00,Y,N,0,0,Y,,未到转股期；2026-06-17 开始转股,计算使用5.6年期 评级为AA- 债参考YTM：3.0244,N,5.8,全价：176.492 最后更新：14:59:58,,,,0,[],0,0,N,,,buy,buy
2026-06-08 12:14:18,127049,希望转2,xwz2,111.399,0.1,000876,新希望,xxw,7.12,-2.73,1.47,10.59,67.23,0,65.69,177.09,110702,农林牧渔,szmb,C,2021-11-29,[],0,0,buy,AAA,,7.413,13.767,25.4,buy,2027-11-02,1.403,81.434,17987.77,19379.75,1.98,-1.82,,0,15:34:39,00,Y,N,1,1,Y,转股价下修1次，成功下修1次,2022-05-09 开始转股,计算使用1.5年期 评级为AAA 债参考YTM：1.4901,N,81.5,全价：111.399 最后更新：15:34:39,,,,1,{'M': ''},0,0,N,,,buy,buy
2026-06-08 12:14:18,118027,宏图转债,htzz,87.773,0.55,688066,*ST航图,htht,12.99,-2.18,-2.97,24.55,52.91,0,65.88,153.65,710301,计算机,shkc,C,2022-12-22,[],0,0,buy,BB+,,17.185,31.915,29.7,buy,2028-11-28,2.477,10.087,13064.55,8321.33,14.89,13.38,,0,14:59:57,00,Y,N,3,2,Y,转股价下修3次，成功下修2次,2023-06-02 开始转股,,Y,10.088,全价：87.773 最后更新：14:59:57,,,"按下调到底估算
股东大会：2026-06-23
预估转股价：13.96
预估转股价值：93.05
期权价值：46.05
理论价值：116.16
理论偏离度：-32.34%",0,[],0,0,N,,,buy,buy
2026-06-08 12:14:18,113696,伯25转债,b25zz,137.559,-1.28,603596,伯特利,btl,29.08,-5.65,3.16,35.16,82.71,0,66.32,203.88,280203,汽车,shmb,C,2025-07-28,[],0,0,buy,AA,,24.612,45.708,10.7,buy,2031-07-01,5.066,28.019,15538.89,82967.54,4.05,-3.77,,0,14:59:50,00,Y,N,0,0,Y,,2026-01-07 开始转股,计算使用5.1年期 评级为AA 债参考YTM：1.9554,N,28.02,全价：137.559 最后更新：14:59:50,,,,0,{'M': ''},0,0,N,,,buy,buy
2026-06-08 12:14:18,127031,洋丰转债,yfzz,117.014,-1.68,000902,新洋丰,xyf,11.87,-4.12,1.2,16.89,70.28,0,66.5,183.51,220805,基础化工,szmb,C,2021-04-23,[],0,0,buy,AA,,11.823,21.957,7.4,buy,2027-03-25,0.795,9.999,6931.58,19214.91,5.93,-5.41,,0,15:33:54,00,Y,N,1,1,Y,转股价下修1次，成功下修1次,2021-10-08 开始转股,计算使用0.8年期 评级为AA 债参考YTM：1.4802,N,10.0,全价：117.014 最后更新：15:33:54,,,,1,{'M': ''},0,0,N,,,buy,buy
2026-06-08 12:14:18,123119,康泰转2,ktz2,122.05,-0.14,300601,康泰生物,ktsw,11.49,-3.61,1.33,15.73,73.05,0,67.09,189.14,370303,医药生物,szcy,C,2021-08-05,[],0,0,buy,AA,,11.011,20.449,19.3,buy,2027-07-15,1.101,19.99,3835.86,13391.92,1.57,-6.26,,0,15:34:45,00,Y,N,5,5,Y,转股价下修5次，成功下修5次,2022-01-21 开始转股,计算使用1.2年期 评级为AA 债参考YTM：1.5372,N,20.0,全价：122.050 最后更新：15:34:45,,,,1,{'M': ''},0,0,N,,,buy,buy
2026-06-08 12:14:18,118064,联瑞转债,lrzz,418.873,-0.95,688300,联瑞新材,lrxc,158.97,1.12,20.98,63.55,250.15,36,67.45,486.32,220901,基础化工,shkc,C,2026-01-28,[],0,0,buy,AA,,44.485,82.615,1.8,buy,2032-01-07,5.586,6.95,105002.93,144290.47,35.77,-21.0,,0,15:00:00,00,Y,N,0,0,Y,,未到转股期；2026-07-14 开始转股,计算使用5.6年期 评级为AA 债参考YTM：2.0511,N,6.95,全价：418.873 最后更新：15:00:00,,,,0,{'M': ''},0,0,N,,,buy,buy
2026-06-08 12:14:18,118036,力合转债,lhzz,133.159,-1.29,688589,力合微,lhw,19.0,-4.9,2.65,23.93,79.4,0,67.71,200.87,270104,电子,shkc,C,2023-07-20,[],0,0,buy,AA-,,16.751,31.109,13.8,buy,2029-06-28,3.058,3.8,3184.9,8454.9,6.28,-3.6,,0,14:59:52,00,Y,N,1,1,N,"转股价下修1次，成功下修1次
2026-06-03 至 2026-06-09 期间暂停转股：权益分派
转股价23.930生效日期2025-06-06",2024-01-04 开始转股;2026-06-03 至 2026-06-09 期间暂停转股：权益分派,计算使用3.1年期 评级为AA- 债参考YTM：2.3429,N,3.8,全价：133.159 最后更新：14:59:52,,,,0,{'M': ''},0,0,N,,,buy,buy
2026-06-08 12:14:18,123133,佩蒂转债,pdzz,129.955,-0.87,300673,佩蒂股份,pdgf,13.36,-5.38,1.75,17.33,77.09,0,68.57,198.53,110404,农林牧渔,szcy,C,2022-01-21,[],0,0,buy,AA-,,12.131,22.529,33.6,buy,2027-12-22,1.54,7.198,3906.26,5912.97,4.16,-6.67,,0,15:34:03,00,Y,N,1,1,Y,转股价下修1次，成功下修1次,2022-06-28 开始转股,计算使用1.6年期 评级为AA- 债参考YTM：1.8966,N,7.2,全价：129.955 最后更新：15:34:03,,,,1,[],0,0,N,,,buy,buy
2026-06-08 12:14:18,123195,蓝晓转02,lxz02,140.99,-2.18,300487,蓝晓科技,lxkj,49.46,-8.0,5.47,59.38,83.29,0,69.27,210.26,220504,基础化工,szcy,C,2023-05-08,[],0,0,buy,A+,,41.566,77.194,3.6,buy,2029-04-17,2.86,5.458,2703.57,47472.33,3.49,-5.77,,0,15:34:24,00,Y,N,0,0,Y,,2023-10-23 开始转股,计算使用2.9年期 评级为A+ 债参考YTM：4.6286,N,5.461,全价：140.990 最后更新：15:34:24,,,,0,{'M': ''},0,0,N,,,buy,buy
2026-06-08 12:14:18,123114,三角转债,sjzz,120.897,-1.22,300775,三角防务,sjfw,22.33,-6.8,2.02,31.39,71.14,0,69.95,190.85,650201,国防军工,szcy,C,2021-06-11,[],0,0,buy,AA-,,21.973,40.807,7.6,buy,2027-05-25,0.962,8.999,6405.71,47301.17,5.88,-5.09,,0,15:34:48,00,Y,N,0,0,Y,,2021-11-30 开始转股,计算使用1.0年期 评级为AA- 债参考YTM：1.7806,N,9.044,全价：120.897 最后更新：15:34:48,,,,1,{'M': ''},0,0,N,,,buy,buy
2026-06-08 12:14:18,113610,灵康转债,lkzz,117.926,0.78,603669,灵康药业,lkyy,4.48,10.07,5.12,6.5,68.92,0,71.1,189.03,370102,医药生物,shmb,C,2020-12-22,[],0,0,buy,A-,,4.55,8.45,7.9,buy,2026-12-01,0.482,2.53,10607.67,18285.18,35.46,-5.18,,0,14:59:59,00,Y,N,2,2,Y,转股价下修2次，成功下修2次,2021-06-07 开始转股,计算使用0.5年期 评级为A- 债参考YTM：8.7464,N,5.25,全价：117.926 最后更新：14:59:59,,,,1,[],0,0,N,,,buy,buy
2026-06-08 12:14:18,123261,普联转债,plzz,152.697,-0.84,300996,普联软件,plrj,11.57,0.35,3.46,12.97,89.21,3,71.17,223.87,710401,计算机,szcy,C,2025-12-22,[],0,0,buy,A+,,9.079,16.861,6.3,buy,2031-12-05,5.496,2.429,2483.53,9509.83,6.66,-4.51,,0,15:34:12,00,Y,N,0,0,Y,,未到转股期；2026-06-11 开始转股,计算使用5.5年期 评级为A+ 债参考YTM：5.2628,N,2.43,全价：152.697 最后更新：15:34:12,,,,0,{'M': ''},0,0,N,,,buy,buy
2026-06-08 12:14:18,113053,隆22转债,l22zz,121.823,0.54,601012,隆基绿能,ljln,12.44,-5.26,1.85,17.5,71.09,0,71.37,193.19,630502,电力设备,shmb,C,2022-02-17,[],0,0,buy,AAA,,12.25,22.75,7.4,buy,2028-01-05,1.578,69.951,29999.72,227561.96,3.53,-7.1,,0,14:59:39,00,Y,N,1,1,Y,转股价下修1次，成功下修1次,2022-07-11 开始转股,计算使用1.6年期 评级为AAA 债参考YTM：1.4933,N,70.0,全价：121.823 最后更新：14:59:39,,,,1,{'M': ''},0,0,N,,,buy,buy
2026-06-08 12:14:18,123173,恒锋转债,hfzz,131.15,-0.27,300605,恒锋信息,hfxx,10.51,-2.69,3.78,13.77,76.33,0,71.83,202.98,710401,计算机,szcy,C,2023-02-08,[],0,0,buy,A-,,9.639,17.901,17.5,buy,2028-12-30,2.564,2.331,1609.9,5989.31,5.26,-3.7,,0,15:33:57,00,Y,N,0,0,Y,,2023-07-06 开始转股,计算使用2.6年期 评级为A- 债参考YTM：9.2111,N,2.424,全价：131.150 最后更新：15:33:57,,,,0,[],0,0,N,,,buy,buy
2026-06-08 12:14:18,113692,保隆转债,blzz,130.444,-0.57,603197,保隆科技,blkj,29.76,-1.94,1.95,39.35,75.63,0,72.48,202.92,280205,汽车,shmb,C,2024-11-27,[],0,0,buy,AA,,27.545,51.155,22.1,buy,2030-10-31,4.4,13.897,5132.52,8130.61,2.82,-3.17,,0,14:59:48,00,Y,N,0,0,Y,,2025-05-06 开始转股,计算使用4.4年期 评级为AA 债参考YTM：1.9116,N,13.9,全价：130.444 最后更新：14:59:48,,,,0,{'M': ''},0,0,N,,,buy,buy
2026-06-08 12:14:18,127102,浙建转债,zjzz,124.274,-0.57,002761,浙江建投,zjjt,7.36,-1.47,0.92,10.22,72.02,0,72.57,196.84,620101,建筑装饰,szmb,C,2024-01-16,[],0,0,buy,AA+,,7.154,13.286,12.5,buy,2029-12-25,3.551,9.951,4377.55,6986.27,3.55,-2.96,,0,15:34:18,00,Y,N,0,0,Y,,2024-07-01 开始转股,计算使用3.6年期 评级为AA+ 债参考YTM：1.6906,N,10.0,全价：124.274 最后更新：15:34:18,,,,0,{'M': ''},0,0,N,,,buy,buy
2026-06-08 12:14:18,123263,鼎捷转债,djzz,148.15,-0.44,300378,鼎捷数智,djsz,37.21,3.71,4.29,43.42,85.7,11,72.87,221.02,710402,计算机,szcy,C,2025-12-31,[],0,0,buy,AA,,,56.446,8.3,buy,2031-12-15,5.523,8.277,19141.76,66887.18,15.63,-4.76,,0,15:34:15,00,Y,N,0,0,Y,,未到转股期；2026-06-19 开始转股,计算使用5.6年期 评级为AA 债参考YTM：2.0511,N,8.28,全价：148.150 最后更新：15:34:15,,,,0,{'M': ''},0,0,N,,,buy,buy
2026-06-08 12:14:18,127089,晶澳转债,jazz,119.9,0.04,002459,晶澳科技,jakj,8.04,-4.74,1.25,11.66,68.95,0,73.88,193.78,630502,电力设备,szmb,C,2023-08-04,[],0,0,buy,AA+,,8.162,15.158,33.7,buy,2029-07-18,3.112,89.588,16144.55,43195.1,1.5,-2.24,,0,15:34:12,00,Y,N,2,1,Y,转股价下修2次，成功下修1次,2024-01-24 开始转股,计算使用3.2年期 评级为AA+ 债参考YTM：1.6791,N,89.603,全价：119.900 最后更新：15:34:12,,,,0,{'M': ''},0,0,N,,,buy,buy
2026-06-08 12:14:18,110100,龙建转债,ljzz,131.671,-0.76,600853,龙建股份,ljgf,3.5,-3.58,0.85,4.63,75.59,50,74.18,205.85,620306,建筑装饰,shmb,C,2026-02-12,[],0,0,buy,AA,,3.241,6.019,28.2,buy,2032-01-21,5.625,10.0,1931.66,4307.74,1.47,-2.63,,0,14:59:20,00,Y,N,0,0,Y,,未到转股期；2026-07-28 开始转股,计算使用5.7年期 评级为AA 债参考YTM：2.0748,N,10.0,全价：131.671 最后更新：14:59:20,,,,0,[],0,0,N,,,buy,buy
2026-06-08 12:14:18,113627,太平转债,tpzz,119.136,1.88,603877,太平鸟,tpn,14.06,10.02,1.43,20.58,68.32,0,74.38,193.52,350209,纺织服饰,shmb,C,2021-08-06,[],0,0,buy,AA,,14.406,26.754,12.1,buy,2027-07-15,1.101,7.997,13923.27,7177.3,14.67,-5.7,,0,14:59:57,00,Y,N,1,1,Y,转股价下修1次，成功下修1次,2022-01-21 开始转股,计算使用1.2年期 评级为AA 债参考YTM：1.5372,N,8.0,全价：119.136 最后更新：14:59:57,,,,0,{'M': ''},0,0,N,,,buy,buy
2026-06-08 12:14:18,127050,麒麟转债,qlzz,129.88,-0.25,002984,森麒麟,sql,14.38,-1.57,1.08,19.36,74.28,0,74.86,204.74,280204,汽车,szmb,C,2021-12-06,[],0,0,buy,AA,,13.552,25.168,20.3,buy,2027-11-11,1.427,20.86,4685.31,12275.04,1.74,-10.09,,0,15:34:42,00,Y,N,2,1,Y,转股价下修2次，成功下修1次,2022-05-17 开始转股,计算使用1.5年期 评级为AA 债参考YTM：1.5751,Y,21.989,全价：129.880 最后更新：15:34:42,,,"按下调到底估算
股东大会：2026-06-15
预估转股价：15.44
预估转股价值：93.13
期权价值：9.75
理论价值：119.12
理论偏离度：8.28%",1,{'M': ''},0,0,N,,,buy,buy
2026-06-08 12:14:18,127111,金威转债,jwzz,129.624,-0.41,002626,金达威,jdw,14.52,-1.76,1.98,19.59,74.12,0,74.89,204.51,340407,食品饮料,szmb,C,2025-09-08,[],0,0,buy,AA,,13.713,25.467,14.6,buy,2031-08-20,5.203,12.924,4122.72,5447.15,2.45,-2.55,,0,15:34:00,00,Y,N,0,0,N,2026-06-01 至 2026-06-09 期间暂停转股：权益分派,2026-02-26 开始转股;2026-06-01 至 2026-06-09 期间暂停转股：权益分派,计算使用5.3年期 评级为AA 债参考YTM：1.9861,N,12.924,全价：129.624 最后更新：15:34:00,,,,0,{'M': ''},1,0,N,,,buy,buy
2026-06-08 12:14:18,113671,武进转债,wjzz,133.245,-1.65,603878,武进不锈,wjbx,6.03,-6.66,1.3,7.93,76.04,0,75.23,208.48,230403,钢铁,shmb,C,2023-08-03,[],0,0,buy,AA,,5.551,10.309,9.1,buy,2029-07-10,3.09,3.093,3397.36,9426.72,8.21,-4.95,,0,14:59:20,00,Y,N,0,0,N,2026-06-03 至 2026-06-10 期间暂停转股：权益分派,2024-01-15 开始转股;2026-06-03 至 2026-06-10 期间暂停转股：权益分派,计算使用3.1年期 评级为AA 债参考YTM：1.7772,N,3.1,全价：133.245 最后更新：14:59:20,,,,0,[],0,0,N,,,buy,buy
2026-06-08 12:14:18,123065,宝莱转债,blzz,119.01,-1.32,300246,宝莱特,blt,15.82,-4.47,3.7,23.8,66.47,0,79.04,198.05,370502,医药生物,szcy,C,2020-09-24,[],0,0,buy,AA-,,16.66,30.94,6.5,buy,2026-09-04,0.241,2.18,5518.8,18632.13,21.27,-14.13,,0,15:34:42,00,Y,N,2,1,Y,转股价下修2次，成功下修1次,2021-03-11 开始转股,计算使用0.3年期 评级为AA- 债参考YTM：1.6690,Y,2.19,全价：119.010 最后更新：15:34:42,,,"按下调到底估算
股东大会：2026-06-18
预估转股价：18.48
预估转股价值：85.61
期权价值：5.43
理论价值：119.97
理论偏离度：-0.81%",0,[],0,0,N,,,buy,buy
2026-06-08 12:14:18,123223,九典转02,jdz02,135.275,-0.17,300705,九典制药,jdzy,10.95,-3.01,2.03,14.55,75.26,0,79.75,215.03,370102,医药生物,szcy,C,2023-10-13,[],0,0,buy,A+,,10.185,18.915,5.1,buy,2029-09-15,3.274,2.053,641.07,5895.92,2.31,-4.18,,0,15:34:18,00,Y,N,0,0,Y,,2024-03-21 开始转股,计算使用3.3年期 评级为A+ 债参考YTM：4.7346,N,3.6,全价：135.275 最后更新：15:34:18,,,,0,[],0,0,N,,,buy,buy
2026-06-08 12:14:18,127038,国微转债,gwzz,129.504,-2.37,002049,紫光国微,zggw,69.98,-6.87,4.22,97.3,71.92,0,80.06,209.56,270104,电子,szmb,C,2021-07-14,[],0,0,buy,AA+,,68.11,126.49,2.5,buy,2027-06-10,1.006,14.915,12049.22,242978.23,6.23,-13.83,,0,15:34:48,00,Y,N,0,0,Y,,2021-12-17 开始转股,计算使用1.1年期 评级为AA+ 债参考YTM：1.4900,N,15.0,全价：129.504 最后更新：15:34:48,,,,0,{'M': ''},0,0,N,,,buy,buy
2026-06-08 12:14:18,123214,东宝转债,dbzz,130.437,-1.52,300239,东宝生物,dbsw,4.79,-3.62,1.63,6.62,72.36,0,80.27,210.71,370304,医药生物,szcy,C,2023-08-18,[],0,0,buy,A+,,4.634,8.606,16.1,buy,2029-07-31,3.148,4.549,1004.73,5223.85,1.69,-3.34,,0,15:34:27,00,Y,N,0,0,Y,,2024-02-05 开始转股,计算使用3.2年期 评级为A+ 债参考YTM：4.7180,N,4.55,全价：130.437 最后更新：15:34:27,,,,0,[],0,0,N,,,buy,buy
2026-06-08 12:14:18,123138,丝路转债,slzz,133.33,1.22,300556,丝路视觉,slsj,19.59,6.01,5.6,26.53,73.84,0,80.56,213.89,710401,计算机,szcy,C,2022-03-22,[],0,0,buy,A,,18.571,34.489,11.3,buy,2028-03-02,1.734,2.393,13217.61,28574.07,41.32,-7.12,,0,15:33:57,00,Y,N,0,0,Y,,2022-09-08 开始转股,计算使用1.8年期 评级为A 债参考YTM：6.6259,N,2.4,全价：133.330 最后更新：15:33:57,,,,1,[],0,0,N,,,buy,buy
2026-06-08 12:14:18,118065,艾为转债,awzz,150.885,-4.28,688798,艾为电子,awdz,66.22,-4.71,3.58,79.4,83.4,50,80.92,231.81,270105,电子,shkc,C,2026-02-26,[],0,0,buy,AA+,,55.58,103.22,21.1,buy,2032-01-22,5.627,19.01,11985.2,36639.22,4.13,-5.15,,0,14:59:57,00,Y,N,0,0,Y,,未到转股期；2026-07-28 开始转股,计算使用5.7年期 评级为AA+ 债参考YTM：1.8395,N,19.01,全价：150.885 最后更新：14:59:57,,,,0,{'M': ''},0,0,N,,,buy,buy
2026-06-08 12:14:18,111021,奥锐转债,arzz,133.289,-0.45,605116,奥锐特,art,18.37,-2.96,2.75,24.94,73.66,0,80.96,214.25,370101,医药生物,shmb,C,2024-08-15,[],0,0,buy,AA-,,17.458,32.422,10.9,buy,2030-07-26,4.134,8.121,3689.11,5839.64,3.39,-2.62,,0,14:59:00,00,Y,N,0,0,N,2026-06-05 至 2026-06-12 期间暂停转股：权益分派,2025-02-05 开始转股;2026-06-05 至 2026-06-12 期间暂停转股：权益分派,计算使用4.2年期 评级为AA- 债参考YTM：2.4501,N,8.121,全价：133.289 最后更新：14:59:00,,,,0,[],0,0,N,,,buy,buy
2026-06-08 12:14:18,113636,甬金转债,yjzz,126.355,-1.5,603995,甬金股份,yjgf,18.13,-4.07,1.1,26.24,69.09,0,82.88,209.24,230501,钢铁,shmb,C,2021-12-31,[],0,0,buy,AA-,,18.368,34.112,15.1,buy,2027-12-13,1.515,9.995,3014.81,12571.9,2.38,-4.75,,0,14:59:56,00,Y,N,1,1,Y,转股价下修1次，成功下修1次,2022-06-17 开始转股,计算使用1.6年期 评级为AA- 债参考YTM：1.8966,N,10.0,全价：126.355 最后更新：14:59:56,,,,1,{'M': ''},0,0,N,,,buy,buy
2026-06-08 12:14:18,127083,山路转债,slzz,122.215,-0.75,000498,山东路桥,sdlq,5.08,-1.55,0.29,7.61,66.75,0,83.08,205.3,620306,建筑装饰,szmb,C,2023-04-26,[],0,0,buy,AAA,,5.327,9.893,65.7,buy,2029-03-24,2.795,48.359,4513.52,4759.16,0.76,-3.35,,0,15:33:57,00,Y,N,0,0,Y,,2023-10-09 开始转股,计算使用2.8年期 评级为AAA 债参考YTM：1.5928,N,48.36,全价：122.215 最后更新：15:33:57,,,,0,{'M': ''},0,0,N,,,buy,buy
2026-06-08 12:14:18,118066,统联转债,tlzz,143.006,-2.24,688210,统联精密,tljm,43.7,-3.32,5.44,56.2,77.76,90,83.91,226.92,270504,电子,shkc,C,2026-03-20,[],0,0,buy,AA-,,39.34,73.06,8.1,buy,2032-03-02,5.737,5.76,6019.75,19329.01,7.24,-3.97,,0,14:59:42,00,Y,N,0,0,Y,,未到转股期；2026-09-06 开始转股,计算使用5.8年期 评级为AA- 债参考YTM：3.2322,N,5.76,全价：143.006 最后更新：14:59:42,,,,0,{'M': ''},0,0,N,,,buy,buy
2026-06-08 12:14:18,123220,易瑞转债,yrzz,130.131,-0.8,300942,易瑞生物,yrsw,6.25,-3.25,2.83,8.85,70.62,0,84.27,214.4,370504,医药生物,szcy,C,2023-09-06,[],0,0,buy,A+,,6.195,11.505,11.5,buy,2029-08-18,3.197,2.907,1255.91,3732.39,3.31,-2.83,,0,15:34:30,00,Y,N,1,1,Y,转股价下修1次，成功下修1次,2024-02-26 开始转股,计算使用3.2年期 评级为A+ 债参考YTM：4.7180,N,3.28,全价：130.131 最后更新：15:34:30,,,,0,{'M': ''},0,0,N,,,buy,buy
2026-06-08 12:14:18,113634,珀莱转债,plzz,128.429,0.02,603605,珀莱雅,bly,66.53,1.14,4.11,95.46,69.69,0,84.28,212.71,770202,美容护理,shmb,C,2022-01-04,[],0,0,buy,AA,,66.822,124.098,2.8,buy,2027-12-08,1.501,7.507,6310.22,55571.31,6.55,-6.2,,0,14:59:42,00,Y,N,0,0,Y,,2022-06-14 开始转股,计算使用1.6年期 评级为AA 债参考YTM：1.5875,N,7.517,全价：128.429 最后更新：14:59:42,,,,1,{'M': ''},0,0,N,,,buy,buy
2026-06-08 12:14:18,118063,金05转债,j05zz,176.171,-2.49,688676,金盘科技,jpkj,83.6,-7.03,7.17,88.6,94.36,23,86.71,262.88,630801,电力设备,shkc,C,2026-01-14,[],0,0,buy,AA+,,62.02,115.18,4.3,buy,2031-12-24,5.548,16.71,17059.83,139406.17,5.82,-7.99,,0,14:59:59,00,Y,N,0,0,Y,,未到转股期；2026-07-01 开始转股,计算使用5.6年期 评级为AA+ 债参考YTM：1.8248,N,16.71,全价：176.171 最后更新：14:59:59,,,,0,{'M': ''},0,0,N,,,buy,buy
2026-06-08 12:14:18,113655,欧22转债,o22zz,125.869,-0.18,603833,欧派家居,opjj,35.3,-2.49,1.14,52.77,66.89,0,88.16,214.03,360308,轻工制造,shmb,C,2022-09-01,[],0,0,buy,AA,,36.939,68.601,9.3,buy,2028-08-05,2.162,19.999,7149.93,16092.67,2.85,-4.06,,0,14:59:25,00,Y,N,1,1,Y,转股价下修1次，成功下修1次,2023-02-13 开始转股,计算使用2.2年期 评级为AA 债参考YTM：1.6625,N,20.0,全价：125.869 最后更新：14:59:25,,,,0,{'M': ''},0,0,N,,,buy,buy
2026-06-08 12:14:18,113702,斯达转债,sdzz,190.595,-3.34,603290,斯达半导,sdbd,106.4,-5.99,3.66,105.3,101.05,136,88.62,279.22,270102,电子,shmb,C,2026-05-11,[],0,0,buy,AA+,,73.71,136.89,5.9,buy,2032-04-15,5.858,15.0,42640.46,88047.84,14.93,-8.83,,0,14:59:57,00,Y,N,0,0,Y,,未到转股期；2026-10-22 开始转股,计算使用5.9年期 评级为AA+ 债参考YTM：1.8682,N,15.0,全价：190.595 最后更新：14:59:57,,,,0,{'M': ''},0,0,N,,,buy,buy
2026-06-08 12:14:18,113656,嘉诚转债,jczz,125.709,0.38,603535,嘉诚国际,jcgj,6.86,-0.44,1.35,10.35,66.28,0,89.66,215.37,420805,交通运输,shmb,C,2022-10-12,[],0,0,buy,AA-,,7.245,13.455,22.8,buy,2028-09-01,2.236,7.998,3244.36,3877.79,3.24,-2.66,,0,14:59:25,00,Y,N,0,0,Y,,2023-03-07 开始转股,计算使用2.3年期 评级为AA- 债参考YTM：2.0586,N,8.0,全价：125.709 最后更新：14:59:25,,,,0,[],0,0,N,,,buy,buy
2026-06-08 12:14:18,127060,湘佳转债,xjzz,121.9,2.11,002982,湘佳股份,xjgf,13.48,10.04,1.57,21.03,64.1,0,90.17,212.07,110703,农林牧渔,szmb,C,2022-06-10,[],0,0,buy,A+,,14.721,27.339,36.5,buy,2028-04-19,1.866,6.399,34200.84,17453.6,43.45,-4.66,,0,15:33:57,00,Y,N,0,0,Y,,2022-10-25 开始转股,计算使用1.9年期 评级为A+ 债参考YTM：4.2969,N,6.4,全价：121.900 最后更新：15:33:57,,,,0,[],0,0,Y,,,buy,buy
2026-06-08 12:14:18,113625,江山转债,jszz,120.396,-0.38,603208,江山欧派,jsop,12.49,-0.32,2.1,19.84,62.95,0,91.25,211.65,360308,轻工制造,shmb,C,2021-07-01,[],0,0,buy,AA-,,13.888,25.792,26.5,buy,2027-06-11,1.008,5.825,2836.83,2903.52,4.04,0.09,,0,14:59:49,00,Y,N,1,1,Y,转股价下修1次，成功下修1次,2021-12-20 开始转股,计算使用1.1年期 评级为AA- 债参考YTM：1.7986,N,5.83,全价：120.396 最后更新：14:59:49,,,,0,[],0,0,N,,,buy,buy
2026-06-08 12:14:18,123262,神宇转债,syzz,140.847,-2.44,300563,神宇股份,sygf,28.4,-9.53,4.36,38.62,73.54,9,91.53,232.38,730205,通信,szcy,C,2025-12-30,[],0,0,buy,AA-,,27.034,50.206,13.5,buy,2031-12-11,5.512,5.0,6694.65,28654.96,9.44,-3.86,,0,15:34:42,00,Y,N,0,0,Y,,未到转股期；2026-06-17 开始转股,计算使用5.6年期 评级为AA- 债参考YTM：3.0244,N,5.0,全价：140.847 最后更新：15:34:42,,,,0,{'M': ''},0,0,N,,,buy,buy
2026-06-08 12:14:18,123265,耐普转02,npz02,141.389,-1.13,300818,耐普矿机,npkj,21.73,-6.54,2.51,29.5,73.66,44,91.95,233.34,640103,机械设备,szcy,C,2026-01-30,[],0,0,buy,A+,,20.65,38.35,14.6,buy,2032-01-15,5.608,4.5,4515.24,11163.32,7.09,-3.09,,0,15:34:48,00,Y,N,0,0,Y,,未到转股期；2026-07-22 开始转股,计算使用5.7年期 评级为A+ 债参考YTM：5.4819,N,4.5,全价：141.389 最后更新：15:34:48,,,,0,[],1,0,N,,,buy,buy
2026-06-08 12:14:18,123266,博士转债,bszz,141.269,-1.83,300622,博士眼镜,bsyj,15.73,-3.26,5.3,21.54,73.03,108,93.45,234.72,450401,商贸零售,szcy,C,2026-04-07,[],0,0,buy,AA,,15.078,28.002,10.8,buy,2032-03-17,5.778,3.75,3273.41,10554.82,6.16,-3.46,,0,15:34:51,00,Y,N,0,0,Y,,未到转股期；2026-09-24 开始转股,计算使用5.8年期 评级为AA 债参考YTM：2.0982,N,3.75,全价：141.269 最后更新：15:34:51,,,,0,[],1,0,N,,,buy,buy
2026-06-08 12:14:18,118067,上26转债,s26zz,142.686,-1.07,688533,XD上声电,ssdz,23.73,-3.69,2.16,32.25,73.58,108,93.92,236.61,280206,汽车,shkc,C,2026-04-14,[],0,0,buy,A+,,22.575,41.925,8.3,buy,2032-03-17,5.778,3.25,1731.36,3020.33,3.72,-3.29,,0,14:59:55,00,Y,N,0,0,Y,,未到转股期；2026-09-24 开始转股,计算使用5.8年期 评级为A+ 债参考YTM：5.5818,N,3.25,全价：142.686 最后更新：14:59:55,,,,0,{'M': ''},0,0,N,,,buy,buy
2026-06-08 12:14:18,113616,韦尔转债,wezz,112.233,-0.89,603501,豪威集团,hwjt,92.02,-3.53,3.51,159.02,57.87,0,93.95,206.18,270104,电子,shmb,C,2021-01-22,[],0,0,buy,AA+,,111.314,206.726,2.2,buy,2026-12-28,0.556,24.324,6850.1,210338.3,2.5,-3.58,,0,14:59:43,00,Y,N,0,0,Y,,2021-07-05 开始转股,计算使用0.6年期 评级为AA+ 债参考YTM：1.4491,N,24.4,全价：112.233 最后更新：14:59:43,,,,0,{'M': ''},0,0,N,,,buy,buy
2026-06-08 12:14:18,118015,芯海转债,xhzz,132.15,-2.24,688595,芯海科技,xhkj,37.21,-6.79,7.52,55.22,67.39,0,96.11,228.26,270104,电子,shkc,C,2022-08-18,[],0,0,buy,A+,,38.654,71.786,7.6,buy,2028-07-21,2.121,4.1,4942.99,35232.8,9.09,-4.86,,0,14:59:58,00,Y,N,0,0,Y,,2023-01-30 开始转股,计算使用2.2年期 评级为A+ 债参考YTM：4.3673,N,4.1,全价：132.150 最后更新：14:59:58,,,,0,{'M': ''},0,0,N,,,buy,buy
2026-06-08 12:14:18,123192,科思转债,kszz,126.542,-0.12,300856,科思股份,ksgf,11.21,-3.45,1.89,17.39,64.46,0,96.3,222.84,770201,美容护理,szcy,C,2023-05-11,[],0,0,buy,AA-,,12.173,22.607,13.9,buy,2029-04-13,2.849,7.187,2898.3,6609.37,3.19,-2.31,,0,15:34:15,00,Y,N,0,0,Y,,2023-10-19 开始转股,计算使用2.9年期 评级为AA- 债参考YTM：2.2809,N,7.249,全价：126.542 最后更新：15:34:15,,,,0,{'M': ''},0,0,N,,,buy,buy
2026-06-08 12:14:18,113679,芯能转债,xnzz,127.494,-0.85,603105,芯能科技,xnkj,8.1,-4.59,1.78,12.55,64.54,0,97.54,225.03,410106,公用事业,shmb,C,2023-11-24,[],0,0,buy,AA-,,8.785,16.315,21.7,buy,2029-10-26,3.386,8.798,3228.79,9698.81,2.87,-1.93,,0,14:59:35,00,Y,N,0,0,Y,,2024-05-06 开始转股,计算使用3.4年期 评级为AA- 债参考YTM：2.3905,N,8.8,全价：127.494 最后更新：14:59:35,,,,0,{'M': ''},0,0,N,,,buy,buy
2026-06-08 12:14:18,113647,禾丰转债,hfzz,119.839,0.16,603609,禾丰股份,hfgf,6.1,-1.45,0.84,10.09,60.46,0,98.23,218.07,110402,农林牧渔,shmb,C,2022-05-18,[],0,0,buy,AA,,7.063,13.117,26.5,buy,2028-04-22,1.874,14.669,3325.75,1726.81,1.89,-2.75,,0,14:59:53,00,Y,N,0,0,Y,,2022-10-28 开始转股,计算使用1.9年期 评级为AA 债参考YTM：1.6245,N,15.0,全价：119.839 最后更新：14:59:53,,,,1,{'M': ''},0,0,N,,,buy,buy
2026-06-08 12:14:18,113682,益丰转债,yfzz,127.628,-0.98,603939,益丰药房,yfyf,20.49,2.96,2.05,31.84,64.35,0,98.32,225.95,370403,医药生物,shmb,C,2024-03-27,[],0,0,buy,AA,,22.288,41.392,7.2,buy,2030-03-04,3.74,17.968,4866.04,36443.22,2.12,-2.96,,0,14:59:44,00,Y,N,0,0,Y,,2024-09-09 开始转股,计算使用3.8年期 评级为AA 债参考YTM：1.8556,N,17.97,全价：127.628 最后更新：14:59:44,,,,0,{'M': ''},0,0,N,,,buy,buy
2026-06-08 12:14:18,123260,卓镁转债,zmzz,146.0,-0.75,301398,星源卓镁,xyzm,38.5,-2.97,3.86,52.3,73.61,0,98.33,244.33,280202,汽车,szcy,C,2025-11-24,[],0,0,buy,A+,,36.61,67.99,31.4,buy,2031-11-07,5.419,4.499,2968.11,5972.91,4.5,-3.78,,0,15:34:39,00,Y,N,0,0,Y,,2026-05-13 开始转股,计算使用5.5年期 评级为A+ 债参考YTM：5.2628,N,4.5,全价：146.000 最后更新：15:34:39,,,,0,{'M': ''},1,0,N,,,buy,buy
2026-06-08 12:14:18,113701,祥和转债,xhzz,197.314,0.22,603500,祥和实业,xhsy,13.45,9.98,4.06,13.59,98.97,93,99.37,296.68,640501,机械设备,shmb,C,2026-03-26,[],0,0,buy,A+,,9.513,17.667,8.9,buy,2032-03-02,5.737,4.0,575378.54,75036.76,667.81,-8.56,,0,15:00:00,00,Y,N,0,0,Y,,未到转股期；2026-09-09 开始转股,计算使用5.8年期 评级为A+ 债参考YTM：5.5818,N,4.0,全价：197.314 最后更新：15:00:00,,,,0,[],0,0,N,,,buy,buy
2026-06-08 12:14:18,118042,奥维转债,awzz,129.695,-2.49,688516,奥特维,atw,54.42,-6.72,4.48,84.42,64.46,0,101.19,230.89,630505,电力设备,shkc,C,2023-09-01,[],0,0,buy,AA-,,59.094,109.746,6.7,buy,2029-08-10,3.175,11.399,13410.9,55774.87,9.02,-2.65,,0,14:59:25,00,Y,N,0,0,N,2026-06-05 至 2026-06-12 期间暂停转股：权益分派,2024-02-19 开始转股;2026-06-05 至 2026-06-12 期间暂停转股：权益分派,计算使用3.2年期 评级为AA- 债参考YTM：2.3642,N,11.4,全价：129.695 最后更新：14:59:25,,,,0,{'M': ''},0,0,N,,,buy,buy
2026-06-08 12:14:18,123122,富瀚转债,fhzz,124.586,-1.0,300613,富瀚微,fhw,56.3,-5.99,4.36,91.5,61.53,0,102.48,227.07,270104,电子,szcy,C,2021-08-24,[],0,0,buy,A+,,64.05,118.95,4.7,buy,2027-08-06,1.162,5.801,4458.96,53379.74,6.16,-5.35,,0,15:34:00,00,Y,N,0,0,Y,,2022-02-14 开始转股,计算使用1.2年期 评级为A+ 债参考YTM：4.1522,N,5.812,全价：124.586 最后更新：15:34:00,,,,0,{'M': ''},0,0,N,,,buy,buy
2026-06-08 12:14:18,123196,正元转02,zyz02,126.949,-0.22,300645,正元智慧,zyzh,13.71,-1.72,1.76,21.91,62.57,0,102.88,229.83,710103,计算机,szcy,C,2023-05-19,[],0,0,buy,A+,,15.337,28.483,18.3,buy,2029-04-18,2.863,3.501,1374.98,6495.11,3.09,-2.47,,0,15:34:21,00,Y,N,2,1,Y,转股价下修2次，成功下修1次,2023-10-24 开始转股,计算使用2.9年期 评级为A+ 债参考YTM：4.6286,N,3.507,全价：126.949 最后更新：15:34:21,,,,0,[],0,0,N,,,buy,buy
2026-06-08 12:14:18,111009,盛泰转债,stzz,125.461,-1.06,605138,盛泰集团,stjt,6.49,-3.71,1.4,10.56,61.46,0,104.14,229.6,350209,纺织服饰,shmb,C,2022-12-01,[],0,0,buy,AA,,7.392,13.728,19.4,buy,2028-11-07,2.419,7.011,4243.13,2650.47,4.83,-4.2,,0,14:59:50,00,Y,N,0,0,N,2026-06-08 起暂停转股：权益分派,2023-05-11 开始转股;2026-06-08 起暂停转股：权益分派,计算使用2.5年期 评级为AA 债参考YTM：1.7008,N,7.012,全价：125.461 最后更新：14:59:50,,,,0,[],0,0,N,,,buy,buy
2026-06-08 12:14:18,123168,惠云转债,hyzz,126.4,-1.09,300891,惠云钛业,hyty,6.62,-5.16,2.08,10.74,61.64,0,105.07,231.47,220206,基础化工,szcy,C,2022-12-14,[],0,0,buy,AA-,,7.518,13.962,22.2,buy,2028-11-23,2.463,4.899,1797.3,5417.92,2.89,-2.57,,0,15:34:12,00,Y,N,0,0,Y,,2023-05-29 开始转股,计算使用2.5年期 评级为AA- 债参考YTM：2.1302,N,4.9,全价：126.400 最后更新：15:34:12,,,,0,{'M': ''},0,0,N,,,buy,buy
2026-06-08 12:14:18,127056,中特转债,ztzz,125.601,-0.4,000708,中信特钢,zxtg,13.29,-2.06,1.49,21.78,61.02,0,105.84,231.44,230501,钢铁,szmb,C,2022-04-15,[],0,0,buy,AAA,,15.246,28.314,7.5,buy,2028-02-25,1.718,49.996,4072.64,16468.98,0.65,-8.69,,0,15:34:42,00,Y,N,0,0,Y,,2022-09-05 开始转股,计算使用1.8年期 评级为AAA 债参考YTM：1.4994,N,50.0,全价：125.601 最后更新：15:34:42,,,,1,{'M': ''},0,0,N,,,buy,buy
2026-06-08 12:14:18,123193,海能转债,hnzz,128.347,-0.78,300787,海能实业,hnsy,9.04,-4.64,1.67,14.5,62.35,0,105.87,234.22,270504,电子,szcy,C,2023-05-09,[],0,0,buy,AA-,,10.15,18.85,33.8,buy,2029-04-13,2.849,5.997,1574.43,5679.2,2.04,-2.8,,0,15:34:21,00,Y,N,0,0,Y,,2023-10-19 开始转股,计算使用2.9年期 评级为AA- 债参考YTM：2.2809,N,6.0,全价：128.347 最后更新：15:34:21,,,,0,[],0,0,N,,,buy,buy
2026-06-08 12:14:18,123229,艾录转债,alzz,131.54,0.29,301062,上海艾录,shal,6.38,-2.6,2.03,10.0,63.8,0,106.18,237.72,360205,轻工制造,szcy,C,2023-11-20,[],0,0,buy,A+,,7.0,13.0,10.1,buy,2029-10-23,3.378,1.779,1323.63,5313.53,5.68,-2.67,,0,15:34:36,00,Y,N,0,0,N,2026-06-05 起暂停转股：权益分派,2024-04-29 开始转股;2026-06-05 起暂停转股：权益分派,计算使用3.4年期 评级为A+ 债参考YTM：4.7462,N,5.0,全价：131.540 最后更新：15:34:36,,,,0,{'M': ''},0,0,N,,,buy,buy
2026-06-08 12:14:18,113693,志邦转债,zbzz,122.61,-0.96,603801,志邦家居,zbjj,6.84,-2.43,0.93,11.52,59.38,0,106.5,229.11,360308,轻工制造,shmb,C,2025-04-08,[],0,0,buy,AA,,8.064,14.976,22.6,buy,2031-03-18,4.778,6.7,3968.02,2514.64,4.83,-1.48,,0,14:59:19,00,Y,N,0,0,Y,,2025-09-24 开始转股,计算使用4.8年期 评级为AA 债参考YTM：1.9339,N,6.7,全价：122.610 最后更新：14:59:19,,,,0,[],0,0,N,,,buy,buy
2026-06-08 12:14:18,127098,欧晶转债,ojzz,127.218,-0.5,001269,欧晶科技,ojkj,25.83,-5.04,6.52,42.0,61.5,0,106.86,234.08,630504,电力设备,szmb,C,2023-12-15,[],0,0,buy,AA-,,29.4,54.6,9.4,buy,2029-11-24,3.466,4.693,5113.37,29588.28,8.53,-2.65,,0,15:34:09,00,Y,N,1,1,Y,转股价下修1次，成功下修1次,2024-05-30 开始转股,计算使用3.5年期 评级为AA- 债参考YTM：2.3980,N,4.7,全价：127.218 最后更新：15:34:09,,,,0,[],0,0,N,,,buy,buy
2026-06-08 12:14:18,123264,双乐转债,slzz,132.305,-0.9,301036,双乐股份,slgf,22.93,-4.06,1.35,36.4,63.0,28,110.03,242.34,220305,基础化工,szcy,C,2026-01-16,[],0,0,buy,AA-,,25.48,47.32,50.1,buy,2031-12-25,5.551,8.0,1661.37,3729.92,1.57,-2.73,,0,15:34:45,00,Y,N,0,0,Y,,未到转股期；2026-07-06 开始转股,计算使用5.6年期 评级为AA- 债参考YTM：3.0244,N,8.0,全价：132.305 最后更新：15:34:45,,,,0,{'M': ''},0,0,N,,,buy,buy
2026-06-08 12:14:18,113648,巨星转债,jxzz,118.993,-0.5,603477,巨星农牧,jxnm,14.01,-3.51,2.66,24.86,56.36,0,111.15,230.14,110702,农林牧渔,shmb,C,2022-05-17,[],0,0,buy,AA-,,17.402,32.318,12.6,buy,2028-04-25,1.882,8.997,3248.8,15254.2,3.02,-3.09,,0,14:59:45,00,Y,N,0,0,Y,,2022-10-31 开始转股,计算使用1.9年期 评级为AA- 债参考YTM：1.9573,N,10.0,全价：118.993 最后更新：14:59:45,,,,1,{'M': ''},0,0,N,,,buy,buy
2026-06-08 12:14:18,123175,百畅转债,bczz,115.498,-0.17,300614,百川畅银,bccy,11.09,-5.05,2.01,20.4,54.36,0,112.46,227.96,760103,环保,szcy,C,2023-03-17,[],0,0,buy,A,,14.28,26.52,23.6,buy,2029-02-22,2.712,4.199,2720.46,3949.06,5.62,0.26,,0,15:34:00,00,Y,N,2,2,Y,转股价下修2次，成功下修2次,2023-08-28 开始转股,计算使用2.8年期 评级为A 债参考YTM：6.9403,N,4.2,全价：115.498 最后更新：15:34:00,,,,0,{'M': ''},0,0,N,,,buy,buy
2026-06-08 12:14:18,113700,海天转债,htzz,130.974,-1.26,603759,海天股份,htgf,7.69,-2.41,1.21,12.52,61.42,64,113.24,244.21,760102,环保,shmb,C,2026-03-12,[],0,0,buy,AA,,8.764,16.276,22.6,buy,2032-02-04,5.663,8.01,2242.02,2758.29,2.13,-2.52,,0,14:59:47,00,Y,N,0,0,Y,,未到转股期；2026-08-11 开始转股,计算使用5.7年期 评级为AA 债参考YTM：2.0748,N,8.01,全价：130.974 最后更新：14:59:47,,,,0,[],1,0,N,,,buy,buy
2026-06-08 12:14:18,128119,龙大转债,ldzz,81.0,-0.78,002726,ST龙大,ldms,1.59,-4.79,2.85,4.2,37.86,0,113.96,194.96,340401,食品饮料,szmb,C,2020-08-07,[],0,0,buy,B,,2.94,5.46,55.2,buy,2026-07-13,0.096,9.459,50160.65,5720.8,66.31,437.7,,0,15:34:24,00,Y,N,3,1,Y,转股价下修3次，成功下修1次,2021-01-18 开始转股,计算使用0.1年期 评级为B 债参考YTM：32.6934,N,9.5,全价：81.000 最后更新：15:34:24,,,,1,{'R': '到期\n最后交易日：2026-07-07\n最后转股日：2026-07-10\n债券到期日：2026-07-13\n到期赎回价：115.000元/张'},0,0,N,,,buy,buy
2026-06-08 12:14:18,127044,蒙娜转债,mnzz,126.149,-0.53,002918,蒙娜丽莎,mnls,11.67,-5.12,1.45,19.84,58.82,0,114.46,240.61,360306,轻工制造,szmb,C,2021-09-16,[],0,0,buy,AA-,,13.888,25.792,13.5,buy,2027-08-16,1.189,3.368,4840.14,18095.35,11.38,-8.4,,0,15:34:36,00,Y,N,1,1,Y,转股价下修1次，成功下修1次,2022-02-21 开始转股,计算使用1.2年期 评级为AA- 债参考YTM：1.8173,N,11.689,全价：126.149 最后更新：15:34:36,,,,0,[],0,0,N,,,buy,buy
2026-06-08 12:14:18,113666,爱玛转债,amzz,124.848,-0.68,603529,爱玛科技,amkj,21.21,-1.62,1.8,36.95,57.4,0,117.5,242.35,280401,汽车,shmb,C,2023-03-20,[],0,0,buy,AA,,25.865,48.035,11.1,buy,2029-02-23,2.715,19.994,6273.16,12629.15,2.52,-3.57,,0,14:58:44,00,Y,N,0,0,Y,,2023-09-01 开始转股,计算使用2.8年期 评级为AA 债参考YTM：1.7391,N,20.0,全价：124.848 最后更新：14:58:44,,,,0,{'M': ''},0,0,N,,,buy,buy
2026-06-08 12:14:18,118020,芳源转债,fyzz,120.15,-0.09,688148,芳源股份,fygf,7.72,-5.51,7.18,14.0,55.14,0,117.89,238.04,630702,电力设备,shkc,C,2022-11-07,[],0,0,buy,BBB,,9.8,18.2,16.3,buy,2028-09-23,2.296,6.417,1633.62,14465.81,2.12,2.16,,0,14:59:21,00,Y,N,1,1,Y,转股价下修1次，成功下修1次,2023-03-29 开始转股,计算使用2.3年期 评级为BBB 债参考YTM：15.3623,N,6.42,全价：120.150 最后更新：14:59:21,,,,0,{'M': ''},0,0,N,,,buy,buy
2026-06-08 12:14:18,127085,韵达转债,ydzz,123.685,-0.37,002120,韵达股份,ydgf,6.56,-2.67,0.88,11.73,55.93,0,121.16,244.85,420804,交通运输,szmb,C,2023-05-23,[],0,0,buy,AA+,,8.211,15.249,13.3,buy,2029-04-11,2.844,24.499,5509.84,21235.28,1.82,-3.7,,0,15:34:09,00,Y,N,0,0,Y,,2023-10-17 开始转股,计算使用2.9年期 评级为AA+ 债参考YTM：1.6551,N,24.5,全价：123.685 最后更新：15:34:09,,,,0,{'M': ''},0,0,N,,,buy,buy
2026-06-08 12:14:18,123157,科蓝转债,klzz,127.219,-0.44,300663,科蓝软件,klrj,7.47,-2.61,9.52,13.2,56.59,0,124.8,252.02,710401,计算机,szcy,C,2022-09-20,[],0,0,buy,A,,9.24,17.16,6.8,buy,2028-08-30,2.23,2.34,2714.38,19067.83,9.1,-3.09,,0,15:34:09,00,Y,N,2,1,Y,转股价下修2次，成功下修1次,2023-03-06 开始转股,计算使用2.3年期 评级为A 债参考YTM：6.7492,Y,4.946,全价：127.219 最后更新：15:34:09,,,"按下调到底估算
股东大会：2026-06-12
预估转股价：8.59
预估转股价值：86.96
期权价值：18.99
理论价值：122.02
理论偏离度：4.09%",0,{'M': ''},0,0,N,,,buy,buy
2026-06-08 12:14:18,127062,垒知转债,lzzz,126.496,-0.45,002398,垒知集团,lzjt,4.27,-2.95,0.81,7.59,56.26,0,124.85,251.35,610303,建筑材料,szmb,C,2022-05-20,[],0,0,buy,AA-,,5.313,9.867,15.2,buy,2028-04-21,1.871,3.958,1480.57,6912.03,2.96,-4.13,,0,15:34:45,00,Y,N,0,0,N,2026-06-01 至 2026-06-09 期间暂停转股：权益分派,2022-10-27 开始转股;2026-06-01 至 2026-06-09 期间暂停转股：权益分派,计算使用1.9年期 评级为AA- 债参考YTM：1.9573,N,3.963,全价：126.496 最后更新：15:34:45,,,,0,[],0,0,Y,,,buy,buy
2026-06-08 12:14:18,123113,仙乐转债,xlzz,115.002,0.15,300791,仙乐健康,xljk,16.19,-4.37,1.69,31.66,51.14,0,124.89,239.89,340407,食品饮料,szcy,C,2021-05-14,[],0,0,buy,AA-,,22.162,41.158,24.6,buy,2027-04-19,0.863,10.248,2514.28,3802.17,2.14,-2.02,,0,15:33:57,00,Y,N,0,0,Y,,2021-10-25 开始转股,计算使用0.9年期 评级为AA- 债参考YTM：1.7606,N,10.249,全价：115.002 最后更新：15:33:57,,,,1,[],0,0,N,,,buy,buy
2026-06-08 12:14:18,127068,顺博转债,sbzz,126.513,0.1,002996,顺博合金,sbhj,6.24,-4.15,1.22,11.16,55.91,0,126.26,252.77,240301,有色金属,szmb,C,2022-09-07,[],0,0,buy,AA-,,7.812,14.508,29.0,buy,2028-08-12,2.181,8.3,2620.72,6794.03,2.51,-5.71,,0,15:33:54,00,Y,N,1,1,Y,转股价下修1次，成功下修1次,2023-02-20 开始转股,计算使用2.2年期 评级为AA- 债参考YTM：2.0271,N,8.3,全价：126.513 最后更新：15:33:54,,,,0,[],0,0,N,,,buy,buy
2026-06-08 12:14:18,113650,博22转债,b22zz,127.502,-1.47,603916,苏博特,sbt,12.74,-4.78,1.24,23.03,55.32,0,130.48,257.98,220309,基础化工,shmb,C,2022-07-28,[],0,0,buy,AA-,,16.121,29.939,14.9,buy,2028-07-01,2.066,7.996,4250.19,23088.75,4.14,-3.56,,0,14:59:54,00,Y,N,0,0,Y,,2023-01-09 开始转股,计算使用2.1年期 评级为AA- 债参考YTM：1.9996,N,8.0,全价：127.502 最后更新：14:59:54,,,,0,{'M': ''},0,0,N,,,buy,buy
2026-06-08 12:14:18,123180,浙矿转债,zkzz,131.813,-0.89,300837,浙矿股份,zkgf,26.93,-4.16,1.84,47.59,56.59,0,132.94,264.75,640203,机械设备,szcy,C,2023-03-28,[],0,0,buy,AA-,,33.313,61.867,15.7,buy,2029-03-09,2.753,3.197,3346.07,5880.13,7.93,-3.85,,0,15:34:09,00,Y,N,0,0,Y,,2023-09-15 开始转股,计算使用2.8年期 评级为AA- 债参考YTM：2.2447,N,3.2,全价：131.813 最后更新：15:34:09,,,,0,[],0,0,N,,,buy,buy
2026-06-08 12:14:18,118022,锂科转债,lkzz,121.251,-0.61,688779,五矿新能,wkxn,8.07,-3.47,2.12,15.53,51.96,0,133.34,254.59,630702,电力设备,shkc,C,2022-11-07,[],0,0,buy,AA,,10.871,20.189,20.9,buy,2028-10-11,2.345,32.497,6200.3,25624.3,1.58,-2.9,,0,14:59:53,00,Y,N,0,0,Y,,2023-04-17 开始转股,计算使用2.4年期 评级为AA 债参考YTM：1.6880,N,32.5,全价：121.251 最后更新：14:59:53,,,,0,{'M': ''},0,0,N,,,buy,buy
2026-06-08 12:14:18,113638,台21转债,t21zz,122.583,-0.21,603055,台华新材,thxc,8.09,-0.37,1.32,16.01,50.53,0,142.59,265.17,350106,纺织服饰,shmb,C,2022-01-21,[],0,0,buy,AA,,11.207,20.813,8.4,buy,2027-12-29,1.559,5.997,1685.63,4159.23,2.3,-4.71,,0,14:59:51,00,Y,N,0,0,Y,,2022-07-05 开始转股,计算使用1.6年期 评级为AA 债参考YTM：1.5875,N,6.0,全价：122.583 最后更新：14:59:51,,,,0,{'M': ''},0,0,N,,,buy,buy
2026-06-08 12:14:18,123267,珂玛转债,kmzz,256.601,-0.54,301611,珂玛科技,kmkj,102.0,-5.56,24.3,97.47,104.65,136,145.2,401.8,270103,电子,szcy,C,2026-05-13,[],0,0,buy,AA,,68.229,126.711,5.0,buy,2032-04-15,5.858,7.5,94057.01,159450.71,48.52,-13.11,,0,15:34:18,00,Y,N,0,0,Y,,未到转股期；2026-10-22 开始转股,计算使用5.9年期 评级为AA 债参考YTM：2.1206,N,7.5,全价：256.601 最后更新：15:34:18,,,,0,{'M': ''},0,0,N,,,buy,buy
2026-06-08 12:14:18,111014,李子转债,lzzz,125.321,0.67,605337,李子园,lzy,9.27,-2.22,2.13,18.37,50.46,0,148.34,273.66,340701,食品饮料,shmb,C,2023-07-13,[],0,0,buy,AA,,12.859,23.881,16.6,buy,2029-06-20,3.036,5.999,2457.37,2533.31,3.28,-2.48,,0,14:58:28,00,Y,N,0,0,Y,,2023-12-28 开始转股,计算使用3.1年期 评级为AA 债参考YTM：1.7772,N,6.0,全价：125.321 最后更新：14:58:28,,,,0,[],0,0,N,,,buy,buy
2026-06-08 12:14:18,123090,三诺转债,snzz,112.815,-0.09,300298,三诺生物,snsw,14.72,-1.6,2.66,34.46,42.72,0,164.1,276.92,370502,医药生物,szcy,C,2021-01-12,[],0,0,buy,AA,,24.122,44.798,7.5,buy,2026-12-21,0.537,4.984,2124.53,6336.27,3.78,-1.35,,0,15:34:51,00,Y,N,0,0,Y,,2021-06-25 开始转股,计算使用0.6年期 评级为AA 债参考YTM：1.4691,N,5.0,全价：112.815 最后更新：15:34:51,,,,0,{'M': ''},0,0,N,,,buy,buy
2026-06-08 12:14:18,113049,长汽转债,cqzz,111.102,0.24,601633,长城汽车,ccqc,16.41,-1.97,1.59,39.18,41.88,0,165.26,276.36,280502,汽车,shmb,C,2021-07-08,[],0,0,buy,AAA,,27.426,50.934,3.4,buy,2027-06-10,1.006,34.95,6265.65,39869.54,1.62,-2.37,,0,14:59:50,00,Y,N,0,0,Y,,2021-12-17 开始转股,计算使用1.1年期 评级为AAA 债参考YTM：1.4693,N,35.0,全价：111.102 最后更新：14:59:50,,,,1,{'M': ''},0,0,N,,,buy,buy
2026-06-08 12:14:18,123117,健帆转债,jfzz,117.474,-0.28,300529,健帆生物,jfsw,16.76,-2.67,3.62,38.15,43.93,0,167.4,284.87,370503,医药生物,szcy,C,2021-07-12,[],0,0,buy,AA,,26.705,49.595,11.6,buy,2027-06-23,1.041,9.998,1876.82,9350.64,1.6,-4.73,,0,15:34:00,00,Y,N,2,2,Y,转股价下修2次，成功下修2次,2021-12-29 开始转股,计算使用1.1年期 评级为AA 债参考YTM：1.5240,N,10.0,全价：117.474 最后更新：15:34:00,,,,0,{'M': ''},0,0,N,,,buy,buy
2026-06-08 12:14:18,123250,嘉益转债,jyzz,124.955,-0.61,301004,嘉益股份,jygf,36.26,-4.68,2.85,79.66,45.52,0,174.52,299.48,360311,轻工制造,szcy,C,2024-11-26,[],0,0,buy,A+,,55.762,103.558,8.0,buy,2030-11-07,4.419,3.955,1442.47,3149.1,2.91,-1.18,,0,15:34:33,00,Y,N,0,0,Y,,2025-05-13 开始转股,计算使用4.5年期 评级为A+ 债参考YTM：4.8438,N,3.979,全价：124.955 最后更新：15:34:33,,,,0,{'M': ''},0,0,N,,,buy,buy
2026-06-08 12:14:18,113660,寿22转债,s22zz,125.97,-0.47,603896,寿仙谷,sxg,15.85,-0.94,1.37,36.84,43.02,0,192.79,318.76,370201,医药生物,shmb,C,2022-12-12,[],0,0,buy,AA-,,25.788,47.892,12.7,buy,2028-11-17,2.447,3.977,1448.08,4093.75,2.89,-3.55,,0,14:58:58,00,Y,N,0,0,Y,,2023-05-23 开始转股,计算使用2.5年期 评级为AA- 债参考YTM：2.1302,N,3.98,全价：125.970 最后更新：14:58:58,,,,0,[],0,0,N,,,buy,buy
2026-06-08 12:14:18,113670,金23转债,j23zz,124.678,-0.46,603180,金牌家居,jpjj,15.89,-1.79,0.9,37.64,42.22,0,195.34,320.02,360308,轻工制造,shmb,C,2023-05-16,[],0,0,buy,AA,,26.348,48.932,31.4,buy,2029-04-17,2.86,7.7,2478.56,1976.45,2.58,-1.85,,0,14:58:42,00,Y,N,0,0,Y,,2023-10-23 开始转股,计算使用2.9年期 评级为AA 债参考YTM：1.7519,N,7.7,全价：124.678 最后更新：14:58:42,,,,0,[],0,0,N,,,buy,buy
2026-06-08 12:14:18,123151,康医转债,kyzz,119.3,0.31,300869,康泰医学,ktyx,10.88,-3.12,2.54,27.55,39.49,0,202.09,321.39,370502,医药生物,szcy,C,2022-07-20,[],0,0,buy,A+,,19.285,35.815,24.4,buy,2028-07-01,2.066,6.998,3311.94,4083.91,3.97,0.0,,0,15:34:06,00,Y,N,0,0,Y,,2023-01-09 开始转股,计算使用2.1年期 评级为A+ 债参考YTM：4.3396,N,7.0,全价：119.300 最后更新：15:34:06,,,,0,{'M': ''},0,0,N,,,buy,buy
2026-06-08 12:14:18,128135,洽洽转债,qqzz,114.382,-0.02,002557,洽洽食品,qqsp,20.99,-1.27,1.92,55.93,37.53,0,204.78,319.16,340801,食品饮料,szmb,C,2020-11-18,[],0,0,buy,AA,,39.151,72.709,12.6,buy,2026-10-20,0.367,13.398,2665.09,14765.05,1.74,1.48,,0,15:34:18,00,Y,N,0,0,N,2026-06-02 至 2026-06-12 期间暂停转股：权益分派,2021-04-26 开始转股;2026-06-02 至 2026-06-12 期间暂停转股：权益分派,计算使用0.4年期 评级为AA 债参考YTM：1.4659,N,13.4,全价：114.382 最后更新：15:34:18,,,,1,{'M': ''},0,0,N,,,buy,buy
2026-06-08 12:14:18,110085,通22转债,t22zz,117.072,-0.62,600438,通威股份,twgf,12.89,-5.22,1.59,34.6,37.25,0,214.25,331.32,630501,电力设备,shmb,C,2022-03-18,[],0,0,buy,AAA,,24.22,44.98,20.6,buy,2028-02-24,1.715,119.831,15604.88,70568.59,1.11,-3.19,,0,14:59:52,00,Y,N,0,0,Y,,2022-09-02 开始转股,计算使用1.8年期 评级为AAA 债参考YTM：1.4994,N,120.0,全价：117.072 最后更新：14:59:52,,,,0,{'M': ''},0,0,N,,,buy,buy
2026-06-08 12:14:18,118032,建龙转债,jlzz,124.628,-0.86,688357,建龙微纳,jlwn,27.49,-4.28,1.48,71.71,38.34,0,225.1,349.73,220309,基础化工,shkc,C,2023-04-07,[],0,0,buy,AA-,,50.197,93.223,25.4,buy,2029-03-08,2.751,6.999,3246.38,4290.85,3.72,-1.85,,0,14:59:44,00,Y,N,0,0,N,2026-06-08 起暂停转股：权益分派,2023-09-14 开始转股;2026-06-08 起暂停转股：权益分派,计算使用2.8年期 评级为AA- 债参考YTM：2.2447,N,7.0,全价：124.628 最后更新：14:59:44,,,,0,{'M': ''},0,0,N,,,buy,buy
2026-06-08 12:14:18,118005,天奈转债,tnzz,125.15,-0.12,688116,天奈科技,tnkj,37.9,-3.51,3.61,99.09,38.25,0,227.21,352.36,630702,电力设备,shkc,C,2022-03-01,[],0,0,buy,AA-,,69.363,128.817,6.0,buy,2028-01-27,1.638,8.299,2820.25,41876.59,2.72,-6.73,,0,14:59:30,00,Y,N,0,0,Y,,2022-08-09 开始转股,计算使用1.7年期 评级为AA- 债参考YTM：1.9169,N,8.3,全价：125.150 最后更新：14:59:30,,,,0,{'M': ''},0,0,N,,,buy,buy
2026-06-08 12:14:18,113633,科沃转债,kwzz,122.133,0.57,603486,科沃斯,kws,61.29,4.02,3.78,173.8,35.27,0,246.33,368.46,330302,家用电器,shmb,C,2021-12-29,[],0,0,buy,AA,,121.66,225.94,3.0,buy,2027-11-30,1.48,10.396,3199.85,64806.17,2.53,-5.87,,0,14:58:42,00,Y,N,0,0,Y,,2022-06-06 开始转股,计算使用1.5年期 评级为AA 债参考YTM：1.5751,N,10.4,全价：122.133 最后更新：14:58:42,,,,0,{'M': ''},0,0,N,,,buy,buy
2026-06-08 12:14:18,127025,冀东转债,jdzz,105.37,0.01,000401,金隅冀东,jyjd,3.85,-2.53,0.39,12.91,29.82,0,253.33,358.7,610101,建筑材料,szmb,C,2020-12-02,[],0,0,buy,AAA,,9.037,16.783,17.5,buy,2026-11-05,0.411,17.764,3242.24,3805.4,1.73,1.47,,0,15:34:24,00,Y,Y,0,0,Y,,2021-05-11 开始转股,计算使用0.5年期 评级为AAA 债参考YTM：1.4264,N,28.2,全价：105.370 最后更新：15:34:24,,,,0,{'M': ''},0,0,N,,,buy,buy
2026-06-08 12:14:18,123072,乐歌转债,lgzz,122.303,-0.22,300729,乐歌股份,lggf,10.66,-2.02,0.99,32.61,32.69,0,274.14,396.44,360311,轻工制造,szcy,C,2020-11-10,[],0,0,buy,A+,,22.827,42.393,4.1,buy,2026-10-21,0.37,1.418,1146.68,3770.24,6.61,-5.13,,0,15:34:42,00,Y,N,0,0,Y,,2021-04-27 开始转股,计算使用0.4年期 评级为A+ 债参考YTM：4.0310,N,1.42,全价：122.303 最后更新：15:34:42,,,,0,[],0,0,N,,,buy,buy
2026-06-08 12:14:18,128124,科华转债,khzz,105.658,0.01,002022,科华生物,khsw,5.14,-2.47,1.03,20.64,24.9,0,324.28,429.94,370504,医药生物,szmb,C,2020-08-20,[],0,0,buy,A+,,14.448,26.832,8.5,buy,2026-07-28,0.137,2.245,1616.1,3356.71,6.81,2.41,,0,15:34:15,00,Y,N,0,0,Y,,2021-02-03 开始转股,计算使用0.2年期 评级为A+ 债参考YTM：4.0146,N,7.38,全价：105.658 最后更新：15:34:15,,,,0,[],0,0,N,,,buy,buy
2026-06-08 12:14:18,118010,洁特转债,jtzz,123.414,0.04,688026,洁特生物,jtsw,12.95,-3.43,1.52,47.95,27.01,0,356.97,480.38,370503,医药生物,shkc,C,2022-08-02,[],0,0,buy,A+,,33.565,62.335,24.2,buy,2028-06-28,2.058,4.399,920.31,2192.99,1.69,-4.16,,0,14:58:09,00,Y,N,0,0,Y,,2023-01-04 开始转股,计算使用2.1年期 评级为A+ 债参考YTM：4.3396,N,4.4,全价：123.414 最后更新：14:58:09,,,,0,{'M': ''},0,0,N,,,buy,buy
2026-06-08 12:14:18,123179,立高转债,lgzz,123.01,0.3,300973,立高食品,lgsp,25.3,-3.36,1.57,95.13,26.6,0,362.53,485.54,340802,食品饮料,szcy,C,2023-03-27,[],0,0,buy,AA-,,66.591,123.669,31.7,buy,2029-03-07,2.748,9.499,2020.95,5365.03,1.73,-1.28,,0,15:34:12,00,Y,N,0,0,Y,,2023-09-13 开始转股,计算使用2.8年期 评级为AA- 债参考YTM：2.2447,N,9.5,全价：123.010 最后更新：15:34:12,,,,0,{'M': ''},0,0,N,,,buy,buy
2026-06-08 12:14:18,123154,火星转债,hxzz,123.285,-0.25,300894,火星人,hxr,8.77,-1.57,3.39,33.03,26.55,0,364.32,487.61,330401,家用电器,szcy,C,2022-08-23,[],0,0,buy,AA-,,23.121,42.939,20.5,buy,2028-08-05,2.162,5.289,997.17,4135.69,1.53,-1.85,,0,15:34:06,00,Y,N,0,0,Y,,2023-02-13 开始转股,计算使用2.2年期 评级为AA- 债参考YTM：2.0271,N,5.29,全价：123.285 最后更新：15:34:06,,,,0,{'M': ''},0,0,N,,,buy,buy
2026-06-08 12:14:18,113059,福莱转债,flzz,121.84,0.02,601865,福莱特,flt,10.57,-5.03,1.1,41.71,25.34,0,380.79,502.63,630504,电力设备,shmb,C,2022-06-13,[],0,0,buy,AA,,29.197,54.223,19.9,buy,2028-05-20,1.951,39.999,4477.46,20960.36,0.92,-3.47,,0,14:59:52,00,Y,N,1,0,Y,转股价下修1次，成功下修0次,2022-11-28 开始转股,计算使用2.0年期 评级为AA 债参考YTM：1.6371,N,40.0,全价：121.840 最后更新：14:59:52,,,,1,{'M': ''},0,0,N,,,buy,buy
