抓取时间,bond_id,bond_nm,bond_py,price,increase_rt,stock_id,stock_nm,stock_py,sprice,sincrease_rt,pb,convert_price,convert_value,convert_begin,premium_rt,dblow,sw_cd,sw_name,market_cd,btype,list_dt,t_flag,owned,hold,bond_value,rating_cd,option_value,put_convert_price,force_redeem_price,convert_amt_ratio,fund_rt,maturity_dt,year_left,curr_iss_amt,volume,svolume,turnover_rt,ytm_rt,put_ytm_rt,noted,last_time,qstatus,sqflag,pb_flag,adj_cnt,adj_scnt,convert_price_valid,convert_price_tips,convert_cd_tip,ref_yield_info,adjusted,orig_iss_amt,price_tips,redeem_dt,real_force_redeem_price,option_tip,after_next_put_dt,icons,is_min_price,blocked,putting,force_redeem_price_tip,notes,volatility_rate,debt_rate
2026-07-02 10:17:49,118071,华峰转债,hfzz,100.0,0.0,688200,华峰测控,hfck,450.0,-15.07,21.55,336.12,133.88,180,-25.31,74.69,270108,电子,shkc,C,,[],0,0,buy,AA,,235.284,436.956,0.8,buy,2032-06-22,5.978,7.49,0.0,421197.76,0.0,2.16,,0,,00,Y,N,0,0,Y,,未到转股期；2026-12-29 开始转股,计算使用6.0年期 评级为AA 债参考YTM：2.1800,N,7.49,待上市,,,,0,{'M': ''},0,0,N,,,buy,buy
2026-07-02 10:17:49,118070,南芯转债,nxzz,100.0,0.0,688484,南芯科技,nxkj,50.0,-4.65,5.12,43.84,114.05,176,-12.32,87.68,270105,电子,shkc,C,,[],0,0,buy,AA+,,30.688,56.992,7.4,buy,2032-06-17,5.964,15.869,0.0,104496.54,0.0,2.02,,0,,00,Y,N,0,0,Y,,未到转股期；2026-12-25 开始转股,计算使用6.0年期 评级为AA+ 债参考YTM：1.9200,N,15.869,待上市,,,,0,{'M': ''},0,0,N,,,buy,buy
2026-07-02 10:17:49,113706,金帝转债,jdzz,100.0,0.0,603270,金帝股份,jdgf,34.88,5.7,3.33,30.62,113.91,173,-12.21,87.79,640108,机械设备,shmb,C,,[],0,0,buy,AA,,21.434,39.806,39.3,buy,2032-06-14,5.956,9.7,0.0,59058.05,0.0,2.96,,0,,00,Y,N,0,0,Y,,未到转股期；2026-12-22 开始转股,计算使用6.0年期 评级为AA 债参考YTM：2.1800,N,9.7,待上市,,,,0,{'M': ''},0,0,N,,,buy,buy
2026-07-02 10:17:49,113704,春风转债,cfzz,100.0,0.0,603129,春风动力,cfdl,259.5,1.49,4.98,241.7,107.37,167,-6.86,93.14,280402,汽车,shmb,C,,[],0,0,buy,AA+,,169.19,314.21,5.5,buy,2032-06-09,5.943,21.79,0.0,42357.32,0.0,2.0,,0,,00,Y,N,0,0,Y,,未到转股期；2026-12-16 开始转股,计算使用6.0年期 评级为AA+ 债参考YTM：1.9200,N,21.79,待上市,,,,0,{'M': ''},0,0,N,,,buy,buy
2026-07-02 10:17:49,127114,宜化转债,yhzz,100.0,0.0,000422,湖北宜化,hbyh,14.76,-1.93,2.29,14.08,104.83,186,-4.61,95.39,220801,基础化工,szmb,C,,[],0,0,buy,AA+,,9.856,18.304,21.1,buy,2032-06-25,5.986,33.0,0.0,88349.2,0.0,2.19,,0,,00,Y,Y,0,0,Y,,未到转股期；2027-01-04 开始转股,计算使用6.0年期 评级为AA+ 债参考YTM：1.9200,N,33.0,待上市,,,,0,{'M': ''},0,0,N,,,buy,buy
2026-07-02 10:17:49,113632,鹤21转债,h21zz,145.436,1.8,603733,XD仙鹤股,xhgf,27.55,-0.72,2.22,18.29,150.63,0,-3.45,141.99,360103,轻工制造,shmb,C,2021-12-09,[],0,0,buy,AA,,12.803,23.777,8.5,buy,2027-11-17,1.378,16.984,118301.59,51034.76,47.64,-16.49,,0,14:59:59,00,Y,N,2,2,Y,转股价下修2次，成功下修2次,2022-05-23 开始转股,已公告要强赎，如不考虑强赎纯债价值为111.33元，计算使用1.4年期 评级为AA 债参考YTM：1.6268,N,20.5,全价：145.436 最后更新：14:59:59,,,如不考虑强赎期权价值为56.36元,1,"{'O': '', 'M': ''}",0,0,N,,,buy,buy
2026-07-02 10:17:49,118011,银微转债,ywzz,253.581,5.89,688689,银河微电,yhwd,80.0,3.23,7.39,31.05,257.65,0,-1.58,252.0,270102,电子,shkc,C,2022-08-02,[],0,0,buy,A+,,21.735,40.365,3.5,buy,2028-07-04,2.008,3.695,615969.95,139424.2,672.15,-31.87,,0,15:00:00,00,Y,N,0,0,Y,,2023-01-09 开始转股,已公告要强赎，如不考虑强赎纯债价值为109.63元，计算使用2.1年期 评级为A+ 债参考YTM：4.3784,N,5.0,全价：253.581 最后更新：15:00:00,,,如不考虑强赎期权价值为167.76元,0,"{'O': '', 'M': ''}",0,0,N,,,buy,buy
2026-07-02 10:17:49,127079,华亚转债,hyzz,329.0,-4.64,003043,华亚智能,hyzn,101.2,-4.53,7.52,30.48,332.02,0,-0.91,328.09,270108,电子,szmb,C,2023-01-16,[],0,0,buy,A+,,21.336,39.624,1.1,buy,2028-12-16,,1.015,138826.85,121537.35,411.72,,,0,15:34:42,00,Y,N,2,2,Y,转股价下修2次，成功下修2次,2023-06-26 开始转股,强赎登记日2026-07-03，赎回价格101.0110元，如不考虑强赎纯债价值为107.24元，计算使用2.5年期 评级为A+ 债参考YTM：4.4934,N,3.4,全价：329.000 最后更新：15:34:42,2026-07-03,101.0110,如不考虑强赎期权价值为238.27元,0,{'R': '最后交易日 2026年7月3日\r\n最后转股日 2026年7月8日\r\n赎回价格 101.011元/张'},0,0,N,,,buy,buy
2026-07-02 10:17:49,123061,Z新转债,hxzz,105.049,-1.44,300424,航新科技,hxkj,15.69,-1.01,5.24,14.82,105.87,0,-0.78,104.27,650201,国防军工,szcy,C,2020-08-18,[],0,0,buy,BBB,,10.374,19.266,2.4,buy,2026-07-22,,0.951,19958.75,20353.87,194.2,,,0,15:34:45,00,Y,N,0,0,Y,,2021-01-28 开始转股,强赎登记日2026-07-02，赎回价格102.8850元，如不考虑强赎纯债价值为117.11元，计算使用0.1年期 评级为BBB 债参考YTM：14.7526,N,2.5,全价：105.049 最后更新：15:34:45,2026-07-02,102.8850,如不考虑强赎期权价值为8.02元,1,{'R': '最后交易日 2026年7月2日\r\n最后转股日 2026年7月7日\r\n赎回价 102.885元/张'},0,0,N,,,buy,buy
2026-07-02 10:17:49,113624,正川转债,zczz,141.669,1.91,603976,正川股份,zcgf,28.15,2.14,3.51,19.78,142.32,0,-0.45,141.22,370503,医药生物,shmb,C,2021-06-01,[],0,0,buy,A+,,13.846,25.714,8.9,buy,2027-04-28,0.822,3.805,44666.9,17543.86,83.0,-22.98,,0,15:00:00,00,Y,N,1,1,Y,转股价下修1次，成功下修1次,2021-11-08 开始转股,计算使用0.9年期 评级为A+ 债参考YTM：4.1809,N,4.05,全价：141.669 最后更新：15:00:00,,,,1,[],0,0,N,,,buy,buy
2026-07-02 10:17:49,128119,龙大转债,ldzz,65.602,4.19,002726,ST龙大,ldms,1.28,4.92,2.43,1.95,65.64,0,-0.06,65.54,340401,食品饮料,szmb,C,2020-08-07,[],0,0,buy,CCC,,1.365,2.535,51.8,buy,2026-07-13,0.03,7.689,63685.31,9149.24,126.26,2501.65,,0,15:34:09,00,Y,N,3,2,Y,转股价下修3次，成功下修2次,2021-01-18 开始转股,计算使用0.1年期 评级为CCC 债参考YTM：41.7526,N,9.5,全价：65.602 最后更新：15:34:09,,,,1,{'R': '到期\n最后交易日：2026-07-07\n最后转股日：2026-07-10\n债券到期日：2026-07-13\n到期赎回价：115.000元/张'},0,0,N,,,buy,buy
2026-07-02 10:17:49,123251,华医转债,hyzz,316.0,-10.26,301235,华康洁净,hkjj,70.16,-7.68,3.97,22.24,315.47,0,0.17,316.17,370502,医药生物,szcy,C,2025-01-09,[],0,0,buy,A+,,15.568,28.912,13.7,buy,2030-12-23,4.48,7.011,94806.7,69617.56,41.2,-19.72,,0,15:33:54,00,Y,N,0,0,Y,,2025-06-27 开始转股,计算使用4.5年期 评级为A+ 债参考YTM：4.8777,N,7.5,全价：316.000 最后更新：15:33:54,,,,0,{'M': ''},0,0,N,,,buy,buy
2026-07-02 10:17:49,110081,闻泰转债,wtzz,95.606,1.82,600745,*ST闻泰,wtkj,17.49,1.8,0.89,18.36,95.26,0,0.36,95.97,270102,电子,shmb,C,2021-08-20,[],0,0,buy,BBB+,,12.852,23.868,36.2,buy,2027-07-28,1.071,80.591,67737.94,86618.41,8.74,14.08,,0,14:59:58,00,Y,N,3,3,Y,转股价下修3次，成功下修3次,2022-02-07 开始转股,计算使用1.1年期 评级为BBB+ 债参考YTM：11.9580,N,86.0,全价：95.606 最后更新：14:59:58,,,,1,[],0,0,N,,,buy,buy
2026-07-02 10:17:49,113644,艾迪转债,adzz,140.485,11.03,603638,艾迪精密,adjm,25.87,9.99,5.88,18.55,139.46,0,0.73,141.22,640602,机械设备,shmb,C,2022-05-12,[],0,0,buy,AA-,,12.985,24.115,0.6,buy,2028-04-15,,1.359,147883.92,49352.32,777.74,,,0,15:00:00,00,Y,N,1,1,Y,转股价下修1次，成功下修1次,2022-11-18 开始转股,强赎登记日2026-07-03，赎回价格100.4658元，如不考虑强赎纯债价值为113.00元，计算使用1.8年期 评级为AA- 债参考YTM：1.9849,N,10.0,全价：140.485 最后更新：15:00:00,2026-07-03,100.4658,如不考虑强赎期权价值为48.71元,1,"{'R': '最后交易日 2026年7月3日\r\n最后转股日 2026年7月8日\r\n赎回价 100.4658元/张', 'M': ''}",0,0,N,,,buy,buy
2026-07-02 10:17:49,110074,精达转债,jdzz,290.225,0.02,600577,精达股份,jdgf,9.39,-0.95,3.22,3.26,288.04,0,0.76,290.99,630805,电力设备,shmb,C,2020-09-21,[],0,0,buy,AA,,2.282,4.238,1.1,buy,2026-08-19,0.132,2.286,40125.48,68858.06,59.56,-476.78,,0,15:00:00,00,Y,N,0,0,Y,,2021-02-25 开始转股,计算使用0.2年期 评级为AA 债参考YTM：1.5200,N,7.87,全价：290.225 最后更新：15:00:00,,,,1,{'M': ''},0,0,N,,,buy,buy
2026-07-02 10:17:49,123188,水羊转债,syzz,166.169,18.61,300740,水羊股份,sygf,22.27,19.99,3.84,13.54,164.48,0,1.03,167.2,770202,美容护理,szcy,C,2023-04-25,[],0,0,buy,A+,,9.478,17.602,7.9,buy,2029-04-04,2.759,6.389,325477.62,74359.47,323.05,-11.51,,0,15:34:24,00,Y,N,0,0,N,2026-06-26 至 2026-07-02 期间暂停转股：权益分派,2023-10-11 开始转股;2026-06-26 至 2026-07-02 期间暂停转股：权益分派,计算使用2.8年期 评级为A+ 债参考YTM：4.5966,N,6.95,全价：166.169 最后更新：15:34:24,,,,0,{'M': ''},0,0,N,,,buy,buy
2026-07-02 10:17:49,118027,宏图转债,htzz,91.481,-1.94,688066,*ST航图,htht,11.83,-3.98,-2.7,13.12,90.17,0,1.46,92.94,710301,计算机,shkc,C,2022-12-22,[],0,0,buy,B-,,9.184,17.056,30.6,buy,2028-11-28,2.411,9.585,10507.98,6754.16,11.96,11.8,,0,15:00:00,00,Y,N,3,3,Y,转股价下修3次，成功下修3次,2023-06-02 开始转股,,N,10.088,全价：91.481 最后更新：15:00:00,,,,0,[],0,0,N,,,buy,buy
2026-07-02 10:17:49,127041,弘亚转债,hyzz,115.43,-1.11,002833,弘亚数控,hysk,18.55,-2.52,2.58,16.4,113.11,0,2.05,117.48,640209,机械设备,szmb,C,2021-08-10,[],0,0,buy,AA-,,11.48,21.32,9.7,buy,2026-07-12,0.027,5.25,12603.48,27418.99,20.71,-12.38,,0,15:34:45,00,Y,N,1,1,Y,转股价下修1次，成功下修1次,2022-01-17 开始转股,计算使用0.1年期 评级为AA- 债参考YTM：1.7200,N,6.0,全价：115.430 最后更新：15:34:45,,,,1,{'R': '到期\n最后交易日：2026-07-07\n最后转股日：2026-07-10\n债券到期日：2026-07-12\n到期赎回价：115.000元/张'},0,0,N,,,buy,buy
2026-07-02 10:17:49,113681,镇洋转债,zyzz,132.258,0.77,603213,镇洋发展,zyfz,14.13,0.36,3.16,10.95,129.04,0,2.49,134.75,220202,基础化工,shmb,C,2024-01-17,[],0,0,buy,AA-,,7.665,14.235,8.7,buy,2029-12-29,3.496,5.477,8971.21,6274.0,12.43,-2.96,,0,14:59:31,00,Y,N,0,0,Y,,2024-07-05 开始转股,计算使用3.5年期 评级为AA- 债参考YTM：2.3951,N,6.6,全价：132.258 最后更新：14:59:31,,,,0,[],0,0,N,,,buy,buy
2026-07-02 10:17:49,123207,冠中转债,gzzz,266.0,6.02,300948,冠中生态,gzst,27.04,6.21,4.57,10.44,259.0,0,2.7,268.7,620307,建筑装饰,szcy,C,2023-08-09,[],0,0,buy,A-,,7.308,13.572,3.5,buy,2029-07-21,3.055,1.457,109151.63,24981.51,284.06,-23.32,,0,15:34:09,00,Y,N,1,1,Y,转股价下修1次，成功下修1次,2024-01-29 开始转股,计算使用3.1年期 评级为A- 债参考YTM：9.3884,N,4.0,全价：266.000 最后更新：15:34:09,,,,0,"{'G': '本次（2026年5月27日至2026年6月16日）不提前赎回，自2026年9月16日后首个交易日重新计算', 'M': ''}",0,0,N,,,buy,buy
2026-07-02 10:17:49,123178,花园转债,hyzz,159.999,-6.64,300401,花园生物,hysw,20.71,-7.59,3.18,13.34,155.25,0,3.06,163.06,370101,医药生物,szcy,C,2023-03-23,[],0,0,buy,AA-,,9.338,17.342,10.4,buy,2029-03-06,2.68,11.58,57804.62,99885.44,30.78,-10.76,,0,15:34:15,00,Y,N,1,1,Y,转股价下修1次，成功下修1次,2023-09-11 开始转股,计算使用2.7年期 评级为AA- 债参考YTM：2.2158,N,12.0,全价：159.999 最后更新：15:34:15,,,,0,{'M': ''},0,0,N,,,buy,buy
2026-07-02 10:17:49,127096,泰坦转债,ttzz,653.0,-9.31,003036,泰坦股份,ttgf,83.31,-6.79,11.99,13.2,631.14,0,3.46,656.46,640206,机械设备,szmb,C,2023-11-15,[],0,0,buy,A,,9.24,17.16,1.6,buy,2029-10-25,3.318,2.875,127292.62,50471.06,65.88,-40.42,,0,15:34:45,00,Y,N,0,0,Y,,2024-05-06 开始转股,计算使用3.4年期 评级为A 债参考YTM：7.0897,N,2.955,全价：653.000 最后更新：15:34:45,,,,0,[],0,0,N,,,buy,buy
2026-07-02 10:17:49,110077,洪城转债,hczz,196.424,0.43,600461,洪城环境,hchj,9.25,0.11,1.15,4.88,189.55,0,3.63,200.05,760102,环保,shmb,C,2020-12-17,[],0,0,buy,AA+,,3.416,6.344,5.6,buy,2026-11-20,0.386,6.685,7726.05,9266.71,5.92,-114.7,,0,14:59:51,00,Y,N,0,0,N,2026-06-25 至 2026-07-02 期间暂停转股：权益分派,2021-05-26 开始转股;2026-06-25 至 2026-07-02 期间暂停转股：权益分派,计算使用0.4年期 评级为AA+ 债参考YTM：1.4848,N,18.0,全价：196.424 最后更新：14:59:51,,,,1,"{'G': '本次（2025年6月22日至2025年7月11日）不提前赎回，以2026年7月12日为首个交易日重新计算', 'M': ''}",0,0,N,,,buy,buy
2026-07-02 10:17:49,118053,正帆转债,zfzz,217.412,-3.17,688596,正帆科技,zfkj,79.97,-4.41,6.28,38.35,208.53,0,4.26,221.67,640209,机械设备,shkc,C,2025-04-03,[],0,0,buy,AA,,26.845,49.855,4.4,buy,2031-03-18,4.712,10.409,170389.2,307964.64,74.63,-12.66,,0,15:00:00,00,Y,N,0,0,Y,,2025-09-24 开始转股,计算使用4.8年期 评级为AA 债参考YTM：1.9928,N,10.41,全价：217.412 最后更新：15:00:00,,,,0,{'M': ''},0,0,N,,,buy,buy
2026-07-02 10:17:49,127067,恒逸转2,hyz2,152.39,-0.48,000703,恒逸石化,hysh,15.07,2.94,2.12,10.32,146.03,0,4.36,156.75,750301,石油石化,szmb,C,2022-08-18,[],0,0,buy,AA+,,7.224,13.416,5.2,buy,2028-07-21,2.055,29.944,44791.55,192219.8,9.77,-14.06,,0,15:34:33,00,Y,N,0,0,Y,,2023-01-30 开始转股,计算使用2.1年期 评级为AA+ 债参考YTM：1.6379,N,30.0,全价：152.390 最后更新：15:34:33,,,,0,"{'G': '本次（至2026年4月27日）不提前赎回，从2026年7月28日开始计算', 'M': ''}",0,0,N,,,buy,buy
2026-07-02 10:17:49,113707,科博转债,kbzz,100.0,0.0,603786,科博达,kbd,43.41,1.31,3.04,45.56,95.28,193,4.95,104.95,280206,汽车,shmb,C,,[],0,0,buy,AA+,,31.892,59.228,8.5,buy,2032-07-02,6.003,14.91,0.0,26335.96,0.0,1.83,,0,,00,Y,N,0,0,Y,,未到转股期；2027-01-11 开始转股,计算使用6.1年期 评级为AA+ 债参考YTM：1.9283,N,14.91,待上市,,,,0,{'M': ''},0,0,N,,,buy,buy
2026-07-02 10:17:49,123213,天源转债,tyzz,299.1,-2.25,301127,武汉天源,whty,20.3,-2.54,3.97,7.14,284.31,0,5.2,304.3,760102,环保,szcy,C,2023-08-16,[],0,0,buy,AA-,,4.998,9.282,2.5,buy,2029-07-28,3.074,3.26,28312.5,72674.94,28.7,-26.82,,0,15:34:15,00,Y,N,0,0,N,2026-07-02 起暂停转股：权益分派,2024-02-05 开始转股;2026-07-02 起暂停转股：权益分派,计算使用3.1年期 评级为AA- 债参考YTM：2.3374,N,10.0,全价：299.100 最后更新：15:34:15,,,,0,"{'G': '本次（2026年3月13日至2026年4月2日）不提前赎回，自2026年10月2日后首个交易日重新计算', 'M': ''}",0,0,N,,,buy,buy
2026-07-02 10:17:49,113658,密卫转债,mwzz,139.182,-2.49,603713,密尔克卫,mekw,72.03,-6.03,2.3,54.72,131.63,0,5.73,144.91,420806,交通运输,shmb,C,2022-10-25,[],0,0,buy,AA-,,38.304,71.136,7.7,buy,2027-09-16,1.208,8.719,18205.26,41665.57,14.94,-15.71,,0,14:59:51,00,Y,N,1,1,Y,转股价下修1次，成功下修1次,2023-03-22 开始转股,计算使用1.3年期 评级为AA- 债参考YTM：1.8994,N,8.724,全价：139.182 最后更新：14:59:51,,,,1,{'M': ''},0,0,N,,,buy,buy
2026-07-02 10:17:49,123245,集智转债,jzzz,424.259,7.96,300553,集智股份,jzgf,72.46,6.72,9.46,18.06,401.22,0,5.74,430.0,640107,机械设备,szcy,C,2024-08-28,[],0,0,buy,A,,12.642,23.478,2.5,buy,2030-08-14,4.121,1.537,253494.66,64405.81,382.28,-26.67,,0,15:34:18,00,Y,N,0,0,Y,,2025-02-20 开始转股,计算使用4.2年期 评级为A 债参考YTM：7.1769,N,2.546,全价：424.259 最后更新：15:34:18,,,,0,{'G': '本次（2026年6月2日至2026年6月23日）不提前赎回，自2026年9月23日后首个交易日重新计算'},0,0,N,,,buy,buy
2026-07-02 10:17:49,118040,宏微转债,hwzz,151.132,-4.0,688711,宏微科技,hwkj,40.43,-8.03,7.93,28.51,141.81,0,6.57,157.7,270102,电子,shkc,C,2023-08-14,[],0,0,buy,A,,19.957,37.063,5.0,buy,2029-07-25,3.066,4.287,58954.45,82938.5,89.79,-7.34,,0,15:00:00,00,Y,N,1,1,Y,转股价下修1次，成功下修1次,2024-01-31 开始转股,如不考虑强赎纯债价值为98.21元，计算使用3.1年期 评级为A 债参考YTM：7.0384,N,4.3,全价：151.132 最后更新：15:00:00,,,,0,"{'B': '', 'M': ''}",0,0,N,,,buy,buy
2026-07-02 10:17:49,113039,嘉泽转债,jzzz,157.601,-2.53,601619,嘉泽新能,jzxn,4.27,-1.39,1.55,2.89,147.75,0,6.67,164.27,410107,公用事业,shmb,C,2020-09-17,[],0,0,buy,AA,,2.023,3.757,2.8,buy,2026-08-24,0.145,2.865,21698.24,18840.88,47.22,-216.75,,0,15:00:00,00,Y,N,0,0,Y,,2021-03-01 开始转股,计算使用0.2年期 评级为AA 债参考YTM：1.5200,N,13.0,全价：157.601 最后更新：15:00:00,,,,1,"{'G': '本次（2026年3月26日至2026年4月16日）不提前赎回，至到期日（2026年8月23日）均不行使赎回权利', 'M': ''}",0,0,N,,,buy,buy
2026-07-02 10:17:49,118016,京源转债,jyzz,192.853,-3.46,688096,京源环保,jyhb,12.41,-3.72,3.46,6.91,179.6,0,7.38,200.23,760102,环保,shkc,C,2022-08-25,[],0,0,buy,A,,4.837,8.983,5.7,buy,2028-08-05,2.096,1.675,24725.95,13101.31,75.17,-20.84,,0,15:00:00,00,Y,N,0,0,Y,,2023-02-13 开始转股,计算使用2.1年期 评级为A 债参考YTM：6.7284,N,3.325,全价：192.853 最后更新：15:00:00,,,,0,"{'G': '本次（2026年5月11日至2026年5月29日）不提前赎回，以2026年8月30日（若为非交易日则顺延）为首个交易日重新计算', 'M': ''}",0,0,N,,,buy,buy
2026-07-02 10:17:49,123076,强力转债,qlzz,148.3,1.23,300429,强力新材,qlxc,17.45,-1.52,5.26,12.7,137.4,0,7.93,156.23,270601,电子,szcy,C,2020-12-04,[],0,0,buy,AA-,,8.89,16.51,4.8,buy,2026-11-19,0.384,3.515,16196.13,84198.6,31.48,-62.51,,0,15:33:54,00,Y,N,1,1,Y,转股价下修1次，成功下修1次,2021-05-25 开始转股,计算使用0.4年期 评级为AA- 债参考YTM：1.7450,N,8.5,全价：148.300 最后更新：15:33:54,,,,1,{'M': ''},0,0,N,,,buy,buy
2026-07-02 10:17:49,113042,上银转债,syzz,116.399,0.55,601229,上海银行,shyh,8.86,1.26,0.48,8.35,106.11,0,9.7,126.1,480401,银行,shmb,C,2021-02-10,[],0,0,buy,AAA,,,10.855,15.9,buy,2027-01-25,0.567,199.775,30552.86,39725.71,1.32,-6.66,,0,14:59:58,00,Y,Y,0,0,Y,,2021-07-29 开始转股,计算使用0.6年期 评级为AAA 债参考YTM：1.4845,N,200.0,全价：116.399 最后更新：14:59:58,,,,0,{'M': ''},0,0,N,,,buy,buy
2026-07-02 10:17:49,123243,严牌转债,ypzz,221.4,2.64,301081,严牌股份,ypgf,14.57,1.39,3.05,7.22,201.8,0,9.71,231.11,760201,环保,szcy,C,2024-07-26,[],0,0,buy,A+,,5.054,9.386,8.0,buy,2030-07-10,4.025,2.607,36809.98,9427.59,63.16,-14.57,,0,15:34:30,00,Y,N,0,0,Y,,2025-01-16 开始转股,计算使用4.1年期 评级为A+ 债参考YTM：4.8116,N,4.679,全价：221.400 最后更新：15:34:30,,,,0,"{'G': '本次（2026年5月6日至2026年5月26日）不提问赎回，以2026年8月26日后的首个交易日重新计算', 'M': ''}",0,0,N,,,buy,buy
2026-07-02 10:17:49,123176,精测转2,jcz2,462.361,-9.07,300567,精测电子,jcdz,269.95,-11.09,17.06,64.51,418.46,0,10.49,472.85,640107,机械设备,szcy,C,2023-03-22,[],0,0,buy,AA-,,45.157,83.863,2.1,buy,2029-03-02,2.669,12.753,119756.62,396747.12,19.72,-40.94,,0,15:34:12,00,Y,N,0,0,Y,,2023-09-08 开始转股,计算使用2.7年期 评级为AA- 债参考YTM：2.2158,N,12.76,全价：462.361 最后更新：15:34:12,,,,0,"{'G': '本次（2025年12月23日至2026年1月14日）不提前赎回，自2026年7月14日后首个交易日重新计算', 'M': ''}",0,0,N,,,buy,buy
2026-07-02 10:17:49,123124,晶瑞转2,jrz2,155.156,-1.43,300655,晶瑞电材,jrdc,21.93,5.89,9.25,15.88,138.1,0,12.35,167.51,270601,电子,szcy,C,2021-09-07,[],0,0,buy,A+,,11.116,20.644,2.1,buy,2027-08-16,1.123,5.224,68862.78,453262.37,82.81,-27.39,,1,15:33:57,00,Y,N,0,0,Y,,2022-02-21 开始转股,计算使用1.2年期 评级为A+ 债参考YTM：4.2175,N,5.23,全价：155.156 最后更新：15:33:57,,,,1,{'M': ''},0,0,N,,23年6月前不下修,buy,buy
2026-07-02 10:17:49,127080,声迅转债,sxzz,288.295,-5.26,003004,声迅股份,sxgf,73.98,-6.73,8.63,28.94,255.63,0,12.78,301.08,710102,计算机,szmb,C,2023-02-10,[],0,0,buy,A,,20.258,37.622,5.5,buy,2028-12-30,2.499,2.793,34738.73,32873.36,42.13,-30.23,,0,15:34:03,00,Y,N,0,0,Y,,2023-07-07 开始转股,计算使用2.5年期 评级为A 债参考YTM：6.8434,N,2.8,全价：288.295 最后更新：15:34:03,,,,0,{'G': '本次（2026年5月8日至2026年5月29日）不提前赎回，以2026年8月31日重新计算'},0,0,N,,,buy,buy
2026-07-02 10:17:49,110101,宝钛转债,btzz,100.0,0.0,600456,宝钛股份,btgf,27.35,-1.62,1.8,30.98,88.28,181,13.27,113.27,240504,有色金属,shmb,C,,[],0,0,buy,AAA,,21.686,40.274,26.8,buy,2032-06-23,5.981,35.0,0.0,18577.92,0.0,1.55,,0,,00,Y,N,0,0,Y,,未到转股期；2026-12-30 开始转股,计算使用6.0年期 评级为AAA 债参考YTM：1.8100,N,35.0,待上市,,,,0,{'M': ''},0,0,N,,,buy,buy
2026-07-02 10:17:49,123241,欧通转债,otzz,1082.0,-9.76,300870,欧陆通,olt,293.19,-9.71,16.94,30.8,951.92,0,13.67,1095.67,630306,电力设备,szcy,C,2024-07-26,[],0,0,buy,AA-,,21.56,40.04,0.6,buy,2030-07-05,4.011,2.605,114218.02,183215.0,38.5,-43.05,,0,15:34:48,00,Y,N,0,0,Y,,2025-01-13 开始转股,计算使用4.1年期 评级为AA- 债参考YTM：2.4509,N,6.445,全价：1082.000 最后更新：15:34:48,,,,0,"{'G': '本次（2026年4月14日至2026年5月7日）不提前赎回，自2026年8月7日后首个交易日重新计算', 'M': ''}",0,0,N,,,buy,buy
2026-07-02 10:17:49,113062,常银转债,cyzz,128.642,0.84,601128,常熟银行,csyh,5.94,1.71,0.66,5.25,113.14,0,13.7,142.34,480501,银行,shmb,C,2022-10-17,[],0,0,buy,AAA,,,6.825,27.7,buy,2028-09-15,2.208,59.994,19790.9,26359.11,2.57,-7.21,,0,14:59:51,00,Y,N,0,0,Y,,2023-03-21 开始转股,计算使用2.3年期 评级为AAA 债参考YTM：1.6087,N,60.0,全价：128.642 最后更新：14:59:51,,,,0,{'M': ''},0,0,N,,,buy,buy
2026-07-02 10:17:49,123187,超达转债,cdzz,200.981,0.74,301186,超达装备,cdzb,38.21,0.66,2.69,21.77,175.52,0,14.51,215.49,280205,汽车,szcy,C,2023-04-25,[],0,0,buy,A,,15.239,28.301,5.4,buy,2029-04-04,2.759,2.242,16511.63,13303.18,36.58,-17.55,,0,15:34:18,00,Y,N,0,0,Y,,2023-10-11 开始转股,计算使用2.8年期 评级为A 债参考YTM：6.9466,N,4.69,全价：200.981 最后更新：15:34:18,,,,0,"{'G': '本次（2026年4月10日至2026年4月30日）不提前赎回，以2026年7月31日之后的首个交易日重新起算', 'M': ''}",0,0,N,,,buy,buy
2026-07-02 10:17:49,123247,万凯转债,wkzz,233.9,0.69,301216,万凯新材,wkxc,22.78,1.11,2.01,11.3,201.59,0,16.03,249.93,220501,基础化工,szcy,C,2024-09-05,[],0,0,buy,AA,,7.91,14.69,15.8,buy,2030-08-16,4.126,19.643,23259.19,33794.89,5.03,-16.1,,0,15:34:51,00,Y,N,0,0,Y,,2025-02-24 开始转股,计算使用4.2年期 评级为AA 债参考YTM：1.9220,N,27.0,全价：233.900 最后更新：15:34:51,,,,0,{'M': ''},0,0,N,,,buy,buy
2026-07-02 10:17:49,113667,春23转债,c23zz,281.712,-6.89,603890,春秋电子,cqdz,24.03,-7.68,3.18,9.95,241.51,0,16.65,298.36,270504,电子,shmb,C,2023-04-11,[],0,0,buy,AA-,,6.965,12.935,5.3,buy,2029-03-17,2.71,5.697,56916.11,91515.68,34.48,-27.67,,0,14:59:57,00,Y,N,0,0,Y,,2023-09-25 开始转股,计算使用2.8年期 评级为AA- 债参考YTM：2.2489,N,5.7,全价：281.712 最后更新：14:59:57,,,,0,"{'G': '本次（2026年3月27日至2026年4月17日）不提前赎回，自2026年7月17日之后的首个交易日重新起算', 'M': ''}",0,0,N,,,buy,buy
2026-07-02 10:17:49,113056,重银转债,cyzz,125.261,0.58,601963,重庆银行,cqyh,10.16,0.49,0.55,9.5,106.95,0,17.12,142.38,480401,银行,shmb,C,2022-04-14,[],0,0,buy,AAA,,,12.35,55.9,buy,2028-03-23,1.726,115.622,22645.2,14163.27,1.57,-6.12,,0,14:59:51,00,Y,N,0,0,N,2026-06-30 至 2026-07-06 期间暂停转股：权益分派,2022-09-30 开始转股;2026-06-30 至 2026-07-06 期间暂停转股：权益分派,计算使用1.8年期 评级为AAA 债参考YTM：1.5679,N,130.0,全价：125.261 最后更新：14:59:51,,,,0,[],0,0,N,,,buy,buy
2026-07-02 10:17:49,123091,长海转债,chzz,193.095,-4.41,300196,长海股份,chgf,24.71,-7.38,2.06,14.99,164.84,0,17.14,210.24,610202,建筑材料,szcy,C,2021-01-15,[],0,0,buy,AA,,10.493,19.487,9.0,buy,2026-12-23,0.477,5.482,50198.26,76536.01,46.64,-89.7,,0,15:34:48,00,Y,N,0,0,Y,,2021-06-29 开始转股,计算使用0.5年期 评级为AA 债参考YTM：1.5296,N,5.5,全价：193.095 最后更新：15:34:48,,,,1,{'G': '本次（2026年4月14日至2026年5月26日）不提前赎回，自2026年8月26日后的首个交易日重新计算'},0,0,N,,,buy,buy
2026-07-02 10:17:49,123273,三江转债,sjzz,100.0,0.0,301059,金三江,jsj,12.3,-1.44,4.34,14.43,85.24,175,17.32,117.32,220309,基础化工,szcy,C,2026-07-03,[],0,0,buy,A+,,10.101,18.759,11.4,buy,2032-06-16,5.962,2.9,0.0,7648.79,0.0,2.99,,0,,00,Y,N,0,0,Y,,未到转股期；2026-12-24 开始转股,计算使用6.0年期 评级为A+ 债参考YTM：5.7700,N,2.9,待上市,,,,0,{'M': ''},0,0,N,,,buy,buy
2026-07-02 10:17:49,113705,豪26转债,h26zz,100.0,0.0,603809,豪能股份,hngf,9.11,1.9,2.22,10.74,84.82,173,17.89,117.89,280203,汽车,shmb,C,,[],0,0,buy,AA-,,6.444,13.962,21.5,buy,2032-06-14,5.956,18.0,0.0,11165.85,0.0,2.21,,0,,00,Y,N,0,0,Y,,未到转股期；2026-12-22 开始转股,计算使用6.0年期 评级为AA- 债参考YTM：3.4200,N,18.0,待上市,,,,0,{'M': ''},0,0,N,,,buy,buy
2026-07-02 10:17:49,128134,鸿路转债,hlzz,120.479,0.57,002541,鸿路钢构,hlgg,18.15,3.3,1.24,17.77,102.14,0,17.96,138.44,620401,建筑装饰,szmb,C,2020-11-02,[],0,0,buy,AA,,12.439,23.101,17.5,buy,2026-10-09,0.271,15.726,6687.97,27909.88,3.54,-32.39,,0,15:34:12,00,Y,N,2,2,N,"转股价下修2次，成功下修2次
2026-07-01 至 2026-07-07 期间暂停转股：权益分派
转股价17.770生效日期2026-06-30",2021-04-15 开始转股;2026-07-01 至 2026-07-07 期间暂停转股：权益分派,计算使用0.3年期 评级为AA 债参考YTM：1.5207,N,18.8,全价：120.479 最后更新：15:34:12,,,,0,{'M': ''},0,0,N,,,buy,buy
2026-07-02 10:17:49,113043,财通转债,ctzz,131.463,-1.83,601108,财通证券,ctzq,8.93,-3.04,1.07,8.03,111.21,0,18.21,149.67,490101,非银金融,shmb,C,2020-12-28,[],0,0,buy,AAA,,,10.439,9.2,buy,2026-12-10,0.441,37.992,18509.14,101649.13,3.69,-44.18,,0,14:59:51,00,Y,Y,1,1,N,"转股价下修1次，成功下修1次
2026-06-26 至 2026-07-03 期间暂停转股：权益分派
转股价8.030生效日期2025-12-24",2021-06-16 开始转股;2026-06-26 至 2026-07-03 期间暂停转股：权益分派,计算使用0.5年期 评级为AAA 债参考YTM：1.4696,N,38.0,全价：131.463 最后更新：14:59:51,,,,0,{'M': ''},0,0,N,,,buy,buy
2026-07-02 10:17:49,113058,友发转债,yfzz,130.54,0.49,601686,友发集团,yfjt,4.94,0.61,1.06,4.48,110.27,0,18.38,148.92,230403,钢铁,shmb,C,2022-04-26,[],0,0,buy,AA,,3.136,5.824,25.5,buy,2028-03-30,1.745,18.638,8485.88,2769.71,3.49,-7.64,,0,14:59:51,00,Y,N,2,2,Y,转股价下修2次，成功下修2次,2022-10-10 开始转股,计算使用1.8年期 评级为AA 债参考YTM：1.6685,N,20.0,全价：130.540 最后更新：14:59:51,,,,1,[],0,0,N,,,buy,buy
2026-07-02 10:17:49,113605,大参转债,dszz,114.695,0.18,603233,大参林,dsl,16.29,0.87,2.36,16.86,96.62,0,18.71,133.41,370403,医药生物,shmb,C,2020-11-13,[],0,0,buy,AA,,11.802,21.918,7.6,buy,2026-10-22,0.307,14.045,4597.89,14065.01,2.86,-13.46,,0,14:59:51,00,Y,N,1,1,Y,转股价下修1次，成功下修1次,2021-04-28 开始转股,计算使用0.4年期 评级为AA 债参考YTM：1.5248,N,14.05,全价：114.695 最后更新：14:59:51,,,,1,{'M': ''},0,0,N,,,buy,buy
2026-07-02 10:17:49,128128,齐翔转2,qxz2,111.224,0.29,002408,齐翔腾达,qxtd,5.03,2.65,1.3,5.37,93.67,0,18.74,129.96,750303,石油石化,szmb,C,2020-09-15,[],0,0,buy,AA,,3.759,6.981,4.9,buy,2026-08-20,0.134,6.792,3755.91,19209.33,4.96,-8.37,,0,15:34:27,00,Y,N,0,0,Y,,2021-02-26 开始转股,计算使用0.2年期 评级为AA 债参考YTM：1.5200,N,29.9,全价：111.224 最后更新：15:34:27,,,,1,{'M': ''},0,0,N,,,buy,buy
2026-07-02 10:17:49,118058,微导转债,wdzz,480.944,-7.87,688147,微导纳米,wdnm,133.45,-13.9,20.59,33.29,400.87,0,19.97,500.91,630505,电力设备,shkc,C,2025-08-27,[],0,0,buy,AA,,23.303,43.277,1.9,buy,2031-08-06,5.099,11.699,168058.94,215305.12,29.11,-24.83,,0,14:59:59,00,Y,N,0,0,Y,,2026-02-12 开始转股,计算使用5.1年期 评级为AA 债参考YTM：2.0291,N,11.7,全价：480.944 最后更新：14:59:59,,,,0,"{'G': '本次（2026年2月12日至2026年3月12日）不提前赎回，以2026年9月13日为首个交易日重新计算', 'M': ''}",0,0,N,,,buy,buy
2026-07-02 10:17:49,113051,节能转债,jnzz,135.815,-1.58,601016,节能风电,jnfd,3.76,-4.08,1.36,3.33,112.91,0,20.28,156.1,410107,公用事业,shmb,C,2021-07-22,[],0,0,buy,AAA,,2.331,4.329,11.7,buy,2027-06-21,0.97,26.52,24593.3,114548.82,6.73,-19.6,,0,15:00:00,00,Y,N,1,0,Y,转股价下修1次，成功下修0次,2021-12-27 开始转股,计算使用1.0年期 评级为AAA 债参考YTM：1.5000,N,30.0,全价：135.815 最后更新：15:00:00,,,,1,"{'G': '本次（2026年4月23日至2026年5月19日）不提前赎回，自2026年8月19日之后的首个交易日重新起算', 'M': ''}",0,0,N,,,buy,buy
2026-07-02 10:17:49,128127,文科转债,wkzz,113.5,0.47,002775,文科股份,wkgf,3.69,3.65,41.93,3.92,94.13,0,20.57,134.07,620307,建筑装饰,szmb,C,2020-09-11,[],0,0,buy,BBB+,,2.744,5.096,35.8,buy,2026-08-20,0.134,7.681,4377.56,4796.27,5.03,10.05,,0,15:34:24,00,Y,N,2,2,Y,转股价下修2次，成功下修2次,2021-03-01 开始转股,计算使用0.2年期 评级为BBB+ 债参考YTM：11.7519,N,9.5,全价：113.500 最后更新：15:34:24,,,,1,[],0,0,N,,,buy,buy
2026-07-02 10:17:49,127103,东南转债,dnzz,143.124,-1.44,002135,东南网架,dnwj,6.6,-2.08,1.16,5.59,118.07,0,21.22,164.34,620401,建筑装饰,szmb,C,2024-01-24,[],0,0,buy,AA,,3.913,7.267,29.7,buy,2030-01-03,3.51,19.999,11790.35,11716.03,4.09,-6.8,,0,15:33:57,00,Y,N,0,0,Y,,2024-07-09 开始转股,计算使用3.6年期 评级为AA 债参考YTM：1.8427,N,20.0,全价：143.124 最后更新：15:33:57,,,,0,"{'G': '本次（2026年3月17日至2026年4月28日）不提前赎回，自2026年7月28日后首个交易日重新计算', 'M': ''}",0,0,N,,,buy,buy
2026-07-02 10:17:49,113631,皖天转债,wtzz,133.332,0.89,603689,皖天然气,wtrq,7.13,0.71,0.98,6.51,109.52,0,21.74,155.07,410301,公用事业,shmb,C,2021-12-10,[],0,0,buy,AA+,,4.557,8.463,16.0,buy,2027-11-08,1.353,5.958,4555.59,4369.6,5.75,-12.33,,0,14:59:51,00,Y,N,0,0,Y,,2022-05-12 开始转股,计算使用1.4年期 评级为AA+ 债参考YTM：1.5553,N,9.3,全价：133.332 最后更新：14:59:51,,,,1,[],0,0,N,,,buy,buy
2026-07-02 10:17:49,113615,金诚转债,jczz,639.637,-0.12,603979,金诚信,jcx,61.7,5.22,3.31,11.78,523.77,0,22.12,661.76,240302,有色金属,shmb,C,2021-01-14,[],0,0,buy,AA,,8.246,15.314,1.3,buy,2026-12-23,0.477,4.958,64304.11,127977.74,19.79,-174.03,,0,14:59:57,00,Y,N,0,0,N,2026-07-01 至 2026-07-08 期间暂停转股：权益分派,2021-06-29 开始转股;2026-07-01 至 2026-07-08 期间暂停转股：权益分派,计算使用0.5年期 评级为AA 债参考YTM：1.5296,N,10.0,全价：639.637 最后更新：14:59:57,,,,1,"{'G': '本次（2025年10月10日至2025年10月30日）不提前赎回，至2026年12月22日到期均不提前赎回', 'M': ''}",0,0,N,,,buy,buy
2026-07-02 10:17:49,123183,海顺转债,hszz,137.08,1.38,300501,海顺新材,hsxc,13.03,2.2,2.34,11.63,112.04,0,22.35,159.43,360206,轻工制造,szcy,C,2023-04-20,[],0,0,buy,AA-,,8.141,15.119,17.5,buy,2029-03-23,2.726,6.329,6821.04,7784.52,7.85,-5.28,,0,15:34:21,00,Y,N,2,0,Y,转股价下修2次，成功下修0次,2023-10-09 开始转股,计算使用2.8年期 评级为AA- 债参考YTM：2.2489,N,6.33,全价：137.080 最后更新：15:34:21,,,,0,[],0,0,N,,,buy,buy
2026-07-02 10:17:49,113046,金田转债,jtzz,136.778,0.66,601609,金田股份,jtgf,11.33,0.62,1.91,10.18,111.3,0,22.89,159.67,240302,有色金属,shmb,C,2021-04-12,[],0,0,buy,AA+,,7.126,13.234,7.7,buy,2027-03-22,0.721,14.992,14233.79,95821.79,6.92,-27.17,,0,14:59:51,00,Y,N,0,0,Y,,2021-09-27 开始转股,计算使用0.8年期 评级为AA+ 债参考YTM：1.5300,N,15.0,全价：136.778 最后更新：14:59:51,,,,1,{'M': ''},0,0,N,,,buy,buy
2026-07-02 10:17:49,123225,翔丰转债,xfzz,153.854,-0.06,300890,翔丰华,xfh,34.22,-1.07,1.8,27.34,125.17,0,22.92,176.77,630702,电力设备,szcy,C,2023-10-26,[],0,0,buy,AA-,,19.138,35.542,14.9,buy,2029-10-10,3.277,5.585,7299.09,20029.83,8.48,-6.85,,0,15:34:27,00,Y,N,1,1,Y,转股价下修1次，成功下修1次,2024-04-16 开始转股,计算使用3.3年期 评级为AA- 债参考YTM：2.3736,N,8.0,全价：153.854 最后更新：15:34:27,,,,0,"{'G': '本次（2026年4月22日至2026年5月15日）不提前赎回，自2026年8月15日后首个交易日重新计算', 'M': ''}",0,0,N,,,buy,buy
2026-07-02 10:17:49,123274,维科转债,wkzz,100.0,0.0,301499,维科精密,wkjm,28.95,4.21,3.06,35.62,81.28,186,23.04,123.04,280206,汽车,szcy,C,,[],0,0,buy,A+,,24.934,46.306,63.0,buy,2032-06-25,5.986,6.3,0.0,16281.54,0.0,2.83,,0,,00,Y,N,0,0,Y,,未到转股期；2027-01-04 开始转股,计算使用6.0年期 评级为A+ 债参考YTM：5.7700,N,6.3,待上市,,,,0,{'M': ''},0,0,N,,,buy,buy
2026-07-02 10:17:49,111012,福新转债,fxzz,381.865,11.1,605488,福莱新材,flxc,34.32,10.0,4.54,11.07,310.03,0,23.17,405.04,220505,基础化工,shmb,C,2023-02-07,[],0,0,buy,A+,,7.749,14.391,1.1,buy,2029-01-04,2.512,1.017,351369.65,70083.76,918.26,-37.53,,0,15:00:00,00,Y,N,0,0,Y,,2023-07-10 开始转股,计算使用2.6年期 评级为A+ 债参考YTM：4.5276,N,4.29,全价：381.865 最后更新：15:00:00,,,,0,[],0,0,N,,,buy,buy
2026-07-02 10:17:49,111025,圣泉转债,sqzz,100.0,0.0,605589,圣泉集团,sqjt,57.35,-8.58,4.45,70.8,81.0,183,23.45,123.45,220504,基础化工,shmb,C,,[],0,0,buy,AA+,,49.56,92.04,5.2,buy,2032-06-24,5.984,25.0,0.0,310040.66,0.0,1.86,,0,,00,Y,N,0,0,Y,,未到转股期；2027-01-01 开始转股,计算使用6.0年期 评级为AA+ 债参考YTM：1.9200,N,25.0,待上市,,,,0,{'M': ''},0,0,N,,,buy,buy
2026-07-02 10:17:49,127040,国泰转债,gtzz,124.318,1.62,002091,江苏国泰,jsgt,7.39,2.07,0.73,7.35,100.54,0,23.65,147.97,450201,商贸零售,szmb,C,2021-08-10,[],0,0,buy,AA+,,5.145,9.555,33.7,buy,2027-07-07,1.014,39.863,7064.15,11824.78,1.43,-11.73,,0,15:34:30,00,Y,N,0,0,Y,,2022-01-13 开始转股,计算使用1.1年期 评级为AA+ 债参考YTM：1.5319,N,45.574,全价：124.318 最后更新：15:34:30,,,,1,{'M': ''},0,0,N,,,buy,buy
2026-07-02 10:17:49,113677,华懋转债,hmzz,368.565,-3.13,603306,华懋科技,hmkj,100.2,-2.25,9.5,33.66,297.68,0,23.81,392.38,280202,汽车,shmb,C,2023-10-12,[],0,0,buy,AA-,,23.562,43.758,3.2,buy,2029-09-14,3.206,10.489,62998.18,138761.01,16.23,-30.62,,0,14:59:58,00,Y,N,0,0,Y,,2024-03-20 开始转股,计算使用3.3年期 评级为AA- 债参考YTM：2.3736,N,10.5,全价：368.565 最后更新：14:59:58,,,,0,{'M': ''},0,0,N,,,buy,buy
2026-07-02 10:17:49,127089,晶澳转债,jazz,126.1,1.69,002459,晶澳科技,jakj,9.05,3.78,1.41,8.9,101.69,0,24.01,150.11,630502,电力设备,szmb,C,2023-08-04,[],0,0,buy,AA+,,6.23,11.57,29.9,buy,2029-07-18,3.047,89.588,48882.39,153877.32,4.34,-3.92,,0,15:34:48,00,Y,N,3,2,Y,转股价下修3次，成功下修2次,2024-01-24 开始转股,计算使用3.1年期 评级为AA+ 债参考YTM：1.6868,N,89.603,全价：126.100 最后更新：15:34:48,,,,0,{'M': ''},0,0,N,,,buy,buy
2026-07-02 10:17:49,127084,柳工转2,lgz2,143.463,2.5,000528,柳工,lg,8.07,4.53,0.86,6.98,115.62,0,24.09,167.55,640601,机械设备,szmb,C,2023-04-20,[],0,0,buy,AAA,,4.886,9.074,15.1,buy,2029-03-27,2.737,24.809,17803.45,48373.87,5.03,-7.65,,0,15:34:45,00,Y,N,0,0,Y,,2023-10-09 开始转股,计算使用2.8年期 评级为AAA 债参考YTM：1.6244,N,30.0,全价：143.463 最后更新：15:34:45,,,,0,{'M': ''},0,0,N,,,buy,buy
2026-07-02 10:17:49,113691,和邦转债,hbzz,145.89,-1.5,603077,和邦生物,hbsw,2.35,-2.49,1.15,2.0,117.5,0,24.16,170.05,220802,基础化工,shmb,C,2024-11-19,[],0,0,buy,AA,,1.4,2.6,22.2,buy,2030-10-28,4.326,45.991,16484.15,37646.58,2.45,-5.49,,0,14:59:51,00,Y,N,0,0,Y,,2025-05-06 开始转股,计算使用4.4年期 评级为AA 债参考YTM：1.9460,N,46.0,全价：145.890 最后更新：14:59:51,,,,0,"{'G': '本次（2026年1月22日至2026年3月10日）不提前赎回，以2027年3月10日之后的首个交易日重新起算', 'M': ''}",0,0,N,,,buy,buy
2026-07-02 10:17:49,127078,优彩转债,yczz,151.0,5.51,002998,优彩资源,yczy,7.65,10.07,1.49,6.31,121.24,0,24.55,175.55,220401,基础化工,szmb,C,2023-01-09,[],0,0,buy,A+,,4.417,8.203,20.1,buy,2028-12-14,2.455,4.158,136893.5,7407.92,210.87,-9.34,,0,15:34:00,00,Y,N,0,0,Y,,2023-06-20 开始转股,计算使用2.5年期 评级为A+ 债参考YTM：4.4934,N,6.0,全价：151.000 最后更新：15:34:00,,,,0,[],0,0,N,,,buy,buy
2026-07-02 10:17:49,128136,立讯转债,lxzz,135.788,-2.12,002475,立讯精密,lxjm,60.9,-8.06,5.02,55.86,109.02,0,24.55,160.34,270504,电子,szmb,C,2020-12-02,[],0,0,buy,AA+,,39.102,72.618,0.7,buy,2026-11-03,0.34,29.848,21955.97,1317388.21,5.41,-60.73,,0,15:34:15,00,Y,N,0,0,Y,,2021-05-10 开始转股,计算使用0.4年期 评级为AA+ 债参考YTM：1.4848,N,30.0,全价：135.788 最后更新：15:34:15,,,,1,{'M': ''},0,0,N,,,buy,buy
2026-07-02 10:17:49,111000,起帆转债,qfzz,173.065,1.23,605222,起帆电缆,qfdl,24.02,2.52,2.05,17.29,138.92,0,24.58,197.65,630805,电力设备,shmb,C,2021-06-17,[],0,0,buy,AA-,,12.103,22.477,10.1,buy,2027-05-24,0.893,9.991,70806.49,35482.98,40.18,-37.56,,0,14:59:56,00,Y,N,1,1,Y,转股价下修1次，成功下修1次,2021-11-29 开始转股,计算使用0.9年期 评级为AA- 债参考YTM：1.8340,N,10.0,全价：173.065 最后更新：14:59:56,,,,1,{'G': '本次（2026年3月13日至2026年4月20日）不提前赎回，以2026年10月21日为首个交易日重新起算'},0,0,N,,,buy,buy
2026-07-02 10:17:49,110092,三房转债,sfzz,69.101,0.56,600370,*ST三房,sfx,1.67,2.45,1.3,3.02,55.3,0,24.96,94.06,220401,基础化工,shmb,C,2023-02-07,[],0,0,buy,A-,,2.114,3.926,31.5,buy,2029-01-06,2.518,21.185,43109.99,10039.28,28.96,22.21,,0,15:00:00,00,Y,N,0,0,Y,,2023-07-12 开始转股,计算使用2.6年期 评级为A- 债参考YTM：9.2276,N,25.0,全价：69.101 最后更新：15:00:00,,,,0,[],0,0,N,,,buy,buy
2026-07-02 10:17:49,123216,科顺转债,kszz,129.099,-0.16,300737,科顺股份,ksgf,6.81,-2.3,1.87,6.61,103.03,0,25.31,154.41,610304,建筑材料,szcy,C,2023-08-23,[],0,0,buy,AA-,,4.627,8.593,36.3,buy,2029-08-04,3.093,21.959,10835.08,25574.52,3.83,-2.57,,0,15:34:18,00,Y,N,2,1,Y,转股价下修2次，成功下修1次,2024-02-19 开始转股,计算使用3.1年期 评级为AA- 债参考YTM：2.3374,N,21.98,全价：129.099 最后更新：15:34:18,,,,0,{'M': ''},0,0,N,,,buy,buy
2026-07-02 10:17:49,118044,赛特转债,stzz,166.175,-1.46,688398,赛特新材,stxc,24.99,-1.73,3.66,18.85,132.57,0,25.35,191.53,220309,基础化工,shkc,C,2023-10-12,[],0,0,buy,A+,,13.195,24.505,10.5,buy,2029-09-11,3.197,4.42,6561.28,5006.95,8.85,-10.51,,0,14:59:45,00,Y,N,1,1,Y,转股价下修1次，成功下修1次,2024-03-15 开始转股,计算使用3.2年期 评级为A+ 债参考YTM：4.7098,N,4.42,全价：166.175 最后更新：14:59:45,,,,0,"{'G': '本次（2026年3月10日至2026年4月20日）不提前赎回，以2026年10月21日起算', 'M': ''}",0,0,N,,,buy,buy
2026-07-02 10:17:49,123258,胜蓝转02,slz2,350.518,-2.8,300843,胜蓝股份,slgf,151.8,-4.83,15.07,54.36,279.25,0,25.52,376.04,270504,电子,szcy,C,2025-09-10,[],0,0,buy,AA-,,38.052,70.668,1.8,buy,2031-08-28,5.159,4.498,80915.12,114580.5,50.77,-19.28,,0,15:34:00,00,Y,N,0,0,Y,,2026-03-03 开始转股,计算使用5.2年期 评级为AA- 债参考YTM：2.7086,N,4.5,全价：350.518 最后更新：15:34:00,,,,0,{'G': '本次（2026年4月22日至2026年5月19日）不提前赎回，自2026年8月19日后首个交易日重新计算'},0,0,N,,,buy,buy
2026-07-02 10:17:49,118051,皓元转债,hyzz,288.133,-3.99,688131,皓元医药,hyyy,92.48,-3.16,6.15,40.37,229.08,0,25.78,313.91,370603,医药生物,shkc,C,2024-12-19,[],0,0,buy,AA-,,28.259,52.481,4.2,buy,2030-11-28,4.411,8.218,104649.3,85874.89,42.43,-18.7,,0,14:59:59,00,Y,N,0,0,N,2026-07-02 起暂停转股：权益分派,2025-06-04 开始转股;2026-07-02 起暂停转股：权益分派,计算使用4.5年期 评级为AA- 债参考YTM：2.5202,N,8.223,全价：288.133 最后更新：14:59:59,,,,0,"{'G': '本次（2026年5月20日至2026年6月9日）不提前赎回，以2026年10月12日为首个交易日重新计算', 'M': ''}",0,0,N,,,buy,buy
2026-07-02 10:17:49,127110,广核转债,ghzz,131.999,-0.07,003816,中国广核,zggh,3.85,-0.77,1.54,3.67,104.91,0,25.83,157.83,410108,公用事业,szmb,C,2025-07-25,[],0,0,buy,AAA,,2.569,4.771,3.2,buy,2031-07-09,5.022,48.993,21467.3,41814.16,3.32,-3.59,,0,15:34:51,00,Y,N,0,0,N,2026-06-30 起暂停转股：权益分派,2026-01-15 开始转股;2026-06-30 起暂停转股：权益分派,计算使用5.1年期 评级为AAA 债参考YTM：1.7622,N,49.0,全价：131.999 最后更新：15:34:51,,,,0,{'M': ''},0,0,N,,,buy,buy
2026-07-02 10:17:49,118056,路维转债,lwzz,352.811,-9.8,688401,路维光电,lwgd,90.54,-9.0,10.12,32.3,280.31,0,25.86,378.67,270103,电子,shkc,C,2025-07-10,[],0,0,buy,AA-,,22.61,41.99,3.5,buy,2031-06-11,4.945,6.145,95072.54,123073.19,42.4,-20.37,,0,14:59:58,00,Y,N,0,0,Y,,2025-12-17 开始转股,计算使用5.0年期 评级为AA- 债参考YTM：2.6164,N,6.15,全价：352.811 最后更新：14:59:58,,,,0,"{'G': '本次（2026年4月9日至2026年4月29日）不提前赎回，以2026年7月30日为首个交易日重新计算', 'M': ''}",0,0,N,,,buy,buy
2026-07-02 10:17:49,123211,阳谷转债,ygzz,197.329,-2.02,300121,阳谷华泰,yght,14.41,-4.7,1.75,9.2,156.63,0,25.98,223.31,220604,基础化工,szcy,C,2023-08-14,[],0,0,buy,AA-,,6.44,11.96,5.0,buy,2029-07-27,3.071,3.07,37510.08,121068.54,62.74,-15.34,,0,15:34:09,00,Y,N,0,0,Y,,2024-02-02 开始转股,计算使用3.1年期 评级为AA- 债参考YTM：2.3374,N,6.5,全价：197.329 最后更新：15:34:09,,,,0,{'G': '本次（2025年12月15日至2026年1月6日）不提前赎回，2026年7月6日后首个交易日重新计算'},0,0,N,,,buy,buy
2026-07-02 10:17:49,127092,运机转债,yjzz,257.5,1.78,001288,运机集团,yjjt,24.3,1.17,2.33,11.91,204.03,0,26.21,283.71,640203,机械设备,szmb,C,2023-10-20,[],0,0,buy,AA-,,8.337,15.483,14.2,buy,2029-09-21,3.225,5.25,18814.3,8768.0,13.84,-21.31,,0,15:34:42,00,Y,N,0,0,Y,,2024-03-27 开始转股,计算使用3.3年期 评级为AA- 债参考YTM：2.3736,N,7.3,全价：257.500 最后更新：15:34:42,,,,0,{'G': '本次（2025年12月8日至2025年12月26日）不提前赎回，以2026年12月26日后的首个交易日起重新计算'},0,0,N,,,buy,buy
2026-07-02 10:17:49,113673,岱美转债,dmzz,209.83,4.46,603730,岱美股份,dmgf,11.82,4.97,5.06,7.12,166.01,0,26.4,236.23,280202,汽车,shmb,C,2023-08-10,[],0,0,buy,AA,,4.984,9.256,3.6,buy,2029-07-18,3.047,9.078,107468.92,30871.37,55.62,-17.92,,0,15:00:00,00,Y,N,1,1,Y,转股价下修1次，成功下修1次,2024-01-24 开始转股,计算使用3.1年期 评级为AA 债参考YTM：1.7804,N,9.079,全价：209.830 最后更新：15:00:00,,,,0,"{'G': '本次（2026年5月7日至2026年5月27日）不提前赎回，以2026年8月27日之后的首个交易日重新起算', 'M': ''}",0,0,N,,,buy,buy
2026-07-02 10:17:49,123171,共同转债,gtzz,134.5,1.1,300966,共同药业,gtyy,28.76,1.59,4.0,27.12,106.05,0,26.83,161.33,370101,医药生物,szcy,C,2022-12-16,[],0,0,buy,A-,,18.984,35.256,17.2,buy,2028-11-28,2.411,3.799,8427.32,17027.58,16.6,-4.96,,0,15:34:15,00,Y,N,0,0,N,2026-07-02 起暂停转股：权益分派,2023-06-02 开始转股;2026-07-02 起暂停转股：权益分派,计算使用2.5年期 评级为A- 债参考YTM：9.1934,N,3.8,全价：134.500 最后更新：15:34:15,,,,0,{'M': ''},0,0,N,,,buy,buy
2026-07-02 10:17:49,118030,睿创转债,rczz,495.089,-0.45,688002,睿创微纳,rcwn,151.97,1.99,9.77,38.94,390.27,0,26.86,521.95,650501,国防军工,shkc,C,2023-02-10,[],0,0,buy,AA,,27.258,50.622,1.8,buy,2028-12-30,2.499,12.622,49850.34,197645.35,7.83,-44.98,,0,14:59:57,00,Y,N,0,0,N,2026-06-30 至 2026-07-07 期间暂停转股：权益分派,2023-07-06 开始转股;2026-06-30 至 2026-07-07 期间暂停转股：权益分派,计算使用2.5年期 评级为AA 债参考YTM：1.7322,N,15.647,全价：495.089 最后更新：14:59:57,,,,0,"{'G': '本次（2026年3月18日至2026年4月8日）不提前赎回，以2027年4月9日为首个交易日重新计算', 'M': ''}",0,0,N,,,buy,buy
2026-07-02 10:17:49,118069,爱科转债,akzz,100.0,0.0,688092,爱科科技,akkj,22.42,2.56,2.78,28.53,78.58,168,27.25,127.25,640209,机械设备,shkc,C,,[],0,0,buy,AA-,,19.971,37.089,14.4,buy,2032-06-10,5.945,2.67,0.0,2550.49,0.0,2.79,,0,,00,Y,N,0,0,Y,,未到转股期；2026-12-17 开始转股,计算使用6.0年期 评级为AA- 债参考YTM：3.4200,N,2.67,待上市,,,,0,{'M': ''},0,0,N,,,buy,buy
2026-07-02 10:17:49,110076,华海转债,hhzz,115.107,0.69,600521,华海药业,hhyy,14.91,0.54,2.27,16.5,90.36,0,27.38,142.49,370102,医药生物,shmb,C,2020-11-25,[],0,0,buy,AA,,11.55,21.45,8.3,buy,2026-11-02,0.337,18.424,8622.06,35183.67,4.08,-13.17,,0,14:59:56,00,Y,N,1,1,Y,转股价下修1次，成功下修1次,2021-05-06 开始转股,计算使用0.4年期 评级为AA 债参考YTM：1.5248,N,18.426,全价：115.107 最后更新：14:59:56,,,,1,{'M': ''},0,0,N,,,buy,buy
2026-07-02 10:17:49,127030,盛虹转债,shzz,117.52,0.27,000301,东方盛虹,dfsh,12.12,0.83,2.25,13.21,91.75,0,28.09,145.61,750301,石油石化,szmb,C,2021-04-21,[],0,0,buy,AA+,,9.247,17.173,6.2,buy,2027-03-22,0.721,49.974,6578.26,26209.49,1.12,-11.24,,0,15:34:42,00,Y,N,0,0,Y,,2021-09-27 开始转股,计算使用0.8年期 评级为AA+ 债参考YTM：1.5300,N,50.0,全价：117.520 最后更新：15:34:42,,,,1,{'M': ''},0,0,N,,,buy,buy
2026-07-02 10:17:49,127064,杭氧转债,hyzz,150.096,-0.99,002430,杭氧股份,hygf,30.04,-7.0,2.89,25.67,117.02,0,28.26,178.36,220309,基础化工,szmb,C,2022-07-05,[],0,0,buy,AA+,,17.969,33.371,3.9,buy,2028-05-19,1.882,11.364,16429.45,122379.7,9.54,-15.44,,0,15:33:57,00,Y,N,1,1,Y,转股价下修1次，成功下修1次,2022-11-25 开始转股,计算使用1.9年期 评级为AA+ 债参考YTM：1.6181,N,11.37,全价：150.096 最后更新：15:33:57,,,,1,{'M': ''},0,0,N,,,buy,buy
2026-07-02 10:17:49,123149,通裕转债,tyzz,134.662,-0.08,300185,通裕重工,tyzg,2.84,-0.35,1.58,2.71,104.8,0,28.5,163.16,630602,电力设备,szcy,C,2022-07-15,[],0,0,buy,AA,,1.897,3.523,10.1,buy,2028-06-20,1.97,11.069,5233.08,35507.3,3.5,-8.26,,0,15:34:00,00,Y,N,0,0,Y,,2022-12-26 开始转股,计算使用2.0年期 评级为AA 债参考YTM：1.6889,N,14.847,全价：134.662 最后更新：15:34:00,,,,1,{'M': ''},0,0,N,,,buy,buy
2026-07-02 10:17:49,123118,惠城转债,hczz,615.0,0.05,300779,惠城环保,hchb,49.39,-0.96,6.5,10.33,478.12,0,28.63,643.63,760103,环保,szcy,C,2021-07-26,[],0,0,buy,A+,,7.231,13.429,0.6,buy,2027-07-07,1.014,0.654,63027.98,43195.7,154.86,-80.88,,0,15:34:03,00,Y,N,0,0,Y,,2022-01-13 开始转股,计算使用1.1年期 评级为A+ 债参考YTM：4.2029,N,3.2,全价：615.000 最后更新：15:34:03,,,,1,"{'G': '本次（2026年5月6日至2026年5月26日）不提前赎回，自2026年8月26日后首个交易日重新计算', 'M': ''}",0,0,N,,,buy,buy
2026-07-02 10:17:49,113610,灵康转债,lkzz,120.172,0.43,603669,灵康药业,lkyy,6.06,4.3,6.93,6.5,93.23,0,28.9,149.07,370102,医药生物,shmb,C,2020-12-22,[],0,0,buy,A-,,4.55,8.45,5.9,buy,2026-12-01,0.416,2.53,4090.5,28851.5,13.39,-10.4,,0,14:59:51,00,Y,N,2,2,Y,转股价下修2次，成功下修2次,2021-06-07 开始转股,计算使用0.5年期 评级为A- 债参考YTM：8.7996,N,5.25,全价：120.172 最后更新：14:59:51,,,,1,[],0,0,N,,,buy,buy
2026-07-02 10:17:49,123160,泰福转债,tfzz,159.501,-0.77,300992,泰福泵业,tfby,24.42,-1.45,2.58,19.77,123.52,0,29.13,188.63,640106,机械设备,szcy,C,2022-10-25,[],0,0,buy,A,,13.839,25.701,12.2,buy,2028-09-28,2.244,2.315,8566.24,6352.08,23.01,-12.39,,0,15:34:12,00,Y,N,1,1,N,"转股价下修1次，成功下修1次
2026-07-02 起暂停转股：权益分派
转股价19.770生效日期2025-06-27",2023-04-11 开始转股;2026-07-02 起暂停转股：权益分派,计算使用2.3年期 评级为A 债参考YTM：6.7800,N,3.349,全价：159.501 最后更新：15:34:12,,,,0,"{'G': '本次（2026年5月6日至2026年5月26日）不提前赎回，自2026年8月31日后首个交易日重新计算', 'M': ''}",0,0,N,,,buy,buy
2026-07-02 10:17:49,127034,绿茵转债,lyzz,121.89,-0.36,002887,绿茵生态,lyst,10.58,2.03,1.32,11.21,94.38,0,29.15,151.04,760104,环保,szmb,C,2021-05-28,[],0,0,buy,AA-,,7.847,14.573,18.6,buy,2027-04-30,0.827,4.279,3687.15,4315.9,7.02,-8.84,,0,15:34:15,00,Y,N,0,0,Y,,2021-11-11 开始转股,计算使用0.9年期 评级为AA- 债参考YTM：1.8340,N,7.12,全价：121.890 最后更新：15:34:15,,,,1,[],0,0,N,,,buy,buy
2026-07-02 10:17:49,113661,福22转债,f22zz,138.982,0.02,603806,福斯特,fst,15.68,-4.56,2.46,14.59,107.47,0,29.32,168.3,630504,电力设备,shmb,C,2022-12-22,[],0,0,buy,AA,,10.213,18.967,7.4,buy,2028-11-22,2.395,30.297,9778.81,71854.97,2.33,-8.32,,0,14:59:57,00,Y,N,1,1,Y,转股价下修1次，成功下修1次,2023-05-29 开始转股,计算使用2.4年期 评级为AA 债参考YTM：1.7243,N,30.3,全价：138.982 最后更新：14:59:57,,,,0,{'M': ''},0,0,N,,,buy,buy
2026-07-02 10:17:49,123158,宙邦转债,zbzz,281.0,-4.26,300037,新宙邦,xzb,87.79,-6.16,5.9,40.49,216.82,0,29.6,310.6,630702,电力设备,szcy,C,2022-10-21,[],0,0,buy,AA,,28.343,52.637,3.8,buy,2028-09-26,2.238,18.046,47301.5,307288.25,9.26,-33.77,,0,15:34:06,00,Y,N,0,0,Y,,2023-03-30 开始转股,计算使用2.3年期 评级为AA 债参考YTM：1.7161,N,19.7,全价：281.000 最后更新：15:34:06,,,,0,"{'G': '本次（2025年12月25日至2026年1月22日）不提前赎回，自2026年7月22日后首个交易日重新计算', 'M': ''}",0,0,N,,,buy,buy
2026-07-02 10:17:49,123209,聚隆转债,jlzz,176.878,0.75,300644,南京聚隆,njjl,24.2,1.64,2.39,17.77,136.19,0,29.88,206.76,220503,基础化工,szcy,C,2023-08-17,[],0,0,buy,A+,,12.439,23.101,7.8,buy,2029-07-26,3.069,1.672,10167.02,9370.85,33.96,-12.61,,0,15:34:06,00,Y,N,0,0,Y,,2024-02-01 开始转股,计算使用3.1年期 评级为A+ 债参考YTM：4.6884,N,2.185,全价：176.878 最后更新：15:34:06,,,,0,{'G': '本次（2026年1月26日至2026年2月13日）不提前赎回，自2026年8月13日后首个交易日重新计算'},0,0,N,,,buy,buy
2026-07-02 10:17:49,111002,特纸转债,tzzz,139.989,1.27,605007,五洲特纸,wztz,14.52,3.05,1.84,13.49,107.64,0,30.06,170.05,360103,轻工制造,shmb,C,2021-12-30,[],0,0,buy,AA,,9.443,17.537,9.6,buy,2027-12-08,1.436,6.619,7208.41,10338.66,7.78,-13.59,,0,15:00:00,00,Y,N,1,1,Y,转股价下修1次，成功下修1次,2022-06-14 开始转股,计算使用1.5年期 评级为AA 债参考YTM：1.6371,N,6.7,全价：139.989 最后更新：15:00:00,,,,1,[],0,0,N,,,buy,buy
2026-07-02 10:17:49,113680,丽岛转债,ldzz,145.571,0.05,603937,丽岛新材,ldxc,14.44,0.84,1.91,12.91,111.85,0,30.15,175.72,240301,有色金属,shmb,C,2023-12-05,[],0,0,buy,A+,,9.037,16.783,9.9,buy,2029-11-15,3.375,2.998,4571.65,9920.15,10.46,-5.61,,0,14:59:58,00,Y,N,0,0,Y,,2024-05-21 开始转股,计算使用3.4年期 评级为A+ 债参考YTM：4.7397,N,3.0,全价：145.571 最后更新：14:59:58,,,,0,[],0,0,N,,,buy,buy
2026-07-02 10:17:49,110075,南航转债,nhzz,111.006,0.31,600029,南方航空,nfhk,5.26,-1.68,2.57,6.17,85.25,0,30.21,141.22,421001,交通运输,shmb,C,2020-11-03,[],0,0,buy,AAA,,4.319,8.021,8.3,buy,2026-10-15,0.288,58.959,15961.76,62078.84,2.44,-14.25,,0,14:59:51,00,Y,N,0,0,Y,,2021-04-21 开始转股,计算使用0.3年期 评级为AAA 债参考YTM：1.4606,N,160.0,全价：111.006 最后更新：14:59:51,,,,1,{'M': ''},0,0,N,,,buy,buy
2026-07-02 10:17:49,127070,大中转债,dzzz,397.65,-1.81,001203,大中矿业,dzky,32.11,0.78,6.58,10.56,304.07,0,30.77,428.42,230301,钢铁,szmb,C,2022-10-11,[],0,0,buy,AA,,7.392,13.728,2.2,buy,2028-08-17,2.129,9.342,106478.47,111672.49,28.39,-44.56,,0,15:34:00,00,Y,N,0,0,Y,,2023-02-23 开始转股,计算使用2.2年期 评级为AA 债参考YTM：1.7075,N,15.2,全价：397.650 最后更新：15:34:00,,,,0,"{'G': '本次（2026年2月24日至2026年3月16日）不提前赎回，以2026年9月16日后的首个交易日重新计算', 'M': ''}",0,0,N,,,buy,buy
2026-07-02 10:17:49,110098,南药转债,nyzz,134.186,0.42,600713,南京医药,njyy,5.06,-0.2,0.9,4.95,102.22,0,31.27,165.46,370402,医药生物,shmb,C,2025-01-20,[],0,0,buy,AA+,,3.465,6.435,16.6,buy,2030-12-25,4.485,10.814,5731.62,6824.58,3.95,-3.96,,0,14:59:51,00,Y,N,0,0,Y,,2025-07-01 开始转股,计算使用4.5年期 评级为AA+ 债参考YTM：1.7927,N,10.815,全价：134.186 最后更新：14:59:51,,,,0,[],0,0,N,,,buy,buy
2026-07-02 10:17:49,123131,奥飞转债,afzz,273.44,-0.94,300738,奥飞数据,afsj,20.9,-2.75,5.29,10.05,207.96,0,31.49,304.93,730104,通信,szcy,C,2021-12-22,[],0,0,buy,A+,,7.035,13.065,1.5,buy,2027-12-03,1.422,3.159,41163.65,126687.38,47.34,-45.23,,0,15:33:57,00,Y,N,0,0,Y,,2022-06-09 开始转股,计算使用1.5年期 评级为A+ 债参考YTM：4.2683,N,6.35,全价：273.440 最后更新：15:33:57,,,,1,"{'G': '本次（2026年5月21日至2026年6月10日）不提前赎回，以2026年12月10日后的首个交易日重新计算', 'M': ''}",0,0,N,,,buy,buy
2026-07-02 10:17:49,123142,申昊转债,shzz,125.644,-0.83,300853,申昊科技,shkj,32.21,-5.01,7.43,33.71,95.55,0,31.5,157.14,630803,电力设备,szcy,C,2022-04-11,[],0,0,buy,BBB+,,23.597,43.823,17.3,buy,2028-03-18,1.712,5.494,10977.79,51390.67,15.93,-6.38,,0,15:34:00,00,Y,N,0,0,Y,,2022-09-26 开始转股,计算使用1.8年期 评级为BBB+ 债参考YTM：12.1532,N,5.5,全价：125.644 最后更新：15:34:00,,,,1,[],0,0,N,,,buy,buy
2026-07-02 10:17:49,118050,航宇转债,hyzz,312.354,-0.33,688239,航宇科技,hykj,58.83,-2.76,5.46,24.81,237.12,0,31.73,344.08,650201,国防军工,shkc,C,2024-09-10,[],0,0,buy,AA-,,17.367,32.253,5.9,buy,2030-08-21,4.14,6.597,47873.33,43118.85,22.97,-20.96,,0,14:59:59,00,Y,N,0,0,Y,,2025-02-27 开始转股,计算使用4.2年期 评级为AA- 债参考YTM：2.4663,N,6.67,全价：312.354 最后更新：14:59:59,,,,0,"{'G': '本次（2026年5月28日至2026年6月17日）不提前赎回，自2026年9月18日为首个交易日重新计算', 'M': ''}",0,0,N,,,buy,buy
2026-07-02 10:17:49,118072,鼎通转债,dtzz,100.0,0.0,688668,鼎通科技,dtkj,321.04,-10.39,21.73,423.54,75.8,181,31.93,131.93,730204,通信,shkc,C,,[],0,0,buy,A+,,296.478,550.602,2.1,buy,2032-06-23,5.981,9.3,0.0,207767.28,0.0,2.83,,0,,00,Y,N,0,0,Y,,未到转股期；2026-12-30 开始转股,计算使用6.0年期 评级为A+ 债参考YTM：5.7700,N,9.3,待上市,,,,0,{'M': ''},0,0,N,,,buy,buy
2026-07-02 10:17:49,127055,精装转债,jzzz,222.3,-4.62,002989,中天精装,ztjz,31.05,-8.22,4.36,18.5,167.84,0,32.45,254.75,620201,建筑装饰,szmb,C,2022-03-24,[],0,0,buy,AA-,,12.95,24.05,3.4,buy,2028-02-22,1.644,2.081,19676.0,29713.62,41.9,-32.6,,0,15:34:30,00,Y,N,0,0,Y,,2022-08-29 开始转股,计算使用1.7年期 评级为AA- 债参考YTM：1.9677,N,5.77,全价：222.300 最后更新：15:34:30,,,,1,{'G': '本次（2026年2月24日至2026年3月16日）不提前赎回，自2027年3月16日后首个交易日重新计算'},0,0,N,,,buy,buy
2026-07-02 10:17:49,110084,贵燃转债,grzz,128.858,0.14,600903,贵州燃气,gzrq,6.89,-0.14,2.49,7.1,97.04,0,32.79,161.65,410301,公用事业,shmb,C,2022-01-18,[],0,0,buy,AA,,4.97,9.23,10.2,buy,2027-12-27,1.488,8.157,6530.43,30713.08,6.18,-9.19,,0,14:59:57,00,Y,N,1,1,Y,转股价下修1次，成功下修1次,2022-07-01 开始转股,计算使用1.5年期 评级为AA 债参考YTM：1.6371,N,10.0,全价：128.858 最后更新：14:59:57,,,,1,{'M': ''},0,0,N,,,buy,buy
2026-07-02 10:17:49,113703,翔26转债,x26zz,100.0,0.0,603112,华翔股份,hxgf,16.51,-1.14,1.97,21.94,75.25,165,32.89,132.89,330601,家用电器,shmb,C,,[],0,0,buy,AA-,,15.358,28.522,14.7,buy,2032-06-07,5.937,13.01,0.0,14164.38,0.0,2.52,,0,,00,Y,N,0,0,Y,,未到转股期；2026-12-14 开始转股,计算使用6.0年期 评级为AA- 债参考YTM：3.4200,N,13.01,待上市,,,,0,[],0,0,N,,,buy,buy
2026-07-02 10:17:49,127047,帝欧转债,dozz,145.0,4.6,002798,帝欧水华,dosh,5.56,10.1,1.75,5.1,109.02,0,33.0,178.0,360306,轻工制造,szmb,C,2021-11-26,[],0,0,buy,BBB+,,3.57,6.63,16.2,buy,2027-10-25,1.315,4.654,56456.84,7239.37,82.19,-15.22,,0,15:34:51,00,Y,N,1,1,Y,转股价下修1次，成功下修1次,2022-04-29 开始转股,计算使用1.4年期 评级为BBB+ 债参考YTM：12.0417,N,15.0,全价：145.000 最后更新：15:34:51,,,,1,{'G': '本次（2026年4月15日至2026年5月8日）不提前赎回，以2026年8月8日后首个交易日起重新计算'},0,0,N,,,buy,buy
2026-07-02 10:17:49,113695,华辰转债,hczz,148.167,-0.38,603097,江苏华辰,jshc,26.15,-2.43,3.78,23.48,111.37,0,33.04,181.21,630801,电力设备,shmb,C,2025-07-10,[],0,0,buy,A+,,16.436,30.524,11.0,buy,2031-06-20,4.97,4.597,6999.76,8193.67,10.18,-4.43,,0,14:59:52,00,Y,N,0,0,N,2026-06-26 至 2026-07-02 期间暂停转股：权益分派,2025-12-26 开始转股;2026-06-26 至 2026-07-02 期间暂停转股：权益分派,计算使用5.0年期 评级为A+ 债参考YTM：4.9664,N,4.6,全价：148.167 最后更新：14:59:52,,,,0,[],0,0,N,,,buy,buy
2026-07-02 10:17:49,118035,国力转债,glzz,159.724,4.81,688103,国力电子,gldz,74.85,7.51,6.2,62.54,119.68,0,33.46,193.18,270401,电子,shkc,C,2023-07-06,[],0,0,buy,A+,,43.778,81.302,6.7,buy,2029-06-12,2.948,4.8,28825.7,50440.0,38.21,-9.81,,0,14:59:59,00,Y,N,0,0,N,2026-06-25 至 2026-07-02 期间暂停转股：权益分派,2023-12-18 开始转股;2026-06-25 至 2026-07-02 期间暂停转股：权益分派,计算使用3.0年期 评级为A+ 债参考YTM：4.6613,N,4.8,全价：159.724 最后更新：14:59:59,,,,0,{'M': ''},0,0,N,,,buy,buy
2026-07-02 10:17:49,118062,天准转债,tzzz,281.983,-9.39,688003,天准科技,tzkj,116.04,-11.24,11.25,55.13,210.48,0,33.97,315.95,640704,机械设备,shkc,C,2025-12-31,[],0,0,buy,AA-,,38.591,66.156,3.9,buy,2031-12-12,5.449,8.719,97867.1,119318.11,38.34,-15.23,,0,15:00:00,00,Y,N,0,0,Y,,2026-06-18 开始转股,计算使用5.5年期 评级为AA- 债参考YTM：2.9847,N,8.72,全价：281.983 最后更新：15:00:00,,,,0,"{'M': '', 'EX': '债券持有人青一投资、宁波准智等大宗减持13.65% 2026年06月27日公告'}",0,0,N,120%,,buy,buy
2026-07-02 10:17:49,123059,银信转债,yxzz,117.897,-0.02,300231,银信科技,yxkj,7.92,-2.7,2.1,9.0,88.0,0,33.97,151.87,710301,计算机,szcy,C,2020-08-12,[],0,0,buy,AA-,,6.3,11.7,4.5,buy,2026-07-15,0.036,1.567,1959.19,8574.18,10.61,2.66,,0,15:34:45,00,Y,N,0,0,Y,,2021-01-21 开始转股,计算使用0.1年期 评级为AA- 债参考YTM：1.7200,N,3.914,全价：117.897 最后更新：15:34:45,,,,1,{'R': '到期\n最后交易日：2026-07-09\n最后转股日：2026-07-14\n债券到期日：2026-07-15\n到期赎回价：118.000元/张'},0,0,N,,,buy,buy
2026-07-02 10:17:49,118012,微芯转债,wxzz,150.043,0.03,688321,微芯生物,wxsw,28.36,-0.35,4.86,25.34,111.92,0,34.07,184.11,370102,医药生物,shkc,C,2022-07-28,[],0,0,buy,A+,,17.738,32.942,4.3,buy,2028-07-05,2.011,4.996,13751.63,43705.59,18.29,-11.03,,0,15:00:00,00,Y,N,0,0,Y,,2023-01-11 开始转股,计算使用2.1年期 评级为A+ 债参考YTM：4.3784,N,5.0,全价：150.043 最后更新：15:00:00,,,,0,{'M': ''},0,0,N,,,buy,buy
2026-07-02 10:17:49,127037,银轮转债,ylzz,660.943,2.95,002126,银轮股份,ylgf,50.48,6.5,5.66,10.27,491.53,0,34.47,695.41,280203,汽车,szmb,C,2021-07-09,[],0,0,buy,AA,,7.189,13.351,1.3,buy,2027-06-07,0.932,5.055,71432.02,222833.03,21.27,-89.49,,0,15:34:27,00,Y,N,0,0,Y,,2021-12-13 开始转股,计算使用1.0年期 评级为AA 债参考YTM：1.5900,N,7.0,全价：660.943 最后更新：15:34:27,,,,1,"{'G': '本次（2026年5月27日至2026年6月16日）不提前赎回，2027年5月16日后首个交易日重新计算', 'M': ''}",0,0,N,,,buy,buy
2026-07-02 10:17:49,113597,佳力转债,jlzz,117.926,-0.14,603912,佳力图,jlt,7.58,-2.94,2.32,8.68,87.33,0,35.04,152.97,640105,机械设备,shmb,C,2020-08-21,[],0,0,buy,AA-,,6.076,11.284,7.2,buy,2026-07-30,0.077,2.968,4280.31,12713.03,12.22,0.85,,0,14:59:56,00,Y,N,1,1,Y,转股价下修1次，成功下修1次,2021-02-05 开始转股,计算使用0.1年期 评级为AA- 债参考YTM：1.7200,N,3.0,全价：117.926 最后更新：14:59:56,,,,1,{'R': '到期\n最后交易日：2026-07-24\n最后转股日：2026-07-29\n债券到期日：2026-07-30\n到期赎回价：118.000元/张'},0,0,N,,,buy,buy
2026-07-02 10:17:49,118061,茂莱转债,mlzz,226.885,-8.17,688502,茂莱光学,mlgx,611.02,-8.8,25.65,364.15,167.79,0,35.22,262.11,270303,电子,shkc,C,2025-12-10,[],0,0,buy,A+,,254.905,473.395,1.7,buy,2031-11-21,5.392,5.622,120691.84,136821.47,94.26,-11.59,,0,15:00:00,00,Y,N,0,0,Y,,2026-05-27 开始转股,计算使用5.4年期 评级为A+ 债参考YTM：5.2307,N,5.625,全价：226.885 最后更新：15:00:00,,,,0,{'M': ''},0,0,N,,,buy,buy
2026-07-02 10:17:49,113048,晶科转债,jkzz,125.454,0.04,601778,晶科科技,jkkj,4.13,-3.95,0.96,4.47,92.39,0,35.78,161.23,410106,公用事业,shmb,C,2021-05-31,[],0,0,buy,AA,,3.129,5.811,10.0,buy,2027-04-23,0.808,15.453,12852.18,67809.11,6.62,-13.31,,0,14:59:53,00,Y,N,2,2,Y,转股价下修2次，成功下修2次,2021-10-29 开始转股,计算使用0.9年期 评级为AA 债参考YTM：1.5840,N,30.0,全价：125.454 最后更新：14:59:53,,,,1,"{'G': '本次（2026年3月25日至2026年5月6日）不提前赎回，以2026年8月7日为首个交易日重新计算', 'M': ''}",0,0,N,,,buy,buy
2026-07-02 10:17:49,110099,福能转债,fnzz,143.263,1.77,600483,福能股份,fngf,10.37,2.98,1.03,9.84,105.39,0,35.94,179.2,410110,公用事业,shmb,C,2025-10-30,[],0,0,buy,AA+,,6.888,12.792,13.2,buy,2031-10-13,5.285,38.019,15610.96,46344.48,2.88,-4.88,,0,14:59:49,00,Y,N,0,0,Y,,2026-04-17 开始转股,计算使用5.3年期 评级为AA+ 债参考YTM：1.8722,N,38.02,全价：143.263 最后更新：14:59:49,,,,0,{'M': ''},0,0,N,,,buy,buy
2026-07-02 10:17:49,123092,天壕转债,thzz,117.914,0.0,300332,天壕能源,thny,4.3,0.0,0.93,4.97,86.52,0,36.29,154.2,410301,公用事业,szcy,C,2021-01-15,[],0,0,buy,A+,,3.479,6.461,9.8,buy,2026-12-24,0.48,3.417,0.0,0.0,0.0,-5.18,,0,15:34:00,03,Y,N,0,0,N,2026-06-26 起暂停转股：权益分派,2021-06-30 开始转股;2026-06-26 起暂停转股：权益分派,计算使用0.5年期 评级为A+ 债参考YTM：4.0996,N,4.23,全价：117.914 最后更新：15:34:00,,,,1,{'M': ''},0,0,N,,,buy,buy
2026-07-02 10:17:49,123150,九强转债,jqzz,131.824,0.2,300406,九强生物,jqsw,11.21,0.0,1.69,11.6,96.64,0,36.41,168.23,370504,医药生物,szcy,C,2022-07-20,[],0,0,buy,AA-,,8.12,15.08,23.6,buy,2028-06-30,1.997,11.21,5438.79,5154.34,3.68,-7.8,,0,15:34:03,00,Y,N,1,1,Y,转股价下修1次，成功下修1次,2023-01-06 开始转股,计算使用2.0年期 评级为AA- 债参考YTM：2.0189,N,11.39,全价：131.824 最后更新：15:34:03,,,,1,{'M': ''},0,0,N,,,buy,buy
2026-07-02 10:17:49,113697,应流转债,ylzz,264.072,-2.63,603308,应流股份,ylgf,58.9,-3.95,7.72,30.47,193.31,0,36.61,300.68,640108,机械设备,shmb,C,2025-10-22,[],0,0,buy,AA+,,21.329,39.611,3.7,buy,2031-09-19,5.219,14.995,29246.39,108688.47,7.22,-15.23,,0,14:59:58,00,Y,N,0,0,Y,,2026-03-25 开始转股,计算使用5.3年期 评级为AA+ 债参考YTM：1.8722,N,15.0,全价：264.072 最后更新：14:59:58,,,,0,"{'G': '本次（2026年3月25日至2026年4月15日）不提前赎回，2026年7月15日之后的首个交易日重新起算', 'M': ''}",0,0,N,,,buy,buy
2026-07-02 10:17:49,127088,赫达转债,hdzz,206.0,0.38,002810,山东赫达,sdhd,25.27,-1.52,3.84,16.76,150.78,0,36.63,242.63,220309,基础化工,szmb,C,2023-07-19,[],0,0,buy,AA-,,11.732,21.788,7.3,buy,2029-07-03,3.006,5.996,11400.75,26671.52,9.29,-16.87,,0,15:34:39,00,Y,N,0,0,Y,,2024-01-08 开始转股,计算使用3.1年期 评级为AA- 债参考YTM：2.3374,N,6.0,全价：206.000 最后更新：15:34:39,,,,0,"{'G': '本次（2026年3月30日至2026年4月20日）不提前赎回，自2026年10月21日起重新计算', 'M': ''}",0,0,N,,,buy,buy
2026-07-02 10:17:49,118007,山石转债,sszz,135.172,0.55,688030,山石网科,sswk,16.3,0.62,4.21,16.5,98.79,0,36.83,172.0,710402,计算机,shkc,C,2022-04-21,[],0,0,buy,A-,,11.55,21.45,9.1,buy,2028-03-22,1.723,2.671,2674.53,6695.87,7.4,-8.37,,0,14:59:51,00,Y,N,1,1,Y,转股价下修1次，成功下修1次,2022-09-28 开始转股,计算使用1.8年期 评级为A- 债参考YTM：9.0236,N,2.674,全价：135.172 最后更新：14:59:51,,,,1,{'M': ''},0,0,N,,,buy,buy
2026-07-02 10:17:49,113052,兴业转债,xyzz,116.243,0.88,601166,兴业银行,xyyh,17.06,2.16,0.4,20.13,84.75,0,37.16,153.4,480301,银行,shmb,C,2022-01-14,[],0,0,buy,AAA,,,26.169,11.5,buy,2027-12-27,1.488,413.5,44806.73,176419.89,0.93,-2.92,,0,15:00:00,00,Y,Y,0,0,Y,,2022-06-30 开始转股,计算使用1.5年期 评级为AAA 债参考YTM：1.5323,N,500.0,全价：116.243 最后更新：15:00:00,,,,0,{'M': ''},0,0,N,,,buy,buy
2026-07-02 10:17:49,128121,宏川转债,hczz,107.911,-0.04,002930,宏川智慧,hczh,9.95,-1.68,2.16,12.65,78.66,0,37.19,145.1,420806,交通运输,szmb,C,2020-08-07,[],0,0,buy,AA-,,8.855,16.445,15.0,buy,2026-07-17,0.041,6.465,11543.24,39847.92,16.54,2.15,,0,15:34:45,00,Y,N,2,2,Y,转股价下修2次，成功下修2次,2021-01-25 开始转股,计算使用0.1年期 评级为AA- 债参考YTM：1.7200,N,6.7,全价：107.911 最后更新：15:34:45,,,,0,"{'R': '到期\n最后交易日：2026-07-13\n最后转股日：2026-07-16\n债券到期日：2026-07-17\n到期赎回价：108.000元/张', 'M': ''}",0,0,N,,,buy,buy
2026-07-02 10:17:49,127053,豪美转债,hmzz,184.197,0.22,002988,豪美新材,hmxc,23.13,5.81,2.12,17.23,134.24,0,37.21,221.41,240301,有色金属,szmb,C,2022-03-04,[],0,0,buy,AA-,,12.061,22.399,4.5,buy,2028-01-24,1.564,2.575,24308.84,16021.16,50.05,-24.0,,0,15:34:51,00,Y,N,1,1,Y,转股价下修1次，成功下修1次,2022-07-28 开始转股,计算使用1.6年期 评级为AA- 债参考YTM：1.9505,N,8.24,全价：184.197 最后更新：15:34:51,,,,1,{'G': '本次（2026年4月30日至2026年5月25日）不提前赎回，以2026年11月25日后首个交易日起重新计算'},0,0,N,,,buy,buy
2026-07-02 10:17:49,123222,博俊转债,bjzz,149.442,0.47,300926,博俊科技,bjkj,17.9,-0.28,2.12,16.46,108.75,0,37.42,186.86,280205,汽车,szcy,C,2023-09-28,[],0,0,buy,A+,,11.522,21.398,4.6,buy,2029-09-08,3.189,2.438,4364.28,9095.44,11.95,-6.95,,0,15:34:12,00,Y,N,0,0,Y,,2024-03-14 开始转股,计算使用3.2年期 评级为A+ 债参考YTM：4.7098,N,5.0,全价：149.442 最后更新：15:34:12,,,,0,{'M': ''},0,0,N,,,buy,buy
2026-07-02 10:17:49,123064,万孚转债,wfzz,112.168,-0.14,300482,万孚生物,wfsw,17.03,-0.82,1.45,20.88,81.56,0,37.53,149.7,370504,医药生物,szcy,C,2020-09-23,[],0,0,buy,AA,,14.616,27.144,8.2,buy,2026-09-01,0.167,5.976,2950.84,17877.51,4.39,-11.57,,0,15:34:45,00,Y,N,3,3,Y,转股价下修3次，成功下修3次,2021-03-08 开始转股,计算使用0.2年期 评级为AA 债参考YTM：1.5200,N,6.0,全价：112.168 最后更新：15:34:45,,,,1,{'M': ''},0,0,N,,,buy,buy
2026-07-02 10:17:49,118031,天23转债,t23zz,123.223,0.12,688599,天合光能,thgn,14.31,-2.39,1.62,16.0,89.44,0,37.78,161.0,630502,电力设备,shkc,C,2023-03-15,[],0,0,buy,AA,,11.2,20.8,17.5,buy,2029-02-13,2.622,58.512,19994.44,83169.31,2.77,-1.57,,0,14:59:40,00,Y,N,2,2,Y,转股价下修2次，成功下修2次,2023-08-17 开始转股,计算使用2.7年期 评级为AA 债参考YTM：1.7476,N,88.648,全价：123.223 最后更新：14:59:40,,,,0,{'M': ''},0,0,N,,,buy,buy
2026-07-02 10:17:49,123114,三角转债,sjzz,132.681,2.5,300775,三角防务,sjfw,21.82,-1.98,1.98,22.69,96.17,0,37.97,170.65,650201,国防军工,szcy,C,2021-06-11,[],0,0,buy,AA-,,15.883,29.497,7.8,buy,2027-05-25,0.896,8.999,16364.54,32974.73,13.66,-14.92,,0,15:33:54,00,Y,N,1,1,Y,转股价下修1次，成功下修1次,2021-11-30 开始转股,计算使用0.9年期 评级为AA- 债参考YTM：1.8340,N,9.044,全价：132.681 最后更新：15:33:54,,,,1,{'M': ''},0,0,N,,,buy,buy
2026-07-02 10:17:49,118060,瑞可转债,rkzz,221.651,-7.11,688800,瑞可达,rkd,84.24,-8.2,9.6,52.6,160.15,0,38.4,260.05,270401,电子,shkc,C,2025-12-12,[],0,0,buy,AA-,,36.82,68.38,4.1,buy,2031-11-14,5.373,9.999,46997.29,118008.51,20.66,-11.52,,0,14:59:57,00,Y,N,0,0,Y,,2026-05-20 开始转股,计算使用5.4年期 评级为AA- 债参考YTM：2.8822,N,10.0,全价：221.651 最后更新：14:59:57,,,,0,"{'G': '本次（2026年5月20日至2026年6月9日）不提前赎回，以2026年12月10日为首个交易日重新计算', 'M': '', 'EX': '苏州联瑞投资管理中心（有限合伙）大宗减持12.32% 2026年06月23日公告'}",0,0,N,,,buy,buy
2026-07-02 10:17:49,127109,电化转债,dhzz,188.541,-1.9,002125,湘潭电化,xtdh,13.59,-2.09,2.49,9.99,136.04,0,38.6,227.14,630702,电力设备,szmb,C,2025-07-04,[],0,0,buy,AA,,6.993,12.987,5.7,buy,2031-06-16,4.959,4.866,22803.26,55688.98,24.52,-9.7,,0,15:34:03,00,Y,N,0,0,Y,,2025-12-22 开始转股,计算使用5.0年期 评级为AA 债参考YTM：2.0164,N,4.87,全价：188.541 最后更新：15:34:03,,,,0,"{'G': '本次（2026年4月14日至2026年5月7日）不提前赎回，自2026年8月7日后首个交易日重新计算', 'M': ''}",0,0,N,,,buy,buy
2026-07-02 10:17:49,123165,回天转债,htzz,144.6,2.38,300041,回天新材,htxc,15.68,1.88,2.78,15.05,104.19,0,38.79,183.39,220316,基础化工,szcy,C,2022-11-15,[],0,0,buy,AA-,,10.535,19.565,10.0,buy,2028-10-27,2.323,8.497,15155.77,133733.0,12.41,-8.36,,0,15:34:00,00,Y,N,0,0,Y,,2023-05-04 开始转股,计算使用2.4年期 评级为AA- 债参考YTM：2.1181,N,8.5,全价：144.600 最后更新：15:34:00,,,,0,{'M': ''},0,0,N,,,buy,buy
2026-07-02 10:17:49,123107,温氏转债,wszz,113.88,-0.06,300498,温氏股份,wsgf,13.18,0.38,2.17,16.09,81.91,0,39.02,152.9,110702,农林牧渔,szcy,C,2021-04-21,[],0,0,buy,AAA,,11.263,20.917,9.8,buy,2027-03-29,0.74,77.063,21971.8,111850.14,2.51,-6.98,,0,15:34:48,00,Y,N,0,0,Y,,2021-10-08 开始转股,计算使用0.8年期 评级为AAA 债参考YTM：1.5000,N,92.97,全价：113.880 最后更新：15:34:48,,,,1,{'M': ''},0,0,N,,,buy,buy
2026-07-02 10:17:49,113066,平煤转债,pmzz,146.55,1.98,601666,平煤股份,pmgf,7.86,3.15,0.78,7.46,105.36,0,39.09,185.64,740102,煤炭,shmb,C,2023-04-10,[],0,0,buy,AAA,,5.222,9.698,7.4,buy,2029-03-16,2.707,14.274,10189.1,35625.56,4.9,-10.25,,0,14:59:53,00,Y,N,1,1,Y,转股价下修1次，成功下修1次,2023-09-22 开始转股,计算使用2.8年期 评级为AAA 债参考YTM：1.6244,N,29.0,全价：146.550 最后更新：14:59:53,,,,0,{'M': ''},0,0,N,,,buy,buy
2026-07-02 10:17:49,123255,鼎龙转债,dlzz,458.263,-7.87,300054,鼎龙股份,dlgf,93.37,-6.91,16.24,28.38,329.0,0,39.29,497.55,270601,电子,szcy,C,2025-04-23,[],0,0,buy,AA,,19.866,36.894,1.3,buy,2031-04-02,4.753,9.096,171156.3,556401.52,40.24,-25.58,,0,15:33:57,00,Y,N,0,0,Y,,2025-10-09 开始转股,计算使用4.8年期 评级为AA 债参考YTM：1.9928,N,9.1,全价：458.263 最后更新：15:33:57,,,,0,"{'G': '本次（2026年4月8日至2026年4月28日）不提前赎回，自2026年10月28日后首个交易日重新计算', 'M': ''}",0,0,N,,,buy,buy
2026-07-02 10:17:49,113646,永吉转债,yjzz,152.505,-0.95,603058,永吉股份,yjgf,8.79,-2.98,3.05,8.05,109.19,0,39.67,192.18,360205,轻工制造,shmb,C,2022-05-17,[],0,0,buy,AA-,,5.635,10.465,3.8,buy,2028-04-14,1.786,1.372,2616.38,5002.75,12.43,-16.82,,0,14:59:56,00,Y,N,0,0,Y,,2022-10-20 开始转股,计算使用1.8年期 评级为AA- 债参考YTM：1.9849,N,1.459,全价：152.505 最后更新：14:59:56,,,,1,[],0,0,N,,,buy,buy
2026-07-02 10:17:49,128142,新乳转债,xrzz,116.244,0.47,002946,新乳业,xry,14.47,2.99,3.18,17.5,82.69,0,40.59,156.83,340702,食品饮料,szmb,C,2021-01-19,[],0,0,buy,AA,,12.25,22.75,5.8,buy,2026-12-18,0.463,7.178,3938.78,11981.01,4.72,-11.67,,0,15:34:00,00,Y,N,0,0,Y,,2021-06-24 开始转股,计算使用0.5年期 评级为AA 债参考YTM：1.5296,N,7.18,全价：116.244 最后更新：15:34:00,,,,1,{'M': ''},0,0,N,,,buy,buy
2026-07-02 10:17:49,127061,美锦转债,mjzz,92.01,-0.24,000723,美锦能源,mjny,3.43,-0.58,1.18,5.26,65.21,0,41.1,133.11,740201,煤炭,szmb,C,2022-05-30,[],0,0,buy,A,,3.682,6.838,18.5,buy,2028-04-20,1.803,27.89,8843.29,20718.23,3.43,16.39,,0,15:33:54,00,Y,N,2,1,Y,转股价下修2次，成功下修1次,2022-10-26 开始转股,计算使用1.9年期 评级为A 债参考YTM：6.6916,Y,35.9,全价：92.010 最后更新：15:33:54,,,"按下调到底估算
股东大会：2026-07-16
预估转股价：3.85
预估转股价值：89.09
期权价值：15.70
理论价值：123.09
理论偏离度：-33.78%",1,{'M': ''},0,0,N,,,buy,buy
2026-07-02 10:17:49,127027,能化转债,nhzz,112.746,0.55,000552,甘肃能化,gsnh,2.34,0.43,0.75,2.93,79.86,0,41.17,153.92,740101,煤炭,szmb,C,2021-01-22,[],0,0,buy,AAA,,2.051,3.809,22.3,buy,2026-12-10,0.441,19.464,7216.6,11972.51,3.3,-5.56,,0,15:34:24,00,Y,N,0,0,Y,,2021-06-16 开始转股,计算使用0.5年期 评级为AAA 债参考YTM：1.4696,N,28.0,全价：112.746 最后更新：15:34:24,,,,1,{'M': ''},0,0,N,,,buy,buy
2026-07-02 10:17:49,110097,天润转债,trzz,135.049,0.52,600419,天润乳业,trry,7.81,1.3,0.99,8.19,95.36,0,41.62,176.67,340702,食品饮料,shmb,C,2024-11-15,[],0,0,buy,AA,,5.733,10.647,40.1,buy,2030-10-24,4.315,9.89,4062.23,5101.57,3.05,-3.77,,0,14:59:49,00,Y,N,0,0,Y,,2025-04-30 开始转股,计算使用4.4年期 评级为AA 债参考YTM：1.9460,N,9.9,全价：135.049 最后更新：14:59:49,,,,0,[],0,0,N,,,buy,buy
2026-07-02 10:17:49,127095,广泰转债,gtzz,141.428,0.32,002111,威海广泰,whgt,9.05,-1.09,1.51,9.07,99.78,0,41.74,183.17,650201,国防军工,szmb,C,2023-11-10,[],0,0,buy,AA-,,6.349,11.791,15.7,buy,2029-10-18,3.299,6.927,3577.51,7680.25,3.65,-5.12,,0,15:33:54,00,Y,N,0,0,Y,,2024-04-24 开始转股,计算使用3.3年期 评级为AA- 债参考YTM：2.3736,N,7.0,全价：141.428 最后更新：15:33:54,,,,0,[],0,0,N,,,buy,buy
2026-07-02 10:17:49,127105,龙星转债,lxzz,131.466,-0.32,002442,龙星科技,lxkj,5.36,-1.11,1.46,5.8,92.41,0,42.26,173.73,220603,基础化工,szmb,C,2024-03-06,[],0,0,buy,AA-,,4.06,7.54,28.6,buy,2030-01-31,3.586,7.54,8558.46,18577.92,8.61,-2.72,,0,15:34:12,00,Y,N,0,0,Y,,2024-08-07 开始转股,计算使用3.6年期 评级为AA- 债参考YTM：2.4029,N,7.54,全价：131.466 最后更新：15:34:12,,,,0,[],0,0,N,,,buy,buy
2026-07-02 10:17:49,127045,牧原转债,myzz,122.962,0.17,002714,牧原股份,mygf,37.35,1.0,2.47,43.32,86.22,0,42.62,165.58,110702,农林牧渔,szmb,C,2021-09-10,[],0,0,buy,AAA,,30.324,56.316,7.8,buy,2027-08-16,1.123,95.43,22955.9,359876.92,1.97,-10.66,,0,15:34:18,00,Y,Y,0,0,Y,,2022-02-21 开始转股,计算使用1.2年期 评级为AAA 债参考YTM：1.5055,N,95.5,全价：122.962 最后更新：15:34:18,,,,1,{'M': ''},0,0,N,,,buy,buy
2026-07-02 10:17:49,111015,东亚转债,dyzz,125.922,0.35,605177,东亚药业,dyyy,17.86,0.17,1.16,20.28,88.07,0,42.98,168.9,370101,医药生物,shmb,C,2023-08-02,[],0,0,buy,A+,,14.196,26.364,32.8,buy,2029-07-06,3.014,6.662,5992.42,6696.13,7.12,-1.81,,0,14:59:57,00,Y,N,1,1,Y,转股价下修1次，成功下修1次,2024-01-12 开始转股,计算使用3.1年期 评级为A+ 债参考YTM：4.6884,N,6.9,全价：125.922 最后更新：14:59:57,,,,0,[],0,0,N,,,buy,buy
2026-07-02 10:17:49,118036,力合转债,lhzz,140.641,-0.23,688589,力合微,lhw,23.34,-2.26,3.25,23.83,97.94,0,43.59,184.23,270104,电子,shkc,C,2023-07-20,[],0,0,buy,AA-,,16.681,30.979,11.2,buy,2029-06-28,2.992,3.8,9592.57,26661.21,17.85,-5.64,,0,14:59:51,00,Y,N,1,1,Y,转股价下修1次，成功下修1次,2024-01-04 开始转股,计算使用3.0年期 评级为AA- 债参考YTM：2.3113,N,3.8,全价：140.641 最后更新：14:59:51,,,,0,{'M': ''},0,0,N,,,buy,buy
2026-07-02 10:17:49,113686,XD泰瑞转,trzz,146.822,-0.48,603289,泰瑞机器,trjq,8.15,-0.37,1.6,8.0,101.88,0,44.12,190.94,640209,机械设备,shmb,C,2024-07-24,[],0,0,buy,AA-,,5.6,10.4,14.1,buy,2030-07-02,4.0,3.363,5203.32,3792.52,10.45,-5.1,,0,14:59:51,00,Y,N,0,0,Y,,2025-01-08 开始转股,计算使用4.0年期 评级为AA- 债参考YTM：2.4373,N,3.378,全价：146.822 最后更新：14:59:51,,,,0,{'G': '本次（2026年5月6日至2026年5月26日）不提前赎回，自2026年8月26日之后的首个交易日重新起算'},0,0,N,,,buy,buy
2026-07-02 10:17:49,123172,漱玉转债,syzz,129.16,-0.15,301017,漱玉平民,sypm,13.35,-0.15,2.53,14.91,89.54,0,44.25,173.41,370403,医药生物,szcy,C,2023-01-06,[],0,0,buy,AA-,,10.437,19.383,23.0,buy,2028-12-15,2.458,7.96,4591.34,7481.3,4.45,-4.19,,0,15:34:12,00,Y,N,1,1,Y,转股价下修1次，成功下修1次,2023-06-21 开始转股,计算使用2.5年期 评级为AA- 债参考YTM：2.1497,N,8.0,全价：129.160 最后更新：15:34:12,,,,0,{'M': ''},0,0,N,,,buy,buy
2026-07-02 10:17:49,127082,亚科转债,ykzz,131.827,0.26,002540,亚太科技,ytkj,4.82,0.42,1.06,5.29,91.12,0,44.68,176.51,240301,有色金属,szmb,C,2023-04-27,[],0,0,buy,AA,,3.703,6.877,28.0,buy,2029-03-09,2.688,11.585,5101.07,5359.1,3.34,-4.94,,0,15:34:39,00,Y,N,0,0,N,2026-06-24 至 2026-07-03 期间暂停转股：权益分派,2023-09-15 开始转股;2026-06-24 至 2026-07-03 期间暂停转股：权益分派,计算使用2.7年期 评级为AA 债参考YTM：1.7476,N,11.59,全价：131.827 最后更新：15:34:39,,,,0,[],0,0,N,,,buy,buy
2026-07-02 10:17:49,123109,昌红转债,chzz,135.55,-0.52,300151,昌红科技,chkj,24.93,-0.95,8.02,26.64,93.58,0,44.85,180.4,640209,机械设备,szcy,C,2021-04-19,[],0,0,buy,AA-,,18.648,34.632,5.0,buy,2027-04-01,0.748,4.595,5675.33,90345.97,9.05,-20.34,,0,15:34:48,00,Y,N,0,0,Y,,2021-10-08 开始转股,计算使用0.8年期 评级为AA- 债参考YTM：1.8180,N,4.6,全价：135.550 最后更新：15:34:48,,,,1,{'M': ''},0,0,N,,,buy,buy
2026-07-02 10:17:49,113678,中贝转债,zbzz,146.829,-1.47,603220,中贝通信,zbtx,20.79,-3.35,2.83,20.54,101.22,0,45.06,191.89,730103,通信,shmb,C,2023-11-21,[],0,0,buy,A+,,14.378,26.702,5.7,buy,2029-10-19,3.301,5.106,10843.44,37409.71,14.38,-5.95,,0,14:59:58,00,Y,N,2,1,Y,转股价下修2次，成功下修1次,2024-04-25 开始转股,计算使用3.4年期 评级为A+ 债参考YTM：4.7397,N,5.17,全价：146.829 最后更新：14:59:58,,,,0,"{'G': '本次（2026年3月16日至2026年4月27日）不提前赎回，以2026年7月28日起算', 'M': ''}",0,0,N,,,buy,buy
2026-07-02 10:17:49,113636,甬金转债,yjzz,133.722,1.11,603995,甬金股份,yjgf,24.18,3.2,1.46,26.24,92.15,0,45.11,178.83,230501,钢铁,shmb,C,2021-12-31,[],0,0,buy,AA-,,18.368,34.112,11.4,buy,2027-12-13,1.449,9.995,10254.68,32553.53,7.66,-8.65,,0,14:59:54,00,Y,N,1,1,N,"转股价下修1次，成功下修1次
2026-07-02 至 2026-07-02 期间暂停转股：回购注销
转股价26.240生效日期2026-06-05",2022-06-17 开始转股;2026-07-02 至 2026-07-02 期间暂停转股：回购注销,计算使用1.5年期 评级为AA- 债参考YTM：1.9333,N,10.0,全价：133.722 最后更新：14:59:54,,,,1,{'M': ''},0,0,N,,,buy,buy
2026-07-02 10:17:49,127050,麒麟转债,qlzz,128.499,0.7,002984,森麒麟,sql,13.36,0.75,1.0,15.12,88.36,0,45.43,173.93,280204,汽车,szmb,C,2021-12-06,[],0,0,buy,AA,,10.584,19.656,21.9,buy,2027-11-11,1.362,20.86,10052.74,14465.5,3.76,-9.84,,0,15:34:33,00,Y,N,2,2,Y,转股价下修2次，成功下修2次,2022-05-17 开始转股,计算使用1.4年期 评级为AA 债参考YTM：1.6268,N,21.989,全价：128.499 最后更新：15:34:33,,,,1,{'M': ''},0,0,N,,,buy,buy
2026-07-02 10:17:49,118039,煜邦转债,ybzz,133.08,-0.18,688597,煜邦电力,ybdl,6.67,0.45,2.61,7.3,91.37,0,45.65,178.73,630804,电力设备,shkc,C,2023-08-15,[],0,0,buy,A,,5.11,9.49,18.3,buy,2029-07-20,3.052,4.104,5399.76,4588.46,9.8,-4.01,,0,15:00:00,00,Y,N,0,0,Y,,2024-01-26 开始转股,计算使用3.1年期 评级为A 债参考YTM：7.0384,N,4.108,全价：133.080 最后更新：15:00:00,,,,0,"{'G': '本次（2026年1月16日至2026年2月11日）不提前赎回，以2026年8月12日为首个交易日重新计算', 'M': ''}",0,0,N,,,buy,buy
2026-07-02 10:17:49,113659,莱克转债,lkzz,131.241,0.77,603355,莱克电气,lkdq,28.45,2.26,2.84,31.72,89.69,0,46.33,177.57,330302,家用电器,shmb,C,2022-11-15,[],0,0,buy,AA,,22.204,41.236,7.4,buy,2028-10-14,2.288,11.998,7794.03,9570.43,4.96,-6.34,,0,14:59:40,00,Y,N,0,0,Y,,2023-04-20 开始转股,计算使用2.3年期 评级为AA 债参考YTM：1.7161,N,12.0,全价：131.241 最后更新：14:59:40,,,,0,{'M': ''},0,0,N,,,buy,buy
2026-07-02 10:17:49,123199,山河转债,shzz,137.482,0.38,300452,山河药辅,shyf,12.2,0.83,2.71,13.0,93.85,0,46.5,183.98,370101,医药生物,szcy,C,2023-07-07,[],0,0,buy,A+,,9.1,16.9,13.2,buy,2029-06-12,2.948,3.197,2642.06,5199.28,6.01,-6.96,,0,15:34:03,00,Y,N,1,1,Y,转股价下修1次，成功下修1次,2023-12-18 开始转股,计算使用3.0年期 评级为A+ 债参考YTM：4.6613,N,3.2,全价：137.482 最后更新：15:34:03,,,,0,[],0,0,N,,,buy,buy
2026-07-02 10:17:49,118013,道通转债,dtzz,166.809,-0.73,688208,道通科技,dtkj,24.42,-3.78,4.04,21.48,113.69,0,46.73,213.54,710103,计算机,shkc,C,2022-07-28,[],0,0,buy,AA,,15.036,27.924,7.8,buy,2028-07-08,2.019,12.796,13419.44,42897.73,6.28,-15.93,,0,14:59:52,00,Y,N,0,0,Y,,2023-01-16 开始转股,计算使用2.1年期 评级为AA 债参考YTM：1.6985,N,12.8,全价：166.809 最后更新：14:59:52,,,,0,"{'G': '本次（2026年1月5日至2026年1月23日）不提前赎回，以2026年7月24日为首个交易日重新计算', 'M': ''}",0,0,N,,,buy,buy
2026-07-02 10:17:49,127099,盛航转债,shzz,132.45,-0.44,001205,盛航股份,shgf,13.75,-1.22,1.17,15.33,89.69,0,47.67,180.12,421101,交通运输,szmb,C,2023-12-28,[],0,0,buy,AA-,,10.731,19.929,19.8,buy,2029-12-06,3.433,4.541,2475.06,7317.62,4.12,-2.96,,0,15:34:06,00,Y,N,1,1,Y,转股价下修1次，成功下修1次,2024-06-12 开始转股,计算使用3.5年期 评级为AA- 债参考YTM：2.3951,N,7.4,全价：132.450 最后更新：15:34:06,,,,0,[],0,0,N,,,buy,buy
2026-07-02 10:17:49,127113,长高转债,cgzz,170.9,0.24,002452,长高电气,cgdq,12.57,1.7,2.78,10.92,115.11,74,48.47,219.37,630801,电力设备,szmb,C,2026-03-30,[],0,0,buy,AA-,,7.644,14.196,11.7,buy,2032-03-08,5.688,7.586,15230.92,53988.25,11.72,-6.99,,0,15:34:21,00,Y,N,0,0,Y,,未到转股期；2026-09-14 开始转股,计算使用5.7年期 评级为AA- 债参考YTM：3.1920,N,7.59,全价：170.900 最后更新：15:34:21,,,,0,{'M': ''},0,0,N,,,buy,buy
2026-07-02 10:17:49,127104,姚记转债,yjzz,142.356,-0.03,002605,姚记科技,yjkj,18.73,0.21,1.98,19.58,95.66,0,48.82,191.18,720401,传媒,szmb,C,2024-02-26,[],0,0,buy,A+,,13.706,25.454,9.2,buy,2030-01-24,3.567,5.823,2287.73,15886.32,2.76,-4.72,,0,15:34:00,00,Y,N,0,0,Y,,2024-07-31 开始转股,计算使用3.6年期 评级为A+ 债参考YTM：4.7589,N,5.831,全价：142.356 最后更新：15:34:00,,,,0,[],0,0,N,,,buy,buy
2026-07-02 10:17:49,113070,渝水转债,yszz,125.106,-0.11,601158,重庆水务,cqsw,3.95,0.25,1.08,4.72,83.69,0,49.49,174.6,760102,环保,shmb,C,2025-02-13,[],0,0,buy,AAA,,3.304,6.136,10.0,buy,2031-01-09,4.526,18.998,3732.53,2332.75,1.57,-2.58,,0,14:59:51,00,Y,N,0,0,Y,,2025-07-15 开始转股,计算使用4.6年期 评级为AAA 债参考YTM：1.7334,N,19.0,全价：125.106 最后更新：14:59:51,,,,0,{'M': ''},0,0,N,,,buy,buy
2026-07-02 10:17:49,123235,亿田转债,ytzz,144.426,-1.82,300911,亿田智能,ytzn,20.56,-5.6,3.3,21.31,96.48,0,49.69,194.12,330401,家用电器,szcy,C,2024-01-12,[],0,0,buy,A+,,14.917,27.703,12.4,buy,2029-12-21,3.474,4.353,15115.82,20705.77,23.87,-5.41,,0,15:34:15,00,Y,N,0,0,Y,,2024-06-27 开始转股,计算使用3.5年期 评级为A+ 债参考YTM：4.7501,N,5.202,全价：144.426 最后更新：15:34:15,,,,0,{'M': ''},0,0,N,,,buy,buy
2026-07-02 10:17:49,123253,永贵转债,ygzz,137.693,0.54,300351,永贵电器,ygdq,16.66,1.52,2.62,18.19,91.59,0,50.34,188.03,640501,机械设备,szcy,C,2025-03-28,[],0,0,buy,AA-,,12.733,23.647,22.3,buy,2031-03-13,4.699,9.798,7226.43,62508.23,5.34,-3.35,,0,15:34:21,00,Y,N,0,0,Y,,2025-09-19 开始转股,计算使用4.7年期 评级为AA- 债参考YTM：2.5593,N,9.8,全价：137.693 最后更新：15:34:21,,,,0,{'M': ''},0,0,N,,,buy,buy
2026-07-02 10:17:49,111022,锡振转债,xzzz,149.448,-0.94,605319,无锡振华,wxzh,22.22,-2.11,2.7,22.39,99.24,0,50.59,200.04,280205,汽车,shmb,C,2025-07-14,[],0,0,buy,AA-,,15.673,29.107,6.7,buy,2031-06-18,4.964,5.197,2800.88,7416.81,3.58,-4.78,,0,14:59:51,00,Y,N,0,0,Y,,2025-12-24 开始转股,计算使用5.0年期 评级为AA- 债参考YTM：2.6164,N,5.2,全价：149.448 最后更新：14:59:51,,,,0,[],0,0,N,,,buy,buy
2026-07-02 10:17:49,118059,颀中转债,qzzz,238.99,-1.51,688352,颀中科技,qzkj,21.73,-5.07,4.43,13.7,158.61,0,50.67,289.66,270107,电子,shkc,C,2025-11-21,[],0,0,buy,AA+,,9.59,17.81,10.7,buy,2031-11-03,5.343,8.499,193828.96,131739.06,92.82,-13.31,,0,15:00:00,00,Y,N,0,0,Y,,2026-05-07 开始转股,计算使用5.4年期 评级为AA+ 债参考YTM：1.8795,N,8.5,全价：238.990 最后更新：15:00:00,,,,0,"{'G': '本次（2026年5月26日至2026年6月17日）不提前赎回，以2026年12月18日为首个交易日重新计算', 'M': ''}",0,0,N,,,buy,buy
2026-07-02 10:17:49,113649,丰山转债,fszz,129.527,0.58,603810,丰山集团,fsjt,11.68,1.74,1.19,13.61,85.82,0,50.93,180.46,220803,基础化工,shmb,C,2022-07-21,[],0,0,buy,AA-,,9.527,17.693,23.7,buy,2028-06-27,1.989,4.577,3990.1,3186.3,6.72,-5.03,,0,14:59:56,00,Y,N,0,0,Y,,2023-01-03 开始转股,计算使用2.0年期 评级为AA- 债参考YTM：2.0189,N,5.0,全价：129.527 最后更新：14:59:56,,,,1,[],0,0,N,,,buy,buy
2026-07-02 10:17:49,113054,绿动转债,ldzz,119.911,0.04,601330,绿色动力,lsdl,7.06,0.0,1.19,8.89,79.42,0,50.99,170.9,760103,环保,shmb,C,2022-03-23,[],0,0,buy,AA+,,6.223,11.557,33.8,buy,2028-02-25,1.652,23.598,7235.16,7534.8,2.55,-4.72,,0,14:59:51,00,Y,N,0,0,N,2026-06-30 至 2026-07-07 期间暂停转股：权益分派,2022-09-05 开始转股;2026-06-30 至 2026-07-07 期间暂停转股：权益分派,计算使用1.7年期 评级为AA+ 债参考YTM：1.5930,N,23.6,全价：119.911 最后更新：14:59:51,,,,1,[],0,0,N,,,buy,buy
2026-07-02 10:17:49,123088,威唐转债,wtzz,116.022,0.13,300707,威唐工业,wtgy,11.43,-0.52,1.74,14.9,76.71,0,51.24,167.26,280205,汽车,szcy,C,2021-01-06,[],0,0,buy,A+,,10.43,19.37,18.0,buy,2026-12-15,0.455,3.004,4057.91,5393.62,11.62,-1.95,,0,15:34:48,00,Y,N,1,1,Y,转股价下修1次，成功下修1次,2021-06-21 开始转股,计算使用0.5年期 评级为A+ 债参考YTM：4.0996,N,3.014,全价：116.022 最后更新：15:34:48,,,,1,[],0,0,N,,,buy,buy
2026-07-02 10:17:49,113688,国检转债,gjzz,136.043,0.29,603060,国检集团,gjjt,5.8,2.47,2.23,6.45,89.92,0,51.29,187.33,460802,社会服务,shmb,C,2024-11-12,[],0,0,buy,AA+,,4.515,8.385,17.2,buy,2030-10-17,4.296,7.998,6681.45,5766.82,6.16,-3.64,,0,14:59:45,00,Y,N,0,0,Y,,2025-04-23 开始转股,计算使用4.3年期 评级为AA+ 债参考YTM：1.7722,N,8.0,全价：136.043 最后更新：14:59:45,,,,0,[],0,0,N,,,buy,buy
2026-07-02 10:17:49,127046,百润转债,brzz,127.622,0.17,002568,百润股份,brgf,17.14,-1.44,3.45,20.33,84.31,0,51.37,178.99,340602,食品饮料,szmb,C,2021-11-03,[],0,0,buy,AA,,14.231,26.429,8.6,buy,2027-09-29,1.244,11.274,7697.58,37353.71,5.35,-10.24,,0,15:34:21,00,Y,N,1,1,Y,转股价下修1次，成功下修1次,2022-04-12 开始转股,计算使用1.3年期 评级为AA 债参考YTM：1.6169,N,11.28,全价：127.622 最后更新：15:34:21,,,,0,{'M': ''},0,0,N,,,buy,buy
2026-07-02 10:17:49,110073,国投转债,gtzz,106.87,0.02,600061,国投资本,gtzb,6.54,-1.51,0.73,9.27,70.55,0,51.48,158.35,490101,非银金融,shmb,C,2020-08-20,[],0,0,buy,AAA,,,12.051,19.1,buy,2026-07-24,0.06,79.99,12434.25,35519.6,1.45,2.12,,0,14:59:51,00,Y,N,0,0,Y,,2021-02-01 开始转股,计算使用0.1年期 评级为AAA 债参考YTM：1.4600,N,80.0,全价：106.870 最后更新：14:59:51,,,,0,"{'R': '到期\n最后交易日：2026-07-20\n最后转股日：2026-07-23\n债券到期日：2026-07-24\n到期赎回价：107.000元/张', 'M': ''}",0,0,N,,,buy,buy
2026-07-02 10:17:49,123252,银邦转债,ybzz,141.1,-0.8,300337,银邦股份,ybgf,11.65,-2.84,5.34,12.51,93.13,0,51.52,192.62,240301,有色金属,szcy,C,2025-01-24,[],0,0,buy,AA-,,8.757,16.263,9.5,buy,2031-01-06,4.518,7.846,4089.08,22371.45,3.68,-4.02,,0,15:34:15,00,Y,N,0,0,Y,,2025-07-14 开始转股,计算使用4.6年期 评级为AA- 债参考YTM：2.5397,N,7.85,全价：141.100 最后更新：15:34:15,,,,0,{'M': ''},0,0,N,,,buy,buy
2026-07-02 10:17:49,123195,蓝晓转02,lxz02,173.074,-4.89,300487,蓝晓科技,lxkj,67.67,-4.18,7.49,59.38,113.96,0,51.87,224.94,220504,基础化工,szcy,C,2023-05-08,[],0,0,buy,A+,,41.566,77.194,2.6,buy,2029-04-17,2.795,5.458,46034.9,187073.83,47.42,-12.67,,0,15:34:24,00,Y,N,0,0,N,2026-06-25 至 2026-07-02 期间暂停转股：权益分派,2023-10-23 开始转股;2026-06-25 至 2026-07-02 期间暂停转股：权益分派,计算使用2.8年期 评级为A+ 债参考YTM：4.5966,N,5.461,全价：173.074 最后更新：15:34:24,,,,0,{'M': ''},0,0,N,,,buy,buy
2026-07-02 10:17:49,110095,双良转债,slzz,118.004,-1.6,600481,双良节能,sljn,4.8,-6.25,2.23,6.18,77.67,0,51.93,169.93,630501,电力设备,shmb,C,2023-09-08,[],0,0,buy,AA-,,4.326,8.034,14.1,buy,2029-08-08,3.104,14.006,8737.12,53396.43,5.27,-1.05,,0,15:00:00,00,Y,N,2,2,Y,转股价下修2次，成功下修2次,2024-02-19 开始转股,计算使用3.2年期 评级为AA- 债参考YTM：2.3578,N,26.0,全价：118.004 最后更新：15:00:00,,,,0,{'M': ''},0,0,N,,,buy,buy
2026-07-02 10:17:49,127108,太能转债,tnzz,125.685,-0.09,000591,太阳能,tyn,4.59,-1.92,0.75,5.55,82.7,0,51.97,177.66,410106,公用事业,szmb,C,2025-04-16,[],0,0,buy,AA+,,3.885,7.215,16.5,buy,2031-03-28,4.74,29.498,5794.92,31192.37,1.56,-1.54,,0,15:34:48,00,Y,N,0,0,N,2026-06-25 至 2026-07-07 期间暂停转股：权益分派,2025-10-09 开始转股;2026-06-25 至 2026-07-07 期间暂停转股：权益分派,计算使用4.8年期 评级为AA+ 债参考YTM：1.8255,N,29.5,全价：125.685 最后更新：15:34:48,,,,0,{'M': ''},0,0,N,,,buy,buy
2026-07-02 10:17:49,113643,风语转债,fyzz,136.311,2.62,603466,风语筑,fyz,10.57,5.49,2.97,11.8,89.58,0,52.17,188.48,720706,传媒,shmb,C,2022-04-22,[],0,0,buy,AA-,,8.26,15.34,7.9,buy,2028-03-25,1.732,4.992,37259.9,80980.16,54.36,-8.54,,0,14:59:57,00,Y,N,1,1,Y,转股价下修1次，成功下修1次,2022-10-10 开始转股,计算使用1.8年期 评级为AA- 债参考YTM：1.9849,N,5.0,全价：136.311 最后更新：14:59:57,,,,1,{'M': ''},0,0,N,,,buy,buy
2026-07-02 10:17:49,111020,合顺转债,hszz,138.606,0.36,605166,聚合顺,jhs,9.59,-1.44,1.5,10.53,91.07,0,52.19,190.8,220406,基础化工,shmb,C,2024-08-15,[],0,0,buy,AA-,,7.371,13.689,11.2,buy,2030-07-22,4.058,3.38,4459.1,7193.52,9.49,-3.61,,0,14:59:36,00,Y,N,0,0,Y,,2025-01-27 开始转股,计算使用4.1年期 评级为AA- 债参考YTM：2.4509,N,3.38,全价：138.606 最后更新：14:59:36,,,,0,[],0,0,N,,,buy,buy
2026-07-02 10:17:49,128129,青农转债,qnzz,107.693,0.01,002958,青农商行,qnsh,2.8,1.08,0.35,4.0,70.0,0,53.85,161.54,480501,银行,szmb,C,2020-09-18,[],0,0,buy,AAA,,,5.2,32.8,buy,2026-08-25,0.148,49.997,12373.31,13476.6,2.3,1.96,,0,15:34:09,00,Y,N,1,1,Y,转股价下修1次，成功下修1次,2021-03-01 开始转股,计算使用0.2年期 评级为AAA 债参考YTM：1.4600,N,50.0,全价：107.693 最后更新：15:34:09,,,,0,{'M': ''},0,0,N,,,buy,buy
2026-07-02 10:17:49,123269,金杨转债,jyzz,167.0,0.63,301210,金杨精密,jygf,30.6,1.32,2.62,28.24,108.36,116,54.12,221.12,630701,电力设备,szcy,C,2026-05-11,[],0,0,buy,AA-,,19.768,36.712,52.6,buy,2032-04-19,5.803,9.8,30418.79,17513.02,18.09,-6.48,,0,15:34:06,00,Y,N,0,0,Y,,未到转股期；2026-10-26 开始转股,计算使用5.9年期 评级为AA- 债参考YTM：3.3629,N,9.8,全价：167.000 最后更新：15:34:06,,,,0,{'M': ''},0,0,N,,,buy,buy
2026-07-02 10:17:49,127072,博实转债,bszz,138.0,0.66,002698,博实股份,bsgf,13.48,1.51,3.24,15.06,89.51,0,54.18,192.18,640701,机械设备,szmb,C,2022-11-03,[],0,0,buy,AA,,10.542,19.578,4.0,buy,2028-09-22,2.227,4.498,10282.79,59284.59,16.54,-7.89,,0,15:34:03,00,Y,N,0,0,Y,,2023-03-28 开始转股,计算使用2.3年期 评级为AA 债参考YTM：1.7161,N,4.5,全价：138.000 最后更新：15:34:03,,,,0,{'M': ''},0,0,N,,,buy,buy
2026-07-02 10:17:49,123080,海波转债,hbzz,125.9,0.16,300517,海波重科,hbzk,9.21,-0.32,1.73,11.28,81.65,0,54.2,180.1,620401,建筑装饰,szcy,C,2020-12-22,[],0,0,buy,A+,,7.896,14.664,12.8,buy,2026-12-02,0.419,1.485,2010.73,4968.77,10.74,-11.25,,0,15:33:57,00,Y,N,0,0,Y,,2021-06-08 开始转股,计算使用0.5年期 评级为A+ 债参考YTM：4.0996,N,2.45,全价：125.900 最后更新：15:33:57,,,,1,[],0,0,N,,,buy,buy
2026-07-02 10:17:49,123189,晓鸣转债,xmzz,129.971,0.5,300967,晓鸣股份,xmgf,16.01,0.31,3.83,19.09,83.87,0,54.97,184.94,110703,农林牧渔,szcy,C,2023-04-25,[],0,0,buy,A,,13.363,24.817,16.4,buy,2029-04-06,2.764,3.286,7941.79,16189.46,18.67,-3.71,,0,15:34:27,00,Y,N,0,0,Y,,2023-10-12 开始转股,计算使用2.8年期 评级为A 债参考YTM：6.9466,N,3.29,全价：129.971 最后更新：15:34:27,,,,0,{'M': ''},0,0,N,,,buy,buy
2026-07-02 10:17:49,110093,神马转债,smzz,119.446,-0.62,600810,神马股份,smgf,6.22,-0.32,0.73,8.08,76.98,0,55.16,174.61,220406,基础化工,shmb,C,2023-04-20,[],0,0,buy,AAA,,5.656,10.504,33.0,buy,2029-03-16,2.707,22.199,5385.62,8126.16,2.02,-3.04,,0,14:59:34,00,Y,N,0,0,Y,,2023-09-22 开始转股,计算使用2.8年期 评级为AAA 债参考YTM：1.6244,N,30.0,全价：119.446 最后更新：14:59:34,,,,0,{'M': ''},0,0,N,,,buy,buy
2026-07-02 10:17:49,110087,天业转债,tyzz,121.504,0.24,600075,新疆天业,xjty,4.37,0.69,0.81,5.6,78.04,0,55.7,177.2,220202,基础化工,shmb,C,2022-07-19,[],0,0,buy,AA+,,3.92,7.28,40.2,buy,2028-06-23,1.978,29.975,6598.04,16342.93,1.8,-5.04,,0,14:59:51,00,Y,N,1,1,Y,转股价下修1次，成功下修1次,2022-12-29 开始转股,计算使用2.0年期 评级为AA+ 债参考YTM：1.6289,N,30.0,全价：121.504 最后更新：14:59:51,,,,1,{'M': ''},0,0,N,,,buy,buy
2026-07-02 10:17:49,118024,冠宇转债,gyzz,128.777,-0.6,688772,珠海冠宇,zhgy,18.6,-3.43,2.79,22.51,82.63,0,55.85,184.63,630701,电力设备,shkc,C,2022-11-17,[],0,0,buy,AA,,15.757,27.012,14.6,buy,2028-10-24,2.315,30.889,12277.19,82524.78,3.07,-4.75,,0,14:59:51,00,Y,N,0,0,Y,,2023-04-28 开始转股,计算使用2.4年期 评级为AA 债参考YTM：1.7243,N,30.89,全价：128.777 最后更新：14:59:51,,,,0,{'M': ''},0,0,N,120%,,buy,buy
2026-07-02 10:17:49,113640,苏利转债,slzz,128.292,0.37,603585,苏利股份,slgf,14.15,0.28,1.02,17.21,82.22,0,56.04,184.33,220803,基础化工,shmb,C,2022-03-10,[],0,0,buy,AA-,,12.047,22.373,27.0,buy,2028-02-16,1.627,7.39,4795.47,4599.21,5.06,-5.57,,0,14:59:58,00,Y,N,2,1,N,"转股价下修2次，成功下修1次
2026-06-30 至 2026-07-08 期间暂停转股：权益分派
转股价17.210生效日期2026-06-22",2022-08-22 开始转股;2026-06-30 至 2026-07-08 期间暂停转股：权益分派,计算使用1.7年期 评级为AA- 债参考YTM：1.9677,N,9.572,全价：128.292 最后更新：14:59:58,,,,1,[],0,0,N,,,buy,buy
2026-07-02 10:17:49,113067,燃23转债,r23zz,125.489,0.01,601139,深圳燃气,szrq,5.82,0.87,1.0,7.24,80.39,0,56.11,181.6,410301,公用事业,shmb,C,2023-08-18,[],0,0,buy,AAA,,5.068,9.412,17.9,buy,2029-07-27,3.071,29.999,5088.02,11281.68,1.35,-4.05,,0,14:59:51,00,Y,N,0,0,Y,,2024-02-02 开始转股,计算使用3.1年期 评级为AAA 债参考YTM：1.6360,N,30.0,全价：125.489 最后更新：14:59:51,,,,0,{'M': ''},0,0,N,,,buy,buy
2026-07-02 10:17:49,123065,宝莱转债,blzz,118.45,-1.21,300246,宝莱特,blt,13.85,-4.75,3.24,18.3,75.68,0,56.51,174.96,370502,医药生物,szcy,C,2020-09-24,[],0,0,buy,AA-,,12.81,23.79,7.4,buy,2026-09-04,0.175,2.18,2569.55,17728.07,9.92,-16.88,,0,15:34:48,00,Y,N,2,2,Y,转股价下修2次，成功下修2次,2021-03-11 开始转股,计算使用0.2年期 评级为AA- 债参考YTM：1.7200,N,2.19,全价：118.450 最后更新：15:34:48,,,,0,[],0,0,N,,,buy,buy
2026-07-02 10:17:49,111017,蓝天转债,ltzz,123.08,1.88,605368,蓝天燃气,ltrq,6.27,1.46,1.33,7.98,78.57,0,56.65,179.73,410301,公用事业,shmb,C,2023-09-08,[],0,0,buy,AA,,5.586,10.374,15.0,buy,2029-08-15,3.123,6.715,8647.94,3102.28,10.5,-2.39,,0,14:59:47,00,Y,N,0,0,Y,,2024-02-21 开始转股,计算使用3.2年期 评级为AA 债参考YTM：1.7909,N,8.7,全价：123.080 最后更新：14:59:47,,,,0,[],0,0,N,,,buy,buy
2026-07-02 10:17:49,123071,天能转债,tnzz,115.437,-0.15,300569,天能重工,tnzg,4.91,-2.19,0.94,6.68,73.5,0,57.05,172.49,630602,电力设备,szcy,C,2020-11-25,[],0,0,buy,AA-,,4.676,8.684,13.9,buy,2026-10-21,0.304,6.937,3574.21,11116.11,4.46,-1.26,,0,15:34:51,00,Y,N,2,2,Y,转股价下修2次，成功下修2次,2021-04-27 开始转股,计算使用0.4年期 评级为AA- 债参考YTM：1.7450,N,7.0,全价：115.437 最后更新：15:34:51,,,,1,{'M': ''},0,0,N,,,buy,buy
2026-07-02 10:17:49,127112,尚太转债,stzz,162.771,-0.75,001301,尚太科技,stkj,87.76,-4.19,3.18,84.72,103.59,20,57.13,219.9,630702,电力设备,szmb,C,2026-02-05,[],0,0,buy,AA+,,59.304,110.136,10.6,buy,2032-01-15,5.543,17.34,9074.59,37919.46,3.2,-6.69,,0,15:34:18,00,Y,N,0,0,Y,,未到转股期；2026-07-22 开始转股,计算使用5.6年期 评级为AA+ 债参考YTM：1.8930,N,17.34,全价：162.771 最后更新：15:34:18,,,,0,[],0,0,N,,,buy,buy
2026-07-02 10:17:49,128125,华阳转债,hyzz,112.56,-0.01,002949,华阳国际,hygj,10.16,-0.29,1.26,14.19,71.6,0,57.21,169.77,620601,建筑装饰,szmb,C,2020-08-21,[],0,0,buy,AA-,,9.933,18.447,29.1,buy,2026-07-30,0.077,4.496,5680.41,3053.35,11.23,5.28,,0,15:33:57,00,Y,N,2,2,Y,转股价下修2次，成功下修2次,2021-02-05 开始转股,计算使用0.1年期 评级为AA- 债参考YTM：1.7200,N,4.5,全价：112.560 最后更新：15:33:57,,,,1,{'R': '到期\n最后交易日：2026-07-24\n最后转股日：2026-07-29\n债券到期日：2026-07-30\n到期赎回价：113.000元/张'},0,0,N,,,buy,buy
2026-07-02 10:17:49,113037,紫银转债,zyzz,109.86,0.02,601860,紫金银行,zjyh,2.48,0.4,0.44,3.55,69.86,0,57.26,167.12,480501,银行,shmb,C,2020-08-17,[],0,0,buy,AA+,,,4.615,51.1,buy,2026-07-23,0.058,44.994,17584.89,9215.55,3.56,2.33,,0,14:59:57,00,Y,N,1,1,Y,转股价下修1次，成功下修1次,2021-01-29 开始转股,计算使用0.1年期 评级为AA+ 债参考YTM：1.4800,N,45.0,全价：109.860 最后更新：14:59:57,,,,0,"{'R': '临近到期\n债券到期日：2026-07-23\n到期赎回价：110.000元/张', 'M': ''}",0,0,N,,,buy,buy
2026-07-02 10:17:49,113652,伟22转债,w22zz,129.156,-1.04,603568,伟明环保,wmhb,15.6,-1.83,2.08,19.0,82.11,0,57.31,186.47,760103,环保,shmb,C,2022-08-12,[],0,0,buy,AA,,13.3,24.7,4.6,buy,2028-07-22,2.058,14.766,5872.09,14513.74,3.06,-6.3,,0,14:59:51,00,Y,N,2,2,Y,转股价下修2次，成功下修2次,2023-01-30 开始转股,计算使用2.1年期 评级为AA 债参考YTM：1.6985,N,14.77,全价：129.156 最后更新：14:59:51,,,,0,{'M': ''},0,0,N,,,buy,buy
2026-07-02 10:17:49,118034,晶能转债,jnzz,116.107,-0.06,688223,晶科能源,jkny,4.68,-4.1,1.86,6.35,73.7,0,57.54,173.65,630502,电力设备,shkc,C,2023-05-19,[],0,0,buy,AA+,,4.445,7.62,17.3,buy,2029-04-20,2.803,83.22,18489.99,72259.21,1.91,-1.52,,0,14:59:59,00,Y,N,1,1,Y,转股价下修1次，成功下修1次,2023-10-26 开始转股,计算使用2.9年期 评级为AA+ 债参考YTM：1.6765,N,100.0,全价：116.107 最后更新：14:59:59,,,,0,{'M': ''},0,0,N,120%,,buy,buy
2026-07-02 10:17:49,127038,国微转债,gwzz,135.901,-0.51,002049,紫光国微,zggw,83.55,-3.31,5.04,96.99,86.14,0,57.76,193.66,270104,电子,szmb,C,2021-07-14,[],0,0,buy,AA+,,67.893,126.087,2.1,buy,2027-06-10,0.94,14.915,9100.07,438643.41,4.48,-20.34,,0,15:34:30,00,Y,N,0,0,Y,,2021-12-17 开始转股,计算使用1.0年期 评级为AA+ 债参考YTM：1.5300,N,15.0,全价：135.901 最后更新：15:34:30,,,,1,{'M': ''},0,0,N,,,buy,buy
2026-07-02 10:17:49,110090,爱迪转债,adzz,134.402,1.21,600933,爱柯迪,akd,14.61,-0.34,1.52,17.15,85.19,0,57.77,192.17,280203,汽车,shmb,C,2022-10-28,[],0,0,buy,AA,,12.005,22.295,11.0,buy,2028-09-23,2.23,15.695,6589.12,19881.51,3.12,-7.68,,0,14:59:55,00,Y,N,0,0,Y,,2023-03-29 开始转股,计算使用2.3年期 评级为AA 债参考YTM：1.7161,N,15.7,全价：134.402 最后更新：14:59:55,,,,0,{'M': ''},0,0,N,,,buy,buy
2026-07-02 10:17:49,123261,普联转债,plzz,143.425,-2.61,300996,普联软件,plrj,11.79,-5.3,3.53,12.97,90.9,0,57.78,201.21,710401,计算机,szcy,C,2025-12-22,[],0,0,buy,A+,,9.079,16.861,6.2,buy,2031-12-05,5.43,2.429,6538.76,17215.57,18.61,-3.45,,0,15:34:27,00,Y,N,0,0,Y,,2026-06-11 开始转股,计算使用5.5年期 评级为A+ 债参考YTM：5.3335,N,2.43,全价：143.425 最后更新：15:34:27,,,,0,"{'M': '', 'EX': '公司控股股东、实际控制人及其一致行动人竞价、大宗减持10.07% 2026年06月26日公告'}",0,0,N,,,buy,buy
2026-07-02 10:17:49,123237,佳禾转债,jhzz,131.051,-1.02,300793,佳禾智能,jhzn,11.14,-2.71,1.5,13.46,82.76,0,58.34,189.39,270504,电子,szcy,C,2024-01-24,[],0,0,buy,A+,,9.422,17.498,10.4,buy,2030-01-04,3.512,4.314,2181.18,7895.89,3.83,-3.16,,0,15:34:24,00,Y,N,1,1,Y,转股价下修1次，成功下修1次,2024-07-10 开始转股,计算使用3.6年期 评级为A+ 债参考YTM：4.7589,N,10.04,全价：131.051 最后更新：15:34:24,,,,0,[],0,0,N,,,buy,buy
2026-07-02 10:17:49,111003,聚合转债,jhzz,135.247,-0.48,605166,聚合顺,jhs,9.59,-1.44,1.5,11.31,84.79,0,59.5,194.75,220406,基础化工,shmb,C,2022-04-19,[],0,0,buy,AA-,,7.917,14.703,6.7,buy,2028-03-07,1.682,2.035,3049.88,7193.52,11.0,-8.13,,0,14:59:51,00,Y,N,1,1,Y,转股价下修1次，成功下修1次,2022-09-13 开始转股,计算使用1.7年期 评级为AA- 债参考YTM：1.9677,N,2.04,全价：135.247 最后更新：14:59:51,,,,1,[],0,0,N,,,buy,buy
2026-07-02 10:17:49,123194,百洋转债,byzz,130.645,0.92,301015,百洋医药,byyy,20.28,0.9,4.12,24.79,81.81,0,59.7,190.35,370402,医药生物,szcy,C,2023-05-05,[],0,0,buy,AA-,,17.353,32.227,7.9,buy,2029-04-14,2.786,8.459,6286.73,11897.12,5.7,-4.09,,0,15:34:33,00,Y,N,0,0,Y,,2023-10-20 开始转股,计算使用2.8年期 评级为AA- 债参考YTM：2.2489,N,8.6,全价：130.645 最后更新：15:34:33,,,,0,{'M': ''},0,0,N,,,buy,buy
2026-07-02 10:17:49,123257,安克转债,akzz,147.437,-1.87,300866,安克创新,akcx,100.41,-6.79,4.82,108.86,92.24,0,59.84,207.28,270503,电子,szcy,C,2025-07-04,[],0,0,buy,AA+,,76.202,141.518,3.6,buy,2031-06-16,4.959,11.047,9878.21,68710.83,6.02,-5.41,,0,15:34:33,00,Y,N,0,0,Y,,2025-12-22 开始转股,计算使用5.0年期 评级为AA+ 债参考YTM：1.8464,N,11.048,全价：147.437 最后更新：15:34:33,,,,0,{'M': ''},0,0,N,,,buy,buy
2026-07-02 10:17:49,127093,章鼓转债,zgzz,126.88,0.19,002598,ST章鼓,sdzg,6.66,3.9,1.57,8.4,79.29,0,60.03,186.91,640106,机械设备,szmb,C,2023-11-03,[],0,0,buy,A,,5.88,10.92,12.7,buy,2029-10-17,3.296,2.425,2370.29,4427.18,7.65,-2.2,,0,15:34:51,00,Y,N,1,1,Y,转股价下修1次，成功下修1次,2024-04-23 开始转股,计算使用3.3年期 评级为A 债参考YTM：7.0766,N,2.43,全价：126.880 最后更新：15:34:51,,,,0,[],0,0,N,,,buy,buy
2026-07-02 10:17:49,123122,富瀚转债,fhzz,130.054,-1.53,300613,富瀚微,fhw,74.15,-4.61,5.74,91.5,81.04,0,60.48,190.53,270104,电子,szcy,C,2021-08-24,[],0,0,buy,A+,,64.05,118.95,3.6,buy,2027-08-06,1.096,5.801,7084.72,123294.75,9.32,-9.36,,0,15:33:54,00,Y,N,0,0,Y,,2022-02-14 开始转股,计算使用1.1年期 评级为A+ 债参考YTM：4.2029,N,5.812,全价：130.054 最后更新：15:33:54,,,,0,{'M': ''},0,0,N,,,buy,buy
2026-07-02 10:17:49,127054,双箭转债,sjzz,123.299,0.47,002381,双箭股份,sjgf,5.33,0.76,1.01,6.96,76.58,0,61.01,184.31,220602,基础化工,szmb,C,2022-03-15,[],0,0,buy,AA,,4.872,9.048,29.9,buy,2028-02-11,1.614,5.136,2442.47,2579.3,3.85,-4.9,,0,15:34:27,00,Y,N,0,0,Y,,2022-08-17 开始转股,计算使用1.7年期 评级为AA 债参考YTM：1.6581,N,5.136,全价：123.299 最后更新：15:34:27,,,,1,[],0,0,N,,,buy,buy
2026-07-02 10:17:49,123119,康泰转2,ktz2,121.396,0.23,300601,康泰生物,ktsw,11.73,-1.76,1.36,15.69,74.76,0,62.38,183.78,370303,医药生物,szcy,C,2021-08-05,[],0,0,buy,AA,,10.983,20.397,18.9,buy,2027-07-15,1.036,19.99,6968.55,21342.43,2.88,-6.15,,0,15:33:54,00,Y,N,5,5,Y,转股价下修5次，成功下修5次,2022-01-21 开始转股,计算使用1.1年期 评级为AA 债参考YTM：1.5984,N,20.0,全价：121.396 最后更新：15:33:54,,,,1,{'M': ''},0,0,N,,,buy,buy
2026-07-02 10:17:49,111021,奥锐转债,arzz,133.783,0.36,605116,奥锐特,art,20.2,2.23,3.02,24.6,82.11,0,62.92,196.7,370101,医药生物,shmb,C,2024-08-15,[],0,0,buy,AA-,,17.22,31.98,9.9,buy,2030-07-26,4.069,8.121,3918.17,11335.85,3.6,-2.75,,0,14:59:07,00,Y,N,0,0,Y,,2025-02-05 开始转股,计算使用4.1年期 评级为AA- 债参考YTM：2.4509,N,8.121,全价：133.783 最后更新：14:59:07,,,,0,[],0,0,N,,,buy,buy
2026-07-02 10:17:49,123259,锦浪转02,jlz02,177.015,-2.74,300763,锦浪科技,jlkj,78.48,-4.9,3.43,72.35,108.47,0,63.19,240.21,630503,电力设备,szcy,C,2025-11-06,[],0,0,buy,AA,,50.645,94.055,6.6,buy,2031-10-17,5.296,16.763,11879.18,118661.76,3.97,-8.02,,0,15:34:36,00,Y,N,1,1,Y,转股价下修1次，成功下修1次,2026-04-23 开始转股,计算使用5.3年期 评级为AA 债参考YTM：2.0589,N,16.766,全价：177.015 最后更新：15:34:36,,,,0,"{'G': '本次（2026年4月23日至2026年5月20日）不提前赎回，以2027年5月21日为首个交易日重新计算', 'M': '', 'EX': '实际控制人及其一致行动人竞价减持10.06% 2026年06月23日公告'}",0,0,N,,,buy,buy
2026-07-02 10:17:49,123157,科蓝转债,klzz,124.624,-0.82,300663,科蓝软件,klrj,6.72,-3.03,8.56,8.8,76.36,0,63.2,187.82,710401,计算机,szcy,C,2022-09-20,[],0,0,buy,A-,,6.16,11.44,7.6,buy,2028-08-30,2.164,2.34,2745.48,14264.34,9.37,-2.24,,0,15:34:09,00,Y,N,2,2,Y,转股价下修2次，成功下修2次,2023-03-06 开始转股,计算使用2.2年期 评级为A- 债参考YTM：9.1023,N,4.946,全价：124.624 最后更新：15:34:09,,,,0,{'M': ''},0,0,N,,,buy,buy
2026-07-02 10:17:49,123214,东宝转债,dbzz,128.577,-0.7,300239,东宝生物,dbsw,5.21,-2.8,1.78,6.62,78.7,0,63.37,191.95,370304,医药生物,szcy,C,2023-08-18,[],0,0,buy,A+,,4.634,8.606,14.8,buy,2029-07-31,3.082,4.549,2109.96,8773.43,3.59,-2.95,,0,15:34:36,00,Y,N,0,0,Y,,2024-02-05 开始转股,计算使用3.1年期 评级为A+ 债参考YTM：4.6884,N,4.55,全价：128.577 最后更新：15:34:36,,,,0,[],0,0,N,,,buy,buy
2026-07-02 10:17:49,123224,宇邦转债,ybzz,131.937,-0.49,301266,宇邦新材,ybxc,22.6,-2.63,1.73,28.17,80.23,0,64.45,196.39,630504,电力设备,szcy,C,2023-10-18,[],0,0,buy,A+,,19.719,36.621,9.3,buy,2029-09-19,3.219,2.848,4725.17,9738.73,12.52,-3.04,,0,15:34:45,00,Y,N,1,1,Y,转股价下修1次，成功下修1次,2024-03-25 开始转股,计算使用3.3年期 评级为A+ 债参考YTM：4.7266,N,5.0,全价：131.937 最后更新：15:34:45,,,,0,{'M': ''},0,0,N,,,buy,buy
2026-07-02 10:17:49,123133,佩蒂转债,pdzz,129.9,0.24,300673,佩蒂股份,pdgf,13.66,-3.12,1.79,17.33,78.82,0,64.8,194.7,110404,农林牧渔,szcy,C,2022-01-21,[],0,0,buy,AA-,,12.131,22.529,32.8,buy,2027-12-22,1.474,7.198,3995.55,7259.02,4.27,-6.94,,0,15:33:54,00,Y,N,2,1,Y,转股价下修2次，成功下修1次,2022-06-28 开始转股,计算使用1.5年期 评级为AA- 债参考YTM：1.9333,Y,7.2,全价：129.900 最后更新：15:33:54,,,"按下调到底估算
股东大会：2026-07-10
预估转股价：13.87
预估转股价值：98.49
期权价值：17.69
理论价值：131.48
理论偏离度：-1.22%",1,[],0,0,N,,,buy,buy
2026-07-02 10:17:49,118064,联瑞转债,lrzz,547.673,-6.9,688300,联瑞新材,lrxc,208.78,-9.62,27.55,63.05,331.13,12,65.39,613.06,220901,基础化工,shkc,C,2026-01-28,[],0,0,buy,AA,,44.135,81.965,1.4,buy,2032-01-07,5.521,6.95,60947.16,216163.58,15.6,-24.98,,0,14:59:59,00,Y,N,0,0,Y,,未到转股期；2026-07-14 开始转股,计算使用5.6年期 评级为AA 债参考YTM：2.1103,N,6.95,全价：547.673 最后更新：14:59:59,,,,0,{'M': ''},0,0,N,,,buy,buy
2026-07-02 10:17:49,113053,隆22转债,l22zz,121.184,0.27,601012,隆基绿能,ljln,12.78,-3.11,1.9,17.5,73.03,0,65.94,187.12,630502,电力设备,shmb,C,2022-02-17,[],0,0,buy,AAA,,12.25,22.75,7.2,buy,2028-01-05,1.512,69.951,16406.66,200034.4,1.93,-7.07,,0,14:59:51,00,Y,N,1,1,Y,转股价下修1次，成功下修1次,2022-07-11 开始转股,计算使用1.6年期 评级为AAA 债参考YTM：1.5439,N,70.0,全价：121.184 最后更新：14:59:51,,,,1,{'M': ''},0,0,N,,,buy,buy
2026-07-02 10:17:49,123268,本川转债,bczz,255.396,-1.12,300964,本川智能,bczn,83.0,3.25,8.69,54.13,153.34,113,66.56,321.96,270202,电子,szcy,C,2026-05-07,[],0,0,buy,AA-,,37.891,70.369,6.5,buy,2032-04-16,5.795,4.69,144766.46,89931.95,116.62,-12.5,,0,15:34:18,00,Y,N,0,0,Y,,未到转股期；2026-10-23 开始转股,计算使用5.8年期 评级为AA- 债参考YTM：3.2850,N,4.69,全价：255.396 最后更新：15:34:18,,,,0,{'M': ''},0,0,N,,,buy,buy
2026-07-02 10:17:49,127031,洋丰转债,yfzz,120.25,2.07,000902,新洋丰,xyf,12.09,1.34,1.23,16.89,71.58,0,67.99,188.24,220805,基础化工,szmb,C,2021-04-23,[],0,0,buy,AA,,11.823,21.957,7.2,buy,2027-03-25,0.729,9.999,4968.09,24886.26,4.16,-9.45,,0,15:34:09,00,Y,N,1,1,Y,转股价下修1次，成功下修1次,2021-10-08 开始转股,计算使用0.8年期 评级为AA 债参考YTM：1.5766,N,10.0,全价：120.250 最后更新：15:34:09,,,,1,{'M': ''},0,0,N,,,buy,buy
2026-07-02 10:17:49,118037,上声转债,sszz,127.901,0.23,688533,上声电子,ssdz,21.78,1.68,1.98,28.64,76.05,0,68.19,196.09,280206,汽车,shkc,C,2023-08-01,[],0,0,buy,A+,,20.048,37.232,13.0,buy,2029-07-06,3.014,4.679,1741.07,3514.43,2.9,-3.38,,0,14:59:51,00,Y,N,2,1,Y,转股价下修2次，成功下修1次,2024-01-12 开始转股,计算使用3.1年期 评级为A+ 债参考YTM：4.6884,N,5.2,全价：127.901 最后更新：14:59:51,,,,0,{'M': ''},0,0,N,,,buy,buy
2026-07-02 10:17:49,123215,铭利转债,mlzz,124.288,-0.11,301268,铭利达,mld,14.14,-0.77,3.58,19.2,73.65,0,68.76,193.05,640108,机械设备,szcy,C,2023-08-23,[],0,0,buy,A+,,13.44,24.96,16.7,buy,2029-08-03,3.09,8.555,3576.19,6644.11,3.36,-0.48,,0,15:34:39,00,Y,N,1,1,Y,转股价下修1次，成功下修1次,2024-02-19 开始转股,计算使用3.1年期 评级为A+ 债参考YTM：4.6884,N,10.0,全价：124.288 最后更新：15:34:39,,,,0,{'M': ''},0,0,N,,,buy,buy
2026-07-02 10:17:49,127111,金威转债,jwzz,125.066,-1.11,002626,金达威,jdw,14.16,1.07,1.93,19.19,73.79,0,69.49,194.56,340407,食品饮料,szmb,C,2025-09-08,[],0,0,buy,AA,,13.433,24.947,15.0,buy,2031-08-20,5.137,12.924,11113.97,7531.12,6.84,-1.89,,0,15:34:15,00,Y,N,0,0,Y,,2026-02-26 开始转股,计算使用5.2年期 评级为AA 债参考YTM：2.0434,N,12.924,全价：125.066 最后更新：15:34:15,,,,0,{'M': ''},0,0,N,,,buy,buy
2026-07-02 10:17:49,118065,艾为转债,awzz,154.084,-0.91,688798,艾为电子,awdz,72.06,-3.25,3.9,79.4,90.76,26,69.78,223.86,270105,电子,shkc,C,2026-02-26,[],0,0,buy,AA+,,55.58,103.22,19.4,buy,2032-01-22,5.562,19.01,8846.44,39673.83,2.97,-5.58,,0,14:59:52,00,Y,N,0,0,Y,,未到转股期；2026-07-28 开始转股,计算使用5.6年期 评级为AA+ 债参考YTM：1.8930,N,19.01,全价：154.084 最后更新：14:59:52,,,,0,{'M': ''},0,0,N,,,buy,buy
2026-07-02 10:17:49,113694,清源转债,qyzz,125.361,-0.01,603628,清源股份,qygf,9.45,-0.84,1.94,12.82,73.71,0,70.07,195.43,630504,电力设备,shmb,C,2025-04-25,[],0,0,buy,A+,,8.974,16.666,19.4,buy,2031-04-08,4.77,4.999,2033.39,3559.15,3.24,-1.16,,0,14:59:13,00,Y,N,0,0,Y,,2025-10-14 开始转股,计算使用4.8年期 评级为A+ 债参考YTM：4.9315,N,5.0,全价：125.361 最后更新：14:59:13,,,,0,{'M': ''},0,0,N,,,buy,buy
2026-07-02 10:17:49,118020,芳源转债,fyzz,114.87,0.31,688148,芳源股份,fygf,9.44,2.28,8.78,14.0,67.43,0,70.36,185.23,630702,电力设备,shkc,C,2022-11-07,[],0,0,buy,BBB,,9.8,18.2,13.3,buy,2028-09-23,2.23,6.417,2811.45,33209.87,3.81,4.38,,0,14:59:55,00,Y,N,1,1,Y,转股价下修1次，成功下修1次,2023-03-29 开始转股,计算使用2.3年期 评级为BBB 债参考YTM：15.3932,N,6.42,全价：114.870 最后更新：14:59:55,,,,0,{'M': ''},0,0,N,,,buy,buy
2026-07-02 10:17:49,113698,凯众转债,kzzz,138.384,0.94,603037,凯众股份,kzgf,10.17,0.49,2.64,12.55,81.04,0,70.77,209.15,280203,汽车,shmb,C,2025-09-10,[],0,0,buy,AA-,,8.785,16.315,11.4,buy,2031-08-15,5.123,3.079,4560.28,4762.8,10.72,-3.81,,0,14:59:47,00,Y,N,0,0,Y,,2026-02-24 开始转股,计算使用5.2年期 评级为AA- 债参考YTM：2.7086,N,3.08,全价：138.384 最后更新：14:59:47,,,,0,[],0,0,N,,,buy,buy
2026-07-02 10:17:49,123155,中陆转债,zlzz,126.872,-1.63,301040,中环海陆,zhhl,23.57,-5.46,3.04,31.76,74.21,0,70.96,197.83,630602,电力设备,szcy,C,2022-08-31,[],0,0,buy,A+,,22.232,41.288,16.2,buy,2028-08-12,2.115,3.6,4033.78,8299.75,8.79,-2.94,,0,15:34:06,00,Y,N,0,0,Y,,2023-02-20 开始转股,计算使用2.2年期 评级为A+ 债参考YTM：4.4023,N,3.6,全价：126.872 最后更新：15:34:06,,,,0,{'M': ''},0,0,N,,,buy,buy
2026-07-02 10:17:49,113674,华设转债,hszz,127.697,-0.17,603018,华设集团,hsjt,5.18,-0.77,0.78,6.95,74.53,0,71.33,199.03,620601,建筑装饰,shmb,C,2023-08-15,[],0,0,buy,AA,,4.865,9.035,9.4,buy,2029-07-21,3.055,3.999,1935.65,3665.14,3.79,-3.08,,0,14:59:51,00,Y,N,0,0,Y,,2024-01-29 开始转股,计算使用3.1年期 评级为AA 债参考YTM：1.7804,N,4.0,全价：127.697 最后更新：14:59:51,,,,0,{'M': ''},0,0,N,,,buy,buy
2026-07-02 10:17:49,127049,希望转2,xwz2,111.361,0.79,000876,新希望,xxw,6.86,-0.58,1.41,10.59,64.78,0,71.91,183.27,110402,农林牧渔,szmb,C,2021-11-29,[],0,0,buy,AAA,,7.413,13.767,26.4,buy,2027-11-02,1.337,81.434,21707.88,77274.74,2.4,-1.88,,0,15:34:24,00,Y,N,1,1,Y,转股价下修1次，成功下修1次,2022-05-09 开始转股,计算使用1.4年期 评级为AAA 债参考YTM：1.5216,N,81.5,全价：111.361 最后更新：15:34:24,,,,1,{'M': ''},0,0,N,,,buy,buy
2026-07-02 10:17:49,113692,保隆转债,blzz,127.808,0.68,603197,保隆科技,blkj,29.11,2.93,1.91,39.16,74.34,0,71.93,199.74,280205,汽车,shmb,C,2024-11-27,[],0,0,buy,AA,,27.412,50.908,22.6,buy,2030-10-31,4.334,13.897,6583.1,12487.45,3.69,-2.76,,0,14:59:51,00,Y,N,0,0,Y,,2025-05-06 开始转股,计算使用4.4年期 评级为AA 债参考YTM：1.9460,N,13.9,全价：127.808 最后更新：14:59:51,,,,0,{'M': ''},0,0,N,,,buy,buy
2026-07-02 10:17:49,127069,小熊转债,xxzz,127.906,0.3,002959,小熊电器,xxdq,32.5,-0.15,1.62,43.71,74.35,0,72.02,199.93,330301,家用电器,szmb,C,2022-09-07,[],0,0,buy,AA-,,30.597,56.823,11.1,buy,2028-08-12,2.115,5.041,2404.81,2846.18,3.73,-3.39,,0,15:34:39,00,Y,N,1,1,Y,转股价下修1次，成功下修1次,2023-02-20 开始转股,计算使用2.2年期 评级为AA- 债参考YTM：2.0616,N,5.36,全价：127.906 最后更新：15:34:39,,,,0,{'M': ''},0,0,N,,,buy,buy
2026-07-02 10:17:49,123144,裕兴转债,yxzz,119.218,-0.35,300305,裕兴股份,yxgf,5.88,0.0,1.1,8.5,69.18,0,72.34,191.56,220505,基础化工,szcy,C,2022-04-27,[],0,0,buy,A,,5.95,11.05,31.7,buy,2028-04-11,1.778,5.997,3720.67,12173.89,5.16,-1.06,,0,15:33:57,00,Y,N,1,1,Y,转股价下修1次，成功下修1次,2022-10-17 开始转股,计算使用1.8年期 评级为A 债参考YTM：6.6736,N,6.0,全价：119.218 最后更新：15:33:57,,,,1,[],0,0,N,,,buy,buy
2026-07-02 10:17:49,110086,精工转债,jgzz,121.138,1.18,600496,精工钢构,jggg,3.21,2.88,0.67,4.57,70.24,0,72.46,193.6,620401,建筑装饰,shmb,C,2022-05-23,[],0,0,buy,AA,,3.199,5.941,31.3,buy,2028-04-22,1.808,19.999,9464.84,15540.57,3.94,-3.43,,0,14:59:55,00,Y,N,0,0,Y,,2022-10-28 开始转股,计算使用1.9年期 评级为AA 债参考YTM：1.6789,N,20.0,全价：121.138 最后更新：14:59:55,,,,1,{'M': ''},0,0,N,,,buy,buy
2026-07-02 10:17:49,113665,汇通转债,htzz,119.519,0.0,603176,汇通集团,htjt,4.35,-0.46,1.84,6.28,69.27,0,72.55,192.07,620306,建筑装饰,shmb,C,2023-01-11,[],0,0,buy,A+,,4.396,8.164,17.9,buy,2028-12-15,2.458,3.596,4324.8,1703.08,10.0,-0.35,,0,14:59:51,00,Y,N,1,1,Y,转股价下修1次，成功下修1次,2023-06-21 开始转股,计算使用2.5年期 评级为A+ 债参考YTM：4.4934,N,3.6,全价：119.519 最后更新：14:59:51,,,,0,[],0,0,N,,,buy,buy
2026-07-02 10:17:49,123112,万讯转债,wxzz,128.497,0.41,300112,万讯自控,wxzk,6.19,-2.67,1.81,8.32,74.4,0,72.71,201.21,640107,机械设备,szcy,C,2021-04-23,[],0,0,buy,AA-,,5.824,10.816,15.4,buy,2027-04-08,0.767,2.265,1541.05,5045.45,5.31,-10.69,,0,15:34:51,00,Y,N,1,0,Y,转股价下修1次，成功下修0次,2021-10-14 开始转股,计算使用0.8年期 评级为AA- 债参考YTM：1.8180,Y,2.457,全价：128.497 最后更新：15:34:51,,,"按下调到底估算
股东大会：2026-07-10
预估转股价：6.64
预估转股价值：93.22
期权价值：7.55
理论价值：123.93
理论偏离度：3.55%",1,[],0,0,N,,,buy,buy
2026-07-02 10:17:49,111004,明新转债,mxzz,123.718,0.9,605068,明新旭腾,mxxt,17.37,0.29,1.67,24.41,71.16,0,73.86,197.58,280202,汽车,shmb,C,2022-04-25,[],0,0,buy,AA-,,17.087,31.733,23.8,buy,2028-03-30,1.745,6.715,7004.07,5508.64,8.43,-2.95,,0,14:59:27,00,Y,N,0,0,N,2026-06-29 至 2026-07-03 期间暂停转股：权益分派,2022-10-10 开始转股;2026-06-29 至 2026-07-03 期间暂停转股：权益分派,计算使用1.8年期 评级为AA- 债参考YTM：1.9849,N,6.73,全价：123.718 最后更新：14:59:27,,,,1,[],0,0,N,,,buy,buy
2026-07-02 10:17:49,113699,金25转债,j25zz,169.226,3.42,603979,金诚信,jcx,61.7,5.22,3.31,63.46,97.23,0,74.05,243.28,240302,有色金属,shmb,C,2025-10-27,[],0,0,buy,AA,,44.422,82.498,5.2,buy,2031-09-26,5.238,19.998,44951.89,127977.74,13.2,-7.11,,0,14:59:58,00,Y,N,0,0,N,2026-07-01 至 2026-07-08 期间暂停转股：权益分派,2026-04-10 开始转股;2026-07-01 至 2026-07-08 期间暂停转股：权益分派,计算使用5.3年期 评级为AA 债参考YTM：2.0589,N,20.0,全价：169.226 最后更新：14:59:58,,,,0,{'M': ''},0,0,N,,,buy,buy
2026-07-02 10:17:49,123271,通合转债,thzz,180.4,-4.3,300491,通合科技,thkj,34.34,-5.56,5.05,33.18,103.5,159,74.31,254.71,630306,电力设备,szcy,C,2026-06-17,[],0,0,buy,AA,,23.226,43.134,9.6,buy,2032-06-01,5.921,5.219,23172.49,32652.0,23.94,-6.89,,0,15:34:48,00,Y,N,0,0,Y,,未到转股期；2026-12-08 开始转股,计算使用6.0年期 评级为AA 债参考YTM：2.1800,N,5.22,全价：180.400 最后更新：15:34:48,,,,0,[],0,0,N,,,buy,buy
2026-07-02 10:17:49,123263,鼎捷转债,djzz,143.987,-1.04,300378,鼎捷数智,djsz,35.7,-5.15,4.12,43.42,82.22,0,75.12,219.11,710402,计算机,szcy,C,2025-12-31,[],0,0,buy,AA,,,56.446,8.6,buy,2031-12-15,5.458,8.275,9405.15,56306.89,7.84,-4.31,,0,15:34:30,00,Y,N,0,0,Y,,2026-06-22 开始转股,计算使用5.5年期 评级为AA 债参考YTM：2.0926,N,8.28,全价：143.987 最后更新：15:34:30,,,,0,{'M': ''},0,0,N,,,buy,buy
2026-07-02 10:17:49,127059,永东转2,ydz2,125.945,-0.04,002753,永东股份,ydgf,5.83,0.17,0.93,8.11,71.89,0,75.2,201.15,220603,基础化工,szmb,C,2022-05-16,[],0,0,buy,AA-,,5.677,10.543,22.0,buy,2028-04-08,1.77,3.79,2155.4,2615.65,4.5,-4.12,,0,15:34:33,00,Y,N,0,0,Y,,2022-10-14 开始转股,计算使用1.8年期 评级为AA- 债参考YTM：1.9849,N,3.8,全价：125.945 最后更新：15:34:33,,,,1,[],0,0,N,,,buy,buy
2026-07-02 10:17:49,123104,卫宁转债,wnzz,127.98,-0.01,300253,卫宁健康,wnjk,6.89,-1.85,2.71,9.44,72.99,0,75.35,203.33,710401,计算机,szcy,C,2021-03-31,[],0,0,buy,AA,,6.608,12.272,7.6,buy,2027-03-16,0.704,9.699,5621.74,40879.77,4.54,-8.89,,0,15:34:51,00,Y,N,2,1,Y,转股价下修2次，成功下修1次,2021-09-22 开始转股,计算使用0.8年期 评级为AA 债参考YTM：1.5766,Y,9.703,全价：127.980 最后更新：15:34:51,,,"按下调到底估算
股东大会：2026-07-08
预估转股价：7.10
预估转股价值：97.04
期权价值：15.99
理论价值：134.68
理论偏离度：-5.24%",1,{'M': ''},0,0,N,,,buy,buy
2026-07-02 10:17:49,111018,华康转债,hkzz,122.79,0.4,605077,华康股份,hkgf,11.09,1.19,1.03,15.96,69.49,0,76.71,199.5,220315,基础化工,shmb,C,2024-01-15,[],0,0,buy,AA-,,11.172,20.748,39.2,buy,2029-12-25,3.485,13.022,5838.49,6519.48,3.66,-0.84,,0,14:59:54,00,Y,N,0,0,Y,,2024-07-01 开始转股,计算使用3.5年期 评级为AA- 债参考YTM：2.3951,N,13.03,全价：122.790 最后更新：14:59:54,,,,0,[],0,0,N,,,buy,buy
2026-07-02 10:17:49,111024,澳弘转债,ahzz,171.931,-1.59,605058,澳弘电子,ahdz,32.47,-3.25,2.52,33.54,96.81,0,77.6,249.53,270202,电子,shmb,C,2026-01-16,[],0,0,buy,AA-,,23.478,43.602,12.5,buy,2031-12-11,5.447,5.799,7087.3,14384.52,7.01,-7.1,,0,15:00:00,00,Y,N,0,0,Y,,2026-06-17 开始转股,计算使用5.5年期 评级为AA- 债参考YTM：2.9847,N,5.8,全价：171.931 最后更新：15:00:00,,,,0,[],0,0,N,,,buy,buy
2026-07-02 10:17:49,118052,浩瀚转债,hhzz,137.307,0.7,688292,浩瀚深度,hhsd,18.68,0.43,2.94,24.2,77.19,0,77.88,215.19,710103,计算机,shkc,C,2025-04-07,[],0,0,buy,A+,,16.94,31.46,12.0,buy,2031-03-13,4.699,3.539,4033.54,7912.03,8.28,-2.93,,0,14:59:59,00,Y,N,0,0,Y,,2025-09-19 开始转股,计算使用4.7年期 评级为A+ 债参考YTM：4.9136,N,3.54,全价：137.307 最后更新：14:59:59,,,,0,{'M': ''},0,0,N,,,buy,buy
2026-07-02 10:17:49,118015,芯海转债,xhzz,133.16,-0.18,688595,芯海科技,xhkj,41.2,-1.22,8.33,55.22,74.61,0,78.47,211.63,270104,电子,shkc,C,2022-08-18,[],0,0,buy,A+,,38.654,71.786,6.9,buy,2028-07-21,2.055,4.1,3208.75,34195.37,5.86,-5.38,,0,14:59:52,00,Y,N,0,0,Y,,2023-01-30 开始转股,计算使用2.1年期 评级为A+ 债参考YTM：4.3784,N,4.1,全价：133.160 最后更新：14:59:52,,,,0,{'M': ''},0,0,N,,,buy,buy
2026-07-02 10:17:49,113616,韦尔转债,wezz,114.118,0.97,603501,豪威集团,hwjt,101.27,4.28,3.86,159.02,63.68,0,79.19,193.31,270104,电子,shmb,C,2021-01-22,[],0,0,buy,AA+,,111.314,206.726,2.0,buy,2026-12-28,0.49,24.324,21698.27,747540.42,7.78,-7.36,,0,14:59:51,00,Y,N,0,0,Y,,2021-07-05 开始转股,计算使用0.5年期 评级为AA+ 债参考YTM：1.4896,N,24.4,全价：114.118 最后更新：14:59:51,,,,0,{'M': ''},0,0,N,,,buy,buy
2026-07-02 10:17:49,127102,浙建转债,zjzz,118.634,-0.56,002761,浙江建投,zjjt,6.75,0.15,0.84,10.22,66.05,0,79.62,198.25,620101,建筑装饰,szmb,C,2024-01-16,[],0,0,buy,AA+,,7.154,13.286,13.6,buy,2029-12-25,3.485,9.951,4154.01,5675.07,3.51,-1.69,,0,15:34:42,00,Y,N,0,0,Y,,2024-07-01 开始转股,计算使用3.5年期 评级为AA+ 债参考YTM：1.7126,N,10.0,全价：118.634 最后更新：15:34:42,,,,0,{'M': ''},0,0,N,,,buy,buy
2026-07-02 10:17:49,127083,山路转债,slzz,116.141,0.36,000498,山东路桥,sdlq,4.89,1.03,0.28,7.61,64.26,0,80.74,196.88,620306,建筑装饰,szmb,C,2023-04-26,[],0,0,buy,AAA,,5.327,9.893,68.2,buy,2029-03-24,2.729,48.359,3727.45,4166.05,0.67,-1.57,,0,15:34:36,00,Y,N,0,0,N,2026-06-24 至 2026-07-03 期间暂停转股：权益分派,2023-10-09 开始转股;2026-06-24 至 2026-07-03 期间暂停转股：权益分派,计算使用2.8年期 评级为AAA 债参考YTM：1.6244,N,48.36,全价：116.141 最后更新：15:34:36,,,,0,{'M': ''},0,0,N,,,buy,buy
2026-07-02 10:17:49,128138,侨银转债,qyzz,129.9,0.27,002973,侨银股份,qygf,10.52,1.15,1.64,14.64,71.86,0,80.77,210.67,760103,环保,szmb,C,2020-12-24,[],0,0,buy,A+,,10.248,19.032,12.6,buy,2026-11-17,0.378,4.199,8967.51,9920.45,16.43,0.21,,0,15:34:30,00,Y,N,3,2,Y,转股价下修3次，成功下修2次,2021-05-24 开始转股,计算使用0.4年期 评级为A+ 债参考YTM：4.0849,Y,4.2,全价：129.900 最后更新：15:34:30,,,"按下调到底估算
股东大会：2026-07-17
预估转股价：12.02
预估转股价值：87.52
期权价值：4.12
理论价值：132.17
理论偏离度：-1.75%",1,[],0,0,N,,,buy,buy
2026-07-02 10:17:49,123223,九典转02,jdz02,130.0,0.86,300705,九典制药,jdzy,10.45,1.95,1.94,14.55,71.82,0,81.0,211.0,370102,医药生物,szcy,C,2023-10-13,[],0,0,buy,A+,,10.185,18.915,5.3,buy,2029-09-15,3.208,2.053,1618.48,10790.95,6.08,-3.04,,0,15:34:42,00,Y,N,0,0,Y,,2024-03-21 开始转股,计算使用3.3年期 评级为A+ 债参考YTM：4.7266,N,3.6,全价：130.000 最后更新：15:34:42,,,,0,[],0,0,N,,,buy,buy
2026-07-02 10:17:49,123220,易瑞转债,yrzz,128.438,1.0,300942,易瑞生物,yrsw,6.26,1.62,2.84,8.85,70.73,0,81.58,210.02,370504,医药生物,szcy,C,2023-09-06,[],0,0,buy,A+,,6.195,11.505,11.5,buy,2029-08-18,3.132,2.907,1801.18,6896.81,4.83,-2.48,,0,15:34:12,00,Y,N,1,1,Y,转股价下修1次，成功下修1次,2024-02-26 开始转股,计算使用3.2年期 评级为A+ 债参考YTM：4.7098,N,3.28,全价：128.438 最后更新：15:34:12,,,,0,{'M': ''},0,0,N,,,buy,buy
2026-07-02 10:17:49,110100,龙建转债,ljzz,122.162,0.66,600853,龙建股份,ljgf,3.11,0.0,0.76,4.63,67.17,26,81.87,204.03,620306,建筑装饰,shmb,C,2026-02-12,[],0,0,buy,AA,,3.241,6.019,31.7,buy,2032-01-21,5.559,10.0,3360.15,2603.78,2.76,-1.33,,0,14:59:51,00,Y,N,0,0,Y,,未到转股期；2026-07-28 开始转股,计算使用5.6年期 评级为AA 债参考YTM：2.1103,N,10.0,全价：122.162 最后更新：14:59:51,,,,0,[],0,0,N,,,buy,buy
2026-07-02 10:17:49,113696,伯25转债,b25zz,130.347,1.06,603596,伯特利,btl,25.14,0.04,2.74,35.16,71.5,0,82.3,212.65,280203,汽车,shmb,C,2025-07-28,[],0,0,buy,AA,,24.612,45.708,12.4,buy,2031-07-01,5.0,28.017,11801.22,47399.48,3.2,-2.78,,0,14:59:45,00,Y,N,0,0,Y,,2026-01-07 开始转股,计算使用5.0年期 评级为AA 债参考YTM：2.0164,N,28.02,全价：130.347 最后更新：14:59:45,,,,0,{'M': ''},0,0,N,,,buy,buy
2026-07-02 10:17:49,118063,金05转债,j05zz,163.939,-4.67,688676,金盘科技,jpkj,79.0,-6.43,6.78,88.6,89.17,0,83.86,247.8,630801,电力设备,shkc,C,2026-01-14,[],0,0,buy,AA+,,62.02,115.18,4.6,buy,2031-12-25,5.485,16.709,10903.42,99705.22,3.88,-6.86,,0,15:00:00,00,Y,N,0,0,Y,,2026-07-01 开始转股,计算使用5.5年期 评级为AA+ 债参考YTM：1.8864,N,16.71,全价：163.939 最后更新：15:00:00,,,,0,{'M': ''},0,0,N,,,buy,buy
2026-07-02 10:17:49,113702,斯达转债,sdzz,243.348,-6.54,603290,斯达半导,sdbd,136.89,-9.88,4.71,104.79,130.63,112,86.28,329.63,270102,电子,shmb,C,2026-05-11,[],0,0,buy,AA+,,73.353,136.227,4.6,buy,2032-04-15,5.792,15.0,65160.63,254916.87,17.59,-12.72,,0,14:59:59,00,Y,N,0,0,Y,,未到转股期；2026-10-22 开始转股,计算使用5.8年期 评级为AA+ 债参考YTM：1.9061,N,15.0,全价：243.348 最后更新：14:59:59,,,,0,{'M': ''},0,0,N,,,buy,buy
2026-07-02 10:17:49,123173,恒锋转债,hfzz,128.8,-0.03,300605,恒锋信息,hfxx,9.42,-2.38,3.39,13.77,68.41,0,88.28,217.08,710401,计算机,szcy,C,2023-02-08,[],0,0,buy,BBB+,,9.639,17.901,19.6,buy,2028-12-30,2.499,2.331,1496.75,5687.49,4.99,-3.08,,0,15:34:18,00,Y,N,1,0,Y,转股价下修1次，成功下修0次,2023-07-06 开始转股,计算使用2.5年期 评级为BBB+ 债参考YTM：12.3572,Y,2.424,全价：128.800 最后更新：15:34:18,,,"按下调到底估算
股东大会：2026-07-09
预估转股价：10.06
预估转股价值：93.64
期权价值：25.67
理论价值：115.45
理论偏离度：10.36%",0,[],0,0,N,,,buy,buy
2026-07-02 10:17:49,113627,太平转债,tpzz,116.423,1.19,603877,太平鸟,tpn,12.61,3.28,1.28,20.58,61.27,0,90.01,206.43,350209,纺织服饰,shmb,C,2021-08-06,[],0,0,buy,AA,,14.406,26.754,13.5,buy,2027-07-15,1.036,7.997,8695.32,3367.71,9.38,-3.91,,0,14:58:53,00,Y,N,1,1,Y,转股价下修1次，成功下修1次,2022-01-21 开始转股,计算使用1.1年期 评级为AA 债参考YTM：1.5984,N,8.0,全价：116.423 最后更新：14:58:53,,,,0,{'M': ''},0,0,N,,,buy,buy
2026-07-02 10:17:49,113655,欧22转债,o22zz,119.069,0.31,603833,欧派家居,opjj,32.25,3.17,1.04,51.54,62.57,0,90.29,209.36,360308,轻工制造,shmb,C,2022-09-01,[],0,0,buy,AA,,36.078,67.002,10.2,buy,2028-08-05,2.096,19.999,5865.43,15828.16,2.46,-1.56,,0,14:59:49,00,Y,N,1,1,Y,转股价下修1次，成功下修1次,2023-02-13 开始转股,计算使用2.1年期 评级为AA 债参考YTM：1.6985,N,20.0,全价：119.069 最后更新：14:59:49,,,,0,{'M': ''},0,0,N,,,buy,buy
2026-07-02 10:17:49,113647,禾丰转债,hfzz,117.482,-0.2,603609,禾丰股份,hfgf,6.2,0.32,0.85,10.09,61.45,0,91.19,208.67,110402,农林牧渔,shmb,C,2022-05-18,[],0,0,buy,AA,,7.063,13.117,26.0,buy,2028-04-22,1.808,14.669,5755.21,3268.47,3.35,-1.76,,0,14:59:51,00,Y,N,0,0,N,2026-06-26 至 2026-07-02 期间暂停转股：回售,2022-10-28 开始转股;2026-06-26 至 2026-07-02 期间暂停转股：回售,计算使用1.9年期 评级为AA 债参考YTM：1.6789,N,15.0,全价：117.482 最后更新：14:59:51,,,,0,{'M': ''},0,0,Y,,,buy,buy
2026-07-02 10:17:49,123262,神宇转债,syzz,139.9,0.14,300563,神宇股份,sygf,28.25,-4.98,4.33,38.62,73.15,0,91.25,231.15,730205,通信,szcy,C,2025-12-30,[],0,0,buy,AA-,,27.034,50.206,13.6,buy,2031-12-11,5.447,4.999,6171.22,22674.61,8.84,-3.78,,0,15:34:03,00,Y,N,0,0,Y,,2026-06-17 开始转股,计算使用5.5年期 评级为AA- 债参考YTM：2.9847,N,5.0,全价：139.900 最后更新：15:34:03,,,,0,{'M': ''},0,0,N,,,buy,buy
2026-07-02 10:17:49,123138,丝路转债,slzz,124.35,-0.44,300556,丝路视觉,slsj,17.19,-2.05,4.92,26.53,64.8,0,91.91,216.26,710401,计算机,szcy,C,2022-03-22,[],0,0,buy,A-,,18.571,34.489,12.8,buy,2028-03-02,1.669,2.393,2353.87,20497.97,7.85,-3.39,,0,15:34:06,00,Y,N,0,0,Y,,2022-09-08 开始转股,计算使用1.7年期 评级为A- 债参考YTM：9.0052,N,2.4,全价：124.350 最后更新：15:34:06,,,,1,[],0,0,N,,,buy,buy
2026-07-02 10:17:49,113671,武进转债,wjzz,126.161,0.06,603878,武进不锈,wjbx,5.18,-0.96,1.11,7.88,65.74,0,91.92,218.08,230403,钢铁,shmb,C,2023-08-03,[],0,0,buy,AA,,5.516,10.244,10.6,buy,2029-07-10,3.025,3.093,2805.15,7267.1,7.17,-3.29,,0,14:59:02,00,Y,N,0,0,Y,,2024-01-15 开始转股,计算使用3.1年期 评级为AA 债参考YTM：1.7804,N,3.1,全价：126.161 最后更新：14:59:02,,,,0,[],0,0,N,,,buy,buy
2026-07-02 10:17:49,123264,双乐转债,slzz,124.38,0.06,301036,双乐股份,slgf,23.18,1.27,1.36,36.4,63.68,4,95.32,219.7,220305,基础化工,szcy,C,2026-01-16,[],0,0,buy,AA-,,25.48,47.32,49.5,buy,2031-12-26,5.488,8.0,2198.83,5048.7,2.21,-1.64,,0,15:34:33,00,Y,N,0,0,Y,,未到转股期；2026-07-06 开始转股,计算使用5.5年期 评级为AA- 债参考YTM：2.9847,N,8.0,全价：124.380 最后更新：15:34:33,,,,0,{'M': ''},0,0,N,,,buy,buy
2026-07-02 10:17:49,113656,嘉诚转债,jczz,117.406,-0.29,603535,嘉诚国际,jcgj,6.21,-0.16,1.22,10.35,60.0,0,95.68,213.09,420805,交通运输,shmb,C,2022-10-12,[],0,0,buy,A+,,7.245,13.455,25.2,buy,2028-09-01,2.17,7.998,3724.41,2975.36,3.96,0.44,,0,14:59:51,00,Y,N,0,0,Y,,2023-03-07 开始转股,计算使用2.2年期 评级为A+ 债参考YTM：4.4023,N,8.0,全价：117.406 最后更新：14:59:51,,,,0,[],0,0,N,,,buy,buy
2026-07-02 10:17:49,118066,统联转债,tlzz,135.056,-0.47,688210,统联精密,tljm,38.66,-1.8,4.81,56.2,68.79,66,96.33,231.39,270504,电子,shkc,C,2026-03-20,[],0,0,buy,AA-,,39.34,73.06,9.2,buy,2032-03-02,5.671,5.76,3159.02,16549.78,4.03,-3.03,,0,14:59:58,00,Y,N,0,0,Y,,未到转股期；2026-09-06 开始转股,计算使用5.7年期 评级为AA- 债参考YTM：3.1920,N,5.76,全价：135.056 最后更新：14:59:58,,,,0,{'M': ''},0,0,N,,,buy,buy
2026-07-02 10:17:49,123192,科思转债,kszz,124.627,0.61,300856,科思股份,ksgf,10.98,0.64,1.85,17.32,63.4,0,96.59,221.22,770201,美容护理,szcy,C,2023-05-11,[],0,0,buy,AA-,,12.124,22.516,14.2,buy,2029-04-13,2.784,7.187,2530.44,4668.85,2.83,-1.82,,0,15:34:30,00,Y,N,0,0,Y,,2023-10-19 开始转股,计算使用2.8年期 评级为AA- 债参考YTM：2.2489,N,7.249,全价：124.627 最后更新：15:34:30,,,,0,{'M': ''},0,0,N,,,buy,buy
2026-07-02 10:17:49,118067,上26转债,s26zz,132.795,0.21,688533,上声电子,ssdz,21.78,1.68,1.98,32.25,67.54,84,96.63,229.43,280206,汽车,shkc,C,2026-04-14,[],0,0,buy,A+,,22.575,41.925,9.0,buy,2032-03-17,5.712,3.25,1366.75,3514.43,3.16,-2.09,,0,14:59:52,00,Y,N,0,0,Y,,未到转股期；2026-09-24 开始转股,计算使用5.8年期 评级为A+ 债参考YTM：5.6347,N,3.25,全价：132.795 最后更新：14:59:52,,,,0,{'M': ''},0,0,N,,,buy,buy
2026-07-02 10:17:49,123193,海能转债,hnzz,123.86,-0.73,300787,海能实业,hnsy,9.07,-2.16,1.67,14.5,62.55,0,98.01,221.87,270504,电子,szcy,C,2023-05-09,[],0,0,buy,AA-,,10.15,18.85,33.6,buy,2029-04-13,2.784,5.997,3096.55,5645.31,4.14,-1.6,,0,15:34:21,00,Y,N,0,0,Y,,2023-10-19 开始转股,计算使用2.8年期 评级为AA- 债参考YTM：2.2489,N,6.0,全价：123.860 最后更新：15:34:21,,,,0,[],0,0,N,,,buy,buy
2026-07-02 10:17:49,118042,奥维转债,awzz,128.888,-0.84,688516,奥特维,atw,54.28,-3.93,4.46,83.69,64.86,0,98.72,227.61,630505,电力设备,shkc,C,2023-09-01,[],0,0,buy,AA-,,58.583,108.797,6.7,buy,2029-08-10,3.11,11.399,5162.69,56610.07,3.5,-2.51,,0,14:59:47,00,Y,N,0,0,Y,,2024-02-19 开始转股,计算使用3.2年期 评级为AA- 债参考YTM：2.3578,N,11.4,全价：128.888 最后更新：14:59:47,,,,0,{'M': ''},0,0,N,,,buy,buy
2026-07-02 10:17:49,127056,中特转债,ztzz,117.712,-0.59,000708,中信特钢,zxtg,12.87,0.86,1.44,21.78,59.09,0,99.2,216.91,230501,钢铁,szmb,C,2022-04-15,[],0,0,buy,AAA,,15.246,28.314,7.7,buy,2028-02-25,1.652,49.996,4737.25,18821.98,0.8,-5.35,,0,15:33:54,00,Y,N,0,0,Y,,2022-09-05 开始转股,计算使用1.7年期 评级为AAA 债参考YTM：1.5560,N,50.0,全价：117.712 最后更新：15:33:54,,,,0,{'M': ''},0,0,N,,,buy,buy
2026-07-02 10:17:49,123266,博士转债,bszz,133.638,-0.42,300622,博士眼镜,bsyj,14.43,-1.5,4.86,21.54,66.99,84,99.48,233.12,450401,商贸零售,szcy,C,2026-04-07,[],0,0,buy,AA,,15.078,28.002,11.8,buy,2032-03-17,5.712,3.75,1881.29,8554.96,3.74,-2.55,,0,15:34:39,00,Y,N,0,0,Y,,未到转股期；2026-09-24 开始转股,计算使用5.8年期 评级为AA 债参考YTM：2.1459,N,3.75,全价：133.638 最后更新：15:34:39,,,,0,[],0,0,N,,,buy,buy
2026-07-02 10:17:49,113634,珀莱转债,plzz,123.568,-0.86,603605,珀莱雅,bly,58.91,-2.21,3.64,95.46,61.71,0,100.23,223.8,770202,美容护理,shmb,C,2022-01-04,[],0,0,buy,AA,,66.822,124.098,3.2,buy,2027-12-08,1.436,7.507,4674.78,23997.47,5.03,-3.9,,0,14:59:54,00,Y,N,0,0,Y,,2022-06-14 开始转股,计算使用1.5年期 评级为AA 债参考YTM：1.6371,N,7.517,全价：123.568 最后更新：14:59:54,,,,1,{'M': ''},0,0,N,,,buy,buy
2026-07-02 10:17:49,113648,巨星转债,jxzz,121.017,0.43,603477,XD巨星农,jxnm,14.95,-3.11,2.84,24.84,60.19,0,101.07,222.09,110702,农林牧渔,shmb,C,2022-05-17,[],0,0,buy,AA-,,17.388,32.292,11.8,buy,2028-04-25,1.816,8.997,4281.7,28105.32,3.95,-4.11,,0,14:59:51,00,Y,N,0,0,Y,,2022-10-31 开始转股,计算使用1.9年期 评级为AA- 债参考YTM：2.0020,N,10.0,全价：121.017 最后更新：14:59:51,,,,0,{'M': ''},0,0,Y,,,buy,buy
2026-07-02 10:17:49,123260,卓镁转债,zmzz,137.76,-2.32,301398,星源卓镁,xyzm,35.68,-1.65,3.58,52.15,68.42,0,101.35,239.11,280202,汽车,szcy,C,2025-11-24,[],0,0,buy,A+,,36.505,67.795,11.5,buy,2031-11-07,5.353,4.499,2372.24,5270.45,3.79,-2.76,,0,15:34:24,00,Y,N,0,0,Y,,2026-05-13 开始转股,计算使用5.4年期 评级为A+ 债参考YTM：5.2307,N,4.5,全价：137.760 最后更新：15:34:24,,,,0,{'M': ''},0,0,N,,,buy,buy
2026-07-02 10:17:49,118068,迪威转债,dwzz,153.782,-6.6,688377,迪威尔,dwe,24.77,-2.21,3.03,32.49,76.24,161,101.71,255.49,640203,机械设备,shkc,C,2026-06-30,[],0,0,buy,AA-,,22.743,42.237,15.7,buy,2032-06-03,5.926,9.08,116657.27,7608.51,79.65,-5.02,,0,15:00:00,00,Y,N,0,0,Y,,未到转股期；2026-12-10 开始转股,计算使用6.0年期 评级为AA- 债参考YTM：3.4200,N,9.08,全价：153.782 最后更新：15:00:00,,,,0,{'M': ''},1,0,N,,,buy,buy
2026-07-02 10:17:49,123265,耐普转02,npz02,129.77,-0.18,300818,耐普矿机,npkj,18.94,0.64,2.19,29.5,64.2,20,102.12,231.89,640103,机械设备,szcy,C,2026-01-30,[],0,0,buy,A+,,20.65,38.35,16.7,buy,2032-01-15,5.543,4.5,2835.29,8803.2,4.83,-1.59,,0,15:34:36,00,Y,N,0,0,Y,,未到转股期；2026-07-22 开始转股,计算使用5.6年期 评级为A+ 债参考YTM：5.4390,N,4.5,全价：129.770 最后更新：15:34:36,,,,0,[],0,0,N,,,buy,buy
2026-07-02 10:17:49,127085,韵达转债,ydzz,121.573,0.06,002120,韵达股份,ydgf,6.93,0.73,0.93,11.53,60.1,0,102.27,223.84,420804,交通运输,szmb,C,2023-05-23,[],0,0,buy,AA+,,8.071,14.989,12.6,buy,2029-04-11,2.778,24.499,4193.48,54447.62,1.4,-3.18,,0,15:34:06,00,Y,N,0,0,Y,,2023-10-17 开始转股,计算使用2.8年期 评级为AA+ 债参考YTM：1.6723,N,24.5,全价：121.573 最后更新：15:34:06,,,,0,{'M': ''},0,0,N,,,buy,buy
2026-07-02 10:17:49,113625,江山转债,jszz,114.796,-0.08,603208,江山欧派,jsop,11.25,0.81,1.89,19.84,56.7,0,102.45,217.25,360308,轻工制造,shmb,C,2021-07-01,[],0,0,buy,A,,13.888,25.792,29.4,buy,2027-06-11,0.943,5.825,5676.1,7276.95,8.46,2.97,,0,14:59:51,00,Y,N,1,1,Y,转股价下修1次，成功下修1次,2021-12-20 开始转股,计算使用1.0年期 评级为A 债参考YTM：6.5400,N,5.83,全价：114.796 最后更新：14:59:51,,,,1,[],0,0,N,,,buy,buy
2026-07-02 10:17:49,113682,益丰转债,yfzz,124.225,0.14,603939,益丰药房,yfyf,19.27,1.26,1.93,31.44,61.29,0,102.68,226.91,370403,医药生物,shmb,C,2024-03-27,[],0,0,buy,AA,,22.008,40.872,7.7,buy,2030-03-04,3.674,17.968,3861.83,35350.51,1.72,-2.28,,0,14:59:51,00,Y,N,0,0,Y,,2024-09-09 开始转股,计算使用3.7年期 评级为AA 债参考YTM：1.8568,N,17.97,全价：124.225 最后更新：14:59:51,,,,0,{'M': ''},0,0,N,,,buy,buy
2026-07-02 10:17:49,123175,百畅转债,bczz,96.214,-1.32,300614,百川畅银,bccy,9.6,-3.52,1.74,20.4,47.06,0,104.45,200.66,760103,环保,szcy,C,2023-03-17,[],0,0,buy,BBB+,,14.28,26.52,27.3,buy,2029-02-22,2.647,4.199,2143.14,3895.26,5.26,7.6,,0,15:34:09,00,Y,N,2,2,Y,转股价下修2次，成功下修2次,2023-08-28 开始转股,计算使用2.7年期 评级为BBB+ 债参考YTM：12.4191,N,4.2,全价：96.214 最后更新：15:34:09,,,,0,{'M': ''},0,0,N,,,buy,buy
2026-07-02 10:17:49,127060,湘佳转债,xjzz,117.03,1.24,002982,湘佳股份,xjgf,11.97,3.1,1.4,21.03,56.92,0,105.61,222.64,110703,农林牧渔,szmb,C,2022-06-10,[],0,0,buy,A+,,14.721,27.339,41.1,buy,2028-04-19,1.8,6.399,3488.4,14734.41,4.67,-2.63,,0,15:34:36,00,Y,N,0,0,Y,,2022-10-25 开始转股,计算使用1.8年期 评级为A+ 债参考YTM：4.3236,N,6.4,全价：117.030 最后更新：15:34:36,,,,0,[],0,0,N,,,buy,buy
2026-07-02 10:17:49,123168,惠云转债,hyzz,125.05,0.24,300891,惠云钛业,hyty,6.49,-2.55,2.04,10.74,60.43,0,106.94,231.99,220206,基础化工,szcy,C,2022-12-14,[],0,0,buy,AA-,,7.518,13.962,22.6,buy,2028-11-23,2.397,4.899,2741.2,7114.45,4.48,-2.19,,0,15:33:57,00,Y,N,0,0,Y,,2023-05-29 开始转股,计算使用2.4年期 评级为AA- 债参考YTM：2.1181,N,4.9,全价：125.050 最后更新：15:33:57,,,,0,{'M': ''},0,0,N,,,buy,buy
2026-07-02 10:17:49,113700,海天转债,htzz,128.776,3.77,603759,XD海天股,htgf,7.65,10.07,1.21,12.41,61.64,40,108.9,237.68,760102,环保,shmb,C,2026-03-12,[],0,0,buy,AA,,8.687,16.133,22.7,buy,2032-02-04,5.597,8.01,11014.81,8988.86,10.78,-2.26,,0,14:59:59,00,Y,N,0,0,Y,,未到转股期；2026-08-11 开始转股,计算使用5.6年期 评级为AA 债参考YTM：2.1103,N,8.01,全价：128.776 最后更新：14:59:59,,,,0,[],0,0,N,,,buy,buy
2026-07-02 10:17:49,113650,博22转债,b22zz,125.576,0.23,603916,苏博特,sbt,13.75,2.08,1.34,23.03,59.71,0,110.33,235.91,220309,基础化工,shmb,C,2022-07-28,[],0,0,buy,AA-,,16.121,29.939,13.8,buy,2028-07-01,2.0,7.996,4452.91,25478.66,4.42,-3.51,,0,14:59:51,00,Y,N,0,0,Y,,2023-01-09 开始转股,计算使用2.0年期 评级为AA- 债参考YTM：2.0189,N,8.0,全价：125.576 最后更新：14:59:51,,,,1,{'M': ''},0,0,N,,,buy,buy
2026-07-02 10:17:49,113701,祥和转债,xhzz,180.263,-1.94,603500,祥和实业,xhsy,11.44,0.7,3.46,13.37,85.57,69,110.67,290.93,640501,机械设备,shmb,C,2026-03-26,[],0,0,buy,A+,,9.359,17.381,10.5,buy,2032-03-02,5.671,4.0,86364.99,45325.48,115.04,-7.17,,0,15:00:00,00,Y,N,0,0,Y,,未到转股期；2026-09-09 开始转股,计算使用5.7年期 评级为A+ 债参考YTM：5.5414,N,4.0,全价：180.263 最后更新：15:00:00,,,,0,[],0,0,N,,,buy,buy
2026-07-02 10:17:49,123272,中汽转债,zqzz,193.2,2.36,301215,中汽股份,zqgf,5.36,-0.74,2.39,5.99,89.48,168,115.91,309.11,280303,汽车,szcy,C,2026-06-30,[],0,0,buy,AA+,,4.193,7.787,14.7,buy,2032-06-10,5.945,10.39,562650.3,7751.69,276.53,-8.8,,0,15:34:21,00,Y,N,0,0,Y,,未到转股期；2026-12-17 开始转股,计算使用6.0年期 评级为AA+ 债参考YTM：1.9200,N,10.39,全价：193.200 最后更新：15:34:21,,,,0,{'M': ''},0,0,N,,,buy,buy
2026-07-02 10:17:49,111009,盛泰转债,stzz,120.205,0.21,605138,盛泰集团,stjt,5.84,1.21,1.26,10.51,55.57,0,116.33,236.54,350209,纺织服饰,shmb,C,2022-12-01,[],0,0,buy,AA,,7.357,13.663,21.6,buy,2028-11-07,2.353,7.011,1924.96,3564.62,2.28,-2.53,,0,14:59:51,00,Y,N,0,0,Y,,2023-05-11 开始转股,计算使用2.4年期 评级为AA 债参考YTM：1.7243,N,7.012,全价：120.205 最后更新：14:59:51,,,,0,[],0,0,N,,,buy,buy
2026-07-02 10:17:49,123229,艾录转债,alzz,126.88,-0.22,301062,上海艾录,shal,5.83,-0.17,1.85,9.95,58.59,0,116.54,243.42,360205,轻工制造,szcy,C,2023-11-20,[],0,0,buy,A,,6.965,12.935,11.1,buy,2029-10-23,3.312,1.779,607.99,5356.27,2.69,-1.63,,0,15:34:21,00,Y,N,0,0,Y,,2024-04-29 开始转股,计算使用3.4年期 评级为A 债参考YTM：7.0897,N,5.0,全价：126.880 最后更新：15:34:21,,,,0,{'M': ''},0,0,N,,,buy,buy
2026-07-02 10:17:49,113679,芯能转债,xnzz,120.8,-0.06,603105,芯能科技,xnkj,6.95,-0.29,1.53,12.55,55.38,0,118.14,238.94,410106,公用事业,shmb,C,2023-11-24,[],0,0,buy,AA-,,8.785,16.315,25.3,buy,2029-10-26,3.321,8.799,2671.45,6400.47,2.5,-0.33,,0,14:58:53,00,Y,N,0,0,Y,,2024-05-06 开始转股,计算使用3.4年期 评级为AA- 债参考YTM：2.3857,N,8.8,全价：120.800 最后更新：14:58:53,,,,0,{'M': ''},0,0,N,,,buy,buy
2026-07-02 10:17:49,123196,正元转02,zyz02,121.701,-0.2,300645,正元智慧,zyzh,12.06,-2.51,1.54,21.91,55.04,0,121.1,242.8,710103,计算机,szcy,C,2023-05-19,[],0,0,buy,A+,,15.337,28.483,20.8,buy,2029-04-18,2.797,3.501,1506.44,6102.18,3.53,-1.02,,0,15:34:06,00,Y,N,2,1,Y,转股价下修2次，成功下修1次,2023-10-24 开始转股,计算使用2.8年期 评级为A+ 债参考YTM：4.5966,N,3.507,全价：121.701 最后更新：15:34:06,,,,0,[],0,0,N,,,buy,buy
2026-07-02 10:17:49,123113,仙乐转债,xlzz,113.574,0.28,300791,仙乐健康,xljk,16.25,-0.31,1.7,31.66,51.33,0,121.28,234.85,340407,食品饮料,szcy,C,2021-05-14,[],0,0,buy,AA-,,22.162,41.158,24.5,buy,2027-04-19,0.797,10.248,8613.98,2053.35,7.41,-0.63,,0,15:34:51,00,Y,N,0,0,Y,,2021-10-25 开始转股,计算使用0.8年期 评级为AA- 债参考YTM：1.8180,N,10.249,全价：113.574 最后更新：15:34:51,,,,1,[],0,0,N,,,buy,buy
2026-07-02 10:17:49,113666,爱玛转债,amzz,120.801,-0.32,603529,爱玛科技,amkj,20.02,2.04,1.7,36.95,54.18,0,122.96,243.76,280401,汽车,shmb,C,2023-03-20,[],0,0,buy,AA,,25.865,48.035,11.8,buy,2029-02-23,2.649,19.994,4802.31,14296.08,1.99,-2.43,,0,14:59:47,00,Y,N,0,0,Y,,2023-09-01 开始转股,计算使用2.7年期 评级为AA 债参考YTM：1.7476,N,20.0,全价：120.801 最后更新：14:59:47,,,,0,{'M': ''},0,0,N,,,buy,buy
2026-07-02 10:17:49,127098,欧晶转债,ojzz,118.782,-0.63,001269,欧晶科技,ojkj,21.92,-4.11,5.54,42.0,52.19,0,127.59,246.37,630504,电力设备,szmb,C,2023-12-15,[],0,0,buy,A+,,29.4,54.6,11.1,buy,2029-11-24,3.4,4.693,4804.83,18398.71,8.62,-0.68,,0,15:34:09,00,Y,N,1,1,Y,转股价下修1次，成功下修1次,2024-05-30 开始转股,计算使用3.4年期 评级为A+ 债参考YTM：4.7397,N,4.7,全价：118.782 最后更新：15:34:09,,,,0,[],0,0,N,,,buy,buy
2026-07-02 10:17:49,118022,锂科转债,lkzz,118.559,0.62,688779,五矿新能,wkxn,7.94,-1.37,2.09,15.49,51.26,0,131.29,249.85,630702,电力设备,shkc,C,2022-11-07,[],0,0,buy,AA,,10.843,20.137,21.2,buy,2028-10-11,2.28,32.497,5376.45,21891.71,1.4,-2.01,,0,14:59:51,00,Y,N,0,0,Y,,2023-04-17 开始转股,计算使用2.3年期 评级为AA 债参考YTM：1.7161,N,32.5,全价：118.559 最后更新：14:59:51,,,,0,{'M': ''},0,0,N,,,buy,buy
2026-07-02 10:17:49,127068,顺博转债,sbzz,129.794,1.32,002996,顺博合金,sbhj,6.25,2.29,1.22,11.16,56.0,0,131.76,261.55,240301,有色金属,szmb,C,2022-09-07,[],0,0,buy,AA-,,7.812,14.508,29.0,buy,2028-08-12,2.115,8.3,3264.18,8087.94,3.05,-7.04,,0,15:34:36,00,Y,N,2,1,Y,转股价下修2次，成功下修1次,2023-02-20 开始转股,计算使用2.2年期 评级为AA- 债参考YTM：2.0616,Y,8.3,全价：129.794 最后更新：15:34:36,,,"按下调到底估算
股东大会：2026-07-08
预估转股价：6.25
预估转股价值：100.00
期权价值：20.59
理论价值：127.59
理论偏离度：1.70%",0,[],0,0,N,,,buy,buy
2026-07-02 10:17:49,127044,蒙娜转债,mnzz,119.211,-0.31,002918,蒙娜丽莎,mnls,10.14,-1.07,1.26,19.76,51.32,0,132.31,251.52,360306,轻工制造,szmb,C,2021-09-16,[],0,0,buy,AA-,,13.832,25.688,15.5,buy,2027-08-16,1.123,3.368,2953.35,11707.47,7.32,-4.11,,0,15:34:48,00,Y,N,1,1,Y,转股价下修1次，成功下修1次,2022-02-21 开始转股,计算使用1.2年期 评级为AA- 债参考YTM：1.8826,N,11.689,全价：119.211 最后更新：15:34:48,,,,0,[],0,0,N,,,buy,buy
2026-07-02 10:17:49,113693,志邦转债,zbzz,118.634,0.75,603801,志邦家居,zbjj,5.62,0.0,0.76,11.13,50.49,0,134.95,253.58,360308,轻工制造,shmb,C,2025-04-08,[],0,0,buy,AA,,7.791,14.469,27.4,buy,2031-03-18,4.712,6.7,2507.45,3548.78,3.16,-0.8,,0,14:59:56,00,Y,N,0,0,Y,,2025-09-24 开始转股,计算使用4.8年期 评级为AA 债参考YTM：1.9928,N,6.7,全价：118.634 最后更新：14:59:56,,,,0,[],0,0,N,,,buy,buy
2026-07-02 10:17:49,127062,垒知转债,lzzz,120.349,0.29,002398,垒知集团,lzjt,3.82,0.26,0.72,7.51,50.87,0,136.6,256.95,610303,建筑材料,szmb,C,2022-05-20,[],0,0,buy,AA-,,5.257,9.763,17.0,buy,2028-04-21,1.806,3.957,2113.61,5224.58,4.43,-1.57,,0,15:33:57,00,Y,N,0,0,Y,,2022-10-27 开始转股,计算使用1.9年期 评级为AA- 债参考YTM：2.0020,N,3.963,全价：120.349 最后更新：15:33:57,,,,0,[],0,0,N,,,buy,buy
2026-07-02 10:17:49,113638,台21转债,t21zz,120.885,0.85,603055,台华新材,thxc,8.14,2.39,1.33,16.01,50.84,0,137.76,258.65,350106,纺织服饰,shmb,C,2022-01-21,[],0,0,buy,AA,,11.207,20.813,8.3,buy,2027-12-29,1.493,5.997,3159.77,6036.63,4.36,-4.01,,0,14:59:51,00,Y,N,0,0,Y,,2022-07-05 开始转股,计算使用1.5年期 评级为AA 债参考YTM：1.6371,N,6.0,全价：120.885 最后更新：14:59:51,,,,0,{'M': ''},0,0,N,,,buy,buy
2026-07-02 10:17:49,123267,珂玛转债,kmzz,392.986,-7.6,301611,珂玛科技,kmkj,154.06,-16.49,36.7,97.47,158.06,112,148.63,541.62,270103,电子,szcy,C,2026-05-13,[],0,0,buy,AA,,68.229,126.711,3.3,buy,2032-04-15,5.792,7.5,148476.06,409054.15,51.68,-19.44,,0,15:34:42,00,Y,N,0,0,Y,,未到转股期；2026-10-22 开始转股,计算使用5.8年期 评级为AA 债参考YTM：2.1459,N,7.5,全价：392.986 最后更新：15:34:42,,,,0,{'M': ''},0,0,N,,,buy,buy
2026-07-02 10:17:49,123180,浙矿转债,zkzz,125.6,-0.32,300837,浙矿股份,zkgf,23.81,-0.42,1.63,47.59,50.03,0,151.04,276.64,640203,机械设备,szcy,C,2023-03-28,[],0,0,buy,AA-,,33.313,61.867,17.8,buy,2029-03-09,2.688,3.197,1511.32,5057.34,3.76,-2.18,,0,15:34:03,00,Y,N,0,0,Y,,2023-09-15 开始转股,计算使用2.7年期 评级为AA- 债参考YTM：2.2158,N,3.2,全价：125.600 最后更新：15:34:03,,,,0,[],0,0,N,,,buy,buy
2026-07-02 10:17:49,111014,李子转债,lzzz,119.593,0.51,605337,李子园,lzy,8.48,0.71,1.95,18.14,46.75,0,155.83,275.42,340701,食品饮料,shmb,C,2023-07-13,[],0,0,buy,AA,,12.698,23.582,18.1,buy,2029-06-20,2.97,5.999,1399.63,2894.33,1.95,-1.24,,0,14:59:50,00,Y,N,0,0,Y,,2023-12-28 开始转股,计算使用3.0年期 评级为AA 债参考YTM：1.7713,N,6.0,全价：119.593 最后更新：14:59:50,,,,0,[],0,0,N,,,buy,buy
2026-07-02 10:17:49,123090,三诺转债,snzz,112.183,0.14,300298,三诺生物,snsw,14.7,2.23,2.64,34.52,42.58,0,163.44,275.62,370502,医药生物,szcy,C,2021-01-12,[],0,0,buy,AA,,24.164,44.876,7.6,buy,2026-12-21,0.471,4.984,2771.64,11497.61,4.95,-0.35,,0,15:34:45,00,Y,N,0,0,Y,,2021-06-25 开始转股,计算使用0.5年期 评级为AA 债参考YTM：1.5296,N,5.0,全价：112.183 最后更新：15:34:45,,,,0,{'M': ''},0,0,N,,,buy,buy
2026-07-02 10:17:49,123117,健帆转债,jfzz,113.055,0.04,300529,健帆生物,jfsw,16.21,1.06,3.5,38.15,42.49,0,166.07,279.13,370503,医药生物,szcy,C,2021-07-12,[],0,0,buy,AA,,26.705,49.595,12.0,buy,2027-06-23,0.975,9.998,3127.53,11583.04,2.77,-2.78,,0,15:34:51,00,Y,N,2,2,Y,转股价下修2次，成功下修2次,2021-12-29 开始转股,计算使用1.0年期 评级为AA 债参考YTM：1.5900,N,10.0,全价：113.055 最后更新：15:34:51,,,,1,{'M': ''},0,0,N,,,buy,buy
2026-07-02 10:17:49,113049,长汽转债,cqzz,107.292,-0.02,601633,长城汽车,ccqc,15.0,-0.4,1.45,39.18,38.29,0,180.25,287.54,280502,汽车,shmb,C,2021-07-08,[],0,0,buy,AAA,,27.426,50.934,3.7,buy,2027-06-10,0.94,34.95,7128.04,37118.92,1.9,-0.29,,0,14:59:51,00,Y,N,0,0,Y,,2021-12-17 开始转股,计算使用1.0年期 评级为AAA 债参考YTM：1.5000,N,35.0,全价：107.292 最后更新：14:59:51,,,,1,{'M': ''},0,0,N,,,buy,buy
2026-07-02 10:17:49,123250,嘉益转债,jyzz,120.753,0.14,301004,嘉益股份,jygf,32.35,0.78,2.55,79.66,40.61,0,197.35,318.1,360311,轻工制造,szcy,C,2024-11-26,[],0,0,buy,A+,,55.762,103.558,9.0,buy,2030-11-07,4.353,3.955,1208.94,2872.6,2.53,-0.4,,0,15:34:27,00,Y,N,0,0,Y,,2025-05-13 开始转股,计算使用4.4年期 评级为A+ 债参考YTM：4.8602,N,3.979,全价：120.753 最后更新：15:34:27,,,,0,{'M': ''},0,0,N,,,buy,buy
2026-07-02 10:17:49,123151,康医转债,kyzz,116.219,-0.16,300869,康泰医学,ktyx,10.67,-0.84,2.49,27.55,38.73,0,200.08,316.3,370502,医药生物,szcy,C,2022-07-20,[],0,0,buy,A+,,19.285,35.815,24.9,buy,2028-07-01,2.0,6.998,3094.57,4689.91,3.8,0.56,,0,15:34:03,00,Y,N,0,0,Y,,2023-01-09 开始转股,计算使用2.0年期 评级为A+ 债参考YTM：4.3589,N,7.0,全价：116.219 最后更新：15:34:03,,,,1,{'M': ''},0,0,N,,,buy,buy
2026-07-02 10:17:49,118005,天奈转债,tnzz,123.88,-0.39,688116,天奈科技,tnkj,40.69,-4.44,3.88,99.01,41.1,0,201.43,325.31,630702,电力设备,shkc,C,2022-03-01,[],0,0,buy,AA-,,69.307,128.713,5.6,buy,2028-01-27,1.573,8.299,1533.69,53075.19,1.49,-6.39,,0,14:59:51,00,Y,N,0,0,Y,,2022-08-09 开始转股,计算使用1.6年期 评级为AA- 债参考YTM：1.9505,N,8.3,全价：123.880 最后更新：14:59:51,,,,0,{'M': ''},0,0,N,,,buy,buy
2026-07-02 10:17:49,118032,建龙转债,jlzz,123.775,0.52,688357,建龙微纳,jlwn,28.8,-0.17,1.55,71.41,40.33,0,206.9,330.68,220309,基础化工,shkc,C,2023-04-07,[],0,0,buy,AA-,,49.987,92.833,24.3,buy,2029-03-08,2.685,6.999,2483.07,5284.11,2.87,-1.64,,0,14:58:53,00,Y,N,0,0,Y,,2023-09-14 开始转股,计算使用2.7年期 评级为AA- 债参考YTM：2.2158,N,7.0,全价：123.775 最后更新：14:58:53,,,,0,{'M': ''},0,0,N,,,buy,buy
2026-07-02 10:17:49,113670,金23转债,j23zz,119.34,0.3,603180,金牌家居,jpjj,14.51,2.47,0.82,37.54,38.65,0,208.75,328.09,360308,轻工制造,shmb,C,2023-05-16,[],0,0,buy,AA,,26.278,48.802,34.4,buy,2029-04-17,2.795,7.7,2442.13,2195.0,2.66,-0.32,,0,14:59:51,00,Y,N,0,0,Y,,2023-10-23 开始转股,计算使用2.8年期 评级为AA 债参考YTM：1.7554,N,7.7,全价：119.340 最后更新：14:59:51,,,,0,[],0,0,N,,,buy,buy
2026-07-02 10:17:49,123154,火星转债,hxzz,117.2,0.59,300894,火星人,hxr,12.2,-0.16,4.71,33.03,36.94,0,217.3,334.5,330401,家用电器,szcy,C,2022-08-23,[],0,0,buy,A+,,23.121,42.939,14.7,buy,2028-08-05,2.096,5.289,4587.98,15241.32,7.41,0.54,,0,15:34:09,00,Y,N,0,0,Y,,2023-02-13 开始转股,计算使用2.1年期 评级为A+ 债参考YTM：4.3784,N,5.29,全价：117.200 最后更新：15:34:09,,,,0,{'M': ''},0,0,N,,,buy,buy
2026-07-02 10:17:49,128135,洽洽转债,qqzz,114.384,0.01,002557,洽洽食品,qqsp,19.56,4.65,1.79,54.95,35.6,0,221.34,335.72,340801,食品饮料,szmb,C,2020-11-18,[],0,0,buy,AA,,38.465,71.435,13.6,buy,2026-10-20,0.301,13.398,4539.46,25409.01,2.96,1.8,,0,15:34:12,00,Y,N,0,0,Y,,2021-04-26 开始转股,计算使用0.4年期 评级为AA 债参考YTM：1.5248,N,13.4,全价：114.384 最后更新：15:34:12,,,,1,{'M': ''},0,0,N,,,buy,buy
2026-07-02 10:17:49,113660,寿22转债,s22zz,121.564,0.23,603896,寿仙谷,sxg,13.79,2.68,1.19,36.84,37.43,0,224.76,346.32,370201,医药生物,shmb,C,2022-12-12,[],0,0,buy,AA-,,25.788,47.892,14.5,buy,2028-11-17,2.381,3.977,1787.49,3560.69,3.7,-2.17,,0,14:58:55,00,Y,N,0,0,Y,,2023-05-23 开始转股,计算使用2.4年期 评级为AA- 债参考YTM：2.1181,N,3.98,全价：121.564 最后更新：14:58:55,,,,0,[],0,0,N,,,buy,buy
2026-07-02 10:17:49,110085,通22转债,t22zz,115.157,1.59,600438,通威股份,twgf,12.09,-3.59,1.49,34.6,34.94,0,229.56,344.72,630501,电力设备,shmb,C,2022-03-18,[],0,0,buy,AAA,,24.22,44.98,22.0,buy,2028-02-24,1.649,119.831,17938.68,77898.42,1.3,-2.34,,0,14:59:54,00,Y,N,0,0,Y,,2022-09-02 开始转股,计算使用1.7年期 评级为AAA 债参考YTM：1.5560,N,120.0,全价：115.157 最后更新：14:59:54,,,,0,{'M': ''},0,0,N,,,buy,buy
2026-07-02 10:17:49,123270,盛德转债,sdzz,245.249,-2.68,300881,盛德鑫泰,sdxt,39.76,4.96,3.53,53.68,74.07,158,231.11,476.36,230501,钢铁,szcy,C,2026-06-12,[],0,0,buy,A+,,37.576,69.784,17.7,buy,2032-05-31,5.918,4.05,179990.88,23779.33,172.3,-11.78,,0,15:34:45,00,Y,N,0,0,Y,,未到转股期；2026-12-07 开始转股,计算使用6.0年期 评级为A+ 债参考YTM：5.7700,N,4.05,全价：245.249 最后更新：15:34:45,,,,0,{'M': ''},0,0,N,,,buy,buy
2026-07-02 10:17:49,118010,洁特转债,jtzz,123.599,0.67,688026,洁特生物,jtsw,15.16,-4.71,1.78,47.95,31.62,0,290.93,414.53,370503,医药生物,shkc,C,2022-08-02,[],0,0,buy,A+,,33.565,62.335,20.7,buy,2028-06-28,1.992,4.399,1557.64,8244.49,2.88,-4.96,,0,14:59:43,00,Y,N,0,0,Y,,2023-01-04 开始转股,计算使用2.0年期 评级为A+ 债参考YTM：4.3589,N,4.4,全价：123.599 最后更新：14:59:43,,,,1,{'M': ''},0,0,N,,,buy,buy
2026-07-02 10:17:49,127025,冀东转债,jdzz,105.38,-0.02,000401,金隅冀东,jyjd,3.46,1.17,0.35,12.91,26.8,0,293.2,398.58,610101,建筑材料,szmb,C,2020-12-02,[],0,0,buy,AAA,,9.037,16.783,19.5,buy,2026-11-05,0.345,17.764,3965.81,3743.27,2.12,1.72,,0,15:34:39,00,Y,Y,0,0,Y,,2021-05-11 开始转股,计算使用0.4年期 评级为AAA 债参考YTM：1.4638,N,28.2,全价：105.380 最后更新：15:34:39,,,,0,{'M': ''},0,0,N,,,buy,buy
2026-07-02 10:17:49,123072,乐歌转债,lgzz,120.908,-0.51,300729,乐歌股份,lggf,9.83,0.41,0.91,32.61,30.14,0,301.1,422.01,360311,轻工制造,szcy,C,2020-11-10,[],0,0,buy,A+,,22.827,42.393,4.4,buy,2026-10-21,0.304,1.418,1939.59,2499.44,11.32,-2.49,,0,15:34:45,00,Y,N,0,0,Y,,2021-04-27 开始转股,计算使用0.4年期 评级为A+ 债参考YTM：4.0849,N,1.42,全价：120.908 最后更新：15:34:45,,,,0,[],0,0,N,,,buy,buy
2026-07-02 10:17:49,113633,科沃转债,kwzz,118.782,0.4,603486,科沃斯,kws,51.26,-0.76,3.16,173.89,29.48,0,302.95,421.73,330302,家用电器,shmb,C,2021-12-29,[],0,0,buy,AA,,121.723,226.057,3.5,buy,2027-11-30,1.414,10.396,1750.95,32667.94,1.42,-4.25,,0,14:59:51,00,Y,N,0,0,N,2026-07-01 至 2026-07-07 期间暂停转股：权益分派,2022-06-06 开始转股;2026-07-01 至 2026-07-07 期间暂停转股：权益分派,计算使用1.5年期 评级为AA 债参考YTM：1.6371,N,10.4,全价：118.782 最后更新：14:59:51,,,,0,{'M': ''},0,0,N,,,buy,buy
2026-07-02 10:17:49,123179,立高转债,lgzz,121.267,0.21,300973,立高食品,lgsp,25.99,3.22,1.61,94.64,27.46,0,341.58,462.85,340802,食品饮料,szcy,C,2023-03-27,[],0,0,buy,AA-,,66.248,123.032,30.8,buy,2029-03-07,2.682,9.499,1666.43,9478.49,1.45,-0.78,,0,15:34:00,00,Y,N,0,0,Y,,2023-09-13 开始转股,计算使用2.7年期 评级为AA- 债参考YTM：2.2158,N,9.5,全价：121.267 最后更新：15:34:00,,,,0,{'M': ''},0,0,N,,,buy,buy
2026-07-02 10:17:49,128124,科华转债,khzz,105.694,0.03,002022,科华生物,khsw,4.74,0.0,0.95,20.64,22.97,0,360.24,465.93,370504,医药生物,szmb,C,2020-08-20,[],0,0,buy,A,,14.448,26.832,9.2,buy,2026-07-28,0.071,2.244,1980.35,3467.04,8.35,4.23,,0,15:33:54,00,Y,N,0,0,Y,,2021-02-03 开始转股,计算使用0.1年期 评级为A 债参考YTM：6.4200,N,7.38,全价：105.694 最后更新：15:33:54,,,,0,{'R': '到期\n最后交易日：2026-07-22\n最后转股日：2026-07-27\n债券到期日：2026-07-28\n到期赎回价：106.000元/张'},0,0,N,,,buy,buy
2026-07-02 10:17:49,113059,福莱转债,flzz,119.939,-0.29,601865,福莱特,flt,10.29,-2.28,1.07,41.56,24.76,0,384.42,504.36,630504,电力设备,shmb,C,2022-06-13,[],0,0,buy,AA,,29.092,54.028,20.4,buy,2028-05-20,1.885,39.999,5066.06,23576.56,1.05,-2.78,,0,14:59:51,00,Y,N,1,0,Y,转股价下修1次，成功下修0次,2022-11-28 开始转股,计算使用1.9年期 评级为AA 债参考YTM：1.6789,N,40.0,全价：119.939 最后更新：14:59:51,,,,0,{'M': ''},0,0,Y,,,buy,buy
