抓取时间,bond_id,bond_nm,bond_py,price,increase_rt,stock_id,stock_nm,stock_py,sprice,sincrease_rt,pb,convert_price,convert_value,convert_dt,premium_rt,dblow,sw_cd,sw_name,market_cd,btype,list_dt,t_flag,owned,hold,bond_value,rating_cd,option_value,put_convert_price,force_redeem_price,convert_amt_ratio,fund_rt,maturity_dt,year_left,curr_iss_amt,volume,svolume,turnover_rt,ytm_rt,put_ytm_rt,noted,last_time,qstatus,sqflag,pb_flag,adj_cnt,adj_scnt,convert_price_valid,convert_price_tips,convert_cd_tip,ref_yield_info,adjusted,orig_iss_amt,price_tips,redeem_dt,real_force_redeem_price,option_tip,after_next_put_dt,icons,is_min_price,blocked,putting,force_redeem_price_tip,notes,volatility_rate,debt_rate
2026-05-12 10:04:23,123267,珂玛转债,kmzz,100.0,0.0,301611,珂玛科技,kmkj,112.39,-0.43,26.77,97.57,115.19,163,-13.19,86.81,270103,电子,szcy,C,2026-05-13,[],0,0,buy,AA,,68.299,126.841,,buy,2032-04-15,5.932,7.5,0.0,168557.46,0.0,2.18,,0,,00,Y,N,0,0,Y,,未到转股期；2026-10-22 开始转股,计算使用6.0年期 评级为AA 债参考YTM：2.2938,N,7.5,待上市,,,,0,{'M': ''},0,0,N,,,buy,buy
2026-05-12 10:04:23,123126,瑞丰转债,rfzz,164.8,7.69,300243,瑞丰高材,rfgc,19.48,8.22,4.18,11.64,167.35,0,-1.53,163.27,220501,基础化工,szcy,C,2021-10-18,[],0,0,buy,A,,8.148,15.132,6.1,buy,2027-09-10,,2.408,226655.17,82699.1,581.67,,,0,15:34:06,00,Y,N,1,1,Y,转股价下修1次，成功下修1次,2022-03-16 开始转股,强赎登记日2026-05-26，赎回价格102.532元，如不考虑强赎纯债价值为113.53元，计算使用1.4年期 评级为A 债参考YTM：6.6947,N,3.4,全价：164.800 最后更新：15:34:06,2026-05-26,102.532,如不考虑强赎期权价值为76.10元,1,{'R': '最后交易日 2026年5月26日\r\n最后转股日 2026年5月29日\r\n赎回价 102.532元/张'},0,0,N,,,buy,buy
2026-05-12 10:04:23,111005,富春转债,fczz,160.335,-4.52,605189,富春染织,fcrz,19.45,-2.6,1.9,11.98,162.35,0,-1.24,159.1,350104,纺织服饰,shmb,C,2022-07-25,[],0,0,buy,AA-,,8.386,15.574,8.0,buy,2028-06-23,2.118,3.295,78211.45,54536.02,146.17,-16.01,,0,15:00:00,00,Y,N,1,1,Y,转股价下修1次，成功下修1次,2022-12-29 开始转股,已公告要强赎，如不考虑强赎纯债价值为106.66元，计算使用2.2年期 评级为AA- 债参考YTM：2.2102,N,5.7,全价：160.335 最后更新：15:00:00,,,如不考虑强赎期权价值为75.58元,0,{'O': ''},0,0,N,,,buy,buy
2026-05-12 10:04:23,128141,旺能转债,wnzz,138.588,2.96,002034,旺能环境,wnhj,19.52,3.12,1.29,13.98,139.63,0,-0.74,137.85,760103,环保,szmb,C,2021-01-18,[],0,0,buy,AA,,9.786,18.174,1.9,buy,2026-12-17,,1.862,52056.76,53860.03,203.47,,,0,15:34:18,00,Y,N,0,0,Y,,2021-06-23 开始转股,强赎登记日2026-05-14，赎回价格100.844元，如不考虑强赎纯债价值为109.02元，计算使用0.6年期 评级为AA 债参考YTM：1.5022,N,14.0,全价：138.588 最后更新：15:34:18,2026-05-14,100.844,如不考虑强赎期权价值为40.85元,1,"{'R': '最后交易日 2026年5月14日\r\n最后转股日 2026年5月19日\r\n赎回价 100.844元/张', 'M': ''}",0,0,N,,,buy,buy
2026-05-12 10:04:23,118003,华兴转债,hxzz,237.975,1.43,688001,华兴源创,hxyc,62.68,1.67,8.29,26.22,239.05,0,-0.45,237.53,640107,机械设备,shkc,C,2021-12-20,[],0,0,buy,AA,,18.354,34.086,0.7,buy,2027-11-29,,1.893,103156.6,107149.59,231.08,,,0,15:00:00,00,Y,N,2,2,Y,转股价下修2次，成功下修2次,2022-06-06 开始转股,强赎登记日2026-05-13，赎回价格100.843元，如不考虑强赎纯债价值为108.97元，计算使用1.6年期 评级为AA 债参考YTM：1.6829,N,8.0,全价：237.975 最后更新：15:00:00,2026-05-13,100.843,如不考虑强赎期权价值为145.47元,1,"{'R': '最后交易日 2026年5月13日\r\n最后转股日 2026年5月18日\r\n赎回价 100.8433元/张', 'M': ''}",0,0,N,,,buy,buy
2026-05-12 10:04:23,123085,Z顺转2,wsz2,181.99,-2.94,300057,万顺新材,wsxc,9.12,-2.98,1.75,4.99,182.77,0,-0.42,181.57,240301,有色金属,szcy,C,2020-12-28,[],0,0,buy,AA-,,3.493,6.487,0.9,buy,2026-12-11,,0.663,23529.12,69608.23,196.03,,,0,15:34:39,00,Y,N,2,2,Y,转股价下修2次，成功下修2次,2021-06-17 开始转股,强赎登记日2026-05-12，赎回价格100.870元，如不考虑强赎纯债价值为106.91元，计算使用0.6年期 评级为AA- 债参考YTM：1.7605,N,9.0,全价：181.990 最后更新：15:34:39,2026-05-12,100.870,如不考虑强赎期权价值为84.70元,1,"{'R': '最后交易日：2026年5月12日\r\n最后转股日：2026年5月15日\r\n赎回价：100.87元/张', 'M': ''}",0,0,N,,,buy,buy
2026-05-12 10:04:23,118004,博瑞转债,brzz,186.977,0.29,688166,博瑞医药,bryy,65.1,0.35,11.05,34.74,187.39,0,-0.22,186.76,370101,医药生物,shkc,C,2022-01-27,[],0,0,buy,AA-,,24.318,45.162,0.7,buy,2028-01-04,,1.871,116067.78,93689.43,324.83,,,0,14:59:59,00,Y,N,0,0,Y,,2022-07-11 开始转股,强赎登记日2026-05-18，赎回价格100.945元，如不考虑强赎纯债价值为113.63元，计算使用1.7年期 评级为AA- 债参考YTM：2.0816,N,4.65,全价：186.977 最后更新：14:59:59,2026-05-18,100.945,如不考虑强赎期权价值为101.61元,1,"{'R': '最后交易日 2026年5月18日\r\n最后转股日 2026年5月21日\r\n赎回价 100.9452元/张', 'M': ''}",0,0,N,,,buy,buy
2026-05-12 10:04:23,111013,新港转债,xgzz,135.742,0.59,605162,新中港,xzg,11.79,0.94,3.66,8.67,135.99,0,-0.18,135.56,410104,公用事业,shmb,C,2023-05-05,[],0,0,buy,AA-,,6.069,11.271,5.2,buy,2029-03-08,2.825,2.539,44861.61,16833.32,129.97,-4.71,,0,14:59:59,00,Y,N,0,0,Y,,2023-09-14 开始转股,已公告要强赎，如不考虑强赎纯债价值为111.13元，计算使用2.9年期 评级为AA- 债参考YTM：2.4014,N,3.691,全价：135.742 最后更新：14:59:59,,,如不考虑强赎期权价值为60.60元,0,{'O': ''},0,0,N,,,buy,buy
2026-05-12 10:04:23,123054,思特转债,stzz,135.7,-0.35,300608,思特奇,stq,13.42,-0.45,3.44,9.88,135.83,0,-0.1,135.6,710401,计算机,szcy,C,2020-07-06,[],0,0,buy,AA-,,6.916,12.844,3.6,buy,2026-06-10,,1.415,9420.67,18848.54,49.02,,,0,15:34:39,00,Y,N,0,0,Y,,2020-12-16 开始转股,强赎登记日2026-05-25，赎回价格102.900元，如不考虑强赎纯债价值为114.85元，计算使用0.1年期 评级为AA- 债参考YTM：1.6868,N,2.71,全价：135.700 最后更新：15:34:39,2026-05-25,102.900,如不考虑强赎期权价值为36.00元,1,{'R': '最后交易日 2026年5月25日\r\n最后转股日 2026年5月28日\r\n赎回价 102.90元/张'},0,0,N,,,buy,buy
2026-05-12 10:04:23,123236,家联转债,jlzz,156.274,-5.6,301193,家联科技,jlkj,23.98,-5.55,3.82,15.33,156.43,0,-0.1,156.17,360311,轻工制造,szcy,C,2024-01-18,[],0,0,buy,AA-,,10.731,19.929,2.9,buy,2029-12-22,,1.213,31719.26,24904.62,160.51,,,0,15:34:21,00,Y,N,1,1,Y,转股价下修1次，成功下修1次,2024-06-28 开始转股,强赎登记日2026-05-22，赎回价格100.344元，如不考虑强赎纯债价值为108.90元，计算使用3.7年期 评级为AA- 债参考YTM：2.5540,N,7.5,全价：156.274 最后更新：15:34:21,2026-05-22,100.344,如不考虑强赎期权价值为88.18元,0,"{'R': '最后交易日：2026年5月22日\r\n最后转股日：2026年5月27日\r\n赎回价：100.344元/张', 'M': ''}",0,0,N,,,buy,buy
2026-05-12 10:04:23,123243,严牌转债,ypzz,235.599,0.21,301081,严牌股份,ypgf,17.11,1.36,3.49,7.27,235.35,0,0.11,235.71,760201,环保,szcy,C,2024-07-26,[],0,0,buy,A+,,5.089,9.451,8.1,buy,2030-07-10,4.164,3.041,23667.07,12534.59,33.07,-15.4,,0,15:33:57,00,Y,N,0,0,Y,,2025-01-16 开始转股,计算使用4.2年期 评级为A+ 债参考YTM：4.9945,N,4.679,全价：235.599 最后更新：15:33:57,,,,0,{'M': ''},0,0,N,,,buy,buy
2026-05-12 10:04:23,123225,翔丰转债,xfzz,148.359,-2.18,300890,翔丰华,xfh,40.6,-1.96,2.13,27.44,147.96,0,0.27,148.63,630702,电力设备,szcy,C,2023-10-26,[],0,0,buy,AA-,,19.208,35.672,12.8,buy,2029-10-10,3.416,5.669,21124.53,56794.52,24.97,-5.55,,0,15:34:18,00,Y,N,1,1,Y,转股价下修1次，成功下修1次,2024-04-16 开始转股,计算使用3.5年期 评级为AA- 债参考YTM：2.5265,N,8.0,全价：148.359 最后更新：15:34:18,,,,0,{'M': ''},0,0,N,,,buy,buy
2026-05-12 10:04:23,123121,帝尔转债,dezz,161.999,-4.99,300776,帝尔激光,dejg,118.35,-1.6,7.95,73.56,160.89,0,0.69,162.69,630505,电力设备,szcy,C,2021-08-27,[],0,0,buy,AA-,,51.492,95.628,4.2,buy,2027-08-05,1.233,8.291,61577.42,150677.44,45.52,-23.29,,0,15:34:51,00,Y,N,0,0,Y,,2022-02-11 开始转股,如不考虑强赎纯债价值为114.74元，计算使用1.3年期 评级为AA- 债参考YTM：1.9833,N,8.4,全价：161.999 最后更新：15:34:51,,,,1,"{'B': '', 'M': ''}",0,0,N,,,buy,buy
2026-05-12 10:04:23,118033,华特转债,htzz,199.96,-9.06,688268,华特气体,htqt,164.18,-10.87,9.66,82.75,198.41,0,0.78,200.74,270601,电子,shkc,C,2023-04-14,[],0,0,buy,AA-,,57.925,107.575,2.8,buy,2029-03-21,2.86,5.517,162789.74,172783.17,144.46,-16.93,,0,15:00:00,00,Y,N,0,0,Y,,2023-09-27 开始转股,计算使用2.9年期 评级为AA- 债参考YTM：2.4014,N,6.46,全价：199.960 最后更新：15:00:00,,,,0,{'M': ''},0,0,N,,,buy,buy
2026-05-12 10:04:23,111010,立昂转债,lazz,153.171,0.08,605358,立昂微,law,51.03,1.78,4.75,33.59,151.92,0,0.82,153.99,270103,电子,shmb,C,2022-12-07,[],0,0,buy,AA,,23.513,43.667,9.8,buy,2028-11-14,2.512,33.608,89771.32,297155.03,17.34,-10.86,,0,14:59:59,00,Y,N,1,1,Y,转股价下修1次，成功下修1次,2023-05-18 开始转股,计算使用2.6年期 评级为AA 债参考YTM：1.8124,N,33.9,全价：153.171 最后更新：14:59:59,,,,0,{'M': ''},0,0,N,,,buy,buy
2026-05-12 10:04:23,127041,弘亚转债,hyzz,127.2,-2.13,002833,弘亚数控,hysk,21.42,-2.95,2.98,17.0,126.0,0,0.95,128.15,640209,机械设备,szmb,C,2021-08-10,[],0,0,buy,AA-,,11.9,22.1,9.7,buy,2026-07-12,0.167,5.999,7834.69,20828.15,10.22,-56.45,,0,15:34:36,00,Y,N,1,1,Y,转股价下修1次，成功下修1次,2022-01-17 开始转股,计算使用0.2年期 评级为AA- 债参考YTM：1.6897,N,6.0,全价：127.200 最后更新：15:34:36,,,,1,[],0,0,N,,,buy,buy
2026-05-12 10:04:23,128137,洁美转债,jmzz,198.606,-2.21,002859,洁美科技,jmkj,51.88,0.93,7.04,26.46,196.07,0,1.29,199.9,270401,电子,szmb,C,2020-12-01,[],0,0,buy,AA-,,18.522,34.398,2.8,buy,2026-11-04,0.482,5.909,24728.05,49176.68,20.87,-90.94,,0,15:34:12,00,Y,N,0,0,Y,,2021-05-10 开始转股,计算使用0.5年期 评级为AA- 债参考YTM：1.7448,N,6.0,全价：198.606 最后更新：15:34:12,,,,1,{'M': ''},0,0,N,,,buy,buy
2026-05-12 10:04:23,127024,盈峰转债,yfzz,183.5,-4.7,000967,盈峰环境,yfhj,13.85,-6.61,2.61,7.67,180.57,0,1.62,185.12,760201,环保,szmb,C,2020-12-02,[],0,0,buy,AA+,,5.369,9.971,1.2,buy,2026-11-04,,5.658,131184.49,453423.93,121.97,,,0,15:34:42,00,Y,N,0,0,Y,,2021-05-10 开始转股,强赎登记日2026-05-25，赎回价格101.129元，如不考虑强赎纯债价值为109.23元，计算使用0.5年期 评级为AA+ 债参考YTM：1.4748,N,14.762,全价：183.500 最后更新：15:34:42,2026-05-25,101.129,如不考虑强赎期权价值为81.87元,1,"{'R': '最后交易日 2026年5月25日\r\n最后转股日 2026年5月28日\r\n赎回价 101.129元/张', 'M': ''}",0,0,N,,,buy,buy
2026-05-12 10:04:23,118016,京源转债,jyzz,171.921,0.9,688096,京源环保,jyhb,11.67,6.97,3.26,6.91,168.89,0,1.8,173.72,760102,环保,shkc,C,2022-08-25,[],0,0,buy,A,,4.837,8.983,6.1,buy,2028-08-05,2.236,1.675,166735.34,47753.93,568.1,-15.34,,0,15:00:00,00,Y,N,0,0,Y,,2023-02-13 开始转股,计算使用2.3年期 评级为A 债参考YTM：6.9291,N,3.325,全价：171.921 最后更新：15:00:00,,,,0,{'M': ''},0,0,N,,,buy,buy
2026-05-12 10:04:23,127026,超声转债,cszz,143.588,-3.05,000823,超声电子,csdz,16.95,-2.14,1.85,12.02,141.02,0,1.82,145.41,270202,电子,szmb,C,2021-01-14,[],0,0,buy,AA,,8.414,15.626,7.7,buy,2026-12-08,0.575,6.995,12282.53,66234.53,12.18,-43.29,,0,15:34:27,00,Y,N,0,0,Y,,2021-06-15 开始转股,计算使用0.6年期 评级为AA 债参考YTM：1.5022,N,7.0,全价：143.588 最后更新：15:34:27,,,,1,{'M': ''},0,0,N,,,buy,buy
2026-05-12 10:04:23,123207,冠中转债,gzzz,217.888,-3.76,300948,冠中生态,gzst,22.33,-3.33,3.69,10.44,213.89,0,1.87,219.76,620307,建筑装饰,szcy,C,2023-08-09,[],0,0,buy,A-,,7.308,13.572,5.4,buy,2029-07-21,3.195,1.83,11735.44,11620.45,29.28,-17.33,,0,15:34:06,00,Y,N,1,1,Y,转股价下修1次，成功下修1次,2024-01-29 开始转股,计算使用3.2年期 评级为A- 债参考YTM：9.5280,N,4.0,全价：217.888 最后更新：15:34:06,,,,0,"{'G': '本次（2026年1月29日至2026年2月26日）不提前赎回，自2026年5月26日后首个交易日重新计算', 'M': ''}",0,0,N,,,buy,buy
2026-05-12 10:04:23,110092,三房转债,sfzz,66.843,-5.08,600370,*ST三房,sfx,1.97,-4.83,1.53,3.02,65.23,0,2.47,69.31,220401,基础化工,shmb,C,2023-02-07,[],0,0,buy,A+,,2.114,3.926,26.7,buy,2029-01-06,2.658,21.185,27428.43,173.89,19.01,22.46,,0,14:59:59,00,Y,N,0,0,Y,,2023-07-12 开始转股,计算使用2.7年期 评级为A+ 债参考YTM：4.6932,N,25.0,全价：66.843 最后更新：14:59:59,,,,0,[],0,0,N,,,buy,buy
2026-05-12 10:04:23,118041,星球转债,xqzz,165.08,-5.5,688633,星球石墨,xqsm,37.18,-4.4,2.97,23.14,160.67,0,2.74,167.82,640203,机械设备,shkc,C,2023-08-22,[],0,0,buy,A+,,16.198,30.082,11.6,buy,2029-07-31,3.222,6.198,26761.73,26897.45,25.79,-9.8,,0,14:59:59,00,Y,N,0,0,Y,,2024-02-05 开始转股,计算使用3.3年期 评级为A+ 债参考YTM：4.8479,N,6.2,全价：165.080 最后更新：14:59:59,,,,0,{'M': ''},0,0,N,,,buy,buy
2026-05-12 10:04:23,118057,甬矽转债,yxzz,183.304,-0.41,688362,甬矽电子,yxdz,50.59,-1.36,7.86,28.36,178.39,0,2.76,186.06,270107,电子,shkc,C,2025-07-16,[],0,0,buy,A+,,19.852,36.868,5.6,buy,2031-06-26,5.126,11.648,97798.58,131059.19,45.04,-8.37,,0,14:59:59,00,Y,N,0,0,Y,,2026-01-05 开始转股,计算使用5.2年期 评级为A+ 债参考YTM：5.2292,N,11.65,全价：183.304 最后更新：14:59:59,,,,0,{'M': ''},0,0,N,,,buy,buy
2026-05-12 10:04:23,128121,宏川转债,hczz,127.47,-2.55,002930,宏川智慧,hczh,15.67,-3.57,3.4,12.65,123.87,0,2.9,130.37,420806,交通运输,szmb,C,2020-08-07,[],0,0,buy,AA-,,8.855,16.445,9.5,buy,2026-07-17,0.181,6.476,13305.44,48469.33,16.08,-85.76,,0,15:34:12,00,Y,N,2,2,Y,转股价下修2次，成功下修2次,2021-01-25 开始转股,计算使用0.2年期 评级为AA- 债参考YTM：1.6897,N,6.7,全价：127.470 最后更新：15:34:12,,,,0,{'M': ''},0,0,N,,,buy,buy
2026-05-12 10:04:23,127066,科利转债,klzz,136.637,-0.88,002850,科达利,kdl,196.88,0.31,3.91,148.7,132.4,0,3.2,139.84,630701,电力设备,szmb,C,2022-08-03,[],0,0,buy,AA,,104.09,193.31,3.9,buy,2028-07-08,2.159,15.34,23848.59,88350.63,11.33,-8.47,,0,15:34:48,00,Y,N,0,0,Y,,2023-01-16 开始转股,计算使用2.2年期 评级为AA 债参考YTM：1.7640,N,15.344,全价：136.637 最后更新：15:34:48,,,,0,{'M': ''},0,0,N,,,buy,buy
2026-05-12 10:04:23,123061,航新转债,hxzz,135.9,-1.38,300424,航新科技,hxkj,19.5,-1.52,6.51,14.82,131.58,0,3.28,139.18,650201,国防军工,szcy,C,2020-08-18,[],0,0,buy,A-,,10.374,19.266,3.5,buy,2026-07-22,0.195,1.674,4210.82,29128.73,18.49,-68.67,,0,15:34:42,00,Y,N,0,0,Y,,2021-01-28 开始转股,计算使用0.2年期 评级为A- 债参考YTM：8.7397,N,2.5,全价：135.900 最后更新：15:34:42,,,,1,[],0,0,N,,,buy,buy
2026-05-12 10:04:23,111023,利柏转债,lbzz,163.565,-3.98,605167,利柏特,lbt,19.2,-2.98,4.16,12.14,158.16,0,3.42,166.99,620402,建筑装饰,shmb,C,2025-07-22,[],0,0,buy,AA,,8.498,15.782,8.7,buy,2031-07-03,5.145,7.496,20084.56,12651.35,16.1,-6.86,,0,14:59:55,00,Y,N,0,0,Y,,2026-01-09 开始转股,计算使用5.2年期 评级为AA 债参考YTM：2.1498,N,7.5,全价：163.565 最后更新：14:59:55,,,,0,[],0,0,N,,,buy,buy
2026-05-12 10:04:23,123198,金埔转债,jpzz,142.5,-0.86,301098,金埔园林,jpyl,10.3,2.39,1.79,7.55,136.42,0,4.45,146.95,620307,建筑装饰,szcy,C,2023-07-07,[],0,0,buy,A,,5.285,9.815,21.1,buy,2029-06-08,3.077,3.259,6637.02,11906.88,14.23,-5.54,,0,15:34:12,00,Y,N,1,1,Y,转股价下修1次，成功下修1次,2023-12-14 开始转股,计算使用3.1年期 评级为A 债参考YTM：7.1551,N,5.2,全价：142.500 最后更新：15:34:12,,,,0,{'M': ''},0,0,N,,,buy,buy
2026-05-12 10:04:23,110077,洪城转债,hczz,223.527,-0.65,600461,洪城环境,hchj,10.42,1.07,1.3,4.88,213.53,0,4.68,228.21,760102,环保,shmb,C,2020-12-17,[],0,0,buy,AA+,,3.416,6.344,5.0,buy,2026-11-20,0.526,6.685,7455.29,15423.06,4.96,-97.06,,0,14:59:54,00,Y,N,0,0,Y,,2021-05-26 开始转股,计算使用0.6年期 评级为AA+ 债参考YTM：1.4822,N,18.0,全价：223.527 最后更新：14:59:54,,,,1,"{'G': '本次（2025年6月22日至2025年7月11日）不提前赎回，以2026年7月12日为首个交易日重新计算', 'M': ''}",0,0,N,,,buy,buy
2026-05-12 10:04:23,113597,佳力转债,jlzz,137.702,-2.1,603912,佳力图,jlt,11.41,-0.87,3.5,8.68,131.45,0,4.75,142.45,640105,机械设备,shmb,C,2020-08-21,[],0,0,buy,AA-,,6.076,11.284,4.8,buy,2026-07-30,0.216,2.97,11445.68,28509.73,27.91,-66.95,,0,14:59:56,00,Y,N,1,1,Y,转股价下修1次，成功下修1次,2021-02-05 开始转股,计算使用0.3年期 评级为AA- 债参考YTM：1.6940,N,3.0,全价：137.702 最后更新：14:59:56,,,,1,[],0,0,N,,,buy,buy
2026-05-12 10:04:23,127084,柳工转2,lgz2,138.2,-3.75,000528,柳工,lg,9.63,-4.65,1.03,7.3,131.92,0,4.76,142.96,640601,机械设备,szmb,C,2023-04-20,[],0,0,buy,AAA,,5.11,9.49,12.7,buy,2029-03-27,2.877,24.809,29897.65,103345.8,8.63,-6.06,,0,15:34:48,00,Y,N,0,0,Y,,2023-10-09 开始转股,计算使用2.9年期 评级为AAA 债参考YTM：1.7213,N,30.0,全价：138.200 最后更新：15:34:48,,,,0,{'M': ''},0,0,N,,,buy,buy
2026-05-12 10:04:23,123188,水羊转债,syzz,209.582,-0.56,300740,水羊股份,sygf,27.02,0.78,4.66,13.54,199.56,0,5.02,214.6,770202,美容护理,szcy,C,2023-04-25,[],0,0,buy,A+,,9.478,17.602,6.6,buy,2029-04-04,2.899,6.422,19808.11,49005.51,14.62,-17.93,,0,15:34:33,00,Y,N,0,0,Y,,2023-10-11 开始转股,计算使用2.9年期 评级为A+ 债参考YTM：4.7503,N,6.95,全价：209.582 最后更新：15:34:33,,,,0,"{'G': '本次（2026年3月2日至2026年3月20日）不提前赎回，自2026年6月20日后首个交易日重新计算', 'M': ''}",0,0,N,,,buy,buy
2026-05-12 10:04:23,113644,艾迪转债,adzz,144.536,-1.82,603638,艾迪精密,adjm,25.55,0.0,5.58,18.65,137.0,0,5.5,150.04,640602,机械设备,shmb,C,2022-05-12,[],0,0,buy,AA-,,13.055,24.245,4.7,buy,2028-04-15,1.929,9.999,7036.81,21448.67,4.83,-10.48,,0,14:59:48,00,Y,N,1,1,Y,转股价下修1次，成功下修1次,2022-11-18 开始转股,计算使用2.0年期 评级为AA- 债参考YTM：2.1553,N,10.0,全价：144.536 最后更新：14:59:48,,,,1,{'M': ''},0,0,N,,,buy,buy
2026-05-12 10:04:23,128136,立讯转债,lxzz,146.863,-3.82,002475,立讯精密,lxjm,77.19,1.49,6.33,55.97,137.91,0,6.49,153.35,270504,电子,szmb,C,2020-12-02,[],0,0,buy,AA+,,39.179,72.761,0.5,buy,2026-11-03,0.48,29.983,78517.14,1527007.44,17.69,-55.51,,0,15:34:30,00,Y,N,0,0,Y,,2021-05-10 开始转股,计算使用0.5年期 评级为AA+ 债参考YTM：1.4748,N,30.0,全价：146.863 最后更新：15:34:30,,,,1,{'M': ''},0,0,N,,,buy,buy
2026-05-12 10:04:23,113062,常银转债,cyzz,131.332,-0.06,601128,常熟银行,csyh,7.25,1.4,0.73,5.89,123.09,0,6.7,138.03,480501,银行,shmb,C,2022-10-17,[],0,0,buy,AAA,,,7.657,25.0,buy,2028-09-15,2.348,59.994,16274.23,40882.78,2.06,-7.62,,0,14:59:58,00,Y,N,0,0,Y,,2023-03-21 开始转股,计算使用2.4年期 评级为AAA 债参考YTM：1.6819,N,60.0,全价：131.332 最后更新：14:59:58,,,,0,{'M': ''},0,0,N,,,buy,buy
2026-05-12 10:04:23,127096,泰坦转债,ttzz,350.102,1.48,003036,泰坦股份,ttgf,43.52,2.06,6.26,13.27,327.96,0,6.75,356.85,640206,机械设备,szmb,C,2023-11-15,[],0,0,buy,A,,9.289,17.251,3.1,buy,2029-10-25,3.458,2.916,227094.45,78974.29,223.28,-26.98,,0,15:34:27,00,Y,N,0,0,Y,,2024-05-06 开始转股,计算使用3.5年期 评级为A 债参考YTM：7.2315,N,2.955,全价：350.102 最后更新：15:34:27,,,,0,{'G': '本次（2026年2月9日至2026年3月11日）不提前赎回，以2026年6月11日后首个交易日起重新计算'},0,0,N,,,buy,buy
2026-05-12 10:04:23,127047,帝欧转债,dozz,174.78,-3.38,002798,帝欧水华,dosh,8.34,-1.65,2.62,5.1,163.53,0,6.88,181.66,360306,轻工制造,szmb,C,2021-11-26,[],0,0,buy,A-,,3.57,6.63,10.8,buy,2027-10-25,1.455,4.655,16485.35,17976.55,19.92,-24.33,,0,15:34:48,00,Y,N,1,1,Y,转股价下修1次，成功下修1次,2022-04-29 开始转股,计算使用1.5年期 评级为A- 债参考YTM：9.0703,N,15.0,全价：174.780 最后更新：15:34:48,,,,1,{'G': '本次（2026年4月15日至2026年5月8日）不提前赎回，以2026年8月8日后首个交易日起重新计算'},0,0,N,,,buy,buy
2026-05-12 10:04:23,127078,优彩转债,yczz,162.129,-3.95,002998,优彩资源,yczy,9.83,-2.87,1.92,6.48,151.7,0,6.88,169.01,220401,基础化工,szmb,C,2023-01-09,[],0,0,buy,A+,,4.536,8.424,15.6,buy,2028-12-14,2.595,4.159,6852.66,11485.12,10.03,-11.36,,0,15:34:51,00,Y,N,0,0,N,2026-05-11 起暂停转股：权益分派,2023-06-20 开始转股;2026-05-11 起暂停转股：权益分派,计算使用2.6年期 评级为A+ 债参考YTM：4.6646,N,6.0,全价：162.129 最后更新：15:34:51,,,,0,{'G': '本次（2026年1月21日至2026年2月24日）不提前赎回，自2026年5月24日后首个交易日重新计算'},0,0,N,,,buy,buy
2026-05-12 10:04:23,113051,节能转债,jnzz,165.002,-4.98,601016,节能风电,jnfd,5.12,0.0,1.85,3.33,153.75,0,7.32,172.32,410107,公用事业,shmb,C,2021-07-22,[],0,0,buy,AA+,,2.331,4.329,8.6,buy,2027-06-21,1.11,26.52,166010.92,431202.73,35.85,-29.89,,0,15:00:00,00,Y,N,1,0,Y,转股价下修1次，成功下修0次,2021-12-27 开始转股,计算使用1.2年期 评级为AA+ 债参考YTM：1.6025,N,30.0,全价：165.002 最后更新：15:00:00,,,,1,{'M': ''},0,0,N,,,buy,buy
2026-05-12 10:04:23,123253,永贵转债,ygzz,153.692,-3.0,300351,永贵电器,ygdq,26.01,-4.37,4.09,18.23,142.68,0,7.72,161.41,640501,机械设备,szcy,C,2025-03-28,[],0,0,buy,AA-,,12.761,23.699,14.3,buy,2031-03-13,4.838,9.798,29963.66,90421.77,19.59,-5.46,,0,15:34:21,00,Y,N,0,0,Y,,2025-09-19 开始转股,计算使用4.9年期 评级为AA- 债参考YTM：2.7710,N,9.8,全价：153.692 最后更新：15:34:21,,,,0,{'M': ''},0,0,N,,,buy,buy
2026-05-12 10:04:23,110074,精达转债,jdzz,449.68,-0.48,600577,精达股份,jdgf,13.6,-0.87,4.66,3.26,417.18,0,7.79,457.47,630805,电力设备,shmb,C,2020-09-21,[],0,0,buy,AA,,2.282,4.238,0.9,buy,2026-08-19,0.271,2.637,29538.52,76762.95,24.89,-279.68,,0,14:59:56,00,Y,N,0,0,Y,,2021-02-25 开始转股,计算使用0.3年期 评级为AA 债参考YTM：1.4811,N,7.87,全价：449.680 最后更新：14:59:56,,,,1,"{'G': '本次（2025年12月19日至2026年1月12日）不提前赎回，以2026年6月13日为首个交易日重新计算', 'M': ''}",0,0,N,,,buy,buy
2026-05-12 10:04:23,123118,惠城转债,hczz,528.0,1.29,300779,惠城环保,hchb,70.99,1.0,6.64,14.59,486.57,0,8.52,536.52,760103,环保,szcy,C,2021-07-26,[],0,0,buy,A+,,10.213,18.967,0.6,buy,2027-07-07,1.153,0.657,38316.51,53988.3,112.47,-73.27,,0,15:34:00,00,Y,N,0,0,Y,,2022-01-13 开始转股,计算使用1.2年期 评级为A+ 债参考YTM：4.2879,N,3.2,全价：528.000 最后更新：15:34:00,,,,1,{'M': ''},0,0,N,,,buy,buy
2026-05-12 10:04:23,123059,银信转债,yxzz,132.888,-0.94,300231,银信科技,yxkj,11.2,-1.15,2.98,9.15,122.4,0,8.56,141.45,710301,计算机,szcy,C,2020-08-12,[],0,0,buy,AA-,,6.405,11.895,3.2,buy,2026-07-15,0.175,1.569,3387.65,15900.46,16.18,-64.91,,0,15:34:39,00,Y,N,0,0,Y,,2021-01-21 开始转股,计算使用0.2年期 评级为AA- 债参考YTM：1.6897,N,3.914,全价：132.888 最后更新：15:34:39,,,,1,[],0,0,N,,,buy,buy
2026-05-12 10:04:23,127090,兴瑞转债,xrzz,143.3,-12.4,002937,兴瑞科技,xrkj,33.5,-2.05,6.36,25.5,131.37,0,9.08,152.38,280206,汽车,szmb,C,2023-08-15,[],0,0,buy,AA-,,17.85,33.15,4.6,buy,2029-07-24,3.203,4.616,57369.57,31614.28,84.11,-5.92,,0,15:34:06,00,Y,N,0,0,Y,,2024-01-29 开始转股,计算使用3.3年期 评级为AA- 债参考YTM：2.4949,N,4.62,全价：143.300 最后更新：15:34:06,,,,0,{'M': ''},0,0,N,,,buy,buy
2026-05-12 10:04:23,123091,长海转债,chzz,155.376,-4.56,300196,长海股份,chgf,21.83,0.88,1.82,15.34,142.31,0,9.18,164.56,610202,建筑材料,szcy,C,2021-01-15,[],0,0,buy,AA,,10.738,19.942,10.2,buy,2026-12-23,0.616,5.497,18313.42,60209.66,21.46,-46.54,,0,15:34:51,00,Y,N,0,0,N,2026-05-07 至 2026-05-14 期间暂停转股：权益分派,2021-06-29 开始转股;2026-05-07 至 2026-05-14 期间暂停转股：权益分派,计算使用0.7年期 评级为AA 债参考YTM：1.5111,N,5.5,全价：155.376 最后更新：15:34:51,,,,1,[],0,0,N,,,buy,buy
2026-05-12 10:04:23,127103,东南转债,dnzz,180.286,-2.81,002135,东南网架,dnwj,9.22,-1.39,1.62,5.6,164.64,0,9.5,189.79,620401,建筑装饰,szmb,C,2024-01-24,[],0,0,buy,AA,,3.92,7.28,20.8,buy,2030-01-03,3.649,19.999,16773.07,31208.8,4.61,-12.37,,0,15:34:12,00,Y,N,0,0,Y,,2024-07-09 开始转股,计算使用3.7年期 评级为AA 债参考YTM：1.9491,N,20.0,全价：180.286 最后更新：15:34:12,,,,0,"{'G': '本次（2026年3月17日至2026年4月28日）不提前赎回，自2026年7月28日后首个交易日重新计算', 'M': ''}",0,0,N,,,buy,buy
2026-05-12 10:04:23,123160,泰福转债,tfzz,168.7,-5.16,300992,泰福泵业,tfby,30.44,-2.0,3.22,19.77,153.97,0,9.57,178.27,640106,机械设备,szcy,C,2022-10-25,[],0,0,buy,A,,13.839,25.701,9.8,buy,2028-09-28,2.384,2.315,8203.15,6797.29,20.7,-13.79,,0,15:33:54,00,Y,N,1,1,Y,转股价下修1次，成功下修1次,2023-04-11 开始转股,计算使用2.4年期 评级为A 债参考YTM：6.9575,N,3.349,全价：168.700 最后更新：15:33:54,,,,0,{'M': ''},0,0,N,,,buy,buy
2026-05-12 10:04:23,123245,集智转债,jzzz,333.346,-2.49,300553,集智股份,jzgf,54.91,-0.99,7.17,18.11,303.2,0,9.94,343.29,640107,机械设备,szcy,C,2024-08-28,[],0,0,buy,A,,12.677,23.543,3.3,buy,2030-08-14,4.26,1.538,12483.75,21287.93,24.16,-21.54,,0,15:34:15,00,Y,N,0,0,Y,,2025-02-20 开始转股,计算使用4.3年期 评级为A 债参考YTM：7.3627,N,2.546,全价：333.346 最后更新：15:34:15,,,,0,{'G': '本次（2026年1月30日至2026年2月27日）不提前赎回，自2026年6月1日后首个交易日重新计算'},0,0,N,,,buy,buy
2026-05-12 10:04:23,123187,超达转债,cdzz,263.4,-3.16,301186,超达装备,cdzb,74.16,-2.72,3.72,30.98,239.38,0,10.03,273.43,280205,汽车,szcy,C,2023-04-25,[],0,0,buy,A,,21.686,40.274,3.9,buy,2029-04-04,2.899,2.242,22400.63,19755.35,37.28,-24.27,,0,15:34:30,00,Y,N,0,0,Y,,2023-10-11 开始转股,计算使用2.9年期 评级为A 债参考YTM：7.1003,N,4.69,全价：263.400 最后更新：15:34:30,,,,0,"{'G': '本次（2026年4月10日至2026年4月30日）不提前赎回，以2026年7月31日之后的首个交易日重新起算', 'M': ''}",0,0,N,,,buy,buy
2026-05-12 10:04:23,113661,福22转债,f22zz,142.333,-1.15,603806,福斯特,fst,18.88,-1.72,2.96,14.74,128.09,0,11.12,153.45,630504,电力设备,shmb,C,2022-12-22,[],0,0,buy,AA,,10.318,19.162,6.2,buy,2028-11-22,2.534,30.297,15364.79,102540.8,3.56,-8.75,,0,14:59:39,00,Y,N,1,1,Y,转股价下修1次，成功下修1次,2023-05-29 开始转股,计算使用2.6年期 评级为AA 债参考YTM：1.8124,N,30.3,全价：142.333 最后更新：14:59:39,,,,0,{'M': ''},0,0,N,,,buy,buy
2026-05-12 10:04:23,113042,上银转债,syzz,120.633,-0.47,601229,上海银行,shyh,9.28,0.54,0.5,8.57,108.29,0,11.4,132.03,480401,银行,shmb,C,2021-02-10,[],0,0,buy,AAA,,,11.141,15.2,buy,2027-01-25,0.707,199.776,38492.86,55598.66,1.6,-10.13,,0,14:59:55,00,Y,Y,0,0,Y,,2021-07-29 开始转股,计算使用0.8年期 评级为AAA 债参考YTM：1.4727,N,200.0,全价：120.633 最后更新：14:59:55,,,,0,{'M': ''},0,0,N,,,buy,buy
2026-05-12 10:04:23,127053,豪美转债,hmzz,213.511,-5.78,002988,豪美新材,hmxc,33.0,-2.57,3.02,17.23,191.53,0,11.48,224.99,240301,有色金属,szmb,C,2022-03-04,[],0,0,buy,AA-,,12.061,22.399,3.1,buy,2028-01-24,1.704,2.58,11295.47,17061.77,20.04,-28.77,,0,15:34:51,00,Y,N,1,1,Y,转股价下修1次，成功下修1次,2022-07-28 开始转股,计算使用1.8年期 评级为AA- 债参考YTM：2.1047,N,8.24,全价：213.511 最后更新：15:34:51,,,,1,[],0,0,N,,,buy,buy
2026-05-12 10:04:23,111000,起帆转债,qfzz,263.653,-2.1,605222,起帆电缆,qfdl,41.0,0.2,3.5,17.35,236.31,0,11.57,275.22,630805,电力设备,shmb,C,2021-06-17,[],0,0,buy,AA-,,12.145,22.555,5.9,buy,2027-05-24,1.033,9.992,181677.81,92377.37,68.47,-54.87,,0,15:00:00,00,Y,N,1,1,Y,转股价下修1次，成功下修1次,2021-11-29 开始转股,计算使用1.1年期 评级为AA- 债参考YTM：1.9188,N,10.0,全价：263.653 最后更新：15:00:00,,,,1,{'G': '本次（2026年3月13日至2026年4月20日）不提前赎回，以2026年10月21日为首个交易日重新起算'},0,0,N,,,buy,buy
2026-05-12 10:04:23,113686,泰瑞转债,trzz,167.784,-1.98,603289,泰瑞机器,trjq,12.25,-1.76,2.4,8.15,150.31,0,11.63,179.41,640209,机械设备,shmb,C,2024-07-24,[],0,0,buy,AA-,,5.705,10.595,9.4,buy,2030-07-02,4.143,3.364,16956.32,18509.68,29.47,-7.92,,0,14:59:57,00,Y,N,0,0,Y,,2025-01-08 开始转股,计算使用4.2年期 评级为AA- 债参考YTM：2.6339,N,3.378,全价：167.784 最后更新：14:59:57,,,,0,[],0,0,N,,,buy,buy
2026-05-12 10:04:23,127079,华亚转债,hyzz,218.6,-2.02,003043,华亚智能,hyzn,59.84,1.37,4.32,30.73,194.73,0,12.26,230.86,270108,电子,szmb,C,2023-01-16,[],0,0,buy,A+,,21.511,39.949,6.2,buy,2028-12-16,2.6,3.106,9524.1,39431.05,13.89,-21.13,,0,15:33:54,00,Y,N,2,2,Y,转股价下修2次，成功下修2次,2023-06-26 开始转股,计算使用2.6年期 评级为A+ 债参考YTM：4.6646,N,3.4,全价：218.600 最后更新：15:33:54,,,,0,{'G': '本次（2026年1月28日至2026年2月25日）不提前赎回，以2026年5月26日作为首个交易日重新计算'},0,0,N,,,buy,buy
2026-05-12 10:04:23,123251,华医转债,hyzz,320.182,-1.53,301235,华康洁净,hkjj,63.92,-0.09,3.62,22.43,284.98,0,12.35,332.53,370502,医药生物,szcy,C,2025-01-09,[],0,0,buy,A+,,15.701,29.159,15.1,buy,2030-12-23,4.619,7.012,79802.73,43263.93,34.68,-19.41,,0,15:34:24,00,Y,N,0,0,Y,,2025-06-27 开始转股,计算使用4.7年期 评级为A+ 债参考YTM：5.0857,N,7.5,全价：320.182 最后更新：15:34:24,,,,0,"{'G': '本次（2025年11月20日至2025年12月15日）不提前赎回，自2026年6月15日后首个交易日重新计算', 'M': ''}",0,0,N,,,buy,buy
2026-05-12 10:04:23,123183,海顺转债,hszz,145.4,-0.27,300501,海顺新材,hsxc,15.03,1.62,2.7,11.63,129.24,0,12.51,157.91,360206,轻工制造,szcy,C,2023-04-20,[],0,0,buy,AA-,,8.141,15.119,29.5,buy,2029-03-23,2.866,6.329,7860.73,16630.23,8.53,-6.99,,0,15:34:27,00,Y,N,2,0,Y,转股价下修2次，成功下修0次,2023-10-09 开始转股,计算使用2.9年期 评级为AA- 债参考YTM：2.4014,N,6.33,全价：145.400 最后更新：15:34:27,,,,0,[],0,0,N,,,buy,buy
2026-05-12 10:04:23,113048,晶科转债,jkzz,177.532,-1.56,601778,晶科科技,jkkj,7.1,-2.74,1.66,4.5,157.78,0,12.52,190.05,410106,公用事业,shmb,C,2021-05-31,[],0,0,buy,AA,,3.15,5.85,5.8,buy,2027-04-23,0.948,15.456,61135.16,291975.77,22.06,-39.05,,0,15:00:00,00,Y,N,2,2,Y,转股价下修2次，成功下修2次,2021-10-29 开始转股,计算使用1.0年期 评级为AA 债参考YTM：1.5798,N,30.0,全价：177.532 最后更新：15:00:00,,,,1,"{'G': '本次（2026年3月25日至2026年5月6日）不提前赎回，以2026年8月7日为首个交易日重新计算', 'M': ''}",0,0,N,,,buy,buy
2026-05-12 10:04:23,123241,欧通转债,otzz,1022.889,1.47,300870,欧陆通,olt,394.4,1.52,16.28,43.43,908.13,0,12.64,1035.53,630306,电力设备,szcy,C,2024-07-26,[],0,0,buy,AA-,,30.401,56.459,0.6,buy,2030-07-05,4.151,2.605,138811.42,139439.11,52.48,-41.16,,0,15:33:54,00,Y,N,0,0,Y,,2025-01-13 开始转股,计算使用4.2年期 评级为AA- 债参考YTM：2.6339,N,6.445,全价：1022.889 最后更新：15:33:54,,,,0,"{'G': '本次（2026年4月14日至2026年5月7日）不提前赎回，自2026年8月7日后首个交易日重新计算', 'M': ''}",0,0,N,,,buy,buy
2026-05-12 10:04:23,127040,国泰转债,gtzz,136.672,-1.9,002091,江苏国泰,jsgt,9.25,-2.84,0.91,7.65,120.92,0,13.03,149.7,450201,商贸零售,szmb,C,2021-08-10,[],0,0,buy,AA+,,5.355,9.945,27.0,buy,2027-07-07,1.153,39.863,10593.1,42463.69,1.93,-17.53,,0,15:34:24,00,Y,N,0,0,Y,,2022-01-13 开始转股,计算使用1.2年期 评级为AA+ 债参考YTM：1.6025,N,45.574,全价：136.672 最后更新：15:34:24,,,,1,{'M': ''},0,0,N,,,buy,buy
2026-05-12 10:04:23,118034,晶能转债,jnzz,132.243,-0.04,688223,晶科能源,jkny,7.42,0.54,2.95,6.35,116.85,0,13.17,145.41,630502,电力设备,shkc,C,2023-05-19,[],0,0,buy,AA+,,4.445,7.62,10.9,buy,2029-04-20,2.943,83.22,27980.0,165272.5,2.53,-5.78,,0,14:59:38,00,Y,N,1,1,Y,转股价下修1次，成功下修1次,2023-10-26 开始转股,计算使用3.0年期 评级为AA+ 债参考YTM：1.7787,N,100.0,全价：132.243 最后更新：14:59:38,,,,0,{'M': ''},0,0,N,120%,,buy,buy
2026-05-12 10:04:23,113605,大参转债,dszz,122.704,-0.97,603233,大参林,dsl,18.76,-0.21,2.71,17.35,108.13,0,13.48,136.18,370403,医药生物,shmb,C,2020-11-13,[],0,0,buy,AA,,12.145,22.555,6.6,buy,2026-10-22,0.447,14.045,6761.54,7529.8,3.92,-23.33,,0,15:00:00,00,Y,N,1,1,Y,转股价下修1次，成功下修1次,2021-04-28 开始转股,计算使用0.5年期 评级为AA 债参考YTM：1.4948,N,14.05,全价：122.704 最后更新：15:00:00,,,,1,{'M': ''},0,0,N,,,buy,buy
2026-05-12 10:04:23,113646,永吉转债,yjzz,168.062,-3.49,603058,永吉股份,yjgf,11.85,-3.81,4.11,8.05,147.21,0,14.17,182.23,360205,轻工制造,shmb,C,2022-05-17,[],0,0,buy,AA-,,5.635,10.465,2.8,buy,2028-04-14,1.926,1.372,4674.77,18642.37,20.05,-19.88,,0,14:59:58,00,Y,N,0,0,Y,,2022-10-20 开始转股,计算使用2.0年期 评级为AA- 债参考YTM：2.1553,N,1.459,全价：168.062 最后更新：14:59:58,,,,1,[],0,0,N,,,buy,buy
2026-05-12 10:04:23,128128,齐翔转2,qxz2,124.889,-2.25,002408,齐翔腾达,qxtd,5.85,-2.34,1.51,5.37,108.94,0,14.64,139.53,750303,石油石化,szmb,C,2020-09-15,[],0,0,buy,AA,,3.759,6.981,4.2,buy,2026-08-20,0.274,6.792,5189.97,23327.32,6.08,-43.96,,0,15:34:06,00,Y,N,0,0,Y,,2021-02-26 开始转股,计算使用0.3年期 评级为AA 债参考YTM：1.4811,N,29.9,全价：124.889 最后更新：15:34:06,,,,1,{'M': ''},0,0,N,,,buy,buy
2026-05-12 10:04:23,113058,友发转债,yfzz,141.614,-1.49,601686,友发集团,yfjt,5.53,-1.6,1.19,4.48,123.44,0,14.73,156.34,230403,钢铁,shmb,C,2022-04-26,[],0,0,buy,AA,,3.136,5.824,22.9,buy,2028-03-30,1.885,18.638,8392.77,3520.41,3.16,-11.05,,0,14:59:53,00,Y,N,2,2,Y,转股价下修2次，成功下修2次,2022-10-10 开始转股,计算使用1.9年期 评级为AA 债参考YTM：1.7206,N,20.0,全价：141.614 最后更新：14:59:53,,,,1,{'G': '本次（2026年1月27日至2026年2月24日）不提前赎回，自2026年5月24日后首个交易日重新计算'},0,0,N,,,buy,buy
2026-05-12 10:04:23,128125,华阳转债,hyzz,116.108,-0.57,002949,华阳国际,hygj,14.55,-2.02,1.8,14.39,101.11,0,14.83,130.94,620601,建筑装饰,szmb,C,2020-08-21,[],0,0,buy,AA-,,10.073,18.707,20.3,buy,2026-07-30,0.216,4.496,3964.51,4823.01,7.57,-12.53,,0,15:34:42,00,Y,N,2,2,Y,转股价下修2次，成功下修2次,2021-02-05 开始转股,计算使用0.3年期 评级为AA- 债参考YTM：1.6940,N,4.5,全价：116.108 最后更新：15:34:42,,,,1,[],0,0,N,,,buy,buy
2026-05-12 10:04:23,113631,皖天转债,wtzz,141.269,-1.45,603689,皖天然气,wtrq,8.35,-0.71,1.15,6.81,122.61,0,15.21,156.48,410301,公用事业,shmb,C,2021-12-10,[],0,0,buy,AA+,,4.767,8.853,13.6,buy,2027-11-08,1.493,5.958,9266.17,2286.93,10.99,-14.64,,0,14:59:54,00,Y,N,0,0,Y,,2022-05-12 开始转股,计算使用1.5年期 评级为AA+ 债参考YTM：1.6428,N,9.3,全价：141.269 最后更新：14:59:54,,,,1,[],0,0,N,,,buy,buy
2026-05-12 10:04:23,118031,天23转债,t23zz,130.785,-0.13,688599,天合光能,thgn,18.11,0.72,2.05,16.0,113.19,0,15.55,146.34,630502,电力设备,shkc,C,2023-03-15,[],0,0,buy,AA,,11.2,20.8,13.8,buy,2029-02-13,2.762,58.512,20908.54,96910.13,2.72,-3.62,,0,14:59:48,00,Y,N,2,2,Y,转股价下修2次，成功下修2次,2023-08-17 开始转股,计算使用2.8年期 评级为AA 债参考YTM：1.8351,N,88.648,全价：130.785 最后更新：14:59:48,,,,0,{'M': ''},0,0,N,,,buy,buy
2026-05-12 10:04:23,127055,精装转债,jzzz,197.955,-4.63,002989,中天精装,ztjz,31.61,-2.01,4.44,18.5,170.87,0,15.85,213.81,620201,建筑装饰,szmb,C,2022-03-24,[],0,0,buy,AA-,,12.95,24.05,3.6,buy,2028-02-22,1.784,2.081,19858.9,32508.61,47.97,-25.75,,0,15:34:42,00,Y,N,0,0,Y,,2022-08-29 开始转股,计算使用1.8年期 评级为AA- 债参考YTM：2.1047,N,5.77,全价：197.955 最后更新：15:34:42,,,,1,{'G': '本次（2026年2月24日至2026年3月16日）不提前赎回，自2027年3月16日后首个交易日重新计算'},0,0,N,,,buy,buy
2026-05-12 10:04:23,123149,通裕转债,tyzz,141.165,-1.28,300185,通裕重工,tyzg,3.3,0.61,1.83,2.71,121.77,0,15.93,157.1,630602,电力设备,szcy,C,2022-07-15,[],0,0,buy,AA,,1.897,3.523,8.7,buy,2028-06-20,2.11,11.069,8385.36,67198.44,5.34,-9.32,,0,15:34:12,00,Y,N,0,0,Y,,2022-12-26 开始转股,计算使用2.2年期 评级为AA 债参考YTM：1.7640,N,14.847,全价：141.165 最后更新：15:34:12,,,,0,{'M': ''},0,0,N,,,buy,buy
2026-05-12 10:04:23,113056,重银转债,cyzz,127.67,-0.18,601963,重庆银行,cqyh,10.44,0.97,0.57,9.5,109.9,0,16.17,143.84,480401,银行,shmb,C,2022-04-14,[],0,0,buy,AAA,,,12.35,54.5,buy,2028-03-23,1.866,115.631,18814.58,11681.31,1.27,-6.64,,0,14:59:58,00,Y,N,0,0,Y,,2022-09-30 开始转股,计算使用1.9年期 评级为AAA 债参考YTM：1.6342,N,130.0,全价：127.670 最后更新：14:59:58,,,,0,[],0,0,N,,,buy,buy
2026-05-12 10:04:23,113680,丽岛转债,ldzz,151.648,-2.58,603937,丽岛新材,ldxc,16.81,-5.98,2.23,12.91,130.21,0,16.46,168.11,240301,有色金属,shmb,C,2023-12-05,[],0,0,buy,A+,,9.037,16.783,8.5,buy,2029-11-15,3.515,2.998,20476.74,39759.0,45.06,-6.51,,0,15:00:00,00,Y,N,0,0,Y,,2024-05-21 开始转股,计算使用3.6年期 评级为A+ 债参考YTM：4.8965,N,3.0,全价：151.648 最后更新：15:00:00,,,,0,[],0,0,N,,,buy,buy
2026-05-12 10:04:23,113681,镇洋转债,zyzz,143.39,-0.78,603213,镇洋发展,zyfz,13.78,-0.79,3.08,11.2,123.04,0,16.54,159.93,220202,基础化工,shmb,C,2024-01-17,[],0,0,buy,AA-,,7.84,14.56,9.5,buy,2029-12-29,3.636,5.797,3754.55,2402.95,4.5,-5.02,,0,14:59:55,00,Y,N,0,0,Y,,2024-07-05 开始转股,计算使用3.7年期 评级为AA- 债参考YTM：2.5540,N,6.6,全价：143.390 最后更新：14:59:55,,,,0,[],0,0,N,,,buy,buy
2026-05-12 10:04:23,127110,广核转债,ghzz,151.975,-1.27,003816,中国广核,zggh,4.77,0.21,1.91,3.67,129.97,0,16.93,168.91,410108,公用事业,szmb,C,2025-07-25,[],0,0,buy,AAA,,2.569,4.771,2.6,buy,2031-07-09,5.162,48.994,13782.09,78733.7,1.85,-6.13,,0,15:34:18,00,Y,N,0,0,Y,,2026-01-15 开始转股,计算使用5.2年期 评级为AAA 债参考YTM：1.8545,N,49.0,全价：151.975 最后更新：15:34:18,,,,0,"{'M': '', 'EX': '中国广核集团有限公司竞价、大宗减持10.59% 2026年05月05日公告'}",0,0,N,,,buy,buy
2026-05-12 10:04:23,127034,绿茵转债,lyzz,140.35,-2.98,002887,绿茵生态,lyst,13.81,-3.36,1.72,11.51,119.98,0,16.98,157.33,760104,环保,szmb,C,2021-05-28,[],0,0,buy,AA-,,8.057,14.963,14.3,buy,2027-04-30,0.967,4.279,10582.24,14314.07,17.52,-20.21,,0,15:34:33,00,Y,N,0,0,Y,,2021-11-11 开始转股,计算使用1.0年期 评级为AA- 债参考YTM：1.8798,N,7.12,全价：140.350 最后更新：15:34:33,,,,1,[],0,0,N,,,buy,buy
2026-05-12 10:04:23,118011,银微转债,ywzz,149.11,-1.41,688689,银河微电,yhwd,39.85,-0.67,3.66,31.3,127.32,0,17.12,166.23,270102,电子,shkc,C,2022-08-02,[],0,0,buy,A+,,21.91,40.69,9.7,buy,2028-07-04,2.148,4.997,8296.1,11268.46,11.09,-10.12,,0,14:59:54,00,Y,N,0,0,Y,,2023-01-09 开始转股,计算使用2.2年期 评级为A+ 债参考YTM：4.5509,N,5.0,全价：149.110 最后更新：14:59:54,,,,0,{'M': ''},0,0,N,,,buy,buy
2026-05-12 10:04:23,118044,赛特转债,stzz,205.139,-5.14,688398,赛特新材,stxc,33.0,-3.48,4.83,18.9,174.6,0,17.49,222.63,220309,基础化工,shkc,C,2023-10-12,[],0,0,buy,A+,,13.23,24.57,8.0,buy,2029-09-11,3.337,4.42,7970.49,11115.69,8.65,-15.67,,0,14:59:54,00,Y,N,1,1,Y,转股价下修1次，成功下修1次,2024-03-15 开始转股,计算使用3.4年期 评级为A+ 债参考YTM：4.8656,N,4.42,全价：205.139 最后更新：14:59:54,,,,0,"{'G': '本次（2026年3月10日至2026年4月20日）不提前赎回，以2026年10月21日起算', 'M': ''}",0,0,N,,,buy,buy
2026-05-12 10:04:23,128108,蓝帆转债,lfzz,107.6,-0.11,002382,蓝帆医疗,lfyl,7.24,1.97,1.03,7.95,91.07,0,18.15,125.75,370503,医药生物,szmb,C,2020-06-19,[],0,0,buy,AA-,,5.565,10.335,21.0,buy,2026-05-28,0.044,15.198,11945.11,19809.13,7.3,9.05,,0,15:34:21,00,Y,N,8,8,Y,转股价下修8次，成功下修8次,2020-12-03 开始转股,计算使用0.1年期 评级为AA- 债参考YTM：1.6868,N,31.44,全价：107.600 最后更新：15:34:21,,,,1,"{'R': '到期\n最后交易日：2026-05-22\n最后转股日：2026-05-27\n债券到期日：2026-05-28\n到期赎回价：108.000元/张', 'M': ''}",0,0,N,,,buy,buy
2026-05-12 10:04:23,118018,瑞科转债,rkzz,146.889,-0.19,688323,瑞华泰,rht,26.1,-5.16,5.6,21.0,124.29,0,18.19,165.08,220505,基础化工,shkc,C,2022-09-14,[],0,0,buy,A,,14.7,27.3,9.2,buy,2028-08-18,2.271,4.299,18459.95,42696.82,29.4,-10.99,,0,14:59:59,00,Y,N,1,1,Y,转股价下修1次，成功下修1次,2023-02-24 开始转股,计算使用2.3年期 评级为A 债参考YTM：6.9291,N,4.3,全价：146.889 最后更新：14:59:59,,,,0,{'M': ''},0,0,N,,,buy,buy
2026-05-12 10:04:23,113039,嘉泽转债,jzzz,244.756,-0.91,601619,嘉泽新能,jzxn,6.01,0.33,2.18,2.91,206.53,0,18.51,263.27,410107,公用事业,shmb,C,2020-09-17,[],0,0,buy,AA,,2.037,3.783,2.0,buy,2026-08-24,0.285,2.865,45096.2,35227.52,63.79,-196.12,,0,14:59:58,00,Y,N,0,0,Y,,2021-03-01 开始转股,计算使用0.3年期 评级为AA 债参考YTM：1.4811,N,13.0,全价：244.756 最后更新：14:59:58,,,,1,"{'G': '本次（2026年3月26日至2026年4月16日）不提前赎回，至到期日（2026年8月23日）均不行使赎回权利', 'M': ''}",0,0,N,,,buy,buy
2026-05-12 10:04:23,113615,金诚转债,jczz,680.217,-0.5,603979,金诚信,jcx,67.6,4.0,3.62,11.78,573.85,0,18.53,698.75,240302,有色金属,shmb,C,2021-01-14,[],0,0,buy,AA,,8.246,15.314,1.2,buy,2026-12-23,0.616,4.958,78502.7,104255.05,22.67,-136.12,,0,14:59:59,00,Y,N,0,0,Y,,2021-06-29 开始转股,计算使用0.7年期 评级为AA 债参考YTM：1.5111,N,10.0,全价：680.217 最后更新：14:59:59,,,,1,"{'G': '本次（2025年10月10日至2025年10月30日）不提前赎回，至2026年12月22日到期均不提前赎回', 'M': ''}",0,0,N,,,buy,buy
2026-05-12 10:04:23,113043,财通转债,ctzz,130.131,0.12,601108,财通证券,ctzq,8.81,2.09,1.06,8.03,109.71,0,18.61,148.74,490101,非银金融,shmb,C,2020-12-28,[],0,0,buy,AAA,,,10.439,9.3,buy,2026-12-10,0.581,37.992,24338.24,112840.45,4.89,-32.08,,0,14:59:53,00,Y,Y,1,1,Y,转股价下修1次，成功下修1次,2021-06-16 开始转股,计算使用0.6年期 评级为AAA 债参考YTM：1.4524,N,38.0,全价：130.131 最后更新：14:59:53,,,,0,{'M': ''},0,0,N,,,buy,buy
2026-05-12 10:04:23,111004,明新转债,mxzz,145.35,0.18,605068,明新旭腾,mxxt,29.87,6.72,2.87,24.41,122.37,0,18.78,164.13,280202,汽车,shmb,C,2022-04-25,[],0,0,buy,AA-,,17.087,31.733,13.9,buy,2028-03-30,1.885,6.715,13860.25,24909.75,14.15,-10.8,,0,14:59:58,00,Y,N,0,0,Y,,2022-10-10 开始转股,计算使用1.9年期 评级为AA- 债参考YTM：2.1290,N,6.73,全价：145.350 最后更新：14:59:58,,,,1,[],0,0,N,,,buy,buy
2026-05-12 10:04:23,113588,润达转债,rdzz,122.645,-2.27,603108,润达医疗,rdyl,13.38,-2.55,2.17,12.97,103.16,0,18.89,141.54,370402,医药生物,shmb,C,2020-07-13,[],0,0,buy,AA,,9.079,16.861,2.9,buy,2026-06-17,0.099,2.336,4649.65,19265.59,16.08,-116.01,,0,14:59:56,00,Y,N,0,0,Y,,2020-12-23 开始转股,计算使用0.1年期 评级为AA 债参考YTM：1.4768,N,5.5,全价：122.645 最后更新：14:59:56,,,,1,"{'R': '临近到期\n债券到期日：2026-06-17\n到期赎回价：109.000元/张', 'M': ''}",0,0,N,,,buy,buy
2026-05-12 10:04:23,113046,金田转债,jtzz,139.318,-0.7,601609,金田股份,jtgf,12.09,5.96,2.03,10.32,117.15,0,18.92,158.24,240302,有色金属,shmb,C,2021-04-12,[],0,0,buy,AA+,,7.224,13.416,7.2,buy,2027-03-22,0.86,14.992,84172.51,272337.41,39.3,-24.46,,0,14:59:59,00,Y,N,0,0,Y,,2021-09-27 开始转股,计算使用0.9年期 评级为AA+ 债参考YTM：1.5299,N,15.0,全价：139.318 最后更新：14:59:59,,,,1,{'M': ''},0,0,N,,,buy,buy
2026-05-12 10:04:23,123215,铭利转债,mlzz,146.402,-1.81,301268,铭利达,mld,23.62,-1.17,5.99,19.2,123.02,0,19.01,165.41,640108,机械设备,szcy,C,2023-08-23,[],0,0,buy,AA-,,13.44,24.96,10.0,buy,2029-08-03,3.23,8.555,7426.5,11519.0,5.88,-5.48,,0,15:34:09,00,Y,N,1,1,Y,转股价下修1次，成功下修1次,2024-02-19 开始转股,计算使用3.3年期 评级为AA- 债参考YTM：2.4949,N,10.0,全价：146.402 最后更新：15:34:09,,,,0,{'M': ''},0,0,N,,,buy,buy
2026-05-12 10:04:23,123076,强力转债,qlzz,139.517,-1.25,300429,强力新材,qlxc,14.87,-2.68,4.46,12.7,117.09,0,19.16,158.68,270601,电子,szcy,C,2020-12-04,[],0,0,buy,AA-,,8.89,16.51,9.2,buy,2026-11-19,0.523,5.466,5058.79,34813.84,6.63,-36.52,,0,15:34:42,00,Y,N,1,1,Y,转股价下修1次，成功下修1次,2021-05-25 开始转股,计算使用0.6年期 评级为AA- 债参考YTM：1.7605,N,8.5,全价：139.517 最后更新：15:34:42,,,,1,{'M': ''},0,0,N,,,buy,buy
2026-05-12 10:04:23,123213,天源转债,tyzz,230.8,-4.26,301127,武汉天源,whty,13.76,-1.22,2.69,7.14,192.72,0,19.76,250.56,760102,环保,szcy,C,2023-08-16,[],0,0,buy,AA-,,4.998,9.282,3.6,buy,2029-07-28,3.214,3.26,10853.88,16750.15,14.1,-19.48,,0,15:34:42,00,Y,N,0,0,Y,,2024-02-05 开始转股,计算使用3.3年期 评级为AA- 债参考YTM：2.4949,N,10.0,全价：230.800 最后更新：15:34:42,,,,0,"{'G': '本次（2026年3月13日至2026年4月2日）不提前赎回，自2026年10月2日后首个交易日重新计算', 'M': ''}",0,0,N,,,buy,buy
2026-05-12 10:04:23,127095,广泰转债,gtzz,151.305,-2.95,002111,威海广泰,whgt,11.4,-1.13,1.91,9.07,125.69,0,20.38,171.69,650201,国防军工,szmb,C,2023-11-10,[],0,0,buy,AA-,,6.349,11.791,12.4,buy,2029-10-18,3.438,6.927,5718.54,13509.61,5.41,-6.79,,0,15:34:09,00,Y,N,0,0,Y,,2024-04-24 开始转股,计算使用3.5年期 评级为AA- 债参考YTM：2.5265,N,7.0,全价：151.305 最后更新：15:34:09,,,,0,[],0,0,N,,,buy,buy
2026-05-12 10:04:23,111001,山玻转债,sbzz,182.985,-12.4,605006,山东玻纤,sdbx,16.99,3.85,3.93,11.18,151.97,0,20.41,203.4,610202,建筑材料,shmb,C,2021-12-06,[],0,0,buy,AA-,,7.826,14.534,5.9,buy,2027-11-08,1.493,5.994,360937.95,208429.57,321.72,-26.17,,0,15:00:00,00,Y,N,0,0,Y,,2022-05-12 开始转股,计算使用1.5年期 评级为AA- 债参考YTM：2.0353,N,6.0,全价：182.985 最后更新：15:00:00,,,,0,[],0,0,N,,,buy,buy
2026-05-12 10:04:23,123247,万凯转债,wkzz,316.874,-2.2,301216,万凯新材,wkxc,29.64,0.03,2.62,11.3,262.3,0,20.81,337.68,220501,基础化工,szcy,C,2024-09-05,[],0,0,buy,AA,,7.91,14.69,12.1,buy,2030-08-16,4.266,19.643,18976.13,37458.18,3.03,-21.48,,0,15:34:21,00,Y,N,0,0,Y,,2025-02-24 开始转股,计算使用4.3年期 评级为AA 债参考YTM：2.0277,N,27.0,全价：316.874 最后更新：15:34:21,,,,0,"{'G': '本次（2026年2月24日至2026年3月16日）不提前赎回，自2026年6月16日后首个交易日重新计算', 'M': ''}",0,0,N,,,buy,buy
2026-05-12 10:04:23,113632,鹤21转债,h21zz,137.396,-0.78,603733,仙鹤股份,xhgf,21.59,-1.14,1.7,18.99,113.69,0,20.85,158.25,360103,轻工制造,shmb,C,2021-12-09,[],0,0,buy,AA,,13.293,24.687,13.2,buy,2027-11-17,1.518,20.166,5272.54,4920.76,1.9,-11.8,,0,14:59:07,00,Y,N,2,2,Y,转股价下修2次，成功下修2次,2022-05-23 开始转股,计算使用1.6年期 评级为AA 债参考YTM：1.6829,N,20.5,全价：137.396 最后更新：14:59:07,,,,1,{'M': ''},0,0,N,,,buy,buy
2026-05-12 10:04:23,111018,华康转债,hkzz,141.699,-1.37,605077,华康股份,hkgf,19.02,0.37,1.77,16.26,116.97,0,21.14,162.84,220315,基础化工,shmb,C,2024-01-15,[],0,0,buy,AA-,,11.382,21.138,22.9,buy,2029-12-25,3.625,13.022,5043.3,37894.28,2.72,-4.72,,0,14:59:24,00,Y,N,0,0,Y,,2024-07-01 开始转股,计算使用3.7年期 评级为AA- 债参考YTM：2.5540,N,13.03,全价：141.699 最后更新：14:59:24,,,,0,[],0,0,N,,,buy,buy
2026-05-12 10:04:23,123131,奥飞转债,afzz,311.5,-2.5,300738,奥飞数据,afsj,25.78,-2.75,6.52,10.06,256.26,0,21.56,333.06,730104,通信,szcy,C,2021-12-22,[],0,0,buy,A+,,7.042,13.078,1.2,buy,2027-12-03,1.562,3.161,33967.4,159885.84,34.2,-46.84,,0,15:34:51,00,Y,N,0,0,Y,,2022-06-09 开始转股,计算使用1.6年期 评级为A+ 债参考YTM：4.3949,N,6.35,全价：311.500 最后更新：15:34:51,,,,1,"{'G': '本次（2025年10月31日至2025年11月20日）不提前赎回，以2026年5月20日后的首个交易日重新计算', 'M': ''}",0,0,N,,,buy,buy
2026-05-12 10:04:23,123216,科顺转债,kszz,141.8,-0.92,300737,科顺股份,ksgf,7.76,1.57,2.13,6.67,116.34,0,21.88,163.68,610304,建筑材料,szcy,C,2023-08-23,[],0,0,buy,AA,,4.669,8.671,31.9,buy,2029-08-04,3.233,21.978,17304.3,25566.8,5.51,-5.31,,0,15:34:15,00,Y,N,2,1,Y,转股价下修2次，成功下修1次,2024-02-19 开始转股,计算使用3.3年期 评级为AA 债参考YTM：1.8967,N,21.98,全价：141.800 最后更新：15:34:15,,,,0,{'M': ''},0,0,N,,,buy,buy
2026-05-12 10:04:23,127088,赫达转债,hdzz,207.05,-2.34,002810,山东赫达,sdhd,28.46,2.6,4.32,16.76,169.81,0,21.93,228.98,220309,基础化工,szmb,C,2023-07-19,[],0,0,buy,AA-,,11.732,21.788,6.5,buy,2029-07-03,3.145,5.996,13492.09,28930.35,10.84,-16.31,,0,15:33:54,00,Y,N,0,0,Y,,2024-01-08 开始转股,计算使用3.2年期 评级为AA- 债参考YTM：2.4760,N,6.0,全价：207.050 最后更新：15:33:54,,,,0,"{'G': '本次（2026年3月30日至2026年4月20日）不提前赎回，自2026年10月21日起重新计算', 'M': ''}",0,0,N,,,buy,buy
2026-05-12 10:04:23,113697,应流转债,ylzz,301.739,-5.55,603308,应流股份,ylgf,75.13,-2.63,9.84,30.47,246.57,0,22.37,324.11,640108,机械设备,shmb,C,2025-10-22,[],0,0,buy,AA+,,21.329,39.611,2.9,buy,2031-09-19,5.359,14.997,61449.01,169671.18,13.32,-16.97,,0,15:00:00,00,Y,N,0,0,Y,,2026-03-25 开始转股,计算使用5.4年期 评级为AA+ 债参考YTM：1.9375,N,15.0,全价：301.739 最后更新：15:00:00,,,,0,"{'G': '本次（2026年3月25日至2026年4月15日）不提前赎回，2026年7月15日之后的首个交易日重新起算', 'M': ''}",0,0,N,,,buy,buy
2026-05-12 10:04:23,110087,天业转债,tyzz,135.652,-0.4,600075,新疆天业,xjty,6.19,-0.48,1.15,5.6,110.54,0,22.72,158.37,220202,基础化工,shmb,C,2022-07-19,[],0,0,buy,AA+,,3.92,7.28,28.4,buy,2028-06-23,2.118,29.975,11223.65,12761.24,2.75,-9.1,,0,14:59:46,00,Y,N,1,1,Y,转股价下修1次，成功下修1次,2022-12-29 开始转股,计算使用2.2年期 评级为AA+ 债参考YTM：1.7186,N,30.0,全价：135.652 最后更新：14:59:46,,,,0,{'M': ''},0,0,N,,,buy,buy
2026-05-12 10:04:23,127067,恒逸转2,hyz2,185.005,0.3,000703,恒逸石化,hysh,15.63,0.39,2.2,10.37,150.72,0,22.74,207.75,750301,石油石化,szmb,C,2022-08-18,[],0,0,buy,AA+,,7.259,13.481,5.0,buy,2028-07-21,2.195,29.994,44833.2,78062.62,7.99,-20.67,,0,15:34:00,00,Y,N,0,0,Y,,2023-01-30 开始转股,计算使用2.2年期 评级为AA+ 债参考YTM：1.7186,N,30.0,全价：185.005 最后更新：15:34:00,,,,0,"{'G': '本次（至2026年4月27日）不提前赎回，从2026年7月28日开始计算', 'M': ''}",0,0,N,,,buy,buy
2026-05-12 10:04:23,123092,天壕转债,thzz,134.815,-2.09,300332,天壕能源,thny,5.46,-2.85,1.2,4.98,109.64,0,22.96,157.78,410301,公用事业,szcy,C,2021-01-15,[],0,0,buy,A+,,3.486,6.474,7.5,buy,2026-12-24,0.619,3.417,4050.4,19475.36,8.73,-23.85,,0,15:33:54,00,Y,N,0,0,Y,,2021-06-30 开始转股,计算使用0.7年期 评级为A+ 债参考YTM：4.1148,N,4.23,全价：134.815 最后更新：15:33:54,,,,1,{'M': ''},0,0,N,,,buy,buy
2026-05-12 10:04:23,110075,南航转债,nhzz,111.943,-1.51,600029,南方航空,nfhk,5.6,-0.88,2.74,6.17,90.76,0,23.34,135.28,421001,交通运输,shmb,C,2020-11-03,[],0,0,buy,AAA,,4.319,8.021,7.8,buy,2026-10-15,0.427,58.959,13023.24,57192.52,1.96,-11.45,,0,14:59:44,00,Y,N,0,0,Y,,2021-04-21 开始转股,计算使用0.5年期 评级为AAA 债参考YTM：1.4448,N,160.0,全价：111.943 最后更新：14:59:44,,,,1,{'M': ''},0,0,N,,,buy,buy
2026-05-12 10:04:23,113677,华懋转债,hmzz,399.748,-1.0,603306,华懋科技,hmkj,109.31,2.02,10.36,33.74,323.98,0,23.39,423.14,280202,汽车,shmb,C,2023-10-12,[],0,0,buy,AA-,,23.618,43.862,2.9,buy,2029-09-14,3.345,10.489,90677.5,213298.2,21.18,-31.25,,0,15:00:00,00,Y,N,0,0,Y,,2024-03-20 开始转股,计算使用3.4年期 评级为AA- 债参考YTM：2.5116,N,10.5,全价：399.748 最后更新：15:00:00,,,,0,"{'G': '本次（2026年3月6日至2026年3月26日）不提前赎回，自2026年6月26日之后的首个交易日重新起算', 'M': ''}",0,0,N,,,buy,buy
2026-05-12 10:04:23,113691,和邦转债,hbzz,171.518,-4.35,603077,和邦生物,hbsw,2.77,-3.48,1.35,2.0,138.5,0,23.84,195.36,220802,基础化工,shmb,C,2024-11-19,[],0,0,buy,AA,,1.4,2.6,18.8,buy,2030-10-28,4.466,45.991,36309.95,71809.05,4.58,-8.74,,0,14:59:55,00,Y,N,0,0,Y,,2025-05-06 开始转股,计算使用4.5年期 评级为AA 债参考YTM：2.0541,N,46.0,全价：171.518 最后更新：14:59:55,,,,0,"{'G': '本次（2026年1月22日至2026年3月10日）不提前赎回，以2027年3月10日之后的首个交易日重新起算', 'M': ''}",0,0,N,,,buy,buy
2026-05-12 10:04:23,127109,电化转债,dhzz,185.2,-1.23,002125,湘潭电化,xtdh,15.02,-1.64,2.75,10.1,148.71,0,24.54,209.74,630702,电力设备,szmb,C,2025-07-04,[],0,0,buy,AA,,7.07,13.13,5.1,buy,2031-06-16,5.099,4.867,13304.52,35832.8,14.92,-9.1,,0,15:34:33,00,Y,N,0,0,Y,,2025-12-22 开始转股,计算使用5.1年期 评级为AA 债参考YTM：2.1344,N,4.87,全价：185.200 最后更新：15:34:33,,,,0,"{'G': '本次（2026年4月14日至2026年5月7日）不提前赎回，自2026年8月7日后首个交易日重新计算', 'M': ''}",0,0,N,,,buy,buy
2026-05-12 10:04:23,113667,春23转债,c23zz,245.657,-4.57,603890,春秋电子,cqdz,19.98,-2.77,2.65,10.15,196.85,0,24.8,270.46,270504,电子,shmb,C,2023-04-11,[],0,0,buy,AA-,,7.105,13.195,6.4,buy,2029-03-17,2.849,5.699,27894.82,59020.82,19.75,-22.84,,0,14:59:58,00,Y,N,0,0,Y,,2023-09-25 开始转股,计算使用2.9年期 评级为AA- 债参考YTM：2.4014,N,5.7,全价：245.657 最后更新：14:59:58,,,,0,"{'G': '本次（2026年3月27日至2026年4月17日）不提前赎回，自2026年7月17日之后的首个交易日重新起算', 'M': ''}",0,0,N,,,buy,buy
2026-05-12 10:04:23,123222,博俊转债,bjzz,169.0,-2.79,300926,博俊科技,bjkj,22.53,-3.18,2.66,16.68,135.07,0,25.12,194.12,280205,汽车,szcy,C,2023-09-28,[],0,0,buy,A+,,11.676,21.684,3.6,buy,2029-09-08,3.329,2.439,5645.2,13883.19,13.67,-10.11,,0,15:34:45,00,Y,N,0,0,Y,,2024-03-14 开始转股,计算使用3.4年期 评级为A+ 债参考YTM：4.8656,N,5.0,全价：169.000 最后更新：15:34:45,,,,0,"{'G': '本次（2025年11月24日至2025年12月12日）不提前赎回，自2026年6月12日后首个交易日重新计算', 'M': ''}",0,0,N,,,buy,buy
2026-05-12 10:04:23,113673,岱美转债,dmzz,187.657,-5.87,603730,岱美股份,dmgf,11.05,-2.81,4.73,7.37,149.93,0,25.16,212.82,280202,汽车,shmb,C,2023-08-10,[],0,0,buy,AA,,5.159,9.581,3.8,buy,2029-07-18,3.186,9.079,22070.6,42311.78,12.92,-14.19,,0,14:59:59,00,Y,N,1,1,Y,转股价下修1次，成功下修1次,2024-01-24 开始转股,计算使用3.2年期 评级为AA 债参考YTM：1.8839,N,9.079,全价：187.657 最后更新：14:59:59,,,,0,{'M': ''},0,0,N,,,buy,buy
2026-05-12 10:04:23,123064,万孚转债,wfzz,116.052,-1.99,300482,万孚生物,wfsw,19.47,-4.18,1.65,21.1,92.28,0,25.77,141.82,370504,医药生物,szcy,C,2020-09-23,[],0,0,buy,AA,,14.77,27.43,7.1,buy,2026-09-01,0.307,5.977,5906.57,20299.79,8.49,-17.0,,0,15:34:39,00,Y,N,3,3,Y,转股价下修3次，成功下修3次,2021-03-08 开始转股,计算使用0.4年期 评级为AA 债参考YTM：1.4875,N,6.0,全价：116.052 最后更新：15:34:39,,,,1,{'M': ''},0,0,N,,,buy,buy
2026-05-12 10:04:23,118060,瑞可转债,rkzz,233.713,3.86,688800,瑞可达,rkd,136.75,7.06,11.15,73.85,185.17,8,26.21,259.92,270401,电子,shkc,C,2025-12-12,[],0,0,buy,AA-,,51.695,96.005,3.6,buy,2031-11-13,5.51,10.0,257823.76,242924.09,109.25,-12.1,,0,15:00:00,00,Y,N,0,0,Y,,未到转股期；2026-05-20 开始转股,计算使用5.6年期 评级为AA- 债参考YTM：3.2392,N,10.0,全价：233.713 最后更新：15:00:00,,,,0,{'M': ''},0,0,N,,,buy,buy
2026-05-12 10:04:23,118030,睿创转债,rczz,465.255,-1.37,688002,睿创微纳,rcwn,144.1,-0.31,9.18,39.12,368.35,0,26.31,491.57,650501,国防军工,shkc,C,2023-02-10,[],0,0,buy,AA,,27.384,50.856,1.9,buy,2028-12-30,2.638,12.622,39754.15,123969.08,6.7,-41.83,,0,14:59:59,00,Y,N,0,0,Y,,2023-07-06 开始转股,计算使用2.7年期 评级为AA 债参考YTM：1.8237,N,15.647,全价：465.255 最后更新：14:59:59,,,,0,"{'G': '本次（2026年3月18日至2026年4月8日）不提前赎回，以2027年4月9日为首个交易日重新计算', 'M': ''}",0,0,N,,,buy,buy
2026-05-12 10:04:23,113640,苏利转债,slzz,136.75,-0.83,603585,苏利股份,slgf,18.62,-1.85,1.34,17.2,108.26,0,26.32,163.07,220803,基础化工,shmb,C,2022-03-10,[],0,0,buy,AA-,,12.04,22.36,20.6,buy,2028-02-16,1.767,7.39,5006.37,10021.52,4.94,-8.54,,0,14:59:56,00,Y,N,1,1,Y,转股价下修1次，成功下修1次,2022-08-22 开始转股,计算使用1.8年期 评级为AA- 债参考YTM：2.1047,N,9.572,全价：136.750 最后更新：14:59:56,,,,1,[],0,0,N,,,buy,buy
2026-05-12 10:04:23,118051,皓元转债,hyzz,226.059,-0.59,688131,皓元医药,hyyy,72.25,1.08,4.78,40.47,178.53,0,26.62,252.68,370603,医药生物,shkc,C,2024-12-19,[],0,0,buy,AA-,,28.329,52.611,5.4,buy,2030-11-28,4.551,8.218,15631.17,39319.95,8.33,-13.64,,0,14:59:53,00,Y,N,0,0,Y,,2025-06-04 开始转股,计算使用4.6年期 评级为AA- 债参考YTM：2.7115,N,8.223,全价：226.059 最后更新：14:59:53,,,,0,"{'G': '本次（2025年10月30日至2025年11月19日）不提前赎回，以2026年5月20日为首个交易日重新计算', 'M': ''}",0,0,N,,,buy,buy
2026-05-12 10:04:23,113624,正川转债,zczz,136.998,-1.21,603976,正川股份,zcgf,21.64,-1.05,2.7,20.07,107.82,0,27.06,164.06,370503,医药生物,shmb,C,2021-06-01,[],0,0,buy,A+,,14.049,26.091,12.4,buy,2027-04-28,0.962,4.048,4608.8,4552.66,8.29,-16.75,,0,14:59:45,00,Y,N,1,1,Y,转股价下修1次，成功下修1次,2021-11-08 开始转股,计算使用1.0年期 评级为A+ 债参考YTM：4.2198,N,4.05,全价：136.998 最后更新：14:59:45,,,,1,[],0,0,N,,,buy,buy
2026-05-12 10:04:23,123209,聚隆转债,jlzz,206.8,-1.76,300644,南京聚隆,njjl,28.92,-2.17,2.86,17.77,162.75,0,27.07,233.87,220503,基础化工,szcy,C,2023-08-17,[],0,0,buy,A+,,12.439,23.101,6.6,buy,2029-07-26,3.208,1.673,6610.81,6899.32,19.07,-16.34,,0,15:34:03,00,Y,N,0,0,Y,,2024-02-01 开始转股,计算使用3.3年期 评级为A+ 债参考YTM：4.8479,N,2.185,全价：206.800 最后更新：15:34:03,,,,0,{'G': '本次（2026年1月26日至2026年2月13日）不提前赎回，自2026年8月13日后首个交易日重新计算'},0,0,N,,,buy,buy
2026-05-12 10:04:23,110097,天润转债,trzz,146.34,-2.12,600419,天润乳业,trry,9.45,-2.58,1.2,8.21,115.1,0,27.14,173.48,340702,食品饮料,shmb,C,2024-11-15,[],0,0,buy,AA,,5.747,10.673,33.2,buy,2030-10-24,4.455,9.89,4004.15,4629.46,2.74,-5.4,,0,14:59:25,00,Y,N,0,0,Y,,2025-04-30 开始转股,计算使用4.5年期 评级为AA 债参考YTM：2.0541,N,9.9,全价：146.340 最后更新：14:59:25,,,,0,[],0,0,N,,,buy,buy
2026-05-12 10:04:23,123176,精测转2,jcz2,325.408,-0.32,300567,精测电子,jcdz,165.41,6.03,10.46,64.71,255.62,0,27.3,352.71,640107,机械设备,szcy,C,2023-03-22,[],0,0,buy,AA-,,45.297,84.123,3.4,buy,2029-03-02,2.808,12.753,72656.58,226042.63,17.54,-31.2,,0,15:34:21,00,Y,N,0,0,Y,,2023-09-08 开始转股,计算使用2.9年期 评级为AA- 债参考YTM：2.4014,N,12.76,全价：325.408 最后更新：15:34:21,,,,0,"{'G': '本次（2025年12月23日至2026年1月14日）不提前赎回，自2026年7月14日后首个交易日重新计算', 'M': ''}",0,0,N,,,buy,buy
2026-05-12 10:04:23,113695,华辰转债,hczz,151.78,-1.13,603097,江苏华辰,jshc,27.92,-0.99,4.05,23.48,118.91,0,27.64,179.42,630801,电力设备,shmb,C,2025-07-10,[],0,0,buy,A+,,16.436,30.524,10.3,buy,2031-06-20,5.11,4.597,7433.27,6432.32,10.6,-4.74,,0,14:59:58,00,Y,N,0,0,Y,,2025-12-26 开始转股,计算使用5.2年期 评级为A+ 债参考YTM：5.2292,N,4.6,全价：151.780 最后更新：14:59:58,,,,0,[],0,0,N,,,buy,buy
2026-05-12 10:04:23,123235,亿田转债,ytzz,214.089,-3.19,300911,亿田智能,ytzn,35.69,-5.36,5.74,21.31,167.48,0,27.83,241.92,330401,家用电器,szcy,C,2024-01-12,[],0,0,buy,AA-,,14.917,27.703,7.1,buy,2029-12-21,3.614,4.353,34488.22,50980.37,36.68,-15.13,,0,15:34:48,00,Y,N,0,0,Y,,2024-06-27 开始转股,计算使用3.7年期 评级为AA- 债参考YTM：2.5540,N,5.202,全价：214.089 最后更新：15:34:48,,,,0,"{'G': '本次（2026年1月28日至2026年2月25日）不提前赎回，自2026年5月25日后首个交易日重新起算', 'M': ''}",0,0,N,,,buy,buy
2026-05-12 10:04:23,111015,东亚转债,dyzz,135.566,-0.97,605177,东亚药业,dyyy,21.5,0.09,1.39,20.28,106.02,0,27.87,163.44,370101,医药生物,shmb,C,2023-08-02,[],0,0,buy,A+,,14.196,26.364,27.3,buy,2029-07-06,3.153,6.662,4002.52,5631.92,4.41,-4.05,,0,14:58:47,00,Y,N,1,1,Y,转股价下修1次，成功下修1次,2024-01-12 开始转股,计算使用3.2年期 评级为A+ 债参考YTM：4.8280,N,6.9,全价：135.566 最后更新：14:58:47,,,,0,[],0,0,N,,,buy,buy
2026-05-12 10:04:23,118050,航宇转债,hyzz,367.739,-2.94,688239,航宇科技,hykj,71.59,-0.62,6.64,24.96,286.82,0,28.21,395.95,650201,国防军工,shkc,C,2024-09-10,[],0,0,buy,AA-,,17.472,32.448,4.9,buy,2030-08-21,4.28,6.667,34835.37,51347.15,14.19,-23.35,,0,15:00:00,00,Y,N,0,0,Y,,2025-02-27 开始转股,计算使用4.3年期 评级为AA- 债参考YTM：2.6527,N,6.67,全价：367.739 最后更新：15:00:00,,,,0,"{'G': '本次（2026年1月30日至2026年2月27日）不提前赎回，自2026年5月28日为首个交易日重新计算', 'M': ''}",0,0,N,,,buy,buy
2026-05-12 10:04:23,127037,银轮转债,ylzz,618.299,1.19,002126,银轮股份,ylgf,50.1,6.14,5.62,10.39,482.19,0,28.23,646.53,280203,汽车,szmb,C,2021-07-09,[],0,0,buy,AA,,7.273,13.507,1.3,buy,2027-06-07,1.071,5.055,69897.33,202916.41,22.28,-79.99,,0,15:34:18,00,Y,N,0,0,Y,,2021-12-13 开始转股,计算使用1.1年期 评级为AA 债参考YTM：1.6036,N,7.0,全价：618.299 最后更新：15:34:18,,,,1,"{'G': '本次（2025年5月1日至2025年5月26日）不提前赎回，2026年5月26日后首个交易日重新计算', 'M': ''}",0,0,N,,,buy,buy
2026-05-12 10:04:23,127030,盛虹转债,shzz,125.769,-0.86,000301,东方盛虹,dfsh,12.95,0.08,2.4,13.21,98.03,0,28.29,154.06,750301,石油石化,szmb,C,2021-04-21,[],0,0,buy,AA+,,9.247,17.173,5.8,buy,2027-03-22,0.86,49.975,11617.28,23404.79,1.84,-16.42,,0,15:34:30,00,Y,N,0,0,Y,,2021-09-27 开始转股,计算使用0.9年期 评级为AA+ 债参考YTM：1.5299,N,50.0,全价：125.769 最后更新：15:34:30,,,,1,{'M': ''},0,0,N,,,buy,buy
2026-05-12 10:04:23,127027,能化转债,nhzz,123.15,-1.0,000552,甘肃能化,gsnh,2.81,0.0,0.9,2.93,95.9,0,28.41,151.56,740101,煤炭,szmb,C,2021-01-22,[],0,0,buy,AAA,,2.051,3.809,18.6,buy,2026-12-10,0.581,19.464,4876.12,28435.47,2.03,-18.47,,0,15:34:39,00,Y,N,0,0,Y,,2021-06-16 开始转股,计算使用0.6年期 评级为AAA 债参考YTM：1.4524,N,28.0,全价：123.150 最后更新：15:34:39,,,,1,{'M': ''},0,0,N,,,buy,buy
2026-05-12 10:04:23,128134,鸿路转债,hlzz,118.6,-0.88,002541,鸿路钢构,hlgg,20.3,-0.2,1.38,21.99,92.32,0,28.47,147.07,620401,建筑装饰,szmb,C,2020-11-02,[],0,0,buy,AA,,15.393,28.587,15.6,buy,2026-10-09,0.411,15.726,9300.61,10683.91,5.01,-17.76,,0,15:34:09,00,Y,N,1,1,Y,转股价下修1次，成功下修1次,2021-04-15 开始转股,计算使用0.5年期 评级为AA 债参考YTM：1.4948,N,18.8,全价：118.600 最后更新：15:34:09,,,,0,{'M': ''},0,0,N,,,buy,buy
2026-05-12 10:04:23,128127,文科转债,wkzz,113.13,0.0,002775,文科股份,wkgf,3.89,-2.26,44.21,4.42,88.01,0,28.54,141.67,620307,建筑装饰,szmb,C,2020-09-11,[],0,0,buy,A-,,3.094,5.746,36.1,buy,2026-08-20,0.274,8.036,4731.52,3793.53,5.21,6.1,,0,15:34:03,00,Y,N,2,1,Y,转股价下修2次，成功下修1次,2021-03-01 开始转股,计算使用0.3年期 评级为A- 债参考YTM：8.7426,Y,9.5,全价：113.130 最后更新：15:34:03,,,"按下调到底估算
股东大会：2026-05-18
预估转股价：3.92
预估转股价值：99.23
期权价值：9.62
理论价值：122.01
理论偏离度：-7.85%",1,[],0,0,N,,,buy,buy
2026-05-12 10:04:23,123071,天能转债,tnzz,120.0,-1.48,300569,天能重工,tnzg,6.23,-0.95,1.19,6.7,92.99,0,29.05,149.05,630602,电力设备,szcy,C,2020-11-25,[],0,0,buy,AA-,,4.69,8.71,10.9,buy,2026-10-21,0.444,6.937,3989.83,18605.44,4.75,-9.45,,0,15:34:39,00,Y,N,2,2,Y,转股价下修2次，成功下修2次,2021-04-27 开始转股,计算使用0.5年期 评级为AA- 债参考YTM：1.7448,N,7.0,全价：120.000 最后更新：15:34:39,,,,1,{'M': ''},0,0,N,,,buy,buy
2026-05-12 10:04:23,111002,特纸转债,tzzz,144.542,-1.45,605007,五洲特纸,wztz,15.21,-2.0,1.93,13.65,111.43,0,29.72,174.26,360103,轻工制造,shmb,C,2021-12-30,[],0,0,buy,AA,,9.555,17.745,10.8,buy,2027-12-08,1.575,6.619,5371.59,9709.39,5.6,-14.23,,0,14:59:45,00,Y,N,1,1,Y,转股价下修1次，成功下修1次,2022-06-14 开始转股,计算使用1.6年期 评级为AA 债参考YTM：1.6829,N,6.7,全价：144.542 最后更新：14:59:45,,,,1,[],0,0,N,,,buy,buy
2026-05-12 10:04:23,127070,大中转债,dzzz,551.078,-3.1,001203,大中矿业,dzky,45.7,-1.51,9.37,10.76,424.72,0,29.75,580.83,230301,钢铁,szmb,C,2022-10-11,[],0,0,buy,AA,,7.532,13.988,1.6,buy,2028-08-17,2.269,9.343,91846.62,150362.37,17.53,-50.26,,0,15:34:24,00,Y,N,0,0,Y,,2023-02-23 开始转股,计算使用2.3年期 评级为AA 债参考YTM：1.7770,N,15.2,全价：551.078 最后更新：15:34:24,,,,0,"{'G': '本次（2026年2月24日至2026年3月16日）不提前赎回，以2026年9月16日后的首个交易日重新计算', 'M': ''}",0,0,N,,,buy,buy
2026-05-12 10:04:23,128142,新乳转债,xrzz,131.425,-2.41,002946,新乳业,xry,18.1,-3.1,3.98,17.88,101.23,0,29.83,161.26,340702,食品饮料,szmb,C,2021-01-19,[],0,0,buy,AA,,12.516,23.244,4.7,buy,2026-12-18,0.603,7.179,6512.36,13863.39,6.86,-27.17,,0,15:34:45,00,Y,N,0,0,Y,,2021-06-24 开始转股,计算使用0.7年期 评级为AA 债参考YTM：1.5111,N,7.18,全价：131.425 最后更新：15:34:45,,,,1,{'M': ''},0,0,N,,,buy,buy
2026-05-12 10:04:23,123150,九强转债,jqzz,141.18,-0.85,300406,九强生物,jqsw,13.37,-0.37,2.01,12.3,108.7,0,29.88,171.06,370504,医药生物,szcy,C,2022-07-20,[],0,0,buy,AA-,,8.61,15.99,19.8,buy,2028-06-30,2.137,11.21,7181.39,10324.91,4.54,-9.8,,0,15:33:57,00,Y,N,1,1,Y,转股价下修1次，成功下修1次,2023-01-06 开始转股,计算使用2.2年期 评级为AA- 债参考YTM：2.2102,N,11.39,全价：141.180 最后更新：15:33:57,,,,0,{'M': ''},0,0,N,,,buy,buy
2026-05-12 10:04:23,118013,道通转债,dtzz,227.78,-1.25,688208,道通科技,dtkj,38.52,3.55,6.38,21.98,175.25,0,29.97,257.75,710103,计算机,shkc,C,2022-07-28,[],0,0,buy,AA,,15.386,28.574,5.0,buy,2028-07-08,2.159,12.796,25936.7,122297.61,8.81,-26.54,,0,14:59:58,00,Y,N,0,0,N,2026-05-07 至 2026-05-14 期间暂停转股：权益分派,2023-01-16 开始转股;2026-05-07 至 2026-05-14 期间暂停转股：权益分派,计算使用2.2年期 评级为AA 债参考YTM：1.7640,N,12.8,全价：227.780 最后更新：14:59:58,,,,0,"{'G': '本次（2026年1月5日至2026年1月23日）不提前赎回，以2026年7月24日为首个交易日重新计算', 'M': ''}",0,0,N,,,buy,buy
2026-05-12 10:04:23,113649,丰山转债,fszz,143.892,-1.74,603810,丰山集团,fsjt,15.2,-3.06,1.54,13.73,110.71,0,29.98,173.87,220803,基础化工,shmb,C,2022-07-21,[],0,0,buy,AA-,,9.611,17.849,18.2,buy,2028-06-27,2.129,4.577,6251.92,3197.06,9.47,-8.88,,0,14:59:46,00,Y,N,0,0,Y,,2023-01-03 开始转股,计算使用2.2年期 评级为AA- 债参考YTM：2.2102,N,5.0,全价：143.892 最后更新：14:59:46,,,,0,[],0,0,N,,,buy,buy
2026-05-12 10:04:23,118056,路维转债,lwzz,272.627,-3.44,688401,路维光电,lwgd,68.47,-2.17,7.65,32.7,209.39,0,30.2,302.83,270103,电子,shkc,C,2025-07-10,[],0,0,buy,AA-,,22.89,42.51,4.6,buy,2031-06-11,5.085,6.145,25020.58,48404.06,14.83,-15.65,,0,14:59:59,00,Y,N,0,0,Y,,2025-12-17 开始转股,计算使用5.1年期 评级为AA- 债参考YTM：2.8235,N,6.15,全价：272.627 最后更新：14:59:59,,,,0,"{'G': '本次（2026年4月9日至2026年4月29日）不提前赎回，以2026年7月30日为首个交易日重新计算', 'M': ''}",0,0,N,,,buy,buy
2026-05-12 10:04:23,123178,花园转债,hyzz,141.0,-0.19,300401,花园生物,hysw,14.52,2.76,2.23,13.45,107.96,0,30.61,171.61,370101,医药生物,szcy,C,2023-03-23,[],0,0,buy,AA-,,9.415,17.485,15.1,buy,2029-03-06,2.819,11.731,7889.47,49530.71,4.76,-6.07,,0,15:34:00,00,Y,N,1,1,Y,转股价下修1次，成功下修1次,2023-09-11 开始转股,计算使用2.9年期 评级为AA- 债参考YTM：2.4014,N,12.0,全价：141.000 最后更新：15:34:00,,,,0,{'M': ''},0,0,N,,,buy,buy
2026-05-12 10:04:23,113659,莱克转债,lkzz,141.527,-0.43,603355,莱克电气,lkdq,34.34,1.15,3.43,31.72,108.26,0,30.73,172.26,330302,家用电器,shmb,C,2022-11-15,[],0,0,buy,AA,,22.204,41.236,6.1,buy,2028-10-14,2.427,11.998,10909.32,13380.94,6.41,-8.9,,0,14:59:47,00,Y,N,0,0,Y,,2023-04-20 开始转股,计算使用2.5年期 评级为AA 债参考YTM：1.8010,N,12.0,全价：141.527 最后更新：14:59:47,,,,0,{'M': ''},0,0,N,,,buy,buy
2026-05-12 10:04:23,123158,宙邦转债,zbzz,208.5,-4.7,300037,新宙邦,xzb,64.53,-3.83,4.32,40.55,159.14,0,31.02,239.52,630702,电力设备,szcy,C,2022-10-21,[],0,0,buy,AA,,28.385,52.715,5.2,buy,2028-09-26,2.378,18.046,35217.86,208502.14,9.3,-22.94,,0,15:34:51,00,Y,N,0,0,Y,,2023-03-30 开始转股,计算使用2.4年期 评级为AA 债参考YTM：1.7892,N,19.7,全价：208.500 最后更新：15:34:51,,,,0,"{'G': '本次（2025年12月25日至2026年1月22日）不提前赎回，自2026年7月22日后首个交易日重新计算', 'M': ''}",0,0,N,,,buy,buy
2026-05-12 10:04:23,127061,美锦转债,mjzz,102.168,-2.25,000723,美锦能源,mjny,4.1,-3.3,1.42,5.26,77.95,0,31.07,133.24,740201,煤炭,szmb,C,2022-05-30,[],0,0,buy,A+,,3.682,6.838,15.5,buy,2028-04-20,1.943,27.89,14191.84,36833.12,4.96,8.99,,0,15:34:45,00,Y,N,1,1,Y,转股价下修1次，成功下修1次,2022-10-26 开始转股,计算使用2.0年期 评级为A+ 债参考YTM：4.4953,N,35.9,全价：102.168 最后更新：15:34:45,,,,1,{'M': ''},0,0,N,,,buy,buy
2026-05-12 10:04:23,118012,微芯转债,wxzz,161.709,-2.02,688321,微芯生物,wxsw,31.23,-0.54,5.35,25.4,122.95,0,31.52,193.23,370102,医药生物,shkc,C,2022-07-28,[],0,0,buy,A+,,17.78,33.02,3.9,buy,2028-07-05,2.151,4.996,8670.56,36569.06,10.68,-13.47,,0,14:59:52,00,Y,N,0,0,N,2026-05-07 至 2026-05-13 期间暂停转股：权益分派,2023-01-11 开始转股;2026-05-07 至 2026-05-13 期间暂停转股：权益分派,计算使用2.2年期 评级为A+ 债参考YTM：4.5509,N,5.0,全价：161.709 最后更新：14:59:52,,,,0,{'M': ''},0,0,N,,,buy,buy
2026-05-12 10:04:23,113584,家悦转债,jyzz,109.805,-0.01,603708,家家悦,jjy,10.39,-1.05,2.66,12.45,83.45,0,31.58,141.39,450302,商贸零售,shmb,C,2020-06-24,[],0,0,buy,AA,,8.715,16.185,9.7,buy,2026-06-05,0.066,6.447,5505.6,5825.63,7.78,2.82,,0,14:59:38,00,Y,N,1,1,Y,转股价下修1次，成功下修1次,2020-12-14 开始转股,计算使用0.1年期 评级为AA 债参考YTM：1.4768,N,6.45,全价：109.805 最后更新：14:59:38,,,,1,"{'R': '到期\n最后交易日：2026-06-01\n最后转股日：2026-06-04\n债券到期日：2026-06-05\n到期赎回价：110.000元/张', 'M': ''}",0,0,N,,,buy,buy
2026-05-12 10:04:23,123080,海波转债,hbzz,140.846,-1.76,300517,海波重科,hbzk,12.17,-1.85,2.28,11.38,106.94,0,31.7,172.55,620401,建筑装饰,szcy,C,2020-12-22,[],0,0,buy,A+,,7.966,14.794,9.7,buy,2026-12-02,0.559,1.486,2384.13,8301.7,11.36,-26.61,,0,15:34:42,00,Y,N,0,0,Y,,2021-06-08 开始转股,计算使用0.6年期 评级为A+ 债参考YTM：4.0928,N,2.45,全价：140.846 最后更新：15:34:42,,,,1,[],0,0,N,,,buy,buy
2026-05-12 10:04:23,127082,亚科转债,ykzz,144.707,-1.75,002540,亚太科技,ytkj,5.81,-2.84,1.28,5.29,109.83,0,31.76,176.47,240301,有色金属,szmb,C,2023-04-27,[],0,0,buy,AA,,3.703,6.877,23.2,buy,2029-03-09,2.827,11.585,6429.7,12052.54,3.81,-7.83,,0,15:34:45,00,Y,N,0,0,Y,,2023-09-15 开始转股,计算使用2.9年期 评级为AA 债参考YTM：1.8467,N,11.59,全价：144.707 最后更新：15:34:45,,,,0,{'G': '本次（2025年11月6日至2025年12月4日）不提前赎回，以2026年6月4日后的首个交易日重新计算'},0,0,N,,,buy,buy
2026-05-12 10:04:23,111012,福新转债,fxzz,424.849,-1.52,605488,福莱新材,flxc,36.16,-0.93,4.78,11.22,322.28,0,31.83,456.68,220505,基础化工,shmb,C,2023-02-07,[],0,0,buy,A+,,7.854,14.586,1.0,buy,2029-01-04,2.652,1.017,23108.92,27942.2,52.96,-38.5,,0,15:00:00,00,Y,N,0,0,Y,,2023-07-10 开始转股,计算使用2.7年期 评级为A+ 债参考YTM：4.6932,N,4.29,全价：424.849 最后更新：15:00:00,,,,0,{'G': '本次（2026年2月27日至2026年3月19日）不提前赎回，自2026年6月19日之后的首个交易日重新起算'},0,0,N,,,buy,buy
2026-05-12 10:04:23,113678,中贝转债,zbzz,192.512,-3.01,603220,中贝通信,zbtx,29.93,-3.76,4.08,20.54,145.72,0,32.11,224.62,730103,通信,shmb,C,2023-11-21,[],0,0,buy,A+,,14.378,26.702,3.9,buy,2029-10-19,3.441,5.108,39407.69,130544.09,39.43,-12.99,,0,15:00:00,00,Y,N,2,1,Y,转股价下修2次，成功下修1次,2024-04-25 开始转股,计算使用3.5年期 评级为A+ 债参考YTM：4.8815,N,5.17,全价：192.512 最后更新：15:00:00,,,,0,"{'G': '本次（2026年3月16日至2026年4月27日）不提前赎回，以2026年7月28日起算', 'M': ''}",0,0,N,,,buy,buy
2026-05-12 10:04:23,110081,闻泰转债,wtzz,88.126,-0.87,600745,*ST闻泰,wtkj,21.76,-4.98,1.11,32.66,66.63,0,32.27,120.4,270102,电子,shmb,C,2021-08-20,[],0,0,buy,A,,22.862,42.458,31.7,buy,2027-07-28,1.211,85.962,33950.28,3574.73,4.48,20.29,,0,14:59:59,00,Y,N,2,2,Y,转股价下修2次，成功下修2次,2022-02-07 开始转股,计算使用1.3年期 评级为A 债参考YTM：6.6674,N,86.0,全价：88.126 最后更新：14:59:59,,,,1,[],0,0,N,,,buy,buy
2026-05-12 10:04:23,127108,太能转债,tnzz,139.5,1.43,000591,太阳能,tyn,5.85,9.96,0.96,5.55,105.41,0,32.35,171.85,410106,公用事业,szmb,C,2025-04-16,[],0,0,buy,AA+,,3.885,7.215,12.9,buy,2031-03-28,4.88,29.498,42983.89,139787.46,10.43,-3.62,,0,15:34:15,00,Y,N,0,0,Y,,2025-10-09 开始转股,计算使用4.9年期 评级为AA+ 债参考YTM：1.8829,N,29.5,全价：139.500 最后更新：15:34:15,,,,0,{'M': ''},0,0,N,,,buy,buy
2026-05-12 10:04:23,123211,阳谷转债,ygzz,178.13,-2.31,300121,阳谷华泰,yght,12.48,-1.58,1.52,9.28,134.48,0,32.46,210.59,220604,基础化工,szcy,C,2023-08-14,[],0,0,buy,AA-,,6.496,12.064,5.7,buy,2029-07-27,3.211,3.07,3649.59,18275.26,6.66,-11.91,,0,15:34:15,00,Y,N,0,0,N,2026-05-08 至 2026-05-15 期间暂停转股：权益分派,2024-02-02 开始转股;2026-05-08 至 2026-05-15 期间暂停转股：权益分派,计算使用3.3年期 评级为AA- 债参考YTM：2.4949,N,6.5,全价：178.130 最后更新：15:34:15,,,,0,{'G': '本次（2025年12月15日至2026年1月6日）不提前赎回，2026年7月6日后首个交易日重新计算'},0,0,N,,,buy,buy
2026-05-12 10:04:23,123142,申昊转债,shzz,136.7,-1.54,300853,申昊科技,shkj,34.73,-0.46,8.01,33.71,103.03,0,32.69,169.39,630803,电力设备,szcy,C,2022-04-11,[],0,0,buy,A-,,23.597,43.823,16.1,buy,2028-03-18,1.852,5.494,4989.69,17056.62,6.63,-10.15,,0,15:34:09,00,Y,N,0,0,Y,,2022-09-26 开始转股,计算使用1.9年期 评级为A- 债参考YTM：9.1686,N,5.5,全价：136.700 最后更新：15:34:09,,,,1,[],0,0,N,,,buy,buy
2026-05-12 10:04:23,110098,南药转债,nyzz,141.074,0.19,600713,南京医药,njyy,5.43,0.93,0.97,5.12,106.06,0,33.02,174.09,370402,医药生物,shmb,C,2025-01-20,[],0,0,buy,AA+,,3.584,6.656,15.4,buy,2030-12-25,4.625,10.814,6502.4,12601.45,4.27,-4.89,,0,14:59:52,00,Y,N,0,0,Y,,2025-07-01 开始转股,计算使用4.7年期 评级为AA+ 债参考YTM：1.8668,N,10.815,全价：141.074 最后更新：14:59:52,,,,0,[],0,0,N,,,buy,buy
2026-05-12 10:04:23,127089,晶澳转债,jazz,127.069,-0.68,002459,晶澳科技,jakj,11.12,0.91,1.73,11.66,95.37,0,33.24,160.31,630502,电力设备,szmb,C,2023-08-04,[],0,0,buy,AA+,,8.162,15.158,24.4,buy,2029-07-18,3.186,89.588,18104.05,96846.94,1.59,-3.98,,0,15:34:51,00,Y,N,2,1,Y,转股价下修2次，成功下修1次,2024-01-24 开始转股,计算使用3.2年期 评级为AA+ 债参考YTM：1.7923,N,89.603,全价：127.069 最后更新：15:34:51,,,,0,{'M': ''},0,0,N,,,buy,buy
2026-05-12 10:04:23,123252,银邦转债,ybzz,153.19,-5.35,300337,银邦股份,ybgf,14.38,-5.52,6.59,12.51,114.95,0,33.27,186.46,240301,有色金属,szcy,C,2025-01-24,[],0,0,buy,AA-,,8.757,16.263,7.7,buy,2031-01-06,4.658,7.846,18971.17,88842.29,15.61,-5.6,,0,15:34:27,00,Y,N,0,0,Y,,2025-07-14 开始转股,计算使用4.7年期 评级为AA- 债参考YTM：2.7314,N,7.85,全价：153.190 最后更新：15:34:27,,,,0,{'M': ''},0,0,N,,,buy,buy
2026-05-12 10:04:23,123107,温氏转债,wszz,126.123,-2.09,300498,温氏股份,wsgf,15.4,-4.23,2.54,16.29,94.54,0,33.41,159.53,110702,农林牧渔,szcy,C,2021-04-21,[],0,0,buy,AAA,,11.403,21.177,8.4,buy,2027-03-29,0.88,77.064,20565.72,134360.65,2.1,-16.34,,0,15:34:48,00,Y,N,0,0,Y,,2021-10-08 开始转股,计算使用0.9年期 评级为AAA 债参考YTM：1.4999,N,92.97,全价：126.123 最后更新：15:34:48,,,,1,{'M': ''},0,0,N,,,buy,buy
2026-05-12 10:04:23,127105,龙星转债,lxzz,139.727,-1.53,002442,龙星科技,lxkj,6.06,-2.26,1.65,5.8,104.48,0,33.73,173.46,220603,基础化工,szmb,C,2024-03-06,[],0,0,buy,AA-,,4.06,7.54,25.3,buy,2030-01-31,3.726,7.54,4874.92,6199.72,4.6,-4.22,,0,15:34:30,00,Y,N,0,0,Y,,2024-08-07 开始转股,计算使用3.8年期 评级为AA- 债参考YTM：2.5678,N,7.54,全价：139.727 最后更新：15:34:30,,,,0,[],0,0,N,,,buy,buy
2026-05-12 10:04:23,113054,绿动转债,ldzz,134.999,-0.69,601330,绿色动力,lsdl,8.97,1.01,1.51,8.89,100.9,0,33.79,168.79,760103,环保,shmb,C,2022-03-23,[],0,0,buy,AA+,,6.223,11.557,26.6,buy,2028-02-25,1.792,23.598,9280.87,34867.15,2.91,-10.54,,0,14:59:47,00,Y,N,0,0,Y,,2022-09-05 开始转股,计算使用1.8年期 评级为AA+ 债参考YTM：1.6721,N,23.6,全价：134.999 最后更新：14:59:47,,,,1,[],0,0,N,,,buy,buy
2026-05-12 10:04:23,123088,威唐转债,wtzz,136.134,-1.45,300707,威唐工业,wtgy,15.22,-1.62,2.32,14.96,101.74,0,33.81,169.94,280205,汽车,szcy,C,2021-01-06,[],0,0,buy,A+,,10.472,19.448,13.5,buy,2026-12-15,0.595,3.004,2999.28,10629.27,7.28,-26.23,,0,15:34:42,00,Y,N,1,1,Y,转股价下修1次，成功下修1次,2021-06-21 开始转股,计算使用0.6年期 评级为A+ 债参考YTM：4.0928,N,3.014,全价：136.134 最后更新：15:34:42,,,,1,[],0,0,N,,,buy,buy
2026-05-12 10:04:23,118027,宏图转债,htzz,80.293,-4.52,688066,*ST航图,htht,14.73,1.94,-3.36,24.55,60.0,0,33.82,114.11,710301,计算机,shkc,C,2022-12-22,[],0,0,buy,BB+,,17.185,31.915,26.2,buy,2028-11-28,2.551,10.087,33975.02,24107.43,41.98,17.07,,0,14:59:59,00,Y,N,2,2,Y,转股价下修2次，成功下修2次,2023-06-02 开始转股,,N,10.088,全价：80.293 最后更新：14:59:59,,,,0,[],0,0,N,,,buy,buy
2026-05-12 10:04:23,118039,煜邦转债,ybzz,156.937,-1.76,688597,煜邦电力,ybdl,8.53,-2.4,3.34,7.3,116.85,0,34.31,191.25,630804,电力设备,shkc,C,2023-08-15,[],0,0,buy,A,,5.11,9.49,14.3,buy,2029-07-20,3.192,4.104,5018.47,5143.68,7.75,-8.77,,0,14:59:54,00,Y,N,0,0,Y,,2024-01-26 开始转股,计算使用3.2年期 评级为A 债参考YTM：7.1780,N,4.108,全价：156.937 最后更新：14:59:54,,,,0,"{'G': '本次（2026年1月16日至2026年2月11日）不提前赎回，以2026年8月12日为首个交易日重新计算', 'M': ''}",0,0,N,,,buy,buy
2026-05-12 10:04:23,118058,微导转债,wdzz,329.741,-4.07,688147,微导纳米,wdnm,82.36,-0.71,12.61,33.57,245.34,0,34.4,364.14,630505,电力设备,shkc,C,2025-08-27,[],0,0,buy,AA,,23.499,43.641,3.1,buy,2031-08-06,5.238,11.7,87712.96,63667.07,22.63,-18.54,,0,15:00:00,00,Y,N,0,0,Y,,2026-02-12 开始转股,计算使用5.3年期 评级为AA 债参考YTM：2.1664,N,11.7,全价：329.741 最后更新：15:00:00,,,,0,"{'G': '本次（2026年2月12日至2026年3月12日）不提前赎回，以2026年9月13日为首个交易日重新计算', 'M': ''}",0,0,N,,,buy,buy
2026-05-12 10:04:23,111020,合顺转债,hszz,147.707,-1.37,605166,聚合顺,jhs,11.62,-0.34,1.82,10.59,109.73,0,34.61,182.32,220406,基础化工,shmb,C,2024-08-15,[],0,0,buy,AA-,,7.413,13.767,9.2,buy,2030-07-22,4.197,3.38,4842.89,7865.66,9.66,-4.97,,0,14:59:06,00,Y,N,0,0,Y,,2025-01-27 开始转股,计算使用4.2年期 评级为AA- 债参考YTM：2.6339,N,3.38,全价：147.707 最后更新：14:59:06,,,,0,[],0,0,N,,,buy,buy
2026-05-12 10:04:23,127045,牧原转债,myzz,132.199,-1.93,002714,牧原股份,mygf,42.93,-3.14,2.84,43.74,98.15,0,34.69,166.89,110702,农林牧渔,szmb,C,2021-09-10,[],0,0,buy,AA+,,30.618,56.862,5.8,buy,2027-08-16,1.263,95.43,12016.59,235938.34,0.95,-14.62,,0,15:34:42,00,Y,Y,0,0,Y,,2022-02-21 开始转股,计算使用1.3年期 评级为AA+ 债参考YTM：1.6184,N,95.5,全价：132.199 最后更新：15:34:42,,,,1,{'M': ''},0,0,N,,,buy,buy
2026-05-12 10:04:23,123112,万讯转债,wxzz,137.584,-1.53,300112,万讯自控,wxzk,8.47,-1.51,2.5,8.3,102.05,0,34.82,172.4,640107,机械设备,szcy,C,2021-04-23,[],0,0,buy,AA-,,5.81,10.79,11.3,buy,2027-04-08,0.907,2.265,2191.8,5127.52,7.0,-15.74,,0,15:34:48,00,Y,N,0,0,Y,,2021-10-14 开始转股,计算使用1.0年期 评级为AA- 债参考YTM：1.8798,N,2.457,全价：137.584 最后更新：15:34:48,,,,1,[],0,0,N,,,buy,buy
2026-05-12 10:04:23,123259,锦浪转02,jlz02,186.7,-3.26,300763,锦浪科技,jlkj,100.43,-2.4,4.39,72.55,138.43,0,34.87,221.57,630503,电力设备,szcy,C,2025-11-06,[],0,0,buy,AA,,50.785,94.315,5.2,buy,2031-10-17,5.436,16.764,18978.54,126556.36,5.94,-8.73,,0,15:34:24,00,Y,N,1,1,Y,转股价下修1次，成功下修1次,2026-04-23 开始转股,计算使用5.5年期 评级为AA 债参考YTM：2.2019,N,16.766,全价：186.700 最后更新：15:34:24,,,,0,{'M': ''},0,0,N,,,buy,buy
2026-05-12 10:04:23,123255,鼎龙转债,dlzz,307.83,-3.85,300054,鼎龙股份,dlgf,64.89,-4.53,11.23,28.48,227.84,0,35.11,342.94,270601,电子,szcy,C,2025-04-23,[],0,0,buy,AA,,19.936,37.024,1.9,buy,2031-04-02,4.893,9.096,30970.94,264868.54,11.06,-18.52,,0,15:34:30,00,Y,N,0,0,Y,,2025-10-09 开始转股,计算使用4.9年期 评级为AA 债参考YTM：2.1072,N,9.1,全价：307.830 最后更新：15:34:30,,,,0,"{'G': '本次（2026年4月8日至2026年4月28日）不提前赎回，自2026年10月28日后首个交易日重新计算', 'M': ''}",0,0,N,,,buy,buy
2026-05-12 10:04:23,127064,杭氧转债,hyzz,153.1,-3.55,002430,杭氧股份,hygf,29.4,-5.04,2.83,25.97,113.21,0,35.24,188.34,220309,基础化工,szmb,C,2022-07-05,[],0,0,buy,AA+,,18.179,33.761,4.0,buy,2028-05-19,2.022,11.364,10218.58,81957.29,5.84,-14.87,,0,15:33:57,00,Y,N,1,1,Y,转股价下修1次，成功下修1次,2022-11-25 开始转股,计算使用2.1年期 评级为AA+ 债参考YTM：1.7078,N,11.37,全价：153.100 最后更新：15:33:57,,,,0,{'M': ''},0,0,N,,,buy,buy
2026-05-12 10:04:23,110095,双良转债,slzz,140.029,-1.39,600481,双良节能,sljn,6.37,-1.39,2.96,6.18,103.07,0,35.85,175.88,630501,电力设备,shmb,C,2023-09-08,[],0,0,buy,AA-,,4.326,8.034,10.7,buy,2029-08-08,3.244,14.006,15361.94,64694.75,7.77,-6.19,,0,14:59:54,00,Y,N,2,2,Y,转股价下修2次，成功下修2次,2024-02-19 开始转股,计算使用3.3年期 评级为AA- 债参考YTM：2.4949,N,26.0,全价：140.029 最后更新：14:59:54,,,,0,"{'G': '本次（2026年1月26日至2026年2月13日）不提前赎回，以2026年5月13日之后的首个交易日重新起算', 'M': ''}",0,0,N,,,buy,buy
2026-05-12 10:04:23,123199,山河转债,shzz,143.237,-1.29,300452,山河药辅,shyf,13.98,-1.41,3.11,13.3,105.11,0,36.27,179.51,370101,医药生物,szcy,C,2023-07-07,[],0,0,buy,A+,,9.31,17.29,11.5,buy,2029-06-12,3.088,3.197,2146.5,5622.68,4.67,-7.69,,0,15:34:39,00,Y,N,1,1,Y,转股价下修1次，成功下修1次,2023-12-18 开始转股,计算使用3.1年期 评级为A+ 债参考YTM：4.8051,N,3.2,全价：143.237 最后更新：15:34:39,,,,0,[],0,0,N,,,buy,buy
2026-05-12 10:04:23,113658,密卫转债,mwzz,139.251,-1.95,603713,密尔克卫,mekw,56.79,-1.78,1.81,55.72,101.92,0,36.63,175.88,420806,交通运输,shmb,C,2022-10-25,[],0,0,buy,AA-,,39.004,72.436,9.7,buy,2027-09-16,1.348,8.719,3522.47,8707.18,2.88,-14.22,,0,14:59:00,00,Y,N,1,1,Y,转股价下修1次，成功下修1次,2023-03-22 开始转股,计算使用1.4年期 评级为AA- 债参考YTM：2.0104,N,8.724,全价：139.251 最后更新：14:59:00,,,,1,{'M': ''},0,0,N,,,buy,buy
2026-05-12 10:04:23,123104,卫宁转债,wnzz,133.306,-1.73,300253,卫宁健康,wnjk,9.19,-3.97,3.61,9.44,97.35,0,36.93,170.24,710401,计算机,szcy,C,2021-03-31,[],0,0,buy,AA,,6.608,12.272,5.7,buy,2027-03-16,0.844,9.699,7306.53,100673.5,5.62,-11.87,,0,15:34:42,00,Y,N,1,1,Y,转股价下修1次，成功下修1次,2021-09-22 开始转股,计算使用0.9年期 评级为AA 债参考YTM：1.5499,N,9.703,全价：133.306 最后更新：15:34:42,,,,1,{'M': ''},0,0,N,,,buy,buy
2026-05-12 10:04:23,123258,胜蓝转02,slz2,227.0,-5.33,300843,胜蓝股份,slgf,90.26,-2.42,8.96,54.46,165.74,0,36.96,263.96,270504,电子,szcy,C,2025-09-10,[],0,0,buy,AA-,,38.122,70.798,3.1,buy,2031-08-28,5.299,4.499,83052.38,70128.44,77.45,-11.8,,0,15:34:33,00,Y,N,0,0,Y,,2026-03-03 开始转股,计算使用5.3年期 评级为AA- 债参考YTM：2.9561,N,4.5,全价：227.000 最后更新：15:34:33,,,,0,[],0,0,N,,,buy,buy
2026-05-12 10:04:23,110093,神马转债,smzz,123.189,-0.94,600810,神马股份,smgf,7.25,-1.49,0.85,8.08,89.73,0,37.29,160.48,220406,基础化工,shmb,C,2023-04-20,[],0,0,buy,AAA,,5.656,10.504,28.3,buy,2029-03-16,2.847,22.199,11678.12,11601.32,4.25,-3.95,,0,14:59:22,00,Y,N,0,0,Y,,2023-09-22 开始转股,计算使用2.9年期 评级为AAA 债参考YTM：1.7213,N,30.0,全价：123.189 最后更新：14:59:22,,,,0,{'M': ''},0,0,N,,,buy,buy
2026-05-12 10:04:23,123119,康泰转2,ktz2,130.969,-1.13,300601,康泰生物,ktsw,15.0,-3.66,1.73,15.73,95.36,0,37.34,168.31,370303,医药生物,szcy,C,2021-08-05,[],0,0,buy,AA,,11.011,20.449,14.8,buy,2027-07-15,1.175,19.99,18671.97,45162.21,7.11,-11.43,,0,15:34:03,00,Y,N,5,5,Y,转股价下修5次，成功下修5次,2022-01-21 开始转股,计算使用1.2年期 评级为AA 债参考YTM：1.6239,N,20.0,全价：130.969 最后更新：15:34:03,,,,1,{'M': ''},0,0,N,,,buy,buy
2026-05-12 10:04:23,123155,中陆转债,zlzz,143.947,-0.73,301040,中环海陆,zhhl,33.27,1.03,4.3,31.76,104.75,0,37.41,181.36,630602,电力设备,szcy,C,2022-08-31,[],0,0,buy,A+,,22.232,41.288,11.5,buy,2028-08-12,2.255,3.6,4259.48,20522.23,8.2,-8.17,,0,15:34:06,00,Y,N,0,0,Y,,2023-02-20 开始转股,计算使用2.3年期 评级为A+ 债参考YTM：4.5791,N,3.6,全价：143.947 最后更新：15:34:06,,,,0,{'M': ''},0,0,N,,,buy,buy
2026-05-12 10:04:23,123224,宇邦转债,ybzz,150.205,-2.21,301266,宇邦新材,ybxc,40.24,-2.97,2.37,36.82,109.29,0,37.44,187.65,630504,电力设备,szcy,C,2023-10-18,[],0,0,buy,A+,,25.774,47.866,6.8,buy,2029-09-19,3.359,2.848,4298.43,16906.68,9.97,-6.65,,0,15:34:12,00,Y,N,1,1,Y,转股价下修1次，成功下修1次,2024-03-25 开始转股,计算使用3.4年期 评级为A+ 债参考YTM：4.8656,N,5.0,全价：150.205 最后更新：15:34:12,,,,0,"{'G': '本次（2026年1月30日至2026年3月11日）不提前赎回，自2026年6月11日后首个交易日重新计算', 'M': ''}",0,0,N,,,buy,buy
2026-05-12 10:04:23,127018,本钢转债,bgzz,118.34,-0.07,000761,本钢板材,bgbc,2.83,-2.41,1.69,3.29,86.02,0,37.58,155.92,230402,钢铁,szmb,C,2020-08-04,[],0,0,buy,AAA,,2.303,4.277,53.7,buy,2026-06-29,0.132,56.309,20531.62,3513.53,3.08,4.24,,0,15:34:39,00,Y,N,1,1,Y,转股价下修1次，成功下修1次,2021-01-04 开始转股,计算使用0.2年期 评级为AAA 债参考YTM：1.4297,N,68.0,全价：118.340 最后更新：15:34:39,,,,1,{'M': ''},0,0,N,,,buy,buy
2026-05-12 10:04:23,111022,锡振转债,xzzz,157.627,-1.9,605319,无锡振华,wxzh,25.87,-2.85,3.15,22.64,114.27,0,37.95,195.58,280205,汽车,shmb,C,2025-07-14,[],0,0,buy,AA-,,15.848,29.432,5.8,buy,2031-06-18,5.104,5.197,3508.34,14982.98,4.24,-5.63,,0,14:59:51,00,Y,N,0,0,Y,,2025-12-24 开始转股,计算使用5.2年期 评级为AA- 债参考YTM：2.8805,N,5.2,全价：157.627 最后更新：14:59:51,,,,0,[],0,0,N,,,buy,buy
2026-05-12 10:04:23,113066,平煤转债,pmzz,147.172,-2.49,601666,平煤股份,pmgf,8.02,-2.43,0.79,7.52,106.65,0,38.0,185.17,740102,煤炭,shmb,C,2023-04-10,[],0,0,buy,AAA,,5.264,9.776,7.2,buy,2029-03-16,2.847,14.274,7233.96,30684.48,3.43,-9.9,,0,14:59:50,00,Y,N,1,1,Y,转股价下修1次，成功下修1次,2023-09-22 开始转股,计算使用2.9年期 评级为AAA 债参考YTM：1.7213,N,29.0,全价：147.172 最后更新：14:59:50,,,,0,{'M': ''},0,0,N,,,buy,buy
2026-05-12 10:04:23,113053,隆22转债,l22zz,131.902,0.0,601012,隆基绿能,ljln,16.7,0.54,2.48,17.5,95.43,0,38.22,170.12,630502,电力设备,shmb,C,2022-02-17,[],0,0,buy,AAA,,12.25,22.75,5.5,buy,2028-01-05,1.652,69.951,12481.55,328130.43,1.35,-11.21,,0,14:59:51,00,Y,N,1,1,Y,转股价下修1次，成功下修1次,2022-07-11 开始转股,计算使用1.7年期 评级为AAA 债参考YTM：1.6177,N,70.0,全价：131.902 最后更新：14:59:51,,,,1,{'M': ''},0,0,N,,,buy,buy
2026-05-12 10:04:23,113052,兴业转债,xyzz,118.977,-0.52,601166,兴业银行,xyyh,17.75,0.11,0.41,20.63,86.04,0,38.28,157.26,480301,银行,shmb,C,2022-01-14,[],0,0,buy,AAA,,,26.819,11.0,buy,2027-12-27,1.627,413.5,63344.83,187869.85,1.29,-4.07,,0,14:59:51,00,Y,Y,0,0,Y,,2022-06-30 开始转股,计算使用1.7年期 评级为AAA 债参考YTM：1.6177,N,500.0,全价：118.977 最后更新：14:59:51,,,,0,{'M': ''},0,0,N,,,buy,buy
2026-05-12 10:04:23,123237,佳禾转债,jhzz,147.7,-1.74,300793,佳禾智能,jhzn,14.37,-2.18,1.94,13.46,106.76,0,38.35,186.05,270504,电子,szcy,C,2024-01-24,[],0,0,buy,A+,,9.422,17.498,8.1,buy,2030-01-04,3.652,4.315,1697.41,8922.14,2.65,-6.22,,0,15:34:51,00,Y,N,1,1,Y,转股价下修1次，成功下修1次,2024-07-10 开始转股,计算使用3.7年期 评级为A+ 债参考YTM：4.9110,N,10.04,全价：147.700 最后更新：15:34:51,,,,0,[],0,0,N,,,buy,buy
2026-05-12 10:04:23,127092,运机转债,yjzz,320.2,-3.61,001288,运机集团,yjjt,27.94,-1.72,2.69,12.09,231.1,0,38.55,358.75,640203,机械设备,szmb,C,2023-10-20,[],0,0,buy,AA-,,8.463,15.717,12.4,buy,2029-09-21,3.364,5.25,7437.63,6852.85,4.36,-25.56,,0,15:34:03,00,Y,N,0,0,Y,,2024-03-27 开始转股,计算使用3.4年期 评级为AA- 债参考YTM：2.5116,N,7.3,全价：320.200 最后更新：15:34:03,,,,0,{'G': '本次（2025年12月8日至2025年12月26日）不提前赎回，以2026年12月26日后的首个交易日起重新计算'},0,0,N,,,buy,buy
2026-05-12 10:04:23,113688,国检转债,gjzz,143.682,-1.05,603060,国检集团,gjjt,6.76,-2.31,2.6,6.52,103.68,0,38.58,182.26,460802,社会服务,shmb,C,2024-11-12,[],0,0,buy,AA+,,4.564,8.476,14.7,buy,2030-10-17,4.436,7.998,3928.94,10573.8,3.41,-4.73,,0,14:59:49,00,Y,N,0,0,Y,,2025-04-23 开始转股,计算使用4.5年期 评级为AA+ 债参考YTM：1.8504,N,8.0,全价：143.682 最后更新：14:59:49,,,,0,[],0,0,N,,,buy,buy
2026-05-12 10:04:23,111017,蓝天转债,ltzz,132.004,-0.4,605368,蓝天燃气,ltrq,7.6,-0.91,1.61,7.98,95.24,0,38.6,170.6,410301,公用事业,shmb,C,2023-09-08,[],0,0,buy,AA,,5.586,10.374,12.4,buy,2029-08-15,3.263,6.715,5662.5,2532.77,6.38,-4.41,,0,14:59:42,00,Y,N,0,0,Y,,2024-02-21 开始转股,计算使用3.3年期 评级为AA 债参考YTM：1.8967,N,8.7,全价：132.004 最后更新：14:59:42,,,,0,[],0,0,N,,,buy,buy
2026-05-12 10:04:23,123171,共同转债,gtzz,141.057,-2.43,300966,共同药业,gtyy,27.44,-4.06,3.81,27.12,101.18,0,39.41,180.47,370101,医药生物,szcy,C,2022-12-16,[],0,0,buy,A,,18.984,35.256,18.1,buy,2028-11-28,2.551,3.799,4269.2,15400.99,7.91,-6.48,,0,15:34:15,00,Y,N,0,0,Y,,2023-06-02 开始转股,计算使用2.6年期 评级为A 债参考YTM：7.0146,N,3.8,全价：141.057 最后更新：15:34:15,,,,0,{'M': ''},0,0,N,,,buy,buy
2026-05-12 10:04:23,118040,宏微转债,hwzz,149.028,-1.31,688711,宏微科技,hwkj,30.41,-0.82,5.96,28.51,106.66,0,39.72,188.75,270102,电子,shkc,C,2023-08-14,[],0,0,buy,A,,19.957,37.063,6.6,buy,2029-07-25,3.206,4.297,7319.61,39910.5,11.37,-6.61,,0,14:59:57,00,Y,N,1,1,Y,转股价下修1次，成功下修1次,2024-01-31 开始转股,计算使用3.3年期 评级为A 债参考YTM：7.1979,N,4.3,全价：149.028 最后更新：14:59:57,,,,0,{'M': ''},0,0,N,,,buy,buy
2026-05-12 10:04:23,127099,盛航转债,shzz,138.23,-1.34,001205,盛航股份,shgf,15.31,-1.42,1.31,15.48,98.9,0,39.76,177.99,421101,交通运输,szmb,C,2023-12-28,[],0,0,buy,AA-,,10.836,20.124,17.8,buy,2029-12-06,3.573,4.541,2986.25,4541.8,4.73,-4.02,,0,15:33:57,00,Y,N,1,1,Y,转股价下修1次，成功下修1次,2024-06-12 开始转股,计算使用3.6年期 评级为AA- 债参考YTM：2.5405,N,7.4,全价：138.230 最后更新：15:33:57,,,,0,[],0,0,N,,,buy,buy
2026-05-12 10:04:23,113070,渝水转债,yszz,130.365,-0.72,601158,重庆水务,cqsw,4.48,-0.44,1.23,4.82,92.95,0,40.26,170.63,760102,环保,shmb,C,2025-02-13,[],0,0,buy,AAA,,3.374,6.266,8.8,buy,2031-01-09,4.666,18.998,4161.06,5698.59,1.67,-3.37,,0,14:59:16,00,Y,N,0,0,Y,,2025-07-15 开始转股,计算使用4.7年期 评级为AAA 债参考YTM：1.8183,N,19.0,全价：130.365 最后更新：14:59:16,,,,0,{'M': ''},0,0,N,,,buy,buy
2026-05-12 10:04:23,110090,爱迪转债,adzz,141.774,-1.45,600933,爱柯迪,akd,17.71,-1.45,1.84,17.55,100.91,0,40.49,182.26,280203,汽车,shmb,C,2022-10-28,[],0,0,buy,AA,,12.285,22.815,9.1,buy,2028-09-23,2.37,15.696,7099.45,26255.34,3.17,-9.33,,0,14:59:51,00,Y,N,0,0,Y,,2023-03-29 开始转股,计算使用2.4年期 评级为AA 债参考YTM：1.7892,N,15.7,全价：141.774 最后更新：14:59:51,,,,0,{'M': ''},0,0,N,,,buy,buy
2026-05-12 10:04:23,113671,武进转债,wjzz,147.552,-1.63,603878,武进不锈,wjbx,8.31,-0.48,1.79,7.93,104.79,0,40.8,188.35,230403,钢铁,shmb,C,2023-08-03,[],0,0,buy,AA,,5.551,10.309,6.6,buy,2029-07-10,3.164,3.093,5016.74,15704.62,10.94,-7.91,,0,14:59:26,00,Y,N,0,0,Y,,2024-01-15 开始转股,计算使用3.2年期 评级为AA 债参考YTM：1.8839,N,3.1,全价：147.552 最后更新：14:59:26,,,,0,[],0,0,N,,,buy,buy
2026-05-12 10:04:23,123257,安克转债,akzz,160.914,-3.64,300866,安克创新,akcx,126.3,-2.17,6.06,110.58,114.22,0,40.89,201.8,270503,电子,szcy,C,2025-07-04,[],0,0,buy,AA+,,77.406,143.754,2.8,buy,2031-06-16,5.099,11.047,13435.73,80078.49,7.42,-6.88,,0,15:34:03,00,Y,N,0,0,Y,,2025-12-22 开始转股,计算使用5.1年期 评级为AA+ 债参考YTM：1.8990,N,11.048,全价：160.914 最后更新：15:34:03,,,,0,{'M': ''},0,0,N,,,buy,buy
2026-05-12 10:04:23,127049,希望转2,xwz2,114.952,-1.05,000876,新希望,xxw,8.62,-1.15,1.78,10.59,81.4,0,41.22,156.17,110702,农林牧渔,szmb,C,2021-11-29,[],0,0,buy,AAA,,7.413,13.767,21.0,buy,2027-11-02,1.477,81.434,11882.93,23820.57,1.27,-3.82,,0,15:34:30,00,Y,N,1,1,Y,转股价下修1次，成功下修1次,2022-05-09 开始转股,计算使用1.5年期 评级为AAA 债参考YTM：1.6036,N,81.5,全价：114.952 最后更新：15:34:30,,,,1,{'M': ''},0,0,N,,,buy,buy
2026-05-12 10:04:23,110099,福能转债,fnzz,148.298,-0.05,600483,福能股份,fngf,10.31,1.18,1.02,9.84,104.78,0,41.54,189.84,410110,公用事业,shmb,C,2025-10-30,[],0,0,buy,AA+,,6.888,12.792,13.3,buy,2031-10-13,5.425,38.02,6431.54,30632.1,1.14,-5.37,,0,15:00:00,00,Y,N,0,0,Y,,2026-04-17 开始转股,计算使用5.5年期 评级为AA+ 债参考YTM：1.9532,N,38.02,全价：148.298 最后更新：15:00:00,,,,0,{'M': ''},0,0,N,,,buy,buy
2026-05-12 10:04:23,111003,聚合转债,jhzz,145.154,-1.02,605166,聚合顺,jhs,11.62,-0.34,1.82,11.37,102.2,0,42.03,187.18,220406,基础化工,shmb,C,2022-04-19,[],0,0,buy,AA-,,7.959,14.781,5.6,buy,2028-03-07,1.822,2.035,1940.71,7865.66,6.55,-11.08,,0,14:59:51,00,Y,N,1,1,Y,转股价下修1次，成功下修1次,2022-09-13 开始转股,计算使用1.9年期 评级为AA- 债参考YTM：2.1290,N,2.04,全价：145.154 最后更新：14:59:51,,,,1,[],0,0,N,,,buy,buy
2026-05-12 10:04:23,123114,三角转债,sjzz,142.97,-1.4,300775,三角防务,sjfw,31.48,-1.47,2.85,31.39,100.29,0,42.56,185.53,650201,国防军工,szcy,C,2021-06-11,[],0,0,buy,AA-,,21.973,40.807,5.4,buy,2027-05-25,1.036,8.999,7488.83,56984.84,5.81,-17.6,,0,15:33:54,00,Y,N,0,0,Y,,2021-11-30 开始转股,计算使用1.1年期 评级为AA- 债参考YTM：1.9188,N,9.044,全价：142.970 最后更新：15:33:54,,,,1,{'M': ''},0,0,N,,,buy,buy
2026-05-12 10:04:23,113698,凯众转债,kzzz,175.072,6.97,603037,凯众股份,kzgf,15.62,10.0,4.06,12.74,122.61,0,42.79,217.86,280203,汽车,shmb,C,2025-09-10,[],0,0,buy,AA-,,8.918,16.562,7.4,buy,2031-08-15,5.263,3.079,148965.2,20096.76,272.91,-7.97,,0,15:00:00,00,Y,N,0,0,Y,,2026-02-24 开始转股,计算使用5.3年期 评级为AA- 债参考YTM：2.9561,N,3.08,全价：175.072 最后更新：15:00:00,,,,0,[],0,0,N,,,buy,buy
2026-05-12 10:04:23,118064,联瑞转债,lrzz,252.706,4.95,688300,联瑞新材,lrxc,112.0,16.56,14.78,63.55,176.24,63,43.39,296.1,220901,基础化工,shkc,C,2026-01-28,[],0,0,buy,AA,,44.485,82.615,2.6,buy,2032-01-07,5.66,6.95,246145.02,167133.48,137.74,-13.3,,0,15:00:00,00,Y,N,0,0,Y,,未到转股期；2026-07-14 开始转股,计算使用5.7年期 评级为AA 债参考YTM：2.2392,N,6.95,全价：252.706 最后更新：15:00:00,,,,0,{'M': ''},0,0,N,,,buy,buy
2026-05-12 10:04:23,127054,双箭转债,sjzz,134.372,-1.25,002381,双箭股份,sjgf,6.6,-1.49,1.25,7.06,93.48,0,43.74,178.11,220602,基础化工,szmb,C,2022-03-15,[],0,0,buy,AA,,4.942,9.178,24.3,buy,2028-02-11,1.753,5.136,3842.94,3320.57,5.55,-9.13,,0,15:34:36,00,Y,N,0,0,Y,,2022-08-17 开始转股,计算使用1.8年期 评级为AA 债参考YTM：1.7074,N,5.136,全价：134.372 最后更新：15:34:36,,,,1,[],0,0,N,,,buy,buy
2026-05-12 10:04:23,118025,奕瑞转债,yrzz,142.797,-3.46,688301,奕瑞科技,yrkj,114.18,-0.31,3.73,114.97,99.31,0,43.78,186.58,370502,医药生物,shkc,C,2022-11-18,[],0,0,buy,AA,,80.479,149.461,5.9,buy,2028-10-24,2.455,14.217,14193.19,35661.86,6.93,-9.14,,0,14:59:37,00,Y,N,1,1,Y,转股价下修1次，成功下修1次,2023-04-28 开始转股,计算使用2.5年期 评级为AA 债参考YTM：1.8010,N,14.35,全价：142.797 最后更新：14:59:37,,,,0,{'M': ''},0,0,N,,,buy,buy
2026-05-12 10:04:23,118035,国力转债,glzz,144.647,-2.92,688103,国力电子,gldz,62.9,-2.01,5.21,62.54,100.58,0,43.82,188.47,270401,电子,shkc,C,2023-07-06,[],0,0,buy,A+,,43.778,81.302,8.0,buy,2029-06-12,3.088,4.8,7158.43,14054.78,10.22,-6.17,,0,14:59:51,00,Y,N,0,0,Y,,2023-12-18 开始转股,计算使用3.1年期 评级为A+ 债参考YTM：4.8051,N,4.8,全价：144.647 最后更新：14:59:51,,,,0,{'M': ''},0,0,N,,,buy,buy
2026-05-12 10:04:23,128129,青农转债,qnzz,107.558,-0.03,002958,青农商行,qnsh,2.99,-0.66,0.38,4.0,74.75,0,43.89,151.45,480501,银行,szmb,C,2020-09-18,[],0,0,buy,AAA,,,5.2,30.7,buy,2026-08-25,0.288,49.997,14025.35,14404.14,2.61,1.44,,0,15:34:15,00,Y,N,1,1,Y,转股价下修1次，成功下修1次,2021-03-01 开始转股,计算使用0.3年期 评级为AAA 债参考YTM：1.4306,N,50.0,全价：107.558 最后更新：15:34:15,,,,0,{'M': ''},0,0,N,,,buy,buy
2026-05-12 10:04:23,118036,力合转债,lhzz,145.123,-1.28,688589,力合微,lhw,24.1,-1.23,3.36,23.93,100.71,0,44.1,189.22,270104,电子,shkc,C,2023-07-20,[],0,0,buy,AA-,,16.751,31.109,10.8,buy,2029-06-28,3.132,3.8,2491.14,9292.84,4.5,-6.18,,0,14:59:49,00,Y,N,1,1,Y,转股价下修1次，成功下修1次,2024-01-04 开始转股,计算使用3.2年期 评级为AA- 债参考YTM：2.4760,N,3.8,全价：145.123 最后更新：14:59:49,,,,0,{'M': ''},0,0,N,,,buy,buy
2026-05-12 10:04:23,113655,欧22转债,o22zz,134.12,-0.54,603833,欧派家居,opjj,49.05,1.13,1.58,52.77,92.95,0,44.29,178.41,360308,轻工制造,shmb,C,2022-09-01,[],0,0,buy,AA,,36.939,68.601,6.7,buy,2028-08-05,2.236,19.999,6280.92,14890.84,2.34,-6.66,,0,14:59:00,00,Y,N,1,1,Y,转股价下修1次，成功下修1次,2023-02-13 开始转股,计算使用2.3年期 评级为AA 债参考YTM：1.7770,N,20.0,全价：134.120 最后更新：14:59:00,,,,0,{'M': ''},0,0,N,,,buy,buy
2026-05-12 10:04:23,110084,贵燃转债,grzz,128.79,-0.94,600903,贵州燃气,gzrq,6.34,-1.25,2.26,7.11,89.17,0,44.43,173.22,410301,公用事业,shmb,C,2022-01-18,[],0,0,buy,AA,,4.977,9.243,12.6,buy,2027-12-27,1.627,9.151,3933.18,5690.74,3.33,-8.4,,0,14:59:21,00,Y,N,1,1,Y,转股价下修1次，成功下修1次,2022-07-01 开始转股,计算使用1.7年期 评级为AA 债参考YTM：1.6950,N,10.0,全价：128.790 最后更新：14:59:21,,,,1,{'M': ''},0,0,N,,,buy,buy
2026-05-12 10:04:23,118007,山石转债,sszz,144.818,-1.39,688030,山石网科,sswk,16.49,-3.17,4.26,16.5,99.94,0,44.91,189.73,710402,计算机,shkc,C,2022-04-21,[],0,0,buy,A,,11.55,21.45,9.0,buy,2028-03-22,1.863,2.671,1936.19,4896.88,4.99,-11.15,,0,14:59:54,00,Y,N,1,1,Y,转股价下修1次，成功下修1次,2022-09-28 开始转股,计算使用1.9年期 评级为A 债参考YTM：6.8186,N,2.674,全价：144.818 最后更新：14:59:54,,,,1,{'M': ''},0,0,N,,,buy,buy
2026-05-12 10:04:23,123172,漱玉转债,syzz,135.15,-1.63,301017,漱玉平民,sypm,13.93,-2.04,2.63,14.95,93.18,0,45.05,180.2,370403,医药生物,szcy,C,2023-01-06,[],0,0,buy,AA-,,10.465,19.435,22.1,buy,2028-12-15,2.597,7.96,6259.44,12802.57,5.79,-5.65,,0,15:33:57,00,Y,N,1,1,Y,转股价下修1次，成功下修1次,2023-06-21 开始转股,计算使用2.6年期 评级为AA- 债参考YTM：2.3195,N,8.0,全价：135.150 最后更新：15:33:57,,,,0,{'M': ''},0,0,N,,,buy,buy
2026-05-12 10:04:23,113694,清源转债,qyzz,142.634,-1.21,603628,清源股份,qygf,12.58,-0.87,2.59,12.86,97.82,0,45.81,188.44,630504,电力设备,shmb,C,2025-04-25,[],0,0,buy,A+,,9.002,16.718,14.6,buy,2031-04-08,4.91,5.0,2321.77,7557.16,3.24,-3.73,,0,14:59:29,00,Y,N,0,0,Y,,2025-10-14 开始转股,计算使用5.0年期 评级为A+ 债参考YTM：5.1404,N,5.0,全价：142.634 最后更新：14:59:29,,,,0,{'M': ''},0,0,N,,,buy,buy
2026-05-12 10:04:23,123194,百洋转债,byzz,137.496,-1.22,301015,百洋医药,byyy,23.81,-2.22,4.84,25.36,93.89,0,46.45,183.95,370402,医药生物,szcy,C,2023-05-05,[],0,0,buy,AA-,,17.752,32.968,6.8,buy,2029-04-14,2.926,8.459,5206.65,14826.26,4.46,-5.59,,0,15:34:12,00,Y,N,0,0,Y,,2023-10-20 开始转股,计算使用3.0年期 评级为AA- 债参考YTM：2.4287,N,8.6,全价：137.496 最后更新：15:34:12,,,,0,{'M': ''},0,0,N,,,buy,buy
2026-05-12 10:04:23,123173,恒锋转债,hfzz,137.636,-1.83,300605,恒锋信息,hfxx,12.91,-3.87,4.64,13.77,93.76,0,46.8,184.44,710401,计算机,szcy,C,2023-02-08,[],0,0,buy,A-,,9.639,17.901,14.3,buy,2028-12-30,2.638,2.331,2706.93,6262.61,8.4,-5.38,,0,15:34:18,00,Y,N,0,0,Y,,2023-07-06 开始转股,计算使用2.7年期 评级为A- 债参考YTM：9.3932,N,2.424,全价：137.636 最后更新：15:34:18,,,,0,[],0,0,N,,,buy,buy
2026-05-12 10:04:23,118037,上声转债,sszz,139.101,-1.28,688533,上声电子,ssdz,27.46,-0.4,2.5,28.99,94.72,0,46.85,185.95,280206,汽车,shkc,C,2023-08-01,[],0,0,buy,A+,,20.293,37.687,10.3,buy,2029-07-06,3.153,4.679,1801.49,4606.17,2.75,-5.82,,0,14:59:57,00,Y,N,2,1,Y,转股价下修2次，成功下修1次,2024-01-12 开始转股,计算使用3.2年期 评级为A+ 债参考YTM：4.8280,N,5.2,全价：139.101 最后更新：14:59:57,,,,0,{'M': ''},0,0,N,,,buy,buy
2026-05-12 10:04:23,110073,国投转债,gtzz,106.782,0.07,600061,国投资本,gtzb,6.82,1.04,0.76,9.42,72.4,0,47.49,154.27,490101,非银金融,shmb,C,2020-08-20,[],0,0,buy,AAA,,,12.246,18.3,buy,2026-07-24,0.2,79.991,23510.74,38398.84,2.75,1.04,,0,14:59:48,00,Y,N,0,0,Y,,2021-02-01 开始转股,计算使用0.2年期 评级为AAA 债参考YTM：1.4297,N,80.0,全价：106.782 最后更新：14:59:48,,,,0,{'M': ''},0,0,N,,,buy,buy
2026-05-12 10:04:23,127080,声迅转债,sxzz,207.99,-0.97,003004,*ST声迅,sxgf,40.79,1.34,4.76,28.94,140.95,0,47.57,255.56,710102,计算机,szmb,C,2023-02-10,[],0,0,buy,A,,20.258,37.622,10.0,buy,2028-12-30,2.638,2.793,292066.04,12914.2,472.85,-19.37,,0,15:34:42,00,Y,N,0,0,Y,,2023-07-07 开始转股,计算使用2.7年期 评级为A 债参考YTM：7.0432,N,2.8,全价：207.990 最后更新：15:34:42,,,,0,[],0,0,N,,,buy,buy
2026-05-12 10:04:23,123189,晓鸣转债,xmzz,137.759,0.13,300967,晓鸣股份,xmgf,17.98,3.1,4.3,19.34,92.97,0,48.18,185.94,110703,农林牧渔,szcy,C,2023-04-25,[],0,0,buy,A,,13.538,25.142,14.6,buy,2029-04-06,2.904,3.287,8386.94,17957.83,18.47,-5.48,,0,15:34:36,00,Y,N,0,0,Y,,2023-10-12 开始转股,计算使用3.0年期 评级为A 债参考YTM：7.1287,N,3.29,全价：137.759 最后更新：15:34:36,,,,0,{'M': ''},0,0,N,,,buy,buy
2026-05-12 10:04:23,113037,紫银转债,zyzz,109.635,0.0,601860,紫金银行,zjyh,2.66,-0.37,0.47,3.6,73.89,0,48.38,158.02,480501,银行,shmb,C,2020-08-17,[],0,0,buy,AA+,,,4.68,47.6,buy,2026-07-23,0.197,44.995,12787.85,7012.42,2.59,1.71,,0,14:59:54,00,Y,N,1,1,Y,转股价下修1次，成功下修1次,2021-01-29 开始转股,计算使用0.2年期 评级为AA+ 债参考YTM：1.4597,N,45.0,全价：109.635 最后更新：14:59:54,,,,0,{'M': ''},0,0,N,,,buy,buy
2026-05-12 10:04:23,113067,燃23转债,r23zz,133.722,-0.41,601139,深圳燃气,szrq,6.66,-1.62,1.15,7.4,90.0,0,48.58,182.3,410301,公用事业,shmb,C,2023-08-18,[],0,0,buy,AAA,,5.18,9.62,15.7,buy,2029-07-27,3.211,29.999,4922.16,23887.74,1.23,-5.79,,0,14:59:06,00,Y,N,0,0,Y,,2024-02-02 开始转股,计算使用3.3年期 评级为AAA 债参考YTM：1.7433,N,30.0,全价：133.722 最后更新：14:59:06,,,,0,{'M': ''},0,0,N,,,buy,buy
2026-05-12 10:04:23,110086,精工转债,jgzz,133.044,-1.22,600496,精工钢构,jggg,4.28,0.23,0.9,4.79,89.35,0,48.9,181.94,620401,建筑装饰,shmb,C,2022-05-23,[],0,0,buy,AA,,3.353,6.227,23.5,buy,2028-04-22,1.948,19.999,8711.18,22195.41,3.24,-7.78,,0,14:59:04,00,Y,N,0,0,Y,,2022-10-28 开始转股,计算使用2.0年期 评级为AA 债参考YTM：1.7352,N,20.0,全价：133.044 最后更新：14:59:04,,,,1,{'M': ''},0,0,N,,,buy,buy
2026-05-12 10:04:23,127072,博实转债,bszz,144.027,-3.29,002698,博实股份,bsgf,14.54,-2.28,3.5,15.06,96.55,0,49.18,193.21,640701,机械设备,szmb,C,2022-11-03,[],0,0,buy,AA,,10.542,19.578,3.7,buy,2028-09-22,2.367,4.498,6997.64,26841.86,10.72,-9.12,,0,15:34:51,00,Y,N,0,0,Y,,2023-03-28 开始转股,计算使用2.4年期 评级为AA 债参考YTM：1.7892,N,4.5,全价：144.027 最后更新：15:34:51,,,,0,{'M': ''},0,0,N,,,buy,buy
2026-05-12 10:04:23,123133,佩蒂转债,pdzz,134.42,-1.13,300673,佩蒂股份,pdgf,15.84,-1.68,2.08,17.58,90.1,0,49.19,183.61,110404,农林牧渔,szcy,C,2022-01-21,[],0,0,buy,AA-,,12.306,22.854,28.3,buy,2027-12-22,1.614,7.198,4381.07,4797.83,4.51,-8.34,,0,15:34:48,00,Y,N,1,1,Y,转股价下修1次，成功下修1次,2022-06-28 开始转股,计算使用1.7年期 评级为AA- 债参考YTM：2.0816,N,7.2,全价：134.420 最后更新：15:34:48,,,,1,[],0,0,N,,,buy,buy
2026-05-12 10:04:23,123065,宝莱转债,blzz,126.705,-2.68,300246,宝莱特,blt,20.13,-2.28,4.71,23.8,84.58,0,49.81,176.52,370502,医药生物,szcy,C,2020-09-24,[],0,0,buy,AA-,,16.66,30.94,5.1,buy,2026-09-04,0.315,2.18,4401.44,30194.46,15.77,-29.58,,0,15:34:45,00,Y,N,1,1,Y,转股价下修1次，成功下修1次,2021-03-11 开始转股,计算使用0.4年期 评级为AA- 债参考YTM：1.7177,N,2.19,全价：126.705 最后更新：15:34:45,,,,0,[],0,0,N,,,buy,buy
2026-05-12 10:04:23,123269,金杨转债,jyzz,159.0,1.08,301210,金杨精密,jygf,42.19,-0.85,2.57,39.8,106.01,167,49.99,208.99,630701,电力设备,szcy,C,2026-05-11,[],0,0,buy,AA-,,27.86,51.74,53.4,buy,2032-04-19,5.943,9.8,124542.26,12594.57,79.16,-5.55,,0,15:34:12,00,Y,N,0,0,Y,,未到转股期；2026-10-26 开始转股,计算使用6.0年期 评级为AA- 债参考YTM：3.5438,N,9.8,全价：159.000 最后更新：15:34:12,,,,0,{'M': ''},0,0,N,,,buy,buy
2026-05-12 10:04:23,127031,洋丰转债,yfzz,134.276,-0.9,000902,新洋丰,xyf,15.22,-2.37,1.54,17.09,89.06,0,50.77,185.05,220805,基础化工,szmb,C,2021-04-23,[],0,0,buy,AA,,11.963,22.217,5.7,buy,2027-03-25,0.869,9.999,3346.77,22150.55,2.49,-19.16,,0,15:34:45,00,Y,N,1,1,Y,转股价下修1次，成功下修1次,2021-10-08 开始转股,计算使用0.9年期 评级为AA 债参考YTM：1.5499,N,10.0,全价：134.276 最后更新：15:34:45,,,,1,{'M': ''},0,0,N,,,buy,buy
2026-05-12 10:04:23,113665,汇通转债,htzz,136.669,-1.59,603176,汇通集团,htjt,5.7,-1.04,2.4,6.29,90.62,0,50.82,187.49,620306,建筑装饰,shmb,C,2023-01-11,[],0,0,buy,AA-,,4.403,8.177,13.7,buy,2028-12-15,2.597,3.596,4994.04,2560.42,10.1,-5.43,,0,14:59:42,00,Y,N,1,1,Y,转股价下修1次，成功下修1次,2023-06-21 开始转股,计算使用2.6年期 评级为AA- 债参考YTM：2.3195,N,3.6,全价：136.669 最后更新：14:59:42,,,,0,[],0,0,N,,,buy,buy
2026-05-12 10:04:23,118061,茂莱转债,mlzz,232.716,-1.66,688502,茂莱光学,mlgx,561.0,3.92,23.55,364.43,153.94,15,51.17,283.89,270303,电子,shkc,C,2025-12-10,[],0,0,buy,A+,,255.101,473.759,1.9,buy,2031-11-20,5.529,5.625,57232.79,133803.8,42.74,-11.72,,0,14:59:59,00,Y,N,0,0,Y,,未到转股期；2026-05-27 开始转股,计算使用5.6年期 评级为A+ 债参考YTM：5.5882,N,5.625,全价：232.716 最后更新：14:59:59,,,,0,{'M': ''},0,0,N,,,buy,buy
2026-05-12 10:04:23,127104,姚记转债,yjzz,154.53,-1.95,002605,姚记科技,yjkj,20.41,-1.69,2.15,20.06,101.75,0,51.88,206.41,720401,传媒,szmb,C,2024-02-26,[],0,0,buy,A+,,14.042,26.078,8.5,buy,2030-01-24,3.707,5.823,2074.61,12193.75,2.3,-6.67,,0,15:33:57,00,Y,N,0,0,Y,,2024-07-31 开始转股,计算使用3.8年期 评级为A+ 债参考YTM：4.9258,N,5.831,全价：154.530 最后更新：15:33:57,,,,0,[],0,0,N,,,buy,buy
2026-05-12 10:04:23,118042,奥维转债,awzz,156.195,-1.5,688516,奥特维,atw,86.78,-1.33,7.14,84.42,102.8,0,51.95,208.15,630505,电力设备,shkc,C,2023-09-01,[],0,0,buy,AA-,,59.094,109.746,4.2,buy,2029-08-10,3.249,11.399,16518.33,135516.65,9.1,-8.1,,0,14:59:48,00,Y,N,0,0,Y,,2024-02-19 开始转股,计算使用3.3年期 评级为AA- 债参考YTM：2.4949,N,11.4,全价：156.195 最后更新：14:59:48,,,,0,{'M': ''},0,0,N,,,buy,buy
2026-05-12 10:04:23,123195,蓝晓转02,lxz02,161.216,-1.85,300487,蓝晓科技,lxkj,62.86,-0.47,6.95,59.38,105.86,0,52.29,213.51,220504,基础化工,szcy,C,2023-05-08,[],0,0,buy,A+,,41.566,77.194,2.8,buy,2029-04-17,2.934,5.458,3244.02,22339.65,3.68,-9.91,,0,15:34:06,00,Y,N,0,0,Y,,2023-10-23 开始转股,计算使用3.0年期 评级为A+ 债参考YTM：4.7787,N,5.461,全价：161.216 最后更新：15:34:06,,,,0,{'M': ''},0,0,N,,,buy,buy
2026-05-12 10:04:23,127069,小熊转债,xxzz,135.541,-0.88,002959,小熊电器,xxdq,40.04,-1.28,1.99,45.0,88.98,0,52.33,187.87,330301,家用电器,szmb,C,2022-09-07,[],0,0,buy,AA-,,31.5,58.5,8.4,buy,2028-08-12,2.255,5.041,3725.8,4977.29,5.45,-5.69,,0,15:34:03,00,Y,N,1,1,Y,转股价下修1次，成功下修1次,2023-02-20 开始转股,计算使用2.3年期 评级为AA- 债参考YTM：2.2376,N,5.36,全价：135.541 最后更新：15:34:03,,,,0,{'M': ''},0,0,N,,,buy,buy
2026-05-12 10:04:23,127046,百润转债,brzz,132.497,-1.51,002568,百润股份,brgf,17.92,-2.08,3.61,20.63,86.86,0,52.53,185.03,340602,食品饮料,szmb,C,2021-11-03,[],0,0,buy,AA,,14.441,26.819,8.3,buy,2027-09-29,1.384,11.274,4195.93,17627.8,2.8,-11.7,,0,15:34:39,00,Y,N,1,1,Y,转股价下修1次，成功下修1次,2022-04-12 开始转股,计算使用1.4年期 评级为AA 债参考YTM：1.6567,N,11.28,全价：132.497 最后更新：15:34:39,,,,0,{'M': ''},0,0,N,,,buy,buy
2026-05-12 10:04:23,113674,华设转债,hszz,136.416,-1.26,603018,华设集团,hsjt,7.55,-0.53,0.95,8.45,89.35,0,52.68,189.1,620601,建筑装饰,shmb,C,2023-08-15,[],0,0,buy,AA,,5.915,10.985,7.7,buy,2029-07-21,3.195,3.999,2774.79,4859.51,5.05,-4.97,,0,14:59:50,00,Y,N,0,0,Y,,2024-01-29 开始转股,计算使用3.2年期 评级为AA 债参考YTM：1.8839,N,4.0,全价：136.416 最后更新：14:59:50,,,,0,{'M': ''},0,0,N,,,buy,buy
2026-05-12 10:04:23,128138,侨银转债,qyzz,131.853,-0.62,002973,侨银股份,qygf,12.63,-4.1,1.97,14.64,86.27,0,52.84,184.69,760103,环保,szmb,C,2020-12-24,[],0,0,buy,A+,,10.248,19.032,10.5,buy,2026-11-17,0.518,4.199,2146.54,7109.69,3.87,-2.73,,0,15:34:33,00,Y,N,2,2,Y,转股价下修2次，成功下修2次,2021-05-24 开始转股,计算使用0.6年期 评级为A+ 债参考YTM：4.0928,N,4.2,全价：131.853 最后更新：15:34:33,,,,1,[],0,0,N,,,buy,buy
2026-05-12 10:04:23,118052,浩瀚转债,hhzz,153.274,-2.43,688292,浩瀚深度,hhsd,24.25,-1.58,3.81,24.26,99.96,0,53.34,206.61,710103,计算机,shkc,C,2025-04-07,[],0,0,buy,A+,,16.982,31.538,9.2,buy,2031-03-13,4.838,3.539,4055.0,9390.61,7.42,-5.06,,0,14:59:36,00,Y,N,0,0,Y,,2025-09-19 开始转股,计算使用4.9年期 评级为A+ 债参考YTM：5.1222,N,3.54,全价：153.274 最后更新：14:59:36,,,,0,{'M': ''},0,0,N,,,buy,buy
2026-05-12 10:04:23,127102,浙建转债,zjzz,131.18,-1.11,002761,浙江建投,zjjt,8.72,-0.91,1.08,10.22,85.32,0,53.75,184.93,620101,建筑装饰,szmb,C,2024-01-16,[],0,0,buy,AA+,,7.154,13.286,10.5,buy,2029-12-25,3.625,9.951,4714.71,10101.55,3.6,-4.36,,0,15:33:54,00,Y,N,0,0,Y,,2024-07-01 开始转股,计算使用3.7年期 评级为AA+ 债参考YTM：1.8093,N,10.0,全价：131.180 最后更新：15:33:54,,,,0,{'M': ''},0,0,N,,,buy,buy
2026-05-12 10:04:23,127059,永东转2,ydz2,133.957,-1.53,002753,永东股份,ydgf,7.07,-2.62,1.13,8.16,86.64,0,54.61,188.57,220603,基础化工,szmb,C,2022-05-16,[],0,0,buy,AA-,,5.712,10.608,22.1,buy,2028-04-08,1.91,3.791,4112.66,6260.93,8.05,-6.91,,0,15:34:39,00,Y,N,0,0,Y,,2022-10-14 开始转股,计算使用2.0年期 评级为AA- 债参考YTM：2.1553,N,3.8,全价：133.957 最后更新：15:34:39,,,,1,[],0,0,N,,,buy,buy
2026-05-12 10:04:23,123124,晶瑞转2,jrz2,145.0,-2.03,300655,晶瑞电材,jrdc,15.62,-1.39,6.28,16.69,93.59,0,54.93,199.93,270601,电子,szcy,C,2021-09-07,[],0,0,buy,A+,,11.683,21.697,3.1,buy,2027-08-16,1.263,5.225,3024.28,59594.97,3.98,-20.56,,1,15:34:48,00,Y,N,0,0,Y,,2022-02-21 开始转股,计算使用1.3年期 评级为A+ 债参考YTM：4.3174,N,5.23,全价：145.000 最后更新：15:34:48,,,,1,{'M': ''},0,0,N,,23年6月前不下修,buy,buy
2026-05-12 10:04:23,111024,澳弘转债,ahzz,176.202,-2.18,605058,澳弘电子,ahdz,38.65,-0.95,3.0,34.04,113.54,36,55.19,231.39,270202,电子,shmb,C,2026-01-16,[],0,0,buy,AA-,,23.828,44.252,10.5,buy,2031-12-10,5.584,5.8,3510.76,12320.43,3.42,-7.33,,0,14:59:52,00,Y,N,0,0,Y,,未到转股期；2026-06-17 开始转股,计算使用5.6年期 评级为AA- 债参考YTM：3.2392,N,5.8,全价：176.202 最后更新：14:59:52,,,,0,[],0,0,N,,,buy,buy
2026-05-12 10:04:23,123268,本川转债,bczz,163.5,0.24,300964,本川智能,bczn,79.85,8.42,5.97,75.88,105.23,164,55.37,218.87,270202,电子,szcy,C,2026-05-07,[],0,0,buy,AA-,,53.116,98.644,10.5,buy,2032-04-16,5.934,4.69,33487.34,73789.15,43.76,-5.31,,0,15:34:36,00,Y,N,0,0,Y,,未到转股期；2026-10-23 开始转股,计算使用6.0年期 评级为AA- 债参考YTM：3.5438,N,4.69,全价：163.500 最后更新：15:34:36,,,,0,{'M': ''},0,0,N,,,buy,buy
2026-05-12 10:04:23,113692,保隆转债,blzz,137.147,-0.8,603197,保隆科技,blkj,34.65,-1.28,2.27,39.36,88.03,0,55.79,192.94,280205,汽车,shmb,C,2024-11-27,[],0,0,buy,AA,,27.552,51.168,19.0,buy,2030-10-31,4.474,13.897,4014.1,6960.9,2.1,-4.21,,0,14:59:01,00,Y,N,0,0,Y,,2025-05-06 开始转股,计算使用4.5年期 评级为AA 债参考YTM：2.0541,N,13.9,全价：137.147 最后更新：14:59:01,,,,0,{'M': ''},0,0,N,,,buy,buy
2026-05-12 10:04:23,113696,伯25转债,b25zz,142.863,-0.8,603596,伯特利,btl,32.18,-0.65,3.5,35.16,91.52,0,56.09,198.95,280203,汽车,shmb,C,2025-07-28,[],0,0,buy,AA,,24.612,45.708,9.7,buy,2031-07-01,5.14,28.019,9269.78,46126.81,2.31,-4.43,,0,14:59:27,00,Y,N,0,0,Y,,2026-01-07 开始转股,计算使用5.2年期 评级为AA 债参考YTM：2.1498,N,28.02,全价：142.863 最后更新：14:59:27,,,,0,{'M': ''},0,0,N,,,buy,buy
2026-05-12 10:04:23,127050,麒麟转债,qlzz,130.29,-0.89,002984,森麒麟,sql,16.13,-1.41,1.21,19.36,83.32,0,56.38,186.67,280204,汽车,szmb,C,2021-12-06,[],0,0,buy,AA,,13.552,25.168,18.1,buy,2027-11-11,1.501,20.86,5143.5,23034.19,1.89,-9.8,,0,15:34:33,00,Y,N,1,1,Y,转股价下修1次，成功下修1次,2022-05-17 开始转股,计算使用1.6年期 评级为AA 债参考YTM：1.6829,N,21.989,全价：130.290 最后更新：15:34:33,,,,1,{'M': ''},0,0,N,,,buy,buy
2026-05-12 10:04:23,113702,斯达转债,sdzz,168.209,6.94,603290,斯达半导,sdbd,113.13,1.78,3.89,105.3,107.44,163,56.57,224.78,270102,电子,shmb,C,2026-05-11,[],0,0,buy,AA+,,73.71,136.89,5.5,buy,2032-04-15,5.932,15.0,418298.96,132669.42,162.57,-6.76,,0,15:00:00,00,Y,N,0,0,Y,,未到转股期；2026-10-22 开始转股,计算使用6.0年期 评级为AA+ 债参考YTM：2.0338,N,15.0,全价：168.209 最后更新：15:00:00,,,,0,{'M': ''},0,0,N,,,buy,buy
2026-05-12 10:04:23,113643,风语转债,fyzz,138.935,-0.12,603466,风语筑,fyz,10.46,3.87,2.94,11.82,88.49,0,57.0,195.94,720706,传媒,shmb,C,2022-04-22,[],0,0,buy,AA-,,8.274,15.366,8.0,buy,2028-03-25,1.871,4.994,9701.54,62155.99,13.91,-8.86,,0,14:59:55,00,Y,N,1,1,Y,转股价下修1次，成功下修1次,2022-10-10 开始转股,计算使用1.9年期 评级为AA- 债参考YTM：2.1290,N,5.0,全价：138.935 最后更新：14:59:55,,,,1,{'M': ''},0,0,N,,,buy,buy
2026-05-12 10:04:23,110100,龙建转债,ljzz,138.821,-1.02,600853,龙建股份,ljgf,4.08,1.75,0.99,4.63,88.12,77,57.53,196.35,620306,建筑装饰,shmb,C,2026-02-12,[],0,0,buy,AA,,3.241,6.019,24.2,buy,2032-01-21,5.699,10.0,3395.98,8075.45,2.44,-3.51,,0,14:59:40,00,Y,N,0,0,Y,,未到转股期；2026-07-28 开始转股,计算使用5.7年期 评级为AA 债参考YTM：2.2392,N,10.0,全价：138.821 最后更新：14:59:40,,,,0,[],0,0,N,,,buy,buy
2026-05-12 10:04:23,127113,长高转债,cgzz,161.397,-2.32,002452,长高电新,cgdx,11.28,-0.18,2.49,11.01,102.45,125,57.53,218.93,630801,电力设备,szmb,C,2026-03-30,[],0,0,buy,AA-,,7.707,14.313,13.1,buy,2032-03-08,5.827,7.586,9898.83,31338.07,8.07,-5.9,,0,15:34:03,00,Y,N,0,0,Y,,未到转股期；2026-09-14 开始转股,计算使用5.9年期 评级为AA- 债参考YTM：3.4919,N,7.59,全价：161.397 最后更新：15:34:03,,,,0,{'M': ''},0,0,N,,,buy,buy
2026-05-12 10:04:23,123220,易瑞转债,yrzz,137.626,-1.33,300942,易瑞生物,yrsw,7.72,-4.1,3.5,8.87,87.04,0,58.13,195.76,370504,医药生物,szcy,C,2023-09-06,[],0,0,buy,A+,,6.209,11.531,9.3,buy,2029-08-18,3.271,2.907,3070.43,7054.36,7.65,-4.45,,0,15:34:06,00,Y,N,1,1,Y,转股价下修1次，成功下修1次,2024-02-26 开始转股,计算使用3.3年期 评级为A+ 债参考YTM：4.8479,N,3.28,全价：137.626 最后更新：15:34:06,,,,0,{'M': ''},0,0,N,,,buy,buy
2026-05-12 10:04:23,118062,天准转债,tzzz,222.652,-0.34,688003,天准科技,tzkj,77.62,0.39,7.51,55.73,139.28,37,59.86,282.51,640704,机械设备,shkc,C,2025-12-31,[],0,0,buy,AA-,,39.011,66.876,5.8,buy,2031-12-11,5.586,8.72,23870.22,32541.27,12.33,-11.17,,0,14:59:59,00,Y,N,0,0,Y,,未到转股期；2026-06-18 开始转股,计算使用5.6年期 评级为AA- 债参考YTM：3.2392,N,8.72,全价：222.652 最后更新：14:59:59,,,,0,{'M': ''},0,0,N,120%,,buy,buy
2026-05-12 10:04:23,118053,正帆转债,zfzz,149.841,2.12,688596,正帆科技,zfkj,35.96,1.87,2.82,38.45,93.52,0,60.22,210.06,640209,机械设备,shkc,C,2025-04-03,[],0,0,buy,AA,,26.915,49.985,9.8,buy,2031-03-18,4.852,10.41,46667.5,59313.09,29.7,-5.24,,0,14:59:58,00,Y,N,0,0,Y,,2025-09-24 开始转股,计算使用4.9年期 评级为AA 债参考YTM：2.1072,N,10.41,全价：149.841 最后更新：14:59:58,,,,0,{'M': ''},0,0,N,,,buy,buy
2026-05-12 10:04:23,128119,龙大转债,ldzz,85.15,-3.07,002726,ST龙大,ldms,2.21,-5.15,3.96,4.2,52.62,0,61.82,146.97,340401,食品饮料,szmb,C,2020-08-07,[],0,0,buy,BB-,,2.94,5.46,39.7,buy,2026-07-13,0.17,9.459,5943.29,374.31,7.34,206.33,,0,15:34:39,00,Y,N,2,1,Y,转股价下修2次，成功下修1次,2021-01-18 开始转股,,Y,9.5,全价：85.150 最后更新：15:34:39,,,"按下调到底估算
股东大会：2026-05-22
预估转股价：3.32
预估转股价值：66.57
期权价值：0.00
理论价值：109.60
理论偏离度：-28.71%",1,[],1,0,N,,,buy,buy
2026-05-12 10:04:23,111021,奥锐转债,arzz,144.051,-0.54,605116,奥锐特,art,22.19,-1.9,3.32,24.94,88.97,0,61.9,205.95,370101,医药生物,shmb,C,2024-08-15,[],0,0,buy,AA-,,17.458,32.422,9.0,buy,2030-07-26,4.208,8.121,4250.9,9433.66,3.63,-4.38,,0,14:58:55,00,Y,N,0,0,Y,,2025-02-05 开始转股,计算使用4.3年期 评级为AA- 债参考YTM：2.6527,N,8.121,全价：144.051 最后更新：14:58:55,,,,0,[],0,0,N,,,buy,buy
2026-05-12 10:04:23,123261,普联转债,plzz,158.9,-1.71,300996,普联软件,plrj,12.72,-1.62,3.8,12.97,98.07,30,62.02,220.92,710401,计算机,szcy,C,2025-12-22,[],0,0,buy,A+,,9.079,16.861,5.7,buy,2031-12-05,5.57,2.429,1092.98,10479.48,2.82,-5.14,,0,15:34:24,00,Y,N,0,0,Y,,未到转股期；2026-06-11 开始转股,计算使用5.6年期 评级为A+ 债参考YTM：5.5882,N,2.43,全价：158.900 最后更新：15:34:24,,,,0,{'M': ''},0,0,N,,,buy,buy
2026-05-12 10:04:23,123223,九典转02,jdz02,139.501,-0.85,300705,九典制药,jdzy,12.87,-2.05,2.39,14.95,86.09,0,62.05,201.55,370102,医药生物,szcy,C,2023-10-13,[],0,0,buy,A+,,10.465,19.435,4.3,buy,2029-09-15,3.348,2.053,698.41,7576.32,2.43,-4.98,,0,15:34:09,00,Y,N,0,0,Y,,2024-03-21 开始转股,计算使用3.4年期 评级为A+ 债参考YTM：4.8656,N,3.6,全价：139.501 最后更新：15:34:09,,,,0,[],0,0,N,,,buy,buy
2026-05-12 10:04:23,118059,颀中转债,qzzz,165.294,-2.53,688352,颀中科技,qzkj,14.02,1.45,2.86,13.75,101.96,0,62.11,227.4,270107,电子,shkc,C,2025-11-21,[],0,0,buy,AA+,,9.625,17.875,16.6,buy,2031-11-03,5.482,8.499,13005.97,37629.58,9.14,-6.87,,0,14:59:54,00,Y,N,0,0,Y,,2026-05-07 开始转股,计算使用5.5年期 评级为AA+ 债参考YTM：1.9532,N,8.5,全价：165.294 最后更新：14:59:54,,,,0,{'M': ''},0,0,N,,,buy,buy
2026-05-12 10:04:23,113699,金25转债,j25zz,172.971,1.5,603979,金诚信,jcx,67.6,4.0,3.62,63.46,106.52,0,62.38,235.35,240302,有色金属,shmb,C,2025-10-27,[],0,0,buy,AA,,44.422,82.498,4.7,buy,2031-09-26,5.378,19.999,25389.03,104255.05,7.34,-7.31,,0,14:59:59,00,Y,N,0,0,Y,,2026-04-10 开始转股,计算使用5.4年期 评级为AA 债参考YTM：2.1838,N,20.0,全价：172.971 最后更新：14:59:59,,,,0,{'M': ''},0,0,N,,,buy,buy
2026-05-12 10:04:23,123144,裕兴转债,yxzz,129.16,-0.78,300305,裕兴股份,yxgf,6.74,-0.88,1.26,8.5,79.29,0,62.89,192.05,220505,基础化工,szcy,C,2022-04-27,[],0,0,buy,A+,,5.95,11.05,27.7,buy,2028-04-11,1.918,5.997,1843.2,4176.85,2.38,-5.08,,0,15:33:54,00,Y,N,1,1,Y,转股价下修1次，成功下修1次,2022-10-17 开始转股,计算使用2.0年期 评级为A+ 债参考YTM：4.4953,N,6.0,全价：129.160 最后更新：15:33:54,,,,1,[],0,0,N,,,buy,buy
2026-05-12 10:04:23,123214,东宝转债,dbzz,134.88,-0.68,300239,东宝生物,dbsw,5.47,-2.5,1.86,6.63,82.5,0,63.48,198.36,370304,医药生物,szcy,C,2023-08-18,[],0,0,buy,A+,,4.641,8.619,14.1,buy,2029-07-31,3.222,4.549,1813.75,4799.95,2.95,-4.28,,0,15:34:18,00,Y,N,0,0,Y,,2024-02-05 开始转股,计算使用3.3年期 评级为A+ 债参考YTM：4.8479,N,4.55,全价：134.880 最后更新：15:34:18,,,,0,[],0,0,N,,,buy,buy
2026-05-12 10:04:23,123192,科思转债,kszz,135.269,-1.05,300856,科思股份,ksgf,14.38,0.35,2.43,17.39,82.69,0,63.58,198.85,770201,美容护理,szcy,C,2023-05-11,[],0,0,buy,AA-,,12.173,22.607,10.9,buy,2029-04-13,2.923,7.187,5651.71,15511.24,5.79,-4.49,,0,15:34:09,00,Y,N,0,0,Y,,2023-10-19 开始转股,计算使用3.0年期 评级为AA- 债参考YTM：2.4287,N,7.249,全价：135.269 最后更新：15:34:09,,,,0,{'M': ''},0,0,N,,,buy,buy
2026-05-12 10:04:23,127112,尚太转债,stzz,153.077,-3.24,001301,尚太科技,stkj,78.69,-2.03,2.85,84.71,92.89,71,64.79,217.87,630702,电力设备,szmb,C,2026-02-05,[],0,0,buy,AA+,,59.297,110.123,11.9,buy,2032-01-15,5.682,17.34,25006.36,54616.85,9.44,-5.5,,0,15:34:36,00,Y,N,0,0,Y,,未到转股期；2026-07-22 开始转股,计算使用5.7年期 评级为AA+ 债参考YTM：1.9863,N,17.34,全价：153.077 最后更新：15:34:36,,,,0,[],0,0,N,,,buy,buy
2026-05-12 10:04:23,127038,国微转债,gwzz,135.7,-2.27,002049,紫光国微,zggw,79.59,-2.87,4.8,97.3,81.8,0,65.9,201.6,270104,电子,szmb,C,2021-07-14,[],0,0,buy,AA+,,68.11,126.49,2.2,buy,2027-06-10,1.08,14.915,7132.13,295301.96,3.5,-16.68,,0,15:34:21,00,Y,N,0,0,Y,,2021-12-17 开始转股,计算使用1.1年期 评级为AA+ 债参考YTM：1.5832,N,15.0,全价：135.700 最后更新：15:34:21,,,,0,{'M': ''},0,0,N,,,buy,buy
2026-05-12 10:04:23,127111,金威转债,jwzz,136.2,-1.26,002626,金达威,jdw,15.9,-1.3,2.16,19.59,81.16,0,67.81,204.01,340407,食品饮料,szmb,C,2025-09-08,[],0,0,buy,AA,,13.713,25.467,13.3,buy,2031-08-20,5.277,12.924,3761.1,6485.35,2.13,-3.44,,0,15:34:00,00,Y,N,0,0,Y,,2026-02-26 开始转股,计算使用5.3年期 评级为AA 债参考YTM：2.1664,N,12.924,全价：136.200 最后更新：15:34:00,,,,0,{'M': ''},0,0,N,,,buy,buy
2026-05-12 10:04:23,118065,艾为转债,awzz,152.598,-1.18,688798,艾为电子,awdz,71.93,-1.1,3.89,79.83,90.1,77,69.36,221.96,270105,电子,shkc,C,2026-02-26,[],0,0,buy,AA+,,55.881,103.779,19.5,buy,2032-01-22,5.701,19.01,5291.74,21809.21,1.81,-5.28,,0,14:59:57,00,Y,N,0,0,Y,,未到转股期；2026-07-28 开始转股,计算使用5.8年期 评级为AA+ 债参考YTM：2.0028,N,19.01,全价：152.598 最后更新：14:59:57,,,,0,{'M': ''},0,0,N,,,buy,buy
2026-05-12 10:04:23,123229,艾录转债,alzz,138.389,-0.68,301062,上海艾录,shal,8.17,-2.85,2.59,10.0,81.7,0,69.39,207.78,360205,轻工制造,szcy,C,2023-11-20,[],0,0,buy,A+,,7.0,13.0,7.0,buy,2029-10-23,3.452,1.779,1184.05,9318.87,4.81,-4.06,,0,15:34:12,00,Y,N,0,0,Y,,2024-04-29 开始转股,计算使用3.5年期 评级为A+ 债参考YTM：4.8815,N,5.0,全价：138.389 最后更新：15:34:12,,,,0,{'M': ''},0,0,N,,,buy,buy
2026-05-12 10:04:23,123168,惠云转债,hyzz,134.186,-1.5,300891,惠云钛业,hyty,8.5,-2.52,2.67,10.74,79.14,0,69.55,203.74,220206,基础化工,szcy,C,2022-12-14,[],0,0,buy,AA-,,7.518,13.962,17.3,buy,2028-11-23,2.537,4.899,3359.0,6253.54,5.09,-4.8,,0,15:33:57,00,Y,N,0,0,Y,,2023-05-29 开始转股,计算使用2.6年期 评级为AA- 债参考YTM：2.3195,N,4.9,全价：134.186 最后更新：15:33:57,,,,0,{'M': ''},0,0,N,,,buy,buy
2026-05-12 10:04:23,118020,芳源转债,fyzz,127.537,-0.77,688148,芳源股份,fygf,10.53,-2.32,9.8,14.0,75.21,0,69.56,197.1,630702,电力设备,shkc,C,2022-11-07,[],0,0,buy,BBB,,9.8,18.2,11.9,buy,2028-09-23,2.37,6.417,3666.06,27677.95,4.48,-0.53,,0,14:59:58,00,Y,N,1,1,Y,转股价下修1次，成功下修1次,2023-03-29 开始转股,计算使用2.4年期 评级为BBB 债参考YTM：15.5693,N,6.42,全价：127.537 最后更新：14:59:58,,,,0,{'M': ''},0,0,N,,,buy,buy
2026-05-12 10:04:23,123263,鼎捷转债,djzz,164.571,-2.92,300378,鼎捷数智,djsz,42.18,-3.1,4.87,43.54,96.88,38,69.88,234.45,710402,计算机,szcy,C,2025-12-31,[],0,0,buy,AA,,,56.602,7.3,buy,2031-12-15,5.597,8.277,13635.31,46984.1,9.98,-6.49,,0,15:34:27,00,Y,N,0,0,Y,,未到转股期；2026-06-19 开始转股,计算使用5.6年期 评级为AA 债参考YTM：2.2205,N,8.28,全价：164.571 最后更新：15:34:27,,,,0,{'M': ''},0,0,N,,,buy,buy
2026-05-12 10:04:23,113693,志邦转债,zbzz,132.789,0.35,603801,志邦家居,zbjj,9.0,2.62,1.22,11.52,78.13,0,69.97,202.76,360308,轻工制造,shmb,C,2025-04-08,[],0,0,buy,AA,,8.064,14.976,17.1,buy,2031-03-18,4.852,6.7,4581.05,10771.1,5.13,-3.09,,0,14:59:57,00,Y,N,0,0,Y,,2025-09-24 开始转股,计算使用4.9年期 评级为AA 债参考YTM：2.1072,N,6.7,全价：132.789 最后更新：14:59:57,,,,0,[],0,0,N,,,buy,buy
2026-05-12 10:04:23,123165,回天转债,htzz,133.274,-1.06,300041,回天新材,htxc,11.9,0.51,2.11,15.2,78.29,0,70.23,203.5,220316,基础化工,szcy,C,2022-11-15,[],0,0,buy,AA-,,10.64,19.76,13.1,buy,2028-10-27,2.463,8.497,3005.88,22404.86,2.65,-4.74,,0,15:34:00,00,Y,N,0,0,Y,,2023-05-04 开始转股,计算使用2.5年期 评级为AA- 债参考YTM：2.2922,N,8.5,全价：133.274 最后更新：15:34:00,,,,0,{'M': ''},0,0,N,,,buy,buy
2026-05-12 10:04:23,127093,章鼓转债,zgzz,137.074,-0.15,002598,ST章鼓,sdzg,8.14,0.49,1.92,10.15,80.2,0,70.92,207.99,640106,机械设备,szmb,C,2023-11-03,[],0,0,buy,A,,7.105,13.195,10.4,buy,2029-10-17,3.436,2.425,1254.7,6978.19,3.77,-4.33,,0,15:34:06,00,Y,N,1,0,Y,转股价下修1次，成功下修0次,2024-04-23 开始转股,计算使用3.5年期 评级为A 债参考YTM：7.2315,Y,2.43,全价：137.074 最后更新：15:34:06,,,"按下调到底估算
股东大会：2026-05-20
预估转股价：8.18
预估转股价值：99.51
期权价值：29.98
理论价值：123.42
理论偏离度：9.96%",0,[],0,0,N,,,buy,buy
2026-05-12 10:04:23,113589,天创转债,tczz,200.59,-1.95,603608,天创时尚,tcss,14.4,1.27,5.47,12.29,117.17,0,71.2,271.79,350205,纺织服饰,shmb,C,2020-07-16,[],0,0,buy,A-,,8.603,15.977,1.1,buy,2026-06-24,0.118,0.663,18752.85,33999.72,139.66,-392.37,,0,14:59:54,00,Y,N,0,0,Y,,2021-01-04 开始转股,计算使用0.2年期 评级为A- 债参考YTM：8.7397,N,6.0,全价：200.590 最后更新：14:59:54,,,,0,[],0,0,N,,,buy,buy
2026-05-12 10:04:23,118063,金05转债,j05zz,169.766,-3.43,688676,金盘科技,jpkj,87.64,-1.17,7.52,88.6,98.92,50,71.63,241.4,630801,电力设备,shkc,C,2026-01-14,[],0,0,buy,AA+,,62.02,115.18,4.1,buy,2031-12-24,5.622,16.71,11210.56,144541.58,3.86,-7.28,,0,14:59:52,00,Y,N,0,0,Y,,未到转股期；2026-07-01 开始转股,计算使用5.7年期 评级为AA+ 债参考YTM：1.9863,N,16.71,全价：169.766 最后更新：14:59:52,,,,0,{'M': ''},0,0,N,,,buy,buy
2026-05-12 10:04:23,123262,神宇转债,syzz,148.77,-2.02,300563,神宇股份,sygf,33.63,-0.53,5.16,38.82,86.63,36,71.73,220.5,730205,通信,szcy,C,2025-12-30,[],0,0,buy,AA-,,27.174,50.466,11.4,buy,2031-12-10,5.584,5.0,3079.53,16563.01,4.1,-4.76,,0,15:34:09,00,Y,N,0,0,Y,,未到转股期；2026-06-17 开始转股,计算使用5.6年期 评级为AA- 债参考YTM：3.2392,N,5.0,全价：148.770 最后更新：15:34:09,,,,0,{'M': ''},0,0,N,,,buy,buy
2026-05-12 10:04:23,118067,上26转债,s26zz,144.824,-1.15,688533,上声电子,ssdz,27.46,-0.4,2.5,32.6,84.23,135,71.93,216.75,280206,汽车,shkc,C,2026-04-14,[],0,0,buy,A+,,22.82,42.38,7.2,buy,2032-03-17,5.852,3.25,1615.99,4606.17,3.41,-3.5,,0,14:59:50,00,Y,N,0,0,Y,,未到转股期；2026-09-24 开始转股,计算使用5.9年期 评级为A+ 债参考YTM：5.8418,N,3.25,全价：144.824 最后更新：14:59:50,,,,0,{'M': ''},0,0,N,,,buy,buy
2026-05-12 10:04:23,113679,芯能转债,xnzz,135.35,-0.8,603105,芯能科技,xnkj,10.02,1.42,2.2,12.75,78.59,0,72.23,207.58,410106,公用事业,shmb,C,2023-11-24,[],0,0,buy,AA-,,8.925,16.575,17.6,buy,2029-10-26,3.46,8.798,4644.34,21136.88,3.88,-3.6,,0,14:59:58,00,Y,N,0,0,Y,,2024-05-06 开始转股,计算使用3.5年期 评级为AA- 债参考YTM：2.5265,N,8.8,全价：135.350 最后更新：14:59:58,,,,0,{'M': ''},0,0,N,,,buy,buy
2026-05-12 10:04:23,127083,山路转债,slzz,125.226,-0.58,000498,山东路桥,sdlq,5.52,-0.36,0.32,7.61,72.54,0,72.64,197.87,620306,建筑装饰,szmb,C,2023-04-26,[],0,0,buy,AAA,,5.327,9.893,60.4,buy,2029-03-24,2.869,48.359,5074.43,4817.24,0.84,-4.09,,0,15:33:57,00,Y,N,0,0,Y,,2023-10-09 开始转股,计算使用2.9年期 评级为AAA 债参考YTM：1.7213,N,48.36,全价：125.226 最后更新：15:33:57,,,,0,{'M': ''},0,0,N,,,buy,buy
2026-05-12 10:04:23,113652,伟22转债,w22zz,135.848,0.08,603568,伟明环保,wmhb,21.41,1.81,2.37,27.27,78.51,0,73.03,208.88,760103,环保,shmb,C,2022-08-12,[],0,0,buy,AA,,19.089,35.451,4.0,buy,2028-07-22,2.197,14.766,10613.93,15221.19,5.27,-8.08,,0,14:59:55,00,Y,N,2,1,Y,转股价下修2次，成功下修1次,2023-01-30 开始转股,计算使用2.2年期 评级为AA 债参考YTM：1.7640,Y,14.77,全价：135.848 最后更新：14:59:55,,,"按下调到底估算
股东大会：2026-06-04
预估转股价：21.89
预估转股价值：97.81
期权价值：17.48
理论价值：126.60
理论偏离度：6.81%",0,{'M': ''},0,0,N,,,buy,buy
2026-05-12 10:04:23,113656,嘉诚转债,jczz,128.905,-1.07,603535,嘉诚国际,jcgj,7.69,-2.53,1.52,10.35,74.3,0,73.49,202.4,420805,交通运输,shmb,C,2022-10-12,[],0,0,buy,AA-,,7.245,13.455,20.4,buy,2028-09-01,2.31,7.998,3431.49,4297.4,3.31,-3.65,,0,14:59:18,00,Y,N,0,0,Y,,2023-03-07 开始转股,计算使用2.4年期 评级为AA- 债参考YTM：2.2649,N,8.0,全价：128.905 最后更新：14:59:18,,,,0,[],0,0,N,,,buy,buy
2026-05-12 10:04:23,113648,巨星转债,jxzz,129.014,-1.13,603477,巨星农牧,jxnm,18.46,-3.45,3.5,24.86,74.26,0,73.74,202.75,110702,农林牧渔,shmb,C,2022-05-17,[],0,0,buy,AA-,,17.402,32.318,9.6,buy,2028-04-25,1.956,8.997,4482.99,24586.23,3.84,-6.94,,0,14:59:38,00,Y,N,0,0,Y,,2022-10-31 开始转股,计算使用2.0年期 评级为AA- 债参考YTM：2.1553,N,10.0,全价：129.014 最后更新：14:59:38,,,,1,{'M': ''},0,0,N,,,buy,buy
2026-05-12 10:04:23,113636,甬金转债,yjzz,132.4,-0.42,603995,甬金股份,yjgf,20.12,1.87,1.22,26.74,75.24,0,75.96,208.36,230501,钢铁,shmb,C,2021-12-31,[],0,0,buy,AA-,,18.718,34.762,13.6,buy,2027-12-13,1.589,9.995,2366.89,14579.31,1.79,-7.33,,0,14:59:08,00,Y,N,1,1,Y,转股价下修1次，成功下修1次,2022-06-17 开始转股,计算使用1.6年期 评级为AA- 债参考YTM：2.0587,N,10.0,全价：132.400 最后更新：14:59:08,,,,1,{'M': ''},0,0,N,,,buy,buy
2026-05-12 10:04:23,123138,丝路转债,slzz,136.384,-1.71,300556,丝路视觉,slsj,20.54,-1.72,5.88,26.53,77.42,0,76.16,212.54,710401,计算机,szcy,C,2022-03-22,[],0,0,buy,A,,18.571,34.489,10.7,buy,2028-03-02,1.808,2.393,1443.64,9284.64,4.4,-8.01,,0,15:33:54,00,Y,N,0,0,Y,,2022-09-08 开始转股,计算使用1.9年期 评级为A 债参考YTM：6.8186,N,2.4,全价：136.384 最后更新：15:33:54,,,,1,[],0,0,N,,,buy,buy
2026-05-12 10:04:23,123196,正元转02,zyz02,133.0,-1.56,300645,正元智慧,zyzh,16.5,-2.65,2.11,21.93,75.24,0,76.77,209.77,710103,计算机,szcy,C,2023-05-19,[],0,0,buy,A+,,15.351,28.509,15.2,buy,2029-04-18,2.937,3.501,2791.73,6627.29,5.97,-3.97,,0,15:34:09,00,Y,N,2,1,Y,转股价下修2次，成功下修1次,2023-10-24 开始转股,计算使用3.0年期 评级为A+ 债参考YTM：4.7787,N,3.507,全价：133.000 最后更新：15:34:09,,,,0,[],0,0,N,,,buy,buy
2026-05-12 10:04:23,111009,盛泰转债,stzz,131.719,-1.7,605138,盛泰集团,stjt,7.82,-3.22,1.68,10.56,74.05,0,77.87,209.59,350209,纺织服饰,shmb,C,2022-12-01,[],0,0,buy,AA,,7.392,13.728,16.1,buy,2028-11-07,2.493,7.011,3515.17,7299.63,3.79,-5.96,,0,14:59:59,00,Y,N,0,0,Y,,2023-05-11 开始转股,计算使用2.5年期 评级为AA 债参考YTM：1.8010,N,7.012,全价：131.719 最后更新：14:59:59,,,,0,[],0,0,N,,,buy,buy
2026-05-12 10:04:23,123264,双乐转债,slzz,139.179,-1.89,301036,双乐股份,slgf,28.68,-1.44,1.69,36.7,78.15,55,78.1,217.28,220305,基础化工,szcy,C,2026-01-16,[],0,0,buy,AA-,,25.69,47.71,39.6,buy,2031-12-25,5.625,8.0,2340.0,2420.43,2.09,-3.57,,0,15:34:30,00,Y,N,0,0,Y,,未到转股期；2026-07-06 开始转股,计算使用5.7年期 评级为AA- 债参考YTM：3.3341,N,8.0,全价：139.179 最后更新：15:34:30,,,,0,{'M': ''},0,0,N,,,buy,buy
2026-05-12 10:04:23,123193,海能转债,hnzz,134.03,0.14,300787,海能实业,hnsy,11.01,-1.43,2.03,14.7,74.9,0,78.95,212.98,270504,电子,szcy,C,2023-05-09,[],0,0,buy,AA-,,10.29,19.11,27.7,buy,2029-04-13,2.923,5.997,2149.81,4489.77,2.68,-4.18,,0,15:34:03,00,Y,N,0,0,Y,,2023-10-19 开始转股,计算使用3.0年期 评级为AA- 债参考YTM：2.4287,N,6.0,全价：134.030 最后更新：15:34:03,,,,0,[],0,0,N,,,buy,buy
2026-05-12 10:04:23,123266,博士转债,bszz,148.188,-2.08,300622,博士眼镜,bsyj,25.18,-2.44,6.06,30.43,82.75,135,79.09,227.28,450401,商贸零售,szcy,C,2026-04-07,[],0,0,buy,AA,,21.301,39.559,9.4,buy,2032-03-17,5.852,3.75,3393.13,14517.18,6.08,-4.21,,0,15:34:15,00,Y,N,0,0,Y,,未到转股期；2026-09-24 开始转股,计算使用5.9年期 评级为AA 债参考YTM：2.2761,N,3.75,全价：148.188 最后更新：15:34:15,,,,0,[],0,0,N,,,buy,buy
2026-05-12 10:04:23,118066,统联转债,tlzz,155.082,-2.75,688210,统联精密,tljm,48.66,-3.36,6.03,56.2,86.58,117,79.11,234.19,270504,电子,shkc,C,2026-03-20,[],0,0,buy,AA-,,39.34,73.06,7.3,buy,2032-03-02,5.811,5.76,12393.52,24227.5,13.85,-5.26,,0,14:59:57,00,Y,N,0,0,Y,,未到转股期；2026-09-06 开始转股,计算使用5.9年期 评级为AA- 债参考YTM：3.4919,N,5.76,全价：155.082 最后更新：14:59:57,,,,0,{'M': ''},0,0,N,,,buy,buy
2026-05-12 10:04:23,113616,韦尔转债,wezz,116.748,-0.44,603501,豪威集团,hwjt,103.31,1.9,3.94,159.12,64.93,0,79.82,196.57,270104,电子,shmb,C,2021-01-22,[],0,0,buy,AA+,,111.384,206.856,1.9,buy,2026-12-28,0.63,24.324,5212.12,394018.25,1.83,-9.17,,0,14:59:50,00,Y,N,0,0,N,2026-05-08 至 2026-05-14 期间暂停转股：回售,2021-07-05 开始转股;2026-05-08 至 2026-05-14 期间暂停转股：回售,计算使用0.7年期 评级为AA+ 债参考YTM：1.4911,N,24.4,全价：116.748 最后更新：14:59:50,,,,0,{'M': ''},0,0,Y,,,buy,buy
2026-05-12 10:04:23,113682,益丰转债,yfzz,131.95,-0.49,603939,益丰药房,yfyf,23.33,1.0,2.33,31.84,73.27,0,80.08,212.03,370403,医药生物,shmb,C,2024-03-27,[],0,0,buy,AA,,22.288,41.392,6.4,buy,2030-03-04,3.814,17.968,4274.13,34423.07,1.8,-3.76,,0,14:58:47,00,Y,N,0,0,Y,,2024-09-09 开始转股,计算使用3.9年期 评级为AA 债参考YTM：1.9754,N,17.97,全价：131.950 最后更新：14:58:47,,,,0,{'M': ''},0,0,N,,,buy,buy
2026-05-12 10:04:23,123265,耐普转02,npz02,147.39,-2.89,300818,耐普矿机,npkj,31.36,-4.8,2.79,38.44,81.58,71,80.67,228.06,640103,机械设备,szcy,C,2026-01-30,[],0,0,buy,A+,,26.908,49.972,13.1,buy,2032-01-15,5.682,4.5,5347.5,11085.06,7.97,-3.76,,0,15:34:33,00,Y,N,0,0,Y,,未到转股期；2026-07-22 开始转股,计算使用5.7年期 评级为A+ 债参考YTM：5.6835,N,4.5,全价：147.390 最后更新：15:34:33,,,,0,[],0,0,N,,,buy,buy
2026-05-12 10:04:23,113625,江山转债,jszz,127.481,-1.43,603208,江山欧派,jsop,13.98,-2.92,2.35,19.84,70.46,0,80.92,208.4,360308,轻工制造,shmb,C,2021-07-01,[],0,0,buy,AA-,,13.888,25.792,23.7,buy,2027-06-11,1.082,5.825,2483.88,5237.02,3.33,-5.18,,0,14:59:54,00,Y,N,1,1,Y,转股价下修1次，成功下修1次,2021-12-20 开始转股,计算使用1.1年期 评级为AA- 债参考YTM：1.9188,N,5.83,全价：127.481 最后更新：14:59:54,,,,0,[],0,0,Y,,,buy,buy
2026-05-12 10:04:23,123109,昌红转债,chzz,134.598,-0.47,300151,昌红科技,chkj,19.82,1.43,6.38,26.72,74.18,0,81.46,216.06,640209,机械设备,szcy,C,2021-04-19,[],0,0,buy,AA-,,18.704,34.736,6.3,buy,2027-04-01,0.888,4.595,4062.24,41058.67,6.61,-16.45,,0,15:34:45,00,Y,N,0,0,Y,,2021-10-08 开始转股,计算使用0.9年期 评级为AA- 债参考YTM：1.8310,N,4.6,全价：134.598 最后更新：15:34:45,,,,1,{'M': ''},0,0,N,,,buy,buy
2026-05-12 10:04:23,123157,科蓝转债,klzz,134.271,-0.15,300663,科蓝软件,klrj,9.76,0.0,12.43,13.2,73.94,0,81.6,215.87,710401,计算机,szcy,C,2022-09-20,[],0,0,buy,A,,9.24,17.16,5.2,buy,2028-08-30,2.304,2.34,4044.53,38382.95,12.84,-5.28,,0,15:33:57,00,Y,N,1,1,Y,转股价下修1次，成功下修1次,2023-03-06 开始转股,计算使用2.4年期 评级为A 债参考YTM：6.9575,N,4.946,全价：134.271 最后更新：15:33:57,,,,0,{'M': ''},0,0,N,,,buy,buy
2026-05-12 10:04:23,113610,灵康转债,lkzz,125.251,-0.91,603669,灵康药业,lkyy,4.47,-4.49,5.11,6.5,68.77,0,82.13,207.38,370102,医药生物,shmb,C,2020-12-22,[],0,0,buy,A-,,4.55,8.45,7.9,buy,2026-12-01,0.556,2.53,1383.77,6767.6,4.35,-14.79,,0,14:59:25,00,Y,N,2,2,Y,转股价下修2次，成功下修2次,2021-06-07 开始转股,计算使用0.6年期 评级为A- 债参考YTM：8.7928,N,5.25,全价：125.251 最后更新：14:59:25,,,,1,[],0,0,N,,,buy,buy
2026-05-12 10:04:23,127056,中特转债,ztzz,127.802,-1.97,000708,中信特钢,zxtg,15.52,-0.77,1.74,22.23,69.82,0,83.06,210.86,230501,钢铁,szmb,C,2022-04-15,[],0,0,buy,AAA,,15.561,28.899,6.4,buy,2028-02-25,1.792,49.996,8209.06,27889.07,1.28,-9.24,,0,15:34:21,00,Y,N,0,0,Y,,2022-09-05 开始转股,计算使用1.8年期 评级为AAA 债参考YTM：1.6252,N,50.0,全价：127.802 最后更新：15:34:21,,,,1,{'M': ''},0,0,N,,,buy,buy
2026-05-12 10:04:23,113627,太平转债,tpzz,122.501,-1.22,603877,太平鸟,tpn,13.96,-1.83,1.42,20.88,66.86,0,83.22,205.72,350209,纺织服饰,shmb,C,2021-08-06,[],0,0,buy,AA,,14.616,27.144,12.2,buy,2027-07-15,1.175,7.997,4228.67,2315.71,4.3,-7.6,,0,14:59:20,00,Y,N,1,1,Y,转股价下修1次，成功下修1次,2022-01-21 开始转股,计算使用1.2年期 评级为AA 债参考YTM：1.6239,N,8.0,全价：122.501 最后更新：14:59:20,,,,0,{'M': ''},0,0,N,,,buy,buy
2026-05-12 10:04:23,113647,禾丰转债,hfzz,123.822,-1.13,603609,禾丰股份,hfgf,6.8,-2.44,0.93,10.09,67.39,0,83.73,207.55,110402,农林牧渔,shmb,C,2022-05-18,[],0,0,buy,AA,,7.063,13.117,23.8,buy,2028-04-22,1.948,14.669,3875.73,2910.4,2.13,-4.28,,0,14:59:05,00,Y,N,0,0,Y,,2022-10-28 开始转股,计算使用2.0年期 评级为AA 债参考YTM：1.7352,N,15.0,全价：123.822 最后更新：14:59:05,,,,1,{'M': ''},0,0,N,,,buy,buy
2026-05-12 10:04:23,123175,百畅转债,bczz,123.029,-0.49,300614,百川畅银,bccy,13.64,-2.15,2.47,20.4,66.86,0,84.0,207.03,760103,环保,szcy,C,2023-03-17,[],0,0,buy,A,,14.28,26.52,19.2,buy,2029-02-22,2.786,4.199,1933.98,4023.35,3.74,-2.04,,0,15:34:00,00,Y,N,2,2,Y,转股价下修2次，成功下修2次,2023-08-28 开始转股,计算使用2.8年期 评级为A 债参考YTM：7.0718,N,4.2,全价：123.029 最后更新：15:34:00,,,,0,{'M': ''},0,0,N,,,buy,buy
2026-05-12 10:04:23,123260,卓镁转债,zmzz,165.502,-2.07,301398,星源卓镁,xyzm,46.7,-2.55,4.69,52.3,89.29,1,85.35,250.85,280202,汽车,szcy,C,2025-11-24,[],0,0,buy,A+,,36.61,67.99,25.9,buy,2031-11-07,5.493,4.5,2014.04,8530.98,2.68,-5.93,,0,15:34:06,00,Y,N,0,0,Y,,未到转股期；2026-05-13 开始转股,计算使用5.5年期 评级为A+ 债参考YTM：5.4897,N,4.5,全价：165.502 最后更新：15:34:06,,,,0,{'M': ''},0,0,N,,,buy,buy
2026-05-12 10:04:23,118024,冠宇转债,gyzz,128.117,-0.71,688772,珠海冠宇,zhgy,15.73,-3.2,2.35,22.89,68.72,0,86.43,214.55,630701,电力设备,shkc,C,2022-11-17,[],0,0,buy,AA,,16.023,27.468,17.3,buy,2028-10-24,2.455,30.889,7994.11,63749.57,2.02,-4.28,,0,14:59:47,00,Y,N,0,0,Y,,2023-04-28 开始转股,计算使用2.5年期 评级为AA 债参考YTM：1.8010,N,30.89,全价：128.117 最后更新：14:59:47,,,,0,{'M': ''},0,0,N,120%,,buy,buy
2026-05-12 10:04:23,127060,湘佳转债,xjzz,125.101,-0.98,002982,湘佳股份,xjgf,14.08,-3.43,1.64,21.13,66.64,0,87.74,212.84,110703,农林牧渔,szmb,C,2022-06-10,[],0,0,buy,A+,,14.791,27.469,34.9,buy,2028-04-19,1.94,6.399,1443.52,6691.7,1.8,-5.76,,0,15:33:54,00,Y,N,0,0,Y,,2022-10-25 开始转股,计算使用2.0年期 评级为A+ 债参考YTM：4.4953,N,6.4,全价：125.101 最后更新：15:33:54,,,,1,[],0,0,N,,,buy,buy
2026-05-12 10:04:23,113700,海天转债,htzz,137.206,-1.92,603759,海天股份,htgf,9.12,-0.98,1.44,12.52,72.84,91,88.36,225.57,760102,环保,shmb,C,2026-03-12,[],0,0,buy,AA,,8.764,16.276,19.0,buy,2032-02-04,5.737,8.01,2556.22,3381.84,2.3,-3.29,,0,14:59:56,00,Y,N,0,0,Y,,未到转股期；2026-08-11 开始转股,计算使用5.8年期 评级为AA 债参考YTM：2.2578,N,8.01,全价：137.206 最后更新：14:59:56,,,,0,[],0,0,N,,,buy,buy
2026-05-12 10:04:23,113701,祥和转债,xhzz,141.426,-1.16,603500,祥和实业,xhsy,10.15,-2.12,3.07,13.59,74.69,120,89.36,230.79,640501,机械设备,shmb,C,2026-03-26,[],0,0,buy,A+,,9.513,17.667,11.8,buy,2032-03-02,5.811,4.0,1489.95,6214.28,2.62,-2.98,,0,14:59:40,00,Y,N,0,0,Y,,未到转股期；2026-09-09 开始转股,计算使用5.9年期 评级为A+ 债参考YTM：5.8418,N,4.0,全价：141.426 最后更新：14:59:40,,,,0,[],0,0,N,,,buy,buy
2026-05-12 10:04:23,127085,韵达转债,ydzz,127.633,-0.4,002120,韵达股份,ydgf,7.8,-1.39,1.05,11.73,66.5,0,91.94,219.57,420804,交通运输,szmb,C,2023-05-23,[],0,0,buy,AA+,,8.211,15.249,11.2,buy,2029-04-11,2.918,24.499,5282.68,26099.85,1.69,-4.65,,0,15:34:00,00,Y,N,0,0,Y,,2023-10-17 开始转股,计算使用3.0年期 评级为AA+ 债参考YTM：1.7787,N,24.5,全价：127.633 最后更新：15:34:00,,,,0,{'M': ''},0,0,N,,,buy,buy
2026-05-12 10:04:23,118022,锂科转债,lkzz,127.004,-0.86,688779,五矿新能,wkxn,10.19,-2.49,2.68,15.53,65.62,0,93.56,220.56,630702,电力设备,shkc,C,2022-11-07,[],0,0,buy,AA,,10.871,20.189,16.5,buy,2028-10-11,2.419,32.497,5764.5,40083.66,1.4,-4.69,,0,14:59:11,00,Y,N,0,0,Y,,2023-04-17 开始转股,计算使用2.5年期 评级为AA 债参考YTM：1.8010,N,32.5,全价：127.004 最后更新：14:59:11,,,,0,{'M': ''},0,0,N,,,buy,buy
2026-05-12 10:04:23,118015,芯海转债,xhzz,135.45,-0.11,688595,芯海科技,xhkj,38.32,0.71,7.75,55.22,69.4,0,95.19,230.64,270104,电子,shkc,C,2022-08-18,[],0,0,buy,A+,,38.654,71.786,7.4,buy,2028-07-21,2.195,4.1,3089.63,28669.06,5.58,-5.79,,0,15:00:00,00,Y,N,0,0,Y,,2023-01-30 开始转股,计算使用2.2年期 评级为A+ 债参考YTM：4.5509,N,4.1,全价：135.450 最后更新：15:00:00,,,,0,{'M': ''},0,0,N,,,buy,buy
2026-05-12 10:04:23,127017,万青转债,wqzz,112.815,-0.02,000789,万年青,wnq,4.93,-1.2,0.6,8.53,57.8,0,95.2,208.02,610101,建筑材料,szmb,C,2020-07-02,[],0,0,buy,AA+,,5.971,11.089,25.4,buy,2026-06-03,0.06,9.995,3179.04,2048.89,2.82,2.85,,0,15:34:36,00,Y,N,1,1,Y,转股价下修1次，成功下修1次,2020-12-09 开始转股,计算使用0.1年期 评级为AA+ 债参考YTM：1.4568,N,10.0,全价：112.815 最后更新：15:34:36,,,,0,"{'R': '到期\n最后交易日：2026-05-28\n最后转股日：2026-06-02\n债券到期日：2026-06-03\n到期赎回价：113.000元/张', 'M': ''}",0,0,N,,,buy,buy
2026-05-12 10:04:23,127068,顺博转债,sbzz,128.956,-1.18,002996,顺博合金,sbhj,7.37,-2.12,1.44,11.27,65.4,0,97.2,226.16,240301,有色金属,szmb,C,2022-09-07,[],0,0,buy,AA-,,7.889,14.651,27.1,buy,2028-08-12,2.255,8.3,1344.03,8919.38,1.25,-6.34,,0,15:34:48,00,Y,N,1,1,Y,转股价下修1次，成功下修1次,2023-02-20 开始转股,计算使用2.3年期 评级为AA- 债参考YTM：2.2376,N,8.3,全价：128.956 最后更新：15:34:48,,,,0,[],0,0,N,,,buy,buy
2026-05-12 10:04:23,123180,浙矿转债,zkzz,139.652,-0.18,300837,浙矿股份,zkgf,33.77,-4.17,2.31,47.89,70.52,0,98.04,237.69,640203,机械设备,szcy,C,2023-03-28,[],0,0,buy,AA-,,33.523,62.257,12.5,buy,2029-03-09,2.827,3.197,3852.16,6894.31,8.61,-5.73,,0,15:34:24,00,Y,N,0,0,Y,,2023-09-15 开始转股,计算使用2.9年期 评级为AA- 债参考YTM：2.4014,N,3.2,全价：139.652 最后更新：15:34:24,,,,0,[],0,0,N,,,buy,buy
2026-05-12 10:04:23,123122,富瀚转债,fhzz,131.062,-1.7,300613,富瀚微,fhw,60.63,-2.37,4.69,91.69,66.13,0,98.2,229.26,270104,电子,szcy,C,2021-08-24,[],0,0,buy,A+,,64.183,119.197,4.4,buy,2027-08-06,1.236,5.801,4675.17,102520.69,6.12,-8.91,,0,15:34:45,00,Y,N,0,0,Y,,2022-02-14 开始转股,计算使用1.3年期 评级为A+ 债参考YTM：4.3174,N,5.812,全价：131.062 最后更新：15:34:45,,,,0,{'M': ''},0,0,N,,,buy,buy
2026-05-12 10:04:23,127062,垒知转债,lzzz,131.537,-0.46,002398,垒知集团,lzjt,5.01,-1.76,0.95,7.59,66.01,0,99.27,230.81,610303,建筑材料,szmb,C,2022-05-20,[],0,0,buy,AA-,,5.313,9.867,13.0,buy,2028-04-21,1.945,3.958,2615.76,5841.95,5.02,-5.9,,0,15:34:45,00,Y,N,0,0,Y,,2022-10-27 开始转股,计算使用2.0年期 评级为AA- 债参考YTM：2.1553,N,3.963,全价：131.537 最后更新：15:34:45,,,,1,[],0,0,N,,,buy,buy
2026-05-12 10:04:23,123113,仙乐转债,xlzz,119.18,-0.66,300791,仙乐健康,xljk,18.27,-3.64,1.91,31.79,57.47,0,107.37,226.55,340407,食品饮料,szcy,C,2021-05-14,[],0,0,buy,AA-,,22.253,41.327,21.9,buy,2027-04-19,0.937,10.248,1948.63,6119.49,1.6,-5.53,,0,15:34:51,00,Y,N,0,0,Y,,2021-10-25 开始转股,计算使用1.0年期 评级为AA- 债参考YTM：1.8798,N,10.249,全价：119.180 最后更新：15:34:51,,,,1,[],0,0,N,,,buy,buy
2026-05-12 10:04:23,113666,爱玛转债,amzz,127.153,-1.18,603529,爱玛科技,amkj,22.85,-2.31,1.94,37.49,60.95,0,108.62,235.77,280401,汽车,shmb,C,2023-03-20,[],0,0,buy,AA,,26.243,48.737,10.3,buy,2029-02-23,2.789,19.994,6851.34,27281.1,2.68,-4.12,,0,14:59:56,00,Y,N,0,0,Y,,2023-09-01 开始转股,计算使用2.8年期 评级为AA 债参考YTM：1.8351,N,20.0,全价：127.153 最后更新：14:59:56,,,,0,{'M': ''},0,0,N,,,buy,buy
2026-05-12 10:04:23,113634,珀莱转债,plzz,128.63,-0.44,603605,珀莱雅,bly,58.84,-2.97,3.64,95.46,61.64,0,108.68,237.31,770202,美容护理,shmb,C,2022-01-04,[],0,0,buy,AA,,66.822,124.098,3.2,buy,2027-12-08,1.575,7.507,1508.42,38711.15,1.56,-6.01,,0,14:59:37,00,Y,N,0,0,Y,,2022-06-14 开始转股,计算使用1.6年期 评级为AA 债参考YTM：1.6829,N,7.517,全价：128.630 最后更新：14:59:37,,,,1,{'M': ''},0,0,N,,,buy,buy
2026-05-12 10:04:23,113650,博22转债,b22zz,131.147,-0.68,603916,苏博特,sbt,14.46,8.23,1.41,23.15,62.46,0,109.96,241.11,220309,基础化工,shmb,C,2022-07-28,[],0,0,buy,AA-,,16.205,30.095,13.2,buy,2028-07-01,2.14,7.996,6559.42,81760.83,6.21,-4.72,,0,14:59:59,00,Y,N,0,0,Y,,2023-01-09 开始转股,计算使用2.2年期 评级为AA- 债参考YTM：2.2102,N,8.0,全价：131.147 最后更新：14:59:59,,,,0,{'M': ''},0,0,N,,,buy,buy
2026-05-12 10:04:23,127044,蒙娜转债,mnzz,150.643,12.16,002918,蒙娜丽莎,mnls,14.0,9.98,1.74,19.84,70.57,0,113.48,264.12,360306,轻工制造,szmb,C,2021-09-16,[],0,0,buy,AA-,,13.888,25.792,11.2,buy,2027-08-16,1.263,3.371,355809.02,5632.95,711.14,-20.12,,0,15:34:27,00,Y,N,1,1,Y,转股价下修1次，成功下修1次,2022-02-21 开始转股,计算使用1.3年期 评级为AA- 债参考YTM：1.9833,N,11.689,全价：150.643 最后更新：15:34:27,,,,0,[],0,0,N,,,buy,buy
2026-05-12 10:04:23,111014,李子转债,lzzz,127.563,-1.06,605337,李子园,lzy,10.58,-2.04,2.43,18.37,57.59,0,121.49,249.05,340701,食品饮料,shmb,C,2023-07-13,[],0,0,buy,AA,,12.859,23.881,14.5,buy,2029-06-20,3.11,5.999,1251.42,4300.8,1.63,-2.99,,0,14:58:51,00,Y,N,0,0,Y,,2023-12-28 开始转股,计算使用3.2年期 评级为AA 债参考YTM：1.8839,N,6.0,全价：127.563 最后更新：14:58:51,,,,0,[],0,0,N,,,buy,buy
2026-05-12 10:04:23,113049,长汽转债,cqzz,114.073,-0.58,601633,长城汽车,ccqc,19.71,-0.45,1.91,39.16,50.33,0,126.64,240.71,280502,汽车,shmb,C,2021-07-08,[],0,0,buy,AAA,,27.412,50.908,2.9,buy,2027-06-10,1.08,34.95,3962.75,20315.26,0.99,-4.6,,0,14:59:37,00,Y,N,0,0,Y,,2021-12-17 开始转股,计算使用1.1年期 评级为AAA 债参考YTM：1.5527,N,35.0,全价：114.073 最后更新：14:59:37,,,,1,{'M': ''},0,0,N,,,buy,buy
2026-05-12 10:04:23,113638,台21转债,t21zz,129.8,-0.91,603055,台华新材,thxc,9.03,-1.2,1.47,16.19,55.78,0,132.72,262.52,350106,纺织服饰,shmb,C,2022-01-21,[],0,0,buy,AA,,11.333,21.047,7.5,buy,2027-12-29,1.633,5.997,2936.14,5073.62,3.76,-7.82,,0,14:59:52,00,Y,N,0,0,Y,,2022-07-05 开始转股,计算使用1.7年期 评级为AA 债参考YTM：1.6950,N,6.0,全价：129.800 最后更新：14:59:52,,,,0,{'M': ''},0,0,N,,,buy,buy
2026-05-12 10:04:23,123090,三诺转债,snzz,115.604,-0.8,300298,三诺生物,snsw,17.0,-1.45,3.07,34.46,49.33,0,134.34,249.94,370502,医药生物,szcy,C,2021-01-12,[],0,0,buy,AA,,24.122,44.798,6.5,buy,2026-12-21,0.611,4.984,1710.01,11332.34,2.96,-5.1,,0,15:34:45,00,Y,N,0,0,Y,,2021-06-25 开始转股,计算使用0.7年期 评级为AA 债参考YTM：1.5111,N,5.0,全价：115.604 最后更新：15:34:45,,,,0,{'M': ''},0,0,N,,,buy,buy
2026-05-12 10:04:23,127098,欧晶转债,ojzz,129.75,0.5,001269,欧晶科技,ojkj,22.7,-0.18,5.73,42.0,54.05,0,140.07,269.82,630504,电力设备,szmb,C,2023-12-15,[],0,0,buy,AA-,,29.4,54.6,10.7,buy,2029-11-24,3.54,4.693,3971.14,6425.19,6.53,-3.15,,0,15:34:09,00,Y,N,1,1,Y,转股价下修1次，成功下修1次,2024-05-30 开始转股,计算使用3.6年期 评级为AA- 债参考YTM：2.5405,N,4.7,全价：129.750 最后更新：15:34:09,,,,0,[],0,0,N,,,buy,buy
2026-05-12 10:04:23,123117,健帆转债,jfzz,124.368,0.82,300529,健帆生物,jfsw,19.93,-0.35,4.3,38.65,51.57,0,141.19,265.56,370503,医药生物,szcy,C,2021-07-12,[],0,0,buy,AA,,27.055,50.245,9.8,buy,2027-06-23,1.115,9.998,6833.56,13191.07,5.51,-9.26,,0,15:33:57,00,Y,N,2,2,Y,转股价下修2次，成功下修2次,2021-12-29 开始转股,计算使用1.2年期 评级为AA 债参考YTM：1.6239,N,10.0,全价：124.368 最后更新：15:33:57,,,,0,{'M': ''},0,0,N,,,buy,buy
2026-05-12 10:04:23,123250,嘉益转债,jyzz,129.993,-0.63,301004,嘉益股份,jygf,42.26,-3.16,3.33,79.66,53.05,0,145.04,275.03,360311,轻工制造,szcy,C,2024-11-26,[],0,0,buy,A+,,55.762,103.558,6.9,buy,2030-11-07,4.493,3.955,1771.27,3673.94,3.44,-2.04,,0,15:34:18,00,Y,N,0,0,Y,,2025-05-13 开始转股,计算使用4.5年期 评级为A+ 债参考YTM：5.0491,N,3.979,全价：129.993 最后更新：15:34:18,,,,0,{'M': ''},0,0,N,,,buy,buy
2026-05-12 10:04:23,110076,华海转债,hhzz,128.312,-0.69,600521,华海药业,hhyy,17.09,-2.12,2.6,33.06,51.69,0,148.22,276.53,370102,医药生物,shmb,C,2020-11-25,[],0,0,buy,AA,,23.142,42.978,7.2,buy,2026-11-02,0.477,18.424,4439.7,74711.36,1.88,-29.94,,0,14:59:48,00,Y,N,1,0,Y,转股价下修1次，成功下修0次,2021-05-06 开始转股,计算使用0.5年期 评级为AA 债参考YTM：1.4948,Y,18.426,全价：128.312 最后更新：14:59:48,,,"按下调到底估算
股东大会：2026-05-21
预估转股价：17.19
预估转股价值：99.42
期权价值：12.75
理论价值：121.97
理论偏离度：4.94%",1,{'M': ''},0,0,N,,,buy,buy
2026-05-12 10:04:23,110085,通22转债,t22zz,122.935,-0.38,600438,通威股份,twgf,16.99,-1.34,2.1,34.6,49.1,0,150.36,273.3,630501,电力设备,shmb,C,2022-03-18,[],0,0,buy,AAA,,24.22,44.98,15.7,buy,2028-02-24,1.789,119.831,10815.04,124097.63,0.73,-5.7,,0,14:59:12,00,Y,N,0,0,Y,,2022-09-02 开始转股,计算使用1.8年期 评级为AAA 债参考YTM：1.6252,N,120.0,全价：122.935 最后更新：14:59:12,,,,0,{'M': ''},0,0,N,,,buy,buy
2026-05-12 10:04:23,113670,金23转债,j23zz,127.112,-1.43,603180,金牌家居,jpjj,18.68,-1.48,1.06,37.64,49.63,0,156.13,283.24,360308,轻工制造,shmb,C,2023-05-16,[],0,0,buy,AA,,26.348,48.932,26.7,buy,2029-04-17,2.934,7.7,2571.62,2195.88,2.61,-2.45,,0,14:58:44,00,Y,N,0,0,Y,,2023-10-23 开始转股,计算使用3.0年期 评级为AA 债参考YTM：1.8587,N,7.7,全价：127.112 最后更新：14:58:44,,,,0,[],0,0,N,,,buy,buy
2026-05-12 10:04:23,123151,康医转债,kyzz,123.329,-0.12,300869,康泰医学,ktyx,12.96,-3.5,3.02,27.55,47.04,0,162.17,285.5,370502,医药生物,szcy,C,2022-07-20,[],0,0,buy,A+,,19.285,35.815,20.4,buy,2028-07-01,2.14,6.998,1802.36,7453.26,2.09,-1.58,,0,15:34:00,00,Y,N,0,0,Y,,2023-01-09 开始转股,计算使用2.2年期 评级为A+ 债参考YTM：4.5509,N,7.0,全价：123.329 最后更新：15:34:00,,,,0,{'M': ''},0,0,N,,,buy,buy
2026-05-12 10:04:23,118032,建龙转债,jlzz,129.09,-0.78,688357,建龙微纳,jlwn,34.36,-4.02,1.85,71.71,47.92,0,169.41,298.5,220309,基础化工,shkc,C,2023-04-07,[],0,0,buy,AA-,,50.197,93.223,20.4,buy,2029-03-08,2.825,6.999,2571.13,6918.6,2.84,-3.03,,0,14:58:43,00,Y,N,0,0,Y,,2023-09-14 开始转股,计算使用2.9年期 评级为AA- 债参考YTM：2.4014,N,7.0,全价：129.090 最后更新：14:58:43,,,,0,{'M': ''},0,0,N,,,buy,buy
2026-05-12 10:04:23,113660,寿22转债,s22zz,127.81,-0.58,603896,寿仙谷,sxg,17.2,-1.94,1.49,36.84,46.69,0,173.75,301.56,370201,医药生物,shmb,C,2022-12-12,[],0,0,buy,AA-,,25.788,47.892,11.7,buy,2028-11-17,2.521,3.977,989.62,3797.15,1.94,-4.01,,0,14:59:42,00,Y,N,0,0,Y,,2023-05-23 开始转股,计算使用2.6年期 评级为AA- 债参考YTM：2.3195,N,3.98,全价：127.810 最后更新：14:59:42,,,,0,[],0,0,N,,,buy,buy
2026-05-12 10:04:23,128135,洽洽转债,qqzz,114.518,-0.02,002557,洽洽食品,qqsp,22.06,-2.82,2.02,55.93,39.44,0,190.34,304.86,340801,食品饮料,szmb,C,2020-11-18,[],0,0,buy,AA,,39.151,72.709,12.0,buy,2026-10-20,0.441,13.398,3695.07,23291.83,2.41,0.96,,0,15:34:27,00,Y,N,0,0,Y,,2021-04-26 开始转股,计算使用0.5年期 评级为AA 债参考YTM：1.4948,N,13.4,全价：114.518 最后更新：15:34:27,,,,1,{'M': ''},0,0,N,,,buy,buy
2026-05-12 10:04:23,118005,天奈转债,tnzz,128.782,-0.27,688116,天奈科技,tnkj,40.71,-3.23,3.88,99.09,41.08,0,213.46,342.24,630702,电力设备,shkc,C,2022-03-01,[],0,0,buy,AA-,,69.363,128.817,5.6,buy,2028-01-27,1.712,8.299,1749.38,49421.19,1.64,-8.01,,0,14:59:33,00,Y,N,0,0,Y,,2022-08-09 开始转股,计算使用1.8年期 评级为AA- 债参考YTM：2.1047,N,8.3,全价：128.782 最后更新：14:59:33,,,,0,{'M': ''},0,0,N,,,buy,buy
2026-05-12 10:04:23,127025,冀东转债,jdzz,105.146,-0.1,000401,金隅冀东,jyjd,4.29,-1.83,0.43,13.01,32.98,0,218.87,324.02,610101,建筑材料,szmb,C,2020-12-02,[],0,0,buy,AAA,,9.107,16.913,15.7,buy,2026-11-05,0.485,17.764,5176.64,5124.2,2.77,1.68,,0,15:34:15,00,Y,Y,0,0,Y,,2021-05-11 开始转股,计算使用0.5年期 评级为AAA 债参考YTM：1.4448,N,28.2,全价：105.146 最后更新：15:34:15,,,,0,{'M': ''},0,0,N,,,buy,buy
2026-05-12 10:04:23,123072,乐歌转债,lgzz,126.333,-0.43,300729,乐歌股份,lggf,12.46,-2.81,1.15,32.91,37.86,0,233.68,360.01,360311,轻工制造,szcy,C,2020-11-10,[],0,0,buy,A+,,23.037,42.783,3.5,buy,2026-10-21,0.444,1.418,822.22,4434.61,4.59,-11.37,,0,15:34:48,00,Y,N,0,0,Y,,2021-04-27 开始转股,计算使用0.5年期 评级为A+ 债参考YTM：4.0748,N,1.42,全价：126.333 最后更新：15:34:48,,,,0,[],0,0,N,,,buy,buy
2026-05-12 10:04:23,113633,科沃转债,kwzz,124.392,-0.49,603486,科沃斯,kws,63.84,-3.48,3.93,173.8,36.73,0,238.65,363.04,330302,家用电器,shmb,C,2021-12-29,[],0,0,buy,AA,,121.66,225.94,2.8,buy,2027-11-30,1.553,10.396,2827.81,56075.46,2.18,-6.72,,0,14:58:43,00,Y,N,0,0,Y,,2022-06-06 开始转股,计算使用1.6年期 评级为AA 债参考YTM：1.6829,N,10.4,全价：124.392 最后更新：14:58:43,,,,0,{'M': ''},0,0,N,,,buy,buy
2026-05-12 10:04:23,128124,科华转债,khzz,105.871,-0.16,002022,科华生物,khsw,6.04,-3.21,1.21,20.64,29.26,0,261.78,367.65,370504,医药生物,szmb,C,2020-08-20,[],0,0,buy,A+,,14.448,26.832,7.2,buy,2026-07-28,0.211,2.245,1134.18,5836.51,4.77,0.59,,0,15:34:24,00,Y,N,0,0,Y,,2021-02-03 开始转股,计算使用0.3年期 评级为A+ 债参考YTM：4.0426,N,7.38,全价：105.871 最后更新：15:34:24,,,,0,[],0,0,N,,,buy,buy
2026-05-12 10:04:23,118010,洁特转债,jtzz,124.5,-1.25,688026,洁特生物,jtsw,16.2,-2.88,1.91,47.95,33.79,0,268.5,393.0,370503,医药生物,shkc,C,2022-08-02,[],0,0,buy,A+,,33.565,62.335,19.4,buy,2028-06-28,2.132,4.399,1355.68,4396.26,2.46,-4.41,,0,14:59:56,00,Y,N,0,0,Y,,2023-01-04 开始转股,计算使用2.2年期 评级为A+ 债参考YTM：4.5509,N,4.4,全价：124.500 最后更新：14:59:56,,,,0,{'M': ''},0,0,N,,,buy,buy
2026-05-12 10:04:23,113059,福莱转债,flzz,125.207,-0.25,601865,福莱特,flt,13.63,-1.59,1.42,41.71,32.68,0,283.15,408.36,630504,电力设备,shmb,C,2022-06-13,[],0,0,buy,AA,,29.197,54.223,15.4,buy,2028-05-20,2.025,39.999,4334.42,29278.84,0.86,-4.07,,0,14:59:01,00,Y,N,1,0,Y,转股价下修1次，成功下修0次,2022-11-28 开始转股,计算使用2.1年期 评级为AA 债参考YTM：1.7502,N,40.0,全价：125.207 最后更新：14:59:01,,,,0,{'M': ''},0,0,N,,,buy,buy
2026-05-12 10:04:23,123154,火星转债,hxzz,127.663,-0.23,300894,火星人,hxr,10.42,-2.71,4.02,33.03,31.55,0,304.67,432.33,330401,家用电器,szcy,C,2022-08-23,[],0,0,buy,AA-,,23.121,42.939,17.3,buy,2028-08-05,2.236,5.289,1326.76,4157.26,1.97,-3.34,,0,15:34:03,00,Y,N,0,0,Y,,2023-02-13 开始转股,计算使用2.3年期 评级为AA- 债参考YTM：2.2376,N,5.29,全价：127.663 最后更新：15:34:03,,,,0,{'M': ''},0,0,N,,,buy,buy
2026-05-12 10:04:23,123179,立高转债,lgzz,125.548,-0.67,300973,立高食品,lgsp,29.22,-1.81,1.81,95.13,30.72,0,308.74,434.29,340802,食品饮料,szcy,C,2023-03-27,[],0,0,buy,AA-,,66.591,123.669,27.4,buy,2029-03-07,2.822,9.499,1362.55,8821.5,1.14,-1.97,,0,15:34:03,00,Y,N,0,0,Y,,2023-09-13 开始转股,计算使用2.9年期 评级为AA- 债参考YTM：2.4014,N,9.5,全价：125.548 最后更新：15:34:03,,,,0,{'M': ''},0,0,N,,,buy,buy
