抓取时间,bond_id,bond_nm,bond_py,price,increase_rt,stock_id,stock_nm,stock_py,sprice,sincrease_rt,pb,convert_price,convert_value,convert_begin,premium_rt,dblow,sw_cd,sw_name,market_cd,btype,list_dt,t_flag,owned,hold,bond_value,rating_cd,option_value,put_convert_price,force_redeem_price,convert_amt_ratio,fund_rt,maturity_dt,year_left,curr_iss_amt,volume,svolume,turnover_rt,ytm_rt,put_ytm_rt,noted,last_time,qstatus,sqflag,pb_flag,adj_cnt,adj_scnt,convert_price_valid,convert_price_tips,convert_cd_tip,ref_yield_info,adjusted,orig_iss_amt,price_tips,redeem_dt,real_force_redeem_price,option_tip,after_next_put_dt,icons,is_min_price,blocked,putting,force_redeem_price_tip,notes,volatility_rate,debt_rate
2026-09-09 12:25:31,123285,润禾转02,rhz02,100.0,0.0,300727,润禾材料,rhcl,31.6,-1.0,4.21,31.1,101.61,188,-1.58,98.42,220316,基础化工,szcy,C,,[],0,0,buy,A+,,21.77,40.43,7.2,buy,2032-09-09,6.003,3.7,0.0,20705.26,0.0,2.82,,0,,00,Y,N,0,0,Y,,未到转股期；2027-03-16 开始转股,计算使用6.1年期 评级为A+ 债参考YTM：5.3378,N,3.7,待上市,,,,0,[],0,0,N,,,buy,buy
2026-09-09 12:25:31,110077,洪城转债,hczz,202.842,-0.08,600461,洪城环境,hchj,8.96,0.34,1.15,4.41,203.18,0,-0.16,202.68,760102,环保,shmb,C,2020-12-17,[],0,0,buy,AA+,,3.087,5.733,4.8,buy,2026-11-20,0.197,5.566,7049.28,6737.43,6.24,-235.32,,0,14:59:43,00,Y,N,0,0,Y,,2021-05-26 开始转股,计算使用0.2年期 评级为AA+ 债参考YTM：1.5192,N,18.0,全价：202.842 最后更新：14:59:43,,,,1,"{'G': '本次（2026年7月12日至2026年7月31日）不提前赎回，至到期日止均不行使提前赎回权利', 'M': ''}",0,0,N,,,buy,buy
2026-09-09 12:25:31,123112,万讯转债,wxzz,139.001,-9.04,300112,万讯自控,wxzk,8.95,-8.95,2.7,6.43,139.19,0,-0.14,138.86,640107,机械设备,szcy,C,2021-04-23,[],0,0,buy,AA-,,4.501,8.359,4.8,buy,2027-04-08,,1.092,58419.8,39423.88,374.02,,,0,15:34:24,00,Y,N,1,1,Y,转股价下修1次，成功下修1次,2021-10-14 开始转股,强赎登记日2026-09-11，赎回价格101.3320元，如不考虑强赎纯债价值为116.84元，计算使用0.6年期 评级为AA- 债参考YTM：1.7241,N,2.457,全价：139.001 最后更新：15:34:24,2026-09-11,101.3320,如不考虑强赎期权价值为45.29元,1,{'R': '最后交易日 2026年9月11日\r\n最后转股日 2026年9月16日\r\n赎回价 101.332元/张'},0,0,N,,,buy,buy
2026-09-09 12:25:31,123243,严牌转债,ypzz,228.301,6.17,301081,严牌股份,ypgf,16.48,5.3,3.36,7.22,228.26,0,0.02,228.32,760201,环保,szcy,C,2024-07-26,[],0,0,buy,A+,,5.054,9.386,7.0,buy,2030-07-10,3.836,2.593,174940.43,12959.45,297.9,-15.96,,0,15:33:57,00,Y,N,0,0,Y,,2025-01-16 开始转股,计算使用3.9年期 评级为A+ 债参考YTM：4.6459,N,4.679,全价：228.301 最后更新：15:33:57,,,,0,{'M': ''},0,0,N,,,buy,buy
2026-09-09 12:25:31,113046,金田转债,jtzz,132.258,-1.89,601609,金田股份,jtgf,13.27,-0.9,2.22,10.18,130.35,0,1.46,133.72,240302,有色金属,shmb,C,2021-04-12,[],0,0,buy,AA+,,7.126,13.234,6.5,buy,2027-03-22,0.532,14.992,21565.22,62440.32,10.74,-31.66,,0,14:59:56,00,Y,N,0,0,Y,,2021-09-27 开始转股,计算使用0.6年期 评级为AA+ 债参考YTM：1.5259,N,15.0,全价：132.258 最后更新：14:59:56,,,,1,{'M': ''},0,0,N,,,buy,buy
2026-09-09 12:25:31,127061,美锦转债,mjzz,113.998,0.27,000723,美锦能源,mjny,3.89,0.26,1.38,3.47,112.1,0,1.69,115.69,740201,煤炭,szmb,C,2022-05-30,[],0,0,buy,A,,2.429,4.511,16.2,buy,2028-04-20,1.614,27.742,8597.84,38452.39,2.73,3.55,,0,15:34:30,00,Y,N,2,2,Y,转股价下修2次，成功下修2次,2022-10-26 开始转股,计算使用1.7年期 评级为A 债参考YTM：6.6166,N,35.9,全价：113.998 最后更新：15:34:30,,,,1,{'M': ''},0,0,N,,,buy,buy
2026-09-09 12:25:31,127047,帝欧转债,dozz,137.75,-0.62,002798,帝欧水华,dosh,6.85,-0.44,1.97,5.1,134.31,0,2.56,140.31,360306,轻工制造,szmb,C,2021-11-26,[],0,0,buy,BBB+,,3.57,6.63,13.1,buy,2027-10-25,1.126,4.654,2918.72,8361.22,4.55,-13.68,,0,15:34:24,00,Y,N,1,1,Y,转股价下修1次，成功下修1次,2022-04-29 开始转股,计算使用1.2年期 评级为BBB+ 债参考YTM：11.9707,N,15.0,全价：137.750 最后更新：15:34:24,,,,1,[],0,0,N,,,buy,buy
2026-09-09 12:25:31,113042,上银转债,syzz,117.881,-0.11,601229,上海银行,shyh,9.59,0.42,0.51,8.35,114.85,0,2.64,120.52,480401,银行,shmb,C,2021-02-10,[],0,0,buy,AAA,,,10.855,14.7,buy,2027-01-25,0.378,199.774,23316.95,32795.6,0.99,-13.2,,0,14:59:49,00,Y,Y,0,0,Y,,2021-07-29 开始转股,计算使用0.4年期 评级为AAA 债参考YTM：1.5009,N,200.0,全价：117.881 最后更新：14:59:49,,,,0,{'M': ''},0,0,N,,,buy,buy
2026-09-09 12:25:31,123258,胜蓝转02,slz2,236.944,-3.19,300843,胜蓝股份,slgf,124.61,-0.91,11.82,54.36,229.23,0,3.36,240.3,270504,电子,szcy,C,2025-09-10,[],0,0,buy,AA-,,38.052,70.668,2.2,buy,2031-08-28,4.97,4.497,84838.91,44784.86,77.88,-13.32,,0,15:34:00,00,Y,N,0,0,Y,,2026-03-03 开始转股,如不考虑强赎纯债价值为104.92元，计算使用5.0年期 评级为AA- 债参考YTM：2.3606,N,4.5,全价：236.944 最后更新：15:34:00,,,,0,"{'B': '', 'M': ''}",0,0,N,,,buy,buy
2026-09-09 12:25:31,113605,大参转债,dszz,113.076,-0.36,603233,大参林,dsl,18.28,0.22,2.69,16.86,108.42,0,4.29,117.37,370403,医药生物,shmb,C,2020-11-13,[],0,0,buy,AA,,11.802,21.918,6.7,buy,2026-10-22,0.118,14.044,3041.52,9525.1,1.92,-23.63,,0,14:59:59,00,Y,N,1,1,Y,转股价下修1次，成功下修1次,2021-04-28 开始转股,计算使用0.2年期 评级为AA 债参考YTM：1.5292,N,14.05,全价：113.076 最后更新：14:59:59,,,,1,{'M': ''},0,0,N,,,buy,buy
2026-09-09 12:25:31,128134,鸿路转债,hlzz,117.6,-2.0,002541,鸿路钢构,hlgg,19.68,-2.43,1.36,17.49,112.52,0,4.51,122.11,620401,建筑装饰,szmb,C,2020-11-02,[],0,0,buy,AA,,12.243,22.737,12.9,buy,2026-10-09,0.082,12.985,7890.44,14809.09,5.17,-81.29,,0,15:34:27,00,Y,N,2,2,Y,转股价下修2次，成功下修2次,2021-04-15 开始转股,计算使用0.1年期 评级为AA 债参考YTM：1.5209,N,18.8,全价：117.600 最后更新：15:34:27,,,,0,"{'R': '到期\n最后交易日：2026-09-28\n最后转股日：2026-10-08\n债券到期日：2026-10-09\n到期赎回价：110.000元/张', 'M': ''}",0,0,N,,,buy,buy
2026-09-09 12:25:31,113056,重银转债,cyzz,126.852,-0.03,601963,重庆银行,cqyh,11.19,0.72,0.6,9.22,121.37,0,4.52,131.37,480401,银行,shmb,C,2022-04-14,[],0,0,buy,AAA,,,11.986,50.8,buy,2028-03-23,1.537,115.622,10363.03,8371.57,0.71,-7.63,,0,14:59:42,00,Y,N,0,0,Y,,2022-09-30 开始转股,计算使用1.6年期 评级为AAA 债参考YTM：1.5455,N,130.0,全价：126.852 最后更新：14:59:42,,,,0,{'M': ''},0,0,N,,,buy,buy
2026-09-09 12:25:31,113062,常银转债,cyzz,128.45,-0.72,601128,常熟银行,csyh,6.41,-0.47,0.7,5.25,122.1,0,5.2,133.65,480501,银行,shmb,C,2022-10-17,[],0,0,buy,AAA,,,6.825,25.7,buy,2028-09-15,2.019,59.994,6324.34,23840.14,0.82,-7.8,,0,14:59:43,00,Y,N,0,0,Y,,2023-03-21 开始转股,计算使用2.1年期 评级为AAA 债参考YTM：1.5786,N,60.0,全价：128.450 最后更新：14:59:43,,,,0,{'M': ''},0,0,N,,,buy,buy
2026-09-09 12:25:31,111000,起帆转债,qfzz,143.344,2.44,605222,起帆电缆,qfdl,23.43,6.11,1.97,17.29,135.51,0,5.78,149.12,630805,电力设备,shmb,C,2021-06-17,[],0,0,buy,AA-,,12.103,22.477,10.3,buy,2027-05-24,0.704,9.991,87382.12,43530.08,60.77,-28.08,,0,15:00:00,00,Y,N,1,1,Y,转股价下修1次，成功下修1次,2021-11-29 开始转股,计算使用0.8年期 评级为AA- 债参考YTM：1.7581,N,10.0,全价：143.344 最后更新：15:00:00,,,,1,{'G': '本次（2026年3月13日至2026年4月20日）不提前赎回，以2026年10月21日为首个交易日重新起算'},0,0,N,,,buy,buy
2026-09-09 12:25:31,123207,冠中转债,gzzz,207.4,-0.95,300948,冠中生态,gzst,20.23,-2.03,3.31,10.44,193.77,0,7.03,214.43,620307,建筑装饰,szcy,C,2023-08-09,[],0,0,buy,A-,,7.308,13.572,4.6,buy,2029-07-21,2.866,1.455,6961.84,3444.23,23.02,-17.86,,0,15:34:36,00,Y,N,1,1,Y,转股价下修1次，成功下修1次,2024-01-29 开始转股,计算使用2.9年期 评级为A- 债参考YTM：9.2114,N,4.0,全价：207.400 最后更新：15:34:36,,,,0,"{'G': '本次（2026年5月27日至2026年6月16日）不提前赎回，自2026年9月16日后首个交易日重新计算', 'M': ''}",0,0,N,,,buy,buy
2026-09-09 12:25:31,127080,声迅转债,sxzz,263.68,-5.73,003004,声迅股份,sxgf,71.24,-6.81,8.45,28.94,246.16,0,7.12,270.8,710102,计算机,szmb,C,2023-02-10,[],0,0,buy,A,,20.258,37.622,5.7,buy,2028-12-30,2.31,2.793,22367.89,17960.88,29.67,-29.58,,0,15:34:24,00,Y,N,0,0,Y,,2023-07-07 开始转股,计算使用2.4年期 评级为A 债参考YTM：6.7328,N,2.8,全价：263.680 最后更新：15:34:24,,,,0,[],0,0,N,,,buy,buy
2026-09-09 12:25:31,113066,平煤转债,pmzz,138.847,-1.02,601666,平煤股份,pmgf,9.65,2.66,0.95,7.46,129.36,0,7.34,146.19,740102,煤炭,shmb,C,2023-04-10,[],0,0,buy,AAA,,5.222,9.698,6.0,buy,2029-03-16,2.518,14.274,9868.88,38349.3,4.95,-9.03,,0,14:59:34,00,Y,N,1,1,Y,转股价下修1次，成功下修1次,2023-09-22 开始转股,计算使用2.6年期 评级为AAA 债参考YTM：1.6048,N,29.0,全价：138.847 最后更新：14:59:34,,,,0,{'M': ''},0,0,N,,,buy,buy
2026-09-09 12:25:31,113615,金诚转债,jczz,804.208,2.68,603979,金诚信,jcx,82.55,2.67,4.16,11.12,742.36,0,8.33,812.54,240302,有色金属,shmb,C,2021-01-14,[],0,0,buy,AA,,7.784,14.456,1.0,buy,2026-12-23,0.288,4.958,62329.53,63079.85,15.87,-302.12,,0,14:59:59,00,Y,N,0,0,Y,,2021-06-29 开始转股,计算使用0.3年期 评级为AA 债参考YTM：1.5308,N,10.0,全价：804.208 最后更新：14:59:59,,,,1,"{'G': '本次（2025年10月10日至2025年10月30日）不提前赎回，至2026年12月22日到期均不提前赎回', 'M': ''}",0,0,N,,,buy,buy
2026-09-09 12:25:31,113043,财通转债,ctzz,115.333,-0.58,601108,财通证券,ctzq,8.47,-0.59,1.0,7.98,106.14,0,8.66,123.99,490101,非银金融,shmb,C,2020-12-28,[],0,0,buy,AAA,,,10.374,9.7,buy,2026-12-10,0.252,37.992,9009.2,28664.83,2.05,-32.46,,0,14:59:57,00,Y,Y,1,1,Y,转股价下修1次，成功下修1次,2021-06-16 开始转股,计算使用0.3年期 评级为AAA 债参考YTM：1.5003,N,38.0,全价：115.333 最后更新：14:59:57,,,,0,{'M': ''},0,0,N,,,buy,buy
2026-09-09 12:25:31,128138,侨银转债,qyzz,130.906,0.06,002973,侨银股份,qygf,12.74,2.66,2.02,10.6,120.19,0,8.92,139.83,760103,环保,szmb,C,2020-12-24,[],0,0,buy,A+,,7.42,13.78,10.4,buy,2026-11-17,0.189,4.199,4300.25,10617.59,7.82,-3.72,,0,15:34:45,00,Y,N,3,3,Y,转股价下修3次，成功下修3次,2021-05-24 开始转股,计算使用0.2年期 评级为A+ 债参考YTM：4.0382,N,4.2,全价：130.906 最后更新：15:34:45,,,,1,[],0,0,N,,,buy,buy
2026-09-09 12:25:31,113681,镇洋转债,zyzz,137.851,-0.48,603213,镇洋发展,zyfz,13.77,-0.07,3.29,10.95,125.75,0,9.62,147.47,220202,基础化工,shmb,C,2024-01-17,[],0,0,buy,AA-,,7.665,14.235,8.9,buy,2029-12-29,3.307,5.476,2177.17,1782.41,2.88,-4.36,,0,14:59:51,00,Y,N,0,0,Y,,2024-07-05 开始转股,计算使用3.4年期 评级为AA- 债参考YTM：2.2476,N,6.6,全价：137.851 最后更新：14:59:51,,,,0,[],0,0,N,,,buy,buy
2026-09-09 12:25:31,123245,集智转债,jzzz,344.99,-1.32,300553,集智股份,jzgf,56.81,-1.81,7.46,18.06,314.56,0,9.67,354.66,640107,机械设备,szcy,C,2024-08-28,[],0,0,buy,A,,12.642,23.478,3.2,buy,2030-08-14,3.932,1.537,52218.54,37040.3,97.48,-23.85,,0,15:34:33,00,Y,N,0,0,Y,,2025-02-20 开始转股,计算使用4.0年期 评级为A 债参考YTM：7.0070,N,2.546,全价：344.990 最后更新：15:34:33,,,,0,{'G': '本次（2026年6月2日至2026年6月23日）不提前赎回，自2026年9月23日后首个交易日重新计算'},0,0,N,,,buy,buy
2026-09-09 12:25:31,123091,长海转债,chzz,125.521,-1.19,300196,长海股份,chgf,16.92,1.32,1.43,14.79,114.4,0,9.72,135.24,610202,建筑材料,szcy,C,2021-01-15,[],0,0,buy,AA,,10.353,19.227,13.1,buy,2026-12-23,0.288,5.461,13196.6,15004.47,19.0,-40.61,,0,15:34:12,00,Y,N,0,0,Y,,2021-06-29 开始转股,计算使用0.3年期 评级为AA 债参考YTM：1.5308,N,5.5,全价：125.521 最后更新：15:34:12,,,,1,[],0,0,N,,,buy,buy
2026-09-09 12:25:31,118058,微导转债,wdzz,341.86,-3.26,688147,微导纳米,wdnm,103.22,0.16,15.5,33.29,310.06,0,10.25,352.11,630505,电力设备,shkc,C,2025-08-27,[],0,0,buy,AA,,23.303,43.277,2.4,buy,2031-08-06,4.91,11.698,82810.35,66180.25,20.13,-20.27,,0,14:59:59,00,Y,N,0,0,Y,,2026-02-12 开始转股,计算使用5.0年期 评级为AA 债参考YTM：1.8506,N,11.7,全价：341.860 最后更新：14:59:59,,,,0,"{'G': '本次（2026年2月12日至2026年3月12日）不提前赎回，以2026年9月13日为首个交易日重新计算', 'M': ''}",0,0,N,,,buy,buy
2026-09-09 12:25:31,123160,泰福转债,tfzz,146.5,-2.07,300992,泰福泵业,tfby,26.13,-1.32,2.71,19.7,132.64,0,10.45,156.95,640106,机械设备,szcy,C,2022-10-25,[],0,0,buy,A,,13.79,25.61,11.4,buy,2028-09-28,2.055,2.315,3229.29,3089.21,9.45,-9.74,,0,15:34:27,00,Y,N,1,1,Y,转股价下修1次，成功下修1次,2023-04-11 开始转股,计算使用2.1年期 评级为A 债参考YTM：6.6686,N,3.349,全价：146.500 最后更新：15:34:27,,,,0,{'M': ''},0,0,N,,,buy,buy
2026-09-09 12:25:31,113631,皖天转债,wtzz,135.098,-0.74,603689,皖天然气,wtrq,7.92,0.38,1.11,6.51,121.66,0,11.05,146.15,410301,公用事业,shmb,C,2021-12-10,[],0,0,buy,AA+,,4.557,8.463,14.4,buy,2027-11-08,1.164,5.958,3000.82,3964.7,3.72,-15.18,,0,14:59:57,00,Y,N,0,0,Y,,2022-05-12 开始转股,计算使用1.2年期 评级为AA+ 债参考YTM：1.5760,N,9.3,全价：135.098 最后更新：14:59:57,,,,1,[],0,0,N,,,buy,buy
2026-09-09 12:25:31,128136,立讯转债,lxzz,111.745,-0.71,002475,立讯精密,lxjm,55.86,1.45,4.62,55.67,100.34,0,11.36,123.11,270504,电子,szmb,C,2020-12-02,[],0,0,buy,AA+,,38.969,72.371,0.7,buy,2026-11-03,0.151,29.816,25335.23,401122.39,7.59,-22.66,,0,15:34:30,00,Y,N,0,0,Y,,2021-05-10 开始转股,计算使用0.2年期 评级为AA+ 债参考YTM：1.5192,N,30.0,全价：111.745 最后更新：15:34:30,,,,1,{'M': ''},0,0,N,,,buy,buy
2026-09-09 12:25:31,127030,盛虹转债,shzz,119.49,-0.04,000301,东方盛虹,dfsh,14.16,-0.28,2.41,13.21,107.19,0,11.47,130.96,750301,石油石化,szmb,C,2021-04-21,[],0,0,buy,AA+,,9.247,17.173,5.3,buy,2027-03-22,0.532,49.974,7204.73,43804.49,1.21,-18.09,,0,15:34:09,00,Y,N,0,0,Y,,2021-09-27 开始转股,计算使用0.6年期 评级为AA+ 债参考YTM：1.5259,N,50.0,全价：119.490 最后更新：15:34:09,,,,1,"{'M': '', 'EX': '江苏盛虹科技股份有限公司竞价减持11.89% 2026年08月31日公告'}",0,0,N,,,buy,buy
2026-09-09 12:25:31,123213,天源转债,tyzz,276.2,-0.93,301127,武汉天源,whty,17.57,1.56,3.39,7.1,247.47,0,11.61,287.81,760102,环保,szcy,C,2023-08-16,[],0,0,buy,AA-,,4.97,9.23,2.8,buy,2029-07-28,2.885,3.26,26115.88,37795.1,28.81,-26.37,,0,15:34:36,00,Y,N,0,0,Y,,2024-02-05 开始转股,计算使用2.9年期 评级为AA- 债参考YTM：2.1613,N,10.0,全价：276.200 最后更新：15:34:36,,,,0,"{'G': '本次（2026年3月13日至2026年4月2日）不提前赎回，自2026年10月2日后首个交易日重新计算', 'M': ''}",0,0,N,,,buy,buy
2026-09-09 12:25:31,113058,友发转债,yfzz,131.776,-0.62,601686,友发集团,yfjt,5.27,0.0,1.1,4.48,117.63,0,12.02,143.8,230403,钢铁,shmb,C,2022-04-26,[],0,0,buy,AA,,3.136,5.824,23.9,buy,2028-03-30,1.556,18.638,3219.57,2282.86,1.31,-9.09,,0,14:58:34,00,Y,N,2,2,Y,转股价下修2次，成功下修2次,2022-10-10 开始转股,计算使用1.6年期 评级为AA 债参考YTM：1.6379,N,20.0,全价：131.776 最后更新：14:58:34,,,,1,[],0,0,N,,,buy,buy
2026-09-09 12:25:31,110081,闻泰转债,wtzz,105.001,-1.13,600745,*ST闻泰,wtkj,17.17,-2.44,0.9,18.36,93.52,0,12.28,117.28,270102,电子,shmb,C,2021-08-20,[],0,0,buy,BBB+,,12.852,23.868,31.5,buy,2027-07-28,0.882,71.5,9731.2,52966.19,1.29,3.25,,0,15:00:00,00,Y,N,3,3,Y,转股价下修3次，成功下修3次,2022-02-07 开始转股,计算使用0.9年期 评级为BBB+ 债参考YTM：11.8550,N,86.0,全价：105.001 最后更新：15:00:00,,,,1,[],0,0,N,,,buy,buy
2026-09-09 12:25:31,123092,天壕转债,thzz,117.81,-1.07,300332,天壕能源,thny,5.14,-0.96,1.12,4.97,103.42,0,13.91,131.72,410301,公用事业,szcy,C,2021-01-15,[],0,0,buy,A+,,3.479,6.461,8.2,buy,2026-12-24,0.29,3.416,2711.34,9058.86,6.71,-8.29,,0,15:34:18,00,Y,N,0,0,Y,,2021-06-30 开始转股,计算使用0.3年期 评级为A+ 债参考YTM：4.0408,N,4.23,全价：117.810 最后更新：15:34:18,,,,1,{'M': ''},0,0,N,,,buy,buy
2026-09-09 12:25:31,127110,广核转债,ghzz,136.843,-0.55,003816,中国广核,zggh,4.3,-0.23,1.76,3.58,120.11,0,13.93,150.77,410108,公用事业,szmb,C,2025-07-25,[],0,0,buy,AAA,,2.506,4.654,2.9,buy,2031-07-09,4.833,48.992,7114.81,33158.03,1.06,-4.48,,0,15:34:33,00,Y,N,0,0,Y,,2026-01-15 开始转股,计算使用4.9年期 评级为AAA 债参考YTM：1.7000,N,49.0,全价：136.843 最后更新：15:34:33,,,,0,{'M': ''},0,0,N,,,buy,buy
2026-09-09 12:25:31,123247,万凯转债,wkzz,199.3,-3.49,301216,万凯新材,wkxc,19.45,-4.61,1.71,11.15,174.44,0,14.25,213.55,220501,基础化工,szcy,C,2024-09-05,[],0,0,buy,AA,,7.805,14.495,18.5,buy,2030-08-16,3.937,19.642,16871.02,46518.19,4.24,-13.37,,0,15:34:51,00,Y,N,0,0,Y,,2025-02-24 开始转股,计算使用4.0年期 评级为AA 债参考YTM：1.8170,N,27.0,全价：199.300 最后更新：15:34:51,,,,0,"{'G': '本次（2026年6月17日至2026年7月8日）不提前赎回，自2026年10月8日后首个交易日重新计算', 'M': ''}",0,0,N,,,buy,buy
2026-09-09 12:25:31,123189,晓鸣转债,xmzz,140.395,-0.82,300967,晓鸣股份,xmgf,18.63,-0.27,4.58,15.18,122.73,0,14.4,154.8,110703,农林牧渔,szcy,C,2023-04-25,[],0,0,buy,A,,10.626,19.734,14.1,buy,2029-04-06,2.575,3.286,7150.55,22663.92,15.41,-6.88,,0,15:34:42,00,Y,N,1,1,Y,转股价下修1次，成功下修1次,2023-10-12 开始转股,计算使用2.6年期 评级为A 债参考YTM：6.7837,N,3.29,全价：140.395 最后更新：15:34:42,,,,0,{'M': ''},0,0,N,,,buy,buy
2026-09-09 12:25:31,127040,国泰转债,gtzz,119.6,-1.59,002091,江苏国泰,jsgt,7.68,-0.65,0.77,7.35,104.49,0,14.46,134.06,450201,商贸零售,szmb,C,2021-08-10,[],0,0,buy,AA+,,5.145,9.555,32.4,buy,2027-07-07,0.825,39.863,6449.67,5968.63,1.35,-11.8,,0,15:34:15,00,Y,N,0,0,Y,,2022-01-13 开始转股,计算使用0.9年期 评级为AA+ 债参考YTM：1.5509,N,45.574,全价：119.600 最后更新：15:34:15,,,,1,{'M': ''},0,0,N,,,buy,buy
2026-09-09 12:25:31,123080,海波转债,hbzz,124.212,-1.25,300517,海波重科,hbzk,12.14,-0.49,2.34,11.28,107.62,0,15.41,139.62,620401,建筑装饰,szcy,C,2020-12-22,[],0,0,buy,A+,,7.896,14.664,9.7,buy,2026-12-02,0.23,1.485,3095.78,14324.45,16.64,-14.91,,0,15:34:12,00,Y,N,0,0,Y,,2021-06-08 开始转股,计算使用0.3年期 评级为A+ 债参考YTM：4.0408,N,2.45,全价：124.212 最后更新：15:34:12,,,,1,[],0,0,N,,,buy,buy
2026-09-09 12:25:31,127053,豪美转债,hmzz,204.813,-1.29,002988,豪美新材,hmxc,30.51,1.13,2.75,17.23,177.08,0,15.66,220.47,240301,有色金属,szmb,C,2022-03-04,[],0,0,buy,AA-,,12.061,22.399,3.4,buy,2028-01-24,1.375,2.575,73143.96,49524.1,134.24,-32.33,,0,15:34:27,00,Y,N,1,1,Y,转股价下修1次，成功下修1次,2022-07-28 开始转股,计算使用1.4年期 评级为AA- 债参考YTM：1.8956,N,8.24,全价：204.813 最后更新：15:34:27,,,,1,{'G': '本次（2026年4月30日至2026年5月25日）不提前赎回，以2026年11月25日后首个交易日起重新计算'},0,0,N,,,buy,buy
2026-09-09 12:25:31,127078,优彩转债,yczz,162.8,0.0,002998,优彩资源,yczy,8.6,0.0,1.69,6.11,140.75,0,15.66,178.46,220401,基础化工,szmb,C,2023-01-09,[],0,0,buy,A+,,4.277,7.943,17.9,buy,2028-12-14,2.266,4.158,0.0,0.0,0.0,-13.08,,0,15:34:06,03,Y,N,0,0,Y,,2023-06-20 开始转股,计算使用2.3年期 评级为A+ 债参考YTM：4.3592,N,6.0,全价：162.800 最后更新：15:34:06,,,,0,{'G': '本次（2026年8月7日至2026年9月3日）不提前赎回，自2026年12月3日后首个交易日重新计算'},0,0,N,,,buy,buy
2026-09-09 12:25:31,110076,华海转债,hhzz,111.325,-0.43,600521,华海药业,hhyy,15.88,-0.06,2.43,16.5,96.24,0,15.67,127.0,370102,医药生物,shmb,C,2020-11-25,[],0,0,buy,AA,,11.55,21.45,7.7,buy,2026-11-02,0.148,18.424,2225.82,17549.2,1.08,-8.05,,0,14:59:54,00,Y,N,1,1,Y,转股价下修1次，成功下修1次,2021-05-06 开始转股,计算使用0.2年期 评级为AA 债参考YTM：1.5292,N,18.426,全价：111.325 最后更新：14:59:54,,,,1,{'M': ''},0,0,N,,,buy,buy
2026-09-09 12:25:31,113691,和邦转债,hbzz,148.385,-1.61,603077,和邦生物,hbsw,2.56,1.19,1.17,2.0,128.0,0,15.93,164.32,220802,基础化工,shmb,C,2024-11-19,[],0,0,buy,AA,,1.4,2.6,20.3,buy,2030-10-28,4.137,45.99,20368.76,152278.74,2.96,-6.13,,0,14:59:57,00,Y,N,0,0,Y,,2025-05-06 开始转股,计算使用4.2年期 评级为AA 债参考YTM：1.8317,N,46.0,全价：148.385 最后更新：14:59:57,,,,0,"{'G': '本次（2026年1月22日至2026年3月10日）不提前赎回，以2027年3月10日之后的首个交易日重新起算', 'M': ''}",0,0,N,,,buy,buy
2026-09-09 12:25:31,110084,贵燃转债,grzz,134.581,-1.99,600903,贵州燃气,gzrq,7.45,2.76,2.66,6.42,116.04,0,15.97,150.55,410301,公用事业,shmb,C,2022-01-18,[],0,0,buy,AA,,4.494,8.346,9.4,buy,2027-12-27,1.299,8.157,27658.39,110058.07,25.03,-13.45,,0,14:59:58,00,Y,N,2,2,Y,转股价下修2次，成功下修2次,2022-07-01 开始转股,计算使用1.3年期 评级为AA 债参考YTM：1.6245,N,10.0,全价：134.581 最后更新：14:59:58,,,,1,{'M': ''},0,0,N,,,buy,buy
2026-09-09 12:25:31,123235,亿田转债,ytzz,160.76,-0.98,300911,亿田智能,ytzn,29.4,-0.71,4.8,21.31,137.96,0,16.52,177.28,330401,家用电器,szcy,C,2024-01-12,[],0,0,buy,A+,,14.917,27.703,8.6,buy,2029-12-21,3.285,4.352,56625.04,46558.89,80.33,-8.8,,0,15:34:45,00,Y,N,0,0,Y,,2024-06-27 开始转股,计算使用3.3年期 评级为A+ 债参考YTM：4.5883,N,5.202,全价：160.760 最后更新：15:34:45,,,,0,{'M': ''},0,0,N,,,buy,buy
2026-09-09 12:25:31,123076,强力转债,qlzz,121.7,0.49,300429,强力新材,qlxc,11.05,2.79,3.12,10.6,104.25,0,16.74,138.44,270601,电子,szcy,C,2020-12-04,[],0,0,buy,AA-,,7.42,13.78,7.3,buy,2026-11-19,0.195,3.393,6715.74,25222.69,16.11,-37.27,,0,15:34:12,00,Y,N,2,2,Y,转股价下修2次，成功下修2次,2021-05-25 开始转股,计算使用0.2年期 评级为AA- 债参考YTM：1.6854,N,8.5,全价：121.700 最后更新：15:34:12,,,,1,{'M': ''},0,0,N,,,buy,buy
2026-09-09 12:25:31,111015,东亚转债,dyzz,131.359,0.15,605177,东亚药业,dyyy,22.78,3.26,1.53,20.28,112.33,0,16.94,148.3,370101,医药生物,shmb,C,2023-08-02,[],0,0,buy,A+,,14.196,26.364,25.7,buy,2029-07-06,2.825,6.662,11243.19,29764.94,12.91,-3.64,,0,14:59:57,00,Y,N,1,1,Y,转股价下修1次，成功下修1次,2024-01-12 开始转股,计算使用2.9年期 评级为A+ 债参考YTM：4.5114,N,6.9,全价：131.359 最后更新：14:59:57,,,,0,[],0,0,N,,,buy,buy
2026-09-09 12:25:31,113051,节能转债,jnzz,119.766,-0.26,601016,节能风电,jnfd,3.41,1.19,1.23,3.33,102.4,0,16.96,136.73,410107,公用事业,shmb,C,2021-07-22,[],0,0,buy,AAA,,2.331,4.329,12.9,buy,2027-06-21,0.781,26.519,6016.77,32974.62,1.89,-10.44,,0,14:59:23,00,Y,N,1,0,Y,转股价下修1次，成功下修0次,2021-12-27 开始转股,计算使用0.8年期 评级为AAA 债参考YTM：1.5192,N,30.0,全价：119.766 最后更新：14:59:23,,,,1,{'M': ''},0,0,N,,,buy,buy
2026-09-09 12:25:31,127070,大中转债,dzzz,285.088,0.07,001203,大中矿业,dzky,25.63,0.51,5.35,10.56,242.71,0,17.46,302.55,230301,钢铁,szmb,C,2022-10-11,[],0,0,buy,AA,,7.392,13.728,2.8,buy,2028-08-17,1.94,9.342,32468.89,34851.24,12.26,-37.95,,0,15:34:03,00,Y,N,0,0,Y,,2023-02-23 开始转股,计算使用2.0年期 评级为AA 债参考YTM：1.6527,N,15.2,全价：285.088 最后更新：15:34:03,,,,1,"{'G': '本次（2026年2月24日至2026年3月16日）不提前赎回，以2026年9月16日后的首个交易日重新计算', 'M': ''}",0,0,N,,,buy,buy
2026-09-09 12:25:31,127084,柳工转2,lgz2,142.199,-1.3,000528,柳工,lg,8.36,0.6,0.88,6.98,119.77,0,18.73,160.93,640601,机械设备,szmb,C,2023-04-20,[],0,0,buy,AAA,,4.886,9.074,14.6,buy,2029-03-27,2.548,24.809,14893.64,27911.57,4.22,-7.88,,0,15:34:18,00,Y,N,0,0,Y,,2023-10-09 开始转股,计算使用2.6年期 评级为AAA 债参考YTM：1.6048,N,30.0,全价：142.199 最后更新：15:34:18,,,,0,{'M': ''},0,0,N,,,buy,buy
2026-09-09 12:25:31,123187,超达转债,cdzz,191.99,0.34,301186,超达装备,cdzb,35.04,1.1,2.47,21.77,160.96,0,19.28,211.27,280205,汽车,szcy,C,2023-04-25,[],0,0,buy,A,,15.239,28.301,5.9,buy,2029-04-04,2.57,2.242,24956.83,5679.26,56.88,-17.25,,0,15:34:24,00,Y,N,0,0,Y,,2023-10-11 开始转股,计算使用2.6年期 评级为A 债参考YTM：6.7837,N,4.69,全价：191.990 最后更新：15:34:24,,,,0,"{'G': '本次（2026年8月3日至2026年8月21日）不提前赎回，以2027年2月21日之后的首个交易日重新起算', 'M': ''}",0,0,N,,,buy,buy
2026-09-09 12:25:31,127027,能化转债,nhzz,111.058,-0.11,000552,甘肃能化,gsnh,2.71,2.26,0.86,2.93,92.49,0,20.07,131.13,740101,煤炭,szmb,C,2021-01-22,[],0,0,buy,AAA,,2.051,3.809,19.3,buy,2026-12-10,0.252,19.463,3261.64,31276.58,1.51,-3.82,,0,15:34:06,00,Y,N,0,0,Y,,2021-06-16 开始转股,计算使用0.3年期 评级为AAA 债参考YTM：1.5003,N,28.0,全价：111.058 最后更新：15:34:06,,,,1,{'M': ''},0,0,N,,,buy,buy
2026-09-09 12:25:31,118050,航宇转债,hyzz,273.05,1.53,688239,航宇科技,hykj,56.39,3.96,4.83,24.81,227.29,0,20.13,293.18,650201,国防军工,shkc,C,2024-09-10,[],0,0,buy,AA-,,17.367,32.253,6.1,buy,2030-08-21,3.951,6.597,65216.11,45532.05,35.79,-19.14,,0,14:59:59,00,Y,N,0,0,Y,,2025-02-27 开始转股,计算使用4.0年期 评级为AA- 债参考YTM：2.2970,N,6.67,全价：273.050 最后更新：14:59:59,,,,0,"{'G': '本次（2026年5月28日至2026年6月17日）不提前赎回，自2026年9月18日为首个交易日重新计算', 'M': ''}",0,0,N,,,buy,buy
2026-09-09 12:25:31,118062,天准转债,tzzz,174.797,-0.31,688003,天准科技,tzkj,80.04,-0.46,7.7,55.13,145.18,0,20.4,195.2,640704,机械设备,shkc,C,2025-12-31,[],0,0,buy,AA-,,38.591,66.156,5.6,buy,2031-12-12,5.26,8.719,37485.72,25404.34,24.25,-7.63,,0,14:59:59,00,Y,N,0,0,Y,,2026-06-18 开始转股,计算使用5.3年期 评级为AA- 债参考YTM：2.4750,N,8.72,全价：174.797 最后更新：14:59:59,,,,0,"{'G': '本次（2026年6月18日至2026年7月9日）不提前赎回，以2026年10月10日为首个交易日重新计算', 'M': ''}",0,0,N,120%,,buy,buy
2026-09-09 12:25:31,127109,电化转债,dhzz,148.228,-0.62,002125,湘潭电化,xtdh,12.28,-0.65,2.21,9.99,122.92,0,20.59,168.82,630702,电力设备,szmb,C,2025-07-04,[],0,0,buy,AA,,6.993,12.987,6.3,buy,2031-06-16,4.77,4.866,5068.44,12080.71,7.02,-5.35,,0,15:34:18,00,Y,N,0,0,Y,,2025-12-22 开始转股,计算使用4.8年期 评级为AA 债参考YTM：1.8461,N,4.87,全价：148.228 最后更新：15:34:18,,,,0,{'M': ''},0,0,N,,,buy,buy
2026-09-09 12:25:31,113710,四方转债,sfzz,100.0,0.0,603339,四方科技,sfkj,12.3,-1.52,1.37,14.87,82.72,181,20.89,120.89,640105,机械设备,shmb,C,,[],0,0,buy,AA,,10.409,19.331,26.9,buy,2032-09-02,5.986,10.234,0.0,8902.49,0.0,2.16,,0,,00,Y,N,0,0,Y,,未到转股期；2027-03-09 开始转股,计算使用6.0年期 评级为AA 债参考YTM：2.0450,N,10.234,待上市,,,,0,[],0,0,N,,,buy,buy
2026-09-09 12:25:31,127045,牧原转债,myzz,121.53,-0.58,002714,牧原股份,mygf,43.25,0.05,3.11,43.32,99.84,0,21.73,143.26,110702,农林牧渔,szmb,C,2021-09-10,[],0,0,buy,AAA,,30.324,56.316,6.7,buy,2027-08-16,0.934,95.429,9407.49,123121.89,0.81,-12.8,,0,15:34:15,00,Y,Y,0,0,Y,,2022-02-21 开始转股,计算使用1.0年期 评级为AAA 债参考YTM：1.5202,N,95.5,全价：121.530 最后更新：15:34:15,,,,1,{'M': ''},0,0,N,,,buy,buy
2026-09-09 12:25:31,123178,花园转债,hyzz,142.9,-1.11,300401,花园生物,hysw,15.65,0.38,2.39,13.34,117.32,0,21.81,164.71,370101,医药生物,szcy,C,2023-03-23,[],0,0,buy,AA-,,9.338,17.342,13.8,buy,2029-03-06,2.49,11.58,11471.59,35578.19,6.89,-7.36,,0,15:34:36,00,Y,N,1,1,Y,转股价下修1次，成功下修1次,2023-09-11 开始转股,计算使用2.5年期 评级为AA- 债参考YTM：2.0565,N,12.0,全价：142.900 最后更新：15:34:36,,,,0,{'M': ''},0,0,N,,,buy,buy
2026-09-09 12:25:31,123107,温氏转债,wszz,115.294,-0.23,300498,温氏股份,wsgf,15.21,-0.13,2.83,16.09,94.53,0,21.96,137.25,110702,农林牧渔,szcy,C,2021-04-21,[],0,0,buy,AAA,,11.263,20.917,8.5,buy,2027-03-29,0.551,77.063,6066.16,54009.5,0.68,-11.49,,0,15:34:15,00,Y,N,0,0,Y,,2021-10-08 开始转股,计算使用0.6年期 评级为AAA 债参考YTM：1.5071,N,92.97,全价：115.294 最后更新：15:34:15,,,,1,{'M': ''},0,0,N,,,buy,buy
2026-09-09 12:25:31,127103,东南转债,dnzz,136.2,-0.73,002135,东南网架,dnwj,6.23,-0.48,1.1,5.59,111.45,0,22.21,158.41,620401,建筑装饰,szmb,C,2024-01-24,[],0,0,buy,AA,,3.913,7.267,31.5,buy,2030-01-03,3.321,19.999,3294.52,4457.76,1.21,-5.76,,0,15:33:57,00,Y,N,0,0,Y,,2024-07-09 开始转股,计算使用3.4年期 评级为AA 债参考YTM：1.7511,N,20.0,全价：136.200 最后更新：15:33:57,,,,0,{'M': ''},0,0,N,,,buy,buy
2026-09-09 12:25:31,113673,岱美转债,dmzz,191.352,-3.23,603730,岱美股份,dmgf,11.07,-2.47,5.06,7.12,155.48,0,23.07,214.42,280202,汽车,shmb,C,2023-08-10,[],0,0,buy,AA,,4.984,9.256,3.8,buy,2029-07-18,2.858,9.078,8885.39,11742.83,5.03,-16.45,,0,14:59:57,00,Y,N,1,1,Y,转股价下修1次，成功下修1次,2024-01-24 开始转股,计算使用2.9年期 评级为AA 债参考YTM：1.7092,N,9.079,全价：191.352 最后更新：14:59:57,,,,0,{'M': ''},0,0,N,,,buy,buy
2026-09-09 12:25:31,123257,安克转债,akzz,148.74,-1.81,300866,安克创新,akcx,128.2,0.24,6.5,106.72,120.13,0,23.82,172.56,270503,电子,szcy,C,2025-07-04,[],0,0,buy,AA+,,74.704,138.736,2.8,buy,2031-06-16,4.77,11.046,11018.7,31648.06,6.68,-5.8,,0,15:33:57,00,Y,N,0,0,Y,,2025-12-22 开始转股,计算使用4.8年期 评级为AA+ 债参考YTM：1.7775,N,11.048,全价：148.740 最后更新：15:33:57,,,,0,{'M': ''},0,0,N,,,buy,buy
2026-09-09 12:25:31,123118,惠城转债,hczz,662.8,-1.31,300779,惠城环保,hchb,55.28,0.16,7.42,10.33,535.14,0,23.86,686.66,760103,环保,szcy,C,2021-07-26,[],0,0,buy,A+,,7.231,13.429,0.5,buy,2027-07-07,0.825,0.654,42259.48,28168.98,96.53,-100.56,,0,15:34:27,00,Y,N,0,0,Y,,2022-01-13 开始转股,计算使用0.9年期 评级为A+ 债参考YTM：4.1349,N,3.2,全价：662.800 最后更新：15:34:27,,,,1,{'M': ''},0,0,N,,,buy,buy
2026-09-09 12:25:31,111002,特纸转债,tzzz,137.032,-0.76,605007,五洲特纸,wztz,14.91,0.88,1.86,13.49,110.53,0,23.98,161.01,360103,轻工制造,shmb,C,2021-12-30,[],0,0,buy,AA,,9.443,17.537,9.4,buy,2027-12-08,1.247,6.619,2085.22,6103.14,2.29,-14.03,,0,14:59:57,00,Y,N,1,1,Y,转股价下修1次，成功下修1次,2022-06-14 开始转股,计算使用1.3年期 评级为AA 债参考YTM：1.6245,N,6.7,全价：137.032 最后更新：14:59:57,,,,1,[],0,0,N,,,buy,buy
2026-09-09 12:25:31,110098,南药转债,nyzz,134.679,-0.71,600713,南京医药,njyy,5.37,-0.19,0.97,4.95,108.49,0,24.15,158.83,370402,医药生物,shmb,C,2025-01-20,[],0,0,buy,AA+,,3.465,6.435,15.6,buy,2030-12-25,4.296,10.814,2535.39,3944.07,1.74,-4.21,,0,14:58:39,00,Y,N,0,0,N,2026-09-09 起暂停转股：权益分派,2025-07-01 开始转股;2026-09-09 起暂停转股：权益分派,计算使用4.3年期 评级为AA+ 债参考YTM：1.7706,N,10.815,全价：134.679 最后更新：14:58:39,,,,0,[],0,0,N,,,buy,buy
2026-09-09 12:25:31,127092,运机转债,yjzz,312.571,-0.04,001288,运机集团,yjjt,29.97,-0.4,2.94,11.91,251.64,0,24.21,336.78,640203,机械设备,szmb,C,2023-10-20,[],0,0,buy,AA-,,8.337,15.483,11.5,buy,2029-09-21,3.036,5.249,11084.96,9565.3,6.8,-27.34,,0,15:34:33,00,Y,N,0,0,Y,,2024-03-27 开始转股,计算使用3.1年期 评级为AA- 债参考YTM：2.2065,N,7.3,全价：312.571 最后更新：15:34:33,,,,0,{'G': '本次（2025年12月8日至2025年12月26日）不提前赎回，以2026年12月26日后的首个交易日起重新计算'},0,0,N,,,buy,buy
2026-09-09 12:25:31,110099,福能转债,fnzz,143.912,-0.8,600483,福能股份,fngf,10.95,-0.82,1.1,9.49,115.39,0,24.72,168.63,410110,公用事业,shmb,C,2025-10-30,[],0,0,buy,AA+,,6.643,12.337,12.5,buy,2031-10-13,5.096,38.019,5445.56,10239.18,0.99,-5.15,,0,14:59:58,00,Y,N,0,0,Y,,2026-04-17 开始转股,计算使用5.1年期 评级为AA+ 债参考YTM：1.7850,N,38.02,全价：143.912 最后更新：14:59:58,,,,0,{'M': ''},0,0,N,,,buy,buy
2026-09-09 12:25:31,118051,皓元转债,hyzz,290.775,-0.17,688131,皓元医药,hyyy,93.74,-0.98,6.03,40.22,233.07,0,24.76,315.54,370603,医药生物,shkc,C,2024-12-19,[],0,0,buy,AA-,,28.154,52.286,4.1,buy,2030-11-28,4.222,8.218,29586.56,29864.29,12.36,-19.63,,0,14:59:58,00,Y,N,0,0,Y,,2025-06-04 开始转股,计算使用4.3年期 评级为AA- 债参考YTM：2.3231,N,8.223,全价：290.775 最后更新：14:59:58,,,,0,"{'G': '本次（2026年5月20日至2026年6月9日）不提前赎回，以2026年10月12日为首个交易日重新计算', 'M': ''}",0,0,N,,,buy,buy
2026-09-09 12:25:31,118027,宏图转债,htzz,86.187,0.65,688066,*ST航图,htht,9.03,8.01,-1.74,13.12,68.83,0,25.22,111.41,710301,计算机,shkc,C,2022-12-22,[],0,0,buy,CC,,9.184,17.056,39.5,buy,2028-11-28,2.222,9.475,10634.48,12514.44,13.07,16.05,,0,14:59:57,00,Y,N,4,3,Y,转股价下修4次，成功下修3次,2023-06-02 开始转股,计算使用2.3年期 评级为CC 债参考YTM：56.5213,Y,10.088,全价：86.187 最后更新：14:59:57,,,"按下调到底估算
股东大会：2026-09-18
预估转股价：8.63
预估转股价值：104.63
期权价值：52.76
理论价值：98.11
理论偏离度：-13.83%",0,[],0,0,N,,,buy,buy
2026-09-09 12:25:31,113695,华辰转债,hczz,145.045,-0.81,603097,江苏华辰,jshc,19.32,0.57,3.97,16.68,115.83,0,25.23,170.28,630801,电力设备,shmb,C,2025-07-10,[],0,0,buy,A+,,11.676,21.684,10.6,buy,2031-06-20,4.781,4.597,3555.48,2943.15,5.34,-4.17,,0,14:59:54,00,Y,N,0,0,Y,,2025-12-26 开始转股,计算使用4.8年期 评级为A+ 债参考YTM：4.7021,N,4.6,全价：145.045 最后更新：14:59:54,,,,0,[],0,0,N,,,buy,buy
2026-09-09 12:25:31,111017,蓝天转债,ltzz,131.099,-1.03,605368,蓝天燃气,ltrq,7.02,0.0,1.46,6.72,104.46,0,25.5,156.6,410301,公用事业,shmb,C,2023-09-08,[],0,0,buy,AA,,4.704,8.736,13.4,buy,2029-08-15,2.934,6.715,2294.39,1787.9,2.6,-4.92,,0,14:59:57,00,Y,N,1,1,Y,转股价下修1次，成功下修1次,2024-02-21 开始转股,计算使用3.0年期 评级为AA 债参考YTM：1.7155,N,8.7,全价：131.099 最后更新：14:59:57,,,,0,[],0,0,N,,,buy,buy
2026-09-09 12:25:31,123149,通裕转债,tyzz,129.029,-0.27,300185,通裕重工,tyzg,2.78,1.09,1.54,2.71,102.58,0,25.78,154.81,630602,电力设备,szcy,C,2022-07-15,[],0,0,buy,AA,,1.897,3.523,10.4,buy,2028-06-20,1.781,11.069,3706.0,17586.72,2.6,-6.88,,0,15:34:12,00,Y,N,0,0,Y,,2022-12-26 开始转股,计算使用1.8年期 评级为AA 债参考YTM：1.6436,N,14.847,全价：129.029 最后更新：15:34:12,,,,1,{'M': ''},0,0,N,,,buy,buy
2026-09-09 12:25:31,113052,兴业转债,xyzz,113.786,-0.16,601166,兴业银行,xyyh,18.11,-0.33,0.4,20.13,89.97,0,26.48,140.27,480301,银行,shmb,C,2022-01-14,[],0,0,buy,AAA,,,26.169,10.8,buy,2027-12-27,1.299,413.5,25836.79,103424.57,0.55,-1.71,,0,14:59:52,00,Y,Y,0,0,Y,,2022-06-30 开始转股,计算使用1.3年期 评级为AAA 债参考YTM：1.5281,N,500.0,全价：113.786 最后更新：14:59:52,,,,0,{'M': ''},0,0,N,,,buy,buy
2026-09-09 12:25:31,118030,睿创转债,rczz,595.922,0.76,688002,睿创微纳,rcwn,182.02,1.86,10.46,38.66,470.82,0,26.57,622.49,270105,电子,shkc,C,2023-02-10,[],0,0,buy,AA,,27.062,50.258,1.5,buy,2028-12-30,2.31,12.622,36760.16,192182.02,4.85,-51.7,,0,14:59:58,00,Y,N,0,0,Y,,2023-07-06 开始转股,计算使用2.4年期 评级为AA 债参考YTM：1.6778,N,15.647,全价：595.922 最后更新：14:59:58,,,,0,"{'G': '本次（2026年3月18日至2026年4月8日）不提前赎回，以2027年4月9日为首个交易日重新计算', 'M': ''}",0,0,N,,,buy,buy
2026-09-09 12:25:31,118016,京源转债,jyzz,148.15,-1.24,688096,京源环保,jyhb,8.08,-0.86,2.22,6.91,116.93,0,26.7,174.85,760102,环保,shkc,C,2022-08-25,[],0,0,buy,A,,4.837,8.983,8.9,buy,2028-08-05,1.907,1.675,2374.52,3615.92,9.53,-11.58,,0,14:59:59,00,Y,N,0,0,Y,,2023-02-13 开始转股,计算使用2.0年期 评级为A 债参考YTM：6.6527,N,3.325,全价：148.150 最后更新：14:59:59,,,,1,{'M': ''},0,0,N,,,buy,buy
2026-09-09 12:25:31,127096,泰坦转债,ttzz,510.515,2.45,003036,泰坦股份,ttgf,53.18,5.16,7.66,13.2,402.88,0,26.72,537.24,640206,机械设备,szmb,C,2023-11-15,[],0,0,buy,A,,9.24,17.16,2.5,buy,2029-10-25,3.129,2.875,201206.0,48194.82,134.86,-37.5,,0,15:34:12,00,Y,N,0,0,Y,,2024-05-06 开始转股,计算使用3.2年期 评级为A 债参考YTM：6.9240,N,2.955,全价：510.515 最后更新：15:34:12,,,,0,{'G': '本次（2026年6月12日至2026年7月3日）不提前赎回，以2026年10月3日后首个交易日起重新计算'},0,0,N,,,buy,buy
2026-09-09 12:25:31,127056,中特转债,ztzz,125.093,-0.64,000708,中信特钢,zxtg,13.71,0.37,1.56,13.89,98.7,0,26.74,151.83,230501,钢铁,szmb,C,2022-04-15,[],0,0,buy,AAA,,9.723,18.057,7.2,buy,2028-02-25,1.463,49.996,4066.7,12522.85,0.65,-9.89,,0,15:34:45,00,Y,N,1,1,Y,转股价下修1次，成功下修1次,2022-09-05 开始转股,计算使用1.5年期 评级为AAA 债参考YTM：1.5390,N,50.0,全价：125.093 最后更新：15:34:45,,,,0,{'M': ''},0,0,N,,,buy,buy
2026-09-09 12:25:31,113686,泰瑞转债,trzz,153.134,-0.59,603289,泰瑞机器,trjq,9.65,2.44,1.94,8.0,120.63,0,26.95,180.08,640209,机械设备,shmb,C,2024-07-24,[],0,0,buy,AA-,,5.6,10.4,11.9,buy,2030-07-02,3.814,3.363,7690.97,6097.67,14.83,-6.4,,0,14:59:54,00,Y,N,0,0,Y,,2025-01-08 开始转股,计算使用3.9年期 评级为AA- 债参考YTM：2.2870,N,3.378,全价：153.134 最后更新：14:59:54,,,,0,[],0,0,N,,,buy,buy
2026-09-09 12:25:31,127095,广泰转债,gtzz,145.351,-1.86,002111,威海广泰,whgt,10.1,0.2,1.71,8.83,114.38,0,27.07,172.42,650201,国防军工,szmb,C,2023-11-10,[],0,0,buy,AA-,,6.181,11.479,14.0,buy,2029-10-18,3.11,6.927,5214.05,6050.94,5.15,-6.27,,0,15:34:36,00,Y,N,0,0,Y,,2024-04-24 开始转股,计算使用3.2年期 评级为AA- 债参考YTM：2.2233,N,7.0,全价：145.351 最后更新：15:34:36,,,,0,[],0,0,N,,,buy,buy
2026-09-09 12:25:31,123104,卫宁转债,wnzz,125.149,-0.91,300253,卫宁健康,wnjk,6.9,-2.54,2.77,7.02,98.29,0,27.33,152.48,710401,计算机,szcy,C,2021-03-31,[],0,0,buy,AA,,4.914,9.126,7.6,buy,2027-03-16,0.515,9.699,4190.38,28844.65,3.45,-8.03,,0,15:34:21,00,Y,N,2,2,Y,转股价下修2次，成功下修2次,2021-09-22 开始转股,计算使用0.6年期 评级为AA 债参考YTM：1.5359,N,9.703,全价：125.149 最后更新：15:34:21,,,,1,{'M': ''},0,0,N,,,buy,buy
2026-09-09 12:25:31,123114,三角转债,sjzz,127.509,-0.47,300775,三角防务,sjfw,22.7,1.93,2.06,22.69,100.04,0,27.45,154.96,650201,国防军工,szcy,C,2021-06-11,[],0,0,buy,AA-,,15.883,29.497,7.5,buy,2027-05-25,0.707,8.999,4680.01,46822.05,4.06,-13.93,,0,15:34:21,00,Y,N,1,1,Y,转股价下修1次，成功下修1次,2021-11-30 开始转股,计算使用0.8年期 评级为AA- 债参考YTM：1.7581,N,9.044,全价：127.509 最后更新：15:34:21,,,,1,{'M': ''},0,0,N,,,buy,buy
2026-09-09 12:25:31,111012,福新转债,fxzz,346.116,-0.33,605488,福莱新材,flxc,30.09,0.4,3.97,11.11,270.84,0,27.79,373.91,220505,基础化工,shmb,C,2023-02-07,[],0,0,buy,A+,,7.777,14.443,1.1,buy,2029-01-04,2.323,1.016,28534.4,21355.69,80.6,-37.27,,0,14:59:58,00,Y,N,0,0,Y,,2023-07-10 开始转股,计算使用2.4年期 评级为A+ 债参考YTM：4.3828,N,4.29,全价：346.116 最后更新：14:59:58,,,,0,{'G': '本次（2026年6月22日至2026年7月10日）不提前赎回，自2026年10月10日之后的首个交易日重新起算'},0,0,N,,,buy,buy
2026-09-09 12:25:31,113640,苏利转债,slzz,131.87,-0.51,603585,苏利股份,slgf,11.18,0.45,1.07,10.84,103.14,0,27.86,159.73,220803,基础化工,shmb,C,2022-03-10,[],0,0,buy,AA-,,7.588,14.092,24.4,buy,2028-02-16,1.438,7.39,3555.54,5939.27,3.64,-8.08,,0,14:59:57,00,Y,N,2,2,Y,转股价下修2次，成功下修2次,2022-08-22 开始转股,计算使用1.5年期 评级为AA- 债参考YTM：1.9059,N,9.572,全价：131.870 最后更新：14:59:57,,,,1,[],0,0,N,,,buy,buy
2026-09-09 12:25:31,118064,联瑞转债,lrzz,369.03,1.68,688300,联瑞新材,lrxc,181.79,8.41,24.58,63.05,288.33,0,27.99,397.02,220901,基础化工,shkc,C,2026-01-28,[],0,0,buy,AA,,44.135,81.965,1.6,buy,2032-01-08,5.334,6.949,262816.22,308733.39,102.47,-20.0,,0,15:00:00,00,Y,N,0,0,Y,,2026-07-14 开始转股,计算使用5.4年期 评级为AA 债参考YTM：1.9049,N,6.95,全价：369.030 最后更新：15:00:00,,,,0,"{'G': '本次（2026年7月14日至2026年8月3日）不提前赎回，以2026年11月4日为首个交易日重新计算', 'M': '', 'EX': '债券持有人及其一致行动人大宗减持11.23% 2026年09月01日公告'}",0,0,N,,,buy,buy
2026-09-09 12:25:31,118034,晶能转债,jnzz,118.629,-0.17,688223,晶科能源,jkny,4.04,0.0,1.72,4.36,92.66,0,28.03,146.66,630502,电力设备,shkc,C,2023-05-19,[],0,0,buy,AA+,,3.052,5.232,20.1,buy,2029-04-20,2.614,83.22,8200.77,20757.18,0.83,-2.45,,0,14:59:58,00,Y,N,2,2,Y,转股价下修2次，成功下修2次,2023-10-26 开始转股,计算使用2.7年期 评级为AA+ 债参考YTM：1.6666,N,100.0,全价：118.629 最后更新：14:59:58,,,,0,{'M': ''},0,0,N,120%,,buy,buy
2026-09-09 12:25:31,123150,九强转债,jqzz,131.36,-0.92,300406,九强生物,jqsw,11.72,-0.68,1.92,11.45,102.36,0,28.33,159.69,370504,医药生物,szcy,C,2022-07-20,[],0,0,buy,AA-,,8.015,14.885,22.5,buy,2028-06-30,1.808,11.21,1513.43,3240.09,1.03,-8.4,,0,15:34:33,00,Y,N,1,1,Y,转股价下修1次，成功下修1次,2023-01-06 开始转股,计算使用1.9年期 评级为AA- 债参考YTM：1.9408,N,11.39,全价：131.360 最后更新：15:34:33,,,,1,{'M': ''},0,0,N,,,buy,buy
2026-09-09 12:25:31,110097,天润转债,trzz,145.038,-0.29,600419,天润乳业,trry,9.22,-1.28,1.17,8.19,112.58,0,28.84,173.88,340702,食品饮料,shmb,C,2024-11-15,[],0,0,buy,AA,,5.733,10.647,34.0,buy,2030-10-24,4.126,9.89,5783.48,6589.19,4.03,-5.62,,0,14:59:52,00,Y,N,0,0,Y,,2025-04-30 开始转股,计算使用4.2年期 评级为AA 债参考YTM：1.8317,N,9.9,全价：145.038 最后更新：14:59:52,,,,0,[],0,0,N,,,buy,buy
2026-09-09 12:25:31,127088,赫达转债,hdzz,170.814,-0.86,002810,山东赫达,sdhd,22.0,1.48,3.26,16.61,132.45,0,28.96,199.77,220309,基础化工,szmb,C,2023-07-19,[],0,0,buy,AA-,,11.627,21.593,8.4,buy,2029-07-03,2.816,5.996,4487.58,9947.16,4.38,-12.34,,0,15:34:09,00,Y,N,0,0,Y,,2024-01-08 开始转股,计算使用2.9年期 评级为AA- 债参考YTM：2.1613,N,6.0,全价：170.814 最后更新：15:34:09,,,,0,"{'G': '本次（2026年3月30日至2026年4月20日）不提前赎回，自2026年10月21日起重新计算', 'M': ''}",0,0,N,,,buy,buy
2026-09-09 12:25:31,128142,新乳转债,xrzz,112.012,-0.41,002946,新乳业,xry,15.17,-2.82,3.6,17.5,86.69,0,29.22,141.23,340702,食品饮料,szmb,C,2021-01-19,[],0,0,buy,AA,,12.25,22.75,5.6,buy,2026-12-18,0.274,7.178,2103.4,8482.79,2.61,-6.62,,0,15:34:36,00,Y,N,0,0,Y,,2021-06-24 开始转股,计算使用0.3年期 评级为AA 债参考YTM：1.5308,N,7.18,全价：112.012 最后更新：15:34:36,,,,1,{'M': ''},0,0,N,,,buy,buy
2026-09-09 12:25:31,127037,银轮转债,ylzz,512.111,-2.6,002126,银轮股份,ylgf,40.4,0.75,4.54,10.27,393.38,0,30.18,542.29,280203,汽车,szmb,C,2021-07-09,[],0,0,buy,AA,,7.189,13.351,1.6,buy,2027-06-07,0.743,5.055,23373.31,40335.48,8.93,-105.75,,0,15:34:12,00,Y,N,0,0,Y,,2021-12-13 开始转股,计算使用0.8年期 评级为AA 债参考YTM：1.5533,N,7.0,全价：512.111 最后更新：15:34:12,,,,1,"{'G': '本次（2026年5月27日至2026年6月16日）不提前赎回，2027年5月16日后首个交易日重新计算', 'M': ''}",0,0,N,,,buy,buy
2026-09-09 12:25:31,123173,恒锋转债,hfzz,136.923,-1.12,300605,恒锋信息,hfxx,10.51,-1.78,3.99,10.0,105.1,0,30.28,167.2,710401,计算机,szcy,C,2023-02-08,[],0,0,buy,BBB+,,7.0,13.0,17.5,buy,2028-12-30,2.31,2.33,1431.38,5263.95,4.48,-5.92,,0,15:34:18,00,Y,N,1,1,Y,转股价下修1次，成功下修1次,2023-07-06 开始转股,计算使用2.4年期 评级为BBB+ 债参考YTM：12.2486,N,2.424,全价：136.923 最后更新：15:34:18,,,,0,[],0,0,N,,,buy,buy
2026-09-09 12:25:31,127082,亚科转债,ykzz,134.876,0.2,002540,亚太科技,ytkj,5.4,2.66,1.2,5.22,103.45,0,30.38,165.26,240301,有色金属,szmb,C,2023-04-27,[],0,0,buy,AA,,3.654,6.786,25.0,buy,2029-03-09,2.499,11.585,3734.03,8635.92,2.39,-6.19,,0,15:34:27,00,Y,N,0,0,Y,,2023-09-15 开始转股,计算使用2.5年期 评级为AA 债参考YTM：1.6840,N,11.59,全价：134.876 最后更新：15:34:27,,,,0,[],0,0,N,,,buy,buy
2026-09-09 12:25:31,110075,南航转债,nhzz,106.339,-0.02,600029,南方航空,nfhk,5.03,0.2,3.03,6.17,81.52,0,30.44,136.78,421001,交通运输,shmb,C,2020-11-03,[],0,0,buy,AAA,,4.319,8.021,8.7,buy,2026-10-15,0.099,58.958,13614.8,25381.43,2.17,1.58,,0,14:59:07,00,Y,N,0,0,Y,,2021-04-21 开始转股,计算使用0.1年期 评级为AAA 债参考YTM：1.4925,N,160.0,全价：106.339 最后更新：14:59:07,,,,1,"{'R': '到期\n最后交易日：2026-10-09\n最后转股日：2026-10-14\n债券到期日：2026-10-15\n到期赎回价：106.500元/张', 'M': ''}",1,0,N,,,buy,buy
2026-09-09 12:25:31,113643,风语转债,fyzz,143.412,-0.5,603466,风语筑,fyz,12.91,2.3,3.56,11.8,109.41,0,31.08,174.49,720706,传媒,shmb,C,2022-04-22,[],0,0,buy,AA-,,8.26,15.34,6.5,buy,2028-03-25,1.543,4.992,22442.69,128994.55,31.46,-12.51,,0,14:59:57,00,Y,N,1,1,Y,转股价下修1次，成功下修1次,2022-10-10 开始转股,计算使用1.6年期 评级为AA- 债参考YTM：1.9147,N,5.0,全价：143.412 最后更新：14:59:57,,,,1,{'M': ''},0,0,N,,,buy,buy
2026-09-09 12:25:31,127060,湘佳转债,xjzz,129.486,-0.4,002982,湘佳股份,xjgf,13.63,0.07,1.63,13.8,98.77,0,31.1,160.59,110703,农林牧渔,szmb,C,2022-06-10,[],0,0,buy,A+,,9.66,17.94,36.1,buy,2028-04-19,1.611,6.399,3947.76,8025.99,4.75,-8.89,,0,15:33:57,00,Y,N,1,1,Y,转股价下修1次，成功下修1次,2022-10-25 开始转股,计算使用1.7年期 评级为A+ 债参考YTM：4.2666,N,6.4,全价：129.486 最后更新：15:33:57,,,,0,[],0,0,N,,,buy,buy
2026-09-09 12:25:31,113054,绿动转债,ldzz,126.29,0.01,601330,绿色动力,lsdl,8.29,1.34,1.4,8.67,95.62,0,32.08,158.37,760103,环保,shmb,C,2022-03-23,[],0,0,buy,AA+,,6.069,11.271,28.8,buy,2028-02-25,1.463,23.598,4885.69,19591.34,1.64,-8.66,,0,14:59:59,00,Y,N,0,0,Y,,2022-09-05 开始转股,计算使用1.5年期 评级为AA+ 债参考YTM：1.5947,N,23.6,全价：126.290 最后更新：14:59:59,,,,1,[],0,0,N,,,buy,buy
2026-09-09 12:25:31,127064,杭氧转债,hyzz,139.854,-1.13,002430,杭氧股份,hygf,27.09,-1.35,2.6,25.67,105.53,0,32.52,172.37,220309,基础化工,szmb,C,2022-07-05,[],0,0,buy,AA+,,17.969,33.371,4.3,buy,2028-05-19,1.693,11.364,3078.34,27174.73,1.93,-13.45,,0,15:34:00,00,Y,N,1,1,Y,转股价下修1次，成功下修1次,2022-11-25 开始转股,计算使用1.7年期 评级为AA+ 债参考YTM：1.6056,N,11.37,全价：139.854 最后更新：15:34:00,,,,1,{'M': ''},0,0,N,,,buy,buy
2026-09-09 12:25:31,113661,福22转债,f22zz,133.335,-0.34,603806,福斯特,fst,14.66,1.45,2.28,14.59,100.48,0,32.7,166.04,630504,电力设备,shmb,C,2022-12-22,[],0,0,buy,AA,,10.213,18.967,7.9,buy,2028-11-22,2.206,30.297,7833.74,26505.81,1.94,-7.25,,0,14:59:57,00,Y,N,1,1,Y,转股价下修1次，成功下修1次,2023-05-29 开始转股,计算使用2.3年期 评级为AA 债参考YTM：1.6715,N,30.3,全价：133.335 最后更新：14:59:57,,,,0,{'M': ''},0,0,N,,,buy,buy
2026-09-09 12:25:31,118036,力合转债,lhzz,140.139,-1.31,688589,力合微,lhw,19.48,-0.26,2.69,18.5,105.3,0,33.09,173.23,270104,电子,shkc,C,2023-07-20,[],0,0,buy,AA-,,12.95,24.05,13.4,buy,2029-06-28,2.803,3.8,2508.74,3486.82,4.68,-5.9,,0,14:59:57,00,Y,N,2,2,Y,转股价下修2次，成功下修2次,2024-01-04 开始转股,计算使用2.9年期 评级为AA- 债参考YTM：2.1613,N,3.8,全价：140.139 最后更新：14:59:57,,,,0,{'M': ''},0,0,N,,,buy,buy
2026-09-09 12:25:31,123133,佩蒂转债,pdzz,129.513,-0.15,300673,佩蒂股份,pdgf,14.53,1.68,1.98,15.0,96.87,0,33.7,163.21,110404,农林牧渔,szcy,C,2022-01-21,[],0,0,buy,AA-,,10.5,19.5,30.9,buy,2027-12-22,1.285,7.198,5807.74,5670.79,6.24,-7.71,,0,15:34:24,00,Y,N,2,2,Y,转股价下修2次，成功下修2次,2022-06-28 开始转股,计算使用1.3年期 评级为AA- 债参考YTM：1.8829,N,7.2,全价：129.513 最后更新：15:34:24,,,,1,[],0,0,N,,,buy,buy
2026-09-09 12:25:31,123131,奥飞转债,afzz,264.6,-1.45,300738,奥飞数据,afsj,19.74,0.46,5.23,10.05,196.42,0,34.71,299.31,730104,通信,szcy,C,2021-12-22,[],0,0,buy,A+,,7.035,13.065,1.6,buy,2027-12-03,1.233,3.159,12881.15,40352.86,15.23,-48.75,,0,15:34:24,00,Y,N,0,0,Y,,2022-06-09 开始转股,计算使用1.3年期 评级为A+ 债参考YTM：4.2185,N,6.35,全价：264.600 最后更新：15:34:24,,,,1,"{'G': '本次（2026年5月21日至2026年6月10日）不提前赎回，以2026年12月10日后的首个交易日重新计算', 'M': ''}",0,0,N,,,buy,buy
2026-09-09 12:25:31,127050,麒麟转债,qlzz,125.046,-1.25,002984,森麒麟,sql,13.98,-0.64,1.05,15.07,92.77,0,34.8,159.85,280204,汽车,szmb,C,2021-12-06,[],0,0,buy,AA,,10.549,19.591,20.9,buy,2027-11-11,1.173,20.86,3410.06,8745.76,1.3,-9.24,,0,15:34:09,00,Y,N,2,2,Y,转股价下修2次，成功下修2次,2022-05-17 开始转股,计算使用1.2年期 评级为AA 债参考YTM：1.6163,N,21.989,全价：125.046 最后更新：15:34:09,,,,1,{'M': ''},0,0,N,,,buy,buy
2026-09-09 12:25:31,118044,赛特转债,stzz,146.496,-0.86,688398,赛特新材,stxc,20.48,0.84,3.02,18.85,108.65,0,34.84,181.34,220309,基础化工,shkc,C,2023-10-12,[],0,0,buy,A+,,13.195,24.505,12.9,buy,2029-09-11,3.008,4.42,2717.16,2276.6,4.19,-7.27,,0,14:59:58,00,Y,N,1,1,Y,转股价下修1次，成功下修1次,2024-03-15 开始转股,计算使用3.1年期 评级为A+ 债参考YTM：4.5567,N,4.42,全价：146.496 最后更新：14:59:58,,,,0,"{'G': '本次（2026年3月10日至2026年4月20日）不提前赎回，以2026年10月21日起算', 'M': ''}",0,0,N,,,buy,buy
2026-09-09 12:25:31,123176,精测转2,jcz2,403.982,-2.77,300567,精测电子,jcdz,193.14,-1.56,9.29,64.51,299.4,0,34.93,438.91,640107,机械设备,szcy,C,2023-03-22,[],0,0,buy,AA-,,45.157,83.863,2.9,buy,2029-03-02,2.48,12.753,59803.02,75408.87,11.39,-40.08,,0,15:34:39,00,Y,N,0,0,Y,,2023-09-08 开始转股,计算使用2.5年期 评级为AA- 债参考YTM：2.0565,N,12.76,全价：403.982 最后更新：15:34:39,,,,0,"{'G': '本次（2026年7月16日至2026年8月5日）不提前赎回，自2027年2月5日后首个交易日重新计算', 'M': ''}",0,0,N,,,buy,buy
2026-09-09 12:25:31,110087,天业转债,tyzz,124.411,-0.05,600075,新疆天业,xjty,5.15,2.79,0.95,5.6,91.96,0,35.28,159.69,220202,基础化工,shmb,C,2022-07-19,[],0,0,buy,AA+,,3.92,7.28,34.1,buy,2028-06-23,1.789,29.975,9852.94,21113.5,2.64,-6.81,,0,14:59:49,00,Y,N,1,1,Y,转股价下修1次，成功下修1次,2022-12-29 开始转股,计算使用1.8年期 评级为AA+ 债参考YTM：1.6110,N,30.0,全价：124.411 最后更新：14:59:49,,,,1,{'M': ''},0,0,N,,,buy,buy
2026-09-09 12:25:31,127099,盛航转债,shzz,134.884,0.14,001205,盛航股份,shgf,15.27,4.09,1.3,15.33,99.61,0,35.41,170.29,421101,交通运输,szmb,C,2023-12-28,[],0,0,buy,AA-,,10.731,19.929,17.9,buy,2029-12-06,3.244,4.541,3759.06,12685.62,6.15,-3.69,,0,15:34:15,00,Y,N,1,1,Y,转股价下修1次，成功下修1次,2024-06-12 开始转股,计算使用3.3年期 评级为AA- 债参考YTM：2.2368,N,7.4,全价：134.884 最后更新：15:34:15,,,,0,[],0,0,N,,,buy,buy
2026-09-09 12:25:31,127031,洋丰转债,yfzz,119.71,-0.89,000902,新洋丰,xyf,14.82,-0.4,1.48,16.79,88.27,0,35.62,155.33,220805,基础化工,szmb,C,2021-04-23,[],0,0,buy,AA,,11.753,21.827,5.9,buy,2027-03-25,0.54,9.999,2526.02,17414.71,2.11,-11.99,,0,15:34:51,00,Y,N,1,1,Y,转股价下修1次，成功下修1次,2021-10-08 开始转股,计算使用0.6年期 评级为AA 债参考YTM：1.5359,N,10.0,全价：119.710 最后更新：15:34:51,,,,1,{'M': ''},0,0,N,,,buy,buy
2026-09-09 12:25:31,123194,百洋转债,byzz,135.192,-0.94,301015,百洋医药,byyy,24.6,-1.68,5.4,24.79,99.23,0,36.24,171.43,370402,医药生物,szcy,C,2023-05-05,[],0,0,buy,AA-,,17.353,32.227,6.5,buy,2029-04-14,2.597,8.459,4655.4,12134.37,4.07,-5.66,,0,15:34:33,00,Y,N,0,0,Y,,2023-10-20 开始转股,计算使用2.6年期 评级为AA- 债参考YTM：2.0827,N,8.6,全价：135.192 最后更新：15:34:33,,,,0,{'M': ''},0,0,N,,,buy,buy
2026-09-09 12:25:31,123209,聚隆转债,jlzz,158.81,-1.32,300644,南京聚隆,njjl,20.38,-0.39,2.04,17.52,116.32,0,36.52,195.33,220503,基础化工,szcy,C,2023-08-17,[],0,0,buy,A+,,12.264,22.776,9.3,buy,2029-07-26,2.88,1.672,1520.12,3150.32,5.7,-10.22,,0,15:34:48,00,Y,N,0,0,Y,,2024-02-01 开始转股,计算使用2.9年期 评级为A+ 债参考YTM：4.5114,N,2.185,全价：158.810 最后更新：15:34:48,,,,0,[],0,0,N,,,buy,buy
2026-09-09 12:25:31,123241,欧通转债,otzz,932.198,-0.16,300870,欧陆通,olt,210.01,0.23,12.19,30.8,681.85,0,36.72,968.92,630306,电力设备,szcy,C,2024-07-26,[],0,0,buy,AA-,,21.56,40.04,0.8,buy,2030-07-05,3.822,2.604,90317.62,114888.87,36.78,-42.41,,0,15:34:48,00,Y,N,0,0,Y,,2025-01-13 开始转股,计算使用3.9年期 评级为AA- 债参考YTM：2.2870,N,6.445,全价：932.198 最后更新：15:34:48,,,,0,"{'G': '本次（2026年8月10日至2026年8月28日）不提前赎回，自2026年11月28日后首个交易日重新计算', 'M': ''}",0,0,N,,,buy,buy
2026-09-09 12:25:31,113646,永吉转债,yjzz,161.392,-1.62,603058,永吉股份,yjgf,9.46,-1.87,3.45,8.05,117.52,0,37.34,198.73,360205,轻工制造,shmb,C,2022-05-17,[],0,0,buy,AA-,,5.635,10.465,3.5,buy,2028-04-14,1.597,1.372,4146.45,10294.81,18.61,-21.5,,0,14:59:51,00,Y,N,0,0,Y,,2022-10-20 开始转股,计算使用1.6年期 评级为AA- 债参考YTM：1.9147,N,1.459,全价：161.392 最后更新：14:59:51,,,,1,[],0,0,N,,,buy,buy
2026-09-09 12:25:31,123199,山河转债,shzz,138.198,-1.36,300452,山河药辅,shyf,13.07,-0.83,2.96,13.0,100.54,0,37.46,175.66,370101,医药生物,szcy,C,2023-07-07,[],0,0,buy,A+,,9.1,16.9,12.3,buy,2029-06-12,2.759,3.197,1215.93,4026.18,2.74,-7.6,,0,15:34:27,00,Y,N,1,1,Y,转股价下修1次，成功下修1次,2023-12-18 开始转股,计算使用2.8年期 评级为A+ 债参考YTM：4.4860,N,3.2,全价：138.198 最后更新：15:34:27,,,,0,[],0,0,N,,,buy,buy
2026-09-09 12:25:31,113677,华懋转债,hmzz,314.139,3.15,603306,华懋科技,hmkj,76.86,1.33,6.63,33.66,228.34,0,37.57,351.71,280202,汽车,shmb,C,2023-10-12,[],0,0,buy,AA-,,23.562,43.758,4.1,buy,2029-09-14,3.016,10.489,94914.65,91711.92,28.92,-28.48,,0,15:00:00,00,Y,N,0,0,Y,,2024-03-20 开始转股,计算使用3.1年期 评级为AA- 债参考YTM：2.2065,N,10.5,全价：314.139 最后更新：15:00:00,,,,0,"{'G': '本次（2026年6月29日至2026年7月17日）不提前赎回，自2026年10月17日之后的首个交易日重新起算', 'M': ''}",0,0,N,,,buy,buy
2026-09-09 12:25:31,123124,晶瑞转2,jrz2,135.752,-0.3,300655,晶瑞电材,jrdc,12.62,1.69,5.26,12.79,98.67,0,37.58,173.33,270601,电子,szcy,C,2021-09-07,[],0,0,buy,A+,,8.953,16.627,3.7,buy,2027-08-16,0.934,5.224,3200.68,42936.38,4.49,-22.67,,1,15:34:21,00,Y,N,1,1,Y,转股价下修1次，成功下修1次,2022-02-21 开始转股,计算使用1.0年期 评级为A+ 债参考YTM：4.1602,N,5.23,全价：135.752 最后更新：15:34:21,,,,1,{'M': ''},0,0,N,,23年6月前不下修,buy,buy
2026-09-09 12:25:31,113659,莱克转债,lkzz,130.795,-0.55,603355,莱克电气,lkdq,30.09,1.31,2.89,31.72,94.86,0,37.88,168.68,330302,家用电器,shmb,C,2022-11-15,[],0,0,buy,AA,,22.204,41.236,7.0,buy,2028-10-14,2.099,11.998,6191.0,12239.53,3.93,-6.75,,0,14:59:51,00,Y,N,0,0,Y,,2023-04-20 开始转股,计算使用2.1年期 评级为AA 债参考YTM：1.6589,N,12.0,全价：130.795 最后更新：14:59:51,,,,0,{'M': ''},0,0,N,,,buy,buy
2026-09-09 12:25:31,127105,龙星转债,lxzz,132.907,0.25,002442,龙星科技,lxkj,5.57,3.72,1.49,5.8,96.03,0,38.4,171.31,220603,基础化工,szmb,C,2024-03-06,[],0,0,buy,AA-,,4.06,7.54,27.5,buy,2030-01-31,3.397,7.534,4269.49,15295.81,4.26,-3.19,,0,15:34:39,00,Y,N,0,0,Y,,2024-08-07 开始转股,计算使用3.4年期 评级为AA- 债参考YTM：2.2476,N,7.54,全价：132.907 最后更新：15:34:39,,,,0,[],0,0,N,,,buy,buy
2026-09-09 12:25:31,118035,国力转债,glzz,158.588,-0.07,688103,国力电子,gldz,71.24,1.64,5.89,62.31,114.33,0,38.71,197.3,270401,电子,shkc,C,2023-07-06,[],0,0,buy,A+,,43.617,81.003,7.1,buy,2029-06-12,2.759,4.799,6198.1,12607.08,8.1,-10.22,,0,14:59:57,00,Y,N,0,0,Y,,2023-12-18 开始转股,计算使用2.8年期 评级为A+ 债参考YTM：4.4860,N,4.8,全价：158.588 最后更新：14:59:57,,,,0,{'M': ''},0,0,N,,,buy,buy
2026-09-09 12:25:31,123222,博俊转债,bjzz,146.499,-1.37,300926,博俊科技,bjkj,17.28,-2.1,2.01,16.46,104.98,0,39.55,186.05,280205,汽车,szcy,C,2023-09-28,[],0,0,buy,A+,,11.522,21.398,4.7,buy,2029-09-08,3.0,2.438,1192.0,4975.13,3.33,-6.97,,0,15:34:39,00,Y,N,0,0,Y,,2024-03-14 开始转股,计算使用3.0年期 评级为A+ 债参考YTM：4.5355,N,5.0,全价：146.499 最后更新：15:34:39,,,,0,{'M': ''},0,0,N,,,buy,buy
2026-09-09 12:25:31,127055,精装转债,jzzz,179.55,-0.68,002989,中天精装,ztjz,23.8,-0.67,3.41,18.5,128.65,0,39.57,219.12,620201,建筑装饰,szmb,C,2022-03-24,[],0,0,buy,AA-,,12.95,24.05,4.4,buy,2028-02-22,1.455,2.081,7346.34,10123.31,19.55,-25.77,,0,15:34:21,00,Y,N,0,0,Y,,2022-08-29 开始转股,计算使用1.5年期 评级为AA- 债参考YTM：1.9059,N,5.77,全价：179.550 最后更新：15:34:21,,,,1,{'G': '本次（2026年2月24日至2026年3月16日）不提前赎回，自2027年3月16日后首个交易日重新计算'},0,0,N,,,buy,buy
2026-09-09 12:25:31,113067,燃23转债,r23zz,127.052,-0.38,601139,深圳燃气,szrq,6.59,1.07,1.13,7.24,91.02,0,39.58,166.63,410301,公用事业,shmb,C,2023-08-18,[],0,0,buy,AAA,,5.068,9.412,15.8,buy,2029-07-27,2.882,29.999,3227.63,11210.55,0.85,-4.94,,0,14:59:42,00,Y,N,0,0,Y,,2024-02-02 开始转股,计算使用2.9年期 评级为AAA 债参考YTM：1.6203,N,30.0,全价：127.052 最后更新：14:59:42,,,,0,{'M': ''},0,0,N,,,buy,buy
2026-09-09 12:25:31,123158,宙邦转债,zbzz,236.89,0.21,300037,新宙邦,xzb,68.49,1.44,4.51,40.49,169.15,0,40.04,276.93,630702,电力设备,szcy,C,2022-10-21,[],0,0,buy,AA,,28.343,52.637,4.8,buy,2028-09-26,2.049,18.046,13071.61,88756.09,3.06,-30.66,,0,15:34:15,00,Y,N,0,0,Y,,2023-03-30 开始转股,计算使用2.1年期 评级为AA 债参考YTM：1.6589,N,19.7,全价：236.890 最后更新：15:34:15,,,,0,"{'G': '本次（2026年7月23日至2026年8月12日）不提前赎回，自2027年2月12日后首个交易日重新计算', 'M': ''}",0,0,N,,,buy,buy
2026-09-09 12:25:31,118007,山石转债,sszz,137.939,-1.25,688030,山石网科,sswk,16.25,-2.29,4.11,16.5,98.49,0,40.06,178.0,710402,计算机,shkc,C,2022-04-21,[],0,0,buy,A-,,11.55,21.45,9.1,buy,2028-03-22,1.534,2.671,1701.35,4659.07,4.61,-10.58,,0,14:59:41,00,Y,N,1,1,Y,转股价下修1次，成功下修1次,2022-09-28 开始转股,计算使用1.6年期 评级为A- 债参考YTM：8.9559,N,2.674,全价：137.939 最后更新：14:59:41,,,,1,{'M': ''},0,0,N,,,buy,buy
2026-09-09 12:25:31,123284,强达转债,qdzz,214.0,5.99,301628,强达电路,qddl,128.32,9.26,8.11,84.04,152.69,169,40.15,254.15,270202,电子,szcy,C,2026-09-03,[],0,0,buy,AA-,,58.828,109.252,14.7,buy,2032-08-18,5.945,5.5,395438.96,80809.15,330.91,-10.19,,0,15:34:39,00,Y,N,0,0,Y,,未到转股期；2027-02-25 开始转股,计算使用6.0年期 评级为AA- 债参考YTM：2.9550,N,5.5,全价：214.000 最后更新：15:34:39,,,,0,{'M': ''},0,0,N,,,buy,buy
2026-09-09 12:25:31,113636,甬金转债,yjzz,130.651,-0.48,603995,甬金股份,yjgf,24.43,0.53,1.47,26.22,93.17,0,40.22,170.87,230501,钢铁,shmb,C,2021-12-31,[],0,0,buy,AA-,,18.354,34.086,11.3,buy,2027-12-13,1.26,9.995,2938.49,8058.5,2.25,-8.2,,0,14:59:31,00,Y,N,1,1,Y,转股价下修1次，成功下修1次,2022-06-17 开始转股,计算使用1.3年期 评级为AA- 债参考YTM：1.8829,N,10.0,全价：130.651 最后更新：14:59:31,,,,1,{'M': ''},0,0,N,,,buy,buy
2026-09-09 12:25:31,118056,路维转债,lwzz,263.486,0.9,688401,路维光电,lwgd,66.28,2.7,7.87,35.29,187.82,0,40.29,303.78,270103,电子,shkc,C,2025-07-10,[],0,0,buy,AA-,,24.703,45.877,4.8,buy,2031-06-11,4.756,6.144,38087.46,34644.6,23.25,-16.05,,0,14:59:58,00,Y,N,0,0,Y,,2025-12-17 开始转股,计算使用4.8年期 评级为AA- 债参考YTM：2.3494,N,6.15,全价：263.486 最后更新：14:59:58,,,,0,"{'G': '本次（2026年7月30日至2026年8月19日)不提前赎回，以2026年11月20日为首个交易日重新计算', 'M': ''}",0,0,N,,,buy,buy
2026-09-09 12:25:31,113704,春风转债,cfzz,167.951,-1.91,603129,春风动力,cfdl,289.2,-0.44,5.54,241.7,119.65,98,40.37,208.32,280402,汽车,shmb,C,2026-07-07,[],0,0,buy,AA+,,169.19,314.21,4.9,buy,2032-06-09,5.753,21.79,11988.03,17490.15,3.27,-6.84,,0,14:59:57,00,Y,N,0,0,Y,,未到转股期；2026-12-16 开始转股,计算使用5.8年期 评级为AA+ 债参考YTM：1.8845,N,21.79,全价：167.951 最后更新：14:59:57,,,,0,{'M': ''},0,0,N,,,buy,buy
2026-09-09 12:25:31,127034,绿茵转债,lyzz,119.6,-0.33,002887,绿茵生态,lyst,9.55,-0.1,1.24,11.21,85.19,0,40.39,159.99,760104,环保,szmb,C,2021-05-28,[],0,0,buy,AA-,,7.847,14.573,20.6,buy,2027-04-30,0.638,4.279,3360.58,2646.12,6.6,-8.68,,0,15:34:21,00,Y,N,0,0,Y,,2021-11-11 开始转股,计算使用0.7年期 评级为AA- 债参考YTM：1.7404,N,7.12,全价：119.600 最后更新：15:34:21,,,,1,[],0,0,N,,,buy,buy
2026-09-09 12:25:31,123088,威唐转债,wtzz,115.3,-0.32,300707,威唐工业,wtgy,12.29,0.74,1.9,14.97,82.1,0,40.44,155.74,280205,汽车,szcy,C,2021-01-06,[],0,0,buy,A+,,10.479,19.461,17.0,buy,2026-12-15,0.266,3.004,1678.2,3498.05,4.84,-0.99,,0,15:34:15,00,Y,N,1,1,Y,转股价下修1次，成功下修1次,2021-06-21 开始转股,计算使用0.3年期 评级为A+ 债参考YTM：4.0408,N,3.014,全价：115.300 最后更新：15:34:15,,,,1,[],0,0,N,,,buy,buy
2026-09-09 12:25:31,118059,颀中转债,qzzz,181.969,-0.89,688352,颀中科技,qzkj,17.7,1.61,3.65,13.7,129.2,0,40.85,222.82,270107,电子,shkc,C,2025-11-21,[],0,0,buy,AA+,,9.59,17.81,13.1,buy,2031-11-03,5.153,8.498,44930.06,52584.34,28.48,-9.03,,0,14:59:58,00,Y,N,0,0,Y,,2026-05-07 开始转股,计算使用5.2年期 评级为AA+ 债参考YTM：1.7931,N,8.5,全价：181.969 最后更新：14:59:58,,,,0,"{'G': '本次（2026年5月26日至2026年6月17日）不提前赎回，以2026年12月18日为首个交易日重新计算', 'M': ''}",0,0,N,,,buy,buy
2026-09-09 12:25:31,113048,晶科转债,jkzz,113.926,-0.47,601778,晶科科技,jkkj,3.6,-0.83,0.81,4.47,80.54,0,41.46,155.39,410106,公用事业,shmb,C,2021-05-31,[],0,0,buy,AA,,3.129,5.811,11.5,buy,2027-04-23,0.619,15.453,3841.79,24732.45,2.18,-2.74,,0,14:59:59,00,Y,N,2,2,Y,转股价下修2次，成功下修2次,2021-10-29 开始转股,计算使用0.7年期 评级为AA 债参考YTM：1.5444,N,30.0,全价：113.926 最后更新：14:59:59,,,,1,{'M': ''},0,0,N,,,buy,buy
2026-09-09 12:25:31,127046,百润转债,brzz,126.2,-1.03,002568,百润股份,brgf,18.13,-1.25,3.68,20.33,89.18,0,41.51,167.71,340602,食品饮料,szmb,C,2021-11-03,[],0,0,buy,AA,,14.231,26.429,8.2,buy,2027-09-29,1.055,11.274,3707.14,17783.6,2.6,-11.03,,0,15:34:18,00,Y,N,1,1,Y,转股价下修1次，成功下修1次,2022-04-12 开始转股,计算使用1.1年期 评级为AA 债参考YTM：1.6050,N,11.28,全价：126.200 最后更新：15:34:18,,,,0,{'M': ''},0,0,N,,,buy,buy
2026-09-09 12:25:31,123144,裕兴转债,yxzz,126.935,-1.08,300305,裕兴股份,yxgf,6.27,-0.32,1.19,7.0,89.57,0,41.71,168.65,220505,基础化工,szcy,C,2022-04-27,[],0,0,buy,A,,4.9,9.1,29.8,buy,2028-04-11,1.589,5.997,1884.09,3475.55,2.47,-5.06,,0,15:34:30,00,Y,N,2,2,Y,转股价下修2次，成功下修2次,2022-10-17 开始转股,计算使用1.6年期 评级为A 债参考YTM：6.6059,N,6.0,全价：126.935 最后更新：15:34:30,,,,1,[],0,0,N,,,buy,buy
2026-09-09 12:25:31,118013,道通转债,dtzz,166.88,-2.21,688208,道通科技,dtkj,25.27,-1.71,4.31,21.48,117.64,0,41.85,208.73,710103,计算机,shkc,C,2022-07-28,[],0,0,buy,AA,,15.036,27.924,7.6,buy,2028-07-08,1.83,12.796,7384.03,17172.73,3.42,-17.86,,0,14:59:57,00,Y,N,0,0,Y,,2023-01-16 开始转股,计算使用1.9年期 评级为AA 债参考YTM：1.6474,N,12.8,全价：166.880 最后更新：14:59:57,,,,1,{'M': ''},0,0,N,,,buy,buy
2026-09-09 12:25:31,127113,长高转债,cgzz,160.651,-1.13,002452,长高电气,cgdq,12.36,1.39,2.44,10.92,113.19,5,41.93,202.58,630801,电力设备,szmb,C,2026-03-30,[],0,0,buy,AA-,,7.644,14.196,11.9,buy,2032-03-09,5.501,7.586,3378.98,20775.82,2.76,-6.16,,0,15:34:27,00,Y,N,0,0,Y,,未到转股期；2026-09-14 开始转股,计算使用5.6年期 评级为AA- 债参考YTM：2.6985,N,7.59,全价：160.651 最后更新：15:34:27,,,,0,{'M': ''},0,0,N,,,buy,buy
2026-09-09 12:25:31,123157,科蓝转债,klzz,135.595,-2.73,300663,科蓝软件,klrj,8.4,-5.19,12.19,8.8,95.46,0,42.05,177.65,710401,计算机,szcy,C,2022-09-20,[],0,0,buy,A-,,6.16,11.44,6.1,buy,2028-08-30,1.975,2.34,6471.97,26367.6,20.28,-7.15,,0,15:34:36,00,Y,N,2,2,Y,转股价下修2次，成功下修2次,2023-03-06 开始转股,计算使用2.0年期 评级为A- 债参考YTM：9.0027,N,4.946,全价：135.595 最后更新：15:34:36,,,,1,{'M': ''},0,0,N,,,buy,buy
2026-09-09 12:25:31,111003,聚合转债,jhzz,140.633,-0.84,605166,聚合顺,jhs,8.76,0.11,1.37,8.85,98.98,0,42.08,182.71,220406,基础化工,shmb,C,2022-04-19,[],0,0,buy,AA-,,6.195,11.505,7.4,buy,2028-03-07,1.493,2.035,2476.7,2709.92,8.64,-11.51,,0,14:59:03,00,Y,N,2,2,Y,转股价下修2次，成功下修2次,2022-09-13 开始转股,计算使用1.5年期 评级为AA- 债参考YTM：1.9059,N,2.04,全价：140.633 最后更新：14:59:03,,,,1,[],0,0,N,,,buy,buy
2026-09-09 12:25:31,127049,希望转2,xwz2,111.3,-0.23,000876,新希望,xxw,7.91,1.15,1.87,10.13,78.09,0,42.54,153.84,110402,农林牧渔,szmb,C,2021-11-29,[],0,0,buy,AAA,,7.091,13.169,22.9,buy,2027-11-02,1.148,81.434,5489.81,85548.08,0.6,-2.15,,0,15:34:21,00,Y,N,1,1,Y,转股价下修1次，成功下修1次,2022-05-09 开始转股,计算使用1.2年期 评级为AAA 债参考YTM：1.5241,N,81.5,全价：111.300 最后更新：15:34:21,,,,1,{'M': ''},0,0,N,,,buy,buy
2026-09-09 12:25:31,111022,锡振转债,xzzz,167.783,1.29,605319,无锡振华,wxzh,26.35,3.41,3.19,22.39,117.69,0,42.57,210.35,280205,汽车,shmb,C,2025-07-14,[],0,0,buy,AA-,,15.673,29.107,5.7,buy,2031-06-18,4.775,5.197,33144.71,10999.73,37.79,-7.28,,0,15:00:00,00,Y,N,0,0,Y,,2025-12-24 开始转股,计算使用4.8年期 评级为AA- 债参考YTM：2.3494,N,5.2,全价：167.783 最后更新：15:00:00,,,,0,[],0,0,N,,,buy,buy
2026-09-09 12:25:31,113649,丰山转债,fszz,130.763,-1.37,603810,丰山集团,fsjt,12.48,-1.58,1.28,13.61,91.7,0,42.6,173.36,220803,基础化工,shmb,C,2022-07-21,[],0,0,buy,AA-,,9.527,17.693,22.2,buy,2028-06-27,1.8,4.577,1700.5,2763.8,2.83,-6.05,,0,14:59:51,00,Y,N,0,0,Y,,2023-01-03 开始转股,计算使用1.8年期 评级为AA- 债参考YTM：1.9312,N,5.0,全价：130.763 最后更新：14:59:51,,,,1,[],0,0,N,,,buy,buy
2026-09-09 12:25:31,113070,渝水转债,yszz,124.858,-0.39,601158,重庆水务,cqsw,4.13,0.0,1.16,4.72,87.5,0,42.69,167.55,760102,环保,shmb,C,2025-02-13,[],0,0,buy,AAA,,3.304,6.136,9.6,buy,2031-01-09,4.337,18.998,3663.91,2222.91,1.54,-2.65,,0,14:59:35,00,Y,N,0,0,Y,,2025-07-15 开始转股,计算使用4.4年期 评级为AAA 债参考YTM：1.6994,N,19.0,全价：124.858 最后更新：14:59:35,,,,0,{'M': ''},0,0,N,,,buy,buy
2026-09-09 12:25:31,123211,阳谷转债,ygzz,152.848,-0.46,300121,阳谷华泰,yght,9.84,0.92,1.21,9.2,106.96,0,42.91,195.76,220604,基础化工,szcy,C,2023-08-14,[],0,0,buy,AA-,,6.44,11.96,7.3,buy,2029-07-27,2.882,3.07,1929.34,10441.1,4.1,-8.57,,0,15:34:30,00,Y,N,0,0,Y,,2024-02-02 开始转股,计算使用2.9年期 评级为AA- 债参考YTM：2.1613,N,6.5,全价：152.848 最后更新：15:34:30,,,,0,[],0,0,N,,,buy,buy
2026-09-09 12:25:31,118060,瑞可转债,rkzz,185.197,-0.38,688800,瑞可达,rkd,67.68,2.08,7.75,52.53,128.84,0,43.74,228.94,270401,电子,shkc,C,2025-12-12,[],0,0,buy,AA-,,36.771,68.289,5.1,buy,2031-11-14,5.184,9.999,28491.9,99389.23,15.22,-8.78,,0,14:59:51,00,Y,N,0,0,Y,,2026-05-20 开始转股,计算使用5.2年期 评级为AA- 债参考YTM：2.4187,N,10.0,全价：185.197 最后更新：14:59:51,,,,0,"{'G': '本次（2026年5月20日至2026年6月9日）不提前赎回，以2026年12月10日为首个交易日重新计算', 'M': ''}",0,0,N,,,buy,buy
2026-09-09 12:25:31,123255,鼎龙转债,dlzz,345.0,1.17,300054,鼎龙股份,dlgf,67.72,0.25,11.46,28.38,238.62,0,44.58,389.58,270601,电子,szcy,C,2025-04-23,[],0,0,buy,AA,,19.866,36.894,1.8,buy,2031-04-02,4.564,9.095,54669.03,101000.38,17.37,-21.73,,0,15:33:57,00,Y,N,0,0,Y,,2025-10-09 开始转股,计算使用4.6年期 评级为AA 债参考YTM：1.8434,N,9.1,全价：345.000 最后更新：15:33:57,,,,0,"{'G': '本次（2026年4月8日至2026年4月28日）不提前赎回，自2026年10月28日后首个交易日重新计算', 'M': ''}",0,0,N,,,buy,buy
2026-09-09 12:25:31,123225,翔丰转债,xfzz,135.45,-0.81,300890,翔丰华,xfh,25.56,-0.97,1.33,27.34,93.49,0,44.88,180.33,630702,电力设备,szcy,C,2023-10-26,[],0,0,buy,AA-,,19.138,35.542,20.0,buy,2029-10-10,3.088,5.585,3857.43,6562.57,5.09,-3.27,,0,15:34:51,00,Y,N,1,1,Y,转股价下修1次，成功下修1次,2024-04-16 开始转股,计算使用3.1年期 评级为AA- 债参考YTM：2.2065,N,8.0,全价：135.450 最后更新：15:34:51,,,,0,{'M': ''},0,0,N,,,buy,buy
2026-09-09 12:25:31,113680,丽岛转债,ldzz,135.357,-0.42,603937,丽岛新材,ldxc,12.04,1.52,1.58,12.91,93.26,0,45.14,180.5,240301,有色金属,shmb,C,2023-12-05,[],0,0,buy,A+,,9.037,16.783,11.9,buy,2029-11-15,3.186,2.998,1781.51,4272.45,4.38,-3.72,,0,14:59:57,00,Y,N,0,0,Y,,2024-05-21 开始转股,计算使用3.2年期 评级为A+ 债参考YTM：4.5740,N,3.0,全价：135.357 最后更新：14:59:57,,,,0,[],0,0,N,,,buy,buy
2026-09-09 12:25:31,123171,共同转债,gtzz,127.059,-0.74,300966,共同药业,gtyy,23.63,0.17,3.43,27.08,87.26,0,45.61,172.67,370101,医药生物,szcy,C,2022-12-16,[],0,0,buy,A-,,18.956,35.204,21.0,buy,2028-11-28,2.222,3.799,2054.55,5219.98,4.23,-2.86,,0,15:34:21,00,Y,N,0,0,Y,,2023-06-02 开始转股,计算使用2.3年期 评级为A- 债参考YTM：9.0592,N,3.8,全价：127.059 最后更新：15:34:21,,,,0,{'M': ''},0,0,N,,,buy,buy
2026-09-09 12:25:31,113699,金25转债,j25zz,191.724,0.4,603979,金诚信,jcx,82.55,2.67,4.16,62.8,131.45,0,45.85,237.57,240302,有色金属,shmb,C,2025-10-27,[],0,0,buy,AA,,43.96,81.64,3.9,buy,2031-09-26,5.049,19.998,12275.04,63079.85,3.21,-9.65,,0,14:59:57,00,Y,N,0,0,Y,,2026-04-10 开始转股,计算使用5.1年期 评级为AA 债参考YTM：1.8569,N,20.0,全价：191.724 最后更新：14:59:57,,,,0,{'M': ''},0,0,N,,,buy,buy
2026-09-09 12:25:31,123172,漱玉转债,syzz,126.85,-1.51,301017,漱玉平民,sypm,12.88,-3.01,2.48,14.91,86.39,0,46.84,173.69,370403,医药生物,szcy,C,2023-01-06,[],0,0,buy,AA-,,10.437,19.383,23.9,buy,2028-12-15,2.269,7.96,3087.07,5814.87,3.04,-3.76,,0,15:34:30,00,Y,N,1,1,Y,转股价下修1次，成功下修1次,2023-06-21 开始转股,计算使用2.3年期 评级为AA- 债参考YTM：2.0078,N,8.0,全价：126.850 最后更新：15:34:30,,,,0,{'M': ''},0,0,N,,,buy,buy
2026-09-09 12:25:31,113665,汇通转债,htzz,127.179,-1.0,603176,汇通集团,htjt,5.46,-0.73,2.32,6.31,86.53,0,46.98,174.16,620306,建筑装饰,shmb,C,2023-01-11,[],0,0,buy,A+,,4.417,8.203,14.3,buy,2028-12-15,2.269,3.596,1582.62,1574.78,3.45,-3.13,,0,14:59:20,00,Y,N,1,1,Y,转股价下修1次，成功下修1次,2023-06-21 开始转股,计算使用2.3年期 评级为A+ 债参考YTM：4.3592,N,3.6,全价：127.179 最后更新：14:59:20,,,,0,[],0,0,N,,,buy,buy
2026-09-09 12:25:31,110092,三房转债,sfzz,74.028,-0.2,600370,*ST三房,sfx,1.52,-0.65,1.19,3.02,50.33,0,47.08,121.11,220401,基础化工,shmb,C,2023-02-07,[],0,0,buy,A-,,2.114,3.926,34.6,buy,2029-01-06,2.329,21.185,1927.35,1859.69,1.23,20.56,,0,14:59:52,00,Y,N,0,0,Y,,2023-07-12 开始转股,计算使用2.4年期 评级为A- 债参考YTM：9.0828,N,25.0,全价：74.028 最后更新：14:59:52,,,,0,[],0,0,N,,,buy,buy
2026-09-09 12:25:31,110103,申能转债,snzz,146.065,-0.43,600642,申能股份,sngf,8.67,1.76,1.03,8.74,99.2,145,47.24,193.31,410101,公用事业,shmb,C,2026-08-13,[],0,0,buy,AAA,,6.118,11.362,4.7,buy,2032-07-23,5.874,20.0,5000.03,15211.87,1.71,-4.74,,0,15:00:00,00,Y,N,0,0,Y,,未到转股期；2027-02-01 开始转股,计算使用5.9年期 评级为AAA 债参考YTM：1.7763,N,20.0,全价：146.065 最后更新：15:00:00,,,,0,{'M': ''},0,0,N,,,buy,buy
2026-09-09 12:25:31,118039,煜邦转债,ybzz,129.999,-0.88,688597,煜邦电力,ybdl,6.44,-1.08,2.64,7.3,88.22,0,47.36,177.36,630804,电力设备,shkc,C,2023-08-15,[],0,0,buy,A,,5.11,9.49,19.0,buy,2029-07-20,2.863,4.104,2370.91,2701.13,4.43,-3.73,,0,14:59:39,00,Y,N,0,0,Y,,2024-01-26 开始转股,计算使用2.9年期 评级为A 债参考YTM：6.8614,N,4.108,全价：129.999 最后更新：14:59:39,,,,0,{'M': ''},0,0,N,,,buy,buy
2026-09-09 12:25:31,118012,微芯转债,wxzz,145.13,-1.78,688321,微芯生物,wxsw,24.93,-1.89,4.33,25.34,98.38,0,47.52,192.65,370102,医药生物,shkc,C,2022-07-28,[],0,0,buy,A+,,17.738,32.942,4.5,buy,2028-07-05,1.822,4.995,3531.12,16298.23,4.84,-11.08,,0,14:59:51,00,Y,N,0,0,Y,,2023-01-11 开始转股,计算使用1.9年期 评级为A+ 债参考YTM：4.2894,N,5.0,全价：145.130 最后更新：14:59:51,,,,1,{'M': ''},0,0,N,,,buy,buy
2026-09-09 12:25:31,111018,华康转债,hkzz,127.487,0.41,605077,华康股份,hkgf,13.78,9.98,1.31,15.97,86.29,0,47.75,175.24,220315,基础化工,shmb,C,2024-01-15,[],0,0,buy,AA-,,11.179,20.761,31.6,buy,2029-12-25,3.296,13.022,24456.9,45773.81,14.74,-2.03,,0,14:59:58,00,Y,N,0,0,Y,,2024-07-01 开始转股,计算使用3.3年期 评级为AA- 债参考YTM：2.2368,N,13.03,全价：127.487 最后更新：14:59:58,,,,0,[],0,0,N,,,buy,buy
2026-09-09 12:25:31,113610,灵康转债,lkzz,120.857,-0.5,603669,灵康药业,lkyy,5.29,-1.12,5.88,6.5,81.39,0,48.5,169.36,370102,医药生物,shmb,C,2020-12-22,[],0,0,buy,A-,,4.55,8.45,6.7,buy,2026-12-01,0.227,2.528,871.67,5962.85,2.86,-21.57,,0,14:59:38,00,Y,N,3,2,Y,转股价下修3次，成功下修2次,2021-06-07 开始转股,计算使用0.3年期 评级为A- 债参考YTM：8.7408,Y,5.25,全价：120.857 最后更新：14:59:38,,,"按下调到底估算
股东大会：2026-09-16
预估转股价：5.69
预估转股价值：92.97
期权价值：5.75
理论价值：118.58
理论偏离度：1.88%",1,[],0,0,N,,,buy,buy
2026-09-09 12:25:31,127114,宜化转债,yhzz,138.35,-1.18,000422,湖北宜化,hbyh,13.08,0.77,1.84,14.08,92.9,117,48.93,187.28,220801,基础化工,szmb,C,2026-07-14,[],0,0,buy,AA+,,9.856,18.304,23.6,buy,2032-06-25,5.797,33.0,7737.2,51888.71,1.69,-3.37,,0,15:34:24,00,Y,Y,0,0,Y,,未到转股期；2027-01-04 开始转股,计算使用5.8年期 评级为AA+ 债参考YTM：1.8845,N,33.0,全价：138.350 最后更新：15:34:24,,,,0,{'M': ''},0,0,N,,,buy,buy
2026-09-09 12:25:31,110093,神马转债,smzz,122.245,-0.49,600810,神马股份,smgf,6.62,-0.15,0.77,8.08,81.93,0,49.21,171.46,220406,基础化工,shmb,C,2023-04-20,[],0,0,buy,AAA,,5.656,10.504,31.0,buy,2029-03-16,2.518,22.197,3576.26,3462.9,1.31,-4.17,,0,14:59:15,00,Y,N,0,0,Y,,2023-09-22 开始转股,计算使用2.6年期 评级为AAA 债参考YTM：1.6048,N,30.0,全价：122.245 最后更新：14:59:15,,,,0,{'M': ''},0,0,N,,,buy,buy
2026-09-09 12:25:31,127059,永东转2,ydz2,129.65,-0.27,002753,永东股份,ydgf,7.04,2.18,1.12,8.11,86.81,0,49.36,179.01,220603,基础化工,szmb,C,2022-05-16,[],0,0,buy,AA-,,5.677,10.543,18.2,buy,2028-04-08,1.581,3.79,2416.16,6469.64,4.91,-6.36,,0,15:34:48,00,Y,N,0,0,Y,,2022-10-14 开始转股,计算使用1.6年期 评级为AA- 债参考YTM：1.9147,N,3.8,全价：129.650 最后更新：15:34:48,,,,1,[],0,0,N,,,buy,buy
2026-09-09 12:25:31,123155,中陆转债,zlzz,131.85,-0.82,301040,中环海陆,zhhl,28.0,-0.99,3.71,31.76,88.16,0,49.56,181.41,630602,电力设备,szcy,C,2022-08-31,[],0,0,buy,A+,,22.232,41.288,13.6,buy,2028-08-12,1.926,3.6,1898.21,3851.45,3.99,-5.88,,0,15:34:27,00,Y,N,0,0,Y,,2023-02-20 开始转股,计算使用2.0年期 评级为A+ 债参考YTM：4.3027,N,3.6,全价：131.850 最后更新：15:34:27,,,,1,{'M': ''},0,0,N,,,buy,buy
2026-09-09 12:25:31,123183,海顺转债,hszz,126.3,-1.36,300501,海顺新材,hsxc,9.81,-1.01,1.89,11.63,84.35,0,49.73,176.03,360206,轻工制造,szcy,C,2023-04-20,[],0,0,buy,AA-,,8.141,15.119,23.3,buy,2029-03-23,2.537,6.329,2791.42,2805.46,3.48,-2.53,,0,15:34:39,00,Y,N,2,0,Y,转股价下修2次，成功下修0次,2023-10-09 开始转股,计算使用2.6年期 评级为AA- 债参考YTM：2.0827,N,6.33,全价：126.300 最后更新：15:34:39,,,,0,[],0,0,N,,,buy,buy
2026-09-09 12:25:31,127054,双箭转债,sjzz,123.55,-0.84,002381,双箭股份,sjgf,5.7,-0.87,1.1,6.96,81.9,0,50.86,174.41,220602,基础化工,szmb,C,2022-03-15,[],0,0,buy,AA,,4.872,9.048,27.6,buy,2028-02-11,1.425,5.136,1443.77,2596.5,2.27,-5.68,,0,15:34:42,00,Y,N,0,0,Y,,2022-08-17 开始转股,计算使用1.5年期 评级为AA 债参考YTM：1.6347,N,5.136,全价：123.550 最后更新：15:34:42,,,,1,[],0,0,N,,,buy,buy
2026-09-09 12:25:31,127093,章鼓转债,zgzz,128.236,-0.47,002598,ST章鼓,sdzg,7.05,-0.84,1.64,8.3,84.94,0,50.97,179.21,640106,机械设备,szmb,C,2023-11-03,[],0,0,buy,A,,5.81,10.79,12.0,buy,2029-10-17,3.107,2.425,232.74,789.07,0.75,-2.68,,0,15:34:33,00,Y,N,1,1,Y,转股价下修1次，成功下修1次,2024-04-23 开始转股,计算使用3.2年期 评级为A 债参考YTM：6.9240,N,2.43,全价：128.236 最后更新：15:34:33,,,,0,[],0,0,N,,,buy,buy
2026-09-09 12:25:31,123142,申昊转债,shzz,123.9,-0.7,300853,申昊科技,shkj,27.6,0.33,6.66,33.71,81.88,0,51.33,175.23,630803,电力设备,szcy,C,2022-04-11,[],0,0,buy,BBB+,,23.597,43.823,13.6,buy,2028-03-18,1.523,5.494,1479.91,7779.44,2.16,-6.29,,0,15:34:27,00,Y,N,0,0,Y,,2022-09-26 开始转股,计算使用1.6年期 评级为BBB+ 债参考YTM：12.0667,N,5.5,全价：123.900 最后更新：15:34:27,,,,1,[],0,0,N,,,buy,buy
2026-09-09 12:25:31,123277,玉禾转债,yhzz,140.9,-1.2,300815,玉禾田,yht,15.17,-0.59,1.29,16.35,92.78,148,51.86,192.76,760103,环保,szcy,C,2026-08-14,[],0,0,buy,AA,,11.445,21.255,25.2,buy,2032-07-28,5.888,15.0,3908.16,4893.53,1.84,-3.64,,0,15:34:03,00,Y,N,0,0,Y,,未到转股期；2027-02-04 开始转股,计算使用5.9年期 评级为AA 债参考YTM：2.0241,N,15.0,全价：140.900 最后更新：15:34:03,,,,0,[],0,0,N,,,buy,buy
2026-09-09 12:25:31,123195,蓝晓转02,lxz02,172.567,2.72,300487,蓝晓科技,lxkj,67.18,6.63,7.24,59.21,113.46,0,52.09,224.66,220504,基础化工,szcy,C,2023-05-08,[],0,0,buy,A+,,41.447,76.973,2.6,buy,2029-04-17,2.606,5.455,251893.55,64710.67,251.38,-13.44,,0,15:34:45,00,Y,N,0,0,Y,,2023-10-23 开始转股,计算使用2.7年期 评级为A+ 债参考YTM：4.4600,N,5.461,全价：172.567 最后更新：15:34:45,,,,0,{'M': ''},0,0,N,,,buy,buy
2026-09-09 12:25:31,123261,普联转债,plzz,157.974,-1.47,300996,普联软件,plrj,13.42,-1.61,4.13,12.97,103.47,0,52.68,210.65,710401,计算机,szcy,C,2025-12-22,[],0,0,buy,A+,,9.079,16.861,5.4,buy,2031-12-05,5.241,2.428,12424.31,24863.01,32.32,-5.36,,0,15:34:48,00,Y,N,0,0,Y,,2026-06-11 开始转股,计算使用5.3年期 评级为A+ 债参考YTM：4.8235,N,2.43,全价：157.974 最后更新：15:34:48,,,,0,{'M': ''},0,0,N,,,buy,buy
2026-09-09 12:25:31,113678,中贝转债,zbzz,139.313,-0.61,603220,中贝通信,zbtx,18.65,0.59,2.57,20.47,91.11,0,52.91,192.22,730103,通信,shmb,C,2023-11-21,[],0,0,buy,A+,,14.329,26.611,5.1,buy,2029-10-19,3.112,5.106,5335.68,41075.12,7.49,-4.67,,0,14:59:58,00,Y,N,2,1,Y,转股价下修2次，成功下修1次,2024-04-25 开始转股,计算使用3.2年期 评级为A+ 债参考YTM：4.5740,N,5.17,全价：139.313 最后更新：14:59:58,,,,0,{'M': ''},0,0,N,,,buy,buy
2026-09-09 12:25:31,113694,清源转债,qyzz,128.226,-0.74,603628,清源股份,qygf,10.77,0.09,2.2,12.85,83.81,0,52.99,181.22,630504,电力设备,shmb,C,2025-04-25,[],0,0,buy,A+,,8.995,16.705,17.1,buy,2031-04-08,4.581,4.999,2756.45,11586.09,4.29,-1.7,,0,14:59:50,00,Y,N,0,0,Y,,2025-10-14 开始转股,计算使用4.6年期 评级为A+ 债参考YTM：4.6957,N,5.0,全价：128.226 最后更新：14:59:50,,,,0,{'M': ''},0,0,N,,,buy,buy
2026-09-09 12:25:31,123119,康泰转2,ktz2,122.1,-0.57,300601,康泰生物,ktsw,12.49,-2.12,1.45,15.69,79.61,0,53.38,175.48,370303,医药生物,szcy,C,2021-08-05,[],0,0,buy,AA,,10.983,20.397,17.8,buy,2027-07-15,0.847,19.99,2294.32,15369.58,0.94,-9.8,,0,15:34:21,00,Y,N,6,5,Y,转股价下修6次，成功下修5次,2022-01-21 开始转股,计算使用0.9年期 评级为AA 债参考YTM：1.5710,N,20.0,全价：122.100 最后更新：15:34:21,,,,1,{'M': ''},0,0,N,,,buy,buy
2026-09-09 12:25:31,113688,国检转债,gjzz,134.838,-0.53,603060,国检集团,gjjt,5.67,0.35,2.23,6.45,87.91,0,53.39,188.23,460802,社会服务,shmb,C,2024-11-12,[],0,0,buy,AA+,,4.515,8.385,17.5,buy,2030-10-17,4.107,7.997,1989.22,2677.17,1.84,-3.6,,0,14:59:42,00,Y,N,0,0,Y,,2025-04-23 开始转股,计算使用4.2年期 评级为AA+ 债参考YTM：1.7674,N,8.0,全价：134.838 最后更新：14:59:42,,,,0,[],0,0,N,,,buy,buy
2026-09-09 12:25:31,111004,明新转债,mxzz,131.802,-1.66,605068,明新旭腾,mxxt,20.89,-4.26,2.05,24.37,85.72,0,53.76,185.56,280202,汽车,shmb,C,2022-04-25,[],0,0,buy,AA-,,17.059,31.681,19.8,buy,2028-03-30,1.556,6.715,6090.11,20051.13,6.84,-7.22,,0,14:59:43,00,Y,N,1,0,Y,转股价下修1次，成功下修0次,2022-10-10 开始转股,计算使用1.6年期 评级为AA- 债参考YTM：1.9147,Y,6.73,全价：131.802 最后更新：14:59:43,,,"按下调到底估算
股东大会：2026-09-14
预估转股价：21.23
预估转股价值：98.40
期权价值：28.33
理论价值：142.47
理论偏离度：-8.09%",1,[],0,0,N,,,buy,buy
2026-09-09 12:25:31,127089,晶澳转债,jazz,119.4,-1.08,002459,晶澳科技,jakj,6.89,-0.43,1.15,8.9,77.42,0,54.23,173.63,630502,电力设备,szmb,C,2023-08-04,[],0,0,buy,AA+,,6.23,11.57,39.3,buy,2029-07-18,2.858,89.588,8154.59,12727.15,0.76,-2.47,,0,15:34:24,00,Y,N,3,2,Y,转股价下修3次，成功下修2次,2024-01-24 开始转股,计算使用2.9年期 评级为AA+ 债参考YTM：1.6792,N,89.603,全价：119.400 最后更新：15:34:24,,,,0,{'M': ''},0,0,N,,,buy,buy
2026-09-09 12:25:31,123237,佳禾转债,jhzz,131.891,-1.4,300793,佳禾智能,jhzn,11.42,-1.38,1.54,13.46,84.84,0,55.45,187.34,270504,电子,szcy,C,2024-01-24,[],0,0,buy,A+,,9.422,17.498,10.2,buy,2030-01-04,3.323,4.314,4548.94,3679.44,7.95,-3.53,,0,15:34:51,00,Y,N,1,1,Y,转股价下修1次，成功下修1次,2024-07-10 开始转股,计算使用3.4年期 评级为A+ 债参考YTM：4.6001,N,10.04,全价：131.891 最后更新：15:34:51,,,,0,[],0,0,N,,,buy,buy
2026-09-09 12:25:31,123224,宇邦转债,ybzz,136.141,-1.63,301266,宇邦新材,ybxc,24.59,-3.49,1.87,28.17,87.29,0,55.96,192.1,630504,电力设备,szcy,C,2023-10-18,[],0,0,buy,A+,,19.719,36.621,8.5,buy,2029-09-19,3.03,2.848,7511.03,21878.72,19.29,-4.25,,0,15:34:42,00,Y,N,1,1,Y,转股价下修1次，成功下修1次,2024-03-25 开始转股,计算使用3.1年期 评级为A+ 债参考YTM：4.5567,N,5.0,全价：136.141 最后更新：15:34:42,,,,0,{'M': ''},0,0,N,,,buy,buy
2026-09-09 12:25:31,123278,合金转债,hjzz,181.329,-0.43,300697,电工合金,dghj,16.25,1.82,5.41,13.98,116.24,149,56.0,237.33,240302,有色金属,szcy,C,2026-08-18,[],0,0,buy,AA-,,9.786,18.174,10.1,buy,2032-07-29,5.89,5.45,228197.15,83251.97,219.64,-7.7,,0,15:34:12,00,Y,N,0,0,Y,,未到转股期；2027-02-05 开始转股,计算使用5.9年期 评级为AA- 债参考YTM：2.9089,N,5.45,全价：181.329 最后更新：15:34:12,,,,0,[],0,0,N,,,buy,buy
2026-09-09 12:25:31,127108,太能转债,tnzz,123.176,-0.56,000591,太阳能,tyn,4.37,0.46,0.7,5.54,78.88,0,56.15,179.33,410106,公用事业,szmb,C,2025-04-16,[],0,0,buy,AA+,,3.878,7.202,17.3,buy,2031-03-28,4.551,29.498,3773.34,16444.18,1.04,-1.16,,0,15:34:39,00,Y,N,0,0,Y,,2025-10-09 开始转股,计算使用4.6年期 评级为AA+ 债参考YTM：1.7756,N,29.5,全价：123.176 最后更新：15:34:39,,,,0,{'M': ''},0,0,N,,,buy,buy
2026-09-09 12:25:31,127111,金威转债,jwzz,136.887,-1.73,002626,金达威,jdw,16.79,-1.41,2.44,19.19,87.49,0,56.45,193.34,340407,食品饮料,szmb,C,2025-09-08,[],0,0,buy,AA,,13.433,24.947,12.6,buy,2031-08-20,4.948,12.924,5106.54,5953.28,2.86,-3.78,,0,15:34:42,00,Y,N,0,0,Y,,2026-02-26 开始转股,计算使用5.0年期 评级为AA 债参考YTM：1.8506,N,12.924,全价：136.887 最后更新：15:34:42,,,,0,{'M': ''},0,0,N,,,buy,buy
2026-09-09 12:25:31,123271,通合转债,thzz,164.2,0.24,300491,通合科技,thkj,34.59,3.07,5.08,33.18,104.25,90,57.51,221.71,630306,电力设备,szcy,C,2026-06-17,[],0,0,buy,AA,,23.226,43.134,9.6,buy,2032-06-01,5.732,5.219,6759.17,34286.6,7.85,-5.56,,0,15:34:09,00,Y,N,0,0,Y,,未到转股期；2026-12-08 开始转股,计算使用5.8年期 评级为AA 债参考YTM：2.0009,N,5.22,全价：164.200 最后更新：15:34:09,,,,0,[],0,0,N,,,buy,buy
2026-09-09 12:25:31,113696,伯25转债,b25zz,133.218,-1.09,603596,伯特利,btl,29.67,-1.53,3.16,35.16,84.39,0,57.87,191.09,280203,汽车,shmb,C,2025-07-28,[],0,0,buy,AA,,24.612,45.708,10.5,buy,2031-07-01,4.811,28.017,6706.55,40792.03,1.79,-3.33,,0,14:59:06,00,Y,N,0,0,Y,,2026-01-07 开始转股,计算使用4.9年期 评级为AA 债参考YTM：1.8480,N,28.02,全价：133.218 最后更新：14:59:06,,,,0,{'M': ''},0,0,N,,,buy,buy
2026-09-09 12:25:31,110102,江农转债,jnzz,153.957,-1.28,600389,江山股份,jsgf,20.06,0.55,2.01,20.64,97.19,133,58.41,212.37,220803,基础化工,shmb,C,2026-08-05,[],0,0,buy,AA+,,14.448,26.832,13.7,buy,2032-07-13,5.847,11.85,13451.3,56791.04,7.32,-5.28,,0,14:59:54,00,Y,N,0,0,Y,,未到转股期；2027-01-20 开始转股,计算使用5.9年期 评级为AA+ 债参考YTM：1.9005,N,11.85,全价：153.957 最后更新：14:59:54,,,,0,{'M': ''},0,0,N,,,buy,buy
2026-09-09 12:25:31,110100,龙建转债,ljzz,118.096,-0.83,600853,龙建股份,ljgf,3.42,-0.58,0.82,4.59,74.51,0,58.5,176.6,620306,建筑装饰,shmb,C,2026-02-12,[],0,0,buy,AA,,3.213,5.967,28.8,buy,2032-01-22,5.373,10.0,2606.94,2954.08,2.2,-0.75,,0,14:59:44,00,Y,N,0,0,Y,,2026-07-28 开始转股,计算使用5.4年期 评级为AA 债参考YTM：1.9049,N,10.0,全价：118.096 最后更新：14:59:44,,,,0,[],1,0,N,,,buy,buy
2026-09-09 12:25:31,127104,姚记转债,yjzz,140.039,-2.66,002605,姚记科技,yjkj,17.21,-2.71,1.88,19.58,87.9,0,59.32,199.36,720401,传媒,szmb,C,2024-02-26,[],0,0,buy,A+,,13.706,25.454,10.0,buy,2030-01-24,3.378,5.822,4243.71,12289.84,5.17,-4.51,,0,15:34:30,00,Y,N,0,0,N,2026-09-04 至 2026-09-11 期间暂停转股：权益分派,2024-07-31 开始转股;2026-09-04 至 2026-09-11 期间暂停转股：权益分派,计算使用3.4年期 评级为A+ 债参考YTM：4.6001,N,5.831,全价：140.039 最后更新：15:34:30,,,,0,[],0,0,N,,,buy,buy
2026-09-09 12:25:31,118061,茂莱转债,mlzz,181.722,-0.04,688502,茂莱光学,mlgx,414.1,-1.05,17.49,364.15,113.72,0,59.8,241.52,270303,电子,shkc,C,2025-12-10,[],0,0,buy,A+,,254.905,473.395,2.6,buy,2031-11-21,5.203,5.622,21476.11,49577.16,20.8,-8.1,,0,14:59:57,00,Y,N,0,0,Y,,2026-05-27 开始转股,计算使用5.3年期 评级为A+ 债参考YTM：4.8235,N,5.625,全价：181.722 最后更新：14:59:57,,,,0,"{'G': '本次（2026年5月28日至2026年7月3日）不提前赎回，以2026年10月4日首个交易日重新计算', 'M': ''}",0,0,N,,,buy,buy
2026-09-09 12:25:31,123280,三鑫转债,sxzz,150.201,-2.78,300453,三鑫医疗,sxyl,9.12,-0.44,3.19,9.72,93.83,154,60.08,210.28,370503,医药生物,szcy,C,2026-08-19,[],0,0,buy,AA-,,7.776,12.636,15.9,buy,2032-08-03,5.904,5.3,8078.22,4600.2,10.04,-4.66,,0,15:34:06,00,Y,N,0,0,Y,,未到转股期；2027-02-10 开始转股,计算使用6.0年期 评级为AA- 债参考YTM：2.9550,N,5.3,全价：150.201 最后更新：15:34:06,,,,0,[],1,0,N,,,buy,buy
2026-09-09 12:25:31,123279,天脉转债,tmzz,173.315,1.0,301626,苏州天脉,sztm,289.42,7.27,20.82,267.33,108.26,152,60.09,233.41,270504,电子,szcy,C,2026-08-18,[],0,0,buy,AA,,187.131,347.529,5.2,buy,2032-08-02,5.901,7.86,22351.21,83752.71,16.45,-6.99,,0,15:34:36,00,Y,N,0,0,Y,,未到转股期；2027-02-08 开始转股,计算使用6.0年期 评级为AA 债参考YTM：2.0450,N,7.86,全价：173.315 最后更新：15:34:36,,,,0,{'M': ''},0,0,N,,,buy,buy
2026-09-09 12:25:31,123268,本川转债,bczz,193.371,-2.98,300964,本川智能,bczn,65.2,3.95,6.17,54.13,120.45,44,60.54,253.91,270202,电子,szcy,C,2026-05-07,[],0,0,buy,AA-,,37.891,70.369,8.3,buy,2032-04-16,5.606,4.69,194477.01,99585.78,200.5,-8.42,,0,15:34:09,00,Y,N,0,0,Y,,未到转股期；2026-10-23 开始转股,计算使用5.7年期 评级为AA- 债参考YTM：2.7761,N,4.69,全价：193.371 最后更新：15:34:09,,,,0,{'M': ''},0,0,N,,,buy,buy
2026-09-09 12:25:31,111020,合顺转债,hszz,133.584,-0.75,605166,聚合顺,jhs,8.76,0.11,1.37,10.53,83.19,0,60.58,194.16,220406,基础化工,shmb,C,2024-08-15,[],0,0,buy,AA-,,7.371,13.689,12.3,buy,2030-07-22,3.869,3.38,1309.59,2709.92,2.89,-2.93,,0,14:58:01,00,Y,N,0,0,Y,,2025-01-27 开始转股,计算使用3.9年期 评级为AA- 债参考YTM：2.2870,N,3.38,全价：133.584 最后更新：14:58:01,,,,0,[],0,0,N,,,buy,buy
2026-09-09 12:25:31,123071,天能转债,tnzz,114.768,0.0,300569,天能重工,tnzg,4.74,0.0,0.9,6.68,70.96,0,61.74,176.51,630602,电力设备,szcy,C,2020-11-25,[],0,0,buy,AA-,,4.676,8.684,14.4,buy,2026-10-21,0.115,6.936,5117.93,3634.36,6.43,1.8,,0,15:34:12,00,Y,N,2,2,Y,转股价下修2次，成功下修2次,2021-04-27 开始转股,计算使用0.2年期 评级为AA- 债参考YTM：1.6854,N,7.0,全价：114.768 最后更新：15:34:12,,,,1,"{'R': '到期\n最后交易日：2026-10-15\n最后转股日：2026-10-20\n', 'M': ''}",0,0,N,,,buy,buy
2026-09-09 12:25:31,123122,富瀚转债,fhzz,124.3,-0.56,300613,富瀚微,fhw,70.3,-0.48,5.01,91.5,76.83,0,61.78,186.08,270104,电子,szcy,C,2021-08-24,[],0,0,buy,A+,,64.05,118.95,3.8,buy,2027-08-06,0.907,5.801,3400.03,71629.77,4.7,-8.28,,0,15:34:18,00,Y,N,0,0,Y,,2022-02-14 开始转股,计算使用1.0年期 评级为A+ 债参考YTM：4.1602,N,5.812,全价：124.300 最后更新：15:34:18,,,,1,{'M': ''},0,0,N,,,buy,buy
2026-09-09 12:25:31,123269,金杨转债,jyzz,145.396,-1.14,301210,金杨精密,jygf,25.25,-0.86,2.0,28.24,89.41,47,62.61,208.01,630701,电力设备,szcy,C,2026-05-11,[],0,0,buy,AA-,,19.768,36.712,63.2,buy,2032-04-19,5.614,9.8,1846.9,6350.28,1.29,-4.34,,0,15:34:51,00,Y,N,0,0,Y,,未到转股期；2026-10-26 开始转股,计算使用5.7年期 评级为AA- 债参考YTM：2.7761,N,9.8,全价：145.396 最后更新：15:34:51,,,,0,{'M': ''},0,0,N,,,buy,buy
2026-09-09 12:25:31,127102,浙建转债,zjzz,120.2,-0.78,002761,浙江建投,zjjt,7.49,-1.71,0.95,10.17,73.65,0,63.21,183.41,620101,建筑装饰,szmb,C,2024-01-16,[],0,0,buy,AA+,,7.119,13.221,12.3,buy,2029-12-25,3.296,9.951,2914.92,11172.66,2.43,-2.19,,0,15:34:36,00,Y,N,0,0,Y,,2024-07-01 开始转股,计算使用3.3年期 评级为AA+ 债参考YTM：1.7059,N,10.0,全价：120.200 最后更新：15:34:36,,,,0,{'M': ''},0,0,N,,,buy,buy
2026-09-09 12:25:31,113706,金帝转债,jdzz,179.987,-1.17,603270,金帝股份,jdgf,33.76,2.3,3.12,30.62,110.26,104,63.25,243.24,640108,机械设备,shmb,C,2026-07-10,[],0,0,buy,AA,,21.434,39.806,40.6,buy,2032-06-14,5.767,9.7,131360.91,59404.99,73.91,-7.04,,0,14:59:59,00,Y,N,0,0,Y,,未到转股期；2026-12-22 开始转股,计算使用5.8年期 评级为AA 债参考YTM：2.0009,N,9.7,全价：179.987 最后更新：14:59:59,,,,0,{'M': ''},0,0,N,,,buy,buy
2026-09-09 12:25:31,123281,中仑转债,zlzz,154.018,-1.35,301565,中仑新材,zlxc,19.1,0.26,3.1,20.28,94.18,156,63.53,217.55,220505,基础化工,szcy,C,2026-08-24,[],0,0,buy,AA-,,14.196,26.364,43.7,buy,2032-08-05,5.91,10.68,6003.96,5705.48,3.62,-5.06,,0,15:34:12,00,Y,N,0,0,Y,,未到转股期；2027-02-12 开始转股,计算使用6.0年期 评级为AA- 债参考YTM：2.9550,N,10.68,全价：154.018 最后更新：15:34:12,,,,0,{'M': ''},0,0,N,,,buy,buy
2026-09-09 12:25:31,123214,东宝转债,dbzz,128.381,-0.84,300239,东宝生物,dbsw,5.19,-0.76,1.76,6.62,78.4,0,63.75,192.13,370304,医药生物,szcy,C,2023-08-18,[],0,0,buy,A+,,4.634,8.606,14.9,buy,2029-07-31,2.893,4.549,1052.88,2500.64,1.8,-3.35,,0,15:34:27,00,Y,N,0,0,Y,,2024-02-05 开始转股,计算使用2.9年期 评级为A+ 债参考YTM：4.5114,N,4.55,全价：128.381 最后更新：15:34:27,,,,0,[],0,0,N,,,buy,buy
2026-09-09 12:25:31,111024,澳弘转债,ahzz,144.857,-0.38,605058,澳弘电子,ahdz,29.64,3.17,2.36,33.54,88.37,0,63.92,208.78,270202,电子,shmb,C,2026-01-16,[],0,0,buy,AA-,,23.478,43.602,13.7,buy,2031-12-11,5.258,5.799,3672.35,10424.63,4.34,-4.24,,0,14:59:44,00,Y,N,0,0,Y,,2026-06-17 开始转股,计算使用5.3年期 评级为AA- 债参考YTM：2.4750,N,5.8,全价：144.857 最后更新：14:59:44,,,,0,[],0,0,N,,,buy,buy
2026-09-09 12:25:31,127115,炬申转债,jszz,177.975,-2.21,001202,炬申股份,jsgf,14.7,-0.41,2.79,13.56,108.41,145,64.17,242.15,420802,交通运输,szmb,C,2026-08-13,[],0,0,buy,AA-,,9.492,17.628,22.1,buy,2032-07-23,5.874,3.8,8856.06,2666.86,12.98,-7.42,,0,15:34:42,00,Y,N,0,0,Y,,未到转股期；2027-02-01 开始转股,计算使用5.9年期 评级为AA- 债参考YTM：2.9089,N,3.8,全价：177.975 最后更新：15:34:42,,,,0,[],0,0,N,,,buy,buy
2026-09-09 12:25:31,123272,中汽转债,zqzz,147.198,-2.4,301215,中汽股份,zqgf,5.37,-1.47,2.36,5.99,89.65,99,64.19,211.39,280303,汽车,szcy,C,2026-06-30,[],0,0,buy,AA+,,4.193,7.787,14.6,buy,2032-06-10,5.756,10.39,3604.1,5149.37,2.34,-4.62,,0,15:33:54,00,Y,N,0,0,Y,,未到转股期；2026-12-17 开始转股,计算使用5.8年期 评级为AA+ 债参考YTM：1.8845,N,10.39,全价：147.198 最后更新：15:33:54,,,,0,{'M': ''},1,0,N,,,buy,buy
2026-09-09 12:25:31,113652,伟22转债,w22zz,122.7,-0.44,603568,伟明环保,wmhb,14.21,-0.56,1.98,19.02,74.71,0,64.23,186.93,760103,环保,shmb,C,2022-08-12,[],0,0,buy,AA,,13.314,24.726,5.1,buy,2028-07-22,1.869,14.766,3398.01,5279.79,1.87,-4.9,,0,14:59:53,00,Y,N,2,2,Y,转股价下修2次，成功下修2次,2023-01-30 开始转股,计算使用1.9年期 评级为AA 债参考YTM：1.6474,N,14.77,全价：122.700 最后更新：14:59:53,,,,1,{'M': ''},0,0,N,,,buy,buy
2026-09-09 12:25:31,113674,华设转债,hszz,127.664,0.06,603018,华设集团,hsjt,5.4,-0.37,0.82,6.95,77.7,0,64.31,191.97,620601,建筑装饰,shmb,C,2023-08-15,[],0,0,buy,AA,,4.865,9.035,9.0,buy,2029-07-21,2.866,3.999,3002.25,3362.33,5.88,-3.55,,0,14:58:02,00,Y,N,0,0,Y,,2024-01-29 开始转股,计算使用2.9年期 评级为AA 债参考YTM：1.7092,N,4.0,全价：127.664 最后更新：14:58:02,,,,0,{'M': ''},0,0,N,,,buy,buy
2026-09-09 12:25:31,110090,爱迪转债,adzz,127.908,-1.4,600933,爱柯迪,akd,13.33,-1.48,1.41,17.15,77.73,0,64.56,192.47,280203,汽车,shmb,C,2022-10-28,[],0,0,buy,AA,,12.005,22.295,12.0,buy,2028-09-23,2.041,15.695,6485.3,9318.45,3.22,-6.08,,0,14:59:59,00,Y,N,0,0,Y,,2023-03-29 开始转股,计算使用2.1年期 评级为AA 债参考YTM：1.6589,N,15.7,全价：127.908 最后更新：14:59:59,,,,0,{'M': ''},0,0,N,,,buy,buy
2026-09-09 12:25:31,127112,尚太转债,stzz,150.88,-0.28,001301,尚太科技,stkj,54.93,3.6,2.78,60.02,91.52,0,64.86,215.74,630702,电力设备,szmb,C,2026-02-05,[],0,0,buy,AA+,,42.014,78.026,12.1,buy,2032-01-16,5.356,17.339,3684.12,33839.16,1.41,-5.57,,0,15:34:21,00,Y,N,0,0,Y,,2026-07-22 开始转股,计算使用5.4年期 评级为AA+ 债参考YTM：1.8182,N,17.34,全价：150.880 最后更新：15:34:21,,,,0,{'M': ''},0,0,N,,,buy,buy
2026-09-09 12:25:31,110095,双良转债,slzz,116.047,-0.63,600481,双良节能,sljn,4.35,-0.46,2.2,6.18,70.39,0,64.87,180.92,630501,电力设备,shmb,C,2023-09-08,[],0,0,buy,AA-,,4.326,8.034,15.6,buy,2029-08-08,2.915,14.006,2916.98,12969.32,1.79,-0.83,,0,14:59:50,00,Y,N,2,2,Y,转股价下修2次，成功下修2次,2024-02-19 开始转股,计算使用3.0年期 评级为AA- 债参考YTM：2.1855,N,26.0,全价：116.047 最后更新：14:59:50,,,,0,{'M': ''},0,0,N,,,buy,buy
2026-09-09 12:25:31,123253,永贵转债,ygzz,132.15,-0.79,300351,永贵电器,ygdq,14.57,0.62,2.28,18.19,80.1,0,64.98,197.13,640501,机械设备,szcy,C,2025-03-28,[],0,0,buy,AA-,,12.733,23.647,25.5,buy,2031-03-13,4.51,9.797,3723.31,7957.29,2.87,-2.6,,0,15:34:45,00,Y,N,0,0,Y,,2025-09-19 开始转股,计算使用4.6年期 评级为AA- 债参考YTM：2.3398,N,9.8,全价：132.150 最后更新：15:34:45,,,,0,{'M': ''},0,0,N,,,buy,buy
2026-09-09 12:25:31,110086,精工转债,jgzz,121.426,-0.55,600496,精工钢构,jggg,3.36,-0.3,0.72,4.57,73.52,0,65.15,186.58,620401,建筑装饰,shmb,C,2022-05-23,[],0,0,buy,AA,,3.199,5.941,29.9,buy,2028-04-22,1.619,19.999,2205.94,7608.21,0.91,-3.97,,0,14:59:58,00,Y,N,0,0,Y,,2022-10-28 开始转股,计算使用1.7年期 评级为AA 债参考YTM：1.6406,N,20.0,全价：121.426 最后更新：14:59:58,,,,1,{'M': ''},0,0,N,,,buy,buy
2026-09-09 12:25:31,111026,派克转债,pkzz,166.239,0.27,605123,派克新材,pkxc,82.3,2.49,2.1,81.8,100.61,156,65.23,231.47,650201,国防军工,shmb,C,2026-08-25,[],0,0,buy,AA,,57.26,106.34,15.8,buy,2032-08-05,5.91,15.8,22470.8,14139.43,8.51,-6.31,,0,15:00:00,00,Y,N,0,0,Y,,未到转股期；2027-02-12 开始转股,计算使用6.0年期 评级为AA 债参考YTM：2.0450,N,15.8,全价：166.239 最后更新：15:00:00,,,,0,{'M': ''},0,0,N,,,buy,buy
2026-09-09 12:25:31,123216,科顺转债,kszz,121.58,-1.46,300737,科顺股份,ksgf,4.83,-1.63,1.35,6.61,73.07,0,66.39,187.97,610304,建筑材料,szcy,C,2023-08-23,[],0,0,buy,AA-,,4.627,8.593,51.2,buy,2029-08-04,2.904,21.959,8027.68,7938.84,3.0,-0.95,,0,15:34:30,00,Y,N,2,1,Y,转股价下修2次，成功下修1次,2024-02-19 开始转股,计算使用3.0年期 评级为AA- 债参考YTM：2.1855,N,21.98,全价：121.580 最后更新：15:34:30,,,,0,{'M': ''},0,0,N,,,buy,buy
2026-09-09 12:25:31,113698,凯众转债,kzzz,135.4,-1.33,603037,凯众股份,kzgf,10.2,-0.68,2.73,12.55,81.28,0,66.6,202.0,280203,汽车,shmb,C,2025-09-10,[],0,0,buy,AA-,,8.785,16.315,11.3,buy,2031-08-15,4.934,3.079,2472.77,2895.48,5.93,-3.56,,0,14:59:41,00,Y,N,0,0,Y,,2026-02-24 开始转股,计算使用5.0年期 评级为AA- 债参考YTM：2.3606,N,3.08,全价：135.400 最后更新：14:59:41,,,,0,[],0,0,N,,,buy,buy
2026-09-09 12:25:31,110101,宝钛转债,btzz,146.868,-1.31,600456,宝钛股份,btgf,27.21,1.34,1.8,30.98,87.83,112,67.22,214.09,240504,有色金属,shmb,C,2026-07-16,[],0,0,buy,AAA,,21.686,40.274,26.9,buy,2032-06-23,5.792,35.0,5397.9,13652.04,1.04,-4.99,,0,14:59:48,00,Y,N,0,0,Y,,未到转股期；2026-12-30 开始转股,计算使用5.8年期 评级为AAA 债参考YTM：1.7666,N,35.0,全价：146.868 最后更新：14:59:48,,,,0,{'M': ''},0,0,N,,,buy,buy
2026-09-09 12:25:31,118072,鼎通转债,dtzz,179.84,-1.19,688668,鼎通科技,dtkj,263.5,-0.55,16.24,246.0,107.11,112,67.9,247.74,730204,通信,shkc,C,2026-07-17,[],0,0,buy,A+,,172.2,319.8,2.5,buy,2032-06-23,5.792,9.3,45462.69,100962.0,26.49,-7.12,,0,14:59:58,00,Y,N,1,1,Y,转股价下修1次，成功下修1次,未到转股期；2026-12-30 开始转股,计算使用5.8年期 评级为A+ 债参考YTM：5.1974,N,9.3,全价：179.840 最后更新：14:59:58,,,,0,{'M': ''},0,0,N,,,buy,buy
2026-09-09 12:25:31,111025,圣泉转债,sqzz,153.002,-1.23,605589,圣泉集团,sqjt,38.54,0.18,3.02,42.38,90.94,114,68.25,221.25,220504,基础化工,shmb,C,2026-07-21,[],0,0,buy,AA+,,29.666,55.094,7.7,buy,2032-06-24,5.795,25.0,14411.52,64029.06,3.74,-5.37,,0,14:59:59,00,Y,N,1,1,Y,转股价下修1次，成功下修1次,未到转股期；2027-01-01 开始转股,计算使用5.8年期 评级为AA+ 债参考YTM：1.8845,N,25.0,全价：153.002 最后更新：14:59:59,,,,0,{'M': ''},0,0,N,,,buy,buy
2026-09-09 12:25:31,111021,奥锐转债,arzz,134.097,-0.79,605116,奥锐特,art,19.54,-2.01,2.97,24.6,79.43,0,68.82,202.92,370101,医药生物,shmb,C,2024-08-15,[],0,0,buy,AA-,,17.22,31.98,10.2,buy,2030-07-26,3.88,8.121,1217.91,3837.28,1.12,-3.02,,0,14:58:08,00,Y,N,0,0,Y,,2025-02-05 开始转股,计算使用3.9年期 评级为AA- 债参考YTM：2.2870,N,8.121,全价：134.097 最后更新：14:58:08,,,,0,[],0,0,N,,,buy,buy
2026-09-09 12:25:31,113705,豪26转债,h26zz,137.095,-2.07,603809,豪能股份,hngf,8.7,-0.91,2.05,10.74,81.01,104,69.24,206.34,280203,汽车,shmb,C,2026-07-10,[],0,0,buy,AA-,,6.444,13.962,22.5,buy,2032-06-14,5.767,18.0,3979.84,5087.62,1.6,-3.23,,0,14:59:51,00,Y,N,0,0,Y,,未到转股期；2026-12-22 开始转股,计算使用5.8年期 评级为AA- 债参考YTM：2.8477,N,18.0,全价：137.095 最后更新：14:59:51,,,,0,{'M': ''},0,0,N,,,buy,buy
2026-09-09 12:25:31,127069,小熊转债,xxzz,126.175,-0.6,002959,小熊电器,xxdq,32.55,-1.24,1.71,43.71,74.47,0,69.44,195.62,330301,家用电器,szmb,C,2022-09-07,[],0,0,buy,AA-,,30.597,56.823,11.1,buy,2028-08-12,1.926,5.041,1168.75,1536.52,1.84,-3.68,,0,15:34:15,00,Y,N,1,1,Y,转股价下修1次，成功下修1次,2023-02-20 开始转股,计算使用2.0年期 评级为AA- 债参考YTM：1.9527,N,5.36,全价：126.175 最后更新：15:34:15,,,,1,{'M': ''},0,0,N,,,buy,buy
2026-09-09 12:25:31,123252,银邦转债,ybzz,132.2,-1.14,300337,银邦股份,ybgf,9.74,-0.71,4.38,12.5,77.92,0,69.66,201.86,240301,有色金属,szcy,C,2025-01-24,[],0,0,buy,AA-,,8.75,16.25,11.3,buy,2031-01-06,4.329,7.846,1738.68,10672.56,1.67,-2.71,,0,15:33:54,00,Y,N,0,0,Y,,2025-07-14 开始转股,计算使用4.4年期 评级为AA- 债参考YTM：2.3293,N,7.85,全价：132.200 最后更新：15:33:54,,,,0,{'M': ''},0,0,N,,,buy,buy
2026-09-09 12:25:31,113692,保隆转债,blzz,128.592,-0.38,603197,保隆科技,blkj,29.66,-0.8,1.88,39.16,75.74,0,69.78,198.37,280205,汽车,shmb,C,2024-11-27,[],0,0,buy,AA,,27.412,50.908,22.2,buy,2030-10-31,4.145,13.897,4084.16,5549.53,2.29,-3.03,,0,14:59:45,00,Y,N,0,0,Y,,2025-05-06 开始转股,计算使用4.2年期 评级为AA 债参考YTM：1.8317,N,13.9,全价：128.592 最后更新：14:59:45,,,,0,{'M': ''},0,0,N,,,buy,buy
2026-09-09 12:25:31,118031,天23转债,t23zz,120.05,-0.63,688599,天合光能,thgn,11.3,-1.31,1.28,16.0,70.63,0,69.98,190.03,630502,电力设备,shkc,C,2023-03-15,[],0,0,buy,AA,,11.2,20.8,22.1,buy,2029-02-13,2.433,58.512,8576.39,24422.72,1.22,-0.61,,0,14:59:36,00,Y,N,2,2,Y,转股价下修2次，成功下修2次,2023-08-17 开始转股,计算使用2.5年期 评级为AA 债参考YTM：1.6840,N,88.648,全价：120.050 最后更新：14:59:36,,,,0,{'M': ''},0,0,N,,,buy,buy
2026-09-09 12:25:31,113682,益丰转债,yfzz,123.359,-0.52,603939,益丰药房,yfyf,22.81,0.75,2.28,31.44,72.55,0,70.03,193.39,370403,医药生物,shmb,C,2024-03-27,[],0,0,buy,AA,,22.008,40.872,6.5,buy,2030-03-04,3.485,17.968,7443.06,12421.49,3.36,-2.21,,0,14:58:46,00,Y,N,0,0,Y,,2024-09-09 开始转股,计算使用3.5年期 评级为AA 债参考YTM：1.7621,N,17.97,全价：123.359 最后更新：14:58:46,,,,0,{'M': ''},0,0,N,,,buy,buy
2026-09-09 12:25:31,127072,博实转债,bszz,134.549,0.0,002698,博实股份,bsgf,11.7,-2.42,2.87,14.81,79.0,0,70.31,204.86,640701,机械设备,szmb,C,2022-11-03,[],0,0,buy,AA,,10.367,19.253,4.6,buy,2028-09-22,2.038,4.498,3453.87,12998.91,5.71,-7.44,,0,15:34:51,00,Y,N,0,0,Y,,2023-03-28 开始转股,计算使用2.1年期 评级为AA 债参考YTM：1.6589,N,4.5,全价：134.549 最后更新：15:34:51,,,,0,{'M': ''},0,0,N,,,buy,buy
2026-09-09 12:25:31,113647,禾丰转债,hfzz,118.344,-0.85,603609,禾丰股份,hfgf,6.99,-0.14,0.96,10.09,69.28,0,70.83,189.17,110402,农林牧渔,shmb,C,2022-05-18,[],0,0,buy,AA,,7.063,13.117,23.2,buy,2028-04-22,1.619,14.669,2643.89,5898.88,1.52,-2.42,,0,14:59:23,00,Y,N,0,0,Y,,2022-10-28 开始转股,计算使用1.7年期 评级为AA 债参考YTM：1.6406,N,15.0,全价：118.344 最后更新：14:59:23,,,,0,{'M': ''},0,0,N,,,buy,buy
2026-09-09 12:25:31,123283,丰茂转债,fmzz,157.3,57.3,301459,丰茂股份,fmgf,32.77,0.96,2.67,35.59,92.08,168,70.84,228.14,220602,基础化工,szcy,C,2026-09-09,[],0,0,buy,AA-,,24.913,46.267,71.0,buy,2032-08-17,5.943,6.075,2253.67,3825.3,2.46,-5.37,,0,15:34:48,00,Y,N,0,0,Y,,未到转股期；2027-02-24 开始转股,计算使用6.0年期 评级为AA- 债参考YTM：2.9550,N,6.075,全价：157.300 最后更新：15:34:48,,,,0,{'M': ''},1,0,N,,,buy,buy
2026-09-09 12:25:31,123282,震裕转02,zyz02,145.38,-2.88,300953,震裕科技,zykj,89.12,-1.62,4.43,104.85,85.0,166,71.04,216.42,630701,电力设备,szcy,C,2026-09-02,[],0,0,buy,AA-,,73.395,136.305,12.1,buy,2032-08-16,5.94,18.8,34933.79,27777.61,12.66,-4.1,,0,15:34:03,00,Y,N,0,0,Y,,未到转股期；2027-02-22 开始转股,计算使用6.0年期 评级为AA- 债参考YTM：2.9550,N,18.8,全价：145.380 最后更新：15:34:03,,,,0,{'M': ''},1,0,N,,,buy,buy
2026-09-09 12:25:31,113053,隆22转债,l22zz,115.901,-0.68,601012,隆基绿能,ljln,11.83,-0.42,1.84,17.5,67.6,0,71.45,187.35,630502,电力设备,shmb,C,2022-02-17,[],0,0,buy,AAA,,12.25,22.75,7.8,buy,2028-01-05,1.323,69.951,8027.89,49484.0,0.99,-4.86,,0,15:00:00,00,Y,N,1,1,Y,转股价下修1次，成功下修1次,2022-07-11 开始转股,计算使用1.4年期 评级为AAA 债参考YTM：1.5331,N,70.0,全价：115.901 最后更新：15:00:00,,,,1,{'M': ''},0,0,N,,,buy,buy
2026-09-09 12:25:31,123263,鼎捷转债,djzz,149.05,-1.52,300378,鼎捷数智,djsz,37.71,-1.33,4.08,43.42,86.85,0,71.62,220.67,710402,计算机,szcy,C,2025-12-31,[],0,0,buy,AA,,30.394,56.446,8.1,buy,2031-12-15,5.269,8.275,10304.08,46328.15,8.31,-5.1,,0,15:34:00,00,Y,N,0,0,Y,,2026-06-22 开始转股,计算使用5.3年期 评级为AA 债参考YTM：1.8850,N,8.28,全价：149.050 最后更新：15:34:00,,,,0,{'M': ''},0,0,N,,,buy,buy
2026-09-09 12:25:31,113703,翔26转债,x26zz,135.774,-0.77,603112,华翔股份,hxgf,17.33,1.82,2.04,21.94,78.99,96,71.89,207.66,330601,家用电器,shmb,C,2026-07-07,[],0,0,buy,AA-,,15.358,28.522,14.0,buy,2032-06-07,5.748,13.01,5348.16,32073.0,3.03,-2.78,,0,14:59:58,00,Y,N,0,0,Y,,未到转股期；2026-12-14 开始转股,计算使用5.8年期 评级为AA- 债参考YTM：2.8477,N,13.01,全价：135.774 最后更新：14:59:58,,,,0,[],0,0,N,,,buy,buy
2026-09-09 12:25:31,123276,久吾转02,jwz02,160.88,-1.98,300631,久吾高科,jwgk,22.05,-0.9,2.02,23.78,92.73,138,73.5,234.38,760201,环保,szcy,C,2026-08-04,[],0,0,buy,A+,,16.646,30.914,11.2,buy,2032-07-19,5.863,3.0,5595.59,4484.3,11.52,-5.09,,0,15:34:00,00,Y,N,0,0,Y,,未到转股期；2027-01-25 开始转股,计算使用5.9年期 评级为A+ 债参考YTM：5.2588,N,3.0,全价：160.880 最后更新：15:34:00,,,,0,[],0,0,N,,,buy,buy
2026-09-09 12:25:31,123220,易瑞转债,yrzz,128.39,-0.7,300942,易瑞生物,yrsw,6.51,-2.4,3.02,8.85,73.56,0,74.54,202.93,370504,医药生物,szcy,C,2023-09-06,[],0,0,buy,A+,,6.195,11.505,11.0,buy,2029-08-18,2.943,2.907,699.42,2505.47,1.87,-2.78,,0,15:34:48,00,Y,N,1,1,Y,转股价下修1次，成功下修1次,2024-02-26 开始转股,计算使用3.0年期 评级为A+ 债参考YTM：4.5355,N,3.28,全价：128.390 最后更新：15:34:48,,,,0,{'M': ''},0,0,N,,,buy,buy
2026-09-09 12:25:31,123223,九典转02,jdz02,130.698,-1.0,300705,九典制药,jdzy,10.88,-2.42,2.1,14.55,74.78,0,74.78,205.48,370102,医药生物,szcy,C,2023-10-13,[],0,0,buy,A+,,10.185,18.915,5.1,buy,2029-09-15,3.019,2.052,720.24,6425.2,2.68,-3.41,,0,15:34:42,00,Y,N,0,0,Y,,2024-03-21 开始转股,计算使用3.1年期 评级为A+ 债参考YTM：4.5567,N,3.6,全价：130.698 最后更新：15:34:42,,,,0,[],0,0,N,,,buy,buy
2026-09-09 12:25:31,127083,山路转债,slzz,118.021,-0.66,000498,山东路桥,sdlq,4.98,-0.2,0.28,7.42,67.12,0,75.85,193.87,620306,建筑装饰,szmb,C,2023-04-26,[],0,0,buy,AAA,,5.194,9.646,67.0,buy,2029-03-24,2.54,48.359,1717.02,2784.32,0.3,-2.32,,0,15:34:30,00,Y,N,0,0,Y,,2023-10-09 开始转股,计算使用2.6年期 评级为AAA 债参考YTM：1.6048,N,48.36,全价：118.021 最后更新：15:34:30,,,,0,{'M': ''},0,0,N,,,buy,buy
2026-09-09 12:25:31,123229,艾录转债,alzz,130.811,-0.27,301062,上海艾录,shal,7.38,0.54,2.36,9.95,74.17,0,76.36,207.17,360205,轻工制造,szcy,C,2023-11-20,[],0,0,buy,A,,6.965,12.935,8.8,buy,2029-10-23,3.123,1.779,619.93,3289.42,2.66,-2.71,,0,15:33:54,00,Y,N,0,0,Y,,2024-04-29 开始转股,计算使用3.2年期 评级为A 债参考YTM：6.9240,N,5.0,全价：130.811 最后更新：15:33:54,,,,0,{'M': ''},0,0,N,,,buy,buy
2026-09-09 12:25:31,118020,芳源转债,fyzz,118.673,-0.59,688148,芳源股份,fygf,6.05,-0.82,5.79,9.0,67.22,0,76.54,195.21,630702,电力设备,shkc,C,2022-11-07,[],0,0,buy,BBB,,6.3,11.7,20.8,buy,2028-09-23,2.041,6.417,2270.95,7726.26,2.98,3.09,,0,14:59:52,00,Y,N,3,2,Y,转股价下修3次，成功下修2次,2023-03-29 开始转股,计算使用2.1年期 评级为BBB 债参考YTM：15.2746,Y,6.42,全价：118.673 最后更新：14:59:52,,,"按下调到底估算
股东大会：2026-09-22
预估转股价：6.39
预估转股价值：94.68
期权价值：36.02
理论价值：131.35
理论偏离度：-10.68%",0,{'M': ''},0,0,N,,,buy,buy
2026-09-09 12:25:31,123168,惠云转债,hyzz,127.31,-0.69,300891,惠云钛业,hyty,7.74,0.52,2.4,10.74,72.07,0,76.65,203.96,220206,基础化工,szcy,C,2022-12-14,[],0,0,buy,AA-,,7.518,13.962,19.0,buy,2028-11-23,2.208,4.899,1717.67,3875.88,2.75,-3.19,,0,15:34:30,00,Y,N,0,0,Y,,2023-05-29 开始转股,计算使用2.3年期 评级为AA- 债参考YTM：2.0078,N,4.9,全价：127.310 最后更新：15:34:30,,,,0,{'M': ''},0,0,N,,,buy,buy
2026-09-09 12:25:31,123193,海能转债,hnzz,124.944,-0.99,300787,海能实业,hnsy,10.18,-0.59,2.07,14.5,70.21,0,77.97,202.91,270504,电子,szcy,C,2023-05-09,[],0,0,buy,AA-,,10.15,18.85,30.0,buy,2029-04-13,2.595,5.997,1341.4,2737.67,1.78,-2.05,,0,15:34:42,00,Y,N,0,0,Y,,2023-10-19 开始转股,计算使用2.6年期 评级为AA- 债参考YTM：2.0827,N,6.0,全价：124.944 最后更新：15:34:42,,,,0,[],0,0,N,,,buy,buy
2026-09-09 12:25:31,113709,振26转债,z26zz,169.655,-0.71,603067,振华股份,zhgf,38.4,2.13,6.7,40.33,95.21,149,78.18,247.84,220203,基础化工,shmb,C,2026-08-17,[],0,0,buy,AA,,28.231,52.429,3.0,buy,2032-07-29,5.89,8.78,69626.91,155170.99,45.52,-6.66,,0,15:00:00,00,Y,N,0,0,Y,,未到转股期；2027-02-05 开始转股,计算使用5.9年期 评级为AA 债参考YTM：2.0241,N,8.78,全价：169.655 最后更新：15:00:00,,,,0,{'M': ''},0,0,N,,,buy,buy
2026-09-09 12:25:31,118074,特宝转债,tbzz,168.556,-2.51,688278,特宝生物,tbsw,55.37,-2.17,7.28,58.56,94.55,147,78.27,246.83,370304,医药生物,shkc,C,2026-08-13,[],0,0,buy,AA+,,40.992,76.128,6.8,buy,2032-07-27,5.885,15.33,5414.87,8129.91,2.08,-6.85,,0,14:59:59,00,Y,N,0,0,Y,,未到转股期；2027-02-03 开始转股,计算使用5.9年期 评级为AA+ 债参考YTM：1.9005,N,15.33,全价：168.556 最后更新：14:59:59,,,,0,{'M': ''},0,0,N,,,buy,buy
2026-09-09 12:25:31,113648,巨星转债,jxzz,117.398,-0.79,603477,巨星农牧,jxnm,16.24,1.25,3.13,24.84,65.38,0,79.57,196.97,110702,农林牧渔,shmb,C,2022-05-17,[],0,0,buy,AA-,,17.388,32.292,10.9,buy,2028-04-25,1.627,8.997,3501.58,19582.25,3.31,-2.76,,0,14:59:03,00,Y,N,0,0,Y,,2022-10-31 开始转股,计算使用1.7年期 评级为AA- 债参考YTM：1.9228,N,10.0,全价：117.398 最后更新：14:59:03,,,,0,{'M': ''},0,0,N,,,buy,buy
2026-09-09 12:25:31,118052,浩瀚转债,hhzz,134.164,-1.38,688292,浩瀚深度,hhsd,18.08,-0.82,2.9,24.2,74.71,0,79.58,213.74,710103,计算机,shkc,C,2025-04-07,[],0,0,buy,A+,,16.94,31.46,12.4,buy,2031-03-13,4.51,3.539,1322.64,4076.39,2.78,-2.54,,0,14:59:56,00,Y,N,0,0,Y,,2025-09-19 开始转股,计算使用4.6年期 评级为A+ 债参考YTM：4.6957,N,3.54,全价：134.164 最后更新：14:59:56,,,,0,{'M': ''},0,0,N,,,buy,buy
2026-09-09 12:25:31,118037,上声转债,sszz,125.794,-1.0,688533,上声电子,ssdz,19.99,-1.33,1.85,28.64,69.8,0,80.23,206.02,280206,汽车,shkc,C,2023-08-01,[],0,0,buy,A+,,20.048,37.232,14.2,buy,2029-07-06,2.825,4.679,832.83,1444.22,1.41,-3.3,,0,14:59:32,00,Y,N,2,1,Y,转股价下修2次，成功下修1次,2024-01-12 开始转股,计算使用2.9年期 评级为A+ 债参考YTM：4.5114,N,5.2,全价：125.794 最后更新：14:59:32,,,,0,{'M': ''},0,0,N,,,buy,buy
2026-09-09 12:25:31,113627,太平转债,tpzz,112.237,-0.64,603877,太平鸟,tpn,12.72,-0.63,1.34,20.61,61.72,0,81.86,194.1,350209,纺织服饰,shmb,C,2021-08-06,[],0,0,buy,AA,,14.427,26.793,13.4,buy,2027-07-15,0.847,7.996,2608.76,2200.11,2.91,-2.36,,0,14:59:42,00,Y,N,1,1,Y,转股价下修1次，成功下修1次,2022-01-21 开始转股,计算使用0.9年期 评级为AA 债参考YTM：1.5710,N,8.0,全价：112.237 最后更新：14:59:42,,,,0,{'M': ''},0,0,N,,,buy,buy
2026-09-09 12:25:31,123259,锦浪转02,jlz02,140.883,-2.6,300763,锦浪科技,jlkj,55.9,-1.25,2.36,72.41,77.2,0,82.49,223.37,630503,电力设备,szcy,C,2025-11-06,[],0,0,buy,AA,,50.687,94.133,9.3,buy,2031-10-17,5.107,16.763,11826.55,41987.07,4.99,-4.06,,0,15:34:36,00,Y,N,1,1,Y,转股价下修1次，成功下修1次,2026-04-23 开始转股,计算使用5.2年期 评级为AA 债参考YTM：1.8687,N,16.766,全价：140.883 最后更新：15:34:36,,,,0,"{'G': '本次（2026年4月23日至2026年5月20日）不提前赎回，以2027年5月21日为首个交易日重新计算', 'M': ''}",0,0,N,,,buy,buy
2026-09-09 12:25:31,118024,冠宇转债,gyzz,122.853,-0.53,688772,珠海冠宇,zhgy,15.08,0.94,2.39,22.51,66.99,0,83.38,206.23,630701,电力设备,shkc,C,2022-11-17,[],0,0,buy,AA,,15.757,27.012,18.0,buy,2028-10-24,2.126,30.889,3264.42,24632.2,0.86,-3.0,,0,14:59:59,00,Y,N,0,0,Y,,2023-04-28 开始转股,计算使用2.2年期 评级为AA 债参考YTM：1.6652,N,30.89,全价：122.853 最后更新：14:59:59,,,,0,{'M': ''},0,0,N,120%,,buy,buy
2026-09-09 12:25:31,118071,华峰转债,hfzz,194.989,-1.18,688200,华峰测控,hfck,353.99,-1.69,9.7,335.33,105.57,111,84.71,279.7,270108,电子,shkc,C,2026-07-17,[],0,0,buy,AA,,234.731,435.929,1.1,buy,2032-06-22,5.789,7.49,23561.06,140961.9,16.03,-9.01,,0,14:59:58,00,Y,N,0,0,Y,,未到转股期；2026-12-29 开始转股,计算使用5.8年期 评级为AA 债参考YTM：2.0009,N,7.49,全价：194.989 最后更新：14:59:58,,,,0,{'M': ''},0,0,N,,,buy,buy
2026-09-09 12:25:31,118065,艾为转债,awzz,135.997,-0.86,688798,艾为电子,awdz,58.43,-1.93,3.2,79.4,73.59,0,84.81,220.81,270105,电子,shkc,C,2026-02-26,[],0,0,buy,AA+,,55.58,103.22,24.0,buy,2032-01-22,5.373,19.01,19039.88,36612.47,7.31,-3.52,,0,14:59:58,00,Y,N,0,0,Y,,2026-07-28 开始转股,计算使用5.4年期 评级为AA+ 债参考YTM：1.8182,N,19.01,全价：135.997 最后更新：14:59:58,,,,0,"{'M': '', 'EX': '孙洪军大宗减持11.57% 2026年09月01日公告'}",1,0,N,,,buy,buy
2026-09-09 12:25:31,127038,国微转债,gwzz,117.786,-0.52,002049,紫光国微,zggw,61.21,-0.36,3.6,97.01,63.1,0,86.68,204.47,270104,电子,szmb,C,2021-07-14,[],0,0,buy,AA+,,67.907,126.113,2.9,buy,2027-06-10,0.751,14.915,3070.17,54509.27,1.74,-8.84,,0,15:33:54,00,Y,N,0,0,Y,,2021-12-17 开始转股,计算使用0.8年期 评级为AA+ 债参考YTM：1.5419,N,15.0,全价：117.786 最后更新：15:33:54,,,,1,{'M': ''},0,0,N,,,buy,buy
2026-09-09 12:25:31,123165,回天转债,htzz,132.95,-0.58,300041,回天新材,htxc,10.67,-1.48,1.89,15.05,70.9,0,87.53,220.48,220316,基础化工,szcy,C,2022-11-15,[],0,0,buy,AA-,,10.535,19.565,14.6,buy,2028-10-27,2.134,8.496,6454.87,15360.51,5.72,-5.35,,0,15:34:18,00,Y,N,1,0,Y,转股价下修1次，成功下修0次,2023-05-04 开始转股,计算使用2.2年期 评级为AA- 债参考YTM：1.9864,Y,8.5,全价：132.950 最后更新：15:34:18,,,"按下调到底估算
股东大会：2026-09-11
预估转股价：11.00
预估转股价值：97.00
期权价值：27.49
理论价值：141.22
理论偏离度：-6.22%",0,{'M': ''},0,0,N,,,buy,buy
2026-09-09 12:25:31,123215,铭利转债,mlzz,121.567,-0.44,301268,铭利达,mld,12.43,-1.51,3.35,19.19,64.77,0,87.68,209.25,640108,机械设备,szcy,C,2023-08-23,[],0,0,buy,A+,,13.433,24.947,19.0,buy,2029-08-03,2.901,8.555,1262.73,2529.22,1.21,-0.02,,0,15:34:39,00,Y,N,1,1,Y,转股价下修1次，成功下修1次,2024-02-19 开始转股,计算使用3.0年期 评级为A+ 债参考YTM：4.5355,N,10.0,全价：121.567 最后更新：15:34:39,,,,0,{'M': ''},0,0,N,,,buy,buy
2026-09-09 12:25:31,113708,曙26转债,s26zz,142.271,-0.79,603019,中科曙光,zksg,82.43,-0.13,5.23,108.89,75.7,134,87.94,230.21,710103,计算机,shmb,C,2026-08-06,[],0,0,buy,AAA,,76.223,141.557,6.6,buy,2032-07-14,5.849,80.0,29325.82,115956.82,2.57,-4.6,,0,14:59:58,00,Y,N,0,0,Y,,未到转股期；2027-01-21 开始转股,计算使用5.9年期 评级为AAA 债参考YTM：1.7763,N,80.0,全价：142.271 最后更新：14:59:58,,,,0,{'M': ''},1,0,N,,,buy,buy
2026-09-09 12:25:31,113656,嘉诚转债,jczz,118.365,-1.1,603535,嘉诚国际,jcgj,6.5,-0.46,1.28,10.33,62.92,0,88.11,206.48,420805,交通运输,shmb,C,2022-10-12,[],0,0,buy,A+,,7.231,13.429,24.1,buy,2028-09-01,1.981,7.998,3255.3,1845.06,3.43,-0.59,,0,14:58:42,00,Y,N,0,0,Y,,2023-03-07 开始转股,计算使用2.0年期 评级为A+ 债参考YTM：4.3027,N,8.0,全价：118.365 最后更新：14:58:42,,,,1,[],0,0,N,,,buy,buy
2026-09-09 12:25:31,118063,金05转债,j05zz,144.257,-0.35,688676,金盘科技,jpkj,67.46,2.62,5.86,88.6,76.14,0,89.46,233.72,630801,电力设备,shkc,C,2026-01-14,[],0,0,buy,AA+,,62.02,115.18,5.4,buy,2031-12-25,5.296,16.707,6392.56,80675.71,2.64,-4.8,,0,14:59:48,00,Y,N,0,0,Y,,2026-07-01 开始转股,计算使用5.3年期 评级为AA+ 债参考YTM：1.8044,N,16.71,全价：144.257 最后更新：14:59:48,,,,0,{'M': ''},0,0,N,,,buy,buy
2026-09-09 12:25:31,118073,赛斯转债,sszz,153.495,-0.91,688480,赛恩斯,ses,71.38,0.52,5.54,88.16,80.97,138,89.58,243.08,760104,环保,shkc,C,2026-08-12,[],0,0,buy,AA,,61.712,114.608,8.1,buy,2032-07-16,5.855,5.519,4016.32,3526.92,4.72,-5.07,,0,14:59:58,00,Y,N,0,0,Y,,未到转股期；2027-01-25 开始转股,计算使用5.9年期 评级为AA 债参考YTM：2.0241,N,5.519,全价：153.495 最后更新：14:59:58,,,,0,{'M': ''},1,0,N,,,buy,buy
2026-09-09 12:25:31,113671,武进转债,wjzz,126.094,-0.81,603878,武进不锈,wjbx,5.23,0.58,1.15,7.88,66.37,0,89.98,216.07,230403,钢铁,shmb,C,2023-08-03,[],0,0,buy,AA,,5.516,10.244,10.5,buy,2029-07-10,2.836,3.093,1579.28,4562.77,4.04,-3.76,,0,14:58:01,00,Y,N,0,0,Y,,2024-01-15 开始转股,计算使用2.9年期 评级为AA 债参考YTM：1.7092,N,3.1,全价：126.094 最后更新：14:58:01,,,,0,[],0,0,N,,,buy,buy
2026-09-09 12:25:31,113707,科博转债,kbzz,162.672,-2.72,603786,科博达,kbd,39.0,-1.17,2.78,45.56,85.6,124,90.03,252.7,280206,汽车,shmb,C,2026-07-31,[],0,0,buy,AA+,,31.892,59.228,9.5,buy,2032-07-02,5.816,14.91,4028.42,5376.35,1.64,-6.36,,0,14:59:57,00,Y,N,0,0,Y,,未到转股期；2027-01-11 开始转股,计算使用5.9年期 评级为AA+ 债参考YTM：1.9005,N,14.91,全价：162.672 最后更新：14:59:57,,,,0,{'M': ''},0,0,N,,,buy,buy
2026-09-09 12:25:31,123275,肇民转债,zmzz,135.49,-1.8,301000,肇民科技,zmkj,23.95,-0.95,4.49,33.76,70.94,128,90.99,226.48,280205,汽车,szcy,C,2026-07-24,[],0,0,buy,AA-,,23.632,43.888,10.7,buy,2032-07-08,5.833,5.9,5876.47,6307.2,7.31,-3.0,,0,15:34:45,00,Y,N,0,0,Y,,未到转股期；2027-01-15 开始转股,计算使用5.9年期 评级为AA- 债参考YTM：2.9089,N,5.9,全价：135.490 最后更新：15:34:45,,,,0,{'M': ''},1,0,N,,,buy,buy
2026-09-09 12:25:31,113634,珀莱转债,plzz,122.589,-0.84,603605,珀莱雅,bly,60.3,-2.68,3.56,94.27,63.97,0,91.65,214.24,770202,美容护理,shmb,C,2022-01-04,[],0,0,buy,AA,,65.989,122.551,3.1,buy,2027-12-08,1.247,7.507,2017.58,24452.22,2.19,-3.86,,0,14:58:40,00,Y,N,0,0,N,2026-09-09 至 2026-09-15 期间暂停转股：回售,2022-06-14 开始转股;2026-09-09 至 2026-09-15 期间暂停转股：回售,计算使用1.3年期 评级为AA 债参考YTM：1.6245,N,7.517,全价：122.589 最后更新：14:58:40,,,,0,{'M': ''},0,0,Y,,,buy,buy
2026-09-09 12:25:31,118070,南芯转债,nxzz,146.36,-1.84,688484,南芯科技,nxkj,33.36,-1.18,3.56,43.71,76.32,107,91.77,238.13,270105,电子,shkc,C,2026-07-10,[],0,0,buy,AA+,,30.597,56.823,11.1,buy,2032-06-17,5.775,15.869,6479.1,19174.12,2.77,-4.51,,0,15:00:00,00,Y,N,0,0,Y,,未到转股期；2026-12-25 开始转股,计算使用5.8年期 评级为AA+ 债参考YTM：1.8845,N,15.869,全价：146.360 最后更新：15:00:00,,,,0,{'M': ''},1,0,N,,,buy,buy
2026-09-09 12:25:31,127068,顺博转债,sbzz,121.098,-0.82,002996,顺博合金,sbhj,6.31,0.32,1.23,10.0,63.1,0,91.91,213.01,240301,有色金属,szmb,C,2022-09-07,[],0,0,buy,AA-,,7.0,13.0,28.7,buy,2028-08-12,1.926,8.3,2239.07,4214.87,2.23,-4.92,,0,15:34:27,00,Y,N,2,2,Y,转股价下修2次，成功下修2次,2023-02-20 开始转股,计算使用2.0年期 评级为AA- 债参考YTM：1.9527,N,8.3,全价：121.098 最后更新：15:34:27,,,,1,[],0,0,N,,,buy,buy
2026-09-09 12:25:31,123154,火星转债,hxzz,122.213,-1.91,300894,火星人,hxr,10.13,-2.03,4.19,16.0,63.31,0,93.03,215.24,330401,家用电器,szcy,C,2022-08-23,[],0,0,buy,A+,,11.2,20.8,17.8,buy,2028-08-05,1.907,5.289,4211.51,4716.74,6.49,-2.28,,0,15:34:30,00,Y,N,1,1,Y,转股价下修1次，成功下修1次,2023-02-13 开始转股,计算使用2.0年期 评级为A+ 债参考YTM：4.3027,N,5.29,全价：122.213 最后更新：15:34:30,,,,1,{'M': ''},0,0,N,,,buy,buy
2026-09-09 12:25:31,113701,祥和转债,xhzz,139.098,-1.85,603500,祥和实业,xhsy,9.59,0.21,3.0,13.37,71.73,0,93.92,233.02,640501,机械设备,shmb,C,2026-03-26,[],0,0,buy,A+,,9.359,17.381,12.5,buy,2032-03-03,5.485,4.0,2570.13,4315.28,4.6,-2.86,,0,14:59:56,00,Y,N,0,0,Y,,2026-09-09 开始转股,计算使用5.5年期 评级为A+ 债参考YTM：4.9682,N,4.0,全价：139.098 最后更新：14:59:56,,,,0,[],1,0,N,,,buy,buy
2026-09-09 12:25:31,123266,博士转债,bszz,138.0,0.23,300622,博士眼镜,bsyj,15.21,-1.62,5.23,21.38,71.14,15,93.98,231.98,450401,商贸零售,szcy,C,2026-04-07,[],0,0,buy,AA,,14.966,27.794,11.2,buy,2032-03-17,5.523,3.75,3079.75,8162.75,5.95,-3.2,,0,15:34:03,00,Y,N,0,0,Y,,未到转股期；2026-09-24 开始转股,计算使用5.6年期 评级为AA 债参考YTM：1.9516,N,3.75,全价：138.000 最后更新：15:34:03,,,,0,[],0,0,N,,,buy,buy
2026-09-09 12:25:31,123109,昌红转债,chzz,123.876,0.35,300151,昌红科技,chkj,16.94,4.18,5.61,26.64,63.59,0,94.81,218.69,640209,机械设备,szcy,C,2021-04-19,[],0,0,buy,AA-,,18.648,34.632,7.4,buy,2027-04-01,0.559,4.595,2233.87,27943.41,3.92,-12.88,,0,15:34:12,00,Y,N,0,0,Y,,2021-10-08 开始转股,计算使用0.6年期 评级为AA- 债参考YTM：1.7241,N,4.6,全价：123.876 最后更新：15:34:12,,,,0,{'M': ''},0,0,Y,,,buy,buy
2026-09-09 12:25:31,123260,卓镁转债,zmzz,142.96,-1.0,301398,星源卓镁,xyzm,38.06,-0.89,4.08,52.15,72.98,0,95.88,238.84,280202,汽车,szcy,C,2025-11-24,[],0,0,buy,A+,,36.505,67.795,10.8,buy,2031-11-07,5.164,4.499,3421.73,5931.77,5.31,-3.56,,0,15:34:39,00,Y,N,0,0,Y,,2026-05-13 开始转股,计算使用5.2年期 评级为A+ 债参考YTM：4.7674,N,4.5,全价：142.960 最后更新：15:34:39,,,,0,{'M': ''},0,0,N,,,buy,buy
2026-09-09 12:25:31,123264,双乐转债,slzz,121.459,-0.67,301036,双乐股份,slgf,22.55,-1.44,1.34,36.4,61.95,0,96.06,217.52,220305,基础化工,szcy,C,2026-01-16,[],0,0,buy,AA-,,25.48,47.32,50.9,buy,2031-12-26,5.299,8.0,1938.01,1869.8,1.99,-1.26,,0,15:34:03,00,Y,N,0,0,Y,,2026-07-06 开始转股,计算使用5.3年期 评级为AA- 债参考YTM：2.4750,N,8.0,全价：121.459 最后更新：15:34:03,,,,0,{'M': ''},1,0,N,,,buy,buy
2026-09-09 12:25:31,123113,仙乐转债,xlzz,114.164,-0.23,300791,仙乐健康,xljk,18.36,2.23,1.86,31.69,57.94,0,97.05,211.21,340407,食品饮料,szcy,C,2021-05-14,[],0,0,buy,AA-,,22.183,41.197,21.7,buy,2027-04-19,0.608,10.248,1675.5,5060.67,1.43,-1.68,,0,15:34:18,00,Y,N,0,0,Y,,2021-10-25 开始转股,计算使用0.7年期 评级为AA- 债参考YTM：1.7404,N,10.249,全价：114.164 最后更新：15:34:18,,,,0,[],0,0,N,,,buy,buy
2026-09-09 12:25:31,118076,先锋转债,xfzz,181.276,-0.78,688605,先锋精科,xfjk,79.08,7.9,9.52,86.4,91.53,156,98.06,279.34,270108,电子,shkc,C,2026-08-26,[],0,0,buy,AA,,60.48,112.32,8.8,buy,2032-08-05,5.91,7.5,84719.54,68792.47,60.53,-7.69,,0,14:59:59,00,Y,N,0,0,Y,,未到转股期；2027-02-12 开始转股,计算使用6.0年期 评级为AA 债参考YTM：2.0450,N,7.5,全价：181.276 最后更新：14:59:59,,,,0,{'M': ''},0,0,N,,,buy,buy
2026-09-09 12:25:31,123274,维科转债,wkzz,138.587,-1.21,301499,维科精密,wkjm,24.91,0.0,2.64,35.62,69.93,117,98.17,236.76,280206,汽车,szcy,C,2026-07-10,[],0,0,buy,A+,,24.934,46.306,18.3,buy,2032-06-25,5.797,6.3,1477.98,2255.36,1.68,-2.79,,0,15:33:57,00,Y,N,0,0,Y,,未到转股期；2027-01-04 开始转股,计算使用5.8年期 评级为A+ 债参考YTM：5.1974,N,6.3,全价：138.587 最后更新：15:33:57,,,,0,{'M': ''},1,0,N,,,buy,buy
2026-09-09 12:25:31,113655,欧22转债,o22zz,119.046,-0.25,603833,欧派家居,opjj,30.81,-1.91,1.01,51.29,60.07,0,98.18,217.23,360308,轻工制造,shmb,C,2022-09-01,[],0,0,buy,AA,,35.903,66.677,10.7,buy,2028-08-05,1.907,19.999,5009.41,9264.18,2.11,-2.36,,0,14:59:43,00,Y,N,1,1,Y,转股价下修1次，成功下修1次,2023-02-13 开始转股,计算使用2.0年期 评级为AA 债参考YTM：1.6527,N,20.0,全价：119.046 最后更新：14:59:43,,,,0,{'M': ''},0,0,N,,,buy,buy
2026-09-09 12:25:31,111009,盛泰转债,stzz,119.863,-0.69,605138,盛泰集团,stjt,6.35,0.63,1.4,10.51,60.42,0,98.39,218.25,350209,纺织服饰,shmb,C,2022-12-01,[],0,0,buy,AA,,7.357,13.663,19.9,buy,2028-11-07,2.164,7.011,2348.54,2934.12,2.78,-2.62,,0,14:59:22,00,Y,N,0,0,Y,,2023-05-11 开始转股,计算使用2.2年期 评级为AA 债参考YTM：1.6652,N,7.012,全价：119.863 最后更新：14:59:22,,,,0,[],0,0,N,,,buy,buy
2026-09-09 12:25:31,123196,正元转02,zyz02,125.07,-0.85,300645,正元智慧,zyzh,13.8,-0.93,1.77,21.91,62.99,0,98.57,223.64,710103,计算机,szcy,C,2023-05-19,[],0,0,buy,A+,,15.337,28.483,18.2,buy,2029-04-18,2.608,3.501,860.81,3404.79,1.96,-2.15,,0,15:34:45,00,Y,N,2,1,Y,转股价下修2次，成功下修1次,2023-10-24 开始转股,计算使用2.7年期 评级为A+ 债参考YTM：4.4600,N,3.507,全价：125.070 最后更新：15:34:45,,,,0,[],0,0,N,,,buy,buy
2026-09-09 12:25:31,127085,韵达转债,ydzz,118.05,-1.34,002120,韵达股份,ydgf,6.85,-0.15,0.93,11.53,59.41,0,98.7,216.75,420804,交通运输,szmb,C,2023-05-23,[],0,0,buy,AA+,,8.071,14.989,12.7,buy,2029-04-11,2.589,24.499,4148.02,12557.91,1.43,-2.29,,0,15:34:21,00,Y,N,0,0,Y,,2023-10-17 开始转股,计算使用2.6年期 评级为AA+ 债参考YTM：1.6603,N,24.5,全价：118.050 最后更新：15:34:21,,,,0,{'M': ''},0,0,N,,,buy,buy
2026-09-09 12:25:31,118069,爱科转债,akzz,156.379,-1.3,688092,爱科科技,akkj,22.41,-1.36,2.78,28.53,78.55,99,99.08,255.46,640209,机械设备,shkc,C,2026-07-09,[],0,0,buy,AA-,,19.971,37.089,14.4,buy,2032-06-10,5.756,2.67,2281.02,1164.21,5.44,-4.91,,0,14:59:53,00,Y,N,0,0,Y,,未到转股期；2026-12-17 开始转股,计算使用5.8年期 评级为AA- 债参考YTM：2.8477,N,2.67,全价：156.379 最后更新：14:59:53,,,,0,{'M': ''},1,0,N,,,buy,buy
2026-09-09 12:25:31,113702,斯达转债,sdzz,160.579,-1.48,603290,斯达半导,sdbd,84.47,-0.25,2.93,104.79,80.61,43,99.21,259.79,270102,电子,shmb,C,2026-05-11,[],0,0,buy,AA+,,73.353,136.227,7.4,buy,2032-04-15,5.603,15.0,8890.77,26051.97,3.65,-6.37,,0,14:59:56,00,Y,N,0,0,Y,,未到转股期；2026-10-22 开始转股,计算使用5.7年期 评级为AA+ 债参考YTM：1.8676,N,15.0,全价：160.579 最后更新：14:59:56,,,,0,{'M': ''},0,0,N,,,buy,buy
2026-09-09 12:25:31,123192,科思转债,kszz,122.805,-0.7,300856,科思股份,ksgf,10.64,-1.85,1.85,17.32,61.43,0,99.9,222.71,770201,美容护理,szcy,C,2023-05-11,[],0,0,buy,AA-,,12.124,22.516,14.7,buy,2029-04-13,2.595,7.187,1268.4,4339.26,1.43,-1.39,,0,15:34:33,00,Y,N,0,0,Y,,2023-10-19 开始转股,计算使用2.6年期 评级为AA- 债参考YTM：2.0827,N,7.249,全价：122.805 最后更新：15:34:33,,,,0,{'M': ''},0,0,N,,,buy,buy
2026-09-09 12:25:31,123138,丝路转债,slzz,126.1,-1.07,300556,丝路视觉,slsj,16.7,-6.07,4.89,26.53,62.95,0,100.33,226.43,710401,计算机,szcy,C,2022-03-22,[],0,0,buy,A-,,18.571,34.489,13.2,buy,2028-03-02,1.48,2.393,2743.39,21315.08,9.08,-4.74,,0,15:34:24,00,Y,N,0,0,Y,,2022-09-08 开始转股,计算使用1.5年期 评级为A- 债参考YTM：8.9447,N,2.4,全价：126.100 最后更新：15:34:24,,,,0,[],0,0,N,,,buy,buy
2026-09-09 12:25:31,113625,江山转债,jszz,116.428,-0.19,603208,江山欧派,jsop,11.45,-1.55,2.03,19.84,57.71,0,101.74,218.17,360308,轻工制造,shmb,C,2021-07-01,[],0,0,buy,A,,13.888,25.792,28.9,buy,2027-06-11,0.753,5.825,732.32,1328.62,1.08,1.8,,0,14:59:53,00,Y,N,1,1,N,"转股价下修1次，成功下修1次
2026-09-09 至 2026-09-15 期间暂停转股：回售
转股价19.840生效日期2025-06-13",2021-12-20 开始转股;2026-09-09 至 2026-09-15 期间暂停转股：回售,计算使用0.8年期 评级为A 债参考YTM：6.4599,N,5.83,全价：116.428 最后更新：14:59:53,,,,0,[],0,0,Y,,,buy,buy
2026-09-09 12:25:31,113679,芯能转债,xnzz,122.75,-0.7,603105,芯能科技,xnkj,7.62,-2.31,1.73,12.55,60.72,0,102.17,224.92,410106,公用事业,shmb,C,2023-11-24,[],0,0,buy,AA-,,8.785,16.315,23.1,buy,2029-10-26,3.132,8.799,1063.98,9784.84,0.98,-0.87,,0,14:58:24,00,Y,N,0,0,Y,,2024-05-06 开始转股,计算使用3.2年期 评级为AA- 债参考YTM：2.2233,N,8.8,全价：122.750 最后更新：14:58:24,,,,0,{'M': ''},0,0,N,,,buy,buy
2026-09-09 12:25:31,113666,爱玛转债,amzz,119.315,-0.38,603529,爱玛科技,amkj,21.82,0.09,1.86,37.06,58.88,0,102.65,221.97,280401,汽车,shmb,C,2023-03-20,[],0,0,buy,AA,,25.942,48.178,10.8,buy,2029-02-23,2.46,19.994,4425.95,8544.65,1.86,-2.12,,0,14:58:24,00,Y,N,0,0,Y,,2023-09-01 开始转股,计算使用2.5年期 评级为AA 债参考YTM：1.6840,N,20.0,全价：119.315 最后更新：14:58:24,,,,0,{'M': ''},0,0,N,,,buy,buy
2026-09-09 12:25:31,123262,神宇转债,syzz,128.27,-0.4,300563,神宇股份,sygf,24.1,3.17,3.78,38.62,62.4,0,105.55,233.82,730205,通信,szcy,C,2025-12-30,[],0,0,buy,AA-,,27.034,50.206,15.9,buy,2031-12-11,5.258,4.999,7217.41,29407.54,11.18,-2.3,,0,15:34:00,00,Y,N,0,0,Y,,2026-06-17 开始转股,计算使用5.3年期 评级为AA- 债参考YTM：2.4750,N,5.0,全价：128.270 最后更新：15:34:00,,,,0,{'M': ''},1,0,N,,,buy,buy
2026-09-09 12:25:31,113638,台21转债,t21zz,122.28,-0.95,603055,台华新材,thxc,9.45,0.32,1.52,16.01,59.03,0,107.16,229.44,350106,纺织服饰,shmb,C,2022-01-21,[],0,0,buy,AA,,11.207,20.813,7.1,buy,2027-12-29,1.304,5.997,1866.56,4611.24,2.54,-5.44,,0,14:59:50,00,Y,N,0,0,Y,,2022-07-05 开始转股,计算使用1.4年期 评级为AA 债参考YTM：1.6304,N,6.0,全价：122.280 最后更新：14:59:50,,,,0,{'M': ''},0,0,N,,,buy,buy
2026-09-09 12:25:31,118067,上26转债,s26zz,130.015,-0.55,688533,上声电子,ssdz,19.99,-1.33,1.85,32.25,61.98,15,109.75,239.77,280206,汽车,shkc,C,2026-04-14,[],0,0,buy,A+,,22.575,41.925,9.9,buy,2032-03-17,5.523,3.25,578.95,1444.22,1.37,-1.78,,0,14:59:23,00,Y,N,0,0,Y,,未到转股期；2026-09-24 开始转股,计算使用5.6年期 评级为A+ 债参考YTM：5.0475,N,3.25,全价：130.015 最后更新：14:59:23,,,,0,{'M': ''},1,0,N,,,buy,buy
2026-09-09 12:25:31,127044,蒙娜转债,mnzz,114.68,-0.47,002918,蒙娜丽莎,mnls,10.75,-2.18,1.33,19.76,54.4,0,110.8,225.48,360306,轻工制造,szmb,C,2021-09-16,[],0,0,buy,AA-,,13.832,25.688,14.6,buy,2027-08-16,0.934,3.368,2444.16,12380.87,6.31,-2.5,,0,15:34:18,00,Y,N,1,1,Y,转股价下修1次，成功下修1次,2022-02-21 开始转股,计算使用1.0年期 评级为AA- 债参考YTM：1.8202,N,11.689,全价：114.680 最后更新：15:34:18,,,,1,[],0,0,N,,,buy,buy
2026-09-09 12:25:31,113700,海天转债,htzz,129.432,-1.12,603759,海天股份,htgf,7.55,-0.79,1.2,12.41,60.84,0,112.75,242.18,760102,环保,shmb,C,2026-03-12,[],0,0,buy,AA,,8.687,16.133,23.0,buy,2032-02-05,5.411,8.01,742.35,1879.36,0.71,-2.43,,0,14:59:38,00,Y,N,0,0,Y,,2026-08-11 开始转股,计算使用5.5年期 评级为AA 债参考YTM：1.9274,N,8.01,全价：129.432 最后更新：14:59:38,,,,0,[],0,0,N,,,buy,buy
2026-09-09 12:25:31,123265,耐普转02,npz02,132.6,-0.67,300818,耐普矿机,npkj,18.29,-0.33,2.14,29.42,62.17,0,113.29,245.89,640103,机械设备,szcy,C,2026-01-30,[],0,0,buy,A+,,20.594,38.246,17.3,buy,2032-01-16,5.356,4.499,962.06,5401.47,1.6,-2.05,,0,15:34:06,00,Y,N,0,0,Y,,2026-07-22 开始转股,计算使用5.4年期 评级为A+ 债参考YTM：4.8920,N,4.5,全价：132.600 最后更新：15:34:06,,,,0,[],0,0,N,,,buy,buy
2026-09-09 12:25:31,113693,志邦转债,zbzz,120.699,-0.5,603801,志邦家居,zbjj,6.29,-2.33,0.92,11.13,56.51,0,113.57,234.27,360308,轻工制造,shmb,C,2025-04-08,[],0,0,buy,AA,,7.791,14.469,24.5,buy,2031-03-18,4.523,6.7,1825.39,6648.08,2.26,-1.22,,0,14:59:32,00,Y,N,0,0,Y,,2025-09-24 开始转股,计算使用4.6年期 评级为AA 债参考YTM：1.8434,N,6.7,全价：120.699 最后更新：14:59:32,,,,0,[],0,0,N,,,buy,buy
2026-09-09 12:25:31,127062,垒知转债,lzzz,122.868,-1.04,002398,垒知集团,lzjt,4.29,-1.15,0.77,7.56,56.75,0,116.52,239.39,610303,建筑材料,szmb,C,2022-05-20,[],0,0,buy,AA-,,5.292,9.828,15.4,buy,2028-04-21,1.616,3.957,1248.52,3580.14,2.57,-3.02,,0,15:34:24,00,Y,N,0,0,Y,,2022-10-27 开始转股,计算使用1.7年期 评级为AA- 债参考YTM：1.9228,N,3.963,全价：122.868 最后更新：15:34:24,,,,0,[],0,0,N,,,buy,buy
2026-09-09 12:25:31,113616,韦尔转债,wezz,109.509,0.03,603501,豪威集团,hwjt,80.01,-0.57,3.08,159.02,50.31,0,117.65,227.16,270104,电子,shmb,C,2021-01-22,[],0,0,buy,AA+,,111.314,206.726,2.5,buy,2026-12-28,0.301,24.324,5633.61,96635.73,2.12,1.49,,0,14:59:43,00,Y,N,0,0,Y,,2021-07-05 开始转股,计算使用0.4年期 评级为AA+ 债参考YTM：1.5214,N,24.4,全价：109.509 最后更新：14:59:43,,,,0,{'M': ''},0,0,N,,,buy,buy
2026-09-09 12:25:31,123175,百畅转债,bczz,116.969,-1.18,300614,百川畅银,bccy,10.7,-2.01,2.0,20.4,52.45,0,123.01,239.98,760103,环保,szcy,C,2023-03-17,[],0,0,buy,BBB+,,14.28,26.52,24.5,buy,2029-02-22,2.458,4.199,2527.24,2091.39,5.13,-0.24,,0,15:34:33,00,Y,N,3,2,Y,转股价下修3次，成功下修2次,2023-08-28 开始转股,计算使用2.5年期 评级为BBB+ 债参考YTM：12.2715,Y,4.2,全价：116.969 最后更新：15:34:33,,,"按下调到底估算
股东大会：2026-09-15
预估转股价：10.77
预估转股价值：99.35
期权价值：28.69
理论价值：116.81
理论偏离度：0.14%",0,{'M': ''},0,0,N,,,buy,buy
2026-09-09 12:25:31,123267,珂玛转债,kmzz,206.268,-3.39,301611,珂玛科技,kmkj,88.74,-0.92,20.45,97.47,91.04,43,126.56,332.83,270103,电子,szcy,C,2026-05-13,[],0,0,buy,AA,,68.229,126.711,5.8,buy,2032-04-15,5.603,7.5,27969.82,42660.04,17.57,-10.21,,0,15:34:06,00,Y,N,0,0,Y,,未到转股期；2026-10-22 开始转股,计算使用5.7年期 评级为AA 债参考YTM：1.9764,N,7.5,全价：206.268 最后更新：15:34:06,,,,0,{'M': ''},0,0,N,,,buy,buy
2026-09-09 12:25:31,111014,李子转债,lzzz,121.298,-0.69,605337,李子园,lzy,9.64,-1.23,2.27,18.21,52.94,0,129.13,250.43,340701,食品饮料,shmb,C,2023-07-13,[],0,0,buy,AA,,12.747,23.673,16.1,buy,2029-06-20,2.781,5.999,1078.83,3266.64,1.48,-1.83,,0,14:59:10,00,Y,N,0,0,Y,,2023-12-28 开始转股,计算使用2.8年期 评级为AA 债参考YTM：1.7029,N,6.0,全价：121.298 最后更新：14:59:10,,,,0,[],0,0,Y,,,buy,buy
2026-09-09 12:25:31,118068,迪威转债,dwzz,126.8,-1.86,688377,迪威尔,dwe,17.76,-4.36,2.16,32.49,54.66,92,131.97,258.77,640203,机械设备,shkc,C,2026-06-30,[],0,0,buy,AA-,,22.743,42.237,21.9,buy,2032-06-03,5.737,9.08,3800.81,4388.69,3.28,-1.91,,0,14:59:52,00,Y,N,0,0,Y,,未到转股期；2026-12-10 开始转股,计算使用5.8年期 评级为AA- 债参考YTM：2.8477,N,9.08,全价：126.800 最后更新：14:59:52,,,,0,{'M': ''},1,0,N,,,buy,buy
2026-09-09 12:25:31,118075,奥普转债,apzz,224.206,-2.82,688686,奥普特,apt,143.58,-1.66,5.5,150.03,95.7,148,134.28,358.49,640704,机械设备,shkc,C,2026-08-19,[],0,0,buy,AA,,105.021,195.039,7.2,buy,2032-07-28,5.888,12.7,80651.63,23127.52,28.1,-11.01,,0,15:00:00,00,Y,N,0,0,Y,,未到转股期；2027-02-04 开始转股,计算使用5.9年期 评级为AA 债参考YTM：2.0241,N,12.7,全价：224.206 最后更新：15:00:00,,,,0,{'M': ''},0,0,N,,,buy,buy
2026-09-09 12:25:31,118022,锂科转债,lkzz,118.193,-0.71,688779,五矿新能,wkxn,7.73,0.39,1.97,15.49,49.9,0,136.84,255.03,630702,电力设备,shkc,C,2022-11-07,[],0,0,buy,AA,,10.843,20.137,21.8,buy,2028-10-11,2.09,32.497,2914.81,9994.35,0.76,-2.05,,0,14:59:49,00,Y,N,0,0,Y,,2023-04-17 开始转股,计算使用2.1年期 评级为AA 债参考YTM：1.6589,N,32.5,全价：118.193 最后更新：14:59:49,,,,0,{'M': ''},0,0,N,,,buy,buy
2026-09-09 12:25:31,118066,统联转债,tlzz,129.308,-1.26,688210,统联精密,tljm,30.37,-2.66,3.89,55.96,54.27,0,138.26,267.57,270504,电子,shkc,C,2026-03-20,[],0,0,buy,AA-,,39.172,72.748,11.7,buy,2032-03-02,5.482,5.76,953.79,11846.5,1.27,-2.35,,0,14:59:20,00,Y,N,0,0,Y,,2026-09-07 开始转股,计算使用5.5年期 评级为AA- 债参考YTM：2.6194,N,5.76,全价：129.308 最后更新：14:59:20,,,,0,{'M': ''},0,0,N,,,buy,buy
2026-09-09 12:25:31,118015,芯海转债,xhzz,126.5,-0.27,688595,芯海科技,xhkj,28.85,-0.72,5.78,55.22,52.25,0,142.13,268.63,270104,电子,shkc,C,2022-08-18,[],0,0,buy,A+,,38.654,71.786,9.9,buy,2028-07-21,1.866,4.1,716.31,5389.07,1.38,-3.97,,0,14:59:32,00,Y,N,0,0,N,2026-09-08 至 2026-09-14 期间暂停转股：回售,2023-01-30 开始转股;2026-09-08 至 2026-09-14 期间暂停转股：回售,计算使用1.9年期 评级为A+ 债参考YTM：4.2894,N,4.1,全价：126.500 最后更新：14:59:32,,,,0,{'M': ''},0,0,Y,,,buy,buy
2026-09-09 12:25:31,123090,三诺转债,snzz,111.5,-0.01,300298,三诺生物,snsw,15.55,-2.2,2.81,34.52,45.05,0,147.52,259.02,370502,医药生物,szcy,C,2021-01-12,[],0,0,buy,AA,,24.164,44.876,7.2,buy,2026-12-21,0.282,4.984,1638.3,5410.65,2.95,1.59,,0,15:34:18,00,Y,N,0,0,Y,,2021-06-25 开始转股,计算使用0.3年期 评级为AA 债参考YTM：1.5308,N,5.0,全价：111.500 最后更新：15:34:18,,,,0,{'M': ''},0,0,N,,,buy,buy
2026-09-09 12:25:31,118042,奥维转债,awzz,123.305,-0.87,688516,奥特维,atw,41.48,-1.71,3.44,83.69,49.56,0,148.78,272.09,630505,电力设备,shkc,C,2023-09-01,[],0,0,buy,AA-,,58.583,108.797,8.7,buy,2029-08-10,2.921,11.399,4242.98,18531.73,3.01,-1.37,,0,14:59:39,00,Y,N,0,0,Y,,2024-02-19 开始转股,计算使用3.0年期 评级为AA- 债参考YTM：2.1855,N,11.4,全价：123.305 最后更新：14:59:39,,,,0,{'M': ''},0,0,N,,,buy,buy
2026-09-09 12:25:31,113650,博22转债,b22zz,122.155,-0.59,603916,苏博特,sbt,10.96,-1.7,1.06,23.27,47.1,0,159.36,281.52,220309,基础化工,shmb,C,2022-07-28,[],0,0,buy,AA-,,16.289,30.251,17.4,buy,2028-07-01,1.811,7.996,1009.18,7425.41,1.03,-2.38,,0,14:59:37,00,Y,N,0,0,Y,,2023-01-09 开始转股,计算使用1.9年期 评级为AA- 债参考YTM：1.9408,N,8.0,全价：122.155 最后更新：14:59:37,,,,0,{'M': ''},0,0,N,,,buy,buy
2026-09-09 12:25:31,127098,欧晶转债,ojzz,123.405,-1.07,001269,欧晶科技,ojkj,19.92,0.25,5.27,42.0,47.43,0,160.19,283.6,630504,电力设备,szmb,C,2023-12-15,[],0,0,buy,A+,,29.4,54.6,12.2,buy,2029-11-24,3.211,4.693,1120.19,5064.4,1.93,-1.92,,0,15:33:54,00,Y,N,1,1,Y,转股价下修1次，成功下修1次,2024-05-30 开始转股,计算使用3.3年期 评级为A+ 债参考YTM：4.5883,N,4.7,全价：123.405 最后更新：15:33:54,,,,0,[],0,0,N,,,buy,buy
2026-09-09 12:25:31,123180,浙矿转债,zkzz,129.1,0.2,300837,浙矿股份,zkgf,23.41,-1.06,1.63,47.59,49.19,0,162.45,291.55,640203,机械设备,szcy,C,2023-03-28,[],0,0,buy,AA-,,33.313,61.867,18.1,buy,2029-03-09,2.499,3.196,1320.5,6148.52,3.2,-3.43,,0,15:34:24,00,Y,N,0,0,Y,,2023-09-15 开始转股,计算使用2.5年期 评级为AA- 债参考YTM：2.0565,N,3.2,全价：129.100 最后更新：15:34:24,,,,0,[],0,0,N,,,buy,buy
2026-09-09 12:25:31,118010,洁特转债,jtzz,125.019,-1.09,688026,洁特生物,jtsw,22.03,-0.77,2.59,47.88,46.01,0,171.72,296.74,370503,医药生物,shkc,C,2022-08-02,[],0,0,buy,A+,,33.516,62.244,14.2,buy,2028-06-28,1.803,4.399,1241.74,18215.67,2.25,-6.07,,0,14:58:07,00,Y,N,0,0,Y,,2023-01-04 开始转股,计算使用1.9年期 评级为A+ 债参考YTM：4.2894,N,4.4,全价：125.019 最后更新：14:58:07,,,,0,{'M': ''},0,0,N,,,buy,buy
2026-09-09 12:25:31,123117,健帆转债,jfzz,109.942,-0.05,300529,健帆生物,jfsw,15.38,-1.66,3.55,38.15,40.32,0,172.71,282.65,370503,医药生物,szcy,C,2021-07-12,[],0,0,buy,AA,,26.705,49.595,12.7,buy,2027-06-23,0.786,9.998,2140.22,6440.94,1.95,0.07,,0,15:34:15,00,Y,N,2,2,Y,转股价下修2次，成功下修2次,2021-12-29 开始转股,计算使用0.8年期 评级为AA 债参考YTM：1.5533,N,10.0,全价：109.942 最后更新：15:34:15,,,,0,{'M': ''},0,0,N,,,buy,buy
2026-09-09 12:25:31,113049,长汽转债,cqzz,106.756,-0.1,601633,长城汽车,ccqc,14.74,-1.93,1.45,38.74,38.05,0,180.58,287.34,280502,汽车,shmb,C,2021-07-08,[],0,0,buy,AAA,,27.118,50.362,3.8,buy,2027-06-10,0.751,34.95,5568.95,24430.85,1.49,0.31,,0,14:59:43,00,Y,N,0,0,Y,,2021-12-17 开始转股,计算使用0.8年期 评级为AAA 债参考YTM：1.5192,N,35.0,全价：106.756 最后更新：14:59:43,,,,1,{'M': ''},0,0,N,,,buy,buy
2026-09-09 12:25:31,113670,金23转债,j23zz,121.435,-0.4,603180,金牌家居,jpjj,16.01,-0.5,0.96,37.54,42.65,0,184.74,306.18,360308,轻工制造,shmb,C,2023-05-16,[],0,0,buy,AA,,26.278,48.802,31.2,buy,2029-04-17,2.606,7.7,1407.19,1334.55,1.5,-1.02,,0,14:59:53,00,Y,N,0,0,Y,,2023-10-23 开始转股,计算使用2.7年期 评级为AA 债参考YTM：1.6966,N,7.7,全价：121.435 最后更新：14:59:53,,,,0,[],0,0,N,,,buy,buy
2026-09-09 12:25:31,123250,嘉益转债,jyzz,122.927,-0.52,301004,嘉益股份,jygf,33.34,-0.92,2.49,79.66,41.85,0,193.71,316.64,360311,轻工制造,szcy,C,2024-11-26,[],0,0,buy,A+,,55.762,103.558,8.7,buy,2030-11-07,4.164,3.955,658.94,1558.39,1.35,-0.85,,0,15:33:54,00,Y,N,0,0,Y,,2025-05-13 开始转股,计算使用4.2年期 评级为A+ 债参考YTM：4.6764,N,3.979,全价：122.927 最后更新：15:33:54,,,,0,{'M': ''},0,0,N,,,buy,buy
2026-09-09 12:25:31,123151,康医转债,kyzz,119.311,-0.36,300869,康泰医学,ktyx,11.13,-1.94,2.66,27.55,40.4,0,195.33,314.64,370502,医药生物,szcy,C,2022-07-20,[],0,0,buy,A+,,19.285,35.815,23.8,buy,2028-07-01,1.811,6.998,1142.68,3086.0,1.37,-0.85,,0,15:34:15,00,Y,N,0,0,Y,,2023-01-09 开始转股,计算使用1.9年期 评级为A+ 债参考YTM：4.2894,N,7.0,全价：119.311 最后更新：15:34:15,,,,0,{'M': ''},0,0,N,,,buy,buy
2026-09-09 12:25:31,113660,寿22转债,s22zz,122.059,-0.63,603896,寿仙谷,sxg,15.11,-0.26,1.31,36.84,41.02,0,197.59,319.65,370201,医药生物,shmb,C,2022-12-12,[],0,0,buy,AA-,,25.788,47.892,13.3,buy,2028-11-17,2.192,3.977,385.96,2458.49,0.79,-2.54,,0,14:58:47,00,Y,N,0,0,Y,,2023-05-23 开始转股,计算使用2.2年期 评级为AA- 债参考YTM：1.9864,N,3.98,全价：122.059 最后更新：14:58:47,,,,0,[],0,0,N,,,buy,buy
2026-09-09 12:25:31,128135,洽洽转债,qqzz,114.783,-0.01,002557,洽洽食品,qqsp,19.0,-2.41,1.89,54.95,34.58,0,231.96,346.74,340801,食品饮料,szmb,C,2020-11-18,[],0,0,buy,AA,,38.465,71.435,14.0,buy,2026-10-20,0.112,13.398,3820.01,16208.36,2.48,1.73,,0,15:34:00,00,Y,N,0,0,Y,,2021-04-26 开始转股,计算使用0.2年期 评级为AA 债参考YTM：1.5292,N,13.4,全价：114.783 最后更新：15:34:00,,,,1,"{'R': '到期\n最后交易日：2026-10-14\n最后转股日：2026-10-19\n', 'M': ''}",0,0,N,,,buy,buy
2026-09-09 12:25:31,110085,通22转债,t22zz,113.293,-0.19,600438,通威股份,twgf,11.71,-1.26,1.56,34.6,33.84,0,234.75,348.04,630501,电力设备,shmb,C,2022-03-18,[],0,0,buy,AAA,,24.22,44.98,22.7,buy,2028-02-24,1.46,119.831,7230.33,36633.29,0.53,-1.53,,0,14:58:46,00,Y,N,0,0,Y,,2022-09-02 开始转股,计算使用1.5年期 评级为AAA 债参考YTM：1.5390,N,120.0,全价：113.293 最后更新：14:58:46,,,,0,{'M': ''},0,0,N,,,buy,buy
2026-09-09 12:25:31,118032,建龙转债,jlzz,123.178,-0.38,688357,建龙微纳,jlwn,26.0,-1.92,1.41,71.41,36.41,0,238.31,361.49,220309,基础化工,shkc,C,2023-04-07,[],0,0,buy,AA-,,49.987,92.833,26.9,buy,2029-03-08,2.496,6.999,623.79,1580.16,0.72,-1.57,,0,14:56:48,00,Y,N,0,0,Y,,2023-09-14 开始转股,计算使用2.5年期 评级为AA- 债参考YTM：2.0565,N,7.0,全价：123.178 最后更新：14:56:48,,,,0,{'M': ''},0,0,N,,,buy,buy
2026-09-09 12:25:31,118005,天奈转债,tnzz,120.089,-0.65,688116,天奈科技,tnkj,33.73,-1.49,3.18,99.01,34.07,0,252.51,372.6,630702,电力设备,shkc,C,2022-03-01,[],0,0,buy,AA-,,69.307,128.713,6.7,buy,2028-01-27,1.384,8.299,1675.0,15916.81,1.68,-5.1,,0,14:59:57,00,Y,N,0,0,Y,,2022-08-09 开始转股,计算使用1.4年期 评级为AA- 债参考YTM：1.8956,N,8.3,全价：120.089 最后更新：14:59:57,,,,0,{'M': ''},0,0,N,,,buy,buy
2026-09-09 12:25:31,123072,乐歌转债,lgzz,119.739,-0.01,300729,乐歌股份,lggf,10.7,-1.56,1.02,32.61,32.81,0,264.92,384.66,360311,轻工制造,szcy,C,2020-11-10,[],0,0,buy,A+,,22.827,42.393,4.0,buy,2026-10-21,0.115,1.418,1537.24,1976.01,9.05,1.94,,0,15:34:15,00,Y,N,0,0,Y,,2021-04-27 开始转股,计算使用0.2年期 评级为A+ 债参考YTM：4.0382,N,1.42,全价：119.739 最后更新：15:34:15,,,,0,{'R': '到期\n最后交易日：2026-10-15\n最后转股日：2026-10-20\n'},0,0,N,,,buy,buy
2026-09-09 12:25:31,123273,三江转债,sjzz,316.5,-1.65,301059,金三江,jsj,12.34,-1.44,4.27,14.43,85.52,106,270.1,586.6,220309,基础化工,szcy,C,2026-07-03,[],0,0,buy,A+,,10.101,18.759,11.4,buy,2032-06-16,5.773,2.9,35696.13,1652.14,38.46,-15.77,,0,15:34:42,00,Y,N,0,0,Y,,未到转股期；2026-12-24 开始转股,计算使用5.8年期 评级为A+ 债参考YTM：5.1974,N,2.9,全价：316.500 最后更新：15:34:42,,,,0,{'M': ''},0,0,N,,,buy,buy
2026-09-09 12:25:31,127025,冀东转债,jdzz,105.754,-0.02,000401,金隅冀东,jyjd,3.65,-0.82,0.37,12.92,28.25,0,274.34,380.09,610101,建筑材料,szmb,C,2020-12-02,[],0,0,buy,AAA,,9.044,16.796,18.5,buy,2026-11-05,0.156,17.764,1165.21,2381.99,0.62,1.52,,0,15:34:15,00,Y,Y,0,0,Y,,2021-05-11 开始转股,计算使用0.2年期 评级为AAA 债参考YTM：1.5000,N,28.2,全价：105.754 最后更新：15:34:15,,,,0,{'M': ''},0,0,N,,,buy,buy
2026-09-09 12:25:31,113633,科沃转债,kwzz,111.554,-0.28,603486,科沃斯,kws,51.42,-1.61,2.93,172.97,29.73,0,275.25,386.8,330302,家用电器,shmb,C,2021-12-29,[],0,0,buy,AA,,121.079,224.861,3.5,buy,2027-11-30,1.225,10.396,2527.59,19255.51,2.18,0.18,,0,14:59:04,00,Y,N,0,0,Y,,2022-06-06 开始转股,计算使用1.3年期 评级为AA 债参考YTM：1.6245,N,10.4,全价：111.554 最后更新：14:59:04,,,,0,{'M': ''},0,0,N,,,buy,buy
2026-09-09 12:25:31,123270,盛德转债,sdzz,224.174,0.01,300881,盛德鑫泰,sdxt,31.15,-1.27,2.57,53.68,58.03,89,286.31,510.48,230501,钢铁,szcy,C,2026-06-12,[],0,0,buy,A+,,37.576,69.784,22.6,buy,2032-05-31,5.729,4.05,25109.2,2281.94,27.47,-10.74,,0,15:34:33,00,Y,N,0,0,Y,,未到转股期；2026-12-07 开始转股,计算使用5.8年期 评级为A+ 债参考YTM：5.1974,N,4.05,全价：224.174 最后更新：15:34:33,,,,0,{'M': ''},0,0,N,,,buy,buy
2026-09-09 12:25:31,123179,立高转债,lgzz,121.466,-0.28,300973,立高食品,lgsp,26.61,-1.63,1.66,94.64,28.12,0,332.0,453.47,340802,食品饮料,szcy,C,2023-03-27,[],0,0,buy,AA-,,66.248,123.032,30.1,buy,2029-03-07,2.493,9.499,1180.52,7171.7,1.02,-0.9,,0,15:34:21,00,Y,N,0,0,Y,,2023-09-13 开始转股,计算使用2.5年期 评级为AA- 债参考YTM：2.0565,N,9.5,全价：121.466 最后更新：15:34:21,,,,0,{'M': ''},0,0,N,,,buy,buy
2026-09-09 12:25:31,113059,福莱转债,flzz,115.481,-0.2,601865,福莱特,flt,9.84,-1.5,1.06,41.56,23.68,0,387.74,503.22,630504,电力设备,shmb,C,2022-06-13,[],0,0,buy,AA,,29.092,54.028,21.4,buy,2028-05-20,1.696,39.996,8631.32,10555.93,1.87,-0.87,,0,14:59:46,00,Y,N,1,0,Y,转股价下修1次，成功下修0次,2022-11-28 开始转股,计算使用1.7年期 评级为AA 债参考YTM：1.6406,N,40.0,全价：115.481 最后更新：14:59:46,,,,0,{'M': ''},0,0,N,,,buy,buy
