抓取时间,bond_id,bond_nm,bond_py,price,increase_rt,stock_id,stock_nm,stock_py,sprice,sincrease_rt,pb,convert_price,convert_value,convert_begin,premium_rt,dblow,sw_cd,sw_name,market_cd,btype,list_dt,t_flag,owned,hold,bond_value,rating_cd,option_value,put_convert_price,force_redeem_price,convert_amt_ratio,fund_rt,maturity_dt,year_left,curr_iss_amt,volume,svolume,turnover_rt,ytm_rt,put_ytm_rt,noted,last_time,qstatus,sqflag,pb_flag,adj_cnt,adj_scnt,convert_price_valid,convert_price_tips,convert_cd_tip,ref_yield_info,adjusted,orig_iss_amt,price_tips,redeem_dt,real_force_redeem_price,option_tip,after_next_put_dt,icons,is_min_price,blocked,putting,force_redeem_price_tip,notes,volatility_rate,debt_rate
2026-09-25 12:52:25,123285,润禾转02,rhz02,100.0,0.0,300727,润禾材料,rhcl,34.78,-4.58,4.63,31.1,111.83,172,-10.58,89.42,220316,基础化工,szcy,C,2026-09-29,[],0,0,buy,A+,,21.77,40.43,6.6,buy,2032-09-09,5.964,3.7,0.0,14564.15,0.0,2.84,,0,,00,Y,N,0,0,Y,,未到转股期；2027-03-16 开始转股,计算使用6.0年期 评级为A+ 债参考YTM：5.0615,N,3.7,待上市,,,,0,[],0,0,N,,,buy,buy
2026-09-25 12:52:25,123287,满坤转债,mkzz,100.0,0.0,301132,满坤科技,mkkj,70.37,-5.62,5.79,66.97,105.08,196,-4.83,95.17,270202,电子,szcy,C,,[],0,0,buy,AA-,,46.879,87.061,11.4,buy,2032-09-27,6.003,7.6,0.0,100323.86,0.0,2.18,,0,,00,Y,N,0,0,Y,,未到转股期；2027-04-09 开始转股,计算使用6.1年期 评级为AA- 债参考YTM：2.7393,N,7.6,待上市,,,,0,{'M': ''},0,0,N,,,buy,buy
2026-09-25 12:52:25,127117,奥士转债,aszz,100.0,0.0,002913,奥士康,ask,86.8,-4.47,6.26,83.96,103.38,186,-3.27,96.73,270202,电子,szmb,C,,[],0,0,buy,AA,,58.772,109.148,3.8,buy,2032-09-22,6.0,10.0,0.0,93415.61,0.0,2.16,,0,,00,Y,N,0,0,Y,,未到转股期；2027-03-30 开始转股,计算使用6.0年期 评级为AA 债参考YTM：1.9715,N,10.0,待上市,,,,0,{'M': ''},0,0,N,,,buy,buy
2026-09-25 12:52:25,118027,宏图转债,htzz,100.048,7.33,688066,*ST航图,htht,8.96,9.54,-1.73,8.68,103.23,0,-3.08,96.97,710301,计算机,shkc,C,2022-12-22,[],0,0,buy,CC,,6.076,11.284,23.1,buy,2028-11-28,2.181,6.098,165338.1,17060.82,271.32,8.49,,0,15:00:00,00,Y,N,4,4,Y,转股价下修4次，成功下修4次,2023-06-02 开始转股,计算使用2.2年期 评级为CC 债参考YTM：58.2099,N,10.088,全价：100.048 最后更新：15:00:00,,,,0,[],0,0,N,,,buy,buy
2026-09-25 12:52:25,123258,胜蓝转02,slz2,224.081,-9.48,300843,胜蓝股份,slgf,122.91,-8.92,11.66,54.36,226.1,0,-0.89,223.19,270504,电子,szcy,C,2025-09-10,[],0,0,buy,AA-,,38.052,70.668,1.0,buy,2031-08-28,,2.081,79759.0,117807.48,165.82,,,0,15:34:00,00,Y,N,0,0,Y,,2026-03-03 开始转股,强赎登记日2026-09-29，赎回价格100.0500元，如不考虑强赎纯债价值为105.26元，计算使用5.0年期 评级为AA- 债参考YTM：2.2961,N,4.5,全价：224.081 最后更新：15:34:00,2026-09-29,100.0500,如不考虑强赎期权价值为171.75元,0,"{'R': '最后交易日 2026年9月29日\r\n最后转股日 2026年10月9日\r\n赎回价 100.05元/张', 'M': ''}",0,0,N,,,buy,buy
2026-09-25 12:52:25,113046,金田转债,jtzz,116.174,-7.75,601609,金田股份,jtgf,11.86,-7.27,1.98,10.18,116.5,0,-0.28,115.89,240302,有色金属,shmb,C,2021-04-12,[],0,0,buy,AA+,,7.126,13.234,6.1,buy,2027-03-22,0.49,12.542,64180.95,80817.66,43.38,-10.84,,0,14:59:58,00,Y,N,0,0,Y,,2021-09-27 开始转股,已公告要强赎，如不考虑强赎纯债价值为109.20元，计算使用0.5年期 评级为AA+ 债参考YTM：1.5016,N,15.0,全价：116.174 最后更新：14:59:58,,,如不考虑强赎期权价值为25.01元,1,"{'O': '', 'M': ''}",0,0,N,,,buy,buy
2026-09-25 12:52:25,110077,洪城转债,hczz,198.284,-0.96,600461,洪城环境,hchj,8.76,-0.9,1.16,4.41,198.64,0,-0.18,198.1,760102,环保,shmb,C,2020-12-17,[],0,0,buy,AA+,,3.087,5.733,4.3,buy,2026-11-20,0.156,4.982,5890.26,6755.56,5.93,-290.25,,0,14:59:52,00,Y,N,0,0,Y,,2021-05-26 开始转股,计算使用0.2年期 评级为AA+ 债参考YTM：1.5001,N,18.0,全价：198.284 最后更新：14:59:52,,,,1,"{'G': '本次（2026年7月12日至2026年7月31日）不提前赎回，至到期日止均不行使提前赎回权利', 'M': ''}",0,0,N,,,buy,buy
2026-09-25 12:52:25,127047,帝欧转债,dozz,131.1,-0.84,002798,帝欧水华,dosh,6.6,-1.05,1.9,5.1,129.41,0,1.3,132.4,360306,轻工制造,szmb,C,2021-11-26,[],0,0,buy,BBB+,,3.57,6.63,13.6,buy,2027-10-25,1.085,4.654,8545.98,6548.73,14.0,-10.1,,0,15:34:30,00,Y,N,1,1,Y,转股价下修1次，成功下修1次,2022-04-29 开始转股,计算使用1.1年期 评级为BBB+ 债参考YTM：11.8631,N,15.0,全价：131.100 最后更新：15:34:30,,,,1,[],0,0,N,,,buy,buy
2026-09-25 12:52:25,113042,上银转债,syzz,115.983,0.38,601229,上海银行,shyh,9.51,0.42,0.51,8.35,113.89,0,1.84,117.82,480401,银行,shmb,C,2021-02-10,[],0,0,buy,AAA,,,10.855,14.1,buy,2027-01-25,0.337,192.16,24015.61,35911.52,1.08,-10.19,,0,14:59:50,00,Y,Y,0,0,Y,,2021-07-29 开始转股,计算使用0.4年期 评级为AAA 债参考YTM：1.4809,N,200.0,全价：115.983 最后更新：14:59:50,,,,0,{'M': ''},0,0,N,,,buy,buy
2026-09-25 12:52:25,113711,常青转债,cqzz,100.0,0.0,603125,常青科技,cqkj,23.44,-4.4,3.69,24.01,97.63,196,2.43,102.43,220309,基础化工,shmb,C,,[],0,0,buy,AA-,,16.807,31.213,8.4,buy,2032-09-27,6.003,8.0,0.0,27050.8,0.0,2.18,,0,,00,Y,N,0,0,Y,,未到转股期；2027-04-09 开始转股,计算使用6.1年期 评级为AA- 债参考YTM：2.7393,N,8.0,待上市,,,,0,{'M': ''},0,0,N,,,buy,buy
2026-09-25 12:52:25,123288,隆新转债,lxzz,100.0,0.0,301149,隆华新材,lhxc,8.91,-3.68,2.26,9.16,97.27,199,2.81,102.81,220309,基础化工,szcy,C,,[],0,0,buy,AA,,6.412,11.908,31.7,buy,2032-09-28,6.003,9.6,0.0,29266.21,0.0,2.15,,0,,00,Y,N,0,0,Y,,未到转股期；2027-04-12 开始转股,计算使用6.1年期 评级为AA 债参考YTM：1.9862,N,9.6,待上市,,,,0,{'M': ''},0,0,N,,,buy,buy
2026-09-25 12:52:25,111000,起帆转债,qfzz,131.836,-1.86,605222,起帆电缆,qfdl,22.14,-2.17,1.86,17.29,128.05,0,2.96,134.8,630805,电力设备,shmb,C,2021-06-17,[],0,0,buy,AA-,,12.103,22.477,10.9,buy,2027-05-24,0.663,9.991,12614.35,10389.03,9.48,-19.26,,0,14:59:58,00,Y,N,1,1,Y,转股价下修1次，成功下修1次,2021-11-29 开始转股,计算使用0.7年期 评级为AA- 债参考YTM：1.6963,N,10.0,全价：131.836 最后更新：14:59:58,,,,1,{'G': '本次（2026年3月13日至2026年4月20日）不提前赎回，以2026年10月21日为首个交易日重新起算'},0,0,N,,,buy,buy
2026-09-25 12:52:25,123286,国科转债,gkzz,100.0,0.0,301571,国科天成,gktc,72.16,-2.68,6.11,74.5,96.86,186,3.24,103.24,650501,国防军工,szcy,C,,[],0,0,buy,AA-,,52.15,96.85,9.9,buy,2032-09-22,6.0,8.49,0.0,29702.57,0.0,2.19,,0,,00,Y,N,0,0,Y,,未到转股期；2027-03-30 开始转股,计算使用6.0年期 评级为AA- 债参考YTM：2.7115,N,8.49,待上市,,,,0,{'M': ''},0,0,N,,,buy,buy
2026-09-25 12:52:25,123243,严牌转债,ypzz,238.58,-1.96,301081,严牌股份,ypgf,16.6,-1.83,3.39,7.22,229.92,0,3.77,242.35,760201,环保,szcy,C,2024-07-26,[],0,0,buy,A+,,5.054,9.386,6.8,buy,2030-07-10,3.795,2.558,24998.64,7493.01,40.57,-17.1,,0,15:34:00,00,Y,N,0,0,Y,,2025-01-16 开始转股,计算使用3.8年期 评级为A+ 债参考YTM：4.5696,N,4.679,全价：238.580 最后更新：15:34:00,,,,0,"{'G': '本次（2026年8月27日至2026年9月16日）不提前赎回，以2026年12月16日后的首个交易日重新计算', 'M': ''}",0,0,N,,,buy,buy
2026-09-25 12:52:25,113056,重银转债,cyzz,124.25,0.04,601963,重庆银行,cqyh,11.03,2.04,0.59,9.22,119.63,0,3.86,128.11,480401,银行,shmb,C,2022-04-14,[],0,0,buy,AAA,,,11.986,51.5,buy,2028-03-23,1.496,115.622,28453.6,14597.19,1.98,-6.53,,0,14:59:28,00,Y,N,0,0,Y,,2022-09-30 开始转股,计算使用1.5年期 评级为AAA 债参考YTM：1.5385,N,130.0,全价：124.250 最后更新：14:59:28,,,,0,{'M': ''},0,0,N,,,buy,buy
2026-09-25 12:52:25,118077,莱特转债,ltzz,100.0,0.0,688150,莱特光电,ltgd,42.99,-3.8,8.0,44.82,95.92,199,4.26,104.26,270601,电子,shkc,C,,[],0,0,buy,AA,,31.374,58.266,3.0,buy,2032-09-28,6.003,5.25,0.0,34308.61,0.0,2.15,,0,,00,Y,N,0,0,Y,,未到转股期；2027-04-12 开始转股,计算使用6.1年期 评级为AA 债参考YTM：1.9862,N,5.25,待上市,,,,0,{'M': ''},0,0,N,,,buy,buy
2026-09-25 12:52:25,123091,长海转债,chzz,133.453,-3.1,300196,长海股份,chgf,18.84,-2.53,1.6,14.79,127.38,0,4.76,138.21,610202,建筑材料,szcy,C,2021-01-15,[],0,0,buy,AA,,10.353,19.227,11.7,buy,2026-12-23,0.247,5.459,25403.34,25551.92,34.7,-69.01,,0,15:34:21,00,Y,N,0,0,Y,,2021-06-29 开始转股,计算使用0.3年期 评级为AA 债参考YTM：1.5102,N,5.5,全价：133.453 最后更新：15:34:21,,,,1,[],0,0,N,,,buy,buy
2026-09-25 12:52:25,113615,金诚转债,jczz,681.973,-6.3,603979,金诚信,jcx,72.35,-4.85,3.64,11.12,650.63,0,4.82,686.79,240302,有色金属,shmb,C,2021-01-14,[],0,0,buy,AA,,7.784,14.456,1.1,buy,2026-12-23,0.247,4.958,30191.49,33176.92,8.73,-342.81,,0,14:59:59,00,Y,N,0,0,Y,,2021-06-29 开始转股,计算使用0.3年期 评级为AA 债参考YTM：1.5102,N,10.0,全价：681.973 最后更新：14:59:59,,,,1,"{'G': '本次（2025年10月10日至2025年10月30日）不提前赎回，至2026年12月22日到期均不提前赎回', 'M': ''}",0,0,N,,,buy,buy
2026-09-25 12:52:25,123245,集智转债,jzzz,382.51,-3.89,300553,集智股份,jzgf,65.71,-2.29,8.62,18.06,363.84,0,5.13,387.64,640107,机械设备,szcy,C,2024-08-28,[],0,0,buy,A,,12.642,23.478,2.7,buy,2030-08-14,3.89,1.537,48285.46,25533.75,81.02,-26.08,,0,15:33:54,00,Y,N,0,0,Y,,2025-02-20 开始转股,计算使用3.9年期 评级为A 债参考YTM：6.9276,N,2.546,全价：382.510 最后更新：15:33:54,,,,0,[],0,0,N,,,buy,buy
2026-09-25 12:52:25,111015,东亚转债,dyzz,134.068,0.07,605177,东亚药业,dyyy,25.86,3.9,1.74,20.28,127.52,0,5.14,139.21,370101,医药生物,shmb,C,2023-08-02,[],0,0,buy,A+,,14.196,26.364,22.7,buy,2029-07-06,2.784,6.662,8627.31,17931.08,9.62,-4.41,,0,14:59:56,00,Y,N,1,1,Y,转股价下修1次，成功下修1次,2024-01-12 开始转股,计算使用2.8年期 评级为A+ 债参考YTM：4.4389,N,6.9,全价：134.068 最后更新：14:59:56,,,,0,[],0,0,N,,,buy,buy
2026-09-25 12:52:25,113043,财通转债,ctzz,110.559,-1.44,601108,财通证券,ctzq,8.36,-2.34,0.98,7.98,104.76,0,5.53,116.09,490101,非银金融,shmb,C,2020-12-28,[],0,0,buy,AAA,,,10.374,9.8,buy,2026-12-10,0.211,37.992,14477.45,27268.25,3.44,-19.81,,0,14:59:55,00,Y,Y,1,1,Y,转股价下修1次，成功下修1次,2021-06-16 开始转股,计算使用0.3年期 评级为AAA 债参考YTM：1.4803,N,38.0,全价：110.559 最后更新：14:59:55,,,,0,{'M': ''},0,0,N,,,buy,buy
2026-09-25 12:52:25,123207,冠中转债,gzzz,199.02,0.09,300948,冠中生态,gzst,19.63,-0.15,3.21,10.44,188.03,0,5.85,204.87,620307,建筑装饰,szcy,C,2023-08-09,[],0,0,buy,A-,,7.308,13.572,4.8,buy,2029-07-21,2.825,1.455,53299.64,8115.71,180.24,-16.88,,0,15:34:45,00,Y,N,1,1,Y,转股价下修1次，成功下修1次,2024-01-29 开始转股,计算使用2.9年期 评级为A- 债参考YTM：9.1609,N,4.0,全价：199.020 最后更新：15:34:45,,,,0,{'M': ''},0,0,N,,,buy,buy
2026-09-25 12:52:25,113605,大参转债,dszz,110.57,-0.38,603233,大参林,dsl,17.55,-2.34,2.59,16.86,104.09,0,6.22,116.79,370403,医药生物,shmb,C,2020-11-13,[],0,0,buy,AA,,11.802,21.918,7.0,buy,2026-10-22,0.077,14.043,6633.65,13239.81,4.26,-6.97,,0,14:59:58,00,Y,N,1,1,Y,转股价下修1次，成功下修1次,2021-04-28 开始转股,计算使用0.1年期 评级为AA 债参考YTM：1.5100,N,14.05,全价：110.570 最后更新：14:59:58,,,,1,"{'R': '到期\n最后交易日：2026-10-16\n最后转股日：2026-10-21\n债券到期日：2026-10-22\n到期赎回价：110.000元/张', 'M': ''}",0,0,N,,,buy,buy
2026-09-25 12:52:25,128134,鸿路转债,hlzz,110.9,-2.38,002541,鸿路钢构,hlgg,18.26,-7.26,1.29,17.49,104.4,0,6.22,117.12,620401,建筑装饰,szmb,C,2020-11-02,[],0,0,buy,AA,,12.243,22.737,6.2,buy,2026-10-09,0.041,6.115,29992.68,37040.08,44.07,-21.13,,0,15:33:54,00,Y,N,2,2,Y,转股价下修2次，成功下修2次,2021-04-15 开始转股,计算使用0.1年期 评级为AA 债参考YTM：1.5100,N,18.8,全价：110.900 最后更新：15:33:54,,,,0,"{'R': '到期\n最后交易日：2026-09-28\n最后转股日：2026-10-08\n债券到期日：2026-10-09\n到期赎回价：110.000元/张', 'M': ''}",0,0,N,,,buy,buy
2026-09-25 12:52:25,127061,美锦转债,mjzz,108.5,0.29,000723,美锦能源,mjny,3.52,0.0,1.24,3.47,101.44,0,6.96,115.46,740201,煤炭,szmb,C,2022-05-30,[],0,0,buy,A,,2.429,4.511,17.9,buy,2028-04-20,1.573,27.742,8798.79,14356.29,2.93,7.01,,0,15:34:06,00,Y,N,2,2,Y,转股价下修2次，成功下修2次,2022-10-26 开始转股,计算使用1.6年期 评级为A 债参考YTM：6.5469,N,35.9,全价：108.500 最后更新：15:34:06,,,,1,{'M': ''},0,0,N,,,buy,buy
2026-09-25 12:52:25,113062,常银转债,cyzz,126.297,-0.63,601128,常熟银行,csyh,6.17,-0.32,0.67,5.25,117.52,0,7.47,133.77,480501,银行,shmb,C,2022-10-17,[],0,0,buy,AAA,,,6.825,26.7,buy,2028-09-15,1.978,59.994,10673.02,30412.81,1.4,-7.53,,0,14:59:52,00,Y,N,0,0,Y,,2023-03-21 开始转股,计算使用2.0年期 评级为AAA 债参考YTM：1.5704,N,60.0,全价：126.297 最后更新：14:59:52,,,,0,{'M': ''},0,0,N,,,buy,buy
2026-09-25 12:52:25,113681,镇洋转债,zyzz,134.92,-0.88,603213,镇洋发展,zyfz,13.62,-1.02,3.26,10.95,124.38,0,8.47,143.39,220202,基础化工,shmb,C,2024-01-17,[],0,0,buy,AA-,,7.665,14.235,9.0,buy,2029-12-29,3.266,5.476,3719.79,1695.13,5.02,-3.77,,0,14:59:35,00,Y,N,0,0,Y,,2024-07-05 开始转股,计算使用3.3年期 评级为AA- 债参考YTM：2.1780,N,6.6,全价：134.920 最后更新：14:59:35,,,,0,[],0,0,N,,,buy,buy
2026-09-25 12:52:25,118058,微导转债,wdzz,364.79,-2.32,688147,微导纳米,wdnm,111.0,-3.81,16.66,33.29,333.43,0,9.4,374.19,630505,电力设备,shkc,C,2025-08-27,[],0,0,buy,AA,,23.303,43.277,2.3,buy,2031-08-06,4.869,11.698,47880.4,61110.85,11.06,-21.48,,0,14:59:59,00,Y,N,0,0,Y,,2026-02-12 开始转股,计算使用4.9年期 评级为AA 债参考YTM：1.8024,N,11.7,全价：364.790 最后更新：14:59:59,,,,0,{'M': ''},0,0,N,,,buy,buy
2026-09-25 12:52:25,110081,闻泰转债,wtzz,101.605,0.27,600745,*ST闻泰,wtkj,17.04,-0.35,0.89,18.36,92.81,0,9.48,111.09,270102,电子,shmb,C,2021-08-20,[],0,0,buy,BBB-,,12.852,23.868,31.8,buy,2027-07-28,0.841,71.5,11706.74,35043.45,1.61,7.51,,0,14:59:56,00,Y,N,3,3,Y,转股价下修3次，成功下修3次,2022-02-07 开始转股,计算使用0.9年期 评级为BB 债参考YTM：23.8699,N,86.0,全价：101.605 最后更新：14:59:56,,,,1,[],0,0,N,,,buy,buy
2026-09-25 12:52:25,113631,皖天转债,wtzz,128.839,-0.95,603689,皖天然气,wtrq,7.58,-0.13,1.06,6.51,116.44,0,10.65,139.49,410301,公用事业,shmb,C,2021-12-10,[],0,0,buy,AA+,,4.557,8.463,15.0,buy,2027-11-08,1.123,5.958,3153.99,1575.1,4.09,-12.02,,0,14:59:11,00,Y,N,0,0,Y,,2022-05-12 开始转股,计算使用1.2年期 评级为AA+ 债参考YTM：1.5409,N,9.3,全价：128.839 最后更新：14:59:11,,,,1,[],0,0,N,,,buy,buy
2026-09-25 12:52:25,127040,国泰转债,gtzz,113.5,-1.41,002091,江苏国泰,jsgt,7.51,-0.27,0.76,7.35,102.18,0,11.08,124.58,450201,商贸零售,szmb,C,2021-08-10,[],0,0,buy,AA+,,5.145,9.555,33.1,buy,2027-07-07,0.784,39.862,6965.95,4123.23,1.53,-6.21,,0,15:34:27,00,Y,N,0,0,Y,,2022-01-13 开始转股,计算使用0.8年期 评级为AA+ 债参考YTM：1.5263,N,45.574,全价：113.500 最后更新：15:34:27,,,,1,{'M': ''},0,0,N,,,buy,buy
2026-09-25 12:52:25,118035,国力转债,glzz,144.983,-1.03,688103,国力电子,gldz,81.24,-4.11,6.72,62.31,130.38,0,11.2,156.18,270401,电子,shkc,C,2023-07-06,[],0,0,buy,A+,,43.617,81.003,6.2,buy,2029-06-12,2.718,4.799,19671.74,17276.79,28.22,-7.32,,0,14:59:53,00,Y,N,0,0,Y,,2023-12-18 开始转股,计算使用2.8年期 评级为A+ 债参考YTM：4.4389,N,4.8,全价：144.983 最后更新：14:59:53,,,,0,{'M': ''},0,0,N,,,buy,buy
2026-09-25 12:52:25,127116,瑞鹄转02,rhz02,100.0,0.0,002997,瑞鹄模具,rhmj,26.14,-0.68,2.06,29.18,89.58,179,11.63,111.63,280205,汽车,szmb,C,,[],0,0,buy,AA,,20.426,37.934,12.5,buy,2032-09-16,5.984,6.86,0.0,3587.55,0.0,1.86,,0,,00,Y,N,0,0,Y,,未到转股期；2027-03-23 开始转股,计算使用6.0年期 评级为AA 债参考YTM：1.9715,N,6.86,待上市,,,,0,{'M': ''},0,0,N,,,buy,buy
2026-09-25 12:52:25,123160,泰福转债,tfzz,161.5,0.97,300992,泰福泵业,tfby,28.44,-2.17,2.95,19.7,144.37,0,11.87,173.37,640106,机械设备,szcy,C,2022-10-25,[],0,0,buy,A,,13.79,25.61,10.4,buy,2028-09-28,2.014,2.314,36535.98,8696.78,97.92,-14.28,,0,15:34:30,00,Y,N,1,1,Y,转股价下修1次，成功下修1次,2023-04-11 开始转股,计算使用2.1年期 评级为A 债参考YTM：6.6389,N,3.349,全价：161.500 最后更新：15:34:30,,,,0,{'M': ''},0,0,N,,,buy,buy
2026-09-25 12:52:25,113058,友发转债,yfzz,125.521,-0.47,601686,友发集团,yfjt,5.02,0.0,1.05,4.48,112.05,0,12.02,137.54,230403,钢铁,shmb,C,2022-04-26,[],0,0,buy,AA,,3.136,5.824,25.1,buy,2028-03-30,1.515,18.638,6514.45,1812.9,2.78,-6.34,,0,14:59:56,00,Y,N,2,2,Y,转股价下修2次，成功下修2次,2022-10-10 开始转股,计算使用1.6年期 评级为AA 债参考YTM：1.5850,N,20.0,全价：125.521 最后更新：14:59:56,,,,1,[],0,0,N,,,buy,buy
2026-09-25 12:52:25,111024,澳弘转债,ahzz,201.3,-4.47,605058,澳弘电子,ahdz,60.2,2.73,4.78,33.54,179.49,0,12.15,213.45,270202,电子,shmb,C,2026-01-16,[],0,0,buy,AA-,,23.478,43.602,6.7,buy,2031-12-11,5.216,5.798,229232.02,131951.43,190.81,-10.19,,0,15:00:00,00,Y,N,0,0,Y,,2026-06-17 开始转股,计算使用5.3年期 评级为AA- 债参考YTM：2.3760,N,5.8,全价：201.300 最后更新：15:00:00,,,,0,[],0,0,N,,,buy,buy
2026-09-25 12:52:25,128138,侨银转债,qyzz,130.851,-0.53,002973,侨银股份,qygf,12.35,-3.97,1.96,10.6,116.51,0,12.31,143.16,760103,环保,szmb,C,2020-12-24,[],0,0,buy,A+,,7.42,13.78,10.7,buy,2026-11-17,0.148,4.199,3172.53,6534.44,5.76,-4.48,,0,15:34:27,00,Y,N,3,3,Y,转股价下修3次，成功下修3次,2021-05-24 开始转股,计算使用0.2年期 评级为A+ 债参考YTM：3.9991,N,4.2,全价：130.851 最后更新：15:34:27,,,,1,[],0,0,N,,,buy,buy
2026-09-25 12:52:25,127030,盛虹转债,shzz,113.66,-1.51,000301,东方盛虹,dfsh,13.36,-2.69,2.28,13.21,101.14,0,12.38,126.04,750301,石油石化,szmb,C,2021-04-21,[],0,0,buy,AA+,,9.247,17.173,5.7,buy,2027-03-22,0.49,49.974,7398.17,18870.03,1.3,-10.15,,0,15:34:21,00,Y,N,0,0,Y,,2021-09-27 开始转股,计算使用0.5年期 评级为AA+ 债参考YTM：1.5016,N,50.0,全价：113.660 最后更新：15:34:21,,,,1,{'M': ''},0,0,N,,,buy,buy
2026-09-25 12:52:25,113610,灵康转债,lkzz,120.636,-1.58,603669,灵康药业,lkyy,5.9,-1.99,6.56,5.5,107.27,0,12.46,133.1,370102,医药生物,shmb,C,2020-12-22,[],0,0,buy,A-,,3.85,7.15,6.0,buy,2026-12-01,0.186,2.528,1952.38,17297.73,6.38,-25.45,,0,14:59:53,00,Y,N,3,3,Y,转股价下修3次，成功下修3次,2021-06-07 开始转股,计算使用0.2年期 评级为A- 债参考YTM：8.6991,N,5.25,全价：120.636 最后更新：14:59:53,,,,1,[],0,0,N,,,buy,buy
2026-09-25 12:52:25,123076,强力转债,qlzz,122.302,-0.81,300429,强力新材,qlxc,11.51,-1.46,3.25,10.6,108.59,0,12.63,134.93,270601,电子,szcy,C,2020-12-04,[],0,0,buy,AA-,,7.42,13.78,6.2,buy,2026-11-19,0.153,3.003,3024.01,14342.25,8.2,-50.47,,0,15:34:21,00,Y,N,2,2,Y,转股价下修2次，成功下修2次,2021-05-25 开始转股,计算使用0.2年期 评级为AA- 债参考YTM：1.6481,N,8.5,全价：122.302 最后更新：15:34:21,,,,1,{'M': ''},0,0,N,,,buy,buy
2026-09-25 12:52:25,113686,泰瑞转债,trzz,153.35,-2.87,603289,泰瑞机器,trjq,10.87,-2.6,2.18,8.0,135.88,0,12.86,166.21,640209,机械设备,shmb,C,2024-07-24,[],0,0,buy,AA-,,5.6,10.4,10.5,buy,2030-07-02,3.773,3.363,7356.78,14341.51,14.14,-6.51,,0,14:59:58,00,Y,N,0,0,Y,,2025-01-08 开始转股,计算使用3.8年期 评级为AA- 债参考YTM：2.2119,N,3.378,全价：153.350 最后更新：14:59:58,,,,0,[],0,0,N,,,buy,buy
2026-09-25 12:52:25,127092,运机转债,yjzz,330.999,-1.14,001288,运机集团,yjjt,34.84,3.41,3.41,11.91,292.53,0,13.15,344.15,640203,机械设备,szmb,C,2023-10-20,[],0,0,buy,AA-,,8.337,15.483,9.9,buy,2029-09-21,2.995,5.249,56004.6,27540.64,31.54,-29.13,,0,15:34:42,00,Y,N,0,0,Y,,2024-03-27 开始转股,计算使用3.0年期 评级为AA- 债参考YTM：2.1323,N,7.3,全价：330.999 最后更新：15:34:42,,,,0,{'G': '本次（2025年12月8日至2025年12月26日）不提前赎回，以2026年12月26日后的首个交易日起重新计算'},0,0,N,,,buy,buy
2026-09-25 12:52:25,118062,天准转债,tzzz,162.991,-4.6,688003,天准科技,tzkj,79.3,-4.23,7.63,55.13,143.84,0,13.31,176.3,640704,机械设备,shkc,C,2025-12-31,[],0,0,buy,AA-,,38.591,66.156,5.6,buy,2031-12-12,5.219,8.719,32420.39,21834.42,22.52,-6.43,,0,14:59:59,00,Y,N,0,0,Y,,2026-06-18 开始转股,计算使用5.3年期 评级为AA- 债参考YTM：2.3760,N,8.72,全价：162.991 最后更新：14:59:59,,,,0,"{'G': '本次（2026年6月18日至2026年7月9日）不提前赎回，以2026年10月10日为首个交易日重新计算', 'M': ''}",0,0,N,120%,,buy,buy
2026-09-25 12:52:25,127110,广核转债,ghzz,134.842,-0.31,003816,中国广核,zggh,4.19,0.24,1.71,3.58,117.04,0,15.21,150.05,410108,公用事业,szmb,C,2025-07-25,[],0,0,buy,AAA,,2.506,4.654,3.0,buy,2031-07-09,4.792,48.992,9683.61,30682.51,1.47,-4.22,,0,15:34:30,00,Y,N,0,0,Y,,2026-01-15 开始转股,计算使用4.8年期 评级为AAA 债参考YTM：1.6551,N,49.0,全价：134.842 最后更新：15:34:30,,,,0,{'M': ''},0,0,N,,,buy,buy
2026-09-25 12:52:25,110076,华海转债,hhzz,111.118,-0.09,600521,华海药业,hhyy,15.88,-3.23,2.43,16.5,96.24,0,15.46,126.58,370102,医药生物,shmb,C,2020-11-25,[],0,0,buy,AA,,11.55,21.45,7.7,buy,2026-11-02,0.107,18.424,4226.13,43734.08,2.07,-9.42,,0,14:59:52,00,Y,N,1,1,Y,转股价下修1次，成功下修1次,2021-05-06 开始转股,计算使用0.2年期 评级为AA 债参考YTM：1.5101,N,18.426,全价：111.118 最后更新：14:59:52,,,,1,"{'R': '到期\n最后交易日：2026-10-27\n最后转股日：2026-10-30\n', 'M': ''}",0,0,N,,,buy,buy
2026-09-25 12:52:25,127070,大中转债,dzzz,253.299,-5.38,001203,大中矿业,dzky,23.11,-1.99,4.83,10.56,218.85,0,15.74,269.04,230301,钢铁,szmb,C,2022-10-11,[],0,0,buy,AA,,7.392,13.728,3.1,buy,2028-08-17,1.899,9.342,20255.28,20341.38,8.31,-34.62,,0,15:34:12,00,Y,N,0,0,Y,,2023-02-23 开始转股,计算使用1.9年期 评级为AA 债参考YTM：1.6122,N,15.2,全价：253.299 最后更新：15:34:12,,,,1,{'M': ''},0,0,N,,,buy,buy
2026-09-25 12:52:25,127078,优彩转债,yczz,156.636,-0.55,002998,优彩资源,yczy,8.26,1.6,1.62,6.11,135.19,0,15.87,172.51,220401,基础化工,szmb,C,2023-01-09,[],0,0,buy,A+,,4.277,7.943,18.6,buy,2028-12-14,2.225,4.158,18317.15,11178.37,27.7,-11.77,,0,15:34:15,00,Y,N,0,0,Y,,2023-06-20 开始转股,计算使用2.3年期 评级为A+ 债参考YTM：4.3291,N,6.0,全价：156.636 最后更新：15:34:15,,,,0,{'G': '本次（2026年8月7日至2026年9月3日）不提前赎回，自2026年12月3日后首个交易日重新计算'},0,0,N,,,buy,buy
2026-09-25 12:52:25,123178,花园转债,hyzz,138.951,-2.42,300401,花园生物,hysw,15.96,-4.09,2.43,13.34,119.64,0,16.14,155.09,370101,医药生物,szcy,C,2023-03-23,[],0,0,buy,AA-,,9.338,17.342,13.5,buy,2029-03-06,2.449,11.58,10447.75,33178.11,6.44,-6.4,,0,15:34:36,00,Y,N,1,1,Y,转股价下修1次，成功下修1次,2023-09-11 开始转股,计算使用2.5年期 评级为AA- 债参考YTM：2.0210,N,12.0,全价：138.951 最后更新：15:34:36,,,,0,{'M': ''},0,0,N,,,buy,buy
2026-09-25 12:52:25,113066,平煤转债,pmzz,137.506,-0.15,601666,平煤股份,pmgf,8.83,0.0,0.87,7.46,118.37,0,16.17,153.68,740102,煤炭,shmb,C,2023-04-10,[],0,0,buy,AAA,,5.222,9.698,6.5,buy,2029-03-16,2.477,14.274,5230.07,13399.22,2.67,-8.81,,0,14:59:52,00,Y,N,1,1,Y,转股价下修1次，成功下修1次,2023-09-22 开始转股,计算使用2.5年期 评级为AAA 债参考YTM：1.5935,N,29.0,全价：137.506 最后更新：14:59:52,,,,0,{'M': ''},0,0,N,,,buy,buy
2026-09-25 12:52:25,123213,天源转债,tyzz,271.3,-2.87,301127,武汉天源,whty,16.56,-4.55,3.19,7.1,233.24,0,16.32,287.62,760102,环保,szcy,C,2023-08-16,[],0,0,buy,AA-,,4.97,9.23,3.0,buy,2029-07-28,2.844,3.259,42580.11,43231.48,46.68,-26.23,,0,15:34:51,00,Y,N,0,0,Y,,2024-02-05 开始转股,计算使用2.9年期 评级为AA- 债参考YTM：2.1108,N,10.0,全价：271.300 最后更新：15:34:51,,,,0,"{'G': '本次（2026年3月13日至2026年4月2日）不提前赎回，自2026年10月2日后首个交易日重新计算', 'M': ''}",0,0,N,,,buy,buy
2026-09-25 12:52:25,113051,节能转债,jnzz,114.07,-0.64,601016,节能风电,jnfd,3.25,-0.91,1.17,3.32,97.89,0,16.53,130.6,410107,公用事业,shmb,C,2021-07-22,[],0,0,buy,AAA,,2.324,4.316,13.5,buy,2027-06-21,0.74,26.519,7796.5,17023.47,2.58,-4.82,,0,14:59:52,00,Y,N,1,0,Y,转股价下修1次，成功下修0次,2021-12-27 开始转股,计算使用0.8年期 评级为AAA 债参考YTM：1.5063,N,30.0,全价：114.070 最后更新：14:59:52,,,,1,{'M': ''},0,0,N,,,buy,buy
2026-09-25 12:52:25,128136,立讯转债,lxzz,108.9,-0.17,002475,立讯精密,lxjm,52.0,-4.36,4.3,55.67,93.41,0,16.59,125.49,270504,电子,szmb,C,2020-12-02,[],0,0,buy,AA+,,38.969,72.371,0.8,buy,2026-11-03,0.11,29.805,14405.22,372599.54,4.44,-7.74,,0,15:34:51,00,Y,N,0,0,Y,,2021-05-10 开始转股,计算使用0.2年期 评级为AA+ 债参考YTM：1.5001,N,30.0,全价：108.900 最后更新：15:34:51,,,,1,"{'R': '到期\n最后交易日：2026-10-28\n最后转股日：2026-11-02\n', 'M': ''}",0,0,N,,,buy,buy
2026-09-25 12:52:25,127080,声迅转债,sxzz,234.618,-3.4,003004,声迅股份,sxgf,58.06,-4.22,6.89,28.94,200.62,0,16.95,251.57,710102,计算机,szmb,C,2023-02-10,[],0,0,buy,A,,20.258,37.622,7.0,buy,2028-12-30,2.269,2.793,22337.36,10094.33,33.5,-26.28,,0,15:34:18,00,Y,N,0,0,Y,,2023-07-07 开始转股,计算使用2.3年期 评级为A 债参考YTM：6.6791,N,2.8,全价：234.618 最后更新：15:34:18,,,,0,{'G': '本次（2026年8月31日至2026年9月18日）不提前赎回，自2026年12月21日重新计算'},0,0,N,,,buy,buy
2026-09-25 12:52:25,123080,海波转债,hbzz,122.537,-0.78,300517,海波重科,hbzk,11.77,-4.0,2.27,11.28,104.34,0,17.44,139.98,620401,建筑装饰,szcy,C,2020-12-22,[],0,0,buy,A+,,7.896,14.664,10.0,buy,2026-12-02,0.189,1.485,1630.58,5294.63,8.94,-11.11,,0,15:34:24,00,Y,N,0,0,Y,,2021-06-08 开始转股,计算使用0.2年期 评级为A+ 债参考YTM：3.9991,N,2.45,全价：122.537 最后更新：15:34:24,,,,1,[],0,0,N,,,buy,buy
2026-09-25 12:52:25,127053,豪美转债,hmzz,211.993,-4.08,002988,豪美新材,hmxc,31.0,-1.93,2.8,17.23,179.92,0,17.83,229.82,240301,有色金属,szmb,C,2022-03-04,[],0,0,buy,AA-,,12.061,22.399,3.3,buy,2028-01-24,1.334,2.575,20099.53,9548.02,35.94,-34.87,,0,15:34:36,00,Y,N,1,1,Y,转股价下修1次，成功下修1次,2022-07-28 开始转股,计算使用1.4年期 评级为AA- 债参考YTM：1.8234,N,8.24,全价：211.993 最后更新：15:34:36,,,,1,{'G': '本次（2026年4月30日至2026年5月25日）不提前赎回，以2026年11月25日后首个交易日起重新计算'},0,0,N,,,buy,buy
2026-09-25 12:52:25,123092,天壕转债,thzz,115.68,-0.14,300332,天壕能源,thny,4.82,-0.41,1.05,4.97,96.98,0,19.28,134.96,410301,公用事业,szcy,C,2021-01-15,[],0,0,buy,A+,,3.479,6.461,8.7,buy,2026-12-24,0.249,3.416,1784.83,5700.19,4.52,-2.38,,0,15:34:21,00,Y,N,0,0,Y,,2021-06-30 开始转股,计算使用0.3年期 评级为A+ 债参考YTM：4.0008,N,4.23,全价：115.680 最后更新：15:34:21,,,,1,{'M': ''},0,0,N,,,buy,buy
2026-09-25 12:52:25,123247,万凯转债,wkzz,183.5,-2.24,301216,万凯新材,wkxc,17.05,-3.13,1.5,11.15,152.92,0,20.0,203.5,220501,基础化工,szcy,C,2024-09-05,[],0,0,buy,AA,,7.805,14.495,21.2,buy,2030-08-16,3.896,19.642,8810.7,22013.89,2.43,-11.62,,0,15:34:48,00,Y,N,0,0,Y,,2025-02-24 开始转股,计算使用3.9年期 评级为AA 债参考YTM：1.7608,N,27.0,全价：183.500 最后更新：15:34:48,,,,0,"{'G': '本次（2026年6月17日至2026年7月8日）不提前赎回，自2026年10月8日后首个交易日重新计算', 'M': ''}",0,0,N,,,buy,buy
2026-09-25 12:52:25,123235,亿田转债,ytzz,198.188,0.09,300911,亿田智能,ytzn,35.15,-3.01,5.74,21.31,164.95,0,20.15,218.34,330401,家用电器,szcy,C,2024-01-12,[],0,0,buy,A+,,14.917,27.703,7.2,buy,2029-12-21,3.244,4.352,140479.4,43123.11,164.22,-14.69,,0,15:34:00,00,Y,N,0,0,Y,,2024-06-27 开始转股,计算使用3.3年期 评级为A+ 债参考YTM：4.5295,N,5.202,全价：198.188 最后更新：15:34:00,,,,0,"{'G': '本次（2026年9月1日至2026年9月23日）不提前赎回，自2026年12月23日后首个交易日重新起算', 'M': ''}",0,0,N,,,buy,buy
2026-09-25 12:52:25,123187,超达转债,cdzz,203.779,-2.87,301186,超达装备,cdzb,36.63,-3.5,2.58,21.77,168.26,0,21.11,224.89,280205,汽车,szcy,C,2023-04-25,[],0,0,buy,A,,15.239,28.301,5.7,buy,2029-04-04,2.529,2.242,6293.07,6400.22,13.67,-19.45,,0,15:34:48,00,Y,N,0,0,Y,,2023-10-11 开始转股,计算使用2.6年期 评级为A 债参考YTM：6.7444,N,4.69,全价：203.779 最后更新：15:34:48,,,,0,"{'G': '本次（2026年8月3日至2026年8月21日）不提前赎回，以2027年2月21日之后的首个交易日重新起算', 'M': ''}",0,0,N,,,buy,buy
2026-09-25 12:52:25,118051,皓元转债,hyzz,313.257,-2.64,688131,皓元医药,hyyy,103.54,-6.19,6.66,40.13,258.01,0,21.41,334.67,370603,医药生物,shkc,C,2024-12-19,[],0,0,buy,AA-,,28.091,52.169,3.7,buy,2030-11-28,4.181,8.218,31513.93,72448.38,12.05,-21.24,,0,14:59:59,00,Y,N,0,0,Y,,2025-06-04 开始转股,计算使用4.2年期 评级为AA- 债参考YTM：2.2443,N,8.223,全价：313.257 最后更新：14:59:59,,,,0,"{'G': '本次（2026年5月20日至2026年6月9日）不提前赎回，以2026年10月12日为首个交易日重新计算', 'M': ''}",0,0,N,,,buy,buy
2026-09-25 12:52:25,127109,电化转债,dhzz,146.323,-1.07,002125,湘潭电化,xtdh,12.02,-0.99,2.16,9.99,120.32,0,21.61,167.93,630702,电力设备,szmb,C,2025-07-04,[],0,0,buy,AA,,6.993,12.987,6.4,buy,2031-06-16,4.729,4.866,3045.98,9806.46,4.26,-5.13,,0,15:34:39,00,Y,N,0,0,Y,,2025-12-22 开始转股,计算使用4.8年期 评级为AA 债参考YTM：1.7991,N,4.87,全价：146.323 最后更新：15:34:39,,,,0,{'M': ''},1,0,N,,,buy,buy
2026-09-25 12:52:25,113691,和邦转债,hbzz,135.061,-1.41,603077,和邦生物,hbsw,2.22,-1.33,1.02,2.0,111.0,0,21.68,156.74,220802,基础化工,shmb,C,2024-11-19,[],0,0,buy,AA,,1.4,2.6,23.5,buy,2030-10-28,4.096,45.99,12192.01,18624.96,1.95,-3.97,,0,14:59:47,00,Y,N,0,0,Y,,2025-05-06 开始转股,计算使用4.1年期 评级为AA 债参考YTM：1.7732,N,46.0,全价：135.061 最后更新：14:59:47,,,,0,"{'G': '本次（2026年1月22日至2026年3月10日）不提前赎回，以2027年3月10日之后的首个交易日重新起算', 'M': ''}",0,0,N,,,buy,buy
2026-09-25 12:52:25,127103,东南转债,dnzz,131.2,-3.44,002135,东南网架,dnwj,6.0,-2.76,1.06,5.59,107.34,0,22.23,153.43,620401,建筑装饰,szmb,C,2024-01-24,[],0,0,buy,AA,,3.913,7.267,32.7,buy,2030-01-03,3.28,19.999,10303.0,11201.52,3.88,-4.73,,0,15:34:27,00,Y,N,0,0,Y,,2024-07-09 开始转股,计算使用3.3年期 评级为AA 债参考YTM：1.7243,N,20.0,全价：131.200 最后更新：15:34:27,,,,0,{'M': ''},0,0,N,,,buy,buy
2026-09-25 12:52:25,118007,山石转债,sszz,140.832,-0.44,688030,山石网科,sswk,19.0,0.0,4.81,16.5,115.15,0,22.3,163.13,710402,计算机,shkc,C,2022-04-21,[],0,0,buy,A-,,11.55,21.45,7.8,buy,2028-03-22,1.493,2.671,3772.84,6736.21,10.01,-12.1,,0,14:59:15,00,Y,N,1,1,Y,转股价下修1次，成功下修1次,2022-09-28 开始转股,计算使用1.5年期 评级为A- 债参考YTM：8.8785,N,2.674,全价：140.832 最后更新：14:59:15,,,,1,{'M': ''},0,0,N,,,buy,buy
2026-09-25 12:52:25,123107,温氏转债,wszz,110.36,-1.02,300498,温氏股份,wsgf,14.51,-1.89,2.7,16.09,90.18,0,22.38,132.74,110702,农林牧渔,szcy,C,2021-04-21,[],0,0,buy,AAA,,11.263,20.917,8.9,buy,2027-03-29,0.51,77.063,12454.22,31385.47,1.46,-4.2,,0,15:34:24,00,Y,N,0,0,Y,,2021-10-08 开始转股,计算使用0.6年期 评级为AAA 债参考YTM：1.4873,N,92.97,全价：110.360 最后更新：15:34:24,,,,1,{'M': ''},0,0,N,,,buy,buy
2026-09-25 12:52:25,127045,牧原转债,myzz,114.58,-1.1,002714,牧原股份,mygf,40.48,-2.22,2.91,43.32,93.44,0,22.62,137.2,110702,农林牧渔,szmb,C,2021-09-10,[],0,0,buy,AAA,,30.324,56.316,7.2,buy,2027-08-16,0.893,95.429,11305.11,110645.58,1.03,-7.41,,0,15:34:24,00,Y,Y,0,0,Y,,2022-02-21 开始转股,计算使用0.9年期 评级为AAA 债参考YTM：1.5095,N,95.5,全价：114.580 最后更新：15:34:24,,,,1,{'M': ''},0,0,N,,,buy,buy
2026-09-25 12:52:25,111002,特纸转债,tzzz,133.697,-1.99,605007,五洲特纸,wztz,14.68,-3.17,1.84,13.49,108.82,0,22.86,156.56,360103,轻工制造,shmb,C,2021-12-30,[],0,0,buy,AA,,9.443,17.537,9.5,buy,2027-12-08,1.206,6.619,4328.57,5175.18,4.88,-12.68,,0,15:00:00,00,Y,N,1,1,Y,转股价下修1次，成功下修1次,2022-06-14 开始转股,计算使用1.3年期 评级为AA 债参考YTM：1.5593,N,6.7,全价：133.697 最后更新：15:00:00,,,,1,[],0,0,N,,,buy,buy
2026-09-25 12:52:25,127096,泰坦转债,ttzz,528.42,-1.94,003036,泰坦股份,ttgf,56.56,-3.81,8.15,13.2,428.49,0,23.32,551.74,640206,机械设备,szmb,C,2023-11-15,[],0,0,buy,A,,9.24,17.16,2.3,buy,2029-10-25,3.088,2.874,110900.82,86794.41,71.89,-38.59,,0,15:34:45,00,Y,N,0,0,Y,,2024-05-06 开始转股,计算使用3.1年期 评级为A 债参考YTM：6.8515,N,2.955,全价：528.420 最后更新：15:34:45,,,,0,{'G': '本次（2026年6月12日至2026年7月3日）不提前赎回，以2026年10月3日后首个交易日起重新计算'},0,0,N,,,buy,buy
2026-09-25 12:52:25,127084,柳工转2,lgz2,133.189,-1.89,000528,柳工,lg,7.5,-1.45,0.79,6.98,107.45,0,23.95,157.14,640601,机械设备,szmb,C,2023-04-20,[],0,0,buy,AAA,,4.886,9.074,16.2,buy,2029-03-27,2.507,24.809,9206.75,16899.02,2.77,-5.53,,0,15:34:33,00,Y,N,0,0,Y,,2023-10-09 开始转股,计算使用2.6年期 评级为AAA 债参考YTM：1.5972,N,30.0,全价：133.189 最后更新：15:34:33,,,,0,{'M': ''},0,0,N,,,buy,buy
2026-09-25 12:52:25,127037,银轮转债,ylzz,436.999,-9.33,002126,银轮股份,ylgf,36.11,-5.79,4.06,10.27,351.61,0,24.29,461.29,280203,汽车,szmb,C,2021-07-09,[],0,0,buy,AA,,7.189,13.351,1.7,buy,2027-06-07,0.701,5.055,31970.59,70852.54,14.02,-106.68,,0,15:34:21,00,Y,N,0,0,Y,,2021-12-13 开始转股,计算使用0.8年期 评级为AA 债参考YTM：1.5363,N,7.0,全价：436.999 最后更新：15:34:21,,,,1,"{'G': '本次（2026年5月27日至2026年6月16日）不提前赎回，2027年5月16日后首个交易日重新计算', 'M': ''}",0,0,N,,,buy,buy
2026-09-25 12:52:25,123104,卫宁转债,wnzz,122.8,-0.73,300253,卫宁健康,wnjk,6.9,-1.57,2.77,7.02,98.29,0,24.94,147.74,710401,计算机,szcy,C,2021-03-31,[],0,0,buy,AA,,4.914,9.126,7.6,buy,2027-03-16,0.474,9.699,3664.64,21776.93,3.07,-4.84,,0,15:34:21,00,Y,N,2,2,Y,转股价下修2次，成功下修2次,2021-09-22 开始转股,计算使用0.5年期 评级为AA 债参考YTM：1.5116,N,9.703,全价：122.800 最后更新：15:34:21,,,,1,{'M': ''},0,0,N,,,buy,buy
2026-09-25 12:52:25,123149,通裕转债,tyzz,126.865,-0.23,300185,通裕重工,tyzg,2.75,0.73,1.52,2.71,101.48,0,25.02,151.89,630602,电力设备,szcy,C,2022-07-15,[],0,0,buy,AA,,1.897,3.523,10.5,buy,2028-06-20,1.74,11.069,5551.11,17290.03,3.95,-6.12,,0,15:34:27,00,Y,N,0,0,Y,,2022-12-26 开始转股,计算使用1.8年期 评级为AA 债参考YTM：1.6034,N,14.847,全价：126.865 最后更新：15:34:27,,,,1,{'M': ''},0,0,N,,,buy,buy
2026-09-25 12:52:25,110084,贵燃转债,grzz,128.006,-1.07,600903,贵州燃气,gzrq,6.56,-1.2,2.34,6.42,102.18,0,25.27,153.28,410301,公用事业,shmb,C,2022-01-18,[],0,0,buy,AA,,4.494,8.346,10.7,buy,2027-12-27,1.258,8.157,5616.65,20786.11,5.35,-10.32,,0,14:59:58,00,Y,N,2,2,Y,转股价下修2次，成功下修2次,2022-07-01 开始转股,计算使用1.3年期 评级为AA 债参考YTM：1.5593,N,10.0,全价：128.006 最后更新：14:59:58,,,,1,{'M': ''},0,0,N,,,buy,buy
2026-09-25 12:52:25,123144,裕兴转债,yxzz,128.2,0.49,300305,裕兴股份,yxgf,7.16,5.92,1.36,7.0,102.29,0,25.34,153.54,220505,基础化工,szcy,C,2022-04-27,[],0,0,buy,A,,4.9,9.1,26.1,buy,2028-04-11,1.548,5.997,27545.42,29940.37,35.52,-5.81,,0,15:34:33,00,Y,N,2,2,Y,转股价下修2次，成功下修2次,2022-10-17 开始转股,计算使用1.6年期 评级为A 债参考YTM：6.5469,N,6.0,全价：128.200 最后更新：15:34:33,,,,1,[],0,0,N,,,buy,buy
2026-09-25 12:52:25,123189,晓鸣转债,xmzz,133.466,-1.26,300967,晓鸣股份,xmgf,16.15,-1.16,3.97,15.18,106.39,0,25.45,158.92,110703,农林牧渔,szcy,C,2023-04-25,[],0,0,buy,A,,10.626,19.734,16.3,buy,2029-04-06,2.534,3.286,3001.04,3890.55,6.81,-5.07,,0,15:34:39,00,Y,N,1,1,Y,转股价下修1次，成功下修1次,2023-10-12 开始转股,计算使用2.6年期 评级为A 债参考YTM：6.7444,N,3.29,全价：133.466 最后更新：15:34:39,,,,0,{'M': ''},0,0,N,,,buy,buy
2026-09-25 12:52:25,118050,航宇转债,hyzz,281.73,-4.29,688239,航宇科技,hykj,55.45,-2.51,4.75,24.81,223.5,0,26.05,307.78,650201,国防军工,shkc,C,2024-09-10,[],0,0,buy,AA-,,17.367,32.253,6.2,buy,2030-08-21,3.91,6.597,17915.71,26113.33,9.51,-19.97,,0,14:59:58,00,Y,N,0,0,Y,,2025-02-27 开始转股,计算使用4.0年期 评级为AA- 债参考YTM：2.2272,N,6.67,全价：281.730 最后更新：14:59:58,,,,0,{'M': ''},0,0,N,,,buy,buy
2026-09-25 12:52:25,118036,力合转债,lhzz,141.721,-1.67,688589,力合微,lhw,20.79,-2.62,2.87,18.5,112.38,0,26.11,167.83,270104,电子,shkc,C,2023-07-20,[],0,0,buy,AA-,,12.95,24.05,12.6,buy,2029-06-28,2.762,3.8,3794.94,5901.74,7.02,-6.37,,0,14:58:28,00,Y,N,2,2,Y,转股价下修2次，成功下修2次,2024-01-04 开始转股,计算使用2.8年期 评级为AA- 债参考YTM：2.0886,N,3.8,全价：141.721 最后更新：14:58:28,,,,0,{'M': ''},0,0,N,,,buy,buy
2026-09-25 12:52:25,127056,中特转债,ztzz,119.132,-1.28,000708,中信特钢,zxtg,12.92,-0.31,1.47,13.69,94.38,0,26.23,145.36,230501,钢铁,szmb,C,2022-04-15,[],0,0,buy,AAA,,9.583,17.797,7.7,buy,2028-02-25,1.422,49.996,5024.57,9224.17,0.84,-6.99,,0,15:34:12,00,Y,N,1,1,Y,转股价下修1次，成功下修1次,2022-09-05 开始转股,计算使用1.5年期 评级为AAA 债参考YTM：1.5385,N,50.0,全价：119.132 最后更新：15:34:12,,,,0,{'M': ''},0,0,N,,,buy,buy
2026-09-25 12:52:25,113052,兴业转债,xyzz,112.227,0.06,601166,兴业银行,xyyh,17.88,0.06,0.4,20.13,88.82,0,26.35,138.58,480301,银行,shmb,C,2022-01-14,[],0,0,buy,AAA,,,26.169,10.9,buy,2027-12-27,1.258,413.5,46510.67,106775.16,1.0,-0.67,,0,14:59:58,00,Y,Y,0,0,Y,,2022-06-30 开始转股,计算使用1.3年期 评级为AAA 债参考YTM：1.5263,N,500.0,全价：112.227 最后更新：14:59:58,,,,0,{'M': ''},0,0,N,,,buy,buy
2026-09-25 12:52:25,123257,安克转债,akzz,145.338,-1.72,300866,安克创新,akcx,122.6,-1.57,6.23,106.76,114.84,0,26.56,171.9,270503,电子,szcy,C,2025-07-04,[],0,0,buy,AA+,,74.732,138.788,2.9,buy,2031-06-16,4.729,11.046,4989.7,28501.21,3.09,-5.38,,0,15:33:54,00,Y,N,0,0,Y,,2025-12-22 开始转股,计算使用4.8年期 评级为AA+ 债参考YTM：1.7315,N,11.048,全价：145.338 最后更新：15:33:54,,,,0,{'M': ''},0,0,N,,,buy,buy
2026-09-25 12:52:25,123150,九强转债,jqzz,129.75,-1.26,300406,九强生物,jqsw,11.72,-1.1,1.92,11.45,102.36,0,26.76,156.51,370504,医药生物,szcy,C,2022-07-20,[],0,0,buy,AA-,,8.015,14.885,22.5,buy,2028-06-30,1.767,11.21,2693.23,5342.13,1.85,-7.95,,0,15:34:33,00,Y,N,1,1,Y,转股价下修1次，成功下修1次,2023-01-06 开始转股,计算使用1.8年期 评级为AA- 债参考YTM：1.8876,N,11.39,全价：129.750 最后更新：15:34:33,,,,1,{'M': ''},0,0,N,,,buy,buy
2026-09-25 12:52:25,127088,赫达转债,hdzz,164.444,-1.48,002810,山东赫达,sdhd,21.23,-1.12,3.14,16.41,129.37,0,27.11,191.55,220309,基础化工,szmb,C,2023-07-19,[],0,0,buy,AA-,,11.487,21.333,8.7,buy,2029-07-03,2.775,5.996,2915.77,6277.96,2.95,-11.29,,0,15:34:15,00,Y,N,0,0,Y,,2024-01-08 开始转股,计算使用2.8年期 评级为AA- 债参考YTM：2.0886,N,6.0,全价：164.444 最后更新：15:34:15,,,,0,"{'G': '本次（2026年3月30日至2026年4月20日）不提前赎回，自2026年10月21日起重新计算', 'M': ''}",0,0,N,,,buy,buy
2026-09-25 12:52:25,113695,华辰转债,hczz,140.908,-1.3,603097,江苏华辰,jshc,18.44,-0.59,3.79,16.68,110.55,0,27.46,168.37,630801,电力设备,shmb,C,2025-07-10,[],0,0,buy,A+,,11.676,21.684,11.1,buy,2031-06-20,4.74,4.597,4384.38,3448.69,6.73,-3.61,,0,14:59:52,00,Y,N,0,0,Y,,2025-12-26 开始转股,计算使用4.8年期 评级为A+ 债参考YTM：4.6358,N,4.6,全价：140.908 最后更新：14:59:52,,,,0,[],0,0,N,,,buy,buy
2026-09-25 12:52:25,110099,福能转债,fnzz,144.18,-0.36,600483,福能股份,fngf,10.73,0.56,1.07,9.49,113.07,0,27.52,171.7,410110,公用事业,shmb,C,2025-10-30,[],0,0,buy,AA+,,6.643,12.337,12.7,buy,2031-10-13,5.055,38.019,11822.78,12065.22,2.16,-5.22,,0,14:59:23,00,Y,N,0,0,Y,,2026-04-17 开始转股,计算使用5.1年期 评级为AA+ 债参考YTM：1.7406,N,38.02,全价：144.180 最后更新：14:59:23,,,,0,{'M': ''},0,0,N,,,buy,buy
2026-09-25 12:52:25,111017,蓝天转债,ltzz,126.388,-0.71,605368,蓝天燃气,ltrq,6.66,-0.75,1.38,6.72,99.11,0,27.53,153.92,410301,公用事业,shmb,C,2023-09-08,[],0,0,buy,AA,,4.704,8.736,14.1,buy,2029-08-15,2.893,6.715,2518.97,1411.76,2.95,-3.76,,0,14:59:27,00,Y,N,1,1,Y,转股价下修1次，成功下修1次,2024-02-21 开始转股,计算使用2.9年期 评级为AA 债参考YTM：1.6941,N,8.7,全价：126.388 最后更新：14:59:27,,,,0,[],0,0,N,,,buy,buy
2026-09-25 12:52:25,118030,睿创转债,rczz,598.369,-1.84,688002,睿创微纳,rcwn,178.85,-2.83,10.27,38.16,468.68,0,27.67,626.04,270105,电子,shkc,C,2023-02-10,[],0,0,buy,AA,,26.712,49.608,1.5,buy,2028-12-30,2.269,12.622,22428.5,130176.87,2.95,-52.42,,0,14:59:57,00,Y,N,0,0,Y,,2023-07-06 开始转股,计算使用2.3年期 评级为AA 债参考YTM：1.6445,N,15.647,全价：598.369 最后更新：14:59:57,,,,0,"{'G': '本次（2026年3月18日至2026年4月8日）不提前赎回，以2027年4月9日为首个交易日重新计算', 'M': ''}",0,0,N,,,buy,buy
2026-09-25 12:52:25,110098,南药转债,nyzz,129.714,-1.01,600713,南京医药,njyy,4.92,-0.4,0.89,4.86,101.24,0,28.13,157.84,370402,医药生物,shmb,C,2025-01-20,[],0,0,buy,AA+,,3.402,6.318,17.0,buy,2030-12-25,4.255,10.814,5085.47,4384.92,3.62,-3.39,,0,14:58:47,00,Y,N,0,0,Y,,2025-07-01 开始转股,计算使用4.3年期 评级为AA+ 债参考YTM：1.7211,N,10.815,全价：129.714 最后更新：14:58:47,,,,0,[],0,0,N,,,buy,buy
2026-09-25 12:52:25,110097,天润转债,trzz,136.552,-1.08,600419,天润乳业,trry,8.72,-0.34,1.1,8.19,106.47,0,28.25,164.8,340702,食品饮料,shmb,C,2024-11-15,[],0,0,buy,AA,,5.733,10.647,35.9,buy,2030-10-24,4.085,9.889,3656.38,1935.18,2.7,-4.24,,0,14:59:50,00,Y,N,0,0,Y,,2025-04-30 开始转股,计算使用4.1年期 评级为AA 债参考YTM：1.7732,N,9.9,全价：136.552 最后更新：14:59:50,,,,0,[],0,0,N,,,buy,buy
2026-09-25 12:52:25,123118,惠城转债,hczz,648.0,-4.61,300779,惠城环保,hchb,52.14,-3.01,7.0,10.33,504.74,0,28.38,676.38,760103,环保,szcy,C,2021-07-26,[],0,0,buy,A+,,7.231,13.429,0.6,buy,2027-07-07,0.784,0.654,23740.1,19068.58,55.13,-105.35,,0,15:34:36,00,Y,N,0,0,Y,,2022-01-13 开始转股,计算使用0.8年期 评级为A+ 债参考YTM：4.0623,N,3.2,全价：648.000 最后更新：15:34:36,,,,1,"{'G': '本次（2026年8月27日至2026年9月16日）不提前赎回，自2026年12月16日后首个交易日重新计算', 'M': ''}",0,0,N,,,buy,buy
2026-09-25 12:52:25,123133,佩蒂转债,pdzz,126.974,-1.05,300673,佩蒂股份,pdgf,14.82,-1.4,2.02,15.0,98.8,0,28.52,155.49,110404,农林牧渔,szcy,C,2022-01-21,[],0,0,buy,AA-,,10.5,19.5,30.3,buy,2027-12-22,1.244,7.198,3869.07,3918.13,4.22,-6.46,,0,15:34:45,00,Y,N,2,2,Y,转股价下修2次，成功下修2次,2022-06-28 开始转股,计算使用1.3年期 评级为AA- 债参考YTM：1.8066,N,7.2,全价：126.974 最后更新：15:34:45,,,,1,[],0,0,N,,,buy,buy
2026-09-25 12:52:25,123124,晶瑞转2,jrz2,134.135,-2.16,300655,晶瑞电材,jrdc,13.34,-2.27,5.56,12.79,104.3,0,28.6,162.74,270601,电子,szcy,C,2021-09-07,[],0,0,buy,A+,,8.953,16.627,3.5,buy,2027-08-16,0.893,5.224,2374.99,35599.12,3.36,-22.65,,1,15:34:27,00,Y,N,1,1,Y,转股价下修1次，成功下修1次,2022-02-21 开始转股,计算使用0.9年期 评级为A+ 债参考YTM：4.0775,N,5.23,全价：134.135 最后更新：15:34:27,,,,1,{'M': ''},0,0,N,,23年6月前不下修,buy,buy
2026-09-25 12:52:25,111004,明新转债,mxzz,133.254,-1.1,605068,明新旭腾,mxxt,20.8,-0.38,2.04,20.15,103.23,0,29.09,162.34,280202,汽车,shmb,C,2022-04-25,[],0,0,buy,AA-,,14.105,26.195,19.9,buy,2028-03-30,1.515,6.715,5556.51,8983.83,6.19,-8.09,,0,14:59:24,00,Y,N,1,1,Y,转股价下修1次，成功下修1次,2022-10-10 开始转股,计算使用1.6年期 评级为AA- 债参考YTM：1.8557,N,6.73,全价：133.254 最后更新：14:59:24,,,,1,[],0,0,N,,,buy,buy
2026-09-25 12:52:25,123209,聚隆转债,jlzz,159.056,-1.54,300644,南京聚隆,njjl,21.44,0.19,2.15,17.51,122.44,0,29.9,188.96,220503,基础化工,szcy,C,2023-08-17,[],0,0,buy,A+,,12.257,22.763,8.8,buy,2029-07-26,2.838,1.672,7930.43,7710.5,29.4,-10.41,,0,15:34:51,00,Y,N,0,0,Y,,2024-02-01 开始转股,计算使用2.9年期 评级为A+ 债参考YTM：4.4609,N,2.185,全价：159.056 最后更新：15:34:51,,,,0,[],0,0,N,,,buy,buy
2026-09-25 12:52:25,127027,能化转债,nhzz,109.67,-0.03,000552,甘肃能化,gsnh,2.47,0.41,0.78,2.93,84.3,0,30.09,139.76,740101,煤炭,szmb,C,2021-01-22,[],0,0,buy,AAA,,2.051,3.809,21.1,buy,2026-12-10,0.211,19.463,4948.94,11558.3,2.32,1.45,,0,15:34:00,00,Y,N,0,0,Y,,2021-06-16 开始转股,计算使用0.3年期 评级为AAA 债参考YTM：1.4803,N,28.0,全价：109.670 最后更新：15:34:00,,,,1,{'M': ''},0,0,N,,,buy,buy
2026-09-25 12:52:25,127095,广泰转债,gtzz,137.784,-1.57,002111,威海广泰,whgt,9.35,-0.43,1.58,8.83,105.89,0,30.12,167.9,650201,国防军工,szmb,C,2023-11-10,[],0,0,buy,AA-,,6.181,11.479,15.2,buy,2029-10-18,3.069,6.927,2909.78,4357.45,3.04,-4.68,,0,15:34:21,00,Y,N,0,0,N,2026-09-21 至 2026-09-29 期间暂停转股：权益分派,2024-04-24 开始转股;2026-09-21 至 2026-09-29 期间暂停转股：权益分派,计算使用3.1年期 评级为AA- 债参考YTM：2.1513,N,7.0,全价：137.784 最后更新：15:34:21,,,,0,[],0,0,N,,,buy,buy
2026-09-25 12:52:25,127046,百润转债,brzz,123.721,0.05,002568,百润股份,brgf,19.25,3.33,3.91,20.33,94.69,0,30.66,154.38,340602,食品饮料,szmb,C,2021-11-03,[],0,0,buy,AA,,14.231,26.429,7.7,buy,2027-09-29,1.014,11.274,11863.61,45494.78,8.46,-9.68,,0,15:34:27,00,Y,N,1,1,Y,转股价下修1次，成功下修1次,2022-04-12 开始转股,计算使用1.1年期 评级为AA 债参考YTM：1.5464,N,11.28,全价：123.721 最后更新：15:34:27,,,,0,{'M': ''},0,0,N,,,buy,buy
2026-09-25 12:52:25,113659,莱克转债,lkzz,128.537,-2.14,603355,莱克电气,lkdq,31.1,-3.95,2.99,31.72,98.05,0,31.1,159.64,330302,家用电器,shmb,C,2022-11-15,[],0,0,buy,AA,,22.204,41.236,6.7,buy,2028-10-14,2.058,11.998,8117.67,14750.08,5.23,-6.07,,0,14:59:43,00,Y,N,0,0,Y,,2023-04-20 开始转股,计算使用2.1年期 评级为AA 债参考YTM：1.6284,N,12.0,全价：128.537 最后更新：14:59:43,,,,0,{'M': ''},0,0,N,,,buy,buy
2026-09-25 12:52:25,113054,绿动转债,ldzz,121.433,-0.71,601330,绿色动力,lsdl,8.03,0.37,1.36,8.67,92.62,0,31.11,152.54,760103,环保,shmb,C,2022-03-23,[],0,0,buy,AA+,,6.069,11.271,29.7,buy,2028-02-25,1.422,23.598,6766.33,7172.92,2.36,-6.32,,0,14:59:14,00,Y,N,0,0,Y,,2022-09-05 开始转股,计算使用1.5年期 评级为AA+ 债参考YTM：1.5585,N,23.6,全价：121.433 最后更新：14:59:14,,,,1,[],0,0,N,,,buy,buy
2026-09-25 12:52:25,118044,赛特转债,stzz,164.025,-1.32,688398,赛特新材,stxc,23.57,0.47,3.47,18.85,125.04,0,31.18,195.21,220309,基础化工,shkc,C,2023-10-12,[],0,0,buy,A+,,13.195,24.505,11.2,buy,2029-09-11,2.967,4.42,10001.99,4583.02,13.79,-11.04,,0,14:59:58,00,Y,N,1,1,Y,转股价下修1次，成功下修1次,2024-03-15 开始转股,计算使用3.0年期 评级为A+ 债参考YTM：4.4823,N,4.42,全价：164.025 最后更新：14:59:58,,,,0,"{'G': '本次（2026年3月10日至2026年4月20日）不提前赎回，以2026年10月21日起算', 'M': ''}",0,0,N,,,buy,buy
2026-09-25 12:52:25,123194,百洋转债,byzz,133.961,-1.86,301015,百洋医药,byyy,25.23,-3.41,5.54,24.79,101.78,0,31.62,165.58,370402,医药生物,szcy,C,2023-05-05,[],0,0,buy,AA-,,17.353,32.227,6.4,buy,2029-04-14,2.556,8.459,7191.67,14699.38,6.32,-5.41,,0,15:34:45,00,Y,N,0,0,Y,,2023-10-20 开始转股,计算使用2.6年期 评级为AA- 债参考YTM：2.0434,N,8.6,全价：133.961 最后更新：15:34:45,,,,0,{'M': ''},0,0,N,,,buy,buy
2026-09-25 12:52:25,113680,丽岛转债,ldzz,138.276,0.93,603937,丽岛新材,ldxc,13.55,4.47,1.78,12.91,104.96,0,31.74,170.02,240301,有色金属,shmb,C,2023-12-05,[],0,0,buy,A+,,9.037,16.783,10.6,buy,2029-11-15,3.145,2.998,61051.4,36485.63,146.58,-4.44,,0,14:59:59,00,Y,N,0,0,Y,,2024-05-21 开始转股,计算使用3.2年期 评级为A+ 债参考YTM：4.5170,N,3.0,全价：138.276 最后更新：14:59:59,,,,0,[],0,0,N,,,buy,buy
2026-09-25 12:52:25,113640,苏利转债,slzz,126.14,-1.36,603585,苏利股份,slgf,10.36,-1.05,0.99,10.84,95.57,0,31.98,158.12,220803,基础化工,shmb,C,2022-03-10,[],0,0,buy,AA-,,7.588,14.092,26.3,buy,2028-02-16,1.397,7.39,4340.32,2053.82,4.65,-5.31,,0,14:59:34,00,Y,N,2,2,Y,转股价下修2次，成功下修2次,2022-08-22 开始转股,计算使用1.4年期 评级为AA- 债参考YTM：1.8234,N,9.572,全价：126.140 最后更新：14:59:34,,,,1,[],0,0,N,,,buy,buy
2026-09-25 12:52:25,123173,恒锋转债,hfzz,135.233,-0.75,300605,恒锋信息,hfxx,10.24,0.79,3.89,10.0,102.4,0,32.06,167.29,710401,计算机,szcy,C,2023-02-08,[],0,0,buy,BBB+,,7.0,13.0,18.0,buy,2028-12-30,2.269,2.33,1236.03,4081.46,3.92,-5.5,,0,15:34:39,00,Y,N,1,1,Y,转股价下修1次，成功下修1次,2023-07-06 开始转股,计算使用2.3年期 评级为BBB+ 债参考YTM：12.1953,N,2.424,全价：135.233 最后更新：15:34:39,,,,0,[],0,0,N,,,buy,buy
2026-09-25 12:52:25,123114,三角转债,sjzz,120.222,-1.24,300775,三角防务,sjfw,20.65,-1.48,1.88,22.69,91.01,0,32.1,152.32,650201,国防军工,szcy,C,2021-06-11,[],0,0,buy,AA-,,15.883,29.497,8.2,buy,2027-05-25,0.666,8.999,4076.85,18313.91,3.76,-6.55,,0,15:34:24,00,Y,N,1,1,Y,转股价下修1次，成功下修1次,2021-11-30 开始转股,计算使用0.7年期 评级为AA- 债参考YTM：1.6963,N,9.044,全价：120.222 最后更新：15:34:24,,,,1,{'M': ''},0,0,N,,,buy,buy
2026-09-25 12:52:25,111012,福新转债,fxzz,383.311,3.02,605488,福莱新材,flxc,32.22,3.9,4.26,11.11,290.01,0,32.17,415.48,220505,基础化工,shmb,C,2023-02-07,[],0,0,buy,A+,,7.777,14.443,1.1,buy,2029-01-04,2.282,1.016,224435.48,54315.29,560.95,-40.56,,0,15:00:00,00,Y,N,0,0,Y,,2023-07-10 开始转股,计算使用2.3年期 评级为A+ 债参考YTM：4.3291,N,4.29,全价：383.311 最后更新：15:00:00,,,,0,{'G': '本次（2026年6月22日至2026年7月10日）不提前赎回，自2026年10月10日之后的首个交易日重新起算'},0,0,N,,,buy,buy
2026-09-25 12:52:25,118034,晶能转债,jnzz,114.5,-1.15,688223,晶科能源,jkny,3.75,-2.6,1.59,4.34,86.41,0,32.51,147.01,630502,电力设备,shkc,C,2023-05-19,[],0,0,buy,AA+,,3.038,5.208,21.7,buy,2029-04-20,2.573,83.22,13178.56,21200.82,1.39,-1.12,,0,14:59:59,00,Y,N,2,2,Y,转股价下修2次，成功下修2次,2023-10-26 开始转股,计算使用2.6年期 评级为AA+ 债参考YTM：1.6222,N,100.0,全价：114.500 最后更新：14:59:59,,,,0,{'M': ''},0,0,N,120%,,buy,buy
2026-09-25 12:52:25,113677,华懋转债,hmzz,314.669,-5.8,603306,华懋科技,hmkj,79.92,-4.05,6.9,33.66,237.43,0,32.53,347.2,280202,汽车,shmb,C,2023-10-12,[],0,0,buy,AA-,,23.562,43.758,4.0,buy,2029-09-14,2.975,10.489,31449.0,70264.96,9.31,-28.93,,0,14:59:58,00,Y,N,0,0,Y,,2024-03-20 开始转股,计算使用3.0年期 评级为AA- 债参考YTM：2.1323,N,10.5,全价：314.669 最后更新：14:59:58,,,,0,"{'G': '本次（2026年6月29日至2026年7月17日）不提前赎回，自2026年10月17日之后的首个交易日重新起算', 'M': ''}",0,0,N,,,buy,buy
2026-09-25 12:52:25,113636,甬金转债,yjzz,128.207,-1.32,603995,甬金股份,yjgf,25.32,-1.48,1.52,26.22,96.57,0,32.76,160.97,230501,钢铁,shmb,C,2021-12-31,[],0,0,buy,AA-,,18.354,34.086,10.9,buy,2027-12-13,1.219,9.995,4078.32,7780.82,3.18,-7.02,,0,14:59:30,00,Y,N,1,1,Y,转股价下修1次，成功下修1次,2022-06-17 开始转股,计算使用1.3年期 评级为AA- 债参考YTM：1.8066,N,10.0,全价：128.207 最后更新：14:59:30,,,,1,{'M': ''},0,0,N,,,buy,buy
2026-09-25 12:52:25,118064,联瑞转债,lrzz,353.618,-6.06,688300,联瑞新材,lrxc,167.8,-8.36,22.69,63.05,266.14,0,32.87,386.49,220901,基础化工,shkc,C,2026-01-28,[],0,0,buy,AA,,44.135,81.965,1.7,buy,2032-01-08,5.293,6.949,70968.9,181512.28,28.2,-19.49,,0,15:00:00,00,Y,N,0,0,Y,,2026-07-14 开始转股,计算使用5.3年期 评级为AA 债参考YTM：1.8371,N,6.95,全价：353.618 最后更新：15:00:00,,,,0,"{'G': '本次（2026年7月14日至2026年8月3日）不提前赎回，以2026年11月4日为首个交易日重新计算', 'M': ''}",0,0,N,,,buy,buy
2026-09-25 12:52:25,113661,福22转债,f22zz,126.845,-2.53,603806,福斯特,fst,13.9,-2.8,2.16,14.59,95.27,0,33.14,159.99,630504,电力设备,shmb,C,2022-12-22,[],0,0,buy,AA,,10.213,18.967,8.4,buy,2028-11-22,2.164,30.297,18248.89,27327.11,4.74,-5.19,,0,14:59:57,00,Y,N,1,1,Y,转股价下修1次，成功下修1次,2023-05-29 开始转股,计算使用2.2年期 评级为AA 债参考YTM：1.6364,N,30.3,全价：126.845 最后更新：14:59:57,,,,0,{'M': ''},0,0,N,,,buy,buy
2026-09-25 12:52:25,118016,京源转债,jyzz,143.942,-1.24,688096,京源环保,jyhb,7.41,-1.2,2.04,6.91,107.24,0,34.23,178.17,760102,环保,shkc,C,2022-08-25,[],0,0,buy,A,,4.837,8.983,9.7,buy,2028-08-05,1.866,1.675,2499.74,3671.57,10.34,-10.43,,0,14:59:58,00,Y,N,0,0,Y,,2023-02-13 开始转股,计算使用1.9年期 评级为A 债参考YTM：6.6024,N,3.325,全价：143.942 最后更新：14:59:58,,,,1,{'M': ''},0,0,N,,,buy,buy
2026-09-25 12:52:25,128142,新乳转债,xrzz,110.1,0.06,002946,新乳业,xry,14.33,-0.83,3.4,17.5,81.89,0,34.46,144.56,340702,食品饮料,szmb,C,2021-01-19,[],0,0,buy,AA,,12.25,22.75,5.9,buy,2026-12-18,0.233,7.178,2263.69,4217.13,2.87,-0.4,,0,15:34:45,00,Y,N,0,0,Y,,2021-06-24 开始转股,计算使用0.3年期 评级为AA 债参考YTM：1.5102,N,7.18,全价：110.100 最后更新：15:34:45,,,,1,{'M': ''},0,0,N,,,buy,buy
2026-09-25 12:52:25,123131,奥飞转债,afzz,258.92,-3.57,300738,奥飞数据,afsj,19.31,-2.03,5.11,10.05,192.14,0,34.76,293.68,730104,通信,szcy,C,2021-12-22,[],0,0,buy,A+,,7.035,13.065,1.7,buy,2027-12-03,1.192,3.159,12974.84,34864.85,15.59,-49.0,,0,15:34:30,00,Y,N,0,0,Y,,2022-06-09 开始转股,计算使用1.2年期 评级为A+ 债参考YTM：4.1249,N,6.35,全价：258.920 最后更新：15:34:30,,,,1,"{'G': '本次（2026年5月21日至2026年6月10日）不提前赎回，以2026年12月10日后的首个交易日重新计算', 'M': ''}",0,0,N,,,buy,buy
2026-09-25 12:52:25,127082,亚科转债,ykzz,128.678,-1.92,002540,亚太科技,ytkj,4.98,-0.99,1.11,5.22,95.4,0,34.88,163.56,240301,有色金属,szmb,C,2023-04-27,[],0,0,buy,AA,,3.654,6.786,27.1,buy,2029-03-09,2.458,11.585,4339.5,4582.14,2.9,-4.44,,0,15:34:18,00,Y,N,0,0,N,2026-09-24 起暂停转股：权益分派,2023-09-15 开始转股;2026-09-24 起暂停转股：权益分派,计算使用2.5年期 评级为AA 债参考YTM：1.6610,N,11.59,全价：128.678 最后更新：15:34:18,,,,0,[],0,0,N,,,buy,buy
2026-09-25 12:52:25,113643,风语转债,fyzz,138.564,-2.59,603466,风语筑,fyz,12.11,-4.57,3.34,11.8,102.63,0,35.02,173.58,720706,传媒,shmb,C,2022-04-22,[],0,0,buy,AA-,,8.26,15.34,6.9,buy,2028-03-25,1.501,4.992,10963.99,65401.78,15.69,-10.78,,0,14:59:57,00,Y,N,1,1,Y,转股价下修1次，成功下修1次,2022-10-10 开始转股,计算使用1.6年期 评级为AA- 债参考YTM：1.8557,N,5.0,全价：138.564 最后更新：14:59:57,,,,1,{'M': ''},0,0,N,,,buy,buy
2026-09-25 12:52:25,110075,南航转债,nhzz,106.39,0.01,600029,南方航空,nfhk,4.86,-2.21,2.92,6.17,78.77,0,35.07,141.46,421001,交通运输,shmb,C,2020-11-03,[],0,0,buy,AAA,,4.319,8.021,9.0,buy,2026-10-15,0.058,58.958,9527.38,23860.04,1.52,1.89,,0,14:59:46,00,Y,N,0,0,Y,,2021-04-21 开始转股,计算使用0.1年期 评级为AAA 债参考YTM：1.4800,N,160.0,全价：106.390 最后更新：14:59:46,,,,1,"{'R': '到期\n最后交易日：2026-10-09\n最后转股日：2026-10-14\n债券到期日：2026-10-15\n到期赎回价：106.500元/张', 'M': ''}",0,0,N,,,buy,buy
2026-09-25 12:52:25,127055,精装转债,jzzz,188.601,-3.93,002989,中天精装,ztjz,25.83,-7.62,3.7,18.5,139.62,0,35.08,223.68,620201,建筑装饰,szmb,C,2022-03-24,[],0,0,buy,AA-,,12.95,24.05,4.1,buy,2028-02-22,1.414,2.081,25717.1,39234.29,64.99,-28.96,,0,15:34:27,00,Y,N,0,0,Y,,2022-08-29 开始转股,计算使用1.5年期 评级为AA- 债参考YTM：1.8397,N,5.77,全价：188.601 最后更新：15:34:27,,,,1,{'G': '本次（2026年2月24日至2026年3月16日）不提前赎回，自2027年3月16日后首个交易日重新计算'},0,0,N,,,buy,buy
2026-09-25 12:52:25,123122,富瀚转债,fhzz,128.591,-0.21,300613,富瀚微,fhw,86.88,0.33,6.19,91.5,94.95,0,35.43,164.02,270104,电子,szcy,C,2021-08-24,[],0,0,buy,A+,,64.05,118.95,3.0,buy,2027-08-06,0.866,5.801,6310.11,110719.49,8.44,-12.25,,0,15:34:42,00,Y,N,0,0,Y,,2022-02-14 开始转股,计算使用0.9年期 评级为A+ 债参考YTM：4.0775,N,5.812,全价：128.591 最后更新：15:34:42,,,,1,{'M': ''},0,0,N,,,buy,buy
2026-09-25 12:52:25,127060,湘佳转债,xjzz,121.966,-0.92,002982,湘佳股份,xjgf,12.42,-1.04,1.49,13.8,90.0,0,35.52,157.49,110703,农林牧渔,szmb,C,2022-06-10,[],0,0,buy,A+,,9.66,17.94,39.6,buy,2028-04-19,1.57,6.399,2895.93,3959.71,3.7,-5.55,,0,15:34:30,00,Y,N,1,1,Y,转股价下修1次，成功下修1次,2022-10-25 开始转股,计算使用1.6年期 评级为A+ 债参考YTM：4.1969,N,6.4,全价：121.966 最后更新：15:34:30,,,,0,[],0,0,N,,,buy,buy
2026-09-25 12:52:25,123199,山河转债,shzz,136.95,-1.25,300452,山河药辅,shyf,13.12,-1.2,2.97,13.0,100.92,0,35.7,172.65,370101,医药生物,szcy,C,2023-07-07,[],0,0,buy,A+,,9.1,16.9,12.3,buy,2029-06-12,2.718,3.197,1891.51,3714.61,4.3,-7.4,,0,15:34:48,00,Y,N,1,1,Y,转股价下修1次，成功下修1次,2023-12-18 开始转股,计算使用2.8年期 评级为A+ 债参考YTM：4.4389,N,3.2,全价：136.950 最后更新：15:34:48,,,,0,[],0,0,N,,,buy,buy
2026-09-25 12:52:25,118013,道通转债,dtzz,161.851,-1.63,688208,道通科技,dtkj,25.6,-1.46,4.36,21.48,119.18,0,35.8,197.65,710103,计算机,shkc,C,2022-07-28,[],0,0,buy,AA,,15.036,27.924,7.5,buy,2028-07-08,1.789,12.796,6112.27,8732.45,2.93,-16.81,,0,14:59:42,00,Y,N,0,0,N,2026-09-22 至 2026-09-29 期间暂停转股：权益分派,2023-01-16 开始转股;2026-09-22 至 2026-09-29 期间暂停转股：权益分派,计算使用1.8年期 评级为AA 债参考YTM：1.6034,N,12.8,全价：161.851 最后更新：14:59:42,,,,1,{'M': ''},0,0,N,,,buy,buy
2026-09-25 12:52:25,127050,麒麟转债,qlzz,117.14,-1.22,002984,森麒麟,sql,12.93,-1.0,0.97,15.07,85.8,0,36.53,153.67,280204,汽车,szmb,C,2021-12-06,[],0,0,buy,AA,,10.549,19.591,22.6,buy,2027-11-11,1.132,20.86,7240.82,9569.17,2.95,-4.11,,0,15:34:03,00,Y,N,2,2,Y,转股价下修2次，成功下修2次,2022-05-17 开始转股,计算使用1.2年期 评级为AA 债参考YTM：1.5523,N,21.989,全价：117.140 最后更新：15:34:03,,,,1,{'M': ''},0,0,N,,,buy,buy
2026-09-25 12:52:25,123171,共同转债,gtzz,128.658,-1.25,300966,共同药业,gtyy,25.48,-4.21,3.7,27.08,94.09,0,36.74,165.4,370101,医药生物,szcy,C,2022-12-16,[],0,0,buy,A-,,18.956,35.204,19.5,buy,2028-11-28,2.181,3.799,2809.56,5770.02,5.72,-3.49,,0,15:34:36,00,Y,N,0,0,Y,,2023-06-02 开始转股,计算使用2.2年期 评级为A- 债参考YTM：9.0085,N,3.8,全价：128.658 最后更新：15:34:36,,,,0,{'M': ''},0,0,N,,,buy,buy
2026-09-25 12:52:25,123241,欧通转债,otzz,902.007,-4.68,300870,欧陆通,olt,202.1,-5.03,11.74,30.8,656.17,0,37.47,939.48,630306,电力设备,szcy,C,2024-07-26,[],0,0,buy,AA-,,21.56,40.04,0.8,buy,2030-07-05,3.781,2.604,56166.36,89273.81,23.43,-42.25,,0,15:33:57,00,Y,N,0,0,Y,,2025-01-13 开始转股,计算使用3.8年期 评级为AA- 债参考YTM：2.2119,N,6.445,全价：902.007 最后更新：15:33:57,,,,0,"{'G': '本次（2026年8月10日至2026年8月28日）不提前赎回，自2026年11月28日后首个交易日重新计算', 'M': ''}",0,0,N,,,buy,buy
2026-09-25 12:52:25,127105,龙星转债,lxzz,129.288,-1.38,002442,龙星科技,lxkj,5.42,-2.52,1.45,5.8,93.45,0,38.35,167.64,220603,基础化工,szmb,C,2024-03-06,[],0,0,buy,AA-,,4.06,7.54,28.3,buy,2030-01-31,3.356,7.533,5700.77,13107.71,5.82,-2.41,,0,15:34:36,00,Y,N,0,0,Y,,2024-08-07 开始转股,计算使用3.4年期 评级为AA- 债参考YTM：2.1871,N,7.54,全价：129.288 最后更新：15:34:36,,,,0,[],0,0,N,,,buy,buy
2026-09-25 12:52:25,123142,申昊转债,shzz,124.56,-1.04,300853,申昊科技,shkj,30.33,-1.11,7.31,33.71,89.97,0,38.44,163.0,630803,电力设备,szcy,C,2022-04-11,[],0,0,buy,BBB+,,23.597,43.823,12.4,buy,2028-03-18,1.482,5.494,2132.46,12102.22,3.1,-6.8,,0,15:34:24,00,Y,N,0,0,Y,,2022-09-26 开始转股,计算使用1.5年期 评级为BBB+ 债参考YTM：11.9797,N,5.5,全价：124.560 最后更新：15:34:24,,,,1,[],0,0,N,,,buy,buy
2026-09-25 12:52:25,127099,盛航转债,shzz,132.0,-0.13,001205,盛航股份,shgf,14.61,0.62,1.24,15.33,95.3,0,38.51,170.51,421101,交通运输,szmb,C,2023-12-28,[],0,0,buy,AA-,,10.731,19.929,18.7,buy,2029-12-06,3.203,4.541,2397.0,2995.54,4.0,-3.07,,0,15:34:24,00,Y,N,1,1,Y,转股价下修1次，成功下修1次,2024-06-12 开始转股,计算使用3.3年期 评级为AA- 债参考YTM：2.1780,N,7.4,全价：132.000 最后更新：15:34:24,,,,0,[],0,0,N,,,buy,buy
2026-09-25 12:52:25,123176,精测转2,jcz2,435.703,-3.79,300567,精测电子,jcdz,202.7,-3.79,9.75,64.51,314.22,0,38.66,474.36,640107,机械设备,szcy,C,2023-03-22,[],0,0,buy,AA-,,45.157,83.863,2.8,buy,2029-03-02,2.438,12.753,48505.6,109521.08,8.62,-42.43,,0,15:34:42,00,Y,N,0,0,Y,,2023-09-08 开始转股,计算使用2.5年期 评级为AA- 债参考YTM：2.0210,N,12.76,全价：435.703 最后更新：15:34:42,,,,0,"{'G': '本次（2026年7月16日至2026年8月5日）不提前赎回，自2027年2月5日后首个交易日重新计算', 'M': ''}",0,0,N,,,buy,buy
2026-09-25 12:52:25,127031,洋丰转债,yfzz,113.501,-0.74,000902,新洋丰,xyf,13.71,-0.72,1.37,16.79,81.66,0,39.0,152.5,220805,基础化工,szmb,C,2021-04-23,[],0,0,buy,AA,,11.753,21.827,6.4,buy,2027-03-25,0.499,9.999,2348.84,4594.72,2.06,-2.67,,0,15:34:03,00,Y,N,1,1,Y,转股价下修1次，成功下修1次,2021-10-08 开始转股,计算使用0.5年期 评级为AA 债参考YTM：1.5116,N,10.0,全价：113.501 最后更新：15:34:03,,,,1,{'M': ''},0,0,N,,,buy,buy
2026-09-25 12:52:25,123222,博俊转债,bjzz,139.54,-1.39,300926,博俊科技,bjkj,16.52,-1.55,1.92,16.46,100.37,0,39.03,178.57,280205,汽车,szcy,C,2023-09-28,[],0,0,buy,A+,,11.522,21.398,5.0,buy,2029-09-08,2.959,2.438,2324.02,3314.54,6.8,-5.5,,0,15:34:51,00,Y,N,0,0,Y,,2024-03-14 开始转股,计算使用3.0年期 评级为A+ 债参考YTM：4.4823,N,5.0,全价：139.540 最后更新：15:34:51,,,,0,{'M': ''},0,0,N,,,buy,buy
2026-09-25 12:52:25,123211,阳谷转债,ygzz,148.41,-0.99,300121,阳谷华泰,yght,9.81,-1.01,1.2,9.2,106.63,0,39.18,187.59,220604,基础化工,szcy,C,2023-08-14,[],0,0,buy,AA-,,6.44,11.96,7.3,buy,2029-07-27,2.841,3.07,3467.34,9934.31,7.59,-7.73,,0,15:34:45,00,Y,N,0,0,Y,,2024-02-02 开始转股,计算使用2.9年期 评级为AA- 债参考YTM：2.1108,N,6.5,全价：148.410 最后更新：15:34:45,,,,0,[],0,0,N,,,buy,buy
2026-09-25 12:52:25,127113,长高转债,cgzz,147.848,-2.46,002452,长高电气,cgdq,11.59,-1.95,2.29,10.92,106.14,0,39.3,187.15,630801,电力设备,szmb,C,2026-03-30,[],0,0,buy,AA-,,7.644,14.196,12.6,buy,2032-03-09,5.46,7.586,5333.83,7184.84,4.71,-4.75,,0,15:34:48,00,Y,N,0,0,Y,,2026-09-14 开始转股,计算使用5.5年期 评级为AA- 债参考YTM：2.4729,N,7.59,全价：147.848 最后更新：15:34:48,,,,0,{'M': ''},0,0,N,,,buy,buy
2026-09-25 12:52:25,118020,芳源转债,fyzz,117.111,0.51,688148,芳源股份,fygf,5.88,-1.34,5.63,7.0,84.0,0,39.42,156.53,630702,电力设备,shkc,C,2022-11-07,[],0,0,buy,BBB,,4.9,9.1,21.4,buy,2028-09-23,2.0,6.417,3281.53,5461.7,4.38,2.69,,0,14:59:59,00,Y,N,3,3,Y,转股价下修3次，成功下修3次,2023-03-29 开始转股,计算使用2.0年期 评级为BBB 债参考YTM：15.2204,N,6.42,全价：117.111 最后更新：14:59:59,,,,1,{'M': ''},0,0,N,,,buy,buy
2026-09-25 12:52:25,123225,翔丰转债,xfzz,133.88,-1.5,300890,翔丰华,xfh,26.25,-1.69,1.36,27.34,96.01,0,39.44,173.32,630702,电力设备,szcy,C,2023-10-26,[],0,0,buy,AA-,,19.138,35.542,19.5,buy,2029-10-10,3.047,5.585,2528.52,6778.28,3.37,-2.94,,0,15:33:57,00,Y,N,1,1,Y,转股价下修1次，成功下修1次,2024-04-16 开始转股,计算使用3.1年期 评级为AA- 债参考YTM：2.1513,N,8.0,全价：133.880 最后更新：15:33:57,,,,0,{'M': ''},0,0,N,,,buy,buy
2026-09-25 12:52:25,127064,杭氧转债,hyzz,135.26,-1.12,002430,杭氧股份,hygf,24.9,-1.78,2.39,25.67,97.0,0,39.44,174.7,220309,基础化工,szmb,C,2022-07-05,[],0,0,buy,AA+,,17.969,33.371,4.7,buy,2028-05-19,1.652,11.364,2593.19,20066.48,1.68,-11.98,,0,15:34:09,00,Y,N,1,1,Y,转股价下修1次，成功下修1次,2022-11-25 开始转股,计算使用1.7年期 评级为AA+ 债参考YTM：1.5715,N,11.37,全价：135.260 最后更新：15:34:09,,,,1,{'M': ''},0,0,N,,,buy,buy
2026-09-25 12:52:25,123165,回天转债,htzz,131.6,-1.72,300041,回天新材,htxc,11.12,-2.63,1.96,11.8,94.24,0,39.65,171.25,220316,基础化工,szcy,C,2022-11-15,[],0,0,buy,AA-,,8.26,15.34,14.0,buy,2028-10-27,2.093,8.496,4016.86,15509.92,3.58,-4.99,,0,15:34:33,00,Y,N,1,1,Y,转股价下修1次，成功下修1次,2023-05-04 开始转股,计算使用2.1年期 评级为AA- 债参考YTM：1.9381,N,8.5,全价：131.600 最后更新：15:34:33,,,,0,{'M': ''},0,0,N,,,buy,buy
2026-09-25 12:52:25,113673,岱美转债,dmzz,196.942,-0.23,603730,岱美股份,dmgf,10.03,3.19,4.58,7.12,140.87,0,39.8,236.74,280202,汽车,shmb,C,2023-08-10,[],0,0,buy,AA,,4.984,9.256,4.2,buy,2029-07-18,2.816,9.078,52459.82,31913.58,28.68,-17.53,,0,14:59:59,00,Y,N,1,1,Y,转股价下修1次，成功下修1次,2024-01-24 开始转股,计算使用2.9年期 评级为AA 债参考YTM：1.6941,N,9.079,全价：196.942 最后更新：14:59:59,,,,0,"{'G': '本次（2026年8月28日至2026年9月17日）不提前赎回，以2027年3月17日之后的首个交易日重新起算', 'M': ''}",0,0,N,,,buy,buy
2026-09-25 12:52:25,111003,聚合转债,jhzz,137.52,-0.92,605166,聚合顺,jhs,8.7,-1.14,1.36,8.85,98.31,0,39.89,177.41,220406,基础化工,shmb,C,2022-04-19,[],0,0,buy,AA-,,6.195,11.505,7.4,buy,2028-03-07,1.452,2.035,2709.22,2781.0,9.66,-10.42,,0,14:59:03,00,Y,N,2,2,Y,转股价下修2次，成功下修2次,2022-09-13 开始转股,计算使用1.5年期 评级为AA- 债参考YTM：1.8397,N,2.04,全价：137.520 最后更新：14:59:03,,,,1,[],0,0,N,,,buy,buy
2026-09-25 12:52:25,113646,永吉转债,yjzz,154.89,-1.74,603058,永吉股份,yjgf,8.88,-2.31,3.23,8.05,110.31,0,40.41,195.3,360205,轻工制造,shmb,C,2022-05-17,[],0,0,buy,AA-,,5.635,10.465,3.7,buy,2028-04-14,1.556,1.372,3534.02,6959.14,16.52,-19.89,,0,14:59:55,00,Y,N,0,0,Y,,2022-10-20 开始转股,计算使用1.6年期 评级为AA- 债参考YTM：1.8557,N,1.459,全价：154.890 最后更新：14:59:55,,,,1,[],0,0,N,,,buy,buy
2026-09-25 12:52:25,123255,鼎龙转债,dlzz,348.1,-4.73,300054,鼎龙股份,dlgf,70.11,-1.43,11.87,28.38,247.04,0,40.91,389.01,270601,电子,szcy,C,2025-04-23,[],0,0,buy,AA,,19.866,36.894,1.7,buy,2031-04-02,4.523,9.095,28368.86,93954.37,8.74,-22.06,,0,15:34:51,00,Y,N,0,0,Y,,2025-10-09 开始转股,计算使用4.6年期 评级为AA 债参考YTM：1.7930,N,9.1,全价：348.100 最后更新：15:34:51,,,,0,"{'G': '本次（2026年4月8日至2026年4月28日）不提前赎回，自2026年10月28日后首个交易日重新计算', 'M': ''}",0,0,N,,,buy,buy
2026-09-25 12:52:25,110103,申能转债,snzz,141.57,-1.0,600642,申能股份,sngf,8.78,0.57,1.05,8.74,100.46,129,40.93,182.5,410101,公用事业,shmb,C,2026-08-13,[],0,0,buy,AAA,,6.118,11.362,4.7,buy,2032-07-23,5.833,20.0,3817.76,12570.6,1.34,-4.26,,0,14:59:59,00,Y,N,0,0,Y,,未到转股期；2027-02-01 开始转股,计算使用5.9年期 评级为AAA 债参考YTM：1.7233,N,20.0,全价：141.570 最后更新：14:59:59,,,,0,{'M': ''},1,0,N,,,buy,buy
2026-09-25 12:52:25,123172,漱玉转债,syzz,125.839,0.05,301017,漱玉平民,sypm,13.25,4.17,2.56,14.91,88.87,0,41.6,167.44,370403,医药生物,szcy,C,2023-01-06,[],0,0,buy,AA-,,10.437,19.383,23.2,buy,2028-12-15,2.227,7.96,5395.32,12595.05,5.4,-3.47,,0,15:34:36,00,Y,N,1,1,Y,转股价下修1次，成功下修1次,2023-06-21 开始转股,计算使用2.3年期 评级为AA- 债参考YTM：1.9776,N,8.0,全价：125.839 最后更新：15:34:36,,,,0,{'M': ''},0,0,N,,,buy,buy
2026-09-25 12:52:25,123088,威唐转债,wtzz,114.853,-0.07,300707,威唐工业,wtgy,12.14,0.08,1.87,14.97,81.1,0,41.63,156.48,280205,汽车,szcy,C,2021-01-06,[],0,0,buy,A+,,10.479,19.461,17.2,buy,2026-12-15,0.225,3.004,2357.95,3193.81,6.83,0.58,,0,15:34:27,00,Y,N,1,1,Y,转股价下修1次，成功下修1次,2021-06-21 开始转股,计算使用0.3年期 评级为A+ 债参考YTM：4.0008,N,3.014,全价：114.853 最后更新：15:34:27,,,,1,[],0,0,N,,,buy,buy
2026-09-25 12:52:25,123119,康泰转2,ktz2,116.66,-1.22,300601,康泰生物,ktsw,12.88,-2.28,1.49,15.69,82.09,0,42.11,158.77,370303,医药生物,szcy,C,2021-08-05,[],0,0,buy,AA,,10.983,20.397,17.2,buy,2027-07-15,0.806,19.99,4131.21,24947.65,1.77,-4.98,,0,15:34:39,00,Y,N,6,5,Y,转股价下修6次，成功下修5次,2022-01-21 开始转股,计算使用0.9年期 评级为AA 债参考YTM：1.5395,N,20.0,全价：116.660 最后更新：15:34:39,,,,1,{'M': ''},0,0,N,,,buy,buy
2026-09-25 12:52:25,113649,丰山转债,fszz,126.176,-0.89,603810,丰山集团,fsjt,12.01,0.5,1.23,13.55,88.64,0,42.36,168.54,220803,基础化工,shmb,C,2022-07-21,[],0,0,buy,AA-,,9.485,17.615,23.0,buy,2028-06-27,1.759,4.577,2110.87,1601.73,3.64,-4.25,,0,14:57:45,00,Y,N,0,0,Y,,2023-01-03 开始转股,计算使用1.8年期 评级为AA- 债参考YTM：1.8876,N,5.0,全价：126.176 最后更新：14:57:45,,,,1,[],0,0,N,,,buy,buy
2026-09-25 12:52:25,113067,燃23转债,r23zz,121.919,-0.69,601139,深圳燃气,szrq,6.19,-0.64,1.06,7.24,85.5,0,42.6,164.52,410301,公用事业,shmb,C,2023-08-18,[],0,0,buy,AAA,,5.068,9.412,16.8,buy,2029-07-27,2.841,29.999,4881.36,9330.37,1.33,-3.61,,0,14:59:56,00,Y,N,0,0,Y,,2024-02-02 开始转股,计算使用2.9年期 评级为AAA 债参考YTM：1.6083,N,30.0,全价：121.919 最后更新：14:59:56,,,,0,{'M': ''},0,0,N,,,buy,buy
2026-09-25 12:52:25,123269,金杨转债,jyzz,152.524,-3.47,301210,金杨精密,jygf,30.2,-3.97,2.39,28.24,106.94,31,42.63,195.15,630701,电力设备,szcy,C,2026-05-11,[],0,0,buy,AA-,,19.768,36.712,52.8,buy,2032-04-19,5.573,9.8,6210.67,15863.61,4.1,-5.19,,0,15:34:51,00,Y,N,0,0,Y,,未到转股期；2026-10-26 开始转股,计算使用5.6年期 评级为AA- 债参考YTM：2.5264,N,9.8,全价：152.524 最后更新：15:34:51,,,,0,{'M': ''},0,0,N,,,buy,buy
2026-09-25 12:52:25,118059,颀中转债,qzzz,199.621,-4.63,688352,颀中科技,qzkj,19.09,-3.63,3.93,13.7,139.34,0,43.26,242.88,270107,电子,shkc,C,2025-11-21,[],0,0,buy,AA+,,9.59,17.81,12.1,buy,2031-11-03,5.112,8.498,24741.0,36340.79,14.36,-10.75,,0,14:59:58,00,Y,N,0,0,Y,,2026-05-07 开始转股,计算使用5.2年期 评级为AA+ 债参考YTM：1.7481,N,8.5,全价：199.621 最后更新：14:59:58,,,,0,"{'G': '本次（2026年5月26日至2026年6月17日）不提前赎回，以2026年12月18日为首个交易日重新计算', 'M': ''}",0,0,N,,,buy,buy
2026-09-25 12:52:25,123175,百畅转债,bczz,114.195,-0.35,300614,百川畅银,bccy,10.31,-0.87,1.93,13.0,79.31,0,43.99,158.19,760103,环保,szcy,C,2023-03-17,[],0,0,buy,BBB+,,9.1,16.9,25.4,buy,2029-02-22,2.416,4.199,1987.01,3054.45,4.15,0.78,,0,15:34:39,00,Y,N,3,3,Y,转股价下修3次，成功下修3次,2023-08-28 开始转股,计算使用2.5年期 评级为BBB+ 债参考YTM：12.2360,N,4.2,全价：114.195 最后更新：15:34:39,,,,0,{'M': ''},0,0,N,,,buy,buy
2026-09-25 12:52:25,123158,宙邦转债,zbzz,251.05,-3.64,300037,新宙邦,xzb,70.58,-2.47,4.65,40.49,174.32,0,44.02,295.07,630702,电力设备,szcy,C,2022-10-21,[],0,0,buy,AA,,28.343,52.637,4.7,buy,2028-09-26,2.008,18.046,14313.91,66983.64,3.13,-33.17,,0,15:34:30,00,Y,N,0,0,Y,,2023-03-30 开始转股,计算使用2.1年期 评级为AA 债参考YTM：1.6284,N,19.7,全价：251.050 最后更新：15:34:30,,,,1,"{'G': '本次（2026年7月23日至2026年8月12日）不提前赎回，自2027年2月12日后首个交易日重新计算', 'M': ''}",0,0,N,,,buy,buy
2026-09-25 12:52:25,110087,天业转债,tyzz,116.663,-2.52,600075,新疆天业,xjty,4.53,-1.52,0.83,5.6,80.89,0,44.22,160.88,220202,基础化工,shmb,C,2022-07-19,[],0,0,buy,AA+,,3.92,7.28,38.7,buy,2028-06-23,1.748,29.975,8978.83,4873.82,2.55,-3.45,,0,14:59:53,00,Y,N,1,1,Y,转股价下修1次，成功下修1次,2022-12-29 开始转股,计算使用1.8年期 评级为AA+ 债参考YTM：1.5780,N,30.0,全价：116.663 最后更新：14:59:53,,,,1,{'M': ''},0,0,N,,,buy,buy
2026-09-25 12:52:25,118012,微芯转债,wxzz,144.287,-2.58,688321,微芯生物,wxsw,25.35,-3.17,4.4,25.34,100.04,0,44.23,188.52,370102,医药生物,shkc,C,2022-07-28,[],0,0,buy,A+,,17.738,32.942,4.4,buy,2028-07-05,1.781,4.995,6181.35,22148.73,8.53,-11.03,,0,14:59:57,00,Y,N,0,0,Y,,2023-01-11 开始转股,计算使用1.8年期 评级为A+ 债参考YTM：4.2340,N,5.0,全价：144.287 最后更新：14:59:57,,,,1,{'M': ''},0,0,N,,,buy,buy
2026-09-25 12:52:25,118056,路维转债,lwzz,289.391,-3.92,688401,路维光电,lwgd,70.76,-3.29,8.4,35.29,200.51,0,44.33,333.72,270103,电子,shkc,C,2025-07-10,[],0,0,buy,AA-,,24.703,45.877,4.5,buy,2031-06-11,4.715,6.144,21644.13,29446.47,11.97,-17.84,,0,15:00:00,00,Y,N,0,0,Y,,2025-12-17 开始转股,计算使用4.8年期 评级为AA- 债参考YTM：2.2831,N,6.15,全价：289.391 最后更新：15:00:00,,,,0,"{'G': '本次（2026年7月30日至2026年8月19日)不提前赎回，以2026年11月20日为首个交易日重新计算', 'M': ''}",0,0,N,,,buy,buy
2026-09-25 12:52:25,113704,春风转债,cfzz,174.195,-0.79,603129,春风动力,cfdl,290.75,-2.09,5.56,241.7,120.29,82,44.81,219.01,280402,汽车,shmb,C,2026-07-07,[],0,0,buy,AA+,,169.19,314.21,4.9,buy,2032-06-09,5.712,21.79,11781.79,26746.03,3.09,-7.48,,0,14:59:56,00,Y,N,0,0,Y,,未到转股期；2026-12-16 开始转股,计算使用5.8年期 评级为AA+ 债参考YTM：1.8256,N,21.79,全价：174.195 最后更新：14:59:56,,,,0,{'M': ''},0,0,N,,,buy,buy
2026-09-25 12:52:25,113070,渝水转债,yszz,122.208,-1.13,601158,重庆水务,cqsw,3.98,-0.25,1.11,4.72,84.32,0,44.93,167.14,760102,环保,shmb,C,2025-02-13,[],0,0,buy,AAA,,3.304,6.136,9.9,buy,2031-01-09,4.296,18.998,4080.42,2184.47,1.75,-2.18,,0,14:58:46,00,Y,N,0,0,Y,,2025-07-15 开始转股,计算使用4.3年期 评级为AAA 债参考YTM：1.6525,N,19.0,全价：122.208 最后更新：14:58:46,,,,0,{'M': ''},0,0,N,,,buy,buy
2026-09-25 12:52:25,123071,天能转债,tnzz,114.82,0.02,300569,天能重工,tnzg,5.28,6.88,1.01,6.68,79.04,0,45.26,160.08,630602,电力设备,szcy,C,2020-11-25,[],0,0,buy,AA-,,4.676,8.684,12.9,buy,2026-10-21,0.074,6.935,6726.02,39941.26,8.44,2.2,,0,15:34:21,00,Y,N,2,2,Y,转股价下修2次，成功下修2次,2021-04-27 开始转股,计算使用0.1年期 评级为AA- 债参考YTM：1.6423,N,7.0,全价：114.820 最后更新：15:34:21,,,,1,"{'R': '到期\n最后交易日：2026-10-15\n最后转股日：2026-10-20\n债券到期日：2026-10-21\n到期赎回价：115.000元/张', 'M': ''}",0,0,N,,,buy,buy
2026-09-25 12:52:25,123268,本川转债,bczz,205.329,-3.51,300964,本川智能,bczn,76.26,-5.49,7.22,54.13,140.88,28,45.74,251.07,270202,电子,szcy,C,2026-05-07,[],0,0,buy,AA-,,37.891,70.369,7.1,buy,2032-04-16,5.564,4.69,22202.58,54656.51,22.74,-9.47,,0,15:34:00,00,Y,N,0,0,Y,,未到转股期；2026-10-23 开始转股,计算使用5.6年期 评级为AA- 债参考YTM：2.5264,N,4.69,全价：205.329 最后更新：15:34:00,,,,0,{'M': ''},0,0,N,,,buy,buy
2026-09-25 12:52:25,127059,永东转2,ydz2,122.88,-2.36,002753,永东股份,ydgf,6.82,1.64,1.09,8.11,84.09,0,46.12,169.0,220603,基础化工,szmb,C,2022-05-16,[],0,0,buy,AA-,,5.677,10.543,18.8,buy,2028-04-08,1.54,3.79,2794.19,5026.56,5.86,-3.17,,0,15:34:30,00,Y,N,0,0,Y,,2022-10-14 开始转股,计算使用1.6年期 评级为AA- 债参考YTM：1.8557,N,3.8,全价：122.880 最后更新：15:34:30,,,,1,[],0,0,N,,,buy,buy
2026-09-25 12:52:25,127034,绿茵转债,lyzz,119.728,-0.64,002887,绿茵生态,lyst,9.14,0.99,1.18,11.21,81.53,0,46.84,166.57,760104,环保,szmb,C,2021-05-28,[],0,0,buy,AA-,,7.847,14.573,21.6,buy,2027-04-30,0.597,4.279,2484.67,3471.81,4.84,-9.45,,0,15:34:21,00,Y,N,1,0,Y,转股价下修1次，成功下修0次,2021-11-11 开始转股,计算使用0.6年期 评级为AA- 债参考YTM：1.6827,Y,7.12,全价：119.728 最后更新：15:34:21,,,"按下调到底估算
股东大会：2026-09-29
预估转股价：9.38
预估转股价值：97.44
期权价值：11.68
理论价值：123.56
理论偏离度：-3.20%",1,[],0,0,N,,,buy,buy
2026-09-25 12:52:25,113048,晶科转债,jkzz,112.356,-0.19,601778,晶科科技,jkkj,3.42,-0.29,0.77,4.47,76.51,0,46.85,159.21,410106,公用事业,shmb,C,2021-05-31,[],0,0,buy,AA,,3.129,5.811,12.1,buy,2027-04-23,0.578,15.453,4149.11,23714.24,2.39,-0.55,,0,14:59:59,00,Y,N,2,2,Y,转股价下修2次，成功下修2次,2021-10-29 开始转股,计算使用0.6年期 评级为AA 债参考YTM：1.5173,N,30.0,全价：112.356 最后更新：14:59:59,,,,1,{'M': ''},0,0,N,,,buy,buy
2026-09-25 12:52:25,113665,汇通转债,htzz,123.348,-0.81,603176,汇通集团,htjt,5.29,-0.19,2.25,6.31,83.84,0,47.13,170.48,620306,建筑装饰,shmb,C,2023-01-11,[],0,0,buy,A+,,4.417,8.203,14.7,buy,2028-12-15,2.227,3.596,2022.0,1190.49,4.55,-1.82,,0,14:59:56,00,Y,N,1,1,Y,转股价下修1次，成功下修1次,2023-06-21 开始转股,计算使用2.3年期 评级为A+ 债参考YTM：4.3291,N,3.6,全价：123.348 最后更新：14:59:56,,,,0,[],0,0,N,,,buy,buy
2026-09-25 12:52:25,123277,玉禾转债,yhzz,140.36,-2.13,300815,玉禾田,yht,15.4,-0.9,1.3,16.15,95.36,132,47.2,187.56,760103,环保,szcy,C,2026-08-14,[],0,0,buy,AA,,11.305,20.995,24.8,buy,2032-07-28,5.847,15.0,3309.62,5201.13,1.56,-3.6,,0,15:34:09,00,Y,N,0,0,Y,,未到转股期；2027-02-04 开始转股,计算使用5.9年期 评级为AA 债参考YTM：1.9538,N,15.0,全价：140.360 最后更新：15:34:09,,,,0,[],0,0,N,,,buy,buy
2026-09-25 12:52:25,123195,蓝晓转02,lxz02,170.83,-2.83,300487,蓝晓科技,lxkj,68.71,-2.4,7.4,59.21,116.05,0,47.21,218.04,220504,基础化工,szcy,C,2023-05-08,[],0,0,buy,A+,,41.447,76.973,2.6,buy,2029-04-17,2.564,5.455,5773.15,21323.39,6.15,-13.3,,0,15:34:33,00,Y,N,0,0,N,2026-09-18 至 2026-09-28 期间暂停转股：权益分派,2023-10-23 开始转股;2026-09-18 至 2026-09-28 期间暂停转股：权益分派,计算使用2.6年期 评级为A+ 债参考YTM：4.3944,N,5.461,全价：170.830 最后更新：15:34:33,,,,0,"{'M': '', 'EX': '寇晓康竞价减持6.18% 2026年09月18日公告\n高月静竞价减持3.82% 2026年09月18日公告'}",0,0,N,,,buy,buy
2026-09-25 12:52:25,123271,通合转债,thzz,170.752,-1.18,300491,通合科技,thkj,38.32,3.23,5.63,33.18,115.49,74,47.85,218.6,630306,电力设备,szcy,C,2026-06-17,[],0,0,buy,AA,,23.226,43.134,8.6,buy,2032-06-01,5.69,5.219,33126.65,59107.08,36.28,-6.26,,0,15:34:09,00,Y,N,0,0,Y,,未到转股期；2026-12-08 开始转股,计算使用5.7年期 评级为AA 债参考YTM：1.9139,N,5.22,全价：170.752 最后更新：15:34:09,,,,0,[],0,0,N,,,buy,buy
2026-09-25 12:52:25,118039,煜邦转债,ybzz,127.561,-0.76,688597,煜邦电力,ybdl,6.26,-0.48,2.56,7.3,85.75,0,48.75,176.31,630804,电力设备,shkc,C,2023-08-15,[],0,0,buy,A,,5.11,9.49,19.5,buy,2029-07-20,2.822,4.104,1327.62,2071.31,2.53,-3.13,,0,14:58:06,00,Y,N,0,0,Y,,2024-01-26 开始转股,计算使用2.9年期 评级为A 债参考YTM：6.8109,N,4.108,全价：127.561 最后更新：14:58:06,,,,0,{'M': ''},0,0,N,,,buy,buy
2026-09-25 12:52:25,123224,宇邦转债,ybzz,134.676,-1.66,301266,宇邦新材,ybxc,25.35,-3.87,1.93,28.09,90.25,0,49.23,183.91,630504,电力设备,szcy,C,2023-10-18,[],0,0,buy,A+,,19.663,36.517,8.3,buy,2029-09-19,2.989,2.848,2291.22,7810.22,5.97,-4.1,,0,15:33:54,00,Y,N,1,1,Y,转股价下修1次，成功下修1次,2024-03-25 开始转股,计算使用3.0年期 评级为A+ 债参考YTM：4.4823,N,5.0,全价：134.676 最后更新：15:33:54,,,,0,{'M': ''},0,0,N,,,buy,buy
2026-09-25 12:52:25,127054,双箭转债,sjzz,119.487,-0.85,002381,双箭股份,sjgf,5.55,-0.36,1.07,6.96,79.74,0,49.84,169.33,220602,基础化工,szmb,C,2022-03-15,[],0,0,buy,AA,,4.872,9.048,28.3,buy,2028-02-11,1.384,5.136,2850.82,1155.14,4.63,-3.51,,0,15:34:06,00,Y,N,0,0,Y,,2022-08-17 开始转股,计算使用1.4年期 评级为AA 债参考YTM：1.5673,N,5.136,全价：119.487 最后更新：15:34:06,,,,1,[],0,0,N,,,buy,buy
2026-09-25 12:52:25,118061,茂莱转债,mlzz,182.968,-2.06,688502,茂莱光学,mlgx,444.6,0.99,18.78,364.15,122.09,0,49.86,232.83,270303,电子,shkc,C,2025-12-10,[],0,0,buy,A+,,254.905,473.395,2.4,buy,2031-11-21,5.162,5.621,18007.56,81127.59,17.23,-8.28,,0,14:59:59,00,Y,N,0,0,Y,,2026-05-27 开始转股,计算使用5.2年期 评级为A+ 债参考YTM：4.6867,N,5.625,全价：182.968 最后更新：14:59:59,,,,0,"{'G': '本次（2026年5月28日至2026年7月3日）不提前赎回，以2026年10月4日首个交易日重新计算', 'M': ''}",0,0,N,,,buy,buy
2026-09-25 12:52:25,127089,晶澳转债,jazz,113.253,-2.16,002459,晶澳科技,jakj,6.7,-2.62,1.12,8.9,75.28,0,50.44,163.69,630502,电力设备,szmb,C,2023-08-04,[],0,0,buy,AA+,,6.23,11.57,40.4,buy,2029-07-18,2.816,89.588,15279.9,14042.59,1.5,-0.63,,0,15:34:18,00,Y,N,3,2,Y,转股价下修3次，成功下修2次,2024-01-24 开始转股,计算使用2.9年期 评级为AA+ 债参考YTM：1.6372,N,89.603,全价：113.253 最后更新：15:34:18,,,,0,{'M': ''},0,0,N,,,buy,buy
2026-09-25 12:52:25,110093,神马转债,smzz,116.54,-1.79,600810,神马股份,smgf,6.25,-1.11,0.73,8.08,77.35,0,50.66,167.2,220406,基础化工,shmb,C,2023-04-20,[],0,0,buy,AAA,,5.656,10.504,33.0,buy,2029-03-16,2.477,22.197,6076.5,2216.24,2.34,-2.34,,0,14:59:56,00,Y,N,0,0,Y,,2023-09-22 开始转股,计算使用2.5年期 评级为AAA 债参考YTM：1.5935,N,30.0,全价：116.540 最后更新：14:59:56,,,,0,{'M': ''},0,0,N,,,buy,buy
2026-09-25 12:52:25,123237,佳禾转债,jhzz,133.668,-0.61,300793,佳禾智能,jhzn,11.92,-0.67,1.6,13.46,88.56,0,50.94,184.61,270504,电子,szcy,C,2024-01-24,[],0,0,buy,A+,,9.422,17.498,9.7,buy,2030-01-04,3.282,4.314,2739.24,6113.61,4.74,-3.98,,0,15:34:45,00,Y,N,1,1,Y,转股价下修1次，成功下修1次,2024-07-10 开始转股,计算使用3.3年期 评级为A+ 债参考YTM：4.5295,N,10.04,全价：133.668 最后更新：15:34:45,,,,0,[],0,0,N,,,buy,buy
2026-09-25 12:52:25,123183,海顺转债,hszz,123.1,-1.16,300501,海顺新材,hsxc,9.45,0.11,1.83,11.63,81.26,0,51.5,174.6,360206,轻工制造,szcy,C,2023-04-20,[],0,0,buy,AA-,,8.141,15.119,24.2,buy,2029-03-23,2.496,6.329,3379.01,2492.52,4.32,-1.54,,0,15:34:42,00,Y,N,2,0,Y,转股价下修2次，成功下修0次,2023-10-09 开始转股,计算使用2.5年期 评级为AA- 债参考YTM：2.0210,N,6.33,全价：123.100 最后更新：15:34:42,,,,0,[],0,0,N,,,buy,buy
2026-09-25 12:52:25,127115,炬申转债,jszz,168.501,-2.29,001202,炬申股份,jsgf,15.08,0.27,2.86,13.56,111.21,129,51.52,220.02,420802,交通运输,szmb,C,2026-08-13,[],0,0,buy,AA-,,9.492,17.628,21.6,buy,2032-07-23,5.833,3.8,4434.82,1975.63,6.9,-6.59,,0,15:34:42,00,Y,N,0,0,Y,,未到转股期；2027-02-01 开始转股,计算使用5.9年期 评级为AA- 债参考YTM：2.6749,N,3.8,全价：168.501 最后更新：15:34:42,,,,0,[],0,0,N,,,buy,buy
2026-09-25 12:52:25,110092,三房转债,sfzz,73.856,0.9,600370,*ST三房,sfx,1.47,-1.34,1.15,3.02,48.68,0,51.73,125.59,220401,基础化工,shmb,C,2023-02-07,[],0,0,buy,A-,,2.114,3.926,35.8,buy,2029-01-06,2.288,21.185,5897.88,1918.19,3.79,21.1,,0,14:59:58,00,Y,N,0,0,Y,,2023-07-12 开始转股,计算使用2.3年期 评级为A- 债参考YTM：9.0291,N,25.0,全价：73.856 最后更新：14:59:58,,,,0,[],0,0,N,,,buy,buy
2026-09-25 12:52:25,123155,中陆转债,zlzz,126.807,-0.45,301040,中环海陆,zhhl,26.42,1.15,3.5,31.76,83.19,0,52.44,179.25,630602,电力设备,szcy,C,2022-08-31,[],0,0,buy,A+,,22.232,41.288,14.4,buy,2028-08-12,1.885,3.6,2532.38,3940.05,5.52,-4.01,,0,15:34:30,00,Y,N,0,0,Y,,2023-02-20 开始转股,计算使用1.9年期 评级为A+ 债参考YTM：4.2524,N,3.6,全价：126.807 最后更新：15:34:30,,,,1,{'M': ''},0,0,N,,,buy,buy
2026-09-25 12:52:25,113694,清源转债,qyzz,123.058,-0.78,603628,清源股份,qygf,10.33,0.19,2.11,12.85,80.39,0,53.08,176.14,630504,电力设备,shmb,C,2025-04-25,[],0,0,buy,A+,,8.995,16.705,17.8,buy,2031-04-08,4.54,4.999,3236.4,4424.63,5.25,-0.81,,0,14:59:57,00,Y,N,0,0,Y,,2025-10-14 开始转股,计算使用4.6年期 评级为A+ 债参考YTM：4.6269,N,5.0,全价：123.058 最后更新：14:59:57,,,,0,{'M': ''},0,0,N,,,buy,buy
2026-09-25 12:52:25,118052,浩瀚转债,hhzz,137.557,-2.21,688292,浩瀚深度,hhsd,21.74,-5.48,3.49,24.2,89.84,0,53.12,190.68,710103,计算机,shkc,C,2025-04-07,[],0,0,buy,A+,,16.94,31.46,10.3,buy,2031-03-13,4.469,3.539,12662.94,18240.54,25.87,-3.12,,0,14:59:51,00,Y,N,0,0,Y,,2025-09-19 开始转股,计算使用4.5年期 评级为A+ 债参考YTM：4.6224,N,3.54,全价：137.557 最后更新：14:59:51,,,,0,{'M': ''},0,0,N,,,buy,buy
2026-09-25 12:52:25,113678,中贝转债,zbzz,136.426,-1.37,603220,中贝通信,zbtx,18.18,-1.57,2.5,20.47,88.81,0,53.61,190.04,730103,通信,shmb,C,2023-11-21,[],0,0,buy,A+,,14.329,26.611,5.2,buy,2029-10-19,3.071,5.106,3349.03,15407.65,4.79,-4.07,,0,14:59:56,00,Y,N,2,1,Y,转股价下修2次，成功下修1次,2024-04-25 开始转股,计算使用3.1年期 评级为A+ 债参考YTM：4.5015,N,5.17,全价：136.426 最后更新：14:59:56,,,,0,{'M': ''},0,0,N,,,buy,buy
2026-09-25 12:52:25,123157,科蓝转债,klzz,130.9,-0.46,300663,科蓝软件,klrj,7.49,-0.66,10.87,8.8,85.11,0,53.79,184.69,710401,计算机,szcy,C,2022-09-20,[],0,0,buy,A-,,6.16,11.44,6.7,buy,2028-08-30,1.934,2.34,2372.41,7798.73,7.73,-5.58,,0,15:34:33,00,Y,N,2,2,Y,转股价下修2次，成功下修2次,2023-03-06 开始转股,计算使用2.0年期 评级为A- 债参考YTM：8.9704,N,4.946,全价：130.900 最后更新：15:34:33,,,,1,{'M': ''},0,0,N,,,buy,buy
2026-09-25 12:52:25,127093,章鼓转债,zgzz,128.033,-0.34,002598,ST章鼓,sdzg,6.9,-0.72,1.61,8.3,83.13,0,54.01,182.04,640106,机械设备,szmb,C,2023-11-03,[],0,0,buy,A,,5.81,10.79,12.3,buy,2029-10-17,3.066,2.425,542.35,1008.84,1.74,-2.66,,0,15:34:21,00,Y,N,1,1,Y,转股价下修1次，成功下修1次,2024-04-23 开始转股,计算使用3.1年期 评级为A 债参考YTM：6.8515,N,2.43,全价：128.033 最后更新：15:34:21,,,,0,[],0,0,N,,,buy,buy
2026-09-25 12:52:25,113688,国检转债,gjzz,130.289,-1.26,603060,国检集团,gjjt,5.45,-0.18,2.15,6.45,84.5,0,54.2,184.49,460802,社会服务,shmb,C,2024-11-12,[],0,0,buy,AA+,,4.515,8.385,18.3,buy,2030-10-17,4.066,7.997,2760.6,1191.78,2.64,-2.8,,0,14:56:55,00,Y,N,0,0,Y,,2025-04-23 开始转股,计算使用4.1年期 评级为AA+ 债参考YTM：1.7130,N,8.0,全价：130.289 最后更新：14:56:55,,,,0,[],0,0,N,,,buy,buy
2026-09-25 12:52:25,123281,中仑转债,zlzz,152.201,-3.17,301565,中仑新材,zlxc,19.95,-1.87,3.24,20.28,98.37,140,54.72,206.92,220505,基础化工,szcy,C,2026-08-24,[],0,0,buy,AA-,,14.196,26.364,41.8,buy,2032-08-05,5.869,10.68,5195.17,5993.52,3.14,-4.9,,0,15:34:12,00,Y,N,0,0,Y,,未到转股期；2027-02-12 开始转股,计算使用5.9年期 评级为AA- 债参考YTM：2.6749,N,10.68,全价：152.201 最后更新：15:34:12,,,,0,{'M': ''},0,0,N,,,buy,buy
2026-09-25 12:52:25,111022,锡振转债,xzzz,154.967,-2.23,605319,无锡振华,wxzh,22.29,-3.76,2.7,22.39,99.55,0,55.66,210.63,280205,汽车,shmb,C,2025-07-14,[],0,0,buy,AA-,,15.673,29.107,6.7,buy,2031-06-18,4.734,5.197,2906.22,11402.06,3.58,-5.75,,0,14:59:53,00,Y,N,0,0,N,2026-09-21 至 2026-09-29 期间暂停转股：权益分派,2025-12-24 开始转股;2026-09-21 至 2026-09-29 期间暂停转股：权益分派,计算使用4.8年期 评级为AA- 债参考YTM：2.2831,N,5.2,全价：154.967 最后更新：14:59:53,,,,0,[],0,0,N,,,buy,buy
2026-09-25 12:52:25,110090,爱迪转债,adzz,124.143,-1.46,600933,爱柯迪,akd,13.67,-1.58,1.45,17.15,79.71,0,55.75,179.89,280203,汽车,shmb,C,2022-10-28,[],0,0,buy,AA,,12.005,22.295,11.7,buy,2028-09-23,2.0,15.695,7003.94,15981.41,3.56,-5.27,,0,15:00:00,00,Y,N,0,0,Y,,2023-03-29 开始转股,计算使用2.0年期 评级为AA 债参考YTM：1.6204,N,15.7,全价：124.143 最后更新：15:00:00,,,,1,{'M': ''},0,0,N,,,buy,buy
2026-09-25 12:52:25,127114,宜化转债,yhzz,130.6,-2.98,000422,湖北宜化,hbyh,11.79,-1.5,1.66,14.09,83.68,101,56.08,186.68,220801,基础化工,szmb,C,2026-07-14,[],0,0,buy,AA+,,9.863,18.317,26.2,buy,2032-06-25,5.756,33.0,10701.1,10440.3,2.46,-2.41,,0,15:34:51,00,Y,Y,0,0,Y,,未到转股期；2027-01-04 开始转股,计算使用5.8年期 评级为AA+ 债参考YTM：1.8256,N,33.0,全价：130.600 最后更新：15:34:51,,,,0,{'M': ''},0,0,N,,,buy,buy
2026-09-25 12:52:25,123280,三鑫转债,sxzz,146.5,-2.01,300453,三鑫医疗,sxyl,9.02,-0.66,3.15,9.62,93.76,138,56.25,202.75,370503,医药生物,szcy,C,2026-08-19,[],0,0,buy,AA-,,7.696,12.506,16.1,buy,2032-08-03,5.863,5.3,4264.7,3220.26,5.46,-4.28,,0,15:34:09,00,Y,N,0,0,Y,,未到转股期；2027-02-10 开始转股,计算使用5.9年期 评级为AA- 债参考YTM：2.6749,N,5.3,全价：146.500 最后更新：15:34:09,,,,0,[],0,0,N,,,buy,buy
2026-09-25 12:52:25,123214,东宝转债,dbzz,126.292,-0.86,300239,东宝生物,dbsw,5.35,1.13,1.81,6.62,80.82,0,56.27,182.56,370304,医药生物,szcy,C,2023-08-18,[],0,0,buy,A+,,4.634,8.606,14.4,buy,2029-07-31,2.852,4.549,1514.2,6636.56,2.63,-2.83,,0,15:34:36,00,Y,N,0,0,Y,,2024-02-05 开始转股,计算使用2.9年期 评级为A+ 债参考YTM：4.4609,N,4.55,全价：126.292 最后更新：15:34:36,,,,0,[],0,0,N,,,buy,buy
2026-09-25 12:52:25,127083,山路转债,slzz,119.03,2.32,000498,山东路桥,sdlq,5.65,9.92,0.31,7.42,76.15,0,56.32,175.35,620306,建筑装饰,szmb,C,2023-04-26,[],0,0,buy,AAA,,5.194,9.646,59.1,buy,2029-03-24,2.499,48.359,78104.49,31430.28,13.38,-2.7,,0,15:34:36,00,Y,N,0,0,Y,,2023-10-09 开始转股,计算使用2.5年期 评级为AAA 债参考YTM：1.5935,N,48.36,全价：119.030 最后更新：15:34:36,,,,0,{'M': ''},0,0,N,,,buy,buy
2026-09-25 12:52:25,118060,瑞可转债,rkzz,183.473,-4.7,688800,瑞可达,rkd,61.65,-7.82,7.06,52.53,117.36,0,56.33,239.8,270401,电子,shkc,C,2025-12-12,[],0,0,buy,AA-,,36.771,68.289,5.6,buy,2031-11-14,5.143,9.999,13660.27,94629.93,7.34,-8.68,,0,14:59:42,00,Y,N,0,0,Y,,2026-05-20 开始转股,计算使用5.2年期 评级为AA- 债参考YTM：2.3380,N,10.0,全价：183.473 最后更新：14:59:42,,,,0,"{'G': '本次（2026年5月20日至2026年6月9日）不提前赎回，以2026年12月10日为首个交易日重新计算', 'M': ''}",0,0,Y,,,buy,buy
2026-09-25 12:52:25,127111,金威转债,jwzz,132.03,-2.78,002626,金达威,jdw,16.19,-3.52,2.35,19.19,84.37,0,56.5,188.53,340407,食品饮料,szmb,C,2025-09-08,[],0,0,buy,AA,,13.433,24.947,13.1,buy,2031-08-20,4.907,12.924,8267.25,6812.43,4.82,-3.09,,0,15:34:21,00,Y,N,0,0,Y,,2026-02-26 开始转股,计算使用5.0年期 评级为AA 债参考YTM：1.8061,N,12.924,全价：132.030 最后更新：15:34:21,,,,0,{'M': ''},0,0,N,,,buy,buy
2026-09-25 12:52:25,123279,天脉转债,tmzz,190.054,-5.85,301626,苏州天脉,sztm,324.39,-3.05,23.34,267.33,121.34,136,56.62,246.67,270504,电子,szcy,C,2026-08-18,[],0,0,buy,AA,,187.131,347.529,4.6,buy,2032-08-02,5.86,7.86,29600.62,82195.0,19.2,-8.5,,0,15:33:57,00,Y,N,0,0,Y,,未到转股期；2027-02-08 开始转股,计算使用5.9年期 评级为AA 债参考YTM：1.9538,N,7.86,全价：190.054 最后更新：15:33:57,,,,0,{'M': ''},0,0,N,,,buy,buy
2026-09-25 12:52:25,123193,海能转债,hnzz,126.766,-0.97,300787,海能实业,hnsy,11.7,-0.85,2.38,14.5,80.69,0,57.1,183.87,270504,电子,szcy,C,2023-05-09,[],0,0,buy,AA-,,10.15,18.85,26.1,buy,2029-04-13,2.553,5.997,3304.78,8069.87,4.33,-2.65,,0,15:34:42,00,Y,N,0,0,Y,,2023-10-19 开始转股,计算使用2.6年期 评级为AA- 债参考YTM：2.0434,N,6.0,全价：126.766 最后更新：15:34:42,,,,0,[],0,0,N,,,buy,buy
2026-09-25 12:52:25,113706,金帝转债,jdzz,183.455,-3.93,603270,金帝股份,jdgf,35.71,-4.44,3.3,30.62,116.62,88,57.31,240.77,640108,机械设备,shmb,C,2026-07-10,[],0,0,buy,AA,,21.434,39.806,26.2,buy,2032-06-14,5.726,9.7,15676.78,21288.37,8.68,-7.4,,0,14:59:57,00,Y,N,0,0,Y,,未到转股期；2026-12-22 开始转股,计算使用5.8年期 评级为AA 债参考YTM：1.9343,N,9.7,全价：183.455 最后更新：14:59:57,,,,0,{'M': ''},0,0,N,,,buy,buy
2026-09-25 12:52:25,123284,强达转债,qdzz,212.716,-3.79,301628,强达电路,qddl,113.5,-5.79,7.17,84.04,135.06,153,57.5,270.22,270202,电子,szcy,C,2026-09-03,[],0,0,buy,AA-,,58.828,109.252,16.7,buy,2032-08-18,5.904,5.5,39861.9,35458.19,33.33,-10.16,,0,15:34:15,00,Y,N,0,0,Y,,未到转股期；2027-02-25 开始转股,计算使用6.0年期 评级为AA- 债参考YTM：2.7115,N,5.5,全价：212.716 最后更新：15:34:15,,,,0,{'M': ''},0,0,N,,,buy,buy
2026-09-25 12:52:25,123278,合金转债,hjzz,167.79,-2.46,300697,电工合金,dghj,14.82,-2.95,4.93,13.98,106.01,133,58.28,226.07,240302,有色金属,szcy,C,2026-08-18,[],0,0,buy,AA-,,9.786,18.174,11.1,buy,2032-07-29,5.849,5.45,6637.96,10681.67,7.22,-6.51,,0,15:34:18,00,Y,N,0,0,Y,,未到转股期；2027-02-05 开始转股,计算使用5.9年期 评级为AA- 债参考YTM：2.6749,N,5.45,全价：167.790 最后更新：15:34:18,,,,0,[],0,0,N,,,buy,buy
2026-09-25 12:52:25,111020,合顺转债,hszz,131.028,-1.44,605166,聚合顺,jhs,8.7,-1.14,1.36,10.53,82.62,0,58.59,189.62,220406,基础化工,shmb,C,2024-08-15,[],0,0,buy,AA-,,7.371,13.689,12.3,buy,2030-07-22,3.827,3.38,1737.49,2781.0,3.91,-2.46,,0,14:58:51,00,Y,N,0,0,Y,,2025-01-27 开始转股,计算使用3.9年期 评级为AA- 债参考YTM：2.2187,N,3.38,全价：131.028 最后更新：14:58:51,,,,0,[],0,0,N,,,buy,buy
2026-09-25 12:52:25,127049,希望转2,xwz2,108.411,-0.18,000876,新希望,xxw,6.92,-1.56,1.64,10.13,68.31,0,58.7,167.11,110402,农林牧渔,szmb,C,2021-11-29,[],0,0,buy,AAA,,7.091,13.169,26.2,buy,2027-11-02,1.107,81.434,6926.57,19242.34,0.79,0.16,,0,15:34:33,00,Y,N,1,1,Y,转股价下修1次，成功下修1次,2022-05-09 开始转股,计算使用1.2年期 评级为AAA 债参考YTM：1.5209,N,81.5,全价：108.411 最后更新：15:34:33,,,,1,{'M': ''},0,0,N,,,buy,buy
2026-09-25 12:52:25,123272,中汽转债,zqzz,140.3,-2.0,301215,中汽股份,zqgf,5.29,-0.38,2.32,5.99,88.31,83,58.87,199.17,280303,汽车,szcy,C,2026-06-30,[],0,0,buy,AA+,,4.193,7.787,14.9,buy,2032-06-10,5.715,10.39,3662.01,3383.23,2.49,-3.84,,0,15:34:03,00,Y,N,0,0,Y,,未到转股期；2026-12-17 开始转股,计算使用5.8年期 评级为AA+ 债参考YTM：1.8256,N,10.39,全价：140.300 最后更新：15:34:03,,,,0,{'M': ''},1,0,N,,,buy,buy
2026-09-25 12:52:25,127104,姚记转债,yjzz,135.008,-1.6,002605,姚记科技,yjkj,16.43,-1.14,1.79,19.38,84.78,0,59.25,194.26,720401,传媒,szmb,C,2024-02-26,[],0,0,buy,A+,,13.566,25.194,10.5,buy,2030-01-24,3.337,5.822,1727.22,4046.62,2.19,-3.5,,0,15:34:27,00,Y,N,0,0,Y,,2024-07-31 开始转股,计算使用3.4年期 评级为A+ 债参考YTM：4.5397,N,5.831,全价：135.008 最后更新：15:34:27,,,,0,[],0,0,N,,,buy,buy
2026-09-25 12:52:25,113699,金25转债,j25zz,183.7,-4.34,603979,金诚信,jcx,72.35,-4.85,3.64,62.8,115.21,0,59.45,243.15,240302,有色金属,shmb,C,2025-10-27,[],0,0,buy,AA,,43.96,81.64,4.4,buy,2031-09-26,5.008,19.998,13394.61,33176.92,3.61,-8.95,,0,14:59:46,00,Y,N,0,0,Y,,2026-04-10 开始转股,计算使用5.1年期 评级为AA 债参考YTM：1.8124,N,20.0,全价：183.700 最后更新：14:59:46,,,,0,{'M': ''},0,0,N,,,buy,buy
2026-09-25 12:52:25,127108,太能转债,tnzz,120.232,-0.85,000591,太阳能,tyn,4.16,-0.95,0.67,5.54,75.09,0,60.12,180.35,410106,公用事业,szmb,C,2025-04-16,[],0,0,buy,AA+,,3.878,7.202,18.2,buy,2031-03-28,4.51,29.498,8178.48,13398.37,2.3,-0.63,,0,15:34:42,00,Y,N,0,0,Y,,2025-10-09 开始转股,计算使用4.6年期 评级为AA+ 债参考YTM：1.7280,N,29.5,全价：120.232 最后更新：15:34:42,,,,0,{'M': ''},0,0,N,,,buy,buy
2026-09-25 12:52:25,111025,圣泉转债,sqzz,151.491,-3.28,605589,圣泉集团,sqjt,40.08,-2.79,3.14,42.38,94.57,98,60.18,211.67,220504,基础化工,shmb,C,2026-07-21,[],0,0,buy,AA+,,29.666,55.094,7.4,buy,2032-06-24,5.753,25.0,17951.69,111048.34,4.67,-5.24,,0,14:59:58,00,Y,N,1,1,Y,转股价下修1次，成功下修1次,未到转股期；2027-01-01 开始转股,计算使用5.8年期 评级为AA+ 债参考YTM：1.8256,N,25.0,全价：151.491 最后更新：14:59:58,,,,0,{'M': ''},0,0,N,,,buy,buy
2026-09-25 12:52:25,113696,伯25转债,b25zz,130.119,-0.42,603596,伯特利,btl,28.55,-0.59,3.04,35.16,81.2,0,60.24,190.36,280203,汽车,shmb,C,2025-07-28,[],0,0,buy,AA,,24.612,45.708,10.9,buy,2031-07-01,4.77,28.017,4385.69,25810.88,1.2,-2.88,,0,14:59:57,00,Y,N,0,0,Y,,2026-01-07 开始转股,计算使用4.8年期 评级为AA 债参考YTM：1.7991,N,28.02,全价：130.119 最后更新：14:59:57,,,,0,{'M': ''},0,0,N,,,buy,buy
2026-09-25 12:52:25,123282,震裕转02,zyz02,148.81,-2.92,300953,震裕科技,zykj,96.8,-4.68,4.85,104.25,92.85,150,60.26,209.07,630701,电力设备,szcy,C,2026-09-02,[],0,0,buy,AA-,,72.975,135.525,11.0,buy,2032-08-16,5.899,18.8,14563.55,72912.72,5.12,-4.51,,0,15:34:15,00,Y,N,0,0,Y,,未到转股期；2027-02-22 开始转股,计算使用5.9年期 评级为AA- 债参考YTM：2.6749,N,18.8,全价：148.810 最后更新：15:34:15,,,,0,{'M': ''},0,0,N,,,buy,buy
2026-09-25 12:52:25,123261,普联转债,plzz,154.1,-2.13,300996,普联软件,plrj,12.44,-2.43,3.83,12.97,95.91,0,60.67,214.77,710401,计算机,szcy,C,2025-12-22,[],0,0,buy,A+,,9.079,16.861,5.9,buy,2031-12-05,5.2,2.428,6564.66,15661.79,17.4,-4.94,,0,15:34:06,00,Y,N,0,0,Y,,2026-06-11 开始转股,计算使用5.2年期 评级为A+ 债参考YTM：4.6867,N,2.43,全价：154.100 最后更新：15:34:06,,,,0,{'M': ''},0,0,N,,,buy,buy
2026-09-25 12:52:25,110102,江农转债,jnzz,141.519,-4.97,600389,江山股份,jsgf,18.11,-2.74,1.81,20.64,87.74,117,61.29,202.81,220803,基础化工,shmb,C,2026-08-05,[],0,0,buy,AA+,,14.448,26.832,15.2,buy,2032-07-13,5.806,11.85,17874.59,14222.4,10.53,-3.91,,0,15:00:00,00,Y,N,0,0,Y,,未到转股期；2027-01-20 开始转股,计算使用5.9年期 评级为AA+ 债参考YTM：1.8391,N,11.85,全价：141.519 最后更新：15:00:00,,,,0,{'M': ''},1,0,N,,,buy,buy
2026-09-25 12:52:25,110086,精工转债,jgzz,118.679,-0.9,600496,精工钢构,jggg,3.36,0.6,0.72,4.57,73.52,0,61.42,180.1,620401,建筑装饰,shmb,C,2022-05-23,[],0,0,buy,AA,,3.199,5.941,29.9,buy,2028-04-22,1.578,19.999,2328.23,6857.65,0.98,-2.66,,0,14:59:59,00,Y,N,0,0,Y,,2022-10-28 开始转股,计算使用1.6年期 评级为AA 债参考YTM：1.5850,N,20.0,全价：118.679 最后更新：14:59:59,,,,1,{'M': ''},0,0,N,,,buy,buy
2026-09-25 12:52:25,110100,龙建转债,ljzz,115.789,-1.06,600853,龙建股份,ljgf,3.26,0.0,0.78,4.59,71.02,0,63.03,178.82,620306,建筑装饰,shmb,C,2026-02-12,[],0,0,buy,AA,,3.213,5.967,30.3,buy,2032-01-22,5.332,10.0,6123.23,1910.14,5.28,-0.38,,0,14:59:48,00,Y,N,0,0,Y,,2026-07-28 开始转股,计算使用5.4年期 评级为AA 债参考YTM：1.8540,N,10.0,全价：115.789 最后更新：14:59:48,,,,0,[],1,0,N,,,buy,buy
2026-09-25 12:52:25,113698,凯众转债,kzzz,132.943,-0.4,603037,凯众股份,kzgf,10.22,1.89,2.74,12.55,81.43,0,63.25,196.19,280203,汽车,shmb,C,2025-09-10,[],0,0,buy,AA-,,8.785,16.315,11.3,buy,2031-08-15,4.893,3.079,3605.93,5948.51,8.75,-3.22,,0,14:59:43,00,Y,N,0,0,Y,,2026-02-24 开始转股,计算使用4.9年期 评级为AA- 债参考YTM：2.2894,N,3.08,全价：132.943 最后更新：14:59:43,,,,0,[],1,0,N,,,buy,buy
2026-09-25 12:52:25,127102,浙建转债,zjzz,117.339,-1.4,002761,浙江建投,zjjt,7.23,-1.9,0.91,10.17,71.09,0,65.05,182.39,620101,建筑装饰,szmb,C,2024-01-16,[],0,0,buy,AA+,,7.119,13.221,12.7,buy,2029-12-25,3.255,9.951,3389.04,9769.61,2.9,-1.48,,0,15:34:39,00,Y,N,0,0,Y,,2024-07-01 开始转股,计算使用3.3年期 评级为AA+ 债参考YTM：1.6599,N,10.0,全价：117.339 最后更新：15:34:39,,,,0,{'M': ''},0,0,N,,,buy,buy
2026-09-25 12:52:25,111021,奥锐转债,arzz,132.134,-2.26,605116,奥锐特,art,19.6,-1.8,2.98,24.6,79.68,0,65.84,197.97,370101,医药生物,shmb,C,2024-08-15,[],0,0,buy,AA-,,17.22,31.98,10.2,buy,2030-07-26,3.838,8.121,3087.23,2971.51,2.86,-2.67,,0,14:59:46,00,Y,N,0,0,Y,,2025-02-05 开始转股,计算使用3.9年期 评级为AA- 债参考YTM：2.2187,N,8.121,全价：132.134 最后更新：14:59:46,,,,0,[],0,0,N,,,buy,buy
2026-09-25 12:52:25,113692,保隆转债,blzz,125.778,-1.14,603197,保隆科技,blkj,29.36,0.2,1.86,38.78,75.71,0,66.13,191.91,280205,汽车,shmb,C,2024-11-27,[],0,0,buy,AA,,27.146,50.414,22.4,buy,2030-10-31,4.104,13.897,3474.85,5692.86,1.98,-2.53,,0,14:59:26,00,Y,N,0,0,Y,,2025-05-06 开始转股,计算使用4.2年期 评级为AA 债参考YTM：1.7783,N,13.9,全价：125.778 最后更新：14:59:26,,,,0,{'M': ''},0,0,N,,,buy,buy
2026-09-25 12:52:25,113705,豪26转债,h26zz,133.677,-1.53,603809,豪能股份,hngf,8.63,-0.58,2.04,10.74,80.35,88,66.36,200.04,280203,汽车,shmb,C,2026-07-10,[],0,0,buy,AA-,,6.444,13.962,22.7,buy,2032-06-14,5.726,18.0,2872.07,3293.72,1.19,-2.82,,0,14:59:30,00,Y,N,0,0,Y,,未到转股期；2026-12-22 开始转股,计算使用5.8年期 评级为AA- 债参考YTM：2.6300,N,18.0,全价：133.677 最后更新：14:59:30,,,,0,{'M': ''},0,0,N,,,buy,buy
2026-09-25 12:52:25,113710,四方转债,sfzz,138.043,-7.14,603339,四方科技,sfkj,12.3,-3.53,1.37,14.87,82.72,165,66.89,204.93,640105,机械设备,shmb,C,2026-09-23,[],0,0,buy,AA,,10.409,19.331,26.9,buy,2032-09-02,5.945,10.234,121902.02,12526.6,83.25,-3.27,,0,15:00:00,00,Y,N,0,0,Y,,未到转股期；2027-03-09 开始转股,计算使用6.0年期 评级为AA 债参考YTM：1.9715,N,10.234,全价：138.043 最后更新：15:00:00,,,,0,[],1,0,N,,,buy,buy
2026-09-25 12:52:25,127112,尚太转债,stzz,132.651,-3.74,001301,尚太科技,stkj,47.65,-2.02,2.41,60.02,79.39,0,67.09,199.74,630702,电力设备,szmb,C,2026-02-05,[],0,0,buy,AA+,,42.014,78.026,14.0,buy,2032-01-16,5.315,17.339,30141.01,24679.73,13.04,-3.27,,0,15:34:45,00,Y,N,0,0,Y,,2026-07-22 开始转股,计算使用5.4年期 评级为AA+ 债参考YTM：1.7698,N,17.34,全价：132.651 最后更新：15:34:45,,,,0,{'M': ''},1,0,N,,,buy,buy
2026-09-25 12:52:25,110101,宝钛转债,btzz,135.293,-3.15,600456,宝钛股份,btgf,25.08,-1.45,1.65,30.98,80.96,96,67.12,202.41,240504,有色金属,shmb,C,2026-07-16,[],0,0,buy,AAA,,21.686,40.274,29.2,buy,2032-06-23,5.751,35.0,5421.83,7312.62,1.13,-3.65,,0,14:59:38,00,Y,N,0,0,Y,,未到转股期；2026-12-30 开始转股,计算使用5.8年期 评级为AAA 债参考YTM：1.7142,N,35.0,全价：135.293 最后更新：14:59:38,,,,0,{'M': ''},0,0,N,,,buy,buy
2026-09-25 12:52:25,127072,博实转债,bszz,127.85,-1.04,002698,博实股份,bsgf,11.32,-0.7,2.78,14.81,76.44,0,67.27,195.12,640701,机械设备,szmb,C,2022-11-03,[],0,0,buy,AA,,10.367,19.253,4.7,buy,2028-09-22,1.997,4.498,2204.63,4368.45,3.82,-5.71,,0,15:34:33,00,Y,N,0,0,Y,,2023-03-28 开始转股,计算使用2.0年期 评级为AA 债参考YTM：1.6204,N,4.5,全价：127.850 最后更新：15:34:33,,,,1,{'M': ''},0,0,N,,,buy,buy
2026-09-25 12:52:25,113674,华设转债,hszz,124.827,-0.77,603018,华设集团,hsjt,5.15,-0.77,0.78,6.91,74.53,0,67.49,192.32,620601,建筑装饰,shmb,C,2023-08-15,[],0,0,buy,AA,,4.837,8.983,9.5,buy,2029-07-21,2.825,3.999,978.92,3040.09,1.96,-2.81,,0,14:59:01,00,Y,N,0,0,Y,,2024-01-29 开始转股,计算使用2.9年期 评级为AA 债参考YTM：1.6941,N,4.0,全价：124.827 最后更新：14:59:01,,,,0,{'M': ''},0,0,N,,,buy,buy
2026-09-25 12:52:25,123109,昌红转债,chzz,129.887,-1.08,300151,昌红科技,chkj,20.63,-2.5,6.83,26.64,77.44,0,67.73,197.62,640209,机械设备,szcy,C,2021-04-19,[],0,0,buy,AA-,,18.648,34.632,6.0,buy,2027-04-01,0.518,4.595,2489.73,27241.2,4.16,-22.25,,0,15:34:27,00,Y,N,1,0,Y,转股价下修1次，成功下修0次,2021-10-08 开始转股,计算使用0.6年期 评级为AA- 债参考YTM：1.6827,Y,4.6,全价：129.887 最后更新：15:34:27,,,"按下调到底估算
股东大会：2026-09-28
预估转股价：20.93
预估转股价值：98.57
期权价值：17.57
理论价值：131.58
理论偏离度：-1.30%",0,{'M': ''},0,0,N,,,buy,buy
2026-09-25 12:52:25,123253,永贵转债,ygzz,128.25,-0.91,300351,永贵电器,ygdq,13.88,-1.56,2.18,18.19,76.31,0,68.07,196.32,640501,机械设备,szcy,C,2025-03-28,[],0,0,buy,AA-,,12.733,23.647,26.8,buy,2031-03-13,4.469,9.797,1765.57,5033.9,1.4,-1.96,,0,15:34:03,00,Y,N,0,0,Y,,2025-09-19 开始转股,计算使用4.5年期 评级为AA- 债参考YTM：2.2649,N,9.8,全价：128.250 最后更新：15:34:03,,,,0,{'M': ''},0,0,N,,,buy,buy
2026-09-25 12:52:25,111026,派克转债,pkzz,165.481,-2.73,605123,派克新材,pkxc,80.0,-1.96,2.05,81.3,98.4,140,68.17,233.65,650201,国防军工,shmb,C,2026-08-25,[],0,0,buy,AA,,56.91,105.69,16.3,buy,2032-08-05,5.869,15.8,4938.54,9498.18,1.87,-6.28,,0,14:59:57,00,Y,N,0,0,Y,,未到转股期；2027-02-12 开始转股,计算使用5.9年期 评级为AA 债参考YTM：1.9538,N,15.8,全价：165.481 最后更新：14:59:57,,,,0,{'M': ''},0,0,N,,,buy,buy
2026-09-25 12:52:25,113652,伟22转债,w22zz,118.52,-1.62,603568,伟明环保,wmhb,13.36,-2.98,1.86,19.02,70.24,0,68.73,187.25,760103,环保,shmb,C,2022-08-12,[],0,0,buy,AA,,13.314,24.726,5.4,buy,2028-07-22,1.827,14.766,3966.37,9261.27,2.26,-3.18,,0,14:59:43,00,Y,N,2,2,Y,转股价下修2次，成功下修2次,2023-01-30 开始转股,计算使用1.9年期 评级为AA 债参考YTM：1.6122,N,14.77,全价：118.520 最后更新：14:59:43,,,,1,{'M': ''},0,0,N,,,buy,buy
2026-09-25 12:52:25,127069,小熊转债,xxzz,122.065,-0.91,002959,小熊电器,xxdq,31.58,-0.38,1.66,43.71,72.25,0,68.95,191.02,330301,家用电器,szmb,C,2022-09-07,[],0,0,buy,AA-,,30.597,56.823,11.4,buy,2028-08-12,1.885,5.041,1353.27,1233.69,2.19,-2.03,,0,15:34:39,00,Y,N,1,1,Y,转股价下修1次，成功下修1次,2023-02-20 开始转股,计算使用1.9年期 评级为AA- 债参考YTM：1.9038,N,5.36,全价：122.065 最后更新：15:34:39,,,,1,{'M': ''},0,0,N,,,buy,buy
2026-09-25 12:52:25,111018,华康转债,hkzz,121.737,-1.45,605077,华康股份,hkgf,11.46,-3.54,1.09,15.97,71.76,0,69.65,191.39,220315,基础化工,shmb,C,2024-01-15,[],0,0,buy,AA-,,11.179,20.761,37.9,buy,2029-12-25,3.255,13.022,4140.24,11556.74,2.6,-0.63,,0,14:59:10,00,Y,N,0,0,Y,,2024-07-01 开始转股,计算使用3.3年期 评级为AA- 债参考YTM：2.1780,N,13.03,全价：121.737 最后更新：14:59:10,,,,0,[],0,0,N,,,buy,buy
2026-09-25 12:52:25,123276,久吾转02,jwz02,153.361,-2.16,300631,久吾高科,jwgk,21.31,-1.3,1.95,23.78,89.61,122,71.14,224.5,760201,环保,szcy,C,2026-08-04,[],0,0,buy,A+,,16.646,30.914,11.6,buy,2032-07-19,5.822,3.0,3857.92,1775.44,8.31,-4.34,,0,15:34:06,00,Y,N,0,0,Y,,未到转股期；2027-01-25 开始转股,计算使用5.9年期 评级为A+ 债参考YTM：5.0248,N,3.0,全价：153.361 最后更新：15:34:06,,,,0,[],1,0,N,,,buy,buy
2026-09-25 12:52:25,118031,天23转债,t23zz,116.486,-0.77,688599,天合光能,thgn,10.89,-2.77,1.23,16.0,68.06,0,71.15,187.64,630502,电力设备,shkc,C,2023-03-15,[],0,0,buy,AA,,11.2,20.8,22.9,buy,2029-02-13,2.392,58.512,10171.74,21893.18,1.49,0.66,,0,14:59:58,00,Y,N,2,2,Y,转股价下修2次，成功下修2次,2023-08-17 开始转股,计算使用2.4年期 评级为AA 债参考YTM：1.6527,N,88.648,全价：116.486 最后更新：14:59:58,,,,0,{'M': ''},0,0,N,,,buy,buy
2026-09-25 12:52:25,123263,鼎捷转债,djzz,148.53,-2.68,300378,鼎捷数智,djsz,37.66,-3.16,4.08,43.42,86.73,0,71.25,219.78,710402,计算机,szcy,C,2025-12-31,[],0,0,buy,AA,,30.394,56.446,8.2,buy,2031-12-15,5.227,8.275,8266.57,39944.16,6.69,-5.07,,0,15:34:06,00,Y,N,0,0,Y,,2026-06-22 开始转股,计算使用5.3年期 评级为AA 债参考YTM：1.8371,N,8.28,全价：148.530 最后更新：15:34:06,,,,0,{'M': ''},0,0,N,,,buy,buy
2026-09-25 12:52:25,113703,翔26转债,x26zz,137.323,-0.71,603112,华翔股份,hxgf,17.56,-0.28,2.07,21.94,80.04,80,71.58,208.9,330601,家用电器,shmb,C,2026-07-07,[],0,0,buy,AA-,,15.358,28.522,13.9,buy,2032-06-07,5.707,13.01,3888.53,14651.85,2.16,-2.99,,0,14:59:56,00,Y,N,0,0,Y,,未到转股期；2026-12-14 开始转股,计算使用5.8年期 评级为AA- 债参考YTM：2.6300,N,13.01,全价：137.323 最后更新：14:59:56,,,,0,[],0,0,N,,,buy,buy
2026-09-25 12:52:25,123220,易瑞转债,yrzz,127.0,-1.0,300942,易瑞生物,yrsw,6.55,-0.91,3.04,8.85,74.01,0,71.6,198.6,370504,医药生物,szcy,C,2023-09-06,[],0,0,buy,A+,,6.195,11.505,11.0,buy,2029-08-18,2.901,2.907,1303.27,2001.99,3.52,-2.45,,0,15:33:54,00,Y,N,1,1,Y,转股价下修1次，成功下修1次,2024-02-26 开始转股,计算使用3.0年期 评级为A+ 债参考YTM：4.4823,N,3.28,全价：127.000 最后更新：15:33:54,,,,0,{'M': ''},0,0,N,,,buy,buy
2026-09-25 12:52:25,110095,双良转债,slzz,111.816,-1.1,600481,双良节能,sljn,3.98,-1.73,2.02,6.18,64.4,0,73.62,185.44,630501,电力设备,shmb,C,2023-09-08,[],0,0,buy,AA-,,4.326,8.034,17.0,buy,2029-08-08,2.874,14.006,4582.04,12764.16,2.92,0.47,,0,14:59:39,00,Y,N,2,2,Y,转股价下修2次，成功下修2次,2024-02-19 开始转股,计算使用2.9年期 评级为AA- 债参考YTM：2.1108,N,26.0,全价：111.816 最后更新：14:59:39,,,,0,{'M': ''},0,0,N,,,buy,buy
2026-09-25 12:52:25,113709,振26转债,z26zz,176.07,-2.12,603067,振华股份,zhgf,40.89,2.58,7.14,40.33,101.39,133,73.66,249.73,220203,基础化工,shmb,C,2026-08-17,[],0,0,buy,AA,,28.231,52.429,2.8,buy,2032-07-29,5.849,8.78,82298.23,245782.81,51.94,-7.3,,0,14:59:59,00,Y,N,0,0,Y,,未到转股期；2027-02-05 开始转股,计算使用5.9年期 评级为AA 债参考YTM：1.9538,N,8.78,全价：176.070 最后更新：14:59:59,,,,0,{'M': ''},0,0,N,,,buy,buy
2026-09-25 12:52:25,123252,银邦转债,ybzz,126.81,-1.07,300337,银邦股份,ybgf,9.09,-1.09,4.09,12.5,72.72,0,74.38,201.19,240301,有色金属,szcy,C,2025-01-24,[],0,0,buy,AA-,,8.75,16.25,12.1,buy,2031-01-06,4.288,7.846,2046.79,8947.83,2.05,-1.77,,0,15:34:48,00,Y,N,0,0,Y,,2025-07-14 开始转股,计算使用4.3年期 评级为AA- 债参考YTM：2.2517,N,7.85,全价：126.810 最后更新：15:34:48,,,,0,{'M': ''},0,0,N,,,buy,buy
2026-09-25 12:52:25,123216,科顺转债,kszz,120.8,-1.56,300737,科顺股份,ksgf,4.57,-5.77,1.28,6.61,69.14,0,74.72,195.52,610304,建筑材料,szcy,C,2023-08-23,[],0,0,buy,AA-,,4.627,8.593,54.2,buy,2029-08-04,2.863,21.959,4930.28,16887.31,1.85,-0.74,,0,15:34:48,00,Y,N,2,1,Y,转股价下修2次，成功下修1次,2024-02-19 开始转股,计算使用2.9年期 评级为AA- 债参考YTM：2.1108,N,21.98,全价：120.800 最后更新：15:34:48,,,,0,{'M': ''},0,0,N,,,buy,buy
2026-09-25 12:52:25,113682,益丰转债,yfzz,123.559,-0.62,603939,益丰药房,yfyf,22.08,-0.05,2.21,31.44,70.23,0,75.94,199.5,370403,医药生物,shmb,C,2024-03-27,[],0,0,buy,AA,,22.008,40.872,6.7,buy,2030-03-04,3.444,17.968,4663.8,11620.07,2.1,-2.28,,0,14:59:38,00,Y,N,0,0,Y,,2024-09-09 开始转股,计算使用3.5年期 评级为AA 债参考YTM：1.7369,N,17.97,全价：123.559 最后更新：14:59:38,,,,0,{'M': ''},0,0,N,,,buy,buy
2026-09-25 12:52:25,123223,九典转02,jdz02,130.5,-1.29,300705,九典制药,jdzy,10.76,-2.8,2.07,14.55,73.95,0,76.47,206.97,370102,医药生物,szcy,C,2023-10-13,[],0,0,buy,A+,,10.185,18.915,5.2,buy,2029-09-15,2.978,2.052,1231.93,5194.12,4.59,-3.66,,0,15:34:51,00,Y,N,0,0,Y,,2024-03-21 开始转股,计算使用3.0年期 评级为A+ 债参考YTM：4.4823,N,3.6,全价：130.500 最后更新：15:34:51,,,,0,[],0,0,N,,,buy,buy
2026-09-25 12:52:25,118037,上声转债,sszz,124.367,-1.2,688533,上声电子,ssdz,20.1,-2.66,1.86,28.64,70.18,0,77.21,201.58,280206,汽车,shkc,C,2023-08-01,[],0,0,buy,A+,,20.048,37.232,14.1,buy,2029-07-06,2.784,4.679,900.11,2346.83,1.54,-2.95,,0,14:58:03,00,Y,N,2,1,Y,转股价下修2次，成功下修1次,2024-01-12 开始转股,计算使用2.8年期 评级为A+ 债参考YTM：4.4389,N,5.2,全价：124.367 最后更新：14:58:03,,,,0,{'M': ''},0,0,N,,,buy,buy
2026-09-25 12:52:25,123168,惠云转债,hyzz,125.5,-0.89,300891,惠云钛业,hyty,7.6,-0.91,2.36,10.74,70.76,0,77.35,202.85,220206,基础化工,szcy,C,2022-12-14,[],0,0,buy,AA-,,7.518,13.962,19.3,buy,2028-11-23,2.167,4.899,1649.22,3192.13,2.67,-2.59,,0,15:34:36,00,Y,N,0,0,Y,,2023-05-29 开始转股,计算使用2.2年期 评级为AA- 债参考YTM：1.9573,N,4.9,全价：125.500 最后更新：15:34:36,,,,0,{'M': ''},0,0,N,,,buy,buy
2026-09-25 12:52:25,113679,芯能转债,xnzz,123.501,-0.03,603105,芯能科技,xnkj,8.68,5.98,1.97,12.55,69.16,0,78.56,202.06,410106,公用事业,shmb,C,2023-11-24,[],0,0,buy,AA-,,8.785,16.315,20.3,buy,2029-10-26,3.09,8.799,8342.68,34894.87,7.65,-1.08,,0,14:59:59,00,Y,N,0,0,Y,,2024-05-06 开始转股,计算使用3.1年期 评级为AA- 债参考YTM：2.1513,N,8.8,全价：123.501 最后更新：14:59:59,,,,0,{'M': ''},0,0,N,,,buy,buy
2026-09-25 12:52:25,113053,隆22转债,l22zz,113.345,-0.57,601012,隆基绿能,ljln,11.04,-3.24,1.72,17.5,63.09,0,79.67,193.02,630502,电力设备,shmb,C,2022-02-17,[],0,0,buy,AAA,,12.25,22.75,8.4,buy,2028-01-05,1.282,69.951,11667.15,79078.03,1.47,-3.32,,0,14:59:59,00,Y,N,1,1,Y,转股价下修1次，成功下修1次,2022-07-11 开始转股,计算使用1.3年期 评级为AAA 债参考YTM：1.5263,N,70.0,全价：113.345 最后更新：14:59:59,,,,1,{'M': ''},0,0,N,,,buy,buy
2026-09-25 12:52:25,118071,华峰转债,hfzz,213.63,-4.54,688200,华峰测控,hfck,398.08,0.19,10.93,335.33,118.71,95,79.96,293.59,270108,电子,shkc,C,2026-07-17,[],0,0,buy,AA,,234.731,435.929,0.9,buy,2032-06-22,5.748,7.49,55339.9,193595.11,33.56,-10.51,,0,14:59:59,00,Y,N,0,0,Y,,未到转股期；2026-12-29 开始转股,计算使用5.8年期 评级为AA 债参考YTM：1.9343,N,7.49,全价：213.630 最后更新：14:59:59,,,,0,{'M': ''},0,0,N,,,buy,buy
2026-09-25 12:52:25,127038,国微转债,gwzz,112.702,-1.05,002049,紫光国微,zggw,60.6,-1.25,3.57,97.01,62.47,0,80.42,193.12,270104,电子,szmb,C,2021-07-14,[],0,0,buy,AA+,,67.907,126.113,2.9,buy,2027-06-10,0.71,14.915,2882.14,45230.39,1.71,-3.39,,0,15:34:24,00,Y,N,0,0,Y,,2021-12-17 开始转股,计算使用0.8年期 评级为AA+ 债参考YTM：1.5263,N,15.0,全价：112.702 最后更新：15:34:24,,,,1,{'M': ''},0,0,N,,,buy,buy
2026-09-25 12:52:25,118074,特宝转债,tbzz,159.343,-4.97,688278,特宝生物,tbsw,51.4,-3.2,6.76,58.56,87.77,131,81.54,240.88,370304,医药生物,shkc,C,2026-08-13,[],0,0,buy,AA+,,40.992,76.128,7.3,buy,2032-07-27,5.844,15.33,10839.18,11668.78,4.32,-5.98,,0,15:00:00,00,Y,N,0,0,Y,,未到转股期；2027-02-03 开始转股,计算使用5.9年期 评级为AA+ 债参考YTM：1.8391,N,15.33,全价：159.343 最后更新：15:00:00,,,,0,{'M': ''},0,0,N,,,buy,buy
2026-09-25 12:52:25,113708,曙26转债,s26zz,138.273,-1.79,603019,中科曙光,zksg,82.17,-1.59,5.22,108.89,75.46,118,83.24,221.51,710103,计算机,shmb,C,2026-08-06,[],0,0,buy,AAA,,76.223,141.557,6.7,buy,2032-07-14,5.808,80.0,24791.71,107405.63,2.23,-4.16,,0,14:59:55,00,Y,N,0,0,Y,,未到转股期；2027-01-21 开始转股,计算使用5.9年期 评级为AAA 债参考YTM：1.7233,N,80.0,全价：138.273 最后更新：14:59:55,,,,0,{'M': ''},1,0,N,,,buy,buy
2026-09-25 12:52:25,123229,艾录转债,alzz,129.153,-0.1,301062,上海艾录,shal,7.0,-0.43,2.24,9.95,70.35,0,83.58,212.73,360205,轻工制造,szcy,C,2023-11-20,[],0,0,buy,A,,6.965,12.935,9.2,buy,2029-10-23,3.082,1.779,723.45,2983.18,3.15,-2.34,,0,15:34:42,00,Y,N,0,0,Y,,2024-04-29 开始转股,计算使用3.1年期 评级为A 债参考YTM：6.8515,N,5.0,全价：129.153 最后更新：15:34:42,,,,0,{'M': ''},0,0,N,,,buy,buy
2026-09-25 12:52:25,118065,艾为转债,awzz,131.536,-2.04,688798,艾为电子,awdz,56.59,-2.53,3.1,79.4,71.27,0,84.55,216.09,270105,电子,shkc,C,2026-02-26,[],0,0,buy,AA+,,55.58,103.22,24.7,buy,2032-01-22,5.332,19.01,6966.24,14048.87,2.77,-2.93,,0,14:59:55,00,Y,N,0,0,Y,,2026-07-28 开始转股,计算使用5.4年期 评级为AA+ 债参考YTM：1.7698,N,19.01,全价：131.536 最后更新：14:59:55,,,,0,{'M': ''},1,0,N,,,buy,buy
2026-09-25 12:52:25,118076,先锋转债,xfzz,185.733,-2.21,688605,先锋精科,xfjk,86.59,0.09,10.42,86.4,100.22,140,85.33,271.06,270108,电子,shkc,C,2026-08-26,[],0,0,buy,AA,,60.48,112.32,8.0,buy,2032-08-05,5.869,7.5,30626.03,30931.7,21.47,-8.12,,0,14:59:57,00,Y,N,0,0,Y,,未到转股期；2027-02-12 开始转股,计算使用5.9年期 评级为AA 债参考YTM：1.9538,N,7.5,全价：185.733 最后更新：14:59:57,,,,0,{'M': ''},0,0,N,,,buy,buy
2026-09-25 12:52:25,118073,赛斯转债,sszz,149.527,-2.78,688480,赛恩斯,ses,70.0,-0.85,5.53,86.9,80.55,122,85.63,235.16,760104,环保,shkc,C,2026-08-12,[],0,0,buy,AA,,60.83,112.97,8.1,buy,2032-07-16,5.814,5.519,4154.9,4944.23,5.0,-4.68,,0,14:59:49,00,Y,N,0,0,Y,,未到转股期；2027-01-25 开始转股,计算使用5.9年期 评级为AA 债参考YTM：1.9538,N,5.519,全价：149.527 最后更新：14:59:49,,,,0,{'M': ''},0,0,N,,,buy,buy
2026-09-25 12:52:25,123283,丰茂转债,fmzz,166.082,-1.26,301459,丰茂股份,fmgf,31.84,-1.06,2.6,35.59,89.46,152,85.64,251.72,220602,基础化工,szcy,C,2026-09-09,[],0,0,buy,AA-,,24.913,46.267,73.1,buy,2032-08-17,5.901,6.075,73925.53,2375.82,71.7,-6.29,,0,15:34:18,00,Y,N,0,0,Y,,未到转股期；2027-02-24 开始转股,计算使用6.0年期 评级为AA- 债参考YTM：2.7115,N,6.075,全价：166.082 最后更新：15:34:18,,,,0,{'M': ''},0,0,N,,,buy,buy
2026-09-25 12:52:25,113647,禾丰转债,hfzz,114.905,-0.2,603609,禾丰股份,hfgf,6.22,-1.89,0.85,10.09,61.65,0,86.4,201.31,110402,农林牧渔,shmb,C,2022-05-18,[],0,0,buy,AA,,7.063,13.117,26.1,buy,2028-04-22,1.578,14.669,2329.16,2831.81,1.38,-0.62,,0,14:59:55,00,Y,N,0,0,Y,,2022-10-28 开始转股,计算使用1.6年期 评级为AA 债参考YTM：1.5850,N,15.0,全价：114.905 最后更新：14:59:55,,,,0,{'M': ''},0,0,N,,,buy,buy
2026-09-25 12:52:25,113707,科博转债,kbzz,153.588,-2.64,603786,科博达,kbd,37.53,-1.03,2.67,45.56,82.38,108,86.45,240.04,280206,汽车,shmb,C,2026-07-31,[],0,0,buy,AA+,,31.892,59.228,9.8,buy,2032-07-02,5.775,14.91,4521.49,4498.43,1.95,-5.46,,0,14:59:59,00,Y,N,0,0,Y,,未到转股期；2027-01-11 开始转股,计算使用5.8年期 评级为AA+ 债参考YTM：1.8256,N,14.91,全价：153.588 最后更新：14:59:59,,,,0,{'M': ''},1,0,N,,,buy,buy
2026-09-25 12:52:25,118072,鼎通转债,dtzz,176.63,-5.1,688668,鼎通科技,dtkj,232.0,-5.26,14.3,246.0,94.31,96,87.29,263.92,730204,通信,shkc,C,2026-07-17,[],0,0,buy,A+,,172.2,319.8,2.9,buy,2032-06-23,5.751,9.3,15107.76,103142.46,9.06,-6.88,,0,14:59:58,00,Y,N,1,1,Y,转股价下修1次，成功下修1次,未到转股期；2026-12-30 开始转股,计算使用5.8年期 评级为A+ 债参考YTM：4.9797,N,9.3,全价：176.630 最后更新：14:59:58,,,,0,{'M': ''},0,0,N,,,buy,buy
2026-09-25 12:52:25,123275,肇民转债,zmzz,135.82,-1.41,301000,肇民科技,zmkj,24.39,-0.89,4.57,33.76,72.25,112,88.0,223.82,280205,汽车,szcy,C,2026-07-24,[],0,0,buy,AA-,,23.632,43.888,10.5,buy,2032-07-08,5.792,5.9,4047.34,6782.79,5.01,-3.06,,0,15:34:15,00,Y,N,0,0,Y,,未到转股期；2027-01-15 开始转股,计算使用5.8年期 评级为AA- 债参考YTM：2.6300,N,5.9,全价：135.820 最后更新：15:34:15,,,,0,{'M': ''},0,0,N,,,buy,buy
2026-09-25 12:52:25,123274,维科转债,wkzz,139.702,-2.11,301499,维科精密,wkjm,26.46,-1.64,2.8,35.62,74.28,101,88.06,227.76,280206,汽车,szcy,C,2026-07-10,[],0,0,buy,A+,,24.934,46.306,17.2,buy,2032-06-25,5.756,6.3,6258.56,6771.58,7.02,-2.95,,0,15:34:12,00,Y,N,0,0,Y,,未到转股期；2027-01-04 开始转股,计算使用5.8年期 评级为A+ 债参考YTM：4.9797,N,6.3,全价：139.702 最后更新：15:34:12,,,,0,{'M': ''},0,0,N,,,buy,buy
2026-09-25 12:52:25,123154,火星转债,hxzz,120.8,-0.57,300894,火星人,hxr,10.26,-1.16,4.24,16.0,64.13,0,88.38,209.18,330401,家用电器,szcy,C,2022-08-23,[],0,0,buy,A+,,11.2,20.8,17.5,buy,2028-08-05,1.866,5.289,1278.12,4792.71,1.99,-1.72,,0,15:34:27,00,Y,N,1,1,Y,转股价下修1次，成功下修1次,2023-02-13 开始转股,计算使用1.9年期 评级为A+ 债参考YTM：4.2524,N,5.29,全价：120.800 最后更新：15:34:27,,,,1,{'M': ''},0,0,N,,,buy,buy
2026-09-25 12:52:25,118024,冠宇转债,gyzz,118.578,-0.93,688772,珠海冠宇,zhgy,14.03,3.01,2.22,22.51,62.33,0,90.25,208.83,630701,电力设备,shkc,C,2022-11-17,[],0,0,buy,AA,,15.757,27.012,19.3,buy,2028-10-24,2.085,30.889,6341.35,39463.25,1.73,-1.36,,0,15:00:00,00,Y,N,0,0,Y,,2023-04-28 开始转股,计算使用2.1年期 评级为AA 债参考YTM：1.6284,N,30.89,全价：118.578 最后更新：15:00:00,,,,0,{'M': ''},0,0,N,120%,,buy,buy
2026-09-25 12:52:25,113702,斯达转债,sdzz,156.167,-1.42,603290,斯达半导,sdbd,85.95,-2.36,2.99,104.79,82.02,27,90.4,246.57,270102,电子,shmb,C,2026-05-11,[],0,0,buy,AA+,,73.353,136.227,7.3,buy,2032-04-15,5.562,15.0,7159.82,24978.78,3.04,-5.94,,0,14:59:59,00,Y,N,0,0,Y,,未到转股期；2026-10-22 开始转股,计算使用5.6年期 评级为AA+ 债参考YTM：1.7970,N,15.0,全价：156.167 最后更新：14:59:59,,,,0,{'M': ''},0,0,N,,,buy,buy
2026-09-25 12:52:25,123266,博士转债,bszz,135.3,-1.32,300622,博士眼镜,bsyj,15.16,-1.62,5.21,21.38,70.91,0,90.81,226.11,450401,商贸零售,szcy,C,2026-04-07,[],0,0,buy,AA,,14.966,27.794,11.2,buy,2032-03-18,5.485,3.75,1852.27,7450.95,3.63,-2.88,,0,15:33:57,00,Y,N,0,0,Y,,2026-09-24 开始转股,计算使用5.5年期 评级为AA 债参考YTM：1.8730,N,3.75,全价：135.300 最后更新：15:33:57,,,,0,[],0,0,N,,,buy,buy
2026-09-25 12:52:25,113627,太平转债,tpzz,110.02,-0.01,603877,太平鸟,tpn,11.85,0.08,1.25,20.61,57.5,0,91.35,201.37,350209,纺织服饰,shmb,C,2021-08-06,[],0,0,buy,AA,,14.427,26.793,14.4,buy,2027-07-15,0.806,7.996,2063.56,1137.44,2.35,-0.02,,0,14:58:55,00,Y,N,1,1,Y,转股价下修1次，成功下修1次,2022-01-21 开始转股,计算使用0.9年期 评级为AA 债参考YTM：1.5395,N,8.0,全价：110.020 最后更新：14:58:55,,,,0,{'M': ''},0,0,N,,,buy,buy
2026-09-25 12:52:25,113701,祥和转债,xhzz,149.233,6.77,603500,祥和实业,xhsy,10.42,10.03,3.26,13.37,77.94,0,91.48,240.71,640501,机械设备,shmb,C,2026-03-26,[],0,0,buy,A+,,9.359,17.381,11.5,buy,2032-03-03,5.444,4.0,280340.14,14360.8,452.79,-4.15,,0,15:00:00,00,Y,N,0,0,Y,,2026-09-09 开始转股,计算使用5.5年期 评级为A+ 债参考YTM：4.8217,N,4.0,全价：149.233 最后更新：15:00:00,,,,0,[],0,0,N,,,buy,buy
2026-09-25 12:52:25,123260,卓镁转债,zmzz,141.747,-1.77,301398,星源卓镁,xyzm,38.52,-2.63,4.13,52.15,73.86,0,91.9,233.65,280202,汽车,szcy,C,2025-11-24,[],0,0,buy,A+,,36.505,67.795,10.7,buy,2031-11-07,5.123,4.499,1487.5,5418.51,2.31,-3.43,,0,15:33:57,00,Y,N,0,0,Y,,2026-05-13 开始转股,计算使用5.2年期 评级为A+ 债参考YTM：4.6867,N,4.5,全价：141.747 最后更新：15:33:57,,,,0,{'M': ''},0,0,N,,,buy,buy
2026-09-25 12:52:25,123262,神宇转债,syzz,128.12,-0.91,300563,神宇股份,sygf,25.77,-3.3,4.04,38.62,66.73,0,92.01,220.13,730205,通信,szcy,C,2025-12-30,[],0,0,buy,AA-,,27.034,50.206,14.9,buy,2031-12-11,5.216,4.999,3818.5,14449.13,5.95,-2.29,,0,15:34:03,00,Y,N,0,0,Y,,2026-06-17 开始转股,计算使用5.3年期 评级为AA- 债参考YTM：2.3760,N,5.0,全价：128.120 最后更新：15:34:03,,,,0,{'M': ''},0,0,N,,,buy,buy
2026-09-25 12:52:25,118070,南芯转债,nxzz,148.24,-3.16,688484,南芯科技,nxkj,33.67,-2.97,3.6,43.71,77.03,91,92.44,240.68,270105,电子,shkc,C,2026-07-10,[],0,0,buy,AA+,,30.597,56.823,11.0,buy,2032-06-17,5.734,15.869,6585.91,19020.76,2.77,-4.76,,0,14:59:54,00,Y,N,0,0,Y,,未到转股期；2026-12-25 开始转股,计算使用5.8年期 评级为AA+ 债参考YTM：1.8256,N,15.869,全价：148.240 最后更新：14:59:54,,,,0,{'M': ''},0,0,N,,,buy,buy
2026-09-25 12:52:25,123215,铭利转债,mlzz,120.594,-0.77,301268,铭利达,mld,12.01,-0.99,3.24,19.19,62.59,0,92.69,213.28,640108,机械设备,szcy,C,2023-08-23,[],0,0,buy,A+,,13.433,24.947,19.6,buy,2029-08-03,2.86,8.555,1314.15,3470.59,1.27,0.27,,0,15:34:39,00,Y,N,1,1,Y,转股价下修1次，成功下修1次,2024-02-19 开始转股,计算使用2.9年期 评级为A+ 债参考YTM：4.4609,N,10.0,全价：120.594 最后更新：15:34:39,,,,0,{'M': ''},0,0,N,,,buy,buy
2026-09-25 12:52:25,113656,嘉诚转债,jczz,116.064,-0.6,603535,嘉诚国际,jcgj,6.21,-0.16,1.22,10.33,60.12,0,93.07,209.13,420805,交通运输,shmb,C,2022-10-12,[],0,0,buy,A+,,7.231,13.429,25.2,buy,2028-09-01,1.94,7.998,1890.72,1401.31,2.03,0.42,,0,14:59:59,00,Y,N,0,0,Y,,2023-03-07 开始转股,计算使用2.0年期 评级为A+ 债参考YTM：4.2704,N,8.0,全价：116.064 最后更新：14:59:59,,,,1,[],0,0,N,,,buy,buy
2026-09-25 12:52:25,118063,金05转债,j05zz,136.224,-1.44,688676,金盘科技,jpkj,62.06,-3.33,5.39,88.6,70.05,0,94.48,230.7,630801,电力设备,shkc,C,2026-01-14,[],0,0,buy,AA+,,62.02,115.18,5.9,buy,2031-12-25,5.255,16.707,3998.62,38016.04,1.75,-3.78,,0,14:59:55,00,Y,N,0,0,N,2026-09-22 至 2026-09-30 期间暂停转股：权益分派,2026-07-01 开始转股;2026-09-22 至 2026-09-30 期间暂停转股：权益分派,计算使用5.3年期 评级为AA+ 债参考YTM：1.7580,N,16.71,全价：136.224 最后更新：14:59:55,,,,0,{'M': ''},1,0,N,,,buy,buy
2026-09-25 12:52:25,127068,顺博转债,sbzz,114.502,-1.66,002996,顺博合金,sbhj,5.88,-1.01,1.15,10.0,58.8,0,94.73,209.23,240301,有色金属,szmb,C,2022-09-07,[],0,0,buy,AA-,,7.0,13.0,30.8,buy,2028-08-12,1.885,8.3,1787.02,2566.18,1.87,-2.13,,0,15:34:09,00,Y,N,2,2,Y,转股价下修2次，成功下修2次,2023-02-20 开始转股,计算使用1.9年期 评级为AA- 债参考YTM：1.9038,N,8.3,全价：114.502 最后更新：15:34:09,,,,1,[],0,0,Y,,,buy,buy
2026-09-25 12:52:25,123196,正元转02,zyz02,124.31,-0.8,300645,正元智慧,zyzh,13.92,-1.07,1.78,21.91,63.53,0,95.66,219.97,710103,计算机,szcy,C,2023-05-19,[],0,0,buy,A+,,15.337,28.483,18.1,buy,2029-04-18,2.567,3.501,1197.13,4855.84,2.74,-1.94,,0,15:34:48,00,Y,N,2,1,Y,转股价下修2次，成功下修1次,2023-10-24 开始转股,计算使用2.6年期 评级为A+ 债参考YTM：4.3944,N,3.507,全价：124.310 最后更新：15:34:48,,,,0,[],0,0,N,,,buy,buy
2026-09-25 12:52:25,118069,爱科转债,akzz,157.413,-0.53,688092,爱科科技,akkj,22.9,0.31,2.84,28.49,80.38,83,95.84,253.25,640209,机械设备,shkc,C,2026-07-09,[],0,0,buy,AA-,,19.943,37.037,14.1,buy,2032-06-10,5.715,2.67,24122.88,1982.92,56.33,-5.05,,0,14:59:58,00,Y,N,0,0,Y,,未到转股期；2026-12-17 开始转股,计算使用5.8年期 评级为AA- 债参考YTM：2.6300,N,2.67,全价：157.413 最后更新：14:59:58,,,,0,{'M': ''},0,0,N,,,buy,buy
2026-09-25 12:52:25,123264,双乐转债,slzz,121.399,-0.33,301036,双乐股份,slgf,22.42,-0.53,1.34,36.4,61.59,0,97.1,218.5,220305,基础化工,szcy,C,2026-01-16,[],0,0,buy,AA-,,25.48,47.32,51.2,buy,2031-12-26,5.258,8.0,3250.47,2030.15,3.34,-1.26,,0,15:33:54,00,Y,N,0,0,Y,,2026-07-06 开始转股,计算使用5.3年期 评级为AA- 债参考YTM：2.3760,N,8.0,全价：121.399 最后更新：15:33:54,,,,0,{'M': ''},0,0,N,,,buy,buy
2026-09-25 12:52:25,113671,武进转债,wjzz,121.769,-1.25,603878,武进不锈,wjbx,4.86,0.0,1.07,7.88,61.68,0,97.44,219.21,230403,钢铁,shmb,C,2023-08-03,[],0,0,buy,AA,,5.516,10.244,11.3,buy,2029-07-10,2.795,3.093,1368.8,3684.96,3.62,-2.59,,0,14:59:41,00,Y,N,0,0,Y,,2024-01-15 开始转股,计算使用2.8年期 评级为AA 债参考YTM：1.6859,N,3.1,全价：121.769 最后更新：14:59:41,,,,0,[],0,0,N,,,buy,buy
2026-09-25 12:52:25,127085,韵达转债,ydzz,117.0,-1.29,002120,韵达股份,ydgf,6.83,-0.73,0.92,11.53,59.24,0,97.51,214.51,420804,交通运输,szmb,C,2023-05-23,[],0,0,buy,AA+,,8.071,14.989,12.7,buy,2029-04-11,2.548,24.499,3129.77,14742.01,1.09,-1.98,,0,15:34:12,00,Y,N,0,0,Y,,2023-10-17 开始转股,计算使用2.6年期 评级为AA+ 债参考YTM：1.6222,N,24.5,全价：117.000 最后更新：15:34:12,,,,0,{'M': ''},0,0,N,,,buy,buy
2026-09-25 12:52:25,113634,珀莱转债,plzzblzz,118.792,-0.64,603605,珀莱雅,bly,56.45,-0.6,3.33,94.27,59.88,0,98.38,217.17,770202,美容护理,shmb,C,2022-01-04,[],0,0,buy,AA,,65.989,122.551,3.4,buy,2027-12-08,1.206,7.507,2329.87,22256.28,2.61,-1.41,,0,14:59:55,00,Y,N,0,0,Y,,2022-06-14 开始转股,计算使用1.3年期 评级为AA 债参考YTM：1.5593,N,7.517,全价：118.792 最后更新：14:59:55,,,,0,{'M': ''},0,0,N,,,buy,buy
2026-09-25 12:52:25,113700,海天转债,htzz,125.4,-1.32,603759,海天股份,htgf,7.81,-1.51,1.24,12.41,62.93,0,99.26,224.66,760102,环保,shmb,C,2026-03-12,[],0,0,buy,AA,,8.687,16.133,22.2,buy,2032-02-05,5.37,8.01,2445.65,2329.06,2.43,-1.86,,0,14:59:44,00,Y,N,0,0,Y,,2026-08-11 开始转股,计算使用5.4年期 评级为AA 债参考YTM：1.8540,N,8.01,全价：125.400 最后更新：14:59:44,,,,0,[],0,0,N,,,buy,buy
2026-09-25 12:52:25,113638,台21转债,t21zz,118.566,-0.87,603055,台华新材,thxc,9.51,2.7,1.53,16.01,59.4,0,99.6,218.17,350106,纺织服饰,shmb,C,2022-01-21,[],0,0,buy,AA,,11.207,20.813,7.1,buy,2027-12-29,1.263,5.997,6078.04,14429.17,8.52,-3.24,,0,14:59:43,00,Y,N,0,0,Y,,2022-07-05 开始转股,计算使用1.3年期 评级为AA 债参考YTM：1.5593,N,6.0,全价：118.566 最后更新：14:59:43,,,,0,{'M': ''},0,0,N,,,buy,buy
2026-09-25 12:52:25,123259,锦浪转02,jlz02,146.553,-0.75,300763,锦浪科技,jlkj,53.15,-3.31,2.24,72.41,73.4,0,99.66,246.21,630503,电力设备,szcy,C,2025-11-06,[],0,0,buy,AA,,50.687,94.133,9.8,buy,2031-10-17,5.066,16.763,3928.46,36085.72,1.6,-4.85,,0,15:34:03,00,Y,N,2,1,Y,转股价下修2次，成功下修1次,2026-04-23 开始转股,计算使用5.1年期 评级为AA 债参考YTM：1.8124,Y,16.766,全价：146.553 最后更新：15:34:03,,,"按下调到底估算
股东大会：2026-10-09
预估转股价：57.39
预估转股价值：92.61
期权价值：46.19
理论价值：150.71
理论偏离度：-2.84%",0,"{'G': '本次（2026年4月23日至2026年5月20日）不提前赎回，以2027年5月21日为首个交易日重新计算', 'M': ''}",0,0,N,,,buy,buy
2026-09-25 12:52:25,113648,巨星转债,jxzz,112.796,-0.61,603477,巨星农牧,jxnm,13.89,-2.46,2.68,24.84,55.92,0,101.72,214.52,110702,农林牧渔,shmb,C,2022-05-17,[],0,0,buy,AA-,,17.388,32.292,12.7,buy,2028-04-25,1.586,8.997,3112.49,14269.09,3.06,-0.31,,0,14:59:33,00,Y,N,0,0,Y,,2022-10-31 开始转股,计算使用1.6年期 评级为AA- 债参考YTM：1.8557,N,10.0,全价：112.796 最后更新：14:59:33,,,,0,{'M': ''},0,0,N,,,buy,buy
2026-09-25 12:52:25,113625,江山转债,jszz,115.441,-0.09,603208,江山欧派,jsop,11.34,0.53,2.01,19.84,57.16,0,101.97,217.41,360308,轻工制造,shmb,C,2021-07-01,[],0,0,buy,A,,13.888,25.792,29.2,buy,2027-06-11,0.712,5.825,1253.45,1940.0,1.86,3.12,,0,14:59:33,00,Y,N,1,1,Y,转股价下修1次，成功下修1次,2021-12-20 开始转股,计算使用0.8年期 评级为A 债参考YTM：6.4123,N,5.83,全价：115.441 最后更新：14:59:33,,,,0,[],0,0,N,,,buy,buy
2026-09-25 12:52:25,118075,奥普转债,apzz,184.069,-4.47,688686,奥普特,apt,136.3,-3.87,5.22,149.83,90.97,132,102.34,286.41,640704,机械设备,shkc,C,2026-08-19,[],0,0,buy,AA,,104.881,194.779,7.6,buy,2032-07-28,5.847,12.7,38609.24,12660.93,16.11,-8.01,,0,14:59:57,00,Y,N,0,0,Y,,未到转股期；2027-02-04 开始转股,计算使用5.9年期 评级为AA 债参考YTM：1.9538,N,12.7,全价：184.069 最后更新：14:59:57,,,,0,{'M': ''},0,0,N,,,buy,buy
2026-09-25 12:52:25,123192,科思转债,kszz,121.521,-0.36,300856,科思股份,ksgf,10.4,-0.38,1.8,17.32,60.05,0,102.38,223.9,770201,美容护理,szcy,C,2023-05-11,[],0,0,buy,AA-,,12.124,22.516,15.0,buy,2029-04-13,2.553,7.187,1575.92,1455.21,1.8,-1.0,,0,15:34:42,00,Y,N,0,0,Y,,2023-10-19 开始转股,计算使用2.6年期 评级为AA- 债参考YTM：2.0434,N,7.249,全价：121.521 最后更新：15:34:42,,,,0,{'M': ''},0,0,N,,,buy,buy
2026-09-25 12:52:25,111009,盛泰转债,stzz,119.025,-0.93,605138,盛泰集团,stjt,6.16,-0.81,1.36,10.51,58.61,0,103.08,222.11,350209,纺织服饰,shmb,C,2022-12-01,[],0,0,buy,AA,,7.357,13.663,20.5,buy,2028-11-07,2.123,7.011,3197.88,1801.16,3.83,-2.34,,0,14:59:43,00,Y,N,0,0,Y,,2023-05-11 开始转股,计算使用2.2年期 评级为AA 债参考YTM：1.6364,N,7.012,全价：119.025 最后更新：14:59:43,,,,0,[],0,0,N,,,buy,buy
2026-09-25 12:52:25,123113,仙乐转债,xlzz,112.98,-0.46,300791,仙乐健康,xljk,17.52,-1.35,1.77,31.69,55.29,0,104.36,217.34,340407,食品饮料,szcy,C,2021-05-14,[],0,0,buy,AA-,,22.183,41.197,22.7,buy,2027-04-19,0.567,10.248,2473.93,1792.32,2.13,0.03,,0,15:34:24,00,Y,N,0,0,Y,,2021-10-25 开始转股,计算使用0.6年期 评级为AA- 债参考YTM：1.6827,N,10.249,全价：112.980 最后更新：15:34:24,,,,0,[],0,0,N,,,buy,buy
2026-09-25 12:52:25,113655,欧22转债,o22zz,117.217,-0.35,603833,欧派家居,opjj,29.36,-2.13,0.96,51.29,57.24,0,104.77,221.99,360308,轻工制造,shmb,C,2022-09-01,[],0,0,buy,AA,,35.903,66.677,11.2,buy,2028-08-05,1.866,19.999,2698.31,8241.11,1.15,-1.59,,0,14:59:55,00,Y,N,1,1,Y,转股价下修1次，成功下修1次,2023-02-13 开始转股,计算使用1.9年期 评级为AA 债参考YTM：1.6122,N,20.0,全价：117.217 最后更新：14:59:55,,,,0,{'M': ''},0,0,N,,,buy,buy
2026-09-25 12:52:25,113666,爱玛转债,amzz,116.994,-1.27,603529,XD爱玛科,amkj,20.88,-1.88,1.78,36.68,56.93,0,105.52,222.51,280401,汽车,shmb,C,2023-03-20,[],0,0,buy,AA,,25.676,47.684,11.3,buy,2029-02-23,2.419,19.994,4280.42,6811.52,1.82,-1.34,,0,14:59:56,00,Y,N,0,0,Y,,2023-09-01 开始转股,计算使用2.5年期 评级为AA 债参考YTM：1.6610,N,20.0,全价：116.994 最后更新：14:59:56,,,,0,{'M': ''},0,0,N,,,buy,buy
2026-09-25 12:52:25,123138,丝路转债,slzz,124.2,-0.59,300556,丝路视觉,slsj,15.98,-0.56,4.68,26.53,60.23,0,106.2,230.4,710401,计算机,szcy,C,2022-03-22,[],0,0,buy,A-,,18.571,34.489,13.8,buy,2028-03-02,1.438,2.393,794.22,4131.19,2.67,-3.84,,0,15:34:30,00,Y,N,0,0,Y,,2022-09-08 开始转股,计算使用1.5年期 评级为A- 债参考YTM：8.8785,N,2.4,全价：124.200 最后更新：15:34:30,,,,0,[],0,0,N,,,buy,buy
2026-09-25 12:52:25,123267,珂玛转债,kmzz,200.0,-3.53,301611,珂玛科技,kmkj,94.53,-3.2,21.78,97.47,96.98,27,106.22,306.22,270103,电子,szcy,C,2026-05-13,[],0,0,buy,AA,,68.229,126.711,5.4,buy,2032-04-15,5.562,7.5,15842.44,43271.77,10.37,-9.78,,0,15:34:12,00,Y,N,0,0,Y,,未到转股期；2026-10-22 开始转股,计算使用5.6年期 评级为AA 债参考YTM：1.8932,N,7.5,全价：200.000 最后更新：15:34:12,,,,0,{'M': ''},0,0,N,,,buy,buy
2026-09-25 12:52:25,118067,上26转债,s26zz,128.558,-1.11,688533,上声电子,ssdz,20.1,-2.66,1.86,32.25,62.33,0,106.27,234.83,280206,汽车,shkc,C,2026-04-14,[],0,0,buy,A+,,22.575,41.925,9.8,buy,2032-03-18,5.485,3.25,1391.09,2346.83,3.33,-1.59,,0,14:59:50,00,Y,N,0,0,Y,,2026-09-24 开始转股,计算使用5.5年期 评级为A+ 债参考YTM：4.8217,N,3.25,全价：128.558 最后更新：14:59:50,,,,0,{'M': ''},0,0,N,,,buy,buy
2026-09-25 12:52:25,127044,蒙娜转债,mnzz,113.2,-1.04,002918,蒙娜丽莎,mnls,10.56,-2.76,1.3,19.76,53.44,0,111.82,225.02,360306,轻工制造,szmb,C,2021-09-16,[],0,0,buy,AA-,,13.832,25.688,14.9,buy,2027-08-16,0.893,3.368,2136.64,20331.05,5.59,-1.19,,0,15:34:24,00,Y,N,1,1,Y,转股价下修1次，成功下修1次,2022-02-21 开始转股,计算使用0.9年期 评级为AA- 债参考YTM：1.7306,N,11.689,全价：113.200 最后更新：15:34:24,,,,1,[],0,0,N,,,buy,buy
2026-09-25 12:52:25,113616,韦尔转债,wezz,109.517,0.01,603501,豪威集团,hwjt,81.4,-1.66,3.13,159.02,51.19,0,113.95,223.47,270104,电子,shmb,C,2021-01-22,[],0,0,buy,AA+,,111.314,206.726,2.5,buy,2026-12-28,0.26,24.324,9007.41,59905.57,3.38,1.69,,0,14:59:41,00,Y,N,0,0,Y,,2021-07-05 开始转股,计算使用0.3年期 评级为AA+ 债参考YTM：1.5002,N,24.4,全价：109.517 最后更新：14:59:41,,,,0,{'M': ''},0,0,N,,,buy,buy
2026-09-25 12:52:25,127062,垒知转债,lzzz,121.07,-0.63,002398,垒知集团,lzjt,4.27,1.67,0.77,7.56,56.48,0,114.35,235.42,610303,建筑材料,szmb,C,2022-05-20,[],0,0,buy,AA-,,5.292,9.828,15.5,buy,2028-04-21,1.575,3.957,1183.65,4965.86,2.47,-2.17,,0,15:34:15,00,Y,N,0,0,Y,,2022-10-27 开始转股,计算使用1.6年期 评级为AA- 债参考YTM：1.8557,N,3.963,全价：121.070 最后更新：15:34:15,,,,0,[],0,0,N,,,buy,buy
2026-09-25 12:52:25,113693,志邦转债,zbzz,119.465,-0.97,603801,志邦家居,zbjj,6.2,0.16,0.91,11.13,55.71,0,114.46,233.93,360308,轻工制造,shmb,C,2025-04-08,[],0,0,buy,AA,,7.791,14.469,24.9,buy,2031-03-18,4.482,6.7,2013.04,4624.97,2.51,-1.0,,0,14:59:53,00,Y,N,0,0,Y,,2025-09-24 开始转股,计算使用4.5年期 评级为AA 债参考YTM：1.7899,N,6.7,全价：119.465 最后更新：14:59:53,,,,0,[],0,0,N,,,buy,buy
2026-09-25 12:52:25,118015,芯海转债,xhzz,124.63,-0.82,688595,芯海科技,xhkj,31.65,-1.65,6.34,55.22,57.32,0,117.44,242.07,270104,电子,shkc,C,2022-08-18,[],0,0,buy,A+,,38.654,71.786,9.0,buy,2028-07-21,1.825,4.1,1240.76,7641.77,2.43,-3.26,,0,14:59:24,00,Y,N,0,0,Y,,2023-01-30 开始转股,计算使用1.9年期 评级为A+ 债参考YTM：4.2524,N,4.1,全价：124.630 最后更新：14:59:24,,,,0,{'M': ''},0,0,N,,,buy,buy
2026-09-25 12:52:25,123265,耐普转02,npz02,128.748,-0.9,300818,耐普矿机,npkj,16.4,-2.26,1.92,29.42,55.74,0,130.96,259.71,640103,机械设备,szcy,C,2026-01-30,[],0,0,buy,A+,,20.594,38.246,19.3,buy,2032-01-16,5.315,4.499,956.0,3485.94,1.64,-1.51,,0,15:34:09,00,Y,N,0,0,Y,,2026-07-22 开始转股,计算使用5.4年期 评级为A+ 债参考YTM：4.7705,N,4.5,全价：128.748 最后更新：15:34:09,,,,0,[],0,0,N,,,buy,buy
2026-09-25 12:52:25,118010,洁特转债,jtzz,126.254,0.0,688026,洁特生物,jtsw,25.95,-6.59,3.05,47.88,54.2,0,132.95,259.2,370503,医药生物,shkc,C,2022-08-02,[],0,0,buy,A+,,33.516,62.244,12.1,buy,2028-06-28,1.762,4.399,4750.37,25164.04,8.57,-6.74,,0,14:59:22,00,Y,N,0,0,Y,,2023-01-04 开始转股,计算使用1.8年期 评级为A+ 债参考YTM：4.2340,N,4.4,全价：126.254 最后更新：14:59:22,,,,0,{'M': ''},0,0,N,,,buy,buy
2026-09-25 12:52:25,118042,奥维转债,awzz,123.942,-1.16,688516,XD奥特维,atw,43.91,-3.71,3.64,83.39,52.66,0,135.38,259.32,630505,电力设备,shkc,C,2023-09-01,[],0,0,buy,AA-,,58.373,108.407,8.2,buy,2029-08-10,2.88,11.399,1920.65,25224.55,1.36,-1.57,,0,14:59:24,00,Y,N,0,0,Y,,2024-02-19 开始转股,计算使用2.9年期 评级为AA- 债参考YTM：2.1108,N,11.4,全价：123.942 最后更新：14:59:24,,,,0,{'M': ''},0,0,N,,,buy,buy
2026-09-25 12:52:25,118068,迪威转债,dwzz,123.66,-1.08,688377,迪威尔,dwe,16.97,-1.74,2.07,32.49,52.23,76,136.75,260.41,640203,机械设备,shkc,C,2026-06-30,[],0,0,buy,AA-,,22.743,42.237,22.9,buy,2032-06-03,5.696,9.08,2379.96,5763.47,2.12,-1.48,,0,14:59:56,00,Y,N,0,0,Y,,未到转股期；2026-12-10 开始转股,计算使用5.7年期 评级为AA- 债参考YTM：2.5796,N,9.08,全价：123.660 最后更新：14:59:56,,,,0,{'M': ''},1,0,N,,,buy,buy
2026-09-25 12:52:25,123090,三诺转债,snzz,111.56,0.02,300298,三诺生物,snsw,16.15,-1.16,2.92,34.52,46.78,0,138.46,250.02,370502,医药生物,szcy,C,2021-01-12,[],0,0,buy,AA,,24.164,44.876,6.9,buy,2026-12-21,0.241,4.984,1286.75,6099.53,2.31,1.64,,0,15:34:30,00,Y,N,0,0,Y,,2021-06-25 开始转股,计算使用0.3年期 评级为AA 债参考YTM：1.5102,N,5.0,全价：111.560 最后更新：15:34:30,,,,0,{'M': ''},0,0,N,,,buy,buy
2026-09-25 12:52:25,118022,锂科转债,lkzz,114.992,-1.18,688779,五矿新能,wkxn,7.44,-2.49,1.9,15.49,48.03,0,139.41,254.4,630702,电力设备,shkc,C,2022-11-07,[],0,0,buy,AA,,10.843,20.137,22.6,buy,2028-10-11,2.049,32.497,6051.72,11219.8,1.61,-0.74,,0,14:59:44,00,Y,N,0,0,Y,,2023-04-17 开始转股,计算使用2.1年期 评级为AA 债参考YTM：1.6284,N,32.5,全价：114.992 最后更新：14:59:44,,,,0,{'M': ''},0,0,N,,,buy,buy
2026-09-25 12:52:25,111014,李子转债,lzzz,118.66,-0.55,605337,李子园,lzy,9.01,-0.22,2.12,18.21,49.48,0,139.82,258.48,340701,食品饮料,shmb,C,2023-07-13,[],0,0,buy,AA,,12.747,23.673,17.2,buy,2029-06-20,2.74,5.999,2274.89,1611.91,3.2,-1.06,,0,14:59:56,00,Y,N,0,0,N,2026-09-23 至 2026-09-30 期间暂停转股：权益分派,2023-12-28 开始转股;2026-09-23 至 2026-09-30 期间暂停转股：权益分派,计算使用2.8年期 评级为AA 债参考YTM：1.6859,N,6.0,全价：118.660 最后更新：14:59:56,,,,0,[],0,0,N,,,buy,buy
2026-09-25 12:52:25,118066,统联转债,tlzz,125.704,-1.52,688210,统联精密,tljm,28.92,-2.66,3.71,55.96,51.68,0,143.24,268.94,270504,电子,shkc,C,2026-03-20,[],0,0,buy,AA-,,39.172,72.748,12.2,buy,2032-03-02,5.441,5.76,1686.22,6217.02,2.32,-1.85,,0,14:58:31,00,Y,N,0,0,Y,,2026-09-07 开始转股,计算使用5.5年期 评级为AA- 债参考YTM：2.4729,N,5.76,全价：125.704 最后更新：14:58:31,,,,0,{'M': ''},1,0,N,,,buy,buy
2026-09-25 12:52:25,127098,欧晶转债,ojzz,120.225,-0.08,001269,欧晶科技,ojkj,19.35,-0.72,5.12,42.0,46.07,0,160.95,281.18,630504,电力设备,szmb,C,2023-12-15,[],0,0,buy,A+,,29.4,54.6,12.6,buy,2029-11-24,3.17,4.693,1289.33,3082.9,2.29,-1.12,,0,15:34:24,00,Y,N,1,1,Y,转股价下修1次，成功下修1次,2024-05-30 开始转股,计算使用3.2年期 评级为A+ 债参考YTM：4.5170,N,4.7,全价：120.225 最后更新：15:34:24,,,,0,[],0,0,N,,,buy,buy
2026-09-25 12:52:25,113650,博22转债,b22zz,118.829,-0.23,603916,苏博特,sbt,10.52,-1.5,1.01,23.27,45.21,0,162.85,281.68,220309,基础化工,shmb,C,2022-07-28,[],0,0,buy,AA-,,16.289,30.251,18.1,buy,2028-07-01,1.77,7.996,2023.77,3406.42,2.13,-0.88,,0,14:59:56,00,Y,N,0,0,Y,,2023-01-09 开始转股,计算使用1.8年期 评级为AA- 债参考YTM：1.8876,N,8.0,全价：118.829 最后更新：14:59:56,,,,0,{'M': ''},0,0,N,,,buy,buy
2026-09-25 12:52:25,123180,浙矿转债,zkzz,127.896,-0.48,300837,浙矿股份,zkgf,22.69,-1.35,1.58,47.59,47.68,0,168.25,296.15,640203,机械设备,szcy,C,2023-03-28,[],0,0,buy,AA-,,33.313,61.867,18.6,buy,2029-03-09,2.458,3.196,1575.66,2479.9,3.85,-3.11,,0,15:34:39,00,Y,N,0,0,Y,,2023-09-15 开始转股,计算使用2.5年期 评级为AA- 债参考YTM：2.0210,N,3.2,全价：127.896 最后更新：15:34:39,,,,0,[],0,0,N,,,buy,buy
2026-09-25 12:52:25,123117,健帆转债,jfzz,109.5,-0.03,300529,健帆生物,jfsw,14.96,-1.38,3.45,38.15,39.21,0,179.24,288.74,370503,医药生物,szcy,C,2021-07-12,[],0,0,buy,AA,,26.705,49.595,13.0,buy,2027-06-23,0.745,9.998,2460.25,5326.97,2.25,0.62,,0,15:34:24,00,Y,N,2,2,Y,转股价下修2次，成功下修2次,2021-12-29 开始转股,计算使用0.8年期 评级为AA 债参考YTM：1.5363,N,10.0,全价：109.500 最后更新：15:34:24,,,,0,{'M': ''},0,0,N,,,buy,buy
2026-09-25 12:52:25,123151,康医转债,kyzz,117.141,-0.44,300869,康泰医学,ktyx,11.46,-0.69,2.74,27.55,41.6,0,181.61,298.75,370502,医药生物,szcy,C,2022-07-20,[],0,0,buy,A+,,19.285,35.815,23.2,buy,2028-07-01,1.77,6.998,1025.06,4568.93,1.25,0.18,,0,15:34:27,00,Y,N,0,0,Y,,2023-01-09 开始转股,计算使用1.8年期 评级为A+ 债参考YTM：4.2340,N,7.0,全价：117.141 最后更新：15:34:27,,,,0,{'M': ''},0,0,N,,,buy,buy
2026-09-25 12:52:25,113670,金23转债,j23zz,119.837,-0.71,603180,金牌家居,jpjj,15.83,0.44,0.94,37.54,42.17,0,184.19,304.03,360308,轻工制造,shmb,C,2023-05-16,[],0,0,buy,AA,,26.278,48.802,31.5,buy,2029-04-17,2.564,7.7,1672.97,1672.98,1.81,-0.51,,0,14:58:59,00,Y,N,0,0,Y,,2023-10-23 开始转股,计算使用2.6年期 评级为AA 债参考YTM：1.6693,N,7.7,全价：119.837 最后更新：14:58:59,,,,0,[],0,0,N,,,buy,buy
2026-09-25 12:52:25,123250,嘉益转债,jyzz,120.126,-0.72,301004,嘉益股份,jygf,32.7,-0.7,2.45,78.88,41.46,0,189.77,309.9,360311,轻工制造,szcy,C,2024-11-26,[],0,0,buy,A+,,55.216,102.544,8.9,buy,2030-11-07,4.123,3.955,1157.75,1736.7,2.43,-0.3,,0,15:33:57,00,Y,N,0,0,Y,,2025-05-13 开始转股,计算使用4.2年期 评级为A+ 债参考YTM：4.6048,N,3.979,全价：120.126 最后更新：15:33:57,,,,0,{'M': ''},0,0,N,,,buy,buy
2026-09-25 12:52:25,113049,长汽转债,cqzz,106.099,-0.02,601633,长城汽车,ccqc,13.91,-1.42,1.37,38.74,35.91,0,195.49,301.59,280502,汽车,shmb,C,2021-07-08,[],0,0,buy,AAA,,27.118,50.362,4.0,buy,2027-06-10,0.71,34.95,3216.6,16469.45,0.87,1.2,,0,14:59:01,00,Y,N,0,0,Y,,2021-12-17 开始转股,计算使用0.8年期 评级为AAA 债参考YTM：1.5063,N,35.0,全价：106.099 最后更新：14:59:01,,,,1,{'M': ''},0,0,N,,,buy,buy
2026-09-25 12:52:25,113660,寿22转债,s22zz,120.557,-0.64,603896,寿仙谷,sxg,14.51,-1.29,1.26,36.84,39.39,0,206.09,326.65,370201,医药生物,shmb,C,2022-12-12,[],0,0,buy,AA-,,25.788,47.892,13.8,buy,2028-11-17,2.151,3.977,588.52,1695.71,1.23,-2.02,,0,14:57:36,00,Y,N,0,0,Y,,2023-05-23 开始转股,计算使用2.2年期 评级为AA- 债参考YTM：1.9573,N,3.98,全价：120.557 最后更新：14:57:36,,,,0,[],0,0,N,,,buy,buy
2026-09-25 12:52:25,118032,建龙转债,jlzz,120.764,-0.33,688357,建龙微纳,jlwn,26.93,-0.04,1.46,71.41,37.71,0,220.23,340.99,220309,基础化工,shkc,C,2023-04-07,[],0,0,buy,AA-,,49.987,92.833,26.0,buy,2029-03-08,2.455,6.999,967.74,1932.65,1.15,-0.78,,0,14:58:59,00,Y,N,0,0,Y,,2023-09-14 开始转股,计算使用2.5年期 评级为AA- 债参考YTM：2.0210,N,7.0,全价：120.764 最后更新：14:58:59,,,,0,{'M': ''},0,0,N,,,buy,buy
2026-09-25 12:52:25,123273,三江转债,sjzz,307.311,-1.19,301059,金三江,jsj,13.21,3.12,4.57,14.43,91.55,90,235.69,543.0,220309,基础化工,szcy,C,2026-07-03,[],0,0,buy,A+,,10.101,18.759,10.6,buy,2032-06-16,5.732,2.9,57349.82,5291.75,63.7,-15.44,,0,15:34:06,00,Y,N,0,0,Y,,未到转股期；2026-12-24 开始转股,计算使用5.8年期 评级为A+ 债参考YTM：4.9797,N,2.9,全价：307.311 最后更新：15:34:06,,,,0,{'M': ''},0,0,N,,,buy,buy
2026-09-25 12:52:25,123072,乐歌转债,lgzz,119.795,0.0,300729,乐歌股份,lggf,11.3,0.27,1.08,32.61,34.65,0,245.71,365.51,360311,轻工制造,szcy,C,2020-11-10,[],0,0,buy,A+,,22.827,42.393,3.8,buy,2026-10-21,0.074,1.418,856.13,4833.39,5.04,2.4,,0,15:34:21,00,Y,N,0,0,Y,,2021-04-27 开始转股,计算使用0.1年期 评级为A+ 债参考YTM：3.9924,N,1.42,全价：119.795 最后更新：15:34:21,,,,0,{'R': '到期\n最后交易日：2026-10-15\n最后转股日：2026-10-20\n债券到期日：2026-10-21\n到期赎回价：120.000元/张'},0,0,N,,,buy,buy
2026-09-25 12:52:25,128135,洽洽转债,qqzz,114.834,0.01,002557,洽洽食品,qqsp,18.2,0.44,1.81,54.95,33.12,0,246.71,361.54,340801,食品饮料,szmb,C,2020-11-18,[],0,0,buy,AA,,38.465,71.435,14.6,buy,2026-10-20,0.071,13.398,2087.18,7227.5,1.36,2.11,,0,15:34:48,00,Y,N,0,0,Y,,2021-04-26 开始转股,计算使用0.1年期 评级为AA 债参考YTM：1.5100,N,13.4,全价：114.834 最后更新：15:34:48,,,,1,"{'R': '到期\n最后交易日：2026-10-14\n最后转股日：2026-10-19\n债券到期日：2026-10-20\n到期赎回价：115.000元/张', 'M': ''}",0,0,Y,,,buy,buy
2026-09-25 12:52:25,110085,通22转债,t22zz,112.01,-0.38,600438,通威股份,twgf,11.12,-3.97,1.48,34.6,32.14,0,248.52,360.53,630501,电力设备,shmb,C,2022-03-18,[],0,0,buy,AAA,,24.22,44.98,23.9,buy,2028-02-24,1.419,119.831,7282.85,32834.49,0.54,-0.77,,0,14:59:50,00,Y,N,0,0,Y,,2022-09-02 开始转股,计算使用1.5年期 评级为AAA 债参考YTM：1.5385,N,120.0,全价：112.010 最后更新：14:59:50,,,,0,{'M': ''},0,0,N,,,buy,buy
2026-09-25 12:52:25,118005,天奈转债,tnzz,120.605,0.11,688116,天奈科技,tnkj,33.64,-1.92,3.17,99.01,33.98,0,254.97,375.58,630702,电力设备,shkc,C,2022-03-01,[],0,0,buy,AA-,,69.307,128.713,6.7,buy,2028-01-27,1.343,8.299,2031.65,10967.35,2.03,-5.57,,0,14:59:35,00,Y,N,0,0,Y,,2022-08-09 开始转股,计算使用1.4年期 评级为AA- 债参考YTM：1.8234,N,8.3,全价：120.605 最后更新：14:59:35,,,,0,{'M': ''},0,0,N,,,buy,buy
2026-09-25 12:52:25,123270,盛德转债,sdzz,214.035,-3.93,300881,盛德鑫泰,sdxt,30.67,-2.23,2.53,53.68,57.14,73,274.61,488.65,230501,钢铁,szcy,C,2026-06-12,[],0,0,buy,A+,,37.576,69.784,23.0,buy,2032-05-31,5.688,4.05,16335.87,4532.86,18.5,-10.08,,0,15:33:54,00,Y,N,0,0,Y,,未到转股期；2026-12-07 开始转股,计算使用5.7年期 评级为A+ 债参考YTM：4.9290,N,4.05,全价：214.035 最后更新：15:33:54,,,,0,{'M': ''},0,0,N,,,buy,buy
2026-09-25 12:52:25,113633,科沃转债,kwzz,111.07,0.1,603486,科沃斯,kws,50.33,-0.83,2.86,172.97,29.1,0,281.72,392.79,330302,家用电器,shmb,C,2021-12-29,[],0,0,buy,AA,,121.079,224.861,3.6,buy,2027-11-30,1.184,10.396,2448.13,12246.9,2.12,0.56,,0,14:59:57,00,Y,N,0,0,Y,,2022-06-06 开始转股,计算使用1.2年期 评级为AA 债参考YTM：1.5523,N,10.4,全价：111.070 最后更新：14:59:57,,,,0,{'M': ''},0,0,N,,,buy,buy
2026-09-25 12:52:25,127025,冀东转债,jdzz,105.79,0.02,000401,金隅冀东,jyjd,3.55,-1.93,0.36,12.92,27.48,0,285.02,390.81,610101,建筑材料,szmb,C,2020-12-02,[],0,0,buy,AAA,,9.044,16.796,19.0,buy,2026-11-05,0.115,17.764,4128.3,4316.02,2.2,1.77,,0,15:34:18,00,Y,Y,0,0,Y,,2021-05-11 开始转股,计算使用0.2年期 评级为AAA 债参考YTM：1.4800,N,28.2,全价：105.790 最后更新：15:34:18,,,,0,"{'R': '到期\n最后交易日：2026-10-30\n最后转股日：2026-11-04\n', 'M': ''}",0,0,N,,,buy,buy
2026-09-25 12:52:25,123179,立高转债,lgzz,120.2,-0.12,300973,立高食品,lgsp,25.39,-0.9,1.59,94.64,26.83,0,348.04,468.24,340802,食品饮料,szcy,C,2023-03-27,[],0,0,buy,AA-,,66.248,123.032,31.6,buy,2029-03-07,2.452,9.499,1083.23,4075.1,0.95,-0.49,,0,15:34:45,00,Y,N,0,0,Y,,2023-09-13 开始转股,计算使用2.5年期 评级为AA- 债参考YTM：2.0210,N,9.5,全价：120.200 最后更新：15:34:45,,,,0,{'M': ''},0,0,N,,,buy,buy
2026-09-25 12:52:25,113059,福莱转债,flzz,114.768,0.04,601865,福莱特,flt,9.27,-1.17,1.0,41.56,22.31,0,414.54,529.31,630504,电力设备,shmb,C,2022-06-13,[],0,0,buy,AA,,29.092,54.028,22.7,buy,2028-05-20,1.655,39.996,2974.8,7534.77,0.65,-0.52,,0,14:59:54,00,Y,N,1,0,Y,转股价下修1次，成功下修0次,2022-11-28 开始转股,计算使用1.7年期 评级为AA 债参考YTM：1.5943,N,40.0,全价：114.768 最后更新：14:59:54,,,,0,{'M': ''},0,0,N,,,buy,buy
