抓取时间,bond_id,bond_nm,bond_py,price,increase_rt,stock_id,stock_nm,stock_py,sprice,sincrease_rt,pb,convert_price,convert_value,convert_begin,premium_rt,dblow,sw_cd,sw_name,market_cd,btype,list_dt,t_flag,owned,hold,bond_value,rating_cd,option_value,put_convert_price,force_redeem_price,convert_amt_ratio,fund_rt,maturity_dt,year_left,curr_iss_amt,volume,svolume,turnover_rt,ytm_rt,put_ytm_rt,noted,last_time,qstatus,sqflag,pb_flag,adj_cnt,adj_scnt,convert_price_valid,convert_price_tips,convert_cd_tip,ref_yield_info,adjusted,orig_iss_amt,price_tips,redeem_dt,real_force_redeem_price,option_tip,after_next_put_dt,icons,is_min_price,blocked,putting,force_redeem_price_tip,notes,volatility_rate,debt_rate
2026-09-15 12:47:36,123285,润禾转02,rhz02,100.0,0.0,300727,润禾材料,rhcl,31.7,-0.06,4.22,31.1,101.93,182,-1.89,98.11,220316,基础化工,szcy,C,,[],0,0,buy,A+,,21.77,40.43,7.2,buy,2032-09-09,5.989,3.7,0.0,11367.7,0.0,2.83,,0,,00,Y,N,0,0,Y,,未到转股期；2027-03-16 开始转股,计算使用6.0年期 评级为A+ 债参考YTM：5.2267,N,3.7,待上市,,,,0,[],0,0,N,,,buy,buy
2026-09-15 12:47:36,110077,洪城转债,hczz,205.585,-0.69,600461,洪城环境,hchj,9.09,-0.55,1.17,4.41,206.12,0,-0.26,205.33,760102,环保,shmb,C,2020-12-17,[],0,0,buy,AA+,,3.087,5.733,4.5,buy,2026-11-20,0.181,5.322,6713.29,8293.72,6.12,-261.06,,0,14:59:25,00,Y,N,0,0,Y,,2021-05-26 开始转股,计算使用0.2年期 评级为AA+ 债参考YTM：1.4931,N,18.0,全价：205.585 最后更新：14:59:25,,,,1,"{'G': '本次（2026年7月12日至2026年7月31日）不提前赎回，至到期日止均不行使提前赎回权利', 'M': ''}",0,0,N,,,buy,buy
2026-09-15 12:47:36,127116,瑞鹄转02,rhz02,100.0,0.0,002997,瑞鹄模具,rhmj,29.24,-0.65,2.31,29.18,100.21,189,-0.21,99.79,280205,汽车,szmb,C,,[],0,0,buy,AA,,20.426,37.934,11.2,buy,2032-09-16,6.003,6.86,0.0,29943.34,0.0,1.85,,0,,00,Y,N,0,0,Y,,未到转股期；2027-03-23 开始转股,计算使用6.1年期 评级为AA 债参考YTM：2.0416,N,6.86,待上市,,,,0,{'M': ''},0,0,N,,,buy,buy
2026-09-15 12:47:36,113042,上银转债,syzz,117.843,-0.29,601229,上海银行,shyh,9.67,-1.02,0.51,8.35,115.81,0,1.76,119.6,480401,银行,shmb,C,2021-02-10,[],0,0,buy,AAA,,,10.855,14.5,buy,2027-01-25,0.362,199.774,19763.86,43520.37,0.84,-13.71,,0,14:59:33,00,Y,Y,0,0,Y,,2021-07-29 开始转股,计算使用0.4年期 评级为AAA 债参考YTM：1.4836,N,200.0,全价：117.843 最后更新：14:59:33,,,,0,{'M': ''},0,0,N,,,buy,buy
2026-09-15 12:47:36,123258,胜蓝转02,slz2,248.6,-0.36,300843,胜蓝股份,slgf,132.5,-0.29,12.57,54.36,243.75,0,1.99,250.59,270504,电子,szcy,C,2025-09-10,[],0,0,buy,AA-,,38.052,70.668,2.1,buy,2031-08-28,,4.49,99051.09,62020.52,87.72,,,0,15:34:45,00,Y,N,0,0,Y,,2026-03-03 开始转股,强赎登记日2026-09-29，赎回价格100.0500元，如不考虑强赎纯债价值为104.98元，计算使用5.0年期 评级为AA- 债参考YTM：2.3565,N,4.5,全价：248.600 最后更新：15:34:45,2026-09-29,100.0500,如不考虑强赎期权价值为189.19元,0,"{'R': '最后交易日 2026年9月29日\r\n最后转股日 2026年10月9日\r\n赎回价 100.05元/张', 'M': ''}",0,0,N,,,buy,buy
2026-09-15 12:47:36,123243,严牌转债,ypzz,230.542,-2.47,301081,严牌股份,ypgf,16.27,-3.1,3.32,7.22,225.35,0,2.31,232.85,760201,环保,szcy,C,2024-07-26,[],0,0,buy,A+,,5.054,9.386,7.0,buy,2030-07-10,3.819,2.558,67701.03,10004.16,111.58,-16.25,,0,15:34:36,00,Y,N,0,0,Y,,2025-01-16 开始转股,计算使用3.9年期 评级为A+ 债参考YTM：4.6278,N,4.679,全价：230.542 最后更新：15:34:36,,,,0,{'M': ''},0,0,N,,,buy,buy
2026-09-15 12:47:36,113046,金田转债,jtzz,129.761,-0.47,601609,金田股份,jtgf,12.82,-2.44,2.14,10.18,125.93,0,3.04,132.8,240302,有色金属,shmb,C,2021-04-12,[],0,0,buy,AA+,,7.126,13.234,6.8,buy,2027-03-22,0.515,14.991,9942.59,29762.26,5.1,-29.57,,0,14:59:56,00,Y,N,0,0,Y,,2021-09-27 开始转股,计算使用0.6年期 评级为AA+ 债参考YTM：1.5310,N,15.0,全价：129.761 最后更新：14:59:56,,,,1,{'M': ''},0,0,N,,,buy,buy
2026-09-15 12:47:36,113605,大参转债,dszz,112.649,-0.44,603233,大参林,dsl,18.38,0.71,2.71,16.86,109.02,0,3.33,115.98,370403,医药生物,shmb,C,2020-11-13,[],0,0,buy,AA,,11.802,21.918,6.7,buy,2026-10-22,0.101,14.044,3924.72,9179.14,2.47,-23.85,,0,14:59:00,00,Y,N,1,1,Y,转股价下修1次，成功下修1次,2021-04-28 开始转股,计算使用0.2年期 评级为AA 债参考YTM：1.5031,N,14.05,全价：112.649 最后更新：14:59:00,,,,1,{'M': ''},0,0,N,,,buy,buy
2026-09-15 12:47:36,123091,长海转债,chzz,139.324,0.38,300196,长海股份,chgf,19.83,-1.59,1.68,14.79,134.08,0,3.91,143.23,610202,建筑材料,szcy,C,2021-01-15,[],0,0,buy,AA,,10.353,19.227,11.1,buy,2026-12-23,0.271,5.46,171546.37,96539.36,221.68,-75.72,,0,15:33:54,00,Y,N,0,0,Y,,2021-06-29 开始转股,计算使用0.3年期 评级为AA 债参考YTM：1.5083,N,5.5,全价：139.324 最后更新：15:33:54,,,,1,[],0,0,N,,,buy,buy
2026-09-15 12:47:36,113056,重银转债,cyzz,126.671,-0.54,601963,重庆银行,cqyh,11.15,-2.36,0.6,9.22,120.93,0,4.74,131.41,480401,银行,shmb,C,2022-04-14,[],0,0,buy,AAA,,,11.986,51.0,buy,2028-03-23,1.521,115.622,11003.96,12033.09,0.75,-7.62,,0,14:59:56,00,Y,N,0,0,Y,,2022-09-30 开始转股,计算使用1.6年期 评级为AAA 债参考YTM：1.5477,N,130.0,全价：126.671 最后更新：14:59:56,,,,0,{'M': ''},0,0,N,,,buy,buy
2026-09-15 12:47:36,127080,声迅转债,sxzz,216.324,-11.52,003004,声迅股份,sxgf,59.64,-8.6,7.07,28.94,206.08,0,4.97,221.29,710102,计算机,szmb,C,2023-02-10,[],0,0,buy,A,,20.258,37.622,6.8,buy,2028-12-30,2.293,2.793,104159.63,25439.15,165.14,-23.33,,0,15:34:15,00,Y,N,0,0,Y,,2023-07-07 开始转股,计算使用2.3年期 评级为A 债参考YTM：6.7010,N,2.8,全价：216.324 最后更新：15:34:15,,,,0,[],0,0,N,,,buy,buy
2026-09-15 12:47:36,113062,XD常银转,cyzz,128.322,0.09,601128,常熟银行,csyh,6.39,-1.08,0.7,5.25,121.71,0,5.43,133.75,480501,银行,shmb,C,2022-10-17,[],0,0,buy,AAA,,,6.825,25.7,buy,2028-09-15,2.0,59.994,9126.78,28293.67,1.18,-8.18,,0,14:59:53,00,Y,N,0,0,Y,,2023-03-21 开始转股,计算使用2.0年期 评级为AAA 债参考YTM：1.5705,N,60.0,全价：128.322 最后更新：14:59:53,,,,0,{'M': ''},0,0,N,,,buy,buy
2026-09-15 12:47:36,111000,起帆转债,qfzz,140.036,0.18,605222,起帆电缆,qfdl,22.85,1.65,1.92,17.29,132.16,0,5.96,146.0,630805,电力设备,shmb,C,2021-06-17,[],0,0,buy,AA-,,12.103,22.477,10.6,buy,2027-05-24,0.688,9.991,40855.39,25040.38,28.85,-26.0,,0,15:00:00,00,Y,N,1,1,Y,转股价下修1次，成功下修1次,2021-11-29 开始转股,计算使用0.7年期 评级为AA- 债参考YTM：1.7434,N,10.0,全价：140.036 最后更新：15:00:00,,,,1,{'G': '本次（2026年3月13日至2026年4月20日）不提前赎回，以2026年10月21日为首个交易日重新起算'},0,0,N,,,buy,buy
2026-09-15 12:47:36,127047,帝欧转债,dozz,135.75,0.27,002798,帝欧水华,dosh,6.52,-2.1,1.87,5.1,127.84,0,6.18,141.93,360306,轻工制造,szmb,C,2021-11-26,[],0,0,buy,BBB+,,3.57,6.63,13.8,buy,2027-10-25,1.11,4.654,3924.97,6237.86,6.21,-12.71,,0,15:34:15,00,Y,N,1,1,Y,转股价下修1次，成功下修1次,2022-04-29 开始转股,计算使用1.2年期 评级为BBB+ 债参考YTM：11.9013,N,15.0,全价：135.750 最后更新：15:34:15,,,,1,[],0,0,N,,,buy,buy
2026-09-15 12:47:36,127061,美锦转债,mjzz,112.031,-0.42,000723,美锦能源,mjny,3.64,-0.27,1.29,3.47,104.9,0,6.8,118.83,740201,煤炭,szmb,C,2022-05-30,[],0,0,buy,A,,2.429,4.511,17.3,buy,2028-04-20,1.597,27.742,6752.42,24884.41,2.16,4.74,,0,15:34:39,00,Y,N,2,2,Y,转股价下修2次，成功下修2次,2022-10-26 开始转股,计算使用1.6年期 评级为A 债参考YTM：6.5557,N,35.9,全价：112.031 最后更新：15:34:39,,,,1,{'M': ''},0,0,N,,,buy,buy
2026-09-15 12:47:36,128134,鸿路转债,hlzz,112.78,-0.76,002541,鸿路钢构,hlgg,18.17,-3.66,1.25,17.49,103.89,0,8.56,121.34,620401,建筑装饰,szmb,C,2020-11-02,[],0,0,buy,AA,,12.243,22.737,13.8,buy,2026-10-09,0.066,12.849,8260.0,14549.16,5.71,-39.13,,0,15:34:39,00,Y,N,2,2,Y,转股价下修2次，成功下修2次,2021-04-15 开始转股,计算使用0.1年期 评级为AA 债参考YTM：1.4990,N,18.8,全价：112.780 最后更新：15:34:39,,,,0,"{'R': '到期\n最后交易日：2026-09-28\n最后转股日：2026-10-08\n债券到期日：2026-10-09\n到期赎回价：110.000元/张', 'M': ''}",0,0,N,,,buy,buy
2026-09-15 12:47:36,113043,财通转债,ctzz,111.517,-2.01,601108,财通证券,ctzq,8.15,-1.21,0.96,7.98,102.13,0,9.19,120.71,490101,非银金融,shmb,C,2020-12-28,[],0,0,buy,AAA,,,10.374,10.0,buy,2026-12-10,0.236,37.992,19278.95,20728.08,4.54,-21.24,,0,14:59:59,00,Y,Y,1,1,Y,转股价下修1次，成功下修1次,2021-06-16 开始转股,计算使用0.3年期 评级为AAA 债参考YTM：1.4774,N,38.0,全价：111.517 最后更新：14:59:59,,,,0,{'M': ''},0,0,N,,,buy,buy
2026-09-15 12:47:36,111015,东亚转债,dyzz,134.953,-0.56,605177,东亚药业,dyyy,24.9,-0.4,1.68,20.28,122.78,0,9.91,144.86,370101,医药生物,shmb,C,2023-08-02,[],0,0,buy,A+,,14.196,26.364,23.5,buy,2029-07-06,2.808,6.662,7659.61,21054.37,8.48,-4.59,,0,14:59:48,00,Y,N,1,1,Y,转股价下修1次，成功下修1次,2024-01-12 开始转股,计算使用2.9年期 评级为A+ 债参考YTM：4.4932,N,6.9,全价：134.953 最后更新：14:59:48,,,,0,[],0,0,N,,,buy,buy
2026-09-15 12:47:36,113615,金诚转债,jczz,715.286,-2.14,603979,金诚信,jcx,72.3,-2.11,3.64,11.12,650.18,0,10.01,725.3,240302,有色金属,shmb,C,2021-01-14,[],0,0,buy,AA,,7.784,14.456,1.1,buy,2026-12-23,0.271,4.958,18022.24,32744.87,5.03,-314.12,,0,15:00:00,00,Y,N,0,0,Y,,2021-06-29 开始转股,计算使用0.3年期 评级为AA 债参考YTM：1.5083,N,10.0,全价：715.286 最后更新：15:00:00,,,,1,"{'G': '本次（2025年10月10日至2025年10月30日）不提前赎回，至2026年12月22日到期均不提前赎回', 'M': ''}",0,0,N,,,buy,buy
2026-09-15 12:47:36,123245,集智转债,jzzz,335.0,-1.36,300553,集智股份,jzgf,54.91,-1.33,7.21,18.06,304.04,0,10.18,345.18,640107,机械设备,szcy,C,2024-08-28,[],0,0,buy,A,,12.642,23.478,3.3,buy,2030-08-14,3.915,1.537,38109.95,21580.54,73.25,-23.36,,0,15:34:30,00,Y,N,0,0,Y,,2025-02-20 开始转股,计算使用4.0年期 评级为A 债参考YTM：6.9892,N,2.546,全价：335.000 最后更新：15:34:30,,,,0,{'G': '本次（2026年6月2日至2026年6月23日）不提前赎回，自2026年9月23日后首个交易日重新计算'},0,0,N,,,buy,buy
2026-09-15 12:47:36,128138,侨银转债,qyzz,130.801,0.04,002973,侨银股份,qygf,12.51,0.48,1.99,10.6,118.02,0,10.83,141.63,760103,环保,szmb,C,2020-12-24,[],0,0,buy,A+,,7.42,13.78,10.6,buy,2026-11-17,0.173,4.199,3806.43,12601.53,6.92,-3.6,,0,15:33:57,00,Y,N,3,3,Y,转股价下修3次，成功下修3次,2021-05-24 开始转股,计算使用0.2年期 评级为A+ 债参考YTM：4.0095,N,4.2,全价：130.801 最后更新：15:33:57,,,,1,[],0,0,N,,,buy,buy
2026-09-15 12:47:36,113681,镇洋转债,zyzz,136.848,-0.67,603213,镇洋发展,zyfz,13.45,-0.88,3.22,10.95,122.83,0,11.41,148.26,220202,基础化工,shmb,C,2024-01-17,[],0,0,buy,AA-,,7.665,14.235,9.2,buy,2029-12-29,3.29,5.476,3759.93,2378.9,5.01,-4.16,,0,15:00:00,00,Y,N,0,0,Y,,2024-07-05 开始转股,计算使用3.3年期 评级为AA- 债参考YTM：2.2167,N,6.6,全价：136.848 最后更新：15:00:00,,,,0,[],0,0,N,,,buy,buy
2026-09-15 12:47:36,110081,闻泰转债,wtzz,102.899,-0.03,600745,*ST闻泰,wtkj,16.68,-0.3,0.87,18.36,90.85,0,13.26,116.16,270102,电子,shmb,C,2021-08-20,[],0,0,buy,BBB+,,12.852,23.868,32.5,buy,2027-07-28,0.866,71.5,6215.25,29680.27,0.84,5.74,,0,14:59:53,00,Y,N,3,3,Y,转股价下修3次，成功下修3次,2022-02-07 开始转股,计算使用0.9年期 评级为BBB+ 债参考YTM：11.8337,N,86.0,全价：102.899 最后更新：14:59:53,,,,1,[],0,0,N,,,buy,buy
2026-09-15 12:47:36,113058,友发转债,yfzz,130.021,-0.79,601686,友发集团,yfjt,5.14,-1.34,1.07,4.48,114.73,0,13.33,143.35,230403,钢铁,shmb,C,2022-04-26,[],0,0,buy,AA,,3.136,5.824,24.5,buy,2028-03-30,1.54,18.638,3401.56,1702.89,1.4,-8.38,,0,14:59:39,00,Y,N,2,2,Y,转股价下修2次，成功下修2次,2022-10-10 开始转股,计算使用1.6年期 评级为AA 债参考YTM：1.6072,N,20.0,全价：130.021 最后更新：14:59:39,,,,1,[],0,0,N,,,buy,buy
2026-09-15 12:47:36,127030,盛虹转债,shzz,118.039,0.27,000301,东方盛虹,dfsh,13.75,2.31,2.34,13.21,104.09,0,13.4,131.44,750301,石油石化,szmb,C,2021-04-21,[],0,0,buy,AA+,,9.247,17.173,5.5,buy,2027-03-22,0.515,49.974,6460.54,38189.1,1.09,-16.51,,0,15:34:00,00,Y,N,0,0,Y,,2021-09-27 开始转股,计算使用0.6年期 评级为AA+ 债参考YTM：1.5310,N,50.0,全价：118.039 最后更新：15:34:00,,,,1,{'M': ''},0,0,N,,,buy,buy
2026-09-15 12:47:36,118058,微导转债,wdzz,342.929,-0.82,688147,微导纳米,wdnm,100.64,1.61,15.11,33.29,302.31,0,13.44,356.37,630505,电力设备,shkc,C,2025-08-27,[],0,0,buy,AA,,23.303,43.277,2.5,buy,2031-08-06,4.893,11.698,118327.42,82188.3,29.21,-20.38,,0,15:00:00,00,Y,N,0,0,Y,,2026-02-12 开始转股,计算使用4.9年期 评级为AA 债参考YTM：1.8421,N,11.7,全价：342.929 最后更新：15:00:00,,,,0,{'M': ''},0,0,N,,,buy,buy
2026-09-15 12:47:36,127110,广核转债,ghzz,137.0,0.13,003816,中国广核,zggh,4.32,-0.46,1.76,3.58,120.67,0,13.53,150.53,410108,公用事业,szmb,C,2025-07-25,[],0,0,buy,AAA,,2.506,4.654,2.9,buy,2031-07-09,4.816,48.992,7116.22,34466.5,1.06,-4.52,,0,15:34:51,00,Y,N,0,0,Y,,2026-01-15 开始转股,计算使用4.9年期 评级为AAA 债参考YTM：1.7140,N,49.0,全价：137.000 最后更新：15:34:51,,,,0,{'M': ''},0,0,N,,,buy,buy
2026-09-15 12:47:36,113631,皖天转债,wtzz,133.134,-0.66,603689,皖天然气,wtrq,7.63,-0.78,1.07,6.51,117.2,0,13.59,146.72,410301,公用事业,shmb,C,2021-12-10,[],0,0,buy,AA+,,4.557,8.463,14.9,buy,2027-11-08,1.148,5.958,2673.19,3396.28,3.36,-14.29,,0,14:59:53,00,Y,N,0,0,Y,,2022-05-12 开始转股,计算使用1.2年期 评级为AA+ 债参考YTM：1.5490,N,9.3,全价：133.134 最后更新：14:59:53,,,,1,[],0,0,N,,,buy,buy
2026-09-15 12:47:36,113066,平煤转债,pmzz,138.433,0.02,601666,平煤股份,pmgf,9.08,-0.55,0.89,7.46,121.72,0,13.73,152.16,740102,煤炭,shmb,C,2023-04-10,[],0,0,buy,AAA,,5.222,9.698,6.4,buy,2029-03-16,2.501,14.274,5875.18,17198.85,2.97,-8.97,,0,14:59:38,00,Y,N,1,1,Y,转股价下修1次，成功下修1次,2023-09-22 开始转股,计算使用2.6年期 评级为AAA 债参考YTM：1.6073,N,29.0,全价：138.433 最后更新：14:59:38,,,,0,{'M': ''},0,0,N,,,buy,buy
2026-09-15 12:47:36,123076,强力转债,qlzz,120.5,0.42,300429,强力新材,qlxc,11.22,1.81,3.17,10.6,105.85,0,13.84,134.34,270601,电子,szcy,C,2020-12-04,[],0,0,buy,AA-,,7.42,13.78,7.2,buy,2026-11-19,0.178,3.393,3747.24,22527.56,9.15,-35.51,,0,15:33:54,00,Y,N,2,2,Y,转股价下修2次，成功下修2次,2021-05-25 开始转股,计算使用0.2年期 评级为AA- 债参考YTM：1.6595,N,8.5,全价：120.500 最后更新：15:33:54,,,,1,{'M': ''},0,0,N,,,buy,buy
2026-09-15 12:47:36,123207,冠中转债,gzzz,200.19,-0.23,300948,冠中生态,gzst,18.35,-1.29,3.0,10.44,175.77,0,13.9,214.09,620307,建筑装饰,szcy,C,2023-08-09,[],0,0,buy,A-,,7.308,13.572,5.1,buy,2029-07-21,2.849,1.455,9325.71,3442.34,32.15,-16.92,,0,15:34:30,00,Y,N,1,1,Y,转股价下修1次，成功下修1次,2024-01-29 开始转股,计算使用2.9年期 评级为A- 债参考YTM：9.1932,N,4.0,全价：200.190 最后更新：15:34:30,,,,0,"{'G': '本次（2026年5月27日至2026年6月16日）不提前赎回，自2026年9月16日后首个交易日重新计算', 'M': ''}",0,0,N,,,buy,buy
2026-09-15 12:47:36,123213,天源转债,tyzz,268.064,-2.06,301127,武汉天源,whty,16.67,-0.95,3.21,7.1,234.79,0,14.17,282.23,760102,环保,szcy,C,2023-08-16,[],0,0,buy,AA-,,4.97,9.23,3.0,buy,2029-07-28,2.869,3.26,25650.48,19651.95,28.85,-25.73,,0,15:34:03,00,Y,N,0,0,Y,,2024-02-05 开始转股,计算使用2.9年期 评级为AA- 债参考YTM：2.1431,N,10.0,全价：268.064 最后更新：15:34:03,,,,0,"{'G': '本次（2026年3月13日至2026年4月2日）不提前赎回，自2026年10月2日后首个交易日重新计算', 'M': ''}",0,0,N,,,buy,buy
2026-09-15 12:47:36,127040,国泰转债,gtzz,119.984,0.28,002091,江苏国泰,jsgt,7.68,0.92,0.77,7.35,104.49,0,14.83,134.81,450201,商贸零售,szmb,C,2021-08-10,[],0,0,buy,AA+,,5.145,9.555,32.4,buy,2027-07-07,0.808,39.863,6405.91,7506.27,1.34,-12.4,,0,15:34:51,00,Y,N,0,0,Y,,2022-01-13 开始转股,计算使用0.9年期 评级为AA+ 债参考YTM：1.5435,N,45.574,全价：119.984 最后更新：15:34:51,,,,1,{'M': ''},0,0,N,,,buy,buy
2026-09-15 12:47:36,113051,节能转债,jnzz,120.201,0.76,601016,节能风电,jnfd,3.46,2.06,1.24,3.32,104.22,0,15.34,135.54,410107,公用事业,shmb,C,2021-07-22,[],0,0,buy,AAA,,2.324,4.316,12.7,buy,2027-06-21,0.764,26.519,16466.86,80222.72,5.15,-11.1,,0,14:59:43,00,Y,N,1,0,Y,转股价下修1次，成功下修0次,2021-12-27 开始转股,计算使用0.8年期 评级为AAA 债参考YTM：1.5226,N,30.0,全价：120.201 最后更新：14:59:43,,,,1,{'M': ''},0,0,N,,,buy,buy
2026-09-15 12:47:36,110076,华海转债,hhzz,110.356,-0.33,600521,华海药业,hhyy,15.52,-0.64,2.38,16.5,94.06,0,17.32,127.68,370102,医药生物,shmb,C,2020-11-25,[],0,0,buy,AA,,11.55,21.45,7.9,buy,2026-11-02,0.132,18.424,4446.94,15748.67,2.19,-2.45,,0,14:59:30,00,Y,N,1,1,Y,转股价下修1次，成功下修1次,2021-05-06 开始转股,计算使用0.2年期 评级为AA 债参考YTM：1.5031,N,18.426,全价：110.356 最后更新：14:59:30,,,,1,{'M': ''},0,0,N,,,buy,buy
2026-09-15 12:47:36,128136,立讯转债,lxzz,110.1,-0.73,002475,立讯精密,lxjm,51.63,-2.18,4.27,55.67,92.74,0,18.72,128.82,270504,电子,szmb,C,2020-12-02,[],0,0,buy,AA+,,38.969,72.371,0.8,buy,2026-11-03,0.134,29.816,6689.94,454203.1,2.03,-14.51,,0,15:34:51,00,Y,N,0,0,Y,,2021-05-10 开始转股,计算使用0.2年期 评级为AA+ 债参考YTM：1.4931,N,30.0,全价：110.100 最后更新：15:34:51,,,,1,{'M': ''},0,0,N,,,buy,buy
2026-09-15 12:47:36,127053,豪美转债,hmzz,206.0,-2.16,002988,豪美新材,hmxc,29.8,-2.55,2.69,17.23,172.95,0,19.11,225.11,240301,有色金属,szmb,C,2022-03-04,[],0,0,buy,AA-,,12.061,22.399,3.5,buy,2028-01-24,1.359,2.575,16418.75,20062.46,30.56,-32.94,,0,15:33:57,00,Y,N,1,1,Y,转股价下修1次，成功下修1次,2022-07-28 开始转股,计算使用1.4年期 评级为AA- 债参考YTM：1.8294,N,8.24,全价：206.000 最后更新：15:33:57,,,,1,{'G': '本次（2026年4月30日至2026年5月25日）不提前赎回，以2026年11月25日后首个交易日起重新计算'},0,0,N,,,buy,buy
2026-09-15 12:47:36,127084,柳工转2,lgz2,139.979,0.14,000528,柳工,lg,8.19,0.49,0.86,6.98,117.34,0,19.3,159.28,640601,机械设备,szmb,C,2023-04-20,[],0,0,buy,AAA,,4.886,9.074,14.9,buy,2029-03-27,2.532,24.809,7718.32,19945.41,2.22,-7.35,,0,15:34:21,00,Y,N,0,0,Y,,2023-10-09 开始转股,计算使用2.6年期 评级为AAA 债参考YTM：1.6073,N,30.0,全价：139.979 最后更新：15:34:21,,,,0,{'M': ''},0,0,N,,,buy,buy
2026-09-15 12:47:36,123092,天壕转债,thzz,117.05,-0.56,300332,天壕能源,thny,4.86,-2.99,1.05,4.97,97.79,0,19.7,136.75,410301,公用事业,szcy,C,2021-01-15,[],0,0,buy,A+,,3.479,6.461,8.7,buy,2026-12-24,0.274,3.416,2661.54,12566.55,6.64,-6.46,,0,15:34:00,00,Y,N,0,0,Y,,2021-06-30 开始转股,计算使用0.3年期 评级为A+ 债参考YTM：4.0203,N,4.23,全价：117.050 最后更新：15:34:00,,,,1,{'M': ''},0,0,N,,,buy,buy
2026-09-15 12:47:36,127070,大中转债,dzzz,264.5,-3.06,001203,大中矿业,dzky,23.2,-2.89,4.85,10.56,219.7,0,20.39,284.89,230301,钢铁,szmb,C,2022-10-11,[],0,0,buy,AA,,7.392,13.728,3.1,buy,2028-08-17,1.923,9.342,37129.42,33450.41,14.81,-35.73,,0,15:34:24,00,Y,N,0,0,Y,,2023-02-23 开始转股,计算使用2.0年期 评级为AA 债参考YTM：1.6405,N,15.2,全价：264.500 最后更新：15:34:24,,,,1,"{'G': '本次（2026年2月24日至2026年3月16日）不提前赎回，以2026年9月16日后的首个交易日重新计算', 'M': ''}",0,0,N,,,buy,buy
2026-09-15 12:47:36,123247,万凯转债,wkzz,192.0,0.63,301216,万凯新材,wkxc,17.7,3.39,1.56,11.15,158.74,0,20.95,212.95,220501,基础化工,szcy,C,2024-09-05,[],0,0,buy,AA,,7.805,14.495,20.4,buy,2030-08-16,3.921,19.642,25559.79,40023.32,6.78,-12.58,,0,15:34:39,00,Y,N,0,0,Y,,2025-02-24 开始转股,计算使用4.0年期 评级为AA 债参考YTM：1.7992,N,27.0,全价：192.000 最后更新：15:34:39,,,,0,"{'G': '本次（2026年6月17日至2026年7月8日）不提前赎回，自2026年10月8日后首个交易日重新计算', 'M': ''}",0,0,N,,,buy,buy
2026-09-15 12:47:36,113710,四方转债,sfzz,100.0,0.0,603339,四方科技,sfkj,12.29,0.0,1.36,14.87,82.65,175,20.99,120.99,640105,机械设备,shmb,C,,[],0,0,buy,AA,,10.409,19.331,26.9,buy,2032-09-02,5.97,10.234,0.0,5707.16,0.0,2.17,,0,,00,Y,N,0,0,Y,,未到转股期；2027-03-09 开始转股,计算使用6.0年期 评级为AA 债参考YTM：2.0267,N,10.234,待上市,,,,0,[],0,0,N,,,buy,buy
2026-09-15 12:47:36,118062,天准转债,tzzz,174.492,-1.74,688003,天准科技,tzkj,79.1,-0.01,7.61,55.13,143.48,0,21.61,196.1,640704,机械设备,shkc,C,2025-12-31,[],0,0,buy,AA-,,38.591,66.156,5.7,buy,2031-12-12,5.244,8.719,36217.91,22931.76,23.46,-7.63,,0,14:59:59,00,Y,N,0,0,Y,,2026-06-18 开始转股,计算使用5.3年期 评级为AA- 债参考YTM：2.4583,N,8.72,全价：174.492 最后更新：14:59:59,,,,0,"{'G': '本次（2026年6月18日至2026年7月9日）不提前赎回，以2026年10月10日为首个交易日重新计算', 'M': ''}",0,0,N,120%,,buy,buy
2026-09-15 12:47:36,127045,牧原转债,myzz,119.24,-0.7,002714,牧原股份,mygf,42.37,-0.52,3.05,43.32,97.81,0,21.91,141.15,110702,农林牧渔,szmb,C,2021-09-10,[],0,0,buy,AAA,,30.324,56.316,6.9,buy,2027-08-16,0.918,95.429,12530.56,172879.94,1.09,-11.18,,0,15:34:09,00,Y,Y,0,0,Y,,2022-02-21 开始转股,计算使用1.0年期 评级为AAA 债参考YTM：1.5238,N,95.5,全价：119.240 最后更新：15:34:09,,,,1,{'M': ''},0,0,N,,,buy,buy
2026-09-15 12:47:36,110099,福能转债,fnzz,144.791,0.39,600483,福能股份,fngf,11.27,1.71,1.13,9.49,118.76,0,21.92,166.71,410110,公用事业,shmb,C,2025-10-30,[],0,0,buy,AA+,,6.643,12.337,12.1,buy,2031-10-13,5.08,38.019,8247.99,16597.77,1.5,-5.28,,0,14:59:15,00,Y,N,0,0,Y,,2026-04-17 开始转股,计算使用5.1年期 评级为AA+ 债参考YTM：1.7810,N,38.02,全价：144.791 最后更新：14:59:15,,,,0,{'M': ''},0,0,N,,,buy,buy
2026-09-15 12:47:36,123187,超达转债,cdzz,189.1,0.16,301186,超达装备,cdzb,33.76,1.59,2.38,21.77,155.08,0,21.94,211.04,280205,汽车,szcy,C,2023-04-25,[],0,0,buy,A,,15.239,28.301,6.1,buy,2029-04-04,2.553,2.242,27513.75,4108.41,63.97,-16.85,,0,15:34:15,00,Y,N,0,0,Y,,2023-10-11 开始转股,计算使用2.6年期 评级为A 债参考YTM：6.7712,N,4.69,全价：189.100 最后更新：15:34:15,,,,0,"{'G': '本次（2026年8月3日至2026年8月21日）不提前赎回，以2027年2月21日之后的首个交易日重新起算', 'M': ''}",0,0,N,,,buy,buy
2026-09-15 12:47:36,123235,亿田转债,ytzz,156.413,0.52,300911,亿田智能,ytzn,27.27,-4.11,4.46,21.31,127.97,0,22.23,178.64,330401,家用电器,szcy,C,2024-01-12,[],0,0,buy,A+,,14.917,27.703,9.3,buy,2029-12-21,3.269,4.352,36785.73,30009.56,54.52,-8.06,,0,15:34:09,00,Y,N,0,0,Y,,2024-06-27 开始转股,计算使用3.3年期 评级为A+ 债参考YTM：4.5682,N,5.202,全价：156.413 最后更新：15:34:09,,,,0,{'M': ''},0,0,N,,,buy,buy
2026-09-15 12:47:36,123107,温氏转债,wszz,114.0,-0.35,300498,温氏股份,wsgf,14.99,1.42,2.79,16.09,93.16,0,22.37,136.37,110702,农林牧渔,szcy,C,2021-04-21,[],0,0,buy,AAA,,11.263,20.917,8.6,buy,2027-03-29,0.534,77.063,7020.58,71169.97,0.8,-9.85,,0,15:34:00,00,Y,N,0,0,Y,,2021-10-08 开始转股,计算使用0.6年期 评级为AAA 债参考YTM：1.5127,N,92.97,全价：114.000 最后更新：15:34:00,,,,1,{'M': ''},0,0,N,,,buy,buy
2026-09-15 12:47:36,127078,优彩转债,yczz,150.48,-1.1,002998,优彩资源,yczy,7.5,-2.09,1.47,6.11,122.75,0,22.59,173.07,220401,基础化工,szmb,C,2023-01-09,[],0,0,buy,A+,,4.277,7.943,20.5,buy,2028-12-14,2.249,4.158,11166.89,13842.69,17.72,-10.02,,0,15:34:42,00,Y,N,0,0,Y,,2023-06-20 开始转股,计算使用2.3年期 评级为A+ 债参考YTM：4.3510,N,6.0,全价：150.480 最后更新：15:34:42,,,,0,{'G': '本次（2026年8月7日至2026年9月3日）不提前赎回，自2026年12月3日后首个交易日重新计算'},0,0,N,,,buy,buy
2026-09-15 12:47:36,123118,惠城转债,hczz,629.0,-0.25,300779,惠城环保,hchb,52.8,-0.94,7.09,10.33,511.13,0,23.06,652.06,760103,环保,szcy,C,2021-07-26,[],0,0,buy,A+,,7.231,13.429,0.5,buy,2027-07-07,0.808,0.654,54589.42,20183.35,131.83,-101.45,,0,15:34:03,00,Y,N,0,0,Y,,2022-01-13 开始转股,计算使用0.9年期 评级为A+ 债参考YTM：4.1119,N,3.2,全价：629.000 最后更新：15:34:03,,,,1,{'M': ''},0,0,N,,,buy,buy
2026-09-15 12:47:36,127109,电化转债,dhzz,148.722,-0.06,002125,湘潭电化,xtdh,12.03,0.92,2.16,9.99,120.42,0,23.5,172.22,630702,电力设备,szmb,C,2025-07-04,[],0,0,buy,AA,,6.993,12.987,6.4,buy,2031-06-16,4.753,4.866,6763.44,11584.9,9.31,-5.43,,0,15:34:27,00,Y,N,0,0,Y,,2025-12-22 开始转股,计算使用4.8年期 评级为AA 债参考YTM：1.8382,N,4.87,全价：148.722 最后更新：15:34:27,,,,0,{'M': ''},0,0,N,,,buy,buy
2026-09-15 12:47:36,123080,海波转债,hbzz,123.29,0.16,300517,海波重科,hbzk,11.26,0.9,2.17,11.28,99.82,0,23.51,146.8,620401,建筑装饰,szcy,C,2020-12-22,[],0,0,buy,A+,,7.896,14.664,10.4,buy,2026-12-02,0.214,1.485,1715.28,9679.26,9.38,-12.65,,0,15:33:54,00,Y,N,0,0,Y,,2021-06-08 开始转股,计算使用0.3年期 评级为A+ 债参考YTM：4.0203,N,2.45,全价：123.290 最后更新：15:33:54,,,,1,[],0,0,N,,,buy,buy
2026-09-15 12:47:36,118050,航宇转债,hyzz,264.705,-0.9,688239,航宇科技,hykj,52.9,0.38,4.53,24.81,213.22,0,24.15,288.86,650201,国防军工,shkc,C,2024-09-10,[],0,0,buy,AA-,,17.367,32.253,6.5,buy,2030-08-21,3.934,6.597,26179.04,33483.38,15.0,-18.57,,0,14:59:56,00,Y,N,0,0,Y,,2025-02-27 开始转股,计算使用4.0年期 评级为AA- 债参考YTM：2.2792,N,6.67,全价：264.705 最后更新：14:59:56,,,,0,"{'G': '本次（2026年5月28日至2026年6月17日）不提前赎回，自2026年9月18日为首个交易日重新计算', 'M': ''}",0,0,N,,,buy,buy
2026-09-15 12:47:36,123189,晓鸣转债,xmzz,135.778,-0.73,300967,晓鸣股份,xmgf,16.53,-2.36,4.06,15.18,108.89,0,24.69,160.47,110703,农林牧渔,szcy,C,2023-04-25,[],0,0,buy,A,,10.626,19.734,15.9,buy,2029-04-06,2.559,3.286,3736.18,5839.16,8.35,-5.67,,0,15:34:24,00,Y,N,1,1,Y,转股价下修1次，成功下修1次,2023-10-12 开始转股,计算使用2.6年期 评级为A 债参考YTM：6.7712,N,3.29,全价：135.778 最后更新：15:34:24,,,,0,{'M': ''},0,0,N,,,buy,buy
2026-09-15 12:47:36,123160,泰福转债,tfzz,150.068,-0.02,300992,泰福泵业,tfby,23.7,-3.5,2.46,19.7,120.31,0,24.74,174.81,640106,机械设备,szcy,C,2022-10-25,[],0,0,buy,A,,13.79,25.61,12.5,buy,2028-09-28,2.038,2.315,2681.4,3252.31,7.72,-10.9,,0,15:34:03,00,Y,N,1,1,Y,转股价下修1次，成功下修1次,2023-04-11 开始转股,计算使用2.1年期 评级为A 债参考YTM：6.6591,N,3.349,全价：150.068 最后更新：15:34:03,,,,0,{'M': ''},0,0,N,,,buy,buy
2026-09-15 12:47:36,118027,宏图转债,htzz,88.677,-0.63,688066,*ST航图,htht,9.3,1.42,-1.79,13.12,70.88,0,25.1,113.78,710301,计算机,shkc,C,2022-12-22,[],0,0,buy,CC,,9.184,17.056,38.3,buy,2028-11-28,2.206,9.475,6644.08,4849.11,7.88,14.65,,0,14:59:51,00,Y,N,4,3,Y,转股价下修4次，成功下修3次,2023-06-02 开始转股,计算使用2.3年期 评级为CC 债参考YTM：56.5045,Y,10.088,全价：88.677 最后更新：14:59:51,,,"按下调到底估算
股东大会：2026-09-18
预估转股价：9.31
预估转股价值：99.89
期权价值：48.96
理论价值：94.66
理论偏离度：-6.75%",0,[],0,0,N,,,buy,buy
2026-09-15 12:47:36,123149,通裕转债,tyzz,130.3,0.52,300185,通裕重工,tyzg,2.82,1.08,1.56,2.71,104.06,0,25.22,155.52,630602,电力设备,szcy,C,2022-07-15,[],0,0,buy,AA,,1.897,3.523,10.2,buy,2028-06-20,1.764,11.069,5962.1,32766.41,4.13,-7.46,,0,15:34:09,00,Y,N,0,0,N,2026-09-14 起暂停转股：权益分派,2022-12-26 开始转股;2026-09-14 起暂停转股：权益分派,计算使用1.8年期 评级为AA 债参考YTM：1.6243,N,14.847,全价：130.300 最后更新：15:34:09,,,,1,{'M': ''},0,0,N,,,buy,buy
2026-09-15 12:47:36,123257,安克转债,akzz,149.404,-0.4,300866,安克创新,akcx,127.3,-0.42,6.46,106.72,119.28,0,25.25,174.65,270503,电子,szcy,C,2025-07-04,[],0,0,buy,AA+,,74.704,138.736,2.8,buy,2031-06-16,4.753,11.046,7673.98,33548.06,4.63,-5.91,,0,15:34:15,00,Y,N,0,0,Y,,2025-12-22 开始转股,计算使用4.8年期 评级为AA+ 债参考YTM：1.7725,N,11.048,全价：149.404 最后更新：15:34:15,,,,0,{'M': ''},0,0,N,,,buy,buy
2026-09-15 12:47:36,110084,贵燃转债,grzz,132.746,-0.49,600903,贵州燃气,gzrq,6.75,-2.6,2.41,6.42,105.14,0,26.26,159.01,410301,公用事业,shmb,C,2022-01-18,[],0,0,buy,AA,,4.494,8.346,10.4,buy,2027-12-27,1.282,8.157,15225.02,54658.67,13.94,-12.67,,0,14:59:59,00,Y,N,2,2,Y,转股价下修2次，成功下修2次,2022-07-01 开始转股,计算使用1.3年期 评级为AA 债参考YTM：1.5828,N,10.0,全价：132.746 最后更新：14:59:59,,,,1,{'M': ''},0,0,N,,,buy,buy
2026-09-15 12:47:36,113691,和邦转债,hbzz,141.718,-2.02,603077,和邦生物,hbsw,2.23,-3.88,1.02,2.0,111.5,0,27.1,168.82,220802,基础化工,shmb,C,2024-11-19,[],0,0,buy,AA,,1.4,2.6,23.4,buy,2030-10-28,4.121,45.99,9070.22,61099.18,1.38,-5.08,,0,14:59:59,00,Y,N,0,0,Y,,2025-05-06 开始转股,计算使用4.2年期 评级为AA 债参考YTM：1.8132,N,46.0,全价：141.718 最后更新：14:59:59,,,,0,"{'G': '本次（2026年1月22日至2026年3月10日）不提前赎回，以2027年3月10日之后的首个交易日重新起算', 'M': ''}",0,0,N,,,buy,buy
2026-09-15 12:47:36,127096,泰坦转债,ttzz,520.5,-0.91,003036,泰坦股份,ttgf,54.0,-1.64,7.78,13.2,409.09,0,27.23,547.73,640206,机械设备,szmb,C,2023-11-15,[],0,0,buy,A,,9.24,17.16,2.5,buy,2029-10-25,3.112,2.875,100268.33,37758.54,66.53,-38.05,,0,15:34:24,00,Y,N,0,0,Y,,2024-05-06 开始转股,计算使用3.2年期 评级为A 债参考YTM：6.9040,N,2.955,全价：520.500 最后更新：15:34:24,,,,0,{'G': '本次（2026年6月12日至2026年7月3日）不提前赎回，以2026年10月3日后首个交易日起重新计算'},0,0,N,,,buy,buy
2026-09-15 12:47:36,113052,兴业转债,xyzz,113.378,-0.07,601166,兴业银行,xyyh,17.92,-1.27,0.4,20.13,89.02,0,27.36,140.74,480301,银行,shmb,C,2022-01-14,[],0,0,buy,AAA,,,26.169,10.9,buy,2027-12-27,1.282,413.5,18571.38,125021.97,0.4,-1.46,,0,14:59:44,00,Y,Y,0,0,Y,,2022-06-30 开始转股,计算使用1.3年期 评级为AAA 债参考YTM：1.5314,N,500.0,全价：113.378 最后更新：14:59:44,,,,0,{'M': ''},0,0,N,,,buy,buy
2026-09-15 12:47:36,111002,特纸转债,tzzz,135.285,-0.46,605007,五洲特纸,wztz,14.31,-0.83,1.79,13.49,106.08,0,27.53,162.82,360103,轻工制造,shmb,C,2021-12-30,[],0,0,buy,AA,,9.443,17.537,9.7,buy,2027-12-08,1.23,6.619,2811.12,2916.39,3.13,-13.29,,0,14:59:55,00,Y,N,1,1,Y,转股价下修1次，成功下修1次,2022-06-14 开始转股,计算使用1.3年期 评级为AA 债参考YTM：1.5828,N,6.7,全价：135.285 最后更新：14:59:55,,,,1,[],0,0,N,,,buy,buy
2026-09-15 12:47:36,127056,中特转债,ztzz,125.149,-0.09,000708,中信特钢,zxtg,13.59,0.44,1.55,13.89,97.84,0,27.91,153.06,230501,钢铁,szmb,C,2022-04-15,[],0,0,buy,AAA,,9.723,18.057,7.3,buy,2028-02-25,1.447,49.996,3303.31,15029.81,0.53,-10.03,,0,15:34:18,00,Y,N,1,1,Y,转股价下修1次，成功下修1次,2022-09-05 开始转股,计算使用1.5年期 评级为AAA 债参考YTM：1.5417,N,50.0,全价：125.149 最后更新：15:34:18,,,,0,{'M': ''},0,0,N,,,buy,buy
2026-09-15 12:47:36,118051,皓元转债,hyzz,288.763,-0.4,688131,皓元医药,hyyy,90.76,0.52,5.84,40.22,225.66,0,27.96,316.72,370603,医药生物,shkc,C,2024-12-19,[],0,0,buy,AA-,,28.154,52.286,4.2,buy,2030-11-28,4.206,8.218,23724.83,22609.91,10.0,-19.57,,0,14:59:59,00,Y,N,0,0,N,2026-09-11 至 2026-09-18 期间暂停转股：权益分派,2025-06-04 开始转股;2026-09-11 至 2026-09-18 期间暂停转股：权益分派,计算使用4.3年期 评级为AA- 债参考YTM：2.3076,N,8.223,全价：288.763 最后更新：14:59:59,,,,0,"{'G': '本次（2026年5月20日至2026年6月9日）不提前赎回，以2026年10月12日为首个交易日重新计算', 'M': ''}",0,0,N,,,buy,buy
2026-09-15 12:47:36,113695,华辰转债,hczz,143.346,0.16,603097,江苏华辰,jshc,18.65,1.03,3.83,16.68,111.81,0,28.2,171.55,630801,电力设备,shmb,C,2025-07-10,[],0,0,buy,A+,,11.676,21.684,11.0,buy,2031-06-20,4.764,4.597,4100.14,3275.8,6.2,-3.94,,0,14:58:54,00,Y,N,0,0,Y,,2025-12-26 开始转股,计算使用4.8年期 评级为A+ 债参考YTM：4.6948,N,4.6,全价：143.346 最后更新：14:58:54,,,,0,[],0,0,N,,,buy,buy
2026-09-15 12:47:36,127027,能化转债,nhzz,110.236,-0.01,000552,甘肃能化,gsnh,2.51,-1.57,0.8,2.93,85.67,0,28.68,138.92,740101,煤炭,szmb,C,2021-01-22,[],0,0,buy,AAA,,2.051,3.809,20.8,buy,2026-12-10,0.236,19.463,4989.47,18370.05,2.33,-0.92,,0,15:34:06,00,Y,N,0,0,Y,,2021-06-16 开始转股,计算使用0.3年期 评级为AAA 债参考YTM：1.4774,N,28.0,全价：110.236 最后更新：15:34:06,,,,1,{'M': ''},0,0,N,,,buy,buy
2026-09-15 12:47:36,127103,东南转债,dnzz,137.135,0.7,002135,东南网架,dnwj,5.95,0.0,1.05,5.59,106.44,0,28.84,165.98,620401,建筑装饰,szmb,C,2024-01-24,[],0,0,buy,AA,,3.913,7.267,33.0,buy,2030-01-03,3.304,19.999,5271.99,6438.75,1.92,-5.99,,0,15:34:36,00,Y,N,0,0,Y,,2024-07-09 开始转股,计算使用3.4年期 评级为AA 债参考YTM：1.7484,N,20.0,全价：137.135 最后更新：15:34:36,,,,0,{'M': ''},0,0,N,,,buy,buy
2026-09-15 12:47:36,127092,运机转债,yjzz,306.531,-2.91,001288,运机集团,yjjt,28.25,-2.89,2.77,11.91,237.2,0,29.23,335.76,640203,机械设备,szmb,C,2023-10-20,[],0,0,buy,AA-,,8.337,15.483,12.2,buy,2029-09-21,3.019,5.249,14955.47,7053.26,9.17,-27.0,,0,15:34:45,00,Y,N,0,0,Y,,2024-03-27 开始转股,计算使用3.1年期 评级为AA- 债参考YTM：2.1866,N,7.3,全价：306.531 最后更新：15:34:45,,,,0,{'G': '本次（2025年12月8日至2025年12月26日）不提前赎回，以2026年12月26日后的首个交易日起重新计算'},0,0,N,,,buy,buy
2026-09-15 12:47:36,110098,南药转债,nyzz,133.38,-1.29,600713,南京医药,njyy,5.1,-2.67,0.92,4.95,103.03,0,29.46,162.84,370402,医药生物,shmb,C,2025-01-20,[],0,0,buy,AA+,,3.465,6.435,16.4,buy,2030-12-25,4.28,10.814,3473.74,5791.92,2.39,-4.01,,0,14:59:00,00,Y,N,0,0,N,2026-09-09 至 2026-09-16 期间暂停转股：权益分派,2025-07-01 开始转股;2026-09-09 至 2026-09-16 期间暂停转股：权益分派,计算使用4.3年期 评级为AA+ 债参考YTM：1.7641,N,10.815,全价：133.380 最后更新：14:59:00,,,,0,[],0,0,N,,,buy,buy
2026-09-15 12:47:36,118030,睿创转债,rczz,597.877,-1.14,688002,睿创微纳,rcwn,178.5,0.34,10.25,38.66,461.72,0,29.49,627.37,270105,电子,shkc,C,2023-02-10,[],0,0,buy,AA,,27.062,50.258,1.5,buy,2028-12-30,2.293,12.622,25906.78,127385.8,3.4,-52.02,,0,14:59:59,00,Y,N,0,0,N,2026-09-10 至 2026-09-17 期间暂停转股：权益分派,2023-07-06 开始转股;2026-09-10 至 2026-09-17 期间暂停转股：权益分派,计算使用2.3年期 评级为AA 债参考YTM：1.6634,N,15.647,全价：597.877 最后更新：14:59:59,,,,0,"{'G': '本次（2026年3月18日至2026年4月8日）不提前赎回，以2027年4月9日为首个交易日重新计算', 'M': ''}",0,0,N,,,buy,buy
2026-09-15 12:47:36,123178,花园转债,hyzz,139.829,-0.41,300401,花园生物,hysw,14.39,-1.91,2.19,13.34,107.87,0,29.63,169.46,370101,医药生物,szcy,C,2023-03-23,[],0,0,buy,AA-,,9.338,17.342,15.0,buy,2029-03-06,2.474,11.58,3622.57,15301.71,2.23,-6.58,,0,15:34:21,00,Y,N,1,1,Y,转股价下修1次，成功下修1次,2023-09-11 开始转股,计算使用2.5年期 评级为AA- 债参考YTM：2.0460,N,12.0,全价：139.829 最后更新：15:34:21,,,,0,{'M': ''},0,0,N,,,buy,buy
2026-09-15 12:47:36,127037,银轮转债,ylzz,487.476,-0.31,002126,银轮股份,ylgf,38.43,-1.08,4.32,10.27,374.2,0,30.27,517.75,280203,汽车,szmb,C,2021-07-09,[],0,0,buy,AA,,7.189,13.351,1.6,buy,2027-06-07,0.726,5.055,14746.45,30453.07,5.97,-106.66,,0,15:34:12,00,Y,N,0,0,Y,,2021-12-13 开始转股,计算使用0.8年期 评级为AA 债参考YTM：1.5550,N,7.0,全价：487.476 最后更新：15:34:12,,,,1,"{'G': '本次（2026年5月27日至2026年6月16日）不提前赎回，2027年5月16日后首个交易日重新计算', 'M': ''}",0,0,N,,,buy,buy
2026-09-15 12:47:36,113686,泰瑞转债,trzz,150.53,-1.24,603289,泰瑞机器,trjq,9.24,-3.45,1.86,8.0,115.5,0,30.33,180.86,640209,机械设备,shmb,C,2024-07-24,[],0,0,buy,AA-,,5.6,10.4,12.4,buy,2030-07-02,3.797,3.363,3962.79,5085.43,7.8,-6.0,,0,15:00:00,00,Y,N,0,0,Y,,2025-01-08 开始转股,计算使用3.8年期 评级为AA- 债参考YTM：2.2602,N,3.378,全价：150.530 最后更新：15:00:00,,,,0,[],0,0,N,,,buy,buy
2026-09-15 12:47:36,111017,蓝天转债,ltzz,129.96,-0.71,605368,蓝天燃气,ltrq,6.7,-1.9,1.39,6.72,99.7,0,30.35,160.31,410301,公用事业,shmb,C,2023-09-08,[],0,0,buy,AA,,4.704,8.736,14.0,buy,2029-08-15,2.918,6.715,2272.75,2438.98,2.6,-4.66,,0,14:59:17,00,Y,N,1,1,Y,转股价下修1次，成功下修1次,2024-02-21 开始转股,计算使用3.0年期 评级为AA 债参考YTM：1.7162,N,8.7,全价：129.960 最后更新：14:59:17,,,,0,[],0,0,N,,,buy,buy
2026-09-15 12:47:36,123104,卫宁转债,wnzz,123.501,-1.2,300253,卫宁健康,wnjk,6.61,-1.2,2.65,7.02,94.16,0,31.16,154.66,710401,计算机,szcy,C,2021-03-31,[],0,0,buy,AA,,4.914,9.126,7.9,buy,2027-03-16,0.499,9.699,3396.04,17851.71,2.82,-5.72,,0,15:33:57,00,Y,N,2,2,Y,转股价下修2次，成功下修2次,2021-09-22 开始转股,计算使用0.5年期 评级为AA 债参考YTM：1.5307,N,9.703,全价：123.501 最后更新：15:33:57,,,,1,{'M': ''},0,0,N,,,buy,buy
2026-09-15 12:47:36,127095,广泰转债,gtzz,143.636,-1.19,002111,威海广泰,whgt,9.61,-1.94,1.62,8.83,108.83,0,31.98,175.62,650201,国防军工,szmb,C,2023-11-10,[],0,0,buy,AA-,,6.181,11.479,14.7,buy,2029-10-18,3.093,6.927,3710.37,6312.65,3.72,-5.94,,0,15:34:24,00,Y,N,0,0,Y,,2024-04-24 开始转股,计算使用3.1年期 评级为AA- 债参考YTM：2.1866,N,7.0,全价：143.636 最后更新：15:34:24,,,,0,[],0,0,N,,,buy,buy
2026-09-15 12:47:36,113054,绿动转债,ldzz,125.028,-0.62,601330,绿色动力,lsdl,8.2,-1.2,1.39,8.67,94.58,0,32.19,157.22,760103,环保,shmb,C,2022-03-23,[],0,0,buy,AA+,,6.069,11.271,29.1,buy,2028-02-25,1.447,23.598,6405.37,16411.5,2.16,-8.11,,0,14:59:00,00,Y,N,0,0,Y,,2022-09-05 开始转股,计算使用1.5年期 评级为AA+ 债参考YTM：1.5692,N,23.6,全价：125.028 最后更新：14:59:00,,,,1,[],0,0,N,,,buy,buy
2026-09-15 12:47:36,118064,联瑞转债,lrzz,376.655,0.65,688300,联瑞新材,lrxc,179.49,1.99,24.27,63.05,284.68,0,32.31,408.97,220901,基础化工,shkc,C,2026-01-28,[],0,0,buy,AA,,44.135,81.965,1.6,buy,2032-01-08,5.318,6.949,255341.05,263494.84,96.12,-20.36,,0,15:00:00,00,Y,N,0,0,Y,,2026-07-14 开始转股,计算使用5.4年期 评级为AA 债参考YTM：1.9005,N,6.95,全价：376.655 最后更新：15:00:00,,,,0,"{'G': '本次（2026年7月14日至2026年8月3日）不提前赎回，以2026年11月4日为首个交易日重新计算', 'M': ''}",0,0,N,,,buy,buy
2026-09-15 12:47:36,123150,九强转债,jqzz,129.669,-1.0,300406,九强生物,jqsw,11.21,-1.58,1.83,11.45,97.9,0,32.45,162.12,370504,医药生物,szcy,C,2022-07-20,[],0,0,buy,AA-,,8.015,14.885,23.6,buy,2028-06-30,1.792,11.21,1652.96,2737.8,1.13,-7.81,,0,15:34:12,00,Y,N,1,1,Y,转股价下修1次，成功下修1次,2023-01-06 开始转股,计算使用1.8年期 评级为AA- 债参考YTM：1.9047,N,11.39,全价：129.669 最后更新：15:34:12,,,,1,{'M': ''},0,0,N,,,buy,buy
2026-09-15 12:47:36,123131,奥飞转债,afzz,256.09,-0.92,300738,奥飞数据,afsj,19.24,-1.08,5.09,10.05,191.44,0,33.77,289.86,730104,通信,szcy,C,2021-12-22,[],0,0,buy,A+,,7.035,13.065,1.7,buy,2027-12-03,1.216,3.159,16159.39,29526.31,19.86,-47.81,,0,15:33:57,00,Y,N,0,0,Y,,2022-06-09 开始转股,计算使用1.3年期 评级为A+ 债参考YTM：4.1452,N,6.35,全价：256.090 最后更新：15:33:57,,,,1,"{'G': '本次（2026年5月21日至2026年6月10日）不提前赎回，以2026年12月10日后的首个交易日重新计算', 'M': ''}",0,0,N,,,buy,buy
2026-09-15 12:47:36,128142,新乳转债,xrzz,110.853,-0.22,002946,新乳业,xry,14.5,-1.36,3.44,17.5,82.86,0,33.79,144.64,340702,食品饮料,szmb,C,2021-01-19,[],0,0,buy,AA,,12.25,22.75,5.8,buy,2026-12-18,0.258,7.178,1095.54,3367.35,1.38,-3.02,,0,15:34:48,00,Y,N,0,0,Y,,2021-06-24 开始转股,计算使用0.3年期 评级为AA 债参考YTM：1.5083,N,7.18,全价：110.853 最后更新：15:34:48,,,,1,{'M': ''},0,0,N,,,buy,buy
2026-09-15 12:47:36,127088,赫达转债,hdzz,168.431,-1.11,002810,山东赫达,sdhd,20.84,-1.14,3.09,16.61,125.47,0,34.24,202.67,220309,基础化工,szmb,C,2023-07-19,[],0,0,buy,AA-,,11.627,21.593,8.9,buy,2029-07-03,2.8,5.996,7006.27,6308.78,6.9,-11.97,,0,15:34:30,00,Y,N,0,0,N,2026-09-15 至 2026-09-22 期间暂停转股：权益分派,2024-01-08 开始转股;2026-09-15 至 2026-09-22 期间暂停转股：权益分派,计算使用2.8年期 评级为AA- 债参考YTM：2.1192,N,6.0,全价：168.431 最后更新：15:34:30,,,,0,"{'G': '本次（2026年3月30日至2026年4月20日）不提前赎回，自2026年10月21日起重新计算', 'M': ''}",0,0,N,,,buy,buy
2026-09-15 12:47:36,113640,苏利转债,slzz,128.631,-1.05,603585,苏利股份,slgf,10.38,-2.54,0.99,10.84,95.76,0,34.33,162.96,220803,基础化工,shmb,C,2022-03-10,[],0,0,buy,AA-,,7.588,14.092,26.3,buy,2028-02-16,1.422,7.39,4938.83,4197.81,5.18,-6.53,,0,14:59:53,00,Y,N,2,2,Y,转股价下修2次，成功下修2次,2022-08-22 开始转股,计算使用1.5年期 评级为AA- 债参考YTM：1.8475,N,9.572,全价：128.631 最后更新：14:59:53,,,,1,[],0,0,N,,,buy,buy
2026-09-15 12:47:36,123114,三角转债,sjzz,124.1,-1.24,300775,三角防务,sjfw,20.95,-2.51,1.9,22.69,92.33,0,34.41,158.51,650201,国防军工,szcy,C,2021-06-11,[],0,0,buy,AA-,,15.883,29.497,8.1,buy,2027-05-25,0.69,8.999,3984.35,21947.55,3.55,-10.66,,0,15:33:57,00,Y,N,1,1,Y,转股价下修1次，成功下修1次,2021-11-30 开始转股,计算使用0.7年期 评级为AA- 债参考YTM：1.7434,N,9.044,全价：124.100 最后更新：15:33:57,,,,1,{'M': ''},0,0,N,,,buy,buy
2026-09-15 12:47:36,118034,晶能转债,jnzz,117.007,-0.81,688223,晶科能源,jkny,3.79,-1.81,1.61,4.36,86.93,0,34.6,151.61,630502,电力设备,shkc,C,2023-05-19,[],0,0,buy,AA+,,3.052,5.232,21.4,buy,2029-04-20,2.597,83.22,6735.94,22467.18,0.69,-1.94,,0,14:59:53,00,Y,N,2,2,Y,转股价下修2次，成功下修2次,2023-10-26 开始转股,计算使用2.6年期 评级为AA+ 债参考YTM：1.6500,N,100.0,全价：117.007 最后更新：14:59:53,,,,0,{'M': ''},0,0,N,120%,,buy,buy
2026-09-15 12:47:36,113661,福22转债,f22zz,132.279,-0.4,603806,福斯特,fst,14.32,-0.56,2.23,14.59,98.15,0,34.77,167.05,630504,电力设备,shmb,C,2022-12-22,[],0,0,buy,AA,,10.213,18.967,8.1,buy,2028-11-22,2.189,30.297,4935.18,17613.18,1.23,-6.96,,0,14:59:58,00,Y,N,1,1,Y,转股价下修1次，成功下修1次,2023-05-29 开始转股,计算使用2.2年期 评级为AA 债参考YTM：1.6558,N,30.3,全价：132.279 最后更新：14:59:58,,,,0,{'M': ''},0,0,N,,,buy,buy
2026-09-15 12:47:36,110075,南航转债,nhzz,106.381,-0.02,600029,南方航空,nfhk,4.87,-0.61,2.93,6.17,78.93,0,34.78,141.16,421001,交通运输,shmb,C,2020-11-03,[],0,0,buy,AAA,,4.319,8.021,9.0,buy,2026-10-15,0.082,58.958,8340.72,15112.67,1.33,1.41,,0,14:59:34,00,Y,N,0,0,Y,,2021-04-21 开始转股,计算使用0.1年期 评级为AAA 债参考YTM：1.4690,N,160.0,全价：106.381 最后更新：14:59:34,,,,1,"{'R': '到期\n最后交易日：2026-10-09\n最后转股日：2026-10-14\n债券到期日：2026-10-15\n到期赎回价：106.500元/张', 'M': ''}",0,0,N,,,buy,buy
2026-09-15 12:47:36,113643,风语转债,fyzz,140.912,-1.19,603466,风语筑,fyz,12.33,-4.86,3.4,11.8,104.49,0,34.85,175.76,720706,传媒,shmb,C,2022-04-22,[],0,0,buy,AA-,,8.26,15.34,6.8,buy,2028-03-25,1.526,4.992,13742.8,102182.62,19.41,-11.61,,0,14:59:57,00,Y,N,1,1,Y,转股价下修1次，成功下修1次,2022-10-10 开始转股,计算使用1.6年期 评级为AA- 债参考YTM：1.8664,N,5.0,全价：140.912 最后更新：14:59:57,,,,1,{'M': ''},0,0,N,,,buy,buy
2026-09-15 12:47:36,113673,岱美转债,dmzz,180.174,1.21,603730,岱美股份,dmgf,9.5,0.21,4.34,7.12,133.43,0,35.04,215.21,280202,汽车,shmb,C,2023-08-10,[],0,0,buy,AA,,4.984,9.256,4.4,buy,2029-07-18,2.841,9.078,15857.4,13777.89,9.65,-14.73,,0,14:59:59,00,Y,N,1,1,Y,转股价下修1次，成功下修1次,2024-01-24 开始转股,计算使用2.9年期 评级为AA 债参考YTM：1.7086,N,9.079,全价：180.174 最后更新：14:59:59,,,,0,{'M': ''},0,0,N,,,buy,buy
2026-09-15 12:47:36,118016,京源转债,jyzz,144.767,-1.09,688096,京源环保,jyhb,7.36,-4.29,2.03,6.91,106.51,0,35.92,180.69,760102,环保,shkc,C,2022-08-25,[],0,0,buy,A,,4.837,8.983,9.7,buy,2028-08-05,1.89,1.675,2453.11,3344.24,10.1,-10.57,,0,14:59:51,00,Y,N,0,0,Y,,2023-02-13 开始转股,计算使用1.9年期 评级为A 债参考YTM：6.6215,N,3.325,全价：144.767 最后更新：14:59:51,,,,1,{'M': ''},0,0,N,,,buy,buy
2026-09-15 12:47:36,118007,山石转债,sszz,141.045,-0.15,688030,山石网科,sswk,17.11,0.35,4.33,16.5,103.7,0,36.02,177.07,710402,计算机,shkc,C,2022-04-21,[],0,0,buy,A-,,11.55,21.45,8.7,buy,2028-03-22,1.518,2.671,37769.26,15946.91,99.0,-12.01,,0,14:59:59,00,Y,N,1,1,Y,转股价下修1次，成功下修1次,2022-09-28 开始转股,计算使用1.6年期 评级为A- 债参考YTM：8.9057,N,2.674,全价：141.045 最后更新：14:59:59,,,,1,{'M': ''},0,0,N,,,buy,buy
2026-09-15 12:47:36,110097,天润转债,trzz,140.562,-0.84,600419,天润乳业,trry,8.46,-3.53,1.07,8.19,103.3,0,36.08,176.64,340702,食品饮料,shmb,C,2024-11-15,[],0,0,buy,AA,,5.733,10.647,37.0,buy,2030-10-24,4.11,9.889,6583.69,4892.51,4.73,-4.9,,0,14:59:43,00,Y,N,0,0,Y,,2025-04-30 开始转股,计算使用4.2年期 评级为AA 债参考YTM：1.8132,N,9.9,全价：140.562 最后更新：14:59:43,,,,0,[],0,0,N,,,buy,buy
2026-09-15 12:47:36,118036,力合转债,lhzz,141.124,-0.02,688589,力合微,lhw,19.18,-0.98,2.65,18.5,103.68,0,36.12,177.24,270104,电子,shkc,C,2023-07-20,[],0,0,buy,AA-,,12.95,24.05,13.6,buy,2029-06-28,2.786,3.8,4076.36,3838.04,7.59,-6.17,,0,14:59:48,00,Y,N,2,2,Y,转股价下修2次，成功下修2次,2024-01-04 开始转股,计算使用2.8年期 评级为AA- 债参考YTM：2.1192,N,3.8,全价：141.124 最后更新：14:59:48,,,,0,{'M': ''},0,0,N,,,buy,buy
2026-09-15 12:47:36,123124,晶瑞转2,jrz2,134.888,-0.39,300655,晶瑞电材,jrdc,12.61,2.27,5.25,12.79,98.59,0,36.81,171.7,270601,电子,szcy,C,2021-09-07,[],0,0,buy,A+,,8.953,16.627,3.7,buy,2027-08-16,0.918,5.224,3852.57,37188.31,5.44,-22.53,,1,15:34:03,00,Y,N,1,1,Y,转股价下修1次，成功下修1次,2022-02-21 开始转股,计算使用1.0年期 评级为A+ 债参考YTM：4.1138,N,5.23,全价：134.888 最后更新：15:34:03,,,,1,{'M': ''},0,0,N,,23年6月前不下修,buy,buy
2026-09-15 12:47:36,113636,甬金转债,yjzz,131.08,0.0,603995,甬金股份,yjgf,25.03,1.46,1.5,26.22,95.46,0,37.31,168.39,230501,钢铁,shmb,C,2021-12-31,[],0,0,buy,AA-,,18.354,34.086,11.0,buy,2027-12-13,1.244,9.995,3370.28,11966.61,2.56,-8.55,,0,14:59:48,00,Y,N,1,1,Y,转股价下修1次，成功下修1次,2022-06-17 开始转股,计算使用1.3年期 评级为AA- 债参考YTM：1.8125,N,10.0,全价：131.080 最后更新：14:59:48,,,,1,{'M': ''},0,0,N,,,buy,buy
2026-09-15 12:47:36,123241,欧通转债,otzz,891.836,-0.35,300870,欧陆通,olt,199.91,0.65,11.61,30.8,649.06,0,37.4,929.24,630306,电力设备,szcy,C,2024-07-26,[],0,0,buy,AA-,,21.56,40.04,0.9,buy,2030-07-05,3.806,2.604,85535.93,88346.14,36.44,-41.87,,0,15:34:30,00,Y,N,0,0,Y,,2025-01-13 开始转股,计算使用3.9年期 评级为AA- 债参考YTM：2.2689,N,6.445,全价：891.836 最后更新：15:34:30,,,,0,"{'G': '本次（2026年8月10日至2026年8月28日）不提前赎回，自2026年11月28日后首个交易日重新计算', 'M': ''}",0,0,N,,,buy,buy
2026-09-15 12:47:36,118035,国力转债,glzz,157.953,0.87,688103,国力电子,gldz,71.55,1.73,5.92,62.31,114.83,0,37.55,195.5,270401,电子,shkc,C,2023-07-06,[],0,0,buy,A+,,43.617,81.003,7.0,buy,2029-06-12,2.743,4.799,4104.81,9005.43,5.42,-10.14,,0,14:59:46,00,Y,N,0,0,Y,,2023-12-18 开始转股,计算使用2.8年期 评级为A+ 债参考YTM：4.4695,N,4.8,全价：157.953 最后更新：14:59:46,,,,0,{'M': ''},0,0,N,,,buy,buy
2026-09-15 12:47:36,113677,华懋转债,hmzz,316.778,-2.22,603306,华懋科技,hmkj,77.33,0.61,6.67,33.66,229.74,0,37.89,354.67,280202,汽车,shmb,C,2023-10-12,[],0,0,buy,AA-,,23.562,43.758,4.1,buy,2029-09-14,3.0,10.489,50741.8,59965.39,14.98,-28.88,,0,14:59:59,00,Y,N,0,0,Y,,2024-03-20 开始转股,计算使用3.0年期 评级为AA- 债参考YTM：2.1662,N,10.5,全价：316.778 最后更新：14:59:59,,,,0,"{'G': '本次（2026年6月29日至2026年7月17日）不提前赎回，自2026年10月17日之后的首个交易日重新起算', 'M': ''}",0,0,N,,,buy,buy
2026-09-15 12:47:36,127082,亚科转债,ykzz,131.911,-0.95,002540,亚太科技,ytkj,4.98,-2.73,1.11,5.22,95.4,0,38.27,170.18,240301,有色金属,szmb,C,2023-04-27,[],0,0,buy,AA,,3.654,6.786,27.1,buy,2029-03-09,2.482,11.585,3731.13,6916.51,2.43,-5.37,,0,15:34:18,00,Y,N,0,0,Y,,2023-09-15 开始转股,计算使用2.5年期 评级为AA 债参考YTM：1.6785,N,11.59,全价：131.911 最后更新：15:34:18,,,,0,[],0,0,N,,,buy,buy
2026-09-15 12:47:36,127064,杭氧转债,hyzz,138.457,0.33,002430,杭氧股份,hygf,25.64,1.63,2.46,25.67,99.88,0,38.62,177.08,220309,基础化工,szmb,C,2022-07-05,[],0,0,buy,AA+,,17.969,33.371,4.5,buy,2028-05-19,1.677,11.364,5141.6,35599.26,3.26,-13.05,,0,15:34:06,00,Y,N,1,1,Y,转股价下修1次，成功下修1次,2022-11-25 开始转股,计算使用1.7年期 评级为AA+ 债参考YTM：1.5865,N,11.37,全价：138.457 最后更新：15:34:06,,,,1,{'M': ''},0,0,N,,,buy,buy
2026-09-15 12:47:36,111012,福新转债,fxzz,350.637,-1.08,605488,福莱新材,flxc,28.0,-1.72,3.7,11.11,252.03,0,39.13,389.77,220505,基础化工,shmb,C,2023-02-07,[],0,0,buy,A+,,7.777,14.443,1.2,buy,2029-01-04,2.307,1.016,46883.73,23620.38,129.68,-37.84,,0,14:59:59,00,Y,N,0,0,Y,,2023-07-10 开始转股,计算使用2.4年期 评级为A+ 债参考YTM：4.3737,N,4.29,全价：350.637 最后更新：14:59:59,,,,0,{'G': '本次（2026年6月22日至2026年7月10日）不提前赎回，自2026年10月10日之后的首个交易日重新起算'},0,0,N,,,buy,buy
2026-09-15 12:47:36,123173,恒锋转债,hfzz,134.877,-1.4,300605,恒锋信息,hfxx,9.67,-4.64,3.67,10.0,96.7,0,39.48,174.36,710401,计算机,szcy,C,2023-02-08,[],0,0,buy,BBB+,,7.0,13.0,19.1,buy,2028-12-30,2.293,2.33,1764.51,4938.96,5.6,-5.33,,0,15:34:15,00,Y,N,1,1,Y,转股价下修1次，成功下修1次,2023-07-06 开始转股,计算使用2.3年期 评级为BBB+ 债参考YTM：12.2172,N,2.424,全价：134.877 最后更新：15:34:15,,,,0,[],0,0,N,,,buy,buy
2026-09-15 12:47:36,123144,裕兴转债,yxzz,128.274,0.27,300305,裕兴股份,yxgf,6.43,0.31,1.22,7.0,91.86,0,39.65,167.92,220505,基础化工,szcy,C,2022-04-27,[],0,0,buy,A,,4.9,9.1,29.0,buy,2028-04-11,1.573,5.997,3563.04,11182.52,4.62,-5.75,,0,15:34:03,00,Y,N,2,2,Y,转股价下修2次，成功下修2次,2022-10-17 开始转股,计算使用1.6年期 评级为A 债参考YTM：6.5557,N,6.0,全价：128.274 最后更新：15:34:03,,,,1,[],0,0,N,,,buy,buy
2026-09-15 12:47:36,123194,百洋转债,byzz,132.595,-2.14,301015,百洋医药,byyy,23.51,-3.77,5.16,24.79,94.84,0,39.81,172.41,370402,医药生物,szcy,C,2023-05-05,[],0,0,buy,AA-,,17.353,32.227,6.8,buy,2029-04-14,2.581,8.459,4408.6,8305.68,3.91,-4.97,,0,15:34:21,00,Y,N,0,0,Y,,2023-10-20 开始转股,计算使用2.6年期 评级为AA- 债参考YTM：2.0703,N,8.6,全价：132.595 最后更新：15:34:21,,,,0,{'M': ''},0,0,N,,,buy,buy
2026-09-15 12:47:36,113659,莱克转债,lkzz,131.642,-0.33,603355,莱克电气,lkdq,29.86,-0.27,2.87,31.72,94.14,0,39.84,171.48,330302,家用电器,shmb,C,2022-11-15,[],0,0,buy,AA,,22.204,41.236,7.0,buy,2028-10-14,2.082,11.998,5098.34,6810.18,3.22,-7.09,,0,14:59:48,00,Y,N,0,0,Y,,2023-04-20 开始转股,计算使用2.1年期 评级为AA 债参考YTM：1.6481,N,12.0,全价：131.642 最后更新：14:59:48,,,,0,{'M': ''},0,0,N,,,buy,buy
2026-09-15 12:47:36,127060,湘佳转债,xjzz,124.373,-1.13,002982,湘佳股份,xjgf,12.26,-2.31,1.47,13.8,88.84,0,40.0,164.37,110703,农林牧渔,szmb,C,2022-06-10,[],0,0,buy,A+,,9.66,17.94,40.1,buy,2028-04-19,1.595,6.399,2900.4,3543.71,3.62,-6.63,,0,15:34:12,00,Y,N,1,1,Y,转股价下修1次，成功下修1次,2022-10-25 开始转股,计算使用1.6年期 评级为A+ 债参考YTM：4.2057,N,6.4,全价：124.373 最后更新：15:34:12,,,,0,[],0,0,N,,,buy,buy
2026-09-15 12:47:36,123133,佩蒂转债,pdzz,126.877,-1.33,300673,佩蒂股份,pdgf,13.58,-3.62,1.86,15.0,90.53,0,40.14,167.02,110404,农林牧渔,szcy,C,2022-01-21,[],0,0,buy,AA-,,10.5,19.5,33.0,buy,2027-12-22,1.269,7.198,3828.28,3520.97,4.17,-6.28,,0,15:34:00,00,Y,N,2,2,Y,转股价下修2次，成功下修2次,2022-06-28 开始转股,计算使用1.3年期 评级为AA- 债参考YTM：1.8125,N,7.2,全价：126.877 最后更新：15:34:00,,,,1,[],0,0,N,,,buy,buy
2026-09-15 12:47:36,123158,宙邦转债,zbzz,252.5,-1.71,300037,新宙邦,xzb,72.95,-0.1,4.8,40.49,180.17,0,40.15,292.65,630702,电力设备,szcy,C,2022-10-21,[],0,0,buy,AA,,28.343,52.637,4.5,buy,2028-09-26,2.033,18.046,72550.94,162738.57,15.41,-33.03,,0,15:34:15,00,Y,N,0,0,Y,,2023-03-30 开始转股,计算使用2.1年期 评级为AA 债参考YTM：1.6481,N,19.7,全价：252.500 最后更新：15:34:15,,,,0,"{'G': '本次（2026年7月23日至2026年8月12日）不提前赎回，自2027年2月12日后首个交易日重新计算', 'M': ''}",0,0,N,,,buy,buy
2026-09-15 12:47:36,127055,精装转债,jzzz,178.137,0.32,002989,中天精装,ztjz,23.46,1.3,3.36,18.5,126.81,0,40.47,218.61,620201,建筑装饰,szmb,C,2022-03-24,[],0,0,buy,AA-,,12.95,24.05,4.5,buy,2028-02-22,1.438,2.081,9954.33,11966.53,26.79,-25.61,,0,15:34:03,00,Y,N,0,0,Y,,2022-08-29 开始转股,计算使用1.5年期 评级为AA- 债参考YTM：1.8475,N,5.77,全价：178.137 最后更新：15:34:03,,,,1,{'G': '本次（2026年2月24日至2026年3月16日）不提前赎回，自2027年3月16日后首个交易日重新计算'},0,0,N,,,buy,buy
2026-09-15 12:47:36,127050,麒麟转债,qlzz,121.001,-1.08,002984,森麒麟,sql,12.94,-2.04,0.97,15.07,85.87,0,40.92,161.92,280204,汽车,szmb,C,2021-12-06,[],0,0,buy,AA,,10.549,19.591,22.6,buy,2027-11-11,1.156,20.86,3535.28,12007.78,1.39,-6.71,,0,15:34:42,00,Y,N,2,2,Y,转股价下修2次，成功下修2次,2022-05-17 开始转股,计算使用1.2年期 评级为AA 债参考YTM：1.5757,N,21.989,全价：121.001 最后更新：15:34:42,,,,1,{'M': ''},0,0,N,,,buy,buy
2026-09-15 12:47:36,113704,春风转债,cfzz,177.835,0.78,603129,春风动力,cfdl,304.5,1.54,5.83,241.7,125.98,92,41.16,219.0,280402,汽车,shmb,C,2026-07-07,[],0,0,buy,AA+,,169.19,314.21,4.7,buy,2032-06-09,5.737,21.79,15923.24,48607.4,4.1,-7.79,,0,14:59:57,00,Y,N,0,0,Y,,未到转股期；2026-12-16 开始转股,计算使用5.8年期 评级为AA+ 债参考YTM：1.8697,N,21.79,全价：177.835 最后更新：14:59:57,,,,0,{'M': ''},0,0,N,,,buy,buy
2026-09-15 12:47:36,118044,赛特转债,stzz,149.092,-0.77,688398,赛特新材,stxc,19.88,-2.83,2.93,18.85,105.46,0,41.37,190.46,220309,基础化工,shkc,C,2023-10-12,[],0,0,buy,A+,,13.195,24.505,13.2,buy,2029-09-11,2.992,4.42,2105.0,2289.16,3.19,-8.03,,0,14:58:36,00,Y,N,1,1,Y,转股价下修1次，成功下修1次,2024-03-15 开始转股,计算使用3.0年期 评级为A+ 债参考YTM：4.5162,N,4.42,全价：149.092 最后更新：14:58:36,,,,0,"{'G': '本次（2026年3月10日至2026年4月20日）不提前赎回，以2026年10月21日起算', 'M': ''}",0,0,N,,,buy,buy
2026-09-15 12:47:36,123199,山河转债,shzz,137.1,-0.84,300452,山河药辅,shyf,12.6,-1.72,2.86,13.0,96.92,0,41.45,178.55,370101,医药生物,szcy,C,2023-07-07,[],0,0,buy,A+,,9.1,16.9,12.8,buy,2029-06-12,2.743,3.197,1289.86,2609.93,2.93,-7.38,,0,15:34:24,00,Y,N,1,1,Y,转股价下修1次，成功下修1次,2023-12-18 开始转股,计算使用2.8年期 评级为A+ 债参考YTM：4.4695,N,3.2,全价：137.100 最后更新：15:34:24,,,,0,[],0,0,N,,,buy,buy
2026-09-15 12:47:36,123176,精测转2,jcz2,424.298,2.24,300567,精测电子,jcdz,193.3,1.81,9.3,64.51,299.64,0,41.6,465.9,640107,机械设备,szcy,C,2023-03-22,[],0,0,buy,AA-,,45.157,83.863,2.9,buy,2029-03-02,2.463,12.753,84203.75,78090.31,15.61,-41.48,,0,15:34:18,00,Y,N,0,0,Y,,2023-09-08 开始转股,计算使用2.5年期 评级为AA- 债参考YTM：2.0460,N,12.76,全价：424.298 最后更新：15:34:18,,,,0,"{'G': '本次（2026年7月16日至2026年8月5日）不提前赎回，自2027年2月5日后首个交易日重新计算', 'M': ''}",0,0,N,,,buy,buy
2026-09-15 12:47:36,113067,燃23转债,r23zz,126.5,-0.36,601139,深圳燃气,szrq,6.45,-0.77,1.11,7.24,89.09,0,41.99,168.49,410301,公用事业,shmb,C,2023-08-18,[],0,0,buy,AAA,,5.068,9.412,16.2,buy,2029-07-27,2.866,29.999,2720.17,8168.8,0.71,-4.83,,0,14:58:50,00,Y,N,0,0,Y,,2024-02-02 开始转股,计算使用2.9年期 评级为AAA 债参考YTM：1.6290,N,30.0,全价：126.500 最后更新：14:58:50,,,,0,{'M': ''},0,0,N,,,buy,buy
2026-09-15 12:47:36,127099,盛航转债,shzz,132.836,-0.68,001205,盛航股份,shgf,14.34,-0.97,1.22,15.33,93.54,0,42.01,174.85,421101,交通运输,szmb,C,2023-12-28,[],0,0,buy,AA-,,10.731,19.929,19.0,buy,2029-12-06,3.227,4.541,2515.63,4337.68,4.16,-3.24,,0,15:34:30,00,Y,N,1,1,Y,转股价下修1次，成功下修1次,2024-06-12 开始转股,计算使用3.3年期 评级为AA- 债参考YTM：2.2167,N,7.4,全价：132.836 最后更新：15:34:30,,,,0,[],0,0,N,,,buy,buy
2026-09-15 12:47:36,113048,晶科转债,jkzz,114.1,-0.47,601778,晶科科技,jkkj,3.59,1.13,0.8,4.47,80.31,0,42.07,156.17,410106,公用事业,shmb,C,2021-05-31,[],0,0,buy,AA,,3.129,5.811,11.6,buy,2027-04-23,0.603,15.453,3971.96,35657.44,2.25,-3.07,,0,14:59:45,00,Y,N,2,2,Y,转股价下修2次，成功下修2次,2021-10-29 开始转股,计算使用0.7年期 评级为AA 债参考YTM：1.5474,N,30.0,全价：114.100 最后更新：14:59:45,,,,1,{'M': ''},0,0,N,,,buy,buy
2026-09-15 12:47:36,123209,聚隆转债,jlzz,155.847,-1.05,300644,南京聚隆,njjl,19.13,-2.65,1.91,17.52,109.19,0,42.73,198.58,220503,基础化工,szcy,C,2023-08-17,[],0,0,buy,A+,,12.264,22.776,9.9,buy,2029-07-26,2.863,1.672,1371.77,3339.85,5.24,-9.68,,0,15:34:27,00,Y,N,0,0,Y,,2024-02-01 开始转股,计算使用2.9年期 评级为A+ 债参考YTM：4.4932,N,2.185,全价：155.847 最后更新：15:34:27,,,,0,[],0,0,N,,,buy,buy
2026-09-15 12:47:36,127046,百润转债,brzz,122.848,-0.64,002568,百润股份,brgf,17.4,-0.4,3.53,20.33,85.59,0,43.53,166.38,340602,食品饮料,szmb,C,2021-11-03,[],0,0,buy,AA,,14.231,26.429,8.6,buy,2027-09-29,1.038,11.274,3535.3,9034.75,2.54,-8.82,,0,15:33:54,00,Y,N,1,1,Y,转股价下修1次，成功下修1次,2022-04-12 开始转股,计算使用1.1年期 评级为AA 债参考YTM：1.5693,N,11.28,全价：122.848 最后更新：15:33:54,,,,0,{'M': ''},0,0,N,,,buy,buy
2026-09-15 12:47:36,123225,翔丰转债,xfzz,136.681,0.8,300890,翔丰华,xfh,26.02,2.81,1.35,27.34,95.17,0,43.61,180.29,630702,电力设备,szcy,C,2023-10-26,[],0,0,buy,AA-,,19.138,35.542,19.6,buy,2029-10-10,3.071,5.585,5642.62,16893.16,7.39,-3.58,,0,15:34:12,00,Y,N,1,1,Y,转股价下修1次，成功下修1次,2024-04-16 开始转股,计算使用3.1年期 评级为AA- 债参考YTM：2.1866,N,8.0,全价：136.681 最后更新：15:34:12,,,,0,{'M': ''},0,0,N,,,buy,buy
2026-09-15 12:47:36,123222,博俊转债,bjzz,141.9,-0.66,300926,博俊科技,bjkj,16.25,-0.31,1.89,16.46,98.72,0,43.73,185.63,280205,汽车,szcy,C,2023-09-28,[],0,0,buy,A+,,11.522,21.398,5.0,buy,2029-09-08,2.984,2.438,3510.51,2841.99,10.15,-6.0,,0,15:34:24,00,Y,N,0,0,Y,,2024-03-14 开始转股,计算使用3.0年期 评级为A+ 债参考YTM：4.5162,N,5.0,全价：141.900 最后更新：15:34:24,,,,0,{'M': ''},0,0,N,,,buy,buy
2026-09-15 12:47:36,118013,道通转债,dtzz,168.83,-0.95,688208,道通科技,dtkj,25.23,-1.21,4.3,21.48,117.46,0,43.74,212.57,710103,计算机,shkc,C,2022-07-28,[],0,0,buy,AA,,15.036,27.924,7.6,buy,2028-07-08,1.814,12.796,4214.75,6928.45,1.94,-18.54,,0,14:59:36,00,Y,N,0,0,Y,,2023-01-16 开始转股,计算使用1.9年期 评级为AA 债参考YTM：1.6326,N,12.8,全价：168.830 最后更新：14:59:36,,,,1,{'M': ''},0,0,N,,,buy,buy
2026-09-15 12:47:36,118059,颀中转债,qzzz,189.228,0.96,688352,颀中科技,qzkj,18.02,3.21,3.71,13.7,131.53,0,43.86,233.09,270107,电子,shkc,C,2025-11-21,[],0,0,buy,AA+,,9.59,17.81,12.9,buy,2031-11-03,5.137,8.498,50272.62,39276.78,31.13,-9.76,,0,14:59:58,00,Y,N,0,0,Y,,2026-05-07 开始转股,计算使用5.2年期 评级为AA+ 债参考YTM：1.7887,N,8.5,全价：189.228 最后更新：14:59:58,,,,0,"{'G': '本次（2026年5月26日至2026年6月17日）不提前赎回，以2026年12月18日为首个交易日重新计算', 'M': ''}",0,0,N,,,buy,buy
2026-09-15 12:47:36,127031,洋丰转债,yfzz,117.266,-1.58,000902,新洋丰,xyf,13.59,-2.16,1.35,16.79,80.94,0,44.88,162.15,220805,基础化工,szmb,C,2021-04-23,[],0,0,buy,AA,,11.753,21.827,6.4,buy,2027-03-25,0.523,9.999,2054.49,13287.18,1.74,-8.63,,0,15:34:09,00,Y,N,1,1,Y,转股价下修1次，成功下修1次,2021-10-08 开始转股,计算使用0.6年期 评级为AA 债参考YTM：1.5397,N,10.0,全价：117.266 最后更新：15:34:09,,,,1,{'M': ''},0,0,N,,,buy,buy
2026-09-15 12:47:36,123255,鼎龙转债,dlzz,348.696,1.49,300054,鼎龙股份,dlgf,68.02,1.61,11.51,28.38,239.68,0,45.49,394.19,270601,电子,szcy,C,2025-04-23,[],0,0,buy,AA,,19.866,36.894,1.8,buy,2031-04-02,4.548,9.095,71537.7,129249.0,22.41,-21.98,,0,15:34:39,00,Y,N,0,0,Y,,2025-10-09 开始转股,计算使用4.6年期 评级为AA 债参考YTM：1.8310,N,9.1,全价：348.696 最后更新：15:34:39,,,,0,"{'G': '本次（2026年4月8日至2026年4月28日）不提前赎回，自2026年10月28日后首个交易日重新计算', 'M': ''}",0,0,N,,,buy,buy
2026-09-15 12:47:36,118056,路维转债,lwzz,262.912,-2.18,688401,路维光电,lwgd,63.75,-3.6,7.57,35.29,180.65,0,45.54,308.45,270103,电子,shkc,C,2025-07-10,[],0,0,buy,AA-,,24.703,45.877,5.0,buy,2031-06-11,4.74,6.144,40141.09,53160.04,24.63,-16.06,,0,14:59:58,00,Y,N,0,0,Y,,2025-12-17 开始转股,计算使用4.8年期 评级为AA- 债参考YTM：2.3422,N,6.15,全价：262.912 最后更新：14:59:58,,,,0,"{'G': '本次（2026年7月30日至2026年8月19日)不提前赎回，以2026年11月20日为首个交易日重新计算', 'M': ''}",0,0,N,,,buy,buy
2026-09-15 12:47:36,123284,强达转债,qdzz,211.629,-3.6,301628,强达电路,qddl,122.1,-7.08,7.72,84.04,145.29,163,45.66,257.29,270202,电子,szcy,C,2026-09-03,[],0,0,buy,AA-,,58.828,109.252,15.5,buy,2032-08-18,5.929,5.5,86186.52,61687.41,72.69,-10.05,,0,15:33:57,00,Y,N,0,0,Y,,未到转股期；2027-02-25 开始转股,计算使用6.0年期 评级为AA- 债参考YTM：2.8767,N,5.5,全价：211.629 最后更新：15:33:57,,,,0,{'M': ''},0,0,N,,,buy,buy
2026-09-15 12:47:36,113070,渝水转债,yszz,125.08,-0.08,601158,重庆水务,cqsw,4.05,-1.22,1.13,4.72,85.81,0,45.77,170.85,760102,环保,shmb,C,2025-02-13,[],0,0,buy,AAA,,3.304,6.136,9.8,buy,2031-01-09,4.321,18.998,2842.71,3464.97,1.19,-2.7,,0,14:59:55,00,Y,N,0,0,Y,,2025-07-15 开始转股,计算使用4.4年期 评级为AAA 债参考YTM：1.7033,N,19.0,全价：125.080 最后更新：14:59:55,,,,0,{'M': ''},0,0,N,,,buy,buy
2026-09-15 12:47:36,111024,澳弘转债,ahzz,175.654,5.52,605058,澳弘电子,ahdz,40.3,9.99,3.2,33.54,120.16,0,46.19,221.84,270202,电子,shmb,C,2026-01-16,[],0,0,buy,AA-,,23.478,43.602,10.1,buy,2031-12-11,5.241,5.799,395629.85,74509.09,380.4,-7.75,,0,15:00:00,00,Y,N,0,0,Y,,2026-06-17 开始转股,计算使用5.3年期 评级为AA- 债参考YTM：2.4583,N,5.8,全价：175.654 最后更新：15:00:00,,,,0,[],0,0,N,,,buy,buy
2026-09-15 12:47:36,127105,龙星转债,lxzz,130.646,-0.9,002442,龙星科技,lxkj,5.16,-3.19,1.38,5.8,88.97,0,46.85,177.5,220603,基础化工,szmb,C,2024-03-06,[],0,0,buy,AA-,,4.06,7.54,29.7,buy,2030-01-31,3.381,7.534,3020.36,5525.08,3.06,-2.7,,0,15:34:39,00,Y,N,0,0,Y,,2024-08-07 开始转股,计算使用3.4年期 评级为AA- 债参考YTM：2.2276,N,7.54,全价：130.646 最后更新：15:34:39,,,,0,[],0,0,N,,,buy,buy
2026-09-15 12:47:36,123071,天能转债,tnzz,114.793,0.01,300569,天能重工,tnzg,5.22,6.75,1.0,6.68,78.14,0,46.9,161.69,630602,电力设备,szcy,C,2020-11-25,[],0,0,buy,AA-,,4.676,8.684,13.0,buy,2026-10-21,0.099,6.936,7865.97,38436.41,9.88,1.88,,0,15:33:54,00,Y,N,2,2,Y,转股价下修2次，成功下修2次,2021-04-27 开始转股,计算使用0.1年期 评级为AA- 债参考YTM：1.6492,N,7.0,全价：114.793 最后更新：15:33:54,,,,1,"{'R': '到期\n最后交易日：2026-10-15\n最后转股日：2026-10-20\n债券到期日：2026-10-21\n到期赎回价：115.000元/张', 'M': ''}",0,0,N,,,buy,buy
2026-09-15 12:47:36,123165,回天转债,htzz,135.0,0.07,300041,回天新材,htxc,10.84,2.36,1.92,11.8,91.86,0,46.96,181.96,220316,基础化工,szcy,C,2022-11-15,[],0,0,buy,AA-,,8.26,15.34,14.4,buy,2028-10-27,2.118,8.496,8506.87,30483.04,7.38,-6.09,,0,15:34:06,00,Y,N,1,1,Y,转股价下修1次，成功下修1次,2023-05-04 开始转股,计算使用2.2年期 评级为AA- 债参考YTM：1.9781,N,8.5,全价：135.000 最后更新：15:34:06,,,,0,{'M': ''},0,0,N,,,buy,buy
2026-09-15 12:47:36,123211,阳谷转债,ygzz,151.351,-1.99,300121,阳谷华泰,yght,9.46,-4.44,1.16,9.2,102.83,0,47.19,198.54,220604,基础化工,szcy,C,2023-08-14,[],0,0,buy,AA-,,6.44,11.96,7.6,buy,2029-07-27,2.866,3.07,5729.76,15805.24,12.24,-8.3,,0,15:34:33,00,Y,N,0,0,Y,,2024-02-02 开始转股,计算使用2.9年期 评级为AA- 债参考YTM：2.1431,N,6.5,全价：151.351 最后更新：15:34:33,,,,0,[],0,0,N,,,buy,buy
2026-09-15 12:47:36,110103,申能转债,snzz,146.928,0.52,600642,申能股份,sngf,8.71,0.0,1.04,8.74,99.66,139,47.43,194.36,410101,公用事业,shmb,C,2026-08-13,[],0,0,buy,AAA,,6.118,11.362,4.7,buy,2032-07-23,5.858,20.0,6018.87,13492.48,2.05,-4.85,,0,14:59:57,00,Y,N,0,0,Y,,未到转股期；2027-02-01 开始转股,计算使用5.9年期 评级为AAA 债参考YTM：1.7704,N,20.0,全价：146.928 最后更新：14:59:57,,,,0,{'M': ''},0,0,N,,,buy,buy
2026-09-15 12:47:36,113610,灵康转债,lkzz,119.613,-0.5,603669,灵康药业,lkyy,5.27,0.38,5.86,6.5,81.08,0,47.53,167.14,370102,医药生物,shmb,C,2020-12-22,[],0,0,buy,A-,,4.55,8.45,6.7,buy,2026-12-01,0.211,2.528,1068.63,10410.93,3.52,-18.52,,0,14:59:57,00,Y,N,3,2,Y,转股价下修3次，成功下修2次,2021-06-07 开始转股,计算使用0.3年期 评级为A- 债参考YTM：8.7203,Y,5.25,全价：119.613 最后更新：14:59:57,,,"按下调到底估算
股东大会：2026-09-16
预估转股价：5.50
预估转股价值：95.82
期权价值：6.72
理论价值：119.71
理论偏离度：-0.08%",1,[],0,0,N,,,buy,buy
2026-09-15 12:47:36,110092,三房转债,sfzz,73.519,0.16,600370,*ST三房,sfx,1.5,0.67,1.17,3.02,49.67,0,48.02,121.54,220401,基础化工,shmb,C,2023-02-07,[],0,0,buy,A-,,2.114,3.926,35.1,buy,2029-01-06,2.312,21.185,4807.11,3334.38,3.06,21.09,,0,14:59:54,00,Y,N,0,0,Y,,2023-07-12 开始转股,计算使用2.4年期 评级为A- 债参考YTM：9.0737,N,25.0,全价：73.519 最后更新：14:59:54,,,,0,[],0,0,N,,,buy,buy
2026-09-15 12:47:36,113646,永吉转债,yjzz,157.735,-1.7,603058,永吉股份,yjgf,8.57,-3.71,3.12,8.05,106.46,0,48.16,205.9,360205,轻工制造,shmb,C,2022-05-17,[],0,0,buy,AA-,,5.635,10.465,3.9,buy,2028-04-14,1.581,1.372,4586.82,5857.51,21.03,-20.54,,0,15:00:00,00,Y,N,0,0,Y,,2022-10-20 开始转股,计算使用1.6年期 评级为AA- 债参考YTM：1.8664,N,1.459,全价：157.735 最后更新：15:00:00,,,,1,[],0,0,N,,,buy,buy
2026-09-15 12:47:36,123171,共同转债,gtzz,126.561,0.41,300966,共同药业,gtyy,23.11,1.49,3.35,27.08,85.34,0,48.3,174.86,370101,医药生物,szcy,C,2022-12-16,[],0,0,buy,A-,,18.956,35.204,21.5,buy,2028-11-28,2.206,3.799,2656.91,5576.39,5.53,-2.71,,0,15:34:09,00,Y,N,0,0,Y,,2023-06-02 开始转股,计算使用2.3年期 评级为A- 债参考YTM：9.0510,N,3.8,全价：126.561 最后更新：15:34:09,,,,0,{'M': ''},0,0,N,,,buy,buy
2026-09-15 12:47:36,111003,聚合转债,jhzz,138.104,-0.69,605166,聚合顺,jhs,8.2,-1.56,1.28,8.85,92.66,0,49.05,187.15,220406,基础化工,shmb,C,2022-04-19,[],0,0,buy,AA-,,6.195,11.505,7.9,buy,2028-03-07,1.477,2.035,1967.93,2554.43,6.98,-10.52,,0,14:56:46,00,Y,N,2,2,Y,转股价下修2次，成功下修2次,2022-09-13 开始转股,计算使用1.5年期 评级为AA- 债参考YTM：1.8475,N,2.04,全价：138.104 最后更新：14:56:46,,,,1,[],0,0,N,,,buy,buy
2026-09-15 12:47:36,127113,长高转债,cgzz,157.1,-1.07,002452,长高电气,cgdq,11.49,-2.05,2.27,10.92,105.22,0,49.31,206.41,630801,电力设备,szmb,C,2026-03-30,[],0,0,buy,AA-,,7.644,14.196,12.7,buy,2032-03-09,5.485,7.586,3175.07,15539.33,2.64,-5.79,,0,15:34:45,00,Y,N,0,0,Y,,2026-09-14 开始转股,计算使用5.5年期 评级为AA- 债参考YTM：2.5826,N,7.59,全价：157.100 最后更新：15:34:45,,,,0,{'M': ''},0,0,N,,,buy,buy
2026-09-15 12:47:36,110087,天业转债,tyzz,122.47,-0.51,600075,新疆天业,xjty,4.58,-3.38,0.84,5.6,81.79,0,49.74,172.21,220202,基础化工,shmb,C,2022-07-19,[],0,0,buy,AA+,,3.92,7.28,38.3,buy,2028-06-23,1.773,29.975,4008.17,9636.03,1.09,-6.04,,0,14:58:13,00,Y,N,1,1,Y,转股价下修1次，成功下修1次,2022-12-29 开始转股,计算使用1.8年期 评级为AA+ 债参考YTM：1.5951,N,30.0,全价：122.470 最后更新：14:58:13,,,,1,{'M': ''},0,0,N,,,buy,buy
2026-09-15 12:47:36,118060,瑞可转债,rkzz,187.586,0.22,688800,瑞可达,rkd,65.73,-0.57,7.52,52.53,125.13,0,49.91,237.5,270401,电子,shkc,C,2025-12-12,[],0,0,buy,AA-,,36.771,68.289,5.3,buy,2031-11-14,5.167,9.999,17103.5,52063.83,9.05,-9.03,,0,14:59:49,00,Y,N,0,0,Y,,2026-05-20 开始转股,计算使用5.2年期 评级为AA- 债参考YTM：2.4094,N,10.0,全价：187.586 最后更新：14:59:49,,,,0,"{'G': '本次（2026年5月20日至2026年6月9日）不提前赎回，以2026年12月10日为首个交易日重新计算', 'M': ''}",0,0,Y,,,buy,buy
2026-09-15 12:47:36,123142,申昊转债,shzz,124.087,0.05,300853,申昊科技,shkj,27.71,-0.32,6.68,33.71,82.2,0,50.96,175.05,630803,电力设备,szcy,C,2022-04-11,[],0,0,buy,BBB+,,23.597,43.823,13.6,buy,2028-03-18,1.507,5.494,1549.51,10859.25,2.27,-6.45,,0,15:34:09,00,Y,N,0,0,Y,,2022-09-26 开始转股,计算使用1.6年期 评级为BBB+ 债参考YTM：12.0184,N,5.5,全价：124.087 最后更新：15:34:09,,,,1,[],0,0,N,,,buy,buy
2026-09-15 12:47:36,127034,绿茵转债,lyzz,120.65,-0.29,002887,绿茵生态,lyst,8.93,-1.22,1.16,11.21,79.66,0,51.45,172.1,760104,环保,szmb,C,2021-05-28,[],0,0,buy,AA-,,7.847,14.573,22.1,buy,2027-04-30,0.622,4.279,3660.29,2722.58,7.09,-10.24,,0,15:34:30,00,Y,N,1,0,Y,转股价下修1次，成功下修0次,2021-11-11 开始转股,计算使用0.7年期 评级为AA- 债参考YTM：1.7434,Y,7.12,全价：120.650 最后更新：15:34:30,,,"按下调到底估算
股东大会：2026-09-23
预估转股价：9.51
预估转股价值：93.90
期权价值：10.11
理论价值：121.90
理论偏离度：-1.04%",1,[],0,0,N,,,buy,buy
2026-09-15 12:47:36,113649,丰山转债,fszz,127.339,-1.59,603810,丰山集团,fsjt,11.43,-4.11,1.17,13.61,83.98,0,51.63,178.97,220803,基础化工,shmb,C,2022-07-21,[],0,0,buy,AA-,,9.527,17.693,24.2,buy,2028-06-27,1.784,4.577,2790.95,2455.6,4.75,-4.69,,0,14:59:48,00,Y,N,0,0,Y,,2023-01-03 开始转股,计算使用1.8年期 评级为AA- 债参考YTM：1.9047,N,5.0,全价：127.339 最后更新：14:59:48,,,,1,[],0,0,N,,,buy,buy
2026-09-15 12:47:36,113680,丽岛转债,ldzz,132.992,-0.78,603937,丽岛新材,ldxc,11.31,-1.74,1.49,12.91,87.61,0,51.81,184.8,240301,有色金属,shmb,C,2023-12-05,[],0,0,buy,A+,,9.037,16.783,12.7,buy,2029-11-15,3.17,2.998,2263.69,2783.16,5.66,-3.19,,0,14:59:26,00,Y,N,0,0,Y,,2024-05-21 开始转股,计算使用3.2年期 评级为A+ 债参考YTM：4.5540,N,3.0,全价：132.992 最后更新：14:59:26,,,,0,[],0,0,N,,,buy,buy
2026-09-15 12:47:36,118012,微芯转债,wxzz,144.189,-0.35,688321,微芯生物,wxsw,24.05,-0.91,4.18,25.34,94.91,0,51.92,196.11,370102,医药生物,shkc,C,2022-07-28,[],0,0,buy,A+,,17.738,32.942,4.7,buy,2028-07-05,1.806,4.995,3541.4,7100.78,4.9,-10.85,,0,14:59:45,00,Y,N,0,0,Y,,2023-01-11 开始转股,计算使用1.9年期 评级为A+ 债参考YTM：4.2715,N,5.0,全价：144.189 最后更新：14:59:45,,,,1,{'M': ''},0,0,N,,,buy,buy
2026-09-15 12:47:36,123088,威唐转债,wtzz,115.033,-0.07,300707,威唐工业,wtgy,11.3,-3.75,1.75,14.97,75.48,0,52.39,167.42,280205,汽车,szcy,C,2021-01-06,[],0,0,buy,A+,,10.479,19.461,18.5,buy,2026-12-15,0.249,3.004,1576.0,3566.2,4.56,-0.12,,0,15:33:57,00,Y,N,1,1,Y,转股价下修1次，成功下修1次,2021-06-21 开始转股,计算使用0.3年期 评级为A+ 债参考YTM：4.0203,N,3.014,全价：115.033 最后更新：15:33:57,,,,1,[],0,0,N,,,buy,buy
2026-09-15 12:47:36,123195,蓝晓转02,lxz02,174.174,0.51,300487,蓝晓科技,lxkj,67.66,0.73,7.29,59.21,114.27,0,52.42,226.59,220504,基础化工,szcy,C,2023-05-08,[],0,0,buy,A+,,41.447,76.973,2.6,buy,2029-04-17,2.589,5.455,13613.82,35678.85,14.27,-13.84,,0,15:34:21,00,Y,N,0,0,Y,,2023-10-23 开始转股,计算使用2.6年期 评级为A+ 债参考YTM：4.4212,N,5.461,全价：174.174 最后更新：15:34:21,,,,0,{'M': ''},0,0,N,,,buy,buy
2026-09-15 12:47:36,127049,希望转2,xwz2,110.0,-0.4,000876,新希望,xxw,7.3,-1.08,1.73,10.13,72.06,0,52.64,162.64,110402,农林牧渔,szmb,C,2021-11-29,[],0,0,buy,AAA,,7.091,13.169,24.8,buy,2027-11-02,1.132,81.434,4640.4,26636.43,0.52,-1.14,,0,15:34:36,00,Y,N,1,1,Y,转股价下修1次，成功下修1次,2022-05-09 开始转股,计算使用1.2年期 评级为AAA 债参考YTM：1.5276,N,81.5,全价：110.000 最后更新：15:34:36,,,,1,{'M': ''},0,0,N,,,buy,buy
2026-09-15 12:47:36,123172,漱玉转债,syzz,124.979,-0.57,301017,漱玉平民,sypm,12.17,-0.49,2.35,14.91,81.62,0,53.12,178.1,370403,医药生物,szcy,C,2023-01-06,[],0,0,buy,AA-,,10.437,19.383,25.3,buy,2028-12-15,2.252,7.96,3254.21,5550.33,3.26,-3.13,,0,15:34:12,00,Y,N,1,1,Y,转股价下修1次，成功下修1次,2023-06-21 开始转股,计算使用2.3年期 评级为AA- 债参考YTM：1.9995,N,8.0,全价：124.979 最后更新：15:34:12,,,,0,{'M': ''},0,0,N,,,buy,buy
2026-09-15 12:47:36,123157,科蓝转债,klzz,131.898,-1.38,300663,科蓝软件,klrj,7.57,-3.81,10.99,8.8,86.02,0,53.33,185.23,710401,计算机,szcy,C,2022-09-20,[],0,0,buy,A-,,6.16,11.44,6.7,buy,2028-08-30,1.959,2.34,5920.88,14255.87,19.03,-5.88,,0,15:34:15,00,Y,N,2,2,Y,转股价下修2次，成功下修2次,2023-03-06 开始转股,计算使用2.0年期 评级为A- 债参考YTM：8.9905,N,4.946,全价：131.898 最后更新：15:34:15,,,,1,{'M': ''},0,0,N,,,buy,buy
2026-09-15 12:47:36,111022,锡振转债,xzzz,156.702,-0.11,605319,无锡振华,wxzh,22.88,-4.27,2.77,22.39,102.19,0,53.35,210.05,280205,汽车,shmb,C,2025-07-14,[],0,0,buy,AA-,,15.673,29.107,6.5,buy,2031-06-18,4.759,5.197,8476.07,15590.46,10.37,-5.94,,0,14:59:48,00,Y,N,0,0,Y,,2025-12-24 开始转股,计算使用4.8年期 评级为AA- 债参考YTM：2.3422,N,5.2,全价：156.702 最后更新：14:59:48,,,,0,[],0,0,N,,,buy,buy
2026-09-15 12:47:36,123268,本川转债,bczz,198.5,0.25,300964,本川智能,bczn,69.9,-2.28,6.62,54.13,129.13,38,53.72,252.22,270202,电子,szcy,C,2026-05-07,[],0,0,buy,AA-,,37.891,70.369,7.8,buy,2032-04-16,5.589,4.69,65188.35,73713.54,69.53,-8.88,,0,15:34:21,00,Y,N,0,0,Y,,未到转股期；2026-10-23 开始转股,计算使用5.6年期 评级为AA- 债参考YTM：2.6507,N,4.69,全价：198.500 最后更新：15:34:21,,,,0,{'M': ''},0,0,N,,,buy,buy
2026-09-15 12:47:36,118039,煜邦转债,ybzz,127.762,-0.72,688597,煜邦电力,ybdl,6.02,-2.59,2.46,7.3,82.47,0,54.93,182.69,630804,电力设备,shkc,C,2023-08-15,[],0,0,buy,A,,5.11,9.49,20.3,buy,2029-07-20,2.847,4.104,1746.64,2474.63,3.32,-3.15,,0,14:59:23,00,Y,N,0,0,Y,,2024-01-26 开始转股,计算使用2.9年期 评级为A 债参考YTM：6.8432,N,4.108,全价：127.762 最后更新：14:59:23,,,,0,{'M': ''},0,0,N,,,buy,buy
2026-09-15 12:47:36,113665,汇通转债,htzz,125.269,-1.03,603176,汇通集团,htjt,5.09,-4.32,2.16,6.31,80.67,0,55.29,180.56,620306,建筑装饰,shmb,C,2023-01-11,[],0,0,buy,A+,,4.417,8.203,15.3,buy,2028-12-15,2.252,3.596,2357.53,2225.3,5.22,-2.49,,0,14:59:48,00,Y,N,1,1,Y,转股价下修1次，成功下修1次,2023-06-21 开始转股,计算使用2.3年期 评级为A+ 债参考YTM：4.3510,N,3.6,全价：125.269 最后更新：14:59:48,,,,0,[],0,0,N,,,buy,buy
2026-09-15 12:47:36,110093,神马转债,smzz,120.6,-0.28,600810,神马股份,smgf,6.26,-1.73,0.73,8.08,77.48,0,55.66,176.26,220406,基础化工,shmb,C,2023-04-20,[],0,0,buy,AAA,,5.656,10.504,32.8,buy,2029-03-16,2.501,22.197,5929.54,2738.55,2.22,-3.67,,0,14:59:51,00,Y,N,0,0,Y,,2023-09-22 开始转股,计算使用2.6年期 评级为AAA 债参考YTM：1.6073,N,30.0,全价：120.600 最后更新：14:59:51,,,,0,{'M': ''},0,0,N,,,buy,buy
2026-09-15 12:47:36,127093,章鼓转债,zgzz,127.653,-0.27,002598,ST章鼓,sdzg,6.8,-1.59,1.58,8.3,81.93,0,55.81,183.46,640106,机械设备,szmb,C,2023-11-03,[],0,0,buy,A,,5.81,10.79,12.4,buy,2029-10-17,3.09,2.425,348.46,1175.07,1.12,-2.55,,0,15:34:48,00,Y,N,1,1,Y,转股价下修1次，成功下修1次,2024-04-23 开始转股,计算使用3.1年期 评级为A 债参考YTM：6.8868,N,2.43,全价：127.653 最后更新：15:34:48,,,,0,[],0,0,N,,,buy,buy
2026-09-15 12:47:36,123277,玉禾转债,yhzz,139.059,-0.67,300815,玉禾田,yht,14.48,-1.36,1.23,16.35,88.56,142,57.02,196.08,760103,环保,szcy,C,2026-08-14,[],0,0,buy,AA,,11.445,21.255,26.4,buy,2032-07-28,5.871,15.0,3510.17,3770.55,1.67,-3.43,,0,15:34:51,00,Y,N,0,0,Y,,未到转股期；2027-02-04 开始转股,计算使用5.9年期 评级为AA 债参考YTM：2.0084,N,15.0,全价：139.059 最后更新：15:34:51,,,,0,[],0,0,N,,,buy,buy
2026-09-15 12:47:36,127108,太能转债,tnzz,123.4,-0.2,000591,太阳能,tyn,4.35,0.0,0.7,5.54,78.52,0,57.16,180.56,410106,公用事业,szmb,C,2025-04-16,[],0,0,buy,AA+,,3.878,7.202,17.4,buy,2031-03-28,4.534,29.498,3993.97,20742.8,1.09,-1.21,,0,15:34:42,00,Y,N,0,0,Y,,2025-10-09 开始转股,计算使用4.6年期 评级为AA+ 债参考YTM：1.7700,N,29.5,全价：123.400 最后更新：15:34:42,,,,0,{'M': ''},0,0,N,,,buy,buy
2026-09-15 12:47:36,127059,永东转2,ydz2,127.535,-0.99,002753,永东股份,ydgf,6.57,-3.67,1.05,8.11,81.01,0,57.43,184.97,220603,基础化工,szmb,C,2022-05-16,[],0,0,buy,AA-,,5.677,10.543,19.5,buy,2028-04-08,1.564,3.79,6895.49,10979.37,14.19,-5.43,,0,15:34:21,00,Y,N,0,0,Y,,2022-10-14 开始转股,计算使用1.6年期 评级为AA- 债参考YTM：1.8664,N,3.8,全价：127.535 最后更新：15:34:21,,,,1,[],0,0,N,,,buy,buy
2026-09-15 12:47:36,123279,天脉转债,tmzz,175.644,0.77,301626,苏州天脉,sztm,297.6,2.93,21.41,267.33,111.32,146,57.78,233.42,270504,电子,szcy,C,2026-08-18,[],0,0,buy,AA,,187.131,347.529,5.0,buy,2032-08-02,5.885,7.86,17514.41,53304.35,12.66,-7.22,,0,15:33:54,00,Y,N,0,0,Y,,未到转股期；2027-02-08 开始转股,计算使用5.9年期 评级为AA 债参考YTM：2.0084,N,7.86,全价：175.644 最后更新：15:33:54,,,,0,{'M': ''},0,0,N,,,buy,buy
2026-09-15 12:47:36,127054,双箭转债,sjzz,122.086,-0.79,002381,双箭股份,sjgf,5.38,-2.54,1.04,6.96,77.3,0,57.94,180.03,220602,基础化工,szmb,C,2022-03-15,[],0,0,buy,AA,,4.872,9.048,29.2,buy,2028-02-11,1.408,5.136,3081.73,2848.38,4.9,-4.93,,0,15:34:00,00,Y,N,0,0,Y,,2022-08-17 开始转股,计算使用1.5年期 评级为AA 债参考YTM：1.5988,N,5.136,全价：122.086 最后更新：15:34:00,,,,1,[],0,0,N,,,buy,buy
2026-09-15 12:47:36,123269,金杨转债,jyzz,147.306,1.19,301210,金杨精密,jygf,26.28,1.0,2.08,28.24,93.06,41,58.29,205.6,630701,电力设备,szcy,C,2026-05-11,[],0,0,buy,AA-,,19.768,36.712,60.7,buy,2032-04-19,5.597,9.8,37282.61,12548.15,25.29,-4.57,,0,15:33:57,00,Y,N,0,0,Y,,未到转股期；2026-10-26 开始转股,计算使用5.6年期 评级为AA- 债参考YTM：2.6507,N,9.8,全价：147.306 最后更新：15:33:57,,,,0,{'M': ''},0,0,N,,,buy,buy
2026-09-15 12:47:36,127089,晶澳转债,jazz,116.92,-0.71,002459,晶澳科技,jakj,6.57,-1.35,1.1,8.9,73.82,0,58.38,175.3,630502,电力设备,szmb,C,2023-08-04,[],0,0,buy,AA+,,6.23,11.57,41.2,buy,2029-07-18,2.841,89.588,8997.79,13137.03,0.86,-1.75,,0,15:34:21,00,Y,N,3,2,Y,转股价下修3次，成功下修2次,2024-01-24 开始转股,计算使用2.9年期 评级为AA+ 债参考YTM：1.6696,N,89.603,全价：116.920 最后更新：15:34:21,,,,0,{'M': ''},0,0,N,,,buy,buy
2026-09-15 12:47:36,123261,普联转债,plzz,153.3,-1.34,300996,普联软件,plrj,12.55,-2.33,3.87,12.97,96.76,0,58.43,211.73,710401,计算机,szcy,C,2025-12-22,[],0,0,buy,A+,,9.079,16.861,5.8,buy,2031-12-05,5.225,2.428,19546.23,18225.76,51.6,-4.82,,0,15:34:36,00,Y,N,0,0,Y,,2026-06-11 开始转股,计算使用5.3年期 评级为A+ 债参考YTM：4.8068,N,2.43,全价：153.300 最后更新：15:34:36,,,,0,{'M': ''},0,0,N,,,buy,buy
2026-09-15 12:47:36,123280,三鑫转债,sxzz,147.809,-0.6,300453,三鑫医疗,sxyl,9.05,-2.48,3.16,9.72,93.11,148,58.75,206.56,370503,医药生物,szcy,C,2026-08-19,[],0,0,buy,AA-,,7.776,12.636,16.1,buy,2032-08-03,5.888,5.3,2491.79,4664.14,3.18,-4.41,,0,15:34:03,00,Y,N,0,0,Y,,未到转股期；2027-02-10 开始转股,计算使用5.9年期 评级为AA- 债参考YTM：2.8346,N,5.3,全价：147.809 最后更新：15:34:03,,,,0,[],0,0,N,,,buy,buy
2026-09-15 12:47:36,123183,海顺转债,hszz,125.048,-0.58,300501,海顺新材,hsxc,9.13,-1.83,1.76,11.63,78.5,0,59.29,184.34,360206,轻工制造,szcy,C,2023-04-20,[],0,0,buy,AA-,,8.141,15.119,25.0,buy,2029-03-23,2.521,6.329,1782.4,2087.39,2.25,-2.15,,0,15:34:21,00,Y,N,2,0,Y,转股价下修2次，成功下修0次,2023-10-09 开始转股,计算使用2.6年期 评级为AA- 债参考YTM：2.0703,N,6.33,全价：125.048 最后更新：15:34:21,,,,0,[],0,0,N,,,buy,buy
2026-09-15 12:47:36,123155,中陆转债,zlzz,128.443,-0.76,301040,中环海陆,zhhl,25.6,-1.92,3.39,31.76,80.61,0,59.35,187.79,630602,电力设备,szcy,C,2022-08-31,[],0,0,buy,A+,,22.232,41.288,14.9,buy,2028-08-12,1.91,3.6,2172.26,3568.82,4.68,-4.61,,0,15:34:12,00,Y,N,0,0,Y,,2023-02-20 开始转股,计算使用2.0年期 评级为A+ 债参考YTM：4.2905,N,3.6,全价：128.443 最后更新：15:34:12,,,,1,{'M': ''},0,0,N,,,buy,buy
2026-09-15 12:47:36,113694,清源转债,qyzz,124.652,-1.04,603628,清源股份,qygf,10.03,-3.84,2.05,12.85,78.05,0,59.7,184.35,630504,电力设备,shmb,C,2025-04-25,[],0,0,buy,A+,,8.995,16.705,18.3,buy,2031-04-08,4.564,4.999,3265.13,8370.44,5.22,-1.09,,0,14:59:52,00,Y,N,0,0,Y,,2025-10-14 开始转股,计算使用4.6年期 评级为A+ 债参考YTM：4.6849,N,5.0,全价：124.652 最后更新：14:59:52,,,,0,{'M': ''},0,0,N,,,buy,buy
2026-09-15 12:47:36,123237,佳禾转债,jhzz,130.01,-0.65,300793,佳禾智能,jhzn,10.95,-1.53,1.47,13.46,81.35,0,59.81,189.82,270504,电子,szcy,C,2024-01-24,[],0,0,buy,A+,,9.422,17.498,10.6,buy,2030-01-04,3.307,4.314,1184.56,3329.77,2.1,-3.12,,0,15:34:36,00,Y,N,1,1,Y,转股价下修1次，成功下修1次,2024-07-10 开始转股,计算使用3.4年期 评级为A+ 债参考YTM：4.5802,N,10.04,全价：130.010 最后更新：15:34:36,,,,0,[],0,0,N,,,buy,buy
2026-09-15 12:47:36,113688,国检转债,gjzz,134.247,-1.06,603060,国检集团,gjjt,5.4,-2.35,2.13,6.45,83.72,0,60.35,194.6,460802,社会服务,shmb,C,2024-11-12,[],0,0,buy,AA+,,4.515,8.385,18.4,buy,2030-10-17,4.09,7.997,2102.16,1933.57,1.95,-3.51,,0,14:59:01,00,Y,N,0,0,Y,,2025-04-23 开始转股,计算使用4.1年期 评级为AA+ 债参考YTM：1.7556,N,8.0,全价：134.247 最后更新：14:59:01,,,,0,[],0,0,N,,,buy,buy
2026-09-15 12:47:36,127111,金威转债,jwzz,134.989,-1.35,002626,金达威,jdw,16.14,-1.77,2.34,19.19,84.11,0,60.5,195.49,340407,食品饮料,szmb,C,2025-09-08,[],0,0,buy,AA,,13.433,24.947,13.1,buy,2031-08-20,4.932,12.924,3835.67,4322.33,2.19,-3.51,,0,15:34:30,00,Y,N,0,0,Y,,2026-02-26 开始转股,计算使用5.0年期 评级为AA 债参考YTM：1.8465,N,12.924,全价：134.989 最后更新：15:34:30,,,,0,{'M': ''},0,0,N,,,buy,buy
2026-09-15 12:47:36,123224,宇邦转债,ybzz,133.918,-1.52,301266,宇邦新材,ybxc,23.46,-3.22,1.79,28.17,83.28,0,60.8,194.72,630504,电力设备,szcy,C,2023-10-18,[],0,0,buy,A+,,19.719,36.621,9.0,buy,2029-09-19,3.014,2.848,2747.87,7869.66,7.17,-3.73,,0,15:34:27,00,Y,N,1,1,N,"转股价下修1次，成功下修1次
2026-09-11 起暂停转股：权益分派
转股价28.170生效日期2026-05-22",2024-03-25 开始转股;2026-09-11 起暂停转股：权益分派,计算使用3.1年期 评级为A+ 债参考YTM：4.5368,N,5.0,全价：133.918 最后更新：15:34:27,,,,0,{'M': ''},0,0,N,,,buy,buy
2026-09-15 12:47:36,113699,金25转债,j25zz,185.21,-1.48,603979,金诚信,jcx,72.3,-2.11,3.64,62.8,115.13,0,60.87,246.08,240302,有色金属,shmb,C,2025-10-27,[],0,0,buy,AA,,43.96,81.64,4.4,buy,2031-09-26,5.033,19.998,6344.49,32744.87,1.69,-9.05,,0,14:59:49,00,Y,N,0,0,Y,,2026-04-10 开始转股,计算使用5.1年期 评级为AA 债参考YTM：1.8539,N,20.0,全价：185.210 最后更新：14:59:49,,,,0,{'M': ''},0,0,N,,,buy,buy
2026-09-15 12:47:36,113678,中贝转债,zbzz,136.87,-1.02,603220,中贝通信,zbtx,17.4,-3.33,2.4,20.47,85.0,0,61.02,197.89,730103,通信,shmb,C,2023-11-21,[],0,0,buy,A+,,14.329,26.611,5.5,buy,2029-10-19,3.096,5.106,3552.0,27805.64,5.06,-4.14,,0,15:00:00,00,Y,N,2,1,Y,转股价下修2次，成功下修1次,2024-04-25 开始转股,计算使用3.1年期 评级为A+ 债参考YTM：4.5368,N,5.17,全价：136.870 最后更新：15:00:00,,,,0,{'M': ''},0,0,N,,,buy,buy
2026-09-15 12:47:36,127114,宜化转债,yhzz,135.33,-0.52,000422,湖北宜化,hbyh,11.81,-1.25,1.66,14.08,83.88,111,61.34,196.67,220801,基础化工,szmb,C,2026-07-14,[],0,0,buy,AA+,,9.856,18.304,26.2,buy,2032-06-25,5.781,33.0,4099.26,13856.99,0.92,-3.0,,0,15:34:45,00,Y,Y,0,0,Y,,未到转股期；2027-01-04 开始转股,计算使用5.8年期 评级为AA+ 债参考YTM：1.8697,N,33.0,全价：135.330 最后更新：15:34:45,,,,0,{'M': ''},0,0,N,,,buy,buy
2026-09-15 12:47:36,123278,合金转债,hjzz,167.688,-1.24,300697,电工合金,dghj,14.49,-1.23,4.82,13.98,103.65,143,61.79,229.48,240302,有色金属,szcy,C,2026-08-18,[],0,0,buy,AA-,,9.786,18.174,11.4,buy,2032-07-29,5.874,5.45,26869.58,15401.22,28.92,-6.47,,0,15:34:27,00,Y,N,0,0,Y,,未到转股期；2027-02-05 开始转股,计算使用5.9年期 评级为AA- 债参考YTM：2.8346,N,5.45,全价：167.688 最后更新：15:34:27,,,,0,[],0,0,N,,,buy,buy
2026-09-15 12:47:36,123281,中仑转债,zlzz,149.339,-0.57,301565,中仑新材,zlxc,18.63,-0.43,3.03,20.28,91.86,150,62.57,211.91,220505,基础化工,szcy,C,2026-08-24,[],0,0,buy,AA-,,14.196,26.364,44.8,buy,2032-08-05,5.893,10.68,6395.81,8208.23,4.0,-4.57,,0,15:34:45,00,Y,N,0,0,Y,,未到转股期；2027-02-12 开始转股,计算使用5.9年期 评级为AA- 债参考YTM：2.8346,N,10.68,全价：149.339 最后更新：15:34:45,,,,0,{'M': ''},0,0,N,,,buy,buy
2026-09-15 12:47:36,123119,康泰转2,ktz2,121.1,0.02,300601,康泰生物,ktsw,11.66,-2.1,1.35,15.69,74.32,0,62.96,184.06,370303,医药生物,szcy,C,2021-08-05,[],0,0,buy,AA,,10.983,20.397,19.0,buy,2027-07-15,0.83,19.99,6426.14,9402.86,2.65,-9.08,,0,15:33:57,00,Y,N,6,5,Y,转股价下修6次，成功下修5次,2022-01-21 开始转股,计算使用0.9年期 评级为AA 债参考YTM：1.5597,N,20.0,全价：121.100 最后更新：15:33:57,,,,1,{'M': ''},0,0,N,,,buy,buy
2026-09-15 12:47:36,118061,茂莱转债,mlzz,179.211,-1.0,688502,茂莱光学,mlgx,399.04,0.82,16.86,364.15,109.58,0,63.54,242.75,270303,电子,shkc,C,2025-12-10,[],0,0,buy,A+,,254.905,473.395,2.7,buy,2031-11-21,5.186,5.622,19978.53,32178.32,19.66,-7.87,,0,14:59:59,00,Y,N,0,0,Y,,2026-05-27 开始转股,计算使用5.2年期 评级为A+ 债参考YTM：4.7581,N,5.625,全价：179.211 最后更新：14:59:59,,,,0,"{'G': '本次（2026年5月28日至2026年7月3日）不提前赎回，以2026年10月4日首个交易日重新计算', 'M': ''}",0,0,N,,,buy,buy
2026-09-15 12:47:36,123271,通合转债,thzz,163.452,-1.42,300491,通合科技,thkj,33.15,-2.79,4.87,33.18,99.91,84,63.6,227.05,630306,电力设备,szcy,C,2026-06-17,[],0,0,buy,AA,,23.226,43.134,10.0,buy,2032-06-01,5.715,5.219,6571.16,21769.68,7.65,-5.5,,0,15:34:42,00,Y,N,0,0,Y,,未到转股期；2026-12-08 开始转股,计算使用5.8年期 评级为AA 债参考YTM：1.9878,N,5.22,全价：163.452 最后更新：15:34:42,,,,0,[],0,0,N,,,buy,buy
2026-09-15 12:47:36,127104,姚记转债,yjzz,138.277,-0.24,002605,姚记科技,yjkj,16.37,-0.61,1.79,19.38,84.47,0,63.7,201.98,720401,传媒,szmb,C,2024-02-26,[],0,0,buy,A+,,13.566,25.194,10.5,buy,2030-01-24,3.362,5.822,1370.24,4092.67,1.7,-4.17,,0,15:34:36,00,Y,N,0,0,Y,,2024-07-31 开始转股,计算使用3.4年期 评级为A+ 债参考YTM：4.5802,N,5.831,全价：138.277 最后更新：15:34:36,,,,0,[],0,0,N,,,buy,buy
2026-09-15 12:47:36,113696,伯25转债,b25zz,132.272,-0.66,603596,伯特利,btl,28.36,-0.63,3.02,35.16,80.66,0,63.99,196.26,280203,汽车,shmb,C,2025-07-28,[],0,0,buy,AA,,24.612,45.708,11.0,buy,2031-07-01,4.795,28.017,3928.5,29241.61,1.06,-3.2,,0,14:58:01,00,Y,N,0,0,Y,,2026-01-07 开始转股,计算使用4.8年期 评级为AA 债参考YTM：1.8382,N,28.02,全价：132.272 最后更新：14:58:01,,,,0,{'M': ''},0,0,N,,,buy,buy
2026-09-15 12:47:36,111025,圣泉转债,sqzz,154.302,1.39,605589,圣泉集团,sqjt,39.6,1.43,3.1,42.38,93.44,108,65.13,219.43,220504,基础化工,shmb,C,2026-07-21,[],0,0,buy,AA+,,29.666,55.094,7.5,buy,2032-06-24,5.778,25.0,22304.57,133391.69,5.76,-5.52,,0,14:59:59,00,Y,N,1,1,Y,转股价下修1次，成功下修1次,未到转股期；2027-01-01 开始转股,计算使用5.8年期 评级为AA+ 债参考YTM：1.8697,N,25.0,全价：154.302 最后更新：14:59:59,,,,0,{'M': ''},0,0,N,,,buy,buy
2026-09-15 12:47:36,111004,明新转债,mxzz,130.09,-0.49,605068,明新旭腾,mxxt,19.18,-2.04,1.88,24.37,78.7,0,65.29,195.38,280202,汽车,shmb,C,2022-04-25,[],0,0,buy,AA-,,17.059,31.681,21.6,buy,2028-03-30,1.54,6.715,7944.58,5514.71,9.01,-6.49,,0,14:59:48,00,Y,N,1,1,N,"转股价下修1次，成功下修1次
2026-09-15 至 2026-09-15 期间暂停转股：下修转股价
转股价24.370生效日期2026-07-06",2022-10-10 开始转股;2026-09-15 至 2026-09-15 期间暂停转股：下修转股价,计算使用1.6年期 评级为AA- 债参考YTM：1.8664,N,6.73,全价：130.090 最后更新：14:59:48,,,,1,[],0,0,N,,,buy,buy
2026-09-15 12:47:36,123272,中汽转债,zqzz,144.161,-0.22,301215,中汽股份,zqgf,5.19,-2.08,2.28,5.99,86.64,93,66.38,210.54,280303,汽车,szcy,C,2026-06-30,[],0,0,buy,AA+,,4.193,7.787,15.1,buy,2032-06-10,5.74,10.39,2972.79,3709.21,1.98,-4.29,,0,15:34:45,00,Y,N,0,0,Y,,未到转股期；2026-12-17 开始转股,计算使用5.8年期 评级为AA+ 债参考YTM：1.8697,N,10.39,全价：144.161 最后更新：15:34:45,,,,0,{'M': ''},0,0,N,,,buy,buy
2026-09-15 12:47:36,110100,龙建转债,ljzz,117.465,-0.48,600853,龙建股份,ljgf,3.24,-2.99,0.78,4.59,70.59,0,66.41,183.88,620306,建筑装饰,shmb,C,2026-02-12,[],0,0,buy,AA,,3.213,5.967,30.4,buy,2032-01-22,5.356,10.0,2804.94,2762.2,2.38,-0.65,,0,14:58:55,00,Y,N,0,0,Y,,2026-07-28 开始转股,计算使用5.4年期 评级为AA 债参考YTM：1.9005,N,10.0,全价：117.465 最后更新：14:58:55,,,,0,[],0,0,N,,,buy,buy
2026-09-15 12:47:36,113706,金帝转债,jdzz,187.346,4.12,603270,金帝股份,jdgf,34.47,4.77,3.19,30.62,112.57,98,66.42,253.77,640108,机械设备,shmb,C,2026-07-10,[],0,0,buy,AA,,21.434,39.806,39.8,buy,2032-06-14,5.751,9.7,287517.66,56329.29,156.47,-7.71,,0,15:00:00,00,Y,N,0,0,Y,,未到转股期；2026-12-22 开始转股,计算使用5.8年期 评级为AA 债参考YTM：1.9878,N,9.7,全价：187.346 最后更新：15:00:00,,,,0,{'M': ''},0,0,N,,,buy,buy
2026-09-15 12:47:36,110102,江农转债,jnzz,147.813,-1.81,600389,江山股份,jsgf,18.33,-3.88,1.84,20.64,88.81,127,66.44,214.25,220803,基础化工,shmb,C,2026-08-05,[],0,0,buy,AA+,,14.448,26.832,15.0,buy,2032-07-13,5.83,11.85,7189.57,22123.04,4.08,-4.62,,0,14:59:56,00,Y,N,0,0,Y,,未到转股期；2027-01-20 开始转股,计算使用5.9年期 评级为AA+ 债参考YTM：1.8839,N,11.85,全价：147.813 最后更新：14:59:56,,,,0,{'M': ''},1,0,N,,,buy,buy
2026-09-15 12:47:36,123122,富瀚转债,fhzz,122.212,-0.9,300613,富瀚微,fhw,67.12,0.4,4.78,91.5,73.36,0,66.6,188.81,270104,电子,szcy,C,2021-08-24,[],0,0,buy,A+,,64.05,118.95,3.9,buy,2027-08-06,0.89,5.801,3834.47,57513.41,5.37,-6.65,,0,15:34:06,00,Y,N,0,0,Y,,2022-02-14 开始转股,计算使用0.9年期 评级为A+ 债参考YTM：4.1119,N,5.812,全价：122.212 最后更新：15:34:06,,,,1,{'M': ''},0,0,N,,,buy,buy
2026-09-15 12:47:36,113652,伟22转债,w22zz,122.093,-0.2,603568,伟明环保,wmhb,13.93,-0.36,1.94,19.02,73.24,0,66.71,188.8,760103,环保,shmb,C,2022-08-12,[],0,0,buy,AA,,13.314,24.726,5.2,buy,2028-07-22,1.852,14.766,5244.82,5167.82,2.91,-4.69,,0,14:58:56,00,Y,N,2,2,Y,转股价下修2次，成功下修2次,2023-01-30 开始转股,计算使用1.9年期 评级为AA 债参考YTM：1.6326,N,14.77,全价：122.093 最后更新：14:58:56,,,,1,{'M': ''},0,0,N,,,buy,buy
2026-09-15 12:47:36,111026,派克转债,pkzz,161.313,-0.86,605123,派克新材,pkxc,78.37,-1.38,2.0,81.8,95.81,150,68.37,229.68,650201,国防军工,shmb,C,2026-08-25,[],0,0,buy,AA,,57.26,106.34,16.6,buy,2032-08-05,5.893,15.8,4406.49,7664.69,1.72,-5.85,,0,14:59:51,00,Y,N,0,0,Y,,未到转股期；2027-02-12 开始转股,计算使用5.9年期 评级为AA 债参考YTM：2.0084,N,15.8,全价：161.313 最后更新：14:59:51,,,,0,{'M': ''},0,0,N,,,buy,buy
2026-09-15 12:47:36,111020,合顺转债,hszz,131.66,-0.58,605166,聚合顺,jhs,8.2,-1.56,1.28,10.53,77.87,0,69.07,200.73,220406,基础化工,shmb,C,2024-08-15,[],0,0,buy,AA-,,7.371,13.689,13.1,buy,2030-07-22,3.852,3.38,1380.46,2554.43,3.09,-2.57,,0,14:59:15,00,Y,N,0,0,Y,,2025-01-27 开始转股,计算使用3.9年期 评级为AA- 债参考YTM：2.2689,N,3.38,全价：131.660 最后更新：14:59:15,,,,0,[],0,0,N,,,buy,buy
2026-09-15 12:47:36,127115,炬申转债,jszz,167.95,-2.48,001202,炬申股份,jsgf,13.45,-3.79,2.55,13.56,99.19,139,69.32,237.27,420802,交通运输,szmb,C,2026-08-13,[],0,0,buy,AA-,,9.492,17.628,24.2,buy,2032-07-23,5.858,3.8,4367.35,1919.65,6.76,-6.51,,0,15:34:30,00,Y,N,0,0,Y,,未到转股期；2027-02-01 开始转股,计算使用5.9年期 评级为AA- 债参考YTM：2.8346,N,3.8,全价：167.950 最后更新：15:34:30,,,,0,[],0,0,N,,,buy,buy
2026-09-15 12:47:36,113674,华设转债,hszz,126.671,-0.75,603018,华设集团,hsjt,5.17,-2.45,0.78,6.95,74.39,0,70.28,196.95,620601,建筑装饰,shmb,C,2023-08-15,[],0,0,buy,AA,,4.865,9.035,9.4,buy,2029-07-21,2.849,3.999,1066.16,3673.25,2.1,-3.3,,0,14:57:46,00,Y,N,0,0,N,2026-09-14 至 2026-09-18 期间暂停转股：权益分派,2024-01-29 开始转股;2026-09-14 至 2026-09-18 期间暂停转股：权益分派,计算使用2.9年期 评级为AA 债参考YTM：1.7086,N,4.0,全价：126.671 最后更新：14:57:46,,,,0,{'M': ''},0,0,N,,,buy,buy
2026-09-15 12:47:36,127102,浙建转债,zjzz,119.083,-0.52,002761,浙江建投,zjjt,7.11,-2.47,0.9,10.17,69.91,0,70.33,189.41,620101,建筑装饰,szmb,C,2024-01-16,[],0,0,buy,AA+,,7.119,13.221,12.9,buy,2029-12-25,3.28,9.951,4083.9,6063.45,3.44,-1.91,,0,15:34:33,00,Y,N,0,0,Y,,2024-07-01 开始转股,计算使用3.3年期 评级为AA+ 债参考YTM：1.6970,N,10.0,全价：119.083 最后更新：15:34:33,,,,0,{'M': ''},0,0,N,,,buy,buy
2026-09-15 12:47:36,110090,爱迪转债,adzz,125.625,-0.67,600933,爱柯迪,akd,12.63,-1.33,1.34,17.15,73.64,0,70.58,196.21,280203,汽车,shmb,C,2022-10-28,[],0,0,buy,AA,,12.005,22.295,12.7,buy,2028-09-23,2.025,15.695,3510.43,7227.46,1.77,-5.28,,0,14:59:13,00,Y,N,0,0,Y,,2023-03-29 开始转股,计算使用2.1年期 评级为AA 债参考YTM：1.6481,N,15.7,全价：125.625 最后更新：14:59:13,,,,0,{'M': ''},0,0,N,,,buy,buy
2026-09-15 12:47:36,123253,永贵转债,ygzz,129.3,-1.11,300351,永贵电器,ygdq,13.73,-1.58,2.15,18.19,75.48,0,71.3,200.6,640501,机械设备,szcy,C,2025-03-28,[],0,0,buy,AA-,,12.733,23.647,27.1,buy,2031-03-13,4.493,9.797,4092.94,6469.03,3.21,-2.13,,0,15:34:33,00,Y,N,0,0,Y,,2025-09-19 开始转股,计算使用4.5年期 评级为AA- 债参考YTM：2.3223,N,9.8,全价：129.300 最后更新：15:34:33,,,,0,{'M': ''},0,0,N,,,buy,buy
2026-09-15 12:47:36,113705,豪26转债,h26zz,134.689,-0.44,603809,豪能股份,hngf,8.42,-0.82,1.99,10.74,78.4,98,71.8,206.49,280203,汽车,shmb,C,2026-07-10,[],0,0,buy,AA-,,6.444,13.962,23.2,buy,2032-06-14,5.751,18.0,2514.34,4172.94,1.03,-2.94,,0,14:59:26,00,Y,N,0,0,Y,,未到转股期；2026-12-22 开始转股,计算使用5.8年期 评级为AA- 债参考YTM：2.7804,N,18.0,全价：134.689 最后更新：14:59:26,,,,0,{'M': ''},0,0,N,,,buy,buy
2026-09-15 12:47:36,127112,尚太转债,stzz,147.306,-2.93,001301,尚太科技,stkj,51.45,-2.74,2.6,60.02,85.72,0,71.84,219.15,630702,电力设备,szmb,C,2026-02-05,[],0,0,buy,AA+,,42.014,78.026,13.0,buy,2032-01-16,5.34,17.339,6191.2,19029.39,2.39,-5.16,,0,15:34:27,00,Y,N,0,0,Y,,2026-07-22 开始转股,计算使用5.4年期 评级为AA+ 债参考YTM：1.8112,N,17.34,全价：147.306 最后更新：15:34:27,,,,0,{'M': ''},0,0,N,,,buy,buy
2026-09-15 12:47:36,123282,震裕转02,zyz02,143.9,-0.07,300953,震裕科技,zykj,87.73,-1.12,4.37,104.85,83.67,160,71.98,215.88,630701,电力设备,szcy,C,2026-09-02,[],0,0,buy,AA-,,73.395,136.305,12.3,buy,2032-08-16,5.923,18.8,13712.24,39350.05,5.06,-3.94,,0,15:34:39,00,Y,N,0,0,Y,,未到转股期；2027-02-22 开始转股,计算使用6.0年期 评级为AA- 债参考YTM：2.8767,N,18.8,全价：143.900 最后更新：15:34:39,,,,0,{'M': ''},0,0,N,,,buy,buy
2026-09-15 12:47:36,110101,宝钛转债,btzz,142.005,-0.7,600456,宝钛股份,btgf,25.53,-1.28,1.68,30.98,82.41,106,72.32,214.33,240504,有色金属,shmb,C,2026-07-16,[],0,0,buy,AAA,,21.686,40.274,28.7,buy,2032-06-23,5.775,35.0,2927.38,8277.32,0.59,-4.45,,0,14:59:43,00,Y,N,0,0,Y,,未到转股期；2026-12-30 开始转股,计算使用5.8年期 评级为AAA 债参考YTM：1.7636,N,35.0,全价：142.005 最后更新：14:59:43,,,,0,{'M': ''},0,0,N,,,buy,buy
2026-09-15 12:47:36,110086,精工转债,jgzz,120.678,-0.48,600496,精工钢构,jggg,3.2,-0.62,0.69,4.57,70.02,0,72.34,193.02,620401,建筑装饰,shmb,C,2022-05-23,[],0,0,buy,AA,,3.199,5.941,31.4,buy,2028-04-22,1.603,19.999,1676.15,8145.56,0.69,-3.64,,0,14:59:59,00,Y,N,0,0,Y,,2022-10-28 开始转股,计算使用1.7年期 评级为AA 债参考YTM：1.6158,N,20.0,全价：120.678 最后更新：14:59:59,,,,1,{'M': ''},0,0,N,,,buy,buy
2026-09-15 12:47:36,111021,奥锐转债,arzz,132.957,0.06,605116,奥锐特,art,18.97,-0.78,2.88,24.6,77.11,0,72.42,205.38,370101,医药生物,shmb,C,2024-08-15,[],0,0,buy,AA-,,17.22,31.98,10.5,buy,2030-07-26,3.863,8.121,1832.59,1597.45,1.7,-2.81,,0,14:59:56,00,Y,N,0,0,Y,,2025-02-05 开始转股,计算使用3.9年期 评级为AA- 债参考YTM：2.2689,N,8.121,全价：132.957 最后更新：14:59:56,,,,0,[],0,0,N,,,buy,buy
2026-09-15 12:47:36,110095,双良转债,slzz,114.426,-0.99,600481,双良节能,sljn,4.1,-3.07,2.08,6.18,66.34,0,72.48,186.91,630501,电力设备,shmb,C,2023-09-08,[],0,0,buy,AA-,,4.326,8.034,16.5,buy,2029-08-08,2.899,14.006,2612.79,12651.26,1.62,-0.35,,0,14:59:51,00,Y,N,2,2,Y,转股价下修2次，成功下修2次,2024-02-19 开始转股,计算使用2.9年期 评级为AA- 债参考YTM：2.1431,N,26.0,全价：114.426 最后更新：14:59:51,,,,0,{'M': ''},0,0,N,,,buy,buy
2026-09-15 12:47:36,113682,益丰转债,yfzz,124.515,-0.39,603939,益丰药房,yfyf,22.67,0.04,2.27,31.44,72.11,0,72.68,197.2,370403,医药生物,shmb,C,2024-03-27,[],0,0,buy,AA,,22.008,40.872,6.5,buy,2030-03-04,3.469,17.968,3491.54,8971.35,1.56,-2.49,,0,14:58:57,00,Y,N,0,0,Y,,2024-09-09 开始转股,计算使用3.5年期 评级为AA 债参考YTM：1.7568,N,17.97,全价：124.515 最后更新：14:58:57,,,,0,{'M': ''},0,0,N,,,buy,buy
2026-09-15 12:47:36,123214,东宝转债,dbzz,125.668,-1.15,300239,东宝生物,dbsw,4.81,-3.61,1.63,6.62,72.66,0,72.96,198.63,370304,医药生物,szcy,C,2023-08-18,[],0,0,buy,A+,,4.634,8.606,16.0,buy,2029-07-31,2.877,4.549,795.34,2707.3,1.38,-2.64,,0,15:34:24,00,Y,N,0,0,Y,,2024-02-05 开始转股,计算使用2.9年期 评级为A+ 债参考YTM：4.4932,N,4.55,全价：125.668 最后更新：15:34:24,,,,0,[],0,0,N,,,buy,buy
2026-09-15 12:47:36,113698,凯众转债,kzzz,133.656,-0.73,603037,凯众股份,kzgf,9.69,-2.22,2.59,12.55,77.21,0,73.1,206.76,280203,汽车,shmb,C,2025-09-10,[],0,0,buy,AA-,,8.785,16.315,11.9,buy,2031-08-15,4.918,3.079,1042.1,2291.43,2.53,-3.31,,0,14:58:14,00,Y,N,0,0,Y,,2026-02-24 开始转股,计算使用5.0年期 评级为AA- 债参考YTM：2.3565,N,3.08,全价：133.656 最后更新：14:58:14,,,,0,[],0,0,N,,,buy,buy
2026-09-15 12:47:36,127069,小熊转债,xxzz,124.693,-0.72,002959,小熊电器,xxdq,31.46,-0.51,1.66,43.71,71.97,0,73.25,197.94,330301,家用电器,szmb,C,2022-09-07,[],0,0,buy,AA-,,30.597,56.823,11.5,buy,2028-08-12,1.91,5.041,1056.82,1458.13,1.68,-3.1,,0,15:34:27,00,Y,N,1,1,Y,转股价下修1次，成功下修1次,2023-02-20 开始转股,计算使用2.0年期 评级为AA- 债参考YTM：1.9405,N,5.36,全价：124.693 最后更新：15:34:27,,,,1,{'M': ''},0,0,N,,,buy,buy
2026-09-15 12:47:36,111018,华康转债,hkzz,123.824,-1.58,605077,华康股份,hkgf,11.39,-8.73,1.09,15.97,71.32,0,73.61,197.43,220315,基础化工,shmb,C,2024-01-15,[],0,0,buy,AA-,,11.179,20.761,38.2,buy,2029-12-25,3.28,13.022,8134.8,25802.08,5.03,-1.15,,0,14:59:58,00,Y,N,0,0,Y,,2024-07-01 开始转股,计算使用3.3年期 评级为AA- 债参考YTM：2.2167,N,13.03,全价：123.824 最后更新：14:59:58,,,,0,[],0,0,N,,,buy,buy
2026-09-15 12:47:36,127072,博实转债,bszz,132.222,-0.59,002698,博实股份,bsgf,11.27,-0.7,2.77,14.81,76.1,0,73.75,205.97,640701,机械设备,szmb,C,2022-11-03,[],0,0,buy,AA,,10.367,19.253,4.7,buy,2028-09-22,2.022,4.498,1055.0,5412.12,1.77,-6.68,,0,15:34:15,00,Y,N,0,0,Y,,2023-03-28 开始转股,计算使用2.1年期 评级为AA 债参考YTM：1.6481,N,4.5,全价：132.222 最后更新：15:34:15,,,,0,{'M': ''},0,0,N,,,buy,buy
2026-09-15 12:47:36,113692,保隆转债,blzz,126.907,-1.23,603197,保隆科技,blkj,28.59,-0.73,1.82,39.16,73.01,0,73.83,200.74,280205,汽车,shmb,C,2024-11-27,[],0,0,buy,AA,,27.412,50.908,23.0,buy,2030-10-31,4.129,13.897,3222.36,5087.86,1.82,-2.73,,0,14:58:59,00,Y,N,0,0,N,2026-09-15 起暂停转股：权益分派,2025-05-06 开始转股;2026-09-15 起暂停转股：权益分派,计算使用4.2年期 评级为AA 债参考YTM：1.8132,N,13.9,全价：126.907 最后更新：14:58:59,,,,0,{'M': ''},0,0,N,,,buy,buy
2026-09-15 12:47:36,123276,久吾转02,jwz02,156.7,-0.95,300631,久吾高科,jwgk,21.36,-0.19,1.96,23.78,89.82,132,74.45,231.15,760201,环保,szcy,C,2026-08-04,[],0,0,buy,A+,,16.646,30.914,11.5,buy,2032-07-19,5.847,3.0,5092.47,2459.77,10.77,-4.67,,0,15:34:00,00,Y,N,0,0,Y,,未到转股期；2027-01-25 开始转股,计算使用5.9年期 评级为A+ 债参考YTM：5.1845,N,3.0,全价：156.700 最后更新：15:34:00,,,,0,[],0,0,N,,,buy,buy
2026-09-15 12:47:36,123252,银邦转债,ybzz,130.862,-0.24,300337,银邦股份,ybgf,9.3,-1.06,4.18,12.5,74.4,0,75.89,206.75,240301,有色金属,szcy,C,2025-01-24,[],0,0,buy,AA-,,8.75,16.25,11.9,buy,2031-01-06,4.312,7.846,2125.07,7069.83,2.07,-2.49,,0,15:34:12,00,Y,N,0,0,Y,,2025-07-14 开始转股,计算使用4.4年期 评级为AA- 债参考YTM：2.3153,N,7.85,全价：130.862 最后更新：15:34:12,,,,0,{'M': ''},0,0,N,,,buy,buy
2026-09-15 12:47:36,123283,丰茂转债,fmzz,157.251,-2.34,301459,丰茂股份,fmgf,31.73,-1.73,2.59,35.59,89.15,162,76.38,233.63,220602,基础化工,szcy,C,2026-09-09,[],0,0,buy,AA-,,24.913,46.267,73.4,buy,2032-08-17,5.926,6.075,25762.78,1922.03,26.78,-5.38,,0,15:34:48,00,Y,N,0,0,Y,,未到转股期；2027-02-24 开始转股,计算使用6.0年期 评级为AA- 债参考YTM：2.8767,N,6.075,全价：157.251 最后更新：15:34:48,,,,0,{'M': ''},1,0,N,,,buy,buy
2026-09-15 12:47:36,118031,天23转债,t23zz,118.963,-0.49,688599,天合光能,thgn,10.75,-1.1,1.22,16.0,67.19,0,77.06,196.02,630502,电力设备,shkc,C,2023-03-15,[],0,0,buy,AA,,11.2,20.8,23.2,buy,2029-02-13,2.416,58.512,4329.82,20328.55,0.62,-0.24,,0,15:00:00,00,Y,N,2,2,Y,转股价下修2次，成功下修2次,2023-08-17 开始转股,计算使用2.5年期 评级为AA 债参考YTM：1.6785,N,88.648,全价：118.963 最后更新：15:00:00,,,,0,{'M': ''},0,0,N,,,buy,buy
2026-09-15 12:47:36,127083,山路转债,slzz,116.511,-0.93,000498,山东路桥,sdlq,4.87,-0.2,0.27,7.42,65.63,0,77.52,194.03,620306,建筑装饰,szmb,C,2023-04-26,[],0,0,buy,AAA,,5.194,9.646,68.5,buy,2029-03-24,2.523,48.359,3633.1,3099.17,0.64,-1.83,,0,15:34:18,00,Y,N,0,0,Y,,2023-10-09 开始转股,计算使用2.6年期 评级为AAA 债参考YTM：1.6073,N,48.36,全价：116.511 最后更新：15:34:18,,,,0,{'M': ''},0,0,N,,,buy,buy
2026-09-15 12:47:36,118052,浩瀚转债,hhzz,134.323,0.12,688292,浩瀚深度,hhsd,18.31,2.4,2.94,24.2,75.66,0,77.53,211.85,710103,计算机,shkc,C,2025-04-07,[],0,0,buy,A+,,16.94,31.46,12.2,buy,2031-03-13,4.493,3.539,47813.34,19561.65,97.88,-2.58,,0,15:00:00,00,Y,N,0,0,Y,,2025-09-19 开始转股,计算使用4.5年期 评级为A+ 债参考YTM：4.6798,N,3.54,全价：134.323 最后更新：15:00:00,,,,0,{'M': ''},0,0,N,,,buy,buy
2026-09-15 12:47:36,113703,翔26转债,x26zz,134.57,1.4,603112,华翔股份,hxgf,16.62,4.86,1.96,21.94,75.75,90,77.65,212.22,330601,家用电器,shmb,C,2026-07-07,[],0,0,buy,AA-,,15.358,28.522,14.6,buy,2032-06-07,5.732,13.01,9955.91,24495.46,5.68,-2.63,,0,15:00:00,00,Y,N,0,0,Y,,未到转股期；2026-12-14 开始转股,计算使用5.8年期 评级为AA- 债参考YTM：2.7804,N,13.01,全价：134.570 最后更新：15:00:00,,,,0,[],0,0,N,,,buy,buy
2026-09-15 12:47:36,123216,科顺转债,kszz,121.05,-0.43,300737,科顺股份,ksgf,4.47,-2.83,1.25,6.61,67.63,0,79.0,200.05,610304,建筑材料,szcy,C,2023-08-23,[],0,0,buy,AA-,,4.627,8.593,55.4,buy,2029-08-04,2.888,21.959,1326.83,6444.78,0.5,-0.81,,0,15:34:06,00,Y,N,2,1,Y,转股价下修2次，成功下修1次,2024-02-19 开始转股,计算使用2.9年期 评级为AA- 债参考YTM：2.1431,N,21.98,全价：121.050 最后更新：15:34:06,,,,0,{'M': ''},0,0,N,,,buy,buy
2026-09-15 12:47:36,118072,鼎通转债,dtzz,180.102,-0.37,688668,鼎通科技,dtkj,247.42,0.25,15.25,246.0,100.58,106,79.07,259.17,730204,通信,shkc,C,2026-07-17,[],0,0,buy,A+,,172.2,319.8,2.7,buy,2032-06-23,5.775,9.3,23189.61,70475.43,13.71,-7.17,,0,14:59:58,00,Y,N,1,1,Y,转股价下修1次，成功下修1次,未到转股期；2026-12-30 开始转股,计算使用5.8年期 评级为A+ 债参考YTM：5.1301,N,9.3,全价：180.102 最后更新：14:59:58,,,,0,{'M': ''},0,0,N,,,buy,buy
2026-09-15 12:47:36,123263,鼎捷转债,djzz,149.2,0.52,300378,鼎捷数智,djsz,35.89,0.28,3.89,43.42,82.66,0,80.5,229.7,710402,计算机,szcy,C,2025-12-31,[],0,0,buy,AA,,30.394,56.446,8.6,buy,2031-12-15,5.252,8.275,28019.27,61995.71,22.46,-5.13,,0,15:34:48,00,Y,N,0,0,Y,,2026-06-22 开始转股,计算使用5.3年期 评级为AA 债参考YTM：1.8817,N,8.28,全价：149.200 最后更新：15:34:48,,,,0,{'M': ''},0,0,N,,,buy,buy
2026-09-15 12:47:36,113053,隆22转债,l22zz,114.741,-0.85,601012,隆基绿能,ljln,11.08,-2.21,1.73,17.5,63.31,0,81.22,195.96,630502,电力设备,shmb,C,2022-02-17,[],0,0,buy,AAA,,12.25,22.75,8.3,buy,2028-01-05,1.307,69.951,6106.61,66491.03,0.76,-4.18,,0,14:59:23,00,Y,N,1,1,Y,转股价下修1次，成功下修1次,2022-07-11 开始转股,计算使用1.4年期 评级为AAA 债参考YTM：1.5362,N,70.0,全价：114.741 最后更新：14:59:23,,,,1,{'M': ''},0,0,N,,,buy,buy
2026-09-15 12:47:36,123109,昌红转债,chzz,128.5,1.02,300151,昌红科技,chkj,18.88,1.18,6.25,26.64,70.87,0,81.32,209.82,640209,机械设备,szcy,C,2021-04-19,[],0,0,buy,AA-,,18.648,34.632,6.6,buy,2027-04-01,0.543,4.595,9121.67,66312.82,15.44,-19.47,,0,15:33:57,00,Y,N,1,0,N,"转股价下修1次，成功下修0次
2026-09-11 至 2026-09-17 期间暂停转股：回售
转股价26.640生效日期2026-05-15",2021-10-08 开始转股;2026-09-11 至 2026-09-17 期间暂停转股：回售,计算使用0.6年期 评级为AA- 债参考YTM：1.7277,Y,4.6,全价：128.500 最后更新：15:33:57,,,"按下调到底估算
股东大会：2026-09-28
预估转股价：18.86
预估转股价值：100.11
期权价值：18.74
理论价值：132.68
理论偏离度：-3.25%",0,{'M': ''},0,0,Y,,,buy,buy
2026-09-15 12:47:36,123223,九典转02,jdz02,130.668,-0.62,300705,九典制药,jdzy,10.48,-2.15,2.02,14.55,72.03,0,81.41,212.08,370102,医药生物,szcy,C,2023-10-13,[],0,0,buy,A+,,10.185,18.915,5.3,buy,2029-09-15,3.0,2.052,1054.58,3298.63,3.92,-3.67,,0,15:34:30,00,Y,N,0,0,Y,,2024-03-21 开始转股,计算使用3.0年期 评级为A+ 债参考YTM：4.5162,N,3.6,全价：130.668 最后更新：15:34:30,,,,0,[],0,0,N,,,buy,buy
2026-09-15 12:47:36,113647,禾丰转债,hfzz,117.193,-0.19,603609,禾丰股份,hfgf,6.49,-2.55,0.89,10.09,64.32,0,82.2,199.39,110402,农林牧渔,shmb,C,2022-05-18,[],0,0,buy,AA,,7.063,13.117,25.0,buy,2028-04-22,1.603,14.669,2788.85,2334.99,1.62,-1.84,,0,14:58:22,00,Y,N,0,0,Y,,2022-10-28 开始转股,计算使用1.7年期 评级为AA 债参考YTM：1.6158,N,15.0,全价：117.193 最后更新：14:58:22,,,,0,{'M': ''},0,0,N,,,buy,buy
2026-09-15 12:47:36,118074,特宝转债,tbzz,155.763,-1.48,688278,特宝生物,tbsw,50.0,-2.53,6.58,58.56,85.38,141,82.43,238.19,370304,医药生物,shkc,C,2026-08-13,[],0,0,buy,AA+,,40.992,76.128,7.5,buy,2032-07-27,5.869,15.33,4501.47,13065.0,1.87,-5.59,,0,14:59:53,00,Y,N,0,0,Y,,未到转股期；2027-02-03 开始转股,计算使用5.9年期 评级为AA+ 债参考YTM：1.8839,N,15.33,全价：155.763 最后更新：14:59:53,,,,0,{'M': ''},1,0,N,,,buy,buy
2026-09-15 12:47:36,123220,易瑞转债,yrzz,126.99,-1.01,300942,易瑞生物,yrsw,6.15,-3.45,2.85,8.85,69.49,0,82.74,209.73,370504,医药生物,szcy,C,2023-09-06,[],0,0,buy,A+,,6.195,11.505,11.7,buy,2029-08-18,2.926,2.907,996.2,2858.61,2.69,-2.43,,0,15:34:09,00,Y,N,1,1,Y,转股价下修1次，成功下修1次,2024-02-26 开始转股,计算使用3.0年期 评级为A+ 债参考YTM：4.5162,N,3.28,全价：126.990 最后更新：15:34:09,,,,0,{'M': ''},0,0,N,,,buy,buy
2026-09-15 12:47:36,118071,华峰转债,hfzz,193.37,0.72,688200,华峰测控,hfck,354.7,2.36,9.73,335.33,105.78,105,82.81,276.18,270108,电子,shkc,C,2026-07-17,[],0,0,buy,AA,,234.731,435.929,1.0,buy,2032-06-22,5.773,7.49,62158.11,112796.3,42.09,-8.9,,0,15:00:00,00,Y,N,0,0,Y,,未到转股期；2026-12-29 开始转股,计算使用5.8年期 评级为AA 债参考YTM：1.9878,N,7.49,全价：193.370 最后更新：15:00:00,,,,0,{'M': ''},0,0,N,,,buy,buy
2026-09-15 12:47:36,118020,芳源转债,fyzz,119.616,0.39,688148,芳源股份,fygf,5.87,0.34,5.62,9.0,65.22,0,83.4,203.02,630702,电力设备,shkc,C,2022-11-07,[],0,0,buy,BBB,,6.3,11.7,21.4,buy,2028-09-23,2.025,6.417,1639.39,6455.98,2.14,2.7,,0,14:59:43,00,Y,N,3,2,Y,转股价下修3次，成功下修2次,2023-03-29 开始转股,计算使用2.1年期 评级为BBB 债参考YTM：15.2670,Y,6.42,全价：119.616 最后更新：14:59:43,,,"按下调到底估算
股东大会：2026-09-22
预估转股价：6.20
预估转股价值：94.68
期权价值：35.78
理论价值：131.35
理论偏离度：-9.81%",0,{'M': ''},0,0,N,,,buy,buy
2026-09-15 12:47:36,123262,神宇转债,syzz,130.357,-0.81,300563,神宇股份,sygf,27.09,-5.28,4.25,38.62,70.15,0,85.84,216.2,730205,通信,szcy,C,2025-12-30,[],0,0,buy,AA-,,27.034,50.206,14.1,buy,2031-12-11,5.241,4.999,9034.66,58504.11,13.81,-2.61,,0,15:34:42,00,Y,N,0,0,Y,,2026-06-17 开始转股,计算使用5.3年期 评级为AA- 债参考YTM：2.4583,N,5.0,全价：130.357 最后更新：15:34:42,,,,0,{'M': ''},0,0,N,,,buy,buy
2026-09-15 12:47:36,123259,锦浪转02,jlz02,139.498,-0.6,300763,锦浪科技,jlkj,54.31,-1.4,2.29,72.41,75.0,0,85.99,225.49,630503,电力设备,szcy,C,2025-11-06,[],0,0,buy,AA,,50.687,94.133,9.6,buy,2031-10-17,5.09,16.763,8691.51,31254.59,3.71,-3.88,,0,15:34:15,00,Y,N,1,1,Y,转股价下修1次，成功下修1次,2026-04-23 开始转股,计算使用5.1年期 评级为AA 债参考YTM：1.8539,N,16.766,全价：139.498 最后更新：15:34:15,,,,0,"{'G': '本次（2026年4月23日至2026年5月20日）不提前赎回，以2027年5月21日为首个交易日重新计算', 'M': ''}",0,0,N,,,buy,buy
2026-09-15 12:47:36,123193,海能转债,hnzz,124.657,-0.68,300787,海能实业,hnsy,9.71,-1.42,1.97,14.5,66.97,0,86.15,210.81,270504,电子,szcy,C,2023-05-09,[],0,0,buy,AA-,,10.15,18.85,31.4,buy,2029-04-13,2.578,5.997,3308.91,4655.38,4.4,-1.98,,0,15:34:18,00,Y,N,0,0,Y,,2023-10-19 开始转股,计算使用2.6年期 评级为AA- 债参考YTM：2.0703,N,6.0,全价：124.657 最后更新：15:34:18,,,,0,[],0,0,N,,,buy,buy
2026-09-15 12:47:36,113708,曙26转债,s26zz,140.304,0.09,603019,中科曙光,zksg,82.06,0.11,5.21,108.89,75.36,128,86.18,226.48,710103,计算机,shmb,C,2026-08-06,[],0,0,buy,AAA,,76.223,141.557,6.7,buy,2032-07-14,5.833,80.0,25240.73,114842.05,2.24,-4.38,,0,14:59:57,00,Y,N,0,0,Y,,未到转股期；2027-01-21 开始转股,计算使用5.9年期 评级为AAA 债参考YTM：1.7704,N,80.0,全价：140.304 最后更新：14:59:57,,,,0,{'M': ''},0,0,N,,,buy,buy
2026-09-15 12:47:36,113709,振26转债,z26zz,165.202,0.0,603067,振华股份,zhgf,35.68,-0.2,6.23,40.33,88.47,143,86.73,251.93,220203,基础化工,shmb,C,2026-08-17,[],0,0,buy,AA,,28.231,52.429,3.3,buy,2032-07-29,5.874,8.78,13256.93,60509.39,9.1,-6.25,,0,14:59:57,00,Y,N,0,0,Y,,未到转股期；2027-02-05 开始转股,计算使用5.9年期 评级为AA 债参考YTM：2.0084,N,8.78,全价：165.202 最后更新：14:59:57,,,,0,{'M': ''},0,0,N,,,buy,buy
2026-09-15 12:47:36,123168,惠云转债,hyzz,125.802,-0.88,300891,惠云钛业,hyty,7.22,-1.9,2.24,10.74,67.23,0,87.13,212.93,220206,基础化工,szcy,C,2022-12-14,[],0,0,buy,AA-,,7.518,13.962,20.3,buy,2028-11-23,2.192,4.899,1230.04,3462.11,1.99,-2.67,,0,15:34:18,00,Y,N,0,0,Y,,2023-05-29 开始转股,计算使用2.2年期 评级为AA- 债参考YTM：1.9781,N,4.9,全价：125.802 最后更新：15:34:18,,,,0,{'M': ''},0,0,N,,,buy,buy
2026-09-15 12:47:36,123229,艾录转债,alzz,129.52,-0.87,301062,上海艾录,shal,6.87,-3.65,2.19,9.95,69.05,0,87.59,217.11,360205,轻工制造,szcy,C,2023-11-20,[],0,0,buy,A,,6.965,12.935,9.4,buy,2029-10-23,3.107,1.779,608.66,5204.8,2.63,-2.41,,0,15:34:33,00,Y,N,0,0,Y,,2024-04-29 开始转股,计算使用3.2年期 评级为A 债参考YTM：6.9040,N,5.0,全价：129.520 最后更新：15:34:33,,,,0,{'M': ''},0,0,N,,,buy,buy
2026-09-15 12:47:36,118076,先锋转债,xfzz,179.948,-1.27,688605,先锋精科,xfjk,82.21,2.54,9.89,86.4,95.15,150,89.12,269.07,270108,电子,shkc,C,2026-08-26,[],0,0,buy,AA,,60.48,112.32,8.4,buy,2032-08-05,5.893,7.5,58375.96,43086.04,42.35,-7.59,,0,14:59:58,00,Y,N,0,0,Y,,未到转股期；2027-02-12 开始转股,计算使用5.9年期 评级为AA 债参考YTM：2.0084,N,7.5,全价：179.948 最后更新：14:59:58,,,,0,{'M': ''},0,0,N,,,buy,buy
2026-09-15 12:47:36,118037,上声转债,sszz,125.982,-0.16,688533,上声电子,ssdz,19.01,-0.89,1.76,28.64,66.38,0,89.8,215.78,280206,汽车,shkc,C,2023-08-01,[],0,0,buy,A+,,20.048,37.232,14.9,buy,2029-07-06,2.808,4.679,797.81,886.44,1.35,-3.37,,0,14:57:31,00,Y,N,2,1,Y,转股价下修2次，成功下修1次,2024-01-12 开始转股,计算使用2.9年期 评级为A+ 债参考YTM：4.4932,N,5.2,全价：125.982 最后更新：14:57:31,,,,0,{'M': ''},0,0,N,,,buy,buy
2026-09-15 12:47:36,113648,巨星转债,jxzz,116.5,-0.28,603477,巨星农牧,jxnm,15.13,-1.24,2.92,24.84,60.91,0,91.27,207.77,110702,农林牧渔,shmb,C,2022-05-17,[],0,0,buy,AA-,,17.388,32.292,11.7,buy,2028-04-25,1.611,8.997,2479.0,12956.51,2.36,-2.31,,0,14:59:50,00,Y,N,0,0,Y,,2022-10-31 开始转股,计算使用1.7年期 评级为AA- 债参考YTM：1.8856,N,10.0,全价：116.500 最后更新：14:59:50,,,,0,{'M': ''},0,0,N,,,buy,buy
2026-09-15 12:47:36,113702,斯达转债,sdzz,152.097,-1.51,603290,斯达半导,sdbd,82.46,0.08,2.86,104.79,78.69,37,93.28,245.38,270102,电子,shmb,C,2026-05-11,[],0,0,buy,AA+,,73.353,136.227,7.6,buy,2032-04-15,5.586,15.0,12615.79,22731.09,5.45,-5.46,,0,15:00:00,00,Y,N,0,0,Y,,未到转股期；2026-10-22 开始转股,计算使用5.6年期 评级为AA+ 债参考YTM：1.8397,N,15.0,全价：152.097 最后更新：15:00:00,,,,0,{'M': ''},1,0,N,,,buy,buy
2026-09-15 12:47:36,113707,科博转债,kbzz,154.876,-0.59,603786,科博达,kbd,36.5,-1.64,2.6,45.56,80.11,118,93.32,248.2,280206,汽车,shmb,C,2026-07-31,[],0,0,buy,AA+,,31.892,59.228,10.1,buy,2032-07-02,5.8,14.91,4062.69,8040.42,1.75,-5.58,,0,14:58:40,00,Y,N,0,0,Y,,未到转股期；2027-01-11 开始转股,计算使用5.8年期 评级为AA+ 债参考YTM：1.8697,N,14.91,全价：154.876 最后更新：14:58:40,,,,0,{'M': ''},1,0,N,,,buy,buy
2026-09-15 12:47:36,127038,国微转债,gwzz,118.0,-1.26,002049,紫光国微,zggw,59.19,-0.29,3.48,97.01,61.01,0,93.4,211.4,270104,电子,szmb,C,2021-07-14,[],0,0,buy,AA+,,67.907,126.113,3.0,buy,2027-06-10,0.734,14.915,4869.48,38611.23,2.75,-9.27,,0,15:34:33,00,Y,N,0,0,Y,,2021-12-17 开始转股,计算使用0.8年期 评级为AA+ 债参考YTM：1.5426,N,15.0,全价：118.000 最后更新：15:34:33,,,,1,{'M': ''},0,0,N,,,buy,buy
2026-09-15 12:47:36,113627,太平转债,tpzz,111.199,-0.48,603877,太平鸟,tpn,11.84,-2.47,1.25,20.61,57.45,0,93.57,204.77,350209,纺织服饰,shmb,C,2021-08-06,[],0,0,buy,AA,,14.427,26.793,14.4,buy,2027-07-15,0.83,7.996,2170.45,2226.62,2.43,-1.3,,0,14:59:06,00,Y,N,1,1,Y,转股价下修1次，成功下修1次,2022-01-21 开始转股,计算使用0.9年期 评级为AA 债参考YTM：1.5597,N,8.0,全价：111.199 最后更新：14:59:06,,,,0,{'M': ''},0,0,N,,,buy,buy
2026-09-15 12:47:36,123154,火星转债,hxzz,121.683,-0.37,300894,火星人,hxr,9.97,-1.29,4.12,16.0,62.31,0,95.28,216.96,330401,家用电器,szcy,C,2022-08-23,[],0,0,buy,A+,,11.2,20.8,18.0,buy,2028-08-05,1.89,5.289,1382.2,4906.13,2.14,-2.08,,0,15:34:06,00,Y,N,1,1,Y,转股价下修1次，成功下修1次,2023-02-13 开始转股,计算使用1.9年期 评级为A+ 债参考YTM：4.2715,N,5.29,全价：121.683 最后更新：15:34:06,,,,1,{'M': ''},0,0,N,,,buy,buy
2026-09-15 12:47:36,113679,芯能转债,xnzz,125.938,0.09,603105,芯能科技,xnkj,8.07,-4.16,1.83,12.55,64.3,0,95.85,221.79,410106,公用事业,shmb,C,2023-11-24,[],0,0,buy,AA-,,8.785,16.315,21.8,buy,2029-10-26,3.115,8.799,3897.71,31146.65,3.51,-1.71,,0,14:59:28,00,Y,N,0,0,Y,,2024-05-06 开始转股,计算使用3.2年期 评级为AA- 债参考YTM：2.2032,N,8.8,全价：125.938 最后更新：14:59:28,,,,0,{'M': ''},0,0,N,,,buy,buy
2026-09-15 12:47:36,118073,赛斯转债,sszz,148.618,-0.79,688480,赛恩斯,ses,66.79,-1.05,5.28,88.16,75.76,132,96.17,244.79,760104,环保,shkc,C,2026-08-12,[],0,0,buy,AA,,61.712,114.608,8.5,buy,2032-07-16,5.838,5.519,4052.92,10056.51,4.92,-4.56,,0,14:59:57,00,Y,N,0,0,Y,,未到转股期；2027-01-25 开始转股,计算使用5.9年期 评级为AA 债参考YTM：2.0084,N,5.519,全价：148.618 最后更新：14:59:57,,,,0,{'M': ''},1,0,N,,,buy,buy
2026-09-15 12:47:36,118063,金05转债,j05zz,138.953,-0.79,688676,金盘科技,jpkj,62.46,-0.11,5.43,88.6,70.5,0,97.11,236.06,630801,电力设备,shkc,C,2026-01-14,[],0,0,buy,AA+,,62.02,115.18,5.8,buy,2031-12-25,5.28,16.707,2875.98,36511.79,1.23,-4.13,,0,14:59:42,00,Y,N,0,0,Y,,2026-07-01 开始转股,计算使用5.3年期 评级为AA+ 债参考YTM：1.7989,N,16.71,全价：138.953 最后更新：14:59:42,,,,0,{'M': ''},1,0,N,,,buy,buy
2026-09-15 12:47:36,123260,卓镁转债,zmzz,140.52,0.52,301398,星源卓镁,xyzm,37.07,3.92,3.97,52.15,71.08,0,97.68,238.2,280202,汽车,szcy,C,2025-11-24,[],0,0,buy,A+,,36.505,67.795,11.1,buy,2031-11-07,5.148,4.499,5853.3,7148.46,9.31,-3.25,,0,15:34:18,00,Y,N,0,0,Y,,2026-05-13 开始转股,计算使用5.2年期 评级为A+ 债参考YTM：4.7581,N,4.5,全价：140.520 最后更新：15:34:18,,,,0,{'M': ''},0,0,N,,,buy,buy
2026-09-15 12:47:36,113701,祥和转债,xhzz,137.219,-0.15,603500,祥和实业,xhsy,9.25,-0.32,2.89,13.37,69.19,0,98.34,235.56,640501,机械设备,shmb,C,2026-03-26,[],0,0,buy,A+,,9.359,17.381,13.0,buy,2032-03-03,5.469,4.0,1467.78,2331.01,2.67,-2.63,,0,14:59:20,00,Y,N,0,0,Y,,2026-09-09 开始转股,计算使用5.5年期 评级为A+ 债参考YTM：4.9314,N,4.0,全价：137.219 最后更新：14:59:20,,,,0,[],0,0,N,,,buy,buy
2026-09-15 12:47:36,118024,冠宇转债,gyzz,120.686,-1.81,688772,珠海冠宇,zhgy,13.69,-0.51,2.17,22.51,60.82,0,98.44,219.13,630701,电力设备,shkc,C,2022-11-17,[],0,0,buy,AA,,15.757,27.012,19.8,buy,2028-10-24,2.11,30.889,5453.38,14312.95,1.45,-2.19,,0,14:59:59,00,Y,N,0,0,Y,,2023-04-28 开始转股,计算使用2.2年期 评级为AA 债参考YTM：1.6558,N,30.89,全价：120.686 最后更新：14:59:59,,,,0,{'M': ''},0,0,N,120%,,buy,buy
2026-09-15 12:47:36,123275,肇民转债,zmzz,133.75,-0.41,301000,肇民科技,zmkj,22.7,-1.18,4.26,33.76,67.24,122,98.92,232.67,280205,汽车,szcy,C,2026-07-24,[],0,0,buy,AA-,,23.632,43.888,11.3,buy,2032-07-08,5.816,5.9,1822.51,3570.69,2.31,-2.79,,0,15:34:18,00,Y,N,0,0,Y,,未到转股期；2027-01-15 开始转股,计算使用5.9年期 评级为AA- 债参考YTM：2.8346,N,5.9,全价：133.750 最后更新：15:34:18,,,,0,{'M': ''},0,0,N,,,buy,buy
2026-09-15 12:47:36,118070,南芯转债,nxzz,145.399,-0.52,688484,南芯科技,nxkj,31.81,-0.28,3.4,43.71,72.78,101,99.79,245.19,270105,电子,shkc,C,2026-07-10,[],0,0,buy,AA+,,30.597,56.823,11.6,buy,2032-06-17,5.759,15.869,7771.87,12992.48,3.34,-4.42,,0,14:59:52,00,Y,N,0,0,Y,,未到转股期；2026-12-25 开始转股,计算使用5.8年期 评级为AA+ 债参考YTM：1.8697,N,15.869,全价：145.399 最后更新：14:59:52,,,,0,{'M': ''},0,0,N,,,buy,buy
2026-09-15 12:47:36,123215,铭利转债,mlzz,120.801,-0.37,301268,铭利达,mld,11.6,-1.61,3.13,19.19,60.45,0,99.84,220.64,640108,机械设备,szcy,C,2023-08-23,[],0,0,buy,A+,,13.433,24.947,20.3,buy,2029-08-03,2.885,8.555,1203.8,2428.81,1.16,0.2,,0,15:34:27,00,Y,N,1,1,Y,转股价下修1次，成功下修1次,2024-02-19 开始转股,计算使用2.9年期 评级为A+ 债参考YTM：4.4932,N,10.0,全价：120.801 最后更新：15:34:27,,,,0,{'M': ''},0,0,N,,,buy,buy
2026-09-15 12:47:36,113656,嘉诚转债,jczz,117.957,-0.44,603535,嘉诚国际,jcgj,6.08,-2.41,1.2,10.33,58.86,0,100.41,218.37,420805,交通运输,shmb,C,2022-10-12,[],0,0,buy,A+,,7.231,13.429,25.7,buy,2028-09-01,1.964,7.998,1084.34,2817.83,1.15,-0.42,,0,14:59:49,00,Y,N,0,0,Y,,2023-03-07 开始转股,计算使用2.0年期 评级为A+ 债参考YTM：4.2905,N,8.0,全价：117.957 最后更新：14:59:49,,,,1,[],0,0,N,,,buy,buy
2026-09-15 12:47:36,127068,顺博转债,sbzz,118.8,-1.16,002996,顺博合金,sbhj,5.88,-2.65,1.15,10.0,58.8,0,102.04,220.84,240301,有色金属,szmb,C,2022-09-07,[],0,0,buy,AA-,,7.0,13.0,30.8,buy,2028-08-12,1.91,8.3,2429.27,3410.54,2.46,-3.99,,0,15:34:12,00,Y,N,2,2,Y,转股价下修2次，成功下修2次,2023-02-20 开始转股,计算使用2.0年期 评级为AA- 债参考YTM：1.9405,N,8.3,全价：118.800 最后更新：15:34:12,,,,1,[],0,0,N,,,buy,buy
2026-09-15 12:47:36,113671,武进转债,wjzz,125.112,-0.69,603878,武进不锈,wjbx,4.87,-2.4,1.07,7.88,61.8,0,102.44,227.55,230403,钢铁,shmb,C,2023-08-03,[],0,0,buy,AA,,5.516,10.244,11.3,buy,2029-07-10,2.819,3.093,1748.47,4511.68,4.49,-3.51,,0,14:59:30,00,Y,N,0,0,Y,,2024-01-15 开始转股,计算使用2.9年期 评级为AA 债参考YTM：1.7086,N,3.1,全价：125.112 最后更新：14:59:30,,,,0,[],0,0,N,,,buy,buy
2026-09-15 12:47:36,113634,珀莱转债,plzz,120.952,-0.48,603605,珀莱雅,bly,56.32,-0.97,3.32,94.27,59.74,0,102.45,223.4,770202,美容护理,shmb,C,2022-01-04,[],0,0,buy,AA,,65.989,122.551,3.4,buy,2027-12-08,1.23,7.507,2620.04,18812.49,2.88,-2.84,,0,14:59:50,00,Y,N,0,0,N,2026-09-09 至 2026-09-15 期间暂停转股：回售,2022-06-14 开始转股;2026-09-09 至 2026-09-15 期间暂停转股：回售,计算使用1.3年期 评级为AA 债参考YTM：1.5828,N,7.517,全价：120.952 最后更新：14:59:50,,,,0,{'M': ''},0,0,Y,,,buy,buy
2026-09-15 12:47:36,118065,艾为转债,awzz,133.024,0.17,688798,艾为电子,awdz,52.14,-0.76,2.86,79.4,65.67,0,102.57,235.59,270105,电子,shkc,C,2026-02-26,[],0,0,buy,AA+,,55.58,103.22,26.9,buy,2032-01-22,5.356,19.01,5637.89,14520.85,2.22,-3.13,,0,14:59:58,00,Y,N,0,0,Y,,2026-07-28 开始转股,计算使用5.4年期 评级为AA+ 债参考YTM：1.8112,N,19.01,全价：133.024 最后更新：14:59:58,,,,0,{'M': ''},0,0,N,,,buy,buy
2026-09-15 12:47:36,127044,蒙娜转债,mnzz,116.26,-0.63,002918,蒙娜丽莎,mnls,11.31,-3.33,1.4,19.76,57.24,0,103.12,219.38,360306,轻工制造,szmb,C,2021-09-16,[],0,0,buy,AA-,,13.832,25.688,13.9,buy,2027-08-16,0.918,3.368,2881.34,35375.09,7.36,-3.99,,0,15:34:06,00,Y,N,1,1,Y,转股价下修1次，成功下修1次,2022-02-21 开始转股,计算使用1.0年期 评级为AA- 债参考YTM：1.7738,N,11.689,全价：116.260 最后更新：15:34:06,,,,1,[],0,0,N,,,buy,buy
2026-09-15 12:47:36,127085,韵达转债,ydzz,118.358,-1.01,002120,韵达股份,ydgf,6.68,-1.04,0.9,11.53,57.94,0,104.29,222.65,420804,交通运输,szmb,C,2023-05-23,[],0,0,buy,AA+,,8.071,14.989,13.0,buy,2029-04-11,2.573,24.499,3030.73,11866.41,1.04,-2.4,,0,15:34:27,00,Y,N,0,0,Y,,2023-10-17 开始转股,计算使用2.6年期 评级为AA+ 债参考YTM：1.6500,N,24.5,全价：118.358 最后更新：15:34:27,,,,0,{'M': ''},0,0,N,,,buy,buy
2026-09-15 12:47:36,123274,维科转债,wkzz,136.112,-1.03,301499,维科精密,wkjm,23.66,-2.07,2.51,35.62,66.42,111,104.92,241.03,280206,汽车,szcy,C,2026-07-10,[],0,0,buy,A+,,24.934,46.306,19.3,buy,2032-06-25,5.781,6.3,1322.9,2522.14,1.53,-2.49,,0,15:34:24,00,Y,N,0,0,Y,,未到转股期；2027-01-04 开始转股,计算使用5.8年期 评级为A+ 债参考YTM：5.1301,N,6.3,全价：136.112 最后更新：15:34:24,,,,0,{'M': ''},1,0,N,,,buy,buy
2026-09-15 12:47:36,113655,欧22转债,o22zz,118.184,-0.62,603833,欧派家居,opjj,29.28,-0.88,0.96,51.29,57.09,0,107.02,225.2,360308,轻工制造,shmb,C,2022-09-01,[],0,0,buy,AA,,35.903,66.677,11.3,buy,2028-08-05,1.89,19.999,4448.74,5033.21,1.88,-2.0,,0,14:58:53,00,Y,N,1,1,Y,转股价下修1次，成功下修1次,2023-02-13 开始转股,计算使用1.9年期 评级为AA 债参考YTM：1.6326,N,20.0,全价：118.184 最后更新：14:58:53,,,,0,{'M': ''},0,0,N,,,buy,buy
2026-09-15 12:47:36,118069,爱科转债,akzz,151.411,-1.49,688092,爱科科技,akkj,20.76,-4.51,2.58,28.49,72.87,93,107.79,259.2,640209,机械设备,shkc,C,2026-07-09,[],0,0,buy,AA-,,19.943,37.037,15.6,buy,2032-06-10,5.74,2.67,2321.03,1697.73,5.71,-4.38,,0,14:59:59,00,Y,N,0,0,Y,,未到转股期；2026-12-17 开始转股,计算使用5.8年期 评级为AA- 债参考YTM：2.7804,N,2.67,全价：151.411 最后更新：14:59:59,,,,0,{'M': ''},1,0,N,,,buy,buy
2026-09-15 12:47:36,123264,双乐转债,slzz,121.35,-0.19,301036,双乐股份,slgf,21.16,-2.89,1.26,36.4,58.13,0,108.75,230.1,220305,基础化工,szcy,C,2026-01-16,[],0,0,buy,AA-,,25.48,47.32,54.3,buy,2031-12-26,5.282,8.0,1941.42,1580.76,2.0,-1.24,,0,15:34:33,00,Y,N,0,0,Y,,2026-07-06 开始转股,计算使用5.3年期 评级为AA- 债参考YTM：2.4583,N,8.0,全价：121.350 最后更新：15:34:33,,,,0,{'M': ''},0,0,N,,,buy,buy
2026-09-15 12:47:36,113666,爱玛转债,amzz,120.882,-0.36,603529,爱玛科技,amkj,21.44,-2.06,1.83,37.06,57.85,0,108.95,229.83,280401,汽车,shmb,C,2023-03-20,[],0,0,buy,AA,,25.942,48.178,11.0,buy,2029-02-23,2.444,19.994,4703.81,10736.0,1.95,-2.66,,0,14:59:17,00,Y,N,0,0,Y,,2023-09-01 开始转股,计算使用2.5年期 评级为AA 债参考YTM：1.6785,N,20.0,全价：120.882 最后更新：14:59:17,,,,0,{'M': ''},0,0,N,,,buy,buy
2026-09-15 12:47:36,123266,博士转债,bszz,138.0,-0.43,300622,博士眼镜,bsyj,14.07,-1.95,4.84,21.38,65.81,9,109.7,247.7,450401,商贸零售,szcy,C,2026-04-07,[],0,0,buy,AA,,14.966,27.794,12.1,buy,2032-03-17,5.507,3.75,1800.85,5531.77,3.48,-3.21,,0,15:34:36,00,Y,N,0,0,Y,,未到转股期；2026-09-24 开始转股,计算使用5.6年期 评级为AA 债参考YTM：1.9435,N,3.75,全价：138.000 最后更新：15:34:36,,,,0,[],0,0,N,,,buy,buy
2026-09-15 12:47:36,123113,仙乐转债,xlzz,114.424,-0.13,300791,仙乐健康,xljk,17.27,-1.88,1.75,31.69,54.5,0,109.97,224.39,340407,食品饮料,szcy,C,2021-05-14,[],0,0,buy,AA-,,22.183,41.197,23.0,buy,2027-04-19,0.592,10.248,2123.04,2463.5,1.81,-2.1,,0,15:34:00,00,Y,N,0,0,Y,,2021-10-25 开始转股,计算使用0.6年期 评级为AA- 债参考YTM：1.7277,N,10.249,全价：114.424 最后更新：15:34:00,,,,0,[],0,0,N,,,buy,buy
2026-09-15 12:47:36,123192,科思转债,kszz,123.549,-0.15,300856,科思股份,ksgf,10.17,-0.39,1.76,17.32,58.72,0,110.41,233.96,770201,美容护理,szcy,C,2023-05-11,[],0,0,buy,AA-,,12.124,22.516,15.4,buy,2029-04-13,2.578,7.187,1754.47,1978.4,1.97,-1.63,,0,15:34:27,00,Y,N,0,0,Y,,2023-10-19 开始转股,计算使用2.6年期 评级为AA- 债参考YTM：2.0703,N,7.249,全价：123.549 最后更新：15:34:27,,,,0,{'M': ''},0,0,N,,,buy,buy
2026-09-15 12:47:36,113638,台21转债,t21zz,122.646,0.18,603055,台华新材,thxc,9.32,-0.43,1.5,16.01,58.21,0,110.68,233.33,350106,纺织服饰,shmb,C,2022-01-21,[],0,0,buy,AA,,11.207,20.813,7.2,buy,2027-12-29,1.288,5.997,2536.91,4372.65,3.45,-5.73,,0,14:59:01,00,Y,N,0,0,Y,,2022-07-05 开始转股,计算使用1.3年期 评级为AA 债参考YTM：1.5828,N,6.0,全价：122.646 最后更新：14:59:01,,,,0,{'M': ''},0,0,N,,,buy,buy
2026-09-15 12:47:36,123138,丝路转债,slzz,124.835,-0.69,300556,丝路视觉,slsj,15.48,-2.33,4.54,26.53,58.35,0,113.95,238.79,710401,计算机,szcy,C,2022-03-22,[],0,0,buy,A-,,18.571,34.489,14.2,buy,2028-03-02,1.463,2.393,1053.98,6634.41,3.51,-4.12,,0,15:34:06,00,Y,N,0,0,Y,,2022-09-08 开始转股,计算使用1.5年期 评级为A- 债参考YTM：8.8838,N,2.4,全价：124.835 最后更新：15:34:06,,,,0,[],0,0,N,,,buy,buy
2026-09-15 12:47:36,123196,正元转02,zyz02,125.001,-0.89,300645,正元智慧,zyzh,12.75,-3.19,1.63,21.91,58.19,0,114.81,239.81,710103,计算机,szcy,C,2023-05-19,[],0,0,buy,A+,,15.337,28.483,19.7,buy,2029-04-18,2.592,3.501,1196.66,4000.71,2.73,-2.14,,0,15:34:00,00,Y,N,2,1,Y,转股价下修2次，成功下修1次,2023-10-24 开始转股,计算使用2.6年期 评级为A+ 债参考YTM：4.4212,N,3.507,全价：125.001 最后更新：15:34:00,,,,0,[],0,0,N,,,buy,buy
2026-09-15 12:47:36,118075,奥普转债,apzz,203.21,-2.7,688686,奥普特,apt,140.62,1.09,5.39,149.83,93.85,142,116.52,319.73,640704,机械设备,shkc,C,2026-08-19,[],0,0,buy,AA,,104.881,194.779,7.4,buy,2032-07-28,5.871,12.7,52124.98,22073.84,19.73,-9.53,,0,15:00:00,00,Y,N,0,0,Y,,未到转股期；2027-02-04 开始转股,计算使用5.9年期 评级为AA 债参考YTM：2.0084,N,12.7,全价：203.210 最后更新：15:00:00,,,,0,{'M': ''},0,0,N,,,buy,buy
2026-09-15 12:47:36,118067,上26转债,s26zz,129.168,-0.02,688533,上声电子,ssdz,19.01,-0.89,1.76,32.25,58.95,9,119.13,248.3,280206,汽车,shkc,C,2026-04-14,[],0,0,buy,A+,,22.575,41.925,10.4,buy,2032-03-17,5.507,3.25,876.49,886.44,2.08,-1.67,,0,14:56:47,00,Y,N,0,0,Y,,未到转股期；2026-09-24 开始转股,计算使用5.6年期 评级为A+ 债参考YTM：4.9998,N,3.25,全价：129.168 最后更新：14:56:47,,,,0,{'M': ''},0,0,N,,,buy,buy
2026-09-15 12:47:36,113700,海天转债,htzz,127.974,-0.99,603759,海天股份,htgf,7.24,-1.9,1.15,12.41,58.34,0,119.36,247.33,760102,环保,shmb,C,2026-03-12,[],0,0,buy,AA,,8.687,16.133,24.0,buy,2032-02-05,5.395,8.01,1862.2,2098.02,1.81,-2.23,,0,14:58:55,00,Y,N,0,0,Y,,2026-08-11 开始转股,计算使用5.4年期 评级为AA 债参考YTM：1.9005,N,8.01,全价：127.974 最后更新：14:58:55,,,,0,[],0,0,N,,,buy,buy
2026-09-15 12:47:36,113625,江山转债,jszz,115.808,-0.1,603208,江山欧派,jsop,10.42,-4.58,1.85,19.84,52.52,0,120.5,236.31,360308,轻工制造,shmb,C,2021-07-01,[],0,0,buy,A,,13.888,25.792,31.8,buy,2027-06-11,0.737,5.825,1407.85,2503.68,2.09,2.58,,0,14:59:37,00,Y,N,1,1,N,"转股价下修1次，成功下修1次
2026-09-09 至 2026-09-15 期间暂停转股：回售
转股价19.840生效日期2025-06-13",2021-12-20 开始转股;2026-09-09 至 2026-09-15 期间暂停转股：回售,计算使用0.8年期 评级为A 债参考YTM：6.4571,N,5.83,全价：115.808 最后更新：14:59:37,,,,0,[],0,0,Y,,,buy,buy
2026-09-15 12:47:36,111009,盛泰转债,stzz,120.892,-0.48,605138,盛泰集团,stjt,5.76,-4.16,1.27,10.51,54.81,0,120.59,241.48,350209,纺织服饰,shmb,C,2022-12-01,[],0,0,buy,AA,,7.357,13.663,21.9,buy,2028-11-07,2.148,7.011,3211.82,2152.67,3.79,-3.04,,0,14:59:02,00,Y,N,0,0,Y,,2023-05-11 开始转股,计算使用2.2年期 评级为AA 债参考YTM：1.6558,N,7.012,全价：120.892 最后更新：14:59:02,,,,0,[],0,0,N,,,buy,buy
2026-09-15 12:47:36,123267,珂玛转债,kmzz,206.7,-0.53,301611,珂玛科技,kmkj,90.25,4.95,20.8,97.47,92.59,37,123.24,329.94,270103,电子,szcy,C,2026-05-13,[],0,0,buy,AA,,68.229,126.711,5.7,buy,2032-04-15,5.586,7.5,43479.12,79530.51,27.85,-10.27,,0,15:33:54,00,Y,N,0,0,Y,,未到转股期；2026-10-22 开始转股,计算使用5.6年期 评级为AA 债参考YTM：1.9435,N,7.5,全价：206.700 最后更新：15:33:54,,,,0,{'M': ''},0,0,N,,,buy,buy
2026-09-15 12:47:36,113616,韦尔转债,wezz,109.492,-0.01,603501,豪威集团,hwjt,77.52,-0.5,2.98,159.02,48.75,0,124.61,234.1,270104,电子,shmb,C,2021-01-22,[],0,0,buy,AA+,,111.314,206.726,2.6,buy,2026-12-28,0.285,24.324,9690.33,55182.05,3.64,1.63,,0,14:59:05,00,Y,N,0,0,Y,,2021-07-05 开始转股,计算使用0.3年期 评级为AA+ 债参考YTM：1.4983,N,24.4,全价：109.492 最后更新：14:59:05,,,,0,{'M': ''},0,0,N,,,buy,buy
2026-09-15 12:47:36,123265,耐普转02,npz02,130.396,-0.56,300818,耐普矿机,npkj,17.02,-1.33,1.99,29.42,57.85,0,125.4,255.8,640103,机械设备,szcy,C,2026-01-30,[],0,0,buy,A+,,20.594,38.246,18.6,buy,2032-01-16,5.34,4.499,854.68,2320.54,1.45,-1.74,,0,15:34:51,00,Y,N,0,0,Y,,2026-07-22 开始转股,计算使用5.4年期 评级为A+ 债参考YTM：4.8658,N,4.5,全价：130.396 最后更新：15:34:51,,,,0,[],0,0,N,,,buy,buy
2026-09-15 12:47:36,127062,垒知转债,lzzz,122.046,-0.75,002398,垒知集团,lzjt,4.09,-2.62,0.74,7.56,54.1,0,125.59,247.64,610303,建筑材料,szmb,C,2022-05-20,[],0,0,buy,AA-,,5.292,9.828,16.1,buy,2028-04-21,1.6,3.957,647.06,4460.24,1.33,-2.64,,0,15:34:24,00,Y,N,0,0,Y,,2022-10-27 开始转股,计算使用1.6年期 评级为AA- 债参考YTM：1.8664,N,3.963,全价：122.046 最后更新：15:34:24,,,,0,[],0,0,N,,,buy,buy
2026-09-15 12:47:36,113693,志邦转债,zbzz,120.211,-0.47,603801,志邦家居,zbjj,5.79,-4.61,0.85,11.13,52.02,0,131.08,251.29,360308,轻工制造,shmb,C,2025-04-08,[],0,0,buy,AA,,7.791,14.469,26.6,buy,2031-03-18,4.507,6.7,3090.39,5385.27,3.85,-1.13,,0,14:59:28,00,Y,N,0,0,Y,,2025-09-24 开始转股,计算使用4.6年期 评级为AA 债参考YTM：1.8310,N,6.7,全价：120.211 最后更新：14:59:28,,,,0,[],0,0,N,,,buy,buy
2026-09-15 12:47:36,123175,百畅转债,bczz,114.1,-0.77,300614,百川畅银,bccy,9.85,-5.47,1.84,20.4,48.28,0,136.31,250.41,760103,环保,szcy,C,2023-03-17,[],0,0,buy,BBB+,,14.28,26.52,26.6,buy,2029-02-22,2.441,4.199,2461.24,3847.46,5.13,0.8,,0,15:34:18,00,Y,N,3,2,Y,转股价下修3次，成功下修2次,2023-08-28 开始转股,计算使用2.5年期 评级为BBB+ 债参考YTM：12.2610,N,4.2,全价：114.100 最后更新：15:34:18,,,,0,{'M': ''},0,0,N,,,buy,buy
2026-09-15 12:47:36,118022,锂科转债,lkzz,118.15,-0.12,688779,五矿新能,wkxn,7.56,-0.79,1.93,15.49,48.81,0,142.08,260.23,630702,电力设备,shkc,C,2022-11-07,[],0,0,buy,AA,,10.843,20.137,22.3,buy,2028-10-11,2.074,32.497,2184.97,8768.41,0.57,-2.04,,0,14:59:53,00,Y,N,0,0,Y,,2023-04-17 开始转股,计算使用2.1年期 评级为AA 债参考YTM：1.6481,N,32.5,全价：118.150 最后更新：14:59:53,,,,0,{'M': ''},0,0,N,,,buy,buy
2026-09-15 12:47:36,118068,迪威转债,dwzz,126.184,-0.32,688377,迪威尔,dwe,16.78,0.3,2.05,32.49,51.65,86,144.32,270.5,640203,机械设备,shkc,C,2026-06-30,[],0,0,buy,AA-,,22.743,42.237,23.2,buy,2032-06-03,5.721,9.08,1632.87,3141.43,1.42,-1.83,,0,14:59:53,00,Y,N,0,0,Y,,未到转股期；2026-12-10 开始转股,计算使用5.8年期 评级为AA- 债参考YTM：2.7804,N,9.08,全价：126.184 最后更新：14:59:53,,,,0,{'M': ''},0,0,N,,,buy,buy
2026-09-15 12:47:36,111014,李子转债,lzzz,120.345,-0.31,605337,李子园,lzy,8.85,-2.32,2.08,18.21,48.6,0,147.63,267.98,340701,食品饮料,shmb,C,2023-07-13,[],0,0,buy,AA,,12.747,23.673,17.5,buy,2029-06-20,2.764,5.999,2063.12,2402.69,2.86,-1.56,,0,14:59:25,00,Y,N,0,0,Y,,2023-12-28 开始转股,计算使用2.8年期 评级为AA 债参考YTM：1.7011,N,6.0,全价：120.345 最后更新：14:59:25,,,,0,[],0,0,Y,,,buy,buy
2026-09-15 12:47:36,123090,三诺转债,snzz,111.478,-0.05,300298,三诺生物,snsw,15.43,0.52,2.79,34.52,44.7,0,149.4,260.88,370502,医药生物,szcy,C,2021-01-12,[],0,0,buy,AA,,24.164,44.876,7.2,buy,2026-12-21,0.266,4.984,2518.32,4050.87,4.53,1.76,,0,15:33:54,00,Y,N,0,0,Y,,2021-06-25 开始转股,计算使用0.3年期 评级为AA 债参考YTM：1.5083,N,5.0,全价：111.478 最后更新：15:33:54,,,,0,{'M': ''},0,0,N,,,buy,buy
2026-09-15 12:47:36,118015,芯海转债,xhzz,125.756,-0.47,688595,芯海科技,xhkj,27.78,0.04,5.57,55.22,50.31,0,149.97,275.73,270104,电子,shkc,C,2022-08-18,[],0,0,buy,A+,,38.654,71.786,10.2,buy,2028-07-21,1.849,4.1,894.15,3533.56,1.73,-3.69,,0,14:59:47,00,Y,N,0,0,Y,,2023-01-30 开始转股,计算使用1.9年期 评级为A+ 债参考YTM：4.2715,N,4.1,全价：125.756 最后更新：14:59:47,,,,0,{'M': ''},0,0,N,,,buy,buy
2026-09-15 12:47:36,118042,奥维转债,awzz,122.893,-0.29,688516,奥特维,atw,40.6,0.05,3.37,83.69,48.51,0,153.32,276.21,630505,电力设备,shkc,C,2023-09-01,[],0,0,buy,AA-,,58.583,108.797,8.9,buy,2029-08-10,2.904,11.399,4279.59,18256.89,3.05,-1.27,,0,14:58:40,00,Y,N,0,0,Y,,2024-02-19 开始转股,计算使用3.0年期 评级为AA- 债参考YTM：2.1662,N,11.4,全价：122.893 最后更新：14:58:40,,,,0,{'M': ''},0,0,N,,,buy,buy
2026-09-15 12:47:36,113650,博22转债,b22zz,120.814,-0.24,603916,苏博特,sbt,10.38,-1.52,1.0,23.27,44.61,0,170.84,291.65,220309,基础化工,shmb,C,2022-07-28,[],0,0,buy,AA-,,16.289,30.251,18.3,buy,2028-07-01,1.795,7.996,1491.42,5877.03,1.54,-1.79,,0,14:58:56,00,Y,N,0,0,Y,,2023-01-09 开始转股,计算使用1.8年期 评级为AA- 债参考YTM：1.9047,N,8.0,全价：120.814 最后更新：14:58:56,,,,0,{'M': ''},0,0,N,,,buy,buy
2026-09-15 12:47:36,118066,统联转债,tlzz,125.986,-0.78,688210,统联精密,tljm,25.76,-2.83,3.3,55.96,46.03,0,173.69,299.68,270504,电子,shkc,C,2026-03-20,[],0,0,buy,AA-,,39.172,72.748,13.7,buy,2032-03-02,5.466,5.76,1398.55,12426.04,1.92,-1.88,,0,14:59:55,00,Y,N,0,0,Y,,2026-09-07 开始转股,计算使用5.5年期 评级为AA- 债参考YTM：2.5826,N,5.76,全价：125.986 最后更新：14:59:55,,,,0,{'M': ''},0,0,N,,,buy,buy
2026-09-15 12:47:36,127098,欧晶转债,ojzz,122.277,-0.74,001269,欧晶科技,ojkj,18.57,-1.28,4.91,42.0,44.21,0,176.56,298.84,630504,电力设备,szmb,C,2023-12-15,[],0,0,buy,A+,,29.4,54.6,13.1,buy,2029-11-24,3.195,4.693,1166.66,3814.21,2.02,-1.64,,0,15:34:33,00,Y,N,1,1,Y,转股价下修1次，成功下修1次,2024-05-30 开始转股,计算使用3.2年期 评级为A+ 债参考YTM：4.5540,N,4.7,全价：122.277 最后更新：15:34:33,,,,0,[],0,0,N,,,buy,buy
2026-09-15 12:47:36,123117,健帆转债,jfzz,109.561,-0.05,300529,健帆生物,jfsw,14.86,-0.54,3.43,38.15,38.95,0,181.28,290.84,370503,医药生物,szcy,C,2021-07-12,[],0,0,buy,AA,,26.705,49.595,13.1,buy,2027-06-23,0.77,9.998,2339.57,3734.26,2.13,0.52,,0,15:34:00,00,Y,N,2,2,Y,转股价下修2次，成功下修2次,2021-12-29 开始转股,计算使用0.8年期 评级为AA 债参考YTM：1.5550,N,10.0,全价：109.561 最后更新：15:34:00,,,,0,{'M': ''},0,0,N,,,buy,buy
2026-09-15 12:47:36,113049,长汽转债,cqzz,106.324,-0.24,601633,长城汽车,ccqc,14.6,-0.75,1.43,38.74,37.69,0,182.12,288.44,280502,汽车,shmb,C,2021-07-08,[],0,0,buy,AAA,,27.118,50.362,3.9,buy,2027-06-10,0.734,34.95,7237.41,24042.72,1.95,0.87,,0,14:59:55,00,Y,N,0,0,Y,,2021-12-17 开始转股,计算使用0.8年期 评级为AAA 债参考YTM：1.5226,N,35.0,全价：106.324 最后更新：14:59:55,,,,1,{'M': ''},0,0,N,,,buy,buy
2026-09-15 12:47:36,123180,浙矿转债,zkzz,128.653,-0.65,300837,浙矿股份,zkgf,21.45,-2.5,1.5,47.59,45.07,0,185.44,314.09,640203,机械设备,szcy,C,2023-03-28,[],0,0,buy,AA-,,33.313,61.867,19.7,buy,2029-03-09,2.482,3.196,1162.62,4343.52,2.82,-3.32,,0,15:34:12,00,Y,N,0,0,Y,,2023-09-15 开始转股,计算使用2.5年期 评级为AA- 债参考YTM：2.0460,N,3.2,全价：128.653 最后更新：15:34:12,,,,0,[],0,0,N,,,buy,buy
2026-09-15 12:47:36,118010,洁特转债,jtzz,123.114,-1.17,688026,洁特生物,jtsw,20.32,-4.11,2.39,47.88,42.44,0,190.09,313.2,370503,医药生物,shkc,C,2022-08-02,[],0,0,buy,A+,,33.516,62.244,15.4,buy,2028-06-28,1.786,4.399,1023.47,11118.24,1.88,-5.31,,0,15:00:00,00,Y,N,0,0,Y,,2023-01-04 开始转股,计算使用1.8年期 评级为A+ 债参考YTM：4.2505,N,4.4,全价：123.114 最后更新：15:00:00,,,,0,{'M': ''},0,0,N,,,buy,buy
2026-09-15 12:47:36,123250,嘉益转债,jyzz,122.0,-0.16,301004,嘉益股份,jygf,33.08,1.38,2.47,79.66,41.53,0,193.79,315.79,360311,轻工制造,szcy,C,2024-11-26,[],0,0,buy,A+,,55.762,103.558,8.8,buy,2030-11-07,4.148,3.955,1147.47,1891.82,2.37,-0.67,,0,15:34:42,00,Y,N,0,0,N,2026-09-15 起暂停转股：权益分派,2025-05-13 开始转股;2026-09-15 起暂停转股：权益分派,计算使用4.2年期 评级为A+ 债参考YTM：4.6598,N,3.979,全价：122.000 最后更新：15:34:42,,,,0,{'M': ''},0,0,N,,,buy,buy
2026-09-15 12:47:36,113670,金23转债,j23zz,121.155,-0.43,603180,金牌家居,jpjj,15.03,-3.03,0.9,37.54,40.04,0,202.61,323.77,360308,轻工制造,shmb,C,2023-05-16,[],0,0,buy,AA,,26.278,48.802,33.2,buy,2029-04-17,2.589,7.7,1973.58,1438.0,2.11,-0.93,,0,14:58:02,00,Y,N,0,0,Y,,2023-10-23 开始转股,计算使用2.6年期 评级为AA 债参考YTM：1.6860,N,7.7,全价：121.155 最后更新：14:58:02,,,,0,[],0,0,N,,,buy,buy
2026-09-15 12:47:36,123151,康医转债,kyzz,117.817,-0.49,300869,康泰医学,ktyx,10.54,-1.13,2.52,27.55,38.26,0,207.96,325.78,370502,医药生物,szcy,C,2022-07-20,[],0,0,buy,A+,,19.285,35.815,25.2,buy,2028-07-01,1.795,6.998,1043.53,2866.78,1.26,-0.15,,0,15:34:06,00,Y,N,0,0,Y,,2023-01-09 开始转股,计算使用1.8年期 评级为A+ 债参考YTM：4.2505,N,7.0,全价：117.817 最后更新：15:34:06,,,,0,{'M': ''},0,0,N,,,buy,buy
2026-09-15 12:47:36,113660,寿22转债,s22zz,122.597,0.2,603896,寿仙谷,sxg,14.08,-1.95,1.22,36.84,38.22,0,220.77,343.37,370201,医药生物,shmb,C,2022-12-12,[],0,0,buy,AA-,,25.788,47.892,14.2,buy,2028-11-17,2.175,3.977,785.35,1691.57,1.61,-2.76,,0,14:59:01,00,Y,N,0,0,Y,,2023-05-23 开始转股,计算使用2.2年期 评级为AA- 债参考YTM：1.9781,N,3.98,全价：122.597 最后更新：14:59:01,,,,0,[],0,0,N,,,buy,buy
2026-09-15 12:47:36,128135,洽洽转债,qqzz,114.819,0.01,002557,洽洽食品,qqsp,18.18,-0.66,1.81,54.95,33.09,0,247.05,361.87,340801,食品饮料,szmb,C,2020-11-18,[],0,0,buy,AA,,38.465,71.435,14.6,buy,2026-10-20,0.096,13.398,3210.84,5459.85,2.09,1.69,,0,15:34:48,00,Y,N,0,0,Y,,2021-04-26 开始转股,计算使用0.1年期 评级为AA 债参考YTM：1.4990,N,13.4,全价：114.819 最后更新：15:34:48,,,,1,"{'R': '到期\n最后交易日：2026-10-14\n最后转股日：2026-10-19\n债券到期日：2026-10-20\n到期赎回价：115.000元/张', 'M': ''}",0,0,N,,,buy,buy
2026-09-15 12:47:36,110085,通22转债,t22zz,113.057,-0.74,600438,通威股份,twgf,11.15,-1.06,1.49,34.6,32.23,0,250.83,363.89,630501,电力设备,shmb,C,2022-03-18,[],0,0,buy,AAA,,24.22,44.98,23.9,buy,2028-02-24,1.444,119.831,6121.59,24299.01,0.45,-1.41,,0,14:59:59,00,Y,N,0,0,Y,,2022-09-02 开始转股,计算使用1.5年期 评级为AAA 债参考YTM：1.5417,N,120.0,全价：113.057 最后更新：14:59:59,,,,0,{'M': ''},0,0,N,,,buy,buy
2026-09-15 12:47:36,118032,建龙转债,jlzz,122.999,-0.63,688357,建龙微纳,jlwn,24.9,-1.85,1.35,71.41,34.87,0,252.75,375.75,220309,基础化工,shkc,C,2023-04-07,[],0,0,buy,AA-,,49.987,92.833,28.1,buy,2029-03-08,2.48,6.999,715.42,1535.43,0.83,-1.52,,0,14:58:44,00,Y,N,0,0,Y,,2023-09-14 开始转股,计算使用2.5年期 评级为AA- 债参考YTM：2.0460,N,7.0,全价：122.999 最后更新：14:58:44,,,,0,{'M': ''},0,0,N,,,buy,buy
2026-09-15 12:47:36,123273,三江转债,sjzz,302.7,-1.06,301059,金三江,jsj,12.34,0.24,4.27,14.43,85.52,100,253.97,556.67,220309,基础化工,szcy,C,2026-07-03,[],0,0,buy,A+,,10.101,18.759,11.4,buy,2032-06-16,5.756,2.9,38773.71,2606.5,44.05,-15.15,,0,15:34:48,00,Y,N,0,0,Y,,未到转股期；2026-12-24 开始转股,计算使用5.8年期 评级为A+ 债参考YTM：5.1301,N,2.9,全价：302.700 最后更新：15:34:48,,,,0,{'M': ''},0,0,N,,,buy,buy
2026-09-15 12:47:36,118005,天奈转债,tnzz,119.781,-0.21,688116,天奈科技,tnkj,33.1,1.88,3.12,99.01,33.43,0,258.29,378.07,630702,电力设备,shkc,C,2022-03-01,[],0,0,buy,AA-,,69.307,128.713,6.8,buy,2028-01-27,1.367,8.299,1618.03,20585.06,1.62,-4.98,,0,14:58:40,00,Y,N,0,0,Y,,2022-08-09 开始转股,计算使用1.4年期 评级为AA- 债参考YTM：1.8294,N,8.3,全价：119.781 最后更新：14:58:40,,,,0,{'M': ''},0,0,N,,,buy,buy
2026-09-15 12:47:36,123072,乐歌转债,lgzz,119.741,0.0,300729,乐歌股份,lggf,10.25,-1.25,0.98,32.61,31.43,0,280.95,400.69,360311,轻工制造,szcy,C,2020-11-10,[],0,0,buy,A+,,22.827,42.393,4.2,buy,2026-10-21,0.099,1.418,783.34,1617.98,4.61,2.26,,0,15:33:54,00,Y,N,0,0,Y,,2021-04-27 开始转股,计算使用0.1年期 评级为A+ 债参考YTM：3.9992,N,1.42,全价：119.741 最后更新：15:33:54,,,,0,{'R': '到期\n最后交易日：2026-10-15\n最后转股日：2026-10-20\n债券到期日：2026-10-21\n到期赎回价：120.000元/张'},0,0,N,,,buy,buy
2026-09-15 12:47:36,113633,科沃转债,kwzz,111.213,0.08,603486,科沃斯,kws,50.48,1.06,2.87,172.97,29.18,0,281.07,392.28,330302,家用电器,shmb,C,2021-12-29,[],0,0,buy,AA,,121.079,224.861,3.6,buy,2027-11-30,1.208,10.396,3015.0,13440.58,2.61,0.44,,0,14:59:24,00,Y,N,0,0,Y,,2022-06-06 开始转股,计算使用1.3年期 评级为AA 债参考YTM：1.5828,N,10.4,全价：111.213 最后更新：14:59:24,,,,0,{'M': ''},0,0,N,,,buy,buy
2026-09-15 12:47:36,123270,盛德转债,sdzz,208.6,-2.71,300881,盛德鑫泰,sdxt,28.8,-2.11,2.38,53.68,53.65,83,288.81,497.41,230501,钢铁,szcy,C,2026-06-12,[],0,0,buy,A+,,37.576,69.784,24.5,buy,2032-05-31,5.712,4.05,10121.36,2238.66,11.77,-9.63,,0,15:34:39,00,Y,N,0,0,Y,,未到转股期；2026-12-07 开始转股,计算使用5.8年期 评级为A+ 债参考YTM：5.1301,N,4.05,全价：208.600 最后更新：15:34:39,,,,0,{'M': ''},0,0,N,,,buy,buy
2026-09-15 12:47:36,127025,冀东转债,jdzz,105.757,-0.03,000401,金隅冀东,jyjd,3.48,-1.97,0.35,12.92,26.94,0,292.64,398.4,610101,建筑材料,szmb,C,2020-12-02,[],0,0,buy,AAA,,9.044,16.796,19.4,buy,2026-11-05,0.14,17.764,2786.92,3706.68,1.48,1.68,,0,15:34:21,00,Y,Y,0,0,Y,,2021-05-11 开始转股,计算使用0.2年期 评级为AAA 债参考YTM：1.4730,N,28.2,全价：105.757 最后更新：15:34:21,,,,0,{'M': ''},0,0,N,,,buy,buy
2026-09-15 12:47:36,123179,立高转债,lgzz,120.718,-0.48,300973,立高食品,lgsp,24.84,-2.4,1.55,94.64,26.25,0,359.93,480.65,340802,食品饮料,szcy,C,2023-03-27,[],0,0,buy,AA-,,66.248,123.032,32.3,buy,2029-03-07,2.477,9.499,1834.99,3224.11,1.6,-0.66,,0,15:34:09,00,Y,N,0,0,Y,,2023-09-13 开始转股,计算使用2.5年期 评级为AA- 债参考YTM：2.0460,N,9.5,全价：120.718 最后更新：15:34:09,,,,0,{'M': ''},0,0,N,,,buy,buy
2026-09-15 12:47:36,113059,福莱转债,flzz,115.6,-0.15,601865,福莱特,flt,9.32,-0.75,1.01,41.56,22.43,0,415.49,531.09,630504,电力设备,shmb,C,2022-06-13,[],0,0,buy,AA,,29.092,54.028,22.6,buy,2028-05-20,1.68,39.996,6796.32,5453.85,1.47,-0.94,,0,14:58:42,00,Y,N,1,0,Y,转股价下修1次，成功下修0次,2022-11-28 开始转股,计算使用1.7年期 评级为AA 债参考YTM：1.6158,N,40.0,全价：115.600 最后更新：14:58:42,,,,0,{'M': ''},0,0,N,,,buy,buy
