抓取时间,bond_id,bond_nm,bond_py,price,increase_rt,stock_id,stock_nm,stock_py,sprice,sincrease_rt,pb,convert_price,convert_value,convert_begin,premium_rt,dblow,sw_cd,sw_name,market_cd,btype,list_dt,t_flag,owned,hold,bond_value,rating_cd,option_value,put_convert_price,force_redeem_price,convert_amt_ratio,fund_rt,maturity_dt,year_left,curr_iss_amt,volume,svolume,turnover_rt,ytm_rt,put_ytm_rt,noted,last_time,qstatus,sqflag,pb_flag,adj_cnt,adj_scnt,convert_price_valid,convert_price_tips,convert_cd_tip,ref_yield_info,adjusted,orig_iss_amt,price_tips,redeem_dt,real_force_redeem_price,option_tip,after_next_put_dt,icons,is_min_price,blocked,putting,force_redeem_price_tip,notes,volatility_rate,debt_rate
2026-09-17 12:42:18,123285,润禾转02,rhz02,100.0,0.0,300727,润禾材料,rhcl,34.53,3.07,4.6,31.1,111.03,180,-9.93,90.07,220316,基础化工,szcy,C,,[],0,0,buy,A+,,21.77,40.43,6.6,buy,2032-09-09,5.984,3.7,0.0,22744.23,0.0,2.83,,0,,00,Y,N,0,0,Y,,未到转股期；2027-03-16 开始转股,计算使用6.0年期 评级为A+ 债参考YTM：5.1799,N,3.7,待上市,,,,0,[],0,0,N,,,buy,buy
2026-09-17 12:42:18,123258,胜蓝转02,slz2,261.25,2.97,300843,胜蓝股份,slgf,142.0,1.98,13.47,54.36,261.22,0,0.01,261.26,270504,电子,szcy,C,2025-09-10,[],0,0,buy,AA-,,38.052,70.668,1.9,buy,2031-08-28,,4.364,147978.81,85691.92,130.22,,,0,15:34:09,00,Y,N,0,0,Y,,2026-03-03 开始转股,强赎登记日2026-09-29，赎回价格100.0500元，如不考虑强赎纯债价值为105.12元，计算使用5.0年期 评级为AA- 债参考YTM：2.3312,N,4.5,全价：261.250 最后更新：15:34:09,2026-09-29,100.0500,如不考虑强赎期权价值为205.32元,0,"{'R': '最后交易日 2026年9月29日\r\n最后转股日 2026年10月9日\r\n赎回价 100.05元/张', 'M': ''}",0,0,N,,,buy,buy
2026-09-17 12:42:18,110077,洪城转债,hczz,202.451,-1.2,600461,洪城环境,hchj,8.91,-1.66,1.15,4.41,202.04,0,0.2,202.65,760102,环保,shmb,C,2020-12-17,[],0,0,buy,AA+,,3.087,5.733,4.5,buy,2026-11-20,0.175,5.278,5549.3,8519.07,5.19,-264.58,,0,14:59:59,00,Y,N,0,0,Y,,2021-05-26 开始转股,计算使用0.2年期 评级为AA+ 债参考YTM：1.5166,N,18.0,全价：202.451 最后更新：14:59:59,,,,1,"{'G': '本次（2026年7月12日至2026年7月31日）不提前赎回，至到期日止均不行使提前赎回权利', 'M': ''}",0,0,N,,,buy,buy
2026-09-17 12:42:18,113046,金田转债,jtzz,130.785,-0.08,601609,金田股份,jtgf,13.02,-1.51,2.17,10.18,127.9,0,2.26,133.05,240302,有色金属,shmb,C,2021-04-12,[],0,0,buy,AA+,,7.126,13.234,6.7,buy,2027-03-22,0.51,14.991,10593.07,39155.02,5.4,-31.19,,0,15:00:00,00,Y,N,0,0,Y,,2021-09-27 开始转股,计算使用0.6年期 评级为AA+ 债参考YTM：1.5221,N,15.0,全价：130.785 最后更新：15:00:00,,,,1,{'M': ''},0,0,N,,,buy,buy
2026-09-17 12:42:18,113042,上银转债,syzz,117.702,-0.2,601229,上海银行,shyh,9.59,-0.21,0.51,8.35,114.85,0,2.48,120.18,480401,银行,shmb,C,2021-02-10,[],0,0,buy,AAA,,,10.855,14.1,buy,2027-01-25,0.356,192.16,15851.95,38678.96,0.7,-13.6,,0,14:59:55,00,Y,Y,0,0,Y,,2021-07-29 开始转股,计算使用0.4年期 评级为AAA 债参考YTM：1.4988,N,200.0,全价：117.702 最后更新：14:59:55,,,,0,{'M': ''},0,0,N,,,buy,buy
2026-09-17 12:42:18,113605,大参转债,dszz,111.711,-0.18,603233,大参林,dsl,18.31,0.49,2.7,16.86,108.6,0,2.86,114.57,370403,医药生物,shmb,C,2020-11-13,[],0,0,buy,AA,,11.802,21.918,6.7,buy,2026-10-22,0.096,14.044,7467.8,11348.46,4.77,-16.43,,0,14:59:45,00,Y,N,1,1,Y,转股价下修1次，成功下修1次,2021-04-28 开始转股,计算使用0.1年期 评级为AA 债参考YTM：1.5202,N,14.05,全价：111.711 最后更新：14:59:45,,,,1,"{'R': '到期\n最后交易日：2026-10-16\n最后转股日：2026-10-21\n债券到期日：2026-10-22\n到期赎回价：110.000元/张', 'M': ''}",0,0,N,,,buy,buy
2026-09-17 12:42:18,123091,长海转债,chzz,144.449,3.92,300196,长海股份,chgf,20.71,6.04,1.75,14.79,140.03,0,3.16,147.61,610202,建筑材料,szcy,C,2021-01-15,[],0,0,buy,AA,,10.353,19.227,10.7,buy,2026-12-23,0.266,5.46,148009.88,90696.24,187.18,-88.05,,0,15:34:42,00,Y,N,0,0,Y,,2021-06-29 开始转股,计算使用0.3年期 评级为AA 债参考YTM：1.5287,N,5.5,全价：144.449 最后更新：15:34:42,,,,1,[],0,0,N,,,buy,buy
2026-09-17 12:42:18,128138,侨银转债,qyzz,132.535,0.75,002973,侨银股份,qygf,13.56,1.95,2.15,10.6,127.93,0,3.6,136.14,760103,环保,szmb,C,2020-12-24,[],0,0,buy,A+,,7.42,13.78,9.7,buy,2026-11-17,0.167,4.199,10367.15,18717.21,18.67,-11.63,,0,15:34:24,00,Y,N,3,3,Y,转股价下修3次，成功下修3次,2021-05-24 开始转股,计算使用0.2年期 评级为A+ 债参考YTM：4.0344,N,4.2,全价：132.535 最后更新：15:34:24,,,,1,[],0,0,N,,,buy,buy
2026-09-17 12:42:18,127047,帝欧转债,dozz,134.78,-1.13,002798,帝欧水华,dosh,6.63,1.07,1.91,5.1,130.0,0,3.68,138.46,360306,轻工制造,szmb,C,2021-11-26,[],0,0,buy,BBB+,,3.57,6.63,13.6,buy,2027-10-25,1.104,4.654,3805.34,5431.71,6.02,-12.19,,0,15:34:39,00,Y,N,1,1,Y,转股价下修1次，成功下修1次,2022-04-29 开始转股,计算使用1.2年期 评级为BBB+ 债参考YTM：11.9050,N,15.0,全价：134.780 最后更新：15:34:39,,,,1,[],0,0,N,,,buy,buy
2026-09-17 12:42:18,123243,严牌转债,ypzz,243.0,-2.02,301081,严牌股份,ypgf,16.77,0.06,3.42,7.22,232.27,0,4.62,247.62,760201,环保,szcy,C,2024-07-26,[],0,0,buy,A+,,5.054,9.386,6.8,buy,2030-07-10,3.814,2.558,104764.96,12889.89,169.85,-17.43,,0,15:34:09,00,Y,N,0,0,Y,,2025-01-16 开始转股,计算使用3.9年期 评级为A+ 债参考YTM：4.6030,N,4.679,全价：243.000 最后更新：15:34:09,,,,0,"{'G': '本次（2026年8月27日至2026年9月16日）不提前赎回，以2026年12月16日后的首个交易日重新计算', 'M': ''}",0,0,N,,,buy,buy
2026-09-17 12:42:18,113056,重银转债,cyzz,125.975,-0.17,601963,重庆银行,cqyh,11.03,-0.09,0.59,9.22,119.63,0,5.3,131.28,480401,银行,shmb,C,2022-04-14,[],0,0,buy,AAA,,,11.986,51.5,buy,2028-03-23,1.515,115.622,8577.92,7968.85,0.59,-7.31,,0,14:59:43,00,Y,N,0,0,Y,,2022-09-30 开始转股,计算使用1.6年期 评级为AAA 债参考YTM：1.5587,N,130.0,全价：125.975 最后更新：14:59:43,,,,0,{'M': ''},0,0,N,,,buy,buy
2026-09-17 12:42:18,111000,起帆转债,qfzz,138.539,-1.06,605222,起帆电缆,qfdl,22.56,-0.92,1.89,17.29,130.48,0,6.18,144.72,630805,电力设备,shmb,C,2021-06-17,[],0,0,buy,AA-,,12.103,22.477,10.7,buy,2027-05-24,0.682,9.991,12746.04,11409.42,9.16,-24.91,,0,14:59:57,00,Y,N,1,1,Y,转股价下修1次，成功下修1次,2021-11-29 开始转股,计算使用0.7年期 评级为AA- 债参考YTM：1.7347,N,10.0,全价：138.539 最后更新：14:59:57,,,,1,{'G': '本次（2026年3月13日至2026年4月20日）不提前赎回，以2026年10月21日为首个交易日重新起算'},0,0,N,,,buy,buy
2026-09-17 12:42:18,113043,财通转债,ctzz,111.5,-0.94,601108,财通证券,ctzq,8.38,-0.24,0.99,7.98,105.01,0,6.18,117.68,490101,非银金融,shmb,C,2020-12-28,[],0,0,buy,AAA,,,10.374,9.8,buy,2026-12-10,0.23,37.992,7787.65,31681.07,1.84,-21.69,,0,14:59:57,00,Y,Y,1,1,Y,转股价下修1次，成功下修1次,2021-06-16 开始转股,计算使用0.3年期 评级为AAA 债参考YTM：1.4987,N,38.0,全价：111.500 最后更新：14:59:57,,,,0,{'M': ''},0,0,N,,,buy,buy
2026-09-17 12:42:18,128134,鸿路转债,hlzz,111.7,-1.06,002541,鸿路钢构,hlgg,18.39,0.6,1.27,17.49,105.15,0,6.23,117.93,620401,建筑装饰,szmb,C,2020-11-02,[],0,0,buy,AA,,12.243,22.737,13.6,buy,2026-10-09,0.06,12.849,3468.44,12243.96,2.41,-26.47,,0,15:34:15,00,Y,N,2,2,Y,转股价下修2次，成功下修2次,2021-04-15 开始转股,计算使用0.1年期 评级为AA 债参考YTM：1.5202,N,18.8,全价：111.700 最后更新：15:34:15,,,,0,"{'R': '到期\n最后交易日：2026-09-28\n最后转股日：2026-10-08\n债券到期日：2026-10-09\n到期赎回价：110.000元/张', 'M': ''}",0,0,N,,,buy,buy
2026-09-17 12:42:18,113062,常银转债,cyzz,128.005,-0.11,601128,常熟银行,csyh,6.32,-0.47,0.69,5.25,120.38,0,6.33,134.34,480501,银行,shmb,C,2022-10-17,[],0,0,buy,AAA,,,6.825,26.0,buy,2028-09-15,1.997,59.994,5664.43,22604.82,0.74,-8.08,,0,14:59:48,00,Y,N,0,0,Y,,2023-03-21 开始转股,计算使用2.0年期 评级为AAA 债参考YTM：1.5857,N,60.0,全价：128.005 最后更新：14:59:48,,,,0,{'M': ''},0,0,N,,,buy,buy
2026-09-17 12:42:18,127061,美锦转债,mjzz,110.639,-0.97,000723,美锦能源,mjny,3.6,-1.1,1.27,3.47,103.75,0,6.64,117.28,740201,煤炭,szmb,C,2022-05-30,[],0,0,buy,A,,2.429,4.511,17.5,buy,2028-04-20,1.592,27.742,9927.2,24164.28,3.24,5.6,,0,15:34:09,00,Y,N,2,2,Y,转股价下修2次，成功下修2次,2022-10-26 开始转股,计算使用1.6年期 评级为A 债参考YTM：6.5630,N,35.9,全价：110.639 最后更新：15:34:09,,,,1,{'M': ''},0,0,N,,,buy,buy
2026-09-17 12:42:18,127080,声迅转债,sxzz,224.499,2.51,003004,声迅股份,sxgf,60.67,0.6,7.19,28.94,209.64,0,7.09,231.59,710102,计算机,szmb,C,2023-02-10,[],0,0,buy,A,,20.258,37.622,6.7,buy,2028-12-30,2.288,2.793,86498.15,15132.9,138.59,-24.63,,0,15:34:36,00,Y,N,0,0,Y,,2023-07-07 开始转股,计算使用2.3年期 评级为A 债参考YTM：6.7058,N,2.8,全价：224.499 最后更新：15:34:36,,,,0,[],0,0,N,,,buy,buy
2026-09-17 12:42:18,111015,东亚转债,dyzz,135.948,0.97,605177,东亚药业,dyyy,25.74,3.87,1.73,20.28,126.92,0,7.11,143.06,370101,医药生物,shmb,C,2023-08-02,[],0,0,buy,A+,,14.196,26.364,22.8,buy,2029-07-06,2.803,6.662,14055.7,26210.42,15.5,-4.86,,0,14:59:59,00,Y,N,1,1,Y,转股价下修1次，成功下修1次,2024-01-12 开始转股,计算使用2.9年期 评级为A+ 债参考YTM：4.4906,N,6.9,全价：135.948 最后更新：14:59:59,,,,0,[],0,0,N,,,buy,buy
2026-09-17 12:42:18,123245,集智转债,jzzz,397.0,8.03,300553,集智股份,jzgf,65.98,10.52,8.66,18.06,365.34,0,8.67,405.67,640107,机械设备,szcy,C,2024-08-28,[],0,0,buy,A,,12.642,23.478,2.7,buy,2030-08-14,3.91,1.537,304494.95,70581.0,501.66,-26.68,,0,15:34:21,00,Y,N,0,0,Y,,2025-02-20 开始转股,计算使用4.0年期 评级为A 债参考YTM：6.9619,N,2.546,全价：397.000 最后更新：15:34:21,,,,0,{'G': '本次（2026年6月2日至2026年6月23日）不提前赎回，自2026年9月23日后首个交易日重新计算'},0,0,N,,,buy,buy
2026-09-17 12:42:18,118058,微导转债,wdzz,377.982,5.36,688147,微导纳米,wdnm,115.68,8.31,17.37,33.29,347.49,0,8.77,386.75,630505,电力设备,shkc,C,2025-08-27,[],0,0,buy,AA,,23.303,43.277,2.2,buy,2031-08-06,4.888,11.698,267232.46,150014.31,60.78,-21.98,,0,15:00:00,00,Y,N,0,0,Y,,2026-02-12 开始转股,计算使用4.9年期 评级为AA 债参考YTM：1.8366,N,11.7,全价：377.982 最后更新：15:00:00,,,,0,{'M': ''},0,0,N,,,buy,buy
2026-09-17 12:42:18,127116,瑞鹄转02,rhz02,100.0,0.0,002997,瑞鹄模具,rhmj,26.67,-8.48,2.11,29.18,91.4,187,9.41,109.41,280205,汽车,szmb,C,,[],0,0,buy,AA,,20.426,37.934,12.3,buy,2032-09-16,6.003,6.86,0.0,23635.52,0.0,1.85,,0,,00,Y,N,0,0,Y,,未到转股期；2027-03-23 开始转股,计算使用6.1年期 评级为AA 债参考YTM：2.0354,N,6.86,待上市,,,,0,{'M': ''},0,0,N,,,buy,buy
2026-09-17 12:42:18,113681,镇洋转债,zyzz,137.289,-0.33,603213,镇洋发展,zyfz,13.6,-1.23,3.25,10.95,124.2,0,10.54,147.83,220202,基础化工,shmb,C,2024-01-17,[],0,0,buy,AA-,,7.665,14.235,9.1,buy,2029-12-29,3.285,5.476,3046.73,1852.64,4.05,-4.26,,0,14:59:54,00,Y,N,0,0,Y,,2024-07-05 开始转股,计算使用3.3年期 评级为AA- 债参考YTM：2.2081,N,6.6,全价：137.289 最后更新：14:59:54,,,,0,[],0,0,N,,,buy,buy
2026-09-17 12:42:18,113615,金诚转债,jczz,728.213,0.79,603979,金诚信,jcx,73.2,0.41,3.69,11.12,658.27,0,10.62,738.83,240302,有色金属,shmb,C,2021-01-14,[],0,0,buy,AA,,7.784,14.456,1.1,buy,2026-12-23,0.266,4.958,33418.56,41840.11,9.35,-321.75,,0,14:59:55,00,Y,N,0,0,Y,,2021-06-29 开始转股,计算使用0.3年期 评级为AA 债参考YTM：1.5287,N,10.0,全价：728.213 最后更新：14:59:55,,,,1,"{'G': '本次（2025年10月10日至2025年10月30日）不提前赎回，至2026年12月22日到期均不提前赎回', 'M': ''}",0,0,N,,,buy,buy
2026-09-17 12:42:18,123207,冠中转债,gzzz,198.501,-1.54,300948,冠中生态,gzst,18.69,-0.37,3.06,10.44,179.02,0,10.88,209.38,620307,建筑装饰,szcy,C,2023-08-09,[],0,0,buy,A-,,7.308,13.572,5.0,buy,2029-07-21,2.844,1.455,9646.44,2606.46,33.11,-16.7,,0,15:34:12,00,Y,N,1,1,Y,转股价下修1次，成功下修1次,2024-01-29 开始转股,计算使用2.9年期 评级为A- 债参考YTM：9.1906,N,4.0,全价：198.501 最后更新：15:34:12,,,,0,{'M': ''},0,0,N,,,buy,buy
2026-09-17 12:42:18,123160,泰福转债,tfzz,171.001,2.01,300992,泰福泵业,tfby,30.11,5.87,3.13,19.7,152.84,0,11.88,182.88,640106,机械设备,szcy,C,2022-10-25,[],0,0,buy,A,,13.79,25.61,9.9,buy,2028-09-28,2.033,2.314,212596.57,38804.97,524.95,-16.58,,0,15:33:54,00,Y,N,1,1,Y,转股价下修1次，成功下修1次,2023-04-11 开始转股,计算使用2.1年期 评级为A 债参考YTM：6.6646,N,3.349,全价：171.001 最后更新：15:33:54,,,,0,{'M': ''},0,0,N,,,buy,buy
2026-09-17 12:42:18,110081,闻泰转债,wtzz,100.728,-2.07,600745,*ST闻泰,wtkj,16.5,-3.23,0.86,18.36,89.87,0,12.08,112.81,270102,电子,shmb,C,2021-08-20,[],0,0,buy,BBB-,,12.852,23.868,32.8,buy,2027-07-28,0.86,71.5,12696.3,50230.92,1.75,8.42,,0,14:59:58,00,Y,N,3,3,Y,转股价下修3次，成功下修3次,2022-02-07 开始转股,计算使用0.9年期 评级为BB 债参考YTM：23.8997,N,86.0,全价：100.728 最后更新：14:59:58,,,,1,[],0,0,N,,,buy,buy
2026-09-17 12:42:18,123076,强力转债,qlzz,121.956,0.28,300429,强力新材,qlxc,11.48,0.0,3.24,10.6,108.3,0,12.61,134.57,270601,电子,szcy,C,2020-12-04,[],0,0,buy,AA-,,7.42,13.78,7.1,buy,2026-11-19,0.173,3.39,5742.92,29668.89,13.85,-43.22,,0,15:34:39,00,Y,N,2,2,Y,转股价下修2次，成功下修2次,2021-05-25 开始转股,计算使用0.2年期 评级为AA- 债参考YTM：1.6818,N,8.5,全价：121.956 最后更新：15:34:39,,,,1,{'M': ''},0,0,N,,,buy,buy
2026-09-17 12:42:18,110076,华海转债,hhzz,111.88,0.17,600521,华海药业,hhyy,16.35,0.86,2.5,16.5,99.09,0,12.91,124.79,370102,医药生物,shmb,C,2020-11-25,[],0,0,buy,AA,,11.55,21.45,7.5,buy,2026-11-02,0.126,18.424,7271.19,36743.53,3.53,-13.34,,0,14:59:55,00,Y,N,1,1,Y,转股价下修1次，成功下修1次,2021-05-06 开始转股,计算使用0.2年期 评级为AA 债参考YTM：1.5266,N,18.426,全价：111.880 最后更新：14:59:55,,,,1,{'M': ''},0,0,N,,,buy,buy
2026-09-17 12:42:18,113631,皖天转债,wtzz,133.752,0.12,603689,皖天然气,wtrq,7.69,0.39,1.07,6.51,118.13,0,13.23,146.98,410301,公用事业,shmb,C,2021-12-10,[],0,0,buy,AA+,,4.557,8.463,14.8,buy,2027-11-08,1.143,5.958,3317.32,2073.35,4.18,-14.7,,0,14:59:57,00,Y,N,0,0,Y,,2022-05-12 开始转股,计算使用1.2年期 评级为AA+ 债参考YTM：1.5543,N,9.3,全价：133.752 最后更新：14:59:57,,,,1,[],0,0,N,,,buy,buy
2026-09-17 12:42:18,113058,友发转债,yfzz,129.252,-0.53,601686,友发集团,yfjt,5.1,-0.78,1.07,4.48,113.84,0,13.54,142.79,230403,钢铁,shmb,C,2022-04-26,[],0,0,buy,AA,,3.136,5.824,24.7,buy,2028-03-30,1.534,18.638,2990.11,2441.07,1.24,-8.05,,0,14:59:40,00,Y,N,2,2,Y,转股价下修2次，成功下修2次,2022-10-10 开始转股,计算使用1.6年期 评级为AA 债参考YTM：1.6126,N,20.0,全价：129.252 最后更新：14:59:40,,,,1,[],0,0,N,,,buy,buy
2026-09-17 12:42:18,123213,天源转债,tyzz,275.1,1.67,301127,武汉天源,whty,17.05,0.89,3.29,7.1,240.14,0,14.56,289.66,760102,环保,szcy,C,2023-08-16,[],0,0,buy,AA-,,4.97,9.23,2.9,buy,2029-07-28,2.863,3.26,33095.55,21121.2,37.0,-26.44,,0,15:34:00,00,Y,N,0,0,Y,,2024-02-05 开始转股,计算使用2.9年期 评级为AA- 债参考YTM：2.1405,N,10.0,全价：275.100 最后更新：15:34:00,,,,0,"{'G': '本次（2026年3月13日至2026年4月2日）不提前赎回，自2026年10月2日后首个交易日重新计算', 'M': ''}",0,0,N,,,buy,buy
2026-09-17 12:42:18,127040,国泰转债,gtzz,119.85,-0.72,002091,江苏国泰,jsgt,7.67,-1.29,0.77,7.35,104.35,0,14.85,134.7,450201,商贸零售,szmb,C,2021-08-10,[],0,0,buy,AA+,,5.145,9.555,32.4,buy,2027-07-07,0.803,39.863,3033.81,6798.12,0.63,-12.36,,0,15:34:24,00,Y,N,0,0,Y,,2022-01-13 开始转股,计算使用0.9年期 评级为AA+ 债参考YTM：1.5385,N,45.574,全价：119.850 最后更新：15:34:24,,,,1,{'M': ''},0,0,N,,,buy,buy
2026-09-17 12:42:18,127110,广核转债,ghzz,136.885,0.07,003816,中国广核,zggh,4.25,-0.93,1.74,3.58,118.72,0,15.31,152.2,410108,公用事业,szmb,C,2025-07-25,[],0,0,buy,AAA,,2.506,4.654,2.9,buy,2031-07-09,4.811,48.992,5174.26,37676.72,0.77,-4.51,,0,15:34:06,00,Y,N,0,0,Y,,2026-01-15 开始转股,计算使用4.9年期 评级为AAA 债参考YTM：1.7085,N,49.0,全价：136.885 最后更新：15:34:06,,,,0,{'M': ''},0,0,N,,,buy,buy
2026-09-17 12:42:18,113066,平煤转债,pmzz,138.479,-0.06,601666,平煤股份,pmgf,8.94,-0.56,0.88,7.46,119.84,0,15.55,154.03,740102,煤炭,shmb,C,2023-04-10,[],0,0,buy,AAA,,5.222,9.698,6.5,buy,2029-03-16,2.496,14.274,3848.31,14833.16,1.95,-9.0,,0,14:59:56,00,Y,N,1,1,Y,转股价下修1次，成功下修1次,2023-09-22 开始转股,计算使用2.5年期 评级为AAA 债参考YTM：1.6111,N,29.0,全价：138.479 最后更新：14:59:56,,,,0,{'M': ''},0,0,N,,,buy,buy
2026-09-17 12:42:18,127030,盛虹转债,shzz,117.4,-0.61,000301,东方盛虹,dfsh,13.42,-1.54,2.29,13.21,101.59,0,15.56,132.96,750301,石油石化,szmb,C,2021-04-21,[],0,0,buy,AA+,,9.247,17.173,5.6,buy,2027-03-22,0.51,49.974,5652.96,25587.37,0.96,-15.71,,0,15:34:00,00,Y,N,0,0,Y,,2021-09-27 开始转股,计算使用0.6年期 评级为AA+ 债参考YTM：1.5221,N,50.0,全价：117.400 最后更新：15:34:00,,,,1,{'M': ''},0,0,N,,,buy,buy
2026-09-17 12:42:18,113051,节能转债,jnzz,119.712,-0.5,601016,节能风电,jnfd,3.41,-0.58,1.23,3.32,102.71,0,16.55,136.26,410107,公用事业,shmb,C,2021-07-22,[],0,0,buy,AAA,,2.324,4.316,12.9,buy,2027-06-21,0.759,26.519,10518.23,66357.25,3.32,-10.69,,0,14:59:47,00,Y,N,1,0,Y,转股价下修1次，成功下修0次,2021-12-27 开始转股,计算使用0.8年期 评级为AAA 债参考YTM：1.5141,N,30.0,全价：119.712 最后更新：14:59:47,,,,1,{'M': ''},0,0,N,,,buy,buy
2026-09-17 12:42:18,113710,四方转债,sfzz,100.0,0.0,603339,四方科技,sfkj,12.75,2.25,1.42,14.87,85.74,173,16.63,116.63,640105,机械设备,shmb,C,,[],0,0,buy,AA,,10.409,19.331,25.9,buy,2032-09-02,5.964,10.234,0.0,11136.31,0.0,2.17,,0,,00,Y,N,0,0,Y,,未到转股期；2027-03-09 开始转股,计算使用6.0年期 评级为AA 债参考YTM：2.0199,N,10.234,待上市,,,,0,[],0,0,N,,,buy,buy
2026-09-17 12:42:18,123080,海波转债,hbzz,124.52,0.95,300517,海波重科,hbzk,11.99,6.2,2.32,11.28,106.29,0,17.15,141.67,620401,建筑装饰,szcy,C,2020-12-22,[],0,0,buy,A+,,7.896,14.664,9.8,buy,2026-12-02,0.208,1.485,10036.13,13606.16,53.98,-17.66,,0,15:34:42,00,Y,N,0,0,Y,,2021-06-08 开始转股,计算使用0.3年期 评级为A+ 债参考YTM：4.0387,N,2.45,全价：124.520 最后更新：15:34:42,,,,1,[],0,0,N,,,buy,buy
2026-09-17 12:42:18,128136,立讯转债,lxzz,110.449,-0.31,002475,立讯精密,lxjm,52.13,-1.44,4.31,55.67,93.64,0,17.95,128.4,270504,电子,szmb,C,2020-12-02,[],0,0,buy,AA+,,38.969,72.371,0.8,buy,2026-11-03,0.129,29.816,5202.11,309450.19,1.58,-17.6,,0,15:34:45,00,Y,N,0,0,Y,,2021-05-10 开始转股,计算使用0.2年期 评级为AA+ 债参考YTM：1.5166,N,30.0,全价：110.449 最后更新：15:34:45,,,,1,{'M': ''},0,0,N,,,buy,buy
2026-09-17 12:42:18,123092,天壕转债,thzz,117.2,0.01,300332,天壕能源,thny,4.93,0.2,1.07,4.97,99.2,0,18.15,135.35,410301,公用事业,szcy,C,2021-01-15,[],0,0,buy,A+,,3.479,6.461,8.5,buy,2026-12-24,0.269,3.416,2544.32,12252.32,6.36,-7.06,,0,15:34:42,00,Y,N,0,0,Y,,2021-06-30 开始转股,计算使用0.3年期 评级为A+ 债参考YTM：4.0387,N,4.23,全价：117.200 最后更新：15:34:42,,,,1,{'M': ''},0,0,N,,,buy,buy
2026-09-17 12:42:18,127053,豪美转债,hmzz,215.269,-0.71,002988,豪美新材,hmxc,31.21,-1.42,2.82,17.23,181.14,0,18.84,234.11,240301,有色金属,szmb,C,2022-03-04,[],0,0,buy,AA-,,12.061,22.399,3.3,buy,2028-01-24,1.353,2.575,26030.65,17936.19,46.71,-35.22,,0,15:34:06,00,Y,N,1,1,Y,转股价下修1次，成功下修1次,2022-07-28 开始转股,计算使用1.4年期 评级为AA- 债参考YTM：1.8349,N,8.24,全价：215.269 最后更新：15:34:06,,,,1,{'G': '本次（2026年4月30日至2026年5月25日）不提前赎回，以2026年11月25日后首个交易日起重新计算'},0,0,N,,,buy,buy
2026-09-17 12:42:18,123178,花园转债,hyzz,144.377,2.17,300401,花园生物,hysw,16.11,7.11,2.46,13.34,120.77,0,19.55,163.93,370101,医药生物,szcy,C,2023-03-23,[],0,0,buy,AA-,,9.338,17.342,13.4,buy,2029-03-06,2.469,11.58,20629.41,75464.44,12.39,-7.82,,0,15:34:00,00,Y,N,1,1,Y,转股价下修1次，成功下修1次,2023-09-11 开始转股,计算使用2.5年期 评级为AA- 债参考YTM：2.0486,N,12.0,全价：144.377 最后更新：15:34:00,,,,0,{'M': ''},0,0,N,,,buy,buy
2026-09-17 12:42:18,123235,亿田转债,ytzz,161.75,0.96,300911,亿田智能,ytzn,28.75,2.13,4.7,21.31,134.91,0,19.89,181.64,330401,家用电器,szcy,C,2024-01-12,[],0,0,buy,A+,,14.917,27.703,8.8,buy,2029-12-21,3.263,4.352,50155.23,37242.94,71.29,-9.03,,0,15:34:18,00,Y,N,0,0,Y,,2024-06-27 开始转股,计算使用3.3年期 评级为A+ 债参考YTM：4.5596,N,5.202,全价：161.750 最后更新：15:34:18,,,,0,{'M': ''},0,0,N,,,buy,buy
2026-09-17 12:42:18,118062,天准转债,tzzz,177.508,-1.17,688003,天准科技,tzkj,81.2,-1.01,7.81,55.13,147.29,0,20.52,198.03,640704,机械设备,shkc,C,2025-12-31,[],0,0,buy,AA-,,38.591,66.156,5.5,buy,2031-12-12,5.238,8.719,29635.41,22668.65,19.0,-7.94,,0,15:00:00,00,Y,N,0,0,Y,,2026-06-18 开始转股,计算使用5.3年期 评级为AA- 债参考YTM：2.4264,N,8.72,全价：177.508 最后更新：15:00:00,,,,0,"{'G': '本次（2026年6月18日至2026年7月9日）不提前赎回，以2026年10月10日为首个交易日重新计算', 'M': ''}",0,0,N,120%,,buy,buy
2026-09-17 12:42:18,127078,优彩转债,yczz,153.369,1.57,002998,优彩资源,yczy,7.77,3.6,1.52,6.11,127.17,0,20.6,173.97,220401,基础化工,szmb,C,2023-01-09,[],0,0,buy,A+,,4.277,7.943,19.8,buy,2028-12-14,2.244,4.158,10418.62,12929.24,16.43,-10.82,,0,15:34:48,00,Y,N,0,0,Y,,2023-06-20 开始转股,计算使用2.3年期 评级为A+ 债参考YTM：4.3558,N,6.0,全价：153.369 最后更新：15:34:48,,,,0,{'G': '本次（2026年8月7日至2026年9月3日）不提前赎回，自2026年12月3日后首个交易日重新计算'},0,0,N,,,buy,buy
2026-09-17 12:42:18,127070,大中转债,dzzz,269.5,0.84,001203,大中矿业,dzky,23.27,0.3,4.86,10.56,220.36,0,22.3,291.8,230301,钢铁,szmb,C,2022-10-11,[],0,0,buy,AA,,7.392,13.728,3.1,buy,2028-08-17,1.918,9.342,39977.49,30127.86,16.02,-36.44,,0,15:34:30,00,Y,N,0,0,Y,,2023-02-23 开始转股,计算使用2.0年期 评级为AA 债参考YTM：1.6457,N,15.2,全价：269.500 最后更新：15:34:30,,,,1,{'M': ''},0,0,N,,,buy,buy
2026-09-17 12:42:18,123187,超达转债,cdzz,195.962,2.11,301186,超达装备,cdzb,34.78,1.49,2.45,21.77,159.76,0,22.66,218.62,280205,汽车,szcy,C,2023-04-25,[],0,0,buy,A,,15.239,28.301,6.0,buy,2029-04-04,2.548,2.242,26216.99,5967.97,59.85,-18.05,,0,15:34:00,00,Y,N,0,0,Y,,2023-10-11 开始转股,计算使用2.6年期 评级为A 债参考YTM：6.7725,N,4.69,全价：195.962 最后更新：15:34:00,,,,0,"{'G': '本次（2026年8月3日至2026年8月21日）不提前赎回，以2027年2月21日之后的首个交易日重新起算', 'M': ''}",0,0,N,,,buy,buy
2026-09-17 12:42:18,123247,万凯转债,wkzz,191.13,-2.03,301216,万凯新材,wkxc,17.28,-2.98,1.52,11.15,154.98,0,23.33,214.46,220501,基础化工,szcy,C,2024-09-05,[],0,0,buy,AA,,7.805,14.495,20.9,buy,2030-08-16,3.915,19.642,16369.82,30543.76,4.34,-12.49,,0,15:34:12,00,Y,N,0,0,Y,,2025-02-24 开始转股,计算使用4.0年期 评级为AA 债参考YTM：1.7919,N,27.0,全价：191.130 最后更新：15:34:12,,,,0,"{'G': '本次（2026年6月17日至2026年7月8日）不提前赎回，自2026年10月8日后首个交易日重新计算', 'M': ''}",0,0,N,,,buy,buy
2026-09-17 12:42:18,118050,航宇转债,hyzz,271.56,1.22,688239,航宇科技,hykj,54.26,1.27,4.65,24.81,218.7,0,24.17,295.73,650201,国防军工,shkc,C,2024-09-10,[],0,0,buy,AA-,,17.367,32.253,6.4,buy,2030-08-21,3.929,6.597,23696.32,30236.49,13.23,-19.12,,0,14:59:58,00,Y,N,0,0,Y,,2025-02-27 开始转股,计算使用4.0年期 评级为AA- 债参考YTM：2.2519,N,6.67,全价：271.560 最后更新：14:59:58,,,,0,"{'G': '本次（2026年5月28日至2026年6月17日）不提前赎回，自2026年9月18日为首个交易日重新计算', 'M': ''}",0,0,N,,,buy,buy
2026-09-17 12:42:18,127045,牧原转债,myzz,118.334,-0.22,002714,牧原股份,mygf,41.28,0.49,2.97,43.32,95.29,0,24.18,142.51,110702,农林牧渔,szmb,C,2021-09-10,[],0,0,buy,AAA,,30.324,56.316,7.0,buy,2027-08-16,0.912,95.429,6983.03,125980.52,0.62,-10.5,,0,15:34:03,00,Y,Y,0,0,Y,,2022-02-21 开始转股,计算使用1.0年期 评级为AAA 债参考YTM：1.5227,N,95.5,全价：118.334 最后更新：15:34:03,,,,1,{'M': ''},0,0,N,,,buy,buy
2026-09-17 12:42:18,123107,温氏转债,wszz,113.013,-0.43,300498,温氏股份,wsgf,14.63,-0.2,2.72,16.09,90.93,0,24.29,137.3,110702,农林牧渔,szcy,C,2021-04-21,[],0,0,buy,AAA,,11.263,20.917,8.9,buy,2027-03-29,0.529,77.063,4170.75,39061.66,0.48,-8.39,,0,15:34:45,00,Y,N,0,0,Y,,2021-10-08 开始转股,计算使用0.6年期 评级为AAA 债参考YTM：1.5021,N,92.97,全价：113.013 最后更新：15:34:45,,,,1,{'M': ''},0,0,N,,,buy,buy
2026-09-17 12:42:18,110099,福能转债,fnzz,143.841,-0.97,600483,福能股份,fngf,10.94,-2.32,1.1,9.49,115.28,0,24.78,168.62,410110,公用事业,shmb,C,2025-10-30,[],0,0,buy,AA+,,6.643,12.337,12.5,buy,2031-10-13,5.074,38.019,4388.96,13739.42,0.8,-5.16,,0,14:59:08,00,Y,N,0,0,Y,,2026-04-17 开始转股,计算使用5.1年期 评级为AA+ 债参考YTM：1.7759,N,38.02,全价：143.841 最后更新：14:59:08,,,,0,{'M': ''},0,0,N,,,buy,buy
2026-09-17 12:42:18,127084,柳工转2,lgz2,137.001,-0.72,000528,柳工,lg,7.66,-0.91,0.81,6.98,109.74,0,24.84,161.84,640601,机械设备,szmb,C,2023-04-20,[],0,0,buy,AAA,,4.886,9.074,15.9,buy,2029-03-27,2.526,24.809,7273.64,20658.14,2.14,-6.56,,0,15:33:57,00,Y,N,0,0,Y,,2023-10-09 开始转股,计算使用2.6年期 评级为AAA 债参考YTM：1.6153,N,30.0,全价：137.001 最后更新：15:33:57,,,,0,{'M': ''},0,0,N,,,buy,buy
2026-09-17 12:42:18,113691,和邦转债,hbzz,140.627,-0.97,603077,和邦生物,hbsw,2.25,-0.88,1.03,2.0,112.5,0,25.0,165.63,220802,基础化工,shmb,C,2024-11-19,[],0,0,buy,AA,,1.4,2.6,23.1,buy,2030-10-28,4.115,45.99,13114.54,24957.5,2.03,-4.91,,0,14:59:44,00,Y,N,0,0,Y,,2025-05-06 开始转股,计算使用4.2年期 评级为AA 债参考YTM：1.8056,N,46.0,全价：140.627 最后更新：14:59:44,,,,0,"{'G': '本次（2026年1月22日至2026年3月10日）不提前赎回，以2027年3月10日之后的首个交易日重新起算', 'M': ''}",0,0,N,,,buy,buy
2026-09-17 12:42:18,127109,电化转债,dhzz,149.298,-0.2,002125,湘潭电化,xtdh,11.92,-1.57,2.14,9.99,119.32,0,25.12,174.42,630702,电力设备,szmb,C,2025-07-04,[],0,0,buy,AA,,6.993,12.987,6.5,buy,2031-06-16,4.748,4.866,3008.49,10098.82,4.15,-5.52,,0,15:34:03,00,Y,N,0,0,Y,,2025-12-22 开始转股,计算使用4.8年期 评级为AA 债参考YTM：1.8323,N,4.87,全价：149.298 最后更新：15:34:03,,,,0,{'M': ''},0,0,N,,,buy,buy
2026-09-17 12:42:18,127096,泰坦转债,ttzz,526.559,0.64,003036,泰坦股份,ttgf,55.45,0.02,7.99,13.2,420.08,0,25.35,551.91,640206,机械设备,szmb,C,2023-11-15,[],0,0,buy,A,,9.24,17.16,2.4,buy,2029-10-25,3.107,2.875,115361.38,39019.56,75.25,-38.33,,0,15:33:54,00,Y,N,0,0,Y,,2024-05-06 开始转股,计算使用3.2年期 评级为A 债参考YTM：6.8975,N,2.955,全价：526.559 最后更新：15:33:54,,,,0,{'G': '本次（2026年6月12日至2026年7月3日）不提前赎回，以2026年10月3日后首个交易日起重新计算'},0,0,N,,,buy,buy
2026-09-17 12:42:18,111002,特纸转债,tzzz,137.33,0.19,605007,五洲特纸,wztz,14.76,0.89,1.85,13.49,109.41,0,25.51,162.84,360103,轻工制造,shmb,C,2021-12-30,[],0,0,buy,AA,,9.443,17.537,9.4,buy,2027-12-08,1.225,6.619,3022.32,3528.04,3.34,-14.42,,0,14:59:08,00,Y,N,1,1,Y,转股价下修1次，成功下修1次,2022-06-14 开始转股,计算使用1.3年期 评级为AA 债参考YTM：1.5878,N,6.7,全价：137.330 最后更新：14:59:08,,,,1,[],0,0,N,,,buy,buy
2026-09-17 12:42:18,123189,晓鸣转债,xmzz,136.966,0.71,300967,晓鸣股份,xmgf,16.54,1.66,4.06,15.18,108.96,0,25.7,162.67,110703,农林牧渔,szcy,C,2023-04-25,[],0,0,buy,A,,10.626,19.734,15.9,buy,2029-04-06,2.553,3.286,3752.14,7555.81,8.37,-6.01,,0,15:34:51,00,Y,N,1,1,Y,转股价下修1次，成功下修1次,2023-10-12 开始转股,计算使用2.6年期 评级为A 债参考YTM：6.7725,N,3.29,全价：136.966 最后更新：15:34:51,,,,0,{'M': ''},0,0,N,,,buy,buy
2026-09-17 12:42:18,127103,东南转债,dnzz,138.239,0.22,002135,东南网架,dnwj,6.12,2.51,1.08,5.59,109.48,0,26.27,164.51,620401,建筑装饰,szmb,C,2024-01-24,[],0,0,buy,AA,,3.913,7.267,32.0,buy,2030-01-03,3.299,19.999,6228.16,10832.03,2.25,-6.23,,0,15:34:42,00,Y,N,0,0,Y,,2024-07-09 开始转股,计算使用3.3年期 评级为AA 债参考YTM：1.7345,N,20.0,全价：138.239 最后更新：15:34:42,,,,0,{'M': ''},0,0,N,,,buy,buy
2026-09-17 12:42:18,118051,皓元转债,hyzz,296.1,0.29,688131,皓元医药,hyyy,94.13,1.74,6.06,40.22,234.04,0,26.52,322.62,370603,医药生物,shkc,C,2024-12-19,[],0,0,buy,AA-,,28.154,52.286,4.1,buy,2030-11-28,4.2,8.218,40718.77,34983.67,16.63,-20.07,,0,14:59:59,00,Y,N,0,0,N,2026-09-11 至 2026-09-18 期间暂停转股：权益分派,2025-06-04 开始转股;2026-09-11 至 2026-09-18 期间暂停转股：权益分派,计算使用4.2年期 评级为AA- 债参考YTM：2.2690,N,8.223,全价：296.100 最后更新：14:59:59,,,,0,"{'G': '本次（2026年5月20日至2026年6月9日）不提前赎回，以2026年10月12日为首个交易日重新计算', 'M': ''}",0,0,N,,,buy,buy
2026-09-17 12:42:18,123257,安克转债,akzz,148.801,-0.33,300866,安克创新,akcx,125.44,0.43,6.36,106.72,117.54,0,26.59,175.39,270503,电子,szcy,C,2025-07-04,[],0,0,buy,AA+,,74.704,138.736,2.9,buy,2031-06-16,4.748,11.046,4465.25,28270.23,2.71,-5.84,,0,15:34:15,00,Y,N,0,0,Y,,2025-12-22 开始转股,计算使用4.8年期 评级为AA+ 债参考YTM：1.7666,N,11.048,全价：148.801 最后更新：15:34:15,,,,0,{'M': ''},0,0,N,,,buy,buy
2026-09-17 12:42:18,123149,通裕转债,tyzz,129.6,-0.59,300185,通裕重工,tyzg,2.76,-1.43,1.53,2.71,101.85,0,27.25,156.85,630602,电力设备,szcy,C,2022-07-15,[],0,0,buy,AA,,1.897,3.523,10.4,buy,2028-06-20,1.759,11.069,4966.56,27233.85,3.46,-7.2,,0,15:34:42,00,Y,N,0,0,N,2026-09-14 起暂停转股：权益分派,2022-12-26 开始转股;2026-09-14 起暂停转股：权益分派,计算使用1.8年期 评级为AA 债参考YTM：1.6291,N,14.847,全价：129.600 最后更新：15:34:42,,,,1,{'M': ''},0,0,N,,,buy,buy
2026-09-17 12:42:18,113052,兴业转债,xyzz,112.73,-0.2,601166,兴业银行,xyyh,17.75,-0.28,0.4,20.13,88.18,0,27.85,140.58,480301,银行,shmb,C,2022-01-14,[],0,0,buy,AAA,,,26.169,11.0,buy,2027-12-27,1.277,413.5,16115.63,115873.21,0.35,-1.01,,0,14:59:58,00,Y,Y,0,0,Y,,2022-06-30 开始转股,计算使用1.3年期 评级为AAA 债参考YTM：1.5388,N,500.0,全价：112.730 最后更新：14:59:58,,,,0,{'M': ''},0,0,N,,,buy,buy
2026-09-17 12:42:18,127092,运机转债,yjzz,321.728,-0.22,001288,运机集团,yjjt,29.96,-2.25,2.94,11.91,251.55,0,27.9,349.63,640203,机械设备,szmb,C,2023-10-20,[],0,0,buy,AA-,,8.337,15.483,11.5,buy,2029-09-21,3.014,5.249,26827.01,16127.96,15.99,-28.22,,0,15:34:12,00,Y,N,0,0,Y,,2024-03-27 开始转股,计算使用3.1年期 评级为AA- 债参考YTM：2.1818,N,7.3,全价：321.728 最后更新：15:34:12,,,,0,{'G': '本次（2025年12月8日至2025年12月26日）不提前赎回，以2026年12月26日后的首个交易日起重新计算'},0,0,N,,,buy,buy
2026-09-17 12:42:18,118030,睿创转债,rczz,613.708,-0.47,688002,睿创微纳,rcwn,185.0,-0.59,10.63,38.66,478.53,0,28.25,641.96,270105,电子,shkc,C,2023-02-10,[],0,0,buy,AA,,27.062,50.258,1.5,buy,2028-12-30,2.288,12.622,34799.87,159409.75,4.46,-52.65,,0,14:59:59,00,Y,N,0,0,N,2026-09-10 至 2026-09-17 期间暂停转股：权益分派,2023-07-06 开始转股;2026-09-10 至 2026-09-17 期间暂停转股：权益分派,计算使用2.3年期 评级为AA 债参考YTM：1.6681,N,15.647,全价：613.708 最后更新：14:59:59,,,,0,"{'G': '本次（2026年3月18日至2026年4月8日）不提前赎回，以2027年4月9日为首个交易日重新计算', 'M': ''}",0,0,N,,,buy,buy
2026-09-17 12:42:18,113686,泰瑞转债,trzz,151.629,0.35,603289,泰瑞机器,trjq,9.44,2.16,1.9,8.0,118.0,0,28.5,180.13,640209,机械设备,shmb,C,2024-07-24,[],0,0,buy,AA-,,5.6,10.4,12.1,buy,2030-07-02,3.792,3.363,4280.79,4137.02,8.4,-6.19,,0,14:59:54,00,Y,N,0,0,Y,,2025-01-08 开始转股,计算使用3.8年期 评级为AA- 债参考YTM：2.2381,N,3.378,全价：151.629 最后更新：14:59:54,,,,0,[],0,0,N,,,buy,buy
2026-09-17 12:42:18,127037,银轮转债,ylzz,485.0,0.25,002126,银轮股份,ylgf,38.45,0.05,4.32,10.27,374.39,0,29.54,514.54,280203,汽车,szmb,C,2021-07-09,[],0,0,buy,AA,,7.189,13.351,1.6,buy,2027-06-07,0.721,5.055,16929.86,43255.19,6.88,-107.31,,0,15:34:21,00,Y,N,0,0,Y,,2021-12-13 开始转股,计算使用0.8年期 评级为AA 债参考YTM：1.5448,N,7.0,全价：485.000 最后更新：15:34:21,,,,1,"{'G': '本次（2026年5月27日至2026年6月16日）不提前赎回，2027年5月16日后首个交易日重新计算', 'M': ''}",0,0,N,,,buy,buy
2026-09-17 12:42:18,127056,中特转债,ztzz,124.1,-0.54,000708,中信特钢,zxtg,13.1,-1.13,1.49,13.69,95.69,0,29.69,153.79,230501,钢铁,szmb,C,2022-04-15,[],0,0,buy,AAA,,9.583,17.797,7.6,buy,2028-02-25,1.441,49.996,4238.11,12110.2,0.68,-9.53,,0,15:34:45,00,Y,N,1,1,Y,转股价下修1次，成功下修1次,2022-09-05 开始转股,计算使用1.5年期 评级为AAA 债参考YTM：1.5518,N,50.0,全价：124.100 最后更新：15:34:45,,,,0,{'M': ''},0,0,N,,,buy,buy
2026-09-17 12:42:18,113054,绿动转债,ldzz,125.114,-0.19,601330,绿色动力,lsdl,8.36,1.21,1.42,8.67,96.42,0,29.75,154.86,760103,环保,shmb,C,2022-03-23,[],0,0,buy,AA+,,6.069,11.271,28.5,buy,2028-02-25,1.441,23.598,4248.54,11825.6,1.44,-8.19,,0,14:59:20,00,Y,N,0,0,Y,,2022-09-05 开始转股,计算使用1.5年期 评级为AA+ 债参考YTM：1.5793,N,23.6,全价：125.114 最后更新：14:59:20,,,,1,[],0,0,N,,,buy,buy
2026-09-17 12:42:18,110084,贵燃转债,grzz,130.81,-1.88,600903,贵州燃气,gzrq,6.47,-5.96,2.31,6.42,100.78,0,29.8,160.61,410301,公用事业,shmb,C,2022-01-18,[],0,0,buy,AA,,4.494,8.346,10.8,buy,2027-12-27,1.277,8.157,8844.11,47385.68,8.3,-11.7,,0,15:00:00,00,Y,N,2,2,Y,转股价下修2次，成功下修2次,2022-07-01 开始转股,计算使用1.3年期 评级为AA 债参考YTM：1.5878,N,10.0,全价：130.810 最后更新：15:00:00,,,,1,{'M': ''},0,0,N,,,buy,buy
2026-09-17 12:42:18,127027,能化转债,nhzz,110.003,-0.1,000552,甘肃能化,gsnh,2.48,-1.59,0.79,2.93,84.64,0,29.96,139.96,740101,煤炭,szmb,C,2021-01-22,[],0,0,buy,AAA,,2.051,3.809,21.1,buy,2026-12-10,0.23,19.463,4078.78,13355.5,1.9,-0.01,,0,15:34:18,00,Y,N,0,0,Y,,2021-06-16 开始转股,计算使用0.3年期 评级为AAA 债参考YTM：1.4987,N,28.0,全价：110.003 最后更新：15:34:18,,,,1,{'M': ''},0,0,N,,,buy,buy
2026-09-17 12:42:18,123118,惠城转债,hczz,672.0,5.0,300779,惠城环保,hchb,53.33,0.45,7.16,10.33,516.26,0,30.17,702.17,760103,环保,szcy,C,2021-07-26,[],0,0,buy,A+,,7.231,13.429,0.5,buy,2027-07-07,0.803,0.654,129724.29,31982.73,296.28,-103.61,,0,15:34:51,00,Y,N,0,0,Y,,2022-01-13 开始转股,计算使用0.9年期 评级为A+ 债参考YTM：4.1073,N,3.2,全价：672.000 最后更新：15:34:51,,,,1,"{'G': '本次（2026年8月27日至2026年9月16日）不提前赎回，自2026年12月16日后首个交易日重新计算', 'M': ''}",0,0,N,,,buy,buy
2026-09-17 12:42:18,110098,南药转债,nyzz,132.974,-0.68,600713,XD南京医,njyy,4.96,0.0,0.89,4.86,102.06,0,30.29,163.26,370402,医药生物,shmb,C,2025-01-20,[],0,0,buy,AA+,,3.402,6.318,16.9,buy,2030-12-25,4.274,10.814,5197.44,5742.15,3.61,-3.94,,0,15:00:00,00,Y,N,0,0,Y,,2025-07-01 开始转股,计算使用4.3年期 评级为AA+ 债参考YTM：1.7565,N,10.815,全价：132.974 最后更新：15:00:00,,,,0,[],0,0,N,,,buy,buy
2026-09-17 12:42:18,123104,卫宁转债,wnzz,124.2,0.25,300253,卫宁健康,wnjk,6.69,0.15,2.69,7.02,95.3,0,30.33,154.53,710401,计算机,szcy,C,2021-03-31,[],0,0,buy,AA,,4.914,9.126,7.8,buy,2027-03-16,0.493,9.699,3283.83,14083.28,2.73,-6.9,,0,15:34:45,00,Y,N,2,2,Y,转股价下修2次，成功下修2次,2021-09-22 开始转股,计算使用0.5年期 评级为AA 债参考YTM：1.5288,N,9.703,全价：124.200 最后更新：15:34:45,,,,1,{'M': ''},0,0,N,,,buy,buy
2026-09-17 12:42:18,111017,蓝天转债,ltzz,129.513,-0.27,605368,蓝天燃气,ltrq,6.67,-0.74,1.38,6.72,99.26,0,30.48,159.99,410301,公用事业,shmb,C,2023-09-08,[],0,0,buy,AA,,4.704,8.736,14.1,buy,2029-08-15,2.912,6.715,1654.4,2112.6,1.91,-4.56,,0,14:59:11,00,Y,N,1,1,Y,转股价下修1次，成功下修1次,2024-02-21 开始转股,计算使用3.0年期 评级为AA 债参考YTM：1.7125,N,8.7,全价：129.513 最后更新：14:59:11,,,,0,[],0,0,N,,,buy,buy
2026-09-17 12:42:18,113643,风语转债,fyzz,142.584,-0.04,603466,风语筑,fyz,12.85,0.71,3.55,11.8,108.9,0,30.93,173.51,720706,传媒,shmb,C,2022-04-22,[],0,0,buy,AA-,,8.26,15.34,6.5,buy,2028-03-25,1.521,4.992,13691.67,91248.58,19.17,-12.34,,0,14:59:57,00,Y,N,1,1,Y,转股价下修1次，成功下修1次,2022-10-10 开始转股,计算使用1.6年期 评级为AA- 债参考YTM：1.8718,N,5.0,全价：142.584 最后更新：14:59:57,,,,1,{'M': ''},0,0,N,,,buy,buy
2026-09-17 12:42:18,113695,华辰转债,hczz,143.775,-0.58,603097,江苏华辰,jshc,18.28,-0.87,3.75,16.68,109.59,0,31.19,174.97,630801,电力设备,shmb,C,2025-07-10,[],0,0,buy,A+,,11.676,21.684,11.2,buy,2031-06-20,4.759,4.597,2721.89,1843.18,4.12,-4.01,,0,14:59:54,00,Y,N,0,0,Y,,2025-12-26 开始转股,计算使用4.8年期 评级为A+ 债参考YTM：4.6683,N,4.6,全价：143.775 最后更新：14:59:54,,,,0,[],0,0,N,,,buy,buy
2026-09-17 12:42:18,123150,九强转债,jqzz,130.221,0.29,300406,九强生物,jqsw,11.28,0.89,1.84,11.45,98.52,0,32.18,162.4,370504,医药生物,szcy,C,2022-07-20,[],0,0,buy,AA-,,8.015,14.885,23.4,buy,2028-06-30,1.786,11.21,2079.98,2757.11,1.42,-8.05,,0,15:34:45,00,Y,N,1,1,Y,转股价下修1次，成功下修1次,2023-01-06 开始转股,计算使用1.8年期 评级为AA- 债参考YTM：1.9095,N,11.39,全价：130.221 最后更新：15:34:45,,,,1,{'M': ''},0,0,N,,,buy,buy
2026-09-17 12:42:18,123133,佩蒂转债,pdzz,129.762,0.98,300673,佩蒂股份,pdgf,14.7,3.74,2.01,15.0,98.0,0,32.41,162.17,110404,农林牧渔,szcy,C,2022-01-21,[],0,0,buy,AA-,,10.5,19.5,30.5,buy,2027-12-22,1.263,7.198,5273.65,7070.63,5.68,-7.99,,0,15:34:48,00,Y,N,2,2,Y,转股价下修2次，成功下修2次,2022-06-28 开始转股,计算使用1.3年期 评级为AA- 债参考YTM：1.8174,N,7.2,全价：129.762 最后更新：15:34:48,,,,1,[],0,0,N,,,buy,buy
2026-09-17 12:42:18,123124,晶瑞转2,jrz2,137.142,-0.14,300655,晶瑞电材,jrdc,13.24,0.91,5.51,12.79,103.52,0,32.48,169.62,270601,电子,szcy,C,2021-09-07,[],0,0,buy,A+,,8.953,16.627,3.5,buy,2027-08-16,0.912,5.224,6101.9,69277.65,8.51,-24.09,,1,15:34:45,00,Y,N,1,1,Y,转股价下修1次，成功下修1次,2022-02-21 开始转股,计算使用1.0年期 评级为A+ 债参考YTM：4.1127,N,5.23,全价：137.142 最后更新：15:34:45,,,,1,{'M': ''},0,0,N,,23年6月前不下修,buy,buy
2026-09-17 12:42:18,118035,国力转债,glzz,161.674,-0.69,688103,国力电子,gldz,75.91,-0.12,6.28,62.31,121.83,0,32.71,194.38,270401,电子,shkc,C,2023-07-06,[],0,0,buy,A+,,43.617,81.003,6.6,buy,2029-06-12,2.737,4.799,7202.66,13209.47,9.31,-10.94,,0,14:59:54,00,Y,N,0,0,Y,,2023-12-18 开始转股,计算使用2.8年期 评级为A+ 债参考YTM：4.4681,N,4.8,全价：161.674 最后更新：14:59:54,,,,0,{'M': ''},0,0,N,,,buy,buy
2026-09-17 12:42:18,118036,力合转债,lhzz,143.764,-0.27,688589,力合微,lhw,20.03,-0.55,2.77,18.5,108.27,0,32.78,176.54,270104,电子,shkc,C,2023-07-20,[],0,0,buy,AA-,,12.95,24.05,13.1,buy,2029-06-28,2.781,3.8,2240.52,4860.69,4.1,-6.82,,0,14:59:54,00,Y,N,2,2,Y,转股价下修2次，成功下修2次,2024-01-04 开始转股,计算使用2.8年期 评级为AA- 债参考YTM：2.1178,N,3.8,全价：143.764 最后更新：14:59:54,,,,0,{'M': ''},0,0,N,,,buy,buy
2026-09-17 12:42:18,127095,广泰转债,gtzz,143.826,-0.22,002111,威海广泰,whgt,9.53,-0.42,1.61,8.83,107.93,0,33.26,177.09,650201,国防军工,szmb,C,2023-11-10,[],0,0,buy,AA-,,6.181,11.479,14.9,buy,2029-10-18,3.088,6.927,2498.64,4852.22,2.51,-5.99,,0,15:34:00,00,Y,N,0,0,Y,,2024-04-24 开始转股,计算使用3.1年期 评级为AA- 债参考YTM：2.1818,N,7.0,全价：143.826 最后更新：15:34:00,,,,0,[],0,0,N,,,buy,buy
2026-09-17 12:42:18,127088,赫达转债,hdzz,166.416,-1.0,002810,山东赫达,sdhd,20.65,-0.72,3.06,16.61,124.32,0,33.86,200.28,220309,基础化工,szmb,C,2023-07-19,[],0,0,buy,AA-,,11.627,21.593,9.0,buy,2029-07-03,2.795,5.996,2288.06,4369.02,2.28,-11.6,,0,15:34:36,00,Y,N,0,0,N,2026-09-15 至 2026-09-22 期间暂停转股：权益分派,2024-01-08 开始转股;2026-09-15 至 2026-09-22 期间暂停转股：权益分派,计算使用2.8年期 评级为AA- 债参考YTM：2.1178,N,6.0,全价：166.416 最后更新：15:34:36,,,,0,"{'G': '本次（2026年3月30日至2026年4月20日）不提前赎回，自2026年10月21日起重新计算', 'M': ''}",0,0,N,,,buy,buy
2026-09-17 12:42:18,110097,天润转债,trzz,139.797,-0.33,600419,天润乳业,trry,8.54,0.83,1.08,8.19,104.27,0,34.07,173.87,340702,食品饮料,shmb,C,2024-11-15,[],0,0,buy,AA,,5.733,10.647,36.7,buy,2030-10-24,4.104,9.889,3976.15,2967.3,2.87,-4.78,,0,14:59:10,00,Y,N,0,0,Y,,2025-04-30 开始转股,计算使用4.2年期 评级为AA 债参考YTM：1.8056,N,9.9,全价：139.797 最后更新：14:59:10,,,,0,[],0,0,N,,,buy,buy
2026-09-17 12:42:18,113640,苏利转债,slzz,129.453,0.07,603585,苏利股份,slgf,10.46,0.58,1.0,10.84,96.49,0,34.16,163.61,220803,基础化工,shmb,C,2022-03-10,[],0,0,buy,AA-,,7.588,14.092,26.1,buy,2028-02-16,1.416,7.39,4352.38,3380.05,4.56,-6.98,,0,14:59:25,00,Y,N,2,2,Y,转股价下修2次，成功下修2次,2022-08-22 开始转股,计算使用1.5年期 评级为AA- 债参考YTM：1.8531,N,9.572,全价：129.453 最后更新：14:59:25,,,,1,[],0,0,N,,,buy,buy
2026-09-17 12:42:18,127105,龙星转债,lxzz,132.986,-0.24,002442,龙星科技,lxkj,5.74,1.06,1.54,5.8,98.97,0,34.38,167.37,220603,基础化工,szmb,C,2024-03-06,[],0,0,buy,AA-,,4.06,7.54,26.7,buy,2030-01-31,3.375,7.533,45576.24,53864.52,45.39,-3.22,,0,15:34:45,00,Y,N,0,0,Y,,2024-08-07 开始转股,计算使用3.4年期 评级为AA- 债参考YTM：2.2166,N,7.54,全价：132.986 最后更新：15:34:45,,,,0,[],0,0,N,,,buy,buy
2026-09-17 12:42:18,118007,山石转债,sszz,141.917,-0.1,688030,山石网科,sswk,17.42,-1.19,4.41,16.5,105.58,0,34.42,176.34,710402,计算机,shkc,C,2022-04-21,[],0,0,buy,A-,,11.55,21.45,8.5,buy,2028-03-22,1.512,2.671,5731.71,10409.68,15.05,-12.41,,0,14:59:58,00,Y,N,1,1,Y,转股价下修1次，成功下修1次,2022-09-28 开始转股,计算使用1.6年期 评级为A- 债参考YTM：8.9130,N,2.674,全价：141.917 最后更新：14:59:58,,,,1,{'M': ''},0,0,N,,,buy,buy
2026-09-17 12:42:18,128142,新乳转债,xrzz,111.004,-0.04,002946,新乳业,xry,14.43,0.56,3.42,17.5,82.46,0,34.62,145.62,340702,食品饮料,szmb,C,2021-01-19,[],0,0,buy,AA,,12.25,22.75,5.8,buy,2026-12-18,0.252,7.178,881.82,4782.67,1.11,-3.63,,0,15:34:51,00,Y,N,0,0,Y,,2021-06-24 开始转股,计算使用0.3年期 评级为AA 债参考YTM：1.5287,N,7.18,全价：111.004 最后更新：15:34:51,,,,1,{'M': ''},0,0,N,,,buy,buy
2026-09-17 12:42:18,123114,三角转债,sjzz,123.67,-0.46,300775,三角防务,sjfw,20.82,-1.09,1.89,22.69,91.76,0,34.78,158.45,650201,国防军工,szcy,C,2021-06-11,[],0,0,buy,AA-,,15.883,29.497,8.1,buy,2027-05-25,0.685,8.999,3475.09,15651.64,3.11,-10.28,,0,15:34:51,00,Y,N,1,1,Y,转股价下修1次，成功下修1次,2021-11-30 开始转股,计算使用0.7年期 评级为AA- 债参考YTM：1.7347,N,9.044,全价：123.670 最后更新：15:34:51,,,,1,{'M': ''},0,0,N,,,buy,buy
2026-09-17 12:42:18,110075,南航转债,nhzz,106.362,-0.02,600029,南方航空,nfhk,4.86,0.41,2.92,6.17,78.77,0,35.03,141.39,421001,交通运输,shmb,C,2020-11-03,[],0,0,buy,AAA,,4.319,8.021,9.0,buy,2026-10-15,0.077,58.958,11325.3,16569.99,1.81,1.75,,0,14:59:08,00,Y,N,0,0,Y,,2021-04-21 开始转股,计算使用0.1年期 评级为AAA 债参考YTM：1.4902,N,160.0,全价：106.362 最后更新：14:59:08,,,,1,"{'R': '到期\n最后交易日：2026-10-09\n最后转股日：2026-10-14\n债券到期日：2026-10-15\n到期赎回价：106.500元/张', 'M': ''}",0,0,N,,,buy,buy
2026-09-17 12:42:18,118027,宏图转债,htzz,89.043,-0.05,688066,*ST航图,htht,8.65,-3.14,-1.67,13.12,65.93,0,35.06,124.1,710301,计算机,shkc,C,2022-12-22,[],0,0,buy,CC,,9.184,17.056,41.2,buy,2028-11-28,2.2,9.475,10264.67,4461.41,12.22,14.47,,0,14:59:56,00,Y,N,4,3,Y,转股价下修4次，成功下修3次,2023-06-02 开始转股,计算使用2.2年期 评级为CC 债参考YTM：58.2381,Y,10.088,全价：89.043 最后更新：14:59:56,,,"按下调到底估算
股东大会：2026-09-18
预估转股价：8.68
预估转股价值：99.65
期权价值：48.74
理论价值：93.50
理论偏离度：-5.01%",0,[],0,0,N,,,buy,buy
2026-09-17 12:42:18,123131,奥飞转债,afzz,263.9,0.48,300738,奥飞数据,afsj,19.57,0.77,5.18,10.05,194.73,0,35.52,299.42,730104,通信,szcy,C,2021-12-22,[],0,0,buy,A+,,7.035,13.065,1.6,buy,2027-12-03,1.211,3.159,20957.71,46504.12,25.01,-49.26,,0,15:34:39,00,Y,N,0,0,Y,,2022-06-09 开始转股,计算使用1.3年期 评级为A+ 债参考YTM：4.1531,N,6.35,全价：263.900 最后更新：15:34:39,,,,1,"{'G': '本次（2026年5月21日至2026年6月10日）不提前赎回，以2026年12月10日后的首个交易日重新计算', 'M': ''}",0,0,N,,,buy,buy
2026-09-17 12:42:18,118034,晶能转债,jnzz,116.398,-0.42,688223,晶科能源,jkny,3.74,-1.06,1.59,4.36,85.78,0,35.69,152.09,630502,电力设备,shkc,C,2023-05-19,[],0,0,buy,AA+,,3.052,5.232,21.7,buy,2029-04-20,2.592,83.22,8277.35,17852.41,0.85,-1.74,,0,14:59:59,00,Y,N,2,2,Y,转股价下修2次，成功下修2次,2023-10-26 开始转股,计算使用2.6年期 评级为AA+ 债参考YTM：1.6573,N,100.0,全价：116.398 最后更新：14:59:59,,,,0,{'M': ''},0,0,N,120%,,buy,buy
2026-09-17 12:42:18,111012,福新转债,fxzz,368.057,-0.22,605488,福莱新材,flxc,30.13,3.04,3.98,11.11,271.2,0,35.72,403.78,220505,基础化工,shmb,C,2023-02-07,[],0,0,buy,A+,,7.777,14.443,1.1,buy,2029-01-04,2.301,1.016,49957.65,30674.12,132.26,-39.22,,0,14:59:59,00,Y,N,0,0,Y,,2023-07-10 开始转股,计算使用2.4年期 评级为A+ 债参考YTM：4.3775,N,4.29,全价：368.057 最后更新：14:59:59,,,,0,{'G': '本次（2026年6月22日至2026年7月10日）不提前赎回，自2026年10月10日之后的首个交易日重新起算'},0,0,N,,,buy,buy
2026-09-17 12:42:18,113636,甬金转债,yjzz,131.839,-0.04,603995,甬金股份,yjgf,25.42,1.19,1.52,26.22,96.95,0,35.99,167.83,230501,钢铁,shmb,C,2021-12-31,[],0,0,buy,AA-,,18.354,34.086,10.8,buy,2027-12-13,1.238,9.995,2235.42,9605.37,1.7,-9.02,,0,14:59:29,00,Y,N,1,1,Y,转股价下修1次，成功下修1次,2022-06-17 开始转股,计算使用1.3年期 评级为AA- 债参考YTM：1.8174,N,10.0,全价：131.839 最后更新：14:59:29,,,,1,{'M': ''},0,0,N,,,buy,buy
2026-09-17 12:42:18,113661,福22转债,f22zz,130.752,-1.26,603806,福斯特,fst,14.02,-2.09,2.18,14.59,96.09,0,36.07,166.82,630504,电力设备,shmb,C,2022-12-22,[],0,0,buy,AA,,10.213,18.967,8.3,buy,2028-11-22,2.184,30.297,4979.25,20553.66,1.25,-6.47,,0,14:59:49,00,Y,N,1,1,Y,转股价下修1次，成功下修1次,2023-05-29 开始转股,计算使用2.2年期 评级为AA 债参考YTM：1.6611,N,30.3,全价：130.752 最后更新：14:59:49,,,,0,{'M': ''},0,0,N,,,buy,buy
2026-09-17 12:42:18,118016,京源转债,jyzz,145.028,-0.32,688096,京源环保,jyhb,7.33,-2.53,2.02,6.91,106.08,0,36.72,181.75,760102,环保,shkc,C,2022-08-25,[],0,0,buy,A,,4.837,8.983,9.8,buy,2028-08-05,1.885,1.675,2937.13,4775.72,12.1,-10.69,,0,14:59:56,00,Y,N,0,0,Y,,2023-02-13 开始转股,计算使用1.9年期 评级为A 债参考YTM：6.6265,N,3.325,全价：145.028 最后更新：14:59:56,,,,1,{'M': ''},0,0,N,,,buy,buy
2026-09-17 12:42:18,123173,恒锋转债,hfzz,135.895,-0.14,300605,恒锋信息,hfxx,9.93,0.61,3.77,10.0,99.3,0,36.85,172.75,710401,计算机,szcy,C,2023-02-08,[],0,0,buy,BBB+,,7.0,13.0,18.6,buy,2028-12-30,2.288,2.33,1520.32,4115.29,4.81,-5.66,,0,15:33:54,00,Y,N,1,1,Y,转股价下修1次，成功下修1次,2023-07-06 开始转股,计算使用2.3年期 评级为BBB+ 债参考YTM：12.2219,N,2.424,全价：135.895 最后更新：15:33:54,,,,0,[],0,0,N,,,buy,buy
2026-09-17 12:42:18,113610,灵康转债,lkzz,121.546,0.93,603669,灵康药业,lkyy,5.77,5.29,6.41,6.5,88.77,0,36.92,158.47,370102,医药生物,shmb,C,2020-12-22,[],0,0,buy,A-,,4.55,8.45,6.2,buy,2026-12-01,0.206,2.528,4353.48,24897.3,14.2,-26.57,,0,14:59:52,00,Y,N,3,3,N,"转股价下修3次，成功下修3次
2026-09-17 至 2026-09-17 期间暂停转股：下修转股价
转股价6.500生效日期2025-08-01",2021-06-07 开始转股;2026-09-17 至 2026-09-17 期间暂停转股：下修转股价,计算使用0.3年期 评级为A- 债参考YTM：8.7387,N,5.25,全价：121.546 最后更新：14:59:52,,,,1,[],0,0,N,,,buy,buy
2026-09-17 12:42:18,118064,联瑞转债,lrzz,379.893,-4.3,688300,联瑞新材,lrxc,174.69,-6.4,23.62,63.05,277.07,0,37.11,417.0,220901,基础化工,shkc,C,2026-01-28,[],0,0,buy,AA,,44.135,81.965,1.6,buy,2032-01-08,5.312,6.949,150469.47,238258.37,55.6,-20.51,,0,15:00:00,00,Y,N,0,0,Y,,2026-07-14 开始转股,计算使用5.4年期 评级为AA 债参考YTM：1.8943,N,6.95,全价：379.893 最后更新：15:00:00,,,,0,"{'G': '本次（2026年7月14日至2026年8月3日）不提前赎回，以2026年11月4日为首个交易日重新计算', 'M': ''}",0,0,N,,,buy,buy
2026-09-17 12:42:18,111024,澳弘转债,ahzz,199.688,-3.21,605058,澳弘电子,ahdz,48.76,9.99,3.88,33.54,145.38,0,37.36,237.05,270202,电子,shmb,C,2026-01-16,[],0,0,buy,AA-,,23.478,43.602,8.3,buy,2031-12-11,5.236,5.799,515649.8,108076.68,421.19,-10.01,,0,15:00:00,00,Y,N,0,0,Y,,2026-06-17 开始转股,计算使用5.3年期 评级为AA- 债参考YTM：2.4264,N,5.8,全价：199.688 最后更新：15:00:00,,,,0,[],0,0,N,,,buy,buy
2026-09-17 12:42:18,127082,亚科转债,ykzz,132.015,-0.14,002540,亚太科技,ytkj,4.99,-0.2,1.11,5.22,95.59,0,38.1,170.12,240301,有色金属,szmb,C,2023-04-27,[],0,0,buy,AA,,3.654,6.786,27.1,buy,2029-03-09,2.477,11.585,1827.98,3434.63,1.2,-5.41,,0,15:34:51,00,Y,N,0,0,Y,,2023-09-15 开始转股,计算使用2.5年期 评级为AA 债参考YTM：1.6811,N,11.59,全价：132.015 最后更新：15:34:51,,,,0,[],0,0,N,,,buy,buy
2026-09-17 12:42:18,123144,裕兴转债,yxzz,127.888,-0.76,300305,裕兴股份,yxgf,6.45,-1.68,1.23,7.0,92.14,0,38.79,166.68,220505,基础化工,szcy,C,2022-04-27,[],0,0,buy,A,,4.9,9.1,28.9,buy,2028-04-11,1.567,5.997,2284.88,7774.06,2.98,-5.59,,0,15:33:57,00,Y,N,2,2,Y,转股价下修2次，成功下修2次,2022-10-17 开始转股,计算使用1.6年期 评级为A 债参考YTM：6.5630,N,6.0,全价：127.888 最后更新：15:33:57,,,,1,[],0,0,N,,,buy,buy
2026-09-17 12:42:18,113659,莱克转债,lkzz,131.352,-1.2,603355,莱克电气,lkdq,30.0,-3.07,2.89,31.72,94.58,0,38.88,170.23,330302,家用电器,shmb,C,2022-11-15,[],0,0,buy,AA,,22.204,41.236,7.0,buy,2028-10-14,2.077,11.998,6441.12,12354.02,4.07,-7.01,,0,14:59:46,00,Y,N,0,0,Y,,2023-04-20 开始转股,计算使用2.1年期 评级为AA 债参考YTM：1.6537,N,12.0,全价：131.352 最后更新：14:59:46,,,,0,{'M': ''},0,0,N,,,buy,buy
2026-09-17 12:42:18,113677,华懋转债,hmzz,332.99,-1.14,603306,华懋科技,hmkj,80.41,-0.51,6.94,33.66,238.89,0,39.39,372.38,280202,汽车,shmb,C,2023-10-12,[],0,0,buy,AA-,,23.562,43.758,4.0,buy,2029-09-14,2.995,10.489,61827.23,78293.24,17.55,-30.11,,0,15:00:00,00,Y,N,0,0,Y,,2024-03-20 开始转股,计算使用3.0年期 评级为AA- 债参考YTM：2.1625,N,10.5,全价：332.990 最后更新：15:00:00,,,,0,"{'G': '本次（2026年6月29日至2026年7月17日）不提前赎回，自2026年10月17日之后的首个交易日重新起算', 'M': ''}",0,0,N,,,buy,buy
2026-09-17 12:42:18,123176,精测转2,jcz2,442.6,-0.16,300567,精测电子,jcdz,204.77,-0.72,9.85,64.51,317.42,0,39.44,482.04,640107,机械设备,szcy,C,2023-03-22,[],0,0,buy,AA-,,45.157,83.863,2.7,buy,2029-03-02,2.458,12.753,84019.48,130995.71,14.83,-42.55,,0,15:34:00,00,Y,N,0,0,Y,,2023-09-08 开始转股,计算使用2.5年期 评级为AA- 债参考YTM：2.0486,N,12.76,全价：442.600 最后更新：15:34:00,,,,0,"{'G': '本次（2026年7月16日至2026年8月5日）不提前赎回，自2027年2月5日后首个交易日重新计算', 'M': ''}",0,0,N,,,buy,buy
2026-09-17 12:42:18,118044,赛特转债,stzz,160.81,5.15,688398,赛特新材,stxc,21.73,1.92,3.2,18.85,115.28,0,39.5,200.31,220309,基础化工,shkc,C,2023-10-12,[],0,0,buy,A+,,13.195,24.505,12.1,buy,2029-09-11,2.986,4.42,37850.35,6036.05,54.06,-10.37,,0,14:59:59,00,Y,N,1,1,Y,转股价下修1次，成功下修1次,2024-03-15 开始转股,计算使用3.0年期 评级为A+ 债参考YTM：4.5125,N,4.42,全价：160.810 最后更新：14:59:59,,,,0,"{'G': '本次（2026年3月10日至2026年4月20日）不提前赎回，以2026年10月21日起算', 'M': ''}",0,0,N,,,buy,buy
2026-09-17 12:42:18,127060,湘佳转债,xjzz,124.56,0.19,002982,湘佳股份,xjgf,12.31,1.48,1.48,13.8,89.2,0,39.64,164.2,110703,农林牧渔,szmb,C,2022-06-10,[],0,0,buy,A+,,9.66,17.94,40.0,buy,2028-04-19,1.589,6.399,2502.08,4492.79,3.15,-6.74,,0,15:34:48,00,Y,N,1,1,Y,转股价下修1次，成功下修1次,2022-10-25 开始转股,计算使用1.6年期 评级为A+ 债参考YTM：4.2130,N,6.4,全价：124.560 最后更新：15:34:48,,,,0,[],0,0,N,,,buy,buy
2026-09-17 12:42:18,123241,欧通转债,otzz,916.5,-0.81,300870,欧陆通,olt,201.72,-1.98,11.71,30.8,654.94,0,39.94,956.44,630306,电力设备,szcy,C,2024-07-26,[],0,0,buy,AA-,,21.56,40.04,0.8,buy,2030-07-05,3.8,2.604,69262.13,96380.33,28.87,-42.33,,0,15:34:03,00,Y,N,0,0,Y,,2025-01-13 开始转股,计算使用3.8年期 评级为AA- 债参考YTM：2.2381,N,6.445,全价：916.500 最后更新：15:34:03,,,,0,"{'G': '本次（2026年8月10日至2026年8月28日）不提前赎回，自2026年11月28日后首个交易日重新计算', 'M': ''}",0,0,N,,,buy,buy
2026-09-17 12:42:18,127050,麒麟转债,qlzz,119.89,-0.17,002984,森麒麟,sql,12.87,0.55,0.96,15.07,85.4,0,40.38,160.27,280204,汽车,szmb,C,2021-12-06,[],0,0,buy,AA,,10.549,19.591,22.7,buy,2027-11-11,1.151,20.86,3215.39,7461.64,1.28,-5.98,,0,15:34:18,00,Y,N,2,2,Y,转股价下修2次，成功下修2次,2022-05-17 开始转股,计算使用1.2年期 评级为AA 债参考YTM：1.5794,N,21.989,全价：119.890 最后更新：15:34:18,,,,1,{'M': ''},0,0,N,,,buy,buy
2026-09-17 12:42:18,127064,杭氧转债,hyzz,138.198,-0.66,002430,杭氧股份,hygf,25.27,-1.67,2.43,25.67,98.44,0,40.39,178.59,220309,基础化工,szmb,C,2022-07-05,[],0,0,buy,AA+,,17.969,33.371,4.6,buy,2028-05-19,1.671,11.364,4444.8,23763.24,2.83,-12.99,,0,15:34:51,00,Y,N,1,1,Y,转股价下修1次，成功下修1次,2022-11-25 开始转股,计算使用1.7年期 评级为AA+ 债参考YTM：1.5983,N,11.37,全价：138.198 最后更新：15:34:51,,,,1,{'M': ''},0,0,N,,,buy,buy
2026-09-17 12:42:18,111004,明新转债,mxzz,134.065,1.54,605068,明新旭腾,mxxt,19.21,0.58,1.88,20.15,95.34,0,40.63,174.7,280202,汽车,shmb,C,2022-04-25,[],0,0,buy,AA-,,14.105,26.195,21.6,buy,2028-03-30,1.534,6.715,10917.84,7279.62,12.19,-8.36,,0,15:00:00,00,Y,N,1,1,Y,转股价下修1次，成功下修1次,2022-10-10 开始转股,计算使用1.6年期 评级为AA- 债参考YTM：1.8718,N,6.73,全价：134.065 最后更新：15:00:00,,,,1,[],0,0,N,,,buy,buy
2026-09-17 12:42:18,123199,山河转债,shzz,137.76,0.49,300452,山河药辅,shyf,12.72,1.35,2.88,13.0,97.85,0,40.79,178.55,370101,医药生物,szcy,C,2023-07-07,[],0,0,buy,A+,,9.1,16.9,12.7,buy,2029-06-12,2.737,3.197,1870.67,3525.73,4.26,-7.56,,0,15:34:09,00,Y,N,1,1,Y,转股价下修1次，成功下修1次,2023-12-18 开始转股,计算使用2.8年期 评级为A+ 债参考YTM：4.4681,N,3.2,全价：137.760 最后更新：15:34:09,,,,0,[],0,0,N,,,buy,buy
2026-09-17 12:42:18,127046,百润转债,brzz,123.432,-0.44,002568,百润股份,brgf,17.77,-0.39,3.61,20.33,87.41,0,41.21,164.64,340602,食品饮料,szmb,C,2021-11-03,[],0,0,buy,AA,,14.231,26.429,8.4,buy,2027-09-29,1.033,11.274,3931.81,15467.13,2.82,-9.29,,0,15:34:36,00,Y,N,1,1,Y,转股价下修1次，成功下修1次,2022-04-12 开始转股,计算使用1.1年期 评级为AA 债参考YTM：1.5711,N,11.28,全价：123.432 最后更新：15:34:36,,,,0,{'M': ''},0,0,N,,,buy,buy
2026-09-17 12:42:18,127099,盛航转债,shzz,133.308,0.13,001205,盛航股份,shgf,14.45,0.91,1.23,15.33,94.26,0,41.43,174.74,421101,交通运输,szmb,C,2023-12-28,[],0,0,buy,AA-,,10.731,19.929,18.9,buy,2029-12-06,3.222,4.541,2237.43,5830.79,3.71,-3.36,,0,15:34:42,00,Y,N,1,1,Y,转股价下修1次，成功下修1次,2024-06-12 开始转股,计算使用3.3年期 评级为AA- 债参考YTM：2.2081,N,7.4,全价：133.308 最后更新：15:34:42,,,,0,[],0,0,N,,,buy,buy
2026-09-17 12:42:18,123194,百洋转债,byzz,132.036,0.03,301015,百洋医药,byyy,23.14,0.96,5.08,24.79,93.34,0,41.45,173.49,370402,医药生物,szcy,C,2023-05-05,[],0,0,buy,AA-,,17.353,32.227,7.0,buy,2029-04-14,2.575,8.459,3180.87,8141.08,2.84,-4.83,,0,15:34:06,00,Y,N,0,0,Y,,2023-10-20 开始转股,计算使用2.6年期 评级为AA- 债参考YTM：2.0716,N,8.6,全价：132.036 最后更新：15:34:06,,,,0,{'M': ''},0,0,N,,,buy,buy
2026-09-17 12:42:18,123209,聚隆转债,jlzz,155.775,-0.65,300644,南京聚隆,njjl,19.28,0.1,1.93,17.52,110.05,0,41.55,197.33,220503,基础化工,szcy,C,2023-08-17,[],0,0,buy,A+,,12.264,22.776,9.8,buy,2029-07-26,2.858,1.672,1134.15,2475.87,4.35,-9.68,,0,15:33:57,00,Y,N,0,0,Y,,2024-02-01 开始转股,计算使用2.9年期 评级为A+ 债参考YTM：4.4906,N,2.185,全价：155.775 最后更新：15:33:57,,,,0,[],0,0,N,,,buy,buy
2026-09-17 12:42:18,127055,精装转债,jzzz,179.701,-0.26,002989,中天精装,ztjz,23.39,-0.89,3.35,18.5,126.43,0,42.13,221.83,620201,建筑装饰,szmb,C,2022-03-24,[],0,0,buy,AA-,,12.95,24.05,4.5,buy,2028-02-22,1.433,2.081,10759.57,13907.31,28.47,-26.15,,0,15:34:24,00,Y,N,0,0,Y,,2022-08-29 开始转股,计算使用1.5年期 评级为AA- 债参考YTM：1.8531,N,5.77,全价：179.701 最后更新：15:34:24,,,,1,{'G': '本次（2026年2月24日至2026年3月16日）不提前赎回，自2027年3月16日后首个交易日重新计算'},0,0,N,,,buy,buy
2026-09-17 12:42:18,127031,洋丰转债,yfzz,117.411,-1.15,000902,新洋丰,xyf,13.86,0.07,1.38,16.79,82.55,0,42.23,159.64,220805,基础化工,szmb,C,2021-04-23,[],0,0,buy,AA,,11.753,21.827,6.3,buy,2027-03-25,0.518,9.999,3368.1,7823.51,2.86,-8.95,,0,15:34:21,00,Y,N,1,1,Y,转股价下修1次，成功下修1次,2021-10-08 开始转股,计算使用0.6年期 评级为AA 债参考YTM：1.5321,N,10.0,全价：117.411 最后更新：15:34:21,,,,1,{'M': ''},0,0,N,,,buy,buy
2026-09-17 12:42:18,113673,岱美转债,dmzz,195.271,6.02,603730,岱美股份,dmgf,9.75,2.63,4.45,7.12,136.94,0,42.6,237.87,280202,汽车,shmb,C,2023-08-10,[],0,0,buy,AA,,4.984,9.256,4.3,buy,2029-07-18,2.836,9.078,68776.61,16975.93,39.31,-17.17,,0,15:00:00,00,Y,N,1,1,Y,转股价下修1次，成功下修1次,2024-01-24 开始转股,如不考虑强赎纯债价值为109.98元，计算使用2.9年期 评级为AA 债参考YTM：1.7060,N,9.079,全价：195.271 最后更新：15:00:00,,,,0,"{'B': '', 'M': ''}",0,0,N,,,buy,buy
2026-09-17 12:42:18,123222,博俊转债,bjzz,142.194,0.76,300926,博俊科技,bjkj,16.41,1.61,1.91,16.46,99.7,0,42.63,184.82,280205,汽车,szcy,C,2023-09-28,[],0,0,buy,A+,,11.522,21.398,5.0,buy,2029-09-08,2.978,2.438,3166.68,4516.69,9.16,-6.07,,0,15:34:00,00,Y,N,0,0,Y,,2024-03-14 开始转股,计算使用3.0年期 评级为A+ 债参考YTM：4.5125,N,5.0,全价：142.194 最后更新：15:34:00,,,,0,{'M': ''},0,0,N,,,buy,buy
2026-09-17 12:42:18,123225,翔丰转债,xfzz,136.987,-0.34,300890,翔丰华,xfh,26.2,-1.09,1.36,27.34,95.83,0,42.95,179.94,630702,电力设备,szcy,C,2023-10-26,[],0,0,buy,AA-,,19.138,35.542,19.5,buy,2029-10-10,3.066,5.585,2691.9,9735.65,3.52,-3.66,,0,15:34:06,00,Y,N,1,1,Y,转股价下修1次，成功下修1次,2024-04-16 开始转股,计算使用3.1年期 评级为AA- 债参考YTM：2.1818,N,8.0,全价：136.987 最后更新：15:34:06,,,,0,{'M': ''},0,0,N,,,buy,buy
2026-09-17 12:42:18,118056,路维转债,lwzz,275.527,-1.08,688401,路维光电,lwgd,67.99,0.68,8.07,35.29,192.66,0,43.01,318.54,270103,电子,shkc,C,2025-07-10,[],0,0,buy,AA-,,24.703,45.877,4.7,buy,2031-06-11,4.734,6.144,48919.42,38597.41,28.74,-16.91,,0,15:00:00,00,Y,N,0,0,Y,,2025-12-17 开始转股,计算使用4.8年期 评级为AA- 债参考YTM：2.3157,N,6.15,全价：275.527 最后更新：15:00:00,,,,0,"{'G': '本次（2026年7月30日至2026年8月19日)不提前赎回，以2026年11月20日为首个交易日重新计算', 'M': ''}",0,0,N,,,buy,buy
2026-09-17 12:42:18,118059,颀中转债,qzzz,201.772,2.47,688352,颀中科技,qzkj,19.32,0.47,3.98,13.7,141.02,0,43.08,244.85,270107,电子,shkc,C,2025-11-21,[],0,0,buy,AA+,,9.59,17.81,12.0,buy,2031-11-03,5.132,8.498,40755.2,37843.66,23.97,-10.9,,0,15:00:00,00,Y,N,0,0,Y,,2026-05-07 开始转股,计算使用5.2年期 评级为AA+ 债参考YTM：1.7835,N,8.5,全价：201.772 最后更新：15:00:00,,,,0,"{'G': '本次（2026年5月26日至2026年6月17日）不提前赎回，以2026年12月18日为首个交易日重新计算', 'M': ''}",0,0,N,,,buy,buy
2026-09-17 12:42:18,118013,道通转债,dtzz,167.473,-1.46,688208,道通科技,dtkj,25.09,-1.41,4.28,21.48,116.81,0,43.38,210.85,710103,计算机,shkc,C,2022-07-28,[],0,0,buy,AA,,15.036,27.924,7.6,buy,2028-07-08,1.808,12.796,2787.17,10104.15,1.29,-18.22,,0,14:59:48,00,Y,N,0,0,Y,,2023-01-16 开始转股,计算使用1.9年期 评级为AA 债参考YTM：1.6374,N,12.8,全价：167.473 最后更新：14:59:48,,,,1,{'M': ''},0,0,N,,,buy,buy
2026-09-17 12:42:18,113067,燃23转债,r23zz,125.706,-0.63,601139,深圳燃气,szrq,6.34,-1.71,1.09,7.24,87.57,0,43.55,169.26,410301,公用事业,shmb,C,2023-08-18,[],0,0,buy,AAA,,5.068,9.412,16.4,buy,2029-07-27,2.86,29.999,3002.16,10557.49,0.8,-4.62,,0,14:58:19,00,Y,N,0,0,Y,,2024-02-02 开始转股,计算使用2.9年期 评级为AAA 债参考YTM：1.6280,N,30.0,全价：125.706 最后更新：14:58:19,,,,0,{'M': ''},0,0,N,,,buy,buy
2026-09-17 12:42:18,113704,春风转债,cfzz,173.312,-1.8,603129,春风动力,cfdl,291.1,-1.95,5.57,241.7,120.44,90,43.9,217.21,280402,汽车,shmb,C,2026-07-07,[],0,0,buy,AA+,,169.19,314.21,4.9,buy,2032-06-09,5.732,21.79,8523.71,50809.74,2.24,-7.38,,0,14:59:57,00,Y,N,0,0,Y,,未到转股期；2026-12-16 开始转股,计算使用5.8年期 评级为AA+ 债参考YTM：1.8633,N,21.79,全价：173.312 最后更新：14:59:57,,,,0,{'M': ''},0,0,N,,,buy,buy
2026-09-17 12:42:18,123165,回天转债,htzz,134.801,-0.14,300041,回天新材,htxc,11.01,0.27,1.95,11.8,93.31,0,44.47,179.27,220316,基础化工,szcy,C,2022-11-15,[],0,0,buy,AA-,,8.26,15.34,14.2,buy,2028-10-27,2.112,8.496,4004.99,19779.54,3.49,-6.04,,0,15:34:51,00,Y,N,1,1,Y,转股价下修1次，成功下修1次,2023-05-04 开始转股,计算使用2.2年期 评级为AA- 债参考YTM：1.9834,N,8.5,全价：134.801 最后更新：15:34:51,,,,0,{'M': ''},0,0,N,,,buy,buy
2026-09-17 12:42:18,113048,晶科转债,jkzz,113.8,-0.33,601778,晶科科技,jkkj,3.52,-2.49,0.79,4.47,78.75,0,44.51,158.31,410106,公用事业,shmb,C,2021-05-31,[],0,0,buy,AA,,3.129,5.811,11.8,buy,2027-04-23,0.597,15.453,5933.0,34199.53,3.38,-2.66,,0,14:59:51,00,Y,N,2,2,Y,转股价下修2次，成功下修2次,2021-10-29 开始转股,计算使用0.6年期 评级为AA 债参考YTM：1.5321,N,30.0,全价：113.800 最后更新：14:59:51,,,,1,{'M': ''},0,0,N,,,buy,buy
2026-09-17 12:42:18,123158,宙邦转债,zbzz,258.5,-0.19,300037,新宙邦,xzb,72.4,-1.5,4.77,40.49,178.81,0,44.57,303.07,630702,电力设备,szcy,C,2022-10-21,[],0,0,buy,AA,,28.343,52.637,4.6,buy,2028-09-26,2.027,18.046,20332.18,69575.16,4.33,-33.88,,0,15:33:57,00,Y,N,0,0,Y,,2023-03-30 开始转股,计算使用2.1年期 评级为AA 债参考YTM：1.6537,N,19.7,全价：258.500 最后更新：15:33:57,,,,0,"{'G': '本次（2026年7月23日至2026年8月12日）不提前赎回，自2027年2月12日后首个交易日重新计算', 'M': ''}",0,0,N,,,buy,buy
2026-09-17 12:42:18,123269,金杨转债,jyzz,156.2,1.88,301210,金杨精密,jygf,30.34,3.62,2.4,28.24,107.44,39,45.39,201.59,630701,电力设备,szcy,C,2026-05-11,[],0,0,buy,AA-,,19.768,36.712,52.6,buy,2032-04-19,5.592,9.8,22823.8,27229.48,14.83,-5.58,,0,15:34:21,00,Y,N,0,0,Y,,未到转股期；2026-10-26 开始转股,计算使用5.6年期 评级为AA- 债参考YTM：2.6067,N,9.8,全价：156.200 最后更新：15:34:21,,,,0,{'M': ''},0,0,N,,,buy,buy
2026-09-17 12:42:18,123284,强达转债,qdzz,207.925,-2.43,301628,强达电路,qddl,120.1,-3.45,7.59,84.04,142.91,161,45.5,253.43,270202,电子,szcy,C,2026-09-03,[],0,0,buy,AA-,,58.828,109.252,15.8,buy,2032-08-18,5.923,5.5,47492.55,52597.78,41.01,-9.78,,0,15:33:57,00,Y,N,0,0,Y,,未到转股期；2027-02-25 开始转股,计算使用6.0年期 评级为AA- 债参考YTM：2.8299,N,5.5,全价：207.925 最后更新：15:33:57,,,,0,{'M': ''},0,0,N,,,buy,buy
2026-09-17 12:42:18,110103,申能转债,snzz,143.583,-1.37,600642,申能股份,sngf,8.61,-0.81,1.03,8.74,98.51,137,45.75,189.33,410101,公用事业,shmb,C,2026-08-13,[],0,0,buy,AAA,,6.118,11.362,4.7,buy,2032-07-23,5.852,20.0,6915.71,13250.48,2.4,-4.48,,0,14:59:56,00,Y,N,0,0,Y,,未到转股期；2027-02-01 开始转股,计算使用5.9年期 评级为AAA 债参考YTM：1.7638,N,20.0,全价：143.583 最后更新：14:59:56,,,,0,{'M': ''},0,0,N,,,buy,buy
2026-09-17 12:42:18,123255,鼎龙转债,dlzz,366.6,1.41,300054,鼎龙股份,dlgf,71.15,1.08,12.04,28.38,250.71,0,46.23,412.83,270601,电子,szcy,C,2025-04-23,[],0,0,buy,AA,,19.866,36.894,1.7,buy,2031-04-02,4.543,9.095,71733.72,183931.24,21.64,-22.87,,0,15:34:09,00,Y,N,0,0,Y,,2025-10-09 开始转股,计算使用4.6年期 评级为AA 债参考YTM：1.8244,N,9.1,全价：366.600 最后更新：15:34:09,,,,0,"{'G': '本次（2026年4月8日至2026年4月28日）不提前赎回，自2026年10月28日后首个交易日重新计算', 'M': ''}",0,0,N,,,buy,buy
2026-09-17 12:42:18,123211,阳谷转债,ygzz,151.327,-1.03,300121,阳谷华泰,yght,9.52,-1.96,1.17,9.2,103.48,0,46.24,197.57,220604,基础化工,szcy,C,2023-08-14,[],0,0,buy,AA-,,6.44,11.96,7.5,buy,2029-07-27,2.86,3.07,4802.24,10705.02,10.32,-8.31,,0,15:33:57,00,Y,N,0,0,Y,,2024-02-02 开始转股,计算使用2.9年期 评级为AA- 债参考YTM：2.1405,N,6.5,全价：151.327 最后更新：15:33:57,,,,0,[],0,0,N,,,buy,buy
2026-09-17 12:42:18,113646,永吉转债,yjzz,158.145,-0.43,603058,永吉股份,yjgf,8.7,-0.11,3.17,8.05,108.08,0,46.33,204.48,360205,轻工制造,shmb,C,2022-05-17,[],0,0,buy,AA-,,5.635,10.465,3.8,buy,2028-04-14,1.575,1.372,3976.94,4232.12,18.33,-20.74,,0,14:59:48,00,Y,N,0,0,Y,,2022-10-20 开始转股,计算使用1.6年期 评级为AA- 债参考YTM：1.8718,N,1.459,全价：158.145 最后更新：14:59:48,,,,1,[],0,0,N,,,buy,buy
2026-09-17 12:42:18,123171,共同转债,gtzz,127.126,0.42,300966,共同药业,gtyy,23.45,0.99,3.4,27.08,86.6,0,46.8,173.93,370101,医药生物,szcy,C,2022-12-16,[],0,0,buy,A-,,18.956,35.204,21.2,buy,2028-11-28,2.2,3.799,1794.65,3592.64,3.73,-2.92,,0,15:34:51,00,Y,N,0,0,Y,,2023-06-02 开始转股,计算使用2.2年期 评级为A- 债参考YTM：9.0347,N,3.8,全价：127.126 最后更新：15:34:51,,,,0,{'M': ''},0,0,N,,,buy,buy
2026-09-17 12:42:18,113070,渝水转债,yszz,125.847,-0.12,601158,重庆水务,cqsw,4.04,-0.49,1.13,4.72,85.59,0,47.03,172.88,760102,环保,shmb,C,2025-02-13,[],0,0,buy,AAA,,3.304,6.136,9.8,buy,2031-01-09,4.315,18.998,1984.27,1928.14,0.83,-2.85,,0,14:58:52,00,Y,N,0,0,Y,,2025-07-15 开始转股,计算使用4.4年期 评级为AAA 债参考YTM：1.6965,N,19.0,全价：125.847 最后更新：14:58:52,,,,0,{'M': ''},0,0,N,,,buy,buy
2026-09-17 12:42:18,127113,长高转债,cgzz,161.3,0.44,002452,长高电气,cgdq,11.98,1.44,2.36,10.92,109.71,0,47.03,208.33,630801,电力设备,szmb,C,2026-03-30,[],0,0,buy,AA-,,7.644,14.196,12.2,buy,2032-03-09,5.48,7.586,1932.0,14225.4,1.58,-6.26,,0,15:34:48,00,Y,N,0,0,Y,,2026-09-14 开始转股,计算使用5.5年期 评级为AA- 债参考YTM：2.5425,N,7.59,全价：161.300 最后更新：15:34:48,,,,0,{'M': ''},0,0,N,,,buy,buy
2026-09-17 12:42:18,118060,瑞可转债,rkzz,192.545,-0.8,688800,瑞可达,rkd,68.6,-1.42,7.85,52.53,130.59,0,47.44,239.99,270401,电子,shkc,C,2025-12-12,[],0,0,buy,AA-,,36.771,68.289,5.1,buy,2031-11-14,5.162,9.999,16661.79,48355.05,8.58,-9.51,,0,14:59:57,00,Y,N,0,0,Y,,2026-05-20 开始转股,计算使用5.2年期 评级为AA- 债参考YTM：2.3810,N,10.0,全价：192.545 最后更新：14:59:57,,,,0,"{'G': '本次（2026年5月20日至2026年6月9日）不提前赎回，以2026年12月10日为首个交易日重新计算', 'M': ''}",0,0,Y,,,buy,buy
2026-09-17 12:42:18,123088,威唐转债,wtzz,115.033,-0.01,300707,威唐工业,wtgy,11.66,1.48,1.8,14.97,77.89,0,47.69,162.72,280205,汽车,szcy,C,2021-01-06,[],0,0,buy,A+,,10.479,19.461,17.9,buy,2026-12-15,0.244,3.004,1595.78,2854.34,4.62,-0.12,,0,15:34:39,00,Y,N,1,1,Y,转股价下修1次，成功下修1次,2021-06-21 开始转股,计算使用0.3年期 评级为A+ 债参考YTM：4.0387,N,3.014,全价：115.033 最后更新：15:34:39,,,,1,[],0,0,N,,,buy,buy
2026-09-17 12:42:18,113649,丰山转债,fszz,128.513,-0.25,603810,丰山集团,fsjt,11.79,0.68,1.21,13.61,86.63,0,48.35,176.86,220803,基础化工,shmb,C,2022-07-21,[],0,0,buy,AA-,,9.527,17.693,23.5,buy,2028-06-27,1.778,4.577,2186.09,2224.71,3.72,-5.2,,0,14:59:30,00,Y,N,0,0,N,2026-09-16 至 2026-09-22 期间暂停转股：权益分派,2023-01-03 开始转股;2026-09-16 至 2026-09-22 期间暂停转股：权益分派,计算使用1.8年期 评级为AA- 债参考YTM：1.9095,N,5.0,全价：128.513 最后更新：14:59:30,,,,1,[],0,0,N,,,buy,buy
2026-09-17 12:42:18,118012,微芯转债,wxzz,144.667,-0.69,688321,微芯生物,wxsw,24.58,0.57,4.27,25.34,97.0,0,49.14,193.81,370102,医药生物,shkc,C,2022-07-28,[],0,0,buy,A+,,17.738,32.942,4.6,buy,2028-07-05,1.8,4.995,7033.14,13370.12,9.69,-11.05,,0,14:59:48,00,Y,N,0,0,Y,,2023-01-11 开始转股,计算使用1.8年期 评级为A+ 债参考YTM：4.2559,N,5.0,全价：144.667 最后更新：14:59:48,,,,1,{'M': ''},0,0,N,,,buy,buy
2026-09-17 12:42:18,111003,聚合转债,jhzz,137.986,-0.5,605166,聚合顺,jhs,8.17,-1.09,1.27,8.85,92.32,0,49.47,187.46,220406,基础化工,shmb,C,2022-04-19,[],0,0,buy,AA-,,6.195,11.505,7.9,buy,2028-03-07,1.471,2.035,1863.73,2969.64,6.65,-10.5,,0,14:59:53,00,Y,N,2,2,Y,转股价下修2次，成功下修2次,2022-09-13 开始转股,计算使用1.5年期 评级为AA- 债参考YTM：1.8531,N,2.04,全价：137.986 最后更新：14:59:53,,,,1,[],0,0,N,,,buy,buy
2026-09-17 12:42:18,110092,三房转债,sfzz,72.826,-0.64,600370,*ST三房,sfx,1.47,-0.68,1.15,3.02,48.68,0,49.62,122.45,220401,基础化工,shmb,C,2023-02-07,[],0,0,buy,A-,,2.114,3.926,35.8,buy,2029-01-06,2.307,21.185,1827.95,1354.65,1.18,21.66,,0,14:59:51,00,Y,N,0,0,Y,,2023-07-12 开始转股,计算使用2.4年期 评级为A- 债参考YTM：9.0775,N,25.0,全价：72.826 最后更新：14:59:51,,,,0,[],0,0,N,,,buy,buy
2026-09-17 12:42:18,123175,百畅转债,bczz,116.254,0.67,300614,百川畅银,bccy,10.06,-0.69,1.88,13.0,77.39,0,50.23,166.48,760103,环保,szcy,C,2023-03-17,[],0,0,buy,BBB+,,9.1,16.9,26.0,buy,2029-02-22,2.436,4.199,2140.03,2946.15,4.4,0.02,,0,15:33:57,00,Y,N,3,3,Y,转股价下修3次，成功下修3次,2023-08-28 开始转股,计算使用2.5年期 评级为BBB+ 债参考YTM：12.2636,N,4.2,全价：116.254 最后更新：15:33:57,,,,0,{'M': ''},0,0,N,,,buy,buy
2026-09-17 12:42:18,110087,天业转债,tyzz,120.972,-0.96,600075,新疆天业,xjty,4.5,-2.6,0.83,5.6,80.36,0,50.54,171.51,220202,基础化工,shmb,C,2022-07-19,[],0,0,buy,AA+,,3.92,7.28,39.0,buy,2028-06-23,1.767,29.975,5369.45,8353.23,1.48,-5.39,,0,14:59:52,00,Y,N,1,1,Y,转股价下修1次，成功下修1次,2022-12-29 开始转股,计算使用1.8年期 评级为AA+ 债参考YTM：1.6078,N,30.0,全价：120.972 最后更新：14:59:52,,,,1,{'M': ''},0,0,N,,,buy,buy
2026-09-17 12:42:18,123071,天能转债,tnzz,114.784,0.0,300569,天能重工,tnzg,5.08,-1.36,0.97,6.68,76.05,0,50.94,165.72,630602,电力设备,szcy,C,2020-11-25,[],0,0,buy,AA-,,4.676,8.684,13.4,buy,2026-10-21,0.093,6.935,5080.16,23001.19,6.38,2.08,,0,15:34:39,00,Y,N,2,2,Y,转股价下修2次，成功下修2次,2021-04-27 开始转股,计算使用0.1年期 评级为AA- 债参考YTM：1.6704,N,7.0,全价：114.784 最后更新：15:34:39,,,,1,"{'R': '到期\n最后交易日：2026-10-15\n最后转股日：2026-10-20\n债券到期日：2026-10-21\n到期赎回价：115.000元/张', 'M': ''}",0,0,N,,,buy,buy
2026-09-17 12:42:18,113665,汇通转债,htzz,126.092,-0.01,603176,汇通集团,htjt,5.27,1.15,2.24,6.31,83.52,0,50.98,177.07,620306,建筑装饰,shmb,C,2023-01-11,[],0,0,buy,A+,,4.417,8.203,14.8,buy,2028-12-15,2.247,3.596,2003.83,1820.53,4.43,-2.78,,0,14:58:53,00,Y,N,1,1,Y,转股价下修1次，成功下修1次,2023-06-21 开始转股,计算使用2.3年期 评级为A+ 债参考YTM：4.3558,N,3.6,全价：126.092 最后更新：14:58:53,,,,0,[],0,0,N,,,buy,buy
2026-09-17 12:42:18,127034,绿茵转债,lyzz,121.1,0.25,002887,绿茵生态,lyst,8.99,0.9,1.16,11.21,80.2,0,51.0,172.1,760104,环保,szmb,C,2021-05-28,[],0,0,buy,AA-,,7.847,14.573,21.9,buy,2027-04-30,0.616,4.279,1935.14,2731.33,3.74,-10.9,,0,15:34:39,00,Y,N,1,0,Y,转股价下修1次，成功下修0次,2021-11-11 开始转股,计算使用0.7年期 评级为AA- 债参考YTM：1.7347,Y,7.12,全价：121.100 最后更新：15:34:39,,,"按下调到底估算
股东大会：2026-09-23
预估转股价：9.44
预估转股价值：95.23
期权价值：10.73
理论价值：122.54
理论偏离度：-1.19%",1,[],0,0,N,,,buy,buy
2026-09-17 12:42:18,113680,丽岛转债,ldzz,133.196,-0.46,603937,丽岛新材,ldxc,11.37,-0.35,1.5,12.91,88.07,0,51.24,184.44,240301,有色金属,shmb,C,2023-12-05,[],0,0,buy,A+,,9.037,16.783,12.6,buy,2029-11-15,3.164,2.998,2184.22,2690.84,5.48,-3.24,,0,14:59:53,00,Y,N,0,0,Y,,2024-05-21 开始转股,计算使用3.2年期 评级为A+ 债参考YTM：4.5475,N,3.0,全价：133.196 最后更新：14:59:53,,,,0,[],0,0,N,,,buy,buy
2026-09-17 12:42:18,123142,申昊转债,shzz,125.425,-0.3,300853,申昊科技,shkj,27.88,-1.1,6.72,33.71,82.71,0,51.65,177.08,630803,电力设备,szcy,C,2022-04-11,[],0,0,buy,BBB+,,23.597,43.823,13.5,buy,2028-03-18,1.501,5.494,951.17,5818.34,1.38,-7.15,,0,15:34:45,00,Y,N,0,0,Y,,2022-09-26 开始转股,计算使用1.6年期 评级为BBB+ 债参考YTM：12.0238,N,5.5,全价：125.425 最后更新：15:34:45,,,,1,[],0,0,N,,,buy,buy
2026-09-17 12:42:18,123195,蓝晓转02,lxz02,173.65,-1.27,300487,蓝晓科技,lxkj,67.58,-1.93,7.28,59.21,114.14,0,52.14,225.79,220504,基础化工,szcy,C,2023-05-08,[],0,0,buy,A+,,41.447,76.973,2.6,buy,2029-04-17,2.584,5.455,5510.02,26093.07,5.79,-13.76,,0,15:34:09,00,Y,N,0,0,Y,,2023-10-23 开始转股,计算使用2.6年期 评级为A+ 债参考YTM：4.4225,N,5.461,全价：173.650 最后更新：15:34:09,,,,0,{'M': ''},0,0,N,,,buy,buy
2026-09-17 12:42:18,123157,科蓝转债,klzz,132.02,-0.24,300663,科蓝软件,klrj,7.63,-0.26,11.07,8.8,86.71,0,52.26,184.28,710401,计算机,szcy,C,2022-09-20,[],0,0,buy,A-,,6.16,11.44,6.6,buy,2028-08-30,1.953,2.34,2191.98,7927.33,7.1,-5.94,,0,15:33:54,00,Y,N,2,2,Y,转股价下修2次，成功下修2次,2023-03-06 开始转股,计算使用2.0年期 评级为A- 债参考YTM：8.9957,N,4.946,全价：132.020 最后更新：15:33:54,,,,1,{'M': ''},0,0,N,,,buy,buy
2026-09-17 12:42:18,118039,煜邦转债,ybzz,128.709,0.4,688597,煜邦电力,ybdl,6.17,0.82,2.53,7.3,84.52,0,52.28,180.99,630804,电力设备,shkc,C,2023-08-15,[],0,0,buy,A,,5.11,9.49,19.8,buy,2029-07-20,2.841,4.104,1304.01,2231.35,2.48,-3.42,,0,14:59:52,00,Y,N,0,0,Y,,2024-01-26 开始转股,计算使用2.9年期 评级为A 债参考YTM：6.8406,N,4.108,全价：128.709 最后更新：14:59:52,,,,0,{'M': ''},0,0,N,,,buy,buy
2026-09-17 12:42:18,123268,本川转债,bczz,200.553,-1.54,300964,本川智能,bczn,71.26,-2.26,6.75,54.13,131.65,36,52.34,252.89,270202,电子,szcy,C,2026-05-07,[],0,0,buy,AA-,,37.891,70.369,7.6,buy,2032-04-16,5.584,4.69,37818.74,57913.6,40.21,-9.06,,0,15:34:21,00,Y,N,0,0,Y,,未到转股期；2026-10-23 开始转股,计算使用5.6年期 评级为AA- 债参考YTM：2.6067,N,4.69,全价：200.553 最后更新：15:34:21,,,,0,{'M': ''},0,0,N,,,buy,buy
2026-09-17 12:42:18,123279,天脉转债,tmzz,185.689,2.2,301626,苏州天脉,sztm,325.2,3.44,23.4,267.33,121.65,144,52.65,238.34,270504,电子,szcy,C,2026-08-18,[],0,0,buy,AA,,187.131,347.529,4.6,buy,2032-08-02,5.88,7.86,55728.95,103070.48,38.08,-8.11,,0,15:34:24,00,Y,N,0,0,Y,,未到转股期；2027-02-08 开始转股,计算使用5.9年期 评级为AA 债参考YTM：2.0010,N,7.86,全价：185.689 最后更新：15:34:24,,,,0,{'M': ''},0,0,N,,,buy,buy
2026-09-17 12:42:18,123172,漱玉转债,syzz,124.849,-0.4,301017,漱玉平民,sypm,12.18,0.08,2.35,14.91,81.69,0,52.83,177.68,370403,医药生物,szcy,C,2023-01-06,[],0,0,buy,AA-,,10.437,19.383,25.3,buy,2028-12-15,2.247,7.96,2112.79,3613.08,2.13,-3.09,,0,15:33:54,00,Y,N,1,1,Y,转股价下修1次，成功下修1次,2023-06-21 开始转股,计算使用2.3年期 评级为AA- 债参考YTM：2.0043,N,8.0,全价：124.849 最后更新：15:33:54,,,,0,{'M': ''},0,0,N,,,buy,buy
2026-09-17 12:42:18,123122,富瀚转债,fhzz,125.3,-0.27,300613,富瀚微,fhw,74.91,1.57,5.34,91.5,81.87,0,53.05,178.35,270104,电子,szcy,C,2021-08-24,[],0,0,buy,A+,,64.05,118.95,3.5,buy,2027-08-06,0.885,5.801,7893.82,123770.85,10.82,-9.32,,0,15:34:48,00,Y,N,0,0,Y,,2022-02-14 开始转股,计算使用0.9年期 评级为A+ 债参考YTM：4.1073,N,5.812,全价：125.300 最后更新：15:34:48,,,,1,{'M': ''},0,0,N,,,buy,buy
2026-09-17 12:42:18,127049,希望转2,xwz2,109.84,0.05,000876,新希望,xxw,7.21,0.14,1.7,10.13,71.18,0,54.32,164.16,110402,农林牧渔,szmb,C,2021-11-29,[],0,0,buy,AAA,,7.091,13.169,25.1,buy,2027-11-02,1.126,81.434,3846.58,24660.44,0.43,-1.02,,0,15:34:42,00,Y,N,1,1,Y,转股价下修1次，成功下修1次,2022-05-09 开始转股,计算使用1.2年期 评级为AAA 债参考YTM：1.5329,N,81.5,全价：109.840 最后更新：15:34:42,,,,1,{'M': ''},0,0,N,,,buy,buy
2026-09-17 12:42:18,118061,茂莱转债,mlzz,185.898,-0.39,688502,茂莱光学,mlgx,438.19,0.12,18.51,364.15,120.33,0,54.49,240.39,270303,电子,shkc,C,2025-12-10,[],0,0,buy,A+,,254.905,473.395,2.4,buy,2031-11-21,5.181,5.622,31273.63,59223.08,29.74,-8.54,,0,14:59:57,00,Y,N,0,0,Y,,2026-05-27 开始转股,计算使用5.2年期 评级为A+ 债参考YTM：4.7297,N,5.625,全价：185.898 最后更新：14:59:57,,,,0,"{'G': '本次（2026年5月28日至2026年7月3日）不提前赎回，以2026年10月4日首个交易日重新计算', 'M': ''}",0,0,N,,,buy,buy
2026-09-17 12:42:18,127054,双箭转债,sjzz,122.502,-0.04,002381,双箭股份,sjgf,5.49,0.92,1.06,6.96,78.88,0,55.3,177.8,220602,基础化工,szmb,C,2022-03-15,[],0,0,buy,AA,,4.872,9.048,28.6,buy,2028-02-11,1.403,5.136,2323.51,2351.18,3.7,-5.18,,0,15:34:42,00,Y,N,0,0,Y,,2022-08-17 开始转股,计算使用1.5年期 评级为AA 债参考YTM：1.6043,N,5.136,全价：122.502 最后更新：15:34:42,,,,1,[],0,0,N,,,buy,buy
2026-09-17 12:42:18,123183,海顺转债,hszz,125.581,-0.31,300501,海顺新材,hsxc,9.4,0.75,1.82,11.63,80.83,0,55.37,180.95,360206,轻工制造,szcy,C,2023-04-20,[],0,0,buy,AA-,,8.141,15.119,24.3,buy,2029-03-23,2.515,6.329,1953.97,2625.08,2.46,-2.32,,0,15:34:48,00,Y,N,2,0,Y,转股价下修2次，成功下修0次,2023-10-09 开始转股,计算使用2.6年期 评级为AA- 债参考YTM：2.0716,N,6.33,全价：125.581 最后更新：15:34:48,,,,0,[],0,0,N,,,buy,buy
2026-09-17 12:42:18,127093,章鼓转债,zgzz,128.037,-0.01,002598,ST章鼓,sdzg,6.84,-0.29,1.59,8.3,82.41,0,55.37,183.41,640106,机械设备,szmb,C,2023-11-03,[],0,0,buy,A,,5.81,10.79,12.4,buy,2029-10-17,3.085,2.425,248.77,1013.03,0.8,-2.65,,0,15:34:39,00,Y,N,1,1,Y,转股价下修1次，成功下修1次,2024-04-23 开始转股,计算使用3.1年期 评级为A 债参考YTM：6.8820,N,2.43,全价：128.037 最后更新：15:34:39,,,,0,[],0,0,N,,,buy,buy
2026-09-17 12:42:18,123155,中陆转债,zlzz,129.394,0.35,301040,中环海陆,zhhl,26.42,1.62,3.5,31.76,83.19,0,55.55,184.94,630602,电力设备,szcy,C,2022-08-31,[],0,0,buy,A+,,22.232,41.288,14.4,buy,2028-08-12,1.904,3.6,2073.88,3699.1,4.46,-5.0,,0,15:34:00,00,Y,N,0,0,Y,,2023-02-20 开始转股,计算使用2.0年期 评级为A+ 债参考YTM：4.2957,N,3.6,全价：129.394 最后更新：15:34:00,,,,1,{'M': ''},0,0,N,,,buy,buy
2026-09-17 12:42:18,127059,永东转2,ydz2,128.008,-0.6,002753,永东股份,ydgf,6.67,-1.62,1.06,8.11,82.24,0,55.64,183.65,220603,基础化工,szmb,C,2022-05-16,[],0,0,buy,AA-,,5.677,10.543,19.2,buy,2028-04-08,1.559,3.79,3144.05,13412.96,6.48,-5.67,,0,15:34:27,00,Y,N,0,0,Y,,2022-10-14 开始转股,计算使用1.6年期 评级为AA- 债参考YTM：1.8718,N,3.8,全价：128.008 最后更新：15:34:27,,,,1,[],0,0,N,,,buy,buy
2026-09-17 12:42:18,110093,神马转债,smzz,120.521,-0.31,600810,神马股份,smgf,6.25,-0.48,0.73,8.08,77.35,0,55.81,176.33,220406,基础化工,shmb,C,2023-04-20,[],0,0,buy,AAA,,5.656,10.504,33.0,buy,2029-03-16,2.496,22.197,3337.68,2491.62,1.25,-3.65,,0,14:58:07,00,Y,N,0,0,Y,,2023-09-22 开始转股,计算使用2.5年期 评级为AAA 债参考YTM：1.6111,N,30.0,全价：120.521 最后更新：14:58:07,,,,0,{'M': ''},0,0,N,,,buy,buy
2026-09-17 12:42:18,111022,锡振转债,xzzz,155.061,-1.2,605319,无锡振华,wxzh,22.19,-1.77,2.68,22.39,99.11,0,56.46,211.52,280205,汽车,shmb,C,2025-07-14,[],0,0,buy,AA-,,15.673,29.107,6.7,buy,2031-06-18,4.753,5.197,3506.57,7496.97,4.33,-5.74,,0,14:59:48,00,Y,N,0,0,Y,,2025-12-24 开始转股,计算使用4.8年期 评级为AA- 债参考YTM：2.3157,N,5.2,全价：155.061 最后更新：14:59:48,,,,0,[],0,0,N,,,buy,buy
2026-09-17 12:42:18,123271,通合转债,thzz,171.475,0.87,300491,通合科技,thkj,36.25,3.69,5.32,33.18,109.25,82,56.95,228.43,630306,电力设备,szcy,C,2026-06-17,[],0,0,buy,AA,,23.226,43.134,9.1,buy,2032-06-01,5.71,5.219,15718.14,41841.94,17.42,-6.3,,0,15:34:42,00,Y,N,0,0,Y,,未到转股期；2026-12-08 开始转股,计算使用5.8年期 评级为AA 债参考YTM：1.9803,N,5.22,全价：171.475 最后更新：15:34:42,,,,0,[],0,0,N,,,buy,buy
2026-09-17 12:42:18,123277,玉禾转债,yhzz,139.001,-0.71,300815,玉禾田,yht,14.46,-0.69,1.23,16.35,88.44,140,57.17,196.17,760103,环保,szcy,C,2026-08-14,[],0,0,buy,AA,,11.445,21.255,26.5,buy,2032-07-28,5.866,15.0,1476.42,3433.78,0.71,-3.43,,0,15:33:54,00,Y,N,0,0,Y,,未到转股期；2027-02-04 开始转股,计算使用5.9年期 评级为AA 债参考YTM：2.0010,N,15.0,全价：139.001 最后更新：15:33:54,,,,0,[],0,0,N,,,buy,buy
2026-09-17 12:42:18,123237,佳禾转债,jhzz,131.726,-0.12,300793,佳禾智能,jhzn,11.27,0.71,1.52,13.46,83.73,0,57.32,189.05,270504,电子,szcy,C,2024-01-24,[],0,0,buy,A+,,9.422,17.498,10.3,buy,2030-01-04,3.301,4.314,1235.99,4120.74,2.18,-3.52,,0,15:34:06,00,Y,N,1,1,Y,转股价下修1次，成功下修1次,2024-07-10 开始转股,计算使用3.4年期 评级为A+ 债参考YTM：4.5692,N,10.04,全价：131.726 最后更新：15:34:06,,,,0,[],0,0,N,,,buy,buy
2026-09-17 12:42:18,123224,宇邦转债,ybzz,135.351,-0.13,301266,宇邦新材,ybxc,24.22,-0.16,1.84,28.17,85.98,0,57.43,192.78,630504,电力设备,szcy,C,2023-10-18,[],0,0,buy,A+,,19.719,36.621,8.7,buy,2029-09-19,3.008,2.848,1935.08,6928.78,5.04,-4.09,,0,15:34:12,00,Y,N,1,1,N,"转股价下修1次，成功下修1次
2026-09-11 至 2026-09-18 期间暂停转股：权益分派
转股价28.170生效日期2026-05-22",2024-03-25 开始转股;2026-09-11 至 2026-09-18 期间暂停转股：权益分派,计算使用3.1年期 评级为A+ 债参考YTM：4.5320,N,5.0,全价：135.351 最后更新：15:34:12,,,,0,{'M': ''},0,0,N,,,buy,buy
2026-09-17 12:42:18,123119,康泰转2,ktz2,118.19,0.16,300601,康泰生物,ktsw,11.77,0.86,1.36,15.69,75.02,0,57.55,175.74,370303,医药生物,szcy,C,2021-08-05,[],0,0,buy,AA,,10.983,20.397,18.9,buy,2027-07-15,0.825,19.99,5770.08,10686.69,2.44,-6.37,,0,15:33:54,00,Y,N,6,5,Y,转股价下修6次，成功下修5次,2022-01-21 开始转股,计算使用0.9年期 评级为AA 债参考YTM：1.5535,N,20.0,全价：118.190 最后更新：15:33:54,,,,1,{'M': ''},0,0,N,,,buy,buy
2026-09-17 12:42:18,113694,清源转债,qyzz,124.733,-0.18,603628,清源股份,qygf,10.17,-0.2,2.08,12.85,79.14,0,57.6,182.33,630504,电力设备,shmb,C,2025-04-25,[],0,0,buy,A+,,8.995,16.705,18.1,buy,2031-04-08,4.559,4.999,2146.87,4964.94,3.45,-1.1,,0,14:59:50,00,Y,N,0,0,Y,,2025-10-14 开始转股,计算使用4.6年期 评级为A+ 债参考YTM：4.6564,N,5.0,全价：124.733 最后更新：14:59:50,,,,0,{'M': ''},0,0,N,,,buy,buy
2026-09-17 12:42:18,113678,中贝转债,zbzz,138.618,-0.19,603220,中贝通信,zbtx,17.93,-0.77,2.47,20.47,87.59,0,58.25,196.87,730103,通信,shmb,C,2023-11-21,[],0,0,buy,A+,,14.329,26.611,5.3,buy,2029-10-19,3.09,5.106,2700.47,16884.14,3.81,-4.55,,0,14:59:53,00,Y,N,2,1,Y,转股价下修2次，成功下修1次,2024-04-25 开始转股,计算使用3.1年期 评级为A+ 债参考YTM：4.5320,N,5.17,全价：138.618 最后更新：14:59:53,,,,0,{'M': ''},0,0,N,,,buy,buy
2026-09-17 12:42:18,127089,晶澳转债,jazz,117.395,-0.25,002459,晶澳科技,jakj,6.58,-0.6,1.1,8.9,73.93,0,58.79,176.19,630502,电力设备,szmb,C,2023-08-04,[],0,0,buy,AA+,,6.23,11.57,41.2,buy,2029-07-18,2.836,89.588,6372.42,12773.18,0.61,-1.89,,0,15:34:39,00,Y,N,3,2,Y,转股价下修3次，成功下修2次,2024-01-24 开始转股,计算使用2.9年期 评级为AA+ 债参考YTM：1.6682,N,89.603,全价：117.395 最后更新：15:34:39,,,,0,{'M': ''},0,0,N,,,buy,buy
2026-09-17 12:42:18,127111,金威转债,jwzz,135.19,-0.26,002626,金达威,jdw,16.28,1.24,2.36,19.19,84.84,0,59.35,194.54,340407,食品饮料,szmb,C,2025-09-08,[],0,0,buy,AA,,13.433,24.947,13.0,buy,2031-08-20,4.926,12.924,2556.15,3126.56,1.47,-3.55,,0,15:34:21,00,Y,N,0,0,Y,,2026-02-26 开始转股,计算使用5.0年期 评级为AA 债参考YTM：1.8412,N,12.924,全价：135.190 最后更新：15:34:21,,,,0,{'M': ''},0,0,N,,,buy,buy
2026-09-17 12:42:18,113699,金25转债,j25zz,185.767,-0.65,603979,金诚信,jcx,73.2,0.41,3.69,62.8,116.56,0,59.37,245.14,240302,有色金属,shmb,C,2025-10-27,[],0,0,buy,AA,,43.96,81.64,4.4,buy,2031-09-26,5.027,19.998,13410.91,41840.11,3.61,-9.12,,0,14:59:59,00,Y,N,0,0,Y,,2026-04-10 开始转股,计算使用5.1年期 评级为AA 债参考YTM：1.8486,N,20.0,全价：185.767 最后更新：14:59:59,,,,0,{'M': ''},0,0,N,,,buy,buy
2026-09-17 12:42:18,123261,普联转债,plzz,152.977,-0.3,300996,普联软件,plrj,12.45,-0.24,3.84,12.97,95.99,0,59.37,212.35,710401,计算机,szcy,C,2025-12-22,[],0,0,buy,A+,,9.079,16.861,5.9,buy,2031-12-05,5.219,2.428,5699.8,15384.12,15.32,-4.78,,0,15:34:18,00,Y,N,0,0,Y,,2026-06-11 开始转股,计算使用5.3年期 评级为A+ 债参考YTM：4.7750,N,2.43,全价：152.977 最后更新：15:34:18,,,,0,{'M': ''},0,0,N,,,buy,buy
2026-09-17 12:42:18,127108,太能转债,tnzz,123.22,-0.66,000591,太阳能,tyn,4.27,-1.84,0.69,5.54,77.08,0,59.87,183.09,410106,公用事业,szmb,C,2025-04-16,[],0,0,buy,AA+,,3.878,7.202,17.7,buy,2031-03-28,4.529,29.498,3282.41,24544.36,0.9,-1.18,,0,15:34:00,00,Y,N,0,0,Y,,2025-10-09 开始转股,计算使用4.6年期 评级为AA+ 债参考YTM：1.7633,N,29.5,全价：123.220 最后更新：15:34:00,,,,0,{'M': ''},0,0,N,,,buy,buy
2026-09-17 12:42:18,123281,中仑转债,zlzz,148.8,-0.93,301565,中仑新材,zlxc,18.86,-0.74,3.06,20.28,93.0,148,60.0,208.8,220505,基础化工,szcy,C,2026-08-24,[],0,0,buy,AA-,,14.196,26.364,44.2,buy,2032-08-05,5.888,10.68,3973.07,8902.86,2.5,-4.52,,0,15:34:30,00,Y,N,0,0,Y,,未到转股期；2027-02-12 开始转股,计算使用5.9年期 评级为AA- 债参考YTM：2.7856,N,10.68,全价：148.800 最后更新：15:34:30,,,,0,{'M': ''},0,0,N,,,buy,buy
2026-09-17 12:42:18,123282,震裕转02,zyz02,148.696,1.61,300953,震裕科技,zykj,96.38,3.87,4.83,104.25,92.45,158,60.84,209.54,630701,电力设备,szcy,C,2026-09-02,[],0,0,buy,AA-,,72.975,135.525,11.1,buy,2032-08-16,5.918,18.8,31081.4,126631.55,11.16,-4.48,,0,15:34:18,00,Y,N,0,0,Y,,未到转股期；2027-02-22 开始转股,计算使用6.0年期 评级为AA- 债参考YTM：2.8299,N,18.8,全价：148.696 最后更新：15:34:18,,,,0,{'M': ''},0,0,N,,,buy,buy
2026-09-17 12:42:18,123280,三鑫转债,sxzz,148.704,-0.3,300453,三鑫医疗,sxyl,8.98,0.34,3.14,9.72,92.39,146,60.96,209.66,370503,医药生物,szcy,C,2026-08-19,[],0,0,buy,AA-,,7.776,12.636,16.2,buy,2032-08-03,5.882,5.3,3270.21,2610.18,4.14,-4.51,,0,15:34:27,00,Y,N,0,0,Y,,未到转股期；2027-02-10 开始转股,计算使用5.9年期 评级为AA- 债参考YTM：2.7856,N,5.3,全价：148.704 最后更新：15:34:27,,,,0,[],0,0,N,,,buy,buy
2026-09-17 12:42:18,113688,国检转债,gjzz,133.767,-0.98,603060,国检集团,gjjt,5.35,-0.93,2.11,6.45,82.95,0,61.27,195.04,460802,社会服务,shmb,C,2024-11-12,[],0,0,buy,AA+,,4.515,8.385,18.6,buy,2030-10-17,4.085,7.997,1492.52,2519.56,1.39,-3.43,,0,14:59:35,00,Y,N,0,0,Y,,2025-04-23 开始转股,计算使用4.1年期 评级为AA+ 债参考YTM：1.7480,N,8.0,全价：133.767 最后更新：14:59:35,,,,0,[],0,0,N,,,buy,buy
2026-09-17 12:42:18,127104,姚记转债,yjzz,138.67,-0.16,002605,姚记科技,yjkj,16.64,0.42,1.82,19.38,85.86,0,61.5,200.17,720401,传媒,szmb,C,2024-02-26,[],0,0,buy,A+,,13.566,25.194,10.3,buy,2030-01-24,3.356,5.822,947.18,4549.59,1.17,-4.26,,0,15:34:15,00,Y,N,0,0,Y,,2024-07-31 开始转股,计算使用3.4年期 评级为A+ 债参考YTM：4.5692,N,5.831,全价：138.670 最后更新：15:34:15,,,,0,[],0,0,N,,,buy,buy
2026-09-17 12:42:18,123278,合金转债,hjzz,168.5,-1.53,300697,电工合金,dghj,14.54,-2.42,4.84,13.98,104.01,141,62.01,230.51,240302,有色金属,szcy,C,2026-08-18,[],0,0,buy,AA-,,9.786,18.174,11.3,buy,2032-07-29,5.869,5.45,14699.63,14565.35,16.02,-6.55,,0,15:34:27,00,Y,N,0,0,Y,,未到转股期；2027-02-05 开始转股,计算使用5.9年期 评级为AA- 债参考YTM：2.7856,N,5.45,全价：168.500 最后更新：15:34:27,,,,0,[],0,0,N,,,buy,buy
2026-09-17 12:42:18,127114,宜化转债,yhzz,136.1,0.07,000422,湖北宜化,hbyh,11.78,-0.59,1.66,14.08,83.67,109,62.67,198.77,220801,基础化工,szmb,C,2026-07-14,[],0,0,buy,AA+,,9.856,18.304,26.3,buy,2032-06-25,5.775,33.0,2139.57,9580.62,0.48,-3.1,,0,15:34:21,00,Y,Y,0,0,Y,,未到转股期；2027-01-04 开始转股,计算使用5.8年期 评级为AA+ 债参考YTM：1.8633,N,33.0,全价：136.100 最后更新：15:34:21,,,,0,{'M': ''},0,0,N,,,buy,buy
2026-09-17 12:42:18,113696,伯25转债,b25zz,132.263,0.14,603596,伯特利,btl,28.51,2.04,3.04,35.16,81.09,0,63.11,195.37,280203,汽车,shmb,C,2025-07-28,[],0,0,buy,AA,,24.612,45.708,10.9,buy,2031-07-01,4.789,28.017,7615.12,39149.07,2.06,-3.2,,0,14:59:55,00,Y,N,0,0,Y,,2026-01-07 开始转股,计算使用4.8年期 评级为AA 债参考YTM：1.8323,N,28.02,全价：132.263 最后更新：14:59:55,,,,0,{'M': ''},0,0,N,,,buy,buy
2026-09-17 12:42:18,110090,爱迪转债,adzz,126.69,1.24,600933,爱柯迪,akd,13.25,6.77,1.4,17.15,77.26,0,63.98,190.67,280203,汽车,shmb,C,2022-10-28,[],0,0,buy,AA,,12.005,22.295,12.1,buy,2028-09-23,2.019,15.695,5081.25,26150.11,2.56,-5.69,,0,14:59:54,00,Y,N,0,0,Y,,2023-03-29 开始转股,计算使用2.1年期 评级为AA 债参考YTM：1.6537,N,15.7,全价：126.690 最后更新：14:59:54,,,,0,{'M': ''},0,0,N,,,buy,buy
2026-09-17 12:42:18,113706,金帝转债,jdzz,195.702,2.26,603270,金帝股份,jdgf,36.48,3.72,3.38,30.62,119.14,96,64.27,259.97,640108,机械设备,shmb,C,2026-07-10,[],0,0,buy,AA,,21.434,39.806,37.6,buy,2032-06-14,5.745,9.7,253183.04,43593.5,131.17,-8.42,,0,15:00:00,00,Y,N,0,0,Y,,未到转股期；2026-12-22 开始转股,计算使用5.8年期 评级为AA 债参考YTM：1.9803,N,9.7,全价：195.702 最后更新：15:00:00,,,,0,{'M': ''},0,0,N,,,buy,buy
2026-09-17 12:42:18,127115,炬申转债,jszz,173.601,3.2,001202,炬申股份,jsgf,14.3,4.99,2.71,13.56,105.46,137,64.62,238.22,420802,交通运输,szmb,C,2026-08-13,[],0,0,buy,AA-,,9.492,17.628,22.7,buy,2032-07-23,5.852,3.8,26305.3,5806.56,40.02,-7.05,,0,15:34:09,00,Y,N,0,0,Y,,未到转股期；2027-02-01 开始转股,计算使用5.9年期 评级为AA- 债参考YTM：2.7856,N,3.8,全价：173.601 最后更新：15:34:09,,,,0,[],0,0,N,,,buy,buy
2026-09-17 12:42:18,110100,龙建转债,ljzz,117.965,0.04,600853,龙建股份,ljgf,3.28,0.92,0.79,4.59,71.46,0,65.08,183.05,620306,建筑装饰,shmb,C,2026-02-12,[],0,0,buy,AA,,3.213,5.967,30.1,buy,2032-01-22,5.351,10.0,2394.67,2168.11,2.03,-0.73,,0,14:58:56,00,Y,N,0,0,Y,,2026-07-28 开始转股,计算使用5.4年期 评级为AA 债参考YTM：1.8943,N,10.0,全价：117.965 最后更新：14:58:56,,,,0,[],0,0,N,,,buy,buy
2026-09-17 12:42:18,123272,中汽转债,zqzz,146.301,0.55,301215,中汽股份,zqgf,5.29,1.54,2.32,5.99,88.31,91,65.66,211.96,280303,汽车,szcy,C,2026-06-30,[],0,0,buy,AA+,,4.193,7.787,14.9,buy,2032-06-10,5.734,10.39,8598.24,3325.84,5.64,-4.54,,0,15:34:45,00,Y,N,0,0,Y,,未到转股期；2026-12-17 开始转股,计算使用5.8年期 评级为AA+ 债参考YTM：1.8633,N,10.39,全价：146.301 最后更新：15:34:45,,,,0,{'M': ''},0,0,N,,,buy,buy
2026-09-17 12:42:18,110102,江农转债,jnzz,146.544,-1.5,600389,江山股份,jsgf,18.21,-2.41,1.82,20.64,88.23,125,66.1,212.64,220803,基础化工,shmb,C,2026-08-05,[],0,0,buy,AA+,,14.448,26.832,15.1,buy,2032-07-13,5.825,11.85,5931.84,19160.92,3.41,-4.48,,0,14:59:42,00,Y,N,0,0,Y,,未到转股期；2027-01-20 开始转股,计算使用5.9年期 评级为AA+ 债参考YTM：1.8772,N,11.85,全价：146.544 最后更新：14:59:42,,,,0,{'M': ''},1,0,N,,,buy,buy
2026-09-17 12:42:18,111025,圣泉转债,sqzz,158.342,-0.05,605589,圣泉集团,sqjt,40.38,-2.65,3.17,42.38,95.28,106,66.18,224.52,220504,基础化工,shmb,C,2026-07-21,[],0,0,buy,AA+,,29.666,55.094,7.3,buy,2032-06-24,5.773,25.0,16323.62,188224.68,4.11,-5.95,,0,14:59:52,00,Y,N,1,1,Y,转股价下修1次，成功下修1次,未到转股期；2027-01-01 开始转股,计算使用5.8年期 评级为AA+ 债参考YTM：1.8633,N,25.0,全价：158.342 最后更新：14:59:52,,,,0,{'M': ''},0,0,N,,,buy,buy
2026-09-17 12:42:18,123253,永贵转债,ygzz,130.374,0.08,300351,永贵电器,ygdq,14.15,0.57,2.22,18.19,77.79,0,67.6,197.97,640501,机械设备,szcy,C,2025-03-28,[],0,0,buy,AA-,,12.733,23.647,26.3,buy,2031-03-13,4.488,9.797,2604.74,6640.24,2.04,-2.31,,0,15:34:24,00,Y,N,0,0,Y,,2025-09-19 开始转股,计算使用4.5年期 评级为AA- 债参考YTM：2.2928,N,9.8,全价：130.374 最后更新：15:34:24,,,,0,{'M': ''},0,0,N,,,buy,buy
2026-09-17 12:42:18,110086,精工转债,jgzz,120.581,-0.21,600496,精工钢构,jggg,3.26,-0.31,0.7,4.57,71.34,0,69.04,189.62,620401,建筑装饰,shmb,C,2022-05-23,[],0,0,buy,AA,,3.199,5.941,30.8,buy,2028-04-22,1.597,19.999,2095.13,7027.13,0.87,-3.6,,0,14:59:56,00,Y,N,0,0,Y,,2022-10-28 开始转股,计算使用1.6年期 评级为AA 债参考YTM：1.6126,N,20.0,全价：120.581 最后更新：14:59:56,,,,1,{'M': ''},0,0,N,,,buy,buy
2026-09-17 12:42:18,127112,尚太转债,stzz,145.5,0.24,001301,尚太科技,stkj,51.61,0.55,2.61,60.02,85.99,0,69.21,214.71,630702,电力设备,szmb,C,2026-02-05,[],0,0,buy,AA+,,42.014,78.026,12.9,buy,2032-01-16,5.334,17.339,5315.54,19608.58,2.1,-4.94,,0,15:34:18,00,Y,N,0,0,Y,,2026-07-22 开始转股,计算使用5.4年期 评级为AA+ 债参考YTM：1.8058,N,17.34,全价：145.500 最后更新：15:34:18,,,,0,{'M': ''},0,0,N,,,buy,buy
2026-09-17 12:42:18,113698,凯众转债,kzzz,134.389,0.42,603037,凯众股份,kzgf,9.94,2.26,2.66,12.55,79.2,0,69.68,204.07,280203,汽车,shmb,C,2025-09-10,[],0,0,buy,AA-,,8.785,16.315,11.6,buy,2031-08-15,4.912,3.079,1608.3,2962.96,3.89,-3.42,,0,14:59:53,00,Y,N,0,0,Y,,2026-02-24 开始转股,计算使用5.0年期 评级为AA- 债参考YTM：2.3312,N,3.08,全价：134.389 最后更新：14:59:53,,,,0,[],0,0,N,,,buy,buy
2026-09-17 12:42:18,111020,合顺转债,hszz,131.667,-0.68,605166,聚合顺,jhs,8.17,-1.09,1.27,10.53,77.59,0,69.7,201.37,220406,基础化工,shmb,C,2024-08-15,[],0,0,buy,AA-,,7.371,13.689,13.1,buy,2030-07-22,3.847,3.38,789.01,2969.64,1.77,-2.57,,0,14:59:53,00,Y,N,0,0,Y,,2025-01-27 开始转股,计算使用3.9年期 评级为AA- 债参考YTM：2.2441,N,3.38,全价：131.667 最后更新：14:59:53,,,,0,[],0,0,N,,,buy,buy
2026-09-17 12:42:18,111021,奥锐转债,arzz,133.1,0.26,605116,奥锐特,art,19.28,0.94,2.93,24.6,78.37,0,69.83,202.93,370101,医药生物,shmb,C,2024-08-15,[],0,0,buy,AA-,,17.22,31.98,10.4,buy,2030-07-26,3.858,8.121,1806.1,2505.9,1.67,-2.84,,0,14:59:50,00,Y,N,0,0,Y,,2025-02-05 开始转股,计算使用3.9年期 评级为AA- 债参考YTM：2.2441,N,8.121,全价：133.100 最后更新：14:59:50,,,,0,[],0,0,N,,,buy,buy
2026-09-17 12:42:18,127102,浙建转债,zjzz,119.231,0.13,002761,浙江建投,zjjt,7.13,-0.42,0.9,10.17,70.11,0,70.07,189.3,620101,建筑装饰,szmb,C,2024-01-16,[],0,0,buy,AA+,,7.119,13.221,12.9,buy,2029-12-25,3.274,9.951,1570.25,3946.38,1.32,-1.96,,0,15:33:57,00,Y,N,0,0,Y,,2024-07-01 开始转股,计算使用3.3年期 评级为AA+ 债参考YTM：1.6900,N,10.0,全价：119.231 最后更新：15:33:57,,,,0,{'M': ''},0,0,N,,,buy,buy
2026-09-17 12:42:18,113705,豪26转债,h26zz,135.116,0.23,603809,豪能股份,hngf,8.52,1.55,2.01,10.74,79.33,96,70.32,205.44,280203,汽车,shmb,C,2026-07-10,[],0,0,buy,AA-,,6.444,13.962,23.0,buy,2032-06-14,5.745,18.0,1797.14,6005.0,0.74,-2.99,,0,14:59:25,00,Y,N,0,0,Y,,未到转股期；2026-12-22 开始转股,计算使用5.8年期 评级为AA- 债参考YTM：2.7315,N,18.0,全价：135.116 最后更新：14:59:25,,,,0,{'M': ''},0,0,N,,,buy,buy
2026-09-17 12:42:18,123214,东宝转债,dbzz,126.102,-0.38,300239,东宝生物,dbsw,4.9,0.82,1.66,6.62,74.02,0,70.37,196.47,370304,医药生物,szcy,C,2023-08-18,[],0,0,buy,A+,,4.634,8.606,15.7,buy,2029-07-31,2.871,4.549,669.95,2538.51,1.17,-2.76,,0,15:34:03,00,Y,N,0,0,Y,,2024-02-05 开始转股,计算使用2.9年期 评级为A+ 债参考YTM：4.4906,N,4.55,全价：126.102 最后更新：15:34:03,,,,0,[],0,0,N,,,buy,buy
2026-09-17 12:42:18,113674,华设转债,hszz,126.365,-0.37,603018,华设集团,hsjt,5.15,-0.39,0.78,6.95,74.1,0,70.53,196.9,620601,建筑装饰,shmb,C,2023-08-15,[],0,0,buy,AA,,4.865,9.035,9.5,buy,2029-07-21,2.844,3.999,623.53,2357.43,1.23,-3.22,,0,14:59:49,00,Y,N,0,0,N,2026-09-14 至 2026-09-18 期间暂停转股：权益分派,2024-01-29 开始转股;2026-09-14 至 2026-09-18 期间暂停转股：权益分派,计算使用2.9年期 评级为AA 债参考YTM：1.7060,N,4.0,全价：126.365 最后更新：14:59:49,,,,0,{'M': ''},0,0,N,,,buy,buy
2026-09-17 12:42:18,118052,浩瀚转债,hhzz,135.471,0.62,688292,浩瀚深度,hhsd,19.18,4.07,3.08,24.2,79.26,0,70.93,206.4,710103,计算机,shkc,C,2025-04-07,[],0,0,buy,A+,,16.94,31.46,11.7,buy,2031-03-13,4.488,3.539,5502.23,12026.08,11.52,-2.77,,0,14:59:50,00,Y,N,0,0,Y,,2025-09-19 开始转股,计算使用4.5年期 评级为A+ 债参考YTM：4.6503,N,3.54,全价：135.471 最后更新：14:59:50,,,,0,{'M': ''},0,0,N,,,buy,buy
2026-09-17 12:42:18,113682,益丰转债,yfzz,123.732,-0.29,603939,益丰药房,yfyf,22.75,0.62,2.28,31.44,72.36,0,70.99,194.72,370403,医药生物,shmb,C,2024-03-27,[],0,0,buy,AA,,22.008,40.872,6.5,buy,2030-03-04,3.463,17.968,2158.33,8807.35,0.97,-2.31,,0,14:58:40,00,Y,N,0,0,Y,,2024-09-09 开始转股,计算使用3.5年期 评级为AA 债参考YTM：1.7506,N,17.97,全价：123.732 最后更新：14:58:40,,,,0,{'M': ''},0,0,N,,,buy,buy
2026-09-17 12:42:18,111026,派克转债,pkzz,163.871,-0.28,605123,派克新材,pkxc,78.34,-0.66,2.0,81.8,95.77,148,71.11,234.98,650201,国防军工,shmb,C,2026-08-25,[],0,0,buy,AA,,57.26,106.34,16.6,buy,2032-08-05,5.888,15.8,8781.9,8437.34,3.37,-6.11,,0,14:59:59,00,Y,N,0,0,Y,,未到转股期；2027-02-12 开始转股,计算使用5.9年期 评级为AA 债参考YTM：2.0010,N,15.8,全价：163.871 最后更新：14:59:59,,,,0,{'M': ''},0,0,N,,,buy,buy
2026-09-17 12:42:18,113692,保隆转债,blzz,127.204,0.04,603197,保隆科技,blkj,29.1,1.57,1.85,39.16,74.31,0,71.18,198.38,280205,汽车,shmb,C,2024-11-27,[],0,0,buy,AA,,27.412,50.908,22.6,buy,2030-10-31,4.123,13.897,1846.58,6250.69,1.04,-2.79,,0,14:58:45,00,Y,N,0,0,N,2026-09-15 至 2026-09-22 期间暂停转股：权益分派,2025-05-06 开始转股;2026-09-15 至 2026-09-22 期间暂停转股：权益分派,计算使用4.2年期 评级为AA 债参考YTM：1.8056,N,13.9,全价：127.204 最后更新：14:58:45,,,,0,{'M': ''},0,0,N,,,buy,buy
2026-09-17 12:42:18,127069,小熊转债,xxzz,124.515,-0.21,002959,小熊电器,xxdq,31.61,0.32,1.66,43.71,72.32,0,72.18,196.7,330301,家用电器,szmb,C,2022-09-07,[],0,0,buy,AA-,,30.597,56.823,11.4,buy,2028-08-12,1.904,5.041,879.38,1205.0,1.4,-3.04,,0,15:34:33,00,Y,N,1,1,Y,转股价下修1次，成功下修1次,2023-02-20 开始转股,计算使用2.0年期 评级为AA- 债参考YTM：1.9457,N,5.36,全价：124.515 最后更新：15:34:33,,,,1,{'M': ''},0,0,N,,,buy,buy
2026-09-17 12:42:18,127072,博实转债,bszz,132.1,-0.31,002698,博实股份,bsgf,11.36,0.44,2.79,14.81,76.71,0,72.22,204.32,640701,机械设备,szmb,C,2022-11-03,[],0,0,buy,AA,,10.367,19.253,4.7,buy,2028-09-22,2.016,4.498,884.89,7261.61,1.49,-6.66,,0,15:34:45,00,Y,N,0,0,Y,,2023-03-28 开始转股,计算使用2.1年期 评级为AA 债参考YTM：1.6537,N,4.5,全价：132.100 最后更新：15:34:45,,,,0,{'M': ''},0,0,N,,,buy,buy
2026-09-17 12:42:18,113652,伟22转债,w22zz,121.183,-0.29,603568,伟明环保,wmhb,13.38,-2.19,1.87,19.02,70.35,0,72.26,193.44,760103,环保,shmb,C,2022-08-12,[],0,0,buy,AA,,13.314,24.726,5.4,buy,2028-07-22,1.847,14.766,3014.24,9372.38,1.68,-4.31,,0,14:56:42,00,Y,N,2,2,Y,转股价下修2次，成功下修2次,2023-01-30 开始转股,计算使用1.9年期 评级为AA 债参考YTM：1.6374,N,14.77,全价：121.183 最后更新：14:56:42,,,,1,{'M': ''},0,0,N,,,buy,buy
2026-09-17 12:42:18,123283,丰茂转债,fmzz,157.195,-0.26,301459,丰茂股份,fmgf,32.44,1.0,2.65,35.59,91.15,160,72.46,229.66,220602,基础化工,szcy,C,2026-09-09,[],0,0,buy,AA-,,24.913,46.267,71.8,buy,2032-08-17,5.921,6.075,11784.25,2579.22,12.35,-5.38,,0,15:34:15,00,Y,N,0,0,Y,,未到转股期；2027-02-24 开始转股,计算使用6.0年期 评级为AA- 债参考YTM：2.8299,N,6.075,全价：157.195 最后更新：15:34:15,,,,0,{'M': ''},1,0,N,,,buy,buy
2026-09-17 12:42:18,110095,双良转债,slzz,114.011,-0.54,600481,双良节能,sljn,4.07,-1.45,2.06,6.18,65.86,0,73.12,187.13,630501,电力设备,shmb,C,2023-09-08,[],0,0,buy,AA-,,4.326,8.034,16.7,buy,2029-08-08,2.893,14.006,2003.43,8965.4,1.25,-0.22,,0,14:59:54,00,Y,N,2,2,Y,转股价下修2次，成功下修2次,2024-02-19 开始转股,计算使用2.9年期 评级为AA- 债参考YTM：2.1405,N,26.0,全价：114.011 最后更新：14:59:54,,,,0,{'M': ''},0,0,N,,,buy,buy
2026-09-17 12:42:18,111018,华康转债,hkzz,124.101,-0.22,605077,华康股份,hkgf,11.4,0.88,1.09,15.97,71.38,0,73.85,197.95,220315,基础化工,shmb,C,2024-01-15,[],0,0,buy,AA-,,11.179,20.761,38.1,buy,2029-12-25,3.274,13.022,1777.85,12774.34,1.1,-1.22,,0,14:59:15,00,Y,N,0,0,Y,,2024-07-01 开始转股,计算使用3.3年期 评级为AA- 债参考YTM：2.2081,N,13.03,全价：124.101 最后更新：14:59:15,,,,0,[],0,0,N,,,buy,buy
2026-09-17 12:42:18,118072,鼎通转债,dtzz,184.455,-0.33,688668,鼎通科技,dtkj,260.49,-0.97,16.06,246.0,105.89,104,74.19,258.65,730204,通信,shkc,C,2026-07-17,[],0,0,buy,A+,,172.2,319.8,2.6,buy,2032-06-23,5.77,9.3,22738.68,88609.68,13.14,-7.56,,0,14:59:57,00,Y,N,1,1,Y,转股价下修1次，成功下修1次,未到转股期；2026-12-30 开始转股,计算使用5.8年期 评级为A+ 债参考YTM：5.0811,N,9.3,全价：184.455 最后更新：14:59:57,,,,0,{'M': ''},0,0,N,,,buy,buy
2026-09-17 12:42:18,123109,昌红转债,chzz,132.237,1.52,300151,昌红科技,chkj,20.16,-2.04,6.68,26.64,75.68,0,74.74,206.98,640209,机械设备,szcy,C,2021-04-19,[],0,0,buy,AA-,,18.648,34.632,6.2,buy,2027-04-01,0.537,4.595,8045.58,58978.79,13.34,-24.4,,0,15:34:45,00,Y,N,1,0,N,"转股价下修1次，成功下修0次
2026-09-11 至 2026-09-17 期间暂停转股：回售
转股价26.640生效日期2026-05-15",2021-10-08 开始转股;2026-09-11 至 2026-09-17 期间暂停转股：回售,计算使用0.6年期 评级为AA- 债参考YTM：1.7202,Y,4.6,全价：132.237 最后更新：15:34:45,,,"按下调到底估算
股东大会：2026-09-28
预估转股价：20.21
预估转股价值：99.75
期权价值：18.61
理论价值：132.56
理论偏离度：-0.24%",0,{'M': ''},0,0,Y,,,buy,buy
2026-09-17 12:42:18,123276,久吾转02,jwz02,155.5,-1.13,300631,久吾高科,jwgk,21.12,-1.68,1.94,23.78,88.81,130,75.08,230.58,760201,环保,szcy,C,2026-08-04,[],0,0,buy,A+,,16.646,30.914,11.7,buy,2032-07-19,5.841,3.0,3184.49,3548.7,6.81,-4.55,,0,15:34:24,00,Y,N,0,0,Y,,未到转股期；2027-01-25 开始转股,计算使用5.9年期 评级为A+ 债参考YTM：5.1355,N,3.0,全价：155.500 最后更新：15:34:24,,,,0,[],1,0,N,,,buy,buy
2026-09-17 12:42:18,110101,宝钛转债,btzz,141.422,-0.74,600456,宝钛股份,btgf,25.0,-2.15,1.65,30.98,80.7,104,75.25,216.67,240504,有色金属,shmb,C,2026-07-16,[],0,0,buy,AAA,,21.686,40.274,29.3,buy,2032-06-23,5.77,35.0,2822.71,11333.66,0.57,-4.38,,0,14:59:32,00,Y,N,0,0,Y,,未到转股期；2026-12-30 开始转股,计算使用5.8年期 评级为AAA 债参考YTM：1.7572,N,35.0,全价：141.422 最后更新：14:59:32,,,,0,{'M': ''},0,0,N,,,buy,buy
2026-09-17 12:42:18,113703,翔26转债,x26zz,135.847,1.15,603112,华翔股份,hxgf,17.0,3.72,2.0,21.94,77.48,88,75.32,211.17,330601,家用电器,shmb,C,2026-07-07,[],0,0,buy,AA-,,15.358,28.522,14.3,buy,2032-06-07,5.726,13.01,6527.62,31662.18,3.69,-2.8,,0,14:59:58,00,Y,N,0,0,Y,,未到转股期；2026-12-14 开始转股,计算使用5.8年期 评级为AA- 债参考YTM：2.7315,N,13.01,全价：135.847 最后更新：14:59:58,,,,0,[],0,0,N,,,buy,buy
2026-09-17 12:42:18,127083,山路转债,slzz,116.87,-0.02,000498,山东路桥,sdlq,4.94,0.82,0.27,7.42,66.58,0,75.54,192.41,620306,建筑装饰,szmb,C,2023-04-26,[],0,0,buy,AAA,,5.194,9.646,67.5,buy,2029-03-24,2.518,48.359,2797.88,4242.89,0.49,-1.96,,0,15:33:54,00,Y,N,0,0,Y,,2023-10-09 开始转股,计算使用2.6年期 评级为AAA 债参考YTM：1.6153,N,48.36,全价：116.870 最后更新：15:33:54,,,,0,{'M': ''},0,0,N,,,buy,buy
2026-09-17 12:42:18,118031,天23转债,t23zz,118.699,-0.39,688599,天合光能,thgn,10.8,-0.46,1.22,16.0,67.5,0,75.85,194.55,630502,电力设备,shkc,C,2023-03-15,[],0,0,buy,AA,,11.2,20.8,23.1,buy,2029-02-13,2.411,58.512,3547.36,19871.2,0.51,-0.14,,0,14:59:59,00,Y,N,2,2,Y,转股价下修2次，成功下修2次,2023-08-17 开始转股,计算使用2.5年期 评级为AA 债参考YTM：1.6811,N,88.648,全价：118.699 最后更新：14:59:59,,,,0,{'M': ''},0,0,N,,,buy,buy
2026-09-17 12:42:18,123252,银邦转债,ybzz,130.098,-0.99,300337,银邦股份,ybgf,9.23,-1.39,4.15,12.5,73.84,0,76.19,206.29,240301,有色金属,szcy,C,2025-01-24,[],0,0,buy,AA-,,8.75,16.25,11.9,buy,2031-01-06,4.307,7.846,2605.56,10463.25,2.55,-2.36,,0,15:34:06,00,Y,N,0,0,Y,,2025-07-14 开始转股,计算使用4.4年期 评级为AA- 债参考YTM：2.2850,N,7.85,全价：130.098 最后更新：15:34:06,,,,0,{'M': ''},0,0,N,,,buy,buy
2026-09-17 12:42:18,123220,易瑞转债,yrzz,127.342,-0.09,300942,易瑞生物,yrsw,6.3,1.12,2.92,8.85,71.19,0,78.89,206.23,370504,医药生物,szcy,C,2023-09-06,[],0,0,buy,A+,,6.195,11.505,11.4,buy,2029-08-18,2.921,2.907,875.76,2120.24,2.37,-2.53,,0,15:34:06,00,Y,N,1,1,Y,转股价下修1次，成功下修1次,2024-02-26 开始转股,计算使用3.0年期 评级为A+ 债参考YTM：4.5125,N,3.28,全价：127.342 最后更新：15:34:06,,,,0,{'M': ''},0,0,N,,,buy,buy
2026-09-17 12:42:18,123168,惠云转债,hyzz,127.3,0.18,300891,惠云钛业,hyty,7.62,2.14,2.36,10.74,70.95,0,79.42,206.72,220206,基础化工,szcy,C,2022-12-14,[],0,0,buy,AA-,,7.518,13.962,19.3,buy,2028-11-23,2.186,4.899,1911.53,5091.29,3.08,-3.21,,0,15:33:57,00,Y,N,0,0,Y,,2023-05-29 开始转股,计算使用2.2年期 评级为AA- 债参考YTM：1.9834,N,4.9,全价：127.300 最后更新：15:33:57,,,,0,{'M': ''},0,0,N,,,buy,buy
2026-09-17 12:42:18,123216,科顺转债,kszz,121.135,-0.7,300737,科顺股份,ksgf,4.46,-1.33,1.25,6.61,67.47,0,79.53,200.67,610304,建筑材料,szcy,C,2023-08-23,[],0,0,buy,AA-,,4.627,8.593,55.5,buy,2029-08-04,2.882,21.959,4363.04,5626.35,1.64,-0.83,,0,15:34:03,00,Y,N,2,1,Y,转股价下修2次，成功下修1次,2024-02-19 开始转股,计算使用2.9年期 评级为AA- 债参考YTM：2.1405,N,21.98,全价：121.135 最后更新：15:34:03,,,,0,{'M': ''},0,0,N,,,buy,buy
2026-09-17 12:42:18,123263,鼎捷转债,djzz,148.3,-1.49,300378,鼎捷数智,djsz,35.85,-0.69,3.88,43.42,82.57,0,79.61,227.91,710402,计算机,szcy,C,2025-12-31,[],0,0,buy,AA,,30.394,56.446,8.6,buy,2031-12-15,5.247,8.275,9520.51,36270.67,7.73,-5.02,,0,15:34:30,00,Y,N,0,0,Y,,2026-06-22 开始转股,计算使用5.3年期 评级为AA 债参考YTM：1.8760,N,8.28,全价：148.300 最后更新：15:34:30,,,,0,{'M': ''},0,0,N,,,buy,buy
2026-09-17 12:42:18,123193,海能转债,hnzz,125.362,-0.05,300787,海能实业,hnsy,10.09,0.7,2.05,14.5,69.59,0,80.15,205.51,270504,电子,szcy,C,2023-05-09,[],0,0,buy,AA-,,10.15,18.85,30.2,buy,2029-04-13,2.573,5.997,1596.66,3608.87,2.12,-2.2,,0,15:34:03,00,Y,N,0,0,Y,,2023-10-19 开始转股,计算使用2.6年期 评级为AA- 债参考YTM：2.0716,N,6.0,全价：125.362 最后更新：15:34:03,,,,0,[],0,0,N,,,buy,buy
2026-09-17 12:42:18,123223,九典转02,jdz02,130.818,0.09,300705,九典制药,jdzy,10.53,0.86,2.03,14.55,72.37,0,80.76,211.58,370102,医药生物,szcy,C,2023-10-13,[],0,0,buy,A+,,10.185,18.915,5.3,buy,2029-09-15,2.997,2.052,815.48,3793.85,3.04,-3.72,,0,15:34:09,00,Y,N,0,0,Y,,2024-03-21 开始转股,计算使用3.0年期 评级为A+ 债参考YTM：4.5125,N,3.6,全价：130.818 最后更新：15:34:09,,,,0,[],0,0,N,,,buy,buy
2026-09-17 12:42:18,118074,特宝转债,tbzz,154.622,-0.35,688278,特宝生物,tbsw,49.95,-0.3,6.57,58.56,85.3,139,81.27,235.89,370304,医药生物,shkc,C,2026-08-13,[],0,0,buy,AA+,,40.992,76.128,7.5,buy,2032-07-27,5.863,15.33,2695.43,9844.11,1.13,-5.48,,0,14:59:56,00,Y,N,0,0,Y,,未到转股期；2027-02-03 开始转股,计算使用5.9年期 评级为AA+ 债参考YTM：1.8772,N,15.33,全价：154.622 最后更新：14:59:56,,,,0,{'M': ''},1,0,N,,,buy,buy
2026-09-17 12:42:18,118020,芳源转债,fyzz,119.836,-0.31,688148,芳源股份,fygf,5.9,-1.34,5.65,9.0,65.56,0,82.8,202.64,630702,电力设备,shkc,C,2022-11-07,[],0,0,buy,BBB,,6.3,11.7,21.3,buy,2028-09-23,2.019,6.417,1274.87,6845.94,1.66,2.61,,0,14:59:28,00,Y,N,3,2,Y,转股价下修3次，成功下修2次,2023-03-29 开始转股,计算使用2.1年期 评级为BBB 债参考YTM：15.2725,Y,6.42,全价：119.836 最后更新：14:59:28,,,"按下调到底估算
股东大会：2026-09-22
预估转股价：6.15
预估转股价值：95.93
期权价值：36.58
理论价值：132.21
理论偏离度：-10.33%",0,{'M': ''},0,0,N,,,buy,buy
2026-09-17 12:42:18,113053,隆22转债,l22zz,115.113,-0.03,601012,隆基绿能,ljln,10.99,-0.09,1.71,17.5,62.8,0,83.3,198.41,630502,电力设备,shmb,C,2022-02-17,[],0,0,buy,AAA,,12.25,22.75,8.4,buy,2028-01-05,1.301,69.951,4529.07,57188.15,0.56,-4.43,,0,14:59:31,00,Y,N,1,1,Y,转股价下修1次，成功下修1次,2022-07-11 开始转股,计算使用1.4年期 评级为AAA 债参考YTM：1.5452,N,70.0,全价：115.113 最后更新：14:59:31,,,,1,{'M': ''},0,0,N,,,buy,buy
2026-09-17 12:42:18,113647,禾丰转债,hfzz,116.416,-0.22,603609,禾丰股份,hfgf,6.4,1.11,0.88,10.09,63.43,0,83.54,199.96,110402,农林牧渔,shmb,C,2022-05-18,[],0,0,buy,AA,,7.063,13.117,25.4,buy,2028-04-22,1.597,14.669,1861.74,2508.03,1.09,-1.43,,0,14:59:42,00,Y,N,0,0,Y,,2022-10-28 开始转股,计算使用1.6年期 评级为AA 债参考YTM：1.6126,N,15.0,全价：116.416 最后更新：14:59:42,,,,0,{'M': ''},0,0,N,,,buy,buy
2026-09-17 12:42:18,123229,艾录转债,alzz,129.573,-0.1,301062,上海艾录,shal,7.01,0.86,2.24,9.95,70.45,0,83.92,213.49,360205,轻工制造,szcy,C,2023-11-20,[],0,0,buy,A,,6.965,12.935,9.2,buy,2029-10-23,3.101,1.779,684.3,3705.5,2.97,-2.43,,0,15:34:15,00,Y,N,0,0,Y,,2024-04-29 开始转股,计算使用3.2年期 评级为A 债参考YTM：6.8975,N,5.0,全价：129.573 最后更新：15:34:15,,,,0,{'M': ''},0,0,N,,,buy,buy
2026-09-17 12:42:18,123259,锦浪转02,jlz02,139.886,-0.22,300763,锦浪科技,jlkj,54.95,-0.81,2.32,72.41,75.89,0,84.33,224.22,630503,电力设备,szcy,C,2025-11-06,[],0,0,buy,AA,,50.687,94.133,9.5,buy,2031-10-17,5.085,16.763,2873.62,29995.29,1.23,-3.94,,0,15:34:12,00,Y,N,1,1,Y,转股价下修1次，成功下修1次,2026-04-23 开始转股,计算使用5.1年期 评级为AA 债参考YTM：1.8486,N,16.766,全价：139.886 最后更新：15:34:12,,,,0,"{'G': '本次（2026年4月23日至2026年5月20日）不提前赎回，以2027年5月21日为首个交易日重新计算', 'M': ''}",0,0,N,,,buy,buy
2026-09-17 12:42:18,113708,曙26转债,s26zz,141.204,-0.51,603019,中科曙光,zksg,82.68,-0.74,5.25,108.89,75.93,126,85.97,227.17,710103,计算机,shmb,C,2026-08-06,[],0,0,buy,AAA,,76.223,141.557,6.6,buy,2032-07-14,5.827,80.0,13303.99,140445.36,1.17,-4.49,,0,14:59:59,00,Y,N,0,0,Y,,未到转股期；2027-01-21 开始转股,计算使用5.9年期 评级为AAA 债参考YTM：1.7638,N,80.0,全价：141.204 最后更新：14:59:59,,,,0,{'M': ''},0,0,N,,,buy,buy
2026-09-17 12:42:18,118076,先锋转债,xfzz,188.151,0.29,688605,先锋精科,xfjk,87.05,-0.07,10.48,86.4,100.75,148,86.75,274.9,270108,电子,shkc,C,2026-08-26,[],0,0,buy,AA,,60.48,112.32,8.0,buy,2032-08-05,5.888,7.5,25345.15,37902.94,18.05,-8.3,,0,14:59:58,00,Y,N,0,0,Y,,未到转股期；2027-02-12 开始转股,计算使用5.9年期 评级为AA 债参考YTM：2.0010,N,7.5,全价：188.151 最后更新：14:59:58,,,,0,{'M': ''},0,0,N,,,buy,buy
2026-09-17 12:42:18,113709,振26转债,z26zz,163.916,-1.69,603067,振华股份,zhgf,35.31,-0.28,6.16,40.33,87.55,141,87.22,251.14,220203,基础化工,shmb,C,2026-08-17,[],0,0,buy,AA,,28.231,52.429,3.3,buy,2032-07-29,5.869,8.78,15900.9,89715.21,10.89,-6.13,,0,14:59:57,00,Y,N,0,0,Y,,未到转股期；2027-02-05 开始转股,计算使用5.9年期 评级为AA 债参考YTM：2.0010,N,8.78,全价：163.916 最后更新：14:59:57,,,,0,{'M': ''},0,0,N,,,buy,buy
2026-09-17 12:42:18,118037,上声转债,sszz,126.097,-0.24,688533,上声电子,ssdz,19.26,1.05,1.78,28.64,67.25,0,87.51,213.61,280206,汽车,shkc,C,2023-08-01,[],0,0,buy,A+,,20.048,37.232,14.7,buy,2029-07-06,2.803,4.679,605.23,884.09,1.02,-3.41,,0,14:58:25,00,Y,N,2,1,Y,转股价下修2次，成功下修1次,2024-01-12 开始转股,计算使用2.9年期 评级为A+ 债参考YTM：4.4906,N,5.2,全价：126.097 最后更新：14:58:25,,,,0,{'M': ''},0,0,N,,,buy,buy
2026-09-17 12:42:18,113702,斯达转债,sdzz,154.506,-0.14,603290,斯达半导,sdbd,85.69,0.22,2.98,104.79,81.77,35,88.94,243.45,270102,电子,shmb,C,2026-05-11,[],0,0,buy,AA+,,73.353,136.227,7.3,buy,2032-04-15,5.581,15.0,14302.81,40256.81,6.12,-5.74,,0,14:59:57,00,Y,N,0,0,Y,,未到转股期；2026-10-22 开始转股,计算使用5.6年期 评级为AA+ 债参考YTM：1.8339,N,15.0,全价：154.506 最后更新：14:59:57,,,,0,{'M': ''},0,0,N,,,buy,buy
2026-09-17 12:42:18,118071,华峰转债,hfzz,201.675,0.42,688200,华峰测控,hfck,356.71,-1.46,9.79,335.33,106.38,103,89.59,291.27,270108,电子,shkc,C,2026-07-17,[],0,0,buy,AA,,234.731,435.929,1.0,buy,2032-06-22,5.767,7.49,29008.75,116206.58,19.19,-9.57,,0,15:00:00,00,Y,N,0,0,Y,,未到转股期；2026-12-29 开始转股,计算使用5.8年期 评级为AA 债参考YTM：1.9803,N,7.49,全价：201.675 最后更新：15:00:00,,,,0,{'M': ''},0,0,N,,,buy,buy
2026-09-17 12:42:18,113707,科博转债,kbzz,155.186,0.25,603786,科博达,kbd,37.2,1.86,2.65,45.56,81.65,116,90.06,245.25,280206,汽车,shmb,C,2026-07-31,[],0,0,buy,AA+,,31.892,59.228,9.9,buy,2032-07-02,5.795,14.91,4403.84,6989.25,1.9,-5.61,,0,14:59:44,00,Y,N,0,0,Y,,未到转股期；2027-01-11 开始转股,计算使用5.8年期 评级为AA+ 债参考YTM：1.8633,N,14.91,全价：155.186 最后更新：14:59:44,,,,0,{'M': ''},0,0,N,,,buy,buy
2026-09-17 12:42:18,127038,国微转债,gwzz,117.211,-0.79,002049,紫光国微,zggw,59.75,-1.09,3.52,97.01,61.59,0,90.3,207.51,270104,电子,szmb,C,2021-07-14,[],0,0,buy,AA+,,67.907,126.113,3.0,buy,2027-06-10,0.729,14.915,1555.41,47588.6,0.89,-8.47,,0,15:34:30,00,Y,N,0,0,Y,,2021-12-17 开始转股,计算使用0.8年期 评级为AA+ 债参考YTM：1.5341,N,15.0,全价：117.211 最后更新：15:34:30,,,,1,{'M': ''},0,0,N,,,buy,buy
2026-09-17 12:42:18,123154,火星转债,hxzz,122.091,-0.88,300894,火星人,hxr,10.25,-2.94,4.24,16.0,64.06,0,90.58,212.67,330401,家用电器,szcy,C,2022-08-23,[],0,0,buy,A+,,11.2,20.8,17.5,buy,2028-08-05,1.885,5.289,2085.71,7304.42,3.22,-2.26,,0,15:34:48,00,Y,N,1,1,Y,转股价下修1次，成功下修1次,2023-02-13 开始转股,计算使用1.9年期 评级为A+ 债参考YTM：4.2765,N,5.29,全价：122.091 最后更新：15:34:48,,,,1,{'M': ''},0,0,N,,,buy,buy
2026-09-17 12:42:18,123275,肇民转债,zmzz,137.501,2.17,301000,肇民科技,zmkj,24.35,5.64,4.57,33.76,72.13,120,90.64,228.14,280205,汽车,szcy,C,2026-07-24,[],0,0,buy,AA-,,23.632,43.888,10.5,buy,2032-07-08,5.811,5.9,24934.59,18145.05,30.61,-3.26,,0,15:34:51,00,Y,N,0,0,Y,,未到转股期；2027-01-15 开始转股,计算使用5.9年期 评级为AA- 债参考YTM：2.7856,N,5.9,全价：137.501 最后更新：15:34:51,,,,0,{'M': ''},0,0,N,,,buy,buy
2026-09-17 12:42:18,123262,神宇转债,syzz,130.138,-0.66,300563,神宇股份,sygf,26.16,-3.65,4.1,38.62,67.74,0,92.12,222.26,730205,通信,szcy,C,2025-12-30,[],0,0,buy,AA-,,27.034,50.206,14.6,buy,2031-12-11,5.236,4.999,4758.49,28671.79,7.31,-2.58,,0,15:34:15,00,Y,N,0,0,Y,,2026-06-17 开始转股,计算使用5.3年期 评级为AA- 债参考YTM：2.4264,N,5.0,全价：130.138 最后更新：15:34:15,,,,0,{'M': ''},0,0,N,,,buy,buy
2026-09-17 12:42:18,118073,赛斯转债,sszz,148.208,-1.47,688480,赛恩斯,ses,66.95,-3.4,5.29,86.9,77.04,130,92.37,240.58,760104,环保,shkc,C,2026-08-12,[],0,0,buy,AA,,60.83,112.97,8.5,buy,2032-07-16,5.833,5.519,3944.26,14877.51,4.81,-4.52,,0,14:59:51,00,Y,N,0,0,Y,,未到转股期；2027-01-25 开始转股,计算使用5.9年期 评级为AA 债参考YTM：2.0010,N,5.519,全价：148.208 最后更新：14:59:51,,,,0,{'M': ''},1,0,N,,,buy,buy
2026-09-17 12:42:18,118063,金05转债,j05zz,139.429,-0.47,688676,金盘科技,jpkj,64.1,-0.06,5.57,88.6,72.35,0,92.72,232.15,630801,电力设备,shkc,C,2026-01-14,[],0,0,buy,AA+,,62.02,115.18,5.7,buy,2031-12-25,5.274,16.707,3497.06,39490.81,1.5,-4.2,,0,14:59:24,00,Y,N,0,0,Y,,2026-07-01 开始转股,计算使用5.3年期 评级为AA+ 债参考YTM：1.7937,N,16.71,全价：139.429 最后更新：14:59:24,,,,0,{'M': ''},0,0,N,,,buy,buy
2026-09-17 12:42:18,113627,太平转债,tpzz,110.948,-0.21,603877,太平鸟,tpn,11.77,0.6,1.24,20.61,57.11,0,94.28,205.23,350209,纺织服饰,shmb,C,2021-08-06,[],0,0,buy,AA,,14.427,26.793,14.5,buy,2027-07-15,0.825,7.996,2074.73,1739.31,2.34,-1.04,,0,14:59:09,00,Y,N,1,1,Y,转股价下修1次，成功下修1次,2022-01-21 开始转股,计算使用0.9年期 评级为AA 债参考YTM：1.5535,N,8.0,全价：110.948 最后更新：14:59:09,,,,0,{'M': ''},0,0,N,,,buy,buy
2026-09-17 12:42:18,118070,南芯转债,nxzz,148.254,1.46,688484,南芯科技,nxkj,33.15,1.07,3.54,43.71,75.84,99,95.48,243.73,270105,电子,shkc,C,2026-07-10,[],0,0,buy,AA+,,30.597,56.823,11.1,buy,2032-06-17,5.753,15.869,14467.53,20462.12,6.14,-4.75,,0,14:59:52,00,Y,N,0,0,Y,,未到转股期；2026-12-25 开始转股,计算使用5.8年期 评级为AA+ 债参考YTM：1.8633,N,15.869,全价：148.254 最后更新：14:59:52,,,,0,{'M': ''},0,0,N,,,buy,buy
2026-09-17 12:42:18,113648,巨星转债,jxzz,115.967,-0.17,603477,巨星农牧,jxnm,14.64,0.07,2.82,24.84,58.94,0,96.76,212.73,110702,农林牧渔,shmb,C,2022-05-17,[],0,0,buy,AA-,,17.388,32.292,12.0,buy,2028-04-25,1.606,8.997,1721.99,12892.47,1.65,-2.04,,0,14:59:31,00,Y,N,0,0,Y,,2022-10-31 开始转股,计算使用1.7年期 评级为AA- 债参考YTM：1.8907,N,10.0,全价：115.967 最后更新：14:59:31,,,,0,{'M': ''},0,0,N,,,buy,buy
2026-09-17 12:42:18,123215,铭利转债,mlzz,121.2,-0.07,301268,铭利达,mld,11.78,0.0,3.18,19.19,61.39,0,97.44,218.64,640108,机械设备,szcy,C,2023-08-23,[],0,0,buy,A+,,13.433,24.947,20.0,buy,2029-08-03,2.88,8.555,996.02,2070.09,0.96,0.09,,0,15:34:15,00,Y,N,1,1,Y,转股价下修1次，成功下修1次,2024-02-19 开始转股,计算使用2.9年期 评级为A+ 债参考YTM：4.4906,N,10.0,全价：121.200 最后更新：15:34:15,,,,0,{'M': ''},0,0,N,,,buy,buy
2026-09-17 12:42:18,118065,艾为转债,awzz,132.668,-0.84,688798,艾为电子,awdz,53.26,-0.63,2.92,79.4,67.08,0,97.78,230.45,270105,电子,shkc,C,2026-02-26,[],0,0,buy,AA+,,55.58,103.22,26.3,buy,2032-01-22,5.351,19.01,4542.5,13309.55,1.79,-3.08,,0,14:59:43,00,Y,N,0,0,Y,,2026-07-28 开始转股,计算使用5.4年期 评级为AA+ 债参考YTM：1.8058,N,19.01,全价：132.668 最后更新：14:59:43,,,,0,{'M': ''},1,0,N,,,buy,buy
2026-09-17 12:42:18,113679,芯能转债,xnzz,124.8,-0.74,603105,芯能科技,xnkj,7.91,-2.59,1.8,12.55,63.03,0,98.01,222.81,410106,公用事业,shmb,C,2023-11-24,[],0,0,buy,AA-,,8.785,16.315,22.2,buy,2029-10-26,3.11,8.799,2659.67,22827.67,2.42,-1.42,,0,14:59:46,00,Y,N,0,0,Y,,2024-05-06 开始转股,计算使用3.2年期 评级为AA- 债参考YTM：2.1967,N,8.8,全价：124.800 最后更新：14:59:46,,,,0,{'M': ''},0,0,N,,,buy,buy
2026-09-17 12:42:18,113656,嘉诚转债,jczz,117.608,-0.26,603535,嘉诚国际,jcgj,6.13,0.66,1.21,10.33,59.34,0,98.19,215.8,420805,交通运输,shmb,C,2022-10-12,[],0,0,buy,A+,,7.231,13.429,25.5,buy,2028-09-01,1.959,7.998,1182.14,1799.67,1.26,-0.27,,0,14:59:13,00,Y,N,0,0,Y,,2023-03-07 开始转股,计算使用2.0年期 评级为A+ 债参考YTM：4.2957,N,8.0,全价：117.608 最后更新：14:59:13,,,,1,[],0,0,N,,,buy,buy
2026-09-17 12:42:18,118024,冠宇转债,gyzz,120.583,-0.21,688772,珠海冠宇,zhgy,13.66,-1.66,2.16,22.51,60.68,0,98.71,219.29,630701,电力设备,shkc,C,2022-11-17,[],0,0,buy,AA,,15.757,27.012,19.9,buy,2028-10-24,2.104,30.889,2232.86,20437.57,0.6,-2.15,,0,14:59:59,00,Y,N,0,0,Y,,2023-04-28 开始转股,计算使用2.2年期 评级为AA 债参考YTM：1.6611,N,30.89,全价：120.583 最后更新：14:59:59,,,,0,{'M': ''},0,0,N,120%,,buy,buy
2026-09-17 12:42:18,123274,维科转债,wkzz,137.21,0.26,301499,维科精密,wkjm,24.52,1.53,2.6,35.62,68.84,109,99.32,236.53,280206,汽车,szcy,C,2026-07-10,[],0,0,buy,A+,,24.934,46.306,18.6,buy,2032-06-25,5.775,6.3,1424.48,2784.58,1.65,-2.63,,0,15:34:48,00,Y,N,0,0,Y,,未到转股期；2027-01-04 开始转股,计算使用5.8年期 评级为A+ 债参考YTM：5.0811,N,6.3,全价：137.210 最后更新：15:34:48,,,,0,{'M': ''},0,0,N,,,buy,buy
2026-09-17 12:42:18,113701,祥和转债,xhzz,136.102,-0.58,603500,祥和实业,xhsy,9.1,-0.66,2.84,13.37,68.06,0,99.97,236.07,640501,机械设备,shmb,C,2026-03-26,[],0,0,buy,A+,,9.359,17.381,13.2,buy,2032-03-03,5.463,4.0,1126.51,2657.08,2.07,-2.48,,0,14:59:34,00,Y,N,0,0,Y,,2026-09-09 开始转股,计算使用5.5年期 评级为A+ 债参考YTM：4.8913,N,4.0,全价：136.102 最后更新：14:59:34,,,,0,[],1,0,N,,,buy,buy
2026-09-17 12:42:18,123266,博士转债,bszz,138.559,0.41,300622,博士眼镜,bsyj,14.81,4.37,5.09,21.38,69.27,7,100.03,238.59,450401,商贸零售,szcy,C,2026-04-07,[],0,0,buy,AA,,14.966,27.794,11.5,buy,2032-03-17,5.501,3.75,3324.85,12807.12,6.39,-3.29,,0,15:34:33,00,Y,N,0,0,Y,,未到转股期；2026-09-24 开始转股,计算使用5.6年期 评级为AA 债参考YTM：1.9363,N,3.75,全价：138.559 最后更新：15:34:33,,,,0,[],0,0,N,,,buy,buy
2026-09-17 12:42:18,127085,韵达转债,ydzz,118.7,0.53,002120,韵达股份,ydgf,6.84,1.94,0.92,11.53,59.32,0,100.09,218.79,420804,交通运输,szmb,C,2023-05-23,[],0,0,buy,AA+,,8.071,14.989,12.7,buy,2029-04-11,2.567,24.499,1951.41,20064.98,0.67,-2.52,,0,15:34:33,00,Y,N,0,0,Y,,2023-10-17 开始转股,计算使用2.6年期 评级为AA+ 债参考YTM：1.6573,N,24.5,全价：118.700 最后更新：15:34:33,,,,0,{'M': ''},0,0,N,,,buy,buy
2026-09-17 12:42:18,127068,顺博转债,sbzz,118.75,-0.45,002996,顺博合金,sbhj,5.91,-0.84,1.15,10.0,59.1,0,100.93,219.68,240301,有色金属,szmb,C,2022-09-07,[],0,0,buy,AA-,,7.0,13.0,30.6,buy,2028-08-12,1.904,8.3,1127.87,2828.44,1.14,-3.98,,0,15:34:30,00,Y,N,2,2,Y,转股价下修2次，成功下修2次,2023-02-20 开始转股,计算使用2.0年期 评级为AA- 债参考YTM：1.9457,N,8.3,全价：118.750 最后更新：15:34:30,,,,1,[],0,0,N,,,buy,buy
2026-09-17 12:42:18,123260,卓镁转债,zmzz,143.527,0.95,301398,星源卓镁,xyzm,37.1,-0.27,3.97,52.15,71.14,0,101.75,245.28,280202,汽车,szcy,C,2025-11-24,[],0,0,buy,A+,,36.505,67.795,11.1,buy,2031-11-07,5.143,4.499,3388.58,4856.94,5.26,-3.65,,0,15:34:27,00,Y,N,0,0,Y,,2026-05-13 开始转股,计算使用5.2年期 评级为A+ 债参考YTM：4.7297,N,4.5,全价：143.527 最后更新：15:34:27,,,,0,{'M': ''},0,0,N,,,buy,buy
2026-09-17 12:42:18,113671,武进转债,wjzz,125.77,-0.29,603878,武进不锈,wjbx,4.87,-0.81,1.07,7.88,61.8,0,103.5,229.27,230403,钢铁,shmb,C,2023-08-03,[],0,0,buy,AA,,5.516,10.244,11.3,buy,2029-07-10,2.814,3.093,1082.78,3486.32,2.79,-3.7,,0,14:59:53,00,Y,N,0,0,Y,,2024-01-15 开始转股,计算使用2.9年期 评级为AA 债参考YTM：1.7060,N,3.1,全价：125.770 最后更新：14:59:53,,,,0,[],0,0,N,,,buy,buy
2026-09-17 12:42:18,113634,珀莱转债,plzz,120.527,-0.26,603605,珀莱雅,bly,55.65,-1.43,3.29,94.27,59.03,0,104.17,224.7,770202,美容护理,shmb,C,2022-01-04,[],0,0,buy,AA,,65.989,122.551,3.4,buy,2027-12-08,1.225,7.507,2975.38,28143.18,3.29,-2.57,,0,14:58:04,00,Y,N,0,0,Y,,2022-06-14 开始转股,计算使用1.3年期 评级为AA 债参考YTM：1.5878,N,7.517,全价：120.527 最后更新：14:58:04,,,,0,{'M': ''},0,0,N,,,buy,buy
2026-09-17 12:42:18,118069,爱科转债,akzz,151.186,-0.34,688092,爱科科技,akkj,21.02,0.0,2.61,28.49,73.78,91,104.91,256.1,640209,机械设备,shkc,C,2026-07-09,[],0,0,buy,AA-,,19.943,37.037,15.4,buy,2032-06-10,5.734,2.67,1406.12,1655.44,3.48,-4.36,,0,14:59:54,00,Y,N,0,0,Y,,未到转股期；2026-12-17 开始转股,计算使用5.8年期 评级为AA- 债参考YTM：2.7315,N,2.67,全价：151.186 最后更新：14:59:54,,,,0,{'M': ''},1,0,N,,,buy,buy
2026-09-17 12:42:18,127044,蒙娜转债,mnzz,115.404,-0.53,002918,蒙娜丽莎,mnls,11.04,-0.9,1.36,19.76,55.87,0,106.56,221.96,360306,轻工制造,szmb,C,2021-09-16,[],0,0,buy,AA-,,13.832,25.688,14.2,buy,2027-08-16,0.912,3.368,2225.34,16678.06,5.72,-3.23,,0,15:34:33,00,Y,N,1,1,Y,转股价下修1次，成功下修1次,2022-02-21 开始转股,计算使用1.0年期 评级为AA- 债参考YTM：1.7727,N,11.689,全价：115.404 最后更新：15:34:33,,,,1,[],0,0,N,,,buy,buy
2026-09-17 12:42:18,123192,科思转债,kszz,123.838,0.0,300856,科思股份,ksgf,10.38,0.68,1.8,17.32,59.93,0,106.64,230.48,770201,美容护理,szcy,C,2023-05-11,[],0,0,buy,AA-,,12.124,22.516,15.1,buy,2029-04-13,2.573,7.187,946.56,2071.85,1.06,-1.73,,0,15:34:06,00,Y,N,0,0,Y,,2023-10-19 开始转股,计算使用2.6年期 评级为AA- 债参考YTM：2.0716,N,7.249,全价：123.838 最后更新：15:34:06,,,,0,{'M': ''},0,0,N,,,buy,buy
2026-09-17 12:42:18,113666,爱玛转债,amzz,120.473,-0.12,603529,爱玛科技,amkj,21.53,0.14,1.84,37.06,58.1,0,107.37,227.84,280401,汽车,shmb,C,2023-03-20,[],0,0,buy,AA,,25.942,48.178,10.9,buy,2029-02-23,2.438,19.994,1474.22,5940.41,0.61,-2.53,,0,14:59:20,00,Y,N,0,0,N,2026-09-17 起暂停转股：权益分派,2023-09-01 开始转股;2026-09-17 起暂停转股：权益分派,计算使用2.5年期 评级为AA 债参考YTM：1.6811,N,20.0,全价：120.473 最后更新：14:59:20,,,,0,{'M': ''},0,0,N,,,buy,buy
2026-09-17 12:42:18,123196,正元转02,zyz02,125.006,-0.17,300645,正元智慧,zyzh,13.19,1.38,1.69,21.91,60.2,0,107.65,232.66,710103,计算机,szcy,C,2023-05-19,[],0,0,buy,A+,,15.337,28.483,19.1,buy,2029-04-18,2.586,3.501,496.78,4215.72,1.13,-2.14,,0,15:33:54,00,Y,N,2,1,Y,转股价下修2次，成功下修1次,2023-10-24 开始转股,计算使用2.6年期 评级为A+ 债参考YTM：4.4225,N,3.507,全价：125.006 最后更新：15:33:54,,,,0,[],0,0,N,,,buy,buy
2026-09-17 12:42:18,123264,双乐转债,slzz,121.33,-0.37,301036,双乐股份,slgf,21.2,-1.21,1.26,36.4,58.24,0,108.32,229.65,220305,基础化工,szcy,C,2026-01-16,[],0,0,buy,AA-,,25.48,47.32,54.2,buy,2031-12-26,5.277,8.0,1376.46,2694.14,1.42,-1.24,,0,15:34:15,00,Y,N,0,0,Y,,2026-07-06 开始转股,计算使用5.3年期 评级为AA- 债参考YTM：2.4264,N,8.0,全价：121.330 最后更新：15:34:15,,,,0,{'M': ''},0,0,N,,,buy,buy
2026-09-17 12:42:18,113638,台21转债,t21zz,121.94,-0.43,603055,台华新材,thxc,9.34,-1.06,1.5,16.01,58.34,0,109.02,230.96,350106,纺织服饰,shmb,C,2022-01-21,[],0,0,buy,AA,,11.207,20.813,7.2,buy,2027-12-29,1.282,5.997,2049.92,5342.46,2.8,-5.32,,0,14:59:43,00,Y,N,0,0,Y,,2022-07-05 开始转股,计算使用1.3年期 评级为AA 债参考YTM：1.5878,N,6.0,全价：121.940 最后更新：14:59:43,,,,0,{'M': ''},0,0,N,,,buy,buy
2026-09-17 12:42:18,118075,奥普转债,apzz,200.144,-1.85,688686,奥普特,apt,142.28,0.68,5.45,149.83,94.96,140,110.76,310.9,640704,机械设备,shkc,C,2026-08-19,[],0,0,buy,AA,,104.881,194.779,7.3,buy,2032-07-28,5.866,12.7,41005.51,16808.0,15.89,-9.3,,0,14:59:59,00,Y,N,0,0,Y,,未到转股期；2027-02-04 开始转股,计算使用5.9年期 评级为AA 债参考YTM：2.0010,N,12.7,全价：200.144 最后更新：14:59:59,,,,0,{'M': ''},0,0,N,,,buy,buy
2026-09-17 12:42:18,123267,珂玛转债,kmzz,203.947,-1.48,301611,珂玛科技,kmkj,94.0,-1.24,21.66,97.47,96.44,35,111.48,315.43,270103,电子,szcy,C,2026-05-13,[],0,0,buy,AA,,68.229,126.711,5.4,buy,2032-04-15,5.581,7.5,18868.21,73493.66,12.19,-10.06,,0,15:34:36,00,Y,N,0,0,Y,,未到转股期；2026-10-22 开始转股,计算使用5.6年期 评级为AA 债参考YTM：1.9363,N,7.5,全价：203.947 最后更新：15:34:36,,,,0,{'M': ''},0,0,N,,,buy,buy
2026-09-17 12:42:18,123138,丝路转债,slzz,125.149,-0.28,300556,丝路视觉,slsj,15.68,0.58,4.6,26.53,59.1,0,111.75,236.9,710401,计算机,szcy,C,2022-03-22,[],0,0,buy,A-,,18.571,34.489,14.1,buy,2028-03-02,1.458,2.393,692.04,7629.19,2.31,-4.3,,0,15:34:42,00,Y,N,0,0,Y,,2022-09-08 开始转股,计算使用1.5年期 评级为A- 债参考YTM：8.8918,N,2.4,全价：125.149 最后更新：15:34:42,,,,0,[],0,0,N,,,buy,buy
2026-09-17 12:42:18,111009,盛泰转债,stzz,120.312,-0.15,605138,盛泰集团,stjt,5.97,1.7,1.32,10.51,56.8,0,111.81,232.12,350209,纺织服饰,shmb,C,2022-12-01,[],0,0,buy,AA,,7.357,13.663,21.1,buy,2028-11-07,2.143,7.011,1697.45,1922.69,2.01,-2.82,,0,14:58:51,00,Y,N,0,0,Y,,2023-05-11 开始转股,计算使用2.2年期 评级为AA 债参考YTM：1.6611,N,7.012,全价：120.312 最后更新：14:58:51,,,,0,[],0,0,N,,,buy,buy
2026-09-17 12:42:18,123113,仙乐转债,xlzz,114.297,-0.32,300791,仙乐健康,xljk,17.1,-0.93,1.73,31.69,53.96,0,111.82,226.12,340407,食品饮料,szcy,C,2021-05-14,[],0,0,buy,AA-,,22.183,41.197,23.3,buy,2027-04-19,0.586,10.248,2724.01,1563.4,2.32,-1.94,,0,15:34:48,00,Y,N,0,0,Y,,2021-10-25 开始转股,计算使用0.6年期 评级为AA- 债参考YTM：1.7202,N,10.249,全价：114.297 最后更新：15:34:48,,,,0,[],0,0,N,,,buy,buy
2026-09-17 12:42:18,113655,欧22转债,o22zz,117.481,-0.33,603833,欧派家居,opjj,28.35,-1.63,0.93,51.29,55.27,0,112.54,230.02,360308,轻工制造,shmb,C,2022-09-01,[],0,0,buy,AA,,35.903,66.677,11.6,buy,2028-08-05,1.885,19.999,1101.05,7127.22,0.47,-1.69,,0,14:58:59,00,Y,N,1,1,Y,转股价下修1次，成功下修1次,2023-02-13 开始转股,计算使用1.9年期 评级为AA 债参考YTM：1.6374,N,20.0,全价：117.481 最后更新：14:58:59,,,,0,{'M': ''},0,0,N,,,buy,buy
2026-09-17 12:42:18,113625,江山转债,jszz,115.771,-0.19,603208,江山欧派,jsop,10.72,1.04,1.9,19.84,54.03,0,114.26,230.03,360308,轻工制造,shmb,C,2021-07-01,[],0,0,buy,A,,13.888,25.792,30.9,buy,2027-06-11,0.732,5.825,1127.25,1789.24,1.67,2.64,,0,14:59:48,00,Y,N,1,1,Y,转股价下修1次，成功下修1次,2021-12-20 开始转股,计算使用0.8年期 评级为A 债参考YTM：6.4499,N,5.83,全价：115.771 最后更新：14:59:48,,,,0,[],0,0,N,,,buy,buy
2026-09-17 12:42:18,113700,海天转债,htzz,127.356,-0.27,603759,海天股份,htgf,7.27,-0.14,1.15,12.41,58.58,0,117.4,244.76,760102,环保,shmb,C,2026-03-12,[],0,0,buy,AA,,8.687,16.133,23.9,buy,2032-02-05,5.389,8.01,2083.07,2249.9,2.04,-2.14,,0,14:58:04,00,Y,N,0,0,Y,,2026-08-11 开始转股,计算使用5.4年期 评级为AA 债参考YTM：1.8943,N,8.01,全价：127.356 最后更新：14:58:04,,,,0,[],0,0,N,,,buy,buy
2026-09-17 12:42:18,118067,上26转债,s26zz,130.199,0.22,688533,上声电子,ssdz,19.26,1.05,1.78,32.25,59.72,7,118.01,248.21,280206,汽车,shkc,C,2026-04-14,[],0,0,buy,A+,,22.575,41.925,10.2,buy,2032-03-17,5.501,3.25,594.31,884.09,1.41,-1.82,,0,14:59:53,00,Y,N,0,0,Y,,未到转股期；2026-09-24 开始转股,计算使用5.6年期 评级为A+ 债参考YTM：4.9558,N,3.25,全价：130.199 最后更新：14:59:53,,,,0,{'M': ''},0,0,N,,,buy,buy
2026-09-17 12:42:18,113616,韦尔转债,wezz,109.468,0.0,603501,豪威集团,hwjt,78.62,0.28,3.02,159.02,49.44,0,121.41,230.88,270104,电子,shmb,C,2021-01-22,[],0,0,buy,AA+,,111.314,206.726,2.6,buy,2026-12-28,0.28,24.324,8620.01,71383.1,3.24,1.74,,0,14:59:59,00,Y,N,0,0,Y,,2021-07-05 开始转股,计算使用0.3年期 评级为AA+ 债参考YTM：1.5187,N,24.4,全价：109.468 最后更新：14:59:59,,,,0,{'M': ''},0,0,N,,,buy,buy
2026-09-17 12:42:18,127062,垒知转债,lzzz,123.181,0.49,002398,垒知集团,lzjt,4.19,-0.24,0.76,7.56,55.42,0,122.25,245.43,610303,建筑材料,szmb,C,2022-05-20,[],0,0,buy,AA-,,5.292,9.828,15.7,buy,2028-04-21,1.595,3.957,1594.04,4010.31,3.27,-3.22,,0,15:34:27,00,Y,N,0,0,Y,,2022-10-27 开始转股,计算使用1.6年期 评级为AA- 债参考YTM：1.8718,N,3.963,全价：123.181 最后更新：15:34:27,,,,0,[],0,0,N,,,buy,buy
2026-09-17 12:42:18,123265,耐普转02,npz02,129.871,-0.24,300818,耐普矿机,npkj,16.82,-0.18,1.97,29.42,57.17,0,127.16,257.03,640103,机械设备,szcy,C,2026-01-30,[],0,0,buy,A+,,20.594,38.246,18.8,buy,2032-01-16,5.334,4.499,678.8,3817.29,1.16,-1.67,,0,15:34:18,00,Y,N,0,0,Y,,2026-07-22 开始转股,计算使用5.4年期 评级为A+ 债参考YTM：4.8299,N,4.5,全价：129.871 最后更新：15:34:18,,,,0,[],0,0,N,,,buy,buy
2026-09-17 12:42:18,113693,志邦转债,zbzz,120.37,0.42,603801,志邦家居,zbjj,5.83,1.04,0.85,11.13,52.38,0,129.8,250.17,360308,轻工制造,shmb,C,2025-04-08,[],0,0,buy,AA,,7.791,14.469,26.5,buy,2031-03-18,4.501,6.7,1647.58,3056.73,2.05,-1.16,,0,14:58:55,00,Y,N,0,0,Y,,2025-09-24 开始转股,计算使用4.6年期 评级为AA 债参考YTM：1.8244,N,6.7,全价：120.370 最后更新：14:58:55,,,,0,[],0,0,N,,,buy,buy
2026-09-17 12:42:18,118015,芯海转债,xhzz,126.763,-0.53,688595,芯海科技,xhkj,29.6,-0.7,5.93,55.22,53.6,0,136.48,263.24,270104,电子,shkc,C,2022-08-18,[],0,0,buy,A+,,38.654,71.786,9.6,buy,2028-07-21,1.844,4.1,967.9,6897.2,1.86,-4.13,,0,14:58:16,00,Y,N,0,0,Y,,2023-01-30 开始转股,计算使用1.9年期 评级为A+ 债参考YTM：4.2765,N,4.1,全价：126.763 最后更新：14:58:16,,,,0,{'M': ''},0,0,N,,,buy,buy
2026-09-17 12:42:18,118022,锂科转债,lkzz,118.025,-0.59,688779,五矿新能,wkxn,7.64,-2.05,1.95,15.49,49.32,0,139.29,257.32,630702,电力设备,shkc,C,2022-11-07,[],0,0,buy,AA,,10.843,20.137,22.0,buy,2028-10-11,2.069,32.497,1399.23,9937.44,0.36,-2.0,,0,14:59:31,00,Y,N,0,0,Y,,2023-04-17 开始转股,计算使用2.1年期 评级为AA 债参考YTM：1.6537,N,32.5,全价：118.025 最后更新：14:59:31,,,,0,{'M': ''},0,0,N,,,buy,buy
2026-09-17 12:42:18,118042,奥维转债,awzz,124.769,0.87,688516,奥特维,atw,42.53,1.5,3.53,83.69,50.82,0,145.52,270.29,630505,电力设备,shkc,C,2023-09-01,[],0,0,buy,AA-,,58.583,108.797,8.5,buy,2029-08-10,2.899,11.399,5782.02,27973.45,4.09,-1.79,,0,14:59:57,00,Y,N,0,0,N,2026-09-17 起暂停转股：权益分派,2024-02-19 开始转股;2026-09-17 起暂停转股：权益分派,计算使用2.9年期 评级为AA- 债参考YTM：2.1405,N,11.4,全价：124.769 最后更新：14:59:57,,,,0,{'M': ''},0,0,N,,,buy,buy
2026-09-17 12:42:18,123090,三诺转债,snzz,111.543,0.03,300298,三诺生物,snsw,15.59,0.91,2.82,34.52,45.16,0,146.98,258.52,370502,医药生物,szcy,C,2021-01-12,[],0,0,buy,AA,,24.164,44.876,7.1,buy,2026-12-21,0.26,4.984,2524.53,4293.61,4.54,1.57,,0,15:34:42,00,Y,N,0,0,Y,,2021-06-25 开始转股,计算使用0.3年期 评级为AA 债参考YTM：1.5287,N,5.0,全价：111.543 最后更新：15:34:42,,,,0,{'M': ''},0,0,N,,,buy,buy
2026-09-17 12:42:18,118068,迪威转债,dwzz,126.552,-0.08,688377,迪威尔,dwe,16.62,-0.6,2.03,32.49,51.15,84,147.39,273.94,640203,机械设备,shkc,C,2026-06-30,[],0,0,buy,AA-,,22.743,42.237,23.4,buy,2032-06-03,5.715,9.08,1101.5,3372.01,0.96,-1.88,,0,14:59:59,00,Y,N,0,0,Y,,未到转股期；2026-12-10 开始转股,计算使用5.8年期 评级为AA- 债参考YTM：2.7315,N,9.08,全价：126.552 最后更新：14:59:59,,,,0,{'M': ''},0,0,N,,,buy,buy
2026-09-17 12:42:18,111014,李子转债,lzzz,119.797,-0.27,605337,李子园,lzy,8.81,-0.56,2.07,18.21,48.38,0,147.62,267.42,340701,食品饮料,shmb,C,2023-07-13,[],0,0,buy,AA,,12.747,23.673,17.6,buy,2029-06-20,2.759,5.999,895.22,1865.01,1.25,-1.4,,0,14:59:34,00,Y,N,0,0,N,2026-09-16 至 2026-09-22 期间暂停转股：回售,2023-12-28 开始转股;2026-09-16 至 2026-09-22 期间暂停转股：回售,计算使用2.8年期 评级为AA 债参考YTM：1.6997,N,6.0,全价：119.797 最后更新：14:59:34,,,,0,[],0,0,Y,,,buy,buy
2026-09-17 12:42:18,118066,统联转债,tlzz,126.947,0.38,688210,统联精密,tljm,27.39,3.95,3.51,55.96,48.95,0,159.36,286.31,270504,电子,shkc,C,2026-03-20,[],0,0,buy,AA-,,39.172,72.748,12.9,buy,2032-03-02,5.46,5.76,3143.29,16570.95,4.29,-2.02,,0,14:58:41,00,Y,N,0,0,Y,,2026-09-07 开始转股,计算使用5.5年期 评级为AA- 债参考YTM：2.5425,N,5.76,全价：126.947 最后更新：14:58:41,,,,0,{'M': ''},0,0,N,,,buy,buy
2026-09-17 12:42:18,113650,博22转债,b22zz,120.885,-0.58,603916,苏博特,sbt,10.61,-0.09,1.02,23.27,45.6,0,165.13,286.02,220309,基础化工,shmb,C,2022-07-28,[],0,0,buy,AA-,,16.289,30.251,17.9,buy,2028-07-01,1.789,7.996,2362.31,4770.27,2.44,-1.83,,0,14:58:44,00,Y,N,0,0,Y,,2023-01-09 开始转股,计算使用1.8年期 评级为AA- 债参考YTM：1.9095,N,8.0,全价：120.885 最后更新：14:58:44,,,,0,{'M': ''},0,0,N,,,buy,buy
2026-09-17 12:42:18,127098,欧晶转债,ojzz,122.201,-0.21,001269,欧晶科技,ojkj,18.47,-0.11,4.88,42.0,43.98,0,177.88,300.08,630504,电力设备,szmb,C,2023-12-15,[],0,0,buy,A+,,29.4,54.6,13.2,buy,2029-11-24,3.189,4.693,1093.39,4538.01,1.9,-1.63,,0,15:34:03,00,Y,N,1,1,Y,转股价下修1次，成功下修1次,2024-05-30 开始转股,计算使用3.2年期 评级为A+ 债参考YTM：4.5475,N,4.7,全价：122.201 最后更新：15:34:03,,,,0,[],0,0,N,,,buy,buy
2026-09-17 12:42:18,123117,健帆转债,jfzz,109.62,0.03,300529,健帆生物,jfsw,15.03,0.87,3.47,38.15,39.4,0,178.24,287.86,370503,医药生物,szcy,C,2021-07-12,[],0,0,buy,AA,,26.705,49.595,13.0,buy,2027-06-23,0.764,9.998,3032.72,4330.52,2.77,0.46,,0,15:34:48,00,Y,N,2,2,Y,转股价下修2次，成功下修2次,2021-12-29 开始转股,计算使用0.8年期 评级为AA 债参考YTM：1.5448,N,10.0,全价：109.620 最后更新：15:34:48,,,,0,{'M': ''},0,0,N,,,buy,buy
2026-09-17 12:42:18,123180,浙矿转债,zkzz,128.999,0.08,300837,浙矿股份,zkgf,21.85,-0.18,1.53,47.59,45.91,0,180.96,309.96,640203,机械设备,szcy,C,2023-03-28,[],0,0,buy,AA-,,33.313,61.867,19.3,buy,2029-03-09,2.477,3.196,826.11,3072.14,2.01,-3.43,,0,15:34:03,00,Y,N,0,0,Y,,2023-09-15 开始转股,计算使用2.5年期 评级为AA- 债参考YTM：2.0486,N,3.2,全价：128.999 最后更新：15:34:03,,,,0,[],0,0,N,,,buy,buy
2026-09-17 12:42:18,118010,洁特转债,jtzz,124.021,0.06,688026,洁特生物,jtsw,21.01,2.59,2.47,47.88,43.88,0,182.63,306.65,370503,医药生物,shkc,C,2022-08-02,[],0,0,buy,A+,,33.516,62.244,14.9,buy,2028-06-28,1.781,4.399,1098.11,9497.84,2.01,-5.72,,0,14:59:38,00,Y,N,0,0,Y,,2023-01-04 开始转股,计算使用1.8年期 评级为A+ 债参考YTM：4.2559,N,4.4,全价：124.021 最后更新：14:59:38,,,,0,{'M': ''},0,0,N,,,buy,buy
2026-09-17 12:42:18,113049,长汽转债,cqzz,106.25,0.05,601633,长城汽车,ccqc,14.2,-0.21,1.39,38.74,36.66,0,189.87,296.12,280502,汽车,shmb,C,2021-07-08,[],0,0,buy,AAA,,27.118,50.362,4.0,buy,2027-06-10,0.729,34.95,5768.06,16681.57,1.55,0.97,,0,14:59:54,00,Y,N,0,0,Y,,2021-12-17 开始转股,计算使用0.8年期 评级为AAA 债参考YTM：1.5141,N,35.0,全价：106.250 最后更新：14:59:54,,,,1,{'M': ''},0,0,N,,,buy,buy
2026-09-17 12:42:18,123250,嘉益转债,jyzz,122.0,-0.18,301004,嘉益股份,jygf,32.62,-0.64,2.44,79.66,40.95,0,197.93,319.93,360311,轻工制造,szcy,C,2024-11-26,[],0,0,buy,A+,,55.762,103.558,8.9,buy,2030-11-07,4.143,3.955,621.75,1131.92,1.29,-0.67,,0,15:34:12,00,Y,N,0,0,N,2026-09-15 至 2026-09-22 期间暂停转股：权益分派,2025-05-13 开始转股;2026-09-15 至 2026-09-22 期间暂停转股：权益分派,计算使用4.2年期 评级为A+ 债参考YTM：4.6296,N,3.979,全价：122.000 最后更新：15:34:12,,,,0,{'M': ''},0,0,N,,,buy,buy
2026-09-17 12:42:18,113670,金23转债,j23zz,120.644,-0.34,603180,金牌家居,jpjj,15.18,0.4,0.91,37.54,40.44,0,198.35,318.99,360308,轻工制造,shmb,C,2023-05-16,[],0,0,buy,AA,,26.278,48.802,32.9,buy,2029-04-17,2.584,7.7,804.95,1280.47,0.87,-0.77,,0,14:56:39,00,Y,N,0,0,Y,,2023-10-23 开始转股,计算使用2.6年期 评级为AA 债参考YTM：1.6873,N,7.7,全价：120.644 最后更新：14:56:39,,,,0,[],0,0,N,,,buy,buy
2026-09-17 12:42:18,123151,康医转债,kyzz,117.853,-0.19,300869,康泰医学,ktyx,10.58,0.38,2.53,27.55,38.4,0,206.89,324.74,370502,医药生物,szcy,C,2022-07-20,[],0,0,buy,A+,,19.285,35.815,25.1,buy,2028-07-01,1.789,6.998,1086.79,2166.12,1.32,-0.17,,0,15:34:51,00,Y,N,0,0,Y,,2023-01-09 开始转股,计算使用1.8年期 评级为A+ 债参考YTM：4.2559,N,7.0,全价：117.853 最后更新：15:34:51,,,,0,{'M': ''},0,0,N,,,buy,buy
2026-09-17 12:42:18,113660,寿22转债,s22zz,122.053,-0.11,603896,寿仙谷,sxg,14.0,-0.21,1.21,36.84,38.0,0,221.17,343.22,370201,医药生物,shmb,C,2022-12-12,[],0,0,buy,AA-,,25.788,47.892,14.3,buy,2028-11-17,2.17,3.977,292.37,1069.3,0.6,-2.56,,0,14:59:08,00,Y,N,0,0,Y,,2023-05-23 开始转股,计算使用2.2年期 评级为AA- 债参考YTM：1.9834,N,3.98,全价：122.053 最后更新：14:59:08,,,,0,[],0,0,N,,,buy,buy
2026-09-17 12:42:18,118005,天奈转债,tnzz,120.169,-0.04,688116,天奈科技,tnkj,33.95,0.8,3.2,99.01,34.29,0,250.45,370.62,630702,电力设备,shkc,C,2022-03-01,[],0,0,buy,AA-,,69.307,128.713,6.7,buy,2028-01-27,1.362,8.299,1433.45,16851.51,1.44,-5.23,,0,14:57:01,00,Y,N,0,0,Y,,2022-08-09 开始转股,计算使用1.4年期 评级为AA- 债参考YTM：1.8349,N,8.3,全价：120.169 最后更新：14:57:01,,,,0,{'M': ''},0,0,N,,,buy,buy
2026-09-17 12:42:18,128135,洽洽转债,qqzz,114.809,-0.01,002557,洽洽食品,qqsp,17.95,-0.39,1.78,54.95,32.67,0,251.46,366.27,340801,食品饮料,szmb,C,2020-11-18,[],0,0,buy,AA,,38.465,71.435,14.8,buy,2026-10-20,0.09,13.398,2285.15,5105.83,1.49,1.9,,0,15:34:24,00,Y,N,0,0,Y,,2021-04-26 开始转股,计算使用0.1年期 评级为AA 债参考YTM：1.5202,N,13.4,全价：114.809 最后更新：15:34:24,,,,1,"{'R': '到期\n最后交易日：2026-10-14\n最后转股日：2026-10-19\n债券到期日：2026-10-20\n到期赎回价：115.000元/张', 'M': ''}",0,0,Y,,,buy,buy
2026-09-17 12:42:18,110085,通22转债,t22zz,113.06,0.03,600438,通威股份,twgf,11.09,-1.07,1.48,34.6,32.05,0,252.74,365.8,630501,电力设备,shmb,C,2022-03-18,[],0,0,buy,AAA,,24.22,44.98,24.0,buy,2028-02-24,1.438,119.831,3467.01,20489.32,0.26,-1.41,,0,14:59:19,00,Y,N,0,0,Y,,2022-09-02 开始转股,计算使用1.5年期 评级为AAA 债参考YTM：1.5518,N,120.0,全价：113.060 最后更新：14:59:19,,,,0,{'M': ''},0,0,N,,,buy,buy
2026-09-17 12:42:18,118032,建龙转债,jlzz,122.575,-0.3,688357,建龙微纳,jlwn,24.79,-0.44,1.35,71.41,34.72,0,253.09,375.67,220309,基础化工,shkc,C,2023-04-07,[],0,0,buy,AA-,,49.987,92.833,28.2,buy,2029-03-08,2.474,6.999,1645.17,1571.79,1.92,-1.38,,0,14:58:54,00,Y,N,0,0,Y,,2023-09-14 开始转股,计算使用2.5年期 评级为AA- 债参考YTM：2.0486,N,7.0,全价：122.575 最后更新：14:58:54,,,,0,{'M': ''},0,0,N,,,buy,buy
2026-09-17 12:42:18,123273,三江转债,sjzz,302.69,-0.72,301059,金三江,jsj,12.19,-0.41,4.22,14.43,84.48,98,258.31,561.0,220309,基础化工,szcy,C,2026-07-03,[],0,0,buy,A+,,10.101,18.759,11.5,buy,2032-06-16,5.751,2.9,37055.44,2000.79,41.86,-15.17,,0,15:34:12,00,Y,N,0,0,Y,,未到转股期；2026-12-24 开始转股,计算使用5.8年期 评级为A+ 债参考YTM：5.0811,N,2.9,全价：302.690 最后更新：15:34:12,,,,0,{'M': ''},0,0,N,,,buy,buy
2026-09-17 12:42:18,123072,乐歌转债,lgzz,119.819,0.05,300729,乐歌股份,lggf,10.83,4.84,1.03,32.61,33.21,0,260.78,380.6,360311,轻工制造,szcy,C,2020-11-10,[],0,0,buy,A+,,22.827,42.393,4.0,buy,2026-10-21,0.093,1.418,2792.42,6483.32,16.44,1.67,,0,15:34:39,00,Y,N,0,0,Y,,2021-04-27 开始转股,计算使用0.1年期 评级为A+ 债参考YTM：4.0205,N,1.42,全价：119.819 最后更新：15:34:39,,,,0,{'R': '到期\n最后交易日：2026-10-15\n最后转股日：2026-10-20\n债券到期日：2026-10-21\n到期赎回价：120.000元/张'},0,0,N,,,buy,buy
2026-09-17 12:42:18,123270,盛德转债,sdzz,212.693,-1.27,300881,盛德鑫泰,sdxt,29.31,0.48,2.42,53.68,54.6,81,289.54,502.23,230501,钢铁,szcy,C,2026-06-12,[],0,0,buy,A+,,37.576,69.784,24.1,buy,2032-05-31,5.707,4.05,42593.66,1955.75,48.44,-9.95,,0,15:34:39,00,Y,N,0,0,Y,,未到转股期；2026-12-07 开始转股,计算使用5.8年期 评级为A+ 债参考YTM：5.0811,N,4.05,全价：212.693 最后更新：15:34:39,,,,0,{'M': ''},0,0,N,,,buy,buy
2026-09-17 12:42:18,113633,科沃转债,kwzz,111.16,0.17,603486,科沃斯,kws,49.28,-0.61,2.8,172.97,28.49,0,290.17,401.33,330302,家用电器,shmb,C,2021-12-29,[],0,0,buy,AA,,121.079,224.861,3.7,buy,2027-11-30,1.203,10.396,2013.33,20081.48,1.75,0.49,,0,14:59:43,00,Y,N,0,0,Y,,2022-06-06 开始转股,计算使用1.3年期 评级为AA 债参考YTM：1.5878,N,10.4,全价：111.160 最后更新：14:59:43,,,,0,{'M': ''},0,0,N,,,buy,buy
2026-09-17 12:42:18,127025,冀东转债,jdzz,105.765,-0.01,000401,金隅冀东,jyjd,3.48,0.29,0.35,12.92,26.94,0,292.67,398.44,610101,建筑材料,szmb,C,2020-12-02,[],0,0,buy,AAA,,9.044,16.796,19.4,buy,2026-11-05,0.134,17.764,3219.04,2970.27,1.71,1.69,,0,15:34:33,00,Y,Y,0,0,Y,,2021-05-11 开始转股,计算使用0.2年期 评级为AAA 债参考YTM：1.4966,N,28.2,全价：105.765 最后更新：15:34:33,,,,0,{'M': ''},0,0,N,,,buy,buy
2026-09-17 12:42:18,123179,立高转债,lgzz,120.75,-0.08,300973,立高食品,lgsp,24.76,-0.16,1.55,94.64,26.16,0,361.54,482.29,340802,食品饮料,szcy,C,2023-03-27,[],0,0,buy,AA-,,66.248,123.032,32.4,buy,2029-03-07,2.471,9.499,1102.98,3155.56,0.96,-0.67,,0,15:34:03,00,Y,N,0,0,Y,,2023-09-13 开始转股,计算使用2.5年期 评级为AA- 债参考YTM：2.0486,N,9.5,全价：120.750 最后更新：15:34:03,,,,0,{'M': ''},0,0,N,,,buy,buy
2026-09-17 12:42:18,113059,福莱转债,flzz,115.683,-0.16,601865,福莱特,flt,9.13,-0.76,0.99,41.56,21.97,0,426.59,542.27,630504,电力设备,shmb,C,2022-06-13,[],0,0,buy,AA,,29.092,54.028,23.0,buy,2028-05-20,1.674,39.996,2683.08,8584.34,0.58,-0.99,,0,14:59:14,00,Y,N,1,0,Y,转股价下修1次，成功下修0次,2022-11-28 开始转股,计算使用1.7年期 评级为AA 债参考YTM：1.6209,N,40.0,全价：115.683 最后更新：14:59:14,,,,0,{'M': ''},0,0,N,,,buy,buy
