抓取时间,bond_id,bond_nm,bond_py,price,increase_rt,stock_id,stock_nm,stock_py,sprice,sincrease_rt,pb,convert_price,convert_value,convert_begin,premium_rt,dblow,sw_cd,sw_name,market_cd,btype,list_dt,t_flag,owned,hold,bond_value,rating_cd,option_value,put_convert_price,force_redeem_price,convert_amt_ratio,fund_rt,maturity_dt,year_left,curr_iss_amt,volume,svolume,turnover_rt,ytm_rt,put_ytm_rt,noted,last_time,qstatus,sqflag,pb_flag,adj_cnt,adj_scnt,convert_price_valid,convert_price_tips,convert_cd_tip,ref_yield_info,adjusted,orig_iss_amt,price_tips,redeem_dt,real_force_redeem_price,option_tip,after_next_put_dt,icons,is_min_price,blocked,putting,force_redeem_price_tip,notes,volatility_rate,debt_rate
2026-09-29 14:14:13,127117,奥士转债,aszz,100.0,0.0,002913,奥士康,ask,91.08,10.0,6.57,83.96,108.48,182,-7.82,92.18,270202,电子,szmb,C,,[],0,0,buy,AA,,58.772,109.148,3.6,buy,2032-09-22,5.986,10.0,0.0,80647.32,0.0,2.16,,0,,00,Y,N,0,0,Y,,未到转股期；2027-03-30 开始转股,计算使用6.0年期 评级为AA 债参考YTM：1.9734,N,10.0,待上市,,,,0,{'M': ''},0,0,N,,,buy,buy
2026-09-29 14:14:13,123287,满坤转债,mkzz,100.0,0.0,301132,满坤科技,mkkj,71.42,10.3,5.87,66.97,106.65,192,-6.23,93.77,270202,电子,szcy,C,,[],0,0,buy,AA-,,46.879,87.061,11.2,buy,2032-09-27,6.0,7.6,0.0,110741.9,0.0,2.19,,0,,00,Y,N,0,0,Y,,未到转股期；2027-04-09 开始转股,计算使用6.0年期 评级为AA- 债参考YTM：2.7134,N,7.6,待上市,,,,0,{'M': ''},0,0,N,,,buy,buy
2026-09-29 14:14:13,123258,Z蓝转02,slz2,217.6,1.79,300843,胜蓝股份,slgf,119.16,1.93,11.49,54.36,219.21,0,-0.73,216.87,270504,电子,szcy,C,2025-09-10,[],0,0,buy,AA-,,38.052,70.668,0.1,buy,2031-08-28,,0.217,64043.94,52493.11,1379.95,,,0,15:34:24,00,Y,N,0,0,Y,,2026-03-03 开始转股,强赎登记日2026-09-29，赎回价格100.0500元，如不考虑强赎纯债价值为105.37元，计算使用5.0年期 评级为AA- 债参考YTM：2.2965,N,4.5,全价：217.600 最后更新：15:34:24,2026-09-29,100.0500,如不考虑强赎期权价值为165.68元,0,"{'R': '最后交易日 2026年9月29日\r\n最后转股日 2026年10月9日\r\n赎回价 100.05元/张', 'M': ''}",0,0,N,,,buy,buy
2026-09-29 14:14:13,113046,金田转债,jtzz,111.187,0.34,601609,金田股份,jtgf,11.32,1.16,1.89,10.18,111.2,0,-0.01,111.18,240302,有色金属,shmb,C,2021-04-12,[],0,0,buy,AA+,,7.126,13.234,6.4,buy,2027-03-22,0.477,12.518,27494.63,43038.33,19.8,-2.24,,0,14:59:57,00,Y,N,0,0,Y,,2021-09-27 开始转股,已公告要强赎，如不考虑强赎纯债价值为109.22元，计算使用0.5年期 评级为AA+ 债参考YTM：1.5047,N,15.0,全价：111.187 最后更新：14:59:57,,,如不考虑强赎期权价值为21.21元,1,"{'O': '', 'M': ''}",0,0,N,,,buy,buy
2026-09-29 14:14:13,110077,洪城转债,hczz,198.342,0.58,600461,洪城环境,hchj,8.73,0.34,1.15,4.41,197.96,0,0.19,198.53,760102,环保,shmb,C,2020-12-17,[],0,0,buy,AA+,,3.087,5.733,4.3,buy,2026-11-20,0.143,4.943,3052.32,4799.29,3.13,-318.83,,0,14:59:20,00,Y,N,0,0,Y,,2021-05-26 开始转股,计算使用0.2年期 评级为AA+ 债参考YTM：1.4800,N,18.0,全价：198.342 最后更新：14:59:20,,,,1,"{'G': '本次（2026年7月12日至2026年7月31日）不提前赎回，至到期日止均不行使提前赎回权利', 'M': ''}",0,0,N,,,buy,buy
2026-09-29 14:14:13,127047,帝欧转债,dozz,130.805,-0.38,002798,帝欧水华,dosh,6.59,0.3,1.89,5.1,129.22,0,1.23,132.04,360306,轻工制造,szmb,C,2021-11-26,[],0,0,buy,BBB+,,3.57,6.63,13.6,buy,2027-10-25,1.071,4.644,7607.19,6389.55,12.52,-10.03,,0,15:34:51,00,Y,N,1,1,Y,转股价下修1次，成功下修1次,2022-04-29 开始转股,计算使用1.1年期 评级为BBB+ 债参考YTM：11.8564,N,15.0,全价：130.805 最后更新：15:34:51,,,,1,[],0,0,N,,,buy,buy
2026-09-29 14:14:13,118027,宏图转债,htzz,99.365,1.14,688066,*ST航图,htht,8.5,2.53,-1.64,8.68,97.93,0,1.47,100.84,710301,计算机,shkc,C,2022-12-22,[],0,0,buy,CC,,6.076,11.284,23.2,buy,2028-11-28,2.167,6.012,39575.36,6641.01,66.48,8.9,,0,14:59:59,00,Y,N,4,4,Y,转股价下修4次，成功下修4次,2023-06-02 开始转股,计算使用2.2年期 评级为CC 债参考YTM：58.2107,N,10.088,全价：99.365 最后更新：14:59:59,,,,0,[],0,0,N,,,buy,buy
2026-09-29 14:14:13,113042,上银转债,syzz,116.361,0.4,601229,上海银行,shyh,9.55,0.42,0.51,8.35,114.37,0,1.74,118.1,480401,银行,shmb,C,2021-02-10,[],0,0,buy,AAA,,,10.855,14.1,buy,2027-01-25,0.323,192.16,20206.29,31691.52,0.91,-11.59,,0,14:59:58,00,Y,Y,0,0,Y,,2021-07-29 开始转股,计算使用0.4年期 评级为AAA 债参考YTM：1.4744,N,200.0,全价：116.361 最后更新：14:59:58,,,,0,{'M': ''},0,0,N,,,buy,buy
2026-09-29 14:14:13,123243,严牌转债,ypzz,266.3,6.78,301081,严牌股份,ypgf,18.78,6.77,3.84,7.22,260.11,0,2.38,268.68,760201,环保,szcy,C,2024-07-26,[],0,0,buy,A+,,5.054,9.386,6.0,buy,2030-07-10,3.781,2.558,217436.31,23533.45,326.03,-19.56,,0,15:34:33,00,Y,N,0,0,Y,,2025-01-16 开始转股,计算使用3.8年期 评级为A+ 债参考YTM：4.5692,N,4.679,全价：266.300 最后更新：15:34:33,,,,0,"{'G': '本次（2026年8月27日至2026年9月16日）不提前赎回，以2026年12月16日后的首个交易日重新计算', 'M': ''}",0,0,N,,,buy,buy
2026-09-29 14:14:13,113056,重银转债,cyzz,124.032,-0.35,601963,重庆银行,cqyh,10.97,-0.45,0.59,9.22,118.98,0,4.25,128.28,480401,银行,shmb,C,2022-04-14,[],0,0,buy,AAA,,,11.986,51.8,buy,2028-03-23,1.482,115.622,22583.69,7239.4,1.57,-6.47,,0,14:59:58,00,Y,N,0,0,Y,,2022-09-30 开始转股,计算使用1.5年期 评级为AAA 债参考YTM：1.5349,N,130.0,全价：124.032 最后更新：14:59:58,,,,0,{'M': ''},0,0,N,,,buy,buy
2026-09-29 14:14:13,111000,起帆转债,qfzz,131.433,0.46,605222,起帆电缆,qfdl,21.79,1.25,1.83,17.29,126.03,0,4.29,135.72,630805,电力设备,shmb,C,2021-06-17,[],0,0,buy,AA-,,12.103,22.477,11.1,buy,2027-05-24,0.649,9.991,9923.02,6938.14,7.56,-19.26,,0,14:59:57,00,Y,N,1,1,Y,转股价下修1次，成功下修1次,2021-11-29 开始转股,计算使用0.7年期 评级为AA- 债参考YTM：1.6944,N,10.0,全价：131.433 最后更新：14:59:57,,,,1,{'G': '本次（2026年3月13日至2026年4月20日）不提前赎回，以2026年10月21日为首个交易日重新起算'},0,0,N,,,buy,buy
2026-09-29 14:14:13,113605,大参转债,dszz,110.456,-0.1,603233,大参林,dsl,17.83,0.34,2.63,16.86,105.75,0,4.45,114.91,370403,医药生物,shmb,C,2020-11-13,[],0,0,buy,AA,,11.802,21.918,6.9,buy,2026-10-22,0.063,14.042,4922.46,8240.84,3.18,-6.85,,0,14:59:55,00,Y,N,1,1,Y,转股价下修1次，成功下修1次,2021-04-28 开始转股,计算使用0.1年期 评级为AA 债参考YTM：1.4900,N,14.05,全价：110.456 最后更新：14:59:55,,,,1,"{'R': '到期\n最后交易日：2026-10-16\n最后转股日：2026-10-21\n债券到期日：2026-10-22\n到期赎回价：110.000元/张', 'M': ''}",0,0,N,,,buy,buy
2026-09-29 14:14:13,118058,微导转债,wdzz,342.663,-3.58,688147,微导纳米,wdnm,107.0,0.98,16.06,33.29,321.42,0,6.61,349.27,630505,电力设备,shkc,C,2025-08-27,[],0,0,buy,AA,,23.303,43.277,2.4,buy,2031-08-06,4.855,11.697,118586.58,52677.31,29.48,-20.51,,0,15:00:00,00,Y,N,0,0,Y,,2026-02-12 开始转股,计算使用4.9年期 评级为AA 债参考YTM：1.8029,N,11.7,全价：342.663 最后更新：15:00:00,,,,0,{'M': ''},0,0,N,,,buy,buy
2026-09-29 14:14:13,113043,财通转债,ctzz,109.27,0.27,601108,财通证券,ctzq,8.17,0.62,0.96,7.98,102.38,0,6.73,116.0,490101,非银金融,shmb,C,2020-12-28,[],0,0,buy,AAA,,,10.374,10.0,buy,2026-12-10,0.197,37.992,15604.85,22167.19,3.77,-15.39,,0,14:59:53,00,Y,Y,1,1,Y,转股价下修1次，成功下修1次,2021-06-16 开始转股,计算使用0.2年期 评级为AAA 债参考YTM：1.4600,N,38.0,全价：109.270 最后更新：14:59:53,,,,0,{'M': ''},0,0,N,,,buy,buy
2026-09-29 14:14:13,113615,金诚转债,jczz,694.443,3.02,603979,金诚信,jcx,72.35,1.74,3.64,11.12,650.63,0,6.73,701.17,240302,有色金属,shmb,C,2021-01-14,[],0,0,buy,AA,,7.784,14.456,1.1,buy,2026-12-23,0.233,4.958,28463.01,23228.91,8.44,-364.5,,0,15:00:00,00,Y,N,0,0,Y,,2021-06-29 开始转股,计算使用0.3年期 评级为AA 债参考YTM：1.4918,N,10.0,全价：694.443 最后更新：15:00:00,,,,1,"{'G': '本次（2025年10月10日至2025年10月30日）不提前赎回，至2026年12月22日到期均不提前赎回', 'M': ''}",0,0,N,,,buy,buy
2026-09-29 14:14:13,123091,长海转债,chzz,127.236,-0.21,300196,长海股份,chgf,17.61,1.27,1.49,14.79,119.07,0,6.86,134.1,610202,建筑材料,szcy,C,2021-01-15,[],0,0,buy,AA,,10.353,19.227,12.5,buy,2026-12-23,0.233,5.459,22980.56,17153.82,33.01,-55.46,,0,15:34:15,00,Y,N,0,0,Y,,2021-06-29 开始转股,计算使用0.3年期 评级为AA 债参考YTM：1.4918,N,5.5,全价：127.236 最后更新：15:34:15,,,,1,[],0,0,N,,,buy,buy
2026-09-29 14:14:13,127061,美锦转债,mjzz,107.336,0.13,000723,美锦能源,mjny,3.47,0.87,1.23,3.47,100.0,0,7.34,114.68,740201,煤炭,szmb,C,2022-05-30,[],0,0,buy,A,,2.429,4.511,18.2,buy,2028-04-20,1.559,27.742,6351.28,12701.67,2.13,7.83,,0,15:33:57,00,Y,N,2,2,Y,转股价下修2次，成功下修2次,2022-10-26 开始转股,计算使用1.6年期 评级为A 债参考YTM：6.5448,N,35.9,全价：107.336 最后更新：15:33:57,,,,1,{'M': ''},0,0,N,,,buy,buy
2026-09-29 14:14:13,113062,常银转债,cyzz,126.074,0.57,601128,常熟银行,csyh,6.16,0.33,0.67,5.25,117.33,0,7.45,133.52,480501,银行,shmb,C,2022-10-17,[],0,0,buy,AAA,,,6.825,26.7,buy,2028-09-15,1.964,59.994,8572.01,21724.16,1.14,-7.5,,0,14:59:32,00,Y,N,0,0,Y,,2023-03-21 开始转股,计算使用2.0年期 评级为AAA 债参考YTM：1.5737,N,60.0,全价：126.074 最后更新：14:59:32,,,,0,{'M': ''},0,0,N,,,buy,buy
2026-09-29 14:14:13,123207,冠中转债,gzzz,184.0,-2.23,300948,冠中生态,gzst,17.86,-1.49,2.92,10.44,171.07,0,7.56,191.56,620307,建筑装饰,szcy,C,2023-08-09,[],0,0,buy,A-,,7.308,13.572,5.3,buy,2029-07-21,2.811,1.455,9825.55,5506.89,36.02,-14.57,,0,15:34:30,00,Y,N,1,1,Y,转股价下修1次，成功下修1次,2024-01-29 开始转股,计算使用2.9年期 评级为A- 债参考YTM：9.1596,N,4.0,全价：184.000 最后更新：15:34:30,,,,0,{'M': ''},0,0,N,,,buy,buy
2026-09-29 14:14:13,113686,泰瑞转债,trzz,153.458,-0.05,603289,泰瑞机器,trjq,11.36,1.7,2.28,8.0,142.0,0,8.07,161.53,640209,机械设备,shmb,C,2024-07-24,[],0,0,buy,AA-,,5.6,10.4,10.1,buy,2030-07-02,3.759,3.363,14162.13,13389.06,27.25,-6.55,,0,14:59:57,00,Y,N,0,0,Y,,2025-01-08 开始转股,计算使用3.8年期 评级为AA- 债参考YTM：2.2116,N,3.378,全价：153.458 最后更新：14:59:57,,,,0,[],0,0,N,,,buy,buy
2026-09-29 14:14:13,113681,镇洋转债,zyzz,135.954,0.79,603213,镇洋发展,zyfz,13.75,1.25,3.29,10.95,125.57,0,8.27,144.22,220202,基础化工,shmb,C,2024-01-17,[],0,0,buy,AA-,,7.665,14.235,9.0,buy,2029-12-29,3.252,5.476,3896.98,2557.39,5.25,-4.01,,0,14:59:21,00,Y,N,0,0,Y,,2024-07-05 开始转股,计算使用3.3年期 评级为AA- 债参考YTM：2.1756,N,6.6,全价：135.954 最后更新：14:59:21,,,,0,[],0,0,N,,,buy,buy
2026-09-29 14:14:13,111015,东亚转债,dyzz,133.133,-0.61,605177,东亚药业,dyyy,24.82,-4.06,1.67,20.28,122.39,0,8.78,141.91,370101,医药生物,shmb,C,2023-08-02,[],0,0,buy,A+,,14.196,26.364,23.6,buy,2029-07-06,2.77,6.662,7185.7,14585.2,8.1,-4.18,,0,14:59:58,00,Y,N,1,1,Y,转股价下修1次，成功下修1次,2024-01-12 开始转股,计算使用2.8年期 评级为A+ 债参考YTM：4.4385,N,6.9,全价：133.133 最后更新：14:59:58,,,,0,[],0,0,N,,,buy,buy
2026-09-29 14:14:13,123286,国科转债,gkzz,100.0,0.0,301571,国科天成,gktc,68.36,1.62,5.79,74.5,91.76,182,8.98,108.98,650501,国防军工,szcy,C,,[],0,0,buy,AA-,,52.15,96.85,10.4,buy,2032-09-22,5.986,8.49,0.0,20963.9,0.0,2.19,,0,,00,Y,N,0,0,Y,,未到转股期；2027-03-30 开始转股,计算使用6.0年期 评级为AA- 债参考YTM：2.7134,N,8.49,待上市,,,,0,{'M': ''},0,0,N,,,buy,buy
2026-09-29 14:14:13,113610,灵康转债,lkzz,119.722,-0.95,603669,灵康药业,lkyy,6.01,1.86,6.68,5.5,109.27,0,9.56,129.28,370102,医药生物,shmb,C,2020-12-22,[],0,0,buy,A-,,3.85,7.15,5.9,buy,2026-12-01,0.173,2.528,1925.28,12900.88,6.34,-23.21,,0,14:59:59,00,Y,N,3,3,Y,转股价下修3次，成功下修3次,2021-06-07 开始转股,计算使用0.2年期 评级为A- 债参考YTM：8.6780,N,5.25,全价：119.722 最后更新：14:59:59,,,,1,[],0,0,N,,,buy,buy
2026-09-29 14:14:13,113631,皖天转债,wtzz,129.979,0.72,603689,皖天然气,wtrq,7.67,1.32,1.07,6.51,117.82,0,10.32,140.3,410301,公用事业,shmb,C,2021-12-10,[],0,0,buy,AA+,,4.557,8.463,14.8,buy,2027-11-08,1.11,5.958,2904.74,2261.2,3.76,-12.86,,0,14:58:58,00,Y,N,0,0,Y,,2022-05-12 开始转股,计算使用1.2年期 评级为AA+ 债参考YTM：1.5343,N,9.3,全价：129.979 最后更新：14:58:58,,,,1,[],0,0,N,,,buy,buy
2026-09-29 14:14:13,127040,国泰转债,gtzz,113.86,-0.13,002091,江苏国泰,jsgt,7.46,-0.4,0.75,7.35,101.5,0,12.18,126.04,450201,商贸零售,szmb,C,2021-08-10,[],0,0,buy,AA+,,5.145,9.555,33.3,buy,2027-07-07,0.77,39.862,5884.45,5373.37,1.3,-6.71,,0,15:34:48,00,Y,N,0,0,Y,,2022-01-13 开始转股,计算使用0.8年期 评级为AA+ 债参考YTM：1.5208,N,45.574,全价：113.860 最后更新：15:34:48,,,,1,{'M': ''},0,0,N,,,buy,buy
2026-09-29 14:14:13,110081,闻泰转债,wtzz,101.063,0.29,600745,*ST闻泰,wtkj,16.51,1.29,0.86,18.36,89.92,0,12.39,113.45,270102,电子,shmb,C,2021-08-20,[],0,0,buy,BBB-,,12.852,23.868,32.8,buy,2027-07-28,0.827,71.5,6092.45,24718.17,0.84,8.32,,0,14:59:57,00,Y,N,3,3,Y,转股价下修3次，成功下修3次,2022-02-07 开始转股,计算使用0.9年期 评级为BB 债参考YTM：23.8639,N,86.0,全价：101.063 最后更新：14:59:57,,,,1,[],0,0,N,,,buy,buy
2026-09-29 14:14:13,123245,集智转债,jzzz,371.0,2.87,300553,集智股份,jzgf,59.55,-0.57,7.82,18.06,329.73,0,12.51,383.51,640107,机械设备,szcy,C,2024-08-28,[],0,0,buy,A,,12.642,23.478,3.0,buy,2030-08-14,3.877,1.537,38663.72,22217.24,69.61,-25.57,,0,15:34:24,00,Y,N,0,0,Y,,2025-02-20 开始转股,计算使用3.9年期 评级为A 债参考YTM：6.9277,N,2.546,全价：371.000 最后更新：15:34:24,,,,0,[],0,0,N,,,buy,buy
2026-09-29 14:14:13,113058,友发转债,yfzz,125.899,0.79,601686,友发集团,yfjt,4.97,0.81,1.04,4.48,110.94,0,13.49,139.39,230403,钢铁,shmb,C,2022-04-26,[],0,0,buy,AA,,3.136,5.824,25.3,buy,2028-03-30,1.501,18.638,6405.43,1717.48,2.74,-6.59,,0,14:59:15,00,Y,N,2,2,Y,转股价下修2次，成功下修2次,2022-10-10 开始转股,计算使用1.6年期 评级为AA 债参考YTM：1.5829,N,20.0,全价：125.899 最后更新：14:59:15,,,,1,[],0,0,N,,,buy,buy
2026-09-29 14:14:13,127116,瑞鹄转02,rhz02,100.0,0.0,002997,瑞鹄模具,rhmj,25.7,0.94,2.03,29.18,88.07,175,13.54,113.54,280205,汽车,szmb,C,,[],0,0,buy,AA,,20.426,37.934,12.8,buy,2032-09-16,5.97,6.86,0.0,3291.31,0.0,1.86,,0,,00,Y,N,0,0,Y,,未到转股期；2027-03-23 开始转股,计算使用6.0年期 评级为AA 债参考YTM：1.9734,N,6.86,待上市,,,,0,{'M': ''},0,0,N,,,buy,buy
2026-09-29 14:14:13,118077,莱特转债,ltzz,100.0,0.0,688150,莱特光电,ltgd,39.46,-0.58,7.34,44.82,88.04,195,13.58,113.58,270601,电子,shkc,C,,[],0,0,buy,AA,,31.374,58.266,3.3,buy,2032-09-28,6.003,5.25,0.0,18509.9,0.0,2.16,,0,,00,Y,N,0,0,Y,,未到转股期；2027-04-12 开始转股,计算使用6.1年期 评级为AA 债参考YTM：1.9884,N,5.25,待上市,,,,0,{'M': ''},0,0,N,,,buy,buy
2026-09-29 14:14:13,128138,侨银转债,qyzz,130.629,-0.03,002973,侨银股份,qygf,12.19,-0.08,1.94,10.6,115.0,0,13.59,144.22,760103,环保,szmb,C,2020-12-24,[],0,0,buy,A+,,7.42,13.78,10.8,buy,2026-11-17,0.134,4.199,3525.49,5338.27,6.44,-3.66,,0,15:34:12,00,Y,N,3,3,Y,转股价下修3次，成功下修3次,2021-05-24 开始转股,计算使用0.2年期 评级为A+ 债参考YTM：3.9780,N,4.2,全价：130.629 最后更新：15:34:12,,,,1,[],0,0,N,,,buy,buy
2026-09-29 14:14:13,118035,国力转债,glzz,145.859,-0.1,688103,国力电子,gldz,79.67,0.78,6.59,62.31,127.86,0,14.08,159.94,270401,电子,shkc,C,2023-07-06,[],0,0,buy,A+,,43.617,81.003,6.3,buy,2029-06-12,2.704,4.799,15787.3,12519.06,22.58,-7.56,,0,14:59:59,00,Y,N,0,0,Y,,2023-12-18 开始转股,计算使用2.8年期 评级为A+ 债参考YTM：4.4385,N,4.8,全价：145.859 最后更新：14:59:59,,,,0,{'M': ''},0,0,N,,,buy,buy
2026-09-29 14:14:13,110076,华海转债,hhzz,111.011,0.04,600521,华海药业,hhyy,15.99,0.5,2.45,16.5,96.91,0,14.55,125.56,370102,医药生物,shmb,C,2020-11-25,[],0,0,buy,AA,,11.55,21.45,7.7,buy,2026-11-02,0.093,18.424,1748.67,30279.94,0.86,-9.77,,0,14:59:49,00,Y,N,1,1,Y,转股价下修1次，成功下修1次,2021-05-06 开始转股,计算使用0.1年期 评级为AA 债参考YTM：1.4900,N,18.426,全价：111.011 最后更新：14:59:49,,,,1,"{'R': '到期\n最后交易日：2026-10-27\n最后转股日：2026-10-30\n债券到期日：2026-11-02\n到期赎回价：110.000元/张', 'M': ''}",0,0,N,,,buy,buy
2026-09-29 14:14:13,127080,声迅转债,sxzz,243.207,3.99,003004,声迅股份,sxgf,61.25,7.46,7.26,28.94,211.65,0,14.91,258.12,710102,计算机,szmb,C,2023-02-10,[],0,0,buy,A,,20.258,37.622,6.6,buy,2028-12-30,2.255,2.793,103514.62,14974.92,152.88,-27.6,,0,15:33:54,00,Y,N,0,0,Y,,2023-07-07 开始转股,计算使用2.3年期 评级为A 债参考YTM：6.6830,N,2.8,全价：243.207 最后更新：15:33:54,,,,0,{'G': '本次（2026年8月31日至2026年9月18日）不提前赎回，自2026年12月21日重新计算'},0,0,N,,,buy,buy
2026-09-29 14:14:13,127030,盛虹转债,shzz,111.5,-1.08,000301,东方盛虹,dfsh,12.8,-3.25,2.18,13.21,96.9,0,15.07,126.57,750301,石油石化,szmb,C,2021-04-21,[],0,0,buy,AA+,,9.247,17.173,5.9,buy,2027-03-22,0.477,49.974,9527.7,33022.42,1.71,-6.59,,0,15:34:42,00,Y,N,0,0,Y,,2021-09-27 开始转股,计算使用0.5年期 评级为AA+ 债参考YTM：1.5047,N,50.0,全价：111.500 最后更新：15:34:42,,,,1,{'M': ''},0,0,N,,,buy,buy
2026-09-29 14:14:13,127110,广核转债,ghzz,135.735,0.25,003816,中国广核,zggh,4.21,-1.17,1.72,3.58,117.6,0,15.42,151.16,410108,公用事业,szmb,C,2025-07-25,[],0,0,buy,AAA,,2.506,4.654,3.0,buy,2031-07-09,4.778,48.992,10029.09,38654.36,1.51,-4.37,,0,15:34:06,00,Y,N,0,0,Y,,2026-01-15 开始转股,计算使用4.8年期 评级为AAA 债参考YTM：1.6545,N,49.0,全价：135.735 最后更新：15:34:06,,,,0,{'M': ''},0,0,N,,,buy,buy
2026-09-29 14:14:13,123160,泰福转债,tfzz,162.417,0.59,300992,泰福泵业,tfby,27.69,0.0,2.88,19.7,140.56,0,15.55,177.97,640106,机械设备,szcy,C,2022-10-25,[],0,0,buy,A,,13.79,25.61,10.7,buy,2028-09-28,2.0,2.314,40608.38,5285.1,107.77,-15.1,,0,15:34:18,00,Y,N,1,1,Y,转股价下修1次，成功下修1次,2023-04-11 开始转股,计算使用2.0年期 评级为A 债参考YTM：6.6237,N,3.349,全价：162.417 最后更新：15:34:18,,,,1,"{'G': '本次（2026年9月1日至2026年9月28日）不提前赎回，自2026年12月31日后首个交易日重新计算', 'M': ''}",0,0,N,,,buy,buy
2026-09-29 14:14:13,113711,常青转债,cqzz,100.0,0.0,603125,常青科技,cqkj,20.77,-1.56,3.27,24.01,86.51,192,15.6,115.6,220309,基础化工,shmb,C,,[],0,0,buy,AA-,,16.807,31.213,9.5,buy,2032-09-27,6.0,8.0,0.0,15862.88,0.0,2.19,,0,,00,Y,N,0,0,Y,,未到转股期；2027-04-09 开始转股,计算使用6.0年期 评级为AA- 债参考YTM：2.7134,N,8.0,待上市,,,,0,{'M': ''},0,0,N,,,buy,buy
2026-09-29 14:14:13,123288,隆新转债,lxzz,100.0,0.0,301149,隆华新材,lhxc,7.91,-7.59,2.01,9.16,86.35,195,15.8,115.8,220309,基础化工,szcy,C,,[],0,0,buy,AA,,6.412,11.908,35.7,buy,2032-09-28,6.003,9.6,0.0,27989.8,0.0,2.16,,0,,00,Y,N,0,0,Y,,未到转股期；2027-04-12 开始转股,计算使用6.1年期 评级为AA 债参考YTM：1.9884,N,9.6,待上市,,,,0,{'M': ''},0,0,N,,,buy,buy
2026-09-29 14:14:13,123076,强力转债,qlzz,120.008,-0.8,300429,强力新材,qlxc,10.96,-1.08,3.1,10.6,103.4,0,16.07,136.08,270601,电子,szcy,C,2020-12-04,[],0,0,buy,AA-,,7.42,13.78,6.5,buy,2026-11-19,0.14,3.003,2394.72,8555.05,6.64,-42.63,,0,15:34:09,00,Y,N,2,2,Y,转股价下修2次，成功下修2次,2021-05-25 开始转股,计算使用0.2年期 评级为AA- 债参考YTM：1.6280,N,8.5,全价：120.008 最后更新：15:34:09,,,,1,{'M': ''},0,0,N,,,buy,buy
2026-09-29 14:14:13,127092,运机转债,yjzz,314.149,-3.75,001288,运机集团,yjjt,32.16,-4.29,3.15,11.91,270.03,0,16.34,330.49,640203,机械设备,szmb,C,2023-10-20,[],0,0,buy,AA-,,8.337,15.483,10.7,buy,2029-09-21,2.981,5.249,21901.53,17285.11,13.19,-27.98,,0,15:34:15,00,Y,N,0,0,Y,,2024-03-27 开始转股,计算使用3.0年期 评级为AA- 债参考YTM：2.1304,N,7.3,全价：314.149 最后更新：15:34:15,,,,0,{'G': '本次（2025年12月8日至2025年12月26日）不提前赎回，以2026年12月26日后的首个交易日起重新计算'},0,0,N,,,buy,buy
2026-09-29 14:14:13,113066,平煤转债,pmzz,136.98,-0.61,601666,平煤股份,pmgf,8.73,-0.68,0.86,7.46,117.02,0,17.05,154.03,740102,煤炭,shmb,C,2023-04-10,[],0,0,buy,AAA,,5.222,9.698,6.6,buy,2029-03-16,2.463,14.274,13112.99,19525.55,6.75,-8.71,,0,14:59:45,00,Y,N,1,1,Y,转股价下修1次，成功下修1次,2023-09-22 开始转股,计算使用2.5年期 评级为AAA 债参考YTM：1.5960,N,29.0,全价：136.980 最后更新：14:59:45,,,,0,{'M': ''},0,0,N,,,buy,buy
2026-09-29 14:14:13,113051,节能转债,jnzz,115.481,0.76,601016,节能风电,jnfd,3.26,0.31,1.17,3.32,98.19,0,17.61,133.09,410107,公用事业,shmb,C,2021-07-22,[],0,0,buy,AAA,,2.324,4.316,13.5,buy,2027-06-21,0.726,26.519,6666.72,14001.8,2.18,-6.54,,0,14:59:41,00,Y,N,1,0,Y,转股价下修1次，成功下修0次,2021-12-27 开始转股,计算使用0.8年期 评级为AAA 债参考YTM：1.5010,N,30.0,全价：115.481 最后更新：14:59:41,,,,1,{'M': ''},0,0,N,,,buy,buy
2026-09-29 14:14:13,127053,豪美转债,hmzz,212.3,-0.19,002988,豪美新材,hmxc,31.08,1.44,2.81,17.23,180.38,0,17.69,229.99,240301,有色金属,szmb,C,2022-03-04,[],0,0,buy,AA-,,12.061,22.399,3.3,buy,2028-01-24,1.321,2.575,31640.73,9262.6,57.53,-35.24,,0,15:34:00,00,Y,N,1,1,Y,转股价下修1次，成功下修1次,2022-07-28 开始转股,计算使用1.4年期 评级为AA- 债参考YTM：1.8185,N,8.24,全价：212.300 最后更新：15:34:00,,,,1,{'G': '本次（2026年4月30日至2026年5月25日）不提前赎回，以2026年11月25日后首个交易日起重新计算'},0,0,N,,,buy,buy
2026-09-29 14:14:13,127070,大中转债,dzzz,241.784,-2.94,001203,大中矿业,dzky,21.62,-0.83,4.52,10.56,204.74,0,18.1,259.88,230301,钢铁,szmb,C,2022-10-11,[],0,0,buy,AA,,7.392,13.728,3.3,buy,2028-08-17,1.885,9.342,55232.76,30840.15,24.4,-33.18,,0,15:34:00,00,Y,N,0,0,Y,,2023-02-23 开始转股,计算使用1.9年期 评级为AA 债参考YTM：1.6144,N,15.2,全价：241.784 最后更新：15:34:00,,,,1,{'M': ''},0,0,N,,,buy,buy
2026-09-29 14:14:13,118062,天准转债,tzzz,159.592,-0.79,688003,天准科技,tzkj,74.46,-0.31,7.16,55.13,135.06,0,18.16,177.75,640704,机械设备,shkc,C,2025-12-31,[],0,0,buy,AA-,,38.591,66.156,6.0,buy,2031-12-12,5.206,8.719,27825.33,17787.94,19.99,-6.07,,0,14:59:59,00,Y,N,0,0,Y,,2026-06-18 开始转股,计算使用5.3年期 评级为AA- 债参考YTM：2.3760,N,8.72,全价：159.592 最后更新：14:59:59,,,,0,"{'G': '本次（2026年6月18日至2026年7月9日）不提前赎回，以2026年10月10日为首个交易日重新计算', 'M': ''}",0,0,N,120%,,buy,buy
2026-09-29 14:14:13,123107,温氏转债,wszz,111.049,-0.19,300498,温氏股份,wsgf,15.08,1.14,2.8,16.09,93.72,0,18.49,129.54,110702,农林牧渔,szcy,C,2021-04-21,[],0,0,buy,AAA,,11.263,20.917,8.6,buy,2027-03-29,0.496,77.063,7124.5,51751.16,0.83,-5.54,,0,15:34:18,00,Y,N,0,0,Y,,2021-10-08 开始转股,计算使用0.5年期 评级为AAA 债参考YTM：1.4847,N,92.97,全价：111.049 最后更新：15:34:18,,,,1,{'M': ''},0,0,N,,,buy,buy
2026-09-29 14:14:13,127078,优彩转债,yczz,155.2,0.32,002998,优彩资源,yczy,7.99,-0.12,1.57,6.11,130.77,0,18.68,173.88,220401,基础化工,szmb,C,2023-01-09,[],0,0,buy,A+,,4.277,7.943,19.2,buy,2028-12-14,2.211,4.158,4406.07,5818.64,6.87,-11.46,,0,15:34:09,00,Y,N,0,0,Y,,2023-06-20 开始转股,计算使用2.3年期 评级为A+ 债参考YTM：4.3330,N,6.0,全价：155.200 最后更新：15:34:09,,,,0,{'G': '本次（2026年8月7日至2026年9月3日）不提前赎回，自2026年12月3日后首个交易日重新计算'},0,0,N,,,buy,buy
2026-09-29 14:14:13,123235,亿田转债,ytzz,183.467,-0.83,300911,亿田智能,ytzn,32.8,-0.09,5.36,21.31,153.92,0,19.2,202.67,330401,家用电器,szcy,C,2024-01-12,[],0,0,buy,A+,,14.917,27.703,7.7,buy,2029-12-21,3.23,4.352,151782.15,49397.31,186.35,-12.65,,0,15:34:36,00,Y,N,0,0,Y,,2024-06-27 开始转股,计算使用3.3年期 评级为A+ 债参考YTM：4.5272,N,5.202,全价：183.467 最后更新：15:34:36,,,,0,"{'G': '本次（2026年9月1日至2026年9月23日）不提前赎回，自2026年12月23日后首个交易日重新起算', 'M': ''}",0,0,N,,,buy,buy
2026-09-29 14:14:13,123092,天壕转债,thzz,115.239,-0.08,300332,天壕能源,thny,4.79,-0.21,1.04,4.97,96.38,0,19.57,134.81,410301,公用事业,szcy,C,2021-01-15,[],0,0,buy,A+,,3.479,6.461,8.8,buy,2026-12-24,0.236,3.416,3253.28,4547.03,8.26,-0.89,,0,15:34:03,00,Y,N,0,0,Y,,2021-06-30 开始转股,计算使用0.3年期 评级为A+ 债参考YTM：3.9837,N,4.23,全价：115.239 最后更新：15:34:03,,,,1,{'M': ''},0,0,N,,,buy,buy
2026-09-29 14:14:13,128136,立讯转债,lxzz,108.402,-0.09,002475,立讯精密,lxjm,50.4,0.96,4.17,55.67,90.53,0,19.74,128.14,270504,电子,szmb,C,2020-12-02,[],0,0,buy,AA+,,38.969,72.371,0.8,buy,2026-11-03,0.096,29.804,5773.34,271868.21,1.79,-3.98,,0,15:34:42,00,Y,N,0,0,Y,,2021-05-10 开始转股,计算使用0.1年期 评级为AA+ 债参考YTM：1.4800,N,30.0,全价：108.402 最后更新：15:34:42,,,,1,"{'R': '到期\n最后交易日：2026-10-28\n最后转股日：2026-11-02\n债券到期日：2026-11-03\n到期赎回价：108.000元/张', 'M': ''}",0,0,N,,,buy,buy
2026-09-29 14:14:13,127045,牧原转债,myzz,116.912,0.57,002714,牧原股份,mygf,42.29,1.39,3.05,43.32,97.62,0,19.76,136.67,110702,农林牧渔,szmb,C,2021-09-10,[],0,0,buy,AAA,,30.324,56.316,6.9,buy,2027-08-16,0.88,95.429,6715.51,131590.48,0.6,-9.64,,0,15:34:45,00,Y,Y,0,0,Y,,2022-02-21 开始转股,计算使用0.9年期 评级为AAA 债参考YTM：1.5036,N,95.5,全价：116.912 最后更新：15:34:45,,,,1,{'M': ''},0,0,N,,,buy,buy
2026-09-29 14:14:13,123213,天源转债,tyzz,262.0,3.2,301127,武汉天源,whty,15.47,2.86,2.98,7.1,217.89,0,20.25,282.25,760102,环保,szcy,C,2023-08-16,[],0,0,buy,AA-,,4.97,9.23,3.2,buy,2029-07-28,2.83,3.259,37685.37,24747.75,45.04,-25.42,,0,15:34:51,00,Y,N,0,0,Y,,2024-02-05 开始转股,计算使用2.9年期 评级为AA- 债参考YTM：2.1095,N,10.0,全价：262.000 最后更新：15:34:51,,,,0,"{'G': '本次（2026年3月13日至2026年4月2日）不提前赎回，自2026年10月2日后首个交易日重新计算', 'M': ''}",0,0,N,,,buy,buy
2026-09-29 14:14:13,118051,皓元转债,hyzz,293.764,-4.92,688131,皓元医药,hyyy,97.6,-2.87,6.28,40.13,243.21,0,20.79,314.55,370603,医药生物,shkc,C,2024-12-19,[],0,0,buy,AA-,,28.091,52.169,3.9,buy,2030-11-28,4.167,8.218,53471.89,59346.87,21.59,-20.06,,0,14:59:58,00,Y,N,0,0,Y,,2025-06-04 开始转股,计算使用4.2年期 评级为AA- 债参考YTM：2.2449,N,8.223,全价：293.764 最后更新：14:59:58,,,,0,"{'G': '本次（2026年5月20日至2026年6月9日）不提前赎回，以2026年10月12日为首个交易日重新计算', 'M': ''}",0,0,N,,,buy,buy
2026-09-29 14:14:13,123178,花园转债,hyzz,138.88,0.85,300401,花园生物,hysw,15.33,0.59,2.34,13.34,114.92,0,20.85,159.73,370101,医药生物,szcy,C,2023-03-23,[],0,0,buy,AA-,,9.338,17.342,14.1,buy,2029-03-06,2.436,11.58,9808.33,24443.9,6.1,-6.42,,0,15:34:21,00,Y,N,1,1,Y,转股价下修1次，成功下修1次,2023-09-11 开始转股,计算使用2.5年期 评级为AA- 债参考YTM：2.0235,N,12.0,全价：138.880 最后更新：15:34:21,,,,0,{'M': ''},0,0,N,,,buy,buy
2026-09-29 14:14:13,123080,海波转债,hbzz,122.307,0.27,300517,海波重科,hbzk,11.41,-0.17,2.2,11.28,101.15,0,20.91,143.22,620401,建筑装饰,szcy,C,2020-12-22,[],0,0,buy,A+,,7.896,14.664,10.3,buy,2026-12-02,0.175,1.485,1060.74,3837.39,5.85,-10.93,,0,15:34:12,00,Y,N,0,0,Y,,2021-06-08 开始转股,计算使用0.2年期 评级为A+ 债参考YTM：3.9780,N,2.45,全价：122.307 最后更新：15:34:12,,,,1,[],0,0,N,,,buy,buy
2026-09-29 14:14:13,111024,澳弘转债,ahzz,215.337,14.9,605058,澳弘电子,ahdz,59.6,10.0,4.74,33.54,177.7,0,21.18,236.52,270202,电子,shmb,C,2026-01-16,[],0,0,buy,AA-,,23.478,43.602,6.8,buy,2031-12-11,5.203,5.798,566631.55,123613.91,476.73,-11.38,,0,15:00:00,00,Y,N,0,0,Y,,2026-06-17 开始转股,计算使用5.3年期 评级为AA- 债参考YTM：2.3760,N,5.8,全价：215.337 最后更新：15:00:00,,,,0,[],0,0,N,,,buy,buy
2026-09-29 14:14:13,118007,山石转债,sszz,142.402,0.62,688030,山石网科,sswk,19.38,2.11,4.91,16.5,117.46,0,21.24,163.64,710402,计算机,shkc,C,2022-04-21,[],0,0,buy,A-,,11.55,21.45,7.6,buy,2028-03-22,1.48,2.671,6181.45,8624.78,16.28,-12.88,,0,15:00:00,00,Y,N,1,1,Y,转股价下修1次，成功下修1次,2022-09-28 开始转股,计算使用1.5年期 评级为A- 债参考YTM：8.8749,N,2.674,全价：142.402 最后更新：15:00:00,,,,1,{'M': ''},0,0,N,,,buy,buy
2026-09-29 14:14:13,123247,万凯转债,wkzz,177.8,-1.91,301216,万凯新材,wkxc,16.34,-0.37,1.44,11.15,146.55,0,21.33,199.13,220501,基础化工,szcy,C,2024-09-05,[],0,0,buy,AA,,7.805,14.495,22.1,buy,2030-08-16,3.882,19.642,12612.48,11611.02,3.55,-10.93,,0,15:34:36,00,Y,N,0,0,Y,,2025-02-24 开始转股,计算使用3.9年期 评级为AA 债参考YTM：1.7609,N,27.0,全价：177.800 最后更新：15:34:36,,,,0,"{'G': '本次（2026年6月17日至2026年7月8日）不提前赎回，自2026年10月8日后首个交易日重新计算', 'M': ''}",0,0,N,,,buy,buy
2026-09-29 14:14:13,123149,通裕转债,tyzz,128.216,1.55,300185,通裕重工,tyzg,2.82,2.92,1.56,2.71,104.06,0,23.21,151.43,630602,电力设备,szcy,C,2022-07-15,[],0,0,buy,AA,,1.897,3.523,10.2,buy,2028-06-20,1.726,11.069,8183.52,32940.47,5.79,-6.75,,0,15:34:12,00,Y,N,0,0,Y,,2022-12-26 开始转股,计算使用1.8年期 评级为AA 债参考YTM：1.6042,N,14.847,全价：128.216 最后更新：15:34:12,,,,1,{'M': ''},0,0,N,,,buy,buy
2026-09-29 14:14:13,127109,电化转债,dhzz,147.2,0.98,002125,湘潭电化,xtdh,11.91,2.23,2.14,9.99,119.22,0,23.47,170.67,630702,电力设备,szmb,C,2025-07-04,[],0,0,buy,AA,,6.993,12.987,6.5,buy,2031-06-16,4.715,4.866,8968.79,11888.06,12.53,-5.27,,0,15:34:18,00,Y,N,0,0,Y,,2025-12-22 开始转股,计算使用4.8年期 评级为AA 债参考YTM：1.7996,N,4.87,全价：147.200 最后更新：15:34:18,,,,0,{'M': ''},0,0,N,,,buy,buy
2026-09-29 14:14:13,123104,卫宁转债,wnzz,122.495,-0.28,300253,卫宁健康,wnjk,6.96,1.9,2.79,7.02,99.15,0,23.55,146.05,710401,计算机,szcy,C,2021-03-31,[],0,0,buy,AA,,4.914,9.126,7.5,buy,2027-03-16,0.46,9.699,3740.89,20375.95,3.14,-4.45,,0,15:34:03,00,Y,N,2,2,Y,转股价下修2次，成功下修2次,2021-09-22 开始转股,计算使用0.5年期 评级为AA 债参考YTM：1.5147,N,9.703,全价：122.495 最后更新：15:34:03,,,,1,{'M': ''},0,0,N,,,buy,buy
2026-09-29 14:14:13,127037,银轮转债,ylzz,411.555,-2.03,002126,银轮股份,ylgf,34.2,-0.49,3.84,10.27,333.01,0,23.59,435.15,280203,汽车,szmb,C,2021-07-09,[],0,0,buy,AA,,7.189,13.351,1.8,buy,2027-06-07,0.688,5.055,27184.56,39977.71,12.92,-106.55,,0,15:34:15,00,Y,N,0,0,Y,,2021-12-13 开始转股,计算使用0.7年期 评级为AA 债参考YTM：1.5261,N,7.0,全价：411.555 最后更新：15:34:15,,,,1,"{'G': '本次（2026年5月27日至2026年6月16日）不提前赎回，2027年5月16日后首个交易日重新计算', 'M': ''}",0,0,N,,,buy,buy
2026-09-29 14:14:13,113691,和邦转债,hbzz,134.781,0.23,603077,和邦生物,hbsw,2.18,0.93,1.0,2.0,109.0,0,23.65,158.43,220802,基础化工,shmb,C,2024-11-19,[],0,0,buy,AA,,1.4,2.6,23.9,buy,2030-10-28,4.082,45.99,10526.66,14484.56,1.71,-3.93,,0,14:59:42,00,Y,N,0,0,Y,,2025-05-06 开始转股,计算使用4.1年期 评级为AA 债参考YTM：1.7736,N,46.0,全价：134.781 最后更新：14:59:42,,,,0,"{'G': '本次（2026年1月22日至2026年3月10日）不提前赎回，以2027年3月10日之后的首个交易日重新起算', 'M': ''}",0,0,N,,,buy,buy
2026-09-29 14:14:13,127103,东南转债,dnzz,131.498,0.17,002135,东南网架,dnwj,5.94,1.19,1.05,5.59,106.26,0,23.75,155.25,620401,建筑装饰,szmb,C,2024-01-24,[],0,0,buy,AA,,3.913,7.267,33.0,buy,2030-01-03,3.266,19.999,7580.78,5519.41,2.89,-4.82,,0,15:34:24,00,Y,N,0,0,Y,,2024-07-09 开始转股,计算使用3.3年期 评级为AA 债参考YTM：1.7219,N,20.0,全价：131.498 最后更新：15:34:24,,,,0,{'M': ''},0,0,N,,,buy,buy
2026-09-29 14:14:13,127084,柳工转2,lgz2,132.397,-0.33,000528,柳工,lg,7.36,-0.94,0.78,6.98,105.44,0,25.56,157.96,640601,机械设备,szmb,C,2023-04-20,[],0,0,buy,AAA,,4.886,9.074,16.5,buy,2029-03-27,2.493,24.809,7835.26,16384.61,2.39,-5.33,,0,15:33:57,00,Y,N,0,0,Y,,2023-10-09 开始转股,计算使用2.5年期 评级为AAA 债参考YTM：1.5960,N,30.0,全价：132.397 最后更新：15:33:57,,,,0,{'M': ''},0,0,N,,,buy,buy
2026-09-29 14:14:13,123257,安克转债,akzz,146.739,1.39,300866,安克创新,akcx,124.63,2.91,6.34,106.76,116.74,0,25.7,172.44,270503,电子,szcy,C,2025-07-04,[],0,0,buy,AA+,,74.732,138.788,2.9,buy,2031-06-16,4.715,11.046,9662.42,46066.49,6.02,-5.59,,0,15:34:42,00,Y,N,0,0,Y,,2025-12-22 开始转股,计算使用4.8年期 评级为AA+ 债参考YTM：1.7319,N,11.048,全价：146.739 最后更新：15:34:42,,,,0,{'M': ''},0,0,N,,,buy,buy
2026-09-29 14:14:13,110099,福能转债,fnzz,143.5,-0.11,600483,福能股份,fngf,10.83,-1.55,1.08,9.49,114.12,0,25.74,169.24,410110,公用事业,shmb,C,2025-10-30,[],0,0,buy,AA+,,6.643,12.337,12.6,buy,2031-10-13,5.041,38.019,11590.53,17290.38,2.13,-5.15,,0,14:59:26,00,Y,N,0,0,Y,,2026-04-17 开始转股,计算使用5.1年期 评级为AA+ 债参考YTM：1.7411,N,38.02,全价：143.500 最后更新：14:59:26,,,,0,{'M': ''},0,0,N,,,buy,buy
2026-09-29 14:14:13,118030,睿创转债,rczz,582.194,-1.52,688002,睿创微纳,rcwn,176.56,0.51,10.14,38.16,462.68,0,25.83,608.02,270105,电子,shkc,C,2023-02-10,[],0,0,buy,AA,,26.712,49.608,1.5,buy,2028-12-30,2.255,12.622,49495.1,112791.03,6.77,-52.05,,0,15:00:00,00,Y,N,0,0,Y,,2023-07-06 开始转股,计算使用2.3年期 评级为AA 债参考YTM：1.6484,N,15.647,全价：582.194 最后更新：15:00:00,,,,0,"{'G': '本次（2026年3月18日至2026年4月8日）不提前赎回，以2027年4月9日为首个交易日重新计算', 'M': ''}",0,0,N,,,buy,buy
2026-09-29 14:14:13,111002,特纸转债,tzzz,132.825,-0.97,605007,五洲特纸,wztz,14.2,-2.2,1.78,13.49,105.26,0,26.18,159.01,360103,轻工制造,shmb,C,2021-12-30,[],0,0,buy,AA,,9.443,17.537,9.8,buy,2027-12-08,1.192,6.619,4542.64,5105.81,5.17,-12.34,,0,14:59:15,00,Y,N,1,1,Y,转股价下修1次，成功下修1次,2022-06-14 开始转股,计算使用1.2年期 评级为AA 债参考YTM：1.5458,N,6.7,全价：132.825 最后更新：14:59:15,,,,1,[],0,0,N,,,buy,buy
2026-09-29 14:14:13,118050,航宇转债,hyzz,269.947,-5.1,688239,航宇科技,hykj,53.0,-3.57,4.54,24.81,213.62,0,26.37,296.32,650201,国防军工,shkc,C,2024-09-10,[],0,0,buy,AA-,,17.367,32.253,6.5,buy,2030-08-21,3.896,6.597,29444.81,26716.06,16.36,-19.15,,0,14:59:52,00,Y,N,0,0,Y,,2025-02-27 开始转股,计算使用3.9年期 评级为AA- 债参考YTM：2.2188,N,6.67,全价：269.947 最后更新：14:59:52,,,,0,{'M': ''},0,0,N,,,buy,buy
2026-09-29 14:14:13,110084,贵燃转债,grzz,128.16,0.65,600903,贵州燃气,gzrq,6.51,1.24,2.33,6.42,101.4,0,26.39,154.55,410301,公用事业,shmb,C,2022-01-18,[],0,0,buy,AA,,4.494,8.346,10.8,buy,2027-12-27,1.244,8.157,3563.21,14941.67,3.42,-10.52,,0,14:59:52,00,Y,N,2,2,Y,转股价下修2次，成功下修2次,2022-07-01 开始转股,计算使用1.3年期 评级为AA 债参考YTM：1.5535,N,10.0,全价：128.160 最后更新：14:59:52,,,,1,{'M': ''},0,0,N,,,buy,buy
2026-09-29 14:14:13,123150,九强转债,jqzz,130.357,-0.09,300406,九强生物,jqsw,11.77,-0.84,1.92,11.45,102.8,0,26.81,157.17,370504,医药生物,szcy,C,2022-07-20,[],0,0,buy,AA-,,8.015,14.885,22.4,buy,2028-06-30,1.753,11.21,2500.27,3856.66,1.71,-8.25,,0,15:34:33,00,Y,N,1,1,Y,转股价下修1次，成功下修1次,2023-01-06 开始转股,计算使用1.8年期 评级为AA- 债参考YTM：1.8885,N,11.39,全价：130.357 最后更新：15:34:33,,,,1,{'M': ''},0,0,N,,,buy,buy
2026-09-29 14:14:13,113052,兴业转债,xyzz,112.315,0.09,601166,兴业银行,xyyh,17.79,0.11,0.4,20.13,88.38,0,27.09,139.41,480301,银行,shmb,C,2022-01-14,[],0,0,buy,AAA,,,26.169,11.0,buy,2027-12-27,1.244,413.5,33545.73,95126.17,0.72,-0.74,,0,14:59:34,00,Y,Y,0,0,Y,,2022-06-30 开始转股,计算使用1.3年期 评级为AAA 债参考YTM：1.5204,N,500.0,全价：112.315 最后更新：14:59:34,,,,0,{'M': ''},0,0,N,,,buy,buy
2026-09-29 14:14:13,127056,中特转债,ztzz,118.885,-0.35,000708,中信特钢,zxtg,12.8,0.08,1.46,13.69,93.5,0,27.15,146.04,230501,钢铁,szmb,C,2022-04-15,[],0,0,buy,AAA,,9.583,17.797,7.7,buy,2028-02-25,1.408,49.996,8480.72,12588.67,1.43,-6.92,,0,15:33:57,00,Y,N,1,1,Y,转股价下修1次，成功下修1次,2022-09-05 开始转股,计算使用1.5年期 评级为AAA 债参考YTM：1.5349,N,50.0,全价：118.885 最后更新：15:33:57,,,,0,{'M': ''},0,0,N,,,buy,buy
2026-09-29 14:14:13,118036,力合转债,lhzz,141.799,0.13,688589,力合微,lhw,20.62,1.63,2.85,18.5,111.46,0,27.22,169.02,270104,电子,shkc,C,2023-07-20,[],0,0,buy,AA-,,12.95,24.05,12.7,buy,2029-06-28,2.748,3.8,4274.56,4786.27,7.97,-6.42,,0,14:59:38,00,Y,N,2,2,Y,转股价下修2次，成功下修2次,2024-01-04 开始转股,计算使用2.8年期 评级为AA- 债参考YTM：2.0882,N,3.8,全价：141.799 最后更新：14:59:38,,,,0,{'M': ''},0,0,N,,,buy,buy
2026-09-29 14:14:13,123189,晓鸣转债,xmzz,133.884,-0.24,300967,晓鸣股份,xmgf,15.94,-1.3,3.92,15.18,105.01,0,27.5,161.38,110703,农林牧渔,szcy,C,2023-04-25,[],0,0,buy,A,,10.626,19.734,16.5,buy,2029-04-06,2.521,3.286,1656.39,3952.19,3.76,-5.22,,0,15:34:45,00,Y,N,1,1,Y,转股价下修1次，成功下修1次,2023-10-12 开始转股,计算使用2.6年期 评级为A 债参考YTM：6.7459,N,3.29,全价：133.884 最后更新：15:34:45,,,,0,{'M': ''},0,0,N,,,buy,buy
2026-09-29 14:14:13,111017,蓝天转债,ltzz,126.088,0.31,605368,蓝天燃气,ltrq,6.63,-0.15,1.38,6.72,98.66,0,27.8,153.89,410301,公用事业,shmb,C,2023-09-08,[],0,0,buy,AA,,4.704,8.736,14.2,buy,2029-08-15,2.88,6.715,2358.78,1390.43,2.78,-3.7,,0,14:58:49,00,Y,N,1,1,Y,转股价下修1次，成功下修1次,2024-02-21 开始转股,计算使用2.9年期 评级为AA 债参考YTM：1.6928,N,8.7,全价：126.088 最后更新：14:58:49,,,,0,[],0,0,N,,,buy,buy
2026-09-29 14:14:13,110097,天润转债,trzz,137.075,-0.17,600419,天润乳业,trry,8.77,0.34,1.11,8.19,107.08,0,28.01,165.09,340702,食品饮料,shmb,C,2024-11-15,[],0,0,buy,AA,,5.733,10.647,35.7,buy,2030-10-24,4.071,9.889,7195.68,2246.2,5.32,-4.35,,0,14:59:52,00,Y,N,0,0,Y,,2025-04-30 开始转股,计算使用4.1年期 评级为AA 债参考YTM：1.7736,N,9.9,全价：137.075 最后更新：14:59:52,,,,0,[],0,0,N,,,buy,buy
2026-09-29 14:14:13,113695,华辰转债,hczz,140.646,1.32,603097,江苏华辰,jshc,18.29,2.87,3.76,16.68,109.65,0,28.27,168.92,630801,电力设备,shmb,C,2025-07-10,[],0,0,buy,A+,,11.676,21.684,11.2,buy,2031-06-20,4.726,4.597,5251.03,3661.94,8.15,-3.58,,0,14:59:56,00,Y,N,0,0,Y,,2025-12-26 开始转股,计算使用4.8年期 评级为A+ 债参考YTM：4.6362,N,4.6,全价：140.646 最后更新：14:59:56,,,,0,[],0,0,N,,,buy,buy
2026-09-29 14:14:13,110098,南药转债,nyzz,130.516,0.46,600713,南京医药,njyy,4.94,0.2,0.89,4.86,101.65,0,28.4,158.92,370402,医药生物,shmb,C,2025-01-20,[],0,0,buy,AA+,,3.402,6.318,17.0,buy,2030-12-25,4.241,10.814,3213.98,2714.27,2.28,-3.54,,0,14:58:05,00,Y,N,0,0,Y,,2025-07-01 开始转股,计算使用4.3年期 评级为AA+ 债参考YTM：1.7218,N,10.815,全价：130.516 最后更新：14:58:05,,,,0,[],0,0,N,,,buy,buy
2026-09-29 14:14:13,123187,超达转债,cdzz,194.9,-1.42,301186,超达装备,cdzb,32.98,-0.72,2.32,21.77,151.49,0,28.65,223.55,280205,汽车,szcy,C,2023-04-25,[],0,0,buy,A,,15.239,28.301,6.3,buy,2029-04-04,2.515,2.242,16667.16,8381.7,38.3,-18.09,,0,15:34:15,00,Y,N,0,0,Y,,2023-10-11 开始转股,计算使用2.6年期 评级为A 债参考YTM：6.7459,N,4.69,全价：194.900 最后更新：15:34:15,,,,0,"{'G': '本次（2026年8月3日至2026年8月21日）不提前赎回，以2027年2月21日之后的首个交易日重新起算', 'M': ''}",0,0,N,,,buy,buy
2026-09-29 14:14:13,123118,惠城转债,hczz,631.574,-2.69,300779,惠城环保,hchb,50.68,-0.22,6.81,10.33,490.61,0,28.73,660.3,760103,环保,szcy,C,2021-07-26,[],0,0,buy,A+,,7.231,13.429,0.6,buy,2027-07-07,0.77,0.654,52432.0,29470.58,123.86,-106.62,,0,15:34:06,00,Y,N,0,0,Y,,2022-01-13 开始转股,计算使用0.8年期 评级为A+ 债参考YTM：4.0568,N,3.2,全价：631.574 最后更新：15:34:06,,,,1,"{'G': '本次（2026年8月27日至2026年9月16日）不提前赎回，自2026年12月16日后首个交易日重新计算', 'M': ''}",0,0,N,,,buy,buy
2026-09-29 14:14:13,123133,佩蒂转债,pdzz,127.828,0.57,300673,佩蒂股份,pdgf,14.88,1.16,2.03,15.0,99.2,0,28.86,156.69,110404,农林牧渔,szcy,C,2022-01-21,[],0,0,buy,AA-,,10.5,19.5,30.1,buy,2027-12-22,1.23,7.198,3683.87,4483.88,4.02,-7.05,,0,15:34:06,00,Y,N,2,2,Y,转股价下修2次，成功下修2次,2022-06-28 开始转股,计算使用1.3年期 评级为AA- 债参考YTM：1.8007,N,7.2,全价：127.828 最后更新：15:34:06,,,,1,[],0,0,N,,,buy,buy
2026-09-29 14:14:13,127096,泰坦转债,ttzz,453.599,-5.75,003036,泰坦股份,ttgf,46.46,-8.72,6.7,13.2,351.97,0,28.87,482.47,640206,机械设备,szmb,C,2023-11-15,[],0,0,buy,A,,9.24,17.16,2.9,buy,2029-10-25,3.074,2.874,85485.55,68624.87,63.46,-35.57,,0,15:34:18,00,Y,N,0,0,Y,,2024-05-06 开始转股,计算使用3.1年期 评级为A 债参考YTM：6.8492,N,2.955,全价：453.599 最后更新：15:34:18,,,,0,{'G': '本次（2026年6月12日至2026年7月3日）不提前赎回，以2026年10月3日后首个交易日起重新计算'},0,0,N,,,buy,buy
2026-09-29 14:14:13,123173,恒锋转债,hfzz,137.389,0.95,300605,恒锋信息,hfxx,10.63,2.02,4.03,10.0,106.3,0,29.25,166.64,710401,计算机,szcy,C,2023-02-08,[],0,0,buy,BBB+,,7.0,13.0,17.3,buy,2028-12-30,2.255,2.33,2171.76,9203.01,6.81,-6.21,,0,15:34:09,00,Y,N,1,1,Y,转股价下修1次，成功下修1次,2023-07-06 开始转股,计算使用2.3年期 评级为BBB+ 债参考YTM：12.1992,N,2.424,全价：137.389 最后更新：15:34:09,,,,0,[],0,0,N,,,buy,buy
2026-09-29 14:14:13,113054,绿动转债,ldzz,123.295,0.62,601330,绿色动力,lsdl,8.26,1.1,1.4,8.67,95.27,0,29.41,152.71,760103,环保,shmb,C,2022-03-23,[],0,0,buy,AA+,,6.069,11.271,28.9,buy,2028-02-25,1.408,23.598,6061.36,7925.1,2.09,-7.4,,0,14:58:47,00,Y,N,0,0,Y,,2022-09-05 开始转股,计算使用1.5年期 评级为AA+ 债参考YTM：1.5549,N,23.6,全价：123.295 最后更新：14:58:47,,,,1,[],0,0,N,,,buy,buy
2026-09-29 14:14:13,113640,苏利转债,slzz,127.3,0.91,603585,苏利股份,slgf,10.56,1.83,1.01,10.84,97.42,0,30.68,157.98,220803,基础化工,shmb,C,2022-03-10,[],0,0,buy,AA-,,7.588,14.092,25.8,buy,2028-02-16,1.384,7.39,4005.61,3275.43,4.28,-6.0,,0,14:59:55,00,Y,N,2,2,Y,转股价下修2次，成功下修2次,2022-08-22 开始转股,计算使用1.4年期 评级为AA- 债参考YTM：1.8185,N,9.572,全价：127.300 最后更新：14:59:55,,,,1,[],0,0,N,,,buy,buy
2026-09-29 14:14:13,127027,能化转债,nhzz,109.92,0.26,000552,甘肃能化,gsnh,2.46,0.82,0.78,2.93,83.96,0,30.92,140.84,740101,煤炭,szmb,C,2021-01-22,[],0,0,buy,AAA,,2.051,3.809,21.2,buy,2026-12-10,0.197,19.463,6772.28,10967.32,3.17,0.37,,0,15:34:45,00,Y,N,0,0,Y,,2021-06-16 开始转股,计算使用0.2年期 评级为AAA 债参考YTM：1.4600,N,28.0,全价：109.920 最后更新：15:34:45,,,,1,{'M': ''},0,0,N,,,buy,buy
2026-09-29 14:14:13,127095,广泰转债,gtzz,137.02,-0.04,002111,威海广泰,whgt,9.2,-1.29,1.55,8.83,104.19,0,31.51,168.53,650201,国防军工,szmb,C,2023-11-10,[],0,0,buy,AA-,,6.181,11.479,15.4,buy,2029-10-18,3.055,6.927,2773.07,5980.0,2.93,-4.52,,0,15:34:15,00,Y,N,0,0,N,2026-09-21 至 2026-09-29 期间暂停转股：权益分派,2024-04-24 开始转股;2026-09-21 至 2026-09-29 期间暂停转股：权益分派,计算使用3.1年期 评级为AA- 债参考YTM：2.1490,N,7.0,全价：137.020 最后更新：15:34:15,,,,0,[],0,0,N,,,buy,buy
2026-09-29 14:14:13,127088,赫达转债,hdzz,160.979,-0.95,002810,山东赫达,sdhd,20.07,-1.52,2.97,16.41,122.3,0,31.62,192.6,220309,基础化工,szmb,C,2023-07-19,[],0,0,buy,AA-,,11.487,21.333,9.2,buy,2029-07-03,2.762,5.996,2709.94,5764.26,2.81,-10.65,,0,15:34:12,00,Y,N,0,0,Y,,2024-01-08 开始转股,计算使用2.8年期 评级为AA- 债参考YTM：2.0882,N,6.0,全价：160.979 最后更新：15:34:12,,,,0,"{'G': '本次（2026年3月30日至2026年4月20日）不提前赎回，自2026年10月21日起重新计算', 'M': ''}",0,0,N,,,buy,buy
2026-09-29 14:14:13,127046,百润转债,brzz,122.534,-0.32,002568,百润股份,brgf,18.91,-2.58,3.84,20.33,93.02,0,31.74,154.27,340602,食品饮料,szmb,C,2021-11-03,[],0,0,buy,AA,,14.231,26.429,7.9,buy,2027-09-29,1.0,11.274,9358.05,28335.82,6.8,-10.26,,0,15:34:18,00,Y,N,1,1,Y,转股价下修1次，成功下修1次,2022-04-12 开始转股,计算使用1.0年期 评级为AA 债参考YTM：1.5358,N,11.28,全价：122.534 最后更新：15:34:18,,,,1,{'M': ''},0,0,N,,,buy,buy
2026-09-29 14:14:13,111004,明新转债,mxzz,131.597,-0.73,605068,明新旭腾,mxxt,20.12,-1.13,1.97,20.15,99.85,0,31.79,163.39,280202,汽车,shmb,C,2022-04-25,[],0,0,buy,AA-,,14.105,26.195,20.6,buy,2028-03-30,1.501,6.715,6125.76,6478.87,6.93,-7.38,,0,14:59:40,00,Y,N,1,1,Y,转股价下修1次，成功下修1次,2022-10-10 开始转股,计算使用1.6年期 评级为AA- 债参考YTM：1.8536,N,6.73,全价：131.597 最后更新：14:59:40,,,,1,[],0,0,N,,,buy,buy
2026-09-29 14:14:13,123209,聚隆转债,jlzz,158.162,-0.32,300644,南京聚隆,njjl,20.93,1.5,2.1,17.51,119.53,0,32.32,190.48,220503,基础化工,szcy,C,2023-08-17,[],0,0,buy,A+,,12.257,22.763,9.0,buy,2029-07-26,2.825,1.672,2998.84,3768.97,11.33,-10.28,,0,15:34:15,00,Y,N,0,0,Y,,2024-02-01 开始转股,计算使用2.9年期 评级为A+ 债参考YTM：4.4596,N,2.185,全价：158.162 最后更新：15:34:15,,,,0,[],0,0,N,,,buy,buy
2026-09-29 14:14:13,118044,赛特转债,stzz,160.804,-2.59,688398,赛特新材,stxc,22.81,0.57,3.36,18.85,121.01,0,32.89,193.69,220309,基础化工,shkc,C,2023-10-12,[],0,0,buy,A+,,13.195,24.505,11.5,buy,2029-09-11,2.953,4.42,10957.19,2971.86,15.31,-10.48,,0,14:59:58,00,Y,N,1,1,Y,转股价下修1次，成功下修1次,2024-03-15 开始转股,计算使用3.0年期 评级为A+ 债参考YTM：4.4804,N,4.42,全价：160.804 最后更新：14:59:58,,,,0,"{'G': '本次（2026年3月10日至2026年4月20日）不提前赎回，以2026年10月21日起算', 'M': ''}",0,0,N,,,buy,buy
2026-09-29 14:14:13,113636,甬金转债,yjzz,128.665,0.42,603995,甬金股份,yjgf,25.27,0.88,1.52,26.22,96.38,0,33.5,162.17,230501,钢铁,shmb,C,2021-12-31,[],0,0,buy,AA-,,18.354,34.086,10.9,buy,2027-12-13,1.206,9.995,3446.63,5826.64,2.69,-7.37,,0,14:58:45,00,Y,N,1,1,Y,转股价下修1次，成功下修1次,2022-06-17 开始转股,计算使用1.3年期 评级为AA- 债参考YTM：1.8007,N,10.0,全价：128.665 最后更新：14:58:45,,,,1,{'M': ''},0,0,N,,,buy,buy
2026-09-29 14:14:13,118034,晶能转债,jnzz,115.064,0.6,688223,晶科能源,jkny,3.74,1.63,1.59,4.34,86.18,0,33.52,148.58,630502,电力设备,shkc,C,2023-05-19,[],0,0,buy,AA+,,3.038,5.208,21.7,buy,2029-04-20,2.559,83.22,5875.78,20495.22,0.62,-1.31,,0,14:59:57,00,Y,N,2,2,Y,转股价下修2次，成功下修2次,2023-10-26 开始转股,计算使用2.6年期 评级为AA+ 债参考YTM：1.6238,N,100.0,全价：115.064 最后更新：14:59:57,,,,0,{'M': ''},0,0,N,120%,,buy,buy
2026-09-29 14:14:13,123194,百洋转债,byzz,134.992,0.59,301015,百洋医药,byyy,25.04,0.36,5.5,24.79,101.01,0,33.64,168.63,370402,医药生物,szcy,C,2023-05-05,[],0,0,buy,AA-,,17.353,32.227,6.4,buy,2029-04-14,2.543,8.459,5389.39,12528.19,4.73,-5.73,,0,15:34:15,00,Y,N,0,0,Y,,2023-10-20 开始转股,计算使用2.6年期 评级为AA- 债参考YTM：2.0450,N,8.6,全价：134.992 最后更新：15:34:15,,,,0,{'M': ''},0,0,N,,,buy,buy
2026-09-29 14:14:13,123124,晶瑞转2,jrz2,132.408,-0.8,300655,晶瑞电材,jrdc,12.65,-1.17,5.27,12.79,98.91,0,33.87,166.28,270601,电子,szcy,C,2021-09-07,[],0,0,buy,A+,,8.953,16.627,3.7,buy,2027-08-16,0.88,5.224,4171.61,27906.19,6.03,-21.82,,1,15:34:06,00,Y,N,1,1,Y,转股价下修1次，成功下修1次,2022-02-21 开始转股,计算使用0.9年期 评级为A+ 债参考YTM：4.0715,N,5.23,全价：132.408 最后更新：15:34:06,,,,1,{'M': ''},0,0,N,,23年6月前不下修,buy,buy
2026-09-29 14:14:13,127060,湘佳转债,xjzz,123.074,0.1,002982,湘佳股份,xjgf,12.68,-0.31,1.52,13.8,91.88,0,33.94,157.01,110703,农林牧渔,szmb,C,2022-06-10,[],0,0,buy,A+,,9.66,17.94,38.8,buy,2028-04-19,1.556,6.399,3114.26,3973.23,3.96,-6.15,,0,15:34:00,00,Y,N,1,1,Y,转股价下修1次，成功下修1次,2022-10-25 开始转股,计算使用1.6年期 评级为A+ 债参考YTM：4.1948,N,6.4,全价：123.074 最后更新：15:34:00,,,,0,[],0,0,N,,,buy,buy
2026-09-29 14:14:13,128142,新乳转债,xrzz,109.962,-0.19,002946,新乳业,xry,14.25,-1.99,3.38,17.5,81.43,0,35.04,145.0,340702,食品饮料,szmb,C,2021-01-19,[],0,0,buy,AA,,12.25,22.75,5.9,buy,2026-12-18,0.219,7.178,1879.8,5740.3,2.38,0.16,,0,15:34:45,00,Y,N,0,0,Y,,2021-06-24 开始转股,计算使用0.3年期 评级为AA 债参考YTM：1.4918,N,7.18,全价：109.962 最后更新：15:34:45,,,,1,{'M': ''},0,0,N,,,buy,buy
2026-09-29 14:14:13,127082,亚科转债,ykzz,128.842,0.79,002540,亚太科技,ytkj,4.97,1.22,1.1,5.22,95.21,0,35.32,164.16,240301,有色金属,szmb,C,2023-04-27,[],0,0,buy,AA,,3.654,6.786,27.2,buy,2029-03-09,2.444,11.585,4432.07,2780.67,2.98,-4.52,,0,15:34:03,00,Y,N,0,0,N,2026-09-24 至 2026-10-09 期间暂停转股：权益分派,2023-09-15 开始转股;2026-09-24 至 2026-10-09 期间暂停转股：权益分派,计算使用2.5年期 评级为AA 债参考YTM：1.6635,N,11.59,全价：128.842 最后更新：15:34:03,,,,0,[],0,0,N,,,buy,buy
2026-09-29 14:14:13,113659,莱克转债,lkzz,129.936,1.82,603355,莱克电气,lkdq,30.42,0.5,2.93,31.72,95.9,0,35.49,165.43,330302,家用电器,shmb,C,2022-11-15,[],0,0,buy,AA,,22.204,41.236,6.9,buy,2028-10-14,2.044,11.998,11155.97,7130.55,7.25,-6.62,,0,14:59:50,00,Y,N,0,0,Y,,2023-04-20 开始转股,计算使用2.1年期 评级为AA 债参考YTM：1.6323,N,12.0,全价：129.936 最后更新：14:59:50,,,,0,{'M': ''},0,0,N,,,buy,buy
2026-09-29 14:14:13,110075,南航转债,nhzz,106.421,0.02,600029,南方航空,nfhk,4.84,0.41,2.91,6.17,78.44,0,35.66,142.08,421001,交通运输,shmb,C,2020-11-03,[],0,0,buy,AAA,,4.319,8.021,9.0,buy,2026-10-15,0.044,58.957,15696.63,11959.32,2.5,1.81,,0,14:59:50,00,Y,N,0,0,Y,,2021-04-21 开始转股,计算使用0.1年期 评级为AAA 债参考YTM：1.4600,N,160.0,全价：106.421 最后更新：14:59:50,,,,1,"{'R': '到期\n最后交易日：2026-10-09\n最后转股日：2026-10-14\n债券到期日：2026-10-15\n到期赎回价：106.500元/张', 'M': ''}",0,0,N,,,buy,buy
2026-09-29 14:14:13,123144,裕兴转债,yxzz,126.487,1.16,300305,裕兴股份,yxgf,6.52,1.72,1.24,7.0,93.14,0,35.8,162.29,220505,基础化工,szcy,C,2022-04-27,[],0,0,buy,A,,4.9,9.1,28.6,buy,2028-04-11,1.534,5.997,7794.65,13433.1,10.31,-5.02,,0,15:34:09,00,Y,N,2,2,Y,转股价下修2次，成功下修2次,2022-10-17 开始转股,计算使用1.6年期 评级为A 债参考YTM：6.5448,N,6.0,全价：126.487 最后更新：15:34:09,,,,1,[],0,0,N,,,buy,buy
2026-09-29 14:14:13,113661,福22转债,f22zz,128.156,0.84,603806,福斯特,fst,13.76,0.44,2.14,14.59,94.31,0,35.89,164.05,630504,电力设备,shmb,C,2022-12-22,[],0,0,buy,AA,,10.213,18.967,8.4,buy,2028-11-22,2.151,30.297,7041.66,17703.52,1.82,-5.68,,0,14:59:21,00,Y,N,1,1,N,"转股价下修1次，成功下修1次
2026-09-28 至 2026-10-13 期间暂停转股：权益分派
转股价14.590生效日期2026-05-27",2023-05-29 开始转股;2026-09-28 至 2026-10-13 期间暂停转股：权益分派,计算使用2.2年期 评级为AA 债参考YTM：1.6405,N,30.3,全价：128.156 最后更新：14:59:21,,,,0,{'M': ''},0,0,N,,,buy,buy
2026-09-29 14:14:13,123225,翔丰转债,xfzz,135.22,1.74,300890,翔丰华,xfh,27.17,6.8,1.41,27.34,99.38,0,36.07,171.29,630702,电力设备,szcy,C,2023-10-26,[],0,0,buy,AA-,,19.138,35.542,18.8,buy,2029-10-10,3.033,5.585,33855.5,35374.65,44.6,-3.28,,0,15:34:00,00,Y,N,1,1,Y,转股价下修1次，成功下修1次,2024-04-16 开始转股,计算使用3.1年期 评级为AA- 债参考YTM：2.1490,N,8.0,全价：135.220 最后更新：15:34:00,,,,0,{'M': ''},0,0,N,,,buy,buy
2026-09-29 14:14:13,123114,三角转债,sjzz,119.89,-0.3,300775,三角防务,sjfw,19.98,-1.04,1.82,22.69,88.06,0,36.15,156.04,650201,国防军工,szcy,C,2021-06-11,[],0,0,buy,AA-,,15.883,29.497,8.5,buy,2027-05-25,0.652,8.999,3375.01,13278.84,3.13,-6.28,,0,15:34:24,00,Y,N,1,1,Y,转股价下修1次，成功下修1次,2021-11-30 开始转股,计算使用0.7年期 评级为AA- 债参考YTM：1.6944,N,9.044,全价：119.890 最后更新：15:34:24,,,,1,{'M': ''},0,0,N,,,buy,buy
2026-09-29 14:14:13,123131,奥飞转债,afzz,253.235,-1.03,300738,奥飞数据,afsj,18.69,-0.11,4.95,10.05,185.97,0,36.17,289.41,730104,通信,szcy,C,2021-12-22,[],0,0,buy,A+,,7.035,13.065,1.7,buy,2027-12-03,1.178,3.159,9795.12,28806.01,12.22,-48.43,,0,15:34:06,00,Y,N,0,0,Y,,2022-06-09 开始转股,计算使用1.2年期 评级为A+ 债参考YTM：4.1183,N,6.35,全价：253.235 最后更新：15:34:06,,,,1,"{'G': '本次（2026年5月21日至2026年6月10日）不提前赎回，以2026年12月10日后的首个交易日重新计算', 'M': ''}",0,0,N,,,buy,buy
2026-09-29 14:14:13,118016,京源转债,jyzz,144.698,1.44,688096,京源环保,jyhb,7.34,1.94,2.02,6.91,106.22,0,36.22,180.92,760102,环保,shkc,C,2022-08-25,[],0,0,buy,A,,4.837,8.983,9.8,buy,2028-08-05,1.852,1.675,3143.98,5033.88,13.05,-10.76,,0,14:59:55,00,Y,N,0,0,Y,,2023-02-13 开始转股,计算使用1.9年期 评级为A 债参考YTM：6.6046,N,3.325,全价：144.698 最后更新：14:59:55,,,,1,{'M': ''},0,0,N,,,buy,buy
2026-09-29 14:14:13,111012,福新转债,fxzz,367.743,0.49,605488,福莱新材,flxc,29.98,1.01,3.96,11.11,269.85,0,36.28,404.02,220505,基础化工,shmb,C,2023-02-07,[],0,0,buy,A+,,7.777,14.443,1.1,buy,2029-01-04,2.269,1.016,50728.24,22041.49,135.08,-39.64,,0,14:59:58,00,Y,N,0,0,Y,,2023-07-10 开始转股,计算使用2.3年期 评级为A+ 债参考YTM：4.3330,N,4.29,全价：367.743 最后更新：14:59:58,,,,0,{'G': '本次（2026年6月22日至2026年7月10日）不提前赎回，自2026年10月10日之后的首个交易日重新起算'},0,0,N,,,buy,buy
2026-09-29 14:14:13,123199,山河转债,shzz,137.69,-0.17,300452,山河药辅,shyf,13.13,-0.91,2.98,13.0,101.0,0,36.33,174.02,370101,医药生物,szcy,C,2023-07-07,[],0,0,buy,A+,,9.1,16.9,12.3,buy,2029-06-12,2.704,3.197,1414.34,4108.04,3.21,-7.63,,0,15:34:27,00,Y,N,1,1,Y,转股价下修1次，成功下修1次,2023-12-18 开始转股,计算使用2.8年期 评级为A+ 债参考YTM：4.4385,N,3.2,全价：137.690 最后更新：15:34:27,,,,0,[],0,0,N,,,buy,buy
2026-09-29 14:14:13,123109,昌红转债,chzz,133.0,2.72,300151,昌红科技,chkj,20.4,2.67,6.76,20.93,97.47,0,36.46,169.46,640209,机械设备,szcy,C,2021-04-19,[],0,0,buy,AA-,,14.651,27.209,6.1,buy,2027-04-01,0.504,4.595,40005.63,46307.38,64.74,-26.99,,0,15:34:03,00,Y,N,1,1,Y,转股价下修1次，成功下修1次,2021-10-08 开始转股,计算使用0.6年期 评级为AA- 债参考YTM：1.6873,N,4.6,全价：133.000 最后更新：15:34:03,,,,0,{'M': ''},0,0,N,,,buy,buy
2026-09-29 14:14:13,123172,漱玉转债,syzz,128.63,2.26,301017,漱玉平民,sypm,14.04,8.25,2.71,14.91,94.17,0,36.6,165.23,370403,医药生物,szcy,C,2023-01-06,[],0,0,buy,AA-,,10.437,19.383,21.9,buy,2028-12-15,2.214,7.96,9000.82,19178.06,8.86,-4.46,,0,15:34:21,00,Y,N,1,1,Y,转股价下修1次，成功下修1次,2023-06-21 开始转股,计算使用2.3年期 评级为AA- 债参考YTM：1.9815,N,8.0,全价：128.630 最后更新：15:34:21,,,,0,{'M': ''},0,0,N,,,buy,buy
2026-09-29 14:14:13,123176,精测转2,jcz2,418.7,-1.85,300567,精测电子,jcdz,197.1,1.52,9.48,64.51,305.53,0,37.04,455.74,640107,机械设备,szcy,C,2023-03-22,[],0,0,buy,AA-,,45.157,83.863,2.8,buy,2029-03-02,2.425,12.753,61628.05,93542.69,11.45,-41.65,,0,15:34:12,00,Y,N,0,0,Y,,2023-09-08 开始转股,计算使用2.5年期 评级为AA- 债参考YTM：2.0235,N,12.76,全价：418.700 最后更新：15:34:12,,,,0,"{'G': '本次（2026年7月16日至2026年8月5日）不提前赎回，自2027年2月5日后首个交易日重新计算', 'M': ''}",0,0,N,,,buy,buy
2026-09-29 14:14:13,113677,华懋转债,hmzz,292.764,-4.15,603306,华懋科技,hmkj,71.87,-2.81,6.2,33.66,213.52,0,37.11,329.87,280202,汽车,shmb,C,2023-10-12,[],0,0,buy,AA-,,23.562,43.758,4.4,buy,2029-09-14,2.962,10.489,35106.48,55491.36,11.27,-27.27,,0,14:59:58,00,Y,N,0,0,Y,,2024-03-20 开始转股,计算使用3.0年期 评级为AA- 债参考YTM：2.1304,N,10.5,全价：292.764 最后更新：14:59:58,,,,0,"{'G': '本次（2026年6月29日至2026年7月17日）不提前赎回，自2026年10月17日之后的首个交易日重新起算', 'M': ''}",0,0,N,,,buy,buy
2026-09-29 14:14:13,123255,鼎龙转债,dlzz,330.4,-3.53,300054,鼎龙股份,dlgf,68.38,1.3,11.58,28.38,240.94,0,37.13,367.53,270601,电子,szcy,C,2025-04-23,[],0,0,buy,AA,,19.866,36.894,1.8,buy,2031-04-02,4.51,9.095,42731.66,93684.92,13.91,-21.2,,0,15:34:21,00,Y,N,0,0,Y,,2025-10-09 开始转股,计算使用4.6年期 评级为AA 债参考YTM：1.7936,N,9.1,全价：330.400 最后更新：15:34:21,,,,0,"{'G': '本次（2026年4月8日至2026年4月28日）不提前赎回，自2026年10月28日后首个交易日重新计算', 'M': ''}",0,0,N,,,buy,buy
2026-09-29 14:14:13,118013,道通转债,dtzz,162.691,1.52,688208,道通科技,dtkj,25.38,2.79,4.33,21.48,118.16,0,37.69,200.38,710103,计算机,shkc,C,2022-07-28,[],0,0,buy,AA,,15.036,27.924,7.5,buy,2028-07-08,1.775,12.796,7864.64,12626.18,3.8,-17.18,,0,14:59:55,00,Y,N,0,0,N,2026-09-22 至 2026-09-29 期间暂停转股：权益分派,2023-01-16 开始转股;2026-09-22 至 2026-09-29 期间暂停转股：权益分派,计算使用1.8年期 评级为AA 债参考YTM：1.6042,N,12.8,全价：162.691 最后更新：14:59:55,,,,1,{'M': ''},0,0,N,,,buy,buy
2026-09-29 14:14:13,113680,丽岛转债,ldzz,137.358,-0.99,603937,丽岛新材,ldxc,12.87,-3.16,1.69,12.91,99.69,0,37.78,175.14,240301,有色金属,shmb,C,2023-12-05,[],0,0,buy,A+,,9.037,16.783,11.2,buy,2029-11-15,3.132,2.998,7710.13,19425.86,18.71,-4.25,,0,14:59:50,00,Y,N,0,0,Y,,2024-05-21 开始转股,计算使用3.2年期 评级为A+ 债参考YTM：4.5146,N,3.0,全价：137.358 最后更新：14:59:50,,,,0,[],0,0,N,,,buy,buy
2026-09-29 14:14:13,123171,共同转债,gtzz,127.374,0.04,300966,共同药业,gtyy,25.02,1.13,3.63,27.08,92.39,0,37.86,165.23,370101,医药生物,szcy,C,2022-12-16,[],0,0,buy,A-,,18.956,35.204,19.8,buy,2028-11-28,2.167,3.799,2762.05,4546.07,5.71,-3.05,,0,15:34:42,00,Y,N,0,0,Y,,2023-06-02 开始转股,计算使用2.2年期 评级为A- 债参考YTM：9.0127,N,3.8,全价：127.374 最后更新：15:34:42,,,,0,{'M': ''},0,0,N,,,buy,buy
2026-09-29 14:14:13,127050,麒麟转债,qlzz,117.821,0.4,002984,森麒麟,sql,12.84,0.94,0.96,15.07,85.2,0,38.28,156.1,280204,汽车,szmb,C,2021-12-06,[],0,0,buy,AA,,10.549,19.591,22.8,buy,2027-11-11,1.118,20.86,4959.15,6468.78,2.03,-4.66,,0,15:33:54,00,Y,N,2,2,Y,转股价下修2次，成功下修2次,2022-05-17 开始转股,计算使用1.2年期 评级为AA 债参考YTM：1.5458,N,21.989,全价：117.821 最后更新：15:33:54,,,,1,{'M': ''},0,0,N,,,buy,buy
2026-09-29 14:14:13,123183,海顺转债,hszz,129.9,3.09,300501,海顺新材,hsxc,10.9,4.31,2.11,11.63,93.72,0,38.6,168.5,360206,轻工制造,szcy,C,2023-04-20,[],0,0,buy,AA-,,8.141,15.119,20.9,buy,2029-03-23,2.482,6.329,32104.78,22866.18,39.33,-3.7,,0,15:34:12,00,Y,N,2,0,Y,转股价下修2次，成功下修0次,2023-10-09 开始转股,计算使用2.5年期 评级为AA- 债参考YTM：2.0235,N,6.33,全价：129.900 最后更新：15:34:12,,,,0,[],0,0,N,,,buy,buy
2026-09-29 14:14:13,118064,联瑞转债,lrzz,326.982,-2.36,688300,联瑞新材,lrxc,148.68,2.05,20.1,63.05,235.81,0,38.66,365.64,220901,基础化工,shkc,C,2026-01-28,[],0,0,buy,AA,,44.135,81.965,1.9,buy,2032-01-08,5.28,6.948,80550.75,92752.43,34.81,-18.32,,0,14:59:59,00,Y,N,0,0,Y,,2026-07-14 开始转股,计算使用5.3年期 评级为AA 债参考YTM：1.8378,N,6.95,全价：326.982 最后更新：14:59:59,,,,0,"{'G': '本次（2026年7月14日至2026年8月3日）不提前赎回，以2026年11月4日为首个交易日重新计算', 'M': ''}",0,0,N,,,buy,buy
2026-09-29 14:14:13,118020,芳源转债,fyzz,116.681,0.06,688148,芳源股份,fygf,5.89,3.51,5.64,7.0,84.14,0,38.67,155.35,630702,电力设备,shkc,C,2022-11-07,[],0,0,buy,BBB,,4.9,9.1,21.4,buy,2028-09-23,1.986,6.417,4037.59,7451.21,5.39,2.9,,0,14:59:52,00,Y,N,3,3,Y,转股价下修3次，成功下修3次,2023-03-29 开始转股,计算使用2.0年期 评级为BBB 债参考YTM：15.2237,N,6.42,全价：116.681 最后更新：14:59:52,,,,1,{'M': ''},0,0,N,,,buy,buy
2026-09-29 14:14:13,123142,申昊转债,shzz,123.1,-0.2,300853,申昊科技,shkj,29.75,2.41,7.17,33.71,88.25,0,39.49,162.59,630803,电力设备,szcy,C,2022-04-11,[],0,0,buy,BBB+,,23.597,43.823,12.6,buy,2028-03-18,1.469,5.494,3730.99,10234.6,5.5,-6.1,,0,15:34:09,00,Y,N,0,0,Y,,2022-09-26 开始转股,计算使用1.5年期 评级为BBB+ 债参考YTM：11.9761,N,5.5,全价：123.100 最后更新：15:34:09,,,,1,[],0,0,N,,,buy,buy
2026-09-29 14:14:13,123241,欧通转债,otzz,822.83,-2.86,300870,欧陆通,olt,181.4,-0.4,10.53,30.8,588.96,0,39.71,862.54,630306,电力设备,szcy,C,2024-07-26,[],0,0,buy,AA-,,21.56,40.04,0.9,buy,2030-07-05,3.767,2.604,68031.72,64245.49,31.3,-40.94,,0,15:34:18,00,Y,N,0,0,Y,,2025-01-13 开始转股,计算使用3.8年期 评级为AA- 债参考YTM：2.2116,N,6.445,全价：822.830 最后更新：15:34:18,,,,0,"{'G': '本次（2026年8月10日至2026年8月28日）不提前赎回，自2026年11月28日后首个交易日重新计算', 'M': ''}",0,0,N,,,buy,buy
2026-09-29 14:14:13,113643,风语转债,fyzz,139.514,1.5,603466,风语筑,fyz,11.78,2.26,3.25,11.8,99.83,0,39.75,179.26,720706,传媒,shmb,C,2022-04-22,[],0,0,buy,AA-,,8.26,15.34,7.1,buy,2028-03-25,1.488,4.992,7516.12,37847.51,10.87,-11.29,,0,14:59:59,00,Y,N,1,1,Y,转股价下修1次，成功下修1次,2022-10-10 开始转股,计算使用1.5年期 评级为AA- 债参考YTM：1.8361,N,5.0,全价：139.514 最后更新：14:59:59,,,,1,{'M': ''},0,0,N,,,buy,buy
2026-09-29 14:14:13,127099,盛航转债,shzz,131.818,0.2,001205,盛航股份,shgf,14.41,0.07,1.23,15.33,94.0,0,40.23,172.05,421101,交通运输,szmb,C,2023-12-28,[],0,0,buy,AA-,,10.731,19.929,18.9,buy,2029-12-06,3.189,4.541,1220.72,2726.82,2.04,-3.04,,0,15:34:21,00,Y,N,1,1,Y,转股价下修1次，成功下修1次,2024-06-12 开始转股,计算使用3.2年期 评级为AA- 债参考YTM：2.1639,N,7.4,全价：131.818 最后更新：15:34:21,,,,0,[],0,0,N,,,buy,buy
2026-09-29 14:14:13,123175,百畅转债,bczz,113.823,0.32,300614,百川畅银,bccy,10.53,2.23,1.97,13.0,81.0,0,40.52,154.34,760103,环保,szcy,C,2023-03-17,[],0,0,buy,BBB+,,9.1,16.9,24.9,buy,2029-02-22,2.403,4.199,2292.04,2751.5,4.81,0.92,,0,15:34:24,00,Y,N,3,3,Y,转股价下修3次，成功下修3次,2023-08-28 开始转股,计算使用2.5年期 评级为BBB+ 债参考YTM：12.2385,N,4.2,全价：113.823 最后更新：15:34:24,,,,0,{'M': ''},0,0,N,,,buy,buy
2026-09-29 14:14:13,127105,龙星转债,lxzz,129.0,0.23,002442,龙星科技,lxkj,5.32,1.72,1.43,5.8,91.72,0,40.64,169.64,220603,基础化工,szmb,C,2024-03-06,[],0,0,buy,AA-,,4.06,7.54,28.8,buy,2030-01-31,3.343,7.533,3996.17,10331.74,4.11,-2.35,,0,15:34:03,00,Y,N,0,0,Y,,2024-08-07 开始转股,计算使用3.4年期 评级为AA- 债参考YTM：2.1850,N,7.54,全价：129.000 最后更新：15:34:03,,,,0,[],0,0,N,,,buy,buy
2026-09-29 14:14:13,123122,富瀚转债,fhzz,126.875,-0.03,300613,富瀚微,fhw,82.52,0.59,5.88,91.5,90.19,0,40.68,167.56,270104,电子,szcy,C,2021-08-24,[],0,0,buy,A+,,64.05,118.95,3.2,buy,2027-08-06,0.852,5.801,5473.19,87387.2,7.47,-11.02,,0,15:34:30,00,Y,N,0,0,Y,,2022-02-14 开始转股,计算使用0.9年期 评级为A+ 债参考YTM：4.0715,N,5.812,全价：126.875 最后更新：15:34:30,,,,1,{'M': ''},0,0,N,,,buy,buy
2026-09-29 14:14:13,123088,威唐转债,wtzz,114.899,0.07,300707,威唐工业,wtgy,12.21,2.09,1.89,14.97,81.56,0,40.87,155.77,280205,汽车,szcy,C,2021-01-06,[],0,0,buy,A+,,10.479,19.461,17.1,buy,2026-12-15,0.211,3.004,2581.41,3616.6,7.48,0.42,,0,15:34:03,00,Y,N,1,1,Y,转股价下修1次，成功下修1次,2021-06-21 开始转股,计算使用0.3年期 评级为A+ 债参考YTM：3.9837,N,3.014,全价：114.899 最后更新：15:34:03,,,,1,[],0,0,N,,,buy,buy
2026-09-29 14:14:13,110103,申能转债,snzz,141.601,0.08,600642,申能股份,sngf,8.76,-0.57,1.04,8.74,100.23,125,41.28,182.88,410101,公用事业,shmb,C,2026-08-13,[],0,0,buy,AAA,,6.118,11.362,4.7,buy,2032-07-23,5.819,20.0,4689.17,17048.42,1.66,-4.27,,0,14:59:57,00,Y,N,0,0,Y,,未到转股期；2027-02-01 开始转股,计算使用5.9年期 评级为AAA 债参考YTM：1.7257,N,20.0,全价：141.601 最后更新：14:59:57,,,,0,{'M': ''},0,0,N,,,buy,buy
2026-09-29 14:14:13,113673,岱美转债,dmzz,191.264,1.44,603730,岱美股份,dmgf,9.63,3.22,4.4,7.12,135.25,0,41.41,232.67,280202,汽车,shmb,C,2023-08-10,[],0,0,buy,AA,,4.984,9.256,4.4,buy,2029-07-18,2.803,9.078,22313.98,14692.46,13.03,-16.73,,0,14:59:58,00,Y,N,1,1,Y,转股价下修1次，成功下修1次,2024-01-24 开始转股,计算使用2.9年期 评级为AA 债参考YTM：1.6928,N,9.079,全价：191.264 最后更新：14:59:58,,,,0,"{'G': '本次（2026年8月28日至2026年9月17日）不提前赎回，以2027年3月17日之后的首个交易日重新起算', 'M': ''}",0,0,N,,,buy,buy
2026-09-29 14:14:13,113649,丰山转债,fszz,127.85,0.88,603810,丰山集团,fsjt,12.25,2.42,1.25,13.55,90.41,0,41.42,169.27,220803,基础化工,shmb,C,2022-07-21,[],0,0,buy,AA-,,9.485,17.615,22.6,buy,2028-06-27,1.745,4.577,3192.22,1936.29,5.48,-5.01,,0,14:59:52,00,Y,N,0,0,Y,,2023-01-03 开始转股,计算使用1.8年期 评级为AA- 债参考YTM：1.8885,N,5.0,全价：127.850 最后更新：14:59:52,,,,1,[],0,0,N,,,buy,buy
2026-09-29 14:14:13,127055,精装转债,jzzz,180.436,-0.68,002989,中天精装,ztjz,23.6,-3.28,3.38,18.5,127.57,0,41.44,221.88,620201,建筑装饰,szmb,C,2022-03-24,[],0,0,buy,AA-,,12.95,24.05,4.5,buy,2028-02-22,1.4,2.081,13799.12,19682.93,36.71,-26.9,,0,15:33:54,00,Y,N,0,0,Y,,2022-08-29 开始转股,计算使用1.4年期 评级为AA- 债参考YTM：1.8185,N,5.77,全价：180.436 最后更新：15:33:54,,,,1,{'G': '本次（2026年2月24日至2026年3月16日）不提前赎回，自2027年3月16日后首个交易日重新计算'},0,0,N,,,buy,buy
2026-09-29 14:14:13,127031,洋丰转债,yfzz,112.669,-0.28,000902,新洋丰,xyf,13.36,-1.76,1.33,16.79,79.57,0,41.6,154.27,220805,基础化工,szmb,C,2021-04-23,[],0,0,buy,AA,,11.753,21.827,6.5,buy,2027-03-25,0.485,9.999,4864.91,6145.96,4.32,-1.23,,0,15:33:57,00,Y,N,1,1,Y,转股价下修1次，成功下修1次,2021-10-08 开始转股,计算使用0.5年期 评级为AA 债参考YTM：1.5147,N,10.0,全价：112.669 最后更新：15:33:57,,,,1,{'M': ''},0,0,N,,,buy,buy
2026-09-29 14:14:13,127064,杭氧转债,hyzz,134.149,0.71,002430,杭氧股份,hygf,24.22,0.41,2.33,25.67,94.35,0,42.18,176.33,220309,基础化工,szmb,C,2022-07-05,[],0,0,buy,AA+,,17.969,33.371,4.8,buy,2028-05-19,1.638,11.364,8827.84,18446.64,5.82,-11.63,,0,15:34:24,00,Y,N,1,1,Y,转股价下修1次，成功下修1次,2022-11-25 开始转股,计算使用1.7年期 评级为AA+ 债参考YTM：1.5709,N,11.37,全价：134.149 最后更新：15:34:24,,,,1,{'M': ''},0,0,N,,,buy,buy
2026-09-29 14:14:13,123222,博俊转债,bjzz,137.352,-0.32,300926,博俊科技,bjkj,15.82,-1.25,1.84,16.46,96.11,0,42.91,180.26,280205,汽车,szcy,C,2023-09-28,[],0,0,buy,A+,,11.522,21.398,5.2,buy,2029-09-08,2.945,2.438,2599.18,4810.53,7.75,-5.01,,0,15:34:30,00,Y,N,0,0,Y,,2024-03-14 开始转股,计算使用3.0年期 评级为A+ 债参考YTM：4.4804,N,5.0,全价：137.352 最后更新：15:34:30,,,,0,{'M': ''},0,0,N,,,buy,buy
2026-09-29 14:14:13,127113,长高转债,cgzz,148.573,0.83,002452,长高电气,cgdq,11.35,1.16,2.24,10.92,103.94,0,42.94,191.51,630801,电力设备,szmb,C,2026-03-30,[],0,0,buy,AA-,,7.644,14.196,12.9,buy,2032-03-09,5.447,7.585,2820.57,8179.95,2.51,-4.85,,0,15:34:27,00,Y,N,0,0,Y,,2026-09-14 开始转股,计算使用5.5年期 评级为AA- 债参考YTM：2.4724,N,7.59,全价：148.573 最后更新：15:34:27,,,,0,{'M': ''},0,0,N,,,buy,buy
2026-09-29 14:14:13,118056,路维转债,lwzz,266.184,-2.89,688401,路维光电,lwgd,65.68,1.11,7.8,35.29,186.12,0,43.02,309.2,270103,电子,shkc,C,2025-07-10,[],0,0,buy,AA-,,24.703,45.877,4.8,buy,2031-06-11,4.701,6.144,33027.19,17575.52,19.97,-16.4,,0,14:59:58,00,Y,N,0,0,Y,,2025-12-17 开始转股,计算使用4.8年期 评级为AA- 债参考YTM：2.2836,N,6.15,全价：266.184 最后更新：14:59:58,,,,0,"{'G': '本次（2026年7月30日至2026年8月19日)不提前赎回，以2026年11月20日为首个交易日重新计算', 'M': ''}",0,0,N,,,buy,buy
2026-09-29 14:14:13,111003,聚合转债,jhzz,136.577,-0.15,605166,聚合顺,jhs,8.45,0.0,1.32,8.85,95.48,0,43.04,179.62,220406,基础化工,shmb,C,2022-04-19,[],0,0,buy,AA-,,6.195,11.505,7.7,buy,2028-03-07,1.438,2.035,1909.55,2047.5,6.89,-10.08,,0,14:59:53,00,Y,N,2,2,Y,转股价下修2次，成功下修2次,2022-09-13 开始转股,计算使用1.5年期 评级为AA- 债参考YTM：1.8361,N,2.04,全价：136.577 最后更新：14:59:53,,,,1,[],0,0,N,,,buy,buy
2026-09-29 14:14:13,123071,天能转债,tnzz,114.85,0.0,300569,天能重工,tnzg,5.36,-2.55,1.02,6.68,80.24,0,43.13,157.98,630602,电力设备,szcy,C,2020-11-25,[],0,0,buy,AA-,,4.676,8.684,12.7,buy,2026-10-21,0.06,6.934,2766.27,32499.63,3.47,2.27,,0,15:34:03,00,Y,N,2,2,Y,转股价下修2次，成功下修2次,2021-04-27 开始转股,计算使用0.1年期 评级为AA- 债参考YTM：1.6223,N,7.0,全价：114.850 最后更新：15:34:03,,,,1,"{'R': '到期\n最后交易日：2026-10-15\n最后转股日：2026-10-20\n债券到期日：2026-10-21\n到期赎回价：115.000元/张', 'M': ''}",0,0,N,,,buy,buy
2026-09-29 14:14:13,113067,燃23转债,r23zz,122.435,0.17,601139,深圳燃气,szrq,6.18,-0.96,1.06,7.24,85.36,0,43.44,165.88,410301,公用事业,shmb,C,2023-08-18,[],0,0,buy,AAA,,5.068,9.412,16.9,buy,2029-07-27,2.827,29.999,3772.48,8059.47,1.03,-3.77,,0,14:59:01,00,Y,N,0,0,Y,,2024-02-02 开始转股,计算使用2.9年期 评级为AAA 债参考YTM：1.6070,N,30.0,全价：122.435 最后更新：14:59:01,,,,0,{'M': ''},0,0,N,,,buy,buy
2026-09-29 14:14:13,113646,永吉转债,yjzz,154.522,0.4,603058,永吉股份,yjgf,8.67,1.17,3.16,8.05,107.7,0,43.47,197.99,360205,轻工制造,shmb,C,2022-05-17,[],0,0,buy,AA-,,5.635,10.465,3.8,buy,2028-04-14,1.543,1.372,3926.63,3721.23,18.55,-19.93,,0,14:59:56,00,Y,N,0,0,Y,,2022-10-20 开始转股,计算使用1.6年期 评级为AA- 债参考YTM：1.8536,N,1.459,全价：154.522 最后更新：14:59:56,,,,1,[],0,0,N,,,buy,buy
2026-09-29 14:14:13,123211,阳谷转债,ygzz,146.589,-0.28,300121,阳谷华泰,yght,9.4,-0.53,1.15,9.2,102.17,0,43.47,190.06,220604,基础化工,szcy,C,2023-08-14,[],0,0,buy,AA-,,6.44,11.96,7.6,buy,2029-07-27,2.827,3.07,2806.43,5891.21,6.25,-7.35,,0,15:34:33,00,Y,N,0,0,Y,,2024-02-02 开始转股,计算使用2.9年期 评级为AA- 债参考YTM：2.1095,N,6.5,全价：146.589 最后更新：15:34:33,,,,0,[],0,0,N,,,buy,buy
2026-09-29 14:14:13,113070,渝水转债,yszz,121.641,0.07,601158,重庆水务,cqsw,4.0,0.76,1.12,4.72,84.75,0,43.54,165.18,760102,环保,shmb,C,2025-02-13,[],0,0,buy,AAA,,3.304,6.136,9.9,buy,2031-01-09,4.282,18.998,6259.39,1974.43,2.71,-2.08,,0,15:00:00,00,Y,N,0,0,Y,,2025-07-15 开始转股,计算使用4.3年期 评级为AAA 债参考YTM：1.6523,N,19.0,全价：121.641 最后更新：15:00:00,,,,0,{'M': ''},0,0,N,,,buy,buy
2026-09-29 14:14:13,123269,金杨转债,jyzz,153.23,0.86,301210,金杨精密,jygf,30.14,2.87,2.39,28.24,106.73,27,43.57,196.8,630701,电力设备,szcy,C,2026-05-11,[],0,0,buy,AA-,,19.768,36.712,52.9,buy,2032-04-19,5.559,9.8,4019.89,8136.99,2.68,-5.29,,0,15:34:39,00,Y,N,0,0,Y,,未到转股期；2026-10-26 开始转股,计算使用5.6年期 评级为AA- 债参考YTM：2.5259,N,9.8,全价：153.230 最后更新：15:34:39,,,,0,{'M': ''},0,0,N,,,buy,buy
2026-09-29 14:14:13,123119,康泰转2,ktz2,117.61,-0.04,300601,康泰生物,ktsw,12.79,-0.54,1.48,15.69,81.52,0,44.28,161.89,370303,医药生物,szcy,C,2021-08-05,[],0,0,buy,AA,,10.983,20.397,17.4,buy,2027-07-15,0.792,19.99,3362.58,14364.06,1.43,-6.05,,0,15:34:06,00,Y,N,6,5,Y,转股价下修6次，成功下修5次,2022-01-21 开始转股,计算使用0.8年期 评级为AA 债参考YTM：1.5308,N,20.0,全价：117.610 最后更新：15:34:06,,,,1,{'M': ''},0,0,N,,,buy,buy
2026-09-29 14:14:13,123165,回天转债,htzz,130.937,0.53,300041,回天新材,htxc,10.64,-0.28,1.88,11.8,90.17,0,45.21,176.15,220316,基础化工,szcy,C,2022-11-15,[],0,0,buy,AA-,,8.26,15.34,14.7,buy,2028-10-27,2.08,8.496,3053.31,9269.27,2.75,-4.78,,0,15:34:36,00,Y,N,1,1,Y,转股价下修1次，成功下修1次,2023-05-04 开始转股,计算使用2.1年期 评级为AA- 债参考YTM：1.9421,N,8.5,全价：130.937 最后更新：15:34:36,,,,0,{'M': ''},0,0,N,,,buy,buy
2026-09-29 14:14:13,118012,微芯转债,wxzz,143.219,-0.85,688321,微芯生物,wxsw,24.92,-1.15,4.33,25.34,98.34,0,45.63,188.85,370102,医药生物,shkc,C,2022-07-28,[],0,0,buy,A+,,17.738,32.942,4.5,buy,2028-07-05,1.767,4.995,6859.17,15516.29,9.52,-10.73,,0,14:59:59,00,Y,N,0,0,Y,,2023-01-11 开始转股,计算使用1.8年期 评级为A+ 债参考YTM：4.2349,N,5.0,全价：143.219 最后更新：14:59:59,,,,1,{'M': ''},0,0,N,,,buy,buy
2026-09-29 14:14:13,123285,润禾转02,rhz02,157.3,57.3,300727,润禾材料,rhcl,33.53,1.82,4.47,31.1,107.81,168,45.9,203.2,220316,基础化工,szcy,C,2026-09-29,[],0,0,buy,A+,,21.77,40.43,6.8,buy,2032-09-09,5.951,3.7,3972.58,14902.38,7.18,-4.79,,0,15:34:42,00,Y,N,0,0,Y,,未到转股期；2027-03-16 开始转股,计算使用6.0年期 评级为A+ 债参考YTM：5.0634,N,3.7,全价：157.300 最后更新：15:34:42,,,,0,[],1,0,N,,,buy,buy
2026-09-29 14:14:13,110087,天业转债,tyzz,118.12,0.34,600075,新疆天业,xjty,4.52,-0.22,0.83,5.6,80.71,0,46.34,164.46,220202,基础化工,shmb,C,2022-07-19,[],0,0,buy,AA+,,3.92,7.28,38.8,buy,2028-06-23,1.734,29.975,3959.24,5392.9,1.12,-4.17,,0,14:59:14,00,Y,N,1,1,Y,转股价下修1次，成功下修1次,2022-12-29 开始转股,计算使用1.8年期 评级为AA+ 债参考YTM：1.5789,N,30.0,全价：118.120 最后更新：14:59:14,,,,1,{'M': ''},0,0,N,,,buy,buy
2026-09-29 14:14:13,123268,本川转债,bczz,200.9,0.45,300964,本川智能,bczn,74.31,3.38,7.04,54.13,137.28,24,46.34,247.24,270202,电子,szcy,C,2026-05-07,[],0,0,buy,AA-,,37.891,70.369,7.3,buy,2032-04-16,5.551,4.69,44501.15,38371.24,47.04,-9.14,,0,15:34:30,00,Y,N,0,0,Y,,未到转股期；2026-10-23 开始转股,计算使用5.6年期 评级为AA- 债参考YTM：2.5259,N,4.69,全价：200.900 最后更新：15:34:30,,,,0,{'M': ''},0,0,N,,,buy,buy
2026-09-29 14:14:13,123158,宙邦转债,zbzz,240.68,-2.53,300037,新宙邦,xzb,65.93,-1.11,4.34,40.49,162.83,0,47.81,288.49,630702,电力设备,szcy,C,2022-10-21,[],0,0,buy,AA,,28.343,52.637,5.0,buy,2028-09-26,1.995,18.046,15025.86,93135.69,3.4,-32.13,,0,15:34:15,00,Y,N,0,0,Y,,2023-03-30 开始转股,计算使用2.0年期 评级为AA 债参考YTM：1.6237,N,19.7,全价：240.680 最后更新：15:34:15,,,,1,"{'G': '本次（2026年7月23日至2026年8月12日）不提前赎回，自2027年2月12日后首个交易日重新计算', 'M': ''}",0,0,N,,,buy,buy
2026-09-29 14:14:13,113704,春风转债,cfzz,173.974,1.17,603129,春风动力,cfdl,284.0,1.76,5.44,241.7,117.5,78,48.06,222.03,280402,汽车,shmb,C,2026-07-07,[],0,0,buy,AA+,,169.19,314.21,5.0,buy,2032-06-09,5.699,21.79,8020.73,40764.5,2.13,-7.48,,0,14:59:59,00,Y,N,0,0,Y,,未到转股期；2026-12-16 开始转股,计算使用5.7年期 评级为AA+ 债参考YTM：1.8128,N,21.79,全价：173.974 最后更新：14:59:59,,,,0,{'M': ''},0,0,N,,,buy,buy
2026-09-29 14:14:13,118039,煜邦转债,ybzz,128.1,0.78,688597,煜邦电力,ybdl,6.31,2.1,2.58,7.3,86.44,0,48.2,176.3,630804,电力设备,shkc,C,2023-08-15,[],0,0,buy,A,,5.11,9.49,19.4,buy,2029-07-20,2.808,4.104,1779.07,2973.7,3.39,-3.29,,0,14:59:51,00,Y,N,0,0,Y,,2024-01-26 开始转股,计算使用2.9年期 评级为A 债参考YTM：6.8096,N,4.108,全价：128.100 最后更新：14:59:51,,,,0,{'M': ''},0,0,N,,,buy,buy
2026-09-29 14:14:13,127054,双箭转债,sjzz,120.4,0.42,002381,双箭股份,sjgf,5.65,1.62,1.09,6.96,81.18,0,48.32,168.72,220602,基础化工,szmb,C,2022-03-15,[],0,0,buy,AA,,4.872,9.048,27.8,buy,2028-02-11,1.37,5.136,2133.71,1839.42,3.46,-4.09,,0,15:34:09,00,Y,N,0,0,Y,,2022-08-17 开始转股,计算使用1.4年期 评级为AA 债参考YTM：1.5624,N,5.136,全价：120.400 最后更新：15:34:09,,,,1,[],0,0,N,,,buy,buy
2026-09-29 14:14:13,113665,汇通转债,htzz,124.464,0.82,603176,汇通集团,htjt,5.28,2.13,2.24,6.31,83.68,0,48.74,173.2,620306,建筑装饰,shmb,C,2023-01-11,[],0,0,buy,A+,,4.417,8.203,14.7,buy,2028-12-15,2.214,3.596,3509.93,2412.55,7.87,-2.24,,0,14:58:14,00,Y,N,1,1,Y,转股价下修1次，成功下修1次,2023-06-21 开始转股,计算使用2.3年期 评级为A+ 债参考YTM：4.3330,N,3.6,全价：124.464 最后更新：14:58:14,,,,0,[],0,0,N,,,buy,buy
2026-09-29 14:14:13,118052,浩瀚转债,hhzz,139.58,1.41,688292,浩瀚深度,hhsd,22.7,3.7,3.64,24.2,93.8,0,48.8,188.38,710103,计算机,shkc,C,2025-04-07,[],0,0,buy,A+,,16.94,31.46,9.8,buy,2031-03-13,4.455,3.539,13155.46,16890.16,26.74,-3.45,,0,14:59:59,00,Y,N,0,0,Y,,2025-09-19 开始转股,计算使用4.5年期 评级为A+ 债参考YTM：4.6230,N,3.54,全价：139.580 最后更新：14:59:59,,,,0,{'M': ''},0,0,N,,,buy,buy
2026-09-29 14:14:13,123195,蓝晓转02,lxz02,168.63,-0.51,300487,蓝晓科技,lxkj,66.95,0.1,7.21,59.09,113.3,0,48.83,217.46,220504,基础化工,szcy,C,2023-05-08,[],0,0,buy,A+,,41.363,76.817,2.6,buy,2029-04-17,2.551,5.455,3722.33,13811.67,4.04,-12.92,,0,15:34:12,00,Y,N,0,0,Y,,2023-10-23 开始转股,计算使用2.6年期 评级为A+ 债参考YTM：4.3959,N,5.461,全价：168.630 最后更新：15:34:12,,,,0,{'M': ''},0,0,N,,,buy,buy
2026-09-29 14:14:13,123277,玉禾转债,yhzz,138.691,-0.44,300815,玉禾田,yht,15.05,0.53,1.28,16.15,93.19,128,48.83,187.52,760103,环保,szcy,C,2026-08-14,[],0,0,buy,AA,,11.305,20.995,25.4,buy,2032-07-28,5.833,15.0,3069.18,3171.14,1.47,-3.41,,0,15:34:48,00,Y,N,0,0,Y,,未到转股期；2027-02-04 开始转股,计算使用5.9年期 评级为AA 债参考YTM：1.9556,N,15.0,全价：138.691 最后更新：15:34:48,,,,0,[],0,0,N,,,buy,buy
2026-09-29 14:14:13,113048,晶科转债,jkzz,112.727,0.36,601778,晶科科技,jkkj,3.38,1.2,0.76,4.47,75.62,0,49.08,161.81,410106,公用事业,shmb,C,2021-05-31,[],0,0,buy,AA,,3.129,5.811,12.3,buy,2027-04-23,0.564,15.453,3082.44,17774.21,1.77,-1.15,,0,14:59:59,00,Y,N,2,2,Y,转股价下修2次，成功下修2次,2021-10-29 开始转股,计算使用0.6年期 评级为AA 债参考YTM：1.5218,N,30.0,全价：112.727 最后更新：14:59:59,,,,1,{'M': ''},0,0,N,,,buy,buy
2026-09-29 14:14:13,118059,颀中转债,qzzz,200.171,0.8,688352,颀中科技,qzkj,18.23,3.17,3.76,13.7,133.07,0,50.43,250.6,270107,电子,shkc,C,2025-11-21,[],0,0,buy,AA+,,9.59,17.81,12.7,buy,2031-11-03,5.099,8.498,38595.43,40333.03,22.64,-10.83,,0,14:59:59,00,Y,N,0,0,Y,,2026-05-07 开始转股,计算使用5.1年期 评级为AA+ 债参考YTM：1.7411,N,8.5,全价：200.171 最后更新：14:59:59,,,,0,"{'G': '本次（2026年5月26日至2026年6月17日）不提前赎回，以2026年12月18日为首个交易日重新计算', 'M': ''}",0,0,N,,,buy,buy
2026-09-29 14:14:13,123237,佳禾转债,jhzz,132.62,-0.36,300793,佳禾智能,jhzn,11.85,0.08,1.59,13.46,88.04,0,50.64,183.26,270504,电子,szcy,C,2024-01-24,[],0,0,buy,A+,,9.422,17.498,9.8,buy,2030-01-04,3.269,4.314,1373.49,3795.11,2.4,-3.76,,0,15:34:30,00,Y,N,1,1,Y,转股价下修1次，成功下修1次,2024-07-10 开始转股,计算使用3.3年期 评级为A+ 债参考YTM：4.5272,N,10.04,全价：132.620 最后更新：15:34:30,,,,0,[],0,0,N,,,buy,buy
2026-09-29 14:14:13,110093,神马转债,smzz,116.085,-0.35,600810,神马股份,smgf,6.22,-1.43,0.72,8.08,76.98,0,50.8,166.89,220406,基础化工,shmb,C,2023-04-20,[],0,0,buy,AAA,,5.656,10.504,33.1,buy,2029-03-16,2.463,22.197,4244.07,2896.39,1.65,-2.2,,0,14:58:43,00,Y,N,0,0,Y,,2023-09-22 开始转股,计算使用2.5年期 评级为AAA 债参考YTM：1.5960,N,30.0,全价：116.085 最后更新：14:58:43,,,,0,{'M': ''},0,0,N,,,buy,buy
2026-09-29 14:14:13,127115,炬申转债,jszz,167.558,0.09,001202,炬申股份,jsgf,15.02,1.08,2.85,13.56,110.77,125,51.27,218.83,420802,交通运输,szmb,C,2026-08-13,[],0,0,buy,AA-,,9.492,17.628,21.7,buy,2032-07-23,5.819,3.8,2666.8,1443.53,4.19,-6.52,,0,15:34:24,00,Y,N,0,0,Y,,未到转股期；2027-02-01 开始转股,计算使用5.9年期 评级为AA- 债参考YTM：2.6757,N,3.8,全价：167.558 最后更新：15:34:24,,,,0,[],0,0,N,,,buy,buy
2026-09-29 14:14:13,127059,永东转2,ydz2,125.207,-0.1,002753,永东股份,ydgf,6.68,-0.45,1.06,8.11,82.37,0,52.01,177.22,220603,基础化工,szmb,C,2022-05-16,[],0,0,buy,AA-,,5.677,10.543,19.2,buy,2028-04-08,1.526,3.79,3154.26,3072.49,6.65,-4.4,,0,15:34:21,00,Y,N,0,0,Y,,2022-10-14 开始转股,计算使用1.6年期 评级为AA- 债参考YTM：1.8536,N,3.8,全价：125.207 最后更新：15:34:21,,,,1,[],0,0,N,,,buy,buy
2026-09-29 14:14:13,113688,国检转债,gjzz,130.703,-1.09,603060,国检集团,gjjt,5.53,-2.3,2.18,6.45,85.74,0,52.45,183.15,460802,社会服务,shmb,C,2024-11-12,[],0,0,buy,AA+,,4.515,8.385,18.0,buy,2030-10-17,4.052,7.997,5052.8,6491.89,4.83,-2.89,,0,14:58:52,00,Y,N,0,0,Y,,2025-04-23 开始转股,计算使用4.1年期 评级为AA+ 债参考YTM：1.7135,N,8.0,全价：130.703 最后更新：14:58:52,,,,0,[],0,0,N,,,buy,buy
2026-09-29 14:14:13,123224,宇邦转债,ybzz,134.629,0.1,301266,宇邦新材,ybxc,24.76,1.48,1.88,28.09,88.15,0,52.74,187.37,630504,电力设备,szcy,C,2023-10-18,[],0,0,buy,A+,,19.663,36.517,8.5,buy,2029-09-19,2.975,2.848,1733.63,5837.57,4.52,-4.1,,0,15:33:57,00,Y,N,1,1,Y,转股价下修1次，成功下修1次,2024-03-25 开始转股,计算使用3.0年期 评级为A+ 债参考YTM：4.4804,N,5.0,全价：134.629 最后更新：15:33:57,,,,0,{'M': ''},0,0,N,,,buy,buy
2026-09-29 14:14:13,127034,绿茵转债,lyzz,120.5,-0.41,002887,绿茵生态,lyst,8.84,-6.65,1.14,11.21,78.86,0,52.81,173.31,760104,环保,szmb,C,2021-05-28,[],0,0,buy,AA-,,7.847,14.573,22.3,buy,2027-04-30,0.584,4.279,5627.16,9766.58,10.96,-10.72,,0,15:34:45,00,Y,N,1,0,Y,转股价下修1次，成功下修0次,2021-11-11 开始转股,计算使用0.6年期 评级为AA- 债参考YTM：1.6873,N,7.12,全价：120.500 最后更新：15:34:45,,,,1,[],0,0,N,,,buy,buy
2026-09-29 14:14:13,127089,晶澳转债,jazz,113.628,0.64,002459,晶澳科技,jakj,6.6,0.61,1.11,8.9,74.16,0,53.23,166.86,630502,电力设备,szmb,C,2023-08-04,[],0,0,buy,AA+,,6.23,11.57,41.0,buy,2029-07-18,2.803,89.588,7768.27,13595.53,0.77,-0.75,,0,15:34:00,00,Y,N,3,2,Y,转股价下修3次，成功下修2次,2024-01-24 开始转股,计算使用2.9年期 评级为AA+ 债参考YTM：1.6359,N,89.603,全价：113.628 最后更新：15:34:00,,,,0,{'M': ''},0,0,N,,,buy,buy
2026-09-29 14:14:13,123271,通合转债,thzz,164.47,-0.04,300491,通合科技,thkj,35.59,2.59,5.22,33.18,107.26,70,53.33,217.8,630306,电力设备,szcy,C,2026-06-17,[],0,0,buy,AA,,23.226,43.134,9.3,buy,2032-06-01,5.677,5.219,15160.93,39489.4,17.5,-5.64,,0,15:34:42,00,Y,N,0,0,Y,,未到转股期；2026-12-08 开始转股,计算使用5.7年期 评级为AA 债参考YTM：1.9153,N,5.22,全价：164.470 最后更新：15:34:42,,,,0,[],0,0,N,,,buy,buy
2026-09-29 14:14:13,123155,中陆转债,zlzz,127.137,0.61,301040,中环海陆,zhhl,26.3,1.62,3.49,31.76,82.81,0,53.53,180.67,630602,电力设备,szcy,C,2022-08-31,[],0,0,buy,A+,,22.232,41.288,14.5,buy,2028-08-12,1.871,3.6,2052.8,2703.71,4.49,-4.18,,0,15:34:09,00,Y,N,0,0,Y,,2023-02-20 开始转股,计算使用1.9年期 评级为A+ 债参考YTM：4.2546,N,3.6,全价：127.137 最后更新：15:34:09,,,,1,{'M': ''},0,0,N,,,buy,buy
2026-09-29 14:14:13,123157,科蓝转债,klzz,129.999,-0.68,300663,科蓝软件,klrj,7.45,0.13,10.81,8.8,84.66,0,53.56,183.56,710401,计算机,szcy,C,2022-09-20,[],0,0,buy,A-,,6.16,11.44,6.7,buy,2028-08-30,1.921,2.34,2153.08,7206.14,7.06,-5.27,,0,15:34:12,00,Y,N,2,2,Y,转股价下修2次，成功下修2次,2023-03-06 开始转股,计算使用2.0年期 评级为A- 债参考YTM：8.9737,N,4.946,全价：129.999 最后更新：15:34:12,,,,1,{'M': ''},0,0,N,,,buy,buy
2026-09-29 14:14:13,113694,清源转债,qyzz,123.73,0.01,603628,清源股份,qygf,10.32,-1.34,2.11,12.85,80.31,0,54.06,177.79,630504,电力设备,shmb,C,2025-04-25,[],0,0,buy,A+,,8.995,16.705,17.8,buy,2031-04-08,4.526,4.999,4238.41,5800.98,6.86,-0.93,,0,14:59:37,00,Y,N,0,0,Y,,2025-10-14 开始转股,计算使用4.6年期 评级为A+ 债参考YTM：4.6275,N,5.0,全价：123.730 最后更新：14:59:37,,,,0,{'M': ''},0,0,N,,,buy,buy
2026-09-29 14:14:13,127069,小熊转债,xxzz,125.548,1.17,002959,小熊电器,xxdq,35.55,5.24,1.87,43.71,81.33,0,54.37,179.92,330301,家用电器,szmb,C,2022-09-07,[],0,0,buy,AA-,,30.597,56.823,10.1,buy,2028-08-12,1.871,5.041,26249.98,23149.35,41.05,-3.52,,0,15:34:51,00,Y,N,1,1,Y,转股价下修1次，成功下修1次,2023-02-20 开始转股,计算使用1.9年期 评级为AA- 债参考YTM：1.9060,N,5.36,全价：125.548 最后更新：15:34:51,,,,1,{'M': ''},0,0,N,,,buy,buy
2026-09-29 14:14:13,123280,三鑫转债,sxzz,145.3,-0.41,300453,三鑫医疗,sxyl,9.03,-0.11,3.16,9.62,93.87,134,54.79,200.09,370503,医药生物,szcy,C,2026-08-19,[],0,0,buy,AA-,,7.696,12.506,16.1,buy,2032-08-03,5.849,5.3,3481.75,3007.01,4.52,-4.15,,0,15:34:00,00,Y,N,0,0,Y,,未到转股期；2027-02-10 开始转股,计算使用5.9年期 评级为AA- 债参考YTM：2.6757,N,5.3,全价：145.300 最后更新：15:34:00,,,,0,[],1,0,N,,,buy,buy
2026-09-29 14:14:13,127093,章鼓转债,zgzz,127.777,0.22,002598,ST章鼓,sdzg,6.82,0.44,1.59,8.3,82.17,0,55.51,183.29,640106,机械设备,szmb,C,2023-11-03,[],0,0,buy,A,,5.81,10.79,12.4,buy,2029-10-17,3.052,2.425,453.05,654.1,1.46,-2.61,,0,15:34:03,00,Y,N,1,1,Y,转股价下修1次，成功下修1次,2024-04-23 开始转股,计算使用3.1年期 评级为A 债参考YTM：6.8492,N,2.43,全价：127.777 最后更新：15:34:03,,,,0,[],0,0,N,,,buy,buy
2026-09-29 14:14:13,111022,锡振转债,xzzz,155.205,0.16,605319,无锡振华,wxzh,22.3,1.13,2.7,22.39,99.6,0,55.83,211.04,280205,汽车,shmb,C,2025-07-14,[],0,0,buy,AA-,,15.673,29.107,6.7,buy,2031-06-18,4.721,5.197,4754.21,8383.93,5.88,-5.8,,0,14:59:53,00,Y,N,0,0,N,2026-09-21 至 2026-09-29 期间暂停转股：权益分派,2025-12-24 开始转股;2026-09-21 至 2026-09-29 期间暂停转股：权益分派,计算使用4.8年期 评级为AA- 债参考YTM：2.2836,N,5.2,全价：155.205 最后更新：14:59:53,,,,0,[],0,0,N,,,buy,buy
2026-09-29 14:14:13,123214,东宝转债,dbzz,127.587,0.42,300239,东宝生物,dbsw,5.42,0.74,1.84,6.62,81.87,0,55.84,183.43,370304,医药生物,szcy,C,2023-08-18,[],0,0,buy,A+,,4.634,8.606,14.2,buy,2029-07-31,2.838,4.549,1874.11,5110.94,3.25,-3.2,,0,15:33:54,00,Y,N,0,0,Y,,2024-02-05 开始转股,计算使用2.9年期 评级为A+ 债参考YTM：4.4596,N,4.55,全价：127.587 最后更新：15:33:54,,,,0,[],0,0,N,,,buy,buy
2026-09-29 14:14:13,123193,海能转债,hnzz,128.012,0.72,300787,海能实业,hnsy,11.87,1.45,2.41,14.5,81.86,0,56.38,184.39,270504,电子,szcy,C,2023-05-09,[],0,0,buy,AA-,,10.15,18.85,25.7,buy,2029-04-13,2.54,5.997,2946.76,7911.73,3.85,-3.04,,0,15:34:48,00,Y,N,0,0,Y,,2023-10-19 开始转股,计算使用2.6年期 评级为AA- 债参考YTM：2.0450,N,6.0,全价：128.012 最后更新：15:34:48,,,,0,[],0,0,N,,,buy,buy
2026-09-29 14:14:13,123281,中仑转债,zlzz,150.3,-0.05,301565,中仑新材,zlxc,19.38,0.31,3.15,20.28,95.56,136,57.28,207.58,220505,基础化工,szcy,C,2026-08-24,[],0,0,buy,AA-,,14.196,26.364,43.1,buy,2032-08-05,5.855,10.68,5137.52,4929.93,3.2,-4.71,,0,15:34:36,00,Y,N,0,0,Y,,未到转股期；2027-02-12 开始转股,计算使用5.9年期 评级为AA- 债参考YTM：2.6757,N,10.68,全价：150.300 最后更新：15:34:36,,,,0,{'M': ''},0,0,N,,,buy,buy
2026-09-29 14:14:13,110092,三房转债,sfzz,75.619,1.43,600370,*ST三房,sfx,1.45,0.69,1.13,3.02,48.01,0,57.5,133.12,220401,基础化工,shmb,C,2023-02-07,[],0,0,buy,A-,,2.114,3.926,36.3,buy,2029-01-06,2.274,21.185,5163.32,902.66,3.24,19.96,,0,14:59:53,00,Y,N,0,0,Y,,2023-07-12 开始转股,计算使用2.3年期 评级为A- 债参考YTM：9.0330,N,25.0,全价：75.619 最后更新：14:59:53,,,,0,[],0,0,N,,,buy,buy
2026-09-29 14:14:13,113699,金25转债,j25zz,181.749,0.89,603979,金诚信,jcx,72.35,1.74,3.64,62.8,115.21,0,57.76,239.51,240302,有色金属,shmb,C,2025-10-27,[],0,0,buy,AA,,43.96,81.64,4.4,buy,2031-09-26,4.995,19.998,11630.87,23228.91,3.24,-8.78,,0,14:59:41,00,Y,N,0,0,Y,,2026-04-10 开始转股,计算使用5.0年期 评级为AA 债参考YTM：1.8065,N,20.0,全价：181.749 最后更新：14:59:41,,,,0,{'M': ''},0,0,N,,,buy,buy
2026-09-29 14:14:13,127049,希望转2,xwz2,107.801,-0.09,000876,新希望,xxw,6.89,1.03,1.63,10.13,68.02,0,58.49,166.29,110402,农林牧渔,szmb,C,2021-11-29,[],0,0,buy,AAA,,7.091,13.169,26.3,buy,2027-11-02,1.093,81.434,13613.46,16217.92,1.55,0.69,,0,15:34:06,00,Y,N,1,1,Y,转股价下修1次，成功下修1次,2022-05-09 开始转股,计算使用1.1年期 评级为AAA 债参考YTM：1.5094,N,81.5,全价：107.801 最后更新：15:34:06,,,,1,{'M': ''},0,0,N,,,buy,buy
2026-09-29 14:14:13,123284,强达转债,qdzz,220.2,4.73,301628,强达电路,qddl,116.5,10.68,7.36,84.04,138.62,149,58.85,279.05,270202,电子,szcy,C,2026-09-03,[],0,0,buy,AA-,,58.828,109.252,16.2,buy,2032-08-18,5.89,5.5,155503.31,55685.6,128.4,-10.72,,0,15:34:12,00,Y,N,0,0,Y,,未到转股期；2027-02-25 开始转股,计算使用5.9年期 评级为AA- 债参考YTM：2.6757,N,5.5,全价：220.200 最后更新：15:34:12,,,,0,{'M': ''},0,0,N,,,buy,buy
2026-09-29 14:14:13,127104,姚记转债,yjzz,134.7,0.04,002605,姚记科技,yjkj,16.43,0.98,1.79,19.38,84.78,0,58.89,193.59,720401,传媒,szmb,C,2024-02-26,[],0,0,buy,A+,,13.566,25.194,10.5,buy,2030-01-24,3.323,5.822,1721.29,3572.65,2.2,-3.44,,0,15:34:30,00,Y,N,0,0,Y,,2024-07-31 开始转股,计算使用3.4年期 评级为A+ 债参考YTM：4.5376,N,5.831,全价：134.700 最后更新：15:34:30,,,,0,[],0,0,N,,,buy,buy
2026-09-29 14:14:13,118060,瑞可转债,rkzz,174.003,-1.71,688800,瑞可达,rkd,57.51,2.24,6.58,52.53,109.48,0,58.94,232.94,270401,电子,shkc,C,2025-12-12,[],0,0,buy,AA-,,36.771,68.289,6.0,buy,2031-11-14,5.129,9.999,16382.08,52482.55,9.32,-7.74,,0,14:59:57,00,Y,N,0,0,Y,,2026-05-20 开始转股,计算使用5.2年期 评级为AA- 债参考YTM：2.3382,N,10.0,全价：174.003 最后更新：14:59:57,,,,0,"{'G': '本次（2026年5月20日至2026年6月9日）不提前赎回，以2026年12月10日为首个交易日重新计算', 'M': ''}",0,0,N,,,buy,buy
2026-09-29 14:14:13,118061,茂莱转债,mlzz,181.047,0.31,688502,茂莱光学,mlgx,414.57,1.54,17.51,364.15,113.85,0,59.03,240.08,270303,电子,shkc,C,2025-12-10,[],0,0,buy,A+,,254.905,473.395,2.6,buy,2031-11-21,5.148,5.621,12693.02,37470.33,12.52,-8.11,,0,14:59:59,00,Y,N,0,0,Y,,2026-05-27 开始转股,计算使用5.2年期 评级为A+ 债参考YTM：4.6869,N,5.625,全价：181.047 最后更新：14:59:59,,,,0,"{'G': '本次（2026年5月28日至2026年7月3日）不提前赎回，以2026年10月4日首个交易日重新计算', 'M': ''}",0,0,N,,,buy,buy
2026-09-29 14:14:13,127083,山路转债,slzz,120.422,-0.32,000498,山东路桥,sdlq,5.61,-2.6,0.31,7.42,75.61,0,59.27,179.69,620306,建筑装饰,szmb,C,2023-04-26,[],0,0,buy,AAA,,5.194,9.646,59.5,buy,2029-03-24,2.485,48.359,10813.32,25400.72,1.86,-3.18,,0,15:34:12,00,Y,N,0,0,Y,,2023-10-09 开始转股,计算使用2.5年期 评级为AAA 债参考YTM：1.5960,N,48.36,全价：120.422 最后更新：15:34:12,,,,0,{'M': ''},0,0,N,,,buy,buy
2026-09-29 14:14:13,127111,金威转债,jwzz,132.618,0.17,002626,金达威,jdw,15.96,-0.37,2.32,19.19,83.17,0,59.46,192.08,340407,食品饮料,szmb,C,2025-09-08,[],0,0,buy,AA,,13.433,24.947,13.3,buy,2031-08-20,4.893,12.924,1932.48,3774.79,1.13,-3.19,,0,15:34:21,00,Y,N,0,0,Y,,2026-02-26 开始转股,计算使用4.9年期 评级为AA 债参考YTM：1.8029,N,12.924,全价：132.618 最后更新：15:34:21,,,,0,{'M': ''},0,0,N,,,buy,buy
2026-09-29 14:14:13,123272,中汽转债,zqzz,140.7,0.38,301215,中汽股份,zqgf,5.28,1.15,2.32,5.99,88.15,79,59.62,200.32,280303,汽车,szcy,C,2026-06-30,[],0,0,buy,AA+,,4.193,7.787,14.9,buy,2032-06-10,5.701,10.39,2216.78,3327.68,1.52,-3.9,,0,15:34:33,00,Y,N,0,0,Y,,未到转股期；2026-12-17 开始转股,计算使用5.8年期 评级为AA+ 债参考YTM：1.8272,N,10.39,全价：140.700 最后更新：15:34:33,,,,0,{'M': ''},0,0,N,,,buy,buy
2026-09-29 14:14:13,123278,合金转债,hjzz,162.27,-1.3,300697,电工合金,dghj,14.19,1.14,4.72,13.98,101.5,129,59.87,222.14,240302,有色金属,szcy,C,2026-08-18,[],0,0,buy,AA-,,9.786,18.174,11.6,buy,2032-07-29,5.836,5.45,8533.44,8178.28,9.6,-5.98,,0,15:34:51,00,Y,N,0,0,Y,,未到转股期；2027-02-05 开始转股,计算使用5.9年期 评级为AA- 债参考YTM：2.6757,N,5.45,全价：162.270 最后更新：15:34:51,,,,0,[],0,0,N,,,buy,buy
2026-09-29 14:14:13,127114,宜化转债,yhzz,130.295,-0.69,000422,湖北宜化,hbyh,11.48,-0.52,1.62,14.09,81.48,97,59.92,190.22,220801,基础化工,szmb,C,2026-07-14,[],0,0,buy,AA+,,9.863,18.317,26.9,buy,2032-06-25,5.743,33.0,4477.7,8206.02,1.04,-2.37,,0,15:34:39,00,Y,Y,0,0,Y,,未到转股期；2027-01-04 开始转股,计算使用5.8年期 评级为AA+ 债参考YTM：1.8272,N,33.0,全价：130.295 最后更新：15:34:39,,,,0,{'M': ''},0,0,N,,,buy,buy
2026-09-29 14:14:13,110090,爱迪转债,adzz,124.184,0.0,600933,爱柯迪,akd,13.3,-1.63,1.41,17.15,77.55,0,60.13,184.31,280203,汽车,shmb,C,2022-10-28,[],0,0,buy,AA,,12.005,22.295,12.2,buy,2028-09-23,1.986,15.695,4212.4,11934.18,2.16,-5.32,,0,14:59:07,00,Y,N,0,0,Y,,2023-03-29 开始转股,计算使用2.0年期 评级为AA 债参考YTM：1.6237,N,15.7,全价：124.184 最后更新：14:59:07,,,,1,{'M': ''},0,0,N,,,buy,buy
2026-09-29 14:14:13,113698,凯众转债,kzzz,133.541,0.84,603037,凯众股份,kzgf,10.44,4.19,2.8,12.55,83.19,0,60.53,194.07,280203,汽车,shmb,C,2025-09-10,[],0,0,buy,AA-,,8.785,16.315,11.1,buy,2031-08-15,4.88,3.079,4401.4,8221.38,10.7,-3.32,,0,14:59:53,00,Y,N,0,0,Y,,2026-02-24 开始转股,计算使用4.9年期 评级为AA- 债参考YTM：2.2899,N,3.08,全价：133.541 最后更新：14:59:53,,,,0,[],0,0,N,,,buy,buy
2026-09-29 14:14:13,113678,中贝转债,zbzz,134.487,-0.42,603220,中贝通信,zbtx,17.07,0.47,2.35,20.47,83.39,0,61.27,195.76,730103,通信,shmb,C,2023-11-21,[],0,0,buy,A+,,14.329,26.611,5.6,buy,2029-10-19,3.058,5.106,3006.8,17824.81,4.37,-3.62,,0,14:59:48,00,Y,N,2,1,Y,转股价下修2次，成功下修1次,2024-04-25 开始转股,计算使用3.1年期 评级为A+ 债参考YTM：4.4992,N,5.17,全价：134.487 最后更新：14:59:48,,,,0,{'M': ''},0,0,N,,,buy,buy
2026-09-29 14:14:13,127108,太能转债,tnzz,120.997,0.2,000591,太阳能,tyn,4.15,0.24,0.67,5.54,74.91,0,61.52,182.52,410106,公用事业,szmb,C,2025-04-16,[],0,0,buy,AA+,,3.878,7.202,18.2,buy,2031-03-28,4.496,29.498,4122.02,7823.61,1.16,-0.78,,0,15:34:33,00,Y,N,0,0,Y,,2025-10-09 开始转股,计算使用4.5年期 评级为AA+ 债参考YTM：1.7267,N,29.5,全价：120.997 最后更新：15:34:33,,,,0,{'M': ''},0,0,N,,,buy,buy
2026-09-29 14:14:13,110100,龙建转债,ljzz,115.918,0.86,600853,龙建股份,ljgf,3.29,1.54,0.79,4.59,71.68,0,61.72,177.64,620306,建筑装饰,shmb,C,2026-02-12,[],0,0,buy,AA,,3.213,5.967,30.0,buy,2032-01-22,5.318,10.0,4746.02,3326.33,4.1,-0.4,,0,14:59:54,00,Y,N,0,0,Y,,2026-07-28 开始转股,计算使用5.4年期 评级为AA 债参考YTM：1.8549,N,10.0,全价：115.918 最后更新：14:59:54,,,,0,{'EX': '黑龙江省建设投资集团有限公司大宗减持11.70% 2026年09月28日公告'},0,0,N,,,buy,buy
2026-09-29 14:14:13,111020,合顺转债,hszz,130.044,0.03,605166,聚合顺,jhs,8.45,0.0,1.32,10.53,80.25,0,62.05,192.09,220406,基础化工,shmb,C,2024-08-15,[],0,0,buy,AA-,,7.371,13.689,12.7,buy,2030-07-22,3.814,3.38,1716.4,2047.5,3.9,-2.27,,0,14:59:04,00,Y,N,0,0,Y,,2025-01-27 开始转股,计算使用3.9年期 评级为AA- 债参考YTM：2.2188,N,3.38,全价：130.044 最后更新：14:59:04,,,,0,[],0,0,N,,,buy,buy
2026-09-29 14:14:13,127102,浙建转债,zjzz,118.2,0.97,002761,浙江建投,zjjt,7.39,1.93,0.93,10.17,72.67,0,62.66,180.86,620101,建筑装饰,szmb,C,2024-01-16,[],0,0,buy,AA+,,7.119,13.221,12.4,buy,2029-12-25,3.241,9.951,5262.69,9645.64,4.49,-1.71,,0,15:34:09,00,Y,N,0,0,Y,,2024-07-01 开始转股,计算使用3.3年期 评级为AA+ 债参考YTM：1.6575,N,10.0,全价：118.200 最后更新：15:34:09,,,,0,{'M': ''},0,0,N,,,buy,buy
2026-09-29 14:14:13,123261,普联转债,plzz,153.98,0.8,300996,普联软件,plrj,12.2,1.24,3.76,12.97,94.06,0,63.7,217.68,710401,计算机,szcy,C,2025-12-22,[],0,0,buy,A+,,9.079,16.861,6.0,buy,2031-12-05,5.186,2.428,15628.68,11999.63,41.73,-4.94,,0,15:34:36,00,Y,N,0,0,Y,,2026-06-11 开始转股,计算使用5.2年期 评级为A+ 债参考YTM：4.6869,N,2.43,全价：153.980 最后更新：15:34:36,,,,0,{'M': ''},0,0,N,,,buy,buy
2026-09-29 14:14:13,113696,伯25转债,b25zz,129.537,-0.16,603596,伯特利,btl,27.82,-0.64,2.97,35.16,79.12,0,63.71,193.25,280203,汽车,shmb,C,2025-07-28,[],0,0,buy,AA,,24.612,45.708,11.2,buy,2031-07-01,4.756,28.017,6827.71,29115.66,1.88,-2.79,,0,14:59:53,00,Y,N,0,0,Y,,2026-01-07 开始转股,计算使用4.8年期 评级为AA 债参考YTM：1.7996,N,28.02,全价：129.537 最后更新：14:59:53,,,,0,{'M': ''},0,0,N,,,buy,buy
2026-09-29 14:14:13,110102,江农转债,jnzz,139.297,-0.71,600389,江山股份,jsgf,17.48,-1.47,1.75,20.64,84.69,113,64.48,203.78,220803,基础化工,shmb,C,2026-08-05,[],0,0,buy,AA+,,14.448,26.832,15.7,buy,2032-07-13,5.792,11.85,5393.27,8982.61,3.26,-3.66,,0,14:59:58,00,Y,N,0,0,Y,,未到转股期；2027-01-20 开始转股,计算使用5.8年期 评级为AA+ 债参考YTM：1.8272,N,11.85,全价：139.297 最后更新：14:59:58,,,,0,{'M': ''},1,0,N,,,buy,buy
2026-09-29 14:14:13,110086,精工转债,jgzz,120.21,0.99,600496,精工钢构,jggg,3.32,-0.6,0.72,4.57,72.65,0,65.47,185.68,620401,建筑装饰,shmb,C,2022-05-23,[],0,0,buy,AA,,3.199,5.941,30.3,buy,2028-04-22,1.564,19.999,3325.51,5313.13,1.39,-3.48,,0,14:59:33,00,Y,N,0,0,Y,,2022-10-28 开始转股,计算使用1.6年期 评级为AA 债参考YTM：1.5829,N,20.0,全价：120.210 最后更新：14:59:33,,,,1,{'M': ''},0,0,N,,,buy,buy
2026-09-29 14:14:13,113674,华设转债,hszz,124.583,0.16,603018,华设集团,hsjt,5.2,0.78,0.79,6.91,75.25,0,65.55,190.13,620601,建筑装饰,shmb,C,2023-08-15,[],0,0,buy,AA,,4.837,8.983,9.4,buy,2029-07-21,2.811,3.999,1806.12,2715.5,3.63,-2.76,,0,14:59:13,00,Y,N,0,0,Y,,2024-01-29 开始转股,计算使用2.9年期 评级为AA 债参考YTM：1.6928,N,4.0,全价：124.583 最后更新：14:59:13,,,,0,{'M': ''},0,0,N,,,buy,buy
2026-09-29 14:14:13,123282,震裕转02,zyz02,149.103,-0.57,300953,震裕科技,zykj,93.0,-0.8,4.66,104.25,89.21,146,67.14,216.24,630701,电力设备,szcy,C,2026-09-02,[],0,0,buy,AA-,,72.975,135.525,11.5,buy,2032-08-16,5.885,18.8,12625.93,44736.27,4.49,-4.55,,0,15:34:39,00,Y,N,0,0,Y,,未到转股期；2027-02-22 开始转股,计算使用5.9年期 评级为AA- 债参考YTM：2.6757,N,18.8,全价：149.103 最后更新：15:34:39,,,,0,{'M': ''},0,0,N,,,buy,buy
2026-09-29 14:14:13,111021,奥锐转债,arzz,131.314,-0.37,605116,奥锐特,art,19.28,-1.38,2.93,24.6,78.37,0,67.55,198.86,370101,医药生物,shmb,C,2024-08-15,[],0,0,buy,AA-,,17.22,31.98,10.4,buy,2030-07-26,3.825,8.121,3118.59,2720.79,2.92,-2.52,,0,14:59:03,00,Y,N,0,0,Y,,2025-02-05 开始转股,计算使用3.9年期 评级为AA- 债参考YTM：2.2188,N,8.121,全价：131.314 最后更新：14:59:03,,,,0,[],0,0,N,,,buy,buy
2026-09-29 14:14:13,113705,豪26转债,h26zz,132.5,-0.15,603809,豪能股份,hngf,8.49,-0.12,2.0,10.74,79.05,84,67.61,200.11,280203,汽车,shmb,C,2026-07-10,[],0,0,buy,AA-,,6.444,13.962,23.0,buy,2032-06-14,5.712,18.0,4430.52,5031.86,1.86,-2.67,,0,14:59:42,00,Y,N,0,0,Y,,未到转股期；2026-12-22 开始转股,计算使用5.8年期 评级为AA- 债参考YTM：2.6301,N,18.0,全价：132.500 最后更新：14:59:42,,,,0,{'M': ''},0,0,N,,,buy,buy
2026-09-29 14:14:13,113706,金帝转债,jdzz,174.615,-2.69,603270,金帝股份,jdgf,31.87,-2.95,2.95,30.62,104.08,84,67.77,242.39,640108,机械设备,shmb,C,2026-07-10,[],0,0,buy,AA,,21.434,39.806,29.3,buy,2032-06-14,5.712,9.7,18149.58,20168.45,10.6,-6.6,,0,15:00:00,00,Y,N,0,0,Y,,未到转股期；2026-12-22 开始转股,计算使用5.8年期 评级为AA 债参考YTM：1.9360,N,9.7,全价：174.615 最后更新：15:00:00,,,,0,{'M': ''},0,0,N,,,buy,buy
2026-09-29 14:14:13,113692,保隆转债,blzz,125.9,0.28,603197,保隆科技,blkj,28.94,-0.41,1.84,38.78,74.63,0,68.71,194.61,280205,汽车,shmb,C,2024-11-27,[],0,0,buy,AA,,27.146,50.414,22.7,buy,2030-10-31,4.09,13.897,1848.39,4735.02,1.06,-2.56,,0,14:59:00,00,Y,N,0,0,Y,,2025-05-06 开始转股,计算使用4.1年期 评级为AA 债参考YTM：1.7736,N,13.9,全价：125.900 最后更新：14:59:00,,,,0,{'M': ''},0,0,N,,,buy,buy
2026-09-29 14:14:13,123276,久吾转02,jwz02,152.124,0.18,300631,久吾高科,jwgk,21.43,2.83,1.96,23.78,90.12,118,68.81,220.93,760201,环保,szcy,C,2026-08-04,[],0,0,buy,A+,,16.646,30.914,11.5,buy,2032-07-19,5.808,3.0,4799.52,3725.89,10.49,-4.21,,0,15:34:36,00,Y,N,0,0,Y,,未到转股期；2027-01-25 开始转股,计算使用5.9年期 评级为A+ 债参考YTM：5.0256,N,3.0,全价：152.124 最后更新：15:34:36,,,,0,[],0,0,N,,,buy,buy
2026-09-29 14:14:13,111025,圣泉转债,sqzz,143.886,-1.0,605589,圣泉集团,sqjt,36.08,0.03,2.83,42.38,85.13,94,69.01,212.9,220504,基础化工,shmb,C,2026-07-21,[],0,0,buy,AA+,,29.666,55.094,8.2,buy,2032-06-24,5.74,25.0,23357.04,78373.55,6.52,-4.39,,0,14:59:40,00,Y,N,1,1,Y,转股价下修1次，成功下修1次,未到转股期；2027-01-01 开始转股,计算使用5.8年期 评级为AA+ 债参考YTM：1.8272,N,25.0,全价：143.886 最后更新：14:59:40,,,,0,{'M': ''},0,0,N,,,buy,buy
2026-09-29 14:14:13,123263,鼎捷转债,djzz,149.3,0.07,300378,鼎捷数智,djsz,38.29,0.95,4.15,43.42,88.19,0,69.3,218.6,710402,计算机,szcy,C,2025-12-31,[],0,0,buy,AA,,30.394,56.446,8.0,buy,2031-12-15,5.214,8.275,10487.64,60390.99,8.51,-5.18,,0,15:34:48,00,Y,N,0,0,Y,,2026-06-22 开始转股,计算使用5.3年期 评级为AA 债参考YTM：1.8378,N,8.28,全价：149.300 最后更新：15:34:48,,,,0,{'M': ''},0,0,N,,,buy,buy
2026-09-29 14:14:13,113682,益丰转债,yfzz,124.452,0.61,603939,益丰药房,yfyf,23.01,2.4,2.3,31.44,73.19,0,70.05,194.5,370403,医药生物,shmb,C,2024-03-27,[],0,0,buy,AA,,22.008,40.872,6.4,buy,2030-03-04,3.43,17.968,5117.29,21379.81,2.3,-2.5,,0,14:59:01,00,Y,N,0,0,Y,,2024-09-09 开始转股,计算使用3.5年期 评级为AA 债参考YTM：1.7351,N,17.97,全价：124.452 最后更新：14:59:01,,,,0,{'M': ''},0,0,N,,,buy,buy
2026-09-29 14:14:13,110101,宝钛转债,btzz,135.529,-0.2,600456,宝钛股份,btgf,24.58,0.86,1.62,30.98,79.34,92,70.82,206.35,240504,有色金属,shmb,C,2026-07-16,[],0,0,buy,AAA,,21.686,40.274,29.8,buy,2032-06-23,5.737,35.0,4770.13,4984.56,1.01,-3.69,,0,14:59:32,00,Y,N,0,0,Y,,未到转股期；2026-12-30 开始转股,计算使用5.8年期 评级为AAA 债参考YTM：1.7171,N,35.0,全价：135.529 最后更新：14:59:32,,,,0,{'M': ''},0,0,N,,,buy,buy
2026-09-29 14:14:13,111026,派克转债,pkzz,163.062,-0.06,605123,派克新材,pkxc,77.46,-0.95,1.98,81.3,95.28,136,71.15,234.21,650201,国防军工,shmb,C,2026-08-25,[],0,0,buy,AA,,56.91,105.69,16.8,buy,2032-08-05,5.855,15.8,4340.6,6555.82,1.69,-6.06,,0,14:59:59,00,Y,N,0,0,Y,,未到转股期；2027-02-12 开始转股,计算使用5.9年期 评级为AA 债参考YTM：1.9556,N,15.8,全价：163.062 最后更新：14:59:59,,,,0,{'M': ''},0,0,N,,,buy,buy
2026-09-29 14:14:13,113710,四方转债,sfzz,140.178,0.31,603339,四方科技,sfkj,12.17,0.0,1.35,14.87,81.84,161,71.28,211.46,640105,机械设备,shmb,C,2026-09-23,[],0,0,buy,AA,,10.409,19.331,27.2,buy,2032-09-02,5.932,10.234,36196.26,5207.21,25.09,-3.53,,0,14:59:59,00,Y,N,0,0,Y,,未到转股期；2027-03-09 开始转股,计算使用6.0年期 评级为AA 债参考YTM：1.9734,N,10.234,全价：140.178 最后更新：14:59:59,,,,0,[],0,0,N,,,buy,buy
2026-09-29 14:14:13,123253,永贵转债,ygzz,127.9,0.28,300351,永贵电器,ygdq,13.57,0.97,2.13,18.19,74.6,0,71.44,199.34,640501,机械设备,szcy,C,2025-03-28,[],0,0,buy,AA-,,12.733,23.647,27.4,buy,2031-03-13,4.455,9.797,2029.92,5048.52,1.62,-1.9,,0,15:34:27,00,Y,N,0,0,Y,,2025-09-19 开始转股,计算使用4.5年期 评级为AA- 债参考YTM：2.2655,N,9.8,全价：127.900 最后更新：15:34:27,,,,0,{'M': ''},0,0,N,,,buy,buy
2026-09-29 14:14:13,113652,伟22转债,w22zz,119.231,0.19,603568,伟明环保,wmhb,13.22,-1.05,1.84,19.02,69.51,0,71.54,190.77,760103,环保,shmb,C,2022-08-12,[],0,0,buy,AA,,13.314,24.726,5.5,buy,2028-07-22,1.814,14.766,3171.56,5091.53,1.81,-3.52,,0,14:58:47,00,Y,N,2,2,Y,转股价下修2次，成功下修2次,2023-01-30 开始转股,计算使用1.9年期 评级为AA 债参考YTM：1.6144,N,14.77,全价：119.231 最后更新：14:58:47,,,,1,{'M': ''},0,0,N,,,buy,buy
2026-09-29 14:14:13,123279,天脉转债,tmzz,189.8,0.69,301626,苏州天脉,sztm,295.5,-1.96,21.26,267.33,110.54,132,71.71,261.51,270504,电子,szcy,C,2026-08-18,[],0,0,buy,AA,,187.131,347.529,5.1,buy,2032-08-02,5.847,7.86,26866.5,51551.14,18.33,-8.5,,0,15:33:57,00,Y,N,0,0,Y,,未到转股期；2027-02-08 开始转股,计算使用5.9年期 评级为AA 债参考YTM：1.9556,N,7.86,全价：189.800 最后更新：15:33:57,,,,0,{'M': ''},0,0,N,,,buy,buy
2026-09-29 14:14:13,127072,博实转债,bszz,127.819,-0.59,002698,博实股份,bsgf,11.02,-0.9,2.7,14.81,74.41,0,71.78,199.6,640701,机械设备,szmb,C,2022-11-03,[],0,0,buy,AA,,10.367,19.253,4.8,buy,2028-09-22,1.984,4.498,2737.84,6111.31,4.76,-5.74,,0,15:34:06,00,Y,N,0,0,Y,,2023-03-28 开始转股,计算使用2.0年期 评级为AA 债参考YTM：1.6237,N,4.5,全价：127.819 最后更新：15:34:06,,,,1,{'M': ''},0,0,N,,,buy,buy
2026-09-29 14:14:13,118031,天23转债,t23zz,116.463,0.33,688599,天合光能,thgn,10.8,1.12,1.22,16.0,67.5,0,72.54,189.0,630502,电力设备,shkc,C,2023-03-15,[],0,0,buy,AA,,11.2,20.8,23.1,buy,2029-02-13,2.378,58.512,8321.26,21609.24,1.23,0.67,,0,14:59:55,00,Y,N,2,2,Y,转股价下修2次，成功下修2次,2023-08-17 开始转股,计算使用2.4年期 评级为AA 债参考YTM：1.6560,N,88.648,全价：116.463 最后更新：14:59:55,,,,0,{'M': ''},0,0,N,,,buy,buy
2026-09-29 14:14:13,111018,华康转债,hkzz,122.473,-0.16,605077,华康股份,hkgf,11.31,-1.31,1.08,15.97,70.82,0,72.93,195.4,220315,基础化工,shmb,C,2024-01-15,[],0,0,buy,AA-,,11.179,20.761,38.4,buy,2029-12-25,3.241,13.022,4280.29,6565.34,2.69,-0.82,,0,14:59:06,00,Y,N,0,0,Y,,2024-07-01 开始转股,计算使用3.3年期 评级为AA- 债参考YTM：2.1756,N,13.03,全价：122.473 最后更新：14:59:06,,,,0,[],0,0,N,,,buy,buy
2026-09-29 14:14:13,127112,尚太转债,stzz,133.265,-0.43,001301,尚太科技,stkj,46.09,-1.5,2.33,60.02,76.79,0,73.54,206.81,630702,电力设备,szmb,C,2026-02-05,[],0,0,buy,AA+,,42.014,78.026,14.5,buy,2032-01-16,5.301,17.339,7432.98,21498.8,3.21,-3.36,,0,15:34:36,00,Y,N,0,0,Y,,2026-07-22 开始转股,计算使用5.4年期 评级为AA+ 债参考YTM：1.7706,N,17.34,全价：133.265 最后更新：15:34:36,,,,0,{'M': ''},0,0,N,,,buy,buy
2026-09-29 14:14:13,123220,易瑞转债,yrzz,129.495,2.12,300942,易瑞生物,yrsw,6.58,0.92,3.05,8.85,74.35,0,74.17,203.67,370504,医药生物,szcy,C,2023-09-06,[],0,0,buy,A+,,6.195,11.505,10.9,buy,2029-08-18,2.888,2.905,6321.77,2081.48,16.83,-3.13,,0,15:34:21,00,Y,N,2,1,Y,转股价下修2次，成功下修1次,2024-02-26 开始转股,计算使用2.9年期 评级为A+ 债参考YTM：4.4596,Y,3.28,全价：129.495 最后更新：15:34:21,,,"按下调到底估算
股东大会：2026-10-14
预估转股价：6.58
预估转股价值：100.00
期权价值：26.29
理论价值：130.79
理论偏离度：-1.00%",0,{'M': ''},0,0,N,,,buy,buy
2026-09-29 14:14:13,123216,科顺转债,kszz,122.167,0.88,300737,科顺股份,ksgf,4.61,3.83,1.29,6.61,69.74,0,75.17,197.34,610304,建筑材料,szcy,C,2023-08-23,[],0,0,buy,AA-,,4.627,8.593,53.7,buy,2029-08-04,2.849,21.959,5337.72,11149.73,2.0,-1.14,,0,15:34:24,00,Y,N,2,1,Y,转股价下修2次，成功下修1次,2024-02-19 开始转股,计算使用2.9年期 评级为AA- 债参考YTM：2.1095,N,21.98,全价：122.167 最后更新：15:34:24,,,,0,{'M': ''},0,0,N,,,buy,buy
2026-09-29 14:14:13,110095,双良转债,slzz,111.479,-0.15,600481,双良节能,sljn,3.91,0.77,1.98,6.18,63.27,0,76.2,187.68,630501,电力设备,shmb,C,2023-09-08,[],0,0,buy,AA-,,4.326,8.034,17.4,buy,2029-08-08,2.86,14.006,4259.19,10148.18,2.72,0.58,,0,14:59:54,00,Y,N,2,2,Y,转股价下修2次，成功下修2次,2024-02-19 开始转股,计算使用2.9年期 评级为AA- 债参考YTM：2.1095,N,26.0,全价：111.479 最后更新：14:59:54,,,,0,{'M': ''},0,0,N,,,buy,buy
2026-09-29 14:14:13,123252,银邦转债,ybzz,126.497,0.12,300337,银邦股份,ybgf,8.97,1.13,4.03,12.5,71.76,0,76.28,202.78,240301,有色金属,szcy,C,2025-01-24,[],0,0,buy,AA-,,8.75,16.25,12.3,buy,2031-01-06,4.274,7.846,2292.06,7013.48,2.31,-1.72,,0,15:34:39,00,Y,N,0,0,Y,,2025-07-14 开始转股,计算使用4.3年期 评级为AA- 债参考YTM：2.2523,N,7.85,全价：126.497 最后更新：15:34:39,,,,0,{'M': ''},0,0,N,,,buy,buy
2026-09-29 14:14:13,113703,翔26转债,x26zz,134.829,-0.09,603112,华翔股份,hxgf,16.67,0.36,1.96,21.94,75.98,76,77.45,212.28,330601,家用电器,shmb,C,2026-07-07,[],0,0,buy,AA-,,15.358,28.522,14.6,buy,2032-06-07,5.693,13.01,2024.3,7819.35,1.15,-2.68,,0,14:59:23,00,Y,N,0,0,Y,,未到转股期；2026-12-14 开始转股,计算使用5.7年期 评级为AA- 债参考YTM：2.5793,N,13.01,全价：134.829 最后更新：14:59:23,,,,0,[],0,0,N,,,buy,buy
2026-09-29 14:14:13,118074,特宝转债,tbzz,155.491,-2.34,688278,特宝生物,tbsw,51.2,-0.78,6.73,58.56,87.43,127,77.84,233.33,370304,医药生物,shkc,C,2026-08-13,[],0,0,buy,AA+,,40.992,76.128,7.3,buy,2032-07-27,5.83,15.33,6992.32,9233.77,2.91,-5.6,,0,14:59:53,00,Y,N,0,0,Y,,未到转股期；2027-02-03 开始转股,计算使用5.9年期 评级为AA+ 债参考YTM：1.8410,N,15.33,全价：155.491 最后更新：14:59:53,,,,0,{'M': ''},0,0,N,,,buy,buy
2026-09-29 14:14:13,123223,九典转02,jdz02,130.607,-0.43,300705,九典制药,jdzy,10.67,-1.02,2.06,14.55,73.33,0,78.1,208.71,370102,医药生物,szcy,C,2023-10-13,[],0,0,buy,A+,,10.185,18.915,5.2,buy,2029-09-15,2.964,2.052,843.61,4146.67,3.14,-3.7,,0,15:34:33,00,Y,N,0,0,Y,,2024-03-21 开始转股,计算使用3.0年期 评级为A+ 债参考YTM：4.4804,N,3.6,全价：130.607 最后更新：15:34:33,,,,0,[],0,0,N,,,buy,buy
2026-09-29 14:14:13,113679,芯能转债,xnzz,125.379,0.27,603105,芯能科技,xnkj,8.83,-1.23,2.01,12.55,70.36,0,78.2,203.58,410106,公用事业,shmb,C,2023-11-24,[],0,0,buy,AA-,,8.785,16.315,19.9,buy,2029-10-26,3.077,8.799,3093.44,23563.82,2.81,-1.58,,0,14:59:48,00,Y,N,0,0,Y,,2024-05-06 开始转股,计算使用3.1年期 评级为AA- 债参考YTM：2.1490,N,8.8,全价：125.379 最后更新：14:59:48,,,,0,{'M': ''},0,0,N,,,buy,buy
2026-09-29 14:14:13,118037,上声转债,sszz,124.226,-0.01,688533,上声电子,ssdz,19.94,0.25,1.84,28.64,69.62,0,78.43,202.66,280206,汽车,shkc,C,2023-08-01,[],0,0,buy,A+,,20.048,37.232,14.2,buy,2029-07-06,2.77,4.679,1103.58,1187.77,1.9,-2.92,,0,14:59:45,00,Y,N,2,1,Y,转股价下修2次，成功下修1次,2024-01-12 开始转股,计算使用2.8年期 评级为A+ 债参考YTM：4.4385,N,5.2,全价：124.226 最后更新：14:59:45,,,,0,{'M': ''},0,0,N,,,buy,buy
2026-09-29 14:14:13,123168,惠云转债,hyzz,128.3,2.03,300891,惠云钛业,hyty,7.7,2.67,2.39,10.74,71.7,0,78.95,207.25,220206,基础化工,szcy,C,2022-12-14,[],0,0,buy,AA-,,7.518,13.962,19.1,buy,2028-11-23,2.153,4.899,4000.79,4891.03,6.42,-3.62,,0,15:34:39,00,Y,N,0,0,Y,,2023-05-29 开始转股,计算使用2.2年期 评级为AA- 债参考YTM：1.9614,N,4.9,全价：128.300 最后更新：15:34:39,,,,0,{'M': ''},0,0,N,,,buy,buy
2026-09-29 14:14:13,113709,振26转债,z26zz,175.875,0.79,603067,振华股份,zhgf,39.45,-0.6,6.89,40.33,97.82,129,79.8,255.68,220203,基础化工,shmb,C,2026-08-17,[],0,0,buy,AA,,28.231,52.429,2.9,buy,2032-07-29,5.836,8.78,23643.53,127943.29,15.45,-7.3,,0,15:00:00,00,Y,N,0,0,Y,,未到转股期；2027-02-05 开始转股,计算使用5.9年期 评级为AA 债参考YTM：1.9556,N,8.78,全价：175.875 最后更新：15:00:00,,,,0,{'M': ''},0,0,N,,,buy,buy
2026-09-29 14:14:13,113707,科博转债,kbzz,148.977,-1.42,603786,科博达,kbd,37.17,1.01,2.65,45.56,81.59,104,82.6,231.58,280206,汽车,shmb,C,2026-07-31,[],0,0,buy,AA+,,31.892,59.228,9.9,buy,2032-07-02,5.762,14.91,3751.36,4868.51,1.68,-4.97,,0,14:59:59,00,Y,N,0,0,Y,,未到转股期；2027-01-11 开始转股,计算使用5.8年期 评级为AA+ 债参考YTM：1.8272,N,14.91,全价：148.977 最后更新：14:59:59,,,,0,{'M': ''},1,0,N,,,buy,buy
2026-09-29 14:14:13,113053,隆22转债,l22zz,113.769,0.18,601012,隆基绿能,ljln,10.89,0.74,1.7,17.5,62.23,0,82.82,196.59,630502,电力设备,shmb,C,2022-02-17,[],0,0,buy,AAA,,12.25,22.75,8.5,buy,2028-01-05,1.269,69.951,3784.31,51827.7,0.48,-3.65,,0,14:59:30,00,Y,N,1,1,Y,转股价下修1次，成功下修1次,2022-07-11 开始转股,计算使用1.3年期 评级为AAA 债参考YTM：1.5204,N,70.0,全价：113.769 最后更新：14:59:30,,,,1,{'M': ''},0,0,N,,,buy,buy
2026-09-29 14:14:13,118071,华峰转债,hfzz,217.748,3.19,688200,华峰测控,hfck,398.99,2.6,10.95,335.33,118.98,91,83.01,300.76,270108,电子,shkc,C,2026-07-17,[],0,0,buy,AA,,234.731,435.929,0.9,buy,2032-06-22,5.734,7.49,76294.72,157125.19,47.24,-10.84,,0,14:59:59,00,Y,N,0,0,Y,,未到转股期；2026-12-29 开始转股,计算使用5.8年期 评级为AA 债参考YTM：1.9360,N,7.49,全价：217.748 最后更新：14:59:59,,,,0,{'M': ''},0,0,N,,,buy,buy
2026-09-29 14:14:13,113647,禾丰转债,hfzz,115.582,0.42,603609,禾丰股份,hfgf,6.26,0.64,0.86,10.09,62.04,0,86.3,201.88,110402,农林牧渔,shmb,C,2022-05-18,[],0,0,buy,AA,,7.063,13.117,25.9,buy,2028-04-22,1.564,14.669,2232.94,1557.94,1.32,-1.0,,0,14:59:48,00,Y,N,0,0,Y,,2022-10-28 开始转股,计算使用1.6年期 评级为AA 债参考YTM：1.5829,N,15.0,全价：115.582 最后更新：14:59:48,,,,0,{'M': ''},0,0,N,,,buy,buy
2026-09-29 14:14:13,113701,祥和转债,xhzz,145.772,1.52,603500,祥和实业,xhsy,10.44,4.5,3.26,13.37,78.09,0,86.68,232.45,640501,机械设备,shmb,C,2026-03-26,[],0,0,buy,A+,,9.359,17.381,11.5,buy,2032-03-03,5.43,4.0,193117.64,28400.51,320.19,-3.74,,0,14:59:59,00,Y,N,0,0,Y,,2026-09-09 开始转股,计算使用5.5年期 评级为A+ 债参考YTM：4.8212,N,4.0,全价：145.772 最后更新：14:59:59,,,,0,[],0,0,N,,,buy,buy
2026-09-29 14:14:13,127038,国微转债,gwzz,112.51,-0.17,002049,紫光国微,zggw,58.41,-0.38,3.44,97.01,60.21,0,86.86,199.37,270104,电子,szmb,C,2021-07-14,[],0,0,buy,AA+,,67.907,126.113,3.0,buy,2027-06-10,0.696,14.915,2407.62,38401.82,1.44,-3.22,,0,15:34:48,00,Y,N,0,0,Y,,2021-12-17 开始转股,计算使用0.7年期 评级为AA+ 债参考YTM：1.5161,N,15.0,全价：112.510 最后更新：15:34:48,,,,1,{'M': ''},0,0,N,,,buy,buy
2026-09-29 14:14:13,123229,艾录转债,alzz,130.172,0.62,301062,上海艾录,shal,6.93,1.02,2.21,9.95,69.65,0,86.9,217.07,360205,轻工制造,szcy,C,2023-11-20,[],0,0,buy,A,,6.965,12.935,9.3,buy,2029-10-23,3.069,1.779,725.2,3067.12,3.14,-2.6,,0,15:34:27,00,Y,N,0,0,Y,,2024-04-29 开始转股,计算使用3.1年期 评级为A 债参考YTM：6.8492,N,5.0,全价：130.172 最后更新：15:34:27,,,,0,{'M': ''},0,0,N,,,buy,buy
2026-09-29 14:14:13,113708,曙26转债,s26zz,138.193,0.3,603019,中科曙光,zksg,80.4,0.47,5.1,108.89,73.84,114,87.16,225.35,710103,计算机,shmb,C,2026-08-06,[],0,0,buy,AAA,,76.223,141.557,6.8,buy,2032-07-14,5.795,80.0,16513.32,83081.27,1.49,-4.16,,0,14:59:59,00,Y,N,0,0,Y,,未到转股期；2027-01-21 开始转股,计算使用5.8年期 评级为AAA 债参考YTM：1.7171,N,80.0,全价：138.193 最后更新：14:59:59,,,,0,{'M': ''},0,0,N,,,buy,buy
2026-09-29 14:14:13,118065,艾为转债,awzz,129.16,-0.07,688798,艾为电子,awdz,54.67,1.28,3.0,79.4,68.85,0,87.59,216.75,270105,电子,shkc,C,2026-02-26,[],0,0,buy,AA+,,55.58,103.22,25.6,buy,2032-01-22,5.318,19.01,5064.9,9601.0,2.06,-2.6,,0,14:59:52,00,Y,N,0,0,Y,,2026-07-28 开始转股,计算使用5.4年期 评级为AA+ 债参考YTM：1.7706,N,19.01,全价：129.160 最后更新：14:59:52,,,,0,{'M': ''},1,0,N,,,buy,buy
2026-09-29 14:14:13,118076,先锋转债,xfzz,182.858,-0.38,688605,先锋精科,xfjk,83.53,0.53,10.05,86.4,96.68,136,89.14,272.0,270108,电子,shkc,C,2026-08-26,[],0,0,buy,AA,,60.48,112.32,8.3,buy,2032-08-05,5.855,7.5,17091.69,21626.77,12.39,-7.9,,0,15:00:00,00,Y,N,0,0,Y,,未到转股期；2027-02-12 开始转股,计算使用5.9年期 评级为AA 债参考YTM：1.9556,N,7.5,全价：182.858 最后更新：15:00:00,,,,0,{'M': ''},0,0,N,,,buy,buy
2026-09-29 14:14:13,123274,维科转债,wkzz,137.626,-0.23,301499,维科精密,wkjm,25.73,0.04,2.73,35.62,72.24,97,90.53,228.16,280206,汽车,szcy,C,2026-07-10,[],0,0,buy,A+,,24.934,46.306,17.7,buy,2032-06-25,5.743,6.3,2541.55,3808.16,2.93,-2.7,,0,15:34:42,00,Y,N,0,0,Y,,未到转股期；2027-01-04 开始转股,计算使用5.8年期 评级为A+ 债参考YTM：4.9798,N,6.3,全价：137.626 最后更新：15:34:42,,,,0,{'M': ''},0,0,N,,,buy,buy
2026-09-29 14:14:13,118024,冠宇转债,gyzz,119.95,0.75,688772,珠海冠宇,zhgy,14.17,2.24,2.24,22.51,62.95,0,90.55,210.5,630701,电力设备,shkc,C,2022-11-17,[],0,0,buy,AA,,15.757,27.012,19.2,buy,2028-10-24,2.071,30.889,7802.64,31417.5,2.12,-1.93,,0,14:59:59,00,Y,N,0,0,Y,,2023-04-28 开始转股,计算使用2.1年期 评级为AA 债参考YTM：1.6323,N,30.89,全价：119.950 最后更新：14:59:59,,,,0,{'M': ''},0,0,N,120%,,buy,buy
2026-09-29 14:14:13,113702,斯达转债,sdzz,152.906,-0.69,603290,斯达半导,sdbd,83.4,0.71,2.9,104.79,79.59,23,92.12,245.03,270102,电子,shmb,C,2026-05-11,[],0,0,buy,AA+,,73.353,136.227,7.5,buy,2032-04-15,5.548,15.0,8001.38,18860.48,3.47,-5.59,,0,14:59:56,00,Y,N,0,0,Y,,未到转股期；2026-10-22 开始转股,计算使用5.6年期 评级为AA+ 债参考YTM：1.7982,N,15.0,全价：152.906 最后更新：14:59:56,,,,0,{'M': ''},0,0,N,,,buy,buy
2026-09-29 14:14:13,113627,太平转债,tpzz,109.612,-0.12,603877,太平鸟,tpn,11.75,0.17,1.24,20.61,57.01,0,92.26,201.87,350209,纺织服饰,shmb,C,2021-08-06,[],0,0,buy,AA,,14.427,26.793,14.5,buy,2027-07-15,0.792,7.996,2271.87,1445.35,2.59,0.45,,0,14:59:16,00,Y,N,1,1,Y,转股价下修1次，成功下修1次,2022-01-21 开始转股,计算使用0.8年期 评级为AA 债参考YTM：1.5308,N,8.0,全价：109.612 最后更新：14:59:16,,,,0,{'M': ''},0,0,N,,,buy,buy
2026-09-29 14:14:13,123260,卓镁转债,zmzz,141.898,-1.19,301398,星源卓镁,xyzm,38.46,1.21,4.12,52.15,73.75,0,92.41,234.31,280202,汽车,szcy,C,2025-11-24,[],0,0,buy,A+,,36.505,67.795,10.7,buy,2031-11-07,5.11,4.499,4740.52,4833.88,7.37,-3.46,,0,15:34:45,00,Y,N,0,0,Y,,2026-05-13 开始转股,计算使用5.2年期 评级为A+ 债参考YTM：4.6869,N,4.5,全价：141.898 最后更新：15:34:45,,,,0,{'M': ''},0,0,N,,,buy,buy
2026-09-29 14:14:13,118073,赛斯转债,sszz,145.522,-0.29,688480,赛恩斯,ses,65.45,1.0,5.17,86.9,75.32,118,93.21,238.73,760104,环保,shkc,C,2026-08-12,[],0,0,buy,AA,,60.83,112.97,8.7,buy,2032-07-16,5.8,5.519,5440.36,3401.89,6.79,-4.24,,0,14:59:57,00,Y,N,0,0,Y,,未到转股期；2027-01-25 开始转股,计算使用5.8年期 评级为AA 债参考YTM：1.9360,N,5.519,全价：145.522 最后更新：14:59:57,,,,0,{'M': ''},1,0,N,,,buy,buy
2026-09-29 14:14:13,123275,肇民转债,zmzz,134.98,0.0,301000,肇民科技,zmkj,23.52,-0.88,4.41,33.76,69.67,108,93.75,228.73,280205,汽车,szcy,C,2026-07-24,[],0,0,buy,AA-,,23.632,43.888,10.9,buy,2032-07-08,5.778,5.9,2136.79,4158.35,2.69,-2.96,,0,15:34:45,00,Y,N,0,0,Y,,未到转股期；2027-01-15 开始转股,计算使用5.8年期 评级为AA- 债参考YTM：2.6301,N,5.9,全价：134.980 最后更新：15:34:45,,,,0,{'M': ''},0,0,N,,,buy,buy
2026-09-29 14:14:13,118070,南芯转债,nxzz,145.532,-1.28,688484,南芯科技,nxkj,32.77,0.18,3.5,43.71,74.97,87,94.12,239.65,270105,电子,shkc,C,2026-07-10,[],0,0,buy,AA+,,30.597,56.823,11.3,buy,2032-06-17,5.721,15.869,5686.48,10387.65,2.46,-4.46,,0,14:59:55,00,Y,N,0,0,Y,,未到转股期；2026-12-25 开始转股,计算使用5.8年期 评级为AA+ 债参考YTM：1.8272,N,15.869,全价：145.532 最后更新：14:59:55,,,,0,{'M': ''},0,0,N,,,buy,buy
2026-09-29 14:14:13,123196,正元转02,zyz02,125.0,0.83,300645,正元智慧,zyzh,14.09,1.44,1.81,21.91,64.31,0,94.38,219.38,710103,计算机,szcy,C,2023-05-19,[],0,0,buy,A+,,15.337,28.483,17.8,buy,2029-04-18,2.553,3.501,1440.67,3705.97,3.3,-2.17,,0,15:34:18,00,Y,N,2,1,Y,转股价下修2次，成功下修1次,2023-10-24 开始转股,计算使用2.6年期 评级为A+ 债参考YTM：4.3959,N,3.507,全价：125.000 最后更新：15:34:18,,,,0,[],0,0,N,,,buy,buy
2026-09-29 14:14:13,123264,双乐转债,slzz,120.996,0.01,301036,双乐股份,slgf,22.65,1.75,1.35,36.4,62.23,0,94.45,215.45,220305,基础化工,szcy,C,2026-01-16,[],0,0,buy,AA-,,25.48,47.32,50.7,buy,2031-12-26,5.244,8.0,3227.21,2195.25,3.34,-1.2,,0,15:34:30,00,Y,N,0,0,Y,,2026-07-06 开始转股,计算使用5.3年期 评级为AA- 债参考YTM：2.3760,N,8.0,全价：120.996 最后更新：15:34:30,,,,0,{'M': ''},0,0,N,,,buy,buy
2026-09-29 14:14:13,123154,火星转债,hxzz,121.0,0.51,300894,火星人,hxr,9.95,0.3,4.11,16.0,62.19,0,94.57,215.57,330401,家用电器,szcy,C,2022-08-23,[],0,0,buy,A+,,11.2,20.8,18.1,buy,2028-08-05,1.852,5.289,2099.0,4852.9,3.29,-1.82,,0,15:34:18,00,Y,N,1,1,Y,转股价下修1次，成功下修1次,2023-02-13 开始转股,计算使用1.9年期 评级为A+ 债参考YTM：4.2546,N,5.29,全价：121.000 最后更新：15:34:18,,,,1,{'M': ''},0,0,N,,,buy,buy
2026-09-29 14:14:13,118072,鼎通转债,dtzz,166.847,-2.17,688668,鼎通科技,dtkj,210.49,-1.2,12.98,246.0,85.57,92,94.99,261.84,730204,通信,shkc,C,2026-07-17,[],0,0,buy,A+,,172.2,319.8,3.2,buy,2032-06-23,5.737,9.3,15881.79,82511.2,10.17,-5.95,,0,14:59:57,00,Y,N,1,1,Y,转股价下修1次，成功下修1次,未到转股期；2026-12-30 开始转股,计算使用5.8年期 评级为A+ 债参考YTM：4.9798,N,9.3,全价：166.847 最后更新：14:59:57,,,,0,{'M': ''},0,0,N,,,buy,buy
2026-09-29 14:14:13,127068,顺博转债,sbzz,115.6,0.58,002996,顺博合金,sbhj,5.92,1.37,1.16,10.0,59.2,0,95.27,210.87,240301,有色金属,szmb,C,2022-09-07,[],0,0,buy,AA-,,7.0,13.0,30.6,buy,2028-08-12,1.871,8.3,3605.06,2404.81,3.77,-2.65,,0,15:34:03,00,Y,N,2,2,N,"转股价下修2次，成功下修2次
2026-09-29 至 2026-10-12 期间暂停转股：回售
转股价10.000生效日期2026-07-09",2023-02-20 开始转股;2026-09-29 至 2026-10-12 期间暂停转股：回售,计算使用1.9年期 评级为AA- 债参考YTM：1.9060,N,8.3,全价：115.600 最后更新：15:34:03,,,,1,[],0,0,Y,,,buy,buy
2026-09-29 14:14:13,123266,博士转债,bszz,135.2,0.36,300622,博士眼镜,bsyj,14.8,0.41,5.09,21.38,69.22,0,95.31,230.51,450401,商贸零售,szcy,C,2026-04-07,[],0,0,buy,AA,,14.966,27.794,11.5,buy,2032-03-18,5.471,3.75,1493.6,6601.22,2.95,-2.87,,0,15:34:06,00,Y,N,0,0,Y,,2026-09-24 开始转股,计算使用5.5年期 评级为AA 债参考YTM：1.8740,N,3.75,全价：135.200 最后更新：15:34:06,,,,0,[],0,0,N,,,buy,buy
2026-09-29 14:14:13,113656,嘉诚转债,jczz,116.313,0.09,603535,嘉诚国际,jcgj,6.14,0.49,1.21,10.33,59.44,0,95.69,212.0,420805,交通运输,shmb,C,2022-10-12,[],0,0,buy,A+,,7.231,13.429,25.5,buy,2028-09-01,1.926,7.998,1368.52,1641.27,1.47,0.31,,0,14:59:48,00,Y,N,0,0,Y,,2023-03-07 开始转股,计算使用2.0年期 评级为A+ 债参考YTM：4.2737,N,8.0,全价：116.313 最后更新：14:59:48,,,,1,[],0,0,N,,,buy,buy
2026-09-29 14:14:13,118063,金05转债,j05zz,135.963,0.47,688676,金盘科技,jpkj,61.55,2.4,5.35,88.6,69.47,0,95.72,231.68,630801,电力设备,shkc,C,2026-01-14,[],0,0,buy,AA+,,62.02,115.18,5.9,buy,2031-12-25,5.241,16.707,4058.97,34097.35,1.79,-3.76,,0,14:59:48,00,Y,N,0,0,N,2026-09-22 至 2026-09-30 期间暂停转股：权益分派,2026-07-01 开始转股;2026-09-22 至 2026-09-30 期间暂停转股：权益分派,计算使用5.3年期 评级为AA+ 债参考YTM：1.7587,N,16.71,全价：135.963 最后更新：14:59:48,,,,0,{'M': ''},0,0,N,,,buy,buy
2026-09-29 14:14:13,113648,巨星转债,jxzz,112.818,0.41,603477,巨星农牧,jxnm,14.3,2.58,2.76,24.84,57.57,0,95.97,208.79,110702,农林牧渔,shmb,C,2022-05-17,[],0,0,buy,AA-,,17.388,32.292,12.3,buy,2028-04-25,1.573,8.997,4320.74,17837.47,4.27,-0.33,,0,14:59:07,00,Y,N,0,0,Y,,2022-10-31 开始转股,计算使用1.6年期 评级为AA- 债参考YTM：1.8536,N,10.0,全价：112.818 最后更新：14:59:07,,,,0,{'M': ''},0,0,N,,,buy,buy
2026-09-29 14:14:13,113700,海天转债,htzz,125.998,0.41,603759,海天股份,htgf,7.97,0.89,1.27,12.41,64.22,0,96.19,222.19,760102,环保,shmb,C,2026-03-12,[],0,0,buy,AA,,8.687,16.133,21.8,buy,2032-02-05,5.356,8.01,2385.7,3125.03,2.37,-1.95,,0,14:59:52,00,Y,N,0,0,Y,,2026-08-11 开始转股,计算使用5.4年期 评级为AA 债参考YTM：1.8549,N,8.01,全价：125.998 最后更新：14:59:52,,,,0,{'EX': '控股股东及其一致行动人竞价、大宗减持16.53% 2026年09月29日公告'},0,0,N,,,buy,buy
2026-09-29 14:14:13,123215,铭利转债,mlzz,120.859,-0.06,301268,铭利达,mld,11.74,0.95,3.17,19.19,61.18,0,97.55,218.41,640108,机械设备,szcy,C,2023-08-23,[],0,0,buy,A+,,13.433,24.947,20.1,buy,2029-08-03,2.847,8.555,1483.27,3671.98,1.44,0.19,,0,15:34:21,00,Y,N,1,1,Y,转股价下修1次，成功下修1次,2024-02-19 开始转股,计算使用2.9年期 评级为A+ 债参考YTM：4.4596,N,10.0,全价：120.859 最后更新：15:34:21,,,,0,{'M': ''},0,0,N,,,buy,buy
2026-09-29 14:14:13,118069,爱科转债,akzz,155.887,-0.18,688092,爱科科技,akkj,22.45,1.04,2.79,28.49,78.8,79,97.83,253.72,640209,机械设备,shkc,C,2026-07-09,[],0,0,buy,AA-,,19.943,37.037,14.4,buy,2032-06-10,5.701,2.67,5380.96,1868.9,12.85,-4.9,,0,14:59:59,00,Y,N,0,0,Y,,未到转股期；2026-12-17 开始转股,计算使用5.8年期 评级为AA- 债参考YTM：2.6301,N,2.67,全价：155.887 最后更新：14:59:59,,,,0,{'M': ''},0,0,N,,,buy,buy
2026-09-29 14:14:13,113671,武进转债,wjzz,123.923,0.81,603878,武进不锈,wjbx,4.92,1.86,1.08,7.88,62.44,0,98.48,222.4,230403,钢铁,shmb,C,2023-08-03,[],0,0,buy,AA,,5.516,10.244,11.2,buy,2029-07-10,2.781,3.093,1923.25,4616.47,5.03,-3.22,,0,14:59:06,00,Y,N,0,0,Y,,2024-01-15 开始转股,计算使用2.8年期 评级为AA 债参考YTM：1.6854,N,3.1,全价：123.923 最后更新：14:59:06,,,,0,[],0,0,N,,,buy,buy
2026-09-29 14:14:13,113666,爱玛转债,amzz,118.814,0.6,603529,爱玛科技,amkj,21.8,3.22,1.86,36.68,59.43,0,99.91,218.72,280401,汽车,shmb,C,2023-03-20,[],0,0,buy,AA,,25.676,47.684,10.8,buy,2029-02-23,2.406,19.994,2560.07,16246.48,1.08,-1.99,,0,14:59:59,00,Y,N,0,0,Y,,2023-09-01 开始转股,计算使用2.5年期 评级为AA 债参考YTM：1.6635,N,20.0,全价：118.814 最后更新：14:59:59,,,,0,{'M': ''},0,0,N,,,buy,buy
2026-09-29 14:14:13,123259,锦浪转02,jlz02,145.392,0.09,300763,锦浪科技,jlkj,52.62,0.71,2.22,72.41,72.67,0,100.07,245.46,630503,电力设备,szcy,C,2025-11-06,[],0,0,buy,AA,,50.687,94.133,9.9,buy,2031-10-17,5.052,16.763,4537.25,27754.17,1.86,-4.71,,0,15:34:03,00,Y,N,2,1,Y,转股价下修2次，成功下修1次,2026-04-23 开始转股,计算使用5.1年期 评级为AA 债参考YTM：1.8129,Y,16.766,全价：145.392 最后更新：15:34:03,,,"按下调到底估算
股东大会：2026-10-09
预估转股价：56.19
预估转股价值：93.65
期权价值：46.85
理论价值：151.48
理论偏离度：-4.19%",0,"{'G': '本次（2026年4月23日至2026年5月20日）不提前赎回，以2027年5月21日为首个交易日重新计算', 'M': ''}",0,0,N,,,buy,buy
2026-09-29 14:14:13,127085,韵达转债,ydzz,118.001,0.35,002120,韵达股份,ydgf,6.8,0.44,0.92,11.53,58.98,0,100.08,218.08,420804,交通运输,szmb,C,2023-05-23,[],0,0,buy,AA+,,8.071,14.989,12.8,buy,2029-04-11,2.534,24.499,2535.68,14498.52,0.88,-2.32,,0,15:34:27,00,Y,N,0,0,Y,,2023-10-17 开始转股,计算使用2.6年期 评级为AA+ 债参考YTM：1.6238,N,24.5,全价：118.001 最后更新：15:34:27,,,,0,{'M': ''},0,0,N,,,buy,buy
2026-09-29 14:14:13,113625,江山转债,jszz,115.361,0.03,603208,江山欧派,jsop,11.43,1.6,2.03,19.84,57.61,0,100.24,215.6,360308,轻工制造,shmb,C,2021-07-01,[],0,0,buy,A,,13.888,25.792,29.0,buy,2027-06-11,0.699,5.825,860.28,1762.19,1.28,3.29,,0,14:59:06,00,Y,N,1,1,Y,转股价下修1次，成功下修1次,2021-12-20 开始转股,计算使用0.7年期 评级为A 债参考YTM：6.3892,N,5.83,全价：115.361 最后更新：14:59:06,,,,0,[],0,0,N,,,buy,buy
2026-09-29 14:14:13,123262,神宇转债,syzz,127.05,-0.62,300563,神宇股份,sygf,24.46,1.45,3.84,38.62,63.34,0,100.6,227.65,730205,通信,szcy,C,2025-12-30,[],0,0,buy,AA-,,27.034,50.206,15.7,buy,2031-12-11,5.203,4.999,5869.4,10547.35,9.25,-2.14,,0,15:34:27,00,Y,N,0,0,Y,,2026-06-17 开始转股,计算使用5.3年期 评级为AA- 债参考YTM：2.3760,N,5.0,全价：127.050 最后更新：15:34:27,,,,0,{'M': ''},0,0,N,,,buy,buy
2026-09-29 14:14:13,123113,仙乐转债,xlzz,112.4,0.04,300791,仙乐健康,xljk,17.69,1.49,1.79,31.69,55.82,0,101.35,213.75,340407,食品饮料,szcy,C,2021-05-14,[],0,0,buy,AA-,,22.183,41.197,22.5,buy,2027-04-19,0.553,10.248,5166.43,3407.38,4.49,0.97,,0,15:34:21,00,Y,N,0,0,Y,,2021-10-25 开始转股,计算使用0.6年期 评级为AA- 债参考YTM：1.6873,N,10.249,全价：112.400 最后更新：15:34:21,,,,0,[],0,0,N,,,buy,buy
2026-09-29 14:14:13,113655,欧22转债,o22zz,118.969,0.77,603833,欧派家居,opjj,30.26,1.82,0.99,51.29,59.0,0,101.65,220.62,360308,轻工制造,shmb,C,2022-09-01,[],0,0,buy,AA,,35.903,66.677,10.9,buy,2028-08-05,1.852,19.999,3350.03,11375.51,1.41,-2.39,,0,14:58:56,00,Y,N,1,1,Y,转股价下修1次，成功下修1次,2023-02-13 开始转股,计算使用1.9年期 评级为AA 债参考YTM：1.6144,N,20.0,全价：118.969 最后更新：14:58:56,,,,0,{'M': ''},0,0,N,,,buy,buy
2026-09-29 14:14:13,123138,丝路转债,slzz,124.574,0.17,300556,丝路视觉,slsj,16.17,2.15,4.74,26.53,60.95,0,104.39,228.96,710401,计算机,szcy,C,2022-03-22,[],0,0,buy,A-,,18.571,34.489,13.6,buy,2028-03-02,1.425,2.393,466.67,5186.06,1.57,-4.09,,0,15:34:09,00,Y,N,0,0,Y,,2022-09-08 开始转股,计算使用1.5年期 评级为A- 债参考YTM：8.8749,N,2.4,全价：124.574 最后更新：15:34:09,,,,0,[],0,0,N,,,buy,buy
2026-09-29 14:14:13,111009,盛泰转债,stzz,120.22,0.57,605138,盛泰集团,stjt,6.18,1.31,1.37,10.51,58.8,0,104.45,224.67,350209,纺织服饰,shmb,C,2022-12-01,[],0,0,buy,AA,,7.357,13.663,20.4,buy,2028-11-07,2.11,7.011,1318.92,2276.19,1.57,-2.83,,0,14:59:48,00,Y,N,0,0,Y,,2023-05-11 开始转股,计算使用2.2年期 评级为AA 债参考YTM：1.6405,N,7.012,全价：120.220 最后更新：14:59:48,,,,0,[],0,0,N,,,buy,buy
2026-09-29 14:14:13,123192,科思转债,kszz,122.6,0.45,300856,科思股份,ksgf,10.33,0.39,1.79,17.32,59.64,0,105.56,228.16,770201,美容护理,szcy,C,2023-05-11,[],0,0,buy,AA-,,12.124,22.516,15.1,buy,2029-04-13,2.54,7.187,1224.4,1229.53,1.39,-1.35,,0,15:34:18,00,Y,N,0,0,Y,,2023-10-19 开始转股,计算使用2.6年期 评级为AA- 债参考YTM：2.0450,N,7.249,全价：122.600 最后更新：15:34:18,,,,0,{'M': ''},0,0,N,,,buy,buy
2026-09-29 14:14:13,118067,上26转债,s26zz,127.437,-0.01,688533,上声电子,ssdz,19.94,0.25,1.84,32.25,61.83,0,106.11,233.55,280206,汽车,shkc,C,2026-04-14,[],0,0,buy,A+,,22.575,41.925,9.9,buy,2032-03-18,5.471,3.25,954.22,1187.77,2.3,-1.43,,0,14:59:48,00,Y,N,0,0,Y,,2026-09-24 开始转股,计算使用5.5年期 评级为A+ 债参考YTM：4.8212,N,3.25,全价：127.437 最后更新：14:59:48,,,,0,{'M': ''},1,0,N,,,buy,buy
2026-09-29 14:14:13,113634,珀莱转债,plzzblzz,118.673,0.28,603605,珀莱雅,bly,53.98,-1.28,3.19,94.27,57.26,0,107.25,225.92,770202,美容护理,shmb,C,2022-01-04,[],0,0,buy,AA,,65.989,122.551,3.5,buy,2027-12-08,1.192,7.507,3976.45,27137.23,4.48,-1.35,,0,15:00:00,00,Y,N,0,0,Y,,2022-06-14 开始转股,计算使用1.2年期 评级为AA 债参考YTM：1.5458,N,7.517,全价：118.673 最后更新：15:00:00,,,,0,{'M': ''},0,0,N,,,buy,buy
2026-09-29 14:14:13,118075,奥普转债,apzz,183.919,2.68,688686,奥普特,apt,131.14,0.87,5.03,149.83,87.53,128,110.13,294.05,640704,机械设备,shkc,C,2026-08-19,[],0,0,buy,AA,,104.881,194.779,7.9,buy,2032-07-28,5.833,12.7,77551.73,12153.34,33.02,-8.02,,0,15:00:00,00,Y,N,0,0,Y,,未到转股期；2027-02-04 开始转股,计算使用5.9年期 评级为AA 债参考YTM：1.9556,N,12.7,全价：183.919 最后更新：15:00:00,,,,0,{'M': ''},0,0,N,,,buy,buy
2026-09-29 14:14:13,113638,台21转债,t21zz,119.256,-0.33,603055,台华新材,thxc,9.04,-1.09,1.45,16.01,56.47,0,111.2,230.46,350106,纺织服饰,shmb,C,2022-01-21,[],0,0,buy,AA,,11.207,20.813,7.5,buy,2027-12-29,1.249,5.997,2061.29,6938.64,2.89,-3.73,,0,14:58:42,00,Y,N,0,0,Y,,2022-07-05 开始转股,计算使用1.3年期 评级为AA 债参考YTM：1.5535,N,6.0,全价：119.256 最后更新：14:58:42,,,,0,{'M': ''},0,0,N,,,buy,buy
2026-09-29 14:14:13,123283,丰茂转债,fmzz,188.0,2.55,301459,丰茂股份,fmgf,31.66,0.48,2.58,35.59,88.96,148,111.34,299.34,220602,基础化工,szcy,C,2026-09-09,[],0,0,buy,AA-,,24.913,46.267,73.5,buy,2032-08-17,5.888,6.075,236060.96,1476.41,207.16,-8.27,,0,15:34:39,00,Y,N,0,0,Y,,未到转股期；2027-02-24 开始转股,计算使用5.9年期 评级为AA- 债参考YTM：2.6757,N,6.075,全价：188.000 最后更新：15:34:39,,,,0,{'M': ''},0,0,N,,,buy,buy
2026-09-29 14:14:13,127044,蒙娜转债,mnzz,112.939,-0.15,002918,蒙娜丽莎,mnls,10.52,-0.47,1.3,19.76,53.24,0,112.14,225.08,360306,轻工制造,szmb,C,2021-09-16,[],0,0,buy,AA-,,13.832,25.688,14.9,buy,2027-08-16,0.88,3.368,2786.2,12585.44,7.33,-0.95,,0,15:34:51,00,Y,N,1,1,Y,转股价下修1次，成功下修1次,2022-02-21 开始转股,计算使用0.9年期 评级为AA- 债参考YTM：1.7246,N,11.689,全价：112.939 最后更新：15:34:51,,,,1,[],0,0,Y,,,buy,buy
2026-09-29 14:14:13,113693,志邦转债,zbzz,120.636,1.02,603801,志邦家居,zbjj,6.22,1.8,0.91,11.13,55.89,0,115.86,236.5,360308,轻工制造,shmb,C,2025-04-08,[],0,0,buy,AA,,7.791,14.469,24.8,buy,2031-03-18,4.469,6.7,1721.93,3602.31,2.14,-1.22,,0,14:59:58,00,Y,N,0,0,Y,,2025-09-24 开始转股,计算使用4.5年期 评级为AA 债参考YTM：1.7905,N,6.7,全价：120.636 最后更新：14:59:58,,,,0,[],0,0,N,,,buy,buy
2026-09-29 14:14:13,123267,珂玛转债,kmzz,195.1,-2.45,301611,珂玛科技,kmkj,88.08,-1.03,20.3,97.47,90.37,23,115.9,311.0,270103,电子,szcy,C,2026-05-13,[],0,0,buy,AA,,68.229,126.711,5.8,buy,2032-04-15,5.548,7.5,17898.65,41274.8,12.14,-9.39,,0,15:34:33,00,Y,N,0,0,Y,,未到转股期；2026-10-22 开始转股,计算使用5.6年期 评级为AA 债参考YTM：1.8944,N,7.5,全价：195.100 最后更新：15:34:33,,,,0,{'M': ''},0,0,N,,,buy,buy
2026-09-29 14:14:13,113616,韦尔转债,wezz,109.56,0.03,603501,豪威集团,hwjt,80.36,-0.48,3.09,159.02,50.54,0,116.8,226.36,270104,电子,shmb,C,2021-01-22,[],0,0,buy,AA+,,111.314,206.726,2.5,buy,2026-12-28,0.247,24.324,6495.36,57645.68,2.44,1.63,,0,14:59:48,00,Y,N,0,0,Y,,2021-07-05 开始转股,计算使用0.3年期 评级为AA+ 债参考YTM：1.4818,N,24.4,全价：109.560 最后更新：14:59:48,,,,0,{'M': ''},0,0,N,,,buy,buy
2026-09-29 14:14:13,127062,垒知转债,lzzz,122.998,1.08,002398,垒知集团,lzjt,4.27,0.23,0.77,7.56,56.48,0,117.77,240.77,610303,建筑材料,szmb,C,2022-05-20,[],0,0,buy,AA-,,5.292,9.828,15.5,buy,2028-04-21,1.562,3.957,1395.5,5252.44,2.88,-3.19,,0,15:34:48,00,Y,N,0,0,Y,,2022-10-27 开始转股,计算使用1.6年期 评级为AA- 债参考YTM：1.8536,N,3.963,全价：122.998 最后更新：15:34:48,,,,0,[],0,0,N,,,buy,buy
2026-09-29 14:14:13,118015,芯海转债,xhzz,124.509,0.15,688595,芯海科技,xhkj,30.69,1.19,6.15,55.22,55.58,0,124.03,248.54,270104,电子,shkc,C,2022-08-18,[],0,0,buy,A+,,38.654,71.786,9.3,buy,2028-07-21,1.811,4.1,1390.05,6088.06,2.73,-3.23,,0,14:59:59,00,Y,N,0,0,Y,,2023-01-30 开始转股,计算使用1.9年期 评级为A+ 债参考YTM：4.2546,N,4.1,全价：124.509 最后更新：14:59:59,,,,0,{'M': ''},0,0,N,,,buy,buy
2026-09-29 14:14:13,123265,耐普转02,npz02,129.631,0.46,300818,耐普矿机,npkj,16.0,1.33,1.87,29.42,54.39,0,138.36,267.99,640103,机械设备,szcy,C,2026-01-30,[],0,0,buy,A+,,20.594,38.246,19.8,buy,2032-01-16,5.301,4.499,906.95,4477.43,1.56,-1.64,,0,15:34:51,00,Y,N,0,0,Y,,2026-07-22 开始转股,计算使用5.4年期 评级为A+ 债参考YTM：4.7701,N,4.5,全价：129.631 最后更新：15:34:51,,,,0,[],0,0,N,,,buy,buy
2026-09-29 14:14:13,111014,李子转债,lzzz,119.554,0.73,605337,李子园,lzy,9.1,0.66,2.14,18.21,49.97,0,139.24,258.79,340701,食品饮料,shmb,C,2023-07-13,[],0,0,buy,AA,,12.747,23.673,17.0,buy,2029-06-20,2.726,5.999,2478.89,1693.67,3.47,-1.34,,0,14:59:55,00,Y,N,0,0,N,2026-09-23 至 2026-09-30 期间暂停转股：权益分派,2023-12-28 开始转股;2026-09-23 至 2026-09-30 期间暂停转股：权益分派,计算使用2.8年期 评级为AA 债参考YTM：1.6854,N,6.0,全价：119.554 最后更新：14:59:55,,,,0,[],0,0,N,,,buy,buy
2026-09-29 14:14:13,123090,三诺转债,snzz,111.601,0.04,300298,三诺生物,snsw,16.1,-0.56,2.91,34.52,46.64,0,139.28,250.88,370502,医药生物,szcy,C,2021-01-12,[],0,0,buy,AA,,24.164,44.876,6.9,buy,2026-12-21,0.227,4.984,1669.64,5468.46,3.0,1.57,,0,15:34:03,00,Y,N,0,0,Y,,2021-06-25 开始转股,计算使用0.3年期 评级为AA 债参考YTM：1.4918,N,5.0,全价：111.601 最后更新：15:34:03,,,,0,{'M': ''},0,0,N,,,buy,buy
2026-09-29 14:14:13,118068,迪威转债,dwzz,124.003,0.27,688377,迪威尔,dwe,16.81,-0.59,2.05,32.49,51.74,72,139.67,263.67,640203,机械设备,shkc,C,2026-06-30,[],0,0,buy,AA-,,22.743,42.237,23.1,buy,2032-06-03,5.682,9.08,2238.21,2884.14,1.99,-1.53,,0,14:59:48,00,Y,N,0,0,Y,,未到转股期；2026-12-10 开始转股,计算使用5.7年期 评级为AA- 债参考YTM：2.5793,N,9.08,全价：124.003 最后更新：14:59:48,,,,0,{'M': ''},0,0,N,,,buy,buy
2026-09-29 14:14:13,118042,奥维转债,awzz,124.151,0.01,688516,奥特维,atw,42.47,0.14,3.52,83.39,50.93,0,143.77,267.92,630505,电力设备,shkc,C,2023-09-01,[],0,0,buy,AA-,,58.373,108.407,8.5,buy,2029-08-10,2.866,11.399,1297.69,16984.81,0.92,-1.64,,0,14:59:55,00,Y,N,0,0,Y,,2024-02-19 开始转股,计算使用2.9年期 评级为AA- 债参考YTM：2.1095,N,11.4,全价：124.151 最后更新：14:59:55,,,,0,{'M': ''},0,0,N,,,buy,buy
2026-09-29 14:14:13,118022,锂科转债,lkzz,115.745,0.94,688779,五矿新能,wkxn,7.32,2.09,1.87,15.49,47.26,0,144.93,260.68,630702,电力设备,shkc,C,2022-11-07,[],0,0,buy,AA,,10.843,20.137,23.0,buy,2028-10-11,2.036,32.497,5288.86,12757.81,1.41,-1.07,,0,14:59:31,00,Y,N,0,0,Y,,2023-04-17 开始转股,计算使用2.1年期 评级为AA 债参考YTM：1.6323,N,32.5,全价：115.745 最后更新：14:59:31,,,,0,{'M': ''},0,0,N,,,buy,buy
2026-09-29 14:14:13,118010,洁特转债,jtzz,126.008,-0.05,688026,洁特生物,jtsw,24.54,-2.77,2.88,47.88,51.25,0,145.85,271.86,370503,医药生物,shkc,C,2022-08-02,[],0,0,buy,A+,,33.516,62.244,12.8,buy,2028-06-28,1.748,4.399,1202.06,17898.74,2.17,-6.68,,0,14:59:20,00,Y,N,0,0,Y,,2023-01-04 开始转股,计算使用1.8年期 评级为A+ 债参考YTM：4.2349,N,4.4,全价：126.008 最后更新：14:59:20,,,,0,{'M': ''},0,0,N,,,buy,buy
2026-09-29 14:14:13,118066,统联转债,tlzz,125.137,0.12,688210,统联精密,tljm,27.45,0.22,3.52,55.96,49.05,0,155.11,280.25,270504,电子,shkc,C,2026-03-20,[],0,0,buy,AA-,,39.172,72.748,12.9,buy,2032-03-02,5.427,5.76,1140.36,5685.61,1.58,-1.77,,0,14:58:30,00,Y,N,0,0,Y,,2026-09-07 开始转股,计算使用5.5年期 评级为AA- 债参考YTM：2.4724,N,5.76,全价：125.137 最后更新：14:58:30,,,,0,{'M': ''},0,0,N,,,buy,buy
2026-09-29 14:14:13,123250,嘉益转债,jyzz,120.682,-0.01,301004,嘉益股份,jygf,36.49,-4.68,2.73,78.88,46.26,0,160.88,281.56,360311,轻工制造,szcy,C,2024-11-26,[],0,0,buy,A+,,55.216,102.544,8.0,buy,2030-11-07,4.11,3.955,13813.33,11932.32,28.95,-0.41,,0,15:34:39,00,Y,N,0,0,Y,,2025-05-13 开始转股,计算使用4.2年期 评级为A+ 债参考YTM：4.6054,N,3.979,全价：120.682 最后更新：15:34:39,,,,0,{'M': ''},0,0,N,,,buy,buy
2026-09-29 14:14:13,113650,博22转债,b22zz,119.005,0.42,603916,苏博特,sbt,10.43,0.68,1.01,23.27,44.82,0,165.51,284.52,220309,基础化工,shmb,C,2022-07-28,[],0,0,buy,AA-,,16.289,30.251,18.2,buy,2028-07-01,1.756,7.996,1569.26,4134.88,1.65,-0.97,,0,14:59:48,00,Y,N,0,0,Y,,2023-01-09 开始转股,计算使用1.8年期 评级为AA- 债参考YTM：1.8885,N,8.0,全价：119.005 最后更新：14:59:48,,,,0,{'M': ''},0,0,N,,,buy,buy
2026-09-29 14:14:13,127098,欧晶转债,ojzz,120.65,-0.55,001269,欧晶科技,ojkj,19.03,-2.16,5.03,42.0,45.31,0,166.28,286.93,630504,电力设备,szmb,C,2023-12-15,[],0,0,buy,A+,,29.4,54.6,12.8,buy,2029-11-24,3.156,4.693,1401.56,5284.99,2.47,-1.24,,0,15:34:06,00,Y,N,1,1,Y,转股价下修1次，成功下修1次,2024-05-30 开始转股,计算使用3.2年期 评级为A+ 债参考YTM：4.5146,N,4.7,全价：120.650 最后更新：15:34:06,,,,0,[],0,0,N,,,buy,buy
2026-09-29 14:14:13,123180,浙矿转债,zkzz,127.109,0.07,300837,浙矿股份,zkgf,22.63,1.75,1.58,47.59,47.55,0,167.31,294.42,640203,机械设备,szcy,C,2023-03-28,[],0,0,buy,AA-,,33.313,61.867,18.7,buy,2029-03-09,2.444,3.196,1023.46,3195.12,2.52,-2.88,,0,15:34:27,00,Y,N,0,0,Y,,2023-09-15 开始转股,计算使用2.5年期 评级为AA- 债参考YTM：2.0235,N,3.2,全价：127.109 最后更新：15:34:27,,,,0,[],0,0,N,,,buy,buy
2026-09-29 14:14:13,123117,健帆转债,jfzz,109.445,0.02,300529,健帆生物,jfsw,14.93,-0.47,3.45,38.15,39.14,0,179.66,289.11,370503,医药生物,szcy,C,2021-07-12,[],0,0,buy,AA,,26.705,49.595,13.1,buy,2027-06-23,0.732,9.998,2180.63,3837.08,1.99,0.7,,0,15:34:27,00,Y,N,2,2,Y,转股价下修2次，成功下修2次,2021-12-29 开始转股,计算使用0.8年期 评级为AA 债参考YTM：1.5308,N,10.0,全价：109.445 最后更新：15:34:27,,,,0,{'M': ''},0,0,N,,,buy,buy
2026-09-29 14:14:13,123151,康医转债,kyzz,118.12,0.13,300869,康泰医学,ktyx,11.34,-0.09,2.71,27.55,41.16,0,186.97,305.09,370502,医药生物,szcy,C,2022-07-20,[],0,0,buy,A+,,19.285,35.815,23.4,buy,2028-07-01,1.756,6.998,1098.86,3622.49,1.33,-0.3,,0,15:34:15,00,Y,N,0,0,Y,,2023-01-09 开始转股,计算使用1.8年期 评级为A+ 债参考YTM：4.2349,N,7.0,全价：118.120 最后更新：15:34:15,,,,0,{'M': ''},0,0,N,,,buy,buy
2026-09-29 14:14:13,113670,金23转债,j23zz,121.075,0.92,603180,金牌家居,jpjj,15.83,1.6,0.94,37.54,42.17,0,187.12,308.2,360308,轻工制造,shmb,C,2023-05-16,[],0,0,buy,AA,,26.278,48.802,31.5,buy,2029-04-17,2.551,7.7,1283.93,1515.66,1.38,-0.92,,0,14:59:35,00,Y,N,0,0,Y,,2023-10-23 开始转股,计算使用2.6年期 评级为AA 债参考YTM：1.6708,N,7.7,全价：121.075 最后更新：14:59:35,,,,0,[],0,0,N,,,buy,buy
2026-09-29 14:14:13,113049,长汽转债,cqzz,106.016,-0.08,601633,长城汽车,ccqc,13.66,-0.94,1.34,38.74,35.26,0,200.66,306.68,280502,汽车,shmb,C,2021-07-08,[],0,0,buy,AAA,,27.118,50.362,4.1,buy,2027-06-10,0.696,34.95,3513.51,16120.68,0.95,1.34,,0,14:59:23,00,Y,N,0,0,Y,,2021-12-17 开始转股,计算使用0.7年期 评级为AAA 债参考YTM：1.4958,N,35.0,全价：106.016 最后更新：14:59:23,,,,1,{'M': ''},0,0,N,,,buy,buy
2026-09-29 14:14:13,113660,寿22转债,s22zz,121.446,-0.01,603896,寿仙谷,sxg,14.69,-0.68,1.27,36.84,39.88,0,204.57,326.02,370201,医药生物,shmb,C,2022-12-12,[],0,0,buy,AA-,,25.788,47.892,13.7,buy,2028-11-17,2.137,3.977,826.19,1461.79,1.71,-2.37,,0,14:59:30,00,Y,N,0,0,Y,,2023-05-23 开始转股,计算使用2.2年期 评级为AA- 债参考YTM：1.9614,N,3.98,全价：121.446 最后更新：14:59:30,,,,0,[],0,0,N,,,buy,buy
2026-09-29 14:14:13,118032,建龙转债,jlzz,121.273,0.17,688357,建龙微纳,jlwn,26.88,0.75,1.46,71.41,37.64,0,222.18,343.45,220309,基础化工,shkc,C,2023-04-07,[],0,0,buy,AA-,,49.987,92.833,26.0,buy,2029-03-08,2.441,6.999,928.75,1795.92,1.1,-0.96,,0,14:59:06,00,Y,N,0,0,Y,,2023-09-14 开始转股,计算使用2.5年期 评级为AA- 债参考YTM：2.0235,N,7.0,全价：121.273 最后更新：14:59:06,,,,0,{'M': ''},0,0,N,,,buy,buy
2026-09-29 14:14:13,123273,三江转债,sjzz,306.0,0.43,301059,金三江,jsj,13.0,-0.38,4.5,14.43,90.09,86,239.66,545.66,220309,基础化工,szcy,C,2026-07-03,[],0,0,buy,A+,,10.101,18.759,10.8,buy,2032-06-16,5.718,2.9,27027.92,2969.78,30.54,-15.41,,0,15:34:09,00,Y,N,0,0,Y,,未到转股期；2026-12-24 开始转股,计算使用5.8年期 评级为A+ 债参考YTM：4.9798,N,2.9,全价：306.000 最后更新：15:34:09,,,,0,{'M': ''},0,0,N,,,buy,buy
2026-09-29 14:14:13,128135,洽洽转债,qqzz,114.888,0.03,002557,洽洽食品,qqsp,18.12,-1.74,1.8,54.95,32.98,0,248.4,363.29,340801,食品饮料,szmb,C,2020-11-18,[],0,0,buy,AA,,38.465,71.435,14.7,buy,2026-10-20,0.058,13.398,1922.9,10475.95,1.25,1.78,,0,15:34:06,00,Y,N,0,0,Y,,2021-04-26 开始转股,计算使用0.1年期 评级为AA 债参考YTM：1.4900,N,13.4,全价：114.888 最后更新：15:34:06,,,,1,"{'R': '到期\n最后交易日：2026-10-14\n最后转股日：2026-10-19\n债券到期日：2026-10-20\n到期赎回价：115.000元/张', 'M': ''}",0,0,N,,,buy,buy
2026-09-29 14:14:13,123072,乐歌转债,lgzz,119.8,0.0,300729,乐歌股份,lggf,11.15,-0.45,1.06,32.61,34.19,0,250.37,370.17,360311,轻工制造,szcy,C,2020-11-10,[],0,0,buy,A+,,22.827,42.393,3.9,buy,2026-10-21,0.06,1.418,1440.52,3395.37,8.48,2.9,,0,15:34:06,00,Y,N,0,0,Y,,2021-04-27 开始转股,计算使用0.1年期 评级为A+ 债参考YTM：3.9723,N,1.42,全价：119.800 最后更新：15:34:06,,,,0,{'R': '到期\n最后交易日：2026-10-15\n最后转股日：2026-10-20\n债券到期日：2026-10-21\n到期赎回价：120.000元/张'},0,0,N,,,buy,buy
2026-09-29 14:14:13,110085,通22转债,t22zz,112.252,0.15,600438,通威股份,twgf,11.07,0.09,1.48,34.6,31.99,0,250.85,363.1,630501,电力设备,shmb,C,2022-03-18,[],0,0,buy,AAA,,24.22,44.98,24.0,buy,2028-02-24,1.406,119.831,4357.35,28430.17,0.32,-0.94,,0,14:59:50,00,Y,N,0,0,Y,,2022-09-02 开始转股,计算使用1.5年期 评级为AAA 债参考YTM：1.5349,N,120.0,全价：112.252 最后更新：14:59:50,,,,0,{'M': ''},0,0,N,,,buy,buy
2026-09-29 14:14:13,118005,天奈转债,tnzz,121.445,0.78,688116,天奈科技,tnkj,33.73,4.56,3.18,99.01,34.07,0,256.49,377.94,630702,电力设备,shkc,C,2022-03-01,[],0,0,buy,AA-,,69.307,128.713,6.7,buy,2028-01-27,1.329,8.299,1920.85,25789.12,1.91,-6.12,,0,15:00:00,00,Y,N,0,0,Y,,2022-08-09 开始转股,计算使用1.4年期 评级为AA- 债参考YTM：1.8185,N,8.3,全价：121.445 最后更新：15:00:00,,,,0,{'M': ''},0,0,N,,,buy,buy
2026-09-29 14:14:13,127025,冀东转债,jdzz,105.81,-0.02,000401,金隅冀东,jyjd,3.59,2.28,0.36,12.92,27.79,0,280.8,386.61,610101,建筑材料,szmb,C,2020-12-02,[],0,0,buy,AAA,,9.044,16.796,18.8,buy,2026-11-05,0.101,17.764,2971.08,4126.72,1.58,1.82,,0,15:33:54,00,Y,Y,0,0,Y,,2021-05-11 开始转股,计算使用0.2年期 评级为AAA 债参考YTM：1.4600,N,28.2,全价：105.810 最后更新：15:33:54,,,,0,"{'R': '到期\n最后交易日：2026-10-30\n最后转股日：2026-11-04\n', 'M': ''}",0,0,N,,,buy,buy
2026-09-29 14:14:13,113633,科沃转债,kwzz,111.193,0.19,603486,科沃斯,kws,49.22,-2.34,2.8,172.97,28.46,0,290.76,401.95,330302,家用电器,shmb,C,2021-12-29,[],0,0,buy,AA,,121.079,224.861,3.7,buy,2027-11-30,1.17,10.396,2056.08,17612.72,1.78,0.47,,0,14:59:56,00,Y,N,0,0,Y,,2022-06-06 开始转股,计算使用1.2年期 评级为AA 债参考YTM：1.5458,N,10.4,全价：111.193 最后更新：14:59:56,,,,0,{'M': ''},0,0,N,,,buy,buy
2026-09-29 14:14:13,123270,盛德转债,sdzz,220.686,3.95,300881,盛德鑫泰,sdxt,30.0,0.64,2.48,53.68,55.89,69,294.88,515.57,230501,钢铁,szcy,C,2026-06-12,[],0,0,buy,A+,,37.576,69.784,23.5,buy,2032-05-31,5.674,4.05,37337.07,1853.4,42.37,-10.59,,0,15:33:54,00,Y,N,0,0,Y,,未到转股期；2026-12-07 开始转股,计算使用5.7年期 评级为A+ 债参考YTM：4.9287,N,4.05,全价：220.686 最后更新：15:33:54,,,,0,{'M': ''},0,0,N,,,buy,buy
2026-09-29 14:14:13,123179,立高转债,lgzz,120.712,0.23,300973,立高食品,lgsp,25.44,-0.27,1.59,94.64,26.88,0,349.06,469.77,340802,食品饮料,szcy,C,2023-03-27,[],0,0,buy,AA-,,66.248,123.032,31.5,buy,2029-03-07,2.438,9.499,2399.27,4537.7,2.1,-0.67,,0,15:34:24,00,Y,N,0,0,Y,,2023-09-13 开始转股,计算使用2.5年期 评级为AA- 债参考YTM：2.0235,N,9.5,全价：120.712 最后更新：15:34:24,,,,0,{'M': ''},0,0,N,,,buy,buy
2026-09-29 14:14:13,113059,福莱转债,flzz,116.198,0.89,601865,福莱特,flt,9.1,0.0,0.98,41.56,21.9,0,430.68,546.88,630504,电力设备,shmb,C,2022-06-13,[],0,0,buy,AA,,29.092,54.028,23.1,buy,2028-05-20,1.641,39.996,2026.22,6042.11,0.44,-1.28,,0,14:59:50,00,Y,N,1,0,Y,转股价下修1次，成功下修0次,2022-11-28 开始转股,计算使用1.7年期 评级为AA 债参考YTM：1.5936,N,40.0,全价：116.198 最后更新：14:59:50,,,,0,{'M': ''},0,0,N,,,buy,buy
