抓取时间,bond_id,bond_nm,bond_py,price,increase_rt,stock_id,stock_nm,stock_py,sprice,sincrease_rt,pb,convert_price,convert_value,convert_begin,premium_rt,dblow,sw_cd,sw_name,market_cd,btype,list_dt,t_flag,owned,hold,bond_value,rating_cd,option_value,put_convert_price,force_redeem_price,convert_amt_ratio,fund_rt,maturity_dt,year_left,curr_iss_amt,volume,svolume,turnover_rt,ytm_rt,put_ytm_rt,noted,last_time,qstatus,sqflag,pb_flag,adj_cnt,adj_scnt,convert_price_valid,convert_price_tips,convert_cd_tip,ref_yield_info,adjusted,orig_iss_amt,price_tips,redeem_dt,real_force_redeem_price,option_tip,after_next_put_dt,icons,is_min_price,blocked,putting,force_redeem_price_tip,notes,volatility_rate,debt_rate
2026-05-19 10:47:38,123121,帝尔转债,dezz,196.069,1.46,300776,帝尔激光,dejg,144.63,1.35,9.71,73.56,196.62,0,-0.28,195.79,630505,电力设备,szcy,C,2021-08-27,[],0,0,buy,AA-,,51.492,95.628,2.0,buy,2027-08-05,,4.915,198605.74,196730.21,207.33,,,0,15:34:39,00,Y,N,0,0,Y,,2022-02-11 开始转股,强赎登记日2026-05-28，赎回价格102.068元，如不考虑强赎纯债价值为114.87元，计算使用1.3年期 评级为AA- 债参考YTM：1.9223,N,8.4,全价：196.069 最后更新：15:34:39,2026-05-28,102.068,如不考虑强赎期权价值为103.87元,1,"{'R': '最后交易日 2026年5月28日\r\n最后转股日 2026年6月2日\r\n赎回价 102.068元/张', 'M': ''}",0,0,N,,,buy,buy
2026-05-19 10:47:38,127024,盈峰转债,yfzz,173.3,1.76,000967,盈峰环境,yfhj,13.33,1.76,2.52,7.67,173.79,0,-0.28,173.02,760201,环保,szmb,C,2020-12-02,[],0,0,buy,AA+,,5.369,9.971,1.1,buy,2026-11-04,,4.907,74535.87,188667.72,88.34,,,0,15:34:15,00,Y,N,0,0,Y,,2021-05-10 开始转股,强赎登记日2026-05-25，赎回价格101.129元，如不考虑强赎纯债价值为109.26元，计算使用0.5年期 评级为AA+ 债参考YTM：1.4650,N,14.762,全价：173.300 最后更新：15:34:15,2026-05-25,101.129,如不考虑强赎期权价值为75.28元,1,"{'R': '最后交易日 2026年5月25日\r\n最后转股日 2026年5月28日\r\n赎回价 101.129元/张', 'M': ''}",0,0,N,,,buy,buy
2026-05-19 10:47:38,123236,家联转债,jlzz,166.1,2.54,301193,家联科技,jlkj,25.51,2.2,4.07,15.33,166.41,0,-0.18,165.92,360311,轻工制造,szcy,C,2024-01-18,[],0,0,buy,AA-,,10.731,19.929,1.8,buy,2029-12-22,,0.827,80143.3,31016.54,571.85,,,0,15:34:18,00,Y,N,1,1,Y,转股价下修1次，成功下修1次,2024-06-28 开始转股,强赎登记日2026-05-22，赎回价格100.344元，如不考虑强赎纯债价值为109.09元，计算使用3.6年期 评级为AA- 债参考YTM：2.5168,N,7.5,全价：166.100 最后更新：15:34:18,2026-05-22,100.344,如不考虑强赎期权价值为96.97元,0,"{'R': '最后交易日：2026年5月22日\r\n最后转股日：2026年5月27日\r\n赎回价：100.344元/张', 'M': ''}",0,0,N,,,buy,buy
2026-05-19 10:47:38,127066,科利转债,klzz,137.665,-1.59,002850,科达利,kdl,204.97,0.92,4.07,148.7,137.84,0,-0.13,137.54,630701,电力设备,szmb,C,2022-08-03,[],0,0,buy,AA,,104.09,193.31,3.8,buy,2028-07-08,,15.332,85937.35,100801.14,41.01,,,0,15:33:57,00,Y,N,0,0,Y,,2023-01-16 开始转股,强赎登记日2026-06-09，赎回价格101.405元，如不考虑强赎纯债价值为109.33元，计算使用2.2年期 评级为AA 债参考YTM：1.7194,N,15.344,全价：137.665 最后更新：15:33:57,2026-06-09,101.405,如不考虑强赎期权价值为56.34元,0,"{'R': '最后交易日 2026年6月9日\r\n最后转股日 2026年6月12日\r\n赎回价 101.405元/张', 'M': ''}",0,0,N,,,buy,buy
2026-05-19 10:47:38,111013,新港转债,xgzz,129.632,2.4,605162,新中港,xzg,11.25,2.18,3.49,8.67,129.76,0,-0.1,129.53,410104,公用事业,shmb,C,2023-05-05,[],0,0,buy,AA-,,6.069,11.271,4.9,buy,2029-03-08,,2.282,39501.93,13204.68,134.17,,,0,15:00:00,00,Y,N,0,0,Y,,2023-09-14 开始转股,强赎登记日2026-05-27，赎回价格100.353元，如不考虑强赎纯债价值为111.31元，计算使用2.9年期 评级为AA- 债参考YTM：2.3588,N,3.691,全价：129.632 最后更新：15:00:00,2026-05-27,100.353,如不考虑强赎期权价值为55.75元,0,{'R': '最后交易日 2026年5月27日\r\n最后转股日 2026年6月1日\r\n赎回价 100.3534元/张'},0,0,N,,,buy,buy
2026-05-19 10:47:38,111005,富春转债,fczz,145.43,-1.05,605189,富春染织,fcrz,17.43,-1.36,1.7,11.98,145.49,0,-0.04,145.39,350104,纺织服饰,shmb,C,2022-07-25,[],0,0,buy,AA-,,8.386,15.574,5.8,buy,2028-06-23,,2.235,32397.98,26307.26,98.84,,,0,14:59:59,00,Y,N,1,1,Y,转股价下修1次，成功下修1次,2022-12-29 开始转股,强赎登记日2026-05-25，赎回价格101.397元，如不考虑强赎纯债价值为106.99元，计算使用2.1年期 评级为AA- 债参考YTM：2.0747,N,5.7,全价：145.430 最后更新：14:59:59,2026-05-25,101.397,如不考虑强赎期权价值为61.49元,0,{'R': '最后交易日 2026年5月25日\r\n最后转股日 2026年5月28日\r\n赎回价 101.3973元/张'},0,0,N,,,buy,buy
2026-05-19 10:47:38,118033,华特转债,htzz,213.224,-1.91,688268,华特气体,htqt,176.44,-1.95,10.57,82.75,213.22,0,0.0,213.22,270601,电子,shkc,C,2023-04-14,[],0,0,buy,AA-,,57.925,107.575,1.8,buy,2029-03-21,2.841,3.975,235551.47,148075.62,276.73,-18.91,,0,15:00:00,00,Y,N,0,0,Y,,2023-09-27 开始转股,已公告要强赎，如不考虑强赎纯债价值为111.02元，计算使用2.9年期 评级为AA- 债参考YTM：2.3588,N,6.46,全价：213.224 最后更新：15:00:00,,,如不考虑强赎期权价值为139.55元,0,"{'O': '', 'M': ''}",0,0,N,,,buy,buy
2026-05-19 10:47:38,123243,严牌转债,ypzz,261.188,0.46,301081,严牌股份,ypgf,18.94,-0.05,3.86,7.27,260.52,0,0.26,261.45,760201,环保,szcy,C,2024-07-26,[],0,0,buy,A+,,5.089,9.451,6.8,buy,2030-07-10,4.145,2.843,122911.63,25153.0,162.88,-17.57,,0,15:34:00,00,Y,N,0,0,Y,,2025-01-16 开始转股,计算使用4.2年期 评级为A+ 债参考YTM：4.9675,N,4.679,全价：261.188 最后更新：15:34:00,,,,0,{'M': ''},0,0,N,,,buy,buy
2026-05-19 10:47:38,123126,瑞丰转债,rfzz,160.239,-3.11,300243,瑞丰高材,rfgc,18.6,-3.63,4.17,11.64,159.79,0,0.28,160.52,220501,基础化工,szcy,C,2021-10-18,[],0,0,buy,A,,8.148,15.132,2.6,buy,2027-09-10,,1.022,45552.2,44065.12,272.3,,,0,15:34:45,00,Y,N,1,1,Y,转股价下修1次，成功下修1次,2022-03-16 开始转股,强赎登记日2026-05-26，赎回价格102.532元，如不考虑强赎纯债价值为113.76元，计算使用1.4年期 评级为A 债参考YTM：6.6272,N,3.4,全价：160.239 最后更新：15:34:45,2026-05-26,102.532,如不考虑强赎期权价值为69.93元,1,{'R': '最后交易日 2026年5月26日\r\n最后转股日 2026年5月29日\r\n赎回价 102.532元/张'},0,0,N,,,buy,buy
2026-05-19 10:47:38,118041,星球转债,xqzz,159.362,0.73,688633,星球石墨,xqsm,36.69,0.77,2.93,23.14,158.56,0,0.51,159.87,640203,机械设备,shkc,C,2023-08-22,[],0,0,buy,A+,,16.198,30.082,9.7,buy,2029-07-31,3.203,5.244,60088.3,23795.38,71.65,-8.83,,0,14:59:59,00,Y,N,0,0,Y,,2024-02-05 开始转股,如不考虑强赎纯债价值为102.99元，计算使用3.3年期 评级为A+ 债参考YTM：4.8249,N,6.2,全价：159.362 最后更新：14:59:59,,,,0,"{'B': '', 'M': ''}",0,0,N,,,buy,buy
2026-05-19 10:47:38,118057,甬矽转债,yxzz,182.454,6.7,688362,甬矽电子,yxdz,51.43,8.27,7.99,28.36,181.35,0,0.61,183.06,270107,电子,shkc,C,2025-07-16,[],0,0,buy,A+,,19.852,36.868,5.5,buy,2031-06-26,5.107,11.641,104287.46,176678.25,50.73,-8.32,,0,15:00:00,00,Y,N,0,0,Y,,2026-01-05 开始转股,计算使用5.2年期 评级为A+ 债参考YTM：5.1729,N,11.65,全价：182.454 最后更新：15:00:00,,,,0,{'M': ''},0,0,N,,,buy,buy
2026-05-19 10:47:38,123054,思特转债,stzz,188.172,20.0,300608,思特奇,stq,18.46,20.03,4.74,9.88,186.84,0,0.71,188.88,710401,计算机,szcy,C,2020-07-06,[],0,0,buy,AA-,,6.916,12.844,1.5,buy,2026-06-10,,0.823,149616.4,98535.9,1040.6,,,0,15:34:27,00,Y,N,0,0,Y,,2020-12-16 开始转股,强赎登记日2026-05-25，赎回价格102.900元，如不考虑强赎纯债价值为114.89元，计算使用0.1年期 评级为AA- 债参考YTM：1.6422,N,2.71,全价：188.172 最后更新：15:34:27,2026-05-25,102.900,如不考虑强赎期权价值为86.95元,1,{'R': '最后交易日 2026年5月25日\r\n最后转股日 2026年5月28日\r\n赎回价 102.90元/张'},0,0,N,,,buy,buy
2026-05-19 10:47:38,127041,弘亚转债,hyzz,125.501,0.44,002833,弘亚数控,hysk,21.16,-0.66,2.94,17.0,124.47,0,0.83,126.33,640209,机械设备,szmb,C,2021-08-10,[],0,0,buy,AA-,,11.9,22.1,9.0,buy,2026-07-12,0.148,5.533,9923.33,17171.16,14.41,-55.52,,0,15:33:57,00,Y,N,1,1,Y,转股价下修1次，成功下修1次,2022-01-17 开始转股,计算使用0.2年期 评级为AA- 债参考YTM：1.6594,N,6.0,全价：125.501 最后更新：15:33:57,,,,1,[],0,0,N,,,buy,buy
2026-05-19 10:47:38,113644,艾迪转债,adzz,142.541,-0.24,603638,艾迪精密,adjm,26.27,0.81,5.73,18.65,140.86,0,1.19,143.73,640602,机械设备,shmb,C,2022-05-12,[],0,0,buy,AA-,,13.055,24.245,4.6,buy,2028-04-15,1.91,9.999,16498.38,20904.98,11.59,-9.92,,0,14:59:54,00,Y,N,1,1,Y,转股价下修1次，成功下修1次,2022-11-18 开始转股,计算使用2.0年期 评级为AA- 债参考YTM：2.0512,N,10.0,全价：142.541 最后更新：14:59:54,,,,1,{'M': ''},0,0,N,,,buy,buy
2026-05-19 10:47:38,123061,航新转债,hxzz,133.8,2.18,300424,航新科技,hxkj,19.57,2.68,6.53,14.82,132.05,0,1.32,135.12,650201,国防军工,szcy,C,2020-08-18,[],0,0,buy,BBB,,10.374,19.266,3.5,buy,2026-07-22,0.175,1.673,6233.25,22121.85,28.23,-68.42,,0,15:34:30,00,Y,N,0,0,Y,,2021-01-28 开始转股,计算使用0.2年期 评级为BBB 债参考YTM：14.6957,N,2.5,全价：133.800 最后更新：15:34:30,,,,1,[],0,0,N,,,buy,buy
2026-05-19 10:47:38,123198,金埔转债,jpzz,140.969,-0.21,301098,金埔园林,jpyl,10.48,-1.13,1.82,7.55,138.81,0,1.56,142.53,620307,建筑装饰,szcy,C,2023-07-07,[],0,0,buy,A,,5.285,9.815,20.6,buy,2029-06-08,3.058,3.238,6418.37,10927.29,14.09,-5.23,,0,15:34:15,00,Y,N,1,1,Y,转股价下修1次，成功下修1次,2023-12-14 开始转股,计算使用3.1年期 评级为A 债参考YTM：7.1264,N,5.2,全价：140.969 最后更新：15:34:15,,,,0,{'M': ''},0,0,N,,,buy,buy
2026-05-19 10:47:38,113597,佳力转债,jlzz,134.762,2.15,603912,佳力图,jlt,11.46,1.96,3.51,8.68,132.03,0,2.07,136.83,640105,机械设备,shmb,C,2020-08-21,[],0,0,buy,AA-,,6.076,11.284,4.8,buy,2026-07-30,0.197,2.97,23035.55,32771.19,58.43,-63.95,,0,14:59:59,00,Y,N,1,1,Y,转股价下修1次，成功下修1次,2021-02-05 开始转股,计算使用0.2年期 评级为AA- 债参考YTM：1.6594,N,3.0,全价：134.762 最后更新：14:59:59,,,,1,[],0,0,N,,,buy,buy
2026-05-19 10:47:38,123207,冠中转债,gzzz,228.0,3.99,300948,冠中生态,gzst,23.32,3.83,3.86,10.44,223.37,0,2.07,230.07,620307,建筑装饰,szcy,C,2023-08-09,[],0,0,buy,A-,,7.308,13.572,5.2,buy,2029-07-21,3.175,1.83,27342.92,11732.91,66.61,-18.61,,0,15:34:12,00,Y,N,1,1,Y,转股价下修1次，成功下修1次,2024-01-29 开始转股,计算使用3.2年期 评级为A- 债参考YTM：9.5030,N,4.0,全价：228.000 最后更新：15:34:12,,,,0,"{'G': '本次（2026年1月29日至2026年2月26日）不提前赎回，自2026年5月26日后首个交易日重新计算', 'M': ''}",0,0,N,,,buy,buy
2026-05-19 10:47:38,111010,立昂转债,lazz,167.869,12.92,605358,立昂微,law,55.17,10.01,5.14,33.59,164.25,0,2.21,170.08,270103,电子,shmb,C,2022-12-07,[],0,0,buy,AA,,23.513,43.667,8.2,buy,2028-11-14,2.493,30.729,263244.7,337600.48,53.78,-14.2,,0,15:00:00,00,Y,N,1,1,Y,转股价下修1次，成功下修1次,2023-05-18 开始转股,计算使用2.5年期 评级为AA 债参考YTM：1.7624,N,33.9,全价：167.869 最后更新：15:00:00,,,,0,{'M': ''},0,0,N,,,buy,buy
2026-05-19 10:47:38,128137,洁美转债,jmzz,219.8,8.87,002859,洁美科技,jmkj,56.78,8.46,7.7,26.46,214.59,0,2.43,222.23,270401,电子,szmb,C,2020-12-01,[],0,0,buy,AA-,,18.522,34.398,2.6,buy,2026-11-04,0.463,5.909,136989.62,114662.19,108.59,-106.55,,0,15:34:18,00,Y,N,0,0,N,2026-05-18 起暂停转股：权益分派,2021-05-10 开始转股;2026-05-18 起暂停转股：权益分派,计算使用0.5年期 评级为AA- 债参考YTM：1.7350,N,6.0,全价：219.800 最后更新：15:34:18,,,,1,{'M': ''},0,0,N,,,buy,buy
2026-05-19 10:47:38,127026,超声转债,cszz,136.176,-0.09,000823,超声电子,csdz,15.95,-1.91,1.74,12.02,132.7,0,2.62,138.8,270202,电子,szmb,C,2021-01-14,[],0,0,buy,AA,,8.414,15.626,8.2,buy,2026-12-08,0.556,6.995,14746.11,41816.16,15.64,-37.39,,0,15:34:18,00,Y,N,0,0,Y,,2021-06-15 开始转股,计算使用0.6年期 评级为AA 债参考YTM：1.4911,N,7.0,全价：136.176 最后更新：15:34:18,,,,1,{'M': ''},0,0,N,,,buy,buy
2026-05-19 10:47:38,118016,京源转债,jyzz,184.127,5.95,688096,京源环保,jyhb,12.35,4.48,3.45,6.91,178.73,0,3.02,187.15,760102,环保,shkc,C,2022-08-25,[],0,0,buy,A,,4.837,8.983,5.7,buy,2028-08-05,2.216,1.675,47049.59,18690.93,156.34,-18.09,,0,14:59:59,00,Y,N,0,0,Y,,2023-02-13 开始转股,计算使用2.3年期 评级为A 债参考YTM：6.8261,N,3.325,全价：184.127 最后更新：14:59:59,,,,0,{'M': ''},0,0,N,,,buy,buy
2026-05-19 10:47:38,123188,水羊转债,syzz,201.135,2.92,300740,水羊股份,sygf,26.4,3.65,4.55,13.54,194.98,0,3.16,204.3,770202,美容护理,szcy,C,2023-04-25,[],0,0,buy,A+,,9.478,17.602,6.7,buy,2029-04-04,2.88,6.422,32435.19,39880.41,25.03,-16.84,,0,15:34:45,00,Y,N,0,0,Y,,2023-10-11 开始转股,计算使用2.9年期 评级为A+ 债参考YTM：4.7077,N,6.95,全价：201.135 最后更新：15:34:45,,,,0,"{'G': '本次（2026年3月2日至2026年3月20日）不提前赎回，自2026年6月20日后首个交易日重新计算', 'M': ''}",0,0,N,,,buy,buy
2026-05-19 10:47:38,118018,瑞科转债,rkzz,153.555,-2.11,688323,瑞华泰,rht,31.1,-6.13,6.67,21.0,148.1,0,3.69,157.25,220505,基础化工,shkc,C,2022-09-14,[],0,0,buy,A,,14.7,27.3,6.9,buy,2028-08-18,2.252,3.918,38641.01,39723.51,64.97,-12.85,,0,15:00:00,00,Y,N,1,1,Y,转股价下修1次，成功下修1次,2023-02-24 开始转股,计算使用2.3年期 评级为A 债参考YTM：6.8261,N,4.3,全价：153.555 最后更新：15:00:00,,,,0,{'M': ''},0,0,N,,,buy,buy
2026-05-19 10:47:38,111023,利柏转债,lbzz,164.783,1.76,605167,利柏特,lbt,19.29,0.1,4.18,12.14,158.9,0,3.7,168.48,620402,建筑装饰,shmb,C,2025-07-22,[],0,0,buy,AA,,8.498,15.782,8.7,buy,2031-07-03,5.126,7.496,11606.91,7928.33,9.53,-7.02,,0,14:59:55,00,Y,N,0,0,Y,,2026-01-09 开始转股,计算使用5.2年期 评级为AA 债参考YTM：2.1645,N,7.5,全价：164.783 最后更新：14:59:55,,,,0,[],0,0,N,,,buy,buy
2026-05-19 10:47:38,110077,洪城转债,hczz,221.945,1.56,600461,洪城环境,hchj,10.42,1.17,1.3,4.88,213.53,0,3.94,225.89,760102,环保,shmb,C,2020-12-17,[],0,0,buy,AA+,,3.416,6.344,5.0,buy,2026-11-20,0.507,6.685,5959.6,7659.84,4.04,-100.06,,0,14:59:50,00,Y,N,0,0,Y,,2021-05-26 开始转股,计算使用0.6年期 评级为AA+ 债参考YTM：1.4711,N,18.0,全价：221.945 最后更新：14:59:50,,,,1,"{'G': '本次（2025年6月22日至2025年7月11日）不提前赎回，以2026年7月12日为首个交易日重新计算', 'M': ''}",0,0,N,,,buy,buy
2026-05-19 10:47:38,128121,宏川转债,hczz,118.8,-0.59,002930,宏川智慧,hczh,14.43,-2.37,3.13,12.65,114.07,0,4.15,122.95,420806,交通运输,szmb,C,2020-08-07,[],0,0,buy,AA-,,8.855,16.445,10.3,buy,2026-07-17,0.162,6.466,17378.43,22998.71,22.93,-57.21,,0,15:34:51,00,Y,N,2,2,Y,转股价下修2次，成功下修2次,2021-01-25 开始转股,计算使用0.2年期 评级为AA- 债参考YTM：1.6594,N,6.7,全价：118.800 最后更新：15:34:51,,,,0,{'M': ''},0,0,N,,,buy,buy
2026-05-19 10:47:38,113588,润达转债,rdzz,121.832,7.06,603108,润达医疗,rdyl,15.07,10.0,2.44,12.97,116.19,0,4.85,126.68,370402,医药生物,shmb,C,2020-07-13,[],0,0,buy,AA,,9.079,16.861,2.6,buy,2026-06-17,0.08,2.327,74396.18,88121.57,269.39,-137.32,,0,15:00:00,00,Y,N,0,0,Y,,2020-12-23 开始转股,计算使用0.1年期 评级为AA 债参考YTM：1.4422,N,5.5,全价：121.832 最后更新：15:00:00,,,,1,"{'R': '到期\n最后交易日：2026-06-11\n最后转股日：2026-06-16\n债券到期日：2026-06-17\n到期赎回价：109.000元/张', 'M': ''}",0,0,N,,,buy,buy
2026-05-19 10:47:38,110074,精达转债,jdzz,467.929,3.31,600577,精达股份,jdgf,14.47,2.26,4.96,3.26,443.87,0,5.42,473.35,630805,电力设备,shmb,C,2020-09-21,[],0,0,buy,AA,,2.282,4.238,0.8,buy,2026-08-19,0.252,2.637,40866.81,103971.48,33.88,-305.11,,0,14:59:56,00,Y,N,0,0,Y,,2021-02-25 开始转股,计算使用0.3年期 评级为AA 债参考YTM：1.4733,N,7.87,全价：467.929 最后更新：14:59:56,,,,1,"{'G': '本次（2025年12月19日至2026年1月12日）不提前赎回，以2026年6月13日为首个交易日重新计算', 'M': ''}",0,0,N,,,buy,buy
2026-05-19 10:47:38,123118,惠城转债,hczz,502.0,1.6,300779,惠城环保,hchb,69.25,1.85,6.48,14.59,474.64,0,5.76,507.76,760103,环保,szcy,C,2021-07-26,[],0,0,buy,A+,,10.213,18.967,0.6,buy,2027-07-07,1.134,0.656,31589.46,28710.17,97.22,-72.67,,0,15:34:39,00,Y,N,0,0,Y,,2022-01-13 开始转股,计算使用1.2年期 评级为A+ 债参考YTM：4.2339,N,3.2,全价：502.000 最后更新：15:34:39,,,,1,{'M': ''},0,0,N,,,buy,buy
2026-05-19 10:47:38,123059,银信转债,yxzz,134.95,3.1,300231,银信科技,yxkj,11.63,4.59,3.09,9.15,127.1,0,6.17,141.12,710301,计算机,szcy,C,2020-08-12,[],0,0,buy,AA-,,6.405,11.895,3.0,buy,2026-07-15,0.156,1.569,8226.01,30028.88,39.25,-81.88,,0,15:34:27,00,Y,N,0,0,Y,,2021-01-21 开始转股,计算使用0.2年期 评级为AA- 债参考YTM：1.6594,N,3.914,全价：134.950 最后更新：15:34:27,,,,1,[],0,0,N,,,buy,buy
2026-05-19 10:47:38,127079,华亚转债,hyzz,218.408,4.89,003043,华亚智能,hyzn,63.19,4.07,4.56,30.73,205.63,0,6.21,224.62,270108,电子,szmb,C,2023-01-16,[],0,0,buy,A+,,21.511,39.949,5.9,buy,2028-12-16,2.581,3.106,24813.17,39612.67,37.65,-21.24,,0,15:34:30,00,Y,N,2,2,Y,转股价下修2次，成功下修2次,2023-06-26 开始转股,计算使用2.6年期 评级为A+ 债参考YTM：4.5893,N,3.4,全价：218.408 最后更新：15:34:30,,,,0,{'G': '本次（2026年1月28日至2026年2月25日）不提前赎回，以2026年5月26日作为首个交易日重新计算'},0,0,N,,,buy,buy
2026-05-19 10:47:38,113062,常银转债,cyzz,130.497,0.23,601128,常熟银行,csyh,7.2,0.14,0.73,5.89,122.24,0,6.75,137.25,480501,银行,shmb,C,2022-10-17,[],0,0,buy,AAA,,,7.657,25.1,buy,2028-09-15,2.329,59.994,20750.34,24304.91,2.66,-7.43,,0,14:59:58,00,Y,N,0,0,Y,,2023-03-21 开始转股,计算使用2.4年期 评级为AAA 债参考YTM：1.6469,N,60.0,全价：130.497 最后更新：14:59:58,,,,0,{'M': ''},0,0,N,,,buy,buy
2026-05-19 10:47:38,110084,贵燃转债,grzz,145.703,2.47,600903,贵州燃气,gzrq,9.69,9.99,3.46,7.11,136.29,0,6.91,152.61,410301,公用事业,shmb,C,2022-01-18,[],0,0,buy,AA,,4.977,9.243,8.2,buy,2027-12-27,1.608,9.151,90609.62,56055.24,67.87,-15.31,,0,15:00:00,00,Y,N,1,1,Y,转股价下修1次，成功下修1次,2022-07-01 开始转股,计算使用1.7年期 评级为AA 债参考YTM：1.6538,N,10.0,全价：145.703 最后更新：15:00:00,,,,1,{'M': ''},0,0,N,,,buy,buy
2026-05-19 10:47:38,123183,海顺转债,hszz,144.46,0.36,300501,海顺新材,hsxc,15.71,3.9,2.82,11.63,135.08,0,6.94,151.4,360206,轻工制造,szcy,C,2023-04-20,[],0,0,buy,AA-,,8.141,15.119,28.2,buy,2029-03-23,2.847,6.329,14022.33,20534.08,15.36,-6.82,,0,15:34:42,00,Y,N,2,0,Y,转股价下修2次，成功下修0次,2023-10-09 开始转股,计算使用2.9年期 评级为AA- 债参考YTM：2.3588,N,6.33,全价：144.460 最后更新：15:34:42,,,,0,[],0,0,N,,,buy,buy
2026-05-19 10:47:38,127047,帝欧转债,dozz,171.1,0.65,002798,帝欧水华,dosh,8.14,-2.05,2.56,5.1,159.61,0,7.2,178.3,360306,轻工制造,szmb,C,2021-11-26,[],0,0,buy,A-,,3.57,6.63,11.1,buy,2027-10-25,1.436,4.655,7856.3,9762.06,10.0,-23.47,,0,15:34:21,00,Y,N,1,1,Y,转股价下修1次，成功下修1次,2022-04-29 开始转股,计算使用1.5年期 评级为A- 债参考YTM：8.9966,N,15.0,全价：171.100 最后更新：15:34:21,,,,1,{'G': '本次（2026年4月15日至2026年5月8日）不提前赎回，以2026年8月8日后首个交易日起重新计算'},0,0,N,,,buy,buy
2026-05-19 10:47:38,123251,华医转债,hyzz,360.828,4.29,301235,华康洁净,hkjj,75.3,2.17,4.26,22.43,335.71,0,7.48,368.31,370502,医药生物,szcy,C,2025-01-09,[],0,0,buy,A+,,15.701,29.159,12.8,buy,2030-12-23,4.6,7.012,78970.41,53801.78,31.82,-21.57,,0,15:34:33,00,Y,N,0,0,Y,,2025-06-27 开始转股,计算使用4.6年期 评级为A+ 债参考YTM：5.0297,N,7.5,全价：360.828 最后更新：15:34:33,,,,0,"{'G': '本次（2025年11月20日至2025年12月15日）不提前赎回，自2026年6月15日后首个交易日重新计算', 'M': ''}",0,0,N,,,buy,buy
2026-05-19 10:47:38,118011,银微转债,ywzz,149.32,1.85,688689,银河微电,yhwd,43.39,1.95,3.99,31.3,138.63,0,7.71,157.03,270102,电子,shkc,C,2022-08-02,[],0,0,buy,A+,,21.91,40.69,8.9,buy,2028-07-04,2.129,4.997,12139.95,20317.69,16.52,-10.27,,0,14:59:54,00,Y,N,0,0,Y,,2023-01-09 开始转股,计算使用2.2年期 评级为A+ 债参考YTM：4.4435,N,5.0,全价：149.320 最后更新：14:59:54,,,,0,{'M': ''},0,0,N,,,buy,buy
2026-05-19 10:47:38,127053,豪美转债,hmzz,217.872,8.33,002988,豪美新材,hmxc,34.76,10.0,3.18,17.23,201.74,0,8.0,225.87,240301,有色金属,szmb,C,2022-03-04,[],0,0,buy,AA-,,12.061,22.399,3.0,buy,2028-01-24,1.685,2.575,80094.97,34162.1,145.85,-29.9,,0,15:34:18,00,Y,N,1,1,Y,转股价下修1次，成功下修1次,2022-07-28 开始转股,计算使用1.7年期 评级为AA- 债参考YTM：1.9960,N,8.24,全价：217.872 最后更新：15:34:18,,,,1,[],0,0,N,,,buy,buy
2026-05-19 10:47:38,123245,集智转债,jzzz,380.399,1.55,300553,集智股份,jzgf,63.74,0.03,8.33,18.11,351.96,0,8.08,388.48,640107,机械设备,szcy,C,2024-08-28,[],0,0,buy,A,,12.677,23.543,2.8,buy,2030-08-14,4.241,1.538,41325.58,30963.58,72.14,-24.06,,0,15:34:30,00,Y,N,0,0,Y,,2025-02-20 开始转股,计算使用4.3年期 评级为A 债参考YTM：7.3339,N,2.546,全价：380.399 最后更新：15:34:30,,,,0,{'G': '本次（2026年1月30日至2026年2月27日）不提前赎回，自2026年6月1日后首个交易日重新计算'},0,0,N,,,buy,buy
2026-05-19 10:47:38,127096,泰坦转债,ttzz,340.5,1.64,003036,泰坦股份,ttgf,41.8,-0.62,6.02,13.27,315.0,0,8.1,348.6,640206,机械设备,szmb,C,2023-11-15,[],0,0,buy,A,,9.289,17.251,3.2,buy,2029-10-25,3.438,2.916,94436.37,49774.93,97.2,-26.51,,0,15:34:06,00,Y,N,0,0,Y,,2024-05-06 开始转股,计算使用3.5年期 评级为A 债参考YTM：7.2088,N,2.955,全价：340.500 最后更新：15:34:06,,,,0,{'G': '本次（2026年2月9日至2026年3月11日）不提前赎回，以2026年6月11日后首个交易日起重新计算'},0,0,N,,,buy,buy
2026-05-19 10:47:38,127084,柳工转2,lgz2,137.487,0.28,000528,柳工,lg,9.28,0.0,0.99,7.3,127.12,0,8.15,145.64,640601,机械设备,szmb,C,2023-04-20,[],0,0,buy,AAA,,5.11,9.49,13.1,buy,2029-03-27,2.858,24.809,16008.78,27297.07,4.71,-5.92,,0,15:34:03,00,Y,N,0,0,Y,,2023-10-09 开始转股,计算使用2.9年期 评级为AAA 债参考YTM：1.6861,N,30.0,全价：137.487 最后更新：15:34:03,,,,0,{'M': ''},0,0,N,,,buy,buy
2026-05-19 10:47:38,123160,泰福转债,tfzz,175.5,3.42,300992,泰福泵业,tfby,32.0,1.98,3.38,19.77,161.86,0,8.43,183.93,640106,机械设备,szcy,C,2022-10-25,[],0,0,buy,A,,13.839,25.701,9.3,buy,2028-09-28,2.364,2.315,96428.5,17569.86,234.12,-15.35,,0,15:34:00,00,Y,N,1,1,Y,转股价下修1次，成功下修1次,2023-04-11 开始转股,计算使用2.4年期 评级为A 债参考YTM：6.8618,N,3.349,全价：175.500 最后更新：15:34:00,,,,0,{'M': ''},0,0,N,,,buy,buy
2026-05-19 10:47:38,127034,绿茵转债,lyzz,144.803,3.36,002887,绿茵生态,lyst,15.29,8.06,1.91,11.51,132.84,0,9.0,153.8,760104,环保,szmb,C,2021-05-28,[],0,0,buy,AA-,,8.057,14.963,12.9,buy,2027-04-30,0.948,4.279,22370.03,21730.3,36.35,-23.24,,0,15:34:39,00,Y,N,0,0,Y,,2021-11-11 开始转股,计算使用1.0年期 评级为AA- 债参考YTM：1.8413,N,7.12,全价：144.803 最后更新：15:34:39,,,,1,[],0,0,N,,,buy,buy
2026-05-19 10:47:38,113046,金田转债,jtzz,143.621,2.07,601609,金田股份,jtgf,13.55,1.27,2.28,10.32,131.3,0,9.39,153.01,240302,有色金属,shmb,C,2021-04-12,[],0,0,buy,AA+,,7.224,13.416,6.4,buy,2027-03-22,0.841,14.992,25980.23,133930.68,12.25,-27.83,,0,14:59:59,00,Y,N,0,0,Y,,2021-09-27 开始转股,计算使用0.9年期 评级为AA+ 债参考YTM：1.5063,N,15.0,全价：143.621 最后更新：14:59:59,,,,1,{'M': ''},0,0,N,,,buy,buy
2026-05-19 10:47:38,128127,文科转债,wkzz,114.6,0.23,002775,文科股份,wkgf,4.09,3.28,46.48,3.92,104.34,0,9.84,124.44,620307,建筑装饰,szmb,C,2020-09-11,[],0,0,buy,A-,,2.744,5.096,34.4,buy,2026-08-20,0.255,8.036,8867.24,9264.13,9.63,1.39,,0,15:33:57,00,Y,N,2,2,Y,转股价下修2次，成功下修2次,2021-03-01 开始转股,计算使用0.3年期 评级为A- 债参考YTM：8.7254,N,9.5,全价：114.600 最后更新：15:33:57,,,,1,[],0,0,N,,,buy,buy
2026-05-19 10:47:38,113056,重银转债,cyzz,127.857,0.05,601963,重庆银行,cqyh,11.05,0.91,0.6,9.5,116.32,0,9.92,137.78,480401,银行,shmb,C,2022-04-14,[],0,0,buy,AAA,,,12.35,51.4,buy,2028-03-23,1.847,115.631,20872.24,12943.99,1.41,-6.78,,0,14:59:14,00,Y,N,0,0,Y,,2022-09-30 开始转股,计算使用1.9年期 评级为AAA 债参考YTM：1.6020,N,130.0,全价：127.857 最后更新：14:59:14,,,,0,[],0,0,N,,,buy,buy
2026-05-19 10:47:38,127090,兴瑞转债,xrzz,159.292,11.39,002937,兴瑞科技,xrkj,36.76,2.08,6.98,25.5,144.16,0,10.5,169.79,280206,汽车,szmb,C,2023-08-15,[],0,0,buy,AA-,,17.85,33.15,4.2,buy,2029-07-24,3.184,4.616,132387.81,71961.03,183.48,-9.08,,0,15:34:36,00,Y,N,0,0,N,2026-05-18 起暂停转股：权益分派,2024-01-29 开始转股;2026-05-18 起暂停转股：权益分派,计算使用3.2年期 评级为AA- 债参考YTM：2.4510,N,4.62,全价：159.292 最后更新：15:34:36,,,,0,{'M': ''},0,0,N,,,buy,buy
2026-05-19 10:47:38,123091,长海转债,chzz,141.708,2.58,300196,长海股份,chgf,19.2,-1.84,1.6,14.99,128.09,0,10.64,152.35,610202,建筑材料,szcy,C,2021-01-15,[],0,0,buy,AA,,10.493,19.487,11.6,buy,2026-12-23,0.597,5.497,19133.27,37754.03,25.17,-36.45,,0,15:34:33,00,Y,N,0,0,Y,,2021-06-29 开始转股,计算使用0.6年期 评级为AA 债参考YTM：1.4911,N,5.5,全价：141.708 最后更新：15:34:33,,,,1,[],0,0,N,,,buy,buy
2026-05-19 10:47:38,123187,超达转债,cdzz,276.5,2.94,301186,超达装备,cdzb,77.4,0.0,3.88,30.98,249.84,0,10.67,287.17,280205,汽车,szcy,C,2023-04-25,[],0,0,buy,A,,21.686,40.274,3.8,buy,2029-04-04,2.88,2.242,25030.53,10972.76,41.71,-25.69,,0,15:34:09,00,Y,N,0,0,Y,,2023-10-11 开始转股,计算使用2.9年期 评级为A 债参考YTM：7.0577,N,4.69,全价：276.500 最后更新：15:34:09,,,,0,"{'G': '本次（2026年4月10日至2026年4月30日）不提前赎回，以2026年7月31日之后的首个交易日重新起算', 'M': ''}",0,0,N,,,buy,buy
2026-05-19 10:47:38,128128,齐翔转2,qxz2,118.276,-0.86,002408,齐翔腾达,qxtd,5.73,-1.38,1.48,5.37,106.7,0,10.85,129.13,750303,石油石化,szmb,C,2020-09-15,[],0,0,buy,AA,,3.759,6.981,4.3,buy,2026-08-20,0.255,6.792,6723.45,14297.68,8.4,-27.76,,0,15:34:51,00,Y,N,0,0,Y,,2021-02-26 开始转股,计算使用0.3年期 评级为AA 债参考YTM：1.4733,N,29.9,全价：118.276 最后更新：15:34:51,,,,1,{'M': ''},0,0,N,,,buy,buy
2026-05-19 10:47:38,113042,上银转债,syzz,118.841,0.85,601229,上海银行,shyh,9.16,-1.08,0.5,8.57,106.88,0,11.19,130.03,480401,银行,shmb,C,2021-02-10,[],0,0,buy,AAA,,,11.141,15.3,buy,2027-01-25,0.688,199.776,46271.55,45732.24,1.96,-8.37,,0,14:59:57,00,Y,Y,0,0,Y,,2021-07-29 开始转股,计算使用0.7年期 评级为AAA 债参考YTM：1.4559,N,200.0,全价：118.841 最后更新：14:59:57,,,,0,{'M': ''},0,0,N,,,buy,buy
2026-05-19 10:47:38,123253,永贵转债,ygzz,152.5,4.06,300351,永贵电器,ygdq,24.9,0.61,3.91,18.23,136.59,0,11.65,164.15,640501,机械设备,szcy,C,2025-03-28,[],0,0,buy,AA-,,12.761,23.699,14.9,buy,2031-03-13,4.819,9.798,28281.03,49867.88,19.25,-5.33,,0,15:34:09,00,Y,N,0,0,Y,,2025-09-19 开始转股,计算使用4.9年期 评级为AA- 债参考YTM：2.7232,N,9.8,全价：152.500 最后更新：15:34:09,,,,0,{'M': ''},0,0,N,,,buy,buy
2026-05-19 10:47:38,113631,皖天转债,wtzz,141.956,1.43,603689,皖天然气,wtrq,8.65,0.93,1.19,6.81,127.02,0,11.76,153.72,410301,公用事业,shmb,C,2021-12-10,[],0,0,buy,AA+,,4.767,8.853,13.2,buy,2027-11-08,1.474,5.958,4045.73,5410.9,4.81,-15.1,,0,14:59:22,00,Y,N,0,0,Y,,2022-05-12 开始转股,计算使用1.5年期 评级为AA+ 债参考YTM：1.6066,N,9.3,全价：141.956 最后更新：14:59:22,,,,1,[],0,0,N,,,buy,buy
2026-05-19 10:47:38,127110,广核转债,ghzz,148.999,0.7,003816,中国广核,zggh,4.89,1.87,1.96,3.67,133.24,0,11.83,160.83,410108,公用事业,szmb,C,2025-07-25,[],0,0,buy,AAA,,2.569,4.771,2.5,buy,2031-07-09,5.143,48.993,59489.91,70268.79,8.21,-5.78,,0,15:34:21,00,Y,N,0,0,Y,,2026-01-15 开始转股,计算使用5.2年期 评级为AAA 债参考YTM：1.8313,N,49.0,全价：148.999 最后更新：15:34:21,,,,0,"{'M': '', 'EX': '中国广核集团有限公司竞价、大宗减持13.16% 2026年05月18日公告'}",0,0,N,,,buy,buy
2026-05-19 10:47:38,113051,节能转债,jnzz,172.723,4.91,601016,节能风电,jnfd,5.13,2.81,1.86,3.33,154.05,0,12.12,184.84,410107,公用事业,shmb,C,2021-07-22,[],0,0,buy,AA+,,2.331,4.329,8.6,buy,2027-06-21,1.09,26.52,128254.95,243695.04,28.68,-33.22,,0,15:00:00,00,Y,N,1,0,Y,转股价下修1次，成功下修0次,2021-12-27 开始转股,如不考虑强赎纯债价值为109.97元，计算使用1.1年期 评级为AA+ 债参考YTM：1.5510,N,30.0,全价：172.723 最后更新：15:00:00,,,,1,"{'B': '', 'M': ''}",0,0,N,,,buy,buy
2026-05-19 10:47:38,127078,优彩转债,yczz,160.571,0.64,002998,优彩资源,yczy,9.24,-2.63,1.81,6.48,142.59,0,12.61,173.18,220401,基础化工,szmb,C,2023-01-09,[],0,0,buy,A+,,4.536,8.424,16.6,buy,2028-12-14,2.575,4.159,6979.37,8169.57,10.58,-11.1,,0,15:34:45,00,Y,N,0,0,N,2026-05-11 至 2026-05-19 期间暂停转股：权益分派,2023-06-20 开始转股;2026-05-11 至 2026-05-19 期间暂停转股：权益分派,计算使用2.6年期 评级为A+ 债参考YTM：4.5893,N,6.0,全价：160.571 最后更新：15:34:45,,,,0,{'G': '本次（2026年1月21日至2026年2月24日）不提前赎回，自2026年5月24日后首个交易日重新计算'},0,0,N,,,buy,buy
2026-05-19 10:47:38,128136,立讯转债,lxzz,146.0,2.26,002475,立讯精密,lxjm,72.4,-0.69,5.94,55.97,129.36,0,12.87,158.87,270504,电子,szmb,C,2020-12-02,[],0,0,buy,AA+,,39.179,72.761,0.6,buy,2026-11-03,0.46,29.982,33176.34,1023547.5,7.7,-56.89,,0,15:33:54,00,Y,N,0,0,Y,,2021-05-10 开始转股,计算使用0.5年期 评级为AA+ 债参考YTM：1.4650,N,30.0,全价：146.000 最后更新：15:33:54,,,,1,{'M': ''},0,0,N,,,buy,buy
2026-05-19 10:47:38,113686,泰瑞转债,trzz,159.613,0.79,603289,泰瑞机器,trjq,11.51,0.0,2.25,8.15,141.23,0,13.02,172.63,640209,机械设备,shmb,C,2024-07-24,[],0,0,buy,AA-,,5.705,10.595,10.0,buy,2030-07-02,4.123,3.363,13644.02,10686.88,25.58,-6.81,,0,14:59:52,00,Y,N,0,0,Y,,2025-01-08 开始转股,计算使用4.2年期 评级为AA- 债参考YTM：2.6070,N,3.378,全价：159.613 最后更新：14:59:52,,,,0,[],0,0,N,,,buy,buy
2026-05-19 10:47:38,123241,欧通转债,otzz,1076.453,0.93,300870,欧陆通,olt,410.51,-2.49,16.94,43.43,945.22,0,13.88,1090.33,630306,电力设备,szcy,C,2024-07-26,[],0,0,buy,AA-,,30.401,56.459,0.6,buy,2030-07-05,4.132,2.605,135590.18,193412.66,49.24,-42.03,,0,15:34:27,00,Y,N,0,0,N,2026-05-19 起暂停转股：权益分派,2025-01-13 开始转股;2026-05-19 起暂停转股：权益分派,计算使用4.2年期 评级为AA- 债参考YTM：2.6070,N,6.445,全价：1076.453 最后更新：15:34:27,,,,0,"{'G': '本次（2026年4月14日至2026年5月7日）不提前赎回，自2026年8月7日后首个交易日重新计算', 'M': ''}",0,0,N,,,buy,buy
2026-05-19 10:47:38,113646,永吉转债,yjzz,163.593,2.38,603058,永吉股份,yjgf,11.56,2.57,4.0,8.05,143.6,0,13.92,177.51,360205,轻工制造,shmb,C,2022-05-17,[],0,0,buy,AA-,,5.635,10.465,2.9,buy,2028-04-14,1.907,1.372,19223.06,14723.97,86.2,-18.91,,0,14:59:58,00,Y,N,0,0,Y,,2022-10-20 开始转股,计算使用2.0年期 评级为AA- 债参考YTM：2.0512,N,1.459,全价：163.593 最后更新：14:59:58,,,,1,[],0,0,N,,,buy,buy
2026-05-19 10:47:38,123076,强力转债,qlzz,139.897,1.08,300429,强力新材,qlxc,15.59,0.52,4.69,12.7,122.76,0,13.96,153.86,270601,电子,szcy,C,2020-12-04,[],0,0,buy,AA-,,8.89,16.51,8.4,buy,2026-11-19,0.504,5.276,7854.7,51458.79,10.75,-38.35,,0,15:34:30,00,Y,N,1,1,Y,转股价下修1次，成功下修1次,2021-05-25 开始转股,计算使用0.6年期 评级为AA- 债参考YTM：1.7506,N,8.5,全价：139.897 最后更新：15:34:30,,,,1,{'M': ''},0,0,N,,,buy,buy
2026-05-19 10:47:38,127103,东南转债,dnzz,181.227,7.74,002135,东南网架,dnwj,8.9,10.01,1.57,5.6,158.93,0,14.03,195.26,620401,建筑装饰,szmb,C,2024-01-24,[],0,0,buy,AA,,3.92,7.28,21.5,buy,2030-01-03,3.63,19.999,90648.6,25401.87,25.5,-12.56,,0,15:34:18,00,Y,N,0,0,Y,,2024-07-09 开始转股,计算使用3.7年期 评级为AA 债参考YTM：1.9566,N,20.0,全价：181.227 最后更新：15:34:18,,,,0,"{'G': '本次（2026年3月17日至2026年4月28日）不提前赎回，自2026年7月28日后首个交易日重新计算', 'M': ''}",0,0,N,,,buy,buy
2026-05-19 10:47:38,127040,国泰转债,gtzz,135.492,1.65,002091,江苏国泰,jsgt,9.06,1.12,0.89,7.65,118.43,0,14.41,149.9,450201,商贸零售,szmb,C,2021-08-10,[],0,0,buy,AA+,,5.355,9.945,27.5,buy,2027-07-07,1.134,39.863,9392.12,17638.03,1.75,-17.16,,0,15:34:48,00,Y,N,0,0,Y,,2022-01-13 开始转股,计算使用1.2年期 评级为AA+ 债参考YTM：1.5679,N,45.574,全价：135.492 最后更新：15:34:48,,,,1,{'M': ''},0,0,N,,,buy,buy
2026-05-19 10:47:38,127055,精装转债,jzzz,211.001,0.67,002989,中天精装,ztjz,33.99,-1.93,4.78,18.5,183.73,0,14.84,225.84,620201,建筑装饰,szmb,C,2022-03-24,[],0,0,buy,AA-,,12.95,24.05,3.3,buy,2028-02-22,1.764,2.081,40339.23,44596.75,92.66,-28.65,,0,15:34:00,00,Y,N,0,0,Y,,2022-08-29 开始转股,计算使用1.8年期 评级为AA- 债参考YTM：2.0132,N,5.77,全价：211.001 最后更新：15:34:00,,,,1,{'G': '本次（2026年2月24日至2026年3月16日）不提前赎回，自2027年3月16日后首个交易日重新计算'},0,0,N,,,buy,buy
2026-05-19 10:47:38,123131,奥飞转债,afzz,320.298,4.3,300738,奥飞数据,afsj,28.03,0.72,7.09,10.06,278.63,0,14.96,335.26,730104,通信,szcy,C,2021-12-22,[],0,0,buy,A+,,7.042,13.078,1.1,buy,2027-12-03,1.543,3.161,101742.92,305502.32,103.19,-48.21,,0,15:34:42,00,Y,N,0,0,Y,,2022-06-09 开始转股,计算使用1.6年期 评级为A+ 债参考YTM：4.3152,N,6.35,全价：320.298 最后更新：15:34:42,,,,1,"{'G': '本次（2025年10月31日至2025年11月20日）不提前赎回，以2026年5月20日后的首个交易日重新计算', 'M': ''}",0,0,N,,,buy,buy
2026-05-19 10:47:38,113058,友发转债,yfzz,137.889,1.15,601686,友发集团,yfjt,5.37,0.56,1.15,4.48,119.87,0,15.04,152.93,230403,钢铁,shmb,C,2022-04-26,[],0,0,buy,AA,,3.136,5.824,23.6,buy,2028-03-30,1.866,18.638,11994.58,2615.73,4.7,-9.87,,0,14:59:16,00,Y,N,2,2,Y,转股价下修2次，成功下修2次,2022-10-10 开始转股,计算使用1.9年期 评级为AA 债参考YTM：1.6779,N,20.0,全价：137.889 最后更新：14:59:16,,,,1,{'G': '本次（2026年1月27日至2026年2月24日）不提前赎回，自2026年5月24日后首个交易日重新计算'},0,0,N,,,buy,buy
2026-05-19 10:47:38,118025,奕瑞转债,yrzz,154.097,2.88,688301,奕瑞科技,yrkj,153.95,6.3,5.03,114.97,133.9,0,15.08,169.18,370502,医药生物,shkc,C,2022-11-18,[],0,0,buy,AA,,80.479,149.461,4.4,buy,2028-10-24,2.436,14.217,42591.78,169449.98,19.64,-12.05,,0,14:59:58,00,Y,N,1,1,Y,转股价下修1次，成功下修1次,2023-04-28 开始转股,计算使用2.5年期 评级为AA 债参考YTM：1.7624,N,14.35,全价：154.097 最后更新：14:59:58,,,,0,{'M': ''},0,0,N,,,buy,buy
2026-05-19 10:47:38,113039,嘉泽转债,jzzz,229.721,4.59,601619,嘉泽新能,jzxn,5.8,1.93,2.11,2.91,199.31,0,15.26,244.98,410107,公用事业,shmb,C,2020-09-17,[],0,0,buy,AA,,2.037,3.783,2.0,buy,2026-08-24,0.266,2.865,63911.02,27755.47,98.4,-199.35,,0,14:59:59,00,Y,N,0,0,Y,,2021-03-01 开始转股,计算使用0.3年期 评级为AA 债参考YTM：1.4733,N,13.0,全价：229.721 最后更新：14:59:59,,,,1,"{'G': '本次（2026年3月26日至2026年4月16日）不提前赎回，至到期日（2026年8月23日）均不行使赎回权利', 'M': ''}",0,0,N,,,buy,buy
2026-05-19 10:47:38,111000,起帆转债,qfzz,244.175,1.33,605222,起帆电缆,qfdl,36.69,-0.24,3.13,17.35,211.47,0,15.47,259.65,630805,电力设备,shmb,C,2021-06-17,[],0,0,buy,AA-,,12.145,22.555,6.6,buy,2027-05-24,1.014,9.992,80351.37,45246.71,33.4,-52.03,,0,15:00:00,00,Y,N,1,1,Y,转股价下修1次，成功下修1次,2021-11-29 开始转股,计算使用1.1年期 评级为AA- 债参考YTM：1.8722,N,10.0,全价：244.175 最后更新：15:00:00,,,,1,{'G': '本次（2026年3月13日至2026年4月20日）不提前赎回，以2026年10月21日为首个交易日重新起算'},0,0,N,,,buy,buy
2026-05-19 10:47:38,113605,大参转债,dszz,118.463,1.15,603233,大参林,dsl,17.79,0.0,2.57,17.35,102.54,0,15.53,133.99,370403,医药生物,shmb,C,2020-11-13,[],0,0,buy,AA,,12.145,22.555,6.9,buy,2026-10-22,0.427,14.045,8964.77,11968.22,5.43,-16.82,,0,14:59:30,00,Y,N,1,1,Y,转股价下修1次，成功下修1次,2021-04-28 开始转股,计算使用0.5年期 评级为AA 债参考YTM：1.4850,N,14.05,全价：118.463 最后更新：14:59:30,,,,1,{'M': ''},0,0,N,,,buy,buy
2026-05-19 10:47:38,113048,晶科转债,jkzz,171.845,3.57,601778,晶科科技,jkkj,6.67,1.06,1.56,4.5,148.22,0,15.94,187.79,410106,公用事业,shmb,C,2021-05-31,[],0,0,buy,AA,,3.15,5.85,6.2,buy,2027-04-23,0.929,15.456,86941.92,222213.99,33.72,-37.61,,0,15:00:00,00,Y,N,2,2,Y,转股价下修2次，成功下修2次,2021-10-29 开始转股,计算使用1.0年期 评级为AA 债参考YTM：1.5513,N,30.0,全价：171.845 最后更新：15:00:00,,,,1,"{'G': '本次（2026年3月25日至2026年5月6日）不提前赎回，以2026年8月7日为首个交易日重新计算', 'M': ''}",0,0,N,,,buy,buy
2026-05-19 10:47:38,123225,翔丰转债,xfzz,158.7,0.63,300890,翔丰华,xfh,37.5,-1.06,1.96,27.44,136.66,0,16.13,174.83,630702,电力设备,szcy,C,2023-10-26,[],0,0,buy,AA-,,19.208,35.672,13.6,buy,2029-10-10,3.397,5.585,27610.33,32997.35,31.28,-7.47,,0,15:34:06,00,Y,N,1,1,Y,转股价下修1次，成功下修1次,2024-04-16 开始转股,计算使用3.4年期 评级为AA- 债参考YTM：2.4892,N,8.0,全价：158.700 最后更新：15:34:06,,,,0,"{'G': '本次（2026年4月22日至2026年5月15日）不提前赎回，自2026年8月15日后首个交易日重新计算', 'M': ''}",0,0,N,,,buy,buy
2026-05-19 10:47:38,123247,万凯转债,wkzz,310.067,5.43,301216,万凯新材,wkxc,29.88,1.67,2.64,11.3,264.43,0,17.26,327.33,220501,基础化工,szcy,C,2024-09-05,[],0,0,buy,AA,,7.91,14.69,12.0,buy,2030-08-16,4.247,19.643,38560.06,40167.68,6.48,-21.16,,0,15:34:03,00,Y,N,0,0,Y,,2025-02-24 开始转股,计算使用4.3年期 评级为AA 债参考YTM：2.0578,N,27.0,全价：310.067 最后更新：15:34:03,,,,0,"{'G': '本次（2026年2月24日至2026年3月16日）不提前赎回，自2026年6月16日后首个交易日重新计算', 'M': ''}",0,0,N,,,buy,buy
2026-05-19 10:47:38,128125,华阳转债,hyzz,114.702,-0.2,002949,华阳国际,hygj,14.07,-1.4,1.74,14.39,97.78,0,17.31,132.01,620601,建筑装饰,szmb,C,2020-08-21,[],0,0,buy,AA-,,10.073,18.707,21.0,buy,2026-07-30,0.197,4.496,3548.83,4074.27,6.88,-7.63,,0,15:33:54,00,Y,N,2,2,Y,转股价下修2次，成功下修2次,2021-02-05 开始转股,计算使用0.2年期 评级为AA- 债参考YTM：1.6594,N,4.5,全价：114.702 最后更新：15:33:54,,,,1,[],0,0,N,,,buy,buy
2026-05-19 10:47:38,113681,镇洋转债,zyzz,142.413,1.41,603213,镇洋发展,zyfz,13.53,0.37,3.03,11.2,120.8,0,17.89,160.3,220202,基础化工,shmb,C,2024-01-17,[],0,0,buy,AA-,,7.84,14.56,9.7,buy,2029-12-29,3.616,5.797,3979.56,2122.41,4.86,-4.86,,0,14:59:54,00,Y,N,0,0,N,2026-05-15 至 2026-05-22 期间暂停转股：权益分派,2024-07-05 开始转股;2026-05-15 至 2026-05-22 期间暂停转股：权益分派,计算使用3.7年期 评级为AA- 债参考YTM：2.5292,N,6.6,全价：142.413 最后更新：14:59:54,,,,0,[],0,0,N,,,buy,buy
2026-05-19 10:47:38,113615,金诚转债,jczz,661.633,5.02,603979,金诚信,jcx,65.71,3.97,3.52,11.78,557.81,0,18.61,680.24,240302,有色金属,shmb,C,2021-01-14,[],0,0,buy,AA,,8.246,15.314,1.2,buy,2026-12-23,0.597,4.958,49929.07,74857.41,15.7,-139.74,,0,15:00:00,00,Y,N,0,0,Y,,2021-06-29 开始转股,计算使用0.6年期 评级为AA 债参考YTM：1.4911,N,10.0,全价：661.633 最后更新：15:00:00,,,,1,"{'G': '本次（2025年10月10日至2025年10月30日）不提前赎回，至2026年12月22日到期均不提前赎回', 'M': ''}",0,0,N,,,buy,buy
2026-05-19 10:47:38,123213,天源转债,tyzz,217.6,2.5,301127,武汉天源,whty,13.09,-2.09,2.56,7.14,183.33,0,18.69,236.29,760102,环保,szcy,C,2023-08-16,[],0,0,buy,AA-,,4.998,9.282,3.8,buy,2029-07-28,3.195,3.26,13622.38,13486.85,19.47,-18.07,,0,15:34:51,00,Y,N,0,0,Y,,2024-02-05 开始转股,计算使用3.2年期 评级为AA- 债参考YTM：2.4510,N,10.0,全价：217.600 最后更新：15:34:51,,,,0,"{'G': '本次（2026年3月13日至2026年4月2日）不提前赎回，自2026年10月2日后首个交易日重新计算', 'M': ''}",0,0,N,,,buy,buy
2026-05-19 10:47:38,118044,赛特转债,stzz,219.074,5.74,688398,赛特新材,stxc,34.85,4.56,5.11,18.9,184.39,0,18.81,237.88,220309,基础化工,shkc,C,2023-10-12,[],0,0,buy,A+,,13.23,24.57,7.6,buy,2029-09-11,3.318,4.42,57653.03,12635.82,59.67,-17.43,,0,14:59:58,00,Y,N,1,1,Y,转股价下修1次，成功下修1次,2024-03-15 开始转股,计算使用3.4年期 评级为A+ 债参考YTM：4.8432,N,4.42,全价：219.074 最后更新：14:59:58,,,,0,"{'G': '本次（2026年3月10日至2026年4月20日）不提前赎回，以2026年10月21日起算', 'M': ''}",0,0,N,,,buy,buy
2026-05-19 10:47:38,127095,广泰转债,gtzz,149.341,1.87,002111,威海广泰,whgt,11.39,1.24,1.9,9.07,125.58,0,18.92,168.26,650201,国防军工,szmb,C,2023-11-10,[],0,0,buy,AA-,,6.349,11.791,12.4,buy,2029-10-18,3.419,6.927,7786.46,10465.62,7.6,-6.47,,0,15:34:39,00,Y,N,0,0,Y,,2024-04-24 开始转股,计算使用3.5年期 评级为AA- 债参考YTM：2.5038,N,7.0,全价：149.341 最后更新：15:34:39,,,,0,[],0,0,N,,,buy,buy
2026-05-19 10:47:38,118031,天23转债,t23zz,128.799,0.55,688599,天合光能,thgn,17.26,1.05,1.95,16.0,107.88,0,19.4,148.2,630502,电力设备,shkc,C,2023-03-15,[],0,0,buy,AA,,11.2,20.8,14.5,buy,2029-02-13,2.743,58.512,28121.58,76576.58,3.77,-3.1,,0,14:59:59,00,Y,N,2,2,Y,转股价下修2次，成功下修2次,2023-08-17 开始转股,计算使用2.8年期 评级为AA 债参考YTM：1.8056,N,88.648,全价：128.799 最后更新：14:59:59,,,,0,{'M': ''},0,0,N,,,buy,buy
2026-05-19 10:47:38,123149,通裕转债,tyzz,140.389,1.62,300185,通裕重工,tyzg,3.18,0.63,1.77,2.71,117.34,0,19.64,160.03,630602,电力设备,szcy,C,2022-07-15,[],0,0,buy,AA,,1.897,3.523,9.0,buy,2028-06-20,2.09,11.069,8159.17,38086.99,5.3,-9.16,,0,15:34:45,00,Y,N,0,0,Y,,2022-12-26 开始转股,计算使用2.1年期 评级为AA 债参考YTM：1.7053,N,14.847,全价：140.389 最后更新：15:34:45,,,,0,{'M': ''},0,0,N,,,buy,buy
2026-05-19 10:47:38,118050,航宇转债,hyzz,350.526,2.98,688239,航宇科技,hykj,72.39,-0.29,6.71,24.96,290.02,0,20.86,371.39,650201,国防军工,shkc,C,2024-09-10,[],0,0,buy,AA-,,17.472,32.448,4.8,buy,2030-08-21,4.26,6.667,36371.39,43535.3,15.98,-22.57,,0,14:59:58,00,Y,N,0,0,Y,,2025-02-27 开始转股,计算使用4.3年期 评级为AA- 债参考YTM：2.6239,N,6.67,全价：350.526 最后更新：14:59:58,,,,0,"{'G': '本次（2026年1月30日至2026年2月27日）不提前赎回，自2026年5月28日为首个交易日重新计算', 'M': ''}",0,0,N,,,buy,buy
2026-05-19 10:47:38,118034,晶能转债,jnzz,128.879,1.37,688223,晶科能源,jkny,6.75,0.3,2.69,6.35,106.3,0,21.24,150.12,630502,电力设备,shkc,C,2023-05-19,[],0,0,buy,AA+,,4.445,7.62,12.0,buy,2029-04-20,2.923,83.22,28090.51,108180.26,2.65,-4.97,,0,14:59:40,00,Y,N,1,1,Y,转股价下修1次，成功下修1次,2023-10-26 开始转股,计算使用3.0年期 评级为AA+ 债参考YTM：1.7743,N,100.0,全价：128.879 最后更新：14:59:40,,,,0,{'M': ''},0,0,N,120%,,buy,buy
2026-05-19 10:47:38,113043,财通转债,ctzz,125.803,1.6,601108,财通证券,ctzq,8.32,1.71,1.0,8.03,103.61,0,21.42,147.22,490101,非银金融,shmb,C,2020-12-28,[],0,0,buy,AAA,,,10.439,9.8,buy,2026-12-10,0.562,37.992,9586.8,34010.94,2.03,-28.17,,0,14:59:04,00,Y,Y,1,1,Y,转股价下修1次，成功下修1次,2021-06-16 开始转股,计算使用0.6年期 评级为AAA 债参考YTM：1.4515,N,38.0,全价：125.803 最后更新：14:59:04,,,,0,{'M': ''},0,0,N,,,buy,buy
2026-05-19 10:47:38,123222,博俊转债,bjzz,159.799,0.79,300926,博俊科技,bjkj,21.9,-1.08,2.59,16.68,131.3,0,21.71,181.51,280205,汽车,szcy,C,2023-09-28,[],0,0,buy,A+,,11.676,21.684,3.7,buy,2029-09-08,3.31,2.439,4498.19,9564.02,11.6,-8.61,,0,15:33:57,00,Y,N,0,0,N,2026-05-13 至 2026-05-19 期间暂停转股：权益分派,2024-03-14 开始转股;2026-05-13 至 2026-05-19 期间暂停转股：权益分派,计算使用3.4年期 评级为A+ 债参考YTM：4.8432,N,5.0,全价：159.799 最后更新：15:33:57,,,,0,"{'G': '本次（2025年11月24日至2025年12月12日）不提前赎回，自2026年6月12日后首个交易日重新计算', 'M': ''}",0,0,N,,,buy,buy
2026-05-19 10:47:38,123092,天壕转债,thzz,135.551,0.33,300332,天壕能源,thny,5.54,-0.72,1.22,4.98,111.25,0,21.85,157.4,410301,公用事业,szcy,C,2021-01-15,[],0,0,buy,A+,,3.486,6.474,7.4,buy,2026-12-24,0.6,3.417,4262.28,13784.39,9.29,-25.38,,0,15:34:33,00,Y,N,0,0,Y,,2021-06-30 开始转股,计算使用0.6年期 评级为A+ 债参考YTM：4.0831,N,4.23,全价：135.551 最后更新：15:34:33,,,,1,{'M': ''},0,0,N,,,buy,buy
2026-05-19 10:47:38,123176,精测转2,jcz2,355.244,6.46,300567,精测电子,jcdz,187.5,4.82,11.85,64.71,289.75,0,22.6,377.84,640107,机械设备,szcy,C,2023-03-22,[],0,0,buy,AA-,,45.297,84.123,3.0,buy,2029-03-02,2.789,12.753,91776.74,282882.6,20.88,-33.53,,0,15:34:03,00,Y,N,0,0,Y,,2023-09-08 开始转股,计算使用2.8年期 评级为AA- 债参考YTM：2.3214,N,12.76,全价：355.244 最后更新：15:34:03,,,,0,"{'G': '本次（2025年12月23日至2026年1月14日）不提前赎回，自2026年7月14日后首个交易日重新计算', 'M': ''}",0,0,N,,,buy,buy
2026-05-19 10:47:38,111001,山玻转债,sbzz,163.477,2.25,605006,山东玻纤,sdbx,14.9,2.76,3.45,11.18,133.27,0,22.66,186.14,610202,建筑材料,shmb,C,2021-12-06,[],0,0,buy,AA-,,7.826,14.534,6.7,buy,2027-11-08,1.474,5.994,98645.79,91105.16,101.57,-20.57,,0,14:59:59,00,Y,N,0,0,Y,,2022-05-12 开始转股,计算使用1.5年期 评级为AA- 债参考YTM：1.9616,N,6.0,全价：163.477 最后更新：14:59:59,,,,0,[],0,0,N,,,buy,buy
2026-05-19 10:47:38,113632,鹤21转债,h21zz,135.145,1.8,603733,仙鹤股份,xhgf,20.92,1.36,1.65,18.99,110.16,0,22.68,157.83,360103,轻工制造,shmb,C,2021-12-09,[],0,0,buy,AA,,13.293,24.687,13.6,buy,2027-11-17,1.499,20.166,6183.64,3683.42,2.29,-10.96,,0,14:59:51,00,Y,N,2,2,Y,转股价下修2次，成功下修2次,2022-05-23 开始转股,计算使用1.5年期 评级为AA 债参考YTM：1.6303,N,20.5,全价：135.145 最后更新：14:59:51,,,,1,{'M': ''},0,0,N,,,buy,buy
2026-05-19 10:47:38,111018,华康转债,hkzz,139.886,0.75,605077,华康股份,hkgf,18.5,-0.05,1.72,16.26,113.78,0,22.95,162.84,220315,基础化工,shmb,C,2024-01-15,[],0,0,buy,AA-,,11.382,21.138,23.5,buy,2029-12-25,3.606,13.022,11962.1,36408.51,6.62,-4.39,,0,14:59:22,00,Y,N,0,0,Y,,2024-07-01 开始转股,计算使用3.7年期 评级为AA- 债参考YTM：2.5292,N,13.03,全价：139.886 最后更新：14:59:22,,,,0,[],0,0,N,,,buy,buy
2026-05-19 10:47:38,113678,中贝转债,zbzz,200.011,2.84,603220,中贝通信,zbtx,33.35,4.12,4.54,20.54,162.37,0,23.19,223.2,730103,通信,shmb,C,2023-11-21,[],0,0,buy,A+,,14.378,26.702,3.5,buy,2029-10-19,3.422,5.108,133340.28,251694.47,129.87,-14.04,,0,15:00:00,00,Y,N,2,1,Y,转股价下修2次，成功下修1次,2024-04-25 开始转股,计算使用3.5年期 评级为A+ 债参考YTM：4.8588,N,5.17,全价：200.011 最后更新：15:00:00,,,,0,"{'G': '本次（2026年3月16日至2026年4月27日）不提前赎回，以2026年7月28日起算', 'M': ''}",0,0,N,,,buy,buy
2026-05-19 10:47:38,113661,福22转债,f22zz,139.27,1.41,603806,福斯特,fst,16.66,2.46,2.61,14.74,113.03,0,23.22,162.49,630504,电力设备,shmb,C,2022-12-22,[],0,0,buy,AA,,10.318,19.162,7.0,buy,2028-11-22,2.515,30.297,15477.3,101161.55,3.69,-8.01,,0,14:59:53,00,Y,N,1,1,Y,转股价下修1次，成功下修1次,2023-05-29 开始转股,计算使用2.6年期 评级为AA 债参考YTM：1.7768,N,30.3,全价：139.270 最后更新：14:59:53,,,,0,{'M': ''},0,0,N,,,buy,buy
2026-05-19 10:47:38,118039,煜邦转债,ybzz,154.917,1.89,688597,煜邦电力,ybdl,9.17,4.92,3.59,7.3,125.62,0,23.33,178.25,630804,电力设备,shkc,C,2023-08-15,[],0,0,buy,A,,5.11,9.49,13.3,buy,2029-07-20,3.173,4.104,16061.05,8628.66,25.54,-8.44,,0,14:59:57,00,Y,N,0,0,Y,,2024-01-26 开始转股,计算使用3.2年期 评级为A 债参考YTM：7.1530,N,4.108,全价：154.917 最后更新：14:59:57,,,,0,"{'G': '本次（2026年1月16日至2026年2月11日）不提前赎回，以2026年8月12日为首个交易日重新计算', 'M': ''}",0,0,N,,,buy,buy
2026-05-19 10:47:38,113677,华懋转债,hmzz,408.159,2.05,603306,华懋科技,hmkj,111.06,-0.41,10.53,33.74,329.16,0,24.0,432.16,280202,汽车,shmb,C,2023-10-12,[],0,0,buy,AA-,,23.618,43.862,2.9,buy,2029-09-14,3.326,10.489,63251.66,177714.39,15.29,-31.83,,0,14:59:58,00,Y,N,0,0,Y,,2024-03-20 开始转股,计算使用3.4年期 评级为AA- 债参考YTM：2.4892,N,10.5,全价：408.159 最后更新：14:59:58,,,,0,"{'G': '本次（2026年3月6日至2026年3月26日）不提前赎回，自2026年6月26日之后的首个交易日重新起算', 'M': ''}",0,0,N,,,buy,buy
2026-05-19 10:47:38,113691,和邦转债,hbzz,166.993,0.89,603077,和邦生物,hbsw,2.69,-1.1,1.31,2.0,134.5,0,24.16,191.15,220802,基础化工,shmb,C,2024-11-19,[],0,0,buy,AA,,1.4,2.6,19.4,buy,2030-10-28,4.447,45.991,14358.24,42359.59,1.9,-8.22,,0,14:59:55,00,Y,N,0,0,Y,,2025-05-06 开始转股,计算使用4.5年期 评级为AA 债参考YTM：2.0823,N,46.0,全价：166.993 最后更新：14:59:55,,,,0,"{'G': '本次（2026年1月22日至2026年3月10日）不提前赎回，以2027年3月10日之后的首个交易日重新起算', 'M': ''}",0,0,N,,,buy,buy
2026-05-19 10:47:38,123215,铭利转债,mlzz,144.92,1.29,301268,铭利达,mld,22.33,-1.37,5.66,19.2,116.3,0,24.61,169.53,640108,机械设备,szcy,C,2023-08-23,[],0,0,buy,AA-,,13.44,24.96,10.6,buy,2029-08-03,3.211,8.555,6087.82,7569.84,4.96,-5.2,,0,15:33:54,00,Y,N,1,1,Y,转股价下修1次，成功下修1次,2024-02-19 开始转股,计算使用3.3年期 评级为AA- 债参考YTM：2.4719,N,10.0,全价：144.920 最后更新：15:33:54,,,,0,{'M': ''},0,0,N,,,buy,buy
2026-05-19 10:47:38,123216,科顺转债,kszz,137.63,-0.33,300737,科顺股份,ksgf,7.36,-0.81,2.02,6.67,110.35,0,24.73,162.36,610304,建筑材料,szcy,C,2023-08-23,[],0,0,buy,AA,,4.669,8.671,33.7,buy,2029-08-04,3.214,21.978,18901.29,16985.08,6.29,-4.44,,0,15:33:54,00,Y,N,2,1,Y,转股价下修2次，成功下修1次,2024-02-19 开始转股,计算使用3.3年期 评级为AA 债参考YTM：1.8825,N,21.98,全价：137.630 最后更新：15:33:54,,,,0,{'M': ''},0,0,N,,,buy,buy
2026-05-19 10:47:38,127067,恒逸转2,hyz2,177.488,1.55,000703,恒逸石化,hysh,14.75,0.27,2.08,10.37,142.24,0,24.78,202.27,750301,石油石化,szmb,C,2022-08-18,[],0,0,buy,AA+,,7.259,13.481,5.3,buy,2028-07-21,2.175,29.994,21391.77,54359.98,4.04,-19.29,,0,15:34:24,00,Y,N,0,0,Y,,2023-01-30 开始转股,计算使用2.2年期 评级为AA+ 债参考YTM：1.6860,N,30.0,全价：177.488 最后更新：15:34:24,,,,0,"{'G': '本次（至2026年4月27日）不提前赎回，从2026年7月28日开始计算', 'M': ''}",0,0,N,,,buy,buy
2026-05-19 10:47:38,111015,东亚转债,dyzz,137.247,0.86,605177,东亚药业,dyyy,22.27,-0.4,1.44,20.28,109.81,0,24.98,162.23,370101,医药生物,shmb,C,2023-08-02,[],0,0,buy,A+,,14.196,26.364,26.3,buy,2029-07-06,3.134,6.662,10670.98,9085.35,11.76,-4.46,,0,14:59:17,00,Y,N,1,1,Y,转股价下修1次，成功下修1次,2024-01-12 开始转股,计算使用3.2年期 评级为A+ 债参考YTM：4.8030,N,6.9,全价：137.247 最后更新：14:59:17,,,,0,[],0,0,N,,,buy,buy
2026-05-19 10:47:38,123158,宙邦转债,zbzz,199.71,5.78,300037,新宙邦,xzb,64.7,3.24,4.35,40.49,159.79,0,24.98,224.69,630702,电力设备,szcy,C,2022-10-21,[],0,0,buy,AA,,28.343,52.637,5.1,buy,2028-09-26,2.359,18.046,74184.86,148284.3,20.6,-21.67,,0,15:34:51,00,Y,N,0,0,Y,,2023-03-30 开始转股,计算使用2.4年期 评级为AA 债参考YTM：1.7480,N,19.7,全价：199.710 最后更新：15:34:51,,,,0,"{'G': '本次（2025年12月25日至2026年1月22日）不提前赎回，自2026年7月22日后首个交易日重新计算', 'M': ''}",0,0,N,,,buy,buy
2026-05-19 10:47:38,118051,皓元转债,hyzz,218.948,1.57,688131,皓元医药,hyyy,70.76,-1.53,4.68,40.47,174.85,0,25.22,244.17,370603,医药生物,shkc,C,2024-12-19,[],0,0,buy,AA-,,28.329,52.611,5.5,buy,2030-11-28,4.532,8.218,10897.16,21590.56,6.08,-13.08,,0,14:59:59,00,Y,N,0,0,Y,,2025-06-04 开始转股,计算使用4.6年期 评级为AA- 债参考YTM：2.6737,N,8.223,全价：218.948 最后更新：14:59:59,,,,0,"{'G': '本次（2025年10月30日至2025年11月19日）不提前赎回，以2026年5月20日为首个交易日重新计算', 'M': ''}",0,0,N,,,buy,buy
2026-05-19 10:47:38,110095,双良转债,slzz,146.19,5.19,600481,双良节能,sljn,7.21,10.08,3.35,6.18,116.67,0,25.31,171.5,630501,电力设备,shmb,C,2023-09-08,[],0,0,buy,AA-,,4.326,8.034,9.4,buy,2029-08-08,3.225,14.006,137938.68,127821.4,67.61,-7.49,,0,15:00:00,00,Y,N,2,2,Y,转股价下修2次，成功下修2次,2024-02-19 开始转股,计算使用3.3年期 评级为AA- 债参考YTM：2.4719,N,26.0,全价：146.190 最后更新：15:00:00,,,,0,{'M': ''},0,0,N,,,buy,buy
2026-05-19 10:47:38,127037,银轮转债,ylzz,637.5,3.75,002126,银轮股份,ylgf,52.86,0.88,5.92,10.39,508.76,0,25.31,662.81,280203,汽车,szmb,C,2021-07-09,[],0,0,buy,AA,,7.273,13.507,1.2,buy,2027-06-07,1.052,5.055,36276.56,103590.91,11.49,-81.12,,0,15:34:42,00,Y,N,0,0,N,2026-05-13 至 2026-05-21 期间暂停转股：权益分派,2021-12-13 开始转股;2026-05-13 至 2026-05-21 期间暂停转股：权益分派,计算使用1.1年期 评级为AA 债参考YTM：1.5712,N,7.0,全价：637.500 最后更新：15:34:42,,,,1,"{'G': '本次（2025年5月1日至2025年5月26日）不提前赎回，2026年5月26日后首个交易日重新计算', 'M': ''}",0,0,N,,,buy,buy
2026-05-19 10:47:38,127027,能化转债,nhzz,120.94,1.21,000552,甘肃能化,gsnh,2.82,0.36,0.91,2.93,96.25,0,25.66,146.6,740101,煤炭,szmb,C,2021-01-22,[],0,0,buy,AAA,,2.051,3.809,18.5,buy,2026-12-10,0.562,19.464,7442.9,19984.92,3.18,-16.19,,0,15:34:30,00,Y,N,0,0,Y,,2021-06-16 开始转股,计算使用0.6年期 评级为AAA 债参考YTM：1.4515,N,28.0,全价：120.940 最后更新：15:34:30,,,,1,{'M': ''},0,0,N,,,buy,buy
2026-05-19 10:47:38,113667,春23转债,c23zz,251.564,4.58,603890,春秋电子,cqdz,20.28,1.71,2.69,10.15,199.8,0,25.91,277.47,270504,电子,shmb,C,2023-04-11,[],0,0,buy,AA-,,7.105,13.195,6.3,buy,2029-03-17,2.83,5.699,54795.22,56041.59,39.39,-23.63,,0,14:59:58,00,Y,N,0,0,Y,,2023-09-25 开始转股,计算使用2.9年期 评级为AA- 债参考YTM：2.3588,N,5.7,全价：251.564 最后更新：14:59:58,,,,0,"{'G': '本次（2026年3月27日至2026年4月17日）不提前赎回，自2026年7月17日之后的首个交易日重新起算', 'M': ''}",0,0,N,,,buy,buy
2026-05-19 10:47:38,123235,亿田转债,ytzz,206.98,3.28,300911,亿田智能,ytzn,34.96,2.46,5.62,21.31,164.05,0,26.17,233.15,330401,家用电器,szcy,C,2024-01-12,[],0,0,buy,AA-,,14.917,27.703,7.3,buy,2029-12-21,3.595,4.353,93332.27,42559.45,103.72,-14.39,,0,15:34:03,00,Y,N,0,0,Y,,2024-06-27 开始转股,计算使用3.6年期 评级为AA- 债参考YTM：2.5168,N,5.202,全价：206.980 最后更新：15:34:03,,,,0,"{'G': '本次（2026年1月28日至2026年2月25日）不提前赎回，自2026年5月25日后首个交易日重新起算', 'M': ''}",0,0,N,,,buy,buy
2026-05-19 10:47:38,113673,岱美转债,dmzz,191.588,4.49,603730,岱美股份,dmgf,11.19,1.91,4.79,7.37,151.83,0,26.18,217.77,280202,汽车,shmb,C,2023-08-10,[],0,0,buy,AA,,5.159,9.581,3.8,buy,2029-07-18,3.167,9.079,17497.8,20936.4,10.25,-14.84,,0,14:59:51,00,Y,N,1,1,Y,转股价下修1次，成功下修1次,2024-01-24 开始转股,计算使用3.2年期 评级为AA 债参考YTM：1.8654,N,9.079,全价：191.588 最后更新：14:59:51,,,,0,{'M': ''},0,0,N,,,buy,buy
2026-05-19 10:47:38,113697,应流转债,ylzz,303.812,1.14,603308,应流股份,ylgf,73.1,0.12,9.58,30.47,239.91,0,26.64,330.45,640108,机械设备,shmb,C,2025-10-22,[],0,0,buy,AA+,,21.329,39.611,3.0,buy,2031-09-19,5.34,14.997,61353.98,120231.65,13.75,-17.13,,0,14:59:59,00,Y,N,0,0,Y,,2026-03-25 开始转股,计算使用5.4年期 评级为AA+ 债参考YTM：1.9416,N,15.0,全价：303.812 最后更新：14:59:59,,,,0,"{'G': '本次（2026年3月25日至2026年4月15日）不提前赎回，2026年7月15日之后的首个交易日重新起算', 'M': ''}",0,0,N,,,buy,buy
2026-05-19 10:47:38,113695,华辰转债,hczz,152.895,1.93,603097,江苏华辰,jshc,28.3,1.62,4.11,23.48,120.53,0,26.85,179.75,630801,电力设备,shmb,C,2025-07-10,[],0,0,buy,A+,,16.436,30.524,10.1,buy,2031-06-20,5.09,4.597,9900.29,6542.0,14.2,-4.9,,0,14:59:48,00,Y,N,0,0,Y,,2025-12-26 开始转股,计算使用5.1年期 评级为A+ 债参考YTM：5.1194,N,4.6,全价：152.895 最后更新：14:59:48,,,,0,[],0,0,N,,,buy,buy
2026-05-19 10:47:38,113054,绿动转债,ldzz,138.938,1.13,601330,绿色动力,lsdl,9.73,-2.7,1.64,8.89,109.45,0,26.94,165.88,760103,环保,shmb,C,2022-03-23,[],0,0,buy,AA+,,6.223,11.557,24.5,buy,2028-02-25,1.773,23.598,13441.54,52672.78,4.14,-12.1,,0,14:59:57,00,Y,N,0,0,Y,,2022-09-05 开始转股,计算使用1.8年期 评级为AA+ 债参考YTM：1.6379,N,23.6,全价：138.938 最后更新：14:59:57,,,,1,[],0,0,N,,,buy,buy
2026-05-19 10:47:38,123080,海波转债,hbzz,143.892,2.71,300517,海波重科,hbzk,12.89,5.92,2.42,11.38,113.27,0,27.04,170.93,620401,建筑装饰,szcy,C,2020-12-22,[],0,0,buy,A+,,7.966,14.794,9.1,buy,2026-12-02,0.54,1.486,11432.42,12649.13,53.77,-30.92,,0,15:34:36,00,Y,N,0,0,Y,,2021-06-08 开始转股,计算使用0.6年期 评级为A+ 债参考YTM：4.0831,N,2.45,全价：143.892 最后更新：15:34:36,,,,1,[],0,0,N,,,buy,buy
2026-05-19 10:47:38,113680,丽岛转债,ldzz,153.397,2.16,603937,丽岛新材,ldxc,15.58,-0.83,2.06,12.91,120.68,0,27.11,180.51,240301,有色金属,shmb,C,2023-12-05,[],0,0,buy,A+,,9.037,16.783,9.2,buy,2029-11-15,3.496,2.998,11511.35,18620.5,25.29,-6.86,,0,14:59:54,00,Y,N,0,0,Y,,2024-05-21 开始转股,计算使用3.5年期 评级为A+ 债参考YTM：4.8588,N,3.0,全价：153.397 最后更新：14:59:54,,,,0,[],0,0,N,,,buy,buy
2026-05-19 10:47:38,127061,美锦转债,mjzz,99.7,-0.8,000723,美锦能源,mjny,4.11,0.98,1.42,5.26,78.14,0,27.6,127.3,740201,煤炭,szmb,C,2022-05-30,[],0,0,buy,A+,,3.682,6.838,15.4,buy,2028-04-20,1.923,27.89,15717.71,17649.94,5.67,10.5,,0,15:34:21,00,Y,N,1,1,Y,转股价下修1次，成功下修1次,2022-10-26 开始转股,计算使用2.0年期 评级为A+ 债参考YTM：4.3912,N,35.9,全价：99.700 最后更新：15:34:21,,,,1,{'M': ''},0,0,N,,,buy,buy
2026-05-19 10:47:38,113649,丰山转债,fszz,144.844,1.07,603810,丰山集团,fsjt,15.58,-0.64,1.58,13.73,113.47,0,27.64,172.48,220803,基础化工,shmb,C,2022-07-21,[],0,0,buy,AA-,,9.611,17.849,17.8,buy,2028-06-27,2.11,4.577,4506.04,4032.81,6.84,-9.25,,0,14:59:50,00,Y,N,0,0,Y,,2023-01-03 开始转股,计算使用2.2年期 评级为AA- 债参考YTM：2.1028,N,5.0,全价：144.844 最后更新：14:59:50,,,,0,[],0,0,N,,,buy,buy
2026-05-19 10:47:38,127109,电化转债,dhzz,178.5,1.77,002125,湘潭电化,xtdh,14.12,-0.91,2.59,10.1,139.8,0,27.68,206.18,630702,电力设备,szmb,C,2025-07-04,[],0,0,buy,AA,,7.07,13.13,5.5,buy,2031-06-16,5.08,4.867,12186.46,25914.16,14.27,-8.46,,0,15:33:54,00,Y,N,0,0,Y,,2025-12-22 开始转股,计算使用5.1年期 评级为AA 债参考YTM：2.1524,N,4.87,全价：178.500 最后更新：15:33:54,,,,0,"{'G': '本次（2026年4月14日至2026年5月7日）不提前赎回，自2026年8月7日后首个交易日重新计算', 'M': ''}",0,0,N,,,buy,buy
2026-05-19 10:47:38,127108,太能转债,tnzz,140.867,2.0,000591,太阳能,tyn,6.11,3.21,0.99,5.55,110.09,0,27.96,168.83,410106,公用事业,szmb,C,2025-04-16,[],0,0,buy,AA+,,3.885,7.215,12.4,buy,2031-03-28,4.86,29.498,17139.93,131543.97,4.17,-3.83,,0,15:34:45,00,Y,N,0,0,Y,,2025-10-09 开始转股,计算使用4.9年期 评级为AA+ 债参考YTM：1.9031,N,29.5,全价：140.867 最后更新：15:34:45,,,,0,{'M': ''},0,0,N,,,buy,buy
2026-05-19 10:47:38,111004,明新转债,mxzz,141.594,1.21,605068,明新旭腾,mxxt,27.0,0.78,2.59,24.41,110.61,0,28.01,169.6,280202,汽车,shmb,C,2022-04-25,[],0,0,buy,AA-,,17.087,31.733,15.3,buy,2028-03-30,1.866,6.715,8837.82,6026.12,9.37,-9.63,,0,14:59:20,00,Y,N,0,0,Y,,2022-10-10 开始转股,计算使用1.9年期 评级为AA- 债参考YTM：2.0313,N,6.73,全价：141.594 最后更新：14:59:20,,,,1,[],0,0,N,,,buy,buy
2026-05-19 10:47:38,123209,聚隆转债,jlzz,206.0,2.49,300644,南京聚隆,njjl,28.59,-0.21,2.83,17.77,160.89,0,28.04,234.04,220503,基础化工,szcy,C,2023-08-17,[],0,0,buy,A+,,12.439,23.101,6.6,buy,2029-07-26,3.189,1.673,6620.48,6826.66,19.56,-16.33,,0,15:34:21,00,Y,N,0,0,Y,,2024-02-01 开始转股,计算使用3.2年期 评级为A+ 债参考YTM：4.8030,N,2.185,全价：206.000 最后更新：15:34:21,,,,0,{'G': '本次（2026年1月26日至2026年2月13日）不提前赎回，自2026年8月13日后首个交易日重新计算'},0,0,N,,,buy,buy
2026-05-19 10:47:38,110097,天润转债,trzz,143.744,0.2,600419,天润乳业,trry,9.2,0.88,1.17,8.21,112.06,0,28.28,172.02,340702,食品饮料,shmb,C,2024-11-15,[],0,0,buy,AA,,5.747,10.673,34.1,buy,2030-10-24,4.436,9.89,5909.51,3033.4,4.18,-5.03,,0,14:58:55,00,Y,N,0,0,N,2026-05-19 起暂停转股：权益分派,2025-04-30 开始转股;2026-05-19 起暂停转股：权益分派,计算使用4.5年期 评级为AA 债参考YTM：2.0823,N,9.9,全价：143.744 最后更新：14:58:55,,,,0,[],0,0,N,,,buy,buy
2026-05-19 10:47:38,110075,南航转债,nhzz,111.354,1.72,600029,南方航空,nfhk,5.35,2.29,2.62,6.17,86.71,0,28.42,139.77,421001,交通运输,shmb,C,2020-11-03,[],0,0,buy,AAA,,4.319,8.021,8.2,buy,2026-10-15,0.408,58.959,13912.59,44579.69,2.13,-10.75,,0,14:59:15,00,Y,N,0,0,Y,,2021-04-21 开始转股,计算使用0.5年期 评级为AAA 债参考YTM：1.4450,N,160.0,全价：111.354 最后更新：14:59:15,,,,1,{'M': ''},0,0,N,,,buy,buy
2026-05-19 10:47:38,113624,正川转债,zczz,135.201,0.8,603976,正川股份,zcgf,21.11,-1.31,2.63,20.07,105.18,0,28.54,163.74,370503,医药生物,shmb,C,2021-06-01,[],0,0,buy,A+,,14.049,26.091,12.7,buy,2027-04-28,0.943,4.048,2687.57,3595.46,4.93,-15.9,,0,14:59:47,00,Y,N,1,1,Y,转股价下修1次，成功下修1次,2021-11-08 开始转股,计算使用1.0年期 评级为A+ 债参考YTM：4.1813,N,4.05,全价：135.201 最后更新：14:59:47,,,,1,[],0,0,N,,,buy,buy
2026-05-19 10:47:38,127030,盛虹转债,shzz,122.796,1.35,000301,东方盛虹,dfsh,12.62,0.48,2.34,13.21,95.53,0,28.54,151.34,750301,石油石化,szmb,C,2021-04-21,[],0,0,buy,AA+,,9.247,17.173,6.0,buy,2027-03-22,0.841,49.974,12308.91,20758.68,2.02,-14.33,,0,15:34:33,00,Y,N,0,0,Y,,2021-09-27 开始转股,计算使用0.9年期 评级为AA+ 债参考YTM：1.5063,N,50.0,全价：122.796 最后更新：15:34:33,,,,1,{'M': ''},0,0,N,,,buy,buy
2026-05-19 10:47:38,118056,路维转债,lwzz,279.901,3.79,688401,路维光电,lwgd,71.17,5.75,7.95,32.7,217.65,0,28.6,308.5,270103,电子,shkc,C,2025-07-10,[],0,0,buy,AA-,,22.89,42.51,4.5,buy,2031-06-11,5.066,6.145,48411.42,64234.82,28.85,-16.14,,0,14:59:59,00,Y,N,0,0,Y,,2025-12-17 开始转股,计算使用5.1年期 评级为AA- 债参考YTM：2.7702,N,6.15,全价：279.901 最后更新：14:59:59,,,,0,"{'G': '本次（2026年4月9日至2026年4月29日）不提前赎回，以2026年7月30日为首个交易日重新计算', 'M': ''}",0,0,N,,,buy,buy
2026-05-19 10:47:38,128108,蓝帆转债,lfzz,107.416,0.02,002382,蓝帆医疗,lfyl,6.63,-0.3,0.94,7.95,83.4,0,28.8,136.22,370503,医药生物,szmb,C,2020-06-19,[],0,0,buy,AA-,,5.565,10.335,23.0,buy,2026-05-28,0.025,15.194,10798.69,11023.4,6.62,24.83,,0,15:34:27,00,Y,N,8,8,Y,转股价下修8次，成功下修8次,2020-12-03 开始转股,计算使用0.1年期 评级为AA- 债参考YTM：1.6422,N,31.44,全价：107.416 最后更新：15:34:27,,,,1,"{'R': '到期\n最后交易日：2026-05-22\n最后转股日：2026-05-27\n债券到期日：2026-05-28\n到期赎回价：108.000元/张', 'M': ''}",0,0,N,,,buy,buy
2026-05-19 10:47:38,118027,宏图转债,htzz,78.66,3.21,688066,*ST航图,htht,14.99,4.17,-3.42,24.55,61.06,0,28.83,107.49,710301,计算机,shkc,C,2022-12-22,[],0,0,buy,BB+,,17.185,31.915,25.8,buy,2028-11-28,2.532,10.087,22237.28,16507.5,28.25,18.2,,0,14:59:57,00,Y,N,2,2,Y,转股价下修2次，成功下修2次,2023-06-02 开始转股,,N,10.088,全价：78.660 最后更新：14:59:57,,,,0,[],0,0,N,,,buy,buy
2026-05-19 10:47:38,128142,新乳转债,xrzz,127.257,1.16,002946,新乳业,xry,17.59,0.0,3.86,17.88,98.38,0,29.36,156.62,340702,食品饮料,szmb,C,2021-01-19,[],0,0,buy,AA,,12.516,23.244,4.8,buy,2026-12-18,0.584,7.179,4847.92,9213.62,5.32,-23.35,,0,15:33:57,00,Y,N,0,0,Y,,2021-06-24 开始转股,计算使用0.6年期 评级为AA 债参考YTM：1.4911,N,7.18,全价：127.257 最后更新：15:33:57,,,,1,{'M': ''},0,0,N,,,buy,buy
2026-05-19 10:47:38,127082,亚科转债,ykzz,140.632,1.4,002540,亚太科技,ytkj,5.75,1.05,1.27,5.29,108.7,0,29.38,170.01,240301,有色金属,szmb,C,2023-04-27,[],0,0,buy,AA,,3.703,6.877,23.5,buy,2029-03-09,2.808,11.585,10687.16,4170.65,6.63,-6.93,,0,15:34:39,00,Y,N,0,0,Y,,2023-09-15 开始转股,计算使用2.9年期 评级为AA 债参考YTM：1.8199,N,11.59,全价：140.632 最后更新：15:34:39,,,,0,{'G': '本次（2025年11月6日至2025年12月4日）不提前赎回，以2026年6月4日后的首个交易日重新计算'},0,0,N,,,buy,buy
2026-05-19 10:47:38,127088,赫达转债,hdzz,203.068,5.51,002810,山东赫达,sdhd,26.29,5.16,3.99,16.76,156.86,0,29.46,232.53,220309,基础化工,szmb,C,2023-07-19,[],0,0,buy,AA-,,11.732,21.788,7.0,buy,2029-07-03,3.126,5.996,22265.65,30492.26,19.0,-15.88,,0,15:34:33,00,Y,N,0,0,Y,,2024-01-08 开始转股,计算使用3.2年期 评级为AA- 债参考YTM：2.4510,N,6.0,全价：203.068 最后更新：15:34:33,,,,0,"{'G': '本次（2026年3月30日至2026年4月20日）不提前赎回，自2026年10月21日起重新计算', 'M': ''}",0,0,N,,,buy,buy
2026-05-19 10:47:38,110087,天业转债,tyzz,134.799,0.27,600075,新疆天业,xjty,5.83,-3.8,1.08,5.6,104.11,0,29.48,164.28,220202,基础化工,shmb,C,2022-07-19,[],0,0,buy,AA+,,3.92,7.28,30.1,buy,2028-06-23,2.099,29.975,12627.43,14357.11,3.14,-8.9,,0,14:59:58,00,Y,N,1,1,Y,转股价下修1次，成功下修1次,2022-12-29 开始转股,计算使用2.1年期 评级为AA+ 债参考YTM：1.6739,N,30.0,全价：134.799 最后更新：14:59:58,,,,0,{'M': ''},0,0,N,,,buy,buy
2026-05-19 10:47:38,123211,阳谷转债,ygzz,186.268,2.74,300121,阳谷华泰,yght,13.22,1.61,1.61,9.2,143.7,0,29.63,215.9,220604,基础化工,szcy,C,2023-08-14,[],0,0,buy,AA-,,6.44,11.96,5.4,buy,2029-07-27,3.192,3.07,10968.0,22972.48,19.46,-13.22,,0,15:34:03,00,Y,N,0,0,Y,,2024-02-02 开始转股,计算使用3.2年期 评级为AA- 债参考YTM：2.4510,N,6.5,全价：186.268 最后更新：15:34:03,,,,0,{'G': '本次（2025年12月15日至2026年1月6日）不提前赎回，2026年7月6日后首个交易日重新计算'},0,0,N,,,buy,buy
2026-05-19 10:47:38,118053,正帆转债,zfzz,166.949,1.47,688596,正帆科技,zfkj,49.5,0.81,3.89,38.45,128.74,0,29.68,196.63,640209,机械设备,shkc,C,2025-04-03,[],0,0,buy,AA,,26.915,49.985,7.1,buy,2031-03-18,4.833,10.409,47901.96,146447.28,28.05,-7.38,,0,15:00:00,00,Y,N,0,0,Y,,2025-09-24 开始转股,计算使用4.9年期 评级为AA 债参考YTM：2.1275,N,10.41,全价：166.949 最后更新：15:00:00,,,,0,{'M': ''},0,0,N,,,buy,buy
2026-05-19 10:47:38,123259,锦浪转02,jlz02,193.132,6.12,300763,锦浪科技,jlkj,107.95,3.69,4.72,72.55,148.79,0,29.8,222.93,630503,电力设备,szcy,C,2025-11-06,[],0,0,buy,AA,,50.785,94.315,4.8,buy,2031-10-17,5.416,16.764,53175.81,184900.86,16.66,-9.34,,0,15:34:39,00,Y,N,1,1,Y,转股价下修1次，成功下修1次,2026-04-23 开始转股,计算使用5.5年期 评级为AA 债参考YTM：2.1992,N,16.766,全价：193.132 最后更新：15:34:39,,,,0,{'M': ''},0,0,N,,,buy,buy
2026-05-19 10:47:38,110099,福能转债,fnzz,148.33,0.4,600483,福能股份,fngf,11.22,3.41,1.11,9.84,114.02,0,30.09,178.42,410110,公用事业,shmb,C,2025-10-30,[],0,0,buy,AA+,,6.888,12.792,12.2,buy,2031-10-13,5.406,38.02,13329.34,60176.71,2.36,-5.39,,0,14:59:58,00,Y,N,0,0,Y,,2026-04-17 开始转股,计算使用5.5年期 评级为AA+ 债参考YTM：1.9505,N,38.02,全价：148.330 最后更新：14:59:58,,,,0,{'M': ''},0,0,N,,,buy,buy
2026-05-19 10:47:38,123255,鼎龙转债,dlzz,352.5,7.73,300054,鼎龙股份,dlgf,77.01,6.0,13.33,28.48,270.4,0,30.36,382.86,270601,电子,szcy,C,2025-04-23,[],0,0,buy,AA,,19.936,37.024,1.6,buy,2031-04-02,4.874,9.096,146340.92,351432.88,47.01,-20.84,,0,15:34:06,00,Y,N,0,0,Y,,2025-10-09 开始转股,计算使用4.9年期 评级为AA 债参考YTM：2.1275,N,9.1,全价：352.500 最后更新：15:34:06,,,,0,"{'G': '本次（2026年4月8日至2026年4月28日）不提前赎回，自2026年10月28日后首个交易日重新计算', 'M': ''}",0,0,N,,,buy,buy
2026-05-19 10:47:38,111012,福新转债,fxzz,447.707,9.7,605488,福莱新材,flxc,38.52,9.99,5.1,11.22,343.32,0,30.41,478.12,220505,基础化工,shmb,C,2023-02-07,[],0,0,buy,A+,,7.854,14.586,1.0,buy,2029-01-04,2.633,1.017,241040.37,26946.03,525.83,-39.94,,0,15:00:00,00,Y,N,0,0,Y,,2023-07-10 开始转股,计算使用2.7年期 评级为A+ 债参考YTM：4.6293,N,4.29,全价：447.707 最后更新：15:00:00,,,,0,{'G': '本次（2026年2月27日至2026年3月19日）不提前赎回，自2026年6月19日之后的首个交易日重新起算'},0,0,N,,,buy,buy
2026-05-19 10:47:38,123064,万孚转债,wfzz,113.0,1.53,300482,万孚生物,wfsw,18.27,0.55,1.55,21.1,86.59,0,30.5,143.5,370504,医药生物,szcy,C,2020-09-23,[],0,0,buy,AA,,14.77,27.43,7.6,buy,2026-09-01,0.288,5.976,6628.3,6904.73,9.87,-9.23,,0,15:34:27,00,Y,N,3,3,Y,转股价下修3次，成功下修3次,2021-03-08 开始转股,计算使用0.3年期 评级为AA 债参考YTM：1.4733,N,6.0,全价：113.000 最后更新：15:34:27,,,,1,{'M': ''},0,0,N,,,buy,buy
2026-05-19 10:47:38,118040,宏微转债,hwzz,159.995,6.59,688711,宏微科技,hwkj,34.87,10.87,6.84,28.51,122.31,0,30.81,190.81,270102,电子,shkc,C,2023-08-14,[],0,0,buy,A,,19.957,37.063,5.8,buy,2029-07-25,3.186,4.297,22435.77,73076.57,33.35,-8.75,,0,15:00:00,00,Y,N,1,1,Y,转股价下修1次，成功下修1次,2024-01-31 开始转股,计算使用3.2年期 评级为A 债参考YTM：7.1530,N,4.3,全价：159.995 最后更新：15:00:00,,,,0,{'M': ''},0,0,N,,,buy,buy
2026-05-19 10:47:38,118058,微导转债,wdzz,357.458,5.21,688147,微导纳米,wdnm,91.72,6.78,14.05,33.57,273.22,0,30.83,388.29,630505,电力设备,shkc,C,2025-08-27,[],0,0,buy,AA,,23.499,43.641,2.8,buy,2031-08-06,5.219,11.7,132544.83,103606.51,32.36,-19.86,,0,15:00:00,00,Y,N,0,0,Y,,2026-02-12 开始转股,计算使用5.3年期 评级为AA 债参考YTM：2.1763,N,11.7,全价：357.458 最后更新：15:00:00,,,,0,"{'G': '本次（2026年2月12日至2026年3月12日）不提前赎回，以2026年9月13日为首个交易日重新计算', 'M': ''}",0,0,N,,,buy,buy
2026-05-19 10:47:38,123258,胜蓝转02,slz2,248.792,0.82,300843,胜蓝股份,slgf,103.42,6.02,10.27,54.46,189.9,0,31.01,279.8,270504,电子,szcy,C,2025-09-10,[],0,0,buy,AA-,,38.122,70.798,2.7,buy,2031-08-28,5.28,4.499,130272.89,80434.84,117.14,-13.38,,0,15:34:12,00,Y,N,0,0,Y,,2026-03-03 开始转股,如不考虑强赎纯债价值为101.57元，计算使用5.3年期 评级为AA- 债参考YTM：2.8968,N,4.5,全价：248.792 最后更新：15:34:12,,,,0,{'B': ''},0,0,N,,,buy,buy
2026-05-19 10:47:38,123071,天能转债,tnzz,118.568,0.56,300569,天能重工,tnzg,6.06,-0.33,1.15,6.7,90.45,0,31.09,149.66,630602,电力设备,szcy,C,2020-11-25,[],0,0,buy,AA-,,4.69,8.71,11.2,buy,2026-10-21,0.425,6.937,6173.3,12469.16,7.54,-7.13,,0,15:34:33,00,Y,N,2,2,Y,转股价下修2次，成功下修2次,2021-04-27 开始转股,计算使用0.5年期 评级为AA- 债参考YTM：1.7350,N,7.0,全价：118.568 最后更新：15:34:33,,,,1,{'M': ''},0,0,N,,,buy,buy
2026-05-19 10:47:38,113640,苏利转债,slzz,136.592,0.69,603585,苏利股份,slgf,17.91,-0.5,1.28,17.2,104.13,0,31.18,167.77,220803,基础化工,shmb,C,2022-03-10,[],0,0,buy,AA-,,12.04,22.36,21.4,buy,2028-02-16,1.748,7.39,5524.01,6772.17,5.5,-8.57,,0,14:59:44,00,Y,N,1,1,Y,转股价下修1次，成功下修1次,2022-08-22 开始转股,计算使用1.8年期 评级为AA- 债参考YTM：2.0132,N,9.572,全价：136.592 最后更新：14:59:44,,,,1,[],0,0,N,,,buy,buy
2026-05-19 10:47:38,118060,瑞可转债,rkzz,247.699,1.51,688800,瑞可达,rkd,139.3,-3.78,11.36,73.85,188.63,1,31.32,279.02,270401,电子,shkc,C,2025-12-12,[],0,0,buy,AA-,,51.695,96.005,3.5,buy,2031-11-14,5.493,10.0,98340.96,179872.37,40.16,-13.07,,0,14:59:59,00,Y,N,0,0,Y,,未到转股期；2026-05-20 开始转股,计算使用5.5年期 评级为AA- 债参考YTM：3.0772,N,10.0,全价：247.699 最后更新：14:59:59,,,,0,{'M': ''},0,0,N,,,buy,buy
2026-05-19 10:47:38,123107,温氏转债,wszz,117.958,0.65,300498,温氏股份,wsgf,14.58,-0.95,2.4,16.29,89.5,0,31.79,149.75,110702,农林牧渔,szcy,C,2021-04-21,[],0,0,buy,AAA,,11.403,21.177,8.9,buy,2027-03-29,0.86,77.064,34354.23,82731.13,3.81,-9.81,,0,15:34:39,00,Y,N,0,0,N,2026-05-18 至 2026-05-22 期间暂停转股：回售,2021-10-08 开始转股;2026-05-18 至 2026-05-22 期间暂停转股：回售,计算使用0.9年期 评级为AAA 债参考YTM：1.4794,N,92.97,全价：117.958 最后更新：15:34:39,,,,1,{'M': ''},0,0,Y,,,buy,buy
2026-05-19 10:47:38,118013,道通转债,dtzz,247.807,3.99,688208,道通科技,dtkj,40.35,0.98,6.68,21.48,187.85,0,31.92,279.73,710103,计算机,shkc,C,2022-07-28,[],0,0,buy,AA,,15.036,27.924,4.7,buy,2028-07-08,2.14,12.796,22893.43,80943.62,7.43,-29.61,,0,14:59:59,00,Y,N,0,0,Y,,2023-01-16 开始转股,计算使用2.2年期 评级为AA 债参考YTM：1.7194,N,12.8,全价：247.807 最后更新：14:59:59,,,,0,"{'G': '本次（2026年1月5日至2026年1月23日）不提前赎回，以2026年7月24日为首个交易日重新计算', 'M': ''}",0,0,N,,,buy,buy
2026-05-19 10:47:38,111002,特纸转债,tzzz,141.412,0.99,605007,五洲特纸,wztz,14.61,0.21,1.85,13.65,107.03,0,32.12,173.53,360103,轻工制造,shmb,C,2021-12-30,[],0,0,buy,AA,,9.555,17.745,11.3,buy,2027-12-08,1.556,6.619,3500.18,5684.47,3.76,-13.17,,0,14:59:01,00,Y,N,1,1,Y,转股价下修1次，成功下修1次,2022-06-14 开始转股,计算使用1.6年期 评级为AA 债参考YTM：1.6422,N,6.7,全价：141.412 最后更新：14:59:01,,,,1,[],0,0,N,,,buy,buy
2026-05-19 10:47:38,127070,大中转债,dzzz,492.99,-1.91,001203,大中矿业,dzky,40.08,-2.74,8.21,10.76,372.49,0,32.35,525.34,230301,钢铁,szmb,C,2022-10-11,[],0,0,buy,AA,,7.532,13.988,1.8,buy,2028-08-17,2.249,9.343,102218.53,132789.33,22.72,-48.02,,0,15:34:33,00,Y,N,0,0,Y,,2023-02-23 开始转股,计算使用2.3年期 评级为AA 债参考YTM：1.7337,N,15.2,全价：492.990 最后更新：15:34:33,,,,0,"{'G': '本次（2026年2月24日至2026年3月16日）不提前赎回，以2026年9月16日后的首个交易日重新计算', 'M': ''}",0,0,N,,,buy,buy
2026-05-19 10:47:38,127105,龙星转债,lxzz,139.088,2.05,002442,龙星科技,lxkj,6.09,3.4,1.66,5.8,105.0,0,32.46,171.55,220603,基础化工,szmb,C,2024-03-06,[],0,0,buy,AA-,,4.06,7.54,25.2,buy,2030-01-31,3.707,7.54,7639.67,15312.3,7.32,-4.12,,0,15:34:09,00,Y,N,0,0,Y,,2024-08-07 开始转股,计算使用3.8年期 评级为AA- 债参考YTM：2.5418,N,7.54,全价：139.088 最后更新：15:34:09,,,,0,[],0,0,N,,,buy,buy
2026-05-19 10:47:38,123150,九强转债,jqzz,139.817,1.57,300406,九强生物,jqsw,12.97,0.46,1.95,12.3,105.45,0,32.59,172.41,370504,医药生物,szcy,C,2022-07-20,[],0,0,buy,AA-,,8.61,15.99,20.4,buy,2028-06-30,2.118,11.21,4678.26,4229.54,3.01,-9.46,,0,15:33:54,00,Y,N,1,1,Y,转股价下修1次，成功下修1次,2023-01-06 开始转股,计算使用2.2年期 评级为AA- 债参考YTM：2.1028,N,11.39,全价：139.817 最后更新：15:33:54,,,,0,{'M': ''},0,0,N,,,buy,buy
2026-05-19 10:47:38,118030,睿创转债,rczz,451.826,5.32,688002,睿创微纳,rcwn,133.26,-0.63,8.49,39.12,340.64,0,32.64,484.47,650501,国防军工,shkc,C,2023-02-10,[],0,0,buy,AA,,27.384,50.856,2.0,buy,2028-12-30,2.619,12.622,41637.5,139855.88,7.61,-41.41,,0,14:59:57,00,Y,N,0,0,Y,,2023-07-06 开始转股,计算使用2.7年期 评级为AA 债参考YTM：1.7912,N,15.647,全价：451.826 最后更新：14:59:57,,,,0,"{'G': '本次（2026年3月18日至2026年4月8日）不提前赎回，以2027年4月9日为首个交易日重新计算', 'M': ''}",0,0,N,,,buy,buy
2026-05-19 10:47:38,113688,国检转债,gjzz,146.051,-1.41,603060,国检集团,gjjt,7.13,0.0,2.75,6.52,109.36,0,33.56,179.61,460802,社会服务,shmb,C,2024-11-12,[],0,0,buy,AA+,,4.564,8.476,14.0,buy,2030-10-17,4.416,7.998,24182.67,26773.55,20.84,-5.11,,0,14:59:59,00,Y,N,0,0,Y,,2025-04-23 开始转股,计算使用4.5年期 评级为AA+ 债参考YTM：1.8760,N,8.0,全价：146.051 最后更新：14:59:59,,,,0,[],0,0,N,,,buy,buy
2026-05-19 10:47:38,110092,三房转债,sfzz,67.782,2.26,600370,*ST三房,sfx,1.53,-4.97,1.19,3.02,50.66,0,33.79,101.57,220401,基础化工,shmb,C,2023-02-07,[],0,0,buy,A+,,2.114,3.926,34.4,buy,2029-01-06,2.638,21.185,42469.74,296.68,29.92,21.98,,0,15:00:00,00,Y,N,0,0,Y,,2023-07-12 开始转股,计算使用2.7年期 评级为A+ 债参考YTM：4.6293,N,25.0,全价：67.782 最后更新：15:00:00,,,,0,[],0,0,N,,,buy,buy
2026-05-19 10:47:38,123155,中陆转债,zlzz,146.198,-0.21,301040,中环海陆,zhhl,34.7,-7.47,4.48,31.76,109.26,0,33.81,180.01,630602,电力设备,szcy,C,2022-08-31,[],0,0,buy,A+,,22.232,41.288,11.0,buy,2028-08-12,2.236,3.6,10583.58,41452.42,20.24,-8.89,,0,15:34:48,00,Y,N,0,0,Y,,2023-02-20 开始转股,计算使用2.3年期 评级为A+ 债参考YTM：4.4761,N,3.6,全价：146.198 最后更新：15:34:48,,,,0,{'M': ''},0,0,N,,,buy,buy
2026-05-19 10:47:38,118012,微芯转债,wxzz,153.792,1.62,688321,微芯生物,wxsw,29.1,0.24,4.99,25.34,114.84,0,33.92,187.71,370102,医药生物,shkc,C,2022-07-28,[],0,0,buy,A+,,17.738,32.942,4.2,buy,2028-07-05,2.132,4.996,7282.48,30978.14,9.62,-11.48,,0,14:59:58,00,Y,N,0,0,Y,,2023-01-11 开始转股,计算使用2.2年期 评级为A+ 债参考YTM：4.4435,N,5.0,全价：153.792 最后更新：14:59:58,,,,0,{'M': ''},0,0,N,,,buy,buy
2026-05-19 10:47:38,123112,万讯转债,wxzz,138.2,1.41,300112,万讯自控,wxzk,8.56,0.47,2.52,8.3,103.13,0,34.0,172.2,640107,机械设备,szcy,C,2021-04-23,[],0,0,buy,AA-,,5.81,10.79,11.1,buy,2027-04-08,0.888,2.265,2703.1,4859.21,8.7,-16.52,,0,15:34:36,00,Y,N,0,0,Y,,2021-10-14 开始转股,计算使用0.9年期 评级为AA- 债参考YTM：1.8023,N,2.457,全价：138.200 最后更新：15:34:36,,,,1,[],0,0,N,,,buy,buy
2026-05-19 10:47:38,123104,卫宁转债,wnzz,131.1,1.78,300253,卫宁健康,wnjk,9.21,3.14,3.62,9.44,97.56,0,34.37,165.47,710401,计算机,szcy,C,2021-03-31,[],0,0,buy,AA,,6.608,12.272,5.7,buy,2027-03-16,0.825,9.699,7801.85,68111.13,6.19,-10.3,,0,15:34:33,00,Y,N,1,1,Y,转股价下修1次，成功下修1次,2021-09-22 开始转股,计算使用0.9年期 评级为AA 债参考YTM：1.5263,N,9.703,全价：131.100 最后更新：15:34:33,,,,1,{'M': ''},0,0,N,,,buy,buy
2026-05-19 10:47:38,123237,佳禾转债,jhzz,148.8,2.62,300793,佳禾智能,jhzn,14.89,2.2,2.01,13.46,110.62,0,34.51,183.31,270504,电子,szcy,C,2024-01-24,[],0,0,buy,A+,,9.422,17.498,7.8,buy,2030-01-04,3.633,4.315,3752.39,11121.61,5.9,-6.44,,0,15:34:06,00,Y,N,1,1,Y,转股价下修1次，成功下修1次,2024-07-10 开始转股,计算使用3.7年期 评级为A+ 债参考YTM：4.8862,N,10.04,全价：148.800 最后更新：15:34:06,,,,0,[],0,0,N,,,buy,buy
2026-05-19 10:47:38,111022,锡振转债,xzzz,159.34,-0.97,605319,无锡振华,wxzh,26.8,-1.69,3.26,22.64,118.38,0,34.61,193.95,280205,汽车,shmb,C,2025-07-14,[],0,0,buy,AA-,,15.848,29.432,5.6,buy,2031-06-18,5.085,5.197,4657.2,15007.74,5.63,-5.86,,0,14:59:39,00,Y,N,0,0,Y,,2025-12-24 开始转股,计算使用5.1年期 评级为AA- 债参考YTM：2.7702,N,5.2,全价：159.340 最后更新：14:59:39,,,,0,[],0,0,N,,,buy,buy
2026-05-19 10:47:38,113584,家悦转债,jyzz,109.823,0.0,603708,家家悦,jjy,10.11,1.0,2.58,12.45,81.21,0,35.24,145.06,450302,商贸零售,shmb,C,2020-06-24,[],0,0,buy,AA,,8.715,16.185,10.0,buy,2026-06-05,0.047,6.447,3632.87,4133.54,5.13,3.68,,0,14:59:39,00,Y,N,1,1,Y,转股价下修1次，成功下修1次,2020-12-14 开始转股,计算使用0.1年期 评级为AA 债参考YTM：1.4422,N,6.45,全价：109.823 最后更新：14:59:39,,,,1,"{'R': '到期\n最后交易日：2026-06-01\n最后转股日：2026-06-04\n债券到期日：2026-06-05\n到期赎回价：110.000元/张', 'M': ''}",0,0,N,,,buy,buy
2026-05-19 10:47:38,118062,天准转债,tzzz,250.762,0.74,688003,天准科技,tzkj,103.31,-0.57,9.99,55.73,185.38,30,35.27,286.03,640704,机械设备,shkc,C,2025-12-31,[],0,0,buy,AA-,,39.011,66.876,4.3,buy,2031-12-11,5.567,8.72,48429.27,88654.0,22.61,-13.1,,0,14:59:59,00,Y,N,0,0,Y,,未到转股期；2026-06-18 开始转股,计算使用5.6年期 评级为AA- 债参考YTM：3.1749,N,8.72,全价：250.762 最后更新：14:59:59,,,,0,{'M': ''},0,0,N,120%,,buy,buy
2026-05-19 10:47:38,123088,威唐转债,wtzz,133.949,0.87,300707,威唐工业,wtgy,14.81,-0.67,2.26,14.96,99.0,0,35.31,169.26,280205,汽车,szcy,C,2021-01-06,[],0,0,buy,A+,,10.472,19.448,13.9,buy,2026-12-15,0.575,3.004,2019.79,6759.61,5.05,-24.71,,0,15:34:30,00,Y,N,1,1,Y,转股价下修1次，成功下修1次,2021-06-21 开始转股,计算使用0.6年期 评级为A+ 债参考YTM：4.0831,N,3.014,全价：133.949 最后更新：15:34:30,,,,1,[],0,0,N,,,buy,buy
2026-05-19 10:47:38,111020,合顺转债,hszz,148.087,1.79,605166,聚合顺,jhs,11.56,0.52,1.81,10.59,109.16,0,35.66,183.75,220406,基础化工,shmb,C,2024-08-15,[],0,0,buy,AA-,,7.413,13.767,9.3,buy,2030-07-22,4.178,3.38,3333.53,5969.8,6.72,-5.05,,0,14:59:42,00,Y,N,0,0,Y,,2025-01-27 开始转股,计算使用4.2年期 评级为AA- 债参考YTM：2.6070,N,3.38,全价：148.087 最后更新：14:59:42,,,,0,[],0,0,N,,,buy,buy
2026-05-19 10:47:38,127092,运机转债,yjzz,314.838,1.27,001288,运机集团,yjjt,27.57,2.53,2.65,11.89,231.88,0,35.78,350.62,640203,机械设备,szmb,C,2023-10-20,[],0,0,buy,AA-,,8.323,15.457,12.5,buy,2029-09-21,3.345,5.25,32155.74,15793.05,19.68,-25.3,,0,15:34:42,00,Y,N,0,0,Y,,2024-03-27 开始转股,计算使用3.4年期 评级为AA- 债参考YTM：2.4892,N,7.3,全价：314.838 最后更新：15:34:42,,,,0,{'G': '本次（2025年12月8日至2025年12月26日）不提前赎回，以2026年12月26日后的首个交易日起重新计算'},0,0,N,,,buy,buy
2026-05-19 10:47:38,123178,花园转债,hyzz,138.626,1.76,300401,花园生物,hysw,13.73,1.33,2.11,13.45,102.08,0,35.8,174.43,370101,医药生物,szcy,C,2023-03-23,[],0,0,buy,AA-,,9.415,17.485,16.0,buy,2029-03-06,2.8,11.731,6950.03,10621.21,4.3,-5.53,,0,15:34:06,00,Y,N,1,1,Y,转股价下修1次，成功下修1次,2023-09-11 开始转股,计算使用2.8年期 评级为AA- 债参考YTM：2.3214,N,12.0,全价：138.626 最后更新：15:34:06,,,,0,{'M': ''},0,0,N,,,buy,buy
2026-05-19 10:47:38,110098,南药转债,nyzz,138.5,1.34,600713,南京医药,njyy,5.22,0.58,0.93,5.12,101.95,0,35.85,174.35,370402,医药生物,shmb,C,2025-01-20,[],0,0,buy,AA+,,3.584,6.656,16.1,buy,2030-12-25,4.606,10.814,7463.34,3880.47,5.04,-4.52,,0,14:58:41,00,Y,N,0,0,Y,,2025-07-01 开始转股,计算使用4.7年期 评级为AA+ 债参考YTM：1.8895,N,10.815,全价：138.500 最后更新：14:58:41,,,,0,[],0,0,N,,,buy,buy
2026-05-19 10:47:38,128134,鸿路转债,hlzz,115.607,2.24,002541,鸿路钢构,hlgg,18.7,5.95,1.27,21.99,85.04,0,35.95,151.56,620401,建筑装饰,szmb,C,2020-11-02,[],0,0,buy,AA,,15.393,28.587,16.9,buy,2026-10-09,0.392,15.726,16899.2,60551.39,9.38,-12.47,,0,15:34:03,00,Y,N,1,1,Y,转股价下修1次，成功下修1次,2021-04-15 开始转股,计算使用0.4年期 评级为AA 债参考YTM：1.4800,N,18.8,全价：115.607 最后更新：15:34:03,,,,0,{'M': ''},0,0,N,,,buy,buy
2026-05-19 10:47:38,127064,杭氧转债,hyzz,149.9,1.19,002430,杭氧股份,hygf,28.62,-1.31,2.75,25.97,110.2,0,36.02,185.92,220309,基础化工,szmb,C,2022-07-05,[],0,0,buy,AA+,,18.179,33.761,4.1,buy,2028-05-19,2.0,11.364,9089.54,48080.17,5.42,-14.52,,0,15:34:42,00,Y,N,1,1,Y,转股价下修1次，成功下修1次,2022-11-25 开始转股,计算使用2.0年期 评级为AA+ 债参考YTM：1.6612,N,11.37,全价：149.900 最后更新：15:34:42,,,,1,{'M': ''},0,0,N,,,buy,buy
2026-05-19 10:47:38,127045,牧原转债,myzz,125.671,0.22,002714,牧原股份,mygf,40.3,-0.32,2.67,43.74,92.14,0,36.4,162.07,110702,农林牧渔,szmb,C,2021-09-10,[],0,0,buy,AA+,,30.618,56.862,6.2,buy,2027-08-16,1.244,95.43,28729.56,175073.25,2.41,-11.25,,0,15:34:30,00,Y,Y,0,0,N,2026-05-18 起暂停转股：权益分派,2022-02-21 开始转股;2026-05-18 起暂停转股：权益分派,计算使用1.3年期 评级为AA+ 债参考YTM：1.5824,N,95.5,全价：125.671 最后更新：15:34:30,,,,1,{'M': ''},0,0,N,,,buy,buy
2026-05-19 10:47:38,118007,山石转债,sszz,147.463,1.88,688030,山石网科,sswk,17.81,4.03,4.6,16.5,107.94,0,36.62,184.08,710402,计算机,shkc,C,2022-04-21,[],0,0,buy,A,,11.55,21.45,8.3,buy,2028-03-22,1.844,2.671,4434.78,7050.17,11.37,-12.14,,0,14:59:59,00,Y,N,1,1,Y,转股价下修1次，成功下修1次,2022-09-28 开始转股,计算使用1.9年期 评级为A 债参考YTM：6.7210,N,2.674,全价：147.463 最后更新：14:59:59,,,,1,{'M': ''},0,0,N,,,buy,buy
2026-05-19 10:47:38,111017,蓝天转债,ltzz,130.901,1.07,605368,蓝天燃气,ltrq,7.63,1.19,1.62,7.98,95.61,0,36.91,167.81,410301,公用事业,shmb,C,2023-09-08,[],0,0,buy,AA,,5.586,10.374,12.3,buy,2029-08-15,3.244,6.715,3385.29,2754.38,3.86,-4.18,,0,14:58:55,00,Y,N,0,0,Y,,2024-02-21 开始转股,计算使用3.3年期 评级为AA 债参考YTM：1.8825,N,8.7,全价：130.901 最后更新：14:58:55,,,,0,[],0,0,N,,,buy,buy
2026-05-19 10:47:38,123257,安克转债,akzz,160.999,-0.08,300866,安克创新,akcx,129.67,-4.93,6.23,110.56,117.29,0,37.27,198.27,270503,电子,szcy,C,2025-07-04,[],0,0,buy,AA+,,77.392,143.728,2.8,buy,2031-06-16,5.08,11.047,10467.86,73657.51,5.92,-6.91,,0,15:34:15,00,Y,N,0,0,Y,,2025-12-22 开始转股,计算使用5.1年期 评级为AA+ 债参考YTM：1.9170,N,11.048,全价：160.999 最后更新：15:34:15,,,,0,{'M': ''},0,0,N,,,buy,buy
2026-05-19 10:47:38,113052,兴业转债,xyzz,117.345,0.72,601166,兴业银行,xyyh,17.5,0.29,0.41,20.63,84.83,0,38.33,155.68,480301,银行,shmb,C,2022-01-14,[],0,0,buy,AAA,,,26.819,11.2,buy,2027-12-27,1.608,413.5,46391.43,145773.32,0.96,-3.28,,0,14:59:25,00,Y,Y,0,0,Y,,2022-06-30 开始转股,计算使用1.7年期 评级为AAA 债参考YTM：1.5865,N,500.0,全价：117.345 最后更新：14:59:25,,,,0,{'M': ''},0,0,N,,,buy,buy
2026-05-19 10:47:38,113659,莱克转债,lkzz,135.917,0.3,603355,莱克电气,lkdq,31.15,-1.58,3.11,31.72,98.2,0,38.4,174.32,330302,家用电器,shmb,C,2022-11-15,[],0,0,buy,AA,,22.204,41.236,6.7,buy,2028-10-14,2.408,11.998,8334.91,6251.65,5.12,-7.41,,0,14:59:59,00,Y,N,0,0,Y,,2023-04-20 开始转股,计算使用2.5年期 评级为AA 债参考YTM：1.7624,N,12.0,全价：135.917 最后更新：14:59:59,,,,0,"{'M': '', 'EX': '莱克电气投资集团有限公司竞价减持10.04% 2026年05月13日公告'}",0,0,N,,,buy,buy
2026-05-19 10:47:38,128138,侨银转债,qyzz,131.742,-0.12,002973,侨银股份,qygf,13.93,-1.35,2.18,14.64,95.15,0,38.46,170.2,760103,环保,szmb,C,2020-12-24,[],0,0,buy,A+,,10.248,19.032,9.5,buy,2026-11-17,0.499,4.199,5734.01,8624.52,10.35,-2.67,,0,15:34:30,00,Y,N,2,2,Y,转股价下修2次，成功下修2次,2021-05-24 开始转股,计算使用0.5年期 评级为A+ 债参考YTM：4.0650,N,4.2,全价：131.742 最后更新：15:34:30,,,,1,[],0,0,N,,,buy,buy
2026-05-19 10:47:38,123199,山河转债,shzz,141.519,1.74,300452,山河药辅,shyf,13.54,0.67,3.01,13.3,101.81,0,39.01,180.53,370101,医药生物,szcy,C,2023-07-07,[],0,0,buy,A+,,9.31,17.29,11.9,buy,2029-06-12,3.069,3.197,3110.48,3727.15,6.92,-7.36,,0,15:34:18,00,Y,N,1,1,Y,转股价下修1次，成功下修1次,2023-12-18 开始转股,计算使用3.1年期 评级为A+ 债参考YTM：4.7764,N,3.2,全价：141.519 最后更新：15:34:18,,,,0,[],0,0,N,,,buy,buy
2026-05-19 10:47:38,118035,国力转债,glzz,147.502,1.66,688103,国力电子,gldz,65.97,1.17,5.47,62.54,105.48,0,39.83,187.33,270401,电子,shkc,C,2023-07-06,[],0,0,buy,A+,,43.778,81.302,7.6,buy,2029-06-12,3.069,4.8,5834.0,10972.18,8.31,-6.82,,0,14:59:56,00,Y,N,0,0,Y,,2023-12-18 开始转股,计算使用3.1年期 评级为A+ 债参考YTM：4.7764,N,4.8,全价：147.502 最后更新：14:59:56,,,,0,{'M': ''},0,0,N,,,buy,buy
2026-05-19 10:47:38,118052,浩瀚转债,hhzz,160.828,4.84,688292,浩瀚深度,hhsd,27.74,12.99,4.36,24.26,114.35,0,40.65,201.48,710103,计算机,shkc,C,2025-04-07,[],0,0,buy,A+,,16.982,31.538,8.1,buy,2031-03-13,4.819,3.539,121728.96,45511.88,212.21,-6.03,,0,15:00:00,00,Y,N,0,0,Y,,2025-09-19 开始转股,计算使用4.9年期 评级为A+ 债参考YTM：5.0744,N,3.54,全价：160.828 最后更新：15:00:00,,,,0,{'M': ''},0,0,N,,,buy,buy
2026-05-19 10:47:38,113698,凯众转债,kzzz,165.126,1.06,603037,凯众股份,kzgf,14.95,1.49,3.89,12.74,117.35,0,40.72,205.85,280203,汽车,shmb,C,2025-09-10,[],0,0,buy,AA-,,8.918,16.562,7.7,buy,2031-08-15,5.244,3.079,23050.37,20723.87,45.02,-6.95,,0,14:59:56,00,Y,N,0,0,Y,,2026-02-24 开始转股,计算使用5.3年期 评级为AA- 债参考YTM：2.8968,N,3.08,全价：165.126 最后更新：14:59:56,,,,0,[],0,0,N,,,buy,buy
2026-05-19 10:47:38,123142,申昊转债,shzz,133.781,-0.19,300853,申昊科技,shkj,31.94,-5.14,7.37,33.71,94.75,0,41.19,174.97,630803,电力设备,szcy,C,2022-04-11,[],0,0,buy,A-,,23.597,43.823,17.5,buy,2028-03-18,1.833,5.494,6486.34,31001.71,8.84,-9.17,,0,15:34:48,00,Y,N,0,0,Y,,2022-09-26 开始转股,计算使用1.9年期 评级为A- 债参考YTM：9.0710,N,5.5,全价：133.781 最后更新：15:34:48,,,,1,[],0,0,N,,,buy,buy
2026-05-19 10:47:38,110090,爱迪转债,adzz,141.113,1.91,600933,爱柯迪,akd,17.5,0.81,1.82,17.55,99.72,0,41.52,182.63,280203,汽车,shmb,C,2022-10-28,[],0,0,buy,AA,,12.285,22.815,9.1,buy,2028-09-23,2.351,15.696,10177.1,24710.73,4.62,-9.22,,0,14:59:54,00,Y,N,0,0,Y,,2023-03-29 开始转股,计算使用2.4年期 评级为AA 债参考YTM：1.7480,N,15.7,全价：141.113 最后更新：14:59:54,,,,0,{'M': ''},0,0,N,,,buy,buy
2026-05-19 10:47:38,110093,神马转债,smzz,122.48,1.74,600810,神马股份,smgf,6.99,0.0,0.82,8.08,86.51,0,41.58,164.06,220406,基础化工,shmb,C,2023-04-20,[],0,0,buy,AAA,,5.656,10.504,29.4,buy,2029-03-16,2.827,22.199,12726.84,8046.42,4.72,-3.78,,0,14:59:12,00,Y,N,0,0,Y,,2023-09-22 开始转股,计算使用2.9年期 评级为AAA 债参考YTM：1.6861,N,30.0,全价：122.480 最后更新：14:59:12,,,,0,{'M': ''},0,0,N,,,buy,buy
2026-05-19 10:47:38,118064,联瑞转债,lrzz,277.402,5.87,688300,联瑞新材,lrxc,124.51,2.74,16.43,63.55,195.92,56,41.59,318.99,220901,基础化工,shkc,C,2026-01-28,[],0,0,buy,AA,,44.485,82.615,2.3,buy,2032-01-07,5.641,6.95,36950.72,103983.06,19.87,-14.77,,0,14:59:59,00,Y,N,0,0,Y,,未到转股期；2026-07-14 开始转股,计算使用5.7年期 评级为AA 债参考YTM：2.2217,N,6.95,全价：277.402 最后更新：14:59:59,,,,0,{'M': ''},0,0,N,,,buy,buy
2026-05-19 10:47:38,123224,宇邦转债,ybzz,147.55,2.16,301266,宇邦新材,ybxc,38.36,2.02,2.25,36.82,104.18,0,41.63,189.18,630504,电力设备,szcy,C,2023-10-18,[],0,0,buy,A+,,25.774,47.866,7.1,buy,2029-09-19,3.34,2.848,6131.41,12139.26,14.78,-6.18,,0,15:34:00,00,Y,N,1,1,N,"转股价下修1次，成功下修1次
2026-05-13 至 2026-05-21 期间暂停转股：权益分派
转股价36.820生效日期2025-11-21",2024-03-25 开始转股;2026-05-13 至 2026-05-21 期间暂停转股：权益分派,计算使用3.4年期 评级为A+ 债参考YTM：4.8432,N,5.0,全价：147.550 最后更新：15:34:00,,,,0,"{'G': '本次（2026年1月30日至2026年3月11日）不提前赎回，自2026年6月11日后首个交易日重新计算', 'M': ''}",0,0,N,,,buy,buy
2026-05-19 10:47:38,123252,银邦转债,ybzz,153.29,1.79,300337,银邦股份,ybgf,13.48,-1.03,6.18,12.51,107.75,0,42.26,195.55,240301,有色金属,szcy,C,2025-01-24,[],0,0,buy,AA-,,8.757,16.263,8.2,buy,2031-01-06,4.638,7.846,11356.71,28577.08,9.59,-5.64,,0,15:34:36,00,Y,N,0,0,Y,,2025-07-14 开始转股,计算使用4.7年期 评级为AA- 债参考YTM：2.6902,N,7.85,全价：153.290 最后更新：15:34:36,,,,0,{'M': ''},0,0,N,,,buy,buy
2026-05-19 10:47:38,111003,聚合转债,jhzz,144.961,1.03,605166,聚合顺,jhs,11.56,0.52,1.81,11.37,101.67,0,42.58,187.54,220406,基础化工,shmb,C,2022-04-19,[],0,0,buy,AA-,,7.959,14.781,5.6,buy,2028-03-07,1.803,2.035,1991.85,5969.8,6.8,-11.13,,0,14:58:47,00,Y,N,1,1,Y,转股价下修1次，成功下修1次,2022-09-13 开始转股,计算使用1.9年期 评级为AA- 债参考YTM：2.0313,N,2.04,全价：144.961 最后更新：14:58:47,,,,1,[],0,0,N,,,buy,buy
2026-05-19 10:47:38,118036,力合转债,lhzz,146.988,1.93,688589,力合微,lhw,24.66,1.4,3.44,23.93,103.05,0,42.64,189.63,270104,电子,shkc,C,2023-07-20,[],0,0,buy,AA-,,16.751,31.109,10.6,buy,2029-06-28,3.112,3.8,4706.28,10138.14,8.55,-6.61,,0,14:59:28,00,Y,N,1,1,Y,转股价下修1次，成功下修1次,2024-01-04 开始转股,计算使用3.2年期 评级为AA- 债参考YTM：2.4510,N,3.8,全价：146.988 最后更新：14:59:28,,,,0,{'M': ''},0,0,N,,,buy,buy
2026-05-19 10:47:38,123119,康泰转2,ktz2,128.097,1.13,300601,康泰生物,ktsw,14.12,0.93,1.63,15.73,89.77,0,42.7,170.8,370303,医药生物,szcy,C,2021-08-05,[],0,0,buy,AA,,11.011,20.449,15.7,buy,2027-07-15,1.156,19.99,6636.33,14808.94,2.6,-9.87,,0,15:34:36,00,Y,N,5,5,Y,转股价下修5次，成功下修5次,2022-01-21 开始转股,计算使用1.2年期 评级为AA 债参考YTM：1.5886,N,20.0,全价：128.097 最后更新：15:34:36,,,,1,{'M': ''},0,0,N,,,buy,buy
2026-05-19 10:47:38,127089,晶澳转债,jazz,124.803,1.67,002459,晶澳科技,jakj,10.19,-0.68,1.58,11.66,87.39,0,42.81,167.61,630502,电力设备,szmb,C,2023-08-04,[],0,0,buy,AA+,,8.162,15.158,26.6,buy,2029-07-18,3.167,89.588,35083.35,68204.98,3.18,-3.45,,0,15:34:09,00,Y,N,2,1,Y,转股价下修2次，成功下修1次,2024-01-24 开始转股,计算使用3.2年期 评级为AA+ 债参考YTM：1.7936,N,89.603,全价：124.803 最后更新：15:34:09,,,,0,{'M': ''},0,0,N,,,buy,buy
2026-05-19 10:47:38,127049,希望转2,xwz2,112.603,0.72,000876,新希望,xxw,8.34,1.21,1.72,10.59,78.75,0,42.98,155.58,110702,农林牧渔,szmb,C,2021-11-29,[],0,0,buy,AAA,,7.413,13.767,21.7,buy,2027-11-02,1.458,81.434,14071.66,15875.29,1.54,-2.48,,0,15:34:24,00,Y,N,1,1,Y,转股价下修1次，成功下修1次,2022-05-09 开始转股,计算使用1.5年期 评级为AAA 债参考YTM：1.5711,N,81.5,全价：112.603 最后更新：15:34:24,,,,1,{'M': ''},0,0,N,,,buy,buy
2026-05-19 10:47:38,127018,本钢转债,bgzz,118.393,0.0,000761,本钢板材,bgbc,2.72,1.49,1.63,3.29,82.68,0,43.2,161.59,230402,钢铁,szmb,C,2020-08-04,[],0,0,buy,AAA,,2.303,4.277,55.8,buy,2026-06-29,0.112,56.309,20427.59,4845.34,3.06,4.57,,0,15:34:24,00,Y,N,1,1,Y,转股价下修1次，成功下修1次,2021-01-04 开始转股,计算使用0.2年期 评级为AAA 债参考YTM：1.4175,N,68.0,全价：118.393 最后更新：15:34:24,,,,1,{'M': ''},0,0,N,,,buy,buy
2026-05-19 10:47:38,123171,共同转债,gtzz,139.698,0.72,300966,共同药业,gtyy,26.45,-1.86,3.68,27.12,97.53,0,43.24,182.94,370101,医药生物,szcy,C,2022-12-16,[],0,0,buy,A,,18.984,35.256,18.7,buy,2028-11-28,2.532,3.799,5696.35,15186.71,10.84,-6.17,,0,15:33:54,00,Y,N,0,0,Y,,2023-06-02 开始转股,计算使用2.6年期 评级为A 债参考YTM：6.9393,N,3.8,全价：139.698 最后更新：15:33:54,,,,0,{'M': ''},0,0,N,,,buy,buy
2026-05-19 10:47:38,127099,盛航转债,shzz,137.998,1.49,001205,盛航股份,shgf,14.91,0.13,1.27,15.48,96.32,0,43.27,181.27,421101,交通运输,szmb,C,2023-12-28,[],0,0,buy,AA-,,10.836,20.124,18.3,buy,2029-12-06,3.553,4.541,2889.13,2787.31,4.65,-4.0,,0,15:34:12,00,Y,N,1,1,N,"转股价下修1次，成功下修1次
2026-05-14 至 2026-05-25 期间暂停转股：权益分派
转股价15.480生效日期2025-06-06",2024-06-12 开始转股;2026-05-14 至 2026-05-25 期间暂停转股：权益分派,计算使用3.6年期 评级为AA- 债参考YTM：2.5168,N,7.4,全价：137.998 最后更新：15:34:12,,,,0,[],0,0,N,,,buy,buy
2026-05-19 10:47:38,113658,密卫转债,mwzz,136.493,1.52,603713,密尔克卫,mekw,53.08,0.86,1.7,55.72,95.26,0,43.28,179.77,420806,交通运输,shmb,C,2022-10-25,[],0,0,buy,AA-,,39.004,72.436,10.4,buy,2027-09-16,1.329,8.719,4736.4,6232.46,4.01,-13.1,,0,14:59:50,00,Y,N,1,1,N,"转股价下修1次，成功下修1次
2026-05-19 起暂停转股：权益分派
转股价55.720生效日期2025-06-05",2023-03-22 开始转股;2026-05-19 起暂停转股：权益分派,计算使用1.4年期 评级为AA- 债参考YTM：1.9429,N,8.724,全价：136.493 最后更新：14:59:50,,,,1,{'M': ''},0,0,N,,,buy,buy
2026-05-19 10:47:38,127054,双箭转债,sjzz,132.298,0.92,002381,双箭股份,sjgf,6.48,0.62,1.23,7.06,91.79,0,44.14,176.44,220602,基础化工,szmb,C,2022-03-15,[],0,0,buy,AA,,4.942,9.178,24.7,buy,2028-02-11,1.734,5.136,3836.76,2957.88,5.68,-8.4,,0,15:34:51,00,Y,N,0,0,Y,,2022-08-17 开始转股,计算使用1.8年期 评级为AA 债参考YTM：1.6656,N,5.136,全价：132.298 最后更新：15:34:51,,,,1,[],0,0,N,,,buy,buy
2026-05-19 10:47:38,113066,平煤转债,pmzz,145.48,0.49,601666,平煤股份,pmgf,7.58,0.4,0.75,7.52,100.8,0,44.33,189.81,740102,煤炭,shmb,C,2023-04-10,[],0,0,buy,AAA,,5.264,9.776,7.6,buy,2029-03-16,2.827,14.274,3404.32,18461.55,1.64,-9.59,,0,14:59:01,00,Y,N,1,1,Y,转股价下修1次，成功下修1次,2023-09-22 开始转股,计算使用2.9年期 评级为AAA 债参考YTM：1.6861,N,29.0,全价：145.480 最后更新：14:59:01,,,,0,{'M': ''},0,0,N,,,buy,buy
2026-05-19 10:47:38,118037,上声转债,sszz,138.829,0.29,688533,上声电子,ssdz,27.85,0.22,2.53,28.99,96.07,0,44.51,183.34,280206,汽车,shkc,C,2023-08-01,[],0,0,buy,A+,,20.293,37.687,10.2,buy,2029-07-06,3.134,4.679,3400.7,3807.38,5.26,-5.8,,0,14:59:58,00,Y,N,2,1,Y,转股价下修2次，成功下修1次,2024-01-12 开始转股,计算使用3.2年期 评级为A+ 债参考YTM：4.8030,N,5.2,全价：138.829 最后更新：14:59:58,,,,0,{'M': ''},0,0,N,,,buy,buy
2026-05-19 10:47:38,113053,隆22转债,l22zz,126.132,0.67,601012,隆基绿能,ljln,15.24,0.66,2.27,17.5,87.09,0,44.84,170.97,630502,电力设备,shmb,C,2022-02-17,[],0,0,buy,AAA,,12.25,22.75,6.1,buy,2028-01-05,1.633,69.951,20300.81,179861.34,2.31,-8.85,,0,14:59:43,00,Y,N,1,1,Y,转股价下修1次，成功下修1次,2022-07-11 开始转股,计算使用1.7年期 评级为AAA 债参考YTM：1.5865,N,70.0,全价：126.132 最后更新：14:59:43,,,,1,{'M': ''},0,0,N,,,buy,buy
2026-05-19 10:47:38,113070,渝水转债,yszz,131.049,1.74,601158,重庆水务,cqsw,4.36,0.46,1.2,4.82,90.46,0,44.88,175.93,760102,环保,shmb,C,2025-02-13,[],0,0,buy,AAA,,3.374,6.266,9.1,buy,2031-01-09,4.647,18.998,4598.8,4844.75,1.87,-3.5,,0,14:59:37,00,Y,N,0,0,Y,,2025-07-15 开始转股,计算使用4.7年期 评级为AAA 债参考YTM：1.8032,N,19.0,全价：131.049 最后更新：14:59:37,,,,0,{'M': ''},0,0,N,,,buy,buy
2026-05-19 10:47:38,110086,精工转债,jgzz,132.253,3.48,600496,精工钢构,jggg,4.33,7.44,0.91,4.79,90.4,0,46.3,178.55,620401,建筑装饰,shmb,C,2022-05-23,[],0,0,buy,AA,,3.353,6.227,23.2,buy,2028-04-22,1.929,19.999,22223.18,53916.67,8.47,-7.56,,0,14:59:34,00,Y,N,0,0,Y,,2022-10-28 开始转股,计算使用2.0年期 评级为AA 债参考YTM：1.6912,N,20.0,全价：132.253 最后更新：14:59:34,,,,1,{'M': ''},0,0,N,,,buy,buy
2026-05-19 10:47:38,123065,宝莱转债,blzz,127.563,3.53,300246,宝莱特,blt,20.6,7.35,4.82,23.8,86.56,0,47.38,174.94,370502,医药生物,szcy,C,2020-09-24,[],0,0,buy,AA-,,16.66,30.94,5.0,buy,2026-09-04,0.296,2.18,3671.07,26754.49,13.44,-33.59,,0,15:34:27,00,Y,N,1,1,Y,转股价下修1次，成功下修1次,2021-03-11 开始转股,计算使用0.3年期 评级为AA- 债参考YTM：1.6770,N,2.19,全价：127.563 最后更新：15:34:27,,,,0,[],0,0,N,,,buy,buy
2026-05-19 10:47:38,128129,青农转债,qnzz,107.642,0.03,002958,青农商行,qnsh,2.92,0.34,0.37,4.0,73.0,0,47.45,155.09,480501,银行,szmb,C,2020-09-18,[],0,0,buy,AAA,,,5.2,31.5,buy,2026-08-25,0.269,49.997,10993.55,9750.71,2.04,1.25,,0,15:34:00,00,Y,N,1,1,Y,转股价下修1次，成功下修1次,2021-03-01 开始转股,计算使用0.3年期 评级为AAA 债参考YTM：1.4322,N,50.0,全价：107.642 最后更新：15:34:00,,,,0,{'M': ''},0,0,N,,,buy,buy
2026-05-19 10:47:38,113067,燃23转债,r23zz,133.641,1.4,601139,深圳燃气,szrq,6.7,1.52,1.15,7.4,90.54,0,47.6,181.24,410301,公用事业,shmb,C,2023-08-18,[],0,0,buy,AAA,,5.18,9.62,15.6,buy,2029-07-27,3.192,29.999,7220.03,23524.03,1.81,-5.81,,0,14:59:47,00,Y,N,0,0,Y,,2024-02-02 开始转股,计算使用3.2年期 评级为AAA 债参考YTM：1.7098,N,30.0,全价：133.641 最后更新：14:59:47,,,,0,{'M': ''},0,0,N,,,buy,buy
2026-05-19 10:47:38,123173,恒锋转债,hfzz,137.983,0.73,300605,恒锋信息,hfxx,12.83,-0.08,4.61,13.77,93.17,0,48.09,186.07,710401,计算机,szcy,C,2023-02-08,[],0,0,buy,A-,,9.639,17.901,14.4,buy,2028-12-30,2.619,2.331,3365.26,6260.14,10.5,-5.51,,0,15:33:57,00,Y,N,0,0,Y,,2023-07-06 开始转股,计算使用2.7年期 评级为A- 债参考YTM：9.3293,N,2.424,全价：137.983 最后更新：15:33:57,,,,0,[],0,0,N,,,buy,buy
2026-05-19 10:47:38,113694,清源转债,qyzz,139.92,2.19,603628,清源股份,qygf,12.15,1.5,2.5,12.86,94.48,0,48.1,188.02,630504,电力设备,shmb,C,2025-04-25,[],0,0,buy,A+,,9.002,16.718,15.1,buy,2031-04-08,4.89,5.0,5937.21,6077.06,8.58,-3.36,,0,14:59:58,00,Y,N,0,0,Y,,2025-10-14 开始转股,计算使用4.9年期 评级为A+ 债参考YTM：5.0744,N,5.0,全价：139.920 最后更新：14:59:58,,,,0,{'M': ''},0,0,N,,,buy,buy
2026-05-19 10:47:38,123172,漱玉转债,syzz,134.865,1.17,301017,漱玉平民,sypm,13.61,0.07,2.57,14.95,91.04,0,48.14,183.01,370403,医药生物,szcy,C,2023-01-06,[],0,0,buy,AA-,,10.465,19.435,22.6,buy,2028-12-15,2.578,7.96,7643.7,9523.31,7.17,-5.61,,0,15:33:54,00,Y,N,1,1,Y,转股价下修1次，成功下修1次,2023-06-21 开始转股,计算使用2.6年期 评级为AA- 债参考YTM：2.2443,N,8.0,全价：134.865 最后更新：15:33:54,,,,0,{'M': ''},0,0,N,,,buy,buy
2026-05-19 10:47:38,123114,三角转债,sjzz,138.1,1.11,300775,三角防务,sjfw,29.25,0.03,2.65,31.39,93.18,0,48.2,186.3,650201,国防军工,szcy,C,2021-06-11,[],0,0,buy,AA-,,21.973,40.807,5.8,buy,2027-05-25,1.016,8.999,8860.52,45548.54,7.19,-15.0,,0,15:34:39,00,Y,N,0,0,Y,,2021-11-30 开始转股,计算使用1.1年期 评级为AA- 债参考YTM：1.8722,N,9.044,全价：138.100 最后更新：15:34:39,,,,1,{'M': ''},0,0,N,,,buy,buy
2026-05-19 10:47:38,127104,姚记转债,yjzz,149.87,1.44,002605,姚记科技,yjkj,20.23,1.71,2.13,20.06,100.85,0,48.61,198.48,720401,传媒,szmb,C,2024-02-26,[],0,0,buy,A+,,14.042,26.078,8.5,buy,2030-01-24,3.688,5.823,2755.77,11890.8,3.18,-5.92,,0,15:34:45,00,Y,N,0,0,Y,,2024-07-31 开始转股,计算使用3.7年期 评级为A+ 债参考YTM：4.8862,N,5.831,全价：149.870 最后更新：15:34:45,,,,0,[],0,0,N,,,buy,buy
2026-05-19 10:47:38,123124,晶瑞转2,jrz2,146.78,1.69,300655,晶瑞电材,jrdc,16.37,0.0,6.58,16.69,98.08,0,49.65,196.43,270601,电子,szcy,C,2021-09-07,[],0,0,buy,A+,,11.683,21.697,3.0,buy,2027-08-16,1.244,5.225,7519.85,110587.94,9.96,-21.62,,1,15:34:42,00,Y,N,0,0,Y,,2022-02-21 开始转股,计算使用1.3年期 评级为A+ 债参考YTM：4.2564,N,5.23,全价：146.780 最后更新：15:34:42,,,,1,{'M': ''},0,0,N,,23年6月前不下修,buy,buy
2026-05-19 10:47:38,113643,风语转债,fyzz,142.17,3.97,603466,风语筑,fyz,11.17,10.05,3.14,11.82,94.5,0,50.44,192.61,720706,传媒,shmb,C,2022-04-22,[],0,0,buy,AA-,,8.274,15.366,7.5,buy,2028-03-25,1.852,4.994,33799.64,71684.07,48.07,-10.08,,0,15:00:00,00,Y,N,1,1,Y,转股价下修1次，成功下修1次,2022-10-10 开始转股,计算使用1.9年期 评级为AA- 债参考YTM：2.0313,N,5.0,全价：142.170 最后更新：15:00:00,,,,1,{'M': ''},0,0,N,,,buy,buy
2026-05-19 10:47:38,127072,博实转债,bszz,142.0,1.01,002698,博实股份,bsgf,14.21,-1.86,3.42,15.06,94.36,0,50.49,192.49,640701,机械设备,szmb,C,2022-11-03,[],0,0,buy,AA,,10.542,19.578,3.8,buy,2028-09-22,2.348,4.498,6283.72,28875.54,9.9,-8.64,,0,15:34:36,00,Y,N,0,0,Y,,2023-03-28 开始转股,计算使用2.4年期 评级为AA 债参考YTM：1.7480,N,4.5,全价：142.000 最后更新：15:34:36,,,,0,{'M': ''},0,0,N,,,buy,buy
2026-05-19 10:47:38,118059,颀中转债,qzzz,172.651,5.72,688352,颀中科技,qzkj,15.74,5.43,3.21,13.75,114.47,0,50.82,223.47,270107,电子,shkc,C,2025-11-21,[],0,0,buy,AA+,,9.625,17.875,14.8,buy,2031-11-03,5.463,8.499,28543.71,45984.26,19.78,-7.64,,0,15:00:00,00,Y,N,0,0,Y,,2026-05-07 开始转股,计算使用5.5年期 评级为AA+ 债参考YTM：1.9505,N,8.5,全价：172.651 最后更新：15:00:00,,,,0,{'M': ''},0,0,N,,,buy,buy
2026-05-19 10:47:38,113665,汇通转债,htzz,136.78,1.69,603176,汇通集团,htjt,5.7,1.79,2.4,6.29,90.62,0,50.94,187.72,620306,建筑装饰,shmb,C,2023-01-11,[],0,0,buy,AA-,,4.403,8.177,13.7,buy,2028-12-15,2.578,3.596,4600.79,2828.49,9.42,-5.5,,0,14:59:07,00,Y,N,1,1,Y,转股价下修1次，成功下修1次,2023-06-21 开始转股,计算使用2.6年期 评级为AA- 债参考YTM：2.2443,N,3.6,全价：136.780 最后更新：14:59:07,,,,0,[],0,0,N,,,buy,buy
2026-05-19 10:47:38,123195,蓝晓转02,lxz02,153.5,1.99,300487,蓝晓科技,lxkj,60.25,0.42,6.67,59.38,101.47,0,51.28,204.78,220504,基础化工,szcy,C,2023-05-08,[],0,0,buy,A+,,41.566,77.194,2.9,buy,2029-04-17,2.915,5.458,8302.06,16876.62,9.95,-8.42,,0,15:34:12,00,Y,N,0,0,Y,,2023-10-23 开始转股,计算使用3.0年期 评级为A+ 债参考YTM：4.7443,N,5.461,全价：153.500 最后更新：15:34:12,,,,0,{'M': ''},0,0,N,,,buy,buy
2026-05-19 10:47:38,123194,百洋转债,byzz,134.0,-0.14,301015,百洋医药,byyy,22.39,-0.22,4.55,25.36,88.29,0,51.77,185.77,370402,医药生物,szcy,C,2023-05-05,[],0,0,buy,AA-,,17.752,32.968,7.2,buy,2029-04-14,2.907,8.459,15110.42,8441.25,13.34,-4.77,,0,15:34:00,00,Y,N,0,0,Y,,2023-10-20 开始转股,计算使用3.0年期 评级为AA- 债参考YTM：2.3943,N,8.6,全价：134.000 最后更新：15:34:00,,,,0,{'M': ''},0,0,N,,,buy,buy
2026-05-19 10:47:38,113037,紫银转债,zyzz,109.679,0.05,601860,紫金银行,zjyh,2.6,0.78,0.46,3.6,72.22,0,51.86,161.54,480501,银行,shmb,C,2020-08-17,[],0,0,buy,AA+,,,4.68,48.7,buy,2026-07-23,0.178,44.995,5611.99,5726.43,1.14,1.67,,0,14:59:07,00,Y,N,1,1,Y,转股价下修1次，成功下修1次,2021-01-29 开始转股,计算使用0.2年期 评级为AA+ 债参考YTM：1.4394,N,45.0,全价：109.679 最后更新：14:59:07,,,,0,{'M': ''},0,0,N,,,buy,buy
2026-05-19 10:47:38,113674,华设转债,hszz,137.186,1.47,603018,华设集团,hsjt,7.63,0.79,0.96,8.45,90.3,0,51.93,189.12,620601,建筑装饰,shmb,C,2023-08-15,[],0,0,buy,AA,,5.915,10.985,7.7,buy,2029-07-21,3.175,3.999,3515.53,4873.45,6.44,-5.17,,0,14:59:54,00,Y,N,0,0,Y,,2024-01-29 开始转股,计算使用3.2年期 评级为AA 债参考YTM：1.8654,N,4.0,全价：137.186 最后更新：14:59:54,,,,0,{'M': ''},0,0,N,,,buy,buy
2026-05-19 10:47:38,113671,武进转债,wjzz,144.959,0.98,603878,武进不锈,wjbx,7.56,-3.45,1.63,7.93,95.33,0,52.05,197.01,230403,钢铁,shmb,C,2023-08-03,[],0,0,buy,AA,,5.551,10.309,7.3,buy,2029-07-10,3.145,3.093,5289.1,14578.62,11.9,-7.43,,0,14:59:40,00,Y,N,0,0,Y,,2024-01-15 开始转股,计算使用3.2年期 评级为AA 债参考YTM：1.8654,N,3.1,全价：144.959 最后更新：14:59:40,,,,0,[],0,0,N,,,buy,buy
2026-05-19 10:47:38,127046,百润转债,brzz,131.367,0.97,002568,百润股份,brgf,17.78,0.17,3.58,20.63,86.19,0,52.42,183.79,340602,食品饮料,szmb,C,2021-11-03,[],0,0,buy,AA,,14.441,26.819,8.3,buy,2027-09-29,1.364,11.274,5877.05,13998.74,3.98,-11.29,,0,15:34:33,00,Y,N,1,1,Y,转股价下修1次，成功下修1次,2022-04-12 开始转股,计算使用1.4年期 评级为AA 债参考YTM：1.6177,N,11.28,全价：131.367 最后更新：15:34:33,,,,0,{'M': ''},0,0,N,,,buy,buy
2026-05-19 10:47:38,127113,长高转债,cgzz,165.346,2.92,002452,长高电新,cgdx,11.9,2.94,2.63,11.01,108.08,118,52.98,218.33,630801,电力设备,szmb,C,2026-03-30,[],0,0,buy,AA-,,7.707,14.313,12.4,buy,2032-03-08,5.808,7.586,8587.32,48407.29,6.92,-6.31,,0,15:33:57,00,Y,N,0,0,Y,,未到转股期；2026-09-14 开始转股,计算使用5.9年期 评级为AA- 债参考YTM：3.4362,N,7.59,全价：165.346 最后更新：15:33:57,,,,0,{'M': ''},0,0,N,,,buy,buy
2026-05-19 10:47:38,123189,晓鸣转债,xmzz,134.643,1.23,300967,晓鸣股份,xmgf,17.0,1.31,4.06,19.34,87.9,0,53.18,187.82,110703,农林牧渔,szcy,C,2023-04-25,[],0,0,buy,A,,13.538,25.142,15.5,buy,2029-04-06,2.885,3.287,3412.74,6509.41,7.75,-4.75,,0,15:34:45,00,Y,N,0,0,N,2026-05-15 至 2026-05-26 期间暂停转股：权益分派,2023-10-12 开始转股;2026-05-15 至 2026-05-26 期间暂停转股：权益分派,计算使用2.9年期 评级为A 债参考YTM：7.0577,N,3.29,全价：134.643 最后更新：15:34:45,,,,0,{'M': ''},0,0,N,,,buy,buy
2026-05-19 10:47:38,110073,国投转债,gtzz,106.841,0.02,600061,国投资本,gtzb,6.52,1.4,0.73,9.42,69.21,0,54.36,161.2,490101,非银金融,shmb,C,2020-08-20,[],0,0,buy,AAA,,,12.246,19.2,buy,2026-07-24,0.181,79.991,12040.85,21731.38,1.41,0.84,,0,14:59:00,00,Y,N,0,0,Y,,2021-02-01 开始转股,计算使用0.2年期 评级为AAA 债参考YTM：1.4175,N,80.0,全价：106.841 最后更新：14:59:00,,,,0,{'M': ''},0,0,N,,,buy,buy
2026-05-19 10:47:38,127069,小熊转债,xxzz,135.497,1.36,002959,小熊电器,xxdq,39.36,1.21,1.96,45.0,87.47,0,54.91,190.41,330301,家用电器,szmb,C,2022-09-07,[],0,0,buy,AA-,,31.5,58.5,8.5,buy,2028-08-12,2.236,5.041,3285.05,2436.48,4.83,-5.73,,0,15:34:27,00,Y,N,1,1,Y,转股价下修1次，成功下修1次,2023-02-20 开始转股,计算使用2.3年期 评级为AA- 债参考YTM：2.1346,N,5.36,全价：135.497 最后更新：15:34:27,,,,0,{'M': ''},0,0,N,,,buy,buy
2026-05-19 10:47:38,123261,普联转债,plzz,161.058,3.54,300996,普联软件,plrj,13.48,6.81,4.03,12.97,103.93,23,54.96,216.02,710401,计算机,szcy,C,2025-12-22,[],0,0,buy,A+,,9.079,16.861,5.4,buy,2031-12-05,5.551,2.429,15626.84,35651.52,40.08,-5.4,,0,15:34:15,00,Y,N,0,0,Y,,未到转股期；2026-06-11 开始转股,计算使用5.6年期 评级为A+ 债参考YTM：5.5239,N,2.43,全价：161.058 最后更新：15:34:15,,,,0,{'M': ''},0,0,N,,,buy,buy
2026-05-19 10:47:38,113692,保隆转债,blzz,136.512,1.82,603197,保隆科技,blkj,34.64,-1.11,2.27,39.36,88.01,0,55.11,191.62,280205,汽车,shmb,C,2024-11-27,[],0,0,buy,AA,,27.552,51.168,19.0,buy,2030-10-31,4.455,13.897,5421.72,11184.71,2.88,-4.13,,0,14:59:58,00,Y,N,0,0,Y,,2025-05-06 开始转股,计算使用4.5年期 评级为AA 债参考YTM：2.0823,N,13.9,全价：136.512 最后更新：14:59:58,,,,0,{'M': ''},0,0,N,,,buy,buy
2026-05-19 10:47:38,123133,佩蒂转债,pdzz,133.628,0.55,300673,佩蒂股份,pdgf,15.13,-2.51,1.99,17.58,86.06,0,55.27,188.9,110404,农林牧渔,szcy,C,2022-01-21,[],0,0,buy,AA-,,12.306,22.854,29.6,buy,2027-12-22,1.595,7.198,3943.12,5052.88,4.12,-8.09,,0,15:34:39,00,Y,N,1,1,Y,转股价下修1次，成功下修1次,2022-06-28 开始转股,计算使用1.6年期 评级为AA- 债参考YTM：1.9790,N,7.2,全价：133.628 最后更新：15:34:39,,,,1,[],0,0,N,,,buy,buy
2026-05-19 10:47:38,127080,声迅转债,sxzz,220.2,0.0,003004,*ST声迅,sxgf,41.03,0.0,4.79,28.94,141.78,0,55.32,275.52,710102,计算机,szmb,C,2023-02-10,[],0,0,buy,A,,20.258,37.622,9.9,buy,2028-12-30,2.619,2.793,0.0,0.0,0.0,-21.26,,0,15:34:48,03,Y,N,0,0,N,2026-05-19 至 2026-05-19 期间暂停转股：撤销退市风险警示,2023-07-07 开始转股;2026-05-19 至 2026-05-19 期间暂停转股：撤销退市风险警示,计算使用2.7年期 评级为A 债参考YTM：6.9793,N,2.8,全价：220.200 最后更新：15:34:48,,,,0,[],0,0,N,,,buy,buy
2026-05-19 10:47:38,127031,洋丰转债,yfzz,129.456,0.55,000902,新洋丰,xyf,14.24,-1.52,1.44,17.09,83.32,0,55.37,184.83,220805,基础化工,szmb,C,2021-04-23,[],0,0,buy,AA,,11.963,22.217,6.1,buy,2027-03-25,0.849,9.999,4503.98,13947.65,3.5,-15.93,,0,15:34:36,00,Y,N,1,1,Y,转股价下修1次，成功下修1次,2021-10-08 开始转股,计算使用0.9年期 评级为AA 债参考YTM：1.5263,N,10.0,全价：129.456 最后更新：15:34:36,,,,1,{'M': ''},0,0,N,,,buy,buy
2026-05-19 10:47:38,127102,浙建转债,zjzz,129.3,0.97,002761,浙江建投,zjjt,8.44,1.08,1.05,10.22,82.58,0,56.57,185.87,620101,建筑装饰,szmb,C,2024-01-16,[],0,0,buy,AA+,,7.154,13.286,10.9,buy,2029-12-25,3.606,9.951,3203.45,7276.27,2.5,-3.99,,0,15:34:15,00,Y,N,0,0,Y,,2024-07-01 开始转股,计算使用3.7年期 评级为AA+ 债参考YTM：1.8246,N,10.0,全价：129.300 最后更新：15:34:15,,,,0,{'M': ''},0,0,N,,,buy,buy
2026-05-19 10:47:38,127059,永东转2,ydz2,132.911,0.92,002753,永东股份,ydgf,6.91,-0.29,1.11,8.16,84.68,0,56.95,189.86,220603,基础化工,szmb,C,2022-05-16,[],0,0,buy,AA-,,5.712,10.608,22.6,buy,2028-04-08,1.89,3.791,2344.77,3182.9,4.68,-6.59,,0,15:34:39,00,Y,N,0,0,Y,,2022-10-14 开始转股,计算使用1.9年期 评级为AA- 债参考YTM：2.0313,N,3.8,全价：132.911 最后更新：15:34:39,,,,1,[],0,0,N,,,buy,buy
2026-05-19 10:47:38,113696,伯25转债,b25zz,140.065,1.24,603596,伯特利,btl,31.23,0.48,3.4,35.16,88.82,0,57.69,197.76,280203,汽车,shmb,C,2025-07-28,[],0,0,buy,AA,,24.612,45.708,10.0,buy,2031-07-01,5.121,28.019,5493.7,36459.99,1.41,-4.07,,0,14:59:48,00,Y,N,0,0,Y,,2026-01-07 开始转股,计算使用5.2年期 评级为AA 债参考YTM：2.1645,N,28.02,全价：140.065 最后更新：14:59:48,,,,0,{'M': ''},0,0,N,,,buy,buy
2026-05-19 10:47:38,111024,澳弘转债,ahzz,176.358,1.38,605058,澳弘电子,ahdz,38.06,-0.18,2.96,34.04,111.81,29,57.73,234.09,270202,电子,shmb,C,2026-01-16,[],0,0,buy,AA-,,23.828,44.252,10.7,buy,2031-12-10,5.564,5.8,5330.71,10217.95,5.3,-7.37,,0,14:59:55,00,Y,N,0,0,Y,,未到转股期；2026-06-17 开始转股,计算使用5.6年期 评级为AA- 债参考YTM：3.1749,N,5.8,全价：176.358 最后更新：14:59:55,,,,0,[],0,0,N,,,buy,buy
2026-05-19 10:47:38,123269,金杨转债,jyzz,173.22,3.41,301210,金杨精密,jygf,43.5,-1.23,2.65,39.8,109.3,160,58.49,231.71,630701,电力设备,szcy,C,2026-05-11,[],0,0,buy,AA-,,27.86,51.74,51.8,buy,2032-04-19,5.923,9.8,27712.4,15860.15,16.67,-6.93,,0,15:34:27,00,Y,N,0,0,Y,,未到转股期；2026-10-26 开始转股,计算使用6.0年期 评级为AA- 债参考YTM：3.4957,N,9.8,全价：173.220 最后更新：15:34:27,,,,0,{'M': ''},0,0,N,,,buy,buy
2026-05-19 10:47:38,118061,茂莱转债,mlzz,234.049,-0.29,688502,茂莱光学,mlgx,538.0,-0.32,22.58,364.43,147.63,8,58.54,292.59,270303,电子,shkc,C,2025-12-10,[],0,0,buy,A+,,255.101,473.759,2.0,buy,2031-11-20,5.51,5.625,28584.75,97881.37,22.28,-11.85,,0,14:59:59,00,Y,N,0,0,Y,,未到转股期；2026-05-27 开始转股,计算使用5.6年期 评级为A+ 债参考YTM：5.5239,N,5.625,全价：234.049 最后更新：14:59:59,,,,0,{'M': ''},0,0,N,,,buy,buy
2026-05-19 10:47:38,127050,麒麟转债,qlzz,129.405,1.64,002984,森麒麟,sql,15.76,0.32,1.18,19.36,81.41,0,58.96,188.37,280204,汽车,szmb,C,2021-12-06,[],0,0,buy,AA,,13.552,25.168,18.5,buy,2027-11-11,1.482,20.86,6237.37,16093.25,2.33,-9.51,,0,15:34:36,00,Y,N,1,1,Y,转股价下修1次，成功下修1次,2022-05-17 开始转股,计算使用1.5年期 评级为AA 债参考YTM：1.6303,N,21.989,全价：129.405 最后更新：15:34:36,,,,1,{'M': ''},0,0,N,,,buy,buy
2026-05-19 10:47:38,111021,奥锐转债,arzz,137.162,0.59,605116,奥锐特,art,21.36,0.66,3.19,24.94,85.65,0,60.15,197.31,370101,医药生物,shmb,C,2024-08-15,[],0,0,buy,AA-,,17.458,32.422,9.4,buy,2030-07-26,4.189,8.121,5947.85,3386.97,5.34,-3.26,,0,14:59:45,00,Y,N,0,0,Y,,2025-02-05 开始转股,计算使用4.2年期 评级为AA- 债参考YTM：2.6070,N,8.121,全价：137.162 最后更新：14:59:45,,,,0,[],0,0,N,,,buy,buy
2026-05-19 10:47:38,113702,斯达转债,sdzz,189.191,0.16,603290,斯达半导,sdbd,123.83,0.19,4.26,105.3,117.6,156,60.88,250.07,270102,电子,shmb,C,2026-05-11,[],0,0,buy,AA+,,73.71,136.89,5.1,buy,2032-04-15,5.912,15.0,75098.53,166695.97,26.98,-8.63,,0,14:59:59,00,Y,N,0,0,Y,,未到转股期；2026-10-22 开始转股,计算使用6.0年期 评级为AA+ 债参考YTM：1.9957,N,15.0,全价：189.191 最后更新：14:59:59,,,,0,{'M': ''},0,0,N,,,buy,buy
2026-05-19 10:47:38,113656,嘉诚转债,jczz,129.725,0.94,603535,嘉诚国际,jcgj,8.34,-0.36,1.64,10.35,80.58,0,60.99,190.72,420805,交通运输,shmb,C,2022-10-12,[],0,0,buy,AA-,,7.245,13.455,18.8,buy,2028-09-01,2.29,7.998,4178.33,5843.36,4.04,-3.95,,0,14:59:45,00,Y,N,0,0,Y,,2023-03-07 开始转股,计算使用2.3年期 评级为AA- 债参考YTM：2.1346,N,8.0,全价：129.725 最后更新：14:59:45,,,,0,[],0,0,N,,,buy,buy
2026-05-19 10:47:38,123263,鼎捷转债,djzz,159.5,1.01,300378,鼎捷数智,djsz,43.07,4.13,4.97,43.54,98.92,31,61.24,220.74,710402,计算机,szcy,C,2025-12-31,[],0,0,buy,AA,,,56.602,7.1,buy,2031-12-15,5.578,8.277,22446.22,77948.8,16.93,-5.98,,0,15:34:45,00,Y,N,0,0,Y,,未到转股期；2026-06-19 开始转股,计算使用5.6年期 评级为AA 债参考YTM：2.2105,N,8.28,全价：159.500 最后更新：15:34:45,,,,0,{'M': ''},0,0,N,,,buy,buy
2026-05-19 10:47:38,110100,龙建转债,ljzz,134.7,0.53,600853,龙建股份,ljgf,3.86,0.26,0.94,4.63,83.37,70,61.57,196.27,620306,建筑装饰,shmb,C,2026-02-12,[],0,0,buy,AA,,3.241,6.019,25.6,buy,2032-01-21,5.68,10.0,4253.64,6745.84,3.18,-3.0,,0,14:59:54,00,Y,N,0,0,Y,,未到转股期；2026-07-28 开始转股,计算使用5.7年期 评级为AA 债参考YTM：2.2217,N,10.0,全价：134.700 最后更新：14:59:54,,,,0,[],0,0,N,,,buy,buy
2026-05-19 10:47:38,123220,易瑞转债,yrzz,136.8,1.2,300942,易瑞生物,yrsw,7.51,0.0,3.4,8.87,84.67,0,61.57,198.37,370504,医药生物,szcy,C,2023-09-06,[],0,0,buy,A+,,6.209,11.531,9.6,buy,2029-08-18,3.252,2.907,1676.7,3376.56,4.24,-4.29,,0,15:33:57,00,Y,N,1,1,Y,转股价下修1次，成功下修1次,2024-02-26 开始转股,计算使用3.3年期 评级为A+ 债参考YTM：4.8249,N,3.28,全价：136.800 最后更新：15:33:57,,,,0,{'M': ''},0,0,N,,,buy,buy
2026-05-19 10:47:38,127044,蒙娜转债,mnzz,136.597,3.43,002918,蒙娜丽莎,mnls,16.77,0.0,2.09,19.84,84.53,0,61.6,198.2,360306,轻工制造,szmb,C,2021-09-16,[],0,0,buy,AA-,,13.888,25.792,9.4,buy,2027-08-16,1.244,3.369,81986.47,107826.59,179.12,-13.81,,0,15:34:27,00,Y,N,1,1,Y,转股价下修1次，成功下修1次,2022-02-21 开始转股,计算使用1.3年期 评级为AA- 债参考YTM：1.9223,N,11.689,全价：136.597 最后更新：15:34:27,,,,0,[],0,0,N,,,buy,buy
2026-05-19 10:47:38,123144,裕兴转债,yxzz,128.187,1.01,300305,裕兴股份,yxgf,6.74,0.45,1.26,8.5,79.29,0,61.66,189.85,220505,基础化工,szcy,C,2022-04-27,[],0,0,buy,A+,,5.95,11.05,27.7,buy,2028-04-11,1.899,5.997,2443.66,4734.39,3.2,-4.74,,0,15:34:51,00,Y,N,1,1,Y,转股价下修1次，成功下修1次,2022-10-17 开始转股,计算使用1.9年期 评级为A+ 债参考YTM：4.3710,N,6.0,全价：128.187 最后更新：15:34:51,,,,1,[],0,0,N,,,buy,buy
2026-05-19 10:47:38,127112,尚太转债,stzz,154.018,2.47,001301,尚太科技,stkj,80.09,3.57,2.9,84.71,94.55,64,62.9,216.92,630702,电力设备,szmb,C,2026-02-05,[],0,0,buy,AA+,,59.297,110.123,11.7,buy,2032-01-15,5.663,17.34,9175.19,32498.93,3.49,-5.62,,0,15:34:24,00,Y,N,0,0,Y,,未到转股期；2026-07-22 开始转股,计算使用5.7年期 评级为AA+ 债参考YTM：1.9688,N,17.34,全价：154.018 最后更新：15:34:24,,,,0,[],0,0,N,,,buy,buy
2026-05-19 10:47:38,127038,国微转债,gwzz,135.801,3.03,002049,紫光国微,zggw,80.97,3.37,4.88,97.3,83.22,0,63.19,198.99,270104,电子,szmb,C,2021-07-14,[],0,0,buy,AA+,,68.11,126.49,2.2,buy,2027-06-10,1.06,14.915,12227.56,309526.28,6.11,-17.01,,0,15:34:45,00,Y,N,0,0,Y,,2021-12-17 开始转股,计算使用1.1年期 评级为AA+ 债参考YTM：1.5510,N,15.0,全价：135.801 最后更新：15:34:45,,,,0,{'M': ''},0,0,N,,,buy,buy
2026-05-19 10:47:38,127111,金威转债,jwzz,136.362,1.61,002626,金达威,jdw,16.33,0.68,2.22,19.59,83.36,0,63.58,199.94,340407,食品饮料,szmb,C,2025-09-08,[],0,0,buy,AA,,13.713,25.467,13.0,buy,2031-08-20,5.258,12.924,6960.42,8017.16,3.99,-3.47,,0,15:34:48,00,Y,N,0,0,Y,,2026-02-26 开始转股,计算使用5.3年期 评级为AA 债参考YTM：2.1763,N,12.924,全价：136.362 最后更新：15:34:48,,,,0,{'M': ''},0,0,N,,,buy,buy
2026-05-19 10:47:38,118063,金05转债,j05zz,186.856,4.14,688676,金盘科技,jpkj,101.02,4.9,8.67,88.6,114.02,43,63.88,250.74,630801,电力设备,shkc,C,2026-01-14,[],0,0,buy,AA+,,62.02,115.18,3.6,buy,2031-12-24,5.603,16.71,23271.06,236851.41,7.58,-8.89,,0,14:59:58,00,Y,N,0,0,Y,,未到转股期；2026-07-01 开始转股,计算使用5.7年期 评级为AA+ 债参考YTM：1.9688,N,16.71,全价：186.856 最后更新：14:59:58,,,,0,{'M': ''},0,0,N,,,buy,buy
2026-05-19 10:47:38,113655,欧22转债,o22zz,130.586,1.0,603833,欧派家居,opjj,41.98,-1.11,1.35,52.77,79.55,0,64.15,194.74,360308,轻工制造,shmb,C,2022-09-01,[],0,0,buy,AA,,36.939,68.601,7.8,buy,2028-08-05,2.216,19.999,4451.73,11771.38,1.72,-5.57,,0,14:59:44,00,Y,N,1,1,Y,转股价下修1次，成功下修1次,2023-02-13 开始转股,计算使用2.3年期 评级为AA 债参考YTM：1.7337,N,20.0,全价：130.586 最后更新：14:59:44,,,,0,{'M': ''},0,0,N,,,buy,buy
2026-05-19 10:47:38,118042,奥维转债,awzz,150.302,2.64,688516,奥特维,atw,77.29,-1.54,6.36,84.42,91.55,0,64.17,214.47,630505,电力设备,shkc,C,2023-09-01,[],0,0,buy,AA-,,59.094,109.746,4.7,buy,2029-08-10,3.23,11.399,13349.89,97636.15,7.96,-7.03,,0,14:59:58,00,Y,N,0,0,Y,,2024-02-19 开始转股,计算使用3.3年期 评级为AA- 债参考YTM：2.4719,N,11.4,全价：150.302 最后更新：14:59:58,,,,0,{'M': ''},0,0,N,,,buy,buy
2026-05-19 10:47:38,113699,金25转债,j25zz,170.171,5.25,603979,金诚信,jcx,65.71,3.97,3.52,63.46,103.55,0,64.34,234.51,240302,有色金属,shmb,C,2025-10-27,[],0,0,buy,AA,,44.422,82.498,4.9,buy,2031-09-26,5.359,19.999,18123.0,74857.41,5.46,-7.05,,0,14:59:49,00,Y,N,0,0,Y,,2026-04-10 开始转股,计算使用5.4年期 评级为AA 债参考YTM：2.1879,N,20.0,全价：170.171 最后更新：14:59:49,,,,0,{'M': ''},0,0,N,,,buy,buy
2026-05-19 10:47:38,123138,丝路转债,slzz,139.28,1.15,300556,丝路视觉,slsj,22.44,2.19,6.42,26.53,84.58,0,64.67,203.95,710401,计算机,szcy,C,2022-03-22,[],0,0,buy,A,,18.571,34.489,9.8,buy,2028-03-02,1.789,2.393,7186.92,41165.94,21.69,-9.18,,0,15:34:42,00,Y,N,0,0,Y,,2022-09-08 开始转股,计算使用1.8年期 评级为A 债参考YTM：6.7019,N,2.4,全价：139.280 最后更新：15:34:42,,,,1,[],0,0,N,,,buy,buy
2026-05-19 10:47:38,123192,科思转债,kszz,134.312,0.73,300856,科思股份,ksgf,14.16,-0.28,2.39,17.39,81.43,0,64.95,199.26,770201,美容护理,szcy,C,2023-05-11,[],0,0,buy,AA-,,12.173,22.607,11.0,buy,2029-04-13,2.904,7.187,2778.87,7409.72,2.89,-4.28,,0,15:34:48,00,Y,N,0,0,Y,,2023-10-19 开始转股,计算使用3.0年期 评级为AA- 债参考YTM：2.3943,N,7.249,全价：134.312 最后更新：15:34:48,,,,0,{'M': ''},0,0,N,,,buy,buy
2026-05-19 10:47:38,123214,东宝转债,dbzz,134.953,1.25,300239,东宝生物,dbsw,5.41,1.5,1.84,6.63,81.6,0,65.39,200.34,370304,医药生物,szcy,C,2023-08-18,[],0,0,buy,A+,,4.641,8.619,14.3,buy,2029-07-31,3.203,4.549,994.41,4045.65,1.63,-4.32,,0,15:34:51,00,Y,N,0,0,N,2026-05-18 至 2026-05-26 期间暂停转股：权益分派,2024-02-05 开始转股;2026-05-18 至 2026-05-26 期间暂停转股：权益分派,计算使用3.3年期 评级为A+ 债参考YTM：4.8249,N,4.55,全价：134.953 最后更新：15:34:51,,,,0,[],0,0,N,,,buy,buy
2026-05-19 10:47:38,123268,本川转债,bczz,186.4,-1.61,300964,本川智能,bczn,84.6,-3.04,6.33,75.88,111.49,157,67.19,253.59,270202,电子,szcy,C,2026-05-07,[],0,0,buy,AA-,,53.116,98.644,9.9,buy,2032-04-16,5.915,4.69,62614.81,41173.73,72.45,-7.42,,0,15:34:24,00,Y,N,0,0,Y,,未到转股期；2026-10-23 开始转股,计算使用6.0年期 评级为AA- 债参考YTM：3.4957,N,4.69,全价：186.400 最后更新：15:34:24,,,,0,{'M': ''},0,0,N,,,buy,buy
2026-05-19 10:47:38,123265,耐普转02,npz02,148.75,1.19,300818,耐普矿机,npkj,26.22,3.23,2.33,29.5,88.88,64,67.36,216.11,640103,机械设备,szcy,C,2026-01-30,[],0,0,buy,A+,,20.65,38.35,12.1,buy,2032-01-15,5.663,4.5,8051.72,12877.11,12.08,-3.93,,0,15:34:21,00,Y,N,0,0,Y,,未到转股期；2026-07-22 开始转股,计算使用5.7年期 评级为A+ 债参考YTM：5.6200,N,4.5,全价：148.750 最后更新：15:34:21,,,,0,[],0,0,N,,,buy,buy
2026-05-19 10:47:38,118065,艾为转债,awzz,156.277,2.14,688798,艾为电子,awdz,74.54,2.32,4.03,79.83,93.37,70,67.37,223.65,270105,电子,shkc,C,2026-02-26,[],0,0,buy,AA+,,55.881,103.779,18.8,buy,2032-01-22,5.682,19.01,10681.3,36733.35,3.62,-5.7,,0,14:59:56,00,Y,N,0,0,Y,,未到转股期；2026-07-28 开始转股,计算使用5.7年期 评级为AA+ 债参考YTM：1.9688,N,19.01,全价：156.277 最后更新：14:59:56,,,,0,{'M': ''},0,0,N,,,buy,buy
2026-05-19 10:47:38,123266,博士转债,bszz,156.54,2.31,300622,博士眼镜,bsyj,28.45,-0.25,6.85,30.43,93.49,128,67.43,223.97,450401,商贸零售,szcy,C,2026-04-07,[],0,0,buy,AA,,21.301,39.559,8.4,buy,2032-03-17,5.833,3.75,7853.48,38852.08,13.58,-5.13,,0,15:34:09,00,Y,N,0,0,Y,,未到转股期；2026-09-24 开始转股,计算使用5.9年期 评级为AA 债参考YTM：2.2442,N,3.75,全价：156.540 最后更新：15:34:09,,,,0,[],0,0,N,,,buy,buy
2026-05-19 10:47:38,123165,回天转债,htzz,135.8,2.17,300041,回天新材,htxc,12.32,1.65,2.18,15.2,81.05,0,67.55,203.35,220316,基础化工,szcy,C,2022-11-15,[],0,0,buy,AA-,,10.64,19.76,12.7,buy,2028-10-27,2.444,8.497,6355.89,28779.59,5.58,-5.52,,0,15:34:03,00,Y,N,0,0,Y,,2023-05-04 开始转股,计算使用2.5年期 评级为AA- 债参考YTM：2.2061,N,8.5,全价：135.800 最后更新：15:34:03,,,,0,{'M': ''},0,0,N,,,buy,buy
2026-05-19 10:47:38,113589,天创转债,tczz,231.713,15.21,603608,天创时尚,tcss,16.89,10.03,6.41,12.29,137.43,0,68.61,300.32,350205,纺织服饰,shmb,C,2020-07-16,[],0,0,buy,A-,,8.603,15.977,0.9,buy,2026-06-24,0.099,0.663,308098.99,31914.77,2056.15,-547.73,,0,15:00:00,00,Y,N,0,0,Y,,2021-01-04 开始转股,计算使用0.1年期 评级为A- 债参考YTM：8.6922,N,6.0,全价：231.713 最后更新：15:00:00,,,,0,{'R': '到期\n最后交易日：2026-06-17\n最后转股日：2026-06-23\n债券到期日：2026-06-24\n到期赎回价：110.000元/张'},0,0,N,,,buy,buy
2026-05-19 10:47:38,123223,九典转02,jdz02,137.959,1.01,300705,九典制药,jdzy,12.12,0.41,2.25,14.95,81.07,0,70.17,208.13,370102,医药生物,szcy,C,2023-10-13,[],0,0,buy,A+,,10.465,19.435,4.6,buy,2029-09-15,3.329,2.053,529.02,3621.01,1.88,-4.68,,0,15:34:24,00,Y,N,0,0,Y,,2024-03-21 开始转股,计算使用3.4年期 评级为A+ 债参考YTM：4.8432,N,3.6,全价：137.959 最后更新：15:34:24,,,,0,[],0,0,N,,,buy,buy
2026-05-19 10:47:38,127093,章鼓转债,zgzz,137.137,0.59,002598,ST章鼓,sdzg,8.13,0.25,1.92,10.15,80.1,0,71.21,208.35,640106,机械设备,szmb,C,2023-11-03,[],0,0,buy,A,,7.105,13.195,10.4,buy,2029-10-17,3.416,2.425,932.32,3003.31,2.81,-4.37,,0,15:34:51,00,Y,N,1,0,Y,转股价下修1次，成功下修0次,2024-04-23 开始转股,计算使用3.5年期 评级为A 债参考YTM：7.2088,Y,2.43,全价：137.137 最后更新：15:34:51,,,"按下调到底估算
股东大会：2026-05-20
预估转股价：8.14
预估转股价值：99.88
期权价值：29.55
理论价值：123.18
理论偏离度：10.18%",0,[],0,0,N,,,buy,buy
2026-05-19 10:47:38,123229,艾录转债,alzz,136.998,1.37,301062,上海艾录,shal,8.0,0.38,2.54,10.0,80.0,0,71.25,208.25,360205,轻工制造,szcy,C,2023-11-20,[],0,0,buy,A+,,7.0,13.0,7.1,buy,2029-10-23,3.433,1.779,884.22,5021.14,3.65,-3.8,,0,15:34:15,00,Y,N,0,0,Y,,2024-04-29 开始转股,计算使用3.5年期 评级为A+ 债参考YTM：4.8588,N,5.0,全价：136.998 最后更新：15:34:15,,,,0,{'M': ''},0,0,N,,,buy,buy
2026-05-19 10:47:38,110081,闻泰转债,wtzz,88.582,0.39,600745,*ST闻泰,wtkj,16.84,-5.02,0.86,32.66,51.56,0,71.8,160.38,270102,电子,shmb,C,2021-08-20,[],0,0,buy,A,,22.862,42.458,41.0,buy,2027-07-28,1.192,85.962,20090.84,3253.99,2.65,20.13,,0,14:59:58,00,Y,N,2,2,Y,转股价下修2次，成功下修2次,2022-02-07 开始转股,计算使用1.2年期 评级为A 债参考YTM：6.5839,N,86.0,全价：88.582 最后更新：14:59:58,,,,1,[],0,0,N,,,buy,buy
2026-05-19 10:47:38,118066,统联转债,tlzz,154.594,2.21,688210,统联精密,tljm,50.3,1.64,6.23,56.2,89.5,110,72.73,227.32,270504,电子,shkc,C,2026-03-20,[],0,0,buy,AA-,,39.34,73.06,7.1,buy,2032-03-02,5.792,5.76,7237.67,24173.74,8.26,-5.23,,0,14:59:59,00,Y,N,0,0,Y,,未到转股期；2026-09-06 开始转股,计算使用5.8年期 评级为AA- 债参考YTM：3.3595,N,5.76,全价：154.594 最后更新：14:59:59,,,,0,{'M': ''},0,0,N,,,buy,buy
2026-05-19 10:47:38,118067,上26转债,s26zz,147.593,1.05,688533,上声电子,ssdz,27.85,0.22,2.53,32.6,85.43,128,72.77,220.36,280206,汽车,shkc,C,2026-04-14,[],0,0,buy,A+,,22.82,42.38,7.1,buy,2032-03-17,5.833,3.25,1488.4,3807.38,3.12,-3.83,,0,14:59:57,00,Y,N,0,0,Y,,未到转股期；2026-09-24 开始转股,计算使用5.9年期 评级为A+ 债参考YTM：5.7861,N,3.25,全价：147.593 最后更新：14:59:57,,,,0,{'M': ''},0,0,N,,,buy,buy
2026-05-19 10:47:38,123168,惠云转债,hyzz,133.706,1.27,300891,惠云钛业,hyty,8.31,0.61,2.61,10.74,77.37,0,72.8,206.51,220206,基础化工,szcy,C,2022-12-14,[],0,0,buy,AA-,,7.518,13.962,17.7,buy,2028-11-23,2.518,4.899,2810.19,4399.55,4.33,-4.7,,0,15:34:51,00,Y,N,0,0,Y,,2023-05-29 开始转股,计算使用2.6年期 评级为AA- 债参考YTM：2.2443,N,4.9,全价：133.706 最后更新：15:34:51,,,,0,{'M': ''},0,0,N,,,buy,buy
2026-05-19 10:47:38,113679,芯能转债,xnzz,135.772,1.68,603105,芯能科技,xnkj,9.98,2.89,2.19,12.75,78.28,0,73.46,209.23,410106,公用事业,shmb,C,2023-11-24,[],0,0,buy,AA-,,8.925,16.575,17.6,buy,2029-10-26,3.441,8.798,1794.03,12916.25,1.52,-3.71,,0,14:59:12,00,Y,N,0,0,Y,,2024-05-06 开始转股,计算使用3.5年期 评级为AA- 债参考YTM：2.5038,N,8.8,全价：135.772 最后更新：14:59:12,,,,0,{'M': ''},0,0,N,,,buy,buy
2026-05-19 10:47:38,127083,山路转债,slzz,124.249,1.32,000498,山东路桥,sdlq,5.37,1.13,0.31,7.61,70.57,0,76.08,200.33,620306,建筑装饰,szmb,C,2023-04-26,[],0,0,buy,AAA,,5.327,9.893,62.1,buy,2029-03-24,2.849,48.359,5472.76,2906.48,0.92,-3.85,,0,15:34:00,00,Y,N,0,0,Y,,2023-10-09 开始转股,计算使用2.9年期 评级为AAA 债参考YTM：1.6861,N,48.36,全价：124.249 最后更新：15:34:00,,,,0,{'M': ''},0,0,N,,,buy,buy
2026-05-19 10:47:38,118020,芳源转债,fyzz,125.639,0.98,688148,芳源股份,fygf,9.96,-2.26,9.27,14.0,71.14,0,76.6,202.24,630702,电力设备,shkc,C,2022-11-07,[],0,0,buy,BBB,,9.8,18.2,12.6,buy,2028-09-23,2.351,6.417,2419.81,17347.66,3.01,0.13,,0,14:59:36,00,Y,N,1,1,Y,转股价下修1次，成功下修1次,2023-03-29 开始转股,计算使用2.4年期 评级为BBB 债参考YTM：15.4737,N,6.42,全价：125.639 最后更新：14:59:36,,,,0,{'M': ''},0,0,N,,,buy,buy
2026-05-19 10:47:38,123262,神宇转债,syzz,147.5,2.01,300563,神宇股份,sygf,32.4,1.44,4.97,38.82,83.46,29,76.73,224.23,730205,通信,szcy,C,2025-12-30,[],0,0,buy,AA-,,27.174,50.466,11.8,buy,2031-12-10,5.564,5.0,2967.78,12536.2,4.07,-4.62,,0,15:34:18,00,Y,N,0,0,Y,,未到转股期；2026-06-17 开始转股,计算使用5.6年期 评级为AA- 债参考YTM：3.1749,N,5.0,全价：147.500 最后更新：15:34:18,,,,0,{'M': ''},0,0,N,,,buy,buy
2026-05-19 10:47:38,111009,盛泰转债,stzz,130.777,0.69,605138,盛泰集团,stjt,7.79,-0.13,1.67,10.56,73.77,0,77.28,208.06,350209,纺织服饰,shmb,C,2022-12-01,[],0,0,buy,AA,,7.392,13.728,16.2,buy,2028-11-07,2.474,7.011,3152.25,3541.99,3.46,-5.73,,0,14:59:39,00,Y,N,0,0,Y,,2023-05-11 开始转股,计算使用2.5年期 评级为AA 债参考YTM：1.7624,N,7.012,全价：130.777 最后更新：14:59:39,,,,0,[],0,0,N,,,buy,buy
2026-05-19 10:47:38,123109,昌红转债,chzz,136.25,0.62,300151,昌红科技,chkj,20.42,-2.06,6.57,26.64,76.65,0,77.75,214.0,640209,机械设备,szcy,C,2021-04-19,[],0,0,buy,AA-,,18.648,34.632,6.1,buy,2027-04-01,0.869,4.595,4470.68,53331.04,7.19,-18.01,,0,15:34:36,00,Y,N,0,0,Y,,2021-10-08 开始转股,计算使用0.9年期 评级为AA- 债参考YTM：1.8023,N,4.6,全价：136.250 最后更新：15:34:36,,,,1,{'M': ''},0,0,N,,,buy,buy
2026-05-19 10:47:38,113693,志邦转债,zbzz,128.199,0.09,603801,志邦家居,zbjj,8.3,1.22,1.13,11.52,72.05,0,77.93,206.13,360308,轻工制造,shmb,C,2025-04-08,[],0,0,buy,AA,,8.064,14.976,18.6,buy,2031-03-18,4.833,6.7,4056.72,1783.84,4.72,-2.38,,0,14:59:39,00,Y,N,0,0,Y,,2025-09-24 开始转股,计算使用4.9年期 评级为AA 债参考YTM：2.1275,N,6.7,全价：128.199 最后更新：14:59:39,,,,0,[],0,0,N,,,buy,buy
2026-05-19 10:47:38,123196,正元转02,zyz02,131.23,1.04,300645,正元智慧,zyzh,16.1,0.31,2.06,21.93,73.42,0,78.75,209.98,710103,计算机,szcy,C,2023-05-19,[],0,0,buy,A+,,15.351,28.509,15.6,buy,2029-04-18,2.918,3.501,2322.31,5210.11,5.07,-3.54,,0,15:34:48,00,Y,N,2,1,Y,转股价下修2次，成功下修1次,2023-10-24 开始转股,计算使用3.0年期 评级为A+ 债参考YTM：4.7443,N,3.507,全价：131.230 最后更新：15:34:48,,,,0,[],0,0,N,,,buy,buy
2026-05-19 10:47:38,118024,冠宇转债,gyzz,126.8,0.59,688772,珠海冠宇,zhgy,16.23,1.18,2.42,22.89,70.9,0,78.83,205.63,630701,电力设备,shkc,C,2022-11-17,[],0,0,buy,AA,,16.023,27.468,16.8,buy,2028-10-24,2.436,30.889,10644.75,66062.85,2.72,-3.9,,0,14:59:46,00,Y,N,0,0,Y,,2023-04-28 开始转股,计算使用2.5年期 评级为AA 债参考YTM：1.7624,N,30.89,全价：126.800 最后更新：14:59:46,,,,0,{'M': ''},0,0,N,120%,,buy,buy
2026-05-19 10:47:38,123193,海能转债,hnzz,133.093,1.9,300787,海能实业,hnsy,10.91,1.02,2.01,14.7,74.22,0,79.33,212.42,270504,电子,szcy,C,2023-05-09,[],0,0,buy,AA-,,10.29,19.11,28.0,buy,2029-04-13,2.904,5.997,2743.87,4167.93,3.47,-3.98,,0,15:34:09,00,Y,N,0,0,Y,,2023-10-19 开始转股,计算使用3.0年期 评级为AA- 债参考YTM：2.3943,N,6.0,全价：133.093 最后更新：15:34:09,,,,0,[],0,0,N,,,buy,buy
2026-05-19 10:47:38,113625,江山转债,jszz,127.251,1.07,603208,江山欧派,jsop,14.03,-0.07,2.36,19.84,70.72,0,79.95,207.2,360308,轻工制造,shmb,C,2021-07-01,[],0,0,buy,AA-,,13.888,25.792,23.6,buy,2027-06-11,1.063,5.825,1671.26,2812.81,2.27,-5.11,,0,14:59:55,00,Y,N,1,1,N,"转股价下修1次，成功下修1次
2026-05-14 至 2026-05-20 期间暂停转股：回售
转股价19.840生效日期2025-06-13",2021-12-20 开始转股;2026-05-14 至 2026-05-20 期间暂停转股：回售,计算使用1.1年期 评级为AA- 债参考YTM：1.8722,N,5.83,全价：127.251 最后更新：14:59:55,,,,0,[],0,0,Y,,,buy,buy
2026-05-19 10:47:38,113616,韦尔转债,wezz,116.209,0.85,603501,豪威集团,hwjt,102.62,2.84,3.91,159.12,64.49,0,80.19,196.4,270104,电子,shmb,C,2021-01-22,[],0,0,buy,AA+,,111.384,206.856,2.0,buy,2026-12-28,0.611,24.325,7972.27,349689.86,2.84,-8.75,,0,14:59:46,00,Y,N,0,0,Y,,2021-07-05 开始转股,计算使用0.7年期 评级为AA+ 债参考YTM：1.4758,N,24.4,全价：116.209 最后更新：14:59:46,,,,0,{'M': ''},0,0,N,,,buy,buy
2026-05-19 10:47:38,113652,伟22转债,w22zz,132.502,1.24,603568,伟明环保,wmhb,20.04,-0.1,2.22,27.27,73.49,0,80.31,212.81,760103,环保,shmb,C,2022-08-12,[],0,0,buy,AA,,19.089,35.451,4.3,buy,2028-07-22,2.178,14.766,7193.9,7240.44,3.71,-7.07,,0,14:59:42,00,Y,N,2,1,N,"转股价下修2次，成功下修1次
2026-05-19 起暂停转股：权益分派
转股价27.270生效日期2025-06-06",2023-01-30 开始转股;2026-05-19 起暂停转股：权益分派,计算使用2.2年期 评级为AA 债参考YTM：1.7194,Y,14.77,全价：132.502 最后更新：14:59:42,,,"按下调到底估算
股东大会：2026-06-04
预估转股价：21.18
预估转股价值：94.62
期权价值：15.64
理论价值：124.90
理论偏离度：5.74%",0,{'M': ''},0,0,N,,,buy,buy
2026-05-19 10:47:38,113627,太平转债,tpzz,120.441,0.93,603877,太平鸟,tpn,13.91,1.68,1.42,20.88,66.62,0,80.79,201.23,350209,纺织服饰,shmb,C,2021-08-06,[],0,0,buy,AA,,14.616,27.144,12.2,buy,2027-07-15,1.156,7.997,4101.56,1807.71,4.28,-6.33,,0,14:59:19,00,Y,N,1,1,Y,转股价下修1次，成功下修1次,2022-01-21 开始转股,计算使用1.2年期 评级为AA 债参考YTM：1.5886,N,8.0,全价：120.441 最后更新：14:59:19,,,,0,{'M': ''},0,0,N,,,buy,buy
2026-05-19 10:47:38,123264,双乐转债,slzz,139.328,0.58,301036,双乐股份,slgf,28.24,-1.22,1.66,36.7,76.95,48,81.07,220.4,220305,基础化工,szcy,C,2026-01-16,[],0,0,buy,AA-,,25.69,47.71,40.2,buy,2031-12-25,5.606,8.0,2248.24,4848.48,2.02,-3.6,,0,15:34:21,00,Y,N,0,0,Y,,未到转股期；2026-07-06 开始转股,计算使用5.7年期 评级为AA- 债参考YTM：3.2707,N,8.0,全价：139.328 最后更新：15:34:21,,,,0,{'M': ''},0,0,N,,,buy,buy
2026-05-19 10:47:38,113648,巨星转债,jxzz,127.92,2.03,603477,巨星农牧,jxnm,17.5,1.27,3.32,24.86,70.39,0,81.72,209.64,110702,农林牧渔,shmb,C,2022-05-17,[],0,0,buy,AA-,,17.402,32.318,10.1,buy,2028-04-25,1.937,8.997,4346.5,36964.57,3.83,-6.6,,0,14:58:52,00,Y,N,0,0,Y,,2022-10-31 开始转股,计算使用2.0年期 评级为AA- 债参考YTM：2.0512,N,10.0,全价：127.920 最后更新：14:58:52,,,,1,{'M': ''},0,0,N,,,buy,buy
2026-05-19 10:47:38,128119,龙大转债,ldzz,79.601,6.06,002726,ST龙大,ldms,1.83,0.55,3.28,4.2,43.57,0,82.69,162.29,340401,食品饮料,szmb,C,2020-08-07,[],0,0,buy,BB-,,2.94,5.46,47.9,buy,2026-07-13,0.151,9.459,122462.54,13744.91,160.85,295.09,,0,15:34:48,00,Y,N,2,1,Y,转股价下修2次，成功下修1次,2021-01-18 开始转股,,Y,9.5,全价：79.601 最后更新：15:34:48,,,"按下调到底估算
股东大会：2026-05-22
预估转股价：2.84
预估转股价值：64.44
期权价值：0.00
理论价值：110.20
理论偏离度：-38.44%",1,[],0,0,N,,,buy,buy
2026-05-19 10:47:38,123260,卓镁转债,zmzz,156.51,0.49,301398,星源卓镁,xyzm,44.73,0.13,4.49,52.3,85.53,0,83.0,239.51,280202,汽车,szcy,C,2025-11-24,[],0,0,buy,A+,,36.61,67.99,27.0,buy,2031-11-07,5.474,4.5,3516.73,5363.59,5.04,-4.97,,0,15:34:42,00,Y,N,0,0,Y,,2026-05-13 开始转股,计算使用5.5年期 评级为A+ 债参考YTM：5.4260,N,4.5,全价：156.510 最后更新：15:34:42,,,,0,{'M': ''},0,0,N,,,buy,buy
2026-05-19 10:47:38,123175,百畅转债,bczz,120.551,0.6,300614,百川畅银,bccy,13.43,-1.61,2.43,20.4,65.83,0,83.12,203.67,760103,环保,szcy,C,2023-03-17,[],0,0,buy,A,,14.28,26.52,19.5,buy,2029-02-22,2.767,4.199,1955.69,3327.21,3.88,-1.32,,0,15:34:00,00,Y,N,2,2,Y,转股价下修2次，成功下修2次,2023-08-28 开始转股,计算使用2.8年期 评级为A 债参考YTM：7.0191,N,4.2,全价：120.551 最后更新：15:34:00,,,,0,{'M': ''},0,0,N,,,buy,buy
2026-05-19 10:47:38,113610,灵康转债,lkzz,123.835,1.69,603669,灵康药业,lkyy,4.39,0.69,5.02,6.5,67.54,0,83.35,207.19,370102,医药生物,shmb,C,2020-12-22,[],0,0,buy,A-,,4.55,8.45,8.1,buy,2026-12-01,0.537,2.53,1445.77,2586.43,4.65,-13.36,,0,14:59:45,00,Y,N,2,2,Y,转股价下修2次，成功下修2次,2021-06-07 开始转股,计算使用0.6年期 评级为A- 债参考YTM：8.7831,N,5.25,全价：123.835 最后更新：14:59:45,,,,1,[],0,0,N,,,buy,buy
2026-05-19 10:47:38,113647,禾丰转债,hfzz,123.535,1.08,603609,禾丰股份,hfgf,6.71,1.82,0.92,10.09,66.5,0,85.76,209.3,110402,农林牧渔,shmb,C,2022-05-18,[],0,0,buy,AA,,7.063,13.117,24.1,buy,2028-04-22,1.929,14.669,2604.11,1818.89,1.45,-4.21,,0,14:59:00,00,Y,N,0,0,Y,,2022-10-28 开始转股,计算使用2.0年期 评级为AA 债参考YTM：1.6912,N,15.0,全价：123.535 最后更新：14:59:00,,,,1,{'M': ''},0,0,N,,,buy,buy
2026-05-19 10:47:38,113636,甬金转债,yjzz,129.899,0.59,603995,甬金股份,yjgf,18.69,-0.11,1.13,26.74,69.9,0,85.85,215.75,230501,钢铁,shmb,C,2021-12-31,[],0,0,buy,AA-,,18.718,34.762,14.6,buy,2027-12-13,1.57,9.995,2126.46,8896.45,1.64,-6.27,,0,14:59:34,00,Y,N,1,1,Y,转股价下修1次，成功下修1次,2022-06-17 开始转股,计算使用1.6年期 评级为AA- 债参考YTM：1.9790,N,10.0,全价：129.899 最后更新：14:59:34,,,,1,{'M': ''},0,0,N,,,buy,buy
2026-05-19 10:47:38,113682,益丰转债,yfzz,130.399,0.98,603939,益丰药房,yfyf,22.34,0.95,2.23,31.84,70.16,0,85.85,216.25,370403,医药生物,shmb,C,2024-03-27,[],0,0,buy,AA,,22.288,41.392,6.6,buy,2030-03-04,3.795,17.968,3937.11,41164.52,1.69,-3.47,,0,14:59:50,00,Y,N,0,0,Y,,2024-09-09 开始转股,计算使用3.8年期 评级为AA 债参考YTM：1.9754,N,17.97,全价：130.399 最后更新：14:59:50,,,,0,{'M': ''},0,0,N,,,buy,buy
2026-05-19 10:47:38,123157,科蓝转债,klzz,129.963,1.44,300663,科蓝软件,klrj,9.19,0.66,11.71,13.2,69.62,0,86.67,216.63,710401,计算机,szcy,C,2022-09-20,[],0,0,buy,A,,9.24,17.16,5.5,buy,2028-08-30,2.285,2.34,3287.41,18744.53,10.88,-3.93,,0,15:34:48,00,Y,N,1,1,Y,转股价下修1次，成功下修1次,2023-03-06 开始转股,计算使用2.3年期 评级为A 债参考YTM：6.8261,N,4.946,全价：129.963 最后更新：15:34:48,,,,0,{'M': ''},0,0,N,,,buy,buy
2026-05-19 10:47:38,113701,祥和转债,xhzz,143.726,0.66,603500,祥和实业,xhsy,10.35,2.27,3.13,13.59,76.16,113,88.72,232.45,640501,机械设备,shmb,C,2026-03-26,[],0,0,buy,A+,,9.513,17.667,11.6,buy,2032-03-02,5.792,4.0,1573.09,6948.17,2.74,-3.27,,0,14:59:58,00,Y,N,0,0,Y,,未到转股期；2026-09-09 开始转股,计算使用5.8年期 评级为A+ 债参考YTM：5.7091,N,4.0,全价：143.726 最后更新：14:59:58,,,,0,[],0,0,N,,,buy,buy
2026-05-19 10:47:38,123267,珂玛转债,kmzz,233.3,-5.55,301611,珂玛科技,kmkj,120.2,-3.3,28.63,97.57,123.19,156,89.38,322.68,270103,电子,szcy,C,2026-05-13,[],0,0,buy,AA,,68.299,126.841,4.3,buy,2032-04-15,5.912,7.5,142964.0,188481.6,81.83,-11.57,,0,15:34:12,00,Y,N,0,0,Y,,未到转股期；2026-10-22 开始转股,计算使用6.0年期 评级为AA 债参考YTM：2.2557,N,7.5,全价：233.300 最后更新：15:34:12,,,,0,{'M': ''},0,0,N,,,buy,buy
2026-05-19 10:47:38,127060,湘佳转债,xjzz,124.488,1.14,002982,湘佳股份,xjgf,13.87,-0.22,1.62,21.13,65.64,0,89.65,214.14,110703,农林牧渔,szmb,C,2022-06-10,[],0,0,buy,A+,,14.791,27.469,35.5,buy,2028-04-19,1.921,6.399,1460.72,6342.91,1.85,-5.57,,0,15:33:54,00,Y,N,0,0,Y,,2022-10-25 开始转股,计算使用2.0年期 评级为A+ 债参考YTM：4.3912,N,6.4,全价：124.488 最后更新：15:33:54,,,,1,[],0,0,N,,,buy,buy
2026-05-19 10:47:38,123122,富瀚转债,fhzz,131.473,1.51,300613,富瀚微,fhw,63.47,0.27,4.91,91.69,69.22,0,89.93,221.4,270104,电子,szcy,C,2021-08-24,[],0,0,buy,A+,,64.183,119.197,4.2,buy,2027-08-06,1.216,5.801,5270.81,106011.37,6.98,-9.28,,0,15:34:42,00,Y,N,0,0,Y,,2022-02-14 开始转股,计算使用1.3年期 评级为A+ 债参考YTM：4.2564,N,5.812,全价：131.473 最后更新：15:34:42,,,,0,{'M': ''},0,0,N,,,buy,buy
2026-05-19 10:47:38,127056,中特转债,ztzz,127.688,0.61,000708,中信特钢,zxtg,14.66,0.27,1.64,22.23,65.95,0,93.62,221.31,230501,钢铁,szmb,C,2022-04-15,[],0,0,buy,AAA,,15.561,28.899,6.8,buy,2028-02-25,1.773,49.996,5307.73,13445.54,0.84,-9.29,,0,15:34:27,00,Y,N,0,0,N,2026-05-13 至 2026-05-20 期间暂停转股：权益分派,2022-09-05 开始转股;2026-05-13 至 2026-05-20 期间暂停转股：权益分派,计算使用1.8年期 评级为AAA 债参考YTM：1.5940,N,50.0,全价：127.688 最后更新：15:34:27,,,,1,{'M': ''},0,0,N,,,buy,buy
2026-05-19 10:47:38,113700,海天转债,htzz,137.7,1.24,603759,海天股份,htgf,8.9,1.14,1.4,12.52,71.09,84,93.71,231.41,760102,环保,shmb,C,2026-03-12,[],0,0,buy,AA,,8.764,16.276,19.5,buy,2032-02-04,5.718,8.01,1563.37,2494.66,1.43,-3.36,,0,14:59:52,00,Y,N,0,0,Y,,未到转股期；2026-08-11 开始转股,计算使用5.8年期 评级为AA 债参考YTM：2.2329,N,8.01,全价：137.700 最后更新：14:59:52,,,,0,[],0,0,N,,,buy,buy
2026-05-19 10:47:38,113650,博22转债,b22zz,131.175,0.29,603916,苏博特,sbt,15.39,-0.97,1.5,23.15,66.48,0,97.32,228.5,220309,基础化工,shmb,C,2022-07-28,[],0,0,buy,AA-,,16.205,30.095,12.4,buy,2028-07-01,2.121,7.996,3874.95,40133.25,3.7,-4.77,,0,14:59:12,00,Y,N,0,0,Y,,2023-01-09 开始转股,计算使用2.2年期 评级为AA- 债参考YTM：2.1028,N,8.0,全价：131.175 最后更新：14:59:12,,,,0,{'M': ''},0,0,N,,,buy,buy
2026-05-19 10:47:38,118022,锂科转债,lkzz,125.641,0.52,688779,五矿新能,wkxn,9.87,-0.5,2.6,15.53,63.55,0,97.69,223.33,630702,电力设备,shkc,C,2022-11-07,[],0,0,buy,AA,,10.871,20.189,17.1,buy,2028-10-11,2.4,32.497,4871.14,25698.99,1.2,-4.29,,0,14:59:19,00,Y,N,0,0,Y,,2023-04-17 开始转股,计算使用2.4年期 评级为AA 债参考YTM：1.7480,N,32.5,全价：125.641 最后更新：14:59:19,,,,0,{'M': ''},0,0,N,,,buy,buy
2026-05-19 10:47:38,127085,韵达转债,ydzz,125.973,1.51,002120,韵达股份,ydgf,7.47,0.13,1.0,11.73,63.68,0,97.81,223.78,420804,交通运输,szmb,C,2023-05-23,[],0,0,buy,AA+,,8.211,15.249,11.7,buy,2029-04-11,2.899,24.499,5719.27,21522.36,1.86,-4.25,,0,15:34:06,00,Y,N,0,0,Y,,2023-10-17 开始转股,计算使用2.9年期 评级为AA+ 债参考YTM：1.7631,N,24.5,全价：125.973 最后更新：15:34:06,,,,0,{'M': ''},0,0,N,,,buy,buy
2026-05-19 10:47:38,118015,芯海转债,xhzz,134.161,1.19,688595,芯海科技,xhkj,37.41,1.24,7.56,55.22,67.75,0,98.03,232.19,270104,电子,shkc,C,2022-08-18,[],0,0,buy,A+,,38.654,71.786,7.6,buy,2028-07-21,2.175,4.1,2104.92,17720.34,3.85,-5.41,,0,14:59:40,00,Y,N,0,0,Y,,2023-01-30 开始转股,计算使用2.2年期 评级为A+ 债参考YTM：4.4435,N,4.1,全价：134.161 最后更新：14:59:40,,,,0,{'M': ''},0,0,N,,,buy,buy
2026-05-19 10:47:38,123180,浙矿转债,zkzz,137.876,1.57,300837,浙矿股份,zkgf,33.03,1.23,2.26,47.89,68.97,0,99.91,237.79,640203,机械设备,szcy,C,2023-03-28,[],0,0,buy,AA-,,33.523,62.257,12.8,buy,2029-03-09,2.808,3.197,2817.25,6989.52,6.44,-5.33,,0,15:33:57,00,Y,N,0,0,Y,,2023-09-15 开始转股,计算使用2.9年期 评级为AA- 债参考YTM：2.3588,N,3.2,全价：137.876 最后更新：15:33:57,,,,0,[],0,0,N,,,buy,buy
2026-05-19 10:47:38,127068,顺博转债,sbzz,129.006,2.41,002996,顺博合金,sbhj,7.24,2.4,1.41,11.27,64.24,0,100.81,229.82,240301,有色金属,szmb,C,2022-09-07,[],0,0,buy,AA-,,7.889,14.651,25.0,buy,2028-08-12,2.236,8.3,2648.17,7629.35,2.49,-6.41,,0,15:34:03,00,Y,N,1,1,Y,转股价下修1次，成功下修1次,2023-02-20 开始转股,计算使用2.3年期 评级为AA- 债参考YTM：2.1346,N,8.3,全价：129.006 最后更新：15:34:03,,,,0,[],0,0,N,,,buy,buy
2026-05-19 10:47:38,127017,万青转债,wqzz,112.9,0.02,000789,万年青,wnq,4.77,-0.21,0.58,8.53,55.92,0,101.89,214.79,610101,建筑材料,szmb,C,2020-07-02,[],0,0,buy,AA+,,5.971,11.089,26.3,buy,2026-06-03,0.041,9.995,966.76,1644.45,0.86,2.31,,0,15:34:48,00,Y,N,1,1,Y,转股价下修1次，成功下修1次,2020-12-09 开始转股,计算使用0.1年期 评级为AA+ 债参考YTM：1.4222,N,10.0,全价：112.900 最后更新：15:34:48,,,,0,"{'R': '到期\n最后交易日：2026-05-28\n最后转股日：2026-06-02\n债券到期日：2026-06-03\n到期赎回价：113.000元/张', 'M': ''}",0,0,N,,,buy,buy
2026-05-19 10:47:38,127062,垒知转债,lzzz,130.9,1.44,002398,垒知集团,lzjt,4.89,1.45,0.92,7.59,64.43,0,103.18,234.08,610303,建筑材料,szmb,C,2022-05-20,[],0,0,buy,AA-,,5.313,9.867,13.3,buy,2028-04-21,1.926,3.958,1975.63,5345.22,3.83,-5.72,,0,15:34:30,00,Y,N,0,0,Y,,2022-10-27 开始转股,计算使用2.0年期 评级为AA- 债参考YTM：2.0512,N,3.963,全价：130.900 最后更新：15:34:30,,,,1,[],0,0,N,,,buy,buy
2026-05-19 10:47:38,123113,仙乐转债,xlzz,117.858,0.3,300791,仙乐健康,xljk,18.05,2.67,1.88,31.79,56.78,0,107.57,225.43,340407,食品饮料,szcy,C,2021-05-14,[],0,0,buy,AA-,,22.253,41.327,22.1,buy,2027-04-19,0.918,10.248,2708.47,2905.03,2.24,-4.49,,0,15:34:36,00,Y,N,0,0,Y,,2021-10-25 开始转股,计算使用1.0年期 评级为AA- 债参考YTM：1.8413,N,10.249,全价：117.858 最后更新：15:34:36,,,,1,[],0,0,N,,,buy,buy
2026-05-19 10:47:38,113634,珀莱转债,plzz,126.087,0.13,603605,珀莱雅,bly,55.95,-0.39,3.46,95.46,58.61,0,115.13,241.22,770202,美容护理,shmb,C,2022-01-04,[],0,0,buy,AA,,66.822,124.098,3.4,buy,2027-12-08,1.556,7.507,4339.97,13576.42,4.59,-4.85,,0,14:59:59,00,Y,N,0,0,Y,,2022-06-14 开始转股,计算使用1.6年期 评级为AA 债参考YTM：1.6422,N,7.517,全价：126.087 最后更新：14:59:59,,,,1,{'M': ''},0,0,N,,,buy,buy
2026-05-19 10:47:38,113666,爱玛转债,amzz,125.982,0.9,603529,爱玛科技,amkj,21.93,0.69,1.86,37.49,58.5,0,115.37,241.35,280401,汽车,shmb,C,2023-03-20,[],0,0,buy,AA,,26.243,48.737,10.8,buy,2029-02-23,2.77,19.994,6520.58,10797.32,2.6,-3.82,,0,14:59:19,00,Y,N,0,0,Y,,2023-09-01 开始转股,计算使用2.8年期 评级为AA 债参考YTM：1.8056,N,20.0,全价：125.982 最后更新：14:59:19,,,,0,{'M': ''},0,0,N,,,buy,buy
2026-05-19 10:47:38,111014,李子转债,lzzz,126.717,1.14,605337,李子园,lzy,10.3,0.49,2.36,18.37,56.07,0,126.0,252.72,340701,食品饮料,shmb,C,2023-07-13,[],0,0,buy,AA,,12.859,23.881,14.9,buy,2029-06-20,3.09,5.999,1378.58,2453.48,1.82,-2.8,,0,14:59:27,00,Y,N,0,0,Y,,2023-12-28 开始转股,计算使用3.1年期 评级为AA 债参考YTM：1.8492,N,6.0,全价：126.717 最后更新：14:59:27,,,,0,[],0,0,Y,,,buy,buy
2026-05-19 10:47:38,123090,三诺转债,snzz,114.773,0.39,300298,三诺生物,snsw,16.94,1.44,3.06,34.46,49.16,0,133.48,248.25,370502,医药生物,szcy,C,2021-01-12,[],0,0,buy,AA,,24.122,44.798,6.5,buy,2026-12-21,0.592,4.984,1611.17,6571.73,2.82,-4.08,,0,15:34:30,00,Y,N,0,0,Y,,2021-06-25 开始转股,计算使用0.6年期 评级为AA 债参考YTM：1.4911,N,5.0,全价：114.773 最后更新：15:34:30,,,,0,{'M': ''},0,0,N,,,buy,buy
2026-05-19 10:47:38,113049,长汽转债,cqzz,111.97,-0.07,601633,长城汽车,ccqc,18.45,0.05,1.78,39.16,47.11,0,137.66,249.63,280502,汽车,shmb,C,2021-07-08,[],0,0,buy,AAA,,27.412,50.908,3.1,buy,2027-06-10,1.06,34.95,5940.11,33784.63,1.52,-2.97,,0,14:59:24,00,Y,N,0,0,Y,,2021-12-17 开始转股,计算使用1.1年期 评级为AAA 债参考YTM：1.5217,N,35.0,全价：111.970 最后更新：14:59:24,,,,1,{'M': ''},0,0,N,,,buy,buy
2026-05-19 10:47:38,127098,欧晶转债,ojzz,127.935,0.8,001269,欧晶科技,ojkj,22.26,-0.18,5.62,42.0,53.0,0,141.39,269.33,630504,电力设备,szmb,C,2023-12-15,[],0,0,buy,AA-,,29.4,54.6,11.0,buy,2029-11-24,3.521,4.693,2502.05,7234.99,4.19,-2.77,,0,15:34:42,00,Y,N,1,1,Y,转股价下修1次，成功下修1次,2024-05-30 开始转股,计算使用3.6年期 评级为AA- 债参考YTM：2.5168,N,4.7,全价：127.935 最后更新：15:34:42,,,,0,[],0,0,N,,,buy,buy
2026-05-19 10:47:38,113638,台21转债,t21zz,126.672,0.37,603055,台华新材,thxc,8.48,0.83,1.38,16.19,52.38,0,141.84,268.51,350106,纺织服饰,shmb,C,2022-01-21,[],0,0,buy,AA,,11.333,21.047,8.0,buy,2027-12-29,1.614,5.997,2050.22,4784.14,2.7,-6.5,,0,14:59:25,00,Y,N,0,0,Y,,2022-07-05 开始转股,计算使用1.7年期 评级为AA 债参考YTM：1.6538,N,6.0,全价：126.672 最后更新：14:59:25,,,,0,{'M': ''},0,0,N,,,buy,buy
2026-05-19 10:47:38,123117,健帆转债,jfzz,120.6,0.42,300529,健帆生物,jfsw,19.15,0.95,4.13,38.65,49.55,0,143.4,264.0,370503,医药生物,szcy,C,2021-07-12,[],0,0,buy,AA,,27.055,50.245,10.2,buy,2027-06-23,1.096,9.998,5254.38,7222.59,4.36,-6.79,,0,15:34:33,00,Y,N,2,2,Y,转股价下修2次，成功下修2次,2021-12-29 开始转股,计算使用1.1年期 评级为AA 债参考YTM：1.5712,N,10.0,全价：120.600 最后更新：15:34:33,,,,0,{'M': ''},0,0,N,,,buy,buy
2026-05-19 10:47:38,123250,嘉益转债,jyzz,129.792,1.28,301004,嘉益股份,jygf,41.58,6.07,3.27,79.66,52.2,0,148.66,278.45,360311,轻工制造,szcy,C,2024-11-26,[],0,0,buy,A+,,55.762,103.558,7.0,buy,2030-11-07,4.474,3.955,2846.4,5387.63,5.56,-2.01,,0,15:34:09,00,Y,N,0,0,Y,,2025-05-13 开始转股,计算使用4.5年期 评级为A+ 债参考YTM：5.0148,N,3.979,全价：129.792 最后更新：15:34:09,,,,0,{'M': ''},0,0,N,,,buy,buy
2026-05-19 10:47:38,113670,金23转债,j23zz,126.719,1.2,603180,金牌家居,jpjj,18.97,1.88,1.07,37.64,50.4,0,151.43,278.15,360308,轻工制造,shmb,C,2023-05-16,[],0,0,buy,AA,,26.348,48.932,26.3,buy,2029-04-17,2.915,7.7,1726.68,2357.54,1.78,-2.37,,0,14:58:52,00,Y,N,0,0,Y,,2023-10-23 开始转股,计算使用3.0年期 评级为AA 债参考YTM：1.8343,N,7.7,全价：126.719 最后更新：14:58:52,,,,0,[],0,0,N,,,buy,buy
2026-05-19 10:47:38,110076,华海转债,hhzz,125.972,1.19,600521,华海药业,hhyy,16.4,1.36,2.49,33.06,49.61,0,153.94,279.91,370102,医药生物,shmb,C,2020-11-25,[],0,0,buy,AA,,23.142,42.978,7.5,buy,2026-11-02,0.458,18.424,4810.93,29548.88,2.08,-27.71,,0,14:59:33,00,Y,N,1,0,Y,转股价下修1次，成功下修0次,2021-05-06 开始转股,计算使用0.5年期 评级为AA 债参考YTM：1.4850,Y,18.426,全价：125.972 最后更新：14:59:33,,,"按下调到底估算
股东大会：2026-05-21
预估转股价：16.51
预估转股价值：99.33
期权价值：12.46
理论价值：121.72
理论偏离度：3.38%",1,{'M': ''},0,0,N,,,buy,buy
2026-05-19 10:47:38,110085,通22转债,t22zz,123.982,1.17,600438,通威股份,twgf,16.11,0.25,1.99,34.6,46.56,0,166.28,290.26,630501,电力设备,shmb,C,2022-03-18,[],0,0,buy,AAA,,24.22,44.98,16.5,buy,2028-02-24,1.77,119.831,9196.35,71959.95,0.62,-6.22,,0,14:59:52,00,Y,N,0,0,Y,,2022-09-02 开始转股,计算使用1.8年期 评级为AAA 债参考YTM：1.5940,N,120.0,全价：123.982 最后更新：14:59:52,,,,0,{'M': ''},0,0,N,,,buy,buy
2026-05-19 10:47:38,118032,建龙转债,jlzz,128.568,1.45,688357,建龙微纳,jlwn,34.53,1.17,1.86,71.71,48.15,0,167.0,295.57,220309,基础化工,shkc,C,2023-04-07,[],0,0,buy,AA-,,50.197,93.223,20.3,buy,2029-03-08,2.806,6.999,2771.48,3584.47,3.1,-2.91,,0,14:58:52,00,Y,N,0,0,Y,,2023-09-14 开始转股,计算使用2.9年期 评级为AA- 债参考YTM：2.3588,N,7.0,全价：128.568 最后更新：14:58:52,,,,0,{'M': ''},0,0,N,,,buy,buy
2026-05-19 10:47:38,123151,康医转债,kyzz,122.735,0.21,300869,康泰医学,ktyx,12.37,0.73,2.88,27.55,44.9,0,173.35,296.09,370502,医药生物,szcy,C,2022-07-20,[],0,0,buy,A+,,19.285,35.815,21.4,buy,2028-07-01,2.121,6.998,3152.68,2665.15,3.68,-1.36,,0,15:34:45,00,Y,N,0,0,Y,,2023-01-09 开始转股,计算使用2.2年期 评级为A+ 债参考YTM：4.4435,N,7.0,全价：122.735 最后更新：15:34:45,,,,0,{'M': ''},0,0,N,,,buy,buy
2026-05-19 10:47:38,113660,寿22转债,s22zz,127.589,1.19,603896,寿仙谷,sxg,16.43,0.67,1.42,36.84,44.6,0,186.09,313.68,370201,医药生物,shmb,C,2022-12-12,[],0,0,buy,AA-,,25.788,47.892,12.2,buy,2028-11-17,2.501,3.977,1128.34,2212.34,2.23,-3.97,,0,14:59:19,00,Y,N,0,0,Y,,2023-05-23 开始转股,计算使用2.6年期 评级为AA- 债参考YTM：2.2443,N,3.98,全价：127.589 最后更新：14:59:19,,,,0,[],0,0,N,,,buy,buy
2026-05-19 10:47:38,118005,天奈转债,tnzz,128.273,0.54,688116,天奈科技,tnkj,43.59,1.94,4.16,99.09,43.99,0,191.59,319.86,630702,电力设备,shkc,C,2022-03-01,[],0,0,buy,AA-,,69.363,128.817,5.2,buy,2028-01-27,1.693,8.299,2344.44,62387.53,2.21,-7.88,,0,14:59:44,00,Y,N,0,0,Y,,2022-08-09 开始转股,计算使用1.7年期 评级为AA- 债参考YTM：1.9960,N,8.3,全价：128.273 最后更新：14:59:44,,,,0,{'M': ''},0,0,N,,,buy,buy
2026-05-19 10:47:38,128135,洽洽转债,qqzz,114.428,0.0,002557,洽洽食品,qqsp,21.94,1.76,2.01,55.93,39.23,0,191.7,306.13,340801,食品饮料,szmb,C,2020-11-18,[],0,0,buy,AA,,39.151,72.709,12.1,buy,2026-10-20,0.422,13.398,2574.38,13765.18,1.68,1.19,,0,15:34:00,00,Y,N,0,0,Y,,2021-04-26 开始转股,计算使用0.5年期 评级为AA 债参考YTM：1.4850,N,13.4,全价：114.428 最后更新：15:34:00,,,,1,{'M': ''},0,0,N,,,buy,buy
2026-05-19 10:47:38,113633,科沃转债,kwzz,124.744,1.05,603486,科沃斯,kws,68.36,0.35,4.21,173.8,39.33,0,217.15,341.89,330302,家用电器,shmb,C,2021-12-29,[],0,0,buy,AA,,121.66,225.94,2.7,buy,2027-11-30,1.534,10.396,1449.03,84409.65,1.12,-6.97,,0,14:59:34,00,Y,N,0,0,Y,,2022-06-06 开始转股,计算使用1.6年期 评级为AA 债参考YTM：1.6422,N,10.4,全价：124.744 最后更新：14:59:34,,,,0,{'M': ''},0,0,N,,,buy,buy
2026-05-19 10:47:38,123072,乐歌转债,lgzz,125.11,0.48,300729,乐歌股份,lggf,12.55,0.97,1.16,32.91,38.13,0,228.08,353.19,360311,轻工制造,szcy,C,2020-11-10,[],0,0,buy,A+,,23.037,42.783,3.4,buy,2026-10-21,0.425,1.418,886.06,3748.86,5.0,-9.68,,0,15:34:27,00,Y,N,0,0,Y,,2021-04-27 开始转股,计算使用0.5年期 评级为A+ 债参考YTM：4.0650,N,1.42,全价：125.110 最后更新：15:34:27,,,,0,[],0,0,N,,,buy,buy
2026-05-19 10:47:38,127025,冀东转债,jdzz,105.103,0.06,000401,金隅冀东,jyjd,4.11,1.23,0.41,13.01,31.59,0,232.7,337.8,610101,建筑材料,szmb,C,2020-12-02,[],0,0,buy,AAA,,9.107,16.913,16.4,buy,2026-11-05,0.466,17.764,3173.29,2653.64,1.7,1.84,,0,15:34:51,00,Y,Y,0,0,Y,,2021-05-11 开始转股,计算使用0.5年期 评级为AAA 债参考YTM：1.4450,N,28.2,全价：105.103 最后更新：15:34:51,,,,0,{'M': ''},0,0,N,,,buy,buy
2026-05-19 10:47:38,128124,科华转债,khzz,105.806,0.07,002022,科华生物,khsw,5.92,0.17,1.18,20.64,28.68,0,268.89,374.7,370504,医药生物,szmb,C,2020-08-20,[],0,0,buy,A+,,14.448,26.832,7.4,buy,2026-07-28,0.192,2.245,1966.95,5633.84,8.28,0.97,,0,15:34:15,00,Y,N,0,0,Y,,2021-02-03 开始转股,计算使用0.2年期 评级为A+ 债参考YTM：4.0094,N,7.38,全价：105.806 最后更新：15:34:15,,,,0,[],0,0,N,,,buy,buy
2026-05-19 10:47:38,118010,洁特转债,jtzz,124.991,1.27,688026,洁特生物,jtsw,16.02,-0.74,1.89,47.95,33.41,0,274.11,399.1,370503,医药生物,shkc,C,2022-08-02,[],0,0,buy,A+,,33.565,62.335,19.6,buy,2028-06-28,2.112,4.399,1332.5,2040.89,2.44,-4.64,,0,14:59:02,00,Y,N,0,0,Y,,2023-01-04 开始转股,计算使用2.2年期 评级为A+ 债参考YTM：4.4435,N,4.4,全价：124.991 最后更新：14:59:02,,,,0,{'M': ''},0,0,N,,,buy,buy
2026-05-19 10:47:38,123154,火星转债,hxzz,127.646,0.99,300894,火星人,hxr,10.58,4.03,4.08,33.03,32.03,0,298.5,426.15,330401,家用电器,szcy,C,2022-08-23,[],0,0,buy,AA-,,23.121,42.939,17.0,buy,2028-08-05,2.216,5.289,3936.97,8427.67,5.83,-3.36,,0,15:33:57,00,Y,N,0,0,Y,,2023-02-13 开始转股,计算使用2.3年期 评级为AA- 债参考YTM：2.1346,N,5.29,全价：127.646 最后更新：15:33:57,,,,0,{'M': ''},0,0,N,,,buy,buy
2026-05-19 10:47:38,113059,福莱转债,flzz,126.318,1.96,601865,福莱特,flt,12.73,0.55,1.32,41.71,30.52,0,313.88,440.2,630504,电力设备,shmb,C,2022-06-13,[],0,0,buy,AA,,29.197,54.223,16.5,buy,2028-05-20,2.006,39.999,3782.05,18445.45,0.76,-4.54,,0,14:59:59,00,Y,N,1,0,Y,转股价下修1次，成功下修0次,2022-11-28 开始转股,计算使用2.1年期 评级为AA 债参考YTM：1.7053,N,40.0,全价：126.318 最后更新：14:59:59,,,,1,{'M': ''},0,0,N,,,buy,buy
2026-05-19 10:47:38,123179,立高转债,lgzz,124.216,0.88,300973,立高食品,lgsp,28.2,0.25,1.75,95.13,29.64,0,319.03,443.25,340802,食品饮料,szcy,C,2023-03-27,[],0,0,buy,AA-,,66.591,123.669,28.4,buy,2029-03-07,2.803,9.499,1791.16,4274.34,1.52,-1.61,,0,15:34:06,00,Y,N,0,0,Y,,2023-09-13 开始转股,计算使用2.9年期 评级为AA- 债参考YTM：2.3588,N,9.5,全价：124.216 最后更新：15:34:06,,,,0,{'M': ''},0,0,N,,,buy,buy
