抓取时间,bond_id,bond_nm,bond_py,price,increase_rt,stock_id,stock_nm,stock_py,sprice,sincrease_rt,pb,convert_price,convert_value,convert_begin,premium_rt,dblow,sw_cd,sw_name,market_cd,btype,list_dt,t_flag,owned,hold,bond_value,rating_cd,option_value,put_convert_price,force_redeem_price,convert_amt_ratio,fund_rt,maturity_dt,year_left,curr_iss_amt,volume,svolume,turnover_rt,ytm_rt,put_ytm_rt,noted,last_time,qstatus,sqflag,pb_flag,adj_cnt,adj_scnt,convert_price_valid,convert_price_tips,convert_cd_tip,ref_yield_info,adjusted,orig_iss_amt,price_tips,redeem_dt,real_force_redeem_price,option_tip,after_next_put_dt,icons,is_min_price,blocked,putting,force_redeem_price_tip,notes,volatility_rate,debt_rate
2026-09-02 12:13:48,123284,强达转债,qdzz,100.0,0.0,301628,强达电路,qddl,104.23,0.53,6.59,84.04,124.02,176,-19.37,80.63,270202,电子,szcy,C,2026-09-03,[],0,0,buy,AA-,,58.828,109.252,18.2,buy,2032-08-18,5.964,5.5,0.0,32759.41,0.0,2.2,,0,,00,Y,N,0,0,Y,,未到转股期；2027-02-25 开始转股,计算使用6.0年期 评级为AA- 债参考YTM：3.0555,N,5.5,待上市,,,,0,{'M': ''},0,0,N,,,buy,buy
2026-09-02 12:13:48,113710,四方转债,sfzz,100.0,0.0,603339,四方科技,sfkj,15.46,-3.86,1.72,14.87,103.97,188,-3.82,96.18,640105,机械设备,shmb,C,,[],0,0,buy,AA,,10.409,19.331,21.4,buy,2032-09-02,6.003,10.234,0.0,48457.44,0.0,2.15,,0,,00,Y,N,0,0,Y,,未到转股期；2027-03-09 开始转股,计算使用6.1年期 评级为AA 债参考YTM：2.1146,N,10.234,待上市,,,,0,[],0,0,N,,,buy,buy
2026-09-02 12:13:48,123112,万讯转债,wxzz,138.95,-5.67,300112,万讯自控,wxzk,9.0,-5.26,2.65,6.43,139.97,0,-0.73,138.22,640107,机械设备,szcy,C,2021-04-23,[],0,0,buy,AA-,,4.501,8.359,8.5,buy,2027-04-08,,1.863,37272.14,17622.89,141.09,,,0,15:34:39,00,Y,N,1,1,Y,转股价下修1次，成功下修1次,2021-10-14 开始转股,强赎登记日2026-09-11，赎回价格101.3320元，如不考虑强赎纯债价值为116.76元，计算使用0.6年期 评级为AA- 债参考YTM：1.7847,N,2.457,全价：138.950 最后更新：15:34:39,2026-09-11,101.3320,如不考虑强赎期权价值为45.04元,1,{'R': '最后交易日 2026年9月11日\r\n最后转股日 2026年9月16日\r\n赎回价 101.332元/张'},0,0,N,,,buy,buy
2026-09-02 12:13:48,127067,恒逸转2,hyz2,179.39,-2.41,000703,恒逸石化,hysh,18.52,-2.42,2.32,10.32,179.46,0,-0.04,179.35,750301,石油石化,szmb,C,2022-08-18,[],0,0,buy,AA+,,7.224,13.416,0.3,buy,2028-07-21,,2.589,88645.15,161445.07,186.61,,,0,15:34:39,00,Y,N,0,0,Y,,2023-01-30 开始转股,强赎登记日2026-09-03，赎回价格100.2500元，如不考虑强赎纯债价值为107.50元，计算使用1.9年期 评级为AA+ 债参考YTM：1.6358,N,30.0,全价：179.390 最后更新：15:34:39,2026-09-03,100.2500,如不考虑强赎期权价值为95.78元,1,"{'R': '最后交易日 2026年9月3日\r\n最后转股日 2026年9月8日\r\n赎回价 100.25元/张', 'M': ''}",0,0,N,,,buy,buy
2026-09-02 12:13:48,110077,洪城转债,hczz,203.381,-0.29,600461,洪城环境,hchj,8.93,-0.33,1.15,4.41,202.49,0,0.44,203.82,760102,环保,shmb,C,2020-12-17,[],0,0,buy,AA+,,3.087,5.733,5.0,buy,2026-11-20,0.216,5.837,3392.8,8448.64,2.86,-214.85,,0,14:59:54,00,Y,N,0,0,Y,,2021-05-26 开始转股,计算使用0.3年期 评级为AA+ 债参考YTM：1.5087,N,18.0,全价：203.381 最后更新：14:59:54,,,,1,"{'G': '本次（2026年7月12日至2026年7月31日）不提前赎回，至到期日止均不行使提前赎回权利', 'M': ''}",0,0,N,,,buy,buy
2026-09-02 12:13:48,123243,严牌转债,ypzz,223.5,-0.88,301081,严牌股份,ypgf,15.89,-0.75,3.24,7.22,220.08,0,1.55,225.05,760201,环保,szcy,C,2024-07-26,[],0,0,buy,A+,,5.054,9.386,7.3,buy,2030-07-10,3.855,2.607,29250.94,7064.08,50.36,-15.42,,0,15:33:57,00,Y,N,0,0,Y,,2025-01-16 开始转股,计算使用3.9年期 评级为A+ 债参考YTM：4.6709,N,4.679,全价：223.500 最后更新：15:33:57,,,,0,{'M': ''},0,0,N,,,buy,buy
2026-09-02 12:13:48,128134,鸿路转债,hlzz,121.55,-0.53,002541,鸿路钢构,hlgg,20.83,-1.75,1.41,17.49,119.1,0,2.06,123.61,620401,建筑装饰,szmb,C,2020-11-02,[],0,0,buy,AA,,12.243,22.737,12.4,buy,2026-10-09,0.101,13.197,9661.0,24234.95,6.09,-96.37,,0,15:33:57,00,Y,N,2,2,Y,转股价下修2次，成功下修2次,2021-04-15 开始转股,计算使用0.2年期 评级为AA 债参考YTM：1.5144,N,18.8,全价：121.550 最后更新：15:33:57,,,,0,"{'R': '到期\n最后交易日：2026-09-28\n最后转股日：2026-10-08\n', 'M': ''}",0,0,N,,,buy,buy
2026-09-02 12:13:48,127061,美锦转债,mjzz,113.125,-1.6,000723,美锦能源,mjny,3.84,-3.76,1.36,3.47,110.66,0,2.22,115.35,740201,煤炭,szmb,C,2022-05-30,[],0,0,buy,A,,2.429,4.511,16.4,buy,2028-04-20,1.633,27.742,19109.92,56972.03,6.03,4.0,,0,15:34:36,00,Y,N,2,2,Y,转股价下修2次，成功下修2次,2022-10-26 开始转股,计算使用1.7年期 评级为A 债参考YTM：6.6286,N,35.9,全价：113.125 最后更新：15:34:36,,,,1,{'M': ''},0,0,N,,,buy,buy
2026-09-02 12:13:48,113042,上银转债,syzz,118.285,0.13,601229,上海银行,shyh,9.63,-0.52,0.51,8.35,115.33,0,2.56,120.85,480401,银行,shmb,C,2021-02-10,[],0,0,buy,AAA,,,10.855,14.6,buy,2027-01-25,0.397,199.774,30456.07,41973.41,1.29,-13.37,,0,14:59:56,00,Y,Y,0,0,Y,,2021-07-29 开始转股,计算使用0.4年期 评级为AAA 债参考YTM：1.4963,N,200.0,全价：118.285 最后更新：14:59:56,,,,0,{'M': ''},0,0,N,,,buy,buy
2026-09-02 12:13:48,113046,金田转债,jtzz,136.108,-0.08,601609,金田股份,jtgf,13.46,0.0,2.25,10.18,132.22,0,2.94,139.05,240302,有色金属,shmb,C,2021-04-12,[],0,0,buy,AA+,,7.126,13.234,6.4,buy,2027-03-22,0.551,14.992,9679.34,62663.05,4.74,-34.83,,0,15:00:00,00,Y,N,0,0,Y,,2021-09-27 开始转股,计算使用0.6年期 评级为AA+ 债参考YTM：1.5272,N,15.0,全价：136.108 最后更新：15:00:00,,,,1,{'M': ''},0,0,N,,,buy,buy
2026-09-02 12:13:48,113056,重银转债,cyzz,127.083,-0.59,601963,重庆银行,cqyh,11.35,-0.87,0.61,9.22,123.1,0,3.23,130.31,480401,银行,shmb,C,2022-04-14,[],0,0,buy,AAA,,,11.986,50.1,buy,2028-03-23,1.556,115.622,25639.31,14428.9,1.74,-7.65,,0,14:59:53,00,Y,N,0,0,Y,,2022-09-30 开始转股,计算使用1.6年期 评级为AAA 债参考YTM：1.5642,N,130.0,全价：127.083 最后更新：14:59:53,,,,0,{'M': ''},0,0,N,,,buy,buy
2026-09-02 12:13:48,110081,闻泰转债,wtzz,107.162,0.07,600745,*ST闻泰,wtkj,18.76,1.24,0.98,18.36,102.18,0,4.88,112.04,270102,电子,shmb,C,2021-08-20,[],0,0,buy,BBB+,,12.852,23.868,29.1,buy,2027-07-28,0.901,72.051,22455.69,82479.91,2.9,0.87,,0,14:59:57,00,Y,N,3,3,Y,转股价下修3次，成功下修3次,2022-02-07 开始转股,计算使用1.0年期 评级为BBB+ 债参考YTM：11.9122,N,86.0,全价：107.162 最后更新：14:59:57,,,,1,[],0,0,N,,,buy,buy
2026-09-02 12:13:48,113605,大参转债,dszz,113.426,-0.85,603233,大参林,dsl,18.08,-1.79,2.66,16.86,107.24,0,5.77,119.2,370403,医药生物,shmb,C,2020-11-13,[],0,0,buy,AA,,11.802,21.918,6.8,buy,2026-10-22,0.137,14.044,3869.24,11850.52,2.42,-22.51,,0,14:59:54,00,Y,N,1,1,Y,转股价下修1次，成功下修1次,2021-04-28 开始转股,计算使用0.2年期 评级为AA 债参考YTM：1.5144,N,14.05,全价：113.426 最后更新：14:59:54,,,,1,{'M': ''},0,0,N,,,buy,buy
2026-09-02 12:13:48,113062,常银转债,cyzz,128.812,-0.3,601128,常熟银行,csyh,6.34,-0.16,0.69,5.25,120.76,0,6.67,135.48,480501,银行,shmb,C,2022-10-17,[],0,0,buy,AAA,,,6.825,25.9,buy,2028-09-15,2.038,59.994,8013.69,41550.71,1.04,-7.86,,0,14:59:27,00,Y,N,0,0,Y,,2023-03-21 开始转股,计算使用2.1年期 评级为AAA 债参考YTM：1.6037,N,60.0,全价：128.812 最后更新：14:59:27,,,,0,{'M': ''},0,0,N,,,buy,buy
2026-09-02 12:13:48,113615,金诚转债,jczz,759.627,-2.15,603979,金诚信,jcx,78.84,-4.09,3.97,11.12,708.99,0,7.14,766.77,240302,有色金属,shmb,C,2021-01-14,[],0,0,buy,AA,,7.784,14.456,1.0,buy,2026-12-23,0.307,4.958,37783.1,63271.2,10.1,-280.36,,0,14:59:59,00,Y,N,0,0,Y,,2021-06-29 开始转股,计算使用0.4年期 评级为AA 债参考YTM：1.5373,N,10.0,全价：759.627 最后更新：14:59:59,,,,1,"{'G': '本次（2025年10月10日至2025年10月30日）不提前赎回，至2026年12月22日到期均不提前赎回', 'M': ''}",0,0,N,,,buy,buy
2026-09-02 12:13:48,123207,冠中转债,gzzz,222.807,0.5,300948,冠中生态,gzst,21.64,1.12,3.54,10.44,207.28,0,7.49,230.3,620307,建筑装饰,szcy,C,2023-08-09,[],0,0,buy,A-,,7.308,13.572,4.3,buy,2029-07-21,2.885,1.455,28459.18,6549.11,87.16,-19.8,,0,15:34:06,00,Y,N,1,1,Y,转股价下修1次，成功下修1次,2024-01-29 开始转股,计算使用2.9年期 评级为A- 债参考YTM：9.2396,N,4.0,全价：222.807 最后更新：15:34:06,,,,0,"{'G': '本次（2026年5月27日至2026年6月16日）不提前赎回，自2026年9月16日后首个交易日重新计算', 'M': ''}",0,0,N,,,buy,buy
2026-09-02 12:13:48,128138,侨银转债,qyzz,131.08,0.06,002973,侨银股份,qygf,12.78,1.67,2.03,10.6,120.57,0,8.72,139.8,760103,环保,szmb,C,2020-12-24,[],0,0,buy,A+,,7.42,13.78,10.3,buy,2026-11-17,0.208,4.199,5960.91,10818.25,10.83,-4.01,,0,15:34:03,00,Y,N,3,3,Y,转股价下修3次，成功下修3次,2021-05-24 开始转股,计算使用0.3年期 评级为A+ 债参考YTM：4.0720,N,4.2,全价：131.080 最后更新：15:34:03,,,,1,[],0,0,N,,,buy,buy
2026-09-02 12:13:48,113681,镇洋转债,zyzz,138.866,-0.16,603213,镇洋发展,zyfz,13.98,-0.43,3.34,10.95,127.67,0,8.77,147.64,220202,基础化工,shmb,C,2024-01-17,[],0,0,buy,AA-,,7.665,14.235,8.8,buy,2029-12-29,3.326,5.476,2497.6,2375.75,3.28,-4.55,,0,14:59:59,00,Y,N,0,0,Y,,2024-07-05 开始转股,计算使用3.4年期 评级为AA- 债参考YTM：2.2744,N,6.6,全价：138.866 最后更新：14:59:59,,,,0,[],0,0,N,,,buy,buy
2026-09-02 12:13:48,113043,财通转债,ctzz,118.3,-0.32,601108,财通证券,ctzq,8.66,-2.7,1.02,7.98,108.52,0,9.01,127.31,490101,非银金融,shmb,C,2020-12-28,[],0,0,buy,AAA,,,10.374,9.4,buy,2026-12-10,0.271,37.992,8590.71,45337.44,1.91,-38.72,,0,14:59:55,00,Y,Y,1,1,Y,转股价下修1次，成功下修1次,2021-06-16 开始转股,计算使用0.3年期 评级为AAA 债参考YTM：1.4889,N,38.0,全价：118.300 最后更新：14:59:55,,,,0,{'M': ''},0,0,N,,,buy,buy
2026-09-02 12:13:48,118058,微导转债,wdzz,377.705,-20.0,688147,微导纳米,wdnm,115.35,-4.42,17.32,33.29,346.5,0,9.01,386.72,630505,电力设备,shkc,C,2025-08-27,[],0,0,buy,AA,,23.303,43.277,2.2,buy,2031-08-06,4.929,11.698,272402.45,102233.15,60.01,-21.81,,0,14:59:58,00,Y,N,0,0,Y,,2026-02-12 开始转股,计算使用5.0年期 评级为AA 债参考YTM：1.8606,N,11.7,全价：377.705 最后更新：14:59:58,,,,0,"{'G': '本次（2026年2月12日至2026年3月12日）不提前赎回，以2026年9月13日为首个交易日重新计算', 'M': ''}",0,0,N,,,buy,buy
2026-09-02 12:13:48,127080,声迅转债,sxzz,275.001,-0.43,003004,声迅股份,sxgf,72.73,0.68,8.62,28.94,251.31,0,9.43,284.43,710102,计算机,szmb,C,2023-02-10,[],0,0,buy,A,,20.258,37.622,5.6,buy,2028-12-30,2.329,2.793,23009.91,6871.07,29.84,-30.65,,0,15:33:54,00,Y,N,0,0,Y,,2023-07-07 开始转股,计算使用2.4年期 评级为A 债参考YTM：6.7598,N,2.8,全价：275.001 最后更新：15:33:54,,,,0,[],0,0,N,,,buy,buy
2026-09-02 12:13:48,113066,平煤转债,pmzz,138.564,-0.57,601666,平煤股份,pmgf,9.39,-2.69,0.92,7.46,125.87,0,10.08,148.64,740102,煤炭,shmb,C,2023-04-10,[],0,0,buy,AAA,,5.222,9.698,6.2,buy,2029-03-16,2.537,14.274,18831.66,51911.66,9.5,-8.89,,0,14:59:58,00,Y,N,1,1,Y,转股价下修1次，成功下修1次,2023-09-22 开始转股,计算使用2.6年期 评级为AAA 债参考YTM：1.6278,N,29.0,全价：138.564 最后更新：14:59:58,,,,0,{'M': ''},0,0,N,,,buy,buy
2026-09-02 12:13:48,123283,丰茂转债,fmzz,100.0,0.0,301459,丰茂股份,fmgf,32.16,0.25,2.62,35.59,90.36,175,10.67,110.67,220602,基础化工,szcy,C,,[],0,0,buy,AA-,,24.913,46.267,72.4,buy,2032-08-17,5.962,6.075,0.0,2731.61,0.0,2.2,,0,,00,Y,N,0,0,Y,,未到转股期；2027-02-24 开始转股,计算使用6.0年期 评级为AA- 债参考YTM：3.0555,N,6.075,待上市,,,,0,{'M': ''},0,0,N,,,buy,buy
2026-09-02 12:13:48,127047,帝欧转债,dozz,139.8,-0.15,002798,帝欧水华,dosh,6.38,0.47,1.83,5.1,125.1,0,11.75,151.55,360306,轻工制造,szmb,C,2021-11-26,[],0,0,buy,BBB+,,3.57,6.63,14.1,buy,2027-10-25,1.145,4.654,2916.99,6860.13,4.49,-14.58,,0,15:34:36,00,Y,N,1,1,Y,转股价下修1次，成功下修1次,2022-04-29 开始转股,计算使用1.2年期 评级为BBB+ 债参考YTM：11.9679,N,15.0,全价：139.800 最后更新：15:34:36,,,,1,[],0,0,N,,,buy,buy
2026-09-02 12:13:48,111000,起帆转债,qfzz,138.018,-1.04,605222,起帆电缆,qfdl,21.18,-0.47,1.78,17.29,122.5,0,12.67,150.69,630805,电力设备,shmb,C,2021-06-17,[],0,0,buy,AA-,,12.103,22.477,11.4,buy,2027-05-24,0.723,9.991,8894.17,14737.02,6.41,-23.06,,0,14:59:52,00,Y,N,1,1,Y,转股价下修1次，成功下修1次,2021-11-29 开始转股,计算使用0.8年期 评级为AA- 债参考YTM：1.7957,N,10.0,全价：138.018 最后更新：14:59:52,,,,1,{'G': '本次（2026年3月13日至2026年4月20日）不提前赎回，以2026年10月21日为首个交易日重新起算'},0,0,N,,,buy,buy
2026-09-02 12:13:48,123258,胜蓝转02,slz2,262.4,-20.0,300843,胜蓝股份,slgf,126.4,-0.47,11.99,54.36,232.52,0,12.85,275.25,270504,电子,szcy,C,2025-09-10,[],0,0,buy,AA-,,38.052,70.668,2.2,buy,2031-08-28,4.989,4.498,200994.71,69544.5,162.91,-15.04,,0,15:34:15,00,Y,N,0,0,Y,,2026-03-03 开始转股,计算使用5.0年期 评级为AA- 债参考YTM：2.3906,N,4.5,全价：262.400 最后更新：15:34:15,,,,0,{'M': ''},0,0,N,,,buy,buy
2026-09-02 12:13:48,113058,友发转债,yfzz,132.649,-0.07,601686,友发集团,yfjt,5.26,-0.19,1.1,4.48,117.41,0,12.98,145.63,230403,钢铁,shmb,C,2022-04-26,[],0,0,buy,AA,,3.136,5.824,23.9,buy,2028-03-30,1.575,18.638,4960.93,2828.32,2.01,-9.37,,0,14:59:01,00,Y,N,2,2,Y,转股价下修2次，成功下修2次,2022-10-10 开始转股,计算使用1.6年期 评级为AA 债参考YTM：1.6293,N,20.0,全价：132.649 最后更新：14:59:01,,,,1,[],0,0,N,,,buy,buy
2026-09-02 12:13:48,128136,立讯转债,lxzz,116.0,-0.45,002475,立讯精密,lxjm,57.08,0.28,4.72,55.67,102.53,0,13.13,129.13,270504,电子,szmb,C,2020-12-02,[],0,0,buy,AA+,,38.969,72.371,0.7,buy,2026-11-03,0.17,29.817,11001.15,525911.2,3.18,-41.27,,0,15:34:00,00,Y,N,0,0,Y,,2021-05-10 开始转股,计算使用0.2年期 评级为AA+ 债参考YTM：1.4980,N,30.0,全价：116.000 最后更新：15:34:00,,,,1,{'M': ''},0,0,N,,,buy,buy
2026-09-02 12:13:48,113631,皖天转债,wtzz,136.771,-0.26,603689,皖天然气,wtrq,7.85,0.38,1.1,6.51,120.58,0,13.42,150.19,410301,公用事业,shmb,C,2021-12-10,[],0,0,buy,AA+,,4.557,8.463,14.5,buy,2027-11-08,1.184,5.958,3351.13,4607.12,4.11,-15.84,,0,14:59:45,00,Y,N,0,0,Y,,2022-05-12 开始转股,计算使用1.2年期 评级为AA+ 债参考YTM：1.5556,N,9.3,全价：136.771 最后更新：14:59:45,,,,1,[],0,0,N,,,buy,buy
2026-09-02 12:13:48,127110,广核转债,ghzz,137.36,-0.25,003816,中国广核,zggh,4.33,0.46,1.77,3.58,120.95,0,13.57,150.93,410108,公用事业,szmb,C,2025-07-25,[],0,0,buy,AAA,,2.506,4.654,2.9,buy,2031-07-09,4.852,48.992,9713.96,46847.86,1.44,-4.54,,0,15:34:39,00,Y,N,0,0,Y,,2026-01-15 开始转股,计算使用4.9年期 评级为AAA 债参考YTM：1.7480,N,49.0,全价：137.360 最后更新：15:34:39,,,,0,{'M': ''},0,0,N,,,buy,buy
2026-09-02 12:13:48,127030,盛虹转债,shzz,119.22,-0.6,000301,东方盛虹,dfsh,13.81,-4.43,2.35,13.21,104.54,0,14.04,133.26,750301,石油石化,szmb,C,2021-04-21,[],0,0,buy,AA+,,9.247,17.173,5.5,buy,2027-03-22,0.551,49.974,14269.07,52868.04,2.4,-17.09,,0,15:34:33,00,Y,N,0,0,Y,,2021-09-27 开始转股,计算使用0.6年期 评级为AA+ 债参考YTM：1.5272,N,50.0,全价：119.220 最后更新：15:34:33,,,,1,"{'M': '', 'EX': '江苏盛虹科技股份有限公司竞价减持11.89% 2026年08月31日公告'}",0,0,N,,,buy,buy
2026-09-02 12:13:48,123091,长海转债,chzz,128.083,-0.07,300196,长海股份,chgf,16.83,0.12,1.43,14.99,112.28,0,14.08,142.16,610202,建筑材料,szcy,C,2021-01-15,[],0,0,buy,AA,,10.493,19.487,13.1,buy,2026-12-23,0.307,5.461,13930.21,17225.64,19.91,-43.86,,0,15:34:33,00,Y,N,0,0,N,2026-09-01 至 2026-09-08 期间暂停转股：权益分派,2021-06-29 开始转股;2026-09-01 至 2026-09-08 期间暂停转股：权益分派,计算使用0.4年期 评级为AA 债参考YTM：1.5373,N,5.5,全价：128.083 最后更新：15:34:33,,,,1,[],0,0,N,,,buy,buy
2026-09-02 12:13:48,123213,天源转债,tyzz,278.5,-4.29,301127,武汉天源,whty,17.15,-4.14,3.3,7.1,241.55,0,15.3,293.8,760102,环保,szcy,C,2023-08-16,[],0,0,buy,AA-,,4.97,9.23,2.9,buy,2029-07-28,2.904,3.26,26118.55,47783.55,28.43,-26.44,,0,15:34:45,00,Y,N,0,0,Y,,2024-02-05 开始转股,计算使用3.0年期 评级为AA- 债参考YTM：2.2141,N,10.0,全价：278.500 最后更新：15:34:45,,,,0,"{'G': '本次（2026年3月13日至2026年4月2日）不提前赎回，自2026年10月2日后首个交易日重新计算', 'M': ''}",0,0,N,,,buy,buy
2026-09-02 12:13:48,127040,国泰转债,gtzz,121.365,-0.14,002091,江苏国泰,jsgt,7.72,-0.9,0.78,7.35,105.03,0,15.55,136.92,450201,商贸零售,szmb,C,2021-08-10,[],0,0,buy,AA+,,5.145,9.555,32.2,buy,2027-07-07,0.844,39.863,4865.98,7398.03,1.01,-13.09,,0,15:34:33,00,Y,N,0,0,Y,,2022-01-13 开始转股,计算使用0.9年期 评级为AA+ 债参考YTM：1.5372,N,45.574,全价：121.365 最后更新：15:34:33,,,,1,{'M': ''},0,0,N,,,buy,buy
2026-09-02 12:13:48,123160,泰福转债,tfzz,156.999,-2.8,300992,泰福泵业,tfby,26.74,0.04,2.78,19.7,135.74,0,15.66,172.66,640106,机械设备,szcy,C,2022-10-25,[],0,0,buy,A,,13.79,25.61,11.1,buy,2028-09-28,2.074,2.315,6503.2,5635.41,17.84,-12.68,,0,15:34:39,00,Y,N,1,1,Y,转股价下修1次，成功下修1次,2023-04-11 开始转股,计算使用2.1年期 评级为A 债参考YTM：6.6938,N,3.349,全价：156.999 最后更新：15:34:39,,,,0,{'M': ''},0,0,N,,,buy,buy
2026-09-02 12:13:48,127078,优彩转债,yczz,162.879,-0.87,002998,优彩资源,yczy,8.58,0.12,1.68,6.11,140.43,0,15.99,178.87,220401,基础化工,szmb,C,2023-01-09,[],0,0,buy,A+,,4.277,7.943,17.9,buy,2028-12-14,2.285,4.158,7712.84,9491.45,11.42,-13.0,,0,15:34:51,00,Y,N,0,0,Y,,2023-06-20 开始转股,计算使用2.3年期 评级为A+ 债参考YTM：4.3858,N,6.0,全价：162.879 最后更新：15:34:51,,,,0,[],0,0,N,,,buy,buy
2026-09-02 12:13:48,123092,天壕转债,thzz,119.065,-0.13,300332,天壕能源,thny,5.1,-0.58,1.11,4.97,102.62,0,16.03,135.1,410301,公用事业,szcy,C,2021-01-15,[],0,0,buy,A+,,3.479,6.461,8.2,buy,2026-12-24,0.31,3.416,11511.09,25388.51,28.09,-11.13,,0,15:34:36,00,Y,N,0,0,Y,,2021-06-30 开始转股,计算使用0.4年期 评级为A+ 债参考YTM：4.0874,N,4.23,全价：119.065 最后更新：15:34:36,,,,1,{'M': ''},0,0,N,,,buy,buy
2026-09-02 12:13:48,110076,华海转债,hhzz,112.462,-0.02,600521,华海药业,hhyy,15.97,-1.42,2.45,16.5,96.79,0,16.19,128.65,370102,医药生物,shmb,C,2020-11-25,[],0,0,buy,AA,,11.55,21.45,7.7,buy,2026-11-02,0.167,18.424,2770.92,31689.13,1.34,-13.1,,0,14:59:49,00,Y,N,1,1,Y,转股价下修1次，成功下修1次,2021-05-06 开始转股,计算使用0.2年期 评级为AA 债参考YTM：1.5144,N,18.426,全价：112.462 最后更新：14:59:49,,,,1,{'M': ''},0,0,N,,,buy,buy
2026-09-02 12:13:48,111015,东亚转债,dyzz,134.534,-0.16,605177,东亚药业,dyyy,23.44,2.81,1.58,20.28,115.58,0,16.4,150.93,370101,医药生物,shmb,C,2023-08-02,[],0,0,buy,A+,,14.196,26.364,25.0,buy,2029-07-06,2.844,6.662,8188.57,17509.4,9.11,-4.43,,0,14:59:50,00,Y,N,1,1,Y,转股价下修1次，成功下修1次,2024-01-12 开始转股,计算使用2.9年期 评级为A+ 债参考YTM：4.5396,N,6.9,全价：134.534 最后更新：14:59:50,,,,0,[],0,0,N,,,buy,buy
2026-09-02 12:13:48,123247,万凯转债,wkzz,200.797,-2.95,301216,万凯新材,wkxc,19.23,-3.51,1.7,11.15,172.47,0,16.43,217.23,220501,基础化工,szcy,C,2024-09-05,[],0,0,buy,AA,,7.805,14.495,18.8,buy,2030-08-16,3.956,19.642,87114.44,85682.08,21.31,-13.47,,0,15:34:03,00,Y,N,0,0,Y,,2025-02-24 开始转股,计算使用4.0年期 评级为AA 债参考YTM：1.8216,N,27.0,全价：200.797 最后更新：15:34:03,,,,0,"{'G': '本次（2026年6月17日至2026年7月8日）不提前赎回，自2026年10月8日后首个交易日重新计算', 'M': ''}",0,0,N,,,buy,buy
2026-09-02 12:13:48,123076,强力转债,qlzz,126.562,0.11,300429,强力新材,qlxc,11.34,-0.61,3.2,10.6,106.98,0,18.3,144.86,270601,电子,szcy,C,2020-12-04,[],0,0,buy,AA-,,7.42,13.78,7.2,buy,2026-11-19,0.214,3.393,3263.98,15488.68,7.61,-50.79,,0,15:34:30,00,Y,N,2,2,Y,转股价下修2次，成功下修2次,2021-05-25 开始转股,计算使用0.3年期 评级为AA- 债参考YTM：1.7237,N,8.5,全价：126.562 最后更新：15:34:30,,,,1,{'M': ''},0,0,N,,,buy,buy
2026-09-02 12:13:48,123235,亿田转债,ytzz,168.317,0.16,300911,亿田智能,ytzn,30.24,4.35,4.94,21.31,141.91,0,18.61,186.93,330401,家用电器,szcy,C,2024-01-12,[],0,0,buy,A+,,14.917,27.703,8.4,buy,2029-12-21,3.304,4.352,122965.46,80543.1,167.26,-10.03,,0,15:34:09,00,Y,N,0,0,Y,,2024-06-27 开始转股,计算使用3.4年期 评级为A+ 债参考YTM：4.6284,N,5.202,全价：168.317 最后更新：15:34:09,,,,0,{'M': ''},0,0,N,,,buy,buy
2026-09-02 12:13:48,127103,东南转债,dnzz,138.611,-0.64,002135,东南网架,dnwj,6.49,-1.67,1.14,5.59,116.1,0,19.39,158.0,620401,建筑装饰,szmb,C,2024-01-24,[],0,0,buy,AA,,3.913,7.267,30.2,buy,2030-01-03,3.34,19.999,5981.44,10669.74,2.16,-6.23,,0,15:34:03,00,Y,N,0,0,Y,,2024-07-09 开始转股,计算使用3.4年期 评级为AA 债参考YTM：1.7559,N,20.0,全价：138.611 最后更新：15:34:03,,,,0,{'M': ''},0,0,N,,,buy,buy
2026-09-02 12:13:48,127109,电化转债,dhzz,148.997,-3.12,002125,湘潭电化,xtdh,12.38,-2.75,2.23,9.99,123.92,0,20.23,169.23,630702,电力设备,szmb,C,2025-07-04,[],0,0,buy,AA,,6.993,12.987,6.2,buy,2031-06-16,4.789,4.866,21319.94,25746.05,29.29,-5.43,,0,15:34:36,00,Y,N,0,0,Y,,2025-12-22 开始转股,计算使用4.8年期 评级为AA 债参考YTM：1.8546,N,4.87,全价：148.997 最后更新：15:34:36,,,,0,{'M': ''},0,0,N,,,buy,buy
2026-09-02 12:13:48,123187,超达转债,cdzz,199.515,-2.68,301186,超达装备,cdzb,36.1,-1.8,2.54,21.77,165.83,0,20.32,219.84,280205,汽车,szcy,C,2023-04-25,[],0,0,buy,A,,15.239,28.301,5.8,buy,2029-04-04,2.589,2.242,10613.68,3803.09,23.51,-18.37,,0,15:34:03,00,Y,N,0,0,Y,,2023-10-11 开始转股,计算使用2.6年期 评级为A 债参考YTM：6.8112,N,4.69,全价：199.515 最后更新：15:34:03,,,,0,"{'G': '本次（2026年8月3日至2026年8月21日）不提前赎回，以2027年2月21日之后的首个交易日重新起算', 'M': ''}",0,0,N,,,buy,buy
2026-09-02 12:13:48,123245,集智转债,jzzz,312.0,-2.04,300553,集智股份,jzgf,46.45,-2.05,6.1,18.06,257.2,0,21.31,333.31,640107,机械设备,szcy,C,2024-08-28,[],0,0,buy,A,,12.642,23.478,3.9,buy,2030-08-14,3.951,1.537,28217.21,21050.98,59.12,-21.76,,0,15:34:00,00,Y,N,0,0,Y,,2025-02-20 开始转股,计算使用4.0年期 评级为A 债参考YTM：7.0316,N,2.546,全价：312.000 最后更新：15:34:00,,,,0,{'G': '本次（2026年6月2日至2026年6月23日）不提前赎回，自2026年9月23日后首个交易日重新计算'},0,0,N,,,buy,buy
2026-09-02 12:13:48,123189,晓鸣转债,xmzz,139.78,-0.6,300967,晓鸣股份,xmgf,17.46,-2.51,4.29,15.18,115.02,0,21.53,161.31,110703,农林牧渔,szcy,C,2023-04-25,[],0,0,buy,A,,10.626,19.734,15.1,buy,2029-04-06,2.595,3.286,4927.82,11050.6,10.73,-6.66,,0,15:34:45,00,Y,N,1,1,Y,转股价下修1次，成功下修1次,2023-10-12 开始转股,计算使用2.6年期 评级为A 债参考YTM：6.8112,N,3.29,全价：139.780 最后更新：15:34:45,,,,0,{'M': ''},0,0,N,,,buy,buy
2026-09-02 12:13:48,113051,节能转债,jnzz,120.848,-0.97,601016,节能风电,jnfd,3.31,-1.78,1.19,3.33,99.4,0,21.58,142.43,410107,公用事业,shmb,C,2021-07-22,[],0,0,buy,AAA,,2.331,4.329,13.3,buy,2027-06-21,0.8,26.519,4476.34,30965.17,1.39,-11.22,,0,14:59:44,00,Y,N,1,0,Y,转股价下修1次，成功下修0次,2021-12-27 开始转股,计算使用0.8年期 评级为AAA 债参考YTM：1.5125,N,30.0,全价：120.848 最后更新：14:59:44,,,,1,{'M': ''},0,0,N,,,buy,buy
2026-09-02 12:13:48,110084,贵燃转债,grzz,134.441,1.91,600903,贵州燃气,gzrq,7.07,9.95,2.53,6.42,110.13,0,22.08,156.52,410301,公用事业,shmb,C,2022-01-18,[],0,0,buy,AA,,4.494,8.346,9.9,buy,2027-12-27,1.318,8.157,61601.07,51513.98,56.17,-13.2,,0,15:00:00,00,Y,N,2,2,Y,转股价下修2次，成功下修2次,2022-07-01 开始转股,计算使用1.4年期 评级为AA 债参考YTM：1.6056,N,10.0,全价：134.441 最后更新：15:00:00,,,,1,{'M': ''},0,0,N,,,buy,buy
2026-09-02 12:13:48,118016,京源转债,jyzz,154.316,-0.27,688096,京源环保,jyhb,8.69,-1.81,2.39,6.91,125.76,0,22.71,177.03,760102,环保,shkc,C,2022-08-25,[],0,0,buy,A,,4.837,8.983,8.2,buy,2028-08-05,1.926,1.675,4457.96,5340.97,17.22,-13.34,,0,14:59:53,00,Y,N,0,0,Y,,2023-02-13 开始转股,计算使用2.0年期 评级为A 债参考YTM：6.6768,N,3.325,全价：154.316 最后更新：14:59:53,,,,1,{'M': ''},0,0,N,,,buy,buy
2026-09-02 12:13:48,118062,天准转债,tzzz,171.518,-20.0,688003,天准科技,tzkj,76.63,-1.61,7.37,55.13,139.0,0,23.4,194.92,640704,机械设备,shkc,C,2025-12-31,[],0,0,buy,AA-,,38.591,66.156,5.8,buy,2031-12-12,5.28,8.719,133048.98,31180.49,83.43,-7.27,,0,14:59:57,00,Y,N,0,0,Y,,2026-06-18 开始转股,计算使用5.3年期 评级为AA- 债参考YTM：2.5209,N,8.72,全价：171.518 最后更新：14:59:57,,,,0,"{'G': '本次（2026年6月18日至2026年7月9日）不提前赎回，以2026年10月10日为首个交易日重新计算', 'M': ''}",0,0,N,120%,,buy,buy
2026-09-02 12:13:48,127045,牧原转债,myzz,119.75,-0.25,002714,牧原股份,mygf,42.03,-0.87,3.03,43.32,97.02,0,23.43,143.18,110702,农林牧渔,szmb,C,2021-09-10,[],0,0,buy,AAA,,30.324,56.316,6.9,buy,2027-08-16,0.953,95.429,9410.49,127939.91,0.82,-11.17,,0,15:34:39,00,Y,Y,0,0,Y,,2022-02-21 开始转股,计算使用1.0年期 评级为AAA 债参考YTM：1.5222,N,95.5,全价：119.750 最后更新：15:34:39,,,,1,{'M': ''},0,0,N,,,buy,buy
2026-09-02 12:13:48,111002,特纸转债,tzzz,140.503,-0.88,605007,五洲特纸,wztz,15.32,-2.48,1.92,13.49,113.57,0,23.72,164.22,360103,轻工制造,shmb,C,2021-12-30,[],0,0,buy,AA,,9.443,17.537,9.1,buy,2027-12-08,1.266,6.619,4727.15,5800.98,5.08,-15.54,,0,14:59:43,00,Y,N,1,1,Y,转股价下修1次，成功下修1次,2022-06-14 开始转股,计算使用1.3年期 评级为AA 债参考YTM：1.5950,N,6.7,全价：140.503 最后更新：14:59:43,,,,1,[],0,0,N,,,buy,buy
2026-09-02 12:13:48,127070,大中转债,dzzz,305.604,-7.11,001203,大中矿业,dzky,26.07,-5.95,5.45,10.56,246.88,0,23.79,329.39,230301,钢铁,szmb,C,2022-10-11,[],0,0,buy,AA,,7.392,13.728,2.7,buy,2028-08-17,1.959,9.342,42392.0,59070.31,14.45,-39.84,,0,15:34:48,00,Y,N,0,0,Y,,2023-02-23 开始转股,计算使用2.0年期 评级为AA 债参考YTM：1.6768,N,15.2,全价：305.604 最后更新：15:34:48,,,,1,"{'G': '本次（2026年2月24日至2026年3月16日）不提前赎回，以2026年9月16日后的首个交易日重新计算', 'M': ''}",0,0,N,,,buy,buy
2026-09-02 12:13:48,127084,柳工转2,lgz2,139.5,-0.71,000528,柳工,lg,7.83,-1.51,0.83,6.98,112.18,0,24.36,163.86,640601,机械设备,szmb,C,2023-04-20,[],0,0,buy,AAA,,4.886,9.074,15.5,buy,2029-03-27,2.567,24.809,5166.71,20994.91,1.49,-7.12,,0,15:34:48,00,Y,N,0,0,Y,,2023-10-09 开始转股,计算使用2.6年期 评级为AAA 债参考YTM：1.6278,N,30.0,全价：139.500 最后更新：15:34:48,,,,0,{'M': ''},0,0,N,,,buy,buy
2026-09-02 12:13:48,127027,能化转债,nhzz,111.172,-0.29,000552,甘肃能化,gsnh,2.61,-4.04,0.83,2.93,89.08,0,24.8,135.97,740101,煤炭,szmb,C,2021-01-22,[],0,0,buy,AAA,,2.051,3.809,20.0,buy,2026-12-10,0.271,19.463,3203.08,29305.16,1.48,-3.93,,0,15:34:33,00,Y,N,0,0,Y,,2021-06-16 开始转股,计算使用0.3年期 评级为AAA 债参考YTM：1.4889,N,28.0,全价：111.172 最后更新：15:34:33,,,,1,{'M': ''},0,0,N,,,buy,buy
2026-09-02 12:13:48,110099,福能转债,fnzz,145.514,-1.32,600483,福能股份,fngf,11.06,-1.69,1.11,9.49,116.54,0,24.86,170.37,410110,公用事业,shmb,C,2025-10-30,[],0,0,buy,AA+,,6.643,12.337,12.4,buy,2031-10-13,5.115,38.019,9444.33,10879.61,1.7,-5.33,,0,15:00:00,00,Y,N,0,0,Y,,2026-04-17 开始转股,计算使用5.2年期 评级为AA+ 债参考YTM：1.8133,N,38.02,全价：145.514 最后更新：15:00:00,,,,0,"{'M': '', 'EX': '能源集团及其一致行动人竞价减持10.04% 2026年08月25日公告'}",0,0,N,,,buy,buy
2026-09-02 12:13:48,118050,航宇转债,hyzz,260.779,-1.1,688239,航宇科技,hykj,51.8,0.58,4.44,24.81,208.79,0,24.9,285.68,650201,国防军工,shkc,C,2024-09-10,[],0,0,buy,AA-,,17.367,32.253,6.7,buy,2030-08-21,3.97,6.597,45535.74,42416.35,26.06,-18.1,,0,14:59:59,00,Y,N,0,0,Y,,2025-02-27 开始转股,计算使用4.0年期 评级为AA- 债参考YTM：2.3216,N,6.67,全价：260.779 最后更新：14:59:59,,,,0,"{'G': '本次（2026年5月28日至2026年6月17日）不提前赎回，自2026年9月18日为首个交易日重新计算', 'M': ''}",0,0,N,,,buy,buy
2026-09-02 12:13:48,127092,运机转债,yjzz,306.824,-0.64,001288,运机集团,yjjt,29.11,-0.24,2.85,11.91,244.42,0,25.53,332.35,640203,机械设备,szmb,C,2023-10-20,[],0,0,buy,AA-,,8.337,15.483,11.9,buy,2029-09-21,3.055,5.249,23137.55,14816.21,14.33,-26.75,,0,15:33:54,00,Y,N,0,0,Y,,2024-03-27 开始转股,计算使用3.1年期 评级为AA- 债参考YTM：2.2346,N,7.3,全价：306.824 最后更新：15:33:54,,,,0,{'G': '本次（2025年12月8日至2025年12月26日）不提前赎回，以2026年12月26日后的首个交易日起重新计算'},0,0,N,,,buy,buy
2026-09-02 12:13:48,118051,皓元转债,hyzz,287.641,-2.25,688131,皓元医药,hyyy,92.11,0.01,5.93,40.22,229.02,0,25.6,313.24,370603,医药生物,shkc,C,2024-12-19,[],0,0,buy,AA-,,28.154,52.286,4.2,buy,2030-11-28,4.241,8.218,34110.23,33980.25,14.28,-19.34,,0,14:59:56,00,Y,N,0,0,N,2026-08-31 至 2026-09-04 期间暂停转股：回售,2025-06-04 开始转股;2026-08-31 至 2026-09-04 期间暂停转股：回售,计算使用4.3年期 评级为AA- 债参考YTM：2.3479,N,8.223,全价：287.641 最后更新：14:59:56,,,,0,"{'G': '本次（2026年5月20日至2026年6月9日）不提前赎回，以2026年10月12日为首个交易日重新计算', 'M': ''}",0,0,Y,,,buy,buy
2026-09-02 12:13:48,123104,卫宁转债,wnzz,127.4,-0.3,300253,卫宁健康,wnjk,7.1,-1.8,2.85,7.02,101.14,0,25.96,153.36,710401,计算机,szcy,C,2021-03-31,[],0,0,buy,AA,,4.914,9.126,7.4,buy,2027-03-16,0.534,9.699,2888.02,26081.45,2.34,-10.93,,0,15:34:33,00,Y,N,2,2,Y,转股价下修2次，成功下修2次,2021-09-22 开始转股,计算使用0.6年期 评级为AA 债参考YTM：1.5497,N,9.703,全价：127.400 最后更新：15:34:33,,,,1,{'M': ''},0,0,N,,,buy,buy
2026-09-02 12:13:48,113691,和邦转债,hbzz,148.046,-0.74,603077,和邦生物,hbsw,2.35,-3.29,1.08,2.0,117.5,0,26.0,174.05,220802,基础化工,shmb,C,2024-11-19,[],0,0,buy,AA,,1.4,2.6,22.2,buy,2030-10-28,4.156,45.991,8548.59,73809.61,1.26,-6.05,,0,14:59:21,00,Y,N,0,0,Y,,2025-05-06 开始转股,计算使用4.2年期 评级为AA 债参考YTM：1.8369,N,46.0,全价：148.046 最后更新：14:59:21,,,,0,"{'G': '本次（2026年1月22日至2026年3月10日）不提前赎回，以2027年3月10日之后的首个交易日重新起算', 'M': ''}",0,0,N,,,buy,buy
2026-09-02 12:13:48,110098,南药转债,nyzz,136.349,-0.59,600713,南京医药,njyy,5.34,0.0,0.96,4.95,107.88,0,26.39,162.74,370402,医药生物,shmb,C,2025-01-20,[],0,0,buy,AA+,,3.465,6.435,15.7,buy,2030-12-25,4.315,10.814,2656.73,6287.89,1.8,-4.47,,0,14:58:35,00,Y,N,0,0,Y,,2025-07-01 开始转股,计算使用4.4年期 评级为AA+ 债参考YTM：1.7902,N,10.815,全价：136.349 最后更新：14:58:35,,,,0,[],0,0,N,,,buy,buy
2026-09-02 12:13:48,123107,温氏转债,wszz,114.001,-0.17,300498,温氏股份,wsgf,14.49,0.35,2.69,16.09,90.06,0,26.59,140.59,110702,农林牧渔,szcy,C,2021-04-21,[],0,0,buy,AAA,,11.263,20.917,8.9,buy,2027-03-29,0.57,77.063,8530.56,85009.0,0.97,-9.24,,0,15:34:36,00,Y,N,0,0,Y,,2021-10-08 开始转股,计算使用0.6年期 评级为AAA 债参考YTM：1.5071,N,92.97,全价：114.001 最后更新：15:34:36,,,,1,{'M': ''},0,0,N,,,buy,buy
2026-09-02 12:13:48,113695,华辰转债,hczz,147.583,-0.3,603097,江苏华辰,jshc,19.44,-1.32,3.99,16.68,116.55,0,26.63,174.21,630801,电力设备,shmb,C,2025-07-10,[],0,0,buy,A+,,11.676,21.684,10.5,buy,2031-06-20,4.8,4.597,2385.48,2530.48,3.52,-4.5,,0,14:59:44,00,Y,N,0,0,Y,,2025-12-26 开始转股,计算使用4.8年期 评级为A+ 债参考YTM：4.7306,N,4.6,全价：147.583 最后更新：14:59:44,,,,0,[],0,0,N,,,buy,buy
2026-09-02 12:13:48,111017,蓝天转债,ltzz,134.038,0.08,605368,蓝天燃气,ltrq,7.09,0.42,1.47,6.72,105.51,0,27.04,161.08,410301,公用事业,shmb,C,2023-09-08,[],0,0,buy,AA,,4.704,8.736,13.3,buy,2029-08-15,2.953,6.715,2618.2,4621.41,2.91,-5.61,,0,14:59:55,00,Y,N,1,1,Y,转股价下修1次，成功下修1次,2024-02-21 开始转股,计算使用3.0年期 评级为AA 债参考YTM：1.7241,N,8.7,全价：134.038 最后更新：14:59:55,,,,0,[],0,0,N,,,buy,buy
2026-09-02 12:13:48,118030,睿创转债,rczz,596.524,0.8,688002,睿创微纳,rcwn,180.25,-0.41,10.35,38.66,466.24,0,27.94,624.46,270105,电子,shkc,C,2023-02-10,[],0,0,buy,AA,,27.062,50.258,1.5,buy,2028-12-30,2.329,12.622,40010.1,173655.19,5.35,-51.43,,0,14:59:58,00,Y,N,0,0,Y,,2023-07-06 开始转股,计算使用2.4年期 评级为AA 债参考YTM：1.7039,N,15.647,全价：596.524 最后更新：14:59:58,,,,0,"{'G': '本次（2026年3月18日至2026年4月8日）不提前赎回，以2027年4月9日为首个交易日重新计算', 'M': ''}",0,0,N,,,buy,buy
2026-09-02 12:13:48,123080,海波转债,hbzz,125.206,-0.63,300517,海波重科,hbzk,11.0,-1.17,2.12,11.28,97.52,0,28.39,153.6,620401,建筑装饰,szcy,C,2020-12-22,[],0,0,buy,A+,,7.896,14.664,10.7,buy,2026-12-02,0.249,1.485,1081.36,3613.81,5.81,-16.86,,0,15:34:24,00,Y,N,0,0,Y,,2021-06-08 开始转股,计算使用0.3年期 评级为A+ 债参考YTM：4.0720,N,2.45,全价：125.206 最后更新：15:34:24,,,,1,[],0,0,N,,,buy,buy
2026-09-02 12:13:48,127096,泰坦转债,ttzz,550.5,-0.75,003036,泰坦股份,ttgf,56.5,1.64,8.14,13.2,428.03,0,28.61,579.11,640206,机械设备,szmb,C,2023-11-15,[],0,0,buy,A,,9.24,17.16,2.3,buy,2029-10-25,3.148,2.875,124104.06,60039.64,77.88,-38.82,,0,15:33:57,00,Y,N,0,0,Y,,2024-05-06 开始转股,计算使用3.2年期 评级为A 债参考YTM：6.9530,N,2.955,全价：550.500 最后更新：15:33:57,,,,0,{'G': '本次（2026年6月12日至2026年7月3日）不提前赎回，以2026年10月3日后首个交易日起重新计算'},0,0,N,,,buy,buy
2026-09-02 12:13:48,113052,兴业转债,xyzz,114.512,-0.03,601166,兴业银行,xyyh,17.9,-0.28,0.4,20.13,88.92,0,28.78,143.29,480301,银行,shmb,C,2022-01-14,[],0,0,buy,AAA,,,26.169,10.9,buy,2027-12-27,1.318,413.5,24435.24,127180.46,0.52,-2.17,,0,14:59:59,00,Y,Y,0,0,Y,,2022-06-30 开始转股,计算使用1.4年期 评级为AAA 债参考YTM：1.5479,N,500.0,全价：114.512 最后更新：14:59:59,,,,0,{'M': ''},0,0,N,,,buy,buy
2026-09-02 12:13:48,123118,惠城转债,hczz,729.574,-5.25,300779,惠城环保,hchb,58.41,-4.92,7.84,10.33,565.44,0,29.03,758.6,760103,环保,szcy,C,2021-07-26,[],0,0,buy,A+,,7.231,13.429,0.5,buy,2027-07-07,0.844,0.654,89947.26,70826.47,188.85,-100.15,,0,15:34:45,00,Y,N,0,0,Y,,2022-01-13 开始转股,计算使用0.9年期 评级为A+ 债参考YTM：4.1602,N,3.2,全价：729.574 最后更新：15:34:45,,,,1,{'M': ''},0,0,N,,,buy,buy
2026-09-02 12:13:48,118027,宏图转债,htzz,80.55,-2.09,688066,*ST航图,htht,8.19,-0.12,-1.58,13.12,62.42,0,29.04,109.59,710301,计算机,shkc,C,2022-12-22,[],0,0,buy,CC,,9.184,17.056,43.5,buy,2028-11-28,2.241,9.475,18663.02,4719.43,23.96,19.55,,0,14:59:59,00,Y,N,3,3,Y,转股价下修3次，成功下修3次,2023-06-02 开始转股,计算使用2.3年期 评级为CC 债参考YTM：56.5492,N,10.088,全价：80.550 最后更新：14:59:59,,,,0,[],0,0,N,,,buy,buy
2026-09-02 12:13:48,127056,中特转债,ztzz,127.16,-0.22,000708,中信特钢,zxtg,13.67,0.0,1.56,13.89,98.42,0,29.21,156.37,230501,钢铁,szmb,C,2022-04-15,[],0,0,buy,AAA,,9.723,18.057,7.2,buy,2028-02-25,1.482,49.996,5011.03,20725.27,0.79,-10.77,,0,15:34:39,00,Y,N,1,1,Y,转股价下修1次，成功下修1次,2022-09-05 开始转股,计算使用1.5年期 评级为AAA 债参考YTM：1.5559,N,50.0,全价：127.160 最后更新：15:34:39,,,,0,{'M': ''},0,0,N,,,buy,buy
2026-09-02 12:13:48,113673,岱美转债,dmzz,191.954,1.05,603730,岱美股份,dmgf,10.57,2.32,4.83,7.12,148.46,0,29.3,221.25,280202,汽车,shmb,C,2023-08-10,[],0,0,buy,AA,,4.984,9.256,4.0,buy,2029-07-18,2.877,9.078,17421.19,14385.2,10.04,-16.44,,0,14:59:59,00,Y,N,1,1,Y,转股价下修1次，成功下修1次,2024-01-24 开始转股,计算使用2.9年期 评级为AA 债参考YTM：1.7199,N,9.079,全价：191.954 最后更新：14:59:59,,,,0,{'M': ''},0,0,N,,,buy,buy
2026-09-02 12:13:48,128142,新乳转债,xrzz,111.606,-0.42,002946,新乳业,xry,15.07,-0.92,3.57,17.5,86.11,0,29.6,141.21,340702,食品饮料,szmb,C,2021-01-19,[],0,0,buy,AA,,12.25,22.75,5.6,buy,2026-12-18,0.293,7.178,2007.89,10059.64,2.5,-4.96,,0,15:34:09,00,Y,N,0,0,Y,,2021-06-24 开始转股,计算使用0.3年期 评级为AA 债参考YTM：1.5306,N,7.18,全价：111.606 最后更新：15:34:09,,,,1,{'M': ''},0,0,N,,,buy,buy
2026-09-02 12:13:48,123173,恒锋转债,hfzz,139.0,-0.24,300605,恒锋信息,hfxx,10.72,-0.83,4.07,10.0,107.2,0,29.66,168.66,710401,计算机,szcy,C,2023-02-08,[],0,0,buy,BBB+,,7.0,13.0,17.2,buy,2028-12-30,2.329,2.33,1896.11,6229.66,5.88,-6.49,,0,15:34:39,00,Y,N,1,1,Y,转股价下修1次，成功下修1次,2023-07-06 开始转股,计算使用2.4年期 评级为BBB+ 债参考YTM：12.2756,N,2.424,全价：139.000 最后更新：15:34:39,,,,0,[],0,0,N,,,buy,buy
2026-09-02 12:13:48,123149,通裕转债,tyzz,130.197,-0.84,300185,通裕重工,tyzg,2.7,-1.1,1.49,2.71,99.63,0,30.68,160.88,630602,电力设备,szcy,C,2022-07-15,[],0,0,buy,AA,,1.897,3.523,10.7,buy,2028-06-20,1.8,11.069,4316.76,11374.56,3.0,-7.28,,0,15:34:51,00,Y,N,0,0,Y,,2022-12-26 开始转股,计算使用1.8年期 评级为AA 债参考YTM：1.6540,N,14.847,全价：130.197 最后更新：15:34:51,,,,1,{'M': ''},0,0,N,,,buy,buy
2026-09-02 12:13:48,123178,花园转债,hyzz,140.116,-0.04,300401,花园生物,hysw,14.28,-1.45,2.18,13.34,107.05,0,30.89,171.01,370101,医药生物,szcy,C,2023-03-23,[],0,0,buy,AA-,,9.338,17.342,15.1,buy,2029-03-06,2.51,11.58,6386.19,22197.64,3.93,-6.57,,0,15:34:42,00,Y,N,1,1,Y,转股价下修1次，成功下修1次,2023-09-11 开始转股,计算使用2.6年期 评级为AA- 债参考YTM：2.1162,N,12.0,全价：140.116 最后更新：15:34:42,,,,0,{'M': ''},0,0,N,,,buy,buy
2026-09-02 12:13:48,127037,银轮转债,ylzz,549.4,1.04,002126,银轮股份,ylgf,43.07,2.77,4.84,10.27,419.38,0,31.0,580.4,280203,汽车,szmb,C,2021-07-09,[],0,0,buy,AA,,7.189,13.351,1.5,buy,2027-06-07,0.762,5.055,30662.19,85667.72,11.05,-105.01,,0,15:34:21,00,Y,N,0,0,Y,,2021-12-13 开始转股,计算使用0.8年期 评级为AA 债参考YTM：1.5638,N,7.0,全价：549.400 最后更新：15:34:21,,,,1,"{'G': '本次（2026年5月27日至2026年6月16日）不提前赎回，2027年5月16日后首个交易日重新计算', 'M': ''}",0,0,N,,,buy,buy
2026-09-02 12:13:48,123150,九强转债,jqzz,132.916,-0.63,300406,九强生物,jqsw,11.73,-1.01,1.92,11.6,101.12,0,31.44,164.36,370504,医药生物,szcy,C,2022-07-20,[],0,0,buy,AA-,,8.12,15.08,22.5,buy,2028-06-30,1.827,11.21,2383.57,4169.93,1.6,-8.91,,0,15:34:30,00,Y,N,1,1,N,"转股价下修1次，成功下修1次
2026-08-26 至 2026-09-02 期间暂停转股：权益分派
转股价11.600生效日期2026-05-29",2023-01-06 开始转股;2026-08-26 至 2026-09-02 期间暂停转股：权益分派,计算使用1.9年期 评级为AA- 债参考YTM：1.9714,N,11.39,全价：132.916 最后更新：15:34:30,,,,1,{'M': ''},0,0,N,,,buy,buy
2026-09-02 12:13:48,127095,广泰转债,gtzz,145.445,-0.76,002111,威海广泰,whgt,9.75,-0.71,1.65,8.83,110.42,0,31.72,177.17,650201,国防军工,szmb,C,2023-11-10,[],0,0,buy,AA-,,6.181,11.479,14.5,buy,2029-10-18,3.129,6.927,1805.63,8964.08,1.79,-6.26,,0,15:34:00,00,Y,N,0,0,Y,,2024-04-24 开始转股,计算使用3.2年期 评级为AA- 债参考YTM：2.2510,N,7.0,全价：145.445 最后更新：15:34:00,,,,0,[],0,0,N,,,buy,buy
2026-09-02 12:13:48,110075,南航转债,nhzz,106.382,0.0,600029,南方航空,nfhk,4.98,-0.6,3.0,6.17,80.71,0,31.8,138.18,421001,交通运输,shmb,C,2020-11-03,[],0,0,buy,AAA,,4.319,8.021,8.8,buy,2026-10-15,0.118,58.959,17616.82,25356.44,2.81,0.96,,0,14:59:04,00,Y,N,0,0,Y,,2021-04-21 开始转股,计算使用0.2年期 评级为AAA 债参考YTM：1.4785,N,160.0,全价：106.382 最后更新：14:59:04,,,,1,{'M': ''},1,0,N,,,buy,buy
2026-09-02 12:13:48,111012,福新转债,fxzz,335.84,-4.31,605488,福莱新材,flxc,28.3,-2.88,3.74,11.11,254.73,0,31.84,367.68,220505,基础化工,shmb,C,2023-02-07,[],0,0,buy,A+,,7.777,14.443,1.3,buy,2029-01-04,2.343,1.016,11650.31,9444.96,33.76,-36.21,,0,14:59:57,00,Y,N,0,0,Y,,2023-07-10 开始转股,计算使用2.4年期 评级为A+ 债参考YTM：4.4098,N,4.29,全价：335.840 最后更新：14:59:57,,,,0,{'G': '本次（2026年6月22日至2026年7月10日）不提前赎回，自2026年10月10日之后的首个交易日重新起算'},0,0,N,,,buy,buy
2026-09-02 12:13:48,113640,苏利转债,slzz,133.415,-0.7,603585,苏利股份,slgf,10.96,-2.32,1.05,10.84,101.11,0,31.95,165.37,220803,基础化工,shmb,C,2022-03-10,[],0,0,buy,AA-,,7.588,14.092,24.9,buy,2028-02-16,1.458,7.39,6012.93,11796.0,6.1,-8.72,,0,14:59:54,00,Y,N,2,2,Y,转股价下修2次，成功下修2次,2022-08-22 开始转股,计算使用1.5年期 评级为AA- 债参考YTM：1.9109,N,9.572,全价：133.415 最后更新：14:59:54,,,,1,[],0,0,N,,,buy,buy
2026-09-02 12:13:48,123257,安克转债,akzz,159.89,0.12,300866,安克创新,akcx,129.0,0.47,6.54,106.72,120.88,0,32.27,192.16,270503,电子,szcy,C,2025-07-04,[],0,0,buy,AA+,,74.704,138.736,2.8,buy,2031-06-16,4.789,11.046,7099.72,65934.71,4.03,-7.21,,0,15:34:18,00,Y,N,0,0,Y,,2025-12-22 开始转股,计算使用4.8年期 评级为AA+ 债参考YTM：1.7963,N,11.048,全价：159.890 最后更新：15:34:18,,,,0,{'M': ''},0,0,N,,,buy,buy
2026-09-02 12:13:48,127053,豪美转债,hmzz,180.048,-2.69,002988,豪美新材,hmxc,23.37,-2.42,2.11,17.23,135.64,0,32.74,212.79,240301,有色金属,szmb,C,2022-03-04,[],0,0,buy,AA-,,12.061,22.399,4.4,buy,2028-01-24,1.395,2.575,6573.7,10401.31,14.1,-25.3,,0,15:34:15,00,Y,N,1,1,Y,转股价下修1次，成功下修1次,2022-07-28 开始转股,计算使用1.4年期 评级为AA- 债参考YTM：1.8957,N,8.24,全价：180.048 最后更新：15:34:15,,,,1,{'G': '本次（2026年4月30日至2026年5月25日）不提前赎回，以2026年11月25日后首个交易日起重新计算'},0,0,N,,,buy,buy
2026-09-02 12:13:48,110097,天润转债,trzz,144.411,-0.38,600419,天润乳业,trry,8.87,-2.53,1.12,8.19,108.3,0,33.34,177.75,340702,食品饮料,shmb,C,2024-11-15,[],0,0,buy,AA,,5.733,10.647,35.3,buy,2030-10-24,4.145,9.89,4079.21,12283.35,2.86,-5.49,,0,14:59:44,00,Y,N,0,0,Y,,2025-04-30 开始转股,计算使用4.2年期 评级为AA 债参考YTM：1.8369,N,9.9,全价：144.411 最后更新：14:59:44,,,,0,[],0,0,N,,,buy,buy
2026-09-02 12:13:48,123114,三角转债,sjzz,128.094,0.01,300775,三角防务,sjfw,21.76,-1.23,1.98,22.69,95.9,0,33.57,161.66,650201,国防军工,szcy,C,2021-06-11,[],0,0,buy,AA-,,15.883,29.497,7.8,buy,2027-05-25,0.726,8.999,5306.37,28994.44,4.61,-14.13,,0,15:34:24,00,Y,N,1,1,Y,转股价下修1次，成功下修1次,2021-11-30 开始转股,计算使用0.8年期 评级为AA- 债参考YTM：1.7957,N,9.044,全价：128.094 最后更新：15:34:24,,,,1,{'M': ''},0,0,N,,,buy,buy
2026-09-02 12:13:48,123241,欧通转债,otzz,844.0,-3.86,300870,欧陆通,olt,194.55,-1.74,11.3,30.8,631.66,0,33.62,877.62,630306,电力设备,szcy,C,2024-07-26,[],0,0,buy,AA-,,21.56,40.04,0.9,buy,2030-07-05,3.841,2.604,74007.64,111313.73,33.37,-40.73,,0,15:33:54,00,Y,N,0,0,Y,,2025-01-13 开始转股,计算使用3.9年期 评级为AA- 债参考YTM：2.3119,N,6.445,全价：844.000 最后更新：15:33:54,,,,0,"{'G': '本次（2026年8月10日至2026年8月28日）不提前赎回，自2026年11月28日后首个交易日重新计算', 'M': ''}",0,0,N,,,buy,buy
2026-09-02 12:13:48,118036,力合转债,lhzz,145.233,0.22,688589,力合微,lhw,20.07,-1.71,2.77,18.5,108.49,0,33.87,179.1,270104,电子,shkc,C,2023-07-20,[],0,0,buy,AA-,,12.95,24.05,13.0,buy,2029-06-28,2.822,3.8,3352.22,5895.56,6.09,-7.06,,0,14:59:56,00,Y,N,2,2,Y,转股价下修2次，成功下修2次,2024-01-04 开始转股,计算使用2.9年期 评级为AA- 债参考YTM：2.1907,N,3.8,全价：145.233 最后更新：14:59:56,,,,0,{'M': ''},0,0,N,,,buy,buy
2026-09-02 12:13:48,118064,联瑞转债,lrzz,378.081,0.09,688300,联瑞新材,lrxc,177.05,0.51,23.94,63.05,280.81,0,34.64,412.72,220901,基础化工,shkc,C,2026-01-28,[],0,0,buy,AA,,44.135,81.965,1.6,buy,2032-01-08,5.353,6.949,251844.62,251497.98,94.41,-20.3,,0,15:00:00,00,Y,N,0,0,Y,,2026-07-14 开始转股,计算使用5.4年期 评级为AA 债参考YTM：1.9280,N,6.95,全价：378.081 最后更新：15:00:00,,,,0,"{'G': '本次（2026年7月14日至2026年8月3日）不提前赎回，以2026年11月4日为首个交易日重新计算', 'M': '', 'EX': '债券持有人及其一致行动人大宗减持11.23% 2026年09月01日公告\n广东生益科技股份有限公司大宗减持11.01% 2026年08月29日公告'}",0,0,N,,,buy,buy
2026-09-02 12:13:48,113686,泰瑞转债,trzz,152.625,0.24,603289,泰瑞机器,trjq,9.05,1.46,1.82,8.0,113.13,0,34.92,187.55,640209,机械设备,shmb,C,2024-07-24,[],0,0,buy,AA-,,5.6,10.4,12.7,buy,2030-07-02,3.833,3.363,5143.84,4022.95,10.0,-6.29,,0,14:59:48,00,Y,N,0,0,Y,,2025-01-08 开始转股,计算使用3.9年期 评级为AA- 债参考YTM：2.3119,N,3.378,全价：152.625 最后更新：14:59:48,,,,0,[],0,0,N,,,buy,buy
2026-09-02 12:13:48,123131,奥飞转债,afzz,268.35,-3.25,300738,奥飞数据,afsj,19.95,-1.14,5.28,10.05,198.51,0,35.18,303.53,730104,通信,szcy,C,2021-12-22,[],0,0,buy,A+,,7.035,13.065,1.6,buy,2027-12-03,1.252,3.159,22465.03,53169.91,26.14,-48.8,,0,15:34:27,00,Y,N,0,0,Y,,2022-06-09 开始转股,计算使用1.3年期 评级为A+ 债参考YTM：4.2144,N,6.35,全价：268.350 最后更新：15:34:27,,,,1,"{'G': '本次（2026年5月21日至2026年6月10日）不提前赎回，以2026年12月10日后的首个交易日重新计算', 'M': ''}",0,0,N,,,buy,buy
2026-09-02 12:13:48,127082,亚科转债,ykzz,134.946,-0.55,002540,亚太科技,ytkj,5.18,-1.33,1.15,5.22,99.23,0,35.99,170.94,240301,有色金属,szmb,C,2023-04-27,[],0,0,buy,AA,,3.654,6.786,26.1,buy,2029-03-09,2.518,11.585,4601.17,5221.34,2.95,-6.16,,0,15:34:21,00,Y,N,0,0,Y,,2023-09-15 开始转股,计算使用2.6年期 评级为AA 债参考YTM：1.7107,N,11.59,全价：134.946 最后更新：15:34:21,,,,0,[],0,0,N,,,buy,buy
2026-09-02 12:13:48,113646,永吉转债,yjzz,165.991,0.13,603058,永吉股份,yjgf,9.82,-1.6,3.58,8.05,121.99,0,36.07,202.06,360205,轻工制造,shmb,C,2022-05-17,[],0,0,buy,AA-,,5.635,10.465,3.4,buy,2028-04-14,1.616,1.372,12826.43,20950.68,56.37,-22.64,,0,14:59:58,00,Y,N,0,0,Y,,2022-10-20 开始转股,计算使用1.7年期 评级为AA- 债参考YTM：1.9411,N,1.459,全价：165.991 最后更新：14:59:58,,,,1,[],0,0,N,,,buy,buy
2026-09-02 12:13:48,113677,华懋转债,hmzz,306.273,-2.55,603306,华懋科技,hmkj,75.51,-0.81,6.52,33.66,224.33,0,36.53,342.8,280202,汽车,shmb,C,2023-10-12,[],0,0,buy,AA-,,23.562,43.758,4.2,buy,2029-09-14,3.036,10.489,40913.27,44556.06,12.66,-27.71,,0,14:59:59,00,Y,N,0,0,Y,,2024-03-20 开始转股,计算使用3.1年期 评级为AA- 债参考YTM：2.2346,N,10.5,全价：306.273 最后更新：14:59:59,,,,0,"{'G': '本次（2026年6月29日至2026年7月17日）不提前赎回，自2026年10月17日之后的首个交易日重新起算', 'M': ''}",0,0,N,,,buy,buy
2026-09-02 12:13:48,118007,山石转债,sszz,140.581,-0.74,688030,山石网科,sswk,16.99,-2.58,4.3,16.5,102.97,0,36.53,177.11,710402,计算机,shkc,C,2022-04-21,[],0,0,buy,A-,,11.55,21.45,8.7,buy,2028-03-22,1.553,2.671,1620.32,4844.48,4.31,-11.55,,0,14:59:49,00,Y,N,1,1,Y,转股价下修1次，成功下修1次,2022-09-28 开始转股,计算使用1.6年期 评级为A- 债参考YTM：8.9622,N,2.674,全价：140.581 最后更新：14:59:49,,,,1,{'M': ''},0,0,N,,,buy,buy
2026-09-02 12:13:48,127088,赫达转债,hdzz,172.979,-4.75,002810,山东赫达,sdhd,21.04,-3.13,3.12,16.61,126.67,0,36.56,209.54,220309,基础化工,szmb,C,2023-07-19,[],0,0,buy,AA-,,11.627,21.593,8.8,buy,2029-07-03,2.836,5.996,8685.99,9013.16,8.26,-12.66,,0,15:33:57,00,Y,N,0,0,Y,,2024-01-08 开始转股,计算使用2.9年期 评级为AA- 债参考YTM：2.1907,N,6.0,全价：172.979 最后更新：15:33:57,,,,0,"{'G': '本次（2026年3月30日至2026年4月20日）不提前赎回，自2026年10月21日起重新计算', 'M': ''}",0,0,N,,,buy,buy
2026-09-02 12:13:48,123222,博俊转债,bjzz,149.06,-0.93,300926,博俊科技,bjkj,17.93,-1.59,2.09,16.46,108.93,0,36.84,185.9,280205,汽车,szcy,C,2023-09-28,[],0,0,buy,A+,,11.522,21.398,4.6,buy,2029-09-08,3.019,2.438,1591.7,4983.89,4.37,-7.26,,0,15:34:48,00,Y,N,0,0,Y,,2024-03-14 开始转股,计算使用3.1年期 评级为A+ 债参考YTM：4.5856,N,5.0,全价：149.060 最后更新：15:34:48,,,,0,{'M': ''},0,0,N,,,buy,buy
2026-09-02 12:13:48,127064,杭氧转债,hyzz,142.2,-0.85,002430,杭氧股份,hygf,26.66,-0.86,2.56,25.67,103.86,0,36.92,179.12,220309,基础化工,szmb,C,2022-07-05,[],0,0,buy,AA+,,17.969,33.371,4.4,buy,2028-05-19,1.712,11.364,4047.56,52404.89,2.5,-14.15,,0,15:34:45,00,Y,N,1,1,Y,转股价下修1次，成功下修1次,2022-11-25 开始转股,计算使用1.8年期 评级为AA+ 债参考YTM：1.6240,N,11.37,全价：142.200 最后更新：15:34:45,,,,1,{'M': ''},0,0,N,,,buy,buy
2026-09-02 12:13:48,123133,佩蒂转债,pdzz,131.916,1.12,300673,佩蒂股份,pdgf,14.45,5.86,1.97,15.0,96.33,0,36.94,168.86,110404,农林牧渔,szcy,C,2022-01-21,[],0,0,buy,AA-,,10.5,19.5,31.0,buy,2027-12-22,1.304,7.198,12335.88,13847.49,13.01,-8.91,,0,15:34:30,00,Y,N,2,2,Y,转股价下修2次，成功下修2次,2022-06-28 开始转股,计算使用1.4年期 评级为AA- 债参考YTM：1.8957,N,7.2,全价：131.916 最后更新：15:34:30,,,,1,[],0,0,N,,,buy,buy
2026-09-02 12:13:48,123209,聚隆转债,jlzz,164.216,-0.55,300644,南京聚隆,njjl,20.98,0.87,2.1,17.52,119.75,0,37.13,201.35,220503,基础化工,szcy,C,2023-08-17,[],0,0,buy,A+,,12.264,22.776,9.0,buy,2029-07-26,2.899,1.672,1678.31,4321.06,6.11,-11.2,,0,15:34:03,00,Y,N,0,0,Y,,2024-02-01 开始转股,计算使用2.9年期 评级为A+ 债参考YTM：4.5396,N,2.185,全价：164.216 最后更新：15:34:03,,,,0,[],0,0,N,,,buy,buy
2026-09-02 12:13:48,118044,赛特转债,stzz,148.106,-0.39,688398,赛特新材,stxc,20.29,-0.05,2.99,18.85,107.64,0,37.59,185.7,220309,基础化工,shkc,C,2023-10-12,[],0,0,buy,A+,,13.195,24.505,13.0,buy,2029-09-11,3.027,4.42,2790.09,2632.01,4.26,-7.56,,0,14:59:48,00,Y,N,1,1,Y,转股价下修1次，成功下修1次,2024-03-15 开始转股,计算使用3.1年期 评级为A+ 债参考YTM：4.5856,N,4.42,全价：148.106 最后更新：14:59:48,,,,0,"{'G': '本次（2026年3月10日至2026年4月20日）不提前赎回，以2026年10月21日起算', 'M': ''}",0,0,N,,,buy,buy
2026-09-02 12:13:48,118035,国力转债,glzz,157.768,-3.13,688103,国力电子,gldz,71.26,-3.27,5.89,62.31,114.36,0,37.95,195.72,270401,电子,shkc,C,2023-07-06,[],0,0,buy,A+,,43.617,81.003,7.1,buy,2029-06-12,2.778,4.799,8024.27,16396.92,10.53,-9.98,,0,14:59:45,00,Y,N,0,0,Y,,2023-12-18 开始转股,计算使用2.8年期 评级为A+ 债参考YTM：4.5140,N,4.8,全价：157.768 最后更新：14:59:45,,,,0,{'M': ''},0,0,N,,,buy,buy
2026-09-02 12:13:48,113661,福22转债,f22zz,135.484,-1.23,603806,福斯特,fst,14.31,-4.73,2.23,14.59,98.08,0,38.13,173.61,630504,电力设备,shmb,C,2022-12-22,[],0,0,buy,AA,,10.213,18.967,8.1,buy,2028-11-22,2.225,30.297,12675.41,43468.94,3.09,-7.87,,0,14:59:57,00,Y,N,1,1,Y,转股价下修1次，成功下修1次,2023-05-29 开始转股,计算使用2.3年期 评级为AA 债参考YTM：1.6994,N,30.3,全价：135.484 最后更新：14:59:57,,,,0,{'M': ''},0,0,N,,,buy,buy
2026-09-02 12:13:48,127034,绿茵转债,lyzz,120.307,-0.98,002887,绿茵生态,lyst,9.73,-0.31,1.26,11.21,86.8,0,38.61,158.92,760104,环保,szmb,C,2021-05-28,[],0,0,buy,AA-,,7.847,14.573,20.2,buy,2027-04-30,0.658,4.279,6291.24,7185.81,12.19,-9.28,,0,15:34:18,00,Y,N,0,0,Y,,2021-11-11 开始转股,计算使用0.7年期 评级为AA- 债参考YTM：1.7883,N,7.12,全价：120.307 最后更新：15:34:18,,,,1,[],0,0,N,,,buy,buy
2026-09-02 12:13:48,123124,晶瑞转2,jrz2,136.273,-1.86,300655,晶瑞电材,jrdc,12.57,-2.41,5.24,12.79,98.28,0,38.66,174.93,270601,电子,szcy,C,2021-09-07,[],0,0,buy,A+,,8.953,16.627,3.7,buy,2027-08-16,0.953,5.224,5020.13,31149.29,7.01,-22.53,,1,15:34:27,00,Y,N,1,1,Y,转股价下修1次，成功下修1次,2022-02-21 开始转股,计算使用1.0年期 评级为A+ 债参考YTM：4.1722,N,5.23,全价：136.273 最后更新：15:34:27,,,,1,{'M': ''},0,0,N,,23年6月前不下修,buy,buy
2026-09-02 12:13:48,127060,湘佳转债,xjzz,128.925,-0.68,002982,湘佳股份,xjgf,12.82,-1.31,1.54,13.8,92.9,0,38.78,167.71,110703,农林牧渔,szmb,C,2022-06-10,[],0,0,buy,A+,,9.66,17.94,38.4,buy,2028-04-19,1.63,6.399,1983.03,3946.29,2.4,-8.54,,0,15:34:33,00,Y,N,1,1,Y,转股价下修1次，成功下修1次,2022-10-25 开始转股,计算使用1.7年期 评级为A+ 债参考YTM：4.2786,N,6.4,全价：128.925 最后更新：15:34:33,,,,0,[],0,0,N,,,buy,buy
2026-09-02 12:13:48,113636,甬金转债,yjzz,134.014,0.27,603995,甬金股份,yjgf,25.3,-0.2,1.52,26.22,96.49,0,38.89,172.9,230501,钢铁,shmb,C,2021-12-31,[],0,0,buy,AA-,,18.354,34.086,10.9,buy,2027-12-13,1.28,9.995,3908.37,10606.47,2.93,-9.92,,0,14:58:43,00,Y,N,1,1,Y,转股价下修1次，成功下修1次,2022-06-17 开始转股,计算使用1.3年期 评级为AA- 债参考YTM：1.8803,N,10.0,全价：134.014 最后更新：14:58:43,,,,1,{'M': ''},0,0,N,,,buy,buy
2026-09-02 12:13:48,113054,绿动转债,ldzz,125.457,-0.59,601330,绿色动力,lsdl,7.81,-2.01,1.32,8.67,90.08,0,39.27,164.73,760103,环保,shmb,C,2022-03-23,[],0,0,buy,AA+,,6.069,11.271,30.5,buy,2028-02-25,1.482,23.598,6269.29,24806.57,2.11,-8.14,,0,14:59:43,00,Y,N,0,0,Y,,2022-09-05 开始转股,计算使用1.5年期 评级为AA+ 债参考YTM：1.5872,N,23.6,全价：125.457 最后更新：14:59:43,,,,1,[],0,0,N,,,buy,buy
2026-09-02 12:13:48,123199,山河转债,shzz,140.601,0.0,300452,山河药辅,shyf,13.12,1.08,2.97,13.0,100.92,0,39.32,179.92,370101,医药生物,szcy,C,2023-07-07,[],0,0,buy,A+,,9.1,16.9,12.3,buy,2029-06-12,2.778,3.197,1436.46,9366.02,3.2,-8.13,,0,15:34:00,00,Y,N,1,1,Y,转股价下修1次，成功下修1次,2023-12-18 开始转股,计算使用2.8年期 评级为A+ 债参考YTM：4.5140,N,3.2,全价：140.601 最后更新：15:34:00,,,,0,[],0,0,N,,,buy,buy
2026-09-02 12:13:48,113643,风语转债,fyzz,142.636,-0.49,603466,风语筑,fyz,12.06,1.01,3.33,11.8,102.2,0,39.56,182.2,720706,传媒,shmb,C,2022-04-22,[],0,0,buy,AA-,,8.26,15.34,7.0,buy,2028-03-25,1.562,4.992,17135.42,111109.91,23.85,-12.05,,0,14:59:59,00,Y,N,1,1,Y,转股价下修1次，成功下修1次,2022-10-10 开始转股,计算使用1.6年期 评级为AA- 债参考YTM：1.9260,N,5.0,全价：142.636 最后更新：14:59:59,,,,1,{'M': ''},0,0,N,,,buy,buy
2026-09-02 12:13:48,123194,百洋转债,byzz,135.421,-0.43,301015,百洋医药,byyy,24.05,-0.46,5.28,24.79,97.02,0,39.59,175.01,370402,医药生物,szcy,C,2023-05-05,[],0,0,buy,AA-,,17.353,32.227,6.7,buy,2029-04-14,2.616,8.459,3619.05,8550.9,3.16,-5.68,,0,15:34:48,00,Y,N,0,0,Y,,2023-10-20 开始转股,计算使用2.7年期 评级为AA- 债参考YTM：2.1413,N,8.6,全价：135.421 最后更新：15:34:48,,,,0,{'M': ''},0,0,N,,,buy,buy
2026-09-02 12:13:48,123157,科蓝转债,klzz,138.5,-0.79,300663,科蓝软件,klrj,8.68,-0.46,12.6,8.8,98.64,0,40.41,178.91,710401,计算机,szcy,C,2022-09-20,[],0,0,buy,A-,,6.16,11.44,5.9,buy,2028-08-30,1.995,2.34,6567.51,23996.76,20.29,-8.08,,0,15:34:36,00,Y,N,2,2,Y,转股价下修2次，成功下修2次,2023-03-06 开始转股,计算使用2.0年期 评级为A- 债参考YTM：9.0268,N,4.946,全价：138.500 最后更新：15:34:36,,,,1,{'M': ''},0,0,N,,,buy,buy
2026-09-02 12:13:48,127050,麒麟转债,qlzz,127.641,-0.4,002984,森麒麟,sql,13.68,-2.43,1.02,15.07,90.78,0,40.61,168.25,280204,汽车,szmb,C,2021-12-06,[],0,0,buy,AA,,10.549,19.591,21.4,buy,2027-11-11,1.192,20.86,6489.48,15103.26,2.44,-10.68,,0,15:34:42,00,Y,N,2,2,Y,转股价下修2次，成功下修2次,2022-05-17 开始转股,计算使用1.2年期 评级为AA 债参考YTM：1.5856,N,21.989,全价：127.641 最后更新：15:34:42,,,,1,{'M': ''},0,0,N,,,buy,buy
2026-09-02 12:13:48,110092,三房转债,sfzz,72.73,-0.66,600370,*ST三房,sfx,1.56,-1.27,1.22,3.02,51.66,0,40.8,113.53,220401,基础化工,shmb,C,2023-02-07,[],0,0,buy,A-,,2.114,3.926,33.8,buy,2029-01-06,2.348,21.185,2906.45,2121.54,1.88,21.3,,0,14:59:59,00,Y,N,0,0,Y,,2023-07-12 开始转股,计算使用2.4年期 评级为A- 债参考YTM：9.1098,N,25.0,全价：72.730 最后更新：14:59:59,,,,0,[],0,0,N,,,buy,buy
2026-09-02 12:13:48,123088,威唐转债,wtzz,115.7,-0.13,300707,威唐工业,wtgy,12.29,-0.08,1.9,14.97,82.1,0,40.93,156.63,280205,汽车,szcy,C,2021-01-06,[],0,0,buy,A+,,10.479,19.461,17.0,buy,2026-12-15,0.285,3.004,1328.98,3155.54,3.83,-2.14,,0,15:34:27,00,Y,N,1,1,Y,转股价下修1次，成功下修1次,2021-06-21 开始转股,计算使用0.3年期 评级为A+ 债参考YTM：4.0720,N,3.014,全价：115.700 最后更新：15:34:27,,,,1,[],0,0,N,,,buy,buy
2026-09-02 12:13:48,127099,盛航转债,shzz,135.118,-0.52,001205,盛航股份,shgf,14.69,-0.14,1.25,15.33,95.83,0,41.0,176.12,421101,交通运输,szmb,C,2023-12-28,[],0,0,buy,AA-,,10.731,19.929,18.6,buy,2029-12-06,3.263,4.541,2035.42,2549.06,3.31,-3.72,,0,15:34:45,00,Y,N,1,1,Y,转股价下修1次，成功下修1次,2024-06-12 开始转股,计算使用3.3年期 评级为AA- 债参考YTM：2.2640,N,7.4,全价：135.118 最后更新：15:34:45,,,,0,[],0,0,N,,,buy,buy
2026-09-02 12:13:48,127031,洋丰转债,yfzz,119.663,-1.06,000902,新洋丰,xyf,14.24,-1.79,1.42,16.79,84.81,0,41.09,160.75,220805,基础化工,szmb,C,2021-04-23,[],0,0,buy,AA,,11.753,21.827,6.1,buy,2027-03-25,0.559,9.999,2056.06,18935.33,1.72,-11.51,,0,15:34:15,00,Y,N,1,1,Y,转股价下修1次，成功下修1次,2021-10-08 开始转股,计算使用0.6年期 评级为AA 债参考YTM：1.5497,N,10.0,全价：119.663 最后更新：15:34:15,,,,1,{'M': ''},0,0,N,,,buy,buy
2026-09-02 12:13:48,113048,晶科转债,jkzz,115.254,-0.25,601778,晶科科技,jkkj,3.65,-1.08,0.82,4.47,81.66,0,41.15,156.4,410106,公用事业,shmb,C,2021-05-31,[],0,0,buy,AA,,3.129,5.811,11.4,buy,2027-04-23,0.638,15.453,6367.0,25144.77,3.58,-4.44,,0,14:59:32,00,Y,N,2,2,Y,转股价下修2次，成功下修2次,2021-10-29 开始转股,计算使用0.7年期 评级为AA 债参考YTM：1.5570,N,30.0,全价：115.254 最后更新：14:59:32,,,,1,{'M': ''},0,0,N,,,buy,buy
2026-09-02 12:13:48,123144,裕兴转债,yxzz,131.527,-0.01,300305,裕兴股份,yxgf,6.52,0.77,1.24,7.0,93.14,0,41.21,172.74,220505,基础化工,szcy,C,2022-04-27,[],0,0,buy,A,,4.9,9.1,28.6,buy,2028-04-11,1.608,5.997,2464.1,5891.62,3.13,-7.1,,0,15:34:36,00,Y,N,2,2,Y,转股价下修2次，成功下修2次,2022-10-17 开始转股,计算使用1.7年期 评级为A 债参考YTM：6.6286,N,6.0,全价：131.527 最后更新：15:34:36,,,,1,[],0,0,N,,,buy,buy
2026-09-02 12:13:48,123225,翔丰转债,xfzz,138.454,-0.96,300890,翔丰华,xfh,26.55,-0.67,1.38,27.34,97.11,0,42.57,181.02,630702,电力设备,szcy,C,2023-10-26,[],0,0,buy,AA-,,19.138,35.542,19.2,buy,2029-10-10,3.107,5.585,5150.28,11788.48,6.65,-3.95,,0,15:34:15,00,Y,N,1,1,Y,转股价下修1次，成功下修1次,2024-04-16 开始转股,计算使用3.2年期 评级为AA- 债参考YTM：2.2510,N,8.0,全价：138.454 最后更新：15:34:15,,,,0,{'M': ''},0,0,N,,,buy,buy
2026-09-02 12:13:48,113067,燃23转债,r23zz,128.457,-0.21,601139,深圳燃气,szrq,6.52,-0.61,1.12,7.24,90.06,0,42.64,171.1,410301,公用事业,shmb,C,2023-08-18,[],0,0,buy,AAA,,5.068,9.412,16.0,buy,2029-07-27,2.901,29.999,5797.91,11461.26,1.5,-5.28,,0,14:59:44,00,Y,N,0,0,Y,,2024-02-02 开始转股,计算使用3.0年期 评级为AAA 债参考YTM：1.6441,N,30.0,全价：128.457 最后更新：14:59:44,,,,0,{'M': ''},0,0,N,,,buy,buy
2026-09-02 12:13:48,111003,聚合转债,jhzz,145.281,-0.31,605166,聚合顺,jhs,9.0,-0.22,1.4,8.85,101.7,0,42.86,188.14,220406,基础化工,shmb,C,2022-04-19,[],0,0,buy,AA-,,6.195,11.505,7.2,buy,2028-03-07,1.512,2.035,4048.9,7508.37,13.71,-13.28,,0,14:59:59,00,Y,N,2,2,Y,转股价下修2次，成功下修2次,2022-09-13 开始转股,计算使用1.6年期 评级为AA- 债参考YTM：1.9260,N,2.04,全价：145.281 最后更新：14:59:59,,,,1,[],0,0,N,,,buy,buy
2026-09-02 12:13:48,113070,渝水转债,yszz,124.714,-0.28,601158,重庆水务,cqsw,4.11,-0.72,1.15,4.72,87.08,0,43.22,167.93,760102,环保,shmb,C,2025-02-13,[],0,0,buy,AAA,,3.304,6.136,9.6,buy,2031-01-09,4.356,18.998,3416.1,2350.54,1.44,-2.61,,0,14:59:52,00,Y,N,0,0,Y,,2025-07-15 开始转股,计算使用4.4年期 评级为AAA 债参考YTM：1.7400,N,19.0,全价：124.714 最后更新：14:59:52,,,,0,{'M': ''},0,0,N,,,buy,buy
2026-09-02 12:13:48,127055,精装转债,jzzz,179.789,-1.49,002989,中天精装,ztjz,23.2,-1.36,3.32,18.5,125.41,0,43.37,223.16,620201,建筑装饰,szmb,C,2022-03-24,[],0,0,buy,AA-,,12.95,24.05,4.5,buy,2028-02-22,1.474,2.081,7419.27,10259.82,19.75,-25.55,,0,15:34:42,00,Y,N,0,0,Y,,2022-08-29 开始转股,计算使用1.5年期 评级为AA- 债参考YTM：1.9109,N,5.77,全价：179.789 最后更新：15:34:42,,,,1,{'G': '本次（2026年2月24日至2026年3月16日）不提前赎回，自2027年3月16日后首个交易日重新计算'},0,0,N,,,buy,buy
2026-09-02 12:13:48,123176,精测转2,jcz2,441.363,-0.82,300567,精测电子,jcdz,197.56,-1.44,9.5,64.51,306.25,0,44.12,485.48,640107,机械设备,szcy,C,2023-03-22,[],0,0,buy,AA-,,45.157,83.863,2.8,buy,2029-03-02,2.499,12.753,67920.65,111433.08,12.24,-41.95,,0,15:34:48,00,Y,N,0,0,Y,,2023-09-08 开始转股,计算使用2.5年期 评级为AA- 债参考YTM：2.0913,N,12.76,全价：441.363 最后更新：15:34:48,,,,0,"{'G': '本次（2026年7月16日至2026年8月5日）不提前赎回，自2027年2月5日后首个交易日重新计算', 'M': ''}",0,0,N,,,buy,buy
2026-09-02 12:13:48,113649,丰山转债,fszz,133.211,-0.56,603810,丰山集团,fsjt,12.57,-1.33,1.29,13.61,92.36,0,44.23,177.44,220803,基础化工,shmb,C,2022-07-21,[],0,0,buy,AA-,,9.527,17.693,22.0,buy,2028-06-27,1.819,4.577,2168.32,1755.12,3.56,-6.96,,0,14:59:49,00,Y,N,0,0,Y,,2023-01-03 开始转股,计算使用1.9年期 评级为AA- 债参考YTM：1.9714,N,5.0,全价：133.211 最后更新：14:59:49,,,,1,[],0,0,N,,,buy,buy
2026-09-02 12:13:48,118013,道通转债,dtzz,173.472,-0.47,688208,道通科技,dtkj,25.8,-0.35,4.4,21.48,120.11,0,44.43,217.9,710103,计算机,shkc,C,2022-07-28,[],0,0,buy,AA,,15.036,27.924,7.4,buy,2028-07-08,1.849,12.796,3590.78,13927.48,1.61,-19.41,,0,14:59:50,00,Y,N,0,0,Y,,2023-01-16 开始转股,计算使用1.9年期 评级为AA 债参考YTM：1.6658,N,12.8,全价：173.472 最后更新：14:59:50,,,,1,{'M': ''},0,0,N,,,buy,buy
2026-09-02 12:13:48,110087,天业转债,tyzz,124.595,-0.57,600075,新疆天业,xjty,4.83,-2.62,0.89,5.6,86.25,0,44.46,169.06,220202,基础化工,shmb,C,2022-07-19,[],0,0,buy,AA+,,3.92,7.28,36.3,buy,2028-06-23,1.808,29.975,4827.01,12725.56,1.29,-6.82,,0,14:58:57,00,Y,N,1,1,Y,转股价下修1次，成功下修1次,2022-12-29 开始转股,计算使用1.9年期 评级为AA+ 债参考YTM：1.6358,N,30.0,全价：124.595 最后更新：14:58:57,,,,1,{'M': ''},0,0,N,,,buy,buy
2026-09-02 12:13:48,123183,海顺转债,hszz,130.106,-0.28,300501,海顺新材,hsxc,10.4,0.78,2.01,11.63,89.42,0,45.49,175.6,360206,轻工制造,szcy,C,2023-04-20,[],0,0,buy,AA-,,8.141,15.119,22.0,buy,2029-03-23,2.556,6.329,2693.29,4027.12,3.27,-3.65,,0,15:34:39,00,Y,N,2,0,Y,转股价下修2次，成功下修0次,2023-10-09 开始转股,计算使用2.6年期 评级为AA- 债参考YTM：2.1162,N,6.33,全价：130.106 最后更新：15:34:39,,,,0,[],0,0,N,,,buy,buy
2026-09-02 12:13:48,127105,龙星转债,lxzz,133.04,-0.38,002442,龙星科技,lxkj,5.3,-1.12,1.42,5.8,91.38,0,45.59,178.63,220603,基础化工,szmb,C,2024-03-06,[],0,0,buy,AA-,,4.06,7.54,28.9,buy,2030-01-31,3.416,7.534,2030.64,4700.02,2.02,-3.2,,0,15:34:30,00,Y,N,0,0,Y,,2024-08-07 开始转股,计算使用3.5年期 评级为AA- 债参考YTM：2.2828,N,7.54,全价：133.040 最后更新：15:34:30,,,,0,[],0,0,N,,,buy,buy
2026-09-02 12:13:48,123172,漱玉转债,syzz,129.804,-0.56,301017,漱玉平民,sypm,13.29,-2.14,2.56,14.91,89.14,0,45.63,175.43,370403,医药生物,szcy,C,2023-01-06,[],0,0,buy,AA-,,10.437,19.383,23.2,buy,2028-12-15,2.288,7.96,2552.83,5552.7,2.47,-4.71,,0,15:34:45,00,Y,N,1,1,Y,转股价下修1次，成功下修1次,2023-06-21 开始转股,计算使用2.3年期 评级为AA- 债参考YTM：2.0443,N,8.0,全价：129.804 最后更新：15:34:45,,,,0,{'M': ''},0,0,N,,,buy,buy
2026-09-02 12:13:48,118056,路维转债,lwzz,268.16,-4.98,688401,路维光电,lwgd,64.92,-1.16,7.71,35.29,183.96,0,45.77,313.93,270103,电子,shkc,C,2025-07-10,[],0,0,buy,AA-,,24.703,45.877,4.9,buy,2031-06-11,4.775,6.145,28730.66,20360.97,17.24,-16.3,,0,14:59:57,00,Y,N,0,0,Y,,2025-12-17 开始转股,计算使用4.8年期 评级为AA- 债参考YTM：2.3780,N,6.15,全价：268.160 最后更新：14:59:57,,,,0,"{'G': '本次（2026年7月30日至2026年8月19日)不提前赎回，以2026年11月20日为首个交易日重新计算', 'M': ''}",0,0,N,,,buy,buy
2026-09-02 12:13:48,111022,锡振转债,xzzz,180.576,5.12,605319,无锡振华,wxzh,27.73,3.43,3.35,22.39,123.85,0,45.8,226.38,280205,汽车,shmb,C,2025-07-14,[],0,0,buy,AA-,,15.673,29.107,5.4,buy,2031-06-18,4.795,5.197,106406.44,19104.69,112.66,-8.68,,0,15:00:00,00,Y,N,0,0,Y,,2025-12-24 开始转股,计算使用4.8年期 评级为AA- 债参考YTM：2.3780,N,5.2,全价：180.576 最后更新：15:00:00,,,,0,[],0,0,N,,,buy,buy
2026-09-02 12:13:48,113610,灵康转债,lkzz,121.601,-0.59,603669,灵康药业,lkyy,5.41,0.56,6.01,6.5,83.23,0,46.1,167.7,370102,医药生物,shmb,C,2020-12-22,[],0,0,buy,A-,,4.55,8.45,6.6,buy,2026-12-01,0.247,2.528,729.37,7295.65,2.37,-22.27,,0,14:59:54,00,Y,N,3,2,Y,转股价下修3次，成功下修2次,2021-06-07 开始转股,计算使用0.3年期 评级为A- 债参考YTM：8.7720,Y,5.25,全价：121.601 最后更新：14:59:54,,,"按下调到底估算
股东大会：2026-09-16
预估转股价：5.86
预估转股价值：92.32
期权价值：5.86
理论价值：118.50
理论偏离度：2.55%",1,[],0,0,N,,,buy,buy
2026-09-02 12:13:48,113704,春风转债,cfzz,179.039,-0.72,603129,春风动力,cfdl,295.8,-2.54,5.66,241.7,122.38,105,46.29,225.33,280402,汽车,shmb,C,2026-07-07,[],0,0,buy,AA+,,169.19,314.21,4.8,buy,2032-06-09,5.773,21.79,9103.76,29433.71,2.33,-7.85,,0,14:59:49,00,Y,N,0,0,Y,,未到转股期；2026-12-16 开始转股,计算使用5.8年期 评级为AA+ 债参考YTM：1.8975,N,21.79,全价：179.039 最后更新：14:59:49,,,,0,{'M': ''},0,0,N,,,buy,buy
2026-09-02 12:13:48,118039,煜邦转债,ybzz,133.12,-0.58,688597,煜邦电力,ybdl,6.63,0.3,2.71,7.3,90.82,0,46.57,179.69,630804,电力设备,shkc,C,2023-08-15,[],0,0,buy,A,,5.11,9.49,18.4,buy,2029-07-20,2.882,4.104,1925.05,2932.79,3.52,-4.51,,0,14:59:56,00,Y,N,0,0,Y,,2024-01-26 开始转股,计算使用2.9年期 评级为A 债参考YTM：6.8896,N,4.108,全价：133.120 最后更新：14:59:56,,,,0,{'M': ''},0,0,N,,,buy,buy
2026-09-02 12:13:48,123211,阳谷转债,ygzz,154.06,-0.61,300121,阳谷华泰,yght,9.65,-1.83,1.18,9.2,104.89,0,46.88,200.94,220604,基础化工,szcy,C,2023-08-14,[],0,0,buy,AA-,,6.44,11.96,7.4,buy,2029-07-27,2.901,3.07,2127.34,7847.57,4.49,-8.77,,0,15:34:06,00,Y,N,0,0,Y,,2024-02-02 开始转股,计算使用3.0年期 评级为AA- 债参考YTM：2.2141,N,6.5,全价：154.060 最后更新：15:34:06,,,,0,[],0,0,N,,,buy,buy
2026-09-02 12:13:48,113665,汇通转债,htzz,129.13,-0.29,603176,汇通集团,htjt,5.52,1.85,2.34,6.28,87.9,0,46.91,176.04,620306,建筑装饰,shmb,C,2023-01-11,[],0,0,buy,A+,,4.396,8.164,14.1,buy,2028-12-15,2.288,3.596,1522.47,3393.66,3.28,-3.76,,0,14:59:50,00,Y,N,1,1,N,"转股价下修1次，成功下修1次
2026-09-02 至 2026-09-02 期间暂停转股：回购注销
转股价6.280生效日期2026-06-15",2023-06-21 开始转股;2026-09-02 至 2026-09-02 期间暂停转股：回购注销,计算使用2.3年期 评级为A+ 债参考YTM：4.3858,N,3.6,全价：129.130 最后更新：14:59:50,,,,0,[],0,0,N,,,buy,buy
2026-09-02 12:13:48,123171,共同转债,gtzz,129.67,-0.13,300966,共同药业,gtyy,23.87,-0.87,3.46,27.08,88.15,0,47.11,176.78,370101,医药生物,szcy,C,2022-12-16,[],0,0,buy,A-,,18.956,35.204,20.8,buy,2028-11-28,2.241,3.799,1340.69,4680.35,2.72,-3.74,,0,15:33:57,00,Y,N,0,0,Y,,2023-06-02 开始转股,计算使用2.3年期 评级为A- 债参考YTM：9.0858,N,3.8,全价：129.670 最后更新：15:33:57,,,,0,{'M': ''},0,0,N,,,buy,buy
2026-09-02 12:13:48,123158,宙邦转债,zbzz,227.0,-3.68,300037,新宙邦,xzb,62.28,-3.68,4.1,40.49,153.82,0,47.58,274.58,630702,电力设备,szcy,C,2022-10-21,[],0,0,buy,AA,,28.343,52.637,5.3,buy,2028-09-26,2.069,18.046,21627.31,57152.31,5.3,-28.95,,0,15:34:42,00,Y,N,0,0,Y,,2023-03-30 开始转股,计算使用2.1年期 评级为AA 债参考YTM：1.6861,N,19.7,全价：227.000 最后更新：15:34:42,,,,0,"{'G': '本次（2026年7月23日至2026年8月12日）不提前赎回，自2027年2月12日后首个交易日重新计算', 'M': ''}",0,0,N,,,buy,buy
2026-09-02 12:13:48,127046,百润转债,brzz,127.109,-0.7,002568,百润股份,brgf,17.51,-2.94,3.56,20.33,86.13,0,47.58,174.69,340602,食品饮料,szmb,C,2021-11-03,[],0,0,buy,AA,,14.231,26.429,8.5,buy,2027-09-29,1.074,11.274,2311.8,21188.21,1.61,-11.44,,0,15:34:36,00,Y,N,1,1,Y,转股价下修1次，成功下修1次,2022-04-12 开始转股,计算使用1.1年期 评级为AA 债参考YTM：1.5779,N,11.28,全价：127.109 最后更新：15:34:36,,,,0,{'M': ''},0,0,N,,,buy,buy
2026-09-02 12:13:48,123142,申昊转债,shzz,125.0,0.44,300853,申昊科技,shkj,28.5,2.3,6.87,33.71,84.55,0,47.85,172.85,630803,电力设备,szcy,C,2022-04-11,[],0,0,buy,BBB+,,23.597,43.823,17.5,buy,2028-03-18,1.543,5.494,1917.24,13245.29,2.8,-6.76,,0,15:34:48,00,Y,N,0,0,Y,,2022-09-26 开始转股,计算使用1.6年期 评级为BBB+ 债参考YTM：12.0730,N,5.5,全价：125.000 最后更新：15:34:48,,,,1,[],0,0,N,,,buy,buy
2026-09-02 12:13:48,123255,鼎龙转债,dlzz,358.641,-7.11,300054,鼎龙股份,dlgf,68.73,-0.92,11.63,28.38,242.18,0,48.09,406.73,270601,电子,szcy,C,2025-04-23,[],0,0,buy,AA,,19.866,36.894,1.8,buy,2031-04-02,4.584,9.095,76635.47,102364.81,22.91,-22.31,,0,15:34:12,00,Y,N,0,0,Y,,2025-10-09 开始转股,计算使用4.6年期 评级为AA 债参考YTM：1.8506,N,9.1,全价：358.641 最后更新：15:34:12,,,,0,"{'G': '本次（2026年4月8日至2026年4月28日）不提前赎回，自2026年10月28日后首个交易日重新计算', 'M': ''}",0,0,N,,,buy,buy
2026-09-02 12:13:48,113680,丽岛转债,ldzz,136.629,-0.6,603937,丽岛新材,ldxc,11.9,-0.92,1.57,12.91,92.18,0,48.23,184.86,240301,有色金属,shmb,C,2023-12-05,[],0,0,buy,A+,,9.037,16.783,12.1,buy,2029-11-15,3.206,2.998,1540.69,3337.34,3.76,-3.99,,0,14:59:43,00,Y,N,0,0,Y,,2024-05-21 开始转股,计算使用3.3年期 评级为A+ 债参考YTM：4.6170,N,3.0,全价：136.629 最后更新：14:59:43,,,,0,[],0,0,N,,,buy,buy
2026-09-02 12:13:48,123119,康泰转2,ktz2,123.302,0.16,300601,康泰生物,ktsw,12.95,0.15,1.5,15.69,82.54,0,49.39,172.69,370303,医药生物,szcy,C,2021-08-05,[],0,0,buy,AA,,10.983,20.397,17.1,buy,2027-07-15,0.866,19.99,2705.07,34055.25,1.1,-10.62,,0,15:34:30,00,Y,N,6,5,Y,转股价下修6次，成功下修5次,2022-01-21 开始转股,计算使用0.9年期 评级为AA 债参考YTM：1.5682,N,20.0,全价：123.302 最后更新：15:34:30,,,,1,{'M': ''},0,0,N,,,buy,buy
2026-09-02 12:13:48,123261,普联转债,plzz,159.9,-3.94,300996,普联软件,plrj,13.82,-3.76,4.26,12.97,106.55,0,50.07,209.97,710401,计算机,szcy,C,2025-12-22,[],0,0,buy,A+,,9.079,16.861,5.3,buy,2031-12-05,5.26,2.428,28576.85,35451.25,73.03,-5.56,,0,15:34:00,00,Y,N,0,0,Y,,2026-06-11 开始转股,计算使用5.3年期 评级为A+ 债参考YTM：4.8695,N,2.43,全价：159.900 最后更新：15:34:00,,,,0,{'M': ''},0,0,N,,,buy,buy
2026-09-02 12:13:48,118012,微芯转债,wxzz,147.457,-1.61,688321,微芯生物,wxsw,24.87,-2.36,4.32,25.34,98.15,0,50.24,197.7,370102,医药生物,shkc,C,2022-07-28,[],0,0,buy,A+,,17.738,32.942,4.5,buy,2028-07-05,1.841,4.995,6791.57,26097.33,9.18,-11.74,,0,14:59:53,00,Y,N,0,0,Y,,2023-01-11 开始转股,计算使用1.9年期 评级为A+ 债参考YTM：4.3110,N,5.0,全价：147.457 最后更新：14:59:53,,,,1,{'M': ''},0,0,N,,,buy,buy
2026-09-02 12:13:48,123155,中陆转债,zlzz,135.36,-0.47,301040,中环海陆,zhhl,28.61,-1.85,3.79,31.76,90.08,0,50.26,185.62,630602,电力设备,szcy,C,2022-08-31,[],0,0,buy,A+,,22.232,41.288,13.3,buy,2028-08-12,1.945,3.6,1957.87,7122.08,4.02,-7.1,,0,15:34:36,00,Y,N,0,0,Y,,2023-02-20 开始转股,计算使用2.0年期 评级为A+ 债参考YTM：4.3268,N,3.6,全价：135.360 最后更新：15:34:36,,,,1,{'M': ''},0,0,N,,,buy,buy
2026-09-02 12:13:48,113659,莱克转债,lkzz,129.954,-1.18,603355,莱克电气,lkdq,27.39,-2.35,2.64,31.72,86.35,0,50.5,180.45,330302,家用电器,shmb,C,2022-11-15,[],0,0,buy,AA,,22.204,41.236,7.6,buy,2028-10-14,2.118,11.998,5286.0,6100.85,3.39,-6.4,,0,14:59:44,00,Y,N,0,0,Y,,2023-04-20 开始转股,计算使用2.2年期 评级为AA 债参考YTM：1.6936,N,12.0,全价：129.954 最后更新：14:59:44,,,,0,{'M': ''},0,0,N,,,buy,buy
2026-09-02 12:13:48,110103,申能转债,snzz,147.711,-2.41,600642,申能股份,sngf,8.57,-1.27,1.02,8.74,98.06,152,50.64,198.35,410101,公用事业,shmb,C,2026-08-13,[],0,0,buy,AAA,,6.118,11.362,4.8,buy,2032-07-23,5.893,20.0,12702.17,15966.08,4.27,-4.91,,0,14:59:56,00,Y,N,0,0,Y,,未到转股期；2027-02-01 开始转股,计算使用5.9年期 评级为AAA 债参考YTM：1.7909,N,20.0,全价：147.711 最后更新：14:59:56,,,,0,{'M': ''},0,0,N,,,buy,buy
2026-09-02 12:13:48,110093,神马转债,smzz,123.532,-0.2,600810,神马股份,smgf,6.62,-1.49,0.77,8.08,81.93,0,50.78,174.31,220406,基础化工,shmb,C,2023-04-20,[],0,0,buy,AAA,,5.656,10.504,31.0,buy,2029-03-16,2.537,22.197,3684.39,5073.08,1.34,-4.54,,0,14:59:20,00,Y,N,0,0,Y,,2023-09-22 开始转股,计算使用2.6年期 评级为AAA 债参考YTM：1.6278,N,30.0,全价：123.532 最后更新：14:59:20,,,,0,{'M': ''},0,0,N,,,buy,buy
2026-09-02 12:13:48,118059,颀中转债,qzzz,193.803,-1.02,688352,颀中科技,qzkj,17.54,1.68,3.61,13.7,128.03,0,51.37,245.17,270107,电子,shkc,C,2025-11-21,[],0,0,buy,AA+,,9.59,17.81,13.2,buy,2031-11-03,5.173,8.498,28820.6,32793.39,17.72,-10.11,,0,14:59:57,00,Y,N,0,0,Y,,2026-05-07 开始转股,计算使用5.2年期 评级为AA+ 债参考YTM：1.8133,N,8.5,全价：193.803 最后更新：14:59:57,,,,0,"{'G': '本次（2026年5月26日至2026年6月17日）不提前赎回，以2026年12月18日为首个交易日重新计算', 'M': ''}",0,0,N,,,buy,buy
2026-09-02 12:13:48,127093,章鼓转债,zgzz,129.404,-0.16,002598,ST章鼓,sdzg,7.05,-0.28,1.64,8.3,84.94,0,52.35,181.75,640106,机械设备,szmb,C,2023-11-03,[],0,0,buy,A,,5.81,10.79,12.0,buy,2029-10-17,3.126,2.425,377.36,1046.01,1.2,-2.95,,0,15:34:51,00,Y,N,1,1,Y,转股价下修1次，成功下修1次,2024-04-23 开始转股,计算使用3.2年期 评级为A 债参考YTM：6.9530,N,2.43,全价：129.404 最后更新：15:34:51,,,,0,[],0,0,N,,,buy,buy
2026-09-02 12:13:48,111004,明新转债,mxzz,133.62,-0.48,605068,明新旭腾,mxxt,21.36,4.81,2.1,24.37,87.65,0,52.45,186.07,280202,汽车,shmb,C,2022-04-25,[],0,0,buy,AA-,,17.059,31.681,19.4,buy,2028-03-30,1.575,6.715,15626.31,29225.42,17.34,-7.95,,0,14:59:57,00,Y,N,1,0,Y,转股价下修1次，成功下修0次,2022-10-10 开始转股,计算使用1.6年期 评级为AA- 债参考YTM：1.9260,Y,6.73,全价：133.620 最后更新：14:59:57,,,"按下调到底估算
股东大会：2026-09-14
预估转股价：21.13
预估转股价值：101.09
期权价值：29.84
理论价值：143.91
理论偏离度：-7.70%",1,[],0,0,N,,,buy,buy
2026-09-02 12:13:48,123277,玉禾转债,yhzz,143.972,-1.73,300815,玉禾田,yht,15.36,-1.85,1.3,16.35,93.95,155,53.25,197.22,760103,环保,szcy,C,2026-08-14,[],0,0,buy,AA,,11.445,21.255,24.9,buy,2032-07-28,5.907,15.0,6208.99,6590.4,2.86,-3.99,,0,15:34:24,00,Y,N,0,0,Y,,未到转股期；2027-02-04 开始转股,计算使用6.0年期 评级为AA 债参考YTM：2.0955,N,15.0,全价：143.972 最后更新：15:34:24,,,,0,[],0,0,N,,,buy,buy
2026-09-02 12:13:48,123122,富瀚转债,fhzz,129.33,-0.86,300613,富瀚微,fhw,77.13,-1.72,5.5,91.5,84.3,0,53.43,182.76,270104,电子,szcy,C,2021-08-24,[],0,0,buy,A+,,64.05,118.95,3.4,buy,2027-08-06,0.926,5.801,2848.16,96218.98,3.78,-12.0,,0,15:34:24,00,Y,N,0,0,Y,,2022-02-14 开始转股,计算使用1.0年期 评级为A+ 债参考YTM：4.1722,N,5.812,全价：129.330 最后更新：15:34:24,,,,1,{'M': ''},0,0,N,,,buy,buy
2026-09-02 12:13:48,127113,长高转债,cgzz,161.576,-0.87,002452,长高电气,cgdq,11.49,-1.2,2.27,10.92,105.22,12,53.56,215.14,630801,电力设备,szmb,C,2026-03-30,[],0,0,buy,AA-,,7.644,14.196,12.7,buy,2032-03-08,5.518,7.586,1924.17,11126.74,1.56,-6.24,,0,15:34:42,00,Y,N,0,0,Y,,未到转股期；2026-09-14 开始转股,计算使用5.6年期 评级为AA- 债参考YTM：2.7746,N,7.59,全价：161.576 最后更新：15:34:42,,,,0,{'M': ''},0,0,N,,,buy,buy
2026-09-02 12:13:48,127059,永东转2,ydz2,130.82,-0.09,002753,永东股份,ydgf,6.87,-0.15,1.09,8.11,84.71,0,54.43,185.25,220603,基础化工,szmb,C,2022-05-16,[],0,0,buy,AA-,,5.677,10.543,18.7,buy,2028-04-08,1.6,3.79,1523.45,2637.74,3.07,-6.82,,0,15:34:30,00,Y,N,0,0,Y,,2022-10-14 开始转股,计算使用1.6年期 评级为AA- 债参考YTM：1.9260,N,3.8,全价：130.820 最后更新：15:34:30,,,,1,[],0,0,N,,,buy,buy
2026-09-02 12:13:48,127114,宜化转债,yhzz,140.0,-1.06,000422,湖北宜化,hbyh,12.75,-1.92,1.8,14.08,90.55,124,54.6,194.6,220801,基础化工,szmb,C,2026-07-14,[],0,0,buy,AA+,,9.856,18.304,24.3,buy,2032-06-25,5.816,33.0,8871.0,35862.06,1.92,-3.55,,0,15:34:00,00,Y,Y,0,0,Y,,未到转股期；2027-01-04 开始转股,计算使用5.9年期 评级为AA+ 债参考YTM：1.9122,N,33.0,全价：140.000 最后更新：15:34:00,,,,0,{'M': ''},0,0,N,,,buy,buy
2026-09-02 12:13:48,127054,双箭转债,sjzz,124.896,-0.42,002381,双箭股份,sjgf,5.62,-1.06,1.09,6.96,80.75,0,54.68,179.58,220602,基础化工,szmb,C,2022-03-15,[],0,0,buy,AA,,4.872,9.048,28.0,buy,2028-02-11,1.444,5.136,1276.06,2050.5,1.99,-6.32,,0,15:34:27,00,Y,N,0,0,Y,,2022-08-17 开始转股,计算使用1.5年期 评级为AA 债参考YTM：1.6172,N,5.136,全价：124.896 最后更新：15:34:27,,,,1,[],0,0,N,,,buy,buy
2026-09-02 12:13:48,123237,佳禾转债,jhzz,137.4,-0.68,300793,佳禾智能,jhzn,11.91,0.17,1.6,13.46,88.48,0,55.28,192.68,270504,电子,szcy,C,2024-01-24,[],0,0,buy,A+,,9.422,17.498,9.7,buy,2030-01-04,3.343,4.314,1187.91,6090.43,2.0,-4.71,,0,15:33:57,00,Y,N,1,1,Y,转股价下修1次，成功下修1次,2024-07-10 开始转股,计算使用3.4年期 评级为A+ 债参考YTM：4.6284,N,10.04,全价：137.400 最后更新：15:33:57,,,,0,[],0,0,N,,,buy,buy
2026-09-02 12:13:48,118061,茂莱转债,mlzz,180.422,-5.04,688502,茂莱光学,mlgx,423.0,-0.24,17.87,364.15,116.16,0,55.32,235.74,270303,电子,shkc,C,2025-12-10,[],0,0,buy,A+,,254.905,473.395,2.5,buy,2031-11-21,5.222,5.622,29431.1,50148.21,28.41,-7.94,,0,14:59:58,00,Y,N,0,0,Y,,2026-05-27 开始转股,计算使用5.3年期 评级为A+ 债参考YTM：4.8695,N,5.625,全价：180.422 最后更新：14:59:58,,,,0,"{'G': '本次（2026年5月28日至2026年7月3日）不提前赎回，以2026年10月4日首个交易日重新计算', 'M': ''}",0,0,N,,,buy,buy
2026-09-02 12:13:48,113699,金25转债,j25zz,195.318,-2.26,603979,金诚信,jcx,78.84,-4.09,3.97,62.8,125.54,0,55.58,250.9,240302,有色金属,shmb,C,2025-10-27,[],0,0,buy,AA,,43.96,81.64,4.1,buy,2031-09-26,5.069,19.998,13601.66,63271.2,3.51,-9.95,,0,14:59:57,00,Y,N,0,0,Y,,2026-04-10 开始转股,计算使用5.1年期 评级为AA 债参考YTM：1.8684,N,20.0,全价：195.318 最后更新：14:59:57,,,,0,{'M': ''},0,0,N,,,buy,buy
2026-09-02 12:13:48,113678,中贝转债,zbzz,140.449,-0.6,603220,中贝通信,zbtx,18.43,-0.43,2.54,20.47,90.03,0,56.0,196.45,730103,通信,shmb,C,2023-11-21,[],0,0,buy,A+,,14.329,26.611,5.2,buy,2029-10-19,3.132,5.106,2873.29,23167.58,4.0,-4.9,,0,14:59:56,00,Y,N,2,1,Y,转股价下修2次，成功下修1次,2024-04-25 开始转股,计算使用3.2年期 评级为A+ 债参考YTM：4.6030,N,5.17,全价：140.449 最后更新：14:59:56,,,,0,{'M': ''},0,0,N,,,buy,buy
2026-09-02 12:13:48,113688,国检转债,gjzz,136.526,-0.35,603060,国检集团,gjjt,5.6,-0.88,2.21,6.45,86.82,0,57.25,193.78,460802,社会服务,shmb,C,2024-11-12,[],0,0,buy,AA+,,4.515,8.385,17.8,buy,2030-10-17,4.126,7.997,1331.34,2516.04,1.22,-3.88,,0,14:59:45,00,Y,N,0,0,Y,,2025-04-23 开始转股,计算使用4.2年期 评级为AA+ 债参考YTM：1.7836,N,8.0,全价：136.526 最后更新：14:59:45,,,,0,[],0,0,N,,,buy,buy
2026-09-02 12:13:48,123224,宇邦转债,ybzz,139.5,0.0,301266,宇邦新材,ybxc,24.97,0.0,1.91,28.17,88.64,0,57.38,196.88,630504,电力设备,szcy,C,2023-10-18,[],0,0,buy,A+,,19.719,36.621,8.4,buy,2029-09-19,3.049,2.848,0.0,0.0,0.0,-5.0,,0,15:33:54,03,Y,N,1,1,Y,转股价下修1次，成功下修1次,2024-03-25 开始转股,计算使用3.1年期 评级为A+ 债参考YTM：4.5856,N,5.0,全价：139.500 最后更新：15:33:54,,,,0,{'M': ''},0,0,N,,,buy,buy
2026-09-02 12:13:48,127089,晶澳转债,jazz,120.979,-0.29,002459,晶澳科技,jakj,6.81,-3.13,1.14,8.9,76.52,0,58.11,179.09,630502,电力设备,szmb,C,2023-08-04,[],0,0,buy,AA+,,6.23,11.57,39.8,buy,2029-07-18,2.877,89.588,6888.2,26827.38,0.64,-2.9,,0,15:34:51,00,Y,N,3,2,Y,转股价下修3次，成功下修2次,2024-01-24 开始转股,计算使用2.9年期 评级为AA+ 债参考YTM：1.6899,N,89.603,全价：120.979 最后更新：15:34:51,,,,0,{'M': ''},0,0,N,,,buy,buy
2026-09-02 12:13:48,113696,伯25转债,b25zz,135.689,-0.29,603596,伯特利,btl,30.09,0.84,3.21,35.16,85.58,0,58.55,194.24,280203,汽车,shmb,C,2025-07-28,[],0,0,buy,AA,,24.612,45.708,10.4,buy,2031-07-01,4.83,28.017,10633.3,85325.73,2.79,-3.69,,0,14:59:44,00,Y,N,0,0,Y,,2026-01-07 开始转股,计算使用4.9年期 评级为AA 债参考YTM：1.8572,N,28.02,全价：135.689 最后更新：14:59:44,,,,0,{'M': ''},0,0,N,,,buy,buy
2026-09-02 12:13:48,111020,合顺转债,hszz,135.979,-0.47,605166,聚合顺,jhs,9.0,-0.22,1.4,10.53,85.47,0,59.1,195.08,220406,基础化工,shmb,C,2024-08-15,[],0,0,buy,AA-,,7.371,13.689,11.9,buy,2030-07-22,3.888,3.38,2414.74,7508.37,5.26,-3.36,,0,14:59:15,00,Y,N,0,0,Y,,2025-01-27 开始转股,计算使用3.9年期 评级为AA- 债参考YTM：2.3119,N,3.38,全价：135.979 最后更新：14:59:15,,,,0,[],0,0,N,,,buy,buy
2026-09-02 12:13:48,123280,三鑫转债,sxzz,153.5,-2.23,300453,三鑫医疗,sxyl,9.3,-2.11,3.25,9.72,95.68,161,60.43,213.93,370503,医药生物,szcy,C,2026-08-19,[],0,0,buy,AA-,,7.776,12.636,15.6,buy,2032-08-03,5.923,5.3,12380.16,9482.51,14.98,-4.99,,0,15:34:24,00,Y,N,0,0,Y,,未到转股期；2027-02-10 开始转股,计算使用6.0年期 评级为AA- 债参考YTM：3.0555,N,5.3,全价：153.500 最后更新：15:34:24,,,,0,[],1,0,N,,,buy,buy
2026-09-02 12:13:48,127108,太能转债,tnzz,123.827,-0.14,000591,太阳能,tyn,4.27,-1.39,0.69,5.54,77.08,0,60.66,184.49,410106,公用事业,szmb,C,2025-04-16,[],0,0,buy,AA+,,3.878,7.202,17.7,buy,2031-03-28,4.57,29.498,3894.05,12717.71,1.07,-1.28,,0,15:34:33,00,Y,N,0,0,Y,,2025-10-09 开始转股,计算使用4.6年期 评级为AA+ 债参考YTM：1.7936,N,29.5,全价：123.827 最后更新：15:34:33,,,,0,{'M': ''},0,0,N,,,buy,buy
2026-09-02 12:13:48,118060,瑞可转债,rkzz,185.064,-2.62,688800,瑞可达,rkd,60.3,-2.74,6.9,52.53,114.79,0,61.22,246.28,270401,电子,shkc,C,2025-12-12,[],0,0,buy,AA-,,36.771,68.289,5.7,buy,2031-11-14,5.203,9.999,12564.88,44999.59,6.74,-8.73,,0,14:59:54,00,Y,N,0,0,Y,,2026-05-20 开始转股,计算使用5.3年期 评级为AA- 债参考YTM：2.5209,N,10.0,全价：185.064 最后更新：14:59:54,,,,0,"{'G': '本次（2026年5月20日至2026年6月9日）不提前赎回，以2026年12月10日为首个交易日重新计算', 'M': ''}",0,0,N,,,buy,buy
2026-09-02 12:13:48,123278,合金转债,hjzz,174.999,-1.94,300697,电工合金,dghj,15.12,-0.85,5.03,13.98,108.16,156,61.8,236.8,240302,有色金属,szcy,C,2026-08-18,[],0,0,buy,AA-,,9.786,18.174,10.9,buy,2032-07-29,5.91,5.45,23261.08,20955.0,24.29,-7.11,,0,15:34:09,00,Y,N,0,0,Y,,未到转股期；2027-02-05 开始转股,计算使用6.0年期 评级为AA- 债参考YTM：3.0555,N,5.45,全价：174.999 最后更新：15:34:09,,,,0,[],0,0,N,,,buy,buy
2026-09-02 12:13:48,123269,金杨转债,jyzz,147.27,0.39,301210,金杨精密,jygf,25.64,4.65,2.03,28.24,90.79,54,62.2,209.47,630701,电力设备,szcy,C,2026-05-11,[],0,0,buy,AA-,,19.768,36.712,62.2,buy,2032-04-19,5.633,9.8,11939.17,11815.43,8.19,-4.54,,0,15:34:06,00,Y,N,0,0,Y,,未到转股期；2026-10-26 开始转股,计算使用5.7年期 评级为AA- 债参考YTM：2.8616,N,9.8,全价：147.270 最后更新：15:34:06,,,,0,{'M': ''},0,0,N,,,buy,buy
2026-09-02 12:13:48,113652,伟22转债,w22zz,125.381,-0.7,603568,伟明环保,wmhb,14.7,2.8,2.05,19.02,77.29,0,62.23,187.61,760103,环保,shmb,C,2022-08-12,[],0,0,buy,AA,,13.314,24.726,4.9,buy,2028-07-22,1.888,14.766,7132.85,25320.96,3.86,-5.95,,0,14:59:22,00,Y,N,2,2,Y,转股价下修2次，成功下修2次,2023-01-30 开始转股,计算使用1.9年期 评级为AA 债参考YTM：1.6658,N,14.77,全价：125.381 最后更新：14:59:22,,,,1,{'M': ''},0,0,N,,,buy,buy
2026-09-02 12:13:48,127104,姚记转债,yjzz,143.999,-0.63,002605,姚记科技,yjkj,17.3,-1.65,1.89,19.58,88.36,0,62.98,206.98,720401,传媒,szmb,C,2024-02-26,[],0,0,buy,A+,,13.706,25.454,9.9,buy,2030-01-24,3.397,5.822,1075.53,7757.43,1.28,-5.29,,0,15:34:27,00,Y,N,0,0,Y,,2024-07-31 开始转股,计算使用3.4年期 评级为A+ 债参考YTM：4.6284,N,5.831,全价：143.999 最后更新：15:34:27,,,,0,[],0,0,N,,,buy,buy
2026-09-02 12:13:48,110100,龙建转债,ljzz,120.883,-0.74,600853,龙建股份,ljgf,3.4,-0.29,0.81,4.59,74.07,0,63.19,184.07,620306,建筑装饰,shmb,C,2026-02-12,[],0,0,buy,AA,,3.213,5.967,29.0,buy,2032-01-22,5.392,10.0,4092.75,3228.83,3.38,-1.18,,0,14:59:50,00,Y,N,0,0,Y,,2026-07-28 开始转股,计算使用5.4年期 评级为AA 债参考YTM：1.9280,N,10.0,全价：120.883 最后更新：14:59:50,,,,0,{'EX': '黑龙江省建设投资集团有限公司大宗减持12.90% 2026年08月25日公告'},0,0,N,,,buy,buy
2026-09-02 12:13:48,127072,博实转债,bszz,135.378,-0.1,002698,博实股份,bsgf,12.28,-1.84,3.01,14.81,82.92,0,63.27,198.65,640701,机械设备,szmb,C,2022-11-03,[],0,0,buy,AA,,10.367,19.253,4.3,buy,2028-09-22,2.058,4.498,3626.09,8761.18,5.97,-7.66,,0,15:34:45,00,Y,N,0,0,Y,,2023-03-28 开始转股,计算使用2.1年期 评级为AA 债参考YTM：1.6861,N,4.5,全价：135.378 最后更新：15:34:45,,,,0,{'M': ''},0,0,N,,,buy,buy
2026-09-02 12:13:48,123071,天能转债,tnzz,114.746,-0.01,300569,天能重工,tnzg,4.69,-1.68,0.89,6.68,70.21,0,63.43,178.18,630602,电力设备,szcy,C,2020-11-25,[],0,0,buy,AA-,,4.676,8.684,14.5,buy,2026-10-21,0.134,6.937,5052.97,3403.1,6.35,1.68,,0,15:34:27,00,Y,N,2,2,Y,转股价下修2次，成功下修2次,2021-04-27 开始转股,计算使用0.2年期 评级为AA- 债参考YTM：1.7044,N,7.0,全价：114.746 最后更新：15:34:27,,,,1,{'M': ''},0,0,N,,,buy,buy
2026-09-02 12:13:48,127049,希望转2,xwz2,113.9,-0.09,000876,新希望,xxw,7.06,-2.08,1.67,10.13,69.69,0,63.43,177.33,110402,农林牧渔,szmb,C,2021-11-29,[],0,0,buy,AAA,,7.091,13.169,25.6,buy,2027-11-02,1.167,81.434,8649.42,25575.74,0.93,-4.06,,0,15:34:39,00,Y,N,1,1,Y,转股价下修1次，成功下修1次,2022-05-09 开始转股,计算使用1.2年期 评级为AAA 债参考YTM：1.5335,N,81.5,全价：113.900 最后更新：15:34:39,,,,1,{'M': ''},0,0,N,,,buy,buy
2026-09-02 12:13:48,127111,金威转债,jwzz,140.13,-0.33,002626,金达威,jdw,16.45,-2.72,2.39,19.19,85.72,0,63.47,203.6,340407,食品饮料,szmb,C,2025-09-08,[],0,0,buy,AA,,13.433,24.947,12.9,buy,2031-08-20,4.967,12.924,3886.93,6287.43,2.14,-4.22,,0,15:34:48,00,Y,N,0,0,Y,,2026-02-26 开始转股,计算使用5.0年期 评级为AA 债参考YTM：1.8606,N,12.924,全价：140.130 最后更新：15:34:48,,,,0,{'M': ''},0,0,N,,,buy,buy
2026-09-02 12:13:48,113694,清源转债,qyzz,128.121,0.09,603628,清源股份,qygf,10.02,-0.5,2.05,12.85,77.98,0,64.31,192.43,630504,电力设备,shmb,C,2025-04-25,[],0,0,buy,A+,,8.995,16.705,18.3,buy,2031-04-08,4.6,4.999,1671.6,6772.11,2.61,-1.67,,0,14:59:44,00,Y,N,0,0,Y,,2025-10-14 开始转股,计算使用4.6年期 评级为A+ 债参考YTM：4.7226,N,5.0,全价：128.121 最后更新：14:59:44,,,,0,{'M': ''},0,0,N,,,buy,buy
2026-09-02 12:13:48,127112,尚太转债,stzz,156.158,0.17,001301,尚太科技,stkj,56.77,-0.33,2.87,60.02,94.59,0,65.1,221.26,630702,电力设备,szmb,C,2026-02-05,[],0,0,buy,AA+,,42.014,78.026,11.7,buy,2032-01-16,5.375,17.339,4399.5,31986.15,1.62,-6.16,,0,15:34:51,00,Y,N,0,0,Y,,2026-07-22 开始转股,计算使用5.4年期 评级为AA+ 债参考YTM：1.8367,N,17.34,全价：156.158 最后更新：15:34:51,,,,0,{'M': ''},0,0,N,,,buy,buy
2026-09-02 12:13:48,113698,凯众转债,kzzz,138.794,0.36,603037,凯众股份,kzgf,10.54,0.57,2.82,12.55,83.98,0,65.26,204.05,280203,汽车,shmb,C,2025-09-10,[],0,0,buy,AA-,,8.785,16.315,11.0,buy,2031-08-15,4.953,3.079,2360.39,2781.97,5.53,-4.03,,0,14:59:52,00,Y,N,0,0,Y,,2026-02-24 开始转股,计算使用5.0年期 评级为AA- 债参考YTM：2.3906,N,3.08,全价：138.794 最后更新：14:59:52,,,,0,[],0,0,N,,,buy,buy
2026-09-02 12:13:48,123281,中仑转债,zlzz,166.762,1.07,301565,中仑新材,zlxc,20.44,2.3,3.32,20.28,100.79,163,65.46,232.22,220505,基础化工,szcy,C,2026-08-24,[],0,0,buy,AA-,,14.196,26.364,40.8,buy,2032-08-05,5.929,10.68,108027.92,14254.06,59.33,-6.32,,0,15:34:27,00,Y,N,0,0,Y,,未到转股期；2027-02-12 开始转股,计算使用6.0年期 评级为AA- 债参考YTM：3.0555,N,10.68,全价：166.762 最后更新：15:34:27,,,,0,{'M': ''},0,0,N,,,buy,buy
2026-09-02 12:13:48,123271,通合转债,thzz,169.506,-0.7,300491,通合科技,thkj,33.87,-0.15,4.97,33.18,102.08,97,66.05,235.56,630306,电力设备,szcy,C,2026-06-17,[],0,0,buy,AA,,23.226,43.134,9.8,buy,2032-06-01,5.751,5.219,4838.82,30650.6,5.47,-6.07,,0,15:34:12,00,Y,N,0,0,Y,,未到转股期；2026-12-08 开始转股,计算使用5.8年期 评级为AA 债参考YTM：2.0445,N,5.22,全价：169.506 最后更新：15:34:12,,,,0,[],0,0,N,,,buy,buy
2026-09-02 12:13:48,123195,蓝晓转02,lxz02,168.604,-1.17,300487,蓝晓科技,lxkj,59.88,-1.5,6.45,59.21,101.13,0,66.72,235.32,220504,基础化工,szcy,C,2023-05-08,[],0,0,buy,A+,,41.447,76.973,3.0,buy,2029-04-17,2.625,5.455,2286.0,24934.8,2.49,-12.57,,0,15:33:57,00,Y,N,0,0,Y,,2023-10-23 开始转股,计算使用2.7年期 评级为A+ 债参考YTM：4.4877,N,5.461,全价：168.604 最后更新：15:33:57,,,,0,{'M': ''},0,0,N,,,buy,buy
2026-09-02 12:13:48,127102,浙建转债,zjzz,121.471,-0.27,002761,浙江建投,zjjt,7.38,-1.07,0.93,10.17,72.57,0,67.39,188.86,620101,建筑装饰,szmb,C,2024-01-16,[],0,0,buy,AA+,,7.119,13.221,12.5,buy,2029-12-25,3.315,9.951,2294.83,6883.7,1.9,-2.49,,0,15:34:24,00,Y,N,0,0,Y,,2024-07-01 开始转股,计算使用3.4年期 评级为AA+ 债参考YTM：1.7208,N,10.0,全价：121.471 最后更新：15:34:24,,,,0,{'M': ''},0,0,N,,,buy,buy
2026-09-02 12:13:48,113692,保隆转债,blzz,130.181,-0.18,603197,保隆科技,blkj,30.39,-0.49,1.93,39.16,77.61,0,67.75,197.93,280205,汽车,shmb,C,2024-11-27,[],0,0,buy,AA,,27.412,50.908,21.7,buy,2030-10-31,4.164,13.897,3043.47,10791.6,1.68,-3.31,,0,14:59:52,00,Y,N,0,0,Y,,2025-05-06 开始转股,计算使用4.2年期 评级为AA 债参考YTM：1.8369,N,13.9,全价：130.181 最后更新：14:59:52,,,,0,{'M': ''},0,0,N,,,buy,buy
2026-09-02 12:13:48,123252,银邦转债,ybzz,135.328,-0.25,300337,银邦股份,ybgf,10.08,-1.27,4.53,12.5,80.64,0,67.82,203.15,240301,有色金属,szcy,C,2025-01-24,[],0,0,buy,AA-,,8.75,16.25,10.9,buy,2031-01-06,4.348,7.846,1994.69,19781.94,1.88,-3.23,,0,15:34:06,00,Y,N,0,0,Y,,2025-07-14 开始转股,计算使用4.4年期 评级为AA- 债参考YTM：2.3547,N,7.85,全价：135.328 最后更新：15:34:06,,,,0,{'M': ''},0,0,N,,,buy,buy
2026-09-02 12:13:48,110090,爱迪转债,adzz,131.477,-0.84,600933,爱柯迪,akd,13.43,-0.59,1.42,17.15,78.31,0,67.9,199.38,280203,汽车,shmb,C,2022-10-28,[],0,0,buy,AA,,12.005,22.295,11.9,buy,2028-09-23,2.06,15.695,5388.06,6942.01,2.6,-7.29,,0,14:59:48,00,Y,N,0,0,Y,,2023-03-29 开始转股,计算使用2.1年期 评级为AA 债参考YTM：1.6861,N,15.7,全价：131.477 最后更新：14:59:48,,,,0,{'M': ''},0,0,N,,,buy,buy
2026-09-02 12:13:48,113674,华设转债,hszz,128.009,-0.17,603018,华设集团,hsjt,5.29,-0.56,0.8,6.95,76.12,0,68.18,196.19,620601,建筑装饰,shmb,C,2023-08-15,[],0,0,buy,AA,,4.865,9.035,9.2,buy,2029-07-21,2.885,3.999,1938.48,3114.81,3.79,-3.61,,0,14:59:04,00,Y,N,0,0,Y,,2024-01-29 开始转股,计算使用2.9年期 评级为AA 债参考YTM：1.7199,N,4.0,全价：128.009 最后更新：14:59:04,,,,0,{'M': ''},0,0,N,,,buy,buy
2026-09-02 12:13:48,118065,艾为转债,awzz,138.95,-2.95,688798,艾为电子,awdz,65.6,0.92,3.6,79.4,82.62,0,68.18,207.13,270105,电子,shkc,C,2026-02-26,[],0,0,buy,AA+,,55.58,103.22,21.3,buy,2032-01-22,5.392,19.01,16138.28,28172.36,6.05,-3.9,,0,14:59:48,00,Y,N,0,0,Y,,2026-07-28 开始转股,计算使用5.4年期 评级为AA+ 债参考YTM：1.8367,N,19.01,全价：138.950 最后更新：14:59:48,,,,0,"{'M': '', 'EX': '孙洪军大宗减持11.57% 2026年09月01日公告'}",0,0,N,,,buy,buy
2026-09-02 12:13:48,123253,永贵转债,ygzz,134.55,-0.32,300351,永贵电器,ygdq,14.55,0.48,2.28,18.19,79.99,0,68.21,202.76,640501,机械设备,szcy,C,2025-03-28,[],0,0,buy,AA-,,12.733,23.647,25.6,buy,2031-03-13,4.529,9.797,2089.44,8412.73,1.59,-2.98,,0,15:34:09,00,Y,N,0,0,Y,,2025-09-19 开始转股,计算使用4.6年期 评级为AA- 债参考YTM：2.3667,N,9.8,全价：134.550 最后更新：15:34:09,,,,0,{'M': ''},0,0,N,,,buy,buy
2026-09-02 12:13:48,110095,双良转债,slzz,116.579,-0.1,600481,双良节能,sljn,4.28,-0.47,2.17,6.18,69.26,0,68.33,184.91,630501,电力设备,shmb,C,2023-09-08,[],0,0,buy,AA-,,4.326,8.034,15.9,buy,2029-08-08,2.934,14.006,3285.13,14670.59,2.01,-0.98,,0,14:59:50,00,Y,N,2,2,Y,转股价下修2次，成功下修2次,2024-02-19 开始转股,计算使用3.0年期 评级为AA- 债参考YTM：2.2141,N,26.0,全价：116.579 最后更新：14:59:50,,,,0,{'M': ''},0,0,N,,,buy,buy
2026-09-02 12:13:48,123214,东宝转债,dbzz,130.5,0.0,300239,东宝生物,dbsw,5.13,-1.16,1.74,6.62,77.49,0,68.4,198.9,370304,医药生物,szcy,C,2023-08-18,[],0,0,buy,A+,,4.634,8.606,15.0,buy,2029-07-31,2.912,4.549,820.91,3104.77,1.38,-3.88,,0,15:34:09,00,Y,N,0,0,Y,,2024-02-05 开始转股,计算使用3.0年期 评级为A+ 债参考YTM：4.5641,N,4.55,全价：130.500 最后更新：15:34:09,,,,0,[],0,0,N,,,buy,buy
2026-09-02 12:13:48,110086,精工转债,jgzz,122.032,-0.73,600496,精工钢构,jggg,3.31,-1.49,0.71,4.57,72.43,0,68.49,190.52,620401,建筑装饰,shmb,C,2022-05-23,[],0,0,buy,AA,,3.199,5.941,30.4,buy,2028-04-22,1.638,19.999,4481.36,10896.54,1.84,-4.22,,0,14:59:58,00,Y,N,0,0,Y,,2022-10-28 开始转股,计算使用1.7年期 评级为AA 债参考YTM：1.6417,N,20.0,全价：122.032 最后更新：14:59:58,,,,1,{'M': ''},0,0,N,,,buy,buy
2026-09-02 12:13:48,111021,奥锐转债,arzz,136.279,-0.57,605116,奥锐特,art,19.88,-1.0,3.02,24.6,80.81,0,68.63,204.91,370101,医药生物,shmb,C,2024-08-15,[],0,0,buy,AA-,,17.22,31.98,10.1,buy,2030-07-26,3.899,8.121,2383.56,3832.34,2.15,-3.41,,0,14:59:54,00,Y,N,0,0,Y,,2025-02-05 开始转股,计算使用3.9年期 评级为AA- 债参考YTM：2.3119,N,8.121,全价：136.279 最后更新：14:59:54,,,,0,[],0,0,N,,,buy,buy
2026-09-02 12:13:48,118031,天23转债,t23zz,121.664,-0.34,688599,天合光能,thgn,11.53,-4.47,1.31,16.0,72.06,0,68.83,190.49,630502,电力设备,shkc,C,2023-03-15,[],0,0,buy,AA,,11.2,20.8,21.7,buy,2029-02-13,2.452,58.512,5451.04,48042.67,0.77,-1.16,,0,14:59:57,00,Y,N,2,2,Y,转股价下修2次，成功下修2次,2023-08-17 开始转股,计算使用2.5年期 评级为AA 债参考YTM：1.7076,N,88.648,全价：121.664 最后更新：14:59:57,,,,0,{'M': ''},0,0,N,,,buy,buy
2026-09-02 12:13:48,127115,炬申转债,jszz,178.102,-1.76,001202,炬申股份,jsgf,14.51,0.42,2.75,13.76,105.45,152,68.9,247.0,420802,交通运输,szmb,C,2026-08-13,[],0,0,buy,AA-,,9.632,17.888,22.4,buy,2032-07-23,5.893,3.8,34401.66,2777.15,49.44,-7.41,,0,15:33:54,00,Y,N,0,0,Y,,未到转股期；2027-02-01 开始转股,计算使用5.9年期 评级为AA- 债参考YTM：3.0074,N,3.8,全价：178.102 最后更新：15:33:54,,,,0,[],0,0,N,,,buy,buy
2026-09-02 12:13:48,113705,豪26转债,h26zz,141.625,-0.41,603809,豪能股份,hngf,8.97,-0.22,2.12,10.74,83.52,111,69.57,211.2,280203,汽车,shmb,C,2026-07-10,[],0,0,buy,AA-,,6.444,13.962,21.8,buy,2032-06-14,5.786,18.0,1878.03,5629.59,0.74,-3.77,,0,14:59:44,00,Y,N,0,0,Y,,未到转股期；2026-12-22 开始转股,计算使用5.8年期 评级为AA- 债参考YTM：2.9410,N,18.0,全价：141.625 最后更新：14:59:44,,,,0,{'M': ''},0,0,N,,,buy,buy
2026-09-02 12:13:48,113706,金帝转债,jdzz,176.107,12.11,603270,金帝股份,jdgf,31.77,10.01,2.94,30.62,103.76,111,69.73,245.84,640108,机械设备,shmb,C,2026-07-10,[],0,0,buy,AA,,21.434,39.806,43.2,buy,2032-06-14,5.786,9.7,335495.1,48726.51,198.09,-6.66,,0,15:00:00,00,Y,N,0,0,Y,,未到转股期；2026-12-22 开始转股,计算使用5.8年期 评级为AA 债参考YTM：2.0445,N,9.7,全价：176.107 最后更新：15:00:00,,,,0,{'M': ''},0,0,N,,,buy,buy
2026-09-02 12:13:48,123272,中汽转债,zqzz,153.865,-0.63,301215,中汽股份,zqgf,5.42,-0.73,2.38,5.99,90.48,106,70.05,223.92,280303,汽车,szcy,C,2026-06-30,[],0,0,buy,AA+,,4.193,7.787,14.5,buy,2032-06-10,5.775,10.39,2514.66,3321.4,1.58,-5.35,,0,15:34:03,00,Y,N,0,0,Y,,未到转股期；2026-12-17 开始转股,计算使用5.8年期 评级为AA+ 债参考YTM：1.8975,N,10.39,全价：153.865 最后更新：15:34:03,,,,0,{'M': ''},0,0,N,,,buy,buy
2026-09-02 12:13:48,123216,科顺转债,kszz,123.0,-0.35,300737,科顺股份,ksgf,4.77,-2.65,1.33,6.61,72.16,0,70.45,193.45,610304,建筑材料,szcy,C,2023-08-23,[],0,0,buy,AA-,,4.627,8.593,51.9,buy,2029-08-04,2.923,21.959,1756.38,9591.59,0.65,-1.34,,0,15:34:48,00,Y,N,2,1,Y,转股价下修2次，成功下修1次,2024-02-19 开始转股,计算使用3.0年期 评级为AA- 债参考YTM：2.2141,N,21.98,全价：123.000 最后更新：15:34:48,,,,0,{'M': ''},0,0,N,,,buy,buy
2026-09-02 12:13:48,127069,小熊转债,xxzz,127.615,-0.36,002959,小熊电器,xxdq,32.7,-1.21,1.72,43.71,74.81,0,70.58,198.2,330301,家用电器,szmb,C,2022-09-07,[],0,0,buy,AA-,,30.597,56.823,11.0,buy,2028-08-12,1.945,5.041,1375.04,1737.32,2.14,-4.21,,0,15:34:42,00,Y,N,1,1,Y,转股价下修1次，成功下修1次,2023-02-20 开始转股,计算使用2.0年期 评级为AA- 债参考YTM：1.9868,N,5.36,全价：127.615 最后更新：15:34:42,,,,1,{'M': ''},0,0,N,,,buy,buy
2026-09-02 12:13:48,123220,易瑞转债,yrzz,129.756,-0.61,300942,易瑞生物,yrsw,6.7,-1.03,3.11,8.85,75.71,0,71.39,201.15,370504,医药生物,szcy,C,2023-09-06,[],0,0,buy,A+,,6.195,11.505,10.7,buy,2029-08-18,2.962,2.907,1337.91,3670.99,3.55,-3.12,,0,15:34:51,00,Y,N,1,1,Y,转股价下修1次，成功下修1次,2024-02-26 开始转股,计算使用3.0年期 评级为A+ 债参考YTM：4.5641,N,3.28,全价：129.756 最后更新：15:34:51,,,,0,{'M': ''},0,0,N,,,buy,buy
2026-09-02 12:13:48,110102,江农转债,jnzz,154.291,-2.18,600389,江山股份,jsgf,18.51,-4.29,1.85,20.64,89.68,140,72.05,226.34,220803,基础化工,shmb,C,2026-08-05,[],0,0,buy,AA+,,14.448,26.832,14.9,buy,2032-07-13,5.866,11.85,8014.57,27427.44,4.33,-5.3,,0,15:00:00,00,Y,N,0,0,Y,,未到转股期；2027-01-20 开始转股,计算使用5.9年期 评级为AA+ 债参考YTM：1.9122,N,11.85,全价：154.291 最后更新：15:00:00,,,,0,{'M': ''},0,0,N,,,buy,buy
2026-09-02 12:13:48,118020,芳源转债,fyzz,118.2,0.03,688148,芳源股份,fygf,6.18,-0.96,5.91,9.0,68.67,0,72.14,190.34,630702,电力设备,shkc,C,2022-11-07,[],0,0,buy,BBB,,6.3,11.7,20.4,buy,2028-09-23,2.06,6.417,1193.07,7431.04,1.58,3.27,,0,14:58:33,00,Y,N,2,2,Y,转股价下修2次，成功下修2次,2023-03-29 开始转股,计算使用2.1年期 评级为BBB 债参考YTM：15.3017,N,6.42,全价：118.200 最后更新：14:58:33,,,,0,{'M': ''},0,0,N,,,buy,buy
2026-09-02 12:13:48,111026,派克转债,pkzz,170.896,-1.24,605123,派克新材,pkxc,81.05,2.39,2.07,81.8,99.08,163,72.48,243.38,650201,国防军工,shmb,C,2026-08-25,[],0,0,buy,AA,,57.26,106.34,16.1,buy,2032-08-05,5.929,15.8,27014.05,20410.11,9.88,-6.73,,0,14:59:58,00,Y,N,0,0,Y,,未到转股期；2027-02-12 开始转股,计算使用6.0年期 评级为AA 债参考YTM：2.0955,N,15.8,全价：170.896 最后更新：14:59:58,,,,0,{'M': ''},0,0,N,,,buy,buy
2026-09-02 12:13:48,123229,艾录转债,alzz,131.95,0.16,301062,上海艾录,shal,7.59,2.57,2.42,9.95,76.28,0,72.98,204.93,360205,轻工制造,szcy,C,2023-11-20,[],0,0,buy,A,,6.965,12.935,8.5,buy,2029-10-23,3.143,1.779,1239.93,5922.92,5.28,-2.97,,0,15:33:54,00,Y,N,0,0,Y,,2024-04-29 开始转股,计算使用3.2年期 评级为A 债参考YTM：6.9530,N,5.0,全价：131.950 最后更新：15:33:54,,,,0,{'M': ''},0,0,N,,,buy,buy
2026-09-02 12:13:48,123223,九典转02,jdz02,132.58,-0.69,300705,九典制药,jdzy,11.1,-1.16,2.14,14.55,76.29,0,73.79,206.37,370102,医药生物,szcy,C,2023-10-13,[],0,0,buy,A+,,10.185,18.915,5.0,buy,2029-09-15,3.038,2.052,839.64,4738.39,3.08,-3.85,,0,15:34:51,00,Y,N,0,0,Y,,2024-03-21 开始转股,计算使用3.1年期 评级为A+ 债参考YTM：4.5856,N,3.6,全价：132.580 最后更新：15:34:51,,,,0,[],0,0,N,,,buy,buy
2026-09-02 12:13:48,113682,益丰转债,yfzz,125.337,-1.3,603939,益丰药房,yfyf,22.67,-1.18,2.27,31.44,72.11,0,73.82,199.16,370403,医药生物,shmb,C,2024-03-27,[],0,0,buy,AA,,22.008,40.872,6.5,buy,2030-03-04,3.504,17.968,7813.06,28108.87,3.45,-2.65,,0,14:59:15,00,Y,N,0,0,Y,,2024-09-09 开始转股,计算使用3.6年期 评级为AA 债参考YTM：1.7778,N,17.97,全价：125.337 最后更新：14:59:15,,,,0,{'M': ''},0,0,N,,,buy,buy
2026-09-02 12:13:48,123268,本川转债,bczz,184.282,-1.35,300964,本川智能,bczn,57.02,-1.91,5.4,54.13,105.34,51,74.94,259.22,270202,电子,szcy,C,2026-05-07,[],0,0,buy,AA-,,37.891,70.369,9.5,buy,2032-04-16,5.625,4.69,8955.12,15242.03,10.3,-7.6,,0,15:34:00,00,Y,N,0,0,Y,,未到转股期；2026-10-23 开始转股,计算使用5.7年期 评级为AA- 债参考YTM：2.8616,N,4.69,全价：184.282 最后更新：15:34:00,,,,0,{'M': ''},0,0,N,,,buy,buy
2026-09-02 12:13:48,123263,鼎捷转债,djzz,156.503,0.45,300378,鼎捷数智,djsz,38.72,-2.12,4.19,43.42,89.18,0,75.5,232.0,710402,计算机,szcy,C,2025-12-31,[],0,0,buy,AA,,30.394,56.446,7.9,buy,2031-12-15,5.288,8.275,22092.29,101117.55,17.14,-5.96,,0,15:34:15,00,Y,N,0,0,Y,,2026-06-22 开始转股,计算使用5.3年期 评级为AA 债参考YTM：1.9034,N,8.28,全价：156.503 最后更新：15:34:15,,,,0,{'M': ''},0,0,N,,,buy,buy
2026-09-02 12:13:48,110101,宝钛转债,btzz,152.364,-0.46,600456,宝钛股份,btgf,26.87,-0.74,1.77,30.98,86.73,119,75.67,228.03,240504,有色金属,shmb,C,2026-07-16,[],0,0,buy,AAA,,21.686,40.274,27.3,buy,2032-06-23,5.811,35.0,6047.24,10383.46,1.13,-5.58,,0,14:59:54,00,Y,N,0,0,Y,,未到转股期；2026-12-30 开始转股,计算使用5.9年期 评级为AAA 债参考YTM：1.7909,N,35.0,全价：152.364 最后更新：14:59:54,,,,0,{'M': ''},0,0,N,,,buy,buy
2026-09-02 12:13:48,113053,隆22转债,l22zz,118.063,-0.37,601012,隆基绿能,ljln,11.75,-2.65,1.83,17.5,67.14,0,75.84,193.9,630502,电力设备,shmb,C,2022-02-17,[],0,0,buy,AAA,,12.25,22.75,7.9,buy,2028-01-05,1.343,69.951,6246.15,96484.22,0.76,-6.11,,0,14:59:55,00,Y,N,1,1,Y,转股价下修1次，成功下修1次,2022-07-11 开始转股,计算使用1.4年期 评级为AAA 债参考YTM：1.5479,N,70.0,全价：118.063 最后更新：14:59:55,,,,1,{'M': ''},0,0,N,,,buy,buy
2026-09-02 12:13:48,111024,澳弘转债,ahzz,145.555,-0.16,605058,澳弘电子,ahdz,27.61,-0.29,2.19,33.54,82.32,0,76.82,222.38,270202,电子,shmb,C,2026-01-16,[],0,0,buy,AA-,,23.478,43.602,14.7,buy,2031-12-11,5.277,5.799,2040.45,4216.8,2.42,-4.31,,0,14:59:44,00,Y,N,0,0,Y,,2026-06-17 开始转股,计算使用5.3年期 评级为AA- 债参考YTM：2.5209,N,5.8,全价：145.555 最后更新：14:59:44,,,,0,[],0,0,N,,,buy,buy
2026-09-02 12:13:48,127083,山路转债,slzz,117.951,0.03,000498,山东路桥,sdlq,4.94,-1.59,0.27,7.42,66.58,0,77.17,195.12,620306,建筑装饰,szmb,C,2023-04-26,[],0,0,buy,AAA,,5.194,9.646,67.5,buy,2029-03-24,2.559,48.359,2477.01,5206.47,0.43,-2.28,,0,15:34:45,00,Y,N,0,0,Y,,2023-10-09 开始转股,计算使用2.6年期 评级为AAA 债参考YTM：1.6278,N,48.36,全价：117.951 最后更新：15:34:45,,,,0,{'M': ''},0,0,N,,,buy,buy
2026-09-02 12:13:48,111018,华康转债,hkzz,124.207,-0.64,605077,华康股份,hkgf,11.12,-0.98,1.06,15.97,69.63,0,78.38,202.59,220315,基础化工,shmb,C,2024-01-15,[],0,0,buy,AA-,,11.179,20.761,39.1,buy,2029-12-25,3.315,13.022,1666.27,4779.78,1.03,-1.23,,0,14:59:37,00,Y,N,0,0,Y,,2024-07-01 开始转股,计算使用3.4年期 评级为AA- 债参考YTM：2.2744,N,13.03,全价：124.207 最后更新：14:59:37,,,,0,[],0,0,N,,,buy,buy
2026-09-02 12:13:48,123154,火星转债,hxzz,126.143,-0.48,300894,火星人,hxr,11.31,-0.53,4.68,16.0,70.69,0,78.45,204.59,330401,家用电器,szcy,C,2022-08-23,[],0,0,buy,A+,,11.2,20.8,15.9,buy,2028-08-05,1.926,5.289,1989.41,4484.15,2.98,-3.87,,0,15:34:33,00,Y,N,1,1,Y,转股价下修1次，成功下修1次,2023-02-13 开始转股,计算使用2.0年期 评级为A+ 债参考YTM：4.3268,N,5.29,全价：126.143 最后更新：15:34:33,,,,1,{'M': ''},0,0,N,,,buy,buy
2026-09-02 12:13:48,118037,上声转债,sszz,129.137,-0.39,688533,上声电子,ssdz,20.69,-0.72,1.91,28.64,72.24,0,78.76,207.9,280206,汽车,shkc,C,2023-08-01,[],0,0,buy,A+,,20.048,37.232,13.7,buy,2029-07-06,2.844,4.679,628.73,2383.24,1.04,-4.18,,0,14:59:06,00,Y,N,2,1,Y,转股价下修2次，成功下修1次,2024-01-12 开始转股,计算使用2.9年期 评级为A+ 债参考YTM：4.5396,N,5.2,全价：129.137 最后更新：14:59:06,,,,0,{'M': ''},0,0,N,,,buy,buy
2026-09-02 12:13:48,118072,鼎通转债,dtzz,186.447,-0.26,688668,鼎通科技,dtkj,255.85,2.2,15.77,246.0,104.0,119,79.27,265.72,730204,通信,shkc,C,2026-07-17,[],0,0,buy,A+,,172.2,319.8,2.6,buy,2032-06-23,5.811,9.3,32146.51,108134.25,18.5,-7.68,,0,14:59:59,00,Y,N,1,1,Y,转股价下修1次，成功下修1次,未到转股期；2026-12-30 开始转股,计算使用5.9年期 评级为A+ 债参考YTM：5.3573,N,9.3,全价：186.447 最后更新：14:59:59,,,,0,{'M': ''},0,0,N,,,buy,buy
2026-09-02 12:13:48,113703,翔26转债,x26zz,138.077,0.5,603112,华翔股份,hxgf,16.89,3.43,1.99,21.94,76.98,103,79.36,217.44,330601,家用电器,shmb,C,2026-07-07,[],0,0,buy,AA-,,15.358,28.522,14.4,buy,2032-06-07,5.767,13.01,10884.08,35842.51,6.04,-3.05,,0,14:59:55,00,Y,N,0,0,Y,,未到转股期；2026-12-14 开始转股,计算使用5.8年期 评级为AA- 债参考YTM：2.9410,N,13.01,全价：138.077 最后更新：14:59:55,,,,0,[],0,0,N,,,buy,buy
2026-09-02 12:13:48,118024,冠宇转债,gyzz,125.179,-0.16,688772,珠海冠宇,zhgy,15.71,1.03,2.49,22.51,69.79,0,79.36,204.54,630701,电力设备,shkc,C,2022-11-17,[],0,0,buy,AA,,15.757,27.012,17.3,buy,2028-10-24,2.145,30.889,5337.33,41989.15,1.38,-3.84,,0,14:59:58,00,Y,N,0,0,Y,,2023-04-28 开始转股,计算使用2.2年期 评级为AA 债参考YTM：1.6936,N,30.89,全价：125.179 最后更新：14:59:58,,,,0,{'M': ''},0,0,N,120%,,buy,buy
2026-09-02 12:13:48,123193,海能转债,hnzz,127.5,-0.5,300787,海能实业,hnsy,10.29,-0.19,2.09,14.5,70.97,0,79.66,207.16,270504,电子,szcy,C,2023-05-09,[],0,0,buy,AA-,,10.15,18.85,29.7,buy,2029-04-13,2.614,5.997,1954.36,4589.15,2.55,-2.81,,0,15:33:54,00,Y,N,0,0,Y,,2023-10-19 开始转股,计算使用2.7年期 评级为AA- 债参考YTM：2.1413,N,6.0,全价：127.500 最后更新：15:33:54,,,,0,[],0,0,N,,,buy,buy
2026-09-02 12:13:48,111025,圣泉转债,sqzz,165.105,-0.37,605589,圣泉集团,sqjt,38.93,0.7,3.05,42.38,91.86,121,79.74,244.85,220504,基础化工,shmb,C,2026-07-21,[],0,0,buy,AA+,,29.666,55.094,7.6,buy,2032-06-24,5.814,25.0,14317.84,90835.82,3.46,-6.59,,0,14:59:52,00,Y,N,1,1,Y,转股价下修1次，成功下修1次,未到转股期；2027-01-01 开始转股,计算使用5.9年期 评级为AA+ 债参考YTM：1.9122,N,25.0,全价：165.105 最后更新：14:59:52,,,,0,{'M': ''},0,0,N,,,buy,buy
2026-09-02 12:13:48,123165,回天转债,htzz,135.177,0.36,300041,回天新材,htxc,11.29,3.39,1.99,15.05,75.02,0,80.2,215.38,220316,基础化工,szcy,C,2022-11-15,[],0,0,buy,AA-,,10.535,19.565,13.8,buy,2028-10-27,2.153,8.496,5393.46,40994.68,4.69,-6.05,,0,15:33:54,00,Y,N,1,0,Y,转股价下修1次，成功下修0次,2023-05-04 开始转股,计算使用2.2年期 评级为AA- 债参考YTM：2.0229,Y,8.5,全价：135.177 最后更新：15:33:54,,,"按下调到底估算
股东大会：2026-09-11
预估转股价：11.25
预估转股价值：100.36
期权价值：30.06
理论价值：143.66
理论偏离度：-6.28%",0,{'M': ''},0,0,N,,,buy,buy
2026-09-02 12:13:48,118052,浩瀚转债,hhzz,139.376,0.14,688292,浩瀚深度,hhsd,18.67,2.7,2.99,24.2,77.15,0,80.66,220.04,710103,计算机,shkc,C,2025-04-07,[],0,0,buy,A+,,16.94,31.46,12.0,buy,2031-03-13,4.529,3.539,2250.39,8226.81,4.58,-3.36,,0,14:59:34,00,Y,N,0,0,Y,,2025-09-19 开始转股,计算使用4.6年期 评级为A+ 债参考YTM：4.7226,N,3.54,全价：139.376 最后更新：14:59:34,,,,0,{'M': ''},0,0,N,,,buy,buy
2026-09-02 12:13:48,113627,太平转债,tpzz,114.036,-0.08,603877,太平鸟,tpn,12.98,0.62,1.37,20.61,62.98,0,81.07,195.11,350209,纺织服饰,shmb,C,2021-08-06,[],0,0,buy,AA,,14.427,26.793,13.1,buy,2027-07-15,0.866,7.996,1179.5,2130.41,1.29,-4.1,,0,14:58:57,00,Y,N,1,1,N,"转股价下修1次，成功下修1次
2026-09-02 至 2026-09-08 期间暂停转股：回售
转股价20.610生效日期2026-07-30",2022-01-21 开始转股;2026-09-02 至 2026-09-08 期间暂停转股：回售,计算使用0.9年期 评级为AA 债参考YTM：1.5682,N,8.0,全价：114.036 最后更新：14:58:57,,,,0,{'M': ''},0,0,Y,,,buy,buy
2026-09-02 12:13:48,123215,铭利转债,mlzz,123.18,-0.23,301268,铭利达,mld,13.01,-1.44,3.51,19.19,67.8,0,81.69,204.87,640108,机械设备,szcy,C,2023-08-23,[],0,0,buy,A+,,13.433,24.947,18.1,buy,2029-08-03,2.921,8.555,1392.06,3621.88,1.32,-0.48,,0,15:34:12,00,Y,N,1,1,Y,转股价下修1次，成功下修1次,2024-02-19 开始转股,计算使用3.0年期 评级为A+ 债参考YTM：4.5641,N,10.0,全价：123.180 最后更新：15:34:12,,,,0,{'M': ''},0,0,N,,,buy,buy
2026-09-02 12:13:48,123168,惠云转债,hyzz,128.249,-0.25,300891,惠云钛业,hyty,7.56,-0.66,2.34,10.74,70.39,0,82.2,210.45,220206,基础化工,szcy,C,2022-12-14,[],0,0,buy,AA-,,7.518,13.962,19.4,buy,2028-11-23,2.227,4.899,1837.77,4105.18,2.93,-3.48,,0,15:34:42,00,Y,N,0,0,Y,,2023-05-29 开始转股,计算使用2.3年期 评级为AA- 债参考YTM：2.0443,N,4.9,全价：128.249 最后更新：15:34:42,,,,0,{'M': ''},0,0,N,,,buy,buy
2026-09-02 12:13:48,127038,国微转债,gwzz,117.603,0.77,002049,紫光国微,zggw,62.6,-1.18,3.68,97.01,64.53,0,82.25,199.85,270104,电子,szmb,C,2021-07-14,[],0,0,buy,AA+,,67.907,126.113,2.8,buy,2027-06-10,0.77,14.915,7274.87,54551.52,4.15,-8.43,,0,15:34:36,00,Y,N,0,0,Y,,2021-12-17 开始转股,计算使用0.8年期 评级为AA+ 债参考YTM：1.5325,N,15.0,全价：117.603 最后更新：15:34:36,,,,1,{'M': ''},0,0,N,,,buy,buy
2026-09-02 12:13:48,123276,久吾转02,jwz02,168.3,-0.5,300631,久吾高科,jwgk,21.85,0.69,2.0,23.78,91.88,145,83.17,251.47,760201,环保,szcy,C,2026-08-04,[],0,0,buy,A+,,16.646,30.914,11.3,buy,2032-07-19,5.882,3.0,17929.26,3945.94,35.2,-5.81,,0,15:34:30,00,Y,N,0,0,Y,,未到转股期；2027-01-25 开始转股,计算使用5.9年期 评级为A+ 债参考YTM：5.3573,N,3.0,全价：168.300 最后更新：15:34:30,,,,0,[],0,0,N,,,buy,buy
2026-09-02 12:13:48,113647,禾丰转债,hfzz,118.445,-0.04,603609,禾丰股份,hfgf,6.49,-0.92,0.89,10.09,64.32,0,84.15,202.6,110402,农林牧渔,shmb,C,2022-05-18,[],0,0,buy,AA,,7.063,13.117,25.0,buy,2028-04-22,1.638,14.669,2003.01,2182.98,1.15,-2.44,,0,14:59:44,00,Y,N,0,0,Y,,2022-10-28 开始转股,计算使用1.7年期 评级为AA 债参考YTM：1.6417,N,15.0,全价：118.445 最后更新：14:59:44,,,,0,{'M': ''},0,0,N,,,buy,buy
2026-09-02 12:13:48,123279,天脉转债,tmzz,174.9,-3.19,301626,苏州天脉,sztm,253.66,1.18,18.25,267.33,94.89,159,84.33,259.23,270504,电子,szcy,C,2026-08-18,[],0,0,buy,AA,,187.131,347.529,5.9,buy,2032-08-02,5.921,7.86,19902.11,42488.84,14.13,-7.11,,0,15:34:27,00,Y,N,0,0,Y,,未到转股期；2027-02-08 开始转股,计算使用6.0年期 评级为AA 债参考YTM：2.0955,N,7.86,全价：174.900 最后更新：15:34:27,,,,0,{'M': ''},0,0,N,,,buy,buy
2026-09-02 12:13:48,123282,震裕转02,zyz02,157.3,57.3,300953,震裕科技,zykj,88.6,-1.87,4.41,104.85,84.5,173,86.15,243.45,630701,电力设备,szcy,C,2026-09-02,[],0,0,buy,AA-,,73.395,136.305,12.1,buy,2032-08-16,5.959,18.8,39513.71,30189.5,13.76,-5.36,,0,15:34:12,00,Y,N,0,0,Y,,未到转股期；2027-02-22 开始转股,计算使用6.0年期 评级为AA- 债参考YTM：3.0555,N,18.8,全价：157.300 最后更新：15:34:12,,,,0,{'M': ''},1,0,N,,,buy,buy
2026-09-02 12:13:48,118034,晶能转债,jnzz,118.8,-0.03,688223,晶科能源,jkny,4.05,-2.17,1.72,6.35,63.78,0,86.27,205.07,630502,电力设备,shkc,C,2023-05-19,[],0,0,buy,AA+,,4.445,7.62,20.0,buy,2029-04-20,2.633,83.22,8267.32,23961.39,0.84,-2.49,,0,14:59:58,00,Y,N,2,1,Y,转股价下修2次，成功下修1次,2023-10-26 开始转股,计算使用2.7年期 评级为AA+ 债参考YTM：1.6835,Y,100.0,全价：118.800 最后更新：14:59:58,,,"按下调到底估算
股东大会：2026-09-03
预估转股价：4.36
预估转股价值：92.89
期权价值：32.45
理论价值：139.05
理论偏离度：-17.05%",0,{'M': ''},0,0,N,120%,,buy,buy
2026-09-02 12:13:48,123259,锦浪转02,jlz02,149.35,-1.27,300763,锦浪科技,jlkj,57.88,-2.77,2.44,72.41,79.93,0,86.84,236.19,630503,电力设备,szcy,C,2025-11-06,[],0,0,buy,AA,,50.687,94.133,9.0,buy,2031-10-17,5.126,16.763,2683.48,39887.18,1.07,-5.14,,0,15:34:18,00,Y,N,1,1,Y,转股价下修1次，成功下修1次,2026-04-23 开始转股,计算使用5.2年期 评级为AA 债参考YTM：1.8830,N,16.766,全价：149.350 最后更新：15:34:18,,,,0,"{'G': '本次（2026年4月23日至2026年5月20日）不提前赎回，以2027年5月21日为首个交易日重新计算', 'M': ''}",0,0,N,,,buy,buy
2026-09-02 12:13:48,113634,珀莱转债,plzz,125.076,0.23,603605,珀莱雅,bly,62.8,0.29,3.71,94.27,66.62,0,87.75,212.83,770202,美容护理,shmb,C,2022-01-04,[],0,0,buy,AA,,65.989,122.551,3.0,buy,2027-12-08,1.266,7.507,2363.63,38370.26,2.52,-5.34,,0,14:59:42,00,Y,N,0,0,Y,,2022-06-14 开始转股,计算使用1.3年期 评级为AA 债参考YTM：1.5950,N,7.517,全价：125.076 最后更新：14:59:42,,,,0,{'M': ''},0,0,Y,,,buy,buy
2026-09-02 12:13:48,118074,特宝转债,tbzz,176.351,-0.76,688278,特宝生物,tbsw,54.92,-3.28,7.22,58.56,93.78,154,88.04,264.39,370304,医药生物,shkc,C,2026-08-13,[],0,0,buy,AA+,,40.992,76.128,6.8,buy,2032-07-27,5.904,15.33,12877.75,20044.71,4.72,-7.54,,0,15:00:00,00,Y,N,0,0,Y,,未到转股期；2027-02-03 开始转股,计算使用6.0年期 评级为AA+ 债参考YTM：1.9255,N,15.33,全价：176.351 最后更新：15:00:00,,,,0,{'M': ''},0,0,N,,,buy,buy
2026-09-02 12:13:48,123266,博士转债,bszz,141.51,-0.76,300622,博士眼镜,bsyj,16.08,0.0,5.53,21.54,74.65,22,89.56,231.07,450401,商贸零售,szcy,C,2026-04-07,[],0,0,buy,AA,,15.078,28.002,10.6,buy,2032-03-17,5.543,3.75,3853.83,31208.19,7.21,-3.64,,0,15:34:21,00,Y,N,0,0,Y,,未到转股期；2026-09-24 开始转股,计算使用5.6年期 评级为AA 债参考YTM：1.9853,N,3.75,全价：141.510 最后更新：15:34:21,,,,0,[],0,0,N,,,buy,buy
2026-09-02 12:13:48,123262,神宇转债,syzz,133.194,0.12,300563,神宇股份,sygf,26.91,3.02,4.22,38.62,69.68,0,91.15,224.34,730205,通信,szcy,C,2025-12-30,[],0,0,buy,AA-,,27.034,50.206,14.2,buy,2031-12-11,5.277,4.999,3516.26,24550.98,5.27,-2.99,,0,15:34:12,00,Y,N,0,0,Y,,2026-06-17 开始转股,计算使用5.3年期 评级为AA- 债参考YTM：2.5209,N,5.0,全价：133.194 最后更新：15:34:12,,,,0,{'M': ''},0,0,N,,,buy,buy
2026-09-02 12:13:48,113708,曙26转债,s26zz,149.808,-1.44,603019,中科曙光,zksg,85.29,-1.59,5.41,108.89,78.33,141,91.26,241.07,710103,计算机,shmb,C,2026-08-06,[],0,0,buy,AAA,,76.223,141.557,6.4,buy,2032-07-14,5.869,80.0,21703.49,198358.26,1.8,-5.43,,0,14:59:57,00,Y,N,0,0,Y,,未到转股期；2027-01-21 开始转股,计算使用5.9年期 评级为AAA 债参考YTM：1.7909,N,80.0,全价：149.808 最后更新：14:59:57,,,,0,{'M': ''},0,0,N,,,buy,buy
2026-09-02 12:13:48,113656,嘉诚转债,jczz,119.797,-0.09,603535,嘉诚国际,jcgj,6.42,-0.31,1.27,10.33,62.15,0,92.76,212.56,420805,交通运输,shmb,C,2022-10-12,[],0,0,buy,A+,,7.231,13.429,24.4,buy,2028-09-01,2.0,7.998,1795.97,2438.82,1.88,-1.19,,0,14:59:20,00,Y,N,0,0,Y,,2023-03-07 开始转股,计算使用2.0年期 评级为A+ 债参考YTM：4.3268,N,8.0,全价：119.797 最后更新：14:59:20,,,,1,[],0,0,N,,,buy,buy
2026-09-02 12:13:48,113648,巨星转债,jxzz,117.258,-0.85,603477,巨星农牧,jxnm,15.1,-2.08,2.91,24.84,60.79,0,92.89,210.15,110702,农林牧渔,shmb,C,2022-05-17,[],0,0,buy,AA-,,17.388,32.292,11.7,buy,2028-04-25,1.647,8.997,1498.96,15124.62,1.42,-2.65,,0,14:59:44,00,Y,N,0,0,Y,,2022-10-31 开始转股,计算使用1.7年期 评级为AA- 债参考YTM：1.9411,N,10.0,全价：117.258 最后更新：14:59:44,,,,0,{'M': ''},0,0,N,,,buy,buy
2026-09-02 12:13:48,113671,武进转债,wjzz,128.55,0.04,603878,武进不锈,wjbx,5.24,0.96,1.15,7.88,66.5,0,93.32,221.87,230403,钢铁,shmb,C,2023-08-03,[],0,0,buy,AA,,5.516,10.244,10.5,buy,2029-07-10,2.855,3.093,1520.43,6547.53,3.83,-4.39,,0,14:59:52,00,Y,N,0,0,Y,,2024-01-15 开始转股,计算使用2.9年期 评级为AA 债参考YTM：1.7199,N,3.1,全价：128.550 最后更新：14:59:52,,,,0,[],0,0,N,,,buy,buy
2026-09-02 12:13:48,118071,华峰转债,hfzz,221.241,-1.74,688200,华峰测控,hfck,381.45,-1.89,10.45,335.79,113.6,118,94.76,316.0,270108,电子,shkc,C,2026-07-17,[],0,0,buy,AA,,235.053,436.527,1.0,buy,2032-06-22,5.808,7.49,24776.71,101221.52,14.91,-10.95,,0,14:59:58,00,Y,N,0,0,Y,,未到转股期；2026-12-29 开始转股,计算使用5.9年期 评级为AA 债参考YTM：2.0717,N,7.49,全价：221.241 最后更新：14:59:58,,,,0,{'M': ''},0,0,N,,,buy,buy
2026-09-02 12:13:48,123264,双乐转债,slzz,123.979,-0.17,301036,双乐股份,slgf,23.11,0.22,1.38,36.4,63.49,0,95.28,219.26,220305,基础化工,szcy,C,2026-01-16,[],0,0,buy,AA-,,25.48,47.32,49.7,buy,2031-12-26,5.318,8.0,2648.54,1952.59,2.67,-1.64,,0,15:34:03,00,Y,N,0,0,Y,,2026-07-06 开始转股,计算使用5.4年期 评级为AA- 债参考YTM：2.5989,N,8.0,全价：123.979 最后更新：15:34:03,,,,0,{'M': ''},0,0,N,,,buy,buy
2026-09-02 12:13:48,123196,正元转02,zyz02,127.211,-1.23,300645,正元智慧,zyzh,14.19,-0.14,1.82,21.91,64.77,0,96.42,223.63,710103,计算机,szcy,C,2023-05-19,[],0,0,buy,A+,,15.337,28.483,17.7,buy,2029-04-18,2.627,3.501,2042.91,5495.27,4.57,-2.77,,0,15:34:51,00,Y,N,2,1,Y,转股价下修2次，成功下修1次,2023-10-24 开始转股,计算使用2.7年期 评级为A+ 债参考YTM：4.4877,N,3.507,全价：127.211 最后更新：15:34:51,,,,0,[],0,0,N,,,buy,buy
2026-09-02 12:13:48,127068,顺博转债,sbzz,123.801,-0.15,002996,顺博合金,sbhj,6.28,-1.41,1.23,10.0,62.8,0,97.14,220.94,240301,有色金属,szmb,C,2022-09-07,[],0,0,buy,AA-,,7.0,13.0,28.8,buy,2028-08-12,1.945,8.3,1414.36,6092.29,1.38,-5.96,,0,15:34:18,00,Y,N,2,2,Y,转股价下修2次，成功下修2次,2023-02-20 开始转股,计算使用2.0年期 评级为AA- 债参考YTM：1.9868,N,8.3,全价：123.801 最后更新：15:34:18,,,,1,[],0,0,N,,,buy,buy
2026-09-02 12:13:48,113707,科博转债,kbzz,170.853,-2.19,603786,科博达,kbd,39.4,-2.11,2.8,45.56,86.48,131,97.57,268.42,280206,汽车,shmb,C,2026-07-31,[],0,0,buy,AA+,,31.892,59.228,9.4,buy,2032-07-02,5.836,14.91,19838.9,9780.7,7.76,-7.13,,0,14:59:57,00,Y,N,0,0,Y,,未到转股期；2027-01-11 开始转股,计算使用5.9年期 评级为AA+ 债参考YTM：1.9122,N,14.91,全价：170.853 最后更新：14:59:57,,,,0,{'M': ''},0,0,N,,,buy,buy
2026-09-02 12:13:48,123275,肇民转债,zmzz,141.3,-0.61,301000,肇民科技,zmkj,24.12,-0.37,4.52,33.8,71.36,135,98.01,239.31,280205,汽车,szcy,C,2026-07-24,[],0,0,buy,AA-,,23.66,43.94,10.7,buy,2032-07-08,5.852,5.9,1960.18,4791.16,2.35,-3.69,,0,15:34:27,00,Y,N,0,0,Y,,未到转股期；2027-01-15 开始转股,计算使用5.9年期 评级为AA- 债参考YTM：3.0074,N,5.9,全价：141.300 最后更新：15:34:27,,,,0,{'M': ''},0,0,N,,,buy,buy
2026-09-02 12:13:48,113701,祥和转债,xhzz,143.567,-1.98,603500,祥和实业,xhsy,9.67,-1.23,3.02,13.37,72.33,7,98.5,242.07,640501,机械设备,shmb,C,2026-03-26,[],0,0,buy,A+,,9.359,17.381,12.4,buy,2032-03-02,5.501,4.0,2826.75,6317.58,4.89,-3.42,,0,14:59:58,00,Y,N,0,0,Y,,未到转股期；2026-09-09 开始转股,计算使用5.6年期 评级为A+ 债参考YTM：5.1236,N,4.0,全价：143.567 最后更新：14:59:58,,,,0,[],0,0,N,,,buy,buy
2026-09-02 12:13:48,118070,南芯转债,nxzz,158.637,-0.78,688484,南芯科技,nxkj,34.87,-3.54,3.72,43.71,79.78,114,98.85,257.49,270105,电子,shkc,C,2026-07-10,[],0,0,buy,AA+,,30.597,56.823,10.6,buy,2032-06-17,5.795,15.869,6765.07,27909.36,2.69,-5.83,,0,14:59:55,00,Y,N,0,0,Y,,未到转股期；2026-12-25 开始转股,计算使用5.8年期 评级为AA+ 债参考YTM：1.8975,N,15.869,全价：158.637 最后更新：14:59:55,,,,0,{'M': ''},0,0,N,,,buy,buy
2026-09-02 12:13:48,123138,丝路转债,slzz,127.448,-0.28,300556,丝路视觉,slsj,16.99,0.18,4.98,26.53,64.04,0,99.01,226.46,710401,计算机,szcy,C,2022-03-22,[],0,0,buy,A-,,18.571,34.489,13.0,buy,2028-03-02,1.499,2.393,1180.57,9029.35,3.86,-5.36,,0,15:34:33,00,Y,N,0,0,Y,,2022-09-08 开始转股,计算使用1.5年期 评级为A- 债参考YTM：8.9459,N,2.4,全价：127.448 最后更新：15:34:33,,,,0,[],0,0,N,,,buy,buy
2026-09-02 12:13:48,113625,江山转债,jszz,116.798,0.07,603208,江山欧派,jsop,11.64,-1.61,2.07,19.84,58.67,0,99.08,215.88,360308,轻工制造,shmb,C,2021-07-01,[],0,0,buy,A,,13.888,25.792,28.5,buy,2027-06-11,0.773,5.825,2062.69,1268.75,3.03,1.34,,0,14:58:43,00,Y,N,1,1,Y,转股价下修1次，成功下修1次,2021-12-20 开始转股,计算使用0.8年期 评级为A 债参考YTM：6.4978,N,5.83,全价：116.798 最后更新：14:58:43,,,,0,[],0,0,Y,,,buy,buy
2026-09-02 12:13:48,123192,科思转债,kszz,124.198,-0.32,300856,科思股份,ksgf,10.78,-0.83,1.87,17.32,62.24,0,99.55,223.75,770201,美容护理,szcy,C,2023-05-11,[],0,0,buy,AA-,,12.124,22.516,14.5,buy,2029-04-13,2.614,7.187,2129.13,6028.36,2.39,-1.81,,0,15:34:42,00,Y,N,0,0,Y,,2023-10-19 开始转股,计算使用2.7年期 评级为AA- 债参考YTM：2.1413,N,7.249,全价：124.198 最后更新：15:34:42,,,,0,{'M': ''},0,0,N,,,buy,buy
2026-09-02 12:13:48,113655,欧22转债,o22zz,120.421,-0.49,603833,欧派家居,opjj,30.95,-3.85,1.02,51.29,60.34,0,99.56,219.98,360308,轻工制造,shmb,C,2022-09-01,[],0,0,buy,AA,,35.903,66.677,10.7,buy,2028-08-05,1.926,19.999,2551.83,14102.22,1.06,-2.92,,0,14:58:30,00,Y,N,1,1,Y,转股价下修1次，成功下修1次,2023-02-13 开始转股,计算使用2.0年期 评级为AA 债参考YTM：1.6768,N,20.0,全价：120.421 最后更新：14:58:30,,,,0,{'M': ''},0,0,N,,,buy,buy
2026-09-02 12:13:48,113679,芯能转债,xnzz,124.178,-0.44,603105,芯能科技,xnkj,7.76,-1.52,1.76,12.55,61.83,0,100.83,225.01,410106,公用事业,shmb,C,2023-11-24,[],0,0,buy,AA-,,8.785,16.315,22.7,buy,2029-10-26,3.151,8.799,1555.2,11300.96,1.42,-1.24,,0,14:59:44,00,Y,N,0,0,Y,,2024-05-06 开始转股,计算使用3.2年期 评级为AA- 债参考YTM：2.2510,N,8.8,全价：124.178 最后更新：14:59:44,,,,0,{'M': ''},0,0,N,,,buy,buy
2026-09-02 12:13:48,118069,爱科转债,akzz,164.027,-0.32,688092,爱科科技,akkj,23.23,1.44,2.88,28.53,81.42,106,101.45,265.48,640209,机械设备,shkc,C,2026-07-09,[],0,0,buy,AA-,,19.971,37.089,13.9,buy,2032-06-10,5.775,2.67,3262.61,2240.15,7.49,-5.68,,0,14:59:58,00,Y,N,0,0,Y,,未到转股期；2026-12-17 开始转股,计算使用5.8年期 评级为AA- 债参考YTM：2.9410,N,2.67,全价：164.027 最后更新：14:59:58,,,,0,{'M': ''},0,0,N,,,buy,buy
2026-09-02 12:13:48,123274,维科转债,wkzz,143.79,-0.48,301499,维科精密,wkjm,25.36,-0.35,2.69,35.62,71.2,124,101.96,245.75,280206,汽车,szcy,C,2026-07-10,[],0,0,buy,A+,,24.934,46.306,18.0,buy,2032-06-25,5.816,6.3,1538.76,2251.42,1.7,-3.4,,0,15:34:24,00,Y,N,0,0,Y,,未到转股期；2027-01-04 开始转股,计算使用5.9年期 评级为A+ 债参考YTM：5.3573,N,6.3,全价：143.790 最后更新：15:34:24,,,,0,{'M': ''},0,0,N,,,buy,buy
2026-09-02 12:13:48,123113,仙乐转债,xlzz,115.006,0.04,300791,仙乐健康,xljk,18.01,0.9,1.82,31.69,56.83,0,102.36,217.37,340407,食品饮料,szcy,C,2021-05-14,[],0,0,buy,AA-,,22.183,41.197,22.1,buy,2027-04-19,0.627,10.248,1775.56,3333.69,1.51,-2.78,,0,15:34:39,00,Y,N,0,0,Y,,2021-10-25 开始转股,计算使用0.7年期 评级为AA- 债参考YTM：1.7883,N,10.249,全价：115.006 最后更新：15:34:39,,,,0,[],0,0,N,,,buy,buy
2026-09-02 12:13:48,118063,金05转债,j05zz,146.626,-0.72,688676,金盘科技,jpkj,63.95,-0.79,5.55,88.6,72.18,0,103.14,249.77,630801,电力设备,shkc,C,2026-01-14,[],0,0,buy,AA+,,62.02,115.18,5.7,buy,2031-12-25,5.315,16.707,3499.3,46543.39,1.42,-5.08,,0,14:59:53,00,Y,N,0,0,Y,,2026-07-01 开始转股,计算使用5.4年期 评级为AA+ 债参考YTM：1.8367,N,16.71,全价：146.626 最后更新：14:59:53,,,,0,{'M': ''},0,0,N,,,buy,buy
2026-09-02 12:13:48,113702,斯达转债,sdzz,167.551,-1.28,603290,斯达半导,sdbd,86.16,-2.64,2.99,104.79,82.22,50,103.78,271.33,270102,电子,shmb,C,2026-05-11,[],0,0,buy,AA+,,73.353,136.227,7.3,buy,2032-04-15,5.622,15.0,9305.61,43934.5,3.7,-7.06,,0,15:00:00,00,Y,N,0,0,Y,,未到转股期；2026-10-22 开始转股,计算使用5.7年期 评级为AA+ 债参考YTM：1.8820,N,15.0,全价：167.551 最后更新：15:00:00,,,,0,{'M': ''},0,0,N,,,buy,buy
2026-09-02 12:13:48,118073,赛斯转债,sszz,166.862,-2.02,688480,赛恩斯,ses,72.02,-1.42,5.59,88.16,81.69,145,104.26,271.12,760104,环保,shkc,C,2026-08-12,[],0,0,buy,AA,,61.712,114.608,8.0,buy,2032-07-16,5.874,5.519,4467.14,8072.99,4.83,-6.41,,0,14:59:57,00,Y,N,0,0,Y,,未到转股期；2027-01-25 开始转股,计算使用5.9年期 评级为AA 债参考YTM：2.0717,N,5.519,全价：166.862 最后更新：14:59:57,,,,0,{'M': ''},0,0,N,,,buy,buy
2026-09-02 12:13:48,127085,韵达转债,ydzz,121.512,-0.24,002120,韵达股份,ydgf,6.82,-1.3,0.92,11.53,59.15,0,105.43,226.94,420804,交通运输,szmb,C,2023-05-23,[],0,0,buy,AA+,,8.071,14.989,12.8,buy,2029-04-11,2.608,24.499,1580.65,21120.24,0.53,-3.37,,0,15:34:48,00,Y,N,0,0,Y,,2023-10-17 开始转股,计算使用2.7年期 评级为AA+ 债参考YTM：1.6835,N,24.5,全价：121.512 最后更新：15:34:48,,,,0,{'M': ''},0,0,N,,,buy,buy
2026-09-02 12:13:48,113709,振26转债,z26zz,166.591,-4.8,603067,振华股份,zhgf,32.7,-3.77,5.71,40.33,81.08,156,105.46,272.05,220203,基础化工,shmb,C,2026-08-17,[],0,0,buy,AA,,28.231,52.429,3.6,buy,2032-07-29,5.91,8.78,19642.52,64608.76,13.01,-6.35,,0,14:59:59,00,Y,N,0,0,Y,,未到转股期；2027-02-05 开始转股,计算使用6.0年期 评级为AA 债参考YTM：2.0955,N,8.78,全价：166.591 最后更新：14:59:59,,,,0,{'M': ''},0,0,N,,,buy,buy
2026-09-02 12:13:48,113666,爱玛转债,amzz,120.744,-1.3,603529,爱玛科技,amkj,21.76,-1.27,1.86,37.06,58.72,0,105.64,226.38,280401,汽车,shmb,C,2023-03-20,[],0,0,buy,AA,,25.942,48.178,10.8,buy,2029-02-23,2.48,19.994,8104.97,7057.23,3.35,-2.58,,0,14:59:00,00,Y,N,0,0,Y,,2023-09-01 开始转股,计算使用2.5年期 评级为AA 债参考YTM：1.7076,N,20.0,全价：120.744 最后更新：14:59:00,,,,0,{'M': ''},0,0,N,,,buy,buy
2026-09-02 12:13:48,123109,昌红转债,chzz,122.9,0.0,300151,昌红科技,chkj,15.92,-1.3,5.27,26.64,59.76,0,105.66,228.56,640209,机械设备,szcy,C,2021-04-19,[],0,0,buy,AA-,,18.648,34.632,7.8,buy,2027-04-01,0.578,4.595,936.28,11932.49,1.66,-11.17,,0,15:34:27,00,Y,N,0,0,Y,,2021-10-08 开始转股,计算使用0.6年期 评级为AA- 债参考YTM：1.7847,N,4.6,全价：122.900 最后更新：15:34:27,,,,0,{'M': ''},0,0,Y,,,buy,buy
2026-09-02 12:13:48,118067,上26转债,s26zz,131.946,-0.53,688533,上声电子,ssdz,20.69,-0.72,1.91,32.25,64.16,22,105.67,237.62,280206,汽车,shkc,C,2026-04-14,[],0,0,buy,A+,,22.575,41.925,9.5,buy,2032-03-17,5.543,3.25,638.45,2383.24,1.49,-2.04,,0,14:59:28,00,Y,N,0,0,Y,,未到转股期；2026-09-24 开始转股,计算使用5.6年期 评级为A+ 债参考YTM：5.1236,N,3.25,全价：131.946 最后更新：14:59:28,,,,0,{'M': ''},0,0,N,,,buy,buy
2026-09-02 12:13:48,127044,蒙娜转债,mnzz,116.87,-0.32,002918,蒙娜丽莎,mnls,11.22,-4.18,1.39,19.76,56.78,0,105.82,222.69,360306,轻工制造,szmb,C,2021-09-16,[],0,0,buy,AA-,,13.832,25.688,14.0,buy,2027-08-16,0.953,3.368,4775.21,31985.45,12.14,-4.37,,0,15:34:24,00,Y,N,1,1,Y,转股价下修1次，成功下修1次,2022-02-21 开始转股,计算使用1.0年期 评级为AA- 债参考YTM：1.8322,N,11.689,全价：116.870 最后更新：15:34:24,,,,1,[],0,0,N,,,buy,buy
2026-09-02 12:13:48,123260,卓镁转债,zmzz,142.089,-0.95,301398,星源卓镁,xyzm,35.69,0.9,3.82,52.15,68.44,0,107.62,249.71,280202,汽车,szcy,C,2025-11-24,[],0,0,buy,A+,,36.505,67.795,11.5,buy,2031-11-07,5.184,4.499,1878.56,8207.9,2.92,-3.43,,0,15:34:21,00,Y,N,0,0,Y,,2026-05-13 开始转股,计算使用5.2年期 评级为A+ 债参考YTM：4.8054,N,4.5,全价：142.089 最后更新：15:34:21,,,,0,{'M': ''},0,0,N,,,buy,buy
2026-09-02 12:13:48,111009,盛泰转债,stzz,123.241,-0.71,605138,盛泰集团,stjt,6.13,-3.92,1.36,10.51,58.33,0,111.3,234.54,350209,纺织服饰,shmb,C,2022-12-01,[],0,0,buy,AA,,7.357,13.663,20.6,buy,2028-11-07,2.184,7.011,2277.16,7354.87,2.63,-3.85,,0,14:59:52,00,Y,N,0,0,Y,,2023-05-11 开始转股,计算使用2.2年期 评级为AA 债参考YTM：1.6936,N,7.012,全价：123.241 最后更新：14:59:52,,,,0,[],0,0,N,,,buy,buy
2026-09-02 12:13:48,113638,台21转债,t21zz,126.267,0.63,603055,台华新材,thxc,9.56,-1.34,1.53,16.01,59.71,0,111.46,237.73,350106,纺织服饰,shmb,C,2022-01-21,[],0,0,buy,AA,,11.207,20.813,7.1,buy,2027-12-29,1.323,5.997,3402.06,10104.22,4.51,-7.66,,0,14:59:04,00,Y,N,0,0,Y,,2022-07-05 开始转股,计算使用1.4年期 评级为AA 债参考YTM：1.6056,N,6.0,全价：126.267 最后更新：14:59:04,,,,0,{'M': ''},0,0,N,,,buy,buy
2026-09-02 12:13:48,113693,志邦转债,zbzz,121.795,-0.75,603801,志邦家居,zbjj,6.41,-1.08,0.94,11.13,57.59,0,111.48,233.28,360308,轻工制造,shmb,C,2025-04-08,[],0,0,buy,AA,,7.791,14.469,24.1,buy,2031-03-18,4.543,6.7,2985.06,14151.09,3.66,-1.41,,0,14:59:09,00,Y,N,0,0,Y,,2025-09-24 开始转股,计算使用4.6年期 评级为AA 债参考YTM：1.8506,N,6.7,全价：121.795 最后更新：14:59:09,,,,0,[],0,0,N,,,buy,buy
2026-09-02 12:13:48,113700,海天转债,htzz,130.9,-0.32,603759,海天股份,htgf,7.65,0.26,1.21,12.41,61.64,0,112.35,243.25,760102,环保,shmb,C,2026-03-12,[],0,0,buy,AA,,8.687,16.133,22.7,buy,2032-02-05,5.43,8.01,751.8,2990.43,0.72,-2.62,,0,14:59:40,00,Y,N,0,0,Y,,2026-08-11 开始转股,计算使用5.5年期 评级为AA 债参考YTM：1.9558,N,8.01,全价：130.900 最后更新：14:59:40,,,,0,[],0,0,N,,,buy,buy
2026-09-02 12:13:48,113616,韦尔转债,wezz,109.47,-0.03,603501,豪威集团,hwjt,80.61,-2.7,3.1,159.02,50.69,0,115.95,225.42,270104,电子,shmb,C,2021-01-22,[],0,0,buy,AA+,,111.314,206.726,2.5,buy,2026-12-28,0.321,24.324,4981.76,106592.4,1.87,1.51,,0,14:59:57,00,Y,N,0,0,Y,,2021-07-05 开始转股,计算使用0.4年期 评级为AA+ 债参考YTM：1.5159,N,24.4,全价：109.470 最后更新：14:59:57,,,,0,{'M': ''},0,0,N,,,buy,buy
2026-09-02 12:13:48,118066,统联转债,tlzz,132.596,-0.57,688210,统联精密,tljm,34.27,0.65,4.39,56.2,60.98,5,117.45,250.05,270504,电子,shkc,C,2026-03-20,[],0,0,buy,AA-,,39.34,73.06,10.3,buy,2032-03-02,5.501,5.76,1736.44,22595.76,2.27,-2.79,,0,14:59:44,00,Y,N,0,0,Y,,未到转股期；2026-09-07 开始转股,计算使用5.6年期 评级为AA- 债参考YTM：2.7746,N,5.76,全价：132.596 最后更新：14:59:44,,,,0,{'M': ''},0,0,N,,,buy,buy
2026-09-02 12:13:48,123265,耐普转02,npz02,136.163,-0.29,300818,耐普矿机,npkj,18.4,-1.66,2.15,29.5,62.37,0,118.3,254.46,640103,机械设备,szcy,C,2026-01-30,[],0,0,buy,A+,,20.65,38.35,17.2,buy,2032-01-16,5.375,4.499,695.28,5209.89,1.14,-2.53,,0,15:34:18,00,Y,N,0,0,Y,,2026-07-22 开始转股,计算使用5.4年期 评级为A+ 债参考YTM：4.9474,N,4.5,全价：136.163 最后更新：15:34:18,,,,0,[],0,0,N,,,buy,buy
2026-09-02 12:13:48,127062,垒知转债,lzzz,123.778,-0.22,002398,垒知集团,lzjt,4.26,-0.47,0.77,7.56,56.35,0,119.66,243.44,610303,建筑材料,szmb,C,2022-05-20,[],0,0,buy,AA-,,5.292,9.828,15.5,buy,2028-04-21,1.636,3.957,1341.01,3610.74,2.74,-3.43,,0,15:34:42,00,Y,N,0,0,Y,,2022-10-27 开始转股,计算使用1.7年期 评级为AA- 债参考YTM：1.9411,N,3.963,全价：123.778 最后更新：15:34:42,,,,0,[],0,0,N,,,buy,buy
2026-09-02 12:13:48,123175,百畅转债,bczz,119.778,0.24,300614,百川畅银,bccy,10.96,-1.35,2.05,20.4,53.73,0,122.94,242.72,760103,环保,szcy,C,2023-03-17,[],0,0,buy,BBB+,,14.28,26.52,23.9,buy,2029-02-22,2.477,4.199,902.56,1820.11,1.8,-1.21,,0,15:34:45,00,Y,N,3,2,Y,转股价下修3次，成功下修2次,2023-08-28 开始转股,计算使用2.5年期 评级为BBB+ 债参考YTM：12.2988,Y,4.2,全价：119.778 最后更新：15:34:45,,,"按下调到底估算
股东大会：2026-09-15
预估转股价：10.90
预估转股价值：100.55
期权价值：29.95
理论价值：117.82
理论偏离度：1.63%",0,{'M': ''},0,0,N,,,buy,buy
2026-09-02 12:13:48,118076,先锋转债,xfzz,189.722,-1.03,688605,先锋精科,xfjk,73.2,-1.29,8.81,86.4,84.72,163,123.93,313.65,270108,电子,shkc,C,2026-08-26,[],0,0,buy,AA,,60.48,112.32,9.5,buy,2032-08-05,5.929,7.5,149978.19,43558.03,102.87,-8.38,,0,15:00:00,00,Y,N,0,0,Y,,未到转股期；2027-02-12 开始转股,计算使用6.0年期 评级为AA 债参考YTM：2.0955,N,7.5,全价：189.722 最后更新：15:00:00,,,,0,{'M': ''},0,0,N,,,buy,buy
2026-09-02 12:13:48,118068,迪威转债,dwzz,132.631,-0.43,688377,迪威尔,dwe,19.03,0.95,2.32,32.49,58.57,99,126.44,259.07,640203,机械设备,shkc,C,2026-06-30,[],0,0,buy,AA-,,22.743,42.237,20.4,buy,2032-06-03,5.756,9.08,2470.87,4856.48,2.05,-2.67,,0,14:59:57,00,Y,N,0,0,Y,,未到转股期；2026-12-10 开始转股,计算使用5.8年期 评级为AA- 债参考YTM：2.9410,N,9.08,全价：132.631 最后更新：14:59:57,,,,0,{'M': ''},0,0,N,,,buy,buy
2026-09-02 12:13:48,118022,锂科转债,lkzz,119.061,-0.63,688779,五矿新能,wkxn,7.81,-2.74,1.99,15.49,50.42,0,136.14,255.2,630702,电力设备,shkc,C,2022-11-07,[],0,0,buy,AA,,10.843,20.137,21.6,buy,2028-10-11,2.11,32.497,4665.52,16126.24,1.21,-2.37,,0,14:59:55,00,Y,N,0,0,Y,,2023-04-17 开始转股,计算使用2.2年期 评级为AA 债参考YTM：1.6936,N,32.5,全价：119.061 最后更新：14:59:55,,,,0,{'M': ''},0,0,N,,,buy,buy
2026-09-02 12:13:48,118015,芯海转债,xhzz,128.186,-0.63,688595,芯海科技,xhkj,29.79,-1.78,5.97,55.22,53.95,0,137.61,265.8,270104,电子,shkc,C,2022-08-18,[],0,0,buy,A+,,38.654,71.786,9.6,buy,2028-07-21,1.885,4.1,457.84,6922.5,0.87,-4.61,,0,14:58:40,00,Y,N,0,0,Y,,2023-01-30 开始转股,计算使用1.9年期 评级为A+ 债参考YTM：4.3110,N,4.1,全价：128.186 最后更新：14:58:40,,,,0,{'M': ''},0,0,Y,,,buy,buy
2026-09-02 12:13:48,111014,李子转债,lzzz,122.794,-0.61,605337,李子园,lzy,9.37,-2.09,2.2,18.21,51.46,0,138.64,261.43,340701,食品饮料,shmb,C,2023-07-13,[],0,0,buy,AA,,12.747,23.673,16.5,buy,2029-06-20,2.8,5.999,1104.58,3236.8,1.5,-2.26,,0,14:59:43,00,Y,N,0,0,Y,,2023-12-28 开始转股,计算使用2.8年期 评级为AA 债参考YTM：1.7165,N,6.0,全价：122.794 最后更新：14:59:43,,,,0,[],0,0,N,,,buy,buy
2026-09-02 12:13:48,123090,三诺转债,snzz,111.51,-0.02,300298,三诺生物,snsw,15.94,-0.87,2.88,34.52,46.18,0,141.49,253.0,370502,医药生物,szcy,C,2021-01-12,[],0,0,buy,AA,,24.164,44.876,7.0,buy,2026-12-21,0.301,4.984,1227.11,4414.54,2.21,1.46,,0,15:34:30,00,Y,N,0,0,Y,,2021-06-25 开始转股,计算使用0.4年期 评级为AA 债参考YTM：1.5373,N,5.0,全价：111.510 最后更新：15:34:30,,,,0,{'M': ''},0,0,N,,,buy,buy
2026-09-02 12:13:48,118042,奥维转债,awzz,125.1,-0.95,688516,奥特维,atw,43.17,-2.59,3.58,83.69,51.58,0,142.52,267.62,630505,电力设备,shkc,C,2023-09-01,[],0,0,buy,AA-,,58.583,108.797,8.4,buy,2029-08-10,2.94,11.399,4588.37,22864.15,3.21,-1.85,,0,14:59:44,00,Y,N,0,0,Y,,2024-02-19 开始转股,计算使用3.0年期 评级为AA- 债参考YTM：2.2141,N,11.4,全价：125.100 最后更新：14:59:44,,,,0,{'M': ''},0,0,N,,,buy,buy
2026-09-02 12:13:48,118075,奥普转债,apzz,243.374,5.61,688686,奥普特,apt,148.65,-1.91,5.7,150.03,99.08,155,145.63,389.0,640704,机械设备,shkc,C,2026-08-19,[],0,0,buy,AA,,105.021,195.039,7.0,buy,2032-07-28,5.907,12.7,332640.94,35593.31,106.92,-12.22,,0,15:00:00,00,Y,N,0,0,Y,,未到转股期；2027-02-04 开始转股,计算使用6.0年期 评级为AA 债参考YTM：2.0955,N,12.7,全价：243.374 最后更新：15:00:00,,,,0,{'M': ''},0,0,N,,,buy,buy
2026-09-02 12:13:48,113650,博22转债,b22zz,123.205,-0.39,603916,苏博特,sbt,11.22,-3.69,1.08,23.27,48.22,0,155.52,278.73,220309,基础化工,shmb,C,2022-07-28,[],0,0,buy,AA-,,16.289,30.251,17.0,buy,2028-07-01,1.83,7.996,1631.5,12553.16,1.66,-2.81,,0,14:59:51,00,Y,N,0,0,Y,,2023-01-09 开始转股,计算使用1.9年期 评级为AA- 债参考YTM：1.9714,N,8.0,全价：123.205 最后更新：14:59:51,,,,0,{'M': ''},0,0,N,,,buy,buy
2026-09-02 12:13:48,123180,浙矿转债,zkzz,128.552,-0.69,300837,浙矿股份,zkgf,23.42,-0.68,1.64,47.59,49.21,0,161.22,289.77,640203,机械设备,szcy,C,2023-03-28,[],0,0,buy,AA-,,33.313,61.867,18.1,buy,2029-03-09,2.518,3.196,718.15,3346.53,1.75,-3.24,,0,15:34:00,00,Y,N,0,0,Y,,2023-09-15 开始转股,计算使用2.6年期 评级为AA- 债参考YTM：2.1162,N,3.2,全价：128.552 最后更新：15:34:00,,,,0,[],0,0,N,,,buy,buy
2026-09-02 12:13:48,127098,欧晶转债,ojzz,123.563,0.05,001269,欧晶科技,ojkj,19.35,-0.87,5.12,42.0,46.07,0,168.2,291.76,630504,电力设备,szmb,C,2023-12-15,[],0,0,buy,A+,,29.4,54.6,12.6,buy,2029-11-24,3.23,4.693,773.32,2205.09,1.33,-1.95,,0,15:33:54,00,Y,N,1,1,Y,转股价下修1次，成功下修1次,2024-05-30 开始转股,计算使用3.3年期 评级为A+ 债参考YTM：4.6170,N,4.7,全价：123.563 最后更新：15:33:54,,,,0,[],0,0,N,,,buy,buy
2026-09-02 12:13:48,123117,健帆转债,jfzz,110.033,-0.15,300529,健帆生物,jfsw,15.45,-1.9,3.57,38.15,40.5,0,171.7,281.73,370503,医药生物,szcy,C,2021-07-12,[],0,0,buy,AA,,26.705,49.595,12.6,buy,2027-06-23,0.806,9.998,4584.1,9661.38,4.17,-0.04,,0,15:34:42,00,Y,N,2,2,Y,转股价下修2次，成功下修2次,2021-12-29 开始转股,计算使用0.9年期 评级为AA 债参考YTM：1.5682,N,10.0,全价：110.033 最后更新：15:34:42,,,,0,{'M': ''},0,0,N,,,buy,buy
2026-09-02 12:13:48,113049,长汽转债,cqzz,106.667,-0.15,601633,长城汽车,ccqc,14.97,-1.51,1.47,38.74,38.64,0,176.04,282.71,280502,汽车,shmb,C,2021-07-08,[],0,0,buy,AAA,,27.118,50.362,3.8,buy,2027-06-10,0.77,34.95,5760.36,18536.45,1.54,0.41,,0,14:59:56,00,Y,N,0,0,Y,,2021-12-17 开始转股,计算使用0.8年期 评级为AAA 债参考YTM：1.5125,N,35.0,全价：106.667 最后更新：14:59:56,,,,1,{'M': ''},0,0,N,,,buy,buy
2026-09-02 12:13:48,123267,珂玛转债,kmzz,269.177,-8.75,301611,珂玛科技,kmkj,92.98,-1.77,21.42,97.47,95.39,50,182.18,451.36,270103,电子,szcy,C,2026-05-13,[],0,0,buy,AA,,68.229,126.711,5.5,buy,2032-04-15,5.622,7.5,39395.59,57336.61,18.86,-14.36,,0,15:34:21,00,Y,N,0,0,Y,,未到转股期；2026-10-22 开始转股,计算使用5.7年期 评级为AA 债参考YTM：2.0153,N,7.5,全价：269.177 最后更新：15:34:21,,,,0,{'M': ''},0,0,N,,,buy,buy
2026-09-02 12:13:48,123250,嘉益转债,jyzz,123.419,-0.76,301004,嘉益股份,jygf,34.76,-3.63,2.6,79.66,43.64,0,182.84,306.26,360311,轻工制造,szcy,C,2024-11-26,[],0,0,buy,A+,,55.762,103.558,8.4,buy,2030-11-07,4.184,3.955,1355.69,2306.4,2.77,-0.95,,0,15:33:57,00,Y,N,0,0,Y,,2025-05-13 开始转股,计算使用4.2年期 评级为A+ 债参考YTM：4.7009,N,3.979,全价：123.419 最后更新：15:33:57,,,,0,{'M': ''},0,0,N,,,buy,buy
2026-09-02 12:13:48,113670,金23转债,j23zz,123.093,-0.03,603180,金牌家居,jpjj,15.96,0.31,0.95,37.54,42.52,0,189.53,312.62,360308,轻工制造,shmb,C,2023-05-16,[],0,0,buy,AA,,26.278,48.802,31.3,buy,2029-04-17,2.625,7.7,1189.86,2020.61,1.25,-1.53,,0,14:59:52,00,Y,N,0,0,Y,,2023-10-23 开始转股,计算使用2.7年期 评级为AA 债参考YTM：1.7135,N,7.7,全价：123.093 最后更新：14:59:52,,,,0,[],0,0,N,,,buy,buy
2026-09-02 12:13:48,123151,康医转债,kyzz,120.14,-0.09,300869,康泰医学,ktyx,11.39,-1.3,2.72,27.55,41.34,0,190.59,310.73,370502,医药生物,szcy,C,2022-07-20,[],0,0,buy,A+,,19.285,35.815,23.3,buy,2028-07-01,1.83,6.998,982.4,2618.71,1.17,-1.22,,0,15:34:33,00,Y,N,0,0,Y,,2023-01-09 开始转股,计算使用1.9年期 评级为A+ 债参考YTM：4.3110,N,7.0,全价：120.140 最后更新：15:34:33,,,,0,{'M': ''},0,0,N,,,buy,buy
2026-09-02 12:13:48,113660,寿22转债,s22zz,123.568,-0.68,603896,寿仙谷,sxg,14.92,-2.99,1.29,36.84,40.5,0,205.11,328.68,370201,医药生物,shmb,C,2022-12-12,[],0,0,buy,AA-,,25.788,47.892,13.4,buy,2028-11-17,2.211,3.977,454.42,4577.9,0.92,-3.07,,0,14:59:12,00,Y,N,0,0,Y,,2023-05-23 开始转股,计算使用2.3年期 评级为AA- 债参考YTM：2.0443,N,3.98,全价：123.568 最后更新：14:59:12,,,,0,[],0,0,N,,,buy,buy
2026-09-02 12:13:48,118010,洁特转债,jtzz,125.165,-0.22,688026,洁特生物,jtsw,18.6,3.68,2.18,47.88,38.85,0,222.2,347.37,370503,医药生物,shkc,C,2022-08-02,[],0,0,buy,A+,,33.516,62.244,16.9,buy,2028-06-28,1.822,4.399,897.56,14655.88,1.63,-6.07,,0,14:59:09,00,Y,N,0,0,Y,,2023-01-04 开始转股,计算使用1.9年期 评级为A+ 债参考YTM：4.3110,N,4.4,全价：125.165 最后更新：14:59:09,,,,0,{'M': ''},0,0,N,,,buy,buy
2026-09-02 12:13:48,118032,建龙转债,jlzz,124.052,-0.47,688357,建龙微纳,jlwn,26.46,-1.82,1.44,71.41,37.05,0,234.79,358.84,220309,基础化工,shkc,C,2023-04-07,[],0,0,buy,AA-,,49.987,92.833,26.4,buy,2029-03-08,2.515,6.999,738.95,1401.5,0.85,-1.84,,0,14:58:59,00,Y,N,0,0,Y,,2023-09-14 开始转股,计算使用2.6年期 评级为AA- 债参考YTM：2.1162,N,7.0,全价：124.052 最后更新：14:58:59,,,,0,{'M': ''},0,0,N,,,buy,buy
2026-09-02 12:13:48,128135,洽洽转债,qqzz,114.784,0.04,002557,洽洽食品,qqsp,18.82,-0.95,1.87,54.95,34.25,0,235.14,349.92,340801,食品饮料,szmb,C,2020-11-18,[],0,0,buy,AA,,38.465,71.435,14.1,buy,2026-10-20,0.132,13.398,2126.89,9477.59,1.38,1.46,,0,15:34:06,00,Y,N,0,0,Y,,2021-04-26 开始转股,计算使用0.2年期 评级为AA 债参考YTM：1.5144,N,13.4,全价：114.784 最后更新：15:34:06,,,,1,{'M': ''},0,0,N,,,buy,buy
2026-09-02 12:13:48,110085,通22转债,t22zz,113.996,0.45,600438,通威股份,twgf,11.36,-3.89,1.52,34.6,32.83,0,247.21,361.21,630501,电力设备,shmb,C,2022-03-18,[],0,0,buy,AAA,,24.22,44.98,23.4,buy,2028-02-24,1.48,119.831,6502.65,44526.57,0.48,-1.93,,0,14:59:21,00,Y,N,0,0,Y,,2022-09-02 开始转股,计算使用1.5年期 评级为AAA 债参考YTM：1.5559,N,120.0,全价：113.996 最后更新：14:59:21,,,,0,{'M': ''},0,0,N,,,buy,buy
2026-09-02 12:13:48,118005,天奈转债,tnzz,122.921,-0.43,688116,天奈科技,tnkj,34.87,2.14,3.29,99.01,35.22,0,249.02,371.94,630702,电力设备,shkc,C,2022-03-01,[],0,0,buy,AA-,,69.307,128.713,6.5,buy,2028-01-27,1.403,8.299,1286.26,36669.19,1.26,-6.62,,0,14:59:44,00,Y,N,0,0,Y,,2022-08-09 开始转股,计算使用1.5年期 评级为AA- 债参考YTM：1.9109,N,8.3,全价：122.921 最后更新：14:59:44,,,,0,{'M': ''},0,0,N,,,buy,buy
2026-09-02 12:13:48,123072,乐歌转债,lgzz,119.696,-0.02,300729,乐歌股份,lggf,10.71,0.0,1.02,32.61,32.84,0,264.45,384.15,360311,轻工制造,szcy,C,2020-11-10,[],0,0,buy,A+,,22.827,42.393,4.0,buy,2026-10-21,0.134,1.418,1710.42,2799.02,10.08,1.93,,0,15:34:24,00,Y,N,0,0,Y,,2021-04-27 开始转股,计算使用0.2年期 评级为A+ 债参考YTM：4.0544,N,1.42,全价：119.696 最后更新：15:34:24,,,,0,[],0,0,N,,,buy,buy
2026-09-02 12:13:48,113633,科沃转债,kwzz,112.571,-0.11,603486,科沃斯,kws,50.93,-4.61,2.9,172.97,29.44,0,282.32,394.89,330302,家用电器,shmb,C,2021-12-29,[],0,0,buy,AA,,121.079,224.861,3.6,buy,2027-11-30,1.244,10.396,2508.42,38565.47,2.14,-0.56,,0,14:59:38,00,Y,N,0,0,Y,,2022-06-06 开始转股,计算使用1.3年期 评级为AA 债参考YTM：1.5950,N,10.4,全价：112.571 最后更新：14:59:38,,,,0,{'M': ''},0,0,N,,,buy,buy
2026-09-02 12:13:48,123270,盛德转债,sdzz,230.474,2.03,300881,盛德鑫泰,sdxt,32.12,-1.23,2.65,53.68,59.84,96,285.18,515.65,230501,钢铁,szcy,C,2026-06-12,[],0,0,buy,A+,,37.576,69.784,22.0,buy,2032-05-31,5.748,4.05,88444.99,3306.65,94.09,-11.14,,0,15:34:09,00,Y,N,0,0,Y,,未到转股期；2026-12-07 开始转股,计算使用5.8年期 评级为A+ 债参考YTM：5.2907,N,4.05,全价：230.474 最后更新：15:34:09,,,,0,{'M': ''},0,0,N,,,buy,buy
2026-09-02 12:13:48,127025,冀东转债,jdzz,105.742,0.03,000401,金隅冀东,jyjd,3.54,-2.21,0.36,12.92,27.4,0,285.93,391.67,610101,建筑材料,szmb,C,2020-12-02,[],0,0,buy,AAA,,9.044,16.796,19.1,buy,2026-11-05,0.175,17.764,2693.96,4261.08,1.43,1.41,,0,15:34:30,00,Y,Y,0,0,Y,,2021-05-11 开始转股,计算使用0.2年期 评级为AAA 债参考YTM：1.4785,N,28.2,全价：105.742 最后更新：15:34:30,,,,0,{'M': ''},0,0,N,,,buy,buy
2026-09-02 12:13:48,123273,三江转债,sjzz,342.29,-2.76,301059,金三江,jsj,12.42,1.06,4.3,14.43,86.07,113,297.68,639.97,220309,基础化工,szcy,C,2026-07-03,[],0,0,buy,A+,,10.101,18.759,11.3,buy,2032-06-16,5.792,2.9,40357.7,4033.89,40.43,-16.87,,0,15:34:06,00,Y,N,0,0,Y,,未到转股期；2026-12-24 开始转股,计算使用5.8年期 评级为A+ 债参考YTM：5.2907,N,2.9,全价：342.290 最后更新：15:34:06,,,,0,{'M': ''},0,0,N,,,buy,buy
2026-09-02 12:13:48,123179,立高转债,lgzz,122.0,0.16,300973,立高食品,lgsp,26.93,1.78,1.68,94.64,28.46,0,328.74,450.74,340802,食品饮料,szcy,C,2023-03-27,[],0,0,buy,AA-,,66.248,123.032,29.8,buy,2029-03-07,2.512,9.499,1553.62,13851.52,1.34,-1.07,,0,15:34:51,00,Y,N,0,0,Y,,2023-09-13 开始转股,计算使用2.6年期 评级为AA- 债参考YTM：2.1162,N,9.5,全价：122.000 最后更新：15:34:51,,,,0,{'M': ''},0,0,N,,,buy,buy
2026-09-02 12:13:48,113059,福莱转债,flzz,117.535,-0.11,601865,福莱特,flt,9.95,-0.8,1.08,41.56,23.94,0,390.93,508.47,630504,电力设备,shmb,C,2022-06-13,[],0,0,buy,AA,,29.092,54.028,21.1,buy,2028-05-20,1.715,39.999,3393.31,15431.24,0.72,-1.89,,0,14:59:43,00,Y,N,1,0,Y,转股价下修1次，成功下修0次,2022-11-28 开始转股,计算使用1.8年期 评级为AA 债参考YTM：1.6540,N,40.0,全价：117.535 最后更新：14:59:43,,,,0,{'M': ''},0,0,N,,,buy,buy
