抓取时间,bond_id,bond_nm,bond_py,price,increase_rt,stock_id,stock_nm,stock_py,sprice,sincrease_rt,pb,convert_price,convert_value,convert_begin,premium_rt,dblow,sw_cd,sw_name,market_cd,btype,list_dt,t_flag,owned,hold,bond_value,rating_cd,option_value,put_convert_price,force_redeem_price,convert_amt_ratio,fund_rt,maturity_dt,year_left,curr_iss_amt,volume,svolume,turnover_rt,ytm_rt,put_ytm_rt,noted,last_time,qstatus,sqflag,pb_flag,adj_cnt,adj_scnt,convert_price_valid,convert_price_tips,convert_cd_tip,ref_yield_info,adjusted,orig_iss_amt,price_tips,redeem_dt,real_force_redeem_price,option_tip,after_next_put_dt,icons,is_min_price,blocked,putting,force_redeem_price_tip,notes,volatility_rate,debt_rate
2026-07-14 09:25:07,118071,华峰转债,hfzz,100.0,0.0,688200,华峰测控,hfck,501.0,2.45,23.99,336.12,149.05,168,-32.91,67.09,270108,电子,shkc,C,,[],0,0,buy,AA,,235.284,436.956,0.7,buy,2032-06-22,5.945,7.49,0.0,391595.69,0.0,2.18,,0,,00,Y,N,0,0,Y,,未到转股期；2026-12-29 开始转股,计算使用6.0年期 评级为AA 债参考YTM：2.2194,N,7.49,待上市,,,,0,{'M': ''},0,0,N,,,buy,buy
2026-07-14 09:25:07,123188,水羊转债,syzz,137.215,-3.51,300740,水羊股份,sygf,18.67,-1.11,3.22,13.44,138.91,0,-1.22,136.0,770202,美容护理,szcy,C,2023-04-25,[],0,0,buy,A+,,9.408,17.472,7.8,buy,2029-04-04,,5.366,113677.61,43206.7,156.33,,,0,15:34:06,00,Y,N,0,0,Y,,2023-10-11 开始转股,强赎登记日2026-07-29，赎回价格100.6020元，如不考虑强赎纯债价值为105.89元，计算使用2.8年期 评级为A+ 债参考YTM：4.5650,N,6.95,全价：137.215 最后更新：15:34:06,2026-07-29,100.6020,如不考虑强赎期权价值为62.70元,0,"{'R': '最后交易日 2026年7月29日\r\n最后转股日 2026年8月3日\r\n赎回价 100.602元/张', 'M': ''}",0,0,N,,,buy,buy
2026-07-14 09:25:07,113632,鹤21转债,h21zz,113.364,-1.79,603733,仙鹤股份,xhgf,20.88,-1.28,1.68,18.29,114.16,0,-0.7,112.66,360103,轻工制造,shmb,C,2021-12-09,[],0,0,buy,AA,,12.803,23.777,6.4,buy,2027-11-17,,10.199,32949.66,18568.99,28.2,,,0,14:59:59,00,Y,N,2,2,Y,转股价下修2次，成功下修2次,2022-05-23 开始转股,强赎登记日2026-07-21，赎回价格101.2427元，如不考虑强赎纯债价值为111.40元，计算使用1.4年期 评级为AA 债参考YTM：1.6208,N,20.5,全价：113.364 最后更新：14:59:59,2026-07-21,101.2427,如不考虑强赎期权价值为27.23元,1,"{'R': '最后交易日 2026年7月21日\r\n最后转股日 2026年7月24日\r\n赎回价 101.2427元/张', 'M': ''}",0,0,N,,,buy,buy
2026-07-14 09:25:07,113624,正川转债,zczz,132.57,4.82,603976,正川股份,zcgf,26.4,5.39,3.37,19.78,133.47,0,-0.67,131.9,370503,医药生物,shmb,C,2021-06-01,[],0,0,buy,A+,,13.846,25.714,6.1,buy,2027-04-28,0.789,2.545,43583.45,18974.16,130.92,-16.86,,0,15:00:00,00,Y,N,1,1,Y,转股价下修1次，成功下修1次,2021-11-08 开始转股,已公告要强赎，如不考虑强赎纯债价值为111.35元，计算使用0.8年期 评级为A+ 债参考YTM：4.1709,N,4.05,全价：132.570 最后更新：15:00:00,,,如不考虑强赎期权价值为40.15元,1,{'O': ''},0,0,N,,,buy,buy
2026-07-14 09:25:07,113658,密卫转债,mwzz,133.081,0.02,603713,密尔克卫,mekw,73.21,1.96,2.34,54.72,133.79,0,-0.53,132.55,420806,交通运输,shmb,C,2022-10-25,[],0,0,buy,AA-,,38.304,71.136,6.8,buy,2027-09-16,1.175,7.913,27302.03,43296.2,26.04,-12.82,,0,15:00:00,00,Y,N,1,1,Y,转股价下修1次，成功下修1次,2023-03-22 开始转股,计算使用1.2年期 评级为AA- 债参考YTM：1.8754,N,8.724,全价：133.081 最后更新：15:00:00,,,,1,{'M': ''},0,0,N,,,buy,buy
2026-07-14 09:25:07,118040,宏微转债,hwzz,110.299,-0.14,688711,宏微科技,hwkj,31.59,0.93,6.2,28.51,110.8,0,-0.46,109.84,270102,电子,shkc,C,2023-08-14,[],0,0,buy,A,,19.957,37.063,5.7,buy,2029-07-25,,3.893,52668.35,39966.48,123.98,,,0,15:00:00,00,Y,N,1,1,Y,转股价下修1次，成功下修1次,2024-01-31 开始转股,强赎登记日2026-07-20，赎回价格100.9973元，如不考虑强赎纯债价值为98.56元，计算使用3.1年期 评级为A 债参考YTM：6.9922,N,4.3,全价：110.299 最后更新：15:00:00,2026-07-20,100.9973,如不考虑强赎期权价值为58.48元,0,"{'R': '最后交易日 2026年7月20日\r\n最后转股日 2026年7月23日\r\n赎回价 100.9973元/张', 'M': ''}",0,0,N,,,buy,buy
2026-07-14 09:25:07,123251,华医转债,hyzz,231.302,-0.48,301235,华康洁净,hkjj,51.43,-1.12,3.2,22.24,231.25,0,0.02,231.32,370502,医药生物,szcy,C,2025-01-09,[],0,0,buy,A+,,15.568,28.912,9.3,buy,2030-12-23,,4.095,82387.84,46369.74,87.46,,,0,15:34:45,00,Y,N,0,0,Y,,2025-06-27 开始转股,强赎登记日2026-07-23，赎回价格100.2400元，如不考虑强赎纯债价值为97.29元，计算使用4.5年期 评级为A+ 债参考YTM：4.8620,N,7.5,全价：231.302 最后更新：15:34:45,2026-07-23,100.2400,如不考虑强赎期权价值为175.12元,0,"{'R': '最后交易日 2026年7月23日\r\n最后转股日 2026年7月28日\r\n赎回价 100.24元/张', 'M': ''}",0,0,N,,,buy,buy
2026-07-14 09:25:07,110077,洪城转债,hczz,210.582,0.79,600461,洪城环境,hchj,9.27,0.22,1.16,4.41,210.2,0,0.18,210.76,760102,环保,shmb,C,2020-12-17,[],0,0,buy,AA+,,3.087,5.733,5.6,buy,2026-11-20,0.353,6.618,16925.52,10774.92,12.16,-136.2,,0,14:59:52,00,Y,N,0,0,Y,,2021-05-26 开始转股,计算使用0.4年期 评级为AA+ 债参考YTM：1.4952,N,18.0,全价：210.582 最后更新：14:59:52,,,,1,{'M': ''},0,0,N,,,buy,buy
2026-07-14 09:25:07,110074,精达转债,jdzz,249.042,2.9,600577,精达股份,jdgf,8.09,2.66,2.78,3.26,248.16,0,0.36,249.4,630805,电力设备,shmb,C,2020-09-21,[],0,0,buy,AA,,2.282,4.238,1.1,buy,2026-08-19,0.099,1.854,23134.12,51010.66,51.34,-573.8,,0,14:59:53,00,Y,N,0,0,Y,,2021-02-25 开始转股,已公告要强赎，如不考虑强赎纯债价值为111.83元，计算使用0.1年期 评级为AA 债参考YTM：1.5077,N,7.87,全价：249.042 最后更新：14:59:53,,,如不考虑强赎期权价值为148.33元,1,"{'O': '', 'M': ''}",0,0,N,,,buy,buy
2026-07-14 09:25:07,127067,恒逸转2,hyz2,144.0,4.35,000703,恒逸石化,hysh,14.54,9.98,2.05,10.32,140.89,0,2.21,146.21,750301,石油石化,szmb,C,2022-08-18,[],0,0,buy,AA+,,7.224,13.416,5.4,buy,2028-07-21,2.022,29.944,136917.85,125083.85,32.14,-11.8,,0,15:34:18,00,Y,N,0,0,Y,,2023-01-30 开始转股,计算使用2.1年期 评级为AA+ 债参考YTM：1.6201,N,30.0,全价：144.000 最后更新：15:34:18,,,,0,"{'G': '本次（至2026年4月27日）不提前赎回，从2026年7月28日开始计算', 'M': ''}",0,0,N,,,buy,buy
2026-07-14 09:25:07,110081,闻泰转债,wtzz,112.371,-2.6,600745,*ST闻泰,wtkj,19.95,-5.45,1.04,18.36,108.66,0,3.42,115.79,270102,电子,shmb,C,2021-08-20,[],0,0,buy,BBB+,,12.852,23.868,27.4,buy,2027-07-28,1.038,72.077,106338.4,156298.38,13.06,-2.25,,0,15:00:00,00,Y,N,3,3,Y,转股价下修3次，成功下修3次,2022-02-07 开始转股,计算使用1.1年期 评级为BBB+ 债参考YTM：11.9517,N,86.0,全价：112.371 最后更新：15:00:00,,,,1,[],0,0,N,,,buy,buy
2026-07-14 09:25:07,113039,嘉泽转债,jzzz,147.252,3.46,601619,嘉泽新能,jzxn,4.11,2.24,1.49,2.89,142.22,0,3.54,150.79,410107,公用事业,shmb,C,2020-09-17,[],0,0,buy,AA,,2.023,3.757,2.9,buy,2026-08-24,0.112,2.865,15675.32,15979.66,37.83,-237.37,,0,14:59:58,00,Y,N,0,0,Y,,2021-03-01 开始转股,计算使用0.2年期 评级为AA 债参考YTM：1.5114,N,13.0,全价：147.252 最后更新：14:59:58,,,,1,"{'G': '本次（2026年3月26日至2026年4月16日）不提前赎回，至到期日（2026年8月23日）均不行使赎回权利', 'M': ''}",0,0,N,,,buy,buy
2026-07-14 09:25:07,113605,大参转债,dszz,121.723,2.29,603233,大参林,dsl,19.68,8.85,2.85,16.86,116.73,0,4.28,126.0,370403,医药生物,shmb,C,2020-11-13,[],0,0,buy,AA,,11.802,21.918,6.3,buy,2026-10-22,0.274,14.045,22166.86,37976.57,13.04,-35.51,,0,15:00:00,00,Y,N,1,1,Y,转股价下修1次，成功下修1次,2021-04-28 开始转股,计算使用0.3年期 评级为AA 债参考YTM：1.5169,N,14.05,全价：121.723 最后更新：15:00:00,,,,1,{'M': ''},0,0,N,,,buy,buy
2026-07-14 09:25:07,118011,银微转债,ywzz,179.233,-1.89,688689,银河微电,yhwd,53.2,0.06,5.0,31.05,171.34,0,4.61,183.84,270102,电子,shkc,C,2022-08-02,[],0,0,buy,A+,,21.735,40.365,3.8,buy,2028-07-04,1.975,2.726,127850.76,43724.04,258.99,-19.47,,0,14:59:59,00,Y,N,0,0,Y,,2023-01-09 开始转股,已公告要强赎，如不考虑强赎纯债价值为108.01元，计算使用2.0年期 评级为A+ 债参考YTM：4.3634,N,5.0,全价：179.233 最后更新：14:59:59,,,如不考虑强赎期权价值为93.40元,1,"{'O': '', 'M': ''}",0,0,N,,,buy,buy
2026-07-14 09:25:07,123207,冠中转债,gzzz,234.658,0.81,300948,冠中生态,gzst,23.05,0.22,3.9,10.44,220.79,0,6.28,240.94,620307,建筑装饰,szcy,C,2023-08-09,[],0,0,buy,A-,,7.308,13.572,4.1,buy,2029-07-21,3.022,1.455,23471.46,8916.43,69.83,-20.25,,0,15:34:15,00,Y,N,1,1,N,"转股价下修1次，成功下修1次
2026-07-09 至 2026-07-15 期间暂停转股：回售
转股价10.440生效日期2024-05-31",2024-01-29 开始转股;2026-07-09 至 2026-07-15 期间暂停转股：回售,计算使用3.1年期 评级为A- 债参考YTM：9.3422,N,4.0,全价：234.658 最后更新：15:34:15,,,,0,"{'G': '本次（2026年5月27日至2026年6月16日）不提前赎回，自2026年9月16日后首个交易日重新计算', 'M': ''}",0,0,Y,,,buy,buy
2026-07-14 09:25:07,113681,镇洋转债,zyzz,138.404,2.54,603213,镇洋发展,zyfz,14.2,-2.34,3.2,10.95,129.68,0,6.73,145.13,220202,基础化工,shmb,C,2024-01-17,[],0,0,buy,AA-,,7.665,14.235,8.7,buy,2029-12-29,3.463,5.477,16980.72,7004.93,22.76,-4.27,,0,14:59:59,00,Y,N,0,0,Y,,2024-07-05 开始转股,计算使用3.5年期 评级为AA- 债参考YTM：2.3560,N,6.6,全价：138.404 最后更新：14:59:59,,,,0,[],0,0,N,,,buy,buy
2026-07-14 09:25:07,113708,曙26转债,s26zz,100.0,0.0,603019,中科曙光,zksg,101.9,-3.99,6.61,108.89,93.58,191,6.86,106.86,710103,计算机,shmb,C,,[],0,0,buy,AAA,,76.223,141.557,5.4,buy,2032-07-14,6.003,80.0,0.0,1201869.12,0.0,1.35,,0,,00,Y,N,0,0,Y,,未到转股期；2027-01-21 开始转股,计算使用6.1年期 评级为AAA 债参考YTM：1.8255,N,80.0,待上市,,,,0,{'M': ''},0,0,N,,,buy,buy
2026-07-14 09:25:07,127080,声迅转债,sxzz,302.53,1.34,003004,声迅股份,sxgf,81.64,3.34,9.53,28.94,282.1,0,7.24,309.77,710102,计算机,szmb,C,2023-02-10,[],0,0,buy,A,,20.258,37.622,5.0,buy,2028-12-30,2.466,2.793,78686.89,30860.13,93.74,-31.93,,0,15:34:12,00,Y,N,0,0,Y,,2023-07-07 开始转股,计算使用2.5年期 评级为A 债参考YTM：6.8313,N,2.8,全价：302.530 最后更新：15:34:12,,,,0,{'G': '本次（2026年5月8日至2026年5月29日）不提前赎回，以2026年8月31日重新计算'},0,0,N,,,buy,buy
2026-07-14 09:25:07,113042,上银转债,syzz,116.377,0.09,601229,上海银行,shyh,9.04,-0.55,0.49,8.35,108.26,0,7.49,123.87,480401,银行,shmb,C,2021-02-10,[],0,0,buy,AAA,,,10.855,15.6,buy,2027-01-25,0.534,199.775,38159.68,54798.29,1.64,-7.04,,0,14:59:55,00,Y,Y,0,0,Y,,2021-07-29 开始转股,计算使用0.6年期 评级为AAA 债参考YTM：1.4863,N,200.0,全价：116.377 最后更新：14:59:55,,,,0,{'M': ''},0,0,N,,,buy,buy
2026-07-14 09:25:07,113697,应流转债,ylzz,190.444,4.83,603308,应流股份,ylgf,53.56,6.97,7.02,30.31,176.71,0,7.77,198.21,640108,机械设备,shmb,C,2025-10-22,[],0,0,buy,AA+,,21.217,39.403,4.1,buy,2031-09-19,5.186,14.994,99708.98,140902.64,35.36,-9.76,,0,15:00:00,00,Y,N,0,0,Y,,2026-03-25 开始转股,计算使用5.2年期 评级为AA+ 债参考YTM：1.8938,N,15.0,全价：190.444 最后更新：15:00:00,,,,0,"{'G': '本次（2026年3月25日至2026年4月15日）不提前赎回，2026年7月15日之后的首个交易日重新起算', 'M': ''}",0,0,N,,,buy,buy
2026-07-14 09:25:07,118053,正帆转债,zfzz,177.678,0.52,688596,正帆科技,zfkj,63.12,-1.34,4.96,38.35,164.59,0,7.95,185.63,640209,机械设备,shkc,C,2025-04-03,[],0,0,buy,AA,,26.845,49.855,5.6,buy,2031-03-18,4.68,10.409,176379.49,162059.05,95.36,-8.85,,0,15:00:00,00,Y,N,0,0,Y,,2025-09-24 开始转股,计算使用4.7年期 评级为AA 债参考YTM：1.9989,N,10.41,全价：177.678 最后更新：15:00:00,,,,0,{'M': ''},0,0,N,,,buy,buy
2026-07-14 09:25:07,123213,天源转债,tyzz,275.0,8.7,301127,武汉天源,whty,18.08,10.04,3.53,7.1,254.65,0,7.99,282.99,760102,环保,szcy,C,2023-08-16,[],0,0,buy,AA-,,4.97,9.23,2.8,buy,2029-07-28,3.041,3.26,145731.09,66208.76,166.0,-24.99,,0,15:34:39,00,Y,N,0,0,Y,,2024-02-05 开始转股,计算使用3.1年期 评级为AA- 债参考YTM：2.2912,N,10.0,全价：275.000 最后更新：15:34:39,,,,0,"{'G': '本次（2026年3月13日至2026年4月2日）不提前赎回，自2026年10月2日后首个交易日重新计算', 'M': ''}",0,0,N,,,buy,buy
2026-07-14 09:25:07,123176,精测转2,jcz2,500.916,0.0,300567,精测电子,jcdz,297.1,0.0,18.78,64.51,460.55,0,8.77,509.69,640107,机械设备,szcy,C,2023-03-22,[],0,0,buy,AA-,,45.157,83.863,1.9,buy,2029-03-02,2.636,12.753,0.0,0.0,0.0,-43.1,,0,15:34:36,03,Y,N,0,0,N,2026-07-09 起暂停转股：关联交易预案,2023-09-08 开始转股;2026-07-09 起暂停转股：关联交易预案,计算使用2.7年期 评级为AA- 债参考YTM：2.1907,N,12.76,全价：500.916 最后更新：15:34:36,,,,0,"{'G': '本次（2025年12月23日至2026年1月14日）不提前赎回，自2026年7月14日后首个交易日重新计算', 'M': ''}",0,0,N,,,buy,buy
2026-07-14 09:25:07,128134,鸿路转债,hlzz,122.1,-0.93,002541,鸿路钢构,hlgg,19.62,-1.36,1.34,17.49,112.18,0,8.84,130.94,620401,建筑装饰,szmb,C,2020-11-02,[],0,0,buy,AA,,12.243,22.737,16.2,buy,2026-10-09,0.238,15.726,20825.67,35201.32,10.82,-42.06,,0,15:34:27,00,Y,N,2,2,Y,转股价下修2次，成功下修2次,2021-04-15 开始转股,计算使用0.3年期 评级为AA 债参考YTM：1.5169,N,18.8,全价：122.100 最后更新：15:34:27,,,,0,{'M': ''},0,0,N,,,buy,buy
2026-07-14 09:25:07,118027,宏图转债,htzz,87.329,-1.17,688066,*ST航图,htht,10.44,-1.79,-2.4,13.12,79.57,0,9.75,97.08,710301,计算机,shkc,C,2022-12-22,[],0,0,buy,B-,,9.184,17.056,34.1,buy,2028-11-28,2.378,9.475,6904.66,4534.22,8.33,14.24,,0,15:00:00,00,Y,N,3,3,Y,转股价下修3次，成功下修3次,2023-06-02 开始转股,,N,10.088,全价：87.329 最后更新：15:00:00,,,,0,[],0,0,N,,,buy,buy
2026-07-14 09:25:07,118035,国力转债,glzz,167.257,-2.59,688103,国力电子,gldz,94.93,1.57,7.87,62.31,152.35,0,9.78,177.04,270401,电子,shkc,C,2023-07-06,[],0,0,buy,A+,,43.617,81.003,5.3,buy,2029-06-12,2.915,4.8,116259.13,72329.78,144.1,-11.35,,0,14:59:59,00,Y,N,0,0,Y,,2023-12-18 开始转股,计算使用3.0年期 评级为A+ 债参考YTM：4.6185,N,4.8,全价：167.257 最后更新：14:59:59,,,,0,{'M': ''},0,0,N,,,buy,buy
2026-07-14 09:25:07,113062,常银转债,cyzz,128.976,0.3,601128,常熟银行,csyh,6.15,0.16,0.69,5.25,117.14,0,10.1,139.08,480501,银行,shmb,C,2022-10-17,[],0,0,buy,AAA,,,6.825,26.7,buy,2028-09-15,2.175,59.994,14270.67,24351.38,1.85,-7.43,,0,14:58:40,00,Y,N,0,0,Y,,2023-03-21 开始转股,计算使用2.2年期 评级为AAA 债参考YTM：1.5834,N,60.0,全价：128.976 最后更新：14:58:40,,,,0,{'M': ''},0,0,N,,,buy,buy
2026-07-14 09:25:07,127096,泰坦转债,ttzz,630.633,2.99,003036,泰坦股份,ttgf,75.55,3.48,10.89,13.2,572.35,0,10.18,640.81,640206,机械设备,szmb,C,2023-11-15,[],0,0,buy,A,,9.24,17.16,1.8,buy,2029-10-25,3.285,2.875,257846.34,46162.32,142.18,-40.09,,0,15:34:45,00,Y,N,0,0,Y,,2024-05-06 开始转股,计算使用3.3年期 评级为A 债参考YTM：7.0307,N,2.955,全价：630.633 最后更新：15:34:45,,,,0,{'G': '本次（2026年6月12日至2026年7月3日）不提前赎回，以2026年10月3日后首个交易日起重新计算'},0,0,N,,,buy,buy
2026-07-14 09:25:07,123245,集智转债,jzzz,436.373,-2.83,300553,集智股份,jzgf,70.94,-4.79,9.27,18.06,392.8,0,11.09,447.46,640107,机械设备,szcy,C,2024-08-28,[],0,0,buy,A,,12.642,23.478,2.5,buy,2030-08-14,4.088,1.537,56545.28,44114.29,83.53,-27.36,,0,15:34:33,00,Y,N,0,0,Y,,2025-02-20 开始转股,计算使用4.1年期 评级为A 债参考YTM：7.1464,N,2.546,全价：436.373 最后更新：15:34:33,,,,0,{'G': '本次（2026年6月2日至2026年6月23日）不提前赎回，自2026年9月23日后首个交易日重新计算'},0,0,N,,,buy,buy
2026-07-14 09:25:07,110101,宝钛转债,btzz,100.0,0.0,600456,宝钛股份,btgf,27.42,2.7,1.81,30.98,88.51,169,12.98,112.98,240504,有色金属,shmb,C,2026-07-16,[],0,0,buy,AAA,,21.686,40.274,26.7,buy,2032-06-23,5.948,35.0,0.0,18250.31,0.0,1.56,,0,,00,Y,N,0,0,Y,,未到转股期；2026-12-30 开始转股,计算使用6.0年期 评级为AAA 债参考YTM：1.8194,N,35.0,待上市,,,,0,{'M': ''},0,0,N,,,buy,buy
2026-07-14 09:25:07,113056,重银转债,cyzz,125.545,0.14,601963,重庆银行,cqyh,10.24,2.4,0.56,9.22,111.06,0,13.04,138.59,480401,银行,shmb,C,2022-04-14,[],0,0,buy,AAA,,,11.986,55.5,buy,2028-03-23,1.693,115.622,22704.43,22501.17,1.56,-6.36,,0,14:59:57,00,Y,N,0,0,Y,,2022-09-30 开始转股,计算使用1.7年期 评级为AAA 债参考YTM：1.5557,N,130.0,全价：125.545 最后更新：14:59:57,,,,0,{'M': ''},0,0,N,,,buy,buy
2026-07-14 09:25:07,113610,灵康转债,lkzz,129.13,3.73,603669,灵康药业,lkyy,7.4,8.82,8.46,6.5,113.85,0,13.42,142.55,370102,医药生物,shmb,C,2020-12-22,[],0,0,buy,A-,,4.55,8.45,4.8,buy,2026-12-01,0.384,2.53,388503.55,72783.63,1159.38,-28.74,,0,15:00:00,00,Y,N,2,2,Y,转股价下修2次，成功下修2次,2021-06-07 开始转股,计算使用0.4年期 评级为A- 债参考YTM：8.7903,N,5.25,全价：129.130 最后更新：15:00:00,,,,1,[],0,0,N,,,buy,buy
2026-07-14 09:25:07,113707,科博转债,kbzz,100.0,0.0,603786,科博达,kbd,39.6,-0.48,2.77,45.56,86.92,181,15.05,115.05,280206,汽车,shmb,C,,[],0,0,buy,AA+,,31.892,59.228,9.3,buy,2032-07-02,5.973,14.91,0.0,6778.34,0.0,1.84,,0,,00,Y,N,0,0,Y,,未到转股期；2027-01-11 开始转股,计算使用6.0年期 评级为AA+ 债参考YTM：1.9594,N,14.91,待上市,,,,0,{'M': ''},0,0,N,,,buy,buy
2026-07-14 09:25:07,110102,江农转债,jnzz,100.0,0.0,600389,江山股份,jsgf,17.66,-6.06,1.82,20.64,85.56,190,16.87,116.87,220803,基础化工,shmb,C,,[],0,0,buy,AA+,,14.448,26.832,15.6,buy,2032-07-13,6.003,11.85,0.0,41710.95,0.0,2.03,,0,,00,Y,N,0,0,Y,,未到转股期；2027-01-20 开始转股,计算使用6.1年期 评级为AA+ 债参考YTM：1.9680,N,11.85,待上市,,,,0,{'M': ''},0,0,N,,,buy,buy
2026-07-14 09:25:07,123178,花园转债,hyzz,139.2,2.19,300401,花园生物,hysw,15.87,4.07,2.44,13.34,118.97,0,17.01,156.21,370101,医药生物,szcy,C,2023-03-23,[],0,0,buy,AA-,,9.338,17.342,13.6,buy,2029-03-06,2.647,11.58,22159.4,49480.32,14.0,-6.0,,0,15:34:15,00,Y,N,1,1,Y,转股价下修1次，成功下修1次,2023-09-11 开始转股,计算使用2.7年期 评级为AA- 债参考YTM：2.1907,N,12.0,全价：139.200 最后更新：15:34:15,,,,0,{'M': ''},0,0,N,,,buy,buy
2026-07-14 09:25:07,110076,华海转债,hhzz,120.887,0.28,600521,华海药业,hhyy,16.97,0.77,2.58,16.5,102.85,0,17.54,138.43,370102,医药生物,shmb,C,2020-11-25,[],0,0,buy,AA,,11.55,21.45,7.3,buy,2026-11-02,0.304,18.424,8897.01,74440.23,4.01,-29.62,,0,14:59:51,00,Y,N,1,1,Y,转股价下修1次，成功下修1次,2021-05-06 开始转股,计算使用0.4年期 评级为AA 债参考YTM：1.5302,N,18.426,全价：120.887 最后更新：14:59:51,,,,1,{'M': ''},0,0,N,,,buy,buy
2026-07-14 09:25:07,113058,友发转债,yfzz,133.559,1.36,601686,友发集团,yfjt,5.08,0.99,1.1,4.48,113.39,0,17.78,151.34,230403,钢铁,shmb,C,2022-04-26,[],0,0,buy,AA,,3.136,5.824,24.8,buy,2028-03-30,1.712,18.638,8263.95,2974.69,3.34,-9.02,,0,14:58:51,00,Y,N,2,2,Y,转股价下修2次，成功下修2次,2022-10-10 开始转股,计算使用1.8年期 评级为AA 债参考YTM：1.6701,N,20.0,全价：133.559 最后更新：14:58:51,,,,1,[],0,0,N,,,buy,buy
2026-07-14 09:25:07,123243,严牌转债,ypzz,204.489,4.51,301081,严牌股份,ypgf,12.51,1.96,2.62,7.22,173.27,0,18.02,222.51,760201,环保,szcy,C,2024-07-26,[],0,0,buy,A+,,5.054,9.386,9.3,buy,2030-07-10,3.992,2.607,14590.04,5079.81,27.94,-12.99,,0,15:34:21,00,Y,N,0,0,Y,,2025-01-16 开始转股,计算使用4.0年期 评级为A+ 债参考YTM：4.7802,N,4.679,全价：204.489 最后更新：15:34:21,,,,0,"{'G': '本次（2026年5月6日至2026年5月26日）不提问赎回，以2026年8月26日后的首个交易日重新计算', 'M': ''}",0,0,N,,,buy,buy
2026-07-14 09:25:07,123247,万凯转债,wkzz,200.04,4.82,301216,万凯新材,wkxc,18.85,3.91,1.67,11.15,169.06,0,18.33,218.37,220501,基础化工,szcy,C,2024-09-05,[],0,0,buy,AA,,7.805,14.495,19.1,buy,2030-08-16,4.093,19.642,36042.04,28080.99,9.33,-12.91,,0,15:34:33,00,Y,N,0,0,Y,,2025-02-24 开始转股,计算使用4.1年期 评级为AA 债参考YTM：1.9249,N,27.0,全价：200.040 最后更新：15:34:33,,,,0,"{'G': '本次（2026年6月17日至2026年7月8日）不提前赎回，自2026年10月8日后首个交易日重新计算', 'M': ''}",0,0,N,,,buy,buy
2026-07-14 09:25:07,113631,皖天转债,wtzz,135.701,1.55,603689,皖天然气,wtrq,7.44,2.2,1.03,6.51,114.29,0,18.74,154.44,410301,公用事业,shmb,C,2021-12-10,[],0,0,buy,AA+,,4.557,8.463,15.3,buy,2027-11-08,1.321,5.958,5900.03,3636.34,7.34,-13.79,,0,14:59:47,00,Y,N,0,0,Y,,2022-05-12 开始转股,计算使用1.4年期 评级为AA+ 债参考YTM：1.5705,N,9.3,全价：135.701 最后更新：14:59:47,,,,1,[],0,0,N,,,buy,buy
2026-07-14 09:25:07,110092,三房转债,sfzz,74.072,-0.45,600370,*ST三房,sfx,1.88,0.0,1.46,3.02,62.25,0,18.99,93.06,220401,基础化工,shmb,C,2023-02-07,[],0,0,buy,A-,,2.114,3.926,28.0,buy,2029-01-06,2.485,21.185,29955.57,10964.42,19.07,19.08,,0,14:59:57,00,Y,N,0,0,Y,,2023-07-12 开始转股,计算使用2.5年期 评级为A- 债参考YTM：9.1813,N,25.0,全价：74.072 最后更新：14:59:57,,,,0,[],0,0,N,,,buy,buy
2026-07-14 09:25:07,113615,金诚转债,jczz,721.583,4.02,603979,金诚信,jcx,67.1,2.49,3.6,11.12,603.42,0,19.58,741.16,240302,有色金属,shmb,C,2021-01-14,[],0,0,buy,AA,,7.784,14.456,1.2,buy,2026-12-23,0.444,4.958,46403.46,74811.39,13.28,-191.52,,0,14:59:57,00,Y,N,0,0,Y,,2021-06-29 开始转股,计算使用0.5年期 评级为AA 债参考YTM：1.5450,N,10.0,全价：721.583 最后更新：14:59:57,,,,1,"{'G': '本次（2025年10月10日至2025年10月30日）不提前赎回，至2026年12月22日到期均不提前赎回', 'M': ''}",0,0,N,,,buy,buy
2026-07-14 09:25:07,113043,财通转债,ctzz,131.274,1.25,601108,财通证券,ctzq,8.74,2.82,1.05,7.98,109.52,0,19.86,151.13,490101,非银金融,shmb,C,2020-12-28,[],0,0,buy,AAA,,,10.374,9.4,buy,2026-12-10,0.408,37.992,19677.3,66758.01,3.94,-47.48,,0,14:59:53,00,Y,Y,1,1,Y,转股价下修1次，成功下修1次,2021-06-16 开始转股,计算使用0.5年期 评级为AAA 债参考YTM：1.4749,N,38.0,全价：131.274 最后更新：14:59:53,,,,0,{'M': ''},0,0,N,,,buy,buy
2026-07-14 09:25:07,123187,超达转债,cdzz,185.3,-6.02,301186,超达装备,cdzb,33.27,-9.47,2.34,21.77,152.83,0,21.25,206.55,280205,汽车,szcy,C,2023-04-25,[],0,0,buy,A,,15.239,28.301,6.2,buy,2029-04-04,2.726,2.242,28502.79,15262.57,67.76,-15.22,,0,15:34:27,00,Y,N,0,0,Y,,2023-10-11 开始转股,计算使用2.8年期 评级为A 债参考YTM：6.9150,N,4.69,全价：185.300 最后更新：15:34:27,,,,0,"{'G': '本次（2026年4月10日至2026年4月30日）不提前赎回，以2026年7月31日之后的首个交易日重新起算', 'M': ''}",0,0,N,,,buy,buy
2026-07-14 09:25:07,123092,天壕转债,thzz,125.348,3.51,300332,天壕能源,thny,5.11,6.46,1.1,4.97,102.82,0,21.91,147.26,410301,公用事业,szcy,C,2021-01-15,[],0,0,buy,A+,,3.479,6.461,8.2,buy,2026-12-24,0.447,3.416,149052.32,38758.63,349.2,-18.6,,0,15:34:06,00,Y,N,0,0,Y,,2021-06-30 开始转股,计算使用0.5年期 评级为A+ 债参考YTM：4.1149,N,4.23,全价：125.348 最后更新：15:34:06,,,,1,{'M': ''},0,0,N,,,buy,buy
2026-07-14 09:25:07,113673,岱美转债,dmzz,195.494,7.21,603730,岱美股份,dmgf,11.41,10.03,4.88,7.12,160.25,0,21.99,217.48,280202,汽车,shmb,C,2023-08-10,[],0,0,buy,AA,,4.984,9.256,3.7,buy,2029-07-18,3.014,9.078,140999.83,50430.68,80.49,-16.12,,0,15:00:00,00,Y,N,1,1,Y,转股价下修1次，成功下修1次,2024-01-24 开始转股,计算使用3.1年期 评级为AA 债参考YTM：1.7667,N,9.079,全价：195.494 最后更新：15:00:00,,,,0,"{'G': '本次（2026年5月7日至2026年5月27日）不提前赎回，以2026年8月27日之后的首个交易日重新起算', 'M': ''}",0,0,N,,,buy,buy
2026-07-14 09:25:07,113667,春23转债,c23zz,276.586,3.21,603890,春秋电子,cqdz,22.55,0.85,2.99,9.95,226.63,0,22.04,298.63,270504,电子,shmb,C,2023-04-11,[],0,0,buy,AA-,,6.965,12.935,5.7,buy,2029-03-17,2.677,5.697,79895.34,56803.7,51.91,-27.46,,0,14:59:59,00,Y,N,0,0,Y,,2023-09-25 开始转股,计算使用2.7年期 评级为AA- 债参考YTM：2.1907,N,5.7,全价：276.586 最后更新：14:59:59,,,,0,"{'G': '本次（2026年3月27日至2026年4月17日）不提前赎回，自2026年7月17日之后的首个交易日重新起算', 'M': ''}",0,0,N,,,buy,buy
2026-07-14 09:25:07,118072,鼎通转债,dtzz,100.0,0.0,688668,鼎通科技,dtkj,345.88,7.42,23.42,423.54,81.66,169,22.45,122.45,730204,通信,shkc,C,,[],0,0,buy,A+,,296.478,550.602,1.9,buy,2032-06-23,5.948,9.3,0.0,136506.72,0.0,2.85,,0,,00,Y,N,0,0,Y,,未到转股期；2026-12-30 开始转股,计算使用6.0年期 评级为A+ 债参考YTM：5.7894,N,9.3,待上市,,,,0,{'M': ''},0,0,N,,,buy,buy
2026-07-14 09:25:07,127040,国泰转债,gtzz,122.217,1.46,002091,江苏国泰,jsgt,7.32,1.53,0.72,7.35,99.59,0,22.72,144.94,450201,商贸零售,szmb,C,2021-08-10,[],0,0,buy,AA+,,5.145,9.555,34.0,buy,2027-07-07,0.981,39.863,8886.83,8973.14,1.84,-11.89,,0,15:34:09,00,Y,N,0,0,Y,,2022-01-13 开始转股,计算使用1.0年期 评级为AA+ 债参考YTM：1.5459,N,45.574,全价：122.217 最后更新：15:34:09,,,,1,{'M': ''},0,0,N,,,buy,buy
2026-07-14 09:25:07,128136,立讯转债,lxzz,136.057,1.61,002475,立讯精密,lxjm,61.67,4.56,5.36,55.81,110.5,0,23.13,159.19,270504,电子,szmb,C,2020-12-02,[],0,0,buy,AA+,,39.067,72.553,0.7,buy,2026-11-03,0.307,29.848,25709.63,835054.43,6.35,-67.81,,0,15:34:00,00,Y,N,0,0,N,2026-07-07 至 2026-07-17 期间暂停转股：权益分派,2021-05-10 开始转股;2026-07-07 至 2026-07-17 期间暂停转股：权益分派,计算使用0.4年期 评级为AA+ 债参考YTM：1.4952,N,30.0,全价：136.057 最后更新：15:34:00,,,,1,{'M': ''},0,0,N,,,buy,buy
2026-07-14 09:25:07,118058,微导转债,wdzz,507.114,3.94,688147,微导纳米,wdnm,137.08,3.07,21.15,33.29,411.78,0,23.15,530.26,630505,电力设备,shkc,C,2025-08-27,[],0,0,buy,AA,,23.303,43.277,1.8,buy,2031-08-06,5.066,11.699,206301.77,133026.14,35.19,-25.76,,0,15:00:00,00,Y,N,0,0,Y,,2026-02-12 开始转股,计算使用5.1年期 评级为AA 债参考YTM：2.0480,N,11.7,全价：507.114 最后更新：15:00:00,,,,0,"{'G': '本次（2026年2月12日至2026年3月12日）不提前赎回，以2026年9月13日为首个交易日重新计算', 'M': ''}",0,0,N,,,buy,buy
2026-07-14 09:25:07,127110,广核转债,ghzz,134.75,1.16,003816,中国广核,zggh,3.9,0.78,1.56,3.58,108.94,0,23.69,158.44,410108,公用事业,szmb,C,2025-07-25,[],0,0,buy,AAA,,2.506,4.654,3.2,buy,2031-07-09,4.989,48.993,17098.45,52029.56,2.6,-4.04,,0,15:34:33,00,Y,N,0,0,Y,,2026-01-15 开始转股,计算使用5.0年期 评级为AAA 债参考YTM：1.7644,N,49.0,全价：134.750 最后更新：15:34:33,,,,0,{'M': ''},0,0,N,,,buy,buy
2026-07-14 09:25:07,113691,和邦转债,hbzz,141.681,3.99,603077,和邦生物,hbsw,2.29,10.1,1.12,2.0,114.5,0,23.74,165.42,220802,基础化工,shmb,C,2024-11-19,[],0,0,buy,AA,,1.4,2.6,22.7,buy,2030-10-28,4.293,45.991,47837.01,69515.44,7.42,-4.87,,0,14:59:57,00,Y,N,0,0,Y,,2025-05-06 开始转股,计算使用4.3年期 评级为AA 债参考YTM：1.9515,N,46.0,全价：141.681 最后更新：14:59:57,,,,0,"{'G': '本次（2026年1月22日至2026年3月10日）不提前赎回，以2027年3月10日之后的首个交易日重新起算', 'M': ''}",0,0,N,,,buy,buy
2026-07-14 09:25:07,127084,柳工转2,lgz2,141.698,2.08,000528,柳工,lg,7.98,3.1,0.85,6.98,114.33,0,23.94,165.64,640601,机械设备,szmb,C,2023-04-20,[],0,0,buy,AAA,,4.886,9.074,15.3,buy,2029-03-27,2.704,24.809,13334.09,23526.54,3.82,-7.31,,0,15:34:30,00,Y,N,0,0,Y,,2023-10-09 开始转股,计算使用2.8年期 评级为AAA 债参考YTM：1.6024,N,30.0,全价：141.698 最后更新：15:34:30,,,,0,{'M': ''},0,0,N,,,buy,buy
2026-07-14 09:25:07,123241,欧通转债,otzz,1062.466,5.89,300870,欧陆通,olt,264.0,5.07,15.25,30.8,857.14,0,23.95,1086.42,630306,电力设备,szcy,C,2024-07-26,[],0,0,buy,AA-,,21.56,40.04,0.6,buy,2030-07-05,3.978,2.604,151614.12,119082.96,56.53,-43.05,,0,15:34:51,00,Y,N,0,0,Y,,2025-01-13 开始转股,计算使用4.0年期 评级为AA- 债参考YTM：2.4202,N,6.445,全价：1062.466 最后更新：15:34:51,,,,0,"{'G': '本次（2026年4月14日至2026年5月7日）不提前赎回，自2026年8月7日后首个交易日重新计算', 'M': ''}",0,0,N,,,buy,buy
2026-07-14 09:25:07,118016,京源转债,jyzz,169.282,4.6,688096,京源环保,jyhb,9.42,3.52,2.6,6.91,136.32,0,24.18,193.46,760102,环保,shkc,C,2022-08-25,[],0,0,buy,A,,4.837,8.983,7.6,buy,2028-08-05,2.063,1.675,31772.48,10720.29,115.36,-15.89,,0,14:59:53,00,Y,N,0,0,Y,,2023-02-13 开始转股,计算使用2.1年期 评级为A 债参考YTM：6.7326,N,3.325,全价：169.282 最后更新：14:59:53,,,,0,"{'G': '本次（2026年5月11日至2026年5月29日）不提前赎回，以2026年8月30日（若为非交易日则顺延）为首个交易日重新计算', 'M': ''}",0,0,N,,,buy,buy
2026-07-14 09:25:07,128128,齐翔转2,qxz2,110.68,-0.08,002408,齐翔腾达,qxtd,4.74,-6.69,1.23,5.37,88.27,0,25.39,136.07,750303,石油石化,szmb,C,2020-09-15,[],0,0,buy,AA,,3.759,6.981,5.2,buy,2026-08-20,0.101,6.792,4762.26,31515.0,6.34,-6.23,,0,15:34:51,00,Y,N,0,0,Y,,2021-02-26 开始转股,计算使用0.2年期 评级为AA 债参考YTM：1.5114,N,29.9,全价：110.680 最后更新：15:34:51,,,,1,{'M': ''},0,0,N,,,buy,buy
2026-07-14 09:25:07,111002,特纸转债,tzzz,144.223,1.28,605007,五洲特纸,wztz,15.4,4.48,1.95,13.49,114.16,0,26.34,170.56,360103,轻工制造,shmb,C,2021-12-30,[],0,0,buy,AA,,9.443,17.537,9.1,buy,2027-12-08,1.403,6.619,8976.4,16788.89,9.45,-15.72,,0,14:59:51,00,Y,N,1,1,Y,转股价下修1次，成功下修1次,2022-06-14 开始转股,计算使用1.5年期 评级为AA 债参考YTM：1.6326,N,6.7,全价：144.223 最后更新：14:59:51,,,,1,[],0,0,N,,,buy,buy
2026-07-14 09:25:07,110098,南药转债,nyzz,138.036,2.14,600713,南京医药,njyy,5.38,5.08,0.96,4.95,108.69,0,27.0,165.04,370402,医药生物,shmb,C,2025-01-20,[],0,0,buy,AA+,,3.465,6.435,15.6,buy,2030-12-25,4.452,10.814,14363.32,21544.28,9.66,-4.6,,0,14:59:51,00,Y,N,0,0,Y,,2025-07-01 开始转股,计算使用4.5年期 评级为AA+ 债参考YTM：1.8207,N,10.815,全价：138.036 最后更新：14:59:51,,,,0,[],0,0,N,,,buy,buy
2026-07-14 09:25:07,123076,强力转债,qlzz,130.45,0.49,300429,强力新材,qlxc,13.0,-3.92,4.03,12.7,102.36,0,27.44,157.89,270601,电子,szcy,C,2020-12-04,[],0,0,buy,AA-,,8.89,16.51,6.2,buy,2026-11-19,0.351,3.393,8500.71,44751.37,19.31,-38.45,,0,15:33:57,00,Y,N,1,1,Y,转股价下修1次，成功下修1次,2021-05-25 开始转股,计算使用0.4年期 评级为AA- 债参考YTM：1.7504,N,8.5,全价：130.450 最后更新：15:33:57,,,,1,{'M': ''},0,0,N,,,buy,buy
2026-07-14 09:25:07,127092,运机转债,yjzz,247.0,4.71,001288,运机集团,yjjt,23.0,3.79,2.2,11.91,193.12,0,27.9,274.9,640203,机械设备,szmb,C,2023-10-20,[],0,0,buy,AA-,,8.337,15.483,15.0,buy,2029-09-21,3.192,5.25,18258.51,7103.36,14.32,-20.46,,0,15:34:27,00,Y,N,0,0,Y,,2024-03-27 开始转股,计算使用3.2年期 评级为AA- 债参考YTM：2.3108,N,7.3,全价：247.000 最后更新：15:34:27,,,,0,{'G': '本次（2025年12月8日至2025年12月26日）不提前赎回，以2026年12月26日后的首个交易日起重新计算'},0,0,N,,,buy,buy
2026-07-14 09:25:07,123091,长海转债,chzz,174.9,5.49,300196,长海股份,chgf,20.45,7.41,1.71,14.99,136.42,0,28.2,203.1,610202,建筑材料,szcy,C,2021-01-15,[],0,0,buy,AA,,10.493,19.487,10.9,buy,2026-12-23,0.444,5.482,110518.78,51491.78,115.86,-82.83,,0,15:34:00,00,Y,N,0,0,Y,,2021-06-29 开始转股,计算使用0.5年期 评级为AA 债参考YTM：1.5450,N,5.5,全价：174.900 最后更新：15:34:00,,,,1,{'G': '本次（2026年4月14日至2026年5月26日）不提前赎回，自2026年8月26日后的首个交易日重新计算'},0,0,N,,,buy,buy
2026-07-14 09:25:07,127030,盛虹转债,shzz,118.743,2.64,000301,东方盛虹,dfsh,12.23,7.28,2.27,13.21,92.58,0,28.26,147.0,750301,石油石化,szmb,C,2021-04-21,[],0,0,buy,AA+,,9.247,17.173,6.2,buy,2027-03-22,0.688,49.974,25042.29,49656.73,4.22,-13.16,,0,15:34:03,00,Y,N,0,0,Y,,2021-09-27 开始转股,计算使用0.7年期 评级为AA+ 债参考YTM：1.5272,N,50.0,全价：118.743 最后更新：15:34:03,,,,1,{'M': ''},0,0,N,,,buy,buy
2026-07-14 09:25:07,123275,肇民转债,zmzz,100.0,0.0,301000,肇民科技,zmkj,26.28,1.78,4.86,33.8,77.75,185,28.61,128.61,280205,汽车,szcy,C,,[],0,0,buy,AA-,,23.66,43.94,9.8,buy,2032-07-08,5.989,5.9,0.0,9132.3,0.0,2.19,,0,,00,Y,N,0,0,Y,,未到转股期；2027-01-15 开始转股,计算使用6.0年期 评级为AA- 债参考YTM：3.4394,N,5.9,待上市,,,,0,{'M': ''},0,0,N,,,buy,buy
2026-07-14 09:25:07,123171,共同转债,gtzz,136.31,0.94,300966,共同药业,gtyy,28.67,-1.14,3.98,27.12,105.72,0,28.94,165.25,370101,医药生物,szcy,C,2022-12-16,[],0,0,buy,A-,,18.984,35.256,17.3,buy,2028-11-28,2.378,3.799,5456.54,15072.99,10.56,-5.57,,0,15:34:33,00,Y,N,0,0,N,2026-07-02 至 2026-07-15 期间暂停转股：权益分派,2023-06-02 开始转股;2026-07-02 至 2026-07-15 期间暂停转股：权益分派,计算使用2.4年期 评级为A- 债参考YTM：9.1543,N,3.8,全价：136.310 最后更新：15:34:33,,,,0,{'M': ''},0,0,N,,,buy,buy
2026-07-14 09:25:07,118044,赛特转债,stzz,162.95,2.21,688398,赛特新材,stxc,23.73,3.26,3.48,18.85,125.89,0,29.44,192.39,220309,基础化工,shkc,C,2023-10-12,[],0,0,buy,A+,,13.195,24.505,11.1,buy,2029-09-11,3.164,4.42,14952.81,5383.95,21.11,-10.05,,0,14:59:54,00,Y,N,1,1,Y,转股价下修1次，成功下修1次,2024-03-15 开始转股,计算使用3.2年期 评级为A+ 债参考YTM：4.6628,N,4.42,全价：162.950 最后更新：14:59:54,,,,0,"{'G': '本次（2026年3月10日至2026年4月20日）不提前赎回，以2026年10月21日起算', 'M': ''}",0,0,N,,,buy,buy
2026-07-14 09:25:07,113051,节能转债,jnzz,128.384,1.89,601016,节能风电,jnfd,3.3,1.23,1.2,3.33,99.1,0,29.55,157.93,410107,公用事业,shmb,C,2021-07-22,[],0,0,buy,AAA,,2.331,4.329,13.3,buy,2027-06-21,0.937,26.519,12310.76,36580.58,3.66,-15.28,,0,14:59:51,00,Y,N,1,0,Y,转股价下修1次，成功下修0次,2021-12-27 开始转股,计算使用1.0年期 评级为AAA 债参考YTM：1.5159,N,30.0,全价：128.384 最后更新：14:59:51,,,,1,"{'G': '本次（2026年4月23日至2026年5月19日）不提前赎回，自2026年8月19日之后的首个交易日重新起算', 'M': ''}",0,0,N,,,buy,buy
2026-07-14 09:25:07,127078,优彩转债,yczz,147.166,2.21,002998,优彩资源,yczy,7.12,2.89,1.39,6.31,112.84,0,30.42,177.59,220401,基础化工,szmb,C,2023-01-09,[],0,0,buy,A+,,4.417,8.203,21.6,buy,2028-12-14,2.422,4.158,5602.71,7959.68,9.25,-8.47,,0,15:34:21,00,Y,N,0,0,Y,,2023-06-20 开始转股,计算使用2.5年期 评级为A+ 债参考YTM：4.4813,N,6.0,全价：147.166 最后更新：15:34:21,,,,0,[],0,0,N,,,buy,buy
2026-07-14 09:25:07,111000,起帆转债,qfzz,147.798,0.91,605222,起帆电缆,qfdl,19.5,-0.26,1.66,17.29,112.78,0,31.05,178.85,630805,电力设备,shmb,C,2021-06-17,[],0,0,buy,AA-,,12.103,22.477,12.4,buy,2027-05-24,0.86,9.991,15668.46,14360.18,10.75,-25.8,,0,15:00:00,00,Y,N,1,1,Y,转股价下修1次，成功下修1次,2021-11-29 开始转股,计算使用0.9年期 评级为AA- 债参考YTM：1.8323,N,10.0,全价：147.798 最后更新：15:00:00,,,,1,{'G': '本次（2026年3月13日至2026年4月20日）不提前赎回，以2026年10月21日为首个交易日重新起算'},0,0,N,,,buy,buy
2026-07-14 09:25:07,127055,精装转债,jzzz,204.46,4.74,002989,中天精装,ztjz,28.85,2.56,4.06,18.5,155.95,0,31.11,235.57,620201,建筑装饰,szmb,C,2022-03-24,[],0,0,buy,AA-,,12.95,24.05,3.6,buy,2028-02-22,1.611,2.081,39893.74,36057.85,95.78,-29.55,,0,15:34:12,00,Y,N,0,0,Y,,2022-08-29 开始转股,计算使用1.7年期 评级为AA- 债参考YTM：1.9672,N,5.77,全价：204.460 最后更新：15:34:12,,,,1,{'G': '本次（2026年2月24日至2026年3月16日）不提前赎回，自2027年3月16日后首个交易日重新计算'},0,0,N,,,buy,buy
2026-07-14 09:25:07,113046,金田转债,jtzz,132.447,1.18,601609,金田股份,jtgf,10.25,0.69,1.72,10.18,100.69,0,31.54,163.99,240302,有色金属,shmb,C,2021-04-12,[],0,0,buy,AA+,,7.126,13.234,8.5,buy,2027-03-22,0.688,14.992,6995.23,36350.79,3.55,-24.64,,0,14:59:51,00,Y,N,0,0,Y,,2021-09-27 开始转股,计算使用0.7年期 评级为AA+ 债参考YTM：1.5272,N,15.0,全价：132.447 最后更新：14:59:51,,,,1,{'M': ''},0,0,N,,,buy,buy
2026-07-14 09:25:07,118056,路维转债,lwzz,344.68,0.07,688401,路维光电,lwgd,84.28,2.18,9.42,32.3,260.93,0,32.1,376.78,270103,电子,shkc,C,2025-07-10,[],0,0,buy,AA-,,22.61,41.99,3.8,buy,2031-06-11,4.912,6.145,115311.08,85184.72,53.94,-20.11,,0,14:59:59,00,Y,N,0,0,Y,,2025-12-17 开始转股,计算使用5.0年期 评级为AA- 债参考YTM：2.5944,N,6.15,全价：344.680 最后更新：14:59:59,,,,0,"{'G': '本次（2026年4月9日至2026年4月29日）不提前赎回，以2026年7月30日为首个交易日重新计算', 'M': ''}",0,0,N,,,buy,buy
2026-07-14 09:25:07,123118,惠城转债,hczz,679.523,2.03,300779,惠城环保,hchb,53.11,-0.47,6.99,10.33,514.13,0,32.17,711.69,760103,环保,szcy,C,2021-07-26,[],0,0,buy,A+,,7.231,13.429,0.5,buy,2027-07-07,0.981,0.654,49744.49,37282.51,113.35,-84.94,,0,15:34:00,00,Y,N,0,0,Y,,2022-01-13 开始转股,计算使用1.0年期 评级为A+ 债参考YTM：4.1859,N,3.2,全价：679.523 最后更新：15:34:00,,,,1,"{'G': '本次（2026年5月6日至2026年5月26日）不提前赎回，自2026年8月26日后首个交易日重新计算', 'M': ''}",0,0,N,,,buy,buy
2026-07-14 09:25:07,123065,宝莱转债,blzz,122.09,1.43,300246,宝莱特,blt,16.87,6.77,3.95,18.3,92.19,0,32.44,154.53,370502,医药生物,szcy,C,2020-09-24,[],0,0,buy,AA-,,12.81,23.79,6.1,buy,2026-09-04,0.143,2.18,3095.01,34236.91,11.73,-41.57,,0,15:33:54,00,Y,N,2,2,Y,转股价下修2次，成功下修2次,2021-03-11 开始转股,计算使用0.2年期 评级为AA- 债参考YTM：1.7114,N,2.19,全价：122.090 最后更新：15:33:54,,,,0,[],0,0,N,,,buy,buy
2026-07-14 09:25:07,111012,福新转债,fxzz,329.346,1.52,605488,福莱新材,flxc,27.5,-0.69,3.64,11.07,248.42,0,32.58,361.93,220505,基础化工,shmb,C,2023-02-07,[],0,0,buy,A+,,7.749,14.391,1.3,buy,2029-01-04,2.48,1.016,37972.32,13889.85,115.47,-34.06,,0,14:59:59,00,Y,N,0,0,Y,,2023-07-10 开始转股,计算使用2.5年期 评级为A+ 债参考YTM：4.4813,N,4.29,全价：329.346 最后更新：14:59:59,,,,0,{'G': '本次（2026年6月22日至2026年7月10日）不提前赎回，自2026年10月10日之后的首个交易日重新起算'},0,0,N,,,buy,buy
2026-07-14 09:25:07,110099,福能转债,fnzz,144.344,1.65,600483,福能股份,fngf,10.71,1.71,1.06,9.84,108.84,0,32.62,176.96,410110,公用事业,shmb,C,2025-10-30,[],0,0,buy,AA+,,6.888,12.792,12.8,buy,2031-10-13,5.252,38.019,13993.54,21714.83,2.56,-5.05,,0,14:59:29,00,Y,N,0,0,N,2026-07-09 至 2026-07-15 期间暂停转股：权益分派,2026-04-17 开始转股;2026-07-09 至 2026-07-15 期间暂停转股：权益分派,计算使用5.3年期 评级为AA+ 债参考YTM：1.9027,N,38.02,全价：144.344 最后更新：14:59:29,,,,0,{'M': ''},0,0,N,,,buy,buy
2026-07-14 09:25:07,123160,泰福转债,tfzz,159.779,1.97,300992,泰福泵业,tfby,23.7,2.02,2.5,19.7,120.31,0,32.81,192.59,640106,机械设备,szcy,C,2022-10-25,[],0,0,buy,A,,13.79,25.61,12.5,buy,2028-09-28,2.211,2.315,7607.93,5621.42,20.86,-12.64,,0,15:34:30,00,Y,N,1,1,Y,转股价下修1次，成功下修1次,2023-04-11 开始转股,计算使用2.3年期 评级为A 债参考YTM：6.7785,N,3.349,全价：159.779 最后更新：15:34:30,,,,0,"{'G': '本次（2026年5月6日至2026年5月26日）不提前赎回，自2026年8月31日后首个交易日重新计算', 'M': ''}",0,0,N,,,buy,buy
2026-07-14 09:25:07,123131,奥飞转债,afzz,262.803,-6.37,300738,奥飞数据,afsj,19.83,-6.24,5.02,10.05,197.31,0,33.19,295.99,730104,通信,szcy,C,2021-12-22,[],0,0,buy,A+,,7.035,13.065,1.6,buy,2027-12-03,1.389,3.159,92377.59,164477.1,111.1,-44.43,,0,15:34:18,00,Y,N,0,0,Y,,2022-06-09 开始转股,计算使用1.4年期 评级为A+ 债参考YTM：4.2444,N,6.35,全价：262.803 最后更新：15:34:18,,,,1,"{'G': '本次（2026年5月21日至2026年6月10日）不提前赎回，以2026年12月10日后的首个交易日重新计算', 'M': ''}",0,0,N,,,buy,buy
2026-07-14 09:25:07,110075,南航转债,nhzz,108.857,-0.42,600029,南方航空,nfhk,5.04,0.6,2.47,6.17,81.69,0,33.26,142.12,421001,交通运输,shmb,C,2020-11-03,[],0,0,buy,AAA,,4.319,8.021,8.7,buy,2026-10-15,0.255,58.959,12949.82,30513.9,2.01,-8.59,,0,14:59:51,00,Y,N,0,0,Y,,2021-04-21 开始转股,计算使用0.3年期 评级为AAA 债参考YTM：1.4563,N,160.0,全价：108.857 最后更新：14:59:51,,,,1,{'M': ''},0,0,N,,,buy,buy
2026-07-14 09:25:07,127103,东南转债,dnzz,142.795,2.96,002135,东南网架,dnwj,5.97,1.7,1.05,5.59,106.8,0,33.71,176.51,620401,建筑装饰,szmb,C,2024-01-24,[],0,0,buy,AA,,3.913,7.267,32.8,buy,2030-01-03,3.477,19.999,9110.93,7175.8,3.25,-6.8,,0,15:34:42,00,Y,N,0,0,Y,,2024-07-09 开始转股,计算使用3.5年期 评级为AA 债参考YTM：1.8235,N,20.0,全价：142.795 最后更新：15:34:42,,,,0,"{'G': '本次（2026年3月17日至2026年4月28日）不提前赎回，自2026年7月28日后首个交易日重新计算', 'M': ''}",0,0,N,,,buy,buy
2026-07-14 09:25:07,113677,华懋转债,hmzz,340.732,2.94,603306,华懋科技,hmkj,85.5,2.36,8.11,33.66,254.01,0,34.14,374.87,280202,汽车,shmb,C,2023-10-12,[],0,0,buy,AA-,,23.562,43.758,3.7,buy,2029-09-14,3.173,10.489,65873.66,103222.88,18.62,-29.13,,0,15:00:00,00,Y,N,0,0,Y,,2024-03-20 开始转股,计算使用3.2年期 评级为AA- 债参考YTM：2.3108,N,10.5,全价：340.732 最后更新：15:00:00,,,,0,{'M': ''},0,0,N,,,buy,buy
2026-07-14 09:25:07,123183,海顺转债,hszz,134.598,1.05,300501,海顺新材,hsxc,11.67,0.86,2.09,11.63,100.34,0,34.14,168.74,360206,轻工制造,szcy,C,2023-04-20,[],0,0,buy,AA-,,8.141,15.119,19.6,buy,2029-03-23,2.693,6.329,4935.45,2659.35,5.84,-4.69,,0,15:34:24,00,Y,N,2,0,Y,转股价下修2次，成功下修0次,2023-10-09 开始转股,计算使用2.7年期 评级为AA- 债参考YTM：2.1907,N,6.33,全价：134.598 最后更新：15:34:24,,,,0,[],0,0,N,,,buy,buy
2026-07-14 09:25:07,113052,兴业转债,xyzz,116.357,0.19,601166,兴业银行,xyyh,17.45,-0.11,0.41,20.13,86.69,0,34.23,150.59,480301,银行,shmb,C,2022-01-14,[],0,0,buy,AAA,,,26.169,11.2,buy,2027-12-27,1.455,413.5,51325.29,186182.72,1.07,-3.05,,0,15:00:00,00,Y,Y,0,0,Y,,2022-06-30 开始转股,计算使用1.5年期 评级为AAA 债参考YTM：1.5438,N,500.0,全价：116.357 最后更新：15:00:00,,,,0,{'M': ''},0,0,N,,,buy,buy
2026-07-14 09:25:07,127027,能化转债,nhzz,113.971,1.07,000552,甘肃能化,gsnh,2.47,2.49,0.79,2.93,84.3,0,35.2,149.17,740101,煤炭,szmb,C,2021-01-22,[],0,0,buy,AAA,,2.051,3.809,21.2,buy,2026-12-10,0.408,19.464,5444.48,15649.15,2.46,-8.59,,0,15:34:27,00,Y,N,0,0,Y,,2021-06-16 开始转股,计算使用0.5年期 评级为AAA 债参考YTM：1.4749,N,28.0,全价：113.971 最后更新：15:34:27,,,,1,{'M': ''},0,0,N,,,buy,buy
2026-07-14 09:25:07,123149,通裕转债,tyzz,135.282,1.78,300185,通裕重工,tyzg,2.7,1.12,1.5,2.71,99.63,0,35.78,171.06,630602,电力设备,szcy,C,2022-07-15,[],0,0,buy,AA,,1.897,3.523,10.7,buy,2028-06-20,1.937,11.069,7113.95,15049.63,4.79,-8.62,,0,15:34:15,00,Y,N,0,0,Y,,2022-12-26 开始转股,计算使用2.0年期 评级为AA 债参考YTM：1.6934,N,14.847,全价：135.282 最后更新：15:34:15,,,,1,{'M': ''},0,0,N,,,buy,buy
2026-07-14 09:25:07,118030,睿创转债,rczz,508.627,2.53,688002,睿创微纳,rcwn,144.7,2.22,9.31,38.65,374.39,0,35.86,544.49,650501,国防军工,shkc,C,2023-02-10,[],0,0,buy,AA,,27.055,50.245,1.9,buy,2028-12-30,2.466,12.622,52277.26,181228.28,8.25,-46.02,,0,14:59:59,00,Y,N,0,0,Y,,2023-07-06 开始转股,计算使用2.5年期 评级为AA 债参考YTM：1.7313,N,15.647,全价：508.627 最后更新：14:59:59,,,,0,"{'G': '本次（2026年3月18日至2026年4月8日）不提前赎回，以2027年4月9日为首个交易日重新计算', 'M': ''}",0,0,N,,,buy,buy
2026-07-14 09:25:07,123150,九强转债,jqzz,134.984,1.74,300406,九强生物,jqsw,11.52,2.4,1.74,11.6,99.31,0,35.92,170.9,370504,医药生物,szcy,C,2022-07-20,[],0,0,buy,AA-,,8.12,15.08,22.9,buy,2028-06-30,1.964,11.21,5342.76,7021.95,3.55,-9.04,,0,15:34:18,00,Y,N,1,1,Y,转股价下修1次，成功下修1次,2023-01-06 开始转股,计算使用2.0年期 评级为AA- 债参考YTM：2.0234,N,11.39,全价：134.984 最后更新：15:34:18,,,,1,{'M': ''},0,0,N,,,buy,buy
2026-07-14 09:25:07,111025,圣泉转债,sqzz,100.0,0.0,605589,圣泉集团,sqjt,51.95,3.8,4.03,70.8,73.38,171,36.28,136.28,220504,基础化工,shmb,C,,[],0,0,buy,AA+,,49.56,92.04,5.7,buy,2032-06-24,5.951,25.0,0.0,204593.18,0.0,1.87,,0,,00,Y,N,0,0,Y,,未到转股期；2027-01-01 开始转股,计算使用6.0年期 评级为AA+ 债参考YTM：1.9594,N,25.0,待上市,,,,0,{'M': ''},0,0,N,,,buy,buy
2026-07-14 09:25:07,123104,卫宁转债,wnzz,132.8,0.61,300253,卫宁健康,wnjk,6.83,-1.16,2.69,7.02,97.29,0,36.49,169.29,710401,计算机,szcy,C,2021-03-31,[],0,0,buy,AA,,4.914,9.126,7.7,buy,2027-03-16,0.671,9.699,5844.77,35496.89,4.57,-14.42,,0,15:34:03,00,Y,N,2,2,Y,转股价下修2次，成功下修2次,2021-09-22 开始转股,计算使用0.7年期 评级为AA 债参考YTM：1.5676,N,9.703,全价：132.800 最后更新：15:34:03,,,,1,{'M': ''},0,0,N,,,buy,buy
2026-07-14 09:25:07,127070,大中转债,dzzz,367.778,5.02,001203,大中矿业,dzky,28.43,1.5,5.83,10.56,269.22,0,36.61,404.39,230301,钢铁,szmb,C,2022-10-11,[],0,0,buy,AA,,7.392,13.728,2.5,buy,2028-08-17,2.096,9.342,78523.34,56366.08,23.4,-42.97,,0,15:34:18,00,Y,N,0,0,Y,,2023-02-23 开始转股,计算使用2.1年期 评级为AA 债参考YTM：1.7034,N,15.2,全价：367.778 最后更新：15:34:18,,,,0,"{'G': '本次（2026年2月24日至2026年3月16日）不提前赎回，以2026年9月16日后的首个交易日重新计算', 'M': ''}",0,0,N,,,buy,buy
2026-07-14 09:25:07,123107,温氏转债,wszz,113.939,0.65,300498,温氏股份,wsgf,13.35,-1.11,2.2,16.09,82.97,0,37.32,151.26,110702,农林牧渔,szcy,C,2021-04-21,[],0,0,buy,AAA,,11.263,20.917,9.7,buy,2027-03-29,0.707,77.063,14081.92,66106.12,1.61,-7.38,,0,15:33:54,00,Y,N,0,0,Y,,2021-10-08 开始转股,计算使用0.8年期 评级为AAA 债参考YTM：1.5076,N,92.97,全价：113.939 最后更新：15:33:54,,,,1,{'M': ''},0,0,N,,,buy,buy
2026-07-14 09:25:07,118051,皓元转债,hyzz,295.442,3.3,688131,皓元医药,hyyy,86.4,4.85,5.74,40.22,214.82,0,37.53,332.97,370603,医药生物,shkc,C,2024-12-19,[],0,0,buy,AA-,,28.154,52.286,4.5,buy,2030-11-28,4.378,8.218,83839.25,57207.11,35.55,-19.29,,0,14:59:57,00,Y,N,0,0,Y,,2025-06-04 开始转股,计算使用4.4年期 评级为AA- 债参考YTM：2.4866,N,8.223,全价：295.442 最后更新：14:59:57,,,,0,"{'G': '本次（2026年5月20日至2026年6月9日）不提前赎回，以2026年10月12日为首个交易日重新计算', 'M': ''}",0,0,N,,,buy,buy
2026-07-14 09:25:07,118050,航宇转债,hyzz,252.945,0.48,688239,航宇科技,hykj,45.59,-2.75,4.23,24.81,183.76,0,37.65,290.6,650201,国防军工,shkc,C,2024-09-10,[],0,0,buy,AA-,,17.367,32.253,7.6,buy,2030-08-21,4.107,6.597,59337.77,42104.89,36.41,-16.9,,0,14:59:59,00,Y,N,0,0,Y,,2025-02-27 开始转股,计算使用4.2年期 评级为AA- 债参考YTM：2.4522,N,6.67,全价：252.945 最后更新：14:59:59,,,,0,"{'G': '本次（2026年5月28日至2026年6月17日）不提前赎回，自2026年9月18日为首个交易日重新计算', 'M': ''}",0,0,N,,,buy,buy
2026-07-14 09:25:07,128142,新乳转债,xrzz,116.0,1.39,002946,新乳业,xry,14.7,4.4,3.23,17.5,84.0,0,38.1,154.1,340702,食品饮料,szmb,C,2021-01-19,[],0,0,buy,AA,,12.25,22.75,5.7,buy,2026-12-18,0.43,7.178,6285.83,13108.63,7.54,-12.1,,0,15:34:03,00,Y,N,0,0,Y,,2021-06-24 开始转股,计算使用0.5年期 评级为AA 债参考YTM：1.5450,N,7.18,全价：116.000 最后更新：15:34:03,,,,1,{'M': ''},0,0,N,,,buy,buy
2026-07-14 09:25:07,113661,福22转债,f22zz,141.28,5.04,603806,福斯特,fst,14.91,10.04,2.34,14.59,102.19,0,38.25,179.53,630504,电力设备,shmb,C,2022-12-22,[],0,0,buy,AA,,10.213,18.967,7.8,buy,2028-11-22,2.362,30.297,96795.51,41391.73,22.76,-9.08,,0,14:59:58,00,Y,N,1,1,Y,转股价下修1次，成功下修1次,2023-05-29 开始转股,计算使用2.4年期 评级为AA 债参考YTM：1.7256,N,30.3,全价：141.280 最后更新：14:59:58,,,,0,{'M': ''},0,0,N,,,buy,buy
2026-07-14 09:25:07,123064,万孚转债,wfzz,111.7,0.31,300482,万孚生物,wfsw,16.87,1.32,1.43,20.88,80.8,0,38.25,149.95,370504,医药生物,szcy,C,2020-09-23,[],0,0,buy,AA,,14.616,27.144,8.2,buy,2026-09-01,0.134,5.976,2898.21,12649.02,4.35,-11.34,,0,15:33:54,00,Y,N,3,3,Y,转股价下修3次，成功下修3次,2021-03-08 开始转股,计算使用0.2年期 评级为AA 债参考YTM：1.5114,N,6.0,全价：111.700 最后更新：15:33:54,,,,1,{'M': ''},0,0,N,,,buy,buy
2026-07-14 09:25:07,123209,聚隆转债,jlzz,167.829,1.83,300644,南京聚隆,njjl,21.08,0.29,2.09,17.52,120.32,0,39.49,207.32,220503,基础化工,szcy,C,2023-08-17,[],0,0,buy,A+,,12.264,22.776,9.0,buy,2029-07-26,3.036,1.672,5354.78,3566.43,19.3,-11.19,,0,15:34:18,00,Y,N,0,0,Y,,2024-02-01 开始转股,计算使用3.1年期 评级为A+ 债参考YTM：4.6422,N,2.185,全价：167.829 最后更新：15:34:18,,,,0,{'G': '本次（2026年1月26日至2026年2月13日）不提前赎回，自2026年8月13日后首个交易日重新计算'},0,0,N,,,buy,buy
2026-07-14 09:25:07,123158,宙邦转债,zbzz,239.0,3.64,300037,新宙邦,xzb,69.25,2.73,4.65,40.49,171.03,0,39.74,278.74,630702,电力设备,szcy,C,2022-10-21,[],0,0,buy,AA,,28.343,52.637,4.8,buy,2028-09-26,2.206,18.046,64321.99,135556.01,15.02,-29.11,,0,15:34:15,00,Y,N,0,0,Y,,2023-03-30 开始转股,计算使用2.3年期 评级为AA 债参考YTM：1.7192,N,19.7,全价：239.000 最后更新：15:34:15,,,,0,"{'G': '本次（2025年12月25日至2026年1月22日）不提前赎回，自2026年7月22日后首个交易日重新计算', 'M': ''}",0,0,N,,,buy,buy
2026-07-14 09:25:07,127045,牧原转债,myzz,122.848,0.23,002714,牧原股份,mygf,38.08,-1.22,2.52,43.32,87.9,0,39.75,162.6,110702,农林牧渔,szmb,C,2021-09-10,[],0,0,buy,AAA,,30.324,56.316,7.6,buy,2027-08-16,1.09,95.43,16191.69,209944.33,1.39,-10.89,,0,15:34:00,00,Y,Y,0,0,Y,,2022-02-21 开始转股,计算使用1.1年期 评级为AAA 债参考YTM：1.5211,N,95.5,全价：122.848 最后更新：15:34:00,,,,1,{'M': ''},0,0,N,,,buy,buy
2026-07-14 09:25:07,127047,帝欧转债,dozz,138.773,2.35,002798,帝欧水华,dosh,5.06,4.98,1.61,5.1,99.22,0,39.87,178.64,360306,轻工制造,szmb,C,2021-11-26,[],0,0,buy,BBB+,,3.57,6.63,17.8,buy,2027-10-25,1.282,4.654,4944.81,8354.53,7.75,-12.61,,0,15:34:06,00,Y,N,1,1,Y,转股价下修1次，成功下修1次,2022-04-29 开始转股,计算使用1.3年期 评级为BBB+ 债参考YTM：12.0068,N,15.0,全价：138.773 最后更新：15:34:06,,,,1,{'G': '本次（2026年4月15日至2026年5月8日）不提前赎回，以2026年8月8日后首个交易日起重新计算'},0,0,N,,,buy,buy
2026-07-14 09:25:07,123124,晶瑞转2,jrz2,145.81,1.0,300655,晶瑞电材,jrdc,16.48,-1.08,6.95,15.88,103.78,0,40.5,186.31,270601,电子,szcy,C,2021-09-07,[],0,0,buy,A+,,11.116,20.644,2.8,buy,2027-08-16,1.09,5.224,14552.79,116134.88,19.23,-23.83,,1,15:34:06,00,Y,N,0,0,Y,,2022-02-21 开始转股,计算使用1.1年期 评级为A+ 债参考YTM：4.1966,N,5.23,全价：145.810 最后更新：15:34:06,,,,1,{'M': ''},0,0,N,,23年6月前不下修,buy,buy
2026-07-14 09:25:07,127088,赫达转债,hdzz,171.712,3.68,002810,山东赫达,sdhd,20.48,3.17,3.11,16.76,122.2,0,40.52,212.23,220309,基础化工,szmb,C,2023-07-19,[],0,0,buy,AA-,,11.732,21.788,9.1,buy,2029-07-03,2.973,5.996,9248.79,13253.55,9.24,-11.88,,0,15:34:36,00,Y,N,0,0,N,2026-07-07 至 2026-07-14 期间暂停转股：权益分派,2024-01-08 开始转股;2026-07-07 至 2026-07-14 期间暂停转股：权益分派,计算使用3.0年期 评级为AA- 债参考YTM：2.2685,N,6.0,全价：171.712 最后更新：15:34:36,,,,0,"{'G': '本次（2026年3月30日至2026年4月20日）不提前赎回，自2026年10月21日起重新计算', 'M': ''}",0,0,N,,,buy,buy
2026-07-14 09:25:07,113066,平煤转债,pmzz,150.457,1.51,601666,平煤股份,pmgf,7.94,5.73,0.78,7.46,106.43,0,41.36,191.82,740102,煤炭,shmb,C,2023-04-10,[],0,0,buy,AAA,,5.222,9.698,7.3,buy,2029-03-16,2.674,14.274,11734.54,32072.12,5.48,-11.26,,0,14:59:58,00,Y,N,1,1,Y,转股价下修1次，成功下修1次,2023-09-22 开始转股,计算使用2.7年期 评级为AAA 债参考YTM：1.5997,N,29.0,全价：150.457 最后更新：14:59:58,,,,0,{'M': ''},0,0,N,,,buy,buy
2026-07-14 09:25:07,123258,胜蓝转02,slz2,347.256,0.91,300843,胜蓝股份,slgf,133.11,3.35,13.22,54.36,244.87,0,41.81,389.07,270504,电子,szcy,C,2025-09-10,[],0,0,buy,AA-,,38.052,70.668,2.1,buy,2031-08-28,5.126,4.498,88776.56,89403.59,57.08,-19.24,,0,15:34:36,00,Y,N,0,0,Y,,2026-03-03 开始转股,计算使用5.2年期 评级为AA- 债参考YTM：2.6933,N,4.5,全价：347.256 最后更新：15:34:36,,,,0,"{'G': '本次（2026年4月22日至2026年5月19日）不提前赎回，自2026年8月19日后首个交易日重新计算', 'M': ''}",0,0,N,,,buy,buy
2026-07-14 09:25:07,127037,银轮转债,ylzz,719.0,5.55,002126,银轮股份,ylgf,52.0,2.97,5.83,10.27,506.33,0,42.0,761.0,280203,汽车,szmb,C,2021-07-09,[],0,0,buy,AA,,7.189,13.351,1.2,buy,2027-06-07,0.899,5.055,50749.32,96820.66,14.42,-94.26,,0,15:34:06,00,Y,N,0,0,Y,,2021-12-13 开始转股,计算使用0.9年期 评级为AA 债参考YTM：1.5822,N,7.0,全价：719.000 最后更新：15:34:06,,,,1,"{'G': '本次（2026年5月27日至2026年6月16日）不提前赎回，2027年5月16日后首个交易日重新计算', 'M': ''}",0,0,N,,,buy,buy
2026-07-14 09:25:07,123112,万讯转债,wxzz,132.98,2.06,300112,万讯自控,wxzk,6.01,3.62,1.76,6.43,93.47,0,42.27,175.25,640107,机械设备,szcy,C,2021-04-23,[],0,0,buy,AA-,,4.501,8.359,15.9,buy,2027-04-08,0.734,2.265,4420.72,3745.92,14.88,-15.4,,0,15:34:09,00,Y,N,1,1,Y,转股价下修1次，成功下修1次,2021-10-14 开始转股,计算使用0.8年期 评级为AA- 债参考YTM：1.8190,N,2.457,全价：132.980 最后更新：15:34:09,,,,1,[],0,0,N,,,buy,buy
2026-07-14 09:25:07,127095,广泰转债,gtzz,144.644,2.44,002111,威海广泰,whgt,9.21,3.6,1.54,9.07,101.54,0,42.45,187.09,650201,国防军工,szmb,C,2023-11-10,[],0,0,buy,AA-,,6.349,11.791,15.4,buy,2029-10-18,3.266,6.927,3338.49,8055.07,3.37,-5.83,,0,15:34:15,00,Y,N,0,0,N,2026-07-13 至 2026-07-20 期间暂停转股：权益分派,2024-04-24 开始转股;2026-07-13 至 2026-07-20 期间暂停转股：权益分派,计算使用3.3年期 评级为AA- 债参考YTM：2.3277,N,7.0,全价：144.644 最后更新：15:34:15,,,,0,[],0,0,N,,,buy,buy
2026-07-14 09:25:07,113686,泰瑞转债,trzz,149.472,1.38,603289,泰瑞机器,trjq,8.38,2.57,1.64,8.0,104.75,0,42.69,192.16,640209,机械设备,shmb,C,2024-07-24,[],0,0,buy,AA-,,5.6,10.4,13.7,buy,2030-07-02,3.97,3.363,4612.57,3408.43,9.24,-5.57,,0,14:59:57,00,Y,N,0,0,Y,,2025-01-08 开始转股,计算使用4.0年期 评级为AA- 债参考YTM：2.4202,N,3.378,全价：149.472 最后更新：14:59:57,,,,0,{'G': '本次（2026年5月6日至2026年5月26日）不提前赎回，自2026年8月26日之后的首个交易日重新起算'},0,0,N,,,buy,buy
2026-07-14 09:25:07,127034,绿茵转债,lyzz,125.665,1.37,002887,绿茵生态,lyst,9.86,0.31,1.23,11.21,87.96,0,42.87,168.54,760104,环保,szmb,C,2021-05-28,[],0,0,buy,AA-,,7.847,14.573,20.0,buy,2027-04-30,0.795,4.279,3424.69,3605.33,6.42,-12.73,,0,15:34:33,00,Y,N,0,0,Y,,2021-11-11 开始转股,计算使用0.8年期 评级为AA- 债参考YTM：1.8190,N,7.12,全价：125.665 最后更新：15:34:33,,,,1,[],0,0,N,,,buy,buy
2026-07-14 09:25:07,127114,宜化转债,yhzz,130.0,30.0,000422,湖北宜化,hbyh,12.8,1.67,1.98,14.08,90.91,174,43.0,173.0,220801,基础化工,szmb,C,2026-07-14,[],0,0,buy,AA+,,9.856,18.304,24.4,buy,2032-06-25,5.953,33.0,54140.71,23657.95,12.62,-2.25,,0,15:34:18,00,Y,Y,0,0,Y,,未到转股期；2027-01-04 开始转股,计算使用6.0年期 评级为AA+ 债参考YTM：1.9594,N,33.0,全价：130.000 最后更新：15:34:18,,,,0,{'M': ''},1,0,N,,,buy,buy
2026-07-14 09:25:07,128127,文科转债,wkzz,113.17,-0.03,002775,文科股份,wkgf,3.1,1.31,35.63,3.92,79.08,0,43.11,156.28,620307,建筑装饰,szmb,C,2020-09-11,[],0,0,buy,BBB+,,2.744,5.096,42.7,buy,2026-08-20,0.101,7.681,2688.03,4181.2,3.09,16.4,,0,15:34:42,00,Y,N,2,2,Y,转股价下修2次，成功下修2次,2021-03-01 开始转股,计算使用0.2年期 评级为BBB+ 债参考YTM：11.7405,N,9.5,全价：113.170 最后更新：15:34:42,,,,1,[],0,0,N,,,buy,buy
2026-07-14 09:25:07,118012,微芯转债,wxzz,159.923,3.08,688321,微芯生物,wxsw,28.23,3.79,4.84,25.34,111.41,0,43.55,203.47,370102,医药生物,shkc,C,2022-07-28,[],0,0,buy,A+,,17.738,32.942,4.3,buy,2028-07-05,1.978,4.996,40126.01,34164.11,50.29,-14.58,,0,14:59:59,00,Y,N,0,0,Y,,2023-01-11 开始转股,计算使用2.0年期 评级为A+ 债参考YTM：4.3634,N,5.0,全价：159.923 最后更新：14:59:59,,,,1,{'M': ''},0,0,N,,,buy,buy
2026-07-14 09:25:07,127064,杭氧转债,hyzz,142.5,-0.9,002430,杭氧股份,hygf,25.33,-8.09,2.44,25.67,98.68,0,44.41,186.91,220309,基础化工,szmb,C,2022-07-05,[],0,0,buy,AA+,,17.969,33.371,4.6,buy,2028-05-19,1.849,11.364,27615.8,102355.31,17.14,-13.27,,0,15:34:15,00,Y,N,1,1,Y,转股价下修1次，成功下修1次,2022-11-25 开始转股,计算使用1.9年期 评级为AA+ 债参考YTM：1.6065,N,11.37,全价：142.500 最后更新：15:34:15,,,,1,{'M': ''},0,0,N,,,buy,buy
2026-07-14 09:25:07,127104,姚记转债,yjzz,147.542,0.1,002605,姚记科技,yjkj,19.95,-3.3,2.1,19.58,101.89,0,44.81,192.35,720401,传媒,szmb,C,2024-02-26,[],0,0,buy,A+,,13.706,25.454,8.6,buy,2030-01-24,3.534,5.822,6438.29,25865.12,7.5,-5.75,,0,15:34:48,00,Y,N,0,0,Y,,2024-07-31 开始转股,计算使用3.6年期 评级为A+ 债参考YTM：4.7245,N,5.831,全价：147.542 最后更新：15:34:48,,,,0,[],0,0,N,,,buy,buy
2026-07-14 09:25:07,113646,永吉转债,yjzz,151.669,1.12,603058,永吉股份,yjgf,8.42,0.72,2.92,8.05,104.6,0,45.0,196.67,360205,轻工制造,shmb,C,2022-05-17,[],0,0,buy,AA-,,5.635,10.465,3.9,buy,2028-04-14,1.753,1.372,5507.4,4336.88,26.75,-16.85,,0,14:59:31,00,Y,N,0,0,Y,,2022-10-20 开始转股,计算使用1.8年期 评级为AA- 债参考YTM：1.9864,N,1.459,全价：151.669 最后更新：14:59:31,,,,1,[],0,0,N,,,buy,buy
2026-07-14 09:25:07,127109,电化转债,dhzz,167.0,3.39,002125,湘潭电化,xtdh,11.5,3.98,2.11,9.99,115.12,0,45.07,212.07,630702,电力设备,szmb,C,2025-07-04,[],0,0,buy,AA,,6.993,12.987,6.7,buy,2031-06-16,4.926,4.866,13599.61,20025.39,16.98,-7.48,,0,15:34:21,00,Y,N,0,0,Y,,2025-12-22 开始转股,计算使用5.0年期 评级为AA 债参考YTM：2.0344,N,4.87,全价：167.000 最后更新：15:34:21,,,,0,"{'G': '本次（2026年4月14日至2026年5月7日）不提前赎回，自2026年8月7日后首个交易日重新计算', 'M': ''}",0,0,N,,,buy,buy
2026-07-14 09:25:07,113597,佳力转债,jlzz,117.84,0.03,603912,佳力图,jlt,7.05,0.43,2.16,8.68,81.22,0,45.09,162.93,640105,机械设备,shmb,C,2020-08-21,[],0,0,buy,AA-,,6.076,11.284,7.8,buy,2026-07-30,0.044,2.965,9322.31,11076.56,26.68,3.3,,0,14:59:58,00,Y,N,1,1,Y,转股价下修1次，成功下修1次,2021-02-05 开始转股,计算使用0.1年期 评级为AA- 债参考YTM：1.7077,N,3.0,全价：117.840 最后更新：14:59:58,,,,1,{'R': '到期\n最后交易日：2026-07-24\n最后转股日：2026-07-29\n债券到期日：2026-07-30\n到期赎回价：118.000元/张'},0,0,N,,,buy,buy
2026-07-14 09:25:07,127082,亚科转债,ykzz,131.999,1.38,002540,亚太科技,ytkj,4.74,2.82,1.05,5.21,90.98,0,45.09,177.09,240301,有色金属,szmb,C,2023-04-27,[],0,0,buy,AA,,3.647,6.773,28.5,buy,2029-03-09,2.655,11.585,5637.93,4759.27,3.71,-5.05,,0,15:34:09,00,Y,N,0,0,Y,,2023-09-15 开始转股,计算使用2.7年期 评级为AA 债参考YTM：1.7417,N,11.59,全价：131.999 最后更新：15:34:09,,,,0,[],0,0,N,,,buy,buy
2026-07-14 09:25:07,110097,天润转债,trzz,136.465,1.46,600419,天润乳业,trry,7.68,2.4,0.98,8.19,93.77,0,45.53,182.0,340702,食品饮料,shmb,C,2024-11-15,[],0,0,buy,AA,,5.733,10.647,40.8,buy,2030-10-24,4.282,9.89,3644.29,5966.6,2.72,-4.03,,0,14:59:51,00,Y,N,0,0,Y,,2025-04-30 开始转股,计算使用4.3年期 评级为AA 债参考YTM：1.9515,N,9.9,全价：136.465 最后更新：14:59:51,,,,0,[],0,0,N,,,buy,buy
2026-07-14 09:25:07,123211,阳谷转债,ygzz,157.8,0.04,300121,阳谷华泰,yght,9.97,-3.11,1.21,9.2,108.37,0,45.61,203.41,220604,基础化工,szcy,C,2023-08-14,[],0,0,buy,AA-,,6.44,11.96,7.2,buy,2029-07-27,3.038,3.07,16072.69,25442.69,33.16,-8.92,,0,15:34:24,00,Y,N,0,0,Y,,2024-02-02 开始转股,计算使用3.1年期 评级为AA- 债参考YTM：2.2912,N,6.5,全价：157.800 最后更新：15:34:24,,,,0,[],0,0,N,,,buy,buy
2026-07-14 09:25:07,128129,青农转债,qnzz,107.791,0.03,002958,青农商行,qnsh,2.87,1.41,0.36,3.88,73.97,0,45.72,153.51,480501,银行,szmb,C,2020-09-18,[],0,0,buy,AAA,,,5.044,32.0,buy,2026-08-25,0.115,49.997,18084.18,22350.92,3.36,1.73,,0,15:34:24,00,Y,N,1,1,Y,转股价下修1次，成功下修1次,2021-03-01 开始转股,计算使用0.2年期 评级为AAA 债参考YTM：1.4509,N,50.0,全价：107.791 最后更新：15:34:24,,,,0,{'M': ''},0,0,N,,,buy,buy
2026-07-14 09:25:07,127050,麒麟转债,qlzz,131.2,0.96,002984,森麒麟,sql,13.56,-0.29,1.02,15.07,89.98,0,45.81,177.01,280204,汽车,szmb,C,2021-12-06,[],0,0,buy,AA,,10.549,19.591,21.5,buy,2027-11-11,1.329,20.86,9159.83,9019.35,3.37,-11.49,,0,15:34:03,00,Y,N,2,2,Y,转股价下修2次，成功下修2次,2022-05-17 开始转股,计算使用1.4年期 评级为AA 债参考YTM：1.6208,N,21.989,全价：131.200 最后更新：15:34:03,,,,1,{'M': ''},0,0,N,,,buy,buy
2026-07-14 09:25:07,113070,渝水转债,yszz,127.448,0.68,601158,重庆水务,cqsw,4.12,0.0,1.13,4.72,87.29,0,46.01,173.46,760102,环保,shmb,C,2025-02-13,[],0,0,buy,AAA,,3.304,6.136,9.6,buy,2031-01-09,4.493,18.998,6637.26,2699.31,2.75,-3.01,,0,14:59:51,00,Y,N,0,0,Y,,2025-07-15 开始转股,计算使用4.5年期 评级为AAA 债参考YTM：1.7285,N,19.0,全价：127.448 最后更新：14:59:51,,,,0,{'M': ''},0,0,N,,,buy,buy
2026-07-14 09:25:07,123225,翔丰转债,xfzz,140.97,1.3,300890,翔丰华,xfh,26.34,1.7,1.38,27.34,96.34,0,46.32,187.29,630702,电力设备,szcy,C,2023-10-26,[],0,0,buy,AA-,,19.138,35.542,19.4,buy,2029-10-10,3.244,5.585,5543.19,13065.97,7.11,-4.32,,0,15:34:45,00,Y,N,1,1,Y,转股价下修1次，成功下修1次,2024-04-16 开始转股,计算使用3.3年期 评级为AA- 债参考YTM：2.3277,N,8.0,全价：140.970 最后更新：15:34:45,,,,0,"{'G': '本次（2026年4月22日至2026年5月15日）不提前赎回，自2026年8月15日后首个交易日重新计算', 'M': ''}",0,0,N,,,buy,buy
2026-07-14 09:25:07,123194,百洋转债,byzz,136.49,1.09,301015,百洋医药,byyy,23.1,0.22,4.69,24.79,93.18,0,46.48,182.97,370402,医药生物,szcy,C,2023-05-05,[],0,0,buy,AA-,,17.353,32.227,7.0,buy,2029-04-14,2.753,8.459,7471.06,30029.37,6.52,-5.68,,0,15:34:21,00,Y,N,0,0,Y,,2023-10-20 开始转股,计算使用2.8年期 评级为AA- 债参考YTM：2.2173,N,8.6,全价：136.490 最后更新：15:34:21,,,,0,{'M': ''},0,0,N,,,buy,buy
2026-07-14 09:25:07,113048,晶科转债,jkzz,120.698,0.7,601778,晶科科技,jkkj,3.68,0.55,0.86,4.47,82.33,0,46.61,167.31,410106,公用事业,shmb,C,2021-05-31,[],0,0,buy,AA,,3.129,5.811,11.3,buy,2027-04-23,0.775,15.453,6687.6,42046.97,3.62,-9.33,,0,14:59:51,00,Y,N,2,2,Y,转股价下修2次，成功下修2次,2021-10-29 开始转股,计算使用0.8年期 评级为AA 债参考YTM：1.5776,N,30.0,全价：120.698 最后更新：14:59:51,,,,1,"{'G': '本次（2026年3月25日至2026年5月6日）不提前赎回，以2026年8月7日为首个交易日重新计算', 'M': ''}",0,0,N,,,buy,buy
2026-07-14 09:25:07,123222,博俊转债,bjzz,149.129,1.86,300926,博俊科技,bjkj,16.72,2.89,1.98,16.46,101.58,0,46.81,195.94,280205,汽车,szcy,C,2023-09-28,[],0,0,buy,A+,,11.522,21.398,4.9,buy,2029-09-08,3.156,2.438,3268.59,6638.35,9.08,-6.96,,0,15:34:42,00,Y,N,0,0,Y,,2024-03-14 开始转股,计算使用3.2年期 评级为A+ 债参考YTM：4.6628,N,5.0,全价：149.129 最后更新：15:34:42,,,,0,{'M': ''},0,0,N,,,buy,buy
2026-07-14 09:25:07,113643,风语转债,fyzz,144.843,5.08,603466,风语筑,fyz,11.61,10.05,3.26,11.8,98.39,0,47.21,192.05,720706,传媒,shmb,C,2022-04-22,[],0,0,buy,AA-,,8.26,15.34,7.2,buy,2028-03-25,1.699,4.992,40534.48,67034.83,56.93,-11.93,,0,14:59:59,00,Y,N,1,1,Y,转股价下修1次，成功下修1次,2022-10-10 开始转股,计算使用1.7年期 评级为AA- 债参考YTM：1.9672,N,5.0,全价：144.843 最后更新：14:59:59,,,,1,{'M': ''},0,0,N,,,buy,buy
2026-07-14 09:25:07,118062,天准转债,tzzz,241.495,5.01,688003,天准科技,tzkj,90.33,3.25,8.76,55.13,163.85,0,47.39,288.89,640704,机械设备,shkc,C,2025-12-31,[],0,0,buy,AA-,,38.591,66.156,5.0,buy,2031-12-12,5.416,8.719,82655.95,47479.83,39.87,-12.84,,0,15:00:00,00,Y,N,0,0,Y,,2026-06-18 开始转股,计算使用5.5年期 评级为AA- 债参考YTM：2.9948,N,8.72,全价：241.495 最后更新：15:00:00,,,,0,"{'G': '本次（2026年6月18日至2026年7月9日）不提前赎回，以2026年10月10日为首个交易日重新计算', 'M': '', 'EX': '债券持有人青一投资、宁波准智等大宗减持15.65% 2026年07月10日公告'}",0,0,N,120%,,buy,buy
2026-07-14 09:25:07,123199,山河转债,shzz,140.75,1.86,300452,山河药辅,shyf,12.4,2.48,2.76,13.0,95.39,0,47.56,188.31,370101,医药生物,szcy,C,2023-07-07,[],0,0,buy,A+,,9.1,16.9,13.0,buy,2029-06-12,2.915,3.197,3750.38,7095.58,8.39,-7.8,,0,15:34:36,00,Y,N,1,1,Y,转股价下修1次，成功下修1次,2023-12-18 开始转股,计算使用3.0年期 评级为A+ 债参考YTM：4.6185,N,3.2,全价：140.750 最后更新：15:34:36,,,,0,[],0,0,N,,,buy,buy
2026-07-14 09:25:07,113695,华辰转债,hczz,142.607,2.47,603097,江苏华辰,jshc,16.1,1.39,3.25,16.68,96.52,0,47.74,190.35,630801,电力设备,shmb,C,2025-07-10,[],0,0,buy,A+,,11.676,21.684,12.7,buy,2031-06-20,4.937,4.597,6258.18,2762.14,9.68,-3.7,,0,14:59:59,00,Y,N,0,0,Y,,2025-12-26 开始转股,计算使用5.0年期 评级为A+ 债参考YTM：4.9444,N,4.6,全价：142.607 最后更新：14:59:59,,,,0,[],0,0,N,,,buy,buy
2026-07-14 09:25:07,127053,豪美转债,hmzz,173.705,1.88,002988,豪美新材,hmxc,20.14,0.35,1.85,17.23,116.89,0,48.61,222.32,240301,有色金属,szmb,C,2022-03-04,[],0,0,buy,AA-,,12.061,22.399,5.1,buy,2028-01-24,1.532,2.575,9910.46,9764.19,22.38,-21.47,,0,15:34:00,00,Y,N,1,1,Y,转股价下修1次，成功下修1次,2022-07-28 开始转股,计算使用1.6年期 评级为AA- 债参考YTM：1.9479,N,8.24,全价：173.705 最后更新：15:34:00,,,,1,{'G': '本次（2026年4月30日至2026年5月25日）不提前赎回，以2026年11月25日后首个交易日起重新计算'},0,0,N,,,buy,buy
2026-07-14 09:25:07,123173,恒锋转债,hfzz,134.11,1.05,300605,恒锋信息,hfxx,9.02,2.97,3.24,10.0,90.2,0,48.68,182.79,710401,计算机,szcy,C,2023-02-08,[],0,0,buy,BBB+,,7.0,13.0,20.4,buy,2028-12-30,2.466,2.33,3214.6,6090.08,10.37,-4.73,,0,15:34:12,00,Y,N,1,1,Y,转股价下修1次，成功下修1次,2023-07-06 开始转股,计算使用2.5年期 评级为BBB+ 债参考YTM：12.3450,N,2.424,全价：134.110 最后更新：15:34:12,,,,0,[],0,0,N,,,buy,buy
2026-07-14 09:25:07,123172,漱玉转债,syzz,130.85,1.61,301017,漱玉平民,sypm,13.12,3.14,2.48,14.91,88.0,0,48.7,179.55,370403,医药生物,szcy,C,2023-01-06,[],0,0,buy,AA-,,10.437,19.383,23.5,buy,2028-12-15,2.425,7.96,7641.84,12169.16,7.38,-4.76,,0,15:33:57,00,Y,N,1,1,Y,转股价下修1次，成功下修1次,2023-06-21 开始转股,计算使用2.5年期 评级为AA- 债参考YTM：2.1375,N,8.0,全价：130.850 最后更新：15:33:57,,,,0,{'M': ''},0,0,N,,,buy,buy
2026-07-14 09:25:07,123195,蓝晓转02,lxz02,185.999,-5.68,300487,蓝晓科技,lxkj,74.0,-7.59,8.19,59.21,124.98,0,48.82,234.82,220504,基础化工,szcy,C,2023-05-08,[],0,0,buy,A+,,41.447,76.973,2.4,buy,2029-04-17,2.762,5.458,57108.67,193268.79,56.36,-15.1,,0,15:34:39,00,Y,N,0,0,Y,,2023-10-23 开始转股,计算使用2.8年期 评级为A+ 债参考YTM：4.5650,N,5.461,全价：185.999 最后更新：15:34:39,,,,0,{'M': ''},0,0,N,,,buy,buy
2026-07-14 09:25:07,118061,茂莱转债,mlzz,240.886,-1.04,688502,茂莱光学,mlgx,589.02,-1.59,24.73,364.15,161.75,0,48.92,289.81,270303,电子,shkc,C,2025-12-10,[],0,0,buy,A+,,254.905,473.395,1.8,buy,2031-11-21,5.359,5.622,140840.03,166149.95,103.79,-12.65,,0,14:59:59,00,Y,N,0,0,Y,,2026-05-27 开始转股,计算使用5.4年期 评级为A+ 债参考YTM：5.2318,N,5.625,全价：240.886 最后更新：14:59:59,,,,0,"{'G': '本次（2026年5月28日至2026年7月3日）不提前赎回，以2026年10月4日首个交易日重新计算', 'M': ''}",0,0,N,,,buy,buy
2026-07-14 09:25:07,118039,煜邦转债,ybzz,134.696,1.26,688597,煜邦电力,ybdl,6.59,0.3,2.58,7.3,90.27,0,49.21,183.91,630804,电力设备,shkc,C,2023-08-15,[],0,0,buy,A,,5.11,9.49,18.5,buy,2029-07-20,3.019,4.104,5293.23,3686.06,9.66,-4.44,,0,14:59:53,00,Y,N,0,0,Y,,2024-01-26 开始转股,计算使用3.1年期 评级为A 债参考YTM：6.9922,N,4.108,全价：134.696 最后更新：14:59:53,,,,0,"{'G': '本次（2026年1月16日至2026年2月11日）不提前赎回，以2026年8月12日为首个交易日重新计算', 'M': ''}",0,0,N,,,buy,buy
2026-07-14 09:25:07,113704,春风转债,cfzz,165.5,3.1,603129,春风动力,cfdl,267.63,0.71,5.13,241.7,110.73,155,49.47,214.97,280402,汽车,shmb,C,2026-07-07,[],0,0,buy,AA+,,169.19,314.21,5.3,buy,2032-06-09,5.91,21.79,65738.27,58710.69,18.66,-6.42,,0,15:00:00,00,Y,N,0,0,Y,,未到转股期；2026-12-16 开始转股,计算使用6.0年期 评级为AA+ 债参考YTM：1.9594,N,21.79,全价：165.500 最后更新：15:00:00,,,,0,{'M': ''},0,0,N,,,buy,buy
2026-07-14 09:25:07,110084,贵燃转债,grzz,127.19,0.91,600903,贵州燃气,gzrq,6.03,0.84,2.18,7.1,84.93,0,49.76,176.95,410301,公用事业,shmb,C,2022-01-18,[],0,0,buy,AA,,4.97,9.23,11.6,buy,2027-12-27,1.455,8.157,4663.45,16139.06,4.52,-8.57,,0,14:59:51,00,Y,N,1,1,Y,转股价下修1次，成功下修1次,2022-07-01 开始转股,计算使用1.5年期 评级为AA 债参考YTM：1.6326,N,10.0,全价：127.190 最后更新：14:59:51,,,,1,{'M': ''},0,0,N,,,buy,buy
2026-07-14 09:25:07,123114,三角转债,sjzz,130.935,-0.28,300775,三角防务,sjfw,19.83,-2.51,1.8,22.69,87.4,0,49.82,180.76,650201,国防军工,szcy,C,2021-06-11,[],0,0,buy,AA-,,15.883,29.497,8.5,buy,2027-05-25,0.863,8.999,9166.36,36214.27,7.83,-14.15,,0,15:34:03,00,Y,N,1,1,Y,转股价下修1次，成功下修1次,2021-11-30 开始转股,计算使用0.9年期 评级为AA- 债参考YTM：1.8323,N,9.044,全价：130.935 最后更新：15:34:03,,,,1,{'M': ''},0,0,N,,,buy,buy
2026-07-14 09:25:07,111022,锡振转债,xzzz,156.19,0.47,605319,无锡振华,wxzh,23.32,-0.55,2.84,22.39,104.15,0,49.96,206.15,280205,汽车,shmb,C,2025-07-14,[],0,0,buy,AA-,,15.673,29.107,6.4,buy,2031-06-18,4.932,5.197,5178.73,7163.83,6.41,-5.67,,0,14:59:51,00,Y,N,0,0,Y,,2025-12-24 开始转股,计算使用5.0年期 评级为AA- 债参考YTM：2.5944,N,5.2,全价：156.190 最后更新：14:59:51,,,,0,[],0,0,N,,,buy,buy
2026-07-14 09:25:07,123257,安克转债,akzz,154.999,2.99,300866,安克创新,akcx,111.32,3.31,5.81,108.86,102.26,0,51.57,206.57,270503,电子,szcy,C,2025-07-04,[],0,0,buy,AA+,,76.202,141.518,3.2,buy,2031-06-16,4.926,11.046,14782.64,60170.96,8.67,-6.42,,0,15:34:39,00,Y,N,0,0,Y,,2025-12-22 开始转股,计算使用5.0年期 评级为AA+ 债参考YTM：1.8744,N,11.048,全价：154.999 最后更新：15:34:39,,,,0,{'M': ''},0,0,N,,,buy,buy
2026-07-14 09:25:07,113067,燃23转债,r23zz,128.4,0.98,601139,深圳燃气,szrq,6.13,1.16,1.05,7.24,84.67,0,51.65,180.05,410301,公用事业,shmb,C,2023-08-18,[],0,0,buy,AAA,,5.068,9.412,17.0,buy,2029-07-27,3.038,29.999,6209.07,18536.14,1.62,-4.83,,0,14:59:51,00,Y,N,0,0,Y,,2024-02-02 开始转股,计算使用3.1年期 评级为AAA 债参考YTM：1.6123,N,30.0,全价：128.400 最后更新：14:59:51,,,,0,{'M': ''},0,0,N,,,buy,buy
2026-07-14 09:25:07,118013,道通转债,dtzz,173.707,-0.13,688208,道通科技,dtkj,24.57,2.85,4.07,21.48,114.39,0,51.86,225.57,710103,计算机,shkc,C,2022-07-28,[],0,0,buy,AA,,15.036,27.924,7.8,buy,2028-07-08,1.986,12.796,9281.66,25948.35,4.2,-18.25,,0,14:59:51,00,Y,N,0,0,Y,,2023-01-16 开始转股,计算使用2.0年期 评级为AA 债参考YTM：1.6934,N,12.8,全价：173.707 最后更新：14:59:51,,,,1,"{'G': '本次（2026年1月5日至2026年1月23日）不提前赎回，以2026年7月24日为首个交易日重新计算', 'M': ''}",0,0,N,,,buy,buy
2026-07-14 09:25:07,110073,国投转债,gtzz,106.902,0.02,600061,国投资本,gtzb,6.52,0.62,0.73,9.27,70.33,0,51.99,158.89,490101,非银金融,shmb,C,2020-08-20,[],0,0,buy,AAA,,,12.051,19.2,buy,2026-07-24,0.027,79.988,33593.5,19806.25,3.93,3.71,,0,14:59:51,00,Y,N,0,0,Y,,2021-02-01 开始转股,计算使用0.1年期 评级为AAA 债参考YTM：1.4477,N,80.0,全价：106.902 最后更新：14:59:51,,,,0,"{'R': '到期\n最后交易日：2026-07-20\n最后转股日：2026-07-23\n债券到期日：2026-07-24\n到期赎回价：107.000元/张', 'M': ''}",0,0,N,,,buy,buy
2026-07-14 09:25:07,127061,美锦转债,mjzz,97.4,1.35,000723,美锦能源,mjny,3.37,4.01,1.16,5.26,64.07,0,52.02,149.42,740201,煤炭,szmb,C,2022-05-30,[],0,0,buy,A,,3.682,6.838,18.8,buy,2028-04-20,1.77,27.89,9271.39,20449.99,3.43,12.97,,0,15:34:09,00,Y,N,2,1,Y,转股价下修2次，成功下修1次,2022-10-26 开始转股,计算使用1.8年期 评级为A 债参考YTM：6.6751,Y,35.9,全价：97.400 最后更新：15:34:09,,,"按下调到底估算
股东大会：2026-07-16
预估转股价：3.51
预估转股价值：96.01
期权价值：18.80
理论价值：126.45
理论偏离度：-29.83%",1,{'M': ''},0,0,N,,,buy,buy
2026-07-14 09:25:07,127046,百润转债,brzz,128.949,0.6,002568,百润股份,brgf,17.15,-1.83,3.45,20.33,84.36,0,52.86,181.81,340602,食品饮料,szmb,C,2021-11-03,[],0,0,buy,AA,,14.231,26.429,8.7,buy,2027-09-29,1.211,11.274,8434.4,24987.16,5.82,-11.27,,0,15:34:12,00,Y,N,1,1,Y,转股价下修1次，成功下修1次,2022-04-12 开始转股,计算使用1.3年期 评级为AA 债参考YTM：1.6098,N,11.28,全价：128.949 最后更新：15:34:12,,,,0,{'M': ''},0,0,N,,,buy,buy
2026-07-14 09:25:07,113054,绿动转债,ldzz,124.311,1.38,601330,绿色动力,lsdl,7.05,2.92,1.19,8.67,81.32,0,52.88,177.19,760103,环保,shmb,C,2022-03-23,[],0,0,buy,AA+,,6.069,11.271,33.8,buy,2028-02-25,1.619,23.598,9207.05,9106.98,3.16,-6.94,,0,14:59:55,00,Y,N,0,0,Y,,2022-09-05 开始转股,计算使用1.7年期 评级为AA+ 债参考YTM：1.5921,N,23.6,全价：124.311 最后更新：14:59:55,,,,1,[],0,0,N,,,buy,buy
2026-07-14 09:25:07,113678,中贝转债,zbzz,142.755,-0.4,603220,中贝通信,zbtx,19.18,-1.79,2.61,20.54,93.38,0,52.88,195.64,730103,通信,shmb,C,2023-11-21,[],0,0,buy,A+,,14.378,26.702,6.1,buy,2029-10-19,3.269,5.106,13646.3,31516.56,18.8,-5.18,,0,15:00:00,00,Y,N,2,1,N,"转股价下修2次，成功下修1次
2026-07-13 至 2026-07-17 期间暂停转股：权益分派
转股价20.540生效日期2026-02-10",2024-04-25 开始转股;2026-07-13 至 2026-07-17 期间暂停转股：权益分派,计算使用3.3年期 评级为A+ 债参考YTM：4.6807,N,5.17,全价：142.755 最后更新：15:00:00,,,,0,"{'G': '本次（2026年3月16日至2026年4月27日）不提前赎回，以2026年7月28日起算', 'M': ''}",0,0,N,,,buy,buy
2026-07-14 09:25:07,113037,紫银转债,zyzz,109.926,0.01,601860,紫金银行,zjyh,2.55,1.19,0.45,3.55,71.83,0,53.03,162.96,480501,银行,shmb,C,2020-08-17,[],0,0,buy,AA+,,,4.615,49.7,buy,2026-07-23,0.025,44.994,15125.98,14632.46,3.06,3.07,,0,14:59:57,00,Y,N,1,1,Y,转股价下修1次，成功下修1次,2021-01-29 开始转股,计算使用0.1年期 评级为AA+ 债参考YTM：1.4777,N,45.0,全价：109.926 最后更新：14:59:57,,,,0,"{'R': '到期\n最后交易日：2026-07-17\n最后转股日：2026-07-22\n债券到期日：2026-07-23\n到期赎回价：110.000元/张', 'M': ''}",0,0,N,,,buy,buy
2026-07-14 09:25:07,123216,科顺转债,kszz,125.1,1.43,300737,科顺股份,ksgf,5.37,0.0,1.48,6.61,81.24,0,53.99,179.09,610304,建筑材料,szcy,C,2023-08-23,[],0,0,buy,AA-,,4.627,8.593,46.1,buy,2029-08-04,3.06,21.959,8912.56,13151.44,3.27,-1.57,,0,15:34:24,00,Y,N,2,1,Y,转股价下修2次，成功下修1次,2024-02-19 开始转股,计算使用3.1年期 评级为AA- 债参考YTM：2.2912,N,21.98,全价：125.100 最后更新：15:34:24,,,,0,{'M': ''},0,0,N,,,buy,buy
2026-07-14 09:25:07,113706,金帝转债,jdzz,149.486,4.53,603270,金帝股份,jdgf,29.66,2.06,2.83,30.62,96.87,161,54.32,203.81,640108,机械设备,shmb,C,2026-07-10,[],0,0,buy,AA,,21.434,39.806,46.2,buy,2032-06-14,5.923,9.7,98110.43,20382.69,68.27,-3.86,,0,14:59:59,00,Y,N,0,0,Y,,未到转股期；2026-12-22 开始转股,计算使用6.0年期 评级为AA 债参考YTM：2.2194,N,9.7,全价：149.486 最后更新：14:59:59,,,,0,{'M': ''},0,0,N,,,buy,buy
2026-07-14 09:25:07,127099,盛航转债,shzz,132.275,1.0,001205,盛航股份,shgf,13.12,0.54,1.12,15.33,85.58,0,54.56,186.84,421101,交通运输,szmb,C,2023-12-28,[],0,0,buy,AA-,,10.731,19.929,20.8,buy,2029-12-06,3.4,4.541,2724.2,7337.27,4.55,-2.95,,0,15:34:30,00,Y,N,1,1,Y,转股价下修1次，成功下修1次,2024-06-12 开始转股,计算使用3.4年期 评级为AA- 债参考YTM：2.3426,N,7.4,全价：132.275 最后更新：15:34:30,,,,0,[],0,0,N,,,buy,buy
2026-07-14 09:25:07,127089,晶澳转债,jazz,123.014,0.42,002459,晶澳科技,jakj,7.08,0.71,1.1,8.9,79.55,0,54.64,177.65,630502,电力设备,szmb,C,2023-08-04,[],0,0,buy,AA+,,6.23,11.57,38.3,buy,2029-07-18,3.014,89.588,10396.43,22785.19,0.95,-3.16,,0,15:34:24,00,Y,N,3,2,Y,转股价下修3次，成功下修2次,2024-01-24 开始转股,计算使用3.1年期 评级为AA+ 债参考YTM：1.6855,N,89.603,全价：123.014 最后更新：15:34:24,,,,0,{'M': ''},0,0,N,,,buy,buy
2026-07-14 09:25:07,111017,蓝天转债,ltzz,129.156,1.01,605368,蓝天燃气,ltrq,6.65,1.53,1.41,7.98,83.33,0,54.99,184.15,410301,公用事业,shmb,C,2023-09-08,[],0,0,buy,AA,,5.586,10.374,14.1,buy,2029-08-15,3.09,6.715,7820.78,3575.16,9.05,-3.96,,0,14:59:53,00,Y,N,1,0,Y,转股价下修1次，成功下修0次,2024-02-21 开始转股,计算使用3.1年期 评级为AA 债参考YTM：1.7667,Y,8.7,全价：129.156 最后更新：14:59:53,,,"按下调到底估算
股东大会：2026-07-27
预估转股价：6.61
预估转股价值：100.61
期权价值：20.65
理论价值：129.07
理论偏离度：0.07%",0,[],0,0,N,,,buy,buy
2026-07-14 09:25:07,113652,伟22转债,w22zz,130.738,0.08,603568,伟明环保,wmhb,16.01,-1.23,2.13,19.02,84.18,0,55.32,186.06,760103,环保,shmb,C,2022-08-12,[],0,0,buy,AA,,13.314,24.726,4.5,buy,2028-07-22,2.025,14.766,4751.11,11936.54,2.46,-6.97,,0,14:59:51,00,Y,N,2,2,Y,转股价下修2次，成功下修2次,2023-01-30 开始转股,计算使用2.1年期 评级为AA 债参考YTM：1.7034,N,14.77,全价：130.738 最后更新：14:59:51,,,,0,{'M': ''},0,0,N,,,buy,buy
2026-07-14 09:25:07,113636,甬金转债,yjzz,130.648,1.61,603995,甬金股份,yjgf,22.0,2.66,1.33,26.22,83.91,0,55.71,186.36,230501,钢铁,shmb,C,2021-12-31,[],0,0,buy,AA-,,18.354,34.086,12.5,buy,2027-12-13,1.416,9.995,5997.05,13990.9,4.63,-7.32,,0,14:59:51,00,Y,N,1,1,Y,转股价下修1次，成功下修1次,2022-06-17 开始转股,计算使用1.5年期 评级为AA- 债参考YTM：1.9288,N,10.0,全价：130.648 最后更新：14:59:51,,,,1,{'M': ''},0,0,N,,,buy,buy
2026-07-14 09:25:07,118060,瑞可转债,rkzz,216.046,2.57,688800,瑞可达,rkd,72.88,1.25,8.33,52.53,138.74,0,55.72,271.77,270401,电子,shkc,C,2025-12-12,[],0,0,buy,AA-,,36.771,68.289,4.8,buy,2031-11-14,5.34,9.999,36878.78,73718.72,17.4,-11.16,,0,14:59:56,00,Y,N,0,0,Y,,2026-05-20 开始转股,计算使用5.4年期 评级为AA- 债参考YTM：2.8832,N,10.0,全价：216.046 最后更新：14:59:56,,,,0,"{'G': '本次（2026年5月20日至2026年6月9日）不提前赎回，以2026年12月10日为首个交易日重新计算', 'M': ''}",0,0,N,,,buy,buy
2026-07-14 09:25:07,123235,亿田转债,ytzz,149.24,-0.44,300911,亿田智能,ytzn,20.4,-3.18,3.28,21.31,95.73,0,55.9,205.14,330401,家用电器,szcy,C,2024-01-12,[],0,0,buy,A+,,14.917,27.703,12.5,buy,2029-12-21,3.441,4.353,14602.77,14499.55,22.79,-6.37,,0,15:34:48,00,Y,N,0,0,Y,,2024-06-27 开始转股,计算使用3.5年期 评级为A+ 债参考YTM：4.7110,N,5.202,全价：149.240 最后更新：15:34:48,,,,0,{'M': ''},0,0,N,,,buy,buy
2026-07-14 09:25:07,111015,东亚转债,dyzz,126.969,1.78,605177,东亚药业,dyyy,16.49,3.71,1.07,20.28,81.31,0,56.15,183.12,370101,医药生物,shmb,C,2023-08-02,[],0,0,buy,A+,,14.196,26.364,35.5,buy,2029-07-06,2.981,6.662,3585.74,3843.6,4.28,-2.32,,0,14:59:51,00,Y,N,1,1,Y,转股价下修1次，成功下修1次,2024-01-12 开始转股,计算使用3.0年期 评级为A+ 债参考YTM：4.6185,N,6.9,全价：126.969 最后更新：14:59:51,,,,0,[],0,0,N,,,buy,buy
2026-07-14 09:25:07,123133,佩蒂转债,pdzz,131.0,1.63,300673,佩蒂股份,pdgf,12.55,-0.16,1.65,15.0,83.67,0,56.57,187.57,110404,农林牧渔,szcy,C,2022-01-21,[],0,0,buy,AA-,,10.5,19.5,35.7,buy,2027-12-22,1.441,7.198,5797.96,2933.24,6.2,-7.64,,0,15:34:09,00,Y,N,2,2,Y,转股价下修2次，成功下修2次,2022-06-28 开始转股,计算使用1.5年期 评级为AA- 债参考YTM：1.9288,N,7.2,全价：131.000 最后更新：15:34:09,,,,1,[],0,0,N,,,buy,buy
2026-07-14 09:25:07,113649,丰山转债,fszz,131.474,1.58,603810,丰山集团,fsjt,11.37,5.08,1.15,13.61,83.54,0,57.38,188.85,220803,基础化工,shmb,C,2022-07-21,[],0,0,buy,AA-,,9.527,17.693,24.3,buy,2028-06-27,1.956,4.577,5688.77,2649.04,9.54,-5.84,,0,14:59:51,00,Y,N,0,0,Y,,2023-01-03 开始转股,计算使用2.0年期 评级为AA- 债参考YTM：2.0234,N,5.0,全价：131.474 最后更新：14:59:51,,,,1,[],0,0,N,,,buy,buy
2026-07-14 09:25:07,127105,龙星转债,lxzz,127.999,1.54,002442,龙星科技,lxkj,4.71,1.73,1.28,5.8,81.21,0,57.62,185.62,220603,基础化工,szmb,C,2024-03-06,[],0,0,buy,AA-,,4.06,7.54,32.5,buy,2030-01-31,3.553,7.534,4625.61,6213.03,4.84,-2.0,,0,15:34:18,00,Y,N,0,0,Y,,2024-08-07 开始转股,计算使用3.6年期 评级为AA- 债参考YTM：2.3685,N,7.54,全价：127.999 最后更新：15:34:18,,,,0,[],0,0,N,,,buy,buy
2026-07-14 09:25:07,123080,海波转债,hbzz,127.4,1.0,300517,海波重科,hbzk,9.11,0.33,1.71,11.28,80.76,0,57.75,185.15,620401,建筑装饰,szcy,C,2020-12-22,[],0,0,buy,A+,,7.896,14.664,12.9,buy,2026-12-02,0.386,1.485,2807.04,4987.42,14.94,-15.14,,0,15:34:00,00,Y,N,0,0,Y,,2021-06-08 开始转股,计算使用0.4年期 评级为A+ 债参考YTM：4.0903,N,2.45,全价：127.400 最后更新：15:34:00,,,,1,[],0,0,N,,,buy,buy
2026-07-14 09:25:07,123255,鼎龙转债,dlzz,463.5,5.34,300054,鼎龙股份,dlgf,82.6,3.35,14.38,28.38,291.05,0,59.25,522.75,270601,电子,szcy,C,2025-04-23,[],0,0,buy,AA,,19.866,36.894,1.5,buy,2031-04-02,4.721,9.096,204351.62,364536.31,49.3,-25.91,,0,15:34:36,00,Y,N,0,0,Y,,2025-10-09 开始转股,计算使用4.8年期 评级为AA 债参考YTM：2.0104,N,9.1,全价：463.500 最后更新：15:34:36,,,,0,"{'G': '本次（2026年4月8日至2026年4月28日）不提前赎回，自2026年10月28日后首个交易日重新计算', 'M': ''}",0,0,N,,,buy,buy
2026-07-14 09:25:07,123119,康泰转2,ktz2,124.3,0.8,300601,康泰生物,ktsw,12.21,2.78,1.41,15.69,77.82,0,59.73,184.03,370303,医药生物,szcy,C,2021-08-05,[],0,0,buy,AA,,10.983,20.397,18.2,buy,2027-07-15,1.003,19.99,7880.53,28984.53,3.18,-8.57,,0,15:34:09,00,Y,N,5,5,Y,转股价下修5次，成功下修5次,2022-01-21 开始转股,计算使用1.1年期 评级为AA 债参考YTM：1.5920,N,20.0,全价：124.300 最后更新：15:34:09,,,,1,{'M': ''},0,0,N,,,buy,buy
2026-07-14 09:25:07,118007,山石转债,sszz,130.868,0.65,688030,山石网科,sswk,13.48,-2.46,3.48,16.5,81.7,0,60.19,191.06,710402,计算机,shkc,C,2022-04-21,[],0,0,buy,A-,,11.55,21.45,11.0,buy,2028-03-22,1.69,2.671,3108.8,4387.19,8.95,-6.74,,0,14:59:51,00,Y,N,1,1,Y,转股价下修1次，成功下修1次,2022-09-28 开始转股,计算使用1.7年期 评级为A- 债参考YTM：9.0047,N,2.674,全价：130.868 最后更新：14:59:51,,,,1,{'M': ''},0,0,N,,,buy,buy
2026-07-14 09:25:07,123088,威唐转债,wtzz,117.239,0.63,300707,威唐工业,wtgy,10.92,2.73,1.65,14.95,73.04,0,60.51,177.75,280205,汽车,szcy,C,2021-01-06,[],0,0,buy,A+,,10.465,19.435,19.2,buy,2026-12-15,0.422,3.004,3019.37,4319.58,8.61,-4.56,,0,15:34:00,00,Y,N,1,1,Y,转股价下修1次，成功下修1次,2021-06-21 开始转股,计算使用0.5年期 评级为A+ 债参考YTM：4.1149,N,3.014,全价：117.239 最后更新：15:34:00,,,,1,[],0,0,N,,,buy,buy
2026-07-14 09:25:07,128125,华阳转债,hyzz,112.848,0.1,002949,华阳国际,hygj,9.96,1.32,1.23,14.19,70.19,0,60.77,173.62,620601,建筑装饰,szmb,C,2020-08-21,[],0,0,buy,AA-,,9.933,18.447,29.7,buy,2026-07-30,0.044,4.496,6042.41,3337.86,11.92,3.28,,0,15:33:57,00,Y,N,2,2,Y,转股价下修2次，成功下修2次,2021-02-05 开始转股,计算使用0.1年期 评级为AA- 债参考YTM：1.7077,N,4.5,全价：112.848 最后更新：15:33:57,,,,1,{'R': '到期\n最后交易日：2026-07-24\n最后转股日：2026-07-29\n债券到期日：2026-07-30\n到期赎回价：113.000元/张'},0,0,N,,,buy,buy
2026-07-14 09:25:07,113688,国检转债,gjzz,135.478,0.85,603060,国检集团,gjjt,5.43,1.31,2.09,6.45,84.19,0,60.93,196.41,460802,社会服务,shmb,C,2024-11-12,[],0,0,buy,AA+,,4.515,8.385,18.3,buy,2030-10-17,4.263,7.997,2504.22,2813.78,2.32,-3.58,,0,14:59:51,00,Y,N,0,0,Y,,2025-04-23 开始转股,计算使用4.3年期 评级为AA+ 债参考YTM：1.7996,N,8.0,全价：135.478 最后更新：14:59:51,,,,0,[],0,0,N,,,buy,buy
2026-07-14 09:25:07,123155,中陆转债,zlzz,134.4,3.34,301040,中环海陆,zhhl,26.49,8.52,3.42,31.76,83.41,0,61.14,195.54,630602,电力设备,szcy,C,2022-08-31,[],0,0,buy,A+,,22.232,41.288,14.4,buy,2028-08-12,2.082,3.6,7121.55,12116.24,14.92,-5.7,,0,15:34:06,00,Y,N,0,0,Y,,2023-02-20 开始转股,计算使用2.1年期 评级为A+ 债参考YTM：4.3826,N,3.6,全价：134.400 最后更新：15:34:06,,,,0,{'M': ''},0,0,N,,,buy,buy
2026-07-14 09:25:07,118059,颀中转债,qzzz,222.126,0.74,688352,颀中科技,qzkj,18.85,-3.33,3.84,13.7,137.59,0,61.44,283.57,270107,电子,shkc,C,2025-11-21,[],0,0,buy,AA+,,9.59,17.81,12.3,buy,2031-11-03,5.31,8.499,71784.02,65075.8,38.72,-12.18,,0,14:59:58,00,Y,N,0,0,Y,,2026-05-07 开始转股,计算使用5.4年期 评级为AA+ 债参考YTM：1.9112,N,8.5,全价：222.126 最后更新：14:59:58,,,,0,"{'G': '本次（2026年5月26日至2026年6月17日）不提前赎回，以2026年12月18日为首个交易日重新计算', 'M': ''}",0,0,N,,,buy,buy
2026-07-14 09:25:07,113659,莱克转债,lkzz,128.999,0.58,603355,莱克电气,lkdq,25.34,-0.71,2.53,31.72,79.89,0,61.48,190.48,330302,家用电器,shmb,C,2022-11-15,[],0,0,buy,AA,,22.204,41.236,8.3,buy,2028-10-14,2.255,11.998,6922.23,7124.86,4.49,-5.7,,0,14:59:52,00,Y,N,0,0,Y,,2023-04-20 开始转股,计算使用2.3年期 评级为AA 债参考YTM：1.7192,N,12.0,全价：128.999 最后更新：14:59:52,,,,0,{'M': ''},0,0,N,,,buy,buy
2026-07-14 09:25:07,118036,力合转债,lhzz,136.335,1.02,688589,力合微,lhw,20.1,0.65,2.8,23.83,84.35,0,61.63,197.97,270104,电子,shkc,C,2023-07-20,[],0,0,buy,AA-,,16.681,30.979,13.0,buy,2029-06-28,2.959,3.8,5823.78,12863.6,11.33,-4.7,,0,14:59:47,00,Y,N,1,1,Y,转股价下修1次，成功下修1次,2024-01-04 开始转股,计算使用3.0年期 评级为AA- 债参考YTM：2.2685,N,3.8,全价：136.335 最后更新：14:59:47,,,,0,{'M': ''},0,0,N,,,buy,buy
2026-07-14 09:25:07,127093,章鼓转债,zgzz,129.708,0.28,002598,ST章鼓,sdzg,6.64,-1.34,1.57,8.3,80.0,0,62.14,191.85,640106,机械设备,szmb,C,2023-11-03,[],0,0,buy,A,,5.81,10.79,12.7,buy,2029-10-17,3.263,2.425,548.82,2808.71,1.75,-2.9,,0,15:34:39,00,Y,N,1,1,Y,转股价下修1次，成功下修1次,2024-04-23 开始转股,计算使用3.3年期 评级为A 债参考YTM：7.0307,N,2.43,全价：129.708 最后更新：15:34:39,,,,0,[],0,0,N,,,buy,buy
2026-07-14 09:25:07,118031,天23转债,t23zz,122.537,0.4,688599,天合光能,thgn,12.09,0.58,1.37,16.0,75.56,0,62.17,184.71,630502,电力设备,shkc,C,2023-03-15,[],0,0,buy,AA,,11.2,20.8,20.7,buy,2029-02-13,2.589,58.512,7175.83,32231.49,1.01,-1.37,,0,14:59:51,00,Y,N,2,2,Y,转股价下修2次，成功下修2次,2023-08-17 开始转股,计算使用2.6年期 评级为AA 债参考YTM：1.7365,N,88.648,全价：122.537 最后更新：14:59:51,,,,0,{'M': ''},0,0,N,,,buy,buy
2026-07-14 09:25:07,127113,长高转债,cgzz,159.145,0.08,002452,长高电气,cgdq,10.71,-0.37,2.37,10.92,98.08,62,62.27,221.42,630801,电力设备,szmb,C,2026-03-30,[],0,0,buy,AA-,,7.644,14.196,13.7,buy,2032-03-08,5.655,7.586,8041.97,25255.34,6.69,-5.84,,0,15:34:39,00,Y,N,0,0,Y,,未到转股期；2026-09-14 开始转股,计算使用5.7年期 评级为AA- 债参考YTM：3.2162,N,7.59,全价：159.145 最后更新：15:34:39,,,,0,{'M': ''},0,0,N,,,buy,buy
2026-07-14 09:25:07,113680,丽岛转债,ldzz,133.827,2.51,603937,丽岛新材,ldxc,10.62,4.32,1.41,12.91,82.26,0,62.68,196.51,240301,有色金属,shmb,C,2023-12-05,[],0,0,buy,A+,,9.037,16.783,13.5,buy,2029-11-15,3.343,2.998,6483.25,10540.24,16.37,-3.21,,0,14:59:48,00,Y,N,0,0,Y,,2024-05-21 开始转股,计算使用3.4年期 评级为A+ 债参考YTM：4.6966,N,3.0,全价：133.827 最后更新：14:59:48,,,,0,[],0,0,N,,,buy,buy
2026-07-14 09:25:07,127054,双箭转债,sjzz,124.791,1.86,002381,双箭股份,sjgf,5.33,3.09,1.01,6.96,76.58,0,62.95,187.74,220602,基础化工,szmb,C,2022-03-15,[],0,0,buy,AA,,4.872,9.048,29.9,buy,2028-02-11,1.581,5.136,2940.95,2320.29,4.63,-5.73,,0,15:34:06,00,Y,N,0,0,Y,,2022-08-17 开始转股,计算使用1.6年期 评级为AA 债参考YTM：1.6450,N,5.136,全价：124.791 最后更新：15:34:06,,,,1,[],0,0,N,,,buy,buy
2026-07-14 09:25:07,127031,洋丰转债,yfzz,121.976,1.96,000902,新洋丰,xyf,12.63,5.51,1.28,16.89,74.78,0,63.12,185.1,220805,基础化工,szmb,C,2021-04-23,[],0,0,buy,AA,,11.823,21.957,6.9,buy,2027-03-25,0.696,9.999,5751.42,26067.77,4.73,-11.8,,0,15:34:30,00,Y,N,1,1,Y,转股价下修1次，成功下修1次,2021-10-08 开始转股,计算使用0.7年期 评级为AA 债参考YTM：1.5676,N,10.0,全价：121.976 最后更新：15:34:30,,,,1,{'M': ''},0,0,N,,,buy,buy
2026-07-14 09:25:07,123142,申昊转债,shzz,124.6,1.22,300853,申昊科技,shkj,25.7,2.47,5.93,33.71,76.24,0,63.43,188.03,630803,电力设备,szcy,C,2022-04-11,[],0,0,buy,BBB+,,23.597,43.823,21.7,buy,2028-03-18,1.68,5.494,5223.82,17762.68,7.66,-6.03,,0,15:34:12,00,Y,N,0,0,Y,,2022-09-26 开始转股,计算使用1.7年期 评级为BBB+ 债参考YTM：12.1249,N,5.5,全价：124.600 最后更新：15:34:12,,,,1,[],0,0,N,,,buy,buy
2026-07-14 09:25:07,127108,太能转债,tnzz,124.0,1.18,000591,太阳能,tyn,4.2,1.45,0.68,5.54,75.81,0,63.56,187.56,410106,公用事业,szmb,C,2025-04-16,[],0,0,buy,AA+,,3.878,7.202,18.0,buy,2031-03-28,4.707,29.498,6538.1,18102.99,1.8,-1.27,,0,15:34:45,00,Y,N,0,0,Y,,2025-10-09 开始转股,计算使用4.8年期 评级为AA+ 债参考YTM：1.8532,N,29.5,全价：124.000 最后更新：15:34:45,,,,0,{'M': ''},0,0,N,,,buy,buy
2026-07-14 09:25:07,110087,天业转债,tyzz,123.554,2.58,600075,新疆天业,xjty,4.22,3.69,0.79,5.6,75.36,0,63.96,187.51,220202,基础化工,shmb,C,2022-07-19,[],0,0,buy,AA+,,3.92,7.28,41.6,buy,2028-06-23,1.945,29.975,12602.94,13736.15,3.43,-5.94,,0,14:59:47,00,Y,N,1,1,Y,转股价下修1次，成功下修1次,2022-12-29 开始转股,计算使用2.0年期 评级为AA+ 债参考YTM：1.6134,N,30.0,全价：123.554 最后更新：14:59:47,,,,1,{'M': ''},0,0,N,,,buy,buy
2026-07-14 09:25:07,110093,神马转债,smzz,121.384,2.09,600810,神马股份,smgf,5.96,6.24,0.7,8.08,73.76,0,64.56,185.94,220406,基础化工,shmb,C,2023-04-20,[],0,0,buy,AAA,,5.656,10.504,34.5,buy,2029-03-16,2.674,22.199,8552.51,13240.16,3.21,-3.67,,0,14:59:50,00,Y,N,0,0,Y,,2023-09-22 开始转股,计算使用2.7年期 评级为AAA 债参考YTM：1.5997,N,30.0,全价：121.384 最后更新：14:59:50,,,,0,{'M': ''},0,0,N,,,buy,buy
2026-07-14 09:25:07,123261,普联转债,plzz,144.353,0.95,300996,普联软件,plrj,11.36,0.89,3.4,12.97,87.59,0,64.81,209.16,710401,计算机,szcy,C,2025-12-22,[],0,0,buy,A+,,9.079,16.861,6.4,buy,2031-12-05,5.397,2.429,3191.89,15219.56,9.12,-3.58,,0,15:34:45,00,Y,N,0,0,Y,,2026-06-11 开始转股,计算使用5.4年期 评级为A+ 债参考YTM：5.2318,N,2.43,全价：144.353 最后更新：15:34:45,,,,0,{'M': ''},0,0,N,,,buy,buy
2026-07-14 09:25:07,113640,苏利转债,slzz,129.96,1.33,603585,苏利股份,slgf,9.48,4.06,0.96,12.04,78.74,0,65.05,195.01,220803,基础化工,shmb,C,2022-03-10,[],0,0,buy,AA-,,8.428,15.652,28.8,buy,2028-02-16,1.595,7.39,4482.55,4422.46,4.69,-6.45,,0,14:59:51,00,Y,N,2,1,Y,转股价下修2次，成功下修1次,2022-08-22 开始转股,计算使用1.6年期 评级为AA- 债参考YTM：1.9479,N,9.572,全价：129.960 最后更新：14:59:51,,,,1,[],0,0,N,,,buy,buy
2026-07-14 09:25:07,127038,国微转债,gwzz,133.288,0.58,002049,紫光国微,zggw,78.22,-4.31,4.71,96.99,80.65,0,65.27,198.56,270104,电子,szmb,C,2021-07-14,[],0,0,buy,AA+,,67.893,126.087,2.2,buy,2027-06-10,0.907,14.915,14768.64,538995.22,7.47,-19.33,,0,15:33:54,00,Y,N,0,0,Y,,2021-12-17 开始转股,计算使用1.0年期 评级为AA+ 债参考YTM：1.5459,N,15.0,全价：133.288 最后更新：15:33:54,,,,1,{'M': ''},0,0,N,,,buy,buy
2026-07-14 09:25:07,111021,奥锐转债,arzz,137.922,1.25,605116,奥锐特,art,20.45,0.74,3.06,24.6,83.13,0,65.91,203.83,370101,医药生物,shmb,C,2024-08-15,[],0,0,buy,AA-,,17.22,31.98,9.8,buy,2030-07-26,4.036,8.121,6614.08,8645.12,5.95,-3.51,,0,14:59:51,00,Y,N,0,0,Y,,2025-02-05 开始转股,计算使用4.1年期 评级为AA- 债参考YTM：2.4358,N,8.121,全价：137.922 最后更新：14:59:51,,,,0,[],0,0,N,,,buy,buy
2026-07-14 09:25:07,113705,豪26转债,h26zz,137.217,3.61,603809,豪能股份,hngf,8.88,0.0,2.17,10.74,82.68,161,65.96,203.18,280203,汽车,shmb,C,2026-07-10,[],0,0,buy,AA-,,6.444,13.962,22.0,buy,2032-06-14,5.923,18.0,65863.06,7679.5,27.14,-3.16,,0,15:00:00,00,Y,N,0,0,Y,,未到转股期；2026-12-22 开始转股,计算使用6.0年期 评级为AA- 债参考YTM：3.4394,N,18.0,全价：137.217 最后更新：15:00:00,,,,0,{'M': ''},0,0,N,,,buy,buy
2026-07-14 09:25:07,123214,东宝转债,dbzz,130.748,1.03,300239,东宝生物,dbsw,5.2,0.39,1.77,6.62,78.55,0,66.45,197.2,370304,医药生物,szcy,C,2023-08-18,[],0,0,buy,A+,,4.634,8.606,14.8,buy,2029-07-31,3.049,4.549,2340.82,7088.81,3.96,-3.52,,0,15:34:18,00,Y,N,0,0,Y,,2024-02-05 开始转股,计算使用3.1年期 评级为A+ 债参考YTM：4.6422,N,4.55,全价：130.748 最后更新：15:34:18,,,,0,[],0,0,N,,,buy,buy
2026-07-14 09:25:07,123165,回天转债,htzz,137.084,1.17,300041,回天新材,htxc,12.36,0.16,2.19,15.05,82.13,0,66.92,204.0,220316,基础化工,szcy,C,2022-11-15,[],0,0,buy,AA-,,10.535,19.565,12.6,buy,2028-10-27,2.29,8.497,14833.61,57580.66,12.84,-6.28,,0,15:34:09,00,Y,N,0,0,Y,,2023-05-04 开始转股,计算使用2.3年期 评级为AA- 债参考YTM：2.0870,N,8.5,全价：137.084 最后更新：15:34:09,,,,0,{'M': ''},0,0,N,,,buy,buy
2026-07-14 09:25:07,123189,晓鸣转债,xmzz,132.484,2.38,300967,晓鸣股份,xmgf,15.14,-0.72,3.62,19.09,79.31,0,67.05,199.53,110703,农林牧渔,szcy,C,2023-04-25,[],0,0,buy,A,,13.363,24.817,17.4,buy,2029-04-06,2.732,3.286,12448.87,6223.9,28.77,-4.44,,0,15:34:30,00,Y,N,1,0,Y,转股价下修1次，成功下修0次,2023-10-12 开始转股,计算使用2.8年期 评级为A 债参考YTM：6.9150,Y,3.29,全价：132.484 最后更新：15:34:30,,,"按下调到底估算
股东大会：2026-07-30
预估转股价：15.75
预估转股价值：96.13
期权价值：31.76
理论价值：129.86
理论偏离度：1.98%",0,{'M': ''},0,0,N,,,buy,buy
2026-07-14 09:25:07,127072,博实转债,bszz,137.148,1.89,002698,博实股份,bsgf,12.15,2.79,2.92,14.81,82.04,0,67.17,204.32,640701,机械设备,szmb,C,2022-11-03,[],0,0,buy,AA,,10.367,19.253,4.4,buy,2028-09-22,2.195,4.498,2419.49,17293.4,3.96,-7.74,,0,15:34:21,00,Y,N,0,0,Y,,2023-03-28 开始转股,计算使用2.2年期 评级为AA 债参考YTM：1.7119,N,4.5,全价：137.148 最后更新：15:34:21,,,,0,{'M': ''},0,0,N,,,buy,buy
2026-07-14 09:25:07,110090,爱迪转债,adzz,132.7,0.62,600933,爱柯迪,akd,13.59,2.26,1.41,17.15,79.24,0,67.46,200.16,280203,汽车,shmb,C,2022-10-28,[],0,0,buy,AA,,12.005,22.295,11.8,buy,2028-09-23,2.197,15.695,4920.15,15199.95,2.37,-7.25,,0,14:59:51,00,Y,N,0,0,Y,,2023-03-29 开始转股,计算使用2.2年期 评级为AA 债参考YTM：1.7119,N,15.7,全价：132.700 最后更新：14:59:51,,,,0,{'M': ''},0,0,N,,,buy,buy
2026-07-14 09:25:07,113699,金25转债,j25zz,179.771,3.03,603979,金诚信,jcx,67.1,2.49,3.6,62.8,106.85,0,68.25,248.02,240302,有色金属,shmb,C,2025-10-27,[],0,0,buy,AA,,43.96,81.64,4.8,buy,2031-09-26,5.206,19.998,18707.84,74811.39,5.3,-8.24,,0,15:00:00,00,Y,N,0,0,Y,,2026-04-10 开始转股,计算使用5.3年期 评级为AA 债参考YTM：2.0810,N,20.0,全价：179.771 最后更新：15:00:00,,,,0,{'M': ''},0,0,N,,,buy,buy
2026-07-14 09:25:07,113692,保隆转债,blzz,128.136,2.28,603197,保隆科技,blkj,29.62,9.99,1.94,39.16,75.64,0,69.41,197.55,280205,汽车,shmb,C,2024-11-27,[],0,0,buy,AA,,27.412,50.908,22.2,buy,2030-10-31,4.301,13.897,20657.22,16683.23,11.61,-2.84,,0,14:59:59,00,Y,N,0,0,Y,,2025-05-06 开始转股,计算使用4.4年期 评级为AA 债参考YTM：1.9638,N,13.9,全价：128.136 最后更新：14:59:59,,,,0,{'M': ''},0,0,N,,,buy,buy
2026-07-14 09:25:07,127049,希望转2,xwz2,112.104,-0.04,000876,新希望,xxw,7.0,-0.57,1.44,10.59,66.1,0,69.6,181.7,110402,农林牧渔,szmb,C,2021-11-29,[],0,0,buy,AAA,,7.413,13.767,25.9,buy,2027-11-02,1.304,81.434,12648.25,25912.8,1.39,-2.44,,0,15:34:09,00,Y,N,1,1,Y,转股价下修1次，成功下修1次,2022-05-09 开始转股,计算使用1.4年期 评级为AAA 债参考YTM：1.5380,N,81.5,全价：112.104 最后更新：15:34:09,,,,1,{'M': ''},0,0,N,,,buy,buy
2026-07-14 09:25:07,123237,佳禾转债,jhzz,132.275,1.22,300793,佳禾智能,jhzn,10.47,2.05,1.41,13.46,77.79,0,70.05,202.33,270504,电子,szcy,C,2024-01-24,[],0,0,buy,A+,,9.422,17.498,11.1,buy,2030-01-04,3.48,4.314,1502.44,6021.37,2.65,-3.46,,0,15:34:30,00,Y,N,1,1,Y,转股价下修1次，成功下修1次,2024-07-10 开始转股,计算使用3.5年期 评级为A+ 债参考YTM：4.7110,N,10.04,全价：132.275 最后更新：15:34:30,,,,0,[],0,0,N,,,buy,buy
2026-07-14 09:25:07,127111,金威转债,jwzz,127.896,1.08,002626,金达威,jdw,14.42,3.44,1.96,19.19,75.14,0,70.2,198.1,340407,食品饮料,szmb,C,2025-09-08,[],0,0,buy,AA,,13.433,24.947,14.7,buy,2031-08-20,5.104,12.924,8034.78,8678.68,4.88,-2.34,,0,15:34:51,00,Y,N,0,0,Y,,2026-02-26 开始转股,计算使用5.2年期 评级为AA 债参考YTM：2.0636,N,12.924,全价：127.896 最后更新：15:34:51,,,,0,{'M': ''},0,0,N,,,buy,buy
2026-07-14 09:25:07,123071,天能转债,tnzz,115.537,0.12,300569,天能重工,tnzg,4.53,1.57,0.86,6.68,67.81,0,70.37,185.91,630602,电力设备,szcy,C,2020-11-25,[],0,0,buy,AA-,,4.676,8.684,15.0,buy,2026-10-21,0.271,6.937,2727.28,5862.13,3.41,-1.73,,0,15:33:57,00,Y,N,2,2,Y,转股价下修2次，成功下修2次,2021-04-27 开始转股,计算使用0.3年期 评级为AA- 债参考YTM：1.7198,N,7.0,全价：115.537 最后更新：15:33:57,,,,1,{'M': ''},0,0,N,,,buy,buy
2026-07-14 09:25:07,111020,合顺转债,hszz,132.437,1.14,605166,聚合顺,jhs,8.16,0.99,1.28,10.53,77.49,0,70.9,203.34,220406,基础化工,shmb,C,2024-08-15,[],0,0,buy,AA-,,7.371,13.689,13.2,buy,2030-07-22,4.025,3.38,3245.43,3516.46,7.3,-2.53,,0,14:59:51,00,Y,N,0,0,Y,,2025-01-27 开始转股,计算使用4.1年期 评级为AA- 债参考YTM：2.4358,N,3.38,全价：132.437 最后更新：14:59:51,,,,0,[],0,0,N,,,buy,buy
2026-07-14 09:25:07,123269,金杨转债,jyzz,162.6,2.05,301210,金杨精密,jygf,26.81,1.13,2.29,28.24,94.94,104,71.27,233.87,630701,电力设备,szcy,C,2026-05-11,[],0,0,buy,AA-,,19.768,36.712,60.1,buy,2032-04-19,5.77,9.8,5980.59,15250.94,3.79,-6.08,,0,15:33:57,00,Y,N,0,0,Y,,未到转股期；2026-10-26 开始转股,计算使用5.8年期 评级为AA- 债参考YTM：3.3121,N,9.8,全价：162.600 最后更新：15:33:57,,,,0,{'M': ''},0,0,N,,,buy,buy
2026-07-14 09:25:07,118070,南芯转债,nxzz,166.87,8.81,688484,南芯科技,nxkj,42.34,-1.07,4.34,43.84,96.58,164,72.78,239.65,270105,电子,shkc,C,2026-07-10,[],0,0,buy,AA+,,30.688,56.992,8.8,buy,2032-06-17,5.932,15.869,326684.52,65987.92,129.01,-6.51,,0,15:00:00,00,Y,N,0,0,Y,,未到转股期；2026-12-25 开始转股,计算使用6.0年期 评级为AA+ 债参考YTM：1.9594,N,15.869,全价：166.870 最后更新：15:00:00,,,,0,{'M': ''},0,0,N,,,buy,buy
2026-07-14 09:25:07,113674,华设转债,hszz,130.1,0.96,603018,华设集团,hsjt,5.23,0.77,0.79,6.95,75.25,0,72.89,202.99,620601,建筑装饰,shmb,C,2023-08-15,[],0,0,buy,AA,,4.865,9.035,9.3,buy,2029-07-21,3.022,3.999,1836.48,2626.73,3.55,-3.72,,0,14:59:51,00,Y,N,0,0,Y,,2024-01-29 开始转股,计算使用3.1年期 评级为AA 债参考YTM：1.7667,N,4.0,全价：130.100 最后更新：14:59:51,,,,0,{'M': ''},0,0,N,,,buy,buy
2026-07-14 09:25:07,113616,韦尔转债,wezz,115.811,0.86,603501,豪威集团,hwjt,106.15,3.57,4.04,159.02,66.75,0,73.49,189.3,270104,电子,shmb,C,2021-01-22,[],0,0,buy,AA+,,111.314,206.726,1.9,buy,2026-12-28,0.458,24.324,9619.61,408413.23,3.43,-10.97,,0,14:59:47,00,Y,N,0,0,Y,,2021-07-05 开始转股,计算使用0.5年期 评级为AA+ 债参考YTM：1.5049,N,24.4,全价：115.811 最后更新：14:59:47,,,,0,{'M': ''},0,0,N,,,buy,buy
2026-07-14 09:25:07,127069,小熊转债,xxzz,129.834,0.68,002959,小熊电器,xxdq,32.67,2.19,1.62,43.71,74.74,0,73.71,203.54,330301,家用电器,szmb,C,2022-09-07,[],0,0,buy,AA-,,30.597,56.823,11.0,buy,2028-08-12,2.082,5.041,1558.55,3647.21,2.39,-4.16,,0,15:34:42,00,Y,N,1,1,Y,转股价下修1次，成功下修1次,2023-02-20 开始转股,计算使用2.1年期 评级为AA- 债参考YTM：2.0425,N,5.36,全价：129.834 最后更新：15:34:42,,,,0,{'M': ''},0,0,N,,,buy,buy
2026-07-14 09:25:07,118037,上声转债,sszz,127.328,0.89,688533,上声电子,ssdz,20.94,1.26,1.9,28.64,73.12,0,74.15,201.48,280206,汽车,shkc,C,2023-08-01,[],0,0,buy,A+,,20.048,37.232,13.5,buy,2029-07-06,2.981,4.679,1843.93,1783.11,3.1,-3.53,,0,14:59:51,00,Y,N,2,1,Y,转股价下修2次，成功下修1次,2024-01-12 开始转股,计算使用3.0年期 评级为A+ 债参考YTM：4.6185,N,5.2,全价：127.328 最后更新：14:59:51,,,,0,{'M': ''},0,0,N,,,buy,buy
2026-07-14 09:25:07,123252,银邦转债,ybzz,136.997,-0.69,300337,银邦股份,ybgf,9.82,-2.39,4.5,12.5,78.56,0,74.39,211.39,240301,有色金属,szcy,C,2025-01-24,[],0,0,buy,AA-,,8.75,16.25,11.2,buy,2031-01-06,4.485,7.846,10190.38,31369.89,9.53,-3.4,,0,15:34:48,00,Y,N,0,0,Y,,2025-07-14 开始转股,计算使用4.5年期 评级为AA- 债参考YTM：2.5045,N,7.85,全价：136.997 最后更新：15:34:48,,,,0,{'M': ''},0,0,N,,,buy,buy
2026-07-14 09:25:07,113694,清源转债,qyzz,123.301,0.73,603628,清源股份,qygf,9.06,1.8,1.86,12.82,70.67,0,74.47,197.77,630504,电力设备,shmb,C,2025-04-25,[],0,0,buy,A+,,8.974,16.666,20.3,buy,2031-04-08,4.737,4.999,5184.7,3406.16,8.47,-0.81,,0,14:59:51,00,Y,N,0,0,Y,,2025-10-14 开始转股,计算使用4.8年期 评级为A+ 债参考YTM：4.9115,N,5.0,全价：123.301 最后更新：14:59:51,,,,0,{'M': ''},0,0,N,,,buy,buy
2026-07-14 09:25:07,127059,永东转2,ydz2,128.388,1.88,002753,永东股份,ydgf,5.94,2.41,0.95,8.11,73.24,0,75.29,203.68,220603,基础化工,szmb,C,2022-05-16,[],0,0,buy,AA-,,5.677,10.543,21.6,buy,2028-04-08,1.737,3.79,2878.77,1976.6,5.97,-5.26,,0,15:34:15,00,Y,N,0,0,Y,,2022-10-14 开始转股,计算使用1.8年期 评级为AA- 债参考YTM：1.9864,N,3.8,全价：128.388 最后更新：15:34:15,,,,1,[],0,0,N,,,buy,buy
2026-07-14 09:25:07,118064,联瑞转债,lrzz,501.597,11.41,688300,联瑞新材,lrxc,180.32,8.82,23.8,63.05,286.0,0,75.39,576.99,220901,基础化工,shkc,C,2026-01-28,[],0,0,buy,AA,,44.135,81.965,1.6,buy,2032-01-08,5.49,6.95,287006.48,182372.17,85.57,-23.89,,0,15:00:00,00,Y,N,0,0,Y,,2026-07-14 开始转股,计算使用5.5年期 评级为AA 债参考YTM：2.1193,N,6.95,全价：501.597 最后更新：15:00:00,,,,0,{'M': ''},0,0,N,,,buy,buy
2026-07-14 09:25:07,110095,双良转债,slzz,119.417,2.04,600481,双良节能,sljn,4.2,0.0,1.95,6.18,67.96,0,75.71,195.13,630501,电力设备,shmb,C,2023-09-08,[],0,0,buy,AA-,,4.326,8.034,16.2,buy,2029-08-08,3.071,14.006,9261.32,19262.61,5.61,-1.45,,0,14:59:57,00,Y,N,2,2,Y,转股价下修2次，成功下修2次,2024-02-19 开始转股,计算使用3.1年期 评级为AA- 债参考YTM：2.2912,N,26.0,全价：119.417 最后更新：14:59:57,,,,0,{'M': ''},0,0,N,,,buy,buy
2026-07-14 09:25:07,123157,科蓝转债,klzz,126.599,0.96,300663,科蓝软件,klrj,6.32,0.0,8.05,8.8,71.82,0,76.28,202.88,710401,计算机,szcy,C,2022-09-20,[],0,0,buy,A-,,6.16,11.44,8.0,buy,2028-08-30,2.132,2.34,3042.23,10445.61,10.35,-3.0,,0,15:34:27,00,Y,N,2,2,Y,转股价下修2次，成功下修2次,2023-03-06 开始转股,计算使用2.2年期 评级为A- 债参考YTM：9.1045,N,4.946,全价：126.599 最后更新：15:34:27,,,,0,{'M': ''},0,0,N,,,buy,buy
2026-07-14 09:25:07,113665,汇通转债,htzz,121.207,1.34,603176,汇通集团,htjt,4.31,2.86,1.82,6.28,68.63,0,76.61,197.82,620306,建筑装饰,shmb,C,2023-01-11,[],0,0,buy,A+,,4.396,8.164,18.1,buy,2028-12-15,2.425,3.596,3325.69,2386.28,7.68,-0.95,,0,14:59:59,00,Y,N,1,1,Y,转股价下修1次，成功下修1次,2023-06-21 开始转股,计算使用2.5年期 评级为A+ 债参考YTM：4.4813,N,3.6,全价：121.207 最后更新：14:59:59,,,,0,[],0,0,N,,,buy,buy
2026-07-14 09:25:07,110086,精工转债,jgzz,122.906,1.44,600496,精工钢构,jggg,3.17,2.26,0.66,4.57,69.37,0,77.19,200.1,620401,建筑装饰,shmb,C,2022-05-23,[],0,0,buy,AA,,3.199,5.941,31.7,buy,2028-04-22,1.775,19.999,4202.83,8020.94,1.72,-4.29,,0,14:59:39,00,Y,N,0,0,Y,,2022-10-28 开始转股,计算使用1.8年期 评级为AA 债参考YTM：1.6701,N,20.0,全价：122.906 最后更新：14:59:39,,,,1,{'M': ''},0,0,N,,,buy,buy
2026-07-14 09:25:07,127083,山路转债,slzz,118.9,1.27,000498,山东路桥,sdlq,4.97,1.22,0.29,7.42,66.98,0,77.51,196.41,620306,建筑装饰,szmb,C,2023-04-26,[],0,0,buy,AAA,,5.194,9.646,67.1,buy,2029-03-24,2.696,48.359,6889.94,4104.28,1.2,-2.46,,0,15:34:27,00,Y,N,0,0,Y,,2023-10-09 开始转股,计算使用2.7年期 评级为AAA 债参考YTM：1.5997,N,48.36,全价：118.900 最后更新：15:34:27,,,,0,{'M': ''},0,0,N,,,buy,buy
2026-07-14 09:25:07,123259,锦浪转02,jlz02,154.299,1.36,300763,锦浪科技,jlkj,62.81,1.82,2.74,72.35,86.81,0,77.73,232.03,630503,电力设备,szcy,C,2025-11-06,[],0,0,buy,AA,,50.645,94.055,8.3,buy,2031-10-17,5.263,16.763,11733.21,61578.84,4.55,-5.61,,0,15:34:42,00,Y,N,1,1,Y,转股价下修1次，成功下修1次,2026-04-23 开始转股,计算使用5.3年期 评级为AA 债参考YTM：2.0810,N,16.766,全价：154.299 最后更新：15:34:42,,,,0,"{'G': '本次（2026年4月23日至2026年5月20日）不提前赎回，以2027年5月21日为首个交易日重新计算', 'M': ''}",0,0,N,,,buy,buy
2026-07-14 09:25:07,127112,尚太转债,stzz,147.997,2.18,001301,尚太科技,stkj,49.96,-0.7,2.53,60.02,83.24,8,77.8,225.8,630702,电力设备,szmb,C,2026-02-05,[],0,0,buy,AA+,,42.014,78.026,13.3,buy,2032-01-15,5.51,17.34,12806.22,28231.66,5.03,-5.08,,0,15:34:36,00,Y,N,0,0,Y,,未到转股期；2026-07-22 开始转股,计算使用5.6年期 评级为AA+ 债参考YTM：1.9272,N,17.34,全价：147.997 最后更新：15:34:36,,,,0,{'M': ''},0,0,N,,,buy,buy
2026-07-14 09:25:07,123223,九典转02,jdz02,132.48,1.34,300705,九典制药,jdzy,10.83,3.14,2.01,14.55,74.43,0,77.99,210.47,370102,医药生物,szcy,C,2023-10-13,[],0,0,buy,A+,,10.185,18.915,5.1,buy,2029-09-15,3.175,2.053,2271.35,14502.57,8.4,-3.66,,0,15:34:27,00,Y,N,0,0,Y,,2024-03-21 开始转股,计算使用3.2年期 评级为A+ 债参考YTM：4.6628,N,3.6,全价：132.480 最后更新：15:34:27,,,,0,[],0,0,N,,,buy,buy
2026-07-14 09:25:07,113698,凯众转债,kzzz,136.602,1.04,603037,凯众股份,kzgf,9.6,2.13,2.49,12.55,76.49,0,78.58,215.18,280203,汽车,shmb,C,2025-09-10,[],0,0,buy,AA-,,8.785,16.315,12.1,buy,2031-08-15,5.09,3.079,5838.7,2892.94,14.08,-3.59,,0,14:59:53,00,Y,N,0,0,Y,,2026-02-24 开始转股,计算使用5.1年期 评级为AA- 债参考YTM：2.6290,N,3.08,全价：136.602 最后更新：14:59:53,,,,0,[],0,0,N,,,buy,buy
2026-07-14 09:25:07,123271,通合转债,thzz,168.866,3.14,300491,通合科技,thkj,31.34,2.02,4.61,33.18,94.45,147,78.78,247.65,630306,电力设备,szcy,C,2026-06-17,[],0,0,buy,AA,,23.226,43.134,10.6,buy,2032-06-01,5.888,5.219,13216.04,27251.05,15.35,-5.87,,0,15:34:00,00,Y,N,0,0,Y,,未到转股期；2026-12-08 开始转股,计算使用5.9年期 评级为AA 债参考YTM：2.2003,N,5.22,全价：168.866 最后更新：15:34:00,,,,0,[],0,0,N,,,buy,buy
2026-07-14 09:25:07,110100,龙建转债,ljzz,123.548,1.15,600853,龙建股份,ljgf,3.17,1.93,0.77,4.63,68.47,14,80.45,204.0,620306,建筑装饰,shmb,C,2026-02-12,[],0,0,buy,AA,,3.241,6.019,31.1,buy,2032-01-21,5.526,10.0,2956.74,3750.85,2.41,-1.54,,0,14:59:51,00,Y,N,0,0,Y,,未到转股期；2026-07-28 开始转股,计算使用5.6年期 评级为AA 债参考YTM：2.1396,N,10.0,全价：123.548 最后更新：14:59:51,,,,0,[],0,0,N,,,buy,buy
2026-07-14 09:25:07,118024,冠宇转债,gyzz,126.312,0.86,688772,珠海冠宇,zhgy,15.75,-0.76,2.36,22.51,69.97,0,80.53,206.84,630701,电力设备,shkc,C,2022-11-17,[],0,0,buy,AA,,15.757,27.012,17.2,buy,2028-10-24,2.282,30.889,9426.68,49850.03,2.43,-3.99,,0,14:59:51,00,Y,N,0,0,Y,,2023-04-28 开始转股,计算使用2.3年期 评级为AA 债参考YTM：1.7192,N,30.89,全价：126.312 最后更新：14:59:51,,,,0,{'M': ''},0,0,N,120%,,buy,buy
2026-07-14 09:25:07,123109,昌红转债,chzz,129.236,0.66,300151,昌红科技,chkj,18.95,-0.99,6.1,26.64,71.13,0,81.68,210.92,640209,机械设备,szcy,C,2021-04-19,[],0,0,buy,AA-,,18.648,34.632,6.6,buy,2027-04-01,0.715,4.595,4126.03,29082.51,7.0,-15.47,,0,15:34:06,00,Y,N,0,0,Y,,2021-10-08 开始转股,计算使用0.8年期 评级为AA- 债参考YTM：1.8190,N,4.6,全价：129.236 最后更新：15:34:06,,,,1,{'M': ''},0,0,N,,,buy,buy
2026-07-14 09:25:07,111003,聚合转债,jhzz,131.144,1.01,605166,聚合顺,jhs,8.16,0.99,1.28,11.31,72.15,0,81.77,212.91,220406,基础化工,shmb,C,2022-04-19,[],0,0,buy,AA-,,7.917,14.703,7.9,buy,2028-03-07,1.649,2.035,2584.21,3516.46,9.73,-6.53,,0,14:59:51,00,Y,N,1,1,Y,转股价下修1次，成功下修1次,2022-09-13 开始转股,计算使用1.7年期 评级为AA- 债参考YTM：1.9672,N,2.04,全价：131.144 最后更新：14:59:51,,,,1,[],0,0,N,,,buy,buy
2026-07-14 09:25:07,111024,澳弘转债,ahzz,150.592,4.48,605058,澳弘电子,ahdz,27.66,5.94,2.15,33.54,82.47,0,82.61,233.2,270202,电子,shmb,C,2026-01-16,[],0,0,buy,AA-,,23.478,43.602,14.7,buy,2031-12-11,5.414,5.799,15953.54,9988.44,18.45,-4.81,,0,14:59:56,00,Y,N,0,0,Y,,2026-06-17 开始转股,计算使用5.5年期 评级为AA- 债参考YTM：2.9948,N,5.8,全价：150.592 最后更新：14:59:56,,,,0,[],0,0,N,,,buy,buy
2026-07-14 09:25:07,127102,浙建转债,zjzz,120.778,1.75,002761,浙江建投,zjjt,6.75,1.35,0.84,10.22,66.05,0,82.87,203.65,620101,建筑装饰,szmb,C,2024-01-16,[],0,0,buy,AA+,,7.154,13.286,13.6,buy,2029-12-25,3.452,9.951,3994.19,6300.07,3.34,-2.23,,0,15:34:15,00,Y,N,0,0,Y,,2024-07-01 开始转股,计算使用3.5年期 评级为AA+ 债参考YTM：1.7210,N,10.0,全价：120.778 最后更新：15:34:15,,,,0,{'M': ''},0,0,N,,,buy,buy
2026-07-14 09:25:07,123122,富瀚转债,fhzz,127.7,0.51,300613,富瀚微,fhw,63.65,-1.55,4.93,91.5,69.56,0,83.58,211.28,270104,电子,szcy,C,2021-08-24,[],0,0,buy,A+,,64.05,118.95,4.1,buy,2027-08-06,1.063,5.801,5063.13,80564.69,6.87,-8.04,,0,15:34:15,00,Y,N,0,0,Y,,2022-02-14 开始转股,计算使用1.1年期 评级为A+ 债参考YTM：4.1966,N,5.812,全价：127.700 最后更新：15:34:15,,,,0,{'M': ''},0,0,N,,,buy,buy
2026-07-14 09:25:07,113702,斯达转债,sdzz,203.745,-0.95,603290,斯达半导,sdbd,116.25,-0.63,4.0,104.79,110.94,100,83.66,287.41,270102,电子,shmb,C,2026-05-11,[],0,0,buy,AA+,,73.353,136.227,5.4,buy,2032-04-15,5.759,15.0,44469.02,100860.42,14.66,-10.03,,0,14:59:59,00,Y,N,0,0,Y,,未到转股期；2026-10-22 开始转股,计算使用5.8年期 评级为AA+ 债参考YTM：1.9430,N,15.0,全价：203.745 最后更新：14:59:59,,,,0,{'M': ''},0,0,N,,,buy,buy
2026-07-14 09:25:07,123220,易瑞转债,yrzz,129.8,1.24,300942,易瑞生物,yrsw,6.25,4.17,2.83,8.85,70.62,0,83.8,213.6,370504,医药生物,szcy,C,2023-09-06,[],0,0,buy,A+,,6.195,11.505,11.5,buy,2029-08-18,3.099,2.907,3941.34,6072.43,10.56,-2.84,,0,15:34:27,00,Y,N,1,1,Y,转股价下修1次，成功下修1次,2024-02-26 开始转股,计算使用3.1年期 评级为A+ 债参考YTM：4.6422,N,3.28,全价：129.800 最后更新：15:34:27,,,,0,{'M': ''},0,0,N,,,buy,buy
2026-07-14 09:25:07,113053,隆22转债,l22zz,123.274,0.39,601012,隆基绿能,ljln,11.73,0.86,1.75,17.5,67.03,0,83.91,207.18,630502,电力设备,shmb,C,2022-02-17,[],0,0,buy,AAA,,12.25,22.75,7.9,buy,2028-01-05,1.48,69.951,11972.27,91637.04,1.4,-8.3,,0,14:59:50,00,Y,N,1,1,Y,转股价下修1次，成功下修1次,2022-07-11 开始转股,计算使用1.5年期 评级为AAA 债参考YTM：1.5438,N,70.0,全价：123.274 最后更新：14:59:50,,,,1,{'M': ''},0,0,N,,,buy,buy
2026-07-14 09:25:07,123215,铭利转债,mlzz,123.677,1.16,301268,铭利达,mld,12.89,0.47,3.27,19.19,67.17,0,84.12,207.8,640108,机械设备,szcy,C,2023-08-23,[],0,0,buy,A+,,13.433,24.947,18.3,buy,2029-08-03,3.058,8.555,4215.19,5748.19,4.01,-0.32,,0,15:34:21,00,Y,N,1,1,Y,转股价下修1次，成功下修1次,2024-02-19 开始转股,计算使用3.1年期 评级为A+ 债参考YTM：4.6422,N,10.0,全价：123.677 最后更新：15:34:21,,,,0,{'M': ''},0,0,N,,,buy,buy
2026-07-14 09:25:07,113647,禾丰转债,hfzz,120.042,0.86,603609,禾丰股份,hfgf,6.57,1.7,0.9,10.09,65.11,0,84.36,204.4,110402,农林牧渔,shmb,C,2022-05-18,[],0,0,buy,AA,,7.063,13.117,24.6,buy,2028-04-22,1.775,14.669,4745.61,2711.78,2.71,-2.99,,0,14:59:32,00,Y,N,0,0,Y,,2022-10-28 开始转股,计算使用1.8年期 评级为AA 债参考YTM：1.6701,N,15.0,全价：120.042 最后更新：14:59:32,,,,0,{'M': ''},0,0,N,,,buy,buy
2026-07-14 09:25:07,123272,中汽转债,zqzz,156.999,3.29,301215,中汽股份,zqgf,5.1,1.39,2.27,5.99,85.14,156,84.4,241.4,280303,汽车,szcy,C,2026-06-30,[],0,0,buy,AA+,,4.193,7.787,15.4,buy,2032-06-10,5.912,10.39,92987.34,5180.79,56.76,-5.55,,0,15:34:51,00,Y,N,0,0,Y,,未到转股期；2026-12-17 开始转股,计算使用6.0年期 评级为AA+ 债参考YTM：1.9594,N,10.39,全价：156.999 最后更新：15:34:51,,,,0,{'M': ''},0,0,N,,,buy,buy
2026-07-14 09:25:07,118034,晶能转债,jnzz,118.62,1.16,688223,晶科能源,jkny,4.08,0.49,1.62,6.35,64.25,0,84.62,203.24,630502,电力设备,shkc,C,2023-05-19,[],0,0,buy,AA+,,4.445,7.62,19.9,buy,2029-04-20,2.77,83.22,13096.43,37900.1,1.34,-2.31,,0,14:58:44,00,Y,N,1,1,Y,转股价下修1次，成功下修1次,2023-10-26 开始转股,计算使用2.8年期 评级为AA+ 债参考YTM：1.6656,N,100.0,全价：118.620 最后更新：14:58:44,,,,0,{'M': ''},0,0,N,120%,,buy,buy
2026-07-14 09:25:07,123253,永贵转债,ygzz,136.905,1.56,300351,永贵电器,ygdq,13.43,0.3,2.11,18.19,73.83,0,85.43,222.34,640501,机械设备,szcy,C,2025-03-28,[],0,0,buy,AA-,,12.733,23.647,27.7,buy,2031-03-13,4.666,9.798,5371.02,17381.56,4.04,-3.26,,0,15:34:51,00,Y,N,0,0,Y,,2025-09-19 开始转股,计算使用4.7年期 评级为AA- 债参考YTM：2.5407,N,9.8,全价：136.905 最后更新：15:34:51,,,,0,{'M': ''},0,0,N,,,buy,buy
2026-07-14 09:25:07,118065,艾为转债,awzz,148.857,0.68,688798,艾为电子,awdz,63.5,-2.46,3.43,79.4,79.98,14,86.13,234.99,270105,电子,shkc,C,2026-02-26,[],0,0,buy,AA+,,55.58,103.22,22.1,buy,2032-01-22,5.529,19.01,8786.09,33639.72,3.12,-5.01,,0,14:59:56,00,Y,N,0,0,Y,,未到转股期；2026-07-28 开始转股,计算使用5.6年期 评级为AA+ 债参考YTM：1.9272,N,19.01,全价：148.857 最后更新：14:59:56,,,,0,{'M': ''},0,0,N,,,buy,buy
2026-07-14 09:25:07,123268,本川转债,bczz,222.5,3.87,300964,本川智能,bczn,64.3,3.88,6.73,54.13,118.79,101,87.31,309.81,270202,电子,szcy,C,2026-05-07,[],0,0,buy,AA-,,37.891,70.369,8.4,buy,2032-04-16,5.762,4.69,51119.49,37038.94,49.6,-10.43,,0,15:34:48,00,Y,N,0,0,Y,,未到转股期；2026-10-23 开始转股,计算使用5.8年期 评级为AA- 债参考YTM：3.3121,N,4.69,全价：222.500 最后更新：15:34:48,,,,0,{'M': ''},0,0,N,,,buy,buy
2026-07-14 09:25:07,123224,宇邦转债,ybzz,130.292,0.77,301266,宇邦新材,ybxc,19.59,0.26,1.5,28.17,69.54,0,87.36,217.65,630504,电力设备,szcy,C,2023-10-18,[],0,0,buy,A+,,19.719,36.621,10.7,buy,2029-09-19,3.186,2.848,2419.72,4990.38,6.55,-2.68,,0,15:34:30,00,Y,N,1,1,Y,转股价下修1次，成功下修1次,2024-03-25 开始转股,计算使用3.2年期 评级为A+ 债参考YTM：4.6628,N,5.0,全价：130.292 最后更新：15:34:30,,,,0,{'M': ''},0,0,N,,,buy,buy
2026-07-14 09:25:07,113682,益丰转债,yfzz,128.639,0.95,603939,益丰药房,yfyf,21.35,3.14,2.13,31.44,67.91,0,89.43,218.07,370403,医药生物,shmb,C,2024-03-27,[],0,0,buy,AA,,22.008,40.872,6.9,buy,2030-03-04,3.641,17.968,5860.0,38375.82,2.54,-3.25,,0,14:58:41,00,Y,N,0,0,Y,,2024-09-09 开始转股,计算使用3.7年期 评级为AA 债参考YTM：1.8592,N,17.97,全价：128.639 最后更新：14:58:41,,,,0,{'M': ''},0,0,N,,,buy,buy
2026-07-14 09:25:07,118052,浩瀚转债,hhzz,132.159,-0.44,688292,浩瀚深度,hhsd,16.83,-1.52,2.65,24.2,69.55,0,90.03,222.19,710103,计算机,shkc,C,2025-04-07,[],0,0,buy,A+,,16.94,31.46,13.3,buy,2031-03-13,4.666,3.539,6284.25,4757.93,13.52,-2.13,,0,14:59:51,00,Y,N,0,0,Y,,2025-09-19 开始转股,计算使用4.7年期 评级为A+ 债参考YTM：4.8950,N,3.54,全价：132.159 最后更新：14:59:51,,,,0,{'M': ''},0,0,N,,,buy,buy
2026-07-14 09:25:07,111018,华康转债,hkzz,124.233,0.8,605077,华康股份,hkgf,10.43,1.56,0.97,15.96,65.35,0,90.1,214.33,220315,基础化工,shmb,C,2024-01-15,[],0,0,buy,AA-,,11.172,20.748,41.7,buy,2029-12-25,3.452,13.022,3945.24,4307.31,2.45,-1.19,,0,14:59:02,00,Y,N,0,0,Y,,2024-07-01 开始转股,计算使用3.5年期 评级为AA- 债参考YTM：2.3560,N,13.03,全价：124.233 最后更新：14:59:02,,,,0,[],0,0,N,,,buy,buy
2026-07-14 09:25:07,128138,侨银转债,qyzz,130.041,0.0,002973,侨银股份,qygf,9.89,-3.13,1.55,14.64,67.56,0,92.5,222.54,760103,环保,szmb,C,2020-12-24,[],0,0,buy,A+,,10.248,19.032,13.4,buy,2026-11-17,0.345,4.199,7136.63,7498.23,13.07,-0.09,,0,15:34:30,00,Y,N,3,2,Y,转股价下修3次，成功下修2次,2021-05-24 开始转股,计算使用0.4年期 评级为A+ 债参考YTM：4.0903,Y,4.2,全价：130.041 最后更新：15:34:30,,,"按下调到底估算
股东大会：2026-07-17
预估转股价：10.73
预估转股价值：92.17
期权价值：5.65
理论价值：133.86
理论偏离度：-2.94%",1,[],0,0,N,,,buy,buy
2026-07-14 09:25:07,113627,太平转债,tpzz,120.236,1.24,603877,太平鸟,tpn,12.82,1.42,1.31,20.58,62.29,0,93.02,213.26,350209,纺织服饰,shmb,C,2021-08-06,[],0,0,buy,AA,,14.406,26.754,13.3,buy,2027-07-15,1.003,7.997,3956.26,1461.05,4.13,-7.12,,0,14:59:59,00,Y,N,1,1,Y,转股价下修1次，成功下修1次,2022-01-21 开始转股,计算使用1.1年期 评级为AA 债参考YTM：1.5920,N,8.0,全价：120.236 最后更新：14:59:59,,,,0,{'M': ''},0,0,N,,,buy,buy
2026-07-14 09:25:07,113703,翔26转债,x26zz,135.32,2.84,603112,华翔股份,hxgf,15.33,-1.1,1.83,21.94,69.87,153,93.67,228.99,330601,家用电器,shmb,C,2026-07-07,[],0,0,buy,AA-,,15.358,28.522,15.9,buy,2032-06-07,5.904,13.01,18471.19,9879.98,10.63,-2.65,,0,15:00:00,00,Y,N,0,0,Y,,未到转股期；2026-12-14 开始转股,计算使用6.0年期 评级为AA- 债参考YTM：3.4394,N,13.01,全价：135.320 最后更新：15:00:00,,,,0,[],0,0,N,,,buy,buy
2026-07-14 09:25:07,123260,卓镁转债,zmzz,143.273,-1.11,301398,星源卓镁,xyzm,38.54,-4.84,3.87,52.15,73.9,0,93.87,237.14,280202,汽车,szcy,C,2025-11-24,[],0,0,buy,A+,,36.505,67.795,10.7,buy,2031-11-07,5.321,4.499,7772.46,8611.5,12.03,-3.5,,0,15:33:54,00,Y,N,0,0,Y,,2026-05-13 开始转股,计算使用5.4年期 评级为A+ 债参考YTM：5.2318,N,4.5,全价：143.273 最后更新：15:33:54,,,,0,{'M': ''},0,0,N,,,buy,buy
2026-07-14 09:25:07,111004,明新转债,mxzz,124.69,0.62,605068,明新旭腾,mxxt,15.6,-0.95,1.5,24.37,64.01,0,94.79,219.48,280202,汽车,shmb,C,2022-04-25,[],0,0,buy,AA-,,17.059,31.681,26.5,buy,2028-03-30,1.712,6.715,3080.73,5107.34,3.7,-3.46,,0,14:59:28,00,Y,N,0,0,Y,,2022-10-10 开始转股,计算使用1.8年期 评级为AA- 债参考YTM：1.9864,N,6.73,全价：124.690 最后更新：14:59:28,,,,1,[],0,0,N,,,buy,buy
2026-07-14 09:25:07,123274,维科转债,wkzz,149.45,-6.88,301499,维科精密,wkjm,27.21,-0.04,2.88,35.62,76.39,174,95.64,245.09,280206,汽车,szcy,C,2026-07-10,[],0,0,buy,A+,,24.934,46.306,67.0,buy,2032-06-25,5.953,6.3,75025.32,8575.6,78.34,-3.96,,0,15:33:54,00,Y,N,0,0,Y,,未到转股期；2027-01-04 开始转股,计算使用6.0年期 评级为A+ 债参考YTM：5.7894,N,6.3,全价：149.450 最后更新：15:33:54,,,,0,{'M': ''},1,0,N,,,buy,buy
2026-07-14 09:25:07,113648,巨星转债,jxzz,121.679,0.99,603477,巨星农牧,jxnm,15.37,-1.03,2.92,24.84,61.88,0,96.65,218.33,110702,农林牧渔,shmb,C,2022-05-17,[],0,0,buy,AA-,,17.388,32.292,11.5,buy,2028-04-25,1.784,8.997,3963.61,20835.56,3.64,-4.48,,0,14:59:41,00,Y,N,0,0,N,2026-07-09 至 2026-07-15 期间暂停转股：回售,2022-10-31 开始转股;2026-07-09 至 2026-07-15 期间暂停转股：回售,计算使用1.8年期 评级为AA- 债参考YTM：1.9864,N,10.0,全价：121.679 最后更新：14:59:41,,,,0,{'M': ''},0,0,Y,,,buy,buy
2026-07-14 09:25:07,113655,欧22转债,o22zz,120.718,0.38,603833,欧派家居,opjj,31.61,-0.88,1.02,51.54,61.33,0,96.83,217.55,360308,轻工制造,shmb,C,2022-09-01,[],0,0,buy,AA,,36.078,67.002,10.4,buy,2028-08-05,2.063,19.999,4375.98,7669.94,1.82,-2.25,,0,14:58:54,00,Y,N,1,1,Y,转股价下修1次，成功下修1次,2023-02-13 开始转股,计算使用2.1年期 评级为AA 债参考YTM：1.7034,N,20.0,全价：120.718 最后更新：14:58:54,,,,0,{'M': ''},0,0,N,,,buy,buy
2026-07-14 09:25:07,123144,裕兴转债,yxzz,120.3,1.2,300305,裕兴股份,yxgf,5.12,3.85,0.96,8.5,60.24,0,99.72,220.02,220505,基础化工,szcy,C,2022-04-27,[],0,0,buy,A,,5.95,11.05,36.4,buy,2028-04-11,1.745,5.997,3482.7,5279.8,4.85,-1.6,,0,15:34:03,00,Y,N,1,1,Y,转股价下修1次，成功下修1次,2022-10-17 开始转股,计算使用1.8年期 评级为A 债参考YTM：6.6751,N,6.0,全价：120.300 最后更新：15:34:03,,,,1,[],0,0,N,,,buy,buy
2026-07-14 09:25:07,127068,顺博转债,sbzz,124.883,2.29,002996,顺博合金,sbhj,6.25,6.84,1.22,10.0,62.5,0,99.81,224.69,240301,有色金属,szmb,C,2022-09-07,[],0,0,buy,AA-,,7.0,13.0,29.0,buy,2028-08-12,2.082,8.3,4174.72,7839.69,4.07,-5.38,,0,15:34:39,00,Y,N,2,2,Y,转股价下修2次，成功下修2次,2023-02-20 开始转股,计算使用2.1年期 评级为AA- 债参考YTM：2.0425,N,8.3,全价：124.883 最后更新：15:34:39,,,,0,[],0,0,N,,,buy,buy
2026-07-14 09:25:07,113696,伯25转债,b25zz,129.754,0.7,603596,伯特利,btl,22.61,-2.46,2.46,35.16,64.31,0,101.78,231.53,280203,汽车,shmb,C,2025-07-28,[],0,0,buy,AA,,24.612,45.708,13.8,buy,2031-07-01,4.967,28.017,5326.48,57319.95,1.47,-2.71,,0,14:58:05,00,Y,N,0,0,Y,,2026-01-07 开始转股,计算使用5.0年期 评级为AA 债参考YTM：2.0344,N,28.02,全价：129.754 最后更新：14:58:05,,,,0,{'M': ''},0,0,N,,,buy,buy
2026-07-14 09:25:07,123192,科思转债,kszz,125.495,1.13,300856,科思股份,ksgf,10.77,6.63,1.82,17.32,62.18,0,101.82,227.32,770201,美容护理,szcy,C,2023-05-11,[],0,0,buy,AA-,,12.124,22.516,14.5,buy,2029-04-13,2.751,7.187,3029.35,6194.81,3.38,-2.1,,0,15:34:09,00,Y,N,0,0,Y,,2023-10-19 开始转股,计算使用2.8年期 评级为AA- 债参考YTM：2.2173,N,7.249,全价：125.495 最后更新：15:34:09,,,,0,{'M': ''},0,0,N,,,buy,buy
2026-07-14 09:25:07,123263,鼎捷转债,djzz,139.297,0.49,300378,鼎捷数智,djsz,29.9,-3.02,3.45,43.42,68.86,0,102.28,241.58,710402,计算机,szcy,C,2025-12-31,[],0,0,buy,AA,,,56.446,10.3,buy,2031-12-15,5.425,8.275,6164.38,31753.11,5.38,-3.75,,0,15:34:39,00,Y,N,0,0,Y,,2026-06-22 开始转股,计算使用5.5年期 评级为AA 债参考YTM：2.1193,N,8.28,全价：139.297 最后更新：15:34:39,,,,0,{'M': ''},0,0,N,,,buy,buy
2026-07-14 09:25:07,118063,金05转债,j05zz,167.342,0.93,688676,金盘科技,jpkj,73.16,1.46,6.28,88.6,82.57,0,102.66,270.0,630801,电力设备,shkc,C,2026-01-14,[],0,0,buy,AA+,,62.02,115.18,5.0,buy,2031-12-25,5.452,16.708,8508.63,77468.5,3.07,-7.25,,0,14:59:58,00,Y,N,0,0,Y,,2026-07-01 开始转股,计算使用5.5年期 评级为AA+ 债参考YTM：1.9193,N,16.71,全价：167.342 最后更新：14:59:58,,,,0,{'M': ''},0,0,N,,,buy,buy
2026-07-14 09:25:07,118067,上26转债,s26zz,132.157,1.24,688533,上声电子,ssdz,20.94,1.26,1.9,32.25,64.93,72,103.54,235.7,280206,汽车,shkc,C,2026-04-14,[],0,0,buy,A+,,22.575,41.925,9.4,buy,2032-03-17,5.68,3.25,1111.26,1783.11,2.61,-2.02,,0,14:59:53,00,Y,N,0,0,Y,,未到转股期；2026-09-24 开始转股,计算使用5.7年期 评级为A+ 债参考YTM：5.5656,N,3.25,全价：132.157 最后更新：14:59:53,,,,0,{'M': ''},0,0,N,,,buy,buy
2026-07-14 09:25:07,118068,迪威转债,dwzz,135.439,4.17,688377,迪威尔,dwe,21.47,4.53,2.62,32.49,66.08,149,104.96,240.4,640203,机械设备,shkc,C,2026-06-30,[],0,0,buy,AA-,,22.743,42.237,18.1,buy,2032-06-03,5.893,9.08,42094.09,6915.22,34.35,-2.96,,0,14:59:58,00,Y,N,0,0,Y,,未到转股期；2026-12-10 开始转股,计算使用5.9年期 评级为AA- 债参考YTM：3.3889,N,9.08,全价：135.439 最后更新：14:59:58,,,,0,{'M': ''},0,0,N,,,buy,buy
2026-07-14 09:25:07,113656,嘉诚转债,jczz,119.25,0.83,603535,嘉诚国际,jcgj,6.01,1.86,1.18,10.35,58.07,0,105.36,224.61,420805,交通运输,shmb,C,2022-10-12,[],0,0,buy,A+,,7.245,13.455,26.0,buy,2028-09-01,2.137,7.998,3009.55,2233.77,3.17,-0.3,,0,14:57:31,00,Y,N,0,0,Y,,2023-03-07 开始转股,计算使用2.2年期 评级为A+ 债参考YTM：4.4045,N,8.0,全价：119.250 最后更新：14:57:31,,,,0,[],0,0,N,,,buy,buy
2026-07-14 09:25:07,113671,武进转债,wjzz,125.288,0.92,603878,武进不锈,wjbx,4.79,0.84,1.03,7.88,60.79,0,106.11,231.4,230403,钢铁,shmb,C,2023-08-03,[],0,0,buy,AA,,5.516,10.244,11.5,buy,2029-07-10,2.992,3.093,2508.07,7258.71,6.52,-3.35,,0,14:59:58,00,Y,N,0,0,Y,,2024-01-15 开始转股,计算使用3.0年期 评级为AA 债参考YTM：1.7585,N,3.1,全价：125.288 最后更新：14:59:58,,,,0,[],0,0,N,,,buy,buy
2026-07-14 09:25:07,118015,芯海转债,xhzz,130.707,-0.14,688595,芯海科技,xhkj,34.99,-5.94,7.07,55.22,63.37,0,106.28,236.99,270104,电子,shkc,C,2022-08-18,[],0,0,buy,A+,,38.654,71.786,8.1,buy,2028-07-21,2.022,4.1,4100.63,33307.29,7.63,-4.57,,0,14:59:52,00,Y,N,0,0,Y,,2023-01-30 开始转股,计算使用2.1年期 评级为A+ 债参考YTM：4.3826,N,4.1,全价：130.707 最后更新：14:59:52,,,,0,{'M': ''},0,0,N,,,buy,buy
2026-07-14 09:25:07,127056,中特转债,ztzz,126.012,1.88,000708,中信特钢,zxtg,13.28,2.63,1.49,21.78,60.97,0,106.67,232.68,230501,钢铁,szmb,C,2022-04-15,[],0,0,buy,AAA,,15.246,28.314,7.5,buy,2028-02-25,1.619,49.996,11914.64,18448.79,1.9,-9.39,,0,15:34:03,00,Y,N,1,0,Y,转股价下修1次，成功下修0次,2022-09-05 开始转股,计算使用1.7年期 评级为AAA 债参考YTM：1.5557,Y,50.0,全价：126.012 最后更新：15:34:03,,,"按下调到底估算
股东大会：2026-07-22
预估转股价：13.18
预估转股价值：100.76
期权价值：16.62
理论价值：121.59
理论偏离度：3.51%",0,{'M': ''},0,0,N,,,buy,buy
2026-07-14 09:25:07,113634,珀莱转债,plzz,125.07,1.28,603605,珀莱雅,bly,57.38,2.14,3.55,95.46,60.11,0,108.07,233.14,770202,美容护理,shmb,C,2022-01-04,[],0,0,buy,AA,,66.822,124.098,3.3,buy,2027-12-08,1.403,7.507,4728.23,29392.01,5.05,-4.82,,0,14:58:53,00,Y,N,0,0,Y,,2022-06-14 开始转股,计算使用1.5年期 评级为AA 债参考YTM：1.6326,N,7.517,全价：125.070 最后更新：14:58:53,,,,1,{'M': ''},0,0,N,,,buy,buy
2026-07-14 09:25:07,127085,韵达转债,ydzz,124.099,0.95,002120,韵达股份,ydgf,6.82,1.34,0.92,11.53,59.15,0,109.8,233.9,420804,交通运输,szmb,C,2023-05-23,[],0,0,buy,AA+,,8.071,14.989,12.8,buy,2029-04-11,2.745,24.499,5169.27,21733.73,1.71,-3.95,,0,15:34:33,00,Y,N,0,0,Y,,2023-10-17 开始转股,计算使用2.8年期 评级为AA+ 债参考YTM：1.6656,N,24.5,全价：124.099 最后更新：15:34:33,,,,0,{'M': ''},0,0,N,,,buy,buy
2026-07-14 09:25:07,123113,仙乐转债,xlzz,115.334,0.5,300791,仙乐健康,xljk,17.35,4.9,1.81,31.66,54.8,0,110.46,225.79,340407,食品饮料,szcy,C,2021-05-14,[],0,0,buy,AA-,,22.162,41.158,22.9,buy,2027-04-19,0.764,10.248,5639.33,5921.37,4.78,-2.65,,0,15:33:57,00,Y,N,0,0,Y,,2021-10-25 开始转股,计算使用0.8年期 评级为AA- 债参考YTM：1.8190,N,10.249,全价：115.334 最后更新：15:33:57,,,,1,[],0,0,N,,,buy,buy
2026-07-14 09:25:07,113701,祥和转债,xhzz,152.412,3.67,603500,祥和实业,xhsy,9.62,1.05,2.91,13.37,71.95,57,111.82,264.23,640501,机械设备,shmb,C,2026-03-26,[],0,0,buy,A+,,9.359,17.381,12.5,buy,2032-03-02,5.638,4.0,23226.11,6320.48,38.7,-4.37,,0,14:59:58,00,Y,N,0,0,Y,,未到转股期；2026-09-09 开始转股,计算使用5.7年期 评级为A+ 债参考YTM：5.5656,N,4.0,全价：152.412 最后更新：14:59:58,,,,0,[],0,0,N,,,buy,buy
2026-07-14 09:25:07,123138,丝路转债,slzz,125.395,1.15,300556,丝路视觉,slsj,15.59,1.17,4.46,26.53,58.76,0,113.39,238.79,710401,计算机,szcy,C,2022-03-22,[],0,0,buy,A-,,18.571,34.489,14.1,buy,2028-03-02,1.636,2.393,1817.96,7294.71,6.1,-3.95,,0,15:34:12,00,Y,N,0,0,Y,,2022-09-08 开始转股,计算使用1.7年期 评级为A- 债参考YTM：9.0047,N,2.4,全价：125.395 最后更新：15:34:12,,,,1,[],0,0,N,,,buy,buy
2026-07-14 09:25:07,123193,海能转债,hnzz,124.069,0.81,300787,海能实业,hnsy,8.37,1.7,1.54,14.5,57.72,0,114.93,239.0,270504,电子,szcy,C,2023-05-09,[],0,0,buy,AA-,,10.15,18.85,36.5,buy,2029-04-13,2.751,5.997,2247.83,2923.55,3.04,-1.68,,0,15:34:12,00,Y,N,0,0,Y,,2023-10-19 开始转股,计算使用2.8年期 评级为AA- 债参考YTM：2.2173,N,6.0,全价：124.069 最后更新：15:34:12,,,,0,[],0,0,N,,,buy,buy
2026-07-14 09:25:07,123262,神宇转债,syzz,137.7,0.67,300563,神宇股份,sygf,24.73,0.53,3.79,38.62,64.03,0,115.04,252.74,730205,通信,szcy,C,2025-12-30,[],0,0,buy,AA-,,27.034,50.206,15.5,buy,2031-12-11,5.414,4.999,3203.76,10871.02,4.67,-3.52,,0,15:33:57,00,Y,N,0,0,Y,,2026-06-17 开始转股,计算使用5.5年期 评级为AA- 债参考YTM：2.9948,N,5.0,全价：137.700 最后更新：15:33:57,,,,0,{'M': ''},0,0,N,,,buy,buy
2026-07-14 09:25:07,123168,惠云转债,hyzz,124.987,0.53,300891,惠云钛业,hyty,6.24,3.48,1.96,10.74,58.1,0,115.12,240.11,220206,基础化工,szcy,C,2022-12-14,[],0,0,buy,AA-,,7.518,13.962,23.5,buy,2028-11-23,2.364,4.899,3690.99,3943.59,6.08,-2.2,,0,15:34:18,00,Y,N,0,0,Y,,2023-05-29 开始转股,计算使用2.4年期 评级为AA- 债参考YTM：2.1117,N,4.9,全价：124.987 最后更新：15:34:18,,,,0,{'M': ''},0,0,N,,,buy,buy
2026-07-14 09:25:07,123266,博士转债,bszz,135.007,0.64,300622,博士眼镜,bsyj,13.42,0.9,4.52,21.54,62.3,72,116.7,251.71,450401,商贸零售,szcy,C,2026-04-07,[],0,0,buy,AA,,15.078,28.002,12.7,buy,2032-03-17,5.68,3.75,1382.88,6157.68,2.74,-2.74,,0,15:34:42,00,Y,N,0,0,Y,,未到转股期；2026-09-24 开始转股,计算使用5.7年期 评级为AA 债参考YTM：2.1601,N,3.75,全价：135.007 最后更新：15:34:42,,,,0,[],0,0,N,,,buy,buy
2026-07-14 09:25:07,113625,江山转债,jszz,115.566,0.21,603208,江山欧派,jsop,10.47,0.67,1.76,19.84,52.77,0,118.99,234.56,360308,轻工制造,shmb,C,2021-07-01,[],0,0,buy,A,,13.888,25.792,31.6,buy,2027-06-11,0.91,5.825,2619.6,2474.46,3.9,2.32,,0,14:59:00,00,Y,N,1,1,Y,转股价下修1次，成功下修1次,2021-12-20 开始转股,计算使用1.0年期 评级为A 债参考YTM：6.5359,N,5.83,全价：115.566 最后更新：14:59:00,,,,1,[],0,0,N,,,buy,buy
2026-07-14 09:25:07,118066,统联转债,tlzz,129.572,0.16,688210,统联精密,tljm,33.24,-1.01,4.14,56.2,59.15,54,119.07,248.64,270504,电子,shkc,C,2026-03-20,[],0,0,buy,AA-,,39.34,73.06,10.7,buy,2032-03-02,5.638,5.76,3509.05,8158.65,4.71,-2.32,,0,14:59:58,00,Y,N,0,0,Y,,未到转股期；2026-09-06 开始转股,计算使用5.7年期 评级为AA- 债参考YTM：3.2162,N,5.76,全价：129.572 最后更新：14:59:58,,,,0,{'M': ''},0,0,N,,,buy,buy
2026-07-14 09:25:07,127060,湘佳转债,xjzz,124.648,0.85,002982,湘佳股份,xjgf,11.88,-1.82,1.39,21.03,56.49,0,120.65,245.3,110703,农林牧渔,szmb,C,2022-06-10,[],0,0,buy,A+,,14.721,27.339,41.4,buy,2028-04-19,1.767,6.399,2534.72,5982.39,3.19,-6.11,,0,15:34:06,00,Y,N,1,0,Y,转股价下修1次，成功下修0次,2022-10-25 开始转股,计算使用1.8年期 评级为A+ 债参考YTM：4.3251,Y,6.4,全价：124.648 最后更新：15:34:06,,,"按下调到底估算
股东大会：2026-07-23
预估转股价：11.80
预估转股价值：100.68
期权价值：20.67
理论价值：124.29
理论偏离度：0.29%",0,[],0,0,N,,,buy,buy
2026-07-14 09:25:07,111009,盛泰转债,stzz,123.829,2.08,605138,盛泰集团,stjt,5.89,3.7,1.27,10.51,56.04,0,120.96,244.79,350209,纺织服饰,shmb,C,2022-12-01,[],0,0,buy,AA,,7.357,13.663,21.4,buy,2028-11-07,2.321,7.011,2557.23,2996.44,2.97,-3.83,,0,14:58:07,00,Y,N,0,0,Y,,2023-05-11 开始转股,计算使用2.4年期 评级为AA 债参考YTM：1.7256,N,7.012,全价：123.829 最后更新：14:58:07,,,,0,[],0,0,N,,,buy,buy
2026-07-14 09:25:07,123265,耐普转02,npz02,132.336,2.65,300818,耐普矿机,npkj,17.65,3.64,2.04,29.5,59.83,8,121.18,253.52,640103,机械设备,szcy,C,2026-01-30,[],0,0,buy,A+,,20.65,38.35,17.9,buy,2032-01-15,5.51,4.5,2852.42,10229.2,4.85,-1.95,,0,15:33:54,00,Y,N,0,0,Y,,未到转股期；2026-07-22 开始转股,计算使用5.6年期 评级为A+ 债参考YTM：5.4571,N,4.5,全价：132.336 最后更新：15:33:54,,,,0,[],0,0,N,,,buy,buy
2026-07-14 09:25:07,123264,双乐转债,slzz,123.86,0.82,301036,双乐股份,slgf,20.13,0.9,1.18,36.4,55.3,0,123.97,247.83,220305,基础化工,szcy,C,2026-01-16,[],0,0,buy,AA-,,25.48,47.32,57.0,buy,2031-12-26,5.455,8.0,1942.3,3040.15,1.97,-1.58,,0,15:34:48,00,Y,N,0,0,Y,,2026-07-06 开始转股,计算使用5.5年期 评级为AA- 债参考YTM：2.9948,N,8.0,全价：123.860 最后更新：15:34:48,,,,0,{'M': ''},0,0,N,,,buy,buy
2026-07-14 09:25:07,123229,艾录转债,alzz,127.997,0.68,301062,上海艾录,shal,5.65,2.17,1.79,9.95,56.78,0,125.41,253.41,360205,轻工制造,szcy,C,2023-11-20,[],0,0,buy,A,,6.965,12.935,11.4,buy,2029-10-23,3.28,1.779,648.41,4277.98,2.86,-1.92,,0,15:34:42,00,Y,N,0,0,Y,,2024-04-29 开始转股,计算使用3.3年期 评级为A 债参考YTM：7.0307,N,5.0,全价：127.997 最后更新：15:34:42,,,,0,{'M': ''},0,0,N,,,buy,buy
2026-07-14 09:25:07,113666,爱玛转债,amzz,122.209,0.43,603529,爱玛科技,amkj,19.95,0.76,1.69,36.95,53.99,0,126.35,248.56,280401,汽车,shmb,C,2023-03-20,[],0,0,buy,AA,,25.865,48.035,11.8,buy,2029-02-23,2.616,19.994,2990.04,8152.44,1.23,-2.9,,0,14:59:22,00,Y,N,0,0,N,2026-07-14 至 2026-07-14 期间暂停转股：回购注销,2023-09-01 开始转股;2026-07-14 至 2026-07-14 期间暂停转股：回购注销,计算使用2.7年期 评级为AA 债参考YTM：1.7417,N,20.0,全价：122.209 最后更新：14:59:22,,,,0,{'M': ''},0,0,N,,,buy,buy
2026-07-14 09:25:07,123196,正元转02,zyz02,122.308,0.91,300645,正元智慧,zyzh,11.69,1.74,1.5,21.91,53.36,0,129.24,251.55,710103,计算机,szcy,C,2023-05-19,[],0,0,buy,A+,,15.337,28.483,21.5,buy,2029-04-18,2.764,3.501,2636.43,4859.2,6.21,-1.22,,0,15:34:33,00,Y,N,2,1,Y,转股价下修2次，成功下修1次,2023-10-24 开始转股,计算使用2.8年期 评级为A+ 债参考YTM：4.5650,N,3.507,全价：122.308 最后更新：15:34:33,,,,0,[],0,0,N,,,buy,buy
2026-07-14 09:25:07,113700,海天转债,htzz,127.889,0.7,603759,海天股份,htgf,6.88,0.88,1.08,12.41,55.44,28,130.68,258.57,760102,环保,shmb,C,2026-03-12,[],0,0,buy,AA,,8.687,16.133,25.2,buy,2032-02-04,5.564,8.01,1954.85,2651.39,1.92,-2.15,,0,14:59:50,00,Y,N,0,0,Y,,未到转股期；2026-08-11 开始转股,计算使用5.6年期 评级为AA 债参考YTM：2.1396,N,8.01,全价：127.889 最后更新：14:59:50,,,,0,[],0,0,N,,,buy,buy
2026-07-14 09:25:07,113638,台21转债,t21zz,125.057,0.37,603055,台华新材,thxc,8.66,0.12,1.41,16.01,54.09,0,131.2,256.26,350106,纺织服饰,shmb,C,2022-01-21,[],0,0,buy,AA,,11.207,20.813,7.8,buy,2027-12-29,1.46,5.997,3716.26,5903.1,4.96,-6.33,,0,14:58:40,00,Y,N,0,0,Y,,2022-07-05 开始转股,计算使用1.5年期 评级为AA 债参考YTM：1.6326,N,6.0,全价：125.057 最后更新：14:58:40,,,,0,{'M': ''},0,0,N,,,buy,buy
2026-07-14 09:25:07,113679,芯能转债,xnzz,123.861,0.96,603105,芯能科技,xnkj,6.62,2.0,1.45,12.55,52.75,0,134.81,258.67,410106,公用事业,shmb,C,2023-11-24,[],0,0,buy,AA-,,8.785,16.315,26.6,buy,2029-10-26,3.288,8.799,1707.55,5007.42,1.57,-1.11,,0,14:59:01,00,Y,N,0,0,Y,,2024-05-06 开始转股,计算使用3.3年期 评级为AA- 债参考YTM：2.3277,N,8.8,全价：123.861 最后更新：14:59:01,,,,0,{'M': ''},0,0,N,,,buy,buy
2026-07-14 09:25:07,123175,百畅转债,bczz,108.458,1.04,300614,百川畅银,bccy,9.42,2.06,1.71,20.4,46.18,0,134.88,243.34,760103,环保,szcy,C,2023-03-17,[],0,0,buy,BBB+,,14.28,26.52,27.8,buy,2029-02-22,2.614,4.199,1952.19,3123.6,4.32,2.77,,0,15:34:21,00,Y,N,2,2,Y,转股价下修2次，成功下修2次,2023-08-28 开始转股,计算使用2.7年期 评级为BBB+ 债参考YTM：12.3940,N,4.2,全价：108.458 最后更新：15:34:21,,,,0,{'M': ''},0,0,N,,,buy,buy
2026-07-14 09:25:07,118042,奥维转债,awzz,125.998,0.09,688516,奥特维,atw,44.36,-2.29,3.64,83.69,53.01,0,137.71,263.71,630505,电力设备,shkc,C,2023-09-01,[],0,0,buy,AA-,,58.583,108.797,8.2,buy,2029-08-10,3.077,11.399,4572.81,35547.31,3.2,-1.8,,0,14:58:43,00,Y,N,0,0,Y,,2024-02-19 开始转股,计算使用3.1年期 评级为AA- 债参考YTM：2.2912,N,11.4,全价：125.998 最后更新：14:58:43,,,,0,{'M': ''},0,0,N,,,buy,buy
2026-07-14 09:25:07,113693,志邦转债,zbzz,119.899,0.58,603801,志邦家居,zbjj,5.57,3.15,0.76,11.13,50.05,0,139.58,259.48,360308,轻工制造,shmb,C,2025-04-08,[],0,0,buy,AA,,7.791,14.469,27.7,buy,2031-03-18,4.68,6.7,3761.18,4725.6,4.71,-1.03,,0,14:59:34,00,Y,N,0,0,Y,,2025-09-24 开始转股,计算使用4.7年期 评级为AA 债参考YTM：1.9989,N,6.7,全价：119.899 最后更新：14:59:34,,,,0,[],0,0,N,,,buy,buy
2026-07-14 09:25:07,118020,芳源转债,fyzz,119.15,1.14,688148,芳源股份,fygf,6.91,0.88,6.43,14.0,49.36,0,141.4,260.55,630702,电力设备,shkc,C,2022-11-07,[],0,0,buy,BBB,,9.8,18.2,18.2,buy,2028-09-23,2.197,6.417,1913.89,12715.5,2.51,2.67,,0,14:59:20,00,Y,N,1,1,Y,转股价下修1次，成功下修1次,2023-03-29 开始转股,计算使用2.2年期 评级为BBB 债参考YTM：15.3666,N,6.42,全价：119.150 最后更新：14:59:20,,,,0,{'M': ''},0,0,N,,,buy,buy
2026-07-14 09:25:07,123267,珂玛转债,kmzz,350.6,-0.43,301611,珂玛科技,kmkj,140.0,-0.75,33.35,97.47,143.63,100,144.09,494.69,270103,电子,szcy,C,2026-05-13,[],0,0,buy,AA,,68.229,126.711,3.7,buy,2032-04-15,5.759,7.5,148068.35,168808.17,55.67,-17.92,,0,15:34:45,00,Y,N,0,0,Y,,未到转股期；2026-10-22 开始转股,计算使用5.8年期 评级为AA 债参考YTM：2.1804,N,7.5,全价：350.600 最后更新：15:34:45,,,,0,{'M': ''},0,0,N,,,buy,buy
2026-07-14 09:25:07,127062,垒知转债,lzzz,122.598,1.31,002398,垒知集团,lzjt,3.76,2.45,0.7,7.56,49.74,0,146.5,269.1,610303,建筑材料,szmb,C,2022-05-20,[],0,0,buy,AA-,,5.292,9.828,17.5,buy,2028-04-21,1.773,3.957,2746.87,5385.76,5.69,-2.63,,0,15:34:36,00,Y,N,0,0,Y,,2022-10-27 开始转股,计算使用1.8年期 评级为AA- 债参考YTM：1.9864,N,3.963,全价：122.598 最后更新：15:34:36,,,,0,[],0,0,N,,,buy,buy
2026-07-14 09:25:07,123090,三诺转债,snzz,112.993,0.16,300298,三诺生物,snsw,15.22,3.61,2.73,34.52,44.09,0,156.28,269.27,370502,医药生物,szcy,C,2021-01-12,[],0,0,buy,AA,,24.164,44.876,7.3,buy,2026-12-21,0.438,4.984,2668.06,19677.5,4.73,-2.01,,0,15:34:03,00,Y,N,0,0,Y,,2021-06-25 开始转股,计算使用0.5年期 评级为AA 债参考YTM：1.5450,N,5.0,全价：112.993 最后更新：15:34:03,,,,0,{'M': ''},0,0,N,,,buy,buy
2026-07-14 09:25:07,111014,李子转债,lzzz,122.587,1.97,605337,李子园,lzy,8.66,1.76,1.99,18.14,47.74,0,156.78,279.37,340701,食品饮料,shmb,C,2023-07-13,[],0,0,buy,AA,,12.698,23.582,17.8,buy,2029-06-20,2.937,5.999,2946.49,2096.9,4.04,-2.09,,0,14:59:34,00,Y,N,0,0,Y,,2023-12-28 开始转股,计算使用3.0年期 评级为AA 债参考YTM：1.7585,N,6.0,全价：122.587 最后更新：14:59:34,,,,0,[],0,0,N,,,buy,buy
2026-07-14 09:25:07,113650,博22转债,b22zz,123.016,0.85,603916,苏博特,sbt,10.86,0.93,1.06,23.03,47.16,0,160.87,283.89,220309,基础化工,shmb,C,2022-07-28,[],0,0,buy,AA-,,16.121,29.939,17.5,buy,2028-07-01,1.967,7.996,2421.55,7679.39,2.47,-2.54,,0,14:59:22,00,Y,N,0,0,Y,,2023-01-09 开始转股,计算使用2.0年期 评级为AA- 债参考YTM：2.0234,N,8.0,全价：123.016 最后更新：14:59:22,,,,1,{'M': ''},0,0,N,,,buy,buy
2026-07-14 09:25:07,118069,爱科转债,akzz,199.733,-1.98,688092,爱科科技,akkj,21.83,2.01,2.71,28.53,76.52,156,161.03,360.76,640209,机械设备,shkc,C,2026-07-09,[],0,0,buy,AA-,,19.971,37.089,14.8,buy,2032-06-10,5.912,2.67,229033.42,1838.47,430.62,-8.68,,0,15:00:00,00,Y,N,0,0,Y,,未到转股期；2026-12-17 开始转股,计算使用6.0年期 评级为AA- 债参考YTM：3.4394,N,2.67,全价：199.733 最后更新：15:00:00,,,,0,{'M': ''},0,0,N,,,buy,buy
2026-07-14 09:25:07,118022,锂科转债,lkzz,120.664,0.65,688779,五矿新能,wkxn,7.11,-0.42,1.87,15.49,45.9,0,162.88,283.54,630702,电力设备,shkc,C,2022-11-07,[],0,0,buy,AA,,10.843,20.137,23.7,buy,2028-10-11,2.247,32.497,4060.97,17248.09,1.04,-2.82,,0,14:59:53,00,Y,N,0,0,Y,,2023-04-17 开始转股,计算使用2.3年期 评级为AA 债参考YTM：1.7192,N,32.5,全价：120.664 最后更新：14:59:53,,,,0,{'M': ''},0,0,N,,,buy,buy
2026-07-14 09:25:07,123117,健帆转债,jfzz,114.88,0.38,300529,健帆生物,jfsw,16.55,1.97,3.57,38.15,43.38,0,164.81,279.69,370503,医药生物,szcy,C,2021-07-12,[],0,0,buy,AA,,26.705,49.595,11.8,buy,2027-06-23,0.943,9.998,3412.79,16598.9,2.98,-4.52,,0,15:34:12,00,Y,N,2,2,Y,转股价下修2次，成功下修2次,2021-12-29 开始转股,计算使用1.0年期 评级为AA 债参考YTM：1.5859,N,10.0,全价：114.880 最后更新：15:34:12,,,,1,{'M': ''},0,0,N,,,buy,buy
2026-07-14 09:25:07,127044,蒙娜转债,mnzz,118.603,0.85,002918,蒙娜丽莎,mnls,8.85,1.14,1.1,19.76,44.79,0,164.81,283.41,360306,轻工制造,szmb,C,2021-09-16,[],0,0,buy,AA-,,13.832,25.688,17.8,buy,2027-08-16,1.09,3.368,2086.44,7047.61,5.25,-3.77,,0,15:33:57,00,Y,N,1,1,Y,转股价下修1次，成功下修1次,2022-02-21 开始转股,计算使用1.1年期 评级为AA- 债参考YTM：1.8599,N,11.689,全价：118.603 最后更新：15:33:57,,,,0,[],0,0,N,,,buy,buy
2026-07-14 09:25:07,123180,浙矿转债,zkzz,127.0,1.16,300837,浙矿股份,zkgf,22.19,2.83,1.52,47.59,46.63,0,172.37,299.37,640203,机械设备,szcy,C,2023-03-28,[],0,0,buy,AA-,,33.313,61.867,19.1,buy,2029-03-09,2.655,3.197,2036.83,3428.64,5.04,-2.62,,0,15:34:03,00,Y,N,0,0,Y,,2023-09-15 开始转股,计算使用2.7年期 评级为AA- 债参考YTM：2.1907,N,3.2,全价：127.000 最后更新：15:34:03,,,,0,[],0,0,N,,,buy,buy
2026-07-14 09:25:07,127098,欧晶转债,ojzz,119.632,0.25,001269,欧晶科技,ojkj,17.85,-0.11,4.51,42.0,42.5,0,181.49,301.12,630504,电力设备,szmb,C,2023-12-15,[],0,0,buy,A+,,29.4,54.6,13.7,buy,2029-11-24,3.367,4.693,3635.37,6252.05,6.49,-0.9,,0,15:34:12,00,Y,N,1,1,Y,转股价下修1次，成功下修1次,2024-05-30 开始转股,计算使用3.4年期 评级为A+ 债参考YTM：4.6966,N,4.7,全价：119.632 最后更新：15:34:12,,,,0,[],0,0,N,,,buy,buy
2026-07-14 09:25:07,113049,长汽转债,cqzz,109.266,1.35,601633,长城汽车,ccqc,15.03,0.2,1.45,38.83,38.71,0,182.29,291.56,280502,汽车,shmb,C,2021-07-08,[],0,0,buy,AAA,,27.181,50.479,3.7,buy,2027-06-10,0.907,34.95,8155.54,19171.6,2.15,-2.29,,0,14:59:34,00,Y,N,0,0,Y,,2021-12-17 开始转股,计算使用1.0年期 评级为AAA 债参考YTM：1.5159,N,35.0,全价：109.266 最后更新：14:59:34,,,,1,{'M': ''},0,0,N,,,buy,buy
2026-07-14 09:25:07,123151,康医转债,kyzz,118.01,0.23,300869,康泰医学,ktyx,10.76,3.56,2.51,27.55,39.06,0,202.15,320.16,370502,医药生物,szcy,C,2022-07-20,[],0,0,buy,A+,,19.285,35.815,24.7,buy,2028-07-01,1.967,6.998,2594.75,5089.69,3.14,-0.22,,0,15:34:21,00,Y,N,0,0,Y,,2023-01-09 开始转股,计算使用2.0年期 评级为A+ 债参考YTM：4.3634,N,7.0,全价：118.010 最后更新：15:34:21,,,,1,{'M': ''},0,0,N,,,buy,buy
2026-07-14 09:25:07,113670,金23转债,j23zz,122.907,0.71,603180,金牌家居,jpjj,14.84,5.17,0.84,37.54,39.53,0,210.91,333.82,360308,轻工制造,shmb,C,2023-05-16,[],0,0,buy,AA,,26.278,48.802,33.6,buy,2029-04-17,2.762,7.7,3846.3,2000.89,4.1,-1.4,,0,14:58:15,00,Y,N,0,0,Y,,2023-10-23 开始转股,计算使用2.8年期 评级为AA 债参考YTM：1.7468,N,7.7,全价：122.907 最后更新：14:58:15,,,,0,[],0,0,N,,,buy,buy
2026-07-14 09:25:07,113660,寿22转债,s22zz,123.5,0.69,603896,寿仙谷,sxg,14.49,2.33,1.26,36.84,39.33,0,213.99,337.49,370201,医药生物,shmb,C,2022-12-12,[],0,0,buy,AA-,,25.788,47.892,13.8,buy,2028-11-17,2.348,3.977,1612.13,4352.91,3.3,-2.87,,0,14:57:49,00,Y,N,0,0,Y,,2023-05-23 开始转股,计算使用2.4年期 评级为AA- 债参考YTM：2.1117,N,3.98,全价：123.500 最后更新：14:57:49,,,,0,[],0,0,N,,,buy,buy
2026-07-14 09:25:07,123250,嘉益转债,jyzz,125.12,1.05,301004,嘉益股份,jygf,31.1,0.45,2.45,79.66,39.04,0,220.48,345.6,360311,轻工制造,szcy,C,2024-11-26,[],0,0,buy,A+,,55.762,103.558,9.3,buy,2030-11-07,4.321,3.955,1040.71,1394.99,2.11,-1.23,,0,15:34:24,00,Y,N,0,0,Y,,2025-05-13 开始转股,计算使用4.4年期 评级为A+ 债参考YTM：4.8455,N,3.979,全价：125.120 最后更新：15:34:24,,,,0,{'M': ''},0,0,N,,,buy,buy
2026-07-14 09:25:07,128135,洽洽转债,qqzz,114.462,0.04,002557,洽洽食品,qqsp,19.3,-3.16,1.76,54.95,35.12,0,225.89,340.35,340801,食品饮料,szmb,C,2020-11-18,[],0,0,buy,AA,,38.465,71.435,13.8,buy,2026-10-20,0.269,13.398,5841.45,19200.62,3.81,1.77,,0,15:34:27,00,Y,N,0,0,Y,,2021-04-26 开始转股,计算使用0.3年期 评级为AA 债参考YTM：1.5169,N,13.4,全价：114.462 最后更新：15:34:27,,,,1,{'M': ''},0,0,N,,,buy,buy
2026-07-14 09:25:07,118032,建龙转债,jlzz,123.26,0.58,688357,建龙微纳,jlwn,24.87,0.44,1.34,71.41,34.83,0,253.92,377.18,220309,基础化工,shkc,C,2023-04-07,[],0,0,buy,AA-,,49.987,92.833,28.1,buy,2029-03-08,2.652,6.999,1434.09,2119.37,1.67,-1.5,,0,14:59:34,00,Y,N,0,0,Y,,2023-09-14 开始转股,计算使用2.7年期 评级为AA- 债参考YTM：2.1907,N,7.0,全价：123.260 最后更新：14:59:34,,,,0,{'M': ''},0,0,N,,,buy,buy
2026-07-14 09:25:07,110085,通22转债,t22zz,115.707,0.7,600438,通威股份,twgf,10.68,0.0,1.32,34.6,30.87,0,274.86,390.57,630501,电力设备,shmb,C,2022-03-18,[],0,0,buy,AAA,,24.22,44.98,24.9,buy,2028-02-24,1.616,119.831,9971.53,43729.04,0.72,-2.68,,0,14:59:33,00,Y,N,0,0,Y,,2022-09-02 开始转股,计算使用1.7年期 评级为AAA 债参考YTM：1.5557,N,120.0,全价：115.707 最后更新：14:59:33,,,,0,{'M': ''},0,0,N,,,buy,buy
2026-07-14 09:25:07,123270,盛德转债,sdzz,253.702,-11.1,300881,盛德鑫泰,sdxt,35.91,1.61,3.19,53.68,66.9,146,279.25,532.95,230501,钢铁,szcy,C,2026-06-12,[],0,0,buy,A+,,37.576,69.784,19.6,buy,2032-05-31,5.885,4.05,98102.07,6067.57,89.13,-12.35,,0,15:34:51,00,Y,N,0,0,Y,,未到转股期；2026-12-07 开始转股,计算使用5.9年期 评级为A+ 债参考YTM：5.7388,N,4.05,全价：253.702 最后更新：15:34:51,,,,0,{'M': ''},0,0,N,,,buy,buy
2026-07-14 09:25:07,123154,火星转债,hxzz,124.387,0.47,300894,火星人,hxr,10.83,0.19,4.18,33.03,32.79,0,279.36,403.75,330401,家用电器,szcy,C,2022-08-23,[],0,0,buy,A+,,23.121,42.939,16.6,buy,2028-08-05,2.063,5.289,3606.27,11052.74,5.49,-2.37,,0,15:34:24,00,Y,N,0,0,Y,,2023-02-13 开始转股,计算使用2.1年期 评级为A+ 债参考YTM：4.3826,N,5.29,全价：124.387 最后更新：15:34:24,,,,0,{'M': ''},0,0,N,,,buy,buy
2026-07-14 09:25:07,127025,冀东转债,jdzz,105.502,0.07,000401,金隅冀东,jyjd,3.54,2.31,0.36,12.91,27.42,0,284.75,390.25,610101,建筑材料,szmb,C,2020-12-02,[],0,0,buy,AAA,,9.037,16.783,19.1,buy,2026-11-05,0.312,17.764,8803.53,3230.29,4.7,1.53,,0,15:34:00,00,Y,Y,0,0,Y,,2021-05-11 开始转股,计算使用0.4年期 评级为AAA 债参考YTM：1.4622,N,28.2,全价：105.502 最后更新：15:34:00,,,,0,{'M': ''},0,0,N,,,buy,buy
2026-07-14 09:25:07,118005,天奈转债,tnzz,124.539,1.62,688116,天奈科技,tnkj,32.03,-5.77,3.05,99.01,32.35,0,284.97,409.51,630702,电力设备,shkc,C,2022-03-01,[],0,0,buy,AA-,,69.307,128.713,7.1,buy,2028-01-27,1.54,8.299,2332.75,43849.92,2.28,-6.85,,0,14:59:02,00,Y,N,0,0,Y,,2022-08-09 开始转股,计算使用1.6年期 评级为AA- 债参考YTM：1.9479,N,8.3,全价：124.539 最后更新：14:59:02,,,,0,{'M': ''},0,0,N,,,buy,buy
2026-07-14 09:25:07,123072,乐歌转债,lgzz,120.545,0.24,300729,乐歌股份,lggf,9.74,1.14,0.9,32.61,29.87,0,303.59,424.14,360311,轻工制造,szcy,C,2020-11-10,[],0,0,buy,A+,,22.827,42.393,4.4,buy,2026-10-21,0.271,1.418,1524.27,2218.96,8.93,-1.68,,0,15:33:57,00,Y,N,0,0,Y,,2021-04-27 开始转股,计算使用0.3年期 评级为A+ 债参考YTM：4.0684,N,1.42,全价：120.545 最后更新：15:33:57,,,,0,[],0,0,N,,,buy,buy
2026-07-14 09:25:07,113633,科沃转债,kwzz,119.589,0.44,603486,科沃斯,kws,50.54,-0.61,3.11,172.97,29.22,0,309.29,428.88,330302,家用电器,shmb,C,2021-12-29,[],0,0,buy,AA,,121.079,224.861,3.6,buy,2027-11-30,1.381,10.396,4831.32,21402.23,3.9,-4.82,,0,14:59:34,00,Y,N,0,0,Y,,2022-06-06 开始转股,计算使用1.4年期 评级为AA 债参考YTM：1.6208,N,10.4,全价：119.589 最后更新：14:59:34,,,,0,{'M': ''},0,0,N,,,buy,buy
2026-07-14 09:25:07,118010,洁特转债,jtzz,122.998,0.99,688026,洁特生物,jtsw,13.98,2.95,1.65,47.95,29.16,0,321.87,444.87,370503,医药生物,shkc,C,2022-08-02,[],0,0,buy,A+,,33.565,62.335,22.4,buy,2028-06-28,1.959,4.399,1086.98,3903.04,2.02,-4.8,,0,14:59:39,00,Y,N,0,0,Y,,2023-01-04 开始转股,计算使用2.0年期 评级为A+ 债参考YTM：4.3634,N,4.4,全价：122.998 最后更新：14:59:39,,,,1,{'M': ''},0,0,N,,,buy,buy
2026-07-14 09:25:07,123273,三江转债,sjzz,347.0,0.0,301059,金三江,jsj,11.68,0.52,4.12,14.43,80.94,163,328.7,675.7,220309,基础化工,szcy,C,2026-07-03,[],0,0,buy,A+,,10.101,18.759,12.0,buy,2032-06-16,5.929,2.9,0.0,3018.85,0.0,-16.7,,0,15:34:03,03,Y,N,0,0,Y,,未到转股期；2026-12-24 开始转股,计算使用6.0年期 评级为A+ 债参考YTM：5.7894,N,2.9,全价：347.000 最后更新：15:34:03,,,,0,{'M': ''},0,0,N,,,buy,buy
2026-07-14 09:25:07,128124,科华转债,khzz,105.849,0.07,002022,科华生物,khsw,5.09,4.09,1.02,20.64,24.66,0,329.22,435.07,370504,医药生物,szmb,C,2020-08-20,[],0,0,buy,A,,14.448,26.832,8.6,buy,2026-07-28,0.038,2.243,2210.65,4921.26,9.31,4.01,,0,15:34:21,00,Y,N,0,0,Y,,2021-02-03 开始转股,计算使用0.1年期 评级为A 债参考YTM：6.4077,N,7.38,全价：105.849 最后更新：15:34:21,,,,0,{'R': '到期\n最后交易日：2026-07-22\n最后转股日：2026-07-27\n债券到期日：2026-07-28\n到期赎回价：106.000元/张'},0,0,N,,,buy,buy
2026-07-14 09:25:07,123179,立高转债,lgzz,122.198,0.34,300973,立高食品,lgsp,23.54,-1.63,1.46,94.64,24.87,0,391.28,513.48,340802,食品饮料,szcy,C,2023-03-27,[],0,0,buy,AA-,,66.248,123.032,34.0,buy,2029-03-07,2.649,9.499,1405.33,7496.0,1.22,-1.08,,0,15:34:00,00,Y,N,0,0,Y,,2023-09-13 开始转股,计算使用2.7年期 评级为AA- 债参考YTM：2.1907,N,9.5,全价：122.198 最后更新：15:34:00,,,,0,{'M': ''},0,0,N,,,buy,buy
2026-07-14 09:25:07,113059,福莱转债,flzz,118.7,-0.05,601865,福莱特,flt,9.25,0.33,0.96,41.56,22.26,0,433.32,552.02,630504,电力设备,shmb,C,2022-06-13,[],0,0,buy,AA,,29.092,54.028,22.7,buy,2028-05-20,1.852,39.999,5335.69,12416.91,1.13,-2.27,,0,14:59:23,00,Y,N,1,0,N,"转股价下修1次，成功下修0次
2026-07-09 至 2026-07-15 期间暂停转股：回售
转股价41.560生效日期2026-06-18",2022-11-28 开始转股;2026-07-09 至 2026-07-15 期间暂停转股：回售,计算使用1.9年期 评级为AA 债参考YTM：1.6822,N,40.0,全价：118.700 最后更新：14:59:23,,,,0,{'M': ''},0,0,Y,,,buy,buy
