抓取时间,bond_id,bond_nm,bond_py,price,increase_rt,stock_id,stock_nm,stock_py,sprice,sincrease_rt,pb,convert_price,convert_value,convert_begin,premium_rt,dblow,sw_cd,sw_name,market_cd,btype,list_dt,t_flag,owned,hold,bond_value,rating_cd,option_value,put_convert_price,force_redeem_price,convert_amt_ratio,fund_rt,maturity_dt,year_left,curr_iss_amt,volume,svolume,turnover_rt,ytm_rt,put_ytm_rt,noted,last_time,qstatus,sqflag,pb_flag,adj_cnt,adj_scnt,convert_price_valid,convert_price_tips,convert_cd_tip,ref_yield_info,adjusted,orig_iss_amt,price_tips,redeem_dt,real_force_redeem_price,option_tip,after_next_put_dt,icons,is_min_price,blocked,putting,force_redeem_price_tip,notes,volatility_rate,debt_rate
2026-06-02 11:49:54,128137,洁美转债,jmzz,300.7,8.63,002859,洁美科技,jmkj,80.4,7.13,10.91,26.34,305.24,0,-1.49,299.21,270401,电子,szmb,C,2020-12-01,[],0,0,buy,AA-,,18.438,34.242,1.6,buy,2026-11-04,,5.394,680975.51,252875.24,426.48,,,0,15:34:12,00,Y,N,0,0,Y,,2021-05-10 开始转股,强赎登记日2026-06-16，赎回价格101.266元，如不考虑强赎纯债价值为111.19元，计算使用0.5年期 评级为AA- 债参考YTM：1.7222,N,6.0,全价：300.700 最后更新：15:34:12,2026-06-16,101.266,如不考虑强赎期权价值为205.97元,1,"{'R': '最后交易日 2026年6月16日\r\n最后转股日 2026年6月22日\r\n赎回价 101.266元/张', 'M': ''}",0,0,N,,,buy,buy
2026-06-02 11:49:54,127090,兴瑞转债,xrzz,137.197,6.52,002937,兴瑞科技,xrkj,34.93,6.98,6.76,25.3,138.06,0,-0.63,136.57,280206,汽车,szmb,C,2023-08-15,[],0,0,buy,AA-,,17.71,32.89,2.4,buy,2029-07-24,,2.575,87563.14,49534.47,252.38,,,0,15:34:24,00,Y,N,0,0,Y,,2024-01-29 开始转股,强赎登记日2026-06-10，赎回价格100.717元，如不考虑强赎纯债价值为110.02元，计算使用3.2年期 评级为AA- 债参考YTM：2.3855,N,4.62,全价：137.197 最后更新：15:34:24,2026-06-10,100.717,如不考虑强赎期权价值为57.09元,0,"{'R': '最后交易日 2026年6月10日\r\n最后转股日 2026年6月15日\r\n赎回价 100.717元/张', 'M': ''}",0,0,N,,,buy,buy
2026-06-02 11:49:54,127096,泰坦转债,ttzz,510.63,-9.62,003036,泰坦股份,ttgf,67.8,-5.57,9.76,13.2,513.64,0,-0.59,510.04,640206,机械设备,szmb,C,2023-11-15,[],0,0,buy,A,,9.24,17.16,2.0,buy,2029-10-25,3.4,2.915,412094.47,111153.33,281.03,-35.09,,0,15:34:06,00,Y,N,0,0,Y,,2024-05-06 开始转股,计算使用3.4年期 评级为A 债参考YTM：7.1220,N,2.955,全价：510.630 最后更新：15:34:06,,,,0,{'G': '本次（2026年2月9日至2026年3月11日）不提前赎回，以2026年6月11日后首个交易日起重新计算'},0,0,N,,,buy,buy
2026-06-02 11:49:54,123198,金埔转债,jpzz,122.111,-3.5,301098,金埔园林,jpyl,9.26,-4.34,1.61,7.55,122.65,0,-0.44,121.67,620307,建筑装饰,szcy,C,2023-07-07,[],0,0,buy,A,,5.285,9.815,12.8,buy,2029-06-08,,1.985,24781.03,17810.97,103.47,,,0,15:34:00,00,Y,N,1,1,Y,转股价下修1次，成功下修1次,2023-12-14 开始转股,强赎登记日2026-06-16，赎回价格100.062元，如不考虑强赎纯债价值为98.29元，计算使用3.1年期 评级为A 债参考YTM：7.0629,N,5.2,全价：122.111 最后更新：15:34:00,2026-06-16,100.062,如不考虑强赎期权价值为40.84元,0,"{'R': '最后交易日 2026年6月16日\r\n最后转股日 2026年6月22日\r\n赎回价 100.062元/张', 'M': ''}",0,0,N,,,buy,buy
2026-06-02 11:49:54,118041,星球转债,xqzz,127.613,-1.71,688633,星球石墨,xqsm,29.64,-1.76,2.62,23.14,128.09,0,-0.37,127.24,640203,机械设备,shkc,C,2023-08-22,[],0,0,buy,A+,,16.198,30.082,2.2,buy,2029-07-31,,1.081,11874.98,17112.0,85.67,,,0,14:59:58,00,Y,N,0,0,Y,,2024-02-05 开始转股,强赎登记日2026-06-04，赎回价格100.860元，如不考虑强赎纯债价值为103.44元，计算使用3.2年期 评级为A+ 债参考YTM：4.7375,N,6.2,全价：127.613 最后更新：14:59:58,2026-06-04,100.860,如不考虑强赎期权价值为51.05元,0,"{'R': '最后交易日 2026年6月4日\r\n最后转股日 2026年6月9日\r\n赎回价 100.8603元/张', 'M': ''}",0,0,N,,,buy,buy
2026-06-02 11:49:54,118033,华特转债,htzz,176.951,-0.77,688268,华特气体,htqt,146.89,-0.51,8.87,82.75,177.51,0,-0.32,176.63,270601,电子,shkc,C,2023-04-14,[],0,0,buy,AA-,,57.925,107.575,0.9,buy,2029-03-21,,1.62,94630.11,100631.41,328.33,,,0,15:00:00,00,Y,N,0,0,Y,,2023-09-27 开始转股,强赎登记日2026-06-04，赎回价格100.333元，如不考虑强赎纯债价值为111.31元，计算使用2.9年期 评级为AA- 债参考YTM：2.2972,N,6.46,全价：176.951 最后更新：15:00:00,2026-06-04,100.333,如不考虑强赎期权价值为108.90元,0,"{'R': '最后交易日 2026年6月4日\r\n最后转股日 2026年6月9日\r\n赎回价 100.3329元/张', 'M': ''}",0,0,N,,,buy,buy
2026-06-02 11:49:54,111010,立昂转债,lazz,159.892,-4.05,605358,立昂微,law,53.84,-4.03,5.02,33.59,160.29,0,-0.25,159.64,270103,电子,shmb,C,2022-12-07,[],0,0,buy,AA,,23.513,43.667,4.9,buy,2028-11-14,2.455,18.95,154524.55,283238.94,49.91,-12.66,,0,15:00:00,00,Y,N,1,1,Y,转股价下修1次，成功下修1次,2023-05-18 开始转股,已公告要强赎，如不考虑强赎纯债价值为110.68元，计算使用2.5年期 评级为AA 债参考YTM：1.7121,N,33.9,全价：159.892 最后更新：15:00:00,,,如不考虑强赎期权价值为80.47元,0,"{'O': '', 'M': ''}",0,0,N,,,buy,buy
2026-06-02 11:49:54,127026,超声转债,cszz,134.771,2.1,000823,超声电子,csdz,16.22,1.95,1.86,12.02,134.94,0,-0.13,134.64,270202,电子,szmb,C,2021-01-14,[],0,0,buy,AA,,8.414,15.626,2.8,buy,2026-12-08,,2.619,40978.74,84838.22,115.6,,,0,15:34:48,00,Y,N,0,0,Y,,2021-06-15 开始转股,强赎登记日2026-06-09，赎回价格101.040元，如不考虑强赎纯债价值为107.18元，计算使用0.6年期 评级为AA 债参考YTM：1.4822,N,7.0,全价：134.771 最后更新：15:34:48,2026-06-09,101.040,如不考虑强赎期权价值为40.18元,1,"{'R': '最后交易日 2026年6月9日\r\n最后转股日 2026年6月12日\r\n赎回价 101.04元/张', 'M': ''}",0,0,N,,,buy,buy
2026-06-02 11:49:54,127066,科利转债,klzz,118.8,-1.0,002850,科达利,kdl,173.87,-0.07,3.48,146.2,118.93,0,-0.11,118.69,630701,电力设备,szmb,C,2022-08-03,[],0,0,buy,AA,,102.34,190.06,2.9,buy,2028-07-08,,10.369,15990.22,67877.91,12.9,,,0,15:34:15,00,Y,N,0,0,Y,,2023-01-16 开始转股,强赎登记日2026-06-09，赎回价格101.405元，如不考虑强赎纯债价值为109.50元，计算使用2.2年期 评级为AA 债参考YTM：1.6715,N,15.344,全价：118.800 最后更新：15:34:15,2026-06-09,101.405,如不考虑强赎期权价值为41.66元,0,"{'R': '最后交易日 2026年6月9日\r\n最后转股日 2026年6月12日\r\n赎回价 101.405元/张', 'M': ''}",0,0,N,,,buy,buy
2026-06-02 11:49:54,118018,瑞科转债,rkzz,143.758,1.65,688323,瑞华泰,rht,30.19,1.72,6.48,21.0,143.76,0,0.0,143.76,220505,基础化工,shkc,C,2022-09-14,[],0,0,buy,A,,14.7,27.3,4.6,buy,2028-08-18,2.214,2.623,105920.4,45292.77,279.15,-10.38,,0,14:59:59,00,Y,N,1,1,Y,转股价下修1次，成功下修1次,2023-02-24 开始转股,已公告要强赎，如不考虑强赎纯债价值为98.31元，计算使用2.3年期 评级为A 债参考YTM：6.7685,N,4.3,全价：143.758 最后更新：14:59:59,,,如不考虑强赎期权价值为80.24元,0,"{'O': '', 'M': ''}",0,0,N,,,buy,buy
2026-06-02 11:49:54,113644,艾迪转债,adzz,117.643,0.85,603638,艾迪精密,adjm,21.92,0.78,4.78,18.65,117.53,0,0.09,117.73,640602,机械设备,shmb,C,2022-05-12,[],0,0,buy,AA-,,13.055,24.245,3.7,buy,2028-04-15,1.871,6.753,21144.54,19480.86,26.74,-0.3,,0,14:59:49,00,Y,N,1,1,Y,转股价下修1次，成功下修1次,2022-11-18 开始转股,已公告要强赎，如不考虑强赎纯债价值为112.84元，计算使用1.9年期 评级为AA- 债参考YTM：1.9766,N,10.0,全价：117.643 最后更新：14:59:49,,,如不考虑强赎期权价值为30.38元,1,"{'O': '', 'M': ''}",0,0,N,,,buy,buy
2026-06-02 11:49:54,123207,冠中转债,gzzz,266.819,-0.51,300948,冠中生态,gzst,27.72,-1.46,4.67,10.44,265.52,0,0.49,267.31,620307,建筑装饰,szcy,C,2023-08-09,[],0,0,buy,A-,,7.308,13.572,3.5,buy,2029-07-21,3.137,1.5,46809.86,23285.26,119.15,-22.85,,0,15:34:03,00,Y,N,1,1,Y,转股价下修1次，成功下修1次,2024-01-29 开始转股,计算使用3.2年期 评级为A- 债参考YTM：9.4375,N,4.0,全价：266.819 最后更新：15:34:03,,,,0,{'M': ''},0,0,N,,,buy,buy
2026-06-02 11:49:54,110084,贵燃转债,grzz,136.179,-1.32,600903,贵州燃气,gzrq,9.63,-1.93,3.44,7.11,135.44,0,0.54,136.72,410301,公用事业,shmb,C,2022-01-18,[],0,0,buy,AA,,4.977,9.243,7.3,buy,2027-12-27,1.57,8.157,34275.35,47312.34,30.76,-11.92,,0,14:59:59,00,Y,N,1,1,Y,转股价下修1次，成功下修1次,2022-07-01 开始转股,计算使用1.6年期 评级为AA 债参考YTM：1.6006,N,10.0,全价：136.179 最后更新：14:59:59,,,,1,{'M': ''},0,0,N,,,buy,buy
2026-06-02 11:49:54,118057,甬矽转债,yxzz,213.249,-0.85,688362,甬矽电子,yxdz,60.1,0.74,9.34,28.36,211.92,0,0.63,213.88,270107,电子,shkc,C,2025-07-16,[],0,0,buy,A+,,19.852,36.868,2.8,buy,2031-06-26,5.069,7.286,219124.0,188263.78,139.75,-11.19,,0,15:00:00,00,Y,N,0,0,Y,,2026-01-05 开始转股,已公告要强赎，如不考虑强赎纯债价值为92.48元，计算使用5.1年期 评级为A+ 债参考YTM：5.0029,N,11.65,全价：213.249 最后更新：15:00:00,,,如不考虑强赎期权价值为150.36元,0,"{'O': '', 'M': ''}",0,0,N,,,buy,buy
2026-06-02 11:49:54,111023,利柏转债,lbzz,128.551,1.8,605167,利柏特,lbt,15.49,1.18,3.36,12.14,127.6,0,0.75,129.3,620402,建筑装饰,shmb,C,2025-07-22,[],0,0,buy,AA,,8.498,15.782,8.6,buy,2031-07-03,5.088,6.132,27397.82,11407.16,35.12,-2.37,,0,14:59:57,00,Y,N,0,0,Y,,2026-01-09 开始转股,已公告要强赎，如不考虑强赎纯债价值为103.05元，计算使用5.1年期 评级为AA 债参考YTM：2.0345,N,7.5,全价：128.551 最后更新：14:59:57,,,如不考虑强赎期权价值为66.49元,0,{'O': ''},0,0,N,,,buy,buy
2026-06-02 11:49:54,123061,航新转债,hxzz,135.3,-1.74,300424,航新科技,hxkj,19.88,-1.14,6.64,14.82,134.14,0,0.86,136.16,650201,国防军工,szcy,C,2020-08-18,[],0,0,buy,BBB,,10.374,19.266,3.1,buy,2026-07-22,0.137,1.5,18443.56,26149.11,90.61,-95.28,,0,15:34:24,00,Y,N,0,0,Y,,2021-01-28 开始转股,如不考虑强赎纯债价值为115.81元，计算使用0.2年期 评级为BBB 债参考YTM：14.6859,N,2.5,全价：135.300 最后更新：15:34:24,,,,1,{'B': ''},0,0,N,,,buy,buy
2026-06-02 11:49:54,123271,通合转债,thzz,100.0,0.0,300491,通合科技,thkj,32.7,-1.51,4.81,33.18,98.55,189,1.47,101.47,630306,电力设备,szcy,C,,[],0,0,buy,AA,,23.226,43.134,10.1,buy,2032-06-01,6.003,5.22,0.0,51195.05,0.0,2.93,,0,,00,Y,N,0,0,Y,,未到转股期；2026-12-08 开始转股,计算使用6.1年期 评级为AA 债参考YTM：2.1950,N,5.22,待上市,,,,0,[],0,0,N,,,buy,buy
2026-06-02 11:49:54,123188,水羊转债,syzz,187.243,0.42,300740,水羊股份,sygf,24.66,-1.04,4.25,13.54,182.13,0,2.81,190.05,770202,美容护理,szcy,C,2023-04-25,[],0,0,buy,A+,,9.478,17.602,7.2,buy,2029-04-04,2.841,6.422,12744.34,25898.87,10.67,-14.9,,0,15:34:45,00,Y,N,0,0,Y,,2023-10-11 开始转股,计算使用2.9年期 评级为A+ 债参考YTM：4.6461,N,6.95,全价：187.243 最后更新：15:34:45,,,,0,"{'G': '本次（2026年3月2日至2026年3月20日）不提前赎回，自2026年6月20日后首个交易日重新计算', 'M': ''}",0,0,N,,,buy,buy
2026-06-02 11:49:54,113056,重银转债,cyzz,128.444,-0.24,601963,重庆银行,cqyh,11.82,-0.34,0.65,9.5,124.42,0,3.23,131.67,480401,银行,shmb,C,2022-04-14,[],0,0,buy,AAA,,,12.35,48.1,buy,2028-03-23,1.808,115.631,19863.09,17927.78,1.33,-7.16,,0,14:59:40,00,Y,N,0,0,Y,,2022-09-30 开始转股,计算使用1.9年期 评级为AAA 债参考YTM：1.5301,N,130.0,全价：128.444 最后更新：14:59:40,,,,0,[],0,0,N,,,buy,buy
2026-06-02 11:49:54,123245,集智转债,jzzz,363.742,3.55,300553,集智股份,jzgf,63.42,4.31,8.28,18.06,351.16,0,3.58,367.32,640107,机械设备,szcy,C,2024-08-28,[],0,0,buy,A,,12.642,23.478,2.9,buy,2030-08-14,4.203,1.538,36098.68,24865.66,65.48,-23.43,,0,15:34:21,00,Y,N,0,0,Y,,2025-02-20 开始转股,计算使用4.3年期 评级为A 债参考YTM：7.2334,N,2.546,全价：363.742 最后更新：15:34:21,,,,0,[],0,0,N,,,buy,buy
2026-06-02 11:49:54,113681,镇洋转债,zyzz,138.632,-0.76,603213,镇洋发展,zyfz,14.59,1.11,3.26,10.95,133.24,0,4.05,142.68,220202,基础化工,shmb,C,2024-01-17,[],0,0,buy,AA-,,7.665,14.235,9.0,buy,2029-12-29,3.578,5.797,8945.81,10711.36,11.07,-4.18,,0,14:59:42,00,Y,N,0,0,Y,,2024-07-05 开始转股,计算使用3.6年期 评级为AA- 债参考YTM：2.4386,N,6.6,全价：138.632 最后更新：14:59:42,,,,0,[],0,0,N,,,buy,buy
2026-06-02 11:49:54,118025,奕瑞转债,yrzz,165.426,-4.34,688301,奕瑞科技,yrkj,182.49,-1.83,5.96,114.97,158.73,0,4.22,169.65,370502,医药生物,shkc,C,2022-11-18,[],0,0,buy,AA,,80.479,149.461,3.7,buy,2028-10-24,2.397,14.217,59317.79,214997.59,25.1,-14.83,,0,14:59:58,00,Y,N,1,1,Y,转股价下修1次，成功下修1次,2023-04-28 开始转股,计算使用2.4年期 评级为AA 债参考YTM：1.6982,N,14.35,全价：165.426 最后更新：14:59:58,,,,0,{'M': ''},0,0,N,,,buy,buy
2026-06-02 11:49:54,110074,精达转债,jdzz,406.546,2.68,600577,精达股份,jdgf,12.62,0.32,4.33,3.26,387.12,0,5.02,411.57,630805,电力设备,shmb,C,2020-09-21,[],0,0,buy,AA,,2.282,4.238,1.0,buy,2026-08-19,0.214,2.584,35023.15,78658.95,33.68,-343.37,,0,14:59:58,00,Y,N,0,0,Y,,2021-02-25 开始转股,计算使用0.3年期 评级为AA 债参考YTM：1.4485,N,7.87,全价：406.546 最后更新：14:59:58,,,,1,"{'G': '本次（2025年12月19日至2026年1月12日）不提前赎回，以2026年6月13日为首个交易日重新计算', 'M': ''}",0,0,N,,,buy,buy
2026-06-02 11:49:54,118016,京源转债,jyzz,193.884,-1.76,688096,京源环保,jyhb,12.74,-2.82,3.56,6.91,184.37,0,5.16,199.04,760102,环保,shkc,C,2022-08-25,[],0,0,buy,A,,4.837,8.983,5.6,buy,2028-08-05,2.178,1.675,51771.42,15867.35,157.54,-20.33,,0,15:00:00,00,Y,N,0,0,Y,,2023-02-13 开始转股,计算使用2.2年期 评级为A 债参考YTM：6.7368,N,3.325,全价：193.884 最后更新：15:00:00,,,,0,"{'G': '本次（2026年5月11日至2026年5月29日）不提前赎回，以2026年8月30日（若为非交易日则顺延）为首个交易日重新计算', 'M': ''}",0,0,N,,,buy,buy
2026-06-02 11:49:54,110077,洪城转债,hczz,217.309,-1.4,600461,洪城环境,hchj,10.04,-2.62,1.25,4.88,205.74,0,5.62,222.93,760102,环保,shmb,C,2020-12-17,[],0,0,buy,AA+,,3.416,6.344,5.2,buy,2026-11-20,0.469,6.685,9703.76,14867.43,6.68,-106.01,,0,14:59:50,00,Y,N,0,0,Y,,2021-05-26 开始转股,计算使用0.5年期 评级为AA+ 债参考YTM：1.4522,N,18.0,全价：217.309 最后更新：14:59:50,,,,1,"{'G': '本次（2025年6月22日至2025年7月11日）不提前赎回，以2026年7月12日为首个交易日重新计算', 'M': ''}",0,0,N,,,buy,buy
2026-06-02 11:49:54,113058,友发转债,yfzz,139.958,2.2,601686,友发集团,yfjt,5.93,10.02,1.27,4.48,132.37,0,5.74,145.7,230403,钢铁,shmb,C,2022-04-26,[],0,0,buy,AA,,3.136,5.824,21.4,buy,2028-03-30,1.827,18.638,65509.47,23782.87,25.24,-10.8,,0,14:59:59,00,Y,N,2,2,Y,转股价下修2次，成功下修2次,2022-10-10 开始转股,计算使用1.9年期 评级为AA 债参考YTM：1.6350,N,20.0,全价：139.958 最后更新：14:59:59,,,,1,[],0,0,N,,,buy,buy
2026-06-02 11:49:54,127041,弘亚转债,hyzz,117.444,-1.74,002833,弘亚数控,hysk,18.11,-3.21,2.52,16.4,110.43,0,6.35,123.79,640209,机械设备,szmb,C,2021-08-10,[],0,0,buy,AA-,,11.48,21.32,10.5,buy,2026-07-12,0.11,5.525,10154.55,22666.79,15.62,-18.53,,0,15:34:36,00,Y,N,1,1,Y,转股价下修1次，成功下修1次,2022-01-17 开始转股,计算使用0.2年期 评级为AA- 债参考YTM：1.6466,N,6.0,全价：117.444 最后更新：15:34:36,,,,1,{'R': '到期\n最后交易日：2026-07-07\n最后转股日：2026-07-10\n'},0,0,N,,,buy,buy
2026-06-02 11:49:54,127079,华亚转债,hyzz,207.3,-1.65,003043,华亚智能,hyzn,59.89,-2.93,4.32,30.73,194.89,0,6.37,213.67,270108,电子,szmb,C,2023-01-16,[],0,0,buy,A+,,21.511,39.949,6.2,buy,2028-12-16,2.543,3.106,13636.43,27183.71,21.11,-19.88,,0,15:34:00,00,Y,N,2,2,N,"转股价下修2次，成功下修2次
2026-06-01 至 2026-06-08 期间暂停转股：权益分派
转股价30.730生效日期2025-11-18",2023-06-26 开始转股;2026-06-01 至 2026-06-08 期间暂停转股：权益分派,计算使用2.6年期 评级为A+ 债参考YTM：4.5297,N,3.4,全价：207.300 最后更新：15:34:00,,,,0,[],0,0,N,,,buy,buy
2026-06-02 11:49:54,113062,常银转债,cyzz,130.0,-0.24,601128,常熟银行,csyh,7.18,-0.55,0.73,5.89,121.9,0,6.64,136.64,480501,银行,shmb,C,2022-10-17,[],0,0,buy,AAA,,,7.657,25.2,buy,2028-09-15,2.29,59.994,16036.46,35701.92,2.05,-7.39,,0,14:59:57,00,Y,N,0,0,N,2026-06-02 起暂停转股：权益分派,2023-03-21 开始转股;2026-06-02 起暂停转股：权益分派,计算使用2.3年期 评级为AAA 债参考YTM：1.5597,N,60.0,全价：130.000 最后更新：14:59:57,,,,0,{'M': ''},0,0,N,,,buy,buy
2026-06-02 11:49:54,123091,长海转债,chzz,189.209,1.55,300196,长海股份,chgf,26.58,0.61,2.22,14.99,177.32,0,6.71,195.92,610202,建筑材料,szcy,C,2021-01-15,[],0,0,buy,AA,,10.493,19.487,8.3,buy,2026-12-23,0.559,5.482,255500.94,174187.49,241.73,-74.32,,0,15:34:30,00,Y,N,0,0,Y,,2021-06-29 开始转股,计算使用0.6年期 评级为AA 债参考YTM：1.4822,N,5.5,全价：189.209 最后更新：15:34:30,,,,1,{'G': '本次（2026年4月14日至2026年5月26日）不提前赎回，自2026年8月26日后的首个交易日重新计算'},0,0,N,,,buy,buy
2026-06-02 11:49:54,128136,立讯转债,lxzz,142.002,1.0,002475,立讯精密,lxjm,74.0,4.65,6.07,55.97,132.21,0,7.4,149.4,270504,电子,szmb,C,2020-12-02,[],0,0,buy,AA+,,39.179,72.761,0.6,buy,2026-11-03,0.422,29.924,67812.28,1674845.11,15.85,-57.12,,0,15:34:33,00,Y,N,0,0,Y,,2021-05-10 开始转股,计算使用0.5年期 评级为AA+ 债参考YTM：1.4522,N,30.0,全价：142.002 最后更新：15:34:33,,,,1,{'M': ''},0,0,N,,,buy,buy
2026-06-02 11:49:54,118068,迪威转债,dwzz,100.0,0.0,688377,迪威尔,dwe,29.98,3.09,3.66,32.49,92.28,191,8.37,108.37,640203,机械设备,shkc,C,,[],0,0,buy,AA-,,22.743,42.237,13.0,buy,2032-06-03,6.003,9.08,0.0,15349.52,0.0,2.19,,0,,00,Y,N,0,0,Y,,未到转股期；2026-12-10 开始转股,计算使用6.1年期 评级为AA- 债参考YTM：3.4613,N,9.08,待上市,,,,0,{'M': ''},0,0,N,,,buy,buy
2026-06-02 11:49:54,123243,严牌转债,ypzz,287.5,0.69,301081,严牌股份,ypgf,19.26,-1.83,3.92,7.27,264.92,0,8.52,296.02,760201,环保,szcy,C,2024-07-26,[],0,0,buy,A+,,5.089,9.451,6.0,buy,2030-07-10,4.107,2.607,32856.85,10133.78,44.73,-19.65,,0,15:34:18,00,Y,N,0,0,Y,,2025-01-16 开始转股,计算使用4.2年期 评级为A+ 债参考YTM：4.8695,N,4.679,全价：287.500 最后更新：15:34:18,,,,0,"{'G': '本次（2026年5月6日至2026年5月26日）不提问赎回，以2026年8月26日后的首个交易日重新计算', 'M': ''}",0,0,N,,,buy,buy
2026-06-02 11:49:54,113632,鹤21转债,h21zz,140.487,0.04,603733,仙鹤股份,xhgf,24.57,0.99,1.93,18.99,129.38,0,8.58,149.07,360103,轻工制造,shmb,C,2021-12-09,[],0,0,buy,AA,,13.293,24.687,11.6,buy,2027-11-17,1.46,20.166,20508.63,28479.33,7.2,-13.59,,0,14:59:56,00,Y,N,2,2,Y,转股价下修2次，成功下修2次,2022-05-23 开始转股,计算使用1.5年期 评级为AA 债参考YTM：1.5891,N,20.5,全价：140.487 最后更新：14:59:56,,,,1,{'M': ''},0,0,N,,,buy,buy
2026-06-02 11:49:54,113588,润达转债,rdzz,110.373,-1.48,603108,润达医疗,rdyl,13.18,1.38,2.14,12.97,101.62,0,8.61,118.98,370402,医药生物,shmb,C,2020-07-13,[],0,0,buy,AA,,9.079,16.861,2.9,buy,2026-06-17,0.041,2.319,14294.2,33644.36,55.49,-32.4,,0,14:59:58,00,Y,N,0,0,Y,,2020-12-23 开始转股,计算使用0.1年期 评级为AA 债参考YTM：1.4460,N,5.5,全价：110.373 最后更新：14:59:58,,,,1,"{'R': '到期\n最后交易日：2026-06-11\n最后转股日：2026-06-16\n债券到期日：2026-06-17\n到期赎回价：109.000元/张', 'M': ''}",0,0,N,,,buy,buy
2026-06-02 11:49:54,123270,盛德转债,sdzz,100.0,0.0,300881,盛德鑫泰,sdxt,49.36,-3.12,4.39,53.68,91.95,188,8.75,108.75,230501,钢铁,szcy,C,,[],0,0,buy,A+,,37.576,69.784,14.3,buy,2032-05-31,6.0,4.05,0.0,12465.06,0.0,2.82,,0,,00,Y,N,0,0,Y,,未到转股期；2026-12-07 开始转股,计算使用6.0年期 评级为A+ 债参考YTM：5.7700,N,4.05,待上市,,,,0,{'M': ''},0,0,N,,,buy,buy
2026-06-02 11:49:54,127078,优彩转债,yczz,141.875,-0.71,002998,优彩资源,yczy,8.23,-2.02,1.61,6.31,130.43,0,8.78,150.66,220401,基础化工,szmb,C,2023-01-09,[],0,0,buy,A+,,4.417,8.203,18.7,buy,2028-12-14,2.537,4.158,9669.81,6840.41,16.44,-6.74,,0,15:34:03,00,Y,N,0,0,Y,,2023-06-20 开始转股,计算使用2.6年期 评级为A+ 债参考YTM：4.5297,N,6.0,全价：141.875 最后更新：15:34:03,,,,0,[],0,0,N,,,buy,buy
2026-06-02 11:49:54,127110,广核转债,ghzz,138.5,-0.42,003816,中国广核,zggh,4.66,-0.64,1.87,3.67,126.98,0,9.08,147.58,410108,公用事业,szmb,C,2025-07-25,[],0,0,buy,AAA,,2.569,4.771,2.7,buy,2031-07-09,5.104,48.993,26477.07,54756.78,3.89,-4.45,,0,15:34:06,00,Y,N,0,0,Y,,2026-01-15 开始转股,计算使用5.2年期 评级为AAA 债参考YTM：1.7645,N,49.0,全价：138.500 最后更新：15:34:06,,,,0,"{'M': '', 'EX': '中国广核集团有限公司竞价、大宗减持10.30% 2026年05月26日公告'}",0,0,N,,,buy,buy
2026-06-02 11:49:54,113042,上银转债,syzz,118.582,-0.69,601229,上海银行,shyh,9.3,0.43,0.5,8.57,108.52,0,9.27,127.85,480401,银行,shmb,C,2021-02-10,[],0,0,buy,AAA,,,11.141,15.1,buy,2027-01-25,0.649,199.775,39409.39,48335.38,1.66,-8.55,,0,14:59:59,00,Y,Y,0,0,N,2026-06-01 至 2026-06-05 期间暂停转股：权益分派,2021-07-29 开始转股;2026-06-01 至 2026-06-05 期间暂停转股：权益分派,计算使用0.7年期 评级为AAA 债参考YTM：1.4419,N,200.0,全价：118.582 最后更新：14:59:59,,,,0,{'M': ''},0,0,N,,,buy,buy
2026-06-02 11:49:54,111001,山玻转债,sbzz,165.161,-0.09,605006,山东玻纤,sdbx,16.85,2.18,4.08,11.18,150.72,0,9.58,174.74,610202,建筑材料,shmb,C,2021-12-06,[],0,0,buy,AA-,,7.826,14.534,2.7,buy,2027-11-08,1.436,2.829,133731.4,116233.92,280.81,-21.62,,0,15:00:00,00,Y,N,0,0,Y,,2022-05-12 开始转股,如不考虑强赎纯债价值为113.73元，计算使用1.5年期 评级为AA- 债参考YTM：1.8941,N,6.0,全价：165.161 最后更新：15:00:00,,,,0,"{'B': '', 'EX': '临沂矿业集团有限责任公司转股减持52.74% 2026年05月26日公告'}",0,0,N,,,buy,buy
2026-06-02 11:49:54,113051,节能转债,jnzz,165.021,1.49,601016,节能风电,jnfd,4.93,0.61,1.79,3.33,148.05,0,11.46,176.48,410107,公用事业,shmb,C,2021-07-22,[],0,0,buy,AA+,,2.331,4.329,8.9,buy,2027-06-21,1.052,26.52,77627.65,218440.62,18.08,-31.26,,0,14:59:59,00,Y,N,1,0,Y,转股价下修1次，成功下修0次,2021-12-27 开始转股,计算使用1.1年期 评级为AA+ 债参考YTM：1.4947,N,30.0,全价：165.021 最后更新：14:59:59,,,,1,"{'G': '本次（2026年4月23日至2026年5月19日）不提前赎回，自2026年8月19日之后的首个交易日重新起算', 'M': ''}",0,0,N,,,buy,buy
2026-06-02 11:49:54,113631,皖天转债,wtzz,141.199,0.24,603689,皖天然气,wtrq,8.19,-1.68,1.13,6.51,125.81,0,12.24,153.44,410301,公用事业,shmb,C,2021-12-10,[],0,0,buy,AA+,,4.557,8.463,13.9,buy,2027-11-08,1.436,5.958,4979.42,6151.46,5.94,-15.15,,0,14:59:54,00,Y,N,0,0,Y,,2022-05-12 开始转股,计算使用1.5年期 评级为AA+ 债参考YTM：1.5316,N,9.3,全价：141.199 最后更新：14:59:54,,,,1,[],0,0,N,,,buy,buy
2026-06-02 11:49:54,127040,国泰转债,gtzz,132.272,-0.02,002091,江苏国泰,jsgt,9.0,-0.11,0.89,7.65,117.65,0,12.43,144.7,450201,商贸零售,szmb,C,2021-08-10,[],0,0,buy,AA+,,5.355,9.945,27.7,buy,2027-07-07,1.096,39.863,7019.92,12689.1,1.33,-15.86,,0,15:34:51,00,Y,N,0,0,N,2026-05-29 至 2026-06-05 期间暂停转股：权益分派,2022-01-13 开始转股;2026-05-29 至 2026-06-05 期间暂停转股：权益分派,计算使用1.1年期 评级为AA+ 债参考YTM：1.4947,N,45.574,全价：132.272 最后更新：15:34:51,,,,1,{'M': ''},0,0,N,,,buy,buy
2026-06-02 11:49:54,128127,文科转债,wkzz,114.865,-0.03,002775,文科股份,wkgf,3.98,0.0,45.23,3.92,101.53,0,13.13,128.0,620307,建筑装饰,szmb,C,2020-09-11,[],0,0,buy,A-,,2.744,5.096,34.4,buy,2026-08-20,0.216,7.878,3003.28,6392.01,3.32,0.55,,0,15:34:33,00,Y,N,2,2,Y,转股价下修2次，成功下修2次,2021-03-01 开始转股,计算使用0.3年期 评级为A- 债参考YTM：8.7006,N,9.5,全价：114.865 最后更新：15:34:33,,,,1,[],0,0,N,,,buy,buy
2026-06-02 11:49:54,127084,柳工转2,lgz2,139.705,0.0,000528,柳工,lg,8.98,-0.88,0.96,7.3,123.01,0,13.57,153.28,640601,机械设备,szmb,C,2023-04-20,[],0,0,buy,AAA,,5.11,9.49,13.6,buy,2029-03-27,2.819,24.809,8067.91,19499.66,2.33,-6.54,,0,15:34:21,00,Y,N,0,0,N,2026-05-25 至 2026-06-03 期间暂停转股：权益分派,2023-10-09 开始转股;2026-05-25 至 2026-06-03 期间暂停转股：权益分派,计算使用2.9年期 评级为AAA 债参考YTM：1.6132,N,30.0,全价：139.705 最后更新：15:34:21,,,,0,{'M': ''},0,0,N,,,buy,buy
2026-06-02 11:49:54,118011,银微转债,ywzz,140.501,1.19,688689,银河微电,yhwd,38.63,-2.79,3.55,31.3,123.42,0,13.84,154.34,270102,电子,shkc,C,2022-08-02,[],0,0,buy,A+,,21.91,40.69,10.0,buy,2028-07-04,2.09,4.997,19821.31,11352.12,28.27,-7.74,,0,14:59:48,00,Y,N,0,0,Y,,2023-01-09 开始转股,计算使用2.1年期 评级为A+ 债参考YTM：4.3592,N,5.0,全价：140.501 最后更新：14:59:48,,,,0,{'M': ''},0,0,N,,,buy,buy
2026-06-02 11:49:54,113046,金田转债,jtzz,139.085,1.7,601609,金田股份,jtgf,12.6,2.36,2.12,10.32,122.09,0,13.92,153.01,240302,有色金属,shmb,C,2021-04-12,[],0,0,buy,AA+,,7.224,13.416,6.9,buy,2027-03-22,0.803,14.992,25157.28,89867.55,12.12,-26.05,,0,14:59:59,00,Y,N,0,0,N,2026-05-28 至 2026-06-05 期间暂停转股：权益分派,2021-09-27 开始转股;2026-05-28 至 2026-06-05 期间暂停转股：权益分派,计算使用0.9年期 评级为AA+ 债参考YTM：1.4854,N,15.0,全价：139.085 最后更新：14:59:59,,,,1,{'M': ''},0,0,N,,,buy,buy
2026-06-02 11:49:54,123241,欧通转债,otzz,1007.5,7.29,300870,欧陆通,olt,271.61,6.93,15.69,30.8,881.85,0,14.25,1021.75,630306,电力设备,szcy,C,2024-07-26,[],0,0,buy,AA-,,21.56,40.04,0.6,buy,2030-07-05,4.093,2.605,207950.33,141322.33,81.16,-41.38,,0,15:34:15,00,Y,N,0,0,Y,,2025-01-13 开始转股,计算使用4.1年期 评级为AA- 债参考YTM：2.4944,N,6.445,全价：1007.500 最后更新：15:34:15,,,,0,"{'G': '本次（2026年4月14日至2026年5月7日）不提前赎回，自2026年8月7日后首个交易日重新计算', 'M': ''}",0,0,N,,,buy,buy
2026-06-02 11:49:54,113039,嘉泽转债,jzzz,216.009,-0.31,601619,嘉泽新能,jzxn,5.5,-3.51,2.0,2.91,189.0,0,14.29,230.3,410107,公用事业,shmb,C,2020-09-17,[],0,0,buy,AA,,2.037,3.783,2.1,buy,2026-08-24,0.227,2.865,33701.13,37836.51,55.1,-219.89,,0,14:59:59,00,Y,N,0,0,Y,,2021-03-01 开始转股,计算使用0.3年期 评级为AA 债参考YTM：1.4485,N,13.0,全价：216.009 最后更新：14:59:59,,,,1,"{'G': '本次（2026年3月26日至2026年4月16日）不提前赎回，至到期日（2026年8月23日）均不行使赎回权利', 'M': ''}",0,0,N,,,buy,buy
2026-06-02 11:49:54,123118,惠城转债,hczz,621.801,-1.02,300779,惠城环保,hchb,78.74,-3.1,7.42,14.59,539.69,0,15.22,637.02,760103,环保,szcy,C,2021-07-26,[],0,0,buy,A+,,10.213,18.967,0.5,buy,2027-07-07,1.096,0.656,39316.55,45120.39,97.42,-78.55,,0,15:34:33,00,Y,N,0,0,Y,,2022-01-13 开始转股,计算使用1.1年期 评级为A+ 债参考YTM：4.1531,N,3.2,全价：621.801 最后更新：15:34:33,,,,1,"{'G': '本次（2026年5月6日至2026年5月26日）不提前赎回，自2026年8月26日后首个交易日重新计算', 'M': ''}",0,0,N,,,buy,buy
2026-06-02 11:49:54,123187,超达转债,cdzz,242.9,5.49,301186,超达装备,cdzb,65.28,0.18,3.28,30.98,210.72,0,15.27,258.17,280205,汽车,szcy,C,2023-04-25,[],0,0,buy,A,,21.686,40.274,4.5,buy,2029-04-04,2.841,2.242,24304.55,7799.21,45.73,-22.5,,0,15:33:57,00,Y,N,0,0,Y,,2023-10-11 开始转股,计算使用2.9年期 评级为A 债参考YTM：6.9961,N,4.69,全价：242.900 最后更新：15:33:57,,,,0,"{'G': '本次（2026年4月10日至2026年4月30日）不提前赎回，以2026年7月31日之后的首个交易日重新起算', 'M': ''}",0,0,N,,,buy,buy
2026-06-02 11:49:54,123213,天源转债,tyzz,216.5,-2.69,301127,武汉天源,whty,13.38,-6.11,2.62,7.14,187.4,0,15.53,232.03,760102,环保,szcy,C,2023-08-16,[],0,0,buy,AA-,,4.998,9.282,3.7,buy,2029-07-28,3.156,3.26,11500.1,19557.89,16.27,-18.14,,0,15:34:09,00,Y,N,0,0,Y,,2024-02-05 开始转股,计算使用3.2年期 评级为AA- 债参考YTM：2.3855,N,10.0,全价：216.500 最后更新：15:34:09,,,,0,"{'G': '本次（2026年3月13日至2026年4月2日）不提前赎回，自2026年10月2日后首个交易日重新计算', 'M': ''}",0,0,N,,,buy,buy
2026-06-02 11:49:54,127034,绿茵转债,lyzz,135.913,-0.93,002887,绿茵生态,lyst,13.49,-1.24,1.68,11.51,117.2,0,15.96,151.87,760104,环保,szmb,C,2021-05-28,[],0,0,buy,AA-,,8.057,14.963,14.6,buy,2027-04-30,0.91,4.279,6586.26,4627.69,11.38,-18.59,,0,15:34:33,00,Y,N,0,0,N,2026-05-28 至 2026-06-03 期间暂停转股：权益分派,2021-11-11 开始转股;2026-05-28 至 2026-06-03 期间暂停转股：权益分派,计算使用1.0年期 评级为AA- 债参考YTM：1.7989,N,7.12,全价：135.913 最后更新：15:34:33,,,,1,[],0,0,N,,,buy,buy
2026-06-02 11:49:54,113589,天创转债,tczz,182.552,-1.78,603608,天创时尚,tcss,19.31,1.85,7.33,12.29,157.12,0,16.19,198.74,350205,纺织服饰,shmb,C,2020-07-16,[],0,0,buy,A-,,8.603,15.977,0.8,buy,2026-06-24,0.06,0.661,119668.09,62356.92,954.42,-691.19,,0,15:00:00,00,Y,N,0,0,Y,,2021-01-04 开始转股,计算使用0.1年期 评级为A- 债参考YTM：8.6960,N,6.0,全价：182.552 最后更新：15:00:00,,,,0,{'R': '到期\n最后交易日：2026-06-17\n最后转股日：2026-06-23\n债券到期日：2026-06-24\n到期赎回价：110.000元/张'},0,0,N,,,buy,buy
2026-06-02 11:49:54,113615,金诚转债,jczz,755.197,6.98,603979,金诚信,jcx,76.35,4.15,4.09,11.78,648.13,0,16.52,771.72,240302,有色金属,shmb,C,2021-01-14,[],0,0,buy,AA,,8.246,15.314,1.0,buy,2026-12-23,0.559,4.958,79058.17,71456.22,21.64,-153.13,,0,14:59:58,00,Y,N,0,0,Y,,2021-06-29 开始转股,计算使用0.6年期 评级为AA 债参考YTM：1.4822,N,10.0,全价：755.197 最后更新：14:59:58,,,,1,"{'G': '本次（2025年10月10日至2025年10月30日）不提前赎回，至2026年12月22日到期均不提前赎回', 'M': ''}",0,0,N,,,buy,buy
2026-06-02 11:49:54,113048,晶科转债,jkzz,151.569,-0.1,601778,晶科科技,jkkj,5.84,-0.17,1.36,4.5,129.78,0,16.79,168.36,410106,公用事业,shmb,C,2021-05-31,[],0,0,buy,AA,,3.15,5.85,7.1,buy,2027-04-23,0.89,15.456,41133.22,150144.14,17.87,-29.41,,0,14:59:59,00,Y,N,2,2,Y,转股价下修2次，成功下修2次,2021-10-29 开始转股,计算使用0.9年期 评级为AA 债参考YTM：1.5155,N,30.0,全价：151.569 最后更新：14:59:59,,,,1,"{'G': '本次（2026年3月25日至2026年5月6日）不提前赎回，以2026年8月7日为首个交易日重新计算', 'M': ''}",0,0,N,,,buy,buy
2026-06-02 11:49:54,127061,美锦转债,mjzz,98.251,0.77,000723,美锦能源,mjny,4.38,-1.13,1.51,5.26,83.27,0,17.99,116.24,740201,煤炭,szmb,C,2022-05-30,[],0,0,buy,A+,,3.682,6.838,14.5,buy,2028-04-20,1.885,27.89,10459.18,45662.25,3.84,11.6,,0,15:33:54,00,Y,N,1,1,Y,转股价下修1次，成功下修1次,2022-10-26 开始转股,计算使用1.9年期 评级为A+ 债参考YTM：4.3163,N,35.9,全价：98.251 最后更新：15:33:54,,,,1,{'M': ''},0,0,N,,,buy,buy
2026-06-02 11:49:54,113597,佳力转债,jlzz,122.369,-0.6,603912,佳力图,jlt,8.97,-0.11,2.75,8.68,103.34,0,18.41,140.78,640105,机械设备,shmb,C,2020-08-21,[],0,0,buy,AA-,,6.076,11.284,6.1,buy,2026-07-30,0.159,2.969,6244.72,13651.73,17.22,-22.86,,0,14:59:49,00,Y,N,1,1,Y,转股价下修1次，成功下修1次,2021-02-05 开始转股,计算使用0.2年期 评级为AA- 债参考YTM：1.6466,N,3.0,全价：122.369 最后更新：14:59:49,,,,1,[],0,0,N,,,buy,buy
2026-06-02 11:49:54,113667,春23转债,c23zz,350.723,5.86,603890,春秋电子,cqdz,30.02,10.0,3.98,10.15,295.76,0,18.58,369.3,270504,电子,shmb,C,2023-04-11,[],0,0,buy,AA-,,7.105,13.195,4.2,buy,2029-03-17,2.792,5.697,525161.52,11450.38,262.97,-32.53,,0,15:00:00,00,Y,N,0,0,Y,,2023-09-25 开始转股,计算使用2.8年期 评级为AA- 债参考YTM：2.2605,N,5.7,全价：350.723 最后更新：15:00:00,,,,0,"{'G': '本次（2026年3月27日至2026年4月17日）不提前赎回，自2026年7月17日之后的首个交易日重新起算', 'M': ''}",0,0,N,,,buy,buy
2026-06-02 11:49:54,128128,齐翔转2,qxz2,114.078,0.11,002408,齐翔腾达,qxtd,5.16,-0.77,1.33,5.37,96.09,0,18.72,132.8,750303,石油石化,szmb,C,2020-09-15,[],0,0,buy,AA,,3.759,6.981,4.8,buy,2026-08-20,0.216,6.792,2906.95,12772.82,3.76,-16.73,,0,15:34:27,00,Y,N,0,0,Y,,2021-02-26 开始转股,计算使用0.3年期 评级为AA 债参考YTM：1.4485,N,29.9,全价：114.078 最后更新：15:34:27,,,,1,{'M': ''},0,0,N,,,buy,buy
2026-06-02 11:49:54,123059,银信转债,yxzz,122.387,-0.7,300231,银信科技,yxkj,9.26,-1.49,2.46,9.0,102.89,0,18.95,141.34,710301,计算机,szcy,C,2020-08-12,[],0,0,buy,AA-,,6.3,11.7,3.8,buy,2026-07-15,0.118,1.569,2702.07,8417.82,14.08,-31.14,,0,15:34:24,00,Y,N,0,0,Y,,2021-01-21 开始转股,计算使用0.2年期 评级为AA- 债参考YTM：1.6466,N,3.914,全价：122.387 最后更新：15:34:24,,,,1,[],0,0,N,,,buy,buy
2026-06-02 11:49:54,118051,皓元转债,hyzz,226.965,-1.01,688131,皓元医药,hyyy,77.05,-1.85,5.09,40.47,190.39,0,19.21,246.18,370603,医药生物,shkc,C,2024-12-19,[],0,0,buy,AA-,,28.329,52.611,5.0,buy,2030-11-28,4.493,8.218,13602.54,33697.45,7.25,-13.88,,0,14:59:50,00,Y,N,0,0,Y,,2025-06-04 开始转股,计算使用4.5年期 评级为AA- 债参考YTM：2.5522,N,8.223,全价：226.965 最后更新：14:59:50,,,,0,{'M': ''},0,0,Y,,,buy,buy
2026-06-02 11:49:54,123160,泰福转债,tfzz,164.9,-0.66,300992,泰福泵业,tfby,27.3,-2.99,2.89,19.77,138.09,0,19.42,184.32,640106,机械设备,szcy,C,2022-10-25,[],0,0,buy,A,,13.839,25.701,10.9,buy,2028-09-28,2.326,2.315,7974.5,5319.94,21.0,-13.25,,0,15:34:42,00,Y,N,1,1,Y,转股价下修1次，成功下修1次,2023-04-11 开始转股,计算使用2.4年期 评级为A 债参考YTM：6.8035,N,3.349,全价：164.900 最后更新：15:34:42,,,,0,"{'G': '本次（2026年5月6日至2026年5月26日）不提前赎回，自2026年8月31日后首个交易日重新计算', 'M': ''}",0,0,N,,,buy,buy
2026-06-02 11:49:54,127103,东南转债,dnzz,157.104,0.23,002135,东南网架,dnwj,7.36,0.68,1.29,5.6,131.43,0,19.54,176.64,620401,建筑装饰,szmb,C,2024-01-24,[],0,0,buy,AA,,3.92,7.28,26.0,buy,2030-01-03,3.592,19.999,11448.21,16182.23,3.66,-9.08,,0,15:34:03,00,Y,N,0,0,N,2026-05-27 至 2026-06-03 期间暂停转股：权益分派,2024-07-09 开始转股;2026-05-27 至 2026-06-03 期间暂停转股：权益分派,计算使用3.6年期 评级为AA 债参考YTM：1.8694,N,20.0,全价：157.104 最后更新：15:34:03,,,,0,"{'G': '本次（2026年3月17日至2026年4月28日）不提前赎回，自2026年7月28日后首个交易日重新计算', 'M': ''}",0,0,N,,,buy,buy
2026-06-02 11:49:54,113605,大参转债,dszz,114.86,0.19,603233,大参林,dsl,16.67,0.24,2.41,17.35,96.08,0,19.55,134.41,370403,医药生物,shmb,C,2020-11-13,[],0,0,buy,AA,,12.145,22.555,7.4,buy,2026-10-22,0.389,14.045,5627.34,14930.25,3.49,-10.95,,0,14:59:51,00,Y,N,1,1,Y,转股价下修1次，成功下修1次,2021-04-28 开始转股,计算使用0.4年期 评级为AA 债参考YTM：1.4595,N,14.05,全价：114.860 最后更新：14:59:51,,,,1,{'M': ''},0,0,N,,,buy,buy
2026-06-02 11:49:54,113661,福22转债,f22zz,141.594,1.14,603806,福斯特,fst,17.23,-1.2,2.7,14.59,118.1,0,19.9,161.49,630504,电力设备,shmb,C,2022-12-22,[],0,0,buy,AA,,10.213,18.967,6.7,buy,2028-11-22,2.477,30.297,17404.07,89121.71,4.07,-8.75,,0,14:59:47,00,Y,N,1,1,Y,转股价下修1次，成功下修1次,2023-05-29 开始转股,计算使用2.5年期 评级为AA 债参考YTM：1.7121,N,30.3,全价：141.594 最后更新：14:59:47,,,,0,{'M': ''},0,0,N,,,buy,buy
2026-06-02 11:49:54,123225,翔丰转债,xfzz,153.977,-0.28,300890,翔丰华,xfh,35.18,-2.3,1.84,27.44,128.21,0,20.1,174.08,630702,电力设备,szcy,C,2023-10-26,[],0,0,buy,AA-,,19.208,35.672,14.5,buy,2029-10-10,3.359,5.585,11487.65,29386.82,13.5,-6.7,,0,15:34:12,00,Y,N,1,1,Y,转股价下修1次，成功下修1次,2024-04-16 开始转股,计算使用3.4年期 评级为AA- 债参考YTM：2.4180,N,8.0,全价：153.977 最后更新：15:34:12,,,,0,"{'G': '本次（2026年4月22日至2026年5月15日）不提前赎回，自2026年8月15日后首个交易日重新计算', 'M': ''}",0,0,N,,,buy,buy
2026-06-02 11:49:54,111000,起帆转债,qfzz,197.522,-1.39,605222,起帆电缆,qfdl,28.39,-3.7,2.42,17.35,163.63,0,20.71,218.23,630805,电力设备,shmb,C,2021-06-17,[],0,0,buy,AA-,,12.145,22.555,8.5,buy,2027-05-24,0.975,9.992,27333.99,27125.08,13.91,-42.84,,0,14:59:58,00,Y,N,1,1,Y,转股价下修1次，成功下修1次,2021-11-29 开始转股,计算使用1.0年期 评级为AA- 债参考YTM：1.7989,N,10.0,全价：197.522 最后更新：14:59:58,,,,1,{'G': '本次（2026年3月13日至2026年4月20日）不提前赎回，以2026年10月21日为首个交易日重新起算'},0,0,N,,,buy,buy
2026-06-02 11:49:54,127047,帝欧转债,dozz,155.187,2.23,002798,帝欧水华,dosh,6.55,0.77,2.06,5.1,128.43,0,20.83,176.02,360306,轻工制造,szmb,C,2021-11-26,[],0,0,buy,A-,,3.57,6.63,13.8,buy,2027-10-25,1.397,4.655,11157.01,15619.7,15.6,-18.49,,0,15:34:09,00,Y,N,1,1,Y,转股价下修1次，成功下修1次,2022-04-29 开始转股,计算使用1.4年期 评级为A- 债参考YTM：8.9080,N,15.0,全价：155.187 最后更新：15:34:09,,,,1,{'G': '本次（2026年4月15日至2026年5月8日）不提前赎回，以2026年8月8日后首个交易日起重新计算'},0,0,N,,,buy,buy
2026-06-02 11:49:54,113673,岱美转债,dmzz,204.957,1.94,603730,岱美股份,dmgf,12.48,-1.65,5.34,7.37,169.34,0,21.04,226.0,280202,汽车,shmb,C,2023-08-10,[],0,0,buy,AA,,5.159,9.581,3.4,buy,2029-07-18,3.129,9.079,31362.3,32578.3,16.77,-16.85,,0,15:00:00,00,Y,N,1,1,N,"转股价下修1次，成功下修1次
2026-06-01 至 2026-06-05 期间暂停转股：权益分派
转股价7.370生效日期2025-06-04",2024-01-24 开始转股;2026-06-01 至 2026-06-05 期间暂停转股：权益分派,计算使用3.2年期 评级为AA 债参考YTM：1.8099,N,9.079,全价：204.957 最后更新：15:00:00,,,,0,"{'G': '本次（2026年5月7日至2026年5月27日）不提前赎回，以2026年8月27日之后的首个交易日重新起算', 'M': ''}",0,0,N,,,buy,buy
2026-06-02 11:49:54,123251,华医转债,hyzz,346.0,5.98,301235,华康洁净,hkjj,63.48,4.05,3.59,22.24,285.43,0,21.22,367.22,370502,医药生物,szcy,C,2025-01-09,[],0,0,buy,A+,,15.568,28.912,15.2,buy,2030-12-23,4.562,7.012,68467.86,24873.53,28.82,-21.0,,0,15:34:24,00,Y,N,0,0,Y,,2025-06-27 开始转股,计算使用4.6年期 评级为A+ 债参考YTM：4.9225,N,7.5,全价：346.000 最后更新：15:34:24,,,,0,"{'G': '本次（2025年11月20日至2025年12月15日）不提前赎回，自2026年6月15日后首个交易日重新计算', 'M': ''}",0,0,N,,,buy,buy
2026-06-02 11:49:54,127027,能化转债,nhzz,118.352,-1.47,000552,甘肃能化,gsnh,2.86,0.0,0.92,2.93,97.61,0,21.25,139.6,740101,煤炭,szmb,C,2021-01-22,[],0,0,buy,AAA,,2.051,3.809,18.3,buy,2026-12-10,0.523,19.464,11615.61,39473.32,5.03,-13.56,,0,15:34:06,00,Y,N,0,0,Y,,2021-06-16 开始转股,计算使用0.6年期 评级为AAA 债参考YTM：1.4318,N,28.0,全价：118.352 最后更新：15:34:06,,,,1,{'M': ''},0,0,N,,,buy,buy
2026-06-02 11:49:54,127067,恒逸转2,hyz2,154.0,4.76,000703,恒逸石化,hysh,13.16,2.09,1.85,10.37,126.91,0,21.35,175.35,750301,石油石化,szmb,C,2022-08-18,[],0,0,buy,AA+,,7.259,13.481,6.0,buy,2028-07-21,2.137,29.993,65483.6,68143.74,14.27,-13.99,,0,15:34:18,00,Y,N,0,0,Y,,2023-01-30 开始转股,计算使用2.2年期 评级为AA+ 债参考YTM：1.6053,N,30.0,全价：154.000 最后更新：15:34:18,,,,0,"{'G': '本次（至2026年4月27日）不提前赎回，从2026年7月28日开始计算', 'M': ''}",0,0,N,,,buy,buy
2026-06-02 11:49:54,113624,正川转债,zczz,131.125,-0.78,603976,正川股份,zcgf,21.37,-1.79,2.67,19.78,108.04,0,21.37,152.5,370503,医药生物,shmb,C,2021-06-01,[],0,0,buy,A+,,13.846,25.714,12.5,buy,2027-04-28,0.904,4.048,5084.46,6720.98,9.57,-13.64,,0,14:59:51,00,Y,N,1,1,Y,转股价下修1次，成功下修1次,2021-11-08 开始转股,计算使用1.0年期 评级为A+ 债参考YTM：4.1389,N,4.05,全价：131.125 最后更新：14:59:51,,,,1,[],0,0,N,,,buy,buy
2026-06-02 11:49:54,123142,申昊转债,shzz,139.581,1.45,300853,申昊科技,shkj,38.61,1.34,8.91,33.71,114.54,0,21.87,161.45,630803,电力设备,szcy,C,2022-04-11,[],0,0,buy,A-,,23.597,43.823,14.5,buy,2028-03-18,1.795,5.494,9311.44,35642.97,12.21,-11.51,,0,15:34:39,00,Y,N,0,0,Y,,2022-09-26 开始转股,计算使用1.8年期 评级为A- 债参考YTM：8.9949,N,5.5,全价：139.581 最后更新：15:34:39,,,,1,[],0,0,N,,,buy,buy
2026-06-02 11:49:54,123247,万凯转债,wkzz,271.202,6.27,301216,万凯新材,wkxc,25.1,0.12,2.22,11.3,222.12,0,22.09,293.29,220501,基础化工,szcy,C,2024-09-05,[],0,0,buy,AA,,7.91,14.69,14.3,buy,2030-08-16,4.208,19.643,67491.55,22453.3,12.85,-18.76,,0,15:34:48,00,Y,N,0,0,Y,,2025-02-24 开始转股,计算使用4.3年期 评级为AA 债参考YTM：1.9658,N,27.0,全价：271.202 最后更新：15:34:48,,,,0,"{'G': '本次（2026年2月24日至2026年3月16日）不提前赎回，自2026年6月16日后首个交易日重新计算', 'M': ''}",0,0,N,,,buy,buy
2026-06-02 11:49:54,111015,东亚转债,dyzz,136.799,0.05,605177,东亚药业,dyyy,22.6,-0.7,1.46,20.28,111.44,0,22.76,159.56,370101,医药生物,shmb,C,2023-08-02,[],0,0,buy,A+,,14.196,26.364,25.9,buy,2029-07-06,3.096,6.662,8039.64,21208.45,8.81,-4.41,,0,14:59:54,00,Y,N,1,1,Y,转股价下修1次，成功下修1次,2024-01-12 开始转股,计算使用3.1年期 评级为A+ 债参考YTM：4.7129,N,6.9,全价：136.799 最后更新：14:59:54,,,,0,[],0,0,N,,,buy,buy
2026-06-02 11:49:54,123216,科顺转债,kszz,141.257,0.47,300737,科顺股份,ksgf,7.59,-2.19,2.09,6.61,114.83,0,23.02,164.28,610304,建筑材料,szcy,C,2023-08-23,[],0,0,buy,AA,,4.627,8.593,32.6,buy,2029-08-04,3.175,21.978,13881.66,59113.86,4.5,-5.29,,0,15:34:09,00,Y,N,2,1,Y,转股价下修2次，成功下修1次,2024-02-19 开始转股,计算使用3.2年期 评级为AA 债参考YTM：1.8099,N,21.98,全价：141.257 最后更新：15:34:09,,,,0,{'M': ''},0,0,N,,,buy,buy
2026-06-02 11:49:54,127109,电化转债,dhzz,185.12,1.98,002125,湘潭电化,xtdh,15.14,0.6,2.77,10.1,149.9,0,23.49,208.61,630702,电力设备,szmb,C,2025-07-04,[],0,0,buy,AA,,7.07,13.13,5.1,buy,2031-06-16,5.041,4.867,14506.71,59117.39,16.28,-9.19,,0,15:34:12,00,Y,N,0,0,Y,,2025-12-22 开始转股,计算使用5.1年期 评级为AA 债参考YTM：2.0345,N,4.87,全价：185.120 最后更新：15:34:12,,,,0,"{'G': '本次（2026年4月14日至2026年5月7日）不提前赎回，自2026年8月7日后首个交易日重新计算', 'M': ''}",0,0,N,,,buy,buy
2026-06-02 11:49:54,123183,海顺转债,hszz,139.5,-0.29,300501,海顺新材,hsxc,13.13,-5.34,2.36,11.63,112.9,0,23.56,163.06,360206,轻工制造,szcy,C,2023-04-20,[],0,0,buy,AA-,,8.141,15.119,17.4,buy,2029-03-23,2.808,6.329,4477.0,8561.64,5.09,-5.73,,0,15:33:54,00,Y,N,2,0,Y,转股价下修2次，成功下修0次,2023-10-09 开始转股,计算使用2.9年期 评级为AA- 债参考YTM：2.2972,N,6.33,全价：139.500 最后更新：15:33:54,,,,0,[],0,0,N,,,buy,buy
2026-06-02 11:49:54,113054,绿动转债,ldzz,134.871,0.12,601330,绿色动力,lsdl,9.7,-0.1,1.63,8.89,109.11,0,23.61,158.48,760103,环保,shmb,C,2022-03-23,[],0,0,buy,AA+,,6.223,11.557,24.6,buy,2028-02-25,1.734,23.598,12722.84,41038.0,3.99,-10.82,,0,14:59:32,00,Y,N,0,0,Y,,2022-09-05 开始转股,计算使用1.8年期 评级为AA+ 债参考YTM：1.5655,N,23.6,全价：134.871 最后更新：14:59:32,,,,1,[],0,0,N,,,buy,buy
2026-06-02 11:49:54,128142,新乳转债,xrzz,124.846,-1.26,002946,新乳业,xry,18.03,-3.43,3.96,17.88,100.84,0,23.81,148.66,340702,食品饮料,szmb,C,2021-01-19,[],0,0,buy,AA,,12.516,23.244,4.7,buy,2026-12-18,0.545,7.179,4889.46,13875.95,5.46,-21.92,,0,15:34:45,00,Y,N,0,0,Y,,2021-06-24 开始转股,计算使用0.6年期 评级为AA 债参考YTM：1.4822,N,7.18,全价：124.846 最后更新：15:34:45,,,,1,{'M': ''},0,0,N,,,buy,buy
2026-06-02 11:49:54,123092,天壕转债,thzz,126.995,-0.42,300332,天壕能源,thny,5.07,-1.36,1.12,4.98,101.81,0,24.74,151.74,410301,公用事业,szcy,C,2021-01-15,[],0,0,buy,A+,,3.486,6.474,8.1,buy,2026-12-24,0.562,3.417,3229.86,8849.43,7.47,-16.9,,0,15:34:33,00,Y,N,0,0,Y,,2021-06-30 开始转股,计算使用0.6年期 评级为A+ 债参考YTM：4.0742,N,4.23,全价：126.995 最后更新：15:34:33,,,,1,{'M': ''},0,0,N,,,buy,buy
2026-06-02 11:49:54,123076,强力转债,qlzz,129.866,-0.4,300429,强力新材,qlxc,13.22,-2.65,3.98,12.7,104.09,0,24.76,154.63,270601,电子,szcy,C,2020-12-04,[],0,0,buy,AA-,,8.89,16.51,9.0,buy,2026-11-19,0.466,4.812,4659.67,25917.53,7.45,-28.05,,0,15:34:27,00,Y,N,1,1,Y,转股价下修1次，成功下修1次,2021-05-25 开始转股,计算使用0.5年期 评级为AA- 债参考YTM：1.7222,N,8.5,全价：129.866 最后更新：15:34:27,,,,1,{'M': ''},0,0,N,,,buy,buy
2026-06-02 11:49:54,118059,颀中转债,qzzz,216.013,8.64,688352,颀中科技,qzkj,23.62,9.25,4.82,13.75,171.78,0,25.75,241.76,270107,电子,shkc,C,2025-11-21,[],0,0,buy,AA+,,9.625,17.875,9.8,buy,2031-11-03,5.425,8.499,330875.54,162788.98,183.16,-11.47,,0,15:00:00,00,Y,N,0,0,N,2026-05-28 至 2026-06-04 期间暂停转股：权益分派,2026-05-07 开始转股;2026-05-28 至 2026-06-04 期间暂停转股：权益分派,计算使用5.5年期 评级为AA+ 债参考YTM：1.8542,N,8.5,全价：216.013 最后更新：15:00:00,,,,0,{'M': ''},0,0,N,,,buy,buy
2026-06-02 11:49:54,113043,财通转债,ctzz,123.768,0.12,601108,财通证券,ctzq,7.9,0.51,0.95,8.03,98.38,0,25.8,149.57,490101,非银金融,shmb,C,2020-12-28,[],0,0,buy,AAA,,,10.439,10.4,buy,2026-12-10,0.523,37.992,5084.61,37048.05,1.08,-27.58,,0,14:59:50,00,Y,Y,1,1,Y,转股价下修1次，成功下修1次,2021-06-16 开始转股,计算使用0.6年期 评级为AAA 债参考YTM：1.4318,N,38.0,全价：123.768 最后更新：14:59:50,,,,0,{'M': ''},0,0,N,,,buy,buy
2026-06-02 11:49:54,113691,和邦转债,hbzz,154.834,3.36,603077,和邦生物,hbsw,2.46,-1.6,1.2,2.0,123.0,0,25.88,180.71,220802,基础化工,shmb,C,2024-11-19,[],0,0,buy,AA,,1.4,2.6,21.2,buy,2030-10-28,4.408,45.991,23155.98,31092.14,3.3,-6.68,,0,14:59:52,00,Y,N,0,0,Y,,2025-05-06 开始转股,计算使用4.5年期 评级为AA 债参考YTM：1.9835,N,46.0,全价：154.834 最后更新：14:59:52,,,,0,"{'G': '本次（2026年1月22日至2026年3月10日）不提前赎回，以2027年3月10日之后的首个交易日重新起算', 'M': ''}",0,0,N,,,buy,buy
2026-06-02 11:49:54,123222,博俊转债,bjzz,155.526,1.06,300926,博俊科技,bjkj,20.22,1.76,2.39,16.46,122.84,0,26.61,182.14,280205,汽车,szcy,C,2023-09-28,[],0,0,buy,A+,,11.522,21.398,4.0,buy,2029-09-08,3.271,2.439,6029.93,10824.77,15.97,-7.93,,0,15:34:09,00,Y,N,0,0,Y,,2024-03-14 开始转股,计算使用3.3年期 评级为A+ 债参考YTM：4.7568,N,5.0,全价：155.526 最后更新：15:34:09,,,,0,"{'G': '本次（2025年11月24日至2025年12月12日）不提前赎回，自2026年6月12日后首个交易日重新计算', 'M': ''}",0,0,N,,,buy,buy
2026-06-02 11:49:54,118039,煜邦转债,ybzz,153.247,6.8,688597,煜邦电力,ybdl,8.8,10.69,3.45,7.3,120.55,0,27.13,180.38,630804,电力设备,shkc,C,2023-08-15,[],0,0,buy,A,,5.11,9.49,13.9,buy,2029-07-20,3.134,4.104,81668.52,18640.14,131.0,-8.22,,0,15:00:00,00,Y,N,0,0,Y,,2024-01-26 开始转股,计算使用3.2年期 评级为A 债参考YTM：7.0875,N,4.108,全价：153.247 最后更新：15:00:00,,,,0,"{'G': '本次（2026年1月16日至2026年2月11日）不提前赎回，以2026年8月12日为首个交易日重新计算', 'M': ''}",0,0,N,,,buy,buy
2026-06-02 11:49:54,123131,奥飞转债,afzz,279.11,2.99,300738,奥飞数据,afsj,22.03,1.43,5.57,10.06,218.99,0,27.46,306.57,730104,通信,szcy,C,2021-12-22,[],0,0,buy,A+,,7.042,13.078,1.5,buy,2027-12-03,1.504,3.161,41984.3,122481.83,48.66,-44.15,,0,15:34:42,00,Y,N,0,0,Y,,2022-06-09 开始转股,计算使用1.6年期 评级为A+ 债参考YTM：4.2509,N,6.35,全价：279.110 最后更新：15:34:42,,,,1,{'M': ''},0,0,N,,,buy,buy
2026-06-02 11:49:54,127053,豪美转债,hmzz,210.701,1.5,002988,豪美新材,hmxc,28.46,-1.96,2.61,17.23,165.18,0,27.56,238.26,240301,有色金属,szmb,C,2022-03-04,[],0,0,buy,AA-,,12.061,22.399,3.6,buy,2028-01-24,1.647,2.575,9442.58,9073.28,17.59,-29.04,,0,15:34:42,00,Y,N,1,1,Y,转股价下修1次，成功下修1次,2022-07-28 开始转股,计算使用1.7年期 评级为AA- 债参考YTM：1.9355,N,8.24,全价：210.701 最后更新：15:34:42,,,,1,{'G': '本次（2026年4月30日至2026年5月25日）不提前赎回，以2026年11月25日后首个交易日起重新计算'},0,0,N,,,buy,buy
2026-06-02 11:49:54,110092,三房转债,sfzz,64.776,2.09,600370,*ST三房,sfx,1.53,4.79,1.19,3.02,50.66,0,27.86,92.64,220401,基础化工,shmb,C,2023-02-07,[],0,0,buy,A+,,2.114,3.926,34.4,buy,2029-01-06,2.6,21.185,116307.64,18180.95,85.16,24.55,,0,14:59:58,00,Y,N,0,0,Y,,2023-07-12 开始转股,计算使用2.6年期 评级为A+ 债参考YTM：4.5297,N,25.0,全价：64.776 最后更新：14:59:58,,,,0,[],0,0,N,,,buy,buy
2026-06-02 11:49:54,113686,泰瑞转债,trzz,160.828,0.38,603289,泰瑞机器,trjq,10.24,-3.67,2.01,8.15,125.64,0,28.0,188.83,640209,机械设备,shmb,C,2024-07-24,[],0,0,buy,AA-,,5.705,10.595,11.2,buy,2030-07-02,4.085,3.363,10808.99,7996.52,20.16,-7.05,,0,14:59:59,00,Y,N,0,0,N,2026-05-27 至 2026-06-03 期间暂停转股：权益分派,2025-01-08 开始转股;2026-05-27 至 2026-06-03 期间暂停转股：权益分派,计算使用4.1年期 评级为AA- 债参考YTM：2.4944,N,3.378,全价：160.828 最后更新：14:59:59,,,,0,{'G': '本次（2026年5月6日至2026年5月26日）不提前赎回，自2026年8月26日之后的首个交易日重新起算'},0,0,N,,,buy,buy
2026-06-02 11:49:54,110076,华海转债,hhzz,121.491,-0.75,600521,华海药业,hhyy,15.71,-2.24,2.39,16.6,94.64,0,28.37,149.86,370102,医药生物,shmb,C,2020-11-25,[],0,0,buy,AA,,11.62,21.58,7.8,buy,2026-11-02,0.419,18.424,2414.96,28643.16,1.08,-22.56,,0,14:59:01,00,Y,N,1,1,Y,转股价下修1次，成功下修1次,2021-05-06 开始转股,计算使用0.5年期 评级为AA 债参考YTM：1.4722,N,18.426,全价：121.491 最后更新：14:59:01,,,,1,{'M': ''},0,0,N,,,buy,buy
2026-06-02 11:49:54,110075,南航转债,nhzz,111.336,-0.55,600029,南方航空,nfhk,5.35,-1.47,2.62,6.17,86.71,0,28.4,139.74,421001,交通运输,shmb,C,2020-11-03,[],0,0,buy,AAA,,4.319,8.021,8.2,buy,2026-10-15,0.37,58.959,4888.52,66341.47,0.74,-11.83,,0,14:59:51,00,Y,N,0,0,Y,,2021-04-21 开始转股,计算使用0.4年期 评级为AAA 债参考YTM：1.4111,N,160.0,全价：111.336 最后更新：14:59:51,,,,1,{'M': ''},0,0,N,,,buy,buy
2026-06-02 11:49:54,118044,赛特转债,stzz,200.041,1.35,688398,赛特新材,stxc,29.4,0.07,4.31,18.9,155.56,0,28.6,228.64,220309,基础化工,shkc,C,2023-10-12,[],0,0,buy,A+,,13.23,24.57,9.0,buy,2029-09-11,3.28,4.42,7162.3,7592.61,8.18,-15.26,,0,14:59:49,00,Y,N,1,1,Y,转股价下修1次，成功下修1次,2024-03-15 开始转股,计算使用3.3年期 评级为A+ 债参考YTM：4.7568,N,4.42,全价：200.041 最后更新：14:59:49,,,,0,"{'G': '本次（2026年3月10日至2026年4月20日）不提前赎回，以2026年10月21日起算', 'M': ''}",0,0,N,,,buy,buy
2026-06-02 11:49:54,110099,福能转债,fnzz,148.904,-0.06,600483,福能股份,fngf,11.38,-1.56,1.13,9.84,115.65,0,28.75,177.65,410110,公用事业,shmb,C,2025-10-30,[],0,0,buy,AA+,,6.888,12.792,12.0,buy,2031-10-13,5.367,38.019,10219.6,45560.54,1.8,-5.5,,0,14:59:58,00,Y,N,0,0,Y,,2026-04-17 开始转股,计算使用5.4年期 评级为AA+ 债参考YTM：1.8415,N,38.02,全价：148.904 最后更新：14:59:58,,,,0,{'M': ''},0,0,N,,,buy,buy
2026-06-02 11:49:54,127092,运机转债,yjzz,266.1,-5.65,001288,运机集团,yjjt,24.57,-0.89,2.36,11.89,206.64,0,28.77,294.87,640203,机械设备,szmb,C,2023-10-20,[],0,0,buy,AA-,,8.323,15.457,14.1,buy,2029-09-21,3.307,5.25,101350.18,12174.74,74.05,-21.62,,0,15:34:00,00,Y,N,0,0,Y,,2024-03-27 开始转股,计算使用3.4年期 评级为AA- 债参考YTM：2.4180,N,7.3,全价：266.100 最后更新：15:34:00,,,,0,{'G': '本次（2025年12月8日至2025年12月26日）不提前赎回，以2026年12月26日后的首个交易日起重新计算'},0,0,N,,,buy,buy
2026-06-02 11:49:54,111018,华康转债,hkzz,137.821,-0.22,605077,华康股份,hkgf,17.39,-3.39,1.61,16.26,106.95,0,28.87,166.69,220315,基础化工,shmb,C,2024-01-15,[],0,0,buy,AA-,,11.382,21.138,25.0,buy,2029-12-25,3.567,13.022,5380.93,31726.74,3.0,-4.03,,0,14:59:46,00,Y,N,0,0,Y,,2024-07-01 开始转股,计算使用3.6年期 评级为AA- 债参考YTM：2.4386,N,13.03,全价：137.821 最后更新：14:59:46,,,,0,[],0,0,N,,,buy,buy
2026-06-02 11:49:54,118050,航宇转债,hyzz,296.321,-0.06,688239,航宇科技,hykj,57.39,-2.23,5.32,24.96,229.93,0,28.88,325.2,650201,国防军工,shkc,C,2024-09-10,[],0,0,buy,AA-,,17.472,32.448,6.1,buy,2030-08-21,4.222,6.667,33957.95,28152.78,17.3,-19.58,,0,14:59:59,00,Y,N,0,0,Y,,2025-02-27 开始转股,计算使用4.3年期 评级为AA- 债参考YTM：2.5235,N,6.67,全价：296.321 最后更新：14:59:59,,,,0,{'M': ''},0,0,N,,,buy,buy
2026-06-02 11:49:54,123209,聚隆转债,jlzz,179.389,-0.28,300644,南京聚隆,njjl,24.73,-1.12,2.45,17.77,139.17,0,28.9,208.29,220503,基础化工,szcy,C,2023-08-17,[],0,0,buy,A+,,12.439,23.101,7.7,buy,2029-07-26,3.151,1.672,7768.13,5722.79,26.17,-12.7,,0,15:34:06,00,Y,N,0,0,Y,,2024-02-01 开始转股,计算使用3.2年期 评级为A+ 债参考YTM：4.7375,N,2.185,全价：179.389 最后更新：15:34:06,,,,0,{'G': '本次（2026年1月26日至2026年2月13日）不提前赎回，自2026年8月13日后首个交易日重新计算'},0,0,N,,,buy,buy
2026-06-02 11:49:54,113695,华辰转债,hczz,149.31,0.03,603097,江苏华辰,jshc,27.15,-2.65,3.94,23.48,115.63,0,29.13,178.44,630801,电力设备,shmb,C,2025-07-10,[],0,0,buy,A+,,16.436,30.524,10.6,buy,2031-06-20,5.052,4.597,6110.03,8760.47,8.96,-4.48,,0,14:59:45,00,Y,N,0,0,Y,,2025-12-26 开始转股,计算使用5.1年期 评级为A+ 债参考YTM：5.0029,N,4.6,全价：149.310 最后更新：14:59:45,,,,0,[],0,0,N,,,buy,buy
2026-06-02 11:49:54,127108,太能转债,tnzz,132.587,-0.63,000591,太阳能,tyn,5.69,-3.89,0.92,5.55,102.52,0,29.32,161.91,410106,公用事业,szmb,C,2025-04-16,[],0,0,buy,AA+,,3.885,7.215,13.3,buy,2031-03-28,4.822,29.498,30499.53,99064.97,7.81,-2.62,,0,15:34:33,00,Y,N,0,0,Y,,2025-10-09 开始转股,计算使用4.9年期 评级为AA+ 债参考YTM：1.7987,N,29.5,全价：132.587 最后更新：15:34:33,,,,0,"{'M': '', 'EX': '中国节能环保集团有限公司竞价、大宗减持12.64% 2026年05月29日公告'}",0,0,N,,,buy,buy
2026-06-02 11:49:54,113680,丽岛转债,ldzz,150.215,0.14,603937,丽岛新材,ldxc,14.97,-0.47,1.98,12.91,115.96,0,29.54,179.76,240301,有色金属,shmb,C,2023-12-05,[],0,0,buy,A+,,9.037,16.783,9.6,buy,2029-11-15,3.458,2.998,4498.2,12136.7,10.04,-6.35,,0,14:59:56,00,Y,N,0,0,Y,,2024-05-21 开始转股,计算使用3.5年期 评级为A+ 债参考YTM：4.7842,N,3.0,全价：150.215 最后更新：14:59:56,,,,0,[],0,0,N,,,buy,buy
2026-06-02 11:49:54,127080,声迅转债,sxzz,321.056,3.98,003004,声迅股份,sxgf,71.65,9.09,8.36,28.94,247.58,0,29.68,350.74,710102,计算机,szmb,C,2023-02-10,[],0,0,buy,A,,20.258,37.622,5.7,buy,2028-12-30,2.581,2.793,430849.28,63824.45,472.33,-32.33,,0,15:34:18,00,Y,N,0,0,Y,,2023-07-07 开始转股,计算使用2.6年期 评级为A 债参考YTM：6.8797,N,2.8,全价：321.056 最后更新：15:34:18,,,,0,{'G': '本次（2026年5月8日至2026年5月29日）不提前赎回，以2026年8月31日重新计算'},0,0,N,,,buy,buy
2026-06-02 11:49:54,113646,永吉转债,yjzz,155.82,0.55,603058,永吉股份,yjgf,9.67,-2.62,3.35,8.05,120.12,0,29.72,185.54,360205,轻工制造,shmb,C,2022-05-17,[],0,0,buy,AA-,,5.635,10.465,3.4,buy,2028-04-14,1.869,1.372,4333.78,4775.92,20.4,-17.11,,0,14:59:58,00,Y,N,0,0,Y,,2022-10-20 开始转股,计算使用1.9年期 评级为AA- 债参考YTM：1.9766,N,1.459,全价：155.820 最后更新：14:59:58,,,,1,[],0,0,N,,,buy,buy
2026-06-02 11:49:54,127030,盛虹转债,shzz,119.462,-0.07,000301,东方盛虹,dfsh,12.16,-0.33,2.26,13.21,92.05,0,29.78,149.24,750301,石油石化,szmb,C,2021-04-21,[],0,0,buy,AA+,,9.247,17.173,6.2,buy,2027-03-22,0.803,49.974,5967.36,20627.23,1.0,-11.95,,0,15:34:30,00,Y,N,0,0,Y,,2021-09-27 开始转股,计算使用0.9年期 评级为AA+ 债参考YTM：1.4854,N,50.0,全价：119.462 最后更新：15:34:30,,,,1,{'M': ''},0,0,N,,,buy,buy
2026-06-02 11:49:54,127095,广泰转债,gtzz,145.561,-0.04,002111,威海广泰,whgt,10.15,-1.84,1.7,9.07,111.91,0,30.07,175.63,650201,国防军工,szmb,C,2023-11-10,[],0,0,buy,AA-,,6.349,11.791,14.0,buy,2029-10-18,3.381,6.927,5923.3,8095.09,5.89,-5.82,,0,15:34:09,00,Y,N,0,0,Y,,2024-04-24 开始转股,计算使用3.4年期 评级为AA- 债参考YTM：2.4180,N,7.0,全价：145.561 最后更新：15:34:09,,,,0,[],0,0,N,,,buy,buy
2026-06-02 11:49:54,123149,通裕转债,tyzz,134.161,-0.19,300185,通裕重工,tyzg,2.79,-1.76,1.55,2.71,102.95,0,30.31,164.47,630602,电力设备,szcy,C,2022-07-15,[],0,0,buy,AA,,1.897,3.523,10.3,buy,2028-06-20,2.052,11.069,5946.89,20429.81,4.01,-7.26,,0,15:34:48,00,Y,N,0,0,Y,,2022-12-26 开始转股,计算使用2.1年期 评级为AA 债参考YTM：1.6588,N,14.847,全价：134.161 最后更新：15:34:48,,,,0,{'M': ''},0,0,N,,,buy,buy
2026-06-02 11:49:54,128125,华阳转债,hyzz,113.12,-0.6,002949,华阳国际,hygj,12.3,-4.35,1.52,14.19,86.68,0,30.5,143.62,620601,建筑装饰,szmb,C,2020-08-21,[],0,0,buy,AA-,,9.933,18.447,24.1,buy,2026-07-30,0.159,4.496,4534.98,4685.65,8.91,-0.68,,0,15:34:39,00,Y,N,2,2,Y,转股价下修2次，成功下修2次,2021-02-05 开始转股,计算使用0.2年期 评级为AA- 债参考YTM：1.6466,N,4.5,全价：113.120 最后更新：15:34:39,,,,1,[],0,0,N,,,buy,buy
2026-06-02 11:49:54,113677,华懋转债,hmzz,393.921,2.36,603306,华懋科技,hmkj,101.81,-0.57,9.65,33.74,301.75,0,30.55,424.47,280202,汽车,shmb,C,2023-10-12,[],0,0,buy,AA-,,23.618,43.862,3.1,buy,2029-09-14,3.288,10.489,48645.72,134485.38,11.87,-31.39,,0,14:59:59,00,Y,N,0,0,Y,,2024-03-20 开始转股,计算使用3.3年期 评级为AA- 债参考YTM：2.4038,N,10.5,全价：393.921 最后更新：14:59:59,,,,0,"{'G': '本次（2026年3月6日至2026年3月26日）不提前赎回，自2026年6月26日之后的首个交易日重新起算', 'M': ''}",0,0,N,,,buy,buy
2026-06-02 11:49:54,111012,福新转债,fxzz,400.186,4.42,605488,福莱新材,flxc,34.32,2.72,4.54,11.22,305.88,0,30.83,431.02,220505,基础化工,shmb,C,2023-02-07,[],0,0,buy,A+,,7.854,14.586,1.1,buy,2029-01-04,2.595,1.017,58629.49,26670.92,145.77,-37.73,,0,14:59:59,00,Y,N,0,0,Y,,2023-07-10 开始转股,计算使用2.6年期 评级为A+ 债参考YTM：4.5297,N,4.29,全价：400.186 最后更新：14:59:59,,,,0,{'G': '本次（2026年2月27日至2026年3月19日）不提前赎回，自2026年6月19日之后的首个交易日重新起算'},0,0,N,,,buy,buy
2026-06-02 11:49:54,118056,路维转债,lwzz,307.338,5.66,688401,路维光电,lwgd,76.68,5.21,8.57,32.7,234.5,0,31.06,338.4,270103,电子,shkc,C,2025-07-10,[],0,0,buy,AA-,,22.89,42.51,4.1,buy,2031-06-11,5.027,6.145,87819.8,57963.17,47.96,-17.81,,0,15:00:00,00,Y,N,0,0,Y,,2025-12-17 开始转股,计算使用5.1年期 评级为AA- 债参考YTM：2.6537,N,6.15,全价：307.338 最后更新：15:00:00,,,,0,"{'G': '本次（2026年4月9日至2026年4月29日）不提前赎回，以2026年7月30日为首个交易日重新计算', 'M': ''}",0,0,N,,,buy,buy
2026-06-02 11:49:54,127055,精装转债,jzzz,193.523,-0.7,002989,中天精装,ztjz,27.25,-2.61,3.83,18.5,147.3,0,31.38,224.9,620201,建筑装饰,szmb,C,2022-03-24,[],0,0,buy,AA-,,12.95,24.05,4.2,buy,2028-02-22,1.726,2.081,11656.31,14842.17,29.3,-25.51,,0,15:34:45,00,Y,N,0,0,Y,,2022-08-29 开始转股,计算使用1.8年期 评级为AA- 债参考YTM：1.9562,N,5.77,全价：193.523 最后更新：15:34:45,,,,1,{'G': '本次（2026年2月24日至2026年3月16日）不提前赎回，自2027年3月16日后首个交易日重新计算'},0,0,N,,,buy,buy
2026-06-02 11:49:54,113052,兴业转债,xyzz,118.601,0.13,601166,兴业银行,xyyh,18.61,0.92,0.43,20.63,90.21,0,31.47,150.07,480301,银行,shmb,C,2022-01-14,[],0,0,buy,AAA,,,26.819,10.5,buy,2027-12-27,1.57,413.5,38876.07,203475.66,0.79,-4.02,,0,14:59:50,00,Y,Y,0,0,Y,,2022-06-30 开始转股,计算使用1.6年期 评级为AAA 债参考YTM：1.5115,N,500.0,全价：118.601 最后更新：14:59:50,,,,0,{'M': ''},0,0,N,,,buy,buy
2026-06-02 11:49:54,128121,宏川转债,hczz,108.683,-1.44,002930,宏川智慧,hczh,10.45,-7.69,2.27,12.65,82.61,0,31.56,140.24,420806,交通运输,szmb,C,2020-08-07,[],0,0,buy,AA-,,8.855,16.445,14.3,buy,2026-07-17,0.123,6.466,8970.92,25883.88,12.78,-5.22,,0,15:34:21,00,Y,N,2,2,Y,转股价下修2次，成功下修2次,2021-01-25 开始转股,计算使用0.2年期 评级为AA- 债参考YTM：1.6466,N,6.7,全价：108.683 最后更新：15:34:21,,,,0,{'M': ''},0,0,N,,,buy,buy
2026-06-02 11:49:54,123158,宙邦转债,zbzz,233.279,2.5,300037,新宙邦,xzb,71.75,1.11,4.82,40.49,177.2,0,31.64,264.92,630702,电力设备,szcy,C,2022-10-21,[],0,0,buy,AA,,28.343,52.637,4.6,buy,2028-09-26,2.321,18.046,64492.63,205634.32,15.32,-27.1,,0,15:34:51,00,Y,N,0,0,Y,,2023-03-30 开始转股,计算使用2.4年期 评级为AA 债参考YTM：1.6982,N,19.7,全价：233.279 最后更新：15:34:51,,,,0,"{'G': '本次（2025年12月25日至2026年1月22日）不提前赎回，自2026年7月22日后首个交易日重新计算', 'M': ''}",0,0,N,,,buy,buy
2026-06-02 11:49:54,123176,精测转2,jcz2,382.296,4.17,300567,精测电子,jcdz,187.0,1.5,11.82,64.51,289.88,0,31.88,414.18,640107,机械设备,szcy,C,2023-03-22,[],0,0,buy,AA-,,45.157,83.863,3.0,buy,2029-03-02,2.751,12.753,96655.0,168204.92,20.09,-35.66,,0,15:34:00,00,Y,N,0,0,Y,,2023-09-08 开始转股,计算使用2.8年期 评级为AA- 债参考YTM：2.2605,N,12.76,全价：382.296 最后更新：15:34:00,,,,0,"{'G': '本次（2025年12月23日至2026年1月14日）不提前赎回，自2026年7月14日后首个交易日重新计算', 'M': ''}",0,0,N,,,buy,buy
2026-06-02 11:49:54,123189,晓鸣转债,xmzz,141.931,0.66,300967,晓鸣股份,xmgf,20.52,-2.38,4.9,19.09,107.49,0,32.04,173.97,110703,农林牧渔,szcy,C,2023-04-25,[],0,0,buy,A,,13.363,24.817,12.8,buy,2029-04-06,2.847,3.286,17151.87,35071.27,37.0,-6.59,,0,15:34:48,00,Y,N,0,0,Y,,2023-10-12 开始转股,计算使用2.9年期 评级为A 债参考YTM：6.9961,N,3.29,全价：141.931 最后更新：15:34:48,,,,0,{'M': ''},0,0,N,,,buy,buy
2026-06-02 11:49:54,123080,海波转债,hbzz,137.25,-0.4,300517,海波重科,hbzk,11.72,-0.34,2.2,11.28,103.9,0,32.1,169.35,620401,建筑装饰,szcy,C,2020-12-22,[],0,0,buy,A+,,7.896,14.664,10.0,buy,2026-12-02,0.501,1.486,2454.42,7278.71,12.08,-25.21,,0,15:34:24,00,Y,N,0,0,Y,,2021-06-08 开始转股,计算使用0.6年期 评级为A+ 债参考YTM：4.0742,N,2.45,全价：137.250 最后更新：15:34:24,,,,1,[],0,0,N,,,buy,buy
2026-06-02 11:49:54,127082,亚科转债,ykzz,139.64,1.21,002540,亚太科技,ytkj,5.58,0.0,1.23,5.29,105.48,0,32.38,172.02,240301,有色金属,szmb,C,2023-04-27,[],0,0,buy,AA,,3.703,6.877,24.2,buy,2029-03-09,2.77,11.585,8488.44,4810.39,5.27,-6.78,,0,15:33:57,00,Y,N,0,0,Y,,2023-09-15 开始转股,计算使用2.8年期 评级为AA 债参考YTM：1.7543,N,11.59,全价：139.640 最后更新：15:33:57,,,,0,{'G': '本次（2025年11月6日至2025年12月4日）不提前赎回，以2026年6月4日后的首个交易日重新计算'},0,0,N,,,buy,buy
2026-06-02 11:49:54,123150,九强转债,jqzz,137.115,0.61,300406,九强生物,jqsw,12.0,0.08,1.81,11.6,103.45,0,32.54,169.66,370504,医药生物,szcy,C,2022-07-20,[],0,0,buy,AA-,,8.12,15.08,22.0,buy,2028-06-30,2.08,11.21,6000.58,5991.95,3.9,-8.76,,0,15:34:45,00,Y,N,1,1,Y,转股价下修1次，成功下修1次,2023-01-06 开始转股,计算使用2.1年期 评级为AA- 债参考YTM：2.0190,N,11.39,全价：137.115 最后更新：15:34:45,,,,0,{'M': ''},0,0,N,,,buy,buy
2026-06-02 11:49:54,118040,宏微转债,hwzz,150.298,-0.06,688711,宏微科技,hwkj,32.3,-2.03,6.34,28.51,113.29,0,32.66,182.96,270102,电子,shkc,C,2023-08-14,[],0,0,buy,A,,19.957,37.063,6.2,buy,2029-07-25,3.148,4.297,9053.77,37170.21,13.98,-6.99,,0,15:00:00,00,Y,N,1,1,Y,转股价下修1次，成功下修1次,2024-01-31 开始转股,计算使用3.2年期 评级为A 债参考YTM：7.0875,N,4.3,全价：150.298 最后更新：15:00:00,,,,0,{'M': ''},0,0,N,,,buy,buy
2026-06-02 11:49:54,123064,万孚转债,wfzz,111.75,-0.37,300482,万孚生物,wfsw,17.41,-1.02,1.48,20.88,83.38,0,34.02,145.77,370504,医药生物,szcy,C,2020-09-23,[],0,0,buy,AA,,14.616,27.144,8.0,buy,2026-09-01,0.249,5.976,2597.62,6566.04,3.88,-6.28,,0,15:34:24,00,Y,N,3,3,Y,转股价下修3次，成功下修3次,2021-03-08 开始转股,计算使用0.3年期 评级为AA 债参考YTM：1.4485,N,6.0,全价：111.750 最后更新：15:34:24,,,,1,{'M': ''},0,0,N,,,buy,buy
2026-06-02 11:49:54,127037,银轮转债,ylzz,655.301,2.09,002126,银轮股份,ylgf,50.19,0.58,5.63,10.27,488.71,0,34.09,689.39,280203,汽车,szmb,C,2021-07-09,[],0,0,buy,AA,,7.189,13.351,1.3,buy,2027-06-07,1.014,5.055,29699.68,102604.79,8.98,-82.76,,0,15:34:39,00,Y,N,0,0,Y,,2021-12-13 开始转股,计算使用1.1年期 评级为AA 债参考YTM：1.5415,N,7.0,全价：655.301 最后更新：15:34:39,,,,1,{'M': ''},0,0,N,,,buy,buy
2026-06-02 11:49:54,118031,天23转债,t23zz,124.481,-0.12,688599,天合光能,thgn,14.79,-2.5,1.67,16.0,92.44,0,34.67,159.15,630502,电力设备,shkc,C,2023-03-15,[],0,0,buy,AA,,11.2,20.8,16.9,buy,2029-02-13,2.704,58.512,10988.33,68935.88,1.51,-1.89,,0,14:59:48,00,Y,N,2,2,Y,转股价下修2次，成功下修2次,2023-08-17 开始转股,计算使用2.8年期 评级为AA 债参考YTM：1.7543,N,88.648,全价：124.481 最后更新：14:59:48,,,,0,{'M': ''},0,0,N,,,buy,buy
2026-06-02 11:49:54,127070,大中转债,dzzz,469.3,0.84,001203,大中矿业,dzky,37.46,-0.53,7.68,10.76,348.14,0,34.8,504.1,230301,钢铁,szmb,C,2022-10-11,[],0,0,buy,AA,,7.532,13.988,1.9,buy,2028-08-17,2.211,9.343,62302.0,80122.43,14.37,-47.45,,0,15:34:51,00,Y,N,0,0,Y,,2023-02-23 开始转股,计算使用2.3年期 评级为AA 债参考YTM：1.6847,N,15.2,全价：469.300 最后更新：15:34:51,,,,0,"{'G': '本次（2026年2月24日至2026年3月16日）不提前赎回，以2026年9月16日后的首个交易日重新计算', 'M': ''}",0,0,N,,,buy,buy
2026-06-02 11:49:54,128134,鸿路转债,hlzz,116.358,0.51,002541,鸿路钢构,hlgg,18.97,1.72,1.29,21.99,86.27,0,34.88,151.24,620401,建筑装饰,szmb,C,2020-11-02,[],0,0,buy,AA,,15.393,28.587,16.7,buy,2026-10-09,0.353,15.726,3449.34,13963.16,1.89,-15.58,,0,15:34:18,00,Y,N,1,1,Y,转股价下修1次，成功下修1次,2021-04-15 开始转股,计算使用0.4年期 评级为AA 债参考YTM：1.4595,N,18.8,全价：116.358 最后更新：15:34:18,,,,0,{'M': ''},0,0,N,,,buy,buy
2026-06-02 11:49:54,110097,天润转债,trzz,141.293,0.06,600419,天润乳业,trry,8.56,-2.62,1.09,8.19,104.52,0,35.19,176.48,340702,食品饮料,shmb,C,2024-11-15,[],0,0,buy,AA,,5.733,10.647,36.6,buy,2030-10-24,4.397,9.89,3354.75,4968.07,2.4,-4.7,,0,14:59:37,00,Y,N,0,0,Y,,2025-04-30 开始转股,计算使用4.4年期 评级为AA 债参考YTM：1.9751,N,9.9,全价：141.293 最后更新：14:59:37,,,,0,[],0,0,N,,,buy,buy
2026-06-02 11:49:54,110081,闻泰转债,wtzz,94.541,0.16,600745,*ST闻泰,wtkj,22.79,5.02,1.16,32.66,69.78,0,35.49,130.03,270102,电子,shmb,C,2021-08-20,[],0,0,buy,BBB+,,22.862,42.458,30.3,buy,2027-07-28,1.153,85.962,61667.99,6243.78,7.57,14.12,,0,15:00:00,00,Y,N,3,2,Y,转股价下修3次，成功下修2次,2022-02-07 开始转股,计算使用1.2年期 评级为BBB+ 债参考YTM：11.9380,Y,86.0,全价：94.541 最后更新：15:00:00,,,"按下调到底估算
股东大会：2026-06-16
预估转股价：22.80
预估转股价值：99.96
期权价值：20.77
理论价值：117.40
理论偏离度：-24.18%",1,[],0,0,N,,,buy,buy
2026-06-02 11:49:54,113688,国检转债,gjzz,144.838,0.21,603060,国检集团,gjjt,6.95,-1.14,2.68,6.52,106.6,0,35.88,180.72,460802,社会服务,shmb,C,2024-11-12,[],0,0,buy,AA+,,4.564,8.476,14.3,buy,2030-10-17,4.378,7.998,6013.85,17294.19,5.2,-4.97,,0,14:59:58,00,Y,N,0,0,Y,,2025-04-23 开始转股,计算使用4.4年期 评级为AA+ 债参考YTM：1.7748,N,8.0,全价：144.838 最后更新：14:59:58,,,,0,[],0,0,N,,,buy,buy
2026-06-02 11:49:54,123211,阳谷转债,ygzz,170.088,0.53,300121,阳谷华泰,yght,11.49,1.23,1.4,9.2,124.89,0,36.19,206.28,220604,基础化工,szcy,C,2023-08-14,[],0,0,buy,AA-,,6.44,11.96,6.2,buy,2029-07-27,3.153,3.07,9326.06,13474.49,17.77,-10.79,,0,15:34:06,00,Y,N,0,0,Y,,2024-02-02 开始转股,计算使用3.2年期 评级为AA- 债参考YTM：2.3855,N,6.5,全价：170.088 最后更新：15:34:06,,,,0,{'G': '本次（2025年12月15日至2026年1月6日）不提前赎回，2026年7月6日后首个交易日重新计算'},0,0,N,,,buy,buy
2026-06-02 11:49:54,118007,山石转债,sszz,142.818,2.25,688030,山石网科,sswk,17.3,2.91,4.47,16.5,104.85,0,36.21,179.03,710402,计算机,shkc,C,2022-04-21,[],0,0,buy,A-,,11.55,21.45,8.6,buy,2028-03-22,1.806,2.671,12172.63,10529.16,32.31,-10.8,,0,14:59:53,00,Y,N,1,1,Y,转股价下修1次，成功下修1次,2022-09-28 开始转股,计算使用1.9年期 评级为A- 债参考YTM：9.0163,N,2.674,全价：142.818 最后更新：14:59:53,,,,1,{'M': ''},0,0,N,,,buy,buy
2026-06-02 11:49:54,111002,特纸转债,tzzz,140.005,1.51,605007,五洲特纸,wztz,13.99,-1.76,1.78,13.65,102.49,0,36.6,176.61,360103,轻工制造,shmb,C,2021-12-30,[],0,0,buy,AA,,9.555,17.745,11.8,buy,2027-12-08,1.518,6.619,9693.42,5570.21,10.55,-12.9,,0,14:59:55,00,Y,N,1,1,N,"转股价下修1次，成功下修1次
2026-05-27 至 2026-06-02 期间暂停转股：权益分派
转股价13.650生效日期2025-11-11",2022-06-14 开始转股;2026-05-27 至 2026-06-02 期间暂停转股：权益分派,计算使用1.6年期 评级为AA 债参考YTM：1.6006,N,6.7,全价：140.005 最后更新：14:59:55,,,,1,[],0,0,N,,,buy,buy
2026-06-02 11:49:54,123259,锦浪转02,jlz02,213.464,-0.7,300763,锦浪科技,jlkj,112.6,-4.17,4.92,72.35,155.63,0,37.16,250.62,630503,电力设备,szcy,C,2025-11-06,[],0,0,buy,AA,,50.645,94.055,4.6,buy,2031-10-17,5.378,16.763,46830.21,204835.02,13.08,-11.09,,0,15:33:54,00,Y,N,1,1,Y,转股价下修1次，成功下修1次,2026-04-23 开始转股,计算使用5.4年期 评级为AA 债参考YTM：2.0775,N,16.766,全价：213.464 最后更新：15:33:54,,,,0,"{'G': '本次（2026年4月23日至2026年5月20日）不提前赎回，以2027年5月21日为首个交易日重新计算', 'M': ''}",0,0,N,,,buy,buy
2026-06-02 11:49:54,118030,睿创转债,rczz,434.421,4.05,688002,睿创微纳,rcwn,123.71,2.21,7.89,39.12,316.23,0,37.37,471.79,650501,国防军工,shkc,C,2023-02-10,[],0,0,buy,AA,,27.384,50.856,2.2,buy,2028-12-30,2.581,12.622,36586.14,160651.02,6.72,-40.98,,0,14:59:58,00,Y,N,0,0,Y,,2023-07-06 开始转股,计算使用2.6年期 评级为AA 债参考YTM：1.7261,N,15.647,全价：434.421 最后更新：14:59:58,,,,0,"{'G': '本次（2026年3月18日至2026年4月8日）不提前赎回，以2027年4月9日为首个交易日重新计算', 'M': ''}",0,0,N,,,buy,buy
2026-06-02 11:49:54,123258,胜蓝转02,slz2,219.428,1.06,300843,胜蓝股份,slgf,86.78,1.2,8.62,54.36,159.64,0,37.45,256.88,270504,电子,szcy,C,2025-09-10,[],0,0,buy,AA-,,38.052,70.668,3.2,buy,2031-08-28,5.241,4.499,22139.77,37092.21,22.52,-11.34,,0,15:34:30,00,Y,N,0,0,Y,,2026-03-03 开始转股,计算使用5.3年期 评级为AA- 债参考YTM：2.7877,N,4.5,全价：219.428 最后更新：15:34:30,,,,0,"{'G': '本次（2026年4月22日至2026年5月19日）不提前赎回，自2026年8月19日后首个交易日重新计算', 'EX': '胜蓝投资控股有限公司竞价、大宗减持24.10% 2026年05月28日公告'}",0,0,N,,,buy,buy
2026-06-02 11:49:54,113066,平煤转债,pmzz,152.58,-2.25,601666,平煤股份,pmgf,8.31,0.0,0.82,7.52,110.51,0,38.07,190.65,740102,煤炭,shmb,C,2023-04-10,[],0,0,buy,AAA,,5.264,9.776,7.0,buy,2029-03-16,2.789,14.274,28435.18,53422.21,12.9,-11.27,,0,14:59:58,00,Y,N,1,1,Y,转股价下修1次，成功下修1次,2023-09-22 开始转股,计算使用2.8年期 评级为AAA 债参考YTM：1.6043,N,29.0,全价：152.580 最后更新：14:59:58,,,,0,{'M': ''},0,0,N,,,buy,buy
2026-06-02 11:49:54,113658,密卫转债,mwzz,142.093,0.06,603713,密尔克卫,mekw,56.28,-2.39,1.8,54.72,102.85,0,38.15,180.24,420806,交通运输,shmb,C,2022-10-25,[],0,0,buy,AA-,,38.304,71.136,9.8,buy,2027-09-16,1.29,8.719,5414.19,23211.44,4.38,-16.15,,0,14:59:01,00,Y,N,1,1,Y,转股价下修1次，成功下修1次,2023-03-22 开始转股,计算使用1.3年期 评级为AA- 债参考YTM：1.8539,N,8.724,全价：142.093 最后更新：14:59:01,,,,1,{'M': ''},0,0,N,,,buy,buy
2026-06-02 11:49:54,110098,南药转债,nyzz,137.115,-0.11,600713,南京医药,njyy,5.08,-0.78,0.9,5.12,99.22,0,38.19,175.31,370402,医药生物,shmb,C,2025-01-20,[],0,0,buy,AA+,,3.584,6.656,16.5,buy,2030-12-25,4.567,10.814,3875.4,3826.96,2.61,-4.34,,0,14:59:29,00,Y,N,0,0,Y,,2025-07-01 开始转股,计算使用4.6年期 评级为AA+ 债参考YTM：1.7845,N,10.815,全价：137.115 最后更新：14:59:29,,,,0,[],0,0,N,,,buy,buy
2026-06-02 11:49:54,127046,百润转债,brzz,133.212,-0.18,002568,百润股份,brgf,19.88,-1.54,4.0,20.63,96.37,0,38.24,171.45,340602,食品饮料,szmb,C,2021-11-03,[],0,0,buy,AA,,14.441,26.819,7.4,buy,2027-09-29,1.326,11.274,8430.51,71036.63,5.61,-12.54,,0,15:34:39,00,Y,N,1,1,N,"转股价下修1次，成功下修1次
2026-05-22 至 2026-06-04 期间暂停转股：权益分派
转股价20.630生效日期2026-03-19",2022-04-12 开始转股;2026-05-22 至 2026-06-04 期间暂停转股：权益分派,计算使用1.4年期 评级为AA 债参考YTM：1.5775,N,11.28,全价：133.212 最后更新：15:34:39,,,,0,{'M': ''},0,0,N,,,buy,buy
2026-06-02 11:49:54,118034,晶能转债,jnzz,122.493,-1.36,688223,晶科能源,jkny,5.61,-3.11,2.23,6.35,88.35,0,38.65,161.14,630502,电力设备,shkc,C,2023-05-19,[],0,0,buy,AA+,,4.445,7.62,14.4,buy,2029-04-20,2.885,83.22,16067.65,81468.95,1.57,-3.32,,0,15:00:00,00,Y,N,1,1,Y,转股价下修1次，成功下修1次,2023-10-26 开始转股,计算使用2.9年期 评级为AA+ 债参考YTM：1.6635,N,100.0,全价：122.493 最后更新：15:00:00,,,,0,{'M': ''},0,0,N,120%,,buy,buy
2026-06-02 11:49:54,127105,龙星转债,lxzz,134.9,-0.59,002442,龙星科技,lxkj,5.63,-3.76,1.53,5.8,97.07,0,38.97,173.87,220603,基础化工,szmb,C,2024-03-06,[],0,0,buy,AA-,,4.06,7.54,27.2,buy,2030-01-31,3.669,7.54,11241.6,26783.34,11.1,-3.35,,0,15:34:12,00,Y,N,0,0,Y,,2024-08-07 开始转股,计算使用3.7年期 评级为AA- 债参考YTM：2.4472,N,7.54,全价：134.900 最后更新：15:34:12,,,,0,[],0,0,N,,,buy,buy
2026-06-02 11:49:54,118058,微导转债,wdzz,350.774,6.39,688147,微导纳米,wdnm,84.3,8.08,13.0,33.43,252.17,0,39.1,389.87,630505,电力设备,shkc,C,2025-08-27,[],0,0,buy,AA,,23.401,43.459,3.0,buy,2031-08-06,5.181,11.7,162266.93,119918.11,40.39,-19.7,,0,15:00:00,00,Y,N,0,0,Y,,2026-02-12 开始转股,计算使用5.2年期 评级为AA 债参考YTM：2.0472,N,11.7,全价：350.774 最后更新：15:00:00,,,,0,"{'G': '本次（2026年2月12日至2026年3月12日）不提前赎回，以2026年9月13日为首个交易日重新计算', 'M': ''}",0,0,N,,,buy,buy
2026-06-02 11:49:54,127088,赫达转债,hdzz,192.505,1.95,002810,山东赫达,sdhd,23.13,-2.16,3.51,16.76,138.01,0,39.49,232.0,220309,基础化工,szmb,C,2023-07-19,[],0,0,buy,AA-,,11.732,21.788,8.0,buy,2029-07-03,3.088,5.996,7839.17,13561.82,6.93,-14.57,,0,15:34:06,00,Y,N,0,0,Y,,2024-01-08 开始转股,计算使用3.1年期 评级为AA- 债参考YTM：2.3619,N,6.0,全价：192.505 最后更新：15:34:06,,,,0,"{'G': '本次（2026年3月30日至2026年4月20日）不提前赎回，自2026年10月21日起重新计算', 'M': ''}",0,0,N,,,buy,buy
2026-06-02 11:49:54,123172,漱玉转债,syzz,135.798,0.39,301017,漱玉平民,sypm,14.55,-0.75,2.75,14.95,97.32,0,39.53,175.33,370403,医药生物,szcy,C,2023-01-06,[],0,0,buy,AA-,,10.465,19.435,21.1,buy,2028-12-15,2.54,7.96,5514.45,12988.25,5.11,-5.96,,0,15:34:45,00,Y,N,1,1,N,"转股价下修1次，成功下修1次
2026-05-27 至 2026-06-02 期间暂停转股：权益分派
转股价14.950生效日期2024-07-16",2023-06-21 开始转股;2026-05-27 至 2026-06-02 期间暂停转股：权益分派,计算使用2.6年期 评级为AA- 债参考YTM：2.1846,N,8.0,全价：135.798 最后更新：15:34:45,,,,0,{'M': ''},0,0,N,,,buy,buy
2026-06-02 11:49:54,111022,锡振转债,xzzz,153.604,-0.77,605319,无锡振华,wxzh,24.87,0.0,3.03,22.64,109.85,0,39.83,193.43,280205,汽车,shmb,C,2025-07-14,[],0,0,buy,AA-,,15.848,29.432,6.0,buy,2031-06-18,5.047,5.197,4354.52,7235.15,5.46,-5.2,,0,14:59:34,00,Y,N,0,0,N,2026-06-01 至 2026-06-09 期间暂停转股：权益分派,2025-12-24 开始转股;2026-06-01 至 2026-06-09 期间暂停转股：权益分派,计算使用5.1年期 评级为AA- 债参考YTM：2.6537,N,5.2,全价：153.604 最后更新：14:59:34,,,,0,[],0,0,N,,,buy,buy
2026-06-02 11:49:54,113697,应流转债,ylzz,287.418,3.13,603308,应流股份,ylgf,62.38,-1.84,8.17,30.47,204.73,0,40.39,327.81,640108,机械设备,shmb,C,2025-10-22,[],0,0,buy,AA+,,21.329,39.611,3.5,buy,2031-09-19,5.301,14.996,41204.96,140811.38,9.79,-16.37,,0,14:59:58,00,Y,N,0,0,Y,,2026-03-25 开始转股,计算使用5.4年期 评级为AA+ 债参考YTM：1.8415,N,15.0,全价：287.418 最后更新：14:59:58,,,,0,"{'G': '本次（2026年3月25日至2026年4月15日）不提前赎回，2026年7月15日之后的首个交易日重新起算', 'M': ''}",0,0,N,,,buy,buy
2026-06-02 11:49:54,123171,共同转债,gtzz,138.142,-0.26,300966,共同药业,gtyy,26.66,-1.41,3.71,27.12,98.3,0,40.53,178.67,370101,医药生物,szcy,C,2022-12-16,[],0,0,buy,A,,18.984,35.256,18.6,buy,2028-11-28,2.493,3.799,3243.91,5849.47,6.18,-5.83,,0,15:34:39,00,Y,N,0,0,Y,,2023-06-02 开始转股,计算使用2.5年期 评级为A 债参考YTM：6.8408,N,3.8,全价：138.142 最后更新：15:34:39,,,,0,{'M': ''},0,0,N,,,buy,buy
2026-06-02 11:49:54,118012,微芯转债,wxzz,147.64,-0.18,688321,微芯生物,wxsw,26.61,-2.13,4.56,25.34,105.01,0,40.59,188.23,370102,医药生物,shkc,C,2022-07-28,[],0,0,buy,A+,,17.738,32.942,4.6,buy,2028-07-05,2.093,4.996,4325.05,20323.98,5.87,-9.91,,0,14:59:58,00,Y,N,0,0,Y,,2023-01-11 开始转股,计算使用2.1年期 评级为A+ 债参考YTM：4.3592,N,5.0,全价：147.640 最后更新：14:59:58,,,,0,{'M': ''},0,0,N,,,buy,buy
2026-06-02 11:49:54,113649,丰山转债,fszz,138.253,-0.49,603810,丰山集团,fsjt,13.47,-3.72,1.37,13.73,98.11,0,40.92,179.17,220803,基础化工,shmb,C,2022-07-21,[],0,0,buy,AA-,,9.611,17.849,20.6,buy,2028-06-27,2.071,4.577,6074.66,2942.84,9.63,-7.32,,0,14:59:19,00,Y,N,0,0,Y,,2023-01-03 开始转股,计算使用2.1年期 评级为AA- 债参考YTM：2.0190,N,5.0,全价：138.253 最后更新：14:59:19,,,,0,[],0,0,N,,,buy,buy
2026-06-02 11:49:54,127045,牧原转债,myzz,119.918,-1.0,002714,牧原股份,mygf,36.76,-2.8,2.43,43.32,84.86,0,41.32,161.24,110702,农林牧渔,szmb,C,2021-09-10,[],0,0,buy,AAA,,30.324,56.316,6.8,buy,2027-08-16,1.206,95.43,9902.01,200555.52,0.86,-8.05,,0,15:33:54,00,Y,Y,0,0,Y,,2022-02-21 开始转股,计算使用1.3年期 评级为AAA 债参考YTM：1.4922,N,95.5,全价：119.918 最后更新：15:33:54,,,,1,{'M': ''},0,0,N,,,buy,buy
2026-06-02 11:49:54,123107,温氏转债,wszz,115.5,-0.76,300498,温氏股份,wsgf,13.22,-3.01,2.18,16.29,81.15,0,42.32,157.82,110702,农林牧渔,szcy,C,2021-04-21,[],0,0,buy,AAA,,11.403,21.177,9.8,buy,2027-03-29,0.822,77.063,9419.95,74643.07,1.06,-7.9,,0,15:34:30,00,Y,N,0,0,Y,,2021-10-08 开始转股,计算使用0.9年期 评级为AAA 债参考YTM：1.4604,N,92.97,全价：115.500 最后更新：15:34:30,,,,1,{'M': ''},0,0,N,,,buy,buy
2026-06-02 11:49:54,123237,佳禾转债,jhzz,144.23,0.03,300793,佳禾智能,jhzn,13.62,-1.23,1.84,13.46,101.19,0,42.54,186.77,270504,电子,szcy,C,2024-01-24,[],0,0,buy,A+,,9.422,17.498,8.5,buy,2030-01-04,3.595,4.315,3627.03,7376.8,5.84,-5.68,,0,15:34:03,00,Y,N,1,1,Y,转股价下修1次，成功下修1次,2024-07-10 开始转股,计算使用3.6年期 评级为A+ 债参考YTM：4.7946,N,10.04,全价：144.230 最后更新：15:34:03,,,,0,[],0,0,N,,,buy,buy
2026-06-02 11:49:54,111017,蓝天转债,ltzz,128.004,0.21,605368,蓝天燃气,ltrq,7.15,-0.97,1.52,7.98,89.6,0,42.86,170.86,410301,公用事业,shmb,C,2023-09-08,[],0,0,buy,AA,,5.586,10.374,13.1,buy,2029-08-15,3.206,6.715,4695.28,2419.15,5.48,-3.55,,0,14:59:29,00,Y,N,0,0,Y,,2024-02-21 开始转股,计算使用3.3年期 评级为AA 债参考YTM：1.8244,N,8.7,全价：128.004 最后更新：14:59:29,,,,0,[],0,0,N,,,buy,buy
2026-06-02 11:49:54,110087,天业转债,tyzz,129.218,0.01,600075,新疆天业,xjty,5.02,-3.46,0.93,5.6,89.64,0,44.15,173.37,220202,基础化工,shmb,C,2022-07-19,[],0,0,buy,AA+,,3.92,7.28,35.0,buy,2028-06-23,2.06,29.975,5144.31,9926.55,1.33,-7.13,,0,14:59:26,00,Y,N,1,1,Y,转股价下修1次，成功下修1次,2022-12-29 开始转股,计算使用2.1年期 评级为AA+ 债参考YTM：1.5962,N,30.0,全价：129.218 最后更新：14:59:26,,,,0,{'M': ''},0,0,N,,,buy,buy
2026-06-02 11:49:54,123199,山河转债,shzz,139.05,0.22,300452,山河药辅,shyf,12.82,-0.54,2.85,13.3,96.39,0,44.26,183.31,370101,医药生物,szcy,C,2023-07-07,[],0,0,buy,A+,,9.31,17.29,12.6,buy,2029-06-12,3.03,3.197,1889.72,5331.87,4.27,-6.91,,0,15:34:03,00,Y,N,1,1,N,"转股价下修1次，成功下修1次
2026-06-02 起暂停转股：权益分派
转股价13.300生效日期2025-06-23",2023-12-18 开始转股;2026-06-02 起暂停转股：权益分派,计算使用3.1年期 评级为A+ 债参考YTM：4.7129,N,3.2,全价：139.050 最后更新：15:34:03,,,,0,[],0,0,N,,,buy,buy
2026-06-02 11:49:54,113640,苏利转债,slzz,134.954,-0.02,603585,苏利股份,slgf,16.07,-2.43,1.16,17.2,93.43,0,44.44,179.39,220803,基础化工,shmb,C,2022-03-10,[],0,0,buy,AA-,,12.04,22.36,23.8,buy,2028-02-16,1.71,7.39,4018.77,4429.64,4.05,-8.1,,0,14:59:56,00,Y,N,1,1,Y,转股价下修1次，成功下修1次,2022-08-22 开始转股,计算使用1.8年期 评级为AA- 债参考YTM：1.9562,N,9.572,全价：134.954 最后更新：14:59:56,,,,1,[],0,0,N,,,buy,buy
2026-06-02 11:49:54,113070,渝水转债,yszz,128.984,-0.24,601158,重庆水务,cqsw,4.3,-0.92,1.18,4.82,89.21,0,44.58,173.56,760102,环保,shmb,C,2025-02-13,[],0,0,buy,AAA,,3.374,6.266,9.2,buy,2031-01-09,4.608,18.998,5194.84,5528.31,2.12,-3.19,,0,14:59:55,00,Y,N,0,0,Y,,2025-07-15 开始转股,计算使用4.7年期 评级为AAA 债参考YTM：1.7383,N,19.0,全价：128.984 最后更新：14:59:55,,,,0,{'M': ''},0,0,N,,,buy,buy
2026-06-02 11:49:54,118035,国力转债,glzz,143.995,1.1,688103,国力电子,gldz,62.24,0.31,5.16,62.54,99.52,0,44.69,188.69,270401,电子,shkc,C,2023-07-06,[],0,0,buy,A+,,43.778,81.302,8.1,buy,2029-06-12,3.03,4.8,5761.48,16278.58,8.39,-6.15,,0,14:59:52,00,Y,N,0,0,Y,,2023-12-18 开始转股,计算使用3.1年期 评级为A+ 债参考YTM：4.7129,N,4.8,全价：143.995 最后更新：14:59:52,,,,0,{'M': ''},0,0,N,,,buy,buy
2026-06-02 11:49:54,123088,威唐转债,wtzz,125.505,-0.23,300707,威唐工业,wtgy,12.95,-1.37,1.98,14.96,86.56,0,44.98,170.49,280205,汽车,szcy,C,2021-01-06,[],0,0,buy,A+,,10.472,19.448,15.9,buy,2026-12-15,0.537,3.004,2059.19,6754.51,5.48,-15.67,,0,15:34:27,00,Y,N,1,1,N,"转股价下修1次，成功下修1次
2026-05-27 至 2026-06-03 期间暂停转股：权益分派
转股价14.960生效日期2025-11-07",2021-06-21 开始转股;2026-05-27 至 2026-06-03 期间暂停转股：权益分派,计算使用0.6年期 评级为A+ 债参考YTM：4.0742,N,3.014,全价：125.505 最后更新：15:34:27,,,,1,[],0,0,N,,,buy,buy
2026-06-02 11:49:54,123257,安克转债,akzz,157.16,0.29,300866,安克创新,akcx,117.63,-4.12,5.65,108.86,108.06,0,45.44,202.6,270503,电子,szcy,C,2025-07-04,[],0,0,buy,AA+,,76.202,141.518,3.1,buy,2031-06-16,5.041,11.047,6688.38,63774.73,3.86,-6.51,,0,15:34:27,00,Y,N,0,0,Y,,2025-12-22 开始转股,计算使用5.1年期 评级为AA+ 债参考YTM：1.8105,N,11.048,全价：157.160 最后更新：15:34:27,,,,0,{'M': ''},0,0,N,,,buy,buy
2026-06-02 11:49:54,118013,道通转债,dtzz,209.097,4.78,688208,道通科技,dtkj,30.87,2.15,5.11,21.48,143.72,0,45.49,254.59,710103,计算机,shkc,C,2022-07-28,[],0,0,buy,AA,,15.036,27.924,6.2,buy,2028-07-08,2.101,12.796,23060.34,72876.83,8.83,-24.1,,0,14:59:58,00,Y,N,0,0,Y,,2023-01-16 开始转股,计算使用2.2年期 评级为AA 债参考YTM：1.6715,N,12.8,全价：209.097 最后更新：14:59:58,,,,0,"{'G': '本次（2026年1月5日至2026年1月23日）不提前赎回，以2026年7月24日为首个交易日重新计算', 'M': ''}",0,0,N,,,buy,buy
2026-06-02 11:49:54,127099,盛航转债,shzz,136.099,1.0,001205,盛航股份,shgf,14.34,-0.07,1.22,15.33,93.54,0,45.49,181.59,421101,交通运输,szmb,C,2023-12-28,[],0,0,buy,AA-,,10.731,19.929,19.0,buy,2029-12-06,3.515,4.541,3405.07,4038.89,5.54,-3.66,,0,15:34:27,00,Y,N,1,1,Y,转股价下修1次，成功下修1次,2024-06-12 开始转股,计算使用3.6年期 评级为AA- 债参考YTM：2.4386,N,7.4,全价：136.099 最后更新：15:34:27,,,,0,[],0,0,N,,,buy,buy
2026-06-02 11:49:54,111004,明新转债,mxzz,131.967,-1.46,605068,明新旭腾,mxxt,22.14,-4.36,2.13,24.41,90.7,0,45.5,177.47,280202,汽车,shmb,C,2022-04-25,[],0,0,buy,AA-,,17.087,31.733,18.7,buy,2028-03-30,1.827,6.715,12121.13,10016.37,13.71,-6.23,,0,14:59:52,00,Y,N,0,0,Y,,2022-10-10 开始转股,计算使用1.9年期 评级为AA- 债参考YTM：1.9766,N,6.73,全价：131.967 最后更新：14:59:52,,,,1,[],0,0,N,,,buy,buy
2026-06-02 11:49:54,111020,合顺转债,hszz,141.604,-0.02,605166,聚合顺,jhs,10.26,-3.84,1.61,10.59,96.88,0,46.16,187.76,220406,基础化工,shmb,C,2024-08-15,[],0,0,buy,AA-,,7.413,13.767,10.5,buy,2030-07-22,4.14,3.38,5568.57,17304.83,11.62,-4.05,,0,14:58:58,00,Y,N,0,0,Y,,2025-01-27 开始转股,计算使用4.2年期 评级为AA- 债参考YTM：2.5090,N,3.38,全价：141.604 最后更新：14:58:58,,,,0,[],0,0,N,,,buy,buy
2026-06-02 11:49:54,113067,燃23转债,r23zz,131.023,-0.11,601139,深圳燃气,szrq,6.63,-1.49,1.14,7.4,89.6,0,46.24,177.26,410301,公用事业,shmb,C,2023-08-18,[],0,0,buy,AAA,,5.18,9.62,15.7,buy,2029-07-27,3.153,29.999,6885.05,18006.42,1.75,-5.27,,0,14:59:40,00,Y,N,0,0,Y,,2024-02-02 开始转股,计算使用3.2年期 评级为AAA 债参考YTM：1.6384,N,30.0,全价：131.023 最后更新：14:59:40,,,,0,{'M': ''},0,0,N,,,buy,buy
2026-06-02 11:49:54,123253,永贵转债,ygzz,143.5,3.64,300351,永贵电器,ygdq,17.84,1.42,2.8,18.19,98.08,0,46.32,189.82,640501,机械设备,szcy,C,2025-03-28,[],0,0,buy,AA-,,12.733,23.647,20.8,buy,2031-03-13,4.781,9.798,21249.06,34579.27,15.32,-4.14,,0,15:34:24,00,Y,N,0,0,Y,,2025-09-19 开始转股,计算使用4.8年期 评级为AA- 债参考YTM：2.5952,N,9.8,全价：143.500 最后更新：15:34:24,,,,0,{'M': ''},0,0,N,,,buy,buy
2026-06-02 11:49:54,123071,天能转债,tnzz,116.95,-1.4,300569,天能重工,tnzg,5.33,-2.38,1.02,6.68,79.79,0,46.57,163.52,630602,电力设备,szcy,C,2020-11-25,[],0,0,buy,AA-,,4.676,8.684,12.8,buy,2026-10-21,0.386,6.937,4492.7,9660.41,5.53,-4.35,,0,15:34:27,00,Y,N,2,2,Y,转股价下修2次，成功下修2次,2021-04-27 开始转股,计算使用0.4年期 评级为AA- 债参考YTM：1.6847,N,7.0,全价：116.950 最后更新：15:34:27,,,,1,{'M': ''},0,0,N,,,buy,buy
2026-06-02 11:49:54,113678,中贝转债,zbzz,162.122,1.29,603220,中贝通信,zbtx,22.68,-1.43,3.09,20.54,110.42,0,46.82,208.94,730103,通信,shmb,C,2023-11-21,[],0,0,buy,A+,,14.378,26.702,5.2,buy,2029-10-19,3.384,5.108,15573.17,45913.61,19.04,-8.58,,0,14:59:58,00,Y,N,2,1,Y,转股价下修2次，成功下修1次,2024-04-25 开始转股,计算使用3.4年期 评级为A+ 债参考YTM：4.7720,N,5.17,全价：162.122 最后更新：14:59:58,,,,0,"{'G': '本次（2026年3月16日至2026年4月27日）不提前赎回，以2026年7月28日起算', 'M': ''}",0,0,N,,,buy,buy
2026-06-02 11:49:54,118060,瑞可转债,rkzz,237.188,3.79,688800,瑞可达,rkd,119.29,0.24,9.73,73.85,161.53,0,46.84,284.03,270401,电子,shkc,C,2025-12-12,[],0,0,buy,AA-,,51.695,96.005,4.1,buy,2031-11-14,5.455,9.999,26978.13,87965.12,11.67,-12.46,,0,14:59:58,00,Y,N,0,0,Y,,2026-05-20 开始转股,计算使用5.5年期 评级为AA- 债参考YTM：2.9817,N,10.0,全价：237.188 最后更新：14:59:58,,,,0,{'M': ''},0,0,N,,,buy,buy
2026-06-02 11:49:54,128129,青农转债,qnzz,107.615,-0.01,002958,青农商行,qnsh,2.93,0.0,0.37,4.0,73.25,0,46.91,154.53,480501,银行,szmb,C,2020-09-18,[],0,0,buy,AAA,,,5.2,31.4,buy,2026-08-25,0.23,49.997,14316.61,12151.79,2.66,1.57,,0,15:34:42,00,Y,N,1,1,Y,转股价下修1次，成功下修1次,2021-03-01 开始转股,计算使用0.3年期 评级为AAA 债参考YTM：1.4067,N,50.0,全价：107.615 最后更新：15:34:42,,,,0,{'M': ''},0,0,N,,,buy,buy
2026-06-02 11:49:54,123178,花园转债,hyzz,133.133,-0.65,300401,花园生物,hysw,12.06,-2.03,1.85,13.34,90.41,0,47.26,180.39,370101,医药生物,szcy,C,2023-03-23,[],0,0,buy,AA-,,9.338,17.342,18.2,buy,2029-03-06,2.762,11.731,2026.92,7697.51,1.3,-4.19,,0,15:34:51,00,Y,N,1,1,Y,转股价下修1次，成功下修1次,2023-09-11 开始转股,计算使用2.8年期 评级为AA- 债参考YTM：2.2605,N,12.0,全价：133.133 最后更新：15:34:51,,,,0,{'M': ''},0,0,N,,,buy,buy
2026-06-02 11:49:54,127064,杭氧转债,hyzz,139.45,-0.46,002430,杭氧股份,hygf,24.58,-1.21,2.36,25.97,94.65,0,47.34,186.79,220309,基础化工,szmb,C,2022-07-05,[],0,0,buy,AA+,,18.179,33.761,4.7,buy,2028-05-19,1.964,11.364,4528.89,29181.78,2.86,-11.56,,0,15:34:48,00,Y,N,1,1,Y,转股价下修1次，成功下修1次,2022-11-25 开始转股,计算使用2.0年期 评级为AA+ 债参考YTM：1.5867,N,11.37,全价：139.450 最后更新：15:34:48,,,,1,{'M': ''},0,0,N,,,buy,buy
2026-06-02 11:49:54,123235,亿田转债,ytzz,173.1,-1.7,300911,亿田智能,ytzn,25.01,-2.38,4.02,21.31,117.36,0,47.49,220.59,330401,家用电器,szcy,C,2024-01-12,[],0,0,buy,AA-,,14.917,27.703,10.2,buy,2029-12-21,3.556,4.353,21803.79,12262.04,29.11,-10.06,,0,15:34:15,00,Y,N,0,0,Y,,2024-06-27 开始转股,计算使用3.6年期 评级为AA- 债参考YTM：2.4386,N,5.202,全价：173.100 最后更新：15:34:15,,,,0,{'M': ''},0,0,N,,,buy,buy
2026-06-02 11:49:54,123255,鼎龙转债,dlzz,350.0,4.48,300054,鼎龙股份,dlgf,67.44,2.46,11.67,28.48,236.8,0,47.81,397.81,270601,电子,szcy,C,2025-04-23,[],0,0,buy,AA,,19.936,37.024,1.8,buy,2031-04-02,4.836,9.096,60924.71,197003.15,19.42,-20.87,,0,15:34:27,00,Y,N,0,0,Y,,2025-10-09 开始转股,计算使用4.9年期 评级为AA 债参考YTM：2.0150,N,9.1,全价：350.000 最后更新：15:34:27,,,,0,"{'G': '本次（2026年4月8日至2026年4月28日）不提前赎回，自2026年10月28日后首个交易日重新计算', 'M': ''}",0,0,N,,,buy,buy
2026-06-02 11:49:54,110086,精工转债,jgzz,130.691,1.23,600496,精工钢构,jggg,4.22,3.94,0.88,4.79,88.1,0,48.34,179.03,620401,建筑装饰,shmb,C,2022-05-23,[],0,0,buy,AA,,3.353,6.227,23.8,buy,2028-04-22,1.89,19.999,7750.34,27771.75,2.98,-7.12,,0,14:59:49,00,Y,N,0,0,Y,,2022-10-28 开始转股,计算使用1.9年期 评级为AA 债参考YTM：1.6350,N,20.0,全价：130.691 最后更新：14:59:49,,,,1,{'M': ''},0,0,N,,,buy,buy
2026-06-02 11:49:54,113643,风语转债,fyzz,139.96,0.31,603466,风语筑,fyz,11.15,-2.36,3.13,11.82,94.33,0,48.37,188.33,720706,传媒,shmb,C,2022-04-22,[],0,0,buy,AA-,,8.274,15.366,7.5,buy,2028-03-25,1.814,4.994,6600.71,60521.58,9.48,-9.5,,0,15:00:00,00,Y,N,1,1,N,"转股价下修1次，成功下修1次
2026-05-28 至 2026-06-03 期间暂停转股：权益分派
转股价11.820生效日期2025-05-27",2022-10-10 开始转股;2026-05-28 至 2026-06-03 期间暂停转股：权益分派,计算使用1.9年期 评级为AA- 债参考YTM：1.9766,N,5.0,全价：139.960 最后更新：15:00:00,,,,1,{'M': ''},0,0,N,,,buy,buy
2026-06-02 11:49:54,127093,章鼓转债,zgzz,131.94,0.39,002598,ST章鼓,sdzg,7.44,-2.11,1.76,8.4,88.57,0,48.96,180.9,640106,机械设备,szmb,C,2023-11-03,[],0,0,buy,A,,5.88,10.92,11.4,buy,2029-10-17,3.378,2.425,1101.77,2962.58,3.46,-3.3,,0,15:34:27,00,Y,N,1,1,Y,转股价下修1次，成功下修1次,2024-04-23 开始转股,计算使用3.4年期 评级为A 债参考YTM：7.1220,N,2.43,全价：131.940 最后更新：15:34:27,,,,0,[],0,0,N,,,buy,buy
2026-06-02 11:49:54,123155,中陆转债,zlzz,138.69,0.41,301040,中环海陆,zhhl,29.51,-1.4,3.81,31.76,92.92,0,49.26,187.95,630602,电力设备,szcy,C,2022-08-31,[],0,0,buy,A+,,22.232,41.288,12.9,buy,2028-08-12,2.197,3.6,3986.57,7021.95,8.01,-6.78,,0,15:34:51,00,Y,N,0,0,Y,,2023-02-20 开始转股,计算使用2.2年期 评级为A+ 债参考YTM：4.3868,N,3.6,全价：138.690 最后更新：15:34:51,,,,0,{'M': ''},0,0,N,,,buy,buy
2026-06-02 11:49:54,123104,卫宁转债,wnzz,125.695,-0.4,300253,卫宁健康,wnjk,7.92,-2.82,3.11,9.44,83.9,0,49.82,175.52,710401,计算机,szcy,C,2021-03-31,[],0,0,buy,AA,,6.608,12.272,6.6,buy,2027-03-16,0.786,9.699,5132.61,39480.07,4.22,-5.78,,0,15:34:30,00,Y,N,1,1,Y,转股价下修1次，成功下修1次,2021-09-22 开始转股,计算使用0.8年期 评级为AA 债参考YTM：1.5024,N,9.703,全价：125.695 最后更新：15:34:30,,,,1,{'M': ''},0,0,N,,,buy,buy
2026-06-02 11:49:54,113699,金25转债,j25zz,181.103,5.08,603979,金诚信,jcx,76.35,4.15,4.09,63.46,120.31,0,50.53,231.63,240302,有色金属,shmb,C,2025-10-27,[],0,0,buy,AA,,44.422,82.498,4.2,buy,2031-09-26,5.321,19.999,59878.67,71456.22,16.63,-8.19,,0,14:59:59,00,Y,N,0,0,Y,,2026-04-10 开始转股,计算使用5.4年期 评级为AA 债参考YTM：2.0775,N,20.0,全价：181.103 最后更新：14:59:59,,,,0,{'M': ''},0,0,N,,,buy,buy
2026-06-02 11:49:54,123252,银邦转债,ybzz,147.34,0.68,300337,银邦股份,ybgf,12.24,0.16,5.61,12.51,97.84,0,50.59,197.93,240301,有色金属,szcy,C,2025-01-24,[],0,0,buy,AA-,,8.757,16.263,9.0,buy,2031-01-06,4.6,7.846,5238.17,31094.71,4.54,-4.86,,0,15:34:51,00,Y,N,0,0,Y,,2025-07-14 开始转股,计算使用4.6年期 评级为AA- 债参考YTM：2.5666,N,7.85,全价：147.340 最后更新：15:34:51,,,,0,{'M': ''},0,0,N,,,buy,buy
2026-06-02 11:49:54,123133,佩蒂转债,pdzz,133.621,0.39,300673,佩蒂股份,pdgf,15.36,-0.65,2.02,17.33,88.63,0,50.76,184.38,110404,农林牧渔,szcy,C,2022-01-21,[],0,0,buy,AA-,,12.131,22.529,29.2,buy,2027-12-22,1.556,7.198,3390.75,4674.17,3.54,-8.28,,0,15:34:39,00,Y,N,1,1,Y,转股价下修1次，成功下修1次,2022-06-28 开始转股,计算使用1.6年期 评级为AA- 债参考YTM：1.9147,N,7.2,全价：133.621 最后更新：15:34:39,,,,1,[],0,0,N,,,buy,buy
2026-06-02 11:49:54,113037,紫银转债,zyzz,109.779,0.01,601860,紫金银行,zjyh,2.62,-0.76,0.46,3.6,72.78,0,50.84,160.62,480501,银行,shmb,C,2020-08-17,[],0,0,buy,AA+,,,4.68,48.4,buy,2026-07-23,0.14,44.995,7252.71,9555.9,1.47,1.47,,0,14:59:50,00,Y,N,1,1,N,"转股价下修1次，成功下修1次
2026-06-01 至 2026-06-08 期间暂停转股：权益分派
转股价3.600生效日期2026-02-05",2021-01-29 开始转股;2026-06-01 至 2026-06-08 期间暂停转股：权益分派,计算使用0.2年期 评级为AA+ 债参考YTM：1.4266,N,45.0,全价：109.779 最后更新：14:59:50,,,,0,{'M': ''},0,0,N,,,buy,buy
2026-06-02 11:49:54,127112,尚太转债,stzz,170.706,3.46,001301,尚太科技,stkj,95.67,4.01,3.47,84.71,112.94,50,51.15,221.86,630702,电力设备,szmb,C,2026-02-05,[],0,0,buy,AA+,,59.297,110.123,9.8,buy,2032-01-15,5.625,17.34,35041.84,76280.85,11.97,-7.39,,0,15:34:15,00,Y,N,0,0,Y,,未到转股期；2026-07-22 开始转股,计算使用5.7年期 评级为AA+ 债参考YTM：1.8813,N,17.34,全价：170.706 最后更新：15:34:15,,,,0,[],0,0,N,,,buy,buy
2026-06-02 11:49:54,127049,希望转2,xwz2,111.803,-0.44,000876,新希望,xxw,7.8,-1.76,1.61,10.59,73.65,0,51.79,163.59,110702,农林牧渔,szmb,C,2021-11-29,[],0,0,buy,AAA,,7.413,13.767,23.2,buy,2027-11-02,1.419,81.434,10040.28,12643.79,1.1,-2.05,,0,15:34:42,00,Y,N,1,1,Y,转股价下修1次，成功下修1次,2022-05-09 开始转股,计算使用1.5年期 评级为AAA 债参考YTM：1.5053,N,81.5,全价：111.803 最后更新：15:34:42,,,,1,{'M': ''},0,0,N,,,buy,buy
2026-06-02 11:49:54,127104,姚记转债,yjzz,146.148,0.0,002605,姚记科技,yjkj,19.3,-1.53,2.04,20.06,96.21,0,51.9,198.05,720401,传媒,szmb,C,2024-02-26,[],0,0,buy,A+,,14.042,26.078,8.9,buy,2030-01-24,3.649,5.823,1547.29,11392.45,1.82,-5.32,,0,15:34:30,00,Y,N,0,0,N,2026-05-29 起暂停转股：权益分派,2024-07-31 开始转股;2026-05-29 起暂停转股：权益分派,计算使用3.7年期 评级为A+ 债参考YTM：4.8042,N,5.831,全价：146.148 最后更新：15:34:30,,,,0,[],0,0,N,,,buy,buy
2026-06-02 11:49:54,123144,裕兴转债,yxzz,130.499,0.54,300305,裕兴股份,yxgf,7.28,5.2,1.36,8.5,85.65,0,52.37,182.87,220505,基础化工,szcy,C,2022-04-27,[],0,0,buy,A,,5.95,11.05,25.6,buy,2028-04-11,1.86,5.997,8135.78,30524.41,10.39,-5.76,,0,15:34:42,00,Y,N,1,1,Y,转股价下修1次，成功下修1次,2022-10-17 开始转股,计算使用1.9年期 评级为A 债参考YTM：6.6663,N,6.0,全价：130.499 最后更新：15:34:42,,,,1,[],0,0,N,,,buy,buy
2026-06-02 11:49:54,128138,侨银转债,qyzz,129.723,0.04,002973,侨银股份,qygf,12.44,0.89,1.94,14.64,84.97,0,52.66,182.38,760103,环保,szmb,C,2020-12-24,[],0,0,buy,A+,,10.248,19.032,10.6,buy,2026-11-17,0.46,4.199,2515.76,9536.5,4.62,0.47,,0,15:34:36,00,Y,N,2,2,Y,转股价下修2次，成功下修2次,2021-05-24 开始转股,计算使用0.5年期 评级为A+ 债参考YTM：4.0522,N,4.2,全价：129.723 最后更新：15:34:36,,,,1,[],0,0,N,,,buy,buy
2026-06-02 11:49:54,118053,正帆转债,zfzz,153.28,2.68,688596,正帆科技,zfkj,38.47,0.97,3.02,38.35,100.31,0,52.8,206.08,640209,机械设备,shkc,C,2025-04-03,[],0,0,buy,AA,,26.845,49.855,9.2,buy,2031-03-18,4.795,10.409,23010.98,49406.44,14.49,-5.75,,0,14:59:57,00,Y,N,0,0,Y,,2025-09-24 开始转股,计算使用4.8年期 评级为AA 债参考YTM：2.0068,N,10.41,全价：153.280 最后更新：14:59:57,,,,0,{'M': ''},0,0,N,,,buy,buy
2026-06-02 11:49:54,127018,本钢转债,bgzz,118.736,0.06,000761,本钢板材,bgbc,2.55,-1.92,1.52,3.29,77.51,0,53.19,171.93,230402,钢铁,szmb,C,2020-08-04,[],0,0,buy,AAA,,2.303,4.277,59.5,buy,2026-06-29,0.074,56.309,20083.24,4931.33,3.0,3.01,,0,15:34:27,00,Y,N,1,1,Y,转股价下修1次，成功下修1次,2021-01-04 开始转股,计算使用0.1年期 评级为AAA 债参考YTM：1.4059,N,68.0,全价：118.736 最后更新：15:34:27,,,,1,"{'R': '到期\n最后交易日：2026-06-23\n最后转股日：2026-06-26\n债券到期日：2026-06-29\n到期赎回价：119.000元/张', 'M': ''}",0,0,N,,,buy,buy
2026-06-02 11:49:54,123112,万讯转债,wxzz,129.465,-0.51,300112,万讯自控,wxzk,7.01,-3.31,2.07,8.3,84.46,0,53.29,182.76,640107,机械设备,szcy,C,2021-04-23,[],0,0,buy,AA-,,5.81,10.79,13.6,buy,2027-04-08,0.849,2.265,3283.61,5815.19,11.2,-10.46,,0,15:34:36,00,Y,N,0,0,Y,,2021-10-14 开始转股,计算使用0.9年期 评级为AA- 债参考YTM：1.7815,N,2.457,全价：129.465 最后更新：15:34:36,,,,1,[],0,0,N,,,buy,buy
2026-06-02 11:49:54,123165,回天转债,htzz,139.662,-0.39,300041,回天新材,htxc,13.8,-1.5,2.45,15.2,90.79,0,53.83,193.49,220316,基础化工,szcy,C,2022-11-15,[],0,0,buy,AA-,,10.64,19.76,11.3,buy,2028-10-27,2.406,8.497,6869.31,56217.06,5.79,-6.72,,0,15:34:36,00,Y,N,0,0,Y,,2023-05-04 开始转股,计算使用2.5年期 评级为AA- 债参考YTM：2.1471,N,8.5,全价：139.662 最后更新：15:34:36,,,,0,{'M': ''},0,0,N,,,buy,buy
2026-06-02 11:49:54,123195,蓝晓转02,lxz02,147.96,-1.1,300487,蓝晓科技,lxkj,56.86,-3.59,6.29,59.38,95.76,0,54.52,202.48,220504,基础化工,szcy,C,2023-05-08,[],0,0,buy,A+,,41.566,77.194,3.1,buy,2029-04-17,2.877,5.458,2163.63,29281.41,2.69,-7.34,,0,15:34:06,00,Y,N,0,0,Y,,2023-10-23 开始转股,计算使用2.9年期 评级为A+ 债参考YTM：4.6461,N,5.461,全价：147.960 最后更新：15:34:06,,,,0,{'M': ''},0,0,N,,,buy,buy
2026-06-02 11:49:54,127054,双箭转债,sjzz,127.86,-0.56,002381,双箭股份,sjgf,5.84,-3.47,1.11,7.06,82.72,0,54.57,182.43,220602,基础化工,szmb,C,2022-03-15,[],0,0,buy,AA,,4.942,9.178,27.4,buy,2028-02-11,1.696,5.136,3450.77,3264.43,5.26,-6.71,,0,15:34:48,00,Y,N,0,0,Y,,2022-08-17 开始转股,计算使用1.7年期 评级为AA 债参考YTM：1.6120,N,5.136,全价：127.860 最后更新：15:34:48,,,,1,[],0,0,N,,,buy,buy
2026-06-02 11:49:54,111003,聚合转债,jhzz,139.565,-0.58,605166,聚合顺,jhs,10.26,-3.84,1.61,11.37,90.24,0,54.66,194.23,220406,基础化工,shmb,C,2022-04-19,[],0,0,buy,AA-,,7.959,14.781,6.3,buy,2028-03-07,1.764,2.035,3046.74,17304.83,10.66,-9.41,,0,14:59:48,00,Y,N,1,1,Y,转股价下修1次，成功下修1次,2022-09-13 开始转股,计算使用1.8年期 评级为AA- 债参考YTM：1.9562,N,2.04,全价：139.565 最后更新：14:59:48,,,,1,[],0,0,N,,,buy,buy
2026-06-02 11:49:54,110095,双良转债,slzz,126.249,-1.44,600481,双良节能,sljn,5.04,-5.79,2.34,6.18,81.55,0,54.81,181.06,630501,电力设备,shmb,C,2023-09-08,[],0,0,buy,AA-,,4.326,8.034,13.5,buy,2029-08-08,3.186,14.006,15521.79,73979.93,8.81,-3.14,,0,14:59:56,00,Y,N,2,2,Y,转股价下修2次，成功下修2次,2024-02-19 开始转股,计算使用3.2年期 评级为AA- 债参考YTM：2.3855,N,26.0,全价：126.249 最后更新：14:59:56,,,,0,{'M': ''},0,0,N,,,buy,buy
2026-06-02 11:49:54,123215,铭利转债,mlzz,133.679,-0.41,301268,铭利达,mld,16.55,-2.76,4.2,19.2,86.2,0,55.08,188.76,640108,机械设备,szcy,C,2023-08-23,[],0,0,buy,AA-,,13.44,24.96,14.3,buy,2029-08-03,3.173,8.555,5574.87,8160.24,4.88,-2.77,,0,15:33:54,00,Y,N,1,1,Y,转股价下修1次，成功下修1次,2024-02-19 开始转股,计算使用3.2年期 评级为AA- 债参考YTM：2.3855,N,10.0,全价：133.679 最后更新：15:33:54,,,,0,{'M': ''},0,0,N,,,buy,buy
2026-06-02 11:49:54,110090,爱迪转债,adzz,137.997,1.45,600933,爱柯迪,akd,15.61,-0.95,1.62,17.55,88.95,0,55.15,193.15,280203,汽车,shmb,C,2022-10-28,[],0,0,buy,AA,,12.285,22.815,10.2,buy,2028-09-23,2.312,15.695,7900.73,16301.32,3.67,-8.48,,0,14:59:55,00,Y,N,0,0,Y,,2023-03-29 开始转股,计算使用2.4年期 评级为AA 债参考YTM：1.6982,N,15.7,全价：137.997 最后更新：14:59:55,,,,0,{'M': ''},0,0,N,,,buy,buy
2026-06-02 11:49:54,118037,上声转债,sszz,134.547,0.41,688533,上声电子,ssdz,25.12,-1.88,2.28,28.99,86.65,0,55.28,189.83,280206,汽车,shkc,C,2023-08-01,[],0,0,buy,A+,,20.293,37.687,11.3,buy,2029-07-06,3.096,4.679,1482.08,2974.19,2.36,-4.89,,0,14:59:58,00,Y,N,2,1,N,"转股价下修2次，成功下修1次
2026-05-28 至 2026-06-05 期间暂停转股：权益分派
转股价28.990生效日期2026-02-06",2024-01-12 开始转股;2026-05-28 至 2026-06-05 期间暂停转股：权益分派,计算使用3.1年期 评级为A+ 债参考YTM：4.7129,N,5.2,全价：134.547 最后更新：14:59:58,,,,0,{'M': ''},0,0,N,,,buy,buy
2026-06-02 11:49:54,123224,宇邦转债,ybzz,138.463,-0.68,301266,宇邦新材,ybxc,25.07,-3.28,1.92,28.17,89.0,0,55.58,194.04,630504,电力设备,szcy,C,2023-10-18,[],0,0,buy,A+,,19.719,36.621,8.4,buy,2029-09-19,3.301,2.848,3401.28,9528.26,8.64,-4.4,,0,15:34:00,00,Y,N,1,1,Y,转股价下修1次，成功下修1次,2024-03-25 开始转股,计算使用3.4年期 评级为A+ 债参考YTM：4.7720,N,5.0,全价：138.463 最后更新：15:34:00,,,,0,"{'G': '本次（2026年1月30日至2026年3月11日）不提前赎回，自2026年6月11日后首个交易日重新计算', 'M': ''}",0,0,N,,,buy,buy
2026-06-02 11:49:54,123119,康泰转2,ktz2,122.959,-0.32,300601,康泰生物,ktsw,12.43,-2.05,1.44,15.73,79.02,0,55.6,178.56,370303,医药生物,szcy,C,2021-08-05,[],0,0,buy,AA,,11.011,20.449,17.9,buy,2027-07-15,1.118,19.99,5563.16,12048.69,2.27,-6.8,,0,15:34:33,00,Y,N,5,5,Y,转股价下修5次，成功下修5次,2022-01-21 开始转股,计算使用1.2年期 评级为AA 债参考YTM：1.5538,N,20.0,全价：122.959 最后更新：15:34:33,,,,1,{'M': ''},0,0,N,,,buy,buy
2026-06-02 11:49:54,113696,伯25转债,b25zz,141.404,0.47,603596,伯特利,btl,31.93,-0.56,3.47,35.16,90.81,0,55.71,197.11,280203,汽车,shmb,C,2025-07-28,[],0,0,buy,AA,,24.612,45.708,9.8,buy,2031-07-01,5.082,28.019,4544.66,57349.99,1.15,-4.28,,0,14:59:23,00,Y,N,0,0,Y,,2026-01-07 开始转股,计算使用5.1年期 评级为AA 债参考YTM：2.0345,N,28.02,全价：141.404 最后更新：14:59:23,,,,0,{'M': ''},0,0,N,,,buy,buy
2026-06-02 11:49:54,110073,国投转债,gtzz,106.8,-0.01,600061,国投资本,gtzb,6.46,-0.46,0.72,9.42,68.58,0,55.74,162.54,490101,非银金融,shmb,C,2020-08-20,[],0,0,buy,AAA,,,12.246,19.4,buy,2026-07-24,0.143,79.991,8894.35,22129.28,1.04,1.34,,0,14:59:59,00,Y,N,0,0,Y,,2021-02-01 开始转股,计算使用0.2年期 评级为AAA 债参考YTM：1.4065,N,80.0,全价：106.800 最后更新：14:59:59,,,,0,{'M': ''},0,0,N,,,buy,buy
2026-06-02 11:49:54,127069,小熊转债,xxzz,133.645,-0.07,002959,小熊电器,xxdq,37.45,-0.95,1.86,43.71,85.68,0,55.98,189.63,330301,家用电器,szmb,C,2022-09-07,[],0,0,buy,AA-,,30.597,56.823,8.9,buy,2028-08-12,2.197,5.041,1387.64,2224.49,2.06,-5.22,,0,15:34:00,00,Y,N,1,1,Y,转股价下修1次，成功下修1次,2023-02-20 开始转股,计算使用2.2年期 评级为AA- 债参考YTM：2.0461,N,5.36,全价：133.645 最后更新：15:34:00,,,,0,{'M': ''},0,0,N,,,buy,buy
2026-06-02 11:49:54,113698,凯众转债,kzzz,154.78,0.52,603037,凯众股份,kzgf,12.65,-2.24,3.28,12.75,99.22,0,56.0,210.78,280203,汽车,shmb,C,2025-09-10,[],0,0,buy,AA-,,8.925,16.575,9.1,buy,2031-08-15,5.206,3.079,6645.8,8499.05,13.96,-5.83,,0,14:59:59,00,Y,N,0,0,Y,,2026-02-24 开始转股,计算使用5.3年期 评级为AA- 债参考YTM：2.7877,N,3.08,全价：154.780 最后更新：14:59:59,,,,0,[],0,0,N,,,buy,buy
2026-06-02 11:49:54,118062,天准转债,tzzz,273.827,3.57,688003,天准科技,tzkj,97.81,3.28,9.46,55.73,175.51,16,56.02,329.85,640704,机械设备,shkc,C,2025-12-31,[],0,0,buy,AA-,,39.011,66.876,4.6,buy,2031-12-11,5.529,8.72,89407.71,57593.68,36.96,-14.56,,0,14:59:59,00,Y,N,0,0,Y,,未到转股期；2026-06-18 开始转股,计算使用5.6年期 评级为AA- 债参考YTM：3.0865,N,8.72,全价：273.827 最后更新：14:59:59,,,,0,{'M': ''},0,0,N,120%,,buy,buy
2026-06-02 11:49:54,123194,百洋转债,byzz,132.358,-0.19,301015,百洋医药,byyy,21.01,-3.71,4.27,24.79,84.75,0,56.17,188.53,370402,医药生物,szcy,C,2023-05-05,[],0,0,buy,AA-,,17.353,32.227,7.7,buy,2029-04-14,2.869,8.459,5308.85,8610.96,4.74,-4.42,,0,15:34:00,00,Y,N,0,0,Y,,2023-10-20 开始转股,计算使用2.9年期 评级为AA- 债参考YTM：2.2972,N,8.6,全价：132.358 最后更新：15:34:00,,,,0,{'M': ''},0,0,N,,,buy,buy
2026-06-02 11:49:54,113053,隆22转债,l22zz,120.346,-0.14,601012,隆基绿能,ljln,13.48,-1.46,2.01,17.5,77.03,0,56.24,176.59,630502,电力设备,shmb,C,2022-02-17,[],0,0,buy,AAA,,12.25,22.75,6.8,buy,2028-01-05,1.595,69.951,11298.06,195026.96,1.34,-6.3,,0,14:59:45,00,Y,N,1,1,Y,转股价下修1次，成功下修1次,2022-07-11 开始转股,计算使用1.6年期 评级为AAA 债参考YTM：1.5115,N,70.0,全价：120.346 最后更新：14:59:45,,,,1,{'M': ''},0,0,N,,,buy,buy
2026-06-02 11:49:54,127031,洋丰转债,yfzz,120.7,-0.25,000902,新洋丰,xyf,13.02,-1.36,1.32,16.89,77.09,0,56.58,177.28,220805,基础化工,szmb,C,2021-04-23,[],0,0,buy,AA,,11.823,21.957,6.7,buy,2027-03-25,0.811,9.999,3059.09,13837.99,2.54,-8.92,,0,15:34:09,00,Y,N,1,1,Y,转股价下修1次，成功下修1次,2021-10-08 开始转股,计算使用0.9年期 评级为AA 债参考YTM：1.5155,N,10.0,全价：120.700 最后更新：15:34:09,,,,1,{'M': ''},0,0,N,,,buy,buy
2026-06-02 11:49:54,118036,力合转债,lhzz,136.81,-0.49,688589,力合微,lhw,20.84,-3.16,2.9,23.93,87.09,0,57.1,193.91,270104,电子,shkc,C,2023-07-20,[],0,0,buy,AA-,,16.751,31.109,12.5,buy,2029-06-28,3.074,3.8,3633.98,10221.94,6.99,-4.45,,0,14:59:50,00,Y,N,1,1,Y,转股价下修1次，成功下修1次,2024-01-04 开始转股,计算使用3.1年期 评级为AA- 债参考YTM：2.3619,N,3.8,全价：136.810 最后更新：14:59:50,,,,0,{'M': ''},0,0,N,,,buy,buy
2026-06-02 11:49:54,113674,华设转债,hszz,133.352,0.12,603018,华设集团,hsjt,7.17,-1.51,0.9,8.45,84.85,0,57.16,190.51,620601,建筑装饰,shmb,C,2023-08-15,[],0,0,buy,AA,,5.915,10.985,8.2,buy,2029-07-21,3.137,3.999,1965.72,2886.02,3.69,-4.36,,0,14:59:57,00,Y,N,0,0,Y,,2024-01-29 开始转股,计算使用3.2年期 评级为AA 债参考YTM：1.8099,N,4.0,全价：133.352 最后更新：14:59:57,,,,0,{'M': ''},0,0,N,,,buy,buy
2026-06-02 11:49:54,113694,清源转债,qyzz,132.28,-0.87,603628,清源股份,qygf,10.8,-2.53,2.22,12.86,83.98,0,57.51,189.79,630504,电力设备,shmb,C,2025-04-25,[],0,0,buy,A+,,9.002,16.718,17.0,buy,2031-04-08,4.852,5.0,2335.71,4832.23,3.53,-2.24,,0,14:59:51,00,Y,N,0,0,Y,,2025-10-14 开始转股,计算使用4.9年期 评级为A+ 债参考YTM：4.9607,N,5.0,全价：132.280 最后更新：14:59:51,,,,0,{'M': ''},0,0,N,,,buy,buy
2026-06-02 11:49:54,123109,昌红转债,chzz,140.9,2.8,300151,昌红科技,chkj,23.75,3.22,7.64,26.64,89.15,0,58.05,198.95,640209,机械设备,szcy,C,2021-04-19,[],0,0,buy,AA-,,18.648,34.632,5.2,buy,2027-04-01,0.83,4.595,5286.51,65329.89,8.28,-22.22,,0,15:34:33,00,Y,N,0,0,Y,,2021-10-08 开始转股,计算使用0.9年期 评级为AA- 债参考YTM：1.7815,N,4.6,全价：140.900 最后更新：15:34:33,,,,1,{'M': ''},0,0,N,,,buy,buy
2026-06-02 11:49:54,127113,长高转债,cgzz,165.0,-0.39,002452,长高电新,cgdx,11.4,-3.8,2.52,10.92,104.4,104,58.05,223.05,630801,电力设备,szmb,C,2026-03-30,[],0,0,buy,AA-,,7.644,14.196,12.9,buy,2032-03-08,5.77,7.586,6808.47,36422.33,5.52,-6.32,,0,15:34:36,00,Y,N,0,0,Y,,未到转股期；2026-09-14 开始转股,计算使用5.8年期 评级为AA- 债参考YTM：3.2821,N,7.59,全价：165.000 最后更新：15:34:36,,,,0,{'M': ''},0,0,N,,,buy,buy
2026-06-02 11:49:54,113659,莱克转债,lkzz,131.034,-0.63,603355,莱克电气,lkdq,26.21,-3.53,2.62,31.72,82.63,0,58.58,189.61,330302,家用电器,shmb,C,2022-11-15,[],0,0,buy,AA,,22.204,41.236,8.0,buy,2028-10-14,2.37,11.998,9119.4,6769.18,5.82,-6.06,,0,14:59:03,00,Y,N,0,0,Y,,2023-04-20 开始转股,计算使用2.4年期 评级为AA 债参考YTM：1.6982,N,12.0,全价：131.034 最后更新：14:59:03,,,,0,{'M': ''},0,0,N,,,buy,buy
2026-06-02 11:49:54,111024,澳弘转债,ahzz,185.963,0.31,605058,澳弘电子,ahdz,39.66,-1.54,3.08,34.04,116.51,15,59.61,245.57,270202,电子,shmb,C,2026-01-16,[],0,0,buy,AA-,,23.828,44.252,10.2,buy,2031-12-10,5.526,5.8,9650.05,26489.1,8.97,-8.32,,0,14:59:45,00,Y,N,0,0,Y,,未到转股期；2026-06-17 开始转股,计算使用5.6年期 评级为AA- 债参考YTM：3.0865,N,5.8,全价：185.963 最后更新：14:59:45,,,,0,[],0,0,N,,,buy,buy
2026-06-02 11:49:54,127089,晶澳转债,jazz,120.0,-0.62,002459,晶澳科技,jakj,8.76,-3.31,1.36,11.66,75.13,0,59.73,179.73,630502,电力设备,szmb,C,2023-08-04,[],0,0,buy,AA+,,8.162,15.158,30.9,buy,2029-07-18,3.129,89.588,7004.71,50447.38,0.65,-2.25,,0,15:34:03,00,Y,N,2,1,Y,转股价下修2次，成功下修1次,2024-01-24 开始转股,计算使用3.2年期 评级为AA+ 债参考YTM：1.6884,N,89.603,全价：120.000 最后更新：15:34:03,,,,0,{'M': ''},0,0,N,,,buy,buy
2026-06-02 11:49:54,113665,汇通转债,htzz,131.288,-0.63,603176,汇通集团,htjt,5.14,-4.1,2.17,6.29,81.72,0,60.66,191.95,620306,建筑装饰,shmb,C,2023-01-11,[],0,0,buy,AA-,,4.403,8.177,15.1,buy,2028-12-15,2.54,3.596,3872.34,2860.58,8.2,-4.02,,0,14:58:52,00,Y,N,1,1,Y,转股价下修1次，成功下修1次,2023-06-21 开始转股,计算使用2.6年期 评级为AA- 债参考YTM：2.1846,N,3.6,全价：131.288 最后更新：14:58:52,,,,0,[],0,0,N,,,buy,buy
2026-06-02 11:49:54,123124,晶瑞转2,jrz2,139.831,0.88,300655,晶瑞电材,jrdc,14.5,-0.41,5.83,16.69,86.88,0,60.95,200.78,270601,电子,szcy,C,2021-09-07,[],0,0,buy,A+,,11.683,21.697,3.4,buy,2027-08-16,1.206,5.225,4371.54,62214.62,6.01,-19.0,,1,15:34:33,00,Y,N,0,0,Y,,2022-02-21 开始转股,计算使用1.3年期 评级为A+ 债参考YTM：4.1880,N,5.23,全价：139.831 最后更新：15:34:33,,,,1,{'M': ''},0,0,N,,23年6月前不下修,buy,buy
2026-06-02 11:49:54,127059,永东转2,ydz2,130.695,0.18,002753,永东股份,ydgf,6.62,-0.75,1.06,8.16,81.13,0,61.1,191.8,220603,基础化工,szmb,C,2022-05-16,[],0,0,buy,AA-,,5.712,10.608,23.6,buy,2028-04-08,1.852,3.79,2147.65,3490.17,4.35,-5.86,,0,15:33:57,00,Y,N,0,0,N,2026-05-29 至 2026-06-05 期间暂停转股：权益分派,2022-10-14 开始转股;2026-05-29 至 2026-06-05 期间暂停转股：权益分派,计算使用1.9年期 评级为AA- 债参考YTM：1.9766,N,3.8,全价：130.695 最后更新：15:33:57,,,,1,[],0,0,N,,,buy,buy
2026-06-02 11:49:54,123114,三角转债,sjzz,124.103,-0.46,300775,三角防务,sjfw,24.16,-2.74,2.19,31.39,76.97,0,61.24,185.34,650201,国防军工,szcy,C,2021-06-11,[],0,0,buy,AA-,,21.973,40.807,7.0,buy,2027-05-25,0.978,8.999,5342.47,35112.39,4.78,-7.52,,0,15:34:39,00,Y,N,0,0,Y,,2021-11-30 开始转股,计算使用1.0年期 评级为AA- 债参考YTM：1.7989,N,9.044,全价：124.103 最后更新：15:34:39,,,,1,{'M': ''},0,0,N,,,buy,buy
2026-06-02 11:49:54,123268,本川转债,bczz,237.467,2.67,300964,本川智能,bczn,111.66,4.85,8.35,75.88,147.15,143,61.37,298.84,270202,电子,szcy,C,2026-05-07,[],0,0,buy,AA-,,53.116,98.644,7.5,buy,2032-04-16,5.877,4.69,120236.49,108168.44,109.41,-11.23,,0,15:34:00,00,Y,N,0,0,Y,,未到转股期；2026-10-23 开始转股,计算使用5.9年期 评级为AA- 债参考YTM：3.3612,N,4.69,全价：237.467 最后更新：15:34:00,,,,0,{'M': ''},0,0,N,,,buy,buy
2026-06-02 11:49:54,118064,联瑞转债,lrzz,468.412,0.53,688300,联瑞新材,lrxc,183.52,5.17,24.22,63.55,288.78,42,62.2,530.61,220901,基础化工,shkc,C,2026-01-28,[],0,0,buy,AA,,44.485,82.615,1.6,buy,2032-01-07,5.603,6.95,231398.64,207610.6,70.09,-22.52,,0,15:00:00,00,Y,N,0,0,Y,,未到转股期；2026-07-14 开始转股,计算使用5.7年期 评级为AA 债参考YTM：2.1293,N,6.95,全价：468.412 最后更新：15:00:00,,,,0,{'M': ''},0,0,N,,,buy,buy
2026-06-02 11:49:54,113671,武进转债,wjzz,137.448,-0.22,603878,武进不锈,wjbx,6.68,-3.05,1.44,7.93,84.24,0,63.17,200.62,230403,钢铁,shmb,C,2023-08-03,[],0,0,buy,AA,,5.551,10.309,8.3,buy,2029-07-10,3.107,3.093,3372.32,7243.43,7.95,-5.89,,0,14:59:50,00,Y,N,0,0,Y,,2024-01-15 开始转股,计算使用3.2年期 评级为AA 债参考YTM：1.8099,N,3.1,全价：137.448 最后更新：14:59:50,,,,0,[],0,0,N,,,buy,buy
2026-06-02 11:49:54,127102,浙建转债,zjzz,126.5,-0.11,002761,浙江建投,zjjt,7.9,-1.62,0.98,10.22,77.3,0,63.65,190.15,620101,建筑装饰,szmb,C,2024-01-16,[],0,0,buy,AA+,,7.154,13.286,11.6,buy,2029-12-25,3.567,9.951,1556.13,6987.05,1.24,-3.44,,0,15:34:09,00,Y,N,0,0,Y,,2024-07-01 开始转股,计算使用3.6年期 评级为AA+ 债参考YTM：1.7193,N,10.0,全价：126.500 最后更新：15:34:09,,,,0,{'M': ''},0,0,N,,,buy,buy
2026-06-02 11:49:54,118052,浩瀚转债,hhzz,151.775,0.58,688292,浩瀚深度,hhsd,22.41,-3.61,3.52,24.26,92.37,0,64.3,216.08,710103,计算机,shkc,C,2025-04-07,[],0,0,buy,A+,,16.982,31.538,10.0,buy,2031-03-13,4.781,3.539,3638.58,9962.54,6.82,-4.92,,0,14:59:47,00,Y,N,0,0,N,2026-06-02 起暂停转股：权益分派,2025-09-19 开始转股;2026-06-02 起暂停转股：权益分派,计算使用4.8年期 评级为A+ 债参考YTM：4.9478,N,3.54,全价：151.775 最后更新：14:59:47,,,,0,{'M': ''},0,0,N,,,buy,buy
2026-06-02 11:49:54,127072,博实转债,bszz,136.933,0.54,002698,博实股份,bsgf,12.54,-0.63,3.02,15.06,83.27,0,64.45,201.38,640701,机械设备,szmb,C,2022-11-03,[],0,0,buy,AA,,10.542,19.578,4.3,buy,2028-09-22,2.31,4.498,1721.1,8136.8,2.8,-7.3,,0,15:33:54,00,Y,N,0,0,Y,,2023-03-28 开始转股,计算使用2.4年期 评级为AA 债参考YTM：1.6982,N,4.5,全价：136.933 最后更新：15:33:54,,,,0,{'M': ''},0,0,N,,,buy,buy
2026-06-02 11:49:54,123173,恒锋转债,hfzz,132.582,-0.59,300605,恒锋信息,hfxx,11.03,-4.58,3.96,13.77,80.1,0,65.52,198.1,710401,计算机,szcy,C,2023-02-08,[],0,0,buy,A-,,9.639,17.901,16.7,buy,2028-12-30,2.581,2.331,1580.13,8249.27,5.12,-4.09,,0,15:34:48,00,Y,N,0,0,Y,,2023-07-06 开始转股,计算使用2.6年期 评级为A- 债参考YTM：9.2297,N,2.424,全价：132.582 最后更新：15:34:48,,,,0,[],0,0,N,,,buy,buy
2026-06-02 11:49:54,110093,神马转债,smzz,118.601,-0.76,600810,神马股份,smgf,5.78,-4.3,0.68,8.08,71.54,0,65.8,184.4,220406,基础化工,shmb,C,2023-04-20,[],0,0,buy,AAA,,5.656,10.504,35.5,buy,2029-03-16,2.789,22.199,3536.15,10915.5,1.34,-2.7,,0,14:59:50,00,Y,N,0,0,Y,,2023-09-22 开始转股,计算使用2.8年期 评级为AAA 债参考YTM：1.6043,N,30.0,全价：118.601 最后更新：14:59:50,,,,0,{'M': ''},0,0,N,,,buy,buy
2026-06-02 11:49:54,118027,宏图转债,htzz,96.331,4.56,688066,*ST航图,htht,14.21,-1.32,-3.24,24.55,57.88,0,66.43,162.76,710301,计算机,shkc,C,2022-12-22,[],0,0,buy,BB+,,17.185,31.915,27.2,buy,2028-11-28,2.493,10.087,60863.78,13941.39,64.42,9.04,,0,14:59:59,00,Y,N,2,2,Y,转股价下修2次，成功下修2次,2023-06-02 开始转股,,N,10.088,全价：96.331 最后更新：14:59:59,,,,0,[],0,0,N,,,buy,buy
2026-06-02 11:49:54,123261,普联转债,plzz,157.48,-0.79,300996,普联软件,plrj,12.27,-2.93,3.67,12.97,94.6,9,66.46,223.94,710401,计算机,szcy,C,2025-12-22,[],0,0,buy,A+,,9.079,16.861,5.9,buy,2031-12-05,5.512,2.429,4231.06,14810.99,11.11,-5.04,,0,15:34:33,00,Y,N,0,0,Y,,未到转股期；2026-06-11 开始转股,计算使用5.6年期 评级为A+ 债参考YTM：5.4355,N,2.43,全价：157.480 最后更新：15:34:33,,,,0,{'M': ''},0,0,N,,,buy,buy
2026-06-02 11:49:54,123065,宝莱转债,blzz,123.68,1.15,300246,宝莱特,blt,17.62,5.38,4.13,23.8,74.03,0,67.06,190.74,370502,医药生物,szcy,C,2020-09-24,[],0,0,buy,AA-,,16.66,30.94,5.9,buy,2026-09-04,0.258,2.18,2716.41,25799.06,10.17,-27.54,,0,15:34:27,00,Y,N,1,1,Y,转股价下修1次，成功下修1次,2021-03-11 开始转股,计算使用0.3年期 评级为AA- 债参考YTM：1.6521,N,2.19,全价：123.680 最后更新：15:34:27,,,,0,[],0,0,N,,,buy,buy
2026-06-02 11:49:54,123223,九典转02,jdz02,138.6,0.44,300705,九典制药,jdzy,12.03,1.52,2.23,14.55,82.68,0,67.63,206.23,370102,医药生物,szcy,C,2023-10-13,[],0,0,buy,A+,,10.185,18.915,4.6,buy,2029-09-15,3.29,2.053,1294.87,10386.03,4.55,-4.88,,0,15:34:12,00,Y,N,0,0,Y,,2024-03-21 开始转股,计算使用3.3年期 评级为A+ 债参考YTM：4.7568,N,3.6,全价：138.600 最后更新：15:34:12,,,,0,[],0,0,N,,,buy,buy
2026-06-02 11:49:54,113692,保隆转债,blzz,132.4,0.27,603197,保隆科技,blkj,31.03,-2.7,2.03,39.35,78.86,0,67.9,200.3,280205,汽车,shmb,C,2024-11-27,[],0,0,buy,AA,,27.545,51.155,21.2,buy,2030-10-31,4.416,13.897,4820.49,13167.71,2.62,-3.49,,0,14:59:51,00,Y,N,0,0,Y,,2025-05-06 开始转股,计算使用4.5年期 评级为AA 债参考YTM：1.9835,N,13.9,全价：132.400 最后更新：14:59:51,,,,0,{'M': ''},0,0,N,,,buy,buy
2026-06-02 11:49:54,123269,金杨转债,jyzz,165.0,0.56,301210,金杨精密,jygf,38.88,-1.19,2.37,39.8,97.69,146,68.9,233.9,630701,电力设备,szcy,C,2026-05-11,[],0,0,buy,AA-,,27.86,51.74,58.0,buy,2032-04-19,5.885,9.8,9916.78,8379.68,6.18,-6.2,,0,15:34:24,00,Y,N,0,0,Y,,未到转股期；2026-10-26 开始转股,计算使用5.9年期 评级为AA- 债参考YTM：3.3612,N,9.8,全价：165.000 最后更新：15:34:24,,,,0,{'M': ''},0,0,N,,,buy,buy
2026-06-02 11:49:54,127050,麒麟转债,qlzz,130.624,-0.21,002984,森麒麟,sql,14.93,-2.1,1.12,19.36,77.12,0,69.38,200.0,280204,汽车,szmb,C,2021-12-06,[],0,0,buy,AA,,13.552,25.168,19.6,buy,2027-11-11,1.444,20.86,3736.14,16616.11,1.37,-10.34,,0,15:34:45,00,Y,N,2,1,Y,转股价下修2次，成功下修1次,2022-05-17 开始转股,计算使用1.5年期 评级为AA 债参考YTM：1.5891,Y,21.989,全价：130.624 最后更新：15:34:45,,,"按下调到底估算
股东大会：2026-06-15
预估转股价：15.90
预估转股价值：93.90
期权价值：10.11
理论价值：119.43
理论偏离度：8.57%",1,{'M': ''},0,0,N,,,buy,buy
2026-06-02 11:49:54,110100,龙建转债,ljzz,133.256,0.04,600853,龙建股份,ljgf,3.62,-1.63,0.88,4.63,78.19,56,70.44,203.7,620306,建筑装饰,shmb,C,2026-02-12,[],0,0,buy,AA,,3.241,6.019,27.3,buy,2032-01-21,5.641,10.0,2314.26,2523.96,1.74,-2.83,,0,14:59:27,00,Y,N,0,0,Y,,未到转股期；2026-07-28 开始转股,计算使用5.7年期 评级为AA 债参考YTM：2.1293,N,10.0,全价：133.256 最后更新：14:59:27,,,,0,[],0,0,N,,,buy,buy
2026-06-02 11:49:54,127111,金威转债,jwzz,131.2,-0.46,002626,金达威,jdw,15.08,-1.57,2.05,19.59,76.98,0,70.44,201.64,340407,食品饮料,szmb,C,2025-09-08,[],0,0,buy,AA,,13.713,25.467,14.1,buy,2031-08-20,5.219,12.924,3418.94,4616.68,2.02,-2.77,,0,15:34:15,00,Y,N,0,0,N,2026-06-01 起暂停转股：权益分派,2026-02-26 开始转股;2026-06-01 起暂停转股：权益分派,计算使用5.3年期 评级为AA 债参考YTM：2.0617,N,12.924,全价：131.200 最后更新：15:34:15,,,,0,{'M': ''},0,0,N,,,buy,buy
2026-06-02 11:49:54,123214,东宝转债,dbzz,133.27,-0.8,300239,东宝生物,dbsw,5.16,-4.44,1.76,6.62,77.95,0,70.98,204.25,370304,医药生物,szcy,C,2023-08-18,[],0,0,buy,A+,,4.634,8.606,14.9,buy,2029-07-31,3.164,4.549,1877.68,7816.49,3.1,-3.99,,0,15:34:12,00,Y,N,0,0,Y,,2024-02-05 开始转股,计算使用3.2年期 评级为A+ 债参考YTM：4.7375,N,4.55,全价：133.270 最后更新：15:34:12,,,,0,[],0,0,N,,,buy,buy
2026-06-02 11:49:54,113636,甬金转债,yjzz,129.849,0.17,603995,甬金股份,yjgf,20.21,-1.37,1.23,26.74,75.58,0,71.8,201.65,230501,钢铁,shmb,C,2021-12-31,[],0,0,buy,AA-,,18.718,34.762,13.5,buy,2027-12-13,1.532,9.995,3462.8,19962.09,2.67,-6.4,,0,14:59:54,00,Y,N,1,1,N,"转股价下修1次，成功下修1次
2026-05-29 至 2026-06-04 期间暂停转股：权益分派
转股价26.740生效日期2025-09-23",2022-06-17 开始转股;2026-05-29 至 2026-06-04 期间暂停转股：权益分派,计算使用1.6年期 评级为AA- 债参考YTM：1.9147,N,10.0,全价：129.849 最后更新：14:59:54,,,,1,{'M': ''},0,0,N,,,buy,buy
2026-06-02 11:49:54,111021,奥锐转债,arzz,135.04,0.09,605116,奥锐特,art,19.46,-2.51,2.91,24.94,78.03,0,73.07,208.11,370101,医药生物,shmb,C,2024-08-15,[],0,0,buy,AA-,,17.458,32.422,10.3,buy,2030-07-26,4.151,8.121,2949.56,5827.52,2.69,-2.92,,0,14:59:50,00,Y,N,0,0,Y,,2025-02-05 开始转股,计算使用4.2年期 评级为AA- 债参考YTM：2.5090,N,8.121,全价：135.040 最后更新：14:59:50,,,,0,[],0,0,N,,,buy,buy
2026-06-02 11:49:54,118063,金05转债,j05zz,189.363,-0.43,688676,金盘科技,jpkj,96.25,-4.41,8.26,88.6,108.63,29,74.31,263.67,630801,电力设备,shkc,C,2026-01-14,[],0,0,buy,AA+,,62.02,115.18,3.8,buy,2031-12-24,5.564,16.71,16773.13,201464.21,5.36,-9.17,,0,14:59:58,00,Y,N,0,0,Y,,未到转股期；2026-07-01 开始转股,计算使用5.6年期 评级为AA+ 债参考YTM：1.8676,N,16.71,全价：189.363 最后更新：14:59:58,,,,0,{'M': ''},0,0,N,,,buy,buy
2026-06-02 11:49:54,127038,国微转债,gwzz,136.5,1.04,002049,紫光国微,zggw,76.19,-0.42,4.59,97.3,78.3,0,74.32,210.82,270104,电子,szmb,C,2021-07-14,[],0,0,buy,AA+,,68.11,126.49,2.3,buy,2027-06-10,1.022,14.915,7362.68,240796.71,3.63,-18.02,,0,15:34:12,00,Y,N,0,0,Y,,2021-12-17 开始转股,计算使用1.1年期 评级为AA+ 债参考YTM：1.4947,N,15.0,全价：136.500 最后更新：15:34:12,,,,0,{'M': ''},0,0,N,,,buy,buy
2026-06-02 11:49:54,123220,易瑞转债,yrzz,132.175,-0.56,300942,易瑞生物,yrsw,6.72,-2.61,3.05,8.87,75.76,0,74.46,206.64,370504,医药生物,szcy,C,2023-09-06,[],0,0,buy,A+,,6.209,11.531,10.7,buy,2029-08-18,3.214,2.907,938.39,3456.78,2.44,-3.3,,0,15:33:57,00,Y,N,1,1,N,"转股价下修1次，成功下修1次
2026-05-22 至 2026-06-02 期间暂停转股：权益分派
转股价8.870生效日期2025-05-28",2024-02-26 开始转股;2026-05-22 至 2026-06-02 期间暂停转股：权益分派,计算使用3.3年期 评级为A+ 债参考YTM：4.7568,N,3.28,全价：132.175 最后更新：15:33:57,,,,0,{'M': ''},0,0,N,,,buy,buy
2026-06-02 11:49:54,118065,艾为转债,awzz,160.834,0.88,688798,艾为电子,awdz,73.15,-2.36,3.96,79.4,92.13,56,74.58,235.41,270105,电子,shkc,C,2026-02-26,[],0,0,buy,AA+,,55.58,103.22,19.1,buy,2032-01-22,5.644,19.01,9317.45,34998.37,3.07,-6.22,,0,14:59:57,00,Y,N,0,0,Y,,未到转股期；2026-07-28 开始转股,计算使用5.7年期 评级为AA+ 债参考YTM：1.8813,N,19.01,全价：160.834 最后更新：14:59:57,,,,0,{'M': ''},0,0,N,,,buy,buy
2026-06-02 11:49:54,123263,鼎捷转债,djzz,155.73,0.72,300378,鼎捷数智,djsz,38.77,-4.01,4.47,43.54,89.05,17,74.89,230.62,710402,计算机,szcy,C,2025-12-31,[],0,0,buy,AA,,,56.602,7.9,buy,2031-12-15,5.54,8.277,32179.48,62586.15,25.13,-5.61,,0,15:33:57,00,Y,N,0,0,Y,,未到转股期；2026-06-19 开始转股,计算使用5.6年期 评级为AA 债参考YTM：2.1116,N,8.28,全价：155.730 最后更新：15:33:57,,,,0,{'M': ''},0,0,N,,,buy,buy
2026-06-02 11:49:54,118066,统联转债,tlzz,150.868,2.38,688210,统联精密,tljm,48.42,3.86,6.03,56.2,86.16,96,75.11,225.98,270504,电子,shkc,C,2026-03-20,[],0,0,buy,AA-,,39.34,73.06,7.3,buy,2032-03-02,5.753,5.76,8005.72,29166.7,9.26,-4.85,,0,14:59:57,00,Y,N,0,0,Y,,未到转股期；2026-09-06 开始转股,计算使用5.8年期 评级为AA- 债参考YTM：3.2821,N,5.76,全价：150.868 最后更新：14:59:57,,,,0,{'M': ''},0,0,N,,,buy,buy
2026-06-02 11:49:54,127083,山路转债,slzz,122.828,-0.26,000498,山东路桥,sdlq,5.31,-0.56,0.31,7.61,69.78,0,76.03,198.86,620306,建筑装饰,szmb,C,2023-04-26,[],0,0,buy,AAA,,5.327,9.893,62.8,buy,2029-03-24,2.811,48.359,2663.04,5372.57,0.45,-3.5,,0,15:34:21,00,Y,N,0,0,Y,,2023-10-09 开始转股,计算使用2.9年期 评级为AAA 债参考YTM：1.6132,N,48.36,全价：122.828 最后更新：15:34:21,,,,0,{'M': ''},0,0,N,,,buy,buy
2026-06-02 11:49:54,118061,茂莱转债,mlzz,211.963,-1.9,688502,茂莱光学,mlgx,436.05,0.71,18.3,364.43,119.65,0,77.15,289.11,270303,电子,shkc,C,2025-12-10,[],0,0,buy,A+,,255.101,473.759,2.4,buy,2031-11-21,5.474,5.623,20231.81,54190.92,16.68,-10.3,,0,14:59:59,00,Y,N,0,0,Y,,2026-05-27 开始转股,计算使用5.5年期 评级为A+ 债参考YTM：5.3304,N,5.625,全价：211.963 最后更新：14:59:59,,,,0,"{'M': '', 'EX': '债券持有人及一致行动人大宗减持10.02% 2026年06月02日公告'}",0,0,N,,,buy,buy
2026-06-02 11:49:54,123192,科思转债,kszz,129.748,-0.61,300856,科思股份,ksgf,12.66,-4.95,2.14,17.39,72.8,0,78.22,207.97,770201,美容护理,szcy,C,2023-05-11,[],0,0,buy,AA-,,12.173,22.607,12.3,buy,2029-04-13,2.866,7.187,3263.75,9454.3,3.5,-3.16,,0,15:33:57,00,Y,N,0,0,Y,,2023-10-19 开始转股,计算使用2.9年期 评级为AA- 债参考YTM：2.2972,N,7.249,全价：129.748 最后更新：15:33:57,,,,0,{'M': ''},0,0,N,,,buy,buy
2026-06-02 11:49:54,113655,欧22转债,o22zz,128.891,0.26,603833,欧派家居,opjj,38.1,-3.88,1.23,52.77,72.2,0,78.52,207.41,360308,轻工制造,shmb,C,2022-09-01,[],0,0,buy,AA,,36.939,68.601,8.6,buy,2028-08-05,2.178,19.999,3039.7,19451.4,1.18,-5.09,,0,14:59:50,00,Y,N,1,1,Y,转股价下修1次，成功下修1次,2023-02-13 开始转股,计算使用2.2年期 评级为AA 债参考YTM：1.6715,N,20.0,全价：128.891 最后更新：14:59:50,,,,0,{'M': ''},0,0,N,,,buy,buy
2026-06-02 11:49:54,123265,耐普转02,npz02,150.505,-0.21,300818,耐普矿机,npkj,24.61,0.65,2.84,29.5,83.42,50,80.41,230.92,640103,机械设备,szcy,C,2026-01-30,[],0,0,buy,A+,,20.65,38.35,12.9,buy,2032-01-15,5.625,4.5,4260.96,15105.29,6.26,-4.16,,0,15:34:39,00,Y,N,0,0,Y,,未到转股期；2026-07-22 开始转股,计算使用5.7年期 评级为A+ 债参考YTM：5.5379,N,4.5,全价：150.505 最后更新：15:34:39,,,,0,[],0,0,N,,,buy,buy
2026-06-02 11:49:54,113610,灵康转债,lkzz,117.255,-0.83,603669,灵康药业,lkyy,4.22,-2.09,4.82,6.5,64.92,0,80.61,197.87,370102,医药生物,shmb,C,2020-12-22,[],0,0,buy,A-,,4.55,8.45,8.4,buy,2026-12-01,0.499,2.53,1363.11,3694.68,4.58,-3.88,,0,14:59:39,00,Y,N,2,2,Y,转股价下修2次，成功下修2次,2021-06-07 开始转股,计算使用0.5年期 评级为A- 债参考YTM：8.7522,N,5.25,全价：117.255 最后更新：14:59:39,,,,1,[],0,0,N,,,buy,buy
2026-06-02 11:49:54,113656,嘉诚转债,jczz,125.38,-0.13,603535,嘉诚国际,jcgj,7.13,-3.13,1.41,10.35,68.89,0,82.0,207.38,420805,交通运输,shmb,C,2022-10-12,[],0,0,buy,AA-,,7.245,13.455,22.0,buy,2028-09-01,2.252,7.998,2853.58,3075.79,2.85,-2.52,,0,14:59:19,00,Y,N,0,0,Y,,2023-03-07 开始转股,计算使用2.3年期 评级为AA- 债参考YTM：2.0770,N,8.0,全价：125.380 最后更新：14:59:19,,,,0,[],0,0,N,,,buy,buy
2026-06-02 11:49:54,118024,冠宇转债,gyzz,126.515,0.28,688772,珠海冠宇,zhgy,15.7,-2.67,2.34,22.59,69.5,0,82.04,208.56,630701,电力设备,shkc,C,2022-11-17,[],0,0,buy,AA,,15.813,27.108,17.4,buy,2028-10-24,2.397,30.889,8128.1,67818.54,2.08,-3.87,,0,14:59:58,00,Y,N,0,0,Y,,2023-04-28 开始转股,计算使用2.4年期 评级为AA 债参考YTM：1.6982,N,30.89,全价：126.515 最后更新：14:59:58,,,,0,{'M': ''},0,0,N,120%,,buy,buy
2026-06-02 11:49:54,113627,太平转债,tpzz,117.315,-1.66,603877,太平鸟,tpn,13.43,-3.1,1.37,20.88,64.32,0,82.39,199.71,350209,纺织服饰,shmb,C,2021-08-06,[],0,0,buy,AA,,14.616,27.144,12.7,buy,2027-07-15,1.118,7.997,5969.53,6667.22,6.33,-4.29,,0,14:59:49,00,Y,N,1,1,N,"转股价下修1次，成功下修1次
2026-05-29 至 2026-06-04 期间暂停转股：权益分派
转股价20.880生效日期2025-06-13",2022-01-21 开始转股;2026-05-29 至 2026-06-04 期间暂停转股：权益分派,计算使用1.2年期 评级为AA 债参考YTM：1.5538,N,8.0,全价：117.315 最后更新：14:59:49,,,,0,{'M': ''},0,0,N,,,buy,buy
2026-06-02 11:49:54,113702,斯达转债,sdzz,203.412,-4.56,603290,斯达半导,sdbd,116.91,-0.17,4.02,105.3,111.03,142,83.21,286.62,270102,电子,shmb,C,2026-05-11,[],0,0,buy,AA+,,73.71,136.89,5.4,buy,2032-04-15,5.874,15.0,91059.9,113058.22,29.03,-9.82,,0,14:59:58,00,Y,N,0,0,Y,,未到转股期；2026-10-22 开始转股,计算使用5.9年期 评级为AA+ 债参考YTM：1.9078,N,15.0,全价：203.412 最后更新：14:59:58,,,,0,{'M': ''},0,0,N,,,buy,buy
2026-06-02 11:49:54,118067,上26转债,s26zz,142.556,-0.38,688533,上声电子,ssdz,25.12,-1.88,2.28,32.6,77.06,114,85.01,227.57,280206,汽车,shkc,C,2026-04-14,[],0,0,buy,A+,,22.82,42.38,7.8,buy,2032-03-17,5.795,3.25,780.89,2974.19,1.68,-3.27,,0,14:59:50,00,Y,N,0,0,N,2026-05-28 至 2026-06-05 期间暂停转股：权益分派,未到转股期；2026-09-24 开始转股;2026-05-28 至 2026-06-05 期间暂停转股：权益分派,计算使用5.8年期 评级为A+ 债参考YTM：5.6318,N,3.25,全价：142.556 最后更新：14:59:50,,,,0,{'M': ''},0,0,N,,,buy,buy
2026-06-02 11:49:54,123262,神宇转债,syzz,144.653,1.33,300563,神宇股份,sygf,30.16,0.9,4.63,38.62,78.09,15,85.23,229.88,730205,通信,szcy,C,2025-12-30,[],0,0,buy,AA-,,27.034,50.206,12.7,buy,2031-12-11,5.529,5.0,2693.43,13798.75,3.75,-4.31,,0,15:34:36,00,Y,N,0,0,Y,,未到转股期；2026-06-17 开始转股,计算使用5.6年期 评级为AA- 债参考YTM：3.0865,N,5.0,全价：144.653 最后更新：15:34:36,,,,0,{'M': ''},0,0,N,,,buy,buy
2026-06-02 11:49:54,123266,博士转债,bszz,145.57,0.1,300622,博士眼镜,bsyj,16.9,-3.92,5.69,21.54,78.46,114,85.54,231.11,450401,商贸零售,szcy,C,2026-04-07,[],0,0,buy,AA,,15.078,28.002,10.0,buy,2032-03-17,5.795,3.75,1778.18,11120.29,3.27,-3.95,,0,15:34:21,00,Y,N,0,0,Y,,未到转股期；2026-09-24 开始转股,计算使用5.8年期 评级为AA 债参考YTM：2.1468,N,3.75,全价：145.570 最后更新：15:34:21,,,,0,[],0,0,N,,,buy,buy
2026-06-02 11:49:54,113679,芯能转债,xnzz,130.202,-0.56,603105,芯能科技,xnkj,8.8,-2.33,1.93,12.55,70.12,0,85.69,215.89,410106,公用事业,shmb,C,2023-11-24,[],0,0,buy,AA-,,8.785,16.315,20.0,buy,2029-10-26,3.403,8.798,2572.68,9982.55,2.25,-2.54,,0,14:59:16,00,Y,N,0,0,Y,,2024-05-06 开始转股,计算使用3.5年期 评级为AA- 债参考YTM：2.4292,N,8.8,全价：130.202 最后更新：14:59:16,,,,0,{'M': ''},0,0,N,,,buy,buy
2026-06-02 11:49:54,123138,丝路转债,slzz,132.931,-0.22,300556,丝路视觉,slsj,18.93,-3.57,5.42,26.53,71.35,0,86.3,219.23,710401,计算机,szcy,C,2022-03-22,[],0,0,buy,A,,18.571,34.489,11.7,buy,2028-03-02,1.751,2.393,1398.97,10693.92,4.4,-6.89,,0,15:34:45,00,Y,N,0,0,Y,,2022-09-08 开始转股,计算使用1.8年期 评级为A 债参考YTM：6.6449,N,2.4,全价：132.931 最后更新：15:34:45,,,,1,[],0,0,N,,,buy,buy
2026-06-02 11:49:54,113625,江山转债,jszz,121.855,-0.02,603208,江山欧派,jsop,12.89,-1.9,2.16,19.84,64.97,0,87.56,209.42,360308,轻工制造,shmb,C,2021-07-01,[],0,0,buy,AA-,,13.888,25.792,25.7,buy,2027-06-11,1.025,5.825,2896.31,3506.19,4.08,-1.11,,0,14:59:30,00,Y,N,1,1,Y,转股价下修1次，成功下修1次,2021-12-20 开始转股,计算使用1.1年期 评级为AA- 债参考YTM：1.8163,N,5.83,全价：121.855 最后更新：14:59:30,,,,0,[],0,0,N,,,buy,buy
2026-06-02 11:49:54,113634,珀莱转债,plzz,128.4,-0.12,603605,珀莱雅,bly,64.88,-3.35,4.01,95.46,67.97,0,88.92,217.32,770202,美容护理,shmb,C,2022-01-04,[],0,0,buy,AA,,66.822,124.098,2.9,buy,2027-12-08,1.518,7.507,7885.34,53084.24,8.18,-6.12,,0,14:59:58,00,Y,N,0,0,Y,,2022-06-14 开始转股,计算使用1.6年期 评级为AA 债参考YTM：1.6006,N,7.517,全价：128.400 最后更新：14:59:58,,,,1,{'M': ''},0,0,N,,,buy,buy
2026-06-02 11:49:54,111009,盛泰转债,stzz,128.083,0.32,605138,盛泰集团,stjt,7.15,0.0,1.54,10.56,67.71,0,89.17,217.25,350209,纺织服饰,shmb,C,2022-12-01,[],0,0,buy,AA,,7.392,13.728,17.6,buy,2028-11-07,2.436,7.011,2788.63,4889.28,3.11,-5.0,,0,14:59:39,00,Y,N,0,0,Y,,2023-05-11 开始转股,计算使用2.5年期 评级为AA 债参考YTM：1.7121,N,7.012,全价：128.083 最后更新：14:59:39,,,,0,[],0,0,N,,,buy,buy
2026-06-02 11:49:54,113647,禾丰转债,hfzz,120.758,-0.63,603609,禾丰股份,hfgf,6.42,-3.17,0.88,10.09,63.63,0,89.79,210.55,110402,农林牧渔,shmb,C,2022-05-18,[],0,0,buy,AA,,7.063,13.117,25.2,buy,2028-04-22,1.89,14.669,2263.39,2631.56,1.28,-3.12,,0,14:59:51,00,Y,N,0,0,Y,,2022-10-28 开始转股,计算使用1.9年期 评级为AA 债参考YTM：1.6350,N,15.0,全价：120.758 最后更新：14:59:51,,,,1,{'M': ''},0,0,N,,,buy,buy
2026-06-02 11:49:54,113616,韦尔转债,wezz,111.935,-0.41,603501,豪威集团,hwjt,92.65,0.46,3.53,159.12,58.23,0,92.24,204.18,270104,电子,shmb,C,2021-01-22,[],0,0,buy,AA+,,111.384,206.856,2.2,buy,2026-12-28,0.573,24.324,9447.41,168253.19,3.46,-3.02,,0,14:59:57,00,Y,N,0,0,N,2026-05-28 至 2026-06-03 期间暂停转股：权益分派,2021-07-05 开始转股;2026-05-28 至 2026-06-03 期间暂停转股：权益分派,计算使用0.6年期 评级为AA+ 债参考YTM：1.4622,N,24.4,全价：111.935 最后更新：14:59:57,,,,0,{'M': ''},0,0,N,,,buy,buy
2026-06-02 11:49:54,113701,祥和转债,xhzz,146.528,-0.44,603500,祥和实业,xhsy,10.33,-3.91,3.12,13.59,76.01,99,92.77,239.3,640501,机械设备,shmb,C,2026-03-26,[],0,0,buy,A+,,9.513,17.667,11.6,buy,2032-03-02,5.753,4.0,1276.14,12360.77,2.18,-3.62,,0,14:59:33,00,Y,N,0,0,Y,,未到转股期；2026-09-09 开始转股,计算使用5.8年期 评级为A+ 债参考YTM：5.6318,N,4.0,全价：146.528 最后更新：14:59:33,,,,0,[],0,0,N,,,buy,buy
2026-06-02 11:49:54,123193,海能转债,hnzz,130.06,-0.11,300787,海能实业,hnsy,9.78,-2.3,1.8,14.5,67.45,0,92.83,222.89,270504,电子,szcy,C,2023-05-09,[],0,0,buy,AA-,,10.15,18.85,31.2,buy,2029-04-13,2.866,5.997,1856.99,5770.72,2.38,-3.24,,0,15:34:03,00,Y,N,0,0,Y,,2023-10-19 开始转股,计算使用2.9年期 评级为AA- 债参考YTM：2.2972,N,6.0,全价：130.060 最后更新：15:34:03,,,,0,[],0,0,N,,,buy,buy
2026-06-02 11:49:54,113693,志邦转债,zbzz,124.673,0.02,603801,志邦家居,zbjj,7.44,-2.75,1.01,11.52,64.58,0,93.04,217.71,360308,轻工制造,shmb,C,2025-04-08,[],0,0,buy,AA,,8.064,14.976,20.7,buy,2031-03-18,4.795,6.7,3570.26,3911.91,4.27,-1.82,,0,14:58:55,00,Y,N,0,0,Y,,2025-09-24 开始转股,计算使用4.8年期 评级为AA 债参考YTM：2.0068,N,6.7,全价：124.673 最后更新：14:58:55,,,,0,[],0,0,N,,,buy,buy
2026-06-02 11:49:54,128119,龙大转债,ldzz,81.5,0.11,002726,ST龙大,ldms,1.77,0.57,3.17,4.2,42.14,0,93.39,174.89,340401,食品饮料,szmb,C,2020-08-07,[],0,0,buy,B,,2.94,5.46,49.6,buy,2026-07-13,0.112,9.459,45162.28,9485.29,58.61,366.02,,0,15:34:09,00,Y,N,2,1,Y,转股价下修2次，成功下修1次,2021-01-18 开始转股,计算使用0.2年期 评级为B 债参考YTM：32.6859,N,9.5,全价：81.500 最后更新：15:34:09,,,,1,[],0,0,N,,,buy,buy
2026-06-02 11:49:54,123168,惠云转债,hyzz,128.4,-0.2,300891,惠云钛业,hyty,7.13,-2.99,2.24,10.74,66.39,0,93.41,221.81,220206,基础化工,szcy,C,2022-12-14,[],0,0,buy,AA-,,7.518,13.962,20.6,buy,2028-11-23,2.48,4.899,2103.67,4666.86,3.34,-3.18,,0,15:33:54,00,Y,N,0,0,Y,,2023-05-29 开始转股,计算使用2.5年期 评级为AA- 债参考YTM：2.1471,N,4.9,全价：128.400 最后更新：15:33:54,,,,0,{'M': ''},0,0,N,,,buy,buy
2026-06-02 11:49:54,113652,伟22转债,w22zz,130.213,-0.47,603568,伟明环保,wmhb,14.95,-2.61,1.99,22.23,67.25,0,93.62,223.83,760103,环保,shmb,C,2022-08-12,[],0,0,buy,AA,,15.561,28.899,4.8,buy,2028-07-22,2.14,14.766,3763.63,18183.55,1.95,-6.42,,0,14:59:46,00,Y,N,2,1,Y,转股价下修2次，成功下修1次,2023-01-30 开始转股,计算使用2.2年期 评级为AA 债参考YTM：1.6715,Y,14.77,全价：130.213 最后更新：14:59:46,,,"按下调到底估算
股东大会：2026-06-04
预估转股价：21.24
预估转股价值：70.39
期权价值：4.84
理论价值：114.27
理论偏离度：12.24%",0,{'M': ''},0,0,N,,,buy,buy
2026-06-02 11:49:54,127056,中特转债,ztzz,125.192,-0.35,000708,中信特钢,zxtg,13.94,-0.99,1.56,21.78,64.0,0,95.6,220.79,230501,钢铁,szmb,C,2022-04-15,[],0,0,buy,AAA,,15.246,28.314,7.1,buy,2028-02-25,1.734,49.996,5677.99,17876.51,0.91,-8.44,,0,15:34:51,00,Y,N,0,0,Y,,2022-09-05 开始转股,计算使用1.8年期 评级为AAA 债参考YTM：1.5238,N,50.0,全价：125.192 最后更新：15:34:51,,,,1,{'M': ''},0,0,N,,,buy,buy
2026-06-02 11:49:54,113648,巨星转债,jxzz,122.025,-0.39,603477,巨星农牧,jxnm,15.46,-3.5,2.93,24.86,62.19,0,96.22,218.25,110702,农林牧渔,shmb,C,2022-05-17,[],0,0,buy,AA-,,17.402,32.318,11.4,buy,2028-04-25,1.899,8.997,2180.33,17073.36,1.99,-4.35,,0,14:59:31,00,Y,N,0,0,Y,,2022-10-31 开始转股,计算使用1.9年期 评级为AA- 债参考YTM：1.9766,N,10.0,全价：122.025 最后更新：14:59:31,,,,1,{'M': ''},0,0,N,,,buy,buy
2026-06-02 11:49:54,127060,湘佳转债,xjzz,121.463,-0.26,002982,湘佳股份,xjgf,12.99,-3.35,1.52,21.03,61.77,0,96.64,218.1,110703,农林牧渔,szmb,C,2022-06-10,[],0,0,buy,A+,,14.721,27.339,37.9,buy,2028-04-19,1.882,6.399,1284.72,9079.66,1.66,-4.43,,0,15:34:12,00,Y,N,0,0,Y,,2022-10-25 开始转股,计算使用1.9年期 评级为A+ 债参考YTM：4.3163,N,6.4,全价：121.463 最后更新：15:34:12,,,,1,[],0,0,N,,,buy,buy
2026-06-02 11:49:54,123229,艾录转债,alzz,133.2,0.58,301062,上海艾录,shal,6.77,-3.15,2.15,10.0,67.7,0,96.75,229.95,360205,轻工制造,szcy,C,2023-11-20,[],0,0,buy,A+,,7.0,13.0,9.5,buy,2029-10-23,3.395,1.779,1044.21,4019.04,4.42,-3.02,,0,15:34:15,00,Y,N,0,0,Y,,2024-04-29 开始转股,计算使用3.4年期 评级为A+ 债参考YTM：4.7720,N,5.0,全价：133.200 最后更新：15:34:15,,,,0,{'M': ''},0,0,N,,,buy,buy
2026-06-02 11:49:54,123260,卓镁转债,zmzz,147.98,-0.62,301398,星源卓镁,xyzm,39.18,-1.61,3.93,52.3,74.91,0,97.53,245.51,280202,汽车,szcy,C,2025-11-24,[],0,0,buy,A+,,36.61,67.99,30.9,buy,2031-11-07,5.436,4.499,2235.94,5406.22,3.36,-4.01,,0,15:34:30,00,Y,N,0,0,Y,,2026-05-13 开始转股,计算使用5.5年期 评级为A+ 债参考YTM：5.3304,N,4.5,全价：147.980 最后更新：15:34:30,,,,0,{'M': ''},1,0,N,,,buy,buy
2026-06-02 11:49:54,123122,富瀚转债,fhzz,126.346,0.13,300613,富瀚微,fhw,58.38,-1.29,4.52,91.5,63.8,0,98.02,224.37,270104,电子,szcy,C,2021-08-24,[],0,0,buy,A+,,64.05,118.95,4.5,buy,2027-08-06,1.178,5.801,2687.77,57230.33,3.67,-6.42,,0,15:34:30,00,Y,N,0,0,Y,,2022-02-14 开始转股,计算使用1.2年期 评级为A+ 债参考YTM：4.1696,N,5.812,全价：126.346 最后更新：15:34:30,,,,0,{'M': ''},0,0,N,,,buy,buy
2026-06-02 11:49:54,123196,正元转02,zyz02,128.332,-0.34,300645,正元智慧,zyzh,14.1,-3.36,1.8,21.91,64.35,0,99.42,227.75,710103,计算机,szcy,C,2023-05-19,[],0,0,buy,A+,,15.337,28.483,17.8,buy,2029-04-18,2.88,3.501,1359.89,6333.08,3.03,-2.83,,0,15:34:51,00,Y,N,2,1,Y,转股价下修2次，成功下修1次,2023-10-24 开始转股,计算使用2.9年期 评级为A+ 债参考YTM：4.6461,N,3.507,全价：128.332 最后更新：15:34:51,,,,0,[],0,0,N,,,buy,buy
2026-06-02 11:49:54,113682,益丰转债,yfzz,128.905,0.09,603939,益丰药房,yfyf,20.52,-1.96,2.05,31.84,64.45,0,100.02,228.93,370403,医药生物,shmb,C,2024-03-27,[],0,0,buy,AA,,22.288,41.392,7.2,buy,2030-03-04,3.756,17.968,4483.68,18967.43,1.94,-3.21,,0,14:59:41,00,Y,N,0,0,Y,,2024-09-09 开始转股,计算使用3.8年期 评级为AA 债参考YTM：1.8997,N,17.97,全价：128.905 最后更新：14:59:41,,,,0,{'M': ''},0,0,N,,,buy,buy
2026-06-02 11:49:54,118015,芯海转债,xhzz,134.318,0.43,688595,芯海科技,xhkj,36.97,5.69,7.48,55.22,66.95,0,100.62,234.94,270104,电子,shkc,C,2022-08-18,[],0,0,buy,A+,,38.654,71.786,7.7,buy,2028-07-21,2.137,4.1,16615.06,47218.69,29.97,-5.56,,0,14:59:59,00,Y,N,0,0,Y,,2023-01-30 开始转股,计算使用2.2年期 评级为A+ 债参考YTM：4.3868,N,4.1,全价：134.318 最后更新：14:59:59,,,,0,{'M': ''},0,0,N,,,buy,buy
2026-06-02 11:49:54,123175,百畅转债,bczz,116.916,0.52,300614,百川畅银,bccy,11.88,-3.41,2.15,20.4,58.24,0,100.76,217.68,760103,环保,szcy,C,2023-03-17,[],0,0,buy,A,,14.28,26.52,22.0,buy,2029-02-22,2.729,4.199,1952.53,3865.36,3.99,-0.2,,0,15:33:57,00,Y,N,2,2,Y,转股价下修2次，成功下修2次,2023-08-28 开始转股,计算使用2.8年期 评级为A 债参考YTM：6.9581,N,4.2,全价：116.916 最后更新：15:33:57,,,,0,{'M': ''},0,0,N,,,buy,buy
2026-06-02 11:49:54,127098,欧晶转债,ojzz,129.12,0.84,001269,欧晶科技,ojkj,26.93,3.26,6.8,42.0,64.12,0,101.38,230.5,630504,电力设备,szmb,C,2023-12-15,[],0,0,buy,AA-,,29.4,54.6,9.1,buy,2029-11-24,3.482,4.693,4473.53,36958.67,7.41,-3.06,,0,15:34:30,00,Y,N,1,1,Y,转股价下修1次，成功下修1次,2024-05-30 开始转股,计算使用3.5年期 评级为AA- 债参考YTM：2.4292,N,4.7,全价：129.120 最后更新：15:34:30,,,,0,[],0,0,N,,,buy,buy
2026-06-02 11:49:54,127044,蒙娜转债,mnzz,127.115,-0.28,002918,蒙娜丽莎,mnls,12.45,-3.71,1.55,19.84,62.75,0,102.57,229.69,360306,轻工制造,szmb,C,2021-09-16,[],0,0,buy,AA-,,13.888,25.792,12.6,buy,2027-08-16,1.206,3.368,6637.11,37357.87,15.47,-8.88,,0,15:34:06,00,Y,N,1,1,Y,转股价下修1次，成功下修1次,2022-02-21 开始转股,计算使用1.3年期 评级为AA- 债参考YTM：1.8539,N,11.689,全价：127.115 最后更新：15:34:06,,,,0,[],0,0,N,,,buy,buy
2026-06-02 11:49:54,123264,双乐转债,slzz,133.707,-0.05,301036,双乐股份,slgf,24.21,-2.58,1.42,36.7,65.97,34,102.69,236.4,220305,基础化工,szcy,C,2026-01-16,[],0,0,buy,AA-,,25.69,47.71,47.4,buy,2031-12-25,5.567,8.0,1101.44,2432.03,1.03,-2.9,,0,15:34:18,00,Y,N,0,0,Y,,未到转股期；2026-07-06 开始转股,计算使用5.6年期 评级为AA- 债参考YTM：3.0865,N,8.0,全价：133.707 最后更新：15:34:18,,,,0,{'M': ''},0,0,N,,,buy,buy
2026-06-02 11:49:54,113700,海天转债,htzz,134.314,0.23,603759,海天股份,htgf,8.23,-1.32,1.3,12.52,65.74,70,104.33,238.64,760102,环保,shmb,C,2026-03-12,[],0,0,buy,AA,,8.764,16.276,21.1,buy,2032-02-04,5.68,8.01,1138.62,2889.44,1.06,-2.95,,0,14:58:54,00,Y,N,0,0,Y,,未到转股期；2026-08-11 开始转股,计算使用5.7年期 评级为AA 债参考YTM：2.1293,N,8.01,全价：134.314 最后更新：14:58:54,,,,0,[],0,0,N,,,buy,buy
2026-06-02 11:49:54,118042,奥维转债,awzz,141.762,1.23,688516,奥特维,atw,58.5,-5.2,4.81,84.42,69.3,0,104.57,246.33,630505,电力设备,shkc,C,2023-09-01,[],0,0,buy,AA-,,59.094,109.746,6.2,buy,2029-08-10,3.192,11.399,4944.95,80167.05,3.1,-5.36,,0,14:59:48,00,Y,N,0,0,Y,,2024-02-19 开始转股,计算使用3.2年期 评级为AA- 债参考YTM：2.3855,N,11.4,全价：141.762 最后更新：14:59:48,,,,0,{'M': ''},0,0,N,,,buy,buy
2026-06-02 11:49:54,123113,仙乐转债,xlzz,115.85,-0.47,300791,仙乐健康,xljk,17.89,-4.59,1.87,31.79,56.28,0,105.86,221.71,340407,食品饮料,szcy,C,2021-05-14,[],0,0,buy,AA-,,22.253,41.327,22.3,buy,2027-04-19,0.88,10.248,1932.22,4776.75,1.63,-2.8,,0,15:34:36,00,Y,N,0,0,N,2026-05-28 至 2026-06-04 期间暂停转股：权益分派,2021-10-25 开始转股;2026-05-28 至 2026-06-04 期间暂停转股：权益分派,计算使用0.9年期 评级为AA- 债参考YTM：1.7815,N,10.249,全价：115.850 最后更新：15:34:36,,,,1,[],0,0,N,,,buy,buy
2026-06-02 11:49:54,118020,芳源转债,fyzz,122.557,-0.12,688148,芳源股份,fygf,8.32,-3.93,7.74,14.0,59.43,0,106.23,228.79,630702,电力设备,shkc,C,2022-11-07,[],0,0,buy,BBB,,9.8,18.2,15.1,buy,2028-09-23,2.312,6.417,1724.56,14484.06,2.2,1.24,,0,14:58:58,00,Y,N,1,1,Y,转股价下修1次，成功下修1次,2023-03-29 开始转股,计算使用2.4年期 评级为BBB 债参考YTM：15.4154,N,6.42,全价：122.557 最后更新：14:58:58,,,,0,{'M': ''},0,0,N,,,buy,buy
2026-06-02 11:49:54,127068,顺博转债,sbzz,128.433,0.65,002996,顺博合金,sbhj,6.97,-0.29,1.36,11.27,61.85,0,107.67,236.1,240301,有色金属,szmb,C,2022-09-07,[],0,0,buy,AA-,,7.889,14.651,26.0,buy,2028-08-12,2.197,8.3,2604.21,5273.46,2.44,-6.33,,0,15:34:15,00,Y,N,1,1,N,"转股价下修1次，成功下修1次
2026-05-27 至 2026-06-03 期间暂停转股：权益分派
转股价11.270生效日期2025-05-29",2023-02-20 开始转股;2026-05-27 至 2026-06-03 期间暂停转股：权益分派,计算使用2.2年期 评级为AA- 债参考YTM：2.0461,N,8.3,全价：128.433 最后更新：15:34:15,,,,0,[],0,0,N,,,buy,buy
2026-06-02 11:49:54,113666,爱玛转债,amzz,124.769,-0.35,603529,爱玛科技,amkj,21.91,-1.88,1.86,36.95,59.3,0,110.42,235.19,280401,汽车,shmb,C,2023-03-20,[],0,0,buy,AA,,25.865,48.035,10.8,buy,2029-02-23,2.732,19.994,3421.83,20965.12,1.37,-3.52,,0,14:58:41,00,Y,N,0,0,Y,,2023-09-01 开始转股,计算使用2.8年期 评级为AA 债参考YTM：1.7543,N,20.0,全价：124.769 最后更新：14:58:41,,,,0,{'M': ''},0,0,N,,,buy,buy
2026-06-02 11:49:54,127085,韵达转债,ydzz,123.959,-0.14,002120,韵达股份,ydgf,6.87,-1.58,0.92,11.73,58.57,0,111.65,235.61,420804,交通运输,szmb,C,2023-05-23,[],0,0,buy,AA+,,8.211,15.249,12.7,buy,2029-04-11,2.86,24.499,2241.89,24181.96,0.74,-3.75,,0,15:34:24,00,Y,N,0,0,Y,,2023-10-17 开始转股,计算使用2.9年期 评级为AA+ 债参考YTM：1.6635,N,24.5,全价：123.959 最后更新：15:34:24,,,,0,{'M': ''},0,0,N,,,buy,buy
2026-06-02 11:49:54,123157,科蓝转债,klzz,128.447,0.19,300663,科蓝软件,klrj,7.94,-3.17,10.12,13.2,60.15,0,113.54,241.99,710401,计算机,szcy,C,2022-09-20,[],0,0,buy,A,,9.24,17.16,6.4,buy,2028-08-30,2.247,2.34,1701.54,14203.47,5.69,-3.49,,0,15:34:45,00,Y,N,2,1,Y,转股价下修2次，成功下修1次,2023-03-06 开始转股,计算使用2.3年期 评级为A 债参考YTM：6.7685,Y,4.946,全价：128.447 最后更新：15:34:45,,,"按下调到底估算
股东大会：2026-06-12
预估转股价：9.11
预估转股价值：87.16
期权价值：19.11
理论价值：121.99
理论偏离度：5.03%",0,{'M': ''},0,0,N,,,buy,buy
2026-06-02 11:49:54,127062,垒知转债,lzzz,127.414,-0.07,002398,垒知集团,lzjt,4.49,-3.23,0.85,7.59,59.16,0,115.38,242.79,610303,建筑材料,szmb,C,2022-05-20,[],0,0,buy,AA-,,5.313,9.867,14.5,buy,2028-04-21,1.888,3.958,1314.5,6751.62,2.61,-4.46,,0,15:33:57,00,Y,N,0,0,N,2026-06-01 起暂停转股：权益分派,2022-10-27 开始转股;2026-06-01 起暂停转股：权益分派,计算使用1.9年期 评级为AA- 债参考YTM：1.9766,N,3.963,全价：127.414 最后更新：15:33:57,,,,1,[],0,0,N,,,buy,buy
2026-06-02 11:49:54,118022,锂科转债,lkzz,121.716,-0.56,688779,五矿新能,wkxn,8.64,-3.14,2.27,15.53,55.63,0,118.78,240.5,630702,电力设备,shkc,C,2022-11-07,[],0,0,buy,AA,,10.871,20.189,19.5,buy,2028-10-11,2.362,32.497,4856.29,24632.68,1.23,-3.04,,0,14:59:45,00,Y,N,0,0,Y,,2023-04-17 开始转股,计算使用2.4年期 评级为AA 债参考YTM：1.6982,N,32.5,全价：121.716 最后更新：14:59:45,,,,0,{'M': ''},0,0,N,,,buy,buy
2026-06-02 11:49:54,113650,博22转债,b22zz,129.247,0.14,603916,苏博特,sbt,13.58,-1.09,1.33,23.15,58.66,0,120.33,249.58,220309,基础化工,shmb,C,2022-07-28,[],0,0,buy,AA-,,16.205,30.095,14.0,buy,2028-07-01,2.082,7.996,2964.77,12093.11,2.88,-4.17,,0,14:59:23,00,Y,N,0,0,N,2026-05-26 至 2026-06-02 期间暂停转股：权益分派,2023-01-09 开始转股;2026-05-26 至 2026-06-02 期间暂停转股：权益分派,计算使用2.1年期 评级为AA- 债参考YTM：2.0190,N,8.0,全价：129.247 最后更新：14:59:23,,,,0,{'M': ''},0,0,N,,,buy,buy
2026-06-02 11:49:54,123180,浙矿转债,zkzz,134.471,-0.32,300837,浙矿股份,zkgf,29.19,-1.92,2.0,47.89,60.95,0,120.62,255.09,640203,机械设备,szcy,C,2023-03-28,[],0,0,buy,AA-,,33.523,62.257,14.5,buy,2029-03-09,2.77,3.197,1826.58,4564.63,4.26,-4.53,,0,15:34:42,00,Y,N,0,0,Y,,2023-09-15 开始转股,计算使用2.8年期 评级为AA- 债参考YTM：2.2605,N,3.2,全价：134.471 最后更新：15:34:42,,,,0,[],0,0,N,,,buy,buy
2026-06-02 11:49:54,113638,台21转债,t21zz,123.439,-0.17,603055,台华新材,thxc,8.57,-2.39,1.4,16.19,52.93,0,133.19,256.63,350106,纺织服饰,shmb,C,2022-01-21,[],0,0,buy,AA,,11.333,21.047,7.9,buy,2027-12-29,1.575,5.997,2106.92,4845.7,2.84,-5.09,,0,14:59:49,00,Y,N,0,0,N,2026-05-27 至 2026-06-03 期间暂停转股：权益分派,2022-07-05 开始转股;2026-05-27 至 2026-06-03 期间暂停转股：权益分派,计算使用1.6年期 评级为AA 债参考YTM：1.6006,N,6.0,全价：123.439 最后更新：14:59:49,,,,0,{'M': ''},0,0,N,,,buy,buy
2026-06-02 11:49:54,111014,李子转债,lzzz,125.277,0.46,605337,李子园,lzy,9.85,-2.86,2.26,18.37,53.62,0,133.64,258.92,340701,食品饮料,shmb,C,2023-07-13,[],0,0,buy,AA,,12.859,23.881,15.6,buy,2029-06-20,3.052,5.999,2251.4,3963.15,3.0,-2.46,,0,14:58:22,00,Y,N,0,0,Y,,2023-12-28 开始转股,计算使用3.1年期 评级为AA 债参考YTM：1.7957,N,6.0,全价：125.277 最后更新：14:58:22,,,,0,[],0,0,N,,,buy,buy
2026-06-02 11:49:54,123267,珂玛转债,kmzz,225.4,1.4,301611,珂玛科技,kmkj,89.37,-0.02,21.29,97.57,91.6,142,146.08,371.48,270103,电子,szcy,C,2026-05-13,[],0,0,buy,AA,,68.299,126.841,5.7,buy,2032-04-15,5.874,7.5,76936.3,74560.41,46.53,-11.12,,0,15:34:42,00,Y,N,0,0,Y,,未到转股期；2026-10-22 开始转股,计算使用5.9年期 评级为AA 债参考YTM：2.1638,N,7.5,全价：225.400 最后更新：15:34:42,,,,0,{'M': ''},0,0,N,,,buy,buy
2026-06-02 11:49:54,123117,健帆转债,jfzz,117.643,0.0,300529,健帆生物,jfsw,18.13,-0.71,3.91,38.15,47.52,0,147.55,265.19,370503,医药生物,szcy,C,2021-07-12,[],0,0,buy,AA,,26.705,49.595,10.8,buy,2027-06-23,1.058,9.998,2713.76,9829.36,2.31,-4.78,,0,15:34:39,00,Y,N,2,2,Y,转股价下修2次，成功下修2次,2021-12-29 开始转股,计算使用1.1年期 评级为AA 债参考YTM：1.5415,N,10.0,全价：117.643 最后更新：15:34:39,,,,0,{'M': ''},0,0,N,,,buy,buy
2026-06-02 11:49:54,123090,三诺转债,snzz,113.137,-0.39,300298,三诺生物,snsw,15.51,-1.34,2.8,34.46,45.01,0,151.37,264.51,370502,医药生物,szcy,C,2021-01-12,[],0,0,buy,AA,,24.122,44.798,7.1,buy,2026-12-21,0.553,4.984,1270.43,6401.14,2.25,-1.82,,0,15:34:30,00,Y,N,0,0,Y,,2021-06-25 开始转股,计算使用0.6年期 评级为AA 债参考YTM：1.4822,N,5.0,全价：113.137 最后更新：15:34:30,,,,0,{'M': ''},0,0,N,,,buy,buy
2026-06-02 11:49:54,113049,长汽转债,cqzz,111.67,-0.22,601633,长城汽车,ccqc,17.04,0.29,1.65,39.16,43.51,0,156.63,268.3,280502,汽车,shmb,C,2021-07-08,[],0,0,buy,AAA,,27.412,50.908,3.3,buy,2027-06-10,1.022,34.95,3277.17,63162.57,0.84,-2.82,,0,14:59:50,00,Y,N,0,0,Y,,2021-12-17 开始转股,计算使用1.1年期 评级为AAA 债参考YTM：1.4774,N,35.0,全价：111.670 最后更新：14:59:50,,,,1,{'M': ''},0,0,N,,,buy,buy
2026-06-02 11:49:54,123250,嘉益转债,jyzz,127.8,0.06,301004,嘉益股份,jygf,38.16,-2.3,3.0,79.66,47.9,0,166.79,294.59,360311,轻工制造,szcy,C,2024-11-26,[],0,0,buy,A+,,55.762,103.558,7.6,buy,2030-11-07,4.436,3.955,463.78,1861.08,0.92,-1.68,,0,15:34:21,00,Y,N,0,0,Y,,2025-05-13 开始转股,计算使用4.5年期 评级为A+ 债参考YTM：4.9097,N,3.979,全价：127.800 最后更新：15:34:21,,,,0,{'M': ''},0,0,N,,,buy,buy
2026-06-02 11:49:54,113670,金23转债,j23zz,125.625,0.86,603180,金牌家居,jpjj,17.29,-2.1,0.98,37.64,45.94,0,173.48,299.11,360308,轻工制造,shmb,C,2023-05-16,[],0,0,buy,AA,,26.348,48.932,28.9,buy,2029-04-17,2.877,7.7,1618.86,1794.27,1.68,-2.1,,0,14:58:49,00,Y,N,0,0,Y,,2023-10-23 开始转股,计算使用2.9年期 评级为AA 债参考YTM：1.7682,N,7.7,全价：125.625 最后更新：14:58:49,,,,0,[],0,0,N,,,buy,buy
2026-06-02 11:49:54,128135,洽洽转债,qqzz,114.39,0.03,002557,洽洽食品,qqsp,22.5,-0.31,2.06,55.93,40.23,0,184.35,298.74,340801,食品饮料,szmb,C,2020-11-18,[],0,0,buy,AA,,39.151,72.709,11.8,buy,2026-10-20,0.384,13.398,2388.42,18854.27,1.56,1.4,,0,15:34:30,00,Y,N,0,0,N,2026-06-02 起暂停转股：权益分派,2021-04-26 开始转股;2026-06-02 起暂停转股：权益分派,计算使用0.4年期 评级为AA 债参考YTM：1.4595,N,13.4,全价：114.390 最后更新：15:34:30,,,,1,{'M': ''},0,0,N,,,buy,buy
2026-06-02 11:49:54,123151,康医转债,kyzz,119.731,-0.17,300869,康泰医学,ktyx,11.51,-1.62,2.68,27.55,41.78,0,186.58,306.31,370502,医药生物,szcy,C,2022-07-20,[],0,0,buy,A+,,19.285,35.815,23.1,buy,2028-07-01,2.082,6.998,1679.27,2613.79,2.01,-0.18,,0,15:34:48,00,Y,N,0,0,Y,,2023-01-09 开始转股,计算使用2.1年期 评级为A+ 债参考YTM：4.3592,N,7.0,全价：119.731 最后更新：15:34:48,,,,0,{'M': ''},0,0,N,,,buy,buy
2026-06-02 11:49:54,110085,通22转债,t22zz,117.601,-0.57,600438,通威股份,twgf,14.11,-2.89,1.74,34.6,40.78,0,188.38,305.98,630501,电力设备,shmb,C,2022-03-18,[],0,0,buy,AAA,,24.22,44.98,18.9,buy,2028-02-24,1.732,119.831,6220.62,71293.7,0.44,-3.42,,0,14:59:58,00,Y,N,0,0,Y,,2022-09-02 开始转股,计算使用1.8年期 评级为AAA 债参考YTM：1.5238,N,120.0,全价：117.601 最后更新：14:59:58,,,,0,{'M': ''},0,0,N,,,buy,buy
2026-06-02 11:49:54,118005,天奈转债,tnzz,125.041,-0.21,688116,天奈科技,tnkj,42.48,-2.9,4.05,99.09,42.87,0,191.67,316.71,630702,电力设备,shkc,C,2022-03-01,[],0,0,buy,AA-,,69.363,128.817,5.3,buy,2028-01-27,1.655,8.299,1667.88,49874.32,1.61,-6.61,,0,14:59:33,00,Y,N,0,0,Y,,2022-08-09 开始转股,计算使用1.7年期 评级为AA- 债参考YTM：1.9355,N,8.3,全价：125.041 最后更新：14:59:33,,,,0,{'M': ''},0,0,N,,,buy,buy
2026-06-02 11:49:54,113660,寿22转债,s22zz,125.735,0.69,603896,寿仙谷,sxg,15.6,-1.2,1.35,36.84,42.35,0,196.93,322.67,370201,医药生物,shmb,C,2022-12-12,[],0,0,buy,AA-,,25.788,47.892,12.9,buy,2028-11-17,2.463,3.977,881.56,2281.75,1.77,-3.45,,0,14:59:43,00,Y,N,0,0,Y,,2023-05-23 开始转股,计算使用2.5年期 评级为AA- 债参考YTM：2.1471,N,3.98,全价：125.735 最后更新：14:59:43,,,,0,[],0,0,N,,,buy,buy
2026-06-02 11:49:54,118032,建龙转债,jlzz,125.264,0.22,688357,建龙微纳,jlwn,28.9,-1.67,1.55,71.71,40.3,0,210.82,336.08,220309,基础化工,shkc,C,2023-04-07,[],0,0,buy,AA-,,50.197,93.223,24.2,buy,2029-03-08,2.767,6.999,2326.62,4668.23,2.66,-2.02,,0,14:58:13,00,Y,N,0,0,Y,,2023-09-14 开始转股,计算使用2.8年期 评级为AA- 债参考YTM：2.2605,N,7.0,全价：125.264 最后更新：14:58:13,,,,0,{'M': ''},0,0,N,,,buy,buy
2026-06-02 11:49:54,127025,冀东转债,jdzz,105.322,0.04,000401,金隅冀东,jyjd,4.06,-0.98,0.41,12.91,31.45,0,234.9,340.22,610101,建筑材料,szmb,C,2020-12-02,[],0,0,buy,AAA,,9.037,16.783,16.6,buy,2026-11-05,0.427,17.764,2242.5,3480.99,1.2,1.52,,0,15:34:45,00,Y,Y,0,0,Y,,2021-05-11 开始转股,计算使用0.5年期 评级为AAA 债参考YTM：1.4222,N,28.2,全价：105.322 最后更新：15:34:45,,,,0,{'M': ''},0,0,N,,,buy,buy
2026-06-02 11:49:54,123072,乐歌转债,lgzz,122.85,-0.34,300729,乐歌股份,lggf,11.22,-3.36,1.04,32.61,34.41,0,257.05,379.9,360311,轻工制造,szcy,C,2020-11-10,[],0,0,buy,A+,,22.827,42.393,3.9,buy,2026-10-21,0.386,1.418,899.24,4289.26,5.17,-6.05,,0,15:34:27,00,Y,N,0,0,Y,,2021-04-27 开始转股,计算使用0.4年期 评级为A+ 债参考YTM：4.0246,N,1.42,全价：122.850 最后更新：15:34:27,,,,0,[],0,0,N,,,buy,buy
2026-06-02 11:49:54,113633,科沃转债,kwzz,121.324,-0.51,603486,科沃斯,kws,58.4,-2.0,3.6,173.8,33.6,0,261.06,382.38,330302,家用电器,shmb,C,2021-12-29,[],0,0,buy,AA,,121.66,225.94,3.1,buy,2027-11-30,1.496,10.396,3275.79,31047.75,2.6,-5.38,,0,14:58:44,00,Y,N,0,0,Y,,2022-06-06 开始转股,计算使用1.5年期 评级为AA 债参考YTM：1.5891,N,10.4,全价：121.324 最后更新：14:58:44,,,,0,{'M': ''},0,0,N,,,buy,buy
2026-06-02 11:49:54,128124,科华转债,khzz,105.649,-0.03,002022,科华生物,khsw,5.5,-3.17,1.1,20.64,26.65,0,296.47,402.12,370504,医药生物,szmb,C,2020-08-20,[],0,0,buy,A+,,14.448,26.832,7.9,buy,2026-07-28,0.153,2.245,1638.48,4246.75,6.91,2.21,,0,15:34:24,00,Y,N,0,0,Y,,2021-02-03 开始转股,计算使用0.2年期 评级为A+ 债参考YTM：3.9966,N,7.38,全价：105.649 最后更新：15:34:24,,,,0,[],0,0,N,,,buy,buy
2026-06-02 11:49:54,123179,立高转债,lgzz,121.999,-0.05,300973,立高食品,lgsp,27.59,-2.92,1.71,95.13,29.0,0,320.65,442.65,340802,食品饮料,szcy,C,2023-03-27,[],0,0,buy,AA-,,66.591,123.669,29.0,buy,2029-03-07,2.764,9.499,1059.99,7885.81,0.92,-0.97,,0,15:33:54,00,Y,N,0,0,Y,,2023-09-13 开始转股,计算使用2.8年期 评级为AA- 债参考YTM：2.2605,N,9.5,全价：121.999 最后更新：15:33:54,,,,0,{'M': ''},0,0,N,,,buy,buy
2026-06-02 11:49:54,118010,洁特转债,jtzz,122.915,0.9,688026,洁特生物,jtsw,13.92,-2.25,1.64,47.95,29.03,0,323.4,446.32,370503,医药生物,shkc,C,2022-08-02,[],0,0,buy,A+,,33.565,62.335,22.5,buy,2028-06-28,2.074,4.399,1573.89,1995.19,2.92,-3.93,,0,14:58:42,00,Y,N,0,0,Y,,2023-01-04 开始转股,计算使用2.1年期 评级为A+ 债参考YTM：4.3592,N,4.4,全价：122.915 最后更新：14:58:42,,,,0,{'M': ''},0,0,N,,,buy,buy
2026-06-02 11:49:54,113059,福莱转债,flzz,121.085,-0.02,601865,福莱特,flt,11.56,-1.78,1.2,41.71,27.72,0,336.89,457.98,630504,电力设备,shmb,C,2022-06-13,[],0,0,buy,AA,,29.197,54.223,18.2,buy,2028-05-20,1.967,39.999,2668.04,17770.43,0.55,-3.13,,0,14:58:55,00,Y,N,1,0,Y,转股价下修1次，成功下修0次,2022-11-28 开始转股,计算使用2.0年期 评级为AA 债参考YTM：1.6467,N,40.0,全价：121.085 最后更新：14:58:55,,,,1,{'M': ''},0,0,N,,,buy,buy
2026-06-02 11:49:54,123154,火星转债,hxzz,124.228,0.18,300894,火星人,hxr,9.14,-3.08,3.53,33.03,27.67,0,348.93,473.16,330401,家用电器,szcy,C,2022-08-23,[],0,0,buy,AA-,,23.121,42.939,19.7,buy,2028-08-05,2.178,5.289,776.11,3831.28,1.18,-2.19,,0,15:34:42,00,Y,N,0,0,Y,,2023-02-13 开始转股,计算使用2.2年期 评级为AA- 债参考YTM：2.0461,N,5.29,全价：124.228 最后更新：15:34:42,,,,0,{'M': ''},0,0,N,,,buy,buy
