抓取时间,bond_id,bond_nm,bond_py,price,increase_rt,stock_id,stock_nm,stock_py,sprice,sincrease_rt,pb,convert_price,convert_value,convert_begin,premium_rt,dblow,sw_cd,sw_name,market_cd,btype,list_dt,t_flag,owned,hold,bond_value,rating_cd,option_value,put_convert_price,force_redeem_price,convert_amt_ratio,fund_rt,maturity_dt,year_left,curr_iss_amt,volume,svolume,turnover_rt,ytm_rt,put_ytm_rt,noted,last_time,qstatus,sqflag,pb_flag,adj_cnt,adj_scnt,convert_price_valid,convert_price_tips,convert_cd_tip,ref_yield_info,adjusted,orig_iss_amt,price_tips,redeem_dt,real_force_redeem_price,option_tip,after_next_put_dt,icons,is_min_price,blocked,putting,force_redeem_price_tip,notes,volatility_rate,debt_rate
2026-09-21 14:26:01,123285,润禾转02,rhz02,100.0,0.0,300727,润禾材料,rhcl,35.57,0.68,4.74,31.1,114.37,176,-12.57,87.43,220316,基础化工,szcy,C,,[],0,0,buy,A+,,21.77,40.43,6.4,buy,2032-09-09,5.973,3.7,0.0,13844.46,0.0,2.84,,0,,00,Y,N,0,0,Y,,未到转股期；2027-03-16 开始转股,计算使用6.0年期 评级为A+ 债参考YTM：5.1308,N,3.7,待上市,,,,0,[],0,0,N,,,buy,buy
2026-09-21 14:26:01,123286,国科转债,gkzz,100.0,0.0,301571,国科天成,gktc,76.94,2.97,6.51,74.5,103.28,190,-3.17,96.83,650501,国防军工,szcy,C,,[],0,0,buy,AA-,,52.15,96.85,9.3,buy,2032-09-22,6.003,8.49,0.0,60252.15,0.0,2.19,,0,,00,Y,N,0,0,Y,,未到转股期；2027-03-30 开始转股,计算使用6.1年期 评级为AA- 债参考YTM：2.8154,N,8.49,待上市,,,,0,{'M': ''},0,0,N,,,buy,buy
2026-09-21 14:26:01,127117,奥士转债,aszz,100.0,0.0,002913,奥士康,ask,84.5,0.52,6.1,83.96,100.64,190,-0.64,99.36,270202,电子,szmb,C,,[],0,0,buy,AA,,58.772,109.148,3.9,buy,2032-09-22,6.003,10.0,0.0,166200.43,0.0,2.15,,0,,00,Y,N,0,0,Y,,未到转股期；2027-03-30 开始转股,计算使用6.1年期 评级为AA 债参考YTM：2.0161,N,10.0,待上市,,,,0,{'M': ''},0,0,N,,,buy,buy
2026-09-21 14:26:01,123258,胜蓝转02,slz2,262.051,-1.54,300843,胜蓝股份,slgf,143.17,-1.13,13.59,54.36,263.37,0,-0.5,261.55,270504,电子,szcy,C,2025-09-10,[],0,0,buy,AA-,,38.052,70.668,1.7,buy,2031-08-28,,3.873,86399.48,71612.69,83.97,,,0,15:34:15,00,Y,N,0,0,Y,,2026-03-03 开始转股,强赎登记日2026-09-29，赎回价格100.0500元，如不考虑强赎纯债价值为105.21元，计算使用5.0年期 评级为AA- 债参考YTM：2.3192,N,4.5,全价：262.051 最后更新：15:34:15,2026-09-29,100.0500,如不考虑强赎期权价值为206.58元,0,"{'R': '最后交易日 2026年9月29日\r\n最后转股日 2026年10月9日\r\n赎回价 100.05元/张', 'M': ''}",0,0,N,,,buy,buy
2026-09-21 14:26:01,113046,金田转债,jtzz,130.065,-1.24,601609,金田股份,jtgf,13.26,-0.15,2.21,10.18,130.26,0,-0.15,129.92,240302,有色金属,shmb,C,2021-04-12,[],0,0,buy,AA+,,7.126,13.234,6.5,buy,2027-03-22,0.499,14.971,22717.16,54536.16,11.58,-30.94,,0,14:59:59,00,Y,N,0,0,Y,,2021-09-27 开始转股,计算使用0.5年期 评级为AA+ 债参考YTM：1.5101,N,15.0,全价：130.065 最后更新：14:59:59,,,,1,{'M': ''},0,0,N,,,buy,buy
2026-09-21 14:26:01,110077,洪城转债,hczz,201.199,-0.81,600461,洪城环境,hchj,8.88,-0.78,1.17,4.41,201.36,0,-0.08,201.12,760102,环保,shmb,C,2020-12-17,[],0,0,buy,AA+,,3.087,5.733,4.4,buy,2026-11-20,0.164,5.202,6896.81,11396.29,6.58,-280.49,,0,14:59:54,00,Y,N,0,0,Y,,2021-05-26 开始转股,计算使用0.2年期 评级为AA+ 债参考YTM：1.5001,N,18.0,全价：201.199 最后更新：14:59:54,,,,1,"{'G': '本次（2026年7月12日至2026年7月31日）不提前赎回，至到期日止均不行使提前赎回权利', 'M': ''}",0,0,N,,,buy,buy
2026-09-21 14:26:01,113042,上银转债,syzz,117.305,0.03,601229,上海银行,shyh,9.54,-0.21,0.51,8.35,114.25,0,2.67,119.98,480401,银行,shmb,C,2021-02-10,[],0,0,buy,AAA,,,10.855,14.1,buy,2027-01-25,0.345,192.16,14617.42,33773.19,0.65,-13.1,,0,14:59:32,00,Y,Y,0,0,Y,,2021-07-29 开始转股,计算使用0.4年期 评级为AAA 债参考YTM：1.4851,N,200.0,全价：117.305 最后更新：14:59:32,,,,0,{'M': ''},0,0,N,,,buy,buy
2026-09-21 14:26:01,127047,帝欧转债,dozz,133.6,-0.46,002798,帝欧水华,dosh,6.62,-0.3,1.9,5.1,129.8,0,2.92,136.52,360306,轻工制造,szmb,C,2021-11-26,[],0,0,buy,BBB+,,3.57,6.63,13.6,buy,2027-10-25,1.093,4.654,3531.86,5067.09,5.66,-11.59,,0,15:34:42,00,Y,N,1,1,Y,转股价下修1次，成功下修1次,2022-04-29 开始转股,计算使用1.1年期 评级为BBB+ 债参考YTM：11.8773,N,15.0,全价：133.600 最后更新：15:34:42,,,,1,[],0,0,N,,,buy,buy
2026-09-21 14:26:01,123243,严牌转债,ypzz,254.883,-0.51,301081,严牌股份,ypgf,17.73,1.03,3.63,7.22,245.57,0,3.79,258.67,760201,环保,szcy,C,2024-07-26,[],0,0,buy,A+,,5.054,9.386,6.4,buy,2030-07-10,3.803,2.558,84113.47,18993.02,128.62,-18.52,,0,15:34:27,00,Y,N,0,0,Y,,2025-01-16 开始转股,计算使用3.9年期 评级为A+ 债参考YTM：4.5824,N,4.679,全价：254.883 最后更新：15:34:27,,,,0,"{'G': '本次（2026年8月27日至2026年9月16日）不提前赎回，以2026年12月16日后的首个交易日重新计算', 'M': ''}",0,0,N,,,buy,buy
2026-09-21 14:26:01,128134,鸿路转债,hlzz,111.074,-0.23,002541,鸿路钢构,hlgg,18.66,0.27,1.29,17.49,106.69,0,4.11,115.18,620401,建筑装饰,szmb,C,2020-11-02,[],0,0,buy,AA,,12.243,22.737,11.6,buy,2026-10-09,0.049,11.073,29028.1,17456.65,23.68,-20.75,,0,15:34:09,00,Y,N,2,2,Y,转股价下修2次，成功下修2次,2021-04-15 开始转股,计算使用0.1年期 评级为AA 债参考YTM：1.5100,N,18.8,全价：111.074 最后更新：15:34:09,,,,0,"{'R': '到期\n最后交易日：2026-09-28\n最后转股日：2026-10-08\n债券到期日：2026-10-09\n到期赎回价：110.000元/张', 'M': ''}",0,0,N,,,buy,buy
2026-09-21 14:26:01,123091,长海转债,chzz,139.249,-1.89,300196,长海股份,chgf,19.76,-3.66,1.67,14.79,133.6,0,4.23,143.48,610202,建筑材料,szcy,C,2021-01-15,[],0,0,buy,AA,,10.353,19.227,11.2,buy,2026-12-23,0.255,5.46,35713.25,57172.57,46.43,-80.47,,0,15:33:57,00,Y,N,0,0,Y,,2021-06-29 开始转股,计算使用0.3年期 评级为AA 债参考YTM：1.5108,N,5.5,全价：139.249 最后更新：15:33:57,,,,1,[],0,0,N,,,buy,buy
2026-09-21 14:26:01,111000,起帆转债,qfzz,137.446,-0.09,605222,起帆电缆,qfdl,22.71,1.43,1.91,17.29,131.35,0,4.64,142.09,630805,电力设备,shmb,C,2021-06-17,[],0,0,buy,AA-,,12.103,22.477,10.7,buy,2027-05-24,0.671,9.991,15893.88,17777.64,11.49,-24.33,,0,14:59:57,00,Y,N,1,1,Y,转股价下修1次，成功下修1次,2021-11-29 开始转股,计算使用0.7年期 评级为AA- 债参考YTM：1.7228,N,10.0,全价：137.446 最后更新：14:59:57,,,,1,{'G': '本次（2026年3月13日至2026年4月20日）不提前赎回，以2026年10月21日为首个交易日重新起算'},0,0,N,,,buy,buy
2026-09-21 14:26:01,113605,大参转债,dszz,111.519,-0.26,603233,大参林,dsl,17.95,-2.34,2.64,16.86,106.47,0,4.75,116.27,370403,医药生物,shmb,C,2020-11-13,[],0,0,buy,AA,,11.802,21.918,6.9,buy,2026-10-22,0.085,14.044,12463.22,17962.22,7.97,-16.57,,0,14:59:58,00,Y,N,1,1,Y,转股价下修1次，成功下修1次,2021-04-28 开始转股,计算使用0.1年期 评级为AA 债参考YTM：1.5100,N,14.05,全价：111.519 最后更新：14:59:58,,,,1,"{'R': '到期\n最后交易日：2026-10-16\n最后转股日：2026-10-21\n债券到期日：2026-10-22\n到期赎回价：110.000元/张', 'M': ''}",0,0,N,,,buy,buy
2026-09-21 14:26:01,113043,财通转债,ctzz,112.965,0.76,601108,财通证券,ctzq,8.6,1.9,1.01,7.98,107.77,0,4.82,117.79,490101,非银金融,shmb,C,2020-12-28,[],0,0,buy,AAA,,,10.374,9.5,buy,2026-12-10,0.219,37.992,7703.51,44618.79,1.8,-28.49,,0,14:59:58,00,Y,Y,1,1,Y,转股价下修1次，成功下修1次,2021-06-16 开始转股,计算使用0.3年期 评级为AAA 债参考YTM：1.4808,N,38.0,全价：112.965 最后更新：14:59:58,,,,0,{'M': ''},0,0,N,,,buy,buy
2026-09-21 14:26:01,127061,美锦转债,mjzz,109.939,-0.11,000723,美锦能源,mjny,3.62,0.84,1.28,3.47,104.32,0,5.38,115.32,740201,煤炭,szmb,C,2022-05-30,[],0,0,buy,A,,2.429,4.511,17.4,buy,2028-04-20,1.581,27.742,7432.9,18846.85,2.44,6.07,,0,15:33:54,00,Y,N,2,2,Y,转股价下修2次，成功下修2次,2022-10-26 开始转股,计算使用1.6年期 评级为A 债参考YTM：6.5634,N,35.9,全价：109.939 最后更新：15:33:54,,,,1,{'M': ''},0,0,N,,,buy,buy
2026-09-21 14:26:01,113056,重银转债,cyzz,124.971,-0.4,601963,重庆银行,cqyh,10.9,0.0,0.59,9.22,118.22,0,5.71,130.68,480401,银行,shmb,C,2022-04-14,[],0,0,buy,AAA,,,11.986,52.1,buy,2028-03-23,1.504,115.622,18532.05,8886.82,1.28,-6.86,,0,14:59:59,00,Y,N,0,0,Y,,2022-09-30 开始转股,计算使用1.6年期 评级为AAA 债参考YTM：1.5590,N,130.0,全价：124.971 最后更新：14:59:59,,,,0,{'M': ''},0,0,N,,,buy,buy
2026-09-21 14:26:01,123160,泰福转债,tfzz,157.61,-4.49,300992,泰福泵业,tfby,29.24,-5.22,3.04,19.7,148.43,0,6.19,163.8,640106,机械设备,szcy,C,2022-10-25,[],0,0,buy,A,,13.79,25.61,10.2,buy,2028-09-28,2.022,2.314,36212.57,30725.86,96.22,-13.16,,0,15:34:18,00,Y,N,1,1,Y,转股价下修1次，成功下修1次,2023-04-11 开始转股,计算使用2.1年期 评级为A 债参考YTM：6.6615,N,3.349,全价：157.610 最后更新：15:34:18,,,,0,{'M': ''},0,0,N,,,buy,buy
2026-09-21 14:26:01,123245,集智转债,jzzz,397.199,-1.59,300553,集智股份,jzgf,67.55,-1.65,8.87,18.06,374.03,0,6.19,403.39,640107,机械设备,szcy,C,2024-08-28,[],0,0,buy,A,,12.642,23.478,2.7,buy,2030-08-14,3.899,1.537,44469.18,30097.25,72.2,-26.76,,0,15:34:30,00,Y,N,0,0,Y,,2025-02-20 开始转股,计算使用3.9年期 评级为A 债参考YTM：6.9324,N,2.546,全价：397.199 最后更新：15:34:30,,,,0,{'G': '本次（2026年6月2日至2026年6月23日）不提前赎回，自2026年9月23日后首个交易日重新计算'},0,0,N,,,buy,buy
2026-09-21 14:26:01,113062,常银转债,cyzz,127.826,-0.16,601128,常熟银行,csyh,6.25,-0.32,0.68,5.25,119.05,0,7.37,135.2,480501,银行,shmb,C,2022-10-17,[],0,0,buy,AAA,,,6.825,26.3,buy,2028-09-15,1.986,59.994,6652.7,20780.12,0.87,-8.06,,0,14:59:54,00,Y,N,0,0,Y,,2023-03-21 开始转股,计算使用2.0年期 评级为AAA 债参考YTM：1.5829,N,60.0,全价：127.826 最后更新：14:59:54,,,,0,{'M': ''},0,0,N,,,buy,buy
2026-09-21 14:26:01,128138,侨银转债,qyzz,131.56,-1.17,002973,侨银股份,qygf,12.97,-4.35,2.06,10.6,122.36,0,7.52,139.08,760103,环保,szmb,C,2020-12-24,[],0,0,buy,A+,,7.42,13.78,10.2,buy,2026-11-17,0.156,4.199,6554.99,16615.24,11.83,-7.73,,0,15:34:06,00,Y,N,3,3,Y,转股价下修3次，成功下修3次,2021-05-24 开始转股,计算使用0.2年期 评级为A+ 债参考YTM：4.0164,N,4.2,全价：131.560 最后更新：15:34:06,,,,1,[],0,0,N,,,buy,buy
2026-09-21 14:26:01,123207,冠中转债,gzzz,199.421,-0.88,300948,冠中生态,gzst,19.34,2.06,3.16,10.44,185.25,0,7.65,207.07,620307,建筑装饰,szcy,C,2023-08-09,[],0,0,buy,A-,,7.308,13.572,4.8,buy,2029-07-21,2.833,1.455,15199.35,4781.42,51.58,-16.9,,0,15:34:18,00,Y,N,1,1,Y,转股价下修1次，成功下修1次,2024-01-29 开始转股,计算使用2.9年期 评级为A- 债参考YTM：9.1672,N,4.0,全价：199.421 最后更新：15:34:18,,,,0,{'M': ''},0,0,N,,,buy,buy
2026-09-21 14:26:01,118058,微导转债,wdzz,376.494,-3.37,688147,微导纳米,wdnm,115.99,-4.93,17.41,33.29,348.42,0,8.06,384.55,630505,电力设备,shkc,C,2025-08-27,[],0,0,buy,AA,,23.303,43.277,2.2,buy,2031-08-06,4.877,11.698,67876.34,91029.26,15.19,-21.96,,0,15:00:00,00,Y,N,0,0,Y,,2026-02-12 开始转股,计算使用4.9年期 评级为AA 债参考YTM：1.8236,N,11.7,全价：376.494 最后更新：15:00:00,,,,0,{'M': ''},0,0,N,,,buy,buy
2026-09-21 14:26:01,127116,瑞鹄转02,rhz02,100.0,0.0,002997,瑞鹄模具,rhmj,26.84,0.68,2.12,29.18,91.98,183,8.72,108.72,280205,汽车,szmb,C,,[],0,0,buy,AA,,20.426,37.934,12.2,buy,2032-09-16,5.992,6.86,0.0,7281.76,0.0,1.85,,0,,00,Y,N,0,0,Y,,未到转股期；2027-03-23 开始转股,计算使用6.0年期 评级为AA 债参考YTM：2.0008,N,6.86,待上市,,,,0,{'M': ''},0,0,N,,,buy,buy
2026-09-21 14:26:01,113615,金诚转债,jczz,723.643,-0.81,603979,金诚信,jcx,73.54,0.29,3.7,11.12,661.33,0,9.42,733.06,240302,有色金属,shmb,C,2021-01-14,[],0,0,buy,AA,,7.784,14.456,1.1,buy,2026-12-23,0.255,4.958,20825.65,29089.52,5.74,-335.28,,0,15:00:00,00,Y,N,0,0,Y,,2021-06-29 开始转股,计算使用0.3年期 评级为AA 债参考YTM：1.5108,N,10.0,全价：723.643 最后更新：15:00:00,,,,1,"{'G': '本次（2025年10月10日至2025年10月30日）不提前赎回，至2026年12月22日到期均不提前赎回', 'M': ''}",0,0,N,,,buy,buy
2026-09-21 14:26:01,110081,闻泰转债,wtzz,100.766,-0.02,600745,*ST闻泰,wtkj,16.86,0.72,0.88,18.36,91.83,0,9.73,110.5,270102,电子,shmb,C,2021-08-20,[],0,0,buy,BBB-,,12.852,23.868,32.1,buy,2027-07-28,0.849,71.5,7652.97,36085.7,1.06,8.48,,0,14:59:56,00,Y,N,3,3,Y,转股价下修3次，成功下修3次,2022-02-07 开始转股,计算使用0.9年期 评级为BB 债参考YTM：23.8908,N,86.0,全价：100.766 最后更新：14:59:56,,,,1,[],0,0,N,,,buy,buy
2026-09-21 14:26:01,113681,镇洋转债,zyzz,136.805,-0.08,603213,镇洋发展,zyfz,13.55,0.44,3.24,10.95,123.74,0,10.55,147.36,220202,基础化工,shmb,C,2024-01-17,[],0,0,buy,AA-,,7.665,14.235,9.1,buy,2029-12-29,3.274,5.476,3419.58,1838.28,4.57,-4.17,,0,14:59:54,00,Y,N,0,0,Y,,2024-07-05 开始转股,计算使用3.3年期 评级为AA- 债参考YTM：2.1798,N,6.6,全价：136.805 最后更新：14:59:54,,,,0,[],0,0,N,,,buy,buy
2026-09-21 14:26:01,111015,东亚转债,dyzz,134.913,0.11,605177,东亚药业,dyyy,24.73,0.16,1.67,20.28,121.94,0,10.64,145.55,370101,医药生物,shmb,C,2023-08-02,[],0,0,buy,A+,,14.196,26.364,23.7,buy,2029-07-06,2.792,6.662,9120.48,27156.95,10.18,-4.61,,0,14:59:54,00,Y,N,1,1,Y,转股价下修1次，成功下修1次,2024-01-12 开始转股,计算使用2.8年期 评级为A+ 债参考YTM：4.4476,N,6.9,全价：134.913 最后更新：14:59:54,,,,0,[],0,0,N,,,buy,buy
2026-09-21 14:26:01,110076,华海转债,hhzz,112.502,0.72,600521,华海药业,hhyy,16.66,3.22,2.55,16.5,100.97,0,11.42,123.92,370102,医药生物,shmb,C,2020-11-25,[],0,0,buy,AA,,11.55,21.45,7.4,buy,2026-11-02,0.115,18.424,7353.81,57868.81,3.54,-19.32,,0,14:59:57,00,Y,N,1,1,Y,转股价下修1次，成功下修1次,2021-05-06 开始转股,计算使用0.2年期 评级为AA 债参考YTM：1.5101,N,18.426,全价：112.502 最后更新：14:59:57,,,,1,{'M': ''},0,0,N,,,buy,buy
2026-09-21 14:26:01,123076,强力转债,qlzz,124.159,0.13,300429,强力新材,qlxc,11.75,0.95,3.32,10.6,110.85,0,12.01,136.17,270601,电子,szcy,C,2020-12-04,[],0,0,buy,AA-,,7.42,13.78,6.5,buy,2026-11-19,0.162,3.218,2776.31,24823.41,6.96,-56.56,,0,15:34:00,00,Y,N,2,2,Y,转股价下修2次，成功下修2次,2021-05-25 开始转股,计算使用0.2年期 评级为AA- 债参考YTM：1.6664,N,8.5,全价：124.159 最后更新：15:34:00,,,,1,{'M': ''},0,0,N,,,buy,buy
2026-09-21 14:26:01,127030,盛虹转债,shzz,118.067,0.14,000301,东方盛虹,dfsh,13.9,1.61,2.37,13.21,105.22,0,12.21,130.28,750301,石油石化,szmb,C,2021-04-21,[],0,0,buy,AA+,,9.247,17.173,5.4,buy,2027-03-22,0.499,49.974,9430.3,27790.45,1.6,-17.1,,0,15:34:12,00,Y,N,0,0,Y,,2021-09-27 开始转股,计算使用0.5年期 评级为AA+ 债参考YTM：1.5101,N,50.0,全价：118.067 最后更新：15:34:12,,,,1,{'M': ''},0,0,N,,,buy,buy
2026-09-21 14:26:01,113631,皖天转债,wtzz,133.064,-0.08,603689,皖天然气,wtrq,7.7,1.05,1.08,6.51,118.28,0,12.5,145.56,410301,公用事业,shmb,C,2021-12-10,[],0,0,buy,AA+,,4.557,8.463,14.8,buy,2027-11-08,1.132,5.958,2848.06,2801.85,3.6,-14.44,,0,14:59:55,00,Y,N,0,0,Y,,2022-05-12 开始转股,计算使用1.2年期 评级为AA+ 债参考YTM：1.5555,N,9.3,全价：133.064 最后更新：14:59:55,,,,1,[],0,0,N,,,buy,buy
2026-09-21 14:26:01,113710,四方转债,sfzz,100.0,0.0,603339,四方科技,sfkj,13.21,2.8,1.47,14.87,88.84,169,12.57,112.57,640105,机械设备,shmb,C,2026-09-23,[],0,0,buy,AA,,10.409,19.331,25.0,buy,2032-09-02,5.953,10.234,0.0,15083.13,0.0,2.17,,0,,00,Y,N,0,0,Y,,未到转股期；2027-03-09 开始转股,计算使用6.0年期 评级为AA 债参考YTM：2.0008,N,10.234,待上市,,,,0,[],0,0,N,,,buy,buy
2026-09-21 14:26:01,128136,立讯转债,lxzz,110.313,-1.56,002475,立讯精密,lxjm,54.44,0.63,4.5,55.67,97.79,0,12.81,123.12,270504,电子,szmb,C,2020-12-02,[],0,0,buy,AA+,,38.969,72.371,0.7,buy,2026-11-03,0.118,29.812,9327.74,350758.16,2.82,-18.22,,0,15:34:12,00,Y,N,0,0,Y,,2021-05-10 开始转股,计算使用0.2年期 评级为AA+ 债参考YTM：1.5001,N,30.0,全价：110.313 最后更新：15:34:12,,,,1,"{'R': '到期\n最后交易日：2026-10-28\n最后转股日：2026-11-02\n', 'M': ''}",0,0,N,,,buy,buy
2026-09-21 14:26:01,113058,友发转债,yfzz,128.743,-0.22,601686,友发集团,yfjt,5.11,0.59,1.07,4.48,114.06,0,12.87,141.61,230403,钢铁,shmb,C,2022-04-26,[],0,0,buy,AA,,3.136,5.824,24.6,buy,2028-03-30,1.523,18.638,3691.99,2173.07,1.54,-7.87,,0,14:58:56,00,Y,N,2,2,Y,转股价下修2次，成功下修2次,2022-10-10 开始转股,计算使用1.6年期 评级为AA 债参考YTM：1.6130,N,20.0,全价：128.743 最后更新：14:58:56,,,,1,[],0,0,N,,,buy,buy
2026-09-21 14:26:01,123213,天源转债,tyzz,278.996,0.11,301127,武汉天源,whty,17.38,1.4,3.35,7.1,244.79,0,13.97,292.97,760102,环保,szcy,C,2023-08-16,[],0,0,buy,AA-,,4.97,9.23,2.9,buy,2029-07-28,2.852,3.26,37793.17,34280.06,40.93,-26.9,,0,15:34:33,00,Y,N,0,0,Y,,2024-02-05 开始转股,计算使用2.9年期 评级为AA- 债参考YTM：2.1171,N,10.0,全价：278.996 最后更新：15:34:33,,,,0,"{'G': '本次（2026年3月13日至2026年4月2日）不提前赎回，自2026年10月2日后首个交易日重新计算', 'M': ''}",0,0,N,,,buy,buy
2026-09-21 14:26:01,113610,灵康转债,lkzz,122.59,1.66,603669,灵康药业,lkyy,5.9,5.73,6.56,5.5,107.27,0,14.28,136.87,370102,医药生物,shmb,C,2020-12-22,[],0,0,buy,A-,,3.85,7.15,6.0,buy,2026-12-01,0.195,2.528,11457.55,35212.3,36.82,-32.28,,0,14:59:57,00,Y,N,3,3,Y,转股价下修3次，成功下修3次,2021-06-07 开始转股,计算使用0.2年期 评级为A- 债参考YTM：8.7164,N,5.25,全价：122.590 最后更新：14:59:57,,,,1,[],0,0,N,,,buy,buy
2026-09-21 14:26:01,127040,国泰转债,gtzz,118.136,-0.73,002091,江苏国泰,jsgt,7.59,-0.39,0.77,7.35,103.27,0,14.4,132.54,450201,商贸零售,szmb,C,2021-08-10,[],0,0,buy,AA+,,5.145,9.555,32.8,buy,2027-07-07,0.792,39.863,3528.53,8861.74,0.75,-10.87,,0,15:34:33,00,Y,N,0,0,Y,,2022-01-13 开始转股,计算使用0.8年期 评级为AA+ 债参考YTM：1.5209,N,45.574,全价：118.136 最后更新：15:34:33,,,,1,{'M': ''},0,0,N,,,buy,buy
2026-09-21 14:26:01,127080,声迅转债,sxzz,242.8,2.53,003004,声迅股份,sxgf,61.37,0.38,7.28,28.94,212.06,0,14.5,257.3,710102,计算机,szmb,C,2023-02-10,[],0,0,buy,A,,20.258,37.622,6.6,buy,2028-12-30,2.277,2.793,117221.99,22203.39,171.68,-27.32,,0,15:33:57,00,Y,N,0,0,Y,,2023-07-07 开始转股,计算使用2.3年期 评级为A 债参考YTM：6.6996,N,2.8,全价：242.800 最后更新：15:33:57,,,,0,{'G': '本次（2026年8月31日至2026年9月18日）不提前赎回，自2026年12月21日重新计算'},0,0,N,,,buy,buy
2026-09-21 14:26:01,113066,平煤转债,pmzz,138.441,-0.13,601666,平煤股份,pmgf,9.01,1.81,0.88,7.46,120.78,0,14.62,153.06,740102,煤炭,shmb,C,2023-04-10,[],0,0,buy,AAA,,5.222,9.698,6.4,buy,2029-03-16,2.485,14.274,7474.46,16557.81,3.78,-9.03,,0,14:59:56,00,Y,N,1,1,Y,转股价下修1次，成功下修1次,2023-09-22 开始转股,计算使用2.5年期 评级为AAA 债参考YTM：1.6073,N,29.0,全价：138.441 最后更新：14:59:56,,,,0,{'M': ''},0,0,N,,,buy,buy
2026-09-21 14:26:01,123235,亿田转债,ytzz,176.235,-2.69,300911,亿田智能,ytzn,32.73,2.44,5.35,21.31,153.59,0,14.74,190.98,330401,家用电器,szcy,C,2024-01-12,[],0,0,buy,A+,,14.917,27.703,7.8,buy,2029-12-21,3.252,4.352,81242.24,44604.14,102.76,-11.47,,0,15:34:12,00,Y,N,0,0,Y,,2024-06-27 开始转股,计算使用3.3年期 评级为A+ 债参考YTM：4.5313,N,5.202,全价：176.235 最后更新：15:34:12,,,,0,{'M': ''},0,0,N,,,buy,buy
2026-09-21 14:26:01,123178,花园转债,hyzz,144.76,-0.09,300401,花园生物,hysw,16.81,2.19,2.56,13.34,126.01,0,14.88,159.64,370101,医药生物,szcy,C,2023-03-23,[],0,0,buy,AA-,,9.338,17.342,12.9,buy,2029-03-06,2.458,11.58,11415.55,39369.11,6.8,-7.95,,0,15:34:21,00,Y,N,1,1,Y,转股价下修1次，成功下修1次,2023-09-11 开始转股,计算使用2.5年期 评级为AA- 债参考YTM：2.0373,N,12.0,全价：144.760 最后更新：15:34:21,,,,0,{'M': ''},0,0,N,,,buy,buy
2026-09-21 14:26:01,127110,广核转债,ghzz,136.682,0.0,003816,中国广核,zggh,4.23,-0.24,1.73,3.58,118.16,0,15.68,152.36,410108,公用事业,szmb,C,2025-07-25,[],0,0,buy,AAA,,2.506,4.654,2.9,buy,2031-07-09,4.8,48.992,8610.62,39374.55,1.29,-4.49,,0,15:34:06,00,Y,N,0,0,Y,,2026-01-15 开始转股,计算使用4.8年期 评级为AAA 债参考YTM：1.6944,N,49.0,全价：136.682 最后更新：15:34:06,,,,0,{'M': ''},0,0,N,,,buy,buy
2026-09-21 14:26:01,123092,天壕转债,thzz,116.849,-0.18,300332,天壕能源,thny,5.01,1.83,1.09,4.97,100.81,0,15.92,132.77,410301,公用事业,szcy,C,2021-01-15,[],0,0,buy,A+,,3.479,6.461,8.4,buy,2026-12-24,0.258,3.416,2222.8,10560.14,5.56,-6.21,,0,15:34:00,00,Y,N,0,0,Y,,2021-06-30 开始转股,计算使用0.3年期 评级为A+ 债参考YTM：4.0228,N,4.23,全价：116.849 最后更新：15:34:00,,,,1,{'M': ''},0,0,N,,,buy,buy
2026-09-21 14:26:01,113051,节能转债,jnzz,118.575,-0.76,601016,节能风电,jnfd,3.39,-1.17,1.22,3.32,102.11,0,16.13,134.71,410107,公用事业,shmb,C,2021-07-22,[],0,0,buy,AAA,,2.324,4.316,13.0,buy,2027-06-21,0.748,26.519,6124.09,27737.19,1.94,-9.67,,0,14:59:49,00,Y,N,1,0,Y,转股价下修1次，成功下修0次,2021-12-27 开始转股,计算使用0.8年期 评级为AAA 债参考YTM：1.5009,N,30.0,全价：118.575 最后更新：14:59:49,,,,1,{'M': ''},0,0,N,,,buy,buy
2026-09-21 14:26:01,127053,豪美转债,hmzz,218.252,0.73,002988,豪美新材,hmxc,32.1,2.0,2.9,17.23,186.3,0,17.15,235.4,240301,有色金属,szmb,C,2022-03-04,[],0,0,buy,AA-,,12.061,22.399,3.2,buy,2028-01-24,1.343,2.575,16607.79,16074.05,29.59,-36.11,,0,15:34:06,00,Y,N,1,1,Y,转股价下修1次，成功下修1次,2022-07-28 开始转股,计算使用1.4年期 评级为AA- 债参考YTM：1.8368,N,8.24,全价：218.252 最后更新：15:34:06,,,,1,{'G': '本次（2026年4月30日至2026年5月25日）不提前赎回，以2026年11月25日后首个交易日起重新计算'},0,0,N,,,buy,buy
2026-09-21 14:26:01,123080,海波转债,hbzz,123.99,-0.05,300517,海波重科,hbzk,11.87,0.17,2.29,11.28,105.23,0,17.83,141.82,620401,建筑装饰,szcy,C,2020-12-22,[],0,0,buy,A+,,7.896,14.664,9.9,buy,2026-12-02,0.197,1.485,1603.93,7569.54,8.7,-16.55,,0,15:33:57,00,Y,N,0,0,Y,,2021-06-08 开始转股,计算使用0.2年期 评级为A+ 债参考YTM：4.0164,N,2.45,全价：123.990 最后更新：15:33:57,,,,1,[],0,0,N,,,buy,buy
2026-09-21 14:26:01,127070,大中转债,dzzz,280.5,3.15,001203,大中矿业,dzky,24.74,5.32,5.17,10.56,234.28,0,19.73,300.23,230301,钢铁,szmb,C,2022-10-11,[],0,0,buy,AA,,7.392,13.728,2.9,buy,2028-08-17,1.907,9.342,74652.14,49974.43,28.57,-37.93,,0,15:34:18,00,Y,N,0,0,Y,,2023-02-23 开始转股,计算使用2.0年期 评级为AA 债参考YTM：1.6429,N,15.2,全价：280.500 最后更新：15:34:18,,,,1,{'M': ''},0,0,N,,,buy,buy
2026-09-21 14:26:01,123247,万凯转债,wkzz,189.607,-0.99,301216,万凯新材,wkxc,17.52,0.81,1.54,11.15,157.13,0,20.67,210.28,220501,基础化工,szcy,C,2024-09-05,[],0,0,buy,AA,,7.805,14.495,20.6,buy,2030-08-16,3.904,19.642,13734.68,26704.32,3.65,-12.34,,0,15:33:54,00,Y,N,0,0,Y,,2025-02-24 开始转股,计算使用4.0年期 评级为AA 债参考YTM：1.7721,N,27.0,全价：189.607 最后更新：15:33:54,,,,0,"{'G': '本次（2026年6月17日至2026年7月8日）不提前赎回，自2026年10月8日后首个交易日重新计算', 'M': ''}",0,0,N,,,buy,buy
2026-09-21 14:26:01,127078,优彩转债,yczz,157.8,2.13,002998,优彩资源,yczy,7.98,2.18,1.57,6.11,130.61,0,20.82,178.62,220401,基础化工,szmb,C,2023-01-09,[],0,0,buy,A+,,4.277,7.943,19.3,buy,2028-12-14,2.233,4.158,8326.81,8637.1,12.74,-12.02,,0,15:34:39,00,Y,N,0,0,Y,,2023-06-20 开始转股,计算使用2.3年期 评级为A+ 债参考YTM：4.3496,N,6.0,全价：157.800 最后更新：15:34:39,,,,0,{'G': '本次（2026年8月7日至2026年9月3日）不提前赎回，自2026年12月3日后首个交易日重新计算'},0,0,N,,,buy,buy
2026-09-21 14:26:01,118062,天准转债,tzzz,180.548,-1.47,688003,天准科技,tzkj,82.2,-1.79,7.91,55.13,149.1,0,21.09,201.64,640704,机械设备,shkc,C,2025-12-31,[],0,0,buy,AA-,,38.591,66.156,5.4,buy,2031-12-12,5.227,8.719,22968.19,31959.69,14.46,-8.26,,0,14:59:59,00,Y,N,0,0,Y,,2026-06-18 开始转股,计算使用5.3年期 评级为AA- 债参考YTM：2.4069,N,8.72,全价：180.548 最后更新：14:59:59,,,,0,"{'G': '本次（2026年6月18日至2026年7月9日）不提前赎回，以2026年10月10日为首个交易日重新计算', 'M': ''}",0,0,N,120%,,buy,buy
2026-09-21 14:26:01,113686,泰瑞转债,trzz,159.593,4.38,603289,泰瑞机器,trjq,10.51,10.05,2.11,8.0,131.38,0,21.48,181.07,640209,机械设备,shmb,C,2024-07-24,[],0,0,buy,AA-,,5.6,10.4,10.9,buy,2030-07-02,3.781,3.363,124921.32,18238.39,228.18,-7.49,,0,15:00:00,00,Y,N,0,0,Y,,2025-01-08 开始转股,计算使用3.8年期 评级为AA- 债参考YTM：2.2162,N,3.378,全价：159.593 最后更新：15:00:00,,,,0,[],0,0,N,,,buy,buy
2026-09-21 14:26:01,127045,牧原转债,myzz,118.866,0.41,002714,牧原股份,mygf,42.38,2.49,3.05,43.32,97.83,0,21.5,140.37,110702,农林牧渔,szmb,C,2021-09-10,[],0,0,buy,AAA,,30.324,56.316,6.9,buy,2027-08-16,0.901,95.429,6873.89,118918.08,0.61,-11.08,,0,15:34:45,00,Y,Y,0,0,Y,,2022-02-21 开始转股,计算使用1.0年期 评级为AAA 债参考YTM：1.5189,N,95.5,全价：118.866 最后更新：15:34:45,,,,1,{'M': ''},0,0,N,,,buy,buy
2026-09-21 14:26:01,123107,温氏转债,wszz,113.268,0.09,300498,温氏股份,wsgf,14.92,0.88,2.77,16.09,92.73,0,22.15,135.42,110702,农林牧渔,szcy,C,2021-04-21,[],0,0,buy,AAA,,11.263,20.917,8.7,buy,2027-03-29,0.518,77.063,4690.78,44477.51,0.54,-8.98,,0,15:34:03,00,Y,N,0,0,Y,,2021-10-08 开始转股,计算使用0.6年期 评级为AAA 债参考YTM：1.4936,N,92.97,全价：113.268 最后更新：15:34:03,,,,1,{'M': ''},0,0,N,,,buy,buy
2026-09-21 14:26:01,123187,超达转债,cdzz,216.7,5.34,301186,超达装备,cdzb,38.59,8.0,2.72,21.77,177.26,0,22.25,238.95,280205,汽车,szcy,C,2023-04-25,[],0,0,buy,A,,15.239,28.301,5.4,buy,2029-04-04,2.537,2.242,114403.57,13935.83,232.43,-21.35,,0,15:34:24,00,Y,N,0,0,Y,,2023-10-11 开始转股,计算使用2.6年期 评级为A 债参考YTM：6.7582,N,4.69,全价：216.700 最后更新：15:34:24,,,,0,"{'G': '本次（2026年8月3日至2026年8月21日）不提前赎回，以2027年2月21日之后的首个交易日重新起算', 'M': ''}",0,0,N,,,buy,buy
2026-09-21 14:26:01,127109,电化转债,dhzz,150.5,-0.07,002125,湘潭电化,xtdh,12.24,1.16,2.2,9.99,122.52,0,22.83,173.33,630702,电力设备,szmb,C,2025-07-04,[],0,0,buy,AA,,6.993,12.987,6.3,buy,2031-06-16,4.737,4.866,7060.73,12302.39,9.65,-5.69,,0,15:34:21,00,Y,N,0,0,Y,,2025-12-22 开始转股,计算使用4.8年期 评级为AA 债参考YTM：1.8181,N,4.87,全价：150.500 最后更新：15:34:21,,,,0,{'M': ''},0,0,N,,,buy,buy
2026-09-21 14:26:01,113691,和邦转债,hbzz,140.659,-0.31,603077,和邦生物,hbsw,2.29,1.33,1.05,2.0,114.5,0,22.85,163.51,220802,基础化工,shmb,C,2024-11-19,[],0,0,buy,AA,,1.4,2.6,22.7,buy,2030-10-28,4.104,45.99,9687.81,32847.74,1.49,-4.92,,0,15:00:00,00,Y,N,0,0,Y,,2025-05-06 开始转股,计算使用4.2年期 评级为AA 债参考YTM：1.7846,N,46.0,全价：140.659 最后更新：15:00:00,,,,0,"{'G': '本次（2026年1月22日至2026年3月10日）不提前赎回，以2027年3月10日之后的首个交易日重新起算', 'M': ''}",0,0,N,,,buy,buy
2026-09-21 14:26:01,111002,特纸转债,tzzz,138.481,-0.64,605007,五洲特纸,wztz,15.18,0.53,1.9,13.49,112.53,0,23.06,161.54,360103,轻工制造,shmb,C,2021-12-30,[],0,0,buy,AA,,9.443,17.537,9.2,buy,2027-12-08,1.214,6.619,3668.88,5905.05,3.99,-15.13,,0,14:59:54,00,Y,N,1,1,Y,转股价下修1次，成功下修1次,2022-06-14 开始转股,计算使用1.3年期 评级为AA 债参考YTM：1.5897,N,6.7,全价：138.481 最后更新：14:59:54,,,,1,[],0,0,N,,,buy,buy
2026-09-21 14:26:01,118051,皓元转债,hyzz,314.08,2.02,688131,XD皓元医,hyyy,102.18,3.53,6.57,40.13,254.62,0,23.35,337.43,370603,医药生物,shkc,C,2024-12-19,[],0,0,buy,AA-,,28.091,52.169,3.8,buy,2030-11-28,4.189,8.218,74216.57,47700.85,28.54,-21.25,,0,14:59:59,00,Y,N,0,0,Y,,2025-06-04 开始转股,计算使用4.2年期 评级为AA- 债参考YTM：2.2506,N,8.223,全价：314.080 最后更新：14:59:59,,,,0,"{'G': '本次（2026年5月20日至2026年6月9日）不提前赎回，以2026年10月12日为首个交易日重新计算', 'M': ''}",0,0,N,,,buy,buy
2026-09-21 14:26:01,123189,晓鸣转债,xmzz,137.55,-0.11,300967,晓鸣股份,xmgf,16.79,0.72,4.13,15.18,110.61,0,24.36,161.91,110703,农林牧渔,szcy,C,2023-04-25,[],0,0,buy,A,,10.626,19.734,15.7,buy,2029-04-06,2.543,3.286,2658.93,7090.78,5.87,-6.2,,0,15:34:15,00,Y,N,1,1,Y,转股价下修1次，成功下修1次,2023-10-12 开始转股,计算使用2.6年期 评级为A 债参考YTM：6.7582,N,3.29,全价：137.550 最后更新：15:34:15,,,,0,{'M': ''},0,0,N,,,buy,buy
2026-09-21 14:26:01,127103,东南转债,dnzz,136.497,-1.02,002135,东南网架,dnwj,6.11,0.16,1.08,5.59,109.3,0,24.88,161.38,620401,建筑装饰,szmb,C,2024-01-24,[],0,0,buy,AA,,3.913,7.267,32.1,buy,2030-01-03,3.288,19.999,4830.29,6249.93,1.76,-5.88,,0,15:34:51,00,Y,N,0,0,Y,,2024-07-09 开始转股,计算使用3.3年期 评级为AA 债参考YTM：1.7261,N,20.0,全价：136.497 最后更新：15:34:51,,,,0,{'M': ''},0,0,N,,,buy,buy
2026-09-21 14:26:01,110084,贵燃转债,grzz,132.123,0.4,600903,贵州燃气,gzrq,6.79,1.95,2.43,6.42,105.76,0,24.92,157.04,410301,公用事业,shmb,C,2022-01-18,[],0,0,buy,AA,,4.494,8.346,10.3,buy,2027-12-27,1.266,8.157,5839.54,34487.83,5.41,-12.5,,0,14:59:54,00,Y,N,2,2,Y,转股价下修2次，成功下修2次,2022-07-01 开始转股,计算使用1.3年期 评级为AA 债参考YTM：1.5897,N,10.0,全价：132.123 最后更新：14:59:54,,,,1,{'M': ''},0,0,N,,,buy,buy
2026-09-21 14:26:01,127084,柳工转2,lgz2,137.7,0.45,000528,柳工,lg,7.69,0.52,0.81,6.98,110.17,0,24.99,162.69,640601,机械设备,szmb,C,2023-04-20,[],0,0,buy,AAA,,4.886,9.074,15.8,buy,2029-03-27,2.515,24.809,6127.98,15507.16,1.8,-6.78,,0,15:33:54,00,Y,N,0,0,Y,,2023-10-09 开始转股,计算使用2.6年期 评级为AAA 债参考YTM：1.6111,N,30.0,全价：137.700 最后更新：15:33:54,,,,0,{'M': ''},0,0,N,,,buy,buy
2026-09-21 14:26:01,123104,卫宁转债,wnzz,124.412,0.0,300253,卫宁健康,wnjk,6.96,2.96,2.79,7.02,99.15,0,25.48,149.89,710401,计算机,szcy,C,2021-03-31,[],0,0,buy,AA,,4.914,9.126,7.5,buy,2027-03-16,0.482,9.699,11432.88,33844.91,9.46,-7.4,,0,15:34:00,00,Y,N,2,2,Y,转股价下修2次，成功下修2次,2021-09-22 开始转股,计算使用0.5年期 评级为AA 债参考YTM：1.5201,N,9.703,全价：124.412 最后更新：15:34:00,,,,1,{'M': ''},0,0,N,,,buy,buy
2026-09-21 14:26:01,118030,睿创转债,rczz,614.512,-0.55,688002,睿创微纳,rcwn,186.73,-0.04,10.73,38.16,489.33,0,25.58,640.09,270105,电子,shkc,C,2023-02-10,[],0,0,buy,AA,,26.712,49.608,1.5,buy,2028-12-30,2.277,12.622,28950.71,145383.77,3.71,-52.85,,0,14:59:58,00,Y,N,0,0,Y,,2023-07-06 开始转股,计算使用2.3年期 评级为AA 债参考YTM：1.6650,N,15.647,全价：614.512 最后更新：14:59:58,,,,0,"{'G': '本次（2026年3月18日至2026年4月8日）不提前赎回，以2027年4月9日为首个交易日重新计算', 'M': ''}",0,0,N,,,buy,buy
2026-09-21 14:26:01,118050,航宇转债,hyzz,293.161,1.75,688239,航宇科技,hykj,57.88,2.08,4.96,24.81,233.29,0,25.66,318.82,650201,国防军工,shkc,C,2024-09-10,[],0,0,buy,AA-,,17.367,32.253,6.0,buy,2030-08-21,3.918,6.597,39532.42,40078.53,20.4,-20.75,,0,15:00:00,00,Y,N,0,0,Y,,2025-02-27 开始转股,计算使用4.0年期 评级为AA- 债参考YTM：2.2321,N,6.67,全价：293.161 最后更新：15:00:00,,,,0,{'M': ''},0,0,N,,,buy,buy
2026-09-21 14:26:01,123149,通裕转债,tyzz,129.872,-0.07,300185,通裕重工,tyzg,2.8,0.72,1.55,2.71,103.32,0,25.7,155.57,630602,电力设备,szcy,C,2022-07-15,[],0,0,buy,AA,,1.897,3.523,10.3,buy,2028-06-20,1.748,11.069,3614.19,15954.37,2.52,-7.35,,0,15:34:18,00,Y,N,0,0,N,2026-09-14 至 2026-09-21 期间暂停转股：权益分派,2022-12-26 开始转股;2026-09-14 至 2026-09-21 期间暂停转股：权益分派,计算使用1.8年期 评级为AA 债参考YTM：1.6273,N,14.847,全价：129.872 最后更新：15:34:18,,,,1,{'M': ''},0,0,N,,,buy,buy
2026-09-21 14:26:01,110099,福能转债,fnzz,144.424,0.27,600483,福能股份,fngf,10.86,-1.36,1.09,9.49,114.44,0,26.2,170.62,410110,公用事业,shmb,C,2025-10-30,[],0,0,buy,AA+,,6.643,12.337,12.6,buy,2031-10-13,5.063,38.019,7868.12,10265.15,1.44,-5.25,,0,14:59:56,00,Y,N,0,0,Y,,2026-04-17 开始转股,计算使用5.1年期 评级为AA+ 债参考YTM：1.7645,N,38.02,全价：144.424 最后更新：14:59:56,,,,0,{'M': ''},0,0,N,,,buy,buy
2026-09-21 14:26:01,118035,国力转债,glzz,170.87,2.19,688103,国力电子,gldz,84.36,6.68,6.98,62.31,135.39,0,26.21,197.08,270401,电子,shkc,C,2023-07-06,[],0,0,buy,A+,,43.617,81.003,6.0,buy,2029-06-12,2.726,4.799,21344.99,28703.01,26.13,-12.79,,0,15:00:00,00,Y,N,0,0,Y,,2023-12-18 开始转股,计算使用2.8年期 评级为A+ 债参考YTM：4.4476,N,4.8,全价：170.870 最后更新：15:00:00,,,,0,{'M': ''},0,0,N,,,buy,buy
2026-09-21 14:26:01,127092,运机转债,yjzz,325.742,0.68,001288,运机集团,yjjt,30.71,2.78,3.01,11.91,257.85,0,26.33,352.07,640203,机械设备,szmb,C,2023-10-20,[],0,0,buy,AA-,,8.337,15.483,11.3,buy,2029-09-21,3.0,5.249,27334.76,14678.97,15.7,-28.68,,0,15:34:00,00,Y,N,0,0,Y,,2024-03-27 开始转股,计算使用3.0年期 评级为AA- 债参考YTM：2.1367,N,7.3,全价：325.742 最后更新：15:34:00,,,,0,{'G': '本次（2025年12月8日至2025年12月26日）不提前赎回，以2026年12月26日后的首个交易日起重新计算'},0,0,N,,,buy,buy
2026-09-21 14:26:01,123257,安克转债,akzz,152.39,2.04,300866,安克创新,akcx,128.15,0.91,6.52,106.76,120.04,0,26.95,179.34,270503,电子,szcy,C,2025-07-04,[],0,0,buy,AA+,,74.732,138.788,2.8,buy,2031-06-16,4.737,11.046,14805.12,36942.16,8.85,-6.33,,0,15:33:57,00,Y,N,0,0,Y,,2025-12-22 开始转股,计算使用4.8年期 评级为AA+ 债参考YTM：1.7524,N,11.048,全价：152.390 最后更新：15:33:57,,,,0,{'M': ''},0,0,N,,,buy,buy
2026-09-21 14:26:01,127096,泰坦转债,ttzz,520.1,-0.85,003036,泰坦股份,ttgf,54.01,-1.41,7.78,13.2,409.17,0,27.11,547.21,640206,机械设备,szmb,C,2023-11-15,[],0,0,buy,A,,9.24,17.16,2.5,buy,2029-10-25,3.096,2.874,50202.14,40996.78,33.22,-38.19,,0,15:34:45,00,Y,N,0,0,Y,,2024-05-06 开始转股,计算使用3.1年期 评级为A 债参考YTM：6.8544,N,2.955,全价：520.100 最后更新：15:34:45,,,,0,{'G': '本次（2026年6月12日至2026年7月3日）不提前赎回，以2026年10月3日后首个交易日起重新计算'},0,0,N,,,buy,buy
2026-09-21 14:26:01,127027,能化转债,nhzz,109.81,-0.01,000552,甘肃能化,gsnh,2.53,2.85,0.8,2.93,86.35,0,27.17,136.98,740101,煤炭,szmb,C,2021-01-22,[],0,0,buy,AAA,,2.051,3.809,20.6,buy,2026-12-10,0.219,19.463,4376.98,18154.48,2.05,0.8,,0,15:34:09,00,Y,N,0,0,Y,,2021-06-16 开始转股,计算使用0.3年期 评级为AAA 债参考YTM：1.4808,N,28.0,全价：109.810 最后更新：15:34:09,,,,1,{'M': ''},0,0,N,,,buy,buy
2026-09-21 14:26:01,113052,兴业转债,xyzz,112.349,-0.26,601166,兴业银行,xyyh,17.73,-0.28,0.4,20.13,88.08,0,27.56,139.91,480301,银行,shmb,C,2022-01-14,[],0,0,buy,AAA,,,26.169,11.0,buy,2027-12-27,1.266,413.5,22120.51,97294.12,0.48,-0.75,,0,14:59:51,00,Y,Y,0,0,Y,,2022-06-30 开始转股,计算使用1.3年期 评级为AAA 债参考YTM：1.5408,N,500.0,全价：112.349 最后更新：14:59:51,,,,0,{'M': ''},0,0,N,,,buy,buy
2026-09-21 14:26:01,118007,山石转债,sszz,143.109,-0.41,688030,山石网科,sswk,18.45,3.07,4.67,16.5,111.82,0,27.98,171.09,710402,计算机,shkc,C,2022-04-21,[],0,0,buy,A-,,11.55,21.45,8.0,buy,2028-03-22,1.501,2.671,5199.29,10154.88,13.57,-12.99,,0,14:59:54,00,Y,N,1,1,Y,转股价下修1次，成功下修1次,2022-09-28 开始转股,计算使用1.6年期 评级为A- 债参考YTM：8.9134,N,2.674,全价：143.109 最后更新：14:59:54,,,,1,{'M': ''},0,0,N,,,buy,buy
2026-09-21 14:26:01,110098,南药转债,nyzz,133.858,0.07,600713,南京医药,njyy,5.08,0.99,0.92,4.86,104.53,0,28.06,161.92,370402,医药生物,shmb,C,2025-01-20,[],0,0,buy,AA+,,3.402,6.318,16.5,buy,2030-12-25,4.263,10.814,3313.4,6075.26,2.28,-4.1,,0,14:58:47,00,Y,N,0,0,Y,,2025-07-01 开始转股,计算使用4.3年期 评级为AA+ 债参考YTM：1.7360,N,10.815,全价：133.858 最后更新：14:58:47,,,,0,[],0,0,N,,,buy,buy
2026-09-21 14:26:01,118036,力合转债,lhzz,145.595,0.29,688589,力合微,lhw,20.98,1.6,2.9,18.5,113.41,0,28.38,173.98,270104,电子,shkc,C,2023-07-20,[],0,0,buy,AA-,,12.95,24.05,12.5,buy,2029-06-28,2.77,3.8,3724.63,7193.75,6.75,-7.27,,0,14:59:54,00,Y,N,2,2,Y,转股价下修2次，成功下修2次,2024-01-04 开始转股,计算使用2.8年期 评级为AA- 债参考YTM：2.0973,N,3.8,全价：145.595 最后更新：14:59:54,,,,0,{'M': ''},0,0,N,,,buy,buy
2026-09-21 14:26:01,123133,佩蒂转债,pdzz,130.774,0.16,300673,佩蒂股份,pdgf,15.28,2.55,2.09,15.0,101.87,0,28.38,159.15,110404,农林牧渔,szcy,C,2022-01-21,[],0,0,buy,AA-,,10.5,19.5,29.4,buy,2027-12-22,1.252,7.198,4169.97,9447.27,4.43,-8.63,,0,15:34:18,00,Y,N,2,2,Y,转股价下修2次，成功下修2次,2022-06-28 开始转股,计算使用1.3年期 评级为AA- 债参考YTM：1.8194,N,7.2,全价：130.774 最后更新：15:34:18,,,,1,[],0,0,N,,,buy,buy
2026-09-21 14:26:01,111017,蓝天转债,ltzz,128.788,-0.32,605368,蓝天燃气,ltrq,6.74,1.35,1.4,6.72,100.3,0,28.41,157.2,410301,公用事业,shmb,C,2023-09-08,[],0,0,buy,AA,,4.704,8.736,13.9,buy,2029-08-15,2.901,6.715,2136.46,2068.47,2.47,-4.38,,0,14:59:22,00,Y,N,1,1,Y,转股价下修1次，成功下修1次,2024-02-21 开始转股,计算使用3.0年期 评级为AA 债参考YTM：1.7067,N,8.7,全价：128.788 最后更新：14:59:22,,,,0,[],0,0,N,,,buy,buy
2026-09-21 14:26:01,123150,九强转债,jqzz,131.617,0.47,300406,九强生物,jqsw,11.71,2.72,1.91,11.45,102.27,0,28.69,160.31,370504,医药生物,szcy,C,2022-07-20,[],0,0,buy,AA-,,8.015,14.885,22.6,buy,2028-06-30,1.775,11.21,2384.9,6255.07,1.62,-8.66,,0,15:34:00,00,Y,N,1,1,Y,转股价下修1次，成功下修1次,2023-01-06 开始转股,计算使用1.8年期 评级为AA- 债参考YTM：1.9077,N,11.39,全价：131.617 最后更新：15:34:00,,,,1,{'M': ''},0,0,N,,,buy,buy
2026-09-21 14:26:01,113054,绿动转债,ldzz,125.414,0.0,601330,绿色动力,lsdl,8.38,0.12,1.42,8.67,96.66,0,29.75,155.16,760103,环保,shmb,C,2022-03-23,[],0,0,buy,AA+,,6.069,11.271,28.5,buy,2028-02-25,1.43,23.598,6033.67,10283.45,2.04,-8.4,,0,14:59:00,00,Y,N,0,0,Y,,2022-09-05 开始转股,计算使用1.5年期 评级为AA+ 债参考YTM：1.5807,N,23.6,全价：125.414 最后更新：14:59:00,,,,1,[],0,0,N,,,buy,buy
2026-09-21 14:26:01,113695,华辰转债,hczz,144.09,-0.51,603097,江苏华辰,jshc,18.5,0.0,3.8,16.68,110.91,0,29.91,174.0,630801,电力设备,shmb,C,2025-07-10,[],0,0,buy,A+,,11.676,21.684,11.1,buy,2031-06-20,4.748,4.597,4219.82,1993.67,6.36,-4.06,,0,14:59:28,00,Y,N,0,0,Y,,2025-12-26 开始转股,计算使用4.8年期 评级为A+ 债参考YTM：4.6547,N,4.6,全价：144.090 最后更新：14:59:28,,,,0,[],0,0,N,,,buy,buy
2026-09-21 14:26:01,113643,风语转债,fyzz,142.328,0.32,603466,风语筑,fyz,12.9,2.46,3.56,11.8,109.32,0,30.19,172.52,720706,传媒,shmb,C,2022-04-22,[],0,0,buy,AA-,,8.26,15.34,6.5,buy,2028-03-25,1.51,4.992,9858.09,73933.47,13.81,-12.32,,0,14:59:58,00,Y,N,1,1,Y,转股价下修1次，成功下修1次,2022-10-10 开始转股,计算使用1.6年期 评级为AA- 债参考YTM：1.8722,N,5.0,全价：142.328 最后更新：14:59:58,,,,1,{'M': ''},0,0,N,,,buy,buy
2026-09-21 14:26:01,127037,银轮转债,ylzz,496.7,0.04,002126,银轮股份,ylgf,39.1,-0.69,4.4,10.27,380.72,0,30.46,527.16,280203,汽车,szmb,C,2021-07-09,[],0,0,buy,AA,,7.189,13.351,1.6,buy,2027-06-07,0.71,5.055,18094.47,46731.97,7.23,-109.72,,0,15:34:51,00,Y,N,0,0,Y,,2021-12-13 开始转股,计算使用0.8年期 评级为AA 债参考YTM：1.5316,N,7.0,全价：496.700 最后更新：15:34:51,,,,1,"{'G': '本次（2026年5月27日至2026年6月16日）不提前赎回，2027年5月16日后首个交易日重新计算', 'M': ''}",0,0,N,,,buy,buy
2026-09-21 14:26:01,127088,赫达转债,hdzz,169.299,0.83,002810,山东赫达,sdhd,21.55,2.86,3.19,16.61,129.74,0,30.49,199.79,220309,基础化工,szmb,C,2023-07-19,[],0,0,buy,AA-,,11.627,21.593,8.6,buy,2029-07-03,2.784,5.996,4859.45,8678.71,4.79,-12.2,,0,15:34:42,00,Y,N,0,0,N,2026-09-15 至 2026-09-22 期间暂停转股：权益分派,2024-01-08 开始转股;2026-09-15 至 2026-09-22 期间暂停转股：权益分派,计算使用2.8年期 评级为AA- 债参考YTM：2.0973,N,6.0,全价：169.299 最后更新：15:34:42,,,,0,"{'G': '本次（2026年3月30日至2026年4月20日）不提前赎回，自2026年10月21日起重新计算', 'M': ''}",0,0,N,,,buy,buy
2026-09-21 14:26:01,123118,惠城转债,hczz,695.699,0.11,300779,惠城环保,hchb,54.99,1.25,7.38,10.33,532.33,0,30.69,726.39,760103,环保,szcy,C,2021-07-26,[],0,0,buy,A+,,7.231,13.429,0.5,buy,2027-07-07,0.792,0.654,66931.71,29349.45,146.53,-105.79,,0,15:34:09,00,Y,N,0,0,Y,,2022-01-13 开始转股,计算使用0.8年期 评级为A+ 债参考YTM：4.0868,N,3.2,全价：695.699 最后更新：15:34:09,,,,1,"{'G': '本次（2026年8月27日至2026年9月16日）不提前赎回，自2026年12月16日后首个交易日重新计算', 'M': ''}",0,0,N,,,buy,buy
2026-09-21 14:26:01,111004,明新转债,mxzz,136.072,1.53,605068,明新旭腾,mxxt,20.97,8.04,2.06,20.15,104.07,0,30.75,166.82,280202,汽车,shmb,C,2022-04-25,[],0,0,buy,AA-,,14.105,26.195,19.7,buy,2028-03-30,1.523,6.715,30236.57,22835.55,32.86,-9.32,,0,14:59:58,00,Y,N,1,1,Y,转股价下修1次，成功下修1次,2022-10-10 开始转股,计算使用1.6年期 评级为AA- 债参考YTM：1.8722,N,6.73,全价：136.072 最后更新：14:59:58,,,,1,[],0,0,N,,,buy,buy
2026-09-21 14:26:01,110097,天润转债,trzz,140.786,0.26,600419,天润乳业,trry,8.81,2.92,1.11,8.19,107.57,0,30.88,171.67,340702,食品饮料,shmb,C,2024-11-15,[],0,0,buy,AA,,5.733,10.647,35.6,buy,2030-10-24,4.093,9.889,5263.49,3607.37,3.79,-4.96,,0,14:59:19,00,Y,N,0,0,Y,,2025-04-30 开始转股,计算使用4.1年期 评级为AA 债参考YTM：1.7785,N,9.9,全价：140.786 最后更新：14:59:19,,,,0,[],0,0,N,,,buy,buy
2026-09-21 14:26:01,123194,百洋转债,byzz,138.18,0.9,301015,百洋医药,byyy,26.16,2.39,5.74,24.79,105.53,0,30.94,169.12,370402,医药生物,szcy,C,2023-05-05,[],0,0,buy,AA-,,17.353,32.227,6.2,buy,2029-04-14,2.564,8.459,12983.98,34428.83,11.12,-6.55,,0,15:34:12,00,Y,N,0,0,Y,,2023-10-20 开始转股,计算使用2.6年期 评级为AA- 债参考YTM：2.0573,N,8.6,全价：138.180 最后更新：15:34:12,,,,0,{'M': ''},0,0,N,,,buy,buy
2026-09-21 14:26:01,123124,晶瑞转2,jrz2,137.4,-0.56,300655,晶瑞电材,jrdc,13.41,-0.07,5.59,12.79,104.85,0,31.05,168.45,270601,电子,szcy,C,2021-09-07,[],0,0,buy,A+,,8.953,16.627,3.5,buy,2027-08-16,0.901,5.224,5373.75,52354.24,7.47,-24.55,,1,15:34:12,00,Y,N,1,1,Y,转股价下修1次，成功下修1次,2022-02-21 开始转股,计算使用1.0年期 评级为A+ 债参考YTM：4.1089,N,5.23,全价：137.400 最后更新：15:34:12,,,,1,{'M': ''},0,0,N,,23年6月前不下修,buy,buy
2026-09-21 14:26:01,123114,三角转债,sjzz,124.799,0.74,300775,三角防务,sjfw,21.59,2.52,1.96,22.69,95.15,0,31.16,155.96,650201,国防军工,szcy,C,2021-06-11,[],0,0,buy,AA-,,15.883,29.497,7.8,buy,2027-05-25,0.674,8.999,5633.13,26768.64,5.01,-11.7,,0,15:34:06,00,Y,N,1,1,Y,转股价下修1次，成功下修1次,2021-11-30 开始转股,计算使用0.7年期 评级为AA- 债参考YTM：1.7228,N,9.044,全价：124.799 最后更新：15:34:06,,,,1,{'M': ''},0,0,N,,,buy,buy
2026-09-21 14:26:01,127056,中特转债,ztzz,123.069,-0.51,000708,中信特钢,zxtg,12.84,-1.23,1.46,13.69,93.79,0,31.22,154.29,230501,钢铁,szmb,C,2022-04-15,[],0,0,buy,AAA,,9.583,17.797,7.7,buy,2028-02-25,1.43,49.996,5895.23,21022.36,0.96,-9.07,,0,15:34:51,00,Y,N,1,1,Y,转股价下修1次，成功下修1次,2022-09-05 开始转股,计算使用1.5年期 评级为AAA 债参考YTM：1.5532,N,50.0,全价：123.069 最后更新：15:34:51,,,,0,{'M': ''},0,0,N,,,buy,buy
2026-09-21 14:26:01,113636,甬金转债,yjzz,133.62,0.27,603995,甬金股份,yjgf,26.67,2.42,1.6,26.22,101.72,0,31.37,164.99,230501,钢铁,shmb,C,2021-12-31,[],0,0,buy,AA-,,18.354,34.086,10.3,buy,2027-12-13,1.227,9.995,4941.86,14493.08,3.7,-10.1,,0,14:58:55,00,Y,N,1,1,Y,转股价下修1次，成功下修1次,2022-06-17 开始转股,计算使用1.3年期 评级为AA- 债参考YTM：1.8194,N,10.0,全价：133.620 最后更新：14:58:55,,,,1,{'M': ''},0,0,N,,,buy,buy
2026-09-21 14:26:01,118034,晶能转债,jnzz,117.734,0.49,688223,晶科能源,jkny,3.89,0.26,1.66,4.36,89.22,0,31.96,149.69,630502,电力设备,shkc,C,2023-05-19,[],0,0,buy,AA+,,3.052,5.232,20.8,buy,2029-04-20,2.581,83.22,16212.34,26460.02,1.65,-2.19,,0,14:59:48,00,Y,N,2,2,Y,转股价下修2次，成功下修2次,2023-10-26 开始转股,计算使用2.6年期 评级为AA+ 债参考YTM：1.6530,N,100.0,全价：117.734 最后更新：14:59:48,,,,0,{'M': ''},0,0,N,120%,,buy,buy
2026-09-21 14:26:01,113661,福22转债,f22zz,131.516,-0.29,603806,福斯特,fst,14.48,0.77,2.25,14.59,99.25,0,32.52,164.04,630504,电力设备,shmb,C,2022-12-22,[],0,0,buy,AA,,10.213,18.967,8.0,buy,2028-11-22,2.173,30.297,5162.36,28493.25,1.29,-6.76,,0,14:59:40,00,Y,N,1,1,Y,转股价下修1次，成功下修1次,2023-05-29 开始转股,计算使用2.2年期 评级为AA 债参考YTM：1.6582,N,30.3,全价：131.516 最后更新：14:59:40,,,,0,{'M': ''},0,0,N,,,buy,buy
2026-09-21 14:26:01,111024,澳弘转债,ahzz,191.414,-1.11,605058,澳弘电子,ahdz,48.43,2.17,3.85,33.54,144.4,0,32.56,223.97,270202,电子,shmb,C,2026-01-16,[],0,0,buy,AA-,,23.478,43.602,8.4,buy,2031-12-11,5.225,5.799,243447.78,120549.3,215.43,-9.29,,0,15:00:00,00,Y,N,0,0,Y,,2026-06-17 开始转股,计算使用5.3年期 评级为AA- 债参考YTM：2.4069,N,5.8,全价：191.414 最后更新：15:00:00,,,,0,[],0,0,N,,,buy,buy
2026-09-21 14:26:01,110075,南航转债,nhzz,106.368,0.01,600029,南方航空,nfhk,4.95,0.41,2.98,6.17,80.23,0,32.58,138.95,421001,交通运输,shmb,C,2020-11-03,[],0,0,buy,AAA,,4.319,8.021,8.8,buy,2026-10-15,0.066,58.958,11199.94,25149.84,1.79,1.97,,0,14:58:13,00,Y,N,0,0,Y,,2021-04-21 开始转股,计算使用0.1年期 评级为AAA 债参考YTM：1.4800,N,160.0,全价：106.368 最后更新：14:58:13,,,,1,"{'R': '到期\n最后交易日：2026-10-09\n最后转股日：2026-10-14\n债券到期日：2026-10-15\n到期赎回价：106.500元/张', 'M': ''}",0,0,N,,,buy,buy
2026-09-21 14:26:01,113640,苏利转债,slzz,129.963,0.57,603585,苏利股份,slgf,10.6,2.12,1.01,10.84,97.79,0,32.91,162.87,220803,基础化工,shmb,C,2022-03-10,[],0,0,buy,AA-,,7.588,14.092,25.7,buy,2028-02-16,1.406,7.39,4198.09,3482.89,4.37,-7.3,,0,14:59:22,00,Y,N,2,2,Y,转股价下修2次，成功下修2次,2022-08-22 开始转股,计算使用1.5年期 评级为AA- 债参考YTM：1.8544,N,9.572,全价：129.963 最后更新：14:59:22,,,,1,[],0,0,N,,,buy,buy
2026-09-21 14:26:01,127095,广泰转债,gtzz,143.0,-0.52,002111,威海广泰,whgt,9.46,-0.32,1.6,8.83,107.14,0,33.48,176.48,650201,国防军工,szmb,C,2023-11-10,[],0,0,buy,AA-,,6.181,11.479,15.0,buy,2029-10-18,3.077,6.927,2663.86,10094.09,2.69,-5.83,,0,15:34:00,00,Y,N,0,0,N,2026-09-21 至 2026-09-29 期间暂停转股：权益分派,2024-04-24 开始转股;2026-09-21 至 2026-09-29 期间暂停转股：权益分派,计算使用3.1年期 评级为AA- 债参考YTM：2.1542,N,7.0,全价：143.000 最后更新：15:34:00,,,,0,[],0,0,N,,,buy,buy
2026-09-21 14:26:01,118064,联瑞转债,lrzz,370.753,-0.57,688300,联瑞新材,lrxc,174.78,-1.14,23.63,63.05,277.21,0,33.75,404.5,220901,基础化工,shkc,C,2026-01-28,[],0,0,buy,AA,,44.135,81.965,1.6,buy,2032-01-08,5.301,6.949,94456.32,163066.01,36.31,-20.18,,0,15:00:00,00,Y,N,0,0,Y,,2026-07-14 开始转股,计算使用5.4年期 评级为AA 债参考YTM：1.8814,N,6.95,全价：370.753 最后更新：15:00:00,,,,0,"{'G': '本次（2026年7月14日至2026年8月3日）不提前赎回，以2026年11月4日为首个交易日重新计算', 'M': ''}",0,0,N,,,buy,buy
2026-09-21 14:26:01,128142,新乳转债,xrzz,110.605,-0.18,002946,新乳业,xry,14.46,0.14,3.43,17.5,82.63,0,33.86,144.47,340702,食品饮料,szmb,C,2021-01-19,[],0,0,buy,AA,,12.25,22.75,5.8,buy,2026-12-18,0.241,7.178,4511.03,5906.76,5.69,-2.29,,0,15:34:36,00,Y,N,0,0,Y,,2021-06-24 开始转股,计算使用0.3年期 评级为AA 债参考YTM：1.5108,N,7.18,全价：110.605 最后更新：15:34:36,,,,1,{'M': ''},0,0,N,,,buy,buy
2026-09-21 14:26:01,118016,京源转债,jyzz,147.922,0.36,688096,京源环保,jyhb,7.61,0.26,2.1,6.91,110.13,0,34.32,182.24,760102,环保,shkc,C,2022-08-25,[],0,0,buy,A,,4.837,8.983,9.4,buy,2028-08-05,1.874,1.675,3481.59,5556.11,14.1,-11.7,,0,14:59:57,00,Y,N,0,0,Y,,2023-02-13 开始转股,计算使用1.9年期 评级为A 债参考YTM：6.6239,N,3.325,全价：147.922 最后更新：14:59:57,,,,1,{'M': ''},0,0,N,,,buy,buy
2026-09-21 14:26:01,123173,恒锋转债,hfzz,137.374,0.55,300605,恒锋信息,hfxx,10.18,2.41,3.86,10.0,101.8,0,34.94,172.31,710401,计算机,szcy,C,2023-02-08,[],0,0,buy,BBB+,,7.0,13.0,18.1,buy,2028-12-30,2.277,2.33,2273.37,3526.93,7.11,-6.14,,0,15:34:09,00,Y,N,1,1,Y,转股价下修1次，成功下修1次,2023-07-06 开始转股,计算使用2.3年期 评级为BBB+ 债参考YTM：12.2157,N,2.424,全价：137.374 最后更新：15:34:09,,,,0,[],0,0,N,,,buy,buy
2026-09-21 14:26:01,123176,精测转2,jcz2,449.0,0.0,300567,精测电子,jcdz,214.6,-2.08,10.32,64.51,332.66,0,34.97,483.97,640107,机械设备,szcy,C,2023-03-22,[],0,0,buy,AA-,,45.157,83.863,2.6,buy,2029-03-02,2.447,12.753,54374.82,118146.24,9.45,-43.03,,0,15:34:09,00,Y,N,0,0,Y,,2023-09-08 开始转股,计算使用2.5年期 评级为AA- 债参考YTM：2.0373,N,12.76,全价：449.000 最后更新：15:34:09,,,,0,"{'G': '本次（2026年7月16日至2026年8月5日）不提前赎回，自2027年2月5日后首个交易日重新计算', 'M': ''}",0,0,N,,,buy,buy
2026-09-21 14:26:01,113677,华懋转债,hmzz,340.126,2.32,603306,华懋科技,hmkj,84.77,1.5,7.32,33.66,251.84,0,35.06,375.19,280202,汽车,shmb,C,2023-10-12,[],0,0,buy,AA-,,23.562,43.758,3.8,buy,2029-09-14,2.984,10.489,40593.83,104102.89,11.47,-30.71,,0,14:59:58,00,Y,N,0,0,Y,,2024-03-20 开始转股,计算使用3.0年期 评级为AA- 债参考YTM：2.1367,N,10.5,全价：340.126 最后更新：14:59:58,,,,0,"{'G': '本次（2026年6月29日至2026年7月17日）不提前赎回，自2026年10月17日之后的首个交易日重新起算', 'M': ''}",0,0,N,,,buy,buy
2026-09-21 14:26:01,127105,龙星转债,lxzz,133.475,0.06,002442,龙星科技,lxkj,5.73,2.14,1.54,5.8,98.79,0,35.11,168.59,220603,基础化工,szmb,C,2024-03-06,[],0,0,buy,AA-,,4.06,7.54,26.7,buy,2030-01-31,3.364,7.533,8310.11,29217.72,8.25,-3.34,,0,15:34:00,00,Y,N,0,0,Y,,2024-08-07 开始转股,计算使用3.4年期 评级为AA- 债参考YTM：2.1890,N,7.54,全价：133.475 最后更新：15:34:00,,,,0,[],0,0,N,,,buy,buy
2026-09-21 14:26:01,113659,莱克转债,lkzz,131.351,0.67,603355,莱克电气,lkdq,30.79,4.48,2.96,31.72,97.07,0,35.32,166.67,330302,家用电器,shmb,C,2022-11-15,[],0,0,buy,AA,,22.204,41.236,6.8,buy,2028-10-14,2.066,11.998,9664.97,16129.79,6.16,-7.05,,0,14:59:24,00,Y,N,0,0,Y,,2023-04-20 开始转股,计算使用2.1年期 评级为AA 债参考YTM：1.6509,N,12.0,全价：131.351 最后更新：14:59:24,,,,0,{'M': ''},0,0,N,,,buy,buy
2026-09-21 14:26:01,111012,福新转债,fxzz,369.475,0.11,605488,福莱新材,flxc,30.26,0.53,4.0,11.11,272.37,0,35.65,405.13,220505,基础化工,shmb,C,2023-02-07,[],0,0,buy,A+,,7.777,14.443,1.1,buy,2029-01-04,2.29,1.016,21090.83,18048.6,55.65,-39.47,,0,14:59:59,00,Y,N,0,0,Y,,2023-07-10 开始转股,计算使用2.3年期 评级为A+ 债参考YTM：4.3496,N,4.29,全价：369.475 最后更新：14:59:59,,,,0,{'G': '本次（2026年6月22日至2026年7月10日）不提前赎回，自2026年10月10日之后的首个交易日重新起算'},0,0,N,,,buy,buy
2026-09-21 14:26:01,118044,赛特转债,stzz,173.818,-1.77,688398,赛特新材,stxc,24.06,1.01,3.55,18.85,127.64,0,36.18,210.0,220309,基础化工,shkc,C,2023-10-12,[],0,0,buy,A+,,13.195,24.505,10.9,buy,2029-09-11,2.975,4.42,56714.37,11494.57,71.8,-12.75,,0,14:59:58,00,Y,N,1,1,Y,转股价下修1次，成功下修1次,2024-03-15 开始转股,计算使用3.0年期 评级为A+ 债参考YTM：4.4867,N,4.42,全价：173.818 最后更新：14:59:58,,,,0,"{'G': '本次（2026年3月10日至2026年4月20日）不提前赎回，以2026年10月21日起算', 'M': ''}",0,0,N,,,buy,buy
2026-09-21 14:26:01,123171,共同转债,gtzz,130.501,2.04,300966,共同药业,gtyy,25.88,7.79,3.76,27.08,95.57,0,36.55,167.05,370101,医药生物,szcy,C,2022-12-16,[],0,0,buy,A-,,18.956,35.204,19.2,buy,2028-11-28,2.189,3.799,10070.82,11745.31,20.37,-4.11,,0,15:34:21,00,Y,N,0,0,Y,,2023-06-02 开始转股,计算使用2.2年期 评级为A- 债参考YTM：9.0304,N,3.8,全价：130.501 最后更新：15:34:21,,,,0,{'M': ''},0,0,N,,,buy,buy
2026-09-21 14:26:01,123131,奥飞转债,afzz,266.765,0.06,300738,奥飞数据,afsj,19.63,0.26,5.2,10.05,195.32,0,36.58,303.35,730104,通信,szcy,C,2021-12-22,[],0,0,buy,A+,,7.035,13.065,1.6,buy,2027-12-03,1.2,3.159,11313.98,49409.11,13.4,-50.03,,0,15:34:15,00,Y,N,0,0,Y,,2022-06-09 开始转股,计算使用1.2年期 评级为A+ 债参考YTM：4.1378,N,6.35,全价：266.765 最后更新：15:34:15,,,,1,"{'G': '本次（2026年5月21日至2026年6月10日）不提前赎回，以2026年12月10日后的首个交易日重新计算', 'M': ''}",0,0,N,,,buy,buy
2026-09-21 14:26:01,123199,山河转债,shzz,139.8,1.28,300452,山河药辅,shyf,13.28,3.99,3.01,13.0,102.15,0,36.85,176.65,370101,医药生物,szcy,C,2023-07-07,[],0,0,buy,A+,,9.1,16.9,12.1,buy,2029-06-12,2.726,3.197,3192.31,8874.63,7.15,-8.09,,0,15:34:33,00,Y,N,1,1,Y,转股价下修1次，成功下修1次,2023-12-18 开始转股,计算使用2.8年期 评级为A+ 债参考YTM：4.4476,N,3.2,全价：139.800 最后更新：15:34:33,,,,0,[],0,0,N,,,buy,buy
2026-09-21 14:26:01,123144,裕兴转债,yxzz,128.265,0.14,300305,裕兴股份,yxgf,6.55,1.71,1.25,7.0,93.57,0,37.08,165.35,220505,基础化工,szcy,C,2022-04-27,[],0,0,buy,A,,4.9,9.1,28.5,buy,2028-04-11,1.556,5.997,2702.37,7304.1,3.5,-5.81,,0,15:34:15,00,Y,N,2,2,Y,转股价下修2次，成功下修2次,2022-10-17 开始转股,计算使用1.6年期 评级为A 债参考YTM：6.5634,N,6.0,全价：128.265 最后更新：15:34:15,,,,1,[],0,0,N,,,buy,buy
2026-09-21 14:26:01,127055,精装转债,jzzz,184.099,-0.49,002989,中天精装,ztjz,24.81,2.1,3.55,18.5,134.11,0,37.28,221.38,620201,建筑装饰,szmb,C,2022-03-24,[],0,0,buy,AA-,,12.95,24.05,4.2,buy,2028-02-22,1.422,2.081,14583.77,17626.65,37.93,-27.58,,0,15:34:48,00,Y,N,0,0,Y,,2022-08-29 开始转股,计算使用1.5年期 评级为AA- 债参考YTM：1.8544,N,5.77,全价：184.099 最后更新：15:34:48,,,,1,{'G': '本次（2026年2月24日至2026年3月16日）不提前赎回，自2027年3月16日后首个交易日重新计算'},0,0,N,,,buy,buy
2026-09-21 14:26:01,127060,湘佳转债,xjzz,125.15,0.57,002982,湘佳股份,xjgf,12.58,2.11,1.51,13.8,91.16,0,37.29,162.44,110703,农林牧渔,szmb,C,2022-06-10,[],0,0,buy,A+,,9.66,17.94,39.1,buy,2028-04-19,1.578,6.399,2995.11,4054.39,3.74,-7.06,,0,15:34:51,00,Y,N,1,1,Y,转股价下修1次，成功下修1次,2022-10-25 开始转股,计算使用1.6年期 评级为A+ 债参考YTM：4.2134,N,6.4,全价：125.150 最后更新：15:34:51,,,,0,[],0,0,N,,,buy,buy
2026-09-21 14:26:01,127064,杭氧转债,hyzz,138.96,-0.01,002430,杭氧股份,hygf,25.97,0.08,2.49,25.67,101.17,0,37.35,176.31,220309,基础化工,szmb,C,2022-07-05,[],0,0,buy,AA+,,17.969,33.371,4.5,buy,2028-05-19,1.66,11.364,4917.67,26724.16,3.11,-13.36,,0,15:34:18,00,Y,N,1,1,Y,转股价下修1次，成功下修1次,2022-11-25 开始转股,计算使用1.7年期 评级为AA+ 债参考YTM：1.5976,N,11.37,全价：138.960 最后更新：15:34:18,,,,1,{'M': ''},0,0,N,,,buy,buy
2026-09-21 14:26:01,127082,亚科转债,ykzz,132.253,0.42,002540,亚太科技,ytkj,5.02,1.01,1.11,5.22,96.17,0,37.52,169.77,240301,有色金属,szmb,C,2023-04-27,[],0,0,buy,AA,,3.654,6.786,26.9,buy,2029-03-09,2.466,11.585,2928.77,3533.96,1.92,-5.5,,0,15:34:24,00,Y,N,0,0,Y,,2023-09-15 开始转股,计算使用2.5年期 评级为AA 债参考YTM：1.6773,N,11.59,全价：132.253 最后更新：15:34:24,,,,0,[],0,0,N,,,buy,buy
2026-09-21 14:26:01,123241,欧通转债,otzz,952.0,-0.83,300870,欧陆通,olt,212.68,-0.24,12.35,30.8,690.52,0,37.87,989.87,630306,电力设备,szcy,C,2024-07-26,[],0,0,buy,AA-,,21.56,40.04,0.8,buy,2030-07-05,3.789,2.604,77753.6,109533.18,31.01,-43.0,,0,15:34:39,00,Y,N,0,0,Y,,2025-01-13 开始转股,计算使用3.8年期 评级为AA- 债参考YTM：2.2162,N,6.445,全价：952.000 最后更新：15:34:39,,,,0,"{'G': '本次（2026年8月10日至2026年8月28日）不提前赎回，自2026年11月28日后首个交易日重新计算', 'M': ''}",0,0,N,,,buy,buy
2026-09-21 14:26:01,127046,百润转债,brzz,124.12,0.77,002568,百润股份,brgf,18.29,2.06,3.72,20.33,89.97,0,37.96,162.08,340602,食品饮料,szmb,C,2021-11-03,[],0,0,buy,AA,,14.231,26.429,8.2,buy,2027-09-29,1.022,11.274,4740.72,17714.43,3.39,-9.89,,0,15:34:03,00,Y,N,1,1,Y,转股价下修1次，成功下修1次,2022-04-12 开始转股,计算使用1.1年期 评级为AA 债参考YTM：1.5704,N,11.28,全价：124.120 最后更新：15:34:03,,,,0,{'M': ''},0,0,N,,,buy,buy
2026-09-21 14:26:01,123209,聚隆转债,jlzz,160.62,2.41,300644,南京聚隆,njjl,20.38,5.32,2.04,17.51,116.39,0,38.0,198.62,220503,基础化工,szcy,C,2023-08-17,[],0,0,buy,A+,,12.257,22.763,9.3,buy,2029-07-26,2.847,1.672,29539.18,9585.57,109.21,-10.7,,0,15:34:21,00,Y,N,0,0,Y,,2024-02-01 开始转股,计算使用2.9年期 评级为A+ 债参考YTM：4.4672,N,2.185,全价：160.620 最后更新：15:34:21,,,,0,[],0,0,N,,,buy,buy
2026-09-21 14:26:01,123142,申昊转债,shzz,128.341,1.45,300853,申昊科技,shkj,31.27,6.43,7.54,33.71,92.76,0,38.36,166.7,630803,电力设备,szcy,C,2022-04-11,[],0,0,buy,BBB+,,23.597,43.823,12.0,buy,2028-03-18,1.49,5.494,10044.28,32602.44,14.18,-8.64,,0,15:33:57,00,Y,N,0,0,Y,,2022-09-26 开始转股,计算使用1.5年期 评级为BBB+ 债参考YTM：11.9944,N,5.5,全价：128.341 最后更新：15:33:57,,,,1,[],0,0,N,,,buy,buy
2026-09-21 14:26:01,127050,麒麟转债,qlzz,120.343,-0.05,002984,森麒麟,sql,13.03,1.01,0.98,15.07,86.46,0,39.18,159.52,280204,汽车,szmb,C,2021-12-06,[],0,0,buy,AA,,10.549,19.591,22.4,buy,2027-11-11,1.14,20.86,4513.33,9295.93,1.8,-6.36,,0,15:34:48,00,Y,N,2,2,Y,转股价下修2次，成功下修2次,2022-05-17 开始转股,计算使用1.2年期 评级为AA 债参考YTM：1.5806,N,21.989,全价：120.343 最后更新：15:34:48,,,,1,{'M': ''},0,0,N,,,buy,buy
2026-09-21 14:26:01,118013,道通转债,dtzz,163.408,-2.47,688208,道通科技,dtkj,25.21,1.33,4.3,21.48,117.37,0,39.23,202.64,710103,计算机,shkc,C,2022-07-28,[],0,0,buy,AA,,15.036,27.924,7.6,buy,2028-07-08,1.797,12.796,32403.25,17870.1,15.52,-17.19,,0,14:59:59,00,Y,N,0,0,Y,,2023-01-16 开始转股,计算使用1.8年期 评级为AA 债参考YTM：1.6273,N,12.8,全价：163.408 最后更新：14:59:59,,,,1,{'M': ''},0,0,N,,,buy,buy
2026-09-21 14:26:01,127031,洋丰转债,yfzz,116.82,-0.62,000902,新洋丰,xyf,14.03,1.52,1.4,16.79,83.56,0,39.8,156.62,220805,基础化工,szmb,C,2021-04-23,[],0,0,buy,AA,,11.753,21.827,6.2,buy,2027-03-25,0.507,9.999,2785.23,10236.48,2.38,-8.19,,0,15:34:33,00,Y,N,1,1,Y,转股价下修1次，成功下修1次,2021-10-08 开始转股,计算使用0.6年期 评级为AA 债参考YTM：1.5236,N,10.0,全价：116.820 最后更新：15:34:33,,,,1,{'M': ''},0,0,N,,,buy,buy
2026-09-21 14:26:01,123225,翔丰转债,xfzz,136.671,-0.68,300890,翔丰华,xfh,26.58,-0.04,1.38,27.34,97.22,0,40.58,177.25,630702,电力设备,szcy,C,2023-10-26,[],0,0,buy,AA-,,19.138,35.542,19.2,buy,2029-10-10,3.055,5.585,2845.09,7319.31,3.71,-3.6,,0,15:34:24,00,Y,N,1,1,Y,转股价下修1次，成功下修1次,2024-04-16 开始转股,计算使用3.1年期 评级为AA- 债参考YTM：2.1542,N,8.0,全价：136.671 最后更新：15:34:24,,,,0,{'M': ''},0,0,N,,,buy,buy
2026-09-21 14:26:01,127099,盛航转债,shzz,133.563,0.06,001205,盛航股份,shgf,14.56,0.69,1.24,15.33,94.98,0,40.63,174.19,421101,交通运输,szmb,C,2023-12-28,[],0,0,buy,AA-,,10.731,19.929,18.7,buy,2029-12-06,3.211,4.541,1548.19,6304.24,2.55,-3.43,,0,15:34:48,00,Y,N,1,1,Y,转股价下修1次，成功下修1次,2024-06-12 开始转股,计算使用3.3年期 评级为AA- 债参考YTM：2.1798,N,7.4,全价：133.563 最后更新：15:34:48,,,,0,[],0,0,N,,,buy,buy
2026-09-21 14:26:01,113673,岱美转债,dmzz,197.274,-1.08,603730,岱美股份,dmgf,9.97,3.1,4.55,7.12,140.03,0,40.88,238.15,280202,汽车,shmb,C,2023-08-10,[],0,0,buy,AA,,4.984,9.256,4.2,buy,2029-07-18,2.825,9.078,41314.77,17773.45,22.48,-17.53,,0,14:59:57,00,Y,N,1,1,Y,转股价下修1次，成功下修1次,2024-01-24 开始转股,计算使用2.9年期 评级为AA 债参考YTM：1.7005,N,9.079,全价：197.274 最后更新：14:59:57,,,,0,"{'G': '本次（2026年8月28日至2026年9月17日）不提前赎回，以2027年3月17日之后的首个交易日重新起算', 'M': ''}",0,0,N,,,buy,buy
2026-09-21 14:26:01,123211,阳谷转债,ygzz,152.378,0.76,300121,阳谷华泰,yght,9.94,3.54,1.22,9.2,108.04,0,41.03,193.41,220604,基础化工,szcy,C,2023-08-14,[],0,0,buy,AA-,,6.44,11.96,7.2,buy,2029-07-27,2.849,3.07,5201.09,15106.91,11.11,-8.57,,0,15:34:06,00,Y,N,0,0,Y,,2024-02-02 开始转股,计算使用2.9年期 评级为AA- 债参考YTM：2.1171,N,6.5,全价：152.378 最后更新：15:34:06,,,,0,[],0,0,N,,,buy,buy
2026-09-21 14:26:01,118027,宏图转债,htzz,94.85,2.22,688066,*ST航图,htht,8.82,-5.16,-1.7,13.12,67.23,0,41.09,135.94,710301,计算机,shkc,C,2022-12-22,[],0,0,buy,CC,,9.184,17.056,40.4,buy,2028-11-28,2.189,9.475,48361.05,12339.99,53.68,11.2,,0,14:59:58,00,Y,N,4,4,N,"转股价下修4次，成功下修4次
2026-09-21 至 2026-09-21 期间暂停转股：下修转股价
转股价13.120生效日期2026-06-25",2023-06-02 开始转股;2026-09-21 至 2026-09-21 期间暂停转股：下修转股价,计算使用2.2年期 评级为CC 债参考YTM：58.2245,N,10.088,全价：94.850 最后更新：14:59:58,,,,0,[],0,0,N,,,buy,buy
2026-09-21 14:26:01,113048,晶科转债,jkzz,113.402,0.0,601778,晶科科技,jkkj,3.58,0.85,0.8,4.47,80.09,0,41.59,154.99,410106,公用事业,shmb,C,2021-05-31,[],0,0,buy,AA,,3.129,5.811,11.6,buy,2027-04-23,0.586,15.453,4483.91,22538.3,2.56,-2.12,,0,14:59:53,00,Y,N,2,2,Y,转股价下修2次，成功下修2次,2021-10-29 开始转股,计算使用0.6年期 评级为AA 债参考YTM：1.5236,N,30.0,全价：113.402 最后更新：14:59:53,,,,1,{'M': ''},0,0,N,,,buy,buy
2026-09-21 14:26:01,123222,博俊转债,bjzz,142.199,-0.13,300926,博俊科技,bjkj,16.53,0.73,1.92,16.46,100.43,0,41.6,183.8,280205,汽车,szcy,C,2023-09-28,[],0,0,buy,A+,,11.522,21.398,4.9,buy,2029-09-08,2.967,2.438,3564.26,4044.64,10.29,-6.1,,0,15:34:36,00,Y,N,0,0,Y,,2024-03-14 开始转股,计算使用3.0年期 评级为A+ 债参考YTM：4.4867,N,5.0,全价：142.199 最后更新：15:34:36,,,,0,{'M': ''},0,0,N,,,buy,buy
2026-09-21 14:26:01,113646,永吉转债,yjzz,160.534,1.18,603058,永吉股份,yjgf,9.11,4.0,3.32,8.05,113.17,0,41.85,202.38,360205,轻工制造,shmb,C,2022-05-17,[],0,0,buy,AA-,,5.635,10.465,3.6,buy,2028-04-14,1.564,1.372,11365.35,9696.59,51.5,-21.63,,0,14:59:56,00,Y,N,0,0,Y,,2022-10-20 开始转股,计算使用1.6年期 评级为AA- 债参考YTM：1.8722,N,1.459,全价：160.534 最后更新：14:59:56,,,,1,[],0,0,N,,,buy,buy
2026-09-21 14:26:01,127113,长高转债,cgzz,159.85,-0.38,002452,长高电气,cgdq,12.3,1.57,2.43,10.92,112.64,0,41.92,201.77,630801,电力设备,szmb,C,2026-03-30,[],0,0,buy,AA-,,7.644,14.196,11.9,buy,2032-03-09,5.469,7.586,6184.78,14736.44,5.08,-6.11,,0,15:34:06,00,Y,N,0,0,Y,,2026-09-14 开始转股,计算使用5.5年期 评级为AA- 债参考YTM：2.5117,N,7.59,全价：159.850 最后更新：15:34:06,,,,0,{'M': ''},0,0,N,,,buy,buy
2026-09-21 14:26:01,123165,回天转债,htzz,134.869,-0.35,300041,回天新材,htxc,11.21,0.0,1.98,11.8,95.0,0,41.97,176.84,220316,基础化工,szcy,C,2022-11-15,[],0,0,buy,AA-,,8.26,15.34,13.9,buy,2028-10-27,2.101,8.496,4827.67,19357.71,4.2,-6.09,,0,15:34:00,00,Y,N,1,1,Y,转股价下修1次，成功下修1次,2023-05-04 开始转股,计算使用2.2年期 评级为AA- 债参考YTM：1.9791,N,8.5,全价：134.869 最后更新：15:34:00,,,,0,{'M': ''},0,0,N,,,buy,buy
2026-09-21 14:26:01,113704,春风转债,cfzz,180.189,3.12,603129,春风动力,cfdl,305.62,5.24,5.85,241.7,126.45,86,42.5,222.69,280402,汽车,shmb,C,2026-07-07,[],0,0,buy,AA+,,169.19,314.21,4.6,buy,2032-06-09,5.721,21.79,32169.28,81681.55,8.17,-8.02,,0,14:59:53,00,Y,N,0,0,Y,,未到转股期；2026-12-16 开始转股,计算使用5.8年期 评级为AA+ 债参考YTM：1.8538,N,21.79,全价：180.189 最后更新：14:59:53,,,,0,{'M': ''},0,0,N,,,buy,buy
2026-09-21 14:26:01,111003,聚合转债,jhzz,140.757,1.78,605166,聚合顺,jhs,8.72,5.44,1.36,8.85,98.53,0,42.86,183.62,220406,基础化工,shmb,C,2022-04-19,[],0,0,buy,AA-,,6.195,11.505,7.4,buy,2028-03-07,1.46,2.035,5257.21,6693.64,18.41,-11.81,,0,14:59:41,00,Y,N,2,2,Y,转股价下修2次，成功下修2次,2022-09-13 开始转股,计算使用1.5年期 评级为AA- 债参考YTM：1.8544,N,2.04,全价：140.757 最后更新：14:59:41,,,,1,[],0,0,N,,,buy,buy
2026-09-21 14:26:01,123122,富瀚转债,fhzz,128.554,0.04,300613,富瀚微,fhw,82.32,3.16,5.87,91.5,89.97,0,42.89,171.44,270104,电子,szcy,C,2021-08-24,[],0,0,buy,A+,,64.05,118.95,3.2,buy,2027-08-06,0.874,5.801,4966.54,148907.4,6.64,-12.1,,0,15:34:03,00,Y,N,0,0,Y,,2022-02-14 开始转股,计算使用0.9年期 评级为A+ 债参考YTM：4.0984,N,5.812,全价：128.554 最后更新：15:34:03,,,,1,{'M': ''},0,0,N,,,buy,buy
2026-09-21 14:26:01,113067,燃23转债,r23zz,124.836,-0.36,601139,深圳燃气,szrq,6.32,-0.32,1.08,7.24,87.29,0,43.01,167.85,410301,公用事业,shmb,C,2023-08-18,[],0,0,buy,AAA,,5.068,9.412,16.5,buy,2029-07-27,2.849,29.999,3031.25,8051.18,0.81,-4.4,,0,14:58:59,00,Y,N,0,0,Y,,2024-02-02 开始转股,计算使用2.9年期 评级为AAA 债参考YTM：1.6225,N,30.0,全价：124.836 最后更新：14:58:59,,,,0,{'M': ''},0,0,N,,,buy,buy
2026-09-21 14:26:01,123119,康泰转2,ktz2,118.541,0.51,300601,康泰生物,ktsw,12.99,6.91,1.51,15.69,82.79,0,43.18,161.72,370303,医药生物,szcy,C,2021-08-05,[],0,0,buy,AA,,10.983,20.397,17.1,buy,2027-07-15,0.814,19.99,8258.43,51651.05,3.48,-6.8,,0,15:34:12,00,Y,N,6,5,Y,转股价下修6次，成功下修5次,2022-01-21 开始转股,计算使用0.9年期 评级为AA 债参考YTM：1.5446,N,20.0,全价：118.541 最后更新：15:34:12,,,,1,{'M': ''},0,0,N,,,buy,buy
2026-09-21 14:26:01,123088,威唐转债,wtzz,115.08,0.05,300707,威唐工业,wtgy,11.92,2.41,1.84,14.97,79.63,0,44.53,159.61,280205,汽车,szcy,C,2021-01-06,[],0,0,buy,A+,,10.479,19.461,17.6,buy,2026-12-15,0.233,3.004,3501.01,3375.17,10.13,-0.3,,0,15:33:57,00,Y,N,1,1,Y,转股价下修1次，成功下修1次,2021-06-21 开始转股,计算使用0.3年期 评级为A+ 债参考YTM：4.0228,N,3.014,全价：115.080 最后更新：15:33:57,,,,1,[],0,0,N,,,buy,buy
2026-09-21 14:26:01,110087,天业转债,tyzz,121.39,0.56,600075,新疆天业,xjty,4.7,3.3,0.87,5.6,83.93,0,44.63,166.02,220202,基础化工,shmb,C,2022-07-19,[],0,0,buy,AA+,,3.92,7.28,37.3,buy,2028-06-23,1.756,29.975,5570.67,7950.99,1.53,-5.61,,0,14:59:46,00,Y,N,1,1,Y,转股价下修1次，成功下修1次,2022-12-29 开始转股,计算使用1.8年期 评级为AA+ 债参考YTM：1.6060,N,30.0,全价：121.390 最后更新：14:59:46,,,,1,{'M': ''},0,0,N,,,buy,buy
2026-09-21 14:26:01,118012,微芯转债,wxzz,149.816,2.16,688321,微芯生物,wxsw,26.23,4.84,4.56,25.34,103.51,0,44.73,194.55,370102,医药生物,shkc,C,2022-07-28,[],0,0,buy,A+,,17.738,32.942,4.3,buy,2028-07-05,1.789,4.995,38725.99,43599.08,51.41,-12.85,,0,14:59:59,00,Y,N,0,0,Y,,2023-01-11 开始转股,计算使用1.8年期 评级为A+ 债参考YTM：4.2541,N,5.0,全价：149.816 最后更新：14:59:59,,,,1,{'M': ''},0,0,N,,,buy,buy
2026-09-21 14:26:01,123158,宙邦转债,zbzz,258.0,-1.6,300037,新宙邦,xzb,71.96,-1.6,4.74,40.49,177.72,0,45.17,303.17,630702,电力设备,szcy,C,2022-10-21,[],0,0,buy,AA,,28.343,52.637,4.6,buy,2028-09-26,2.016,18.046,20542.31,72089.17,4.4,-33.97,,0,15:34:15,00,Y,N,0,0,Y,,2023-03-30 开始转股,计算使用2.1年期 评级为AA 债参考YTM：1.6509,N,19.7,全价：258.000 最后更新：15:34:15,,,,0,"{'G': '本次（2026年7月23日至2026年8月12日）不提前赎回，自2027年2月12日后首个交易日重新计算', 'M': ''}",0,0,N,,,buy,buy
2026-09-21 14:26:01,118056,路维转债,lwzz,283.594,-1.17,688401,路维光电,lwgd,68.86,-1.99,8.17,35.29,195.13,0,45.34,328.93,270103,电子,shkc,C,2025-07-10,[],0,0,buy,AA-,,24.703,45.877,4.6,buy,2031-06-11,4.723,6.144,20250.89,33437.19,11.52,-17.46,,0,14:59:54,00,Y,N,0,0,Y,,2025-12-17 开始转股,计算使用4.8年期 评级为AA- 债参考YTM：2.3021,N,6.15,全价：283.594 最后更新：14:59:54,,,,0,"{'G': '本次（2026年7月30日至2026年8月19日)不提前赎回，以2026年11月20日为首个交易日重新计算', 'M': ''}",0,0,N,,,buy,buy
2026-09-21 14:26:01,118039,煜邦转债,ybzz,131.121,1.49,688597,煜邦电力,ybdl,6.57,6.31,2.69,7.3,90.0,0,45.69,176.81,630804,电力设备,shkc,C,2023-08-15,[],0,0,buy,A,,5.11,9.49,18.6,buy,2029-07-20,2.83,4.104,3471.59,5756.07,6.48,-4.07,,0,14:59:44,00,Y,N,0,0,Y,,2024-01-26 开始转股,计算使用2.9年期 评级为A 债参考YTM：6.8172,N,4.108,全价：131.121 最后更新：14:59:44,,,,0,{'M': ''},0,0,N,,,buy,buy
2026-09-21 14:26:01,110103,申能转债,snzz,143.503,-0.45,600642,申能股份,sngf,8.6,-0.81,1.02,8.74,98.4,133,45.84,189.34,410101,公用事业,shmb,C,2026-08-13,[],0,0,buy,AAA,,6.118,11.362,4.8,buy,2032-07-23,5.841,20.0,4633.35,11593.36,1.61,-4.48,,0,14:59:59,00,Y,N,0,0,Y,,未到转股期；2027-02-01 开始转股,计算使用5.9年期 评级为AAA 债参考YTM：1.7543,N,20.0,全价：143.503 最后更新：14:59:59,,,,0,{'M': ''},0,0,N,,,buy,buy
2026-09-21 14:26:01,123172,漱玉转债,syzz,128.354,1.63,301017,漱玉平民,sypm,13.12,5.55,2.53,14.91,88.0,0,45.87,174.22,370403,医药生物,szcy,C,2023-01-06,[],0,0,buy,AA-,,10.437,19.383,23.5,buy,2028-12-15,2.236,7.96,5479.54,10885.64,5.39,-4.33,,0,15:34:06,00,Y,N,1,1,Y,转股价下修1次，成功下修1次,2023-06-21 开始转股,计算使用2.3年期 评级为AA- 债参考YTM：1.9981,N,8.0,全价：128.354 最后更新：15:34:06,,,,0,{'M': ''},0,0,N,,,buy,buy
2026-09-21 14:26:01,118059,颀中转债,qzzz,211.047,2.28,688352,颀中科技,qzkj,19.81,1.75,4.08,13.7,144.6,0,45.95,257.0,270107,电子,shkc,C,2025-11-21,[],0,0,buy,AA+,,9.59,17.81,11.7,buy,2031-11-03,5.121,8.498,68837.98,45224.99,38.42,-11.71,,0,14:59:58,00,Y,N,0,0,Y,,2026-05-07 开始转股,计算使用5.2年期 评级为AA+ 债参考YTM：1.7727,N,8.5,全价：211.047 最后更新：14:59:58,,,,0,"{'G': '本次（2026年5月26日至2026年6月17日）不提前赎回，以2026年12月18日为首个交易日重新计算', 'M': ''}",0,0,N,,,buy,buy
2026-09-21 14:26:01,110092,三房转债,sfzz,73.589,0.93,600370,*ST三房,sfx,1.52,2.7,1.19,3.02,50.33,0,46.21,119.8,220401,基础化工,shmb,C,2023-02-07,[],0,0,buy,A-,,2.114,3.926,34.6,buy,2029-01-06,2.296,21.185,2725.23,2706.88,1.75,21.21,,0,14:59:42,00,Y,N,0,0,Y,,2023-07-12 开始转股,计算使用2.3年期 评级为A- 债参考YTM：9.0496,N,25.0,全价：73.589 最后更新：14:59:42,,,,0,[],0,0,N,,,buy,buy
2026-09-21 14:26:01,113649,丰山转债,fszz,128.685,0.07,603810,丰山集团,fsjt,11.97,2.75,1.22,13.61,87.95,0,46.32,175.01,220803,基础化工,shmb,C,2022-07-21,[],0,0,buy,AA-,,9.527,17.693,23.1,buy,2028-06-27,1.767,4.577,2348.01,2308.49,3.98,-5.3,,0,14:59:02,00,Y,N,0,0,N,2026-09-16 至 2026-09-22 期间暂停转股：权益分派,2023-01-03 开始转股;2026-09-16 至 2026-09-22 期间暂停转股：权益分派,计算使用1.8年期 评级为AA- 债参考YTM：1.9077,N,5.0,全价：128.685 最后更新：14:59:02,,,,1,[],0,0,N,,,buy,buy
2026-09-21 14:26:01,113070,渝水转债,yszz,124.917,-0.28,601158,重庆水务,cqsw,4.02,0.25,1.13,4.72,85.17,0,46.67,171.59,760102,环保,shmb,C,2025-02-13,[],0,0,buy,AAA,,3.304,6.136,9.8,buy,2031-01-09,4.304,18.998,2415.34,3011.37,1.02,-2.68,,0,14:58:45,00,Y,N,0,0,Y,,2025-07-15 开始转股,计算使用4.4年期 评级为AAA 债参考YTM：1.6856,N,19.0,全价：124.917 最后更新：14:58:45,,,,0,{'M': ''},0,0,N,,,buy,buy
2026-09-21 14:26:01,123269,金杨转债,jyzz,158.404,-0.24,301210,金杨精密,jygf,30.46,-1.42,2.41,28.24,107.86,35,46.86,205.26,630701,电力设备,szcy,C,2026-05-11,[],0,0,buy,AA-,,19.768,36.712,52.4,buy,2032-04-19,5.581,9.8,5953.46,19250.59,3.82,-5.83,,0,15:33:57,00,Y,N,0,0,Y,,未到转股期；2026-10-26 开始转股,计算使用5.6年期 评级为AA- 债参考YTM：2.5700,N,9.8,全价：158.404 最后更新：15:33:57,,,,0,{'M': ''},0,0,N,,,buy,buy
2026-09-21 14:26:01,123255,鼎龙转债,dlzz,373.8,0.48,300054,鼎龙股份,dlgf,72.11,-0.65,12.21,28.38,254.09,0,47.11,420.91,270601,电子,szcy,C,2025-04-23,[],0,0,buy,AA,,19.866,36.894,1.7,buy,2031-04-02,4.532,9.095,28396.59,146383.58,8.3,-23.25,,0,15:34:15,00,Y,N,0,0,Y,,2025-10-09 开始转股,计算使用4.6年期 评级为AA 债参考YTM：1.8072,N,9.1,全价：373.800 最后更新：15:34:15,,,,0,"{'G': '本次（2026年4月8日至2026年4月28日）不提前赎回，自2026年10月28日后首个交易日重新计算', 'M': ''}",0,0,N,,,buy,buy
2026-09-21 14:26:01,123195,蓝晓转02,lxz02,176.684,0.78,300487,蓝晓科技,lxkj,70.8,2.94,7.63,59.21,119.57,0,47.76,224.44,220504,基础化工,szcy,C,2023-05-08,[],0,0,buy,A+,,41.447,76.973,2.5,buy,2029-04-17,2.573,5.455,16110.42,47548.1,16.52,-14.41,,0,15:34:27,00,Y,N,0,0,N,2026-09-18 至 2026-09-28 期间暂停转股：权益分派,2023-10-23 开始转股;2026-09-18 至 2026-09-28 期间暂停转股：权益分派,计算使用2.6年期 评级为A+ 债参考YTM：4.4082,N,5.461,全价：176.684 最后更新：15:34:27,,,,0,"{'M': '', 'EX': '寇晓康竞价减持6.18% 2026年09月18日公告\n高月静竞价减持3.82% 2026年09月18日公告'}",0,0,N,,,buy,buy
2026-09-21 14:26:01,123175,百畅转债,bczz,116.105,0.44,300614,百川畅银,bccy,10.21,2.72,1.91,13.0,78.54,0,47.83,163.94,760103,环保,szcy,C,2023-03-17,[],0,0,buy,BBB+,,9.1,16.9,25.6,buy,2029-02-22,2.425,4.199,1216.59,2949.03,2.49,0.07,,0,15:34:24,00,Y,N,3,3,Y,转股价下修3次，成功下修3次,2023-08-28 开始转股,计算使用2.5年期 评级为BBB+ 债参考YTM：12.2523,N,4.2,全价：116.105 最后更新：15:34:24,,,,0,{'M': ''},0,0,N,,,buy,buy
2026-09-21 14:26:01,118060,瑞可转债,rkzz,197.153,0.31,688800,瑞可达,rkd,69.87,0.79,8.0,52.53,133.01,0,48.22,245.37,270401,电子,shkc,C,2025-12-12,[],0,0,buy,AA-,,36.771,68.289,5.0,buy,2031-11-14,5.151,9.999,17283.8,63821.87,8.72,-9.94,,0,14:59:57,00,Y,N,0,0,N,2026-09-18 至 2026-09-24 期间暂停转股：回售,2026-05-20 开始转股;2026-09-18 至 2026-09-24 期间暂停转股：回售,计算使用5.2年期 评级为AA- 债参考YTM：2.3658,N,10.0,全价：197.153 最后更新：14:59:57,,,,0,"{'G': '本次（2026年5月20日至2026年6月9日）不提前赎回，以2026年12月10日为首个交易日重新计算', 'M': ''}",0,0,Y,,,buy,buy
2026-09-21 14:26:01,113680,丽岛转债,ldzz,134.389,-0.28,603937,丽岛新材,ldxc,11.67,0.86,1.54,12.91,90.4,0,48.67,183.06,240301,有色金属,shmb,C,2023-12-05,[],0,0,buy,A+,,9.037,16.783,12.3,buy,2029-11-15,3.153,2.998,2261.47,2914.58,5.61,-3.53,,0,14:59:51,00,Y,N,0,0,Y,,2024-05-21 开始转股,计算使用3.2年期 评级为A+ 债参考YTM：4.5191,N,3.0,全价：134.389 最后更新：14:59:51,,,,0,[],0,0,N,,,buy,buy
2026-09-21 14:26:01,127034,绿茵转债,lyzz,122.0,-0.16,002887,绿茵生态,lyst,9.18,0.99,1.19,11.21,81.89,0,48.98,170.98,760104,环保,szmb,C,2021-05-28,[],0,0,buy,AA-,,7.847,14.573,21.5,buy,2027-04-30,0.606,4.279,2529.29,2126.34,4.84,-12.24,,0,15:34:42,00,Y,N,1,0,Y,转股价下修1次，成功下修0次,2021-11-11 开始转股,计算使用0.7年期 评级为AA- 债参考YTM：1.7228,Y,7.12,全价：122.000 最后更新：15:34:42,,,"按下调到底估算
股东大会：2026-09-23
预估转股价：9.46
预估转股价值：97.04
期权价值：11.57
理论价值：123.41
理论偏离度：-1.16%",1,[],0,0,N,,,buy,buy
2026-09-21 14:26:01,123277,玉禾转债,yhzz,144.751,0.19,300815,玉禾田,yht,15.81,1.87,1.34,16.35,96.7,136,49.7,194.45,760103,环保,szcy,C,2026-08-14,[],0,0,buy,AA,,11.445,21.255,24.2,buy,2032-07-28,5.855,15.0,5373.42,15104.92,2.48,-4.11,,0,15:34:24,00,Y,N,0,0,Y,,未到转股期；2027-02-04 开始转股,计算使用5.9年期 评级为AA 债参考YTM：1.9826,N,15.0,全价：144.751 最后更新：15:34:24,,,,0,[],0,0,N,,,buy,buy
2026-09-21 14:26:01,113665,汇通转债,htzz,126.928,1.12,603176,汇通集团,htjt,5.34,2.89,2.27,6.31,84.63,0,49.98,176.91,620306,建筑装饰,shmb,C,2023-01-11,[],0,0,buy,A+,,4.417,8.203,14.6,buy,2028-12-15,2.236,3.596,2583.13,2422.47,5.67,-3.09,,0,14:59:58,00,Y,N,1,1,Y,转股价下修1次，成功下修1次,2023-06-21 开始转股,计算使用2.3年期 评级为A+ 债参考YTM：4.3496,N,3.6,全价：126.928 最后更新：14:59:58,,,,0,[],0,0,N,,,buy,buy
2026-09-21 14:26:01,123224,宇邦转债,ybzz,137.79,1.55,301266,宇邦新材,ybxc,25.8,5.69,1.96,28.09,91.85,0,50.02,187.81,630504,电力设备,szcy,C,2023-10-18,[],0,0,buy,A+,,19.663,36.517,8.1,buy,2029-09-19,2.997,2.848,4799.66,13140.65,12.28,-4.83,,0,15:34:45,00,Y,N,1,1,Y,转股价下修1次，成功下修1次,2024-03-25 开始转股,计算使用3.0年期 评级为A+ 债参考YTM：4.4867,N,5.0,全价：137.790 最后更新：15:34:45,,,,0,{'M': ''},0,0,N,,,buy,buy
2026-09-21 14:26:01,127089,晶澳转债,jazz,117.4,-0.42,002459,晶澳科技,jakj,6.95,1.61,1.16,8.9,78.09,0,50.34,167.74,630502,电力设备,szmb,C,2023-08-04,[],0,0,buy,AA+,,6.23,11.57,39.0,buy,2029-07-18,2.825,89.588,6291.08,21923.23,0.6,-1.9,,0,15:34:33,00,Y,N,3,2,Y,转股价下修3次，成功下修2次,2024-01-24 开始转股,计算使用2.9年期 评级为AA+ 债参考YTM：1.6627,N,89.603,全价：117.400 最后更新：15:34:33,,,,0,{'M': ''},0,0,N,,,buy,buy
2026-09-21 14:26:01,127093,章鼓转债,zgzz,129.63,0.03,002598,ST章鼓,sdzg,7.14,1.42,1.66,8.3,86.02,0,50.69,180.32,640106,机械设备,szmb,C,2023-11-03,[],0,0,buy,A,,5.81,10.79,11.9,buy,2029-10-17,3.074,2.425,1149.45,3606.92,3.66,-3.06,,0,15:33:57,00,Y,N,1,1,Y,转股价下修1次，成功下修1次,2024-04-23 开始转股,计算使用3.1年期 评级为A 债参考YTM：6.8544,N,2.43,全价：129.630 最后更新：15:33:57,,,,0,[],0,0,N,,,buy,buy
2026-09-21 14:26:01,123268,本川转债,bczz,209.296,4.07,300964,本川智能,bczn,75.16,3.17,7.12,54.13,138.85,32,50.73,260.03,270202,电子,szcy,C,2026-05-07,[],0,0,buy,AA-,,37.891,70.369,7.2,buy,2032-04-16,5.573,4.69,63657.4,56148.73,65.68,-9.77,,0,15:34:24,00,Y,N,0,0,Y,,未到转股期；2026-10-23 开始转股,计算使用5.6年期 评级为AA- 债参考YTM：2.5700,N,4.69,全价：209.296 最后更新：15:34:24,,,,0,{'M': ''},0,0,N,,,buy,buy
2026-09-21 14:26:01,123157,科蓝转债,klzz,134.603,0.83,300663,科蓝软件,klrj,7.85,2.88,11.39,8.8,89.21,0,50.89,185.49,710401,计算机,szcy,C,2022-09-20,[],0,0,buy,A-,,6.16,11.44,6.4,buy,2028-08-30,1.943,2.34,5416.96,15024.41,17.18,-6.91,,0,15:34:12,00,Y,N,2,2,Y,转股价下修2次，成功下修2次,2023-03-06 开始转股,计算使用2.0年期 评级为A- 债参考YTM：8.9929,N,4.946,全价：134.603 最后更新：15:34:12,,,,1,{'M': ''},0,0,N,,,buy,buy
2026-09-21 14:26:01,123237,佳禾转债,jhzz,135.021,0.24,300793,佳禾智能,jhzn,12.04,2.91,1.62,13.46,89.45,0,50.95,185.97,270504,电子,szcy,C,2024-01-24,[],0,0,buy,A+,,9.422,17.498,9.6,buy,2030-01-04,3.29,4.314,3541.93,16009.37,6.06,-4.27,,0,15:34:51,00,Y,N,1,1,Y,转股价下修1次，成功下修1次,2024-07-10 开始转股,计算使用3.3年期 评级为A+ 债参考YTM：4.5313,N,10.04,全价：135.021 最后更新：15:34:51,,,,0,[],0,0,N,,,buy,buy
2026-09-21 14:26:01,123071,天能转债,tnzz,114.801,0.02,300569,天能重工,tnzg,5.08,0.4,0.97,6.68,76.05,0,50.96,165.76,630602,电力设备,szcy,C,2020-11-25,[],0,0,buy,AA-,,4.676,8.684,13.4,buy,2026-10-21,0.082,6.935,2713.69,11817.9,3.41,2.18,,0,15:33:57,00,Y,N,2,2,Y,转股价下修2次，成功下修2次,2021-04-27 开始转股,计算使用0.1年期 评级为AA- 债参考YTM：1.6602,N,7.0,全价：114.801 最后更新：15:33:57,,,,1,"{'R': '到期\n最后交易日：2026-10-15\n最后转股日：2026-10-20\n债券到期日：2026-10-21\n到期赎回价：115.000元/张', 'M': ''}",0,0,N,,,buy,buy
2026-09-21 14:26:01,127059,永东转2,ydz2,128.338,0.13,002753,永东股份,ydgf,6.87,2.23,1.09,8.11,84.71,0,51.5,179.84,220603,基础化工,szmb,C,2022-05-16,[],0,0,buy,AA-,,5.677,10.543,18.7,buy,2028-04-08,1.548,3.79,2842.45,6111.33,5.83,-5.87,,0,15:34:09,00,Y,N,0,0,Y,,2022-10-14 开始转股,计算使用1.6年期 评级为AA- 债参考YTM：1.8722,N,3.8,全价：128.338 最后更新：15:34:09,,,,1,[],0,0,N,,,buy,buy
2026-09-21 14:26:01,110093,神马转债,smzz,120.496,0.39,600810,神马股份,smgf,6.41,1.58,0.75,8.08,79.33,0,51.89,172.39,220406,基础化工,shmb,C,2023-04-20,[],0,0,buy,AAA,,5.656,10.504,32.1,buy,2029-03-16,2.485,22.197,3854.76,2852.6,1.44,-3.66,,0,14:59:56,00,Y,N,0,0,Y,,2023-09-22 开始转股,计算使用2.5年期 评级为AAA 债参考YTM：1.6073,N,30.0,全价：120.496 最后更新：14:59:56,,,,0,{'M': ''},0,0,N,,,buy,buy
2026-09-21 14:26:01,127054,双箭转债,sjzz,122.435,-0.13,002381,双箭股份,sjgf,5.61,2.94,1.09,6.96,80.6,0,51.9,174.34,220602,基础化工,szmb,C,2022-03-15,[],0,0,buy,AA,,4.872,9.048,28.0,buy,2028-02-11,1.392,5.136,3024.36,2051.3,4.81,-5.19,,0,15:34:36,00,Y,N,0,0,Y,,2022-08-17 开始转股,计算使用1.4年期 评级为AA 债参考YTM：1.5980,N,5.136,全价：122.435 最后更新：15:34:36,,,,1,[],0,0,N,,,buy,buy
2026-09-21 14:26:01,110090,爱迪转债,adzz,128.98,0.44,600933,爱柯迪,akd,14.55,3.71,1.54,17.15,84.84,0,52.03,181.01,280203,汽车,shmb,C,2022-10-28,[],0,0,buy,AA,,12.005,22.295,11.0,buy,2028-09-23,2.008,15.695,11433.77,42604.55,5.63,-6.57,,0,14:59:59,00,Y,N,0,0,Y,,2023-03-29 开始转股,计算使用2.1年期 评级为AA 债参考YTM：1.6509,N,15.7,全价：128.980 最后更新：14:59:59,,,,0,{'M': ''},0,0,N,,,buy,buy
2026-09-21 14:26:01,123183,海顺转债,hszz,126.132,0.18,300501,海顺新材,hsxc,9.64,2.23,1.86,11.63,82.89,0,52.17,178.3,360206,轻工制造,szcy,C,2023-04-20,[],0,0,buy,AA-,,8.141,15.119,23.7,buy,2029-03-23,2.504,6.329,3076.99,2545.99,3.85,-2.51,,0,15:34:12,00,Y,N,2,0,Y,转股价下修2次，成功下修0次,2023-10-09 开始转股,计算使用2.6年期 评级为AA- 债参考YTM：2.0573,N,6.33,全价：126.132 最后更新：15:34:12,,,,0,[],0,0,N,,,buy,buy
2026-09-21 14:26:01,127049,希望转2,xwz2,109.873,0.16,000876,新希望,xxw,7.28,1.68,1.72,10.13,71.87,0,52.89,162.76,110402,农林牧渔,szmb,C,2021-11-29,[],0,0,buy,AAA,,7.091,13.169,24.9,buy,2027-11-02,1.115,81.434,6880.56,30961.4,0.77,-1.06,,0,15:34:45,00,Y,N,1,1,Y,转股价下修1次，成功下修1次,2022-05-09 开始转股,计算使用1.2年期 评级为AAA 债参考YTM：1.5340,N,81.5,全价：109.873 最后更新：15:34:45,,,,1,{'M': ''},0,0,N,,,buy,buy
2026-09-21 14:26:01,113694,清源转债,qyzz,126.181,0.44,603628,清源股份,qygf,10.57,1.83,2.16,12.85,82.26,0,53.4,179.58,630504,电力设备,shmb,C,2025-04-25,[],0,0,buy,A+,,8.995,16.705,17.4,buy,2031-04-08,4.548,4.999,2706.61,5648.23,4.29,-1.36,,0,14:59:04,00,Y,N,0,0,Y,,2025-10-14 开始转股,计算使用4.6年期 评级为A+ 债参考YTM：4.6411,N,5.0,全价：126.181 最后更新：14:59:04,,,,0,{'M': ''},0,0,N,,,buy,buy
2026-09-21 14:26:01,113678,中贝转债,zbzz,140.17,0.12,603220,中贝通信,zbtx,18.66,2.19,2.57,20.47,91.16,0,53.77,193.94,730103,通信,shmb,C,2023-11-21,[],0,0,buy,A+,,14.329,26.611,5.1,buy,2029-10-19,3.08,5.106,5194.41,32784.82,7.24,-4.92,,0,14:59:59,00,Y,N,2,1,Y,转股价下修2次，成功下修1次,2024-04-25 开始转股,计算使用3.1年期 评级为A+ 债参考YTM：4.5044,N,5.17,全价：140.170 最后更新：14:59:59,,,,0,{'M': ''},0,0,N,,,buy,buy
2026-09-21 14:26:01,123155,中陆转债,zlzz,129.07,-0.78,301040,中环海陆,zhhl,26.61,-1.11,3.53,31.76,83.79,0,54.05,183.12,630602,电力设备,szcy,C,2022-08-31,[],0,0,buy,A+,,22.232,41.288,14.3,buy,2028-08-12,1.893,3.6,3531.21,6517.6,7.55,-4.9,,0,15:34:06,00,Y,N,0,0,Y,,2023-02-20 开始转股,计算使用1.9年期 评级为A+ 债参考YTM：4.2739,N,3.6,全价：129.070 最后更新：15:34:06,,,,1,{'M': ''},0,0,N,,,buy,buy
2026-09-21 14:26:01,111022,锡振转债,xzzz,160.588,2.68,605319,无锡振华,wxzh,23.27,3.1,2.81,22.39,103.93,0,54.52,215.11,280205,汽车,shmb,C,2025-07-14,[],0,0,buy,AA-,,15.673,29.107,6.4,buy,2031-06-18,4.743,5.197,33131.14,16162.1,38.94,-6.45,,0,14:59:57,00,Y,N,0,0,N,2026-09-21 至 2026-09-29 期间暂停转股：权益分派,2025-12-24 开始转股;2026-09-21 至 2026-09-29 期间暂停转股：权益分派,计算使用4.8年期 评级为AA- 债参考YTM：2.3021,N,5.2,全价：160.588 最后更新：14:59:57,,,,0,[],0,0,N,,,buy,buy
2026-09-21 14:26:01,123271,通合转债,thzz,172.0,-1.88,300491,通合科技,thkj,36.9,-3.05,5.42,33.18,111.21,78,54.66,226.66,630306,电力设备,szcy,C,2026-06-17,[],0,0,buy,AA,,23.226,43.134,9.0,buy,2032-06-01,5.699,5.219,9429.61,50096.64,10.44,-6.37,,0,15:34:21,00,Y,N,0,0,Y,,未到转股期；2026-12-08 开始转股,计算使用5.7年期 评级为AA 债参考YTM：1.9421,N,5.22,全价：172.000 最后更新：15:34:21,,,,0,[],0,0,N,,,buy,buy
2026-09-21 14:26:01,118061,茂莱转债,mlzz,189.305,-1.86,688502,茂莱光学,mlgx,445.5,-1.66,18.82,364.15,122.34,0,54.74,244.05,270303,电子,shkc,C,2025-12-10,[],0,0,buy,A+,,254.905,473.395,2.4,buy,2031-11-21,5.17,5.622,18832.55,42245.6,17.57,-8.88,,0,14:59:55,00,Y,N,0,0,Y,,2026-05-27 开始转股,计算使用5.2年期 评级为A+ 债参考YTM：4.7145,N,5.625,全价：189.305 最后更新：14:59:55,,,,0,"{'G': '本次（2026年5月28日至2026年7月3日）不提前赎回，以2026年10月4日首个交易日重新计算', 'M': ''}",0,0,N,,,buy,buy
2026-09-21 14:26:01,118052,浩瀚转债,hhzz,141.942,-0.98,688292,浩瀚深度,hhsd,22.17,-3.69,3.56,24.2,91.61,0,54.94,196.88,710103,计算机,shkc,C,2025-04-07,[],0,0,buy,A+,,16.94,31.46,10.1,buy,2031-03-13,4.477,3.539,35373.47,33358.04,70.22,-3.8,,0,14:59:59,00,Y,N,0,0,Y,,2025-09-19 开始转股,计算使用4.5年期 评级为A+ 债参考YTM：4.6342,N,3.54,全价：141.942 最后更新：14:59:59,,,,0,{'M': ''},0,0,N,,,buy,buy
2026-09-21 14:26:01,127111,金威转债,jwzz,136.715,1.0,002626,金达威,jdw,16.77,3.97,2.43,19.19,87.39,0,56.44,193.16,340407,食品饮料,szmb,C,2025-09-08,[],0,0,buy,AA,,13.433,24.947,12.6,buy,2031-08-20,4.915,12.924,3005.41,7185.73,1.7,-3.78,,0,15:33:57,00,Y,N,0,0,Y,,2026-02-26 开始转股,计算使用5.0年期 评级为AA 债参考YTM：1.8292,N,12.924,全价：136.715 最后更新：15:33:57,,,,0,{'M': ''},0,0,N,,,buy,buy
2026-09-21 14:26:01,123261,普联转债,plzz,155.9,-0.54,300996,普联软件,plrj,12.88,2.22,3.97,12.97,99.31,0,56.99,212.89,710401,计算机,szcy,C,2025-12-22,[],0,0,buy,A+,,9.079,16.861,5.7,buy,2031-12-05,5.208,2.428,16758.51,25066.93,43.94,-5.15,,0,15:34:18,00,Y,N,0,0,Y,,2026-06-11 开始转股,计算使用5.3年期 评级为A+ 债参考YTM：4.7555,N,2.43,全价：155.900 最后更新：15:34:18,,,,0,{'M': ''},0,0,N,,,buy,buy
2026-09-21 14:26:01,113688,国检转债,gjzz,134.144,0.4,603060,国检集团,gjjt,5.5,2.23,2.17,6.45,85.27,0,57.31,191.45,460802,社会服务,shmb,C,2024-11-12,[],0,0,buy,AA+,,4.515,8.385,18.1,buy,2030-10-17,4.074,7.997,1950.34,2241.38,1.82,-3.5,,0,14:58:01,00,Y,N,0,0,Y,,2025-04-23 开始转股,计算使用4.1年期 评级为AA+ 债参考YTM：1.7273,N,8.0,全价：134.144 最后更新：14:58:01,,,,0,[],0,0,N,,,buy,buy
2026-09-21 14:26:01,113706,金帝转债,jdzz,192.02,-0.52,603270,金帝股份,jdgf,37.23,1.09,3.45,30.62,121.59,92,57.93,249.95,640108,机械设备,shmb,C,2026-07-10,[],0,0,buy,AA,,21.434,39.806,25.1,buy,2032-06-14,5.734,9.7,38578.88,31275.44,20.52,-8.13,,0,15:00:00,00,Y,N,0,0,Y,,未到转股期；2026-12-22 开始转股,计算使用5.8年期 评级为AA 债参考YTM：1.9628,N,9.7,全价：192.020 最后更新：15:00:00,,,,0,{'M': ''},0,0,N,,,buy,buy
2026-09-21 14:26:01,127115,炬申转债,jszz,175.08,0.87,001202,炬申股份,jsgf,15.02,3.87,2.85,13.56,110.77,133,58.06,233.14,420802,交通运输,szmb,C,2026-08-13,[],0,0,buy,AA-,,9.492,17.628,21.7,buy,2032-07-23,5.841,3.8,9701.97,4461.8,14.55,-7.2,,0,15:34:00,00,Y,N,0,0,Y,,未到转股期；2027-02-01 开始转股,计算使用5.9年期 评级为AA- 债参考YTM：2.7368,N,3.8,全价：175.080 最后更新：15:34:00,,,,0,[],0,0,N,,,buy,buy
2026-09-21 14:26:01,123284,强达转债,qdzz,215.0,5.24,301628,强达电路,qddl,114.09,-0.79,7.21,84.04,135.76,157,58.37,273.37,270202,电子,szcy,C,2026-09-03,[],0,0,buy,AA-,,58.828,109.252,16.6,buy,2032-08-18,5.912,5.5,60201.1,34536.96,52.31,-10.32,,0,15:34:06,00,Y,N,0,0,Y,,未到转股期；2027-02-25 开始转股,计算使用6.0年期 评级为AA- 债参考YTM：2.7808,N,5.5,全价：215.000 最后更新：15:34:06,,,,0,{'M': ''},0,0,N,,,buy,buy
2026-09-21 14:26:01,123279,天脉转债,tmzz,197.0,1.65,301626,苏州天脉,sztm,332.0,3.73,23.89,267.33,124.19,140,58.63,255.63,270504,电子,szcy,C,2026-08-18,[],0,0,buy,AA,,187.131,347.529,4.5,buy,2032-08-02,5.869,7.86,38083.0,115778.77,24.61,-9.05,,0,15:34:00,00,Y,N,0,0,Y,,未到转股期；2027-02-08 开始转股,计算使用5.9年期 评级为AA 债参考YTM：1.9826,N,7.86,全价：197.000 最后更新：15:34:00,,,,0,{'M': ''},0,0,N,,,buy,buy
2026-09-21 14:26:01,127108,太能转债,tnzz,122.908,-0.36,000591,太阳能,tyn,4.29,0.0,0.69,5.54,77.44,0,58.72,181.63,410106,公用事业,szmb,C,2025-04-16,[],0,0,buy,AA+,,3.878,7.202,17.6,buy,2031-03-28,4.518,29.498,3199.96,14779.2,0.88,-1.12,,0,15:34:03,00,Y,N,0,0,Y,,2025-10-09 开始转股,计算使用4.6年期 评级为AA+ 债参考YTM：1.7462,N,29.5,全价：122.908 最后更新：15:34:03,,,,0,{'M': ''},0,0,N,,,buy,buy
2026-09-21 14:26:01,123278,合金转债,hjzz,176.463,2.05,300697,电工合金,dghj,15.41,2.8,5.13,13.98,110.23,137,60.09,236.55,240302,有色金属,szcy,C,2026-08-18,[],0,0,buy,AA-,,9.786,18.174,10.7,buy,2032-07-29,5.858,5.45,35959.88,16512.94,37.25,-7.31,,0,15:34:27,00,Y,N,0,0,Y,,未到转股期；2027-02-05 开始转股,计算使用5.9年期 评级为AA- 债参考YTM：2.7368,N,5.45,全价：176.463 最后更新：15:34:27,,,,0,[],0,0,N,,,buy,buy
2026-09-21 14:26:01,127104,姚记转债,yjzz,139.4,0.09,002605,姚记科技,yjkj,16.84,1.08,1.84,19.38,86.89,0,60.43,199.83,720401,传媒,szmb,C,2024-02-26,[],0,0,buy,A+,,13.566,25.194,10.2,buy,2030-01-24,3.345,5.822,1573.28,5785.69,1.94,-4.43,,0,15:33:54,00,Y,N,0,0,Y,,2024-07-31 开始转股,计算使用3.4年期 评级为A+ 债参考YTM：4.5416,N,5.831,全价：139.400 最后更新：15:33:54,,,,0,[],0,0,N,,,buy,buy
2026-09-21 14:26:01,123193,海能转债,hnzz,128.95,1.47,300787,海能实业,hnsy,11.61,9.12,2.36,14.5,80.07,0,61.05,190.0,270504,电子,szcy,C,2023-05-09,[],0,0,buy,AA-,,10.15,18.85,26.3,buy,2029-04-13,2.562,5.997,10006.14,20281.08,12.9,-3.3,,0,15:34:30,00,Y,N,0,0,Y,,2023-10-19 开始转股,计算使用2.6年期 评级为AA- 债参考YTM：2.0573,N,6.0,全价：128.950 最后更新：15:34:30,,,,0,[],0,0,N,,,buy,buy
2026-09-21 14:26:01,113696,伯25转债,b25zz,132.379,0.13,603596,伯特利,btl,28.88,1.76,3.08,35.16,82.14,0,61.17,193.55,280203,汽车,shmb,C,2025-07-28,[],0,0,buy,AA,,24.612,45.708,10.8,buy,2031-07-01,4.778,28.017,5718.28,40563.28,1.54,-3.23,,0,14:59:15,00,Y,N,0,0,Y,,2026-01-07 开始转股,计算使用4.8年期 评级为AA 债参考YTM：1.8181,N,28.02,全价：132.379 最后更新：14:59:15,,,,0,{'M': ''},0,0,N,,,buy,buy
2026-09-21 14:26:01,111020,合顺转债,hszz,133.609,0.79,605166,聚合顺,jhs,8.72,5.44,1.36,10.53,82.81,0,61.34,194.95,220406,基础化工,shmb,C,2024-08-15,[],0,0,buy,AA-,,7.371,13.689,12.3,buy,2030-07-22,3.836,3.38,2830.37,6693.64,6.27,-2.96,,0,14:57:21,00,Y,N,0,0,Y,,2025-01-27 开始转股,计算使用3.9年期 评级为AA- 债参考YTM：2.2235,N,3.38,全价：133.609 最后更新：14:57:21,,,,0,[],0,0,N,,,buy,buy
2026-09-21 14:26:01,123282,震裕转02,zyz02,151.9,0.53,300953,震裕科技,zykj,97.89,-0.52,4.9,104.25,93.9,154,61.77,213.67,630701,电力设备,szcy,C,2026-09-02,[],0,0,buy,AA-,,72.975,135.525,10.9,buy,2032-08-16,5.907,18.8,18290.72,68710.88,6.36,-4.84,,0,15:34:27,00,Y,N,0,0,Y,,未到转股期；2027-02-22 开始转股,计算使用6.0年期 评级为AA- 债参考YTM：2.7808,N,18.8,全价：151.900 最后更新：15:34:27,,,,0,{'M': ''},0,0,N,,,buy,buy
2026-09-21 14:26:01,123280,三鑫转债,sxzz,152.73,0.48,300453,三鑫医疗,sxyl,9.17,1.78,3.21,9.72,94.34,142,61.89,214.62,370503,医药生物,szcy,C,2026-08-19,[],0,0,buy,AA-,,7.776,12.636,15.8,buy,2032-08-03,5.871,5.3,7760.64,3487.05,9.55,-4.96,,0,15:34:45,00,Y,N,0,0,Y,,未到转股期；2027-02-10 开始转股,计算使用5.9年期 评级为AA- 债参考YTM：2.7368,N,5.3,全价：152.730 最后更新：15:34:45,,,,0,[],0,0,N,,,buy,buy
2026-09-21 14:26:01,127114,宜化转债,yhzz,137.75,1.01,000422,湖北宜化,hbyh,11.98,1.18,1.69,14.08,85.09,105,61.9,199.65,220801,基础化工,szmb,C,2026-07-14,[],0,0,buy,AA+,,9.856,18.304,25.8,buy,2032-06-25,5.764,33.0,5367.52,14018.28,1.18,-3.31,,0,15:34:24,00,Y,Y,0,0,Y,,未到转股期；2027-01-04 开始转股,计算使用5.8年期 评级为AA+ 债参考YTM：1.8538,N,33.0,全价：137.750 最后更新：15:34:24,,,,0,{'M': ''},0,0,N,,,buy,buy
2026-09-21 14:26:01,123216,科顺转债,kszz,123.7,1.07,300737,科顺股份,ksgf,5.05,8.14,1.41,6.61,76.4,0,61.91,185.61,610304,建筑材料,szcy,C,2023-08-23,[],0,0,buy,AA-,,4.627,8.593,49.0,buy,2029-08-04,2.871,21.959,13198.94,32399.94,4.87,-1.57,,0,15:34:39,00,Y,N,2,1,Y,转股价下修2次，成功下修1次,2024-02-19 开始转股,计算使用2.9年期 评级为AA- 债参考YTM：2.1171,N,21.98,全价：123.700 最后更新：15:34:39,,,,0,{'M': ''},0,0,N,,,buy,buy
2026-09-21 14:26:01,123214,东宝转债,dbzz,127.546,0.69,300239,东宝生物,dbsw,5.2,5.91,1.76,6.62,78.55,0,62.38,189.93,370304,医药生物,szcy,C,2023-08-18,[],0,0,buy,A+,,4.634,8.606,14.8,buy,2029-07-31,2.86,4.549,2300.11,7412.4,3.97,-3.17,,0,15:34:27,00,Y,N,0,0,Y,,2024-02-05 开始转股,计算使用2.9年期 评级为A+ 债参考YTM：4.4672,N,4.55,全价：127.546 最后更新：15:34:27,,,,0,[],0,0,N,,,buy,buy
2026-09-21 14:26:01,123281,中仑转债,zlzz,158.98,3.91,301565,中仑新材,zlxc,19.85,2.58,3.22,20.28,97.88,144,62.42,221.4,220505,基础化工,szcy,C,2026-08-24,[],0,0,buy,AA-,,14.196,26.364,42.0,buy,2032-08-05,5.877,10.68,32877.11,9947.29,19.26,-5.6,,0,15:34:30,00,Y,N,0,0,Y,,未到转股期；2027-02-12 开始转股,计算使用5.9年期 评级为AA- 债参考YTM：2.7368,N,10.68,全价：158.980 最后更新：15:34:30,,,,0,{'M': ''},0,0,N,,,buy,buy
2026-09-21 14:26:01,113699,金25转债,j25zz,190.492,0.52,603979,金诚信,jcx,73.54,0.29,3.7,62.8,117.1,0,62.67,253.16,240302,有色金属,shmb,C,2025-10-27,[],0,0,buy,AA,,43.96,81.64,4.4,buy,2031-09-26,5.016,19.998,14974.94,29089.52,3.92,-9.6,,0,14:59:58,00,Y,N,0,0,Y,,2026-04-10 开始转股,计算使用5.1年期 评级为AA 债参考YTM：1.8371,N,20.0,全价：190.492 最后更新：14:59:58,,,,0,{'M': ''},0,0,N,,,buy,buy
2026-09-21 14:26:01,111025,圣泉转债,sqzz,158.368,-1.96,605589,圣泉集团,sqjt,41.0,-0.22,3.21,42.38,96.74,102,63.7,222.07,220504,基础化工,shmb,C,2026-07-21,[],0,0,buy,AA+,,29.666,55.094,7.2,buy,2032-06-24,5.762,25.0,26252.32,137976.03,6.58,-5.97,,0,14:59:51,00,Y,N,1,1,Y,转股价下修1次，成功下修1次,未到转股期；2027-01-01 开始转股,计算使用5.8年期 评级为AA+ 债参考YTM：1.8538,N,25.0,全价：158.368 最后更新：14:59:51,,,,0,{'M': ''},0,0,N,,,buy,buy
2026-09-21 14:26:01,123109,昌红转债,chzz,131.959,-0.65,300151,昌红科技,chkj,21.46,3.67,7.11,26.64,80.56,0,63.81,195.77,640209,机械设备,szcy,C,2021-04-19,[],0,0,buy,AA-,,18.648,34.632,5.8,buy,2027-04-01,0.526,4.595,4398.98,61081.96,7.19,-24.56,,0,15:34:06,00,Y,N,1,0,Y,转股价下修1次，成功下修0次,2021-10-08 开始转股,计算使用0.6年期 评级为AA- 债参考YTM：1.7116,Y,4.6,全价：131.959 最后更新：15:34:06,,,"按下调到底估算
股东大会：2026-09-28
预估转股价：21.26
预估转股价值：100.94
期权价值：19.15
理论价值：133.13
理论偏离度：-0.89%",0,{'M': ''},0,0,N,,,buy,buy
2026-09-21 14:26:01,110100,龙建转债,ljzz,118.566,0.54,600853,龙建股份,ljgf,3.32,1.84,0.8,4.59,72.33,0,63.92,182.49,620306,建筑装饰,shmb,C,2026-02-12,[],0,0,buy,AA,,3.213,5.967,29.7,buy,2032-01-22,5.34,10.0,6484.07,2933.64,5.48,-0.82,,0,14:59:56,00,Y,N,0,0,Y,,2026-07-28 开始转股,计算使用5.4年期 评级为AA 债参考YTM：1.8814,N,10.0,全价：118.566 最后更新：14:59:56,,,,0,[],0,0,N,,,buy,buy
2026-09-21 14:26:01,110102,江农转债,jnzz,153.103,2.44,600389,江山股份,jsgf,19.23,1.75,1.93,20.64,93.17,121,64.33,217.43,220803,基础化工,shmb,C,2026-08-05,[],0,0,buy,AA+,,14.448,26.832,14.3,buy,2032-07-13,5.814,11.85,11141.28,22791.75,6.19,-5.22,,0,14:59:58,00,Y,N,0,0,Y,,未到转股期；2027-01-20 开始转股,计算使用5.9年期 评级为AA+ 债参考YTM：1.8679,N,11.85,全价：153.103 最后更新：14:59:58,,,,0,{'M': ''},0,0,N,,,buy,buy
2026-09-21 14:26:01,127102,浙建转债,zjzz,119.897,0.5,002761,浙江建投,zjjt,7.42,2.34,0.94,10.17,72.96,0,64.33,184.23,620101,建筑装饰,szmb,C,2024-01-16,[],0,0,buy,AA+,,7.119,13.221,12.4,buy,2029-12-25,3.263,9.951,2975.22,8532.62,2.5,-2.13,,0,15:34:03,00,Y,N,0,0,Y,,2024-07-01 开始转股,计算使用3.3年期 评级为AA+ 债参考YTM：1.6816,N,10.0,全价：119.897 最后更新：15:34:03,,,,0,{'M': ''},0,0,N,,,buy,buy
2026-09-21 14:26:01,123253,永贵转债,ygzz,130.823,-0.23,300351,永贵电器,ygdq,14.37,0.14,2.25,18.19,79.0,0,65.6,196.42,640501,机械设备,szcy,C,2025-03-28,[],0,0,buy,AA-,,12.733,23.647,25.9,buy,2031-03-13,4.477,9.797,2762.4,6996.13,2.15,-2.39,,0,15:34:30,00,Y,N,0,0,Y,,2025-09-19 开始转股,计算使用4.5年期 评级为AA- 债参考YTM：2.2767,N,9.8,全价：130.823 最后更新：15:34:30,,,,0,{'M': ''},0,0,N,,,buy,buy
2026-09-21 14:26:01,113674,华设转债,hszz,127.397,0.33,603018,XD华设集,hsjt,5.31,3.51,0.81,6.91,76.85,0,65.78,193.18,620601,建筑装饰,shmb,C,2023-08-15,[],0,0,buy,AA,,4.837,8.983,9.2,buy,2029-07-21,2.833,3.999,1944.48,5088.3,3.82,-3.51,,0,14:59:31,00,Y,N,0,0,Y,,2024-01-29 开始转股,计算使用2.9年期 评级为AA 债参考YTM：1.7005,N,4.0,全价：127.397 最后更新：14:59:31,,,,0,{'M': ''},0,0,N,,,buy,buy
2026-09-21 14:26:01,111021,奥锐转债,arzz,136.191,1.07,605116,奥锐特,art,20.18,2.13,3.06,24.6,82.03,0,66.02,202.21,370101,医药生物,shmb,C,2024-08-15,[],0,0,buy,AA-,,17.22,31.98,9.9,buy,2030-07-26,3.847,8.121,5198.05,5608.08,4.71,-3.44,,0,14:59:58,00,Y,N,0,0,Y,,2025-02-05 开始转股,计算使用3.9年期 评级为AA- 债参考YTM：2.2235,N,8.121,全价：136.191 最后更新：14:59:58,,,,0,[],0,0,N,,,buy,buy
2026-09-21 14:26:01,110086,精工转债,jgzz,121.754,0.77,600496,精工钢构,jggg,3.35,0.3,0.72,4.57,73.3,0,66.09,187.84,620401,建筑装饰,shmb,C,2022-05-23,[],0,0,buy,AA,,3.199,5.941,30.0,buy,2028-04-22,1.586,19.999,5286.56,8385.71,2.18,-4.22,,0,14:59:43,00,Y,N,0,0,Y,,2022-10-28 开始转股,计算使用1.6年期 评级为AA 债参考YTM：1.6130,N,20.0,全价：121.754 最后更新：14:59:43,,,,1,{'M': ''},0,0,N,,,buy,buy
2026-09-21 14:26:01,123272,中汽转债,zqzz,147.938,1.12,301215,中汽股份,zqgf,5.33,1.14,2.34,5.99,88.98,87,66.26,214.2,280303,汽车,szcy,C,2026-06-30,[],0,0,buy,AA+,,4.193,7.787,14.7,buy,2032-06-10,5.723,10.39,13700.42,3998.36,8.84,-4.73,,0,15:34:36,00,Y,N,0,0,Y,,未到转股期；2026-12-17 开始转股,计算使用5.8年期 评级为AA+ 债参考YTM：1.8538,N,10.39,全价：147.938 最后更新：15:34:36,,,,0,{'M': ''},0,0,N,,,buy,buy
2026-09-21 14:26:01,113698,凯众转债,kzzz,134.58,0.29,603037,凯众股份,kzgf,10.02,2.35,2.68,12.55,79.84,0,68.56,203.14,280203,汽车,shmb,C,2025-09-10,[],0,0,buy,AA-,,8.785,16.315,11.5,buy,2031-08-15,4.901,3.079,2165.13,3748.13,5.23,-3.46,,0,14:59:56,00,Y,N,0,0,Y,,2026-02-24 开始转股,计算使用5.0年期 评级为AA- 债参考YTM：2.3192,N,3.08,全价：134.580 最后更新：14:59:56,,,,0,[],0,0,N,,,buy,buy
2026-09-21 14:26:01,111018,华康转债,hkzz,124.87,0.4,605077,华康股份,hkgf,11.82,3.68,1.13,15.97,74.01,0,68.71,193.58,220315,基础化工,shmb,C,2024-01-15,[],0,0,buy,AA-,,11.179,20.761,36.8,buy,2029-12-25,3.263,13.022,3797.18,15749.24,2.33,-1.42,,0,14:59:01,00,Y,N,0,0,Y,,2024-07-01 开始转股,计算使用3.3年期 评级为AA- 债参考YTM：2.1798,N,13.03,全价：124.870 最后更新：14:59:01,,,,0,[],0,0,N,,,buy,buy
2026-09-21 14:26:01,110095,双良转债,slzz,114.407,-0.09,600481,双良节能,sljn,4.18,0.72,2.12,6.18,67.64,0,69.15,183.56,630501,电力设备,shmb,C,2023-09-08,[],0,0,buy,AA-,,4.326,8.034,16.2,buy,2029-08-08,2.882,14.006,3589.31,8898.04,2.24,-0.34,,0,14:59:56,00,Y,N,2,2,Y,转股价下修2次，成功下修2次,2024-02-19 开始转股,计算使用2.9年期 评级为AA- 债参考YTM：2.1171,N,26.0,全价：114.407 最后更新：14:59:56,,,,0,{'M': ''},0,0,N,,,buy,buy
2026-09-21 14:26:01,118031,天23转债,t23zz,118.952,-0.37,688599,天合光能,thgn,11.22,-0.09,1.27,16.0,70.13,0,69.63,188.58,630502,电力设备,shkc,C,2023-03-15,[],0,0,buy,AA,,11.2,20.8,22.3,buy,2029-02-13,2.4,58.512,4888.17,28404.16,0.7,-0.23,,0,14:58:15,00,Y,N,2,2,Y,转股价下修2次，成功下修2次,2023-08-17 开始转股,计算使用2.4年期 评级为AA 债参考YTM：1.6713,N,88.648,全价：118.952 最后更新：14:58:15,,,,0,{'M': ''},0,0,N,,,buy,buy
2026-09-21 14:26:01,127069,小熊转债,xxzz,124.812,-0.31,002959,小熊电器,xxdq,32.13,1.36,1.69,43.71,73.51,0,69.8,194.61,330301,家用电器,szmb,C,2022-09-07,[],0,0,buy,AA-,,30.597,56.823,11.2,buy,2028-08-12,1.893,5.041,1179.33,1125.67,1.87,-3.18,,0,15:34:15,00,Y,N,1,1,Y,转股价下修1次，成功下修1次,2023-02-20 开始转股,计算使用1.9年期 评级为AA- 债参考YTM：1.9254,N,5.36,全价：124.812 最后更新：15:34:15,,,,1,{'M': ''},0,0,N,,,buy,buy
2026-09-21 14:26:01,113692,保隆转债,blzz,127.337,0.14,603197,保隆科技,blkj,29.35,1.31,1.86,39.16,74.95,0,69.9,197.24,280205,汽车,shmb,C,2024-11-27,[],0,0,buy,AA,,27.412,50.908,22.4,buy,2030-10-31,4.112,13.897,2329.01,7076.6,1.31,-2.82,,0,14:59:06,00,Y,N,0,0,N,2026-09-15 至 2026-09-22 期间暂停转股：权益分派,2025-05-06 开始转股;2026-09-15 至 2026-09-22 期间暂停转股：权益分派,计算使用4.2年期 评级为AA 债参考YTM：1.7846,N,13.9,全价：127.337 最后更新：14:59:06,,,,0,{'M': ''},0,0,N,,,buy,buy
2026-09-21 14:26:01,123220,易瑞转债,yrzz,128.801,0.39,300942,易瑞生物,yrsw,6.69,4.21,3.1,8.85,75.59,0,70.39,199.19,370504,医药生物,szcy,C,2023-09-06,[],0,0,buy,A+,,6.195,11.505,10.7,buy,2029-08-18,2.91,2.907,1496.04,5926.46,3.99,-2.92,,0,15:34:42,00,Y,N,1,1,Y,转股价下修1次，成功下修1次,2024-02-26 开始转股,计算使用3.0年期 评级为A+ 债参考YTM：4.4867,N,3.28,全价：128.801 最后更新：15:34:42,,,,0,{'M': ''},0,0,N,,,buy,buy
2026-09-21 14:26:01,113652,伟22转债,w22zz,121.5,-0.07,603568,伟明环保,wmhb,13.52,0.9,1.88,19.02,71.08,0,70.93,192.43,760103,环保,shmb,C,2022-08-12,[],0,0,buy,AA,,13.314,24.726,5.3,buy,2028-07-22,1.836,14.766,4373.46,11424.03,2.44,-4.48,,0,14:58:42,00,Y,N,2,2,Y,转股价下修2次，成功下修2次,2023-01-30 开始转股,计算使用1.9年期 评级为AA 债参考YTM：1.6348,N,14.77,全价：121.500 最后更新：14:58:42,,,,1,{'M': ''},0,0,N,,,buy,buy
2026-09-21 14:26:01,127083,山路转债,slzz,117.001,-0.4,000498,山东路桥,sdlq,5.07,0.4,0.28,7.42,68.33,0,71.23,188.23,620306,建筑装饰,szmb,C,2023-04-26,[],0,0,buy,AAA,,5.194,9.646,65.8,buy,2029-03-24,2.507,48.359,3444.74,5010.92,0.61,-2.01,,0,15:34:27,00,Y,N,0,0,Y,,2023-10-09 开始转股,计算使用2.6年期 评级为AAA 债参考YTM：1.6111,N,48.36,全价：117.001 最后更新：15:34:27,,,,0,{'M': ''},0,0,N,,,buy,buy
2026-09-21 14:26:01,111026,派克转债,pkzz,173.36,2.03,605123,XD派克新,pkxc,82.12,2.24,2.1,81.3,101.01,144,71.63,244.99,650201,国防军工,shmb,C,2026-08-25,[],0,0,buy,AA,,56.91,105.69,15.9,buy,2032-08-05,5.877,15.8,11313.78,17579.44,4.15,-7.02,,0,14:59:59,00,Y,N,0,0,Y,,未到转股期；2027-02-12 开始转股,计算使用5.9年期 评级为AA 债参考YTM：1.9826,N,15.8,全价：173.360 最后更新：14:59:59,,,,0,{'M': ''},0,0,N,,,buy,buy
2026-09-21 14:26:01,113705,豪26转债,h26zz,139.204,1.61,603809,豪能股份,hngf,8.69,1.4,2.05,10.74,80.91,92,72.04,211.24,280203,汽车,shmb,C,2026-07-10,[],0,0,buy,AA-,,6.444,13.962,22.5,buy,2032-06-14,5.734,18.0,8001.41,5243.08,3.18,-3.51,,0,14:59:34,00,Y,N,0,0,Y,,未到转股期；2026-12-22 开始转股,计算使用5.8年期 评级为AA- 债参考YTM：2.6852,N,18.0,全价：139.204 最后更新：14:59:34,,,,0,{'M': ''},0,0,N,,,buy,buy
2026-09-21 14:26:01,127072,博实转债,bszz,133.199,0.55,002698,博实股份,bsgf,11.44,0.26,2.81,14.81,77.25,0,72.44,205.64,640701,机械设备,szmb,C,2022-11-03,[],0,0,buy,AA,,10.367,19.253,4.7,buy,2028-09-22,2.006,4.498,2522.39,7859.14,4.22,-7.09,,0,15:34:21,00,Y,N,0,0,Y,,2023-03-28 开始转股,计算使用2.1年期 评级为AA 债参考YTM：1.6509,N,4.5,全价：133.199 最后更新：15:34:21,,,,1,{'M': ''},0,0,N,,,buy,buy
2026-09-21 14:26:01,123263,鼎捷转债,djzz,153.115,0.48,300378,鼎捷数智,djsz,38.52,4.48,4.17,43.42,88.72,0,72.59,225.71,710402,计算机,szcy,C,2025-12-31,[],0,0,buy,AA,,30.394,56.446,8.0,buy,2031-12-15,5.236,8.275,21570.6,87615.17,16.95,-5.62,,0,15:34:18,00,Y,N,0,0,Y,,2026-06-22 开始转股,计算使用5.3年期 评级为AA 债参考YTM：1.8639,N,8.28,全价：153.115 最后更新：15:34:18,,,,0,{'M': ''},0,0,N,,,buy,buy
2026-09-21 14:26:01,110101,宝钛转债,btzz,143.231,-0.83,600456,宝钛股份,btgf,25.69,1.74,1.69,30.98,82.92,100,72.72,215.95,240504,有色金属,shmb,C,2026-07-16,[],0,0,buy,AAA,,21.686,40.274,28.5,buy,2032-06-23,5.759,35.0,4071.03,9616.42,0.81,-4.6,,0,15:00:00,00,Y,N,0,0,Y,,未到转股期；2026-12-30 开始转股,计算使用5.8年期 评级为AAA 债参考YTM：1.7474,N,35.0,全价：143.231 最后更新：15:00:00,,,,0,{'M': ''},0,0,N,,,buy,buy
2026-09-21 14:26:01,123252,银邦转债,ybzz,130.495,-0.16,300337,银邦股份,ybgf,9.44,0.43,4.24,12.5,75.52,0,72.8,203.3,240301,有色金属,szcy,C,2025-01-24,[],0,0,buy,AA-,,8.75,16.25,11.7,buy,2031-01-06,4.296,7.846,2710.61,8869.32,2.64,-2.43,,0,15:34:45,00,Y,N,0,0,Y,,2025-07-14 开始转股,计算使用4.3年期 评级为AA- 债参考YTM：2.2595,N,7.85,全价：130.495 最后更新：15:34:45,,,,0,{'M': ''},0,0,N,,,buy,buy
2026-09-21 14:26:01,127112,尚太转债,stzz,147.23,0.83,001301,尚太科技,stkj,50.83,-2.21,2.57,60.02,84.69,0,73.85,221.08,630702,电力设备,szmb,C,2026-02-05,[],0,0,buy,AA+,,42.014,78.026,13.1,buy,2032-01-16,5.323,17.339,6018.65,20391.0,2.36,-5.16,,0,15:34:03,00,Y,N,0,0,Y,,2026-07-22 开始转股,计算使用5.4年期 评级为AA+ 债参考YTM：1.7957,N,17.34,全价：147.230 最后更新：15:34:03,,,,0,{'M': ''},0,0,N,,,buy,buy
2026-09-21 14:26:01,123168,惠云转债,hyzz,129.077,0.48,300891,惠云钛业,hyty,7.92,3.39,2.46,10.74,73.74,0,75.04,204.12,220206,基础化工,szcy,C,2022-12-14,[],0,0,buy,AA-,,7.518,13.962,18.5,buy,2028-11-23,2.175,4.899,1775.97,7552.71,2.81,-3.86,,0,15:34:03,00,Y,N,0,0,Y,,2023-05-29 开始转股,计算使用2.2年期 评级为AA- 债参考YTM：1.9791,N,4.9,全价：129.077 最后更新：15:34:03,,,,0,{'M': ''},0,0,N,,,buy,buy
2026-09-21 14:26:01,123223,九典转02,jdz02,132.651,0.95,300705,九典制药,jdzy,10.99,4.17,2.12,14.55,75.53,0,75.62,208.27,370102,医药生物,szcy,C,2023-10-13,[],0,0,buy,A+,,10.185,18.915,5.0,buy,2029-09-15,2.986,2.052,1825.01,9353.42,6.71,-4.18,,0,15:34:09,00,Y,N,0,0,Y,,2024-03-21 开始转股,计算使用3.0年期 评级为A+ 债参考YTM：4.4867,N,3.6,全价：132.651 最后更新：15:34:09,,,,0,[],0,0,N,,,buy,buy
2026-09-21 14:26:01,113703,翔26转债,x26zz,141.582,3.62,603112,华翔股份,hxgf,17.63,5.7,2.08,21.94,80.36,84,76.19,217.77,330601,家用电器,shmb,C,2026-07-07,[],0,0,buy,AA-,,15.358,28.522,13.8,buy,2032-06-07,5.715,13.01,31087.26,44255.6,16.79,-3.51,,0,15:00:00,00,Y,N,0,0,Y,,未到转股期；2026-12-14 开始转股,计算使用5.8年期 评级为AA- 债参考YTM：2.6852,N,13.01,全价：141.582 最后更新：15:00:00,,,,0,[],0,0,N,,,buy,buy
2026-09-21 14:26:01,123276,久吾转02,jwz02,160.55,2.07,300631,久吾高科,jwgk,21.64,1.55,1.98,23.78,91.0,126,76.43,236.98,760201,环保,szcy,C,2026-08-04,[],0,0,buy,A+,,16.646,30.914,11.4,buy,2032-07-19,5.83,3.0,10682.53,3521.23,22.27,-5.09,,0,15:34:39,00,Y,N,0,0,Y,,未到转股期；2027-01-25 开始转股,计算使用5.9年期 评级为A+ 债参考YTM：5.0867,N,3.0,全价：160.550 最后更新：15:34:39,,,,0,[],0,0,N,,,buy,buy
2026-09-21 14:26:01,113682,益丰转债,yfzz,124.416,0.09,603939,益丰药房,yfyf,22.15,-2.77,2.22,31.44,70.45,0,76.6,201.02,370403,医药生物,shmb,C,2024-03-27,[],0,0,buy,AA,,22.008,40.872,6.7,buy,2030-03-04,3.452,17.968,4442.91,18277.39,1.99,-2.47,,0,14:57:53,00,Y,N,0,0,Y,,2024-09-09 开始转股,计算使用3.5年期 评级为AA 债参考YTM：1.7392,N,17.97,全价：124.416 最后更新：14:57:53,,,,0,{'M': ''},0,0,N,,,buy,buy
2026-09-21 14:26:01,118072,鼎通转债,dtzz,191.098,-0.04,688668,鼎通科技,dtkj,266.15,-1.28,16.41,246.0,108.19,100,76.63,267.73,730204,通信,shkc,C,2026-07-17,[],0,0,buy,A+,,172.2,319.8,2.5,buy,2032-06-23,5.759,9.3,15613.57,102106.29,8.77,-8.15,,0,14:59:57,00,Y,N,1,1,Y,转股价下修1次，成功下修1次,未到转股期；2026-12-30 开始转股,计算使用5.8年期 评级为A+ 债参考YTM：5.0349,N,9.3,全价：191.098 最后更新：14:59:57,,,,0,{'M': ''},0,0,N,,,buy,buy
2026-09-21 14:26:01,123283,丰茂转债,fmzz,162.71,0.78,301459,丰茂股份,fmgf,32.44,-0.34,2.65,35.59,91.15,156,78.51,241.22,220602,基础化工,szcy,C,2026-09-09,[],0,0,buy,AA-,,24.913,46.267,71.8,buy,2032-08-17,5.91,6.075,25056.38,2597.09,25.22,-5.95,,0,15:34:48,00,Y,N,0,0,Y,,未到转股期；2027-02-24 开始转股,计算使用6.0年期 评级为AA- 债参考YTM：2.7808,N,6.075,全价：162.710 最后更新：15:34:48,,,,0,{'M': ''},0,0,N,,,buy,buy
2026-09-21 14:26:01,113053,隆22转债,l22zz,116.001,-0.09,601012,隆基绿能,ljln,11.36,1.16,1.77,17.5,64.91,0,78.7,194.7,630502,电力设备,shmb,C,2022-02-17,[],0,0,buy,AAA,,12.25,22.75,8.1,buy,2028-01-05,1.29,69.951,7148.86,71434.89,0.88,-5.05,,0,14:59:16,00,Y,N,1,1,Y,转股价下修1次，成功下修1次,2022-07-11 开始转股,计算使用1.3年期 评级为AAA 债参考YTM：1.5408,N,70.0,全价：116.001 最后更新：14:59:16,,,,1,{'M': ''},0,0,N,,,buy,buy
2026-09-21 14:26:01,113647,禾丰转债,hfzz,116.514,0.25,603609,禾丰股份,hfgf,6.52,3.16,0.89,10.09,64.62,0,80.31,196.82,110402,农林牧渔,shmb,C,2022-05-18,[],0,0,buy,AA,,7.063,13.117,24.9,buy,2028-04-22,1.586,14.669,2607.32,3173.27,1.53,-1.49,,0,14:58:40,00,Y,N,0,0,Y,,2022-10-28 开始转股,计算使用1.6年期 评级为AA 债参考YTM：1.6130,N,15.0,全价：116.514 最后更新：14:58:40,,,,0,{'M': ''},0,0,N,,,buy,buy
2026-09-21 14:26:01,118020,芳源转债,fyzz,120.888,0.56,688148,芳源股份,fygf,6.03,0.5,5.77,9.0,67.0,0,80.43,201.32,630702,电力设备,shkc,C,2022-11-07,[],0,0,buy,BBB,,6.3,11.7,20.9,buy,2028-09-23,2.008,6.417,1395.01,6367.6,1.8,2.16,,0,14:59:53,00,Y,N,3,2,Y,转股价下修3次，成功下修2次,2023-03-29 开始转股,计算使用2.1年期 评级为BBB 债参考YTM：15.2694,Y,6.42,全价：120.888 最后更新：14:59:53,,,"按下调到底估算
股东大会：2026-09-22
预估转股价：6.12
预估转股价值：98.53
期权价值：38.29
理论价值：134.08
理论偏离度：-10.91%",0,{'M': ''},0,0,N,,,buy,buy
2026-09-21 14:26:01,123262,神宇转债,syzz,131.59,0.25,300563,神宇股份,sygf,28.11,4.03,4.41,38.62,72.79,0,80.79,212.38,730205,通信,szcy,C,2025-12-30,[],0,0,buy,AA-,,27.034,50.206,13.6,buy,2031-12-11,5.225,4.999,6286.24,39953.79,9.54,-2.8,,0,15:34:36,00,Y,N,0,0,Y,,2026-06-17 开始转股,计算使用5.3年期 评级为AA- 债参考YTM：2.4069,N,5.0,全价：131.590 最后更新：15:34:36,,,,0,{'M': ''},0,0,N,,,buy,buy
2026-09-21 14:26:01,123229,艾录转债,alzz,130.411,0.19,301062,上海艾录,shal,7.1,0.85,2.27,9.95,71.36,0,82.76,213.17,360205,轻工制造,szcy,C,2023-11-20,[],0,0,buy,A,,6.965,12.935,9.1,buy,2029-10-23,3.09,1.779,1085.54,5029.07,4.69,-2.64,,0,15:34:48,00,Y,N,0,0,Y,,2024-04-29 开始转股,计算使用3.1年期 评级为A 债参考YTM：6.8544,N,5.0,全价：130.411 最后更新：15:34:48,,,,0,{'M': ''},0,0,N,,,buy,buy
2026-09-21 14:26:01,127038,国微转债,gwzz,116.117,-1.43,002049,紫光国微,zggw,61.37,0.15,3.61,97.01,63.26,0,83.55,199.67,270104,电子,szmb,C,2021-07-14,[],0,0,buy,AA+,,67.907,126.113,2.9,buy,2027-06-10,0.718,14.915,5052.96,65870.01,2.9,-7.37,,0,15:34:39,00,Y,N,0,0,Y,,2021-12-17 开始转股,计算使用0.8年期 评级为AA+ 债参考YTM：1.5209,N,15.0,全价：116.117 最后更新：15:34:39,,,,1,{'M': ''},0,0,N,,,buy,buy
2026-09-21 14:26:01,118037,上声转债,sszz,126.668,-0.39,688533,上声电子,ssdz,19.69,1.39,1.82,28.64,68.75,0,84.24,210.91,280206,汽车,shkc,C,2023-08-01,[],0,0,buy,A+,,20.048,37.232,14.4,buy,2029-07-06,2.792,4.679,1252.18,1125.12,2.11,-3.58,,0,14:59:49,00,Y,N,2,1,Y,转股价下修2次，成功下修1次,2024-01-12 开始转股,计算使用2.8年期 评级为A+ 债参考YTM：4.4476,N,5.2,全价：126.668 最后更新：14:59:49,,,,0,{'M': ''},0,0,N,,,buy,buy
2026-09-21 14:26:01,113708,曙26转债,s26zz,143.433,0.19,603019,中科曙光,zksg,83.94,-0.43,5.33,108.89,77.09,122,86.07,229.5,710103,计算机,shmb,C,2026-08-06,[],0,0,buy,AAA,,76.223,141.557,6.5,buy,2032-07-14,5.816,80.0,19473.66,172504.9,1.69,-4.76,,0,14:59:57,00,Y,N,0,0,Y,,未到转股期；2027-01-21 开始转股,计算使用5.9年期 评级为AAA 债参考YTM：1.7543,N,80.0,全价：143.433 最后更新：14:59:57,,,,0,{'M': ''},0,0,N,,,buy,buy
2026-09-21 14:26:01,118071,华峰转债,hfzz,221.559,2.32,688200,华峰测控,hfck,398.38,-2.34,10.93,335.33,118.8,99,86.49,308.05,270108,电子,shkc,C,2026-07-17,[],0,0,buy,AA,,234.731,435.929,0.9,buy,2032-06-22,5.756,7.49,88029.47,234303.45,53.62,-11.07,,0,15:00:00,00,Y,N,0,0,Y,,未到转股期；2026-12-29 开始转股,计算使用5.8年期 评级为AA 债参考YTM：1.9628,N,7.49,全价：221.559 最后更新：15:00:00,,,,0,{'M': ''},0,0,N,,,buy,buy
2026-09-21 14:26:01,123154,火星转债,hxzz,122.85,-0.12,300894,火星人,hxr,10.47,0.38,4.33,16.0,65.44,0,87.74,210.59,330401,家用电器,szcy,C,2022-08-23,[],0,0,buy,A+,,11.2,20.8,17.2,buy,2028-08-05,1.874,5.289,1833.03,4607.98,2.82,-2.6,,0,15:34:21,00,Y,N,1,1,Y,转股价下修1次，成功下修1次,2023-02-13 开始转股,计算使用1.9年期 评级为A+ 债参考YTM：4.2739,N,5.29,全价：122.850 最后更新：15:34:21,,,,1,{'M': ''},0,0,N,,,buy,buy
2026-09-21 14:26:01,113702,斯达转债,sdzz,157.76,-1.07,603290,斯达半导,sdbd,87.8,-0.8,3.05,104.79,83.79,31,88.29,246.05,270102,电子,shmb,C,2026-05-11,[],0,0,buy,AA+,,73.353,136.227,7.1,buy,2032-04-15,5.57,15.0,19693.87,47308.66,8.26,-6.1,,0,14:59:59,00,Y,N,0,0,Y,,未到转股期；2026-10-22 开始转股,计算使用5.6年期 评级为AA+ 债参考YTM：1.8240,N,15.0,全价：157.760 最后更新：14:59:59,,,,0,{'M': ''},0,0,N,,,buy,buy
2026-09-21 14:26:01,118076,先锋转债,xfzz,193.201,-0.99,688605,先锋精科,xfjk,88.16,-2.11,10.61,86.4,102.04,144,89.34,282.54,270108,电子,shkc,C,2026-08-26,[],0,0,buy,AA,,60.48,112.32,7.9,buy,2032-08-05,5.877,7.5,17242.35,32660.97,11.81,-8.73,,0,15:00:00,00,Y,N,0,0,Y,,未到转股期；2027-02-12 开始转股,计算使用5.9年期 评级为AA 债参考YTM：1.9826,N,7.5,全价：193.201 最后更新：15:00:00,,,,0,{'M': ''},0,0,N,,,buy,buy
2026-09-21 14:26:01,113709,振26转债,z26zz,174.089,4.75,603067,振华股份,zhgf,36.95,5.15,6.45,40.33,91.62,137,90.01,264.1,220203,基础化工,shmb,C,2026-08-17,[],0,0,buy,AA,,28.231,52.429,3.1,buy,2032-07-29,5.858,8.78,95328.29,139851.07,62.3,-7.11,,0,15:00:00,00,Y,N,0,0,Y,,未到转股期；2027-02-05 开始转股,计算使用5.9年期 评级为AA 债参考YTM：1.9826,N,8.78,全价：174.089 最后更新：15:00:00,,,,0,{'M': ''},0,0,N,,,buy,buy
2026-09-21 14:26:01,113707,科博转债,kbzz,157.961,0.72,603786,科博达,kbd,37.71,0.24,2.68,45.56,82.77,112,90.84,248.8,280206,汽车,shmb,C,2026-07-31,[],0,0,buy,AA+,,31.892,59.228,9.8,buy,2032-07-02,5.784,14.91,7821.66,5533.94,3.3,-5.92,,0,14:59:44,00,Y,N,0,0,Y,,未到转股期；2027-01-11 开始转股,计算使用5.8年期 评级为AA+ 债参考YTM：1.8538,N,14.91,全价：157.961 最后更新：14:59:44,,,,0,{'M': ''},0,0,N,,,buy,buy
2026-09-21 14:26:01,118070,南芯转债,nxzz,153.115,-0.11,688484,南芯科技,nxkj,34.99,0.17,3.74,43.71,80.05,95,91.27,244.39,270105,电子,shkc,C,2026-07-10,[],0,0,buy,AA+,,30.597,56.823,10.6,buy,2032-06-17,5.743,15.869,14418.98,16657.08,5.93,-5.3,,0,14:59:54,00,Y,N,0,0,Y,,未到转股期；2026-12-25 开始转股,计算使用5.8年期 评级为AA+ 债参考YTM：1.8538,N,15.869,全价：153.115 最后更新：14:59:54,,,,0,{'M': ''},0,0,N,,,buy,buy
2026-09-21 14:26:01,123266,博士转债,bszz,138.899,0.18,300622,博士眼镜,bsyj,15.5,2.24,5.33,21.38,72.5,3,91.59,230.49,450401,商贸零售,szcy,C,2026-04-07,[],0,0,buy,AA,,14.966,27.794,11.0,buy,2032-03-18,5.49,3.75,3273.78,12601.54,6.28,-3.34,,0,15:33:54,00,Y,N,0,0,Y,,未到转股期；2026-09-24 开始转股,计算使用5.5年期 评级为AA 债参考YTM：1.9007,N,3.75,全价：138.899 最后更新：15:33:54,,,,0,[],0,0,N,,,buy,buy
2026-09-21 14:26:01,113627,太平转债,tpzz,110.483,-0.64,603877,太平鸟,tpn,11.88,1.11,1.25,20.61,57.64,0,91.67,202.15,350209,纺织服饰,shmb,C,2021-08-06,[],0,0,buy,AA,,14.427,26.793,14.3,buy,2027-07-15,0.814,7.996,3269.36,1837.52,3.69,-0.54,,0,14:58:53,00,Y,N,1,1,Y,转股价下修1次，成功下修1次,2022-01-21 开始转股,计算使用0.9年期 评级为AA 债参考YTM：1.5446,N,8.0,全价：110.483 最后更新：14:58:53,,,,0,{'M': ''},0,0,N,,,buy,buy
2026-09-21 14:26:01,123259,锦浪转02,jlz02,148.743,4.06,300763,锦浪科技,jlkj,56.19,-2.14,2.37,72.41,77.6,0,91.68,240.42,630503,电力设备,szcy,C,2025-11-06,[],0,0,buy,AA,,50.687,94.133,9.3,buy,2031-10-17,5.074,16.763,25944.09,58994.29,10.48,-5.12,,0,15:34:33,00,Y,N,2,1,Y,转股价下修2次，成功下修1次,2026-04-23 开始转股,计算使用5.1年期 评级为AA 债参考YTM：1.8371,Y,16.766,全价：148.743 最后更新：15:34:33,,,"按下调到底估算
股东大会：2026-10-09
预估转股价：58.82
预估转股价值：95.53
期权价值：48.63
理论价值：153.10
理论偏离度：-2.93%",0,"{'G': '本次（2026年4月23日至2026年5月20日）不提前赎回，以2027年5月21日为首个交易日重新计算', 'M': ''}",0,0,N,,,buy,buy
2026-09-21 14:26:01,113679,芯能转债,xnzz,125.071,-0.21,603105,芯能科技,xnkj,8.18,0.0,1.86,12.55,65.18,0,91.89,216.96,410106,公用事业,shmb,C,2023-11-24,[],0,0,buy,AA-,,8.785,16.315,21.5,buy,2029-10-26,3.099,8.799,1722.53,14366.66,1.56,-1.49,,0,14:59:54,00,Y,N,0,0,Y,,2024-05-06 开始转股,计算使用3.1年期 评级为AA- 债参考YTM：2.1542,N,8.8,全价：125.071 最后更新：14:59:54,,,,0,{'M': ''},0,0,N,,,buy,buy
2026-09-21 14:26:01,123274,维科转债,wkzz,144.625,4.8,301499,维科精密,wkjm,26.84,7.19,2.84,35.62,75.35,105,91.94,236.57,280206,汽车,szcy,C,2026-07-10,[],0,0,buy,A+,,24.934,46.306,17.0,buy,2032-06-25,5.764,6.3,89308.11,12208.54,96.23,-3.53,,0,15:34:39,00,Y,N,0,0,Y,,未到转股期；2027-01-04 开始转股,计算使用5.8年期 评级为A+ 债参考YTM：5.0349,N,6.3,全价：144.625 最后更新：15:34:39,,,,0,{'M': ''},0,0,N,,,buy,buy
2026-09-21 14:26:01,123275,肇民转债,zmzz,141.849,2.52,301000,肇民科技,zmkj,24.95,1.55,4.68,33.76,73.9,116,91.94,233.79,280205,汽车,szcy,C,2026-07-24,[],0,0,buy,AA-,,23.632,43.888,10.3,buy,2032-07-08,5.8,5.9,8830.41,11759.17,10.6,-3.78,,0,15:34:42,00,Y,N,0,0,Y,,未到转股期；2027-01-15 开始转股,计算使用5.8年期 评级为AA- 债参考YTM：2.6852,N,5.9,全价：141.849 最后更新：15:34:42,,,,0,{'M': ''},0,0,N,,,buy,buy
2026-09-21 14:26:01,118073,赛斯转债,sszz,154.443,-0.31,688480,赛恩斯,ses,69.85,0.36,5.52,86.9,80.38,126,92.14,246.58,760104,环保,shkc,C,2026-08-12,[],0,0,buy,AA,,60.83,112.97,8.1,buy,2032-07-16,5.822,5.519,8617.85,7113.64,10.02,-5.2,,0,14:59:58,00,Y,N,0,0,Y,,未到转股期；2027-01-25 开始转股,计算使用5.9年期 评级为AA 债参考YTM：1.9826,N,5.519,全价：154.443 最后更新：14:59:58,,,,0,{'M': ''},0,0,N,,,buy,buy
2026-09-21 14:26:01,118065,艾为转债,awzz,134.008,-0.26,688798,艾为电子,awdz,55.36,-0.45,3.03,79.4,69.72,0,92.2,226.21,270105,电子,shkc,C,2026-02-26,[],0,0,buy,AA+,,55.58,103.22,25.3,buy,2032-01-22,5.34,19.01,6939.07,15367.96,2.73,-3.27,,0,14:59:59,00,Y,N,0,0,Y,,2026-07-28 开始转股,计算使用5.4年期 评级为AA+ 债参考YTM：1.7957,N,19.01,全价：134.008 最后更新：14:59:59,,,,0,{'M': ''},0,0,N,,,buy,buy
2026-09-21 14:26:01,118074,特宝转债,tbzz,170.148,4.03,688278,特宝生物,tbsw,51.65,0.29,6.79,58.56,88.2,135,92.91,263.06,370304,医药生物,shkc,C,2026-08-13,[],0,0,buy,AA+,,40.992,76.128,7.3,buy,2032-07-27,5.852,15.33,90325.84,17360.98,33.95,-7.03,,0,15:00:00,00,Y,N,0,0,Y,,未到转股期；2027-02-03 开始转股,计算使用5.9年期 评级为AA+ 债参考YTM：1.8679,N,15.33,全价：170.148 最后更新：15:00:00,,,,0,{'M': ''},0,0,N,,,buy,buy
2026-09-21 14:26:01,118063,金05转债,j05zz,141.541,-0.2,688676,金盘科技,jpkj,64.52,-1.29,5.6,88.6,72.82,0,94.37,235.91,630801,电力设备,shkc,C,2026-01-14,[],0,0,buy,AA+,,62.02,115.18,5.6,buy,2031-12-25,5.263,16.707,3703.73,60713.7,1.56,-4.48,,0,14:59:53,00,Y,N,0,0,Y,,2026-07-01 开始转股,计算使用5.3年期 评级为AA+ 债参考YTM：1.7833,N,16.71,全价：141.541 最后更新：14:59:53,,,,0,{'M': ''},0,0,N,,,buy,buy
2026-09-21 14:26:01,113648,巨星转债,jxzz,115.559,0.14,603477,巨星农牧,jxnm,14.73,1.59,2.84,24.84,59.3,0,94.87,210.43,110702,农林牧渔,shmb,C,2022-05-17,[],0,0,buy,AA-,,17.388,32.292,12.0,buy,2028-04-25,1.595,8.997,2721.19,17452.14,2.62,-1.83,,0,14:59:39,00,Y,N,0,0,Y,,2022-10-31 开始转股,计算使用1.6年期 评级为AA- 债参考YTM：1.8722,N,10.0,全价：115.559 最后更新：14:59:39,,,,0,{'M': ''},0,0,N,,,buy,buy
2026-09-21 14:26:01,113656,嘉诚转债,jczz,118.101,0.46,603535,嘉诚国际,jcgj,6.24,2.13,1.23,10.33,60.41,0,95.51,213.61,420805,交通运输,shmb,C,2022-10-12,[],0,0,buy,A+,,7.231,13.429,25.1,buy,2028-09-01,1.948,7.998,1694.03,1805.12,1.8,-0.49,,0,14:59:44,00,Y,N,0,0,Y,,2023-03-07 开始转股,计算使用2.0年期 评级为A+ 债参考YTM：4.2929,N,8.0,全价：118.101 最后更新：14:59:44,,,,1,[],0,0,N,,,buy,buy
2026-09-21 14:26:01,123215,铭利转债,mlzz,121.651,-0.29,301268,铭利达,mld,11.92,0.85,3.21,19.19,62.12,0,95.85,217.5,640108,机械设备,szcy,C,2023-08-23,[],0,0,buy,A+,,13.433,24.947,19.8,buy,2029-08-03,2.869,8.555,1504.26,3038.22,1.45,-0.04,,0,15:34:36,00,Y,N,1,1,Y,转股价下修1次，成功下修1次,2024-02-19 开始转股,计算使用2.9年期 评级为A+ 债参考YTM：4.4672,N,10.0,全价：121.651 最后更新：15:34:36,,,,0,{'M': ''},0,0,N,,,buy,buy
2026-09-21 14:26:01,127085,韵达转债,ydzz,119.962,0.53,002120,韵达股份,ydgf,7.06,1.29,0.95,11.53,61.23,0,95.92,215.88,420804,交通运输,szmb,C,2023-05-23,[],0,0,buy,AA+,,8.071,14.989,12.3,buy,2029-04-11,2.556,24.499,4032.64,30916.31,1.37,-2.94,,0,15:34:30,00,Y,N,0,0,Y,,2023-10-17 开始转股,计算使用2.6年期 评级为AA+ 债参考YTM：1.6530,N,24.5,全价：119.962 最后更新：15:34:30,,,,0,{'M': ''},0,0,N,,,buy,buy
2026-09-21 14:26:01,123260,卓镁转债,zmzz,147.979,1.85,301398,星源卓镁,xyzm,39.16,4.96,4.2,52.15,75.09,0,97.07,245.05,280202,汽车,szcy,C,2025-11-24,[],0,0,buy,A+,,36.505,67.795,10.5,buy,2031-11-07,5.132,4.499,14842.85,9030.62,22.06,-4.24,,0,15:34:48,00,Y,N,0,0,Y,,2026-05-13 开始转股,计算使用5.2年期 评级为A+ 债参考YTM：4.7145,N,4.5,全价：147.979 最后更新：15:34:48,,,,0,{'M': ''},0,0,N,,,buy,buy
2026-09-21 14:26:01,127068,顺博转债,sbzz,118.503,-0.39,002996,顺博合金,sbhj,6.0,0.84,1.17,10.0,60.0,0,97.5,216.0,240301,有色金属,szmb,C,2022-09-07,[],0,0,buy,AA-,,7.0,13.0,30.2,buy,2028-08-12,1.893,8.3,1773.7,2935.52,1.8,-3.9,,0,15:34:12,00,Y,N,2,2,Y,转股价下修2次，成功下修2次,2023-02-20 开始转股,计算使用1.9年期 评级为AA- 债参考YTM：1.9254,N,8.3,全价：118.503 最后更新：15:34:12,,,,1,[],0,0,N,,,buy,buy
2026-09-21 14:26:01,113701,祥和转债,xhzz,146.146,6.73,603500,祥和实业,xhsy,9.84,7.19,3.07,13.37,73.6,0,98.57,244.72,640501,机械设备,shmb,C,2026-03-26,[],0,0,buy,A+,,9.359,17.381,12.2,buy,2032-03-03,5.452,4.0,171785.77,16342.03,285.72,-3.77,,0,15:00:00,00,Y,N,0,0,Y,,2026-09-09 开始转股,计算使用5.5年期 评级为A+ 债参考YTM：4.8605,N,4.0,全价：146.146 最后更新：15:00:00,,,,0,[],0,0,N,,,buy,buy
2026-09-21 14:26:01,113634,珀莱转债,plzz,120.327,-0.07,603605,珀莱雅,bly,56.89,1.9,3.36,94.27,60.35,0,99.39,219.72,770202,美容护理,shmb,C,2022-01-04,[],0,0,buy,AA,,65.989,122.551,3.3,buy,2027-12-08,1.214,7.507,1979.59,36001.4,2.19,-2.46,,0,14:59:35,00,Y,N,0,0,Y,,2022-06-14 开始转股,计算使用1.3年期 评级为AA 债参考YTM：1.5897,N,7.517,全价：120.327 最后更新：14:59:35,,,,0,{'M': ''},0,0,N,,,buy,buy
2026-09-21 14:26:01,113671,武进转债,wjzz,125.43,-0.33,603878,武进不锈,wjbx,4.95,1.64,1.09,7.88,62.82,0,99.67,225.1,230403,钢铁,shmb,C,2023-08-03,[],0,0,buy,AA,,5.516,10.244,11.1,buy,2029-07-10,2.803,3.093,2167.18,3274.04,5.58,-3.62,,0,14:59:40,00,Y,N,0,0,Y,,2024-01-15 开始转股,计算使用2.9年期 评级为AA 债参考YTM：1.7005,N,3.1,全价：125.430 最后更新：14:59:40,,,,0,[],0,0,N,,,buy,buy
2026-09-21 14:26:01,118024,冠宇转债,gyzz,120.151,-0.13,688772,珠海冠宇,zhgy,13.51,-1.24,2.14,22.51,60.02,0,100.19,220.34,630701,电力设备,shkc,C,2022-11-17,[],0,0,buy,AA,,15.757,27.012,20.1,buy,2028-10-24,2.093,30.889,3258.11,28252.97,0.88,-1.99,,0,14:59:58,00,Y,N,0,0,Y,,2023-04-28 开始转股,计算使用2.1年期 评级为AA 债参考YTM：1.6509,N,30.89,全价：120.151 最后更新：14:59:58,,,,0,{'M': ''},0,0,N,120%,,buy,buy
2026-09-21 14:26:01,127044,蒙娜转债,mnzz,115.348,-0.14,002918,蒙娜丽莎,mnls,11.31,1.89,1.4,19.76,57.24,0,101.53,216.88,360306,轻工制造,szmb,C,2021-09-16,[],0,0,buy,AA-,,13.832,25.688,13.9,buy,2027-08-16,0.901,3.368,1792.61,23088.89,4.61,-3.22,,0,15:34:15,00,Y,N,1,1,Y,转股价下修1次，成功下修1次,2022-02-21 开始转股,计算使用1.0年期 评级为AA- 债参考YTM：1.7689,N,11.689,全价：115.348 最后更新：15:34:15,,,,1,[],0,0,N,,,buy,buy
2026-09-21 14:26:01,123264,双乐转债,slzz,121.755,-0.12,301036,双乐股份,slgf,21.98,3.14,1.31,36.4,60.39,0,101.63,223.39,220305,基础化工,szcy,C,2026-01-16,[],0,0,buy,AA-,,25.48,47.32,52.2,buy,2031-12-26,5.266,8.0,1460.46,2612.51,1.5,-1.31,,0,15:34:51,00,Y,N,0,0,Y,,2026-07-06 开始转股,计算使用5.3年期 评级为AA- 债参考YTM：2.4069,N,8.0,全价：121.755 最后更新：15:34:51,,,,0,{'M': ''},0,0,N,,,buy,buy
2026-09-21 14:26:01,113625,江山转债,jszz,115.681,-0.06,603208,江山欧派,jsop,11.31,5.01,2.01,19.84,57.01,0,102.93,218.61,360308,轻工制造,shmb,C,2021-07-01,[],0,0,buy,A,,13.888,25.792,29.3,buy,2027-06-11,0.721,5.825,1620.64,2016.22,2.4,2.79,,0,14:59:04,00,Y,N,1,1,Y,转股价下修1次，成功下修1次,2021-12-20 开始转股,计算使用0.8年期 评级为A 债参考YTM：6.4368,N,5.83,全价：115.681 最后更新：14:59:04,,,,0,[],0,0,N,,,buy,buy
2026-09-21 14:26:01,123192,科思转债,kszz,123.7,-0.08,300856,科思股份,ksgf,10.54,1.54,1.83,17.32,60.86,0,103.27,226.97,770201,美容护理,szcy,C,2023-05-11,[],0,0,buy,AA-,,12.124,22.516,14.8,buy,2029-04-13,2.562,7.187,1359.59,2766.08,1.53,-1.69,,0,15:34:27,00,Y,N,0,0,Y,,2023-10-19 开始转股,计算使用2.6年期 评级为AA- 债参考YTM：2.0573,N,7.249,全价：123.700 最后更新：15:34:27,,,,0,{'M': ''},0,0,N,,,buy,buy
2026-09-21 14:26:01,123196,正元转02,zyz02,125.9,0.4,300645,正元智慧,zyzh,13.57,3.75,1.74,21.91,61.94,0,103.28,229.18,710103,计算机,szcy,C,2023-05-19,[],0,0,buy,A+,,15.337,28.483,18.5,buy,2029-04-18,2.575,3.501,1738.49,5913.43,3.95,-2.43,,0,15:34:30,00,Y,N,2,1,Y,转股价下修2次，成功下修1次,2023-10-24 开始转股,计算使用2.6年期 评级为A+ 债参考YTM：4.4082,N,3.507,全价：125.900 最后更新：15:34:30,,,,0,[],0,0,N,,,buy,buy
2026-09-21 14:26:01,123113,仙乐转债,xlzz,114.41,-0.14,300791,仙乐健康,xljk,17.79,2.83,1.8,31.69,56.14,0,103.8,218.21,340407,食品饮料,szcy,C,2021-05-14,[],0,0,buy,AA-,,22.183,41.197,22.4,buy,2027-04-19,0.575,10.248,6279.49,3502.99,5.33,-2.14,,0,15:34:09,00,Y,N,0,0,Y,,2021-10-25 开始转股,计算使用0.6年期 评级为AA- 债参考YTM：1.7116,N,10.249,全价：114.410 最后更新：15:34:09,,,,0,[],0,0,N,,,buy,buy
2026-09-21 14:26:01,113666,爱玛转债,amzz,119.763,-0.35,603529,爱玛科技,amkj,21.71,1.31,1.85,37.06,58.58,0,104.44,224.2,280401,汽车,shmb,C,2023-03-20,[],0,0,buy,AA,,25.942,48.178,10.8,buy,2029-02-23,2.427,19.994,3424.8,9847.41,1.43,-2.3,,0,14:57:10,00,Y,N,0,0,N,2026-09-17 至 2026-09-23 期间暂停转股：权益分派,2023-09-01 开始转股;2026-09-17 至 2026-09-23 期间暂停转股：权益分派,计算使用2.5年期 评级为AA 债参考YTM：1.6773,N,20.0,全价：119.763 最后更新：14:57:10,,,,0,{'M': ''},0,0,N,,,buy,buy
2026-09-21 14:26:01,113700,海天转债,htzz,128.928,0.15,603759,海天股份,htgf,7.82,0.26,1.24,12.41,63.01,0,104.6,233.53,760102,环保,shmb,C,2026-03-12,[],0,0,buy,AA,,8.687,16.133,22.2,buy,2032-02-05,5.378,8.01,2796.87,7694.1,2.7,-2.37,,0,14:58:51,00,Y,N,0,0,Y,,2026-08-11 开始转股,计算使用5.4年期 评级为AA 债参考YTM：1.8814,N,8.01,全价：128.928 最后更新：14:58:51,,,,0,[],0,0,N,,,buy,buy
2026-09-21 14:26:01,113655,欧22转债,o22zz,118.292,0.08,603833,欧派家居,opjj,29.45,2.19,0.97,51.29,57.42,0,106.02,224.31,360308,轻工制造,shmb,C,2022-09-01,[],0,0,buy,AA,,35.903,66.677,11.2,buy,2028-08-05,1.874,19.999,1974.63,7795.83,0.83,-2.07,,0,14:56:38,00,Y,N,1,1,Y,转股价下修1次，成功下修1次,2023-02-13 开始转股,计算使用1.9年期 评级为AA 债参考YTM：1.6348,N,20.0,全价：118.292 最后更新：14:56:38,,,,0,{'M': ''},0,0,N,,,buy,buy
2026-09-21 14:26:01,111009,盛泰转债,stzz,121.062,0.18,605138,盛泰集团,stjt,6.13,3.03,1.36,10.51,58.33,0,107.56,228.62,350209,纺织服饰,shmb,C,2022-12-01,[],0,0,buy,AA,,7.357,13.663,20.6,buy,2028-11-07,2.132,7.011,2080.54,1766.74,2.45,-3.12,,0,14:59:22,00,Y,N,0,0,Y,,2023-05-11 开始转股,计算使用2.2年期 评级为AA 债参考YTM：1.6582,N,7.012,全价：121.062 最后更新：14:59:22,,,,0,[],0,0,N,,,buy,buy
2026-09-21 14:26:01,118069,爱科转债,akzz,160.251,4.87,688092,爱科科技,akkj,21.92,2.77,2.72,28.49,76.94,87,108.28,268.53,640209,机械设备,shkc,C,2026-07-09,[],0,0,buy,AA-,,19.943,37.037,14.7,buy,2032-06-10,5.723,2.67,49061.51,1527.81,114.91,-5.34,,0,14:59:59,00,Y,N,0,0,Y,,未到转股期；2026-12-17 开始转股,计算使用5.8年期 评级为AA- 债参考YTM：2.6852,N,2.67,全价：160.251 最后更新：14:59:59,,,,0,{'M': ''},0,0,N,,,buy,buy
2026-09-21 14:26:01,123267,珂玛转债,kmzz,211.018,-1.02,301611,珂玛科技,kmkj,98.7,-0.24,22.74,97.47,101.26,31,108.39,319.41,270103,电子,szcy,C,2026-05-13,[],0,0,buy,AA,,68.229,126.711,5.2,buy,2032-04-15,5.57,7.5,23778.07,76334.63,14.94,-10.63,,0,15:34:21,00,Y,N,0,0,Y,,未到转股期；2026-10-22 开始转股,计算使用5.6年期 评级为AA 债参考YTM：1.9212,N,7.5,全价：211.018 最后更新：15:34:21,,,,0,{'M': ''},0,0,N,,,buy,buy
2026-09-21 14:26:01,123138,丝路转债,slzz,125.528,-0.03,300556,丝路视觉,slsj,15.87,1.54,4.65,26.53,59.82,0,109.85,235.38,710401,计算机,szcy,C,2022-03-22,[],0,0,buy,A-,,18.571,34.489,13.9,buy,2028-03-02,1.447,2.393,729.66,6022.99,2.43,-4.54,,0,15:34:06,00,Y,N,0,0,Y,,2022-09-08 开始转股,计算使用1.5年期 评级为A- 债参考YTM：8.8932,N,2.4,全价：125.528 最后更新：15:34:06,,,,0,[],0,0,N,,,buy,buy
2026-09-21 14:26:01,118075,奥普转债,apzz,197.111,-2.18,688686,奥普特,apt,140.7,-2.16,5.39,149.83,93.91,136,109.9,307.01,640704,机械设备,shkc,C,2026-08-19,[],0,0,buy,AA,,104.881,194.779,7.4,buy,2032-07-28,5.855,12.7,19420.7,25725.12,7.67,-9.08,,0,15:00:00,00,Y,N,0,0,Y,,未到转股期；2027-02-04 开始转股,计算使用5.9年期 评级为AA 债参考YTM：1.9826,N,12.7,全价：197.111 最后更新：15:00:00,,,,0,{'M': ''},0,0,N,,,buy,buy
2026-09-21 14:26:01,113638,台21转债,t21zz,121.751,-0.24,603055,台华新材,thxc,9.28,-0.96,1.49,16.01,57.96,0,110.05,231.8,350106,纺织服饰,shmb,C,2022-01-21,[],0,0,buy,AA,,11.207,20.813,7.3,buy,2027-12-29,1.271,5.997,1822.81,5110.09,2.49,-5.25,,0,14:57:22,00,Y,N,0,0,Y,,2022-07-05 开始转股,计算使用1.3年期 评级为AA 债参考YTM：1.5897,N,6.0,全价：121.751 最后更新：14:57:22,,,,0,{'M': ''},0,0,N,,,buy,buy
2026-09-21 14:26:01,118067,上26转债,s26zz,130.988,-0.01,688533,上声电子,ssdz,19.69,1.39,1.82,32.25,61.05,3,114.54,245.53,280206,汽车,shkc,C,2026-04-14,[],0,0,buy,A+,,22.575,41.925,10.0,buy,2032-03-18,5.493,3.25,698.15,1125.12,1.64,-1.93,,0,14:59:16,00,Y,N,0,0,Y,,未到转股期；2026-09-24 开始转股,计算使用5.5年期 评级为A+ 债参考YTM：4.8605,N,3.25,全价：130.988 最后更新：14:59:16,,,,0,{'M': ''},0,0,N,,,buy,buy
2026-09-21 14:26:01,113616,韦尔转债,wezz,109.5,0.02,603501,豪威集团,hwjt,80.78,-0.6,3.11,159.02,50.8,0,115.56,225.06,270104,电子,shmb,C,2021-01-22,[],0,0,buy,AA+,,111.314,206.726,2.5,buy,2026-12-28,0.269,24.324,5550.31,87158.49,2.08,1.7,,0,14:58:55,00,Y,N,0,0,Y,,2021-07-05 开始转股,计算使用0.3年期 评级为AA+ 债参考YTM：1.5008,N,24.4,全价：109.500 最后更新：14:58:55,,,,0,{'M': ''},0,0,N,,,buy,buy
2026-09-21 14:26:01,127062,垒知转债,lzzz,123.086,0.11,002398,垒知集团,lzjt,4.24,1.68,0.77,7.56,56.09,0,119.46,242.55,610303,建筑材料,szmb,C,2022-05-20,[],0,0,buy,AA-,,5.292,9.828,15.6,buy,2028-04-21,1.584,3.957,794.77,4998.28,1.63,-3.19,,0,15:33:54,00,Y,N,0,0,Y,,2022-10-27 开始转股,计算使用1.6年期 评级为AA- 债参考YTM：1.8722,N,3.963,全价：123.086 最后更新：15:33:54,,,,0,[],0,0,N,,,buy,buy
2026-09-21 14:26:01,113693,志邦转债,zbzz,122.206,1.18,603801,志邦家居,zbjj,6.12,4.08,0.9,11.13,54.99,0,122.25,244.46,360308,轻工制造,shmb,C,2025-04-08,[],0,0,buy,AA,,7.791,14.469,25.2,buy,2031-03-18,4.49,6.7,2387.76,5168.8,2.93,-1.5,,0,14:59:58,00,Y,N,0,0,Y,,2025-09-24 开始转股,计算使用4.5年期 评级为AA 债参考YTM：1.8017,N,6.7,全价：122.206 最后更新：14:59:58,,,,0,[],0,0,N,,,buy,buy
2026-09-21 14:26:01,118015,芯海转债,xhzz,126.268,-1.08,688595,芯海科技,xhkj,31.21,2.23,6.25,55.22,56.52,0,123.41,249.68,270104,电子,shkc,C,2022-08-18,[],0,0,buy,A+,,38.654,71.786,9.1,buy,2028-07-21,1.833,4.1,3112.91,8878.07,5.99,-3.94,,0,14:58:55,00,Y,N,0,0,Y,,2023-01-30 开始转股,计算使用1.9年期 评级为A+ 债参考YTM：4.2739,N,4.1,全价：126.268 最后更新：14:58:55,,,,0,{'M': ''},0,0,N,,,buy,buy
2026-09-21 14:26:01,123265,耐普转02,npz02,132.329,1.01,300818,耐普矿机,npkj,17.2,1.0,2.01,29.42,58.46,0,126.34,258.67,640103,机械设备,szcy,C,2026-01-30,[],0,0,buy,A+,,20.594,38.246,18.4,buy,2032-01-16,5.323,4.499,2175.29,4111.09,3.65,-2.02,,0,15:34:00,00,Y,N,0,0,Y,,2026-07-22 开始转股,计算使用5.4年期 评级为A+ 债参考YTM：4.8050,N,4.5,全价：132.329 最后更新：15:34:00,,,,0,[],0,0,N,,,buy,buy
2026-09-21 14:26:01,123090,三诺转债,snzz,111.58,0.04,300298,三诺生物,snsw,16.44,5.18,2.97,34.52,47.63,0,134.29,245.87,370502,医药生物,szcy,C,2021-01-12,[],0,0,buy,AA,,24.164,44.876,6.8,buy,2026-12-21,0.249,4.984,2607.89,11541.69,4.69,1.51,,0,15:34:03,00,Y,N,0,0,Y,,2021-06-25 开始转股,计算使用0.3年期 评级为AA 债参考YTM：1.5108,N,5.0,全价：111.580 最后更新：15:34:03,,,,0,{'M': ''},0,0,N,,,buy,buy
2026-09-21 14:26:01,118042,奥维转债,awzz,125.689,-0.25,688516,奥特维,atw,44.54,-1.15,3.7,83.69,53.22,0,136.17,261.86,630505,电力设备,shkc,C,2023-09-01,[],0,0,buy,AA-,,58.583,108.797,8.1,buy,2029-08-10,2.888,11.399,3139.2,27783.29,2.19,-2.05,,0,14:59:25,00,Y,N,0,0,N,2026-09-17 至 2026-09-23 期间暂停转股：权益分派,2024-02-19 开始转股;2026-09-17 至 2026-09-23 期间暂停转股：权益分派,计算使用2.9年期 评级为AA- 债参考YTM：2.1171,N,11.4,全价：125.689 最后更新：14:59:25,,,,0,{'M': ''},0,0,N,,,buy,buy
2026-09-21 14:26:01,118068,迪威转债,dwzz,127.392,0.37,688377,迪威尔,dwe,17.39,2.11,2.12,32.49,53.52,80,138.01,265.4,640203,机械设备,shkc,C,2026-06-30,[],0,0,buy,AA-,,22.743,42.237,22.4,buy,2032-06-03,5.704,9.08,1618.45,4734.09,1.4,-2.0,,0,14:59:51,00,Y,N,0,0,Y,,未到转股期；2026-12-10 开始转股,计算使用5.8年期 评级为AA- 债参考YTM：2.6852,N,9.08,全价：127.392 最后更新：14:59:51,,,,0,{'M': ''},0,0,N,,,buy,buy
2026-09-21 14:26:01,118010,洁特转债,jtzz,126.297,1.63,688026,洁特生物,jtsw,25.22,19.98,2.96,47.88,52.67,0,139.77,266.07,370503,医药生物,shkc,C,2022-08-02,[],0,0,buy,A+,,33.516,62.244,12.4,buy,2028-06-28,1.77,4.399,23079.2,39804.9,41.34,-6.72,,0,14:59:58,00,Y,N,0,0,Y,,2023-01-04 开始转股,计算使用1.8年期 评级为A+ 债参考YTM：4.2541,N,4.4,全价：126.297 最后更新：14:59:58,,,,0,{'M': ''},0,0,N,,,buy,buy
2026-09-21 14:26:01,118022,锂科转债,lkzz,117.709,-0.13,688779,五矿新能,wkxn,7.58,-2.07,1.94,15.49,48.94,0,140.54,258.25,630702,电力设备,shkc,C,2022-11-07,[],0,0,buy,AA,,10.843,20.137,22.2,buy,2028-10-11,2.058,32.497,2607.62,19479.21,0.68,-1.88,,0,14:58:41,00,Y,N,0,0,Y,,2023-04-17 开始转股,计算使用2.1年期 评级为AA 债参考YTM：1.6509,N,32.5,全价：117.709 最后更新：14:58:41,,,,0,{'M': ''},0,0,N,,,buy,buy
2026-09-21 14:26:01,111014,李子转债,lzzz,120.585,0.39,605337,李子园,lzy,9.08,2.02,2.13,18.21,49.86,0,141.83,262.42,340701,食品饮料,shmb,C,2023-07-13,[],0,0,buy,AA,,12.747,23.673,17.0,buy,2029-06-20,2.748,5.999,2329.38,3138.99,3.22,-1.64,,0,14:59:34,00,Y,N,0,0,N,2026-09-16 至 2026-09-22 期间暂停转股：回售,2023-12-28 开始转股;2026-09-16 至 2026-09-22 期间暂停转股：回售,计算使用2.8年期 评级为AA 债参考YTM：1.6946,N,6.0,全价：120.585 最后更新：14:59:34,,,,0,[],0,0,Y,,,buy,buy
2026-09-21 14:26:01,118066,统联转债,tlzz,129.184,0.42,688210,统联精密,tljm,29.41,3.74,3.77,55.96,52.56,0,145.81,274.99,270504,电子,shkc,C,2026-03-20,[],0,0,buy,AA-,,39.172,72.748,12.0,buy,2032-03-02,5.449,5.76,2320.36,9458.18,3.12,-2.35,,0,14:58:59,00,Y,N,0,0,Y,,2026-09-07 开始转股,计算使用5.5年期 评级为AA- 债参考YTM：2.5117,N,5.76,全价：129.184 最后更新：14:58:59,,,,0,{'M': ''},0,0,N,,,buy,buy
2026-09-21 14:26:01,113650,博22转债,b22zz,121.337,-0.3,603916,苏博特,sbt,10.97,1.29,1.06,23.27,47.14,0,157.38,278.72,220309,基础化工,shmb,C,2022-07-28,[],0,0,buy,AA-,,16.289,30.251,17.3,buy,2028-07-01,1.778,7.996,1182.71,6080.45,1.22,-2.05,,0,14:58:43,00,Y,N,0,0,Y,,2023-01-09 开始转股,计算使用1.8年期 评级为AA- 债参考YTM：1.9077,N,8.0,全价：121.337 最后更新：14:58:43,,,,0,{'M': ''},0,0,N,,,buy,buy
2026-09-21 14:26:01,127098,欧晶转债,ojzz,122.951,-0.01,001269,欧晶科技,ojkj,19.22,2.07,5.08,42.0,45.76,0,168.68,291.63,630504,电力设备,szmb,C,2023-12-15,[],0,0,buy,A+,,29.4,54.6,12.7,buy,2029-11-24,3.178,4.693,1594.29,4358.32,2.76,-1.82,,0,15:33:57,00,Y,N,1,1,Y,转股价下修1次，成功下修1次,2024-05-30 开始转股,计算使用3.2年期 评级为A+ 债参考YTM：4.5191,N,4.7,全价：122.951 最后更新：15:33:57,,,,0,[],0,0,N,,,buy,buy
2026-09-21 14:26:01,123180,浙矿转债,zkzz,129.767,0.07,300837,浙矿股份,zkgf,22.8,1.33,1.59,47.59,47.91,0,170.86,300.63,640203,机械设备,szcy,C,2023-03-28,[],0,0,buy,AA-,,33.313,61.867,18.5,buy,2029-03-09,2.466,3.196,711.72,3403.16,1.72,-3.68,,0,15:34:03,00,Y,N,0,0,Y,,2023-09-15 开始转股,计算使用2.5年期 评级为AA- 债参考YTM：2.0373,N,3.2,全价：129.767 最后更新：15:34:03,,,,0,[],0,0,N,,,buy,buy
2026-09-21 14:26:01,123117,健帆转债,jfzz,109.609,0.0,300529,健帆生物,jfsw,15.17,1.07,3.5,38.15,39.76,0,175.65,285.26,370503,医药生物,szcy,C,2021-07-12,[],0,0,buy,AA,,26.705,49.595,12.9,buy,2027-06-23,0.753,9.998,2326.05,6837.8,2.12,0.48,,0,15:34:03,00,Y,N,2,2,Y,转股价下修2次，成功下修2次,2021-12-29 开始转股,计算使用0.8年期 评级为AA 债参考YTM：1.5316,N,10.0,全价：109.609 最后更新：15:34:03,,,,0,{'M': ''},0,0,N,,,buy,buy
2026-09-21 14:26:01,123250,嘉益转债,jyzz,122.86,0.44,301004,嘉益股份,jygf,34.17,2.92,2.56,79.66,42.9,0,186.42,309.28,360311,轻工制造,szcy,C,2024-11-26,[],0,0,buy,A+,,55.762,103.558,8.5,buy,2030-11-07,4.132,3.955,773.51,3007.98,1.59,-0.85,,0,15:34:42,00,Y,N,0,0,N,2026-09-15 至 2026-09-22 期间暂停转股：权益分派,2025-05-13 开始转股;2026-09-15 至 2026-09-22 期间暂停转股：权益分派,计算使用4.2年期 评级为A+ 债参考YTM：4.6112,N,3.979,全价：122.860 最后更新：15:34:42,,,,0,{'M': ''},0,0,N,,,buy,buy
2026-09-21 14:26:01,113670,金23转债,j23zz,121.238,0.32,603180,金牌家居,jpjj,15.7,3.9,0.94,37.54,41.82,0,189.89,311.13,360308,轻工制造,shmb,C,2023-05-16,[],0,0,buy,AA,,26.278,48.802,31.8,buy,2029-04-17,2.573,7.7,1528.45,1627.59,1.64,-0.97,,0,14:58:33,00,Y,N,0,0,Y,,2023-10-23 开始转股,计算使用2.6年期 评级为AA 债参考YTM：1.6831,N,7.7,全价：121.238 最后更新：14:58:33,,,,0,[],0,0,N,,,buy,buy
2026-09-21 14:26:01,113049,长汽转债,cqzz,106.256,0.0,601633,长城汽车,ccqc,14.04,-0.07,1.38,38.74,36.24,0,193.19,299.45,280502,汽车,shmb,C,2021-07-08,[],0,0,buy,AAA,,27.118,50.362,4.0,buy,2027-06-10,0.718,34.95,3960.05,18975.32,1.07,0.98,,0,14:59:58,00,Y,N,0,0,Y,,2021-12-17 开始转股,计算使用0.8年期 评级为AAA 债参考YTM：1.5009,N,35.0,全价：106.256 最后更新：14:59:58,,,,1,{'M': ''},0,0,N,,,buy,buy
2026-09-21 14:26:01,123151,康医转债,kyzz,118.11,0.14,300869,康泰医学,ktyx,11.05,3.27,2.64,27.55,40.11,0,194.47,312.58,370502,医药生物,szcy,C,2022-07-20,[],0,0,buy,A+,,19.285,35.815,24.0,buy,2028-07-01,1.778,6.998,1059.58,4998.4,1.28,-0.3,,0,15:34:09,00,Y,N,0,0,Y,,2023-01-09 开始转股,计算使用1.8年期 评级为A+ 债参考YTM：4.2541,N,7.0,全价：118.110 最后更新：15:34:09,,,,0,{'M': ''},0,0,N,,,buy,buy
2026-09-21 14:26:01,113660,寿22转债,s22zz,123.164,0.75,603896,寿仙谷,sxg,14.95,5.95,1.3,36.84,40.58,0,203.5,326.66,370201,医药生物,shmb,C,2022-12-12,[],0,0,buy,AA-,,25.788,47.892,13.4,buy,2028-11-17,2.159,3.977,1578.85,6439.05,3.23,-2.99,,0,14:57:02,00,Y,N,0,0,Y,,2023-05-23 开始转股,计算使用2.2年期 评级为AA- 债参考YTM：1.9791,N,3.98,全价：123.164 最后更新：14:57:02,,,,0,[],0,0,N,,,buy,buy
2026-09-21 14:26:01,118032,建龙转债,jlzz,122.395,-0.26,688357,建龙微纳,jlwn,26.56,4.08,1.44,71.41,37.19,0,229.07,351.47,220309,基础化工,shkc,C,2023-04-07,[],0,0,buy,AA-,,49.987,92.833,26.3,buy,2029-03-08,2.463,6.999,1825.98,1850.01,2.13,-1.33,,0,14:58:08,00,Y,N,0,0,Y,,2023-09-14 开始转股,计算使用2.5年期 评级为AA- 债参考YTM：2.0373,N,7.0,全价：122.395 最后更新：14:58:08,,,,0,{'M': ''},0,0,N,,,buy,buy
2026-09-21 14:26:01,110085,通22转债,t22zz,113.6,0.2,600438,通威股份,twgf,11.59,2.11,1.55,34.6,33.5,0,239.13,352.73,630501,电力设备,shmb,C,2022-03-18,[],0,0,buy,AAA,,24.22,44.98,23.0,buy,2028-02-24,1.427,119.831,7520.55,31303.56,0.55,-1.76,,0,14:59:58,00,Y,N,0,0,Y,,2022-09-02 开始转股,计算使用1.5年期 评级为AAA 债参考YTM：1.5532,N,120.0,全价：113.600 最后更新：14:59:58,,,,0,{'M': ''},0,0,N,,,buy,buy
2026-09-21 14:26:01,123072,乐歌转债,lgzz,119.799,0.02,300729,乐歌股份,lggf,11.29,3.77,1.08,32.61,34.62,0,246.03,365.83,360311,轻工制造,szcy,C,2020-11-10,[],0,0,buy,A+,,22.827,42.393,3.8,buy,2026-10-21,0.082,1.418,1857.87,6875.4,10.94,2.11,,0,15:33:57,00,Y,N,0,0,Y,,2021-04-27 开始转股,计算使用0.1年期 评级为A+ 债参考YTM：4.0102,N,1.42,全价：119.799 最后更新：15:33:57,,,,0,{'R': '到期\n最后交易日：2026-10-15\n最后转股日：2026-10-20\n债券到期日：2026-10-21\n到期赎回价：120.000元/张'},0,0,N,,,buy,buy
2026-09-21 14:26:01,128135,洽洽转债,qqzz,114.823,0.01,002557,洽洽食品,qqsp,18.11,0.67,1.8,54.95,32.96,0,248.4,363.22,340801,食品饮料,szmb,C,2020-11-18,[],0,0,buy,AA,,38.465,71.435,14.7,buy,2026-10-20,0.08,13.398,2556.43,7384.28,1.66,2.01,,0,15:34:09,00,Y,N,0,0,N,2026-09-18 至 2026-09-24 期间暂停转股：回售,2021-04-26 开始转股;2026-09-18 至 2026-09-24 期间暂停转股：回售,计算使用0.1年期 评级为AA 债参考YTM：1.5100,N,13.4,全价：114.823 最后更新：15:34:09,,,,1,"{'R': '到期\n最后交易日：2026-10-14\n最后转股日：2026-10-19\n债券到期日：2026-10-20\n到期赎回价：115.000元/张', 'M': ''}",0,0,Y,,,buy,buy
2026-09-21 14:26:01,123273,三江转债,sjzz,305.002,0.33,301059,金三江,jsj,12.62,2.77,4.36,14.43,87.46,94,248.75,553.75,220309,基础化工,szcy,C,2026-07-03,[],0,0,buy,A+,,10.101,18.759,11.1,buy,2032-06-16,5.74,2.9,27803.11,3440.82,31.31,-15.31,,0,15:34:03,00,Y,N,0,0,Y,,未到转股期；2026-12-24 开始转股,计算使用5.8年期 评级为A+ 债参考YTM：5.0349,N,2.9,全价：305.002 最后更新：15:34:03,,,,0,{'M': ''},0,0,N,,,buy,buy
2026-09-21 14:26:01,118005,天奈转债,tnzz,120.317,0.39,688116,天奈科技,tnkj,33.53,-1.82,3.16,99.01,33.87,0,255.28,375.6,630702,电力设备,shkc,C,2022-03-01,[],0,0,buy,AA-,,69.307,128.713,6.8,buy,2028-01-27,1.351,8.299,1124.5,17847.83,1.13,-5.36,,0,14:59:54,00,Y,N,0,0,Y,,2022-08-09 开始转股,计算使用1.4年期 评级为AA- 债参考YTM：1.8368,N,8.3,全价：120.317 最后更新：14:59:54,,,,0,{'M': ''},0,0,N,,,buy,buy
2026-09-21 14:26:01,127025,冀东转债,jdzz,105.773,0.0,000401,金隅冀东,jyjd,3.59,2.28,0.36,12.92,27.79,0,280.66,386.43,610101,建筑材料,szmb,C,2020-12-02,[],0,0,buy,AAA,,9.044,16.796,18.8,buy,2026-11-05,0.123,17.764,2076.77,3627.42,1.11,1.78,,0,15:34:30,00,Y,Y,0,0,Y,,2021-05-11 开始转股,计算使用0.2年期 评级为AAA 债参考YTM：1.4801,N,28.2,全价：105.773 最后更新：15:34:30,,,,0,{'M': ''},0,0,N,,,buy,buy
2026-09-21 14:26:01,123270,盛德转债,sdzz,217.825,-2.06,300881,盛德鑫泰,sdxt,30.71,3.96,2.54,53.68,57.21,77,280.75,498.58,230501,钢铁,szcy,C,2026-06-12,[],0,0,buy,A+,,37.576,69.784,23.0,buy,2032-05-31,5.696,4.05,29045.95,3599.71,32.44,-10.34,,0,15:34:33,00,Y,N,0,0,Y,,未到转股期；2026-12-07 开始转股,计算使用5.7年期 评级为A+ 债参考YTM：4.9781,N,4.05,全价：217.825 最后更新：15:34:33,,,,0,{'M': ''},0,0,N,,,buy,buy
2026-09-21 14:26:01,113633,科沃转债,kwzz,111.432,-0.13,603486,科沃斯,kws,50.23,0.6,2.86,172.97,29.04,0,283.72,395.15,330302,家用电器,shmb,C,2021-12-29,[],0,0,buy,AA,,121.079,224.861,3.6,buy,2027-11-30,1.192,10.396,2191.76,15996.34,1.89,0.28,,0,14:58:58,00,Y,N,0,0,Y,,2022-06-06 开始转股,计算使用1.2年期 评级为AA 债参考YTM：1.5806,N,10.4,全价：111.432 最后更新：14:58:58,,,,0,{'M': ''},0,0,N,,,buy,buy
2026-09-21 14:26:01,123179,立高转债,lgzz,120.55,-0.22,300973,立高食品,lgsp,25.49,1.72,1.59,94.64,26.93,0,347.58,468.13,340802,食品饮料,szcy,C,2023-03-27,[],0,0,buy,AA-,,66.248,123.032,31.4,buy,2029-03-07,2.46,9.499,1948.55,6080.63,1.7,-0.6,,0,15:34:24,00,Y,N,0,0,Y,,2023-09-13 开始转股,计算使用2.5年期 评级为AA- 债参考YTM：2.0373,N,9.5,全价：120.550 最后更新：15:34:24,,,,0,{'M': ''},0,0,N,,,buy,buy
2026-09-21 14:26:01,113059,福莱转债,flzz,115.346,-0.07,601865,福莱特,flt,9.45,1.72,1.02,41.56,22.74,0,407.28,522.63,630504,电力设备,shmb,C,2022-06-13,[],0,0,buy,AA,,29.092,54.028,22.3,buy,2028-05-20,1.663,39.996,3646.12,9394.67,0.79,-0.82,,0,14:59:06,00,Y,N,1,0,Y,转股价下修1次，成功下修0次,2022-11-28 开始转股,计算使用1.7年期 评级为AA 债参考YTM：1.6201,N,40.0,全价：115.346 最后更新：14:59:06,,,,0,{'M': ''},0,0,N,,,buy,buy
