抓取时间,bond_id,bond_nm,bond_py,price,increase_rt,stock_id,stock_nm,stock_py,sprice,sincrease_rt,pb,convert_price,convert_value,convert_dt,premium_rt,dblow,sw_cd,sw_name,market_cd,btype,list_dt,t_flag,owned,hold,bond_value,rating_cd,option_value,put_convert_price,force_redeem_price,convert_amt_ratio,fund_rt,maturity_dt,year_left,curr_iss_amt,volume,svolume,turnover_rt,ytm_rt,put_ytm_rt,noted,last_time,qstatus,sqflag,pb_flag,adj_cnt,adj_scnt,convert_price_valid,convert_price_tips,convert_cd_tip,ref_yield_info,adjusted,orig_iss_amt,price_tips,redeem_dt,real_force_redeem_price,option_tip,after_next_put_dt,icons,is_min_price,blocked,putting,force_redeem_price_tip,notes,volatility_rate,debt_rate
2026-05-08 08:56:12,123269,金杨转债,jyzz,100.0,0.0,301210,金杨精密,jygf,42.79,3.48,2.6,39.8,107.51,171,-6.99,93.01,630701,电力设备,szcy,C,2026-05-11,[],0,0,buy,AA-,,27.86,51.74,52.7,buy,2032-04-19,5.953,9.8,0.0,24398.44,0.0,2.21,,0,,00,Y,N,0,0,Y,,未到转股期；2026-10-26 开始转股,计算使用6.0年期 评级为AA- 债参考YTM：3.5446,N,9.8,待上市,,,,0,{'M': ''},0,0,N,,,buy,buy
2026-05-08 08:56:12,123267,珂玛转债,kmzz,100.0,0.0,301611,珂玛科技,kmkj,103.6,-3.63,24.68,97.57,106.18,167,-5.82,94.18,270103,电子,szcy,C,,[],0,0,buy,AA,,68.299,126.841,,buy,2032-04-15,5.943,7.5,0.0,170001.35,0.0,2.18,,0,,00,Y,N,0,0,Y,,未到转股期；2026-10-22 开始转股,计算使用6.0年期 评级为AA 债参考YTM：2.2946,N,7.5,待上市,,,,0,{'M': ''},0,0,N,,,buy,buy
2026-05-08 08:56:12,113702,斯达转债,sdzz,100.0,0.0,603290,斯达半导,sdbd,106.26,0.25,3.65,105.3,100.91,167,-0.9,99.1,270102,电子,shmb,C,2026-05-11,[],0,0,buy,AA+,,73.71,136.89,5.9,buy,2032-04-15,5.943,15.0,0.0,97179.65,0.0,1.87,,0,,00,Y,N,0,0,Y,,未到转股期；2026-10-22 开始转股,计算使用6.0年期 评级为AA+ 债参考YTM：2.0346,N,15.0,待上市,,,,0,{'M': ''},0,0,N,,,buy,buy
2026-05-08 08:56:12,127024,盈峰转债,yfzz,211.5,-3.29,000967,盈峰环境,yfhj,16.3,-0.73,3.02,7.67,212.52,0,-0.48,211.02,760201,环保,szmb,C,2020-12-02,[],0,0,buy,AA+,,5.369,9.971,1.2,buy,2026-11-04,,6.338,293751.53,499530.35,214.98,,,0,15:34:27,00,Y,N,0,0,Y,,2021-05-10 开始转股,强赎登记日2026-05-25，赎回价格101.129元，如不考虑强赎纯债价值为109.20元，计算使用0.5年期 评级为AA+ 债参考YTM：1.4901,N,14.762,全价：211.500 最后更新：15:34:27,2026-05-25,101.129,如不考虑强赎期权价值为113.51元,1,"{'R': '最后交易日 2026年5月25日\r\n最后转股日 2026年5月28日\r\n赎回价 101.129元/张', 'M': ''}",0,0,N,,,buy,buy
2026-05-08 08:56:12,118004,博瑞转债,brzz,190.941,-3.03,688166,博瑞医药,bryy,66.64,-2.8,11.14,34.74,191.83,0,-0.46,190.48,370101,医药生物,shkc,C,2022-01-27,[],0,0,buy,AA-,,24.318,45.162,1.0,buy,2028-01-04,,2.935,82675.07,94129.81,146.11,,,0,14:59:58,00,Y,N,0,0,Y,,2022-07-11 开始转股,强赎登记日2026-05-18，赎回价格100.945元，如不考虑强赎纯债价值为113.62元，计算使用1.7年期 评级为AA- 债参考YTM：2.0712,N,4.65,全价：190.941 最后更新：14:59:58,2026-05-18,100.945,如不考虑强赎期权价值为105.77元,1,"{'R': '最后交易日 2026年5月18日\r\n最后转股日 2026年5月21日\r\n赎回价 100.9452元/张', 'M': ''}",0,0,N,,,buy,buy
2026-05-08 08:56:12,123085,万顺转2,wsz2,192.3,-0.42,300057,万顺新材,wsxc,9.64,-0.52,1.76,4.99,193.19,0,-0.46,191.84,240301,有色金属,szcy,C,2020-12-28,[],0,0,buy,AA-,,3.493,6.487,1.4,buy,2026-12-11,,1.113,82119.12,101801.54,375.21,,,0,15:34:45,00,Y,N,2,2,Y,转股价下修2次，成功下修2次,2021-06-17 开始转股,强赎登记日2026-05-12，赎回价格100.870元，如不考虑强赎纯债价值为106.88元，计算使用0.6年期 评级为AA- 债参考YTM：1.7702,N,9.0,全价：192.300 最后更新：15:34:45,2026-05-12,100.870,如不考虑强赎期权价值为94.90元,1,"{'R': '最后交易日：2026年5月12日\r\n最后转股日：2026年5月15日\r\n赎回价：100.87元/张', 'M': ''}",0,0,N,,,buy,buy
2026-05-08 08:56:12,118003,华兴转债,hxzz,242.948,12.94,688001,华兴源创,hxyc,63.9,12.38,8.45,26.22,243.71,0,-0.31,242.64,640107,机械设备,shkc,C,2021-12-20,[],0,0,buy,AA,,18.354,34.086,1.0,buy,2027-11-29,,2.827,368522.16,152112.18,555.5,,,0,15:00:00,00,Y,N,2,2,Y,转股价下修2次，成功下修2次,2022-06-06 开始转股,强赎登记日2026-05-13，赎回价格100.843元，如不考虑强赎纯债价值为108.98元，计算使用1.6年期 评级为AA 债参考YTM：1.6688,N,8.0,全价：242.948 最后更新：15:00:00,2026-05-13,100.843,如不考虑强赎期权价值为149.65元,1,"{'R': '最后交易日 2026年5月13日\r\n最后转股日 2026年5月18日\r\n赎回价 100.8433元/张', 'M': ''}",0,0,N,,,buy,buy
2026-05-08 08:56:12,123054,思特转债,stzz,139.2,0.68,300608,思特奇,stq,13.79,0.88,3.54,9.88,139.58,0,-0.27,138.93,710401,计算机,szcy,C,2020-07-06,[],0,0,buy,AA-,,6.916,12.844,3.9,buy,2026-06-10,,1.559,22421.66,34834.28,102.91,,,0,15:34:42,00,Y,N,0,0,Y,,2020-12-16 开始转股,强赎登记日2026-05-25，赎回价格102.900元，如不考虑强赎纯债价值为114.83元，计算使用0.1年期 评级为AA- 债参考YTM：1.6888,N,2.71,全价：139.200 最后更新：15:34:42,2026-05-25,102.900,如不考虑强赎期权价值为39.77元,1,{'R': '最后交易日 2026年5月25日\r\n最后转股日 2026年5月28日\r\n赎回价 102.90元/张'},0,0,N,,,buy,buy
2026-05-08 08:56:12,118033,华特转债,htzz,198.946,-3.17,688268,华特气体,htqt,164.95,-1.35,9.7,82.75,199.34,0,-0.2,198.75,270601,电子,shkc,C,2023-04-14,[],0,0,buy,AA-,,57.925,107.575,3.0,buy,2029-03-21,2.871,5.987,229620.93,160869.65,189.05,-16.72,,0,15:00:00,00,Y,N,0,0,Y,,2023-09-27 开始转股,计算使用2.9年期 评级为AA- 债参考YTM：2.4233,N,6.46,全价：198.946 最后更新：15:00:00,,,,0,{'M': ''},0,0,N,,,buy,buy
2026-05-08 08:56:12,111013,新港转债,xgzz,135.525,-1.34,605162,新中港,xzg,11.77,-0.84,3.64,8.67,135.76,0,-0.17,135.36,410104,公用事业,shmb,C,2023-05-05,[],0,0,buy,AA-,,6.069,11.271,5.3,buy,2029-03-08,2.836,2.6,24455.1,15870.67,69.05,-4.64,,0,14:59:59,00,Y,N,0,0,Y,,2023-09-14 开始转股,已公告要强赎，如不考虑强赎纯债价值为111.03元，计算使用2.9年期 评级为AA- 债参考YTM：2.4233,N,3.691,全价：135.525 最后更新：14:59:59,,,如不考虑强赎期权价值为60.48元,0,{'O': ''},0,0,N,,,buy,buy
2026-05-08 08:56:12,123236,家联转债,jlzz,168.5,0.36,301193,家联科技,jlkj,25.87,0.35,4.06,15.33,168.75,0,-0.15,168.35,360311,轻工制造,szcy,C,2024-01-18,[],0,0,buy,AA-,,10.731,19.929,3.1,buy,2029-12-22,,1.384,40821.38,16818.82,173.49,,,0,15:33:57,00,Y,N,1,1,Y,转股价下修1次，成功下修1次,2024-06-28 开始转股,强赎登记日2026-05-22，赎回价格100.344元，如不考虑强赎纯债价值为108.75元，计算使用3.7年期 评级为AA- 债参考YTM：2.5836,N,7.5,全价：168.500 最后更新：15:33:57,2026-05-22,100.344,如不考虑强赎期权价值为98.76元,0,"{'R': '最后交易日：2026年5月22日\r\n最后转股日：2026年5月27日\r\n赎回价：100.344元/张', 'M': ''}",0,0,N,,,buy,buy
2026-05-08 08:56:12,128141,旺能转债,wnzz,131.28,0.52,002034,旺能环境,wnhj,18.37,0.33,1.21,13.98,131.4,0,-0.09,131.19,760103,环保,szmb,C,2021-01-18,[],0,0,buy,AA,,9.786,18.174,3.4,buy,2026-12-17,,3.049,22197.97,33960.57,55.06,,,0,15:34:00,00,Y,N,0,0,Y,,2021-06-23 开始转股,强赎登记日2026-05-14，赎回价格100.844元，如不考虑强赎纯债价值为108.99元，计算使用0.7年期 评级为AA 债参考YTM：1.5139,N,14.0,全价：131.280 最后更新：15:34:00,2026-05-14,100.844,如不考虑强赎期权价值为32.89元,1,"{'R': '最后交易日 2026年5月14日\r\n最后转股日 2026年5月19日\r\n赎回价 100.844元/张', 'M': ''}",0,0,N,,,buy,buy
2026-05-08 08:56:12,123126,瑞丰转债,rfzz,157.0,-3.88,300243,瑞丰高材,rfgc,18.27,-4.2,3.92,11.64,156.96,0,0.03,157.03,220501,基础化工,szcy,C,2021-10-18,[],0,0,buy,A,,8.148,15.132,8.6,buy,2027-09-10,1.343,3.1,43162.37,40829.73,87.24,-16.7,,0,15:33:57,00,Y,N,1,1,Y,转股价下修1次，成功下修1次,2022-03-16 开始转股,如不考虑强赎纯债价值为113.47元，计算使用1.4年期 评级为A 债参考YTM：6.6744,N,3.4,全价：157.000 最后更新：15:33:57,,,,1,{'B': ''},0,0,N,,,buy,buy
2026-05-08 08:56:12,123207,冠中转债,gzzz,228.0,6.07,300948,冠中生态,gzst,23.69,6.33,3.92,10.44,226.92,0,0.48,228.48,620307,建筑装饰,szcy,C,2023-08-09,[],0,0,buy,A-,,7.308,13.572,5.1,buy,2029-07-21,3.206,1.83,72095.75,21319.81,175.27,-18.45,,0,15:34:42,00,Y,N,1,1,Y,转股价下修1次，成功下修1次,2024-01-29 开始转股,计算使用3.3年期 评级为A- 债参考YTM：9.5772,N,4.0,全价：228.000 最后更新：15:34:42,,,,0,"{'G': '本次（2026年1月29日至2026年2月26日）不提前赎回，自2026年5月26日后首个交易日重新计算', 'M': ''}",0,0,N,,,buy,buy
2026-05-08 08:56:12,111005,富春转债,fczz,152.241,10.72,605189,富春染织,fcrz,18.15,10.0,1.77,11.98,151.5,0,0.49,152.73,350104,纺织服饰,shmb,C,2022-07-25,[],0,0,buy,AA-,,8.386,15.574,9.5,buy,2028-06-23,2.129,3.586,144573.6,26524.49,273.14,-13.82,,0,15:00:00,00,Y,N,1,1,Y,转股价下修1次，成功下修1次,2022-12-29 开始转股,已公告要强赎，如不考虑强赎纯债价值为106.63元，计算使用2.2年期 评级为AA- 债参考YTM：2.2122,N,5.7,全价：152.241 最后更新：15:00:00,,,如不考虑强赎期权价值为65.22元,0,{'O': ''},0,0,N,,,buy,buy
2026-05-08 08:56:12,118041,星球转债,xqzz,158.68,-3.32,688633,星球石墨,xqsm,36.42,-3.52,2.91,23.14,157.39,0,0.82,159.5,640203,机械设备,shkc,C,2023-08-22,[],0,0,buy,A+,,16.198,30.082,11.8,buy,2029-07-31,3.233,6.198,26118.57,31253.53,26.36,-8.63,,0,15:00:00,00,Y,N,0,0,Y,,2024-02-05 开始转股,计算使用3.3年期 评级为A+ 债参考YTM：4.8772,N,6.2,全价：158.680 最后更新：15:00:00,,,,0,{'M': ''},0,0,N,,,buy,buy
2026-05-08 08:56:12,123225,翔丰转债,xfzz,154.28,-0.04,300890,翔丰华,xfh,41.93,-0.57,2.2,27.44,152.81,0,0.96,155.24,630702,电力设备,szcy,C,2023-10-26,[],0,0,buy,AA-,,19.208,35.672,12.4,buy,2029-10-10,3.427,5.671,40888.53,92703.95,46.12,-6.63,,0,15:34:51,00,Y,N,1,1,Y,转股价下修1次，成功下修1次,2024-04-16 开始转股,计算使用3.5年期 评级为AA- 债参考YTM：2.5564,N,8.0,全价：154.280 最后更新：15:34:51,,,,0,{'M': ''},0,0,N,,,buy,buy
2026-05-08 08:56:12,123243,严牌转债,ypzz,229.4,-0.18,301081,严牌股份,ypgf,16.47,0.12,3.36,7.27,226.55,0,1.26,230.66,760201,环保,szcy,C,2024-07-26,[],0,0,buy,A+,,5.089,9.451,8.4,buy,2030-07-10,4.175,3.041,52556.6,16249.81,73.73,-14.82,,0,15:34:24,00,Y,N,0,0,Y,,2025-01-16 开始转股,计算使用4.2年期 评级为A+ 债参考YTM：5.0235,N,4.679,全价：229.400 最后更新：15:34:24,,,,0,{'M': ''},0,0,N,,,buy,buy
2026-05-08 08:56:12,110092,三房转债,sfzz,73.291,-0.82,600370,*ST三房,sfx,2.18,-4.8,1.69,3.02,72.19,0,1.53,74.82,220401,基础化工,shmb,C,2023-02-07,[],0,0,buy,A+,,2.114,3.926,24.2,buy,2029-01-06,2.669,21.187,45261.23,204.88,29.02,18.11,,0,15:00:00,00,Y,N,0,0,Y,,2023-07-12 开始转股,计算使用2.7年期 评级为A+ 债参考YTM：4.7092,N,25.0,全价：73.291 最后更新：15:00:00,,,,0,[],0,0,N,,,buy,buy
2026-05-08 08:56:12,111010,立昂转债,lazz,151.384,7.78,605358,立昂微,law,49.98,9.99,4.66,33.59,148.79,0,1.74,153.12,270103,电子,shmb,C,2022-12-07,[],0,0,buy,AA,,23.513,43.667,10.1,buy,2028-11-14,2.523,33.892,183067.69,295760.21,36.58,-10.39,,0,15:00:00,00,Y,N,1,1,Y,转股价下修1次，成功下修1次,2023-05-18 开始转股,计算使用2.6年期 评级为AA 债参考YTM：1.8153,N,33.9,全价：151.384 最后更新：15:00:00,,,,0,{'M': ''},0,0,N,,,buy,buy
2026-05-08 08:56:12,127041,弘亚转债,hyzz,127.0,0.12,002833,弘亚数控,hysk,21.19,-0.05,2.95,17.0,124.65,0,1.89,128.89,640209,机械设备,szmb,C,2021-08-10,[],0,0,buy,AA-,,11.9,22.1,9.8,buy,2026-07-12,0.178,5.999,4749.74,12893.15,6.24,-52.26,,0,15:34:36,00,Y,N,1,1,Y,转股价下修1次，成功下修1次,2022-01-17 开始转股,计算使用0.2年期 评级为AA- 债参考YTM：1.6900,N,6.0,全价：127.000 最后更新：15:34:36,,,,1,[],0,0,N,,,buy,buy
2026-05-08 08:56:12,127047,帝欧转债,dozz,168.8,12.68,002798,帝欧水华,dosh,8.44,10.04,2.65,5.1,165.49,0,2.0,170.8,360306,轻工制造,szmb,C,2021-11-26,[],0,0,buy,A-,,3.57,6.63,10.8,buy,2027-10-25,1.466,4.697,104970.67,21112.99,135.57,-22.33,,0,15:34:39,00,Y,N,1,1,Y,转股价下修1次，成功下修1次,2022-04-29 开始转股,如不考虑强赎纯债价值为103.20元，计算使用1.5年期 评级为A- 债参考YTM：9.0528,N,15.0,全价：168.800 最后更新：15:34:39,,,,1,{'B': ''},0,0,N,,,buy,buy
2026-05-08 08:56:12,127026,超声转债,cszz,147.0,-1.47,000823,超声电子,csdz,17.58,1.56,1.92,12.22,143.86,0,2.18,149.18,270202,电子,szmb,C,2021-01-14,[],0,0,buy,AA,,8.554,15.886,7.4,buy,2026-12-08,0.586,6.995,21625.51,118860.61,21.08,-45.46,,0,15:34:30,00,Y,N,0,0,Y,,2021-06-15 开始转股,计算使用0.6年期 评级为AA 债参考YTM：1.5131,N,7.0,全价：147.000 最后更新：15:34:30,,,,1,{'M': ''},0,0,N,,,buy,buy
2026-05-08 08:56:12,127084,柳工转2,lgz2,137.701,-0.79,000528,柳工,lg,9.73,-1.42,1.04,7.3,133.29,0,3.31,141.01,640601,机械设备,szmb,C,2023-04-20,[],0,0,buy,AAA,,5.11,9.49,12.5,buy,2029-03-27,2.888,24.809,22112.92,37224.94,6.49,-5.91,,0,15:33:57,00,Y,N,0,0,Y,,2023-10-09 开始转股,计算使用2.9年期 评级为AAA 债参考YTM：1.7135,N,30.0,全价：137.701 最后更新：15:33:57,,,,0,{'M': ''},0,0,N,,,buy,buy
2026-05-08 08:56:12,123121,帝尔转债,dezz,161.2,-0.37,300776,帝尔激光,dejg,114.3,1.13,7.67,73.56,155.38,0,3.74,164.94,630505,电力设备,szcy,C,2021-08-27,[],0,0,buy,AA-,,51.492,95.628,4.3,buy,2027-08-05,1.244,8.291,47983.79,152762.8,35.9,-22.79,,0,15:33:57,00,Y,N,0,0,Y,,2022-02-11 开始转股,计算使用1.3年期 评级为AA- 债参考YTM：1.9615,N,8.4,全价：161.200 最后更新：15:33:57,,,,1,{'M': ''},0,0,N,,,buy,buy
2026-05-08 08:56:12,118057,甬矽转债,yxzz,177.582,-4.07,688362,甬矽电子,yxdz,48.39,-3.2,7.52,28.36,170.63,0,4.08,181.66,270107,电子,shkc,C,2025-07-16,[],0,0,buy,A+,,19.852,36.868,5.9,buy,2031-06-26,5.137,11.648,34476.82,78728.93,16.41,-7.78,,0,15:00:00,00,Y,N,0,0,Y,,2026-01-05 开始转股,计算使用5.2年期 评级为A+ 债参考YTM：5.2354,N,11.65,全价：177.582 最后更新：15:00:00,,,,0,{'M': ''},0,0,N,,,buy,buy
2026-05-08 08:56:12,128121,宏川转债,hczz,132.0,5.87,002930,宏川智慧,hczh,16.04,10.01,3.48,12.65,126.8,0,4.1,136.1,420806,交通运输,szmb,C,2020-08-07,[],0,0,buy,AA-,,8.855,16.445,9.4,buy,2026-07-17,0.192,6.52,128229.55,31762.42,149.75,-96.2,,0,15:34:18,00,Y,N,2,2,Y,转股价下修2次，成功下修2次,2021-01-25 开始转股,计算使用0.2年期 评级为AA- 债参考YTM：1.6900,N,6.7,全价：132.000 最后更新：15:34:18,,,,0,{'M': ''},0,0,N,,,buy,buy
2026-05-08 08:56:12,127066,科利转债,klzz,144.366,0.6,002850,科达利,kdl,206.0,1.47,4.09,148.7,138.53,0,4.21,148.58,630701,电力设备,szmb,C,2022-08-03,[],0,0,buy,AA,,104.09,193.31,3.7,buy,2028-07-08,2.17,15.34,27147.14,142283.32,12.24,-10.76,,0,15:34:51,00,Y,N,0,0,Y,,2023-01-16 开始转股,计算使用2.2年期 评级为AA 债参考YTM：1.7646,N,15.344,全价：144.366 最后更新：15:34:51,,,,0,{'M': ''},0,0,N,,,buy,buy
2026-05-08 08:56:12,123061,航新转债,hxzz,135.567,0.97,300424,航新科技,hxkj,19.07,3.47,6.37,14.82,128.68,0,5.35,140.92,650201,国防军工,szcy,C,2020-08-18,[],0,0,buy,A-,,10.374,19.266,3.6,buy,2026-07-22,0.206,1.674,4131.39,29006.0,18.27,-63.93,,0,15:34:42,00,Y,N,0,0,Y,,2021-01-28 开始转股,计算使用0.3年期 评级为A- 债参考YTM：8.7438,N,2.5,全价：135.567 最后更新：15:34:42,,,,1,[],0,0,N,,,buy,buy
2026-05-08 08:56:12,123188,水羊转债,syzz,207.908,0.66,300740,水羊股份,sygf,26.64,0.91,4.59,13.54,196.75,0,5.67,213.58,770202,美容护理,szcy,C,2023-04-25,[],0,0,buy,A+,,9.478,17.602,6.7,buy,2029-04-04,2.91,6.422,14578.79,31365.06,10.94,-17.64,,0,15:34:00,00,Y,N,0,0,Y,,2023-10-11 开始转股,计算使用3.0年期 评级为A+ 债参考YTM：4.8034,N,6.95,全价：207.908 最后更新：15:34:00,,,,0,"{'G': '本次（2026年3月2日至2026年3月20日）不提前赎回，自2026年6月20日后首个交易日重新计算', 'M': ''}",0,0,N,,,buy,buy
2026-05-08 08:56:12,128137,洁美转债,jmzz,195.6,-3.36,002859,洁美科技,jmkj,48.98,-2.59,6.64,26.46,185.11,0,5.67,201.27,270401,电子,szmb,C,2020-12-01,[],0,0,buy,AA-,,18.522,34.398,3.0,buy,2026-11-04,0.493,5.909,26671.69,46139.44,23.02,-87.15,,0,15:34:06,00,Y,N,0,0,Y,,2021-05-10 开始转股,计算使用0.5年期 评级为AA- 债参考YTM：1.7601,N,6.0,全价：195.600 最后更新：15:34:06,,,,1,"{'G': '本次（2026年1月20日起至2026年2月9日）不提前赎回，以2026年5月9日后首个交易日重新计算', 'M': ''}",0,0,N,,,buy,buy
2026-05-08 08:56:12,111023,利柏转债,lbzz,168.696,5.42,605167,利柏特,lbt,19.35,2.71,4.19,12.14,159.39,0,5.84,174.54,620402,建筑装饰,shmb,C,2025-07-22,[],0,0,buy,AA,,8.498,15.782,8.6,buy,2031-07-03,5.156,7.496,42590.49,15209.27,34.16,-7.41,,0,14:59:59,00,Y,N,0,0,Y,,2026-01-09 开始转股,计算使用5.2年期 评级为AA 债参考YTM：2.1488,N,7.5,全价：168.696 最后更新：14:59:59,,,,0,[],0,0,N,,,buy,buy
2026-05-08 08:56:12,113597,佳力转债,jlzz,141.939,0.53,603912,佳力图,jlt,11.64,2.74,3.57,8.68,134.1,0,5.84,147.78,640105,机械设备,shmb,C,2020-08-21,[],0,0,buy,AA-,,6.076,11.284,4.7,buy,2026-07-30,0.227,2.97,23214.9,44594.04,55.12,-75.06,,0,14:59:56,00,Y,N,1,1,Y,转股价下修1次，成功下修1次,2021-02-05 开始转股,计算使用0.3年期 评级为AA- 债参考YTM：1.6961,N,3.0,全价：141.939 最后更新：14:59:56,,,,1,[],0,0,N,,,buy,buy
2026-05-08 08:56:12,123118,惠城转债,hczz,534.563,-0.86,300779,惠城环保,hchb,73.06,0.48,6.84,14.59,500.75,0,6.75,541.31,760103,环保,szcy,C,2021-07-26,[],0,0,buy,A+,,10.213,18.967,0.6,buy,2027-07-07,1.164,0.657,32510.19,37228.03,92.39,-73.23,,0,15:34:51,00,Y,N,0,0,Y,,2022-01-13 开始转股,计算使用1.2年期 评级为A+ 债参考YTM：4.2661,N,3.2,全价：534.563 最后更新：15:34:51,,,,1,{'M': ''},0,0,N,,,buy,buy
2026-05-08 08:56:12,127078,优彩转债,yczz,168.8,-0.06,002998,优彩资源,yczy,10.19,2.72,1.99,6.48,157.25,0,7.34,176.14,220401,基础化工,szmb,C,2023-01-09,[],0,0,buy,A+,,4.536,8.424,15.1,buy,2028-12-14,2.606,4.159,20033.35,16913.47,28.18,-12.7,,0,15:34:48,00,Y,N,0,0,Y,,2023-06-20 开始转股,计算使用2.7年期 评级为A+ 债参考YTM：4.7092,N,6.0,全价：168.800 最后更新：15:34:48,,,,0,{'G': '本次（2026年1月21日至2026年2月24日）不提前赎回，自2026年5月24日后首个交易日重新计算'},0,0,N,,,buy,buy
2026-05-08 08:56:12,110077,洪城转债,hczz,223.261,1.04,600461,洪城环境,hchj,10.14,0.4,1.26,4.88,207.79,0,7.45,230.71,760102,环保,shmb,C,2020-12-17,[],0,0,buy,AA+,,3.416,6.344,5.1,buy,2026-11-20,0.537,6.685,4442.78,7315.46,2.99,-94.97,,0,14:59:55,00,Y,N,0,0,Y,,2021-05-26 开始转股,计算使用0.6年期 评级为AA+ 债参考YTM：1.4931,N,18.0,全价：223.261 最后更新：14:59:55,,,,1,"{'G': '本次（2025年6月22日至2025年7月11日）不提前赎回，以2026年7月12日为首个交易日重新计算', 'M': ''}",0,0,N,,,buy,buy
2026-05-08 08:56:12,123253,永贵转债,ygzz,147.8,1.61,300351,永贵电器,ygdq,25.01,3.78,3.93,18.23,137.19,0,7.73,155.53,640501,机械设备,szcy,C,2025-03-28,[],0,0,buy,AA-,,12.761,23.699,14.9,buy,2031-03-13,4.849,9.798,27521.13,44279.91,19.03,-4.67,,0,15:34:15,00,Y,N,0,0,Y,,2025-09-19 开始转股,计算使用4.9年期 评级为AA- 债参考YTM：2.7834,N,9.8,全价：147.800 最后更新：15:34:15,,,,0,{'M': ''},0,0,N,,,buy,buy
2026-05-08 08:56:12,113062,常银转债,cyzz,130.974,-0.05,601128,常熟银行,csyh,7.13,-0.7,0.72,5.89,121.05,0,8.2,139.17,480501,银行,shmb,C,2022-10-17,[],0,0,buy,AAA,,,7.657,25.4,buy,2028-09-15,2.359,59.994,7136.96,29754.23,0.91,-7.48,,0,14:59:54,00,Y,N,0,0,Y,,2023-03-21 开始转股,计算使用2.4年期 评级为AAA 债参考YTM：1.6647,N,60.0,全价：130.974 最后更新：14:59:54,,,,0,{'M': ''},0,0,N,,,buy,buy
2026-05-08 08:56:12,110074,精达转债,jdzz,448.871,-1.67,600577,精达股份,jdgf,13.7,0.96,4.7,3.32,412.65,0,8.78,457.65,630805,电力设备,shmb,C,2020-09-21,[],0,0,buy,AA,,2.324,4.316,0.9,buy,2026-08-19,0.282,2.637,31947.52,80503.9,27.06,-268.51,,0,14:59:54,00,Y,N,0,0,N,2026-04-29 至 2026-05-08 期间暂停转股：权益分派,2021-02-25 开始转股;2026-04-29 至 2026-05-08 期间暂停转股：权益分派,计算使用0.3年期 评级为AA 债参考YTM：1.4829,N,7.87,全价：448.871 最后更新：14:59:54,,,,1,"{'G': '本次（2025年12月19日至2026年1月12日）不提前赎回，以2026年6月13日为首个交易日重新计算', 'M': ''}",0,0,N,,,buy,buy
2026-05-08 08:56:12,113644,艾迪转债,adzz,144.608,-1.97,603638,艾迪精密,adjm,24.79,-0.16,5.41,18.65,132.92,0,8.79,153.4,640602,机械设备,shmb,C,2022-05-12,[],0,0,buy,AA-,,13.055,24.245,4.9,buy,2028-04-15,1.94,9.999,20608.96,23276.21,14.28,-10.44,,0,14:59:57,00,Y,N,1,1,Y,转股价下修1次，成功下修1次,2022-11-18 开始转股,计算使用2.0年期 评级为AA- 债参考YTM：2.1536,N,10.0,全价：144.608 最后更新：14:59:57,,,,1,{'M': ''},0,0,N,,,buy,buy
2026-05-08 08:56:12,123059,银信转债,yxzz,134.3,-1.1,300231,银信科技,yxkj,11.29,-0.27,3.0,9.15,123.39,0,8.84,143.14,710301,计算机,szcy,C,2020-08-12,[],0,0,buy,AA-,,6.405,11.895,3.1,buy,2026-07-15,0.186,1.569,6331.43,18118.83,29.86,-66.11,,0,15:34:42,00,Y,N,0,0,Y,,2021-01-21 开始转股,计算使用0.2年期 评级为AA- 债参考YTM：1.6900,N,3.914,全价：134.300 最后更新：15:34:42,,,,1,[],0,0,N,,,buy,buy
2026-05-08 08:56:12,123187,超达转债,cdzz,270.8,1.12,301186,超达装备,cdzb,76.62,2.69,3.84,30.98,247.32,0,9.49,280.29,280205,汽车,szcy,C,2023-04-25,[],0,0,buy,A,,21.686,40.274,3.8,buy,2029-04-04,2.91,2.242,58542.46,17290.51,96.31,-24.92,,0,15:34:03,00,Y,N,0,0,Y,,2023-10-11 开始转股,计算使用3.0年期 评级为A 债参考YTM：7.1534,N,4.69,全价：270.800 最后更新：15:34:03,,,,0,"{'G': '本次（2026年4月10日至2026年4月30日）不提前赎回，以2026年7月31日之后的首个交易日重新起算', 'M': ''}",0,0,N,,,buy,buy
2026-05-08 08:56:12,113048,晶科转债,jkzz,179.978,-0.72,601778,晶科科技,jkkj,7.39,-0.4,1.72,4.5,164.22,0,9.59,189.57,410106,公用事业,shmb,C,2021-05-31,[],0,0,buy,AA,,3.15,5.85,5.6,buy,2027-04-23,0.959,15.456,121425.31,372228.47,43.53,-39.5,,0,15:00:00,00,Y,N,2,2,Y,转股价下修2次，成功下修2次,2021-10-29 开始转股,计算使用1.0年期 评级为AA 债参考YTM：1.5642,N,30.0,全价：179.978 最后更新：15:00:00,,,,1,"{'G': '本次（2026年3月25日至2026年5月6日）不提前赎回，以2026年8月7日为首个交易日重新计算', 'M': ''}",0,0,N,,,buy,buy
2026-05-08 08:56:12,127040,国泰转债,gtzz,140.257,1.74,002091,江苏国泰,jsgt,9.79,10.0,0.97,7.65,127.97,0,9.6,149.86,450201,商贸零售,szmb,C,2021-08-10,[],0,0,buy,AA+,,5.355,9.945,25.5,buy,2027-07-07,1.164,39.864,43616.7,78509.14,7.77,-19.22,,0,15:34:33,00,Y,N,0,0,Y,,2022-01-13 开始转股,计算使用1.2年期 评级为AA+ 债参考YTM：1.5792,N,45.574,全价：140.257 最后更新：15:34:33,,,,1,{'M': ''},0,0,N,,,buy,buy
2026-05-08 08:56:12,113680,丽岛转债,ldzz,160.615,3.62,603937,丽岛新材,ldxc,18.88,10.02,2.5,12.91,146.24,0,9.83,170.45,240301,有色金属,shmb,C,2023-12-05,[],0,0,buy,A+,,9.037,16.783,7.6,buy,2029-11-15,3.526,2.999,126158.17,70774.53,265.69,-8.03,,0,15:00:00,00,Y,N,0,0,Y,,2024-05-21 开始转股,计算使用3.6年期 评级为A+ 债参考YTM：4.9262,N,3.0,全价：160.615 最后更新：15:00:00,,,,0,[],0,0,N,,,buy,buy
2026-05-08 08:56:12,123198,金埔转债,jpzz,141.847,-0.11,301098,金埔园林,jpyl,9.71,0.52,1.69,7.55,128.61,0,10.29,152.14,620307,建筑装饰,szcy,C,2023-07-07,[],0,0,buy,A,,5.285,9.815,22.4,buy,2029-06-08,3.088,3.259,3176.86,6052.5,6.87,-5.37,,0,15:34:15,00,Y,N,1,1,Y,转股价下修1次，成功下修1次,2023-12-14 开始转股,计算使用3.1年期 评级为A 债参考YTM：7.1820,N,5.2,全价：141.847 最后更新：15:34:15,,,,0,{'M': ''},0,0,N,,,buy,buy
2026-05-08 08:56:12,127103,东南转债,dnzz,184.925,-0.38,002135,东南网架,dnwj,9.35,0.0,1.64,5.6,166.96,0,10.76,195.69,620401,建筑装饰,szmb,C,2024-01-24,[],0,0,buy,AA,,3.92,7.28,20.5,buy,2030-01-03,3.66,19.999,28571.38,42970.54,7.78,-12.95,,0,15:34:09,00,Y,N,0,0,Y,,2024-07-09 开始转股,计算使用3.7年期 评级为AA 债参考YTM：1.9574,N,20.0,全价：184.925 最后更新：15:34:09,,,,0,"{'G': '本次（2026年3月17日至2026年4月28日）不提前赎回，自2026年7月28日后首个交易日重新计算', 'M': ''}",0,0,N,,,buy,buy
2026-05-08 08:56:12,118018,瑞科转债,rkzz,147.858,-1.54,688323,瑞华泰,rht,28.03,-2.64,6.02,21.0,133.48,0,10.77,158.63,220505,基础化工,shkc,C,2022-09-14,[],0,0,buy,A,,14.7,27.3,8.5,buy,2028-08-18,2.282,4.299,24041.47,57562.0,37.68,-11.2,,0,15:00:00,00,Y,N,1,1,Y,转股价下修1次，成功下修1次,2023-02-24 开始转股,计算使用2.3年期 评级为A 债参考YTM：6.9335,N,4.3,全价：147.858 最后更新：15:00:00,,,,0,{'M': ''},0,0,N,,,buy,buy
2026-05-08 08:56:12,113051,节能转债,jnzz,163.119,3.54,601016,节能风电,jnfd,4.9,-1.8,1.77,3.33,147.15,0,10.85,173.97,410107,公用事业,shmb,C,2021-07-22,[],0,0,buy,AA+,,2.331,4.329,9.0,buy,2027-06-21,1.121,26.52,78241.59,358593.25,18.23,-28.92,,0,14:59:59,00,Y,N,1,0,Y,转股价下修1次，成功下修0次,2021-12-27 开始转股,计算使用1.2年期 评级为AA+ 债参考YTM：1.5792,N,30.0,全价：163.119 最后更新：14:59:59,,,,1,{'M': ''},0,0,N,,,buy,buy
2026-05-08 08:56:12,123160,泰福转债,tfzz,175.0,0.63,300992,泰福泵业,tfby,31.12,0.48,3.29,19.77,157.41,0,11.17,186.17,640106,机械设备,szcy,C,2022-10-25,[],0,0,buy,A,,13.839,25.701,9.6,buy,2028-09-28,2.395,2.315,11553.23,7971.79,28.66,-15.07,,0,15:34:18,00,Y,N,1,1,Y,转股价下修1次，成功下修1次,2023-04-11 开始转股,计算使用2.4年期 评级为A 债参考YTM：6.9646,N,3.349,全价：175.000 最后更新：15:34:18,,,,0,{'M': ''},0,0,N,,,buy,buy
2026-05-08 08:56:12,113661,福22转债,f22zz,144.44,1.0,603806,福斯特,fst,19.1,0.9,2.99,14.74,129.58,0,11.47,155.91,630504,电力设备,shmb,C,2022-12-22,[],0,0,buy,AA,,10.318,19.162,6.1,buy,2028-11-22,2.545,30.297,15485.74,115338.88,3.56,-9.25,,0,14:59:59,00,Y,N,1,1,Y,转股价下修1次，成功下修1次,2023-05-29 开始转股,计算使用2.6年期 评级为AA 债参考YTM：1.8153,N,30.3,全价：144.440 最后更新：14:59:59,,,,0,{'M': ''},0,0,N,,,buy,buy
2026-05-08 08:56:12,123245,集智转债,jzzz,346.74,2.89,300553,集智股份,jzgf,55.93,4.93,7.31,18.11,308.84,0,12.27,359.01,640107,机械设备,szcy,C,2024-08-28,[],0,0,buy,A,,12.677,23.543,3.2,buy,2030-08-14,4.271,1.538,56222.64,50858.1,105.64,-22.22,,0,15:34:03,00,Y,N,0,0,Y,,2025-02-20 开始转股,计算使用4.3年期 评级为A 债参考YTM：7.3902,N,2.546,全价：346.740 最后更新：15:34:03,,,,0,{'G': '本次（2026年1月30日至2026年2月27日）不提前赎回，自2026年6月1日后首个交易日重新计算'},0,0,N,,,buy,buy
2026-05-08 08:56:12,123091,长海转债,chzz,160.998,2.52,300196,长海股份,chgf,21.82,2.78,1.82,15.34,142.24,0,13.19,174.19,610202,建筑材料,szcy,C,2021-01-15,[],0,0,buy,AA,,10.738,19.942,10.2,buy,2026-12-23,0.627,5.497,15647.13,71130.32,17.79,-49.71,,0,15:34:51,00,Y,N,0,0,N,2026-05-07 至 2026-05-14 期间暂停转股：权益分派,2021-06-29 开始转股;2026-05-07 至 2026-05-14 期间暂停转股：权益分派,计算使用0.7年期 评级为AA 债参考YTM：1.5139,N,5.5,全价：160.998 最后更新：15:34:51,,,,1,[],0,0,N,,,buy,buy
2026-05-08 08:56:12,128128,齐翔转2,qxz2,126.2,-0.89,002408,齐翔腾达,qxtd,5.98,-1.81,1.55,5.37,111.36,0,13.33,139.53,750303,石油石化,szmb,C,2020-09-15,[],0,0,buy,AA,,3.759,6.981,4.1,buy,2026-08-20,0.285,6.792,12356.84,27365.85,14.49,-45.49,,0,15:34:21,00,Y,N,0,0,Y,,2021-02-26 开始转股,计算使用0.3年期 评级为AA 债参考YTM：1.4829,N,29.9,全价：126.200 最后更新：15:34:21,,,,1,{'M': ''},0,0,N,,,buy,buy
2026-05-08 08:56:12,113042,上银转债,syzz,122.683,-0.39,601229,上海银行,shyh,9.24,-0.22,0.5,8.57,107.82,0,13.79,136.47,480401,银行,shmb,C,2021-02-10,[],0,0,buy,AAA,,,11.141,15.2,buy,2027-01-25,0.718,199.776,31420.31,43183.02,1.28,-12.13,,0,14:59:57,00,Y,Y,0,0,Y,,2021-07-29 开始转股,计算使用0.8年期 评级为AAA 债参考YTM：1.4680,N,200.0,全价：122.683 最后更新：14:59:57,,,,0,{'M': ''},0,0,N,,,buy,buy
2026-05-08 08:56:12,127096,泰坦转债,ttzz,359.538,17.81,003036,泰坦股份,ttgf,41.91,10.0,6.03,13.27,315.83,0,13.84,373.38,640206,机械设备,szmb,C,2023-11-15,[],0,0,buy,A,,9.289,17.251,3.2,buy,2029-10-25,3.469,2.917,280294.87,20506.16,273.37,-27.48,,0,15:33:54,00,Y,N,0,0,Y,,2024-05-06 开始转股,计算使用3.5年期 评级为A 债参考YTM：7.2614,N,2.955,全价：359.538 最后更新：15:33:54,,,,0,{'G': '本次（2026年2月9日至2026年3月11日）不提前赎回，以2026年6月11日后首个交易日起重新计算'},0,0,N,,,buy,buy
2026-05-08 08:56:12,127053,豪美转债,hmzz,231.0,-1.49,002988,豪美新材,hmxc,34.82,-0.88,3.19,17.23,202.09,0,14.31,245.31,240301,有色金属,szmb,C,2022-03-04,[],0,0,buy,AA-,,12.061,22.399,3.0,buy,2028-01-24,1.715,2.581,19771.41,20682.38,32.95,-31.84,,0,15:34:21,00,Y,N,1,1,Y,转股价下修1次，成功下修1次,2022-07-28 开始转股,计算使用1.8年期 评级为AA- 债参考YTM：2.0980,N,8.24,全价：231.000 最后更新：15:34:21,,,,1,[],0,0,N,,,buy,buy
2026-05-08 08:56:12,123251,华医转债,hyzz,301.0,2.39,301235,华康洁净,hkjj,58.97,2.27,3.34,22.43,262.91,0,14.49,315.49,370502,医药生物,szcy,C,2025-01-09,[],0,0,buy,A+,,15.701,29.159,16.3,buy,2030-12-23,4.63,7.012,31707.17,29926.79,15.2,-18.27,,0,15:34:12,00,Y,N,0,0,Y,,2025-06-27 开始转股,计算使用4.7年期 评级为A+ 债参考YTM：5.1033,N,7.5,全价：301.000 最后更新：15:34:12,,,,0,"{'G': '本次（2025年11月20日至2025年12月15日）不提前赎回，自2026年6月15日后首个交易日重新计算', 'M': ''}",0,0,N,,,buy,buy
2026-05-08 08:56:12,113686,泰瑞转债,trzz,174.763,1.95,603289,泰瑞机器,trjq,12.4,6.44,2.43,8.15,152.15,0,14.86,189.62,640209,机械设备,shmb,C,2024-07-24,[],0,0,buy,AA-,,5.705,10.595,9.2,buy,2030-07-02,4.153,3.364,67226.8,39857.94,113.09,-8.81,,0,14:59:59,00,Y,N,0,0,Y,,2025-01-08 开始转股,计算使用4.2年期 评级为AA- 债参考YTM：2.6629,N,3.378,全价：174.763 最后更新：14:59:59,,,,0,[],0,0,N,,,buy,buy
2026-05-08 08:56:12,128125,华阳转债,hyzz,117.08,1.11,002949,华阳国际,hygj,14.65,2.3,1.81,14.39,101.81,0,15.0,132.08,620601,建筑装饰,szmb,C,2020-08-21,[],0,0,buy,AA-,,10.073,18.707,20.2,buy,2026-07-30,0.227,4.496,6299.4,8016.06,11.95,-15.51,,0,15:34:09,00,Y,N,2,2,Y,转股价下修2次，成功下修2次,2021-02-05 开始转股,计算使用0.3年期 评级为AA- 债参考YTM：1.6961,N,4.5,全价：117.080 最后更新：15:34:09,,,,1,[],0,0,N,,,buy,buy
2026-05-08 08:56:12,123241,欧通转债,otzz,1019.5,3.87,300870,欧陆通,olt,384.78,-2.67,15.88,43.43,885.98,0,15.07,1034.57,630306,电力设备,szcy,C,2024-07-26,[],0,0,buy,AA-,,30.401,56.459,0.6,buy,2030-07-05,4.162,2.605,178694.36,131386.65,67.22,-41.03,,0,15:34:00,00,Y,N,0,0,Y,,2025-01-13 开始转股,计算使用4.2年期 评级为AA- 债参考YTM：2.6629,N,6.445,全价：1019.500 最后更新：15:34:00,,,,0,"{'G': '本次（2026年4月14日至2026年5月7日）不提前赎回，自2026年8月7日后首个交易日重新计算', 'M': ''}",0,0,N,,,buy,buy
2026-05-08 08:56:12,113058,友发转债,yfzz,144.135,-0.21,601686,友发集团,yfjt,5.59,-0.18,1.2,4.48,124.78,0,15.51,159.65,230403,钢铁,shmb,C,2022-04-26,[],0,0,buy,AA,,3.136,5.824,22.7,buy,2028-03-30,1.896,18.638,6135.29,2619.1,2.29,-11.82,,0,14:59:42,00,Y,N,2,2,Y,转股价下修2次，成功下修2次,2022-10-10 开始转股,计算使用1.9年期 评级为AA 债参考YTM：1.7169,N,20.0,全价：144.135 最后更新：14:59:42,,,,1,{'G': '本次（2026年1月27日至2026年2月24日）不提前赎回，自2026年5月24日后首个交易日重新计算'},0,0,N,,,buy,buy
2026-05-08 08:56:12,118034,晶能转债,jnzz,130.318,1.39,688223,晶科能源,jkny,7.15,5.77,2.85,6.35,112.6,0,15.74,146.06,630502,电力设备,shkc,C,2023-05-19,[],0,0,buy,AA+,,4.445,7.62,11.3,buy,2029-04-20,2.953,83.22,35689.5,220861.39,3.3,-5.28,,0,14:59:57,00,Y,N,1,1,Y,转股价下修1次，成功下修1次,2023-10-26 开始转股,计算使用3.0年期 评级为AA+ 债参考YTM：1.7734,N,100.0,全价：130.318 最后更新：14:59:57,,,,0,{'M': ''},0,0,N,120%,,buy,buy
2026-05-08 08:56:12,113646,永吉转债,yjzz,173.498,-1.48,603058,永吉股份,yjgf,12.06,1.77,4.18,8.05,149.81,0,15.81,189.31,360205,轻工制造,shmb,C,2022-05-17,[],0,0,buy,AA-,,5.635,10.465,2.8,buy,2028-04-14,1.937,1.372,8629.91,10320.8,36.01,-21.09,,0,14:59:59,00,Y,N,0,0,Y,,2022-10-20 开始转股,计算使用2.0年期 评级为AA- 债参考YTM：2.1536,N,1.459,全价：173.498 最后更新：14:59:59,,,,1,[],0,0,N,,,buy,buy
2026-05-08 08:56:12,113605,大参转债,dszz,124.263,-0.47,603233,大参林,dsl,18.55,0.32,2.68,17.35,106.92,0,16.22,140.48,370403,医药生物,shmb,C,2020-11-13,[],0,0,buy,AA,,12.145,22.555,6.6,buy,2026-10-22,0.458,14.046,6483.17,11980.82,3.71,-25.24,,0,14:59:53,00,Y,N,1,1,Y,转股价下修1次，成功下修1次,2021-04-28 开始转股,计算使用0.5年期 评级为AA 债参考YTM：1.5101,N,14.05,全价：124.263 最后更新：14:59:53,,,,1,{'M': ''},0,0,N,,,buy,buy
2026-05-08 08:56:12,113631,皖天转债,wtzz,143.552,0.57,603689,皖天然气,wtrq,8.4,0.6,1.16,6.81,123.35,0,16.38,159.93,410301,公用事业,shmb,C,2021-12-10,[],0,0,buy,AA+,,4.767,8.853,13.6,buy,2027-11-08,1.504,5.958,4580.6,2987.11,5.36,-15.45,,0,14:59:54,00,Y,N,0,0,Y,,2022-05-12 开始转股,计算使用1.6年期 评级为AA+ 债参考YTM：1.6287,N,9.3,全价：143.552 最后更新：14:59:54,,,,1,[],0,0,N,,,buy,buy
2026-05-08 08:56:12,113681,镇洋转债,zyzz,143.724,0.04,603213,镇洋发展,zyfz,13.83,1.02,3.09,11.2,123.48,0,16.39,160.11,220202,基础化工,shmb,C,2024-01-17,[],0,0,buy,AA-,,7.84,14.56,9.5,buy,2029-12-29,3.647,5.797,3176.59,2590.49,3.82,-5.06,,0,14:59:54,00,Y,N,0,0,Y,,2024-07-05 开始转股,计算使用3.7年期 评级为AA- 债参考YTM：2.5836,N,6.6,全价：143.724 最后更新：14:59:54,,,,0,[],0,0,N,,,buy,buy
2026-05-08 08:56:12,111000,起帆转债,qfzz,254.986,9.65,605222,起帆电缆,qfdl,37.88,7.31,3.23,17.35,218.33,0,16.79,271.78,630805,电力设备,shmb,C,2021-06-17,[],0,0,buy,AA-,,12.145,22.555,6.4,buy,2027-05-24,1.044,9.992,348300.19,94936.05,140.74,-53.0,,0,15:00:00,00,Y,N,1,1,Y,转股价下修1次，成功下修1次,2021-11-29 开始转股,计算使用1.1年期 评级为AA- 债参考YTM：1.8989,N,10.0,全价：254.986 最后更新：15:00:00,,,,1,{'G': '本次（2026年3月13日至2026年4月20日）不提前赎回，以2026年10月21日为首个交易日重新起算'},0,0,N,,,buy,buy
2026-05-08 08:56:12,123149,通裕转债,tyzz,142.33,0.09,300185,通裕重工,tyzg,3.3,-1.49,1.83,2.71,121.77,0,16.88,159.21,630602,电力设备,szcy,C,2022-07-15,[],0,0,buy,AA,,1.897,3.523,8.7,buy,2028-06-20,2.121,11.069,9424.17,51097.88,5.99,-9.63,,0,15:34:09,00,Y,N,0,0,Y,,2022-12-26 开始转股,计算使用2.2年期 评级为AA 债参考YTM：1.7646,N,14.847,全价：142.330 最后更新：15:34:09,,,,0,{'M': ''},0,0,N,,,buy,buy
2026-05-08 08:56:12,113056,重银转债,cyzz,128.308,0.12,601963,重庆银行,cqyh,10.42,-0.57,0.57,9.5,109.68,0,16.98,145.29,480401,银行,shmb,C,2022-04-14,[],0,0,buy,AAA,,,12.35,54.6,buy,2028-03-23,1.877,115.631,11424.86,12415.78,0.77,-6.85,,0,14:59:54,00,Y,N,0,0,Y,,2022-09-30 开始转股,计算使用1.9年期 评级为AAA 债参考YTM：1.6131,N,130.0,全价：128.308 最后更新：14:59:54,,,,0,[],0,0,N,,,buy,buy
2026-05-08 08:56:12,127055,精装转债,jzzz,200.397,-3.03,002989,中天精装,ztjz,31.68,-1.43,4.45,18.5,171.24,0,17.02,217.42,620201,建筑装饰,szmb,C,2022-03-24,[],0,0,buy,AA-,,12.95,24.05,3.6,buy,2028-02-22,1.795,2.081,22599.81,44510.34,53.14,-26.13,,0,15:33:54,00,Y,N,0,0,Y,,2022-08-29 开始转股,计算使用1.8年期 评级为AA- 债参考YTM：2.0980,N,5.77,全价：200.397 最后更新：15:33:54,,,,1,{'G': '本次（2026年2月24日至2026年3月16日）不提前赎回，自2027年3月16日后首个交易日重新计算'},0,0,N,,,buy,buy
2026-05-08 08:56:12,110087,天业转债,tyzz,135.914,0.03,600075,新疆天业,xjty,6.49,0.46,1.21,5.6,115.89,0,17.28,153.19,220202,基础化工,shmb,C,2022-07-19,[],0,0,buy,AA+,,3.92,7.28,27.0,buy,2028-06-23,2.129,29.975,22137.83,29094.19,5.41,-9.13,,0,14:59:57,00,Y,N,1,1,Y,转股价下修1次，成功下修1次,2022-12-29 开始转股,计算使用2.2年期 评级为AA+ 债参考YTM：1.6973,N,30.0,全价：135.914 最后更新：14:59:57,,,,0,{'M': ''},0,0,N,,,buy,buy
2026-05-08 08:56:12,118016,京源转债,jyzz,164.043,4.87,688096,京源环保,jyhb,9.66,13.92,2.7,6.91,139.8,0,17.34,181.38,760102,环保,shkc,C,2022-08-25,[],0,0,buy,A,,4.837,8.983,7.3,buy,2028-08-05,2.247,1.675,216160.53,40156.08,765.35,-13.44,,0,15:00:00,00,Y,N,0,0,Y,,2023-02-13 开始转股,计算使用2.3年期 评级为A 债参考YTM：6.9335,N,3.325,全价：164.043 最后更新：15:00:00,,,,0,"{'G': '本次（2025年12月29日至2026年2月10日）不提前赎回，以2026年5月11日为首个交易日重新计算', 'M': ''}",0,0,N,,,buy,buy
2026-05-08 08:56:12,113588,润达转债,rdzz,126.761,1.49,603108,润达医疗,rdyl,13.94,1.46,2.26,12.97,107.48,0,17.94,144.7,370402,医药生物,shmb,C,2020-07-13,[],0,0,buy,AA,,9.079,16.861,2.8,buy,2026-06-17,0.11,2.337,26668.19,37114.84,89.02,-131.19,,0,14:59:58,00,Y,N,0,0,Y,,2020-12-23 开始转股,计算使用0.2年期 评级为AA 债参考YTM：1.4800,N,5.5,全价：126.761 最后更新：14:59:58,,,,1,{'M': ''},0,0,N,,,buy,buy
2026-05-08 08:56:12,118031,天23转债,t23zz,131.236,-0.27,688599,天合光能,thgn,17.8,-0.45,2.01,16.0,111.25,0,17.96,149.2,630502,电力设备,shkc,C,2023-03-15,[],0,0,buy,AA,,11.2,20.8,14.0,buy,2029-02-13,2.773,58.512,15423.52,79073.98,2.01,-3.73,,0,14:59:40,00,Y,N,2,2,Y,转股价下修2次，成功下修2次,2023-08-17 开始转股,计算使用2.8年期 评级为AA 债参考YTM：1.8387,N,88.648,全价：131.236 最后更新：14:59:40,,,,0,{'M': ''},0,0,N,,,buy,buy
2026-05-08 08:56:12,118044,赛特转债,stzz,214.803,0.05,688398,赛特新材,stxc,34.35,-0.03,5.03,18.9,181.75,0,18.19,232.99,220309,基础化工,shkc,C,2023-10-12,[],0,0,buy,A+,,13.23,24.57,7.7,buy,2029-09-11,3.348,4.42,18004.58,9786.49,18.86,-16.79,,0,14:59:57,00,Y,N,1,1,Y,转股价下修1次，成功下修1次,2024-03-15 开始转股,计算使用3.4年期 评级为A+ 债参考YTM：4.8953,N,4.42,全价：214.803 最后更新：14:59:57,,,,0,"{'G': '本次（2026年3月10日至2026年4月20日）不提前赎回，以2026年10月21日起算', 'M': ''}",0,0,N,,,buy,buy
2026-05-08 08:56:12,127079,华亚转债,hyzz,221.0,-0.66,003043,华亚智能,hyzn,57.44,0.79,4.15,30.73,186.92,0,18.23,239.23,270108,电子,szmb,C,2023-01-16,[],0,0,buy,A+,,21.511,39.949,6.4,buy,2028-12-16,2.611,3.106,7540.32,18991.28,10.93,-21.38,,0,15:33:54,00,Y,N,2,2,Y,转股价下修2次，成功下修2次,2023-06-26 开始转股,计算使用2.7年期 评级为A+ 债参考YTM：4.7092,N,3.4,全价：221.000 最后更新：15:33:54,,,,0,{'G': '本次（2026年1月28日至2026年2月25日）不提前赎回，以2026年5月26日作为首个交易日重新计算'},0,0,N,,,buy,buy
2026-05-08 08:56:12,123076,强力转债,qlzz,139.826,0.31,300429,强力新材,qlxc,14.96,1.77,4.49,12.7,117.8,0,18.7,158.53,270601,电子,szcy,C,2020-12-04,[],0,0,buy,AA-,,8.89,16.51,9.2,buy,2026-11-19,0.534,5.537,10643.12,43995.04,13.8,-36.1,,0,15:34:48,00,Y,N,1,1,Y,转股价下修1次，成功下修1次,2021-05-25 开始转股,计算使用0.6年期 评级为AA- 债参考YTM：1.7702,N,8.5,全价：139.826 最后更新：15:34:48,,,,1,{'M': ''},0,0,N,,,buy,buy
2026-05-08 08:56:12,123215,铭利转债,mlzz,148.1,-0.03,301268,铭利达,mld,23.92,1.31,6.06,19.2,124.58,0,18.88,166.98,640108,机械设备,szcy,C,2023-08-23,[],0,0,buy,AA-,,13.44,24.96,10.4,buy,2029-08-03,3.241,8.555,9206.16,11911.7,7.27,-5.8,,0,15:34:06,00,Y,N,1,1,Y,转股价下修1次，成功下修1次,2024-02-19 开始转股,计算使用3.3年期 评级为AA- 债参考YTM：2.5242,N,10.0,全价：148.100 最后更新：15:34:06,,,,0,{'M': ''},0,0,N,,,buy,buy
2026-05-08 08:56:12,123183,海顺转债,hszz,146.439,0.11,300501,海顺新材,hsxc,14.27,4.16,2.56,11.63,122.7,0,19.35,165.79,360206,轻工制造,szcy,C,2023-04-20,[],0,0,buy,AA-,,8.141,15.119,31.1,buy,2029-03-23,2.877,6.329,10003.15,15705.28,10.78,-7.2,,0,15:34:06,00,Y,N,2,0,Y,转股价下修2次，成功下修0次,2023-10-09 开始转股,计算使用2.9年期 评级为AA- 债参考YTM：2.4233,N,6.33,全价：146.439 最后更新：15:34:06,,,,0,[],0,0,N,,,buy,buy
2026-05-08 08:56:12,113632,鹤21转债,h21zz,138.797,0.29,603733,仙鹤股份,xhgf,22.07,-0.59,1.74,18.99,116.22,0,19.43,158.23,360103,轻工制造,shmb,C,2021-12-09,[],0,0,buy,AA,,13.293,24.687,12.9,buy,2027-11-17,1.529,20.167,7069.53,6735.42,2.53,-12.31,,0,14:59:52,00,Y,N,2,2,Y,转股价下修2次，成功下修2次,2022-05-23 开始转股,计算使用1.6年期 评级为AA 债参考YTM：1.6688,N,20.5,全价：138.797 最后更新：14:59:52,,,,1,{'M': ''},0,0,N,,,buy,buy
2026-05-08 08:56:12,123131,奥飞转债,afzz,322.9,-2.22,300738,奥飞数据,afsj,27.06,-1.2,6.85,10.06,268.99,0,20.04,342.94,730104,通信,szcy,C,2021-12-22,[],0,0,buy,A+,,7.042,13.078,1.2,buy,2027-12-03,1.573,3.161,44871.81,190984.91,43.74,-47.82,,0,15:33:54,00,Y,N,0,0,Y,,2022-06-09 开始转股,计算使用1.6年期 评级为A+ 债参考YTM：4.3808,N,6.35,全价：322.900 最后更新：15:33:54,,,,1,"{'G': '本次（2025年10月31日至2025年11月20日）不提前赎回，以2026年5月20日后的首个交易日重新计算', 'M': ''}",0,0,N,,,buy,buy
2026-05-08 08:56:12,118011,银微转债,ywzz,152.121,-0.59,688689,银河微电,yhwd,39.64,-1.1,3.64,31.3,126.65,0,20.12,172.24,270102,电子,shkc,C,2022-08-02,[],0,0,buy,A+,,21.91,40.69,9.8,buy,2028-07-04,2.159,4.997,6667.29,11784.2,8.8,-10.91,,0,14:59:58,00,Y,N,0,0,Y,,2023-01-09 开始转股,计算使用2.2年期 评级为A+ 债参考YTM：4.5529,N,5.0,全价：152.121 最后更新：14:59:58,,,,0,{'M': ''},0,0,N,,,buy,buy
2026-05-08 08:56:12,127034,绿茵转债,lyzz,141.846,1.07,002887,绿茵生态,lyst,13.58,3.11,1.69,11.51,117.98,0,20.22,162.07,760104,环保,szmb,C,2021-05-28,[],0,0,buy,AA-,,8.057,14.963,14.5,buy,2027-04-30,0.978,4.279,8573.1,9080.24,14.18,-20.85,,0,15:34:48,00,Y,N,0,0,Y,,2021-11-11 开始转股,计算使用1.0年期 评级为AA- 债参考YTM：1.8642,N,7.12,全价：141.846 最后更新：15:34:48,,,,1,[],0,0,N,,,buy,buy
2026-05-08 08:56:12,113039,嘉泽转债,jzzz,251.009,0.39,601619,嘉泽新能,jzxn,6.07,0.5,2.21,2.91,208.59,0,20.34,271.35,410107,公用事业,shmb,C,2020-09-17,[],0,0,buy,AA,,2.037,3.783,1.9,buy,2026-08-24,0.296,2.865,47848.05,53474.34,66.5,-192.54,,0,15:00:00,00,Y,N,0,0,Y,,2021-03-01 开始转股,计算使用0.3年期 评级为AA 债参考YTM：1.4829,N,13.0,全价：251.009 最后更新：15:00:00,,,,1,"{'G': '本次（2026年3月26日至2026年4月16日）不提前赎回，至到期日（2026年8月23日）均不行使赎回权利', 'M': ''}",0,0,N,,,buy,buy
2026-05-08 08:56:12,127095,广泰转债,gtzz,154.62,1.66,002111,威海广泰,whgt,11.64,2.92,1.95,9.07,128.34,0,20.48,175.1,650201,国防军工,szmb,C,2023-11-10,[],0,0,buy,AA-,,6.349,11.791,12.2,buy,2029-10-18,3.449,6.927,13107.78,24503.41,12.31,-7.37,,0,15:34:51,00,Y,N,0,0,Y,,2024-04-24 开始转股,计算使用3.5年期 评级为AA- 债参考YTM：2.5564,N,7.0,全价：154.620 最后更新：15:34:51,,,,0,[],0,0,N,,,buy,buy
2026-05-08 08:56:12,123213,天源转债,tyzz,246.3,-0.92,301127,武汉天源,whty,14.58,2.03,2.85,7.14,204.2,0,20.62,266.92,760102,环保,szcy,C,2023-08-16,[],0,0,buy,AA-,,4.998,9.282,3.4,buy,2029-07-28,3.225,3.26,13946.09,17165.47,17.33,-21.05,,0,15:34:18,00,Y,N,0,0,Y,,2024-02-05 开始转股,计算使用3.3年期 评级为AA- 债参考YTM：2.5242,N,10.0,全价：246.300 最后更新：15:34:18,,,,0,"{'G': '本次（2026年3月13日至2026年4月2日）不提前赎回，自2026年10月2日后首个交易日重新计算', 'M': ''}",0,0,N,,,buy,buy
2026-05-08 08:56:12,128108,蓝帆转债,lfzz,107.7,0.0,002382,蓝帆医疗,lfyl,7.08,2.31,1.01,7.95,89.06,0,20.93,128.63,370503,医药生物,szmb,C,2020-06-19,[],0,0,buy,AA-,,5.565,10.335,21.5,buy,2026-05-28,0.055,15.199,5172.42,19720.44,3.16,5.35,,0,15:34:15,00,Y,N,8,8,Y,转股价下修8次，成功下修8次,2020-12-03 开始转股,计算使用0.1年期 评级为AA- 债参考YTM：1.6888,N,31.44,全价：107.700 最后更新：15:34:15,,,,1,"{'R': '到期\n最后交易日：2026-05-22\n最后转股日：2026-05-27\n债券到期日：2026-05-28\n到期赎回价：108.000元/张', 'M': ''}",0,0,N,,,buy,buy
2026-05-08 08:56:12,123092,天壕转债,thzz,137.648,0.25,300332,天壕能源,thny,5.66,1.98,1.25,4.98,113.66,0,21.11,158.76,410301,公用事业,szcy,C,2021-01-15,[],0,0,buy,A+,,3.486,6.474,7.3,buy,2026-12-24,0.63,3.417,5300.93,18916.44,11.25,-26.23,,0,15:33:54,00,Y,N,0,0,Y,,2021-06-30 开始转股,计算使用0.7年期 评级为A+ 债参考YTM：4.1179,N,4.23,全价：137.648 最后更新：15:33:54,,,,1,{'M': ''},0,0,N,,,buy,buy
2026-05-08 08:56:12,128136,立讯转债,lxzz,154.343,3.31,002475,立讯精密,lxjm,71.29,2.55,5.85,55.97,127.37,0,21.18,175.52,270504,电子,szmb,C,2020-12-02,[],0,0,buy,AA+,,39.179,72.761,0.6,buy,2026-11-03,0.49,29.983,71267.79,1516694.23,15.59,-61.57,,0,15:34:03,00,Y,N,0,0,Y,,2021-05-10 开始转股,计算使用0.5年期 评级为AA+ 债参考YTM：1.4901,N,30.0,全价：154.343 最后更新：15:34:03,,,,1,{'M': ''},0,0,N,,,buy,buy
2026-05-08 08:56:12,127067,恒逸转2,hyz2,183.305,-2.01,000703,恒逸石化,hysh,15.62,-4.81,2.2,10.37,150.63,0,21.69,205.0,750301,石油石化,szmb,C,2022-08-18,[],0,0,buy,AA+,,7.259,13.481,5.1,buy,2028-07-21,2.206,29.994,74421.67,185080.85,13.72,-20.24,,0,15:34:03,00,Y,N,0,0,Y,,2023-01-30 开始转股,计算使用2.3年期 评级为AA+ 债参考YTM：1.7079,N,30.0,全价：183.305 最后更新：15:34:03,,,,0,"{'G': '本次（至2026年4月27日）不提前赎回，从2026年7月28日开始计算', 'M': ''}",0,0,N,,,buy,buy
2026-05-08 08:56:12,127110,广核转债,ghzz,155.27,-1.1,003816,中国广核,zggh,4.68,0.86,1.88,3.67,127.52,0,21.76,177.03,410108,公用事业,szmb,C,2025-07-25,[],0,0,buy,AAA,,2.569,4.771,2.7,buy,2031-07-09,5.173,48.994,10788.58,60679.72,1.41,-6.51,,0,15:33:54,00,Y,N,0,0,Y,,2026-01-15 开始转股,计算使用5.2年期 评级为AAA 债参考YTM：1.8434,N,49.0,全价：155.270 最后更新：15:33:54,,,,0,"{'M': '', 'EX': '中国广核集团有限公司竞价、大宗减持10.59% 2026年05月05日公告'}",0,0,N,,,buy,buy
2026-05-08 08:56:12,110081,闻泰转债,wtzz,89.967,2.72,600745,*ST闻泰,wtkj,24.1,-5.01,1.23,32.66,73.79,0,21.92,111.89,270102,电子,shmb,C,2021-08-20,[],0,0,buy,A,,22.862,42.458,28.7,buy,2027-07-28,1.222,85.962,66549.53,3971.68,8.74,18.04,,0,15:00:00,00,Y,N,2,2,Y,转股价下修2次，成功下修2次,2022-02-07 开始转股,计算使用1.3年期 评级为A 债参考YTM：6.6456,N,86.0,全价：89.967 最后更新：15:00:00,,,,1,[],0,0,N,,,buy,buy
2026-05-08 08:56:12,123247,万凯转债,wkzz,329.608,1.95,301216,万凯新材,wkxc,30.37,-0.26,2.69,11.3,268.76,0,22.64,352.25,220501,基础化工,szcy,C,2024-09-05,[],0,0,buy,AA,,7.91,14.69,11.8,buy,2030-08-16,4.277,19.643,33178.05,44558.91,5.23,-22.16,,0,15:34:06,00,Y,N,0,0,Y,,2025-02-24 开始转股,计算使用4.3年期 评级为AA 债参考YTM：2.0367,N,27.0,全价：329.608 最后更新：15:34:06,,,,0,"{'G': '本次（2026年2月24日至2026年3月16日）不提前赎回，自2026年6月16日后首个交易日重新计算', 'M': ''}",0,0,N,,,buy,buy
2026-05-08 08:56:12,127090,兴瑞转债,xrzz,169.477,-0.1,002937,兴瑞科技,xrkj,35.18,-0.48,6.68,25.5,137.96,0,22.84,192.32,280206,汽车,szmb,C,2023-08-15,[],0,0,buy,AA-,,17.85,33.15,4.4,buy,2029-07-24,3.214,4.616,8284.61,45024.84,10.53,-10.77,,0,15:34:45,00,Y,N,0,0,Y,,2024-01-29 开始转股,计算使用3.3年期 评级为AA- 债参考YTM：2.5242,N,4.62,全价：169.477 最后更新：15:34:45,,,,0,{'M': ''},0,0,N,,,buy,buy
2026-05-08 08:56:12,113043,财通转债,ctzz,129.003,-0.77,601108,财通证券,ctzq,8.4,-1.41,1.01,8.03,104.61,0,23.32,152.32,490101,非银金融,shmb,C,2020-12-28,[],0,0,buy,AAA,,,10.439,9.7,buy,2026-12-10,0.592,37.992,9284.23,44803.26,1.89,-30.27,,0,14:59:53,00,Y,Y,1,1,Y,转股价下修1次，成功下修1次,2021-06-16 开始转股,计算使用0.6年期 评级为AAA 债参考YTM：1.4631,N,38.0,全价：129.003 最后更新：14:59:53,,,,0,{'M': ''},0,0,N,,,buy,buy
2026-05-08 08:56:12,113615,金诚转债,jczz,700.494,-0.05,603979,金诚信,jcx,66.67,-1.24,3.57,11.78,565.96,0,23.77,724.26,240302,有色金属,shmb,C,2021-01-14,[],0,0,buy,AA,,8.246,15.314,1.2,buy,2026-12-23,0.627,4.958,38304.45,79064.74,11.14,-134.48,,0,14:59:58,00,Y,N,0,0,Y,,2021-06-29 开始转股,计算使用0.7年期 评级为AA 债参考YTM：1.5139,N,10.0,全价：700.494 最后更新：14:59:58,,,,1,"{'G': '本次（2025年10月10日至2025年10月30日）不提前赎回，至2026年12月22日到期均不提前赎回', 'M': ''}",0,0,N,,,buy,buy
2026-05-08 08:56:12,111018,华康转债,hkzz,142.465,1.02,605077,华康股份,hkgf,18.65,2.3,1.73,16.26,114.7,0,24.21,166.68,220315,基础化工,shmb,C,2024-01-15,[],0,0,buy,AA-,,11.382,21.138,23.3,buy,2029-12-25,3.636,13.022,7715.88,39782.39,4.19,-4.84,,0,14:59:52,00,Y,N,0,0,Y,,2024-07-01 开始转股,计算使用3.7年期 评级为AA- 债参考YTM：2.5836,N,13.03,全价：142.465 最后更新：14:59:52,,,,0,[],0,0,N,,,buy,buy
2026-05-08 08:56:12,113691,和邦转债,hbzz,179.766,0.04,603077,和邦生物,hbsw,2.89,-0.34,1.41,2.0,144.5,0,24.41,204.18,220802,基础化工,shmb,C,2024-11-19,[],0,0,buy,AA,,1.4,2.6,18.0,buy,2030-10-28,4.477,45.991,18214.69,48848.35,2.21,-9.69,,0,14:59:57,00,Y,N,0,0,Y,,2025-05-06 开始转股,计算使用4.5年期 评级为AA 债参考YTM：2.0609,N,46.0,全价：179.766 最后更新：14:59:57,,,,0,"{'G': '本次（2026年1月22日至2026年3月10日）不提前赎回，以2027年3月10日之后的首个交易日重新起算', 'M': ''}",0,0,N,,,buy,buy
2026-05-08 08:56:12,110075,南航转债,nhzz,115.178,0.9,600029,南方航空,nfhk,5.71,1.6,2.79,6.17,92.55,0,24.46,139.64,421001,交通运输,shmb,C,2020-11-03,[],0,0,buy,AAA,,4.319,8.021,7.7,buy,2026-10-15,0.438,58.959,17658.15,122386.87,2.61,-17.3,,0,14:59:58,00,Y,N,0,0,Y,,2021-04-21 开始转股,计算使用0.5年期 评级为AAA 债参考YTM：1.4601,N,160.0,全价：115.178 最后更新：14:59:58,,,,1,{'M': ''},0,0,N,,,buy,buy
2026-05-08 08:56:12,123222,博俊转债,bjzz,176.856,0.03,300926,博俊科技,bjkj,23.67,1.59,2.8,16.68,141.91,0,24.63,201.49,280205,汽车,szcy,C,2023-09-28,[],0,0,buy,A+,,11.676,21.684,3.5,buy,2029-09-08,3.34,2.439,7289.63,11939.02,16.84,-11.31,,0,15:34:48,00,Y,N,0,0,Y,,2024-03-14 开始转股,计算使用3.4年期 评级为A+ 债参考YTM：4.8953,N,5.0,全价：176.856 最后更新：15:34:48,,,,0,"{'G': '本次（2025年11月24日至2025年12月12日）不提前赎回，自2026年6月12日后首个交易日重新计算', 'M': ''}",0,0,N,,,buy,buy
2026-05-08 08:56:12,128127,文科转债,wkzz,113.399,0.3,002775,文科股份,wkgf,4.01,2.3,45.57,4.42,90.72,0,24.99,138.39,620307,建筑装饰,szmb,C,2020-09-11,[],0,0,buy,A-,,3.094,5.746,35.0,buy,2026-08-20,0.285,8.036,5143.17,5971.4,5.67,5.0,,0,15:34:12,00,Y,N,2,1,Y,转股价下修2次，成功下修1次,2021-03-01 开始转股,计算使用0.3年期 评级为A- 债参考YTM：8.7438,Y,9.5,全价：113.399 最后更新：15:34:12,,,"按下调到底估算
股东大会：2026-05-18
预估转股价：3.99
预估转股价值：100.50
期权价值：10.52
理论价值：122.81
理论偏离度：-8.30%",1,[],0,0,N,,,buy,buy
2026-05-08 08:56:12,113677,华懋转债,hmzz,398.413,-5.21,603306,华懋科技,hmkj,107.52,-1.08,10.19,33.74,318.67,0,25.02,423.43,280202,汽车,shmb,C,2023-10-12,[],0,0,buy,AA-,,23.618,43.862,3.0,buy,2029-09-14,3.356,10.489,66992.28,200707.65,15.87,-31.09,,0,14:59:59,00,Y,N,0,0,Y,,2024-03-20 开始转股,计算使用3.4年期 评级为AA- 债参考YTM：2.5413,N,10.5,全价：398.413 最后更新：14:59:59,,,,0,"{'G': '本次（2026年3月6日至2026年3月26日）不提前赎回，自2026年6月26日之后的首个交易日重新起算', 'M': ''}",0,0,N,,,buy,buy
2026-05-08 08:56:12,113667,春23转债,c23zz,249.504,2.63,603890,春秋电子,cqdz,20.24,1.76,2.68,10.15,199.41,0,25.12,274.62,270504,电子,shmb,C,2023-04-11,[],0,0,buy,AA-,,7.105,13.195,6.3,buy,2029-03-17,2.86,5.699,85426.52,98945.02,60.18,-23.18,,0,15:00:00,00,Y,N,0,0,Y,,2023-09-25 开始转股,计算使用2.9年期 评级为AA- 债参考YTM：2.4233,N,5.7,全价：249.504 最后更新：15:00:00,,,,0,"{'G': '本次（2026年3月27日至2026年4月17日）不提前赎回，自2026年7月17日之后的首个交易日重新起算', 'M': ''}",0,0,N,,,buy,buy
2026-05-08 08:56:12,127109,电化转债,dhzz,189.4,4.07,002125,湘潭电化,xtdh,15.27,-2.12,2.8,10.1,151.19,0,25.27,214.67,630702,电力设备,szmb,C,2025-07-04,[],0,0,buy,AA,,7.07,13.13,5.1,buy,2031-06-16,5.11,4.867,74992.85,52399.08,80.68,-9.48,,0,15:33:54,00,Y,N,0,0,Y,,2025-12-22 开始转股,计算使用5.2年期 评级为AA 债参考YTM：2.1488,N,4.87,全价：189.400 最后更新：15:33:54,,,,0,"{'G': '本次（2026年4月14日至2026年5月7日）不提前赎回，自2026年8月7日后首个交易日重新计算', 'M': ''}",0,0,N,,,buy,buy
2026-05-08 08:56:12,111002,特纸转债,tzzz,148.091,1.22,605007,五洲特纸,wztz,16.13,1.45,2.05,13.65,118.17,0,25.32,173.41,360103,轻工制造,shmb,C,2021-12-30,[],0,0,buy,AA,,9.555,17.745,10.2,buy,2027-12-08,1.586,6.619,6066.09,7932.25,6.2,-15.45,,0,14:59:58,00,Y,N,1,1,Y,转股价下修1次，成功下修1次,2022-06-14 开始转股,计算使用1.6年期 评级为AA 债参考YTM：1.6688,N,6.7,全价：148.091 最后更新：14:59:58,,,,1,[],0,0,N,,,buy,buy
2026-05-08 08:56:12,113640,苏利转债,slzz,138.023,-0.14,603585,苏利股份,slgf,18.89,-1.56,1.35,17.2,109.83,0,25.67,163.69,220803,基础化工,shmb,C,2022-03-10,[],0,0,buy,AA-,,12.04,22.36,20.3,buy,2028-02-16,1.778,7.39,6341.59,12270.96,6.23,-8.97,,0,14:59:50,00,Y,N,1,1,Y,转股价下修1次，成功下修1次,2022-08-22 开始转股,计算使用1.8年期 评级为AA- 债参考YTM：2.0980,N,9.572,全价：138.023 最后更新：14:59:50,,,,1,[],0,0,N,,,buy,buy
2026-05-08 08:56:12,123209,聚隆转债,jlzz,210.2,3.04,300644,南京聚隆,njjl,29.63,1.75,2.93,17.77,166.74,0,26.06,236.26,220503,基础化工,szcy,C,2023-08-17,[],0,0,buy,A+,,12.439,23.101,6.4,buy,2029-07-26,3.219,1.673,14355.0,9902.48,41.28,-16.72,,0,15:34:12,00,Y,N,0,0,Y,,2024-02-01 开始转股,计算使用3.3年期 评级为A+ 债参考YTM：4.8772,N,2.185,全价：210.200 最后更新：15:34:12,,,,0,{'G': '本次（2026年1月26日至2026年2月13日）不提前赎回，自2026年8月13日后首个交易日重新计算'},0,0,N,,,buy,buy
2026-05-08 08:56:12,127088,赫达转债,hdzz,214.106,-0.14,002810,山东赫达,sdhd,28.43,-2.24,4.31,16.76,169.63,0,26.22,240.33,220309,基础化工,szmb,C,2023-07-19,[],0,0,buy,AA-,,11.732,21.788,6.5,buy,2029-07-03,3.156,5.996,14963.13,28206.89,11.64,-17.16,,0,15:34:06,00,Y,N,0,0,Y,,2024-01-08 开始转股,计算使用3.2年期 评级为AA- 债参考YTM：2.5044,N,6.0,全价：214.106 最后更新：15:34:06,,,,0,"{'G': '本次（2026年3月30日至2026年4月20日）不提前赎回，自2026年10月21日起重新计算', 'M': ''}",0,0,N,,,buy,buy
2026-05-08 08:56:12,118060,瑞可转债,rkzz,207.417,-1.79,688800,瑞可达,rkd,121.0,-3.13,9.87,73.85,163.85,12,26.59,234.01,270401,电子,shkc,C,2025-12-12,[],0,0,buy,AA-,,51.695,96.005,4.0,buy,2031-11-13,5.521,10.0,22302.12,133430.47,10.77,-10.14,,0,15:00:00,00,Y,N,0,0,Y,,未到转股期；2026-05-20 开始转股,计算使用5.6年期 评级为AA- 债参考YTM：3.2389,N,10.0,全价：207.417 最后更新：15:00:00,,,,0,{'M': ''},0,0,N,,,buy,buy
2026-05-08 08:56:12,118030,睿创转债,rczz,477.302,-2.01,688002,睿创微纳,rcwn,147.26,0.2,9.39,39.12,376.43,0,26.8,504.1,650501,国防军工,shkc,C,2023-02-10,[],0,0,buy,AA,,27.384,50.856,1.8,buy,2028-12-30,2.649,12.622,33075.22,112966.46,5.44,-42.27,,0,14:59:58,00,Y,N,0,0,Y,,2023-07-06 开始转股,计算使用2.7年期 评级为AA 债参考YTM：1.8269,N,15.647,全价：477.302 最后更新：14:59:58,,,,0,"{'G': '本次（2026年3月18日至2026年4月8日）不提前赎回，以2027年4月9日为首个交易日重新计算', 'M': ''}",0,0,N,,,buy,buy
2026-05-08 08:56:12,123235,亿田转债,ytzz,214.66,-1.12,300911,亿田智能,ytzn,36.0,1.55,5.79,21.31,168.94,0,27.07,241.73,330401,家用电器,szcy,C,2024-01-12,[],0,0,buy,AA-,,14.917,27.703,7.1,buy,2029-12-21,3.625,4.353,46223.73,40877.51,48.69,-15.15,,0,15:33:54,00,Y,N,0,0,Y,,2024-06-27 开始转股,计算使用3.7年期 评级为AA- 债参考YTM：2.5836,N,5.202,全价：214.660 最后更新：15:33:54,,,,0,"{'G': '本次（2026年1月28日至2026年2月25日）不提前赎回，自2026年5月25日后首个交易日重新起算', 'M': ''}",0,0,N,,,buy,buy
2026-05-08 08:56:12,110097,天润转债,trzz,150.032,0.49,600419,天润乳业,trry,9.67,1.15,1.23,8.21,117.78,0,27.38,177.41,340702,食品饮料,shmb,C,2024-11-15,[],0,0,buy,AA,,5.747,10.673,32.4,buy,2030-10-24,4.466,9.89,4277.01,4837.43,2.88,-5.92,,0,14:59:58,00,Y,N,0,0,Y,,2025-04-30 开始转股,计算使用4.5年期 评级为AA 债参考YTM：2.0609,N,9.9,全价：150.032 最后更新：14:59:58,,,,0,[],0,0,N,,,buy,buy
2026-05-08 08:56:12,113697,应流转债,ylzz,329.575,-2.58,603308,应流股份,ylgf,78.76,-2.05,10.32,30.47,258.48,0,27.5,357.08,640108,机械设备,shmb,C,2025-10-22,[],0,0,buy,AA+,,21.329,39.611,2.8,buy,2031-09-19,5.37,14.997,33253.15,162022.45,6.64,-18.3,,0,14:59:57,00,Y,N,0,0,Y,,2026-03-25 开始转股,计算使用5.4年期 评级为AA+ 债参考YTM：1.9365,N,15.0,全价：329.575 最后更新：14:59:57,,,,0,"{'G': '本次（2026年3月25日至2026年4月15日）不提前赎回，2026年7月15日之后的首个交易日重新起算', 'M': ''}",0,0,N,,,buy,buy
2026-05-08 08:56:12,123216,科顺转债,kszz,141.416,-0.23,300737,科顺股份,ksgf,7.38,0.82,2.03,6.67,110.65,0,27.81,169.23,610304,建筑材料,szcy,C,2023-08-23,[],0,0,buy,AA,,4.669,8.671,33.6,buy,2029-08-04,3.244,21.978,5435.05,15649.75,1.75,-5.21,,0,15:34:09,00,Y,N,2,1,Y,转股价下修2次，成功下修1次,2024-02-19 开始转股,计算使用3.3年期 评级为AA 债参考YTM：1.9031,N,21.98,全价：141.416 最后更新：15:34:09,,,,0,{'M': ''},0,0,N,,,buy,buy
2026-05-08 08:56:12,118050,航宇转债,hyzz,366.636,2.9,688239,航宇科技,hykj,71.58,1.97,6.64,24.96,286.78,0,27.85,394.49,650201,国防军工,shkc,C,2024-09-10,[],0,0,buy,AA-,,17.472,32.448,4.9,buy,2030-08-21,4.29,6.667,62237.27,79704.88,25.75,-23.25,,0,15:00:00,00,Y,N,0,0,Y,,2025-02-27 开始转股,计算使用4.3年期 评级为AA- 债参考YTM：2.6802,N,6.67,全价：366.636 最后更新：15:00:00,,,,0,"{'G': '本次（2026年1月30日至2026年2月27日）不提前赎回，自2026年5月28日为首个交易日重新计算', 'M': ''}",0,0,N,,,buy,buy
2026-05-08 08:56:12,111004,明新转债,mxzz,144.954,1.85,605068,明新旭腾,mxxt,27.64,5.5,2.66,24.41,113.23,0,28.01,172.96,280202,汽车,shmb,C,2022-04-25,[],0,0,buy,AA-,,17.087,31.733,15.0,buy,2028-03-30,1.896,6.715,13278.83,16755.17,13.7,-10.61,,0,14:59:59,00,Y,N,0,0,Y,,2022-10-10 开始转股,计算使用1.9年期 评级为AA- 债参考YTM：2.1253,N,6.73,全价：144.954 最后更新：14:59:59,,,,1,[],0,0,N,,,buy,buy
2026-05-08 08:56:12,123064,万孚转债,wfzz,116.114,1.04,300482,万孚生物,wfsw,19.13,3.13,1.62,21.1,90.66,0,28.07,144.18,370504,医药生物,szcy,C,2020-09-23,[],0,0,buy,AA,,14.77,27.43,7.3,buy,2026-09-01,0.318,5.977,6197.02,15880.75,8.94,-16.57,,0,15:34:45,00,Y,N,3,3,Y,转股价下修3次，成功下修3次,2021-03-08 开始转股,计算使用0.4年期 评级为AA 债参考YTM：1.4978,N,6.0,全价：116.114 最后更新：15:34:45,,,,1,{'M': ''},0,0,N,,,buy,buy
2026-05-08 08:56:12,113649,丰山转债,fszz,146.727,0.43,603810,丰山集团,fsjt,15.72,0.58,1.59,13.73,114.49,0,28.15,174.88,220803,基础化工,shmb,C,2022-07-21,[],0,0,buy,AA-,,9.611,17.849,17.6,buy,2028-06-27,2.14,4.577,4616.72,3518.44,6.89,-9.68,,0,14:59:54,00,Y,N,0,0,Y,,2023-01-03 开始转股,计算使用2.2年期 评级为AA- 债参考YTM：2.2122,N,5.0,全价：146.727 最后更新：14:59:54,,,,0,[],0,0,N,,,buy,buy
2026-05-08 08:56:12,113624,正川转债,zczz,137.641,-0.39,603976,正川股份,zcgf,21.54,1.7,2.69,20.07,107.32,0,28.25,165.89,370503,医药生物,shmb,C,2021-06-01,[],0,0,buy,A+,,14.049,26.091,12.4,buy,2027-04-28,0.973,4.048,7416.89,5800.36,13.31,-16.96,,0,14:59:53,00,Y,N,1,1,Y,转股价下修1次，成功下修1次,2021-11-08 开始转股,计算使用1.0年期 评级为A+ 债参考YTM：4.2042,N,4.05,全价：137.641 最后更新：14:59:53,,,,1,[],0,0,N,,,buy,buy
2026-05-08 08:56:12,127070,大中转债,dzzz,562.596,-5.25,001203,大中矿业,dzky,47.2,-5.77,9.67,10.76,438.66,0,28.25,590.85,230301,钢铁,szmb,C,2022-10-11,[],0,0,buy,AA,,7.532,13.988,1.5,buy,2028-08-17,2.28,9.343,137093.48,193406.96,25.35,-50.54,,0,15:34:33,00,Y,N,0,0,Y,,2023-02-23 开始转股,计算使用2.3年期 评级为AA 债参考YTM：1.7783,N,15.2,全价：562.596 最后更新：15:34:33,,,,0,"{'G': '本次（2026年2月24日至2026年3月16日）不提前赎回，以2026年9月16日后的首个交易日重新计算', 'M': ''}",0,0,N,,,buy,buy
2026-05-08 08:56:12,127061,美锦转债,mjzz,105.2,6.12,000723,美锦能源,mjny,4.31,-0.46,1.49,5.26,81.94,0,28.39,133.59,740201,煤炭,szmb,C,2022-05-30,[],0,0,buy,A+,,3.682,6.838,14.7,buy,2028-04-20,1.953,27.89,47311.89,25946.48,16.6,7.29,,0,15:34:48,00,Y,N,1,1,Y,转股价下修1次，成功下修1次,2022-10-26 开始转股,计算使用2.0年期 评级为A+ 债参考YTM：4.4936,N,35.9,全价：105.200 最后更新：15:34:48,,,,1,{'M': ''},0,0,N,,,buy,buy
2026-05-08 08:56:12,118051,皓元转债,hyzz,228.54,-0.69,688131,皓元医药,hyyy,71.9,-2.44,4.75,40.47,177.66,0,28.64,257.18,370603,医药生物,shkc,C,2024-12-19,[],0,0,buy,AA-,,28.329,52.611,5.4,buy,2030-11-28,4.562,8.218,6939.73,28983.0,3.7,-13.82,,0,14:59:48,00,Y,N,0,0,Y,,2025-06-04 开始转股,计算使用4.6年期 评级为AA- 债参考YTM：2.7318,N,8.223,全价：228.540 最后更新：14:59:48,,,,0,"{'G': '本次（2025年10月30日至2025年11月19日）不提前赎回，以2026年5月20日为首个交易日重新计算', 'M': ''}",0,0,N,,,buy,buy
2026-05-08 08:56:12,113695,华辰转债,hczz,153.757,-0.16,603097,江苏华辰,jshc,28.05,0.68,4.07,23.48,119.46,0,28.71,182.47,630801,电力设备,shmb,C,2025-07-10,[],0,0,buy,A+,,16.436,30.524,10.2,buy,2031-06-20,5.121,4.597,13221.46,9642.28,18.91,-4.97,,0,14:59:59,00,Y,N,0,0,Y,,2025-12-26 开始转股,计算使用5.2年期 评级为A+ 债参考YTM：5.2354,N,4.6,全价：153.757 最后更新：14:59:59,,,,0,[],0,0,N,,,buy,buy
2026-05-08 08:56:12,113673,岱美转债,dmzz,200.068,1.97,603730,岱美股份,dmgf,11.45,2.78,4.9,7.37,155.36,0,28.78,228.85,280202,汽车,shmb,C,2023-08-10,[],0,0,buy,AA,,5.159,9.581,3.7,buy,2029-07-18,3.197,9.079,67841.22,28042.81,36.32,-15.88,,0,15:00:00,00,Y,N,1,1,Y,转股价下修1次，成功下修1次,2024-01-24 开始转股,计算使用3.2年期 评级为AA 债参考YTM：1.8897,N,9.079,全价：200.068 最后更新：15:00:00,,,,0,{'M': ''},0,0,N,,,buy,buy
2026-05-08 08:56:12,128142,新乳转债,xrzz,135.5,-0.59,002946,新乳业,xry,18.8,-1.93,4.13,17.88,105.15,0,28.87,164.37,340702,食品饮料,szmb,C,2021-01-19,[],0,0,buy,AA,,12.516,23.244,4.5,buy,2026-12-18,0.614,7.179,3880.95,9158.05,3.98,-30.8,,0,15:34:03,00,Y,N,0,0,Y,,2021-06-24 开始转股,计算使用0.7年期 评级为AA 债参考YTM：1.5139,N,7.18,全价：135.500 最后更新：15:34:03,,,,1,{'M': ''},0,0,N,,,buy,buy
2026-05-08 08:56:12,113584,家悦转债,jyzz,109.814,0.02,603708,家家悦,jjy,10.6,0.47,2.71,12.45,85.14,0,28.98,138.79,450302,商贸零售,shmb,C,2020-06-24,[],0,0,buy,AA,,8.715,16.185,9.5,buy,2026-06-05,0.077,6.448,2649.93,3591.11,3.74,2.29,,0,14:59:10,00,Y,N,1,1,Y,转股价下修1次，成功下修1次,2020-12-14 开始转股,计算使用0.1年期 评级为AA 债参考YTM：1.4788,N,6.45,全价：109.814 最后更新：14:59:10,,,,1,"{'R': '到期\n最后交易日：2026-06-01\n最后转股日：2026-06-04\n债券到期日：2026-06-05\n到期赎回价：110.000元/张', 'M': ''}",0,0,N,,,buy,buy
2026-05-08 08:56:12,123071,天能转债,tnzz,122.039,-0.37,300569,天能重工,tnzg,6.32,0.16,1.2,6.7,94.33,0,29.38,151.42,630602,电力设备,szcy,C,2020-11-25,[],0,0,buy,AA-,,4.69,8.71,10.8,buy,2026-10-21,0.455,6.937,2847.2,18665.04,3.36,-12.76,,0,15:34:45,00,Y,N,2,2,Y,转股价下修2次，成功下修2次,2021-04-27 开始转股,计算使用0.5年期 评级为AA- 债参考YTM：1.7601,N,7.0,全价：122.039 最后更新：15:34:45,,,,1,{'M': ''},0,0,N,,,buy,buy
2026-05-08 08:56:12,123080,海波转债,hbzz,144.427,-0.05,300517,海波重科,hbzk,12.7,0.24,2.38,11.38,111.6,0,29.42,173.85,620401,建筑装饰,szcy,C,2020-12-22,[],0,0,buy,A+,,7.966,14.794,9.3,buy,2026-12-02,0.57,1.486,2496.05,6229.71,11.61,-29.82,,0,15:34:48,00,Y,N,0,0,Y,,2021-06-08 开始转股,计算使用0.6年期 评级为A+ 债参考YTM：4.1060,N,2.45,全价：144.427 最后更新：15:34:48,,,,1,[],0,0,N,,,buy,buy
2026-05-08 08:56:12,127105,龙星转债,lxzz,142.819,0.15,002442,龙星科技,lxkj,6.37,-0.78,1.74,5.8,109.83,0,30.04,172.86,220603,基础化工,szmb,C,2024-03-06,[],0,0,buy,AA-,,4.06,7.54,24.0,buy,2030-01-31,3.737,7.54,5617.45,9803.42,5.23,-4.78,,0,15:34:03,00,Y,N,0,0,Y,,2024-08-07 开始转股,计算使用3.8年期 评级为AA- 债参考YTM：2.5972,N,7.54,全价：142.819 最后更新：15:34:03,,,,0,[],0,0,N,,,buy,buy
2026-05-08 08:56:12,127037,银轮转债,ylzz,623.6,-1.3,002126,银轮股份,ylgf,49.76,0.53,5.58,10.39,478.92,0,30.21,653.81,280203,汽车,szmb,C,2021-07-09,[],0,0,buy,AA,,7.273,13.507,1.3,buy,2027-06-07,1.082,5.055,35209.07,103628.4,11.13,-79.81,,0,15:34:30,00,Y,N,0,0,Y,,2021-12-13 开始转股,计算使用1.1年期 评级为AA 债参考YTM：1.5837,N,7.0,全价：623.600 最后更新：15:34:30,,,,1,"{'G': '本次（2025年5月1日至2025年5月26日）不提前赎回，2026年5月26日后首个交易日重新计算', 'M': ''}",0,0,N,,,buy,buy
2026-05-08 08:56:12,123107,温氏转债,wszz,128.66,-0.86,300498,温氏股份,wsgf,16.06,-1.29,2.65,16.29,98.59,0,30.5,159.16,110702,农林牧渔,szcy,C,2021-04-21,[],0,0,buy,AAA,,11.403,21.177,8.1,buy,2027-03-29,0.89,77.064,14681.62,50869.81,1.48,-18.03,,0,15:34:48,00,Y,N,0,0,Y,,2021-10-08 开始转股,计算使用0.9年期 评级为AAA 债参考YTM：1.4896,N,92.97,全价：128.660 最后更新：15:34:48,,,,1,{'M': ''},0,0,N,,,buy,buy
2026-05-08 08:56:12,127027,能化转债,nhzz,124.311,-0.07,000552,甘肃能化,gsnh,2.79,0.0,0.9,2.93,95.22,0,30.55,154.86,740101,煤炭,szmb,C,2021-01-22,[],0,0,buy,AAA,,2.051,3.809,18.7,buy,2026-12-10,0.592,19.464,5557.38,22333.09,2.3,-19.55,,0,15:34:42,00,Y,N,0,0,Y,,2021-06-16 开始转股,计算使用0.6年期 评级为AAA 债参考YTM：1.4631,N,28.0,全价：124.311 最后更新：15:34:42,,,,1,{'M': ''},0,0,N,,,buy,buy
2026-05-08 08:56:12,127082,亚科转债,ykzz,150.1,0.24,002540,亚太科技,ytkj,6.08,0.83,1.34,5.29,114.93,0,30.6,180.7,240301,有色金属,szmb,C,2023-04-27,[],0,0,buy,AA,,3.703,6.877,22.2,buy,2029-03-09,2.838,11.585,8080.87,8277.07,4.67,-9.0,,0,15:34:48,00,Y,N,0,0,Y,,2023-09-15 开始转股,计算使用2.9年期 评级为AA 债参考YTM：1.8508,N,11.59,全价：150.100 最后更新：15:34:48,,,,0,{'G': '本次（2025年11月6日至2025年12月4日）不提前赎回，以2026年6月4日后的首个交易日重新计算'},0,0,N,,,buy,buy
2026-05-08 08:56:12,111015,东亚转债,dyzz,135.845,0.57,605177,东亚药业,dyyy,21.09,2.73,1.36,20.28,103.99,0,30.63,166.48,370101,医药生物,shmb,C,2023-08-02,[],0,0,buy,A+,,14.196,26.364,27.8,buy,2029-07-06,3.164,6.662,6946.01,5968.36,7.69,-4.1,,0,14:59:51,00,Y,N,1,1,Y,转股价下修1次，成功下修1次,2024-01-12 开始转股,计算使用3.2年期 评级为A+ 债参考YTM：4.8564,N,6.9,全价：135.845 最后更新：14:59:51,,,,0,[],0,0,N,,,buy,buy
2026-05-08 08:56:12,127030,盛虹转债,shzz,127.379,0.09,000301,东方盛虹,dfsh,12.85,0.08,2.38,13.21,97.28,0,30.95,158.33,750301,石油石化,szmb,C,2021-04-21,[],0,0,buy,AA+,,9.247,17.173,5.9,buy,2027-03-22,0.871,49.975,8709.67,30412.21,1.37,-17.46,,0,15:34:36,00,Y,N,0,0,Y,,2021-09-27 开始转股,计算使用0.9年期 评级为AA+ 债参考YTM：1.5196,N,50.0,全价：127.379 最后更新：15:34:36,,,,1,{'M': ''},0,0,N,,,buy,buy
2026-05-08 08:56:12,113659,莱克转债,lkzz,141.473,0.78,603355,莱克电气,lkdq,34.25,4.61,3.42,31.72,107.98,0,31.02,172.49,330302,家用电器,shmb,C,2022-11-15,[],0,0,buy,AA,,22.204,41.236,6.1,buy,2028-10-14,2.438,11.998,14368.08,14273.89,8.5,-8.85,,0,14:59:42,00,Y,N,0,0,Y,,2023-04-20 开始转股,计算使用2.5年期 评级为AA 债参考YTM：1.8034,N,12.0,全价：141.473 最后更新：14:59:42,,,,0,{'M': ''},0,0,N,,,buy,buy
2026-05-08 08:56:12,123150,九强转债,jqzz,139.856,-0.25,300406,九强生物,jqsw,13.08,1.4,1.97,12.3,106.34,0,31.52,171.38,370504,医药生物,szcy,C,2022-07-20,[],0,0,buy,AA-,,8.61,15.99,20.2,buy,2028-06-30,2.148,11.21,4979.47,7699.46,3.17,-9.34,,0,15:34:12,00,Y,N,1,1,Y,转股价下修1次，成功下修1次,2023-01-06 开始转股,计算使用2.2年期 评级为AA- 债参考YTM：2.2122,N,11.39,全价：139.856 最后更新：15:34:12,,,,0,{'M': ''},0,0,N,,,buy,buy
2026-05-08 08:56:12,118012,微芯转债,wxzz,162.336,-1.06,688321,微芯生物,wxsw,31.3,-2.34,5.36,25.4,123.23,0,31.74,194.08,370102,医药生物,shkc,C,2022-07-28,[],0,0,buy,A+,,17.78,33.02,3.9,buy,2028-07-05,2.162,4.996,6510.05,32738.17,8.02,-13.56,,0,14:59:58,00,Y,N,0,0,N,2026-05-07 至 2026-05-13 期间暂停转股：权益分派,2023-01-11 开始转股;2026-05-07 至 2026-05-13 期间暂停转股：权益分派,计算使用2.2年期 评级为A+ 债参考YTM：4.5529,N,5.0,全价：162.336 最后更新：14:59:58,,,,0,{'M': ''},0,0,N,,,buy,buy
2026-05-08 08:56:12,118039,煜邦转债,ybzz,156.361,1.0,688597,煜邦电力,ybdl,8.65,2.25,3.39,7.3,118.49,0,31.96,188.32,630804,电力设备,shkc,C,2023-08-15,[],0,0,buy,A,,5.11,9.49,14.1,buy,2029-07-20,3.203,4.104,7946.11,8653.43,12.43,-8.64,,0,14:59:59,00,Y,N,0,0,Y,,2024-01-26 开始转股,计算使用3.3年期 评级为A 债参考YTM：7.2272,N,4.108,全价：156.361 最后更新：14:59:59,,,,0,"{'G': '本次（2026年1月16日至2026年2月11日）不提前赎回，以2026年8月12日为首个交易日重新计算', 'M': ''}",0,0,N,,,buy,buy
2026-05-08 08:56:12,123252,银邦转债,ybzz,161.651,-1.01,300337,银邦股份,ybgf,15.27,1.26,7.0,12.51,122.06,0,32.43,194.08,240301,有色金属,szcy,C,2025-01-24,[],0,0,buy,AA-,,8.757,16.263,7.2,buy,2031-01-06,4.669,7.846,11754.73,81482.97,9.28,-6.68,,0,15:34:27,00,Y,N,0,0,Y,,2025-07-14 开始转股,计算使用4.7年期 评级为AA- 债参考YTM：2.7490,N,7.85,全价：161.651 最后更新：15:34:27,,,,0,{'M': ''},0,0,N,,,buy,buy
2026-05-08 08:56:12,123088,威唐转债,wtzz,137.239,0.42,300707,威唐工业,wtgy,15.49,1.11,2.36,14.96,103.54,0,32.54,169.78,280205,汽车,szcy,C,2021-01-06,[],0,0,buy,A+,,10.472,19.448,13.3,buy,2026-12-15,0.606,3.004,2597.42,7881.6,6.31,-26.89,,0,15:34:51,00,Y,N,1,1,Y,转股价下修1次，成功下修1次,2021-06-21 开始转股,计算使用0.7年期 评级为A+ 债参考YTM：4.1179,N,3.014,全价：137.239 最后更新：15:34:51,,,,1,[],0,0,N,,,buy,buy
2026-05-08 08:56:12,111012,福新转债,fxzz,434.635,4.4,605488,福莱新材,flxc,36.78,2.62,4.87,11.22,327.81,0,32.59,467.23,220505,基础化工,shmb,C,2023-02-07,[],0,0,buy,A+,,7.854,14.586,1.0,buy,2029-01-04,2.663,1.017,93904.41,47572.58,212.63,-38.9,,0,15:00:00,00,Y,N,0,0,Y,,2023-07-10 开始转股,计算使用2.7年期 评级为A+ 债参考YTM：4.7092,N,4.29,全价：434.635 最后更新：15:00:00,,,,0,{'G': '本次（2026年2月27日至2026年3月19日）不提前赎回，自2026年6月19日之后的首个交易日重新起算'},0,0,N,,,buy,buy
2026-05-08 08:56:12,118056,路维转债,lwzz,272.279,-3.77,688401,路维光电,lwgd,67.15,-3.99,7.5,32.7,205.35,0,32.59,304.87,270103,电子,shkc,C,2025-07-10,[],0,0,buy,AA-,,22.89,42.51,4.7,buy,2031-06-11,5.096,6.145,34901.87,58848.91,20.46,-15.59,,0,14:59:58,00,Y,N,0,0,Y,,2025-12-17 开始转股,计算使用5.1年期 评级为AA- 债参考YTM：2.8316,N,6.15,全价：272.279 最后更新：14:59:58,,,,0,"{'G': '本次（2026年4月9日至2026年4月29日）不提前赎回，以2026年7月30日为首个交易日重新计算', 'M': ''}",0,0,N,,,buy,buy
2026-05-08 08:56:12,128134,鸿路转债,hlzz,121.93,-0.62,002541,鸿路钢构,hlgg,20.22,-0.69,1.38,21.99,91.95,0,32.6,154.53,620401,建筑装饰,szmb,C,2020-11-02,[],0,0,buy,AA,,15.393,28.587,15.7,buy,2026-10-09,0.422,15.726,4574.96,13156.03,2.39,-23.34,,0,15:33:57,00,Y,N,1,1,Y,转股价下修1次，成功下修1次,2021-04-15 开始转股,计算使用0.5年期 评级为AA 债参考YTM：1.5101,N,18.8,全价：121.930 最后更新：15:33:57,,,,0,{'M': ''},0,0,N,,,buy,buy
2026-05-08 08:56:12,110093,神马转债,smzz,125.562,-0.67,600810,神马股份,smgf,7.59,-1.43,0.89,8.08,93.94,0,33.67,159.23,220406,基础化工,shmb,C,2023-04-20,[],0,0,buy,AAA,,5.656,10.504,27.1,buy,2029-03-16,2.858,22.199,14530.32,11002.8,5.21,-4.59,,0,14:59:33,00,Y,N,0,0,Y,,2023-09-22 开始转股,计算使用2.9年期 评级为AAA 债参考YTM：1.7135,N,30.0,全价：125.562 最后更新：14:59:33,,,,0,{'M': ''},0,0,N,,,buy,buy
2026-05-08 08:56:12,127064,杭氧转债,hyzz,153.808,-0.51,002430,杭氧股份,hygf,29.86,-0.57,2.87,25.97,114.98,0,33.77,187.58,220309,基础化工,szmb,C,2022-07-05,[],0,0,buy,AA+,,18.179,33.761,3.9,buy,2028-05-19,2.033,11.364,6365.23,67736.38,3.62,-14.99,,0,15:34:45,00,Y,N,1,1,Y,转股价下修1次，成功下修1次,2022-11-25 开始转股,计算使用2.1年期 评级为AA+ 债参考YTM：1.6859,N,11.37,全价：153.808 最后更新：15:34:45,,,,0,{'M': ''},0,0,N,,,buy,buy
2026-05-08 08:56:12,127018,本钢转债,bgzz,118.4,0.05,000761,本钢板材,bgbc,2.91,2.46,1.74,3.29,88.45,0,33.86,152.26,230402,钢铁,szmb,C,2020-08-04,[],0,0,buy,AAA,,2.303,4.277,52.2,buy,2026-06-29,0.143,56.309,19493.2,4455.14,2.92,3.56,,0,15:34:24,00,Y,N,1,1,Y,转股价下修1次，成功下修1次,2021-01-04 开始转股,计算使用0.2年期 评级为AAA 债参考YTM：1.4301,N,68.0,全价：118.400 最后更新：15:34:24,,,,1,{'M': ''},0,0,N,,,buy,buy
2026-05-08 08:56:12,127045,牧原转债,myzz,133.35,-0.6,002714,牧原股份,mygf,43.51,-1.27,2.88,43.74,99.47,0,34.05,167.4,110702,农林牧渔,szmb,C,2021-09-10,[],0,0,buy,AA+,,30.618,56.862,5.8,buy,2027-08-16,1.274,95.43,9334.48,138855.08,0.73,-15.08,,0,15:34:39,00,Y,Y,0,0,Y,,2022-02-21 开始转股,计算使用1.3年期 评级为AA+ 债参考YTM：1.5935,N,95.5,全价：133.350 最后更新：15:34:39,,,,1,{'M': ''},0,0,N,,,buy,buy
2026-05-08 08:56:12,110098,南药转债,nyzz,140.515,0.8,600713,南京医药,njyy,5.35,0.94,0.95,5.12,104.49,0,34.47,174.99,370402,医药生物,shmb,C,2025-01-20,[],0,0,buy,AA+,,3.584,6.656,15.7,buy,2030-12-25,4.636,10.814,4398.81,9986.3,2.9,-4.79,,0,14:59:42,00,Y,N,0,0,Y,,2025-07-01 开始转股,计算使用4.7年期 评级为AA+ 债参考YTM：1.8714,N,10.815,全价：140.515 最后更新：14:59:42,,,,0,[],0,0,N,,,buy,buy
2026-05-08 08:56:12,111020,合顺转债,hszz,149.385,0.45,605166,聚合顺,jhs,11.76,2.53,1.84,10.59,111.05,0,34.52,183.91,220406,基础化工,shmb,C,2024-08-15,[],0,0,buy,AA-,,7.413,13.767,9.1,buy,2030-07-22,4.208,3.38,4012.53,8718.28,7.98,-5.21,,0,14:59:51,00,Y,N,0,0,Y,,2025-01-27 开始转股,计算使用4.3年期 评级为AA- 债参考YTM：2.6802,N,3.38,全价：149.385 最后更新：14:59:51,,,,0,[],0,0,N,,,buy,buy
2026-05-08 08:56:12,113046,金田转债,jtzz,135.176,-0.47,601609,金田股份,jtgf,10.37,-0.29,1.75,10.32,100.48,0,34.52,169.7,240302,有色金属,shmb,C,2021-04-12,[],0,0,buy,AA+,,7.224,13.416,8.4,buy,2027-03-22,0.871,14.992,4587.14,25088.61,2.26,-21.38,,0,14:59:32,00,Y,N,0,0,Y,,2021-09-27 开始转股,计算使用0.9年期 评级为AA+ 债参考YTM：1.5196,N,15.0,全价：135.176 最后更新：14:59:32,,,,1,{'M': ''},0,0,N,,,buy,buy
2026-05-08 08:56:12,123104,卫宁转债,wnzz,136.078,1.55,300253,卫宁健康,wnjk,9.54,2.8,3.75,9.44,101.06,0,34.65,170.73,710401,计算机,szcy,C,2021-03-31,[],0,0,buy,AA,,6.608,12.272,5.5,buy,2027-03-16,0.855,9.699,23037.15,192279.6,17.47,-13.87,,0,15:34:45,00,Y,N,1,1,Y,转股价下修1次，成功下修1次,2021-09-22 开始转股,计算使用0.9年期 评级为AA 债参考YTM：1.5396,N,9.703,全价：136.078 最后更新：15:34:45,,,,1,{'M': ''},0,0,N,,,buy,buy
2026-05-08 08:56:12,123112,万讯转债,wxzz,139.445,-0.02,300112,万讯自控,wxzk,8.59,1.06,2.53,8.3,103.49,0,34.74,174.19,640107,机械设备,szcy,C,2021-04-23,[],0,0,buy,AA-,,5.81,10.79,11.1,buy,2027-04-08,0.918,2.265,2151.43,4798.29,6.81,-16.81,,0,15:34:51,00,Y,N,0,0,Y,,2021-10-14 开始转股,计算使用1.0年期 评级为AA- 债参考YTM：1.8642,N,2.457,全价：139.445 最后更新：15:34:51,,,,1,[],0,0,N,,,buy,buy
2026-05-08 08:56:12,123211,阳谷转债,ygzz,177.978,-1.4,300121,阳谷华泰,yght,12.22,-1.61,1.48,9.28,131.68,0,35.16,213.14,220604,基础化工,szcy,C,2023-08-14,[],0,0,buy,AA-,,6.496,12.064,5.9,buy,2029-07-27,3.222,3.07,3052.77,12256.11,5.57,-11.84,,0,15:34:18,00,Y,N,0,0,N,2026-05-08 起暂停转股：权益分派,2024-02-02 开始转股;2026-05-08 起暂停转股：权益分派,计算使用3.3年期 评级为AA- 债参考YTM：2.5242,N,6.5,全价：177.978 最后更新：15:34:18,,,,0,{'G': '本次（2025年12月15日至2026年1月6日）不提前赎回，2026年7月6日后首个交易日重新计算'},0,0,N,,,buy,buy
2026-05-08 08:56:12,111001,山玻转债,sbzz,179.782,8.69,605006,山东玻纤,sdbx,14.87,9.99,3.44,11.18,133.01,0,35.17,214.95,610202,建筑材料,shmb,C,2021-12-06,[],0,0,buy,AA-,,7.826,14.534,6.7,buy,2027-11-08,1.504,5.994,269162.03,46878.81,253.69,-25.12,,0,15:00:00,00,Y,N,0,0,Y,,2022-05-12 开始转股,计算使用1.6年期 评级为AA- 债参考YTM：2.0447,N,6.0,全价：179.782 最后更新：15:00:00,,,,0,[],0,0,N,,,buy,buy
2026-05-08 08:56:12,113688,国检转债,gjzz,145.569,-0.16,603060,国检集团,gjjt,7.0,0.57,2.7,6.52,107.36,0,35.59,181.16,460802,社会服务,shmb,C,2024-11-12,[],0,0,buy,AA+,,4.564,8.476,14.2,buy,2030-10-17,4.447,7.998,4614.37,16749.35,3.96,-5.0,,0,14:59:10,00,Y,N,0,0,Y,,2025-04-23 开始转股,计算使用4.5年期 评级为AA+ 债参考YTM：1.8584,N,8.0,全价：145.569 最后更新：14:59:10,,,,0,[],0,0,N,,,buy,buy
2026-05-08 08:56:12,113054,绿动转债,ldzz,135.599,-0.12,601330,绿色动力,lsdl,8.89,-1.0,1.5,8.89,100.0,0,35.6,171.2,760103,环保,shmb,C,2022-03-23,[],0,0,buy,AA+,,6.223,11.557,26.8,buy,2028-02-25,1.803,23.598,7461.88,30931.95,2.33,-10.7,,0,14:59:17,00,Y,N,0,0,Y,,2022-09-05 开始转股,计算使用1.9年期 评级为AA+ 债参考YTM：1.6613,N,23.6,全价：135.599 最后更新：14:59:17,,,,1,[],0,0,N,,,buy,buy
2026-05-08 08:56:12,123178,花园转债,hyzz,139.898,0.81,300401,花园生物,hysw,13.84,3.21,2.12,13.45,102.9,0,35.96,175.86,370101,医药生物,szcy,C,2023-03-23,[],0,0,buy,AA-,,9.415,17.485,15.8,buy,2029-03-06,2.83,11.731,11552.85,30363.68,7.05,-5.78,,0,15:34:36,00,Y,N,1,1,Y,转股价下修1次，成功下修1次,2023-09-11 开始转股,计算使用2.9年期 评级为AA- 债参考YTM：2.4233,N,12.0,全价：139.898 最后更新：15:34:36,,,,0,{'M': ''},0,0,N,,,buy,buy
2026-05-08 08:56:12,123224,宇邦转债,ybzz,153.0,-1.03,301266,宇邦新材,ybxc,41.4,-0.74,2.43,36.82,112.44,0,36.07,189.07,630504,电力设备,szcy,C,2023-10-18,[],0,0,buy,A+,,25.774,47.866,6.6,buy,2029-09-19,3.37,2.848,4318.26,12543.07,9.89,-7.15,,0,15:34:18,00,Y,N,1,1,Y,转股价下修1次，成功下修1次,2024-03-25 开始转股,计算使用3.4年期 评级为A+ 债参考YTM：4.8953,N,5.0,全价：153.000 最后更新：15:34:18,,,,0,"{'G': '本次（2026年1月30日至2026年3月11日）不提前赎回，自2026年6月11日后首个交易日重新计算', 'M': ''}",0,0,N,,,buy,buy
2026-05-08 08:56:12,123199,山河转债,shzz,144.348,0.06,300452,山河药辅,shyf,14.1,0.21,3.14,13.3,106.02,0,36.16,180.51,370101,医药生物,szcy,C,2023-07-07,[],0,0,buy,A+,,9.31,17.29,11.4,buy,2029-06-12,3.099,3.197,1520.84,4930.18,3.3,-7.9,,0,15:34:03,00,Y,N,1,1,Y,转股价下修1次，成功下修1次,2023-12-18 开始转股,计算使用3.1年期 评级为A+ 债参考YTM：4.8320,N,3.2,全价：144.348 最后更新：15:34:03,,,,0,[],0,0,N,,,buy,buy
2026-05-08 08:56:12,127089,晶澳转债,jazz,127.8,-0.2,002459,晶澳科技,jakj,10.94,0.74,1.7,11.66,93.83,0,36.21,164.01,630502,电力设备,szmb,C,2023-08-04,[],0,0,buy,AA+,,8.162,15.158,24.8,buy,2029-07-18,3.197,89.588,16170.76,90008.97,1.41,-4.15,,0,15:34:42,00,Y,N,2,1,Y,转股价下修2次，成功下修1次,2024-01-24 开始转股,计算使用3.2年期 评级为AA+ 债参考YTM：1.7901,N,89.603,全价：127.800 最后更新：15:34:42,,,,0,{'M': ''},0,0,N,,,buy,buy
2026-05-08 08:56:12,123158,宙邦转债,zbzz,222.0,-4.92,300037,新宙邦,xzb,66.0,-5.04,4.42,40.55,162.76,0,36.4,258.4,630702,电力设备,szcy,C,2022-10-21,[],0,0,buy,AA,,28.385,52.715,5.1,buy,2028-09-26,2.389,18.046,27603.83,230981.07,6.71,-24.87,,0,15:34:00,00,Y,N,0,0,Y,,2023-03-30 开始转股,计算使用2.4年期 评级为AA 债参考YTM：1.7912,N,19.7,全价：222.000 最后更新：15:34:00,,,,0,"{'G': '本次（2025年12月25日至2026年1月22日）不提前赎回，自2026年7月22日后首个交易日重新计算', 'M': ''}",0,0,N,,,buy,buy
2026-05-08 08:56:12,110095,双良转债,slzz,141.457,0.7,600481,双良节能,sljn,6.4,1.59,2.98,6.18,103.56,0,36.59,178.05,630501,电力设备,shmb,C,2023-09-08,[],0,0,buy,AA-,,4.326,8.034,10.6,buy,2029-08-08,3.255,14.006,21247.56,51077.47,10.77,-6.47,,0,14:59:55,00,Y,N,2,2,Y,转股价下修2次，成功下修2次,2024-02-19 开始转股,计算使用3.3年期 评级为AA- 债参考YTM：2.5242,N,26.0,全价：141.457 最后更新：14:59:55,,,,0,"{'G': '本次（2026年1月26日至2026年2月13日）不提前赎回，以2026年5月13日之后的首个交易日重新起算', 'M': ''}",0,0,N,,,buy,buy
2026-05-08 08:56:12,123142,申昊转债,shzz,137.535,-0.35,300853,申昊科技,shkj,33.93,-0.03,7.83,33.71,100.65,0,36.64,174.18,630803,电力设备,szcy,C,2022-04-11,[],0,0,buy,A-,,23.597,43.823,16.5,buy,2028-03-18,1.863,5.494,6219.22,24359.99,8.23,-10.39,,0,15:33:57,00,Y,N,0,0,Y,,2022-09-26 开始转股,计算使用1.9年期 评级为A- 债参考YTM：9.1649,N,5.5,全价：137.535 最后更新：15:33:57,,,,1,[],0,0,N,,,buy,buy
2026-05-08 08:56:12,111022,锡振转债,xzzz,164.302,0.87,605319,无锡振华,wxzh,27.2,1.23,3.31,22.64,120.14,0,36.76,201.06,280205,汽车,shmb,C,2025-07-14,[],0,0,buy,AA-,,15.848,29.432,5.5,buy,2031-06-18,5.115,5.197,6510.76,14223.33,7.55,-6.39,,0,14:59:51,00,Y,N,0,0,Y,,2025-12-24 开始转股,计算使用5.2年期 评级为AA- 债参考YTM：2.8866,N,5.2,全价：164.302 最后更新：14:59:51,,,,0,[],0,0,N,,,buy,buy
2026-05-08 08:56:12,123258,胜蓝转02,slz2,210.745,0.31,300843,胜蓝股份,slgf,83.9,-3.4,8.33,54.46,154.06,0,36.8,247.55,270504,电子,szcy,C,2025-09-10,[],0,0,buy,AA-,,38.122,70.798,3.3,buy,2031-08-28,5.31,4.499,28700.59,60783.55,30.56,-10.52,,0,15:34:21,00,Y,N,0,0,Y,,2026-03-03 开始转股,计算使用5.4年期 评级为AA- 债参考YTM：3.0471,N,4.5,全价：210.745 最后更新：15:34:21,,,,0,[],0,0,N,,,buy,buy
2026-05-08 08:56:12,113658,密卫转债,mwzz,141.573,0.36,603713,密尔克卫,mekw,57.65,0.07,1.84,55.72,103.46,0,36.83,178.4,420806,交通运输,shmb,C,2022-10-25,[],0,0,buy,AA-,,39.004,72.436,9.6,buy,2027-09-16,1.359,8.719,3407.12,8565.1,2.76,-15.16,,0,14:58:20,00,Y,N,1,1,Y,转股价下修1次，成功下修1次,2023-03-22 开始转股,计算使用1.4年期 评级为AA- 债参考YTM：1.9902,N,8.724,全价：141.573 最后更新：14:58:20,,,,1,{'M': ''},0,0,N,,,buy,buy
2026-05-08 08:56:12,111017,蓝天转债,ltzz,132.438,-0.05,605368,蓝天燃气,ltrq,7.7,0.26,1.63,7.98,96.49,0,37.25,169.69,410301,公用事业,shmb,C,2023-09-08,[],0,0,buy,AA,,5.586,10.374,12.2,buy,2029-08-15,3.274,6.715,4022.48,2663.08,4.51,-4.49,,0,14:59:42,00,Y,N,0,0,Y,,2024-02-21 开始转股,计算使用3.3年期 评级为AA 债参考YTM：1.9031,N,8.7,全价：132.438 最后更新：14:59:42,,,,0,[],0,0,N,,,buy,buy
2026-05-08 08:56:12,113678,中贝转债,zbzz,214.628,1.01,603220,中贝通信,zbtx,32.11,2.72,4.37,20.54,156.33,0,37.29,251.92,730103,通信,shmb,C,2023-11-21,[],0,0,buy,A+,,14.378,26.702,3.7,buy,2029-10-19,3.452,5.108,112741.8,181843.32,102.28,-15.7,,0,14:59:59,00,Y,N,2,1,Y,转股价下修2次，成功下修1次,2024-04-25 开始转股,计算使用3.5年期 评级为A+ 债参考YTM：4.9114,N,5.17,全价：214.628 最后更新：14:59:59,,,,0,"{'G': '本次（2026年3月16日至2026年4月27日）不提前赎回，以2026年7月28日起算', 'M': ''}",0,0,N,,,buy,buy
2026-05-08 08:56:12,123237,佳禾转债,jhzz,150.069,0.33,300793,佳禾智能,jhzn,14.68,1.59,1.98,13.46,109.06,0,37.6,187.67,270504,电子,szcy,C,2024-01-24,[],0,0,buy,A+,,9.422,17.498,7.9,buy,2030-01-04,3.663,4.315,1738.39,11677.73,2.68,-6.61,,0,15:34:21,00,Y,N,1,1,Y,转股价下修1次，成功下修1次,2024-07-10 开始转股,计算使用3.7年期 评级为A+ 债参考YTM：4.9406,N,10.04,全价：150.069 最后更新：15:34:21,,,,0,[],0,0,N,,,buy,buy
2026-05-08 08:56:12,123259,锦浪转02,jlz02,186.9,0.09,300763,锦浪科技,jlkj,98.23,0.75,4.29,72.55,135.4,0,38.04,224.94,630503,电力设备,szcy,C,2025-11-06,[],0,0,buy,AA,,50.785,94.315,5.3,buy,2031-10-17,5.447,16.764,17455.9,136536.17,5.55,-8.73,,0,15:34:27,00,Y,N,1,1,Y,转股价下修1次，成功下修1次,2026-04-23 开始转股,计算使用5.5年期 评级为AA 债参考YTM：2.2012,N,16.766,全价：186.900 最后更新：15:34:27,,,,0,{'M': ''},0,0,N,,,buy,buy
2026-05-08 08:56:12,113066,平煤转债,pmzz,148.752,-0.09,601666,平煤股份,pmgf,8.1,-1.22,0.8,7.52,107.71,0,38.1,186.85,740102,煤炭,shmb,C,2023-04-10,[],0,0,buy,AAA,,5.264,9.776,7.1,buy,2029-03-16,2.858,14.274,7891.11,25513.02,3.72,-10.2,,0,14:59:54,00,Y,N,1,1,Y,转股价下修1次，成功下修1次,2023-09-22 开始转股,计算使用2.9年期 评级为AAA 债参考YTM：1.7135,N,29.0,全价：148.752 最后更新：14:59:54,,,,0,{'M': ''},0,0,N,,,buy,buy
2026-05-08 08:56:12,123171,共同转债,gtzz,142.862,-0.24,300966,共同药业,gtyy,28.0,0.47,3.89,27.12,103.25,0,38.37,181.23,370101,医药生物,szcy,C,2022-12-16,[],0,0,buy,A,,18.984,35.256,17.7,buy,2028-11-28,2.562,3.799,5152.89,16416.04,9.5,-6.93,,0,15:34:24,00,Y,N,0,0,Y,,2023-06-02 开始转股,计算使用2.6年期 评级为A 债参考YTM：7.0275,N,3.8,全价：142.862 最后更新：15:34:24,,,,0,{'M': ''},0,0,N,,,buy,buy
2026-05-08 08:56:12,127099,盛航转债,shzz,139.784,0.41,001205,盛航股份,shgf,15.58,1.83,1.33,15.48,100.65,0,38.89,178.67,421101,交通运输,szmb,C,2023-12-28,[],0,0,buy,AA-,,10.836,20.124,17.5,buy,2029-12-06,3.584,4.541,3423.46,5941.34,5.4,-4.32,,0,15:34:00,00,Y,N,1,1,Y,转股价下修1次，成功下修1次,2024-06-12 开始转股,计算使用3.6年期 评级为AA- 债参考YTM：2.5702,N,7.4,全价：139.784 最后更新：15:34:00,,,,0,[],0,0,N,,,buy,buy
2026-05-08 08:56:12,123255,鼎龙转债,dlzz,313.29,-1.47,300054,鼎龙股份,dlgf,64.19,-6.7,11.11,28.48,225.39,0,39.0,352.29,270601,电子,szcy,C,2025-04-23,[],0,0,buy,AA,,19.936,37.024,1.9,buy,2031-04-02,4.904,9.096,38391.96,347482.06,13.61,-18.78,,0,15:34:30,00,Y,N,0,0,Y,,2025-10-09 开始转股,计算使用5.0年期 评级为AA 债参考YTM：2.1206,N,9.1,全价：313.290 最后更新：15:34:30,,,,0,"{'G': '本次（2026年4月8日至2026年4月28日）不提前赎回，自2026年10月28日后首个交易日重新计算', 'M': ''}",0,0,N,,,buy,buy
2026-05-08 08:56:12,118058,微导转债,wdzz,330.461,-1.85,688147,微导纳米,wdnm,79.8,-1.7,12.22,33.57,237.71,0,39.02,369.48,630505,电力设备,shkc,C,2025-08-27,[],0,0,buy,AA,,23.499,43.641,3.2,buy,2031-08-06,5.249,11.7,50411.56,68579.16,13.09,-18.54,,0,15:00:00,00,Y,N,0,0,Y,,2026-02-12 开始转股,计算使用5.3年期 评级为AA 债参考YTM：2.1652,N,11.7,全价：330.461 最后更新：15:00:00,,,,0,"{'G': '本次（2026年2月12日至2026年3月12日）不提前赎回，以2026年9月13日为首个交易日重新计算', 'M': ''}",0,0,N,,,buy,buy
2026-05-08 08:56:12,113052,兴业转债,xyzz,120.051,-0.11,601166,兴业银行,xyyh,17.73,-0.11,0.41,20.63,85.94,0,39.69,159.74,480301,银行,shmb,C,2022-01-14,[],0,0,buy,AAA,,,26.819,11.0,buy,2027-12-27,1.638,413.5,22865.97,150873.85,0.46,-4.57,,0,14:59:57,00,Y,Y,0,0,Y,,2022-06-30 开始转股,计算使用1.7年期 评级为AAA 债参考YTM：1.5956,N,500.0,全价：120.051 最后更新：14:59:57,,,,0,{'M': ''},0,0,N,,,buy,buy
2026-05-08 08:56:12,118013,道通转债,dtzz,217.36,-4.46,688208,道通科技,dtkj,34.2,-0.73,5.66,21.98,155.6,0,39.7,257.06,710103,计算机,shkc,C,2022-07-28,[],0,0,buy,AA,,15.386,28.574,5.6,buy,2028-07-08,2.17,12.796,18948.39,31615.95,6.74,-24.8,,0,14:59:59,00,Y,N,0,0,N,2026-05-07 至 2026-05-14 期间暂停转股：权益分派,2023-01-16 开始转股;2026-05-07 至 2026-05-14 期间暂停转股：权益分派,计算使用2.2年期 评级为AA 债参考YTM：1.7646,N,12.8,全价：217.360 最后更新：14:59:59,,,,0,"{'G': '本次（2026年1月5日至2026年1月23日）不提前赎回，以2026年7月24日为首个交易日重新计算', 'M': ''}",0,0,N,,,buy,buy
2026-05-08 08:56:12,113671,武进转债,wjzz,151.347,3.71,603878,武进不锈,wjbx,8.55,10.04,1.84,7.93,107.82,0,40.37,191.72,230403,钢铁,shmb,C,2023-08-03,[],0,0,buy,AA,,5.551,10.309,6.4,buy,2029-07-10,3.175,3.094,18984.2,28182.35,40.79,-8.63,,0,15:00:00,00,Y,N,0,0,Y,,2024-01-15 开始转股,计算使用3.2年期 评级为AA 债参考YTM：1.8897,N,3.1,全价：151.347 最后更新：15:00:00,,,,0,[],0,0,N,,,buy,buy
2026-05-08 08:56:12,127049,希望转2,xwz2,115.633,-1.59,000876,新希望,xxw,8.72,-0.91,1.8,10.59,82.34,0,40.43,156.06,110702,农林牧渔,szmb,C,2021-11-29,[],0,0,buy,AAA,,7.413,13.767,20.8,buy,2027-11-02,1.488,81.434,20760.78,20902.42,2.19,-4.18,,0,15:34:39,00,Y,N,1,1,Y,转股价下修1次，成功下修1次,2022-05-09 开始转股,计算使用1.5年期 评级为AAA 债参考YTM：1.5795,N,81.5,全价：115.633 最后更新：15:34:39,,,,1,{'M': ''},0,0,N,,,buy,buy
2026-05-08 08:56:12,123176,精测转2,jcz2,313.515,-3.06,300567,精测电子,jcdz,143.9,-3.51,9.1,64.71,222.38,0,40.98,354.5,640107,机械设备,szcy,C,2023-03-22,[],0,0,buy,AA-,,45.297,84.123,3.9,buy,2029-03-02,2.819,12.753,29523.65,139221.33,7.31,-30.18,,0,15:34:33,00,Y,N,0,0,Y,,2023-09-08 开始转股,计算使用2.9年期 评级为AA- 债参考YTM：2.4233,N,12.76,全价：313.515 最后更新：15:34:33,,,,0,"{'G': '本次（2025年12月23日至2026年1月14日）不提前赎回，自2026年7月14日后首个交易日重新计算', 'M': ''}",0,0,N,,,buy,buy
2026-05-08 08:56:12,113070,渝水转债,yszz,130.456,-0.51,601158,重庆水务,cqsw,4.46,-0.45,1.22,4.82,92.53,0,40.99,171.45,760102,环保,shmb,C,2025-02-13,[],0,0,buy,AAA,,3.374,6.266,8.9,buy,2031-01-09,4.677,18.998,6352.61,3364.64,2.55,-3.38,,0,14:59:17,00,Y,N,0,0,Y,,2025-07-15 开始转股,计算使用4.7年期 评级为AAA 债参考YTM：1.8150,N,19.0,全价：130.456 最后更新：14:59:17,,,,0,{'M': ''},0,0,N,,,buy,buy
2026-05-08 08:56:12,113053,隆22转债,l22zz,131.902,0.02,601012,隆基绿能,ljln,16.36,-1.15,2.43,17.5,93.49,0,41.09,172.99,630502,电力设备,shmb,C,2022-02-17,[],0,0,buy,AAA,,12.25,22.75,5.6,buy,2028-01-05,1.663,69.951,6908.75,262148.22,0.75,-11.14,,0,14:59:34,00,Y,N,1,1,Y,转股价下修1次，成功下修1次,2022-07-11 开始转股,计算使用1.7年期 评级为AAA 债参考YTM：1.5956,N,70.0,全价：131.902 最后更新：14:59:34,,,,1,{'M': ''},0,0,N,,,buy,buy
2026-05-08 08:56:12,111003,聚合转债,jhzz,146.03,0.14,605166,聚合顺,jhs,11.76,2.53,1.84,11.37,103.43,0,41.19,187.22,220406,基础化工,shmb,C,2022-04-19,[],0,0,buy,AA-,,7.959,14.781,5.5,buy,2028-03-07,1.833,2.035,3925.11,8718.28,13.2,-11.32,,0,14:59:35,00,Y,N,1,1,Y,转股价下修1次，成功下修1次,2022-09-13 开始转股,计算使用1.9年期 评级为AA- 债参考YTM：2.1253,N,2.04,全价：146.030 最后更新：14:59:35,,,,1,[],0,0,N,,,buy,buy
2026-05-08 08:56:12,110090,爱迪转债,adzz,143.77,0.06,600933,爱柯迪,akd,17.87,1.71,1.85,17.55,101.82,0,41.2,184.97,280203,汽车,shmb,C,2022-10-28,[],0,0,buy,AA,,12.285,22.815,9.0,buy,2028-09-23,2.381,15.696,6922.7,44865.39,3.06,-9.83,,0,14:58:06,00,Y,N,0,0,Y,,2023-03-29 开始转股,计算使用2.4年期 评级为AA 债参考YTM：1.7912,N,15.7,全价：143.770 最后更新：14:58:06,,,,0,{'M': ''},0,0,N,,,buy,buy
2026-05-08 08:56:12,123173,恒锋转债,hfzz,140.03,0.26,300605,恒锋信息,hfxx,13.64,1.19,4.9,13.77,99.06,0,41.36,181.39,710401,计算机,szcy,C,2023-02-08,[],0,0,buy,A-,,9.639,17.901,13.5,buy,2028-12-30,2.649,2.331,3164.13,5772.7,9.7,-5.98,,0,15:34:03,00,Y,N,0,0,Y,,2023-07-06 开始转股,计算使用2.7年期 评级为A- 债参考YTM：9.4092,N,2.424,全价：140.030 最后更新：15:34:03,,,,0,[],0,0,N,,,buy,buy
2026-05-08 08:56:12,123119,康泰转2,ktz2,130.889,0.29,300601,康泰生物,ktsw,14.53,1.82,1.68,15.73,92.37,0,41.7,172.59,370303,医药生物,szcy,C,2021-08-05,[],0,0,buy,AA,,11.011,20.449,15.3,buy,2027-07-15,1.186,19.99,8081.29,33129.57,3.09,-11.28,,0,15:34:51,00,Y,N,5,5,Y,转股价下修5次，成功下修5次,2022-01-21 开始转股,计算使用1.2年期 评级为AA 债参考YTM：1.6021,N,20.0,全价：130.889 最后更新：15:34:51,,,,1,{'M': ''},0,0,N,,,buy,buy
2026-05-08 08:56:12,128129,青农转债,qnzz,107.588,0.0,002958,青农商行,qnsh,3.03,0.0,0.38,4.0,75.75,0,42.03,149.62,480501,银行,szmb,C,2020-09-18,[],0,0,buy,AAA,,,5.2,30.3,buy,2026-08-25,0.299,49.997,7580.03,11562.38,1.41,1.29,,0,15:34:24,00,Y,N,1,1,Y,转股价下修1次，成功下修1次,2021-03-01 开始转股,计算使用0.3年期 评级为AAA 债参考YTM：1.4329,N,50.0,全价：107.588 最后更新：15:34:24,,,,0,{'M': ''},0,0,N,,,buy,buy
2026-05-08 08:56:12,118007,山石转债,sszz,145.785,0.81,688030,山石网科,sswk,16.93,1.5,4.37,16.5,102.61,0,42.08,187.87,710402,计算机,shkc,C,2022-04-21,[],0,0,buy,A,,11.55,21.45,8.8,buy,2028-03-22,1.874,2.671,4786.41,5607.02,12.28,-11.41,,0,14:59:31,00,Y,N,1,1,Y,转股价下修1次，成功下修1次,2022-09-28 开始转股,计算使用1.9年期 评级为A 债参考YTM：6.8149,N,2.674,全价：145.785 最后更新：14:59:31,,,,1,{'M': ''},0,0,N,,,buy,buy
2026-05-08 08:56:12,113698,凯众转债,kzzz,164.391,2.96,603037,凯众股份,kzgf,14.68,6.92,3.82,12.74,115.23,0,42.67,207.06,280203,汽车,shmb,C,2025-09-10,[],0,0,buy,AA-,,8.918,16.562,7.9,buy,2031-08-15,5.274,3.079,42552.85,18099.04,82.92,-6.83,,0,14:59:57,00,Y,N,0,0,Y,,2026-02-24 开始转股,计算使用5.3年期 评级为AA- 债参考YTM：2.9603,N,3.08,全价：164.391 最后更新：14:59:57,,,,0,[],0,0,N,,,buy,buy
2026-05-08 08:56:12,127054,双箭转债,sjzz,136.077,0.26,002381,双箭股份,sjgf,6.73,1.51,1.28,7.06,95.33,0,42.75,178.83,220602,基础化工,szmb,C,2022-03-15,[],0,0,buy,AA,,4.942,9.178,23.8,buy,2028-02-11,1.764,5.136,3009.37,3582.8,4.31,-9.73,,0,15:34:24,00,Y,N,0,0,Y,,2022-08-17 开始转股,计算使用1.8年期 评级为AA 债参考YTM：1.7007,N,5.136,全价：136.077 最后更新：15:34:24,,,,1,[],0,0,N,,,buy,buy
2026-05-08 08:56:12,127108,太能转债,tnzz,136.57,0.04,000591,太阳能,tyn,5.29,0.57,0.86,5.55,95.32,0,43.28,179.85,410106,公用事业,szmb,C,2025-04-16,[],0,0,buy,AA+,,3.885,7.215,14.2,buy,2031-03-28,4.89,29.498,7770.16,52346.37,1.92,-3.18,,0,15:34:06,00,Y,N,0,0,Y,,2025-10-09 开始转股,计算使用4.9年期 评级为AA+ 债参考YTM：1.8843,N,29.5,全价：136.570 最后更新：15:34:06,,,,0,{'M': ''},0,0,N,,,buy,buy
2026-05-08 08:56:12,110084,贵燃转债,grzz,129.511,-0.22,600903,贵州燃气,gzrq,6.42,0.63,2.29,7.11,90.3,0,43.43,172.94,410301,公用事业,shmb,C,2022-01-18,[],0,0,buy,AA,,4.977,9.243,12.4,buy,2027-12-27,1.638,9.151,3469.08,5342.27,2.92,-8.66,,0,14:59:08,00,Y,N,1,1,Y,转股价下修1次，成功下修1次,2022-07-01 开始转股,计算使用1.7年期 评级为AA 债参考YTM：1.6847,N,10.0,全价：129.511 最后更新：14:59:08,,,,1,{'M': ''},0,0,N,,,buy,buy
2026-05-08 08:56:12,123155,中陆转债,zlzz,142.9,-1.18,301040,中环海陆,zhhl,31.62,-3.48,4.08,31.76,99.56,0,43.53,186.43,630602,电力设备,szcy,C,2022-08-31,[],0,0,buy,A+,,22.232,41.288,12.1,buy,2028-08-12,2.266,3.6,3746.92,16983.44,7.26,-7.83,,0,15:34:06,00,Y,N,0,0,Y,,2023-02-20 开始转股,计算使用2.3年期 评级为A+ 债参考YTM：4.5835,N,3.6,全价：142.900 最后更新：15:34:06,,,,0,{'M': ''},0,0,N,,,buy,buy
2026-05-08 08:56:12,110099,福能转债,fnzz,147.712,0.0,600483,福能股份,fngf,10.12,0.0,1.0,9.84,102.85,0,43.63,191.34,410110,公用事业,shmb,C,2025-10-30,[],0,0,buy,AA+,,6.888,12.792,13.5,buy,2031-10-13,5.436,38.02,5752.38,34491.13,1.02,-5.29,,0,14:59:50,00,Y,N,0,0,Y,,2026-04-17 开始转股,计算使用5.5年期 评级为AA+ 债参考YTM：1.9524,N,38.02,全价：147.712 最后更新：14:59:50,,,,0,{'M': ''},0,0,N,,,buy,buy
2026-05-08 08:56:12,123194,百洋转债,byzz,140.2,-0.31,301015,百洋医药,byyy,24.75,-0.68,5.03,25.36,97.6,0,43.66,183.86,370402,医药生物,szcy,C,2023-05-05,[],0,0,buy,AA-,,17.752,32.968,6.5,buy,2029-04-14,2.937,8.459,4369.6,17648.5,3.68,-6.2,,0,15:34:09,00,Y,N,0,0,Y,,2023-10-20 开始转股,计算使用3.0年期 评级为AA- 债参考YTM：2.4534,N,8.6,全价：140.200 最后更新：15:34:09,,,,0,{'M': ''},0,0,N,,,buy,buy
2026-05-08 08:56:12,113694,清源转债,qyzz,143.779,-0.04,603628,清源股份,qygf,12.84,0.47,2.64,12.86,99.84,0,44.0,187.78,630504,电力设备,shmb,C,2025-04-25,[],0,0,buy,A+,,9.002,16.718,14.3,buy,2031-04-08,4.921,5.0,1704.75,10314.41,2.37,-3.88,,0,14:59:12,00,Y,N,0,0,Y,,2025-10-14 开始转股,计算使用5.0年期 评级为A+ 债参考YTM：5.1506,N,5.0,全价：143.779 最后更新：14:59:12,,,,0,{'M': ''},0,0,N,,,buy,buy
2026-05-08 08:56:12,127092,运机转债,yjzz,340.3,3.37,001288,运机集团,yjjt,28.5,1.46,2.74,12.09,235.73,0,44.36,384.66,640203,机械设备,szmb,C,2023-10-20,[],0,0,buy,AA-,,8.463,15.717,12.1,buy,2029-09-21,3.375,5.25,19031.3,11567.72,10.7,-26.83,,0,15:34:48,00,Y,N,0,0,Y,,2024-03-27 开始转股,计算使用3.4年期 评级为AA- 债参考YTM：2.5413,N,7.3,全价：340.300 最后更新：15:34:48,,,,0,{'G': '本次（2025年12月8日至2025年12月26日）不提前赎回，以2026年12月26日后的首个交易日起重新计算'},0,0,N,,,buy,buy
2026-05-08 08:56:12,123114,三角转债,sjzz,143.768,0.93,300775,三角防务,sjfw,31.26,1.99,2.83,31.39,99.59,0,44.37,188.14,650201,国防军工,szcy,C,2021-06-11,[],0,0,buy,AA-,,21.973,40.807,5.4,buy,2027-05-25,1.047,8.999,8716.45,80913.07,6.76,-17.88,,0,15:33:54,00,Y,N,0,0,Y,,2021-11-30 开始转股,计算使用1.1年期 评级为AA- 债参考YTM：1.8989,N,9.044,全价：143.768 最后更新：15:33:54,,,,1,{'M': ''},0,0,N,,,buy,buy
2026-05-08 08:56:12,118036,力合转债,lhzz,145.596,-0.16,688589,力合微,lhw,24.0,0.33,3.34,23.93,100.29,0,45.17,190.77,270104,电子,shkc,C,2023-07-20,[],0,0,buy,AA-,,16.751,31.109,10.9,buy,2029-06-28,3.143,3.8,3744.16,7934.62,6.82,-6.26,,0,14:59:33,00,Y,N,1,1,Y,转股价下修1次，成功下修1次,2024-01-04 开始转股,计算使用3.2年期 评级为AA- 债参考YTM：2.5044,N,3.8,全价：145.596 最后更新：14:59:33,,,,0,{'M': ''},0,0,N,,,buy,buy
2026-05-08 08:56:12,118025,奕瑞转债,yrzz,147.437,0.31,688301,奕瑞科技,yrkj,116.1,-1.68,3.79,114.97,100.98,0,46.0,193.44,370502,医药生物,shkc,C,2022-11-18,[],0,0,buy,AA,,80.479,149.461,5.8,buy,2028-10-24,2.466,14.217,5746.29,27484.95,2.76,-10.3,,0,14:58:57,00,Y,N,1,1,Y,转股价下修1次，成功下修1次,2023-04-28 开始转股,计算使用2.5年期 评级为AA 债参考YTM：1.8034,N,14.35,全价：147.437 最后更新：14:58:57,,,,0,{'M': ''},0,0,N,,,buy,buy
2026-05-08 08:56:12,123133,佩蒂转债,pdzz,136.5,0.34,300673,佩蒂股份,pdgf,16.42,3.6,2.16,17.58,93.4,0,46.14,182.64,110404,农林牧渔,szcy,C,2022-01-21,[],0,0,buy,AA-,,12.306,22.854,27.3,buy,2027-12-22,1.625,7.198,4146.24,9859.65,4.23,-9.15,,0,15:34:00,00,Y,N,1,1,Y,转股价下修1次，成功下修1次,2022-06-28 开始转股,计算使用1.7年期 评级为AA- 债参考YTM：2.0712,N,7.2,全价：136.500 最后更新：15:34:00,,,,1,[],0,0,N,,,buy,buy
2026-05-08 08:56:12,113067,燃23转债,r23zz,134.141,-0.17,601139,深圳燃气,szrq,6.76,0.15,1.16,7.4,91.35,0,46.84,180.98,410301,公用事业,shmb,C,2023-08-18,[],0,0,buy,AAA,,5.18,9.62,15.4,buy,2029-07-27,3.222,29.999,3435.98,18007.86,0.85,-5.86,,0,14:59:15,00,Y,N,0,0,Y,,2024-02-02 开始转股,计算使用3.3年期 评级为AAA 债参考YTM：1.7465,N,30.0,全价：134.141 最后更新：14:59:15,,,,0,{'M': ''},0,0,N,,,buy,buy
2026-05-08 08:56:12,118040,宏微转债,hwzz,146.644,0.24,688711,宏微科技,hwkj,28.39,0.89,5.57,28.51,99.58,0,47.26,193.9,270102,电子,shkc,C,2023-08-14,[],0,0,buy,A,,19.957,37.063,7.1,buy,2029-07-25,3.216,4.297,4749.84,17519.74,7.58,-6.11,,0,14:59:49,00,Y,N,1,1,Y,转股价下修1次，成功下修1次,2024-01-31 开始转股,计算使用3.3年期 评级为A 债参考YTM：7.2272,N,4.3,全价：146.644 最后更新：14:59:49,,,,0,{'M': ''},0,0,N,,,buy,buy
2026-05-08 08:56:12,127031,洋丰转债,yfzz,135.395,0.84,000902,新洋丰,xyf,15.71,2.61,1.59,17.09,91.93,0,47.29,182.69,220805,基础化工,szmb,C,2021-04-23,[],0,0,buy,AA,,11.963,22.217,5.6,buy,2027-03-25,0.88,9.999,4185.29,30962.94,3.1,-19.71,,0,15:34:45,00,Y,N,1,1,Y,转股价下修1次，成功下修1次,2021-10-08 开始转股,计算使用0.9年期 评级为AA 债参考YTM：1.5396,N,10.0,全价：135.395 最后更新：15:34:45,,,,1,{'M': ''},0,0,N,,,buy,buy
2026-05-08 08:56:12,118037,上声转债,sszz,140.577,-0.22,688533,上声电子,ssdz,27.6,1.47,2.51,28.99,95.21,0,47.66,188.24,280206,汽车,shkc,C,2023-08-01,[],0,0,buy,A+,,20.293,37.687,10.3,buy,2029-07-06,3.164,4.679,1079.06,5497.92,1.64,-6.13,,0,14:59:58,00,Y,N,2,1,Y,转股价下修2次，成功下修1次,2024-01-12 开始转股,计算使用3.2年期 评级为A+ 债参考YTM：4.8564,N,5.2,全价：140.577 最后更新：14:59:58,,,,0,{'M': ''},0,0,N,,,buy,buy
2026-05-08 08:56:12,113037,紫银转债,zyzz,109.642,0.01,601860,紫金银行,zjyh,2.67,-0.37,0.47,3.6,74.17,0,47.83,157.47,480501,银行,shmb,C,2020-08-17,[],0,0,buy,AA+,,,4.68,47.4,buy,2026-07-23,0.208,44.995,8123.76,10093.86,1.65,1.59,,0,14:59:30,00,Y,N,1,1,Y,转股价下修1次，成功下修1次,2021-01-29 开始转股,计算使用0.3年期 评级为AA+ 债参考YTM：1.4629,N,45.0,全价：109.642 最后更新：14:59:30,,,,0,{'M': ''},0,0,N,,,buy,buy
2026-05-08 08:56:12,127072,博实转债,bszz,147.05,-0.5,002698,博实股份,bsgf,14.98,-1.19,3.6,15.06,99.47,0,47.84,194.89,640701,机械设备,szmb,C,2022-11-03,[],0,0,buy,AA,,10.542,19.578,3.6,buy,2028-09-22,2.378,4.498,9089.71,48986.96,13.76,-9.89,,0,15:34:45,00,Y,N,0,0,Y,,2023-03-28 开始转股,计算使用2.4年期 评级为AA 债参考YTM：1.7912,N,4.5,全价：147.050 最后更新：15:34:45,,,,0,{'M': ''},0,0,N,,,buy,buy
2026-05-08 08:56:12,113655,欧22转债,o22zz,133.079,0.32,603833,欧派家居,opjj,47.15,1.4,1.52,52.77,89.35,0,48.94,182.02,360308,轻工制造,shmb,C,2022-09-01,[],0,0,buy,AA,,36.939,68.601,7.0,buy,2028-08-05,2.247,19.999,5060.91,15341.62,1.9,-6.3,,0,14:59:51,00,Y,N,1,1,Y,转股价下修1次，成功下修1次,2023-02-13 开始转股,计算使用2.3年期 评级为AA 债参考YTM：1.7783,N,20.0,全价：133.079 最后更新：14:59:51,,,,0,{'M': ''},0,0,N,,,buy,buy
2026-05-08 08:56:12,123172,漱玉转债,syzz,134.998,0.05,301017,漱玉平民,sypm,13.49,1.12,2.55,14.95,90.23,0,49.61,184.61,370403,医药生物,szcy,C,2023-01-06,[],0,0,buy,AA-,,10.465,19.435,22.8,buy,2028-12-15,2.608,7.96,4374.67,9488.67,4.07,-5.59,,0,15:34:27,00,Y,N,1,1,Y,转股价下修1次，成功下修1次,2023-06-21 开始转股,计算使用2.7年期 评级为AA- 债参考YTM：2.3628,N,8.0,全价：134.998 最后更新：15:34:27,,,,0,{'M': ''},0,0,N,,,buy,buy
2026-05-08 08:56:12,127059,永东转2,ydz2,135.847,-0.11,002753,永东股份,ydgf,7.38,0.54,1.18,8.16,90.44,0,50.2,186.05,220603,基础化工,szmb,C,2022-05-16,[],0,0,buy,AA-,,5.712,10.608,21.2,buy,2028-04-08,1.921,3.791,2433.89,5410.76,4.72,-7.56,,0,15:34:00,00,Y,N,0,0,Y,,2022-10-14 开始转股,计算使用2.0年期 评级为AA- 债参考YTM：2.1536,N,3.8,全价：135.847 最后更新：15:34:00,,,,1,[],0,0,N,,,buy,buy
2026-05-08 08:56:12,110073,国投转债,gtzz,106.715,-0.03,600061,国投资本,gtzb,6.68,-0.15,0.75,9.42,70.91,0,50.49,157.21,490101,非银金融,shmb,C,2020-08-20,[],0,0,buy,AAA,,,12.246,18.7,buy,2026-07-24,0.211,79.991,13814.65,23337.11,1.62,1.28,,0,14:59:29,00,Y,N,0,0,Y,,2021-02-01 开始转股,计算使用0.3年期 评级为AAA 债参考YTM：1.4329,N,80.0,全价：106.715 最后更新：14:59:29,,,,0,{'M': ''},0,0,N,,,buy,buy
2026-05-08 08:56:12,127046,百润转债,brzz,134.677,-0.58,002568,百润股份,brgf,18.46,-0.38,3.71,20.63,89.48,0,50.51,185.19,340602,食品饮料,szmb,C,2021-11-03,[],0,0,buy,AA,,14.441,26.819,8.0,buy,2027-09-29,1.395,11.274,4801.67,18509.79,3.15,-12.65,,0,15:34:42,00,Y,N,1,1,Y,转股价下修1次，成功下修1次,2022-04-12 开始转股,计算使用1.4年期 评级为AA 债参考YTM：1.6364,N,11.28,全价：134.677 最后更新：15:34:42,,,,0,{'M': ''},0,0,N,,,buy,buy
2026-05-08 08:56:12,127104,姚记转债,yjzz,158.02,0.33,002605,姚记科技,yjkj,21.02,0.48,2.22,20.06,104.79,0,50.8,208.82,720401,传媒,szmb,C,2024-02-26,[],0,0,buy,A+,,14.042,26.078,8.2,buy,2030-01-24,3.718,5.823,4538.38,17244.55,4.9,-7.22,,0,15:34:12,00,Y,N,0,0,Y,,2024-07-31 开始转股,计算使用3.8年期 评级为A+ 债参考YTM：4.9552,N,5.831,全价：158.020 最后更新：15:34:12,,,,0,{'G': '本次（2025年12月26日至2026年2月9日）不提前赎回，自2026年5月9日后首个交易日重新计算'},0,0,N,,,buy,buy
2026-05-08 08:56:12,118035,国力转债,glzz,144.938,-0.5,688103,国力电子,gldz,59.99,0.79,4.97,62.54,95.92,0,51.1,196.04,270401,电子,shkc,C,2023-07-06,[],0,0,buy,A+,,43.778,81.302,8.4,buy,2029-06-12,3.099,4.8,1742.97,7579.02,2.49,-6.21,,0,14:59:38,00,Y,N,0,0,Y,,2023-12-18 开始转股,计算使用3.1年期 评级为A+ 债参考YTM：4.8320,N,4.8,全价：144.938 最后更新：14:59:38,,,,0,{'M': ''},0,0,N,,,buy,buy
2026-05-08 08:56:12,113665,汇通转债,htzz,138.169,0.48,603176,汇通集团,htjt,5.75,1.77,2.43,6.29,91.42,0,51.14,189.31,620306,建筑装饰,shmb,C,2023-01-11,[],0,0,buy,AA-,,4.403,8.177,13.5,buy,2028-12-15,2.608,3.596,5036.97,3088.66,10.15,-5.81,,0,14:59:04,00,Y,N,1,1,Y,转股价下修1次，成功下修1次,2023-06-21 开始转股,计算使用2.7年期 评级为AA- 债参考YTM：2.3628,N,3.6,全价：138.169 最后更新：14:59:04,,,,0,[],0,0,N,,,buy,buy
2026-05-08 08:56:12,128119,龙大转债,ldzz,88.312,0.57,002726,ST龙大,ldms,2.45,-5.04,4.39,4.2,58.33,0,51.39,139.7,340401,食品饮料,szmb,C,2020-08-07,[],0,0,buy,BB-,,2.94,5.46,35.8,buy,2026-07-13,0.181,9.459,6307.47,230.57,7.55,167.15,,0,15:34:03,00,Y,N,2,1,Y,转股价下修2次，成功下修1次,2021-01-18 开始转股,,Y,9.5,全价：88.312 最后更新：15:34:03,,,"按下调到底估算
股东大会：2026-05-22
预估转股价：3.31
预估转股价值：74.02
期权价值：0.06
理论价值：109.32
理论偏离度：-23.79%",1,[],0,0,N,,,buy,buy
2026-05-08 08:56:12,110086,精工转债,jgzz,133.348,-0.65,600496,精工钢构,jggg,4.21,-0.47,0.88,4.79,87.89,0,51.72,185.07,620401,建筑装饰,shmb,C,2022-05-23,[],0,0,buy,AA,,3.353,6.227,23.9,buy,2028-04-22,1.959,19.999,8213.51,21388.0,3.08,-7.84,,0,14:59:13,00,Y,N,0,0,Y,,2022-10-28 开始转股,计算使用2.0年期 评级为AA 债参考YTM：1.7336,N,20.0,全价：133.348 最后更新：14:59:13,,,,1,{'M': ''},0,0,N,,,buy,buy
2026-05-08 08:56:12,127050,麒麟转债,qlzz,131.841,0.18,002984,森麒麟,sql,16.77,0.12,1.26,19.36,86.62,0,52.2,184.04,280204,汽车,szmb,C,2021-12-06,[],0,0,buy,AA,,13.552,25.168,17.4,buy,2027-11-11,1.512,20.86,4531.69,31030.2,1.66,-10.45,,0,15:34:42,00,Y,N,1,1,Y,转股价下修1次，成功下修1次,2022-05-17 开始转股,计算使用1.6年期 评级为AA 债参考YTM：1.6688,N,21.989,全价：131.841 最后更新：15:34:42,,,,1,{'M': ''},0,0,N,,,buy,buy
2026-05-08 08:56:12,123195,蓝晓转02,lxz02,165.562,-0.88,300487,蓝晓科技,lxkj,64.59,-1.07,7.15,59.38,108.77,0,52.21,217.77,220504,基础化工,szcy,C,2023-05-08,[],0,0,buy,A+,,41.566,77.194,2.7,buy,2029-04-17,2.945,5.458,2483.39,25570.79,2.74,-10.7,,0,15:34:12,00,Y,N,0,0,Y,,2023-10-23 开始转股,计算使用3.0年期 评级为A+ 债参考YTM：4.8034,N,5.461,全价：165.562 最后更新：15:34:12,,,,0,{'M': ''},0,0,N,,,buy,buy
2026-05-08 08:56:12,123257,安克转债,akzz,164.919,-0.57,300866,安克创新,akcx,119.5,-2.04,5.74,110.58,108.07,0,52.61,217.53,270503,电子,szcy,C,2025-07-04,[],0,0,buy,AA+,,77.406,143.754,3.0,buy,2031-06-16,5.11,11.047,6252.45,72797.43,3.42,-7.32,,0,15:34:18,00,Y,N,0,0,Y,,2025-12-22 开始转股,计算使用5.2年期 评级为AA+ 债参考YTM：1.9090,N,11.048,全价：164.919 最后更新：15:34:18,,,,0,{'M': ''},0,0,N,,,buy,buy
2026-05-08 08:56:12,118042,奥维转债,awzz,160.685,1.63,688516,奥特维,atw,88.61,1.78,7.29,84.42,104.96,0,53.09,213.78,630505,电力设备,shkc,C,2023-09-01,[],0,0,buy,AA-,,59.094,109.746,4.1,buy,2029-08-10,3.26,11.399,22520.54,121033.97,12.43,-8.88,,0,14:59:42,00,Y,N,0,0,Y,,2024-02-19 开始转股,计算使用3.3年期 评级为AA- 债参考YTM：2.5242,N,11.4,全价：160.685 最后更新：14:59:42,,,,0,{'M': ''},0,0,N,,,buy,buy
2026-05-08 08:56:12,127102,浙建转债,zjzz,131.521,-0.55,002761,浙江建投,zjjt,8.78,-0.68,1.09,10.22,85.91,0,53.09,184.61,620101,建筑装饰,szmb,C,2024-01-16,[],0,0,buy,AA+,,7.154,13.286,10.5,buy,2029-12-25,3.636,9.951,4551.7,16184.11,3.46,-4.42,,0,15:34:00,00,Y,N,0,0,Y,,2024-07-01 开始转股,计算使用3.7年期 评级为AA+ 债参考YTM：1.8146,N,10.0,全价：131.521 最后更新：15:34:00,,,,0,{'M': ''},0,0,N,,,buy,buy
2026-05-08 08:56:12,128138,侨银转债,qyzz,132.118,0.24,002973,侨银股份,qygf,12.59,-0.24,1.97,14.64,86.0,0,53.63,185.75,760103,环保,szmb,C,2020-12-24,[],0,0,buy,A+,,10.248,19.032,10.5,buy,2026-11-17,0.529,4.199,2223.48,3818.56,4.01,-3.05,,0,15:34:09,00,Y,N,2,2,Y,转股价下修2次，成功下修2次,2021-05-24 开始转股,计算使用0.6年期 评级为A+ 债参考YTM：4.1060,N,4.2,全价：132.118 最后更新：15:34:09,,,,1,[],0,0,N,,,buy,buy
2026-05-08 08:56:12,113674,华设转债,hszz,138.003,0.21,603018,华设集团,hsjt,7.59,0.66,0.95,8.45,89.82,0,53.64,191.64,620601,建筑装饰,shmb,C,2023-08-15,[],0,0,buy,AA,,5.915,10.985,7.7,buy,2029-07-21,3.206,3.999,2705.1,5517.53,4.9,-5.3,,0,14:59:07,00,Y,N,0,0,Y,,2024-01-29 开始转股,计算使用3.3年期 评级为AA 债参考YTM：1.9031,N,4.0,全价：138.003 最后更新：14:59:07,,,,0,{'M': ''},0,0,N,,,buy,buy
2026-05-08 08:56:12,123189,晓鸣转债,xmzz,135.998,0.38,300967,晓鸣股份,xmgf,17.04,2.16,4.07,19.34,88.11,0,54.35,190.35,110703,农林牧渔,szcy,C,2023-04-25,[],0,0,buy,A,,13.538,25.142,15.5,buy,2029-04-06,2.915,3.287,2059.51,7913.79,4.61,-5.04,,0,15:34:06,00,Y,N,0,0,Y,,2023-10-12 开始转股,计算使用3.0年期 评级为A 债参考YTM：7.1534,N,3.29,全价：135.998 最后更新：15:34:06,,,,0,{'M': ''},0,0,N,,,buy,buy
2026-05-08 08:56:12,113696,伯25转债,b25zz,142.661,0.09,603596,伯特利,btl,48.41,1.92,3.56,52.42,92.35,0,54.48,197.14,280203,汽车,shmb,C,2025-07-28,[],0,0,buy,AA,,36.694,68.146,9.5,buy,2031-07-01,5.151,28.019,11722.63,62303.94,2.93,-4.39,,0,14:59:36,00,Y,N,0,0,N,2026-04-29 至 2026-05-08 期间暂停转股：权益分派,2026-01-07 开始转股;2026-04-29 至 2026-05-08 期间暂停转股：权益分派,计算使用5.2年期 评级为AA 债参考YTM：2.1488,N,28.02,全价：142.661 最后更新：14:59:36,,,,0,{'M': ''},0,0,N,,,buy,buy
2026-05-08 08:56:12,113692,保隆转债,blzz,137.983,-0.31,603197,保隆科技,blkj,34.92,0.37,2.29,39.36,88.72,0,55.53,193.51,280205,汽车,shmb,C,2024-11-27,[],0,0,buy,AA,,27.552,51.168,18.8,buy,2030-10-31,4.485,13.897,3596.24,8130.76,1.87,-4.34,,0,14:59:02,00,Y,N,0,0,Y,,2025-05-06 开始转股,计算使用4.5年期 评级为AA 债参考YTM：2.0609,N,13.9,全价：137.983 最后更新：14:59:02,,,,0,{'M': ''},0,0,N,,,buy,buy
2026-05-08 08:56:12,123220,易瑞转债,yrzz,139.053,0.74,300942,易瑞生物,yrsw,7.89,0.9,3.58,8.87,88.95,0,56.32,195.37,370504,医药生物,szcy,C,2023-09-06,[],0,0,buy,A+,,6.209,11.531,9.1,buy,2029-08-18,3.282,2.907,2395.33,4188.77,5.93,-4.74,,0,15:34:15,00,Y,N,1,1,Y,转股价下修1次，成功下修1次,2024-02-26 开始转股,计算使用3.3年期 评级为A+ 债参考YTM：4.8772,N,3.28,全价：139.053 最后更新：15:34:15,,,,0,{'M': ''},0,0,N,,,buy,buy
2026-05-08 08:56:12,118052,浩瀚转债,hhzz,155.338,0.04,688292,浩瀚深度,hhsd,24.05,-0.7,3.78,24.26,99.13,0,56.69,212.03,710103,计算机,shkc,C,2025-04-07,[],0,0,buy,A+,,16.982,31.538,9.3,buy,2031-03-13,4.849,3.539,4812.53,9457.46,8.8,-5.31,,0,14:59:59,00,Y,N,0,0,Y,,2025-09-19 开始转股,计算使用4.9年期 评级为A+ 债参考YTM：5.1346,N,3.54,全价：155.338 最后更新：14:59:59,,,,0,{'M': ''},0,0,N,,,buy,buy
2026-05-08 08:56:12,123124,晶瑞转2,jrz2,145.468,-1.19,300655,晶瑞电材,jrdc,15.32,-2.42,6.16,16.69,91.79,0,58.48,203.95,270601,电子,szcy,C,2021-09-07,[],0,0,buy,A+,,11.683,21.697,3.2,buy,2027-08-16,1.274,5.225,2942.81,57866.3,3.87,-20.6,,1,15:34:03,00,Y,N,0,0,Y,,2022-02-21 开始转股,计算使用1.3年期 评级为A+ 债参考YTM：4.2956,N,5.23,全价：145.468 最后更新：15:34:03,,,,1,{'M': ''},0,0,N,,23年6月前不下修,buy,buy
2026-05-08 08:56:12,111024,澳弘转债,ahzz,179.889,-0.89,605058,澳弘电子,ahdz,38.55,3.1,2.99,34.04,113.25,40,58.84,238.73,270202,电子,shmb,C,2026-01-16,[],0,0,buy,AA-,,23.828,44.252,10.5,buy,2031-12-10,5.595,5.8,6949.97,17853.98,6.63,-7.67,,0,14:59:54,00,Y,N,0,0,Y,,未到转股期；2026-06-17 开始转股,计算使用5.6年期 评级为AA- 债参考YTM：3.2389,N,5.8,全价：179.889 最后更新：14:59:54,,,,0,[],0,0,N,,,buy,buy
2026-05-08 08:56:12,118064,联瑞转债,lrzz,235.764,-2.07,688300,联瑞新材,lrxc,94.29,-0.71,12.44,63.55,148.37,67,58.9,294.66,220901,基础化工,shkc,C,2026-01-28,[],0,0,buy,AA,,44.485,82.615,3.1,buy,2032-01-07,5.671,6.95,15604.12,50042.21,9.49,-12.2,,0,14:59:48,00,Y,N,0,0,Y,,未到转股期；2026-07-14 开始转股,计算使用5.7年期 评级为AA 债参考YTM：2.2392,N,6.95,全价：235.764 最后更新：14:59:48,,,,0,{'M': ''},0,0,N,,,buy,buy
2026-05-08 08:56:12,127113,长高转债,cgzz,165.19,1.24,002452,长高电新,cgdx,11.43,2.33,2.53,11.01,103.82,129,59.12,224.31,630801,电力设备,szmb,C,2026-03-30,[],0,0,buy,AA-,,7.707,14.313,12.9,buy,2032-03-08,5.838,7.586,7323.28,45326.1,5.89,-6.26,,0,15:34:12,00,Y,N,0,0,Y,,未到转股期；2026-09-14 开始转股,计算使用5.9年期 评级为AA- 债参考YTM：3.4914,N,7.59,全价：165.190 最后更新：15:34:12,,,,0,{'M': ''},0,0,N,,,buy,buy
2026-05-08 08:56:12,118027,宏图转债,htzz,82.232,6.09,688066,*ST航图,htht,12.66,5.5,-2.89,24.55,51.57,0,59.46,141.69,710301,计算机,shkc,C,2022-12-22,[],0,0,buy,BB+,,17.185,31.915,30.5,buy,2028-11-28,2.562,10.087,47919.68,22926.01,59.11,15.88,,0,14:59:59,00,Y,N,2,2,Y,转股价下修2次，成功下修2次,2023-06-02 开始转股,,N,10.088,全价：82.232 最后更新：14:59:59,,,,0,[],0,0,N,,,buy,buy
2026-05-08 08:56:12,110100,龙建转债,ljzz,139.658,-0.01,600853,龙建股份,ljgf,4.05,1.25,0.99,4.63,87.47,81,59.66,199.32,620306,建筑装饰,shmb,C,2026-02-12,[],0,0,buy,AA,,3.241,6.019,24.4,buy,2032-01-21,5.71,10.0,1645.88,4740.76,1.18,-3.6,,0,14:59:34,00,Y,N,0,0,Y,,未到转股期；2026-07-28 开始转股,计算使用5.8年期 评级为AA 债参考YTM：2.2581,N,10.0,全价：139.658 最后更新：14:59:34,,,,0,[],0,0,N,,,buy,buy
2026-05-08 08:56:12,111021,奥锐转债,arzz,146.75,0.5,605116,奥锐特,art,22.87,-1.17,3.42,24.94,91.7,0,60.03,206.78,370101,医药生物,shmb,C,2024-08-15,[],0,0,buy,AA-,,17.458,32.422,8.7,buy,2030-07-26,4.219,8.121,2486.96,8381.0,2.09,-4.8,,0,14:59:51,00,Y,N,0,0,Y,,2025-02-05 开始转股,计算使用4.3年期 评级为AA- 债参考YTM：2.6802,N,8.121,全价：146.750 最后更新：14:59:51,,,,0,[],0,0,N,,,buy,buy
2026-05-08 08:56:12,123214,东宝转债,dbzz,135.396,0.13,300239,东宝生物,dbsw,5.59,1.45,1.9,6.63,84.31,0,60.59,195.99,370304,医药生物,szcy,C,2023-08-18,[],0,0,buy,A+,,4.641,8.619,13.8,buy,2029-07-31,3.233,4.549,3040.51,3757.01,4.93,-4.38,,0,15:34:45,00,Y,N,0,0,Y,,2024-02-05 开始转股,计算使用3.3年期 评级为A+ 债参考YTM：4.8772,N,4.55,全价：135.396 最后更新：15:34:45,,,,0,[],0,0,N,,,buy,buy
2026-05-08 08:56:12,118061,茂莱转债,mlzz,237.998,-2.93,688502,茂莱光学,mlgx,539.85,-1.98,22.66,364.43,148.14,19,60.66,298.66,270303,电子,shkc,C,2025-12-10,[],0,0,buy,A+,,255.101,473.759,2.0,buy,2031-11-20,5.54,5.625,42375.14,127928.85,31.07,-12.06,,0,14:59:59,00,Y,N,0,0,Y,,未到转股期；2026-05-27 开始转股,计算使用5.6年期 评级为A+ 债参考YTM：5.5880,N,5.625,全价：237.998 最后更新：14:59:59,,,,0,{'M': ''},0,0,N,,,buy,buy
2026-05-08 08:56:12,123261,普联转债,plzz,162.991,1.08,300996,普联软件,plrj,13.1,0.31,3.92,12.97,101.0,34,61.37,224.36,710401,计算机,szcy,C,2025-12-22,[],0,0,buy,A+,,9.079,16.861,5.6,buy,2031-12-05,5.581,2.429,4399.1,17722.91,11.09,-5.57,,0,15:34:33,00,Y,N,0,0,Y,,未到转股期；2026-06-11 开始转股,计算使用5.6年期 评级为A+ 债参考YTM：5.5880,N,2.43,全价：162.991 最后更新：15:34:33,,,,0,{'M': ''},0,0,N,,,buy,buy
2026-05-08 08:56:12,123223,九典转02,jdz02,139.75,-0.09,300705,九典制药,jdzy,12.92,1.1,2.4,14.95,86.42,0,61.71,201.46,370102,医药生物,szcy,C,2023-10-13,[],0,0,buy,A+,,10.465,19.435,4.3,buy,2029-09-15,3.359,2.053,600.98,5963.29,2.09,-5.02,,0,15:34:12,00,Y,N,0,0,Y,,2024-03-21 开始转股,计算使用3.4年期 评级为A+ 债参考YTM：4.8953,N,3.6,全价：139.750 最后更新：15:34:12,,,,0,[],0,0,N,,,buy,buy
2026-05-08 08:56:12,113643,风语转债,fyzz,138.791,0.23,603466,风语筑,fyz,10.13,1.1,2.85,11.82,85.7,0,61.95,200.74,720706,传媒,shmb,C,2022-04-22,[],0,0,buy,AA-,,8.274,15.366,8.3,buy,2028-03-25,1.882,4.994,5018.37,33598.49,7.23,-8.76,,0,14:59:58,00,Y,N,1,1,Y,转股价下修1次，成功下修1次,2022-10-10 开始转股,计算使用1.9年期 评级为AA- 债参考YTM：2.1253,N,5.0,全价：138.791 最后更新：14:59:58,,,,1,{'M': ''},0,0,N,,,buy,buy
2026-05-08 08:56:12,118062,天准转债,tzzz,226.647,-4.77,688003,天准科技,tzkj,77.88,-2.86,7.53,55.73,139.75,41,62.19,288.84,640704,机械设备,shkc,C,2025-12-31,[],0,0,buy,AA-,,39.011,66.876,5.8,buy,2031-12-11,5.597,8.72,30489.67,35535.95,15.18,-11.43,,0,14:59:58,00,Y,N,0,0,Y,,未到转股期；2026-06-18 开始转股,计算使用5.6年期 评级为AA- 债参考YTM：3.2389,N,8.72,全价：226.647 最后更新：14:59:58,,,,0,{'M': ''},0,0,N,120%,,buy,buy
2026-05-08 08:56:12,123065,宝莱转债,blzz,128.102,0.39,300246,宝莱特,blt,18.71,2.75,4.38,23.8,78.61,0,62.95,191.05,370502,医药生物,szcy,C,2020-09-24,[],0,0,buy,AA-,,16.66,30.94,5.5,buy,2026-09-04,0.326,2.18,2631.05,27567.39,9.42,-31.64,,0,15:34:42,00,Y,N,1,1,Y,转股价下修1次，成功下修1次,2021-03-11 开始转股,计算使用0.4年期 评级为AA- 债参考YTM：1.7295,N,2.19,全价：128.102 最后更新：15:34:42,,,,0,[],0,0,N,,,buy,buy
2026-05-08 08:56:12,123144,裕兴转债,yxzz,129.403,-0.27,300305,裕兴股份,yxgf,6.74,1.05,1.26,8.5,79.29,0,63.19,192.59,220505,基础化工,szcy,C,2022-04-27,[],0,0,buy,A+,,5.95,11.05,27.7,buy,2028-04-11,1.929,5.997,2039.87,4147.46,2.63,-5.14,,0,15:33:57,00,Y,N,1,1,Y,转股价下修1次，成功下修1次,2022-10-17 开始转股,计算使用2.0年期 评级为A+ 债参考YTM：4.4936,N,6.0,全价：129.403 最后更新：15:33:57,,,,1,[],0,0,N,,,buy,buy
2026-05-08 08:56:12,113656,嘉诚转债,jczz,130.547,0.35,603535,嘉诚国际,jcgj,8.21,2.5,1.62,10.35,79.32,0,64.58,195.13,420805,交通运输,shmb,C,2022-10-12,[],0,0,buy,AA-,,7.245,13.455,19.1,buy,2028-09-01,2.321,7.998,8134.4,4733.41,7.78,-4.16,,0,14:59:50,00,Y,N,0,0,Y,,2023-03-07 开始转股,计算使用2.4年期 评级为AA- 债参考YTM：2.2720,N,8.0,全价：130.547 最后更新：14:59:50,,,,0,[],0,0,N,,,buy,buy
2026-05-08 08:56:12,113699,金25转债,j25zz,173.254,-3.23,603979,金诚信,jcx,66.67,-1.24,3.57,63.46,105.06,0,64.91,238.16,240302,有色金属,shmb,C,2025-10-27,[],0,0,buy,AA,,44.422,82.498,4.8,buy,2031-09-26,5.389,19.999,13225.08,79064.74,3.79,-7.32,,0,14:59:55,00,Y,N,0,0,Y,,2026-04-10 开始转股,计算使用5.4年期 评级为AA 债参考YTM：2.1828,N,20.0,全价：173.254 最后更新：14:59:55,,,,0,{'M': ''},0,0,N,,,buy,buy
2026-05-08 08:56:12,127112,尚太转债,stzz,160.736,-0.78,001301,尚太科技,stkj,82.25,-0.5,2.98,84.71,97.1,75,65.54,226.28,630702,电力设备,szmb,C,2026-02-05,[],0,0,buy,AA+,,59.297,110.123,11.4,buy,2032-01-15,5.693,17.34,11355.29,37397.87,4.05,-6.3,,0,15:34:09,00,Y,N,0,0,Y,,未到转股期；2026-07-22 开始转股,计算使用5.7年期 评级为AA+ 债参考YTM：1.9863,N,17.34,全价：160.736 最后更新：15:34:09,,,,0,[],0,0,N,,,buy,buy
2026-05-08 08:56:12,123168,惠云转债,hyzz,135.078,0.13,300891,惠云钛业,hyty,8.73,1.75,2.74,10.74,81.29,0,66.18,201.26,220206,基础化工,szcy,C,2022-12-14,[],0,0,buy,AA-,,7.518,13.962,16.8,buy,2028-11-23,2.548,4.899,2860.61,6980.35,4.33,-5.03,,0,15:34:21,00,Y,N,0,0,Y,,2023-05-29 开始转股,计算使用2.6年期 评级为AA- 债参考YTM：2.3325,N,4.9,全价：135.078 最后更新：15:34:21,,,,0,{'M': ''},0,0,N,,,buy,buy
2026-05-08 08:56:12,123192,科思转债,kszz,135.365,-0.61,300856,科思股份,ksgf,14.16,0.43,2.39,17.39,81.43,0,66.24,201.61,770201,美容护理,szcy,C,2023-05-11,[],0,0,buy,AA-,,12.173,22.607,11.0,buy,2029-04-13,2.934,7.187,4365.66,5358.11,4.48,-4.5,,0,15:34:09,00,Y,N,0,0,Y,,2023-10-19 开始转股,计算使用3.0年期 评级为AA- 债参考YTM：2.4534,N,7.249,全价：135.365 最后更新：15:34:09,,,,0,{'M': ''},0,0,N,,,buy,buy
2026-05-08 08:56:12,118020,芳源转债,fyzz,128.595,-0.14,688148,芳源股份,fygf,10.77,-3.15,10.02,14.0,76.93,0,67.16,195.76,630702,电力设备,shkc,C,2022-11-07,[],0,0,buy,BBB,,9.8,18.2,11.7,buy,2028-09-23,2.381,6.417,3953.33,37198.71,4.79,-0.88,,0,14:59:15,00,Y,N,1,1,Y,转股价下修1次，成功下修1次,2023-03-29 开始转股,计算使用2.4年期 评级为BBB 债参考YTM：15.5764,N,6.42,全价：128.595 最后更新：14:59:15,,,,0,{'M': ''},0,0,N,,,buy,buy
2026-05-08 08:56:12,127111,金威转债,jwzz,137.5,-0.79,002626,金达威,jdw,16.1,2.16,2.19,19.59,82.19,0,67.31,204.81,340407,食品饮料,szmb,C,2025-09-08,[],0,0,buy,AA,,13.713,25.467,13.2,buy,2031-08-20,5.288,12.924,4550.65,14709.8,2.55,-3.6,,0,15:33:57,00,Y,N,0,0,Y,,2026-02-26 开始转股,计算使用5.3年期 评级为AA 债参考YTM：2.1652,N,12.924,全价：137.500 最后更新：15:33:57,,,,0,{'M': ''},0,0,N,,,buy,buy
2026-05-08 08:56:12,123263,鼎捷转债,djzz,168.01,-1.0,300378,鼎捷数智,djsz,43.4,0.37,5.01,43.54,99.68,42,68.55,236.56,710402,计算机,szcy,C,2025-12-31,[],0,0,buy,AA,,,56.602,7.1,buy,2031-12-15,5.608,8.277,27113.46,89008.99,19.23,-6.82,,0,15:34:24,00,Y,N,0,0,Y,,未到转股期；2026-06-19 开始转股,计算使用5.7年期 评级为AA 债参考YTM：2.2392,N,8.28,全价：168.010 最后更新：15:34:24,,,,0,{'M': ''},0,0,N,,,buy,buy
2026-05-08 08:56:12,118053,正帆转债,zfzz,147.603,0.47,688596,正帆科技,zfkj,33.34,-0.15,2.62,38.45,86.71,0,70.23,217.83,640209,机械设备,shkc,C,2025-04-03,[],0,0,buy,AA,,26.915,49.985,10.6,buy,2031-03-18,4.863,10.41,7128.01,25408.47,4.62,-4.93,,0,14:59:28,00,Y,N,0,0,Y,,2025-09-24 开始转股,计算使用4.9年期 评级为AA 债参考YTM：2.1085,N,10.41,全价：147.603 最后更新：14:59:28,,,,0,{'M': ''},0,0,N,,,buy,buy
2026-05-08 08:56:12,123268,本川转债,bczz,164.05,4.29,300964,本川智能,bczn,72.9,-2.27,5.45,75.88,96.07,168,70.76,234.81,270202,电子,szcy,C,2026-05-07,[],0,0,buy,AA-,,53.116,98.644,11.5,buy,2032-04-16,5.945,4.69,126295.67,26284.18,159.0,-5.35,,0,15:34:18,00,Y,N,0,0,Y,,未到转股期；2026-10-23 开始转股,计算使用6.0年期 评级为AA- 债参考YTM：3.5446,N,4.69,全价：164.050 最后更新：15:34:18,,,,0,{'M': ''},0,0,N,,,buy,buy
2026-05-08 08:56:12,127093,章鼓转债,zgzz,137.173,1.39,002598,ST章鼓,sdzg,8.14,1.62,1.92,10.15,80.2,0,71.04,208.21,640106,机械设备,szmb,C,2023-11-03,[],0,0,buy,A,,7.105,13.195,10.4,buy,2029-10-17,3.447,2.425,2968.26,6199.94,8.95,-4.34,,0,15:34:51,00,Y,N,1,0,Y,转股价下修1次，成功下修0次,2024-04-23 开始转股,计算使用3.5年期 评级为A 债参考YTM：7.2614,Y,2.43,全价：137.173 最后更新：15:34:51,,,"按下调到底估算
股东大会：待定
预估转股价：8.09
预估转股价值：100.62
期权价值：32.53
理论价值：125.81
理论偏离度：8.28%",0,[],0,0,N,,,buy,buy
2026-05-08 08:56:12,127080,声迅转债,sxzz,227.0,12.32,003004,*ST声迅,sxgf,38.33,5.01,4.47,28.94,132.45,0,71.39,298.39,710102,计算机,szmb,C,2023-02-10,[],0,0,buy,A,,20.258,37.622,10.6,buy,2028-12-30,2.649,2.793,252762.79,444.24,401.75,-21.96,,0,15:34:36,00,Y,N,0,0,Y,,2023-07-07 开始转股,计算使用2.7年期 评级为A 债参考YTM：7.0592,N,2.8,全价：227.000 最后更新：15:34:36,,,,0,[],0,0,N,,,buy,buy
2026-05-08 08:56:12,123262,神宇转债,syzz,149.589,-0.27,300563,神宇股份,sygf,33.81,0.6,5.19,38.82,87.09,40,71.76,221.35,730205,通信,szcy,C,2025-12-30,[],0,0,buy,AA-,,27.174,50.466,11.3,buy,2031-12-10,5.595,5.0,3495.43,13098.73,4.69,-4.84,,0,15:34:15,00,Y,N,0,0,Y,,未到转股期；2026-06-17 开始转股,计算使用5.6年期 评级为AA- 债参考YTM：3.2389,N,5.0,全价：149.589 最后更新：15:34:15,,,,0,{'M': ''},0,0,N,,,buy,buy
2026-05-08 08:56:12,118059,颀中转债,qzzz,163.818,-2.37,688352,颀中科技,qzkj,13.11,-0.3,2.67,13.75,95.35,0,71.82,235.64,270107,电子,shkc,C,2025-11-21,[],0,0,buy,AA+,,9.625,17.875,17.7,buy,2031-11-03,5.493,8.499,6281.29,15539.47,4.49,-6.7,,0,14:59:58,00,Y,N,0,0,Y,,2026-05-07 开始转股,计算使用5.5年期 评级为AA+ 债参考YTM：1.9524,N,8.5,全价：163.818 最后更新：14:59:58,,,,0,{'M': ''},0,0,N,,,buy,buy
2026-05-08 08:56:12,127038,国微转债,gwzz,136.865,0.23,002049,紫光国微,zggw,77.36,-2.09,4.66,97.3,79.51,0,72.14,209.01,270104,电子,szmb,C,2021-07-14,[],0,0,buy,AA+,,68.11,126.49,2.3,buy,2027-06-10,1.09,14.915,6966.99,282386.94,3.43,-17.18,,0,15:34:51,00,Y,N,0,0,Y,,2021-12-17 开始转股,计算使用1.1年期 评级为AA+ 债参考YTM：1.5629,N,15.0,全价：136.865 最后更新：15:34:51,,,,0,{'M': ''},0,0,N,,,buy,buy
2026-05-08 08:56:12,113679,芯能转债,xnzz,135.808,-0.5,603105,芯能科技,xnkj,10.05,-0.89,2.21,12.75,78.82,0,72.29,208.1,410106,公用事业,shmb,C,2023-11-24,[],0,0,buy,AA-,,8.925,16.575,17.5,buy,2029-10-26,3.471,8.798,2972.43,16840.31,2.48,-3.69,,0,14:59:59,00,Y,N,0,0,Y,,2024-05-06 开始转股,计算使用3.5年期 评级为AA- 债参考YTM：2.5564,N,8.8,全价：135.808 最后更新：14:59:59,,,,0,{'M': ''},0,0,N,,,buy,buy
2026-05-08 08:56:12,127083,山路转债,slzz,126.139,-0.36,000498,山东路桥,sdlq,5.57,0.54,0.32,7.61,73.19,0,72.34,198.48,620306,建筑装饰,szmb,C,2023-04-26,[],0,0,buy,AAA,,5.327,9.893,59.9,buy,2029-03-24,2.88,48.359,2257.78,9394.48,0.37,-4.32,,0,15:34:51,00,Y,N,0,0,Y,,2023-10-09 开始转股,计算使用2.9年期 评级为AAA 债参考YTM：1.7135,N,48.36,全价：126.139 最后更新：15:34:51,,,,0,{'M': ''},0,0,N,,,buy,buy
2026-05-08 08:56:12,118065,艾为转债,awzz,153.306,-0.55,688798,艾为电子,awdz,70.99,0.01,3.84,79.83,88.93,81,72.4,225.71,270105,电子,shkc,C,2026-02-26,[],0,0,buy,AA+,,55.881,103.779,19.7,buy,2032-01-22,5.712,19.01,5363.98,23504.53,1.84,-5.35,,0,14:59:46,00,Y,N,0,0,Y,,未到转股期；2026-07-28 开始转股,计算使用5.8年期 评级为AA+ 债参考YTM：2.0032,N,19.01,全价：153.306 最后更新：14:59:46,,,,0,{'M': ''},0,0,N,,,buy,buy
2026-05-08 08:56:12,113648,巨星转债,jxzz,129.416,-0.59,603477,巨星农牧,jxnm,18.66,-1.43,3.54,24.86,75.06,0,72.42,201.84,110702,农林牧渔,shmb,C,2022-05-17,[],0,0,buy,AA-,,17.402,32.318,9.5,buy,2028-04-25,1.967,8.997,4337.96,30027.11,3.72,-7.06,,0,14:59:43,00,Y,N,0,0,Y,,2022-10-31 开始转股,计算使用2.0年期 评级为AA- 债参考YTM：2.1536,N,10.0,全价：129.416 最后更新：14:59:43,,,,1,{'M': ''},0,0,N,,,buy,buy
2026-05-08 08:56:12,113652,伟22转债,w22zz,134.926,0.37,603568,伟明环保,wmhb,21.28,-1.16,2.36,27.27,78.03,0,72.91,207.84,760103,环保,shmb,C,2022-08-12,[],0,0,buy,AA,,19.089,35.451,4.1,buy,2028-07-22,2.208,14.766,6811.15,11506.28,3.42,-7.75,,0,14:59:52,00,Y,N,1,1,Y,转股价下修1次，成功下修1次,2023-01-30 开始转股,计算使用2.3年期 评级为AA 债参考YTM：1.7783,N,14.77,全价：134.926 最后更新：14:59:52,,,,0,{'M': ''},0,0,N,,,buy,buy
2026-05-08 08:56:12,123196,正元转02,zyz02,135.033,0.18,300645,正元智慧,zyzh,17.1,1.12,2.19,21.93,77.98,0,73.17,208.2,710103,计算机,szcy,C,2023-05-19,[],0,0,buy,A+,,15.351,28.509,14.7,buy,2029-04-18,2.948,3.501,3032.15,6116.75,6.43,-4.45,,0,15:34:15,00,Y,N,2,1,Y,转股价下修2次，成功下修1次,2023-10-24 开始转股,计算使用3.0年期 评级为A+ 债参考YTM：4.8034,N,3.507,全价：135.033 最后更新：15:34:15,,,,0,[],0,0,N,,,buy,buy
2026-05-08 08:56:12,118067,上26转债,s26zz,146.769,0.11,688533,上声电子,ssdz,27.6,1.47,2.51,32.6,84.66,139,73.36,220.13,280206,汽车,shkc,C,2026-04-14,[],0,0,buy,A+,,22.82,42.38,7.1,buy,2032-03-17,5.863,3.25,1536.82,5497.92,3.23,-3.72,,0,14:59:58,00,Y,N,0,0,Y,,未到转股期；2026-09-24 开始转股,计算使用5.9年期 评级为A+ 债参考YTM：5.8413,N,3.25,全价：146.769 最后更新：14:59:58,,,,0,{'M': ''},0,0,N,,,buy,buy
2026-05-08 08:56:12,123165,回天转债,htzz,133.841,-0.3,300041,回天新材,htxc,11.67,-0.77,2.07,15.2,76.78,0,74.33,208.17,220316,基础化工,szcy,C,2022-11-15,[],0,0,buy,AA-,,10.64,19.76,13.4,buy,2028-10-27,2.474,8.497,1662.73,15345.05,1.46,-4.89,,0,15:34:00,00,Y,N,0,0,Y,,2023-05-04 开始转股,计算使用2.5年期 评级为AA- 债参考YTM：2.3022,N,8.5,全价：133.841 最后更新：15:34:00,,,,0,{'M': ''},0,0,N,,,buy,buy
2026-05-08 08:56:12,127069,小熊转债,xxzz,136.744,0.55,002959,小熊电器,xxdq,40.92,-0.22,2.03,52.21,78.38,0,74.47,211.21,330301,家用电器,szmb,C,2022-09-07,[],0,0,buy,AA-,,36.547,67.873,8.2,buy,2028-08-12,2.266,5.041,2275.92,3802.05,3.31,-6.04,,0,15:34:30,00,Y,N,1,0,Y,转股价下修1次，成功下修0次,2023-02-20 开始转股,计算使用2.3年期 评级为AA- 债参考YTM：2.2420,Y,5.36,全价：136.744 最后更新：15:34:30,,,"按下调到底估算
股东大会：2026-05-11
预估转股价：42.61
预估转股价值：96.03
期权价值：14.81
理论价值：128.20
理论偏离度：6.25%",0,{'M': ''},0,0,N,,,buy,buy
2026-05-08 08:56:12,123265,耐普转02,npz02,152.02,-0.64,300818,耐普矿机,npkj,33.48,2.26,2.98,38.44,87.1,75,74.54,226.56,640103,机械设备,szcy,C,2026-01-30,[],0,0,buy,A+,,26.908,49.972,12.3,buy,2032-01-15,5.693,4.5,12563.91,13143.29,18.42,-4.28,,0,15:34:30,00,Y,N,0,0,Y,,未到转股期；2026-07-22 开始转股,计算使用5.7年期 评级为A+ 债参考YTM：5.6825,N,4.5,全价：152.020 最后更新：15:34:30,,,,0,[],0,0,N,,,buy,buy
2026-05-08 08:56:12,123229,艾录转债,alzz,137.443,0.36,301062,上海艾录,shal,7.86,1.81,2.5,10.0,78.6,0,74.86,212.3,360205,轻工制造,szcy,C,2023-11-20,[],0,0,buy,A+,,7.0,13.0,7.2,buy,2029-10-23,3.463,1.779,666.84,5294.92,2.73,-3.86,,0,15:34:21,00,Y,N,0,0,Y,,2024-04-29 开始转股,计算使用3.5年期 评级为A+ 债参考YTM：4.9114,N,5.0,全价：137.443 最后更新：15:34:21,,,,0,{'M': ''},0,0,N,,,buy,buy
2026-05-08 08:56:12,113693,志邦转债,zbzz,131.0,0.0,603801,志邦家居,zbjj,8.6,0.82,1.17,11.52,74.65,0,75.48,206.48,360308,轻工制造,shmb,C,2025-04-08,[],0,0,buy,AA,,8.064,14.976,17.9,buy,2031-03-18,4.863,6.7,2452.5,2577.13,2.79,-2.81,,0,14:59:07,00,Y,N,0,0,Y,,2025-09-24 开始转股,计算使用4.9年期 评级为AA 债参考YTM：2.1085,N,6.7,全价：131.000 最后更新：14:59:07,,,,0,[],0,0,N,,,buy,buy
2026-05-08 08:56:12,118063,金05转债,j05zz,181.295,-2.44,688676,XD金盘科,jpkj,91.21,-4.06,7.82,88.6,102.95,54,76.11,257.41,630801,电力设备,shkc,C,2026-01-14,[],0,0,buy,AA+,,62.02,115.18,4.0,buy,2031-12-24,5.633,16.71,9101.48,143246.83,3.0,-8.35,,0,14:59:40,00,Y,N,0,0,Y,,未到转股期；2026-07-01 开始转股,计算使用5.7年期 评级为AA+ 债参考YTM：1.9863,N,16.71,全价：181.295 最后更新：14:59:40,,,,0,{'M': ''},0,0,N,,,buy,buy
2026-05-08 08:56:12,123157,科蓝转债,klzz,134.485,0.1,300663,科蓝软件,klrj,10.08,0.3,12.84,13.2,76.36,0,76.11,210.6,710401,计算机,szcy,C,2022-09-20,[],0,0,buy,A,,9.24,17.16,5.0,buy,2028-08-30,2.315,2.34,5906.42,54219.79,18.84,-5.32,,0,15:33:57,00,Y,N,1,1,Y,转股价下修1次，成功下修1次,2023-03-06 开始转股,计算使用2.4年期 评级为A 债参考YTM：6.9646,N,4.946,全价：134.485 最后更新：15:33:57,,,,0,{'M': ''},0,0,N,,,buy,buy
2026-05-08 08:56:12,123193,海能转债,hnzz,133.755,-0.13,300787,海能实业,hnsy,11.16,0.27,2.06,14.7,75.92,0,76.18,209.94,270504,电子,szcy,C,2023-05-09,[],0,0,buy,AA-,,10.29,19.11,27.3,buy,2029-04-13,2.934,5.997,3035.75,4666.14,3.79,-4.1,,0,15:34:12,00,Y,N,0,0,Y,,2023-10-19 开始转股,计算使用3.0年期 评级为AA- 债参考YTM：2.4534,N,6.0,全价：133.755 最后更新：15:34:12,,,,0,[],0,0,N,,,buy,buy
2026-05-08 08:56:12,123138,丝路转债,slzz,138.3,0.83,300556,丝路视觉,slsj,20.77,1.22,5.94,26.53,78.29,0,76.65,214.95,710401,计算机,szcy,C,2022-03-22,[],0,0,buy,A,,18.571,34.489,10.6,buy,2028-03-02,1.819,2.393,2069.23,12119.36,6.27,-8.68,,0,15:34:06,00,Y,N,0,0,Y,,2022-09-08 开始转股,计算使用1.9年期 评级为A 债参考YTM：6.8149,N,2.4,全价：138.300 最后更新：15:34:06,,,,1,[],0,0,N,,,buy,buy
2026-05-08 08:56:12,111009,盛泰转债,stzz,132.052,-0.26,605138,盛泰集团,stjt,7.89,1.02,1.7,10.56,74.72,0,76.74,208.79,350209,纺织服饰,shmb,C,2022-12-01,[],0,0,buy,AA,,7.392,13.728,16.0,buy,2028-11-07,2.504,7.011,2101.34,6793.8,2.27,-6.03,,0,14:59:18,00,Y,N,0,0,Y,,2023-05-11 开始转股,计算使用2.6年期 评级为AA 债参考YTM：1.8153,N,7.012,全价：132.052 最后更新：14:59:18,,,,0,[],0,0,N,,,buy,buy
2026-05-08 08:56:12,118066,统联转债,tlzz,147.988,-0.47,688210,统联精密,tljm,46.98,2.62,5.82,56.2,83.59,121,77.03,225.02,270504,电子,shkc,C,2026-03-20,[],0,0,buy,AA-,,39.34,73.06,7.6,buy,2032-03-02,5.822,5.76,3906.36,21721.69,4.57,-4.48,,0,14:59:47,00,Y,N,0,0,Y,,未到转股期；2026-09-06 开始转股,计算使用5.9年期 评级为AA- 债参考YTM：3.4914,N,5.76,全价：147.988 最后更新：14:59:47,,,,0,{'M': ''},0,0,N,,,buy,buy
2026-05-08 08:56:12,113636,甬金转债,yjzz,132.202,-0.17,603995,甬金股份,yjgf,19.92,0.76,1.21,26.74,74.5,0,77.46,209.66,230501,钢铁,shmb,C,2021-12-31,[],0,0,buy,AA-,,18.718,34.762,13.7,buy,2027-12-13,1.6,9.995,3150.96,8826.9,2.38,-7.19,,0,14:59:26,00,Y,N,1,1,Y,转股价下修1次，成功下修1次,2022-06-17 开始转股,计算使用1.6年期 评级为AA- 债参考YTM：2.0447,N,10.0,全价：132.202 最后更新：14:59:26,,,,1,{'M': ''},0,0,N,,,buy,buy
2026-05-08 08:56:12,118024,冠宇转债,gyzz,128.772,-0.41,688772,珠海冠宇,zhgy,16.55,-0.9,2.47,22.89,72.3,0,78.1,206.87,630701,电力设备,shkc,C,2022-11-17,[],0,0,buy,AA,,16.023,27.468,16.5,buy,2028-10-24,2.466,30.889,8389.32,62016.06,2.11,-4.46,,0,14:59:10,00,Y,N,0,0,Y,,2023-04-28 开始转股,计算使用2.5年期 评级为AA 债参考YTM：1.8034,N,30.89,全价：128.772 最后更新：14:59:10,,,,0,{'M': ''},0,0,N,120%,,buy,buy
2026-05-08 08:56:12,123264,双乐转债,slzz,140.888,0.17,301036,双乐股份,slgf,28.93,1.33,1.7,36.7,78.83,59,78.73,219.62,220305,基础化工,szcy,C,2026-01-16,[],0,0,buy,AA-,,25.69,47.71,39.3,buy,2031-12-25,5.636,8.0,2416.92,2708.42,2.15,-3.78,,0,15:34:27,00,Y,N,0,0,Y,,未到转股期；2026-07-06 开始转股,计算使用5.7年期 评级为AA- 债参考YTM：3.3332,N,8.0,全价：140.888 最后更新：15:34:27,,,,0,{'M': ''},0,0,N,,,buy,buy
2026-05-08 08:56:12,123266,博士转债,bszz,152.1,0.36,300622,博士眼镜,bsyj,25.73,1.5,6.19,30.43,84.56,139,79.88,231.98,450401,商贸零售,szcy,C,2026-04-07,[],0,0,buy,AA,,21.301,39.559,9.2,buy,2032-03-17,5.863,3.75,2670.28,17598.87,4.7,-4.63,,0,15:34:33,00,Y,N,0,0,Y,,未到转股期；2026-09-24 开始转股,计算使用5.9年期 评级为AA 债参考YTM：2.2767,N,3.75,全价：152.100 最后更新：15:34:33,,,,0,[],0,0,N,,,buy,buy
2026-05-08 08:56:12,123175,百畅转债,bczz,123.012,-0.66,300614,百川畅银,bccy,13.92,-0.07,2.52,20.4,68.24,0,80.28,203.29,760103,环保,szcy,C,2023-03-17,[],0,0,buy,A,,14.28,26.52,18.8,buy,2029-02-22,2.797,4.199,3316.06,4273.86,6.41,-2.03,,0,15:34:30,00,Y,N,2,2,Y,转股价下修2次，成功下修2次,2023-08-28 开始转股,计算使用2.8年期 评级为A 债参考YTM：7.0908,N,4.2,全价：123.012 最后更新：15:34:30,,,,0,{'M': ''},0,0,N,,,buy,buy
2026-05-08 08:56:12,113610,灵康转债,lkzz,125.743,-0.16,603669,灵康药业,lkyy,4.53,1.8,5.18,6.5,69.69,0,80.43,206.17,370102,医药生物,shmb,C,2020-12-22,[],0,0,buy,A-,,4.55,8.45,7.8,buy,2026-12-01,0.567,2.53,1130.9,5149.63,3.55,-15.14,,0,14:59:20,00,Y,N,2,2,Y,转股价下修2次，成功下修2次,2021-06-07 开始转股,计算使用0.6年期 评级为A- 债参考YTM：8.8060,N,5.25,全价：125.743 最后更新：14:59:20,,,,1,[],0,0,N,,,buy,buy
2026-05-08 08:56:12,113647,禾丰转债,hfzz,124.64,-0.52,603609,禾丰股份,hfgf,6.95,-0.29,0.95,10.09,68.88,0,80.95,205.59,110402,农林牧渔,shmb,C,2022-05-18,[],0,0,buy,AA,,7.063,13.117,23.2,buy,2028-04-22,1.959,14.669,3979.85,1849.22,2.17,-4.58,,0,14:59:50,00,Y,N,0,0,Y,,2022-10-28 开始转股,计算使用2.0年期 评级为AA 债参考YTM：1.7336,N,15.0,全价：124.640 最后更新：14:59:50,,,,1,{'M': ''},0,0,N,,,buy,buy
2026-05-08 08:56:12,113625,江山转债,jszz,127.866,-0.13,603208,江山欧派,jsop,13.96,2.05,2.34,19.84,70.36,0,81.72,209.59,360308,轻工制造,shmb,C,2021-07-01,[],0,0,buy,AA-,,13.888,25.792,23.7,buy,2027-06-11,1.093,5.825,1744.21,3533.24,2.34,-5.39,,0,14:59:56,00,Y,N,1,1,Y,转股价下修1次，成功下修1次,2021-12-20 开始转股,计算使用1.1年期 评级为AA- 债参考YTM：1.8989,N,5.83,全价：127.866 最后更新：14:59:56,,,,0,[],0,0,Y,,,buy,buy
2026-05-08 08:56:12,113627,太平转债,tpzz,123.407,-0.03,603877,太平鸟,tpn,14.16,1.36,1.44,20.88,67.82,0,81.97,205.38,350209,纺织服饰,shmb,C,2021-08-06,[],0,0,buy,AA,,14.616,27.144,12.0,buy,2027-07-15,1.186,7.997,1975.11,1781.79,2.0,-8.11,,0,14:59:57,00,Y,N,1,1,Y,转股价下修1次，成功下修1次,2022-01-21 开始转股,计算使用1.2年期 评级为AA 债参考YTM：1.6021,N,8.0,全价：123.407 最后更新：14:59:57,,,,0,{'M': ''},0,0,N,,,buy,buy
2026-05-08 08:56:12,127060,湘佳转债,xjzz,125.63,-0.47,002982,湘佳股份,xjgf,14.52,1.04,1.69,21.13,68.72,0,82.82,208.45,110703,农林牧渔,szmb,C,2022-06-10,[],0,0,buy,A+,,14.791,27.469,33.9,buy,2028-04-19,1.951,6.399,1042.84,6145.06,1.3,-5.93,,0,15:34:45,00,Y,N,0,0,Y,,2022-10-25 开始转股,计算使用2.0年期 评级为A+ 债参考YTM：4.4936,N,6.4,全价：125.630 最后更新：15:34:45,,,,1,[],0,0,N,,,buy,buy
2026-05-08 08:56:12,123260,卓镁转债,zmzz,167.78,0.38,301398,星源卓镁,xyzm,47.48,4.51,4.76,52.3,90.78,5,84.81,252.59,280202,汽车,szcy,C,2025-11-24,[],0,0,buy,A+,,36.61,67.99,25.5,buy,2031-11-06,5.501,4.5,8956.88,15254.33,11.78,-6.15,,0,15:34:21,00,Y,N,0,0,Y,,未到转股期；2026-05-13 开始转股,计算使用5.6年期 评级为A+ 债参考YTM：5.5880,N,4.5,全价：167.780 最后更新：15:34:21,,,,0,{'M': ''},0,0,N,,,buy,buy
2026-05-08 08:56:12,113589,天创转债,tczz,206.305,3.36,603608,天创时尚,tcss,13.68,7.13,5.19,12.29,111.31,0,85.34,291.65,350205,纺织服饰,shmb,C,2020-07-16,[],0,0,buy,A-,,8.603,15.977,1.2,buy,2026-06-24,0.129,0.663,105400.08,38430.64,756.0,-370.48,,0,14:59:59,00,Y,N,0,0,Y,,2021-01-04 开始转股,计算使用0.2年期 评级为A- 债参考YTM：8.7400,N,6.0,全价：206.305 最后更新：14:59:59,,,,0,[],0,0,N,,,buy,buy
2026-05-08 08:56:12,113701,祥和转债,xhzz,143.316,0.0,603500,祥和实业,xhsy,10.5,1.25,3.17,13.59,77.26,124,85.49,228.81,640501,机械设备,shmb,C,2026-03-26,[],0,0,buy,A+,,9.513,17.667,11.5,buy,2032-03-02,5.822,4.0,1339.86,6061.01,2.34,-3.2,,0,14:59:51,00,Y,N,0,0,Y,,未到转股期；2026-09-09 开始转股,计算使用5.9年期 评级为A+ 债参考YTM：5.8413,N,4.0,全价：143.316 最后更新：14:59:51,,,,0,[],0,0,N,,,buy,buy
2026-05-08 08:56:12,127056,中特转债,ztzz,130.299,0.77,000708,中信特钢,zxtg,15.59,1.1,1.75,22.23,70.13,0,85.8,216.1,230501,钢铁,szmb,C,2022-04-15,[],0,0,buy,AAA,,15.561,28.899,6.4,buy,2028-02-25,1.803,49.996,6199.57,22838.78,0.96,-10.16,,0,15:33:57,00,Y,N,0,0,Y,,2022-09-05 开始转股,计算使用1.9年期 评级为AAA 债参考YTM：1.6131,N,50.0,全价：130.299 最后更新：15:33:57,,,,1,{'M': ''},0,0,N,,,buy,buy
2026-05-08 08:56:12,113616,韦尔转债,wezz,116.528,-0.24,603501,豪威集团,hwjt,99.18,-1.08,3.78,159.12,62.33,0,86.95,203.48,270104,电子,shmb,C,2021-01-22,[],0,0,buy,AA+,,111.384,206.856,2.0,buy,2026-12-28,0.641,24.324,3754.21,220783.42,1.33,-8.74,,0,14:58:56,00,Y,N,0,0,N,2026-05-08 至 2026-05-14 期间暂停转股：回售,2021-07-05 开始转股;2026-05-08 至 2026-05-14 期间暂停转股：回售,计算使用0.7年期 评级为AA+ 债参考YTM：1.4939,N,24.4,全价：116.528 最后更新：14:58:56,,,,0,{'M': ''},0,0,Y,,,buy,buy
2026-05-08 08:56:12,118022,锂科转债,lkzz,128.417,-0.64,688779,五矿新能,wkxn,10.66,-3.62,2.8,15.53,68.64,0,87.08,215.5,630702,电力设备,shkc,C,2022-11-07,[],0,0,buy,AA,,10.871,20.189,15.8,buy,2028-10-11,2.43,32.497,6388.95,60996.11,1.52,-5.11,,0,14:58:46,00,Y,N,0,0,Y,,2023-04-17 开始转股,计算使用2.5年期 评级为AA 债参考YTM：1.8034,N,32.5,全价：128.417 最后更新：14:58:46,,,,0,{'M': ''},0,0,N,,,buy,buy
2026-05-08 08:56:12,113700,海天转债,htzz,139.116,0.08,603759,海天股份,htgf,9.26,1.2,1.46,12.52,73.96,95,88.09,227.21,760102,环保,shmb,C,2026-03-12,[],0,0,buy,AA,,8.764,16.276,18.7,buy,2032-02-04,5.748,8.01,1223.49,3614.63,1.1,-3.51,,0,14:59:50,00,Y,N,0,0,Y,,未到转股期；2026-08-11 开始转股,计算使用5.8年期 评级为AA 债参考YTM：2.2581,N,8.01,全价：139.116 最后更新：14:59:50,,,,0,[],0,0,N,,,buy,buy
2026-05-08 08:56:12,123109,昌红转债,chzz,133.699,0.58,300151,昌红科技,chkj,18.96,1.07,6.1,26.72,70.96,0,88.42,222.12,640209,机械设备,szcy,C,2021-04-19,[],0,0,buy,AA-,,18.704,34.736,6.6,buy,2027-04-01,0.899,4.595,2073.12,32261.17,3.38,-15.61,,0,15:33:54,00,Y,N,0,0,Y,,2021-10-08 开始转股,计算使用0.9年期 评级为AA- 债参考YTM：1.8204,N,4.6,全价：133.699 最后更新：15:33:54,,,,1,{'M': ''},0,0,N,,,buy,buy
2026-05-08 08:56:12,113682,益丰转债,yfzz,131.891,-0.38,603939,益丰药房,yfyf,22.22,-0.4,2.22,31.84,69.79,0,88.99,220.88,370403,医药生物,shmb,C,2024-03-27,[],0,0,buy,AA,,22.288,41.392,6.7,buy,2030-03-04,3.825,17.968,2155.73,28285.05,0.91,-3.74,,0,14:59:13,00,Y,N,0,0,Y,,2024-09-09 开始转股,计算使用3.9年期 评级为AA 债参考YTM：1.9846,N,17.97,全价：131.891 最后更新：14:59:13,,,,0,{'M': ''},0,0,N,,,buy,buy
2026-05-08 08:56:12,127085,韵达转债,ydzz,127.98,-0.27,002120,韵达股份,ydgf,7.89,-1.0,1.06,11.73,67.26,0,90.27,218.25,420804,交通运输,szmb,C,2023-05-23,[],0,0,buy,AA+,,8.211,15.249,11.0,buy,2029-04-11,2.929,24.499,2901.37,33789.46,0.92,-4.73,,0,15:34:39,00,Y,N,0,0,Y,,2023-10-17 开始转股,计算使用3.0年期 评级为AA+ 债参考YTM：1.7734,N,24.5,全价：127.980 最后更新：15:34:39,,,,0,{'M': ''},0,0,N,,,buy,buy
2026-05-08 08:56:12,123180,浙矿转债,zkzz,140.137,0.17,300837,浙矿股份,zkgf,35.25,2.03,2.41,47.89,73.61,0,90.39,230.53,640203,机械设备,szcy,C,2023-03-28,[],0,0,buy,AA-,,33.523,62.257,12.0,buy,2029-03-09,2.838,3.197,5280.71,6601.78,11.78,-5.82,,0,15:34:39,00,Y,N,0,0,Y,,2023-09-15 开始转股,计算使用2.9年期 评级为AA- 债参考YTM：2.4233,N,3.2,全价：140.137 最后更新：15:34:39,,,,0,[],0,0,N,,,buy,buy
2026-05-08 08:56:12,127068,顺博转债,sbzz,129.9,-0.35,002996,顺博合金,sbhj,7.57,0.26,1.48,11.27,67.17,0,93.39,223.29,240301,有色金属,szmb,C,2022-09-07,[],0,0,buy,AA-,,7.889,14.651,26.3,buy,2028-08-12,2.266,8.3,1199.98,8643.16,1.11,-6.62,,0,15:34:27,00,Y,N,1,1,Y,转股价下修1次，成功下修1次,2023-02-20 开始转股,计算使用2.3年期 评级为AA- 债参考YTM：2.2420,N,8.3,全价：129.900 最后更新：15:34:27,,,,0,[],0,0,N,,,buy,buy
2026-05-08 08:56:12,123122,富瀚转债,fhzz,132.78,0.72,300613,富瀚微,fhw,62.95,3.95,4.87,91.69,68.66,0,93.4,226.18,270104,电子,szcy,C,2021-08-24,[],0,0,buy,A+,,64.183,119.197,4.2,buy,2027-08-06,1.247,5.801,7905.2,169993.28,10.28,-9.79,,0,15:34:00,00,Y,N,0,0,Y,,2022-02-14 开始转股,计算使用1.3年期 评级为A+ 债参考YTM：4.2956,N,5.812,全价：132.780 最后更新：15:34:00,,,,0,{'M': ''},0,0,N,,,buy,buy
2026-05-08 08:56:12,127017,万青转债,wqzz,112.82,0.02,000789,万年青,wnq,4.94,0.0,0.6,8.53,57.91,0,94.81,207.63,610101,建筑材料,szmb,C,2020-07-02,[],0,0,buy,AA+,,5.971,11.089,25.4,buy,2026-06-03,0.071,9.995,2050.69,1891.53,1.82,2.33,,0,15:34:36,00,Y,N,1,1,Y,转股价下修1次，成功下修1次,2020-12-09 开始转股,计算使用0.1年期 评级为AA+ 债参考YTM：1.4588,N,10.0,全价：112.820 最后更新：15:34:36,,,,0,"{'R': '到期\n最后交易日：2026-05-28\n最后转股日：2026-06-02\n债券到期日：2026-06-03\n到期赎回价：113.000元/张', 'M': ''}",0,0,N,,,buy,buy
2026-05-08 08:56:12,127062,垒知转债,lzzz,131.562,-0.33,002398,垒知集团,lzjt,5.12,1.39,0.97,7.59,67.46,0,95.03,226.59,610303,建筑材料,szmb,C,2022-05-20,[],0,0,buy,AA-,,5.313,9.867,12.7,buy,2028-04-21,1.956,3.958,4178.24,6094.5,8.02,-5.88,,0,15:34:42,00,Y,N,0,0,Y,,2022-10-27 开始转股,计算使用2.0年期 评级为AA- 债参考YTM：2.1536,N,3.963,全价：131.562 最后更新：15:34:42,,,,1,[],0,0,N,,,buy,buy
2026-05-08 08:56:12,123113,仙乐转债,xlzz,119.529,-0.76,300791,仙乐健康,xljk,19.16,0.21,2.0,31.79,60.27,0,98.32,217.85,340407,食品饮料,szcy,C,2021-05-14,[],0,0,buy,AA-,,22.253,41.327,20.8,buy,2027-04-19,0.948,10.248,2628.33,2342.29,2.14,-5.76,,0,15:34:48,00,Y,N,0,0,Y,,2021-10-25 开始转股,计算使用1.0年期 评级为AA- 债参考YTM：1.8642,N,10.249,全价：119.529 最后更新：15:34:48,,,,1,[],0,0,N,,,buy,buy
2026-05-08 08:56:12,113634,珀莱转债,plzz,128.927,-0.54,603605,珀莱雅,bly,61.42,-0.29,3.8,95.46,64.34,0,100.38,229.31,770202,美容护理,shmb,C,2022-01-04,[],0,0,buy,AA,,66.822,124.098,3.1,buy,2027-12-08,1.586,7.507,2945.86,20127.42,3.04,-6.1,,0,14:59:34,00,Y,N,0,0,Y,,2022-06-14 开始转股,计算使用1.6年期 评级为AA 债参考YTM：1.6688,N,7.517,全价：128.927 最后更新：14:59:34,,,,1,{'M': ''},0,0,N,,,buy,buy
2026-05-08 08:56:12,118015,芯海转债,xhzz,133.125,-0.33,688595,芯海科技,xhkj,35.71,-0.47,7.22,55.22,64.67,0,105.86,238.99,270104,电子,shkc,C,2022-08-18,[],0,0,buy,A+,,38.654,71.786,8.0,buy,2028-07-21,2.206,4.1,1666.44,13097.69,3.06,-5.0,,0,15:00:00,00,Y,N,0,0,Y,,2023-01-30 开始转股,计算使用2.3年期 评级为A+ 债参考YTM：4.5835,N,4.1,全价：133.125 最后更新：15:00:00,,,,0,{'M': ''},0,0,N,,,buy,buy
2026-05-08 08:56:12,113666,爱玛转债,amzz,128.358,0.33,603529,爱玛科技,amkj,23.35,0.69,1.99,37.49,62.28,0,106.09,234.45,280401,汽车,shmb,C,2023-03-20,[],0,0,buy,AA,,26.243,48.737,10.1,buy,2029-02-23,2.8,19.994,1940.13,18846.29,0.76,-4.43,,0,14:59:32,00,Y,N,0,0,Y,,2023-09-01 开始转股,计算使用2.8年期 评级为AA 债参考YTM：1.8387,N,20.0,全价：128.358 最后更新：14:59:32,,,,0,{'M': ''},0,0,N,,,buy,buy
2026-05-08 08:56:12,111014,李子转债,lzzz,128.113,-0.41,605337,李子园,lzy,10.79,0.56,2.48,18.37,58.74,0,118.11,246.22,340701,食品饮料,shmb,C,2023-07-13,[],0,0,buy,AA,,12.859,23.881,14.3,buy,2029-06-20,3.121,5.999,939.68,2911.36,1.22,-3.12,,0,14:58:05,00,Y,N,0,0,Y,,2023-12-28 开始转股,计算使用3.2年期 评级为AA 债参考YTM：1.8897,N,6.0,全价：128.113 最后更新：14:58:05,,,,0,[],0,0,N,,,buy,buy
2026-05-08 08:56:12,127044,蒙娜转债,mnzz,129.001,1.2,002918,蒙娜丽莎,mnls,11.57,9.98,1.44,19.84,58.32,0,121.21,250.21,360306,轻工制造,szmb,C,2021-09-16,[],0,0,buy,AA-,,13.888,25.792,13.6,buy,2027-08-16,1.274,3.371,7031.09,16809.85,16.17,-9.48,,0,15:34:36,00,Y,N,1,1,Y,转股价下修1次，成功下修1次,2022-02-21 开始转股,计算使用1.3年期 评级为AA- 债参考YTM：1.9615,N,11.689,全价：129.001 最后更新：15:34:36,,,,0,[],0,0,N,,,buy,buy
2026-05-08 08:56:12,113049,长汽转债,cqzz,114.745,-0.46,601633,长城汽车,ccqc,19.8,-0.25,1.91,39.16,50.56,0,126.94,241.69,280502,汽车,shmb,C,2021-07-08,[],0,0,buy,AAA,,27.412,50.908,2.8,buy,2027-06-10,1.09,34.95,4358.78,26795.51,1.09,-5.08,,0,14:59:58,00,Y,N,0,0,Y,,2021-12-17 开始转股,计算使用1.1年期 评级为AAA 债参考YTM：1.5325,N,35.0,全价：114.745 最后更新：14:59:58,,,,1,{'M': ''},0,0,N,,,buy,buy
2026-05-08 08:56:12,113638,台21转债,t21zz,130.564,-0.17,603055,台华新材,thxc,9.18,0.44,1.5,16.19,56.7,0,130.26,260.82,350106,纺织服饰,shmb,C,2022-01-21,[],0,0,buy,AA,,11.333,21.047,7.4,buy,2027-12-29,1.644,5.997,1182.4,4973.85,1.51,-8.1,,0,14:59:56,00,Y,N,0,0,Y,,2022-07-05 开始转股,计算使用1.7年期 评级为AA 债参考YTM：1.6847,N,6.0,全价：130.564 最后更新：14:59:56,,,,0,{'M': ''},0,0,N,,,buy,buy
2026-05-08 08:56:12,123090,三诺转债,snzz,115.522,-0.46,300298,三诺生物,snsw,17.04,0.0,3.08,34.46,49.45,0,133.62,249.14,370502,医药生物,szcy,C,2021-01-12,[],0,0,buy,AA,,24.122,44.798,6.5,buy,2026-12-21,0.622,4.984,1388.32,10727.55,2.41,-4.9,,0,15:34:42,00,Y,N,0,0,Y,,2021-06-25 开始转股,计算使用0.7年期 评级为AA 债参考YTM：1.5139,N,5.0,全价：115.522 最后更新：15:34:42,,,,0,{'M': ''},0,0,N,,,buy,buy
2026-05-08 08:56:12,123250,嘉益转债,jyzz,130.022,-0.37,301004,嘉益股份,jygf,43.92,0.78,3.46,79.66,55.13,0,135.83,265.85,360311,轻工制造,szcy,C,2024-11-26,[],0,0,buy,A+,,55.762,103.558,6.6,buy,2030-11-07,4.504,3.955,570.33,2241.48,1.11,-2.04,,0,15:34:09,00,Y,N,0,0,Y,,2025-05-13 开始转股,计算使用4.6年期 评级为A+ 债参考YTM：5.0878,N,3.979,全价：130.022 最后更新：15:34:09,,,,0,{'M': ''},0,0,N,,,buy,buy
2026-05-08 08:56:12,127098,欧晶转债,ojzz,129.1,0.04,001269,欧晶科技,ojkj,22.52,-0.4,5.69,42.0,53.62,0,140.77,269.87,630504,电力设备,szmb,C,2023-12-15,[],0,0,buy,AA-,,29.4,54.6,10.8,buy,2029-11-24,3.551,4.693,2321.14,5673.8,3.83,-3.0,,0,15:33:57,00,Y,N,1,1,Y,转股价下修1次，成功下修1次,2024-05-30 开始转股,计算使用3.6年期 评级为AA- 债参考YTM：2.5702,N,4.7,全价：129.100 最后更新：15:33:57,,,,0,[],0,0,N,,,buy,buy
2026-05-08 08:56:12,113650,博22转债,b22zz,131.581,0.37,603916,苏博特,sbt,12.59,5.09,1.23,23.15,54.38,0,141.95,273.53,220309,基础化工,shmb,C,2022-07-28,[],0,0,buy,AA-,,16.205,30.095,15.1,buy,2028-07-01,2.151,7.996,4280.24,27876.0,4.06,-4.85,,0,14:58:25,00,Y,N,0,0,Y,,2023-01-09 开始转股,计算使用2.2年期 评级为AA- 债参考YTM：2.2122,N,8.0,全价：131.581 最后更新：14:58:25,,,,0,{'M': ''},0,0,N,,,buy,buy
2026-05-08 08:56:12,110085,通22转债,t22zz,122.678,-0.41,600438,通威股份,twgf,17.22,-1.54,2.13,34.6,49.77,0,146.5,269.18,630501,电力设备,shmb,C,2022-03-18,[],0,0,buy,AAA,,24.22,44.98,15.5,buy,2028-02-24,1.8,119.831,12000.74,105161.04,0.82,-5.56,,0,14:59:49,00,Y,N,0,0,N,2026-04-29 至 2026-05-08 期间暂停转股：回售,2022-09-02 开始转股;2026-04-29 至 2026-05-08 期间暂停转股：回售,计算使用1.8年期 评级为AAA 债参考YTM：1.6039,N,120.0,全价：122.678 最后更新：14:59:49,,,,0,{'M': ''},0,0,Y,,,buy,buy
2026-05-08 08:56:12,123117,健帆转债,jfzz,125.437,-0.01,300529,健帆生物,jfsw,19.51,1.88,4.21,38.65,50.48,0,148.5,273.94,370503,医药生物,szcy,C,2021-07-12,[],0,0,buy,AA,,27.055,50.245,10.0,buy,2027-06-23,1.126,9.998,4147.15,12742.23,3.31,-9.87,,0,15:34:48,00,Y,N,2,2,Y,转股价下修2次，成功下修2次,2021-12-29 开始转股,计算使用1.2年期 评级为AA 债参考YTM：1.6021,N,10.0,全价：125.437 最后更新：15:34:48,,,,0,{'M': ''},0,0,N,,,buy,buy
2026-05-08 08:56:12,113670,金23转债,j23zz,126.68,-0.93,603180,金牌家居,jpjj,19.05,1.44,1.08,37.64,50.61,0,150.3,276.98,360308,轻工制造,shmb,C,2023-05-16,[],0,0,buy,AA,,26.348,48.932,26.2,buy,2029-04-17,2.945,7.7,2742.3,1890.55,2.8,-2.33,,0,14:59:57,00,Y,N,0,0,Y,,2023-10-23 开始转股,计算使用3.0年期 评级为AA 债参考YTM：1.8634,N,7.7,全价：126.680 最后更新：14:59:57,,,,0,[],0,0,N,,,buy,buy
2026-05-08 08:56:12,110076,华海转债,hhzz,127.842,-0.03,600521,华海药业,hhyy,16.45,0.43,2.5,33.06,49.76,0,156.93,284.77,370102,医药生物,shmb,C,2020-11-25,[],0,0,buy,AA,,23.142,42.978,7.5,buy,2026-11-02,0.488,18.424,2232.01,32780.82,0.95,-28.62,,0,14:59:52,00,Y,N,1,0,Y,转股价下修1次，成功下修0次,2021-05-06 开始转股,计算使用0.5年期 评级为AA 债参考YTM：1.5101,Y,18.426,全价：127.842 最后更新：14:59:52,,,"按下调到底估算
股东大会：待定
预估转股价：16.39
预估转股价值：100.37
期权价值：13.34
理论价值：122.54
理论偏离度：4.15%",1,{'M': ''},0,0,N,,,buy,buy
2026-05-08 08:56:12,118032,建龙转债,jlzz,129.677,-0.18,688357,建龙微纳,jlwn,36.15,-0.63,1.94,71.71,50.41,0,157.24,286.92,220309,基础化工,shkc,C,2023-04-07,[],0,0,buy,AA-,,50.197,93.223,19.3,buy,2029-03-08,2.836,6.999,1470.29,5518.88,1.62,-3.18,,0,14:59:52,00,Y,N,0,0,Y,,2023-09-14 开始转股,计算使用2.9年期 评级为AA- 债参考YTM：2.4233,N,7.0,全价：129.677 最后更新：14:59:52,,,,0,{'M': ''},0,0,N,,,buy,buy
2026-05-08 08:56:12,123151,康医转债,kyzz,123.4,-0.02,300869,康泰医学,ktyx,13.06,2.11,3.04,27.55,47.41,0,160.31,283.71,370502,医药生物,szcy,C,2022-07-20,[],0,0,buy,A+,,19.285,35.815,20.3,buy,2028-07-01,2.151,6.998,1725.28,8408.14,2.0,-1.6,,0,15:34:03,00,Y,N,0,0,Y,,2023-01-09 开始转股,计算使用2.2年期 评级为A+ 债参考YTM：4.5529,N,7.0,全价：123.400 最后更新：15:34:03,,,,0,{'M': ''},0,0,N,,,buy,buy
2026-05-08 08:56:12,113660,寿22转债,s22zz,128.851,0.47,603896,寿仙谷,sxg,17.39,0.64,1.51,36.84,47.2,0,172.97,301.82,370201,医药生物,shmb,C,2022-12-12,[],0,0,buy,AA-,,25.788,47.892,11.5,buy,2028-11-17,2.532,3.977,774.42,2405.57,1.51,-4.3,,0,14:58:10,00,Y,N,0,0,Y,,2023-05-23 开始转股,计算使用2.6年期 评级为AA- 债参考YTM：2.3325,N,3.98,全价：128.851 最后更新：14:58:10,,,,0,[],0,0,N,,,buy,buy
2026-05-08 08:56:12,128135,洽洽转债,qqzz,114.526,0.0,002557,洽洽食品,qqsp,23.0,-0.86,2.1,55.93,41.12,0,178.5,293.03,340801,食品饮料,szmb,C,2020-11-18,[],0,0,buy,AA,,39.151,72.709,11.5,buy,2026-10-20,0.452,13.398,2538.02,15507.38,1.65,0.92,,0,15:34:15,00,Y,N,0,0,Y,,2021-04-26 开始转股,计算使用0.5年期 评级为AA 债参考YTM：1.5101,N,13.4,全价：114.526 最后更新：15:34:15,,,,1,{'M': ''},0,0,N,,,buy,buy
2026-05-08 08:56:12,118005,天奈转债,tnzz,129.28,-0.75,688116,天奈科技,tnkj,42.2,-1.86,4.02,99.09,42.59,0,203.56,332.84,630702,电力设备,shkc,C,2022-03-01,[],0,0,buy,AA-,,69.363,128.817,5.4,buy,2028-01-27,1.723,8.299,2511.05,48232.73,2.34,-8.17,,0,14:59:12,00,Y,N,0,0,Y,,2022-08-09 开始转股,计算使用1.8年期 评级为AA- 债参考YTM：2.0980,N,8.3,全价：129.280 最后更新：14:59:12,,,,0,{'M': ''},0,0,N,,,buy,buy
2026-05-08 08:56:12,127025,冀东转债,jdzz,105.39,0.0,000401,金隅冀东,jyjd,4.27,0.71,0.43,13.01,32.82,0,221.11,326.5,610101,建筑材料,szmb,C,2020-12-02,[],0,0,buy,AAA,,9.107,16.913,15.8,buy,2026-11-05,0.496,17.764,7685.56,5591.77,4.11,1.17,,0,15:34:39,00,Y,Y,0,0,Y,,2021-05-11 开始转股,计算使用0.5年期 评级为AAA 债参考YTM：1.4601,N,28.2,全价：105.390 最后更新：15:34:39,,,,0,{'M': ''},0,0,N,,,buy,buy
2026-05-08 08:56:12,113633,科沃转债,kwzz,124.796,-0.65,603486,科沃斯,kws,67.28,1.2,4.15,173.8,38.71,0,222.38,347.18,330302,家用电器,shmb,C,2021-12-29,[],0,0,buy,AA,,121.66,225.94,2.7,buy,2027-11-30,1.564,10.396,3604.79,77367.81,2.77,-6.87,,0,14:59:54,00,Y,N,0,0,Y,,2022-06-06 开始转股,计算使用1.6年期 评级为AA 债参考YTM：1.6688,N,10.4,全价：124.796 最后更新：14:59:54,,,,0,{'M': ''},0,0,N,,,buy,buy
2026-05-08 08:56:12,123072,乐歌转债,lgzz,126.5,0.4,300729,乐歌股份,lggf,12.71,1.76,1.18,32.91,38.62,0,227.55,354.05,360311,轻工制造,szcy,C,2020-11-10,[],0,0,buy,A+,,23.037,42.783,3.4,buy,2026-10-21,0.455,1.418,1028.94,3917.96,5.75,-11.37,,0,15:34:45,00,Y,N,0,0,Y,,2021-04-27 开始转股,计算使用0.5年期 评级为A+ 债参考YTM：4.0901,N,1.42,全价：126.500 最后更新：15:34:45,,,,0,[],0,0,N,,,buy,buy
2026-05-08 08:56:12,128124,科华转债,khzz,105.914,0.06,002022,科华生物,khsw,6.06,2.02,1.21,20.64,29.36,0,260.74,366.65,370504,医药生物,szmb,C,2020-08-20,[],0,0,buy,A+,,14.448,26.832,7.2,buy,2026-07-28,0.222,2.245,1305.96,4995.82,5.49,0.37,,0,15:34:06,00,Y,N,0,0,Y,,2021-02-03 开始转股,计算使用0.3年期 评级为A+ 债参考YTM：4.0438,N,7.38,全价：105.914 最后更新：15:34:06,,,,0,[],0,0,N,,,buy,buy
2026-05-08 08:56:12,118010,洁特转债,jtzz,125.735,-0.12,688026,洁特生物,jtsw,16.52,0.49,1.94,47.95,34.45,0,264.95,390.69,370503,医药生物,shkc,C,2022-08-02,[],0,0,buy,A+,,33.565,62.335,19.0,buy,2028-06-28,2.143,4.399,1255.66,2875.39,2.27,-4.84,,0,14:59:01,00,Y,N,0,0,Y,,2023-01-04 开始转股,计算使用2.2年期 评级为A+ 债参考YTM：4.5529,N,4.4,全价：125.735 最后更新：14:59:01,,,,0,{'M': ''},0,0,N,,,buy,buy
2026-05-08 08:56:12,113059,福莱转债,flzz,125.489,0.25,601865,福莱特,flt,13.83,1.17,1.44,41.71,33.16,0,278.46,403.95,630504,电力设备,shmb,C,2022-06-13,[],0,0,buy,AA,,29.197,54.223,15.2,buy,2028-05-20,2.036,39.999,3915.32,29251.39,0.78,-4.16,,0,14:58:50,00,Y,N,1,0,Y,转股价下修1次，成功下修0次,2022-11-28 开始转股,计算使用2.1年期 评级为AA 债参考YTM：1.7498,N,40.0,全价：125.489 最后更新：14:58:50,,,,0,{'M': ''},0,0,N,,,buy,buy
2026-05-08 08:56:12,123154,火星转债,hxzz,126.577,-0.29,300894,火星人,hxr,10.6,1.53,4.09,33.03,32.09,0,294.42,421.0,330401,家用电器,szcy,C,2022-08-23,[],0,0,buy,AA-,,23.121,42.939,17.0,buy,2028-08-05,2.247,5.289,1022.05,4469.94,1.53,-2.95,,0,15:34:15,00,Y,N,0,0,Y,,2023-02-13 开始转股,计算使用2.3年期 评级为AA- 债参考YTM：2.2420,N,5.29,全价：126.577 最后更新：15:34:15,,,,0,{'M': ''},0,0,N,,,buy,buy
2026-05-08 08:56:12,123179,立高转债,lgzz,125.5,-0.37,300973,立高食品,lgsp,29.94,1.22,1.86,95.13,31.47,0,298.76,424.26,340802,食品饮料,szcy,C,2023-03-27,[],0,0,buy,AA-,,66.591,123.669,26.8,buy,2029-03-07,2.833,9.499,1540.78,7143.18,1.29,-1.95,,0,15:34:09,00,Y,N,0,0,Y,,2023-09-13 开始转股,计算使用2.9年期 评级为AA- 债参考YTM：2.4233,N,9.5,全价：125.500 最后更新：15:34:09,,,,0,{'M': ''},0,0,N,,,buy,buy
