抓取时间,bond_id,bond_nm,bond_py,price,increase_rt,stock_id,stock_nm,stock_py,sprice,sincrease_rt,pb,convert_price,convert_value,convert_begin,premium_rt,dblow,sw_cd,sw_name,market_cd,btype,list_dt,t_flag,owned,hold,bond_value,rating_cd,option_value,put_convert_price,force_redeem_price,convert_amt_ratio,fund_rt,maturity_dt,year_left,curr_iss_amt,volume,svolume,turnover_rt,ytm_rt,put_ytm_rt,noted,last_time,qstatus,sqflag,pb_flag,adj_cnt,adj_scnt,convert_price_valid,convert_price_tips,convert_cd_tip,ref_yield_info,adjusted,orig_iss_amt,price_tips,redeem_dt,real_force_redeem_price,option_tip,after_next_put_dt,icons,is_min_price,blocked,putting,force_redeem_price_tip,notes,volatility_rate,debt_rate
2026-07-21 10:01:10,123251,华医转债,hyzz,173.5,7.77,301235,华康洁净,hkjj,40.0,10.71,2.54,22.24,179.86,0,-3.53,169.97,370502,医药生物,szcy,C,2025-01-09,[],0,0,buy,A+,,15.568,28.912,9.3,buy,2030-12-23,,3.311,134363.31,52460.95,246.62,,,0,15:34:18,00,Y,N,0,0,Y,,2025-06-27 开始转股,强赎登记日2026-07-23，赎回价格100.2400元，如不考虑强赎纯债价值为97.51元，计算使用4.5年期 评级为A+ 债参考YTM：4.8285,N,7.5,全价：173.500 最后更新：15:34:18,2026-07-23,100.2400,如不考虑强赎期权价值为129.93元,0,"{'R': '最后交易日 2026年7月23日\r\n最后转股日 2026年7月28日\r\n赎回价 100.24元/张', 'M': ''}",0,0,N,,,buy,buy
2026-07-21 10:01:10,118011,Z银微转,ywzz,126.167,6.28,688689,银河微电,yhwd,40.56,9.53,3.81,31.05,130.63,0,-3.42,122.75,270102,电子,shkc,C,2022-08-02,[],0,0,buy,A+,,21.735,40.365,2.8,buy,2028-07-04,,1.591,172191.73,61660.42,913.39,,,0,15:00:00,00,Y,N,0,0,Y,,2023-01-09 开始转股,强赎登记日2026-07-21，赎回价格100.1512元，如不考虑强赎纯债价值为108.11元，计算使用2.0年期 评级为A+ 债参考YTM：4.3567,N,5.0,全价：126.167 最后更新：15:00:00,2026-07-21,100.1512,如不考虑强赎期权价值为60.92元,1,"{'R': '最后交易日 2026年7月21日\r\n最后转股日 2026年7月24日\r\n赎回价 100.1512元/张', 'M': ''}",0,0,N,,,buy,buy
2026-07-21 10:01:10,113632,Z鹤21转,h21zz,106.47,3.59,603733,仙鹤股份,xhgf,20.05,6.54,1.62,18.29,109.62,0,-2.88,103.59,360103,轻工制造,shmb,C,2021-12-09,[],0,0,buy,AA,,12.803,23.777,3.9,buy,2027-11-17,,6.072,81035.5,48929.68,126.66,,,0,14:59:59,00,Y,N,2,2,Y,转股价下修2次，成功下修2次,2022-05-23 开始转股,强赎登记日2026-07-21，赎回价格101.2427元，如不考虑强赎纯债价值为111.42元，计算使用1.4年期 评级为AA 债参考YTM：1.6286,N,20.5,全价：106.470 最后更新：14:59:59,2026-07-21,101.2427,如不考虑强赎期权价值为24.20元,1,"{'R': '最后交易日 2026年7月21日\r\n最后转股日 2026年7月24日\r\n赎回价 101.2427元/张', 'M': ''}",0,0,N,,,buy,buy
2026-07-21 10:01:10,113624,正川转债,zczz,115.657,3.13,603976,正川股份,zcgf,23.18,3.11,3.04,19.78,117.19,0,-1.31,114.35,370503,医药生物,shmb,C,2021-06-01,[],0,0,buy,A+,,13.846,25.714,4.8,buy,2027-04-28,,1.819,38925.89,16978.9,186.91,,,0,15:00:00,00,Y,N,1,1,Y,转股价下修1次，成功下修1次,2021-11-08 开始转股,强赎登记日2026-07-27，赎回价格100.7726元，如不考虑强赎纯债价值为111.44元，计算使用0.8年期 评级为A+ 债参考YTM：4.1699,N,4.05,全价：115.657 最后更新：15:00:00,2026-07-27,100.7726,如不考虑强赎期权价值为27.64元,1,{'R': '最后交易日 2026年7月27日\r\n最后转股日 2026年7月30日\r\n赎回价 100.7726元/张'},0,0,N,,,buy,buy
2026-07-21 10:01:10,110074,精达转债,jdzz,220.46,2.11,600577,精达股份,jdgf,7.21,2.27,2.48,3.26,221.17,0,-0.32,220.14,630805,电力设备,shmb,C,2020-09-21,[],0,0,buy,AA,,2.282,4.238,1.0,buy,2026-08-19,,1.528,23062.24,61271.03,69.59,,,0,14:59:59,00,Y,N,0,0,Y,,2021-02-25 开始转股,强赎登记日2026-07-27，赎回价格101.8959元，如不考虑强赎纯债价值为111.86元，计算使用0.1年期 评级为AA 债参考YTM：1.5444,N,7.87,全价：220.460 最后更新：14:59:59,2026-07-27,101.8959,如不考虑强赎期权价值为121.30元,1,"{'R': '最后交易日 2026年7月27日\r\n最后转股日 2026年7月30日\r\n赎回价 101.8959元/张', 'M': ''}",0,0,N,,,buy,buy
2026-07-21 10:01:10,123188,水羊转债,syzz,121.2,2.04,300740,水羊股份,sygf,16.32,2.06,2.98,13.44,121.43,0,-0.19,121.01,770202,美容护理,szcy,C,2023-04-25,[],0,0,buy,A+,,9.408,17.472,4.3,buy,2029-04-04,,2.71,39561.21,38568.53,122.79,,,0,15:34:39,00,Y,N,0,0,Y,,2023-10-11 开始转股,强赎登记日2026-07-29，赎回价格100.6020元，如不考虑强赎纯债价值为106.02元，计算使用2.8年期 评级为A+ 债参考YTM：4.5512,N,6.95,全价：121.200 最后更新：15:34:39,2026-07-29,100.6020,如不考虑强赎期权价值为50.40元,0,"{'R': '最后交易日 2026年7月29日\r\n最后转股日 2026年8月3日\r\n赎回价 100.602元/张', 'M': ''}",0,0,N,,,buy,buy
2026-07-21 10:01:10,113658,密卫转债,mwzz,120.507,5.43,603713,密尔克卫,mekw,66.05,5.34,2.13,54.72,120.71,0,-0.16,120.35,420806,交通运输,shmb,C,2022-10-25,[],0,0,buy,AA-,,38.304,71.136,6.4,buy,2027-09-16,1.156,6.793,44662.03,31340.4,55.18,-5.12,,0,14:59:57,00,Y,N,1,1,Y,转股价下修1次，成功下修1次,2023-03-22 开始转股,已公告要强赎，如不考虑强赎纯债价值为111.11元，计算使用1.2年期 评级为AA- 债参考YTM：1.8856,N,8.724,全价：120.507 最后更新：14:59:57,,,如不考虑强赎期权价值为33.19元,1,"{'O': '', 'M': ''}",0,0,N,,,buy,buy
2026-07-21 10:01:10,110077,洪城转债,hczz,209.89,-1.14,600461,洪城环境,hchj,9.26,-1.17,1.15,4.41,209.98,0,-0.04,209.85,760102,环保,shmb,C,2020-12-17,[],0,0,buy,AA+,,3.087,5.733,5.2,buy,2026-11-20,0.334,6.215,13521.49,15668.89,10.24,-143.56,,0,14:59:56,00,Y,N,0,0,Y,,2021-05-26 开始转股,计算使用0.4年期 评级为AA+ 债参考YTM：1.5344,N,18.0,全价：209.890 最后更新：14:59:56,,,,1,{'M': ''},0,0,N,,,buy,buy
2026-07-21 10:01:10,128134,鸿路转债,hlzz,126.637,-0.44,002541,鸿路钢构,hlgg,22.02,-0.81,1.5,17.49,125.9,0,0.58,127.22,620401,建筑装饰,szmb,C,2020-11-02,[],0,0,buy,AA,,12.243,22.737,14.4,buy,2026-10-09,0.219,15.686,23988.3,43275.82,12.0,-60.71,,0,15:34:51,00,Y,N,2,2,Y,转股价下修2次，成功下修2次,2021-04-15 开始转股,计算使用0.3年期 评级为AA 债参考YTM：1.5636,N,18.8,全价：126.637 最后更新：15:34:51,,,,0,{'M': ''},0,0,N,,,buy,buy
2026-07-21 10:01:10,127067,恒逸转2,hyz2,144.288,-0.56,000703,恒逸石化,hysh,14.64,-3.11,2.06,10.32,141.86,0,1.71,146.0,750301,石油石化,szmb,C,2022-08-18,[],0,0,buy,AA+,,7.224,13.416,5.3,buy,2028-07-21,2.0,29.638,60063.04,131655.56,14.23,-12.46,,0,15:34:18,00,Y,N,0,0,Y,,2023-01-30 开始转股,计算使用2.0年期 评级为AA+ 债参考YTM：1.6267,N,30.0,全价：144.288 最后更新：15:34:18,,,,1,"{'G': '本次（至2026年4月27日）不提前赎回，从2026年7月28日开始计算', 'M': ''}",0,0,N,,,buy,buy
2026-07-21 10:01:10,113039,嘉泽转债,jzzz,152.186,-0.35,601619,嘉泽新能,jzxn,4.29,1.66,1.56,2.89,148.44,0,2.52,154.71,410107,公用事业,shmb,C,2020-09-17,[],0,0,buy,AA,,2.023,3.757,2.7,buy,2026-08-24,0.093,2.864,40627.99,25241.57,93.32,-311.53,,0,15:00:00,00,Y,N,0,0,Y,,2021-03-01 开始转股,计算使用0.1年期 评级为AA 债参考YTM：1.5444,N,13.0,全价：152.186 最后更新：15:00:00,,,,1,"{'R': '到期\n最后交易日：2026-08-18\n最后转股日：2026-08-21\n债券到期日：2026-08-24\n到期赎回价：108.000元/张', 'M': ''}",0,0,N,,,buy,buy
2026-07-21 10:01:10,127061,美锦转债,mjzz,107.29,-0.19,000723,美锦能源,mjny,3.49,0.58,1.21,3.47,100.58,0,6.68,113.97,740201,煤炭,szmb,C,2022-05-30,[],0,0,buy,A,,2.429,4.511,18.2,buy,2028-04-20,1.751,27.89,17167.18,23348.76,5.72,6.96,,0,15:34:27,00,Y,N,2,2,Y,转股价下修2次，成功下修2次,2022-10-26 开始转股,计算使用1.8年期 评级为A 债参考YTM：6.6726,N,35.9,全价：107.290 最后更新：15:34:27,,,,1,{'M': ''},0,0,N,,,buy,buy
2026-07-21 10:01:10,113042,上银转债,syzz,117.286,-0.81,601229,上海银行,shyh,9.1,-1.94,0.49,8.35,108.98,0,7.62,124.91,480401,银行,shmb,C,2021-02-10,[],0,0,buy,AAA,,,10.855,15.5,buy,2027-01-25,0.515,199.775,48858.29,82554.41,2.08,-8.75,,0,14:59:34,00,Y,Y,0,0,Y,,2021-07-29 开始转股,计算使用0.6年期 评级为AAA 债参考YTM：1.5050,N,200.0,全价：117.286 最后更新：14:59:34,,,,0,{'M': ''},0,0,N,,,buy,buy
2026-07-21 10:01:10,113605,大参转债,dszz,120.956,0.76,603233,大参林,dsl,18.91,0.48,2.74,16.86,112.16,0,7.84,128.8,370403,医药生物,shmb,C,2020-11-13,[],0,0,buy,AA,,11.802,21.918,6.5,buy,2026-10-22,0.255,14.045,8536.55,19247.87,5.04,-35.93,,0,14:59:38,00,Y,N,1,1,Y,转股价下修1次，成功下修1次,2021-04-28 开始转股,计算使用0.3年期 评级为AA 债参考YTM：1.5636,N,14.05,全价：120.956 最后更新：14:59:38,,,,1,{'M': ''},0,0,N,,,buy,buy
2026-07-21 10:01:10,113056,重银转债,cyzz,128.373,0.09,601963,重庆银行,cqyh,10.93,-0.73,0.6,9.22,118.55,0,8.29,136.66,480401,银行,shmb,C,2022-04-14,[],0,0,buy,AAA,,,11.986,52.0,buy,2028-03-23,1.674,115.622,28858.55,31938.08,1.95,-7.69,,0,14:59:53,00,Y,N,0,0,Y,,2022-09-30 开始转股,计算使用1.7年期 评级为AAA 债参考YTM：1.5620,N,130.0,全价：128.373 最后更新：14:59:53,,,,0,{'M': ''},0,0,N,,,buy,buy
2026-07-21 10:01:10,118053,正帆转债,zfzz,141.538,20.0,688596,正帆科技,zfkj,50.21,20.0,3.9,38.57,130.18,0,8.73,150.27,640209,机械设备,shkc,C,2025-04-03,[],0,0,buy,AA,,26.999,50.141,7.1,buy,2031-03-18,4.66,10.407,358666.93,200069.27,264.4,-4.27,,0,14:59:56,00,Y,N,0,0,Y,,2025-09-24 开始转股,已公告要强赎，如不考虑强赎纯债价值为105.85元，计算使用4.7年期 评级为AA 债参考YTM：1.9751,N,10.41,全价：141.538 最后更新：14:59:56,,,如不考虑强赎期权价值为82.08元,0,"{'O': '', 'M': ''}",0,0,N,,,buy,buy
2026-07-21 10:01:10,113062,常银转债,cyzz,130.035,-0.43,601128,常熟银行,csyh,6.21,-1.11,0.69,5.25,118.29,0,9.93,139.97,480501,银行,shmb,C,2022-10-17,[],0,0,buy,AAA,,,6.825,26.5,buy,2028-09-15,2.156,59.994,15276.78,43129.43,1.95,-7.85,,0,14:59:43,00,Y,N,0,0,Y,,2023-03-21 开始转股,计算使用2.2年期 评级为AAA 债参考YTM：1.5826,N,60.0,全价：130.035 最后更新：14:59:43,,,,0,{'M': ''},0,0,N,,,buy,buy
2026-07-21 10:01:10,113708,曙26转债,s26zz,100.0,0.0,603019,中科曙光,zksg,97.88,7.51,6.35,108.89,89.89,184,11.25,111.25,710103,计算机,shmb,C,,[],0,0,buy,AAA,,76.223,141.557,5.6,buy,2032-07-14,5.986,80.0,0.0,1055337.45,0.0,1.36,,0,,00,Y,N,0,0,Y,,未到转股期；2027-01-21 开始转股,计算使用6.0年期 评级为AAA 债参考YTM：1.8277,N,80.0,待上市,,,,0,{'M': ''},0,0,N,,,buy,buy
2026-07-21 10:01:10,113707,科博转债,kbzz,100.0,0.0,603786,科博达,kbd,40.68,1.24,2.85,45.56,89.29,174,12.0,112.0,280206,汽车,shmb,C,,[],0,0,buy,AA+,,31.892,59.228,9.1,buy,2032-07-02,5.953,14.91,0.0,10195.9,0.0,1.85,,0,,00,Y,N,0,0,Y,,未到转股期；2027-01-11 开始转股,计算使用6.0年期 评级为AA+ 债参考YTM：1.9677,N,14.91,待上市,,,,0,{'M': ''},0,0,N,,,buy,buy
2026-07-21 10:01:10,110081,闻泰转债,wtzz,104.828,0.06,600745,*ST闻泰,wtkj,17.12,-0.41,0.89,18.36,93.25,0,12.42,117.25,270102,电子,shmb,C,2021-08-20,[],0,0,buy,BBB+,,12.852,23.868,31.9,buy,2027-07-28,1.019,72.068,50110.94,112872.89,6.67,4.75,,0,15:00:00,00,Y,N,3,3,Y,转股价下修3次，成功下修3次,2022-02-07 开始转股,计算使用1.1年期 评级为BBB+ 债参考YTM：11.9615,N,86.0,全价：104.828 最后更新：15:00:00,,,,1,[],0,0,N,,,buy,buy
2026-07-21 10:01:10,113667,春23转债,c23zz,226.287,9.66,603890,春秋电子,cqdz,19.99,10.02,2.65,9.95,200.91,0,12.63,238.92,270504,电子,shmb,C,2023-04-11,[],0,0,buy,AA-,,6.965,12.935,6.4,buy,2029-03-17,2.658,5.696,118259.84,60824.84,98.11,-21.88,,0,15:00:00,00,Y,N,0,0,Y,,2023-09-25 开始转股,计算使用2.7年期 评级为AA- 债参考YTM：2.1776,N,5.7,全价：226.287 最后更新：15:00:00,,,,0,{'M': ''},0,0,N,,,buy,buy
2026-07-21 10:01:10,127080,声迅转债,sxzz,233.037,0.06,003004,声迅股份,sxgf,59.87,4.18,6.99,28.94,206.88,0,12.65,245.69,710102,计算机,szmb,C,2023-02-10,[],0,0,buy,A,,20.258,37.622,6.8,buy,2028-12-30,2.447,2.793,209668.22,29368.53,347.53,-24.39,,0,15:34:36,00,Y,N,0,0,Y,,2023-07-07 开始转股,计算使用2.5年期 评级为A 债参考YTM：6.8194,N,2.8,全价：233.037 最后更新：15:34:36,,,,0,{'G': '本次（2026年5月8日至2026年5月29日）不提前赎回，以2026年8月31日重新计算'},0,0,N,,,buy,buy
2026-07-21 10:01:10,113681,镇洋转债,zyzz,138.442,-0.11,603213,镇洋发展,zyfz,13.43,-1.32,3.03,10.95,122.65,0,12.88,151.32,220202,基础化工,shmb,C,2024-01-17,[],0,0,buy,AA-,,7.665,14.235,9.2,buy,2029-12-29,3.444,5.476,7040.2,6914.2,9.28,-4.31,,0,14:59:51,00,Y,N,0,0,Y,,2024-07-05 开始转股,计算使用3.5年期 评级为AA- 债参考YTM：2.3382,N,6.6,全价：138.442 最后更新：14:59:51,,,,0,[],0,0,N,,,buy,buy
2026-07-21 10:01:10,113697,应流转债,ylzz,173.905,7.34,603308,应流股份,ylgf,46.61,6.17,6.11,30.31,153.78,0,13.09,187.0,640108,机械设备,shmb,C,2025-10-22,[],0,0,buy,AA+,,21.217,39.403,4.7,buy,2031-09-19,5.167,14.994,56596.41,110236.77,22.32,-8.17,,0,14:59:58,00,Y,N,0,0,Y,,2026-03-25 开始转股,计算使用5.2年期 评级为AA+ 债参考YTM：1.8694,N,15.0,全价：173.905 最后更新：14:59:58,,,,0,{'M': ''},0,0,N,,,buy,buy
2026-07-21 10:01:10,123213,天源转债,tyzz,280.294,14.41,301127,武汉天源,whty,16.95,13.0,3.31,7.1,238.73,0,17.41,297.7,760102,环保,szcy,C,2023-08-16,[],0,0,buy,AA-,,4.97,9.23,2.9,buy,2029-07-28,3.022,3.26,61223.96,62882.82,72.47,-25.61,,0,15:34:42,00,Y,N,0,0,Y,,2024-02-05 开始转股,计算使用3.1年期 评级为AA- 债参考YTM：2.2752,N,10.0,全价：280.294 最后更新：15:34:42,,,,0,"{'G': '本次（2026年3月13日至2026年4月2日）不提前赎回，自2026年10月2日后首个交易日重新计算', 'M': ''}",0,0,N,,,buy,buy
2026-07-21 10:01:10,110102,江农转债,jnzz,100.0,0.0,600389,江山股份,jsgf,17.4,-1.53,1.79,20.64,84.3,183,18.62,118.62,220803,基础化工,shmb,C,,[],0,0,buy,AA+,,14.448,26.832,15.8,buy,2032-07-13,5.984,11.85,0.0,17597.19,0.0,2.03,,0,,00,Y,N,0,0,Y,,未到转股期；2027-01-20 开始转股,计算使用6.0年期 评级为AA+ 债参考YTM：1.9677,N,11.85,待上市,,,,0,{'M': ''},0,0,N,,,buy,buy
2026-07-21 10:01:10,127096,泰坦转债,ttzz,482.3,7.21,003036,泰坦股份,ttgf,53.55,-0.22,7.72,13.2,405.68,0,18.89,501.19,640206,机械设备,szmb,C,2023-11-15,[],0,0,buy,A,,9.24,17.16,2.5,buy,2029-10-25,3.266,2.875,171865.7,59378.03,132.08,-35.11,,0,15:34:33,00,Y,N,0,0,Y,,2024-05-06 开始转股,计算使用3.3年期 评级为A 债参考YTM：7.0136,N,2.955,全价：482.300 最后更新：15:34:33,,,,0,{'G': '本次（2026年6月12日至2026年7月3日）不提前赎回，以2026年10月3日后首个交易日起重新计算'},0,0,N,,,buy,buy
2026-07-21 10:01:10,113058,友发转债,yfzz,135.863,0.0,601686,友发集团,yfjt,5.1,-0.2,1.1,4.48,113.84,0,19.35,155.21,230403,钢铁,shmb,C,2022-04-26,[],0,0,buy,AA,,3.136,5.824,24.7,buy,2028-03-30,1.693,18.638,10904.79,3697.28,4.31,-10.04,,0,14:59:50,00,Y,N,2,2,Y,转股价下修2次，成功下修2次,2022-10-10 开始转股,计算使用1.7年期 评级为AA 债参考YTM：1.6578,N,20.0,全价：135.863 最后更新：14:59:50,,,,1,[],0,0,N,,,buy,buy
2026-07-21 10:01:10,113051,节能转债,jnzz,132.649,0.88,601016,节能风电,jnfd,3.68,-2.9,1.33,3.33,110.51,0,20.03,152.68,410107,公用事业,shmb,C,2021-07-22,[],0,0,buy,AAA,,2.331,4.329,11.9,buy,2027-06-21,0.918,26.519,37395.7,129753.17,10.76,-18.6,,0,14:59:59,00,Y,N,1,0,Y,转股价下修1次，成功下修0次,2021-12-27 开始转股,计算使用1.0年期 评级为AAA 债参考YTM：1.5240,N,30.0,全价：132.649 最后更新：14:59:59,,,,1,"{'G': '本次（2026年4月23日至2026年5月19日）不提前赎回，自2026年8月19日之后的首个交易日重新起算', 'M': ''}",0,0,N,,,buy,buy
2026-07-21 10:01:10,113043,财通转债,ctzz,130.218,-1.72,601108,财通证券,ctzq,8.61,-0.81,1.04,7.98,107.9,0,20.69,150.91,490101,非银金融,shmb,C,2020-12-28,[],0,0,buy,AAA,,,10.374,9.5,buy,2026-12-10,0.389,37.992,24039.96,54818.56,4.75,-48.14,,0,15:00:00,00,Y,Y,1,1,Y,转股价下修1次，成功下修1次,2021-06-16 开始转股,计算使用0.4年期 评级为AAA 债参考YTM：1.5050,N,38.0,全价：130.218 最后更新：15:00:00,,,,0,{'M': ''},0,0,N,,,buy,buy
2026-07-21 10:01:10,110076,华海转债,hhzz,122.806,0.35,600521,华海药业,hhyy,16.63,0.36,2.53,16.5,100.79,0,21.85,144.66,370102,医药生物,shmb,C,2020-11-25,[],0,0,buy,AA,,11.55,21.45,7.4,buy,2026-11-02,0.285,18.424,15265.3,75820.29,6.73,-36.6,,0,14:59:56,00,Y,N,1,1,Y,转股价下修1次，成功下修1次,2021-05-06 开始转股,计算使用0.3年期 评级为AA 债参考YTM：1.5636,N,18.426,全价：122.806 最后更新：14:59:56,,,,1,{'M': ''},0,0,N,,,buy,buy
2026-07-21 10:01:10,113631,皖天转债,wtzz,138.369,0.58,603689,皖天然气,wtrq,7.39,-1.6,1.02,6.51,113.52,0,21.89,160.26,410301,公用事业,shmb,C,2021-12-10,[],0,0,buy,AA+,,4.557,8.463,15.4,buy,2027-11-08,1.301,5.958,6532.32,4000.29,7.95,-15.27,,0,14:59:33,00,Y,N,0,0,Y,,2022-05-12 开始转股,计算使用1.4年期 评级为AA+ 债参考YTM：1.5834,N,9.3,全价：138.369 最后更新：14:59:33,,,,1,[],0,0,N,,,buy,buy
2026-07-21 10:01:10,127110,广核转债,ghzz,138.99,-0.08,003816,中国广核,zggh,4.06,-0.25,1.63,3.58,113.41,0,22.56,161.55,410108,公用事业,szmb,C,2025-07-25,[],0,0,buy,AAA,,2.506,4.654,3.1,buy,2031-07-09,4.97,48.992,22572.73,67643.86,3.31,-4.66,,0,15:33:54,00,Y,N,0,0,Y,,2026-01-15 开始转股,计算使用5.0年期 评级为AAA 债参考YTM：1.7384,N,49.0,全价：138.990 最后更新：15:33:54,,,,0,{'M': ''},0,0,N,,,buy,buy
2026-07-21 10:01:10,113615,金诚转债,jczz,732.645,2.5,603979,金诚信,jcx,66.33,4.97,3.56,11.12,596.49,0,22.83,755.48,240302,有色金属,shmb,C,2021-01-14,[],0,0,buy,AA,,7.784,14.456,1.2,buy,2026-12-23,0.425,4.958,79345.37,71478.12,21.68,-200.79,,0,14:59:59,00,Y,N,0,0,Y,,2021-06-29 开始转股,计算使用0.5年期 评级为AA 债参考YTM：1.5750,N,10.0,全价：732.645 最后更新：14:59:59,,,,1,"{'G': '本次（2025年10月10日至2025年10月30日）不提前赎回，至2026年12月22日到期均不提前赎回', 'M': ''}",0,0,N,,,buy,buy
2026-07-21 10:01:10,127040,国泰转债,gtzz,127.0,1.45,002091,江苏国泰,jsgt,7.59,0.13,0.75,7.35,103.27,0,22.98,149.98,450201,商贸零售,szmb,C,2021-08-10,[],0,0,buy,AA+,,5.145,9.555,32.8,buy,2027-07-07,0.962,39.863,12702.71,13336.34,2.52,-15.6,,0,15:34:27,00,Y,N,0,0,Y,,2022-01-13 开始转股,计算使用1.0年期 评级为AA+ 债参考YTM：1.5540,N,45.574,全价：127.000 最后更新：15:34:27,,,,1,{'M': ''},0,0,N,,,buy,buy
2026-07-21 10:01:10,128128,齐翔转2,qxz2,110.11,-0.13,002408,齐翔腾达,qxtd,4.78,-1.04,1.24,5.37,89.01,0,23.7,133.81,750303,石油石化,szmb,C,2020-09-15,[],0,0,buy,AA,,3.759,6.981,5.2,buy,2026-08-20,0.082,6.792,4955.08,16942.27,6.62,-1.26,,0,15:34:42,00,Y,N,0,0,Y,,2021-02-26 开始转股,计算使用0.1年期 评级为AA 债参考YTM：1.5444,N,29.9,全价：110.110 最后更新：15:34:42,,,,1,"{'R': '到期\n最后交易日：2026-08-14\n最后转股日：2026-08-19\n债券到期日：2026-08-20\n到期赎回价：110.000元/张', 'M': ''}",0,0,N,,,buy,buy
2026-07-21 10:01:10,123207,冠中转债,gzzz,209.8,5.62,300948,冠中生态,gzst,17.7,3.03,2.99,10.44,169.54,0,23.75,233.55,620307,建筑装饰,szcy,C,2023-08-09,[],0,0,buy,A-,,7.308,13.572,5.3,buy,2029-07-21,3.0,1.455,36666.27,17521.91,125.68,-17.43,,0,15:34:48,00,Y,N,1,1,Y,转股价下修1次，成功下修1次,2024-01-29 开始转股,计算使用3.0年期 评级为A- 债参考YTM：9.3032,N,4.0,全价：209.800 最后更新：15:34:48,,,,0,"{'G': '本次（2026年5月27日至2026年6月16日）不提前赎回，自2026年9月16日后首个交易日重新计算', 'M': ''}",0,0,N,,,buy,buy
2026-07-21 10:01:10,110099,福能转债,fnzz,147.503,-0.23,600483,福能股份,fngf,11.14,-2.28,1.1,9.49,117.39,0,25.66,173.16,410110,公用事业,shmb,C,2025-10-30,[],0,0,buy,AA+,,6.643,12.337,12.3,buy,2031-10-13,5.233,38.019,22495.75,29036.66,4.01,-5.46,,0,14:59:42,00,Y,N,0,0,Y,,2026-04-17 开始转股,计算使用5.3年期 评级为AA+ 债参考YTM：1.8809,N,38.02,全价：147.503 最后更新：14:59:42,,,,0,"{'M': '', 'EX': '能源集团及其一致行动人竞价、大宗减持10.00% 2026年07月18日公告'}",0,0,N,,,buy,buy
2026-07-21 10:01:10,127084,柳工转2,lgz2,150.199,0.2,000528,柳工,lg,8.33,0.48,0.89,6.98,119.34,0,25.86,176.06,640601,机械设备,szmb,C,2023-04-20,[],0,0,buy,AAA,,4.886,9.074,14.6,buy,2029-03-27,2.685,24.809,19209.15,37066.29,5.17,-9.38,,0,15:34:42,00,Y,N,0,0,Y,,2023-10-09 开始转股,计算使用2.7年期 评级为AAA 债参考YTM：1.5891,N,30.0,全价：150.199 最后更新：15:34:42,,,,0,{'M': ''},0,0,N,,,buy,buy
2026-07-21 10:01:10,128136,立讯转债,lxzz,137.035,2.35,002475,立讯精密,lxjm,60.42,6.37,5.25,55.67,108.53,0,26.26,163.3,270504,电子,szmb,C,2020-12-02,[],0,0,buy,AA+,,38.969,72.371,0.7,buy,2026-11-03,0.288,29.848,40590.09,932695.34,10.05,-74.37,,0,15:33:54,00,Y,N,0,0,Y,,2021-05-10 开始转股,计算使用0.3年期 评级为AA+ 债参考YTM：1.5316,N,30.0,全价：137.035 最后更新：15:33:54,,,,1,{'M': ''},0,0,N,,,buy,buy
2026-07-21 10:01:10,113691,和邦转债,hbzz,147.607,1.6,603077,和邦生物,hbsw,2.31,1.32,1.13,2.0,115.5,0,27.8,175.41,220802,基础化工,shmb,C,2024-11-19,[],0,0,buy,AA,,1.4,2.6,22.5,buy,2030-10-28,4.274,45.991,20850.41,42958.89,3.09,-5.82,,0,14:59:58,00,Y,N,0,0,Y,,2025-05-06 开始转股,计算使用4.3年期 评级为AA 债参考YTM：1.9307,N,46.0,全价：147.607 最后更新：14:59:58,,,,0,"{'G': '本次（2026年1月22日至2026年3月10日）不提前赎回，以2027年3月10日之后的首个交易日重新起算', 'M': ''}",0,0,N,,,buy,buy
2026-07-21 10:01:10,123187,超达转债,cdzz,177.843,4.96,301186,超达装备,cdzb,30.26,4.06,2.13,21.77,139.0,0,27.95,205.79,280205,汽车,szcy,C,2023-04-25,[],0,0,buy,A,,15.239,28.301,6.9,buy,2029-04-04,2.707,2.242,22465.68,13494.57,59.24,-14.01,,0,15:34:45,00,Y,N,0,0,Y,,2023-10-11 开始转股,计算使用2.8年期 评级为A 债参考YTM：6.9012,N,4.69,全价：177.843 最后更新：15:34:45,,,,0,"{'G': '本次（2026年4月10日至2026年4月30日）不提前赎回，以2026年7月31日之后的首个交易日重新起算', 'M': ''}",0,0,N,,,buy,buy
2026-07-21 10:01:10,118035,国力转债,glzz,166.199,8.02,688103,国力电子,gldz,80.78,9.9,6.7,62.31,129.64,0,28.2,194.4,270401,电子,shkc,C,2023-07-06,[],0,0,buy,A+,,43.617,81.003,6.2,buy,2029-06-12,2.896,4.799,67064.49,51528.98,88.06,-11.22,,0,14:59:59,00,Y,N,0,0,Y,,2023-12-18 开始转股,计算使用2.9年期 评级为A+ 债参考YTM：4.5778,N,4.8,全价：166.199 最后更新：14:59:59,,,,0,{'M': ''},0,0,N,,,buy,buy
2026-07-21 10:01:10,123276,久吾转02,jwz02,100.0,0.0,300631,久吾高科,jwgk,18.51,1.2,1.71,23.78,77.84,188,28.47,128.47,760201,环保,szcy,C,,[],0,0,buy,A+,,16.646,30.914,13.3,buy,2032-07-19,6.0,3.0,0.0,8262.61,0.0,2.97,,0,,00,Y,N,0,0,Y,,未到转股期；2027-01-25 开始转股,计算使用6.0年期 评级为A+ 债参考YTM：5.7577,N,3.0,待上市,,,,0,[],0,0,N,,,buy,buy
2026-07-21 10:01:10,118073,赛斯转债,sszz,100.0,0.0,688480,赛恩斯,ses,68.48,5.81,5.41,88.16,77.68,188,28.74,128.74,760104,环保,shkc,C,,[],0,0,buy,AA,,61.712,114.608,8.5,buy,2032-07-16,5.992,5.519,0.0,14986.25,0.0,2.16,,0,,00,Y,N,0,0,Y,,未到转股期；2027-01-25 开始转股,计算使用6.0年期 评级为AA 债参考YTM：2.2077,N,5.519,待上市,,,,0,{'M': ''},0,0,N,,,buy,buy
2026-07-21 10:01:10,113673,岱美转债,dmzz,191.838,2.73,603730,岱美股份,dmgf,10.54,0.96,4.51,7.12,148.03,0,29.59,221.43,280202,汽车,shmb,C,2023-08-10,[],0,0,buy,AA,,4.984,9.256,4.0,buy,2029-07-18,2.995,9.078,31554.71,19110.91,18.49,-15.82,,0,14:59:56,00,Y,N,1,1,Y,转股价下修1次，成功下修1次,2024-01-24 开始转股,计算使用3.0年期 评级为AA 债参考YTM：1.7432,N,9.079,全价：191.838 最后更新：14:59:56,,,,0,"{'G': '本次（2026年5月7日至2026年5月27日）不提前赎回，以2026年8月27日之后的首个交易日重新起算', 'M': ''}",0,0,N,,,buy,buy
2026-07-21 10:01:10,123118,惠城转债,hczz,723.5,2.92,300779,惠城环保,hchb,57.6,1.34,7.58,10.33,557.6,0,29.75,753.25,760103,环保,szcy,C,2021-07-26,[],0,0,buy,A+,,7.231,13.429,0.5,buy,2027-07-07,0.962,0.654,97774.36,80062.3,210.47,-87.71,,0,15:34:27,00,Y,N,0,0,Y,,2022-01-13 开始转股,计算使用1.0年期 评级为A+ 债参考YTM：4.1940,N,3.2,全价：723.500 最后更新：15:34:27,,,,1,"{'G': '本次（2026年5月6日至2026年5月26日）不提前赎回，自2026年8月26日后首个交易日重新计算', 'M': ''}",0,0,N,,,buy,buy
2026-07-21 10:01:10,123243,严牌转债,ypzz,194.5,6.46,301081,严牌股份,ypgf,10.82,5.25,2.26,7.22,149.86,0,29.79,224.29,760201,环保,szcy,C,2024-07-26,[],0,0,buy,A+,,5.054,9.386,10.7,buy,2030-07-10,3.973,2.607,22765.08,10112.31,48.07,-11.93,,0,15:34:48,00,Y,N,0,0,Y,,2025-01-16 开始转股,计算使用4.0年期 评级为A+ 债参考YTM：4.7610,N,4.679,全价：194.500 最后更新：15:34:48,,,,0,"{'G': '本次（2026年5月6日至2026年5月26日）不提问赎回，以2026年8月26日后的首个交易日重新计算', 'M': ''}",0,0,N,,,buy,buy
2026-07-21 10:01:10,123092,天壕转债,thzz,123.45,-1.07,300332,天壕能源,thny,4.72,-4.45,1.02,4.97,94.97,0,29.99,153.44,410301,公用事业,szcy,C,2021-01-15,[],0,0,buy,A+,,3.479,6.461,8.9,buy,2026-12-24,0.427,3.416,13691.23,20889.76,32.53,-16.12,,0,15:34:24,00,Y,N,0,0,Y,,2021-06-30 开始转股,计算使用0.5年期 评级为A+ 债参考YTM：4.1450,N,4.23,全价：123.450 最后更新：15:34:24,,,,1,{'M': ''},0,0,N,,,buy,buy
2026-07-21 10:01:10,123247,万凯转债,wkzz,185.1,-3.26,301216,万凯新材,wkxc,15.82,-1.19,1.4,11.15,141.88,0,30.46,215.56,220501,基础化工,szcy,C,2024-09-05,[],0,0,buy,AA,,7.805,14.495,22.8,buy,2030-08-16,4.074,19.642,42186.28,31016.8,11.39,-11.27,,0,15:34:51,00,Y,N,0,0,Y,,2025-02-24 开始转股,计算使用4.1年期 评级为AA 债参考YTM：1.9052,N,27.0,全价：185.100 最后更新：15:34:51,,,,0,"{'G': '本次（2026年6月17日至2026年7月8日）不提前赎回，自2026年10月8日后首个交易日重新计算', 'M': ''}",0,0,N,,,buy,buy
2026-07-21 10:01:10,123176,精测转2,jcz2,497.275,11.54,300567,精测电子,jcdz,245.8,16.6,15.54,64.51,381.03,0,30.51,527.79,640107,机械设备,szcy,C,2023-03-22,[],0,0,buy,AA-,,45.157,83.863,2.3,buy,2029-03-02,2.616,12.753,281695.24,352877.33,46.8,-43.18,,0,15:34:51,00,Y,N,0,0,Y,,2023-09-08 开始转股,计算使用2.7年期 评级为AA- 债参考YTM：2.1776,N,12.76,全价：497.275 最后更新：15:34:51,,,,0,{'M': ''},0,0,N,,,buy,buy
2026-07-21 10:01:10,127092,运机转债,yjzz,275.222,5.86,001288,运机集团,yjjt,24.87,8.27,2.38,11.91,208.82,0,31.8,307.02,640203,机械设备,szmb,C,2023-10-20,[],0,0,buy,AA-,,8.337,15.483,13.9,buy,2029-09-21,3.173,5.25,128710.42,24749.23,90.26,-23.27,,0,15:34:21,00,Y,N,0,0,Y,,2024-03-27 开始转股,计算使用3.2年期 评级为AA- 债参考YTM：2.2941,N,7.3,全价：275.222 最后更新：15:34:21,,,,0,{'G': '本次（2025年12月8日至2025年12月26日）不提前赎回，以2026年12月26日后的首个交易日起重新计算'},0,0,N,,,buy,buy
2026-07-21 10:01:10,123107,温氏转债,wszz,114.74,-0.65,300498,温氏股份,wsgf,14.0,-3.51,2.31,16.09,87.01,0,31.87,146.61,110702,农林牧渔,szcy,C,2021-04-21,[],0,0,buy,AAA,,11.263,20.917,9.3,buy,2027-03-29,0.688,77.063,22643.83,123807.5,2.55,-8.54,,0,15:34:18,00,Y,N,0,0,Y,,2021-10-08 开始转股,计算使用0.7年期 评级为AAA 债参考YTM：1.5050,N,92.97,全价：114.740 最后更新：15:34:18,,,,1,{'M': ''},0,0,N,,,buy,buy
2026-07-21 10:01:10,128142,新乳转债,xrzz,119.705,0.34,002946,新乳业,xry,15.85,-1.06,3.48,17.5,90.57,0,32.17,151.88,340702,食品饮料,szmb,C,2021-01-19,[],0,0,buy,AA,,12.25,22.75,5.3,buy,2026-12-18,0.411,7.178,4969.4,15567.58,5.77,-19.86,,0,15:34:03,00,Y,N,0,0,Y,,2021-06-24 开始转股,计算使用0.5年期 评级为AA 债参考YTM：1.5750,N,7.18,全价：119.705 最后更新：15:34:03,,,,1,{'M': ''},0,0,N,,,buy,buy
2026-07-21 10:01:10,118058,微导转债,wdzz,501.027,11.01,688147,微导纳米,wdnm,125.84,20.0,19.41,33.29,378.01,0,32.54,533.57,630505,电力设备,shkc,C,2025-08-27,[],0,0,buy,AA,,23.303,43.277,2.0,buy,2031-08-06,5.047,11.699,312855.18,128402.88,55.94,-25.66,,0,15:00:00,00,Y,N,0,0,Y,,2026-02-12 开始转股,计算使用5.1年期 评级为AA 债参考YTM：2.0216,N,11.7,全价：501.027 最后更新：15:00:00,,,,0,"{'G': '本次（2026年2月12日至2026年3月12日）不提前赎回，以2026年9月13日为首个交易日重新计算', 'M': ''}",0,0,N,,,buy,buy
2026-07-21 10:01:10,113052,兴业转债,xyzz,118.09,-0.39,601166,兴业银行,xyyh,17.89,-2.45,0.42,20.13,88.87,0,32.88,150.97,480301,银行,shmb,C,2022-01-14,[],0,0,buy,AAA,,,26.169,10.9,buy,2027-12-27,1.436,413.5,58973.22,306507.72,1.21,-4.1,,0,14:59:59,00,Y,Y,0,0,Y,,2022-06-30 开始转股,计算使用1.5年期 评级为AAA 债参考YTM：1.5523,N,500.0,全价：118.090 最后更新：14:59:59,,,,0,{'M': ''},0,0,N,,,buy,buy
2026-07-21 10:01:10,110075,南航转债,nhzz,109.179,0.57,600029,南方航空,nfhk,5.06,0.8,2.47,6.17,82.01,0,33.13,142.31,421001,交通运输,shmb,C,2020-11-03,[],0,0,buy,AAA,,4.319,8.021,8.6,buy,2026-10-15,0.236,58.959,12577.3,49303.13,1.96,-10.54,,0,14:58:59,00,Y,N,0,0,Y,,2021-04-21 开始转股,计算使用0.3年期 评级为AAA 债参考YTM：1.5026,N,160.0,全价：109.179 最后更新：14:58:59,,,,1,{'M': ''},0,0,N,,,buy,buy
2026-07-21 10:01:10,123245,集智转债,jzzz,347.5,4.53,300553,集智股份,jzgf,47.0,-0.4,6.14,18.06,260.24,0,33.53,381.03,640107,机械设备,szcy,C,2024-08-28,[],0,0,buy,A,,12.642,23.478,3.8,buy,2030-08-14,4.069,1.537,72058.63,38791.33,141.83,-23.25,,0,15:34:12,00,Y,N,0,0,Y,,2025-02-20 开始转股,计算使用4.1年期 评级为A 债参考YTM：7.1262,N,2.546,全价：347.500 最后更新：15:34:12,,,,0,{'G': '本次（2026年6月2日至2026年6月23日）不提前赎回，自2026年9月23日后首个交易日重新计算'},0,0,N,,,buy,buy
2026-07-21 10:01:10,127027,能化转债,nhzz,114.488,-0.18,000552,甘肃能化,gsnh,2.51,-0.4,0.81,2.93,85.67,0,33.65,148.14,740101,煤炭,szmb,C,2021-01-22,[],0,0,buy,AAA,,2.051,3.809,20.8,buy,2026-12-10,0.389,19.463,3490.25,19192.93,1.57,-10.15,,0,15:34:12,00,Y,N,0,0,Y,,2021-06-16 开始转股,计算使用0.4年期 评级为AAA 债参考YTM：1.5050,N,28.0,全价：114.488 最后更新：15:34:12,,,,1,{'M': ''},0,0,N,,,buy,buy
2026-07-21 10:01:10,123104,卫宁转债,wnzz,135.839,1.58,300253,卫宁健康,wnjk,7.08,2.02,2.78,7.02,100.86,0,34.69,170.53,710401,计算机,szcy,C,2021-03-31,[],0,0,buy,AA,,4.914,9.126,7.4,buy,2027-03-16,0.652,9.699,7429.6,51558.61,5.68,-17.96,,0,15:34:18,00,Y,N,2,2,Y,转股价下修2次，成功下修2次,2021-09-22 开始转股,计算使用0.7年期 评级为AA 债参考YTM：1.5752,N,9.703,全价：135.839 最后更新：15:34:18,,,,1,{'M': ''},0,0,N,,,buy,buy
2026-07-21 10:01:10,123112,万讯转债,wxzz,140.2,3.19,300112,万讯自控,wxzk,6.69,13.01,1.96,6.43,104.04,0,34.75,174.95,640107,机械设备,szcy,C,2021-04-23,[],0,0,buy,AA-,,4.501,8.359,14.2,buy,2027-04-08,0.715,2.264,19431.83,24723.63,62.43,-22.23,,0,15:34:21,00,Y,N,1,1,Y,转股价下修1次，成功下修1次,2021-10-14 开始转股,计算使用0.8年期 评级为AA- 债参考YTM：1.8180,N,2.457,全价：140.200 最后更新：15:34:21,,,,1,[],0,0,N,,,buy,buy
2026-07-21 10:01:10,123149,通裕转债,tyzz,137.4,1.33,300185,通裕重工,tyzg,2.75,2.23,1.53,2.71,101.48,0,35.4,172.8,630602,电力设备,szcy,C,2022-07-15,[],0,0,buy,AA,,1.897,3.523,10.5,buy,2028-06-20,1.918,11.069,11764.48,26874.24,7.76,-9.44,,0,15:34:33,00,Y,N,0,0,Y,,2022-12-26 开始转股,计算使用2.0年期 评级为AA 债参考YTM：1.6867,N,14.847,全价：137.400 最后更新：15:34:33,,,,1,{'M': ''},0,0,N,,,buy,buy
2026-07-21 10:01:10,110098,南药转债,nyzz,137.607,-0.67,600713,南京医药,njyy,5.01,-2.53,0.89,4.95,101.21,0,35.96,173.57,370402,医药生物,shmb,C,2025-01-20,[],0,0,buy,AA+,,3.465,6.435,16.7,buy,2030-12-25,4.433,10.814,6704.65,11337.2,4.5,-4.55,,0,14:59:59,00,Y,N,0,0,Y,,2025-07-01 开始转股,计算使用4.5年期 评级为AA+ 债参考YTM：1.7973,N,10.815,全价：137.607 最后更新：14:59:59,,,,0,[],0,0,N,,,buy,buy
2026-07-21 10:01:10,127078,优彩转债,yczz,148.755,0.49,002998,优彩资源,yczy,6.9,-1.99,1.35,6.31,109.35,0,36.04,184.8,220401,基础化工,szmb,C,2023-01-09,[],0,0,buy,A+,,4.417,8.203,22.3,buy,2028-12-14,2.403,4.158,6687.46,15572.23,10.96,-8.95,,0,15:34:33,00,Y,N,0,0,N,2026-07-17 起暂停转股：权益分派,2023-06-20 开始转股;2026-07-17 起暂停转股：权益分派,计算使用2.5年期 评级为A+ 债参考YTM：4.4694,N,6.0,全价：148.755 最后更新：15:34:33,,,,0,[],0,0,N,,,buy,buy
2026-07-21 10:01:10,111002,特纸转债,tzzz,144.947,-0.73,605007,五洲特纸,wztz,14.37,-3.82,1.82,13.49,106.52,0,36.07,181.02,360103,轻工制造,shmb,C,2021-12-30,[],0,0,buy,AA,,9.443,17.537,9.7,buy,2027-12-08,1.384,6.619,8263.31,8908.36,8.66,-16.23,,0,14:59:51,00,Y,N,1,1,Y,转股价下修1次，成功下修1次,2022-06-14 开始转股,计算使用1.4年期 评级为AA 债参考YTM：1.6286,N,6.7,全价：144.947 最后更新：14:59:51,,,,1,[],0,0,N,,,buy,buy
2026-07-21 10:01:10,123131,奥飞转债,afzz,295.366,4.99,300738,奥飞数据,afsj,21.78,4.21,5.51,10.05,216.72,0,36.29,331.66,730104,通信,szcy,C,2021-12-22,[],0,0,buy,A+,,7.035,13.065,1.5,buy,2027-12-03,1.37,3.159,151694.88,200486.52,167.86,-49.44,,0,15:34:27,00,Y,N,0,0,Y,,2022-06-09 开始转股,计算使用1.4年期 评级为A+ 债参考YTM：4.2522,N,6.35,全价：295.366 最后更新：15:34:27,,,,1,"{'G': '本次（2026年5月21日至2026年6月10日）不提前赎回，以2026年12月10日后的首个交易日重新计算', 'M': ''}",0,0,N,,,buy,buy
2026-07-21 10:01:10,127045,牧原转债,myzz,124.11,-0.55,002714,牧原股份,mygf,39.42,-2.93,2.61,43.32,91.0,0,36.39,160.5,110702,农林牧渔,szmb,C,2021-09-10,[],0,0,buy,AAA,,30.324,56.316,7.4,buy,2027-08-16,1.071,95.429,19031.9,304751.09,1.61,-11.93,,0,15:34:30,00,Y,Y,0,0,Y,,2022-02-21 开始转股,计算使用1.1年期 评级为AAA 债参考YTM：1.5307,N,95.5,全价：124.110 最后更新：15:34:30,,,,1,{'M': ''},0,0,N,,,buy,buy
2026-07-21 10:01:10,118030,睿创转债,rczz,532.297,13.66,688002,睿创微纳,rcwn,150.67,20.0,9.69,38.65,389.83,0,36.55,568.85,650501,国防军工,shkc,C,2023-02-10,[],0,0,buy,AA,,27.055,50.245,1.8,buy,2028-12-30,2.447,12.622,280170.92,433288.54,43.8,-47.28,,0,15:00:00,00,Y,N,0,0,Y,,2023-07-06 开始转股,计算使用2.5年期 评级为AA 债参考YTM：1.7194,N,15.647,全价：532.297 最后更新：15:00:00,,,,0,"{'G': '本次（2026年3月18日至2026年4月8日）不提前赎回，以2027年4月9日为首个交易日重新计算', 'M': ''}",0,0,N,,,buy,buy
2026-07-21 10:01:10,127030,盛虹转债,shzz,120.065,-0.1,000301,东方盛虹,dfsh,11.58,-2.44,2.15,13.21,87.66,0,36.97,157.04,750301,石油石化,szmb,C,2021-04-21,[],0,0,buy,AA+,,9.247,17.173,6.5,buy,2027-03-22,0.669,49.974,11618.29,39866.13,1.94,-15.03,,0,15:34:15,00,Y,N,0,0,Y,,2021-09-27 开始转股,计算使用0.7年期 评级为AA+ 债参考YTM：1.5352,N,50.0,全价：120.065 最后更新：15:34:15,,,,1,{'M': ''},0,0,N,,,buy,buy
2026-07-21 10:01:10,123241,欧通转债,otzz,972.0,8.79,300870,欧陆通,olt,218.0,17.52,12.59,30.8,707.79,0,37.33,1009.33,630306,电力设备,szcy,C,2024-07-26,[],0,0,buy,AA-,,21.56,40.04,0.8,buy,2030-07-05,3.959,2.604,210242.29,214584.66,86.65,-41.91,,0,15:34:51,00,Y,N,0,0,Y,,2025-01-13 开始转股,计算使用4.0年期 评级为AA- 债参考YTM：2.4010,N,6.445,全价：972.000 最后更新：15:34:51,,,,0,"{'G': '本次（2026年4月14日至2026年5月7日）不提前赎回，自2026年8月7日后首个交易日重新计算', 'M': ''}",0,0,N,,,buy,buy
2026-07-21 10:01:10,123091,长海转债,chzz,157.611,3.59,300196,长海股份,chgf,17.16,9.09,1.43,14.99,114.48,0,37.68,195.29,610202,建筑材料,szcy,C,2021-01-15,[],0,0,buy,AA,,10.493,19.487,12.9,buy,2026-12-23,0.425,5.481,65854.44,41705.14,76.98,-70.1,,0,15:34:24,00,Y,N,0,0,Y,,2021-06-29 开始转股,计算使用0.5年期 评级为AA 债参考YTM：1.5750,N,5.5,全价：157.611 最后更新：15:34:24,,,,1,{'G': '本次（2026年4月14日至2026年5月26日）不提前赎回，自2026年8月26日后的首个交易日重新计算'},0,0,N,,,buy,buy
2026-07-21 10:01:10,123064,万孚转债,wfzz,111.42,-0.29,300482,万孚生物,wfsw,16.87,-0.18,1.43,20.88,80.8,0,37.9,149.32,370504,医药生物,szcy,C,2020-09-23,[],0,0,buy,AA,,14.616,27.144,8.2,buy,2026-09-01,0.115,5.976,4172.38,12064.77,6.27,-11.07,,0,15:34:18,00,Y,N,3,3,Y,转股价下修3次，成功下修3次,2021-03-08 开始转股,计算使用0.2年期 评级为AA 债参考YTM：1.5545,N,6.0,全价：111.420 最后更新：15:34:18,,,,1,{'M': ''},0,0,N,,,buy,buy
2026-07-21 10:01:10,123275,肇民转债,zmzz,100.0,0.0,301000,肇民科技,zmkj,24.49,1.53,4.53,33.8,72.46,178,38.02,138.02,280205,汽车,szcy,C,,[],0,0,buy,AA-,,23.66,43.94,10.5,buy,2032-07-08,5.97,5.9,0.0,13966.92,0.0,2.2,,0,,00,Y,N,0,0,Y,,未到转股期；2027-01-15 开始转股,计算使用6.0年期 评级为AA- 债参考YTM：3.4077,N,5.9,待上市,,,,0,{'M': ''},0,0,N,,,buy,buy
2026-07-21 10:01:10,123150,九强转债,jqzz,136.142,0.27,300406,九强生物,jqsw,11.34,-1.99,1.71,11.6,97.76,0,39.26,175.4,370504,医药生物,szcy,C,2022-07-20,[],0,0,buy,AA-,,8.12,15.08,23.3,buy,2028-06-30,1.945,11.21,4456.68,6576.07,2.94,-9.53,,0,15:34:36,00,Y,N,1,1,Y,转股价下修1次，成功下修1次,2023-01-06 开始转股,计算使用2.0年期 评级为AA- 债参考YTM：2.0167,N,11.39,全价：136.142 最后更新：15:34:36,,,,1,{'M': ''},0,0,N,,,buy,buy
2026-07-21 10:01:10,127070,大中转债,dzzz,329.23,-1.72,001203,大中矿业,dzky,24.95,0.0,5.11,10.56,236.27,0,39.35,368.58,230301,钢铁,szmb,C,2022-10-11,[],0,0,buy,AA,,7.392,13.728,2.9,buy,2028-08-17,2.077,9.342,73831.24,61118.99,24.18,-40.13,,0,15:34:36,00,Y,N,0,0,Y,,2023-02-23 开始转股,计算使用2.1年期 评级为AA 债参考YTM：1.6952,N,15.2,全价：329.230 最后更新：15:34:36,,,,0,"{'G': '本次（2026年2月24日至2026年3月16日）不提前赎回，以2026年9月16日后的首个交易日重新计算', 'M': ''}",0,0,N,,,buy,buy
2026-07-21 10:01:10,127103,东南转债,dnzz,144.5,2.96,002135,东南网架,dnwj,5.79,1.94,1.02,5.59,103.58,0,39.51,184.01,620401,建筑装饰,szmb,C,2024-01-24,[],0,0,buy,AA,,3.913,7.267,33.9,buy,2030-01-03,3.458,19.999,11400.34,11809.77,4.01,-7.17,,0,15:34:39,00,Y,N,0,0,Y,,2024-07-09 开始转股,计算使用3.5年期 评级为AA 债参考YTM：1.8057,N,20.0,全价：144.500 最后更新：15:34:39,,,,0,"{'G': '本次（2026年3月17日至2026年4月28日）不提前赎回，自2026年7月28日后首个交易日重新计算', 'M': ''}",0,0,N,,,buy,buy
2026-07-21 10:01:10,128129,青农转债,qnzz,107.827,-0.02,002958,青农商行,qnsh,2.98,-1.65,0.37,3.88,76.8,0,40.39,148.22,480501,银行,szmb,C,2020-09-18,[],0,0,buy,AAA,,,5.044,30.8,buy,2026-08-25,0.096,49.997,22444.62,34356.36,4.16,1.72,,0,15:34:39,00,Y,N,1,1,Y,转股价下修1次，成功下修1次,2021-03-01 开始转股,计算使用0.1年期 评级为AAA 债参考YTM：1.4843,N,50.0,全价：107.827 最后更新：15:34:39,,,,0,"{'R': '到期\n最后交易日：2026-08-19\n最后转股日：2026-08-24\n债券到期日：2026-08-25\n到期赎回价：108.000元/张', 'M': ''}",0,0,N,,,buy,buy
2026-07-21 10:01:10,127109,电化转债,dhzz,175.09,5.6,002125,湘潭电化,xtdh,12.44,5.07,2.28,9.99,124.53,0,40.61,215.7,630702,电力设备,szmb,C,2025-07-04,[],0,0,buy,AA,,6.993,12.987,6.2,buy,2031-06-16,4.907,4.866,28046.93,39217.99,33.53,-8.41,,0,15:34:45,00,Y,N,0,0,Y,,2025-12-22 开始转股,计算使用5.0年期 评级为AA 债参考YTM：2.0084,N,4.87,全价：175.090 最后更新：15:34:45,,,,0,"{'G': '本次（2026年4月14日至2026年5月7日）不提前赎回，自2026年8月7日后首个交易日重新计算', 'M': ''}",0,0,N,,,buy,buy
2026-07-21 10:01:10,123065,宝莱转债,blzz,120.862,0.7,300246,宝莱特,blt,15.65,1.76,3.66,18.3,85.52,0,41.33,162.19,370502,医药生物,szcy,C,2020-09-24,[],0,0,buy,AA-,,12.81,23.79,6.6,buy,2026-09-04,0.123,2.18,6438.79,30165.72,24.63,-40.25,,0,15:34:18,00,Y,N,2,2,Y,转股价下修2次，成功下修2次,2021-03-11 开始转股,计算使用0.2年期 评级为AA- 债参考YTM：1.7545,N,2.19,全价：120.862 最后更新：15:34:18,,,,0,[],0,0,N,,,buy,buy
2026-07-21 10:01:10,113046,金田转债,jtzz,134.1,1.12,601609,金田股份,jtgf,9.64,4.44,1.62,10.18,94.7,0,41.61,175.71,240302,有色金属,shmb,C,2021-04-12,[],0,0,buy,AA+,,7.126,13.234,9.0,buy,2027-03-22,0.669,14.992,9901.69,36541.89,4.96,-26.88,,0,14:59:57,00,Y,N,0,0,Y,,2021-09-27 开始转股,计算使用0.7年期 评级为AA+ 债参考YTM：1.5352,N,15.0,全价：134.100 最后更新：14:59:57,,,,1,{'M': ''},0,0,N,,,buy,buy
2026-07-21 10:01:10,110092,三房转债,sfzz,76.467,-1.41,600370,*ST三房,sfx,1.63,-2.98,1.27,3.02,53.97,0,41.68,118.15,220401,基础化工,shmb,C,2023-02-07,[],0,0,buy,A-,,2.114,3.926,32.3,buy,2029-01-06,2.466,21.185,17877.41,8207.48,11.04,17.68,,0,15:00:00,00,Y,N,0,0,Y,,2023-07-12 开始转股,计算使用2.5年期 评级为A- 债参考YTM：9.1694,N,25.0,全价：76.467 最后更新：15:00:00,,,,0,[],0,0,N,,,buy,buy
2026-07-21 10:01:10,111000,起帆转债,qfzz,144.789,2.78,605222,起帆电缆,qfdl,17.58,2.45,1.5,17.29,101.68,0,42.4,187.19,630805,电力设备,shmb,C,2021-06-17,[],0,0,buy,AA-,,12.103,22.477,13.8,buy,2027-05-24,0.841,9.991,15362.31,17794.28,10.84,-24.46,,0,14:59:52,00,Y,N,1,1,Y,转股价下修1次，成功下修1次,2021-11-29 开始转股,计算使用0.9年期 评级为AA- 债参考YTM：1.8348,N,10.0,全价：144.789 最后更新：14:59:52,,,,1,{'G': '本次（2026年3月13日至2026年4月20日）不提前赎回，以2026年10月21日为首个交易日重新起算'},0,0,N,,,buy,buy
2026-07-21 10:01:10,123257,安克转债,akzz,159.888,1.46,300866,安克创新,akcx,122.09,3.49,6.37,108.86,112.15,0,42.56,202.45,270503,电子,szcy,C,2025-07-04,[],0,0,buy,AA+,,76.202,141.518,2.9,buy,2031-06-16,4.907,11.046,16167.16,82256.63,9.23,-7.04,,0,15:34:21,00,Y,N,0,0,Y,,2025-12-22 开始转股,计算使用5.0年期 评级为AA+ 债参考YTM：1.8484,N,11.048,全价：159.888 最后更新：15:34:21,,,,0,{'M': ''},0,0,N,,,buy,buy
2026-07-21 10:01:10,127095,广泰转债,gtzz,150.394,2.0,002111,威海广泰,whgt,9.22,0.55,1.54,8.83,104.42,0,44.03,194.42,650201,国防军工,szmb,C,2023-11-10,[],0,0,buy,AA-,,6.181,11.479,15.4,buy,2029-10-18,3.247,6.927,5118.15,10428.07,4.98,-7.01,,0,15:34:24,00,Y,N,0,0,Y,,2024-04-24 开始转股,计算使用3.3年期 评级为AA- 债参考YTM：2.3106,N,7.0,全价：150.394 最后更新：15:34:24,,,,0,[],0,0,N,,,buy,buy
2026-07-21 10:01:10,113661,福22转债,f22zz,140.597,0.92,603806,福斯特,fst,14.24,4.09,2.23,14.59,97.6,0,44.05,184.65,630504,电力设备,shmb,C,2022-12-22,[],0,0,buy,AA,,10.213,18.967,8.2,buy,2028-11-22,2.343,30.297,26306.98,58811.92,6.18,-8.96,,0,14:59:58,00,Y,N,1,1,Y,转股价下修1次，成功下修1次,2023-05-29 开始转股,计算使用2.4年期 评级为AA 债参考YTM：1.7145,N,30.3,全价：140.597 最后更新：14:59:58,,,,0,{'M': ''},0,0,N,,,buy,buy
2026-07-21 10:01:10,113070,渝水转债,yszz,128.799,-0.11,601158,重庆水务,cqsw,4.21,0.0,1.15,4.72,89.2,0,44.4,173.2,760102,环保,shmb,C,2025-02-13,[],0,0,buy,AAA,,3.304,6.136,9.4,buy,2031-01-09,4.474,18.998,6706.37,8130.15,2.74,-3.25,,0,14:58:52,00,Y,N,0,0,Y,,2025-07-15 开始转股,计算使用4.5年期 评级为AAA 债参考YTM：1.7055,N,19.0,全价：128.799 最后更新：14:58:52,,,,0,{'M': ''},0,0,N,,,buy,buy
2026-07-21 10:01:10,127050,麒麟转债,qlzz,134.976,0.43,002984,森麒麟,sql,14.06,-0.92,1.05,15.07,93.3,0,44.67,179.65,280204,汽车,szmb,C,2021-12-06,[],0,0,buy,AA,,10.549,19.591,20.8,buy,2027-11-11,1.31,20.86,7468.86,21104.82,2.66,-13.57,,0,15:34:21,00,Y,N,2,2,Y,转股价下修2次，成功下修2次,2022-05-17 开始转股,计算使用1.4年期 评级为AA 债参考YTM：1.6286,N,21.989,全价：134.976 最后更新：15:34:21,,,,1,{'M': ''},0,0,N,,,buy,buy
2026-07-21 10:01:10,118044,赛特转债,stzz,152.403,-0.41,688398,赛特新材,stxc,19.85,-1.93,2.91,18.85,105.31,0,44.73,197.13,220309,基础化工,shkc,C,2023-10-12,[],0,0,buy,A+,,13.195,24.505,13.3,buy,2029-09-11,3.145,4.42,13479.85,11116.87,20.23,-8.14,,0,14:59:51,00,Y,N,1,1,Y,转股价下修1次，成功下修1次,2024-03-15 开始转股,计算使用3.2年期 评级为A+ 债参考YTM：4.6461,N,4.42,全价：152.403 最后更新：14:59:51,,,,0,"{'G': '本次（2026年3月10日至2026年4月20日）不提前赎回，以2026年10月21日起算', 'M': ''}",0,0,N,,,buy,buy
2026-07-21 10:01:10,127034,绿茵转债,lyzz,128.2,1.25,002887,绿茵生态,lyst,9.91,1.12,1.24,11.21,88.4,0,45.02,173.22,760104,环保,szmb,C,2021-05-28,[],0,0,buy,AA-,,7.847,14.573,19.9,buy,2027-04-30,0.775,4.279,10811.97,17066.99,20.05,-15.35,,0,15:34:21,00,Y,N,0,0,Y,,2021-11-11 开始转股,计算使用0.8年期 评级为AA- 债参考YTM：1.8180,N,7.12,全价：128.200 最后更新：15:34:21,,,,1,[],0,0,N,,,buy,buy
2026-07-21 10:01:10,113066,平煤转债,pmzz,149.496,-1.96,601666,平煤股份,pmgf,7.65,-4.14,0.75,7.46,102.55,0,45.78,195.28,740102,煤炭,shmb,C,2023-04-10,[],0,0,buy,AAA,,5.222,9.698,7.6,buy,2029-03-16,2.655,14.274,15742.1,49061.82,7.32,-11.12,,0,14:59:59,00,Y,N,1,1,Y,转股价下修1次，成功下修1次,2023-09-22 开始转股,计算使用2.7年期 评级为AAA 债参考YTM：1.5891,N,29.0,全价：149.496 最后更新：14:59:59,,,,0,{'M': ''},0,0,N,,,buy,buy
2026-07-21 10:01:10,123178,花园转债,hyzz,138.444,1.19,300401,花园生物,hysw,12.61,-0.24,1.94,13.34,94.53,0,46.46,184.9,370101,医药生物,szcy,C,2023-03-23,[],0,0,buy,AA-,,9.338,17.342,17.1,buy,2029-03-06,2.627,11.58,16164.75,52578.62,10.16,-5.84,,0,15:33:54,00,Y,N,1,1,Y,转股价下修1次，成功下修1次,2023-09-11 开始转股,计算使用2.7年期 评级为AA- 债参考YTM：2.1776,N,12.0,全价：138.444 最后更新：15:33:54,,,,0,{'M': ''},0,0,N,,,buy,buy
2026-07-21 10:01:10,113643,风语转债,fyzz,146.842,-0.56,603466,风语筑,fyz,11.82,-1.66,3.32,11.8,100.17,0,46.59,193.43,720706,传媒,shmb,C,2022-04-22,[],0,0,buy,AA-,,8.26,15.34,7.1,buy,2028-03-25,1.68,4.992,19419.81,86875.63,26.74,-12.79,,0,14:59:57,00,Y,N,1,1,Y,转股价下修1次，成功下修1次,2022-10-10 开始转股,计算使用1.7年期 评级为AA- 债参考YTM：1.9674,N,5.0,全价：146.842 最后更新：14:59:57,,,,1,{'M': ''},0,0,N,,,buy,buy
2026-07-21 10:01:10,123157,科蓝转债,klzz,136.749,2.97,300663,科蓝软件,klrj,8.19,10.38,10.43,8.8,93.07,0,46.93,183.68,710401,计算机,szcy,C,2022-09-20,[],0,0,buy,A-,,6.16,11.44,6.2,buy,2028-08-30,2.112,2.34,63578.64,78556.42,200.76,-6.58,,0,15:34:39,00,Y,N,2,2,Y,转股价下修2次，成功下修2次,2023-03-06 开始转股,计算使用2.2年期 评级为A- 债参考YTM：9.0952,N,4.946,全价：136.749 最后更新：15:34:39,,,,0,{'M': ''},0,0,N,,,buy,buy
2026-07-21 10:01:10,118051,皓元转债,hyzz,266.579,1.95,688131,皓元医药,hyyy,72.88,-0.98,4.84,40.22,181.2,0,47.12,313.7,370603,医药生物,shkc,C,2024-12-19,[],0,0,buy,AA-,,28.154,52.286,5.3,buy,2030-11-28,4.359,8.218,48509.29,60888.38,22.76,-17.42,,0,15:00:00,00,Y,N,0,0,Y,,2025-06-04 开始转股,计算使用4.4年期 评级为AA- 债参考YTM：2.4575,N,8.223,全价：266.579 最后更新：15:00:00,,,,0,"{'G': '本次（2026年5月20日至2026年6月9日）不提前赎回，以2026年10月12日为首个交易日重新计算', 'M': ''}",0,0,N,,,buy,buy
2026-07-21 10:01:10,128127,文科转债,wkzz,114.091,0.02,002775,文科股份,wkgf,3.04,-2.88,34.94,3.92,77.55,0,47.12,161.21,620307,建筑装饰,szmb,C,2020-09-11,[],0,0,buy,BBB+,,2.744,5.096,43.4,buy,2026-08-20,0.082,7.662,6276.44,5599.63,7.18,10.02,,0,15:33:54,00,Y,N,2,2,Y,转股价下修2次，成功下修2次,2021-03-01 开始转股,计算使用0.1年期 评级为BBB+ 债参考YTM：11.7550,N,9.5,全价：114.091 最后更新：15:33:54,,,,1,{'R': '到期\n最后交易日：2026-08-14\n最后转股日：2026-08-19\n债券到期日：2026-08-20\n到期赎回价：115.000元/张'},0,0,N,,,buy,buy
2026-07-21 10:01:10,118013,道通转债,dtzz,184.562,4.6,688208,道通科技,dtkj,26.9,1.28,4.45,21.48,125.23,0,47.38,231.94,710103,计算机,shkc,C,2022-07-28,[],0,0,buy,AA,,15.036,27.924,7.1,buy,2028-07-08,1.967,12.796,28045.03,48935.8,12.19,-20.91,,0,14:59:58,00,Y,N,0,0,Y,,2023-01-16 开始转股,计算使用2.0年期 评级为AA 债参考YTM：1.6867,N,12.8,全价：184.562 最后更新：14:59:58,,,,1,"{'G': '本次（2026年1月5日至2026年1月23日）不提前赎回，以2026年7月24日为首个交易日重新计算', 'M': ''}",0,0,N,,,buy,buy
2026-07-21 10:01:10,127046,百润转债,brzz,133.464,0.69,002568,百润股份,brgf,18.35,-0.81,3.69,20.33,90.26,0,47.87,181.33,340602,食品饮料,szmb,C,2021-11-03,[],0,0,buy,AA,,14.231,26.429,8.1,buy,2027-09-29,1.192,11.274,9460.55,39838.02,6.31,-14.0,,0,15:34:18,00,Y,N,1,1,Y,转股价下修1次，成功下修1次,2022-04-12 开始转股,计算使用1.2年期 评级为AA 债参考YTM：1.6103,N,11.28,全价：133.464 最后更新：15:34:18,,,,0,{'M': ''},0,0,N,,,buy,buy
2026-07-21 10:01:10,127047,帝欧转债,dozz,139.169,-0.42,002798,帝欧水华,dosh,4.79,-3.23,1.52,5.1,93.92,0,48.18,187.35,360306,轻工制造,szmb,C,2021-11-26,[],0,0,buy,BBB+,,3.57,6.63,18.8,buy,2027-10-25,1.263,4.654,4842.52,7375.78,7.53,-12.99,,0,15:34:18,00,Y,N,1,1,Y,转股价下修1次，成功下修1次,2022-04-29 开始转股,计算使用1.3年期 评级为BBB+ 债参考YTM：12.0162,N,15.0,全价：139.169 最后更新：15:34:18,,,,1,{'G': '本次（2026年4月15日至2026年5月8日）不提前赎回，以2026年8月8日后首个交易日起重新计算'},0,0,N,,,buy,buy
2026-07-21 10:01:10,118027,宏图转债,htzz,84.993,1.97,688066,*ST航图,htht,7.52,-3.47,-1.73,13.12,57.32,0,48.29,133.28,710301,计算机,shkc,C,2022-12-22,[],0,0,buy,B-,,9.184,17.056,47.4,buy,2028-11-28,2.359,9.475,5656.22,7753.55,7.11,15.72,,0,14:59:56,00,Y,N,3,3,Y,转股价下修3次，成功下修3次,2023-06-02 开始转股,,N,10.088,全价：84.993 最后更新：14:59:56,,,,0,[],0,0,N,,,buy,buy
2026-07-21 10:01:10,128138,侨银转债,qyzz,130.403,0.08,002973,侨银股份,qygf,9.32,-4.51,1.46,10.6,87.93,0,48.31,178.71,760103,环保,szmb,C,2020-12-24,[],0,0,buy,A+,,7.42,13.78,14.2,buy,2026-11-17,0.326,4.199,4894.89,9675.27,8.95,-0.96,,0,15:33:57,00,Y,N,3,3,Y,转股价下修3次，成功下修3次,2021-05-24 开始转股,计算使用0.4年期 评级为A+ 债参考YTM：4.1294,N,4.2,全价：130.403 最后更新：15:33:57,,,,1,[],0,0,N,,,buy,buy
2026-07-21 10:01:10,110097,天润转债,trzz,140.156,0.38,600419,天润乳业,trry,7.72,-2.15,0.98,8.19,94.26,0,48.69,188.85,340702,食品饮料,shmb,C,2024-11-15,[],0,0,buy,AA,,5.733,10.647,40.6,buy,2030-10-24,4.263,9.89,4109.53,6983.93,2.98,-4.66,,0,14:59:15,00,Y,N,0,0,Y,,2025-04-30 开始转股,计算使用4.3年期 评级为AA 债参考YTM：1.9307,N,9.9,全价：140.156 最后更新：14:59:15,,,,0,[],0,0,N,,,buy,buy
2026-07-21 10:01:10,123158,宙邦转债,zbzz,228.762,13.34,300037,新宙邦,xzb,62.02,8.83,4.17,40.49,153.17,0,49.35,278.11,630702,电力设备,szcy,C,2022-10-21,[],0,0,buy,AA,,28.343,52.637,5.3,buy,2028-09-26,2.186,18.046,81514.25,174323.36,21.03,-27.87,,0,15:34:42,00,Y,N,0,0,Y,,2023-03-30 开始转股,计算使用2.2年期 评级为AA 债参考YTM：1.7026,N,19.7,全价：228.762 最后更新：15:34:42,,,,0,"{'G': '本次（2025年12月25日至2026年1月22日）不提前赎回，自2026年7月22日后首个交易日重新计算', 'M': ''}",0,0,N,,,buy,buy
2026-07-21 10:01:10,123194,百洋转债,byzz,139.294,1.82,301015,百洋医药,byyy,23.1,1.9,4.69,24.79,93.18,0,49.48,188.77,370402,医药生物,szcy,C,2023-05-05,[],0,0,buy,AA-,,17.353,32.227,7.0,buy,2029-04-14,2.734,8.459,8299.93,21715.63,7.13,-6.43,,0,15:34:45,00,Y,N,0,0,Y,,2023-10-20 开始转股,计算使用2.8年期 评级为AA- 债参考YTM：2.2035,N,8.6,全价：139.294 最后更新：15:34:45,,,,0,{'M': ''},0,0,N,,,buy,buy
2026-07-21 10:01:10,118012,微芯转债,wxzz,171.317,2.1,688321,微芯生物,wxsw,28.98,0.66,4.97,25.34,114.37,0,49.8,221.12,370102,医药生物,shkc,C,2022-07-28,[],0,0,buy,A+,,17.738,32.942,4.2,buy,2028-07-05,1.959,4.996,25915.25,53010.63,30.99,-17.69,,0,14:59:59,00,Y,N,0,0,Y,,2023-01-11 开始转股,计算使用2.0年期 评级为A+ 债参考YTM：4.3567,N,5.0,全价：171.317 最后更新：14:59:59,,,,1,{'M': ''},0,0,N,,,buy,buy
2026-07-21 10:01:10,123209,聚隆转债,jlzz,167.668,2.03,300644,南京聚隆,njjl,19.61,-0.91,1.94,17.52,111.93,0,49.8,217.47,220503,基础化工,szcy,C,2023-08-17,[],0,0,buy,A+,,12.264,22.776,9.7,buy,2029-07-26,3.016,1.672,7244.04,7636.54,26.32,-11.23,,0,15:34:51,00,Y,N,0,0,Y,,2024-02-01 开始转股,计算使用3.1年期 评级为A+ 债参考YTM：4.6262,N,2.185,全价：167.668 最后更新：15:34:51,,,,0,{'G': '本次（2026年1月26日至2026年2月13日）不提前赎回，自2026年8月13日后首个交易日重新计算'},0,0,N,,,buy,buy
2026-07-21 10:01:10,123160,泰福转债,tfzz,155.566,0.69,300992,泰福泵业,tfby,20.44,-0.1,2.16,19.7,103.76,0,49.93,205.5,640106,机械设备,szcy,C,2022-10-25,[],0,0,buy,A,,13.79,25.61,14.5,buy,2028-09-28,2.192,2.315,8953.89,5708.96,25.44,-11.65,,0,15:34:30,00,Y,N,1,1,Y,转股价下修1次，成功下修1次,2023-04-11 开始转股,计算使用2.2年期 评级为A 债参考YTM：6.7452,N,3.349,全价：155.566 最后更新：15:34:30,,,,0,"{'G': '本次（2026年5月6日至2026年5月26日）不提前赎回，自2026年8月31日后首个交易日重新计算', 'M': ''}",0,0,N,,,buy,buy
2026-07-21 10:01:10,111012,福新转债,fxzz,320.508,5.32,605488,福莱新材,flxc,23.65,3.73,3.13,11.07,213.64,0,50.02,370.53,220505,基础化工,shmb,C,2023-02-07,[],0,0,buy,A+,,7.749,14.391,1.6,buy,2029-01-04,2.46,1.016,49891.35,19888.81,160.66,-33.53,,0,14:59:55,00,Y,N,0,0,Y,,2023-07-10 开始转股,计算使用2.5年期 评级为A+ 债参考YTM：4.4694,N,4.29,全价：320.508 最后更新：14:59:55,,,,0,{'G': '本次（2026年6月22日至2026年7月10日）不提前赎回，自2026年10月10日之后的首个交易日重新起算'},0,0,N,,,buy,buy
2026-07-21 10:01:10,113597,佳力转债,jlzz,117.824,-0.04,603912,佳力图,jlt,6.8,1.04,2.09,8.68,78.34,0,50.4,168.22,640105,机械设备,shmb,C,2020-08-21,[],0,0,buy,AA-,,6.076,11.284,8.0,buy,2026-07-30,0.025,2.96,10893.73,14817.94,31.24,6.82,,0,14:59:51,00,Y,N,1,1,Y,转股价下修1次，成功下修1次,2021-02-05 开始转股,计算使用0.1年期 评级为AA- 债参考YTM：1.7444,N,3.0,全价：117.824 最后更新：14:59:51,,,,1,{'R': '到期\n最后交易日：2026-07-24\n最后转股日：2026-07-29\n债券到期日：2026-07-30\n到期赎回价：118.000元/张'},0,0,N,,,buy,buy
2026-07-21 10:01:10,123258,胜蓝转02,slz2,309.986,3.74,300843,胜蓝股份,slgf,111.98,14.44,11.12,54.36,206.0,0,50.48,360.47,270504,电子,szcy,C,2025-09-10,[],0,0,buy,AA-,,38.052,70.668,2.5,buy,2031-08-28,5.107,4.498,113963.34,132702.88,83.62,-17.48,,0,15:34:09,00,Y,N,0,0,Y,,2026-03-03 开始转股,计算使用5.2年期 评级为AA- 债参考YTM：2.6330,N,4.5,全价：309.986 最后更新：15:34:09,,,,0,"{'G': '本次（2026年4月22日至2026年5月19日）不提前赎回，自2026年8月19日后首个交易日重新计算', 'M': ''}",0,0,N,,,buy,buy
2026-07-21 10:01:10,127082,亚科转债,ykzz,134.993,0.37,002540,亚太科技,ytkj,4.67,-0.85,1.03,5.21,89.64,0,50.6,185.59,240301,有色金属,szmb,C,2023-04-27,[],0,0,buy,AA,,3.647,6.773,28.9,buy,2029-03-09,2.636,11.585,8084.9,6107.63,5.2,-5.9,,0,15:34:30,00,Y,N,0,0,Y,,2023-09-15 开始转股,计算使用2.7年期 评级为AA 债参考YTM：1.7285,N,11.59,全价：134.993 最后更新：15:34:30,,,,0,[],0,0,N,,,buy,buy
2026-07-21 10:01:10,118016,京源转债,jyzz,158.239,1.5,688096,京源环保,jyhb,7.25,-4.61,2.0,6.91,104.92,0,50.82,209.06,760102,环保,shkc,C,2022-08-25,[],0,0,buy,A,,4.837,8.983,9.9,buy,2028-08-05,2.044,1.675,35741.49,10414.39,139.74,-13.15,,0,14:59:59,00,Y,N,0,0,Y,,2023-02-13 开始转股,计算使用2.1年期 评级为A 债参考YTM：6.7245,N,3.325,全价：158.239 最后更新：14:59:59,,,,0,"{'G': '本次（2026年5月11日至2026年5月29日）不提前赎回，以2026年8月30日（若为非交易日则顺延）为首个交易日重新计算', 'M': ''}",0,0,N,,,buy,buy
2026-07-21 10:01:10,123114,三角转债,sjzz,131.92,1.48,300775,三角防务,sjfw,19.76,1.39,1.79,22.69,87.09,0,51.48,183.4,650201,国防军工,szcy,C,2021-06-11,[],0,0,buy,AA-,,15.883,29.497,8.6,buy,2027-05-25,0.844,8.999,8504.84,28160.91,7.24,-15.25,,0,15:34:27,00,Y,N,1,1,Y,转股价下修1次，成功下修1次,2021-11-30 开始转股,计算使用0.9年期 评级为AA- 债参考YTM：1.8348,N,9.044,全价：131.920 最后更新：15:34:27,,,,1,{'M': ''},0,0,N,,,buy,buy
2026-07-21 10:01:10,113067,燃23转债,r23zz,133.496,1.27,601139,深圳燃气,szrq,6.38,0.16,1.1,7.24,88.12,0,51.49,184.99,410301,公用事业,shmb,C,2023-08-18,[],0,0,buy,AAA,,5.068,9.412,16.3,buy,2029-07-27,3.019,29.999,7197.24,27496.28,1.81,-6.1,,0,14:59:24,00,Y,N,0,0,Y,,2024-02-02 开始转股,计算使用3.1年期 评级为AAA 债参考YTM：1.5963,N,30.0,全价：133.496 最后更新：14:59:24,,,,0,{'M': ''},0,0,N,,,buy,buy
2026-07-21 10:01:10,123222,博俊转债,bjzz,153.6,1.52,300926,博俊科技,bjkj,16.68,0.66,1.97,16.46,101.34,0,51.57,205.17,280205,汽车,szcy,C,2023-09-28,[],0,0,buy,A+,,11.522,21.398,4.9,buy,2029-09-08,3.137,2.438,3415.44,7264.44,9.19,-7.89,,0,15:34:45,00,Y,N,0,0,Y,,2024-03-14 开始转股,计算使用3.2年期 评级为A+ 债参考YTM：4.6461,N,5.0,全价：153.600 最后更新：15:34:45,,,,0,{'M': ''},0,0,N,,,buy,buy
2026-07-21 10:01:10,113704,春风转债,cfzz,172.549,-1.61,603129,春风动力,cfdl,274.7,-4.29,5.27,241.7,113.65,148,51.82,224.37,280402,汽车,shmb,C,2026-07-07,[],0,0,buy,AA+,,169.19,314.21,5.2,buy,2032-06-09,5.89,21.79,59632.49,81216.5,15.74,-7.11,,0,15:00:00,00,Y,N,0,0,Y,,未到转股期；2026-12-16 开始转股,计算使用5.9年期 评级为AA+ 债参考YTM：1.9555,N,21.79,全价：172.549 最后更新：15:00:00,,,,0,{'M': ''},0,0,N,,,buy,buy
2026-07-21 10:01:10,113610,灵康转债,lkzz,124.75,0.76,603669,灵康药业,lkyy,5.32,-9.98,6.08,6.5,81.85,0,52.42,177.17,370102,医药生物,shmb,C,2020-12-22,[],0,0,buy,A-,,4.55,8.45,6.7,buy,2026-12-01,0.364,2.528,14883.74,6339.47,47.62,-21.61,,0,15:00:00,00,Y,N,2,2,Y,转股价下修2次，成功下修2次,2021-06-07 开始转股,计算使用0.4年期 评级为A- 债参考YTM：8.8294,N,5.25,全价：124.750 最后更新：15:00:00,,,,1,[],0,0,N,,,buy,buy
2026-07-21 10:01:10,123199,山河转债,shzz,142.149,0.0,300452,山河药辅,shyf,12.12,-2.02,2.7,13.0,93.23,0,52.47,194.62,370101,医药生物,szcy,C,2023-07-07,[],0,0,buy,A+,,9.1,16.9,13.3,buy,2029-06-12,2.896,3.197,3283.91,7232.43,7.27,-8.17,,0,15:34:48,00,Y,N,1,1,Y,转股价下修1次，成功下修1次,2023-12-18 开始转股,计算使用2.9年期 评级为A+ 债参考YTM：4.5778,N,3.2,全价：142.149 最后更新：15:34:48,,,,0,[],0,0,N,,,buy,buy
2026-07-21 10:01:10,127037,银轮转债,ylzz,649.801,7.99,002126,银轮股份,ylgf,43.66,5.2,4.89,10.27,425.12,0,52.85,702.65,280203,汽车,szmb,C,2021-07-09,[],0,0,buy,AA,,7.189,13.351,1.4,buy,2027-06-07,0.88,5.055,76152.37,115862.92,24.38,-94.45,,0,15:34:15,00,Y,N,0,0,Y,,2021-12-13 开始转股,计算使用0.9年期 评级为AA 债参考YTM：1.5847,N,7.0,全价：649.801 最后更新：15:34:15,,,,1,"{'G': '本次（2026年5月27日至2026年6月16日）不提前赎回，2027年5月16日后首个交易日重新计算', 'M': ''}",0,0,N,,,buy,buy
2026-07-21 10:01:10,118056,路维转债,lwzz,297.768,10.39,688401,路维光电,lwgd,68.65,15.77,8.15,35.29,194.53,0,53.07,350.84,270103,电子,shkc,C,2025-07-10,[],0,0,buy,AA-,,24.703,45.877,4.6,buy,2031-06-11,4.893,6.145,96512.81,74693.41,55.6,-17.73,,0,14:59:59,00,Y,N,0,0,Y,,2025-12-17 开始转股,计算使用4.9年期 评级为AA- 债参考YTM：2.5247,N,6.15,全价：297.768 最后更新：14:59:59,,,,0,"{'G': '本次（2026年4月9日至2026年4月29日）不提前赎回，以2026年7月30日为首个交易日重新计算', 'M': ''}",0,0,N,,,buy,buy
2026-07-21 10:01:10,127055,精装转债,jzzz,187.813,3.94,002989,中天精装,ztjz,22.69,4.76,3.19,18.5,122.65,0,53.13,240.94,620201,建筑装饰,szmb,C,2022-03-24,[],0,0,buy,AA-,,12.95,24.05,4.6,buy,2028-02-22,1.592,2.081,23067.25,25922.72,60.26,-25.97,,0,15:34:27,00,Y,N,0,0,Y,,2022-08-29 开始转股,计算使用1.6年期 评级为AA- 债参考YTM：1.9509,N,5.77,全价：187.813 最后更新：15:34:27,,,,1,{'G': '本次（2026年2月24日至2026年3月16日）不提前赎回，自2027年3月16日后首个交易日重新计算'},0,0,N,,,buy,buy
2026-07-21 10:01:10,113677,华懋转债,hmzz,321.972,11.56,603306,华懋科技,hmkj,70.65,10.0,6.7,33.66,209.89,0,53.4,375.37,280202,汽车,shmb,C,2023-10-12,[],0,0,buy,AA-,,23.562,43.758,4.5,buy,2029-09-14,3.153,10.489,90343.35,151287.7,28.64,-27.98,,0,15:00:00,00,Y,N,0,0,Y,,2024-03-20 开始转股,计算使用3.2年期 评级为AA- 债参考YTM：2.2941,N,10.5,全价：321.972 最后更新：15:00:00,,,,0,"{'G': '本次（2026年6月29日至2026年7月17日）不提前赎回，自2026年10月17日之后的首个交易日重新起算', 'M': ''}",0,0,N,,,buy,buy
2026-07-21 10:01:10,127114,宜化转债,yhzz,143.591,2.67,000422,湖北宜化,hbyh,13.09,1.79,2.03,14.08,92.97,167,54.45,198.04,220801,基础化工,szmb,C,2026-07-14,[],0,0,buy,AA+,,9.856,18.304,23.8,buy,2032-06-25,5.934,33.0,103474.49,33435.36,21.98,-3.9,,0,15:34:33,00,Y,Y,0,0,Y,,未到转股期；2027-01-04 开始转股,计算使用6.0年期 评级为AA+ 债参考YTM：1.9677,N,33.0,全价：143.591 最后更新：15:34:33,,,,0,{'M': ''},0,0,N,,,buy,buy
2026-07-21 10:01:10,127088,赫达转债,hdzz,174.0,4.36,002810,山东赫达,sdhd,18.65,1.47,2.83,16.56,112.62,0,54.5,228.5,220309,基础化工,szmb,C,2023-07-19,[],0,0,buy,AA-,,11.592,21.528,10.0,buy,2029-07-03,2.953,5.996,12156.83,14980.13,12.03,-12.36,,0,15:34:42,00,Y,N,0,0,Y,,2024-01-08 开始转股,计算使用3.0年期 评级为AA- 债参考YTM：2.2532,N,6.0,全价：174.000 最后更新：15:34:42,,,,0,"{'G': '本次（2026年3月30日至2026年4月20日）不提前赎回，自2026年10月21日起重新计算', 'M': ''}",0,0,N,,,buy,buy
2026-07-21 10:01:10,113646,永吉转债,yjzz,151.822,1.36,603058,永吉股份,yjgf,7.9,2.6,2.74,8.05,98.14,0,54.7,206.52,360205,轻工制造,shmb,C,2022-05-17,[],0,0,buy,AA-,,5.635,10.465,4.2,buy,2028-04-14,1.734,1.372,6166.81,7437.79,30.17,-17.07,,0,14:59:43,00,Y,N,0,0,Y,,2022-10-20 开始转股,计算使用1.8年期 评级为AA- 债参考YTM：1.9839,N,1.459,全价：151.822 最后更新：14:59:43,,,,1,[],0,0,N,,,buy,buy
2026-07-21 10:01:10,118050,航宇转债,hyzz,258.881,8.38,688239,航宇科技,hykj,41.5,2.14,3.85,24.81,167.27,0,54.77,313.65,650201,国防军工,shkc,C,2024-09-10,[],0,0,buy,AA-,,17.367,32.253,8.3,buy,2030-08-21,4.088,6.597,42835.52,30698.73,26.25,-17.44,,0,14:59:59,00,Y,N,0,0,Y,,2025-02-27 开始转股,计算使用4.1年期 评级为AA- 债参考YTM：2.4156,N,6.67,全价：258.881 最后更新：14:59:59,,,,0,"{'G': '本次（2026年5月28日至2026年6月17日）不提前赎回，自2026年9月18日为首个交易日重新计算', 'M': ''}",0,0,N,,,buy,buy
2026-07-21 10:01:10,113048,晶科转债,jkzz,121.775,2.27,601778,晶科科技,jkkj,3.51,2.63,0.82,4.47,78.52,0,55.08,176.86,410106,公用事业,shmb,C,2021-05-31,[],0,0,buy,AA,,3.129,5.811,11.8,buy,2027-04-23,0.756,15.453,10880.16,68739.15,5.85,-10.65,,0,14:59:56,00,Y,N,2,2,Y,转股价下修2次，成功下修2次,2021-10-29 开始转股,计算使用0.8年期 评级为AA 债参考YTM：1.5766,N,30.0,全价：121.775 最后更新：14:59:56,,,,1,"{'G': '本次（2026年3月25日至2026年5月6日）不提前赎回，以2026年8月7日为首个交易日重新计算', 'M': ''}",0,0,N,,,buy,buy
2026-07-21 10:01:10,127053,豪美转债,hmzz,171.5,0.43,002988,豪美新材,hmxc,19.05,-0.31,1.75,17.23,110.56,0,55.12,226.62,240301,有色金属,szmb,C,2022-03-04,[],0,0,buy,AA-,,12.061,22.399,5.4,buy,2028-01-24,1.512,2.575,14969.99,8790.31,34.74,-21.04,,0,15:34:24,00,Y,N,1,1,Y,转股价下修1次，成功下修1次,2022-07-28 开始转股,计算使用1.6年期 评级为AA- 债参考YTM：1.9509,N,8.24,全价：171.500 最后更新：15:34:24,,,,1,{'G': '本次（2026年4月30日至2026年5月25日）不提前赎回，以2026年11月25日后首个交易日起重新计算'},0,0,N,,,buy,buy
2026-07-21 10:01:10,118031,天23转债,t23zz,125.261,0.14,688599,天合光能,thgn,12.91,0.39,1.46,16.0,80.69,0,55.24,180.5,630502,电力设备,shkc,C,2023-03-15,[],0,0,buy,AA,,11.2,20.8,19.3,buy,2029-02-13,2.57,58.512,14454.64,51029.28,1.97,-2.23,,0,14:59:56,00,Y,N,2,2,Y,转股价下修2次，成功下修2次,2023-08-17 开始转股,计算使用2.6年期 评级为AA 债参考YTM：1.7240,N,88.648,全价：125.261 最后更新：14:59:56,,,,0,{'M': ''},0,0,N,,,buy,buy
2026-07-21 10:01:10,127089,晶澳转债,jazz,124.1,0.49,002459,晶澳科技,jakj,7.11,0.71,1.11,8.9,79.89,0,55.34,179.44,630502,电力设备,szmb,C,2023-08-04,[],0,0,buy,AA+,,6.23,11.57,38.1,buy,2029-07-18,2.995,89.588,11320.6,27912.84,1.02,-3.62,,0,15:34:45,00,Y,N,3,2,Y,转股价下修3次，成功下修2次,2024-01-24 开始转股,计算使用3.0年期 评级为AA+ 债参考YTM：1.6732,N,89.603,全价：124.100 最后更新：15:34:45,,,,0,{'M': ''},0,0,N,,,buy,buy
2026-07-21 10:01:10,127104,姚记转债,yjzz,146.891,0.63,002605,姚记科技,yjkj,18.45,1.15,1.95,19.58,94.23,0,55.89,202.78,720401,传媒,szmb,C,2024-02-26,[],0,0,buy,A+,,13.706,25.454,9.3,buy,2030-01-24,3.515,5.822,8224.29,22857.89,9.67,-5.65,,0,15:34:48,00,Y,N,0,0,Y,,2024-07-31 开始转股,计算使用3.6年期 评级为A+ 债参考YTM：4.7064,N,5.831,全价：146.891 最后更新：15:34:48,,,,0,[],0,0,N,,,buy,buy
2026-07-21 10:01:10,113054,绿动转债,ldzz,127.517,-0.38,601330,绿色动力,lsdl,7.08,-1.39,1.19,8.67,81.66,0,56.15,183.67,760103,环保,shmb,C,2022-03-23,[],0,0,buy,AA+,,6.069,11.271,33.7,buy,2028-02-25,1.6,23.598,7853.54,12220.27,2.61,-8.5,,0,14:59:48,00,Y,N,0,0,Y,,2022-09-05 开始转股,计算使用1.6年期 评级为AA+ 债参考YTM：1.5978,N,23.6,全价：127.517 最后更新：14:59:48,,,,1,[],0,0,N,,,buy,buy
2026-07-21 10:01:10,113686,泰瑞转债,trzz,148.131,-0.14,603289,泰瑞机器,trjq,7.57,-1.05,1.48,8.0,94.63,0,56.55,204.68,640209,机械设备,shmb,C,2024-07-24,[],0,0,buy,AA-,,5.6,10.4,15.1,buy,2030-07-02,3.951,3.363,5526.47,4910.6,11.2,-5.38,,0,14:59:56,00,Y,N,0,0,Y,,2025-01-08 开始转股,计算使用4.0年期 评级为AA- 债参考YTM：2.4010,N,3.378,全价：148.131 最后更新：14:59:56,,,,0,{'G': '本次（2026年5月6日至2026年5月26日）不提前赎回，自2026年8月26日之后的首个交易日重新起算'},0,0,N,,,buy,buy
2026-07-21 10:01:10,123173,恒锋转债,hfzz,135.522,0.63,300605,恒锋信息,hfxx,8.65,0.82,3.11,10.0,86.5,0,56.67,192.19,710401,计算机,szcy,C,2023-02-08,[],0,0,buy,BBB+,,7.0,13.0,21.3,buy,2028-12-30,2.447,2.33,2787.68,8293.16,8.9,-5.19,,0,15:34:36,00,Y,N,1,1,Y,转股价下修1次，成功下修1次,2023-07-06 开始转股,计算使用2.5年期 评级为BBB+ 债参考YTM：12.3332,N,2.424,全价：135.522 最后更新：15:34:36,,,,0,[],0,0,N,,,buy,buy
2026-07-21 10:01:10,118062,天准转债,tzzz,226.8,6.57,688003,天准科技,tzkj,79.75,20.0,7.73,55.13,144.66,0,56.78,283.58,640704,机械设备,shkc,C,2025-12-31,[],0,0,buy,AA-,,38.591,66.156,5.6,buy,2031-12-12,5.397,8.719,122227.27,68111.67,63.8,-11.85,,0,15:00:00,00,Y,N,0,0,Y,,2026-06-18 开始转股,计算使用5.4年期 评级为AA- 债参考YTM：2.8240,N,8.72,全价：226.800 最后更新：15:00:00,,,,0,"{'G': '本次（2026年6月18日至2026年7月9日）不提前赎回，以2026年10月10日为首个交易日重新计算', 'M': ''}",0,0,N,120%,,buy,buy
2026-07-21 10:01:10,110084,贵燃转债,grzz,127.699,-0.35,600903,贵州燃气,gzrq,5.76,-2.37,2.08,7.1,81.13,0,57.41,185.11,410301,公用事业,shmb,C,2022-01-18,[],0,0,buy,AA,,4.97,9.23,12.2,buy,2027-12-27,1.436,8.157,8980.78,23946.09,8.67,-8.94,,0,15:00:00,00,Y,N,1,1,Y,转股价下修1次，成功下修1次,2022-07-01 开始转股,计算使用1.5年期 评级为AA 债参考YTM：1.6382,N,10.0,全价：127.699 最后更新：15:00:00,,,,1,{'M': ''},0,0,N,,,buy,buy
2026-07-21 10:01:10,127031,洋丰转债,yfzz,126.402,0.8,000902,新洋丰,xyf,13.55,0.22,1.37,16.89,80.23,0,57.56,183.96,220805,基础化工,szmb,C,2021-04-23,[],0,0,buy,AA,,11.823,21.957,6.5,buy,2027-03-25,0.677,9.999,4192.93,24187.67,3.33,-16.91,,0,15:34:15,00,Y,N,1,1,Y,转股价下修1次，成功下修1次,2021-10-08 开始转股,计算使用0.7年期 评级为AA 债参考YTM：1.5752,N,10.0,全价：126.402 最后更新：15:34:15,,,,1,{'M': ''},0,0,N,,,buy,buy
2026-07-21 10:01:10,127108,太能转债,tnzz,127.627,0.11,000591,太阳能,tyn,4.48,-1.97,0.73,5.54,80.87,0,57.82,185.45,410106,公用事业,szmb,C,2025-04-16,[],0,0,buy,AA+,,3.878,7.202,16.9,buy,2031-03-28,4.688,29.498,7446.03,35176.36,1.99,-1.89,,0,15:34:51,00,Y,N,0,0,Y,,2025-10-09 开始转股,计算使用4.7年期 评级为AA+ 债参考YTM：1.8179,N,29.5,全价：127.627 最后更新：15:34:51,,,,0,{'M': ''},0,0,N,,,buy,buy
2026-07-21 10:01:10,111017,蓝天转债,ltzz,130.976,-0.11,605368,蓝天燃气,ltrq,6.62,-2.36,1.4,7.98,82.96,0,57.88,188.86,410301,公用事业,shmb,C,2023-09-08,[],0,0,buy,AA,,5.586,10.374,14.2,buy,2029-08-15,3.071,6.715,5638.28,4276.14,6.44,-4.43,,0,14:58:52,00,Y,N,1,0,Y,转股价下修1次，成功下修0次,2024-02-21 开始转股,计算使用3.1年期 评级为AA 债参考YTM：1.7506,Y,8.7,全价：130.976 最后更新：14:58:52,,,"按下调到底估算
股东大会：2026-07-27
预估转股价：6.68
预估转股价值：99.10
期权价值：19.71
理论价值：128.21
理论偏离度：2.11%",0,[],0,0,N,,,buy,buy
2026-07-21 10:01:10,127064,杭氧转债,hyzz,142.831,1.69,002430,杭氧股份,hygf,23.19,3.16,2.23,25.67,90.34,0,58.11,200.94,220309,基础化工,szmb,C,2022-07-05,[],0,0,buy,AA+,,17.969,33.371,5.0,buy,2028-05-19,1.83,11.364,13090.64,40235.88,8.09,-13.51,,0,15:34:33,00,Y,N,1,1,Y,转股价下修1次，成功下修1次,2022-11-25 开始转股,计算使用1.9年期 评级为AA+ 债参考YTM：1.6194,N,11.37,全价：142.831 最后更新：15:34:33,,,,1,{'M': ''},0,0,N,,,buy,buy
2026-07-21 10:01:10,123183,海顺转债,hszz,131.98,0.37,300501,海顺新材,hsxc,9.7,-2.61,1.74,11.63,83.41,0,58.24,190.22,360206,轻工制造,szcy,C,2023-04-20,[],0,0,buy,AA-,,8.141,15.119,23.5,buy,2029-03-23,2.674,6.329,8186.0,6263.76,9.88,-4.01,,0,15:34:42,00,Y,N,2,0,Y,转股价下修2次，成功下修0次,2023-10-09 开始转股,计算使用2.7年期 评级为AA- 债参考YTM：2.1776,N,6.33,全价：131.980 最后更新：15:34:42,,,,0,[],0,0,N,,,buy,buy
2026-07-21 10:01:10,123171,共同转债,gtzz,132.368,1.35,300966,共同药业,gtyy,22.64,-1.78,3.15,27.08,83.6,0,58.33,190.7,370101,医药生物,szcy,C,2022-12-16,[],0,0,buy,A-,,18.956,35.204,21.9,buy,2028-11-28,2.359,3.799,9815.89,13738.79,19.79,-4.41,,0,15:34:42,00,Y,N,0,0,Y,,2023-06-02 开始转股,计算使用2.4年期 评级为A- 债参考YTM：9.1432,N,3.8,全价：132.368 最后更新：15:34:42,,,,0,{'M': ''},0,0,N,,,buy,buy
2026-07-21 10:01:10,123211,阳谷转债,ygzz,161.958,5.17,300121,阳谷华泰,yght,9.41,5.85,1.14,9.2,102.28,0,58.34,220.3,220604,基础化工,szcy,C,2023-08-14,[],0,0,buy,AA-,,6.44,11.96,7.6,buy,2029-07-27,3.019,3.07,17280.64,14208.04,35.49,-9.77,,0,15:34:51,00,Y,N,0,0,Y,,2024-02-02 开始转股,计算使用3.1年期 评级为AA- 债参考YTM：2.2752,N,6.5,全价：161.958 最后更新：15:34:51,,,,0,[],0,0,N,,,buy,buy
2026-07-21 10:01:10,118007,山石转债,sszz,137.384,0.2,688030,山石网科,sswk,14.3,-2.19,3.69,16.5,86.67,0,58.52,195.9,710402,计算机,shkc,C,2022-04-21,[],0,0,buy,A-,,11.55,21.45,10.4,buy,2028-03-22,1.671,2.671,5696.9,7738.04,15.72,-9.52,,0,14:59:58,00,Y,N,1,1,Y,转股价下修1次，成功下修1次,2022-09-28 开始转股,计算使用1.7年期 评级为A- 债参考YTM：9.0049,N,2.674,全价：137.384 最后更新：14:59:58,,,,1,{'M': ''},0,0,N,,,buy,buy
2026-07-21 10:01:10,123076,强力转债,qlzz,123.427,2.43,300429,强力新材,qlxc,9.85,6.49,3.05,12.7,77.56,0,59.14,182.57,270601,电子,szcy,C,2020-12-04,[],0,0,buy,AA-,,8.89,16.51,8.2,buy,2026-11-19,0.332,3.393,9086.22,44380.44,22.06,-25.69,,0,15:34:24,00,Y,N,1,1,Y,转股价下修1次，成功下修1次,2021-05-25 开始转股,计算使用0.4年期 评级为AA- 债参考YTM：1.7975,N,8.5,全价：123.427 最后更新：15:34:24,,,,1,{'M': ''},0,0,N,,,buy,buy
2026-07-21 10:01:10,113695,华辰转债,hczz,139.713,1.75,603097,江苏华辰,jshc,14.64,0.0,2.96,16.68,87.77,0,59.18,198.89,630801,电力设备,shmb,C,2025-07-10,[],0,0,buy,A+,,11.676,21.684,14.0,buy,2031-06-20,4.918,4.597,8793.06,9094.61,13.93,-3.31,,0,14:59:51,00,Y,N,0,0,Y,,2025-12-26 开始转股,计算使用5.0年期 评级为A+ 债参考YTM：4.8884,N,4.6,全价：139.713 最后更新：14:59:51,,,,0,[],0,0,N,,,buy,buy
2026-07-21 10:01:10,123119,康泰转2,ktz2,125.219,0.89,300601,康泰生物,ktsw,12.32,-0.88,1.42,15.69,78.52,0,59.47,184.69,370303,医药生物,szcy,C,2021-08-05,[],0,0,buy,AA,,10.983,20.397,18.0,buy,2027-07-15,0.984,19.99,16008.33,24302.08,6.42,-10.76,,0,15:34:30,00,Y,N,5,5,Y,转股价下修5次，成功下修5次,2022-01-21 开始转股,计算使用1.0年期 评级为AA 债参考YTM：1.5940,N,20.0,全价：125.219 最后更新：15:34:30,,,,1,{'M': ''},0,0,N,,,buy,buy
2026-07-21 10:01:10,123172,漱玉转债,syzz,132.123,-1.03,301017,漱玉平民,sypm,12.32,-3.75,2.33,14.91,82.63,0,59.9,192.02,370403,医药生物,szcy,C,2023-01-06,[],0,0,buy,AA-,,10.437,19.383,25.0,buy,2028-12-15,2.406,7.96,8301.42,14876.5,7.93,-5.19,,0,15:34:36,00,Y,N,1,1,Y,转股价下修1次，成功下修1次,2023-06-21 开始转股,计算使用2.5年期 评级为AA- 债参考YTM：2.1257,N,8.0,全价：132.123 最后更新：15:34:36,,,,0,{'M': ''},0,0,N,,,buy,buy
2026-07-21 10:01:10,123225,翔丰转债,xfzz,140.841,2.18,300890,翔丰华,xfh,23.96,3.14,1.26,27.34,87.64,0,60.71,201.55,630702,电力设备,szcy,C,2023-10-26,[],0,0,buy,AA-,,19.138,35.542,21.3,buy,2029-10-10,3.225,5.585,7566.6,18180.16,9.78,-4.32,,0,15:34:09,00,Y,N,1,1,Y,转股价下修1次，成功下修1次,2024-04-16 开始转股,计算使用3.3年期 评级为AA- 债参考YTM：2.3106,N,8.0,全价：140.841 最后更新：15:34:09,,,,0,"{'G': '本次（2026年4月22日至2026年5月15日）不提前赎回，自2026年8月15日后首个交易日重新计算', 'M': ''}",0,0,N,,,buy,buy
2026-07-21 10:01:10,113678,中贝转债,zbzz,144.024,2.68,603220,中贝通信,zbtx,18.13,3.13,2.47,20.47,88.57,0,62.61,206.63,730103,通信,shmb,C,2023-11-21,[],0,0,buy,A+,,14.329,26.611,6.5,buy,2029-10-19,3.249,5.106,17022.66,44508.05,23.56,-5.47,,0,14:59:59,00,Y,N,2,1,Y,转股价下修2次，成功下修1次,2024-04-25 开始转股,计算使用3.3年期 评级为A+ 债参考YTM：4.6636,N,5.17,全价：144.024 最后更新：14:59:59,,,,0,"{'G': '本次（2026年3月16日至2026年4月27日）不提前赎回，以2026年7月28日起算', 'M': ''}",0,0,N,,,buy,buy
2026-07-21 10:01:10,123195,蓝晓转02,lxz02,179.212,6.93,300487,蓝晓科技,lxkj,65.13,0.51,7.21,59.21,110.0,0,62.92,242.13,220504,基础化工,szcy,C,2023-05-08,[],0,0,buy,A+,,41.447,76.973,2.7,buy,2029-04-17,2.743,5.458,36775.81,117634.87,39.34,-14.02,,0,15:34:42,00,Y,N,0,0,Y,,2023-10-23 开始转股,计算使用2.8年期 评级为A+ 债参考YTM：4.5512,N,5.461,全价：179.212 最后更新：15:34:42,,,,0,{'M': ''},0,0,N,,,buy,buy
2026-07-21 10:01:10,118039,煜邦转债,ybzz,132.962,0.78,688597,煜邦电力,ybdl,5.93,-0.84,2.32,7.3,81.23,0,63.68,196.64,630804,电力设备,shkc,C,2023-08-15,[],0,0,buy,A,,5.11,9.49,20.6,buy,2029-07-20,3.0,4.104,8000.39,4999.76,14.91,-4.29,,0,14:59:51,00,Y,N,0,0,Y,,2024-01-26 开始转股,计算使用3.0年期 评级为A 债参考YTM：6.9532,N,4.108,全价：132.962 最后更新：14:59:51,,,,0,"{'G': '本次（2026年1月16日至2026年2月11日）不提前赎回，以2026年8月12日为首个交易日重新计算', 'M': ''}",0,0,N,,,buy,buy
2026-07-21 10:01:10,110087,天业转债,tyzz,126.28,0.35,600075,新疆天业,xjty,4.32,-1.59,0.8,5.6,77.14,0,63.7,189.98,220202,基础化工,shmb,C,2022-07-19,[],0,0,buy,AA+,,3.92,7.28,40.6,buy,2028-06-23,1.926,29.975,6744.64,12155.86,1.79,-7.07,,0,14:59:56,00,Y,N,1,1,Y,转股价下修1次，成功下修1次,2022-12-29 开始转股,计算使用2.0年期 评级为AA+ 债参考YTM：1.6267,N,30.0,全价：126.280 最后更新：14:59:56,,,,1,{'M': ''},0,0,N,,,buy,buy
2026-07-21 10:01:10,123255,鼎龙转债,dlzz,446.807,14.11,300054,鼎龙股份,dlgf,77.32,17.36,13.46,28.38,272.45,0,64.0,510.81,270601,电子,szcy,C,2025-04-23,[],0,0,buy,AA,,19.866,36.894,1.6,buy,2031-04-02,4.701,9.096,316255.88,481771.81,81.74,-25.42,,0,15:33:54,00,Y,N,0,0,Y,,2025-10-09 开始转股,计算使用4.8年期 评级为AA 债参考YTM：1.9859,N,9.1,全价：446.807 最后更新：15:33:54,,,,0,"{'G': '本次（2026年4月8日至2026年4月28日）不提前赎回，自2026年10月28日后首个交易日重新计算', 'M': ''}",0,0,N,,,buy,buy
2026-07-21 10:01:10,110093,神马转债,smzz,123.74,1.07,600810,神马股份,smgf,6.09,0.66,0.72,8.08,75.37,0,64.17,187.91,220406,基础化工,shmb,C,2023-04-20,[],0,0,buy,AAA,,5.656,10.504,33.7,buy,2029-03-16,2.655,22.199,8329.87,8886.71,3.05,-4.4,,0,14:59:58,00,Y,N,0,0,Y,,2023-09-22 开始转股,计算使用2.7年期 评级为AAA 债参考YTM：1.5891,N,30.0,全价：123.740 最后更新：14:59:58,,,,0,{'M': ''},0,0,N,,,buy,buy
2026-07-21 10:01:10,123071,天能转债,tnzz,115.44,-0.43,300569,天能重工,tnzg,4.69,-2.09,0.89,6.68,70.21,0,64.42,179.86,630602,电力设备,szcy,C,2020-11-25,[],0,0,buy,AA-,,4.676,8.684,14.5,buy,2026-10-21,0.252,6.937,6631.25,8803.05,8.28,-1.53,,0,15:34:18,00,Y,N,2,2,Y,转股价下修2次，成功下修2次,2021-04-27 开始转股,计算使用0.3年期 评级为AA- 债参考YTM：1.7678,N,7.0,全价：115.440 最后更新：15:34:18,,,,1,{'M': ''},0,0,N,,,buy,buy
2026-07-21 10:01:10,118064,联瑞转债,lrzz,352.858,-10.48,688300,联瑞新材,lrxc,135.3,11.09,17.85,63.05,214.59,0,64.43,417.29,220901,基础化工,shkc,C,2026-01-28,[],0,0,buy,AA,,44.135,81.965,2.1,buy,2032-01-08,5.471,6.95,248494.6,173561.8,97.62,-18.88,,0,15:00:00,00,Y,N,0,0,Y,,2026-07-14 开始转股,计算使用5.5年期 评级为AA 债参考YTM：2.0978,N,6.95,全价：352.858 最后更新：15:00:00,,,,0,{'M': ''},0,0,N,,,buy,buy
2026-07-21 10:01:10,113659,莱克转债,lkzz,131.679,0.72,603355,莱克电气,lkdq,25.38,2.46,2.54,31.72,80.01,0,64.57,196.25,330302,家用电器,shmb,C,2022-11-15,[],0,0,buy,AA,,22.204,41.236,8.2,buy,2028-10-14,2.236,11.998,8212.54,7291.79,5.23,-6.63,,0,14:59:29,00,Y,N,0,0,Y,,2023-04-20 开始转股,计算使用2.3年期 评级为AA 债参考YTM：1.7089,N,12.0,全价：131.679 最后更新：14:59:29,,,,0,{'M': ''},0,0,N,,,buy,buy
2026-07-21 10:01:10,127099,盛航转债,shzz,132.622,0.02,001205,盛航股份,shgf,12.32,-3.37,1.05,15.33,80.37,0,65.02,197.64,421101,交通运输,szmb,C,2023-12-28,[],0,0,buy,AA-,,10.731,19.929,22.1,buy,2029-12-06,3.381,4.541,3745.68,6268.31,6.25,-3.05,,0,15:34:27,00,Y,N,1,1,Y,转股价下修1次，成功下修1次,2024-06-12 开始转股,计算使用3.4年期 评级为AA- 债参考YTM：2.3251,N,7.4,全价：132.622 最后更新：15:34:27,,,,0,[],0,0,N,,,buy,buy
2026-07-21 10:01:10,110101,宝钛转债,btzz,151.85,4.37,600456,宝钛股份,btgf,28.22,1.69,1.86,30.98,91.09,162,66.7,218.55,240504,有色金属,shmb,C,2026-07-16,[],0,0,buy,AAA,,21.686,40.274,26.0,buy,2032-06-23,5.929,35.0,145448.71,23351.25,28.03,-5.42,,0,15:00:00,00,Y,N,0,0,Y,,未到转股期；2026-12-30 开始转股,计算使用6.0年期 评级为AAA 债参考YTM：1.8277,N,35.0,全价：151.850 最后更新：15:00:00,,,,0,{'M': ''},0,0,N,,,buy,buy
2026-07-21 10:01:10,127072,博实转债,bszz,140.895,1.89,002698,博实股份,bsgf,12.51,3.65,3.01,14.81,84.47,0,66.8,207.7,640701,机械设备,szmb,C,2022-11-03,[],0,0,buy,AA,,10.367,19.253,4.3,buy,2028-09-22,2.175,4.498,7287.37,23768.41,11.61,-8.97,,0,15:34:39,00,Y,N,0,0,Y,,2023-03-28 开始转股,计算使用2.2年期 评级为AA 债参考YTM：1.7026,N,4.5,全价：140.895 最后更新：15:34:39,,,,0,{'M': ''},0,0,N,,,buy,buy
2026-07-21 10:01:10,123261,普联转债,plzz,146.534,-0.32,300996,普联软件,plrj,11.35,-3.24,3.39,12.97,87.51,0,67.45,213.98,710401,计算机,szcy,C,2025-12-22,[],0,0,buy,A+,,9.079,16.861,6.4,buy,2031-12-05,5.378,2.429,4612.54,16246.42,13.04,-3.87,,0,15:33:57,00,Y,N,0,0,Y,,2026-06-11 开始转股,计算使用5.4年期 评级为A+ 债参考YTM：5.1726,N,2.43,全价：146.534 最后更新：15:33:57,,,,0,{'M': ''},0,0,N,,,buy,buy
2026-07-21 10:01:10,118060,瑞可转债,rkzz,191.881,5.17,688800,瑞可达,rkd,60.0,6.57,6.86,52.53,114.22,0,67.99,259.87,270401,电子,shkc,C,2025-12-12,[],0,0,buy,AA-,,36.771,68.289,5.8,buy,2031-11-14,5.321,9.999,54408.95,110018.77,29.56,-9.17,,0,15:00:00,00,Y,N,0,0,Y,,2026-05-20 开始转股,计算使用5.4年期 评级为AA- 债参考YTM：2.8240,N,10.0,全价：191.881 最后更新：15:00:00,,,,0,"{'G': '本次（2026年5月20日至2026年6月9日）不提前赎回，以2026年12月10日为首个交易日重新计算', 'M': ''}",0,0,N,,,buy,buy
2026-07-21 10:01:10,123235,亿田转债,ytzz,150.375,1.85,300911,亿田智能,ytzn,19.07,-0.16,3.07,21.31,89.49,0,68.04,218.42,330401,家用电器,szcy,C,2024-01-12,[],0,0,buy,A+,,14.917,27.703,13.3,buy,2029-12-21,3.422,4.353,19954.08,17190.76,31.19,-6.62,,0,15:34:03,00,Y,N,0,0,Y,,2024-06-27 开始转股,计算使用3.5年期 评级为A+ 债参考YTM：4.6932,N,5.202,全价：150.375 最后更新：15:34:03,,,,0,{'M': ''},0,0,N,,,buy,buy
2026-07-21 10:01:10,123133,佩蒂转债,pdzz,130.282,-0.54,300673,佩蒂股份,pdgf,11.6,-4.92,1.52,15.0,77.33,0,68.47,198.75,110404,农林牧渔,szcy,C,2022-01-21,[],0,0,buy,AA-,,10.5,19.5,38.7,buy,2027-12-22,1.422,7.198,4789.55,6505.6,5.11,-7.38,,0,15:34:27,00,Y,N,2,2,Y,转股价下修2次，成功下修2次,2022-06-28 开始转股,计算使用1.5年期 评级为AA- 债参考YTM：1.9344,N,7.2,全价：130.282 最后更新：15:34:27,,,,1,[],0,0,N,,,buy,buy
2026-07-21 10:01:10,111022,锡振转债,xzzz,156.062,1.98,605319,无锡振华,wxzh,20.74,1.67,2.52,22.39,92.63,0,68.48,224.54,280205,汽车,shmb,C,2025-07-14,[],0,0,buy,AA-,,15.673,29.107,7.2,buy,2031-06-18,4.912,5.197,3215.85,7756.1,4.0,-5.68,,0,14:59:48,00,Y,N,0,0,Y,,2025-12-24 开始转股,计算使用5.0年期 评级为AA- 债参考YTM：2.5384,N,5.2,全价：156.062 最后更新：14:59:48,,,,0,[],0,0,N,,,buy,buy
2026-07-21 10:01:10,127105,龙星转债,lxzz,128.169,0.54,002442,龙星科技,lxkj,4.41,0.0,1.2,5.8,76.03,0,68.57,196.74,220603,基础化工,szmb,C,2024-03-06,[],0,0,buy,AA-,,4.06,7.54,34.8,buy,2030-01-31,3.534,7.534,7296.38,6613.46,7.63,-2.04,,0,15:34:48,00,Y,N,0,0,Y,,2024-08-07 开始转股,计算使用3.6年期 评级为AA- 债参考YTM：2.3504,N,7.54,全价：128.169 最后更新：15:34:48,,,,0,[],0,0,N,,,buy,buy
2026-07-21 10:01:10,123088,威唐转债,wtzz,118.135,0.48,300707,威唐工业,wtgy,10.42,-1.7,1.57,14.95,69.7,0,69.49,187.63,280205,汽车,szcy,C,2021-01-06,[],0,0,buy,A+,,10.465,19.435,20.1,buy,2026-12-15,0.403,3.004,3135.78,6059.5,8.86,-6.63,,0,15:34:27,00,Y,N,1,1,Y,转股价下修1次，成功下修1次,2021-06-21 开始转股,计算使用0.5年期 评级为A+ 债参考YTM：4.1450,N,3.014,全价：118.135 最后更新：15:34:27,,,,1,[],0,0,N,,,buy,buy
2026-07-21 10:01:10,113649,丰山转债,fszz,130.511,-0.19,603810,丰山集团,fsjt,10.45,-1.14,1.06,13.61,76.78,0,69.98,200.49,220803,基础化工,shmb,C,2022-07-21,[],0,0,buy,AA-,,9.527,17.693,26.5,buy,2028-06-27,1.937,4.577,6037.79,4285.3,10.15,-5.54,,0,15:00:00,00,Y,N,0,0,Y,,2023-01-03 开始转股,计算使用2.0年期 评级为AA- 债参考YTM：2.0167,N,5.0,全价：130.511 最后更新：15:00:00,,,,1,[],0,0,N,,,buy,buy
2026-07-21 10:01:10,128125,华阳转债,hyzz,112.814,0.01,002949,华阳国际,hygj,9.41,-1.26,1.17,14.19,66.31,0,70.12,182.93,620601,建筑装饰,szmb,C,2020-08-21,[],0,0,buy,AA-,,9.933,18.447,31.5,buy,2026-07-30,0.025,4.496,4531.46,3789.89,8.94,7.53,,0,15:34:36,00,Y,N,2,2,Y,转股价下修2次，成功下修2次,2021-02-05 开始转股,计算使用0.1年期 评级为AA- 债参考YTM：1.7444,N,4.5,全价：112.814 最后更新：15:34:36,,,,1,{'R': '到期\n最后交易日：2026-07-24\n最后转股日：2026-07-29\n债券到期日：2026-07-30\n到期赎回价：113.000元/张'},0,0,N,,,buy,buy
2026-07-21 10:01:10,113688,国检转债,gjzz,137.147,0.31,603060,国检集团,gjjt,5.19,-2.44,2.0,6.45,80.47,0,70.44,207.59,460802,社会服务,shmb,C,2024-11-12,[],0,0,buy,AA+,,4.515,8.385,19.2,buy,2030-10-17,4.244,7.997,5171.18,5428.31,4.74,-3.87,,0,14:59:21,00,Y,N,0,0,Y,,2025-04-23 开始转股,计算使用4.3年期 评级为AA+ 债参考YTM：1.7774,N,8.0,全价：137.147 最后更新：14:59:21,,,,0,[],0,0,N,,,buy,buy
2026-07-21 10:01:10,127113,长高转债,cgzz,164.3,3.35,002452,长高电气,cgdq,10.5,3.04,2.32,10.92,96.15,55,70.87,235.17,630801,电力设备,szmb,C,2026-03-30,[],0,0,buy,AA-,,7.644,14.196,14.0,buy,2032-03-08,5.636,7.586,10997.79,22426.63,8.92,-6.39,,0,15:34:30,00,Y,N,0,0,Y,,未到转股期；2026-09-14 开始转股,计算使用5.7年期 评级为AA- 债参考YTM：3.1671,N,7.59,全价：164.300 最后更新：15:34:30,,,,0,{'M': ''},0,0,N,,,buy,buy
2026-07-21 10:01:10,113652,伟22转债,w22zz,131.242,0.28,603568,伟明环保,wmhb,14.59,-1.55,1.94,19.02,76.71,0,71.09,202.33,760103,环保,shmb,C,2022-08-12,[],0,0,buy,AA,,13.314,24.726,4.9,buy,2028-07-22,2.006,14.766,6123.99,19596.45,3.16,-7.22,,0,14:59:58,00,Y,N,2,2,Y,转股价下修2次，成功下修2次,2023-01-30 开始转股,计算使用2.1年期 评级为AA 债参考YTM：1.6952,N,14.77,全价：131.242 最后更新：14:59:58,,,,1,{'M': ''},0,0,N,,,buy,buy
2026-07-21 10:01:10,123216,科顺转债,kszz,125.514,1.01,300737,科顺股份,ksgf,4.84,2.98,1.33,6.61,73.22,0,71.41,196.92,610304,建筑材料,szcy,C,2023-08-23,[],0,0,buy,AA-,,4.627,8.593,51.1,buy,2029-08-04,3.041,21.959,6502.29,16176.43,2.37,-1.69,,0,15:33:57,00,Y,N,2,1,Y,转股价下修2次，成功下修1次,2024-02-19 开始转股,计算使用3.1年期 评级为AA- 债参考YTM：2.2752,N,21.98,全价：125.514 最后更新：15:33:57,,,,0,{'M': ''},0,0,N,,,buy,buy
2026-07-21 10:01:10,113640,苏利转债,slzz,131.192,0.0,603585,苏利股份,slgf,9.21,-0.65,0.93,12.04,76.5,0,71.5,202.69,220803,基础化工,shmb,C,2022-03-10,[],0,0,buy,AA-,,8.428,15.652,29.6,buy,2028-02-16,1.575,7.39,4893.17,5155.11,5.06,-7.09,,0,14:59:50,00,Y,N,2,1,Y,转股价下修2次，成功下修1次,2022-08-22 开始转股,计算使用1.6年期 评级为AA- 债参考YTM：1.9509,N,9.572,全价：131.192 最后更新：14:59:50,,,,1,[],0,0,N,,,buy,buy
2026-07-21 10:01:10,113699,金25转债,j25zz,181.377,4.99,603979,金诚信,jcx,66.33,4.97,3.56,62.8,105.62,0,71.72,253.1,240302,有色金属,shmb,C,2025-10-27,[],0,0,buy,AA,,43.96,81.64,4.8,buy,2031-09-26,5.186,19.998,31907.22,71478.12,8.96,-8.42,,0,15:00:00,00,Y,N,0,0,Y,,2026-04-10 开始转股,计算使用5.2年期 评级为AA 债参考YTM：2.0377,N,20.0,全价：181.377 最后更新：15:00:00,,,,0,{'M': ''},0,0,N,,,buy,buy
2026-07-21 10:01:10,123080,海波转债,hbzz,126.931,2.24,300517,海波重科,hbzk,8.29,-1.31,1.55,11.28,73.49,0,72.71,199.64,620401,建筑装饰,szcy,C,2020-12-22,[],0,0,buy,A+,,7.896,14.664,14.2,buy,2026-12-02,0.367,1.485,5082.88,6922.05,27.33,-14.99,,0,15:34:21,00,Y,N,0,0,Y,,2021-06-08 开始转股,计算使用0.4年期 评级为A+ 债参考YTM：4.1294,N,2.45,全价：126.931 最后更新：15:34:21,,,,1,[],0,0,N,,,buy,buy
2026-07-21 10:01:10,110090,爱迪转债,adzz,135.347,0.83,600933,爱柯迪,akd,13.4,-0.15,1.39,17.15,78.13,0,73.22,208.57,280203,汽车,shmb,C,2022-10-28,[],0,0,buy,AA,,12.005,22.295,11.9,buy,2028-09-23,2.178,15.695,6319.42,22149.71,2.98,-8.16,,0,14:59:19,00,Y,N,0,0,Y,,2023-03-29 开始转股,计算使用2.2年期 评级为AA 债参考YTM：1.7026,N,15.7,全价：135.347 最后更新：14:59:19,,,,0,{'M': ''},0,0,N,,,buy,buy
2026-07-21 10:01:10,127054,双箭转债,sjzz,125.22,0.0,002381,双箭股份,sjgf,5.02,-2.71,0.95,6.96,72.13,0,73.61,198.83,220602,基础化工,szmb,C,2022-03-15,[],0,0,buy,AA,,4.872,9.048,31.8,buy,2028-02-11,1.562,5.136,3949.99,4270.75,6.17,-6.01,,0,15:34:24,00,Y,N,0,0,Y,,2022-08-17 开始转股,计算使用1.6年期 评级为AA 债参考YTM：1.6479,N,5.136,全价：125.220 最后更新：15:34:24,,,,1,[],0,0,N,,,buy,buy
2026-07-21 10:01:10,123237,佳禾转债,jhzz,133.995,0.41,300793,佳禾智能,jhzn,10.34,1.67,1.39,13.46,76.82,0,74.43,208.43,270504,电子,szcy,C,2024-01-24,[],0,0,buy,A+,,9.422,17.498,11.2,buy,2030-01-04,3.46,4.314,3899.19,9539.16,6.79,-3.84,,0,15:33:57,00,Y,N,1,1,Y,转股价下修1次，成功下修1次,2024-07-10 开始转股,计算使用3.5年期 评级为A+ 债参考YTM：4.6932,N,10.04,全价：133.995 最后更新：15:33:57,,,,0,[],0,0,N,,,buy,buy
2026-07-21 10:01:10,123124,晶瑞转2,jrz2,136.871,2.22,300655,晶瑞电材,jrdc,12.44,8.08,5.25,15.88,78.34,0,74.72,211.59,270601,电子,szcy,C,2021-09-07,[],0,0,buy,A+,,11.116,20.644,3.7,buy,2027-08-16,1.071,5.224,12546.84,121128.57,17.77,-19.53,,1,15:34:33,00,Y,N,0,0,Y,,2022-02-21 开始转股,计算使用1.1年期 评级为A+ 债参考YTM：4.2064,N,5.23,全价：136.871 最后更新：15:34:33,,,,1,{'M': ''},0,0,N,,23年6月前不下修,buy,buy
2026-07-21 10:01:10,127093,章鼓转债,zgzz,128.235,-0.13,002598,ST章鼓,sdzg,6.09,-2.72,1.44,8.3,73.37,0,74.77,203.01,640106,机械设备,szmb,C,2023-11-03,[],0,0,buy,A,,5.81,10.79,13.9,buy,2029-10-17,3.244,2.425,876.86,4013.8,2.82,-2.56,,0,15:34:42,00,Y,N,1,1,Y,转股价下修1次，成功下修1次,2024-04-23 开始转股,计算使用3.3年期 评级为A 债参考YTM：7.0136,N,2.43,全价：128.235 最后更新：15:34:42,,,,0,[],0,0,N,,,buy,buy
2026-07-21 10:01:10,111015,东亚转债,dyzz,124.949,-0.47,605177,东亚药业,dyyy,14.44,-4.12,0.93,20.28,71.2,0,75.48,200.43,370101,医药生物,shmb,C,2023-08-02,[],0,0,buy,A+,,14.196,26.364,40.6,buy,2029-07-06,2.962,6.662,5979.65,6400.41,7.23,-1.8,,0,14:59:51,00,Y,N,1,1,Y,转股价下修1次，成功下修1次,2024-01-12 开始转股,计算使用3.0年期 评级为A+ 债参考YTM：4.6032,N,6.9,全价：124.949 最后更新：14:59:51,,,,0,[],0,0,N,,,buy,buy
2026-07-21 10:01:10,113636,甬金转债,yjzz,129.385,0.67,603995,甬金股份,yjgf,19.29,1.53,1.16,26.22,73.57,0,75.87,205.26,230501,钢铁,shmb,C,2021-12-31,[],0,0,buy,AA-,,18.354,34.086,14.3,buy,2027-12-13,1.397,9.995,5328.46,14350.24,4.14,-6.76,,0,14:59:31,00,Y,N,1,1,Y,转股价下修1次，成功下修1次,2022-06-17 开始转股,计算使用1.4年期 评级为AA- 债参考YTM：1.9180,N,10.0,全价：129.385 最后更新：14:59:31,,,,1,{'M': ''},0,0,N,,,buy,buy
2026-07-21 10:01:10,111021,奥锐转债,arzz,139.003,-0.45,605116,奥锐特,art,19.43,-3.81,2.9,24.6,78.98,0,75.99,214.99,370101,医药生物,shmb,C,2024-08-15,[],0,0,buy,AA-,,17.22,31.98,10.3,buy,2030-07-26,4.016,8.121,6047.04,7718.14,5.39,-3.72,,0,14:59:12,00,Y,N,0,0,Y,,2025-02-05 开始转股,计算使用4.1年期 评级为AA- 债参考YTM：2.4156,N,8.121,全价：139.003 最后更新：14:59:12,,,,0,[],0,0,N,,,buy,buy
2026-07-21 10:01:10,113674,XD华设转,hszz,131.678,0.52,603018,华设集团,hsjt,5.2,-1.89,0.78,6.95,74.82,0,75.99,207.67,620601,建筑装饰,shmb,C,2023-08-15,[],0,0,buy,AA,,4.865,9.035,9.4,buy,2029-07-21,3.0,3.999,4721.2,5333.35,8.99,-4.39,,0,14:59:51,00,Y,N,0,0,Y,,2024-01-29 开始转股,计算使用3.0年期 评级为AA 债参考YTM：1.7432,N,4.0,全价：131.678 最后更新：14:59:51,,,,0,{'M': ''},0,0,N,,,buy,buy
2026-07-21 10:01:10,127049,希望转2,xwz2,115.65,0.45,000876,新希望,xxw,6.95,-2.52,1.43,10.59,65.63,0,76.22,191.87,110402,农林牧渔,szmb,C,2021-11-29,[],0,0,buy,AAA,,7.413,13.767,26.0,buy,2027-11-02,1.285,81.434,22011.16,33393.6,2.35,-4.84,,0,15:34:21,00,Y,N,1,1,Y,转股价下修1次，成功下修1次,2022-05-09 开始转股,计算使用1.3年期 评级为AAA 债参考YTM：1.5422,N,81.5,全价：115.650 最后更新：15:34:21,,,,1,{'M': ''},0,0,N,,,buy,buy
2026-07-21 10:01:10,127069,小熊转债,xxzz,133.2,0.34,002959,小熊电器,xxdq,33.0,-1.87,1.64,43.71,75.5,0,76.43,209.63,330301,家用电器,szmb,C,2022-09-07,[],0,0,buy,AA-,,30.597,56.823,10.9,buy,2028-08-12,2.063,5.041,2780.8,5553.54,4.17,-5.4,,0,15:34:36,00,Y,N,1,1,Y,转股价下修1次，成功下修1次,2023-02-20 开始转股,计算使用2.1年期 评级为AA- 债参考YTM：2.0343,N,5.36,全价：133.200 最后更新：15:34:36,,,,0,{'M': ''},0,0,N,,,buy,buy
2026-07-21 10:01:10,113705,豪26转债,h26zz,146.287,3.5,603809,豪能股份,hngf,8.82,1.03,2.15,10.74,82.12,154,78.13,224.42,280203,汽车,shmb,C,2026-07-10,[],0,0,buy,AA-,,6.444,13.962,22.2,buy,2032-06-14,5.904,18.0,43102.33,10037.43,16.4,-4.22,,0,14:59:57,00,Y,N,0,0,Y,,未到转股期；2026-12-22 开始转股,计算使用6.0年期 评级为AA- 债参考YTM：3.4077,N,18.0,全价：146.287 最后更新：14:59:57,,,,0,{'M': ''},0,0,N,,,buy,buy
2026-07-21 10:01:10,118071,华峰转债,hfzz,216.045,14.45,688200,华峰测控,hfck,406.96,15.27,19.49,336.12,121.08,161,78.44,294.49,270108,电子,shkc,C,2026-07-17,[],0,0,buy,AA,,235.284,436.956,0.9,buy,2032-06-22,5.926,7.49,627926.14,331062.66,404.88,-10.38,,0,15:00:00,00,Y,N,0,0,Y,,未到转股期；2026-12-29 开始转股,计算使用6.0年期 评级为AA 债参考YTM：2.2077,N,7.49,全价：216.045 最后更新：15:00:00,,,,0,{'M': ''},0,0,N,,,buy,buy
2026-07-21 10:01:10,113692,保隆转债,blzz,132.916,2.6,603197,保隆科技,blkj,29.15,1.5,1.91,39.16,74.44,0,78.56,211.48,280205,汽车,shmb,C,2024-11-27,[],0,0,buy,AA,,27.412,50.908,22.6,buy,2030-10-31,4.282,13.897,9342.24,16089.08,5.16,-3.69,,0,15:00:00,00,Y,N,0,0,Y,,2025-05-06 开始转股,计算使用4.3年期 评级为AA 债参考YTM：1.9307,N,13.9,全价：132.916 最后更新：15:00:00,,,,0,{'M': ''},0,0,N,,,buy,buy
2026-07-21 10:01:10,127111,金威转债,jwzz,129.433,0.34,002626,金达威,jdw,13.87,-0.86,1.89,19.19,72.28,0,79.08,208.51,340407,食品饮料,szmb,C,2025-09-08,[],0,0,buy,AA,,13.433,24.947,15.3,buy,2031-08-20,5.085,12.924,5948.63,9686.51,3.56,-2.58,,0,15:34:48,00,Y,N,0,0,Y,,2026-02-26 开始转股,计算使用5.1年期 评级为AA 债参考YTM：2.0216,N,12.924,全价：129.433 最后更新：15:34:48,,,,0,{'M': ''},0,0,N,,,buy,buy
2026-07-21 10:01:10,113053,隆22转债,l22zz,122.148,-0.23,601012,隆基绿能,ljln,11.93,-0.58,1.78,17.5,68.17,0,79.18,201.33,630502,电力设备,shmb,C,2022-02-17,[],0,0,buy,AAA,,12.25,22.75,7.7,buy,2028-01-05,1.46,69.951,15518.67,124750.55,1.82,-7.82,,0,14:59:59,00,Y,N,1,1,Y,转股价下修1次，成功下修1次,2022-07-11 开始转股,计算使用1.5年期 评级为AAA 债参考YTM：1.5523,N,70.0,全价：122.148 最后更新：14:59:59,,,,1,{'M': ''},0,0,N,,,buy,buy
2026-07-21 10:01:10,127112,尚太转债,stzz,156.575,3.59,001301,尚太科技,stkj,52.4,3.23,2.66,60.02,87.3,1,79.34,235.92,630702,电力设备,szmb,C,2026-02-05,[],0,0,buy,AA+,,42.014,78.026,12.7,buy,2032-01-16,5.493,17.34,26544.73,34554.78,9.84,-6.08,,0,15:33:57,00,Y,N,0,0,Y,,未到转股期；2026-07-22 开始转股,计算使用5.5年期 评级为AA+ 债参考YTM：1.9053,N,17.34,全价：156.575 最后更新：15:33:57,,,,0,{'M': ''},0,0,N,,,buy,buy
2026-07-21 10:01:10,113616,韦尔转债,wezz,115.668,-0.1,603501,豪威集团,hwjt,102.42,1.25,3.89,159.02,64.41,0,79.59,195.26,270104,电子,shmb,C,2021-01-22,[],0,0,buy,AA+,,111.314,206.726,2.0,buy,2026-12-28,0.438,24.324,6966.21,347222.46,2.48,-11.18,,0,14:59:36,00,Y,N,0,0,Y,,2021-07-05 开始转股,计算使用0.5年期 评级为AA+ 债参考YTM：1.5350,N,24.4,全价：115.668 最后更新：14:59:36,,,,0,{'M': ''},0,0,N,,,buy,buy
2026-07-21 10:01:10,118034,晶能转债,jnzz,118.286,-0.09,688223,晶科能源,jkny,4.18,0.24,1.66,6.35,65.83,0,79.69,197.98,630502,电力设备,shkc,C,2023-05-19,[],0,0,buy,AA+,,4.445,7.62,19.4,buy,2029-04-20,2.751,83.22,13076.63,53866.68,1.33,-2.23,,0,14:59:29,00,Y,N,1,1,Y,转股价下修1次，成功下修1次,2023-10-26 开始转股,计算使用2.8年期 评级为AA+ 债参考YTM：1.6647,N,100.0,全价：118.286 最后更新：14:59:29,,,,0,{'M': ''},0,0,N,120%,,buy,buy
2026-07-21 10:01:10,118037,上声转债,sszz,129.276,0.8,688533,上声电子,ssdz,20.6,1.88,1.87,28.64,71.93,0,79.73,209.01,280206,汽车,shkc,C,2023-08-01,[],0,0,buy,A+,,20.048,37.232,13.8,buy,2029-07-06,2.962,4.679,2267.84,2552.87,3.77,-4.05,,0,14:59:58,00,Y,N,2,1,Y,转股价下修2次，成功下修1次,2024-01-12 开始转股,计算使用3.0年期 评级为A+ 债参考YTM：4.6032,N,5.2,全价：129.276 最后更新：14:59:58,,,,0,{'M': ''},0,0,N,,,buy,buy
2026-07-21 10:01:10,127102,浙建转债,zjzz,123.446,0.61,002761,浙江建投,zjjt,6.97,0.29,0.87,10.17,68.54,0,80.12,203.57,620101,建筑装饰,szmb,C,2024-01-16,[],0,0,buy,AA+,,7.119,13.221,13.2,buy,2029-12-25,3.433,9.951,4053.94,9641.33,3.31,-2.87,,0,15:34:36,00,Y,N,0,0,Y,,2024-07-01 开始转股,计算使用3.5年期 评级为AA+ 债参考YTM：1.7082,N,10.0,全价：123.446 最后更新：15:34:36,,,,0,{'M': ''},0,0,N,,,buy,buy
2026-07-21 10:01:10,113680,丽岛转债,ldzz,132.509,0.64,603937,丽岛新材,ldxc,9.49,1.5,1.26,12.91,73.51,0,80.26,212.77,240301,有色金属,shmb,C,2023-12-05,[],0,0,buy,A+,,9.037,16.783,15.1,buy,2029-11-15,3.323,2.998,5118.04,8144.44,12.97,-2.93,,0,14:59:53,00,Y,N,0,0,Y,,2024-05-21 开始转股,计算使用3.4年期 评级为A+ 债参考YTM：4.6791,N,3.0,全价：132.509 最后更新：14:59:53,,,,0,[],0,0,N,,,buy,buy
2026-07-21 10:01:10,110086,精工转债,jgzz,125.838,0.17,600496,精工钢构,jggg,3.19,-0.62,0.67,4.57,69.8,0,80.28,206.12,620401,建筑装饰,shmb,C,2022-05-23,[],0,0,buy,AA,,3.199,5.941,31.5,buy,2028-04-22,1.756,19.999,4134.83,10457.94,1.65,-5.62,,0,14:58:42,00,Y,N,0,0,Y,,2022-10-28 开始转股,计算使用1.8年期 评级为AA 债参考YTM：1.6676,N,20.0,全价：125.838 最后更新：14:58:42,,,,1,{'M': ''},0,0,N,,,buy,buy
2026-07-21 10:01:10,111020,合顺转债,hszz,133.88,0.27,605166,聚合顺,jhs,7.82,-2.49,1.22,10.53,74.26,0,80.28,214.16,220406,基础化工,shmb,C,2024-08-15,[],0,0,buy,AA-,,7.371,13.689,13.7,buy,2030-07-22,4.006,3.38,3383.02,7305.51,7.52,-2.81,,0,14:59:57,00,Y,N,0,0,Y,,2025-01-27 开始转股,计算使用4.1年期 评级为AA- 债参考YTM：2.4156,N,3.38,全价：133.880 最后更新：14:59:57,,,,0,[],0,0,N,,,buy,buy
2026-07-21 10:01:10,113694,清源转债,qyzz,125.637,0.38,603628,清源股份,qygf,8.87,-1.33,1.82,12.82,69.19,0,81.59,207.23,630504,电力设备,shmb,C,2025-04-25,[],0,0,buy,A+,,8.974,16.666,20.7,buy,2031-04-08,4.718,4.999,3994.71,4391.45,6.38,-1.22,,0,14:59:51,00,Y,N,0,0,Y,,2025-10-14 开始转股,计算使用4.8年期 评级为A+ 债参考YTM：4.8639,N,5.0,全价：125.637 最后更新：14:59:51,,,,0,{'M': ''},0,0,N,,,buy,buy
2026-07-21 10:01:10,127059,永东转2,ydz2,130.395,0.38,002753,永东股份,ydgf,5.82,0.0,0.93,8.11,71.76,0,81.7,212.1,220603,基础化工,szmb,C,2022-05-16,[],0,0,buy,AA-,,5.677,10.543,22.0,buy,2028-04-08,1.718,3.79,1861.45,3022.44,3.79,-6.18,,0,15:34:24,00,Y,N,0,0,Y,,2022-10-14 开始转股,计算使用1.8年期 评级为AA- 债参考YTM：1.9839,N,3.8,全价：130.395 最后更新：15:34:24,,,,1,[],0,0,N,,,buy,buy
2026-07-21 10:01:10,127083,山路转债,slzz,122.198,-0.04,000498,山东路桥,sdlq,4.99,-1.38,0.29,7.42,67.25,0,81.71,203.91,620306,建筑装饰,szmb,C,2023-04-26,[],0,0,buy,AAA,,5.194,9.646,66.9,buy,2029-03-24,2.677,48.359,9069.3,8213.7,1.54,-3.49,,0,15:34:39,00,Y,N,0,0,Y,,2023-10-09 开始转股,计算使用2.7年期 评级为AAA 债参考YTM：1.5891,N,48.36,全价：122.198 最后更新：15:34:39,,,,0,{'M': ''},0,0,N,,,buy,buy
2026-07-21 10:01:10,123189,晓鸣转债,xmzz,133.9,0.97,300967,晓鸣股份,xmgf,14.03,-1.06,3.35,19.09,73.49,0,82.19,216.09,110703,农林牧渔,szcy,C,2023-04-25,[],0,0,buy,A,,13.363,24.817,18.8,buy,2029-04-06,2.712,3.286,5049.23,9486.57,11.61,-4.86,,0,15:34:36,00,Y,N,1,0,Y,转股价下修1次，成功下修0次,2023-10-12 开始转股,计算使用2.8年期 评级为A 债参考YTM：6.9012,Y,3.29,全价：133.900 最后更新：15:34:36,,,"按下调到底估算
股东大会：2026-07-30
预估转股价：15.14
预估转股价值：92.67
期权价值：29.46
理论价值：127.71
理论偏离度：4.62%",0,{'M': ''},0,0,N,,,buy,buy
2026-07-21 10:01:10,113706,金帝转债,jdzz,144.711,2.1,603270,金帝股份,jdgf,24.26,0.17,2.31,30.62,79.23,154,82.65,227.36,640108,机械设备,shmb,C,2026-07-10,[],0,0,buy,AA,,21.434,39.806,56.5,buy,2032-06-14,5.904,9.7,14488.79,17306.59,10.4,-3.34,,0,14:59:57,00,Y,N,0,0,Y,,未到转股期；2026-12-22 开始转股,计算使用6.0年期 评级为AA 债参考YTM：2.2077,N,9.7,全价：144.711 最后更新：14:59:57,,,,0,{'M': ''},0,0,N,,,buy,buy
2026-07-21 10:01:10,123214,东宝转债,dbzz,129.339,-0.72,300239,东宝生物,dbsw,4.68,-3.51,1.59,6.62,70.7,0,82.95,212.29,370304,医药生物,szcy,C,2023-08-18,[],0,0,buy,A+,,4.634,8.606,16.5,buy,2029-07-31,3.03,4.549,1682.29,8217.5,2.86,-3.19,,0,15:33:54,00,Y,N,0,0,Y,,2024-02-05 开始转股,计算使用3.1年期 评级为A+ 债参考YTM：4.6262,N,4.55,全价：129.339 最后更新：15:33:54,,,,0,[],0,0,N,,,buy,buy
2026-07-21 10:01:10,123223,九典转02,jdz02,134.634,0.05,300705,九典制药,jdzy,10.65,-2.92,1.98,14.55,73.2,0,83.94,218.57,370102,医药生物,szcy,C,2023-10-13,[],0,0,buy,A+,,10.185,18.915,5.2,buy,2029-09-15,3.156,2.053,1767.17,12010.64,6.41,-4.19,,0,15:33:54,00,Y,N,0,0,Y,,2024-03-21 开始转股,计算使用3.2年期 评级为A+ 债参考YTM：4.6461,N,3.6,全价：134.634 最后更新：15:33:54,,,,0,[],0,0,N,,,buy,buy
2026-07-21 10:01:10,118036,力合转债,lhzz,134.993,1.96,688589,力合微,lhw,17.4,3.76,2.42,23.83,73.02,0,84.88,219.87,270104,电子,shkc,C,2023-07-20,[],0,0,buy,AA-,,16.681,30.979,15.0,buy,2029-06-28,2.94,3.8,5653.74,8825.1,11.18,-4.4,,0,14:59:51,00,Y,N,1,1,Y,转股价下修1次，成功下修1次,2024-01-04 开始转股,计算使用3.0年期 评级为AA- 债参考YTM：2.2532,N,3.8,全价：134.993 最后更新：14:59:51,,,,0,{'M': ''},0,0,N,,,buy,buy
2026-07-21 10:01:10,118059,颀中转债,qzzz,194.474,8.75,688352,颀中科技,qzkj,14.19,9.15,2.89,13.7,103.58,0,87.76,282.23,270107,电子,shkc,C,2025-11-21,[],0,0,buy,AA+,,9.59,17.81,16.3,buy,2031-11-03,5.29,8.499,90469.37,70323.53,55.64,-9.96,,0,15:00:00,00,Y,N,0,0,Y,,2026-05-07 开始转股,计算使用5.3年期 评级为AA+ 债参考YTM：1.8809,N,8.5,全价：194.474 最后更新：15:00:00,,,,0,"{'G': '本次（2026年5月26日至2026年6月17日）不提前赎回，以2026年12月18日为首个交易日重新计算', 'M': ''}",0,0,N,,,buy,buy
2026-07-21 10:01:10,113682,益丰转债,yfzz,129.564,0.73,603939,益丰药房,yfyf,21.66,0.6,2.16,31.44,68.89,0,88.07,217.63,370403,医药生物,shmb,C,2024-03-27,[],0,0,buy,AA,,22.008,40.872,6.8,buy,2030-03-04,3.622,17.968,11140.58,40247.54,4.79,-3.46,,0,14:58:45,00,Y,N,0,0,Y,,2024-09-09 开始转股,计算使用3.7年期 评级为AA 债参考YTM：1.8409,N,17.97,全价：129.564 最后更新：14:58:45,,,,0,{'M': ''},0,0,N,,,buy,buy
2026-07-21 10:01:10,123142,申昊转债,shzz,122.829,1.34,300853,申昊科技,shkj,21.95,4.97,5.07,33.71,65.11,0,88.64,211.47,630803,电力设备,szcy,C,2022-04-11,[],0,0,buy,BBB+,,23.597,43.823,25.5,buy,2028-03-18,1.66,5.494,3754.28,17384.65,5.59,-5.28,,0,15:34:30,00,Y,N,0,0,Y,,2022-09-26 开始转股,计算使用1.7年期 评级为BBB+ 债参考YTM：12.1250,N,5.5,全价：122.829 最后更新：15:34:30,,,,1,[],0,0,N,,,buy,buy
2026-07-21 10:01:10,110100,龙建转债,ljzz,126.591,-0.92,600853,XD龙建股,ljgf,3.08,-1.28,0.75,4.59,67.1,7,88.65,215.24,620306,建筑装饰,shmb,C,2026-02-12,[],0,0,buy,AA,,3.213,5.967,32.0,buy,2032-01-21,5.507,10.0,4250.26,4400.22,3.36,-1.98,,0,14:59:58,00,Y,N,0,0,Y,,未到转股期；2026-07-28 开始转股,计算使用5.6年期 评级为AA 债参考YTM：2.1201,N,10.0,全价：126.591 最后更新：14:59:58,,,,0,[],0,0,N,,,buy,buy
2026-07-21 10:01:10,123252,银邦转债,ybzz,137.0,2.47,300337,银邦股份,ybgf,9.04,3.2,4.14,12.5,72.32,0,89.44,226.44,240301,有色金属,szcy,C,2025-01-24,[],0,0,buy,AA-,,8.75,16.25,12.2,buy,2031-01-06,4.466,7.846,7496.98,22945.85,7.07,-3.42,,0,15:33:54,00,Y,N,0,0,Y,,2025-07-14 开始转股,计算使用4.5年期 评级为AA- 债参考YTM：2.4710,N,7.85,全价：137.000 最后更新：15:33:54,,,,0,{'M': ''},0,0,N,,,buy,buy
2026-07-21 10:01:10,118061,茂莱转债,mlzz,217.579,13.55,688502,茂莱光学,mlgx,417.6,14.75,17.53,364.15,114.68,0,89.73,307.31,270303,电子,shkc,C,2025-12-10,[],0,0,buy,A+,,254.905,473.395,2.5,buy,2031-11-21,5.34,5.622,129510.21,120914.38,111.55,-10.99,,0,15:00:00,00,Y,N,0,0,Y,,2026-05-27 开始转股,计算使用5.4年期 评级为A+ 债参考YTM：5.1726,N,5.625,全价：217.579 最后更新：15:00:00,,,,0,"{'G': '本次（2026年5月28日至2026年7月3日）不提前赎回，以2026年10月4日首个交易日重新计算', 'M': ''}",0,0,N,,,buy,buy
2026-07-21 10:01:10,123155,中陆转债,zlzz,129.579,0.71,301040,中环海陆,zhhl,21.68,1.98,2.8,31.76,68.26,0,89.83,219.41,630602,电力设备,szcy,C,2022-08-31,[],0,0,buy,A+,,22.232,41.288,17.6,buy,2028-08-12,2.063,3.6,4888.21,8425.36,10.61,-4.03,,0,15:34:39,00,Y,N,0,0,Y,,2023-02-20 开始转股,计算使用2.1年期 评级为A+ 债参考YTM：4.3745,N,3.6,全价：129.579 最后更新：15:34:39,,,,0,{'M': ''},0,0,N,,,buy,buy
2026-07-21 10:01:10,111003,聚合转债,jhzz,131.926,-0.05,605166,聚合顺,jhs,7.82,-2.49,1.22,11.31,69.14,0,90.8,222.73,220406,基础化工,shmb,C,2022-04-19,[],0,0,buy,AA-,,7.917,14.703,8.3,buy,2028-03-07,1.63,2.035,2980.67,7305.51,11.17,-6.95,,0,14:59:52,00,Y,N,1,1,Y,转股价下修1次，成功下修1次,2022-09-13 开始转股,计算使用1.7年期 评级为AA- 债参考YTM：1.9674,N,2.04,全价：131.926 最后更新：14:59:52,,,,1,[],0,0,N,,,buy,buy
2026-07-21 10:01:10,113698,凯众转债,kzzz,136.718,1.11,603037,凯众股份,kzgf,8.95,-0.89,2.32,12.55,71.32,0,91.71,228.43,280203,汽车,shmb,C,2025-09-10,[],0,0,buy,AA-,,8.785,16.315,12.9,buy,2031-08-15,5.071,3.079,5302.94,5514.54,12.7,-3.62,,0,14:59:51,00,Y,N,0,0,Y,,2026-02-24 开始转股,计算使用5.1年期 评级为AA- 债参考YTM：2.5701,N,3.08,全价：136.718 最后更新：14:59:51,,,,0,[],0,0,N,,,buy,buy
2026-07-21 10:01:10,113627,太平转债,tpzz,118.593,0.19,603877,太平鸟,tpn,12.64,-0.16,1.29,20.58,61.42,0,93.09,211.68,350209,纺织服饰,shmb,C,2021-08-06,[],0,0,buy,AA,,14.406,26.754,13.5,buy,2027-07-15,0.984,7.997,3233.77,3889.31,3.41,-7.39,,0,14:59:09,00,Y,N,1,1,Y,转股价下修1次，成功下修1次,2022-01-21 开始转股,计算使用1.0年期 评级为AA 债参考YTM：1.5940,N,8.0,全价：118.593 最后更新：14:59:09,,,,1,{'M': ''},0,0,N,,,buy,buy
2026-07-21 10:01:10,113647,禾丰转债,hfzz,120.932,-1.13,603609,禾丰股份,hfgf,6.26,-2.8,0.86,10.09,62.04,0,94.92,215.85,110402,农林牧渔,shmb,C,2022-05-18,[],0,0,buy,AA,,7.063,13.117,25.9,buy,2028-04-22,1.756,14.669,5998.12,3937.25,3.38,-3.44,,0,14:59:58,00,Y,N,0,0,Y,,2022-10-28 开始转股,计算使用1.8年期 评级为AA 债参考YTM：1.6676,N,15.0,全价：120.932 最后更新：14:59:58,,,,0,{'M': ''},0,0,N,,,buy,buy
2026-07-21 10:01:10,113665,汇通转债,htzz,122.939,0.49,603176,汇通集团,htjt,3.95,-2.23,1.67,6.28,62.9,0,95.46,218.4,620306,建筑装饰,shmb,C,2023-01-11,[],0,0,buy,A+,,4.396,8.164,19.7,buy,2028-12-15,2.406,3.596,3542.07,2789.13,8.06,-1.55,,0,14:59:54,00,Y,N,1,1,Y,转股价下修1次，成功下修1次,2023-06-21 开始转股,计算使用2.5年期 评级为A+ 债参考YTM：4.4694,N,3.6,全价：122.939 最后更新：14:59:54,,,,0,[],0,0,N,,,buy,buy
2026-07-21 10:01:10,123220,易瑞转债,yrzz,129.896,-1.04,300942,易瑞生物,yrsw,5.88,-2.65,2.67,8.85,66.44,0,95.51,225.41,370504,医药生物,szcy,C,2023-09-06,[],0,0,buy,A+,,6.195,11.505,12.2,buy,2029-08-18,3.08,2.907,3086.62,5963.17,8.16,-2.88,,0,15:34:48,00,Y,N,1,1,Y,转股价下修1次，成功下修1次,2024-02-26 开始转股,计算使用3.1年期 评级为A+ 债参考YTM：4.6262,N,3.28,全价：129.896 最后更新：15:34:48,,,,0,{'M': ''},0,0,N,,,buy,buy
2026-07-21 10:01:10,123259,锦浪转02,jlz02,155.9,3.8,300763,锦浪科技,jlkj,57.66,1.87,2.52,72.35,79.7,0,95.62,251.52,630503,电力设备,szcy,C,2025-11-06,[],0,0,buy,AA,,50.645,94.055,9.0,buy,2031-10-17,5.244,16.763,16580.92,71539.88,6.49,-5.82,,0,15:33:57,00,Y,N,1,1,Y,转股价下修1次，成功下修1次,2026-04-23 开始转股,计算使用5.3年期 评级为AA 债参考YTM：2.0561,N,16.766,全价：155.900 最后更新：15:33:57,,,,0,"{'G': '本次（2026年4月23日至2026年5月20日）不提前赎回，以2027年5月21日为首个交易日重新计算', 'M': ''}",0,0,N,,,buy,buy
2026-07-21 10:01:10,110095,双良转债,slzz,119.432,1.14,600481,双良节能,sljn,3.77,1.07,1.75,6.18,61.0,0,95.78,215.21,630501,电力设备,shmb,C,2023-09-08,[],0,0,buy,AA-,,4.326,8.034,18.0,buy,2029-08-08,3.052,14.006,7655.15,22980.74,4.61,-1.46,,0,14:59:59,00,Y,N,2,2,Y,转股价下修2次，成功下修2次,2024-02-19 开始转股,计算使用3.1年期 评级为AA- 债参考YTM：2.2752,N,26.0,全价：119.432 最后更新：14:59:59,,,,0,{'M': ''},0,0,N,,,buy,buy
2026-07-21 10:01:10,123272,中汽转债,zqzz,166.05,5.76,301215,中汽股份,zqgf,5.05,-0.2,2.25,5.99,84.31,149,96.96,263.01,280303,汽车,szcy,C,2026-06-30,[],0,0,buy,AA+,,4.193,7.787,15.6,buy,2032-06-10,5.893,10.39,101504.18,6464.23,60.31,-6.47,,0,15:34:09,00,Y,N,0,0,Y,,未到转股期；2026-12-17 开始转股,计算使用5.9年期 评级为AA+ 债参考YTM：1.9555,N,10.39,全价：166.050 最后更新：15:34:09,,,,0,{'M': ''},0,0,N,,,buy,buy
2026-07-21 10:01:10,118065,艾为转债,awzz,148.299,2.14,688798,艾为电子,awdz,59.78,3.77,3.23,79.4,75.29,7,96.97,245.27,270105,电子,shkc,C,2026-02-26,[],0,0,buy,AA+,,55.58,103.22,23.4,buy,2032-01-22,5.51,19.01,9867.22,23710.57,3.54,-4.96,,0,14:59:59,00,Y,N,0,0,Y,,未到转股期；2026-07-28 开始转股,计算使用5.6年期 评级为AA+ 债参考YTM：1.9178,N,19.01,全价：148.299 最后更新：14:59:59,,,,0,{'M': ''},0,0,N,,,buy,buy
2026-07-21 10:01:10,118070,南芯转债,nxzz,162.754,4.57,688484,南芯科技,nxkj,36.1,5.19,3.7,43.84,82.35,157,97.65,260.4,270105,电子,shkc,C,2026-07-10,[],0,0,buy,AA+,,30.688,56.992,10.3,buy,2032-06-17,5.912,15.869,69423.89,51444.45,27.31,-6.13,,0,14:59:59,00,Y,N,0,0,Y,,未到转股期；2026-12-25 开始转股,计算使用6.0年期 评级为AA+ 债参考YTM：1.9677,N,15.869,全价：162.754 最后更新：14:59:59,,,,0,{'M': ''},0,0,N,,,buy,buy
2026-07-21 10:01:10,127038,国微转债,gwzz,133.035,0.89,002049,紫光国微,zggw,65.28,5.68,3.93,96.99,67.31,0,97.66,230.7,270104,电子,szmb,C,2021-07-14,[],0,0,buy,AA+,,67.893,126.087,2.7,buy,2027-06-10,0.888,14.915,11248.54,271456.95,5.67,-19.57,,0,15:34:12,00,Y,N,0,0,Y,,2021-12-17 开始转股,计算使用0.9年期 评级为AA+ 债参考YTM：1.5447,N,15.0,全价：133.035 最后更新：15:34:12,,,,1,{'M': ''},0,0,N,,,buy,buy
2026-07-21 10:01:10,113696,伯25转债,b25zz,132.22,0.99,603596,伯特利,btl,23.5,2.17,2.56,35.16,66.84,0,97.82,230.04,280203,汽车,shmb,C,2025-07-28,[],0,0,buy,AA,,24.612,45.708,13.3,buy,2031-07-01,4.948,28.017,7089.28,48558.91,1.92,-3.09,,0,14:58:46,00,Y,N,0,0,Y,,2026-01-07 开始转股,计算使用5.0年期 评级为AA 债参考YTM：2.0084,N,28.02,全价：132.220 最后更新：14:58:46,,,,0,{'M': ''},0,0,N,,,buy,buy
2026-07-21 10:01:10,123269,金杨转债,jyzz,149.89,2.14,301210,金杨精密,jygf,21.38,4.04,1.83,28.24,75.71,97,97.98,247.87,630701,电力设备,szcy,C,2026-05-11,[],0,0,buy,AA-,,19.768,36.712,75.3,buy,2032-04-19,5.751,9.8,5822.46,11699.58,4.01,-4.74,,0,15:34:06,00,Y,N,0,0,Y,,未到转股期；2026-10-26 开始转股,计算使用5.8年期 评级为AA- 债参考YTM：3.2682,N,9.8,全价：149.890 最后更新：15:34:06,,,,0,{'M': ''},0,0,N,,,buy,buy
2026-07-21 10:01:10,113655,欧22转债,o22zz,122.888,-0.04,603833,欧派家居,opjj,31.99,-2.53,1.03,51.54,62.07,0,97.99,220.88,360308,轻工制造,shmb,C,2022-09-01,[],0,0,buy,AA,,36.078,67.002,10.3,buy,2028-08-05,2.044,19.999,8051.66,19647.67,3.28,-3.14,,0,14:59:30,00,Y,N,1,1,Y,转股价下修1次，成功下修1次,2023-02-13 开始转股,计算使用2.1年期 评级为AA 债参考YTM：1.6952,N,20.0,全价：122.888 最后更新：14:59:30,,,,0,{'M': ''},0,0,N,,,buy,buy
2026-07-21 10:01:10,123224,宇邦转债,ybzz,131.281,1.04,301266,宇邦新材,ybxc,18.67,0.16,1.43,28.17,66.28,0,98.08,229.36,630504,电力设备,szcy,C,2023-10-18,[],0,0,buy,A+,,19.719,36.621,11.2,buy,2029-09-19,3.167,2.848,2119.11,8590.91,5.71,-2.93,,0,15:34:06,00,Y,N,1,1,Y,转股价下修1次，成功下修1次,2024-03-25 开始转股,计算使用3.2年期 评级为A+ 债参考YTM：4.6461,N,5.0,全价：131.281 最后更新：15:34:06,,,,0,{'M': ''},0,0,N,,,buy,buy
2026-07-21 10:01:10,111018,华康转债,hkzz,125.792,-0.81,605077,华康股份,hkgf,10.11,-1.46,0.94,15.96,63.35,0,98.58,224.37,220315,基础化工,shmb,C,2024-01-15,[],0,0,buy,AA-,,11.172,20.748,43.0,buy,2029-12-25,3.433,13.022,4852.4,6515.96,2.97,-1.56,,0,14:59:47,00,Y,N,0,0,Y,,2024-07-01 开始转股,计算使用3.5年期 评级为AA- 债参考YTM：2.3382,N,13.03,全价：125.792 最后更新：14:59:47,,,,0,[],0,0,N,,,buy,buy
2026-07-21 10:01:10,123165,回天转债,htzz,135.8,1.79,300041,回天新材,htxc,10.28,5.65,1.82,15.05,68.31,0,98.81,234.61,220316,基础化工,szcy,C,2022-11-15,[],0,0,buy,AA-,,10.535,19.565,15.2,buy,2028-10-27,2.271,8.497,6480.31,42491.94,5.64,-5.93,,0,15:34:45,00,Y,N,0,0,Y,,2023-05-04 开始转股,计算使用2.3年期 评级为AA- 债参考YTM：2.0768,N,8.5,全价：135.800 最后更新：15:34:45,,,,0,{'M': ''},0,0,N,,,buy,buy
2026-07-21 10:01:10,123215,铭利转债,mlzz,124.844,-0.18,301268,铭利达,mld,12.04,-0.5,3.06,19.19,62.74,0,98.98,223.82,640108,机械设备,szcy,C,2023-08-23,[],0,0,buy,A+,,13.433,24.947,19.6,buy,2029-08-03,3.038,8.555,4835.52,8852.2,4.53,-0.64,,0,15:34:03,00,Y,N,1,1,Y,转股价下修1次，成功下修1次,2024-02-19 开始转股,计算使用3.1年期 评级为A+ 债参考YTM：4.6262,N,10.0,全价：124.844 最后更新：15:34:03,,,,0,{'M': ''},0,0,N,,,buy,buy
2026-07-21 10:01:10,123268,本川转债,bczz,191.8,10.07,300964,本川智能,bczn,51.83,10.16,5.43,54.13,95.75,94,100.31,292.11,270202,电子,szcy,C,2026-05-07,[],0,0,buy,AA-,,37.891,70.369,10.5,buy,2032-04-16,5.743,4.69,47033.34,36433.06,55.13,-8.1,,0,15:34:12,00,Y,N,0,0,Y,,未到转股期；2026-10-23 开始转股,计算使用5.8年期 评级为AA- 债参考YTM：3.2682,N,4.69,全价：191.800 最后更新：15:34:12,,,,0,{'M': ''},0,0,N,,,buy,buy
2026-07-21 10:01:10,127056,中特转债,ztzz,127.188,0.15,000708,中信特钢,zxtg,13.78,-0.58,1.54,21.78,63.27,0,101.03,228.22,230501,钢铁,szmb,C,2022-04-15,[],0,0,buy,AAA,,15.246,28.314,7.2,buy,2028-02-25,1.6,49.996,8521.53,26535.63,1.34,-10.03,,0,15:34:33,00,Y,N,1,0,Y,转股价下修1次，成功下修0次,2022-09-05 开始转股,计算使用1.6年期 评级为AAA 债参考YTM：1.5572,Y,50.0,全价：127.188 最后更新：15:34:33,,,"按下调到底估算
股东大会：2026-07-22
预估转股价：13.89
预估转股价值：99.21
期权价值：15.85
理论价值：120.85
理论偏离度：4.98%",0,{'M': ''},0,0,N,,,buy,buy
2026-07-21 10:01:10,123253,永贵转债,ygzz,136.753,2.2,300351,永贵电器,ygdq,12.31,4.59,1.94,18.19,67.68,0,102.07,238.82,640501,机械设备,szcy,C,2025-03-28,[],0,0,buy,AA-,,12.733,23.647,30.2,buy,2031-03-13,4.647,9.798,6636.23,22124.15,5.01,-3.25,,0,15:34:06,00,Y,N,0,0,Y,,2025-09-19 开始转股,计算使用4.7年期 评级为AA- 债参考YTM：2.4978,N,9.8,全价：136.753 最后更新：15:34:06,,,,0,{'M': ''},0,0,N,,,buy,buy
2026-07-21 10:01:10,118024,冠宇转债,gyzz,127.899,0.9,688772,珠海冠宇,zhgy,14.2,5.89,2.13,22.51,63.08,0,102.75,230.65,630701,电力设备,shkc,C,2022-11-17,[],0,0,buy,AA,,15.757,27.012,19.1,buy,2028-10-24,2.263,30.889,9525.1,50531.09,2.42,-4.56,,0,14:59:51,00,Y,N,0,0,Y,,2023-04-28 开始转股,计算使用2.3年期 评级为AA 债参考YTM：1.7089,N,30.89,全价：127.899 最后更新：14:59:51,,,,0,{'M': ''},0,0,N,120%,,buy,buy
2026-07-21 10:01:10,123266,博士转债,bszz,141.407,-0.69,300622,博士眼镜,bsyj,14.95,-0.99,5.04,21.54,69.41,65,103.74,245.15,450401,商贸零售,szcy,C,2026-04-07,[],0,0,buy,AA,,15.078,28.002,11.4,buy,2032-03-17,5.66,3.75,12546.6,26514.1,23.67,-3.55,,0,15:34:06,00,Y,N,0,0,Y,,未到转股期；2026-09-24 开始转股,计算使用5.7年期 评级为AA 债参考YTM：2.1427,N,3.75,全价：141.407 最后更新：15:34:06,,,,0,[],0,0,N,,,buy,buy
2026-07-21 10:01:10,118052,浩瀚转债,hhzz,131.492,0.73,688292,浩瀚深度,hhsd,15.6,2.63,2.45,24.2,64.46,0,103.98,235.47,710103,计算机,shkc,C,2025-04-07,[],0,0,buy,A+,,16.94,31.46,14.3,buy,2031-03-13,4.647,3.539,3679.77,6008.46,7.96,-2.04,,0,14:59:51,00,Y,N,0,0,Y,,2025-09-19 开始转股,计算使用4.7年期 评级为A+ 债参考YTM：4.8521,N,3.54,全价：131.492 最后更新：14:59:51,,,,0,{'M': ''},0,0,N,,,buy,buy
2026-07-21 10:01:10,123122,富瀚转债,fhzz,128.3,1.46,300613,富瀚微,fhw,57.25,7.61,4.43,91.5,62.57,0,105.06,233.36,270104,电子,szcy,C,2021-08-24,[],0,0,buy,A+,,64.05,118.95,4.6,buy,2027-08-06,1.044,5.801,7029.37,104104.5,9.53,-8.6,,0,15:34:30,00,Y,N,0,0,Y,,2022-02-14 开始转股,计算使用1.1年期 评级为A+ 债参考YTM：4.2064,N,5.812,全价：128.300 最后更新：15:34:30,,,,0,{'M': ''},0,0,N,,,buy,buy
2026-07-21 10:01:10,111024,澳弘转债,ahzz,149.222,3.39,605058,澳弘电子,ahdz,24.04,6.14,1.87,33.54,71.68,0,108.19,257.41,270202,电子,shmb,C,2026-01-16,[],0,0,buy,AA-,,23.478,43.602,16.9,buy,2031-12-11,5.395,5.799,5270.86,9875.82,6.23,-4.66,,0,14:59:52,00,Y,N,0,0,Y,,2026-06-17 开始转股,计算使用5.4年期 评级为AA- 债参考YTM：2.8240,N,5.8,全价：149.222 最后更新：14:59:52,,,,0,[],0,0,N,,,buy,buy
2026-07-21 10:01:10,123192,科思转债,kszz,128.105,0.6,300856,科思股份,ksgf,10.62,-1.39,1.79,17.32,61.32,0,108.92,237.03,770201,美容护理,szcy,C,2023-05-11,[],0,0,buy,AA-,,12.124,22.516,14.7,buy,2029-04-13,2.732,7.187,4351.14,5761.46,4.75,-2.86,,0,15:34:39,00,Y,N,0,0,Y,,2023-10-19 开始转股,计算使用2.8年期 评级为AA- 债参考YTM：2.2035,N,7.249,全价：128.105 最后更新：15:34:39,,,,0,{'M': ''},0,0,N,,,buy,buy
2026-07-21 10:01:10,127068,顺博转债,sbzz,125.032,0.03,002996,顺博合金,sbhj,5.98,-0.5,1.17,10.0,59.8,0,109.08,234.11,240301,有色金属,szmb,C,2022-09-07,[],0,0,buy,AA-,,7.0,13.0,30.3,buy,2028-08-12,2.063,8.3,2812.26,5327.34,2.7,-5.48,,0,15:34:30,00,Y,N,2,2,Y,转股价下修2次，成功下修2次,2023-02-20 开始转股,计算使用2.1年期 评级为AA- 债参考YTM：2.0343,N,8.3,全价：125.032 最后更新：15:34:30,,,,0,[],0,0,N,,,buy,buy
2026-07-21 10:01:10,113702,斯达转债,sdzz,177.474,9.03,603290,斯达半导,sdbd,88.77,8.6,3.05,104.79,84.71,93,109.5,286.97,270102,电子,shmb,C,2026-05-11,[],0,0,buy,AA+,,73.353,136.227,7.1,buy,2032-04-15,5.74,15.0,71243.46,107186.16,27.7,-7.85,,0,14:59:59,00,Y,N,0,0,Y,,未到转股期；2026-10-22 开始转股,计算使用5.8年期 评级为AA+ 债参考YTM：1.9431,N,15.0,全价：177.474 最后更新：14:59:59,,,,0,{'M': ''},0,0,N,,,buy,buy
2026-07-21 10:01:10,113648,巨星转债,jxzz,124.382,0.47,603477,巨星农牧,jxnm,14.7,-3.73,2.79,24.84,59.18,0,110.18,234.56,110702,农林牧渔,shmb,C,2022-05-17,[],0,0,buy,AA-,,17.388,32.292,12.0,buy,2028-04-25,1.764,8.997,6059.71,28679.01,5.43,-5.72,,0,14:57:36,00,Y,N,0,0,Y,,2022-10-31 开始转股,计算使用1.8年期 评级为AA- 债参考YTM：1.9839,N,10.0,全价：124.382 最后更新：14:57:36,,,,0,{'M': ''},0,0,N,,,buy,buy
2026-07-21 10:01:10,123263,鼎捷转债,djzz,140.3,1.33,300378,鼎捷数智,djsz,28.92,2.77,3.34,43.42,66.61,0,110.64,250.94,710402,计算机,szcy,C,2025-12-31,[],0,0,buy,AA,,,56.446,10.6,buy,2031-12-15,5.406,8.275,6032.09,32928.27,5.24,-3.89,,0,15:34:03,00,Y,N,0,0,Y,,2026-06-22 开始转股,计算使用5.5年期 评级为AA 债参考YTM：2.0978,N,8.28,全价：140.300 最后更新：15:34:03,,,,0,{'M': ''},0,0,N,,,buy,buy
2026-07-21 10:01:10,113634,珀莱转债,plzz,127.599,0.76,603605,珀莱雅,bly,57.81,0.54,3.57,95.46,60.56,0,110.7,238.3,770202,美容护理,shmb,C,2022-01-04,[],0,0,buy,AA,,66.822,124.098,3.3,buy,2027-12-08,1.384,7.507,4705.73,34747.56,4.94,-6.27,,0,14:58:45,00,Y,N,0,0,N,2026-07-15 至 2026-07-21 期间暂停转股：权益分派,2022-06-14 开始转股;2026-07-15 至 2026-07-21 期间暂停转股：权益分派,计算使用1.4年期 评级为AA 债参考YTM：1.6286,N,7.517,全价：127.599 最后更新：14:58:45,,,,1,{'M': ''},0,0,N,,,buy,buy
2026-07-21 10:01:10,118063,金05转债,j05zz,155.165,3.41,688676,金盘科技,jpkj,64.57,7.17,5.54,88.6,72.88,0,112.91,268.08,630801,电力设备,shkc,C,2026-01-14,[],0,0,buy,AA+,,62.02,115.18,5.6,buy,2031-12-25,5.433,16.708,12975.59,87746.56,5.11,-5.97,,0,14:59:59,00,Y,N,0,0,Y,,2026-07-01 开始转股,计算使用5.5年期 评级为AA+ 债参考YTM：1.9053,N,16.71,全价：155.165 最后更新：14:59:59,,,,0,{'M': ''},0,0,N,,,buy,buy
2026-07-21 10:01:10,113656,嘉诚转债,jczz,121.901,-0.12,603535,嘉诚国际,jcgj,5.92,-0.84,1.17,10.35,57.2,0,113.12,235.02,420805,交通运输,shmb,C,2022-10-12,[],0,0,buy,A+,,7.245,13.455,26.4,buy,2028-09-01,2.118,7.998,4545.79,3588.1,4.67,-1.36,,0,14:59:43,00,Y,N,0,0,Y,,2023-03-07 开始转股,计算使用2.2年期 评级为A+ 债参考YTM：4.3952,N,8.0,全价：121.901 最后更新：14:59:43,,,,0,[],0,0,N,,,buy,buy
2026-07-21 10:01:10,118067,上26转债,s26zz,136.633,1.4,688533,上声电子,ssdz,20.6,1.88,1.87,32.25,63.88,65,113.9,250.53,280206,汽车,shkc,C,2026-04-14,[],0,0,buy,A+,,22.575,41.925,9.6,buy,2032-03-17,5.66,3.25,3092.85,2552.87,7.0,-2.61,,0,14:59:54,00,Y,N,0,0,Y,,未到转股期；2026-09-24 开始转股,计算使用5.7年期 评级为A+ 债参考YTM：5.5165,N,3.25,全价：136.633 最后更新：14:59:54,,,,0,{'M': ''},0,0,N,,,buy,buy
2026-07-21 10:01:10,123144,裕兴转债,yxzz,122.547,0.2,300305,裕兴股份,yxgf,4.8,-0.83,0.9,8.5,56.47,0,117.01,239.56,220505,基础化工,szcy,C,2022-04-27,[],0,0,buy,A,,5.95,11.05,38.9,buy,2028-04-11,1.726,5.997,3243.63,5831.44,4.42,-2.68,,0,15:34:30,00,Y,N,1,1,Y,转股价下修1次，成功下修1次,2022-10-17 开始转股,计算使用1.8年期 评级为A 债参考YTM：6.6726,N,6.0,全价：122.547 最后更新：15:34:30,,,,1,[],0,0,N,,,buy,buy
2026-07-21 10:01:10,127085,韵达转债,ydzz,125.845,0.08,002120,韵达股份,ydgf,6.68,0.75,0.9,11.53,57.94,0,117.21,243.06,420804,交通运输,szmb,C,2023-05-23,[],0,0,buy,AA+,,8.071,14.989,13.0,buy,2029-04-11,2.726,24.499,3881.1,28283.91,1.26,-4.48,,0,15:34:39,00,Y,N,0,0,Y,,2023-10-17 开始转股,计算使用2.8年期 评级为AA+ 债参考YTM：1.6647,N,24.5,全价：125.845 最后更新：15:34:39,,,,0,{'M': ''},0,0,N,,,buy,buy
2026-07-21 10:01:10,111004,明新转债,mxzz,125.09,0.06,605068,明新旭腾,mxxt,13.97,0.22,1.34,24.37,57.33,0,118.21,243.3,280202,汽车,shmb,C,2022-04-25,[],0,0,buy,AA-,,17.059,31.681,29.6,buy,2028-03-30,1.693,6.715,2639.56,5085.74,3.14,-3.68,,0,14:58:50,00,Y,N,0,0,Y,,2022-10-10 开始转股,计算使用1.7年期 评级为AA- 债参考YTM：1.9674,N,6.73,全价：125.090 最后更新：14:58:50,,,,1,[],0,0,N,,,buy,buy
2026-07-21 10:01:10,123260,卓镁转债,zmzz,141.5,0.78,301398,星源卓镁,xyzm,33.78,-0.65,3.39,52.15,64.78,0,118.45,259.95,280202,汽车,szcy,C,2025-11-24,[],0,0,buy,A+,,36.505,67.795,12.2,buy,2031-11-07,5.301,4.499,4319.95,6319.45,6.86,-3.28,,0,15:34:00,00,Y,N,0,0,Y,,2026-05-13 开始转股,计算使用5.4年期 评级为A+ 债参考YTM：5.1726,N,4.5,全价：141.500 最后更新：15:34:00,,,,0,{'M': ''},0,0,N,,,buy,buy
2026-07-21 10:01:10,113666,爱玛转债,amzz,124.804,0.55,603529,爱玛科技,amkj,21.07,-1.54,1.78,37.06,56.85,0,119.52,244.32,280401,汽车,shmb,C,2023-03-20,[],0,0,buy,AA,,25.942,48.178,11.2,buy,2029-02-23,2.597,19.994,7813.6,21175.52,3.14,-3.72,,0,14:59:48,00,Y,N,0,0,Y,,2023-09-01 开始转股,计算使用2.6年期 评级为AA 债参考YTM：1.7240,N,20.0,全价：124.804 最后更新：14:59:48,,,,0,{'M': ''},0,0,N,,,buy,buy
2026-07-21 10:01:10,113703,翔26转债,x26zz,139.334,2.49,603112,华翔股份,hxgf,13.7,2.39,1.64,21.94,62.44,146,123.14,262.47,330601,家用电器,shmb,C,2026-07-07,[],0,0,buy,AA-,,15.358,28.522,17.8,buy,2032-06-07,5.885,13.01,13812.38,13265.49,7.65,-3.14,,0,14:59:59,00,Y,N,0,0,Y,,未到转股期；2026-12-14 开始转股,计算使用5.9年期 评级为AA- 债参考YTM：3.3507,N,13.01,全价：139.334 最后更新：14:59:59,,,,0,[],0,0,N,,,buy,buy
2026-07-21 10:01:10,123113,仙乐转债,xlzz,117.488,0.89,300791,仙乐健康,xljk,16.6,-1.78,1.73,31.66,52.43,0,124.08,241.57,340407,食品饮料,szcy,C,2021-05-14,[],0,0,buy,AA-,,22.162,41.158,24.0,buy,2027-04-19,0.745,10.248,3662.21,3463.76,3.05,-5.13,,0,15:34:24,00,Y,N,0,0,Y,,2021-10-25 开始转股,计算使用0.8年期 评级为AA- 债参考YTM：1.8180,N,10.249,全价：117.488 最后更新：15:34:24,,,,1,[],0,0,N,,,buy,buy
2026-07-21 10:01:10,123274,维科转债,wkzz,144.948,3.53,301499,维科精密,wkjm,23.04,1.68,2.44,35.62,64.68,167,124.09,269.04,280206,汽车,szcy,C,2026-07-10,[],0,0,buy,A+,,24.934,46.306,19.8,buy,2032-06-25,5.934,6.3,27793.88,9517.17,30.77,-3.47,,0,15:34:12,00,Y,N,0,0,Y,,未到转股期；2027-01-04 开始转股,计算使用6.0年期 评级为A+ 债参考YTM：5.7577,N,6.3,全价：144.948 最后更新：15:34:12,,,,0,{'M': ''},0,0,N,,,buy,buy
2026-07-21 10:01:10,123229,艾录转债,alzz,129.192,0.07,301062,上海艾录,shal,5.73,-0.87,1.82,9.95,57.59,0,124.34,253.53,360205,轻工制造,szcy,C,2023-11-20,[],0,0,buy,A,,6.965,12.935,11.3,buy,2029-10-23,3.26,1.779,1729.57,7272.5,7.55,-2.22,,0,15:34:00,00,Y,N,0,0,Y,,2024-04-29 开始转股,计算使用3.3年期 评级为A 债参考YTM：7.0136,N,5.0,全价：129.192 最后更新：15:34:00,,,,0,{'M': ''},0,0,N,,,buy,buy
2026-07-21 10:01:10,113671,武进转债,wjzz,126.603,-0.09,603878,武进不锈,wjbx,4.44,-2.63,0.96,7.88,56.35,0,124.69,251.29,230403,钢铁,shmb,C,2023-08-03,[],0,0,buy,AA,,5.516,10.244,12.4,buy,2029-07-10,2.973,3.093,3474.97,8670.69,8.92,-3.72,,0,14:59:51,00,Y,N,0,0,Y,,2024-01-15 开始转股,计算使用3.0年期 评级为AA 债参考YTM：1.7432,N,3.1,全价：126.603 最后更新：14:59:51,,,,0,[],0,0,N,,,buy,buy
2026-07-21 10:01:10,123109,昌红转债,chzz,127.7,0.87,300151,昌红科技,chkj,15.13,14.02,4.87,26.64,56.79,0,124.85,252.55,640209,机械设备,szcy,C,2021-04-19,[],0,0,buy,AA-,,18.648,34.632,8.2,buy,2027-04-01,0.696,4.595,12333.62,49187.35,20.93,-14.35,,0,15:34:21,00,Y,N,0,0,Y,,2021-10-08 开始转股,计算使用0.7年期 评级为AA- 债参考YTM：1.8152,N,4.6,全价：127.700 最后更新：15:34:21,,,,1,{'M': ''},0,0,N,,,buy,buy
2026-07-21 10:01:10,123271,通合转债,thzz,162.31,5.29,300491,通合科技,thkj,23.69,8.92,3.49,33.18,71.4,140,127.33,289.64,630306,电力设备,szcy,C,2026-06-17,[],0,0,buy,AA,,23.226,43.134,14.0,buy,2032-06-01,5.869,5.219,17350.01,36496.24,21.12,-5.25,,0,15:34:09,00,Y,N,0,0,Y,,未到转股期；2026-12-08 开始转股,计算使用5.9年期 评级为AA 债参考YTM：2.1870,N,5.22,全价：162.310 最后更新：15:34:09,,,,0,[],0,0,N,,,buy,buy
2026-07-21 10:01:10,123168,惠云转债,hyzz,126.812,0.48,300891,惠云钛业,hyty,5.96,0.0,1.87,10.74,55.49,0,128.52,255.33,220206,基础化工,szcy,C,2022-12-14,[],0,0,buy,AA-,,7.518,13.962,24.6,buy,2028-11-23,2.345,4.899,1919.35,4518.18,3.1,-2.83,,0,15:34:33,00,Y,N,0,0,Y,,2023-05-29 开始转股,计算使用2.4年期 评级为AA- 债参考YTM：2.1006,N,4.9,全价：126.812 最后更新：15:34:33,,,,0,{'M': ''},0,0,N,,,buy,buy
2026-07-21 10:01:10,118068,迪威转债,dwzz,136.286,1.94,688377,迪威尔,dwe,19.2,1.69,2.35,32.49,59.1,142,130.62,266.91,640203,机械设备,shkc,C,2026-06-30,[],0,0,buy,AA-,,22.743,42.237,20.2,buy,2032-06-03,5.874,9.08,11280.8,7555.07,9.22,-3.07,,0,14:59:54,00,Y,N,0,0,Y,,未到转股期；2026-12-10 开始转股,计算使用5.9年期 评级为AA- 债参考YTM：3.3507,N,9.08,全价：136.286 最后更新：14:59:54,,,,0,{'M': ''},0,0,N,,,buy,buy
2026-07-21 10:01:10,123138,丝路转债,slzz,127.255,0.0,300556,丝路视觉,slsj,14.59,-0.41,4.17,26.53,54.99,0,131.4,258.66,710401,计算机,szcy,C,2022-03-22,[],0,0,buy,A-,,18.571,34.489,15.1,buy,2028-03-02,1.616,2.393,1873.25,11079.88,6.17,-4.88,,0,15:34:36,00,Y,N,0,0,Y,,2022-09-08 开始转股,计算使用1.7年期 评级为A- 债参考YTM：9.0049,N,2.4,全价：127.255 最后更新：15:34:36,,,,1,[],0,0,N,,,buy,buy
2026-07-21 10:01:10,113679,芯能转债,xnzz,126.527,0.03,603105,芯能科技,xnkj,6.85,-2.28,1.5,12.55,54.58,0,131.81,258.34,410106,公用事业,shmb,C,2023-11-24,[],0,0,buy,AA-,,8.785,16.315,25.7,buy,2029-10-26,3.269,8.799,2665.31,9747.25,2.4,-1.77,,0,14:59:43,00,Y,N,0,0,Y,,2024-05-06 开始转股,计算使用3.3年期 评级为AA- 债参考YTM：2.3106,N,8.8,全价：126.527 最后更新：14:59:43,,,,0,{'M': ''},0,0,N,,,buy,buy
2026-07-21 10:01:10,127060,湘佳转债,xjzz,125.56,0.16,002982,湘佳股份,xjgf,11.39,-3.88,1.33,21.03,54.16,0,131.83,257.39,110703,农林牧渔,szmb,C,2022-06-10,[],0,0,buy,A+,,14.721,27.339,43.2,buy,2028-04-19,1.748,6.399,4140.38,7000.44,5.16,-6.57,,0,15:34:30,00,Y,N,1,0,Y,转股价下修1次，成功下修0次,2022-10-25 开始转股,计算使用1.8年期 评级为A+ 债参考YTM：4.3226,Y,6.4,全价：125.560 最后更新：15:34:30,,,"按下调到底估算
股东大会：2026-07-23
预估转股价：11.66
预估转股价值：97.68
期权价值：18.67
理论价值：122.38
理论偏离度：2.53%",0,[],0,0,N,,,buy,buy
2026-07-21 10:01:10,118069,爱科转债,akzz,165.987,3.33,688092,爱科科技,akkj,20.23,-3.53,2.51,28.53,70.91,149,134.09,300.08,640209,机械设备,shkc,C,2026-07-09,[],0,0,buy,AA-,,19.971,37.089,16.0,buy,2032-06-10,5.893,2.67,41969.97,2788.1,95.96,-5.76,,0,15:00:00,00,Y,N,0,0,Y,,未到转股期；2026-12-17 开始转股,计算使用5.9年期 评级为AA- 债参考YTM：3.3507,N,2.67,全价：165.987 最后更新：15:00:00,,,,0,{'M': ''},0,0,N,,,buy,buy
2026-07-21 10:01:10,123193,海能转债,hnzz,125.271,0.18,300787,海能实业,hnsy,7.71,-0.52,1.42,14.5,53.17,0,135.59,260.86,270504,电子,szcy,C,2023-05-09,[],0,0,buy,AA-,,10.15,18.85,39.6,buy,2029-04-13,2.732,5.997,2614.8,4911.32,3.49,-2.05,,0,15:34:00,00,Y,N,0,0,Y,,2023-10-19 开始转股,计算使用2.8年期 评级为AA- 债参考YTM：2.2035,N,6.0,全价：125.271 最后更新：15:34:00,,,,0,[],0,0,N,,,buy,buy
2026-07-21 10:01:10,113700,海天转债,htzz,131.086,0.62,603759,海天股份,htgf,6.85,-0.29,1.08,12.41,55.2,21,137.49,268.58,760102,环保,shmb,C,2026-03-12,[],0,0,buy,AA,,8.687,16.133,25.3,buy,2032-02-04,5.545,8.01,2151.55,3943.38,2.05,-2.59,,0,14:58:52,00,Y,N,0,0,Y,,未到转股期；2026-08-11 开始转股,计算使用5.6年期 评级为AA 债参考YTM：2.1201,N,8.01,全价：131.086 最后更新：14:58:52,,,,0,[],0,0,N,,,buy,buy
2026-07-21 10:01:10,123196,正元转02,zyz02,124.298,0.0,300645,正元智慧,zyzh,11.45,0.44,1.47,21.91,52.26,0,137.85,262.15,710103,计算机,szcy,C,2023-05-19,[],0,0,buy,A+,,15.337,28.483,21.9,buy,2029-04-18,2.745,3.501,2805.51,7799.19,6.47,-1.81,,0,15:34:45,00,Y,N,2,1,Y,转股价下修2次，成功下修1次,2023-10-24 开始转股,计算使用2.8年期 评级为A+ 债参考YTM：4.5512,N,3.507,全价：124.298 最后更新：15:34:45,,,,0,[],0,0,N,,,buy,buy
2026-07-21 10:01:10,123265,耐普转02,npz02,133.047,1.47,300818,耐普矿机,npkj,16.49,1.6,1.91,29.5,55.9,1,138.02,271.07,640103,机械设备,szcy,C,2026-01-30,[],0,0,buy,A+,,20.65,38.35,19.2,buy,2032-01-16,5.493,4.5,2466.62,8318.12,4.16,-2.06,,0,15:34:24,00,Y,N,0,0,Y,,未到转股期；2026-07-22 开始转股,计算使用5.5年期 评级为A+ 债参考YTM：5.2867,N,4.5,全价：133.047 最后更新：15:34:24,,,,0,[],0,0,N,,,buy,buy
2026-07-21 10:01:10,123264,双乐转债,slzz,124.981,0.09,301036,双乐股份,slgf,18.87,-2.18,1.11,36.4,51.84,0,141.09,266.07,220305,基础化工,szcy,C,2026-01-16,[],0,0,buy,AA-,,25.48,47.32,60.8,buy,2031-12-26,5.436,8.0,2772.01,3712.81,2.77,-1.75,,0,15:34:03,00,Y,N,0,0,Y,,2026-07-06 开始转股,计算使用5.5年期 评级为AA- 债参考YTM：2.9380,N,8.0,全价：124.981 最后更新：15:34:03,,,,0,{'M': ''},0,0,N,,,buy,buy
2026-07-21 10:01:10,113638,台21转债,t21zz,126.394,0.0,603055,台华新材,thxc,8.39,-3.01,1.37,16.01,52.41,0,141.19,267.58,350106,纺织服饰,shmb,C,2022-01-21,[],0,0,buy,AA,,11.207,20.813,8.1,buy,2027-12-29,1.441,5.997,2512.34,5823.28,3.31,-7.11,,0,14:58:40,00,Y,N,0,0,Y,,2022-07-05 开始转股,计算使用1.5年期 评级为AA 债参考YTM：1.6382,N,6.0,全价：126.394 最后更新：14:58:40,,,,0,{'M': ''},0,0,N,,,buy,buy
2026-07-21 10:01:10,123262,神宇转债,syzz,134.898,1.28,300563,神宇股份,sygf,21.53,2.18,3.3,38.62,55.75,0,141.98,276.88,730205,通信,szcy,C,2025-12-30,[],0,0,buy,AA-,,27.034,50.206,17.8,buy,2031-12-11,5.395,4.999,3906.88,10602.74,5.82,-3.16,,0,15:34:00,00,Y,N,0,0,Y,,2026-06-17 开始转股,计算使用5.4年期 评级为AA- 债参考YTM：2.8240,N,5.0,全价：134.898 最后更新：15:34:00,,,,0,{'M': ''},0,0,N,,,buy,buy
2026-07-21 10:01:10,113625,江山转债,jszz,115.871,-0.09,603208,江山欧派,jsop,9.5,-4.33,1.6,19.84,47.88,0,141.99,257.86,360308,轻工制造,shmb,C,2021-07-01,[],0,0,buy,A,,13.888,25.792,34.9,buy,2027-06-11,0.89,5.825,2252.88,3150.56,3.34,2.07,,0,14:57:56,00,Y,N,1,1,Y,转股价下修1次，成功下修1次,2021-12-20 开始转股,计算使用0.9年期 评级为A 债参考YTM：6.5317,N,5.83,全价：115.871 最后更新：14:57:56,,,,1,[],0,0,N,,,buy,buy
2026-07-21 10:01:10,113701,祥和转债,xhzz,148.613,4.5,603500,祥和实业,xhsy,8.15,5.03,2.46,13.37,60.96,50,143.8,292.41,640501,机械设备,shmb,C,2026-03-26,[],0,0,buy,A+,,9.359,17.381,14.8,buy,2032-03-02,5.619,4.0,18933.48,10008.34,32.52,-3.95,,0,14:59:57,00,Y,N,0,0,Y,,未到转股期；2026-09-09 开始转股,计算使用5.7年期 评级为A+ 债参考YTM：5.5165,N,4.0,全价：148.613 最后更新：14:59:57,,,,0,[],0,0,N,,,buy,buy
2026-07-21 10:01:10,123090,三诺转债,snzz,113.91,0.16,300298,三诺生物,snsw,15.92,0.06,2.86,34.52,46.12,0,147.0,260.91,370502,医药生物,szcy,C,2021-01-12,[],0,0,buy,AA,,24.164,44.876,7.0,buy,2026-12-21,0.419,4.984,2344.31,18372.81,4.14,-4.0,,0,15:34:21,00,Y,N,0,0,Y,,2021-06-25 开始转股,计算使用0.5年期 评级为AA 债参考YTM：1.5750,N,5.0,全价：113.910 最后更新：15:34:21,,,,0,{'M': ''},0,0,N,,,buy,buy
2026-07-21 10:01:10,111025,N圣泉转,sqzz,142.472,42.47,605589,圣泉集团,sqjt,40.68,8.02,3.16,70.8,57.46,164,147.96,290.43,220504,基础化工,shmb,C,2026-07-21,[],0,0,buy,AA+,,49.56,92.04,7.3,buy,2032-06-24,5.932,25.0,65979.93,211508.12,18.25,-4.09,,0,15:00:00,00,Y,N,0,0,Y,,未到转股期；2027-01-01 开始转股,计算使用6.0年期 评级为AA+ 债参考YTM：1.9677,N,25.0,全价：142.472 最后更新：15:00:00,,,,0,{'M': ''},1,0,N,,,buy,buy
2026-07-21 10:01:10,118072,鼎通转债,dtzz,148.261,8.73,688668,鼎通科技,dtkj,250.86,14.2,16.98,423.54,59.23,162,150.32,298.58,730204,通信,shkc,C,2026-07-17,[],0,0,buy,A+,,296.478,550.602,2.7,buy,2032-06-23,5.929,9.3,165485.32,149006.13,124.62,-3.84,,0,15:00:00,00,Y,N,0,0,Y,,未到转股期；2026-12-30 开始转股,计算使用6.0年期 评级为A+ 债参考YTM：5.7577,N,9.3,全价：148.261 最后更新：15:00:00,,,,0,{'M': ''},0,0,N,,,buy,buy
2026-07-21 10:01:10,118015,XD芯海转,xhzz,128.58,1.58,688595,芯海科技,xhkj,28.14,6.63,5.69,55.22,50.96,0,152.32,280.9,270104,电子,shkc,C,2022-08-18,[],0,0,buy,A+,,38.654,71.786,10.1,buy,2028-07-21,2.0,4.1,4585.09,17533.36,8.74,-4.49,,0,14:59:51,00,Y,N,0,0,Y,,2023-01-30 开始转股,计算使用2.0年期 评级为A+ 债参考YTM：4.3567,N,4.1,全价：128.580 最后更新：14:59:51,,,,1,{'M': ''},0,0,N,,,buy,buy
2026-07-21 10:01:10,123117,健帆转债,jfzz,116.984,0.42,300529,健帆生物,jfsw,17.63,-1.56,3.81,38.15,46.21,0,153.14,270.12,370503,医药生物,szcy,C,2021-07-12,[],0,0,buy,AA,,26.705,49.595,11.1,buy,2027-06-23,0.923,9.998,3686.39,23494.88,3.16,-6.49,,0,15:34:24,00,Y,N,2,2,Y,转股价下修2次，成功下修2次,2021-12-29 开始转股,计算使用1.0年期 评级为AA 债参考YTM：1.5940,N,10.0,全价：116.984 最后更新：15:34:24,,,,1,{'M': ''},0,0,N,,,buy,buy
2026-07-21 10:01:10,127062,垒知转债,lzzz,124.999,0.37,002398,垒知集团,lzjt,3.71,-0.27,0.69,7.56,49.07,0,154.71,279.71,610303,建筑材料,szmb,C,2022-05-20,[],0,0,buy,AA-,,5.292,9.828,17.8,buy,2028-04-21,1.753,3.957,2506.03,5446.87,5.08,-3.74,,0,15:34:27,00,Y,N,0,0,Y,,2022-10-27 开始转股,计算使用1.8年期 评级为AA- 债参考YTM：1.9839,N,3.963,全价：124.999 最后更新：15:34:27,,,,0,[],0,0,N,,,buy,buy
2026-07-21 10:01:10,113693,志邦转债,zbzz,122.949,0.88,603801,志邦家居,zbjj,5.35,-3.25,0.73,11.13,48.07,0,155.78,278.73,360308,轻工制造,shmb,C,2025-04-08,[],0,0,buy,AA,,7.791,14.469,28.8,buy,2031-03-18,4.66,6.7,3745.1,4638.27,4.57,-1.58,,0,14:59:11,00,Y,N,0,0,Y,,2025-09-24 开始转股,计算使用4.7年期 评级为AA 债参考YTM：1.9751,N,6.7,全价：122.949 最后更新：14:59:11,,,,0,[],0,0,N,,,buy,buy
2026-07-21 10:01:10,111009,盛泰转债,stzz,124.73,-1.44,605138,盛泰集团,stjt,5.1,-2.11,1.1,10.51,48.53,0,157.04,281.77,350209,纺织服饰,shmb,C,2022-12-01,[],0,0,buy,AA,,7.357,13.663,24.7,buy,2028-11-07,2.301,7.011,3273.78,4356.85,3.75,-4.17,,0,14:59:25,00,Y,N,0,0,Y,,2023-05-11 开始转股,计算使用2.4年期 评级为AA 债参考YTM：1.7145,N,7.012,全价：124.730 最后更新：14:59:25,,,,0,[],0,0,N,,,buy,buy
2026-07-21 10:01:10,123175,百畅转债,bczz,111.998,0.37,300614,百川畅银,bccy,8.77,-1.9,1.59,20.4,42.99,0,160.52,272.52,760103,环保,szcy,C,2023-03-17,[],0,0,buy,BBB+,,14.28,26.52,29.8,buy,2029-02-22,2.595,4.199,1885.38,5580.64,4.03,1.5,,0,15:34:48,00,Y,N,2,2,Y,转股价下修2次，成功下修2次,2023-08-28 开始转股,计算使用2.6年期 评级为BBB+ 债参考YTM：12.3571,N,4.2,全价：111.998 最后更新：15:34:48,,,,0,{'M': ''},0,0,N,,,buy,buy
2026-07-21 10:01:10,111014,李子转债,lzzz,124.519,-0.22,605337,李子园,lzy,8.64,-2.48,1.98,18.14,47.63,0,161.43,285.95,340701,食品饮料,shmb,C,2023-07-13,[],0,0,buy,AA,,12.698,23.582,17.8,buy,2029-06-20,2.918,5.999,1800.7,4008.21,2.42,-2.64,,0,14:59:08,00,Y,N,0,0,Y,,2023-12-28 开始转股,计算使用3.0年期 评级为AA 债参考YTM：1.7432,N,6.0,全价：124.519 最后更新：14:59:08,,,,0,[],0,0,N,,,buy,buy
2026-07-21 10:01:10,118066,统联转债,tlzz,127.899,1.64,688210,统联精密,tljm,27.34,2.4,3.4,56.2,48.65,47,162.91,290.81,270504,电子,shkc,C,2026-03-20,[],0,0,buy,AA-,,39.34,73.06,13.0,buy,2032-03-02,5.619,5.76,3943.83,14102.79,5.4,-2.1,,0,14:59:44,00,Y,N,0,0,Y,,未到转股期；2026-09-06 开始转股,计算使用5.7年期 评级为AA- 债参考YTM：3.1671,N,5.76,全价：127.899 最后更新：14:59:44,,,,0,{'M': ''},0,0,N,,,buy,buy
2026-07-21 10:01:10,113049,长汽转债,cqzz,110.895,0.39,601633,长城汽车,ccqc,16.09,-1.65,1.55,38.83,41.44,0,167.62,278.52,280502,汽车,shmb,C,2021-07-08,[],0,0,buy,AAA,,27.181,50.479,3.5,buy,2027-06-10,0.888,34.95,12454.96,47969.95,3.21,-3.97,,0,14:59:56,00,Y,N,0,0,Y,,2021-12-17 开始转股,计算使用0.9年期 评级为AAA 债参考YTM：1.5154,N,35.0,全价：110.895 最后更新：14:59:56,,,,1,{'M': ''},0,0,N,,,buy,buy
2026-07-21 10:01:10,118042,奥维转债,awzz,126.398,0.37,688516,奥特维,atw,39.49,5.45,3.24,83.69,47.19,0,167.87,294.27,630505,电力设备,shkc,C,2023-09-01,[],0,0,buy,AA-,,58.583,108.797,9.2,buy,2029-08-10,3.058,11.399,5190.56,44675.93,3.62,-1.91,,0,14:58:54,00,Y,N,0,0,Y,,2024-02-19 开始转股,计算使用3.1年期 评级为AA- 债参考YTM：2.2752,N,11.4,全价：126.398 最后更新：14:58:54,,,,0,{'M': ''},0,0,N,,,buy,buy
2026-07-21 10:01:10,118022,锂科转债,lkzz,121.825,0.04,688779,五矿新能,wkxn,7.04,2.03,1.85,15.49,45.45,0,168.05,289.88,630702,电力设备,shkc,C,2022-11-07,[],0,0,buy,AA,,10.843,20.137,23.9,buy,2028-10-11,2.227,32.497,5438.51,23328.78,1.38,-3.27,,0,14:59:02,00,Y,N,0,0,Y,,2023-04-17 开始转股,计算使用2.3年期 评级为AA 债参考YTM：1.7089,N,32.5,全价：121.825 最后更新：14:59:02,,,,0,{'M': ''},0,0,N,,,buy,buy
2026-07-21 10:01:10,118020,芳源转债,fyzz,117.685,-1.32,688148,芳源股份,fygf,6.06,3.77,5.64,14.0,43.29,0,171.88,289.57,630702,电力设备,shkc,C,2022-11-07,[],0,0,buy,BBB,,9.8,18.2,20.8,buy,2028-09-23,2.178,6.417,4100.92,13870.3,5.38,3.3,,0,14:59:55,00,Y,N,1,1,Y,转股价下修1次，成功下修1次,2023-03-29 开始转股,计算使用2.2年期 评级为BBB 债参考YTM：15.3573,N,6.42,全价：117.685 最后更新：14:59:55,,,,0,{'M': ''},0,0,N,,,buy,buy
2026-07-21 10:01:10,127044,蒙娜转债,mnzz,120.8,0.01,002918,蒙娜丽莎,mnls,8.56,-1.27,1.07,19.76,43.32,0,178.86,299.66,360306,轻工制造,szmb,C,2021-09-16,[],0,0,buy,AA-,,13.832,25.688,18.4,buy,2027-08-16,1.071,3.368,2511.59,15219.39,6.18,-5.5,,0,15:34:15,00,Y,N,1,1,Y,转股价下修1次，成功下修1次,2022-02-21 开始转股,计算使用1.1年期 评级为AA- 债参考YTM：1.8697,N,11.689,全价：120.800 最后更新：15:34:15,,,,0,[],0,0,N,,,buy,buy
2026-07-21 10:01:10,123267,珂玛转债,kmzz,316.367,18.01,301611,珂玛科技,kmkj,107.17,16.05,25.53,97.47,109.95,93,187.73,504.1,270103,电子,szcy,C,2026-05-13,[],0,0,buy,AA,,68.229,126.711,4.8,buy,2032-04-15,5.74,7.5,192016.71,197186.76,87.39,-16.49,,0,15:34:00,00,Y,N,0,0,Y,,未到转股期；2026-10-22 开始转股,计算使用5.8年期 评级为AA 债参考YTM：2.1652,N,7.5,全价：316.367 最后更新：15:34:00,,,,0,{'M': ''},0,0,N,,,buy,buy
2026-07-21 10:01:10,123180,浙矿转债,zkzz,128.871,0.68,300837,浙矿股份,zkgf,20.1,-0.4,1.38,47.59,42.24,0,205.12,333.99,640203,机械设备,szcy,C,2023-03-28,[],0,0,buy,AA-,,33.313,61.867,21.0,buy,2029-03-09,2.636,3.197,1436.97,8413.1,3.5,-3.19,,0,15:33:57,00,Y,N,0,0,Y,,2023-09-15 开始转股,计算使用2.7年期 评级为AA- 债参考YTM：2.1776,N,3.2,全价：128.871 最后更新：15:33:57,,,,0,[],0,0,N,,,buy,buy
2026-07-21 10:01:10,123250,嘉益转债,jyzz,127.689,-0.01,301004,嘉益股份,jygf,33.26,-5.59,2.62,79.66,41.75,0,205.82,333.51,360311,轻工制造,szcy,C,2024-11-26,[],0,0,buy,A+,,55.762,103.558,8.7,buy,2030-11-07,4.301,3.955,1680.78,5511.72,3.34,-1.71,,0,15:34:15,00,Y,N,0,0,Y,,2025-05-13 开始转股,计算使用4.4年期 评级为A+ 债参考YTM：4.8164,N,3.979,全价：127.689 最后更新：15:34:15,,,,0,{'M': ''},0,0,N,,,buy,buy
2026-07-21 10:01:10,127098,欧晶转债,ojzz,122.8,0.72,001269,欧晶科技,ojkj,16.82,1.2,4.25,42.0,40.05,0,206.63,329.43,630504,电力设备,szmb,C,2023-12-15,[],0,0,buy,A+,,29.4,54.6,14.5,buy,2029-11-24,3.348,4.693,2121.69,7215.04,3.7,-1.69,,0,15:34:45,00,Y,N,1,1,Y,转股价下修1次，成功下修1次,2024-05-30 开始转股,计算使用3.4年期 评级为A+ 债参考YTM：4.6791,N,4.7,全价：122.800 最后更新：15:34:45,,,,0,[],0,0,N,,,buy,buy
2026-07-21 10:01:10,113650,博22转债,b22zz,124.514,0.14,603916,苏博特,sbt,9.35,0.32,0.91,23.03,40.6,0,206.69,331.2,220309,基础化工,shmb,C,2022-07-28,[],0,0,buy,AA-,,16.121,29.939,20.3,buy,2028-07-01,1.948,7.996,4254.31,15065.38,4.3,-3.18,,0,14:59:32,00,Y,N,0,0,Y,,2023-01-09 开始转股,计算使用2.0年期 评级为AA- 债参考YTM：2.0167,N,8.0,全价：124.514 最后更新：14:59:32,,,,1,{'M': ''},0,0,N,,,buy,buy
2026-07-21 10:01:10,123151,康医转债,kyzz,118.834,0.04,300869,康泰医学,ktyx,10.63,-1.57,2.48,27.55,38.58,0,207.98,326.81,370502,医药生物,szcy,C,2022-07-20,[],0,0,buy,A+,,19.285,35.815,25.0,buy,2028-07-01,1.948,6.998,3283.21,6070.82,3.96,-0.59,,0,15:34:33,00,Y,N,0,0,Y,,2023-01-09 开始转股,计算使用2.0年期 评级为A+ 债参考YTM：4.3567,N,7.0,全价：118.834 最后更新：15:34:33,,,,1,{'M': ''},0,0,N,,,buy,buy
2026-07-21 10:01:10,113660,寿22转债,s22zz,126.38,0.25,603896,寿仙谷,sxg,14.66,-3.43,1.27,36.84,39.79,0,217.59,343.97,370201,医药生物,shmb,C,2022-12-12,[],0,0,buy,AA-,,25.788,47.892,13.7,buy,2028-11-17,2.329,3.977,1471.83,4598.6,2.94,-3.87,,0,14:57:11,00,Y,N,0,0,Y,,2023-05-23 开始转股,计算使用2.4年期 评级为AA- 债参考YTM：2.1006,N,3.98,全价：126.380 最后更新：14:57:11,,,,0,[],0,0,N,,,buy,buy
2026-07-21 10:01:10,128135,洽洽转债,qqzz,114.529,0.03,002557,洽洽食品,qqsp,19.6,-1.51,1.79,54.95,35.67,0,221.09,335.62,340801,食品饮料,szmb,C,2020-11-18,[],0,0,buy,AA,,38.465,71.435,13.6,buy,2026-10-20,0.249,13.398,5858.59,17828.97,3.82,1.67,,0,15:34:45,00,Y,N,0,0,Y,,2021-04-26 开始转股,计算使用0.3年期 评级为AA 债参考YTM：1.5636,N,13.4,全价：114.529 最后更新：15:34:45,,,,1,{'M': ''},0,0,N,,,buy,buy
2026-07-21 10:01:10,113670,金23转债,j23zz,122.929,-0.11,603180,金牌家居,jpjj,13.75,-1.15,0.78,37.54,36.63,0,235.62,358.55,360308,轻工制造,shmb,C,2023-05-16,[],0,0,buy,AA,,26.278,48.802,36.3,buy,2029-04-17,2.743,7.7,3197.87,1447.78,3.38,-1.41,,0,14:59:50,00,Y,N,0,0,Y,,2023-10-23 开始转股,计算使用2.8年期 评级为AA 债参考YTM：1.7330,N,7.7,全价：122.929 最后更新：14:59:50,,,,0,[],0,0,N,,,buy,buy
2026-07-21 10:01:10,123273,三江转债,sjzz,236.676,5.52,301059,金三江,jsj,10.14,0.1,3.58,14.43,70.27,156,236.81,473.49,220309,基础化工,szcy,C,2026-07-03,[],0,0,buy,A+,,10.101,18.759,13.8,buy,2032-06-16,5.91,2.9,206390.21,6273.95,297.59,-11.13,,0,15:34:06,00,Y,N,0,0,Y,,未到转股期；2026-12-24 开始转股,计算使用6.0年期 评级为A+ 债参考YTM：5.7577,N,2.9,全价：236.676 最后更新：15:34:06,,,,0,{'M': ''},0,0,N,,,buy,buy
2026-07-21 10:01:10,113633,科沃转债,kwzz,120.887,-0.39,603486,科沃斯,kws,56.35,1.9,3.47,172.97,32.58,0,271.07,391.96,330302,家用电器,shmb,C,2021-12-29,[],0,0,buy,AA,,121.079,224.861,3.2,buy,2027-11-30,1.362,10.396,3053.45,60393.41,2.43,-5.65,,0,14:59:48,00,Y,N,0,0,Y,,2022-06-06 开始转股,计算使用1.4年期 评级为AA 债参考YTM：1.6286,N,10.4,全价：120.887 最后更新：14:59:48,,,,0,{'M': ''},0,0,N,,,buy,buy
2026-07-21 10:01:10,118005,天奈转债,tnzz,125.999,0.52,688116,天奈科技,tnkj,33.43,5.26,3.19,99.01,33.76,0,273.17,399.17,630702,电力设备,shkc,C,2022-03-01,[],0,0,buy,AA-,,69.307,128.713,6.8,buy,2028-01-27,1.521,8.299,2253.47,37515.45,2.16,-7.65,,0,14:59:10,00,Y,N,0,0,Y,,2022-08-09 开始转股,计算使用1.6年期 评级为AA- 债参考YTM：1.9509,N,8.3,全价：125.999 最后更新：14:59:10,,,,0,{'M': ''},0,0,N,,,buy,buy
2026-07-21 10:01:10,118032,建龙转债,jlzz,124.835,0.27,688357,建龙微纳,jlwn,23.8,2.37,1.28,71.41,33.33,0,274.56,399.4,220309,基础化工,shkc,C,2023-04-07,[],0,0,buy,AA-,,49.987,92.833,29.4,buy,2029-03-08,2.633,6.999,2021.64,2830.47,2.32,-1.99,,0,14:57:40,00,Y,N,0,0,Y,,2023-09-14 开始转股,计算使用2.7年期 评级为AA- 债参考YTM：2.1776,N,7.0,全价：124.835 最后更新：14:57:40,,,,0,{'M': ''},0,0,N,,,buy,buy
2026-07-21 10:01:10,110085,通22转债,t22zz,116.869,0.48,600438,通威股份,twgf,10.72,1.13,1.33,34.6,30.98,0,277.21,394.08,630501,电力设备,shmb,C,2022-03-18,[],0,0,buy,AAA,,24.22,44.98,24.8,buy,2028-02-24,1.597,119.831,10955.0,57539.23,0.78,-3.32,,0,14:59:28,00,Y,N,0,0,Y,,2022-09-02 开始转股,计算使用1.6年期 评级为AAA 债参考YTM：1.5572,N,120.0,全价：116.869 最后更新：14:59:28,,,,0,{'M': ''},0,0,N,,,buy,buy
2026-07-21 10:01:10,127025,冀东转债,jdzz,105.628,0.02,000401,金隅冀东,jyjd,3.56,-2.73,0.36,12.92,27.55,0,283.35,388.98,610101,建筑材料,szmb,C,2020-12-02,[],0,0,buy,AAA,,9.044,16.796,19.0,buy,2026-11-05,0.293,17.764,5938.72,4050.43,3.17,1.21,,0,15:34:09,00,Y,Y,0,0,Y,,2021-05-11 开始转股,计算使用0.3年期 评级为AAA 债参考YTM：1.5026,N,28.2,全价：105.628 最后更新：15:34:09,,,,0,{'M': ''},0,0,N,,,buy,buy
2026-07-21 10:01:10,123072,乐歌转债,lgzz,120.153,-0.06,300729,乐歌股份,lggf,9.74,-2.5,0.9,32.61,29.87,0,302.28,422.43,360311,轻工制造,szcy,C,2020-11-10,[],0,0,buy,A+,,22.827,42.393,4.4,buy,2026-10-21,0.252,1.418,1479.9,4399.05,8.68,-0.51,,0,15:34:21,00,Y,N,0,0,Y,,2021-04-27 开始转股,计算使用0.3年期 评级为A+ 债参考YTM：4.1146,N,1.42,全价：120.153 最后更新：15:34:21,,,,0,[],0,0,N,,,buy,buy
2026-07-21 10:01:10,128124,科华转债,khzz,105.878,0.03,002022,科华生物,khsw,4.91,-3.54,0.98,20.64,23.79,0,345.08,450.96,370504,医药生物,szmb,C,2020-08-20,[],0,0,buy,A,,14.448,26.832,8.9,buy,2026-07-28,0.019,2.242,3498.09,5051.23,14.74,7.03,,0,15:34:00,00,Y,N,0,0,Y,,2021-02-03 开始转股,计算使用0.1年期 评级为A 债参考YTM：6.4444,N,7.38,全价：105.878 最后更新：15:34:00,,,,0,{'R': '到期\n最后交易日：2026-07-22\n最后转股日：2026-07-27\n债券到期日：2026-07-28\n到期赎回价：106.000元/张'},0,0,N,,,buy,buy
2026-07-21 10:01:10,123154,火星转债,hxzz,124.863,0.53,300894,火星人,hxr,8.89,-0.67,3.43,33.03,26.92,0,363.92,488.78,330401,家用电器,szcy,C,2022-08-23,[],0,0,buy,A+,,23.121,42.939,20.2,buy,2028-08-05,2.044,5.289,4645.37,9056.92,7.05,-2.58,,0,15:34:33,00,Y,N,0,0,N,2026-07-20 至 2026-07-24 期间暂停转股：回售,2023-02-13 开始转股;2026-07-20 至 2026-07-24 期间暂停转股：回售,计算使用2.1年期 评级为A+ 债参考YTM：4.3745,N,5.29,全价：124.863 最后更新：15:34:33,,,,0,{'M': ''},0,0,Y,,,buy,buy
2026-07-21 10:01:10,123270,盛德转债,sdzz,278.0,-1.91,300881,盛德鑫泰,sdxt,31.32,1.13,2.78,53.68,58.35,139,376.47,654.47,230501,钢铁,szcy,C,2026-06-12,[],0,0,buy,A+,,37.576,69.784,22.5,buy,2032-05-31,5.866,4.05,149034.73,6931.84,130.46,-13.76,,0,15:34:03,00,Y,N,0,0,Y,,未到转股期；2026-12-07 开始转股,计算使用5.9年期 评级为A+ 债参考YTM：5.7006,N,4.05,全价：278.000 最后更新：15:34:03,,,,0,{'M': ''},0,0,N,,,buy,buy
2026-07-21 10:01:10,118010,洁特转债,jtzz,124.597,0.52,688026,洁特生物,jtsw,12.36,1.9,1.46,47.95,25.78,0,383.37,507.97,370503,医药生物,shkc,C,2022-08-02,[],0,0,buy,A+,,33.565,62.335,25.4,buy,2028-06-28,1.94,4.399,1268.87,5649.73,2.32,-5.48,,0,14:59:54,00,Y,N,0,0,Y,,2023-01-04 开始转股,计算使用2.0年期 评级为A+ 债参考YTM：4.3567,N,4.4,全价：124.597 最后更新：14:59:54,,,,1,{'M': ''},0,0,N,,,buy,buy
2026-07-21 10:01:10,123179,立高转债,lgzz,122.95,0.05,300973,立高食品,lgsp,23.72,-1.37,1.47,94.64,25.06,0,390.56,513.51,340802,食品饮料,szcy,C,2023-03-27,[],0,0,buy,AA-,,66.248,123.032,33.8,buy,2029-03-07,2.63,9.499,1754.38,8417.26,1.5,-1.32,,0,15:34:39,00,Y,N,0,0,Y,,2023-09-13 开始转股,计算使用2.7年期 评级为AA- 债参考YTM：2.1776,N,9.5,全价：122.950 最后更新：15:34:39,,,,0,{'M': ''},0,0,N,,,buy,buy
2026-07-21 10:01:10,113059,福莱转债,flzz,120.015,0.66,601865,福莱特,flt,9.33,1.08,0.97,41.56,22.45,0,434.6,554.62,630504,电力设备,shmb,C,2022-06-13,[],0,0,buy,AA,,29.092,54.028,22.6,buy,2028-05-20,1.833,39.999,7095.55,21372.95,1.48,-2.89,,0,14:59:51,00,Y,N,1,0,Y,转股价下修1次，成功下修0次,2022-11-28 开始转股,计算使用1.9年期 评级为AA 债参考YTM：1.6772,N,40.0,全价：120.015 最后更新：14:59:51,,,,0,{'M': ''},0,0,N,,,buy,buy
