抓取时间,bond_id,bond_nm,bond_py,price,increase_rt,stock_id,stock_nm,stock_py,sprice,sincrease_rt,pb,convert_price,convert_value,convert_begin,premium_rt,dblow,sw_cd,sw_name,market_cd,btype,list_dt,t_flag,owned,hold,bond_value,rating_cd,option_value,put_convert_price,force_redeem_price,convert_amt_ratio,fund_rt,maturity_dt,year_left,curr_iss_amt,volume,svolume,turnover_rt,ytm_rt,put_ytm_rt,noted,last_time,qstatus,sqflag,pb_flag,adj_cnt,adj_scnt,convert_price_valid,convert_price_tips,convert_cd_tip,ref_yield_info,adjusted,orig_iss_amt,price_tips,redeem_dt,real_force_redeem_price,option_tip,after_next_put_dt,icons,is_min_price,blocked,putting,force_redeem_price_tip,notes,volatility_rate,debt_rate
2026-09-28 15:46:14,123285,润禾转02,rhz02,100.0,0.0,300727,润禾材料,rhcl,32.93,-5.32,4.39,31.1,105.88,169,-5.56,94.44,220316,基础化工,szcy,C,2026-09-29,[],0,0,buy,A+,,21.77,40.43,6.9,buy,2032-09-09,5.953,3.7,0.0,14965.01,0.0,2.85,,0,,00,Y,N,0,0,Y,,未到转股期；2027-03-16 开始转股,计算使用6.0年期 评级为A+ 债参考YTM：5.0615,N,3.7,待上市,,,,0,[],0,0,N,,,buy,buy
2026-09-28 15:46:14,123258,胜蓝转02,slz2,213.77,-4.6,300843,胜蓝股份,slgf,116.9,-4.89,11.09,54.36,215.05,0,-0.59,213.18,270504,电子,szcy,C,2025-09-10,[],0,0,buy,AA-,,38.052,70.668,0.7,buy,2031-08-28,,1.286,68066.15,74938.3,245.56,,,0,15:34:33,00,Y,N,0,0,Y,,2026-03-03 开始转股,强赎登记日2026-09-29，赎回价格100.0500元，如不考虑强赎纯债价值为105.37元，计算使用5.0年期 评级为AA- 债参考YTM：2.2961,N,4.5,全价：213.770 最后更新：15:34:33,2026-09-29,100.0500,如不考虑强赎期权价值为161.89元,0,"{'R': '最后交易日 2026年9月29日\r\n最后转股日 2026年10月9日\r\n赎回价 100.05元/张', 'M': ''}",0,0,N,,,buy,buy
2026-09-28 15:46:14,110077,洪城转债,hczz,197.202,-0.55,600461,洪城环境,hchj,8.7,-0.68,1.15,4.41,197.28,0,-0.04,197.16,760102,环保,shmb,C,2020-12-17,[],0,0,buy,AA+,,3.087,5.733,4.3,buy,2026-11-20,0.145,4.952,3951.45,9948.29,4.06,-310.31,,0,14:59:58,00,Y,N,0,0,Y,,2021-05-26 开始转股,计算使用0.2年期 评级为AA+ 债参考YTM：1.5001,N,18.0,全价：197.202 最后更新：14:59:58,,,,1,"{'G': '本次（2026年7月12日至2026年7月31日）不提前赎回，至到期日止均不行使提前赎回权利', 'M': ''}",0,0,N,,,buy,buy
2026-09-28 15:46:14,113046,金田转债,jtzz,110.808,-4.62,601609,金田股份,jtgf,11.19,-5.65,1.87,10.18,109.92,0,0.81,111.62,240302,有色金属,shmb,C,2021-04-12,[],0,0,buy,AA+,,7.126,13.234,6.5,buy,2027-03-22,0.48,12.54,25825.07,52120.65,18.37,-1.52,,0,14:59:58,00,Y,N,0,0,Y,,2021-09-27 开始转股,已公告要强赎，如不考虑强赎纯债价值为109.22元，计算使用0.5年期 评级为AA+ 债参考YTM：1.5016,N,15.0,全价：110.808 最后更新：14:59:58,,,如不考虑强赎期权价值为20.31元,1,"{'O': '', 'M': ''}",0,0,N,,,buy,buy
2026-09-28 15:46:14,127117,奥士转债,aszz,100.0,0.0,002913,奥士康,ask,82.8,-4.61,5.97,83.96,98.62,183,1.4,101.4,270202,电子,szmb,C,,[],0,0,buy,AA,,58.772,109.148,4.0,buy,2032-09-22,5.989,10.0,0.0,103265.08,0.0,2.16,,0,,00,Y,N,0,0,Y,,未到转股期；2027-03-30 开始转股,计算使用6.0年期 评级为AA 债参考YTM：1.9715,N,10.0,待上市,,,,0,{'M': ''},0,0,N,,,buy,buy
2026-09-28 15:46:14,113042,上银转债,syzz,115.903,-0.07,601229,上海银行,shyh,9.51,0.0,0.51,8.35,113.89,0,1.77,117.67,480401,银行,shmb,C,2021-02-10,[],0,0,buy,AAA,,,10.855,14.1,buy,2027-01-25,0.326,192.16,24091.35,48117.86,1.08,-10.33,,0,14:59:53,00,Y,Y,0,0,Y,,2021-07-29 开始转股,计算使用0.4年期 评级为AAA 债参考YTM：1.4809,N,200.0,全价：115.903 最后更新：14:59:53,,,,0,{'M': ''},0,0,N,,,buy,buy
2026-09-28 15:46:14,127047,帝欧转债,dozz,131.3,0.15,002798,帝欧水华,dosh,6.57,-0.45,1.89,5.1,128.82,0,1.92,133.22,360306,轻工制造,szmb,C,2021-11-26,[],0,0,buy,BBB+,,3.57,6.63,13.7,buy,2027-10-25,1.074,4.654,6622.98,6099.46,10.86,-10.33,,0,15:34:03,00,Y,N,1,1,Y,转股价下修1次，成功下修1次,2022-04-29 开始转股,计算使用1.1年期 评级为BBB+ 债参考YTM：11.8631,N,15.0,全价：131.300 最后更新：15:34:03,,,,1,[],0,0,N,,,buy,buy
2026-09-28 15:46:14,123243,严牌转债,ypzz,249.38,4.53,301081,严牌股份,ypgf,17.59,5.96,3.6,7.22,243.63,0,2.36,251.74,760201,环保,szcy,C,2024-07-26,[],0,0,buy,A+,,5.054,9.386,6.5,buy,2030-07-10,3.784,2.558,220919.66,18606.4,340.18,-18.13,,0,15:34:27,00,Y,N,0,0,Y,,2025-01-16 开始转股,计算使用3.8年期 评级为A+ 债参考YTM：4.5696,N,4.679,全价：249.380 最后更新：15:34:27,,,,0,"{'G': '本次（2026年8月27日至2026年9月16日）不提前赎回，以2026年12月16日后的首个交易日重新计算', 'M': ''}",0,0,N,,,buy,buy
2026-09-28 15:46:14,118027,宏图转债,htzz,98.244,-1.8,688066,*ST航图,htht,8.29,-7.48,-1.6,8.68,95.51,0,2.87,101.11,710301,计算机,shkc,C,2022-12-22,[],0,0,buy,CC,,6.076,11.284,24.1,buy,2028-11-28,2.17,6.092,76169.0,12659.94,123.1,9.47,,0,15:00:00,00,Y,N,4,4,Y,转股价下修4次，成功下修4次,2023-06-02 开始转股,计算使用2.2年期 评级为CC 债参考YTM：58.2099,N,10.088,全价：98.244 最后更新：15:00:00,,,,0,[],0,0,N,,,buy,buy
2026-09-28 15:46:14,123287,满坤转债,mkzz,100.0,0.0,301132,满坤科技,mkkj,64.75,-7.99,5.32,66.97,96.69,193,3.43,103.43,270202,电子,szcy,C,,[],0,0,buy,AA-,,46.879,87.061,12.4,buy,2032-09-27,6.003,7.6,0.0,86147.92,0.0,2.19,,0,,00,Y,N,0,0,Y,,未到转股期；2027-04-09 开始转股,计算使用6.1年期 评级为AA- 债参考YTM：2.7393,N,7.6,待上市,,,,0,{'M': ''},0,0,N,,,buy,buy
2026-09-28 15:46:14,113056,重银转债,cyzz,124.47,0.18,601963,重庆银行,cqyh,11.02,-0.09,0.59,9.22,119.52,0,4.14,128.61,480401,银行,shmb,C,2022-04-14,[],0,0,buy,AAA,,,11.986,51.6,buy,2028-03-23,1.485,115.622,21265.92,12224.49,1.47,-6.69,,0,14:59:57,00,Y,N,0,0,Y,,2022-09-30 开始转股,计算使用1.5年期 评级为AAA 债参考YTM：1.5385,N,130.0,全价：124.470 最后更新：14:59:57,,,,0,{'M': ''},0,0,N,,,buy,buy
2026-09-28 15:46:14,113605,大参转债,dszz,110.572,0.0,603233,大参林,dsl,17.77,1.25,2.62,16.86,105.4,0,4.91,115.48,370403,医药生物,shmb,C,2020-11-13,[],0,0,buy,AA,,11.802,21.918,6.9,buy,2026-10-22,0.066,14.043,3640.3,9896.62,2.34,-8.21,,0,14:59:59,00,Y,N,1,1,Y,转股价下修1次，成功下修1次,2021-04-28 开始转股,计算使用0.1年期 评级为AA 债参考YTM：1.5100,N,14.05,全价：110.572 最后更新：14:59:59,,,,1,"{'R': '到期\n最后交易日：2026-10-16\n最后转股日：2026-10-21\n债券到期日：2026-10-22\n到期赎回价：110.000元/张', 'M': ''}",0,0,N,,,buy,buy
2026-09-28 15:46:14,111015,东亚转债,dyzz,133.954,-0.09,605177,东亚药业,dyyy,25.87,0.04,1.74,20.28,127.56,0,5.01,138.96,370101,医药生物,shmb,C,2023-08-02,[],0,0,buy,A+,,14.196,26.364,22.7,buy,2029-07-06,2.773,6.662,8920.16,18392.13,10.03,-4.39,,0,14:59:51,00,Y,N,1,1,Y,转股价下修1次，成功下修1次,2024-01-12 开始转股,计算使用2.8年期 评级为A+ 债参考YTM：4.4389,N,6.9,全价：133.954 最后更新：14:59:51,,,,0,[],0,0,N,,,buy,buy
2026-09-28 15:46:14,111000,起帆转债,qfzz,130.831,-0.76,605222,起帆电缆,qfdl,21.52,-2.8,1.81,17.29,124.47,0,5.11,135.94,630805,电力设备,shmb,C,2021-06-17,[],0,0,buy,AA-,,12.103,22.477,11.2,buy,2027-05-24,0.652,9.991,9815.38,9575.52,7.5,-18.56,,0,14:59:57,00,Y,N,1,1,Y,转股价下修1次，成功下修1次,2021-11-29 开始转股,计算使用0.7年期 评级为AA- 债参考YTM：1.6963,N,10.0,全价：130.831 最后更新：14:59:57,,,,1,{'G': '本次（2026年3月13日至2026年4月20日）不提前赎回，以2026年10月21日为首个交易日重新起算'},0,0,N,,,buy,buy
2026-09-28 15:46:14,113615,金诚转债,jczz,674.097,-1.15,603979,金诚信,jcx,71.11,-1.71,3.58,11.12,639.48,0,5.41,679.51,240302,有色金属,shmb,C,2021-01-14,[],0,0,buy,AA,,7.784,14.456,1.1,buy,2026-12-23,0.236,4.958,28255.82,22140.22,8.5,-358.03,,0,14:59:59,00,Y,N,0,0,Y,,2021-06-29 开始转股,计算使用0.3年期 评级为AA 债参考YTM：1.5102,N,10.0,全价：674.097 最后更新：14:59:59,,,,1,"{'G': '本次（2025年10月10日至2025年10月30日）不提前赎回，至2026年12月22日到期均不提前赎回', 'M': ''}",0,0,N,,,buy,buy
2026-09-28 15:46:14,128134,Z路转债,hlzz,110.053,-0.76,002541,鸿路钢构,hlgg,18.26,0.0,1.29,17.49,104.4,0,5.41,115.46,620401,建筑装饰,szmb,C,2020-11-02,[],0,0,buy,AA,,12.243,22.737,4.6,buy,2026-10-09,0.03,4.629,28432.93,27116.53,55.87,-1.76,,0,15:34:30,00,Y,N,2,2,Y,转股价下修2次，成功下修2次,2021-04-15 开始转股,计算使用0.1年期 评级为AA 债参考YTM：1.5100,N,18.8,全价：110.053 最后更新：15:34:30,,,,0,"{'R': '到期\n最后交易日：2026-09-28\n最后转股日：2026-10-08\n债券到期日：2026-10-09\n到期赎回价：110.000元/张', 'M': ''}",0,0,N,,,buy,buy
2026-09-28 15:46:14,123288,隆新转债,lxzz,100.0,0.0,301149,隆华新材,lhxc,8.56,-3.93,2.17,9.16,93.45,196,7.01,107.01,220309,基础化工,szcy,C,,[],0,0,buy,AA,,6.412,11.908,33.0,buy,2032-09-28,6.003,9.6,0.0,25417.07,0.0,2.15,,0,,00,Y,N,0,0,Y,,未到转股期；2027-04-12 开始转股,计算使用6.1年期 评级为AA 债参考YTM：1.9862,N,9.6,待上市,,,,0,{'M': ''},0,0,N,,,buy,buy
2026-09-28 15:46:14,113043,财通转债,ctzz,108.979,-1.43,601108,财通证券,ctzq,8.12,-2.87,0.96,7.98,101.75,0,7.1,116.08,490101,非银金融,shmb,C,2020-12-28,[],0,0,buy,AAA,,,10.374,10.1,buy,2026-12-10,0.2,37.992,17765.89,32186.94,4.28,-13.86,,0,14:59:56,00,Y,Y,1,1,Y,转股价下修1次，成功下修1次,2021-06-16 开始转股,计算使用0.2年期 评级为AAA 债参考YTM：1.4800,N,38.0,全价：108.979 最后更新：14:59:56,,,,0,{'M': ''},0,0,N,,,buy,buy
2026-09-28 15:46:14,113062,常银转债,cyzz,125.356,-0.75,601128,常熟银行,csyh,6.14,-0.49,0.67,5.25,116.95,0,7.19,132.55,480501,银行,shmb,C,2022-10-17,[],0,0,buy,AAA,,,6.825,26.8,buy,2028-09-15,1.967,59.994,14617.33,31458.58,1.94,-7.22,,0,14:59:53,00,Y,N,0,0,Y,,2023-03-21 开始转股,计算使用2.0年期 评级为AAA 债参考YTM：1.5704,N,60.0,全价：125.356 最后更新：14:59:53,,,,0,{'M': ''},0,0,N,,,buy,buy
2026-09-28 15:46:14,127061,美锦转债,mjzz,107.201,-1.2,000723,美锦能源,mjny,3.44,-2.27,1.22,3.47,99.14,0,8.14,115.34,740201,煤炭,szmb,C,2022-05-30,[],0,0,buy,A,,2.429,4.511,18.3,buy,2028-04-20,1.562,27.742,7867.69,16958.77,2.64,7.9,,0,15:33:57,00,Y,N,2,2,Y,转股价下修2次，成功下修2次,2022-10-26 开始转股,计算使用1.6年期 评级为A 债参考YTM：6.5469,N,35.9,全价：107.201 最后更新：15:33:57,,,,1,{'M': ''},0,0,N,,,buy,buy
2026-09-28 15:46:14,123207,冠中转债,gzzz,188.2,-5.44,300948,冠中生态,gzst,18.13,-7.64,2.97,10.44,173.66,0,8.37,196.57,620307,建筑装饰,szcy,C,2023-08-09,[],0,0,buy,A-,,7.308,13.572,5.2,buy,2029-07-21,2.814,1.455,16664.29,11706.37,59.49,-15.25,,0,15:34:30,00,Y,N,1,1,Y,转股价下修1次，成功下修1次,2024-01-29 开始转股,计算使用2.9年期 评级为A- 债参考YTM：9.1609,N,4.0,全价：188.200 最后更新：15:34:30,,,,0,{'M': ''},0,0,N,,,buy,buy
2026-09-28 15:46:14,123091,长海转债,chzz,127.5,-4.46,300196,长海股份,chgf,17.39,-7.7,1.47,14.79,117.58,0,8.44,135.94,610202,建筑材料,szcy,C,2021-01-15,[],0,0,buy,AA,,10.353,19.227,12.7,buy,2026-12-23,0.236,5.459,23914.63,29932.63,34.06,-55.57,,0,15:34:03,00,Y,N,0,0,Y,,2021-06-29 开始转股,计算使用0.3年期 评级为AA 债参考YTM：1.5102,N,5.5,全价：127.500 最后更新：15:34:03,,,,1,[],0,0,N,,,buy,buy
2026-09-28 15:46:14,123245,集智转债,jzzz,360.637,-5.72,300553,集智股份,jzgf,59.89,-8.86,7.86,18.06,331.62,0,8.75,369.39,640107,机械设备,szcy,C,2024-08-28,[],0,0,buy,A,,12.642,23.478,3.0,buy,2030-08-14,3.88,1.537,44517.78,34513.31,79.69,-25.01,,0,15:34:30,00,Y,N,0,0,Y,,2025-02-20 开始转股,计算使用3.9年期 评级为A 债参考YTM：6.9276,N,2.546,全价：360.637 最后更新：15:34:30,,,,0,[],0,0,N,,,buy,buy
2026-09-28 15:46:14,113681,镇洋转债,zyzz,134.884,-0.03,603213,镇洋发展,zyfz,13.58,-0.29,3.25,10.95,124.02,0,8.76,143.64,220202,基础化工,shmb,C,2024-01-17,[],0,0,buy,AA-,,7.665,14.235,9.1,buy,2029-12-29,3.255,5.476,3103.81,1802.03,4.21,-3.77,,0,14:59:20,00,Y,N,0,0,Y,,2024-07-05 开始转股,计算使用3.3年期 评级为AA- 债参考YTM：2.1780,N,6.6,全价：134.884 最后更新：14:59:20,,,,0,[],0,0,N,,,buy,buy
2026-09-28 15:46:14,113686,泰瑞转债,trzz,153.541,0.12,603289,泰瑞机器,trjq,11.17,2.76,2.25,8.0,139.63,0,9.97,163.51,640209,机械设备,shmb,C,2024-07-24,[],0,0,buy,AA-,,5.6,10.4,10.3,buy,2030-07-02,3.762,3.363,25317.52,12456.15,48.84,-6.56,,0,14:59:57,00,Y,N,0,0,Y,,2025-01-08 开始转股,计算使用3.8年期 评级为AA- 债参考YTM：2.2119,N,3.378,全价：153.541 最后更新：14:59:57,,,,0,[],0,0,N,,,buy,buy
2026-09-28 15:46:14,123286,国科转债,gkzz,100.0,0.0,301571,国科天成,gktc,67.27,-6.78,5.69,74.5,90.3,183,10.75,110.75,650501,国防军工,szcy,C,,[],0,0,buy,AA-,,52.15,96.85,10.6,buy,2032-09-22,5.989,8.49,0.0,35953.81,0.0,2.19,,0,,00,Y,N,0,0,Y,,未到转股期；2027-03-30 开始转股,计算使用6.0年期 评级为AA- 债参考YTM：2.7115,N,8.49,待上市,,,,0,{'M': ''},0,0,N,,,buy,buy
2026-09-28 15:46:14,113631,皖天转债,wtzz,129.051,0.16,603689,皖天然气,wtrq,7.57,-0.13,1.06,6.51,116.28,0,10.98,140.03,410301,公用事业,shmb,C,2021-12-10,[],0,0,buy,AA+,,4.557,8.463,15.0,buy,2027-11-08,1.112,5.958,3267.49,1608.46,4.25,-12.26,,0,14:59:20,00,Y,N,0,0,Y,,2022-05-12 开始转股,计算使用1.2年期 评级为AA+ 债参考YTM：1.5409,N,9.3,全价：129.051 最后更新：14:59:20,,,,1,[],0,0,N,,,buy,buy
2026-09-28 15:46:14,118058,微导转债,wdzz,355.398,-2.57,688147,微导纳米,wdnm,105.96,-4.54,15.91,33.29,318.29,0,11.66,367.06,630505,电力设备,shkc,C,2025-08-27,[],0,0,buy,AA,,23.303,43.277,2.4,buy,2031-08-06,4.858,11.698,61951.39,65566.34,14.7,-21.1,,0,15:00:00,00,Y,N,0,0,Y,,2026-02-12 开始转股,计算使用4.9年期 评级为AA 债参考YTM：1.8024,N,11.7,全价：355.398 最后更新：15:00:00,,,,0,{'M': ''},0,0,N,,,buy,buy
2026-09-28 15:46:14,127040,国泰转债,gtzz,114.012,0.45,002091,江苏国泰,jsgt,7.49,-0.27,0.76,7.35,101.91,0,11.88,125.89,450201,商贸零售,szmb,C,2021-08-10,[],0,0,buy,AA+,,5.145,9.555,33.2,buy,2027-07-07,0.773,39.862,8864.55,7069.61,1.95,-6.85,,0,15:34:45,00,Y,N,0,0,Y,,2022-01-13 开始转股,计算使用0.8年期 评级为AA+ 债参考YTM：1.5263,N,45.574,全价：114.012 最后更新：15:34:45,,,,1,{'M': ''},0,0,N,,,buy,buy
2026-09-28 15:46:14,127030,盛虹转债,shzz,112.72,-0.83,000301,东方盛虹,dfsh,13.23,-0.97,2.26,13.21,100.15,0,12.55,125.27,750301,石油石化,szmb,C,2021-04-21,[],0,0,buy,AA+,,9.247,17.173,5.7,buy,2027-03-22,0.48,49.974,7205.07,20166.63,1.28,-8.73,,0,15:33:57,00,Y,N,0,0,Y,,2021-09-27 开始转股,计算使用0.5年期 评级为AA+ 债参考YTM：1.5016,N,50.0,全价：112.720 最后更新：15:33:57,,,,1,{'M': ''},0,0,N,,,buy,buy
2026-09-28 15:46:14,113610,灵康转债,lkzz,120.872,0.2,603669,灵康药业,lkyy,5.9,0.0,6.56,5.5,107.27,0,12.68,133.55,370102,医药生物,shmb,C,2020-12-22,[],0,0,buy,A-,,3.85,7.15,6.0,buy,2026-12-01,0.175,2.528,1802.94,13981.02,5.9,-28.15,,0,14:59:30,00,Y,N,3,3,Y,转股价下修3次，成功下修3次,2021-06-07 开始转股,计算使用0.2年期 评级为A- 债参考YTM：8.6991,N,5.25,全价：120.872 最后更新：14:59:30,,,,1,[],0,0,N,,,buy,buy
2026-09-28 15:46:14,118077,莱特转债,ltzz,100.0,0.0,688150,莱特光电,ltgd,39.69,-7.68,7.38,44.82,88.55,196,12.93,112.93,270601,电子,shkc,C,,[],0,0,buy,AA,,31.374,58.266,3.3,buy,2032-09-28,6.003,5.25,0.0,33317.68,0.0,2.15,,0,,00,Y,N,0,0,Y,,未到转股期；2027-04-12 开始转股,计算使用6.1年期 评级为AA 债参考YTM：1.9862,N,5.25,待上市,,,,0,{'M': ''},0,0,N,,,buy,buy
2026-09-28 15:46:14,110081,闻泰转债,wtzz,100.769,-0.82,600745,*ST闻泰,wtkj,16.3,-4.34,0.85,18.36,88.78,0,13.5,114.27,270102,电子,shmb,C,2021-08-20,[],0,0,buy,BBB-,,12.852,23.868,33.2,buy,2027-07-28,0.83,71.5,7916.32,41757.42,1.1,8.67,,0,14:59:57,00,Y,N,3,3,Y,转股价下修3次，成功下修3次,2022-02-07 开始转股,计算使用0.9年期 评级为BB 债参考YTM：23.8699,N,86.0,全价：100.769 最后更新：14:59:57,,,,1,[],0,0,N,,,buy,buy
2026-09-28 15:46:14,113058,友发转债,yfzz,124.918,-0.48,601686,友发集团,yfjt,4.93,-1.79,1.03,4.48,110.05,0,13.52,138.44,230403,钢铁,shmb,C,2022-04-26,[],0,0,buy,AA,,3.136,5.824,25.5,buy,2028-03-30,1.504,18.638,6718.41,3011.34,2.88,-6.08,,0,14:59:23,00,Y,N,2,2,Y,转股价下修2次，成功下修2次,2022-10-10 开始转股,计算使用1.6年期 评级为AA 债参考YTM：1.5850,N,20.0,全价：124.918 最后更新：14:59:23,,,,1,[],0,0,N,,,buy,buy
2026-09-28 15:46:14,128138,侨银转债,qyzz,130.67,-0.14,002973,侨银股份,qygf,12.2,-1.21,1.94,10.6,115.09,0,13.53,144.2,760103,环保,szmb,C,2020-12-24,[],0,0,buy,A+,,7.42,13.78,10.8,buy,2026-11-17,0.137,4.199,3448.11,6646.08,6.29,-3.82,,0,15:34:18,00,Y,N,3,3,Y,转股价下修3次，成功下修3次,2021-05-24 开始转股,计算使用0.2年期 评级为A+ 债参考YTM：3.9991,N,4.2,全价：130.670 最后更新：15:34:18,,,,1,[],0,0,N,,,buy,buy
2026-09-28 15:46:14,113711,常青转债,cqzz,100.0,0.0,603125,常青科技,cqkj,21.1,-9.98,3.32,24.01,87.88,193,13.79,113.79,220309,基础化工,shmb,C,,[],0,0,buy,AA-,,16.807,31.213,9.4,buy,2032-09-27,6.003,8.0,0.0,8600.97,0.0,2.19,,0,,00,Y,N,0,0,Y,,未到转股期；2027-04-09 开始转股,计算使用6.1年期 评级为AA- 债参考YTM：2.7393,N,8.0,待上市,,,,0,{'M': ''},0,0,N,,,buy,buy
2026-09-28 15:46:14,127110,广核转债,ghzz,135.4,0.41,003816,中国广核,zggh,4.26,1.67,1.74,3.58,118.99,0,13.79,149.19,410108,公用事业,szmb,C,2025-07-25,[],0,0,buy,AAA,,2.506,4.654,2.9,buy,2031-07-09,4.781,48.992,9963.87,50119.0,1.5,-4.32,,0,15:34:06,00,Y,N,0,0,Y,,2026-01-15 开始转股,计算使用4.8年期 评级为AAA 债参考YTM：1.6551,N,49.0,全价：135.400 最后更新：15:34:06,,,,0,{'M': ''},0,0,N,,,buy,buy
2026-09-28 15:46:14,127116,瑞鹄转02,rhz02,100.0,0.0,002997,瑞鹄模具,rhmj,25.46,-2.6,2.01,29.18,87.25,176,14.61,114.61,280205,汽车,szmb,C,,[],0,0,buy,AA,,20.426,37.934,12.9,buy,2032-09-16,5.973,6.86,0.0,4448.61,0.0,1.86,,0,,00,Y,N,0,0,Y,,未到转股期；2027-03-23 开始转股,计算使用6.0年期 评级为AA 债参考YTM：1.9715,N,6.86,待上市,,,,0,{'M': ''},0,0,N,,,buy,buy
2026-09-28 15:46:14,123160,泰福转债,tfzz,161.469,1.11,300992,泰福泵业,tfby,27.69,-2.64,2.88,19.7,140.56,0,14.88,176.35,640106,机械设备,szcy,C,2022-10-25,[],0,0,buy,A,,13.79,25.61,10.7,buy,2028-09-28,2.0,2.314,54326.23,7376.83,144.3,-14.83,,0,15:34:15,00,Y,N,1,1,Y,转股价下修1次，成功下修1次,2023-04-11 开始转股,如不考虑强赎纯债价值为103.51元，计算使用2.0年期 评级为A 债参考YTM：6.6204,N,3.349,全价：161.469 最后更新：15:34:15,,,,1,"{'B': '', 'M': ''}",0,0,N,,,buy,buy
2026-09-28 15:46:14,110076,华海转债,hhzz,110.971,-0.13,600521,华海药业,hhyy,15.91,0.19,2.44,16.5,96.42,0,15.09,126.06,370102,医药生物,shmb,C,2020-11-25,[],0,0,buy,AA,,11.55,21.45,7.7,buy,2026-11-02,0.096,18.424,5749.66,22852.61,2.82,-9.12,,0,14:59:52,00,Y,N,1,1,Y,转股价下修1次，成功下修1次,2021-05-06 开始转股,计算使用0.1年期 评级为AA 债参考YTM：1.5100,N,18.426,全价：110.971 最后更新：14:59:52,,,,1,"{'R': '到期\n最后交易日：2026-10-27\n最后转股日：2026-10-30\n债券到期日：2026-11-02\n到期赎回价：110.000元/张', 'M': ''}",0,0,N,,,buy,buy
2026-09-28 15:46:14,118035,国力转债,glzz,146.007,0.71,688103,国力电子,gldz,79.05,-2.7,6.54,62.31,126.87,0,15.09,161.1,270401,电子,shkc,C,2023-07-06,[],0,0,buy,A+,,43.617,81.003,6.4,buy,2029-06-12,2.707,4.799,18907.84,19862.05,27.15,-7.59,,0,14:59:53,00,Y,N,0,0,Y,,2023-12-18 开始转股,计算使用2.8年期 评级为A+ 债参考YTM：4.4389,N,4.8,全价：146.007 最后更新：14:59:53,,,,0,{'M': ''},0,0,N,,,buy,buy
2026-09-28 15:46:14,127092,运机转债,yjzz,326.4,-1.39,001288,运机集团,yjjt,33.6,-3.56,3.29,11.91,282.12,0,15.7,342.1,640203,机械设备,szmb,C,2023-10-20,[],0,0,buy,AA-,,8.337,15.483,10.3,buy,2029-09-21,2.984,5.249,21534.45,17725.57,12.49,-28.88,,0,15:34:12,00,Y,N,0,0,Y,,2024-03-27 开始转股,计算使用3.0年期 评级为AA- 债参考YTM：2.1323,N,7.3,全价：326.400 最后更新：15:34:12,,,,0,{'G': '本次（2025年12月8日至2025年12月26日）不提前赎回，以2026年12月26日后的首个交易日起重新计算'},0,0,N,,,buy,buy
2026-09-28 15:46:14,123076,强力转债,qlzz,120.978,-1.08,300429,强力新材,qlxc,11.08,-3.74,3.13,10.6,104.53,0,15.74,136.72,270601,电子,szcy,C,2020-12-04,[],0,0,buy,AA-,,7.42,13.78,6.4,buy,2026-11-19,0.143,3.003,3099.6,16652.5,8.56,-47.21,,0,15:34:00,00,Y,N,2,2,Y,转股价下修2次，成功下修2次,2021-05-25 开始转股,计算使用0.2年期 评级为AA- 债参考YTM：1.6481,N,8.5,全价：120.978 最后更新：15:34:00,,,,1,{'M': ''},0,0,N,,,buy,buy
2026-09-28 15:46:14,111024,澳弘转债,ahzz,187.417,-6.9,605058,澳弘电子,ahdz,54.18,-10.0,4.31,33.54,161.54,0,16.02,203.44,270202,电子,shmb,C,2026-01-16,[],0,0,buy,AA-,,23.478,43.602,7.5,buy,2031-12-11,5.206,5.798,174254.79,30795.41,162.53,-8.95,,0,15:00:00,00,Y,N,0,0,Y,,2026-06-17 开始转股,计算使用5.3年期 评级为AA- 债参考YTM：2.3760,N,5.8,全价：187.417 最后更新：15:00:00,,,,0,[],0,0,N,,,buy,buy
2026-09-28 15:46:14,113066,平煤转债,pmzz,137.826,0.23,601666,平煤股份,pmgf,8.79,-0.45,0.86,7.46,117.83,0,16.97,154.8,740102,煤炭,shmb,C,2023-04-10,[],0,0,buy,AAA,,5.222,9.698,6.6,buy,2029-03-16,2.466,14.274,6823.47,17856.71,3.47,-8.93,,0,14:59:54,00,Y,N,1,1,Y,转股价下修1次，成功下修1次,2023-09-22 开始转股,计算使用2.5年期 评级为AAA 债参考YTM：1.5935,N,29.0,全价：137.826 最后更新：14:59:54,,,,0,{'M': ''},0,0,N,,,buy,buy
2026-09-28 15:46:14,113051,节能转债,jnzz,114.611,0.47,601016,节能风电,jnfd,3.25,0.0,1.17,3.32,97.89,0,17.08,131.69,410107,公用事业,shmb,C,2021-07-22,[],0,0,buy,AAA,,2.324,4.316,13.5,buy,2027-06-21,0.729,26.519,8997.26,18579.76,2.96,-5.52,,0,14:59:14,00,Y,N,1,0,Y,转股价下修1次，成功下修0次,2021-12-27 开始转股,计算使用0.8年期 评级为AAA 债参考YTM：1.5063,N,30.0,全价：114.611 最后更新：14:59:14,,,,1,{'M': ''},0,0,N,,,buy,buy
2026-09-28 15:46:14,127078,优彩转债,yczz,154.7,-1.24,002998,优彩资源,yczy,8.0,-3.15,1.57,6.11,130.93,0,18.15,172.85,220401,基础化工,szmb,C,2023-01-09,[],0,0,buy,A+,,4.277,7.943,19.2,buy,2028-12-14,2.214,4.158,6550.14,9869.7,10.13,-11.31,,0,15:34:15,00,Y,N,0,0,Y,,2023-06-20 开始转股,计算使用2.3年期 评级为A+ 债参考YTM：4.3291,N,6.0,全价：154.700 最后更新：15:34:15,,,,0,{'G': '本次（2026年8月7日至2026年9月3日）不提前赎回，自2026年12月3日后首个交易日重新计算'},0,0,N,,,buy,buy
2026-09-28 15:46:14,118062,天准转债,tzzz,160.858,-1.31,688003,天准科技,tzkj,74.69,-5.81,7.19,55.13,135.48,0,18.73,179.59,640704,机械设备,shkc,C,2025-12-31,[],0,0,buy,AA-,,38.591,66.156,6.0,buy,2031-12-12,5.208,8.719,30401.97,26071.12,21.51,-6.21,,0,14:59:59,00,Y,N,0,0,Y,,2026-06-18 开始转股,计算使用5.3年期 评级为AA- 债参考YTM：2.3760,N,8.72,全价：160.858 最后更新：14:59:59,,,,0,"{'G': '本次（2026年6月18日至2026年7月9日）不提前赎回，以2026年10月10日为首个交易日重新计算', 'M': ''}",0,0,N,120%,,buy,buy
2026-09-28 15:46:14,127080,声迅转债,sxzz,233.879,-0.31,003004,声迅股份,sxgf,57.0,-1.83,6.76,28.94,196.96,0,18.74,252.62,710102,计算机,szmb,C,2023-02-10,[],0,0,buy,A,,20.258,37.622,7.1,buy,2028-12-30,2.258,2.793,34002.56,9289.74,51.66,-26.29,,0,15:34:51,00,Y,N,0,0,Y,,2023-07-07 开始转股,计算使用2.3年期 评级为A 债参考YTM：6.6791,N,2.8,全价：233.879 最后更新：15:34:51,,,,0,{'G': '本次（2026年8月31日至2026年9月18日）不提前赎回，自2026年12月21日重新计算'},0,0,N,,,buy,buy
2026-09-28 15:46:14,123092,天壕转债,thzz,115.326,-0.31,300332,天壕能源,thny,4.8,-0.41,1.04,4.97,96.58,0,19.41,134.74,410301,公用事业,szcy,C,2021-01-15,[],0,0,buy,A+,,3.479,6.461,8.8,buy,2026-12-24,0.238,3.416,2933.97,6732.76,7.45,-1.2,,0,15:34:03,00,Y,N,0,0,Y,,2021-06-30 开始转股,计算使用0.3年期 评级为A+ 债参考YTM：4.0008,N,4.23,全价：115.326 最后更新：15:34:03,,,,1,{'M': ''},0,0,N,,,buy,buy
2026-09-28 15:46:14,127053,豪美转债,hmzz,212.708,0.34,002988,豪美新材,hmxc,30.64,-1.16,2.77,17.23,177.83,0,19.61,232.32,240301,有色金属,szmb,C,2022-03-04,[],0,0,buy,AA-,,12.061,22.399,3.4,buy,2028-01-24,1.323,2.575,32247.61,11292.48,58.43,-35.27,,0,15:34:03,00,Y,N,1,1,Y,转股价下修1次，成功下修1次,2022-07-28 开始转股,计算使用1.4年期 评级为AA- 债参考YTM：1.8234,N,8.24,全价：212.708 最后更新：15:34:03,,,,1,{'G': '本次（2026年4月30日至2026年5月25日）不提前赎回，以2026年11月25日后首个交易日起重新计算'},0,0,N,,,buy,buy
2026-09-28 15:46:14,123213,天源转债,tyzz,253.883,-6.42,301127,武汉天源,whty,15.04,-9.18,2.9,7.1,211.83,0,19.85,273.73,760102,环保,szcy,C,2023-08-16,[],0,0,buy,AA-,,4.97,9.23,3.3,buy,2029-07-28,2.833,3.259,25641.28,35742.57,30.43,-24.56,,0,15:34:21,00,Y,N,0,0,Y,,2024-02-05 开始转股,计算使用2.9年期 评级为AA- 债参考YTM：2.1108,N,10.0,全价：253.883 最后更新：15:34:21,,,,0,"{'G': '本次（2026年3月13日至2026年4月2日）不提前赎回，自2026年10月2日后首个交易日重新计算', 'M': ''}",0,0,N,,,buy,buy
2026-09-28 15:46:14,123107,温氏转债,wszz,111.26,0.82,300498,温氏股份,wsgf,14.91,2.76,2.77,16.09,92.67,0,20.07,131.33,110702,农林牧渔,szcy,C,2021-04-21,[],0,0,buy,AAA,,11.263,20.917,8.7,buy,2027-03-29,0.499,77.063,10480.66,57298.37,1.23,-5.88,,0,15:34:00,00,Y,N,0,0,Y,,2021-10-08 开始转股,计算使用0.5年期 评级为AAA 债参考YTM：1.4816,N,92.97,全价：111.260 最后更新：15:34:00,,,,1,{'M': ''},0,0,N,,,buy,buy
2026-09-28 15:46:14,123235,亿田转债,ytzz,185.0,-6.65,300911,亿田智能,ytzn,32.83,-6.6,5.36,21.31,154.06,0,20.08,205.08,330401,家用电器,szcy,C,2024-01-12,[],0,0,buy,A+,,14.917,27.703,7.7,buy,2029-12-21,3.233,4.352,65187.85,28587.59,79.34,-12.87,,0,15:34:33,00,Y,N,0,0,Y,,2024-06-27 开始转股,计算使用3.3年期 评级为A+ 债参考YTM：4.5295,N,5.202,全价：185.000 最后更新：15:34:33,,,,0,"{'G': '本次（2026年9月1日至2026年9月23日）不提前赎回，自2026年12月23日后首个交易日重新起算', 'M': ''}",0,0,N,,,buy,buy
2026-09-28 15:46:14,123080,海波转债,hbzz,121.978,-0.46,300517,海波重科,hbzk,11.43,-2.89,2.21,11.28,101.33,0,20.38,142.36,620401,建筑装饰,szcy,C,2020-12-22,[],0,0,buy,A+,,7.896,14.664,10.3,buy,2026-12-02,0.178,1.485,1379.6,4720.9,7.61,-9.25,,0,15:34:03,00,Y,N,0,0,Y,,2021-06-08 开始转股,计算使用0.2年期 评级为A+ 债参考YTM：3.9991,N,2.45,全价：121.978 最后更新：15:34:03,,,,1,[],0,0,N,,,buy,buy
2026-09-28 15:46:14,123178,花园转债,hyzz,137.704,-0.9,300401,花园生物,hysw,15.24,-4.51,2.32,13.34,114.24,0,20.54,158.24,370101,医药生物,szcy,C,2023-03-23,[],0,0,buy,AA-,,9.338,17.342,14.2,buy,2029-03-06,2.438,11.58,9129.47,30226.76,5.72,-6.08,,0,15:34:18,00,Y,N,1,1,Y,转股价下修1次，成功下修1次,2023-09-11 开始转股,计算使用2.5年期 评级为AA- 债参考YTM：2.0210,N,12.0,全价：137.704 最后更新：15:34:18,,,,0,{'M': ''},0,0,N,,,buy,buy
2026-09-28 15:46:14,127070,大中转债,dzzz,249.1,-1.66,001203,大中矿业,dzky,21.8,-5.67,4.55,10.56,206.44,0,20.66,269.76,230301,钢铁,szmb,C,2022-10-11,[],0,0,buy,AA,,7.392,13.728,3.3,buy,2028-08-17,1.888,9.342,23809.39,35009.35,10.2,-34.2,,0,15:34:03,00,Y,N,0,0,Y,,2023-02-23 开始转股,计算使用1.9年期 评级为AA 债参考YTM：1.6122,N,15.2,全价：249.100 最后更新：15:34:03,,,,1,{'M': ''},0,0,N,,,buy,buy
2026-09-28 15:46:14,127045,牧原转债,myzz,116.247,1.45,002714,牧原股份,mygf,41.71,3.04,3.0,43.32,96.28,0,20.73,136.98,110702,农林牧渔,szmb,C,2021-09-10,[],0,0,buy,AAA,,30.324,56.316,7.0,buy,2027-08-16,0.882,95.429,10085.82,192290.28,0.91,-9.02,,0,15:33:54,00,Y,Y,0,0,Y,,2022-02-21 开始转股,计算使用0.9年期 评级为AAA 债参考YTM：1.5095,N,95.5,全价：116.247 最后更新：15:33:54,,,,1,{'M': ''},0,0,N,,,buy,buy
2026-09-28 15:46:14,128136,立讯转债,lxzz,108.502,-0.37,002475,立讯精密,lxjm,49.92,-4.0,4.13,55.67,89.67,0,21.0,129.5,270504,电子,szmb,C,2020-12-02,[],0,0,buy,AA+,,38.969,72.371,0.8,buy,2026-11-03,0.099,29.804,5127.26,465426.24,1.58,-4.82,,0,15:34:18,00,Y,N,0,0,Y,,2021-05-10 开始转股,计算使用0.1年期 评级为AA+ 债参考YTM：1.5000,N,30.0,全价：108.502 最后更新：15:34:18,,,,1,"{'R': '到期\n最后交易日：2026-10-28\n最后转股日：2026-11-02\n债券到期日：2026-11-03\n到期赎回价：108.000元/张', 'M': ''}",0,0,N,,,buy,buy
2026-09-28 15:46:14,118007,山石转债,sszz,141.525,0.49,688030,山石网科,sswk,18.98,-0.11,4.8,16.5,115.03,0,23.03,164.56,710402,计算机,shkc,C,2022-04-21,[],0,0,buy,A-,,11.55,21.45,7.8,buy,2028-03-22,1.482,2.671,4824.78,8938.73,12.8,-12.48,,0,14:59:42,00,Y,N,1,1,Y,转股价下修1次，成功下修1次,2022-09-28 开始转股,计算使用1.5年期 评级为A- 债参考YTM：8.8785,N,2.674,全价：141.525 最后更新：14:59:42,,,,1,{'M': ''},0,0,N,,,buy,buy
2026-09-28 15:46:14,123247,万凯转债,wkzz,181.26,-1.22,301216,万凯新材,wkxc,16.4,-3.81,1.45,11.15,147.09,0,23.23,204.49,220501,基础化工,szcy,C,2024-09-05,[],0,0,buy,AA,,7.805,14.495,22.0,buy,2030-08-16,3.885,19.642,7995.97,20159.47,2.24,-11.37,,0,15:34:27,00,Y,N,0,0,Y,,2025-02-24 开始转股,计算使用3.9年期 评级为AA 债参考YTM：1.7608,N,27.0,全价：181.260 最后更新：15:34:27,,,,0,"{'G': '本次（2026年6月17日至2026年7月8日）不提前赎回，自2026年10月8日后首个交易日重新计算', 'M': ''}",0,0,N,,,buy,buy
2026-09-28 15:46:14,118051,皓元转债,hyzz,308.951,-1.37,688131,皓元医药,hyyy,100.48,-2.96,6.47,40.13,250.39,0,23.39,332.34,370603,医药生物,shkc,C,2024-12-19,[],0,0,buy,AA-,,28.091,52.169,3.8,buy,2030-11-28,4.17,8.218,23857.08,51926.88,9.36,-21.02,,0,14:59:58,00,Y,N,0,0,Y,,2025-06-04 开始转股,计算使用4.2年期 评级为AA- 债参考YTM：2.2443,N,8.223,全价：308.951 最后更新：14:59:58,,,,0,"{'G': '本次（2026年5月20日至2026年6月9日）不提前赎回，以2026年10月12日为首个交易日重新计算', 'M': ''}",0,0,N,,,buy,buy
2026-09-28 15:46:14,110099,福能转债,fnzz,143.656,-0.36,600483,福能股份,fngf,11.0,2.52,1.1,9.49,115.91,0,23.94,167.6,410110,公用事业,shmb,C,2025-10-30,[],0,0,buy,AA+,,6.643,12.337,12.4,buy,2031-10-13,5.044,38.019,8955.56,18539.59,1.63,-5.16,,0,14:59:42,00,Y,N,0,0,Y,,2026-04-17 开始转股,计算使用5.1年期 评级为AA+ 债参考YTM：1.7406,N,38.02,全价：143.656 最后更新：14:59:42,,,,0,{'M': ''},0,0,N,,,buy,buy
2026-09-28 15:46:14,113691,和邦转债,hbzz,134.474,-0.43,603077,和邦生物,hbsw,2.16,-2.7,0.99,2.0,108.0,0,24.51,158.98,220802,基础化工,shmb,C,2024-11-19,[],0,0,buy,AA,,1.4,2.6,24.1,buy,2030-10-28,4.085,45.99,10345.05,25335.36,1.67,-3.87,,0,14:59:47,00,Y,N,0,0,Y,,2025-05-06 开始转股,计算使用4.1年期 评级为AA 债参考YTM：1.7732,N,46.0,全价：134.474 最后更新：14:59:47,,,,0,"{'G': '本次（2026年1月22日至2026年3月10日）不提前赎回，以2027年3月10日之后的首个交易日重新起算', 'M': ''}",0,0,N,,,buy,buy
2026-09-28 15:46:14,111002,特纸转债,tzzz,134.129,0.32,605007,五洲特纸,wztz,14.52,-1.09,1.82,13.49,107.64,0,24.61,158.74,360103,轻工制造,shmb,C,2021-12-30,[],0,0,buy,AA,,9.443,17.537,9.6,buy,2027-12-08,1.195,6.619,4629.27,5095.45,5.21,-13.03,,0,14:59:37,00,Y,N,1,1,Y,转股价下修1次，成功下修1次,2022-06-14 开始转股,计算使用1.2年期 评级为AA 债参考YTM：1.5523,N,6.7,全价：134.129 最后更新：14:59:37,,,,1,[],0,0,N,,,buy,buy
2026-09-28 15:46:14,127084,柳工转2,lgz2,132.836,-0.27,000528,柳工,lg,7.43,-0.93,0.78,6.98,106.45,0,24.79,157.63,640601,机械设备,szmb,C,2023-04-20,[],0,0,buy,AAA,,4.886,9.074,16.4,buy,2029-03-27,2.496,24.809,9946.75,10962.97,3.02,-5.45,,0,15:33:57,00,Y,N,0,0,Y,,2023-10-09 开始转股,计算使用2.5年期 评级为AAA 债参考YTM：1.5935,N,30.0,全价：132.836 最后更新：15:33:57,,,,0,{'M': ''},0,0,N,,,buy,buy
2026-09-28 15:46:14,127096,泰坦转债,ttzz,481.289,-8.92,003036,泰坦股份,ttgf,50.9,-10.01,7.34,13.2,385.61,0,24.81,506.1,640206,机械设备,szmb,C,2023-11-15,[],0,0,buy,A,,9.24,17.16,2.6,buy,2029-10-25,3.077,2.874,87633.14,44986.24,61.93,-36.79,,0,15:34:00,00,Y,N,0,0,Y,,2024-05-06 开始转股,计算使用3.1年期 评级为A 债参考YTM：6.8515,N,2.955,全价：481.289 最后更新：15:34:00,,,,0,{'G': '本次（2026年6月12日至2026年7月3日）不提前赎回，以2026年10月3日后首个交易日起重新计算'},0,0,N,,,buy,buy
2026-09-28 15:46:14,123149,通裕转债,tyzz,126.261,-0.48,300185,通裕重工,tyzg,2.74,-0.36,1.52,2.71,101.11,0,24.88,151.14,630602,电力设备,szcy,C,2022-07-15,[],0,0,buy,AA,,1.897,3.523,10.5,buy,2028-06-20,1.729,11.069,5907.88,18095.97,4.24,-5.89,,0,15:34:09,00,Y,N,0,0,Y,,2022-12-26 开始转股,计算使用1.8年期 评级为AA 债参考YTM：1.6034,N,14.847,全价：126.261 最后更新：15:34:09,,,,1,{'M': ''},0,0,N,,,buy,buy
2026-09-28 15:46:14,127103,东南转债,dnzz,131.27,0.05,002135,东南网架,dnwj,5.87,-2.17,1.03,5.59,105.01,0,25.01,156.28,620401,建筑装饰,szmb,C,2024-01-24,[],0,0,buy,AA,,3.913,7.267,33.4,buy,2030-01-03,3.269,19.999,8350.34,7437.1,3.18,-4.76,,0,15:33:57,00,Y,N,0,0,Y,,2024-07-09 开始转股,计算使用3.3年期 评级为AA 债参考YTM：1.7243,N,20.0,全价：131.270 最后更新：15:33:57,,,,0,{'M': ''},0,0,N,,,buy,buy
2026-09-28 15:46:14,127109,电化转债,dhzz,145.777,-0.37,002125,湘潭电化,xtdh,11.65,-3.08,2.09,9.99,116.62,0,25.01,170.79,630702,电力设备,szmb,C,2025-07-04,[],0,0,buy,AA,,6.993,12.987,6.6,buy,2031-06-16,4.718,4.866,3850.78,12681.6,5.44,-5.07,,0,15:34:24,00,Y,N,0,0,Y,,2025-12-22 开始转股,计算使用4.8年期 评级为AA 债参考YTM：1.7991,N,4.87,全价：145.777 最后更新：15:34:24,,,,0,{'M': ''},1,0,N,,,buy,buy
2026-09-28 15:46:14,127037,银轮转债,ylzz,420.1,-3.87,002126,银轮股份,ylgf,34.37,-4.82,3.86,10.27,334.66,0,25.53,445.63,280203,汽车,szmb,C,2021-07-09,[],0,0,buy,AA,,7.189,13.351,1.8,buy,2027-06-07,0.69,5.055,46953.98,71422.55,22.02,-106.92,,0,15:34:51,00,Y,N,0,0,Y,,2021-12-13 开始转股,计算使用0.7年期 评级为AA 债参考YTM：1.5280,N,7.0,全价：420.100 最后更新：15:34:51,,,,1,"{'G': '本次（2026年5月27日至2026年6月16日）不提前赎回，2027年5月16日后首个交易日重新计算', 'M': ''}",0,0,N,,,buy,buy
2026-09-28 15:46:14,123150,九强转债,jqzz,130.474,0.56,300406,九强生物,jqsw,11.87,1.28,1.94,11.45,103.67,0,25.86,156.33,370504,医药生物,szcy,C,2022-07-20,[],0,0,buy,AA-,,8.015,14.885,22.3,buy,2028-06-30,1.756,11.21,3851.75,7594.61,2.64,-8.29,,0,15:34:12,00,Y,N,1,1,Y,转股价下修1次，成功下修1次,2023-01-06 开始转股,计算使用1.8年期 评级为AA- 债参考YTM：1.8876,N,11.39,全价：130.474 最后更新：15:34:12,,,,1,{'M': ''},0,0,N,,,buy,buy
2026-09-28 15:46:14,123189,晓鸣转债,xmzz,134.2,0.55,300967,晓鸣股份,xmgf,16.15,0.0,3.97,15.18,106.39,0,26.14,160.34,110703,农林牧渔,szcy,C,2023-04-25,[],0,0,buy,A,,10.626,19.734,16.3,buy,2029-04-06,2.523,3.286,3139.07,4591.0,7.13,-5.3,,0,15:34:21,00,Y,N,1,1,Y,转股价下修1次，成功下修1次,2023-10-12 开始转股,计算使用2.6年期 评级为A 债参考YTM：6.7444,N,3.29,全价：134.200 最后更新：15:34:21,,,,0,{'M': ''},0,0,N,,,buy,buy
2026-09-28 15:46:14,123104,卫宁转债,wnzz,122.838,0.03,300253,卫宁健康,wnjk,6.83,-1.01,2.74,7.02,97.29,0,26.26,149.1,710401,计算机,szcy,C,2021-03-31,[],0,0,buy,AA,,4.914,9.126,7.7,buy,2027-03-16,0.463,9.699,4416.33,22932.42,3.71,-5.02,,0,15:34:03,00,Y,N,2,2,Y,转股价下修2次，成功下修2次,2021-09-22 开始转股,计算使用0.5年期 评级为AA 债参考YTM：1.5116,N,9.703,全价：122.838 最后更新：15:34:03,,,,1,{'M': ''},0,0,N,,,buy,buy
2026-09-28 15:46:14,113052,兴业转债,xyzz,112.209,-0.02,601166,兴业银行,xyyh,17.77,-0.62,0.4,20.13,88.28,0,27.11,139.32,480301,银行,shmb,C,2022-01-14,[],0,0,buy,AAA,,,26.169,11.0,buy,2027-12-27,1.247,413.5,34217.35,111780.0,0.74,-0.66,,0,14:59:57,00,Y,Y,0,0,Y,,2022-06-30 开始转股,计算使用1.3年期 评级为AAA 债参考YTM：1.5263,N,500.0,全价：112.209 最后更新：14:59:57,,,,0,{'M': ''},0,0,N,,,buy,buy
2026-09-28 15:46:14,110084,贵燃转债,grzz,127.337,-0.52,600903,贵州燃气,gzrq,6.43,-1.98,2.3,6.42,100.16,0,27.14,154.48,410301,公用事业,shmb,C,2022-01-18,[],0,0,buy,AA,,4.494,8.346,10.9,buy,2027-12-27,1.247,8.157,5465.36,20299.96,5.28,-10.03,,0,14:59:42,00,Y,N,2,2,Y,转股价下修2次，成功下修2次,2022-07-01 开始转股,计算使用1.3年期 评级为AA 债参考YTM：1.5593,N,10.0,全价：127.337 最后更新：14:59:42,,,,1,{'M': ''},0,0,N,,,buy,buy
2026-09-28 15:46:14,111017,蓝天转债,ltzz,125.701,-0.54,605368,蓝天燃气,ltrq,6.64,-0.3,1.38,6.72,98.81,0,27.22,152.92,410301,公用事业,shmb,C,2023-09-08,[],0,0,buy,AA,,4.704,8.736,14.2,buy,2029-08-15,2.882,6.715,2877.36,1556.04,3.4,-3.59,,0,14:59:20,00,Y,N,1,1,Y,转股价下修1次，成功下修1次,2024-02-21 开始转股,计算使用2.9年期 评级为AA 债参考YTM：1.6941,N,8.7,全价：125.701 最后更新：14:59:20,,,,0,[],0,0,N,,,buy,buy
2026-09-28 15:46:14,123257,安克转债,akzz,144.729,-0.42,300866,安克创新,akcx,121.1,-1.22,6.16,106.76,113.43,0,27.59,172.32,270503,电子,szcy,C,2025-07-04,[],0,0,buy,AA+,,74.732,138.788,2.9,buy,2031-06-16,4.718,11.046,7179.58,44913.6,4.48,-5.31,,0,15:34:33,00,Y,N,0,0,Y,,2025-12-22 开始转股,计算使用4.8年期 评级为AA+ 债参考YTM：1.7315,N,11.048,全价：144.729 最后更新：15:34:33,,,,0,{'M': ''},0,0,N,,,buy,buy
2026-09-28 15:46:14,127056,中特转债,ztzz,119.3,0.14,000708,中信特钢,zxtg,12.79,-1.01,1.46,13.69,93.43,0,27.69,146.99,230501,钢铁,szmb,C,2022-04-15,[],0,0,buy,AAA,,9.583,17.797,7.7,buy,2028-02-25,1.411,49.996,6306.24,10573.07,1.06,-7.14,,0,15:34:06,00,Y,N,1,1,Y,转股价下修1次，成功下修1次,2022-09-05 开始转股,计算使用1.5年期 评级为AAA 债参考YTM：1.5385,N,50.0,全价：119.300 最后更新：15:34:06,,,,0,{'M': ''},0,0,N,,,buy,buy
2026-09-28 15:46:14,110098,南药转债,nyzz,129.912,0.15,600713,南京医药,njyy,4.93,0.2,0.89,4.86,101.44,0,28.07,157.98,370402,医药生物,shmb,C,2025-01-20,[],0,0,buy,AA+,,3.402,6.318,17.0,buy,2030-12-25,4.244,10.814,4033.13,4640.84,2.88,-3.43,,0,14:59:41,00,Y,N,0,0,Y,,2025-07-01 开始转股,计算使用4.3年期 评级为AA+ 债参考YTM：1.7211,N,10.815,全价：129.912 最后更新：14:59:41,,,,0,[],0,0,N,,,buy,buy
2026-09-28 15:46:14,118050,航宇转债,hyzz,284.464,0.97,688239,航宇科技,hykj,54.96,-0.88,4.71,24.81,221.52,0,28.41,312.87,650201,国防军工,shkc,C,2024-09-10,[],0,0,buy,AA-,,17.367,32.253,6.3,buy,2030-08-21,3.899,6.597,44651.7,32660.71,23.68,-20.22,,0,15:00:00,00,Y,N,0,0,Y,,2025-02-27 开始转股,计算使用3.9年期 评级为AA- 债参考YTM：2.2187,N,6.67,全价：284.464 最后更新：15:00:00,,,,0,{'M': ''},0,0,N,,,buy,buy
2026-09-28 15:46:14,118030,睿创转债,rczz,591.186,-1.2,688002,睿创微纳,rcwn,175.66,-1.78,10.09,38.16,460.33,0,28.43,619.62,270105,电子,shkc,C,2023-02-10,[],0,0,buy,AA,,26.712,49.608,1.5,buy,2028-12-30,2.258,12.622,31195.19,142032.72,4.16,-52.34,,0,14:59:57,00,Y,N,0,0,Y,,2023-07-06 开始转股,计算使用2.3年期 评级为AA 债参考YTM：1.6445,N,15.647,全价：591.186 最后更新：14:59:57,,,,0,"{'G': '本次（2026年3月18日至2026年4月8日）不提前赎回，以2027年4月9日为首个交易日重新计算', 'M': ''}",0,0,N,,,buy,buy
2026-09-28 15:46:14,110097,天润转债,trzz,137.315,0.56,600419,天润乳业,trry,8.74,0.23,1.11,8.19,106.72,0,28.67,165.99,340702,食品饮料,shmb,C,2024-11-15,[],0,0,buy,AA,,5.733,10.647,35.9,buy,2030-10-24,4.074,9.889,4150.28,3056.53,3.07,-4.39,,0,14:59:57,00,Y,N,0,0,Y,,2025-04-30 开始转股,计算使用4.1年期 评级为AA 债参考YTM：1.7732,N,9.9,全价：137.315 最后更新：14:59:57,,,,0,[],0,0,N,,,buy,buy
2026-09-28 15:46:14,118036,力合转债,lhzz,141.613,-0.08,688589,力合微,lhw,20.29,-2.41,2.8,18.5,109.68,0,29.12,170.73,270104,电子,shkc,C,2023-07-20,[],0,0,buy,AA-,,12.95,24.05,12.9,buy,2029-06-28,2.751,3.8,3621.04,5703.49,6.74,-6.37,,0,14:59:20,00,Y,N,2,2,Y,转股价下修2次，成功下修2次,2024-01-04 开始转股,计算使用2.8年期 评级为AA- 债参考YTM：2.0886,N,3.8,全价：141.613 最后更新：14:59:20,,,,0,{'M': ''},0,0,N,,,buy,buy
2026-09-28 15:46:14,123187,超达转债,cdzz,197.7,-2.98,301186,超达装备,cdzb,33.22,-9.31,2.34,21.77,152.6,0,29.56,227.26,280205,汽车,szcy,C,2023-04-25,[],0,0,buy,A,,15.239,28.301,6.2,buy,2029-04-04,2.518,2.242,8993.39,11497.54,20.33,-18.54,,0,15:34:18,00,Y,N,0,0,Y,,2023-10-11 开始转股,计算使用2.6年期 评级为A 债参考YTM：6.7444,N,4.69,全价：197.700 最后更新：15:34:18,,,,0,"{'G': '本次（2026年8月3日至2026年8月21日）不提前赎回，以2027年2月21日之后的首个交易日重新起算', 'M': ''}",0,0,N,,,buy,buy
2026-09-28 15:46:14,123133,佩蒂转债,pdzz,127.1,0.1,300673,佩蒂股份,pdgf,14.71,-0.74,2.01,15.0,98.07,0,29.61,156.71,110404,农林牧渔,szcy,C,2022-01-21,[],0,0,buy,AA-,,10.5,19.5,30.5,buy,2027-12-22,1.233,7.198,7083.49,4146.18,7.75,-6.6,,0,15:34:09,00,Y,N,2,2,Y,转股价下修2次，成功下修2次,2022-06-28 开始转股,计算使用1.3年期 评级为AA- 债参考YTM：1.8066,N,7.2,全价：127.100 最后更新：15:34:09,,,,1,[],0,0,N,,,buy,buy
2026-09-28 15:46:14,127095,广泰转债,gtzz,137.081,-0.51,002111,威海广泰,whgt,9.32,-0.32,1.57,8.83,105.55,0,29.87,166.95,650201,国防军工,szmb,C,2023-11-10,[],0,0,buy,AA-,,6.181,11.479,15.2,buy,2029-10-18,3.058,6.927,4325.79,5157.85,4.55,-4.53,,0,15:34:21,00,Y,N,0,0,N,2026-09-21 至 2026-09-29 期间暂停转股：权益分派,2024-04-24 开始转股;2026-09-21 至 2026-09-29 期间暂停转股：权益分派,计算使用3.1年期 评级为AA- 债参考YTM：2.1513,N,7.0,全价：137.081 最后更新：15:34:21,,,,0,[],0,0,N,,,buy,buy
2026-09-28 15:46:14,113054,绿动转债,ldzz,122.533,0.91,601330,绿色动力,lsdl,8.17,1.74,1.38,8.67,94.23,0,30.03,152.56,760103,环保,shmb,C,2022-03-23,[],0,0,buy,AA+,,6.069,11.271,29.2,buy,2028-02-25,1.411,23.598,7980.49,10224.36,2.76,-6.97,,0,14:59:34,00,Y,N,0,0,Y,,2022-09-05 开始转股,计算使用1.5年期 评级为AA+ 债参考YTM：1.5585,N,23.6,全价：122.533 最后更新：14:59:34,,,,1,[],0,0,N,,,buy,buy
2026-09-28 15:46:14,113695,华辰转债,hczz,138.816,-1.48,603097,江苏华辰,jshc,17.78,-3.58,3.65,16.68,106.6,0,30.23,169.05,630801,电力设备,shmb,C,2025-07-10,[],0,0,buy,A+,,11.676,21.684,11.5,buy,2031-06-20,4.729,4.597,5857.59,3289.42,9.19,-3.31,,0,14:59:51,00,Y,N,0,0,Y,,2025-12-26 开始转股,计算使用4.8年期 评级为A+ 债参考YTM：4.6358,N,4.6,全价：138.816 最后更新：14:59:51,,,,0,[],0,0,N,,,buy,buy
2026-09-28 15:46:14,123173,恒锋转债,hfzz,136.1,0.64,300605,恒锋信息,hfxx,10.42,1.76,3.95,10.0,104.2,0,30.61,166.71,710401,计算机,szcy,C,2023-02-08,[],0,0,buy,BBB+,,7.0,13.0,17.7,buy,2028-12-30,2.258,2.33,2851.3,9554.64,9.01,-5.8,,0,15:34:15,00,Y,N,1,1,Y,转股价下修1次，成功下修1次,2023-07-06 开始转股,计算使用2.3年期 评级为BBB+ 债参考YTM：12.1953,N,2.424,全价：136.100 最后更新：15:34:15,,,,0,[],0,0,N,,,buy,buy
2026-09-28 15:46:14,127046,百润转债,brzz,124.724,0.81,002568,百润股份,brgf,19.41,0.83,3.94,20.33,95.48,0,30.64,155.36,340602,食品饮料,szmb,C,2021-11-03,[],0,0,buy,AA,,14.231,26.429,7.7,buy,2027-09-29,1.003,11.274,7914.22,40227.8,5.64,-10.51,,0,15:34:00,00,Y,N,1,1,Y,转股价下修1次，成功下修1次,2022-04-12 开始转股,计算使用1.1年期 评级为AA 债参考YTM：1.5464,N,11.28,全价：124.724 最后更新：15:34:00,,,,0,{'M': ''},0,0,N,,,buy,buy
2026-09-28 15:46:14,127088,赫达转债,hdzz,162.53,-1.16,002810,山东赫达,sdhd,20.38,-4.0,3.02,16.41,124.19,0,30.87,193.4,220309,基础化工,szmb,C,2023-07-19,[],0,0,buy,AA-,,11.487,21.333,9.1,buy,2029-07-03,2.764,5.996,5547.02,8749.42,5.7,-10.96,,0,15:33:54,00,Y,N,0,0,Y,,2024-01-08 开始转股,计算使用2.8年期 评级为AA- 债参考YTM：2.0886,N,6.0,全价：162.530 最后更新：15:33:54,,,,0,"{'G': '本次（2026年3月30日至2026年4月20日）不提前赎回，自2026年10月21日起重新计算', 'M': ''}",0,0,N,,,buy,buy
2026-09-28 15:46:14,111004,明新转债,mxzz,132.57,-0.51,605068,明新旭腾,mxxt,20.35,-2.16,2.0,20.15,100.99,0,31.27,163.84,280202,汽车,shmb,C,2022-04-25,[],0,0,buy,AA-,,14.105,26.195,20.3,buy,2028-03-30,1.504,6.715,6147.81,8060.61,6.94,-7.83,,0,14:59:32,00,Y,N,1,1,Y,转股价下修1次，成功下修1次,2022-10-10 开始转股,计算使用1.6年期 评级为AA- 债参考YTM：1.8557,N,6.73,全价：132.570 最后更新：14:59:32,,,,1,[],0,0,N,,,buy,buy
2026-09-28 15:46:14,127027,能化转债,nhzz,109.639,-0.03,000552,甘肃能化,gsnh,2.44,-1.21,0.77,2.93,83.28,0,31.66,141.3,740101,煤炭,szmb,C,2021-01-22,[],0,0,buy,AAA,,2.051,3.809,21.4,buy,2026-12-10,0.2,19.463,7269.4,11817.83,3.41,1.67,,0,15:34:48,00,Y,N,0,0,Y,,2021-06-16 开始转股,计算使用0.2年期 评级为AAA 债参考YTM：1.4800,N,28.0,全价：109.639 最后更新：15:34:48,,,,1,{'M': ''},0,0,N,,,buy,buy
2026-09-28 15:46:14,113640,苏利转债,slzz,126.155,0.01,603585,苏利股份,slgf,10.37,0.1,0.99,10.84,95.66,0,31.87,158.03,220803,基础化工,shmb,C,2022-03-10,[],0,0,buy,AA-,,7.588,14.092,26.3,buy,2028-02-16,1.386,7.39,4589.96,3182.3,4.92,-5.36,,0,14:59:47,00,Y,N,2,2,Y,转股价下修2次，成功下修2次,2022-08-22 开始转股,计算使用1.4年期 评级为AA- 债参考YTM：1.8234,N,9.572,全价：126.155 最后更新：14:59:47,,,,1,[],0,0,N,,,buy,buy
2026-09-28 15:46:14,123118,惠城转债,hczz,649.0,0.15,300779,惠城环保,hchb,50.79,-2.59,6.82,10.33,491.68,0,32.0,681.0,760103,环保,szcy,C,2021-07-26,[],0,0,buy,A+,,7.231,13.429,0.6,buy,2027-07-07,0.773,0.654,75629.28,31714.39,178.67,-106.87,,0,15:34:03,00,Y,N,0,0,Y,,2022-01-13 开始转股,计算使用0.8年期 评级为A+ 债参考YTM：4.0623,N,3.2,全价：649.000 最后更新：15:34:03,,,,1,"{'G': '本次（2026年8月27日至2026年9月16日）不提前赎回，自2026年12月16日后首个交易日重新计算', 'M': ''}",0,0,N,,,buy,buy
2026-09-28 15:46:14,128142,新乳转债,xrzz,110.17,0.06,002946,新乳业,xry,14.54,1.47,3.45,17.5,83.09,0,32.6,142.77,340702,食品饮料,szmb,C,2021-01-19,[],0,0,buy,AA,,12.25,22.75,5.8,buy,2026-12-18,0.222,7.178,4873.02,7869.14,6.17,-0.7,,0,15:34:00,00,Y,N,0,0,Y,,2021-06-24 开始转股,计算使用0.3年期 评级为AA 债参考YTM：1.5102,N,7.18,全价：110.170 最后更新：15:34:00,,,,1,{'M': ''},0,0,N,,,buy,buy
2026-09-28 15:46:14,123194,百洋转债,byzz,134.197,0.18,301015,百洋医药,byyy,24.95,-1.11,5.48,24.79,100.65,0,33.34,167.54,370402,医药生物,szcy,C,2023-05-05,[],0,0,buy,AA-,,17.353,32.227,6.5,buy,2029-04-14,2.545,8.459,6336.54,11466.6,5.58,-5.5,,0,15:34:24,00,Y,N,0,0,Y,,2023-10-20 开始转股,计算使用2.6年期 评级为AA- 债参考YTM：2.0434,N,8.6,全价：134.197 最后更新：15:34:24,,,,0,{'M': ''},0,0,N,,,buy,buy
2026-09-28 15:46:14,123124,晶瑞转2,jrz2,133.477,-0.49,300655,晶瑞电材,jrdc,12.8,-4.05,5.33,12.79,100.08,0,33.37,166.85,270601,电子,szcy,C,2021-09-07,[],0,0,buy,A+,,8.953,16.627,3.6,buy,2027-08-16,0.882,5.224,2236.05,35742.45,3.21,-22.49,,1,15:34:09,00,Y,N,1,1,Y,转股价下修1次，成功下修1次,2022-02-21 开始转股,计算使用0.9年期 评级为A+ 债参考YTM：4.0775,N,5.23,全价：133.477 最后更新：15:34:09,,,,1,{'M': ''},0,0,N,,23年6月前不下修,buy,buy
2026-09-28 15:46:14,127060,湘佳转债,xjzz,122.949,0.81,002982,湘佳股份,xjgf,12.72,2.42,1.53,13.8,92.17,0,33.39,156.34,110703,农林牧渔,szmb,C,2022-06-10,[],0,0,buy,A+,,9.66,17.94,38.7,buy,2028-04-19,1.559,6.399,3472.91,5821.15,4.44,-6.08,,0,15:34:00,00,Y,N,1,1,Y,转股价下修1次，成功下修1次,2022-10-25 开始转股,计算使用1.6年期 评级为A+ 债参考YTM：4.1969,N,6.4,全价：122.949 最后更新：15:34:00,,,,0,[],0,0,N,,,buy,buy
2026-09-28 15:46:14,113659,莱克转债,lkzz,127.615,-0.72,603355,莱克电气,lkdq,30.27,-2.67,2.91,31.72,95.43,0,33.73,161.35,330302,家用电器,shmb,C,2022-11-15,[],0,0,buy,AA,,22.204,41.236,6.9,buy,2028-10-14,2.047,11.998,6111.75,9195.47,3.99,-5.77,,0,14:59:40,00,Y,N,0,0,Y,,2023-04-20 开始转股,计算使用2.1年期 评级为AA 债参考YTM：1.6284,N,12.0,全价：127.615 最后更新：14:59:40,,,,0,{'M': ''},0,0,N,,,buy,buy
2026-09-28 15:46:14,113636,甬金转债,yjzz,128.126,-0.06,603995,甬金股份,yjgf,25.05,-1.07,1.5,26.22,95.54,0,34.11,162.24,230501,钢铁,shmb,C,2021-12-31,[],0,0,buy,AA-,,18.354,34.086,11.0,buy,2027-12-13,1.208,9.995,4284.78,10091.92,3.35,-7.03,,0,14:59:47,00,Y,N,1,1,Y,转股价下修1次，成功下修1次,2022-06-17 开始转股,计算使用1.3年期 评级为AA- 债参考YTM：1.8066,N,10.0,全价：128.126 最后更新：14:59:47,,,,1,{'M': ''},0,0,N,,,buy,buy
2026-09-28 15:46:14,123209,聚隆转债,jlzz,158.674,-0.24,300644,南京聚隆,njjl,20.62,-3.82,2.07,17.51,117.76,0,34.74,193.41,220503,基础化工,szcy,C,2023-08-17,[],0,0,buy,A+,,12.257,22.763,9.2,buy,2029-07-26,2.827,1.672,3152.24,5443.8,11.94,-10.38,,0,15:34:30,00,Y,N,0,0,Y,,2024-02-01 开始转股,计算使用2.9年期 评级为A+ 债参考YTM：4.4609,N,2.185,全价：158.674 最后更新：15:34:30,,,,0,[],0,0,N,,,buy,buy
2026-09-28 15:46:14,113680,丽岛转债,ldzz,138.735,0.33,603937,丽岛新材,ldxc,13.29,-1.92,1.75,12.91,102.94,0,34.77,173.51,240301,有色金属,shmb,C,2023-12-05,[],0,0,buy,A+,,9.037,16.783,10.8,buy,2029-11-15,3.134,2.998,11336.67,26845.61,27.54,-4.55,,0,14:59:58,00,Y,N,0,0,Y,,2024-05-21 开始转股,计算使用3.2年期 评级为A+ 债参考YTM：4.5170,N,3.0,全价：138.735 最后更新：14:59:58,,,,0,[],0,0,N,,,buy,buy
2026-09-28 15:46:14,118034,晶能转债,jnzz,114.376,-0.11,688223,晶科能源,jkny,3.68,-1.87,1.56,4.34,84.79,0,34.89,149.27,630502,电力设备,shkc,C,2023-05-19,[],0,0,buy,AA+,,3.038,5.208,22.1,buy,2029-04-20,2.562,83.22,9098.33,29735.02,0.96,-1.08,,0,14:58:41,00,Y,N,2,2,Y,转股价下修2次，成功下修2次,2023-10-26 开始转股,计算使用2.6年期 评级为AA+ 债参考YTM：1.6222,N,100.0,全价：114.376 最后更新：14:58:41,,,,0,{'M': ''},0,0,N,120%,,buy,buy
2026-09-28 15:46:14,123114,三角转债,sjzz,120.247,0.02,300775,三角防务,sjfw,20.19,-2.23,1.84,22.69,88.98,0,35.14,155.39,650201,国防军工,szcy,C,2021-06-11,[],0,0,buy,AA-,,15.883,29.497,8.4,buy,2027-05-25,0.655,8.999,3354.08,16018.35,3.1,-6.69,,0,15:34:00,00,Y,N,1,1,Y,转股价下修1次，成功下修1次,2021-11-30 开始转股,计算使用0.7年期 评级为AA- 债参考YTM：1.6963,N,9.044,全价：120.247 最后更新：15:34:00,,,,1,{'M': ''},0,0,N,,,buy,buy
2026-09-28 15:46:14,123199,山河转债,shzz,137.92,0.71,300452,山河药辅,shyf,13.25,0.99,3.0,13.0,101.92,0,35.32,173.24,370101,医药生物,szcy,C,2023-07-07,[],0,0,buy,A+,,9.1,16.9,12.1,buy,2029-06-12,2.707,3.197,1773.62,4723.04,4.03,-7.68,,0,15:34:24,00,Y,N,1,1,Y,转股价下修1次，成功下修1次,2023-12-18 开始转股,计算使用2.8年期 评级为A+ 债参考YTM：4.4389,N,3.2,全价：137.920 最后更新：15:34:24,,,,0,[],0,0,N,,,buy,buy
2026-09-28 15:46:14,113661,福22转债,f22zz,127.086,0.19,603806,福斯特,fst,13.7,-1.44,2.13,14.59,93.9,0,35.34,162.43,630504,电力设备,shmb,C,2022-12-22,[],0,0,buy,AA,,10.213,18.967,8.5,buy,2028-11-22,2.153,30.297,11148.83,23534.94,2.9,-5.3,,0,14:58:25,00,Y,N,1,1,N,"转股价下修1次，成功下修1次
2026-09-28 起暂停转股：权益分派
转股价14.590生效日期2026-05-27",2023-05-29 开始转股;2026-09-28 起暂停转股：权益分派,计算使用2.2年期 评级为AA 债参考YTM：1.6364,N,30.3,全价：127.086 最后更新：14:58:25,,,,0,{'M': ''},0,0,N,,,buy,buy
2026-09-28 15:46:14,127082,亚科转债,ykzz,127.828,-0.66,002540,亚太科技,ytkj,4.91,-1.41,1.09,5.22,94.06,0,35.9,163.73,240301,有色金属,szmb,C,2023-04-27,[],0,0,buy,AA,,3.654,6.786,27.5,buy,2029-03-09,2.447,11.585,3342.46,4431.28,2.26,-4.2,,0,15:33:54,00,Y,N,0,0,N,2026-09-24 至 2026-10-09 期间暂停转股：权益分派,2023-09-15 开始转股;2026-09-24 至 2026-10-09 期间暂停转股：权益分派,计算使用2.5年期 评级为AA 债参考YTM：1.6610,N,11.59,全价：127.828 最后更新：15:33:54,,,,0,[],0,0,N,,,buy,buy
2026-09-28 15:46:14,110075,南航转债,nhzz,106.396,0.01,600029,南方航空,nfhk,4.82,-0.82,2.9,6.17,78.12,0,36.2,142.6,421001,交通运输,shmb,C,2020-11-03,[],0,0,buy,AAA,,4.319,8.021,9.1,buy,2026-10-15,0.047,58.958,14542.79,21409.34,2.32,2.23,,0,14:59:55,00,Y,N,0,0,Y,,2021-04-21 开始转股,计算使用0.1年期 评级为AAA 债参考YTM：1.4800,N,160.0,全价：106.396 最后更新：14:59:55,,,,1,"{'R': '到期\n最后交易日：2026-10-09\n最后转股日：2026-10-14\n债券到期日：2026-10-15\n到期赎回价：106.500元/张', 'M': ''}",0,0,N,,,buy,buy
2026-09-28 15:46:14,123144,裕兴转债,yxzz,125.037,-2.47,300305,裕兴股份,yxgf,6.41,-10.47,1.22,7.0,91.57,0,36.55,161.59,220505,基础化工,szcy,C,2022-04-27,[],0,0,buy,A,,4.9,9.1,29.1,buy,2028-04-11,1.537,5.997,9250.84,22496.8,12.23,-4.28,,0,15:34:12,00,Y,N,2,2,Y,转股价下修2次，成功下修2次,2022-10-17 开始转股,计算使用1.6年期 评级为A 债参考YTM：6.5469,N,6.0,全价：125.037 最后更新：15:34:12,,,,1,[],0,0,N,,,buy,buy
2026-09-28 15:46:14,118016,京源转债,jyzz,142.639,-0.91,688096,京源环保,jyhb,7.2,-2.83,1.98,6.91,104.2,0,36.89,179.53,760102,环保,shkc,C,2022-08-25,[],0,0,buy,A,,4.837,8.983,10.0,buy,2028-08-05,1.855,1.675,2238.24,6399.4,9.37,-10.04,,0,14:59:53,00,Y,N,0,0,Y,,2023-02-13 开始转股,计算使用1.9年期 评级为A 债参考YTM：6.6024,N,3.325,全价：142.639 最后更新：14:59:53,,,,1,{'M': ''},0,0,N,,,buy,buy
2026-09-28 15:46:14,111012,福新转债,fxzz,365.965,-4.53,605488,福莱新材,flxc,29.68,-7.88,3.92,11.11,267.15,0,36.99,402.96,220505,基础化工,shmb,C,2023-02-07,[],0,0,buy,A+,,7.777,14.443,1.2,buy,2029-01-04,2.271,1.016,29808.81,34419.96,78.97,-39.47,,0,15:00:00,00,Y,N,0,0,Y,,2023-07-10 开始转股,计算使用2.3年期 评级为A+ 债参考YTM：4.3291,N,4.29,全价：365.965 最后更新：15:00:00,,,,0,{'G': '本次（2026年6月22日至2026年7月10日）不提前赎回，自2026年10月10日之后的首个交易日重新起算'},0,0,N,,,buy,buy
2026-09-28 15:46:14,118044,赛特转债,stzz,165.076,0.64,688398,赛特新材,stxc,22.68,-3.78,3.34,18.85,120.32,0,37.2,202.28,220309,基础化工,shkc,C,2023-10-12,[],0,0,buy,A+,,13.195,24.505,11.6,buy,2029-09-11,2.956,4.42,11177.39,4052.23,15.34,-11.27,,0,14:59:55,00,Y,N,1,1,Y,转股价下修1次，成功下修1次,2024-03-15 开始转股,计算使用3.0年期 评级为A+ 债参考YTM：4.4823,N,4.42,全价：165.076 最后更新：14:59:55,,,,0,"{'G': '本次（2026年3月10日至2026年4月20日）不提前赎回，以2026年10月21日起算', 'M': ''}",0,0,N,,,buy,buy
2026-09-28 15:46:14,123131,奥飞转债,afzz,255.858,-1.18,300738,奥飞数据,afsj,18.71,-3.11,4.95,10.05,186.17,0,37.43,293.29,730104,通信,szcy,C,2021-12-22,[],0,0,buy,A+,,7.035,13.065,1.7,buy,2027-12-03,1.181,3.159,11154.07,42773.46,13.8,-48.8,,0,15:34:12,00,Y,N,0,0,Y,,2022-06-09 开始转股,计算使用1.2年期 评级为A+ 债参考YTM：4.1249,N,6.35,全价：255.858 最后更新：15:34:12,,,,1,"{'G': '本次（2026年5月21日至2026年6月10日）不提前赎回，以2026年12月10日后的首个交易日重新计算', 'M': ''}",0,0,N,,,buy,buy
2026-09-28 15:46:14,127055,精装转债,jzzz,181.67,-3.67,002989,中天精装,ztjz,24.4,-5.54,3.49,18.5,131.89,0,37.74,219.41,620201,建筑装饰,szmb,C,2022-03-24,[],0,0,buy,AA-,,12.95,24.05,4.3,buy,2028-02-22,1.403,2.081,18888.33,24769.46,49.84,-27.21,,0,15:34:09,00,Y,N,0,0,Y,,2022-08-29 开始转股,计算使用1.5年期 评级为AA- 债参考YTM：1.8397,N,5.77,全价：181.670 最后更新：15:34:09,,,,1,{'G': '本次（2026年2月24日至2026年3月16日）不提前赎回，自2027年3月16日后首个交易日重新计算'},0,0,N,,,buy,buy
2026-09-28 15:46:14,113677,华懋转债,hmzz,305.449,-2.93,603306,华懋科技,hmkj,73.95,-7.47,6.38,33.66,219.7,0,39.03,344.48,280202,汽车,shmb,C,2023-10-12,[],0,0,buy,AA-,,23.562,43.758,4.3,buy,2029-09-14,2.964,10.489,25027.35,94043.2,7.79,-28.29,,0,15:00:00,00,Y,N,0,0,Y,,2024-03-20 开始转股,计算使用3.0年期 评级为AA- 债参考YTM：2.1323,N,10.5,全价：305.449 最后更新：15:00:00,,,,0,"{'G': '本次（2026年6月29日至2026年7月17日）不提前赎回，自2026年10月17日之后的首个交易日重新起算', 'M': ''}",0,0,N,,,buy,buy
2026-09-28 15:46:14,127050,麒麟转债,qlzz,117.35,0.18,002984,森麒麟,sql,12.72,-1.62,0.95,15.07,84.41,0,39.03,156.38,280204,汽车,szmb,C,2021-12-06,[],0,0,buy,AA,,10.549,19.591,23.0,buy,2027-11-11,1.121,20.86,4226.67,7402.79,1.73,-4.3,,0,15:33:57,00,Y,N,2,2,Y,转股价下修2次，成功下修2次,2022-05-17 开始转股,计算使用1.2年期 评级为AA 债参考YTM：1.5523,N,21.989,全价：117.350 最后更新：15:33:57,,,,1,{'M': ''},0,0,N,,,buy,buy
2026-09-28 15:46:14,123171,共同转债,gtzz,127.322,-1.04,300966,共同药业,gtyy,24.74,-2.9,3.59,27.08,91.36,0,39.36,166.68,370101,医药生物,szcy,C,2022-12-16,[],0,0,buy,A-,,18.956,35.204,20.1,buy,2028-11-28,2.17,3.799,3000.89,5275.22,6.18,-3.03,,0,15:34:15,00,Y,N,0,0,Y,,2023-06-02 开始转股,计算使用2.2年期 评级为A- 债参考YTM：9.0085,N,3.8,全价：127.322 最后更新：15:34:15,,,,0,{'M': ''},0,0,N,,,buy,buy
2026-09-28 15:46:14,118013,道通转债,dtzz,160.263,-0.98,688208,道通科技,dtkj,24.69,-3.55,4.21,21.48,114.94,0,39.43,199.69,710103,计算机,shkc,C,2022-07-28,[],0,0,buy,AA,,15.036,27.924,7.7,buy,2028-07-08,1.778,12.796,4609.65,13810.62,2.24,-16.44,,0,14:59:57,00,Y,N,0,0,N,2026-09-22 至 2026-09-29 期间暂停转股：权益分派,2023-01-16 开始转股;2026-09-22 至 2026-09-29 期间暂停转股：权益分派,计算使用1.8年期 评级为AA 债参考YTM：1.6034,N,12.8,全价：160.263 最后更新：14:59:57,,,,1,{'M': ''},0,0,N,,,buy,buy
2026-09-28 15:46:14,127031,洋丰转债,yfzz,112.98,-0.46,000902,新洋丰,xyf,13.6,-0.8,1.35,16.79,81.0,0,39.48,152.46,220805,基础化工,szmb,C,2021-04-23,[],0,0,buy,AA,,11.753,21.827,6.4,buy,2027-03-25,0.488,9.999,5932.98,9537.83,5.24,-1.79,,0,15:34:42,00,Y,N,1,1,Y,转股价下修1次，成功下修1次,2021-10-08 开始转股,计算使用0.5年期 评级为AA 债参考YTM：1.5116,N,10.0,全价：112.980 最后更新：15:34:42,,,,1,{'M': ''},0,0,N,,,buy,buy
2026-09-28 15:46:14,123071,天能转债,tnzz,114.855,0.03,300569,天能重工,tnzg,5.5,4.17,1.05,6.68,82.34,0,39.5,154.36,630602,电力设备,szcy,C,2020-11-25,[],0,0,buy,AA-,,4.676,8.684,12.4,buy,2026-10-21,0.063,6.934,7941.43,45363.82,9.97,2.09,,0,15:34:00,00,Y,N,2,2,Y,转股价下修2次，成功下修2次,2021-04-27 开始转股,计算使用0.1年期 评级为AA- 债参考YTM：1.6423,N,7.0,全价：114.855 最后更新：15:34:00,,,,1,"{'R': '到期\n最后交易日：2026-10-15\n最后转股日：2026-10-20\n债券到期日：2026-10-21\n到期赎回价：115.000元/张', 'M': ''}",0,0,N,,,buy,buy
2026-09-28 15:46:14,127099,盛航转债,shzz,131.55,-0.34,001205,盛航股份,shgf,14.4,-1.44,1.23,15.33,93.93,0,40.05,171.6,421101,交通运输,szmb,C,2023-12-28,[],0,0,buy,AA-,,10.731,19.929,18.9,buy,2029-12-06,3.192,4.541,2428.76,4152.89,4.07,-2.98,,0,15:34:03,00,Y,N,1,1,Y,转股价下修1次，成功下修1次,2024-06-12 开始转股,计算使用3.2年期 评级为AA- 债参考YTM：2.1663,N,7.4,全价：131.550 最后更新：15:34:03,,,,0,[],0,0,N,,,buy,buy
2026-09-28 15:46:14,123183,海顺转债,hszz,126.005,2.36,300501,海顺新材,hsxc,10.45,10.58,2.02,11.63,89.85,0,40.23,166.24,360206,轻工制造,szcy,C,2023-04-20,[],0,0,buy,AA-,,8.141,15.119,21.8,buy,2029-03-23,2.485,6.329,33570.29,15169.43,42.07,-2.48,,0,15:34:21,00,Y,N,2,0,Y,转股价下修2次，成功下修0次,2023-10-09 开始转股,计算使用2.5年期 评级为AA- 债参考YTM：2.0210,N,6.33,全价：126.005 最后更新：15:34:21,,,,0,[],0,0,N,,,buy,buy
2026-09-28 15:46:14,110103,申能转债,snzz,141.483,-0.06,600642,申能股份,sngf,8.81,0.34,1.05,8.74,100.8,126,40.36,181.84,410101,公用事业,shmb,C,2026-08-13,[],0,0,buy,AAA,,6.118,11.362,4.6,buy,2032-07-23,5.822,20.0,4007.78,17018.6,1.41,-4.26,,0,14:59:55,00,Y,N,0,0,Y,,未到转股期；2027-02-01 开始转股,计算使用5.9年期 评级为AAA 债参考YTM：1.7233,N,20.0,全价：141.483 最后更新：14:59:55,,,,0,{'M': ''},1,0,N,,,buy,buy
2026-09-28 15:46:14,113643,风语转债,fyzz,137.451,-0.8,603466,风语筑,fyz,11.52,-4.87,3.18,11.8,97.63,0,40.79,178.24,720706,传媒,shmb,C,2022-04-22,[],0,0,buy,AA-,,8.26,15.34,7.3,buy,2028-03-25,1.49,4.992,7258.07,48992.75,10.57,-10.37,,0,14:59:53,00,Y,N,1,1,Y,转股价下修1次，成功下修1次,2022-10-10 开始转股,计算使用1.5年期 评级为AA- 债参考YTM：1.8397,N,5.0,全价：137.451 最后更新：14:59:53,,,,1,{'M': ''},0,0,N,,,buy,buy
2026-09-28 15:46:14,123122,富瀚转债,fhzz,126.914,-1.3,300613,富瀚微,fhw,82.04,-5.57,5.85,91.5,89.66,0,41.55,168.46,270104,电子,szcy,C,2021-08-24,[],0,0,buy,A+,,64.05,118.95,3.2,buy,2027-08-06,0.855,5.801,4945.32,121631.11,6.71,-11.02,,0,15:34:06,00,Y,N,0,0,Y,,2022-02-14 开始转股,计算使用0.9年期 评级为A+ 债参考YTM：4.0775,N,5.812,全价：126.914 最后更新：15:34:06,,,,1,{'M': ''},0,0,N,,,buy,buy
2026-09-28 15:46:14,123222,博俊转债,bjzz,137.789,-1.25,300926,博俊科技,bjkj,16.02,-3.03,1.86,16.46,97.33,0,41.57,179.36,280205,汽车,szcy,C,2023-09-28,[],0,0,buy,A+,,11.522,21.398,5.1,buy,2029-09-08,2.948,2.438,3673.11,3971.72,10.89,-5.11,,0,15:34:21,00,Y,N,0,0,Y,,2024-03-14 开始转股,计算使用3.0年期 评级为A+ 债参考YTM：4.4823,N,5.0,全价：137.789 最后更新：15:34:21,,,,0,{'M': ''},0,0,N,,,buy,buy
2026-09-28 15:46:14,123176,精测转2,jcz2,426.592,-2.09,300567,精测电子,jcdz,194.15,-4.22,9.34,64.51,300.96,0,41.74,468.33,640107,机械设备,szcy,C,2023-03-22,[],0,0,buy,AA-,,45.157,83.863,2.9,buy,2029-03-02,2.427,12.753,48776.71,99225.09,8.89,-42.07,,0,15:34:18,00,Y,N,0,0,Y,,2023-09-08 开始转股,计算使用2.5年期 评级为AA- 债参考YTM：2.0210,N,12.76,全价：426.592 最后更新：15:34:18,,,,0,"{'G': '本次（2026年7月16日至2026年8月5日）不提前赎回，自2027年2月5日后首个交易日重新计算', 'M': ''}",0,0,N,,,buy,buy
2026-09-28 15:46:14,127064,杭氧转债,hyzz,133.2,-1.52,002430,杭氧股份,hygf,24.12,-3.13,2.32,25.67,93.96,0,41.76,174.96,220309,基础化工,szmb,C,2022-07-05,[],0,0,buy,AA+,,17.969,33.371,4.8,buy,2028-05-19,1.641,11.364,5521.67,24207.02,3.65,-11.22,,0,15:34:00,00,Y,N,1,1,Y,转股价下修1次，成功下修1次,2022-11-25 开始转股,计算使用1.7年期 评级为AA+ 债参考YTM：1.5715,N,11.37,全价：133.200 最后更新：15:34:00,,,,1,{'M': ''},0,0,N,,,buy,buy
2026-09-28 15:46:14,113067,燃23转债,r23zz,122.223,0.25,601139,深圳燃气,szrq,6.24,0.81,1.07,7.24,86.19,0,41.81,164.03,410301,公用事业,shmb,C,2023-08-18,[],0,0,buy,AAA,,5.068,9.412,16.7,buy,2029-07-27,2.83,29.999,3029.54,8004.39,0.83,-3.71,,0,14:59:03,00,Y,N,0,0,Y,,2024-02-02 开始转股,计算使用2.9年期 评级为AAA 债参考YTM：1.6083,N,30.0,全价：122.223 最后更新：14:59:03,,,,0,{'M': ''},0,0,N,,,buy,buy
2026-09-28 15:46:14,127105,龙星转债,lxzz,128.706,-0.45,002442,龙星科技,lxkj,5.23,-3.51,1.4,5.8,90.17,0,42.73,171.44,220603,基础化工,szmb,C,2024-03-06,[],0,0,buy,AA-,,4.06,7.54,29.3,buy,2030-01-31,3.345,7.533,4861.75,13297.81,5.03,-2.28,,0,15:34:18,00,Y,N,0,0,Y,,2024-08-07 开始转股,计算使用3.4年期 评级为AA- 债参考YTM：2.1871,N,7.54,全价：128.706 最后更新：15:34:18,,,,0,[],0,0,N,,,buy,buy
2026-09-28 15:46:14,123225,翔丰转债,xfzz,132.91,-0.72,300890,翔丰华,xfh,25.44,-3.09,1.32,27.34,93.05,0,42.84,175.75,630702,电力设备,szcy,C,2023-10-26,[],0,0,buy,AA-,,19.138,35.542,20.1,buy,2029-10-10,3.036,5.585,3026.24,8703.0,4.08,-2.71,,0,15:34:24,00,Y,N,1,1,Y,转股价下修1次，成功下修1次,2024-04-16 开始转股,计算使用3.1年期 评级为AA- 债参考YTM：2.1513,N,8.0,全价：132.910 最后更新：15:34:24,,,,0,{'M': ''},0,0,N,,,buy,buy
2026-09-28 15:46:14,123211,阳谷转债,ygzz,147.006,-0.95,300121,阳谷华泰,yght,9.45,-3.67,1.16,9.2,102.72,0,43.12,190.13,220604,基础化工,szcy,C,2023-08-14,[],0,0,buy,AA-,,6.44,11.96,7.6,buy,2029-07-27,2.83,3.07,2748.68,11398.85,6.1,-7.44,,0,15:34:18,00,Y,N,0,0,Y,,2024-02-02 开始转股,计算使用2.9年期 评级为AA- 债参考YTM：2.1108,N,6.5,全价：147.006 最后更新：15:34:18,,,,0,[],0,0,N,,,buy,buy
2026-09-28 15:46:14,123142,申昊转债,shzz,123.341,-0.98,300853,申昊科技,shkj,29.05,-4.22,7.01,33.71,86.18,0,43.13,166.47,630803,电力设备,szcy,C,2022-04-11,[],0,0,buy,BBB+,,23.597,43.823,12.9,buy,2028-03-18,1.471,5.494,3089.5,13134.2,4.57,-6.21,,0,15:34:06,00,Y,N,0,0,Y,,2022-09-26 开始转股,计算使用1.5年期 评级为BBB+ 债参考YTM：11.9797,N,5.5,全价：123.341 最后更新：15:34:06,,,,1,[],0,0,N,,,buy,buy
2026-09-28 15:46:14,123175,百畅转债,bczz,113.458,-0.65,300614,百川畅银,bccy,10.3,-0.1,1.93,13.0,79.23,0,43.2,156.66,760103,环保,szcy,C,2023-03-17,[],0,0,buy,BBB+,,9.1,16.9,25.4,buy,2029-02-22,2.406,4.199,1660.58,2698.3,3.48,1.06,,0,15:34:12,00,Y,N,3,3,Y,转股价下修3次，成功下修3次,2023-08-28 开始转股,计算使用2.5年期 评级为BBB+ 债参考YTM：12.2360,N,4.2,全价：113.458 最后更新：15:34:12,,,,0,{'M': ''},0,0,N,,,buy,buy
2026-09-28 15:46:14,127034,绿茵转债,lyzz,121.0,1.06,002887,绿茵生态,lyst,9.47,3.61,1.23,11.21,84.48,0,43.23,164.23,760104,环保,szmb,C,2021-05-28,[],0,0,buy,AA-,,7.847,14.573,20.8,buy,2027-04-30,0.586,4.279,11952.48,12918.91,23.18,-11.33,,0,15:34:51,00,Y,N,1,0,Y,转股价下修1次，成功下修0次,2021-11-11 开始转股,计算使用0.6年期 评级为AA- 债参考YTM：1.6827,Y,7.12,全价：121.000 最后更新：15:34:51,,,"按下调到底估算
股东大会：2026-09-29
预估转股价：9.58
预估转股价值：98.85
期权价值：12.39
理论价值：124.29
理论偏离度：-2.72%",1,[],0,0,N,,,buy,buy
2026-09-28 15:46:14,111003,聚合转债,jhzz,136.779,-0.54,605166,聚合顺,jhs,8.45,-2.87,1.32,8.85,95.48,0,43.25,180.03,220406,基础化工,shmb,C,2022-04-19,[],0,0,buy,AA-,,6.195,11.505,7.7,buy,2028-03-07,1.441,2.035,1800.88,3922.28,6.48,-10.16,,0,14:59:57,00,Y,N,2,2,Y,转股价下修2次，成功下修2次,2022-09-13 开始转股,计算使用1.5年期 评级为AA- 债参考YTM：1.8397,N,2.04,全价：136.779 最后更新：14:59:57,,,,1,[],0,0,N,,,buy,buy
2026-09-28 15:46:14,123241,欧通转债,otzz,847.071,-6.09,300870,欧陆通,olt,182.13,-9.88,10.58,30.8,591.33,0,43.25,890.32,630306,电力设备,szcy,C,2024-07-26,[],0,0,buy,AA-,,21.56,40.04,0.9,buy,2030-07-05,3.77,2.604,72697.27,112491.4,32.39,-41.37,,0,15:34:24,00,Y,N,0,0,Y,,2025-01-13 开始转股,计算使用3.8年期 评级为AA- 债参考YTM：2.2119,N,6.445,全价：847.071 最后更新：15:34:24,,,,0,"{'G': '本次（2026年8月10日至2026年8月28日）不提前赎回，自2026年11月28日后首个交易日重新计算', 'M': ''}",0,0,N,,,buy,buy
2026-09-28 15:46:14,127113,长高转债,cgzz,147.353,-0.33,002452,长高电气,cgdq,11.22,-3.19,2.21,10.92,102.75,0,43.41,190.76,630801,电力设备,szmb,C,2026-03-30,[],0,0,buy,AA-,,7.644,14.196,13.1,buy,2032-03-09,5.449,7.585,5739.01,11401.88,5.14,-4.7,,0,15:34:12,00,Y,N,0,0,Y,,2026-09-14 开始转股,计算使用5.5年期 评级为AA- 债参考YTM：2.4729,N,7.59,全价：147.353 最后更新：15:34:12,,,,0,{'M': ''},0,0,N,,,buy,buy
2026-09-28 15:46:14,118020,芳源转债,fyzz,116.612,-0.43,688148,芳源股份,fygf,5.69,-3.23,5.45,7.0,81.29,0,43.46,160.07,630702,电力设备,shkc,C,2022-11-07,[],0,0,buy,BBB,,4.9,9.1,22.1,buy,2028-09-23,1.989,6.417,1907.91,6032.19,2.55,2.93,,0,14:59:50,00,Y,N,3,3,Y,转股价下修3次，成功下修3次,2023-03-29 开始转股,计算使用2.0年期 评级为BBB 债参考YTM：15.2204,N,6.42,全价：116.612 最后更新：14:59:50,,,,1,{'M': ''},0,0,N,,,buy,buy
2026-09-28 15:46:14,123119,康泰转2,ktz2,117.66,0.86,300601,康泰生物,ktsw,12.86,-0.16,1.49,15.69,81.96,0,43.55,161.21,370303,医药生物,szcy,C,2021-08-05,[],0,0,buy,AA,,10.983,20.397,17.3,buy,2027-07-15,0.795,19.99,11176.74,15174.4,4.75,-6.08,,0,15:34:09,00,Y,N,6,5,Y,转股价下修6次，成功下修5次,2022-01-21 开始转股,计算使用0.8年期 评级为AA 债参考YTM：1.5363,N,20.0,全价：117.660 最后更新：15:34:09,,,,1,{'M': ''},0,0,N,,,buy,buy
2026-09-28 15:46:14,113649,丰山转债,fszz,126.741,0.45,603810,丰山集团,fsjt,11.96,-0.42,1.22,13.55,88.27,0,43.59,170.33,220803,基础化工,shmb,C,2022-07-21,[],0,0,buy,AA-,,9.485,17.615,23.1,buy,2028-06-27,1.748,4.577,3359.76,1904.39,5.81,-4.52,,0,14:59:40,00,Y,N,0,0,Y,,2023-01-03 开始转股,计算使用1.8年期 评级为AA- 债参考YTM：1.8876,N,5.0,全价：126.741 最后更新：14:59:40,,,,1,[],0,0,N,,,buy,buy
2026-09-28 15:46:14,123088,威唐转债,wtzz,114.82,-0.03,300707,威唐工业,wtgy,11.96,-1.48,1.85,14.97,79.89,0,43.72,158.54,280205,汽车,szcy,C,2021-01-06,[],0,0,buy,A+,,10.479,19.461,17.5,buy,2026-12-15,0.214,3.004,1813.7,2854.75,5.26,0.74,,0,15:34:00,00,Y,N,1,1,Y,转股价下修1次，成功下修1次,2021-06-21 开始转股,计算使用0.3年期 评级为A+ 债参考YTM：4.0008,N,3.014,全价：114.820 最后更新：15:34:00,,,,1,[],0,0,N,,,buy,buy
2026-09-28 15:46:14,113673,岱美转债,dmzz,188.549,-4.26,603730,岱美股份,dmgf,9.33,-6.98,4.26,7.12,131.04,0,43.89,232.44,280202,汽车,shmb,C,2023-08-10,[],0,0,buy,AA,,4.984,9.256,4.5,buy,2029-07-18,2.806,9.078,17750.34,19900.17,10.19,-16.29,,0,14:59:59,00,Y,N,1,1,Y,转股价下修1次，成功下修1次,2024-01-24 开始转股,计算使用2.9年期 评级为AA 债参考YTM：1.6941,N,9.079,全价：188.549 最后更新：14:59:59,,,,0,"{'G': '本次（2026年8月28日至2026年9月17日）不提前赎回，以2027年3月17日之后的首个交易日重新起算', 'M': ''}",0,0,N,,,buy,buy
2026-09-28 15:46:14,123255,鼎龙转债,dlzz,342.503,-1.61,300054,鼎龙股份,dlgf,67.5,-3.72,11.43,28.38,237.84,0,44.0,386.5,270601,电子,szcy,C,2025-04-23,[],0,0,buy,AA,,19.866,36.894,1.8,buy,2031-04-02,4.512,9.095,36767.72,131593.34,11.72,-21.82,,0,15:34:45,00,Y,N,0,0,Y,,2025-10-09 开始转股,计算使用4.6年期 评级为AA 债参考YTM：1.7930,N,9.1,全价：342.503 最后更新：15:34:45,,,,0,"{'G': '本次（2026年4月8日至2026年4月28日）不提前赎回，自2026年10月28日后首个交易日重新计算', 'M': ''}",0,0,N,,,buy,buy
2026-09-28 15:46:14,123165,回天转债,htzz,130.25,-1.03,300041,回天新材,htxc,10.67,-4.05,1.89,11.8,90.42,0,44.04,174.29,220316,基础化工,szcy,C,2022-11-15,[],0,0,buy,AA-,,8.26,15.34,14.6,buy,2028-10-27,2.082,8.496,2646.38,15297.15,2.39,-4.53,,0,15:34:12,00,Y,N,1,1,Y,转股价下修1次，成功下修1次,2023-05-04 开始转股,计算使用2.1年期 评级为AA- 债参考YTM：1.9381,N,8.5,全价：130.250 最后更新：15:34:12,,,,0,{'M': ''},0,0,N,,,buy,buy
2026-09-28 15:46:14,113070,渝水转债,yszz,121.55,-0.54,601158,重庆水务,cqsw,3.97,-0.25,1.11,4.72,84.11,0,44.51,166.06,760102,环保,shmb,C,2025-02-13,[],0,0,buy,AAA,,3.304,6.136,10.0,buy,2031-01-09,4.285,18.998,8341.65,1927.6,3.61,-2.06,,0,14:59:47,00,Y,N,0,0,Y,,2025-07-15 开始转股,计算使用4.3年期 评级为AAA 债参考YTM：1.6525,N,19.0,全价：121.550 最后更新：14:59:47,,,,0,{'M': ''},0,0,N,,,buy,buy
2026-09-28 15:46:14,113646,永吉转债,yjzz,153.899,-0.64,603058,永吉股份,yjgf,8.57,-3.49,3.12,8.05,106.46,0,44.56,198.46,360205,轻工制造,shmb,C,2022-05-17,[],0,0,buy,AA-,,5.635,10.465,3.9,buy,2028-04-14,1.545,1.372,2825.65,6830.12,13.4,-19.69,,0,14:59:42,00,Y,N,0,0,Y,,2022-10-20 开始转股,计算使用1.6年期 评级为AA- 债参考YTM：1.8557,N,1.459,全价：153.899 最后更新：14:59:42,,,,1,[],0,0,N,,,buy,buy
2026-09-28 15:46:14,123172,漱玉转债,syzz,125.788,-0.04,301017,漱玉平民,sypm,12.97,-2.11,2.5,14.91,86.99,0,44.6,170.39,370403,医药生物,szcy,C,2023-01-06,[],0,0,buy,AA-,,10.437,19.383,23.7,buy,2028-12-15,2.216,7.96,4723.04,8523.06,4.72,-3.47,,0,15:34:21,00,Y,N,1,1,Y,转股价下修1次，成功下修1次,2023-06-21 开始转股,计算使用2.3年期 评级为AA- 债参考YTM：1.9776,N,8.0,全价：125.788 最后更新：15:34:21,,,,0,{'M': ''},0,0,N,,,buy,buy
2026-09-28 15:46:14,118064,联瑞转债,lrzz,334.882,-5.3,688300,联瑞新材,lrxc,145.69,-13.18,19.7,63.05,231.07,0,44.93,379.81,220901,基础化工,shkc,C,2026-01-28,[],0,0,buy,AA,,44.135,81.965,2.0,buy,2032-01-08,5.282,6.949,76062.99,160323.68,32.57,-18.68,,0,15:00:00,00,Y,N,0,0,Y,,2026-07-14 开始转股,计算使用5.3年期 评级为AA 债参考YTM：1.8371,N,6.95,全价：334.882 最后更新：15:00:00,,,,0,"{'G': '本次（2026年7月14日至2026年8月3日）不提前赎回，以2026年11月4日为首个交易日重新计算', 'M': ''}",0,0,N,,,buy,buy
2026-09-28 15:46:14,118012,微芯转债,wxzz,144.45,0.11,688321,微芯生物,wxsw,25.21,-0.55,4.38,25.34,99.49,0,45.19,189.64,370102,医药生物,shkc,C,2022-07-28,[],0,0,buy,A+,,17.738,32.942,4.5,buy,2028-07-05,1.77,4.995,4587.65,19633.19,6.37,-11.15,,0,14:59:47,00,Y,N,0,0,Y,,2023-01-11 开始转股,计算使用1.8年期 评级为A+ 债参考YTM：4.2340,N,5.0,全价：144.450 最后更新：14:59:47,,,,1,{'M': ''},0,0,N,,,buy,buy
2026-09-28 15:46:14,110087,天业转债,tyzz,117.716,0.9,600075,新疆天业,xjty,4.53,0.0,0.83,5.6,80.89,0,45.52,163.24,220202,基础化工,shmb,C,2022-07-19,[],0,0,buy,AA+,,3.92,7.28,38.7,buy,2028-06-23,1.737,29.975,6627.12,5580.96,1.88,-3.97,,0,14:59:42,00,Y,N,1,1,Y,转股价下修1次，成功下修1次,2022-12-29 开始转股,计算使用1.8年期 评级为AA+ 债参考YTM：1.5780,N,30.0,全价：117.716 最后更新：14:59:42,,,,1,{'M': ''},0,0,N,,,buy,buy
2026-09-28 15:46:14,123269,金杨转债,jyzz,151.926,-0.39,301210,金杨精密,jygf,29.3,-2.98,2.32,28.24,103.75,28,46.43,198.36,630701,电力设备,szcy,C,2026-05-11,[],0,0,buy,AA-,,19.768,36.712,54.4,buy,2032-04-19,5.562,9.8,5403.42,11834.42,3.61,-5.14,,0,15:34:42,00,Y,N,0,0,Y,,未到转股期；2026-10-26 开始转股,计算使用5.6年期 评级为AA- 债参考YTM：2.5264,N,9.8,全价：151.926 最后更新：15:34:42,,,,0,{'M': ''},0,0,N,,,buy,buy
2026-09-28 15:46:14,118056,路维转债,lwzz,274.097,-5.28,688401,路维光电,lwgd,64.96,-8.2,7.71,35.29,184.08,0,48.91,323.01,270103,电子,shkc,C,2025-07-10,[],0,0,buy,AA-,,24.703,45.877,4.9,buy,2031-06-11,4.704,6.144,25223.58,37293.74,14.73,-16.92,,0,14:59:59,00,Y,N,0,0,Y,,2025-12-17 开始转股,计算使用4.8年期 评级为AA- 债参考YTM：2.2831,N,6.15,全价：274.097 最后更新：14:59:59,,,,0,"{'G': '本次（2026年7月30日至2026年8月19日)不提前赎回，以2026年11月20日为首个交易日重新计算', 'M': ''}",0,0,N,,,buy,buy
2026-09-28 15:46:14,113704,春风转债,cfzz,171.964,-1.28,603129,春风动力,cfdl,279.1,-4.01,5.34,241.7,115.47,79,48.92,220.88,280402,汽车,shmb,C,2026-07-07,[],0,0,buy,AA+,,169.19,314.21,5.1,buy,2032-06-09,5.701,21.79,8913.82,63439.52,2.36,-7.29,,0,15:00:00,00,Y,N,0,0,Y,,未到转股期；2026-12-16 开始转股,计算使用5.8年期 评级为AA+ 债参考YTM：1.8256,N,21.79,全价：171.964 最后更新：15:00:00,,,,0,{'M': ''},0,0,N,,,buy,buy
2026-09-28 15:46:14,110093,神马转债,smzz,116.496,-0.04,600810,神马股份,smgf,6.31,0.96,0.73,8.08,78.09,0,49.17,165.67,220406,基础化工,shmb,C,2023-04-20,[],0,0,buy,AAA,,5.656,10.504,32.6,buy,2029-03-16,2.466,22.197,3739.48,5201.0,1.44,-2.34,,0,14:59:45,00,Y,N,0,0,Y,,2023-09-22 开始转股,计算使用2.5年期 评级为AAA 债参考YTM：1.5935,N,30.0,全价：116.496 最后更新：14:59:45,,,,0,{'M': ''},0,0,N,,,buy,buy
2026-09-28 15:46:14,123195,蓝晓转02,lxz02,169.5,-0.78,300487,蓝晓科技,lxkj,67.0,-2.49,7.22,59.21,113.16,0,49.79,219.29,220504,基础化工,szcy,C,2023-05-08,[],0,0,buy,A+,,41.447,76.973,2.6,buy,2029-04-17,2.553,5.455,3592.05,22806.12,3.89,-13.08,,0,15:34:27,00,Y,N,0,0,N,2026-09-18 至 2026-09-28 期间暂停转股：权益分派,2023-10-23 开始转股;2026-09-18 至 2026-09-28 期间暂停转股：权益分派,计算使用2.6年期 评级为A+ 债参考YTM：4.3944,N,5.461,全价：169.500 最后更新：15:34:27,,,,0,"{'M': '', 'EX': '寇晓康竞价减持6.18% 2026年09月18日公告\n高月静竞价减持3.82% 2026年09月18日公告'}",0,0,N,,,buy,buy
2026-09-28 15:46:14,123158,宙邦转债,zbzz,246.92,-1.05,300037,新宙邦,xzb,66.67,-5.54,4.39,40.49,164.66,0,49.96,296.88,630702,电力设备,szcy,C,2022-10-21,[],0,0,buy,AA,,28.343,52.637,5.0,buy,2028-09-26,1.997,18.046,14880.53,103203.28,3.34,-32.96,,0,15:34:09,00,Y,N,0,0,Y,,2023-03-30 开始转股,计算使用2.0年期 评级为AA 债参考YTM：1.6204,N,19.7,全价：246.920 最后更新：15:34:09,,,,1,"{'G': '本次（2026年7月23日至2026年8月12日）不提前赎回，自2027年2月12日后首个交易日重新计算', 'M': ''}",0,0,N,,,buy,buy
2026-09-28 15:46:14,127054,双箭转债,sjzz,119.895,0.34,002381,双箭股份,sjgf,5.56,0.18,1.08,6.96,79.89,0,50.08,169.98,220602,基础化工,szmb,C,2022-03-15,[],0,0,buy,AA,,4.872,9.048,28.3,buy,2028-02-11,1.373,5.136,2383.23,2242.66,3.88,-3.78,,0,15:34:48,00,Y,N,0,0,Y,,2022-08-17 开始转股,计算使用1.4年期 评级为AA 债参考YTM：1.5673,N,5.136,全价：119.895 最后更新：15:34:48,,,,1,[],0,0,N,,,buy,buy
2026-09-28 15:46:14,118039,煜邦转债,ybzz,127.112,-0.35,688597,煜邦电力,ybdl,6.18,-1.28,2.53,7.3,84.66,0,50.15,177.26,630804,电力设备,shkc,C,2023-08-15,[],0,0,buy,A,,5.11,9.49,19.8,buy,2029-07-20,2.811,4.104,1525.34,1731.46,2.93,-3.02,,0,14:59:21,00,Y,N,0,0,Y,,2024-01-26 开始转股,计算使用2.9年期 评级为A 债参考YTM：6.8109,N,4.108,全价：127.112 最后更新：14:59:21,,,,0,{'M': ''},0,0,N,,,buy,buy
2026-09-28 15:46:14,123277,玉禾转债,yhzz,139.3,-0.76,300815,玉禾田,yht,14.97,-2.79,1.27,16.15,92.69,129,50.28,189.58,760103,环保,szcy,C,2026-08-14,[],0,0,buy,AA,,11.305,20.995,25.6,buy,2032-07-28,5.836,15.0,3102.39,6144.1,1.48,-3.48,,0,15:34:42,00,Y,N,0,0,Y,,未到转股期；2027-02-04 开始转股,计算使用5.9年期 评级为AA 债参考YTM：1.9538,N,15.0,全价：139.300 最后更新：15:34:42,,,,0,[],0,0,N,,,buy,buy
2026-09-28 15:46:14,113048,晶科转债,jkzz,112.319,-0.03,601778,晶科科技,jkkj,3.34,-2.34,0.75,4.47,74.72,0,50.32,162.64,410106,公用事业,shmb,C,2021-05-31,[],0,0,buy,AA,,3.129,5.811,12.4,buy,2027-04-23,0.567,15.453,2608.87,21843.43,1.5,-0.5,,0,14:59:18,00,Y,N,2,2,Y,转股价下修2次，成功下修2次,2021-10-29 开始转股,计算使用0.6年期 评级为AA 债参考YTM：1.5173,N,30.0,全价：112.319 最后更新：14:59:18,,,,1,{'M': ''},0,0,N,,,buy,buy
2026-09-28 15:46:14,113688,国检转债,gjzz,132.149,1.43,603060,国检集团,gjjt,5.66,3.85,2.23,6.45,87.75,0,50.59,182.74,460802,社会服务,shmb,C,2024-11-12,[],0,0,buy,AA+,,4.515,8.385,17.6,buy,2030-10-17,4.055,7.997,7791.12,8921.84,7.37,-3.16,,0,14:59:43,00,Y,N,0,0,Y,,2025-04-23 开始转股,计算使用4.1年期 评级为AA+ 债参考YTM：1.7130,N,8.0,全价：132.149 最后更新：14:59:43,,,,0,[],0,0,N,,,buy,buy
2026-09-28 15:46:14,123268,本川转债,bczz,200.0,-2.6,300964,本川智能,bczn,71.88,-5.74,6.81,54.13,132.79,25,50.61,250.61,270202,电子,szcy,C,2026-05-07,[],0,0,buy,AA-,,37.891,70.369,7.6,buy,2032-04-16,5.553,4.69,22426.69,46072.58,23.84,-9.06,,0,15:34:36,00,Y,N,0,0,Y,,未到转股期；2026-10-23 开始转股,计算使用5.6年期 评级为AA- 债参考YTM：2.5264,N,4.69,全价：200.000 最后更新：15:34:36,,,,0,{'M': ''},0,0,N,,,buy,buy
2026-09-28 15:46:14,113665,汇通转债,htzz,123.453,0.09,603176,汇通集团,htjt,5.17,-2.27,2.19,6.31,81.93,0,50.67,174.12,620306,建筑装饰,shmb,C,2023-01-11,[],0,0,buy,A+,,4.417,8.203,15.1,buy,2028-12-15,2.216,3.596,3026.71,3154.24,6.85,-1.87,,0,14:59:48,00,Y,N,1,1,Y,转股价下修1次，成功下修1次,2023-06-21 开始转股,计算使用2.3年期 评级为A+ 债参考YTM：4.3291,N,3.6,全价：123.453 最后更新：14:59:48,,,,0,[],0,0,N,,,buy,buy
2026-09-28 15:46:14,123237,佳禾转债,jhzz,133.095,-0.43,300793,佳禾智能,jhzn,11.84,-0.67,1.59,13.46,87.96,0,51.31,184.41,270504,电子,szcy,C,2024-01-24,[],0,0,buy,A+,,9.422,17.498,9.8,buy,2030-01-04,3.271,4.314,1190.92,5417.05,2.07,-3.86,,0,15:34:39,00,Y,N,1,1,Y,转股价下修1次，成功下修1次,2024-07-10 开始转股,计算使用3.3年期 评级为A+ 债参考YTM：4.5295,N,10.04,全价：133.095 最后更新：15:34:39,,,,0,[],0,0,N,,,buy,buy
2026-09-28 15:46:14,127059,永东转2,ydz2,125.33,1.99,002753,永东股份,ydgf,6.71,-1.61,1.07,8.11,82.74,0,51.48,176.81,220603,基础化工,szmb,C,2022-05-16,[],0,0,buy,AA-,,5.677,10.543,19.1,buy,2028-04-08,1.529,3.79,7554.47,3683.45,15.95,-4.46,,0,15:34:09,00,Y,N,0,0,Y,,2022-10-14 开始转股,计算使用1.6年期 评级为AA- 债参考YTM：1.8557,N,3.8,全价：125.330 最后更新：15:34:09,,,,1,[],0,0,N,,,buy,buy
2026-09-28 15:46:14,113694,清源转债,qyzz,123.714,0.53,603628,清源股份,qygf,10.46,1.26,2.14,12.85,81.4,0,51.98,175.69,630504,电力设备,shmb,C,2025-04-25,[],0,0,buy,A+,,8.995,16.705,17.6,buy,2031-04-08,4.529,4.999,3666.77,6298.71,5.94,-0.93,,0,14:59:20,00,Y,N,0,0,Y,,2025-10-14 开始转股,计算使用4.6年期 评级为A+ 债参考YTM：4.6269,N,5.0,全价：123.714 最后更新：14:59:20,,,,0,{'M': ''},0,0,N,,,buy,buy
2026-09-28 15:46:14,118052,浩瀚转债,hhzz,137.636,0.06,688292,浩瀚深度,hhsd,21.89,0.69,3.51,24.2,90.46,0,52.16,189.8,710103,计算机,shkc,C,2025-04-07,[],0,0,buy,A+,,16.94,31.46,10.2,buy,2031-03-13,4.458,3.539,16343.46,18120.59,33.38,-3.14,,0,14:59:59,00,Y,N,0,0,Y,,2025-09-19 开始转股,计算使用4.5年期 评级为A+ 债参考YTM：4.6224,N,3.54,全价：137.636 最后更新：14:59:59,,,,0,{'M': ''},0,0,N,,,buy,buy
2026-09-28 15:46:14,127115,炬申转债,jszz,167.41,-0.65,001202,炬申股份,jsgf,14.86,-1.46,2.82,13.56,109.59,126,52.76,220.17,420802,交通运输,szmb,C,2026-08-13,[],0,0,buy,AA-,,9.492,17.628,21.9,buy,2032-07-23,5.822,3.8,2865.62,2124.47,4.5,-6.5,,0,15:34:15,00,Y,N,0,0,Y,,未到转股期；2027-02-01 开始转股,计算使用5.9年期 评级为AA- 债参考YTM：2.6749,N,3.8,全价：167.410 最后更新：15:34:15,,,,0,[],0,0,N,,,buy,buy
2026-09-28 15:46:14,127089,晶澳转债,jazz,112.908,-0.3,002459,晶澳科技,jakj,6.56,-2.09,1.1,8.9,73.71,0,53.18,166.09,630502,电力设备,szmb,C,2023-08-04,[],0,0,buy,AA+,,6.23,11.57,41.3,buy,2029-07-18,2.806,89.588,10181.49,18196.81,1.01,-0.52,,0,15:34:15,00,Y,N,3,2,Y,转股价下修3次，成功下修2次,2024-01-24 开始转股,计算使用2.9年期 评级为AA+ 债参考YTM：1.6372,N,89.603,全价：112.908 最后更新：15:34:15,,,,0,{'M': ''},0,0,N,,,buy,buy
2026-09-28 15:46:14,118059,颀中转债,qzzz,198.591,-0.52,688352,颀中科技,qzkj,17.67,-7.44,3.64,13.7,128.98,0,53.97,252.56,270107,电子,shkc,C,2025-11-21,[],0,0,buy,AA+,,9.59,17.81,13.1,buy,2031-11-03,5.101,8.498,20862.95,45474.34,12.46,-10.68,,0,14:59:59,00,Y,N,0,0,Y,,2026-05-07 开始转股,计算使用5.2年期 评级为AA+ 债参考YTM：1.7481,N,8.5,全价：198.591 最后更新：14:59:59,,,,0,"{'G': '本次（2026年5月26日至2026年6月17日）不提前赎回，以2026年12月18日为首个交易日重新计算', 'M': ''}",0,0,N,,,buy,buy
2026-09-28 15:46:14,123157,科蓝转债,klzz,130.89,-0.01,300663,科蓝软件,klrj,7.44,-0.67,10.8,8.8,84.55,0,54.82,185.71,710401,计算机,szcy,C,2022-09-20,[],0,0,buy,A-,,6.16,11.44,6.7,buy,2028-08-30,1.923,2.34,2616.91,9744.72,8.57,-5.6,,0,15:34:06,00,Y,N,2,2,Y,转股价下修2次，成功下修2次,2023-03-06 开始转股,计算使用2.0年期 评级为A- 债参考YTM：8.9704,N,4.946,全价：130.890 最后更新：15:34:06,,,,1,{'M': ''},0,0,N,,,buy,buy
2026-09-28 15:46:14,123224,宇邦转债,ybzz,134.497,-0.13,301266,宇邦新材,ybxc,24.4,-3.75,1.86,28.09,86.86,0,54.84,189.34,630504,电力设备,szcy,C,2023-10-18,[],0,0,buy,A+,,19.663,36.517,8.6,buy,2029-09-19,2.978,2.848,3913.01,6934.11,10.22,-4.07,,0,15:34:30,00,Y,N,1,1,Y,转股价下修1次，成功下修1次,2024-03-25 开始转股,计算使用3.0年期 评级为A+ 债参考YTM：4.4823,N,5.0,全价：134.497 最后更新：15:34:30,,,,0,{'M': ''},0,0,N,,,buy,buy
2026-09-28 15:46:14,123155,中陆转债,zlzz,126.372,-0.34,301040,中环海陆,zhhl,25.88,-2.04,3.43,31.76,81.49,0,55.08,181.45,630602,电力设备,szcy,C,2022-08-31,[],0,0,buy,A+,,22.232,41.288,14.7,buy,2028-08-12,1.874,3.6,2595.63,3107.65,5.72,-3.86,,0,15:34:15,00,Y,N,0,0,Y,,2023-02-20 开始转股,计算使用1.9年期 评级为A+ 债参考YTM：4.2524,N,3.6,全价：126.372 最后更新：15:34:15,,,,1,{'M': ''},0,0,N,,,buy,buy
2026-09-28 15:46:14,123280,三鑫转债,sxzz,145.9,-0.41,300453,三鑫医疗,sxyl,9.04,0.22,3.16,9.62,93.97,135,55.26,201.16,370503,医药生物,szcy,C,2026-08-19,[],0,0,buy,AA-,,7.696,12.506,16.1,buy,2032-08-03,5.852,5.3,3502.07,4164.47,4.54,-4.22,,0,15:34:42,00,Y,N,0,0,Y,,未到转股期；2027-02-10 开始转股,计算使用5.9年期 评级为AA- 债参考YTM：2.6749,N,5.3,全价：145.900 最后更新：15:34:42,,,,0,[],1,0,N,,,buy,buy
2026-09-28 15:46:14,127083,山路转债,slzz,120.811,1.5,000498,山东路桥,sdlq,5.76,1.95,0.32,7.42,77.63,0,55.63,176.44,620306,建筑装饰,szmb,C,2023-04-26,[],0,0,buy,AAA,,5.194,9.646,57.9,buy,2029-03-24,2.488,48.359,36713.06,54435.45,6.29,-3.3,,0,15:34:09,00,Y,N,0,0,Y,,2023-10-09 开始转股,计算使用2.5年期 评级为AAA 债参考YTM：1.5935,N,48.36,全价：120.811 最后更新：15:34:09,,,,0,{'M': ''},0,0,N,,,buy,buy
2026-09-28 15:46:14,127093,章鼓转债,zgzz,127.5,-0.42,002598,ST章鼓,sdzg,6.79,-1.59,1.58,8.3,81.81,0,55.85,183.35,640106,机械设备,szmb,C,2023-11-03,[],0,0,buy,A,,5.81,10.79,12.5,buy,2029-10-17,3.055,2.425,618.1,1248.81,2.0,-2.54,,0,15:34:18,00,Y,N,1,1,Y,转股价下修1次，成功下修1次,2024-04-23 开始转股,计算使用3.1年期 评级为A 债参考YTM：6.8515,N,2.43,全价：127.500 最后更新：15:34:18,,,,0,[],0,0,N,,,buy,buy
2026-09-28 15:46:14,123214,东宝转债,dbzz,127.053,0.6,300239,东宝生物,dbsw,5.38,0.56,1.82,6.62,81.27,0,56.34,183.39,370304,医药生物,szcy,C,2023-08-18,[],0,0,buy,A+,,4.634,8.606,14.3,buy,2029-07-31,2.841,4.549,3194.69,5453.78,5.55,-3.05,,0,15:34:24,00,Y,N,0,0,Y,,2024-02-05 开始转股,计算使用2.9年期 评级为A+ 债参考YTM：4.4609,N,4.55,全价：127.053 最后更新：15:34:24,,,,0,[],0,0,N,,,buy,buy
2026-09-28 15:46:14,110092,三房转债,sfzz,74.554,0.95,600370,*ST三房,sfx,1.44,-2.04,1.12,3.02,47.68,0,56.36,130.91,220401,基础化工,shmb,C,2023-02-07,[],0,0,buy,A-,,2.114,3.926,36.6,buy,2029-01-06,2.277,21.185,4852.52,1667.12,3.09,20.7,,0,14:59:45,00,Y,N,0,0,Y,,2023-07-12 开始转股,计算使用2.3年期 评级为A- 债参考YTM：9.0291,N,25.0,全价：74.554 最后更新：14:59:45,,,,0,[],0,0,N,,,buy,buy
2026-09-28 15:46:14,111022,锡振转债,xzzz,154.954,-0.01,605319,无锡振华,wxzh,22.05,-1.08,2.67,22.39,98.48,0,57.34,212.29,280205,汽车,shmb,C,2025-07-14,[],0,0,buy,AA-,,15.673,29.107,6.8,buy,2031-06-18,4.723,5.197,3121.18,5263.96,3.87,-5.76,,0,14:59:41,00,Y,N,0,0,N,2026-09-21 至 2026-09-29 期间暂停转股：权益分派,2025-12-24 开始转股;2026-09-21 至 2026-09-29 期间暂停转股：权益分派,计算使用4.8年期 评级为AA- 债参考YTM：2.2831,N,5.2,全价：154.954 最后更新：14:59:41,,,,0,[],0,0,N,,,buy,buy
2026-09-28 15:46:14,123271,通合转债,thzz,164.536,-3.64,300491,通合科技,thkj,34.69,-9.47,5.09,33.18,104.55,71,57.37,221.91,630306,电力设备,szcy,C,2026-06-17,[],0,0,buy,AA,,23.226,43.134,9.5,buy,2032-06-01,5.68,5.219,9226.86,38320.8,10.64,-5.65,,0,15:34:39,00,Y,N,0,0,Y,,未到转股期；2026-12-08 开始转股,计算使用5.7年期 评级为AA 债参考YTM：1.9139,N,5.22,全价：164.536 最后更新：15:34:39,,,,0,[],0,0,N,,,buy,buy
2026-09-28 15:46:14,123193,海能转债,hnzz,127.101,0.26,300787,海能实业,hnsy,11.7,0.0,2.38,14.5,80.69,0,57.52,184.62,270504,电子,szcy,C,2023-05-09,[],0,0,buy,AA-,,10.15,18.85,26.1,buy,2029-04-13,2.543,5.997,3167.34,9683.66,4.17,-2.76,,0,15:34:24,00,Y,N,0,0,Y,,2023-10-19 开始转股,计算使用2.6年期 评级为AA- 债参考YTM：2.0434,N,6.0,全价：127.101 最后更新：15:34:24,,,,0,[],0,0,N,,,buy,buy
2026-09-28 15:46:14,110090,爱迪转债,adzz,124.189,0.04,600933,爱柯迪,akd,13.52,-1.1,1.43,17.15,78.83,0,57.53,181.72,280203,汽车,shmb,C,2022-10-28,[],0,0,buy,AA,,12.005,22.295,12.0,buy,2028-09-23,1.989,15.695,7064.78,13691.98,3.63,-5.32,,0,14:58:49,00,Y,N,0,0,Y,,2023-03-29 开始转股,计算使用2.0年期 评级为AA 债参考YTM：1.6204,N,15.7,全价：124.189 最后更新：14:58:49,,,,1,{'M': ''},0,0,N,,,buy,buy
2026-09-28 15:46:14,123281,中仑转债,zlzz,150.368,-1.2,301565,中仑新材,zlxc,19.32,-3.16,3.14,20.28,95.27,137,57.84,208.21,220505,基础化工,szcy,C,2026-08-24,[],0,0,buy,AA-,,14.196,26.364,43.2,buy,2032-08-05,5.858,10.68,3169.53,7417.01,1.97,-4.71,,0,15:33:57,00,Y,N,0,0,Y,,未到转股期；2027-02-12 开始转股,计算使用5.9年期 评级为AA- 债参考YTM：2.6749,N,10.68,全价：150.368 最后更新：15:33:57,,,,0,{'M': ''},0,0,N,,,buy,buy
2026-09-28 15:46:14,127111,金威转债,jwzz,132.398,0.28,002626,金达威,jdw,16.02,-1.05,2.32,19.19,83.48,0,58.6,191.0,340407,食品饮料,szmb,C,2025-09-08,[],0,0,buy,AA,,13.433,24.947,13.2,buy,2031-08-20,4.896,12.924,4141.05,5164.79,2.42,-3.15,,0,15:34:09,00,Y,N,0,0,Y,,2026-02-26 开始转股,计算使用4.9年期 评级为AA 债参考YTM：1.8024,N,12.924,全价：132.398 最后更新：15:34:09,,,,0,{'M': ''},0,0,N,,,buy,buy
2026-09-28 15:46:14,113699,XD金25转,j25zz,180.14,-1.88,603979,金诚信,jcx,71.11,-1.71,3.58,62.8,113.23,0,59.09,239.23,240302,有色金属,shmb,C,2025-10-27,[],0,0,buy,AA,,43.96,81.64,4.5,buy,2031-09-26,4.997,19.998,12090.55,22140.22,3.34,-8.61,,0,14:59:53,00,Y,N,0,0,Y,,2026-04-10 开始转股,计算使用5.0年期 评级为AA 债参考YTM：1.8061,N,20.0,全价：180.140 最后更新：14:59:53,,,,0,{'M': ''},0,0,N,,,buy,buy
2026-09-28 15:46:14,127114,宜化转债,yhzz,131.206,0.46,000422,湖北宜化,hbyh,11.54,-2.12,1.62,14.09,81.9,98,60.2,191.41,220801,基础化工,szmb,C,2026-07-14,[],0,0,buy,AA+,,9.863,18.317,26.8,buy,2032-06-25,5.745,33.0,10072.74,14980.03,2.34,-2.49,,0,15:34:12,00,Y,Y,0,0,Y,,未到转股期；2027-01-04 开始转股,计算使用5.8年期 评级为AA+ 债参考YTM：1.8256,N,33.0,全价：131.206 最后更新：15:34:12,,,,0,{'M': ''},0,0,N,,,buy,buy
2026-09-28 15:46:14,127049,希望转2,xwz2,107.899,-0.47,000876,新希望,xxw,6.82,-1.45,1.61,10.13,67.33,0,60.27,168.17,110402,农林牧渔,szmb,C,2021-11-29,[],0,0,buy,AAA,,7.091,13.169,26.5,buy,2027-11-02,1.096,81.434,17665.75,25250.72,2.01,0.6,,0,15:34:06,00,Y,N,1,1,Y,转股价下修1次，成功下修1次,2022-05-09 开始转股,计算使用1.1年期 评级为AAA 债参考YTM：1.5160,N,81.5,全价：107.899 最后更新：15:34:06,,,,1,{'M': ''},0,0,N,,,buy,buy
2026-09-28 15:46:14,127104,姚记转债,yjzz,134.65,-0.27,002605,姚记科技,yjkj,16.27,-0.97,1.78,19.38,83.95,0,60.39,195.04,720401,传媒,szmb,C,2024-02-26,[],0,0,buy,A+,,13.566,25.194,10.6,buy,2030-01-24,3.326,5.822,1061.19,3787.35,1.35,-3.43,,0,15:34:15,00,Y,N,0,0,Y,,2024-07-31 开始转股,计算使用3.4年期 评级为A+ 债参考YTM：4.5397,N,5.831,全价：134.650 最后更新：15:34:15,,,,0,[],0,0,N,,,buy,buy
2026-09-28 15:46:14,127069,小熊转债,xxzz,124.1,1.67,002959,小熊电器,xxdq,33.78,6.97,1.78,43.71,77.28,0,60.58,184.68,330301,家用电器,szmb,C,2022-09-07,[],0,0,buy,AA-,,30.597,56.823,10.7,buy,2028-08-12,1.874,5.041,25784.56,16549.56,40.99,-2.91,,0,15:34:03,00,Y,N,1,1,Y,转股价下修1次，成功下修1次,2023-02-20 开始转股,计算使用1.9年期 评级为AA- 债参考YTM：1.9038,N,5.36,全价：124.100 最后更新：15:34:03,,,,1,{'M': ''},0,0,N,,,buy,buy
2026-09-28 15:46:14,123272,中汽转债,zqzz,140.168,-0.09,301215,中汽股份,zqgf,5.22,-1.32,2.29,5.99,87.15,80,60.84,201.01,280303,汽车,szcy,C,2026-06-30,[],0,0,buy,AA+,,4.193,7.787,15.1,buy,2032-06-10,5.704,10.39,2514.4,5190.74,1.73,-3.83,,0,15:33:54,00,Y,N,0,0,Y,,未到转股期；2026-12-17 开始转股,计算使用5.8年期 评级为AA+ 债参考YTM：1.8256,N,10.39,全价：140.168 最后更新：15:33:54,,,,0,{'M': ''},1,0,N,,,buy,buy
2026-09-28 15:46:14,118061,茂莱转债,mlzz,180.48,-1.36,688502,茂莱光学,mlgx,408.3,-8.16,17.25,364.15,112.12,0,60.96,241.44,270303,电子,shkc,C,2025-12-10,[],0,0,buy,A+,,254.905,473.395,2.6,buy,2031-11-21,5.151,5.621,12801.84,63120.76,12.58,-8.05,,0,15:00:00,00,Y,N,0,0,Y,,2026-05-27 开始转股,计算使用5.2年期 评级为A+ 债参考YTM：4.6867,N,5.625,全价：180.480 最后更新：15:00:00,,,,0,"{'G': '本次（2026年5月28日至2026年7月3日）不提前赎回，以2026年10月4日首个交易日重新计算', 'M': ''}",0,0,N,,,buy,buy
2026-09-28 15:46:14,127108,太能转债,tnzz,120.758,0.44,000591,太阳能,tyn,4.14,-0.48,0.67,5.54,74.73,0,61.59,182.35,410106,公用事业,szmb,C,2025-04-16,[],0,0,buy,AA+,,3.878,7.202,18.3,buy,2031-03-28,4.499,29.498,4460.38,11270.46,1.25,-0.73,,0,15:34:21,00,Y,N,0,0,Y,,2025-10-09 开始转股,计算使用4.5年期 评级为AA+ 债参考YTM：1.7261,N,29.5,全价：120.758 最后更新：15:34:21,,,,0,{'M': ''},0,0,N,,,buy,buy
2026-09-28 15:46:14,111020,合顺转债,hszz,130.009,-0.78,605166,聚合顺,jhs,8.45,-2.87,1.32,10.53,80.25,0,62.01,192.02,220406,基础化工,shmb,C,2024-08-15,[],0,0,buy,AA-,,7.371,13.689,12.7,buy,2030-07-22,3.816,3.38,1491.78,3922.28,3.39,-2.26,,0,14:58:44,00,Y,N,0,0,Y,,2025-01-27 开始转股,计算使用3.9年期 评级为AA- 债参考YTM：2.2187,N,3.38,全价：130.009 最后更新：14:58:44,,,,0,[],0,0,N,,,buy,buy
2026-09-28 15:46:14,113678,中贝转债,zbzz,135.061,-1.0,603220,中贝通信,zbtx,16.99,-6.55,2.34,20.47,83.0,0,62.73,197.79,730103,通信,shmb,C,2023-11-21,[],0,0,buy,A+,,14.329,26.611,5.6,buy,2029-10-19,3.06,5.106,3374.96,33886.45,4.89,-3.76,,0,14:59:58,00,Y,N,2,1,Y,转股价下修2次，成功下修1次,2024-04-25 开始转股,计算使用3.1年期 评级为A+ 债参考YTM：4.5015,N,5.17,全价：135.061 最后更新：14:59:58,,,,0,{'M': ''},0,0,N,,,buy,buy
2026-09-28 15:46:14,110100,龙建转债,ljzz,114.935,-0.74,600853,龙建股份,ljgf,3.24,-0.61,0.78,4.59,70.59,0,62.82,177.76,620306,建筑装饰,shmb,C,2026-02-12,[],0,0,buy,AA,,3.213,5.967,30.4,buy,2032-01-22,5.321,10.0,7753.8,2737.15,6.75,-0.24,,0,14:59:20,00,Y,N,0,0,Y,,2026-07-28 开始转股,计算使用5.4年期 评级为AA 债参考YTM：1.8540,N,10.0,全价：114.935 最后更新：14:59:20,,,,0,{'EX': '黑龙江省建设投资集团有限公司大宗减持11.70% 2026年09月28日公告'},1,0,N,,,buy,buy
2026-09-28 15:46:14,110086,精工转债,jgzz,119.029,0.29,600496,精工钢构,jggg,3.34,-0.6,0.72,4.57,73.09,0,62.86,181.89,620401,建筑装饰,shmb,C,2022-05-23,[],0,0,buy,AA,,3.199,5.941,30.1,buy,2028-04-22,1.567,19.999,3891.19,8337.31,1.63,-2.86,,0,14:59:59,00,Y,N,0,0,Y,,2022-10-28 开始转股,计算使用1.6年期 评级为AA 债参考YTM：1.5850,N,20.0,全价：119.029 最后更新：14:59:59,,,,1,{'M': ''},0,0,N,,,buy,buy
2026-09-28 15:46:14,113696,伯25转债,b25zz,129.744,-0.29,603596,伯特利,btl,28.0,-1.93,2.98,35.16,79.64,0,62.92,192.66,280203,汽车,shmb,C,2025-07-28,[],0,0,buy,AA,,24.612,45.708,11.1,buy,2031-07-01,4.759,28.017,5881.84,35693.77,1.62,-2.82,,0,14:59:58,00,Y,N,0,0,Y,,2026-01-07 开始转股,计算使用4.8年期 评级为AA 债参考YTM：1.7991,N,28.02,全价：129.744 最后更新：14:59:58,,,,0,{'M': ''},0,0,N,,,buy,buy
2026-09-28 15:46:14,110102,江农转债,jnzz,140.289,-0.87,600389,江山股份,jsgf,17.74,-2.04,1.78,20.64,85.95,114,63.22,203.51,220803,基础化工,shmb,C,2026-08-05,[],0,0,buy,AA+,,14.448,26.832,15.5,buy,2032-07-13,5.795,11.85,6805.94,11426.74,4.08,-3.77,,0,14:59:43,00,Y,N,0,0,Y,,未到转股期；2027-01-20 开始转股,计算使用5.8年期 评级为AA+ 债参考YTM：1.8256,N,11.85,全价：140.289 最后更新：14:59:43,,,,0,{'M': ''},1,0,N,,,buy,buy
2026-09-28 15:46:14,123278,合金转债,hjzz,164.4,-2.02,300697,电工合金,dghj,14.03,-5.33,4.67,13.98,100.36,130,63.81,228.21,240302,有色金属,szcy,C,2026-08-18,[],0,0,buy,AA-,,9.786,18.174,11.7,buy,2032-07-29,5.838,5.45,5696.18,15163.63,6.34,-6.19,,0,15:34:51,00,Y,N,0,0,Y,,未到转股期；2027-02-05 开始转股,计算使用5.9年期 评级为AA- 债参考YTM：2.6749,N,5.45,全价：164.400 最后更新：15:34:51,,,,0,[],0,0,N,,,buy,buy
2026-09-28 15:46:14,127102,浙建转债,zjzz,117.07,-0.23,002761,浙江建投,zjjt,7.25,0.28,0.92,10.17,71.29,0,64.22,181.29,620101,建筑装饰,szmb,C,2024-01-16,[],0,0,buy,AA+,,7.119,13.221,12.7,buy,2029-12-25,3.244,9.951,2590.75,5667.43,2.22,-1.41,,0,15:34:06,00,Y,N,0,0,Y,,2024-07-01 开始转股,计算使用3.3年期 评级为AA+ 债参考YTM：1.6599,N,10.0,全价：117.070 最后更新：15:34:06,,,,0,{'M': ''},0,0,N,,,buy,buy
2026-09-28 15:46:14,123261,普联转债,plzz,152.755,-0.87,300996,普联软件,plrj,12.05,-3.14,3.71,12.97,92.91,0,64.42,217.18,710401,计算机,szcy,C,2025-12-22,[],0,0,buy,A+,,9.079,16.861,6.0,buy,2031-12-05,5.189,2.428,5825.17,16704.44,15.7,-4.79,,0,15:34:51,00,Y,N,0,0,Y,,2026-06-11 开始转股,计算使用5.2年期 评级为A+ 债参考YTM：4.6867,N,2.43,全价：152.755 最后更新：15:34:51,,,,0,{'M': ''},0,0,N,,,buy,buy
2026-09-28 15:46:14,118060,瑞可转债,rkzz,177.027,-3.51,688800,瑞可达,rkd,56.25,-8.76,6.44,52.53,107.08,0,65.32,242.35,270401,电子,shkc,C,2025-12-12,[],0,0,buy,AA-,,36.771,68.289,6.2,buy,2031-11-14,5.132,9.999,14908.23,73707.75,8.39,-8.05,,0,14:59:48,00,Y,N,0,0,Y,,2026-05-20 开始转股,计算使用5.2年期 评级为AA- 债参考YTM：2.3380,N,10.0,全价：177.027 最后更新：14:59:48,,,,0,"{'G': '本次（2026年5月20日至2026年6月9日）不提前赎回，以2026年12月10日为首个交易日重新计算', 'M': ''}",0,0,N,,,buy,buy
2026-09-28 15:46:14,111021,奥锐转债,arzz,131.799,-0.25,605116,奥锐特,art,19.55,-0.26,2.97,24.6,79.47,0,65.84,197.64,370101,医药生物,shmb,C,2024-08-15,[],0,0,buy,AA-,,17.22,31.98,10.2,buy,2030-07-26,3.827,8.121,4293.02,2541.71,4.01,-2.61,,0,14:59:30,00,Y,N,0,0,Y,,2025-02-05 开始转股,计算使用3.9年期 评级为AA- 债参考YTM：2.2187,N,8.121,全价：131.799 最后更新：14:59:30,,,,0,[],0,0,N,,,buy,buy
2026-09-28 15:46:14,113698,凯众转债,kzzz,132.435,-0.38,603037,凯众股份,kzgf,10.02,-1.96,2.68,12.55,79.84,0,65.87,198.31,280203,汽车,shmb,C,2025-09-10,[],0,0,buy,AA-,,8.785,16.315,11.5,buy,2031-08-15,4.882,3.079,2136.74,4733.08,5.24,-3.15,,0,14:59:20,00,Y,N,0,0,Y,,2026-02-24 开始转股,计算使用4.9年期 评级为AA- 债参考YTM：2.2894,N,3.08,全价：132.435 最后更新：14:59:20,,,,0,[],1,0,N,,,buy,buy
2026-09-28 15:46:14,113674,华设转债,hszz,124.379,-0.36,603018,华设集团,hsjt,5.16,0.19,0.78,6.91,74.67,0,66.56,190.94,620601,建筑装饰,shmb,C,2023-08-15,[],0,0,buy,AA,,4.837,8.983,9.5,buy,2029-07-21,2.814,3.999,2137.35,3067.2,4.3,-2.7,,0,14:59:20,00,Y,N,0,0,Y,,2024-01-29 开始转股,计算使用2.9年期 评级为AA 债参考YTM：1.6941,N,4.0,全价：124.379 最后更新：14:59:20,,,,0,{'M': ''},0,0,N,,,buy,buy
2026-09-28 15:46:14,123282,震裕转02,zyz02,149.964,0.78,300953,震裕科技,zykj,93.75,-3.15,4.7,104.25,89.93,147,66.76,216.72,630701,电力设备,szcy,C,2026-09-02,[],0,0,buy,AA-,,72.975,135.525,11.4,buy,2032-08-16,5.888,18.8,17271.78,46101.31,6.19,-4.64,,0,15:34:45,00,Y,N,0,0,Y,,未到转股期；2027-02-22 开始转股,计算使用5.9年期 评级为AA- 债参考YTM：2.6749,N,18.8,全价：149.964 最后更新：15:34:45,,,,0,{'M': ''},0,0,N,,,buy,buy
2026-09-28 15:46:14,123279,天脉转债,tmzz,188.5,-0.82,301626,苏州天脉,sztm,301.4,-7.09,21.68,267.33,112.75,133,67.19,255.69,270504,电子,szcy,C,2026-08-18,[],0,0,buy,AA,,187.131,347.529,5.0,buy,2032-08-02,5.849,7.86,18897.4,89851.49,12.85,-8.38,,0,15:34:39,00,Y,N,0,0,Y,,未到转股期；2027-02-08 开始转股,计算使用5.9年期 评级为AA 债参考YTM：1.9538,N,7.86,全价：188.500 最后更新：15:34:39,,,,0,{'M': ''},0,0,N,,,buy,buy
2026-09-28 15:46:14,113706,金帝转债,jdzz,179.449,-2.18,603270,金帝股份,jdgf,32.84,-8.04,3.04,30.62,107.25,85,67.32,246.77,640108,机械设备,shmb,C,2026-07-10,[],0,0,buy,AA,,21.434,39.806,28.5,buy,2032-06-14,5.715,9.7,21293.95,26206.54,12.24,-7.05,,0,15:00:00,00,Y,N,0,0,Y,,未到转股期；2026-12-22 开始转股,计算使用5.8年期 评级为AA 债参考YTM：1.9343,N,9.7,全价：179.449 最后更新：15:00:00,,,,0,{'M': ''},0,0,N,,,buy,buy
2026-09-28 15:46:14,113692,保隆转债,blzz,125.547,-0.18,603197,保隆科技,blkj,29.06,-1.02,1.85,38.78,74.94,0,67.54,193.09,280205,汽车,shmb,C,2024-11-27,[],0,0,buy,AA,,27.146,50.414,22.6,buy,2030-10-31,4.093,13.897,2810.77,5791.8,1.61,-2.49,,0,14:59:11,00,Y,N,0,0,Y,,2025-05-06 开始转股,计算使用4.1年期 评级为AA 债参考YTM：1.7732,N,13.9,全价：125.547 最后更新：14:59:11,,,,0,{'M': ''},0,0,N,,,buy,buy
2026-09-28 15:46:14,113705,豪26转债,h26zz,132.7,-0.73,603809,豪能股份,hngf,8.5,-1.51,2.01,10.74,79.14,85,67.67,200.37,280203,汽车,shmb,C,2026-07-10,[],0,0,buy,AA-,,6.444,13.962,23.0,buy,2032-06-14,5.715,18.0,3920.55,4355.66,1.64,-2.7,,0,15:00:00,00,Y,N,0,0,Y,,未到转股期；2026-12-22 开始转股,计算使用5.8年期 评级为AA- 债参考YTM：2.6300,N,18.0,全价：132.700 最后更新：15:00:00,,,,0,{'M': ''},0,0,N,,,buy,buy
2026-09-28 15:46:14,123284,强达转债,qdzz,210.26,-1.15,301628,强达电路,qddl,105.26,-7.26,6.65,84.04,125.25,150,67.87,278.13,270202,电子,szcy,C,2026-09-03,[],0,0,buy,AA-,,58.828,109.252,18.0,buy,2032-08-18,5.893,5.5,20437.16,46468.83,17.73,-10.0,,0,15:33:54,00,Y,N,0,0,Y,,未到转股期；2027-02-25 开始转股,计算使用5.9年期 评级为AA- 债参考YTM：2.6749,N,5.5,全价：210.260 最后更新：15:33:54,,,,0,{'M': ''},0,0,N,,,buy,buy
2026-09-28 15:46:14,113652,伟22转债,w22zz,119.002,0.41,603568,伟明环保,wmhb,13.36,0.0,1.86,19.02,70.24,0,69.42,188.42,760103,环保,shmb,C,2022-08-12,[],0,0,buy,AA,,13.314,24.726,5.4,buy,2028-07-22,1.816,14.766,3498.53,7018.82,2.0,-3.41,,0,14:58:22,00,Y,N,2,2,Y,转股价下修2次，成功下修2次,2023-01-30 开始转股,计算使用1.9年期 评级为AA 债参考YTM：1.6122,N,14.77,全价：119.002 最后更新：14:58:22,,,,1,{'M': ''},0,0,N,,,buy,buy
2026-09-28 15:46:14,111026,派克转债,pkzz,163.161,-1.4,605123,派克新材,pkxc,78.2,-2.25,2.0,81.3,96.19,137,69.63,232.79,650201,国防军工,shmb,C,2026-08-25,[],0,0,buy,AA,,56.91,105.69,16.7,buy,2032-08-05,5.858,15.8,5520.12,10993.99,2.14,-6.07,,0,14:59:43,00,Y,N,0,0,Y,,未到转股期；2027-02-12 开始转股,计算使用5.9年期 评级为AA 债参考YTM：1.9538,N,15.8,全价：163.161 最后更新：14:59:43,,,,0,{'M': ''},0,0,N,,,buy,buy
2026-09-28 15:46:14,113710,四方转债,sfzz,139.743,1.23,603339,四方科技,sfkj,12.17,-1.06,1.35,14.87,81.84,162,70.75,210.49,640105,机械设备,shmb,C,2026-09-23,[],0,0,buy,AA,,10.409,19.331,27.2,buy,2032-09-02,5.934,10.234,88593.6,7925.98,62.15,-3.48,,0,15:00:00,00,Y,N,0,0,Y,,未到转股期；2027-03-09 开始转股,计算使用6.0年期 评级为AA 债参考YTM：1.9715,N,10.234,全价：139.743 最后更新：15:00:00,,,,0,[],0,0,N,,,buy,buy
2026-09-28 15:46:14,111025,圣泉转债,sqzz,145.338,-4.06,605589,圣泉集团,sqjt,36.07,-10.0,2.83,42.38,85.11,95,70.76,216.1,220504,基础化工,shmb,C,2026-07-21,[],0,0,buy,AA+,,29.666,55.094,8.2,buy,2032-06-24,5.743,25.0,16481.45,119205.91,4.49,-4.56,,0,14:59:56,00,Y,N,1,1,Y,转股价下修1次，成功下修1次,未到转股期；2027-01-01 开始转股,计算使用5.8年期 评级为AA+ 债参考YTM：1.8256,N,25.0,全价：145.338 最后更新：14:59:56,,,,0,{'M': ''},0,0,N,,,buy,buy
2026-09-28 15:46:14,123263,鼎捷转债,djzz,149.2,0.45,300378,鼎捷数智,djsz,37.93,0.72,4.11,43.42,87.36,0,70.8,220.0,710402,计算机,szcy,C,2025-12-31,[],0,0,buy,AA,,30.394,56.446,8.1,buy,2031-12-15,5.216,8.275,11943.25,62357.73,9.73,-5.16,,0,15:34:30,00,Y,N,0,0,Y,,2026-06-22 开始转股,计算使用5.3年期 评级为AA 债参考YTM：1.8371,N,8.28,全价：149.200 最后更新：15:34:30,,,,0,{'M': ''},0,0,N,,,buy,buy
2026-09-28 15:46:14,111018,华康转债,hkzz,122.669,0.77,605077,华康股份,hkgf,11.46,0.0,1.09,15.97,71.76,0,70.94,193.61,220315,基础化工,shmb,C,2024-01-15,[],0,0,buy,AA-,,11.179,20.761,37.9,buy,2029-12-25,3.244,13.022,4998.45,8727.24,3.15,-0.87,,0,14:59:31,00,Y,N,0,0,Y,,2024-07-01 开始转股,计算使用3.3年期 评级为AA- 债参考YTM：2.1780,N,13.03,全价：122.669 最后更新：14:59:31,,,,0,[],0,0,N,,,buy,buy
2026-09-28 15:46:14,127072,博实转债,bszz,128.58,0.57,002698,博实股份,bsgf,11.12,-1.77,2.73,14.81,75.08,0,71.25,199.83,640701,机械设备,szmb,C,2022-11-03,[],0,0,buy,AA,,10.367,19.253,4.8,buy,2028-09-22,1.986,4.498,5868.39,6369.18,10.16,-6.02,,0,15:34:06,00,Y,N,0,0,Y,,2023-03-28 开始转股,计算使用2.0年期 评级为AA 债参考YTM：1.6204,N,4.5,全价：128.580 最后更新：15:34:06,,,,1,{'M': ''},0,0,N,,,buy,buy
2026-09-28 15:46:14,127112,尚太转债,stzz,133.841,0.9,001301,尚太科技,stkj,46.79,-1.8,2.37,60.02,77.96,0,71.68,205.52,630702,电力设备,szmb,C,2026-02-05,[],0,0,buy,AA+,,42.014,78.026,14.2,buy,2032-01-16,5.304,17.339,11716.15,21128.45,5.05,-3.44,,0,15:34:09,00,Y,N,0,0,Y,,2026-07-22 开始转股,计算使用5.4年期 评级为AA+ 债参考YTM：1.7698,N,17.34,全价：133.841 最后更新：15:34:09,,,,0,{'M': ''},0,0,N,,,buy,buy
2026-09-28 15:46:14,123220,易瑞转债,yrzz,126.81,-0.15,300942,易瑞生物,yrsw,6.52,-0.46,3.02,8.85,73.67,0,72.13,198.94,370504,医药生物,szcy,C,2023-09-06,[],0,0,buy,A+,,6.195,11.505,11.0,buy,2029-08-18,2.89,2.907,1014.53,2097.96,2.75,-2.41,,0,15:34:33,00,Y,N,1,1,Y,转股价下修1次，成功下修1次,2024-02-26 开始转股,计算使用2.9年期 评级为A+ 债参考YTM：4.4609,N,3.28,全价：126.810 最后更新：15:34:33,,,,0,{'M': ''},0,0,N,,,buy,buy
2026-09-28 15:46:14,123253,永贵转债,ygzz,127.546,-0.55,300351,永贵电器,ygdq,13.44,-3.17,2.11,18.19,73.89,0,72.62,200.17,640501,机械设备,szcy,C,2025-03-28,[],0,0,buy,AA-,,12.733,23.647,27.7,buy,2031-03-13,4.458,9.797,2097.12,7695.35,1.68,-1.84,,0,15:34:36,00,Y,N,0,0,Y,,2025-09-19 开始转股,计算使用4.5年期 评级为AA- 债参考YTM：2.2649,N,9.8,全价：127.546 最后更新：15:34:36,,,,0,{'M': ''},0,0,N,,,buy,buy
2026-09-28 15:46:14,110101,宝钛转债,btzz,135.8,0.37,600456,宝钛股份,btgf,24.37,-2.83,1.61,30.98,78.66,93,72.63,208.43,240504,有色金属,shmb,C,2026-07-16,[],0,0,buy,AAA,,21.686,40.274,30.1,buy,2032-06-23,5.74,35.0,8612.83,9313.93,1.83,-3.72,,0,14:59:54,00,Y,N,0,0,Y,,未到转股期；2026-12-30 开始转股,计算使用5.8年期 评级为AAA 债参考YTM：1.7142,N,35.0,全价：135.800 最后更新：14:59:54,,,,0,{'M': ''},0,0,N,,,buy,buy
2026-09-28 15:46:14,113682,益丰转债,yfzz,123.698,0.11,603939,益丰药房,yfyf,22.47,1.77,2.25,31.44,71.47,0,73.08,196.78,370403,医药生物,shmb,C,2024-03-27,[],0,0,buy,AA,,22.008,40.872,6.6,buy,2030-03-04,3.433,17.968,7166.92,14367.07,3.23,-2.32,,0,14:59:27,00,Y,N,0,0,Y,,2024-09-09 开始转股,计算使用3.5年期 评级为AA 债参考YTM：1.7369,N,17.97,全价：123.698 最后更新：14:59:27,,,,0,{'M': ''},0,0,N,,,buy,buy
2026-09-28 15:46:14,123276,久吾转02,jwz02,151.852,-0.98,300631,久吾高科,jwgk,20.84,-2.21,1.91,23.78,87.64,119,73.27,225.12,760201,环保,szcy,C,2026-08-04,[],0,0,buy,A+,,16.646,30.914,11.8,buy,2032-07-19,5.811,3.0,2881.27,2720.76,6.32,-4.18,,0,15:34:48,00,Y,N,0,0,Y,,未到转股期；2027-01-25 开始转股,计算使用5.9年期 评级为A+ 债参考YTM：5.0248,N,3.0,全价：151.852 最后更新：15:34:48,,,,0,[],1,0,N,,,buy,buy
2026-09-28 15:46:14,123109,昌红转债,chzz,129.475,-0.32,300151,昌红科技,chkj,19.87,-3.68,6.58,26.64,74.59,0,73.59,203.07,640209,机械设备,szcy,C,2021-04-19,[],0,0,buy,AA-,,18.648,34.632,6.3,buy,2027-04-01,0.507,4.595,4722.12,42528.63,7.9,-22.18,,0,15:34:06,00,Y,N,1,0,Y,转股价下修1次，成功下修0次,2021-10-08 开始转股,计算使用0.6年期 评级为AA- 债参考YTM：1.6827,N,4.6,全价：129.475 最后更新：15:34:06,,,,0,{'M': ''},0,0,N,,,buy,buy
2026-09-28 15:46:14,118031,天23转债,t23zz,116.082,-0.35,688599,天合光能,thgn,10.68,-1.93,1.21,16.0,66.75,0,73.91,189.99,630502,电力设备,shkc,C,2023-03-15,[],0,0,buy,AA,,11.2,20.8,23.4,buy,2029-02-13,2.381,58.512,8526.0,28801.87,1.25,0.81,,0,14:59:59,00,Y,N,2,2,Y,转股价下修2次，成功下修2次,2023-08-17 开始转股,计算使用2.4年期 评级为AA 债参考YTM：1.6527,N,88.648,全价：116.082 最后更新：14:59:59,,,,0,{'M': ''},0,0,N,,,buy,buy
2026-09-28 15:46:14,113679,芯能转债,xnzz,125.046,1.25,603105,芯能科技,xnkj,8.94,3.0,2.03,12.55,71.24,0,75.54,200.59,410106,公用事业,shmb,C,2023-11-24,[],0,0,buy,AA-,,8.785,16.315,19.7,buy,2029-10-26,3.08,8.799,8186.35,40245.78,7.45,-1.5,,0,14:59:49,00,Y,N,0,0,Y,,2024-05-06 开始转股,计算使用3.1年期 评级为AA- 债参考YTM：2.1513,N,8.8,全价：125.046 最后更新：14:59:49,,,,0,{'M': ''},0,0,N,,,buy,buy
2026-09-28 15:46:14,123223,九典转02,jdz02,131.169,0.51,300705,九典制药,jdzy,10.78,0.19,2.08,14.55,74.09,0,77.04,208.21,370102,医药生物,szcy,C,2023-10-13,[],0,0,buy,A+,,10.185,18.915,5.1,buy,2029-09-15,2.967,2.052,1019.13,4154.16,3.8,-3.84,,0,15:34:27,00,Y,N,0,0,Y,,2024-03-21 开始转股,计算使用3.0年期 评级为A+ 债参考YTM：4.4823,N,3.6,全价：131.169 最后更新：15:34:27,,,,0,[],0,0,N,,,buy,buy
2026-09-28 15:46:14,113709,振26转债,z26zz,174.496,-0.89,603067,振华股份,zhgf,39.69,-2.93,6.93,40.33,98.41,130,77.31,251.81,220203,基础化工,shmb,C,2026-08-17,[],0,0,buy,AA,,28.231,52.429,2.9,buy,2032-07-29,5.838,8.78,27352.54,149029.06,17.78,-7.17,,0,14:59:59,00,Y,N,0,0,Y,,未到转股期；2027-02-05 开始转股,计算使用5.9年期 评级为AA 债参考YTM：1.9538,N,8.78,全价：174.496 最后更新：14:59:59,,,,0,{'M': ''},0,0,N,,,buy,buy
2026-09-28 15:46:14,110095,双良转债,slzz,111.645,-0.15,600481,双良节能,sljn,3.88,-2.51,1.97,6.18,62.78,0,77.83,189.48,630501,电力设备,shmb,C,2023-09-08,[],0,0,buy,AA-,,4.326,8.034,17.5,buy,2029-08-08,2.863,14.006,4176.4,12146.33,2.67,0.52,,0,14:59:06,00,Y,N,2,2,Y,转股价下修2次，成功下修2次,2024-02-19 开始转股,计算使用2.9年期 评级为AA- 债参考YTM：2.1108,N,26.0,全价：111.645 最后更新：14:59:06,,,,0,{'M': ''},0,0,N,,,buy,buy
2026-09-28 15:46:14,123252,银邦转债,ybzz,126.35,-0.36,300337,银邦股份,ybgf,8.87,-2.42,3.99,12.5,70.96,0,78.06,204.41,240301,有色金属,szcy,C,2025-01-24,[],0,0,buy,AA-,,8.75,16.25,12.4,buy,2031-01-06,4.277,7.846,2915.76,10229.09,2.94,-1.69,,0,15:34:30,00,Y,N,0,0,Y,,2025-07-14 开始转股,计算使用4.3年期 评级为AA- 债参考YTM：2.2517,N,7.85,全价：126.350 最后更新：15:34:30,,,,0,{'M': ''},0,0,N,,,buy,buy
2026-09-28 15:46:14,113703,翔26转债,x26zz,134.955,-1.72,603112,华翔股份,hxgf,16.61,-5.41,1.96,21.94,75.71,77,78.26,213.22,330601,家用电器,shmb,C,2026-07-07,[],0,0,buy,AA-,,15.358,28.522,14.7,buy,2032-06-07,5.696,13.01,2873.3,19348.96,1.63,-2.7,,0,14:59:58,00,Y,N,0,0,Y,,未到转股期；2026-12-14 开始转股,计算使用5.7年期 评级为AA- 债参考YTM：2.5796,N,13.01,全价：134.955 最后更新：14:59:58,,,,0,[],0,0,N,,,buy,buy
2026-09-28 15:46:14,118037,上声转债,sszz,124.243,-0.1,688533,上声电子,ssdz,19.89,-1.04,1.84,28.64,69.45,0,78.9,203.14,280206,汽车,shkc,C,2023-08-01,[],0,0,buy,A+,,20.048,37.232,14.3,buy,2029-07-06,2.773,4.679,1078.71,1859.02,1.86,-2.92,,0,14:59:20,00,Y,N,2,1,Y,转股价下修2次，成功下修1次,2024-01-12 开始转股,计算使用2.8年期 评级为A+ 债参考YTM：4.4389,N,5.2,全价：124.243 最后更新：14:59:20,,,,0,{'M': ''},0,0,N,,,buy,buy
2026-09-28 15:46:14,123168,惠云转债,hyzz,125.743,0.19,300891,惠云钛业,hyty,7.5,-1.32,2.33,10.74,69.83,0,80.06,205.8,220206,基础化工,szcy,C,2022-12-14,[],0,0,buy,AA-,,7.518,13.962,19.6,buy,2028-11-23,2.156,4.899,1513.42,2914.21,2.46,-2.69,,0,15:34:18,00,Y,N,0,0,Y,,2023-05-29 开始转股,计算使用2.2年期 评级为AA- 债参考YTM：1.9573,N,4.9,全价：125.743 最后更新：15:34:18,,,,0,{'M': ''},0,0,N,,,buy,buy
2026-09-28 15:46:14,123216,科顺转债,kszz,121.098,0.25,300737,科顺股份,ksgf,4.44,-2.84,1.24,6.61,67.17,0,80.28,201.38,610304,建筑材料,szcy,C,2023-08-23,[],0,0,buy,AA-,,4.627,8.593,55.7,buy,2029-08-04,2.852,21.959,4214.56,12077.36,1.59,-0.83,,0,15:34:36,00,Y,N,2,1,Y,转股价下修2次，成功下修1次,2024-02-19 开始转股,计算使用2.9年期 评级为AA- 债参考YTM：2.1108,N,21.98,全价：121.098 最后更新：15:34:36,,,,0,{'M': ''},0,0,N,,,buy,buy
2026-09-28 15:46:14,118074,特宝转债,tbzz,159.215,-0.08,688278,特宝生物,tbsw,51.6,0.39,6.79,58.56,88.12,128,80.69,239.91,370304,医药生物,shkc,C,2026-08-13,[],0,0,buy,AA+,,40.992,76.128,7.3,buy,2032-07-27,5.833,15.33,12506.18,10489.76,5.08,-5.98,,0,14:59:55,00,Y,N,0,0,Y,,未到转股期；2027-02-03 开始转股,计算使用5.9年期 评级为AA+ 债参考YTM：1.8391,N,15.33,全价：159.215 最后更新：14:59:55,,,,0,{'M': ''},0,0,N,,,buy,buy
2026-09-28 15:46:14,118071,华峰转债,hfzz,211.018,-1.22,688200,华峰测控,hfck,388.88,-2.31,10.67,335.33,115.97,92,81.96,292.98,270108,电子,shkc,C,2026-07-17,[],0,0,buy,AA,,234.731,435.929,1.0,buy,2032-06-22,5.737,7.49,63276.93,213302.78,39.49,-10.34,,0,15:00:00,00,Y,N,0,0,Y,,未到转股期；2026-12-29 开始转股,计算使用5.8年期 评级为AA 债参考YTM：1.9343,N,7.49,全价：211.018 最后更新：15:00:00,,,,0,{'M': ''},0,0,N,,,buy,buy
2026-09-28 15:46:14,113053,隆22转债,l22zz,113.561,0.19,601012,隆基绿能,ljln,10.81,-2.08,1.69,17.5,61.77,0,83.84,197.4,630502,电力设备,shmb,C,2022-02-17,[],0,0,buy,AAA,,12.25,22.75,8.5,buy,2028-01-05,1.271,69.951,5656.35,93949.72,0.71,-3.5,,0,14:59:48,00,Y,N,1,1,Y,转股价下修1次，成功下修1次,2022-07-11 开始转股,计算使用1.3年期 评级为AAA 债参考YTM：1.5263,N,70.0,全价：113.561 最后更新：14:59:48,,,,1,{'M': ''},0,0,N,,,buy,buy
2026-09-28 15:46:14,127038,国微转债,gwzz,112.7,0.0,002049,紫光国微,zggw,58.63,-3.25,3.45,97.01,60.44,0,86.47,199.17,270104,电子,szmb,C,2021-07-14,[],0,0,buy,AA+,,67.907,126.113,3.0,buy,2027-06-10,0.699,14.915,3749.98,64637.58,2.23,-3.44,,0,15:33:54,00,Y,N,0,0,Y,,2021-12-17 开始转股,计算使用0.7年期 评级为AA+ 债参考YTM：1.5180,N,15.0,全价：112.700 最后更新：15:33:54,,,,1,{'M': ''},0,0,N,,,buy,buy
2026-09-28 15:46:14,113647,禾丰转债,hfzz,115.103,0.17,603609,禾丰股份,hfgf,6.22,0.0,0.85,10.09,61.65,0,86.72,201.82,110402,农林牧渔,shmb,C,2022-05-18,[],0,0,buy,AA,,7.063,13.117,26.1,buy,2028-04-22,1.567,14.669,3221.09,2547.22,1.91,-0.73,,0,14:58:54,00,Y,N,0,0,Y,,2022-10-28 开始转股,计算使用1.6年期 评级为AA 债参考YTM：1.5850,N,15.0,全价：115.103 最后更新：14:58:54,,,,0,{'M': ''},0,0,N,,,buy,buy
2026-09-28 15:46:14,113707,科博转债,kbzz,151.124,-1.6,603786,科博达,kbd,36.8,-1.95,2.62,45.56,80.77,105,87.1,238.22,280206,汽车,shmb,C,2026-07-31,[],0,0,buy,AA+,,31.892,59.228,10.0,buy,2032-07-02,5.764,14.91,4536.84,5166.44,2.0,-5.2,,0,14:59:44,00,Y,N,0,0,Y,,未到转股期；2027-01-11 开始转股,计算使用5.8年期 评级为AA+ 债参考YTM：1.8256,N,14.91,全价：151.124 最后更新：14:59:44,,,,0,{'M': ''},1,0,N,,,buy,buy
2026-09-28 15:46:14,113708,曙26转债,s26zz,137.776,-0.36,603019,中科曙光,zksg,80.02,-2.62,5.08,108.89,73.49,115,87.48,225.26,710103,计算机,shmb,C,2026-08-06,[],0,0,buy,AAA,,76.223,141.557,6.8,buy,2032-07-14,5.797,80.0,23377.15,178633.93,2.12,-4.11,,0,14:59:54,00,Y,N,0,0,Y,,未到转股期；2027-01-21 开始转股,计算使用5.8年期 评级为AAA 债参考YTM：1.7142,N,80.0,全价：137.776 最后更新：14:59:54,,,,0,{'M': ''},1,0,N,,,buy,buy
2026-09-28 15:46:14,123229,艾录转债,alzz,129.374,0.17,301062,上海艾录,shal,6.86,-2.0,2.19,9.95,68.95,0,87.65,217.02,360205,轻工制造,szcy,C,2023-11-20,[],0,0,buy,A,,6.965,12.935,9.4,buy,2029-10-23,3.071,1.779,573.43,3019.96,2.5,-2.4,,0,15:34:27,00,Y,N,0,0,Y,,2024-04-29 开始转股,计算使用3.1年期 评级为A 债参考YTM：6.8515,N,5.0,全价：129.374 最后更新：15:34:27,,,,0,{'M': ''},0,0,N,,,buy,buy
2026-09-28 15:46:14,118065,艾为转债,awzz,129.246,-1.74,688798,艾为电子,awdz,53.98,-4.61,2.96,79.4,67.99,0,90.11,219.36,270105,电子,shkc,C,2026-02-26,[],0,0,buy,AA+,,55.58,103.22,25.9,buy,2032-01-22,5.321,19.01,6233.0,15526.92,2.52,-2.61,,0,14:59:54,00,Y,N,0,0,Y,,2026-07-28 开始转股,计算使用5.4年期 评级为AA+ 债参考YTM：1.7698,N,19.01,全价：129.246 最后更新：14:59:54,,,,0,{'M': ''},1,0,N,,,buy,buy
2026-09-28 15:46:14,118076,先锋转债,xfzz,183.561,-1.17,688605,先锋精科,xfjk,83.09,-4.04,10.0,86.4,96.17,137,90.87,274.43,270108,电子,shkc,C,2026-08-26,[],0,0,buy,AA,,60.48,112.32,8.3,buy,2032-08-05,5.858,7.5,13825.79,37768.9,9.98,-7.95,,0,14:59:57,00,Y,N,0,0,Y,,未到转股期；2027-02-12 开始转股,计算使用5.9年期 评级为AA 债参考YTM：1.9538,N,7.5,全价：183.561 最后更新：14:59:57,,,,0,{'M': ''},0,0,N,,,buy,buy
2026-09-28 15:46:14,123274,维科转债,wkzz,137.95,-1.25,301499,维科精密,wkjm,25.72,-2.8,2.73,35.62,72.21,98,91.05,229.0,280206,汽车,szcy,C,2026-07-10,[],0,0,buy,A+,,24.934,46.306,17.7,buy,2032-06-25,5.745,6.3,3484.57,6578.64,4.01,-2.74,,0,15:34:45,00,Y,N,0,0,Y,,未到转股期；2027-01-04 开始转股,计算使用5.8年期 评级为A+ 债参考YTM：4.9797,N,6.3,全价：137.950 最后更新：15:34:45,,,,0,{'M': ''},0,0,N,,,buy,buy
2026-09-28 15:46:14,123275,肇民转债,zmzz,134.976,-0.62,301000,肇民科技,zmkj,23.73,-2.71,4.45,33.76,70.29,109,92.03,227.01,280205,汽车,szcy,C,2026-07-24,[],0,0,buy,AA-,,23.632,43.888,10.8,buy,2032-07-08,5.781,5.9,3190.41,8089.03,4.01,-2.96,,0,15:34:39,00,Y,N,0,0,Y,,未到转股期；2027-01-15 开始转股,计算使用5.8年期 评级为AA- 债参考YTM：2.6300,N,5.9,全价：134.976 最后更新：15:34:39,,,,0,{'M': ''},0,0,N,,,buy,buy
2026-09-28 15:46:14,113701,祥和转债,xhzz,143.589,-3.78,603500,祥和实业,xhsy,9.99,-4.13,3.12,13.37,74.72,0,92.17,235.76,640501,机械设备,shmb,C,2026-03-26,[],0,0,buy,A+,,9.359,17.381,12.0,buy,2032-03-03,5.433,4.0,41409.82,28400.4,72.01,-3.47,,0,15:00:00,00,Y,N,0,0,Y,,2026-09-09 开始转股,计算使用5.5年期 评级为A+ 债参考YTM：4.8217,N,4.0,全价：143.589 最后更新：15:00:00,,,,0,[],0,0,N,,,buy,buy
2026-09-28 15:46:14,113627,太平转债,tpzz,109.744,-0.25,603877,太平鸟,tpn,11.73,-1.01,1.24,20.61,56.91,0,92.82,202.56,350209,纺织服饰,shmb,C,2021-08-06,[],0,0,buy,AA,,14.427,26.793,14.5,buy,2027-07-15,0.795,7.996,3393.34,1239.61,3.86,0.3,,0,14:59:57,00,Y,N,1,1,Y,转股价下修1次，成功下修1次,2022-01-21 开始转股,计算使用0.8年期 评级为AA 债参考YTM：1.5363,N,8.0,全价：109.744 最后更新：14:59:57,,,,0,{'M': ''},0,0,N,,,buy,buy
2026-09-28 15:46:14,118024,冠宇转债,gyzz,119.058,0.4,688772,珠海冠宇,zhgy,13.86,-1.21,2.19,22.51,61.57,0,93.36,212.42,630701,电力设备,shkc,C,2022-11-17,[],0,0,buy,AA,,15.757,27.012,19.6,buy,2028-10-24,2.074,30.889,5917.1,21850.87,1.62,-1.57,,0,14:59:48,00,Y,N,0,0,Y,,2023-04-28 开始转股,计算使用2.1年期 评级为AA 债参考YTM：1.6284,N,30.89,全价：119.058 最后更新：14:59:48,,,,0,{'M': ''},0,0,N,120%,,buy,buy
2026-09-28 15:46:14,123154,火星转债,hxzz,120.388,-0.34,300894,火星人,hxr,9.92,-3.31,4.1,16.0,62.0,0,94.17,214.56,330401,家用电器,szcy,C,2022-08-23,[],0,0,buy,A+,,11.2,20.8,18.1,buy,2028-08-05,1.855,5.289,1111.5,4483.35,1.74,-1.54,,0,15:34:09,00,Y,N,1,1,Y,转股价下修1次，成功下修1次,2023-02-13 开始转股,计算使用1.9年期 评级为A+ 债参考YTM：4.2524,N,5.29,全价：120.388 最后更新：15:34:09,,,,1,{'M': ''},0,0,N,,,buy,buy
2026-09-28 15:46:14,113702,斯达转债,sdzz,153.967,-1.41,603290,斯达半导,sdbd,82.81,-3.65,2.88,104.79,79.03,24,94.83,248.8,270102,电子,shmb,C,2026-05-11,[],0,0,buy,AA+,,73.353,136.227,7.6,buy,2032-04-15,5.551,15.0,7206.57,31576.74,3.11,-5.71,,0,14:59:59,00,Y,N,0,0,Y,,未到转股期；2026-10-22 开始转股,计算使用5.6年期 评级为AA+ 债参考YTM：1.7970,N,15.0,全价：153.967 最后更新：14:59:59,,,,0,{'M': ''},0,0,N,,,buy,buy
2026-09-28 15:46:14,123266,博士转债,bszz,134.714,-0.43,300622,博士眼镜,bsyj,14.74,-2.77,5.07,21.38,68.94,0,95.4,230.11,450401,商贸零售,szcy,C,2026-04-07,[],0,0,buy,AA,,14.966,27.794,11.5,buy,2032-03-18,5.474,3.75,1280.48,6958.65,2.53,-2.8,,0,15:34:42,00,Y,N,0,0,Y,,2026-09-24 开始转股,计算使用5.5年期 评级为AA 债参考YTM：1.8730,N,3.75,全价：134.714 最后更新：15:34:42,,,,0,[],0,0,N,,,buy,buy
2026-09-28 15:46:14,123196,正元转02,zyz02,123.966,-0.28,300645,正元智慧,zyzh,13.89,-0.22,1.78,21.91,63.4,0,95.54,219.51,710103,计算机,szcy,C,2023-05-19,[],0,0,buy,A+,,15.337,28.483,18.1,buy,2029-04-18,2.556,3.501,1826.73,4380.97,4.21,-1.84,,0,15:34:27,00,Y,N,2,1,Y,转股价下修2次，成功下修1次,2023-10-24 开始转股,计算使用2.6年期 评级为A+ 债参考YTM：4.3944,N,3.507,全价：123.966 最后更新：15:34:27,,,,0,[],0,0,N,,,buy,buy
2026-09-28 15:46:14,118073,赛斯转债,sszz,145.94,-2.4,688480,赛恩斯,ses,64.8,-7.43,5.12,86.9,74.57,119,95.71,241.65,760104,环保,shkc,C,2026-08-12,[],0,0,buy,AA,,60.83,112.97,8.8,buy,2032-07-16,5.803,5.519,3515.58,9552.27,4.34,-4.28,,0,14:59:46,00,Y,N,0,0,Y,,未到转股期；2027-01-25 开始转股,计算使用5.9年期 评级为AA 债参考YTM：1.9538,N,5.519,全价：145.940 最后更新：14:59:46,,,,0,{'M': ''},1,0,N,,,buy,buy
2026-09-28 15:46:14,113656,嘉诚转债,jczz,116.206,0.12,603535,嘉诚国际,jcgj,6.11,-1.61,1.2,10.33,59.15,0,96.47,212.68,420805,交通运输,shmb,C,2022-10-12,[],0,0,buy,A+,,7.231,13.429,25.6,buy,2028-09-01,1.929,7.998,1845.72,1628.04,1.99,0.36,,0,14:59:20,00,Y,N,0,0,Y,,2023-03-07 开始转股,计算使用2.0年期 评级为A+ 债参考YTM：4.2704,N,8.0,全价：116.206 最后更新：14:59:20,,,,1,[],0,0,N,,,buy,buy
2026-09-28 15:46:14,127068,顺博转债,sbzz,114.936,0.38,002996,顺博合金,sbhj,5.84,-0.68,1.14,10.0,58.4,0,96.81,211.75,240301,有色金属,szmb,C,2022-09-07,[],0,0,buy,AA-,,7.0,13.0,31.0,buy,2028-08-12,1.874,8.3,1854.5,2914.45,1.95,-2.34,,0,15:34:12,00,Y,N,2,2,Y,转股价下修2次，成功下修2次,2023-02-20 开始转股,计算使用1.9年期 评级为AA- 债参考YTM：1.9038,N,8.3,全价：114.936 最后更新：15:34:12,,,,1,[],0,0,Y,,,buy,buy
2026-09-28 15:46:14,118072,鼎通转债,dtzz,170.541,-3.45,688668,鼎通科技,dtkj,213.04,-8.17,13.13,246.0,86.6,93,96.93,267.47,730204,通信,shkc,C,2026-07-17,[],0,0,buy,A+,,172.2,319.8,3.1,buy,2032-06-23,5.74,9.3,12397.64,121695.08,7.76,-6.31,,0,14:59:54,00,Y,N,1,1,Y,转股价下修1次，成功下修1次,未到转股期；2026-12-30 开始转股,计算使用5.8年期 评级为A+ 债参考YTM：4.9797,N,9.3,全价：170.541 最后更新：14:59:54,,,,0,{'M': ''},0,0,N,,,buy,buy
2026-09-28 15:46:14,118070,南芯转债,nxzz,147.419,-0.55,688484,南芯科技,nxkj,32.71,-2.85,3.49,43.71,74.83,88,96.99,244.41,270105,电子,shkc,C,2026-07-10,[],0,0,buy,AA+,,30.597,56.823,11.3,buy,2032-06-17,5.723,15.869,5279.4,18761.87,2.25,-4.68,,0,14:59:41,00,Y,N,0,0,Y,,未到转股期；2026-12-25 开始转股,计算使用5.8年期 评级为AA+ 债参考YTM：1.8256,N,15.869,全价：147.419 最后更新：14:59:41,,,,0,{'M': ''},0,0,N,,,buy,buy
2026-09-28 15:46:14,123260,卓镁转债,zmzz,143.6,1.31,301398,星源卓镁,xyzm,38.0,-1.35,4.07,52.15,72.87,0,97.07,240.67,280202,汽车,szcy,C,2025-11-24,[],0,0,buy,A+,,36.505,67.795,10.8,buy,2031-11-07,5.112,4.499,31517.45,10011.32,48.04,-3.68,,0,15:34:36,00,Y,N,0,0,Y,,2026-05-13 开始转股,计算使用5.2年期 评级为A+ 债参考YTM：4.6867,N,4.5,全价：143.600 最后更新：15:34:36,,,,0,{'M': ''},0,0,N,,,buy,buy
2026-09-28 15:46:14,113700,海天转债,htzz,125.479,0.06,603759,海天股份,htgf,7.9,1.15,1.25,12.41,63.66,0,97.11,222.59,760102,环保,shmb,C,2026-03-12,[],0,0,buy,AA,,8.687,16.133,22.0,buy,2032-02-05,5.359,8.01,1963.28,4416.99,1.95,-1.88,,0,14:59:20,00,Y,N,0,0,Y,,2026-08-11 开始转股,计算使用5.4年期 评级为AA 债参考YTM：1.8540,N,8.01,全价：125.479 最后更新：14:59:20,,,,0,[],0,0,N,,,buy,buy
2026-09-28 15:46:14,123264,双乐转债,slzz,120.989,-0.34,301036,双乐股份,slgf,22.26,-0.71,1.33,36.4,61.15,0,97.84,218.83,220305,基础化工,szcy,C,2026-01-16,[],0,0,buy,AA-,,25.48,47.32,51.6,buy,2031-12-26,5.247,8.0,3185.01,2102.54,3.3,-1.19,,0,15:34:33,00,Y,N,0,0,Y,,2026-07-06 开始转股,计算使用5.3年期 评级为AA- 债参考YTM：2.3760,N,8.0,全价：120.989 最后更新：15:34:33,,,,0,{'M': ''},0,0,N,,,buy,buy
2026-09-28 15:46:14,118063,金05转债,j05zz,135.329,-0.66,688676,金盘科技,jpkj,60.11,-3.14,5.22,88.6,67.84,0,99.47,234.8,630801,电力设备,shkc,C,2026-01-14,[],0,0,buy,AA+,,62.02,115.18,6.0,buy,2031-12-25,5.244,16.707,4424.95,51783.07,1.95,-3.67,,0,14:59:16,00,Y,N,0,0,N,2026-09-22 至 2026-09-30 期间暂停转股：权益分派,2026-07-01 开始转股;2026-09-22 至 2026-09-30 期间暂停转股：权益分派,计算使用5.3年期 评级为AA+ 债参考YTM：1.7580,N,16.71,全价：135.329 最后更新：14:59:16,,,,0,{'M': ''},1,0,N,,,buy,buy
2026-09-28 15:46:14,123215,铭利转债,mlzz,120.93,0.28,301268,铭利达,mld,11.63,-3.16,3.14,19.19,60.6,0,99.54,220.47,640108,机械设备,szcy,C,2023-08-23,[],0,0,buy,A+,,13.433,24.947,20.3,buy,2029-08-03,2.849,8.555,789.29,3690.99,0.76,0.17,,0,15:34:33,00,Y,N,1,1,Y,转股价下修1次，成功下修1次,2024-02-19 开始转股,计算使用2.9年期 评级为A+ 债参考YTM：4.4609,N,10.0,全价：120.930 最后更新：15:34:33,,,,0,{'M': ''},0,0,N,,,buy,buy
2026-09-28 15:46:14,113648,巨星转债,jxzz,112.361,-0.39,603477,巨星农牧,jxnm,13.94,0.36,2.69,24.84,56.12,0,100.22,212.58,110702,农林牧渔,shmb,C,2022-05-17,[],0,0,buy,AA-,,17.388,32.292,12.7,buy,2028-04-25,1.575,8.997,3613.63,16870.88,3.58,-0.06,,0,14:59:20,00,Y,N,0,0,Y,,2022-10-31 开始转股,计算使用1.6年期 评级为AA- 债参考YTM：1.8557,N,10.0,全价：112.361 最后更新：14:59:20,,,,0,{'M': ''},0,0,N,,,buy,buy
2026-09-28 15:46:14,118069,爱科转债,akzz,156.171,-0.79,688092,爱科科技,akkj,22.22,-2.97,2.76,28.49,77.99,80,100.24,256.41,640209,机械设备,shkc,C,2026-07-09,[],0,0,buy,AA-,,19.943,37.037,14.5,buy,2032-06-10,5.704,2.67,5015.04,2187.33,12.04,-4.93,,0,14:59:52,00,Y,N,0,0,Y,,未到转股期；2026-12-17 开始转股,计算使用5.8年期 评级为AA- 债参考YTM：2.6300,N,2.67,全价：156.171 最后更新：14:59:52,,,,0,{'M': ''},0,0,N,,,buy,buy
2026-09-28 15:46:14,127085,韵达转债,ydzz,117.591,0.51,002120,韵达股份,ydgf,6.77,-0.88,0.91,11.53,58.72,0,100.27,217.86,420804,交通运输,szmb,C,2023-05-23,[],0,0,buy,AA+,,8.071,14.989,12.9,buy,2029-04-11,2.537,24.499,3401.79,16248.46,1.18,-2.18,,0,15:34:12,00,Y,N,0,0,Y,,2023-10-17 开始转股,计算使用2.6年期 评级为AA+ 债参考YTM：1.6222,N,24.5,全价：117.591 最后更新：15:34:12,,,,0,{'M': ''},0,0,N,,,buy,buy
2026-09-28 15:46:14,113671,武进转债,wjzz,122.923,0.95,603878,武进不锈,wjbx,4.83,-0.62,1.06,7.88,61.29,0,100.55,223.47,230403,钢铁,shmb,C,2023-08-03,[],0,0,buy,AA,,5.516,10.244,11.4,buy,2029-07-10,2.784,3.093,2797.98,4472.54,7.38,-2.93,,0,14:59:44,00,Y,N,0,0,Y,,2024-01-15 开始转股,计算使用2.8年期 评级为AA 债参考YTM：1.6859,N,3.1,全价：122.923 最后更新：14:59:44,,,,0,[],0,0,N,,,buy,buy
2026-09-28 15:46:14,123259,锦浪转02,jlz02,145.262,-0.88,300763,锦浪科技,jlkj,52.25,-1.69,2.2,72.41,72.16,0,101.31,246.57,630503,电力设备,szcy,C,2025-11-06,[],0,0,buy,AA,,50.687,94.133,10.0,buy,2031-10-17,5.055,16.763,5633.41,47531.92,2.31,-4.69,,0,15:34:48,00,Y,N,2,1,Y,转股价下修2次，成功下修1次,2026-04-23 开始转股,计算使用5.1年期 评级为AA 债参考YTM：1.8124,Y,16.766,全价：145.262 最后更新：15:34:48,,,"按下调到底估算
股东大会：2026-10-09
预估转股价：56.65
预估转股价值：92.23
期权价值：45.88
理论价值：150.51
理论偏离度：-3.61%",0,"{'G': '本次（2026年4月23日至2026年5月20日）不提前赎回，以2027年5月21日为首个交易日重新计算', 'M': ''}",0,0,N,,,buy,buy
2026-09-28 15:46:14,113625,江山转债,jszz,115.326,-0.1,603208,江山欧派,jsop,11.25,-0.79,2.0,19.84,56.7,0,103.38,218.71,360308,轻工制造,shmb,C,2021-07-01,[],0,0,buy,A,,13.888,25.792,29.4,buy,2027-06-11,0.701,5.825,1255.75,2492.16,1.87,3.32,,0,14:59:42,00,Y,N,1,1,Y,转股价下修1次，成功下修1次,2021-12-20 开始转股,计算使用0.8年期 评级为A 债参考YTM：6.4123,N,5.83,全价：115.326 最后更新：14:59:42,,,,0,[],0,0,N,,,buy,buy
2026-09-28 15:46:14,113655,欧22转债,o22zz,118.058,0.72,603833,欧派家居,opjj,29.72,1.23,0.98,51.29,57.95,0,103.74,221.8,360308,轻工制造,shmb,C,2022-09-01,[],0,0,buy,AA,,35.903,66.677,11.1,buy,2028-08-05,1.855,19.999,4743.91,8216.79,2.02,-1.98,,0,14:59:55,00,Y,N,1,1,Y,转股价下修1次，成功下修1次,2023-02-13 开始转股,计算使用1.9年期 评级为AA 债参考YTM：1.6122,N,20.0,全价：118.058 最后更新：14:59:55,,,,0,{'M': ''},0,0,N,,,buy,buy
2026-09-28 15:46:14,113634,珀莱转债,plzzblzz,118.339,-0.38,603605,珀莱雅,bly,54.68,-3.14,3.23,94.27,58.0,0,104.02,222.36,770202,美容护理,shmb,C,2022-01-04,[],0,0,buy,AA,,65.989,122.551,3.5,buy,2027-12-08,1.195,7.507,4167.11,29530.54,4.68,-1.11,,0,14:59:53,00,Y,N,0,0,Y,,2022-06-14 开始转股,计算使用1.2年期 评级为AA 债参考YTM：1.5523,N,7.517,全价：118.339 最后更新：14:59:53,,,,0,{'M': ''},0,0,N,,,buy,buy
2026-09-28 15:46:14,123113,仙乐转债,xlzz,112.351,-0.56,300791,仙乐健康,xljk,17.43,-0.51,1.76,31.69,55.0,0,104.27,216.62,340407,食品饮料,szcy,C,2021-05-14,[],0,0,buy,AA-,,22.183,41.197,22.8,buy,2027-04-19,0.556,10.248,6034.32,1373.63,5.23,1.04,,0,15:34:06,00,Y,N,0,0,Y,,2021-10-25 开始转股,计算使用0.6年期 评级为AA- 债参考YTM：1.6827,N,10.249,全价：112.351 最后更新：15:34:06,,,,0,[],0,0,N,,,buy,buy
2026-09-28 15:46:14,123262,神宇转债,syzz,127.846,-0.21,300563,神宇股份,sygf,24.11,-6.44,3.78,38.62,62.43,0,104.79,232.64,730205,通信,szcy,C,2025-12-30,[],0,0,buy,AA-,,27.034,50.206,15.9,buy,2031-12-11,5.206,4.999,6785.12,16705.45,10.65,-2.26,,0,15:34:36,00,Y,N,0,0,Y,,2026-06-17 开始转股,计算使用5.3年期 评级为AA- 债参考YTM：2.3760,N,5.0,全价：127.846 最后更新：15:34:36,,,,0,{'M': ''},0,0,N,,,buy,buy
2026-09-28 15:46:14,113666,爱玛转债,amzz,118.104,0.95,603529,爱玛科技,amkj,21.12,1.15,1.8,36.68,57.58,0,105.12,223.22,280401,汽车,shmb,C,2023-03-20,[],0,0,buy,AA,,25.676,47.684,11.1,buy,2029-02-23,2.408,19.994,6428.66,7698.8,2.74,-1.74,,0,14:59:30,00,Y,N,0,0,Y,,2023-09-01 开始转股,计算使用2.5年期 评级为AA 债参考YTM：1.6610,N,20.0,全价：118.104 最后更新：14:59:30,,,,0,{'M': ''},0,0,N,,,buy,buy
2026-09-28 15:46:14,123192,科思转债,kszz,122.047,0.43,300856,科思股份,ksgf,10.29,-1.06,1.78,17.32,59.41,0,105.43,227.48,770201,美容护理,szcy,C,2023-05-11,[],0,0,buy,AA-,,12.124,22.516,15.2,buy,2029-04-13,2.543,7.187,1179.67,1914.34,1.35,-1.17,,0,15:34:15,00,Y,N,0,0,Y,,2023-10-19 开始转股,计算使用2.6年期 评级为AA- 债参考YTM：2.0434,N,7.249,全价：122.047 最后更新：15:34:15,,,,0,{'M': ''},0,0,N,,,buy,buy
2026-09-28 15:46:14,111009,盛泰转债,stzz,119.538,0.43,605138,盛泰集团,stjt,6.1,-0.97,1.35,10.51,58.04,0,105.96,225.5,350209,纺织服饰,shmb,C,2022-12-01,[],0,0,buy,AA,,7.357,13.663,20.7,buy,2028-11-07,2.112,7.011,2047.26,1974.8,2.45,-2.56,,0,14:59:20,00,Y,N,0,0,Y,,2023-05-11 开始转股,计算使用2.2年期 评级为AA 债参考YTM：1.6364,N,7.012,全价：119.538 最后更新：14:59:20,,,,0,[],0,0,N,,,buy,buy
2026-09-28 15:46:14,118075,奥普转债,apzz,179.114,-2.69,688686,奥普特,apt,130.01,-4.61,4.98,149.83,86.77,129,106.42,285.53,640704,机械设备,shkc,C,2026-08-19,[],0,0,buy,AA,,104.881,194.779,8.0,buy,2032-07-28,5.836,12.7,19893.78,19265.61,8.73,-7.59,,0,14:59:59,00,Y,N,0,0,Y,,未到转股期；2027-02-04 开始转股,计算使用5.9年期 评级为AA 债参考YTM：1.9538,N,12.7,全价：179.114 最后更新：14:59:59,,,,0,{'M': ''},0,0,N,,,buy,buy
2026-09-28 15:46:14,118067,上26转债,s26zz,127.448,-0.86,688533,上声电子,ssdz,19.89,-1.04,1.84,32.25,61.67,0,106.65,234.1,280206,汽车,shkc,C,2026-04-14,[],0,0,buy,A+,,22.575,41.925,9.9,buy,2032-03-18,5.474,3.25,811.3,1859.02,1.95,-1.44,,0,14:59:58,00,Y,N,0,0,Y,,2026-09-24 开始转股,计算使用5.5年期 评级为A+ 债参考YTM：4.8217,N,3.25,全价：127.448 最后更新：14:59:58,,,,0,{'M': ''},1,0,N,,,buy,buy
2026-09-28 15:46:14,123283,丰茂转债,fmzz,183.32,10.38,301459,丰茂股份,fmgf,31.51,-1.04,2.57,35.59,88.54,149,107.06,290.38,220602,基础化工,szcy,C,2026-09-09,[],0,0,buy,AA-,,24.913,46.267,73.9,buy,2032-08-17,5.89,6.075,195165.45,2264.16,182.02,-7.87,,0,15:34:45,00,Y,N,0,0,Y,,未到转股期；2027-02-24 开始转股,计算使用5.9年期 评级为AA- 债参考YTM：2.6749,N,6.075,全价：183.320 最后更新：15:34:45,,,,0,{'M': ''},0,0,N,,,buy,buy
2026-09-28 15:46:14,123138,丝路转债,slzz,124.36,0.13,300556,丝路视觉,slsj,15.83,-0.94,4.64,26.53,59.67,0,108.42,232.78,710401,计算机,szcy,C,2022-03-22,[],0,0,buy,A-,,18.571,34.489,13.9,buy,2028-03-02,1.427,2.393,604.02,4759.06,2.03,-3.96,,0,15:34:12,00,Y,N,0,0,Y,,2022-09-08 开始转股,计算使用1.5年期 评级为A- 债参考YTM：8.8785,N,2.4,全价：124.360 最后更新：15:34:12,,,,0,[],0,0,N,,,buy,buy
2026-09-28 15:46:14,113638,台21转债,t21zz,119.652,0.92,603055,台华新材,thxc,9.14,-3.89,1.47,16.01,57.09,0,109.59,229.24,350106,纺织服饰,shmb,C,2022-01-21,[],0,0,buy,AA,,11.207,20.813,7.4,buy,2027-12-29,1.252,5.997,4573.83,16455.53,6.4,-3.98,,0,14:59:56,00,Y,N,0,0,Y,,2022-07-05 开始转股,计算使用1.3年期 评级为AA 债参考YTM：1.5593,N,6.0,全价：119.652 最后更新：14:59:56,,,,0,{'M': ''},0,0,N,,,buy,buy
2026-09-28 15:46:14,127044,蒙娜转债,mnzz,113.106,-0.08,002918,蒙娜丽莎,mnls,10.57,0.09,1.3,19.76,53.49,0,111.45,224.56,360306,轻工制造,szmb,C,2021-09-16,[],0,0,buy,AA-,,13.832,25.688,14.9,buy,2027-08-16,0.882,3.368,3194.78,19458.65,8.38,-1.11,,0,15:34:48,00,Y,N,1,1,Y,转股价下修1次，成功下修1次,2022-02-21 开始转股,计算使用0.9年期 评级为AA- 债参考YTM：1.7306,N,11.689,全价：113.106 最后更新：15:34:48,,,,1,[],0,0,N,,,buy,buy
2026-09-28 15:46:14,113616,韦尔转债,wezz,109.531,0.01,603501,豪威集团,hwjt,80.75,-0.8,3.11,159.02,50.78,0,115.7,225.23,270104,电子,shmb,C,2021-01-22,[],0,0,buy,AA+,,111.314,206.726,2.5,buy,2026-12-28,0.249,24.324,6827.41,94439.44,2.56,1.72,,0,14:59:40,00,Y,N,0,0,Y,,2021-07-05 开始转股,计算使用0.3年期 评级为AA+ 债参考YTM：1.5002,N,24.4,全价：109.531 最后更新：14:59:40,,,,0,{'M': ''},0,0,N,,,buy,buy
2026-09-28 15:46:14,127062,垒知转债,lzzz,121.682,0.51,002398,垒知集团,lzjt,4.26,-0.23,0.77,7.56,56.35,0,115.94,237.62,610303,建筑材料,szmb,C,2022-05-20,[],0,0,buy,AA-,,5.292,9.828,15.5,buy,2028-04-21,1.564,3.957,1569.19,5398.72,3.26,-2.51,,0,15:34:51,00,Y,N,0,0,Y,,2022-10-27 开始转股,计算使用1.6年期 评级为AA- 债参考YTM：1.8557,N,3.963,全价：121.682 最后更新：15:34:51,,,,0,[],0,0,N,,,buy,buy
2026-09-28 15:46:14,113693,志邦转债,zbzz,119.416,-0.04,603801,志邦家居,zbjj,6.11,-1.45,0.9,11.13,54.9,0,117.53,236.95,360308,轻工制造,shmb,C,2025-04-08,[],0,0,buy,AA,,7.791,14.469,25.2,buy,2031-03-18,4.471,6.7,2324.06,3909.75,2.91,-0.99,,0,14:59:20,00,Y,N,0,0,Y,,2025-09-24 开始转股,计算使用4.5年期 评级为AA 债参考YTM：1.7899,N,6.7,全价：119.416 最后更新：14:59:20,,,,0,[],0,0,N,,,buy,buy
2026-09-28 15:46:14,123267,珂玛转债,kmzz,200.0,0.0,301611,珂玛科技,kmkj,89.0,-5.85,20.51,97.47,91.31,24,119.03,319.03,270103,电子,szcy,C,2026-05-13,[],0,0,buy,AA,,68.229,126.711,5.7,buy,2032-04-15,5.551,7.5,23262.48,49069.78,15.74,-9.79,,0,15:34:39,00,Y,N,0,0,Y,,未到转股期；2026-10-22 开始转股,计算使用5.6年期 评级为AA 债参考YTM：1.8932,N,7.5,全价：200.000 最后更新：15:34:39,,,,0,{'M': ''},0,0,N,,,buy,buy
2026-09-28 15:46:14,118015,芯海转债,xhzz,124.322,-0.25,688595,芯海科技,xhkj,30.33,-4.17,6.08,55.22,54.93,0,126.35,250.67,270104,电子,shkc,C,2022-08-18,[],0,0,buy,A+,,38.654,71.786,9.4,buy,2028-07-21,1.814,4.1,1007.98,8303.82,1.98,-3.15,,0,14:59:48,00,Y,N,0,0,Y,,2023-01-30 开始转股,计算使用1.9年期 评级为A+ 债参考YTM：4.2524,N,4.1,全价：124.322 最后更新：14:59:48,,,,0,{'M': ''},0,0,N,,,buy,buy
2026-09-28 15:46:14,118068,迪威转债,dwzz,123.667,0.01,688377,迪威尔,dwe,16.91,-0.35,2.06,32.49,52.05,73,137.61,261.28,640203,机械设备,shkc,C,2026-06-30,[],0,0,buy,AA-,,22.743,42.237,23.0,buy,2032-06-03,5.685,9.08,1975.53,4325.93,1.76,-1.49,,0,14:59:37,00,Y,N,0,0,Y,,未到转股期；2026-12-10 开始转股,计算使用5.7年期 评级为AA- 债参考YTM：2.5796,N,9.08,全价：123.667 最后更新：14:59:37,,,,0,{'M': ''},0,0,N,,,buy,buy
2026-09-28 15:46:14,123090,三诺转债,snzz,111.56,0.0,300298,三诺生物,snsw,16.19,0.25,2.93,34.52,46.9,0,137.87,249.43,370502,医药生物,szcy,C,2021-01-12,[],0,0,buy,AA,,24.164,44.876,6.9,buy,2026-12-21,0.23,4.984,3937.03,6024.77,7.08,1.71,,0,15:34:06,00,Y,N,0,0,Y,,2021-06-25 开始转股,计算使用0.3年期 评级为AA 债参考YTM：1.5102,N,5.0,全价：111.560 最后更新：15:34:06,,,,0,{'M': ''},0,0,N,,,buy,buy
2026-09-28 15:46:14,111014,李子转债,lzzz,118.687,0.02,605337,李子园,lzy,9.04,0.33,2.12,18.21,49.64,0,139.08,257.77,340701,食品饮料,shmb,C,2023-07-13,[],0,0,buy,AA,,12.747,23.673,17.1,buy,2029-06-20,2.729,5.999,1571.43,2303.77,2.21,-1.07,,0,14:59:34,00,Y,N,0,0,N,2026-09-23 至 2026-09-30 期间暂停转股：权益分派,2023-12-28 开始转股;2026-09-23 至 2026-09-30 期间暂停转股：权益分派,计算使用2.8年期 评级为AA 债参考YTM：1.6859,N,6.0,全价：118.687 最后更新：14:59:34,,,,0,[],0,0,N,,,buy,buy
2026-09-28 15:46:14,118010,洁特转债,jtzz,126.07,-0.15,688026,洁特生物,jtsw,25.24,-2.74,2.96,47.88,52.72,0,139.15,265.22,370503,医药生物,shkc,C,2022-08-02,[],0,0,buy,A+,,33.516,62.244,12.4,buy,2028-06-28,1.751,4.399,2073.34,23693.71,3.74,-6.7,,0,14:59:22,00,Y,N,0,0,Y,,2023-01-04 开始转股,计算使用1.8年期 评级为A+ 债参考YTM：4.2340,N,4.4,全价：126.070 最后更新：14:59:22,,,,0,{'M': ''},0,0,N,,,buy,buy
2026-09-28 15:46:14,123265,耐普转02,npz02,129.042,0.23,300818,耐普矿机,npkj,15.79,-3.72,1.85,29.42,53.67,0,140.43,269.47,640103,机械设备,szcy,C,2026-01-30,[],0,0,buy,A+,,20.594,38.246,20.0,buy,2032-01-16,5.304,4.499,1320.64,4380.21,2.28,-1.56,,0,15:34:39,00,Y,N,0,0,Y,,2026-07-22 开始转股,计算使用5.4年期 评级为A+ 债参考YTM：4.7705,N,4.5,全价：129.042 最后更新：15:34:39,,,,0,[],0,0,N,,,buy,buy
2026-09-28 15:46:14,118042,奥维转债,awzz,124.133,0.15,688516,奥特维,atw,42.41,-3.42,3.52,83.39,50.86,0,144.08,268.21,630505,电力设备,shkc,C,2023-09-01,[],0,0,buy,AA-,,58.373,108.407,8.5,buy,2029-08-10,2.869,11.399,2655.36,27981.7,1.88,-1.63,,0,14:58:47,00,Y,N,0,0,Y,,2024-02-19 开始转股,计算使用2.9年期 评级为AA- 债参考YTM：2.1108,N,11.4,全价：124.133 最后更新：14:58:47,,,,0,{'M': ''},0,0,N,,,buy,buy
2026-09-28 15:46:14,118022,锂科转债,lkzz,114.671,-0.28,688779,五矿新能,wkxn,7.17,-3.63,1.83,15.49,46.29,0,147.73,262.4,630702,电力设备,shkc,C,2022-11-07,[],0,0,buy,AA,,10.843,20.137,23.5,buy,2028-10-11,2.038,32.497,3447.99,17118.08,0.93,-0.6,,0,14:59:03,00,Y,N,0,0,Y,,2023-04-17 开始转股,计算使用2.1年期 评级为AA 债参考YTM：1.6284,N,32.5,全价：114.671 最后更新：14:59:03,,,,0,{'M': ''},0,0,N,,,buy,buy
2026-09-28 15:46:14,123250,嘉益转债,jyzz,120.7,0.48,301004,嘉益股份,jygf,38.28,17.06,2.86,78.88,48.53,0,148.72,269.42,360311,轻工制造,szcy,C,2024-11-26,[],0,0,buy,A+,,55.216,102.544,7.6,buy,2030-11-07,4.112,3.955,111694.21,17702.12,226.18,-0.41,,0,15:34:42,00,Y,N,0,0,Y,,2025-05-13 开始转股,计算使用4.2年期 评级为A+ 债参考YTM：4.6048,N,3.979,全价：120.700 最后更新：15:34:42,,,,0,{'M': ''},0,0,N,,,buy,buy
2026-09-28 15:46:14,118066,统联转债,tlzz,124.982,-0.57,688210,统联精密,tljm,27.39,-5.29,3.51,55.96,48.95,0,155.35,280.33,270504,电子,shkc,C,2026-03-20,[],0,0,buy,AA-,,39.172,72.748,12.9,buy,2032-03-02,5.43,5.76,1436.41,8440.26,1.99,-1.75,,0,14:59:34,00,Y,N,0,0,Y,,2026-09-07 开始转股,计算使用5.5年期 评级为AA- 债参考YTM：2.4729,N,5.76,全价：124.982 最后更新：14:59:34,,,,0,{'M': ''},1,0,N,,,buy,buy
2026-09-28 15:46:14,127098,欧晶转债,ojzz,121.315,0.91,001269,欧晶科技,ojkj,19.45,0.52,5.14,42.0,46.31,0,161.97,283.29,630504,电力设备,szmb,C,2023-12-15,[],0,0,buy,A+,,29.4,54.6,12.5,buy,2029-11-24,3.159,4.693,3243.82,4666.49,5.69,-1.41,,0,15:34:24,00,Y,N,1,1,Y,转股价下修1次，成功下修1次,2024-05-30 开始转股,计算使用3.2年期 评级为A+ 债参考YTM：4.5170,N,4.7,全价：121.315 最后更新：15:34:24,,,,0,[],0,0,N,,,buy,buy
2026-09-28 15:46:14,113650,博22转债,b22zz,118.511,-0.27,603916,苏博特,sbt,10.36,-1.52,1.0,23.27,44.52,0,166.19,284.7,220309,基础化工,shmb,C,2022-07-28,[],0,0,buy,AA-,,16.289,30.251,18.4,buy,2028-07-01,1.759,7.996,1534.18,4903.44,1.62,-0.74,,0,14:59:20,00,Y,N,0,0,Y,,2023-01-09 开始转股,计算使用1.8年期 评级为AA- 债参考YTM：1.8876,N,8.0,全价：118.511 最后更新：14:59:20,,,,0,{'M': ''},0,0,N,,,buy,buy
2026-09-28 15:46:14,123180,浙矿转债,zkzz,127.022,-0.68,300837,浙矿股份,zkgf,22.24,-1.98,1.55,47.59,46.73,0,171.81,298.83,640203,机械设备,szcy,C,2023-03-28,[],0,0,buy,AA-,,33.313,61.867,19.0,buy,2029-03-09,2.447,3.196,1024.81,3738.77,2.52,-2.85,,0,15:34:21,00,Y,N,0,0,Y,,2023-09-15 开始转股,计算使用2.5年期 评级为AA- 债参考YTM：2.0210,N,3.2,全价：127.022 最后更新：15:34:21,,,,0,[],0,0,N,,,buy,buy
2026-09-28 15:46:14,123117,健帆转债,jfzz,109.425,-0.07,300529,健帆生物,jfsw,15.0,0.27,3.46,38.15,39.32,0,178.3,287.73,370503,医药生物,szcy,C,2021-07-12,[],0,0,buy,AA,,26.705,49.595,13.0,buy,2027-06-23,0.734,9.998,2064.37,4807.84,1.89,0.72,,0,15:34:03,00,Y,N,2,2,Y,转股价下修2次，成功下修2次,2021-12-29 开始转股,计算使用0.8年期 评级为AA 债参考YTM：1.5363,N,10.0,全价：109.425 最后更新：15:34:03,,,,0,{'M': ''},0,0,N,,,buy,buy
2026-09-28 15:46:14,123151,康医转债,kyzz,117.969,0.71,300869,康泰医学,ktyx,11.35,-0.96,2.71,27.55,41.2,0,186.35,304.32,370502,医药生物,szcy,C,2022-07-20,[],0,0,buy,A+,,19.285,35.815,23.4,buy,2028-07-01,1.759,6.998,1374.27,3663.66,1.67,-0.23,,0,15:34:15,00,Y,N,0,0,Y,,2023-01-09 开始转股,计算使用1.8年期 评级为A+ 债参考YTM：4.2340,N,7.0,全价：117.969 最后更新：15:34:15,,,,0,{'M': ''},0,0,N,,,buy,buy
2026-09-28 15:46:14,113670,金23转债,j23zz,119.977,0.12,603180,金牌家居,jpjj,15.58,-1.58,0.93,37.54,41.5,0,189.08,309.06,360308,轻工制造,shmb,C,2023-05-16,[],0,0,buy,AA,,26.278,48.802,32.0,buy,2029-04-17,2.553,7.7,1388.84,1631.06,1.5,-0.56,,0,14:59:20,00,Y,N,0,0,Y,,2023-10-23 开始转股,计算使用2.6年期 评级为AA 债参考YTM：1.6693,N,7.7,全价：119.977 最后更新：14:59:20,,,,0,[],0,0,N,,,buy,buy
2026-09-28 15:46:14,113049,长汽转债,cqzz,106.104,0.0,601633,长城汽车,ccqc,13.79,-0.86,1.35,38.74,35.6,0,198.08,304.18,280502,汽车,shmb,C,2021-07-08,[],0,0,buy,AAA,,27.118,50.362,4.1,buy,2027-06-10,0.699,34.95,3102.9,15430.91,0.84,1.21,,0,14:59:06,00,Y,N,0,0,Y,,2021-12-17 开始转股,计算使用0.7年期 评级为AAA 债参考YTM：1.4980,N,35.0,全价：106.104 最后更新：14:59:06,,,,1,{'M': ''},0,0,N,,,buy,buy
2026-09-28 15:46:14,113660,寿22转债,s22zz,121.453,0.74,603896,寿仙谷,sxg,14.79,1.93,1.28,36.84,40.15,0,202.52,323.97,370201,医药生物,shmb,C,2022-12-12,[],0,0,buy,AA-,,25.788,47.892,13.6,buy,2028-11-17,2.14,3.977,1016.64,3267.3,2.11,-2.37,,0,14:59:20,00,Y,N,0,0,Y,,2023-05-23 开始转股,计算使用2.2年期 评级为AA- 债参考YTM：1.9573,N,3.98,全价：121.453 最后更新：14:59:20,,,,0,[],0,0,N,,,buy,buy
2026-09-28 15:46:14,118032,建龙转债,jlzz,121.072,0.26,688357,建龙微纳,jlwn,26.68,-0.93,1.45,71.41,37.36,0,224.05,345.12,220309,基础化工,shkc,C,2023-04-07,[],0,0,buy,AA-,,49.987,92.833,26.2,buy,2029-03-08,2.444,6.999,941.73,3065.66,1.11,-0.89,,0,14:59:20,00,Y,N,0,0,Y,,2023-09-14 开始转股,计算使用2.5年期 评级为AA- 债参考YTM：2.0210,N,7.0,全价：121.072 最后更新：14:59:20,,,,0,{'M': ''},0,0,N,,,buy,buy
2026-09-28 15:46:14,123273,三江转债,sjzz,304.687,-0.85,301059,金三江,jsj,13.05,-1.21,4.51,14.43,90.44,87,236.91,541.6,220309,基础化工,szcy,C,2026-07-03,[],0,0,buy,A+,,10.101,18.759,10.8,buy,2032-06-16,5.721,2.9,21469.02,4776.37,24.11,-15.34,,0,15:34:45,00,Y,N,0,0,Y,,未到转股期；2026-12-24 开始转股,计算使用5.8年期 评级为A+ 债参考YTM：4.9797,N,2.9,全价：304.687 最后更新：15:34:45,,,,0,{'M': ''},0,0,N,,,buy,buy
2026-09-28 15:46:14,128135,洽洽转债,qqzz,114.85,0.01,002557,洽洽食品,qqsp,18.44,1.32,1.83,54.95,33.56,0,242.25,357.1,340801,食品饮料,szmb,C,2020-11-18,[],0,0,buy,AA,,38.465,71.435,14.4,buy,2026-10-20,0.06,13.398,5471.18,12404.43,3.56,2.27,,0,15:34:15,00,Y,N,0,0,Y,,2021-04-26 开始转股,计算使用0.1年期 评级为AA 债参考YTM：1.5100,N,13.4,全价：114.850 最后更新：15:34:15,,,,1,"{'R': '到期\n最后交易日：2026-10-14\n最后转股日：2026-10-19\n债券到期日：2026-10-20\n到期赎回价：115.000元/张', 'M': ''}",0,0,N,,,buy,buy
2026-09-28 15:46:14,123072,乐歌转债,lgzz,119.798,0.0,300729,乐歌股份,lggf,11.2,-0.88,1.07,32.61,34.35,0,248.8,368.6,360311,轻工制造,szcy,C,2020-11-10,[],0,0,buy,A+,,22.827,42.393,3.9,buy,2026-10-21,0.063,1.418,1757.49,5912.66,10.34,2.8,,0,15:34:00,00,Y,N,0,0,Y,,2021-04-27 开始转股,计算使用0.1年期 评级为A+ 债参考YTM：3.9924,N,1.42,全价：119.798 最后更新：15:34:00,,,,0,{'R': '到期\n最后交易日：2026-10-15\n最后转股日：2026-10-20\n债券到期日：2026-10-21\n到期赎回价：120.000元/张'},0,0,N,,,buy,buy
2026-09-28 15:46:14,110085,通22转债,t22zz,112.089,0.07,600438,通威股份,twgf,11.06,-0.54,1.48,34.6,31.97,0,250.66,362.75,630501,电力设备,shmb,C,2022-03-18,[],0,0,buy,AAA,,24.22,44.98,24.1,buy,2028-02-24,1.408,119.831,5178.95,32467.54,0.38,-0.83,,0,14:59:42,00,Y,N,0,0,Y,,2022-09-02 开始转股,计算使用1.5年期 评级为AAA 债参考YTM：1.5385,N,120.0,全价：112.089 最后更新：14:59:42,,,,0,{'M': ''},0,0,N,,,buy,buy
2026-09-28 15:46:14,118005,天奈转债,tnzz,120.501,-0.09,688116,天奈科技,tnkj,32.26,-4.1,3.04,99.01,32.58,0,269.83,390.33,630702,电力设备,shkc,C,2022-03-01,[],0,0,buy,AA-,,69.307,128.713,7.0,buy,2028-01-27,1.332,8.299,2288.23,16922.4,2.29,-5.55,,0,14:59:20,00,Y,N,0,0,Y,,2022-08-09 开始转股,计算使用1.4年期 评级为AA- 债参考YTM：1.8234,N,8.3,全价：120.501 最后更新：14:59:20,,,,0,{'M': ''},0,0,N,,,buy,buy
2026-09-28 15:46:14,113633,科沃转债,kwzz,110.983,-0.08,603486,科沃斯,kws,50.4,0.14,2.87,172.97,29.14,0,280.89,391.87,330302,家用电器,shmb,C,2021-12-29,[],0,0,buy,AA,,121.079,224.861,3.6,buy,2027-11-30,1.173,10.396,1497.96,14914.57,1.3,0.64,,0,14:59:46,00,Y,N,0,0,Y,,2022-06-06 开始转股,计算使用1.2年期 评级为AA 债参考YTM：1.5523,N,10.4,全价：110.983 最后更新：14:59:46,,,,0,{'M': ''},0,0,N,,,buy,buy
2026-09-28 15:46:14,123270,盛德转债,sdzz,212.306,-0.81,300881,盛德鑫泰,sdxt,29.81,-2.8,2.46,53.68,55.53,70,282.31,494.62,230501,钢铁,szcy,C,2026-06-12,[],0,0,buy,A+,,37.576,69.784,23.7,buy,2032-05-31,5.677,4.05,13410.12,3159.69,15.54,-9.97,,0,15:34:36,00,Y,N,0,0,Y,,未到转股期；2026-12-07 开始转股,计算使用5.7年期 评级为A+ 债参考YTM：4.9290,N,4.05,全价：212.306 最后更新：15:34:36,,,,0,{'M': ''},0,0,N,,,buy,buy
2026-09-28 15:46:14,127025,冀东转债,jdzz,105.827,0.03,000401,金隅冀东,jyjd,3.51,-1.13,0.36,12.92,27.17,0,289.54,395.37,610101,建筑材料,szmb,C,2020-12-02,[],0,0,buy,AAA,,9.044,16.796,19.2,buy,2026-11-05,0.104,17.764,2174.53,2716.82,1.16,1.61,,0,15:34:48,00,Y,Y,0,0,Y,,2021-05-11 开始转股,计算使用0.2年期 评级为AAA 债参考YTM：1.4800,N,28.2,全价：105.827 最后更新：15:34:48,,,,0,"{'R': '到期\n最后交易日：2026-10-30\n最后转股日：2026-11-04\n', 'M': ''}",0,0,N,,,buy,buy
2026-09-28 15:46:14,123179,立高转债,lgzz,120.44,0.2,300973,立高食品,lgsp,25.51,0.47,1.59,94.64,26.96,0,346.82,467.26,340802,食品饮料,szcy,C,2023-03-27,[],0,0,buy,AA-,,66.248,123.032,31.4,buy,2029-03-07,2.441,9.499,1661.97,4125.81,1.46,-0.57,,0,15:34:18,00,Y,N,0,0,Y,,2023-09-13 开始转股,计算使用2.5年期 评级为AA- 债参考YTM：2.0210,N,9.5,全价：120.440 最后更新：15:34:18,,,,0,{'M': ''},0,0,N,,,buy,buy
2026-09-28 15:46:14,113059,福莱转债,flzz,115.175,0.35,601865,福莱特,flt,9.1,-1.83,0.98,41.56,21.9,0,426.01,541.19,630504,电力设备,shmb,C,2022-06-13,[],0,0,buy,AA,,29.092,54.028,23.1,buy,2028-05-20,1.644,39.996,2445.57,8857.5,0.53,-0.74,,0,14:59:48,00,Y,N,1,0,Y,转股价下修1次，成功下修0次,2022-11-28 开始转股,计算使用1.7年期 评级为AA 债参考YTM：1.5943,N,40.0,全价：115.175 最后更新：14:59:48,,,,0,{'M': ''},0,0,N,,,buy,buy
