抓取时间,bond_id,bond_nm,bond_py,price,increase_rt,stock_id,stock_nm,stock_py,sprice,sincrease_rt,pb,convert_price,convert_value,convert_begin,premium_rt,dblow,sw_cd,sw_name,market_cd,btype,list_dt,t_flag,owned,hold,bond_value,rating_cd,option_value,put_convert_price,force_redeem_price,convert_amt_ratio,fund_rt,maturity_dt,year_left,curr_iss_amt,volume,svolume,turnover_rt,ytm_rt,put_ytm_rt,noted,last_time,qstatus,sqflag,pb_flag,adj_cnt,adj_scnt,convert_price_valid,convert_price_tips,convert_cd_tip,ref_yield_info,adjusted,orig_iss_amt,price_tips,redeem_dt,real_force_redeem_price,option_tip,after_next_put_dt,icons,is_min_price,blocked,putting,force_redeem_price_tip,notes,volatility_rate,debt_rate
2026-08-07 08:34:13,123278,合金转债,hjzz,100.0,0.0,300697,电工合金,dghj,14.94,6.26,4.93,13.98,106.87,182,-6.43,93.57,240302,有色金属,szcy,C,,[],0,0,buy,AA-,,9.786,18.174,11.0,buy,2032-07-29,5.981,5.45,0.0,32979.75,0.0,2.2,,0,,00,Y,N,0,0,Y,,未到转股期；2027-02-05 开始转股,计算使用6.0年期 评级为AA- 债参考YTM：3.4130,N,5.45,待上市,,,,0,[],0,0,N,,,buy,buy
2026-08-07 08:34:13,118053,Z正帆转,zfzz,168.904,9.53,688596,正帆科技,zfkj,65.98,8.16,5.12,38.57,171.07,0,-1.26,167.64,640209,机械设备,shkc,C,2025-04-03,[],0,0,buy,AA,,26.999,50.141,1.5,buy,2031-03-18,,3.12,323019.23,284236.55,611.63,,,0,15:00:00,00,Y,N,0,0,Y,,2025-09-24 开始转股,强赎登记日2026-08-07，赎回价格100.1622元，如不考虑强赎纯债价值为106.21元，计算使用4.7年期 评级为AA 债参考YTM：1.9206,N,10.41,全价：168.904 最后更新：15:00:00,2026-08-07,100.1622,如不考虑强赎期权价值为125.02元,0,"{'R': '最后交易日 2026年8月7日\r\n最后转股日 2026年8月12日\r\n赎回价 100.1622元/张', 'M': ''}",0,0,N,,,buy,buy
2026-08-07 08:34:13,127067,恒逸转2,hyz2,171.383,2.97,000703,恒逸石化,hysh,17.71,2.97,2.5,10.32,171.61,0,-0.13,171.25,750301,石油石化,szmb,C,2022-08-18,[],0,0,buy,AA+,,7.224,13.416,3.4,buy,2028-07-21,1.956,23.484,104089.54,116792.4,25.95,-20.15,,0,15:33:54,00,Y,N,0,0,Y,,2023-01-30 开始转股,计算使用2.0年期 评级为AA+ 债参考YTM：1.6503,N,30.0,全价：171.383 最后更新：15:33:54,,,,1,{'M': ''},0,0,N,,,buy,buy
2026-08-07 08:34:13,123277,玉禾转债,yhzz,100.0,0.0,300815,玉禾田,yht,16.34,-0.85,1.39,16.35,99.94,181,0.06,100.06,760103,环保,szcy,C,,[],0,0,buy,AA,,11.445,21.255,23.4,buy,2032-07-28,5.978,15.0,0.0,8447.18,0.0,2.16,,0,,00,Y,N,0,0,Y,,未到转股期；2027-02-04 开始转股,计算使用6.0年期 评级为AA 债参考YTM：2.2130,N,15.0,待上市,,,,0,[],0,0,N,,,buy,buy
2026-08-07 08:34:13,113039,嘉泽转债,jzzz,161.872,0.97,601619,嘉泽新能,jzxn,4.67,0.65,1.7,2.89,161.59,0,0.17,162.04,410107,公用事业,shmb,C,2020-09-17,[],0,0,buy,AA,,2.023,3.757,2.4,buy,2026-08-24,0.047,2.753,34670.4,14353.08,77.62,-714.18,,0,14:59:58,00,Y,N,0,0,Y,,2021-03-01 开始转股,计算使用0.1年期 评级为AA 债参考YTM：1.5005,N,13.0,全价：161.872 最后更新：14:59:58,,,,1,"{'R': '到期\n最后交易日：2026-08-18\n最后转股日：2026-08-21\n债券到期日：2026-08-24\n到期赎回价：108.000元/张', 'M': ''}",0,0,N,,,buy,buy
2026-08-07 08:34:13,123280,三鑫转债,sxzz,100.0,0.0,300453,三鑫医疗,sxyl,9.55,1.49,3.26,9.72,98.25,187,1.78,101.78,370503,医药生物,szcy,C,,[],0,0,buy,AA-,,7.776,12.636,15.3,buy,2032-08-03,5.995,5.3,0.0,8572.74,0.0,2.19,,0,,00,Y,N,0,0,Y,,未到转股期；2027-02-10 开始转股,计算使用6.0年期 评级为AA- 债参考YTM：3.4130,N,5.3,待上市,,,,0,[],0,0,N,,,buy,buy
2026-08-07 08:34:13,113697,应流转债,ylzz,163.871,0.86,603308,应流股份,ylgf,48.52,0.94,6.36,30.31,160.08,0,2.37,166.24,640108,机械设备,shmb,C,2025-10-22,[],0,0,buy,AA+,,21.217,39.403,4.5,buy,2031-09-19,5.121,14.967,95788.71,82754.56,39.06,-7.16,,0,14:59:59,00,Y,N,0,0,Y,,2026-03-25 开始转股,已公告要强赎，如不考虑强赎纯债价值为102.53元，计算使用5.2年期 评级为AA+ 债参考YTM：1.8537,N,15.0,全价：163.871 最后更新：14:59:59,,,如不考虑强赎期权价值为103.90元,0,"{'O': '', 'M': ''}",0,0,N,,,buy,buy
2026-08-07 08:34:13,110077,洪城转债,hczz,206.84,0.9,600461,洪城环境,hchj,8.9,-0.34,1.11,4.41,201.81,0,2.49,209.33,760102,环保,shmb,C,2020-12-17,[],0,0,buy,AA+,,3.087,5.733,5.0,buy,2026-11-20,0.288,5.839,8928.92,7890.28,7.44,-164.33,,0,14:59:59,00,Y,N,0,0,Y,,2021-05-26 开始转股,计算使用0.3年期 评级为AA+ 债参考YTM：1.5114,N,18.0,全价：206.840 最后更新：14:59:59,,,,1,"{'G': '本次（2026年7月12日至2026年7月31日）不提前赎回，至到期日止均不行使提前赎回权利', 'M': ''}",0,0,N,,,buy,buy
2026-08-07 08:34:13,123281,中仑转债,zlzz,100.0,0.0,301565,中仑新材,zlxc,19.62,-1.31,3.21,20.28,96.75,189,3.36,103.36,220505,基础化工,szcy,C,,[],0,0,buy,AA-,,14.196,26.364,42.5,buy,2032-08-05,6.0,10.68,0.0,12820.59,0.0,2.19,,0,,00,Y,N,0,0,Y,,未到转股期；2027-02-12 开始转股,计算使用6.0年期 评级为AA- 债参考YTM：3.4130,N,10.68,待上市,,,,0,{'M': ''},0,0,N,,,buy,buy
2026-08-07 08:34:13,111026,派克转债,pkzz,100.0,0.0,605123,派克新材,pkxc,78.88,0.08,2.05,81.8,96.43,189,3.7,103.7,650201,国防军工,shmb,C,,[],0,0,buy,AA,,57.26,106.34,16.5,buy,2032-08-05,6.0,15.8,0.0,28680.86,0.0,2.16,,0,,00,Y,N,0,0,Y,,未到转股期；2027-02-12 开始转股,计算使用6.0年期 评级为AA 债参考YTM：2.2130,N,15.8,待上市,,,,0,{'M': ''},0,0,N,,,buy,buy
2026-08-07 08:34:13,113667,春23转债,c23zz,199.519,3.31,603890,春秋电子,cqdz,19.13,1.97,2.53,9.95,192.26,0,3.77,203.29,270504,电子,shmb,C,2023-04-11,[],0,0,buy,AA-,,6.965,12.935,6.7,buy,2029-03-17,2.611,5.692,85459.11,45767.95,76.37,-18.34,,0,15:00:00,00,Y,N,0,0,Y,,2023-09-25 开始转股,如不考虑强赎纯债价值为112.07元，计算使用2.7年期 评级为AA- 债参考YTM：2.1997,N,5.7,全价：199.519 最后更新：15:00:00,,,,0,"{'B': '', 'M': ''}",0,0,N,,,buy,buy
2026-08-07 08:34:13,123279,天脉转债,tmzz,100.0,0.0,301626,苏州天脉,sztm,256.84,11.46,18.39,267.33,96.08,185,4.08,104.08,270504,电子,szcy,C,,[],0,0,buy,AA,,187.131,347.529,5.8,buy,2032-08-02,5.992,7.86,0.0,86350.07,0.0,2.16,,0,,00,Y,N,0,0,Y,,未到转股期；2027-02-08 开始转股,计算使用6.0年期 评级为AA 债参考YTM：2.2130,N,7.86,待上市,,,,0,{'M': ''},0,0,N,,,buy,buy
2026-08-07 08:34:13,118074,特宝转债,tbzz,100.0,0.0,688278,特宝生物,tbsw,55.96,2.53,6.29,58.56,95.56,180,4.65,104.65,370304,医药生物,shkc,C,,[],0,0,buy,AA+,,40.992,76.128,6.7,buy,2032-07-27,5.975,15.33,0.0,31486.29,0.0,1.86,,0,,00,Y,N,0,0,Y,,未到转股期；2027-02-03 开始转股,计算使用6.0年期 评级为AA+ 债参考YTM：1.9730,N,15.33,待上市,,,,0,{'M': ''},0,0,N,,,buy,buy
2026-08-07 08:34:13,110103,申能转债,snzz,100.0,0.0,600642,申能股份,sngf,8.34,-0.12,0.96,8.74,95.42,178,4.8,104.8,410101,公用事业,shmb,C,,[],0,0,buy,AAA,,6.118,11.362,4.9,buy,2032-07-23,5.964,20.0,0.0,14777.96,0.0,1.67,,0,,00,Y,N,0,0,Y,,未到转股期；2027-02-01 开始转股,计算使用6.0年期 评级为AAA 债参考YTM：1.8330,N,20.0,待上市,,,,0,{'M': ''},0,0,N,,,buy,buy
2026-08-07 08:34:13,127115,炬申转债,jszz,100.0,0.0,001202,炬申股份,jsgf,13.02,-1.36,2.53,13.76,94.62,178,5.68,105.68,420802,交通运输,szmb,C,,[],0,0,buy,AA-,,9.632,17.888,25.0,buy,2032-07-23,5.964,3.8,0.0,2910.26,0.0,2.2,,0,,00,Y,N,0,0,Y,,未到转股期；2027-02-01 开始转股,计算使用6.0年期 评级为AA- 债参考YTM：3.4130,N,3.8,待上市,,,,0,[],0,0,N,,,buy,buy
2026-08-07 08:34:13,113042,上银转债,syzz,117.064,-0.61,601229,上海银行,shyh,9.21,-0.97,0.5,8.35,110.3,0,6.13,123.19,480401,银行,shmb,C,2021-02-10,[],0,0,buy,AAA,,,10.855,15.3,buy,2027-01-25,0.469,199.775,26954.12,49119.85,1.15,-9.23,,0,14:59:52,00,Y,Y,0,0,Y,,2021-07-29 开始转股,计算使用0.5年期 评级为AAA 债参考YTM：1.5100,N,200.0,全价：117.064 最后更新：14:59:52,,,,0,{'M': ''},0,0,N,,,buy,buy
2026-08-07 08:34:13,123112,万讯转债,wxzz,147.997,0.9,300112,万讯自控,wxzk,8.91,5.44,2.6,6.43,138.57,0,6.8,154.8,640107,机械设备,szcy,C,2021-04-23,[],0,0,buy,AA-,,4.501,8.359,10.7,buy,2027-04-08,0.669,2.264,17558.87,21411.97,52.37,-30.44,,0,15:34:42,00,Y,N,1,1,Y,转股价下修1次，成功下修1次,2021-10-14 开始转股,计算使用0.7年期 评级为AA- 债参考YTM：1.7900,N,2.457,全价：147.997 最后更新：15:34:42,,,,1,[],0,0,N,,,buy,buy
2026-08-07 08:34:13,127061,美锦转债,mjzz,108.397,-1.1,000723,美锦能源,mjny,3.52,-2.22,1.22,3.47,101.44,0,6.86,115.26,740201,煤炭,szmb,C,2022-05-30,[],0,0,buy,A,,2.429,4.511,18.0,buy,2028-04-20,1.704,27.89,5943.65,26736.16,1.97,6.5,,0,15:34:12,00,Y,N,2,2,Y,转股价下修2次，成功下修2次,2022-10-26 开始转股,计算使用1.8年期 评级为A 债参考YTM：6.6858,N,35.9,全价：108.397 最后更新：15:34:12,,,,1,{'M': ''},0,0,N,,,buy,buy
2026-08-07 08:34:13,128134,鸿路转债,hlzz,115.2,-0.09,002541,鸿路钢构,hlgg,18.7,-1.01,1.27,17.49,106.92,0,7.75,122.95,620401,建筑装饰,szmb,C,2020-11-02,[],0,0,buy,AA,,12.243,22.737,16.9,buy,2026-10-09,0.173,15.678,8409.97,17422.43,4.67,-26.57,,0,15:34:06,00,Y,N,2,2,Y,转股价下修2次，成功下修2次,2021-04-15 开始转股,计算使用0.2年期 评级为AA 债参考YTM：1.5164,N,18.8,全价：115.200 最后更新：15:34:06,,,,0,{'M': ''},0,0,N,,,buy,buy
2026-08-07 08:34:13,118073,赛斯转债,sszz,100.0,0.0,688480,赛恩斯,ses,80.8,1.66,6.38,88.16,91.65,171,9.11,109.11,760104,环保,shkc,C,,[],0,0,buy,AA,,61.712,114.608,7.2,buy,2032-07-16,5.945,5.519,0.0,9478.19,0.0,2.18,,0,,00,Y,N,0,0,Y,,未到转股期；2027-01-25 开始转股,计算使用6.0年期 评级为AA 债参考YTM：2.2130,N,5.519,待上市,,,,0,{'M': ''},0,0,N,,,buy,buy
2026-08-07 08:34:13,113056,重银转债,cyzz,128.0,-0.39,601963,重庆银行,cqyh,10.76,-1.74,0.59,9.22,116.7,0,9.68,137.68,480401,银行,shmb,C,2022-04-14,[],0,0,buy,AAA,,,11.986,52.8,buy,2028-03-23,1.627,115.622,14924.0,13251.52,1.01,-7.74,,0,14:59:50,00,Y,N,0,0,Y,,2022-09-30 开始转股,计算使用1.7年期 评级为AAA 债参考YTM：1.5706,N,130.0,全价：128.000 最后更新：14:59:50,,,,0,{'M': ''},0,0,N,,,buy,buy
2026-08-07 08:34:13,113605,大参转债,dszz,113.953,-0.57,603233,大参林,dsl,17.51,-2.23,2.53,16.86,103.86,0,9.72,123.67,370403,医药生物,shmb,C,2020-11-13,[],0,0,buy,AA,,11.802,21.918,7.0,buy,2026-10-22,0.208,14.045,6299.71,21153.53,3.94,-16.88,,0,14:59:59,00,Y,N,1,1,Y,转股价下修1次，成功下修1次,2021-04-28 开始转股,计算使用0.3年期 评级为AA 债参考YTM：1.5333,N,14.05,全价：113.953 最后更新：14:59:59,,,,1,{'M': ''},0,0,N,,,buy,buy
2026-08-07 08:34:13,113681,镇洋转债,zyzz,141.328,-0.09,603213,镇洋发展,zyfz,13.91,-1.14,3.13,10.95,127.03,0,11.25,152.58,220202,基础化工,shmb,C,2024-01-17,[],0,0,buy,AA-,,7.665,14.235,8.8,buy,2029-12-29,3.397,5.476,4094.22,2374.44,5.3,-4.95,,0,15:00:00,00,Y,N,0,0,Y,,2024-07-05 开始转股,计算使用3.4年期 评级为AA- 债参考YTM：2.3321,N,6.6,全价：141.328 最后更新：15:00:00,,,,0,[],0,0,N,,,buy,buy
2026-08-07 08:34:13,113062,常银转债,cyzz,130.018,0.08,601128,常熟银行,csyh,6.12,-1.45,0.68,5.25,116.57,0,11.54,141.56,480501,银行,shmb,C,2022-10-17,[],0,0,buy,AAA,,,6.825,26.9,buy,2028-09-15,2.11,59.994,9001.32,34798.46,1.16,-8.01,,0,14:59:37,00,Y,N,0,0,Y,,2023-03-21 开始转股,计算使用2.2年期 评级为AAA 债参考YTM：1.6130,N,60.0,全价：130.018 最后更新：14:59:37,,,,0,{'M': ''},0,0,N,,,buy,buy
2026-08-07 08:34:13,118027,宏图转债,htzz,82.668,-2.46,688066,*ST航图,htht,9.69,-4.34,-2.23,13.12,73.86,0,11.93,94.6,710301,计算机,shkc,C,2022-12-22,[],0,0,buy,B-,,9.184,17.056,36.8,buy,2028-11-28,2.312,9.475,16922.23,15168.04,21.34,17.51,,0,14:59:59,00,Y,N,3,3,Y,转股价下修3次，成功下修3次,2023-06-02 开始转股,,N,10.088,全价：82.668 最后更新：14:59:59,,,,0,[],0,0,N,,,buy,buy
2026-08-07 08:34:13,110076,华海转债,hhzz,119.39,3.84,600521,华海药业,hhyy,17.55,6.62,2.67,16.5,106.36,0,12.25,131.64,370102,医药生物,shmb,C,2020-11-25,[],0,0,buy,AA,,11.55,21.45,7.0,buy,2026-11-02,0.238,18.424,32216.16,123586.92,14.77,-32.99,,0,14:59:59,00,Y,N,1,1,Y,转股价下修1次，成功下修1次,2021-05-06 开始转股,计算使用0.3年期 评级为AA 债参考YTM：1.5333,N,18.426,全价：119.390 最后更新：14:59:59,,,,1,{'M': ''},0,0,N,,,buy,buy
2026-08-07 08:34:13,110081,闻泰转债,wtzz,103.562,0.15,600745,*ST闻泰,wtkj,16.82,0.36,0.88,18.36,91.61,0,13.04,116.6,270102,电子,shmb,C,2021-08-20,[],0,0,buy,BBB+,,12.852,23.868,32.5,buy,2027-07-28,0.973,72.068,8389.23,48866.37,1.12,4.42,,0,14:59:59,00,Y,N,3,3,Y,转股价下修3次，成功下修3次,2022-02-07 开始转股,计算使用1.0年期 评级为BBB+ 债参考YTM：11.9113,N,86.0,全价：103.562 最后更新：14:59:59,,,,1,[],0,0,N,,,buy,buy
2026-08-07 08:34:13,123187,超达转债,cdzz,186.303,-1.48,301186,超达装备,cdzb,35.67,0.45,2.51,21.77,163.85,0,13.7,200.0,280205,汽车,szcy,C,2023-04-25,[],0,0,buy,A,,15.239,28.301,5.8,buy,2029-04-04,2.66,2.242,11819.41,5477.76,28.29,-15.74,,0,15:34:03,00,Y,N,0,0,Y,,2023-10-11 开始转股,计算使用2.7年期 评级为A 债参考YTM：6.8960,N,4.69,全价：186.303 最后更新：15:34:03,,,,0,{'M': ''},0,0,N,,,buy,buy
2026-08-07 08:34:13,118076,先锋转债,xfzz,100.0,0.0,688605,先锋精科,xfjk,75.9,1.61,9.2,86.4,87.85,189,13.83,113.83,270108,电子,shkc,C,,[],0,0,buy,AA,,60.48,112.32,9.1,buy,2032-08-05,6.0,7.5,0.0,46140.93,0.0,2.16,,0,,00,Y,N,0,0,Y,,未到转股期；2027-02-12 开始转股,计算使用6.0年期 评级为AA 债参考YTM：2.2130,N,7.5,待上市,,,,0,{'M': ''},0,0,N,,,buy,buy
2026-08-07 08:34:13,128128,齐翔转2,qxz2,109.955,-0.02,002408,齐翔腾达,qxtd,5.15,1.98,1.33,5.37,95.9,0,14.65,124.61,750303,石油石化,szmb,C,2020-09-15,[],0,0,buy,AA,,3.759,6.981,4.8,buy,2026-08-20,0.036,6.786,2314.74,15056.01,3.1,1.24,,0,15:34:21,00,Y,N,0,0,Y,,2021-02-26 开始转股,计算使用0.1年期 评级为AA 债参考YTM：1.5005,N,29.9,全价：109.955 最后更新：15:34:21,,,,1,"{'R': '到期\n最后交易日：2026-08-14\n最后转股日：2026-08-19\n债券到期日：2026-08-20\n到期赎回价：110.000元/张', 'M': ''}",0,0,N,,,buy,buy
2026-08-07 08:34:13,123065,宝莱转债,blzz,122.38,0.0,300246,宝莱特,blt,19.26,0.0,4.51,18.3,105.25,0,16.28,138.66,370502,医药生物,szcy,C,2020-09-24,[],0,0,buy,AA-,,12.81,23.79,5.4,buy,2026-09-04,0.077,2.18,0.0,0.0,0.0,-81.49,,0,15:34:36,03,Y,N,2,2,Y,转股价下修2次，成功下修2次,2021-03-11 开始转股,计算使用0.1年期 评级为AA- 债参考YTM：1.7005,N,2.19,全价：122.380 最后更新：15:34:36,,,,0,{'R': '到期\n最后交易日：2026-08-31\n最后转股日：2026-09-03\n债券到期日：2026-09-04\n到期赎回价：115.000元/张'},0,0,N,,,buy,buy
2026-08-07 08:34:13,113615,金诚转债,jczz,829.963,1.73,603979,金诚信,jcx,79.19,1.01,4.25,11.12,712.14,0,16.54,846.5,240302,有色金属,shmb,C,2021-01-14,[],0,0,buy,AA,,7.784,14.456,1.0,buy,2026-12-23,0.378,4.958,49535.14,83929.88,12.08,-230.5,,0,14:59:59,00,Y,N,0,0,Y,,2021-06-29 开始转股,计算使用0.4年期 评级为AA 债参考YTM：1.5452,N,10.0,全价：829.963 最后更新：14:59:59,,,,1,"{'G': '本次（2025年10月10日至2025年10月30日）不提前赎回，至2026年12月22日到期均不提前赎回', 'M': ''}",0,0,N,,,buy,buy
2026-08-07 08:34:13,128127,文科转债,wkzz,114.776,0.07,002775,文科股份,wkgf,3.85,-1.53,44.25,3.92,98.21,0,16.86,131.64,620307,建筑装饰,szmb,C,2020-09-11,[],0,0,buy,BBB+,,2.744,5.096,33.4,buy,2026-08-20,0.036,7.52,4357.59,6474.0,5.05,5.93,,0,15:34:24,00,Y,N,2,2,Y,转股价下修2次，成功下修2次,2021-03-01 开始转股,计算使用0.1年期 评级为BBB+ 债参考YTM：11.7111,N,9.5,全价：114.776 最后更新：15:34:24,,,,1,{'R': '到期\n最后交易日：2026-08-14\n最后转股日：2026-08-19\n债券到期日：2026-08-20\n到期赎回价：115.000元/张'},0,0,N,,,buy,buy
2026-08-07 08:34:13,123207,冠中转债,gzzz,235.69,-0.88,300948,冠中生态,gzst,20.95,1.11,3.54,10.44,200.67,0,17.45,253.14,620307,建筑装饰,szcy,C,2023-08-09,[],0,0,buy,A-,,7.308,13.572,4.5,buy,2029-07-21,2.956,1.455,36793.06,11141.43,107.27,-20.9,,0,15:34:21,00,Y,N,1,1,Y,转股价下修1次，成功下修1次,2024-01-29 开始转股,计算使用3.0年期 评级为A- 债参考YTM：9.3198,N,4.0,全价：235.690 最后更新：15:34:21,,,,0,"{'G': '本次（2026年5月27日至2026年6月16日）不提前赎回，自2026年9月16日后首个交易日重新计算', 'M': ''}",0,0,N,,,buy,buy
2026-08-07 08:34:13,123213,天源转债,tyzz,263.8,3.67,301127,武汉天源,whty,15.83,6.38,3.09,7.1,222.96,0,18.32,282.12,760102,环保,szcy,C,2023-08-16,[],0,0,buy,AA-,,4.97,9.23,3.1,buy,2029-07-28,2.975,3.26,71413.69,44803.38,82.7,-24.51,,0,15:34:09,00,Y,N,0,0,Y,,2024-02-05 开始转股,计算使用3.0年期 评级为AA- 债参考YTM：2.2698,N,10.0,全价：263.800 最后更新：15:34:09,,,,0,"{'G': '本次（2026年3月13日至2026年4月2日）不提前赎回，自2026年10月2日后首个交易日重新计算', 'M': ''}",0,0,N,,,buy,buy
2026-08-07 08:34:13,123243,严牌转债,ypzz,199.6,-2.13,301081,严牌股份,ypgf,12.18,-1.3,2.55,7.22,168.7,0,18.32,217.92,760201,环保,szcy,C,2024-07-26,[],0,0,buy,A+,,5.054,9.386,9.5,buy,2030-07-10,3.926,2.607,13555.54,4142.53,26.11,-12.65,,0,15:34:30,00,Y,N,0,0,Y,,2025-01-16 开始转股,计算使用4.0年期 评级为A+ 债参考YTM：4.7440,N,4.679,全价：199.600 最后更新：15:34:30,,,,0,"{'G': '本次（2026年5月6日至2026年5月26日）不提问赎回，以2026年8月26日后的首个交易日重新计算', 'M': ''}",0,0,N,,,buy,buy
2026-08-07 08:34:13,113058,友发转债,yfzz,138.179,-0.74,601686,友发集团,yfjt,5.17,-1.15,1.11,4.48,115.4,0,19.74,157.92,230403,钢铁,shmb,C,2022-04-26,[],0,0,buy,AA,,3.136,5.824,24.4,buy,2028-03-30,1.647,18.638,4059.96,3033.65,1.57,-11.23,,0,14:59:53,00,Y,N,2,2,Y,转股价下修2次，成功下修2次,2022-10-10 开始转股,计算使用1.7年期 评级为AA 债参考YTM：1.6652,N,20.0,全价：138.179 最后更新：14:59:53,,,,1,[],0,0,N,,,buy,buy
2026-08-07 08:34:13,127080,声迅转债,sxzz,271.5,-1.44,003004,声迅股份,sxgf,65.5,0.0,7.64,28.94,226.33,0,19.96,291.46,710102,计算机,szmb,C,2023-02-10,[],0,0,buy,A,,20.258,37.622,6.2,buy,2028-12-30,2.4,2.793,32716.09,9418.5,42.81,-29.5,,0,15:34:03,00,Y,N,0,0,Y,,2023-07-07 开始转股,计算使用2.4年期 评级为A 债参考YTM：6.8217,N,2.8,全价：271.500 最后更新：15:34:03,,,,0,{'G': '本次（2026年5月8日至2026年5月29日）不提前赎回，以2026年8月31日重新计算'},0,0,N,,,buy,buy
2026-08-07 08:34:13,123091,长海转债,chzz,146.99,-2.01,300196,长海股份,chgf,18.36,3.49,1.53,14.99,122.48,0,20.01,167.0,610202,建筑材料,szcy,C,2021-01-15,[],0,0,buy,AA,,10.493,19.487,12.1,buy,2026-12-23,0.378,5.468,56662.45,49909.65,69.18,-65.24,,0,15:34:39,00,Y,N,0,0,Y,,2021-06-29 开始转股,计算使用0.4年期 评级为AA 债参考YTM：1.5452,N,5.5,全价：146.990 最后更新：15:34:39,,,,1,{'G': '本次（2026年4月14日至2026年5月26日）不提前赎回，自2026年8月26日后的首个交易日重新计算'},0,0,N,,,buy,buy
2026-08-07 08:34:13,127040,国泰转债,gtzz,125.28,-0.95,002091,江苏国泰,jsgt,7.62,-1.04,0.75,7.35,103.67,0,20.84,146.12,450201,商贸零售,szmb,C,2021-08-10,[],0,0,buy,AA+,,5.145,9.555,32.6,buy,2027-07-07,0.915,39.863,5084.37,8721.33,1.02,-15.12,,0,15:34:00,00,Y,N,0,0,Y,,2022-01-13 开始转股,计算使用1.0年期 评级为AA+ 债参考YTM：1.5513,N,45.574,全价：125.280 最后更新：15:34:00,,,,1,{'M': ''},0,0,N,,,buy,buy
2026-08-07 08:34:13,127030,盛虹转债,shzz,119.972,0.04,000301,东方盛虹,dfsh,13.1,1.55,2.43,13.21,99.17,0,20.98,140.95,750301,石油石化,szmb,C,2021-04-21,[],0,0,buy,AA+,,9.247,17.173,5.8,buy,2027-03-22,0.622,49.974,9678.14,39166.42,1.62,-16.05,,0,15:34:21,00,Y,N,0,0,Y,,2021-09-27 开始转股,计算使用0.7年期 评级为AA+ 债参考YTM：1.5300,N,50.0,全价：119.972 最后更新：15:34:21,,,,1,{'M': ''},0,0,N,,,buy,buy
2026-08-07 08:34:13,128136,立讯转债,lxzz,123.9,-0.16,002475,立讯精密,lxjm,56.99,1.95,4.95,55.67,102.37,0,21.03,144.93,270504,电子,szmb,C,2020-12-02,[],0,0,buy,AA+,,38.969,72.371,0.7,buy,2026-11-03,0.241,29.848,21137.64,930408.23,5.66,-53.83,,0,15:33:57,00,Y,N,0,0,Y,,2021-05-10 开始转股,计算使用0.3年期 评级为AA+ 债参考YTM：1.5114,N,30.0,全价：123.900 最后更新：15:33:57,,,,1,{'M': ''},0,0,N,,,buy,buy
2026-08-07 08:34:13,113043,财通转债,ctzz,128.446,0.22,601108,财通证券,ctzq,8.46,0.36,1.02,7.98,106.02,0,21.16,149.61,490101,非银金融,shmb,C,2020-12-28,[],0,0,buy,AAA,,,10.374,9.7,buy,2026-12-10,0.343,37.992,7023.47,28906.96,1.44,-51.44,,0,14:59:47,00,Y,Y,1,1,Y,转股价下修1次，成功下修1次,2021-06-16 开始转股,计算使用0.4年期 评级为AAA 债参考YTM：1.5065,N,38.0,全价：128.446 最后更新：14:59:47,,,,0,{'M': ''},0,0,N,,,buy,buy
2026-08-07 08:34:13,113631,皖天转债,wtzz,138.367,-0.5,603689,皖天然气,wtrq,7.41,-0.67,1.02,6.51,113.83,0,21.56,159.93,410301,公用事业,shmb,C,2021-12-10,[],0,0,buy,AA+,,4.557,8.463,15.4,buy,2027-11-08,1.255,5.958,2983.77,1867.1,3.61,-15.8,,0,14:59:56,00,Y,N,0,0,Y,,2022-05-12 开始转股,计算使用1.3年期 评级为AA+ 债参考YTM：1.5789,N,9.3,全价：138.367 最后更新：14:59:56,,,,1,[],0,0,N,,,buy,buy
2026-08-07 08:34:13,127084,柳工转2,lgz2,145.655,-1.15,000528,柳工,lg,8.36,-0.24,0.89,6.98,119.77,0,21.61,167.27,640601,机械设备,szmb,C,2023-04-20,[],0,0,buy,AAA,,4.886,9.074,14.6,buy,2029-03-27,2.638,24.809,7684.63,20552.95,2.12,-8.47,,0,15:34:39,00,Y,N,0,0,Y,,2023-10-09 开始转股,计算使用2.7年期 评级为AAA 债参考YTM：1.6243,N,30.0,全价：145.655 最后更新：15:34:39,,,,0,{'M': ''},0,0,N,,,buy,buy
2026-08-07 08:34:13,128142,新乳转债,xrzz,115.902,-0.54,002946,新乳业,xry,16.63,-1.01,3.65,17.5,95.03,0,21.97,137.87,340702,食品饮料,szmb,C,2021-01-19,[],0,0,buy,AA,,12.25,22.75,5.1,buy,2026-12-18,0.364,7.178,4357.16,12941.42,5.23,-14.08,,0,15:34:09,00,Y,N,0,0,Y,,2021-06-24 开始转股,计算使用0.4年期 评级为AA 债参考YTM：1.5452,N,7.18,全价：115.902 最后更新：15:34:09,,,,1,{'M': ''},0,0,N,,,buy,buy
2026-08-07 08:34:13,113709,振26转债,z26zz,100.0,0.0,603067,振华股份,zhgf,33.0,-0.69,6.47,40.33,81.83,182,22.21,122.21,220203,基础化工,shmb,C,,[],0,0,buy,AA,,28.231,52.429,3.5,buy,2032-07-29,5.981,8.78,0.0,70232.93,0.0,2.16,,0,,00,Y,N,0,0,Y,,未到转股期；2027-02-05 开始转股,计算使用6.0年期 评级为AA 债参考YTM：2.2130,N,8.78,待上市,,,,0,{'M': ''},0,0,N,,,buy,buy
2026-08-07 08:34:13,128138,侨银转债,qyzz,130.405,-0.17,002973,侨银股份,qygf,11.22,2.09,1.75,10.6,105.85,0,23.2,153.61,760103,环保,szmb,C,2020-12-24,[],0,0,buy,A+,,7.42,13.78,11.8,buy,2026-11-17,0.28,4.199,12464.34,24196.98,22.74,-1.12,,0,15:34:27,00,Y,N,3,3,Y,转股价下修3次，成功下修3次,2021-05-24 开始转股,计算使用0.3年期 评级为A+ 债参考YTM：4.0839,N,4.2,全价：130.405 最后更新：15:34:27,,,,1,[],0,0,N,,,buy,buy
2026-08-07 08:34:13,113051,节能转债,jnzz,132.195,-0.83,601016,节能风电,jnfd,3.55,-0.84,1.29,3.33,106.61,0,24.0,156.2,410107,公用事业,shmb,C,2021-07-22,[],0,0,buy,AAA,,2.331,4.329,12.4,buy,2027-06-21,0.871,26.519,6546.57,44130.72,1.87,-19.27,,0,14:59:59,00,Y,N,1,0,Y,转股价下修1次，成功下修0次,2021-12-27 开始转股,计算使用0.9年期 评级为AAA 债参考YTM：1.5100,N,30.0,全价：132.195 最后更新：14:59:59,,,,1,"{'G': '本次（2026年4月23日至2026年5月19日）不提前赎回，自2026年8月19日之后的首个交易日重新起算', 'M': ''}",0,0,N,,,buy,buy
2026-08-07 08:34:13,127078,优彩转债,yczz,161.579,0.78,002998,优彩资源,yczy,7.95,0.89,1.56,6.11,130.12,0,24.18,185.76,220401,基础化工,szmb,C,2023-01-09,[],0,0,buy,A+,,4.277,7.943,19.3,buy,2028-12-14,2.356,4.158,14168.51,13905.54,21.01,-12.32,,0,15:34:15,00,Y,N,0,0,Y,,2023-06-20 开始转股,计算使用2.4年期 评级为A+ 债参考YTM：4.4717,N,6.0,全价：161.579 最后更新：15:34:15,,,,0,[],0,0,N,,,buy,buy
2026-08-07 08:34:13,113695,华辰转债,hczz,157.252,-0.65,603097,江苏华辰,jshc,21.07,0.33,4.26,16.68,126.32,0,24.49,181.74,630801,电力设备,shmb,C,2025-07-10,[],0,0,buy,A+,,11.676,21.684,9.7,buy,2031-06-20,4.871,4.597,8045.19,10815.01,11.1,-5.69,,0,14:59:51,00,Y,N,0,0,Y,,2025-12-26 开始转股,计算使用4.9年期 评级为A+ 债参考YTM：4.8092,N,4.6,全价：157.252 最后更新：14:59:51,,,,0,[],0,0,N,,,buy,buy
2026-08-07 08:34:13,111002,特纸转债,tzzz,146.237,-1.21,605007,五洲特纸,wztz,15.8,-3.48,2.01,13.49,117.12,0,24.86,171.1,360103,轻工制造,shmb,C,2021-12-30,[],0,0,buy,AA,,9.443,17.537,8.8,buy,2027-12-08,1.337,6.619,8108.42,12569.3,8.34,-17.31,,0,14:59:53,00,Y,N,1,1,Y,转股价下修1次，成功下修1次,2022-06-14 开始转股,计算使用1.4年期 评级为AA 债参考YTM：1.6191,N,6.7,全价：146.237 最后更新：14:59:53,,,,1,[],0,0,N,,,buy,buy
2026-08-07 08:34:13,118075,奥普转债,apzz,100.0,0.0,688686,奥普特,apt,120.0,3.47,4.69,150.03,79.98,181,25.03,125.03,640704,机械设备,shkc,C,,[],0,0,buy,AA,,105.021,195.039,8.7,buy,2032-07-28,5.978,12.7,0.0,20696.32,0.0,2.16,,0,,00,Y,N,0,0,Y,,未到转股期；2027-02-04 开始转股,计算使用6.0年期 评级为AA 债参考YTM：2.2130,N,12.7,待上市,,,,0,{'M': ''},0,0,N,,,buy,buy
2026-08-07 08:34:13,123104,卫宁转债,wnzz,138.358,-1.17,300253,卫宁健康,wnjk,7.76,0.26,3.05,7.02,110.54,0,25.16,163.52,710401,计算机,szcy,C,2021-03-31,[],0,0,buy,AA,,4.914,9.126,6.7,buy,2027-03-16,0.606,9.699,3733.7,60533.67,2.79,-22.02,,0,15:34:45,00,Y,N,2,2,Y,转股价下修2次，成功下修2次,2021-09-22 开始转股,计算使用0.7年期 评级为AA 债参考YTM：1.5500,N,9.703,全价：138.358 最后更新：15:34:45,,,,1,{'M': ''},0,0,N,,,buy,buy
2026-08-07 08:34:13,123092,天壕转债,thzz,121.7,-0.37,300332,天壕能源,thny,4.77,-0.63,1.03,4.97,95.98,0,26.8,148.5,410301,公用事业,szcy,C,2021-01-15,[],0,0,buy,A+,,3.479,6.461,8.8,buy,2026-12-24,0.381,3.416,2865.12,8776.86,6.9,-14.56,,0,15:34:39,00,Y,N,0,0,Y,,2021-06-30 开始转股,计算使用0.4年期 评级为A+ 债参考YTM：4.1018,N,4.23,全价：121.700 最后更新：15:34:39,,,,1,{'M': ''},0,0,N,,,buy,buy
2026-08-07 08:34:13,127110,广核转债,ghzz,137.825,-0.91,003816,中国广核,zggh,3.89,-1.77,1.56,3.58,108.66,0,26.84,164.67,410108,公用事业,szmb,C,2025-07-25,[],0,0,buy,AAA,,2.506,4.654,3.2,buy,2031-07-09,4.923,48.992,7944.28,50201.81,1.17,-4.54,,0,15:34:21,00,Y,N,0,0,Y,,2026-01-15 开始转股,计算使用5.0年期 评级为AAA 债参考YTM：1.7459,N,49.0,全价：137.825 最后更新：15:34:21,,,,0,{'M': ''},0,0,N,,,buy,buy
2026-08-07 08:34:13,113691,和邦转债,hbzz,153.198,-1.03,603077,和邦生物,hbsw,2.41,0.42,1.18,2.0,120.5,0,27.14,180.34,220802,基础化工,shmb,C,2024-11-19,[],0,0,buy,AA,,1.4,2.6,21.6,buy,2030-10-28,4.227,45.991,14385.55,30600.21,2.04,-6.72,,0,14:59:57,00,Y,N,0,0,Y,,2025-05-06 开始转股,计算使用4.3年期 评级为AA 债参考YTM：1.9003,N,46.0,全价：153.198 最后更新：14:59:57,,,,0,"{'G': '本次（2026年1月22日至2026年3月10日）不提前赎回，以2027年3月10日之后的首个交易日重新起算', 'M': ''}",0,0,N,,,buy,buy
2026-08-07 08:34:13,127103,东南转债,dnzz,146.952,-1.44,002135,东南网架,dnwj,6.43,-0.16,1.13,5.59,115.03,0,27.75,174.7,620401,建筑装饰,szmb,C,2024-01-24,[],0,0,buy,AA,,3.913,7.267,30.5,buy,2030-01-03,3.411,19.999,7436.73,6326.53,2.52,-7.73,,0,15:34:18,00,Y,N,0,0,Y,,2024-07-09 开始转股,计算使用3.5年期 评级为AA 债参考YTM：1.8088,N,20.0,全价：146.952 最后更新：15:34:18,,,,0,{'M': ''},0,0,N,,,buy,buy
2026-08-07 08:34:13,110075,南航转债,nhzz,106.757,-0.12,600029,南方航空,nfhk,5.15,-0.58,2.52,6.17,83.47,0,27.9,134.66,421001,交通运输,shmb,C,2020-11-03,[],0,0,buy,AAA,,4.319,8.021,8.5,buy,2026-10-15,0.189,58.959,13045.45,41951.18,2.07,-1.29,,0,14:59:55,00,Y,N,0,0,Y,,2021-04-21 开始转股,计算使用0.2年期 评级为AAA 债参考YTM：1.4776,N,160.0,全价：106.757 最后更新：14:59:55,,,,1,{'M': ''},1,0,N,,,buy,buy
2026-08-07 08:34:13,118051,皓元转债,hyzz,300.523,5.41,688131,皓元医药,hyyy,94.5,17.58,6.28,40.22,234.96,0,27.91,328.43,370603,医药生物,shkc,C,2024-12-19,[],0,0,buy,AA-,,28.154,52.286,4.1,buy,2030-11-28,4.312,8.218,299170.6,109847.19,119.89,-19.88,,0,15:00:00,00,Y,N,0,0,Y,,2025-06-04 开始转股,计算使用4.4年期 评级为AA- 债参考YTM：2.4214,N,8.223,全价：300.523 最后更新：15:00:00,,,,0,"{'G': '本次（2026年5月20日至2026年6月9日）不提前赎回，以2026年10月12日为首个交易日重新计算', 'M': ''}",0,0,N,,,buy,buy
2026-08-07 08:34:13,127047,帝欧转债,dozz,140.5,-0.07,002798,帝欧水华,dosh,5.6,0.36,1.78,5.1,109.8,0,27.96,168.46,360306,轻工制造,szmb,C,2021-11-26,[],0,0,buy,BBB+,,3.57,6.63,16.1,buy,2027-10-25,1.216,4.654,2651.18,5646.36,4.05,-14.14,,0,15:34:39,00,Y,N,1,1,Y,转股价下修1次，成功下修1次,2022-04-29 开始转股,计算使用1.3年期 评级为BBB+ 债参考YTM：12.0020,N,15.0,全价：140.500 最后更新：15:34:39,,,,1,{'G': '本次（2026年4月15日至2026年5月8日）不提前赎回，以2026年8月8日后首个交易日起重新计算'},0,0,N,,,buy,buy
2026-08-07 08:34:13,111000,起帆转债,qfzz,146.792,-0.83,605222,起帆电缆,qfdl,19.77,-0.05,1.69,17.29,114.34,0,28.38,175.17,630805,电力设备,shmb,C,2021-06-17,[],0,0,buy,AA-,,12.103,22.477,12.2,buy,2027-05-24,0.795,9.991,8104.2,11414.66,5.51,-27.26,,0,14:59:54,00,Y,N,1,1,Y,转股价下修1次，成功下修1次,2021-11-29 开始转股,计算使用0.8年期 评级为AA- 债参考YTM：1.7930,N,10.0,全价：146.792 最后更新：14:59:54,,,,1,{'G': '本次（2026年3月13日至2026年4月20日）不提前赎回，以2026年10月21日为首个交易日重新起算'},0,0,N,,,buy,buy
2026-08-07 08:34:13,113052,兴业转债,xyzz,117.139,-0.23,601166,兴业银行,xyyh,18.34,-0.76,0.43,20.13,91.11,0,28.57,145.71,480301,银行,shmb,C,2022-01-14,[],0,0,buy,AAA,,,26.169,10.7,buy,2027-12-27,1.389,413.5,23037.13,115998.99,0.48,-3.67,,0,14:59:57,00,Y,Y,0,0,Y,,2022-06-30 开始转股,计算使用1.4年期 评级为AAA 债参考YTM：1.5385,N,500.0,全价：117.139 最后更新：14:59:57,,,,0,{'M': ''},0,0,N,,,buy,buy
2026-08-07 08:34:13,127027,能化转债,nhzz,112.19,-0.17,000552,甘肃能化,gsnh,2.54,-1.93,0.82,2.93,86.69,0,29.42,141.61,740101,煤炭,szmb,C,2021-01-22,[],0,0,buy,AAA,,2.051,3.809,20.6,buy,2026-12-10,0.343,19.463,3335.07,22912.7,1.53,-5.75,,0,15:34:36,00,Y,N,0,0,Y,,2021-06-16 开始转股,计算使用0.4年期 评级为AAA 债参考YTM：1.5065,N,28.0,全价：112.190 最后更新：15:34:36,,,,1,{'M': ''},0,0,N,,,buy,buy
2026-08-07 08:34:13,113610,灵康转债,lkzz,123.67,0.99,603669,灵康药业,lkyy,6.21,5.43,7.1,6.5,95.54,0,29.45,153.12,370102,医药生物,shmb,C,2020-12-22,[],0,0,buy,A-,,4.55,8.45,5.7,buy,2026-12-01,0.318,2.528,6977.99,17525.35,22.37,-22.25,,0,14:59:58,00,Y,N,2,2,Y,转股价下修2次，成功下修2次,2021-06-07 开始转股,计算使用0.4年期 评级为A- 债参考YTM：8.8018,N,5.25,全价：123.670 最后更新：14:59:58,,,,1,[],0,0,N,,,buy,buy
2026-08-07 08:34:13,127056,中特转债,ztzz,130.137,-0.66,000708,中信特钢,zxtg,13.89,-1.49,1.56,13.89,100.0,0,30.14,160.28,230501,钢铁,szmb,C,2022-04-15,[],0,0,buy,AAA,,9.723,18.057,7.1,buy,2028-02-25,1.553,49.996,12019.95,21619.71,1.85,-11.64,,0,15:34:09,00,Y,N,1,1,Y,转股价下修1次，成功下修1次,2022-09-05 开始转股,计算使用1.6年期 评级为AAA 债参考YTM：1.5596,N,50.0,全价：130.137 最后更新：15:34:09,,,,0,{'M': ''},0,0,N,,,buy,buy
2026-08-07 08:34:13,123245,集智转债,jzzz,331.286,2.36,300553,集智股份,jzgf,45.85,2.05,5.99,18.06,253.88,0,30.49,361.78,640107,机械设备,szcy,C,2024-08-28,[],0,0,buy,A,,12.642,23.478,3.9,buy,2030-08-14,4.022,1.537,48046.82,20981.34,95.51,-22.56,,0,15:34:33,00,Y,N,0,0,Y,,2025-02-20 开始转股,计算使用4.1年期 评级为A 债参考YTM：7.1055,N,2.546,全价：331.286 最后更新：15:34:33,,,,0,{'G': '本次（2026年6月2日至2026年6月23日）不提前赎回，自2026年9月23日后首个交易日重新计算'},0,0,N,,,buy,buy
2026-08-07 08:34:13,113046,金田转债,jtzz,134.3,0.04,601609,金田股份,jtgf,10.45,1.85,1.76,10.18,102.65,0,30.83,165.13,240302,有色金属,shmb,C,2021-04-12,[],0,0,buy,AA+,,7.126,13.234,8.3,buy,2027-03-22,0.622,14.992,7647.37,30575.68,3.79,-29.09,,0,14:59:46,00,Y,N,0,0,Y,,2021-09-27 开始转股,计算使用0.7年期 评级为AA+ 债参考YTM：1.5300,N,15.0,全价：134.300 最后更新：14:59:46,,,,1,{'M': ''},0,0,N,,,buy,buy
2026-08-07 08:34:13,123064,万孚转债,wfzz,109.956,0.03,300482,万孚生物,wfsw,17.52,2.34,1.49,20.88,83.91,0,31.04,141.0,370504,医药生物,szcy,C,2020-09-23,[],0,0,buy,AA,,14.616,27.144,7.9,buy,2026-09-01,0.069,5.973,3217.66,12992.35,4.9,0.58,,0,15:34:36,00,Y,N,3,3,Y,转股价下修3次，成功下修3次,2021-03-08 开始转股,计算使用0.1年期 评级为AA 债参考YTM：1.5005,N,6.0,全价：109.956 最后更新：15:34:36,,,,1,"{'R': '到期\n最后交易日：2026-08-26\n最后转股日：2026-08-31\n债券到期日：2026-09-01\n到期赎回价：110.000元/张', 'M': ''}",0,0,N,,,buy,buy
2026-08-07 08:34:13,118030,睿创转债,rczz,576.779,4.86,688002,睿创微纳,rcwn,170.04,9.34,10.95,38.64,440.06,0,31.07,607.85,650501,国防军工,shkc,C,2023-02-10,[],0,0,buy,AA,,27.048,50.232,1.6,buy,2028-12-30,2.4,12.622,85779.21,240219.62,12.05,-49.66,,0,14:59:59,00,Y,N,0,0,Y,,2023-07-06 开始转股,计算使用2.4年期 评级为AA 债参考YTM：1.7430,N,15.647,全价：576.779 最后更新：14:59:59,,,,0,"{'G': '本次（2026年3月18日至2026年4月8日）不提前赎回，以2027年4月9日为首个交易日重新计算', 'M': ''}",0,0,N,,,buy,buy
2026-08-07 08:34:13,123241,欧通转债,otzz,911.0,-3.29,300870,欧陆通,olt,212.71,-0.32,12.29,30.8,690.62,0,31.91,942.91,630306,电力设备,szcy,C,2024-07-26,[],0,0,buy,AA-,,21.56,40.04,0.8,buy,2030-07-05,3.912,2.604,133910.57,230970.61,55.37,-41.32,,0,15:34:12,00,Y,N,0,0,Y,,2025-01-13 开始转股,计算使用4.0年期 评级为AA- 债参考YTM：2.3840,N,6.445,全价：911.000 最后更新：15:34:12,,,,0,"{'G': '本次（2026年4月14日至2026年5月7日）不提前赎回，自2026年8月7日后首个交易日重新计算', 'M': ''}",0,0,N,,,buy,buy
2026-08-07 08:34:13,113066,平煤转债,pmzz,158.294,0.26,601666,平煤股份,pmgf,8.94,0.22,0.88,7.46,119.84,0,32.09,190.38,740102,煤炭,shmb,C,2023-04-10,[],0,0,buy,AAA,,5.222,9.698,6.5,buy,2029-03-16,2.608,14.274,24018.25,57814.79,10.76,-13.25,,0,15:00:00,00,Y,N,1,1,Y,转股价下修1次，成功下修1次,2023-09-22 开始转股,计算使用2.7年期 评级为AAA 债参考YTM：1.6243,N,29.0,全价：158.294 最后更新：15:00:00,,,,0,{'M': ''},0,0,N,,,buy,buy
2026-08-07 08:34:13,123149,通裕转债,tyzz,136.518,-1.22,300185,通裕重工,tyzg,2.8,-0.36,1.56,2.71,103.32,0,32.13,168.65,630602,电力设备,szcy,C,2022-07-15,[],0,0,buy,AA,,1.897,3.523,10.3,buy,2028-06-20,1.871,11.069,6418.68,16323.86,4.23,-9.35,,0,15:34:51,00,Y,N,0,0,Y,,2022-12-26 开始转股,计算使用1.9年期 评级为AA 债参考YTM：1.6959,N,14.847,全价：136.518 最后更新：15:34:51,,,,1,{'M': ''},0,0,N,,,buy,buy
2026-08-07 08:34:13,118016,京源转债,jyzz,165.761,-1.33,688096,京源环保,jyhb,8.65,-0.8,2.39,6.91,125.18,0,32.42,198.18,760102,环保,shkc,C,2022-08-25,[],0,0,buy,A,,4.837,8.983,8.3,buy,2028-08-05,1.997,1.675,10716.82,7026.17,38.69,-15.99,,0,14:59:58,00,Y,N,0,0,Y,,2023-02-13 开始转股,计算使用2.0年期 评级为A 债参考YTM：6.7303,N,3.325,全价：165.761 最后更新：14:59:58,,,,1,"{'G': '本次（2026年5月11日至2026年5月29日）不提前赎回，以2026年8月30日（若为非交易日则顺延）为首个交易日重新计算', 'M': ''}",0,0,N,,,buy,buy
2026-08-07 08:34:13,110099,福能转债,fnzz,147.295,-0.42,600483,福能股份,fngf,10.54,-1.13,1.04,9.49,111.06,0,32.62,179.92,410110,公用事业,shmb,C,2025-10-30,[],0,0,buy,AA+,,6.643,12.337,13.0,buy,2031-10-13,5.186,38.019,9035.47,11604.76,1.62,-5.49,,0,14:59:44,00,Y,N,0,0,Y,,2026-04-17 开始转股,计算使用5.2年期 评级为AA+ 债参考YTM：1.8537,N,38.02,全价：147.295 最后更新：14:59:44,,,,0,{'M': ''},0,0,N,,,buy,buy
2026-08-07 08:34:13,127070,大中转债,dzzz,355.8,2.54,001203,大中矿业,dzky,28.25,1.99,5.79,10.56,267.52,0,33.0,388.8,230301,钢铁,szmb,C,2022-10-11,[],0,0,buy,AA,,7.392,13.728,2.5,buy,2028-08-17,2.03,9.342,102869.59,56172.51,31.22,-43.08,,0,15:33:57,00,Y,N,0,0,Y,,2023-02-23 开始转股,计算使用2.1年期 评级为AA 债参考YTM：1.7225,N,15.2,全价：355.800 最后更新：15:33:57,,,,0,"{'G': '本次（2026年2月24日至2026年3月16日）不提前赎回，以2026年9月16日后的首个交易日重新计算', 'M': ''}",0,0,N,,,buy,buy
2026-08-07 08:34:13,118007,山石转债,sszz,145.928,-1.11,688030,山石网科,sswk,18.06,0.39,4.66,16.5,109.46,0,33.32,179.25,710402,计算机,shkc,C,2022-04-21,[],0,0,buy,A-,,11.55,21.45,8.2,buy,2028-03-22,1.625,2.671,14712.17,10131.9,37.52,-13.12,,0,14:59:59,00,Y,N,1,1,Y,转股价下修1次，成功下修1次,2022-09-28 开始转股,计算使用1.7年期 评级为A- 债参考YTM：9.0123,N,2.674,全价：145.928 最后更新：14:59:59,,,,1,{'M': ''},0,0,N,,,buy,buy
2026-08-07 08:34:13,113661,福22转债,f22zz,142.989,1.11,603806,福斯特,fst,15.61,3.79,2.45,14.59,106.99,0,33.65,176.64,630504,电力设备,shmb,C,2022-12-22,[],0,0,buy,AA,,10.213,18.967,7.4,buy,2028-11-22,2.296,30.297,11106.43,68023.81,2.57,-9.81,,0,14:59:58,00,Y,N,1,1,Y,转股价下修1次，成功下修1次,2023-05-29 开始转股,计算使用2.3年期 评级为AA 债参考YTM：1.7383,N,30.3,全价：142.989 最后更新：14:59:58,,,,0,{'M': ''},0,0,N,,,buy,buy
2026-08-07 08:34:13,123247,万凯转债,wkzz,210.0,2.99,301216,万凯新材,wkxc,17.45,4.3,1.54,11.15,156.5,0,34.18,244.18,220501,基础化工,szcy,C,2024-09-05,[],0,0,buy,AA,,7.805,14.495,20.7,buy,2030-08-16,4.027,19.642,26468.38,28563.05,6.52,-14.17,,0,15:34:15,00,Y,N,0,0,Y,,2025-02-24 开始转股,计算使用4.1年期 评级为AA 债参考YTM：1.8845,N,27.0,全价：210.000 最后更新：15:34:15,,,,0,"{'G': '本次（2026年6月17日至2026年7月8日）不提前赎回，自2026年10月8日后首个交易日重新计算', 'M': ''}",0,0,N,,,buy,buy
2026-08-07 08:34:13,110098,南药转债,nyzz,140.449,0.39,600713,南京医药,njyy,5.18,1.77,0.92,4.95,104.65,0,34.21,174.66,370402,医药生物,shmb,C,2025-01-20,[],0,0,buy,AA+,,3.465,6.435,16.2,buy,2030-12-25,4.386,10.814,5626.71,9423.12,3.72,-5.05,,0,14:59:37,00,Y,N,0,0,Y,,2025-07-01 开始转股,计算使用4.4年期 评级为AA+ 债参考YTM：1.8020,N,10.815,全价：140.449 最后更新：14:59:37,,,,0,[],0,0,N,,,buy,buy
2026-08-07 08:34:13,123160,泰福转债,tfzz,163.166,0.47,300992,泰福泵业,tfby,23.93,3.01,2.53,19.7,121.47,0,34.32,197.49,640106,机械设备,szcy,C,2022-10-25,[],0,0,buy,A,,13.79,25.61,12.4,buy,2028-09-28,2.145,2.315,3593.14,3787.38,9.57,-13.87,,0,15:34:00,00,Y,N,1,1,Y,转股价下修1次，成功下修1次,2023-04-11 开始转股,计算使用2.2年期 评级为A 债参考YTM：6.7743,N,3.349,全价：163.166 最后更新：15:34:00,,,,0,"{'G': '本次（2026年5月6日至2026年5月26日）不提前赎回，自2026年8月31日后首个交易日重新计算', 'M': ''}",0,0,N,,,buy,buy
2026-08-07 08:34:13,123107,温氏转债,wszz,113.227,-0.24,300498,温氏股份,wsgf,13.56,0.07,2.24,16.09,84.28,0,34.35,147.58,110702,农林牧渔,szcy,C,2021-04-21,[],0,0,buy,AAA,,11.263,20.917,9.6,buy,2027-03-29,0.641,77.063,9598.47,45393.19,1.1,-7.2,,0,15:34:42,00,Y,N,0,0,Y,,2021-10-08 开始转股,计算使用0.7年期 评级为AAA 债参考YTM：1.5100,N,92.97,全价：113.227 最后更新：15:34:42,,,,1,{'M': ''},0,0,N,,,buy,buy
2026-08-07 08:34:13,123157,科蓝转债,klzz,148.686,-0.86,300663,科蓝软件,klrj,9.7,-1.12,12.36,8.8,110.23,0,34.89,183.58,710401,计算机,szcy,C,2022-09-20,[],0,0,buy,A-,,6.16,11.44,5.2,buy,2028-08-30,2.066,2.34,24052.58,60435.19,69.27,-10.5,,0,15:33:54,00,Y,N,2,2,Y,转股价下修2次，成功下修2次,2023-03-06 开始转股,计算使用2.1年期 评级为A- 债参考YTM：9.1017,N,4.946,全价：148.686 最后更新：15:33:54,,,,0,{'M': ''},0,0,N,,,buy,buy
2026-08-07 08:34:13,123118,惠城转债,hczz,979.031,-0.1,300779,惠城环保,hchb,74.75,-0.88,9.84,10.33,723.62,0,35.3,1014.33,760103,环保,szcy,C,2021-07-26,[],0,0,buy,A+,,7.231,13.429,0.4,buy,2027-07-07,0.915,0.654,142214.0,122561.42,221.22,-96.74,,0,15:34:45,00,Y,N,0,0,Y,,2022-01-13 开始转股,计算使用1.0年期 评级为A+ 债参考YTM：4.1713,N,3.2,全价：979.031 最后更新：15:34:45,,,,1,"{'G': '本次（2026年5月6日至2026年5月26日）不提前赎回，自2026年8月26日后首个交易日重新计算', 'M': ''}",0,0,N,,,buy,buy
2026-08-07 08:34:13,123150,九强转债,jqzz,137.195,0.88,300406,九强生物,jqsw,11.75,1.91,1.77,11.6,101.29,0,35.44,172.64,370504,医药生物,szcy,C,2022-07-20,[],0,0,buy,AA-,,8.12,15.08,22.5,buy,2028-06-30,1.899,11.21,4630.61,7259.34,3.03,-10.12,,0,15:34:48,00,Y,N,1,1,Y,转股价下修1次，成功下修1次,2023-01-06 开始转股,计算使用1.9年期 评级为AA- 债参考YTM：2.0190,N,11.39,全价：137.195 最后更新：15:34:48,,,,1,{'M': ''},0,0,N,,,buy,buy
2026-08-07 08:34:13,113673,岱美转债,dmzz,192.497,-5.52,603730,岱美股份,dmgf,10.11,-5.07,4.32,7.12,141.99,0,35.57,228.07,280202,汽车,shmb,C,2023-08-10,[],0,0,buy,AA,,4.984,9.256,4.2,buy,2029-07-18,2.948,9.078,35793.94,32665.39,20.15,-16.16,,0,14:59:56,00,Y,N,1,1,Y,转股价下修1次，成功下修1次,2024-01-24 开始转股,计算使用3.0年期 评级为AA 债参考YTM：1.7598,N,9.079,全价：192.497 最后更新：14:59:56,,,,0,"{'G': '本次（2026年5月7日至2026年5月27日）不提前赎回，以2026年8月27日之后的首个交易日重新起算', 'M': ''}",0,0,N,,,buy,buy
2026-08-07 08:34:13,123173,恒锋转债,hfzz,142.028,-0.96,300605,恒锋信息,hfxx,10.47,-1.13,3.76,10.0,104.7,0,35.65,177.68,710401,计算机,szcy,C,2023-02-08,[],0,0,buy,BBB+,,7.0,13.0,17.6,buy,2028-12-30,2.4,2.33,7966.6,17676.68,24.09,-7.16,,0,15:34:03,00,Y,N,1,1,Y,转股价下修1次，成功下修1次,2023-07-06 开始转股,计算使用2.4年期 评级为BBB+ 债参考YTM：12.3375,N,2.424,全价：142.028 最后更新：15:34:03,,,,0,[],0,0,N,,,buy,buy
2026-08-07 08:34:13,111017,蓝天转债,ltzz,134.726,-0.65,605368,蓝天燃气,ltrq,6.62,-1.63,1.4,6.72,98.51,0,36.76,171.49,410301,公用事业,shmb,C,2023-09-08,[],0,0,buy,AA,,4.704,8.736,14.2,buy,2029-08-15,3.025,6.715,3579.48,2556.02,3.94,-5.41,,0,14:59:21,00,Y,N,1,1,Y,转股价下修1次，成功下修1次,2024-02-21 开始转股,计算使用3.1年期 评级为AA 债参考YTM：1.7660,N,8.7,全价：134.726 最后更新：14:59:21,,,,0,[],0,0,N,,,buy,buy
2026-08-07 08:34:13,127034,绿茵转债,lyzz,130.029,-1.15,002887,绿茵生态,lyst,10.65,-1.02,1.33,11.21,95.0,0,36.87,166.9,760104,环保,szmb,C,2021-05-28,[],0,0,buy,AA-,,7.847,14.573,18.5,buy,2027-04-30,0.729,4.279,6120.15,7386.67,10.96,-18.04,,0,15:33:57,00,Y,N,0,0,Y,,2021-11-11 开始转股,计算使用0.8年期 评级为AA- 债参考YTM：1.7930,N,7.12,全价：130.029 最后更新：15:33:57,,,,1,[],0,0,N,,,buy,buy
2026-08-07 08:34:13,123176,精测转2,jcz2,477.771,3.94,300567,精测电子,jcdz,223.91,7.65,14.15,64.51,347.09,0,37.65,515.42,640107,机械设备,szcy,C,2023-03-22,[],0,0,buy,AA-,,45.157,83.863,2.5,buy,2029-03-02,2.57,12.753,244771.2,240097.45,40.75,-42.87,,0,15:34:06,00,Y,N,0,0,Y,,2023-09-08 开始转股,计算使用2.6年期 评级为AA- 债参考YTM：2.1760,N,12.76,全价：477.771 最后更新：15:34:06,,,,0,"{'G': '本次（2026年7月16日至2026年8月5日）不提前赎回，自2027年2月5日后首个交易日重新计算', 'M': ''}",0,0,N,,,buy,buy
2026-08-07 08:34:13,127045,牧原转债,myzz,122.89,-0.25,002714,牧原股份,mygf,38.47,0.26,2.54,43.32,88.8,0,38.38,161.27,110702,农林牧渔,szmb,C,2021-09-10,[],0,0,buy,AAA,,30.324,56.316,7.6,buy,2027-08-16,1.025,95.429,6530.34,181313.39,0.56,-11.58,,0,15:34:27,00,Y,Y,0,0,Y,,2022-02-21 开始转股,计算使用1.1年期 评级为AAA 债参考YTM：1.5151,N,95.5,全价：122.890 最后更新：15:34:27,,,,1,{'M': ''},0,0,N,,,buy,buy
2026-08-07 08:34:13,113646,永吉转债,yjzz,173.676,0.3,603058,永吉股份,yjgf,10.1,0.3,3.68,8.05,125.47,0,38.42,212.1,360205,轻工制造,shmb,C,2022-05-17,[],0,0,buy,AA-,,5.635,10.465,3.3,buy,2028-04-14,1.688,1.372,13517.74,11329.33,56.74,-23.88,,0,14:59:58,00,Y,N,0,0,Y,,2022-10-20 开始转股,计算使用1.7年期 评级为AA- 债参考YTM：1.9748,N,1.459,全价：173.676 最后更新：14:59:58,,,,1,[],0,0,N,,,buy,buy
2026-08-07 08:34:13,123178,花园转债,hyzz,146.701,0.21,300401,花园生物,hysw,14.12,3.14,2.17,13.34,105.85,0,38.6,185.3,370101,医药生物,szcy,C,2023-03-23,[],0,0,buy,AA-,,9.338,17.342,15.3,buy,2029-03-06,2.581,11.58,10451.64,43906.24,6.14,-8.07,,0,15:33:57,00,Y,N,1,1,Y,转股价下修1次，成功下修1次,2023-09-11 开始转股,计算使用2.6年期 评级为AA- 债参考YTM：2.1760,N,12.0,全价：146.701 最后更新：15:33:57,,,,0,{'M': ''},0,0,N,,,buy,buy
2026-08-07 08:34:13,127092,运机转债,yjzz,323.923,-0.88,001288,运机集团,yjjt,27.8,-1.42,2.66,11.91,233.42,0,38.77,362.69,640203,机械设备,szmb,C,2023-10-20,[],0,0,buy,AA-,,8.337,15.483,12.4,buy,2029-09-21,3.126,5.249,41356.96,13938.1,24.54,-27.5,,0,15:33:57,00,Y,N,0,0,Y,,2024-03-27 开始转股,计算使用3.2年期 评级为AA- 债参考YTM：2.3074,N,7.3,全价：323.923 最后更新：15:33:57,,,,0,{'G': '本次（2025年12月8日至2025年12月26日）不提前赎回，以2026年12月26日后的首个交易日起重新计算'},0,0,N,,,buy,buy
2026-08-07 08:34:13,123114,三角转债,sjzz,132.836,-0.34,300775,三角防务,sjfw,21.7,0.37,1.97,22.69,95.64,0,38.9,171.74,650201,国防军工,szcy,C,2021-06-11,[],0,0,buy,AA-,,15.883,29.497,7.8,buy,2027-05-25,0.797,8.999,4569.56,25297.36,3.83,-16.9,,0,15:34:39,00,Y,N,1,1,Y,转股价下修1次，成功下修1次,2021-11-30 开始转股,计算使用0.8年期 评级为AA- 债参考YTM：1.7930,N,9.044,全价：132.836 最后更新：15:34:39,,,,1,{'M': ''},0,0,N,,,buy,buy
2026-08-07 08:34:13,127095,广泰转债,gtzz,150.874,-0.4,002111,威海广泰,whgt,9.59,0.42,1.6,8.83,108.61,0,38.92,189.79,650201,国防军工,szmb,C,2023-11-10,[],0,0,buy,AA-,,6.181,11.479,14.8,buy,2029-10-18,3.2,6.927,2215.34,6258.94,2.12,-7.21,,0,15:34:00,00,Y,N,0,0,Y,,2024-04-24 开始转股,计算使用3.2年期 评级为AA- 债参考YTM：2.3074,N,7.0,全价：150.874 最后更新：15:34:00,,,,0,[],0,0,N,,,buy,buy
2026-08-07 08:34:13,123171,共同转债,gtzz,137.881,0.33,300966,共同药业,gtyy,26.85,1.67,3.73,27.08,99.15,0,39.06,176.94,370101,医药生物,szcy,C,2022-12-16,[],0,0,buy,A-,,18.956,35.204,18.5,buy,2028-11-28,2.312,3.799,5760.73,11057.57,11.02,-6.2,,0,15:33:54,00,Y,N,0,0,Y,,2023-06-02 开始转股,计算使用2.4年期 评级为A- 债参考YTM：9.1717,N,3.8,全价：137.881 最后更新：15:33:54,,,,0,{'M': ''},0,0,N,,,buy,buy
2026-08-07 08:34:13,123131,奥飞转债,afzz,313.0,-3.0,300738,奥飞数据,afsj,22.59,-1.48,5.98,10.05,224.78,0,39.25,352.25,730104,通信,szcy,C,2021-12-22,[],0,0,buy,A+,,7.035,13.065,1.4,buy,2027-12-03,1.323,3.159,52560.75,154037.41,52.44,-52.79,,0,15:34:48,00,Y,N,0,0,Y,,2022-06-09 开始转股,计算使用1.4年期 评级为A+ 债参考YTM：4.2428,N,6.35,全价：313.000 最后更新：15:34:48,,,,1,"{'G': '本次（2026年5月21日至2026年6月10日）不提前赎回，以2026年12月10日后的首个交易日重新计算', 'M': ''}",0,0,N,,,buy,buy
2026-08-07 08:34:13,110097,天润转债,trzz,145.581,-0.72,600419,天润乳业,trry,8.55,-1.27,1.09,8.19,104.4,0,39.45,185.03,340702,食品饮料,shmb,C,2024-11-15,[],0,0,buy,AA,,5.733,10.647,36.7,buy,2030-10-24,4.216,9.89,5118.22,5552.75,3.55,-5.58,,0,14:59:47,00,Y,N,0,0,Y,,2025-04-30 开始转股,计算使用4.3年期 评级为AA 债参考YTM：1.9003,N,9.9,全价：145.581 最后更新：14:59:47,,,,0,[],0,0,N,,,buy,buy
2026-08-07 08:34:13,128129,青农转债,qnzz,107.9,0.0,002958,青农商行,qnsh,3.0,-1.96,0.38,3.88,77.32,0,39.55,147.45,480501,银行,szmb,C,2020-09-18,[],0,0,buy,AAA,,,5.044,30.6,buy,2026-08-25,0.049,49.996,28147.94,23190.72,5.22,1.99,,0,15:34:24,00,Y,N,1,1,Y,转股价下修1次，成功下修1次,2021-03-01 开始转股,计算使用0.1年期 评级为AAA 债参考YTM：1.4700,N,50.0,全价：107.900 最后更新：15:34:24,,,,0,"{'R': '到期\n最后交易日：2026-08-19\n最后转股日：2026-08-24\n债券到期日：2026-08-25\n到期赎回价：108.000元/张', 'M': ''}",0,0,N,,,buy,buy
2026-08-07 08:34:13,123209,聚隆转债,jlzz,173.501,0.41,300644,南京聚隆,njjl,21.66,0.84,2.14,17.52,123.63,0,40.34,213.84,220503,基础化工,szcy,C,2023-08-17,[],0,0,buy,A+,,12.264,22.776,8.8,buy,2029-07-26,2.97,1.672,2302.11,4147.78,7.94,-12.6,,0,15:34:03,00,Y,N,0,0,Y,,2024-02-01 开始转股,计算使用3.0年期 评级为A+ 债参考YTM：4.6198,N,2.185,全价：173.501 最后更新：15:34:03,,,,0,{'G': '本次（2026年1月26日至2026年2月13日）不提前赎回，自2026年8月13日后首个交易日重新计算'},0,0,N,,,buy,buy
2026-08-07 08:34:13,127037,银轮转债,ylzz,564.933,-1.24,002126,银轮股份,ylgf,41.31,0.98,4.63,10.27,402.24,0,40.45,605.38,280203,汽车,szmb,C,2021-07-09,[],0,0,buy,AA,,7.189,13.351,1.5,buy,2027-06-07,0.833,5.055,44217.41,61970.62,15.59,-96.69,,0,15:34:36,00,Y,N,0,0,Y,,2021-12-13 开始转股,计算使用0.9年期 评级为AA 债参考YTM：1.5607,N,7.0,全价：564.933 最后更新：15:34:36,,,,1,"{'G': '本次（2026年5月27日至2026年6月16日）不提前赎回，2027年5月16日后首个交易日重新计算', 'M': ''}",0,0,N,,,buy,buy
2026-08-07 08:34:13,127046,百润转债,brzz,134.89,0.04,002568,百润股份,brgf,19.48,1.25,3.96,20.33,95.82,0,40.78,175.67,340602,食品饮料,szmb,C,2021-11-03,[],0,0,buy,AA,,14.231,26.429,7.6,buy,2027-09-29,1.145,11.274,4520.44,34823.75,2.98,-15.34,,0,15:34:03,00,Y,N,1,1,Y,转股价下修1次，成功下修1次,2022-04-12 开始转股,计算使用1.2年期 评级为AA 债参考YTM：1.5921,N,11.28,全价：134.890 最后更新：15:34:03,,,,0,{'M': ''},0,0,N,,,buy,buy
2026-08-07 08:34:13,123189,晓鸣转债,xmzz,141.795,-0.67,300967,晓鸣股份,xmgf,15.23,-0.33,3.64,15.18,100.33,0,41.33,183.13,110703,农林牧渔,szcy,C,2023-04-25,[],0,0,buy,A,,10.626,19.734,17.3,buy,2029-04-06,2.666,3.286,3306.94,5756.15,7.1,-7.0,,0,15:34:00,00,Y,N,1,1,Y,转股价下修1次，成功下修1次,2023-10-12 开始转股,计算使用2.7年期 评级为A 债参考YTM：6.8960,N,3.29,全价：141.795 最后更新：15:34:00,,,,0,{'M': ''},0,0,N,,,buy,buy
2026-08-07 08:34:13,118035,国力转债,glzz,174.469,-0.39,688103,国力电子,gldz,76.89,3.12,6.37,62.31,123.4,0,41.39,215.86,270401,电子,shkc,C,2023-07-06,[],0,0,buy,A+,,43.617,81.003,6.5,buy,2029-06-12,2.849,4.799,35851.58,31886.17,42.51,-12.91,,0,14:59:59,00,Y,N,0,0,Y,,2023-12-18 开始转股,计算使用2.9年期 评级为A+ 债参考YTM：4.5956,N,4.8,全价：174.469 最后更新：14:59:59,,,,0,{'M': ''},0,0,N,,,buy,buy
2026-08-07 08:34:13,127096,泰坦转债,ttzz,576.7,-1.36,003036,泰坦股份,ttgf,53.66,2.7,7.73,13.2,406.52,0,41.86,618.56,640206,机械设备,szmb,C,2023-11-15,[],0,0,buy,A,,9.24,17.16,2.5,buy,2029-10-25,3.219,2.875,429404.2,88398.53,257.97,-39.04,,0,15:34:30,00,Y,N,0,0,Y,,2024-05-06 开始转股,计算使用3.3年期 评级为A 债参考YTM：7.0240,N,2.955,全价：576.700 最后更新：15:34:30,,,,0,{'G': '本次（2026年6月12日至2026年7月3日）不提前赎回，以2026年10月3日后首个交易日起重新计算'},0,0,N,,,buy,buy
2026-08-07 08:34:13,113048,晶科转债,jkzz,123.141,-0.88,601778,晶科科技,jkkj,3.88,-0.51,0.9,4.47,86.8,0,41.87,165.01,410106,公用事业,shmb,C,2021-05-31,[],0,0,buy,AA,,3.129,5.811,10.7,buy,2027-04-23,0.71,15.453,6343.81,57430.64,3.33,-12.8,,0,14:59:57,00,Y,N,2,2,Y,转股价下修2次，成功下修2次,2021-10-29 开始转股,计算使用0.8年期 评级为AA 债参考YTM：1.5515,N,30.0,全价：123.141 最后更新：14:59:57,,,,1,{'M': ''},0,0,N,,,buy,buy
2026-08-07 08:34:13,127050,麒麟转债,qlzz,133.681,-0.72,002984,森麒麟,sql,14.17,-0.84,1.06,15.07,94.03,0,42.17,175.85,280204,汽车,szmb,C,2021-12-06,[],0,0,buy,AA,,10.549,19.591,20.6,buy,2027-11-11,1.263,20.86,5744.87,12187.37,2.05,-13.37,,0,15:34:30,00,Y,N,2,2,Y,转股价下修2次，成功下修2次,2022-05-17 开始转股,计算使用1.3年期 评级为AA 债参考YTM：1.6050,N,21.989,全价：133.681 最后更新：15:34:30,,,,1,{'M': ''},0,0,N,,,buy,buy
2026-08-07 08:34:13,123158,宙邦转债,zbzz,235.02,-3.48,300037,新宙邦,xzb,66.8,-0.77,4.49,40.49,164.98,0,42.45,277.47,630702,电力设备,szcy,C,2022-10-21,[],0,0,buy,AA,,28.343,52.637,4.9,buy,2028-09-26,2.14,18.046,30378.65,104320.6,7.01,-29.3,,0,15:33:57,00,Y,N,0,0,Y,,2023-03-30 开始转股,计算使用2.2年期 评级为AA 债参考YTM：1.7316,N,19.7,全价：235.020 最后更新：15:33:57,,,,0,{'M': ''},0,0,N,,,buy,buy
2026-08-07 08:34:13,127082,亚科转债,ykzz,139.331,-0.66,002540,亚太科技,ytkj,5.09,-1.17,1.12,5.22,97.51,0,42.89,182.22,240301,有色金属,szmb,C,2023-04-27,[],0,0,buy,AA,,3.654,6.786,26.5,buy,2029-03-09,2.589,11.585,5603.14,4812.82,3.46,-7.16,,0,15:34:06,00,Y,N,0,0,Y,,2023-09-15 开始转股,计算使用2.6年期 评级为AA 债参考YTM：1.7486,N,11.59,全价：139.331 最后更新：15:34:06,,,,0,[],0,0,N,,,buy,buy
2026-08-07 08:34:13,127053,豪美转债,hmzz,174.5,-0.5,002988,豪美新材,hmxc,21.03,0.33,1.93,17.23,122.06,0,42.97,217.47,240301,有色金属,szmb,C,2022-03-04,[],0,0,buy,AA-,,12.061,22.399,4.9,buy,2028-01-24,1.466,2.575,4066.94,6923.17,9.05,-22.57,,0,15:34:45,00,Y,N,1,1,Y,转股价下修1次，成功下修1次,2022-07-28 开始转股,计算使用1.5年期 评级为AA- 债参考YTM：1.9303,N,8.24,全价：174.500 最后更新：15:34:45,,,,1,{'G': '本次（2026年4月30日至2026年5月25日）不提前赎回，以2026年11月25日后首个交易日起重新计算'},0,0,N,,,buy,buy
2026-08-07 08:34:13,118044,赛特转债,stzz,157.539,-0.33,688398,赛特新材,stxc,20.75,0.14,3.04,18.85,110.08,0,43.11,200.65,220309,基础化工,shkc,C,2023-10-12,[],0,0,buy,A+,,13.195,24.505,12.7,buy,2029-09-11,3.099,4.42,2626.61,2445.28,3.77,-9.25,,0,14:59:45,00,Y,N,1,1,Y,转股价下修1次，成功下修1次,2024-03-15 开始转股,计算使用3.1年期 评级为A+ 债参考YTM：4.6416,N,4.42,全价：157.539 最后更新：14:59:45,,,,0,"{'G': '本次（2026年3月10日至2026年4月20日）不提前赎回，以2026年10月21日起算', 'M': ''}",0,0,N,,,buy,buy
2026-08-07 08:34:13,127109,电化转债,dhzz,179.7,-1.55,002125,湘潭电化,xtdh,12.54,-0.32,2.3,9.99,125.53,0,43.16,222.86,630702,电力设备,szmb,C,2025-07-04,[],0,0,buy,AA,,6.993,12.987,6.2,buy,2031-06-16,4.86,4.866,10615.96,22603.51,12.01,-8.98,,0,15:34:03,00,Y,N,0,0,Y,,2025-12-22 开始转股,计算使用4.9年期 评级为AA 债参考YTM：1.9302,N,4.87,全价：179.700 最后更新：15:34:03,,,,0,"{'G': '本次（2026年4月14日至2026年5月7日）不提前赎回，自2026年8月7日后首个交易日重新计算', 'M': ''}",0,0,N,,,buy,buy
2026-08-07 08:34:13,118058,微导转债,wdzz,453.04,3.21,688147,微导纳米,wdnm,104.64,6.83,16.14,33.29,314.33,0,44.13,497.17,630505,电力设备,shkc,C,2025-08-27,[],0,0,buy,AA,,23.303,43.277,2.4,buy,2031-08-06,5.0,11.699,163235.03,123660.41,31.05,-24.35,,0,15:00:00,00,Y,N,0,0,Y,,2026-02-12 开始转股,计算使用5.0年期 评级为AA 债参考YTM：1.9359,N,11.7,全价：453.040 最后更新：15:00:00,,,,0,"{'G': '本次（2026年2月12日至2026年3月12日）不提前赎回，以2026年9月13日为首个交易日重新计算', 'M': ''}",0,0,N,,,buy,buy
2026-08-07 08:34:13,118050,航宇转债,hyzz,267.259,-2.08,688239,航宇科技,hykj,46.0,2.4,4.27,24.81,185.41,0,44.15,311.41,650201,国防军工,shkc,C,2024-09-10,[],0,0,buy,AA-,,17.367,32.253,7.5,buy,2030-08-21,4.041,6.597,27833.91,24588.51,15.66,-18.28,,0,14:59:58,00,Y,N,0,0,Y,,2025-02-27 开始转股,计算使用4.1年期 评级为AA- 债参考YTM：2.3948,N,6.67,全价：267.259 最后更新：14:59:58,,,,0,"{'G': '本次（2026年5月28日至2026年6月17日）不提前赎回，自2026年9月18日为首个交易日重新计算', 'M': ''}",0,0,N,,,buy,buy
2026-08-07 08:34:13,127089,晶澳转债,jazz,125.105,0.49,002459,晶澳科技,jakj,7.72,0.92,1.2,8.9,86.74,0,44.23,169.34,630502,电力设备,szmb,C,2023-08-04,[],0,0,buy,AA+,,6.23,11.57,35.1,buy,2029-07-18,2.948,89.588,8963.63,33151.43,0.8,-3.95,,0,15:33:54,00,Y,N,3,2,Y,转股价下修3次，成功下修2次,2024-01-24 开始转股,计算使用3.0年期 评级为AA+ 债参考YTM：1.6898,N,89.603,全价：125.105 最后更新：15:33:54,,,,0,{'M': ''},0,0,N,,,buy,buy
2026-08-07 08:34:13,123194,百洋转债,byzz,139.35,1.72,301015,百洋医药,byyy,23.87,6.42,4.85,24.79,96.29,0,44.72,184.07,370402,医药生物,szcy,C,2023-05-05,[],0,0,buy,AA-,,17.353,32.227,6.7,buy,2029-04-14,2.688,8.459,6939.76,26301.73,5.93,-6.55,,0,15:34:03,00,Y,N,0,0,Y,,2023-10-20 开始转股,计算使用2.7年期 评级为AA- 债参考YTM：2.1997,N,8.6,全价：139.350 最后更新：15:34:03,,,,0,{'M': ''},0,0,N,,,buy,buy
2026-08-07 08:34:13,123257,安克转债,akzz,159.0,0.13,300866,安克创新,akcx,117.17,2.2,6.17,106.72,109.79,0,44.82,203.82,270503,电子,szcy,C,2025-07-04,[],0,0,buy,AA+,,74.704,138.736,3.1,buy,2031-06-16,4.86,11.046,7808.83,41621.05,4.44,-7.0,,0,15:34:24,00,Y,N,0,0,Y,,2025-12-22 开始转股,计算使用4.9年期 评级为AA+ 债参考YTM：1.8299,N,11.048,全价：159.000 最后更新：15:34:24,,,,0,{'M': ''},0,0,N,,,buy,buy
2026-08-07 08:34:13,113640,苏利转债,slzz,135.886,0.08,603585,苏利股份,slgf,10.12,0.1,1.02,10.84,93.36,0,45.55,181.44,220803,基础化工,shmb,C,2022-03-10,[],0,0,buy,AA-,,7.588,14.092,27.0,buy,2028-02-16,1.529,7.39,4756.18,4315.67,4.75,-9.44,,0,14:59:25,00,Y,N,2,2,Y,转股价下修2次，成功下修2次,2022-08-22 开始转股,计算使用1.6年期 评级为AA- 债参考YTM：1.9524,N,9.572,全价：135.886 最后更新：14:59:25,,,,1,[],0,0,N,,,buy,buy
2026-08-07 08:34:13,118031,天23转债,t23zz,125.427,-0.35,688599,天合光能,thgn,13.77,-0.43,1.56,16.0,86.06,0,45.74,171.17,630502,电力设备,shkc,C,2023-03-15,[],0,0,buy,AA,,11.2,20.8,18.1,buy,2029-02-13,2.523,58.512,8285.11,52678.31,1.13,-2.33,,0,14:59:33,00,Y,N,2,2,Y,转股价下修2次，成功下修2次,2023-08-17 开始转股,计算使用2.6年期 评级为AA 债参考YTM：1.7486,N,88.648,全价：125.427 最后更新：14:59:33,,,,0,{'M': ''},0,0,N,,,buy,buy
2026-08-07 08:34:13,110092,三房转债,sfzz,72.875,-0.06,600370,*ST三房,sfx,1.51,-1.31,1.17,3.02,50.0,0,45.75,118.63,220401,基础化工,shmb,C,2023-02-07,[],0,0,buy,A-,,2.114,3.926,34.9,buy,2029-01-06,2.419,21.185,4717.85,2897.79,3.05,20.49,,0,14:59:56,00,Y,N,0,0,Y,,2023-07-12 开始转股,计算使用2.5年期 评级为A- 债参考YTM：9.1962,N,25.0,全价：72.875 最后更新：14:59:56,,,,0,[],0,0,N,,,buy,buy
2026-08-07 08:34:13,123222,博俊转债,bjzz,156.43,-0.96,300926,博俊科技,bjkj,17.66,-0.84,2.09,16.46,107.29,0,45.8,202.23,280205,汽车,szcy,C,2023-09-28,[],0,0,buy,A+,,11.522,21.398,4.6,buy,2029-09-08,3.09,2.438,2222.27,5471.86,5.81,-8.56,,0,15:34:12,00,Y,N,0,0,Y,,2024-03-14 开始转股,计算使用3.1年期 评级为A+ 债参考YTM：4.6416,N,5.0,全价：156.430 最后更新：15:34:12,,,,0,{'M': ''},0,0,N,,,buy,buy
2026-08-07 08:34:13,123172,漱玉转债,syzz,135.608,-0.09,301017,漱玉平民,sypm,13.86,1.02,2.62,14.91,92.96,0,45.88,181.49,370403,医药生物,szcy,C,2023-01-06,[],0,0,buy,AA-,,10.437,19.383,22.2,buy,2028-12-15,2.359,7.96,4300.33,15497.77,3.99,-6.35,,0,15:33:57,00,Y,N,1,1,Y,转股价下修1次，成功下修1次,2023-06-21 开始转股,计算使用2.4年期 评级为AA- 债参考YTM：2.1291,N,8.0,全价：135.608 最后更新：15:33:57,,,,0,{'M': ''},0,0,N,,,buy,buy
2026-08-07 08:34:13,127088,赫达转债,hdzz,178.664,-1.25,002810,山东赫达,sdhd,20.24,-0.88,3.06,16.61,121.85,0,46.62,225.28,220309,基础化工,szmb,C,2023-07-19,[],0,0,buy,AA-,,11.627,21.593,9.2,buy,2029-07-03,2.907,5.996,3245.55,12865.16,3.02,-13.35,,0,15:34:09,00,Y,N,0,0,Y,,2024-01-08 开始转股,计算使用3.0年期 评级为AA- 债参考YTM：2.2698,N,6.0,全价：178.664 最后更新：15:34:09,,,,0,"{'G': '本次（2026年3月30日至2026年4月20日）不提前赎回，自2026年10月21日起重新计算', 'M': ''}",0,0,N,,,buy,buy
2026-08-07 08:34:13,113070,渝水转债,yszz,128.054,-0.62,601158,重庆水务,cqsw,4.12,-0.24,1.13,4.72,87.29,0,46.7,174.75,760102,环保,shmb,C,2025-02-13,[],0,0,buy,AAA,,3.304,6.136,9.6,buy,2031-01-09,4.427,18.998,4559.95,2975.38,1.87,-3.16,,0,14:59:01,00,Y,N,0,0,Y,,2025-07-15 开始转股,计算使用4.5年期 评级为AAA 债参考YTM：1.7215,N,19.0,全价：128.054 最后更新：14:59:01,,,,0,{'M': ''},0,0,N,,,buy,buy
2026-08-07 08:34:13,113677,华懋转债,hmzz,320.083,5.54,603306,华懋科技,hmkj,73.03,8.19,6.92,33.66,216.96,0,47.53,367.61,280202,汽车,shmb,C,2023-10-12,[],0,0,buy,AA-,,23.562,43.758,4.4,buy,2029-09-14,3.107,10.489,244657.2,157403.21,72.11,-28.21,,0,15:00:00,00,Y,N,0,0,Y,,2024-03-20 开始转股,计算使用3.2年期 评级为AA- 债参考YTM：2.3074,N,10.5,全价：320.083 最后更新：15:00:00,,,,0,"{'G': '本次（2026年6月29日至2026年7月17日）不提前赎回，自2026年10月17日之后的首个交易日重新起算', 'M': ''}",0,0,N,,,buy,buy
2026-08-07 08:34:13,123088,威唐转债,wtzz,117.801,-0.16,300707,威唐工业,wtgy,11.95,-0.33,1.8,14.97,79.83,0,47.57,165.37,280205,汽车,szcy,C,2021-01-06,[],0,0,buy,A+,,10.479,19.461,17.5,buy,2026-12-15,0.356,3.004,1541.41,4533.46,4.36,-6.73,,0,15:34:36,00,Y,N,1,1,Y,转股价下修1次，成功下修1次,2021-06-21 开始转股,计算使用0.4年期 评级为A+ 债参考YTM：4.1018,N,3.014,全价：117.801 最后更新：15:34:36,,,,1,[],0,0,N,,,buy,buy
2026-08-07 08:34:13,123199,山河转债,shzz,143.736,0.8,300452,山河药辅,shyf,12.59,2.44,2.8,13.0,96.85,0,48.42,192.16,370101,医药生物,szcy,C,2023-07-07,[],0,0,buy,A+,,9.1,16.9,12.8,buy,2029-06-12,2.849,3.197,1837.56,6772.19,4.01,-8.66,,0,15:34:06,00,Y,N,1,1,Y,转股价下修1次，成功下修1次,2023-12-18 开始转股,计算使用2.9年期 评级为A+ 债参考YTM：4.5956,N,3.2,全价：143.736 最后更新：15:34:06,,,,0,[],0,0,N,,,buy,buy
2026-08-07 08:34:13,113686,泰瑞转债,trzz,154.095,-0.58,603289,泰瑞机器,trjq,8.27,-0.36,1.62,8.0,103.38,0,49.06,203.16,640209,机械设备,shmb,C,2024-07-24,[],0,0,buy,AA-,,5.6,10.4,13.9,buy,2030-07-02,3.904,3.363,2772.67,2414.77,5.35,-6.41,,0,14:59:27,00,Y,N,0,0,Y,,2025-01-08 开始转股,计算使用4.0年期 评级为AA- 债参考YTM：2.3840,N,3.378,全价：154.095 最后更新：14:59:27,,,,0,{'G': '本次（2026年5月6日至2026年5月26日）不提前赎回，自2026年8月26日之后的首个交易日重新起算'},0,0,N,,,buy,buy
2026-08-07 08:34:13,113067,燃23转债,r23zz,130.549,0.23,601139,深圳燃气,szrq,6.34,-1.09,1.09,7.24,87.57,0,49.08,179.63,410301,公用事业,shmb,C,2023-08-18,[],0,0,buy,AAA,,5.068,9.412,16.4,buy,2029-07-27,2.973,29.999,7282.06,12680.34,1.87,-5.67,,0,14:58:50,00,Y,N,0,0,Y,,2024-02-02 开始转股,计算使用3.0年期 评级为AAA 债参考YTM：1.6298,N,30.0,全价：130.549 最后更新：14:58:50,,,,0,{'M': ''},0,0,N,,,buy,buy
2026-08-07 08:34:13,113636,甬金转债,yjzz,135.92,0.8,603995,甬金股份,yjgf,23.79,4.16,1.43,26.22,90.73,0,49.8,185.72,230501,钢铁,shmb,C,2021-12-31,[],0,0,buy,AA-,,18.354,34.086,11.6,buy,2027-12-13,1.351,9.995,8439.49,17935.67,6.22,-10.37,,0,14:59:49,00,Y,N,1,1,Y,转股价下修1次，成功下修1次,2022-06-17 开始转股,计算使用1.4年期 评级为AA- 债参考YTM：1.9085,N,10.0,全价：135.920 最后更新：14:59:49,,,,1,{'M': ''},0,0,N,,,buy,buy
2026-08-07 08:34:13,123225,翔丰转债,xfzz,144.978,-0.22,300890,翔丰华,xfh,26.45,1.19,1.39,27.34,96.75,0,49.86,194.84,630702,电力设备,szcy,C,2023-10-26,[],0,0,buy,AA-,,19.138,35.542,19.3,buy,2029-10-10,3.178,5.585,2576.72,12975.14,3.18,-5.27,,0,15:34:27,00,Y,N,1,1,Y,转股价下修1次，成功下修1次,2024-04-16 开始转股,计算使用3.2年期 评级为AA- 债参考YTM：2.3074,N,8.0,全价：144.978 最后更新：15:34:27,,,,0,"{'G': '本次（2026年4月22日至2026年5月15日）不提前赎回，自2026年8月15日后首个交易日重新计算', 'M': ''}",0,0,N,,,buy,buy
2026-08-07 08:34:13,123080,海波转债,hbzz,128.51,-1.61,300517,海波重科,hbzk,9.65,-0.82,1.81,11.28,85.55,0,50.22,178.73,620401,建筑装饰,szcy,C,2020-12-22,[],0,0,buy,A+,,7.896,14.664,12.2,buy,2026-12-02,0.321,1.485,4298.73,5069.61,22.39,-20.84,,0,15:34:36,00,Y,N,0,0,Y,,2021-06-08 开始转股,计算使用0.4年期 评级为A+ 债参考YTM：4.1018,N,2.45,全价：128.510 最后更新：15:34:36,,,,1,[],0,0,N,,,buy,buy
2026-08-07 08:34:13,123258,胜蓝转02,slz2,326.5,-1.42,300843,胜蓝股份,slgf,117.97,1.31,11.72,54.36,217.02,0,50.45,376.95,270504,电子,szcy,C,2025-09-10,[],0,0,buy,AA-,,38.052,70.668,2.4,buy,2031-08-28,5.06,4.498,77230.14,92145.26,51.59,-18.47,,0,15:34:27,00,Y,N,0,0,Y,,2026-03-03 开始转股,计算使用5.1年期 评级为AA- 债参考YTM：2.4952,N,4.5,全价：326.500 最后更新：15:34:27,,,,0,"{'G': '本次（2026年4月22日至2026年5月19日）不提前赎回，自2026年8月19日后首个交易日重新计算', 'M': ''}",0,0,N,,,buy,buy
2026-08-07 08:34:13,111022,锡振转债,xzzz,168.928,0.83,605319,无锡振华,wxzh,25.1,1.46,3.05,22.39,112.1,0,50.69,219.62,280205,汽车,shmb,C,2025-07-14,[],0,0,buy,AA-,,15.673,29.107,5.9,buy,2031-06-18,4.866,5.197,6551.02,9249.24,7.42,-7.28,,0,14:59:44,00,Y,N,0,0,Y,,2025-12-24 开始转股,计算使用4.9年期 评级为AA- 债参考YTM：2.4580,N,5.2,全价：168.928 最后更新：14:59:44,,,,0,[],0,0,N,,,buy,buy
2026-08-07 08:34:13,111012,福新转债,fxzz,379.153,-1.26,605488,福莱新材,flxc,27.94,-0.89,3.67,11.11,251.49,0,50.77,429.92,220505,基础化工,shmb,C,2023-02-07,[],0,0,buy,A+,,7.777,14.443,1.3,buy,2029-01-04,2.414,1.016,58784.35,21762.4,149.96,-38.55,,0,15:00:00,00,Y,N,0,0,Y,,2023-07-10 开始转股,计算使用2.5年期 评级为A+ 债参考YTM：4.4962,N,4.29,全价：379.153 最后更新：15:00:00,,,,0,{'G': '本次（2026年6月22日至2026年7月10日）不提前赎回，自2026年10月10日之后的首个交易日重新起算'},0,0,N,,,buy,buy
2026-08-07 08:34:13,110084,贵燃转债,grzz,134.183,-0.34,600903,贵州燃气,gzrq,6.31,-0.79,2.28,7.1,88.87,0,50.98,185.16,410301,公用事业,shmb,C,2022-01-18,[],0,0,buy,AA,,4.97,9.23,11.1,buy,2027-12-27,1.389,8.157,7206.87,10645.42,6.6,-12.44,,0,14:58:51,00,Y,N,2,1,Y,转股价下修2次，成功下修1次,2022-07-01 开始转股,计算使用1.4年期 评级为AA 债参考YTM：1.6191,Y,10.0,全价：134.183 最后更新：14:58:51,,,"按下调到底估算
股东大会：2026-08-13
预估转股价：6.29
预估转股价值：100.32
期权价值：19.99
理论价值：129.35
理论偏离度：3.60%",1,{'M': ''},0,0,N,,,buy,buy
2026-08-07 08:34:13,123261,普联转债,plzz,228.888,1.43,300996,普联软件,plrj,19.66,-3.2,5.88,12.97,151.58,0,51.0,279.89,710401,计算机,szcy,C,2025-12-22,[],0,0,buy,A+,,9.079,16.861,3.7,buy,2031-12-05,5.332,2.429,487433.94,182585.74,899.01,-11.71,,0,15:34:27,00,Y,N,0,0,Y,,2026-06-11 开始转股,计算使用5.4年期 评级为A+ 债参考YTM：5.1189,N,2.43,全价：228.888 最后更新：15:34:27,,,,0,"{'M': '', 'EX': '公司控股股东、实际控制人及其一致行动人竞价、大宗减持17.26% 2026年07月31日公告'}",0,0,N,,,buy,buy
2026-08-07 08:34:13,118039,煜邦转债,ybzz,141.901,0.1,688597,煜邦电力,ybdl,6.85,1.78,2.68,7.3,93.84,0,51.22,193.12,630804,电力设备,shkc,C,2023-08-15,[],0,0,buy,A,,5.11,9.49,17.8,buy,2029-07-20,2.953,4.104,2122.62,4308.36,3.64,-6.48,,0,14:58:19,00,Y,N,0,0,Y,,2024-01-26 开始转股,计算使用3.0年期 评级为A 债参考YTM：6.9698,N,4.108,全价：141.901 最后更新：14:58:19,,,,0,"{'G': '本次（2026年1月16日至2026年2月11日）不提前赎回，以2026年8月12日为首个交易日重新计算', 'M': ''}",0,0,Y,,,buy,buy
2026-08-07 08:34:13,118013,道通转债,dtzz,195.924,-1.57,688208,道通科技,dtkj,27.82,-2.01,4.61,21.48,129.52,0,51.27,247.19,710103,计算机,shkc,C,2022-07-28,[],0,0,buy,AA,,15.036,27.924,6.9,buy,2028-07-08,1.921,12.796,9898.21,49560.77,3.94,-23.79,,0,14:59:55,00,Y,N,0,0,Y,,2023-01-16 开始转股,计算使用2.0年期 评级为AA 债参考YTM：1.7103,N,12.8,全价：195.924 最后更新：14:59:55,,,,1,{'M': ''},0,0,N,,,buy,buy
2026-08-07 08:34:13,123133,佩蒂转债,pdzz,133.743,-0.18,300673,佩蒂股份,pdgf,13.25,0.91,1.74,15.0,88.33,0,51.41,185.15,110404,农林牧渔,szcy,C,2022-01-21,[],0,0,buy,AA-,,10.5,19.5,33.9,buy,2027-12-22,1.375,7.198,2588.67,3458.25,2.69,-9.39,,0,15:34:48,00,Y,N,2,2,Y,转股价下修2次，成功下修2次,2022-06-28 开始转股,计算使用1.4年期 评级为AA- 债参考YTM：1.9085,N,7.2,全价：133.743 最后更新：15:34:48,,,,1,[],0,0,N,,,buy,buy
2026-08-07 08:34:13,127060,湘佳转债,xjzz,129.814,-0.34,002982,湘佳股份,xjgf,11.83,-0.84,1.38,13.8,85.73,0,51.43,181.24,110703,农林牧渔,szmb,C,2022-06-10,[],0,0,buy,A+,,9.66,17.94,41.6,buy,2028-04-19,1.701,6.399,1271.81,3849.29,1.53,-8.57,,0,15:34:51,00,Y,N,1,1,Y,转股价下修1次，成功下修1次,2022-10-25 开始转股,计算使用1.8年期 评级为A+ 债参考YTM：4.3358,N,6.4,全价：129.814 最后更新：15:34:51,,,,0,[],0,0,N,,,buy,buy
2026-08-07 08:34:13,118012,微芯转债,wxzz,178.048,5.25,688321,微芯生物,wxsw,29.74,9.74,5.1,25.34,117.36,0,51.71,229.76,370102,医药生物,shkc,C,2022-07-28,[],0,0,buy,A+,,17.738,32.942,4.1,buy,2028-07-05,1.912,4.996,116360.17,71792.09,130.02,-19.74,,0,14:59:59,00,Y,N,0,0,Y,,2023-01-11 开始转股,计算使用2.0年期 评级为A+ 债参考YTM：4.3803,N,5.0,全价：178.048 最后更新：14:59:59,,,,1,{'M': ''},0,0,N,,,buy,buy
2026-08-07 08:34:13,113659,莱克转债,lkzz,134.552,-0.6,603355,莱克电气,lkdq,28.11,-1.02,2.81,31.72,88.62,0,51.83,186.38,330302,家用电器,shmb,C,2022-11-15,[],0,0,buy,AA,,22.204,41.236,7.4,buy,2028-10-14,2.189,11.998,8180.45,8557.51,5.05,-7.7,,0,14:59:53,00,Y,N,0,0,Y,,2023-04-20 开始转股,计算使用2.2年期 评级为AA 债参考YTM：1.7316,N,12.0,全价：134.552 最后更新：14:59:53,,,,0,{'M': ''},0,0,N,,,buy,buy
2026-08-07 08:34:13,113643,风语转债,fyzz,146.251,-0.87,603466,风语筑,fyz,11.35,-0.44,3.19,11.8,96.19,0,52.05,198.3,720706,传媒,shmb,C,2022-04-22,[],0,0,buy,AA-,,8.26,15.34,7.4,buy,2028-03-25,1.633,4.992,4341.3,43563.4,5.94,-12.91,,0,14:59:55,00,Y,N,1,1,Y,转股价下修1次，成功下修1次,2022-10-10 开始转股,计算使用1.7年期 评级为AA- 债参考YTM：1.9748,N,5.0,全价：146.251 最后更新：14:59:55,,,,1,{'M': ''},0,0,N,,,buy,buy
2026-08-07 08:34:13,123076,强力转债,qlzz,128.817,1.98,300429,强力新材,qlxc,10.7,1.23,3.32,12.7,84.25,0,52.89,181.71,270601,电子,szcy,C,2020-12-04,[],0,0,buy,AA-,,8.89,16.51,7.6,buy,2026-11-19,0.285,3.393,13586.52,28974.7,31.17,-43.51,,0,15:34:42,00,Y,N,2,1,Y,转股价下修2次，成功下修1次,2021-05-25 开始转股,计算使用0.3年期 评级为AA- 债参考YTM：1.7374,Y,8.5,全价：128.817 最后更新：15:34:42,,,"按下调到底估算
股东大会：2026-08-24
预估转股价：10.55
预估转股价值：101.42
期权价值：11.77
理论价值：124.22
理论偏离度：3.57%",1,{'M': ''},0,0,N,,,buy,buy
2026-08-07 08:34:13,113054,绿动转债,ldzz,126.123,-0.59,601330,绿色动力,lsdl,7.14,-0.56,1.2,8.67,82.35,0,53.15,179.27,760103,环保,shmb,C,2022-03-23,[],0,0,buy,AA+,,6.069,11.271,33.4,buy,2028-02-25,1.553,23.598,4848.46,5844.13,1.63,-8.09,,0,14:59:58,00,Y,N,0,0,Y,,2022-09-05 开始转股,计算使用1.6年期 评级为AA+ 债参考YTM：1.6093,N,23.6,全价：126.123 最后更新：14:59:58,,,,1,[],0,0,N,,,buy,buy
2026-08-07 08:34:13,123183,海顺转债,hszz,134.671,-0.28,300501,海顺新材,hsxc,10.22,-0.2,1.83,11.63,87.88,0,53.25,187.92,360206,轻工制造,szcy,C,2023-04-20,[],0,0,buy,AA-,,8.141,15.119,22.3,buy,2029-03-23,2.627,6.329,3007.81,3504.92,3.53,-4.83,,0,15:33:57,00,Y,N,2,0,Y,转股价下修2次，成功下修0次,2023-10-09 开始转股,计算使用2.7年期 评级为AA- 债参考YTM：2.1997,N,6.33,全价：134.671 最后更新：15:33:57,,,,0,[],0,0,N,,,buy,buy
2026-08-07 08:34:13,118056,路维转债,lwzz,306.73,-0.56,688401,路维光电,lwgd,70.38,1.78,8.35,35.29,199.43,0,53.8,360.53,270103,电子,shkc,C,2025-07-10,[],0,0,buy,AA-,,24.703,45.877,4.5,buy,2031-06-11,4.847,6.145,55982.4,40297.49,29.59,-18.4,,0,14:59:56,00,Y,N,0,0,Y,,2025-12-17 开始转股,计算使用4.9年期 评级为AA- 债参考YTM：2.4580,N,6.15,全价：306.730 最后更新：14:59:56,,,,0,{'M': ''},0,0,N,,,buy,buy
2026-08-07 08:34:13,127099,盛航转债,shzz,136.53,0.04,001205,盛航股份,shgf,13.6,0.0,1.16,15.33,88.72,0,53.9,190.43,421101,交通运输,szmb,C,2023-12-28,[],0,0,buy,AA-,,10.731,19.929,20.1,buy,2029-12-06,3.334,4.541,2663.31,2937.4,4.3,-3.95,,0,15:34:36,00,Y,N,1,1,Y,转股价下修1次，成功下修1次,2024-06-12 开始转股,计算使用3.4年期 评级为AA- 债参考YTM：2.3321,N,7.4,全价：136.530 最后更新：15:34:36,,,,0,[],0,0,N,,,buy,buy
2026-08-07 08:34:13,127064,杭氧转债,hyzz,144.723,-1.39,002430,杭氧股份,hygf,23.99,-1.4,2.31,25.67,93.46,0,54.86,199.58,220309,基础化工,szmb,C,2022-07-05,[],0,0,buy,AA+,,17.969,33.371,4.8,buy,2028-05-19,1.784,11.364,3734.91,38655.36,2.26,-14.48,,0,15:34:24,00,Y,N,1,1,Y,转股价下修1次，成功下修1次,2022-11-25 开始转股,计算使用1.8年期 评级为AA+ 债参考YTM：1.6300,N,11.37,全价：144.723 最后更新：15:34:24,,,,1,{'M': ''},0,0,N,,,buy,buy
2026-08-07 08:34:13,123119,康泰转2,ktz2,127.0,0.54,300601,康泰生物,ktsw,12.85,5.07,1.49,15.69,81.9,0,55.07,182.07,370303,医药生物,szcy,C,2021-08-05,[],0,0,buy,AA,,10.983,20.397,17.3,buy,2027-07-15,0.937,19.99,9086.32,33629.56,3.58,-12.64,,0,15:34:42,00,Y,N,6,5,Y,转股价下修6次，成功下修5次,2022-01-21 开始转股,计算使用1.0年期 评级为AA 债参考YTM：1.5713,Y,20.0,全价：127.000 最后更新：15:34:42,,,"按下调到底估算
股东大会：2026-08-21
预估转股价：12.56
预估转股价值：102.31
期权价值：15.43
理论价值：125.81
理论偏离度：0.94%",1,{'M': ''},0,0,N,,,buy,buy
2026-08-07 08:34:13,110087,天业转债,tyzz,126.013,-0.97,600075,新疆天业,xjty,4.54,-1.09,0.84,5.6,81.07,0,55.43,181.44,220202,基础化工,shmb,C,2022-07-19,[],0,0,buy,AA+,,3.92,7.28,38.7,buy,2028-06-23,1.88,29.975,5178.03,6471.13,1.36,-7.13,,0,14:59:44,00,Y,N,1,1,Y,转股价下修1次，成功下修1次,2022-12-29 开始转股,计算使用1.9年期 评级为AA+ 债参考YTM：1.6402,N,30.0,全价：126.013 最后更新：14:59:44,,,,1,{'M': ''},0,0,N,,,buy,buy
2026-08-07 08:34:13,123142,申昊转债,shzz,125.523,-0.62,300853,申昊科技,shkj,27.21,3.03,6.28,33.71,80.72,0,55.51,181.03,630803,电力设备,szcy,C,2022-04-11,[],0,0,buy,BBB+,,23.597,43.823,18.3,buy,2028-03-18,1.614,5.494,6012.27,16231.3,8.69,-6.71,,0,15:33:54,00,Y,N,0,0,Y,,2022-09-26 开始转股,计算使用1.7年期 评级为BBB+ 债参考YTM：12.1324,N,5.5,全价：125.523 最后更新：15:33:54,,,,1,[],0,0,N,,,buy,buy
2026-08-07 08:34:13,111004,明新转债,mxzz,134.17,-0.46,605068,明新旭腾,mxxt,21.01,-0.61,2.02,24.37,86.21,0,55.63,189.8,280202,汽车,shmb,C,2022-04-25,[],0,0,buy,AA-,,17.059,31.681,19.7,buy,2028-03-30,1.647,6.715,9813.17,17440.47,10.85,-7.85,,0,14:59:57,00,Y,N,0,0,Y,,2022-10-10 开始转股,计算使用1.7年期 评级为AA- 债参考YTM：1.9748,N,6.73,全价：134.170 最后更新：14:59:57,,,,1,[],0,0,N,,,buy,buy
2026-08-07 08:34:13,123211,阳谷转债,ygzz,163.26,0.78,300121,阳谷华泰,yght,9.64,-0.41,1.17,9.2,104.78,0,55.81,219.07,220604,基础化工,szcy,C,2023-08-14,[],0,0,buy,AA-,,6.44,11.96,7.4,buy,2029-07-27,2.973,3.07,3929.5,10108.93,7.87,-10.36,,0,15:34:24,00,Y,N,0,0,Y,,2024-02-02 开始转股,计算使用3.0年期 评级为AA- 债参考YTM：2.2698,N,6.5,全价：163.260 最后更新：15:34:24,,,,0,[],0,0,N,,,buy,buy
2026-08-07 08:34:13,127055,精装转债,jzzz,199.09,2.69,002989,中天精装,ztjz,23.62,4.28,3.32,18.5,127.68,0,55.93,255.02,620201,建筑装饰,szmb,C,2022-03-24,[],0,0,buy,AA-,,12.95,24.05,4.5,buy,2028-02-22,1.545,2.081,53061.93,22536.39,128.42,-29.38,,0,15:34:48,00,Y,N,0,0,Y,,2022-08-29 开始转股,计算使用1.6年期 评级为AA- 债参考YTM：1.9524,N,5.77,全价：199.090 最后更新：15:34:48,,,,1,{'G': '本次（2026年2月24日至2026年3月16日）不提前赎回，自2027年3月16日后首个交易日重新计算'},0,0,N,,,buy,buy
2026-08-07 08:34:13,127114,宜化转债,yhzz,146.4,-1.84,000422,湖北宜化,hbyh,13.2,-0.83,2.04,14.08,93.75,150,56.16,202.56,220801,基础化工,szmb,C,2026-07-14,[],0,0,buy,AA+,,9.856,18.304,23.4,buy,2032-06-25,5.888,33.0,17476.05,32642.38,3.6,-4.25,,0,15:34:48,00,Y,Y,0,0,Y,,未到转股期；2027-01-04 开始转股,计算使用5.9年期 评级为AA+ 债参考YTM：1.9586,N,33.0,全价：146.400 最后更新：15:34:48,,,,0,{'M': ''},0,0,N,,,buy,buy
2026-08-07 08:34:13,111015,东亚转债,dyzz,129.183,0.17,605177,东亚药业,dyyy,16.77,0.66,1.08,20.28,82.69,0,56.22,185.4,370101,医药生物,shmb,C,2023-08-02,[],0,0,buy,A+,,14.196,26.364,35.0,buy,2029-07-06,2.915,6.662,2639.35,2451.84,3.07,-2.96,,0,14:59:09,00,Y,N,1,1,Y,转股价下修1次，成功下修1次,2024-01-12 开始转股,计算使用3.0年期 评级为A+ 债参考YTM：4.6198,N,6.9,全价：129.183 最后更新：14:59:09,,,,0,[],0,0,N,,,buy,buy
2026-08-07 08:34:13,127031,洋丰转债,yfzz,124.207,0.0,000902,新洋丰,xyf,13.4,-0.74,1.36,16.89,79.34,0,56.56,180.77,220805,基础化工,szmb,C,2021-04-23,[],0,0,buy,AA,,11.823,21.957,6.5,buy,2027-03-25,0.63,9.999,5155.1,15789.5,4.16,-15.67,,0,15:34:39,00,Y,N,1,1,Y,转股价下修1次，成功下修1次,2021-10-08 开始转股,计算使用0.7年期 评级为AA 债参考YTM：1.5500,N,10.0,全价：124.207 最后更新：15:34:39,,,,1,{'M': ''},0,0,N,,,buy,buy
2026-08-07 08:34:13,127105,龙星转债,lxzz,133.307,-0.48,002442,龙星科技,lxkj,4.93,-1.0,1.34,5.8,85.0,0,56.83,190.14,220603,基础化工,szmb,C,2024-03-06,[],0,0,buy,AA-,,4.06,7.54,31.1,buy,2030-01-31,3.488,7.534,4752.72,3604.8,4.72,-3.19,,0,15:34:48,00,Y,N,0,0,Y,,2024-08-07 开始转股,计算使用3.5年期 评级为AA- 债参考YTM：2.3413,N,7.54,全价：133.307 最后更新：15:34:48,,,,0,[],0,0,N,,,buy,buy
2026-08-07 08:34:13,123195,蓝晓转02,lxz02,182.303,2.34,300487,蓝晓科技,lxkj,68.71,6.44,7.6,59.21,116.05,0,57.1,239.4,220504,基础化工,szcy,C,2023-05-08,[],0,0,buy,A+,,41.447,76.973,2.6,buy,2029-04-17,2.696,5.458,30428.76,65047.87,30.59,-14.8,,0,15:34:18,00,Y,N,0,0,Y,,2023-10-23 开始转股,计算使用2.7年期 评级为A+ 债参考YTM：4.5460,N,5.461,全价：182.303 最后更新：15:34:18,,,,0,{'M': ''},0,0,N,,,buy,buy
2026-08-07 08:34:13,123071,天能转债,tnzz,115.18,-0.08,300569,天能重工,tnzg,4.89,0.2,0.93,6.68,73.2,0,57.34,172.52,630602,电力设备,szcy,C,2020-11-25,[],0,0,buy,AA-,,4.676,8.684,13.9,buy,2026-10-21,0.206,6.937,2600.38,5801.26,3.25,-0.77,,0,15:34:36,00,Y,N,2,2,Y,转股价下修2次，成功下修2次,2021-04-27 开始转股,计算使用0.3年期 评级为AA- 债参考YTM：1.7374,N,7.0,全价：115.180 最后更新：15:34:36,,,,1,{'M': ''},0,0,N,,,buy,buy
2026-08-07 08:34:13,127072,博实转债,bszz,146.4,2.38,002698,博实股份,bsgf,13.68,5.88,3.29,14.81,92.37,0,58.49,204.89,640701,机械设备,szmb,C,2022-11-03,[],0,0,buy,AA,,10.367,19.253,3.9,buy,2028-09-22,2.129,4.498,46505.25,87527.73,70.07,-10.81,,0,15:34:00,00,Y,N,0,0,Y,,2023-03-28 开始转股,计算使用2.2年期 评级为AA 债参考YTM：1.7316,N,4.5,全价：146.400 最后更新：15:34:00,,,,0,{'M': ''},0,0,N,,,buy,buy
2026-08-07 08:34:13,113704,春风转债,cfzz,192.242,2.01,603129,春风动力,cfdl,293.01,-0.49,5.62,241.7,121.23,131,58.58,250.82,280402,汽车,shmb,C,2026-07-07,[],0,0,buy,AA+,,169.19,314.21,4.8,buy,2032-06-09,5.844,21.79,26974.49,40873.07,6.5,-8.89,,0,14:59:59,00,Y,N,0,0,Y,,未到转股期；2026-12-16 开始转股,计算使用5.9年期 评级为AA+ 债参考YTM：1.9586,N,21.79,全价：192.242 最后更新：14:59:59,,,,0,{'M': ''},0,0,N,,,buy,buy
2026-08-07 08:34:13,113649,丰山转债,fszz,135.749,-0.29,603810,丰山集团,fsjt,11.65,-0.51,1.18,13.61,85.6,0,58.59,194.34,220803,基础化工,shmb,C,2022-07-21,[],0,0,buy,AA-,,9.527,17.693,23.8,buy,2028-06-27,1.89,4.577,1423.78,1792.58,2.29,-7.64,,0,14:59:57,00,Y,N,0,0,Y,,2023-01-03 开始转股,计算使用1.9年期 评级为AA- 债参考YTM：2.0190,N,5.0,全价：135.749 最后更新：14:59:57,,,,1,[],0,0,N,,,buy,buy
2026-08-07 08:34:13,127108,太能转债,tnzz,127.46,-0.56,000591,太阳能,tyn,4.45,-0.67,0.72,5.54,80.33,0,58.68,186.14,410106,公用事业,szmb,C,2025-04-16,[],0,0,buy,AA+,,3.878,7.202,17.0,buy,2031-03-28,4.641,29.498,4343.54,17209.44,1.15,-1.88,,0,15:34:51,00,Y,N,0,0,Y,,2025-10-09 开始转股,计算使用4.7年期 评级为AA+ 债参考YTM：1.8188,N,29.5,全价：127.460 最后更新：15:34:51,,,,0,{'M': ''},0,0,N,,,buy,buy
2026-08-07 08:34:13,110093,神马转债,smzz,125.521,0.57,600810,神马股份,smgf,6.38,-0.78,0.75,8.08,78.96,0,58.97,184.49,220406,基础化工,shmb,C,2023-04-20,[],0,0,buy,AAA,,5.656,10.504,32.2,buy,2029-03-16,2.608,22.199,6230.47,5461.57,2.25,-5.01,,0,14:59:59,00,Y,N,0,0,Y,,2023-09-22 开始转股,计算使用2.7年期 评级为AAA 债参考YTM：1.6243,N,30.0,全价：125.521 最后更新：14:59:59,,,,0,{'M': ''},0,0,N,,,buy,buy
2026-08-07 08:34:13,118062,天准转债,tzzz,227.793,2.1,688003,天准科技,tzkj,78.9,1.6,7.65,55.13,143.12,0,59.17,286.96,640704,机械设备,shkc,C,2025-12-31,[],0,0,buy,AA-,,38.591,66.156,5.7,buy,2031-12-12,5.351,8.719,77013.35,40941.02,39.24,-12.02,,0,14:59:59,00,Y,N,0,0,Y,,2026-06-18 开始转股,计算使用5.4年期 评级为AA- 债参考YTM：2.7703,N,8.72,全价：227.793 最后更新：14:59:59,,,,0,"{'G': '本次（2026年6月18日至2026年7月9日）不提前赎回，以2026年10月10日为首个交易日重新计算', 'M': ''}",0,0,N,120%,,buy,buy
2026-08-07 08:34:13,113678,中贝转债,zbzz,153.761,-1.78,603220,中贝通信,zbtx,19.72,-2.81,2.69,20.47,96.34,0,59.61,213.37,730103,通信,shmb,C,2023-11-21,[],0,0,buy,A+,,14.329,26.611,4.8,buy,2029-10-19,3.203,5.106,13381.91,80021.71,16.99,-7.5,,0,14:59:57,00,Y,N,2,1,Y,转股价下修2次，成功下修1次,2024-04-25 开始转股,计算使用3.3年期 评级为A+ 债参考YTM：4.6740,N,5.17,全价：153.761 最后更新：14:59:57,,,,0,{'M': ''},0,0,N,,,buy,buy
2026-08-07 08:34:13,127104,姚记转债,yjzz,150.29,-0.21,002605,姚记科技,yjkj,18.42,0.11,1.94,19.58,94.08,0,59.75,210.04,720401,传媒,szmb,C,2024-02-26,[],0,0,buy,A+,,13.706,25.454,9.3,buy,2030-01-24,3.469,5.822,2237.62,13992.61,2.56,-6.36,,0,15:34:15,00,Y,N,0,0,Y,,2024-07-31 开始转股,计算使用3.5年期 评级为A+ 债参考YTM：4.6963,N,5.831,全价：150.290 最后更新：15:34:15,,,,0,[],0,0,N,,,buy,buy
2026-08-07 08:34:13,113680,丽岛转债,ldzz,139.16,-0.03,603937,丽岛新材,ldxc,11.15,0.27,1.48,12.91,86.37,0,61.13,200.29,240301,有色金属,shmb,C,2023-12-05,[],0,0,buy,A+,,9.037,16.783,12.9,buy,2029-11-15,3.277,2.998,3683.55,4868.77,8.85,-4.45,,0,14:58:40,00,Y,N,0,0,Y,,2024-05-21 开始转股,计算使用3.3年期 评级为A+ 债参考YTM：4.6740,N,3.0,全价：139.160 最后更新：14:58:40,,,,0,[],0,0,N,,,buy,buy
2026-08-07 08:34:13,123216,科顺转债,kszz,125.302,-0.32,300737,科顺股份,ksgf,5.13,-0.39,1.41,6.61,77.61,0,61.45,186.75,610304,建筑材料,szcy,C,2023-08-23,[],0,0,buy,AA-,,4.627,8.593,48.2,buy,2029-08-04,2.995,21.959,7111.34,9387.2,2.58,-1.93,,0,15:34:06,00,Y,N,2,1,Y,转股价下修2次，成功下修1次,2024-02-19 开始转股,计算使用3.0年期 评级为AA- 债参考YTM：2.2698,N,21.98,全价：125.302 最后更新：15:34:06,,,,0,{'M': ''},0,0,N,,,buy,buy
2026-08-07 08:34:13,123122,富瀚转债,fhzz,131.487,-0.36,300613,富瀚微,fhw,74.25,4.23,5.75,91.5,81.15,0,62.03,193.52,270104,电子,szcy,C,2021-08-24,[],0,0,buy,A+,,64.05,118.95,3.6,buy,2027-08-06,0.997,5.801,32036.69,172458.96,41.6,-12.61,,0,15:34:48,00,Y,N,0,0,Y,,2022-02-14 开始转股,计算使用1.0年期 评级为A+ 债参考YTM：4.1713,N,5.812,全价：131.487 最后更新：15:34:48,,,,1,{'M': ''},0,0,N,,,buy,buy
2026-08-07 08:34:13,127113,长高转债,cgzz,170.8,-1.16,002452,长高电气,cgdq,11.5,-0.26,2.54,10.92,105.31,38,62.19,232.99,630801,电力设备,szmb,C,2026-03-30,[],0,0,buy,AA-,,7.644,14.196,12.7,buy,2032-03-08,5.589,7.586,2998.36,17492.24,2.31,-7.1,,0,15:34:45,00,Y,N,0,0,Y,,未到转股期；2026-09-14 开始转股,计算使用5.6年期 评级为AA- 债参考YTM：3.0263,N,7.59,全价：170.800 最后更新：15:34:45,,,,0,{'M': ''},0,0,N,,,buy,buy
2026-08-07 08:34:13,123235,亿田转债,ytzz,165.945,-0.83,300911,亿田智能,ytzn,21.71,-0.82,3.49,21.31,101.88,0,62.89,228.84,330401,家用电器,szcy,C,2024-01-12,[],0,0,buy,A+,,14.917,27.703,11.7,buy,2029-12-21,3.375,4.352,15770.03,18416.76,21.81,-9.44,,0,15:34:18,00,Y,N,0,0,Y,,2024-06-27 开始转股,计算使用3.4年期 评级为A+ 债参考YTM：4.6861,N,5.202,全价：165.945 最后更新：15:34:18,,,,0,{'M': ''},0,0,N,,,buy,buy
2026-08-07 08:34:13,113652,伟22转债,w22zz,132.137,0.4,603568,伟明环保,wmhb,15.41,-0.19,2.05,19.02,81.02,0,63.09,195.23,760103,环保,shmb,C,2022-08-12,[],0,0,buy,AA,,13.314,24.726,4.7,buy,2028-07-22,1.959,14.766,4954.91,11588.49,2.55,-8.25,,0,14:59:59,00,Y,N,2,2,Y,转股价下修2次，成功下修2次,2023-01-30 开始转股,计算使用2.0年期 评级为AA 债参考YTM：1.7103,N,14.77,全价：132.137 最后更新：14:59:59,,,,1,{'M': ''},0,0,N,,,buy,buy
2026-08-07 08:34:13,123155,中陆转债,zlzz,136.495,0.52,301040,中环海陆,zhhl,26.58,3.18,3.43,31.76,83.69,0,63.1,199.6,630602,电力设备,szcy,C,2022-08-31,[],0,0,buy,A+,,22.232,41.288,14.4,buy,2028-08-12,2.016,3.6,3508.54,9115.21,7.15,-6.62,,0,15:34:51,00,Y,N,0,0,Y,,2023-02-20 开始转股,计算使用2.1年期 评级为A+ 债参考YTM：4.4017,N,3.6,全价：136.495 最后更新：15:34:51,,,,0,{'M': ''},0,0,N,,,buy,buy
2026-08-07 08:34:13,110102,江农转债,jnzz,163.917,-3.98,600389,江山股份,jsgf,20.65,-0.67,2.13,20.64,100.05,166,63.84,227.76,220803,基础化工,shmb,C,2026-08-05,[],0,0,buy,AA+,,14.448,26.832,13.3,buy,2032-07-13,5.937,11.85,132176.3,29211.99,66.43,-6.21,,0,15:00:00,00,Y,N,0,0,Y,,未到转股期；2027-01-20 开始转股,计算使用6.0年期 评级为AA+ 债参考YTM：1.9730,N,11.85,全价：163.917 最后更新：15:00:00,,,,0,{'M': ''},0,0,N,,,buy,buy
2026-08-07 08:34:13,123255,鼎龙转债,dlzz,451.223,0.96,300054,鼎龙股份,dlgf,77.74,1.22,13.55,28.38,273.93,0,64.72,515.94,270601,电子,szcy,C,2025-04-23,[],0,0,buy,AA,,19.866,36.894,1.6,buy,2031-04-02,4.655,9.095,146835.79,334208.44,35.63,-25.8,,0,15:34:21,00,Y,N,0,0,Y,,2025-10-09 开始转股,计算使用4.7年期 评级为AA 债参考YTM：1.9206,N,9.1,全价：451.223 最后更新：15:34:21,,,,0,"{'G': '本次（2026年4月8日至2026年4月28日）不提前赎回，自2026年10月28日后首个交易日重新计算', 'M': ''}",0,0,N,,,buy,buy
2026-08-07 08:34:13,127093,章鼓转债,zgzz,132.55,-0.39,002598,ST章鼓,sdzg,6.63,-0.45,1.57,8.3,79.88,0,65.94,198.49,640106,机械设备,szmb,C,2023-11-03,[],0,0,buy,A,,5.81,10.79,12.8,buy,2029-10-17,3.197,2.425,441.96,1173.93,1.37,-3.63,,0,15:34:12,00,Y,N,1,1,Y,转股价下修1次，成功下修1次,2024-04-23 开始转股,计算使用3.2年期 评级为A 债参考YTM：7.0094,N,2.43,全价：132.550 最后更新：15:34:12,,,,0,[],0,0,N,,,buy,buy
2026-08-07 08:34:13,127054,双箭转债,sjzz,127.413,-0.26,002381,双箭股份,sjgf,5.33,-0.56,1.01,6.96,76.58,0,66.38,193.79,220602,基础化工,szmb,C,2022-03-15,[],0,0,buy,AA,,4.872,9.048,29.9,buy,2028-02-11,1.515,5.136,2245.51,2207.69,3.43,-7.27,,0,15:34:06,00,Y,N,0,0,Y,,2022-08-17 开始转股,计算使用1.6年期 评级为AA 债参考YTM：1.6495,N,5.136,全价：127.413 最后更新：15:34:06,,,,1,[],0,0,N,,,buy,buy
2026-08-07 08:34:13,123237,佳禾转债,jhzz,139.727,-0.86,300793,佳禾智能,jhzn,11.3,0.44,1.52,13.46,83.95,0,66.44,206.17,270504,电子,szcy,C,2024-01-24,[],0,0,buy,A+,,9.422,17.498,10.3,buy,2030-01-04,3.414,4.314,2441.35,7575.97,4.04,-5.09,,0,15:34:09,00,Y,N,1,1,Y,转股价下修1次，成功下修1次,2024-07-10 开始转股,计算使用3.5年期 评级为A+ 债参考YTM：4.6963,N,10.04,全价：139.727 最后更新：15:34:09,,,,0,[],0,0,N,,,buy,buy
2026-08-07 08:34:13,113053,隆22转债,l22zz,122.99,-0.01,601012,隆基绿能,ljln,12.93,1.49,1.92,17.5,73.89,0,66.46,189.45,630502,电力设备,shmb,C,2022-02-17,[],0,0,buy,AAA,,12.25,22.75,7.1,buy,2028-01-05,1.414,69.951,8059.23,191123.77,0.93,-8.52,,0,14:59:59,00,Y,N,1,1,Y,转股价下修1次，成功下修1次,2022-07-11 开始转股,计算使用1.5年期 评级为AAA 债参考YTM：1.5487,N,70.0,全价：122.990 最后更新：14:59:59,,,,1,{'M': ''},0,0,N,,,buy,buy
2026-08-07 08:34:13,113688,国检转债,gjzz,140.98,-0.83,603060,国检集团,gjjt,5.46,-2.15,2.1,6.45,84.65,0,66.54,207.52,460802,社会服务,shmb,C,2024-11-12,[],0,0,buy,AA+,,4.515,8.385,18.2,buy,2030-10-17,4.197,7.997,1670.11,4796.74,1.48,-4.56,,0,14:59:04,00,Y,N,0,0,Y,,2025-04-23 开始转股,计算使用4.2年期 评级为AA+ 债参考YTM：1.7893,N,8.0,全价：140.980 最后更新：14:59:04,,,,0,[],0,0,N,,,buy,buy
2026-08-07 08:34:13,113699,金25转债,j25zz,210.303,2.57,603979,金诚信,jcx,79.19,1.01,4.25,62.8,126.1,0,66.78,277.08,240302,有色金属,shmb,C,2025-10-27,[],0,0,buy,AA,,43.96,81.64,4.0,buy,2031-09-26,5.14,19.998,31139.1,83929.88,7.47,-11.12,,0,14:59:59,00,Y,N,0,0,Y,,2026-04-10 开始转股,计算使用5.2年期 评级为AA 债参考YTM：1.9638,N,20.0,全价：210.303 最后更新：14:59:59,,,,0,"{'M': '', 'EX': '金诚信集团有限公司大宗减持6.00% 2026年07月30日公告'}",0,0,N,,,buy,buy
2026-08-07 08:34:13,111020,合顺转债,hszz,137.633,-0.9,605166,聚合顺,jhs,8.67,-0.23,1.36,10.53,82.34,0,67.16,204.79,220406,基础化工,shmb,C,2024-08-15,[],0,0,buy,AA-,,7.371,13.689,12.4,buy,2030-07-22,3.959,3.38,2252.38,2956.2,4.82,-3.6,,0,14:59:50,00,Y,N,0,0,Y,,2025-01-27 开始转股,计算使用4.0年期 评级为AA- 债参考YTM：2.3840,N,3.38,全价：137.633 最后更新：14:59:50,,,,0,[],0,0,N,,,buy,buy
2026-08-07 08:34:13,118034,晶能转债,jnzz,118.132,-0.17,688223,晶科能源,jkny,4.48,1.13,1.78,6.35,70.55,0,67.44,185.57,630502,电力设备,shkc,C,2023-05-19,[],0,0,buy,AA+,,4.445,7.62,18.1,buy,2029-04-20,2.704,83.22,11545.99,43899.83,1.17,-2.22,,0,14:59:36,00,Y,N,1,1,Y,转股价下修1次，成功下修1次,2023-10-26 开始转股,计算使用2.8年期 评级为AA+ 债参考YTM：1.6838,N,100.0,全价：118.132 最后更新：14:59:36,,,,0,{'M': ''},0,0,N,120%,,buy,buy
2026-08-07 08:34:13,118059,颀中转债,qzzz,213.137,1.91,688352,颀中科技,qzkj,17.38,9.51,3.54,13.7,126.86,0,68.01,281.15,270107,电子,shkc,C,2025-11-21,[],0,0,buy,AA+,,9.59,17.81,13.3,buy,2031-11-03,5.244,8.498,185234.42,58796.76,100.23,-11.62,,0,15:00:00,00,Y,N,0,0,Y,,2026-05-07 开始转股,计算使用5.3年期 评级为AA+ 债参考YTM：1.8660,N,8.5,全价：213.137 最后更新：15:00:00,,,,0,"{'G': '本次（2026年5月26日至2026年6月17日）不提前赎回，以2026年12月18日为首个交易日重新计算', 'M': ''}",0,0,N,,,buy,buy
2026-08-07 08:34:13,127111,金威转债,jwzz,131.901,0.2,002626,金达威,jdw,14.96,7.78,2.04,19.19,77.96,0,69.2,201.1,340407,食品饮料,szmb,C,2025-09-08,[],0,0,buy,AA,,13.433,24.947,14.2,buy,2031-08-20,5.038,12.924,6772.78,16086.55,3.98,-2.97,,0,15:34:39,00,Y,N,0,0,Y,,2026-02-26 开始转股,计算使用5.1年期 评级为AA 债参考YTM：1.9462,N,12.924,全价：131.901 最后更新：15:34:39,,,,0,{'M': ''},0,0,N,,,buy,buy
2026-08-07 08:34:13,111021,奥锐转债,arzz,142.071,2.24,605116,奥锐特,art,20.55,4.26,3.07,24.6,83.54,0,70.07,212.14,370101,医药生物,shmb,C,2024-08-15,[],0,0,buy,AA-,,17.22,31.98,9.7,buy,2030-07-26,3.97,8.121,7531.48,9635.91,6.56,-4.37,,0,15:00:00,00,Y,N,0,0,Y,,2025-02-05 开始转股,计算使用4.0年期 评级为AA- 债参考YTM：2.3840,N,8.121,全价：142.071 最后更新：15:00:00,,,,0,[],0,0,N,,,buy,buy
2026-08-07 08:34:13,123154,火星转债,hxzz,130.0,-0.33,300894,火星人,hxr,12.22,0.74,4.7,16.0,76.38,0,70.21,200.21,330401,家用电器,szcy,C,2022-08-23,[],0,0,buy,A+,,11.2,20.8,14.7,buy,2028-08-05,1.997,5.289,20482.77,10910.35,29.95,-5.19,,0,15:34:51,00,Y,N,1,1,Y,转股价下修1次，成功下修1次,2023-02-13 开始转股,计算使用2.0年期 评级为A+ 债参考YTM：4.3803,N,5.29,全价：130.000 最后更新：15:34:51,,,,1,{'M': ''},0,0,N,,,buy,buy
2026-08-07 08:34:13,127069,小熊转债,xxzz,132.997,-0.42,002959,小熊电器,xxdq,34.13,-0.35,1.7,43.71,78.08,0,70.33,203.33,330301,家用电器,szmb,C,2022-09-07,[],0,0,buy,AA-,,30.597,56.823,10.6,buy,2028-08-12,2.016,5.041,1426.74,3116.18,2.13,-5.45,,0,15:34:36,00,Y,N,1,1,Y,转股价下修1次，成功下修1次,2023-02-20 开始转股,计算使用2.1年期 评级为AA- 债参考YTM：2.0616,N,5.36,全价：132.997 最后更新：15:34:36,,,,0,{'M': ''},0,0,N,,,buy,buy
2026-08-07 08:34:13,118064,联瑞转债,lrzz,409.849,6.19,688300,联瑞新材,lrxc,151.7,11.48,20.02,63.05,240.6,0,70.34,480.19,220901,基础化工,shkc,C,2026-01-28,[],0,0,buy,AA,,44.135,81.965,1.9,buy,2032-01-08,5.425,6.949,466063.37,274433.14,162.19,-21.25,,0,15:00:00,00,Y,N,0,0,Y,,2026-07-14 开始转股,计算使用5.5年期 评级为AA 债参考YTM：2.0476,N,6.95,全价：409.849 最后更新：15:00:00,,,,0,"{'G': '本次（2026年7月14日至2026年8月3日）不提前赎回，以2026年11月4日为首个交易日重新计算', 'M': ''}",0,0,N,,,buy,buy
2026-08-07 08:34:13,123124,晶瑞转2,jrz2,145.963,4.56,300655,晶瑞电材,jrdc,13.48,1.51,5.69,15.88,84.89,0,71.95,217.91,270601,电子,szcy,C,2021-09-07,[],0,0,buy,A+,,11.116,20.644,3.5,buy,2027-08-16,1.025,5.224,36657.87,114116.12,48.47,-25.24,,1,15:34:45,00,Y,N,1,0,Y,转股价下修1次，成功下修0次,2022-02-21 开始转股,计算使用1.1年期 评级为A+ 债参考YTM：4.1854,Y,5.23,全价：145.963 最后更新：15:34:45,,,"按下调到底估算
股东大会：2026-08-24
预估转股价：13.35
预估转股价值：100.97
期权价值：26.90
理论价值：131.30
理论偏离度：10.05%",1,{'M': ''},0,0,N,,23年6月前不下修,buy,buy
2026-08-07 08:34:13,127112,尚太转债,stzz,150.694,-0.07,001301,尚太科技,stkj,52.43,-0.19,2.66,60.02,87.35,0,72.51,223.2,630702,电力设备,szmb,C,2026-02-05,[],0,0,buy,AA+,,42.014,78.026,12.7,buy,2032-01-16,5.447,17.34,8924.48,21285.19,3.41,-5.46,,0,15:34:42,00,Y,N,0,0,Y,,2026-07-22 开始转股,计算使用5.5年期 评级为AA+ 债参考YTM：1.8951,N,17.34,全价：150.694 最后更新：15:34:42,,,,0,{'M': ''},0,0,N,,,buy,buy
2026-08-07 08:34:13,127059,永东转2,ydz2,130.57,-0.46,002753,永东股份,ydgf,6.13,-1.13,0.98,8.11,75.59,0,72.74,203.31,220603,基础化工,szmb,C,2022-05-16,[],0,0,buy,AA-,,5.677,10.543,20.9,buy,2028-04-08,1.671,3.79,2365.85,1808.48,4.79,-6.43,,0,15:34:48,00,Y,N,0,0,Y,,2022-10-14 开始转股,计算使用1.7年期 评级为AA- 债参考YTM：1.9748,N,3.8,全价：130.570 最后更新：15:34:48,,,,1,[],0,0,N,,,buy,buy
2026-08-07 08:34:13,110090,爱迪转债,adzz,137.502,-0.4,600933,爱柯迪,akd,13.65,-1.02,1.42,17.15,79.59,0,72.76,210.26,280203,汽车,shmb,C,2022-10-28,[],0,0,buy,AA,,12.005,22.295,11.7,buy,2028-09-23,2.132,15.695,3919.59,12255.65,1.82,-9.02,,0,14:58:52,00,Y,N,0,0,Y,,2023-03-29 开始转股,计算使用2.2年期 评级为AA 债参考YTM：1.7316,N,15.7,全价：137.502 最后更新：14:58:52,,,,0,{'M': ''},0,0,N,,,buy,buy
2026-08-07 08:34:13,113665,汇通转债,htzz,126.177,-0.52,603176,汇通集团,htjt,4.56,-0.44,1.92,6.28,72.61,0,73.77,199.95,620306,建筑装饰,shmb,C,2023-01-11,[],0,0,buy,A+,,4.396,8.164,17.1,buy,2028-12-15,2.359,3.596,2182.88,1943.92,4.81,-2.68,,0,14:59:50,00,Y,N,1,1,Y,转股价下修1次，成功下修1次,2023-06-21 开始转股,计算使用2.4年期 评级为A+ 债参考YTM：4.4717,N,3.6,全价：126.177 最后更新：14:59:50,,,,0,[],0,0,N,,,buy,buy
2026-08-07 08:34:13,113705,豪26转债,h26zz,151.801,-0.31,603809,豪能股份,hngf,9.38,-0.32,2.29,10.74,87.34,137,73.81,225.61,280203,汽车,shmb,C,2026-07-10,[],0,0,buy,AA-,,6.444,13.962,20.9,buy,2032-06-14,5.858,18.0,10228.22,9475.08,3.74,-4.87,,0,15:00:00,00,Y,N,0,0,Y,,未到转股期；2026-12-22 开始转股,计算使用5.9年期 评级为AA- 债参考YTM：3.3528,N,18.0,全价：151.801 最后更新：15:00:00,,,,0,{'M': ''},0,0,N,,,buy,buy
2026-08-07 08:34:13,110086,精工转债,jgzz,124.835,-0.49,600496,精工钢构,jggg,3.28,-0.3,0.69,4.57,71.77,0,73.93,198.77,620401,建筑装饰,shmb,C,2022-05-23,[],0,0,buy,AA,,3.199,5.941,30.6,buy,2028-04-22,1.71,19.999,3291.77,6061.48,1.32,-5.33,,0,14:59:56,00,Y,N,0,0,Y,,2022-10-28 开始转股,计算使用1.8年期 评级为AA 债参考YTM：1.6807,N,20.0,全价：124.835 最后更新：14:59:56,,,,1,{'M': ''},0,0,N,,,buy,buy
2026-08-07 08:34:13,110095,双良转债,slzz,122.599,-1.03,600481,双良节能,sljn,4.34,0.46,2.02,6.18,70.23,0,74.58,197.18,630501,电力设备,shmb,C,2023-09-08,[],0,0,buy,AA-,,4.326,8.034,15.6,buy,2029-08-08,3.006,14.006,11711.27,21453.64,6.79,-2.36,,0,14:59:53,00,Y,N,2,2,Y,转股价下修2次，成功下修2次,2024-02-19 开始转股,计算使用3.1年期 评级为AA- 债参考YTM：2.2906,N,26.0,全价：122.599 最后更新：14:59:53,,,,0,{'M': ''},0,0,N,,,buy,buy
2026-08-07 08:34:13,113674,华设转债,hszz,132.052,-0.58,603018,华设集团,hsjt,5.25,-1.13,0.79,6.95,75.54,0,74.81,206.86,620601,建筑装饰,shmb,C,2023-08-15,[],0,0,buy,AA,,4.865,9.035,9.3,buy,2029-07-21,2.956,3.999,1412.63,4444.77,2.67,-4.55,,0,14:59:54,00,Y,N,0,0,Y,,2024-01-29 开始转股,计算使用3.0年期 评级为AA 债参考YTM：1.7598,N,4.0,全价：132.052 最后更新：14:59:54,,,,0,{'M': ''},0,0,N,,,buy,buy
2026-08-07 08:34:13,110101,宝钛转债,btzz,161.663,-0.39,600456,宝钛股份,btgf,28.62,0.56,1.89,30.98,92.38,145,74.99,236.65,240504,有色金属,shmb,C,2026-07-16,[],0,0,buy,AAA,,21.686,40.274,25.6,buy,2032-06-23,5.882,35.0,19569.73,16924.4,3.45,-6.47,,0,14:59:59,00,Y,N,0,0,Y,,未到转股期；2026-12-30 开始转股,计算使用5.9年期 评级为AAA 债参考YTM：1.8240,N,35.0,全价：161.663 最后更新：14:59:59,,,,0,{'M': ''},0,0,N,,,buy,buy
2026-08-07 08:34:13,123214,东宝转债,dbzz,130.855,0.28,300239,东宝生物,dbsw,4.95,2.06,1.69,6.62,74.77,0,75.0,205.86,370304,医药生物,szcy,C,2023-08-18,[],0,0,buy,A+,,4.634,8.606,15.6,buy,2029-07-31,2.984,4.549,1117.76,4249.4,1.88,-3.88,,0,15:34:00,00,Y,N,0,0,Y,,2024-02-05 开始转股,计算使用3.0年期 评级为A+ 债参考YTM：4.6198,N,4.55,全价：130.855 最后更新：15:34:00,,,,0,[],0,0,N,,,buy,buy
2026-08-07 08:34:13,118037,上声转债,sszz,131.26,-0.41,688533,上声电子,ssdz,21.46,-0.74,1.95,28.64,74.93,0,75.18,206.44,280206,汽车,shkc,C,2023-08-01,[],0,0,buy,A+,,20.048,37.232,13.2,buy,2029-07-06,2.915,4.679,1054.15,1823.74,1.71,-4.62,,0,14:59:13,00,Y,N,2,1,Y,转股价下修2次，成功下修1次,2024-01-12 开始转股,计算使用3.0年期 评级为A+ 债参考YTM：4.6198,N,5.2,全价：131.260 最后更新：14:59:13,,,,0,{'M': ''},0,0,N,,,buy,buy
2026-08-07 08:34:13,113692,保隆转债,blzz,133.999,0.1,603197,保隆科技,blkj,29.9,-1.35,1.96,39.16,76.35,0,75.5,209.5,280205,汽车,shmb,C,2024-11-27,[],0,0,buy,AA,,27.412,50.908,22.0,buy,2030-10-31,4.236,13.897,4236.82,7617.1,2.28,-3.92,,0,14:59:11,00,Y,N,0,0,Y,,2025-05-06 开始转股,计算使用4.3年期 评级为AA 债参考YTM：1.9003,N,13.9,全价：133.999 最后更新：14:59:11,,,,0,{'M': ''},0,0,N,,,buy,buy
2026-08-07 08:34:13,113694,清源转债,qyzz,129.35,-0.14,603628,清源股份,qygf,9.47,-0.32,1.94,12.85,73.7,0,75.52,204.87,630504,电力设备,shmb,C,2025-04-25,[],0,0,buy,A+,,8.995,16.705,19.4,buy,2031-04-08,4.671,4.999,2322.81,3188.62,3.59,-1.85,,0,14:59:07,00,Y,N,0,0,Y,,2025-10-14 开始转股,计算使用4.7年期 评级为A+ 债参考YTM：4.7976,N,5.0,全价：129.350 最后更新：14:59:07,,,,0,{'M': ''},0,0,N,,,buy,buy
2026-08-07 08:34:13,123252,银邦转债,ybzz,144.712,0.5,300337,银邦股份,ybgf,10.29,2.39,4.72,12.5,82.32,0,75.79,220.5,240301,有色金属,szcy,C,2025-01-24,[],0,0,buy,AA-,,8.75,16.25,10.7,buy,2031-01-06,4.419,7.846,1861.65,19684.58,1.65,-4.66,,0,15:34:36,00,Y,N,0,0,Y,,2025-07-14 开始转股,计算使用4.5年期 评级为AA- 债参考YTM：2.4290,N,7.85,全价：144.712 最后更新：15:34:36,,,,0,{'M': ''},0,0,N,,,buy,buy
2026-08-07 08:34:13,113706,金帝转债,jdzz,160.29,2.83,603270,金帝股份,jdgf,27.86,3.15,2.66,30.62,90.99,137,76.17,236.46,640108,机械设备,shmb,C,2026-07-10,[],0,0,buy,AA,,21.434,39.806,49.2,buy,2032-06-14,5.858,9.7,20697.21,13913.23,13.49,-5.05,,0,14:59:59,00,Y,N,0,0,Y,,未到转股期；2026-12-22 开始转股,计算使用5.9年期 评级为AA 债参考YTM：2.1834,N,9.7,全价：160.290 最后更新：14:59:59,,,,0,{'M': ''},0,0,N,,,buy,buy
2026-08-07 08:34:13,127102,浙建转债,zjzz,123.518,-1.34,002761,浙江建投,zjjt,7.13,-1.66,0.89,10.17,70.11,0,76.18,199.7,620101,建筑装饰,szmb,C,2024-01-16,[],0,0,buy,AA+,,7.119,13.221,12.9,buy,2029-12-25,3.386,9.951,2910.38,8266.35,2.36,-2.93,,0,15:34:45,00,Y,N,0,0,Y,,2024-07-01 开始转股,计算使用3.4年期 评级为AA+ 债参考YTM：1.7171,N,10.0,全价：123.518 最后更新：15:34:45,,,,0,{'M': ''},0,0,N,,,buy,buy
2026-08-07 08:34:13,123253,永贵转债,ygzz,139.68,-0.61,300351,永贵电器,ygdq,14.38,-0.48,2.26,18.19,79.05,0,76.69,216.37,640501,机械设备,szcy,C,2025-03-28,[],0,0,buy,AA-,,12.733,23.647,25.9,buy,2031-03-13,4.6,9.798,2275.72,15370.31,1.66,-3.73,,0,15:34:21,00,Y,N,0,0,Y,,2025-09-19 开始转股,计算使用4.6年期 评级为AA- 债参考YTM：2.4363,N,9.8,全价：139.680 最后更新：15:34:21,,,,0,{'M': ''},0,0,N,,,buy,buy
2026-08-07 08:34:13,113698,凯众转债,kzzz,144.376,-1.05,603037,凯众股份,kzgf,10.23,-0.58,2.66,12.55,81.51,0,77.12,221.5,280203,汽车,shmb,C,2025-09-10,[],0,0,buy,AA-,,8.785,16.315,11.3,buy,2031-08-15,5.025,3.079,2264.92,3855.71,5.08,-4.7,,0,14:58:51,00,Y,N,0,0,Y,,2026-02-24 开始转股,计算使用5.1年期 评级为AA- 债参考YTM：2.4952,N,3.08,全价：144.376 最后更新：14:58:51,,,,0,[],0,0,N,,,buy,buy
2026-08-07 08:34:13,127049,希望转2,xwz2,116.166,0.04,000876,新希望,xxw,6.92,-0.43,1.43,10.59,65.35,0,77.77,193.94,110402,农林牧渔,szmb,C,2021-11-29,[],0,0,buy,AAA,,7.413,13.767,26.2,buy,2027-11-02,1.238,81.434,8940.64,15709.78,0.95,-5.37,,0,15:34:42,00,Y,N,1,1,Y,转股价下修1次，成功下修1次,2022-05-09 开始转股,计算使用1.3年期 评级为AAA 债参考YTM：1.5292,N,81.5,全价：116.166 最后更新：15:34:42,,,,1,{'M': ''},0,0,N,,,buy,buy
2026-08-07 08:34:13,123223,九典转02,jdz02,138.998,1.01,300705,九典制药,jdzy,11.35,3.84,2.11,14.55,78.01,0,78.19,217.19,370102,医药生物,szcy,C,2023-10-13,[],0,0,buy,A+,,10.185,18.915,4.9,buy,2029-09-15,3.11,2.053,1319.1,13983.46,4.64,-5.25,,0,15:34:15,00,Y,N,0,0,Y,,2024-03-21 开始转股,计算使用3.2年期 评级为A+ 债参考YTM：4.6594,N,3.6,全价：138.998 最后更新：15:34:15,,,,0,[],0,0,N,,,buy,buy
2026-08-07 08:34:13,123220,易瑞转债,yrzz,135.297,0.02,300942,易瑞生物,yrsw,6.69,0.0,3.03,8.85,75.59,0,78.98,214.28,370504,医药生物,szcy,C,2023-09-06,[],0,0,buy,A+,,6.195,11.505,10.7,buy,2029-08-18,3.033,2.907,2624.11,7133.84,6.69,-4.25,,0,15:34:03,00,Y,N,1,1,Y,转股价下修1次，成功下修1次,2024-02-26 开始转股,计算使用3.1年期 评级为A+ 债参考YTM：4.6416,N,3.28,全价：135.297 最后更新：15:34:03,,,,0,{'M': ''},0,0,N,,,buy,buy
2026-08-07 08:34:13,118060,瑞可转债,rkzz,199.382,0.3,688800,瑞可达,rkd,58.31,-0.29,6.67,52.53,111.0,0,79.62,279.0,270401,电子,shkc,C,2025-12-12,[],0,0,buy,AA-,,36.771,68.289,5.9,buy,2031-11-14,5.274,9.999,40607.57,142160.97,20.59,-9.92,,0,14:59:59,00,Y,N,0,0,Y,,2026-05-20 开始转股,计算使用5.3年期 评级为AA- 债参考YTM：2.6558,N,10.0,全价：199.382 最后更新：14:59:59,,,,0,"{'G': '本次（2026年5月20日至2026年6月9日）不提前赎回，以2026年12月10日为首个交易日重新计算', 'M': ''}",0,0,N,,,buy,buy
2026-08-07 08:34:13,110100,龙建转债,ljzz,125.307,-0.56,600853,龙建股份,ljgf,3.2,-1.23,0.78,4.59,69.72,0,79.74,205.05,620306,建筑装饰,shmb,C,2026-02-12,[],0,0,buy,AA,,3.213,5.967,30.8,buy,2032-01-22,5.463,10.0,3814.05,3131.71,3.03,-1.82,,0,14:59:59,00,Y,N,0,0,Y,,2026-07-28 开始转股,计算使用5.5年期 评级为AA 债参考YTM：2.0476,N,10.0,全价：125.307 最后更新：14:59:59,,,,0,[],0,0,N,,,buy,buy
2026-08-07 08:34:13,113696,伯25转债,b25zz,136.571,-1.03,603596,伯特利,btl,26.64,-3.13,2.9,35.16,75.77,0,80.25,216.82,280203,汽车,shmb,C,2025-07-28,[],0,0,buy,AA,,24.612,45.708,11.7,buy,2031-07-01,4.901,28.017,7019.79,45948.88,1.83,-3.77,,0,14:59:58,00,Y,N,0,0,Y,,2026-01-07 开始转股,计算使用5.0年期 评级为AA 债参考YTM：1.9359,N,28.02,全价：136.571 最后更新：14:59:58,,,,0,{'M': ''},0,0,N,,,buy,buy
2026-08-07 08:34:13,123224,宇邦转债,ybzz,136.418,0.37,301266,宇邦新材,ybxc,21.29,0.95,1.63,28.17,75.58,0,80.5,216.92,630504,电力设备,szcy,C,2023-10-18,[],0,0,buy,A+,,19.719,36.621,9.9,buy,2029-09-19,3.121,2.848,1858.89,5856.64,4.8,-4.19,,0,15:34:06,00,Y,N,1,1,Y,转股价下修1次，成功下修1次,2024-03-25 开始转股,计算使用3.2年期 评级为A+ 债参考YTM：4.6594,N,5.0,全价：136.418 最后更新：15:34:06,,,,0,{'M': ''},0,0,N,,,buy,buy
2026-08-07 08:34:13,118061,茂莱转债,mlzz,198.429,3.74,688502,茂莱光学,mlgx,397.5,4.88,16.69,364.15,109.16,0,81.78,280.21,270303,电子,shkc,C,2025-12-10,[],0,0,buy,A+,,254.905,473.395,2.7,buy,2031-11-21,5.293,5.622,105961.85,76125.98,95.92,-9.5,,0,15:00:00,00,Y,N,0,0,Y,,2026-05-27 开始转股,计算使用5.3年期 评级为A+ 债参考YTM：5.0043,N,5.625,全价：198.429 最后更新：15:00:00,,,,0,"{'G': '本次（2026年5月28日至2026年7月3日）不提前赎回，以2026年10月4日首个交易日重新计算', 'M': ''}",0,0,N,,,buy,buy
2026-08-07 08:34:13,127083,山路转债,slzz,121.274,-1.08,000498,山东路桥,sdlq,4.95,-1.39,0.29,7.42,66.71,0,81.79,203.06,620306,建筑装饰,szmb,C,2023-04-26,[],0,0,buy,AAA,,5.194,9.646,67.4,buy,2029-03-24,2.63,48.359,2201.82,4899.91,0.37,-3.27,,0,15:34:51,00,Y,N,0,0,Y,,2023-10-09 开始转股,计算使用2.7年期 评级为AAA 债参考YTM：1.6243,N,48.36,全价：121.274 最后更新：15:34:51,,,,0,{'M': ''},0,0,N,,,buy,buy
2026-08-07 08:34:13,123269,金杨转债,jyzz,156.555,0.66,301210,金杨精密,jygf,24.28,1.17,2.08,28.24,85.98,80,82.09,238.65,630701,电力设备,szcy,C,2026-05-11,[],0,0,buy,AA-,,19.768,36.712,66.3,buy,2032-04-19,5.704,9.8,5471.01,8831.06,3.59,-5.51,,0,15:34:51,00,Y,N,0,0,Y,,未到转股期；2026-10-26 开始转股,计算使用5.8年期 评级为AA- 债参考YTM：3.2628,N,9.8,全价：156.555 最后更新：15:34:51,,,,0,{'M': ''},0,0,N,,,buy,buy
2026-08-07 08:34:13,111003,聚合转债,jhzz,139.899,-0.51,605166,聚合顺,jhs,8.67,-0.23,1.36,11.31,76.66,0,82.5,222.4,220406,基础化工,shmb,C,2022-04-19,[],0,0,buy,AA-,,7.917,14.703,7.5,buy,2028-03-07,1.584,2.035,1480.48,2956.2,5.19,-10.58,,0,14:59:23,00,Y,N,2,1,Y,转股价下修2次，成功下修1次,2022-09-13 开始转股,计算使用1.6年期 评级为AA- 债参考YTM：1.9524,Y,2.04,全价：139.899 最后更新：14:59:23,,,"按下调到底估算
股东大会：2026-08-12
预估转股价：8.64
预估转股价值：100.35
期权价值：21.45
理论价值：135.46
理论偏离度：3.17%",1,[],0,0,N,,,buy,buy
2026-08-07 08:34:13,113682,益丰转债,yfzz,129.551,-0.92,603939,益丰药房,yfyf,22.15,-1.42,2.21,31.44,70.45,0,83.89,213.44,370403,医药生物,shmb,C,2024-03-27,[],0,0,buy,AA,,22.008,40.872,6.7,buy,2030-03-04,3.575,17.968,4453.7,29858.36,1.91,-3.51,,0,14:59:23,00,Y,N,0,0,Y,,2024-09-09 开始转股,计算使用3.6年期 评级为AA 债参考YTM：1.8221,N,17.97,全价：129.551 最后更新：14:59:23,,,,0,{'M': ''},0,0,N,,,buy,buy
2026-08-07 08:34:13,123165,回天转债,htzz,136.031,-0.04,300041,回天新材,htxc,11.1,1.46,1.97,15.05,73.75,0,84.44,220.47,220316,基础化工,szcy,C,2022-11-15,[],0,0,buy,AA-,,10.535,19.565,14.1,buy,2028-10-27,2.225,8.496,1772.17,27222.8,1.53,-6.13,,0,15:33:54,00,Y,N,0,0,Y,,2023-05-04 开始转股,计算使用2.3年期 评级为AA- 债参考YTM：2.1061,N,8.5,全价：136.031 最后更新：15:33:54,,,,0,{'M': ''},0,0,N,,,buy,buy
2026-08-07 08:34:13,123215,铭利转债,mlzz,127.863,-0.16,301268,铭利达,mld,13.3,0.3,3.38,19.19,69.31,0,84.49,212.35,640108,机械设备,szcy,C,2023-08-23,[],0,0,buy,A+,,13.433,24.947,17.7,buy,2029-08-03,2.992,8.555,2168.08,6692.58,1.98,-1.72,,0,15:34:09,00,Y,N,1,1,Y,转股价下修1次，成功下修1次,2024-02-19 开始转股,计算使用3.0年期 评级为A+ 债参考YTM：4.6198,N,10.0,全价：127.863 最后更新：15:34:09,,,,0,{'M': ''},0,0,N,,,buy,buy
2026-08-07 08:34:13,123144,裕兴转债,yxzz,132.063,-0.07,300305,裕兴股份,yxgf,6.05,-0.17,1.13,8.5,71.18,0,85.54,217.6,220505,基础化工,szcy,C,2022-04-27,[],0,0,buy,A,,5.95,11.05,30.8,buy,2028-04-11,1.68,5.997,3229.01,13184.86,4.09,-7.04,,0,15:34:48,00,Y,N,2,1,Y,转股价下修2次，成功下修1次,2022-10-17 开始转股,计算使用1.7年期 评级为A 债参考YTM：6.6623,Y,6.0,全价：132.063 最后更新：15:34:48,,,"按下调到底估算
股东大会：2026-08-17
预估转股价：5.99
预估转股价值：101.00
期权价值：24.28
理论价值：129.41
理论偏离度：2.01%",1,[],0,0,N,,,buy,buy
2026-08-07 08:34:13,111018,华康转债,hkzz,128.749,-0.63,605077,华康股份,hkgf,11.06,-0.09,1.03,15.96,69.3,0,85.79,214.54,220315,基础化工,shmb,C,2024-01-15,[],0,0,buy,AA-,,11.172,20.748,39.3,buy,2029-12-25,3.386,13.022,3035.5,4580.35,1.81,-2.27,,0,14:59:46,00,Y,N,0,0,Y,,2024-07-01 开始转股,计算使用3.4年期 评级为AA- 债参考YTM：2.3321,N,13.03,全价：128.749 最后更新：14:59:46,,,,0,[],0,0,N,,,buy,buy
2026-08-07 08:34:13,118036,力合转债,lhzz,140.592,0.96,688589,力合微,lhw,18.01,0.61,2.51,23.83,75.58,0,86.02,226.61,270104,电子,shkc,C,2023-07-20,[],0,0,buy,AA-,,16.681,30.979,14.5,buy,2029-06-28,2.893,3.8,3149.05,7037.43,5.91,-5.82,,0,14:59:36,00,Y,N,2,1,Y,转股价下修2次，成功下修1次,2024-01-04 开始转股,计算使用2.9年期 评级为AA- 债参考YTM：2.2467,Y,3.8,全价：140.592 最后更新：14:59:36,,,"按下调到底估算
股东大会：2026-08-14
预估转股价：18.01
预估转股价值：100.00
期权价值：32.17
理论价值：143.41
理论偏离度：-2.00%",0,{'M': ''},0,0,N,,,buy,buy
2026-08-07 08:34:13,127038,国微转债,gwzz,129.228,0.18,002049,紫光国微,zggw,67.22,1.08,4.02,97.01,69.29,0,86.5,215.73,270104,电子,szmb,C,2021-07-14,[],0,0,buy,AA+,,67.907,126.113,2.6,buy,2027-06-10,0.841,14.915,5499.83,184446.91,2.86,-17.75,,0,15:34:24,00,Y,N,0,0,Y,,2021-12-17 开始转股,计算使用0.9年期 评级为AA+ 债参考YTM：1.5407,N,15.0,全价：129.228 最后更新：15:34:24,,,,1,{'M': ''},0,0,N,,,buy,buy
2026-08-07 08:34:13,123263,鼎捷转债,djzz,159.98,-1.24,300378,鼎捷数智,djsz,36.66,-0.76,4.23,43.42,84.43,0,89.48,249.46,710402,计算机,szcy,C,2025-12-31,[],0,0,buy,AA,,,56.446,8.4,buy,2031-12-15,5.359,8.275,29352.79,66324.58,22.32,-6.27,,0,15:34:12,00,Y,N,0,0,Y,,2026-06-22 开始转股,计算使用5.4年期 评级为AA 债参考YTM：2.0158,N,8.28,全价：159.980 最后更新：15:34:12,,,,0,{'M': ''},0,0,N,,,buy,buy
2026-08-07 08:34:13,113708,曙26转债,s26zz,156.038,6.35,603019,中科曙光,zksg,88.77,1.1,5.76,108.89,81.52,167,91.4,247.44,710103,计算机,shmb,C,2026-08-06,[],0,0,buy,AAA,,76.223,141.557,6.2,buy,2032-07-14,5.94,80.0,1581831.27,447632.91,126.9,-6.02,,0,15:00:00,00,Y,N,0,0,Y,,未到转股期；2027-01-21 开始转股,计算使用6.0年期 评级为AAA 债参考YTM：1.8330,N,80.0,全价：156.038 最后更新：15:00:00,,,,0,{'M': ''},0,0,N,,,buy,buy
2026-08-07 08:34:13,111024,澳弘转债,ahzz,154.934,1.79,605058,澳弘电子,ahdz,27.09,4.59,2.1,33.54,80.77,0,91.82,246.75,270202,电子,shmb,C,2026-01-16,[],0,0,buy,AA-,,23.478,43.602,15.0,buy,2031-12-11,5.348,5.799,10782.62,9624.7,12.0,-5.38,,0,14:59:50,00,Y,N,0,0,Y,,2026-06-17 开始转股,计算使用5.4年期 评级为AA- 债参考YTM：2.7703,N,5.8,全价：154.934 最后更新：14:59:50,,,,0,[],0,0,N,,,buy,buy
2026-08-07 08:34:13,113627,太平转债,tpzz,118.121,-0.83,603877,太平鸟,tpn,12.64,-2.47,1.34,20.61,61.33,0,92.6,210.72,350209,纺织服饰,shmb,C,2021-08-06,[],0,0,buy,AA,,14.427,26.793,13.5,buy,2027-07-15,0.937,7.997,2192.59,4072.15,2.32,-7.36,,0,14:59:57,00,Y,N,1,1,Y,转股价下修1次，成功下修1次,2022-01-21 开始转股,计算使用1.0年期 评级为AA 债参考YTM：1.5713,N,8.0,全价：118.121 最后更新：14:59:57,,,,1,{'M': ''},0,0,N,,,buy,buy
2026-08-07 08:34:13,123259,锦浪转02,jlz02,167.802,0.19,300763,锦浪科技,jlkj,62.75,1.69,2.73,72.41,86.66,0,93.63,261.43,630503,电力设备,szcy,C,2025-11-06,[],0,0,buy,AA,,50.687,94.133,8.3,buy,2031-10-17,5.197,16.763,10813.08,70695.02,3.82,-7.21,,0,15:34:24,00,Y,N,1,1,Y,转股价下修1次，成功下修1次,2026-04-23 开始转股,计算使用5.2年期 评级为AA 债参考YTM：1.9638,N,16.766,全价：167.802 最后更新：15:34:24,,,,0,"{'G': '本次（2026年4月23日至2026年5月20日）不提前赎回，以2027年5月21日为首个交易日重新计算', 'M': ''}",0,0,N,,,buy,buy
2026-08-07 08:34:13,123272,中汽转债,zqzz,170.828,-2.66,301215,中汽股份,zqgf,5.24,-0.76,2.34,5.99,87.48,132,95.28,266.11,280303,汽车,szcy,C,2026-06-30,[],0,0,buy,AA+,,4.193,7.787,15.0,buy,2032-06-10,5.847,10.39,9533.0,6475.03,5.34,-6.98,,0,15:33:54,00,Y,N,0,0,Y,,未到转股期；2026-12-17 开始转股,计算使用5.9年期 评级为AA+ 债参考YTM：1.9586,N,10.39,全价：170.828 最后更新：15:33:54,,,,0,{'M': ''},0,0,N,,,buy,buy
2026-08-07 08:34:13,118052,浩瀚转债,hhzz,143.223,-0.74,688292,浩瀚深度,hhsd,17.66,-2.65,2.78,24.2,72.98,0,96.26,239.48,710103,计算机,shkc,C,2025-04-07,[],0,0,buy,A+,,16.94,31.46,12.7,buy,2031-03-13,4.6,3.539,2510.03,7482.33,4.95,-3.89,,0,14:59:34,00,Y,N,0,0,Y,,2025-09-19 开始转股,计算使用4.6年期 评级为A+ 债参考YTM：4.7922,N,3.54,全价：143.223 最后更新：14:59:34,,,,0,{'M': ''},0,0,N,,,buy,buy
2026-08-07 08:34:13,113616,韦尔转债,wezz,110.791,-0.13,603501,豪威集团,hwjt,89.76,0.12,3.41,159.02,56.45,0,96.28,207.07,270104,电子,shmb,C,2021-01-22,[],0,0,buy,AA+,,111.314,206.726,2.2,buy,2026-12-28,0.392,24.324,6372.32,156610.31,2.36,-1.82,,0,14:59:53,00,Y,N,0,0,Y,,2021-07-05 开始转股,计算使用0.4年期 评级为AA+ 债参考YTM：1.5238,N,24.4,全价：110.791 最后更新：14:59:53,,,,0,{'M': ''},0,0,N,,,buy,buy
2026-08-07 08:34:13,113647,禾丰转债,hfzz,121.043,-0.78,603609,禾丰股份,hfgf,6.19,-0.32,0.85,10.09,61.35,0,97.31,218.35,110402,农林牧渔,shmb,C,2022-05-18,[],0,0,buy,AA,,7.063,13.117,26.2,buy,2028-04-22,1.71,14.669,2661.12,1020.93,1.5,-3.58,,0,14:59:48,00,Y,N,0,0,Y,,2022-10-28 开始转股,计算使用1.8年期 评级为AA 债参考YTM：1.6807,N,15.0,全价：121.043 最后更新：14:59:48,,,,0,{'M': ''},0,0,N,,,buy,buy
2026-08-07 08:34:13,113655,欧22转债,o22zz,122.637,-1.3,603833,欧派家居,opjj,31.63,-4.24,1.02,51.54,61.37,0,99.83,222.47,360308,轻工制造,shmb,C,2022-09-01,[],0,0,buy,AA,,36.078,67.002,10.4,buy,2028-08-05,1.997,19.999,6694.95,30943.81,2.72,-3.71,,0,14:59:50,00,Y,N,1,1,Y,转股价下修1次，成功下修1次,2023-02-13 开始转股,计算使用2.0年期 评级为AA 债参考YTM：1.7103,N,20.0,全价：122.637 最后更新：14:59:50,,,,0,{'M': ''},0,0,N,,,buy,buy
2026-08-07 08:34:13,123271,通合转债,thzz,170.0,-2.27,300491,通合科技,thkj,28.14,1.59,4.14,33.18,84.81,123,100.45,270.45,630306,电力设备,szcy,C,2026-06-17,[],0,0,buy,AA,,23.226,43.134,11.8,buy,2032-06-01,5.822,5.219,11343.34,30625.47,12.68,-6.05,,0,15:34:18,00,Y,N,0,0,Y,,未到转股期；2026-12-08 开始转股,计算使用5.9年期 评级为AA 债参考YTM：2.1834,N,5.22,全价：170.000 最后更新：15:34:18,,,,0,[],0,0,N,,,buy,buy
2026-08-07 08:34:13,118024,冠宇转债,gyzz,127.718,-0.06,688772,珠海冠宇,zhgy,14.33,0.63,2.15,22.51,63.66,0,100.62,228.34,630701,电力设备,shkc,C,2022-11-17,[],0,0,buy,AA,,15.757,27.012,18.9,buy,2028-10-24,2.216,30.889,7279.58,29517.57,1.85,-4.6,,0,14:59:54,00,Y,N,0,0,Y,,2023-04-28 开始转股,计算使用2.3年期 评级为AA 债参考YTM：1.7383,N,30.89,全价：127.718 最后更新：14:59:54,,,,0,{'M': ''},0,0,N,120%,,buy,buy
2026-08-07 08:34:13,113707,科博转债,kbzz,187.057,-3.03,603786,科博达,kbd,42.47,-0.54,2.97,45.56,93.22,157,100.67,287.73,280206,汽车,shmb,C,2026-07-31,[],0,0,buy,AA+,,31.892,59.228,8.7,buy,2032-07-02,5.907,14.91,80585.77,6893.44,28.89,-8.48,,0,14:59:59,00,Y,N,0,0,Y,,未到转股期；2027-01-11 开始转股,计算使用6.0年期 评级为AA+ 债参考YTM：1.9730,N,14.91,全价：187.057 最后更新：14:59:59,,,,0,{'M': ''},0,0,N,,,buy,buy
2026-08-07 08:34:13,123265,耐普转02,npz02,145.139,-0.59,300818,耐普矿机,npkj,21.28,0.61,2.46,29.5,72.14,0,101.2,246.34,640103,机械设备,szcy,C,2026-01-30,[],0,0,buy,A+,,20.65,38.35,14.9,buy,2032-01-16,5.447,4.499,3271.21,11805.02,5.0,-3.65,,0,15:34:15,00,Y,N,0,0,Y,,2026-07-22 开始转股,计算使用5.5年期 评级为A+ 债参考YTM：5.2454,N,4.5,全价：145.139 最后更新：15:34:15,,,,0,[],0,0,N,,,buy,buy
2026-08-07 08:34:13,123268,本川转债,bczz,220.38,4.45,300964,本川智能,bczn,59.18,8.63,6.2,54.13,109.33,77,101.57,321.95,270202,电子,szcy,C,2026-05-07,[],0,0,buy,AA-,,37.891,70.369,9.2,buy,2032-04-16,5.696,4.69,188291.89,62544.47,178.85,-10.39,,0,15:34:30,00,Y,N,0,0,Y,,未到转股期；2026-10-23 开始转股,计算使用5.7年期 评级为AA- 债参考YTM：3.1512,N,4.69,全价：220.380 最后更新：15:34:30,,,,0,{'M': ''},0,0,N,,,buy,buy
2026-08-07 08:34:13,123192,科思转债,kszz,127.41,-0.57,300856,科思股份,ksgf,10.93,-0.55,1.84,17.32,63.11,0,101.9,229.31,770201,美容护理,szcy,C,2023-05-11,[],0,0,buy,AA-,,12.124,22.516,14.3,buy,2029-04-13,2.685,7.187,1841.49,5958.07,2.01,-2.71,,0,15:34:00,00,Y,N,0,0,Y,,2023-10-19 开始转股,计算使用2.7年期 评级为AA- 债参考YTM：2.1997,N,7.249,全价：127.410 最后更新：15:34:00,,,,0,{'M': ''},0,0,N,,,buy,buy
2026-08-07 08:34:13,123168,惠云转债,hyzz,130.933,-0.05,300891,惠云钛业,hyty,6.96,-1.0,2.19,10.74,64.8,0,102.04,232.97,220206,基础化工,szcy,C,2022-12-14,[],0,0,buy,AA-,,7.518,13.962,21.1,buy,2028-11-23,2.299,4.899,1493.57,4098.09,2.33,-4.26,,0,15:33:54,00,Y,N,0,0,Y,,2023-05-29 开始转股,计算使用2.3年期 评级为AA- 债参考YTM：2.1061,N,4.9,全价：130.933 最后更新：15:33:54,,,,0,{'M': ''},0,0,N,,,buy,buy
2026-08-07 08:34:13,123266,博士转债,bszz,147.2,0.06,300622,博士眼镜,bsyj,15.68,-0.51,5.28,21.54,72.8,48,102.21,249.41,450401,商贸零售,szcy,C,2026-04-07,[],0,0,buy,AA,,15.078,28.002,10.8,buy,2032-03-17,5.614,3.75,3960.14,14468.64,7.19,-4.27,,0,15:34:12,00,Y,N,0,0,Y,,未到转股期；2026-09-24 开始转股,计算使用5.7年期 评级为AA 债参考YTM：2.1163,N,3.75,全价：147.200 最后更新：15:34:12,,,,0,[],0,0,N,,,buy,buy
2026-08-07 08:34:13,127068,顺博转债,sbzz,126.83,-0.06,002996,顺博合金,sbhj,6.27,0.16,1.22,10.0,62.7,0,102.28,229.11,240301,有色金属,szmb,C,2022-09-07,[],0,0,buy,AA-,,7.0,13.0,28.9,buy,2028-08-12,2.016,8.3,1241.25,3307.68,1.18,-6.29,,0,15:34:27,00,Y,N,2,2,Y,转股价下修2次，成功下修2次,2023-02-20 开始转股,计算使用2.1年期 评级为AA- 债参考YTM：2.0616,N,8.3,全价：126.830 最后更新：15:34:27,,,,0,[],0,0,N,,,buy,buy
2026-08-07 08:34:13,123276,久吾转02,jwz02,187.751,-3.71,300631,久吾高科,jwgk,22.05,2.18,2.03,23.78,92.73,171,102.48,290.23,760201,环保,szcy,C,2026-08-04,[],0,0,buy,A+,,16.646,30.914,11.2,buy,2032-07-19,5.953,3.0,140973.54,6807.36,247.7,-7.48,,0,15:34:30,00,Y,N,0,0,Y,,未到转股期；2027-01-25 开始转股,计算使用6.0年期 评级为A+ 债参考YTM：5.7630,N,3.0,全价：187.751 最后更新：15:34:30,,,,0,[],0,0,N,,,buy,buy
2026-08-07 08:34:13,113648,巨星转债,jxzz,122.507,0.13,603477,巨星农牧,jxnm,15.02,0.4,2.85,24.84,60.47,0,102.6,225.11,110702,农林牧渔,shmb,C,2022-05-17,[],0,0,buy,AA-,,17.388,32.292,11.7,buy,2028-04-25,1.718,8.997,2314.7,23779.36,2.1,-5.03,,0,14:58:46,00,Y,N,0,0,Y,,2022-10-31 开始转股,计算使用1.8年期 评级为AA- 债参考YTM：1.9971,N,10.0,全价：122.507 最后更新：14:58:46,,,,0,{'M': ''},0,0,N,,,buy,buy
2026-08-07 08:34:13,123275,肇民转债,zmzz,153.9,-3.33,301000,肇民科技,zmkj,25.57,-0.2,4.73,33.8,75.65,161,103.43,257.33,280205,汽车,szcy,C,2026-07-24,[],0,0,buy,AA-,,23.66,43.94,10.0,buy,2032-07-08,5.923,5.9,14507.99,11828.74,15.87,-5.04,,0,15:34:21,00,Y,N,0,0,Y,,未到转股期；2027-01-15 开始转股,计算使用6.0年期 评级为AA- 债参考YTM：3.4130,N,5.9,全价：153.900 最后更新：15:34:21,,,,0,{'M': ''},1,0,N,,,buy,buy
2026-08-07 08:34:13,113656,嘉诚转债,jczz,124.676,-0.41,603535,嘉诚国际,jcgj,6.34,-1.55,1.25,10.35,61.26,0,103.53,228.21,420805,交通运输,shmb,C,2022-10-12,[],0,0,buy,A+,,7.245,13.455,24.7,buy,2028-09-01,2.071,7.998,1690.42,2125.43,1.69,-2.48,,0,14:58:43,00,Y,N,0,0,Y,,2023-03-07 开始转股,计算使用2.1年期 评级为A+ 债参考YTM：4.4017,N,8.0,全价：124.676 最后更新：14:58:43,,,,0,[],0,0,N,,,buy,buy
2026-08-07 08:34:13,123229,艾录转债,alzz,131.592,-0.51,301062,上海艾录,shal,6.41,-1.69,2.04,9.95,64.42,0,104.27,235.86,360205,轻工制造,szcy,C,2023-11-20,[],0,0,buy,A,,6.965,12.935,10.1,buy,2029-10-23,3.214,1.779,831.43,4721.6,3.55,-2.82,,0,15:34:09,00,Y,N,0,0,Y,,2024-04-29 开始转股,计算使用3.3年期 评级为A 债参考YTM：7.0240,N,5.0,全价：131.592 最后更新：15:34:09,,,,0,{'M': ''},0,0,N,,,buy,buy
2026-08-07 08:34:13,123109,昌红转债,chzz,127.0,0.22,300151,昌红科技,chkj,16.56,6.43,5.33,26.64,62.16,0,104.3,231.3,640209,机械设备,szcy,C,2021-04-19,[],0,0,buy,AA-,,18.648,34.632,7.5,buy,2027-04-01,0.649,4.595,2842.05,33647.32,4.86,-14.61,,0,15:34:42,00,Y,N,0,0,Y,,2021-10-08 开始转股,计算使用0.7年期 评级为AA- 债参考YTM：1.7900,N,4.6,全价：127.000 最后更新：15:34:42,,,,1,{'M': ''},0,0,N,,,buy,buy
2026-08-07 08:34:13,118072,鼎通转债,dtzz,206.109,14.53,688668,鼎通科技,dtkj,247.9,6.85,15.28,246.0,100.77,145,104.53,310.64,730204,通信,shkc,C,2026-07-17,[],0,0,buy,A+,,172.2,319.8,2.7,buy,2032-06-23,5.882,9.3,299214.64,177329.43,158.26,-9.17,,0,15:00:00,00,Y,N,1,1,Y,转股价下修1次，成功下修1次,未到转股期；2026-12-30 开始转股,计算使用5.9年期 评级为A+ 债参考YTM：5.7027,N,9.3,全价：206.109 最后更新：15:00:00,,,,0,{'M': ''},0,0,N,,,buy,buy
2026-08-07 08:34:13,113634,珀莱转债,plzz,126.715,-0.74,603605,珀莱雅,bly,57.72,-0.31,3.57,94.27,61.23,0,106.95,233.67,770202,美容护理,shmb,C,2022-01-04,[],0,0,buy,AA,,65.989,122.551,3.3,buy,2027-12-08,1.337,7.507,2117.16,23421.9,2.22,-5.99,,0,14:59:53,00,Y,N,0,0,Y,,2022-06-14 开始转股,计算使用1.4年期 评级为AA 债参考YTM：1.6191,N,7.517,全价：126.715 最后更新：14:59:53,,,,1,{'M': ''},0,0,N,,,buy,buy
2026-08-07 08:34:13,113671,武进转债,wjzz,130.653,-0.57,603878,武进不锈,wjbx,4.94,-1.0,1.06,7.88,62.69,0,108.41,239.06,230403,钢铁,shmb,C,2023-08-03,[],0,0,buy,AA,,5.516,10.244,11.2,buy,2029-07-10,2.926,3.093,1600.77,6636.4,3.96,-4.82,,0,15:00:00,00,Y,N,0,0,Y,,2024-01-15 开始转股,计算使用3.0年期 评级为AA 债参考YTM：1.7598,N,3.1,全价：130.653 最后更新：15:00:00,,,,0,[],0,0,N,,,buy,buy
2026-08-07 08:34:13,118067,上26转债,s26zz,139.168,-1.57,688533,上声电子,ssdz,21.46,-0.74,1.95,32.25,66.54,48,109.14,248.31,280206,汽车,shkc,C,2026-04-14,[],0,0,buy,A+,,22.575,41.925,9.2,buy,2032-03-17,5.614,3.25,3657.03,1823.74,8.06,-2.95,,0,14:59:44,00,Y,N,0,0,Y,,未到转股期；2026-09-24 开始转股,计算使用5.7年期 评级为A+ 债参考YTM：5.5005,N,3.25,全价：139.168 最后更新：14:59:44,,,,0,{'M': ''},0,0,N,,,buy,buy
2026-08-07 08:34:13,118063,金05转债,j05zz,163.763,1.24,688676,金盘科技,jpkj,69.33,1.42,5.95,88.6,78.25,0,109.28,273.04,630801,电力设备,shkc,C,2026-01-14,[],0,0,buy,AA+,,62.02,115.18,5.2,buy,2031-12-25,5.386,16.708,6915.35,97784.01,2.54,-6.96,,0,14:59:55,00,Y,N,0,0,Y,,2026-07-01 开始转股,计算使用5.4年期 评级为AA+ 债参考YTM：1.8799,N,16.71,全价：163.763 最后更新：14:59:55,,,,0,{'M': ''},0,0,N,,,buy,buy
2026-08-07 08:34:13,118065,艾为转债,awzz,148.972,0.51,688798,艾为电子,awdz,56.22,0.7,3.04,79.4,70.81,0,110.39,259.36,270105,电子,shkc,C,2026-02-26,[],0,0,buy,AA+,,55.58,103.22,24.9,buy,2032-01-22,5.463,19.01,4377.79,17777.4,1.55,-5.08,,0,14:59:27,00,Y,N,0,0,Y,,2026-07-28 开始转股,计算使用5.5年期 评级为AA+ 债参考YTM：1.8951,N,19.01,全价：148.972 最后更新：14:59:27,,,,0,{'M': ''},0,0,N,,,buy,buy
2026-08-07 08:34:13,113703,翔26转债,x26zz,144.559,-0.89,603112,华翔股份,hxgf,15.04,-1.05,1.8,21.94,68.55,129,110.88,255.44,330601,家用电器,shmb,C,2026-07-07,[],0,0,buy,AA-,,15.358,28.522,16.2,buy,2032-06-07,5.838,13.01,3794.21,6363.44,2.02,-3.78,,0,14:59:57,00,Y,N,0,0,Y,,未到转股期；2026-12-14 开始转股,计算使用5.9年期 评级为AA- 债参考YTM：3.3528,N,13.01,全价：144.559 最后更新：14:59:57,,,,0,[],0,0,N,,,buy,buy
2026-08-07 08:34:13,123193,海能转债,hnzz,127.869,-0.31,300787,海能实业,hnsy,8.74,-0.34,1.61,14.5,60.28,0,112.14,240.01,270504,电子,szcy,C,2023-05-09,[],0,0,buy,AA-,,10.15,18.85,34.9,buy,2029-04-13,2.685,5.997,2068.2,2924.17,2.7,-2.84,,0,15:34:15,00,Y,N,0,0,Y,,2023-10-19 开始转股,计算使用2.7年期 评级为AA- 债参考YTM：2.1997,N,6.0,全价：127.869 最后更新：15:34:15,,,,0,[],0,0,N,,,buy,buy
2026-08-07 08:34:13,113701,祥和转债,xhzz,153.773,-1.41,603500,祥和实业,xhsy,9.64,0.63,2.91,13.37,72.1,33,113.27,267.04,640501,机械设备,shmb,C,2026-03-26,[],0,0,buy,A+,,9.359,17.381,12.5,buy,2032-03-02,5.573,4.0,13394.8,9635.66,21.58,-4.57,,0,14:59:59,00,Y,N,0,0,Y,,未到转股期；2026-09-09 开始转股,计算使用5.6年期 评级为A+ 债参考YTM：5.3754,N,4.0,全价：153.773 最后更新：14:59:59,,,,0,[],0,0,N,,,buy,buy
2026-08-07 08:34:13,123264,双乐转债,slzz,126.7,0.07,301036,双乐股份,slgf,21.59,0.79,1.27,36.4,59.31,0,113.61,240.31,220305,基础化工,szcy,C,2026-01-16,[],0,0,buy,AA-,,25.48,47.32,53.2,buy,2031-12-26,5.389,8.0,4740.26,2083.65,4.68,-2.02,,0,15:34:45,00,Y,N,0,0,Y,,2026-07-06 开始转股,计算使用5.4年期 评级为AA- 债参考YTM：2.7703,N,8.0,全价：126.700 最后更新：15:34:45,,,,0,"{'M': '', 'EX': '控股股东、实际控制人及其一致行动人大宗减持10.12% 2026年07月31日公告'}",0,0,N,,,buy,buy
2026-08-07 08:34:13,113625,江山转债,jszz,116.588,-0.35,603208,江山欧派,jsop,10.82,-1.46,1.82,19.84,54.54,0,113.78,230.37,360308,轻工制造,shmb,C,2021-07-01,[],0,0,buy,A,,13.888,25.792,30.6,buy,2027-06-11,0.844,5.825,2260.48,1641.49,3.33,1.44,,0,14:58:50,00,Y,N,1,1,Y,转股价下修1次，成功下修1次,2021-12-20 开始转股,计算使用0.9年期 评级为A 债参考YTM：6.5077,N,5.83,全价：116.588 最后更新：14:58:50,,,,1,[],0,0,N,,,buy,buy
2026-08-07 08:34:13,127085,韵达转债,ydzz,124.837,0.27,002120,韵达股份,ydgf,6.71,0.0,0.9,11.53,58.2,0,114.51,239.35,420804,交通运输,szmb,C,2023-05-23,[],0,0,buy,AA+,,8.071,14.989,13.0,buy,2029-04-11,2.68,24.499,4342.52,22292.69,1.42,-4.26,,0,15:34:42,00,Y,N,0,0,Y,,2023-10-17 开始转股,计算使用2.7年期 评级为AA+ 债参考YTM：1.6817,N,24.5,全价：124.837 最后更新：15:34:42,,,,0,{'M': ''},0,0,N,,,buy,buy
2026-08-07 08:34:13,123138,丝路转债,slzz,129.755,-0.41,300556,丝路视觉,slsj,16.04,-1.11,4.59,26.53,60.46,0,114.61,244.37,710401,计算机,szcy,C,2022-03-22,[],0,0,buy,A-,,18.571,34.489,13.7,buy,2028-03-02,1.57,2.393,1217.74,8021.32,3.92,-6.21,,0,15:34:51,00,Y,N,0,0,Y,,2022-09-08 开始转股,计算使用1.6年期 评级为A- 债参考YTM：8.9886,N,2.4,全价：129.755 最后更新：15:34:51,,,,0,[],0,0,Y,,,buy,buy
2026-08-07 08:34:13,118070,南芯转债,nxzz,176.977,-1.49,688484,南芯科技,nxkj,35.95,0.2,3.7,43.71,82.25,140,115.18,292.16,270105,电子,shkc,C,2026-07-10,[],0,0,buy,AA+,,30.597,56.823,10.3,buy,2032-06-17,5.866,15.869,27617.98,31661.57,9.75,-7.53,,0,14:59:58,00,Y,N,0,0,Y,,未到转股期；2026-12-25 开始转股,计算使用5.9年期 评级为AA+ 债参考YTM：1.9586,N,15.869,全价：176.977 最后更新：14:59:58,,,,0,{'M': ''},0,0,N,,,buy,buy
2026-08-07 08:34:13,123262,神宇转债,syzz,135.399,-0.04,300563,神宇股份,sygf,24.18,0.12,3.71,38.62,62.61,0,116.26,251.66,730205,通信,szcy,C,2025-12-30,[],0,0,buy,AA-,,27.034,50.206,15.8,buy,2031-12-11,5.348,4.999,3144.35,8466.12,4.65,-3.26,,0,15:34:42,00,Y,N,0,0,Y,,2026-06-17 开始转股,计算使用5.4年期 评级为AA- 债参考YTM：2.7703,N,5.0,全价：135.399 最后更新：15:34:42,,,,0,"{'M': '', 'EX': '实际控制人任女士汤先生竞价减持10.00% 2026年07月29日公告'}",0,0,N,,,buy,buy
2026-08-07 08:34:13,123113,仙乐转债,xlzz,116.035,-0.35,300791,仙乐健康,xljk,16.95,0.24,1.77,31.69,53.49,0,116.94,232.98,340407,食品饮料,szcy,C,2021-05-14,[],0,0,buy,AA-,,22.183,41.197,23.5,buy,2027-04-19,0.699,10.248,4176.55,2575.95,3.52,-3.74,,0,15:34:45,00,Y,N,0,0,Y,,2021-10-25 开始转股,计算使用0.7年期 评级为AA- 债参考YTM：1.7900,N,10.249,全价：116.035 最后更新：15:34:45,,,,0,[],0,0,N,,,buy,buy
2026-08-07 08:34:13,113702,斯达转债,sdzz,184.797,1.23,603290,斯达半导,sdbd,88.53,2.52,3.04,104.79,84.48,76,118.74,303.54,270102,电子,shmb,C,2026-05-11,[],0,0,buy,AA+,,73.353,136.227,7.1,buy,2032-04-15,5.693,15.0,29070.88,73779.12,10.5,-8.57,,0,14:59:58,00,Y,N,0,0,Y,,未到转股期；2026-10-22 开始转股,计算使用5.7年期 评级为AA+ 债参考YTM：1.9271,N,15.0,全价：184.797 最后更新：14:59:58,,,,0,{'M': ''},0,0,N,,,buy,buy
2026-08-07 08:34:13,123196,正元转02,zyz02,129.232,-0.44,300645,正元智慧,zyzh,12.93,-1.6,1.66,21.91,59.01,0,118.98,248.21,710103,计算机,szcy,C,2023-05-19,[],0,0,buy,A+,,15.337,28.483,19.4,buy,2029-04-18,2.699,3.501,2364.6,6836.78,5.22,-3.27,,0,15:34:06,00,Y,N,2,1,Y,转股价下修2次，成功下修1次,2023-10-24 开始转股,计算使用2.7年期 评级为A+ 债参考YTM：4.5460,N,3.507,全价：129.232 最后更新：15:34:06,,,,0,[],0,0,N,,,buy,buy
2026-08-07 08:34:13,113666,爱玛转债,amzz,124.284,-0.83,603529,爱玛科技,amkj,20.91,-0.62,1.77,37.06,56.42,0,120.28,244.56,280401,汽车,shmb,C,2023-03-20,[],0,0,buy,AA,,25.942,48.178,11.3,buy,2029-02-23,2.551,19.994,3589.56,9953.38,1.44,-3.62,,0,14:58:59,00,Y,N,0,0,Y,,2023-09-01 开始转股,计算使用2.6年期 评级为AA 债参考YTM：1.7486,N,20.0,全价：124.284 最后更新：14:58:59,,,,0,{'M': ''},0,0,N,,,buy,buy
2026-08-07 08:34:13,113679,芯能转债,xnzz,127.574,-0.56,603105,芯能科技,xnkj,7.2,0.14,1.58,12.55,57.37,0,122.37,249.94,410106,公用事业,shmb,C,2023-11-24,[],0,0,buy,AA-,,8.785,16.315,24.4,buy,2029-10-26,3.222,8.799,1853.81,5255.64,1.65,-2.05,,0,14:59:23,00,Y,N,0,0,Y,,2024-05-06 开始转股,计算使用3.3年期 评级为AA- 债参考YTM：2.3210,N,8.8,全价：127.574 最后更新：14:59:23,,,,0,{'M': ''},0,0,N,,,buy,buy
2026-08-07 08:34:13,118069,爱科转债,akzz,174.091,-2.51,688092,爱科科技,akkj,22.22,0.09,2.76,28.53,77.88,132,123.53,297.62,640209,机械设备,shkc,C,2026-07-09,[],0,0,buy,AA-,,19.971,37.089,14.5,buy,2032-06-10,5.847,2.67,11541.47,1446.9,24.74,-6.58,,0,15:00:00,00,Y,N,0,0,Y,,未到转股期；2026-12-17 开始转股,计算使用5.9年期 评级为AA- 债参考YTM：3.3528,N,2.67,全价：174.091 最后更新：15:00:00,,,,0,{'M': ''},0,0,N,,,buy,buy
2026-08-07 08:34:13,123175,百畅转债,bczz,116.999,0.09,300614,百川畅银,bccy,10.46,-0.1,1.89,20.4,51.28,0,128.18,245.18,760103,环保,szcy,C,2023-03-17,[],0,0,buy,BBB+,,14.28,26.52,25.0,buy,2029-02-22,2.548,4.199,1232.4,2615.25,2.52,-0.24,,0,15:33:57,00,Y,N,2,2,Y,转股价下修2次，成功下修2次,2023-08-28 开始转股,计算使用2.6年期 评级为BBB+ 债参考YTM：12.3816,N,4.2,全价：116.999 最后更新：15:33:57,,,,0,{'M': ''},0,0,N,,,buy,buy
2026-08-07 08:34:13,123260,卓镁转债,zmzz,149.826,-0.51,301398,星源卓镁,xyzm,34.19,-0.47,3.43,52.15,65.56,0,128.53,278.36,280202,汽车,szcy,C,2025-11-24,[],0,0,buy,A+,,36.505,67.795,12.1,buy,2031-11-07,5.255,4.499,3204.63,6531.93,4.76,-4.37,,0,15:34:39,00,Y,N,0,0,Y,,2026-05-13 开始转股,计算使用5.3年期 评级为A+ 债参考YTM：5.0043,N,4.5,全价：149.826 最后更新：15:34:39,,,,0,{'M': ''},0,0,N,,,buy,buy
2026-08-07 08:34:13,118068,迪威转债,dwzz,144.236,0.13,688377,迪威尔,dwe,20.5,0.2,2.5,32.49,63.1,125,128.6,272.84,640203,机械设备,shkc,C,2026-06-30,[],0,0,buy,AA-,,22.743,42.237,19.0,buy,2032-06-03,5.827,9.08,5000.48,4827.15,3.83,-4.05,,0,14:59:54,00,Y,N,0,0,Y,,未到转股期；2026-12-10 开始转股,计算使用5.9年期 评级为AA- 债参考YTM：3.3528,N,9.08,全价：144.236 最后更新：14:59:54,,,,0,{'M': ''},0,0,N,,,buy,buy
2026-08-07 08:34:13,113700,海天转债,htzz,133.284,-0.39,603759,海天股份,htgf,7.22,-0.55,1.14,12.41,58.18,4,129.09,262.37,760102,环保,shmb,C,2026-03-12,[],0,0,buy,AA,,8.687,16.133,24.0,buy,2032-02-05,5.501,8.01,1086.4,2527.54,1.02,-2.91,,0,14:58:47,00,Y,N,0,0,Y,,未到转股期；2026-08-11 开始转股,计算使用5.6年期 评级为AA 债参考YTM：2.0815,N,8.01,全价：133.284 最后更新：14:58:47,,,,0,[],0,0,N,,,buy,buy
2026-08-07 08:34:13,118071,华峰转债,hfzz,279.552,5.0,688200,华峰测控,hfck,408.47,3.37,19.58,335.86,121.62,144,129.86,409.41,270108,电子,shkc,C,2026-07-17,[],0,0,buy,AA,,235.102,436.618,0.9,buy,2032-06-22,5.88,7.49,236037.02,185930.47,114.86,-14.33,,0,15:00:00,00,Y,N,0,0,Y,,未到转股期；2026-12-29 开始转股,计算使用5.9年期 评级为AA 债参考YTM：2.1834,N,7.49,全价：279.552 最后更新：15:00:00,,,,0,{'M': ''},0,0,N,,,buy,buy
2026-08-07 08:34:13,123274,维科转债,wkzz,159.5,-2.37,301499,维科精密,wkjm,24.42,0.45,2.58,35.62,68.56,150,132.65,292.15,280206,汽车,szcy,C,2026-07-10,[],0,0,buy,A+,,24.934,46.306,18.7,buy,2032-06-25,5.888,6.3,11440.63,4468.56,11.36,-5.07,,0,15:34:18,00,Y,N,0,0,Y,,未到转股期；2027-01-04 开始转股,计算使用5.9年期 评级为A+ 债参考YTM：5.7027,N,6.3,全价：159.500 最后更新：15:34:18,,,,0,{'M': ''},0,0,N,,,buy,buy
2026-08-07 08:34:13,111009,盛泰转债,stzz,126.029,-0.68,605138,盛泰集团,stjt,5.68,-0.18,1.22,10.51,54.04,0,133.2,259.23,350209,纺织服饰,shmb,C,2022-12-01,[],0,0,buy,AA,,7.357,13.663,22.2,buy,2028-11-07,2.255,7.011,1040.07,2107.33,1.18,-4.7,,0,14:58:54,00,Y,N,0,0,Y,,2023-05-11 开始转股,计算使用2.3年期 评级为AA 债参考YTM：1.7383,N,7.012,全价：126.029 最后更新：14:58:54,,,,0,[],0,0,N,,,buy,buy
2026-08-07 08:34:13,127062,垒知转债,lzzz,126.638,-0.08,002398,垒知集团,lzjt,4.09,0.25,0.76,7.56,54.1,0,134.08,260.72,610303,建筑材料,szmb,C,2022-05-20,[],0,0,buy,AA-,,5.292,9.828,16.1,buy,2028-04-21,1.707,3.957,4702.38,14417.17,9.36,-4.58,,0,15:34:33,00,Y,N,0,0,Y,,2022-10-27 开始转股,计算使用1.8年期 评级为AA- 债参考YTM：1.9971,N,3.963,全价：126.638 最后更新：15:34:33,,,,0,[],0,0,N,,,buy,buy
2026-08-07 08:34:13,123090,三诺转债,snzz,111.765,-0.04,300298,三诺生物,snsw,16.35,1.18,2.95,34.52,47.36,0,135.97,247.74,370502,医药生物,szcy,C,2021-01-12,[],0,0,buy,AA,,24.164,44.876,6.8,buy,2026-12-21,0.373,4.984,1634.13,11129.72,2.93,0.56,,0,15:34:39,00,Y,N,0,0,Y,,2021-06-25 开始转股,计算使用0.4年期 评级为AA 债参考YTM：1.5452,N,5.0,全价：111.765 最后更新：15:34:39,,,,0,{'M': ''},0,0,N,,,buy,buy
2026-08-07 08:34:13,118020,芳源转债,fyzz,125.739,0.02,688148,芳源股份,fygf,7.42,4.36,6.9,14.0,53.0,0,137.24,262.98,630702,电力设备,shkc,C,2022-11-07,[],0,0,buy,BBB,,9.8,18.2,17.0,buy,2028-09-23,2.132,6.417,3702.74,14079.54,4.59,0.1,,0,14:59:48,00,Y,N,2,1,Y,转股价下修2次，成功下修1次,2023-03-29 开始转股,计算使用2.2年期 评级为BBB 债参考YTM：15.3863,Y,6.42,全价：125.739 最后更新：14:59:48,,,"按下调到底估算
股东大会：2026-08-12
预估转股价：7.27
预估转股价值：102.06
期权价值：41.86
理论价值：135.79
理论偏离度：-7.99%",0,"{'M': '', 'EX': '北京高熵资产管理有限公司竞价减持10.52% 2026年07月30日公告'}",0,0,N,,,buy,buy
2026-08-07 08:34:13,113693,志邦转债,zbzz,124.279,-0.75,603801,志邦家居,zbjj,5.77,-2.37,0.78,11.13,51.84,0,139.73,264.01,360308,轻工制造,shmb,C,2025-04-08,[],0,0,buy,AA,,7.791,14.469,26.7,buy,2031-03-18,4.614,6.7,2395.31,3832.32,2.86,-1.83,,0,14:59:59,00,Y,N,0,0,Y,,2025-09-24 开始转股,计算使用4.7年期 评级为AA 债参考YTM：1.9206,N,6.7,全价：124.279 最后更新：14:59:59,,,,0,[],0,0,N,,,buy,buy
2026-08-07 08:34:13,111014,李子转债,lzzz,125.55,-0.38,605337,李子园,lzy,9.47,0.21,2.17,18.14,52.21,0,140.49,266.04,340701,食品饮料,shmb,C,2023-07-13,[],0,0,buy,AA,,12.698,23.582,16.2,buy,2029-06-20,2.871,5.999,1318.1,5331.19,1.75,-2.96,,0,14:58:46,00,Y,N,0,0,Y,,2023-12-28 开始转股,计算使用2.9年期 评级为AA 债参考YTM：1.7557,N,6.0,全价：125.550 最后更新：14:58:46,,,,0,[],0,0,N,,,buy,buy
2026-08-07 08:34:13,118022,锂科转债,lkzz,123.972,0.1,688779,五矿新能,wkxn,7.89,0.64,2.07,15.49,50.94,0,143.39,267.36,630702,电力设备,shkc,C,2022-11-07,[],0,0,buy,AA,,10.843,20.137,21.3,buy,2028-10-11,2.181,32.497,3470.46,20687.47,0.86,-4.13,,0,14:59:01,00,Y,N,0,0,Y,,2023-04-17 开始转股,计算使用2.2年期 评级为AA 债参考YTM：1.7316,N,32.5,全价：123.972 最后更新：14:59:01,,,,0,{'M': ''},0,0,N,,,buy,buy
2026-08-07 08:34:13,113638,台21转债,t21zz,124.825,-1.0,603055,台华新材,thxc,8.2,-1.8,1.34,16.01,51.22,0,143.71,268.54,350106,纺织服饰,shmb,C,2022-01-21,[],0,0,buy,AA,,11.207,20.813,8.2,buy,2027-12-29,1.395,5.997,2985.77,4668.66,3.98,-6.5,,0,14:59:59,00,Y,N,0,0,Y,,2022-07-05 开始转股,计算使用1.4年期 评级为AA 债参考YTM：1.6191,N,6.0,全价：124.825 最后更新：14:59:59,,,,0,{'M': ''},0,0,N,,,buy,buy
2026-08-07 08:34:13,127044,蒙娜转债,mnzz,122.949,-0.43,002918,蒙娜丽莎,mnls,9.78,0.2,1.22,19.76,49.49,0,148.41,271.36,360306,轻工制造,szmb,C,2021-09-16,[],0,0,buy,AA-,,13.832,25.688,16.1,buy,2027-08-16,1.025,3.368,3230.94,14250.54,7.79,-7.37,,0,15:34:45,00,Y,N,1,1,Y,转股价下修1次，成功下修1次,2022-02-21 开始转股,计算使用1.1年期 评级为AA- 债参考YTM：1.8486,N,11.689,全价：122.949 最后更新：15:34:45,,,,0,[],0,0,N,,,buy,buy
2026-08-07 08:34:13,118015,芯海转债,xhzz,131.856,-0.1,688595,芯海科技,xhkj,28.68,1.38,5.8,55.22,51.94,0,153.87,285.73,270104,电子,shkc,C,2022-08-18,[],0,0,buy,A+,,38.654,71.786,9.9,buy,2028-07-21,1.956,4.1,1240.36,11125.03,2.3,-5.83,,0,14:59:54,00,Y,N,0,0,Y,,2023-01-30 开始转股,计算使用2.0年期 评级为A+ 债参考YTM：4.3803,N,4.1,全价：131.856 最后更新：14:59:54,,,,1,{'M': ''},0,0,N,,,buy,buy
2026-08-07 08:34:13,113650,博22转债,b22zz,127.446,0.01,603916,苏博特,sbt,11.6,7.01,1.12,23.27,49.85,0,155.66,283.11,220309,基础化工,shmb,C,2022-07-28,[],0,0,buy,AA-,,16.289,30.251,16.4,buy,2028-07-01,1.901,7.996,10154.32,28336.73,9.94,-4.44,,0,14:59:53,00,Y,N,0,0,Y,,2023-01-09 开始转股,计算使用2.0年期 评级为AA- 债参考YTM：2.0403,N,8.0,全价：127.446 最后更新：14:59:53,,,,1,{'M': ''},0,0,N,,,buy,buy
2026-08-07 08:34:13,118042,奥维转债,awzz,130.424,-0.29,688516,奥特维,atw,42.46,3.86,3.49,83.69,50.74,0,157.07,287.49,630505,电力设备,shkc,C,2023-09-01,[],0,0,buy,AA-,,58.583,108.797,8.5,buy,2029-08-10,3.011,11.399,3748.88,41028.11,2.52,-2.98,,0,14:59:54,00,Y,N,0,0,Y,,2024-02-19 开始转股,计算使用3.1年期 评级为AA- 债参考YTM：2.2906,N,11.4,全价：130.424 最后更新：14:59:54,,,,0,{'M': ''},0,0,N,,,buy,buy
2026-08-07 08:34:13,118066,统联转债,tlzz,135.221,-0.65,688210,统联精密,tljm,28.27,3.1,3.52,56.2,50.3,30,168.82,304.04,270504,电子,shkc,C,2026-03-20,[],0,0,buy,AA-,,39.34,73.06,12.5,buy,2032-03-02,5.573,5.76,2230.76,10513.68,2.86,-3.1,,0,14:59:25,00,Y,N,0,0,Y,,未到转股期；2026-09-06 开始转股,计算使用5.6年期 评级为AA- 债参考YTM：3.0263,N,5.76,全价：135.221 最后更新：14:59:25,,,,0,{'M': ''},0,0,N,,,buy,buy
2026-08-07 08:34:13,113049,长汽转债,cqzz,108.514,0.02,601633,长城汽车,ccqc,15.58,-0.89,1.51,38.83,40.12,0,170.45,278.96,280502,汽车,shmb,C,2021-07-08,[],0,0,buy,AAA,,27.181,50.479,3.6,buy,2027-06-10,0.841,34.95,4365.12,28013.61,1.15,-1.66,,0,14:58:59,00,Y,N,0,0,Y,,2021-12-17 开始转股,计算使用0.9年期 评级为AAA 债参考YTM：1.5100,N,35.0,全价：108.514 最后更新：14:58:59,,,,1,{'M': ''},0,0,N,,,buy,buy
2026-08-07 08:34:13,123117,健帆转债,jfzz,117.0,-0.66,300529,健帆生物,jfsw,16.38,-8.08,3.54,38.15,42.94,0,172.5,289.5,370503,医药生物,szcy,C,2021-07-12,[],0,0,buy,AA,,26.705,49.595,11.9,buy,2027-06-23,0.877,9.998,3501.73,46013.37,3.0,-6.85,,0,15:34:45,00,Y,N,2,2,N,"转股价下修2次，成功下修2次
2026-08-07 至 2026-08-13 期间暂停转股：回售
转股价38.150生效日期2026-06-01",2021-12-29 开始转股;2026-08-07 至 2026-08-13 期间暂停转股：回售,计算使用0.9年期 评级为AA 债参考YTM：1.5607,N,10.0,全价：117.000 最后更新：15:34:45,,,,0,{'M': ''},0,0,Y,,,buy,buy
2026-08-07 08:34:13,127098,欧晶转债,ojzz,125.795,-0.68,001269,欧晶科技,ojkj,19.26,-0.16,4.86,42.0,45.86,0,174.32,300.12,630504,电力设备,szmb,C,2023-12-15,[],0,0,buy,A+,,29.4,54.6,12.7,buy,2029-11-24,3.301,4.693,2512.98,4748.08,4.26,-2.45,,0,15:34:33,00,Y,N,1,1,Y,转股价下修1次，成功下修1次,2024-05-30 开始转股,计算使用3.4年期 评级为A+ 债参考YTM：4.6861,N,4.7,全价：125.795 最后更新：15:34:33,,,,0,[],0,0,N,,,buy,buy
2026-08-07 08:34:13,123180,浙矿转债,zkzz,132.281,-0.36,300837,浙矿股份,zkgf,22.91,0.66,1.57,47.59,48.14,0,174.78,307.06,640203,机械设备,szcy,C,2023-03-28,[],0,0,buy,AA-,,33.313,61.867,18.5,buy,2029-03-09,2.589,3.197,1087.32,3535.49,2.57,-4.23,,0,15:34:09,00,Y,N,0,0,Y,,2023-09-15 开始转股,计算使用2.6年期 评级为AA- 债参考YTM：2.1760,N,3.2,全价：132.281 最后更新：15:34:09,,,,0,[],0,0,N,,,buy,buy
2026-08-07 08:34:13,111025,圣泉转债,sqzz,169.037,5.57,605589,圣泉集团,sqjt,42.38,7.21,3.29,70.8,59.86,147,182.39,351.43,220504,基础化工,shmb,C,2026-07-21,[],0,0,buy,AA+,,49.56,92.04,7.0,buy,2032-06-24,5.885,25.0,112390.5,211145.43,26.75,-6.89,,0,14:59:59,00,Y,N,1,0,Y,转股价下修1次，成功下修0次,未到转股期；2027-01-01 开始转股,计算使用5.9年期 评级为AA+ 债参考YTM：1.9586,N,25.0,全价：169.037 最后更新：14:59:59,,,,0,{'M': ''},0,0,N,,,buy,buy
2026-08-07 08:34:13,123250,嘉益转债,jyzz,127.999,-0.06,301004,嘉益股份,jygf,35.37,-1.75,2.78,79.66,44.4,0,188.28,316.28,360311,轻工制造,szcy,C,2024-11-26,[],0,0,buy,A+,,55.762,103.558,8.2,buy,2030-11-07,4.255,3.955,883.24,2722.62,1.75,-1.79,,0,15:34:18,00,Y,N,0,0,Y,,2025-05-13 开始转股,计算使用4.3年期 评级为A+ 债参考YTM：4.7733,N,3.979,全价：127.999 最后更新：15:34:18,,,,0,{'M': ''},0,0,N,,,buy,buy
2026-08-07 08:34:13,123151,康医转债,kyzz,121.694,0.32,300869,康泰医学,ktyx,11.41,2.52,2.66,27.55,41.42,0,193.84,315.53,370502,医药生物,szcy,C,2022-07-20,[],0,0,buy,A+,,19.285,35.815,23.3,buy,2028-07-01,1.901,6.998,2479.39,5449.51,2.92,-1.85,,0,15:34:51,00,Y,N,0,0,Y,,2023-01-09 开始转股,计算使用2.0年期 评级为A+ 债参考YTM：4.3803,N,7.0,全价：121.694 最后更新：15:34:51,,,,1,{'M': ''},0,0,N,,,buy,buy
2026-08-07 08:34:13,110085,通22转债,t22zz,118.15,0.49,600438,通威股份,twgf,13.08,6.26,1.62,34.6,37.8,0,212.54,330.69,630501,电力设备,shmb,C,2022-03-18,[],0,0,buy,AAA,,24.22,44.98,20.3,buy,2028-02-24,1.551,119.831,10903.49,197941.95,0.77,-4.11,,0,14:59:47,00,Y,N,0,0,Y,,2022-09-02 开始转股,计算使用1.6年期 评级为AAA 债参考YTM：1.5596,N,120.0,全价：118.150 最后更新：14:59:47,,,,0,{'M': ''},0,0,N,,,buy,buy
2026-08-07 08:34:13,113660,寿22转债,s22zz,126.0,-0.35,603896,寿仙谷,sxg,14.71,0.82,1.27,36.84,39.93,0,215.56,341.56,370201,医药生物,shmb,C,2022-12-12,[],0,0,buy,AA-,,25.788,47.892,13.6,buy,2028-11-17,2.282,3.977,756.52,2688.74,1.51,-3.81,,0,14:58:46,00,Y,N,0,0,Y,,2023-05-23 开始转股,计算使用2.3年期 评级为AA- 债参考YTM：2.1061,N,3.98,全价：126.000 最后更新：14:58:46,,,,0,[],0,0,N,,,buy,buy
2026-08-07 08:34:13,113670,金23转债,j23zz,124.224,-0.81,603180,金牌家居,jpjj,14.76,-1.14,0.83,37.54,39.32,0,215.95,340.17,360308,轻工制造,shmb,C,2023-05-16,[],0,0,buy,AA,,26.278,48.802,33.8,buy,2029-04-17,2.696,7.7,1868.78,1521.39,1.95,-1.83,,0,14:59:19,00,Y,N,0,0,Y,,2023-10-23 开始转股,计算使用2.7年期 评级为AA 债参考YTM：1.7506,N,7.7,全价：124.224 最后更新：14:59:19,,,,0,[],0,0,N,,,buy,buy
2026-08-07 08:34:13,128135,洽洽转债,qqzz,114.65,0.0,002557,洽洽食品,qqsp,19.36,-0.77,1.77,54.95,35.23,0,225.41,340.06,340801,食品饮料,szmb,C,2020-11-18,[],0,0,buy,AA,,38.465,71.435,13.7,buy,2026-10-20,0.203,13.398,2861.32,18029.07,1.86,1.53,,0,15:33:54,00,Y,N,0,0,Y,,2021-04-26 开始转股,计算使用0.3年期 评级为AA 债参考YTM：1.5333,N,13.4,全价：114.650 最后更新：15:33:54,,,,1,{'M': ''},0,0,N,,,buy,buy
2026-08-07 08:34:13,123267,珂玛转债,kmzz,338.0,-1.46,301611,珂玛科技,kmkj,100.94,5.62,24.05,97.47,103.56,76,226.38,564.38,270103,电子,szcy,C,2026-05-13,[],0,0,buy,AA,,68.229,126.711,5.1,buy,2032-04-15,5.693,7.5,89791.22,123888.02,34.97,-17.58,,0,15:34:48,00,Y,N,0,0,Y,,未到转股期；2026-10-22 开始转股,计算使用5.7年期 评级为AA 债参考YTM：2.1163,N,7.5,全价：338.000 最后更新：15:34:48,,,,0,{'M': ''},0,0,N,,,buy,buy
2026-08-07 08:34:13,118032,建龙转债,jlzz,125.918,-0.48,688357,建龙微纳,jlwn,26.79,-0.89,1.44,71.41,37.52,0,235.64,361.56,220309,基础化工,shkc,C,2023-04-07,[],0,0,buy,AA-,,49.987,92.833,26.1,buy,2029-03-08,2.586,6.999,1019.39,1964.4,1.16,-2.36,,0,14:58:52,00,Y,N,0,0,Y,,2023-09-14 开始转股,计算使用2.6年期 评级为AA- 债参考YTM：2.1760,N,7.0,全价：125.918 最后更新：14:58:52,,,,0,{'M': ''},0,0,N,,,buy,buy
2026-08-07 08:34:13,113633,科沃转债,kwzz,120.978,-0.43,603486,科沃斯,kws,57.92,-0.82,3.57,172.97,33.49,0,261.28,382.26,330302,家用电器,shmb,C,2021-12-29,[],0,0,buy,AA,,121.079,224.861,3.1,buy,2027-11-30,1.315,10.396,1345.34,34820.92,1.07,-5.9,,0,14:59:04,00,Y,N,0,0,Y,,2022-06-06 开始转股,计算使用1.4年期 评级为AA 债参考YTM：1.6191,N,10.4,全价：120.978 最后更新：14:59:04,,,,0,{'M': ''},0,0,N,,,buy,buy
2026-08-07 08:34:13,118010,洁特转债,jtzz,125.818,-0.02,688026,洁特生物,jtsw,16.54,7.68,1.95,47.88,34.55,0,264.22,390.04,370503,医药生物,shkc,C,2022-08-02,[],0,0,buy,A+,,33.516,62.244,19.0,buy,2028-06-28,1.893,4.399,5205.92,18729.61,9.4,-6.11,,0,14:59:13,00,Y,N,0,0,Y,,2023-01-04 开始转股,计算使用1.9年期 评级为A+ 债参考YTM：4.3586,N,4.4,全价：125.818 最后更新：14:59:13,,,,1,{'M': ''},0,0,N,,,buy,buy
2026-08-07 08:34:13,118005,天奈转债,tnzz,125.53,0.31,688116,天奈科技,tnkj,33.5,0.12,3.19,99.01,33.84,0,271.01,396.54,630702,电力设备,shkc,C,2022-03-01,[],0,0,buy,AA-,,69.307,128.713,6.8,buy,2028-01-27,1.474,8.299,2088.33,20810.58,2.01,-7.65,,0,14:59:48,00,Y,N,0,0,Y,,2022-08-09 开始转股,计算使用1.5年期 评级为AA- 债参考YTM：1.9303,N,8.3,全价：125.530 最后更新：14:59:48,,,,0,{'M': ''},0,0,N,,,buy,buy
2026-08-07 08:34:13,127025,冀东转债,jdzz,105.593,-0.04,000401,金隅冀东,jyjd,3.58,-1.38,0.36,12.92,27.71,0,281.08,386.67,610101,建筑材料,szmb,C,2020-12-02,[],0,0,buy,AAA,,9.044,16.796,18.9,buy,2026-11-05,0.247,17.764,7788.28,3779.43,4.15,1.58,,0,15:34:33,00,Y,Y,0,0,Y,,2021-05-11 开始转股,计算使用0.3年期 评级为AAA 债参考YTM：1.4945,N,28.2,全价：105.593 最后更新：15:34:33,,,,0,{'M': ''},0,0,N,,,buy,buy
2026-08-07 08:34:13,123072,乐歌转债,lgzz,119.818,-0.03,300729,乐歌股份,lggf,10.16,-0.39,0.94,32.61,31.16,0,284.57,404.39,360311,轻工制造,szcy,C,2020-11-10,[],0,0,buy,A+,,22.827,42.393,4.3,buy,2026-10-21,0.206,1.418,1019.34,2422.15,6.0,0.75,,0,15:34:39,00,Y,N,0,0,Y,,2021-04-27 开始转股,计算使用0.3年期 评级为A+ 债参考YTM：4.0839,N,1.42,全价：119.818 最后更新：15:34:39,,,,0,[],0,0,N,,,buy,buy
2026-08-07 08:34:13,123270,盛德转债,sdzz,255.0,-3.74,300881,盛德鑫泰,sdxt,33.09,-2.33,2.94,53.68,61.64,122,313.67,568.67,230501,钢铁,szcy,C,2026-06-12,[],0,0,buy,A+,,37.576,69.784,21.3,buy,2032-05-31,5.819,4.05,33440.89,6244.97,31.9,-12.56,,0,15:34:15,00,Y,N,0,0,Y,,未到转股期；2026-12-07 开始转股,计算使用5.9年期 评级为A+ 债参考YTM：5.7027,N,4.05,全价：255.000 最后更新：15:34:15,,,,0,{'M': ''},0,0,N,,,buy,buy
2026-08-07 08:34:13,123273,三江转债,sjzz,327.459,-3.35,301059,金三江,jsj,11.31,0.44,3.99,14.43,78.38,139,317.79,645.25,220309,基础化工,szcy,C,2026-07-03,[],0,0,buy,A+,,10.101,18.759,12.4,buy,2032-06-16,5.863,2.9,118857.46,2708.86,121.96,-16.04,,0,15:34:33,00,Y,N,0,0,Y,,未到转股期；2026-12-24 开始转股,计算使用5.9年期 评级为A+ 债参考YTM：5.7027,N,2.9,全价：327.459 最后更新：15:34:33,,,,0,{'M': ''},0,0,N,,,buy,buy
2026-08-07 08:34:13,113059,福莱转债,flzz,122.94,-0.14,601865,福莱特,flt,11.75,10.02,1.22,41.56,28.27,0,334.84,457.78,630504,电力设备,shmb,C,2022-06-13,[],0,0,buy,AA,,29.092,54.028,17.9,buy,2028-05-20,1.786,39.999,17536.67,56115.38,3.54,-4.28,,0,14:59:57,00,Y,N,1,0,Y,转股价下修1次，成功下修0次,2022-11-28 开始转股,计算使用1.8年期 评级为AA 债参考YTM：1.6807,N,40.0,全价：122.940 最后更新：14:59:57,,,,0,{'M': ''},0,0,N,,,buy,buy
2026-08-07 08:34:13,123179,立高转债,lgzz,123.878,-0.14,300973,立高食品,lgsp,24.84,-0.16,1.54,94.64,26.25,0,371.97,495.85,340802,食品饮料,szcy,C,2023-03-27,[],0,0,buy,AA-,,66.248,123.032,32.3,buy,2029-03-07,2.584,9.499,2105.01,5950.59,1.79,-1.64,,0,15:34:00,00,Y,N,0,0,Y,,2023-09-13 开始转股,计算使用2.6年期 评级为AA- 债参考YTM：2.1760,N,9.5,全价：123.878 最后更新：15:34:00,,,,0,{'M': ''},0,0,N,,,buy,buy
