抓取时间,bond_id,bond_nm,bond_py,price,increase_rt,stock_id,stock_nm,stock_py,sprice,sincrease_rt,pb,convert_price,convert_value,convert_begin,premium_rt,dblow,sw_cd,sw_name,market_cd,btype,list_dt,t_flag,owned,hold,bond_value,rating_cd,option_value,put_convert_price,force_redeem_price,convert_amt_ratio,fund_rt,maturity_dt,year_left,curr_iss_amt,volume,svolume,turnover_rt,ytm_rt,put_ytm_rt,noted,last_time,qstatus,sqflag,pb_flag,adj_cnt,adj_scnt,convert_price_valid,convert_price_tips,convert_cd_tip,ref_yield_info,adjusted,orig_iss_amt,price_tips,redeem_dt,real_force_redeem_price,option_tip,after_next_put_dt,icons,is_min_price,blocked,putting,force_redeem_price_tip,notes,volatility_rate,debt_rate
2026-07-13 10:38:41,118071,华峰转债,hfzz,100.0,0.0,688200,华峰测控,hfck,489.0,-3.17,23.41,336.12,145.48,169,-31.26,68.74,270108,电子,shkc,C,,[],0,0,buy,AA,,235.284,436.956,0.8,buy,2032-06-22,5.948,7.49,0.0,311231.54,0.0,2.18,,0,,00,Y,N,0,0,Y,,未到转股期；2026-12-29 开始转股,计算使用6.0年期 评级为AA 债参考YTM：2.2216,N,7.49,待上市,,,,0,{'M': ''},0,0,N,,,buy,buy
2026-07-13 10:38:41,123251,华医转债,hyzz,232.425,-8.89,301235,华康洁净,hkjj,52.01,-7.91,3.11,22.24,233.86,0,-0.61,231.82,370502,医药生物,szcy,C,2025-01-09,[],0,0,buy,A+,,15.568,28.912,10.1,buy,2030-12-23,,4.417,79669.77,41532.48,74.27,,,0,15:33:57,00,Y,N,0,0,Y,,2025-06-27 开始转股,强赎登记日2026-07-23，赎回价格100.2400元，如不考虑强赎纯债价值为97.29元，计算使用4.5年期 评级为A+ 债参考YTM：4.8584,N,7.5,全价：232.425 最后更新：15:33:57,2026-07-23,100.2400,如不考虑强赎期权价值为177.29元,0,"{'R': '最后交易日 2026年7月23日\r\n最后转股日 2026年7月28日\r\n赎回价 100.24元/张', 'M': ''}",0,0,N,,,buy,buy
2026-07-13 10:38:41,110077,洪城转债,hczz,208.926,1.99,600461,洪城环境,hchj,9.25,2.89,1.15,4.41,209.75,0,-0.39,208.54,760102,环保,shmb,C,2020-12-17,[],0,0,buy,AA+,,3.087,5.733,5.6,buy,2026-11-20,0.356,6.669,18736.27,13281.06,13.44,-133.98,,0,14:59:56,00,Y,N,0,0,Y,,2021-05-26 开始转股,计算使用0.4年期 评级为AA+ 债参考YTM：1.5001,N,18.0,全价：208.926 最后更新：14:59:56,,,,1,{'M': ''},0,0,N,,,buy,buy
2026-07-13 10:38:41,113632,鹤21转债,h21zz,115.436,-0.83,603733,仙鹤股份,xhgf,21.15,-1.03,1.71,18.29,115.64,0,-0.17,115.27,360103,轻工制造,shmb,C,2021-12-09,[],0,0,buy,AA,,12.803,23.777,6.6,buy,2027-11-17,,10.586,24522.29,24093.7,20.08,,,0,15:00:00,00,Y,N,2,2,Y,转股价下修2次，成功下修2次,2022-05-23 开始转股,强赎登记日2026-07-21，赎回价格101.2427元，如不考虑强赎纯债价值为111.39元，计算使用1.4年期 评级为AA 债参考YTM：1.6241,N,20.5,全价：115.436 最后更新：15:00:00,2026-07-21,101.2427,如不考虑强赎期权价值为28.34元,1,"{'R': '最后交易日 2026年7月21日\r\n最后转股日 2026年7月24日\r\n赎回价 101.2427元/张', 'M': ''}",0,0,N,,,buy,buy
2026-07-13 10:38:41,113624,正川转债,zczz,126.477,-4.76,603976,正川股份,zcgf,25.05,-5.79,3.2,19.78,126.64,0,-0.13,126.35,370503,医药生物,shmb,C,2021-06-01,[],0,0,buy,A+,,13.846,25.714,6.5,buy,2027-04-28,0.792,2.592,17777.74,15594.27,53.3,-11.5,,0,15:00:00,00,Y,N,1,1,Y,转股价下修1次，成功下修1次,2021-11-08 开始转股,已公告要强赎，如不考虑强赎纯债价值为111.34元，计算使用0.8年期 评级为A+ 债参考YTM：4.1665,N,4.05,全价：126.477 最后更新：15:00:00,,,如不考虑强赎期权价值为34.48元,1,{'O': ''},0,0,N,,,buy,buy
2026-07-13 10:38:41,110074,精达转债,jdzz,242.013,-8.38,600577,精达股份,jdgf,7.88,-8.69,2.71,3.26,241.72,0,0.12,242.13,630805,电力设备,shmb,C,2020-09-21,[],0,0,buy,AA,,2.282,4.238,1.1,buy,2026-08-19,0.101,1.876,22257.54,59507.17,47.68,-544.84,,0,14:59:59,00,Y,N,0,0,Y,,2021-02-25 开始转股,已公告要强赎，如不考虑强赎纯债价值为111.83元，计算使用0.2年期 评级为AA 债参考YTM：1.5087,N,7.87,全价：242.013 最后更新：14:59:59,,,如不考虑强赎期权价值为141.89元,1,"{'O': '', 'M': ''}",0,0,N,,,buy,buy
2026-07-13 10:38:41,110081,闻泰转债,wtzz,115.372,2.04,600745,*ST闻泰,wtkj,21.1,1.25,1.1,18.36,114.92,0,0.39,115.76,270102,电子,shmb,C,2021-08-20,[],0,0,buy,BBB+,,12.852,23.868,26.6,buy,2027-07-28,1.041,73.728,319103.57,220842.15,36.71,-4.73,,0,14:59:59,00,Y,N,3,3,Y,转股价下修3次，成功下修3次,2022-02-07 开始转股,计算使用1.1年期 评级为BBB+ 债参考YTM：11.9539,N,86.0,全价：115.372 最后更新：14:59:59,,,,1,[],0,0,N,,,buy,buy
2026-07-13 10:38:41,118040,宏微转债,hwzz,110.456,-10.26,688711,宏微科技,hwkj,31.3,-6.01,6.14,28.51,109.79,0,0.61,111.07,270102,电子,shkc,C,2023-08-14,[],0,0,buy,A,,19.957,37.063,6.4,buy,2029-07-25,,4.286,51886.83,40442.29,104.97,,,0,14:59:58,00,Y,N,1,1,Y,转股价下修1次，成功下修1次,2024-01-31 开始转股,强赎登记日2026-07-20，赎回价格100.9973元，如不考虑强赎纯债价值为98.48元，计算使用3.1年期 评级为A 债参考YTM：7.0154,N,4.3,全价：110.456 最后更新：14:59:58,2026-07-20,100.9973,如不考虑强赎期权价值为57.63元,0,"{'R': '最后交易日 2026年7月20日\r\n最后转股日 2026年7月23日\r\n赎回价 100.9973元/张', 'M': ''}",0,0,N,,,buy,buy
2026-07-13 10:38:41,123188,水羊转债,syzz,142.2,-4.39,300740,水羊股份,sygf,18.88,-5.65,3.26,13.44,140.48,0,1.23,143.43,770202,美容护理,szcy,C,2023-04-25,[],0,0,buy,A+,,9.408,17.472,7.7,buy,2029-04-04,2.729,5.374,79432.09,49550.98,100.56,-6.35,,0,15:34:09,00,Y,N,0,0,Y,,2023-10-11 开始转股,如不考虑强赎纯债价值为105.83元，计算使用2.8年期 评级为A+ 债参考YTM：4.5822,N,6.95,全价：142.200 最后更新：15:34:09,,,,0,"{'B': '', 'M': ''}",0,0,N,,,buy,buy
2026-07-13 10:38:41,113658,密卫转债,mwzz,133.053,-2.04,603713,密尔克卫,mekw,71.8,-3.74,2.29,54.72,131.21,0,1.4,134.45,420806,交通运输,shmb,C,2022-10-25,[],0,0,buy,AA-,,38.304,71.136,6.9,buy,2027-09-16,1.178,7.913,31942.88,40332.09,29.66,-12.77,,0,14:59:56,00,Y,N,1,1,Y,转股价下修1次，成功下修1次,2023-03-22 开始转股,计算使用1.2年期 评级为AA- 债参考YTM：1.8785,N,8.724,全价：133.053 最后更新：14:59:56,,,,1,{'M': ''},0,0,N,,,buy,buy
2026-07-13 10:38:41,113681,镇洋转债,zyzz,134.981,-1.11,603213,镇洋发展,zyfz,14.54,0.55,3.28,10.95,132.79,0,1.65,136.63,220202,基础化工,shmb,C,2024-01-17,[],0,0,buy,AA-,,7.665,14.235,8.5,buy,2029-12-29,3.466,5.477,12395.97,8820.49,16.71,-3.56,,0,14:59:57,00,Y,N,0,0,Y,,2024-07-05 开始转股,计算使用3.5年期 评级为AA- 债参考YTM：2.3707,N,6.6,全价：134.981 最后更新：14:59:57,,,,0,[],0,0,N,,,buy,buy
2026-07-13 10:38:41,113039,嘉泽转债,jzzz,142.331,-8.62,601619,嘉泽新能,jzxn,4.02,-4.51,1.46,2.89,139.1,0,2.32,144.65,410107,公用事业,shmb,C,2020-09-17,[],0,0,buy,AA,,2.023,3.757,2.9,buy,2026-08-24,0.115,2.865,16096.6,15597.65,38.26,-209.56,,0,14:59:59,00,Y,N,0,0,Y,,2021-03-01 开始转股,计算使用0.2年期 评级为AA 债参考YTM：1.5087,N,13.0,全价：142.331 最后更新：14:59:59,,,,1,"{'G': '本次（2026年3月26日至2026年4月16日）不提前赎回，至到期日（2026年8月23日）均不行使赎回权利', 'M': ''}",0,0,N,,,buy,buy
2026-07-13 10:38:41,113708,曙26转债,s26zz,100.0,0.0,603019,中科曙光,zksg,106.13,-1.27,6.88,108.89,97.47,192,2.6,102.6,710103,计算机,shmb,C,,[],0,0,buy,AAA,,76.223,141.557,5.2,buy,2032-07-14,6.003,80.0,0.0,1337354.95,0.0,1.35,,0,,00,Y,N,0,0,Y,,未到转股期；2027-01-21 开始转股,计算使用6.1年期 评级为AAA 债参考YTM：1.8283,N,80.0,待上市,,,,0,{'M': ''},0,0,N,,,buy,buy
2026-07-13 10:38:41,123207,冠中转债,gzzz,232.767,-0.95,300948,冠中生态,gzst,23.0,-1.29,3.89,10.44,220.31,0,5.66,238.43,620307,建筑装饰,szcy,C,2023-08-09,[],0,0,buy,A-,,7.308,13.572,4.1,buy,2029-07-21,3.025,1.455,18320.77,10722.63,53.82,-20.02,,0,15:34:51,00,Y,N,1,1,N,"转股价下修1次，成功下修1次
2026-07-09 至 2026-07-15 期间暂停转股：回售
转股价10.440生效日期2024-05-31",2024-01-29 开始转股;2026-07-09 至 2026-07-15 期间暂停转股：回售,计算使用3.1年期 评级为A- 债参考YTM：9.3654,N,4.0,全价：232.767 最后更新：15:34:51,,,,0,"{'G': '本次（2026年5月27日至2026年6月16日）不提前赎回，自2026年9月16日后首个交易日重新计算', 'M': ''}",0,0,Y,,,buy,buy
2026-07-13 10:38:41,118053,正帆转债,zfzz,176.756,-5.15,688596,正帆科技,zfkj,63.98,-5.95,5.03,38.35,166.83,0,5.95,182.71,640209,机械设备,shkc,C,2025-04-03,[],0,0,buy,AA,,26.845,49.855,5.5,buy,2031-03-18,4.682,10.409,138610.85,207817.12,72.22,-8.74,,0,14:59:58,00,Y,N,0,0,Y,,2025-09-24 开始转股,计算使用4.7年期 评级为AA 债参考YTM：1.9737,N,10.41,全价：176.756 最后更新：14:59:58,,,,0,{'M': ''},0,0,N,,,buy,buy
2026-07-13 10:38:41,118011,银微转债,ywzz,182.683,-8.03,688689,银河微电,yhwd,53.17,-8.81,4.99,31.05,171.24,0,6.68,189.36,270102,电子,shkc,C,2022-08-02,[],0,0,buy,A+,,21.735,40.365,3.8,buy,2028-07-04,1.978,2.726,112126.81,63942.12,218.28,-20.22,,0,14:59:59,00,Y,N,0,0,Y,,2023-01-09 开始转股,已公告要强赎，如不考虑强赎纯债价值为108.00元，计算使用2.0年期 评级为A+ 债参考YTM：4.3645,N,5.0,全价：182.683 最后更新：14:59:59,,,如不考虑强赎期权价值为93.04元,1,"{'O': '', 'M': ''}",0,0,N,,,buy,buy
2026-07-13 10:38:41,113042,上银转债,syzz,116.271,0.6,601229,上海银行,shyh,9.09,2.02,0.49,8.35,108.86,0,6.81,123.08,480401,银行,shmb,C,2021-02-10,[],0,0,buy,AAA,,,10.855,15.5,buy,2027-01-25,0.537,199.775,29774.63,52736.35,1.28,-6.84,,0,15:00:00,00,Y,Y,0,0,Y,,2021-07-29 开始转股,计算使用0.6年期 评级为AAA 债参考YTM：1.4886,N,200.0,全价：116.271 最后更新：15:00:00,,,,0,{'M': ''},0,0,N,,,buy,buy
2026-07-13 10:38:41,127067,恒逸转2,hyz2,138.0,-0.43,000703,恒逸石化,hysh,13.22,-3.71,1.86,10.32,128.1,0,7.73,145.73,750301,石油石化,szmb,C,2022-08-18,[],0,0,buy,AA+,,7.224,13.416,6.0,buy,2028-07-21,2.025,29.944,30313.49,88051.08,7.35,-9.87,,0,15:34:33,00,Y,N,0,0,Y,,2023-01-30 开始转股,计算使用2.1年期 评级为AA+ 债参考YTM：1.6212,N,30.0,全价：138.000 最后更新：15:34:33,,,,0,"{'G': '本次（至2026年4月27日）不提前赎回，从2026年7月28日开始计算', 'M': ''}",0,0,N,,,buy,buy
2026-07-13 10:38:41,128134,鸿路转债,hlzz,123.25,-1.32,002541,鸿路钢构,hlgg,19.89,1.17,1.36,17.49,113.72,0,8.38,131.63,620401,建筑装饰,szmb,C,2020-11-02,[],0,0,buy,AA,,12.243,22.737,15.9,buy,2026-10-09,0.241,15.726,9323.44,35611.76,4.81,-45.09,,0,15:34:03,00,Y,N,2,2,Y,转股价下修2次，成功下修2次,2021-04-15 开始转股,计算使用0.3年期 评级为AA 债参考YTM：1.5209,N,18.8,全价：123.250 最后更新：15:34:03,,,,0,{'M': ''},0,0,N,,,buy,buy
2026-07-13 10:38:41,123176,精测转2,jcz2,500.916,0.0,300567,精测电子,jcdz,297.1,0.0,18.78,64.51,460.55,0,8.77,509.69,640107,机械设备,szcy,C,2023-03-22,[],0,0,buy,AA-,,45.157,83.863,1.9,buy,2029-03-02,2.638,12.753,0.0,0.0,0.0,-43.07,,0,15:34:36,03,Y,N,0,0,N,2026-07-09 起暂停转股：关联交易预案,2023-09-08 开始转股;2026-07-09 起暂停转股：关联交易预案,计算使用2.7年期 评级为AA- 债参考YTM：2.2052,N,12.76,全价：500.916 最后更新：15:34:36,,,,0,"{'G': '本次（2025年12月23日至2026年1月14日）不提前赎回，自2026年7月14日后首个交易日重新计算', 'M': ''}",0,0,N,,,buy,buy
2026-07-13 10:38:41,123245,集智转债,jzzz,449.072,-2.48,300553,集智股份,jzgf,74.51,-5.31,9.73,18.06,412.57,0,8.85,457.92,640107,机械设备,szcy,C,2024-08-28,[],0,0,buy,A,,12.642,23.478,2.4,buy,2030-08-14,4.09,1.537,84355.96,64097.99,119.03,-27.86,,0,15:34:09,00,Y,N,0,0,Y,,2025-02-20 开始转股,计算使用4.1年期 评级为A 债参考YTM：7.1398,N,2.546,全价：449.072 最后更新：15:34:09,,,,0,{'G': '本次（2026年6月2日至2026年6月23日）不提前赎回，自2026年9月23日后首个交易日重新计算'},0,0,N,,,buy,buy
2026-07-13 10:38:41,118027,宏图转债,htzz,88.359,-2.91,688066,*ST航图,htht,10.63,-7.81,-2.45,13.12,81.02,0,9.06,97.42,710301,计算机,shkc,C,2022-12-22,[],0,0,buy,B-,,9.184,17.056,33.5,buy,2028-11-28,2.381,9.475,9467.25,7987.04,11.21,13.65,,0,14:59:50,00,Y,N,3,3,Y,转股价下修3次，成功下修3次,2023-06-02 开始转股,,N,10.088,全价：88.359 最后更新：14:59:50,,,,0,[],0,0,N,,,buy,buy
2026-07-13 10:38:41,123213,天源转债,tyzz,252.981,-6.53,301127,武汉天源,whty,16.43,-8.77,3.21,7.1,231.41,0,9.32,262.3,760102,环保,szcy,C,2023-08-16,[],0,0,buy,AA-,,4.97,9.23,3.0,buy,2029-07-28,3.044,3.26,17898.5,38022.58,21.27,-22.86,,0,15:34:42,00,Y,N,0,0,Y,,2024-02-05 开始转股,计算使用3.1年期 评级为AA- 债参考YTM：2.3144,N,10.0,全价：252.981 最后更新：15:34:42,,,,0,"{'G': '本次（2026年3月13日至2026年4月2日）不提前赎回，自2026年10月2日后首个交易日重新计算', 'M': ''}",0,0,N,,,buy,buy
2026-07-13 10:38:41,127080,声迅转债,sxzz,298.537,-2.76,003004,声迅股份,sxgf,79.0,-4.83,9.22,28.94,272.98,0,9.36,307.9,710102,计算机,szmb,C,2023-02-10,[],0,0,buy,A,,20.258,37.622,5.1,buy,2028-12-30,2.469,2.793,43491.57,31560.31,51.49,-31.52,,0,15:34:18,00,Y,N,0,0,Y,,2023-07-07 开始转股,计算使用2.5年期 评级为A 债参考YTM：6.8402,N,2.8,全价：298.537 最后更新：15:34:18,,,,0,{'G': '本次（2026年5月8日至2026年5月29日）不提前赎回，以2026年8月31日重新计算'},0,0,N,,,buy,buy
2026-07-13 10:38:41,110102,江农转债,jnzz,100.0,0.0,600389,江山股份,jsgf,18.8,1.62,1.94,20.64,91.09,191,9.79,109.79,220803,基础化工,shmb,C,,[],0,0,buy,AA+,,14.448,26.832,14.6,buy,2032-07-13,6.003,11.85,0.0,46456.24,0.0,2.03,,0,,00,Y,N,0,0,Y,,未到转股期；2027-01-20 开始转股,计算使用6.1年期 评级为AA+ 债参考YTM：1.9723,N,11.85,待上市,,,,0,{'M': ''},0,0,N,,,buy,buy
2026-07-13 10:38:41,113062,常银转债,cyzz,128.589,-0.25,601128,常熟银行,csyh,6.14,1.49,0.68,5.25,116.95,0,9.95,138.54,480501,银行,shmb,C,2022-10-17,[],0,0,buy,AAA,,,6.825,26.8,buy,2028-09-15,2.178,59.994,14555.04,25311.3,1.88,-7.29,,0,14:59:58,00,Y,N,0,0,Y,,2023-03-21 开始转股,计算使用2.2年期 评级为AAA 债参考YTM：1.5739,N,60.0,全价：128.589 最后更新：14:59:58,,,,0,{'M': ''},0,0,N,,,buy,buy
2026-07-13 10:38:41,113697,应流转债,ylzz,181.662,-8.5,603308,应流股份,ylgf,50.07,-7.19,6.56,30.31,165.19,0,9.97,191.63,640108,机械设备,shmb,C,2025-10-22,[],0,0,buy,AA+,,21.217,39.403,4.4,buy,2031-09-19,5.189,14.995,104686.43,124991.86,38.22,-8.92,,0,15:00:00,00,Y,N,0,0,Y,,2026-03-25 开始转股,计算使用5.2年期 评级为AA+ 债参考YTM：1.8730,N,15.0,全价：181.662 最后更新：15:00:00,,,,0,"{'G': '本次（2026年3月25日至2026年4月15日）不提前赎回，2026年7月15日之后的首个交易日重新起算', 'M': ''}",0,0,N,,,buy,buy
2026-07-13 10:38:41,127096,泰坦转债,ttzz,612.349,-4.17,003036,泰坦股份,ttgf,73.01,-7.73,10.52,13.2,553.11,0,10.71,623.06,640206,机械设备,szmb,C,2023-11-15,[],0,0,buy,A,,9.24,17.16,1.8,buy,2029-10-25,3.288,2.875,104872.0,53863.18,58.02,-39.52,,0,15:34:42,00,Y,N,0,0,Y,,2024-05-06 开始转股,计算使用3.3年期 评级为A 债参考YTM：7.0518,N,2.955,全价：612.349 最后更新：15:34:42,,,,0,{'G': '本次（2026年6月12日至2026年7月3日）不提前赎回，以2026年10月3日后首个交易日起重新计算'},0,0,N,,,buy,buy
2026-07-13 10:38:41,113605,大参转债,dszz,118.997,0.92,603233,大参林,dsl,18.08,2.44,2.62,16.86,107.24,0,10.97,129.97,370403,医药生物,shmb,C,2020-11-13,[],0,0,buy,AA,,11.802,21.918,6.8,buy,2026-10-22,0.277,14.045,7782.58,16071.79,4.66,-27.59,,0,14:59:26,00,Y,N,1,1,Y,转股价下修1次，成功下修1次,2021-04-28 开始转股,计算使用0.3年期 评级为AA 债参考YTM：1.5209,N,14.05,全价：118.997 最后更新：14:59:26,,,,1,{'M': ''},0,0,N,,,buy,buy
2026-07-13 10:38:41,127114,宜化转债,yhzz,100.0,0.0,000422,湖北宜化,hbyh,12.59,-4.77,1.95,14.08,89.42,175,11.83,111.83,220801,基础化工,szmb,C,2026-07-14,[],0,0,buy,AA+,,9.856,18.304,24.8,buy,2032-06-25,5.956,33.0,0.0,35807.59,0.0,2.21,,0,,00,Y,Y,0,0,Y,,未到转股期；2027-01-04 开始转股,计算使用6.0年期 评级为AA+ 债参考YTM：1.9616,N,33.0,待上市,,,,0,{'M': ''},0,0,N,,,buy,buy
2026-07-13 10:38:41,118035,国力转债,glzz,171.711,-4.54,688103,国力电子,gldz,93.46,-9.26,7.75,62.31,149.99,0,14.48,186.19,270401,电子,shkc,C,2023-07-06,[],0,0,buy,A+,,43.617,81.003,5.4,buy,2029-06-12,2.918,4.8,54686.92,76391.14,65.98,-12.14,,0,14:59:59,00,Y,N,0,0,Y,,2023-12-18 开始转股,计算使用3.0年期 评级为A+ 债参考YTM：4.6405,N,4.8,全价：171.711 最后更新：14:59:59,,,,0,{'M': ''},0,0,N,,,buy,buy
2026-07-13 10:38:41,113707,科博转债,kbzz,100.0,0.0,603786,科博达,kbd,39.79,-3.89,2.79,45.56,87.34,182,14.5,114.5,280206,汽车,shmb,C,,[],0,0,buy,AA+,,31.892,59.228,9.3,buy,2032-07-02,5.975,14.91,0.0,9010.87,0.0,1.84,,0,,00,Y,N,0,0,Y,,未到转股期；2027-01-11 开始转股,计算使用6.0年期 评级为AA+ 债参考YTM：1.9616,N,14.91,待上市,,,,0,{'M': ''},0,0,N,,,buy,buy
2026-07-13 10:38:41,123243,严牌转债,ypzz,195.666,-4.4,301081,严牌股份,ypgf,12.27,-6.9,2.57,7.22,169.95,0,15.14,210.81,760201,环保,szcy,C,2024-07-26,[],0,0,buy,A+,,5.054,9.386,9.5,buy,2030-07-10,3.995,2.607,11403.47,5335.51,22.12,-12.0,,0,15:34:06,00,Y,N,0,0,Y,,2025-01-16 开始转股,计算使用4.0年期 评级为A+ 债参考YTM：4.7755,N,4.679,全价：195.666 最后更新：15:34:06,,,,0,"{'G': '本次（2026年5月6日至2026年5月26日）不提问赎回，以2026年8月26日后的首个交易日重新计算', 'M': ''}",0,0,N,,,buy,buy
2026-07-13 10:38:41,113056,重银转债,cyzz,125.372,0.22,601963,重庆银行,cqyh,10.0,2.15,0.55,9.22,108.46,0,15.59,140.96,480401,银行,shmb,C,2022-04-14,[],0,0,buy,AAA,,,11.986,56.8,buy,2028-03-23,1.696,115.622,20061.57,16563.17,1.39,-6.28,,0,14:59:35,00,Y,N,0,0,Y,,2022-09-30 开始转股,计算使用1.7年期 评级为AAA 债参考YTM：1.5514,N,130.0,全价：125.372 最后更新：14:59:35,,,,0,{'M': ''},0,0,N,,,buy,buy
2026-07-13 10:38:41,110101,宝钛转债,btzz,100.0,0.0,600456,宝钛股份,btgf,26.7,-3.96,1.76,30.98,86.19,170,16.03,116.03,240504,有色金属,shmb,C,,[],0,0,buy,AAA,,21.686,40.274,27.4,buy,2032-06-23,5.951,35.0,0.0,23103.86,0.0,1.55,,0,,00,Y,N,0,0,Y,,未到转股期；2026-12-30 开始转股,计算使用6.0年期 评级为AAA 债参考YTM：1.8216,N,35.0,待上市,,,,0,{'M': ''},0,0,N,,,buy,buy
2026-07-13 10:38:41,123187,超达转债,cdzz,197.179,2.01,301186,超达装备,cdzb,36.75,1.38,2.59,21.77,168.81,0,16.81,213.99,280205,汽车,szcy,C,2023-04-25,[],0,0,buy,A,,15.239,28.301,5.7,buy,2029-04-04,2.729,2.242,28320.36,8799.2,63.96,-17.14,,0,15:34:42,00,Y,N,0,0,Y,,2023-10-11 开始转股,计算使用2.8年期 评级为A 债参考YTM：6.9322,N,4.69,全价：197.179 最后更新：15:34:42,,,,0,"{'G': '本次（2026年4月10日至2026年4月30日）不提前赎回，以2026年7月31日之后的首个交易日重新起算', 'M': ''}",0,0,N,,,buy,buy
2026-07-13 10:38:41,128128,齐翔转2,qxz2,110.77,-0.03,002408,齐翔腾达,qxtd,5.08,3.67,1.31,5.37,94.6,0,17.09,127.86,750303,石油石化,szmb,C,2020-09-15,[],0,0,buy,AA,,3.759,6.981,4.9,buy,2026-08-20,0.104,6.792,5837.24,52177.86,7.75,-6.86,,0,15:34:03,00,Y,N,0,0,Y,,2021-02-26 开始转股,计算使用0.2年期 评级为AA 债参考YTM：1.5087,N,29.9,全价：110.770 最后更新：15:34:03,,,,1,{'M': ''},0,0,N,,,buy,buy
2026-07-13 10:38:41,123247,万凯转债,wkzz,190.843,-2.83,301216,万凯新材,wkxc,18.14,-1.36,1.6,11.15,162.69,0,17.3,208.14,220501,基础化工,szcy,C,2024-09-05,[],0,0,buy,AA,,7.805,14.495,19.9,buy,2030-08-16,4.096,19.642,32859.0,35178.66,8.56,-11.88,,0,15:34:06,00,Y,N,0,0,Y,,2025-02-24 开始转股,计算使用4.1年期 评级为AA 债参考YTM：1.8981,N,27.0,全价：190.843 最后更新：15:34:06,,,,0,"{'G': '本次（2026年6月17日至2026年7月8日）不提前赎回，自2026年10月8日后首个交易日重新计算', 'M': ''}",0,0,N,,,buy,buy
2026-07-13 10:38:41,113058,友发转债,yfzz,131.761,-0.18,601686,友发集团,yfjt,5.03,0.4,1.08,4.48,112.28,0,17.35,149.11,230403,钢铁,shmb,C,2022-04-26,[],0,0,buy,AA,,3.136,5.824,25.0,buy,2028-03-30,1.715,18.638,7532.38,3248.15,3.06,-8.27,,0,14:59:51,00,Y,N,2,2,Y,转股价下修2次，成功下修2次,2022-10-10 开始转股,计算使用1.8年期 评级为AA 债参考YTM：1.6717,N,20.0,全价：131.761 最后更新：14:59:51,,,,1,[],0,0,N,,,buy,buy
2026-07-13 10:38:41,113615,金诚转债,jczz,693.697,1.54,603979,金诚信,jcx,65.47,0.34,3.51,11.12,588.76,0,17.82,711.52,240302,有色金属,shmb,C,2021-01-14,[],0,0,buy,AA,,7.784,14.456,1.2,buy,2026-12-23,0.447,4.958,33121.63,44422.27,9.7,-188.95,,0,14:59:53,00,Y,N,0,0,Y,,2021-06-29 开始转股,计算使用0.5年期 评级为AA 债参考YTM：1.5500,N,10.0,全价：693.697 最后更新：14:59:53,,,,1,"{'G': '本次（2025年10月10日至2025年10月30日）不提前赎回，至2026年12月22日到期均不提前赎回', 'M': ''}",0,0,N,,,buy,buy
2026-07-13 10:38:41,110076,华海转债,hhzz,120.546,-0.55,600521,华海药业,hhyy,16.84,0.0,2.56,16.5,102.06,0,18.11,138.66,370102,医药生物,shmb,C,2020-11-25,[],0,0,buy,AA,,11.55,21.45,7.3,buy,2026-11-02,0.307,18.424,11799.57,79457.44,5.27,-28.52,,0,14:59:50,00,Y,N,1,1,Y,转股价下修1次，成功下修1次,2021-05-06 开始转股,计算使用0.4年期 评级为AA 债参考YTM：1.5351,N,18.426,全价：120.546 最后更新：14:59:50,,,,1,{'M': ''},0,0,N,,,buy,buy
2026-07-13 10:38:41,113610,灵康转债,lkzz,124.49,3.3,603669,灵康药业,lkyy,6.8,10.03,7.77,6.5,104.62,0,19.0,143.49,370102,医药生物,shmb,C,2020-12-22,[],0,0,buy,A-,,4.55,8.45,5.2,buy,2026-12-01,0.386,2.53,219827.96,44013.07,675.53,-19.87,,0,15:00:00,00,Y,N,2,2,Y,转股价下修2次，成功下修2次,2021-06-07 开始转股,计算使用0.4年期 评级为A- 债参考YTM：8.7952,N,5.25,全价：124.490 最后更新：15:00:00,,,,1,[],0,0,N,,,buy,buy
2026-07-13 10:38:41,123178,花园转债,hyzz,136.222,0.38,300401,花园生物,hysw,15.25,-7.91,2.35,13.34,114.32,0,19.16,155.38,370101,医药生物,szcy,C,2023-03-23,[],0,0,buy,AA-,,9.338,17.342,14.2,buy,2029-03-06,2.649,11.58,22210.68,59186.09,14.15,-5.21,,0,15:34:39,00,Y,N,1,1,Y,转股价下修1次，成功下修1次,2023-09-11 开始转股,计算使用2.7年期 评级为AA- 债参考YTM：2.2052,N,12.0,全价：136.222 最后更新：15:34:39,,,,0,{'M': ''},0,0,N,,,buy,buy
2026-07-13 10:38:41,113667,春23转债,c23zz,267.974,-6.64,603890,春秋电子,cqdz,22.36,-2.44,2.96,9.95,224.72,0,19.25,287.22,270504,电子,shmb,C,2023-04-11,[],0,0,buy,AA-,,6.965,12.935,5.7,buy,2029-03-17,2.68,5.697,72458.78,67979.81,44.91,-26.56,,0,14:59:58,00,Y,N,0,0,Y,,2023-09-25 开始转股,计算使用2.7年期 评级为AA- 债参考YTM：2.2052,N,5.7,全价：267.974 最后更新：14:59:58,,,,0,"{'G': '本次（2026年3月27日至2026年4月17日）不提前赎回，自2026年7月17日之后的首个交易日重新起算', 'M': ''}",0,0,N,,,buy,buy
2026-07-13 10:38:41,113631,皖天转债,wtzz,133.627,0.37,603689,皖天然气,wtrq,7.28,0.97,1.0,6.51,111.83,0,19.49,153.12,410301,公用事业,shmb,C,2021-12-10,[],0,0,buy,AA+,,4.557,8.463,15.6,buy,2027-11-08,1.323,5.958,5330.83,2890.88,6.69,-12.74,,0,14:59:51,00,Y,N,0,0,Y,,2022-05-12 开始转股,计算使用1.4年期 评级为AA+ 债参考YTM：1.5739,N,9.3,全价：133.627 最后更新：14:59:51,,,,1,[],0,0,N,,,buy,buy
2026-07-13 10:38:41,110092,三房转债,sfzz,74.404,0.29,600370,*ST三房,sfx,1.88,3.3,1.46,3.02,62.25,0,19.52,93.92,220401,基础化工,shmb,C,2023-02-07,[],0,0,buy,A-,,2.114,3.926,28.0,buy,2029-01-06,2.488,21.185,31918.27,10240.92,20.2,18.84,,0,14:59:59,00,Y,N,0,0,Y,,2023-07-12 开始转股,计算使用2.5年期 评级为A- 债参考YTM：9.1902,N,25.0,全价：74.404 最后更新：14:59:59,,,,0,[],0,0,N,,,buy,buy
2026-07-13 10:38:41,113043,财通转债,ctzz,129.647,-0.96,601108,财通证券,ctzq,8.5,-0.35,1.02,7.98,106.52,0,21.72,151.37,490101,非银金融,shmb,C,2020-12-28,[],0,0,buy,AAA,,,10.374,9.6,buy,2026-12-10,0.411,37.992,12132.88,51188.66,2.46,-44.68,,0,15:00:00,00,Y,Y,1,1,Y,转股价下修1次，成功下修1次,2021-06-16 开始转股,计算使用0.5年期 评级为AAA 债参考YTM：1.4800,N,38.0,全价：129.647 最后更新：15:00:00,,,,0,{'M': ''},0,0,N,,,buy,buy
2026-07-13 10:38:41,123076,强力转债,qlzz,129.812,-3.29,300429,强力新材,qlxc,13.53,-8.46,4.19,12.7,106.54,0,21.85,151.66,270601,电子,szcy,C,2020-12-04,[],0,0,buy,AA-,,8.89,16.51,6.0,buy,2026-11-19,0.353,3.393,13031.23,56986.15,29.04,-36.93,,0,15:34:27,00,Y,N,1,1,Y,转股价下修1次，成功下修1次,2021-05-25 开始转股,计算使用0.4年期 评级为AA- 债参考YTM：1.7579,N,8.5,全价：129.812 最后更新：15:34:27,,,,1,{'M': ''},0,0,N,,,buy,buy
2026-07-13 10:38:41,118058,微导转债,wdzz,487.885,-3.42,688147,微导纳米,wdnm,133.0,-4.3,20.52,33.29,399.52,0,22.12,510.01,630505,电力设备,shkc,C,2025-08-27,[],0,0,buy,AA,,23.303,43.277,1.9,buy,2031-08-06,5.069,11.699,157152.51,157682.06,26.79,-25.17,,0,14:59:59,00,Y,N,0,0,Y,,2026-02-12 开始转股,计算使用5.1年期 评级为AA 债参考YTM：2.0257,N,11.7,全价：487.885 最后更新：14:59:59,,,,0,"{'G': '本次（2026年2月12日至2026年3月12日）不提前赎回，以2026年9月13日为首个交易日重新计算', 'M': ''}",0,0,N,,,buy,buy
2026-07-13 10:38:41,127040,国泰转债,gtzz,120.459,-0.61,002091,江苏国泰,jsgt,7.21,-1.23,0.71,7.35,98.1,0,22.8,143.26,450201,商贸零售,szmb,C,2021-08-10,[],0,0,buy,AA+,,5.145,9.555,34.5,buy,2027-07-07,0.984,39.863,5500.17,8659.52,1.15,-10.55,,0,15:34:24,00,Y,N,0,0,Y,,2022-01-13 开始转股,计算使用1.0年期 评级为AA+ 债参考YTM：1.5466,N,45.574,全价：120.459 最后更新：15:34:24,,,,1,{'M': ''},0,0,N,,,buy,buy
2026-07-13 10:38:41,118016,京源转债,jyzz,161.831,-2.16,688096,京源环保,jyhb,9.1,-1.52,2.52,6.91,131.69,0,22.88,184.71,760102,环保,shkc,C,2022-08-25,[],0,0,buy,A,,4.837,8.983,7.9,buy,2028-08-05,2.066,1.675,41059.88,9852.16,148.49,-13.98,,0,15:00:00,00,Y,N,0,0,Y,,2023-02-13 开始转股,计算使用2.1年期 评级为A 债参考YTM：6.7341,N,3.325,全价：161.831 最后更新：15:00:00,,,,0,"{'G': '本次（2026年5月11日至2026年5月29日）不提前赎回，以2026年8月30日（若为非交易日则顺延）为首个交易日重新计算', 'M': ''}",0,0,N,,,buy,buy
2026-07-13 10:38:41,123241,欧通转债,otzz,1003.348,-7.78,300870,欧陆通,olt,251.27,-8.16,14.52,30.8,815.81,0,22.99,1026.34,630306,电力设备,szcy,C,2024-07-26,[],0,0,buy,AA-,,21.56,40.04,0.7,buy,2030-07-05,3.981,2.604,88981.09,136537.36,32.9,-42.2,,0,15:34:03,00,Y,N,0,0,Y,,2025-01-13 开始转股,计算使用4.0年期 评级为AA- 债参考YTM：2.4155,N,6.445,全价：1003.348 最后更新：15:34:03,,,,0,"{'G': '本次（2026年4月14日至2026年5月7日）不提前赎回，自2026年8月7日后首个交易日重新计算', 'M': ''}",0,0,N,,,buy,buy
2026-07-13 10:38:41,127110,广核转债,ghzz,133.2,-0.3,003816,中国广核,zggh,3.87,0.26,1.55,3.58,108.1,0,23.22,156.42,410108,公用事业,szmb,C,2025-07-25,[],0,0,buy,AAA,,2.506,4.654,3.2,buy,2031-07-09,4.992,48.993,13390.97,35311.59,2.05,-3.82,,0,15:33:54,00,Y,N,0,0,Y,,2026-01-15 开始转股,计算使用5.0年期 评级为AAA 债参考YTM：1.7615,N,49.0,全价：133.200 最后更新：15:33:54,,,,0,{'M': ''},0,0,N,,,buy,buy
2026-07-13 10:38:41,127084,柳工转2,lgz2,138.817,-0.7,000528,柳工,lg,7.74,-2.03,0.83,6.98,110.89,0,25.19,164.01,640601,机械设备,szmb,C,2023-04-20,[],0,0,buy,AAA,,4.886,9.074,15.8,buy,2029-03-27,2.707,24.809,7414.64,20290.14,2.15,-6.59,,0,15:34:06,00,Y,N,0,0,Y,,2023-10-09 开始转股,计算使用2.8年期 评级为AAA 债参考YTM：1.6014,N,30.0,全价：138.817 最后更新：15:34:06,,,,0,{'M': ''},0,0,N,,,buy,buy
2026-07-13 10:38:41,113673,岱美转债,dmzz,182.342,-5.46,603730,岱美股份,dmgf,10.37,-4.78,4.44,7.12,145.65,0,25.2,207.54,280202,汽车,shmb,C,2023-08-10,[],0,0,buy,AA,,4.984,9.256,4.1,buy,2029-07-18,3.016,9.078,28787.66,39401.81,17.17,-14.11,,0,14:59:55,00,Y,N,1,1,Y,转股价下修1次，成功下修1次,2024-01-24 开始转股,计算使用3.1年期 评级为AA 债参考YTM：1.7682,N,9.079,全价：182.342 最后更新：14:59:55,,,,0,"{'G': '本次（2026年5月7日至2026年5月27日）不提前赎回，以2026年8月27日之后的首个交易日重新起算', 'M': ''}",0,0,N,,,buy,buy
2026-07-13 10:38:41,123092,天壕转债,thzz,121.101,1.47,300332,天壕能源,thny,4.8,8.35,1.03,4.97,96.58,0,25.39,146.49,410301,公用事业,szcy,C,2021-01-15,[],0,0,buy,A+,,3.479,6.461,8.8,buy,2026-12-24,0.449,3.416,161276.92,34130.89,380.03,-11.28,,0,15:34:21,00,Y,N,0,0,Y,,2021-06-30 开始转股,计算使用0.5年期 评级为A+ 债参考YTM：4.1200,N,4.23,全价：121.101 最后更新：15:34:21,,,,1,{'M': ''},0,0,N,,,buy,buy
2026-07-13 10:38:41,123171,共同转债,gtzz,135.036,-2.72,300966,共同药业,gtyy,29.0,-3.75,4.03,27.12,106.93,0,26.28,161.32,370101,医药生物,szcy,C,2022-12-16,[],0,0,buy,A-,,18.984,35.256,17.1,buy,2028-11-28,2.381,3.799,6478.4,18797.14,12.55,-5.18,,0,15:34:33,00,Y,N,0,0,N,2026-07-02 至 2026-07-15 期间暂停转股：权益分派,2023-06-02 开始转股;2026-07-02 至 2026-07-15 期间暂停转股：权益分派,计算使用2.4年期 评级为A- 债参考YTM：9.1608,N,3.8,全价：135.036 最后更新：15:34:33,,,,0,{'M': ''},0,0,N,,,buy,buy
2026-07-13 10:38:41,128136,立讯转债,lxzz,133.9,-0.36,002475,立讯精密,lxjm,58.98,-5.09,5.13,55.81,105.68,0,26.7,160.6,270504,电子,szmb,C,2020-12-02,[],0,0,buy,AA+,,39.067,72.553,0.7,buy,2026-11-03,0.31,29.848,22983.77,794023.43,5.76,-63.05,,0,15:34:33,00,Y,N,0,0,N,2026-07-07 至 2026-07-17 期间暂停转股：权益分派,2021-05-10 开始转股;2026-07-07 至 2026-07-17 期间暂停转股：权益分派,计算使用0.4年期 评级为AA+ 债参考YTM：1.5001,N,30.0,全价：133.900 最后更新：15:34:33,,,,1,{'M': ''},0,0,N,,,buy,buy
2026-07-13 10:38:41,127092,运机转债,yjzz,235.9,-5.34,001288,运机集团,yjjt,22.16,-4.85,2.12,11.91,186.06,0,26.79,262.69,640203,机械设备,szmb,C,2023-10-20,[],0,0,buy,AA-,,8.337,15.483,15.6,buy,2029-09-21,3.195,5.25,13915.62,5346.03,11.12,-19.27,,0,15:34:24,00,Y,N,0,0,Y,,2024-03-27 开始转股,计算使用3.2年期 评级为AA- 债参考YTM：2.3336,N,7.3,全价：235.900 最后更新：15:34:24,,,,0,{'G': '本次（2025年12月8日至2025年12月26日）不提前赎回，以2026年12月26日后的首个交易日起重新计算'},0,0,N,,,buy,buy
2026-07-13 10:38:41,127055,精装转债,jzzz,195.2,-9.21,002989,中天精装,ztjz,28.13,-10.01,3.95,18.5,152.05,0,28.38,223.58,620201,建筑装饰,szmb,C,2022-03-24,[],0,0,buy,AA-,,12.95,24.05,3.7,buy,2028-02-22,1.614,2.081,35906.44,18687.65,87.35,-27.43,,0,15:34:27,00,Y,N,0,0,Y,,2022-08-29 开始转股,计算使用1.7年期 评级为AA- 债参考YTM：1.9693,N,5.77,全价：195.200 最后更新：15:34:27,,,,1,{'G': '本次（2026年2月24日至2026年3月16日）不提前赎回，自2027年3月16日后首个交易日重新计算'},0,0,N,,,buy,buy
2026-07-13 10:38:41,113051,节能转债,jnzz,125.997,-1.19,601016,节能风电,jnfd,3.26,-5.23,1.18,3.33,97.9,0,28.7,154.7,410107,公用事业,shmb,C,2021-07-22,[],0,0,buy,AAA,,2.331,4.329,13.5,buy,2027-06-21,0.94,26.519,12982.81,48371.99,3.89,-13.51,,0,14:59:47,00,Y,N,1,0,Y,转股价下修1次，成功下修0次,2021-12-27 开始转股,计算使用1.0年期 评级为AAA 债参考YTM：1.5166,N,30.0,全价：125.997 最后更新：14:59:47,,,,1,"{'G': '本次（2026年4月23日至2026年5月19日）不提前赎回，自2026年8月19日之后的首个交易日重新起算', 'M': ''}",0,0,N,,,buy,buy
2026-07-13 10:38:41,123118,惠城转债,hczz,666.0,-3.77,300779,惠城环保,hchb,53.36,-5.56,7.02,10.33,516.55,0,28.93,694.93,760103,环保,szcy,C,2021-07-26,[],0,0,buy,A+,,7.231,13.429,0.5,buy,2027-07-07,0.984,0.654,39221.86,41960.76,87.88,-84.35,,0,15:34:33,00,Y,N,0,0,Y,,2022-01-13 开始转股,计算使用1.0年期 评级为A+ 债参考YTM：4.1866,N,3.2,全价：666.000 最后更新：15:34:33,,,,1,"{'G': '本次（2026年5月6日至2026年5月26日）不提前赎回，自2026年8月26日后首个交易日重新计算', 'M': ''}",0,0,N,,,buy,buy
2026-07-13 10:38:41,111000,起帆转债,qfzz,146.466,-6.24,605222,起帆电缆,qfdl,19.55,-6.46,1.67,17.29,113.07,0,29.53,176.0,630805,电力设备,shmb,C,2021-06-17,[],0,0,buy,AA-,,12.103,22.477,12.4,buy,2027-05-24,0.863,9.991,21862.35,18641.21,14.8,-24.89,,0,14:59:57,00,Y,N,1,1,Y,转股价下修1次，成功下修1次,2021-11-29 开始转股,计算使用0.9年期 评级为AA- 债参考YTM：1.8296,N,10.0,全价：146.466 最后更新：14:59:57,,,,1,{'G': '本次（2026年3月13日至2026年4月20日）不提前赎回，以2026年10月21日为首个交易日重新起算'},0,0,N,,,buy,buy
2026-07-13 10:38:41,111012,福新转债,fxzz,324.418,0.07,605488,福莱新材,flxc,27.69,-7.42,3.66,11.07,250.14,0,29.7,354.12,220505,基础化工,shmb,C,2023-02-07,[],0,0,buy,A+,,7.749,14.391,1.3,buy,2029-01-04,2.482,1.016,33884.38,19946.72,102.23,-33.62,,0,15:00:00,00,Y,N,0,0,Y,,2023-07-10 开始转股,计算使用2.5年期 评级为A+ 债参考YTM：4.4902,N,4.29,全价：324.418 最后更新：15:00:00,,,,0,{'G': '本次（2026年6月22日至2026年7月10日）不提前赎回，自2026年10月10日之后的首个交易日重新起算'},0,0,N,,,buy,buy
2026-07-13 10:38:41,111002,特纸转债,tzzz,142.405,-0.33,605007,五洲特纸,wztz,14.74,-1.73,1.87,13.49,109.27,0,30.33,172.74,360103,轻工制造,shmb,C,2021-12-30,[],0,0,buy,AA,,9.443,17.537,9.5,buy,2027-12-08,1.406,6.619,5005.87,6588.51,5.32,-14.92,,0,15:00:00,00,Y,N,1,1,Y,转股价下修1次，成功下修1次,2022-06-14 开始转股,计算使用1.5年期 评级为AA 债参考YTM：1.6356,N,6.7,全价：142.405 最后更新：15:00:00,,,,1,[],0,0,N,,,buy,buy
2026-07-13 10:38:41,123091,长海转债,chzz,165.8,-5.26,300196,长海股份,chgf,19.04,-7.62,1.59,14.99,127.02,0,30.53,196.33,610202,建筑材料,szcy,C,2021-01-15,[],0,0,buy,AA,,10.493,19.487,11.7,buy,2026-12-23,0.447,5.482,32070.98,41776.96,35.0,-74.48,,0,15:34:30,00,Y,N,0,0,Y,,2021-06-29 开始转股,计算使用0.5年期 评级为AA 债参考YTM：1.5500,N,5.5,全价：165.800 最后更新：15:34:30,,,,1,{'G': '本次（2026年4月14日至2026年5月26日）不提前赎回，自2026年8月26日后的首个交易日重新计算'},0,0,N,,,buy,buy
2026-07-13 10:38:41,110098,南药转债,nyzz,135.148,-1.33,600713,南京医药,njyy,5.12,0.59,0.91,4.95,103.43,0,30.66,165.81,370402,医药生物,shmb,C,2025-01-20,[],0,0,buy,AA+,,3.465,6.435,16.4,buy,2030-12-25,4.455,10.814,7046.01,7565.97,4.78,-4.14,,0,14:59:59,00,Y,N,0,0,Y,,2025-07-01 开始转股,计算使用4.5年期 评级为AA+ 债参考YTM：1.7934,N,10.815,全价：135.148 最后更新：14:59:59,,,,0,[],0,0,N,,,buy,buy
2026-07-13 10:38:41,118044,赛特转债,stzz,159.419,-8.28,688398,赛特新材,stxc,22.98,-11.21,3.37,18.85,121.91,0,30.77,190.19,220309,基础化工,shkc,C,2023-10-12,[],0,0,buy,A+,,13.195,24.505,11.5,buy,2029-09-11,3.167,4.42,11398.53,9618.64,15.84,-9.4,,0,14:59:56,00,Y,N,1,1,Y,转股价下修1次，成功下修1次,2024-03-15 开始转股,计算使用3.2年期 评级为A+ 债参考YTM：4.6856,N,4.42,全价：159.419 最后更新：14:59:56,,,,0,"{'G': '本次（2026年3月10日至2026年4月20日）不提前赎回，以2026年10月21日起算', 'M': ''}",0,0,N,,,buy,buy
2026-07-13 10:38:41,113046,金田转债,jtzz,130.9,-2.04,601609,金田股份,jtgf,10.18,-4.86,1.71,10.18,100.0,0,30.9,161.8,240302,有色金属,shmb,C,2021-04-12,[],0,0,buy,AA+,,7.126,13.234,8.5,buy,2027-03-22,0.69,14.992,8317.16,37749.08,4.21,-23.13,,0,14:59:51,00,Y,N,0,0,Y,,2021-09-27 开始转股,计算使用0.7年期 评级为AA+ 债参考YTM：1.5258,N,15.0,全价：130.900 最后更新：14:59:51,,,,1,{'M': ''},0,0,N,,,buy,buy
2026-07-13 10:38:41,123275,肇民转债,zmzz,100.0,0.0,301000,肇民科技,zmkj,25.82,-7.85,4.77,33.8,76.39,186,30.91,130.91,280205,汽车,szcy,C,,[],0,0,buy,AA-,,23.66,43.94,10.0,buy,2032-07-08,5.992,5.9,0.0,17167.32,0.0,2.19,,0,,00,Y,N,0,0,Y,,未到转股期；2027-01-15 开始转股,计算使用6.0年期 评级为AA- 债参考YTM：3.4516,N,5.9,待上市,,,,0,{'M': ''},0,0,N,,,buy,buy
2026-07-13 10:38:41,113691,和邦转债,hbzz,136.249,-3.24,603077,和邦生物,hbsw,2.08,-3.7,1.02,2.0,104.0,0,31.01,167.26,220802,基础化工,shmb,C,2024-11-19,[],0,0,buy,AA,,1.4,2.6,25.0,buy,2030-10-28,4.296,45.991,22275.94,30116.99,3.55,-3.98,,0,14:59:49,00,Y,N,0,0,Y,,2025-05-06 开始转股,计算使用4.3年期 评级为AA 债参考YTM：1.9232,N,46.0,全价：136.249 最后更新：14:59:49,,,,0,"{'G': '本次（2026年1月22日至2026年3月10日）不提前赎回，以2027年3月10日之后的首个交易日重新起算', 'M': ''}",0,0,N,,,buy,buy
2026-07-13 10:38:41,127078,优彩转债,yczz,143.981,-1.32,002998,优彩资源,yczy,6.92,-2.95,1.35,6.31,109.67,0,31.29,175.27,220401,基础化工,szmb,C,2023-01-09,[],0,0,buy,A+,,4.417,8.203,22.2,buy,2028-12-14,2.425,4.158,6011.03,9644.54,10.03,-7.62,,0,15:34:15,00,Y,N,0,0,Y,,2023-06-20 开始转股,计算使用2.5年期 评级为A+ 债参考YTM：4.4902,N,6.0,全价：143.981 最后更新：15:34:15,,,,0,[],0,0,N,,,buy,buy
2026-07-13 10:38:41,118072,鼎通转债,dtzz,100.0,0.0,688668,鼎通科技,dtkj,322.0,-3.19,21.8,423.54,76.03,170,31.53,131.53,730204,通信,shkc,C,,[],0,0,buy,A+,,296.478,550.602,2.1,buy,2032-06-23,5.951,9.3,0.0,124447.48,0.0,2.85,,0,,00,Y,N,0,0,Y,,未到转股期；2026-12-30 开始转股,计算使用6.0年期 评级为A+ 债参考YTM：5.8016,N,9.3,待上市,,,,0,{'M': ''},0,0,N,,,buy,buy
2026-07-13 10:38:41,127070,大中转债,dzzz,350.203,-0.69,001203,大中矿业,dzky,28.01,-3.08,5.74,10.56,265.25,0,32.03,382.23,230301,钢铁,szmb,C,2022-10-11,[],0,0,buy,AA,,7.392,13.728,2.6,buy,2028-08-17,2.099,9.342,50893.4,67236.14,15.8,-41.57,,0,15:34:45,00,Y,N,0,0,Y,,2023-02-23 开始转股,计算使用2.1年期 评级为AA 债参考YTM：1.7045,N,15.2,全价：350.203 最后更新：15:34:45,,,,0,"{'G': '本次（2026年2月24日至2026年3月16日）不提前赎回，以2026年9月16日后的首个交易日重新计算', 'M': ''}",0,0,N,,,buy,buy
2026-07-13 10:38:41,127103,东南转债,dnzz,138.688,-2.08,002135,东南网架,dnwj,5.87,-6.83,1.03,5.59,105.01,0,32.07,170.76,620401,建筑装饰,szmb,C,2024-01-24,[],0,0,buy,AA,,3.913,7.267,33.4,buy,2030-01-03,3.48,19.999,5978.98,11345.47,2.15,-6.0,,0,15:34:48,00,Y,N,0,0,Y,,2024-07-09 开始转股,计算使用3.5年期 评级为AA 债参考YTM：1.8157,N,20.0,全价：138.688 最后更新：15:34:48,,,,0,"{'G': '本次（2026年3月17日至2026年4月28日）不提前赎回，自2026年7月28日后首个交易日重新计算', 'M': ''}",0,0,N,,,buy,buy
2026-07-13 10:38:41,110099,福能转债,fnzz,142.001,0.24,600483,福能股份,fngf,10.53,1.84,1.04,9.84,107.01,0,32.7,174.7,410110,公用事业,shmb,C,2025-10-30,[],0,0,buy,AA+,,6.888,12.792,13.0,buy,2031-10-13,5.255,38.019,10753.95,29964.32,1.98,-4.75,,0,14:59:57,00,Y,N,0,0,N,2026-07-09 至 2026-07-15 期间暂停转股：权益分派,2026-04-17 开始转股;2026-07-09 至 2026-07-15 期间暂停转股：权益分派,计算使用5.3年期 评级为AA+ 债参考YTM：1.8839,N,38.02,全价：142.001 最后更新：14:59:57,,,,0,{'M': ''},0,0,N,,,buy,buy
2026-07-13 10:38:41,123160,泰福转债,tfzz,156.699,-3.49,300992,泰福泵业,tfby,23.23,-9.15,2.45,19.7,117.92,0,32.89,189.59,640106,机械设备,szcy,C,2022-10-25,[],0,0,buy,A,,13.79,25.61,12.8,buy,2028-09-28,2.214,2.315,11802.09,9591.59,32.2,-11.84,,0,15:34:30,00,Y,N,1,1,Y,转股价下修1次，成功下修1次,2023-04-11 开始转股,计算使用2.3年期 评级为A 债参考YTM：6.7829,N,3.349,全价：156.699 最后更新：15:34:30,,,,0,"{'G': '本次（2026年5月6日至2026年5月26日）不提前赎回，自2026年8月31日后首个交易日重新计算', 'M': ''}",0,0,N,,,buy,buy
2026-07-13 10:38:41,118050,航宇转债,hyzz,251.725,-11.25,688239,航宇科技,hykj,46.88,-15.38,4.35,24.81,188.96,0,33.22,284.95,650201,国防军工,shkc,C,2024-09-10,[],0,0,buy,AA-,,17.367,32.253,7.4,buy,2030-08-21,4.11,6.597,108055.23,59252.55,63.27,-16.79,,0,15:00:00,00,Y,N,0,0,Y,,2025-02-27 开始转股,计算使用4.2年期 评级为AA- 债参考YTM：2.4449,N,6.67,全价：251.725 最后更新：15:00:00,,,,0,"{'G': '本次（2026年5月28日至2026年6月17日）不提前赎回，自2026年9月18日为首个交易日重新计算', 'M': ''}",0,0,N,,,buy,buy
2026-07-13 10:38:41,113677,华懋转债,hmzz,330.988,-7.06,603306,华懋科技,hmkj,83.53,-6.63,7.92,33.66,248.16,0,33.38,364.37,280202,汽车,shmb,C,2023-10-12,[],0,0,buy,AA-,,23.562,43.758,3.8,buy,2029-09-14,3.175,10.489,47132.57,106114.69,13.18,-28.45,,0,14:59:59,00,Y,N,0,0,Y,,2024-03-20 开始转股,计算使用3.2年期 评级为AA- 债参考YTM：2.3336,N,10.5,全价：330.988 最后更新：14:59:59,,,,0,{'M': ''},0,0,N,,,buy,buy
2026-07-13 10:38:41,123131,奥飞转债,afzz,280.689,1.03,300738,奥飞数据,afsj,21.15,1.54,5.35,10.05,210.45,0,33.38,314.07,730104,通信,szcy,C,2021-12-22,[],0,0,buy,A+,,7.035,13.065,1.5,buy,2027-12-03,1.392,3.159,117315.28,149298.59,131.14,-46.96,,0,15:34:45,00,Y,N,0,0,Y,,2022-06-09 开始转股,计算使用1.4年期 评级为A+ 债参考YTM：4.2478,N,6.35,全价：280.689 最后更新：15:34:45,,,,1,"{'G': '本次（2026年5月21日至2026年6月10日）不提前赎回，以2026年12月10日后的首个交易日重新计算', 'M': ''}",0,0,N,,,buy,buy
2026-07-13 10:38:41,113052,兴业转债,xyzz,116.139,0.49,601166,兴业银行,xyyh,17.47,0.81,0.41,20.13,86.79,0,33.82,149.96,480301,银行,shmb,C,2022-01-14,[],0,0,buy,AAA,,,26.169,11.2,buy,2027-12-27,1.458,413.5,47538.57,166931.76,0.99,-2.92,,0,14:59:48,00,Y,Y,0,0,Y,,2022-06-30 开始转股,计算使用1.5年期 评级为AAA 债参考YTM：1.5431,N,500.0,全价：116.139 最后更新：14:59:48,,,,0,{'M': ''},0,0,N,,,buy,buy
2026-07-13 10:38:41,123183,海顺转债,hszz,133.2,-1.66,300501,海顺新材,hsxc,11.57,-5.09,2.08,11.63,99.48,0,33.89,167.09,360206,轻工制造,szcy,C,2023-04-20,[],0,0,buy,AA-,,8.141,15.119,19.7,buy,2029-03-23,2.696,6.329,4976.97,5250.58,5.89,-4.31,,0,15:34:36,00,Y,N,2,0,Y,转股价下修2次，成功下修0次,2023-10-09 开始转股,计算使用2.7年期 评级为AA- 债参考YTM：2.2052,N,6.33,全价：133.200 最后更新：15:34:36,,,,0,[],0,0,N,,,buy,buy
2026-07-13 10:38:41,127064,杭氧转债,hyzz,143.8,0.3,002430,杭氧股份,hygf,27.56,6.04,2.65,25.67,107.36,0,33.94,177.74,220309,基础化工,szmb,C,2022-07-05,[],0,0,buy,AA+,,17.969,33.371,4.2,buy,2028-05-19,1.852,11.364,70598.73,137911.77,41.94,-13.68,,0,15:34:39,00,Y,N,1,1,Y,转股价下修1次，成功下修1次,2022-11-25 开始转股,计算使用1.9年期 评级为AA+ 债参考YTM：1.6077,N,11.37,全价：143.800 最后更新：15:34:39,,,,1,{'M': ''},0,0,N,,,buy,buy
2026-07-13 10:38:41,127030,盛虹转债,shzz,115.693,-2.76,000301,东方盛虹,dfsh,11.4,-9.16,2.12,13.21,86.3,0,34.06,149.75,750301,石油石化,szmb,C,2021-04-21,[],0,0,buy,AA+,,9.247,17.173,6.6,buy,2027-03-22,0.69,49.974,11966.4,47436.27,2.06,-9.63,,0,15:34:21,00,Y,N,0,0,Y,,2021-09-27 开始转股,计算使用0.7年期 评级为AA+ 债参考YTM：1.5258,N,50.0,全价：115.693 最后更新：15:34:21,,,,1,{'M': ''},0,0,N,,,buy,buy
2026-07-13 10:38:41,123104,卫宁转债,wnzz,132.0,-0.36,300253,卫宁健康,wnjk,6.91,-3.09,2.72,7.02,98.43,0,34.1,166.1,710401,计算机,szcy,C,2021-03-31,[],0,0,buy,AA,,4.914,9.126,7.6,buy,2027-03-16,0.674,9.699,6723.7,44436.93,5.27,-13.54,,0,15:34:27,00,Y,N,2,2,Y,转股价下修2次，成功下修2次,2021-09-22 开始转股,计算使用0.7年期 评级为AA 债参考YTM：1.5661,N,9.703,全价：132.000 最后更新：15:34:27,,,,1,{'M': ''},0,0,N,,,buy,buy
2026-07-13 10:38:41,110075,南航转债,nhzz,109.318,-0.96,600029,南方航空,nfhk,5.01,-1.96,2.45,6.17,81.2,0,34.63,143.95,421001,交通运输,shmb,C,2020-11-03,[],0,0,buy,AAA,,4.319,8.021,8.7,buy,2026-10-15,0.258,58.959,16024.87,39678.61,2.49,-10.12,,0,14:59:51,00,Y,N,0,0,Y,,2021-04-21 开始转股,计算使用0.3年期 评级为AAA 债参考YTM：1.4601,N,160.0,全价：109.318 最后更新：14:59:51,,,,1,{'M': ''},0,0,N,,,buy,buy
2026-07-13 10:38:41,118056,路维转债,lwzz,344.449,-2.03,688401,路维光电,lwgd,82.48,-1.81,9.22,32.3,255.36,0,34.89,379.34,270103,电子,shkc,C,2025-07-10,[],0,0,buy,AA-,,22.61,41.99,3.9,buy,2031-06-11,4.915,6.145,92572.58,77731.43,42.27,-20.09,,0,15:00:00,00,Y,N,0,0,Y,,2025-12-17 开始转股,计算使用5.0年期 评级为AA- 债参考YTM：2.6015,N,6.15,全价：344.449 最后更新：15:00:00,,,,0,"{'G': '本次（2026年4月9日至2026年4月29日）不提前赎回，以2026年7月30日为首个交易日重新计算', 'M': ''}",0,0,N,,,buy,buy
2026-07-13 10:38:41,123149,通裕转债,tyzz,132.919,-0.77,300185,通裕重工,tyzg,2.67,-2.55,1.48,2.71,98.52,0,34.91,167.83,630602,电力设备,szcy,C,2022-07-15,[],0,0,buy,AA,,1.897,3.523,10.8,buy,2028-06-20,1.94,11.069,6400.58,18198.05,4.35,-7.76,,0,15:34:42,00,Y,N,0,0,Y,,2022-12-26 开始转股,计算使用2.0年期 评级为AA 债参考YTM：1.6945,N,14.847,全价：132.919 最后更新：15:34:42,,,,1,{'M': ''},0,0,N,,,buy,buy
2026-07-13 10:38:41,123107,温氏转债,wszz,113.2,-0.42,300498,温氏股份,wsgf,13.5,1.2,2.23,16.09,83.9,0,34.92,148.12,110702,农林牧渔,szcy,C,2021-04-21,[],0,0,buy,AAA,,11.263,20.917,9.6,buy,2027-03-29,0.71,77.063,12411.7,90486.99,1.42,-6.47,,0,15:34:30,00,Y,N,0,0,Y,,2021-10-08 开始转股,计算使用0.8年期 评级为AAA 债参考YTM：1.5033,N,92.97,全价：113.200 最后更新：15:34:30,,,,1,{'M': ''},0,0,N,,,buy,buy
2026-07-13 10:38:41,118030,睿创转债,rczz,496.077,-2.12,688002,睿创微纳,rcwn,141.56,-4.99,9.1,38.65,366.26,0,35.44,531.52,650501,国防军工,shkc,C,2023-02-10,[],0,0,buy,AA,,27.055,50.245,1.9,buy,2028-12-30,2.469,12.622,55975.91,245475.62,8.91,-45.43,,0,14:59:59,00,Y,N,0,0,Y,,2023-07-06 开始转股,计算使用2.5年期 评级为AA 债参考YTM：1.7327,N,15.647,全价：496.077 最后更新：14:59:59,,,,0,"{'G': '本次（2026年3月18日至2026年4月8日）不提前赎回，以2027年4月9日为首个交易日重新计算', 'M': ''}",0,0,N,,,buy,buy
2026-07-13 10:38:41,123150,九强转债,jqzz,132.68,-0.73,300406,九强生物,jqsw,11.25,0.18,1.7,11.6,96.98,0,36.81,169.49,370504,医药生物,szcy,C,2022-07-20,[],0,0,buy,AA-,,8.12,15.08,23.5,buy,2028-06-30,1.967,11.21,2556.31,4720.14,1.71,-8.22,,0,15:34:51,00,Y,N,1,1,Y,转股价下修1次，成功下修1次,2023-01-06 开始转股,计算使用2.0年期 评级为AA- 债参考YTM：2.0245,N,11.39,全价：132.680 最后更新：15:34:51,,,,1,{'M': ''},0,0,N,,,buy,buy
2026-07-13 10:38:41,127027,能化转债,nhzz,112.764,-0.03,000552,甘肃能化,gsnh,2.41,0.84,0.77,2.93,82.25,0,37.09,149.85,740101,煤炭,szmb,C,2021-01-22,[],0,0,buy,AAA,,2.051,3.809,21.7,buy,2026-12-10,0.411,19.464,2383.91,12825.81,1.09,-6.01,,0,15:34:12,00,Y,N,0,0,Y,,2021-06-16 开始转股,计算使用0.5年期 评级为AAA 债参考YTM：1.4800,N,28.0,全价：112.764 最后更新：15:34:12,,,,1,{'M': ''},0,0,N,,,buy,buy
2026-07-13 10:38:41,123209,聚隆转债,jlzz,164.806,-4.77,300644,南京聚隆,njjl,21.02,-7.64,2.08,17.52,119.98,0,37.36,202.17,220503,基础化工,szcy,C,2023-08-17,[],0,0,buy,A+,,12.264,22.776,9.0,buy,2029-07-26,3.038,1.672,5454.59,6706.11,19.61,-10.64,,0,15:33:54,00,Y,N,0,0,Y,,2024-02-01 开始转股,计算使用3.1年期 评级为A+ 债参考YTM：4.6654,N,2.185,全价：164.806 最后更新：15:33:54,,,,0,{'G': '本次（2026年1月26日至2026年2月13日）不提前赎回，自2026年8月13日后首个交易日重新计算'},0,0,N,,,buy,buy
2026-07-13 10:38:41,123124,晶瑞转2,jrz2,144.361,-2.26,300655,晶瑞电材,jrdc,16.66,-5.29,7.03,15.88,104.91,0,37.6,181.96,270601,电子,szcy,C,2021-09-07,[],0,0,buy,A+,,11.116,20.644,2.8,buy,2027-08-16,1.093,5.224,13490.12,136924.88,17.75,-23.06,,1,15:34:42,00,Y,N,0,0,Y,,2022-02-21 开始转股,计算使用1.1年期 评级为A+ 债参考YTM：4.1988,N,5.23,全价：144.361 最后更新：15:34:42,,,,1,{'M': ''},0,0,N,,23年6月前不下修,buy,buy
2026-07-13 10:38:41,127045,牧原转债,myzz,122.57,0.33,002714,牧原股份,mygf,38.55,1.07,2.55,43.32,88.99,0,37.74,160.31,110702,农林牧渔,szmb,C,2021-09-10,[],0,0,buy,AAA,,30.324,56.316,7.5,buy,2027-08-16,1.093,95.43,16626.87,323265.89,1.42,-10.68,,0,15:34:51,00,Y,Y,0,0,Y,,2022-02-21 开始转股,计算使用1.1年期 评级为AAA 债参考YTM：1.5231,N,95.5,全价：122.570 最后更新：15:34:51,,,,1,{'M': ''},0,0,N,,,buy,buy
2026-07-13 10:38:41,123158,宙邦转债,zbzz,230.6,-3.85,300037,新宙邦,xzb,67.41,-7.12,4.53,40.49,166.49,0,38.51,269.11,630702,电力设备,szcy,C,2022-10-21,[],0,0,buy,AA,,28.343,52.637,4.9,buy,2028-09-26,2.208,18.046,40900.76,220996.61,9.6,-27.9,,0,15:34:36,00,Y,N,0,0,Y,,2023-03-30 开始转股,计算使用2.3年期 评级为AA 债参考YTM：1.7204,N,19.7,全价：230.600 最后更新：15:34:36,,,,0,"{'G': '本次（2025年12月25日至2026年1月22日）不提前赎回，自2026年7月22日后首个交易日重新计算', 'M': ''}",0,0,N,,,buy,buy
2026-07-13 10:38:41,127037,银轮转债,ylzz,681.2,-4.59,002126,银轮股份,ylgf,50.5,-7.34,5.66,10.27,491.72,0,38.53,719.73,280203,汽车,szmb,C,2021-07-09,[],0,0,buy,AA,,7.189,13.351,1.3,buy,2027-06-07,0.901,5.055,29322.98,127476.88,8.37,-93.02,,0,15:34:48,00,Y,N,0,0,Y,,2021-12-13 开始转股,计算使用1.0年期 评级为AA 债参考YTM：1.5866,N,7.0,全价：681.200 最后更新：15:34:48,,,,1,"{'G': '本次（2026年5月27日至2026年6月16日）不提前赎回，2027年5月16日后首个交易日重新计算', 'M': ''}",0,0,N,,,buy,buy
2026-07-13 10:38:41,123065,宝莱转债,blzz,120.365,-0.77,300246,宝莱特,blt,15.8,4.84,3.7,18.3,86.34,0,39.41,159.78,370502,医药生物,szcy,C,2020-09-24,[],0,0,buy,AA-,,12.81,23.79,6.5,buy,2026-09-04,0.145,2.18,4740.42,30431.94,18.01,-31.28,,0,15:34:21,00,Y,N,2,2,Y,转股价下修2次，成功下修2次,2021-03-11 开始转股,计算使用0.2年期 评级为AA- 债参考YTM：1.7087,N,2.19,全价：120.365 最后更新：15:34:21,,,,0,[],0,0,N,,,buy,buy
2026-07-13 10:38:41,118051,皓元转债,hyzz,285.998,-2.04,688131,XD皓元医,hyyy,82.4,-6.01,5.48,40.22,204.87,0,39.6,325.6,370603,医药生物,shkc,C,2024-12-19,[],0,0,buy,AA-,,28.154,52.286,4.7,buy,2030-11-28,4.381,8.218,42235.97,57372.78,17.99,-18.67,,0,14:59:58,00,Y,N,0,0,Y,,2025-06-04 开始转股,计算使用4.4年期 评级为AA- 债参考YTM：2.4812,N,8.223,全价：285.998 最后更新：14:59:58,,,,0,"{'G': '本次（2026年5月20日至2026年6月9日）不提前赎回，以2026年10月12日为首个交易日重新计算', 'M': ''}",0,0,N,,,buy,buy
2026-07-13 10:38:41,123064,万孚转债,wfzz,111.353,0.12,300482,万孚生物,wfsw,16.65,-1.13,1.41,20.88,79.74,0,39.64,150.99,370504,医药生物,szcy,C,2020-09-23,[],0,0,buy,AA,,14.616,27.144,8.3,buy,2026-09-01,0.137,5.976,3484.27,15579.66,5.23,-8.87,,0,15:34:21,00,Y,N,3,3,Y,转股价下修3次，成功下修3次,2021-03-08 开始转股,计算使用0.2年期 评级为AA 债参考YTM：1.5087,N,6.0,全价：111.353 最后更新：15:34:21,,,,1,{'M': ''},0,0,N,,,buy,buy
2026-07-13 10:38:41,127088,赫达转债,hdzz,165.613,-3.08,002810,山东赫达,sdhd,19.85,-3.87,3.02,16.76,118.44,0,39.83,205.44,220309,基础化工,szmb,C,2023-07-19,[],0,0,buy,AA-,,11.732,21.788,9.4,buy,2029-07-03,2.975,5.996,12072.7,19771.82,12.17,-10.78,,0,15:34:27,00,Y,N,0,0,N,2026-07-07 至 2026-07-14 期间暂停转股：权益分派,2024-01-08 开始转股;2026-07-07 至 2026-07-14 期间暂停转股：权益分派,计算使用3.0年期 评级为AA- 债参考YTM：2.2905,N,6.0,全价：165.613 最后更新：15:34:27,,,,0,"{'G': '本次（2026年3月30日至2026年4月20日）不提前赎回，自2026年10月21日起重新计算', 'M': ''}",0,0,N,,,buy,buy
2026-07-13 10:38:41,127104,姚记转债,yjzz,147.4,-1.91,002605,姚记科技,yjkj,20.63,1.08,2.18,19.58,105.36,0,39.9,187.3,720401,传媒,szmb,C,2024-02-26,[],0,0,buy,A+,,13.706,25.454,8.3,buy,2030-01-24,3.537,5.822,9727.22,39865.86,11.3,-5.71,,0,15:34:51,00,Y,N,0,0,Y,,2024-07-31 开始转股,计算使用3.6年期 评级为A+ 债参考YTM：4.7351,N,5.831,全价：147.400 最后更新：15:34:51,,,,0,[],0,0,N,,,buy,buy
2026-07-13 10:38:41,123211,阳谷转债,ygzz,157.74,-4.41,300121,阳谷华泰,yght,10.29,-11.83,1.25,9.2,111.85,0,41.03,198.77,220604,基础化工,szcy,C,2023-08-14,[],0,0,buy,AA-,,6.44,11.96,6.9,buy,2029-07-27,3.041,3.07,13352.48,45327.81,27.02,-8.9,,0,15:34:51,00,Y,N,0,0,Y,,2024-02-02 开始转股,计算使用3.1年期 评级为AA- 债参考YTM：2.3144,N,6.5,全价：157.740 最后更新：15:34:51,,,,0,[],0,0,N,,,buy,buy
2026-07-13 10:38:41,127034,绿茵转债,lyzz,123.97,-1.94,002887,绿茵生态,lyst,9.83,-5.02,1.23,11.21,87.69,0,41.37,165.34,760104,环保,szmb,C,2021-05-28,[],0,0,buy,AA-,,7.847,14.573,20.0,buy,2027-04-30,0.797,4.279,3417.07,3660.33,6.4,-11.14,,0,15:34:03,00,Y,N,0,0,Y,,2021-11-11 开始转股,计算使用0.8年期 评级为AA- 债参考YTM：1.8141,N,7.12,全价：123.970 最后更新：15:34:03,,,,1,[],0,0,N,,,buy,buy
2026-07-13 10:38:41,111025,圣泉转债,sqzz,100.0,0.0,605589,圣泉集团,sqjt,50.05,-4.45,3.88,70.8,70.69,172,41.46,141.46,220504,基础化工,shmb,C,,[],0,0,buy,AA+,,49.56,92.04,5.9,buy,2032-06-24,5.953,25.0,0.0,197795.81,0.0,1.87,,0,,00,Y,N,0,0,Y,,未到转股期；2027-01-01 开始转股,计算使用6.0年期 评级为AA+ 债参考YTM：1.9616,N,25.0,待上市,,,,0,{'M': ''},0,0,N,,,buy,buy
2026-07-13 10:38:41,128142,新乳转债,xrzz,114.409,0.02,002946,新乳业,xry,14.08,1.15,3.09,17.5,80.46,0,42.2,156.61,340702,食品饮料,szmb,C,2021-01-19,[],0,0,buy,AA,,12.25,22.75,6.0,buy,2026-12-18,0.433,7.178,2506.3,8611.2,3.05,-8.96,,0,15:34:21,00,Y,N,0,0,Y,,2021-06-24 开始转股,计算使用0.5年期 评级为AA 债参考YTM：1.5500,N,7.18,全价：114.409 最后更新：15:34:21,,,,1,{'M': ''},0,0,N,,,buy,buy
2026-07-13 10:38:41,127047,帝欧转债,dozz,135.581,-2.85,002798,帝欧水华,dosh,4.82,-6.77,1.53,5.1,94.51,0,43.46,179.04,360306,轻工制造,szmb,C,2021-11-26,[],0,0,buy,BBB+,,3.57,6.63,18.7,buy,2027-10-25,1.285,4.654,3672.08,6589.72,5.79,-10.97,,0,15:34:30,00,Y,N,1,1,Y,转股价下修1次，成功下修1次,2022-04-29 开始转股,计算使用1.3年期 评级为BBB+ 债参考YTM：12.0102,N,15.0,全价：135.581 最后更新：15:34:30,,,,1,{'G': '本次（2026年4月15日至2026年5月8日）不提前赎回，以2026年8月8日后首个交易日起重新计算'},0,0,N,,,buy,buy
2026-07-13 10:38:41,127050,麒麟转债,qlzz,129.95,-0.27,002984,森麒麟,sql,13.6,0.15,1.02,15.07,90.25,0,44.0,173.95,280204,汽车,szmb,C,2021-12-06,[],0,0,buy,AA,,10.549,19.591,21.5,buy,2027-11-11,1.332,20.86,9216.83,13796.57,3.41,-10.82,,0,15:34:18,00,Y,N,2,2,Y,转股价下修2次，成功下修2次,2022-05-17 开始转股,计算使用1.4年期 评级为AA 债参考YTM：1.6241,N,21.989,全价：129.950 最后更新：15:34:18,,,,1,{'M': ''},0,0,N,,,buy,buy
2026-07-13 10:38:41,127095,广泰转债,gtzz,141.2,-2.29,002111,威海广泰,whgt,8.89,-4.0,1.49,9.07,98.02,0,44.06,185.26,650201,国防军工,szmb,C,2023-11-10,[],0,0,buy,AA-,,6.349,11.791,15.9,buy,2029-10-18,3.269,6.927,4165.67,9508.26,4.24,-5.12,,0,15:34:30,00,Y,N,0,0,N,2026-07-13 至 2026-07-20 期间暂停转股：权益分派,2024-04-24 开始转股;2026-07-13 至 2026-07-20 期间暂停转股：权益分派,计算使用3.3年期 评级为AA- 债参考YTM：2.3488,N,7.0,全价：141.200 最后更新：15:34:30,,,,0,[],0,0,N,,,buy,buy
2026-07-13 10:38:41,113686,泰瑞转债,trzz,147.437,-1.61,603289,泰瑞机器,trjq,8.17,-2.16,1.6,8.0,102.13,0,44.37,191.81,640209,机械设备,shmb,C,2024-07-24,[],0,0,buy,AA-,,5.6,10.4,14.0,buy,2030-07-02,3.973,3.363,5042.15,4386.23,10.15,-5.24,,0,14:59:58,00,Y,N,0,0,Y,,2025-01-08 开始转股,计算使用4.0年期 评级为AA- 债参考YTM：2.4155,N,3.378,全价：147.437 最后更新：14:59:58,,,,0,{'G': '本次（2026年5月6日至2026年5月26日）不提前赎回，自2026年8月26日之后的首个交易日重新起算'},0,0,N,,,buy,buy
2026-07-13 10:38:41,113646,永吉转债,yjzz,149.993,-3.1,603058,永吉股份,yjgf,8.36,-6.07,2.9,8.05,103.85,0,44.43,194.42,360205,轻工制造,shmb,C,2022-05-17,[],0,0,buy,AA-,,5.635,10.465,4.0,buy,2028-04-14,1.756,1.372,4584.35,4336.74,22.14,-16.29,,0,14:59:58,00,Y,N,0,0,Y,,2022-10-20 开始转股,计算使用1.8年期 评级为AA- 债参考YTM：1.9880,N,1.459,全价：149.993 最后更新：14:59:58,,,,1,[],0,0,N,,,buy,buy
2026-07-13 10:38:41,123112,万讯转债,wxzz,130.3,-1.33,300112,万讯自控,wxzk,5.8,-4.92,1.7,6.43,90.2,0,44.45,174.75,640107,机械设备,szcy,C,2021-04-23,[],0,0,buy,AA-,,4.501,8.359,16.4,buy,2027-04-08,0.737,2.265,4868.75,3722.4,16.55,-12.86,,0,15:34:24,00,Y,N,1,1,Y,转股价下修1次，成功下修1次,2021-10-14 开始转股,计算使用0.8年期 评级为AA- 债参考YTM：1.8141,N,2.457,全价：130.300 最后更新：15:34:24,,,,1,[],0,0,N,,,buy,buy
2026-07-13 10:38:41,118012,微芯转债,wxzz,155.152,-1.32,688321,微芯生物,wxsw,27.2,-1.95,4.66,25.34,107.34,0,44.54,199.69,370102,医药生物,shkc,C,2022-07-28,[],0,0,buy,A+,,17.738,32.942,4.5,buy,2028-07-05,1.981,4.996,8827.14,29398.6,11.36,-13.23,,0,14:59:35,00,Y,N,0,0,Y,,2023-01-11 开始转股,计算使用2.0年期 评级为A+ 债参考YTM：4.3645,N,5.0,全价：155.152 最后更新：14:59:35,,,,1,{'M': ''},0,0,N,,,buy,buy
2026-07-13 10:38:41,113661,福22转债,f22zz,134.502,-2.31,603806,福斯特,fst,13.55,-4.85,2.12,14.59,92.87,0,44.83,179.33,630504,电力设备,shmb,C,2022-12-22,[],0,0,buy,AA,,10.213,18.967,8.6,buy,2028-11-22,2.364,30.297,10332.54,52311.9,2.53,-7.12,,0,14:59:59,00,Y,N,1,1,Y,转股价下修1次，成功下修1次,2023-05-29 开始转股,计算使用2.4年期 评级为AA 债参考YTM：1.7269,N,30.3,全价：134.502 最后更新：14:59:59,,,,0,{'M': ''},0,0,N,,,buy,buy
2026-07-13 10:38:41,118062,天准转债,tzzz,229.98,-8.38,688003,天准科技,tzkj,87.49,-9.33,8.48,55.13,158.7,0,44.92,274.9,640704,机械设备,shkc,C,2025-12-31,[],0,0,buy,AA-,,38.591,66.156,5.1,buy,2031-12-12,5.419,8.719,64740.43,56646.06,31.42,-12.03,,0,14:59:59,00,Y,N,0,0,Y,,2026-06-18 开始转股,计算使用5.5年期 评级为AA- 债参考YTM：3.0041,N,8.72,全价：229.980 最后更新：14:59:59,,,,0,"{'G': '本次（2026年6月18日至2026年7月9日）不提前赎回，以2026年10月10日为首个交易日重新计算', 'M': '', 'EX': '债券持有人青一投资、宁波准智等大宗减持15.65% 2026年07月10日公告\n债券持有人青一投资、宁波准智等大宗减持13.27% 2026年07月03日公告'}",0,0,N,120%,,buy,buy
2026-07-13 10:38:41,128127,文科转债,wkzz,113.2,-0.28,002775,文科股份,wkgf,3.06,-5.56,35.17,3.92,78.06,0,45.01,158.21,620307,建筑装饰,szmb,C,2020-09-11,[],0,0,buy,BBB+,,2.744,5.096,43.2,buy,2026-08-20,0.104,7.681,2924.0,3784.56,3.36,15.68,,0,15:34:00,00,Y,N,2,2,Y,转股价下修2次，成功下修2次,2021-03-01 开始转股,计算使用0.2年期 评级为BBB+ 债参考YTM：11.7378,N,9.5,全价：113.200 最后更新：15:34:00,,,,1,[],0,0,N,,,buy,buy
2026-07-13 10:38:41,113070,渝水转债,yszz,126.592,0.12,601158,重庆水务,cqsw,4.12,1.48,1.13,4.72,87.29,0,45.03,171.62,760102,环保,shmb,C,2025-02-13,[],0,0,buy,AAA,,3.304,6.136,9.6,buy,2031-01-09,4.496,18.998,5144.07,4469.53,2.14,-2.86,,0,14:58:48,00,Y,N,0,0,Y,,2025-07-15 开始转股,计算使用4.5年期 评级为AAA 债参考YTM：1.7234,N,19.0,全价：126.592 最后更新：14:58:48,,,,0,{'M': ''},0,0,N,,,buy,buy
2026-07-13 10:38:41,123194,百洋转债,byzz,135.013,-0.62,301015,百洋医药,byyy,23.05,0.57,4.68,24.79,92.98,0,45.2,180.21,370402,医药生物,szcy,C,2023-05-05,[],0,0,buy,AA-,,17.353,32.227,7.0,buy,2029-04-14,2.756,8.459,8503.71,41394.07,7.4,-5.29,,0,15:34:39,00,Y,N,0,0,Y,,2023-10-20 开始转股,计算使用2.8年期 评级为AA- 债参考YTM：2.2345,N,8.6,全价：135.013 最后更新：15:34:39,,,,0,{'M': ''},0,0,N,,,buy,buy
2026-07-13 10:38:41,123258,胜蓝转02,slz2,344.111,-2.52,300843,胜蓝股份,slgf,128.8,-9.78,12.79,54.36,236.94,0,45.23,389.34,270504,电子,szcy,C,2025-09-10,[],0,0,buy,AA-,,38.052,70.668,2.2,buy,2031-08-28,5.129,4.498,51316.03,105224.2,33.18,-19.09,,0,15:34:30,00,Y,N,0,0,Y,,2026-03-03 开始转股,计算使用5.2年期 评级为AA- 债参考YTM：2.7020,N,4.5,全价：344.111 最后更新：15:34:30,,,,0,"{'G': '本次（2026年4月22日至2026年5月19日）不提前赎回，自2026年8月19日后首个交易日重新计算', 'M': ''}",0,0,N,,,buy,buy
2026-07-13 10:38:41,113597,佳力转债,jlzz,117.802,-0.02,603912,佳力图,jlt,7.02,-6.52,2.15,8.68,80.88,0,45.66,163.46,640105,机械设备,shmb,C,2020-08-21,[],0,0,buy,AA-,,6.076,11.284,7.8,buy,2026-07-30,0.047,2.965,7909.2,12012.31,22.64,3.84,,0,14:59:42,00,Y,N,1,1,Y,转股价下修1次，成功下修1次,2021-02-05 开始转股,计算使用0.1年期 评级为AA- 债参考YTM：1.6980,N,3.0,全价：117.802 最后更新：14:59:42,,,,1,{'R': '到期\n最后交易日：2026-07-24\n最后转股日：2026-07-29\n债券到期日：2026-07-30\n到期赎回价：118.000元/张'},0,0,N,,,buy,buy
2026-07-13 10:38:41,123195,蓝晓转02,lxz02,197.2,0.72,300487,蓝晓科技,lxkj,80.08,-1.0,8.86,59.21,135.25,0,45.81,243.01,220504,基础化工,szcy,C,2023-05-08,[],0,0,buy,A+,,41.447,76.973,2.2,buy,2029-04-17,2.764,5.458,154802.48,264773.63,140.81,-16.89,,0,15:34:45,00,Y,N,0,0,Y,,2023-10-23 开始转股,计算使用2.8年期 评级为A+ 债参考YTM：4.5822,N,5.461,全价：197.200 最后更新：15:34:45,,,,0,{'M': ''},0,0,N,,,buy,buy
2026-07-13 10:38:41,127109,电化转债,dhzz,161.53,-3.09,002125,湘潭电化,xtdh,11.06,-5.95,2.03,9.99,110.71,0,45.9,207.43,630702,电力设备,szmb,C,2025-07-04,[],0,0,buy,AA,,6.993,12.987,7.0,buy,2031-06-16,4.929,4.866,10368.47,25839.76,13.07,-6.84,,0,15:34:51,00,Y,N,0,0,Y,,2025-12-22 开始转股,计算使用5.0年期 评级为AA 债参考YTM：2.0115,N,4.87,全价：161.530 最后更新：15:34:51,,,,0,"{'G': '本次（2026年4月14日至2026年5月7日）不提前赎回，自2026年8月7日后首个交易日重新计算', 'M': ''}",0,0,N,,,buy,buy
2026-07-13 10:38:41,113704,春风转债,cfzz,160.529,0.36,603129,春风动力,cfdl,265.75,5.45,5.1,241.7,109.95,156,46.0,206.53,280402,汽车,shmb,C,2026-07-07,[],0,0,buy,AA+,,169.19,314.21,5.3,buy,2032-06-09,5.912,21.79,97164.7,47391.03,27.56,-5.93,,0,15:00:00,00,Y,N,0,0,Y,,未到转股期；2026-12-16 开始转股,计算使用6.0年期 评级为AA+ 债参考YTM：1.9616,N,21.79,全价：160.529 最后更新：15:00:00,,,,0,{'M': ''},0,0,N,,,buy,buy
2026-07-13 10:38:41,113695,华辰转债,hczz,139.175,-3.92,603097,江苏华辰,jshc,15.88,-5.19,3.21,16.68,95.2,0,46.19,185.37,630801,电力设备,shmb,C,2025-07-10,[],0,0,buy,A+,,11.676,21.684,12.9,buy,2031-06-20,4.94,4.597,6617.61,4031.29,10.23,-3.22,,0,14:59:39,00,Y,N,0,0,Y,,2025-12-26 开始转股,计算使用5.0年期 评级为A+ 债参考YTM：4.9515,N,4.6,全价：139.175 最后更新：14:59:39,,,,0,[],1,0,N,,,buy,buy
2026-07-13 10:38:41,127053,豪美转债,hmzz,170.5,-4.25,002988,豪美新材,hmxc,20.07,-5.51,1.84,17.23,116.48,0,46.37,216.87,240301,有色金属,szmb,C,2022-03-04,[],0,0,buy,AA-,,12.061,22.399,5.1,buy,2028-01-24,1.534,2.575,6933.0,7007.13,15.68,-20.47,,0,15:34:33,00,Y,N,1,1,Y,转股价下修1次，成功下修1次,2022-07-28 开始转股,计算使用1.6年期 评级为AA- 债参考YTM：1.9505,N,8.24,全价：170.500 最后更新：15:34:33,,,,1,{'G': '本次（2026年4月30日至2026年5月25日）不提前赎回，以2026年11月25日后首个交易日起重新计算'},0,0,N,,,buy,buy
2026-07-13 10:38:41,113048,晶科转债,jkzz,119.857,-2.22,601778,晶科科技,jkkj,3.66,-7.58,0.85,4.47,81.88,0,46.38,166.24,410106,公用事业,shmb,C,2021-05-31,[],0,0,buy,AA,,3.129,5.811,11.3,buy,2027-04-23,0.778,15.453,8479.74,49516.34,4.57,-8.46,,0,14:59:30,00,Y,N,2,2,Y,转股价下修2次，成功下修2次,2021-10-29 开始转股,计算使用0.8年期 评级为AA 债参考YTM：1.5733,N,30.0,全价：119.857 最后更新：14:59:30,,,,1,"{'G': '本次（2026年3月25日至2026年5月6日）不提前赎回，以2026年8月7日为首个交易日重新计算', 'M': ''}",0,0,N,,,buy,buy
2026-07-13 10:38:41,123114,三角转债,sjzz,131.309,-3.23,300775,三角防务,sjfw,20.34,-8.58,1.84,22.69,89.64,0,46.48,177.79,650201,国防军工,szcy,C,2021-06-11,[],0,0,buy,AA-,,15.883,29.497,8.3,buy,2027-05-25,0.866,8.999,12786.05,54379.71,10.81,-14.39,,0,15:34:30,00,Y,N,1,1,Y,转股价下修1次，成功下修1次,2021-11-30 开始转股,计算使用0.9年期 评级为AA- 债参考YTM：1.8296,N,9.044,全价：131.309 最后更新：15:34:30,,,,1,{'M': ''},0,0,N,,,buy,buy
2026-07-13 10:38:41,110097,天润转债,trzz,134.498,-1.04,600419,天润乳业,trry,7.5,-2.98,0.96,8.19,91.58,0,46.87,181.37,340702,食品饮料,shmb,C,2024-11-15,[],0,0,buy,AA,,5.733,10.647,41.8,buy,2030-10-24,4.285,9.89,3184.46,6088.71,2.4,-3.7,,0,14:59:58,00,Y,N,0,0,Y,,2025-04-30 开始转股,计算使用4.3年期 评级为AA 债参考YTM：1.9232,N,9.9,全价：134.498 最后更新：14:59:58,,,,0,[],0,0,N,,,buy,buy
2026-07-13 10:38:41,123225,翔丰转债,xfzz,139.164,-3.13,300890,翔丰华,xfh,25.9,-7.0,1.36,27.34,94.73,0,46.9,186.06,630702,电力设备,szcy,C,2023-10-26,[],0,0,buy,AA-,,19.138,35.542,19.7,buy,2029-10-10,3.247,5.585,9115.68,16245.41,11.65,-3.93,,0,15:33:57,00,Y,N,1,1,Y,转股价下修1次，成功下修1次,2024-04-16 开始转股,计算使用3.3年期 评级为AA- 债参考YTM：2.3488,N,8.0,全价：139.164 最后更新：15:33:57,,,,0,"{'G': '本次（2026年4月22日至2026年5月15日）不提前赎回，自2026年8月15日后首个交易日重新计算', 'M': ''}",0,0,N,,,buy,buy
2026-07-13 10:38:41,127082,亚科转债,ykzz,130.207,-1.36,002540,亚太科技,ytkj,4.61,-3.15,1.02,5.21,88.48,0,47.15,177.36,240301,有色金属,szmb,C,2023-04-27,[],0,0,buy,AA,,3.647,6.773,29.3,buy,2029-03-09,2.658,11.585,4589.33,5623.62,3.04,-4.54,,0,15:34:00,00,Y,N,0,0,Y,,2023-09-15 开始转股,计算使用2.7年期 评级为AA 债参考YTM：1.7433,N,11.59,全价：130.207 最后更新：15:34:00,,,,0,[],0,0,N,,,buy,buy
2026-07-13 10:38:41,113066,平煤转债,pmzz,148.214,-0.32,601666,平煤股份,pmgf,7.51,-1.31,0.74,7.46,100.67,0,47.23,195.44,740102,煤炭,shmb,C,2023-04-10,[],0,0,buy,AAA,,5.222,9.698,7.7,buy,2029-03-16,2.677,14.274,5553.09,18694.83,2.63,-10.74,,0,14:59:26,00,Y,N,1,1,Y,转股价下修1次，成功下修1次,2023-09-22 开始转股,计算使用2.7年期 评级为AAA 债参考YTM：1.5968,N,29.0,全价：148.214 最后更新：14:59:26,,,,0,{'M': ''},0,0,N,,,buy,buy
2026-07-13 10:38:41,128129,青农转债,qnzz,107.759,0.02,002958,青农商行,qnsh,2.83,1.43,0.36,3.88,72.94,0,47.74,155.5,480501,银行,szmb,C,2020-09-18,[],0,0,buy,AAA,,,5.044,32.5,buy,2026-08-25,0.118,49.997,13697.05,19353.77,2.54,1.94,,0,15:34:18,00,Y,N,1,1,Y,转股价下修1次，成功下修1次,2021-03-01 开始转股,计算使用0.2年期 评级为AAA 债参考YTM：1.4487,N,50.0,全价：107.759 最后更新：15:34:18,,,,0,{'M': ''},0,0,N,,,buy,buy
2026-07-13 10:38:41,118039,煜邦转债,ybzz,133.021,-1.92,688597,煜邦电力,ybdl,6.57,-4.23,2.57,7.3,90.0,0,47.8,180.82,630804,电力设备,shkc,C,2023-08-15,[],0,0,buy,A,,5.11,9.49,18.6,buy,2029-07-20,3.022,4.104,5499.76,3690.36,10.03,-4.04,,0,14:59:51,00,Y,N,0,0,Y,,2024-01-26 开始转股,计算使用3.1年期 评级为A 债参考YTM：7.0154,N,4.108,全价：133.021 最后更新：14:59:51,,,,0,"{'G': '本次（2026年1月16日至2026年2月11日）不提前赎回，以2026年8月12日为首个交易日重新计算', 'M': ''}",0,0,N,,,buy,buy
2026-07-13 10:38:41,118061,茂莱转债,mlzz,243.421,-0.46,688502,茂莱光学,mlgx,598.54,-2.19,25.12,364.15,164.37,0,48.1,291.52,270303,电子,shkc,C,2025-12-10,[],0,0,buy,A+,,254.905,473.395,1.8,buy,2031-11-21,5.362,5.622,109506.84,165555.66,78.34,-12.81,,0,14:59:59,00,Y,N,0,0,Y,,2026-05-27 开始转股,计算使用5.4年期 评级为A+ 债参考YTM：5.2409,N,5.625,全价：243.421 最后更新：14:59:59,,,,0,"{'G': '本次（2026年5月28日至2026年7月3日）不提前赎回，以2026年10月4日首个交易日重新计算', 'M': ''}",0,0,N,,,buy,buy
2026-07-13 10:38:41,123222,博俊转债,bjzz,146.401,-2.14,300926,博俊科技,bjkj,16.25,-4.92,1.92,16.46,98.72,0,48.29,194.69,280205,汽车,szcy,C,2023-09-28,[],0,0,buy,A+,,11.522,21.398,5.0,buy,2029-09-08,3.159,2.438,3925.78,9044.31,10.96,-6.4,,0,15:34:00,00,Y,N,0,0,Y,,2024-03-14 开始转股,计算使用3.2年期 评级为A+ 债参考YTM：4.6856,N,5.0,全价：146.401 最后更新：15:34:00,,,,0,{'M': ''},0,0,N,,,buy,buy
2026-07-13 10:38:41,111022,锡振转债,xzzz,155.46,-1.77,605319,无锡振华,wxzh,23.45,-5.02,2.85,22.39,104.73,0,48.43,203.89,280205,汽车,shmb,C,2025-07-14,[],0,0,buy,AA-,,15.673,29.107,6.4,buy,2031-06-18,4.934,5.197,6659.62,10819.11,8.2,-5.58,,0,14:59:58,00,Y,N,0,0,Y,,2025-12-24 开始转股,计算使用5.0年期 评级为AA- 债参考YTM：2.6015,N,5.2,全价：155.460 最后更新：14:59:58,,,,0,[],0,0,N,,,buy,buy
2026-07-13 10:38:41,123199,山河转债,shzz,138.179,0.11,300452,山河药辅,shyf,12.1,0.67,2.69,13.0,93.08,0,48.46,186.64,370101,医药生物,szcy,C,2023-07-07,[],0,0,buy,A+,,9.1,16.9,13.3,buy,2029-06-12,2.918,3.197,2807.72,5978.55,6.36,-7.2,,0,15:33:54,00,Y,N,1,1,Y,转股价下修1次，成功下修1次,2023-12-18 开始转股,计算使用3.0年期 评级为A+ 债参考YTM：4.6405,N,3.2,全价：138.179 最后更新：15:33:54,,,,0,[],0,0,N,,,buy,buy
2026-07-13 10:38:41,127046,百润转债,brzz,128.18,-0.02,002568,百润股份,brgf,17.47,1.04,3.52,20.33,85.93,0,49.16,177.34,340602,食品饮料,szmb,C,2021-11-03,[],0,0,buy,AA,,14.231,26.429,8.5,buy,2027-09-29,1.214,11.274,7212.7,40862.74,4.99,-10.8,,0,15:34:15,00,Y,N,1,1,Y,转股价下修1次，成功下修1次,2022-04-12 开始转股,计算使用1.3年期 评级为AA 债参考YTM：1.6132,N,11.28,全价：128.180 最后更新：15:34:15,,,,0,{'M': ''},0,0,N,,,buy,buy
2026-07-13 10:38:41,110084,贵燃转债,grzz,126.048,-0.85,600903,贵州燃气,gzrq,5.98,-3.39,2.16,7.1,84.23,0,49.66,175.71,410301,公用事业,shmb,C,2022-01-18,[],0,0,buy,AA,,4.97,9.23,11.7,buy,2027-12-27,1.458,8.157,6603.07,25337.59,6.4,-7.98,,0,14:59:50,00,Y,N,1,1,Y,转股价下修1次，成功下修1次,2022-07-01 开始转股,计算使用1.5年期 评级为AA 债参考YTM：1.6356,N,10.0,全价：126.048 最后更新：14:59:50,,,,1,{'M': ''},0,0,N,,,buy,buy
2026-07-13 10:38:41,113706,金帝转债,jdzz,143.003,-9.09,603270,金帝股份,jdgf,29.06,-6.38,2.77,30.62,94.91,162,50.68,193.68,640108,机械设备,shmb,C,2026-07-10,[],0,0,buy,AA,,21.434,39.806,47.2,buy,2032-06-14,5.926,9.7,117375.65,26880.88,82.49,-3.13,,0,15:00:00,00,Y,N,0,0,Y,,未到转股期；2026-12-22 开始转股,计算使用6.0年期 评级为AA 债参考YTM：2.2216,N,9.7,全价：143.003 最后更新：15:00:00,,,,0,{'M': ''},1,0,N,,,buy,buy
2026-07-13 10:38:41,113678,中贝转债,zbzz,143.327,-2.2,603220,中贝通信,zbtx,19.53,-5.24,2.66,20.54,95.08,0,50.74,194.07,730103,通信,shmb,C,2023-11-21,[],0,0,buy,A+,,14.378,26.702,6.0,buy,2029-10-19,3.271,5.106,13590.34,41969.04,18.36,-5.29,,0,14:59:55,00,Y,N,2,1,N,"转股价下修2次，成功下修1次
2026-07-13 起暂停转股：权益分派
转股价20.540生效日期2026-02-10",2024-04-25 开始转股;2026-07-13 起暂停转股：权益分派,计算使用3.3年期 评级为A+ 债参考YTM：4.7018,N,5.17,全价：143.327 最后更新：14:59:55,,,,0,"{'G': '本次（2026年3月16日至2026年4月27日）不提前赎回，以2026年7月28日起算', 'M': ''}",0,0,N,,,buy,buy
2026-07-13 10:38:41,123172,漱玉转债,syzz,128.783,-0.57,301017,漱玉平民,sypm,12.72,-0.7,2.41,14.91,85.31,0,50.96,179.74,370403,医药生物,szcy,C,2023-01-06,[],0,0,buy,AA-,,10.437,19.383,24.2,buy,2028-12-15,2.427,7.96,4817.93,7788.55,4.73,-4.12,,0,15:34:03,00,Y,N,1,1,Y,转股价下修1次，成功下修1次,2023-06-21 开始转股,计算使用2.5年期 评级为AA- 债参考YTM：2.1465,N,8.0,全价：128.783 最后更新：15:34:03,,,,0,{'M': ''},0,0,N,,,buy,buy
2026-07-13 10:38:41,123173,恒锋转债,hfzz,132.72,0.93,300605,恒锋信息,hfxx,8.76,-5.71,3.15,10.0,87.6,0,51.51,184.23,710401,计算机,szcy,C,2023-02-08,[],0,0,buy,BBB+,,7.0,13.0,21.0,buy,2028-12-30,2.469,2.33,3695.86,7116.26,11.99,-4.32,,0,15:34:06,00,Y,N,1,1,Y,转股价下修1次，成功下修1次,2023-07-06 开始转股,计算使用2.5年期 评级为BBB+ 债参考YTM：12.3540,N,2.424,全价：132.720 最后更新：15:34:06,,,,0,[],0,0,N,,,buy,buy
2026-07-13 10:38:41,123235,亿田转债,ytzz,149.901,-0.54,300911,亿田智能,ytzn,21.07,-5.13,3.39,21.31,98.87,0,51.61,201.51,330401,家用电器,szcy,C,2024-01-12,[],0,0,buy,A+,,14.917,27.703,12.1,buy,2029-12-21,3.444,4.353,19385.18,24098.57,29.67,-6.49,,0,15:34:00,00,Y,N,0,0,Y,,2024-06-27 开始转股,计算使用3.5年期 评级为A+ 债参考YTM：4.7257,N,5.202,全价：149.901 最后更新：15:34:00,,,,0,{'M': ''},0,0,N,,,buy,buy
2026-07-13 10:38:41,123216,科顺转债,kszz,123.339,-1.39,300737,科顺股份,ksgf,5.37,-8.36,1.48,6.61,81.24,0,51.82,175.16,610304,建筑材料,szcy,C,2023-08-23,[],0,0,buy,AA-,,4.627,8.593,46.1,buy,2029-08-04,3.063,21.959,11890.52,19562.95,4.4,-1.11,,0,15:34:15,00,Y,N,2,1,Y,转股价下修2次，成功下修1次,2024-02-19 开始转股,计算使用3.1年期 评级为AA- 债参考YTM：2.3144,N,21.98,全价：123.339 最后更新：15:34:15,,,,0,{'M': ''},0,0,N,,,buy,buy
2026-07-13 10:38:41,113067,燃23转债,r23zz,127.154,0.75,601139,深圳燃气,szrq,6.06,3.41,1.04,7.24,83.7,0,51.91,179.06,410301,公用事业,shmb,C,2023-08-18,[],0,0,buy,AAA,,5.068,9.412,17.2,buy,2029-07-27,3.041,29.999,6431.26,24117.12,1.69,-4.51,,0,14:59:33,00,Y,N,0,0,Y,,2024-02-02 开始转股,计算使用3.1年期 评级为AAA 债参考YTM：1.6157,N,30.0,全价：127.154 最后更新：14:59:33,,,,0,{'M': ''},0,0,N,,,buy,buy
2026-07-13 10:38:41,123257,安克转债,akzz,150.5,-1.21,300866,安克创新,akcx,107.75,1.73,5.62,108.86,98.98,0,52.05,202.55,270503,电子,szcy,C,2025-07-04,[],0,0,buy,AA+,,76.202,141.518,3.3,buy,2031-06-16,4.929,11.046,4385.78,50183.9,2.62,-5.85,,0,15:34:12,00,Y,N,0,0,Y,,2025-12-22 开始转股,计算使用5.0年期 评级为AA+ 债参考YTM：1.8515,N,11.048,全价：150.500 最后更新：15:34:12,,,,0,{'M': ''},0,0,N,,,buy,buy
2026-07-13 10:38:41,110073,国投转债,gtzz,106.881,-0.01,600061,国投资本,gtzb,6.48,-0.31,0.72,9.27,69.9,0,52.9,159.78,490101,非银金融,shmb,C,2020-08-20,[],0,0,buy,AAA,,,12.051,19.3,buy,2026-07-24,0.03,79.989,38060.28,19263.65,4.45,4.06,,0,14:59:58,00,Y,N,0,0,Y,,2021-02-01 开始转股,计算使用0.1年期 评级为AAA 债参考YTM：1.4380,N,80.0,全价：106.881 最后更新：14:59:58,,,,0,"{'R': '到期\n最后交易日：2026-07-20\n最后转股日：2026-07-23\n债券到期日：2026-07-24\n到期赎回价：107.000元/张', 'M': ''}",0,0,N,,,buy,buy
2026-07-13 10:38:41,113652,伟22转债,w22zz,130.633,-0.08,603568,伟明环保,wmhb,16.21,1.63,2.15,19.02,85.23,0,53.28,183.91,760103,环保,shmb,C,2022-08-12,[],0,0,buy,AA,,13.314,24.726,4.4,buy,2028-07-22,2.027,14.766,5071.74,19407.02,2.63,-6.92,,0,14:59:51,00,Y,N,2,2,Y,转股价下修2次，成功下修2次,2023-01-30 开始转股,计算使用2.1年期 评级为AA 债参考YTM：1.7045,N,14.77,全价：130.633 最后更新：14:59:51,,,,0,{'M': ''},0,0,N,,,buy,buy
2026-07-13 10:38:41,118060,瑞可转债,rkzz,210.636,-6.33,688800,瑞可达,rkd,71.98,-9.07,8.23,52.53,137.03,0,53.72,264.36,270401,电子,shkc,C,2025-12-12,[],0,0,buy,AA-,,36.771,68.289,4.8,buy,2031-11-14,5.343,9.999,29530.4,95191.33,13.64,-10.73,,0,14:59:55,00,Y,N,0,0,Y,,2026-05-20 开始转股,计算使用5.4年期 评级为AA- 债参考YTM：2.8924,N,10.0,全价：210.636 最后更新：14:59:55,,,,0,"{'G': '本次（2026年5月20日至2026年6月9日）不提前赎回，以2026年12月10日为首个交易日重新计算', 'M': ''}",0,0,N,,,buy,buy
2026-07-13 10:38:41,123133,佩蒂转债,pdzz,128.9,-1.14,300673,佩蒂股份,pdgf,12.57,-5.98,1.65,15.0,83.8,0,53.82,182.72,110404,农林牧渔,szcy,C,2022-01-21,[],0,0,buy,AA-,,10.5,19.5,35.7,buy,2027-12-22,1.444,7.198,6053.7,4992.07,6.52,-6.57,,0,15:34:36,00,Y,N,2,2,Y,转股价下修2次，成功下修2次,2022-06-28 开始转股,计算使用1.5年期 评级为AA- 债参考YTM：1.9319,N,7.2,全价：128.900 最后更新：15:34:36,,,,1,[],0,0,N,,,buy,buy
2026-07-13 10:38:41,127099,盛航转债,shzz,130.96,-1.32,001205,盛航股份,shgf,13.05,-1.95,1.11,15.33,85.13,0,53.84,184.8,421101,交通运输,szmb,C,2023-12-28,[],0,0,buy,AA-,,10.731,19.929,20.9,buy,2029-12-06,3.403,4.541,3480.51,5957.67,5.83,-2.66,,0,15:34:45,00,Y,N,1,1,Y,转股价下修1次，成功下修1次,2024-06-12 开始转股,计算使用3.5年期 评级为AA- 债参考YTM：2.3707,N,7.4,全价：130.960 最后更新：15:34:45,,,,0,[],0,0,N,,,buy,buy
2026-07-13 10:38:41,113643,风语转债,fyzz,137.842,-3.48,603466,风语筑,fyz,10.55,-9.05,2.96,11.8,89.41,0,54.17,192.01,720706,传媒,shmb,C,2022-04-22,[],0,0,buy,AA-,,8.26,15.34,8.0,buy,2028-03-25,1.701,4.992,11327.67,61315.29,16.31,-9.29,,0,14:59:44,00,Y,N,1,1,Y,转股价下修1次，成功下修1次,2022-10-10 开始转股,计算使用1.8年期 评级为AA- 债参考YTM：1.9880,N,5.0,全价：137.842 最后更新：14:59:44,,,,1,{'M': ''},0,0,N,,,buy,buy
2026-07-13 10:38:41,113037,紫银转债,zyzz,109.915,0.01,601860,紫金银行,zjyh,2.52,1.2,0.44,3.55,70.99,0,54.84,164.76,480501,银行,shmb,C,2020-08-17,[],0,0,buy,AA+,,,4.615,50.3,buy,2026-07-23,0.027,44.994,9005.35,11293.99,1.82,3.13,,0,14:59:51,00,Y,N,1,1,Y,转股价下修1次，成功下修1次,2021-01-29 开始转股,计算使用0.1年期 评级为AA+ 债参考YTM：1.4680,N,45.0,全价：109.915 最后更新：14:59:51,,,,0,"{'R': '到期\n最后交易日：2026-07-17\n最后转股日：2026-07-22\n债券到期日：2026-07-23\n到期赎回价：110.000元/张', 'M': ''}",0,0,N,,,buy,buy
2026-07-13 10:38:41,118059,颀中转债,qzzz,220.486,-6.16,688352,颀中科技,qzkj,19.5,-11.36,3.98,13.7,142.34,0,54.91,275.4,270107,电子,shkc,C,2025-11-21,[],0,0,buy,AA+,,9.59,17.81,11.9,buy,2031-11-03,5.312,8.499,80033.72,92970.4,40.6,-12.05,,0,14:59:58,00,Y,N,0,0,Y,,2026-05-07 开始转股,计算使用5.4年期 评级为AA+ 债参考YTM：1.8950,N,8.5,全价：220.486 最后更新：14:59:58,,,,0,"{'G': '本次（2026年5月26日至2026年6月17日）不提前赎回，以2026年12月18日为首个交易日重新计算', 'M': ''}",0,0,N,,,buy,buy
2026-07-13 10:38:41,127089,晶澳转债,jazz,122.5,-1.25,002459,晶澳科技,jakj,7.03,-7.62,1.09,8.9,78.99,0,55.09,177.59,630502,电力设备,szmb,C,2023-08-04,[],0,0,buy,AA+,,6.23,11.57,38.5,buy,2029-07-18,3.016,89.588,10696.14,46839.2,0.97,-3.02,,0,15:34:39,00,Y,N,3,2,Y,转股价下修3次，成功下修2次,2024-01-24 开始转股,计算使用3.1年期 评级为AA+ 债参考YTM：1.6871,N,89.603,全价：122.500 最后更新：15:34:39,,,,0,{'M': ''},0,0,N,,,buy,buy
2026-07-13 10:38:41,113054,绿动转债,ldzz,122.621,-0.32,601330,绿色动力,lsdl,6.85,-1.3,1.15,8.67,79.01,0,55.2,177.82,760103,环保,shmb,C,2022-03-23,[],0,0,buy,AA+,,6.069,11.271,34.8,buy,2028-02-25,1.622,23.598,5712.51,7567.69,1.97,-6.13,,0,14:59:49,00,Y,N,0,0,Y,,2022-09-05 开始转股,计算使用1.7年期 评级为AA+ 债参考YTM：1.5942,N,23.6,全价：122.621 最后更新：14:59:49,,,,1,[],0,0,N,,,buy,buy
2026-07-13 10:38:41,118007,山石转债,sszz,130.017,-3.4,688030,山石网科,sswk,13.82,-9.14,3.57,16.5,83.76,0,55.23,185.25,710402,计算机,shkc,C,2022-04-21,[],0,0,buy,A-,,11.55,21.45,10.7,buy,2028-03-22,1.693,2.671,3251.18,6061.79,9.27,-6.36,,0,14:59:51,00,Y,N,1,1,Y,转股价下修1次，成功下修1次,2022-09-28 开始转股,计算使用1.7年期 评级为A- 债参考YTM：9.0068,N,2.674,全价：130.017 最后更新：14:59:51,,,,1,{'M': ''},0,0,N,,,buy,buy
2026-07-13 10:38:41,111017,蓝天转债,ltzz,127.87,1.15,605368,蓝天燃气,ltrq,6.55,1.71,1.39,7.98,82.08,0,55.79,183.66,410301,公用事业,shmb,C,2023-09-08,[],0,0,buy,AA,,5.586,10.374,14.3,buy,2029-08-15,3.093,6.715,9763.42,7135.84,11.42,-3.64,,0,14:59:58,00,Y,N,1,0,Y,转股价下修1次，成功下修0次,2024-02-21 开始转股,计算使用3.1年期 评级为AA 债参考YTM：1.7682,Y,8.7,全价：127.870 最后更新：14:59:58,,,"按下调到底估算
股东大会：2026-07-27
预估转股价：6.62
预估转股价值：98.94
期权价值：19.60
理论价值：128.01
理论偏离度：-0.11%",0,[],0,0,N,,,buy,buy
2026-07-13 10:38:41,127061,美锦转债,mjzz,96.1,-0.64,000723,美锦能源,mjny,3.24,-3.86,1.12,5.26,61.6,0,56.01,152.11,740201,煤炭,szmb,C,2022-05-30,[],0,0,buy,A,,3.682,6.838,19.6,buy,2028-04-20,1.773,27.89,7365.22,18914.35,2.74,13.82,,0,15:33:57,00,Y,N,2,1,Y,转股价下修2次，成功下修1次,2022-10-26 开始转股,计算使用1.8年期 评级为A 债参考YTM：6.6767,Y,35.9,全价：96.100 最后更新：15:33:57,,,"按下调到底估算
股东大会：2026-07-16
预估转股价：3.55
预估转股价值：91.27
期权价值：16.05
理论价值：123.67
理论偏离度：-28.69%",1,{'M': ''},0,0,N,,,buy,buy
2026-07-13 10:38:41,123255,鼎龙转债,dlzz,440.0,-2.88,300054,鼎龙股份,dlgf,79.92,-3.83,13.91,28.38,281.61,0,56.25,496.25,270601,电子,szcy,C,2025-04-23,[],0,0,buy,AA,,19.866,36.894,1.5,buy,2031-04-02,4.723,9.096,137248.04,443571.43,33.68,-25.07,,0,15:34:48,00,Y,N,0,0,Y,,2025-10-09 开始转股,计算使用4.8年期 评级为AA 债参考YTM：1.9863,N,9.1,全价：440.000 最后更新：15:34:48,,,,0,"{'G': '本次（2026年4月8日至2026年4月28日）不提前赎回，自2026年10月28日后首个交易日重新计算', 'M': ''}",0,0,N,,,buy,buy
2026-07-13 10:38:41,118013,道通转债,dtzz,173.937,-4.8,688208,道通科技,dtkj,23.89,-4.63,3.96,21.48,111.22,0,56.39,230.33,710103,计算机,shkc,C,2022-07-28,[],0,0,buy,AA,,15.036,27.924,8.0,buy,2028-07-08,1.989,12.796,10549.93,29775.28,4.68,-18.28,,0,14:59:53,00,Y,N,0,0,Y,,2023-01-16 开始转股,计算使用2.0年期 评级为AA 债参考YTM：1.6945,N,12.8,全价：173.937 最后更新：14:59:53,,,,1,"{'G': '本次（2026年1月5日至2026年1月23日）不提前赎回，以2026年7月24日为首个交易日重新计算', 'M': ''}",0,0,N,,,buy,buy
2026-07-13 10:38:41,123080,海波转债,hbzz,126.135,-1.99,300517,海波重科,hbzk,9.08,-8.47,1.7,11.28,80.5,0,56.7,182.84,620401,建筑装饰,szcy,C,2020-12-22,[],0,0,buy,A+,,7.896,14.664,13.0,buy,2026-12-02,0.389,1.485,2580.68,6587.68,13.74,-12.59,,0,15:34:21,00,Y,N,0,0,Y,,2021-06-08 开始转股,计算使用0.4年期 评级为A+ 债参考YTM：4.0952,N,2.45,全价：126.135 最后更新：15:34:21,,,,1,[],0,0,N,,,buy,buy
2026-07-13 10:38:41,118070,南芯转债,nxzz,153.363,-2.5,688484,南芯科技,nxkj,42.8,-3.32,4.38,43.84,97.63,165,57.09,210.45,270105,电子,shkc,C,2026-07-10,[],0,0,buy,AA+,,30.688,56.992,8.7,buy,2032-06-17,5.934,15.869,448912.46,67367.06,172.48,-5.15,,0,15:00:00,00,Y,N,0,0,Y,,未到转股期；2026-12-25 开始转股,计算使用6.0年期 评级为AA+ 债参考YTM：1.9616,N,15.869,全价：153.363 最后更新：15:00:00,,,,0,{'M': ''},1,0,N,,,buy,buy
2026-07-13 10:38:41,127038,国微转债,gwzz,132.524,-3.49,002049,紫光国微,zggw,81.74,-4.77,4.93,96.99,84.28,0,57.25,189.77,270104,电子,szmb,C,2021-07-14,[],0,0,buy,AA+,,67.893,126.087,2.1,buy,2027-06-10,0.91,14.915,14898.15,541521.41,7.45,-18.74,,0,15:34:06,00,Y,N,0,0,Y,,2021-12-17 开始转股,计算使用1.0年期 评级为AA+ 债参考YTM：1.5466,N,15.0,全价：132.524 最后更新：15:34:06,,,,1,{'M': ''},0,0,N,,,buy,buy
2026-07-13 10:38:41,113636,甬金转债,yjzz,128.581,-0.71,603995,甬金股份,yjgf,21.43,-2.1,1.29,26.22,81.73,0,57.32,185.9,230501,钢铁,shmb,C,2021-12-31,[],0,0,buy,AA-,,18.354,34.086,12.8,buy,2027-12-13,1.419,9.995,5068.41,11687.08,3.93,-6.24,,0,14:59:51,00,Y,N,1,1,Y,转股价下修1次，成功下修1次,2022-06-17 开始转股,计算使用1.5年期 评级为AA- 债参考YTM：1.9319,N,10.0,全价：128.581 最后更新：14:59:51,,,,1,{'M': ''},0,0,N,,,buy,buy
2026-07-13 10:38:41,127105,龙星转债,lxzz,126.059,-1.72,002442,龙星科技,lxkj,4.63,-5.51,1.26,5.8,79.83,0,57.91,183.97,220603,基础化工,szmb,C,2024-03-06,[],0,0,buy,AA-,,4.06,7.54,33.1,buy,2030-01-31,3.556,7.534,5601.0,8164.19,5.87,-1.56,,0,15:34:30,00,Y,N,0,0,Y,,2024-08-07 开始转股,计算使用3.6年期 评级为AA- 债参考YTM：2.3791,N,7.54,全价：126.059 最后更新：15:34:30,,,,0,[],0,0,N,,,buy,buy
2026-07-13 10:38:41,111015,东亚转债,dyzz,124.749,-0.81,605177,东亚药业,dyyy,15.9,-2.99,1.03,20.28,78.4,0,59.11,183.86,370101,医药生物,shmb,C,2023-08-02,[],0,0,buy,A+,,14.196,26.364,36.9,buy,2029-07-06,2.984,6.662,4841.86,3957.47,5.83,-1.73,,0,14:59:52,00,Y,N,1,1,Y,转股价下修1次，成功下修1次,2024-01-12 开始转股,计算使用3.0年期 评级为A+ 债参考YTM：4.6405,N,6.9,全价：124.749 最后更新：14:59:52,,,,0,[],0,0,N,,,buy,buy
2026-07-13 10:38:41,113659,莱克转债,lkzz,128.251,-3.15,603355,莱克电气,lkdq,25.52,-10.01,2.55,31.72,80.45,0,59.41,187.66,330302,家用电器,shmb,C,2022-11-15,[],0,0,buy,AA,,22.204,41.236,8.2,buy,2028-10-14,2.258,11.998,8884.48,12093.59,5.73,-5.44,,0,14:59:01,00,Y,N,0,0,Y,,2023-04-20 开始转股,计算使用2.3年期 评级为AA 债参考YTM：1.7204,N,12.0,全价：128.251 最后更新：14:59:01,,,,0,{'M': ''},0,0,N,,,buy,buy
2026-07-13 10:38:41,127093,章鼓转债,zgzz,129.35,0.01,002598,ST章鼓,sdzg,6.73,-1.03,1.59,8.3,81.08,0,59.53,188.88,640106,机械设备,szmb,C,2023-11-03,[],0,0,buy,A,,5.81,10.79,12.6,buy,2029-10-17,3.266,2.425,1225.24,2773.28,3.89,-2.81,,0,15:34:09,00,Y,N,1,1,Y,转股价下修1次，成功下修1次,2024-04-23 开始转股,计算使用3.3年期 评级为A 债参考YTM：7.0518,N,2.43,全价：129.350 最后更新：15:34:09,,,,0,[],0,0,N,,,buy,buy
2026-07-13 10:38:41,113705,豪26转债,h26zz,132.43,1.04,603809,豪能股份,hngf,8.88,-2.52,2.17,10.74,82.68,162,60.17,192.6,280203,汽车,shmb,C,2026-07-10,[],0,0,buy,AA-,,6.444,13.962,22.0,buy,2032-06-14,5.926,18.0,158994.94,12262.02,66.36,-2.57,,0,15:00:00,00,Y,N,0,0,Y,,未到转股期；2026-12-22 开始转股,计算使用6.0年期 评级为AA- 债参考YTM：3.4516,N,18.0,全价：132.430 最后更新：15:00:00,,,,0,{'M': ''},0,0,N,,,buy,buy
2026-07-13 10:38:41,118036,力合转债,lhzz,134.954,-2.85,688589,力合微,lhw,19.97,-7.2,2.78,23.83,83.8,0,61.04,195.99,270104,电子,shkc,C,2023-07-20,[],0,0,buy,AA-,,16.681,30.979,13.1,buy,2029-06-28,2.962,3.8,5640.29,15596.63,10.91,-4.36,,0,14:59:51,00,Y,N,1,1,Y,转股价下修1次，成功下修1次,2024-01-04 开始转股,计算使用3.0年期 评级为AA- 债参考YTM：2.2905,N,3.8,全价：134.954 最后更新：14:59:51,,,,0,{'M': ''},0,0,N,,,buy,buy
2026-07-13 10:38:41,127113,长高转债,cgzz,159.01,-4.25,002452,长高电气,cgdq,10.75,-3.85,2.38,10.92,98.44,63,61.52,220.53,630801,电力设备,szmb,C,2026-03-30,[],0,0,buy,AA-,,7.644,14.196,13.6,buy,2032-03-08,5.658,7.586,9667.48,24892.46,7.89,-5.82,,0,15:34:39,00,Y,N,0,0,Y,,未到转股期；2026-09-14 开始转股,计算使用5.7年期 评级为AA- 债参考YTM：3.2259,N,7.59,全价：159.010 最后更新：15:34:39,,,,0,{'M': ''},0,0,N,,,buy,buy
2026-07-13 10:38:41,113688,国检转债,gjzz,134.33,-0.96,603060,国检集团,gjjt,5.36,-1.29,2.07,6.45,83.1,0,61.65,195.98,460802,社会服务,shmb,C,2024-11-12,[],0,0,buy,AA+,,4.515,8.385,18.6,buy,2030-10-17,4.266,7.997,3723.09,3826.68,3.47,-3.38,,0,14:59:51,00,Y,N,0,0,Y,,2025-04-23 开始转股,计算使用4.3年期 评级为AA+ 债参考YTM：1.7713,N,8.0,全价：134.330 最后更新：14:59:51,,,,0,[],0,0,N,,,buy,buy
2026-07-13 10:38:41,123189,晓鸣转债,xmzz,129.4,-1.51,300967,晓鸣股份,xmgf,15.25,-3.66,3.65,19.09,79.89,0,61.98,191.38,110703,农林牧渔,szcy,C,2023-04-25,[],0,0,buy,A,,13.363,24.817,17.3,buy,2029-04-06,2.734,3.286,4257.04,7883.89,9.97,-3.6,,0,15:34:45,00,Y,N,0,0,Y,,2023-10-12 开始转股,计算使用2.8年期 评级为A 债参考YTM：6.9322,N,3.29,全价：129.400 最后更新：15:34:45,,,,0,{'M': ''},0,0,N,,,buy,buy
2026-07-13 10:38:41,118031,天23转债,t23zz,122.051,-0.47,688599,天合光能,thgn,12.02,-7.4,1.36,16.0,75.13,0,62.46,184.51,630502,电力设备,shkc,C,2023-03-15,[],0,0,buy,AA,,11.2,20.8,20.8,buy,2029-02-13,2.592,58.512,10949.86,47212.56,1.54,-1.22,,0,14:58:47,00,Y,N,2,2,Y,转股价下修2次，成功下修2次,2023-08-17 开始转股,计算使用2.6年期 评级为AA 债参考YTM：1.7381,N,88.648,全价：122.051 最后更新：14:58:47,,,,0,{'M': ''},0,0,N,,,buy,buy
2026-07-13 10:38:41,128125,华阳转债,hyzz,112.74,0.01,002949,华阳国际,hygj,9.83,-2.29,1.22,14.19,69.27,0,62.74,175.48,620601,建筑装饰,szmb,C,2020-08-21,[],0,0,buy,AA-,,9.933,18.447,30.1,buy,2026-07-30,0.047,4.496,4201.84,2654.29,8.29,5.27,,0,15:33:57,00,Y,N,2,2,Y,转股价下修2次，成功下修2次,2021-02-05 开始转股,计算使用0.1年期 评级为AA- 债参考YTM：1.6980,N,4.5,全价：112.740 最后更新：15:33:57,,,,1,{'R': '到期\n最后交易日：2026-07-24\n最后转股日：2026-07-29\n债券到期日：2026-07-30\n到期赎回价：113.000元/张'},0,0,N,,,buy,buy
2026-07-13 10:38:41,113649,丰山转债,fszz,129.429,-1.69,603810,丰山集团,fsjt,10.82,-3.65,1.1,13.61,79.5,0,62.8,192.23,220803,基础化工,shmb,C,2022-07-21,[],0,0,buy,AA-,,9.527,17.693,25.6,buy,2028-06-27,1.959,4.577,3734.35,2311.49,6.29,-5.07,,0,14:59:51,00,Y,N,0,0,Y,,2023-01-03 开始转股,计算使用2.0年期 评级为AA- 债参考YTM：2.0245,N,5.0,全价：129.429 最后更新：14:59:51,,,,1,[],0,0,N,,,buy,buy
2026-07-13 10:38:41,123119,康泰转2,ktz2,123.309,-0.05,300601,康泰生物,ktsw,11.88,0.25,1.37,15.69,75.72,0,62.86,186.17,370303,医药生物,szcy,C,2021-08-05,[],0,0,buy,AA,,10.983,20.397,18.7,buy,2027-07-15,1.006,19.99,5140.95,23655.83,2.09,-7.81,,0,15:34:36,00,Y,N,5,5,Y,转股价下修5次，成功下修5次,2022-01-21 开始转股,计算使用1.1年期 评级为AA 债参考YTM：1.5942,N,20.0,全价：123.309 最后更新：15:34:36,,,,1,{'M': ''},0,0,N,,,buy,buy
2026-07-13 10:38:41,128121,Z川转债,hczz,107.943,0.03,002930,宏川智慧,hczh,8.34,-6.82,1.81,12.65,65.93,0,63.73,171.67,420806,交通运输,szmb,C,2020-08-07,[],0,0,buy,AA-,,8.855,16.445,17.9,buy,2026-07-17,0.011,6.464,11392.46,11494.67,16.33,6.44,,0,15:34:15,00,Y,N,2,2,Y,转股价下修2次，成功下修2次,2021-01-25 开始转股,计算使用0.1年期 评级为AA- 债参考YTM：1.6980,N,6.7,全价：107.943 最后更新：15:34:15,,,,0,"{'R': '到期\n最后交易日：2026-07-13\n最后转股日：2026-07-16\n债券到期日：2026-07-17\n到期赎回价：108.000元/张', 'M': ''}",0,0,N,,,buy,buy
2026-07-13 10:38:41,123088,威唐转债,wtzz,116.5,-0.43,300707,威唐工业,wtgy,10.63,-4.75,1.62,14.95,71.1,0,63.85,180.35,280205,汽车,szcy,C,2021-01-06,[],0,0,buy,A+,,10.465,19.435,19.7,buy,2026-12-15,0.425,3.004,2472.3,5117.85,7.06,-3.05,,0,15:34:30,00,Y,N,1,1,Y,转股价下修1次，成功下修1次,2021-06-21 开始转股,计算使用0.5年期 评级为A+ 债参考YTM：4.1200,N,3.014,全价：116.500 最后更新：15:34:30,,,,1,[],0,0,N,,,buy,buy
2026-07-13 10:38:41,127108,太能转债,tnzz,122.549,-0.71,000591,太阳能,tyn,4.14,-3.04,0.67,5.54,74.73,0,63.99,186.54,410106,公用事业,szmb,C,2025-04-16,[],0,0,buy,AA+,,3.878,7.202,18.3,buy,2031-03-28,4.71,29.498,4287.24,19216.0,1.18,-1.02,,0,15:34:33,00,Y,N,0,0,Y,,2025-10-09 开始转股,计算使用4.8年期 评级为AA+ 债参考YTM：1.8290,N,29.5,全价：122.549 最后更新：15:34:33,,,,0,{'M': ''},0,0,N,,,buy,buy
2026-07-13 10:38:41,123261,普联转债,plzz,142.998,-1.34,300996,普联软件,plrj,11.26,0.9,3.37,12.97,86.82,0,64.71,207.71,710401,计算机,szcy,C,2025-12-22,[],0,0,buy,A+,,9.079,16.861,6.5,buy,2031-12-05,5.4,2.429,3325.01,13802.3,9.57,-3.41,,0,15:34:15,00,Y,N,0,0,Y,,2026-06-11 开始转股,计算使用5.4年期 评级为A+ 债参考YTM：5.2409,N,2.43,全价：142.998 最后更新：15:34:15,,,,0,{'M': ''},0,0,N,,,buy,buy
2026-07-13 10:38:41,127054,双箭转债,sjzz,122.51,-0.92,002381,双箭股份,sjgf,5.17,-1.15,0.98,6.96,74.28,0,64.93,187.44,220602,基础化工,szmb,C,2022-03-15,[],0,0,buy,AA,,4.872,9.048,30.8,buy,2028-02-11,1.584,5.136,2510.21,2224.95,3.97,-4.6,,0,15:34:24,00,Y,N,0,0,Y,,2022-08-17 开始转股,计算使用1.6年期 评级为AA 债参考YTM：1.6476,N,5.136,全价：122.510 最后更新：15:34:24,,,,1,[],0,0,N,,,buy,buy
2026-07-13 10:38:41,111021,奥锐转债,arzz,136.215,-0.27,605116,奥锐特,art,20.3,0.45,3.03,24.6,82.52,0,65.07,201.29,370101,医药生物,shmb,C,2024-08-15,[],0,0,buy,AA-,,17.22,31.98,9.8,buy,2030-07-26,4.038,8.121,5127.61,10091.86,4.64,-3.21,,0,14:58:44,00,Y,N,0,0,Y,,2025-02-05 开始转股,计算使用4.1年期 评级为AA- 债参考YTM：2.4292,N,8.121,全价：136.215 最后更新：14:58:44,,,,0,[],0,0,N,,,buy,buy
2026-07-13 10:38:41,123165,回天转债,htzz,135.5,-5.9,300041,回天新材,htxc,12.34,-18.06,2.19,15.05,81.99,0,65.26,200.76,220316,基础化工,szcy,C,2022-11-15,[],0,0,buy,AA-,,10.535,19.565,12.6,buy,2028-10-27,2.293,8.497,22368.12,107102.77,19.25,-5.78,,0,15:34:39,00,Y,N,0,0,Y,,2023-05-04 开始转股,计算使用2.3年期 评级为AA- 债参考YTM：2.0913,N,8.5,全价：135.500 最后更新：15:34:39,,,,0,{'M': ''},0,0,N,,,buy,buy
2026-07-13 10:38:41,123214,东宝转债,dbzz,129.416,-1.06,300239,东宝生物,dbsw,5.18,-1.52,1.76,6.62,78.25,0,65.39,194.81,370304,医药生物,szcy,C,2023-08-18,[],0,0,buy,A+,,4.634,8.606,14.9,buy,2029-07-31,3.052,4.549,1852.62,6828.17,3.14,-3.19,,0,15:33:57,00,Y,N,0,0,Y,,2024-02-05 开始转股,计算使用3.1年期 评级为A+ 债参考YTM：4.6654,N,4.55,全价：129.416 最后更新：15:33:57,,,,0,[],0,0,N,,,buy,buy
2026-07-13 10:38:41,123142,申昊转债,shzz,123.097,-2.37,300853,申昊科技,shkj,25.08,-10.01,5.79,33.71,74.4,0,65.45,188.55,630803,电力设备,szcy,C,2022-04-11,[],0,0,buy,BBB+,,23.597,43.823,22.3,buy,2028-03-18,1.682,5.494,3887.91,20082.64,5.72,-5.33,,0,15:34:24,00,Y,N,0,0,Y,,2022-09-26 开始转股,计算使用1.7年期 评级为BBB+ 债参考YTM：12.1269,N,5.5,全价：123.097 最后更新：15:34:24,,,,1,[],0,0,N,,,buy,buy
2026-07-13 10:38:41,113680,丽岛转债,ldzz,130.547,-2.72,603937,丽岛新材,ldxc,10.18,-8.94,1.35,12.91,78.85,0,65.56,196.11,240301,有色金属,shmb,C,2023-12-05,[],0,0,buy,A+,,9.037,16.783,14.1,buy,2029-11-15,3.345,2.998,10835.48,14963.29,27.51,-2.47,,0,14:59:51,00,Y,N,0,0,Y,,2024-05-21 开始转股,计算使用3.4年期 评级为A+ 债参考YTM：4.7148,N,3.0,全价：130.547 最后更新：14:59:51,,,,0,[],0,0,N,,,buy,buy
2026-07-13 10:38:41,110087,天业转债,tyzz,120.441,-0.3,600075,新疆天业,xjty,4.07,-1.45,0.76,5.6,72.68,0,65.72,186.16,220202,基础化工,shmb,C,2022-07-19,[],0,0,buy,AA+,,3.92,7.28,43.1,buy,2028-06-23,1.948,29.975,7982.2,9245.0,2.22,-4.68,,0,14:59:55,00,Y,N,1,1,Y,转股价下修1次，成功下修1次,2022-12-29 开始转股,计算使用2.0年期 评级为AA+ 债参考YTM：1.6145,N,30.0,全价：120.441 最后更新：14:59:55,,,,1,{'M': ''},0,0,N,,,buy,buy
2026-07-13 10:38:41,113699,金25转债,j25zz,174.489,-0.51,603979,金诚信,jcx,65.47,0.34,3.51,62.8,104.25,0,67.37,241.86,240302,有色金属,shmb,C,2025-10-27,[],0,0,buy,AA,,43.96,81.64,4.9,buy,2031-09-26,5.208,19.998,9888.17,44422.27,2.84,-7.7,,0,14:59:50,00,Y,N,0,0,Y,,2026-04-10 开始转股,计算使用5.3年期 评级为AA 债参考YTM：2.0622,N,20.0,全价：174.489 最后更新：14:59:50,,,,0,{'M': ''},0,0,N,,,buy,buy
2026-07-13 10:38:41,127072,博实转债,bszz,134.598,-2.48,002698,博实股份,bsgf,11.82,-5.36,2.84,14.81,79.81,0,68.65,203.25,640701,机械设备,szmb,C,2022-11-03,[],0,0,buy,AA,,10.367,19.253,4.5,buy,2028-09-22,2.197,4.498,2288.89,20671.16,3.76,-6.93,,0,15:34:24,00,Y,N,0,0,Y,,2023-03-28 开始转股,计算使用2.2年期 评级为AA 债参考YTM：1.7130,N,4.5,全价：134.598 最后更新：15:34:24,,,,0,{'M': ''},0,0,N,,,buy,buy
2026-07-13 10:38:41,127049,希望转2,xwz2,112.15,-0.38,000876,新希望,xxw,7.04,-1.4,1.45,10.59,66.48,0,68.7,180.85,110402,农林牧渔,szmb,C,2021-11-29,[],0,0,buy,AAA,,7.413,13.767,25.7,buy,2027-11-02,1.307,81.434,10370.99,33769.26,1.13,-2.46,,0,15:33:54,00,Y,N,1,1,Y,转股价下修1次，成功下修1次,2022-05-09 开始转股,计算使用1.4年期 评级为AAA 债参考YTM：1.5387,N,81.5,全价：112.150 最后更新：15:33:54,,,,1,{'M': ''},0,0,N,,,buy,buy
2026-07-13 10:38:41,127031,洋丰转债,yfzz,119.63,-0.07,000902,新洋丰,xyf,11.97,-0.25,1.21,16.89,70.87,0,68.8,188.43,220805,基础化工,szmb,C,2021-04-23,[],0,0,buy,AA,,11.823,21.957,7.3,buy,2027-03-25,0.699,9.999,6154.38,13973.52,5.17,-9.17,,0,15:34:42,00,Y,N,1,1,Y,转股价下修1次，成功下修1次,2021-10-08 开始转股,计算使用0.7年期 评级为AA 债参考YTM：1.5661,N,10.0,全价：119.630 最后更新：15:34:42,,,,1,{'M': ''},0,0,N,,,buy,buy
2026-07-13 10:38:41,123155,中陆转债,zlzz,130.06,-0.57,301040,中环海陆,zhhl,24.41,-1.09,3.15,31.76,76.86,0,69.22,199.28,630602,电力设备,szcy,C,2022-08-31,[],0,0,buy,A+,,22.232,41.288,15.6,buy,2028-08-12,2.085,3.6,3943.92,7675.8,8.45,-4.16,,0,15:34:33,00,Y,N,0,0,Y,,2023-02-20 开始转股,计算使用2.1年期 评级为A+ 债参考YTM：4.3841,N,3.6,全价：130.060 最后更新：15:34:33,,,,0,{'M': ''},0,0,N,,,buy,buy
2026-07-13 10:38:41,113640,苏利转债,slzz,128.257,-0.66,603585,苏利股份,slgf,9.11,-2.67,0.92,12.04,75.66,0,69.51,197.77,220803,基础化工,shmb,C,2022-03-10,[],0,0,buy,AA-,,8.428,15.652,30.0,buy,2028-02-16,1.597,7.39,4812.42,4294.96,5.08,-5.66,,0,14:59:12,00,Y,N,2,1,Y,转股价下修2次，成功下修1次,2022-08-22 开始转股,计算使用1.6年期 评级为AA- 债参考YTM：1.9505,N,9.572,全价：128.257 最后更新：14:59:12,,,,1,[],0,0,N,,,buy,buy
2026-07-13 10:38:41,123269,金杨转债,jyzz,159.337,-4.48,301210,金杨精密,jygf,26.51,-8.93,2.27,28.24,93.87,105,69.74,229.08,630701,电力设备,szcy,C,2026-05-11,[],0,0,buy,AA-,,19.768,36.712,60.8,buy,2032-04-19,5.773,9.8,5932.83,15911.67,3.75,-5.74,,0,15:33:57,00,Y,N,0,0,Y,,未到转股期；2026-10-26 开始转股,计算使用5.8年期 评级为AA- 债参考YTM：3.3223,N,9.8,全价：159.337 最后更新：15:33:57,,,,0,{'M': ''},0,0,N,,,buy,buy
2026-07-13 10:38:41,110090,爱迪转债,adzz,131.888,-1.36,600933,爱柯迪,akd,13.29,-4.11,1.38,17.15,77.49,0,70.19,202.08,280203,汽车,shmb,C,2022-10-28,[],0,0,buy,AA,,12.005,22.295,12.0,buy,2028-09-23,2.2,15.695,4559.19,20838.68,2.21,-6.97,,0,14:59:51,00,Y,N,0,0,Y,,2023-03-29 开始转股,计算使用2.2年期 评级为AA 债参考YTM：1.7130,N,15.7,全价：131.888 最后更新：14:59:51,,,,0,{'M': ''},0,0,N,,,buy,buy
2026-07-13 10:38:41,111020,合顺转债,hszz,130.943,-1.8,605166,聚合顺,jhs,8.08,-4.83,1.26,10.53,76.73,0,70.65,201.59,220406,基础化工,shmb,C,2024-08-15,[],0,0,buy,AA-,,7.371,13.689,13.3,buy,2030-07-22,4.027,3.38,3684.11,4709.9,8.28,-2.25,,0,14:59:52,00,Y,N,0,0,Y,,2025-01-27 开始转股,计算使用4.1年期 评级为AA- 债参考YTM：2.4292,N,3.38,全价：130.943 最后更新：14:59:52,,,,0,[],0,0,N,,,buy,buy
2026-07-13 10:38:41,110093,神马转债,smzz,118.899,-0.95,600810,神马股份,smgf,5.61,-3.61,0.66,8.08,69.43,0,71.25,190.15,220406,基础化工,shmb,C,2023-04-20,[],0,0,buy,AAA,,5.656,10.504,36.6,buy,2029-03-16,2.677,22.199,6864.35,6106.37,2.6,-2.91,,0,14:59:49,00,Y,N,0,0,Y,,2023-09-22 开始转股,计算使用2.7年期 评级为AAA 债参考YTM：1.5968,N,30.0,全价：118.899 最后更新：14:59:49,,,,0,{'M': ''},0,0,N,,,buy,buy
2026-07-13 10:38:41,118064,联瑞转债,lrzz,450.231,-5.39,688300,联瑞新材,lrxc,165.7,-9.54,21.87,63.05,262.81,1,71.32,521.55,220901,基础化工,shkc,C,2026-01-28,[],0,0,buy,AA,,44.135,81.965,1.7,buy,2032-01-08,5.493,6.95,54389.07,231420.13,16.94,-22.36,,0,15:00:00,00,Y,N,0,0,Y,,未到转股期；2026-07-14 开始转股,计算使用5.5年期 评级为AA 债参考YTM：2.1061,N,6.95,全价：450.231 最后更新：15:00:00,,,,0,{'M': ''},0,0,N,,,buy,buy
2026-07-13 10:38:41,123252,银邦转债,ybzz,137.95,-4.8,300337,银邦股份,ybgf,10.06,-10.26,4.61,12.5,80.48,0,71.41,209.36,240301,有色金属,szcy,C,2025-01-24,[],0,0,buy,AA-,,8.75,16.25,11.0,buy,2031-01-06,4.488,7.846,11784.01,37920.37,10.85,-3.55,,0,15:34:27,00,Y,N,0,0,Y,,2025-07-14 开始转股,计算使用4.5年期 评级为AA- 债参考YTM：2.5009,N,7.85,全价：137.950 最后更新：15:34:27,,,,0,{'M': ''},0,0,N,,,buy,buy
2026-07-13 10:38:41,123237,佳禾转债,jhzz,130.682,-2.25,300793,佳禾智能,jhzn,10.26,-5.18,1.38,13.46,76.23,0,71.44,202.12,270504,电子,szcy,C,2024-01-24,[],0,0,buy,A+,,9.422,17.498,11.3,buy,2030-01-04,3.482,4.314,2301.76,6946.16,4.06,-3.11,,0,15:34:03,00,Y,N,1,1,Y,转股价下修1次，成功下修1次,2024-07-10 开始转股,计算使用3.5年期 评级为A+ 债参考YTM：4.7257,N,10.04,全价：130.682 最后更新：15:34:03,,,,0,[],0,0,N,,,buy,buy
2026-07-13 10:38:41,110095,双良转债,slzz,117.026,-3.24,600481,双良节能,sljn,4.2,-8.7,1.95,6.18,67.96,0,72.2,189.23,630501,电力设备,shmb,C,2023-09-08,[],0,0,buy,AA-,,4.326,8.034,16.2,buy,2029-08-08,3.074,14.006,9588.59,41764.33,5.8,-0.78,,0,14:59:54,00,Y,N,2,2,Y,转股价下修2次，成功下修2次,2024-02-19 开始转股,计算使用3.1年期 评级为AA- 债参考YTM：2.3144,N,26.0,全价：117.026 最后更新：14:59:54,,,,0,{'M': ''},0,0,N,,,buy,buy
2026-07-13 10:38:41,113674,华设转债,hszz,128.863,-0.5,603018,华设集团,hsjt,5.19,-1.7,0.78,6.95,74.68,0,72.56,201.42,620601,建筑装饰,shmb,C,2023-08-15,[],0,0,buy,AA,,4.865,9.035,9.4,buy,2029-07-21,3.025,3.999,2196.6,3399.09,4.26,-3.41,,0,14:59:51,00,Y,N,0,0,Y,,2024-01-29 开始转股,计算使用3.1年期 评级为AA 债参考YTM：1.7682,N,4.0,全价：128.863 最后更新：14:59:51,,,,0,{'M': ''},0,0,N,,,buy,buy
2026-07-13 10:38:41,127112,尚太转债,stzz,144.836,-2.13,001301,尚太科技,stkj,50.31,2.9,2.55,60.02,83.82,9,72.79,217.63,630702,电力设备,szmb,C,2026-02-05,[],0,0,buy,AA+,,42.014,78.026,13.3,buy,2032-01-15,5.512,17.34,28594.59,41693.97,11.55,-4.7,,0,15:34:12,00,Y,N,0,0,Y,,未到转股期；2026-07-22 开始转股,计算使用5.6年期 评级为AA+ 债参考YTM：1.9172,N,17.34,全价：144.836 最后更新：15:34:12,,,,0,{'M': ''},0,0,N,,,buy,buy
2026-07-13 10:38:41,123071,天能转债,tnzz,115.399,-0.12,300569,天能重工,tnzg,4.46,-4.5,0.85,6.68,66.77,0,72.84,188.24,630602,电力设备,szcy,C,2020-11-25,[],0,0,buy,AA-,,4.676,8.684,15.3,buy,2026-10-21,0.274,6.937,3098.6,6561.34,3.87,-1.28,,0,15:34:24,00,Y,N,2,2,Y,转股价下修2次，成功下修2次,2021-04-27 开始转股,计算使用0.3年期 评级为AA- 债参考YTM：1.7243,N,7.0,全价：115.399 最后更新：15:34:24,,,,1,{'M': ''},0,0,N,,,buy,buy
2026-07-13 10:38:41,127111,金威转债,jwzz,126.526,-0.11,002626,金达威,jdw,13.94,1.83,1.9,19.19,72.64,0,74.18,200.71,340407,食品饮料,szmb,C,2025-09-08,[],0,0,buy,AA,,13.433,24.947,15.2,buy,2031-08-20,5.107,12.924,5002.69,6765.16,3.06,-2.13,,0,15:34:36,00,Y,N,0,0,Y,,2026-02-26 开始转股,计算使用5.2年期 评级为AA 债参考YTM：2.0428,N,12.924,全价：126.526 最后更新：15:34:36,,,,0,{'M': ''},0,0,N,,,buy,buy
2026-07-13 10:38:41,123157,科蓝转债,klzz,125.389,-2.12,300663,科蓝软件,klrj,6.32,-4.68,8.05,8.8,71.82,0,74.59,199.98,710401,计算机,szcy,C,2022-09-20,[],0,0,buy,A-,,6.16,11.44,8.0,buy,2028-08-30,2.134,2.34,2265.36,12471.3,7.66,-2.55,,0,15:33:57,00,Y,N,2,2,Y,转股价下修2次，成功下修2次,2023-03-06 开始转股,计算使用2.2年期 评级为A- 债参考YTM：9.1071,N,4.946,全价：125.389 最后更新：15:33:57,,,,0,{'M': ''},0,0,N,,,buy,buy
2026-07-13 10:38:41,118037,上声转债,sszz,126.203,-1.42,688533,上声电子,ssdz,20.68,-3.36,1.88,28.64,72.21,0,74.78,200.98,280206,汽车,shkc,C,2023-08-01,[],0,0,buy,A+,,20.048,37.232,13.7,buy,2029-07-06,2.984,4.679,1999.73,2069.25,3.38,-3.23,,0,14:59:23,00,Y,N,2,1,Y,转股价下修2次，成功下修1次,2024-01-12 开始转股,计算使用3.0年期 评级为A+ 债参考YTM：4.6405,N,5.2,全价：126.203 最后更新：14:59:23,,,,0,{'M': ''},0,0,N,,,buy,buy
2026-07-13 10:38:41,127059,永东转2,ydz2,126.021,-1.49,002753,永东股份,ydgf,5.8,-2.19,0.93,8.11,71.52,0,76.21,202.23,220603,基础化工,szmb,C,2022-05-16,[],0,0,buy,AA-,,5.677,10.543,22.1,buy,2028-04-08,1.74,3.79,2595.52,2090.03,5.41,-4.23,,0,15:34:21,00,Y,N,0,0,Y,,2022-10-14 开始转股,计算使用1.8年期 评级为AA- 债参考YTM：1.9880,N,3.8,全价：126.021 最后更新：15:34:21,,,,1,[],0,0,N,,,buy,buy
2026-07-13 10:38:41,127069,小熊转债,xxzz,128.953,-0.07,002959,小熊电器,xxdq,31.97,-0.47,1.59,43.71,73.14,0,76.31,205.26,330301,家用电器,szmb,C,2022-09-07,[],0,0,buy,AA-,,30.597,56.823,11.3,buy,2028-08-12,2.085,5.041,1990.41,2674.96,3.06,-3.83,,0,15:34:42,00,Y,N,1,1,Y,转股价下修1次，成功下修1次,2023-02-20 开始转股,计算使用2.1年期 评级为AA- 债参考YTM：2.0439,N,5.36,全价：128.953 最后更新：15:34:42,,,,0,{'M': ''},0,0,N,,,buy,buy
2026-07-13 10:38:41,113694,清源转债,qyzz,122.409,-2.34,603628,清源股份,qygf,8.9,-3.78,1.83,12.82,69.42,0,76.32,198.73,630504,电力设备,shmb,C,2025-04-25,[],0,0,buy,A+,,8.974,16.666,20.6,buy,2031-04-08,4.74,4.999,3458.49,3392.96,5.61,-0.66,,0,14:58:09,00,Y,N,0,0,Y,,2025-10-14 开始转股,计算使用4.8年期 评级为A+ 债参考YTM：4.9150,N,5.0,全价：122.409 最后更新：14:58:09,,,,0,{'M': ''},0,0,N,,,buy,buy
2026-07-13 10:38:41,123271,通合转债,thzz,163.721,-8.02,300491,通合科技,thkj,30.72,-4.39,4.52,33.18,92.59,148,76.83,240.55,630306,电力设备,szcy,C,2026-06-17,[],0,0,buy,AA,,23.226,43.134,10.8,buy,2032-06-01,5.89,5.219,21993.02,33460.88,24.96,-5.37,,0,15:34:03,00,Y,N,0,0,Y,,未到转股期；2026-12-08 开始转股,计算使用5.9年期 评级为AA 债参考YTM：2.1999,N,5.22,全价：163.721 最后更新：15:34:03,,,,0,[],0,0,N,,,buy,buy
2026-07-13 10:38:41,127083,山路转债,slzz,117.41,-0.14,000498,山东路桥,sdlq,4.91,0.82,0.29,7.42,66.17,0,77.43,194.84,620306,建筑装饰,szmb,C,2023-04-26,[],0,0,buy,AAA,,5.194,9.646,68.0,buy,2029-03-24,2.699,48.359,5207.23,3877.67,0.92,-1.99,,0,15:34:03,00,Y,N,0,0,Y,,2023-10-09 开始转股,计算使用2.7年期 评级为AAA 债参考YTM：1.5968,N,48.36,全价：117.410 最后更新：15:34:03,,,,0,{'M': ''},0,0,N,,,buy,buy
2026-07-13 10:38:41,118024,冠宇转债,gyzz,125.236,-2.36,688772,珠海冠宇,zhgy,15.87,-11.54,2.38,22.51,70.5,0,77.63,202.87,630701,电力设备,shkc,C,2022-11-17,[],0,0,buy,AA,,15.757,27.012,17.1,buy,2028-10-24,2.285,30.889,15190.04,69980.71,3.9,-3.62,,0,14:59:58,00,Y,N,0,0,Y,,2023-04-28 开始转股,计算使用2.3年期 评级为AA 债参考YTM：1.7204,N,30.89,全价：125.236 最后更新：14:59:58,,,,0,{'M': ''},0,0,N,120%,,buy,buy
2026-07-13 10:38:41,113616,韦尔转债,wezz,114.822,0.12,603501,豪威集团,hwjt,102.49,-0.7,3.9,159.02,64.45,0,78.15,192.97,270104,电子,shmb,C,2021-01-22,[],0,0,buy,AA+,,111.314,206.726,2.0,buy,2026-12-28,0.46,24.324,8419.73,362973.19,3.01,-9.12,,0,14:59:50,00,Y,N,0,0,Y,,2021-07-05 开始转股,计算使用0.5年期 评级为AA+ 债参考YTM：1.5100,N,24.4,全价：114.822 最后更新：14:59:50,,,,0,{'M': ''},0,0,N,,,buy,buy
2026-07-13 10:38:41,123259,锦浪转02,jlz02,152.225,-1.82,300763,锦浪科技,jlkj,61.69,-3.7,2.7,72.35,85.27,0,78.53,230.76,630503,电力设备,szcy,C,2025-11-06,[],0,0,buy,AA,,50.645,94.055,8.4,buy,2031-10-17,5.266,16.763,10660.48,72797.58,4.17,-5.36,,0,15:34:33,00,Y,N,1,1,Y,转股价下修1次，成功下修1次,2026-04-23 开始转股,计算使用5.3年期 评级为AA 债参考YTM：2.0622,N,16.766,全价：152.225 最后更新：15:34:33,,,,0,"{'G': '本次（2026年4月23日至2026年5月20日）不提前赎回，以2027年5月21日为首个交易日重新计算', 'M': ''}",0,0,N,,,buy,buy
2026-07-13 10:38:41,110086,精工转债,jgzz,121.167,0.14,600496,精工钢构,jggg,3.1,-3.73,0.65,4.57,67.83,0,78.62,199.79,620401,建筑装饰,shmb,C,2022-05-23,[],0,0,buy,AA,,3.199,5.941,32.4,buy,2028-04-22,1.778,19.999,6130.73,9827.49,2.54,-3.5,,0,14:59:49,00,Y,N,0,0,Y,,2022-10-28 开始转股,计算使用1.8年期 评级为AA 债参考YTM：1.6717,N,20.0,全价：121.167 最后更新：14:59:49,,,,1,{'M': ''},0,0,N,,,buy,buy
2026-07-13 10:38:41,123109,昌红转债,chzz,128.386,-4.09,300151,昌红科技,chkj,19.14,-12.04,6.16,26.64,71.85,0,78.69,207.08,640209,机械设备,szcy,C,2021-04-19,[],0,0,buy,AA-,,18.648,34.632,6.5,buy,2027-04-01,0.718,4.595,8189.24,47289.67,13.82,-14.58,,0,15:34:33,00,Y,N,0,0,Y,,2021-10-08 开始转股,计算使用0.8年期 评级为AA- 债参考YTM：1.8141,N,4.6,全价：128.386 最后更新：15:34:33,,,,1,{'M': ''},0,0,N,,,buy,buy
2026-07-13 10:38:41,113665,汇通转债,htzz,119.608,-1.9,603176,汇通集团,htjt,4.19,-3.68,1.77,6.28,66.72,0,79.27,198.88,620306,建筑装饰,shmb,C,2023-01-11,[],0,0,buy,A+,,4.396,8.164,18.6,buy,2028-12-15,2.427,3.596,4142.66,2228.85,9.6,-0.39,,0,14:59:34,00,Y,N,1,1,Y,转股价下修1次，成功下修1次,2023-06-21 开始转股,计算使用2.5年期 评级为A+ 债参考YTM：4.4902,N,3.6,全价：119.608 最后更新：14:59:34,,,,0,[],0,0,N,,,buy,buy
2026-07-13 10:38:41,123122,富瀚转债,fhzz,127.054,-1.9,300613,富瀚微,fhw,64.65,-5.16,5.01,91.5,70.66,0,79.82,206.87,270104,电子,szcy,C,2021-08-24,[],0,0,buy,A+,,64.05,118.95,4.1,buy,2027-08-06,1.066,5.801,6463.76,75748.37,8.71,-7.58,,0,15:34:39,00,Y,N,0,0,Y,,2022-02-14 开始转股,计算使用1.1年期 评级为A+ 债参考YTM：4.1988,N,5.812,全价：127.054 最后更新：15:34:39,,,,0,{'M': ''},0,0,N,,,buy,buy
2026-07-13 10:38:41,118065,艾为转债,awzz,147.856,-2.06,688798,艾为电子,awdz,65.1,-5.65,3.52,79.4,81.99,15,80.33,228.19,270105,电子,shkc,C,2026-02-26,[],0,0,buy,AA+,,55.58,103.22,21.5,buy,2032-01-22,5.532,19.01,8465.88,35793.56,2.97,-4.89,,0,14:59:54,00,Y,N,0,0,Y,,未到转股期；2026-07-28 开始转股,计算使用5.6年期 评级为AA+ 债参考YTM：1.9172,N,19.01,全价：147.856 最后更新：14:59:54,,,,0,{'M': ''},0,0,N,,,buy,buy
2026-07-13 10:38:41,113698,凯众转债,kzzz,135.201,-2.26,603037,凯众股份,kzgf,9.4,-4.28,2.44,12.55,74.9,0,80.51,215.71,280203,汽车,shmb,C,2025-09-10,[],0,0,buy,AA-,,8.785,16.315,12.3,buy,2031-08-15,5.093,3.079,7899.68,4423.45,19.1,-3.39,,0,14:58:53,00,Y,N,0,0,Y,,2026-02-24 开始转股,计算使用5.1年期 评级为AA- 债参考YTM：2.6371,N,3.08,全价：135.201 最后更新：14:58:53,,,,0,[],0,0,N,,,buy,buy
2026-07-13 10:38:41,123272,中汽转债,zqzz,151.996,-0.53,301215,中汽股份,zqgf,5.03,-2.52,2.24,5.99,83.97,157,81.01,233.01,280303,汽车,szcy,C,2026-06-30,[],0,0,buy,AA+,,4.193,7.787,15.6,buy,2032-06-10,5.915,10.39,28005.82,5277.94,17.77,-5.02,,0,15:34:18,00,Y,N,0,0,Y,,未到转股期；2026-12-17 开始转股,计算使用6.0年期 评级为AA+ 债参考YTM：1.9616,N,10.39,全价：151.996 最后更新：15:34:18,,,,0,{'M': ''},1,0,N,,,buy,buy
2026-07-13 10:38:41,123223,九典转02,jdz02,130.73,0.02,300705,九典制药,jdzy,10.5,0.86,1.95,14.55,72.17,0,81.15,211.88,370102,医药生物,szcy,C,2023-10-13,[],0,0,buy,A+,,10.185,18.915,5.3,buy,2029-09-15,3.178,2.053,1528.26,9652.4,5.7,-3.25,,0,15:34:21,00,Y,N,0,0,Y,,2024-03-21 开始转股,计算使用3.2年期 评级为A+ 债参考YTM：4.6856,N,3.6,全价：130.730 最后更新：15:34:21,,,,0,[],0,0,N,,,buy,buy
2026-07-13 10:38:41,111003,聚合转债,jhzz,129.839,-1.35,605166,聚合顺,jhs,8.08,-4.83,1.26,11.31,71.44,0,81.74,211.58,220406,基础化工,shmb,C,2022-04-19,[],0,0,buy,AA-,,7.917,14.703,8.0,buy,2028-03-07,1.652,2.035,2765.19,4709.9,10.44,-5.95,,0,14:59:29,00,Y,N,1,1,Y,转股价下修1次，成功下修1次,2022-09-13 开始转股,计算使用1.7年期 评级为AA- 债参考YTM：1.9693,N,2.04,全价：129.839 最后更新：14:59:29,,,,1,[],0,0,N,,,buy,buy
2026-07-13 10:38:41,110100,龙建转债,ljzz,122.141,-0.34,600853,龙建股份,ljgf,3.11,-0.64,0.76,4.63,67.17,15,81.84,203.98,620306,建筑装饰,shmb,C,2026-02-12,[],0,0,buy,AA,,3.241,6.019,31.7,buy,2032-01-21,5.529,10.0,2476.53,2807.01,2.03,-1.33,,0,14:59:37,00,Y,N,0,0,Y,,未到转股期；2026-07-28 开始转股,计算使用5.6年期 评级为AA 债参考YTM：2.1295,N,10.0,全价：122.141 最后更新：14:59:37,,,,0,[],0,0,N,,,buy,buy
2026-07-13 10:38:41,127102,浙建转债,zjzz,118.703,-1.66,002761,浙江建投,zjjt,6.66,-4.03,0.83,10.22,65.17,0,82.15,200.85,620101,建筑装饰,szmb,C,2024-01-16,[],0,0,buy,AA+,,7.154,13.286,13.8,buy,2029-12-25,3.455,9.951,5643.54,8914.62,4.75,-1.72,,0,15:34:48,00,Y,N,0,0,Y,,2024-07-01 开始转股,计算使用3.5年期 评级为AA+ 债参考YTM：1.7132,N,10.0,全价：118.703 最后更新：15:34:48,,,,0,{'M': ''},0,0,N,,,buy,buy
2026-07-13 10:38:41,113692,保隆转债,blzz,125.278,-1.4,603197,保隆科技,blkj,26.93,-3.86,1.76,39.16,68.77,0,82.17,207.45,280205,汽车,shmb,C,2024-11-27,[],0,0,buy,AA,,27.412,50.908,24.4,buy,2030-10-31,4.304,13.897,6452.72,7798.1,3.69,-2.32,,0,14:58:40,00,Y,N,0,0,Y,,2025-05-06 开始转股,计算使用4.4年期 评级为AA 债参考YTM：1.9358,N,13.9,全价：125.278 最后更新：14:58:40,,,,0,{'M': ''},0,0,N,,,buy,buy
2026-07-13 10:38:41,123215,铭利转债,mlzz,122.26,-1.45,301268,铭利达,mld,12.83,-5.31,3.25,19.2,66.82,0,82.96,205.22,640108,机械设备,szcy,C,2023-08-23,[],0,0,buy,A+,,13.44,24.96,18.4,buy,2029-08-03,3.06,8.555,4818.08,6452.25,4.59,0.07,,0,15:34:12,00,Y,N,1,1,Y,转股价下修1次，成功下修1次,2024-02-19 开始转股,计算使用3.1年期 评级为A+ 债参考YTM：4.6654,N,10.0,全价：122.260 最后更新：15:34:12,,,,0,{'M': ''},0,0,N,,,buy,buy
2026-07-13 10:38:41,123253,永贵转债,ygzz,134.8,-2.88,300351,永贵电器,ygdq,13.39,-9.59,2.1,18.19,73.61,0,83.12,217.92,640501,机械设备,szcy,C,2025-03-28,[],0,0,buy,AA-,,12.733,23.647,27.8,buy,2031-03-13,4.669,9.798,5808.92,27351.35,4.39,-2.93,,0,15:34:09,00,Y,N,0,0,Y,,2025-09-19 开始转股,计算使用4.7年期 评级为AA- 债参考YTM：2.5419,N,9.8,全价：134.800 最后更新：15:34:09,,,,0,{'M': ''},0,0,N,,,buy,buy
2026-07-13 10:38:41,118034,晶能转债,jnzz,117.264,-0.3,688223,晶科能源,jkny,4.06,-7.52,1.62,6.35,63.94,0,83.41,200.67,630502,电力设备,shkc,C,2023-05-19,[],0,0,buy,AA+,,4.445,7.62,20.0,buy,2029-04-20,2.773,83.22,11654.31,60844.81,1.2,-1.9,,0,14:59:32,00,Y,N,1,1,Y,转股价下修1次，成功下修1次,2023-10-26 开始转股,计算使用2.8年期 评级为AA+ 债参考YTM：1.6674,N,100.0,全价：117.264 最后更新：14:59:32,,,,0,{'M': ''},0,0,N,120%,,buy,buy
2026-07-13 10:38:41,113702,斯达转债,sdzz,205.703,-5.05,603290,斯达半导,sdbd,116.99,-5.51,4.02,104.79,111.64,101,84.25,289.95,270102,电子,shmb,C,2026-05-11,[],0,0,buy,AA+,,73.353,136.227,5.4,buy,2032-04-15,5.762,15.0,33953.67,120292.33,10.77,-10.18,,0,15:00:00,00,Y,N,0,0,Y,,未到转股期；2026-10-22 开始转股,计算使用5.8年期 评级为AA+ 债参考YTM：1.9395,N,15.0,全价：205.703 最后更新：15:00:00,,,,0,{'M': ''},0,0,N,,,buy,buy
2026-07-13 10:38:41,113053,隆22转债,l22zz,122.791,0.66,601012,隆基绿能,ljln,11.63,-3.96,1.73,17.5,66.46,0,84.77,207.56,630502,电力设备,shmb,C,2022-02-17,[],0,0,buy,AAA,,12.25,22.75,7.9,buy,2028-01-05,1.482,69.951,11252.79,123762.89,1.32,-8.04,,0,14:59:50,00,Y,N,1,1,Y,转股价下修1次，成功下修1次,2022-07-11 开始转股,计算使用1.5年期 评级为AAA 债参考YTM：1.5431,N,70.0,全价：122.791 最后更新：14:59:50,,,,1,{'M': ''},0,0,N,,,buy,buy
2026-07-13 10:38:41,111024,澳弘转债,ahzz,144.133,-10.37,605058,澳弘电子,ahdz,26.11,-8.9,2.03,33.54,77.85,0,85.15,229.28,270202,电子,shmb,C,2026-01-16,[],0,0,buy,AA-,,23.478,43.602,15.5,buy,2031-12-11,5.416,5.799,14885.02,8183.23,17.42,-4.03,,0,14:59:56,00,Y,N,0,0,Y,,2026-06-17 开始转股,计算使用5.5年期 评级为AA- 债参考YTM：3.0041,N,5.8,全价：144.133 最后更新：14:59:56,,,,0,[],1,0,N,,,buy,buy
2026-07-13 10:38:41,113647,禾丰转债,hfzz,119.024,-0.6,603609,禾丰股份,hfgf,6.46,-0.62,0.89,10.09,64.02,0,85.91,204.93,110402,农林牧渔,shmb,C,2022-05-18,[],0,0,buy,AA,,7.063,13.117,25.0,buy,2028-04-22,1.778,14.669,3980.7,1920.95,2.28,-2.52,,0,14:58:32,00,Y,N,0,0,Y,,2022-10-28 开始转股,计算使用1.8年期 评级为AA 债参考YTM：1.6717,N,15.0,全价：119.024 最后更新：14:58:32,,,,0,{'M': ''},0,0,N,,,buy,buy
2026-07-13 10:38:41,113703,翔26转债,x26zz,131.581,-2.36,603112,华翔股份,hxgf,15.5,-2.94,1.85,21.94,70.65,154,86.25,217.83,330601,家用电器,shmb,C,2026-07-07,[],0,0,buy,AA-,,15.358,28.522,15.7,buy,2032-06-07,5.907,13.01,14692.21,9267.72,8.53,-2.18,,0,14:59:58,00,Y,N,0,0,Y,,未到转股期；2026-12-14 开始转股,计算使用6.0年期 评级为AA- 债参考YTM：3.4516,N,13.01,全价：131.581 最后更新：14:59:58,,,,0,[],1,0,N,,,buy,buy
2026-07-13 10:38:41,123224,宇邦转债,ybzz,129.3,-2.07,301266,宇邦新材,ybxc,19.54,-6.28,1.49,28.17,69.37,0,86.41,215.71,630504,电力设备,szcy,C,2023-10-18,[],0,0,buy,A+,,19.719,36.621,10.7,buy,2029-09-19,3.189,2.848,2421.25,6763.98,6.55,-2.44,,0,15:33:54,00,Y,N,1,1,Y,转股价下修1次，成功下修1次,2024-03-25 开始转股,计算使用3.2年期 评级为A+ 债参考YTM：4.6856,N,5.0,全价：129.300 最后更新：15:33:54,,,,0,{'M': ''},0,0,N,,,buy,buy
2026-07-13 10:38:41,128138,侨银转债,qyzz,130.04,0.0,002973,侨银股份,qygf,10.21,0.59,1.6,14.64,69.74,0,86.46,216.5,760103,环保,szmb,C,2020-12-24,[],0,0,buy,A+,,10.248,19.032,12.9,buy,2026-11-17,0.348,4.199,5047.93,9338.87,9.25,-0.09,,0,15:34:42,00,Y,N,3,2,Y,转股价下修3次，成功下修2次,2021-05-24 开始转股,计算使用0.4年期 评级为A+ 债参考YTM：4.0952,Y,4.2,全价：130.040 最后更新：15:34:42,,,"按下调到底估算
股东大会：2026-07-17
预估转股价：10.82
预估转股价值：94.36
期权价值：6.66
理论价值：134.86
理论偏离度：-3.71%",1,[],0,0,N,,,buy,buy
2026-07-13 10:38:41,123260,卓镁转债,zmzz,144.881,-2.24,301398,星源卓镁,xyzm,40.5,2.17,4.06,52.15,77.66,0,86.56,231.44,280202,汽车,szcy,C,2025-11-24,[],0,0,buy,A+,,36.505,67.795,10.2,buy,2031-11-07,5.323,4.499,11864.02,13001.24,18.12,-3.7,,0,15:34:00,00,Y,N,0,0,Y,,2026-05-13 开始转股,计算使用5.4年期 评级为A+ 债参考YTM：5.2409,N,4.5,全价：144.881 最后更新：15:34:00,,,,0,{'M': ''},0,0,N,,,buy,buy
2026-07-13 10:38:41,123268,本川转债,bczz,214.206,-9.11,300964,本川智能,bczn,61.9,-9.5,6.48,54.13,114.35,102,87.32,301.53,270202,电子,szcy,C,2026-05-07,[],0,0,buy,AA-,,37.891,70.369,8.8,buy,2032-04-16,5.764,4.69,30404.45,41066.88,29.23,-9.83,,0,15:34:39,00,Y,N,0,0,Y,,未到转股期；2026-10-23 开始转股,计算使用5.8年期 评级为AA- 债参考YTM：3.3223,N,4.69,全价：214.206 最后更新：15:34:39,,,,0,{'M': ''},0,0,N,,,buy,buy
2026-07-13 10:38:41,118052,浩瀚转债,hhzz,132.737,-3.45,688292,浩瀚深度,hhsd,17.09,-6.61,2.69,24.2,70.62,0,87.96,220.7,710103,计算机,shkc,C,2025-04-07,[],0,0,buy,A+,,16.94,31.46,13.1,buy,2031-03-13,4.669,3.539,3089.47,5575.17,6.5,-2.23,,0,14:59:26,00,Y,N,0,0,Y,,2025-09-19 开始转股,计算使用4.7年期 评级为A+ 债参考YTM：4.8961,N,3.54,全价：132.737 最后更新：14:59:26,,,,0,{'M': ''},0,0,N,,,buy,buy
2026-07-13 10:38:41,123220,易瑞转债,yrzz,128.213,-1.03,300942,易瑞生物,yrsw,6.0,-2.76,2.72,8.85,67.8,0,89.11,217.32,370504,医药生物,szcy,C,2023-09-06,[],0,0,buy,A+,,6.195,11.505,12.0,buy,2029-08-18,3.101,2.907,3551.53,4806.7,9.5,-2.45,,0,15:34:18,00,Y,N,1,1,Y,转股价下修1次，成功下修1次,2024-02-26 开始转股,计算使用3.2年期 评级为A+ 债参考YTM：4.6856,N,3.28,全价：128.213 最后更新：15:34:18,,,,0,{'M': ''},0,0,N,,,buy,buy
2026-07-13 10:38:41,111018,华康转债,hkzz,123.242,-0.68,605077,华康股份,hkgf,10.27,-2.56,0.95,15.96,64.35,0,91.52,214.76,220315,基础化工,shmb,C,2024-01-15,[],0,0,buy,AA-,,11.172,20.748,42.3,buy,2029-12-25,3.455,13.022,5454.48,5033.53,3.4,-0.95,,0,14:59:00,00,Y,N,0,0,Y,,2024-07-01 开始转股,计算使用3.5年期 评级为AA- 债参考YTM：2.3707,N,13.03,全价：123.242 最后更新：14:59:00,,,,0,[],0,0,N,,,buy,buy
2026-07-13 10:38:41,111004,明新转债,mxzz,123.927,-1.25,605068,明新旭腾,mxxt,15.75,-4.43,1.51,24.37,64.63,0,91.75,215.68,280202,汽车,shmb,C,2022-04-25,[],0,0,buy,AA-,,17.059,31.681,26.3,buy,2028-03-30,1.715,6.715,5427.77,6772.81,6.52,-3.1,,0,14:59:00,00,Y,N,0,0,Y,,2022-10-10 开始转股,计算使用1.8年期 评级为AA- 债参考YTM：1.9880,N,6.73,全价：123.927 最后更新：14:59:00,,,,1,[],0,0,N,,,buy,buy
2026-07-13 10:38:41,113648,巨星转债,jxzz,120.482,-1.12,603477,巨星农牧,jxnm,15.53,-0.77,2.95,24.84,62.52,0,92.71,213.19,110702,农林牧渔,shmb,C,2022-05-17,[],0,0,buy,AA-,,17.388,32.292,11.4,buy,2028-04-25,1.786,8.997,5830.55,30344.26,5.37,-3.93,,0,14:59:18,00,Y,N,0,0,N,2026-07-09 至 2026-07-15 期间暂停转股：回售,2022-10-31 开始转股;2026-07-09 至 2026-07-15 期间暂停转股：回售,计算使用1.8年期 评级为AA- 债参考YTM：1.9880,N,10.0,全价：120.482 最后更新：14:59:18,,,,0,{'M': ''},0,0,Y,,,buy,buy
2026-07-13 10:38:41,113627,太平转债,tpzz,118.764,-0.59,603877,太平鸟,tpn,12.64,-1.33,1.29,20.58,61.42,0,93.37,212.13,350209,纺织服饰,shmb,C,2021-08-06,[],0,0,buy,AA,,14.406,26.754,13.5,buy,2027-07-15,1.006,7.997,7659.59,1480.21,8.07,-5.94,,0,14:58:41,00,Y,N,1,1,Y,转股价下修1次，成功下修1次,2022-01-21 开始转股,计算使用1.1年期 评级为AA 债参考YTM：1.5942,N,8.0,全价：118.764 最后更新：14:58:41,,,,0,{'M': ''},0,0,N,,,buy,buy
2026-07-13 10:38:41,113682,益丰转债,yfzz,127.434,-0.02,603939,益丰药房,yfyf,20.7,2.93,2.07,31.44,65.84,0,93.55,220.98,370403,医药生物,shmb,C,2024-03-27,[],0,0,buy,AA,,22.008,40.872,7.2,buy,2030-03-04,3.644,17.968,4994.46,29773.88,2.18,-2.99,,0,14:59:38,00,Y,N,0,0,Y,,2024-09-09 开始转股,计算使用3.7年期 评级为AA 债参考YTM：1.8443,N,17.97,全价：127.434 最后更新：14:59:38,,,,0,{'M': ''},0,0,N,,,buy,buy
2026-07-13 10:38:41,118015,芯海转债,xhzz,130.886,-2.44,688595,芯海科技,xhkj,37.2,-8.06,7.52,55.22,67.37,0,94.29,225.18,270104,电子,shkc,C,2022-08-18,[],0,0,buy,A+,,38.654,71.786,7.6,buy,2028-07-21,2.025,4.1,4944.32,37216.79,9.11,-4.63,,0,14:59:51,00,Y,N,0,0,Y,,2023-01-30 开始转股,计算使用2.1年期 评级为A+ 债参考YTM：4.3841,N,4.1,全价：130.886 最后更新：14:59:51,,,,0,{'M': ''},0,0,N,,,buy,buy
2026-07-13 10:38:41,113655,欧22转债,o22zz,120.261,-0.41,603833,欧派家居,opjj,31.89,-1.39,1.03,51.54,61.87,0,94.36,214.62,360308,轻工制造,shmb,C,2022-09-01,[],0,0,buy,AA,,36.078,67.002,10.3,buy,2028-08-05,2.066,19.999,5978.72,7754.5,2.49,-2.06,,0,14:58:35,00,Y,N,1,1,Y,转股价下修1次，成功下修1次,2023-02-13 开始转股,计算使用2.1年期 评级为AA 债参考YTM：1.7045,N,20.0,全价：120.261 最后更新：14:58:35,,,,0,{'M': ''},0,0,N,,,buy,buy
2026-07-13 10:38:41,123263,鼎捷转债,djzz,138.624,-3.64,300378,鼎捷数智,djsz,30.83,-9.54,3.56,43.42,71.0,0,95.23,233.85,710402,计算机,szcy,C,2025-12-31,[],0,0,buy,AA,,,56.446,10.0,buy,2031-12-15,5.427,8.275,8401.41,44416.47,7.26,-3.66,,0,15:34:51,00,Y,N,0,0,Y,,2026-06-22 开始转股,计算使用5.5年期 评级为AA 债参考YTM：2.1061,N,8.28,全价：138.624 最后更新：15:34:51,,,,0,{'M': ''},1,0,N,,,buy,buy
2026-07-13 10:38:41,113696,伯25转债,b25zz,128.849,-2.94,603596,伯特利,btl,23.18,-9.98,2.52,35.16,65.93,0,95.44,224.29,280203,汽车,shmb,C,2025-07-28,[],0,0,buy,AA,,24.612,45.708,13.5,buy,2031-07-01,4.97,28.017,6376.76,69137.31,1.75,-2.57,,0,14:59:51,00,Y,N,0,0,Y,,2026-01-07 开始转股,计算使用5.0年期 评级为AA 债参考YTM：2.0115,N,28.02,全价：128.849 最后更新：14:59:51,,,,0,{'M': ''},0,0,N,,,buy,buy
2026-07-13 10:38:41,118067,上26转债,s26zz,130.534,-1.34,688533,上声电子,ssdz,20.68,-3.36,1.88,32.25,64.12,73,103.56,234.09,280206,汽车,shkc,C,2026-04-14,[],0,0,buy,A+,,22.575,41.925,9.5,buy,2032-03-17,5.682,3.25,1020.59,2069.25,2.39,-1.8,,0,14:59:59,00,Y,N,0,0,Y,,未到转股期；2026-09-24 开始转股,计算使用5.7年期 评级为A+ 债参考YTM：5.5753,N,3.25,全价：130.534 最后更新：14:59:59,,,,0,{'M': ''},0,0,N,,,buy,buy
2026-07-13 10:38:41,118063,金05转债,j05zz,165.806,-4.19,688676,金盘科技,jpkj,72.11,-7.33,6.19,88.6,81.39,0,103.72,269.53,630801,电力设备,shkc,C,2026-01-14,[],0,0,buy,AA+,,62.02,115.18,5.0,buy,2031-12-25,5.455,16.708,8442.15,90522.85,3.0,-7.09,,0,14:59:56,00,Y,N,0,0,Y,,2026-07-01 开始转股,计算使用5.5年期 评级为AA+ 债参考YTM：1.9061,N,16.71,全价：165.806 最后更新：14:59:56,,,,0,{'M': ''},0,0,N,,,buy,buy
2026-07-13 10:38:41,123144,裕兴转债,yxzz,118.871,-0.43,300305,裕兴股份,yxgf,4.93,-3.9,0.92,8.5,58.0,0,104.95,223.82,220505,基础化工,szcy,C,2022-04-27,[],0,0,buy,A,,5.95,11.05,37.8,buy,2028-04-11,1.748,5.997,3514.86,5465.7,4.93,-0.91,,0,15:34:39,00,Y,N,1,1,Y,转股价下修1次，成功下修1次,2022-10-17 开始转股,计算使用1.8年期 评级为A 债参考YTM：6.6767,N,6.0,全价：118.871 最后更新：15:34:39,,,,1,[],0,0,N,,,buy,buy
2026-07-13 10:38:41,118068,迪威转债,dwzz,130.012,-3.02,688377,迪威尔,dwe,20.54,-7.35,2.51,32.49,63.22,150,105.65,235.66,640203,机械设备,shkc,C,2026-06-30,[],0,0,buy,AA-,,22.743,42.237,18.9,buy,2032-06-03,5.896,9.08,11657.2,6604.45,9.8,-2.27,,0,14:59:57,00,Y,N,0,0,Y,,未到转股期；2026-12-10 开始转股,计算使用5.9年期 评级为AA- 债参考YTM：3.3999,N,9.08,全价：130.012 最后更新：14:59:57,,,,0,{'M': ''},1,0,N,,,buy,buy
2026-07-13 10:38:41,113671,武进转债,wjzz,124.142,-1.17,603878,武进不锈,wjbx,4.75,-4.04,1.02,7.88,60.28,0,105.95,230.09,230403,钢铁,shmb,C,2023-08-03,[],0,0,buy,AA,,5.516,10.244,11.6,buy,2029-07-10,2.995,3.093,2956.71,6843.61,7.7,-3.05,,0,14:59:46,00,Y,N,0,0,Y,,2024-01-15 开始转股,计算使用3.0年期 评级为AA 债参考YTM：1.7605,N,3.1,全价：124.142 最后更新：14:59:46,,,,0,[],0,0,N,,,buy,buy
2026-07-13 10:38:41,113701,祥和转债,xhzz,147.017,-5.35,603500,祥和实业,xhsy,9.52,-6.58,2.88,13.37,71.2,58,106.47,253.49,640501,机械设备,shmb,C,2026-03-26,[],0,0,buy,A+,,9.359,17.381,12.6,buy,2032-03-02,5.641,4.0,14337.38,9729.27,24.06,-3.75,,0,14:59:58,00,Y,N,0,0,Y,,未到转股期；2026-09-09 开始转股,计算使用5.7年期 评级为A+ 债参考YTM：5.5753,N,4.0,全价：147.017 最后更新：14:59:58,,,,0,[],0,0,N,,,buy,buy
2026-07-13 10:38:41,113656,嘉诚转债,jczz,118.268,-0.18,603535,嘉诚国际,jcgj,5.9,-2.8,1.16,10.35,57.01,0,107.47,225.74,420805,交通运输,shmb,C,2022-10-12,[],0,0,buy,A+,,7.245,13.455,26.5,buy,2028-09-01,2.14,7.998,3515.63,2484.03,3.72,0.09,,0,14:58:52,00,Y,N,0,0,Y,,2023-03-07 开始转股,计算使用2.2年期 评级为A+ 债参考YTM：4.4071,N,8.0,全价：118.268 最后更新：14:58:52,,,,0,[],0,0,N,,,buy,buy
2026-07-13 10:38:41,127056,中特转债,ztzz,123.682,-0.37,000708,中信特钢,zxtg,12.94,1.09,1.45,21.78,59.41,0,108.18,231.86,230501,钢铁,szmb,C,2022-04-15,[],0,0,buy,AAA,,15.246,28.314,7.7,buy,2028-02-25,1.622,49.996,7580.34,18572.32,1.22,-8.31,,0,15:34:09,00,Y,N,1,0,Y,转股价下修1次，成功下修0次,2022-09-05 开始转股,计算使用1.7年期 评级为AAA 债参考YTM：1.5514,Y,50.0,全价：123.682 最后更新：15:34:09,,,"按下调到底估算
股东大会：2026-07-22
预估转股价：13.25
预估转股价值：97.66
期权价值：14.81
理论价值：119.79
理论偏离度：3.15%",0,{'M': ''},0,0,N,,,buy,buy
2026-07-13 10:38:41,127068,顺博转债,sbzz,122.087,-1.18,002996,顺博合金,sbhj,5.85,-3.15,1.14,10.0,58.5,0,108.7,230.79,240301,有色金属,szmb,C,2022-09-07,[],0,0,buy,AA-,,7.0,13.0,31.0,buy,2028-08-12,2.085,8.3,4393.73,4410.93,4.33,-4.31,,0,15:34:12,00,Y,N,2,2,Y,转股价下修2次，成功下修2次,2023-02-20 开始转股,计算使用2.1年期 评级为AA- 债参考YTM：2.0439,N,8.3,全价：122.087 最后更新：15:34:12,,,,0,[],0,0,N,,,buy,buy
2026-07-13 10:38:41,113634,珀莱转债,plzz,123.491,-0.63,603605,珀莱雅,bly,56.18,-2.67,3.47,95.46,58.85,0,109.83,233.32,770202,美容护理,shmb,C,2022-01-04,[],0,0,buy,AA,,66.822,124.098,3.4,buy,2027-12-08,1.406,7.507,2974.84,24544.33,3.2,-3.94,,0,14:58:57,00,Y,N,0,0,Y,,2022-06-14 开始转股,计算使用1.5年期 评级为AA 债参考YTM：1.6356,N,7.517,全价：123.491 最后更新：14:58:57,,,,1,{'M': ''},0,0,N,,,buy,buy
2026-07-13 10:38:41,123274,维科转债,wkzz,160.5,2.03,301499,维科精密,wkjm,27.22,-4.59,2.88,35.62,76.42,175,110.03,270.53,280206,汽车,szcy,C,2026-07-10,[],0,0,buy,A+,,24.934,46.306,67.0,buy,2032-06-25,5.956,6.3,239821.85,9612.01,218.68,-5.11,,0,15:34:06,00,Y,N,0,0,Y,,未到转股期；2027-01-04 开始转股,计算使用6.0年期 评级为A+ 债参考YTM：5.8016,N,6.3,全价：160.500 最后更新：15:34:06,,,,0,{'M': ''},0,0,N,,,buy,buy
2026-07-13 10:38:41,127085,韵达转债,ydzz,122.929,-0.01,002120,韵达股份,ydgf,6.73,0.15,0.9,11.53,58.37,0,110.6,233.53,420804,交通运输,szmb,C,2023-05-23,[],0,0,buy,AA+,,8.071,14.989,12.9,buy,2029-04-11,2.748,24.499,2783.11,21031.74,0.92,-3.61,,0,15:34:21,00,Y,N,0,0,Y,,2023-10-17 开始转股,计算使用2.8年期 评级为AA+ 债参考YTM：1.6674,N,24.5,全价：122.929 最后更新：15:34:21,,,,0,{'M': ''},0,0,N,,,buy,buy
2026-07-13 10:38:41,123192,科思转债,kszz,124.091,-0.79,300856,科思股份,ksgf,10.1,-3.07,1.7,17.32,58.31,0,112.8,236.89,770201,美容护理,szcy,C,2023-05-11,[],0,0,buy,AA-,,12.124,22.516,15.5,buy,2029-04-13,2.753,7.187,1924.63,3656.73,2.15,-1.69,,0,15:34:51,00,Y,N,0,0,Y,,2023-10-19 开始转股,计算使用2.8年期 评级为AA- 债参考YTM：2.2345,N,7.249,全价：124.091 最后更新：15:34:51,,,,0,{'M': ''},0,0,N,,,buy,buy
2026-07-13 10:38:41,123138,丝路转债,slzz,123.968,-0.93,300556,丝路视觉,slsj,15.41,-6.44,4.41,26.53,58.09,0,113.42,237.39,710401,计算机,szcy,C,2022-03-22,[],0,0,buy,A-,,18.571,34.489,14.3,buy,2028-03-02,1.638,2.393,1557.47,10194.82,5.25,-3.26,,0,15:34:48,00,Y,N,0,0,Y,,2022-09-08 开始转股,计算使用1.7年期 评级为A- 债参考YTM：9.0068,N,2.4,全价：123.968 最后更新：15:34:48,,,,1,[],0,0,N,,,buy,buy
2026-07-13 10:38:41,123262,神宇转债,syzz,136.78,-1.31,300563,神宇股份,sygf,24.6,-7.2,3.77,38.62,63.7,0,114.73,251.51,730205,通信,szcy,C,2025-12-30,[],0,0,buy,AA-,,27.034,50.206,15.6,buy,2031-12-11,5.416,4.999,2101.07,12954.42,3.05,-3.4,,0,15:34:12,00,Y,N,0,0,Y,,2026-06-17 开始转股,计算使用5.5年期 评级为AA- 债参考YTM：3.0041,N,5.0,全价：136.780 最后更新：15:34:12,,,,0,{'M': ''},0,0,N,,,buy,buy
2026-07-13 10:38:41,127060,湘佳转债,xjzz,123.593,-0.47,002982,湘佳股份,xjgf,12.1,-0.41,1.41,21.03,57.54,0,114.81,238.4,110703,农林牧渔,szmb,C,2022-06-10,[],0,0,buy,A+,,14.721,27.339,40.7,buy,2028-04-19,1.77,6.399,2217.56,5726.91,2.8,-5.65,,0,15:34:30,00,Y,N,1,0,Y,转股价下修1次，成功下修0次,2022-10-25 开始转股,计算使用1.8年期 评级为A+ 债参考YTM：4.3267,Y,6.4,全价：123.593 最后更新：15:34:30,,,"按下调到底估算
股东大会：2026-07-23
预估转股价：12.05
预估转股价值：100.41
期权价值：20.56
理论价值：124.16
理论偏离度：-0.46%",0,[],0,0,N,,,buy,buy
2026-07-13 10:38:41,118066,统联转债,tlzz,129.371,-2.67,688210,统联精密,tljm,33.58,-7.26,4.18,56.2,59.75,55,116.52,245.89,270504,电子,shkc,C,2026-03-20,[],0,0,buy,AA-,,39.34,73.06,10.5,buy,2032-03-02,5.641,5.76,2524.7,10984.91,3.36,-2.29,,0,14:59:51,00,Y,N,0,0,Y,,未到转股期；2026-09-06 开始转股,计算使用5.7年期 评级为AA- 债参考YTM：3.2259,N,5.76,全价：129.371 最后更新：14:59:51,,,,0,{'M': ''},1,0,N,,,buy,buy
2026-07-13 10:38:41,123193,海能转债,hnzz,123.068,-0.91,300787,海能实业,hnsy,8.23,-5.18,1.52,14.5,56.76,0,116.83,239.9,270504,电子,szcy,C,2023-05-09,[],0,0,buy,AA-,,10.15,18.85,37.1,buy,2029-04-13,2.753,5.997,1765.97,3880.94,2.39,-1.39,,0,15:34:48,00,Y,N,0,0,Y,,2023-10-19 开始转股,计算使用2.8年期 评级为AA- 债参考YTM：2.2345,N,6.0,全价：123.068 最后更新：15:34:48,,,,0,[],0,0,N,,,buy,buy
2026-07-13 10:38:41,123266,博士转债,bszz,134.147,-1.22,300622,博士眼镜,bsyj,13.3,-4.39,4.48,21.54,61.75,73,117.26,251.41,450401,商贸零售,szcy,C,2026-04-07,[],0,0,buy,AA,,15.078,28.002,12.8,buy,2032-03-17,5.682,3.75,958.96,7341.02,1.9,-2.63,,0,15:34:15,00,Y,N,0,0,Y,,未到转股期；2026-09-24 开始转股,计算使用5.7年期 评级为AA 债参考YTM：2.1533,N,3.75,全价：134.147 最后更新：15:34:15,,,,0,[],0,0,N,,,buy,buy
2026-07-13 10:38:41,123113,仙乐转债,xlzz,114.758,-0.21,300791,仙乐健康,xljk,16.54,2.61,1.73,31.66,52.24,0,119.66,234.42,340407,食品饮料,szcy,C,2021-05-14,[],0,0,buy,AA-,,22.162,41.158,24.1,buy,2027-04-19,0.767,10.248,2098.56,3464.15,1.78,-2.0,,0,15:34:27,00,Y,N,0,0,Y,,2021-10-25 开始转股,计算使用0.8年期 评级为AA- 债参考YTM：1.8141,N,10.249,全价：114.758 最后更新：15:34:27,,,,1,[],0,0,N,,,buy,buy
2026-07-13 10:38:41,113625,江山转债,jszz,115.329,-0.28,603208,江山欧派,jsop,10.4,-2.8,1.75,19.84,52.42,0,120.01,235.34,360308,轻工制造,shmb,C,2021-07-01,[],0,0,buy,A,,13.888,25.792,31.8,buy,2027-06-11,0.912,5.825,2149.3,2655.61,3.2,2.55,,0,14:59:57,00,Y,N,1,1,Y,转股价下修1次，成功下修1次,2021-12-20 开始转股,计算使用1.0年期 评级为A 债参考YTM：6.5366,N,5.83,全价：115.329 最后更新：14:59:57,,,,1,[],0,0,N,,,buy,buy
2026-07-13 10:38:41,123168,惠云转债,hyzz,124.33,-1.21,300891,惠云钛业,hyty,6.03,-6.8,1.89,10.74,56.15,0,121.44,245.77,220206,基础化工,szcy,C,2022-12-14,[],0,0,buy,AA-,,7.518,13.962,24.4,buy,2028-11-23,2.367,4.899,2068.87,5182.03,3.39,-1.98,,0,15:34:00,00,Y,N,0,0,Y,,2023-05-29 开始转股,计算使用2.4年期 评级为AA- 债参考YTM：2.1182,N,4.9,全价：124.330 最后更新：15:34:00,,,,0,{'M': ''},0,0,N,,,buy,buy
2026-07-13 10:38:41,123265,耐普转02,npz02,128.915,-1.98,300818,耐普矿机,npkj,17.03,-4.65,1.97,29.5,57.73,9,123.31,252.23,640103,机械设备,szcy,C,2026-01-30,[],0,0,buy,A+,,20.65,38.35,18.6,buy,2032-01-15,5.512,4.5,2495.02,7969.97,4.27,-1.48,,0,15:34:18,00,Y,N,0,0,Y,,未到转股期；2026-07-22 开始转股,计算使用5.6年期 评级为A+ 债参考YTM：5.4666,N,4.5,全价：128.915 最后更新：15:34:18,,,,0,[],0,0,N,,,buy,buy
2026-07-13 10:38:41,123264,双乐转债,slzz,122.848,-0.53,301036,双乐股份,slgf,19.95,-3.81,1.17,36.4,54.81,0,124.14,246.99,220305,基础化工,szcy,C,2026-01-16,[],0,0,buy,AA-,,25.48,47.32,57.5,buy,2031-12-26,5.458,8.0,1335.18,2601.08,1.36,-1.43,,0,15:34:36,00,Y,N,0,0,Y,,2026-07-06 开始转股,计算使用5.5年期 评级为AA- 债参考YTM：3.0041,N,8.0,全价：122.848 最后更新：15:34:36,,,,0,{'M': ''},0,0,N,,,buy,buy
2026-07-13 10:38:41,111009,盛泰转债,stzz,121.301,-0.99,605138,盛泰集团,stjt,5.68,-3.07,1.22,10.51,54.04,0,124.45,245.75,350209,纺织服饰,shmb,C,2022-12-01,[],0,0,buy,AA,,7.357,13.663,22.2,buy,2028-11-07,2.323,7.011,2068.47,2676.25,2.42,-2.95,,0,14:59:37,00,Y,N,0,0,Y,,2023-05-11 开始转股,计算使用2.4年期 评级为AA 债参考YTM：1.7269,N,7.012,全价：121.301 最后更新：14:59:37,,,,0,[],0,0,N,,,buy,buy
2026-07-13 10:38:41,113666,爱玛转债,amzz,121.683,0.06,603529,爱玛科技,amkj,19.8,-2.37,1.68,36.95,53.59,0,127.08,248.76,280401,汽车,shmb,C,2023-03-20,[],0,0,buy,AA,,25.865,48.035,11.9,buy,2029-02-23,2.619,19.994,2966.43,10907.23,1.22,-2.73,,0,14:58:32,00,Y,N,0,0,Y,,2023-09-01 开始转股,计算使用2.7年期 评级为AA 债参考YTM：1.7433,N,20.0,全价：121.683 最后更新：14:58:32,,,,0,{'M': ''},0,0,N,,,buy,buy
2026-07-13 10:38:41,123229,艾录转债,alzz,127.128,-0.58,301062,上海艾录,shal,5.53,-3.15,1.76,9.95,55.58,0,128.74,255.87,360205,轻工制造,szcy,C,2023-11-20,[],0,0,buy,A,,6.965,12.935,11.7,buy,2029-10-23,3.282,1.779,641.63,4240.84,2.83,-1.71,,0,15:34:24,00,Y,N,0,0,Y,,2024-04-29 开始转股,计算使用3.3年期 评级为A 债参考YTM：7.0518,N,5.0,全价：127.128 最后更新：15:34:24,,,,0,{'M': ''},0,0,N,,,buy,buy
2026-07-13 10:38:41,113638,台21转债,t21zz,124.597,0.41,603055,台华新材,thxc,8.65,3.22,1.41,16.01,54.03,0,130.61,255.21,350106,纺织服饰,shmb,C,2022-01-21,[],0,0,buy,AA,,11.207,20.813,7.8,buy,2027-12-29,1.463,5.997,5955.76,9470.41,7.98,-6.08,,0,14:59:59,00,Y,N,0,0,Y,,2022-07-05 开始转股,计算使用1.5年期 评级为AA 债参考YTM：1.6356,N,6.0,全价：124.597 最后更新：14:59:59,,,,0,{'M': ''},0,0,N,,,buy,buy
2026-07-13 10:38:41,113700,海天转债,htzz,126.996,-1.33,603759,海天股份,htgf,6.82,-4.08,1.07,12.41,54.96,29,131.09,258.09,760102,环保,shmb,C,2026-03-12,[],0,0,buy,AA,,8.687,16.133,25.4,buy,2032-02-04,5.567,8.01,1746.07,3365.23,1.72,-2.02,,0,14:59:27,00,Y,N,0,0,Y,,未到转股期；2026-08-11 开始转股,计算使用5.6年期 评级为AA 债参考YTM：2.1295,N,8.01,全价：126.996 最后更新：14:59:27,,,,0,[],0,0,N,,,buy,buy
2026-07-13 10:38:41,123196,正元转02,zyz02,121.2,-1.38,300645,正元智慧,zyzh,11.49,-3.77,1.47,21.91,52.44,0,131.11,252.31,710103,计算机,szcy,C,2023-05-19,[],0,0,buy,A+,,15.337,28.483,21.9,buy,2029-04-18,2.767,3.501,2523.34,4325.33,5.94,-0.89,,0,15:34:48,00,Y,N,2,1,Y,转股价下修2次，成功下修1次,2023-10-24 开始转股,计算使用2.8年期 评级为A+ 债参考YTM：4.5822,N,3.507,全价：121.200 最后更新：15:34:48,,,,0,[],0,0,N,,,buy,buy
2026-07-13 10:38:41,118042,奥维转债,awzz,125.89,-1.73,688516,奥特维,atw,45.4,-9.2,3.73,83.69,54.25,0,132.06,257.95,630505,电力设备,shkc,C,2023-09-01,[],0,0,buy,AA-,,58.583,108.797,8.0,buy,2029-08-10,3.08,11.399,3671.1,46110.38,2.55,-1.77,,0,14:58:47,00,Y,N,0,0,Y,,2024-02-19 开始转股,计算使用3.1年期 评级为AA- 债参考YTM：2.3144,N,11.4,全价：125.890 最后更新：14:58:47,,,,0,{'M': ''},0,0,N,,,buy,buy
2026-07-13 10:38:41,113679,芯能转债,xnzz,122.683,-0.87,603105,芯能科技,xnkj,6.49,-3.28,1.42,12.55,51.71,0,137.24,259.92,410106,公用事业,shmb,C,2023-11-24,[],0,0,buy,AA-,,8.785,16.315,27.1,buy,2029-10-26,3.29,8.799,1860.11,5695.68,1.72,-0.81,,0,14:59:17,00,Y,N,0,0,Y,,2024-05-06 开始转股,计算使用3.3年期 评级为AA- 债参考YTM：2.3488,N,8.8,全价：122.683 最后更新：14:59:17,,,,0,{'M': ''},0,0,N,,,buy,buy
2026-07-13 10:38:41,123175,百畅转债,bczz,107.34,-0.5,300614,百川畅银,bccy,9.23,-5.43,1.67,20.4,45.25,0,137.24,244.58,760103,环保,szcy,C,2023-03-17,[],0,0,buy,BBB+,,14.28,26.52,28.4,buy,2029-02-22,2.616,4.199,1974.9,3069.4,4.39,3.18,,0,15:34:45,00,Y,N,2,2,Y,转股价下修2次，成功下修2次,2023-08-28 开始转股,计算使用2.7年期 评级为BBB+ 债参考YTM：12.4085,N,4.2,全价：107.340 最后更新：15:34:45,,,,0,{'M': ''},0,0,N,,,buy,buy
2026-07-13 10:38:41,118020,芳源转债,fyzz,117.812,-0.82,688148,芳源股份,fygf,6.85,-8.79,6.37,14.0,48.93,0,140.78,258.59,630702,电力设备,shkc,C,2022-11-07,[],0,0,buy,BBB,,9.8,18.2,18.4,buy,2028-09-23,2.2,6.417,1820.65,19249.9,2.4,3.21,,0,14:59:01,00,Y,N,1,1,Y,转股价下修1次，成功下修1次,2023-03-29 开始转股,计算使用2.2年期 评级为BBB 债参考YTM：15.3692,N,6.42,全价：117.812 最后更新：14:59:01,,,,0,{'M': ''},0,0,N,,,buy,buy
2026-07-13 10:38:41,123267,珂玛转债,kmzz,352.102,-0.7,301611,珂玛科技,kmkj,141.06,-3.1,33.6,97.47,144.72,101,143.3,495.4,270103,电子,szcy,C,2026-05-13,[],0,0,buy,AA,,68.229,126.711,3.6,buy,2032-04-15,5.762,7.5,145527.41,195007.93,54.47,-17.98,,0,15:33:54,00,Y,N,0,0,Y,,未到转股期；2026-10-22 开始转股,计算使用5.8年期 评级为AA 债参考YTM：2.1769,N,7.5,全价：352.102 最后更新：15:33:54,,,,0,{'M': ''},0,0,N,,,buy,buy
2026-07-13 10:38:41,113693,志邦转债,zbzz,119.204,-0.88,603801,志邦家居,zbjj,5.4,-1.82,0.73,11.13,48.52,0,145.69,264.89,360308,轻工制造,shmb,C,2025-04-08,[],0,0,buy,AA,,7.791,14.469,28.6,buy,2031-03-18,4.682,6.7,2604.22,3394.85,3.26,-0.91,,0,14:58:44,00,Y,N,0,0,Y,,2025-09-24 开始转股,计算使用4.7年期 评级为AA 债参考YTM：1.9737,N,6.7,全价：119.204 最后更新：14:58:44,,,,0,[],0,0,N,,,buy,buy
2026-07-13 10:38:41,127062,垒知转债,lzzz,121.01,-0.92,002398,垒知集团,lzjt,3.67,-2.91,0.68,7.56,48.55,0,149.27,270.28,610303,建筑材料,szmb,C,2022-05-20,[],0,0,buy,AA-,,5.292,9.828,18.0,buy,2028-04-21,1.775,3.957,1464.5,4974.0,3.05,-1.9,,0,15:34:36,00,Y,N,0,0,Y,,2022-10-27 开始转股,计算使用1.8年期 评级为AA- 债参考YTM：1.9880,N,3.963,全价：121.010 最后更新：15:34:36,,,,0,[],0,0,N,,,buy,buy
2026-07-13 10:38:41,111014,李子转债,lzzz,120.218,-0.31,605337,李子园,lzy,8.51,-0.35,1.95,18.14,46.91,0,156.26,276.48,340701,食品饮料,shmb,C,2023-07-13,[],0,0,buy,AA,,12.698,23.582,18.1,buy,2029-06-20,2.94,5.999,1483.53,2117.66,2.06,-1.43,,0,14:58:41,00,Y,N,0,0,Y,,2023-12-28 开始转股,计算使用3.0年期 评级为AA 债参考YTM：1.7605,N,6.0,全价：120.218 最后更新：14:58:41,,,,0,[],0,0,N,,,buy,buy
2026-07-13 10:38:41,118022,锂科转债,lkzz,119.879,-0.02,688779,五矿新能,wkxn,7.14,-4.55,1.88,15.49,46.09,0,160.07,279.95,630702,电力设备,shkc,C,2022-11-07,[],0,0,buy,AA,,10.843,20.137,23.6,buy,2028-10-11,2.249,32.497,5600.08,20771.46,1.44,-2.53,,0,14:59:50,00,Y,N,0,0,Y,,2023-04-17 开始转股,计算使用2.3年期 评级为AA 债参考YTM：1.7204,N,32.5,全价：119.879 最后更新：14:59:50,,,,0,{'M': ''},0,0,N,,,buy,buy
2026-07-13 10:38:41,113650,博22转债,b22zz,121.981,-1.27,603916,苏博特,sbt,10.76,-6.92,1.05,23.03,46.72,0,161.08,283.06,220309,基础化工,shmb,C,2022-07-28,[],0,0,buy,AA-,,16.121,29.939,17.7,buy,2028-07-01,1.97,7.996,3639.58,12646.59,3.72,-2.12,,0,14:58:53,00,Y,N,0,0,Y,,2023-01-09 开始转股,计算使用2.0年期 评级为AA- 债参考YTM：2.0245,N,8.0,全价：121.981 最后更新：14:58:53,,,,1,{'M': ''},0,0,N,,,buy,buy
2026-07-13 10:38:41,123090,三诺转债,snzz,112.81,0.05,300298,三诺生物,snsw,14.69,1.1,2.64,34.52,42.56,0,165.09,277.9,370502,医药生物,szcy,C,2021-01-12,[],0,0,buy,AA,,24.164,44.876,7.6,buy,2026-12-21,0.441,4.984,2888.42,10677.21,5.14,-1.63,,0,15:34:27,00,Y,N,0,0,Y,,2021-06-25 开始转股,计算使用0.5年期 评级为AA 债参考YTM：1.5500,N,5.0,全价：112.810 最后更新：15:34:27,,,,0,{'M': ''},0,0,N,,,buy,buy
2026-07-13 10:38:41,127044,蒙娜转债,mnzz,117.598,-1.18,002918,蒙娜丽莎,mnls,8.75,-6.91,1.09,19.76,44.28,0,165.57,283.17,360306,轻工制造,szmb,C,2021-09-16,[],0,0,buy,AA-,,13.832,25.688,18.0,buy,2027-08-16,1.093,3.368,2614.43,9311.67,6.59,-3.0,,0,15:34:27,00,Y,N,1,1,Y,转股价下修1次，成功下修1次,2022-02-21 开始转股,计算使用1.1年期 评级为AA- 债参考YTM：1.8621,N,11.689,全价：117.598 最后更新：15:34:27,,,,0,[],0,0,N,,,buy,buy
2026-07-13 10:38:41,123117,健帆转债,jfzz,114.443,-0.07,300529,健帆生物,jfsw,16.23,1.12,3.5,38.15,42.54,0,169.01,283.45,370503,医药生物,szcy,C,2021-07-12,[],0,0,buy,AA,,26.705,49.595,12.0,buy,2027-06-23,0.945,9.998,3259.68,13042.94,2.85,-4.12,,0,15:34:33,00,Y,N,2,2,Y,转股价下修2次，成功下修2次,2021-12-29 开始转股,计算使用1.0年期 评级为AA 债参考YTM：1.5866,N,10.0,全价：114.443 最后更新：15:34:33,,,,1,{'M': ''},0,0,N,,,buy,buy
2026-07-13 10:38:41,118069,爱科转债,akzz,203.772,7.95,688092,爱科科技,akkj,21.4,-2.64,2.66,28.53,75.01,157,171.66,375.43,640209,机械设备,shkc,C,2026-07-09,[],0,0,buy,AA-,,19.971,37.089,15.1,buy,2032-06-10,5.915,2.67,258943.81,2175.56,466.88,-8.99,,0,15:00:00,00,Y,N,0,0,Y,,未到转股期；2026-12-17 开始转股,计算使用6.0年期 评级为AA- 债参考YTM：3.4516,N,2.67,全价：203.772 最后更新：15:00:00,,,,0,{'M': ''},0,0,N,,,buy,buy
2026-07-13 10:38:41,123180,浙矿转债,zkzz,125.545,-0.95,300837,浙矿股份,zkgf,21.58,-5.6,1.48,47.59,45.35,0,176.86,302.41,640203,机械设备,szcy,C,2023-03-28,[],0,0,buy,AA-,,33.313,61.867,19.6,buy,2029-03-09,2.658,3.197,1739.77,3159.29,4.34,-2.19,,0,15:34:48,00,Y,N,0,0,Y,,2023-09-15 开始转股,计算使用2.7年期 评级为AA- 债参考YTM：2.2052,N,3.2,全价：125.545 最后更新：15:34:48,,,,0,[],0,0,N,,,buy,buy
2026-07-13 10:38:41,113049,长汽转债,cqzz,107.807,0.19,601633,XD长城汽,ccqc,15.0,0.6,1.45,38.83,38.63,0,179.08,286.89,280502,汽车,shmb,C,2021-07-08,[],0,0,buy,AAA,,27.181,50.479,3.7,buy,2027-06-10,0.91,34.95,4248.14,21910.26,1.13,-0.83,,0,14:59:14,00,Y,N,0,0,Y,,2021-12-17 开始转股,计算使用1.0年期 评级为AAA 债参考YTM：1.5166,N,35.0,全价：107.807 最后更新：14:59:14,,,,1,{'M': ''},0,0,N,,,buy,buy
2026-07-13 10:38:41,127098,欧晶转债,ojzz,119.328,-1.8,001269,欧晶科技,ojkj,17.87,-9.7,4.51,42.0,42.55,0,180.46,299.79,630504,电力设备,szmb,C,2023-12-15,[],0,0,buy,A+,,29.4,54.6,13.6,buy,2029-11-24,3.37,4.693,1507.52,10368.77,2.68,-0.83,,0,15:34:27,00,Y,N,1,1,Y,转股价下修1次，成功下修1次,2024-05-30 开始转股,计算使用3.4年期 评级为A+ 债参考YTM：4.7148,N,4.7,全价：119.328 最后更新：15:34:27,,,,0,[],0,0,N,,,buy,buy
2026-07-13 10:38:41,123151,康医转债,kyzz,117.736,-0.02,300869,康泰医学,ktyx,10.39,-1.7,2.42,27.55,37.71,0,212.19,329.93,370502,医药生物,szcy,C,2022-07-20,[],0,0,buy,A+,,19.285,35.815,25.5,buy,2028-07-01,1.97,6.998,2294.14,3850.79,2.78,-0.1,,0,15:33:54,00,Y,N,0,0,Y,,2023-01-09 开始转股,计算使用2.0年期 评级为A+ 债参考YTM：4.3645,N,7.0,全价：117.736 最后更新：15:33:54,,,,1,{'M': ''},0,0,N,,,buy,buy
2026-07-13 10:38:41,128135,洽洽转债,qqzz,114.421,-0.03,002557,洽洽食品,qqsp,19.93,0.66,1.82,54.95,36.27,0,215.48,329.9,340801,食品饮料,szmb,C,2020-11-18,[],0,0,buy,AA,,38.465,71.435,13.3,buy,2026-10-20,0.271,13.398,7059.25,11289.22,4.6,1.89,,0,15:34:06,00,Y,N,0,0,Y,,2021-04-26 开始转股,计算使用0.3年期 评级为AA 债参考YTM：1.5209,N,13.4,全价：114.421 最后更新：15:34:06,,,,1,{'M': ''},0,0,N,,,buy,buy
2026-07-13 10:38:41,123250,嘉益转债,jyzz,123.824,-0.27,301004,嘉益股份,jygf,30.96,-2.46,2.44,79.66,38.87,0,218.6,342.42,360311,轻工制造,szcy,C,2024-11-26,[],0,0,buy,A+,,55.762,103.558,9.4,buy,2030-11-07,4.323,3.955,805.05,1682.44,1.64,-0.99,,0,15:34:45,00,Y,N,0,0,Y,,2025-05-13 开始转股,计算使用4.4年期 评级为A+ 债参考YTM：4.8400,N,3.979,全价：123.824 最后更新：15:34:45,,,,0,{'M': ''},0,0,N,,,buy,buy
2026-07-13 10:38:41,113660,寿22转债,s22zz,122.649,-0.34,603896,寿仙谷,sxg,14.16,2.24,1.23,36.84,38.44,0,219.1,341.75,370201,医药生物,shmb,C,2022-12-12,[],0,0,buy,AA-,,25.788,47.892,14.2,buy,2028-11-17,2.351,3.977,1680.86,4796.93,3.44,-2.57,,0,14:58:32,00,Y,N,0,0,Y,,2023-05-23 开始转股,计算使用2.4年期 评级为AA- 债参考YTM：2.1182,N,3.98,全价：122.649 最后更新：14:58:32,,,,0,[],0,0,N,,,buy,buy
2026-07-13 10:38:41,113670,金23转债,j23zz,122.037,-0.67,603180,金牌家居,jpjj,14.11,-1.6,0.8,37.54,37.59,0,224.68,346.72,360308,轻工制造,shmb,C,2023-05-16,[],0,0,buy,AA,,26.278,48.802,35.4,buy,2029-04-17,2.764,7.7,4720.48,1100.3,5.04,-1.14,,0,14:58:51,00,Y,N,0,0,Y,,2023-10-23 开始转股,计算使用2.8年期 评级为AA 债参考YTM：1.7487,N,7.7,全价：122.037 最后更新：14:58:51,,,,0,[],0,0,N,,,buy,buy
2026-07-13 10:38:41,118032,建龙转债,jlzz,122.555,-0.6,688357,建龙微纳,jlwn,24.76,-3.02,1.33,71.41,34.67,0,253.46,376.02,220309,基础化工,shkc,C,2023-04-07,[],0,0,buy,AA-,,49.987,92.833,28.3,buy,2029-03-08,2.655,6.999,3164.4,2636.39,3.68,-1.28,,0,14:57:58,00,Y,N,0,0,Y,,2023-09-14 开始转股,计算使用2.7年期 评级为AA- 债参考YTM：2.2052,N,7.0,全价：122.555 最后更新：14:57:58,,,,0,{'M': ''},0,0,N,,,buy,buy
2026-07-13 10:38:41,118005,天奈转债,tnzz,122.557,-0.69,688116,天奈科技,tnkj,33.99,-7.84,3.24,99.01,34.33,0,257.0,379.56,630702,电力设备,shkc,C,2022-03-01,[],0,0,buy,AA-,,69.307,128.713,6.7,buy,2028-01-27,1.543,8.299,2288.66,38811.48,2.25,-5.85,,0,14:59:58,00,Y,N,0,0,Y,,2022-08-09 开始转股,计算使用1.6年期 评级为AA- 债参考YTM：1.9505,N,8.3,全价：122.557 最后更新：14:59:58,,,,0,{'M': ''},0,0,N,,,buy,buy
2026-07-13 10:38:41,110085,通22转债,t22zz,114.9,0.19,600438,通威股份,twgf,10.68,-5.99,1.32,34.6,30.87,0,272.24,387.14,630501,电力设备,shmb,C,2022-03-18,[],0,0,buy,AAA,,24.22,44.98,24.9,buy,2028-02-24,1.619,119.831,14530.4,69134.42,1.05,-2.25,,0,14:59:49,00,Y,N,0,0,Y,,2022-09-02 开始转股,计算使用1.7年期 评级为AAA 债参考YTM：1.5514,N,120.0,全价：114.900 最后更新：14:59:49,,,,0,{'M': ''},0,0,N,,,buy,buy
2026-07-13 10:38:41,123154,火星转债,hxzz,123.8,-0.01,300894,火星人,hxr,10.81,-12.33,4.17,33.03,32.73,0,278.27,402.07,330401,家用电器,szcy,C,2022-08-23,[],0,0,buy,A+,,23.121,42.939,16.6,buy,2028-08-05,2.066,5.289,3211.29,16788.78,4.9,-2.14,,0,15:34:27,00,Y,N,0,0,Y,,2023-02-13 开始转股,计算使用2.1年期 评级为A+ 债参考YTM：4.3841,N,5.29,全价：123.800 最后更新：15:34:27,,,,0,{'M': ''},0,0,N,,,buy,buy
2026-07-13 10:38:41,127025,冀东转债,jdzz,105.43,0.0,000401,金隅冀东,jyjd,3.46,-0.86,0.35,12.91,26.8,0,293.38,398.81,610101,建筑材料,szmb,C,2020-12-02,[],0,0,buy,AAA,,9.037,16.783,19.5,buy,2026-11-05,0.315,17.764,4676.67,2698.21,2.5,1.73,,0,15:34:09,00,Y,Y,0,0,Y,,2021-05-11 开始转股,计算使用0.4年期 评级为AAA 债参考YTM：1.4701,N,28.2,全价：105.430 最后更新：15:34:09,,,,0,{'M': ''},0,0,N,,,buy,buy
2026-07-13 10:38:41,113633,科沃转债,kwzz,119.066,-0.67,603486,科沃斯,kws,50.85,-1.61,3.13,172.97,29.4,0,305.01,424.08,330302,家用电器,shmb,C,2021-12-29,[],0,0,buy,AA,,121.079,224.861,3.6,buy,2027-11-30,1.384,10.396,2533.9,24007.11,2.04,-4.51,,0,14:58:47,00,Y,N,0,0,Y,,2022-06-06 开始转股,计算使用1.4年期 评级为AA 债参考YTM：1.6241,N,10.4,全价：119.066 最后更新：14:58:47,,,,0,{'M': ''},0,0,N,,,buy,buy
2026-07-13 10:38:41,123072,乐歌转债,lgzz,120.253,-1.19,300729,乐歌股份,lggf,9.63,-0.82,0.89,32.61,29.53,0,307.21,427.46,360311,轻工制造,szcy,C,2020-11-10,[],0,0,buy,A+,,22.827,42.393,4.5,buy,2026-10-21,0.274,1.418,3338.96,2751.47,19.55,-0.78,,0,15:34:24,00,Y,N,0,0,Y,,2021-04-27 开始转股,计算使用0.3年期 评级为A+ 债参考YTM：4.0723,N,1.42,全价：120.253 最后更新：15:34:24,,,,0,[],0,0,N,,,buy,buy
2026-07-13 10:38:41,118010,洁特转债,jtzz,121.795,-0.12,688026,洁特生物,jtsw,13.58,-3.0,1.6,47.95,28.32,0,330.05,451.85,370503,医药生物,shkc,C,2022-08-02,[],0,0,buy,A+,,33.565,62.335,23.1,buy,2028-06-28,1.962,4.399,927.68,4444.72,1.73,-4.31,,0,14:58:32,00,Y,N,0,0,Y,,2023-01-04 开始转股,计算使用2.0年期 评级为A+ 债参考YTM：4.3645,N,4.4,全价：121.795 最后更新：14:58:32,,,,1,{'M': ''},0,0,N,,,buy,buy
2026-07-13 10:38:41,123273,三江转债,sjzz,347.0,0.0,301059,金三江,jsj,11.62,-7.04,4.1,14.43,80.53,164,330.91,677.91,220309,基础化工,szcy,C,2026-07-03,[],0,0,buy,A+,,10.101,18.759,12.1,buy,2032-06-16,5.932,2.9,0.0,7196.88,0.0,-16.69,,0,15:34:21,03,Y,N,0,0,Y,,未到转股期；2026-12-24 开始转股,计算使用6.0年期 评级为A+ 债参考YTM：5.8016,N,2.9,全价：347.000 最后更新：15:34:21,,,,0,{'M': ''},0,0,N,,,buy,buy
2026-07-13 10:38:41,123270,盛德转债,sdzz,285.389,0.99,300881,盛德鑫泰,sdxt,35.34,-3.31,3.14,53.68,65.84,147,333.49,618.88,230501,钢铁,szcy,C,2026-06-12,[],0,0,buy,A+,,37.576,69.784,20.0,buy,2032-05-31,5.888,4.05,206458.31,7817.17,173.86,-14.1,,0,15:34:00,00,Y,N,0,0,Y,,未到转股期；2026-12-07 开始转股,计算使用5.9年期 评级为A+ 债参考YTM：5.7498,N,4.05,全价：285.389 最后更新：15:34:00,,,,0,{'M': ''},0,0,N,,,buy,buy
2026-07-13 10:38:41,128124,科华转债,khzz,105.772,-0.01,002022,科华生物,khsw,4.89,0.41,0.98,20.64,23.69,0,346.45,452.22,370504,医药生物,szmb,C,2020-08-20,[],0,0,buy,A,,14.448,26.832,8.9,buy,2026-07-28,0.041,2.243,2346.83,4223.27,9.89,5.61,,0,15:34:00,00,Y,N,0,0,Y,,2021-02-03 开始转股,计算使用0.1年期 评级为A 债参考YTM：6.3980,N,7.38,全价：105.772 最后更新：15:34:00,,,,0,{'R': '到期\n最后交易日：2026-07-22\n最后转股日：2026-07-27\n债券到期日：2026-07-28\n到期赎回价：106.000元/张'},0,0,N,,,buy,buy
2026-07-13 10:38:41,123179,立高转债,lgzz,121.79,-0.07,300973,立高食品,lgsp,23.93,-2.53,1.48,94.64,25.29,0,381.66,503.45,340802,食品饮料,szcy,C,2023-03-27,[],0,0,buy,AA-,,66.248,123.032,33.5,buy,2029-03-07,2.652,9.499,2429.03,6400.54,2.1,-0.95,,0,15:34:42,00,Y,N,0,0,Y,,2023-09-13 开始转股,计算使用2.7年期 评级为AA- 债参考YTM：2.2052,N,9.5,全价：121.790 最后更新：15:34:42,,,,0,{'M': ''},0,0,N,,,buy,buy
2026-07-13 10:38:41,113059,福莱转债,flzz,118.757,-0.44,601865,福莱特,flt,9.22,-5.24,0.96,41.56,22.19,0,435.31,554.07,630504,电力设备,shmb,C,2022-06-13,[],0,0,buy,AA,,29.092,54.028,22.8,buy,2028-05-20,1.855,39.999,5119.94,17936.8,1.08,-2.3,,0,14:59:11,00,Y,N,1,0,N,"转股价下修1次，成功下修0次
2026-07-09 至 2026-07-15 期间暂停转股：回售
转股价41.560生效日期2026-06-18",2022-11-28 开始转股;2026-07-09 至 2026-07-15 期间暂停转股：回售,计算使用1.9年期 评级为AA 债参考YTM：1.6833,N,40.0,全价：118.757 最后更新：14:59:11,,,,0,{'M': ''},0,0,Y,,,buy,buy
