抓取时间,bond_id,bond_nm,bond_py,price,increase_rt,stock_id,stock_nm,stock_py,sprice,sincrease_rt,pb,convert_price,convert_value,convert_begin,premium_rt,dblow,sw_cd,sw_name,market_cd,btype,list_dt,t_flag,owned,hold,bond_value,rating_cd,option_value,put_convert_price,force_redeem_price,convert_amt_ratio,fund_rt,maturity_dt,year_left,curr_iss_amt,volume,svolume,turnover_rt,ytm_rt,put_ytm_rt,noted,last_time,qstatus,sqflag,pb_flag,adj_cnt,adj_scnt,convert_price_valid,convert_price_tips,convert_cd_tip,ref_yield_info,adjusted,orig_iss_amt,price_tips,redeem_dt,real_force_redeem_price,option_tip,after_next_put_dt,icons,is_min_price,blocked,putting,force_redeem_price_tip,notes,volatility_rate,debt_rate
2026-08-27 18:22:10,123284,强达转债,qdzz,100.0,0.0,301628,强达电路,qddl,92.57,3.89,5.85,84.04,110.15,181,-9.21,90.79,270202,电子,szcy,C,,[],0,0,buy,AA-,,58.828,109.252,20.4,buy,2032-08-18,5.981,5.5,0.0,20615.67,0.0,2.2,,0,,00,Y,N,0,0,Y,,未到转股期；2027-02-25 开始转股,计算使用6.0年期 评级为AA- 债参考YTM：3.1431,N,5.5,待上市,,,,0,{'M': ''},0,0,N,,,buy,buy
2026-08-27 18:22:10,127067,恒逸转2,hyz2,186.373,5.79,000703,恒逸石化,hysh,19.2,5.49,2.41,10.32,186.05,0,0.18,186.55,750301,石油石化,szmb,C,2022-08-18,[],0,0,buy,AA+,,7.224,13.416,0.6,buy,2028-07-21,,4.674,206698.84,226927.15,241.6,,,0,15:34:21,00,Y,N,0,0,Y,,2023-01-30 开始转股,强赎登记日2026-09-03，赎回价格100.2500元，如不考虑强赎纯债价值为107.45元，计算使用2.0年期 评级为AA+ 债参考YTM：1.6443,N,30.0,全价：186.373 最后更新：15:34:21,2026-09-03,100.2500,如不考虑强赎期权价值为101.64元,1,"{'R': '最后交易日 2026年9月3日\r\n最后转股日 2026年9月8日\r\n赎回价 100.25元/张', 'M': ''}",0,0,N,,,buy,buy
2026-08-27 18:22:10,110077,洪城转债,hczz,204.245,-1.33,600461,洪城环境,hchj,8.95,-1.0,1.15,4.41,202.95,0,0.64,204.89,760102,环保,shmb,C,2020-12-17,[],0,0,buy,AA+,,3.087,5.733,5.0,buy,2026-11-20,0.233,5.837,12961.26,15701.4,10.95,-200.54,,0,14:59:54,00,Y,N,0,0,Y,,2021-05-26 开始转股,计算使用0.3年期 评级为AA+ 债参考YTM：1.4966,N,18.0,全价：204.245 最后更新：14:59:54,,,,1,"{'G': '本次（2026年7月12日至2026年7月31日）不提前赎回，至到期日止均不行使提前赎回权利', 'M': ''}",0,0,N,,,buy,buy
2026-08-27 18:22:10,123112,万讯转债,wxzz,169.4,-1.51,300112,万讯自控,wxzk,10.7,1.61,3.15,6.43,166.41,0,1.8,171.2,640107,机械设备,szcy,C,2021-04-23,[],0,0,buy,AA-,,4.501,8.359,8.1,buy,2027-04-08,,2.083,144179.12,36173.41,411.42,,,0,15:34:24,00,Y,N,1,1,Y,转股价下修1次，成功下修1次,2021-10-14 开始转股,强赎登记日2026-09-11，赎回价格101.3320元，如不考虑强赎纯债价值为116.72元，计算使用0.7年期 评级为AA- 债参考YTM：1.7964,N,2.457,全价：169.400 最后更新：15:34:24,2026-09-11,101.3320,如不考虑强赎期权价值为69.24元,1,{'R': '最后交易日 2026年9月11日\r\n最后转股日 2026年9月16日\r\n赎回价 101.332元/张'},0,0,N,,,buy,buy
2026-08-27 18:22:10,127061,美锦转债,mjzz,114.98,0.93,000723,美锦能源,mjny,3.9,0.52,1.38,3.47,112.39,0,2.3,117.28,740201,煤炭,szmb,C,2022-05-30,[],0,0,buy,A,,2.429,4.511,16.2,buy,2028-04-20,1.649,27.856,11739.7,50547.26,3.68,2.93,,0,15:34:18,00,Y,N,2,2,Y,转股价下修2次，成功下修2次,2022-10-26 开始转股,计算使用1.7年期 评级为A 债参考YTM：6.6355,N,35.9,全价：114.980 最后更新：15:34:18,,,,1,{'M': ''},0,0,N,,,buy,buy
2026-08-27 18:22:10,110081,闻泰转债,wtzz,106.922,0.15,600745,*ST闻泰,wtkj,19.11,3.35,1.0,18.36,104.09,0,2.73,109.65,270102,电子,shmb,C,2021-08-20,[],0,0,buy,BBB+,,12.852,23.868,28.6,buy,2027-07-28,0.918,72.058,63071.7,126082.14,8.15,1.1,,0,15:00:00,00,Y,N,3,3,Y,转股价下修3次，成功下修3次,2022-02-07 开始转股,计算使用1.0年期 评级为BBB+ 债参考YTM：11.9295,N,86.0,全价：106.922 最后更新：15:00:00,,,,1,[],0,0,N,,,buy,buy
2026-08-27 18:22:10,128134,鸿路转债,hlzz,117.207,0.52,002541,鸿路钢构,hlgg,19.86,0.1,1.35,17.49,113.55,0,3.22,120.43,620401,建筑装饰,szmb,C,2020-11-02,[],0,0,buy,AA,,12.243,22.737,15.9,buy,2026-10-09,0.118,15.64,8118.95,11254.77,4.44,-53.42,,0,15:34:39,00,Y,N,2,2,Y,转股价下修2次，成功下修2次,2021-04-15 开始转股,计算使用0.2年期 评级为AA 债参考YTM：1.4999,N,18.8,全价：117.207 最后更新：15:34:39,,,,0,"{'R': '到期\n最后交易日：2026-09-28\n最后转股日：2026-10-08\n', 'M': ''}",0,0,N,,,buy,buy
2026-08-27 18:22:10,113042,上银转债,syzz,118.513,-0.17,601229,上海银行,shyh,9.55,-1.75,0.52,8.35,114.37,0,3.62,122.13,480401,银行,shmb,C,2021-02-10,[],0,0,buy,AAA,,,10.855,14.7,buy,2027-01-25,0.414,199.774,30955.63,68807.25,1.31,-13.28,,0,14:59:57,00,Y,Y,0,0,Y,,2021-07-29 开始转股,计算使用0.5年期 评级为AAA 债参考YTM：1.4973,N,200.0,全价：118.513 最后更新：14:59:57,,,,0,{'M': ''},0,0,N,,,buy,buy
2026-08-27 18:22:10,113046,金田转债,jtzz,137.129,0.67,601609,金田股份,jtgf,13.35,1.37,2.23,10.18,131.14,0,4.57,141.7,240302,有色金属,shmb,C,2021-04-12,[],0,0,buy,AA+,,7.126,13.234,6.5,buy,2027-03-22,0.567,14.992,22641.98,88454.0,10.98,-34.89,,0,14:59:58,00,Y,N,0,0,Y,,2021-09-27 开始转股,计算使用0.6年期 评级为AA+ 债参考YTM：1.5268,N,15.0,全价：137.129 最后更新：14:59:58,,,,1,{'M': ''},0,0,N,,,buy,buy
2026-08-27 18:22:10,113066,平煤转债,pmzz,139.196,-4.77,601666,平煤股份,pmgf,9.91,1.85,0.97,7.46,132.84,0,4.78,143.98,740102,煤炭,shmb,C,2023-04-10,[],0,0,buy,AAA,,5.222,9.698,5.8,buy,2029-03-16,2.553,14.274,69269.85,37189.71,34.12,-9.0,,0,15:00:00,00,Y,N,1,1,Y,转股价下修1次，成功下修1次,2023-09-22 开始转股,计算使用2.6年期 评级为AAA 债参考YTM：1.6063,N,29.0,全价：139.196 最后更新：15:00:00,,,,0,{'M': ''},0,0,N,,,buy,buy
2026-08-27 18:22:10,113615,金诚转债,jczz,762.759,0.85,603979,金诚信,jcx,80.35,-0.45,4.04,11.12,722.57,0,5.56,768.32,240302,有色金属,shmb,C,2021-01-14,[],0,0,buy,AA,,7.784,14.456,1.0,buy,2026-12-23,0.323,4.958,74538.28,95247.52,19.92,-266.2,,0,14:59:59,00,Y,N,0,0,Y,,2021-06-29 开始转股,计算使用0.4年期 评级为AA 债参考YTM：1.5285,N,10.0,全价：762.759 最后更新：14:59:59,,,,1,"{'G': '本次（2025年10月10日至2025年10月30日）不提前赎回，至2026年12月22日到期均不提前赎回', 'M': ''}",0,0,N,,,buy,buy
2026-08-27 18:22:10,113056,重银转债,cyzz,128.016,-0.19,601963,重庆银行,cqyh,11.0,-1.79,0.59,9.22,119.31,0,7.3,135.32,480401,银行,shmb,C,2022-04-14,[],0,0,buy,AAA,,,11.986,51.7,buy,2028-03-23,1.573,115.622,12299.05,16281.94,0.83,-8.01,,0,14:59:52,00,Y,N,0,0,Y,,2022-09-30 开始转股,计算使用1.6年期 评级为AAA 债参考YTM：1.5477,N,130.0,全价：128.016 最后更新：14:59:52,,,,0,{'M': ''},0,0,N,,,buy,buy
2026-08-27 18:22:10,113605,大参转债,dszz,113.818,-0.37,603233,大参林,dsl,17.72,-2.9,2.61,16.86,105.1,0,8.29,122.11,370403,医药生物,shmb,C,2020-11-13,[],0,0,buy,AA,,11.802,21.918,7.0,buy,2026-10-22,0.153,14.044,4863.47,15858.1,3.04,-22.26,,0,14:59:34,00,Y,N,1,1,Y,转股价下修1次，成功下修1次,2021-04-28 开始转股,计算使用0.2年期 评级为AA 债参考YTM：1.4999,N,14.05,全价：113.818 最后更新：14:59:34,,,,1,{'M': ''},0,0,N,,,buy,buy
2026-08-27 18:22:10,113043,财通转债,ctzz,120.206,1.87,601108,财通证券,ctzq,8.83,1.85,1.06,7.98,110.65,0,8.63,128.84,490101,非银金融,shmb,C,2020-12-28,[],0,0,buy,AAA,,,10.374,9.3,buy,2026-12-10,0.288,37.992,23840.61,69372.54,5.27,-41.48,,0,14:59:58,00,Y,Y,1,1,Y,转股价下修1次，成功下修1次,2021-06-16 开始转股,计算使用0.3年期 评级为AAA 债参考YTM：1.4778,N,38.0,全价：120.206 最后更新：14:59:58,,,,0,{'M': ''},0,0,N,,,buy,buy
2026-08-27 18:22:10,113062,常银转债,cyzz,129.078,-0.71,601128,常熟银行,csyh,6.23,-2.5,0.69,5.25,118.67,0,8.77,137.85,480501,银行,shmb,C,2022-10-17,[],0,0,buy,AAA,,,6.825,26.4,buy,2028-09-15,2.055,59.994,17565.53,66669.13,2.27,-7.89,,0,14:59:55,00,Y,N,0,0,Y,,2023-03-21 开始转股,计算使用2.1年期 评级为AAA 债参考YTM：1.5797,N,60.0,全价：129.078 最后更新：14:59:55,,,,0,{'M': ''},0,0,N,,,buy,buy
2026-08-27 18:22:10,113681,镇洋转债,zyzz,139.877,-0.05,603213,镇洋发展,zyfz,13.96,-0.21,3.14,10.95,127.49,0,9.72,149.6,220202,基础化工,shmb,C,2024-01-17,[],0,0,buy,AA-,,7.665,14.235,8.8,buy,2029-12-29,3.343,5.476,2272.58,2419.29,2.97,-4.74,,0,14:59:09,00,Y,N,0,0,Y,,2024-07-05 开始转股,计算使用3.4年期 评级为AA- 债参考YTM：2.2748,N,6.6,全价：139.877 最后更新：14:59:09,,,,0,[],0,0,N,,,buy,buy
2026-08-27 18:22:10,123243,严牌转债,ypzz,215.6,0.05,301081,严牌股份,ypgf,14.1,0.43,2.95,7.22,195.29,0,10.4,226.0,760201,环保,szcy,C,2024-07-26,[],0,0,buy,A+,,5.054,9.386,8.2,buy,2030-07-10,3.871,2.607,50032.81,12260.36,87.51,-14.56,,0,15:33:54,00,Y,N,0,0,Y,,2025-01-16 开始转股,计算使用3.9年期 评级为A+ 债参考YTM：4.6610,N,4.679,全价：215.600 最后更新：15:33:54,,,,0,{'M': ''},0,0,N,,,buy,buy
2026-08-27 18:22:10,123282,震裕转02,zyz02,100.0,0.0,300953,震裕科技,zykj,94.5,2.12,4.7,104.85,90.13,178,10.95,110.95,630701,电力设备,szcy,C,,[],0,0,buy,AA-,,73.395,136.305,11.4,buy,2032-08-16,5.975,18.8,0.0,50251.78,0.0,2.2,,0,,00,Y,N,0,0,Y,,未到转股期；2027-02-22 开始转股,计算使用6.0年期 评级为AA- 债参考YTM：3.1431,N,18.8,待上市,,,,0,{'M': ''},0,0,N,,,buy,buy
2026-08-27 18:22:10,123207,冠中转债,gzzz,223.1,-0.43,300948,冠中生态,gzst,20.84,0.58,3.41,10.44,199.62,0,11.76,234.86,620307,建筑装饰,szcy,C,2023-08-09,[],0,0,buy,A-,,7.308,13.572,4.5,buy,2029-07-21,2.901,1.455,22029.31,7899.39,67.18,-19.73,,0,15:33:54,00,Y,N,1,1,Y,转股价下修1次，成功下修1次,2024-01-29 开始转股,计算使用3.0年期 评级为A- 债参考YTM：9.2676,N,4.0,全价：223.100 最后更新：15:33:54,,,,0,"{'G': '本次（2026年5月27日至2026年6月16日）不提前赎回，自2026年9月16日后首个交易日重新计算', 'M': ''}",0,0,N,,,buy,buy
2026-08-27 18:22:10,128138,侨银转债,qyzz,130.89,0.13,002973,侨银股份,qygf,12.37,3.51,1.97,10.6,116.7,0,12.16,143.05,760103,环保,szmb,C,2020-12-24,[],0,0,buy,A+,,7.42,13.78,10.7,buy,2026-11-17,0.225,4.199,5530.12,11696.2,10.06,-3.06,,0,15:34:51,00,Y,N,3,3,Y,转股价下修3次，成功下修3次,2021-05-24 开始转股,计算使用0.3年期 评级为A+ 债参考YTM：4.0699,N,4.2,全价：130.890 最后更新：15:34:51,,,,1,[],0,0,N,,,buy,buy
2026-08-27 18:22:10,123283,丰茂转债,fmzz,100.0,0.0,301459,丰茂股份,fmgf,31.7,0.32,2.59,35.59,89.07,180,12.27,112.27,220602,基础化工,szcy,C,,[],0,0,buy,AA-,,24.913,46.267,73.4,buy,2032-08-17,5.978,6.075,0.0,2651.78,0.0,2.2,,0,,00,Y,N,0,0,Y,,未到转股期；2027-02-24 开始转股,计算使用6.0年期 评级为AA- 债参考YTM：3.1431,N,6.075,待上市,,,,0,{'M': ''},0,0,N,,,buy,buy
2026-08-27 18:22:10,127080,声迅转债,sxzz,273.54,2.33,003004,声迅股份,sxgf,70.5,2.17,8.23,28.94,243.61,0,12.29,285.83,710102,计算机,szmb,C,2023-02-10,[],0,0,buy,A,,20.258,37.622,5.8,buy,2028-12-30,2.345,2.793,24020.13,7271.81,31.54,-30.31,,0,15:33:57,00,Y,N,0,0,Y,,2023-07-07 开始转股,计算使用2.4年期 评级为A 债参考YTM：6.7560,N,2.8,全价：273.540 最后更新：15:33:57,,,,0,{'G': '本次（2026年5月8日至2026年5月29日）不提前赎回，以2026年8月31日重新计算'},0,0,N,,,buy,buy
2026-08-27 18:22:10,110076,华海转债,hhzz,114.155,0.48,600521,华海药业,hhyy,16.64,1.46,2.55,16.5,100.85,0,13.19,127.35,370102,医药生物,shmb,C,2020-11-25,[],0,0,buy,AA,,11.55,21.45,7.4,buy,2026-11-02,0.184,18.424,4900.94,53527.24,2.33,-19.83,,0,14:59:48,00,Y,N,1,1,Y,转股价下修1次，成功下修1次,2021-05-06 开始转股,计算使用0.2年期 评级为AA 债参考YTM：1.4999,N,18.426,全价：114.155 最后更新：14:59:48,,,,1,{'M': ''},0,0,N,,,buy,buy
2026-08-27 18:22:10,123091,长海转债,chzz,130.061,0.82,300196,长海股份,chgf,17.06,2.71,1.44,14.99,113.81,0,14.28,144.34,610202,建筑材料,szcy,C,2021-01-15,[],0,0,buy,AA,,10.493,19.487,13.0,buy,2026-12-23,0.323,5.461,20368.09,17781.1,28.64,-45.73,,0,15:34:21,00,Y,N,0,0,Y,,2021-06-29 开始转股,计算使用0.4年期 评级为AA 债参考YTM：1.5285,N,5.5,全价：130.061 最后更新：15:34:21,,,,1,[],0,0,N,,,buy,buy
2026-08-27 18:22:10,113058,友发转债,yfzz,134.156,-0.51,601686,友发集团,yfjt,5.22,-0.95,1.09,4.48,116.52,0,15.14,149.3,230403,钢铁,shmb,C,2022-04-26,[],0,0,buy,AA,,3.136,5.824,24.1,buy,2028-03-30,1.592,18.638,5202.39,2051.05,2.08,-9.93,,0,14:59:40,00,Y,N,2,2,Y,转股价下修2次，成功下修2次,2022-10-10 开始转股,计算使用1.6年期 评级为AA 债参考YTM：1.6438,N,20.0,全价：134.156 最后更新：14:59:40,,,,1,[],0,0,N,,,buy,buy
2026-08-27 18:22:10,127040,国泰转债,gtzz,123.038,-0.35,002091,江苏国泰,jsgt,7.84,-0.13,0.79,7.35,106.67,0,15.35,138.39,450201,商贸零售,szmb,C,2021-08-10,[],0,0,buy,AA+,,5.145,9.555,31.7,buy,2027-07-07,0.86,39.863,5132.55,7935.41,1.05,-14.25,,0,15:34:15,00,Y,N,0,0,Y,,2022-01-13 开始转股,计算使用0.9年期 评级为AA+ 债参考YTM：1.5516,N,45.574,全价：123.038 最后更新：15:34:15,,,,1,{'M': ''},0,0,N,,,buy,buy
2026-08-27 18:22:10,123213,天源转债,tyzz,317.178,4.33,301127,武汉天源,whty,19.48,3.56,3.81,7.1,274.37,0,15.6,332.78,760102,环保,szcy,C,2023-08-16,[],0,0,buy,AA-,,4.97,9.23,2.6,buy,2029-07-28,2.921,3.26,63546.09,69397.53,62.39,-29.55,,0,15:34:42,00,Y,N,0,0,Y,,2024-02-05 开始转股,计算使用3.0年期 评级为AA- 债参考YTM：2.2176,N,10.0,全价：317.178 最后更新：15:34:42,,,,0,"{'G': '本次（2026年3月13日至2026年4月2日）不提前赎回，自2026年10月2日后首个交易日重新计算', 'M': ''}",0,0,N,,,buy,buy
2026-08-27 18:22:10,128136,立讯转债,lxzz,118.96,2.55,002475,立讯精密,lxjm,57.18,0.12,4.73,55.67,102.71,0,15.82,134.78,270504,电子,szmb,C,2020-12-02,[],0,0,buy,AA+,,38.969,72.371,0.7,buy,2026-11-03,0.186,29.817,19774.74,633303.01,5.65,-50.18,,0,15:34:48,00,Y,N,0,0,Y,,2021-05-10 开始转股,计算使用0.2年期 评级为AA+ 债参考YTM：1.4835,N,30.0,全价：118.960 最后更新：15:34:48,,,,1,{'M': ''},0,0,N,,,buy,buy
2026-08-27 18:22:10,127030,盛虹转债,shzz,119.895,1.09,000301,东方盛虹,dfsh,13.63,3.81,2.53,13.21,103.18,0,16.2,136.1,750301,石油石化,szmb,C,2021-04-21,[],0,0,buy,AA+,,9.247,17.173,5.5,buy,2027-03-22,0.567,49.974,9496.12,40018.0,1.59,-17.5,,0,15:34:15,00,Y,N,0,0,Y,,2021-09-27 开始转股,计算使用0.6年期 评级为AA+ 债参考YTM：1.5268,N,50.0,全价：119.895 最后更新：15:34:15,,,,1,{'M': ''},0,0,N,,,buy,buy
2026-08-27 18:22:10,127078,优彩转债,yczz,153.3,-0.15,002998,优彩资源,yczy,8.04,-0.74,1.58,6.11,131.59,0,16.5,169.8,220401,基础化工,szmb,C,2023-01-09,[],0,0,buy,A+,,4.277,7.943,19.1,buy,2028-12-14,2.301,4.158,3987.69,5698.75,6.27,-10.54,,0,15:34:27,00,Y,N,0,0,Y,,2023-06-20 开始转股,计算使用2.4年期 评级为A+ 债参考YTM：4.4060,N,6.0,全价：153.300 最后更新：15:34:27,,,,0,[],0,0,N,,,buy,buy
2026-08-27 18:22:10,113631,皖天转债,wtzz,137.297,-0.42,603689,皖天然气,wtrq,7.6,-0.91,1.06,6.51,116.74,0,17.61,154.91,410301,公用事业,shmb,C,2021-12-10,[],0,0,buy,AA+,,4.557,8.463,15.0,buy,2027-11-08,1.2,5.958,2575.43,3115.74,3.15,-15.91,,0,14:59:58,00,Y,N,0,0,Y,,2022-05-12 开始转股,计算使用1.2年期 评级为AA+ 债参考YTM：1.5760,N,9.3,全价：137.297 最后更新：14:59:58,,,,1,[],0,0,N,,,buy,buy
2026-08-27 18:22:10,127103,东南转债,dnzz,141.929,0.6,002135,东南网架,dnwj,6.73,2.59,1.18,5.59,120.39,0,17.89,159.82,620401,建筑装饰,szmb,C,2024-01-24,[],0,0,buy,AA,,3.913,7.267,29.1,buy,2030-01-03,3.356,19.999,10014.15,9072.31,3.53,-6.87,,0,15:33:54,00,Y,N,0,0,Y,,2024-07-09 开始转股,计算使用3.4年期 评级为AA 债参考YTM：1.7563,N,20.0,全价：141.929 最后更新：15:33:54,,,,0,{'M': ''},0,0,N,,,buy,buy
2026-08-27 18:22:10,111000,起帆转债,qfzz,139.388,0.09,605222,起帆电缆,qfdl,20.42,0.69,1.71,17.29,118.1,0,18.02,157.41,630805,电力设备,shmb,C,2021-06-17,[],0,0,buy,AA-,,12.103,22.477,11.8,buy,2027-05-24,0.74,9.991,8193.96,9859.47,5.89,-23.65,,0,14:59:59,00,Y,N,1,1,Y,转股价下修1次，成功下修1次,2021-11-29 开始转股,计算使用0.8年期 评级为AA- 债参考YTM：1.8056,N,10.0,全价：139.388 最后更新：14:59:59,,,,1,{'G': '本次（2026年3月13日至2026年4月20日）不提前赎回，以2026年10月21日为首个交易日重新起算'},0,0,N,,,buy,buy
2026-08-27 18:22:10,123092,天壕转债,thzz,119.55,-0.21,300332,天壕能源,thny,5.02,-0.2,1.09,4.97,101.01,0,18.36,137.91,410301,公用事业,szcy,C,2021-01-15,[],0,0,buy,A+,,3.479,6.461,8.4,buy,2026-12-24,0.326,3.416,2125.23,11338.03,5.2,-11.77,,0,15:34:21,00,Y,N,0,0,Y,,2021-06-30 开始转股,计算使用0.4年期 评级为A+ 债参考YTM：4.0886,N,4.23,全价：119.550 最后更新：15:34:21,,,,1,{'M': ''},0,0,N,,,buy,buy
2026-08-27 18:22:10,123076,强力转债,qlzz,127.192,0.81,300429,强力新材,qlxc,11.36,4.12,3.52,10.6,107.17,0,18.68,145.87,270601,电子,szcy,C,2020-12-04,[],0,0,buy,AA-,,7.42,13.78,7.1,buy,2026-11-19,0.23,3.393,6194.3,26263.44,14.33,-49.07,,0,15:34:18,00,Y,N,2,2,Y,转股价下修2次，成功下修2次,2021-05-25 开始转股,计算使用0.3年期 评级为AA- 债参考YTM：1.7215,N,8.5,全价：127.192 最后更新：15:34:18,,,,1,{'M': ''},0,0,N,,,buy,buy
2026-08-27 18:22:10,127110,广核转债,ghzz,139.401,0.14,003816,中国广核,zggh,4.18,0.97,1.71,3.58,116.76,0,19.39,158.79,410108,公用事业,szmb,C,2025-07-25,[],0,0,buy,AAA,,2.506,4.654,3.0,buy,2031-07-09,4.869,48.992,10339.38,72641.42,1.51,-4.82,,0,15:34:36,00,Y,N,0,0,Y,,2026-01-15 开始转股,计算使用4.9年期 评级为AAA 债参考YTM：1.7289,N,49.0,全价：139.401 最后更新：15:34:36,,,,0,{'M': ''},0,0,N,,,buy,buy
2026-08-27 18:22:10,123241,欧通转债,otzz,861.0,5.64,300870,欧陆通,olt,220.25,3.4,12.79,30.8,715.1,0,20.4,881.4,630306,电力设备,szcy,C,2024-07-26,[],0,0,buy,AA-,,21.56,40.04,0.8,buy,2030-07-05,3.858,2.604,113376.57,132653.41,52.01,-40.9,,0,15:34:09,00,Y,N,0,0,Y,,2025-01-13 开始转股,计算使用3.9年期 评级为AA- 债参考YTM：2.3020,N,6.445,全价：861.000 最后更新：15:34:09,,,,0,{'M': ''},0,0,N,,,buy,buy
2026-08-27 18:22:10,127047,帝欧转债,dozz,139.5,-0.35,002798,帝欧水华,dosh,5.88,-2.49,1.69,5.1,115.29,0,20.99,160.49,360306,轻工制造,szmb,C,2021-11-26,[],0,0,buy,BBB+,,3.57,6.63,15.3,buy,2027-10-25,1.162,4.654,3505.46,6291.21,5.39,-14.23,,0,15:34:36,00,Y,N,1,1,Y,转股价下修1次，成功下修1次,2022-04-29 开始转股,计算使用1.2年期 评级为BBB+ 债参考YTM：11.9882,N,15.0,全价：139.500 最后更新：15:34:36,,,,1,[],0,0,N,,,buy,buy
2026-08-27 18:22:10,113051,节能转债,jnzz,124.39,0.25,601016,节能风电,jnfd,3.41,-0.29,1.24,3.33,102.4,0,21.47,145.86,410107,公用事业,shmb,C,2021-07-22,[],0,0,buy,AAA,,2.331,4.329,12.9,buy,2027-06-21,0.816,26.519,7067.68,26609.35,2.14,-14.17,,0,14:59:53,00,Y,N,1,0,Y,转股价下修1次，成功下修0次,2021-12-27 开始转股,计算使用0.9年期 评级为AAA 债参考YTM：1.5195,N,30.0,全价：124.390 最后更新：14:59:53,,,,1,{'M': ''},0,0,N,,,buy,buy
2026-08-27 18:22:10,123247,万凯转债,wkzz,195.76,1.15,301216,万凯新材,wkxc,17.8,0.68,1.57,11.15,159.64,0,22.62,218.38,220501,基础化工,szcy,C,2024-09-05,[],0,0,buy,AA,,7.805,14.495,20.3,buy,2030-08-16,3.973,19.642,18172.89,52322.37,4.74,-12.86,,0,15:33:57,00,Y,N,0,0,Y,,2025-02-24 开始转股,计算使用4.0年期 评级为AA 债参考YTM：1.8099,N,27.0,全价：195.760 最后更新：15:33:57,,,,0,"{'G': '本次（2026年6月17日至2026年7月8日）不提前赎回，自2026年10月8日后首个交易日重新计算', 'M': ''}",0,0,N,,,buy,buy
2026-08-27 18:22:10,127027,能化转债,nhzz,111.25,-0.01,000552,甘肃能化,gsnh,2.65,0.76,0.84,2.93,90.44,0,23.0,134.25,740101,煤炭,szmb,C,2021-01-22,[],0,0,buy,AAA,,2.051,3.809,19.7,buy,2026-12-10,0.288,19.463,4377.7,21139.89,2.02,-3.94,,0,15:34:36,00,Y,N,0,0,Y,,2021-06-16 开始转股,计算使用0.3年期 评级为AAA 债参考YTM：1.4778,N,28.0,全价：111.250 最后更新：15:34:36,,,,1,{'M': ''},0,0,N,,,buy,buy
2026-08-27 18:22:10,123189,晓鸣转债,xmzz,142.097,-0.45,300967,晓鸣股份,xmgf,17.45,-0.34,4.29,15.18,114.95,0,23.61,165.71,110703,农林牧渔,szcy,C,2023-04-25,[],0,0,buy,A,,10.626,19.734,15.1,buy,2029-04-06,2.611,3.286,4841.03,9458.85,10.33,-7.22,,0,15:34:48,00,Y,N,1,1,Y,转股价下修1次，成功下修1次,2023-10-12 开始转股,计算使用2.7年期 评级为A 债参考YTM：6.8377,N,3.29,全价：142.097 最后更新：15:34:48,,,,0,{'M': ''},0,0,N,,,buy,buy
2026-08-27 18:22:10,127084,柳工转2,lgz2,141.399,-1.12,000528,柳工,lg,7.95,-3.17,0.84,6.98,113.9,0,24.15,165.55,640601,机械设备,szmb,C,2023-04-20,[],0,0,buy,AAA,,4.886,9.074,15.3,buy,2029-03-27,2.584,24.809,15310.08,56042.01,4.38,-7.57,,0,15:34:21,00,Y,N,0,0,Y,,2023-10-09 开始转股,计算使用2.6年期 评级为AAA 债参考YTM：1.6063,N,30.0,全价：141.399 最后更新：15:34:21,,,,0,{'M': ''},0,0,N,,,buy,buy
2026-08-27 18:22:10,123187,超达转债,cdzz,198.3,5.22,301186,超达装备,cdzb,34.6,4.34,2.44,21.77,158.93,0,24.77,223.07,280205,汽车,szcy,C,2023-04-25,[],0,0,buy,A,,15.239,28.301,6.0,buy,2029-04-04,2.606,2.242,45369.04,6858.47,102.44,-18.07,,0,15:34:45,00,Y,N,0,0,Y,,2023-10-11 开始转股,计算使用2.7年期 评级为A 债参考YTM：6.8377,N,4.69,全价：198.300 最后更新：15:34:45,,,,0,"{'G': '本次（2026年8月3日至2026年8月21日）不提前赎回，以2027年2月21日之后的首个交易日重新起算', 'M': ''}",0,0,N,,,buy,buy
2026-08-27 18:22:10,123245,集智转债,jzzz,311.368,4.56,300553,集智股份,jzgf,44.62,4.86,5.83,18.06,247.07,0,26.03,337.4,640107,机械设备,szcy,C,2024-08-28,[],0,0,buy,A,,12.642,23.478,4.0,buy,2030-08-14,3.967,1.537,68119.63,20014.42,143.28,-21.64,,0,15:34:12,00,Y,N,0,0,Y,,2025-02-20 开始转股,计算使用4.0年期 评级为A 债参考YTM：7.0199,N,2.546,全价：311.368 最后更新：15:34:12,,,,0,{'G': '本次（2026年6月2日至2026年6月23日）不提前赎回，自2026年9月23日后首个交易日重新计算'},0,0,N,,,buy,buy
2026-08-27 18:22:10,113691,和邦转债,hbzz,151.371,1.98,603077,和邦生物,hbsw,2.4,1.27,1.1,2.0,120.0,0,26.14,177.51,220802,基础化工,shmb,C,2024-11-19,[],0,0,buy,AA,,1.4,2.6,21.7,buy,2030-10-28,4.173,45.991,7934.23,53452.4,1.15,-6.53,,0,14:59:48,00,Y,N,0,0,Y,,2025-05-06 开始转股,计算使用4.2年期 评级为AA 债参考YTM：1.8241,N,46.0,全价：151.371 最后更新：14:59:48,,,,0,"{'G': '本次（2026年1月22日至2026年3月10日）不提前赎回，以2027年3月10日之后的首个交易日重新起算', 'M': ''}",0,0,N,,,buy,buy
2026-08-27 18:22:10,123178,花园转债,hyzz,144.1,1.95,300401,花园生物,hysw,15.2,6.44,2.32,13.34,113.94,0,26.47,170.57,370101,医药生物,szcy,C,2023-03-23,[],0,0,buy,AA-,,9.338,17.342,14.2,buy,2029-03-06,2.526,11.58,12201.76,42910.04,7.36,-7.57,,0,15:34:51,00,Y,N,1,1,Y,转股价下修1次，成功下修1次,2023-09-11 开始转股,计算使用2.6年期 评级为AA- 债参考YTM：2.1148,N,12.0,全价：144.100 最后更新：15:34:51,,,,0,{'M': ''},0,0,N,,,buy,buy
2026-08-27 18:22:10,118016,京源转债,jyzz,160.161,0.23,688096,京源环保,jyhb,8.71,1.04,2.41,6.91,126.05,0,27.06,187.22,760102,环保,shkc,C,2022-08-25,[],0,0,buy,A,,4.837,8.983,8.2,buy,2028-08-05,1.943,1.675,3995.63,3882.1,14.87,-14.9,,0,14:59:59,00,Y,N,0,0,Y,,2023-02-13 开始转股,计算使用2.0年期 评级为A 债参考YTM：6.6743,N,3.325,全价：160.161 最后更新：14:59:59,,,,1,"{'G': '本次（2026年5月11日至2026年5月29日）不提前赎回，以2026年8月30日（若为非交易日则顺延）为首个交易日重新计算', 'M': ''}",0,0,N,,,buy,buy
2026-08-27 18:22:10,127070,大中转债,dzzz,332.0,-0.25,001203,大中矿业,dzky,27.58,0.84,5.76,10.56,261.17,0,27.12,359.12,230301,钢铁,szmb,C,2022-10-11,[],0,0,buy,AA,,7.392,13.728,2.6,buy,2028-08-17,1.975,9.342,50254.01,42947.17,16.23,-42.08,,0,15:34:24,00,Y,N,0,0,Y,,2023-02-23 开始转股,计算使用2.0年期 评级为AA 债参考YTM：1.6743,N,15.2,全价：332.000 最后更新：15:34:24,,,,1,"{'G': '本次（2026年2月24日至2026年3月16日）不提前赎回，以2026年9月16日后的首个交易日重新计算', 'M': ''}",0,0,N,,,buy,buy
2026-08-27 18:22:10,113673,岱美转债,dmzz,194.233,-1.39,603730,岱美股份,dmgf,10.87,1.68,4.65,7.12,152.67,0,27.23,221.46,280202,汽车,shmb,C,2023-08-10,[],0,0,buy,AA,,4.984,9.256,3.9,buy,2029-07-18,2.893,9.078,22860.86,15449.04,12.95,-16.7,,0,14:59:57,00,Y,N,1,1,Y,转股价下修1次，成功下修1次,2024-01-24 开始转股,计算使用2.9年期 评级为AA 债参考YTM：1.7225,N,9.079,全价：194.233 最后更新：14:59:57,,,,0,"{'G': '本次（2026年5月7日至2026年5月27日）不提前赎回，以2026年8月27日之后的首个交易日重新起算', 'M': ''}",0,0,N,,,buy,buy
2026-08-27 18:22:10,127045,牧原转债,myzz,120.201,0.33,002714,牧原股份,mygf,40.8,2.03,2.94,43.32,94.18,0,27.63,147.83,110702,农林牧渔,szmb,C,2021-09-10,[],0,0,buy,AAA,,30.324,56.316,7.1,buy,2027-08-16,0.97,95.429,9479.31,190566.82,0.83,-11.32,,0,15:34:33,00,Y,Y,0,0,Y,,2022-02-21 开始转股,计算使用1.0年期 评级为AAA 债参考YTM：1.5195,N,95.5,全价：120.201 最后更新：15:34:33,,,,1,{'M': ''},0,0,N,,,buy,buy
2026-08-27 18:22:10,111002,特纸转债,tzzz,140.421,-0.82,605007,五洲特纸,wztz,14.84,-2.69,1.86,13.49,110.01,0,27.65,168.07,360103,轻工制造,shmb,C,2021-12-30,[],0,0,buy,AA,,9.443,17.537,9.4,buy,2027-12-08,1.282,6.619,5603.15,7399.66,6.03,-15.31,,0,14:59:57,00,Y,N,1,1,Y,转股价下修1次，成功下修1次,2022-06-14 开始转股,计算使用1.3年期 评级为AA 债参考YTM：1.6203,N,6.7,全价：140.421 最后更新：14:59:57,,,,1,[],0,0,N,,,buy,buy
2026-08-27 18:22:10,123160,泰福转债,tfzz,161.399,0.84,300992,泰福泵业,tfby,24.76,1.77,2.62,19.7,125.69,0,28.42,189.82,640106,机械设备,szcy,C,2022-10-25,[],0,0,buy,A,,13.79,25.61,12.0,buy,2028-09-28,2.09,2.315,5209.43,3488.08,13.9,-13.76,,0,15:34:27,00,Y,N,1,1,Y,转股价下修1次，成功下修1次,2023-04-11 开始转股,计算使用2.1年期 评级为A 债参考YTM：6.6898,N,3.349,全价：161.399 最后更新：15:34:27,,,,0,"{'G': '本次（2026年5月6日至2026年5月26日）不提前赎回，自2026年8月31日后首个交易日重新计算', 'M': ''}",0,0,N,,,buy,buy
2026-08-27 18:22:10,128142,新乳转债,xrzz,112.58,-0.69,002946,新乳业,xry,15.33,-5.25,3.63,17.5,87.6,0,28.52,141.1,340702,食品饮料,szmb,C,2021-01-19,[],0,0,buy,AA,,12.25,22.75,5.5,buy,2026-12-18,0.31,7.178,4956.44,19494.82,6.13,-7.47,,0,15:34:15,00,Y,N,0,0,Y,,2021-06-24 开始转股,计算使用0.4年期 评级为AA 债参考YTM：1.5285,N,7.18,全价：112.580 最后更新：15:34:15,,,,1,{'M': ''},0,0,N,,,buy,buy
2026-08-27 18:22:10,110099,福能转债,fnzz,146.685,-0.28,600483,福能股份,fngf,10.8,-0.74,1.08,9.49,113.8,0,28.89,175.58,410110,公用事业,shmb,C,2025-10-30,[],0,0,buy,AA+,,6.643,12.337,12.7,buy,2031-10-13,5.132,38.019,9537.88,14771.49,1.71,-5.47,,0,14:59:05,00,Y,N,0,0,Y,,2026-04-17 开始转股,计算使用5.2年期 评级为AA+ 债参考YTM：1.8248,N,38.02,全价：146.685 最后更新：14:59:05,,,,0,"{'M': '', 'EX': '能源集团及其一致行动人竞价减持10.04% 2026年08月25日公告'}",0,0,N,,,buy,buy
2026-08-27 18:22:10,113052,兴业转债,xyzz,115.377,-0.09,601166,兴业银行,xyyh,18.01,-1.1,0.42,20.13,89.47,0,28.96,144.34,480301,银行,shmb,C,2022-01-14,[],0,0,buy,AAA,,,26.169,10.8,buy,2027-12-27,1.334,413.5,17415.61,187240.47,0.37,-2.7,,0,14:59:44,00,Y,Y,0,0,Y,,2022-06-30 开始转股,计算使用1.4年期 评级为AAA 债参考YTM：1.5342,N,500.0,全价：115.377 最后更新：14:59:44,,,,0,{'M': ''},0,0,N,,,buy,buy
2026-08-27 18:22:10,127056,中特转债,ztzz,129.646,-0.41,000708,中信特钢,zxtg,13.95,-0.78,1.59,13.89,100.43,0,29.09,158.74,230501,钢铁,szmb,C,2022-04-15,[],0,0,buy,AAA,,9.723,18.057,7.1,buy,2028-02-25,1.499,49.996,9349.26,15136.66,1.44,-11.82,,0,15:34:42,00,Y,N,1,1,Y,转股价下修1次，成功下修1次,2022-09-05 开始转股,计算使用1.5年期 评级为AAA 债参考YTM：1.5407,N,50.0,全价：129.646 最后更新：15:34:42,,,,0,{'M': ''},0,0,N,,,buy,buy
2026-08-27 18:22:10,123107,温氏转债,wszz,114.025,0.61,300498,温氏股份,wsgf,14.18,2.01,2.64,16.09,88.13,0,29.38,143.41,110702,农林牧渔,szcy,C,2021-04-21,[],0,0,buy,AAA,,11.263,20.917,9.1,buy,2027-03-29,0.586,77.063,9648.9,84263.06,1.1,-9.01,,0,15:34:24,00,Y,N,0,0,Y,,2021-10-08 开始转股,计算使用0.6年期 评级为AAA 债参考YTM：1.5084,N,92.97,全价：114.025 最后更新：15:34:24,,,,1,{'M': ''},0,0,N,,,buy,buy
2026-08-27 18:22:10,113695,华辰转债,hczz,149.182,-0.54,603097,江苏华辰,jshc,19.21,-1.74,3.95,16.68,115.17,0,29.53,178.71,630801,电力设备,shmb,C,2025-07-10,[],0,0,buy,A+,,11.676,21.684,10.7,buy,2031-06-20,4.816,4.597,3543.59,3520.49,5.17,-4.71,,0,14:59:37,00,Y,N,0,0,Y,,2025-12-26 开始转股,计算使用4.9年期 评级为A+ 债参考YTM：4.7341,N,4.6,全价：149.182 最后更新：14:59:37,,,,0,[],0,0,N,,,buy,buy
2026-08-27 18:22:10,110098,南药转债,nyzz,138.439,0.24,600713,南京医药,njyy,5.28,0.38,0.94,4.95,106.67,0,29.79,168.23,370402,医药生物,shmb,C,2025-01-20,[],0,0,buy,AA+,,3.465,6.435,15.9,buy,2030-12-25,4.332,10.814,2825.18,4855.55,1.89,-4.79,,0,14:59:26,00,Y,N,0,0,Y,,2025-07-01 开始转股,计算使用4.4年期 评级为AA+ 债参考YTM：1.7820,N,10.815,全价：138.439 最后更新：14:59:26,,,,0,[],0,0,N,,,buy,buy
2026-08-27 18:22:10,118027,宏图转债,htzz,80.177,3.9,688066,*ST航图,htht,8.09,-1.22,-1.56,13.12,61.66,0,30.03,110.21,710301,计算机,shkc,C,2022-12-22,[],0,0,buy,CC,,9.184,17.056,44.0,buy,2028-11-28,2.258,9.475,26281.74,4255.62,34.45,19.64,,0,14:59:59,00,Y,N,3,3,Y,转股价下修3次，成功下修3次,2023-06-02 开始转股,计算使用2.3年期 评级为CC 债参考YTM：56.5530,N,10.088,全价：80.177 最后更新：14:59:59,,,,0,[],0,0,N,,,buy,buy
2026-08-27 18:22:10,118050,航宇转债,hyzz,258.581,-0.89,688239,航宇科技,hykj,49.29,0.39,4.22,24.81,198.67,0,30.16,288.74,650201,国防军工,shkc,C,2024-09-10,[],0,0,buy,AA-,,17.367,32.253,7.0,buy,2030-08-21,3.986,6.597,38274.57,33936.56,22.29,-17.86,,0,15:00:00,00,Y,N,0,0,Y,,2025-02-27 开始转股,计算使用4.0年期 评级为AA- 债参考YTM：2.3099,N,6.67,全价：258.581 最后更新：15:00:00,,,,0,"{'G': '本次（2026年5月28日至2026年6月17日）不提前赎回，自2026年9月18日为首个交易日重新计算', 'M': ''}",0,0,N,,,buy,buy
2026-08-27 18:22:10,118058,微导转债,wdzz,477.098,5.04,688147,微导纳米,wdnm,121.9,8.19,18.8,33.29,366.18,0,30.29,507.39,630505,电力设备,shkc,C,2025-08-27,[],0,0,buy,AA,,23.303,43.277,2.1,buy,2031-08-06,4.945,11.699,161489.4,120801.08,29.33,-25.38,,0,14:59:59,00,Y,N,0,0,Y,,2026-02-12 开始转股,计算使用5.0年期 评级为AA 债参考YTM：1.8609,N,11.7,全价：477.098 最后更新：14:59:59,,,,0,"{'G': '本次（2026年2月12日至2026年3月12日）不提前赎回，以2026年9月13日为首个交易日重新计算', 'M': ''}",0,0,N,,,buy,buy
2026-08-27 18:22:10,110075,南航转债,nhzz,106.472,-0.02,600029,南方航空,nfhk,5.03,-0.98,2.46,6.17,81.52,0,30.6,137.07,421001,交通运输,shmb,C,2020-11-03,[],0,0,buy,AAA,,4.319,8.021,8.7,buy,2026-10-15,0.134,58.959,5637.21,26018.58,0.9,0.2,,0,14:58:55,00,Y,N,0,0,Y,,2021-04-21 开始转股,计算使用0.2年期 评级为AAA 债参考YTM：1.4632,N,160.0,全价：106.472 最后更新：14:58:55,,,,1,{'M': ''},0,0,N,,,buy,buy
2026-08-27 18:22:10,123118,惠城转债,hczz,866.721,0.01,300779,惠城环保,hchb,68.53,1.15,9.2,10.33,663.41,0,30.65,897.37,760103,环保,szcy,C,2021-07-26,[],0,0,buy,A+,,7.231,13.429,0.4,buy,2027-07-07,0.86,0.654,75275.8,37475.45,133.47,-101.15,,0,15:34:27,00,Y,N,0,0,Y,,2022-01-13 开始转股,计算使用0.9年期 评级为A+ 债参考YTM：4.1736,N,3.2,全价：866.721 最后更新：15:34:27,,,,1,{'M': ''},0,0,N,,,buy,buy
2026-08-27 18:22:10,127096,泰坦转债,ttzz,535.77,3.95,003036,泰坦股份,ttgf,53.96,5.19,7.78,13.2,408.79,0,31.06,566.83,640206,机械设备,szmb,C,2023-11-15,[],0,0,buy,A,,9.24,17.16,2.5,buy,2029-10-25,3.164,2.875,133794.4,33188.71,87.83,-38.13,,0,15:34:24,00,Y,N,0,0,Y,,2024-05-06 开始转股,计算使用3.2年期 评级为A 债参考YTM：6.9561,N,2.955,全价：535.770 最后更新：15:34:24,,,,0,{'G': '本次（2026年6月12日至2026年7月3日）不提前赎回，以2026年10月3日后首个交易日起重新计算'},0,0,N,,,buy,buy
2026-08-27 18:22:10,123104,卫宁转债,wnzz,127.372,-0.41,300253,卫宁健康,wnjk,6.82,0.59,2.74,7.02,97.15,0,31.11,158.48,710401,计算机,szcy,C,2021-03-31,[],0,0,buy,AA,,4.914,9.126,7.7,buy,2027-03-16,0.551,9.699,4866.7,23369.51,3.94,-10.56,,0,15:34:21,00,Y,N,2,2,Y,转股价下修2次，成功下修2次,2021-09-22 开始转股,计算使用0.6年期 评级为AA 债参考YTM：1.5468,N,9.703,全价：127.372 最后更新：15:34:21,,,,1,{'M': ''},0,0,N,,,buy,buy
2026-08-27 18:22:10,118051,皓元转债,hyzz,314.508,0.06,688131,皓元医药,hyyy,96.27,-1.15,6.19,40.22,239.36,0,31.4,345.91,370603,医药生物,shkc,C,2024-12-19,[],0,0,buy,AA-,,28.154,52.286,4.0,buy,2030-11-28,4.258,8.218,42795.86,45719.55,16.71,-20.97,,0,15:00:00,00,Y,N,0,0,Y,,2025-06-04 开始转股,计算使用4.3年期 评级为AA- 债参考YTM：2.3359,N,8.223,全价：314.508 最后更新：15:00:00,,,,0,"{'G': '本次（2026年5月20日至2026年6月9日）不提前赎回，以2026年10月12日为首个交易日重新计算', 'M': ''}",0,0,Y,,,buy,buy
2026-08-27 18:22:10,123149,通裕转债,tyzz,133.162,0.1,300185,通裕重工,tyzg,2.72,0.0,1.51,2.71,100.37,0,32.67,165.83,630602,电力设备,szcy,C,2022-07-15,[],0,0,buy,AA,,1.897,3.523,10.6,buy,2028-06-20,1.816,11.069,3492.56,11790.21,2.37,-8.37,,0,15:34:30,00,Y,N,0,0,Y,,2022-12-26 开始转股,计算使用1.9年期 评级为AA 债参考YTM：1.6661,N,14.847,全价：133.162 最后更新：15:34:30,,,,1,{'M': ''},0,0,N,,,buy,buy
2026-08-27 18:22:10,111015,东亚转债,dyzz,131.607,-0.32,605177,东亚药业,dyyy,20.07,-0.1,1.3,20.28,98.96,0,32.98,164.59,370101,医药生物,shmb,C,2023-08-02,[],0,0,buy,A+,,14.196,26.364,29.2,buy,2029-07-06,2.86,6.662,3595.15,6263.14,4.09,-3.66,,0,14:59:54,00,Y,N,1,1,Y,转股价下修1次，成功下修1次,2024-01-12 开始转股,计算使用2.9年期 评级为A+ 债参考YTM：4.5423,N,6.9,全价：131.607 最后更新：14:59:54,,,,0,[],0,0,N,,,buy,buy
2026-08-27 18:22:10,111017,蓝天转债,ltzz,133.383,-0.3,605368,蓝天燃气,ltrq,6.74,-0.74,1.43,6.72,100.3,0,32.99,166.37,410301,公用事业,shmb,C,2023-09-08,[],0,0,buy,AA,,4.704,8.736,13.9,buy,2029-08-15,2.97,6.715,2300.36,3005.37,2.57,-5.42,,0,14:58:57,00,Y,N,1,1,Y,转股价下修1次，成功下修1次,2024-02-21 开始转股,计算使用3.0年期 评级为AA 债参考YTM：1.7276,N,8.7,全价：133.383 最后更新：14:58:57,,,,0,[],0,0,N,,,buy,buy
2026-08-27 18:22:10,113661,福22转债,f22zz,139.866,0.69,603806,福斯特,fst,15.34,1.72,2.39,14.59,105.14,0,33.03,172.9,630504,电力设备,shmb,C,2022-12-22,[],0,0,buy,AA,,10.213,18.967,7.6,buy,2028-11-22,2.241,30.297,4903.33,37438.64,1.16,-9.13,,0,14:58:43,00,Y,N,1,1,Y,转股价下修1次，成功下修1次,2023-05-29 开始转股,计算使用2.3年期 评级为AA 债参考YTM：1.6949,N,30.3,全价：139.866 最后更新：14:58:43,,,,0,{'M': ''},0,0,N,,,buy,buy
2026-08-27 18:22:10,123150,九强转债,jqzz,135.151,0.25,300406,九强生物,jqsw,11.77,0.6,1.92,11.6,101.47,0,33.2,168.35,370504,医药生物,szcy,C,2022-07-20,[],0,0,buy,AA-,,8.12,15.08,22.4,buy,2028-06-30,1.844,11.21,1718.42,4841.56,1.14,-9.67,,0,15:34:36,00,Y,N,1,1,N,"转股价下修1次，成功下修1次
2026-08-26 至 2026-09-02 期间暂停转股：权益分派
转股价11.600生效日期2026-05-29",2023-01-06 开始转股;2026-08-26 至 2026-09-02 期间暂停转股：权益分派,计算使用1.9年期 评级为AA- 债参考YTM：1.9714,N,11.39,全价：135.151 最后更新：15:34:36,,,,1,{'M': ''},0,0,N,,,buy,buy
2026-08-27 18:22:10,118035,国力转债,glzz,165.799,4.0,688103,国力电子,gldz,77.22,6.39,6.38,62.31,123.93,0,33.79,199.59,270401,电子,shkc,C,2023-07-06,[],0,0,buy,A+,,43.617,81.003,6.5,buy,2029-06-12,2.795,4.799,23241.69,21585.45,29.54,-11.53,,0,14:59:57,00,Y,N,0,0,Y,,2023-12-18 开始转股,计算使用2.8年期 评级为A+ 债参考YTM：4.5154,N,4.8,全价：165.799 最后更新：14:59:57,,,,0,{'M': ''},0,0,N,,,buy,buy
2026-08-27 18:22:10,127109,电化转债,dhzz,177.0,3.68,002125,湘潭电化,xtdh,13.18,2.17,2.37,9.99,131.93,0,34.16,211.16,630702,电力设备,szmb,C,2025-07-04,[],0,0,buy,AA,,6.993,12.987,5.9,buy,2031-06-16,4.806,4.866,13363.19,43311.9,15.78,-8.79,,0,15:34:12,00,Y,N,0,0,Y,,2025-12-22 开始转股,计算使用4.9年期 评级为AA 债参考YTM：1.8561,N,4.87,全价：177.000 最后更新：15:34:12,,,,0,{'M': ''},0,0,N,,,buy,buy
2026-08-27 18:22:10,127037,银轮转债,ylzz,554.286,3.49,002126,银轮股份,ylgf,42.3,3.83,4.75,10.27,411.88,0,34.57,588.86,280203,汽车,szmb,C,2021-07-09,[],0,0,buy,AA,,7.189,13.351,1.5,buy,2027-06-07,0.778,5.055,35142.06,71201.24,12.7,-103.01,,0,15:34:12,00,Y,N,0,0,Y,,2021-12-13 开始转股,计算使用0.8年期 评级为AA 债参考YTM：1.5643,N,7.0,全价：554.286 最后更新：15:34:12,,,,1,"{'G': '本次（2026年5月27日至2026年6月16日）不提前赎回，2027年5月16日后首个交易日重新计算', 'M': ''}",0,0,N,,,buy,buy
2026-08-27 18:22:10,123114,三角转债,sjzz,127.847,0.99,300775,三角防务,sjfw,21.46,2.73,1.94,22.69,94.58,0,35.17,163.02,650201,国防军工,szcy,C,2021-06-11,[],0,0,buy,AA-,,15.883,29.497,7.9,buy,2027-05-25,0.743,8.999,3558.58,19634.82,3.1,-13.59,,0,15:34:30,00,Y,N,1,1,Y,转股价下修1次，成功下修1次,2021-11-30 开始转股,计算使用0.8年期 评级为AA- 债参考YTM：1.8056,N,9.044,全价：127.847 最后更新：15:34:30,,,,1,{'M': ''},0,0,N,,,buy,buy
2026-08-27 18:22:10,123173,恒锋转债,hfzz,138.31,-0.5,300605,恒锋信息,hfxx,10.23,-1.35,3.68,10.0,102.3,0,35.2,173.51,710401,计算机,szcy,C,2023-02-08,[],0,0,buy,BBB+,,7.0,13.0,18.0,buy,2028-12-30,2.345,2.33,1964.95,5963.3,6.07,-6.24,,0,15:34:36,00,Y,N,1,1,Y,转股价下修1次，成功下修1次,2023-07-06 开始转股,计算使用2.4年期 评级为BBB+ 债参考YTM：12.2718,N,2.424,全价：138.310 最后更新：15:34:36,,,,0,[],0,0,N,,,buy,buy
2026-08-27 18:22:10,127053,豪美转债,hmzz,192.5,-0.41,002988,豪美新材,hmxc,24.44,-1.61,2.24,17.23,141.85,0,35.71,228.21,240301,有色金属,szmb,C,2022-03-04,[],0,0,buy,AA-,,12.061,22.399,4.2,buy,2028-01-24,1.411,2.575,20200.82,24568.87,40.68,-28.55,,0,15:34:45,00,Y,N,1,1,Y,转股价下修1次，成功下修1次,2022-07-28 开始转股,计算使用1.5年期 评级为AA- 债参考YTM：1.9252,N,8.24,全价：192.500 最后更新：15:34:45,,,,1,{'G': '本次（2026年4月30日至2026年5月25日）不提前赎回，以2026年11月25日后首个交易日起重新计算'},0,0,N,,,buy,buy
2026-08-27 18:22:10,127092,运机转债,yjzz,295.869,0.81,001288,运机集团,yjjt,25.87,-0.15,2.48,11.91,217.21,0,36.21,332.08,640203,机械设备,szmb,C,2023-10-20,[],0,0,buy,AA-,,8.337,15.483,13.4,buy,2029-09-21,3.071,5.249,19479.54,7162.46,12.55,-25.74,,0,15:34:03,00,Y,N,0,0,Y,,2024-03-27 开始转股,计算使用3.1年期 评级为AA- 债参考YTM：2.2382,N,7.3,全价：295.869 最后更新：15:34:03,,,,0,{'G': '本次（2025年12月8日至2025年12月26日）不提前赎回，以2026年12月26日后的首个交易日起重新计算'},0,0,N,,,buy,buy
2026-08-27 18:22:10,123257,安克转债,akzz,161.269,0.73,300866,安克创新,akcx,126.2,1.05,6.64,106.72,118.25,0,36.38,197.65,270503,电子,szcy,C,2025-07-04,[],0,0,buy,AA+,,74.704,138.736,2.8,buy,2031-06-16,4.806,11.046,4078.9,34777.65,2.3,-7.35,,0,15:33:57,00,Y,N,0,0,Y,,2025-12-22 开始转股,计算使用4.9年期 评级为AA+ 债参考YTM：1.8059,N,11.048,全价：161.269 最后更新：15:33:57,,,,0,{'M': ''},0,0,N,,,buy,buy
2026-08-27 18:22:10,110097,天润转债,trzz,145.24,0.5,600419,天润乳业,trry,8.71,0.58,1.1,8.19,106.35,0,36.57,181.81,340702,食品饮料,shmb,C,2024-11-15,[],0,0,buy,AA,,5.733,10.647,36.0,buy,2030-10-24,4.162,9.89,4961.99,6148.22,3.46,-5.6,,0,14:59:43,00,Y,N,0,0,Y,,2025-04-30 开始转股,计算使用4.2年期 评级为AA 债参考YTM：1.8241,N,9.9,全价：145.240 最后更新：14:59:43,,,,0,[],0,0,N,,,buy,buy
2026-08-27 18:22:10,110084,贵燃转债,grzz,132.29,-0.17,600903,贵州燃气,gzrq,6.21,-2.2,2.22,6.42,96.73,0,36.76,169.05,410301,公用事业,shmb,C,2022-01-18,[],0,0,buy,AA,,4.494,8.346,11.3,buy,2027-12-27,1.334,8.157,6113.66,22128.51,5.69,-11.98,,0,14:58:47,00,Y,N,2,2,Y,转股价下修2次，成功下修2次,2022-07-01 开始转股,计算使用1.4年期 评级为AA 债参考YTM：1.6286,N,10.0,全价：132.290 最后更新：14:58:47,,,,1,{'M': ''},0,0,N,,,buy,buy
2026-08-27 18:22:10,123080,海波转债,hbzz,125.638,0.27,300517,海波重科,hbzk,10.35,1.97,2.0,11.28,91.76,0,36.93,162.57,620401,建筑装饰,szcy,C,2020-12-22,[],0,0,buy,A+,,7.896,14.664,11.4,buy,2026-12-02,0.266,1.485,1193.59,4487.85,6.39,-17.06,,0,15:34:18,00,Y,N,0,0,Y,,2021-06-08 开始转股,计算使用0.3年期 评级为A+ 债参考YTM：4.0699,N,2.45,全价：125.638 最后更新：15:34:18,,,,1,[],0,0,N,,,buy,buy
2026-08-27 18:22:10,123131,奥飞转债,afzz,284.588,-0.01,300738,奥飞数据,afsj,20.86,0.72,5.52,10.05,207.56,0,37.11,321.7,730104,通信,szcy,C,2021-12-22,[],0,0,buy,A+,,7.035,13.065,1.5,buy,2027-12-03,1.269,3.159,35016.7,94418.71,38.71,-50.71,,0,15:34:33,00,Y,N,0,0,Y,,2022-06-09 开始转股,计算使用1.3年期 评级为A+ 债参考YTM：4.2338,N,6.35,全价：284.588 最后更新：15:34:33,,,,1,"{'G': '本次（2026年5月21日至2026年6月10日）不提前赎回，以2026年12月10日后的首个交易日重新计算', 'M': ''}",0,0,N,,,buy,buy
2026-08-27 18:22:10,118030,睿创转债,rczz,574.423,2.44,688002,睿创微纳,rcwn,161.7,3.25,9.29,38.66,418.26,0,37.34,611.76,270105,电子,shkc,C,2023-02-10,[],0,0,buy,AA,,27.062,50.258,1.7,buy,2028-12-30,2.345,12.622,48756.6,126320.46,6.79,-50.38,,0,14:59:58,00,Y,N,0,0,Y,,2023-07-06 开始转股,计算使用2.4年期 评级为AA 债参考YTM：1.7001,N,15.647,全价：574.423 最后更新：14:59:58,,,,0,"{'G': '本次（2026年3月18日至2026年4月8日）不提前赎回，以2027年4月9日为首个交易日重新计算', 'M': ''}",0,0,N,,,buy,buy
2026-08-27 18:22:10,111012,福新转债,fxzz,364.901,1.31,605488,福莱新材,flxc,29.5,2.11,3.9,11.11,265.53,0,37.43,402.33,220505,基础化工,shmb,C,2023-02-07,[],0,0,buy,A+,,7.777,14.443,1.2,buy,2029-01-04,2.359,1.016,34582.84,13593.78,92.87,-38.24,,0,14:59:59,00,Y,N,0,0,Y,,2023-07-10 开始转股,计算使用2.4年期 评级为A+ 债参考YTM：4.4060,N,4.29,全价：364.901 最后更新：14:59:59,,,,0,{'G': '本次（2026年6月22日至2026年7月10日）不提前赎回，自2026年10月10日之后的首个交易日重新起算'},0,0,N,,,buy,buy
2026-08-27 18:22:10,127095,广泰转债,gtzz,146.548,-0.75,002111,威海广泰,whgt,9.41,-1.77,1.59,8.83,106.57,0,37.52,184.07,650201,国防军工,szmb,C,2023-11-10,[],0,0,buy,AA-,,6.181,11.479,15.1,buy,2029-10-18,3.145,6.927,2768.92,11777.3,2.73,-6.45,,0,15:34:06,00,Y,N,0,0,Y,,2024-04-24 开始转股,计算使用3.2年期 评级为AA- 债参考YTM：2.2541,N,7.0,全价：146.548 最后更新：15:34:06,,,,0,[],0,0,N,,,buy,buy
2026-08-27 18:22:10,118036,力合转债,lhzz,145.171,0.53,688589,力合微,lhw,19.51,1.35,2.7,18.5,105.46,0,37.66,182.83,270104,电子,shkc,C,2023-07-20,[],0,0,buy,AA-,,12.95,24.05,13.4,buy,2029-06-28,2.838,3.8,5000.64,7192.71,9.09,-7.0,,0,14:59:43,00,Y,N,2,2,Y,转股价下修2次，成功下修2次,2024-01-04 开始转股,计算使用2.9年期 评级为AA- 债参考YTM：2.1933,N,3.8,全价：145.171 最后更新：14:59:43,,,,0,{'M': ''},0,0,N,,,buy,buy
2026-08-27 18:22:10,118007,山石转债,sszz,141.842,0.88,688030,山石网科,sswk,16.95,1.74,4.38,16.5,102.73,0,38.08,179.92,710402,计算机,shkc,C,2022-04-21,[],0,0,buy,A-,,11.55,21.45,8.7,buy,2028-03-22,1.57,2.671,3043.74,4971.63,8.03,-11.95,,0,14:59:55,00,Y,N,1,1,Y,转股价下修1次，成功下修1次,2022-09-28 开始转股,计算使用1.6年期 评级为A- 债参考YTM：8.9729,N,2.674,全价：141.842 最后更新：14:59:55,,,,1,{'M': ''},0,0,N,,,buy,buy
2026-08-27 18:22:10,123065,宝莱转债,blzz,114.95,0.01,300246,宝莱特,blt,15.23,-0.07,3.65,18.3,83.22,0,38.12,153.07,370502,医药生物,szcy,C,2020-09-24,[],0,0,buy,AA-,,12.81,23.79,6.8,buy,2026-09-04,0.022,2.176,9056.6,15793.61,36.21,2.27,,0,15:34:18,00,Y,N,2,2,Y,转股价下修2次，成功下修2次,2021-03-11 开始转股,计算使用0.1年期 评级为AA- 债参考YTM：1.6812,N,2.19,全价：114.950 最后更新：15:34:18,,,,0,{'R': '到期\n最后交易日：2026-08-31\n最后转股日：2026-09-03\n债券到期日：2026-09-04\n到期赎回价：115.000元/张'},0,0,N,,,buy,buy
2026-08-27 18:22:10,123194,百洋转债,byzz,137.601,-0.04,301015,百洋医药,byyy,24.6,0.41,5.0,24.79,99.23,0,38.66,176.26,370402,医药生物,szcy,C,2023-05-05,[],0,0,buy,AA-,,17.353,32.227,6.5,buy,2029-04-14,2.633,8.459,5127.42,13952.08,4.41,-6.23,,0,15:34:51,00,Y,N,0,0,Y,,2023-10-20 开始转股,计算使用2.7年期 评级为AA- 债参考YTM：2.1414,N,8.6,全价：137.601 最后更新：15:34:51,,,,0,{'M': ''},0,0,N,,,buy,buy
2026-08-27 18:22:10,127082,亚科转债,ykzz,136.284,-0.13,002540,亚太科技,ytkj,5.12,-1.16,1.14,5.22,98.08,0,38.95,175.23,240301,有色金属,szmb,C,2023-04-27,[],0,0,buy,AA,,3.654,6.786,26.4,buy,2029-03-09,2.534,11.585,2523.65,4044.77,1.6,-6.49,,0,15:34:30,00,Y,N,0,0,Y,,2023-09-15 开始转股,计算使用2.6年期 评级为AA 债参考YTM：1.7093,N,11.59,全价：136.284 最后更新：15:34:30,,,,0,[],0,0,N,,,buy,buy
2026-08-27 18:22:10,113686,泰瑞转债,trzz,153.96,-0.31,603289,泰瑞机器,trjq,8.86,-1.23,1.74,8.0,110.75,0,39.02,192.98,640209,机械设备,shmb,C,2024-07-24,[],0,0,buy,AA-,,5.6,10.4,12.9,buy,2030-07-02,3.849,3.363,3094.13,3179.49,5.96,-6.48,,0,14:59:23,00,Y,N,0,0,Y,,2025-01-08 开始转股,计算使用3.9年期 评级为AA- 债参考YTM：2.3020,N,3.378,全价：153.960 最后更新：14:59:23,,,,0,[],0,0,N,,,buy,buy
2026-08-27 18:22:10,123176,精测转2,jcz2,478.0,3.97,300567,精测电子,jcdz,221.8,5.32,14.02,64.51,343.82,0,39.03,517.03,640107,机械设备,szcy,C,2023-03-22,[],0,0,buy,AA-,,45.157,83.863,2.5,buy,2029-03-02,2.515,12.753,136777.07,144030.26,22.76,-43.58,,0,15:34:39,00,Y,N,0,0,Y,,2023-09-08 开始转股,计算使用2.6年期 评级为AA- 债参考YTM：2.1148,N,12.76,全价：478.000 最后更新：15:34:39,,,,0,"{'G': '本次（2026年7月16日至2026年8月5日）不提前赎回，自2027年2月5日后首个交易日重新计算', 'M': ''}",0,0,N,,,buy,buy
2026-08-27 18:22:10,127050,麒麟转债,qlzz,130.398,-0.09,002984,森麒麟,sql,14.13,-0.91,1.06,15.07,93.76,0,39.07,169.47,280204,汽车,szmb,C,2021-12-06,[],0,0,buy,AA,,10.549,19.591,20.7,buy,2027-11-11,1.208,20.86,3214.64,11557.81,1.18,-12.13,,0,15:34:09,00,Y,N,2,2,Y,转股价下修2次，成功下修2次,2022-05-17 开始转股,计算使用1.3年期 评级为AA 债参考YTM：1.6203,N,21.989,全价：130.398 最后更新：15:34:09,,,,1,{'M': ''},0,0,N,,,buy,buy
2026-08-27 18:22:10,123124,晶瑞转2,jrz2,142.92,2.3,300655,晶瑞电材,jrdc,13.14,4.95,5.47,12.79,102.74,0,39.11,182.03,270601,电子,szcy,C,2021-09-07,[],0,0,buy,A+,,8.953,16.627,3.5,buy,2027-08-16,0.97,5.224,8237.17,52803.08,11.09,-25.91,,1,15:34:27,00,Y,N,1,1,Y,转股价下修1次，成功下修1次,2022-02-21 开始转股,计算使用1.0年期 评级为A+ 债参考YTM：4.1895,N,5.23,全价：142.920 最后更新：15:34:27,,,,1,{'M': ''},0,0,N,,23年6月前不下修,buy,buy
2026-08-27 18:22:10,113048,晶科转债,jkzz,116.351,0.27,601778,晶科科技,jkkj,3.73,0.81,0.83,4.47,83.45,0,39.43,155.78,410106,公用事业,shmb,C,2021-05-31,[],0,0,buy,AA,,3.129,5.811,11.1,buy,2027-04-23,0.655,15.453,5484.61,37528.21,3.05,-5.74,,0,14:59:50,00,Y,N,2,2,Y,转股价下修2次，成功下修2次,2021-10-29 开始转股,计算使用0.7年期 评级为AA 债参考YTM：1.5551,N,30.0,全价：116.351 最后更新：14:59:50,,,,1,{'M': ''},0,0,N,,,buy,buy
2026-08-27 18:22:10,118044,赛特转债,stzz,150.685,0.62,688398,赛特新材,stxc,20.35,0.44,3.0,18.85,107.96,0,39.58,190.27,220309,基础化工,shkc,C,2023-10-12,[],0,0,buy,A+,,13.195,24.505,12.9,buy,2029-09-11,3.044,4.42,2801.31,2255.82,4.21,-8.05,,0,14:59:51,00,Y,N,1,1,Y,转股价下修1次，成功下修1次,2024-03-15 开始转股,计算使用3.1年期 评级为A+ 债参考YTM：4.5892,N,4.42,全价：150.685 最后更新：14:59:51,,,,0,"{'G': '本次（2026年3月10日至2026年4月20日）不提前赎回，以2026年10月21日起算', 'M': ''}",0,0,N,,,buy,buy
2026-08-27 18:22:10,113640,苏利转债,slzz,132.66,-0.13,603585,苏利股份,slgf,10.3,-0.1,0.99,10.84,95.02,0,39.61,172.27,220803,基础化工,shmb,C,2022-03-10,[],0,0,buy,AA-,,7.588,14.092,26.5,buy,2028-02-16,1.474,7.39,3536.68,2273.62,3.6,-8.27,,0,14:59:13,00,Y,N,2,2,Y,转股价下修2次，成功下修2次,2022-08-22 开始转股,计算使用1.5年期 评级为AA- 债参考YTM：1.9252,N,9.572,全价：132.660 最后更新：14:59:13,,,,1,[],0,0,N,,,buy,buy
2026-08-27 18:22:10,127088,赫达转债,hdzz,180.998,1.51,002810,山东赫达,sdhd,21.5,-0.14,3.18,16.61,129.44,0,39.83,220.83,220309,基础化工,szmb,C,2023-07-19,[],0,0,buy,AA-,,11.627,21.593,8.6,buy,2029-07-03,2.852,5.996,4592.79,6578.51,4.25,-13.99,,0,15:34:33,00,Y,N,0,0,Y,,2024-01-08 开始转股,计算使用2.9年期 评级为AA- 债参考YTM：2.1933,N,6.0,全价：180.998 最后更新：15:34:33,,,,0,"{'G': '本次（2026年3月30日至2026年4月20日）不提前赎回，自2026年10月21日起重新计算', 'M': ''}",0,0,N,,,buy,buy
2026-08-27 18:22:10,113610,灵康转债,lkzz,120.341,0.24,603669,灵康药业,lkyy,5.56,1.46,6.18,6.5,85.54,0,40.69,161.03,370102,医药生物,shmb,C,2020-12-22,[],0,0,buy,A-,,4.55,8.45,6.4,buy,2026-12-01,0.263,2.528,1406.64,15743.54,4.63,-17.05,,0,14:59:55,00,Y,N,2,2,Y,转股价下修2次，成功下修2次,2021-06-07 开始转股,计算使用0.3年期 评级为A- 债参考YTM：8.7699,N,5.25,全价：120.341 最后更新：14:59:55,,,,1,[],0,0,N,,,buy,buy
2026-08-27 18:22:10,113646,永吉转债,yjzz,162.326,-0.53,603058,永吉股份,yjgf,9.27,0.87,3.38,8.05,115.16,0,40.96,203.29,360205,轻工制造,shmb,C,2022-05-17,[],0,0,buy,AA-,,5.635,10.465,3.6,buy,2028-04-14,1.633,1.372,4978.19,3979.44,22.24,-21.36,,0,14:59:46,00,Y,N,0,0,Y,,2022-10-20 开始转股,计算使用1.7年期 评级为AA- 债参考YTM：1.9480,N,1.459,全价：162.326 最后更新：14:59:46,,,,1,[],0,0,N,,,buy,buy
2026-08-27 18:22:10,123225,翔丰转债,xfzz,142.901,-0.4,300890,翔丰华,xfh,27.71,-1.53,1.44,27.34,101.35,0,40.99,183.89,630702,电力设备,szcy,C,2023-10-26,[],0,0,buy,AA-,,19.138,35.542,18.4,buy,2029-10-10,3.123,5.585,3853.49,25601.49,4.83,-4.91,,0,15:34:51,00,Y,N,1,1,Y,转股价下修1次，成功下修1次,2024-04-16 开始转股,计算使用3.2年期 评级为AA- 债参考YTM：2.2541,N,8.0,全价：142.901 最后更新：15:34:51,,,,0,{'M': ''},0,0,N,,,buy,buy
2026-08-27 18:22:10,113677,华懋转债,hmzz,324.859,7.07,603306,华懋科技,hmkj,77.47,4.44,6.69,33.66,230.15,0,41.15,366.01,280202,汽车,shmb,C,2023-10-12,[],0,0,buy,AA-,,23.562,43.758,4.1,buy,2029-09-14,3.052,10.489,148813.07,95120.58,44.65,-28.99,,0,14:59:59,00,Y,N,0,0,Y,,2024-03-20 开始转股,计算使用3.1年期 评级为AA- 债参考YTM：2.2382,N,10.5,全价：324.859 最后更新：14:59:59,,,,0,"{'G': '本次（2026年6月29日至2026年7月17日）不提前赎回，自2026年10月17日之后的首个交易日重新起算', 'M': ''}",0,0,N,,,buy,buy
2026-08-27 18:22:10,123258,胜蓝转02,slz2,357.7,6.14,300843,胜蓝股份,slgf,137.49,5.55,13.05,54.36,252.93,0,41.43,399.13,270504,电子,szcy,C,2025-09-10,[],0,0,buy,AA-,,38.052,70.668,2.0,buy,2031-08-28,5.006,4.498,157134.54,113957.52,99.12,-20.14,,0,15:34:03,00,Y,N,0,0,Y,,2026-03-03 开始转股,计算使用5.1年期 评级为AA- 债参考YTM：2.4153,N,4.5,全价：357.700 最后更新：15:34:03,,,,0,{'M': ''},0,0,N,,,buy,buy
2026-08-27 18:22:10,110092,三房转债,sfzz,73.531,0.58,600370,*ST三房,sfx,1.57,-0.63,1.22,3.02,51.99,0,41.44,114.97,220401,基础化工,shmb,C,2023-02-07,[],0,0,buy,A-,,2.114,3.926,33.5,buy,2029-01-06,2.364,21.185,6749.38,3074.88,4.34,20.56,,0,14:59:59,00,Y,N,0,0,Y,,2023-07-12 开始转股,计算使用2.4年期 评级为A- 债参考YTM：9.1060,N,25.0,全价：73.531 最后更新：14:59:59,,,,0,[],0,0,N,,,buy,buy
2026-08-27 18:22:10,127034,绿茵转债,lyzz,122.703,0.25,002887,绿茵生态,lyst,9.71,1.89,1.26,11.21,86.62,0,41.66,164.36,760104,环保,szmb,C,2021-05-28,[],0,0,buy,AA-,,7.847,14.573,20.3,buy,2027-04-30,0.674,4.279,4893.21,6686.67,9.3,-11.78,,0,15:34:27,00,Y,N,0,0,Y,,2021-11-11 开始转股,计算使用0.7年期 评级为AA- 债参考YTM：1.7964,N,7.12,全价：122.703 最后更新：15:34:27,,,,1,[],0,0,N,,,buy,buy
2026-08-27 18:22:10,113636,甬金转债,yjzz,135.866,0.77,603995,甬金股份,yjgf,25.1,2.28,1.51,26.22,95.73,0,41.93,177.8,230501,钢铁,shmb,C,2021-12-31,[],0,0,buy,AA-,,18.354,34.086,11.0,buy,2027-12-13,1.296,9.995,4824.45,13641.5,3.57,-10.76,,0,14:59:51,00,Y,N,1,1,Y,转股价下修1次，成功下修1次,2022-06-17 开始转股,计算使用1.3年期 评级为AA- 债参考YTM：1.8997,N,10.0,全价：135.866 最后更新：14:59:51,,,,1,{'M': ''},0,0,N,,,buy,buy
2026-08-27 18:22:10,123088,威唐转债,wtzz,116.33,-0.15,300707,威唐工业,wtgy,12.25,-0.16,1.84,14.97,81.83,0,42.16,158.49,280205,汽车,szcy,C,2021-01-06,[],0,0,buy,A+,,10.479,19.461,17.1,buy,2026-12-15,0.301,3.004,1124.9,2904.73,3.22,-3.83,,0,15:34:24,00,Y,N,1,1,Y,转股价下修1次，成功下修1次,2021-06-21 开始转股,计算使用0.4年期 评级为A+ 债参考YTM：4.0886,N,3.014,全价：116.330 最后更新：15:34:24,,,,1,[],0,0,N,,,buy,buy
2026-08-27 18:22:10,123209,聚隆转债,jlzz,165.88,0.05,300644,南京聚隆,njjl,20.4,-0.54,2.04,17.52,116.44,0,42.46,208.34,220503,基础化工,szcy,C,2023-08-17,[],0,0,buy,A+,,12.264,22.776,9.3,buy,2029-07-26,2.915,1.672,1789.42,4034.87,6.46,-11.46,,0,15:33:57,00,Y,N,0,0,Y,,2024-02-01 开始转股,计算使用3.0年期 评级为A+ 债参考YTM：4.5676,N,2.185,全价：165.880 最后更新：15:33:57,,,,0,[],0,0,N,,,buy,buy
2026-08-27 18:22:10,111022,锡振转债,xzzz,167.924,1.0,605319,无锡振华,wxzh,26.39,0.34,3.19,22.39,117.87,0,42.47,210.39,280205,汽车,shmb,C,2025-07-14,[],0,0,buy,AA-,,15.673,29.107,5.7,buy,2031-06-18,4.811,5.197,7053.43,9612.05,8.06,-7.24,,0,14:59:55,00,Y,N,0,0,Y,,2025-12-24 开始转股,计算使用4.9年期 评级为AA- 债参考YTM：2.3829,N,5.2,全价：167.924 最后更新：14:59:55,,,,0,[],0,0,N,,,buy,buy
2026-08-27 18:22:10,127060,湘佳转债,xjzz,130.069,0.06,002982,湘佳股份,xjgf,12.56,0.08,1.51,13.8,91.01,0,42.91,172.98,110703,农林牧渔,szmb,C,2022-06-10,[],0,0,buy,A+,,9.66,17.94,39.2,buy,2028-04-19,1.647,6.399,3072.52,2758.53,3.69,-8.95,,0,15:34:48,00,Y,N,1,1,Y,转股价下修1次，成功下修1次,2022-10-25 开始转股,计算使用1.7年期 评级为A+ 债参考YTM：4.2855,N,6.4,全价：130.069 最后更新：15:34:48,,,,0,[],0,0,N,,,buy,buy
2026-08-27 18:22:10,123199,山河转债,shzz,142.479,0.52,300452,山河药辅,shyf,12.94,0.78,2.93,13.0,99.54,0,43.14,185.62,370101,医药生物,szcy,C,2023-07-07,[],0,0,buy,A+,,9.1,16.9,12.4,buy,2029-06-12,2.795,3.197,1781.65,5985.11,3.92,-8.53,,0,15:34:45,00,Y,N,1,1,Y,转股价下修1次，成功下修1次,2023-12-18 开始转股,计算使用2.8年期 评级为A+ 债参考YTM：4.5154,N,3.2,全价：142.479 最后更新：15:34:45,,,,0,[],0,0,N,,,buy,buy
2026-08-27 18:22:10,123222,博俊转债,bjzz,149.943,0.36,300926,博俊科技,bjkj,17.18,0.47,2.03,16.46,104.37,0,43.66,193.6,280205,汽车,szcy,C,2023-09-28,[],0,0,buy,A+,,11.522,21.398,4.8,buy,2029-09-08,3.036,2.438,1728.07,3860.26,4.73,-7.4,,0,15:33:57,00,Y,N,0,0,Y,,2024-03-14 开始转股,计算使用3.1年期 评级为A+ 债参考YTM：4.5892,N,5.0,全价：149.943 最后更新：15:33:57,,,,0,{'M': ''},0,0,N,,,buy,buy
2026-08-27 18:22:10,123157,科蓝转债,klzz,140.591,-0.18,300663,科蓝软件,klrj,8.61,-0.12,10.97,8.8,97.84,0,43.69,184.28,710401,计算机,szcy,C,2022-09-20,[],0,0,buy,A-,,6.16,11.44,5.9,buy,2028-08-30,2.011,2.34,7711.56,24186.09,23.37,-8.21,,0,15:34:33,00,Y,N,2,2,Y,转股价下修2次，成功下修2次,2023-03-06 开始转股,计算使用2.1年期 评级为A- 债参考YTM：9.0398,N,4.946,全价：140.591 最后更新：15:34:33,,,,1,{'M': ''},0,0,N,,,buy,buy
2026-08-27 18:22:10,113704,春风转债,cfzz,180.886,-0.12,603129,春风动力,cfdl,304.13,-0.71,5.82,241.7,125.83,110,43.75,224.64,280402,汽车,shmb,C,2026-07-07,[],0,0,buy,AA+,,169.19,314.21,4.7,buy,2032-06-09,5.789,21.79,16977.17,40445.59,4.3,-7.99,,0,14:59:58,00,Y,N,0,0,Y,,未到转股期；2026-12-16 开始转股,计算使用5.8年期 评级为AA+ 债参考YTM：1.8910,N,21.79,全价：180.886 最后更新：14:59:58,,,,0,{'M': ''},0,0,N,,,buy,buy
2026-08-27 18:22:10,123171,共同转债,gtzz,132.212,0.54,300966,共同药业,gtyy,24.85,2.18,3.61,27.08,91.77,0,44.08,176.29,370101,医药生物,szcy,C,2022-12-16,[],0,0,buy,A-,,18.956,35.204,20.0,buy,2028-11-28,2.258,3.799,2647.92,9144.52,5.27,-4.55,,0,15:34:42,00,Y,N,0,0,Y,,2023-06-02 开始转股,计算使用2.3年期 评级为A- 债参考YTM：9.0813,N,3.8,全价：132.212 最后更新：15:34:42,,,,0,{'M': ''},0,0,N,,,buy,buy
2026-08-27 18:22:10,127031,洋丰转债,yfzz,123.62,1.83,000902,新洋丰,xyf,14.39,3.82,1.43,16.79,85.71,0,44.24,167.86,220805,基础化工,szmb,C,2021-04-23,[],0,0,buy,AA,,11.753,21.827,6.1,buy,2027-03-25,0.575,9.999,4580.18,33207.15,3.72,-16.42,,0,15:34:24,00,Y,N,1,1,Y,转股价下修1次，成功下修1次,2021-10-08 开始转股,计算使用0.6年期 评级为AA 债参考YTM：1.5468,N,10.0,全价：123.620 最后更新：15:34:24,,,,1,{'M': ''},0,0,N,,,buy,buy
2026-08-27 18:22:10,118064,联瑞转债,lrzz,426.516,18.67,688300,联瑞新材,lrxc,186.24,20.0,25.18,63.05,295.39,0,44.39,470.91,220901,基础化工,shkc,C,2026-01-28,[],0,0,buy,AA,,44.135,81.965,1.5,buy,2032-01-08,5.37,6.949,707439.73,376979.08,254.59,-22.03,,0,15:00:00,00,Y,N,0,0,Y,,2026-07-14 开始转股,计算使用5.4年期 评级为AA 债参考YTM：1.9343,N,6.95,全价：426.516 最后更新：15:00:00,,,,0,"{'G': '本次（2026年7月14日至2026年8月3日）不提前赎回，以2026年11月4日为首个交易日重新计算', 'M': '', 'EX': '债券持有人及其一致行动人大宗减持11.51% 2026年08月18日公告'}",0,0,N,,,buy,buy
2026-08-27 18:22:10,123119,康泰转2,ktz2,124.989,0.47,300601,康泰生物,ktsw,13.55,0.37,1.57,15.69,86.36,0,44.73,169.72,370303,医药生物,szcy,C,2021-08-05,[],0,0,buy,AA,,10.983,20.397,16.4,buy,2027-07-15,0.882,19.99,9754.3,68645.28,3.91,-11.82,,0,15:34:30,00,Y,N,6,5,Y,转股价下修6次，成功下修5次,2022-01-21 开始转股,计算使用0.9年期 评级为AA 债参考YTM：1.5767,N,20.0,全价：124.989 最后更新：15:34:30,,,,1,{'M': ''},0,0,N,,,buy,buy
2026-08-27 18:22:10,127099,盛航转债,shzz,136.214,-0.59,001205,盛航股份,shgf,14.4,-0.76,1.23,15.33,93.93,0,45.01,181.22,421101,交通运输,szmb,C,2023-12-28,[],0,0,buy,AA-,,10.731,19.929,18.9,buy,2029-12-06,3.28,4.541,1703.97,3383.11,2.75,-3.95,,0,15:34:27,00,Y,N,1,1,Y,转股价下修1次，成功下修1次,2024-06-12 开始转股,计算使用3.3年期 评级为AA- 债参考YTM：2.2660,N,7.4,全价：136.214 最后更新：15:34:27,,,,0,[],0,0,N,,,buy,buy
2026-08-27 18:22:10,127055,精装转债,jzzz,186.0,1.03,002989,中天精装,ztjz,23.7,1.72,3.33,18.5,128.11,0,45.19,231.19,620201,建筑装饰,szmb,C,2022-03-24,[],0,0,buy,AA-,,12.95,24.05,4.4,buy,2028-02-22,1.49,2.081,18153.22,16494.16,46.99,-27.0,,0,15:34:24,00,Y,N,0,0,Y,,2022-08-29 开始转股,计算使用1.5年期 评级为AA- 债参考YTM：1.9252,N,5.77,全价：186.000 最后更新：15:34:24,,,,1,{'G': '本次（2026年2月24日至2026年3月16日）不提前赎回，自2027年3月16日后首个交易日重新计算'},0,0,N,,,buy,buy
2026-08-27 18:22:10,113070,渝水转债,yszz,127.059,-0.02,601158,重庆水务,cqsw,4.13,-0.96,1.13,4.72,87.5,0,45.21,172.27,760102,环保,shmb,C,2025-02-13,[],0,0,buy,AAA,,3.304,6.136,9.6,buy,2031-01-09,4.373,18.998,3685.59,3184.78,1.53,-3.02,,0,14:59:45,00,Y,N,0,0,Y,,2025-07-15 开始转股,计算使用4.4年期 评级为AAA 债参考YTM：1.7227,N,19.0,全价：127.059 最后更新：14:59:45,,,,0,{'M': ''},0,0,N,,,buy,buy
2026-08-27 18:22:10,123172,漱玉转债,syzz,131.147,0.38,301017,漱玉平民,sypm,13.39,0.68,2.58,14.91,89.81,0,46.03,177.18,370403,医药生物,szcy,C,2023-01-06,[],0,0,buy,AA-,,10.437,19.383,23.0,buy,2028-12-15,2.304,7.96,3688.64,8329.89,3.53,-5.11,,0,15:34:48,00,Y,N,1,1,Y,转股价下修1次，成功下修1次,2023-06-21 开始转股,计算使用2.4年期 评级为AA- 债参考YTM：2.0634,N,8.0,全价：131.147 最后更新：15:34:48,,,,0,{'M': ''},0,0,N,,,buy,buy
2026-08-27 18:22:10,123158,宙邦转债,zbzz,237.02,4.36,300037,新宙邦,xzb,65.39,6.85,4.31,40.49,161.5,0,46.76,283.78,630702,电力设备,szcy,C,2022-10-21,[],0,0,buy,AA,,28.343,52.637,5.0,buy,2028-09-26,2.085,18.046,28643.5,110101.19,6.77,-30.24,,0,15:34:39,00,Y,N,0,0,Y,,2023-03-30 开始转股,计算使用2.1年期 评级为AA 债参考YTM：1.6822,N,19.7,全价：237.020 最后更新：15:34:39,,,,0,"{'G': '本次（2026年7月23日至2026年8月12日）不提前赎回，自2027年2月12日后首个交易日重新计算', 'M': ''}",0,0,N,,,buy,buy
2026-08-27 18:22:10,123211,阳谷转债,ygzz,157.6,1.25,300121,阳谷华泰,yght,9.87,1.54,1.2,9.2,107.28,0,46.9,204.5,220604,基础化工,szcy,C,2023-08-14,[],0,0,buy,AA-,,6.44,11.96,7.2,buy,2029-07-27,2.918,3.07,2829.64,7101.37,5.86,-9.44,,0,15:34:48,00,Y,N,0,0,Y,,2024-02-02 开始转股,计算使用3.0年期 评级为AA- 债参考YTM：2.2176,N,6.5,全价：157.600 最后更新：15:34:48,,,,0,[],0,0,N,,,buy,buy
2026-08-27 18:22:10,113659,莱克转债,lkzz,134.427,-0.26,603355,莱克电气,lkdq,29.01,-2.03,2.79,31.72,91.46,0,46.98,181.41,330302,家用电器,shmb,C,2022-11-15,[],0,0,buy,AA,,22.204,41.236,7.2,buy,2028-10-14,2.134,11.998,11556.03,17586.4,7.21,-7.85,,0,14:59:57,00,Y,N,0,0,Y,,2023-04-20 开始转股,计算使用2.2年期 评级为AA 债参考YTM：1.6890,N,12.0,全价：134.427 最后更新：14:59:57,,,,0,{'M': ''},0,0,N,,,buy,buy
2026-08-27 18:22:10,113649,丰山转债,fszz,134.951,0.09,603810,丰山集团,fsjt,12.48,-0.08,1.27,13.61,91.7,0,47.17,182.12,220803,基础化工,shmb,C,2022-07-21,[],0,0,buy,AA-,,9.527,17.693,22.2,buy,2028-06-27,1.836,4.577,1818.83,1969.83,2.95,-7.56,,0,14:59:34,00,Y,N,0,0,Y,,2023-01-03 开始转股,计算使用1.9年期 评级为AA- 债参考YTM：1.9714,N,5.0,全价：134.951 最后更新：14:59:34,,,,1,[],0,0,N,,,buy,buy
2026-08-27 18:22:10,113067,燃23转债,r23zz,129.466,0.09,601139,深圳燃气,szrq,6.35,0.79,1.09,7.24,87.71,0,47.61,177.08,410301,公用事业,shmb,C,2023-08-18,[],0,0,buy,AAA,,5.068,9.412,16.4,buy,2029-07-27,2.918,29.999,2357.49,16776.99,0.61,-5.5,,0,14:58:30,00,Y,N,0,0,Y,,2024-02-02 开始转股,计算使用3.0年期 评级为AAA 债参考YTM：1.6276,N,30.0,全价：129.466 最后更新：14:58:30,,,,0,{'M': ''},0,0,N,,,buy,buy
2026-08-27 18:22:10,127064,杭氧转债,hyzz,141.899,1.11,002430,杭氧股份,hygf,24.65,2.15,2.37,25.67,96.03,0,47.77,189.67,220309,基础化工,szmb,C,2022-07-05,[],0,0,buy,AA+,,17.969,33.371,4.7,buy,2028-05-19,1.729,11.364,7816.47,63597.56,4.87,-13.92,,0,15:34:45,00,Y,N,1,1,Y,转股价下修1次，成功下修1次,2022-11-25 开始转股,计算使用1.8年期 评级为AA+ 债参考YTM：1.6272,N,11.37,全价：141.899 最后更新：15:34:45,,,,1,{'M': ''},0,0,N,,,buy,buy
2026-08-27 18:22:10,118013,道通转债,dtzz,177.761,2.46,688208,道通科技,dtkj,25.77,-0.5,4.39,21.48,119.97,0,48.17,225.93,710103,计算机,shkc,C,2022-07-28,[],0,0,buy,AA,,15.036,27.924,7.4,buy,2028-07-08,1.866,12.796,12002.53,15401.36,5.37,-20.32,,0,14:59:59,00,Y,N,0,0,Y,,2023-01-16 开始转股,计算使用1.9年期 评级为AA 债参考YTM：1.6661,N,12.8,全价：177.761 最后更新：14:59:59,,,,1,{'M': ''},0,0,N,,,buy,buy
2026-08-27 18:22:10,127105,龙星转债,lxzz,133.513,0.83,002442,龙星科技,lxkj,5.22,2.76,1.42,5.8,90.0,0,48.35,181.86,220603,基础化工,szmb,C,2024-03-06,[],0,0,buy,AA-,,4.06,7.54,29.4,buy,2030-01-31,3.433,7.534,3576.32,8794.63,3.55,-3.28,,0,15:33:57,00,Y,N,0,0,Y,,2024-08-07 开始转股,计算使用3.5年期 评级为AA- 债参考YTM：2.2814,N,7.54,全价：133.513 最后更新：15:33:57,,,,0,[],0,0,N,,,buy,buy
2026-08-27 18:22:10,123235,亿田转债,ytzz,154.599,0.55,300911,亿田智能,ytzn,22.14,-0.05,3.56,21.31,103.9,0,48.8,203.4,330401,家用电器,szcy,C,2024-01-12,[],0,0,buy,A+,,14.917,27.703,11.5,buy,2029-12-21,3.321,4.352,14114.37,18904.45,20.99,-7.6,,0,15:33:54,00,Y,N,0,0,Y,,2024-06-27 开始转股,计算使用3.4年期 评级为A+ 债参考YTM：4.6288,N,5.202,全价：154.599 最后更新：15:33:54,,,,0,{'M': ''},0,0,N,,,buy,buy
2026-08-27 18:22:10,118056,路维转债,lwzz,291.827,4.2,688401,路维光电,lwgd,69.12,3.57,8.2,35.29,195.86,0,49.0,340.83,270103,电子,shkc,C,2025-07-10,[],0,0,buy,AA-,,24.703,45.877,4.6,buy,2031-06-11,4.792,6.145,46182.31,39471.3,26.09,-17.73,,0,14:59:59,00,Y,N,0,0,Y,,2025-12-17 开始转股,计算使用4.8年期 评级为AA- 债参考YTM：2.3751,N,6.15,全价：291.827 最后更新：14:59:59,,,,0,"{'G': '本次（2026年7月30日至2026年8月19日)不提前赎回，以2026年11月20日为首个交易日重新计算', 'M': ''}",0,0,N,,,buy,buy
2026-08-27 18:22:10,118039,煜邦转债,ybzz,134.88,-0.39,688597,煜邦电力,ybdl,6.6,-1.2,2.7,7.3,90.41,0,49.19,184.07,630804,电力设备,shkc,C,2023-08-15,[],0,0,buy,A,,5.11,9.49,18.5,buy,2029-07-20,2.899,4.104,2296.71,3278.16,4.14,-4.92,,0,14:59:53,00,Y,N,0,0,Y,,2024-01-26 开始转股,计算使用2.9年期 评级为A 债参考YTM：6.8923,N,4.108,全价：134.880 最后更新：14:59:53,,,,0,{'M': ''},0,0,N,,,buy,buy
2026-08-27 18:22:10,123261,普联转债,plzz,161.888,0.86,300996,普联软件,plrj,14.05,1.74,4.33,12.97,108.33,0,49.44,211.33,710401,计算机,szcy,C,2025-12-22,[],0,0,buy,A+,,9.079,16.861,5.2,buy,2031-12-05,5.277,2.428,49641.1,45444.26,126.37,-5.76,,0,15:34:00,00,Y,N,0,0,Y,,2026-06-11 开始转股,计算使用5.3年期 评级为A+ 债参考YTM：4.8909,N,2.43,全价：161.888 最后更新：15:34:00,,,,0,{'M': ''},0,0,N,,,buy,buy
2026-08-27 18:22:10,118062,天准转债,tzzz,230.647,3.58,688003,天准科技,tzkj,85.06,3.38,8.18,55.13,154.29,0,49.49,280.14,640704,机械设备,shkc,C,2025-12-31,[],0,0,buy,AA-,,38.591,66.156,5.3,buy,2031-12-12,5.296,8.719,82912.06,72076.41,42.37,-12.35,,0,15:00:00,00,Y,N,0,0,Y,,2026-06-18 开始转股,计算使用5.3年期 评级为AA- 债参考YTM：2.5423,N,8.72,全价：230.647 最后更新：15:00:00,,,,0,"{'G': '本次（2026年6月18日至2026年7月9日）不提前赎回，以2026年10月10日为首个交易日重新计算', 'M': ''}",0,0,N,120%,,buy,buy
2026-08-27 18:22:10,127046,百润转债,brzz,128.75,0.29,002568,百润股份,brgf,17.49,-0.74,3.55,20.33,86.03,0,49.66,178.41,340602,食品饮料,szmb,C,2021-11-03,[],0,0,buy,AA,,14.231,26.429,8.5,buy,2027-09-29,1.09,11.274,3016.16,15620.91,2.08,-12.33,,0,15:34:42,00,Y,N,1,1,Y,转股价下修1次，成功下修1次,2022-04-12 开始转股,计算使用1.1年期 评级为AA 债参考YTM：1.6009,N,11.28,全价：128.750 最后更新：15:34:42,,,,0,{'M': ''},0,0,N,,,buy,buy
2026-08-27 18:22:10,123144,裕兴转债,yxzz,131.2,-0.08,300305,裕兴股份,yxgf,6.13,-0.16,1.15,7.0,87.57,0,49.82,181.02,220505,基础化工,szcy,C,2022-04-27,[],0,0,buy,A,,4.9,9.1,30.4,buy,2028-04-11,1.625,5.997,3158.79,3170.61,4.02,-6.89,,0,15:34:36,00,Y,N,2,2,Y,转股价下修2次，成功下修2次,2022-10-17 开始转股,计算使用1.7年期 评级为A 债参考YTM：6.6355,N,6.0,全价：131.200 最后更新：15:34:36,,,,1,[],0,0,N,,,buy,buy
2026-08-27 18:22:10,113643,风语转债,fyzz,140.998,0.78,603466,风语筑,fyz,11.09,1.65,3.06,11.8,93.98,0,50.02,191.02,720706,传媒,shmb,C,2022-04-22,[],0,0,buy,AA-,,8.26,15.34,7.6,buy,2028-03-25,1.578,4.992,6625.33,48174.96,9.41,-11.28,,0,14:59:57,00,Y,N,1,1,Y,转股价下修1次，成功下修1次,2022-10-10 开始转股,计算使用1.6年期 评级为AA- 债参考YTM：1.9367,N,5.0,全价：140.998 最后更新：14:59:57,,,,1,{'M': ''},0,0,N,,,buy,buy
2026-08-27 18:22:10,110087,天业转债,tyzz,125.699,-0.21,600075,新疆天业,xjty,4.69,-0.21,0.86,5.6,83.75,0,50.09,175.79,220202,基础化工,shmb,C,2022-07-19,[],0,0,buy,AA+,,3.92,7.28,37.4,buy,2028-06-23,1.825,29.975,3563.75,6309.94,0.94,-7.21,,0,14:58:47,00,Y,N,1,1,Y,转股价下修1次，成功下修1次,2022-12-29 开始转股,计算使用1.9年期 评级为AA+ 债参考YTM：1.6358,N,30.0,全价：125.699 最后更新：14:58:47,,,,1,{'M': ''},0,0,N,,,buy,buy
2026-08-27 18:22:10,113054,绿动转债,ldzz,122.925,0.07,601330,绿色动力,lsdl,7.07,-0.14,1.19,8.67,81.55,0,50.74,173.67,760103,环保,shmb,C,2022-03-23,[],0,0,buy,AA+,,6.069,11.271,33.7,buy,2028-02-25,1.499,23.598,4366.4,4660.88,1.51,-6.78,,0,14:59:20,00,Y,N,0,0,Y,,2022-09-05 开始转股,计算使用1.5年期 评级为AA+ 债参考YTM：1.6014,N,23.6,全价：122.925 最后更新：14:59:20,,,,1,[],0,0,N,,,buy,buy
2026-08-27 18:22:10,123277,玉禾转债,yhzz,147.8,1.66,300815,玉禾田,yht,16.02,0.19,1.36,16.35,97.98,160,50.84,198.64,760103,环保,szcy,C,2026-08-14,[],0,0,buy,AA,,11.445,21.255,23.9,buy,2032-07-28,5.923,15.0,15284.35,5977.43,6.93,-4.4,,0,15:34:21,00,Y,N,0,0,Y,,未到转股期；2027-02-04 开始转股,计算使用6.0年期 评级为AA 债参考YTM：2.1131,N,15.0,全价：147.800 最后更新：15:34:21,,,,0,[],0,0,N,,,buy,buy
2026-08-27 18:22:10,123183,海顺转债,hszz,130.721,-0.23,300501,海顺新材,hsxc,10.07,0.7,1.81,11.63,86.59,0,50.97,181.69,360206,轻工制造,szcy,C,2023-04-20,[],0,0,buy,AA-,,8.141,15.119,22.7,buy,2029-03-23,2.573,6.329,3158.58,3914.33,3.8,-3.81,,0,15:34:33,00,Y,N,2,0,Y,转股价下修2次，成功下修0次,2023-10-09 开始转股,计算使用2.6年期 评级为AA- 债参考YTM：2.1148,N,6.33,全价：130.721 最后更新：15:34:33,,,,0,[],0,0,N,,,buy,buy
2026-08-27 18:22:10,111003,聚合转债,jhzz,143.72,0.04,605166,聚合顺,jhs,8.38,-0.12,1.31,8.85,94.69,0,51.78,195.5,220406,基础化工,shmb,C,2022-04-19,[],0,0,buy,AA-,,6.195,11.505,7.7,buy,2028-03-07,1.529,2.035,2015.33,2513.16,6.89,-12.52,,0,14:59:52,00,Y,N,2,2,Y,转股价下修2次，成功下修2次,2022-09-13 开始转股,计算使用1.6年期 评级为AA- 债参考YTM：1.9367,N,2.04,全价：143.720 最后更新：14:59:52,,,,1,[],0,0,N,,,buy,buy
2026-08-27 18:22:10,127089,晶澳转债,jazz,122.899,-0.52,002459,晶澳科技,jakj,7.18,-1.24,1.12,8.9,80.67,0,52.34,175.24,630502,电力设备,szmb,C,2023-08-04,[],0,0,buy,AA+,,6.23,11.57,37.7,buy,2029-07-18,2.893,89.588,4000.75,22200.99,0.36,-3.42,,0,15:34:48,00,Y,N,3,2,Y,转股价下修3次，成功下修2次,2024-01-24 开始转股,计算使用2.9年期 评级为AA+ 债参考YTM：1.6925,N,89.603,全价：122.899 最后更新：15:34:48,,,,0,{'M': ''},0,0,N,,,buy,buy
2026-08-27 18:22:10,123133,佩蒂转债,pdzz,130.209,1.09,300673,佩蒂股份,pdgf,12.81,3.72,1.75,15.0,85.4,0,52.47,182.68,110404,农林牧渔,szcy,C,2022-01-21,[],0,0,buy,AA-,,10.5,19.5,35.0,buy,2027-12-22,1.321,7.198,3919.47,5935.76,4.18,-7.89,,0,15:34:33,00,Y,N,2,2,Y,转股价下修2次，成功下修2次,2022-06-28 开始转股,计算使用1.4年期 评级为AA- 债参考YTM：1.9129,N,7.2,全价：130.209 最后更新：15:34:33,,,,1,[],0,0,N,,,buy,buy
2026-08-27 18:22:10,113680,丽岛转债,ldzz,138.379,-0.85,603937,丽岛新材,ldxc,11.69,-1.52,1.55,12.91,90.55,0,52.82,191.2,240301,有色金属,shmb,C,2023-12-05,[],0,0,buy,A+,,9.037,16.783,12.3,buy,2029-11-15,3.222,2.998,2356.64,6474.08,5.67,-4.35,,0,14:59:29,00,Y,N,0,0,Y,,2024-05-21 开始转股,计算使用3.3年期 评级为A+ 债参考YTM：4.6190,N,3.0,全价：138.379 最后更新：14:59:29,,,,0,[],0,0,N,,,buy,buy
2026-08-27 18:22:10,118060,瑞可转债,rkzz,199.342,4.59,688800,瑞可达,rkd,68.45,12.16,7.83,52.53,130.31,0,52.98,252.32,270401,电子,shkc,C,2025-12-12,[],0,0,buy,AA-,,36.771,68.289,5.1,buy,2031-11-14,5.219,9.999,67490.17,135840.66,34.13,-10.01,,0,15:00:00,00,Y,N,0,0,Y,,2026-05-20 开始转股,计算使用5.3年期 评级为AA- 债参考YTM：2.5423,N,10.0,全价：199.342 最后更新：15:00:00,,,,0,"{'G': '本次（2026年5月20日至2026年6月9日）不提前赎回，以2026年12月10日为首个交易日重新计算', 'M': ''}",0,0,N,,,buy,buy
2026-08-27 18:22:10,118059,颀中转债,qzzz,206.888,4.72,688352,颀中科技,qzkj,18.46,8.27,3.8,13.7,134.75,0,53.54,260.43,270107,电子,shkc,C,2025-11-21,[],0,0,buy,AA+,,9.59,17.81,12.6,buy,2031-11-03,5.189,8.498,80536.68,50759.15,46.75,-11.22,,0,14:59:59,00,Y,N,0,0,Y,,2026-05-07 开始转股,计算使用5.2年期 评级为AA+ 债参考YTM：1.8248,N,8.5,全价：206.888 最后更新：14:59:59,,,,0,"{'G': '本次（2026年5月26日至2026年6月17日）不提前赎回，以2026年12月18日为首个交易日重新计算', 'M': ''}",0,0,N,,,buy,buy
2026-08-27 18:22:10,118012,微芯转债,wxzz,158.795,0.57,688321,微芯生物,wxsw,26.19,1.71,4.55,25.34,103.35,0,53.64,212.44,370102,医药生物,shkc,C,2022-07-28,[],0,0,buy,A+,,17.738,32.942,4.7,buy,2028-07-05,1.858,4.995,10493.55,27492.14,13.27,-15.14,,0,14:59:55,00,Y,N,0,0,Y,,2023-01-11 开始转股,计算使用1.9年期 评级为A+ 债参考YTM：4.3110,N,5.0,全价：158.795 最后更新：14:59:55,,,,1,{'M': ''},0,0,N,,,buy,buy
2026-08-27 18:22:10,110093,神马转债,smzz,125.459,0.07,600810,神马股份,smgf,6.57,1.86,0.77,8.08,81.31,0,54.29,179.75,220406,基础化工,shmb,C,2023-04-20,[],0,0,buy,AAA,,5.656,10.504,31.3,buy,2029-03-16,2.553,22.199,3680.58,6910.37,1.32,-5.1,,0,14:59:48,00,Y,N,0,0,Y,,2023-09-22 开始转股,计算使用2.6年期 评级为AAA 债参考YTM：1.6063,N,30.0,全价：125.459 最后更新：14:59:48,,,,0,{'M': ''},0,0,N,,,buy,buy
2026-08-27 18:22:10,110103,申能转债,snzz,149.0,0.18,600642,申能股份,sngf,8.42,-0.12,0.97,8.74,96.34,157,54.66,203.66,410101,公用事业,shmb,C,2026-08-13,[],0,0,buy,AAA,,6.118,11.362,4.9,buy,2032-07-23,5.91,20.0,10123.41,19534.39,3.4,-5.04,,0,15:00:00,00,Y,N,0,0,Y,,未到转股期；2027-02-01 开始转股,计算使用6.0年期 评级为AAA 债参考YTM：1.7831,N,20.0,全价：149.000 最后更新：15:00:00,,,,0,{'M': ''},0,0,N,,,buy,buy
2026-08-27 18:22:10,123255,鼎龙转债,dlzz,409.02,6.65,300054,鼎龙股份,dlgf,75.0,3.89,12.7,28.38,264.27,0,54.77,463.79,270601,电子,szcy,C,2025-04-23,[],0,0,buy,AA,,19.866,36.894,1.6,buy,2031-04-02,4.6,9.095,106087.99,207080.24,29.18,-24.45,,0,15:34:00,00,Y,N,0,0,Y,,2025-10-09 开始转股,计算使用4.6年期 评级为AA 债参考YTM：1.8435,N,9.1,全价：409.020 最后更新：15:34:00,,,,0,"{'G': '本次（2026年4月8日至2026年4月28日）不提前赎回，自2026年10月28日后首个交易日重新计算', 'M': ''}",0,0,N,,,buy,buy
2026-08-27 18:22:10,113665,汇通转债,htzz,130.032,0.33,603176,汇通集团,htjt,5.26,-0.94,2.25,6.28,83.76,0,55.25,185.28,620306,建筑装饰,shmb,C,2023-01-11,[],0,0,buy,A+,,4.396,8.164,14.8,buy,2028-12-15,2.304,3.596,3729.63,5305.66,7.99,-4.03,,0,14:59:43,00,Y,N,1,1,Y,转股价下修1次，成功下修1次,2023-06-21 开始转股,计算使用2.4年期 评级为A+ 债参考YTM：4.4060,N,3.6,全价：130.032 最后更新：14:59:43,,,,0,[],0,0,N,,,buy,buy
2026-08-27 18:22:10,123281,中仑转债,zlzz,156.44,1.45,301565,中仑新材,zlxc,20.41,1.49,3.32,20.28,100.64,168,55.44,211.88,220505,基础化工,szcy,C,2026-08-24,[],0,0,buy,AA-,,14.196,26.364,40.9,buy,2032-08-05,5.945,10.68,23589.37,10434.9,14.17,-5.28,,0,15:34:33,00,Y,N,0,0,Y,,未到转股期；2027-02-12 开始转股,计算使用6.0年期 评级为AA- 债参考YTM：3.1431,N,10.68,全价：156.440 最后更新：15:34:33,,,,0,{'M': ''},0,0,N,,,buy,buy
2026-08-27 18:22:10,113678,中贝转债,zbzz,143.99,1.12,603220,中贝通信,zbtx,18.91,1.67,2.61,20.47,92.38,0,55.87,199.86,730103,通信,shmb,C,2023-11-21,[],0,0,buy,A+,,14.329,26.611,5.0,buy,2029-10-19,3.148,5.106,7699.63,35106.25,10.52,-5.64,,0,14:59:56,00,Y,N,2,1,Y,转股价下修2次，成功下修1次,2024-04-25 开始转股,计算使用3.2年期 评级为A+ 债参考YTM：4.6061,N,5.17,全价：143.990 最后更新：14:59:56,,,,0,{'M': ''},0,0,N,,,buy,buy
2026-08-27 18:22:10,118031,天23转债,t23zz,123.155,-0.21,688599,天合光能,thgn,12.54,-1.72,1.42,16.0,78.38,0,57.14,180.3,630502,电力设备,shkc,C,2023-03-15,[],0,0,buy,AA,,11.2,20.8,19.9,buy,2029-02-13,2.469,58.512,6061.39,33811.65,0.84,-1.64,,0,14:59:58,00,Y,N,2,2,Y,转股价下修2次，成功下修2次,2023-08-17 开始转股,计算使用2.5年期 评级为AA 债参考YTM：1.7049,N,88.648,全价：123.155 最后更新：14:59:58,,,,0,{'M': ''},0,0,N,,,buy,buy
2026-08-27 18:22:10,123155,中陆转债,zlzz,134.88,-0.13,301040,中环海陆,zhhl,27.19,0.3,3.6,31.76,85.61,0,57.55,192.43,630602,电力设备,szcy,C,2022-08-31,[],0,0,buy,A+,,22.232,41.288,14.0,buy,2028-08-12,1.962,3.6,2618.19,3703.51,5.39,-6.87,,0,15:34:45,00,Y,N,0,0,Y,,2023-02-20 开始转股,计算使用2.0年期 评级为A+ 债参考YTM：4.3243,N,3.6,全价：134.880 最后更新：15:34:45,,,,1,{'M': ''},0,0,N,,,buy,buy
2026-08-27 18:22:10,123142,申昊转债,shzz,125.799,0.64,300853,申昊科技,shkj,26.86,0.67,6.48,33.71,79.68,0,57.88,183.68,630803,电力设备,szcy,C,2022-04-11,[],0,0,buy,BBB+,,23.597,43.823,18.6,buy,2028-03-18,1.559,5.494,1800.52,9629.68,2.62,-7.07,,0,15:34:24,00,Y,N,0,0,Y,,2022-09-26 开始转股,计算使用1.6年期 评级为BBB+ 债参考YTM：12.0837,N,5.5,全价：125.799 最后更新：15:34:24,,,,1,[],0,0,N,,,buy,buy
2026-08-27 18:22:10,127114,宜化转债,yhzz,140.994,0.72,000422,湖北宜化,hbyh,12.57,1.13,1.77,14.08,89.28,129,57.93,198.92,220801,基础化工,szmb,C,2026-07-14,[],0,0,buy,AA+,,9.856,18.304,24.6,buy,2032-06-25,5.833,33.0,8467.43,28951.84,1.82,-3.66,,0,15:34:00,00,Y,Y,0,0,Y,,未到转股期；2027-01-04 开始转股,计算使用5.9年期 评级为AA+ 债参考YTM：1.9024,N,33.0,全价：140.994 最后更新：15:34:00,,,,0,{'M': ''},0,0,N,,,buy,buy
2026-08-27 18:22:10,127093,章鼓转债,zgzz,130.695,-0.19,002598,ST章鼓,sdzg,6.86,-0.44,1.6,8.3,82.65,0,58.13,188.83,640106,机械设备,szmb,C,2023-11-03,[],0,0,buy,A,,5.81,10.79,12.3,buy,2029-10-17,3.143,2.425,793.97,1287.98,2.5,-3.25,,0,15:34:51,00,Y,N,1,1,Y,转股价下修1次，成功下修1次,2024-04-23 开始转股,计算使用3.2年期 评级为A 债参考YTM：6.9561,N,2.43,全价：130.695 最后更新：15:34:51,,,,0,[],0,0,N,,,buy,buy
2026-08-27 18:22:10,118061,茂莱转债,mlzz,197.422,4.77,688502,茂莱光学,mlgx,453.84,6.91,19.05,364.15,124.63,0,58.41,255.83,270303,电子,shkc,C,2025-12-10,[],0,0,buy,A+,,254.905,473.395,2.3,buy,2031-11-21,5.238,5.622,62264.02,79204.71,56.94,-9.51,,0,15:00:00,00,Y,N,0,0,Y,,2026-05-27 开始转股,计算使用5.3年期 评级为A+ 债参考YTM：4.8909,N,5.625,全价：197.422 最后更新：15:00:00,,,,0,"{'G': '本次（2026年5月28日至2026年7月3日）不提前赎回，以2026年10月4日首个交易日重新计算', 'M': ''}",0,0,N,,,buy,buy
2026-08-27 18:22:10,127054,双箭转债,sjzz,126.429,-0.56,002381,双箭股份,sjgf,5.55,-1.77,1.07,6.96,79.74,0,58.55,184.98,220602,基础化工,szmb,C,2022-03-15,[],0,0,buy,AA,,4.872,9.048,28.7,buy,2028-02-11,1.46,5.136,2834.83,2267.43,4.36,-7.04,,0,15:34:39,00,Y,N,0,0,Y,,2022-08-17 开始转股,计算使用1.5年期 评级为AA 债参考YTM：1.6364,N,5.136,全价：126.429 最后更新：15:34:39,,,,1,[],0,0,N,,,buy,buy
2026-08-27 18:22:10,127113,长高转债,cgzz,164.76,0.83,002452,长高电气,cgdq,11.34,-0.87,2.51,10.92,103.85,17,58.66,223.42,630801,电力设备,szmb,C,2026-03-30,[],0,0,buy,AA-,,7.644,14.196,12.9,buy,2032-03-08,5.534,7.586,3031.19,16390.87,2.44,-6.56,,0,15:34:39,00,Y,N,0,0,Y,,未到转股期；2026-09-14 开始转股,计算使用5.6年期 评级为AA- 债参考YTM：2.8337,N,7.59,全价：164.760 最后更新：15:34:39,,,,0,{'M': ''},0,0,N,,,buy,buy
2026-08-27 18:22:10,113699,金25转债,j25zz,203.218,0.24,603979,金诚信,jcx,80.35,-0.45,4.04,62.8,127.95,0,58.83,262.05,240302,有色金属,shmb,C,2025-10-27,[],0,0,buy,AA,,43.96,81.64,4.0,buy,2031-09-26,5.085,19.998,21979.98,95247.52,5.4,-10.63,,0,14:59:57,00,Y,N,0,0,Y,,2026-04-10 开始转股,计算使用5.1年期 评级为AA 债参考YTM：1.8700,N,20.0,全价：203.218 最后更新：14:59:57,,,,0,{'M': ''},0,0,N,,,buy,buy
2026-08-27 18:22:10,127112,尚太转债,stzz,161.7,0.09,001301,尚太科技,stkj,60.55,-3.69,3.06,60.02,100.88,0,60.28,221.98,630702,电力设备,szmb,C,2026-02-05,[],0,0,buy,AA+,,42.014,78.026,11.0,buy,2032-01-16,5.392,17.339,10150.84,38414.03,3.62,-6.76,,0,15:34:36,00,Y,N,0,0,Y,,2026-07-22 开始转股,计算使用5.4年期 评级为AA+ 债参考YTM：1.8444,N,17.34,全价：161.700 最后更新：15:34:36,,,,0,{'M': ''},0,0,N,,,buy,buy
2026-08-27 18:22:10,127108,太能转债,tnzz,125.226,-0.09,000591,太阳能,tyn,4.32,0.0,0.7,5.54,77.98,0,60.59,185.82,410106,公用事业,szmb,C,2025-04-16,[],0,0,buy,AA+,,3.878,7.202,17.5,buy,2031-03-28,4.586,29.498,4685.76,13806.99,1.27,-1.52,,0,15:34:09,00,Y,N,0,0,Y,,2025-10-09 开始转股,计算使用4.6年期 评级为AA+ 债参考YTM：1.7916,N,29.5,全价：125.226 最后更新：15:34:09,,,,0,{'M': ''},0,0,N,,,buy,buy
2026-08-27 18:22:10,127059,永东转2,ydz2,131.603,-0.09,002753,永东股份,ydgf,6.64,-0.15,1.06,8.11,81.87,0,60.74,192.34,220603,基础化工,szmb,C,2022-05-16,[],0,0,buy,AA-,,5.677,10.543,19.3,buy,2028-04-08,1.616,3.79,2798.58,4612.51,5.6,-7.1,,0,15:34:12,00,Y,N,0,0,Y,,2022-10-14 开始转股,计算使用1.7年期 评级为AA- 债参考YTM：1.9480,N,3.8,全价：131.603 最后更新：15:34:12,,,,1,[],0,0,N,,,buy,buy
2026-08-27 18:22:10,113688,国检转债,gjzz,137.354,-0.38,603060,国检集团,gjjt,5.5,-0.36,2.17,6.45,85.27,0,61.08,198.43,460802,社会服务,shmb,C,2024-11-12,[],0,0,buy,AA+,,4.515,8.385,18.1,buy,2030-10-17,4.143,7.997,1712.08,2022.25,1.56,-4.0,,0,14:58:52,00,Y,N,0,0,Y,,2025-04-23 开始转股,计算使用4.2年期 评级为AA+ 债参考YTM：1.7716,N,8.0,全价：137.354 最后更新：14:58:52,,,,0,[],0,0,N,,,buy,buy
2026-08-27 18:22:10,127111,金威转债,jwzz,142.371,1.45,002626,金达威,jdw,16.91,0.24,2.45,19.19,88.12,0,61.57,203.94,340407,食品饮料,szmb,C,2025-09-08,[],0,0,buy,AA,,13.433,24.947,12.5,buy,2031-08-20,4.984,12.924,5439.7,11252.97,2.97,-4.51,,0,15:34:33,00,Y,N,0,0,Y,,2026-02-26 开始转股,计算使用5.0年期 评级为AA 债参考YTM：1.8609,N,12.924,全价：142.371 最后更新：15:34:33,,,,0,{'M': ''},0,0,N,,,buy,buy
2026-08-27 18:22:10,123280,三鑫转债,sxzz,162.05,0.34,300453,三鑫医疗,sxyl,9.71,1.68,3.4,9.72,99.9,166,62.22,224.27,370503,医药生物,szcy,C,2026-08-19,[],0,0,buy,AA-,,7.776,12.636,15.1,buy,2032-08-03,5.94,5.3,22540.38,8138.63,26.24,-5.85,,0,15:34:12,00,Y,N,0,0,Y,,未到转股期；2027-02-10 开始转股,计算使用6.0年期 评级为AA- 债参考YTM：3.1431,N,5.3,全价：162.050 最后更新：15:34:12,,,,0,[],0,0,N,,,buy,buy
2026-08-27 18:22:10,113652,伟22转债,w22zz,128.587,0.23,603568,伟明环保,wmhb,15.04,0.07,2.1,19.02,79.08,0,62.61,191.2,760103,环保,shmb,C,2022-08-12,[],0,0,buy,AA,,13.314,24.726,4.8,buy,2028-07-22,1.904,14.766,2332.85,10028.76,1.23,-7.15,,0,14:56:49,00,Y,N,2,2,Y,转股价下修2次，成功下修2次,2023-01-30 开始转股,计算使用2.0年期 评级为AA 债参考YTM：1.6743,N,14.77,全价：128.587 最后更新：14:56:49,,,,1,{'M': ''},0,0,N,,,buy,buy
2026-08-27 18:22:10,127104,姚记转债,yjzz,144.19,-0.17,002605,姚记科技,yjkj,17.36,-1.2,1.83,19.58,88.66,0,62.63,206.82,720401,传媒,szmb,C,2024-02-26,[],0,0,buy,A+,,13.706,25.454,9.9,buy,2030-01-24,3.414,5.822,1169.26,9986.55,1.39,-5.3,,0,15:34:33,00,Y,N,0,0,Y,,2024-07-31 开始转股,计算使用3.5年期 评级为A+ 债参考YTM：4.6364,N,5.831,全价：144.190 最后更新：15:34:33,,,,0,[],0,0,N,,,buy,buy
2026-08-27 18:22:10,123071,天能转债,tnzz,114.716,0.0,300569,天能重工,tnzg,4.71,-0.21,0.9,6.68,70.51,0,62.7,177.42,630602,电力设备,szcy,C,2020-11-25,[],0,0,buy,AA-,,4.676,8.684,14.4,buy,2026-10-21,0.151,6.937,4232.84,3357.61,5.32,1.67,,0,15:34:21,00,Y,N,2,2,Y,转股价下修2次，成功下修2次,2021-04-27 开始转股,计算使用0.2年期 评级为AA- 债参考YTM：1.6999,N,7.0,全价：114.716 最后更新：15:34:21,,,,1,{'M': ''},0,0,N,,,buy,buy
2026-08-27 18:22:10,123237,佳禾转债,jhzz,137.09,0.09,300793,佳禾智能,jhzn,11.33,1.07,1.53,13.46,84.18,0,62.86,199.95,270504,电子,szcy,C,2024-01-24,[],0,0,buy,A+,,9.422,17.498,10.2,buy,2030-01-04,3.359,4.314,1455.18,5260.87,2.46,-4.62,,0,15:34:51,00,Y,N,1,1,Y,转股价下修1次，成功下修1次,2024-07-10 开始转股,计算使用3.4年期 评级为A+ 债参考YTM：4.6288,N,10.04,全价：137.090 最后更新：15:34:51,,,,0,[],0,0,N,,,buy,buy
2026-08-27 18:22:10,123195,蓝晓转02,lxz02,175.299,0.0,300487,蓝晓科技,lxkj,63.5,1.8,6.84,59.21,107.25,0,63.46,238.76,220504,基础化工,szcy,C,2023-05-08,[],0,0,buy,A+,,41.447,76.973,2.8,buy,2029-04-17,2.641,5.455,9044.48,23224.62,9.39,-13.79,,0,15:33:54,00,Y,N,0,0,Y,,2023-10-23 开始转股,计算使用2.7年期 评级为A+ 债参考YTM：4.4877,N,5.461,全价：175.299 最后更新：15:33:54,,,,0,{'M': ''},0,0,N,,,buy,buy
2026-08-27 18:22:10,123278,合金转债,hjzz,184.496,0.52,300697,电工合金,dghj,15.67,-2.25,5.22,13.98,112.09,161,64.6,249.1,240302,有色金属,szcy,C,2026-08-18,[],0,0,buy,AA-,,9.786,18.174,10.5,buy,2032-07-29,5.926,5.45,70346.11,41175.61,69.58,-7.92,,0,15:34:27,00,Y,N,0,0,Y,,未到转股期；2027-02-05 开始转股,计算使用6.0年期 评级为AA- 债参考YTM：3.1431,N,5.45,全价：184.496 最后更新：15:34:27,,,,0,[],0,0,N,,,buy,buy
2026-08-27 18:22:10,123122,富瀚转债,fhzz,127.94,1.16,300613,富瀚微,fhw,70.68,7.16,5.47,91.5,77.25,0,65.63,193.57,270104,电子,szcy,C,2021-08-24,[],0,0,buy,A+,,64.05,118.95,3.7,buy,2027-08-06,0.943,5.801,10613.81,100207.78,14.31,-10.76,,0,15:34:30,00,Y,N,0,0,Y,,2022-02-14 开始转股,计算使用1.0年期 评级为A+ 债参考YTM：4.1895,N,5.812,全价：127.940 最后更新：15:34:30,,,,1,{'M': ''},0,0,N,,,buy,buy
2026-08-27 18:22:10,127072,博实转债,bszz,137.44,1.27,002698,博实股份,bsgf,12.26,0.57,2.95,14.81,82.78,0,66.03,203.47,640701,机械设备,szmb,C,2022-11-03,[],0,0,buy,AA,,10.367,19.253,4.3,buy,2028-09-22,2.074,4.498,3553.13,7423.32,5.77,-8.28,,0,15:33:54,00,Y,N,0,0,Y,,2023-03-28 开始转股,计算使用2.1年期 评级为AA 债参考YTM：1.6822,N,4.5,全价：137.440 最后更新：15:33:54,,,,0,{'M': ''},0,0,N,,,buy,buy
2026-08-27 18:22:10,110090,爱迪转债,adzz,134.443,-0.43,600933,爱柯迪,akd,13.88,-0.36,1.44,17.15,80.93,0,66.12,200.56,280203,汽车,shmb,C,2022-10-28,[],0,0,buy,AA,,12.005,22.295,11.5,buy,2028-09-23,2.077,15.695,3905.66,8277.22,1.85,-8.24,,0,14:59:04,00,Y,N,0,0,Y,,2023-03-29 开始转股,计算使用2.1年期 评级为AA 债参考YTM：1.6822,N,15.7,全价：134.443 最后更新：14:59:04,,,,0,{'M': ''},0,0,N,,,buy,buy
2026-08-27 18:22:10,123224,宇邦转债,ybzz,137.169,0.12,301266,宇邦新材,ybxc,23.26,0.39,1.78,28.17,82.57,0,66.12,203.29,630504,电力设备,szcy,C,2023-10-18,[],0,0,buy,A+,,19.719,36.621,9.0,buy,2029-09-19,3.066,2.848,1995.49,5761.11,5.1,-4.44,,0,15:34:06,00,Y,N,1,1,Y,转股价下修1次，成功下修1次,2024-03-25 开始转股,计算使用3.1年期 评级为A+ 债参考YTM：4.5892,N,5.0,全价：137.169 最后更新：15:34:06,,,,0,{'M': ''},0,0,N,,,buy,buy
2026-08-27 18:22:10,111021,奥锐转债,arzz,139.614,0.31,605116,奥锐特,art,20.53,1.94,3.07,24.6,83.46,0,67.29,206.9,370101,医药生物,shmb,C,2024-08-15,[],0,0,buy,AA-,,17.22,31.98,9.7,buy,2030-07-26,3.915,8.121,3169.28,7630.66,2.8,-4.0,,0,14:59:26,00,Y,N,0,0,Y,,2025-02-05 开始转股,计算使用4.0年期 评级为AA- 债参考YTM：2.3099,N,8.121,全价：139.614 最后更新：14:59:26,,,,0,[],0,0,N,,,buy,buy
2026-08-27 18:22:10,110095,双良转债,slzz,118.469,0.03,600481,双良节能,sljn,4.34,-0.23,2.02,6.18,70.23,0,68.7,187.17,630501,电力设备,shmb,C,2023-09-08,[],0,0,buy,AA-,,4.326,8.034,15.6,buy,2029-08-08,2.951,14.006,2822.86,17227.45,1.7,-1.52,,0,14:59:48,00,Y,N,2,2,Y,转股价下修2次，成功下修2次,2024-02-19 开始转股,计算使用3.0年期 评级为AA- 债参考YTM：2.2176,N,26.0,全价：118.469 最后更新：14:59:48,,,,0,{'M': ''},0,0,N,,,buy,buy
2026-08-27 18:22:10,110100,龙建转债,ljzz,122.834,-0.1,600853,龙建股份,ljgf,3.34,-0.89,0.8,4.59,72.77,0,68.8,191.63,620306,建筑装饰,shmb,C,2026-02-12,[],0,0,buy,AA,,3.213,5.967,29.5,buy,2032-01-22,5.408,10.0,5029.55,2968.13,4.09,-1.47,,0,14:58:47,00,Y,N,0,0,Y,,2026-07-28 开始转股,计算使用5.5年期 评级为AA 债参考YTM：1.9638,N,10.0,全价：122.834 最后更新：14:58:47,,,,0,{'EX': '黑龙江省建设投资集团有限公司大宗减持12.90% 2026年08月25日公告'},0,0,N,,,buy,buy
2026-08-27 18:22:10,123214,东宝转债,dbzz,132.06,0.12,300239,东宝生物,dbsw,5.17,0.0,1.75,6.62,78.1,0,69.1,201.16,370304,医药生物,szcy,C,2023-08-18,[],0,0,buy,A+,,4.634,8.606,14.9,buy,2029-07-31,2.929,4.549,1121.73,3390.73,1.87,-4.25,,0,15:34:45,00,Y,N,0,0,Y,,2024-02-05 开始转股,计算使用3.0年期 评级为A+ 债参考YTM：4.5676,N,4.55,全价：132.060 最后更新：15:34:45,,,,0,[],0,0,N,,,buy,buy
2026-08-27 18:22:10,111020,合顺转债,hszz,134.653,-0.26,605166,聚合顺,jhs,8.38,-0.12,1.31,10.53,79.58,0,69.2,203.85,220406,基础化工,shmb,C,2024-08-15,[],0,0,buy,AA-,,7.371,13.689,12.8,buy,2030-07-22,3.904,3.38,1814.72,2513.16,3.98,-3.1,,0,14:59:10,00,Y,N,0,0,Y,,2025-01-27 开始转股,计算使用4.0年期 评级为AA- 债参考YTM：2.3099,N,3.38,全价：134.653 最后更新：14:59:10,,,,0,[],0,0,N,,,buy,buy
2026-08-27 18:22:10,123216,科顺转债,kszz,124.789,-0.03,300737,科顺股份,ksgf,4.87,-0.2,1.36,6.61,73.68,0,69.37,194.16,610304,建筑材料,szcy,C,2023-08-23,[],0,0,buy,AA-,,4.627,8.593,50.8,buy,2029-08-04,2.94,21.959,2017.05,13713.12,0.74,-1.83,,0,15:34:00,00,Y,N,2,1,Y,转股价下修2次，成功下修1次,2024-02-19 开始转股,计算使用3.0年期 评级为AA- 债参考YTM：2.2176,N,21.98,全价：124.789 最后更新：15:34:00,,,,0,{'M': ''},0,0,N,,,buy,buy
2026-08-27 18:22:10,127049,希望转2,xwz2,113.118,0.2,000876,新希望,xxw,7.07,0.86,1.46,10.59,66.76,0,69.44,182.56,110402,农林牧渔,szmb,C,2021-11-29,[],0,0,buy,AAA,,7.413,13.767,25.6,buy,2027-11-02,1.184,81.434,8771.0,19539.32,0.95,-3.43,,0,15:34:21,00,Y,N,1,1,N,"转股价下修1次，成功下修1次
2026-08-26 至 2026-09-01 期间暂停转股：回售
转股价10.590生效日期2025-07-25",2022-05-09 开始转股;2026-08-26 至 2026-09-01 期间暂停转股：回售,计算使用1.2年期 评级为AAA 债参考YTM：1.5240,N,81.5,全价：113.118 最后更新：15:34:21,,,,1,{'M': ''},0,0,Y,,,buy,buy
2026-08-27 18:22:10,113692,保隆转债,blzz,132.367,0.13,603197,保隆科技,blkj,30.43,0.26,1.93,39.16,77.71,0,70.34,202.71,280205,汽车,shmb,C,2024-11-27,[],0,0,buy,AA,,27.412,50.908,21.6,buy,2030-10-31,4.181,13.897,3610.66,16161.42,1.96,-3.68,,0,14:59:52,00,Y,N,0,0,Y,,2025-05-06 开始转股,计算使用4.2年期 评级为AA 债参考YTM：1.8241,N,13.9,全价：132.367 最后更新：14:59:52,,,,0,{'M': ''},0,0,N,,,buy,buy
2026-08-27 18:22:10,113674,华设转债,hszz,129.429,-0.26,603018,华设集团,hsjt,5.28,-1.68,0.79,6.95,75.97,0,70.37,199.8,620601,建筑装饰,shmb,C,2023-08-15,[],0,0,buy,AA,,4.865,9.035,9.2,buy,2029-07-21,2.901,3.999,2337.92,3024.67,4.51,-3.96,,0,14:59:01,00,Y,N,0,0,Y,,2024-01-29 开始转股,计算使用3.0年期 评级为AA 债参考YTM：1.7276,N,4.0,全价：129.429 最后更新：14:59:01,,,,0,{'M': ''},0,0,N,,,buy,buy
2026-08-27 18:22:10,110086,精工转债,jgzz,124.9,0.09,600496,精工钢构,jggg,3.35,-0.3,0.72,4.57,73.3,0,70.39,195.29,620401,建筑装饰,shmb,C,2022-05-23,[],0,0,buy,AA,,3.199,5.941,30.0,buy,2028-04-22,1.655,19.999,2600.76,9897.71,1.04,-5.53,,0,14:59:54,00,Y,N,0,0,Y,,2022-10-28 开始转股,计算使用1.7年期 评级为AA 债参考YTM：1.6511,N,20.0,全价：124.900 最后更新：14:59:54,,,,1,{'M': ''},0,0,N,,,buy,buy
2026-08-27 18:22:10,113698,凯众转债,kzzz,138.949,-0.12,603037,凯众股份,kzgf,10.23,-1.25,2.74,12.55,81.51,0,70.46,209.41,280203,汽车,shmb,C,2025-09-10,[],0,0,buy,AA-,,8.785,16.315,11.3,buy,2031-08-15,4.97,3.079,2293.04,3696.3,5.36,-4.04,,0,14:59:44,00,Y,N,0,0,Y,,2026-02-24 开始转股,计算使用5.0年期 评级为AA- 债参考YTM：2.3909,N,3.08,全价：138.949 最后更新：14:59:44,,,,0,[],0,0,N,,,buy,buy
2026-08-27 18:22:10,118020,芳源转债,fyzz,119.594,0.08,688148,芳源股份,fygf,6.31,-0.16,6.04,9.0,70.11,0,70.58,190.17,630702,电力设备,shkc,C,2022-11-07,[],0,0,buy,BBB,,6.3,11.7,19.9,buy,2028-09-23,2.077,6.417,1951.27,8353.56,2.55,2.64,,0,14:59:48,00,Y,N,2,2,Y,转股价下修2次，成功下修2次,2023-03-29 开始转股,计算使用2.1年期 评级为BBB 债参考YTM：15.2973,N,6.42,全价：119.594 最后更新：14:59:48,,,,0,{'M': ''},0,0,N,,,buy,buy
2026-08-27 18:22:10,111026,派克转债,pkzz,160.353,1.84,605123,派克新材,pkxc,76.68,-0.03,1.99,81.8,93.74,168,71.06,231.41,650201,国防军工,shmb,C,2026-08-25,[],0,0,buy,AA,,57.26,106.34,17.0,buy,2032-08-05,5.945,15.8,42157.69,8353.47,16.78,-5.7,,0,15:00:00,00,Y,N,0,0,Y,,未到转股期；2027-02-12 开始转股,计算使用6.0年期 评级为AA 债参考YTM：2.1131,N,15.8,全价：160.353 最后更新：15:00:00,,,,0,{'M': ''},0,0,N,,,buy,buy
2026-08-27 18:22:10,113706,金帝转债,jdzz,156.936,2.33,603270,金帝股份,jdgf,28.05,1.56,2.68,30.62,91.61,116,71.31,228.25,640108,机械设备,shmb,C,2026-07-10,[],0,0,buy,AA,,21.434,39.806,48.9,buy,2032-06-14,5.803,9.7,5848.75,9351.95,3.87,-4.75,,0,14:59:56,00,Y,N,0,0,Y,,未到转股期；2026-12-22 开始转股,计算使用5.9年期 评级为AA 债参考YTM：2.0874,N,9.7,全价：156.936 最后更新：14:59:56,,,,0,{'M': ''},0,0,N,,,buy,buy
2026-08-27 18:22:10,123252,银邦转债,ybzz,137.112,0.6,300337,银邦股份,ybgf,9.97,1.01,4.57,12.5,79.76,0,71.91,209.02,240301,有色金属,szcy,C,2025-01-24,[],0,0,buy,AA-,,8.75,16.25,11.1,buy,2031-01-06,4.364,7.846,3115.67,14171.5,2.9,-3.51,,0,15:33:57,00,Y,N,0,0,Y,,2025-07-14 开始转股,计算使用4.4年期 评级为AA- 债参考YTM：2.3440,N,7.85,全价：137.112 最后更新：15:33:57,,,,0,{'M': ''},0,0,N,,,buy,buy
2026-08-27 18:22:10,113694,清源转债,qyzz,128.621,0.13,603628,清源股份,qygf,9.61,-1.94,1.97,12.85,74.79,0,71.99,200.61,630504,电力设备,shmb,C,2025-04-25,[],0,0,buy,A+,,8.995,16.705,19.1,buy,2031-04-08,4.616,4.999,1656.37,2804.95,2.58,-1.75,,0,14:56:53,00,Y,N,0,0,Y,,2025-10-14 开始转股,计算使用4.7年期 评级为A+ 债参考YTM：4.7216,N,5.0,全价：128.621 最后更新：14:56:53,,,,0,{'M': ''},0,0,N,,,buy,buy
2026-08-27 18:22:10,123253,永贵转债,ygzz,134.83,0.14,300351,永贵电器,ygdq,14.26,1.49,2.24,18.19,78.4,0,71.99,206.82,640501,机械设备,szcy,C,2025-03-28,[],0,0,buy,AA-,,12.733,23.647,26.1,buy,2031-03-13,4.545,9.797,3597.4,10138.42,2.72,-3.01,,0,15:34:00,00,Y,N,0,0,Y,,2025-09-19 开始转股,计算使用4.6年期 评级为AA- 债参考YTM：2.3596,N,9.8,全价：134.830 最后更新：15:34:00,,,,0,{'M': ''},0,0,N,,,buy,buy
2026-08-27 18:22:10,123220,易瑞转债,yrzz,133.01,0.07,300942,易瑞生物,yrsw,6.83,1.19,3.1,8.85,77.18,0,72.35,205.36,370504,医药生物,szcy,C,2023-09-06,[],0,0,buy,A+,,6.195,11.505,10.5,buy,2029-08-18,2.978,2.907,3171.34,8113.61,8.17,-3.91,,0,15:34:03,00,Y,N,1,1,Y,转股价下修1次，成功下修1次,2024-02-26 开始转股,计算使用3.0年期 评级为A+ 债参考YTM：4.5676,N,3.28,全价：133.010 最后更新：15:34:03,,,,0,{'M': ''},0,0,N,,,buy,buy
2026-08-27 18:22:10,123223,九典转02,jdz02,135.914,0.23,300705,九典制药,jdzy,11.46,0.53,2.21,14.55,78.76,0,72.56,208.47,370102,医药生物,szcy,C,2023-10-13,[],0,0,buy,A+,,10.185,18.915,4.8,buy,2029-09-15,3.055,2.052,1771.11,10889.15,6.34,-4.63,,0,15:34:51,00,Y,N,0,0,Y,,2024-03-21 开始转股,计算使用3.1年期 评级为A+ 债参考YTM：4.5892,N,3.6,全价：135.914 最后更新：15:34:51,,,,0,[],0,0,N,,,buy,buy
2026-08-27 18:22:10,127102,浙建转债,zjzz,122.2,-0.28,002761,浙江建投,zjjt,7.2,-0.96,0.91,10.17,70.8,0,72.61,194.81,620101,建筑装饰,szmb,C,2024-01-16,[],0,0,buy,AA+,,7.119,13.221,12.8,buy,2029-12-25,3.332,9.951,1715.23,5446.27,1.41,-2.66,,0,15:34:30,00,Y,N,0,0,Y,,2024-07-01 开始转股,计算使用3.4年期 评级为AA+ 债参考YTM：1.7212,N,10.0,全价：122.200 最后更新：15:34:30,,,,0,{'M': ''},0,0,N,,,buy,buy
2026-08-27 18:22:10,113705,豪26转债,h26zz,144.582,1.24,603809,豪能股份,hngf,8.98,-0.22,2.12,10.74,83.61,116,72.92,217.5,280203,汽车,shmb,C,2026-07-10,[],0,0,buy,AA-,,6.444,13.962,21.8,buy,2032-06-14,5.803,18.0,3368.78,4643.27,1.31,-4.1,,0,15:00:00,00,Y,N,0,0,Y,,未到转股期；2026-12-22 开始转股,计算使用5.9年期 评级为AA- 债参考YTM：3.0933,N,18.0,全价：144.582 最后更新：15:00:00,,,,0,{'M': ''},0,0,N,,,buy,buy
2026-08-27 18:22:10,123154,火星转债,hxzz,127.665,0.33,300894,火星人,hxr,11.78,7.09,4.53,16.0,73.63,0,73.4,201.07,330401,家用电器,szcy,C,2022-08-23,[],0,0,buy,A+,,11.2,20.8,15.3,buy,2028-08-05,1.943,5.289,6987.95,14887.8,10.33,-4.44,,0,15:34:42,00,Y,N,1,1,Y,转股价下修1次，成功下修1次,2023-02-13 开始转股,计算使用2.0年期 评级为A+ 债参考YTM：4.3243,N,5.29,全价：127.665 最后更新：15:34:42,,,,1,{'M': ''},0,0,N,,,buy,buy
2026-08-27 18:22:10,127069,小熊转债,xxzz,130.106,0.58,002959,小熊电器,xxdq,32.73,-1.03,1.72,43.71,74.88,0,73.75,203.86,330301,家用电器,szmb,C,2022-09-07,[],0,0,buy,AA-,,30.597,56.823,11.0,buy,2028-08-12,1.962,5.041,3148.68,2127.45,4.8,-5.12,,0,15:34:15,00,Y,N,1,1,Y,转股价下修1次，成功下修1次,2023-02-20 开始转股,计算使用2.0年期 评级为AA- 债参考YTM：1.9843,N,5.36,全价：130.106 最后更新：15:34:15,,,,1,{'M': ''},0,0,N,,,buy,buy
2026-08-27 18:22:10,123272,中汽转债,zqzz,156.71,-0.07,301215,中汽股份,zqgf,5.4,-1.46,2.37,5.99,90.15,111,73.83,230.54,280303,汽车,szcy,C,2026-06-30,[],0,0,buy,AA+,,4.193,7.787,14.5,buy,2032-06-10,5.792,10.39,4298.06,6145.83,2.64,-5.63,,0,15:34:15,00,Y,N,0,0,Y,,未到转股期；2026-12-17 开始转股,计算使用5.8年期 评级为AA+ 债参考YTM：1.8910,N,10.39,全价：156.710 最后更新：15:34:15,,,,0,{'M': ''},0,0,N,,,buy,buy
2026-08-27 18:22:10,123269,金杨转债,jyzz,149.19,0.74,301210,金杨精密,jygf,24.22,0.92,1.92,28.24,85.77,59,73.95,223.14,630701,电力设备,szcy,C,2026-05-11,[],0,0,buy,AA-,,19.768,36.712,65.9,buy,2032-04-19,5.649,9.8,4467.48,5040.88,3.06,-4.75,,0,15:34:00,00,Y,N,0,0,Y,,未到转股期；2026-10-26 开始转股,计算使用5.7年期 评级为AA- 债参考YTM：2.9322,N,9.8,全价：149.190 最后更新：15:34:00,,,,0,{'M': ''},0,0,N,,,buy,buy
2026-08-27 18:22:10,113053,隆22转债,l22zz,121.074,0.12,601012,隆基绿能,ljln,12.15,-1.06,1.81,17.5,69.43,0,74.39,195.46,630502,电力设备,shmb,C,2022-02-17,[],0,0,buy,AAA,,12.25,22.75,7.6,buy,2028-01-05,1.359,69.951,6305.65,85490.15,0.75,-7.78,,0,14:59:34,00,Y,N,1,1,Y,转股价下修1次，成功下修1次,2022-07-11 开始转股,计算使用1.4年期 评级为AAA 债参考YTM：1.5342,N,70.0,全价：121.074 最后更新：14:59:34,,,,1,{'M': ''},0,0,N,,,buy,buy
2026-08-27 18:22:10,123268,本川转债,bczz,192.8,4.08,300964,本川智能,bczn,59.45,4.08,5.63,54.13,109.83,56,75.55,268.35,270202,电子,szcy,C,2026-05-07,[],0,0,buy,AA-,,37.891,70.369,9.1,buy,2032-04-16,5.641,4.69,37987.15,26179.6,42.09,-8.32,,0,15:34:24,00,Y,N,0,0,Y,,未到转股期；2026-10-23 开始转股,计算使用5.7年期 评级为AA- 债参考YTM：2.9322,N,4.69,全价：192.800 最后更新：15:34:24,,,,0,{'M': ''},0,0,N,,,buy,buy
2026-08-27 18:22:10,113682,益丰转债,yfzz,128.7,-0.15,603939,益丰药房,yfyf,22.99,-3.04,2.3,31.44,73.12,0,76.0,204.7,370403,医药生物,shmb,C,2024-03-27,[],0,0,buy,AA,,22.008,40.872,6.4,buy,2030-03-04,3.521,17.968,4755.25,41996.63,2.05,-3.38,,0,14:59:53,00,Y,N,0,0,Y,,2024-09-09 开始转股,计算使用3.6年期 评级为AA 债参考YTM：1.7742,N,17.97,全价：128.700 最后更新：14:59:53,,,,0,{'M': ''},0,0,N,,,buy,buy
2026-08-27 18:22:10,127115,炬申转债,jszz,177.378,0.5,001202,炬申股份,jsgf,13.83,0.73,2.62,13.76,100.51,157,76.48,253.86,420802,交通运输,szmb,C,2026-08-13,[],0,0,buy,AA-,,9.632,17.888,23.5,buy,2032-07-23,5.91,3.8,28435.2,2418.51,42.21,-7.32,,0,15:34:03,00,Y,N,0,0,Y,,未到转股期；2027-02-01 开始转股,计算使用6.0年期 评级为AA- 债参考YTM：3.1431,N,3.8,全价：177.378 最后更新：15:34:03,,,,0,[],0,0,N,,,buy,buy
2026-08-27 18:22:10,123271,通合转债,thzz,171.501,3.94,300491,通合科技,thkj,32.23,3.24,4.74,33.18,97.14,102,76.56,248.06,630306,电力设备,szcy,C,2026-06-17,[],0,0,buy,AA,,23.226,43.134,10.3,buy,2032-06-01,5.767,5.219,14340.12,37542.22,16.35,-6.25,,0,15:34:12,00,Y,N,0,0,Y,,未到转股期；2026-12-08 开始转股,计算使用5.8年期 评级为AA 债参考YTM：2.0582,N,5.22,全价：171.501 最后更新：15:34:12,,,,0,[],0,0,N,,,buy,buy
2026-08-27 18:22:10,110102,江农转债,jnzz,161.6,3.67,600389,江山股份,jsgf,18.81,2.28,1.88,20.64,91.13,145,77.32,238.92,220803,基础化工,shmb,C,2026-08-05,[],0,0,buy,AA+,,14.448,26.832,14.6,buy,2032-07-13,5.882,11.85,23552.31,25785.22,12.4,-6.03,,0,14:59:59,00,Y,N,0,0,Y,,未到转股期；2027-01-20 开始转股,计算使用5.9年期 评级为AA+ 债参考YTM：1.9024,N,11.85,全价：161.600 最后更新：14:59:59,,,,0,{'M': ''},0,0,N,,,buy,buy
2026-08-27 18:22:10,110101,宝钛转债,btzz,157.008,1.14,600456,宝钛股份,btgf,27.38,2.16,1.81,30.98,88.38,124,77.65,234.66,240504,有色金属,shmb,C,2026-07-16,[],0,0,buy,AAA,,21.686,40.274,26.8,buy,2032-06-23,5.827,35.0,8329.41,24153.85,1.52,-6.06,,0,14:59:58,00,Y,N,0,0,Y,,未到转股期；2026-12-30 开始转股,计算使用5.9年期 评级为AAA 债参考YTM：1.7777,N,35.0,全价：157.008 最后更新：14:59:58,,,,0,{'M': ''},0,0,N,,,buy,buy
2026-08-27 18:22:10,111025,圣泉转债,sqzz,169.267,4.62,605589,圣泉集团,sqjt,40.12,6.45,3.14,42.38,94.67,126,78.8,248.07,220504,基础化工,shmb,C,2026-07-21,[],0,0,buy,AA+,,29.666,55.094,7.4,buy,2032-06-24,5.83,25.0,40095.76,129747.27,9.57,-6.98,,0,14:59:58,00,Y,N,1,1,Y,转股价下修1次，成功下修1次,未到转股期；2027-01-01 开始转股,计算使用5.9年期 评级为AA+ 债参考YTM：1.9024,N,25.0,全价：169.267 最后更新：14:59:58,,,,0,{'M': ''},0,0,N,,,buy,buy
2026-08-27 18:22:10,123215,铭利转债,mlzz,125.035,-0.3,301268,铭利达,mld,13.41,-0.74,3.4,19.19,69.88,0,78.93,203.97,640108,机械设备,szcy,C,2023-08-23,[],0,0,buy,A+,,13.433,24.947,17.6,buy,2029-08-03,2.937,8.555,1770.94,4412.81,1.65,-0.99,,0,15:34:48,00,Y,N,1,1,Y,转股价下修1次，成功下修1次,2024-02-19 开始转股,计算使用3.0年期 评级为A+ 债参考YTM：4.5676,N,10.0,全价：125.035 最后更新：15:34:48,,,,0,{'M': ''},0,0,N,,,buy,buy
2026-08-27 18:22:10,118037,上声转债,sszz,130.836,0.1,688533,上声电子,ssdz,20.94,-0.76,1.9,28.64,73.12,0,78.95,209.79,280206,汽车,shkc,C,2023-08-01,[],0,0,buy,A+,,20.048,37.232,13.5,buy,2029-07-06,2.86,4.679,547.55,1760.79,0.9,-4.6,,0,14:56:39,00,Y,N,2,1,Y,转股价下修2次，成功下修1次,2024-01-12 开始转股,计算使用2.9年期 评级为A+ 债参考YTM：4.5423,N,5.2,全价：130.836 最后更新：14:56:39,,,,0,{'M': ''},0,0,N,,,buy,buy
2026-08-27 18:22:10,127083,山路转债,slzz,119.8,0.22,000498,山东路桥,sdlq,4.94,-0.8,0.27,7.42,66.58,0,79.94,199.74,620306,建筑装饰,szmb,C,2023-04-26,[],0,0,buy,AAA,,5.194,9.646,67.5,buy,2029-03-24,2.575,48.359,1501.89,7435.6,0.26,-2.87,,0,15:34:18,00,Y,N,0,0,Y,,2023-10-09 开始转股,计算使用2.6年期 评级为AAA 债参考YTM：1.6063,N,48.36,全价：119.800 最后更新：15:34:18,,,,0,{'M': ''},0,0,N,,,buy,buy
2026-08-27 18:22:10,111024,澳弘转债,ahzz,148.417,1.85,605058,澳弘电子,ahdz,27.6,2.41,2.14,33.54,82.29,0,80.36,228.78,270202,电子,shmb,C,2026-01-16,[],0,0,buy,AA-,,23.478,43.602,14.7,buy,2031-12-11,5.293,5.799,4326.33,5926.07,5.03,-4.65,,0,14:59:57,00,Y,N,0,0,Y,,2026-06-17 开始转股,计算使用5.3年期 评级为AA- 债参考YTM：2.5423,N,5.8,全价：148.417 最后更新：14:59:57,,,,0,[],0,0,N,,,buy,buy
2026-08-27 18:22:10,118072,鼎通转债,dtzz,197.459,9.7,688668,鼎通科技,dtkj,269.0,10.35,16.58,246.0,109.35,124,80.58,278.04,730204,通信,shkc,C,2026-07-17,[],0,0,buy,A+,,172.2,319.8,2.5,buy,2032-06-23,5.827,9.3,138561.17,160310.35,77.95,-8.58,,0,15:00:00,00,Y,N,1,1,Y,转股价下修1次，成功下修1次,未到转股期；2026-12-30 开始转股,计算使用5.9年期 评级为A+ 债参考YTM：5.4432,N,9.3,全价：197.459 最后更新：15:00:00,,,,0,{'M': ''},0,0,N,,,buy,buy
2026-08-27 18:22:10,127038,国微转债,gwzz,117.856,0.53,002049,紫光国微,zggw,63.25,2.7,3.72,97.01,65.2,0,80.76,198.62,270104,电子,szmb,C,2021-07-14,[],0,0,buy,AA+,,67.907,126.113,2.8,buy,2027-06-10,0.786,14.915,6752.24,103619.16,3.84,-8.51,,0,15:34:30,00,Y,N,0,0,Y,,2021-12-17 开始转股,计算使用0.8年期 评级为AA+ 债参考YTM：1.5436,N,15.0,全价：117.856 最后更新：15:34:30,,,,1,{'M': ''},0,0,N,,,buy,buy
2026-08-27 18:22:10,118065,艾为转债,awzz,141.259,2.35,688798,艾为电子,awdz,61.93,14.58,3.39,79.4,78.0,0,81.11,222.37,270105,电子,shkc,C,2026-02-26,[],0,0,buy,AA+,,55.58,103.22,22.6,buy,2032-01-22,5.408,19.01,38210.63,63221.3,14.13,-4.18,,0,14:59:57,00,Y,N,0,0,Y,,2026-07-28 开始转股,计算使用5.5年期 评级为AA+ 债参考YTM：1.8556,N,19.01,全价：141.259 最后更新：14:59:57,,,,0,{'M': ''},0,0,N,,,buy,buy
2026-08-27 18:22:10,113696,伯25转债,b25zz,133.57,-0.04,603596,伯特利,btl,25.9,0.94,2.82,35.16,73.66,0,81.33,214.9,280203,汽车,shmb,C,2025-07-28,[],0,0,buy,AA,,24.612,45.708,12.1,buy,2031-07-01,4.847,28.017,6502.82,26725.46,1.74,-3.36,,0,14:59:13,00,Y,N,0,0,Y,,2026-01-07 开始转股,计算使用4.9年期 评级为AA 债参考YTM：1.8561,N,28.02,全价：133.570 最后更新：14:59:13,,,,0,{'M': ''},0,0,N,,,buy,buy
2026-08-27 18:22:10,118074,特宝转债,tbzz,183.007,1.4,688278,特宝生物,tbsw,59.05,-1.58,7.77,58.56,100.84,159,81.49,264.5,370304,医药生物,shkc,C,2026-08-13,[],0,0,buy,AA+,,40.992,76.128,6.4,buy,2032-07-27,5.921,15.33,42390.27,26555.5,15.02,-8.1,,0,14:59:59,00,Y,N,0,0,Y,,未到转股期；2027-02-03 开始转股,计算使用6.0年期 评级为AA+ 债参考YTM：1.9131,N,15.33,全价：183.007 最后更新：14:59:59,,,,0,{'M': ''},0,0,N,,,buy,buy
2026-08-27 18:22:10,123259,锦浪转02,jlz02,154.85,-0.61,300763,锦浪科技,jlkj,61.75,-2.29,2.69,72.41,85.28,0,81.58,236.43,630503,电力设备,szcy,C,2025-11-06,[],0,0,buy,AA,,50.687,94.133,8.4,buy,2031-10-17,5.143,16.763,13637.25,101587.15,5.28,-5.8,,0,15:34:06,00,Y,N,1,1,Y,转股价下修1次，成功下修1次,2026-04-23 开始转股,计算使用5.2年期 评级为AA 债参考YTM：1.8861,N,16.766,全价：154.850 最后更新：15:34:06,,,,0,"{'G': '本次（2026年4月23日至2026年5月20日）不提前赎回，以2027年5月21日为首个交易日重新计算', 'M': ''}",0,0,N,,,buy,buy
2026-08-27 18:22:10,111018,华康转债,hkzz,125.785,0.01,605077,华康股份,hkgf,11.02,0.09,1.05,15.97,69.0,0,82.29,208.08,220315,基础化工,shmb,C,2024-01-15,[],0,0,buy,AA-,,11.179,20.761,39.5,buy,2029-12-25,3.332,13.022,2478.07,2611.25,1.51,-1.61,,0,14:59:14,00,Y,N,0,0,Y,,2024-07-01 开始转股,计算使用3.4年期 评级为AA- 债参考YTM：2.2748,N,13.03,全价：125.785 最后更新：14:59:14,,,,0,[],0,0,N,,,buy,buy
2026-08-27 18:22:10,123279,天脉转债,tmzz,182.0,4.96,301626,苏州天脉,sztm,266.67,5.05,19.1,267.33,99.75,164,82.45,264.45,270504,电子,szcy,C,2026-08-18,[],0,0,buy,AA,,187.131,347.529,5.6,buy,2032-08-02,5.937,7.86,48568.23,46845.26,34.46,-7.72,,0,15:34:30,00,Y,N,0,0,Y,,未到转股期；2027-02-08 开始转股,计算使用6.0年期 评级为AA 债参考YTM：2.1131,N,7.86,全价：182.000 最后更新：15:34:30,,,,0,{'M': ''},0,0,N,,,buy,buy
2026-08-27 18:22:10,118034,晶能转债,jnzz,119.557,-0.37,688223,晶科能源,jkny,4.16,-5.45,1.77,6.35,65.51,0,82.5,202.06,630502,电力设备,shkc,C,2023-05-19,[],0,0,buy,AA+,,4.445,7.62,19.5,buy,2029-04-20,2.649,83.22,12804.8,60315.04,1.29,-2.71,,0,14:59:58,00,Y,N,2,1,Y,转股价下修2次，成功下修1次,2023-10-26 开始转股,计算使用2.7年期 评级为AA+ 债参考YTM：1.6836,Y,100.0,全价：119.557 最后更新：14:59:58,,,"按下调到底估算
股东大会：2026-09-03
预估转股价：4.43
预估转股价值：93.91
期权价值：33.15
理论价值：139.72
理论偏离度：-16.86%",0,{'M': ''},0,0,N,120%,,buy,buy
2026-08-27 18:22:10,111004,明新转债,mxzz,130.525,1.05,605068,明新旭腾,mxxt,17.42,-0.34,1.71,24.37,71.48,0,82.6,213.13,280202,汽车,shmb,C,2022-04-25,[],0,0,buy,AA-,,17.059,31.681,23.8,buy,2028-03-30,1.592,6.715,7750.57,4711.65,8.91,-6.48,,0,14:59:47,00,Y,N,1,0,Y,转股价下修1次，成功下修0次,2022-10-10 开始转股,计算使用1.6年期 评级为AA- 债参考YTM：1.9367,N,6.73,全价：130.525 最后更新：14:59:47,,,,1,[],0,0,N,,,buy,buy
2026-08-27 18:22:10,123276,久吾转02,jwz02,167.939,1.38,300631,久吾高科,jwgk,21.8,0.55,2.0,23.78,91.67,150,83.19,251.13,760201,环保,szcy,C,2026-08-04,[],0,0,buy,A+,,16.646,30.914,11.3,buy,2032-07-19,5.899,3.0,21451.25,2717.64,42.68,-5.76,,0,15:34:09,00,Y,N,0,0,Y,,未到转股期；2027-01-25 开始转股,计算使用5.9年期 评级为A+ 债参考YTM：5.4432,N,3.0,全价：167.939 最后更新：15:34:09,,,,0,[],0,0,N,,,buy,buy
2026-08-27 18:22:10,123168,惠云转债,hyzz,129.869,-0.31,300891,惠云钛业,hyty,7.56,-0.4,2.34,10.74,70.39,0,84.5,214.37,220206,基础化工,szcy,C,2022-12-14,[],0,0,buy,AA-,,7.518,13.962,19.4,buy,2028-11-23,2.244,4.899,1708.48,4129.8,2.69,-4.01,,0,15:34:39,00,Y,N,0,0,Y,,2023-05-29 开始转股,计算使用2.3年期 评级为AA- 债参考YTM：2.0398,N,4.9,全价：129.869 最后更新：15:34:39,,,,0,{'M': ''},0,0,N,,,buy,buy
2026-08-27 18:22:10,123165,回天转债,htzz,135.247,0.86,300041,回天新材,htxc,10.96,0.92,1.94,15.05,72.82,0,85.72,220.97,220316,基础化工,szcy,C,2022-11-15,[],0,0,buy,AA-,,10.535,19.565,14.2,buy,2028-10-27,2.17,8.496,1944.81,20769.65,1.7,-6.03,,0,15:34:36,00,Y,N,1,0,Y,转股价下修1次，成功下修0次,2023-05-04 开始转股,计算使用2.2年期 评级为AA- 债参考YTM：2.0183,Y,8.5,全价：135.247 最后更新：15:34:36,,,"按下调到底估算
股东大会：2026-09-11
预估转股价：10.90
预估转股价值：100.55
期权价值：30.45
理论价值：144.03
理论偏离度：-6.49%",0,{'M': ''},0,0,N,,,buy,buy
2026-08-27 18:22:10,123193,海能转债,hnzz,128.394,0.27,300787,海能实业,hnsy,10.01,-0.69,2.03,14.5,69.03,0,85.99,214.38,270504,电子,szcy,C,2023-05-09,[],0,0,buy,AA-,,10.15,18.85,30.5,buy,2029-04-13,2.63,5.997,2172.65,4255.94,2.82,-3.05,,0,15:34:39,00,Y,N,0,0,Y,,2023-10-19 开始转股,计算使用2.7年期 评级为AA- 债参考YTM：2.1414,N,6.0,全价：128.394 最后更新：15:34:39,,,,0,[],0,0,N,,,buy,buy
2026-08-27 18:22:10,123229,艾录转债,alzz,132.588,-0.16,301062,上海艾录,shal,7.09,-0.56,2.26,9.95,71.26,0,86.07,218.66,360205,轻工制造,szcy,C,2023-11-20,[],0,0,buy,A,,6.965,12.935,9.1,buy,2029-10-23,3.159,1.779,1055.21,4148.19,4.47,-3.11,,0,15:34:48,00,Y,N,0,0,Y,,2024-04-29 开始转股,计算使用3.2年期 评级为A 债参考YTM：6.9561,N,5.0,全价：132.588 最后更新：15:34:48,,,,0,{'M': ''},0,0,N,,,buy,buy
2026-08-27 18:22:10,113647,禾丰转债,hfzz,119.655,0.28,603609,禾丰股份,hfgf,6.46,-0.15,0.88,10.09,64.02,0,86.89,206.55,110402,农林牧渔,shmb,C,2022-05-18,[],0,0,buy,AA,,7.063,13.117,25.1,buy,2028-04-22,1.655,14.669,3384.74,1509.93,1.93,-3.02,,0,14:58:56,00,Y,N,0,0,Y,,2022-10-28 开始转股,计算使用1.7年期 评级为AA 债参考YTM：1.6511,N,15.0,全价：119.655 最后更新：14:58:56,,,,0,{'M': ''},0,0,N,,,buy,buy
2026-08-27 18:22:10,118024,冠宇转债,gyzz,125.641,0.39,688772,珠海冠宇,zhgy,15.03,0.0,2.38,22.51,66.77,0,88.17,213.81,630701,电力设备,shkc,C,2022-11-17,[],0,0,buy,AA,,15.757,27.012,18.1,buy,2028-10-24,2.162,30.889,3492.45,39050.02,0.9,-3.97,,0,14:59:54,00,Y,N,0,0,Y,,2023-04-28 开始转股,计算使用2.2年期 评级为AA 债参考YTM：1.6890,N,30.89,全价：125.641 最后更新：14:59:54,,,,0,{'M': ''},0,0,N,120%,,buy,buy
2026-08-27 18:22:10,118070,南芯转债,nxzz,162.07,5.09,688484,南芯科技,nxkj,37.62,9.87,4.02,43.71,86.07,119,88.31,250.38,270105,电子,shkc,C,2026-07-10,[],0,0,buy,AA+,,30.597,56.823,9.8,buy,2032-06-17,5.811,15.869,68304.4,56488.65,26.92,-6.17,,0,15:00:00,00,Y,N,0,0,Y,,未到转股期；2026-12-25 开始转股,计算使用5.9年期 评级为AA+ 债参考YTM：1.9024,N,15.869,全价：162.070 最后更新：15:00:00,,,,0,{'M': ''},0,0,N,,,buy,buy
2026-08-27 18:22:10,113634,珀莱转债,plzz,125.76,-0.25,603605,珀莱雅,bly,62.34,-1.45,3.68,94.27,66.13,0,90.17,215.93,770202,美容护理,shmb,C,2022-01-04,[],0,0,buy,AA,,65.989,122.551,3.0,buy,2027-12-08,1.282,7.507,3975.43,47787.86,4.2,-5.68,,0,14:59:10,00,Y,N,0,0,Y,,2022-06-14 开始转股,计算使用1.3年期 评级为AA 债参考YTM：1.6203,N,7.517,全价：125.760 最后更新：14:59:10,,,,1,{'M': ''},0,0,N,,,buy,buy
2026-08-27 18:22:10,113703,翔26转债,x26zz,138.288,0.84,603112,华翔股份,hxgf,15.89,1.21,1.87,21.94,72.43,108,90.94,229.23,330601,家用电器,shmb,C,2026-07-07,[],0,0,buy,AA-,,15.358,28.522,15.3,buy,2032-06-07,5.784,13.01,8181.34,23740.55,4.57,-3.07,,0,14:59:56,00,Y,N,0,0,Y,,未到转股期；2026-12-14 开始转股,计算使用5.8年期 评级为AA- 债参考YTM：3.0209,N,13.01,全价：138.288 最后更新：14:59:56,,,,0,[],0,0,N,,,buy,buy
2026-08-27 18:22:10,118052,浩瀚转债,hhzz,137.833,1.23,688292,浩瀚深度,hhsd,17.45,3.56,2.8,24.2,72.11,0,91.15,228.98,710103,计算机,shkc,C,2025-04-07,[],0,0,buy,A+,,16.94,31.46,12.8,buy,2031-03-13,4.545,3.539,1721.38,6307.86,3.54,-3.11,,0,14:59:57,00,Y,N,0,0,Y,,2025-09-19 开始转股,计算使用4.6年期 评级为A+ 债参考YTM：4.7155,N,3.54,全价：137.833 最后更新：14:59:57,,,,0,{'M': ''},0,0,N,,,buy,buy
2026-08-27 18:22:10,113627,太平转债,tpzz,116.092,-0.05,603877,太平鸟,tpn,12.5,-1.03,1.32,20.61,60.65,0,91.41,207.5,350209,纺织服饰,shmb,C,2021-08-06,[],0,0,buy,AA,,14.427,26.793,13.6,buy,2027-07-15,0.882,7.997,1103.26,2021.01,1.19,-5.97,,0,14:58:56,00,Y,N,1,1,Y,转股价下修1次，成功下修1次,2022-01-21 开始转股,计算使用0.9年期 评级为AA 债参考YTM：1.5767,N,8.0,全价：116.092 最后更新：14:58:56,,,,0,{'M': ''},0,0,Y,,,buy,buy
2026-08-27 18:22:10,113655,欧22转债,o22zz,121.677,0.13,603833,欧派家居,opjj,32.58,-0.21,1.04,51.29,63.52,0,91.55,213.23,360308,轻工制造,shmb,C,2022-09-01,[],0,0,buy,AA,,35.903,66.677,10.1,buy,2028-08-05,1.943,19.999,1524.98,8063.15,0.63,-3.42,,0,14:58:57,00,Y,N,1,1,Y,转股价下修1次，成功下修1次,2023-02-13 开始转股,计算使用2.0年期 评级为AA 债参考YTM：1.6743,N,20.0,全价：121.677 最后更新：14:58:57,,,,0,{'M': ''},0,0,N,,,buy,buy
2026-08-27 18:22:10,113708,曙26转债,s26zz,153.001,1.03,603019,中科曙光,zksg,86.54,2.72,5.49,108.89,79.48,146,92.52,245.52,710103,计算机,shmb,C,2026-08-06,[],0,0,buy,AAA,,76.223,141.557,6.3,buy,2032-07-14,5.885,80.0,49230.98,330788.51,4.02,-5.76,,0,14:59:59,00,Y,N,0,0,Y,,未到转股期；2027-01-21 开始转股,计算使用5.9年期 评级为AAA 债参考YTM：1.7777,N,80.0,全价：153.001 最后更新：14:59:59,,,,0,{'M': ''},0,0,N,,,buy,buy
2026-08-27 18:22:10,113648,巨星转债,jxzz,119.435,0.6,603477,巨星农牧,jxnm,15.14,2.3,2.87,24.84,60.95,0,95.96,215.4,110702,农林牧渔,shmb,C,2022-05-17,[],0,0,buy,AA-,,17.388,32.292,11.7,buy,2028-04-25,1.663,8.997,1785.52,19981.98,1.67,-3.71,,0,14:59:43,00,Y,N,0,0,Y,,2022-10-31 开始转股,计算使用1.7年期 评级为AA- 债参考YTM：1.9480,N,10.0,全价：119.435 最后更新：14:59:43,,,,0,{'M': ''},0,0,N,,,buy,buy
2026-08-27 18:22:10,118071,华峰转债,hfzz,234.795,5.0,688200,华峰测控,hfck,400.0,4.87,19.17,335.79,119.12,123,97.1,331.9,270108,电子,shkc,C,2026-07-17,[],0,0,buy,AA,,235.053,436.527,0.9,buy,2032-06-22,5.825,7.49,76429.84,131262.59,44.32,-11.83,,0,15:00:00,00,Y,N,0,0,Y,,未到转股期；2026-12-29 开始转股,计算使用5.9年期 评级为AA 债参考YTM：2.0874,N,7.49,全价：234.795 最后更新：15:00:00,,,,0,{'M': ''},0,0,N,,,buy,buy
2026-08-27 18:22:10,113707,科博转债,kbzz,173.592,0.36,603786,科博达,kbd,39.89,0.15,2.79,45.56,87.56,136,98.27,271.86,280206,汽车,shmb,C,2026-07-31,[],0,0,buy,AA+,,31.892,59.228,9.3,buy,2032-07-02,5.852,14.91,6172.12,5660.91,2.39,-7.37,,0,14:59:59,00,Y,N,0,0,Y,,未到转股期；2027-01-11 开始转股,计算使用5.9年期 评级为AA+ 债参考YTM：1.9024,N,14.91,全价：173.592 最后更新：14:59:59,,,,0,{'M': ''},0,0,N,,,buy,buy
2026-08-27 18:22:10,113702,斯达转债,sdzz,176.497,1.2,603290,斯达半导,sdbd,93.25,2.43,3.24,104.79,88.99,55,98.34,274.84,270102,电子,shmb,C,2026-05-11,[],0,0,buy,AA+,,73.353,136.227,6.7,buy,2032-04-15,5.638,15.0,34745.9,83902.29,13.19,-7.9,,0,14:59:58,00,Y,N,0,0,Y,,未到转股期；2026-10-22 开始转股,计算使用5.7年期 评级为AA+ 债参考YTM：1.8792,N,15.0,全价：176.497 最后更新：14:59:58,,,,0,{'M': ''},0,0,N,,,buy,buy
2026-08-27 18:22:10,123275,肇民转债,zmzz,143.83,1.01,301000,肇民科技,zmkj,24.4,1.41,4.57,33.8,72.19,140,99.24,243.07,280205,汽车,szcy,C,2026-07-24,[],0,0,buy,AA-,,23.66,43.94,10.5,buy,2032-07-08,5.869,5.9,5018.04,6714.64,5.94,-3.97,,0,15:34:09,00,Y,N,0,0,Y,,未到转股期；2027-01-15 开始转股,计算使用5.9年期 评级为AA- 债参考YTM：3.0933,N,5.9,全价：143.830 最后更新：15:34:09,,,,0,{'M': ''},0,0,N,,,buy,buy
2026-08-27 18:22:10,113709,振26转债,z26zz,176.366,4.2,603067,振华股份,zhgf,35.67,2.56,6.99,40.33,88.45,161,99.41,275.78,220203,基础化工,shmb,C,2026-08-17,[],0,0,buy,AA,,28.231,52.429,3.3,buy,2032-07-29,5.926,8.78,36358.02,62731.82,23.88,-7.23,,0,14:59:58,00,Y,N,0,0,Y,,未到转股期；2027-02-05 开始转股,计算使用6.0年期 评级为AA 债参考YTM：2.1131,N,8.78,全价：176.366 最后更新：14:59:58,,,,0,{'M': ''},0,0,N,,,buy,buy
2026-08-27 18:22:10,123192,科思转债,kszz,126.42,-0.27,300856,科思股份,ksgf,10.92,-2.67,1.89,17.32,63.05,0,100.51,226.93,770201,美容护理,szcy,C,2023-05-11,[],0,0,buy,AA-,,12.124,22.516,14.3,buy,2029-04-13,2.63,7.187,1585.44,7142.88,1.75,-2.47,,0,15:34:36,00,Y,N,0,0,Y,,2023-10-19 开始转股,计算使用2.7年期 评级为AA- 债参考YTM：2.1414,N,7.249,全价：126.420 最后更新：15:34:36,,,,0,{'M': ''},0,0,N,,,buy,buy
2026-08-27 18:22:10,118069,爱科转债,akzz,162.961,0.35,688092,爱科科技,akkj,23.13,0.0,2.87,28.53,81.07,111,101.01,263.97,640209,机械设备,shkc,C,2026-07-09,[],0,0,buy,AA-,,19.971,37.089,14.0,buy,2032-06-10,5.792,2.67,3137.06,1273.16,7.21,-5.56,,0,14:59:49,00,Y,N,0,0,Y,,未到转股期；2026-12-17 开始转股,计算使用5.8年期 评级为AA- 债参考YTM：3.0209,N,2.67,全价：162.961 最后更新：14:59:49,,,,0,{'M': ''},0,0,N,,,buy,buy
2026-08-27 18:22:10,113671,武进转债,wjzz,129.632,0.26,603878,武进不锈,wjbx,5.08,-0.78,1.12,7.88,64.47,0,101.08,230.71,230403,钢铁,shmb,C,2023-08-03,[],0,0,buy,AA,,5.516,10.244,10.9,buy,2029-07-10,2.871,3.093,2450.22,4525.8,6.11,-4.65,,0,14:58:56,00,Y,N,0,0,Y,,2024-01-15 开始转股,计算使用2.9年期 评级为AA 债参考YTM：1.7225,N,3.1,全价：129.632 最后更新：14:58:56,,,,0,[],0,0,N,,,buy,buy
2026-08-27 18:22:10,127068,顺博转债,sbzz,125.496,0.21,002996,顺博合金,sbhj,6.24,-2.5,1.22,10.0,62.4,0,101.12,226.62,240301,有色金属,szmb,C,2022-09-07,[],0,0,buy,AA-,,7.0,13.0,29.0,buy,2028-08-12,1.962,8.3,1769.15,7820.85,1.7,-6.56,,0,15:34:51,00,Y,N,2,2,Y,转股价下修2次，成功下修2次,2023-02-20 开始转股,计算使用2.0年期 评级为AA- 债参考YTM：1.9843,N,8.3,全价：125.496 最后更新：15:34:51,,,,1,[],0,0,N,,,buy,buy
2026-08-27 18:22:10,123109,昌红转债,chzz,124.89,0.43,300151,昌红科技,chkj,16.53,3.51,5.48,26.64,62.05,0,101.27,226.16,640209,机械设备,szcy,C,2021-04-19,[],0,0,buy,AA-,,18.648,34.632,7.5,buy,2027-04-01,0.595,4.595,1526.47,21344.78,2.66,-13.38,,0,15:34:27,00,Y,N,0,0,Y,,2021-10-08 开始转股,计算使用0.6年期 评级为AA- 债参考YTM：1.7921,N,4.6,全价：124.890 最后更新：15:34:27,,,,0,{'M': ''},0,0,Y,,,buy,buy
2026-08-27 18:22:10,118063,金05转债,j05zz,151.844,-2.24,688676,金盘科技,jpkj,66.77,-7.71,5.8,88.6,75.36,0,101.49,253.33,630801,电力设备,shkc,C,2026-01-14,[],0,0,buy,AA+,,62.02,115.18,5.4,buy,2031-12-25,5.332,16.707,24931.44,240687.4,9.83,-5.69,,0,14:59:56,00,Y,N,0,0,Y,,2026-07-01 开始转股,计算使用5.4年期 评级为AA+ 债参考YTM：1.8444,N,16.71,全价：151.844 最后更新：14:59:56,,,,0,{'M': ''},0,0,N,,,buy,buy
2026-08-27 18:22:10,113679,芯能转债,xnzz,126.565,-0.28,603105,芯能科技,xnkj,7.88,-2.48,1.79,12.55,62.79,0,101.57,228.14,410106,公用事业,shmb,C,2023-11-24,[],0,0,buy,AA-,,8.785,16.315,22.3,buy,2029-10-26,3.167,8.799,3376.61,25423.03,3.03,-1.84,,0,14:59:44,00,Y,N,0,0,Y,,2024-05-06 开始转股,计算使用3.2年期 评级为AA- 债参考YTM：2.2541,N,8.8,全价：126.565 最后更新：14:59:44,,,,0,{'M': ''},0,0,N,,,buy,buy
2026-08-27 18:22:10,123263,鼎捷转债,djzz,145.2,1.4,300378,鼎捷数智,djsz,31.21,3.41,3.6,43.42,71.88,0,102.01,247.21,710402,计算机,szcy,C,2025-12-31,[],0,0,buy,AA,,30.394,56.446,9.8,buy,2031-12-15,5.304,8.275,9573.04,23698.97,7.97,-4.59,,0,15:34:03,00,Y,N,0,0,Y,,2026-06-22 开始转股,计算使用5.4年期 评级为AA 债参考YTM：1.9343,N,8.28,全价：145.200 最后更新：15:34:03,,,,0,{'M': ''},0,0,N,,,buy,buy
2026-08-27 18:22:10,113656,嘉诚转债,jczz,122.722,0.02,603535,嘉诚国际,jcgj,6.26,-0.95,1.23,10.33,60.6,0,102.51,225.23,420805,交通运输,shmb,C,2022-10-12,[],0,0,buy,A+,,7.231,13.429,25.0,buy,2028-09-01,2.016,7.998,920.65,2205.11,0.94,-1.76,,0,14:58:57,00,Y,N,0,0,N,2026-08-10 起暂停转股：权益分派,2023-03-07 开始转股;2026-08-10 起暂停转股：权益分派,计算使用2.1年期 评级为A+ 债参考YTM：4.3398,N,8.0,全价：122.722 最后更新：14:58:57,,,,0,[],0,0,N,,,buy,buy
2026-08-27 18:22:10,123264,双乐转债,slzz,124.25,-0.31,301036,双乐股份,slgf,22.23,0.36,1.32,36.4,61.07,0,103.45,227.7,220305,基础化工,szcy,C,2026-01-16,[],0,0,buy,AA-,,25.48,47.32,51.6,buy,2031-12-26,5.334,8.0,2744.02,1700.55,2.75,-1.67,,0,15:34:06,00,Y,N,0,0,Y,,2026-07-06 开始转股,计算使用5.4年期 评级为AA- 债参考YTM：2.6324,N,8.0,全价：124.250 最后更新：15:34:06,,,,0,{'M': ''},0,0,N,,,buy,buy
2026-08-27 18:22:10,123266,博士转债,bszz,140.81,0.5,300622,博士眼镜,bsyj,14.82,-0.07,4.99,21.54,68.8,27,104.66,245.47,450401,商贸零售,szcy,C,2026-04-07,[],0,0,buy,AA,,15.078,28.002,11.5,buy,2032-03-17,5.559,3.75,1729.95,7047.71,3.28,-3.54,,0,15:34:21,00,Y,N,0,0,Y,,未到转股期；2026-09-24 开始转股,计算使用5.6年期 评级为AA 债参考YTM：1.9952,N,3.75,全价：140.810 最后更新：15:34:21,,,,0,[],0,0,N,,,buy,buy
2026-08-27 18:22:10,113701,祥和转债,xhzz,148.189,2.15,603500,祥和实业,xhsy,9.68,2.98,2.92,13.37,72.4,12,104.68,252.87,640501,机械设备,shmb,C,2026-03-26,[],0,0,buy,A+,,9.359,17.381,12.4,buy,2032-03-02,5.518,4.0,9682.04,8737.56,16.29,-3.97,,0,14:59:59,00,Y,N,0,0,Y,,未到转股期；2026-09-09 开始转股,计算使用5.6年期 评级为A+ 债参考YTM：5.1827,N,4.0,全价：148.189 最后更新：14:59:59,,,,0,[],0,0,N,,,buy,buy
2026-08-27 18:22:10,113625,江山转债,jszz,116.761,-0.12,603208,江山欧派,jsop,11.31,-0.44,2.01,19.84,57.01,0,104.82,221.58,360308,轻工制造,shmb,C,2021-07-01,[],0,0,buy,A,,13.888,25.792,29.3,buy,2027-06-11,0.789,5.825,1223.51,2040.07,1.8,1.35,,0,14:58:56,00,Y,N,1,1,Y,转股价下修1次，成功下修1次,2021-12-20 开始转股,计算使用0.8年期 评级为A 债参考YTM：6.5076,N,5.83,全价：116.761 最后更新：14:58:56,,,,1,[],0,0,N,,,buy,buy
2026-08-27 18:22:10,118073,赛斯转债,sszz,174.92,0.53,688480,赛恩斯,ses,75.2,1.4,5.84,88.16,85.3,150,105.07,279.99,760104,环保,shkc,C,2026-08-12,[],0,0,buy,AA,,61.712,114.608,7.7,buy,2032-07-16,5.89,5.519,22939.67,5038.59,23.34,-7.15,,0,14:59:58,00,Y,N,0,0,Y,,未到转股期；2027-01-25 开始转股,计算使用5.9年期 评级为AA 债参考YTM：2.0874,N,5.519,全价：174.920 最后更新：14:59:58,,,,0,{'M': ''},0,0,N,,,buy,buy
2026-08-27 18:22:10,123274,维科转债,wkzz,144.7,0.72,301499,维科精密,wkjm,25.08,1.33,2.65,35.62,70.41,129,105.51,250.21,280206,汽车,szcy,C,2026-07-10,[],0,0,buy,A+,,24.934,46.306,18.2,buy,2032-06-25,5.833,6.3,2832.33,2715.63,3.11,-3.5,,0,15:34:06,00,Y,N,0,0,Y,,未到转股期；2027-01-04 开始转股,计算使用5.9年期 评级为A+ 债参考YTM：5.4432,N,6.3,全价：144.700 最后更新：15:34:06,,,,0,{'M': ''},0,0,N,,,buy,buy
2026-08-27 18:22:10,113616,韦尔转债,wezz,109.662,0.04,603501,豪威集团,hwjt,84.54,0.64,3.25,159.02,53.16,0,106.27,215.93,270104,电子,shmb,C,2021-01-22,[],0,0,buy,AA+,,111.314,206.726,2.4,buy,2026-12-28,0.337,24.324,2813.33,108620.48,1.05,0.92,,0,14:59:48,00,Y,N,0,0,Y,,2021-07-05 开始转股,计算使用0.4年期 评级为AA+ 债参考YTM：1.5070,N,24.4,全价：109.662 最后更新：14:59:48,,,,0,{'M': ''},0,0,N,,,buy,buy
2026-08-27 18:22:10,123262,神宇转债,syzz,133.92,0.33,300563,神宇股份,sygf,25.06,2.08,3.93,38.62,64.89,0,106.38,240.3,730205,通信,szcy,C,2025-12-30,[],0,0,buy,AA-,,27.034,50.206,15.3,buy,2031-12-11,5.293,4.999,3304.94,13139.36,4.93,-3.09,,0,15:34:18,00,Y,N,0,0,Y,,2026-06-17 开始转股,计算使用5.3年期 评级为AA- 债参考YTM：2.5423,N,5.0,全价：133.920 最后更新：15:34:18,,,,0,{'M': ''},0,0,N,,,buy,buy
2026-08-27 18:22:10,118067,上26转债,s26zz,134.629,0.48,688533,上声电子,ssdz,20.94,-0.76,1.9,32.25,64.93,27,107.34,241.97,280206,汽车,shkc,C,2026-04-14,[],0,0,buy,A+,,22.575,41.925,9.4,buy,2032-03-17,5.559,3.25,1236.17,1760.79,2.83,-2.39,,0,14:59:29,00,Y,N,0,0,Y,,未到转股期；2026-09-24 开始转股,计算使用5.6年期 评级为A+ 债参考YTM：5.1827,N,3.25,全价：134.629 最后更新：14:59:29,,,,0,{'M': ''},0,0,N,,,buy,buy
2026-08-27 18:22:10,127085,韵达转债,ydzz,121.902,-0.17,002120,韵达股份,ydgf,6.69,0.15,0.9,11.53,58.02,0,110.09,231.99,420804,交通运输,szmb,C,2023-05-23,[],0,0,buy,AA+,,8.071,14.989,13.0,buy,2029-04-11,2.625,24.499,1387.82,21054.14,0.46,-3.47,,0,15:34:00,00,Y,N,0,0,Y,,2023-10-17 开始转股,计算使用2.7年期 评级为AA+ 债参考YTM：1.6836,N,24.5,全价：121.902 最后更新：15:34:00,,,,0,{'M': ''},0,0,N,,,buy,buy
2026-08-27 18:22:10,123196,正元转02,zyz02,127.4,-0.38,300645,正元智慧,zyzh,13.26,0.08,1.7,21.91,60.52,0,110.51,237.91,710103,计算机,szcy,C,2023-05-19,[],0,0,buy,A+,,15.337,28.483,19.0,buy,2029-04-18,2.644,3.501,1707.68,4203.26,3.82,-2.81,,0,15:34:42,00,Y,N,2,1,Y,转股价下修2次，成功下修1次,2023-10-24 开始转股,计算使用2.7年期 评级为A+ 债参考YTM：4.4877,N,3.507,全价：127.400 最后更新：15:34:42,,,,0,[],0,0,N,,,buy,buy
2026-08-27 18:22:10,123113,仙乐转债,xlzz,115.433,-0.39,300791,仙乐健康,xljk,17.37,0.06,1.81,31.69,54.81,0,110.6,226.03,340407,食品饮料,szcy,C,2021-05-14,[],0,0,buy,AA-,,22.183,41.197,22.9,buy,2027-04-19,0.644,10.248,1587.91,2846.42,1.34,-3.27,,0,15:34:24,00,Y,N,0,0,Y,,2021-10-25 开始转股,计算使用0.7年期 评级为AA- 债参考YTM：1.7964,N,10.249,全价：115.433 最后更新：15:34:24,,,,0,[],0,0,N,,,buy,buy
2026-08-27 18:22:10,118076,先锋转债,xfzz,177.265,12.69,688605,先锋精科,xfjk,72.65,3.7,8.81,86.4,84.09,168,110.81,288.08,270108,电子,shkc,C,2026-08-26,[],0,0,buy,AA,,60.48,112.32,9.5,buy,2032-08-05,5.945,7.5,310010.46,24913.21,239.33,-7.29,,0,15:00:00,00,Y,N,0,0,Y,,未到转股期；2027-02-12 开始转股,计算使用6.0年期 评级为AA 债参考YTM：2.1131,N,7.5,全价：177.265 最后更新：15:00:00,,,,0,{'M': ''},0,0,N,,,buy,buy
2026-08-27 18:22:10,123138,丝路转债,slzz,128.784,-0.06,300556,丝路视觉,slsj,16.19,-0.31,4.63,26.53,61.03,0,111.03,239.81,710401,计算机,szcy,C,2022-03-22,[],0,0,buy,A-,,18.571,34.489,13.6,buy,2028-03-02,1.515,2.393,770.11,4098.32,2.5,-5.96,,0,15:34:33,00,Y,N,0,0,Y,,2022-09-08 开始转股,计算使用1.6年期 评级为A- 债参考YTM：8.9729,N,2.4,全价：128.784 最后更新：15:34:33,,,,0,[],0,0,N,,,buy,buy
2026-08-27 18:22:10,113666,爱玛转债,amzz,122.73,-0.2,603529,爱玛科技,amkj,21.48,-2.14,1.83,37.06,57.96,0,111.75,234.48,280401,汽车,shmb,C,2023-03-20,[],0,0,buy,AA,,25.942,48.178,10.9,buy,2029-02-23,2.496,19.994,1734.73,16468.92,0.71,-3.21,,0,14:59:43,00,Y,N,0,0,Y,,2023-09-01 开始转股,计算使用2.5年期 评级为AA 债参考YTM：1.7049,N,20.0,全价：122.730 最后更新：14:59:43,,,,0,{'M': ''},0,0,N,,,buy,buy
2026-08-27 18:22:10,113700,海天转债,htzz,131.613,-0.83,603759,海天股份,htgf,7.7,-3.75,1.22,12.41,62.05,0,112.12,243.73,760102,环保,shmb,C,2026-03-12,[],0,0,buy,AA,,8.687,16.133,22.5,buy,2032-02-05,5.447,8.01,2540.32,10688.92,2.4,-2.71,,0,14:59:59,00,Y,N,0,0,Y,,2026-08-11 开始转股,计算使用5.5年期 评级为AA 债参考YTM：1.9638,N,8.01,全价：131.613 最后更新：14:59:59,,,,0,[],0,0,N,,,buy,buy
2026-08-27 18:22:10,123265,耐普转02,npz02,138.7,0.58,300818,耐普矿机,npkj,19.14,-0.21,2.24,29.5,64.88,0,113.77,252.47,640103,机械设备,szcy,C,2026-01-30,[],0,0,buy,A+,,20.65,38.35,16.5,buy,2032-01-16,5.392,4.499,1751.59,5012.2,2.81,-2.86,,0,15:34:09,00,Y,N,0,0,Y,,2026-07-22 开始转股,计算使用5.4年期 评级为A+ 债参考YTM：4.9809,N,4.5,全价：138.700 最后更新：15:34:09,,,,0,[],0,0,N,,,buy,buy
2026-08-27 18:22:10,113693,志邦转债,zbzz,124.14,-0.24,603801,志邦家居,zbjj,6.4,-2.14,0.87,11.13,57.5,0,115.89,240.03,360308,轻工制造,shmb,C,2025-04-08,[],0,0,buy,AA,,7.791,14.469,24.1,buy,2031-03-18,4.559,6.7,3197.27,21426.4,3.84,-1.83,,0,14:59:22,00,Y,N,0,0,Y,,2025-09-24 开始转股,计算使用4.6年期 评级为AA 债参考YTM：1.8435,N,6.7,全价：124.140 最后更新：14:59:22,,,,0,[],0,0,N,,,buy,buy
2026-08-27 18:22:10,118075,奥普转债,apzz,199.259,15.53,688686,奥普特,apt,137.05,4.19,5.25,150.03,91.35,160,118.13,317.39,640704,机械设备,shkc,C,2026-08-19,[],0,0,buy,AA,,105.021,195.039,7.6,buy,2032-07-28,5.923,12.7,129328.68,29726.68,54.99,-9.15,,0,14:59:59,00,Y,N,0,0,Y,,未到转股期；2027-02-04 开始转股,计算使用6.0年期 评级为AA 债参考YTM：2.1131,N,12.7,全价：199.259 最后更新：14:59:59,,,,0,{'M': ''},0,0,N,,,buy,buy
2026-08-27 18:22:10,113638,台21转债,t21zz,127.873,1.17,603055,台华新材,thxc,9.3,0.32,1.49,16.01,58.09,0,120.13,248.0,350106,纺织服饰,shmb,C,2022-01-21,[],0,0,buy,AA,,11.207,20.813,7.3,buy,2027-12-29,1.34,5.997,5590.41,30999.15,7.34,-8.44,,0,14:59:44,00,Y,N,0,0,Y,,2022-07-05 开始转股,计算使用1.4年期 评级为AA 债参考YTM：1.6286,N,6.0,全价：127.873 最后更新：14:59:44,,,,0,{'M': ''},0,0,N,,,buy,buy
2026-08-27 18:22:10,111009,盛泰转债,stzz,124.394,0.19,605138,盛泰集团,stjt,5.88,-0.68,1.3,10.51,55.95,0,122.34,246.73,350209,纺织服饰,shmb,C,2022-12-01,[],0,0,buy,AA,,7.357,13.663,21.5,buy,2028-11-07,2.2,7.011,1253.81,1712.54,1.44,-4.24,,0,14:59:00,00,Y,N,0,0,Y,,2023-05-11 开始转股,计算使用2.2年期 评级为AA 债参考YTM：1.6890,N,7.012,全价：124.394 最后更新：14:59:00,,,,0,[],0,0,N,,,buy,buy
2026-08-27 18:22:10,127044,蒙娜转债,mnzz,116.601,0.11,002918,蒙娜丽莎,mnls,10.3,2.28,1.27,19.76,52.13,0,123.69,240.29,360306,轻工制造,szmb,C,2021-09-16,[],0,0,buy,AA-,,13.832,25.688,15.3,buy,2027-08-16,0.97,3.368,1917.86,10950.94,4.88,-4.07,,0,15:34:18,00,Y,N,1,1,Y,转股价下修1次，成功下修1次,2022-02-21 开始转股,计算使用1.0年期 评级为AA- 债参考YTM：1.8495,N,11.689,全价：116.601 最后更新：15:34:18,,,,1,[],0,0,N,,,buy,buy
2026-08-27 18:22:10,127062,垒知转债,lzzz,126.2,0.41,002398,垒知集团,lzjt,4.21,-0.94,0.76,7.56,55.69,0,126.62,252.82,610303,建筑材料,szmb,C,2022-05-20,[],0,0,buy,AA-,,5.292,9.828,15.7,buy,2028-04-21,1.652,3.957,1067.62,3943.16,2.14,-4.53,,0,15:34:27,00,Y,N,0,0,Y,,2022-10-27 开始转股,计算使用1.7年期 评级为AA- 债参考YTM：1.9480,N,3.963,全价：126.200 最后更新：15:34:27,,,,0,[],0,0,N,,,buy,buy
2026-08-27 18:22:10,123175,百畅转债,bczz,119.955,-0.57,300614,百川畅银,bccy,10.78,-0.83,1.95,20.4,52.84,0,127.0,246.96,760103,环保,szcy,C,2023-03-17,[],0,0,buy,BBB+,,14.28,26.52,24.3,buy,2029-02-22,2.493,4.199,2366.34,2115.83,4.7,-1.26,,0,15:34:42,00,Y,N,3,2,Y,转股价下修3次，成功下修2次,2023-08-28 开始转股,计算使用2.5年期 评级为BBB+ 债参考YTM：12.2961,Y,4.2,全价：119.955 最后更新：15:34:42,,,"按下调到底估算
股东大会：2026-09-15
预估转股价：10.79
预估转股价值：99.91
期权价值：29.70
理论价值：117.41
理论偏离度：2.12%",0,{'M': ''},0,0,N,,,buy,buy
2026-08-27 18:22:10,118068,迪威转债,dwzz,134.008,0.05,688377,迪威尔,dwe,19.15,-1.03,2.33,32.49,58.94,104,127.36,261.37,640203,机械设备,shkc,C,2026-06-30,[],0,0,buy,AA-,,22.743,42.237,20.3,buy,2032-06-03,5.773,9.08,2354.64,3052.56,1.93,-2.84,,0,14:59:52,00,Y,N,0,0,Y,,未到转股期；2026-12-10 开始转股,计算使用5.8年期 评级为AA- 债参考YTM：3.0209,N,9.08,全价：134.008 最后更新：14:59:52,,,,0,{'M': ''},0,0,N,,,buy,buy
2026-08-27 18:22:10,118022,锂科转债,lkzz,121.876,0.19,688779,五矿新能,wkxn,8.16,0.0,2.08,15.49,52.68,0,131.36,253.24,630702,电力设备,shkc,C,2022-11-07,[],0,0,buy,AA,,10.843,20.137,20.6,buy,2028-10-11,2.126,32.497,1482.67,17371.32,0.38,-3.44,,0,14:58:56,00,Y,N,0,0,Y,,2023-04-17 开始转股,计算使用2.2年期 评级为AA 债参考YTM：1.6890,N,32.5,全价：121.876 最后更新：14:58:56,,,,0,{'M': ''},0,0,N,,,buy,buy
2026-08-27 18:22:10,123260,卓镁转债,zmzz,143.0,0.23,301398,星源卓镁,xyzm,31.87,0.16,3.2,52.15,61.11,0,134.0,277.0,280202,汽车,szcy,C,2025-11-24,[],0,0,buy,A+,,36.505,67.795,12.9,buy,2031-11-07,5.2,4.499,2976.61,6881.45,4.63,-3.54,,0,15:34:15,00,Y,N,0,0,Y,,2026-05-13 开始转股,计算使用5.2年期 评级为A+ 债参考YTM：4.8166,N,4.5,全价：143.000 最后更新：15:34:15,,,,0,{'M': ''},0,0,N,,,buy,buy
2026-08-27 18:22:10,118042,奥维转债,awzz,127.931,0.2,688516,奥特维,atw,45.55,0.77,3.78,83.69,54.43,0,135.05,262.98,630505,电力设备,shkc,C,2023-09-01,[],0,0,buy,AA-,,58.583,108.797,8.0,buy,2029-08-10,2.956,11.399,2136.87,48484.13,1.47,-2.6,,0,14:58:56,00,Y,N,0,0,Y,,2024-02-19 开始转股,计算使用3.0年期 评级为AA- 债参考YTM：2.2176,N,11.4,全价：127.931 最后更新：14:58:56,,,,0,{'M': ''},0,0,N,,,buy,buy
2026-08-27 18:22:10,118066,统联转债,tlzz,132.011,0.07,688210,统联精密,tljm,31.15,-0.13,3.88,56.2,55.43,9,138.17,270.18,270504,电子,shkc,C,2026-03-20,[],0,0,buy,AA-,,39.34,73.06,11.4,buy,2032-03-02,5.518,5.76,1248.83,20120.2,1.64,-2.7,,0,14:59:37,00,Y,N,0,0,Y,,未到转股期；2026-09-06 开始转股,计算使用5.6年期 评级为AA- 债参考YTM：2.8337,N,5.76,全价：132.011 最后更新：14:59:37,,,,0,{'M': ''},0,0,N,,,buy,buy
2026-08-27 18:22:10,123090,三诺转债,snzz,111.584,0.0,300298,三诺生物,snsw,16.13,-0.31,2.92,34.52,46.73,0,138.8,250.38,370502,医药生物,szcy,C,2021-01-12,[],0,0,buy,AA,,24.164,44.876,6.9,buy,2026-12-21,0.318,4.984,1849.73,4434.35,3.33,1.17,,0,15:34:18,00,Y,N,0,0,Y,,2021-06-25 开始转股,计算使用0.4年期 评级为AA 债参考YTM：1.5285,N,5.0,全价：111.584 最后更新：15:34:18,,,,0,{'M': ''},0,0,N,,,buy,buy
2026-08-27 18:22:10,111014,李子转债,lzzz,123.884,-0.31,605337,李子园,lzy,9.24,-0.22,2.17,18.21,50.74,0,144.15,268.03,340701,食品饮料,shmb,C,2023-07-13,[],0,0,buy,AA,,12.747,23.673,16.7,buy,2029-06-20,2.816,5.999,2477.48,2671.01,3.33,-2.55,,0,14:59:59,00,Y,N,0,0,Y,,2023-12-28 开始转股,计算使用2.9年期 评级为AA 债参考YTM：1.7225,N,6.0,全价：123.884 最后更新：14:59:59,,,,0,[],0,0,N,,,buy,buy
2026-08-27 18:22:10,118015,芯海转债,xhzz,128.666,0.35,688595,芯海科技,xhkj,28.67,5.17,5.8,55.22,51.92,0,147.82,276.49,270104,电子,shkc,C,2022-08-18,[],0,0,buy,A+,,38.654,71.786,9.9,buy,2028-07-21,1.901,4.1,1076.44,9309.91,2.04,-4.76,,0,14:59:33,00,Y,N,0,0,Y,,2023-01-30 开始转股,计算使用2.0年期 评级为A+ 债参考YTM：4.3243,N,4.1,全价：128.666 最后更新：14:59:33,,,,1,{'M': ''},0,0,N,,,buy,buy
2026-08-27 18:22:10,113650,博22转债,b22zz,124.605,0.2,603916,苏博特,sbt,11.5,1.32,1.11,23.27,49.42,0,152.14,276.75,220309,基础化工,shmb,C,2022-07-28,[],0,0,buy,AA-,,16.289,30.251,16.5,buy,2028-07-01,1.847,7.996,2181.68,9244.53,2.19,-3.39,,0,14:59:51,00,Y,N,0,0,Y,,2023-01-09 开始转股,计算使用1.9年期 评级为AA- 债参考YTM：1.9714,N,8.0,全价：124.605 最后更新：14:59:51,,,,0,{'M': ''},0,0,N,,,buy,buy
2026-08-27 18:22:10,123180,浙矿转债,zkzz,130.1,-0.69,300837,浙矿股份,zkgf,22.92,-0.82,1.6,47.59,48.16,0,170.13,300.23,640203,机械设备,szcy,C,2023-03-28,[],0,0,buy,AA-,,33.313,61.867,18.4,buy,2029-03-09,2.534,3.196,1256.53,3235.9,3.02,-3.68,,0,15:34:30,00,Y,N,0,0,Y,,2023-09-15 开始转股,计算使用2.6年期 评级为AA- 债参考YTM：2.1148,N,3.2,全价：130.100 最后更新：15:34:30,,,,0,[],0,0,N,,,buy,buy
2026-08-27 18:22:10,113049,长汽转债,cqzz,106.992,-0.03,601633,长城汽车,ccqc,15.29,-0.84,1.5,38.74,39.47,0,171.08,278.07,280502,汽车,shmb,C,2021-07-08,[],0,0,buy,AAA,,27.118,50.362,3.7,buy,2027-06-10,0.786,34.95,2798.03,15553.61,0.75,0.01,,0,14:59:53,00,Y,N,0,0,Y,,2021-12-17 开始转股,计算使用0.8年期 评级为AAA 债参考YTM：1.5194,N,35.0,全价：106.992 最后更新：14:59:53,,,,1,{'M': ''},0,0,N,,,buy,buy
2026-08-27 18:22:10,123117,健帆转债,jfzz,113.802,-0.17,300529,健帆生物,jfsw,15.9,-0.75,3.67,38.15,41.68,0,173.05,286.85,370503,医药生物,szcy,C,2021-07-12,[],0,0,buy,AA,,26.705,49.595,12.3,buy,2027-06-23,0.822,9.998,1947.88,7917.23,1.71,-4.08,,0,15:34:27,00,Y,N,2,2,Y,转股价下修2次，成功下修2次,2021-12-29 开始转股,计算使用0.9年期 评级为AA 债参考YTM：1.5767,N,10.0,全价：113.802 最后更新：15:34:27,,,,0,{'M': ''},0,0,N,,,buy,buy
2026-08-27 18:22:10,127098,欧晶转债,ojzz,125.728,-0.19,001269,欧晶科技,ojkj,19.05,-0.1,4.81,42.0,45.36,0,177.2,302.93,630504,电力设备,szmb,C,2023-12-15,[],0,0,buy,A+,,29.4,54.6,12.8,buy,2029-11-24,3.247,4.693,781.5,2744.03,1.32,-2.47,,0,15:34:30,00,Y,N,1,1,Y,转股价下修1次，成功下修1次,2024-05-30 开始转股,计算使用3.3年期 评级为A+ 债参考YTM：4.6190,N,4.7,全价：125.728 最后更新：15:34:30,,,,0,[],0,0,N,,,buy,buy
2026-08-27 18:22:10,123151,康医转债,kyzz,120.657,0.14,300869,康泰医学,ktyx,11.6,0.52,2.7,27.55,42.11,0,186.56,307.22,370502,医药生物,szcy,C,2022-07-20,[],0,0,buy,A+,,19.285,35.815,22.9,buy,2028-07-01,1.847,6.998,882.31,4244.79,1.05,-1.44,,0,15:34:39,00,Y,N,0,0,Y,,2023-01-09 开始转股,计算使用1.9年期 评级为A+ 债参考YTM：4.3110,N,7.0,全价：120.657 最后更新：15:34:39,,,,0,{'M': ''},0,0,N,,,buy,buy
2026-08-27 18:22:10,123250,嘉益转债,jyzz,126.648,0.59,301004,嘉益股份,jygf,35.2,-1.84,2.77,79.66,44.19,0,186.61,313.26,360311,轻工制造,szcy,C,2024-11-26,[],0,0,buy,A+,,55.762,103.558,8.3,buy,2030-11-07,4.2,3.955,739.05,2407.43,1.48,-1.56,,0,15:33:54,00,Y,N,0,0,Y,,2025-05-13 开始转股,计算使用4.2年期 评级为A+ 债参考YTM：4.6881,N,3.979,全价：126.648 最后更新：15:33:54,,,,0,{'M': ''},0,0,N,,,buy,buy
2026-08-27 18:22:10,123267,珂玛转债,kmzz,317.7,2.25,301611,珂玛科技,kmkj,103.04,4.09,23.74,97.47,105.72,55,200.53,518.23,270103,电子,szcy,C,2026-05-13,[],0,0,buy,AA,,68.229,126.711,5.0,buy,2032-04-15,5.638,7.5,45874.94,94178.11,19.48,-16.82,,0,15:34:03,00,Y,N,0,0,Y,,未到转股期；2026-10-22 开始转股,计算使用5.7年期 评级为AA 债参考YTM：2.0271,N,7.5,全价：317.700 最后更新：15:34:03,,,,0,{'M': ''},0,0,N,,,buy,buy
2026-08-27 18:22:10,113670,金23转债,j23zz,124.359,0.11,603180,金牌家居,jpjj,15.35,-1.03,0.92,37.54,40.89,0,204.13,328.49,360308,轻工制造,shmb,C,2023-05-16,[],0,0,buy,AA,,26.278,48.802,32.5,buy,2029-04-17,2.641,7.7,1043.54,1227.14,1.09,-1.9,,0,14:58:24,00,Y,N,0,0,Y,,2023-10-23 开始转股,计算使用2.7年期 评级为AA 债参考YTM：1.7136,N,7.7,全价：124.359 最后更新：14:58:24,,,,0,[],0,0,N,,,buy,buy
2026-08-27 18:22:10,113660,寿22转债,s22zz,125.879,0.27,603896,寿仙谷,sxg,14.71,-0.41,1.28,36.84,39.93,0,215.25,341.13,370201,医药生物,shmb,C,2022-12-12,[],0,0,buy,AA-,,25.788,47.892,13.6,buy,2028-11-17,2.227,3.977,408.95,2160.26,0.82,-3.87,,0,14:58:42,00,Y,N,0,0,Y,,2023-05-23 开始转股,计算使用2.3年期 评级为AA- 债参考YTM：2.0398,N,3.98,全价：125.879 最后更新：14:58:42,,,,0,[],0,0,N,,,buy,buy
2026-08-27 18:22:10,110085,通22转债,t22zz,114.986,-0.26,600438,通威股份,twgf,11.9,-0.92,1.59,34.6,34.39,0,234.33,349.32,630501,电力设备,shmb,C,2022-03-18,[],0,0,buy,AAA,,24.22,44.98,22.4,buy,2028-02-24,1.496,119.831,6524.16,41759.98,0.47,-2.48,,0,14:59:50,00,Y,N,0,0,Y,,2022-09-02 开始转股,计算使用1.5年期 评级为AAA 债参考YTM：1.5407,N,120.0,全价：114.986 最后更新：14:59:50,,,,0,{'M': ''},0,0,N,,,buy,buy
2026-08-27 18:22:10,128135,洽洽转债,qqzz,114.753,0.01,002557,洽洽食品,qqsp,18.5,-0.48,1.84,54.95,33.67,0,240.85,355.6,340801,食品饮料,szmb,C,2020-11-18,[],0,0,buy,AA,,38.465,71.435,14.4,buy,2026-10-20,0.148,13.398,697.21,11562.81,0.45,1.48,,0,15:34:45,00,Y,N,0,0,Y,,2021-04-26 开始转股,计算使用0.2年期 评级为AA 债参考YTM：1.4999,N,13.4,全价：114.753 最后更新：15:34:45,,,,1,{'M': ''},0,0,N,,,buy,buy
2026-08-27 18:22:10,118032,建龙转债,jlzz,125.784,0.18,688357,建龙微纳,jlwn,26.33,-1.39,1.43,71.41,36.87,0,241.14,366.92,220309,基础化工,shkc,C,2023-04-07,[],0,0,buy,AA-,,49.987,92.833,26.6,buy,2029-03-08,2.532,6.999,879.58,2706.88,1.0,-2.37,,0,14:59:42,00,Y,N,0,0,Y,,2023-09-14 开始转股,计算使用2.6年期 评级为AA- 债参考YTM：2.1148,N,7.0,全价：125.784 最后更新：14:59:42,,,,0,{'M': ''},0,0,N,,,buy,buy
2026-08-27 18:22:10,118005,天奈转债,tnzz,123.474,0.04,688116,天奈科技,tnkj,33.58,0.96,3.17,99.01,33.92,0,264.06,387.53,630702,电力设备,shkc,C,2022-03-01,[],0,0,buy,AA-,,69.307,128.713,6.7,buy,2028-01-27,1.419,8.299,1036.69,20586.27,1.01,-6.84,,0,14:59:44,00,Y,N,0,0,Y,,2022-08-09 开始转股,计算使用1.5年期 评级为AA- 债参考YTM：1.9252,N,8.3,全价：123.474 最后更新：14:59:44,,,,0,{'M': ''},0,0,N,,,buy,buy
2026-08-27 18:22:10,113633,科沃转债,kwzz,113.487,-0.06,603486,科沃斯,kws,53.03,-1.39,3.02,172.97,30.66,0,270.16,383.65,330302,家用电器,shmb,C,2021-12-29,[],0,0,buy,AA,,121.079,224.861,3.4,buy,2027-11-30,1.26,10.396,1325.98,31553.71,1.12,-1.2,,0,14:58:56,00,Y,N,0,0,Y,,2022-06-06 开始转股,计算使用1.3年期 评级为AA 债参考YTM：1.6203,N,10.4,全价：113.487 最后更新：14:58:56,,,,0,{'M': ''},0,0,N,,,buy,buy
2026-08-27 18:22:10,127025,冀东转债,jdzz,105.722,0.0,000401,金隅冀东,jyjd,3.62,-0.55,0.36,12.92,28.02,0,277.33,383.05,610101,建筑材料,szmb,C,2020-12-02,[],0,0,buy,AAA,,9.044,16.796,18.6,buy,2026-11-05,0.192,17.764,2977.78,2641.28,1.59,1.39,,0,15:34:06,00,Y,Y,0,0,Y,,2021-05-11 开始转股,计算使用0.2年期 评级为AAA 债参考YTM：1.4632,N,28.2,全价：105.722 最后更新：15:34:06,,,,0,{'M': ''},0,0,N,,,buy,buy
2026-08-27 18:22:10,123072,乐歌转债,lgzz,119.732,-0.03,300729,乐歌股份,lggf,10.28,-1.34,0.95,32.61,31.52,0,279.81,399.54,360311,轻工制造,szcy,C,2020-11-10,[],0,0,buy,A+,,22.827,42.393,4.2,buy,2026-10-21,0.151,1.418,761.28,2040.69,4.48,1.51,,0,15:34:21,00,Y,N,0,0,Y,,2021-04-27 开始转股,计算使用0.2年期 评级为A+ 债参考YTM：4.0499,N,1.42,全价：119.732 最后更新：15:34:21,,,,0,[],0,0,N,,,buy,buy
2026-08-27 18:22:10,118010,洁特转债,jtzz,125.185,0.23,688026,洁特生物,jtsw,15.65,0.64,1.84,47.88,32.69,0,282.99,408.18,370503,医药生物,shkc,C,2022-08-02,[],0,0,buy,A+,,33.516,62.244,20.0,buy,2028-06-28,1.838,4.399,828.5,4925.94,1.51,-6.02,,0,14:58:47,00,Y,N,0,0,Y,,2023-01-04 开始转股,计算使用1.9年期 评级为A+ 债参考YTM：4.3110,N,4.4,全价：125.185 最后更新：14:58:47,,,,0,{'M': ''},0,0,N,,,buy,buy
2026-08-27 18:22:10,123270,盛德转债,sdzz,234.0,0.42,300881,盛德鑫泰,sdxt,31.49,-0.19,2.6,53.68,58.66,101,298.89,532.89,230501,钢铁,szcy,C,2026-06-12,[],0,0,buy,A+,,37.576,69.784,22.4,buy,2032-05-31,5.764,4.05,19753.43,2930.71,20.8,-11.35,,0,15:34:03,00,Y,N,0,0,Y,,未到转股期；2026-12-07 开始转股,计算使用5.8年期 评级为A+ 债参考YTM：5.3705,N,4.05,全价：234.000 最后更新：15:34:03,,,,0,{'M': ''},0,0,N,,,buy,buy
2026-08-27 18:22:10,123273,三江转债,sjzz,357.98,2.31,301059,金三江,jsj,11.84,0.25,4.09,14.43,82.05,118,336.29,694.27,220309,基础化工,szcy,C,2026-07-03,[],0,0,buy,A+,,10.101,18.759,11.9,buy,2032-06-16,5.808,2.9,83848.43,6612.87,82.13,-17.47,,0,15:34:18,00,Y,N,0,0,Y,,未到转股期；2026-12-24 开始转股,计算使用5.9年期 评级为A+ 债参考YTM：5.4432,N,2.9,全价：357.980 最后更新：15:34:18,,,,0,{'M': ''},0,0,N,,,buy,buy
2026-08-27 18:22:10,123179,立高转债,lgzz,123.385,0.48,300973,立高食品,lgsp,25.05,0.8,1.55,94.64,26.47,0,366.15,489.54,340802,食品饮料,szcy,C,2023-03-27,[],0,0,buy,AA-,,66.248,123.032,32.0,buy,2029-03-07,2.529,9.499,1029.4,4599.23,0.88,-1.51,,0,15:34:45,00,Y,N,0,0,Y,,2023-09-13 开始转股,计算使用2.6年期 评级为AA- 债参考YTM：2.1148,N,9.5,全价：123.385 最后更新：15:34:45,,,,0,{'M': ''},0,0,N,,,buy,buy
2026-08-27 18:22:10,113059,福莱转债,flzz,119.068,-0.09,601865,福莱特,flt,9.94,-1.68,1.08,41.56,23.92,0,397.83,516.9,630504,电力设备,shmb,C,2022-06-13,[],0,0,buy,AA,,29.092,54.028,21.2,buy,2028-05-20,1.732,39.999,2418.01,20926.77,0.51,-2.61,,0,14:59:51,00,Y,N,1,0,Y,转股价下修1次，成功下修0次,2022-11-28 开始转股,计算使用1.8年期 评级为AA 债参考YTM：1.6585,N,40.0,全价：119.068 最后更新：14:59:51,,,,0,{'M': ''},0,0,N,,,buy,buy
